2008.11.17 01:00:09.503,1.4691,1.4698,1.20,1.20
2008.11.17 01:00:10.333,1.4691,1.4698,2.40,1.20
2008.11.17 01:00:14.393,1.469,1.4698,3.00,1.20
2008.11.17 01:00:14.812,1.4691,1.4698,2.40,1.20
2008.11.17 01:00:15.732,1.469,1.4698,3.00,1.20
2008.11.17 01:00:18.231,1.4691,1.4698,2.40,1.20
2008.11.17 01:00:19.500,1.469,1.4698,3.00,1.20
2008.11.17 01:00:19.780,1.4691,1.4698,2.40,1.20
2008.11.17 01:00:23.190,1.469,1.4698,3.00,1.20
2008.11.17 01:00:23.689,1.469,1.4698,3.00,1.20
2008.11.17 01:00:28.559,1.4691,1.4698,2.40,1.20
2008.11.17 01:00:29.008,1.469,1.4698,2.40,1.20
2008.11.17 01:00:29.418,1.4691,1.4698,2.40,1.20
2008.11.17 01:00:30.038,1.469,1.4698,2.40,1.20
2008.11.17 01:00:30.398,1.4691,1.4698,2.40,1.20
2008.11.17 01:00:31.818,1.469,1.4698,2.40,1.20
2008.11.17 01:00:33.098,1.4691,1.4698,2.40,1.20
2008.11.17 01:00:35.707,1.469,1.4698,2.40,1.20
2008.11.17 01:00:48.554,1.4691,1.4698,2.40,1.20
2008.11.17 01:00:49.083,1.469,1.4698,2.40,1.20
2008.11.17 01:00:49.354,1.469,1.4698,2.40,1.20
2008.11.17 01:00:57.402,1.4691,1.4698,2.40,1.20
2008.11.17 01:00:57.622,1.469,1.4698,2.40,1.20
2008.11.17 01:01:04.120,1.4691,1.4698,2.40,1.20
2008.11.17 01:01:05.329,1.46895,1.4698,2.40,1.20
2008.11.17 01:01:05.550,1.469,1.4698,2.40,1.20
2008.11.17 01:01:44.880,1.469,1.4698,2.40,1.20
2008.11.17 01:02:01.096,1.469,1.4699,2.40,1.20
2008.11.17 01:02:14.213,1.469,1.4699,3.00,1.20
2008.11.17 01:02:14.503,1.469,1.4699,3.00,1.20
2008.11.17 01:02:40.577,1.469,1.4699,1.00,1.20
2008.11.17 01:02:43.636,1.469,1.4699,3.00,1.20
2008.11.17 01:02:44.036,1.469,1.4699,1.00,1.20
2008.11.17 01:03:04.041,1.469,1.4698,1.00,1.20
2008.11.17 01:03:07.200,1.469,1.4697,1.00,1.00
2008.11.17 01:03:14.598,1.4689,1.4697,2.40,1.00
2008.11.17 01:03:20.717,1.4689,1.4697,1.00,1.00
2008.11.17 01:03:23.016,1.4689,1.4697,1.20,1.00
2008.11.17 01:03:23.296,1.4689,1.4697,3.60,1.00
2008.11.17 01:03:23.536,1.469,1.4697,1.00,1.00
2008.11.17 01:03:40.472,1.4689,1.46945,1.00,1.00
2008.11.17 01:03:40.582,1.4688,1.46925,1.80,2.50
2008.11.17 01:03:47.340,1.46875,1.469,1.00,1.00
2008.11.17 01:03:47.510,1.4687,1.469,1.20,1.00
2008.11.17 01:03:48.470,1.4687,1.4689,1.20,2.40
2008.11.17 01:03:50.080,1.4687,1.4688,1.20,2.40
2008.11.17 01:03:51.759,1.4685,1.4686,2.04,1.00
2008.11.17 01:03:51.920,1.4675,1.4686,2.40,1.00
2008.11.17 01:03:52.269,1.4672,1.4686,1.00,1.00
2008.11.17 01:03:52.499,1.4673,1.4686,2.40,1.00
2008.11.17 01:03:52.909,1.4675,1.4684,1.00,2.40
2008.11.17 01:03:53.359,1.4674,1.4685,1.00,3.00
2008.11.17 01:03:53.710,1.4673,1.4684,1.00,2.40
2008.11.17 01:03:54.099,1.4672,1.4684,2.40,2.40
2008.11.17 01:03:54.439,1.4673,1.4684,2.40,2.40
2008.11.17 01:03:55.199,1.4673,1.46815,2.40,1.00
2008.11.17 01:03:55.498,1.4669,1.46815,2.40,1.00
2008.11.17 01:03:55.749,1.4669,1.46805,1.00,2.40
2008.11.17 01:03:56.038,1.4666,1.46805,2.40,2.40
2008.11.17 01:03:56.218,1.4665,1.4678,2.40,2.40
2008.11.17 01:03:56.798,1.4666,1.4678,2.40,2.40
2008.11.17 01:03:57.478,1.4666,1.4678,2.40,2.40
2008.11.17 01:03:57.598,1.4668,1.468,1.00,2.40
2008.11.17 01:03:58.218,1.467,1.4682,1.00,2.40
2008.11.17 01:03:58.378,1.4669,1.4681,1.00,2.40
2008.11.17 01:03:58.548,1.467,1.4681,1.00,2.40
2008.11.17 01:03:58.898,1.46725,1.4685,2.40,12.00
2008.11.17 01:03:59.658,1.46725,1.4685,2.40,12.00
2008.11.17 01:04:10.965,1.4674,1.4684,1.00,12.00
2008.11.17 01:04:11.075,1.4674,1.4684,1.00,12.00
2008.11.17 01:04:11.525,1.4674,1.4684,2.40,12.00
2008.11.17 01:04:11.585,1.4675,1.4684,2.40,12.00
2008.11.17 01:04:11.875,1.4674,1.4684,2.40,12.00
2008.11.17 01:04:12.564,1.4674,1.4684,2.40,12.00
2008.11.17 01:04:13.674,1.4676,1.4684,1.00,12.00
2008.11.17 01:04:14.034,1.4679,1.4684,1.00,12.00
2008.11.17 01:04:14.324,1.468,1.4684,1.00,12.00
2008.11.17 01:04:14.904,1.4681,1.4684,1.00,12.00
2008.11.17 01:04:40.218,1.4678,1.4684,1.00,12.00
2008.11.17 01:04:40.438,1.4678,1.4684,1.00,12.00
2008.11.17 01:04:59.613,1.468,1.4684,1.00,12.00
2008.11.17 01:05:00.083,1.4681,1.4684,1.00,12.00
2008.11.17 01:05:14.709,1.4682,1.4684,1.00,12.00
2008.11.17 01:05:42.043,1.4682,1.4696,1.00,2.40
2008.11.17 01:05:52.260,1.4684,1.4696,1.00,2.40
2008.11.17 01:06:23.313,1.4684,1.4695,1.00,1.00
2008.11.17 01:06:23.433,1.4682,1.4694,2.40,2.40
2008.11.17 01:06:23.723,1.4682,1.4694,2.40,2.40
2008.11.17 01:06:59.064,1.4682,1.4694,2.80,2.40
2008.11.17 01:06:59.474,1.4682,1.4694,1.00,2.40
2008.11.17 01:07:08.862,1.4682,1.4694,1.00,2.40
2008.11.17 01:07:08.972,1.4682,1.4694,1.00,2.40
2008.11.17 01:07:16.300,1.4682,1.4694,1.00,2.40
2008.11.17 01:07:16.600,1.4682,1.4694,2.80,2.40
2008.11.17 01:07:16.710,1.4682,1.4694,2.80,2.40
2008.11.17 01:07:18.779,1.46845,1.4694,1.00,2.40
2008.11.17 01:07:19.819,1.46825,1.4694,1.00,2.40
2008.11.17 01:07:20.869,1.4682,1.4694,2.80,2.40
2008.11.17 01:07:21.259,1.4684,1.4694,1.00,2.40
2008.11.17 01:07:21.609,1.4681,1.4694,2.80,2.40
2008.11.17 01:07:26.128,1.46835,1.4694,1.00,2.40
2008.11.17 01:07:26.578,1.46825,1.4694,1.00,2.40
2008.11.17 01:07:27.157,1.4682,1.4694,2.40,2.40
2008.11.17 01:07:28.557,1.4684,1.4694,1.00,2.40
2008.11.17 01:07:33.566,1.46845,1.4694,1.00,2.40
2008.11.17 01:07:34.956,1.4685,1.4694,1.00,2.40
2008.11.17 01:07:35.185,1.4683,1.4694,2.40,2.40
2008.11.17 01:07:36.475,1.46855,1.4694,1.00,2.40
2008.11.17 01:07:36.935,1.46845,1.4694,1.00,2.40
2008.11.17 01:07:48.342,1.46845,1.4694,1.00,2.40
2008.11.17 01:07:51.911,1.4684,1.4694,1.00,2.40
2008.11.17 01:07:58.630,1.46845,1.4694,1.00,2.40
2008.11.17 01:08:17.065,1.46875,1.46955,1.80,1.00
2008.11.17 01:08:19.745,1.46935,1.46965,1.00,1.00
2008.11.17 01:08:20.075,1.46935,1.46955,1.00,1.00
2008.11.17 01:08:21.314,1.4695,1.46955,1.00,1.00
2008.11.17 01:08:21.894,1.4695,1.4696,1.00,1.20
2008.11.17 01:08:22.184,1.4695,1.4698,1.00,1.20
2008.11.17 01:08:22.304,1.4695,1.4699,1.00,6.60
2008.11.17 01:08:45.998,1.4695,1.4699,1.00,6.00
2008.11.17 01:08:46.678,1.4695,1.4699,2.40,6.00
2008.11.17 01:08:46.908,1.46965,1.4699,1.00,6.00
2008.11.17 01:08:47.418,1.46965,1.4699,1.20,6.00
2008.11.17 01:08:52.427,1.4697,1.4699,1.00,6.00
2008.11.17 01:08:52.547,1.46955,1.4699,1.80,6.00
2008.11.17 01:08:52.897,1.46945,1.4699,1.00,6.00
2008.11.17 01:08:57.516,1.4694,1.4699,1.80,6.00
2008.11.17 01:08:57.975,1.46945,1.4699,1.80,6.00
2008.11.17 01:08:58.445,1.46945,1.4699,1.80,6.00
2008.11.17 01:08:58.615,1.4695,1.4699,1.00,6.00
2008.11.17 01:08:58.735,1.4695,1.4699,1.80,6.00
2008.11.17 01:08:59.645,1.4696,1.4699,1.00,6.00
2008.11.17 01:09:02.265,1.46955,1.4699,1.80,6.00
2008.11.17 01:09:10.532,1.4696,1.4699,1.00,6.00
2008.11.17 01:09:15.341,1.4694,1.4699,1.80,6.00
2008.11.17 01:09:56.002,1.4694,1.4699,1.80,6.00
2008.11.17 01:09:56.172,1.4694,1.4699,1.00,6.00
2008.11.17 01:09:56.291,1.46915,1.4699,1.20,6.00
2008.11.17 01:10:00.781,1.46924,1.46944,15.10,6.00
2008.11.17 01:10:04.635,1.46925,1.4695,6.00,1.20
2008.11.17 01:10:05.833,1.46911,1.46947,1.00,3.60
2008.11.17 01:10:34.822,1.46875,1.46935,1.80,9.60
2008.11.17 01:10:40.340,1.46879,1.46899,1.20,1.20
2008.11.17 01:10:44.846,1.46859,1.46919,3.60,1.00
2008.11.17 01:10:46.508,1.46877,1.46912,1.80,1.20
2008.11.17 01:10:52.548,1.46896,1.46911,3.30,1.50
2008.11.17 01:10:52.767,1.46896,1.46931,1.80,3.60
2008.11.17 01:10:54.440,1.46921,1.46931,1.00,4.80
2008.11.17 01:10:54.644,1.46915,1.4695,1.30,1.80
2008.11.17 01:11:05.223,1.4692,1.46955,3.60,1.00
2008.11.17 01:11:10.414,1.46931,1.46956,1.80,9.60
2008.11.17 01:11:20.802,1.46927,1.46943,1.20,1.20
2008.11.17 01:11:26.979,1.46896,1.46921,6.00,2.40
2008.11.17 01:11:28.474,1.46877,1.46907,1.80,3.00
2008.11.17 01:11:39.695,1.46874,1.46909,3.30,1.50
2008.11.17 01:11:43.666,1.46886,1.46906,1.00,1.20
2008.11.17 01:11:44.162,1.46884,1.46914,2.10,1.00
2008.11.17 01:11:58.878,1.46879,1.46919,1.30,1.20
2008.11.17 01:12:00.114,1.46901,1.46936,6.00,2.40
2008.11.17 01:12:01.734,1.46887,1.46922,1.20,1.20
2008.11.17 01:12:02.184,1.46889,1.46919,1.00,3.60
2008.11.17 01:12:18.554,1.46911,1.46931,3.30,1.50
2008.11.17 01:12:36.978,1.46929,1.46933,1.30,1.80
2008.11.17 01:12:38.041,1.46913,1.46943,6.00,1.20
2008.11.17 01:12:42.188,1.4691,1.46935,1.50,3.00
2008.11.17 01:12:46.705,1.46895,1.46945,15.10,6.00
2008.11.17 01:12:49.594,1.46913,1.46933,1.20,1.20
2008.11.17 01:12:52.199,1.46905,1.46955,5.20,1.20
2008.11.17 01:12:53.621,1.46925,1.46945,1.30,1.20
2008.11.17 01:13:07.905,1.4692,1.46945,1.20,1.00
2008.11.17 01:13:08.065,1.4692,1.46935,1.20,1.30
2008.11.17 01:13:08.175,1.46875,1.46935,2.40,1.30
2008.11.17 01:13:08.415,1.4686,1.46975,1.00,2.40
2008.11.17 01:13:08.585,1.46905,1.46975,1.20,2.40
2008.11.17 01:13:08.755,1.46905,1.46995,1.20,2.40
2008.11.17 01:13:08.875,1.46905,1.47005,1.20,2.40
2008.11.17 01:13:09.045,1.46905,1.47015,1.20,3.40
2008.11.17 01:13:14.294,1.4692,1.47,1.20,1.00
2008.11.17 01:13:38.558,1.4693,1.47,1.00,1.00
2008.11.17 01:14:01.943,1.46915,1.4698,6.00,1.30
2008.11.17 01:14:02.362,1.4692,1.4698,2.40,3.10
2008.11.17 01:14:03.122,1.46925,1.4698,2.40,3.10
2008.11.17 01:14:03.292,1.46925,1.4698,3.00,1.00
2008.11.17 01:14:03.502,1.46925,1.47,3.00,1.00
2008.11.17 01:14:04.422,1.46935,1.47,2.40,1.00
2008.11.17 01:14:04.592,1.4694,1.47,1.20,1.00
2008.11.17 01:14:08.741,1.46945,1.47,1.50,1.00
2008.11.17 01:14:08.971,1.4695,1.47005,1.00,4.30
2008.11.17 01:14:09.560,1.4696,1.47005,1.00,4.30
2008.11.17 01:14:10.110,1.46945,1.47005,1.50,4.30
2008.11.17 01:14:10.660,1.46995,1.47005,1.00,4.30
2008.11.17 01:14:11.241,1.4695,1.47005,6.00,4.30
2008.11.17 01:14:11.470,1.46995,1.47005,1.00,4.30
2008.11.17 01:14:12.170,1.4698,1.47005,1.00,4.30
2008.11.17 01:14:12.460,1.4695,1.47005,12.00,4.30
2008.11.17 01:14:12.640,1.4697,1.47005,12.00,4.30
2008.11.17 01:14:37.504,1.46995,1.47005,1.00,4.30
2008.11.17 01:14:39.083,1.47,1.47005,1.00,4.30
2008.11.17 01:14:39.373,1.46985,1.47005,2.40,4.30
2008.11.17 01:14:39.553,1.4699,1.47005,1.00,4.30
2008.11.17 01:14:39.673,1.47,1.47005,1.00,4.30
2008.11.17 01:14:40.143,1.46955,1.47005,1.20,4.30
2008.11.17 01:15:13.475,1.46995,1.47005,1.00,4.30
2008.11.17 01:15:13.645,1.46985,1.47005,3.00,4.30
2008.11.17 01:15:13.755,1.47,1.47005,1.00,4.30
2008.11.17 01:15:14.335,1.46985,1.47005,2.40,4.30
2008.11.17 01:15:14.695,1.46955,1.47005,1.00,4.30
2008.11.17 01:15:15.095,1.46945,1.47005,6.00,4.30
2008.11.17 01:15:25.652,1.46985,1.47005,1.00,4.30
2008.11.17 01:15:40.708,1.47,1.47005,1.00,3.10
2008.11.17 01:16:21.429,1.47,1.4711,1.00,2.40
2008.11.17 01:16:21.778,1.47,1.4712,1.00,4.80
2008.11.17 01:16:38.125,1.47,1.471,1.00,2.40
2008.11.17 01:16:56.360,1.4701,1.47085,1.00,1.20
2008.11.17 01:17:04.578,1.47025,1.47075,1.00,1.20
2008.11.17 01:17:04.748,1.47025,1.47075,1.30,1.20
2008.11.17 01:17:04.868,1.47035,1.4711,1.00,1.20
2008.11.17 01:17:06.188,1.47035,1.471,1.30,1.20
2008.11.17 01:17:31.502,1.47065,1.4713,1.00,1.20
2008.11.17 01:17:31.702,1.47105,1.4713,1.20,1.20
2008.11.17 01:17:31.992,1.47105,1.47145,1.20,1.80
2008.11.17 01:17:37.200,1.4711,1.4715,1.80,9.00
2008.11.17 01:17:37.430,1.4711,1.4715,1.80,7.80
2008.11.17 01:17:37.650,1.4711,1.47145,1.20,1.20
2008.11.17 01:17:37.820,1.47095,1.47145,1.20,1.20
2008.11.17 01:17:39.730,1.471,1.47145,1.20,2.40
2008.11.17 01:17:44.009,1.471,1.4713,1.20,1.20
2008.11.17 01:17:54.946,1.471,1.47145,1.20,1.20
2008.11.17 01:18:16.801,1.471,1.4715,1.20,6.00
2008.11.17 01:18:36.866,1.4711,1.4715,1.00,6.00
2008.11.17 01:18:38.746,1.47095,1.4715,1.20,6.00
2008.11.17 01:18:40.587,1.4712,1.4715,1.00,6.00
2008.11.17 01:18:42.025,1.4713,1.4715,1.00,6.00
2008.11.17 01:18:43.415,1.4714,1.4715,1.00,6.00
2008.11.17 01:18:45.504,1.4716,1.47165,1.00,1.20
2008.11.17 01:18:45.724,1.4717,1.47175,1.00,2.40
2008.11.17 01:18:46.314,1.47145,1.4717,1.00,1.20
2008.11.17 01:18:46.864,1.47105,1.4717,1.50,1.20
2008.11.17 01:18:47.213,1.4711,1.47175,1.00,1.20
2008.11.17 01:18:55.591,1.4712,1.4717,1.00,1.20
2008.11.17 01:19:02.120,1.4712,1.4718,1.00,3.00
2008.11.17 01:19:02.280,1.4712,1.4718,1.00,1.20
2008.11.17 01:19:02.450,1.4712,1.47185,1.00,1.20
2008.11.17 01:19:07.339,1.4712,1.4719,1.00,1.20
2008.11.17 01:19:11.848,1.47105,1.47195,1.50,1.20
2008.11.17 01:19:12.208,1.4711,1.4724,1.00,6.00
2008.11.17 01:19:12.427,1.4711,1.4721,1.00,3.60
2008.11.17 01:19:12.887,1.4711,1.4721,1.00,2.40
2008.11.17 01:19:13.517,1.4711,1.47195,1.00,1.20
2008.11.17 01:19:14.777,1.4711,1.4724,1.00,4.90
2008.11.17 01:19:15.057,1.4711,1.4722,1.00,1.20
2008.11.17 01:19:18.986,1.4711,1.4722,1.00,1.20
2008.11.17 01:19:20.305,1.4712,1.4722,1.00,1.20
2008.11.17 01:19:20.765,1.47105,1.4721,1.00,2.40
2008.11.17 01:20:19.011,1.4711,1.4721,1.00,3.60
2008.11.17 01:20:19.291,1.4711,1.4721,1.00,2.40
2008.11.17 01:20:22.101,1.4711,1.4721,1.00,3.60
2008.11.17 01:20:22.440,1.4711,1.4721,1.00,2.40
2008.11.17 01:20:23.071,1.4711,1.47195,1.00,1.20
2008.11.17 01:20:24.070,1.4711,1.47195,1.00,1.20
2008.11.17 01:20:24.350,1.4711,1.4719,1.00,1.20
2008.11.17 01:20:24.570,1.4711,1.47195,1.00,1.20
2008.11.17 01:20:26.859,1.4711,1.4724,1.00,4.80
2008.11.17 01:20:27.620,1.4711,1.4724,1.00,6.00
2008.11.17 01:20:27.909,1.4711,1.4723,1.00,8.40
2008.11.17 01:20:28.529,1.4711,1.4723,1.00,7.20
2008.11.17 01:20:28.809,1.4711,1.4719,1.00,1.20
2008.11.17 01:20:29.039,1.4711,1.47235,1.00,1.20
2008.11.17 01:20:30.619,1.4711,1.47185,1.00,1.20
2008.11.17 01:20:34.598,1.4711,1.47235,1.00,1.20
2008.11.17 01:20:34.768,1.4711,1.4719,1.00,1.80
2008.11.17 01:20:35.647,1.4711,1.47175,1.00,1.20
2008.11.17 01:20:36.287,1.47145,1.47165,1.00,1.80
2008.11.17 01:20:36.667,1.4711,1.47165,1.00,1.80
2008.11.17 01:20:37.027,1.4709,1.47155,1.00,1.20
2008.11.17 01:20:38.617,1.4711,1.47165,1.00,1.80
2008.11.17 01:20:38.846,1.4711,1.47155,1.00,1.20
2008.11.17 01:20:38.947,1.4711,1.47155,1.00,1.20
2008.11.17 01:20:42.036,1.4711,1.4715,1.00,1.20
2008.11.17 01:20:45.765,1.4711,1.4715,1.00,3.00
2008.11.17 01:20:46.485,1.4711,1.47145,1.00,1.20
2008.11.17 01:20:53.023,1.4711,1.4715,1.00,3.00
2008.11.17 01:21:01.591,1.47095,1.4715,1.00,1.20
2008.11.17 01:21:01.951,1.47055,1.4715,1.00,1.20
2008.11.17 01:21:02.251,1.47045,1.4715,1.00,1.20
2008.11.17 01:21:02.551,1.4705,1.4716,1.00,2.40
2008.11.17 01:21:03.071,1.4705,1.4716,1.00,2.40
2008.11.17 01:21:03.571,1.4705,1.4715,1.00,1.20
2008.11.17 01:21:43.951,1.4705,1.4716,1.00,1.20
2008.11.17 01:21:44.001,1.4705,1.4717,1.00,3.60
2008.11.17 01:21:44.291,1.4705,1.4716,1.00,1.20
2008.11.17 01:21:45.750,1.4705,1.4717,1.00,2.40
2008.11.17 01:21:46.100,1.4707,1.4717,1.00,1.20
2008.11.17 01:21:50.619,1.4707,1.47165,1.00,1.20
2008.11.17 01:21:51.679,1.4707,1.472,1.00,6.00
2008.11.17 01:21:52.939,1.4707,1.47165,1.00,1.20
2008.11.17 01:21:54.278,1.4707,1.4716,1.00,1.20
2008.11.17 01:21:57.628,1.4707,1.47155,1.00,1.20
2008.11.17 01:22:02.847,1.4707,1.4719,1.00,2.40
2008.11.17 01:22:03.646,1.4707,1.47155,1.00,1.80
2008.11.17 01:22:03.876,1.4708,1.47155,1.00,1.80
2008.11.17 01:22:04.926,1.4708,1.4712,1.00,1.20
2008.11.17 01:22:05.746,1.4708,1.47115,1.00,1.20
2008.11.17 01:22:06.036,1.4708,1.4712,1.00,1.20
2008.11.17 01:22:06.555,1.4708,1.47185,1.00,2.40
2008.11.17 01:22:07.305,1.4708,1.47195,1.00,2.40
2008.11.17 01:22:07.775,1.4708,1.47145,1.00,1.20
2008.11.17 01:22:16.803,1.4708,1.47195,1.00,2.40
2008.11.17 01:22:17.843,1.4708,1.4715,1.00,1.20
2008.11.17 01:22:19.003,1.4708,1.4714,1.00,1.20
2008.11.17 01:22:19.932,1.4708,1.47195,1.00,2.40
2008.11.17 01:22:21.392,1.47065,1.4715,1.00,1.20
2008.11.17 01:22:23.471,1.4708,1.47135,1.00,1.20
2008.11.17 01:22:23.701,1.47055,1.47135,1.00,1.20
2008.11.17 01:22:25.431,1.4708,1.47135,1.00,1.20
2008.11.17 01:22:25.551,1.47055,1.47135,1.00,1.20
2008.11.17 01:22:27.470,1.4708,1.47135,1.00,1.20
2008.11.17 01:22:27.760,1.47035,1.47135,1.50,1.20
2008.11.17 01:22:29.320,1.4707,1.47135,1.00,1.20
2008.11.17 01:22:29.960,1.47035,1.47135,1.50,1.20
2008.11.17 01:22:31.739,1.4707,1.47135,1.00,1.20
2008.11.17 01:22:32.019,1.47035,1.47135,1.50,1.20
2008.11.17 01:22:33.399,1.4707,1.47135,1.00,1.20
2008.11.17 01:22:33.569,1.47035,1.47135,1.50,1.20
2008.11.17 01:22:35.468,1.4706,1.47135,1.00,1.20
2008.11.17 01:22:35.938,1.47045,1.47135,1.50,1.20
2008.11.17 01:22:37.868,1.4706,1.4713,1.00,1.00
2008.11.17 01:22:38.268,1.47045,1.4713,1.50,2.50
2008.11.17 01:22:39.477,1.4705,1.47135,1.00,1.20
2008.11.17 01:22:39.638,1.4705,1.47135,1.00,1.20
2008.11.17 01:22:39.748,1.4705,1.4712,1.00,1.00
2008.11.17 01:22:39.967,1.4705,1.4713,1.00,1.00
2008.11.17 01:22:40.197,1.4705,1.4713,1.00,2.50
2008.11.17 01:22:41.117,1.4705,1.4712,1.00,3.70
2008.11.17 01:22:41.687,1.47035,1.4714,3.60,2.40
2008.11.17 01:22:41.987,1.4705,1.4712,1.00,1.00
2008.11.17 01:22:42.337,1.4705,1.4712,1.00,1.00
2008.11.17 01:22:42.567,1.4705,1.4712,1.00,3.70
2008.11.17 01:22:42.857,1.4705,1.4712,1.00,2.50
2008.11.17 01:22:43.446,1.4705,1.4711,1.00,1.00
2008.11.17 01:22:43.777,1.47035,1.471,4.80,1.30
2008.11.17 01:22:44.016,1.4705,1.471,1.00,1.00
2008.11.17 01:22:44.296,1.4705,1.471,1.00,2.50
2008.11.17 01:22:45.656,1.4705,1.47105,1.00,1.20
2008.11.17 01:22:45.896,1.4705,1.47095,1.00,1.00
2008.11.17 01:22:47.286,1.4705,1.47095,1.00,2.50
2008.11.17 01:22:47.625,1.4705,1.4711,1.00,1.20
2008.11.17 01:22:47.895,1.47035,1.4709,3.60,1.30
2008.11.17 01:22:48.166,1.4705,1.471,1.00,1.20
2008.11.17 01:22:48.726,1.4706,1.471,1.00,1.20
2008.11.17 01:22:49.245,1.4707,1.471,1.00,1.20
2008.11.17 01:22:52.264,1.4708,1.471,1.00,1.20
2008.11.17 01:22:57.863,1.47065,1.471,1.00,1.20
2008.11.17 01:23:26.726,1.47045,1.471,1.50,1.20
2008.11.17 01:23:38.963,1.47045,1.471,1.00,1.20
2008.11.17 01:23:39.253,1.47005,1.471,1.00,1.20
2008.11.17 01:23:42.132,1.4704,1.471,1.00,1.20
2008.11.17 01:23:51.290,1.47005,1.471,1.00,1.20
2008.11.17 01:23:52.650,1.4702,1.471,1.00,1.20
2008.11.17 01:23:59.688,1.4702,1.471,1.00,1.20
2008.11.17 01:24:03.657,1.4704,1.471,1.00,1.20
2008.11.17 01:24:39.229,1.4708,1.471,1.00,1.20
2008.11.17 01:24:39.569,1.4708,1.47175,1.00,3.10
2008.11.17 01:24:40.089,1.4708,1.47175,1.00,3.70
2008.11.17 01:24:41.088,1.47095,1.4716,1.00,3.10
2008.11.17 01:24:42.958,1.47085,1.4715,1.00,1.00
2008.11.17 01:24:43.237,1.47065,1.4715,3.60,1.00
2008.11.17 01:24:43.398,1.4707,1.4716,3.60,4.80
2008.11.17 01:24:43.628,1.4707,1.4716,3.60,3.60
2008.11.17 01:24:44.977,1.4707,1.4716,3.60,4.80
2008.11.17 01:24:46.927,1.47105,1.47155,1.00,1.80
2008.11.17 01:24:47.337,1.47105,1.47155,1.00,3.00
2008.11.17 01:24:57.144,1.4711,1.47155,1.00,3.00
2008.11.17 01:24:57.494,1.47065,1.4716,6.00,1.20
2008.11.17 01:24:57.734,1.4707,1.4716,6.00,1.20
2008.11.17 01:24:58.124,1.4707,1.4716,6.00,2.40
2008.11.17 01:25:01.433,1.4708,1.4716,6.00,3.60
2008.11.17 01:25:06.472,1.4708,1.4716,6.00,2.40
2008.11.17 01:25:15.020,1.471,1.4716,1.00,2.40
2008.11.17 01:25:15.190,1.471,1.47175,1.00,1.20
2008.11.17 01:25:16.459,1.471,1.47155,1.80,1.00
2008.11.17 01:25:16.680,1.471,1.4714,1.80,1.00
2008.11.17 01:25:16.859,1.471,1.4714,1.80,1.00
2008.11.17 01:25:17.139,1.47085,1.4714,3.60,1.00
2008.11.17 01:25:18.719,1.4711,1.4714,1.00,1.20
2008.11.17 01:25:18.769,1.4711,1.47185,1.00,1.20
2008.11.17 01:25:19.799,1.4712,1.47175,1.00,1.20
2008.11.17 01:25:21.138,1.4712,1.4718,1.00,1.20
2008.11.17 01:25:23.058,1.4706,1.47185,12.00,1.20
2008.11.17 01:25:23.178,1.47065,1.4717,12.00,2.40
2008.11.17 01:25:33.896,1.4712,1.4719,1.00,1.80
2008.11.17 01:25:34.705,1.4712,1.4718,1.00,1.20
2008.11.17 01:25:39.574,1.47105,1.47175,1.50,1.20
2008.11.17 01:25:39.924,1.4711,1.4718,1.00,1.20
2008.11.17 01:25:40.104,1.4711,1.4718,1.00,2.40
2008.11.17 01:25:40.274,1.4711,1.4717,1.00,1.20
2008.11.17 01:25:40.564,1.47065,1.4717,18.00,1.20
2008.11.17 01:25:40.674,1.4707,1.4716,18.00,2.40
2008.11.17 01:25:41.014,1.4707,1.4716,18.00,3.60
2008.11.17 01:25:49.122,1.4708,1.4716,18.00,2.40
2008.11.17 01:25:52.731,1.471,1.4716,1.00,2.40
2008.11.17 01:25:52.911,1.471,1.47175,1.00,1.20
2008.11.17 01:25:58.039,1.471,1.4719,1.00,3.60
2008.11.17 01:25:58.329,1.471,1.4719,1.00,2.40
2008.11.17 01:25:58.439,1.471,1.47195,1.00,1.20
2008.11.17 01:25:58.599,1.471,1.472,1.00,4.20
2008.11.17 01:26:03.658,1.471,1.472,1.00,5.40
2008.11.17 01:26:05.318,1.47085,1.47175,3.60,1.30
2008.11.17 01:26:13.186,1.471,1.4716,1.20,1.30
2008.11.17 01:26:13.926,1.471,1.4715,1.20,3.00
2008.11.17 01:26:14.086,1.471,1.4715,1.20,1.00
2008.11.17 01:26:14.376,1.471,1.4715,1.20,1.80
2008.11.17 01:26:14.435,1.471,1.4715,1.20,4.20
2008.11.17 01:26:14.666,1.471,1.4714,1.20,2.40
2008.11.17 01:26:15.645,1.47075,1.4714,18.00,2.40
2008.11.17 01:26:17.335,1.47095,1.4714,1.00,2.40
2008.11.17 01:26:17.515,1.47095,1.4716,1.00,1.30
2008.11.17 01:26:17.755,1.47095,1.4716,1.00,1.30
2008.11.17 01:26:22.224,1.47085,1.4715,1.00,1.00
2008.11.17 01:26:22.743,1.47075,1.4714,18.00,2.40
2008.11.17 01:26:26.363,1.4708,1.4716,18.00,2.40
2008.11.17 01:26:27.353,1.471,1.4716,1.00,2.40
2008.11.17 01:26:27.702,1.471,1.4718,1.00,1.00
2008.11.17 01:26:36.620,1.4711,1.4718,1.00,1.00
2008.11.17 01:26:41.779,1.4712,1.4718,1.00,1.00
2008.11.17 01:26:46.468,1.47105,1.4718,1.00,1.00
2008.11.17 01:26:46.708,1.4711,1.4718,1.00,1.00
2008.11.17 01:26:47.158,1.4711,1.4718,1.00,1.00
2008.11.17 01:26:47.448,1.4711,1.4718,1.00,1.00
2008.11.17 01:26:47.967,1.4711,1.4718,1.00,1.00
2008.11.17 01:26:48.238,1.4711,1.4718,1.00,1.00
2008.11.17 01:26:51.247,1.4711,1.4718,1.00,1.00
2008.11.17 01:26:54.406,1.4712,1.4718,1.00,1.00
2008.11.17 01:26:54.526,1.47105,1.4718,1.50,1.00
2008.11.17 01:26:54.636,1.4711,1.4718,1.00,1.00
2008.11.17 01:27:20.540,1.4711,1.4718,3.00,1.00
2008.11.17 01:27:20.760,1.4711,1.4718,2.70,1.00
2008.11.17 01:27:22.090,1.4711,1.4718,2.70,1.00
2008.11.17 01:27:22.449,1.4711,1.4718,2.70,1.00
2008.11.17 01:27:28.358,1.4711,1.4718,2.70,1.00
2008.11.17 01:27:28.518,1.4712,1.4718,1.00,1.00
2008.11.17 01:27:28.748,1.47105,1.4718,3.40,1.00
2008.11.17 01:27:29.617,1.4714,1.47225,1.20,2.50
2008.11.17 01:27:30.187,1.47155,1.47225,1.00,1.20
2008.11.17 01:27:30.417,1.4718,1.47225,1.00,1.20
2008.11.17 01:27:30.587,1.47195,1.4723,1.00,1.20
2008.11.17 01:27:41.505,1.47155,1.4723,2.50,1.20
2008.11.17 01:27:51.032,1.4717,1.4723,1.80,2.40
2008.11.17 01:27:53.702,1.4717,1.47225,1.80,1.20
2008.11.17 01:27:53.882,1.4717,1.4723,1.80,2.40
2008.11.17 01:27:57.021,1.4717,1.47225,1.80,1.20
2008.11.17 01:27:57.361,1.4717,1.4723,1.80,1.20
2008.11.17 01:28:03.589,1.4717,1.4721,1.80,1.20
2008.11.17 01:28:03.759,1.4717,1.4721,1.80,3.00
2008.11.17 01:28:03.929,1.4717,1.47205,1.80,1.20
2008.11.17 01:28:04.119,1.4717,1.472,1.80,1.20
2008.11.17 01:28:04.619,1.4717,1.47205,1.80,1.80
2008.11.17 01:28:05.709,1.4717,1.47195,1.80,1.80
2008.11.17 01:28:05.989,1.4717,1.47195,1.20,1.80
2008.11.17 01:28:06.339,1.4717,1.472,1.20,1.20
2008.11.17 01:28:07.788,1.4717,1.47195,1.20,1.20
2008.11.17 01:28:07.958,1.4717,1.47255,1.20,3.60
2008.11.17 01:28:08.768,1.4717,1.47215,1.20,1.20
2008.11.17 01:28:08.888,1.4717,1.47255,1.20,3.60
2008.11.17 01:28:09.458,1.4717,1.47245,1.20,2.40
2008.11.17 01:28:09.788,1.4717,1.47255,1.20,3.60
2008.11.17 01:28:10.448,1.4717,1.4721,1.20,1.20
2008.11.17 01:28:11.128,1.4717,1.4722,1.20,1.20
2008.11.17 01:28:16.446,1.4717,1.4721,1.20,1.20
2008.11.17 01:28:16.956,1.4717,1.47215,1.20,1.20
2008.11.17 01:28:22.115,1.4717,1.47205,1.20,1.20
2008.11.17 01:28:23.895,1.4717,1.4721,1.20,1.20
2008.11.17 01:28:25.804,1.4717,1.47215,1.20,3.00
2008.11.17 01:28:26.024,1.4717,1.47215,1.20,1.20
2008.11.17 01:28:27.253,1.4717,1.4722,1.20,1.20
2008.11.17 01:28:28.343,1.4717,1.4723,1.20,1.20
2008.11.17 01:28:35.002,1.47125,1.47195,1.00,1.00
2008.11.17 01:28:35.122,1.4713,1.47185,1.00,1.00
2008.11.17 01:28:35.302,1.47095,1.47185,6.00,1.00
2008.11.17 01:28:35.472,1.47085,1.47185,1.60,1.00
2008.11.17 01:28:38.311,1.471,1.4718,1.00,1.80
2008.11.17 01:28:38.591,1.4712,1.472,1.00,1.20
2008.11.17 01:28:39.131,1.4713,1.472,1.00,1.20
2008.11.17 01:28:57.486,1.4714,1.472,1.00,1.80
2008.11.17 01:28:57.666,1.47115,1.472,1.00,1.80
2008.11.17 01:28:58.696,1.47105,1.472,1.00,1.80
2008.11.17 01:29:00.346,1.4713,1.472,1.00,1.20
2008.11.17 01:29:00.796,1.4713,1.472,1.00,2.40
2008.11.17 01:29:03.415,1.4712,1.4719,1.80,1.20
2008.11.17 01:29:08.593,1.47135,1.472,1.00,2.40
2008.11.17 01:29:20.681,1.47145,1.472,1.00,1.20
2008.11.17 01:29:20.911,1.4715,1.472,1.00,1.20
2008.11.17 01:29:29.989,1.4714,1.472,1.00,1.20
2008.11.17 01:29:30.748,1.47125,1.472,1.50,1.20
2008.11.17 01:30:06.560,1.4714,1.472,1.00,1.20
2008.11.17 01:31:04.046,1.4716,1.472,1.00,1.20
2008.11.17 01:31:04.346,1.4718,1.472,1.00,1.20
2008.11.17 01:31:04.816,1.4719,1.472,1.00,1.20
2008.11.17 01:31:05.055,1.4719,1.47275,1.00,1.20
2008.11.17 01:31:09.644,1.4715,1.4726,1.00,1.20
2008.11.17 01:31:12.104,1.4716,1.4725,1.00,1.00
2008.11.17 01:31:12.444,1.4718,1.4725,1.00,1.00
2008.11.17 01:31:12.784,1.4718,1.4725,1.00,1.80
2008.11.17 01:31:17.603,1.4718,1.4725,1.00,1.20
2008.11.17 01:31:28.340,1.4718,1.47235,1.00,1.20
2008.11.17 01:31:28.580,1.4718,1.47235,1.00,3.00
2008.11.17 01:31:29.709,1.4718,1.47225,1.00,1.80
2008.11.17 01:31:30.049,1.4718,1.47225,1.00,3.00
2008.11.17 01:31:30.470,1.4718,1.47225,1.00,1.20
2008.11.17 01:31:30.640,1.4718,1.4723,1.00,1.20
2008.11.17 01:31:33.819,1.4718,1.47235,1.00,1.80
2008.11.17 01:31:34.089,1.4718,1.4724,1.00,1.20
2008.11.17 01:31:35.718,1.4718,1.47235,1.00,1.20
2008.11.17 01:31:44.626,1.4718,1.4723,1.00,1.20
2008.11.17 01:31:50.554,1.4718,1.4723,1.00,3.00
2008.11.17 01:31:51.754,1.4718,1.47225,1.00,1.20
2008.11.17 01:31:54.334,1.4718,1.47225,1.00,3.00
2008.11.17 01:31:54.674,1.4718,1.4722,1.00,1.80
2008.11.17 01:31:54.844,1.4718,1.47215,1.00,1.20
2008.11.17 01:31:55.923,1.4718,1.4721,1.00,1.20
2008.11.17 01:31:56.313,1.4718,1.47225,1.00,1.80
2008.11.17 01:31:56.603,1.4718,1.4722,1.00,3.00
2008.11.17 01:31:57.533,1.4718,1.4723,1.00,1.20
2008.11.17 01:31:59.522,1.4718,1.47235,1.00,3.00
2008.11.17 01:31:59.803,1.4718,1.47235,1.00,1.20
2008.11.17 01:32:00.422,1.4718,1.4725,1.00,1.00
2008.11.17 01:32:03.122,1.4718,1.4726,1.00,3.60
2008.11.17 01:32:03.291,1.4717,1.4724,1.80,1.30
2008.11.17 01:32:03.472,1.4717,1.4724,1.80,1.30
2008.11.17 01:32:05.481,1.4718,1.4724,1.00,1.80
2008.11.17 01:32:05.711,1.4718,1.4726,1.00,1.20
2008.11.17 01:32:05.941,1.4718,1.4726,1.00,2.40
2008.11.17 01:32:07.580,1.4718,1.47245,1.00,1.20
2008.11.17 01:32:10.860,1.4718,1.4724,1.00,1.20
2008.11.17 01:32:37.683,1.4718,1.47235,1.00,1.20
2008.11.17 01:32:40.203,1.4718,1.4724,1.00,1.20
2008.11.17 01:32:44.801,1.4718,1.47235,1.00,1.20
2008.11.17 01:32:45.412,1.4718,1.47235,1.00,3.00
2008.11.17 01:32:45.651,1.4718,1.47235,1.00,1.80
2008.11.17 01:32:45.771,1.4718,1.4723,1.00,1.80
2008.11.17 01:32:45.931,1.4718,1.47225,1.00,1.20
2008.11.17 01:32:47.671,1.4718,1.47225,1.00,3.00
2008.11.17 01:32:50.540,1.4718,1.47225,1.00,1.80
2008.11.17 01:32:50.780,1.4718,1.4723,1.00,1.20
2008.11.17 01:32:52.150,1.4718,1.4723,1.00,3.00
2008.11.17 01:32:52.440,1.4718,1.47225,1.00,1.20
2008.11.17 01:32:53.819,1.4718,1.47215,1.00,1.20
2008.11.17 01:32:54.199,1.4718,1.4722,1.00,1.20
2008.11.17 01:32:57.958,1.4718,1.4722,1.00,3.00
2008.11.17 01:32:58.188,1.4718,1.47215,1.00,1.80
2008.11.17 01:32:59.828,1.4718,1.4721,1.00,1.20
2008.11.17 01:32:59.878,1.4718,1.4721,1.00,1.20
2008.11.17 01:33:00.278,1.4718,1.4721,1.00,3.00
2008.11.17 01:33:00.488,1.4718,1.4721,1.00,1.20
2008.11.17 01:33:00.668,1.4718,1.47215,1.00,3.00
2008.11.17 01:33:02.247,1.4718,1.47215,1.00,1.20
2008.11.17 01:33:02.587,1.4718,1.4722,1.00,1.80
2008.11.17 01:33:07.626,1.4718,1.4723,1.00,1.20
2008.11.17 01:33:07.806,1.4718,1.47235,1.00,1.20
2008.11.17 01:33:11.825,1.4718,1.47235,1.00,1.20
2008.11.17 01:33:12.635,1.4718,1.4723,1.00,1.20
2008.11.17 01:33:13.734,1.4718,1.4723,1.00,3.00
2008.11.17 01:33:14.414,1.4718,1.47225,1.00,1.80
2008.11.17 01:33:14.924,1.4718,1.4722,1.00,1.20
2008.11.17 01:33:16.774,1.4718,1.47215,1.00,1.20
2008.11.17 01:33:17.243,1.4718,1.47215,1.00,3.00
2008.11.17 01:33:17.813,1.4718,1.4721,1.00,3.00
2008.11.17 01:33:19.613,1.4718,1.47205,1.00,1.20
2008.11.17 01:33:20.773,1.4718,1.472,1.00,1.20
2008.11.17 01:33:25.262,1.4717,1.472,1.80,1.20
2008.11.17 01:33:30.270,1.4717,1.472,1.80,3.00
2008.11.17 01:33:31.770,1.47165,1.472,1.00,3.00
2008.11.17 01:33:31.950,1.4716,1.47205,1.00,3.00
2008.11.17 01:33:32.300,1.4716,1.472,1.00,1.80
2008.11.17 01:33:32.990,1.4716,1.47185,1.00,1.20
2008.11.17 01:33:33.510,1.4716,1.47185,1.00,3.00
2008.11.17 01:33:33.860,1.4716,1.4718,1.00,1.20
2008.11.17 01:33:34.380,1.4716,1.47185,1.00,3.00
2008.11.17 01:33:34.619,1.4716,1.47185,1.00,1.20
2008.11.17 01:33:40.698,1.4716,1.4718,1.00,1.20
2008.11.17 01:33:43.067,1.4716,1.47185,1.00,1.20
2008.11.17 01:33:46.007,1.4716,1.4718,1.00,1.20
2008.11.17 01:33:49.806,1.4716,1.47195,1.00,1.80
2008.11.17 01:33:50.246,1.4716,1.4719,1.00,1.80
2008.11.17 01:33:51.695,1.4716,1.4718,1.00,1.20
2008.11.17 01:33:52.745,1.4714,1.47175,6.00,1.20
2008.11.17 01:33:55.214,1.4714,1.47175,6.00,3.00
2008.11.17 01:33:55.944,1.4714,1.4717,6.00,1.20
2008.11.17 01:33:57.234,1.4714,1.47175,6.00,3.00
2008.11.17 01:33:57.644,1.4714,1.4718,6.00,1.80
2008.11.17 01:33:58.374,1.4716,1.4718,1.00,1.80
2008.11.17 01:33:58.714,1.4714,1.4717,6.00,1.20
2008.11.17 01:34:00.313,1.4714,1.47175,6.00,1.80
2008.11.17 01:34:00.433,1.4716,1.47175,1.00,1.80
2008.11.17 01:34:00.673,1.4716,1.4717,1.00,1.80
2008.11.17 01:34:01.663,1.4714,1.4717,6.00,3.00
2008.11.17 01:34:01.953,1.4714,1.4717,6.00,1.20
2008.11.17 01:34:02.233,1.4714,1.47165,6.00,1.20
2008.11.17 01:34:03.992,1.4712,1.47155,1.20,1.20
2008.11.17 01:34:04.162,1.4712,1.47155,1.00,1.20
2008.11.17 01:34:08.272,1.4712,1.4716,1.00,3.00
2008.11.17 01:34:08.681,1.4714,1.4716,6.00,1.20
2008.11.17 01:34:08.971,1.4714,1.4717,6.00,1.20
2008.11.17 01:34:13.780,1.4714,1.47165,6.00,1.20
2008.11.17 01:34:30.036,1.4714,1.47165,6.00,3.00
2008.11.17 01:34:31.466,1.4714,1.4716,6.00,1.20
2008.11.17 01:34:32.176,1.4714,1.47165,6.00,3.00
2008.11.17 01:34:33.795,1.4714,1.4716,6.00,1.20
2008.11.17 01:34:35.005,1.4714,1.47165,6.00,1.20
2008.11.17 01:34:35.065,1.4716,1.4721,1.00,1.00
2008.11.17 01:34:35.245,1.4716,1.4721,1.00,2.40
2008.11.17 01:34:35.405,1.4716,1.4721,1.00,3.60
2008.11.17 01:34:36.324,1.4716,1.4718,1.00,1.80
2008.11.17 01:34:36.784,1.4714,1.4717,6.00,1.20
2008.11.17 01:34:40.473,1.4714,1.47165,6.00,1.20
2008.11.17 01:34:44.513,1.4714,1.47165,6.00,3.00
2008.11.17 01:34:45.692,1.4714,1.4716,6.00,1.20
2008.11.17 01:34:50.061,1.4714,1.4716,6.00,3.00
2008.11.17 01:34:50.171,1.4716,1.47165,1.00,4.20
2008.11.17 01:34:50.231,1.47095,1.4716,1.00,3.00
2008.11.17 01:34:51.921,1.4711,1.4716,1.00,1.20
2008.11.17 01:34:52.271,1.4711,1.47165,1.00,1.20
2008.11.17 01:34:52.801,1.4712,1.47165,1.00,3.00
2008.11.17 01:34:53.090,1.4712,1.47165,1.20,3.00
2008.11.17 01:34:55.170,1.4712,1.47165,1.00,3.00
2008.11.17 01:35:03.098,1.4711,1.47165,1.80,3.00
2008.11.17 01:35:06.947,1.4711,1.47165,1.80,1.20
2008.11.17 01:35:07.417,1.4711,1.4718,1.80,3.70
2008.11.17 01:35:07.817,1.4711,1.4718,1.80,2.50
2008.11.17 01:35:08.167,1.4711,1.4718,1.80,1.30
2008.11.17 01:35:08.387,1.4712,1.4718,1.00,1.30
2008.11.17 01:35:25.863,1.4711,1.4718,1.80,1.30
2008.11.17 01:35:28.702,1.4712,1.472,1.00,2.40
2008.11.17 01:35:28.982,1.4712,1.4721,1.00,19.80
2008.11.17 01:35:30.961,1.4712,1.4721,1.30,19.80
2008.11.17 01:35:31.201,1.4714,1.4721,1.00,19.80
2008.11.17 01:35:31.432,1.4716,1.4721,1.00,19.80
2008.11.17 01:35:31.781,1.4715,1.4721,1.00,19.80
2008.11.17 01:35:34.311,1.4713,1.4721,1.00,19.80
2008.11.17 01:35:35.710,1.4713,1.4721,1.00,21.00
2008.11.17 01:35:38.070,1.4713,1.4721,1.00,21.00
2008.11.17 01:35:43.938,1.4713,1.47205,1.00,1.20
2008.11.17 01:35:48.747,1.4713,1.472,1.00,1.20
2008.11.17 01:35:55.466,1.4713,1.47205,1.00,1.20
2008.11.17 01:35:58.865,1.4713,1.4721,1.00,19.80
2008.11.17 01:36:36.836,1.4714,1.4721,1.00,19.80
2008.11.17 01:37:00.999,1.4714,1.472,1.00,1.00
2008.11.17 01:37:01.220,1.4713,1.472,1.00,1.00
2008.11.17 01:37:10.917,1.4714,1.47205,1.00,1.80
2008.11.17 01:37:18.985,1.4713,1.4719,1.00,1.30
2008.11.17 01:37:19.265,1.4714,1.4719,1.00,1.30
2008.11.17 01:37:19.445,1.4714,1.47205,1.00,1.80
2008.11.17 01:37:28.133,1.47135,1.472,1.00,1.20
2008.11.17 01:37:33.052,1.47155,1.4721,1.00,21.00
2008.11.17 01:37:33.392,1.4716,1.4721,1.00,21.00
2008.11.17 01:37:44.659,1.4717,1.472,1.00,1.00
2008.11.17 01:37:44.779,1.4715,1.47195,1.00,1.20
2008.11.17 01:37:45.039,1.4715,1.472,1.00,1.20
2008.11.17 01:37:45.329,1.4714,1.472,1.00,1.20
2008.11.17 01:37:45.439,1.47135,1.472,1.00,1.20
2008.11.17 01:37:52.897,1.4715,1.472,1.00,1.00
2008.11.17 01:37:53.177,1.4715,1.4721,1.00,21.00
2008.11.17 01:37:55.926,1.47165,1.4721,1.00,21.00
2008.11.17 01:38:11.273,1.4715,1.4721,1.00,21.00
2008.11.17 01:38:15.352,1.4717,1.4721,1.00,21.00
2008.11.17 01:38:30.918,1.47225,1.4734,1.00,1.20
2008.11.17 01:38:31.158,1.47215,1.4736,1.00,1.00
2008.11.17 01:38:31.448,1.47185,1.4734,1.00,2.40
2008.11.17 01:38:37.856,1.47275,1.4732,1.00,2.40
2008.11.17 01:38:38.376,1.4727,1.4733,1.80,1.80
2008.11.17 01:38:43.755,1.4729,1.4733,1.80,3.00
2008.11.17 01:38:44.165,1.4729,1.47325,1.80,1.80
2008.11.17 01:38:45.275,1.4729,1.47325,1.80,3.00
2008.11.17 01:38:46.234,1.4729,1.4732,1.80,1.80
2008.11.17 01:38:46.764,1.4729,1.47325,1.80,1.80
2008.11.17 01:38:47.014,1.4729,1.4732,1.80,1.20
2008.11.17 01:38:47.294,1.4729,1.4733,1.20,1.80
2008.11.17 01:38:47.974,1.4729,1.4733,1.80,1.80
2008.11.17 01:38:48.564,1.4727,1.4733,1.00,3.00
2008.11.17 01:38:48.964,1.4727,1.4735,1.00,1.00
2008.11.17 01:38:57.172,1.4727,1.47345,1.00,1.20
2008.11.17 01:38:57.762,1.4726,1.4735,12.00,1.00
2008.11.17 01:39:02.420,1.47285,1.4736,1.00,1.30
2008.11.17 01:39:02.650,1.4728,1.4736,1.80,1.30
2008.11.17 01:39:09.949,1.4729,1.4736,1.80,3.70
2008.11.17 01:39:10.119,1.4729,1.4736,1.80,1.30
2008.11.17 01:39:13.738,1.4729,1.4735,1.20,1.30
2008.11.17 01:39:14.317,1.4729,1.4735,1.20,3.10
2008.11.17 01:39:17.027,1.4729,1.4734,1.20,1.00
2008.11.17 01:39:17.267,1.47255,1.4734,1.00,1.00
2008.11.17 01:39:17.557,1.4725,1.4734,18.00,1.00
2008.11.17 01:39:19.926,1.4727,1.4734,1.00,1.00
2008.11.17 01:39:29.844,1.4726,1.4734,18.00,1.00
2008.11.17 01:39:30.644,1.4726,1.4733,18.00,1.00
2008.11.17 01:39:43.491,1.4726,1.47315,18.00,2.40
2008.11.17 01:39:43.780,1.4726,1.473,18.00,1.00
2008.11.17 01:39:44.120,1.4724,1.473,1.00,1.00
2008.11.17 01:39:44.420,1.4723,1.473,1.00,1.00
2008.11.17 01:39:44.700,1.4722,1.473,1.00,1.00
2008.11.17 01:39:45.230,1.4722,1.473,1.00,3.00
2008.11.17 01:39:46.040,1.4722,1.473,1.00,3.00
2008.11.17 01:39:47.919,1.4723,1.473,1.00,3.00
2008.11.17 01:39:49.729,1.47235,1.473,1.00,3.00
2008.11.17 01:39:50.459,1.4723,1.473,1.00,3.00
2008.11.17 01:39:51.279,1.47225,1.473,1.00,3.00
2008.11.17 01:39:54.168,1.4722,1.473,1.00,3.00
2008.11.17 01:39:54.438,1.4721,1.473,1.00,3.00
2008.11.17 01:40:00.076,1.4722,1.473,1.00,3.00
2008.11.17 01:40:09.954,1.4721,1.473,1.00,3.00
2008.11.17 01:40:15.923,1.4722,1.473,1.00,3.00
2008.11.17 01:40:25.760,1.4721,1.473,1.00,3.00
2008.11.17 01:40:30.839,1.4722,1.473,1.00,3.00
2008.11.17 01:40:40.897,1.4721,1.473,1.00,3.00
2008.11.17 01:40:41.007,1.4721,1.47255,1.00,1.20
2008.11.17 01:41:16.618,1.47215,1.4724,1.00,1.20
2008.11.17 01:41:17.718,1.47235,1.4724,1.00,1.20
2008.11.17 01:41:18.997,1.4724,1.47305,1.00,1.70
2008.11.17 01:41:19.677,1.4722,1.4724,1.80,1.20
2008.11.17 01:41:21.787,1.47235,1.4724,1.00,1.20
2008.11.17 01:41:27.035,1.4723,1.4724,1.00,1.20
2008.11.17 01:41:28.635,1.47235,1.4724,1.00,1.20
2008.11.17 01:41:29.565,1.4723,1.4724,1.00,1.20
2008.11.17 01:41:30.085,1.47225,1.4724,1.00,1.20
2008.11.17 01:41:30.535,1.4722,1.4724,1.80,1.20
2008.11.17 01:41:30.595,1.4722,1.47315,1.80,3.00
2008.11.17 01:41:31.614,1.4724,1.473,1.00,3.00
2008.11.17 01:41:31.894,1.4724,1.4729,1.00,2.40
2008.11.17 01:41:32.174,1.47235,1.4729,1.00,2.40
2008.11.17 01:41:32.654,1.472,1.4729,1.00,2.40
2008.11.17 01:41:33.574,1.47215,1.4729,1.00,2.40
2008.11.17 01:41:35.004,1.4723,1.4729,1.00,2.40
2008.11.17 01:41:35.923,1.47225,1.4729,1.00,2.40
2008.11.17 01:41:40.043,1.47215,1.4729,1.00,2.40
2008.11.17 01:41:41.842,1.4722,1.4729,1.00,2.40
2008.11.17 01:41:42.712,1.47215,1.4729,1.80,2.40
2008.11.17 01:41:43.871,1.47235,1.4729,1.00,2.40
2008.11.17 01:41:44.951,1.4723,1.4729,1.00,2.40
2008.11.17 01:41:49.030,1.47235,1.4729,1.00,2.40
2008.11.17 01:41:55.079,1.4724,1.4729,1.00,2.40
2008.11.17 01:42:00.797,1.47235,1.473,1.00,2.40
2008.11.17 01:42:01.457,1.47235,1.4729,1.00,2.40
2008.11.17 01:42:07.976,1.4724,1.4729,1.00,2.40
2008.11.17 01:42:09.915,1.47245,1.4729,1.00,2.40
2008.11.17 01:42:11.415,1.4724,1.4731,1.00,2.40
2008.11.17 01:42:11.765,1.4724,1.4732,1.00,2.40
2008.11.17 01:42:16.394,1.4724,1.4733,1.00,2.40
2008.11.17 01:42:17.143,1.4724,1.4734,1.00,2.50
2008.11.17 01:42:17.433,1.4725,1.4734,1.00,2.50
2008.11.17 01:42:17.703,1.4725,1.4734,1.00,1.00
2008.11.17 01:42:19.803,1.4726,1.4734,1.00,1.00
2008.11.17 01:42:21.003,1.4726,1.4736,1.00,2.40
2008.11.17 01:42:22.092,1.47245,1.4735,1.00,2.40
2008.11.17 01:42:24.722,1.4726,1.4736,1.00,2.40
2008.11.17 01:42:27.601,1.4734,1.4736,1.00,2.40
2008.11.17 01:42:27.831,1.47412,1.47447,1.00,1.00
2008.11.17 01:42:28.061,1.4738,1.4752,6.00,1.00
2008.11.17 01:42:28.521,1.4734,1.4744,1.00,1.00
2008.11.17 01:42:28.800,1.47285,1.4739,1.00,1.20
2008.11.17 01:42:29.181,1.47255,1.4739,1.00,2.40
2008.11.17 01:42:29.541,1.47245,1.4736,1.00,2.40
2008.11.17 01:42:30.520,1.47285,1.4736,1.00,2.40
2008.11.17 01:42:30.880,1.47285,1.47415,1.00,2.40
2008.11.17 01:42:31.670,1.4731,1.47425,1.00,2.40
2008.11.17 01:42:33.749,1.4732,1.4742,1.00,2.40
2008.11.17 01:42:34.109,1.4733,1.4742,1.00,1.00
2008.11.17 01:42:34.489,1.4731,1.4741,1.00,2.40
2008.11.17 01:42:57.434,1.4732,1.4742,1.00,2.40
2008.11.17 01:42:58.234,1.4733,1.4742,1.00,1.00
2008.11.17 01:43:02.962,1.4732,1.4742,2.40,2.40
2008.11.17 01:43:03.373,1.4733,1.4742,1.00,1.00
2008.11.17 01:43:06.341,1.4733,1.4742,2.40,1.00
2008.11.17 01:43:07.571,1.4733,1.4742,2.40,1.00
2008.11.17 01:43:11.550,1.4733,1.4742,1.00,1.00
2008.11.17 01:43:12.700,1.4733,1.4742,2.40,1.00
2008.11.17 01:43:12.930,1.4733,1.4742,2.40,1.00
2008.11.17 01:43:13.280,1.4733,1.4742,1.00,1.00
2008.11.17 01:43:15.639,1.47375,1.4742,1.20,1.00
2008.11.17 01:43:15.939,1.47365,1.4742,1.00,1.00
2008.11.17 01:43:16.169,1.47325,1.4742,1.00,1.00
2008.11.17 01:43:16.449,1.47315,1.4742,1.00,1.00
2008.11.17 01:43:19.378,1.4729,1.474,1.00,2.40
2008.11.17 01:43:20.368,1.47335,1.4743,1.00,2.40
2008.11.17 01:43:21.788,1.4735,1.4742,1.00,3.00
2008.11.17 01:43:41.143,1.4735,1.4742,1.00,2.40
2008.11.17 01:43:41.373,1.4735,1.4742,1.00,1.00
2008.11.17 01:43:55.050,1.47355,1.4742,1.00,1.00
2008.11.17 01:43:55.220,1.4735,1.4742,1.00,1.00
2008.11.17 01:44:22.403,1.4735,1.4742,3.00,1.00
2008.11.17 01:44:22.633,1.4737,1.4742,1.80,1.00
2008.11.17 01:44:22.973,1.47395,1.4746,1.00,2.40
2008.11.17 01:44:23.433,1.47415,1.4746,1.80,2.40
2008.11.17 01:44:24.763,1.47455,1.47485,1.00,4.80
2008.11.17 01:44:26.722,1.4747,1.47495,1.00,3.60
2008.11.17 01:44:26.832,1.4747,1.47495,1.80,3.60
2008.11.17 01:44:27.352,1.4747,1.47495,1.80,4.80
2008.11.17 01:44:29.821,1.4747,1.47495,1.80,3.60
2008.11.17 01:44:30.622,1.47465,1.47495,1.80,4.80
2008.11.17 01:44:31.651,1.47465,1.47495,1.80,3.60
2008.11.17 01:44:33.981,1.47465,1.47495,1.80,4.80
2008.11.17 01:44:35.670,1.47465,1.47495,1.80,3.60
2008.11.17 01:44:40.189,1.47465,1.47485,1.00,3.60
2008.11.17 01:44:40.309,1.4735,1.4746,2.40,2.40
2008.11.17 01:44:40.419,1.4735,1.4746,1.00,2.40
2008.11.17 01:44:40.479,1.4733,1.4746,1.00,2.40
2008.11.17 01:44:45.788,1.4737,1.4745,1.20,2.40
2008.11.17 01:44:47.907,1.47425,1.4745,1.00,2.40
2008.11.17 01:44:48.597,1.47425,1.4747,1.00,2.40
2008.11.17 01:44:48.887,1.4743,1.4747,1.00,2.40
2008.11.17 01:44:49.816,1.4745,1.4747,1.00,2.40
2008.11.17 01:44:51.906,1.4745,1.4747,1.80,2.40
2008.11.17 01:44:52.076,1.47455,1.4747,1.80,2.40
2008.11.17 01:44:52.426,1.4746,1.4747,1.80,2.40
2008.11.17 01:44:52.826,1.47465,1.4747,1.80,2.40
2008.11.17 01:44:53.466,1.47465,1.4747,1.80,2.40
2008.11.17 01:44:54.895,1.4747,1.475,1.00,2.90
2008.11.17 01:44:55.525,1.4747,1.475,1.80,2.90
2008.11.17 01:44:58.924,1.4736,1.4745,2.40,1.00
2008.11.17 01:44:59.204,1.4736,1.4745,1.00,3.00
2008.11.17 01:44:59.504,1.4735,1.4745,2.40,3.00
2008.11.17 01:44:59.804,1.4736,1.4745,2.40,3.00
2008.11.17 01:45:01.394,1.4736,1.4745,1.00,3.00
2008.11.17 01:45:07.692,1.47405,1.4745,1.00,3.00
2008.11.17 01:45:09.132,1.4743,1.4745,1.00,3.00
2008.11.17 01:45:14.861,1.47425,1.4749,1.80,7.20
2008.11.17 01:45:15.141,1.47425,1.4748,1.80,2.40
2008.11.17 01:45:16.700,1.4746,1.4747,1.80,2.40
2008.11.17 01:45:16.980,1.4746,1.4747,1.00,2.40
2008.11.17 01:45:17.280,1.47415,1.4747,1.00,2.40
2008.11.17 01:45:19.330,1.47375,1.4747,1.00,2.40
2008.11.17 01:45:29.097,1.474,1.4747,1.00,2.40
2008.11.17 01:45:29.767,1.4741,1.4747,1.00,2.40
2008.11.17 01:45:30.877,1.47435,1.4747,1.00,2.40
2008.11.17 01:45:34.746,1.4745,1.4747,1.80,2.40
2008.11.17 01:45:35.656,1.4746,1.4747,1.00,2.40
2008.11.17 01:45:39.415,1.4744,1.4747,1.80,2.40
2008.11.17 01:45:39.705,1.47435,1.4747,1.80,2.40
2008.11.17 01:45:40.044,1.47425,1.4747,1.80,2.40
2008.11.17 01:45:40.335,1.47435,1.4747,1.00,2.40
2008.11.17 01:45:40.675,1.47365,1.4747,2.40,2.40
2008.11.17 01:45:40.954,1.47355,1.4747,2.40,2.40
2008.11.17 01:45:42.044,1.47415,1.4747,1.00,2.40
2008.11.17 01:45:42.804,1.47405,1.4747,1.80,2.40
2008.11.17 01:45:43.074,1.47425,1.4747,1.80,2.40
2008.11.17 01:45:43.434,1.47425,1.4747,1.00,2.40
2008.11.17 01:45:43.764,1.47355,1.4747,2.40,2.40
2008.11.17 01:45:44.524,1.47355,1.4747,1.00,2.40
2008.11.17 01:45:45.243,1.4738,1.4747,2.40,2.40
2008.11.17 01:45:45.763,1.47405,1.4747,1.00,2.40
2008.11.17 01:45:49.213,1.47425,1.4747,1.00,2.40
2008.11.17 01:45:50.772,1.4743,1.4747,1.00,2.40
2008.11.17 01:45:56.311,1.47365,1.4747,2.40,2.40
2008.11.17 01:45:56.531,1.47365,1.4747,1.00,2.40
2008.11.17 01:45:56.760,1.47355,1.4747,2.40,2.40
2008.11.17 01:45:57.140,1.47365,1.4748,1.00,3.60
2008.11.17 01:45:58.570,1.4737,1.4747,1.00,2.40
2008.11.17 01:45:58.860,1.4735,1.4745,1.00,2.40
2008.11.17 01:45:59.540,1.4735,1.47485,1.00,4.80
2008.11.17 01:45:59.940,1.4735,1.4746,1.00,1.20
2008.11.17 01:46:00.350,1.4735,1.4748,1.00,3.60
2008.11.17 01:46:00.690,1.4735,1.4749,1.00,2.40
2008.11.17 01:46:01.080,1.4735,1.4746,1.00,2.40
2008.11.17 01:46:01.589,1.4736,1.4747,1.00,2.40
2008.11.17 01:46:02.549,1.4735,1.4745,1.00,2.40
2008.11.17 01:46:03.709,1.4736,1.4746,1.00,2.40
2008.11.17 01:46:05.019,1.4736,1.4744,1.00,1.00
2008.11.17 01:46:05.309,1.4735,1.4744,1.00,1.00
2008.11.17 01:46:08.618,1.4735,1.4742,1.00,1.00
2008.11.17 01:46:09.028,1.4735,1.4742,1.00,1.00
2008.11.17 01:46:09.387,1.4735,1.4745,1.00,1.00
2008.11.17 01:46:10.547,1.4735,1.4744,1.00,1.00
2008.11.17 01:46:10.657,1.4731,1.4742,1.00,2.40
2008.11.17 01:46:22.094,1.4732,1.4742,1.00,3.10
2008.11.17 01:46:22.264,1.4731,1.4741,1.00,3.00
2008.11.17 01:46:47.478,1.4731,1.474,1.00,2.40
2008.11.17 01:46:47.828,1.4733,1.474,1.00,2.40
2008.11.17 01:46:48.698,1.47335,1.474,1.00,2.40
2008.11.17 01:46:50.008,1.47335,1.474,1.00,2.40
2008.11.17 01:46:51.737,1.47345,1.474,1.00,2.40
2008.11.17 01:47:06.684,1.47335,1.474,1.00,2.40
2008.11.17 01:47:07.263,1.47335,1.4741,1.00,3.10
2008.11.17 01:47:07.443,1.47335,1.474,1.00,3.00
2008.11.17 01:47:08.443,1.47335,1.474,1.00,1.00
2008.11.17 01:47:08.913,1.4733,1.474,1.00,1.00
2008.11.17 01:47:10.743,1.4733,1.474,1.00,1.00
2008.11.17 01:47:10.983,1.4734,1.4739,1.00,2.40
2008.11.17 01:47:11.093,1.4734,1.4738,1.00,2.40
2008.11.17 01:47:11.373,1.4734,1.4736,1.00,2.40
2008.11.17 01:47:12.232,1.4732,1.4736,1.80,2.40
2008.11.17 01:47:12.462,1.47325,1.4736,1.80,2.40
2008.11.17 01:47:12.852,1.47335,1.4736,1.00,2.40
2008.11.17 01:47:13.422,1.47335,1.47415,1.00,1.00
2008.11.17 01:47:14.832,1.4734,1.474,1.00,1.00
2008.11.17 01:47:15.232,1.47305,1.4739,1.80,2.40
2008.11.17 01:47:15.471,1.47305,1.4737,1.80,2.40
2008.11.17 01:47:15.651,1.47305,1.4736,1.80,2.40
2008.11.17 01:47:16.421,1.47315,1.4735,1.80,2.40
2008.11.17 01:47:16.881,1.4733,1.4735,1.00,2.40
2008.11.17 01:47:19.560,1.473,1.4735,1.00,2.40
2008.11.17 01:47:20.190,1.4732,1.4735,1.00,2.40
2008.11.17 01:47:20.540,1.4732,1.4739,1.00,3.60
2008.11.17 01:47:20.771,1.4733,1.4741,1.00,1.00
2008.11.17 01:47:42.495,1.47325,1.474,1.00,1.00
2008.11.17 01:47:42.735,1.47325,1.4738,1.00,2.40
2008.11.17 01:47:43.665,1.47325,1.4737,1.00,2.40
2008.11.17 01:47:45.284,1.4732,1.4736,1.00,2.40
2008.11.17 01:47:48.914,1.4733,1.4736,1.00,2.40
2008.11.17 01:47:50.003,1.47335,1.4736,1.00,2.40
2008.11.17 01:47:52.493,1.47335,1.4737,1.00,2.40
2008.11.17 01:47:53.232,1.47335,1.4738,1.00,2.40
2008.11.17 01:47:53.522,1.473,1.4738,2.40,2.40
2008.11.17 01:47:53.863,1.473,1.4738,2.40,2.40
2008.11.17 01:47:54.222,1.473,1.4738,1.00,2.40
2008.11.17 01:48:00.001,1.47315,1.4738,1.00,2.40
2008.11.17 01:48:02.150,1.4731,1.4738,1.00,2.40
2008.11.17 01:48:06.089,1.47315,1.4738,1.00,2.40
2008.11.17 01:48:08.699,1.473,1.4738,2.40,2.40
2008.11.17 01:48:08.879,1.473,1.4738,1.00,2.40
2008.11.17 01:48:09.109,1.4729,1.4738,2.40,2.40
2008.11.17 01:48:09.548,1.4731,1.4738,2.40,2.40
2008.11.17 01:48:10.238,1.4731,1.4738,2.40,2.40
2008.11.17 01:48:10.758,1.4733,1.4738,1.00,2.40
2008.11.17 01:48:11.778,1.47335,1.4738,1.00,2.40
2008.11.17 01:48:17.546,1.4733,1.4738,1.00,2.40
2008.11.17 01:48:17.667,1.47275,1.4738,2.40,2.40
2008.11.17 01:48:17.786,1.4731,1.4742,1.00,6.00
2008.11.17 01:48:18.117,1.47305,1.4742,1.00,3.60
2008.11.17 01:48:18.236,1.47305,1.4743,1.00,2.40
2008.11.17 01:48:18.466,1.47315,1.4744,1.00,2.40
2008.11.17 01:48:18.586,1.47325,1.4745,1.00,2.40
2008.11.17 01:48:26.424,1.4734,1.4744,1.00,2.40
2008.11.17 01:48:26.594,1.4735,1.4744,1.00,2.40
2008.11.17 01:48:27.054,1.4737,1.4748,1.00,2.40
2008.11.17 01:48:27.224,1.4737,1.4748,1.00,2.40
2008.11.17 01:48:31.053,1.4737,1.4747,1.00,2.40
2008.11.17 01:48:32.323,1.4739,1.4747,1.00,2.40
2008.11.17 01:48:32.723,1.4739,1.4748,1.00,1.00
2008.11.17 01:48:38.682,1.4738,1.4748,1.00,2.40
2008.11.17 01:48:40.391,1.4738,1.4748,1.00,4.80
2008.11.17 01:48:40.731,1.4738,1.4748,1.00,2.40
2008.11.17 01:48:40.791,1.4737,1.4747,1.00,2.40
2008.11.17 01:48:41.081,1.4737,1.4745,1.00,1.00
2008.11.17 01:48:41.251,1.47375,1.4745,1.00,3.00
2008.11.17 01:48:45.350,1.4737,1.4745,1.00,3.00
2008.11.17 01:48:50.938,1.4737,1.47435,1.00,1.20
2008.11.17 01:48:51.878,1.4737,1.4743,1.00,1.20
2008.11.17 01:49:01.196,1.4737,1.4745,1.00,3.00
2008.11.17 01:49:03.915,1.4737,1.4745,1.00,3.00
2008.11.17 01:49:04.355,1.4737,1.4745,1.00,3.00
2008.11.17 01:49:10.854,1.4737,1.4745,1.00,3.00
2008.11.17 01:49:11.704,1.4737,1.4745,1.00,3.00
2008.11.17 01:49:11.933,1.4737,1.4745,1.80,3.00
2008.11.17 01:49:12.403,1.47385,1.4743,1.00,2.40
2008.11.17 01:49:12.793,1.47385,1.4747,1.00,1.30
2008.11.17 01:49:18.022,1.47395,1.4746,1.00,1.30
2008.11.17 01:49:19.902,1.47395,1.4746,1.00,1.30
2008.11.17 01:49:38.497,1.47395,1.4746,1.00,1.30
2008.11.17 01:49:43.436,1.47395,1.4746,2.40,1.30
2008.11.17 01:49:43.546,1.47395,1.4746,1.00,1.30
2008.11.17 01:49:44.345,1.47395,1.4746,1.00,1.30
2008.11.17 01:49:45.026,1.47395,1.4746,1.00,1.30
2008.11.17 01:49:46.865,1.47395,1.4746,1.00,1.30
2008.11.17 01:49:47.205,1.47395,1.4746,2.40,1.30
2008.11.17 01:49:47.865,1.474,1.4746,1.00,1.30
2008.11.17 01:49:48.435,1.474,1.4746,1.80,1.30
2008.11.17 01:49:49.884,1.47405,1.4746,1.00,1.30
2008.11.17 01:49:54.513,1.47405,1.4746,1.80,1.30
2008.11.17 01:49:55.793,1.4741,1.4746,1.00,1.30
2008.11.17 01:49:56.203,1.47415,1.4746,1.80,1.30
2008.11.17 01:50:04.081,1.47405,1.4746,1.80,1.30
2008.11.17 01:50:11.019,1.4741,1.4746,1.00,1.30
2008.11.17 01:50:22.716,1.4741,1.4746,1.00,1.80
2008.11.17 01:50:22.886,1.4741,1.4747,1.80,3.00
2008.11.17 01:50:23.746,1.4741,1.4747,1.80,3.00
2008.11.17 01:50:24.036,1.47405,1.4747,1.80,3.00
2008.11.17 01:50:25.776,1.47405,1.47465,1.80,1.20
2008.11.17 01:50:26.505,1.47405,1.4747,1.80,3.00
2008.11.17 01:50:26.965,1.47395,1.4747,4.20,1.20
2008.11.17 01:50:27.285,1.47415,1.4751,1.00,6.00
2008.11.17 01:50:27.555,1.47415,1.4751,1.00,3.60
2008.11.17 01:50:30.734,1.4742,1.475,1.00,3.60
2008.11.17 01:50:31.994,1.47425,1.475,1.00,3.60
2008.11.17 01:50:32.804,1.4743,1.475,1.00,3.60
2008.11.17 01:50:39.022,1.47435,1.475,1.00,3.60
2008.11.17 01:50:39.562,1.4743,1.475,1.80,3.60
2008.11.17 01:50:41.092,1.47445,1.475,1.00,3.60
2008.11.17 01:50:41.322,1.4744,1.475,1.00,3.60
2008.11.17 01:50:42.741,1.47425,1.475,1.00,3.60
2008.11.17 01:50:43.221,1.4741,1.475,1.00,3.60
2008.11.17 01:50:44.591,1.4741,1.4749,1.00,3.60
2008.11.17 01:50:46.191,1.474,1.4749,1.00,3.60
2008.11.17 01:50:48.020,1.47415,1.4748,1.00,1.00
2008.11.17 01:50:49.590,1.4742,1.4748,1.00,1.00
2008.11.17 01:50:49.940,1.47405,1.4748,1.00,1.00
2008.11.17 01:50:50.400,1.474,1.4749,1.00,3.60
2008.11.17 01:50:50.759,1.4741,1.4749,1.00,3.60
2008.11.17 01:50:52.069,1.47405,1.4749,1.80,3.60
2008.11.17 01:50:54.089,1.4741,1.4749,1.00,4.80
2008.11.17 01:50:58.088,1.4741,1.4749,1.00,3.60
2008.11.17 01:50:58.728,1.474,1.4749,1.80,3.60
2008.11.17 01:50:59.068,1.474,1.4749,2.40,3.60
2008.11.17 01:50:59.357,1.4741,1.4749,1.00,3.60
2008.11.17 01:51:00.947,1.47425,1.4749,1.00,3.60
2008.11.17 01:51:01.547,1.4742,1.4749,1.00,3.60
2008.11.17 01:51:01.767,1.4741,1.4749,1.80,3.60
2008.11.17 01:51:01.947,1.47415,1.4749,1.00,3.60
2008.11.17 01:51:07.706,1.4742,1.4749,1.00,3.60
2008.11.17 01:51:09.075,1.47405,1.4749,1.80,3.60
2008.11.17 01:51:09.425,1.474,1.4749,1.80,3.60
2008.11.17 01:51:09.705,1.474,1.4749,1.80,3.60
2008.11.17 01:51:10.755,1.47405,1.47475,1.00,1.20
2008.11.17 01:51:12.165,1.474,1.4749,1.80,3.60
2008.11.17 01:51:12.674,1.474,1.4749,4.20,3.60
2008.11.17 01:51:12.854,1.47415,1.4749,1.00,3.60
2008.11.17 01:51:13.384,1.4742,1.4749,1.00,3.60
2008.11.17 01:51:13.844,1.4741,1.4749,1.80,3.60
2008.11.17 01:51:14.844,1.47415,1.4749,1.00,3.60
2008.11.17 01:51:15.624,1.4741,1.4749,1.00,3.60
2008.11.17 01:51:16.044,1.474,1.4749,3.00,3.60
2008.11.17 01:51:16.323,1.474,1.4749,1.00,3.60
2008.11.17 01:51:18.023,1.474,1.4747,1.00,1.20
2008.11.17 01:51:18.943,1.474,1.4749,1.00,3.60
2008.11.17 01:51:19.533,1.474,1.4749,3.00,3.60
2008.11.17 01:51:20.043,1.474,1.4749,1.00,3.60
2008.11.17 01:51:23.102,1.474,1.4749,3.00,3.60
2008.11.17 01:51:23.432,1.474,1.4749,3.00,3.60
2008.11.17 01:51:23.672,1.4741,1.4749,1.00,3.60
2008.11.17 01:51:24.841,1.474,1.4749,3.00,3.60
2008.11.17 01:51:25.491,1.474,1.4749,1.00,3.60
2008.11.17 01:51:25.781,1.474,1.4749,1.00,3.60
2008.11.17 01:51:34.639,1.474,1.4748,1.00,1.00
2008.11.17 01:51:36.798,1.474,1.4748,1.00,1.00
2008.11.17 01:51:37.139,1.474,1.4748,1.00,1.00
2008.11.17 01:51:40.228,1.47405,1.4748,1.80,1.00
2008.11.17 01:51:40.398,1.4741,1.4748,1.00,1.00
2008.11.17 01:51:40.518,1.474,1.4748,1.00,1.00
2008.11.17 01:51:41.997,1.4741,1.4748,1.00,1.00
2008.11.17 01:51:43.517,1.474,1.4748,1.00,1.00
2008.11.17 01:51:44.557,1.474,1.4748,1.00,1.00
2008.11.17 01:51:46.207,1.474,1.4748,1.00,1.00
2008.11.17 01:51:49.885,1.4741,1.4748,1.00,1.00
2008.11.17 01:51:52.035,1.4742,1.4748,1.00,1.00
2008.11.17 01:51:52.575,1.4741,1.4748,1.00,1.00
2008.11.17 01:51:52.925,1.47405,1.4748,1.80,1.00
2008.11.17 01:51:53.335,1.474,1.4748,1.00,1.00
2008.11.17 01:51:53.634,1.47405,1.4748,1.80,1.00
2008.11.17 01:51:54.134,1.474,1.4748,1.00,1.00
2008.11.17 01:51:54.494,1.4741,1.4748,1.00,1.00
2008.11.17 01:51:55.254,1.47415,1.4748,1.00,1.00
2008.11.17 01:51:55.664,1.4741,1.4748,1.00,1.00
2008.11.17 01:51:55.844,1.47405,1.4748,1.80,1.00
2008.11.17 01:51:56.244,1.474,1.4748,1.00,1.00
2008.11.17 01:51:57.313,1.4741,1.4748,1.00,1.00
2008.11.17 01:51:58.853,1.47415,1.4748,1.00,1.00
2008.11.17 01:51:59.323,1.47415,1.47475,1.00,3.60
2008.11.17 01:51:59.603,1.47415,1.47455,1.80,1.00
2008.11.17 01:51:59.953,1.47405,1.4746,1.80,1.30
2008.11.17 01:52:00.253,1.4741,1.4746,1.80,1.30
2008.11.17 01:52:00.653,1.47405,1.4746,1.80,1.30
2008.11.17 01:52:01.393,1.47405,1.4746,1.80,1.30
2008.11.17 01:52:01.723,1.47405,1.4746,1.00,1.30
2008.11.17 01:52:02.302,1.474,1.4746,1.80,1.30
2008.11.17 01:52:03.952,1.474,1.4746,1.80,1.30
2008.11.17 01:52:05.521,1.47395,1.4746,1.00,1.30
2008.11.17 01:52:23.777,1.474,1.47465,1.00,2.40
2008.11.17 01:52:23.897,1.474,1.4746,1.00,1.20
2008.11.17 01:52:24.177,1.474,1.4748,1.00,1.00
2008.11.17 01:52:32.905,1.4741,1.4748,1.20,1.00
2008.11.17 01:52:33.075,1.4742,1.4748,1.00,1.00
2008.11.17 01:52:34.225,1.4741,1.4747,1.20,1.00
2008.11.17 01:52:34.455,1.4741,1.4747,1.20,1.30
2008.11.17 01:52:34.744,1.4741,1.4746,1.00,1.00
2008.11.17 01:52:34.925,1.474,1.4746,1.00,1.00
2008.11.17 01:52:38.024,1.474,1.4746,1.00,1.00
2008.11.17 01:52:38.314,1.474,1.4746,1.00,1.00
2008.11.17 01:52:40.483,1.474,1.4747,1.00,1.20
2008.11.17 01:52:40.893,1.474,1.47455,1.00,1.20
2008.11.17 01:52:41.123,1.474,1.4745,1.00,1.00
2008.11.17 01:52:41.413,1.474,1.4745,1.00,2.50
2008.11.17 01:52:42.273,1.474,1.4745,1.00,3.70
2008.11.17 01:52:42.672,1.4739,1.4745,1.20,3.70
2008.11.17 01:52:42.913,1.4739,1.4745,2.40,3.70
2008.11.17 01:52:43.143,1.4739,1.4744,1.80,1.00
2008.11.17 01:52:43.602,1.4739,1.47445,1.80,4.20
2008.11.17 01:52:46.442,1.4739,1.4742,1.00,1.00
2008.11.17 01:52:46.612,1.47385,1.4742,1.80,1.00
2008.11.17 01:52:50.971,1.4739,1.4741,1.80,1.00
2008.11.17 01:52:51.780,1.47385,1.4741,1.00,1.00
2008.11.17 01:52:51.950,1.4737,1.4741,2.40,1.00
2008.11.17 01:52:52.580,1.4737,1.4742,2.40,1.00
2008.11.17 01:52:52.750,1.4737,1.4741,2.40,1.00
2008.11.17 01:52:53.150,1.4737,1.474,2.40,1.00
2008.11.17 01:52:53.540,1.4737,1.474,2.40,2.50
2008.11.17 01:52:54.720,1.4737,1.4742,2.40,3.60
2008.11.17 01:52:54.870,1.4737,1.4742,2.40,1.20
2008.11.17 01:52:55.989,1.4737,1.4742,2.40,1.20
2008.11.17 01:52:56.269,1.4737,1.4742,2.40,1.20
2008.11.17 01:53:00.348,1.4737,1.4742,3.00,1.20
2008.11.17 01:53:00.468,1.4737,1.4742,3.00,1.20
2008.11.17 01:53:04.197,1.47375,1.4742,1.00,1.20
2008.11.17 01:53:04.837,1.4737,1.4742,3.00,1.20
2008.11.17 01:53:15.375,1.4738,1.4742,1.00,1.20
2008.11.17 01:53:17.274,1.47365,1.4742,7.20,1.20
2008.11.17 01:53:19.364,1.4737,1.4742,2.40,1.20
2008.11.17 01:53:19.484,1.4737,1.4742,2.40,1.20
2008.11.17 01:53:23.823,1.4737,1.4742,2.40,1.20
2008.11.17 01:53:26.222,1.4737,1.4742,4.20,1.20
2008.11.17 01:53:26.512,1.47375,1.4742,1.00,1.20
2008.11.17 01:53:30.511,1.4737,1.4742,4.20,1.20
2008.11.17 01:53:31.031,1.47375,1.4742,1.00,1.20
2008.11.17 01:53:41.348,1.4737,1.4742,4.20,1.20
2008.11.17 01:53:41.619,1.4737,1.4742,2.40,1.20
2008.11.17 01:53:42.988,1.4737,1.4742,2.40,1.20
2008.11.17 01:53:49.906,1.4737,1.4742,2.40,2.40
2008.11.17 01:53:50.616,1.4737,1.4741,2.40,1.80
2008.11.17 01:53:55.415,1.4737,1.47415,2.40,3.00
2008.11.17 01:53:55.645,1.4737,1.4741,2.40,3.60
2008.11.17 01:53:58.025,1.4737,1.47415,2.40,3.60
2008.11.17 01:54:04.913,1.4737,1.47415,2.40,3.60
2008.11.17 01:54:10.612,1.4737,1.47415,2.40,3.60
2008.11.17 01:54:14.840,1.4737,1.4742,2.40,4.80
2008.11.17 01:54:17.390,1.4737,1.4742,2.40,6.60
2008.11.17 01:54:17.740,1.4737,1.4742,2.40,4.20
2008.11.17 01:54:18.040,1.4737,1.4742,2.40,1.80
2008.11.17 01:54:27.717,1.4737,1.4742,2.40,4.80
2008.11.17 01:54:49.682,1.4737,1.4742,2.40,1.80
2008.11.17 01:54:54.861,1.4737,1.47405,2.40,1.20
2008.11.17 01:54:55.261,1.4737,1.474,2.40,1.20
2008.11.17 01:54:57.000,1.4737,1.47395,2.40,1.20
2008.11.17 01:55:01.039,1.4737,1.4743,2.40,1.80
2008.11.17 01:55:12.087,1.4738,1.47425,1.00,4.20
2008.11.17 01:55:25.334,1.4735,1.47415,1.00,1.20
2008.11.17 01:55:28.203,1.4735,1.47415,1.00,1.20
2008.11.17 01:55:32.262,1.4735,1.47415,1.00,1.20
2008.11.17 01:55:38.390,1.47335,1.474,1.00,1.20
2008.11.17 01:55:38.910,1.4734,1.47405,1.00,1.20
2008.11.17 01:55:42.739,1.47335,1.474,1.00,1.20
2008.11.17 01:55:46.328,1.4735,1.474,1.00,3.00
2008.11.17 01:55:48.008,1.47375,1.474,1.00,1.20
2008.11.17 01:55:48.288,1.47375,1.47405,1.00,1.20
2008.11.17 01:55:49.608,1.47395,1.474,1.00,3.00
2008.11.17 01:55:51.317,1.474,1.47415,1.40,2.40
2008.11.17 01:55:51.707,1.4742,1.4744,1.00,5.80
2008.11.17 01:55:52.137,1.474,1.47415,1.40,1.80
2008.11.17 01:55:53.617,1.474,1.4742,1.40,1.20
2008.11.17 01:55:53.796,1.4742,1.47455,1.00,3.00
2008.11.17 01:55:56.216,1.4742,1.4745,1.00,1.20
2008.11.17 01:55:57.846,1.4744,1.4745,1.00,1.20
2008.11.17 01:55:57.906,1.47435,1.4745,1.30,1.20
2008.11.17 01:55:58.186,1.4744,1.47465,1.30,1.80
2008.11.17 01:55:58.426,1.4744,1.4747,1.30,3.00
2008.11.17 01:55:58.836,1.4742,1.4747,1.00,1.80
2008.11.17 01:55:59.065,1.4743,1.47475,1.00,3.00
2008.11.17 01:55:59.415,1.4743,1.47475,1.00,1.80
2008.11.17 01:55:59.645,1.47425,1.47475,1.00,1.80
2008.11.17 01:56:00.335,1.47425,1.4747,1.00,1.20
2008.11.17 01:56:00.955,1.4744,1.4747,1.00,1.20
2008.11.17 01:56:01.175,1.4744,1.47475,1.00,3.00
2008.11.17 01:56:02.664,1.4743,1.47475,1.30,3.00
2008.11.17 01:56:02.904,1.4743,1.4747,1.30,1.20
2008.11.17 01:56:06.573,1.4742,1.47475,2.40,1.20
2008.11.17 01:56:06.803,1.4742,1.4747,1.20,4.80
2008.11.17 01:56:07.323,1.4742,1.47455,1.20,3.60
2008.11.17 01:56:07.663,1.4742,1.4745,1.20,3.60
2008.11.17 01:56:08.103,1.4742,1.4744,1.20,3.60
2008.11.17 01:56:11.682,1.4742,1.4744,1.20,2.40
2008.11.17 01:56:12.122,1.4742,1.47475,1.20,3.60
2008.11.17 01:56:23.819,1.4742,1.4745,1.20,1.20
2008.11.17 01:56:23.929,1.4742,1.47445,1.20,1.20
2008.11.17 01:56:24.529,1.4742,1.4744,1.20,1.80
2008.11.17 01:56:25.509,1.4742,1.4743,1.20,1.80
2008.11.17 01:56:25.979,1.4742,1.47435,1.20,1.80
2008.11.17 01:56:26.629,1.4742,1.4744,1.20,1.80
2008.11.17 01:56:26.968,1.4742,1.4744,1.20,3.00
2008.11.17 01:56:27.728,1.4742,1.4744,1.20,1.80
2008.11.17 01:56:27.948,1.4742,1.47445,1.20,1.20
2008.11.17 01:56:28.178,1.4742,1.4745,1.20,1.80
2008.11.17 01:56:28.358,1.4742,1.4746,1.20,3.60
2008.11.17 01:56:30.858,1.4742,1.4746,1.20,5.40
2008.11.17 01:56:35.037,1.4742,1.47455,1.20,3.00
2008.11.17 01:56:37.486,1.4742,1.47455,1.20,1.20
2008.11.17 01:56:37.606,1.4742,1.4746,1.20,3.00
2008.11.17 01:56:40.795,1.4742,1.47465,1.20,3.00
2008.11.17 01:56:43.185,1.4742,1.47465,1.20,1.80
2008.11.17 01:56:43.595,1.4742,1.4748,1.20,1.00
2008.11.17 01:56:45.294,1.4742,1.4748,3.00,1.00
2008.11.17 01:56:45.524,1.47425,1.4748,1.80,1.00
2008.11.17 01:56:46.034,1.4743,1.4748,1.80,1.00
2008.11.17 01:56:46.804,1.4744,1.4748,1.80,1.00
2008.11.17 01:56:48.753,1.47445,1.4748,1.00,1.00
2008.11.17 01:56:52.302,1.47435,1.4748,1.80,1.00
2008.11.17 01:56:52.573,1.4743,1.4748,1.80,1.00
2008.11.17 01:56:53.832,1.4743,1.4748,1.80,1.00
2008.11.17 01:56:54.482,1.47455,1.4749,1.20,1.20
2008.11.17 01:56:54.782,1.4745,1.475,1.20,3.00
2008.11.17 01:56:56.552,1.4747,1.475,1.20,3.00
2008.11.17 01:56:57.061,1.4747,1.475,1.80,3.00
2008.11.17 01:56:57.341,1.4747,1.475,1.80,1.80
2008.11.17 01:56:57.461,1.4747,1.475,1.80,2.40
2008.11.17 01:56:57.581,1.4747,1.475,1.80,1.80
2008.11.17 01:56:57.751,1.4747,1.475,4.20,1.80
2008.11.17 01:56:57.981,1.4748,1.475,1.00,1.80
2008.11.17 01:56:58.321,1.47465,1.4749,1.00,1.80
2008.11.17 01:56:58.721,1.4745,1.4749,1.20,1.80
2008.11.17 01:56:59.890,1.4745,1.47475,1.20,1.20
2008.11.17 01:57:02.580,1.4745,1.4749,1.20,1.80
2008.11.17 01:57:02.920,1.4745,1.47475,1.20,1.20
2008.11.17 01:57:05.329,1.4747,1.47535,1.00,3.70
2008.11.17 01:57:06.069,1.4747,1.47535,1.00,1.30
2008.11.17 01:57:07.169,1.4744,1.4752,4.80,1.30
2008.11.17 01:57:07.289,1.4744,1.4752,4.80,4.90
2008.11.17 01:57:07.569,1.4744,1.4751,4.80,3.60
2008.11.17 01:57:09.948,1.4745,1.475,4.80,3.00
2008.11.17 01:57:10.348,1.4745,1.475,4.80,4.20
2008.11.17 01:57:17.966,1.4746,1.475,1.20,1.00
2008.11.17 01:57:18.126,1.47455,1.475,3.00,1.00
2008.11.17 01:57:20.326,1.47455,1.4752,3.00,2.70
2008.11.17 01:57:21.226,1.47455,1.475,3.00,1.00
2008.11.17 01:57:21.506,1.4745,1.475,4.80,3.60
2008.11.17 01:57:25.814,1.4745,1.47485,4.80,1.20
2008.11.17 01:57:26.894,1.4745,1.4748,4.80,1.20
2008.11.17 01:57:27.184,1.4747,1.4748,1.80,1.20
2008.11.17 01:57:27.404,1.4747,1.47495,1.80,1.80
2008.11.17 01:57:27.794,1.4747,1.47555,1.80,12.10
2008.11.17 01:57:27.974,1.4747,1.47555,1.80,8.50
2008.11.17 01:57:28.244,1.4747,1.47545,1.80,1.20
2008.11.17 01:57:28.644,1.4747,1.47515,1.80,1.20
2008.11.17 01:57:29.144,1.4747,1.47495,1.80,1.80
2008.11.17 01:57:29.553,1.4747,1.4753,1.80,1.30
2008.11.17 01:57:30.183,1.4747,1.47525,1.20,1.20
2008.11.17 01:57:30.514,1.4745,1.4751,13.30,1.30
2008.11.17 01:57:37.302,1.47465,1.475,1.00,1.30
2008.11.17 01:57:37.472,1.4746,1.475,1.80,1.30
2008.11.17 01:57:46.599,1.4747,1.475,1.20,1.30
2008.11.17 01:57:47.109,1.4747,1.47485,1.20,1.80
2008.11.17 01:57:47.599,1.47465,1.4747,2.00,1.20
2008.11.17 01:57:47.879,1.4745,1.47465,11.70,1.20
2008.11.17 01:57:48.239,1.4745,1.4748,14.50,5.40
2008.11.17 01:57:48.589,1.4745,1.4747,14.50,3.60
2008.11.17 01:57:48.929,1.4745,1.4746,14.50,1.80
2008.11.17 01:57:49.969,1.4745,1.4747,14.50,2.40
2008.11.17 01:57:50.319,1.4744,1.4745,15.10,1.80
2008.11.17 01:57:50.678,1.4745,1.47455,14.50,1.80
2008.11.17 01:57:51.358,1.4745,1.47455,14.50,4.20
2008.11.17 01:57:51.758,1.4745,1.4746,14.50,2.40
2008.11.17 01:57:52.058,1.4745,1.4746,14.50,1.80
2008.11.17 01:57:52.348,1.4745,1.47475,14.50,1.80
2008.11.17 01:57:53.668,1.4745,1.4749,14.50,3.60
2008.11.17 01:57:53.898,1.4744,1.4747,1.00,1.00
2008.11.17 01:57:54.697,1.47385,1.47475,1.20,1.80
2008.11.17 01:57:57.247,1.474,1.4746,1.20,1.30
2008.11.17 01:57:58.317,1.474,1.4746,7.20,1.00
2008.11.17 01:57:58.727,1.47405,1.4746,3.60,1.00
2008.11.17 01:57:59.356,1.47405,1.4746,4.30,1.00
2008.11.17 01:57:59.986,1.4742,1.4746,1.00,1.00
2008.11.17 01:58:01.456,1.47425,1.4746,1.00,1.00
2008.11.17 01:58:02.055,1.47425,1.4747,1.00,1.00
2008.11.17 01:58:02.795,1.47425,1.4748,1.00,1.20
2008.11.17 01:58:03.035,1.47445,1.4748,1.00,1.20
2008.11.17 01:58:06.774,1.4744,1.4748,1.80,1.20
2008.11.17 01:58:16.752,1.4743,1.4748,1.00,1.20
2008.11.17 01:58:16.872,1.4742,1.4748,1.90,1.20
2008.11.17 01:58:17.043,1.4742,1.4748,1.90,1.20
2008.11.17 01:58:22.571,1.47425,1.4748,1.00,1.20
2008.11.17 01:58:22.971,1.47425,1.4748,1.00,2.40
2008.11.17 01:58:23.880,1.47425,1.47475,1.00,1.20
2008.11.17 01:58:24.860,1.47425,1.4748,1.00,1.20
2008.11.17 01:58:26.010,1.47425,1.47465,1.00,1.20
2008.11.17 01:58:26.570,1.47425,1.4747,1.00,1.20
2008.11.17 01:58:29.459,1.4742,1.4747,1.90,1.20
2008.11.17 01:58:29.639,1.4742,1.4748,1.20,3.60
2008.11.17 01:58:30.659,1.4742,1.4748,1.20,2.40
2008.11.17 01:58:47.355,1.4742,1.47475,1.20,1.20
2008.11.17 01:58:51.274,1.4742,1.4748,1.20,2.40
2008.11.17 01:58:58.412,1.4742,1.4748,1.90,1.20
2008.11.17 01:58:59.292,1.4742,1.4748,1.20,2.40
2008.11.17 01:58:59.672,1.4742,1.4748,1.90,1.20
2008.11.17 01:59:03.401,1.4744,1.4748,1.00,1.20
2008.11.17 01:59:04.081,1.4743,1.4748,1.80,1.20
2008.11.17 01:59:04.431,1.4744,1.4748,1.80,1.20
2008.11.17 01:59:04.731,1.4745,1.4748,1.80,1.20
2008.11.17 01:59:05.480,1.4747,1.47485,1.00,1.20
2008.11.17 01:59:06.080,1.4746,1.47485,1.80,1.20
2008.11.17 01:59:06.380,1.4746,1.4748,1.80,1.20
2008.11.17 01:59:06.900,1.47465,1.47485,1.00,1.20
2008.11.17 01:59:07.690,1.4746,1.47485,1.80,1.20
2008.11.17 01:59:07.920,1.47455,1.47485,1.80,1.20
2008.11.17 01:59:08.780,1.4745,1.47485,1.00,1.20
2008.11.17 01:59:09.620,1.47445,1.47485,1.00,1.20
2008.11.17 01:59:10.140,1.4741,1.47485,2.50,1.20
2008.11.17 01:59:10.429,1.47415,1.475,1.80,1.00
2008.11.17 01:59:10.729,1.4742,1.475,1.80,1.00
2008.11.17 01:59:11.129,1.4742,1.475,1.80,1.80
2008.11.17 01:59:11.639,1.4743,1.47495,1.80,1.20
2008.11.17 01:59:12.119,1.47435,1.475,1.00,3.00
2008.11.17 01:59:12.679,1.47425,1.475,1.80,1.80
2008.11.17 01:59:13.009,1.4742,1.475,1.80,1.80
2008.11.17 01:59:13.298,1.4742,1.47485,1.80,1.20
2008.11.17 01:59:13.859,1.4742,1.47495,1.80,1.80
2008.11.17 01:59:15.088,1.47435,1.47495,1.00,3.00
2008.11.17 01:59:18.047,1.47435,1.4749,1.00,1.80
2008.11.17 01:59:18.217,1.4744,1.4749,1.00,3.00
2008.11.17 01:59:19.637,1.4744,1.4749,1.80,1.20
2008.11.17 01:59:19.877,1.4744,1.47495,1.80,1.20
2008.11.17 01:59:20.227,1.4744,1.475,1.80,1.00
2008.11.17 01:59:21.266,1.47445,1.475,1.00,1.00
2008.11.17 01:59:21.437,1.4745,1.475,1.00,1.00
2008.11.17 01:59:21.827,1.4745,1.475,1.80,1.00
2008.11.17 01:59:22.056,1.4745,1.475,1.80,1.00
2008.11.17 01:59:22.337,1.4746,1.475,1.80,1.00
2008.11.17 01:59:22.966,1.47475,1.475,1.80,1.00
2008.11.17 01:59:23.416,1.4748,1.475,1.00,1.00
2008.11.17 01:59:23.816,1.4748,1.475,1.80,1.00
2008.11.17 01:59:24.036,1.4748,1.475,1.80,1.00
2008.11.17 01:59:25.056,1.47475,1.475,1.80,1.00
2008.11.17 01:59:25.566,1.47475,1.475,1.80,3.60
2008.11.17 01:59:25.915,1.47475,1.475,1.80,1.00
2008.11.17 01:59:26.915,1.47485,1.475,1.00,1.00
2008.11.17 01:59:28.645,1.47485,1.475,1.80,1.00
2008.11.17 01:59:29.224,1.47485,1.475,1.80,1.00
2008.11.17 01:59:29.405,1.47425,1.475,1.00,1.00
2008.11.17 01:59:29.805,1.4742,1.475,1.00,1.00
2008.11.17 01:59:30.215,1.4742,1.4751,1.00,3.60
2008.11.17 01:59:30.684,1.474,1.4751,1.00,3.60
2008.11.17 01:59:30.974,1.47415,1.4751,1.00,3.60
2008.11.17 01:59:31.254,1.4741,1.4751,1.00,3.60
2008.11.17 01:59:31.634,1.474,1.4751,1.00,3.60
2008.11.17 01:59:33.214,1.47415,1.4751,1.00,3.60
2008.11.17 01:59:33.573,1.47405,1.4751,4.20,3.60
2008.11.17 01:59:33.753,1.47425,1.4751,1.80,3.60
2008.11.17 01:59:33.983,1.47445,1.4751,1.00,3.60
2008.11.17 01:59:35.543,1.47455,1.475,1.00,1.20
2008.11.17 01:59:35.823,1.47465,1.475,1.00,1.20
2008.11.17 01:59:37.183,1.4746,1.475,1.00,1.20
2008.11.17 01:59:37.473,1.4746,1.475,1.80,1.20
2008.11.17 01:59:38.522,1.4746,1.475,1.00,1.20
2008.11.17 01:59:39.792,1.4747,1.475,1.00,1.20
2008.11.17 01:59:40.842,1.4745,1.475,1.00,1.20
2008.11.17 01:59:47.060,1.47435,1.475,1.00,1.20
2008.11.17 01:59:53.689,1.4745,1.475,1.00,1.20
2008.11.17 01:59:54.439,1.47435,1.475,1.00,1.20
2008.11.17 01:59:55.238,1.47435,1.475,1.00,1.20
2008.11.17 01:59:55.768,1.47435,1.475,1.00,1.20
