2015.12.28 03:00:00.396,1.49218,1.49227,1.15,1.00
2015.12.28 03:00:10.301,1.49218,1.49228,1.15,1.00
2015.12.28 03:00:23.094,1.49218,1.4923,1.15,1.00
2015.12.28 03:00:54.567,1.49218,1.4923,1.20,1.00
2015.12.28 03:01:05.616,1.49217,1.4923,1.12,1.00
2015.12.28 03:01:05.667,1.49216,1.49227,1.10,1.00
2015.12.28 03:01:06.327,1.49216,1.49231,1.00,1.27
2015.12.28 03:01:06.844,1.49216,1.49231,1.17,1.12
2015.12.28 03:01:11.081,1.49218,1.49231,1.00,1.00
2015.12.28 03:01:59.834,1.49217,1.49231,1.20,1.10
2015.12.28 03:02:28.000,1.49225,1.49233,1.00,1.07
2015.12.28 03:02:28.103,1.49221,1.49233,1.12,1.00
2015.12.28 03:02:28.255,1.49217,1.49234,2.40,1.75
2015.12.28 03:02:28.560,1.49218,1.49232,1.37,1.15
2015.12.28 03:02:29.232,1.49218,1.49231,1.50,1.00
2015.12.28 03:02:31.674,1.49219,1.49236,1.76,2.62
2015.12.28 03:02:31.775,1.49224,1.49236,1.00,1.20
2015.12.28 03:02:31.978,1.4922,1.49237,1.57,1.95
2015.12.28 03:02:32.029,1.4922,1.49237,1.17,2.25
2015.12.28 03:02:32.574,1.4922,1.49233,1.20,1.00
2015.12.28 03:03:06.646,1.49219,1.49231,1.12,1.00
2015.12.28 03:03:06.849,1.49216,1.49231,1.75,1.50
2015.12.28 03:03:09.947,1.49216,1.49228,1.50,1.00
2015.12.28 03:03:10.251,1.49212,1.49225,1.12,1.00
2015.12.28 03:03:10.708,1.49214,1.49225,1.10,1.00
2015.12.28 03:03:10.811,1.49214,1.49225,1.50,1.00
2015.12.28 03:03:10.863,1.49214,1.49227,1.87,1.00
2015.12.28 03:03:11.375,1.49216,1.49227,1.45,1.00
2015.12.28 03:03:29.526,1.49216,1.49229,1.45,1.10
2015.12.28 03:03:39.634,1.49215,1.49229,1.87,1.00
2015.12.28 03:03:42.971,1.49218,1.4923,1.45,1.10
2015.12.28 03:03:43.074,1.49218,1.49233,1.50,1.57
2015.12.28 03:03:43.125,1.4922,1.49233,1.47,1.50
2015.12.28 03:03:43.793,1.49221,1.49233,1.87,1.00
2015.12.28 03:03:58.793,1.49221,1.49235,1.87,1.00
2015.12.28 03:03:58.895,1.49224,1.49238,1.20,1.10
2015.12.28 03:03:59.729,1.49227,1.4924,1.37,1.07
2015.12.28 03:04:01.399,1.4923,1.49242,1.12,1.00
2015.12.28 03:04:10.116,1.4923,1.49238,1.12,1.00
2015.12.28 03:04:10.302,1.49228,1.49238,2.62,1.00
2015.12.28 03:04:10.558,1.49229,1.49239,1.12,1.00
2015.12.28 03:04:16.031,1.4923,1.49239,1.12,1.00
2015.12.28 03:04:16.599,1.49229,1.49238,1.87,1.00
2015.12.28 03:04:16.753,1.49227,1.49238,1.75,1.00
2015.12.28 03:04:17.160,1.49225,1.49238,1.50,1.00
2015.12.28 03:04:17.600,1.49227,1.49238,1.75,1.00
2015.12.28 03:04:18.111,1.49227,1.49238,2.25,1.00
2015.12.28 03:04:19.132,1.49227,1.4924,2.25,1.50
2015.12.28 03:04:19.899,1.49229,1.4924,1.12,1.50
2015.12.28 03:04:34.109,1.49229,1.49245,1.12,1.50
2015.12.28 03:04:34.211,1.49233,1.49245,2.25,1.00
2015.12.28 03:04:34.313,1.49237,1.49249,1.75,1.12
2015.12.28 03:04:35.422,1.49238,1.4925,1.12,1.50
2015.12.28 03:04:35.976,1.49238,1.4925,1.75,1.50
2015.12.28 03:04:43.742,1.49238,1.4925,1.12,1.50
2015.12.28 03:04:44.250,1.49237,1.49249,1.12,1.00
2015.12.28 03:04:44.403,1.49235,1.49249,2.62,1.00
2015.12.28 03:04:46.218,1.49236,1.49249,1.12,1.00
2015.12.28 03:04:46.271,1.49238,1.49249,1.12,1.00
2015.12.28 03:04:46.781,1.49238,1.4925,1.12,1.00
2015.12.28 03:04:47.085,1.4924,1.4925,1.12,1.00
2015.12.28 03:04:54.532,1.49239,1.4925,1.75,1.00
2015.12.28 03:05:34.248,1.49239,1.49251,1.75,1.00
2015.12.28 03:05:41.841,1.4924,1.49251,1.50,1.00
2015.12.28 03:05:42.346,1.4924,1.49251,1.12,1.00
2015.12.28 03:05:46.714,1.49239,1.49253,2.25,1.50
2015.12.28 03:05:59.534,1.49239,1.49253,1.87,1.50
2015.12.28 03:06:00.075,1.49237,1.4925,1.87,1.00
2015.12.28 03:06:00.125,1.49236,1.49248,1.27,1.00
2015.12.28 03:06:00.226,1.49236,1.49245,1.27,1.00
2015.12.28 03:06:00.734,1.49233,1.49245,2.25,1.00
2015.12.28 03:06:09.224,1.49234,1.49245,1.65,1.00
2015.12.28 03:06:12.753,1.49231,1.49245,1.12,1.50
2015.12.28 03:06:13.058,1.49229,1.49243,2.62,1.00
2015.12.28 03:06:13.589,1.49229,1.49243,1.87,1.50
2015.12.28 03:06:14.299,1.49229,1.49242,1.12,1.00
2015.12.28 03:06:31.675,1.49229,1.49242,1.45,1.00
2015.12.28 03:06:32.703,1.49227,1.49244,1.75,2.70
2015.12.28 03:06:38.156,1.49227,1.49243,1.75,1.00
2015.12.28 03:06:56.268,1.49228,1.49244,1.12,1.95
2015.12.28 03:07:02.533,1.49228,1.49243,1.12,1.00
2015.12.28 03:07:14.279,1.49228,1.49242,1.12,1.00
2015.12.28 03:07:14.382,1.49228,1.49238,1.12,1.00
2015.12.28 03:07:14.485,1.49224,1.49236,1.50,1.00
2015.12.28 03:07:14.587,1.49223,1.49236,1.95,1.00
2015.12.28 03:07:14.689,1.49225,1.49236,1.07,1.00
2015.12.28 03:07:28.157,1.49224,1.49236,1.17,1.00
2015.12.28 03:07:41.493,1.49224,1.49236,1.20,1.00
2015.12.28 03:07:42.000,1.49222,1.49236,1.20,1.17
2015.12.28 03:07:48.767,1.49222,1.49236,1.17,1.20
2015.12.28 03:07:49.276,1.49222,1.49236,1.20,1.17
2015.12.28 03:07:59.009,1.49222,1.49236,1.20,1.10
2015.12.28 03:08:02.546,1.49222,1.49236,1.00,1.17
2015.12.28 03:08:06.323,1.49223,1.49236,1.37,1.17
2015.12.28 03:08:06.425,1.49224,1.4924,1.75,1.00
2015.12.28 03:08:06.527,1.49226,1.49242,1.10,1.17
2015.12.28 03:08:06.833,1.49223,1.49239,1.75,2.25
2015.12.28 03:08:07.341,1.49222,1.49238,2.32,1.15
2015.12.28 03:08:07.645,1.49221,1.49234,1.50,1.00
2015.12.28 03:08:07.747,1.49221,1.49236,1.50,1.00
2015.12.28 03:08:08.248,1.49221,1.49236,1.50,1.00
2015.12.28 03:08:08.755,1.49223,1.49236,1.45,1.00
2015.12.28 03:08:28.508,1.49221,1.49236,1.95,1.00
2015.12.28 03:08:32.577,1.49222,1.49236,1.82,1.00
2015.12.28 03:08:57.329,1.49224,1.49236,1.15,1.00
2015.12.28 03:08:57.532,1.49224,1.49238,1.95,1.00
2015.12.28 03:08:57.690,1.49227,1.4924,1.00,1.00
2015.12.28 03:08:57.741,1.49227,1.49243,1.50,1.87
2015.12.28 03:08:57.895,1.49228,1.49244,1.92,1.00
2015.12.28 03:08:58.403,1.49229,1.49245,1.85,1.50
2015.12.28 03:09:02.242,1.49229,1.49245,1.75,1.57
2015.12.28 03:09:02.496,1.49229,1.49245,2.70,1.00
2015.12.28 03:09:46.977,1.49229,1.49245,1.95,1.37
2015.12.28 03:09:47.123,1.49231,1.49244,1.12,1.12
2015.12.28 03:09:47.683,1.49231,1.49246,1.45,1.45
2015.12.28 03:09:48.191,1.49229,1.49246,1.20,1.55
2015.12.28 03:09:48.719,1.49228,1.49246,4.20,1.57
2015.12.28 03:09:50.072,1.49231,1.49246,1.00,1.57
2015.12.28 03:09:56.822,1.4923,1.49246,1.12,1.82
2015.12.28 03:10:02.781,1.4923,1.49246,1.50,1.87
2015.12.28 03:10:14.959,1.49231,1.49247,1.95,1.87
2015.12.28 03:10:15.560,1.49231,1.49247,2.25,1.87
2015.12.28 03:10:38.868,1.49232,1.49247,1.45,1.27
2015.12.28 03:10:54.200,1.49235,1.49249,1.00,1.75
2015.12.28 03:10:54.507,1.49235,1.49249,1.12,1.10
2015.12.28 03:10:54.939,1.49235,1.49249,1.87,1.00
2015.12.28 03:10:56.768,1.49236,1.49249,1.12,1.00
2015.12.28 03:10:56.869,1.49235,1.49249,1.12,1.10
2015.12.28 03:10:57.377,1.49234,1.49249,2.25,1.57
2015.12.28 03:10:59.689,1.49234,1.49249,2.25,1.47
2015.12.28 03:11:00.197,1.49234,1.49249,1.87,1.57
2015.12.28 03:11:24.613,1.49235,1.49249,1.12,1.50
2015.12.28 03:11:24.926,1.49236,1.49249,1.50,1.00
2015.12.28 03:11:36.161,1.49236,1.49249,1.87,1.00
2015.12.28 03:11:36.313,1.49234,1.49249,2.25,1.00
2015.12.28 03:11:36.720,1.49233,1.49248,1.50,1.20
2015.12.28 03:11:43.616,1.49235,1.49248,1.57,1.10
2015.12.28 03:11:43.717,1.49235,1.49249,2.62,1.00
2015.12.28 03:11:48.995,1.49235,1.4925,1.12,1.45
2015.12.28 03:11:49.046,1.49234,1.49248,1.12,1.12
2015.12.28 03:11:49.352,1.49233,1.49248,1.20,1.57
2015.12.28 03:11:49.866,1.49232,1.49248,1.95,1.87
2015.12.28 03:11:50.273,1.49235,1.49248,1.37,1.12
2015.12.28 03:11:50.578,1.49236,1.49249,2.25,1.37
2015.12.28 03:11:51.095,1.49238,1.49249,1.15,1.00
2015.12.28 03:11:52.111,1.49238,1.49249,1.50,1.00
2015.12.28 03:11:54.693,1.49237,1.4925,1.12,3.37
2015.12.28 03:11:54.794,1.49234,1.4925,1.82,4.12
2015.12.28 03:11:55.302,1.49233,1.49247,1.20,1.10
2015.12.28 03:11:55.607,1.49234,1.49247,1.20,1.10
2015.12.28 03:11:59.694,1.49236,1.4925,1.07,2.32
2015.12.28 03:11:59.998,1.49236,1.49249,1.12,1.00
2015.12.28 03:12:04.515,1.49238,1.49249,1.82,1.00
2015.12.28 03:12:11.287,1.49234,1.49247,1.20,1.00
2015.12.28 03:12:11.338,1.49233,1.49248,2.25,1.07
2015.12.28 03:12:11.882,1.49233,1.49246,2.25,1.00
2015.12.28 03:12:14.954,1.49233,1.49246,2.25,1.10
2015.12.28 03:12:34.022,1.49234,1.49244,1.20,1.00
2015.12.28 03:12:34.329,1.49233,1.49241,1.50,1.00
2015.12.28 03:12:38.952,1.4923,1.49241,1.75,1.00
2015.12.28 03:12:39.465,1.4923,1.49241,1.12,1.00
2015.12.28 03:12:39.770,1.49229,1.4924,1.12,1.00
2015.12.28 03:12:40.296,1.49229,1.4924,1.12,1.00
2015.12.28 03:12:40.837,1.49229,1.49241,1.12,1.00
2015.12.28 03:12:41.630,1.49229,1.4924,1.12,1.00
2015.12.28 03:12:41.733,1.49223,1.49237,1.82,1.20
2015.12.28 03:12:41.835,1.49222,1.49232,1.95,1.00
2015.12.28 03:12:42.017,1.49221,1.49232,1.12,1.00
2015.12.28 03:12:42.524,1.49218,1.49233,1.12,1.20
2015.12.28 03:12:42.829,1.4922,1.49233,1.12,1.00
2015.12.28 03:12:43.033,1.4922,1.49233,1.12,1.00
2015.12.28 03:12:44.888,1.4922,1.49233,1.45,1.00
2015.12.28 03:12:47.334,1.4922,1.49233,1.12,1.00
2015.12.28 03:12:50.180,1.4922,1.49233,1.45,1.57
2015.12.28 03:12:50.287,1.49217,1.49233,1.50,1.87
2015.12.28 03:12:50.676,1.49217,1.49231,1.12,1.00
2015.12.28 03:12:51.202,1.49218,1.49231,1.75,1.00
2015.12.28 03:12:51.304,1.49218,1.49234,1.12,2.25
2015.12.28 03:12:51.981,1.49219,1.49234,1.75,1.00
2015.12.28 03:12:52.288,1.49222,1.49234,1.12,1.00
2015.12.28 03:13:01.861,1.49221,1.49234,1.75,1.00
2015.12.28 03:13:16.462,1.49221,1.49233,1.12,1.00
2015.12.28 03:13:22.103,1.49219,1.49233,1.87,1.00
2015.12.28 03:13:36.032,1.49219,1.49234,1.12,2.25
2015.12.28 03:13:41.671,1.49218,1.49232,1.12,1.00
2015.12.28 03:13:41.773,1.49217,1.49227,1.50,1.00
2015.12.28 03:13:42.343,1.49217,1.49228,1.12,1.50
2015.12.28 03:13:43.256,1.49217,1.49232,1.75,1.50
2015.12.28 03:13:43.408,1.49219,1.49232,1.12,1.00
2015.12.28 03:13:53.962,1.49218,1.49232,1.87,1.00
2015.12.28 03:13:57.262,1.49218,1.49232,1.75,1.00
2015.12.28 03:14:39.179,1.49218,1.49232,1.12,1.00
2015.12.28 03:14:43.245,1.49218,1.49234,1.87,1.00
2015.12.28 03:15:13.340,1.49218,1.49232,1.12,1.00
2015.12.28 03:15:13.443,1.49212,1.49231,3.75,1.12
2015.12.28 03:15:13.544,1.49213,1.49228,1.20,1.95
2015.12.28 03:15:13.646,1.49213,1.49223,1.07,1.00
2015.12.28 03:15:14.206,1.49209,1.49223,1.87,1.00
2015.12.28 03:15:22.581,1.49209,1.4922,1.12,1.00
2015.12.28 03:15:23.324,1.49206,1.49218,1.45,1.12
2015.12.28 03:15:23.426,1.49203,1.4921,1.07,1.00
2015.12.28 03:15:24.288,1.492,1.4921,1.12,1.00
2015.12.28 03:15:54.559,1.49199,1.49208,1.75,1.00
2015.12.28 03:15:54.661,1.49199,1.49208,1.50,1.00
2015.12.28 03:15:55.118,1.49199,1.49211,1.12,1.00
2015.12.28 03:15:55.220,1.49198,1.49211,1.12,1.00
2015.12.28 03:15:58.108,1.49198,1.49209,1.12,1.00
2015.12.28 03:15:58.635,1.49197,1.49209,2.25,1.00
2015.12.28 03:15:59.194,1.49197,1.49211,2.25,1.00
2015.12.28 03:15:59.296,1.49197,1.49209,2.62,1.00
2015.12.28 03:15:59.840,1.49197,1.4921,2.62,1.00
2015.12.28 03:16:04.961,1.49197,1.4921,1.87,1.00
2015.12.28 03:16:28.113,1.49198,1.49209,1.12,1.00
2015.12.28 03:16:36.493,1.49197,1.49209,1.12,1.00
2015.12.28 03:17:03.621,1.49196,1.49209,1.75,1.00
2015.12.28 03:17:28.173,1.49197,1.49213,1.12,1.12
2015.12.28 03:17:53.275,1.49199,1.49213,1.12,1.12
2015.12.28 03:17:56.195,1.49199,1.49212,1.12,1.00
2015.12.28 03:17:59.168,1.49199,1.49213,1.12,1.87
2015.12.28 03:18:03.262,1.49198,1.49213,1.12,2.25
2015.12.28 03:18:03.364,1.49196,1.49206,1.75,1.00
2015.12.28 03:18:03.570,1.49193,1.49201,1.45,1.00
2015.12.28 03:18:03.899,1.4919,1.49203,1.87,1.00
2015.12.28 03:18:04.052,1.49191,1.49203,1.12,1.00
2015.12.28 03:18:18.880,1.49193,1.49206,1.12,1.00
2015.12.28 03:18:18.982,1.49194,1.49209,1.50,1.10
2015.12.28 03:18:19.236,1.49194,1.49209,2.62,1.00
2015.12.28 03:18:19.649,1.49194,1.4921,1.12,1.17
2015.12.28 03:18:19.751,1.49193,1.49208,1.12,1.87
2015.12.28 03:18:20.056,1.49193,1.49202,1.07,1.00
2015.12.28 03:18:54.192,1.49194,1.49208,1.75,1.37
2015.12.28 03:18:54.244,1.49196,1.49212,1.50,2.92
2015.12.28 03:18:54.397,1.49196,1.49212,1.50,2.62
2015.12.28 03:18:54.905,1.49196,1.49209,1.50,1.00
2015.12.28 03:19:14.844,1.49201,1.49209,1.00,1.00
2015.12.28 03:19:15.049,1.49205,1.49215,1.15,1.00
2015.12.28 03:19:15.588,1.49205,1.49215,1.57,1.00
2015.12.28 03:19:16.095,1.49205,1.49215,1.87,1.00
2015.12.28 03:19:36.659,1.49207,1.49215,1.07,1.00
2015.12.28 03:19:37.065,1.4921,1.49215,1.37,1.00
2015.12.28 03:19:37.616,1.49211,1.49215,1.37,1.00
2015.12.28 03:19:41.600,1.4921,1.49215,1.37,1.00
2015.12.28 03:19:50.677,1.49211,1.49215,1.37,1.00
2015.12.28 03:19:51.678,1.4921,1.49215,1.47,1.00
2015.12.28 03:19:57.215,1.49211,1.49215,1.37,1.00
2015.12.28 03:19:58.192,1.4921,1.49215,1.47,1.00
2015.12.28 03:20:04.240,1.4921,1.49215,1.59,1.00
2015.12.28 03:20:04.752,1.4921,1.49215,1.55,1.00
2015.12.28 03:20:06.241,1.4921,1.49218,1.52,1.00
2015.12.28 03:20:17.378,1.49208,1.49216,1.12,1.00
2015.12.28 03:20:17.888,1.49206,1.49216,3.00,1.00
2015.12.28 03:20:18.794,1.49207,1.49218,1.12,1.00
2015.12.28 03:20:19.066,1.49208,1.49218,1.75,1.00
2015.12.28 03:20:47.484,1.49211,1.49218,1.45,1.00
2015.12.28 03:20:48.696,1.49209,1.49218,1.12,1.00
2015.12.28 03:21:07.510,1.49207,1.49218,1.57,1.00
2015.12.28 03:21:18.793,1.49206,1.4922,2.25,1.12
2015.12.28 03:21:31.671,1.49206,1.49221,1.50,1.00
2015.12.28 03:21:36.954,1.49208,1.4922,1.17,1.00
2015.12.28 03:21:37.522,1.49208,1.4922,1.47,1.00
2015.12.28 03:21:39.128,1.49208,1.49221,1.45,1.00
2015.12.28 03:21:41.714,1.49208,1.49221,1.15,1.00
2015.12.28 03:21:42.236,1.49208,1.4922,1.15,1.00
2015.12.28 03:21:52.433,1.49206,1.4922,1.20,1.00
2015.12.28 03:22:09.951,1.49206,1.49221,1.20,1.10
2015.12.28 03:22:10.103,1.49204,1.49216,1.87,1.00
2015.12.28 03:22:10.255,1.49204,1.49216,1.20,1.00
2015.12.28 03:22:10.863,1.49202,1.49214,1.95,1.00
2015.12.28 03:22:11.127,1.49202,1.49214,1.57,1.00
2015.12.28 03:22:15.057,1.49202,1.49214,1.17,1.00
2015.12.28 03:22:16.018,1.49205,1.49214,1.00,1.00
2015.12.28 03:22:16.171,1.49205,1.49216,1.00,1.00
2015.12.28 03:22:16.491,1.49205,1.49216,1.20,1.00
2015.12.28 03:22:22.718,1.49203,1.49214,1.87,1.00
2015.12.28 03:22:22.769,1.49203,1.49214,1.50,1.00
2015.12.28 03:22:22.872,1.49202,1.49214,1.17,1.00
2015.12.28 03:22:28.142,1.49202,1.49215,1.00,1.57
2015.12.28 03:22:41.850,1.49203,1.49215,1.00,1.10
2015.12.28 03:22:42.003,1.49203,1.49217,1.27,1.00
2015.12.28 03:22:42.516,1.49205,1.49219,1.20,1.20
2015.12.28 03:22:42.968,1.49205,1.49219,1.17,1.65
2015.12.28 03:22:50.784,1.49204,1.49219,1.15,1.95
2015.12.28 03:22:50.835,1.49204,1.49215,1.15,1.00
2015.12.28 03:22:51.341,1.49204,1.49215,1.10,1.00
2015.12.28 03:22:57.270,1.49203,1.49215,1.20,1.00
2015.12.28 03:22:58.232,1.49201,1.49215,2.40,1.00
2015.12.28 03:22:59.174,1.49202,1.49215,1.15,1.00
2015.12.28 03:22:59.680,1.49202,1.49215,1.20,1.00
2015.12.28 03:23:00.016,1.49204,1.49215,1.00,1.00
2015.12.28 03:23:00.067,1.49204,1.49217,1.10,1.10
2015.12.28 03:23:00.577,1.49205,1.49217,1.10,1.00
2015.12.28 03:23:02.881,1.49205,1.49217,1.87,1.00
2015.12.28 03:23:02.932,1.49205,1.49219,3.00,1.00
2015.12.28 03:23:09.605,1.49206,1.49219,1.50,1.00
2015.12.28 03:23:22.259,1.49206,1.49219,1.87,1.00
2015.12.28 03:23:23.273,1.49207,1.49219,1.57,1.00
2015.12.28 03:23:37.116,1.49207,1.49219,1.17,1.00
2015.12.28 03:23:50.176,1.49207,1.49219,1.57,1.00
2015.12.28 03:23:52.382,1.49207,1.49219,1.45,1.00
2015.12.28 03:24:02.910,1.49207,1.4922,1.87,1.00
2015.12.28 03:24:07.031,1.49208,1.4922,1.50,1.00
2015.12.28 03:24:08.472,1.49208,1.4922,1.50,1.00
2015.12.28 03:24:11.975,1.49208,1.4922,1.87,1.00
2015.12.28 03:24:12.482,1.49209,1.49221,1.87,1.00
2015.12.28 03:24:22.391,1.49209,1.4922,1.12,1.00
2015.12.28 03:24:22.897,1.49208,1.4922,2.62,1.00
2015.12.28 03:24:26.069,1.49208,1.4922,1.57,1.00
2015.12.28 03:24:41.587,1.49208,1.4922,1.50,1.00
2015.12.28 03:25:20.512,1.49208,1.4922,1.12,1.00
2015.12.28 03:25:24.909,1.49208,1.49217,1.12,1.00
2015.12.28 03:25:25.413,1.49207,1.49217,1.87,1.00
2015.12.28 03:25:25.616,1.49207,1.49217,1.20,1.00
2015.12.28 03:25:25.667,1.49207,1.49217,1.57,1.00
2015.12.28 03:25:30.621,1.49207,1.49217,1.87,1.00
2015.12.28 03:25:35.352,1.49207,1.49217,2.25,1.00
2015.12.28 03:25:39.655,1.49208,1.49219,1.12,1.00
2015.12.28 03:25:49.646,1.49208,1.49219,1.87,1.00
2015.12.28 03:25:58.010,1.49208,1.49219,1.87,1.00
2015.12.28 03:26:37.318,1.49208,1.49218,1.87,1.00
2015.12.28 03:27:18.513,1.49209,1.49218,1.20,1.00
2015.12.28 03:27:19.020,1.49209,1.49218,1.17,1.00
2015.12.28 03:27:37.283,1.49209,1.49221,1.27,1.00
2015.12.28 03:28:17.180,1.49208,1.49221,2.02,1.00
2015.12.28 03:28:50.181,1.49208,1.49218,1.27,1.00
2015.12.28 03:29:12.486,1.49207,1.49218,1.45,1.00
2015.12.28 03:29:50.169,1.49208,1.4922,1.20,1.00
2015.12.28 03:30:05.046,1.49208,1.49219,1.95,1.00
2015.12.28 03:30:07.811,1.49207,1.49221,1.50,1.00
2015.12.28 03:30:15.375,1.49207,1.49219,1.50,1.00
2015.12.28 03:30:15.745,1.4921,1.49225,1.50,1.65
2015.12.28 03:30:15.845,1.4921,1.49221,1.12,1.00
2015.12.28 03:30:16.021,1.49214,1.49228,1.20,1.12
2015.12.28 03:30:16.124,1.49218,1.49226,1.12,1.00
2015.12.28 03:30:16.506,1.49224,1.49232,2.62,1.00
2015.12.28 03:30:16.558,1.49226,1.49234,1.17,1.00
2015.12.28 03:30:17.169,1.49226,1.49236,1.27,1.00
2015.12.28 03:30:18.150,1.49226,1.49236,1.20,1.00
2015.12.28 03:30:18.252,1.49226,1.49236,1.57,1.00
2015.12.28 03:30:22.021,1.49226,1.49232,1.12,1.00
2015.12.28 03:30:22.188,1.49222,1.49232,1.27,1.00
2015.12.28 03:30:22.341,1.49223,1.49234,1.57,1.00
2015.12.28 03:30:22.493,1.49223,1.49234,2.25,1.00
2015.12.28 03:30:23.679,1.49223,1.49234,2.25,1.00
2015.12.28 03:30:24.239,1.49225,1.49237,1.12,1.12
2015.12.28 03:30:24.341,1.49226,1.49237,1.45,1.12
2015.12.28 03:30:26.183,1.49225,1.49237,1.12,1.00
2015.12.28 03:30:30.264,1.49224,1.49234,1.87,1.00
2015.12.28 03:30:30.366,1.49224,1.49234,1.45,1.00
2015.12.28 03:30:30.417,1.49221,1.49231,2.62,1.50
2015.12.28 03:30:30.525,1.49221,1.49231,1.57,1.50
2015.12.28 03:30:32.581,1.49223,1.49231,1.17,1.50
2015.12.28 03:30:41.911,1.49221,1.49231,1.57,1.50
2015.12.28 03:30:42.824,1.49222,1.49231,1.20,1.50
2015.12.28 03:31:00.617,1.4922,1.49231,2.62,1.50
2015.12.28 03:31:01.073,1.49218,1.4923,1.17,1.00
2015.12.28 03:31:01.580,1.49218,1.4923,1.20,1.15
2015.12.28 03:31:02.178,1.49218,1.4923,1.10,1.20
2015.12.28 03:31:02.686,1.49218,1.4923,1.00,1.15
2015.12.28 03:31:04.543,1.49218,1.4923,1.17,1.00
2015.12.28 03:31:11.189,1.49218,1.4923,1.20,1.00
2015.12.28 03:31:12.307,1.49218,1.4923,1.10,1.10
2015.12.28 03:31:22.313,1.49217,1.4923,2.02,1.10
2015.12.28 03:31:33.284,1.49216,1.4923,3.52,1.17
2015.12.28 03:31:42.297,1.49215,1.4923,1.95,1.17
2015.12.28 03:32:01.337,1.49218,1.49231,1.10,1.17
2015.12.28 03:32:01.844,1.49217,1.49231,1.57,1.10
2015.12.28 03:32:04.840,1.49218,1.49231,1.57,1.10
2015.12.28 03:32:05.356,1.49218,1.49231,1.50,1.00
2015.12.28 03:32:23.357,1.49219,1.49231,1.45,1.07
2015.12.28 03:32:46.438,1.49216,1.49232,1.20,1.20
2015.12.28 03:33:22.303,1.49216,1.4923,1.95,1.10
2015.12.28 03:34:02.276,1.49215,1.4923,1.92,1.00
2015.12.28 03:34:16.612,1.49215,1.49232,1.92,1.17
2015.12.28 03:34:22.210,1.49215,1.49232,4.65,1.17
2015.12.28 03:34:38.613,1.49215,1.49229,3.90,1.00
2015.12.28 03:34:38.664,1.49214,1.49229,1.95,1.00
2015.12.28 03:34:38.930,1.49216,1.49229,1.00,1.17
2015.12.28 03:34:38.980,1.49212,1.49229,2.32,1.17
2015.12.28 03:34:41.588,1.49212,1.49229,4.95,1.17
2015.12.28 03:34:42.592,1.49212,1.49229,1.95,1.17
2015.12.28 03:34:43.101,1.49212,1.49227,1.92,1.17
2015.12.28 03:34:57.923,1.49213,1.49227,1.45,1.00
2015.12.28 03:34:58.430,1.49216,1.49227,1.00,1.00
2015.12.28 03:35:02.656,1.49212,1.49227,1.95,1.00
2015.12.28 03:35:03.162,1.49212,1.49227,1.00,1.17
2015.12.28 03:35:18.424,1.49215,1.49229,1.00,3.07
2015.12.28 03:35:18.678,1.49215,1.49229,1.00,2.40
2015.12.28 03:35:19.205,1.49215,1.4923,1.82,1.20
2015.12.28 03:35:19.256,1.49216,1.4923,1.57,1.00
2015.12.28 03:35:19.764,1.49216,1.49231,1.87,1.00
2015.12.28 03:36:13.233,1.49215,1.49231,1.57,1.17
2015.12.28 03:36:13.588,1.49216,1.49228,1.47,1.00
2015.12.28 03:36:13.931,1.49213,1.49228,1.27,3.00
2015.12.28 03:36:14.897,1.49212,1.49228,4.65,3.00
2015.12.28 03:36:15.346,1.49212,1.49228,1.65,3.00
2015.12.28 03:36:16.156,1.49212,1.49224,1.65,1.50
2015.12.28 03:36:16.207,1.49212,1.49224,1.65,1.50
2015.12.28 03:36:16.713,1.49212,1.49224,1.00,1.17
2015.12.28 03:36:51.112,1.49213,1.49223,1.00,1.20
2015.12.28 03:37:11.777,1.49213,1.49224,1.00,1.57
2015.12.28 03:37:25.534,1.4921,1.49224,1.27,1.57
2015.12.28 03:37:32.048,1.49211,1.49223,1.57,1.17
2015.12.28 03:37:32.554,1.49211,1.49223,1.95,1.00
2015.12.28 03:37:36.831,1.49211,1.49224,1.57,1.10
2015.12.28 03:37:37.536,1.49209,1.49224,1.57,1.10
2015.12.28 03:37:37.588,1.49209,1.49224,1.57,1.47
2015.12.28 03:37:38.100,1.49209,1.49224,1.57,1.87
2015.12.28 03:37:44.467,1.4921,1.49223,1.50,1.10
2015.12.28 03:38:13.645,1.4921,1.49222,1.12,1.00
2015.12.28 03:38:36.499,1.4921,1.49221,1.12,1.00
2015.12.28 03:38:42.643,1.49209,1.4922,1.87,1.50
2015.12.28 03:39:25.682,1.49209,1.49219,1.87,1.00
2015.12.28 03:39:32.353,1.49209,1.4922,1.75,1.00
2015.12.28 03:39:34.596,1.49209,1.4922,1.75,1.00
2015.12.28 03:39:41.833,1.4921,1.49222,1.50,1.50
2015.12.28 03:39:42.374,1.4921,1.49222,1.95,1.50
2015.12.28 03:40:02.076,1.4921,1.49222,1.07,1.47
2015.12.28 03:40:10.569,1.49209,1.49222,1.95,1.10
2015.12.28 03:40:27.370,1.4921,1.49218,1.20,1.00
2015.12.28 03:40:27.472,1.49203,1.49215,2.25,1.00
2015.12.28 03:40:27.523,1.49203,1.49213,1.50,1.00
2015.12.28 03:40:27.575,1.49201,1.49213,1.95,1.00
2015.12.28 03:40:27.686,1.492,1.49211,1.10,1.50
2015.12.28 03:40:27.839,1.49199,1.49205,1.20,1.00
2015.12.28 03:40:28.245,1.49197,1.49204,1.65,1.00
2015.12.28 03:40:30.150,1.49196,1.49207,2.70,1.00
2015.12.28 03:40:30.665,1.49198,1.49207,1.27,1.00
2015.12.28 03:40:34.689,1.49198,1.49207,1.57,1.00
2015.12.28 03:40:35.230,1.49198,1.49207,1.87,1.00
2015.12.28 03:40:39.400,1.49198,1.4921,2.25,1.50
2015.12.28 03:40:39.485,1.49201,1.49213,1.10,1.50
2015.12.28 03:40:39.537,1.49203,1.49213,1.12,1.00
2015.12.28 03:40:39.842,1.49204,1.49209,1.15,1.00
2015.12.28 03:40:40.146,1.49204,1.49209,1.75,1.00
2015.12.28 03:40:41.764,1.49204,1.49208,1.75,1.00
2015.12.28 03:40:41.917,1.49197,1.49211,1.50,1.50
2015.12.28 03:40:41.969,1.49197,1.49211,2.25,1.50
2015.12.28 03:40:42.121,1.49201,1.49216,2.25,1.27
2015.12.28 03:40:42.173,1.49201,1.49216,2.25,1.20
2015.12.28 03:40:42.479,1.49207,1.49217,1.87,1.00
2015.12.28 03:40:43.029,1.49208,1.49217,1.50,1.00
2015.12.28 03:40:44.397,1.49208,1.49214,1.12,1.00
2015.12.28 03:40:44.499,1.49203,1.49213,1.20,1.00
2015.12.28 03:40:44.550,1.49201,1.49214,2.25,1.87
2015.12.28 03:40:44.601,1.49201,1.4921,1.50,1.00
2015.12.28 03:40:45.136,1.49201,1.4921,1.12,1.00
2015.12.28 03:40:45.731,1.492,1.4921,2.25,1.00
2015.12.28 03:40:58.724,1.492,1.49207,1.57,1.00
2015.12.28 03:40:58.826,1.492,1.49207,1.20,1.00
2015.12.28 03:40:59.849,1.492,1.49207,1.57,1.00
2015.12.28 03:41:01.070,1.492,1.49209,1.57,1.00
2015.12.28 03:41:01.275,1.492,1.49207,1.57,1.00
2015.12.28 03:41:01.376,1.492,1.4921,1.20,1.50
2015.12.28 03:41:01.428,1.492,1.4921,1.57,1.00
2015.12.28 03:41:01.783,1.492,1.4921,1.87,1.00
2015.12.28 03:41:02.088,1.49199,1.49207,1.87,1.00
2015.12.28 03:41:02.923,1.49204,1.49212,1.00,1.00
2015.12.28 03:41:02.974,1.49204,1.49212,1.37,1.00
2015.12.28 03:41:03.076,1.49208,1.49219,1.10,1.47
2015.12.28 03:41:03.229,1.49208,1.49221,1.47,1.07
2015.12.28 03:41:04.204,1.49208,1.49221,1.47,1.00
2015.12.28 03:41:05.960,1.49208,1.49221,1.37,1.15
2015.12.28 03:41:10.606,1.49207,1.49222,1.65,1.17
2015.12.28 03:41:13.119,1.49206,1.49218,1.20,1.00
2015.12.28 03:41:13.425,1.492,1.49209,2.70,1.00
2015.12.28 03:41:13.476,1.492,1.49209,1.65,1.00
2015.12.28 03:41:14.086,1.49202,1.49209,1.00,1.00
2015.12.28 03:41:14.137,1.49202,1.49206,1.00,1.00
2015.12.28 03:41:14.302,1.492,1.49206,1.12,1.00
2015.12.28 03:41:15.178,1.49202,1.49206,1.00,1.00
2015.12.28 03:41:15.229,1.49202,1.49215,1.00,2.25
2015.12.28 03:41:15.752,1.49202,1.49211,1.12,1.00
2015.12.28 03:41:15.794,1.49202,1.49211,1.50,1.00
2015.12.28 03:41:16.135,1.49202,1.49215,1.75,1.20
2015.12.28 03:41:16.187,1.49204,1.49215,1.75,1.12
2015.12.28 03:41:16.239,1.49205,1.49217,1.50,1.10
2015.12.28 03:41:16.290,1.49208,1.49217,1.00,1.10
2015.12.28 03:41:16.595,1.49209,1.49222,3.00,1.17
2015.12.28 03:41:17.116,1.49209,1.49222,3.07,1.00
2015.12.28 03:41:17.874,1.49211,1.49224,1.75,1.17
2015.12.28 03:41:17.926,1.49211,1.49225,1.12,2.25
2015.12.28 03:41:18.130,1.49212,1.49226,1.75,1.75
2015.12.28 03:41:18.282,1.49212,1.49226,1.75,1.45
2015.12.28 03:41:19.626,1.49212,1.49218,1.75,1.00
2015.12.28 03:41:19.768,1.49211,1.49218,1.00,1.50
2015.12.28 03:41:19.814,1.49202,1.49215,1.75,1.37
2015.12.28 03:41:20.120,1.49199,1.49204,1.50,1.00
2015.12.28 03:41:20.323,1.49199,1.49206,1.00,1.00
2015.12.28 03:41:20.528,1.49198,1.49206,1.75,1.00
2015.12.28 03:41:39.682,1.492,1.49212,1.50,1.10
2015.12.28 03:41:39.732,1.49203,1.49212,1.12,1.00
2015.12.28 03:41:39.884,1.49206,1.49221,1.00,1.87
2015.12.28 03:41:39.936,1.49207,1.49221,1.37,1.12
2015.12.28 03:41:39.987,1.49207,1.49223,1.75,1.87
2015.12.28 03:41:40.523,1.49207,1.49221,1.75,1.20
2015.12.28 03:41:41.194,1.49207,1.49221,1.85,1.17
2015.12.28 03:41:44.041,1.49207,1.49221,1.92,1.00
2015.12.28 03:42:02.190,1.49211,1.49224,1.00,1.27
2015.12.28 03:42:02.392,1.49211,1.49226,1.50,1.80
2015.12.28 03:42:02.544,1.49214,1.49227,1.00,1.87
2015.12.28 03:42:02.646,1.49215,1.49229,1.10,1.57
2015.12.28 03:42:02.849,1.49214,1.4923,3.82,2.77
2015.12.28 03:42:03.305,1.49218,1.4923,1.00,1.10
2015.12.28 03:42:04.436,1.49219,1.49233,1.12,1.87
2015.12.28 03:42:04.589,1.49219,1.49234,2.62,1.10
2015.12.28 03:42:04.843,1.49219,1.49235,2.62,2.32
2015.12.28 03:42:06.619,1.49219,1.49228,1.50,1.00
2015.12.28 03:42:06.924,1.49209,1.4922,2.32,1.10
2015.12.28 03:42:09.251,1.4921,1.49215,1.07,1.00
2015.12.28 03:42:09.557,1.49199,1.49205,1.65,1.00
2015.12.28 03:42:09.917,1.49198,1.49207,2.40,1.00
2015.12.28 03:42:10.425,1.49199,1.49207,1.45,1.00
2015.12.28 03:42:10.899,1.492,1.49211,1.45,1.00
2015.12.28 03:42:11.102,1.49204,1.49211,1.00,1.00
2015.12.28 03:42:11.356,1.49204,1.49218,3.00,1.00
2015.12.28 03:42:11.407,1.49204,1.49219,4.20,1.20
2015.12.28 03:42:11.712,1.49207,1.4922,4.95,1.00
2015.12.28 03:42:18.498,1.49208,1.49222,1.92,1.00
2015.12.28 03:42:19.015,1.49208,1.49222,1.92,1.00
2015.12.28 03:42:35.430,1.4921,1.49225,1.37,1.15
2015.12.28 03:42:35.735,1.49211,1.49227,3.82,1.82
2015.12.28 03:42:37.483,1.49211,1.49227,3.75,1.20
2015.12.28 03:42:37.840,1.49211,1.49221,3.00,1.00
2015.12.28 03:42:38.145,1.49204,1.4921,1.07,1.00
2015.12.28 03:42:38.451,1.49198,1.49206,4.95,1.00
2015.12.28 03:42:40.006,1.49203,1.49206,1.12,1.00
2015.12.28 03:42:40.057,1.49204,1.49217,1.00,1.12
2015.12.28 03:42:40.109,1.49207,1.49219,1.37,1.75
2015.12.28 03:42:40.160,1.49207,1.49221,1.37,1.57
2015.12.28 03:42:40.414,1.49208,1.49224,3.07,1.12
2015.12.28 03:42:40.922,1.49208,1.49225,3.07,1.87
2015.12.28 03:42:41.770,1.49208,1.49225,3.75,1.52
2015.12.28 03:42:42.284,1.49209,1.49225,3.90,1.52
2015.12.28 03:42:42.811,1.4921,1.49225,2.40,1.52
2015.12.28 03:42:43.750,1.4921,1.49224,3.00,1.20
2015.12.28 03:42:43.902,1.49212,1.49226,1.75,1.52
2015.12.28 03:42:46.283,1.49211,1.49219,3.00,1.00
2015.12.28 03:42:46.537,1.49199,1.49213,1.92,1.15
2015.12.28 03:42:46.588,1.492,1.49213,1.10,1.15
2015.12.28 03:42:46.639,1.492,1.49205,1.00,1.00
2015.12.28 03:42:47.146,1.49199,1.49206,1.00,1.00
2015.12.28 03:42:47.678,1.49199,1.49207,1.00,1.00
2015.12.28 03:42:48.272,1.49199,1.49207,1.20,1.00
2015.12.28 03:42:48.632,1.492,1.49212,1.00,1.12
2015.12.28 03:42:48.785,1.49202,1.49212,1.00,1.10
2015.12.28 03:42:48.836,1.49203,1.49215,1.17,1.00
2015.12.28 03:42:48.989,1.49203,1.49215,2.25,1.00
2015.12.28 03:42:53.495,1.49203,1.49212,1.92,1.00
2015.12.28 03:42:54.024,1.49202,1.49212,1.75,1.00
2015.12.28 03:42:54.543,1.49206,1.49212,1.12,1.00
2015.12.28 03:42:54.594,1.49207,1.49217,1.12,1.00
2015.12.28 03:42:54.645,1.49207,1.49221,1.57,1.20
2015.12.28 03:42:54.747,1.49207,1.49223,1.95,2.02
2015.12.28 03:42:55.249,1.4921,1.4922,1.00,1.00
2015.12.28 03:42:56.571,1.49208,1.49218,1.20,1.00
2015.12.28 03:42:57.114,1.49207,1.49218,1.20,1.00
2015.12.28 03:42:58.882,1.49207,1.49219,1.20,1.00
2015.12.28 03:42:59.343,1.49208,1.49222,4.57,1.17
2015.12.28 03:43:02.148,1.49208,1.49222,4.95,1.10
2015.12.28 03:43:02.670,1.49209,1.49222,2.32,1.10
2015.12.28 03:43:04.229,1.49209,1.49217,2.32,1.00
2015.12.28 03:43:04.382,1.49203,1.4921,1.20,1.00
2015.12.28 03:43:04.480,1.49202,1.49206,1.75,1.00
2015.12.28 03:43:04.685,1.49198,1.49206,1.65,1.00
2015.12.28 03:43:05.141,1.49199,1.49211,1.87,1.00
2015.12.28 03:43:05.192,1.492,1.49211,1.75,1.00
2015.12.28 03:43:05.498,1.49201,1.49211,3.15,1.00
2015.12.28 03:43:07.670,1.49202,1.49215,1.92,1.10
2015.12.28 03:43:07.873,1.49204,1.49217,1.92,1.00
2015.12.28 03:43:08.178,1.49208,1.49221,2.25,1.20
2015.12.28 03:43:08.331,1.49208,1.49221,2.32,1.10
2015.12.28 03:43:09.095,1.49209,1.49221,2.25,1.10
2015.12.28 03:43:09.777,1.4921,1.49225,1.85,1.15
2015.12.28 03:43:09.828,1.4921,1.49225,1.75,1.50
2015.12.28 03:43:10.133,1.49211,1.49225,3.75,1.45
2015.12.28 03:43:10.184,1.49211,1.49225,3.75,1.15
2015.12.28 03:43:11.859,1.49211,1.49216,3.37,1.12
2015.12.28 03:43:12.013,1.49201,1.49204,1.00,1.37
2015.12.28 03:43:12.064,1.49195,1.49199,1.37,1.00
2015.12.28 03:43:12.268,1.49195,1.49202,1.12,1.00
2015.12.28 03:43:12.371,1.49193,1.492,1.20,1.00
2015.12.28 03:43:12.478,1.49195,1.49202,1.17,1.00
2015.12.28 03:43:12.993,1.49194,1.49202,1.07,1.00
2015.12.28 03:43:13.500,1.49194,1.49202,1.20,1.00
2015.12.28 03:43:14.661,1.49195,1.49202,1.20,1.00
2015.12.28 03:43:14.712,1.49195,1.49208,1.50,1.00
2015.12.28 03:43:15.220,1.49194,1.49207,4.95,1.00
2015.12.28 03:43:18.333,1.49196,1.49204,1.20,1.00
2015.12.28 03:43:18.536,1.49194,1.492,1.20,1.00
2015.12.28 03:43:21.695,1.49193,1.492,1.20,1.00
2015.12.28 03:43:21.746,1.49193,1.49202,1.50,1.00
2015.12.28 03:43:21.849,1.49195,1.49202,1.50,1.00
2015.12.28 03:43:22.357,1.49196,1.49202,1.12,1.00
2015.12.28 03:43:23.369,1.49196,1.492,1.12,1.00
2015.12.28 03:43:23.471,1.49194,1.492,1.50,1.00
2015.12.28 03:43:23.623,1.49193,1.492,1.20,1.00
2015.12.28 03:43:28.870,1.49192,1.49202,1.75,1.10
2015.12.28 03:43:29.023,1.49197,1.49206,1.00,1.12
2015.12.28 03:43:29.328,1.49197,1.4921,3.07,1.20
2015.12.28 03:43:30.216,1.49197,1.4921,3.75,1.20
2015.12.28 03:43:30.855,1.49197,1.4921,3.00,1.50
2015.12.28 03:43:32.406,1.492,1.4921,1.50,1.17
2015.12.28 03:43:34.842,1.49198,1.4921,2.32,1.10
2015.12.28 03:43:38.882,1.492,1.49205,1.12,1.00
2015.12.28 03:43:41.879,1.49197,1.49205,1.50,1.00
2015.12.28 03:43:42.397,1.49199,1.49205,1.20,1.00
2015.12.28 03:43:49.699,1.49199,1.4921,1.20,1.00
2015.12.28 03:43:49.801,1.49198,1.4921,1.95,1.10
2015.12.28 03:43:54.961,1.492,1.49212,1.95,1.20
2015.12.28 03:44:02.298,1.49201,1.49212,1.50,1.20
2015.12.28 03:44:09.358,1.49201,1.49212,1.57,1.00
2015.12.28 03:44:09.877,1.49201,1.49212,1.50,1.12
2015.12.28 03:44:10.385,1.49201,1.49212,2.32,1.10
2015.12.28 03:44:11.162,1.49203,1.49212,1.00,1.10
2015.12.28 03:44:15.903,1.49201,1.49212,2.32,1.10
2015.12.28 03:44:22.255,1.49201,1.49212,1.95,1.10
2015.12.28 03:44:28.954,1.49201,1.4921,1.95,1.00
2015.12.28 03:44:29.461,1.49201,1.4921,2.02,1.00
2015.12.28 03:44:35.333,1.49201,1.49215,1.27,2.70
2015.12.28 03:44:40.010,1.49202,1.49215,1.10,1.87
2015.12.28 03:44:41.938,1.49205,1.49215,1.50,1.75
2015.12.28 03:44:42.091,1.4921,1.49223,1.50,2.32
2015.12.28 03:44:42.142,1.49213,1.49224,1.00,1.12
2015.12.28 03:44:42.244,1.49213,1.49226,1.00,1.87
2015.12.28 03:44:42.655,1.49213,1.49226,1.50,1.87
2015.12.28 03:44:48.939,1.4922,1.49226,1.00,1.12
2015.12.28 03:44:49.092,1.49224,1.49231,1.00,1.50
2015.12.28 03:44:49.194,1.49225,1.49239,1.12,2.25
2015.12.28 03:44:49.246,1.49226,1.49239,1.50,2.25
2015.12.28 03:44:53.568,1.49227,1.4924,1.12,1.57
2015.12.28 03:44:54.318,1.49228,1.49241,1.00,2.25
2015.12.28 03:44:56.044,1.49229,1.49242,1.00,3.37
2015.12.28 03:44:58.816,1.49228,1.49241,1.50,1.45
2015.12.28 03:44:59.977,1.49228,1.49242,1.50,1.55
2015.12.28 03:45:00.543,1.4923,1.49242,1.00,1.27
2015.12.28 03:45:01.902,1.49229,1.49242,1.00,1.27
2015.12.28 03:45:03.065,1.4923,1.49243,1.00,1.95
2015.12.28 03:45:03.572,1.4923,1.49243,1.12,1.55
2015.12.28 03:45:04.334,1.49231,1.49243,1.00,1.27
2015.12.28 03:45:04.840,1.49231,1.49244,1.00,1.55
2015.12.28 03:45:05.211,1.49231,1.49243,1.00,1.07
2015.12.28 03:45:05.910,1.49231,1.49244,1.00,1.50
2015.12.28 03:45:06.423,1.49232,1.49244,1.00,1.50
2015.12.28 03:45:07.586,1.49233,1.49245,1.00,1.12
2015.12.28 03:45:07.637,1.49233,1.49248,1.20,2.25
2015.12.28 03:45:07.688,1.49233,1.49248,1.95,1.87
2015.12.28 03:45:08.297,1.49235,1.49249,1.87,1.87
2015.12.28 03:45:08.805,1.49237,1.49249,1.00,1.12
2015.12.28 03:45:09.319,1.49237,1.4925,1.00,3.37
2015.12.28 03:45:09.836,1.49237,1.49249,1.00,1.12
2015.12.28 03:45:25.844,1.49236,1.49248,1.50,1.57
2015.12.28 03:45:34.431,1.49235,1.49247,1.12,1.20
2015.12.28 03:45:40.987,1.49233,1.49248,1.85,1.52
2015.12.28 03:45:42.846,1.49234,1.49248,1.00,2.02
2015.12.28 03:45:43.426,1.49233,1.49248,1.47,2.02
2015.12.28 03:45:47.450,1.49233,1.49247,1.47,1.27
2015.12.28 03:46:03.816,1.49234,1.49247,1.00,1.55
2015.12.28 03:46:05.764,1.49234,1.49247,1.00,2.02
2015.12.28 03:46:09.829,1.49234,1.49248,1.00,1.52
2015.12.28 03:46:10.830,1.49234,1.49249,1.00,3.07
2015.12.28 03:46:22.272,1.49232,1.49249,1.92,2.32
2015.12.28 03:46:36.477,1.49232,1.49248,1.92,1.52
2015.12.28 03:46:41.503,1.49232,1.49247,1.92,1.55
2015.12.28 03:46:42.258,1.49232,1.49248,1.92,1.52
2015.12.28 03:46:51.737,1.49231,1.49249,1.95,3.07
2015.12.28 03:46:55.702,1.49231,1.49248,1.95,1.52
2015.12.28 03:47:02.275,1.49231,1.49248,3.45,1.52
2015.12.28 03:47:02.856,1.49231,1.49248,3.45,1.52
2015.12.28 03:47:14.698,1.49231,1.49246,3.45,1.47
2015.12.28 03:47:15.672,1.49232,1.49247,1.92,1.55
2015.12.28 03:47:16.641,1.49232,1.49248,1.92,2.02
2015.12.28 03:47:22.344,1.49232,1.49248,1.92,1.52
2015.12.28 03:47:40.642,1.49231,1.49246,1.95,1.07
2015.12.28 03:47:41.156,1.49231,1.49246,1.90,1.45
2015.12.28 03:47:54.397,1.4923,1.49246,1.45,3.37
2015.12.28 03:47:54.449,1.4923,1.49245,1.17,1.57
2015.12.28 03:47:54.500,1.49228,1.49244,1.75,1.82
2015.12.28 03:47:54.753,1.49227,1.49242,1.00,1.87
2015.12.28 03:48:06.082,1.49227,1.49241,1.20,1.87
2015.12.28 03:48:07.823,1.49227,1.49241,1.20,1.87
2015.12.28 03:48:09.854,1.49227,1.49241,1.20,1.12
2015.12.28 03:48:13.808,1.49227,1.49241,1.00,1.12
2015.12.28 03:48:20.453,1.49227,1.4924,1.00,1.57
2015.12.28 03:48:26.772,1.49227,1.49241,1.00,1.12
2015.12.28 03:48:46.211,1.49228,1.49242,1.10,1.20
2015.12.28 03:48:46.263,1.49232,1.49243,1.00,1.57
2015.12.28 03:48:46.364,1.49232,1.49245,1.00,1.50
2015.12.28 03:48:46.908,1.4923,1.49244,1.17,1.57
2015.12.28 03:48:56.504,1.4923,1.49243,1.17,2.02
2015.12.28 03:48:56.555,1.4923,1.49242,1.00,1.12
2015.12.28 03:48:56.708,1.49227,1.49241,1.20,1.57
2015.12.28 03:48:57.217,1.49227,1.49241,1.12,1.87
2015.12.28 03:49:11.780,1.49232,1.49242,1.00,2.62
2015.12.28 03:49:12.087,1.4923,1.49242,1.00,1.57
2015.12.28 03:49:14.641,1.4923,1.49244,1.00,2.62
2015.12.28 03:49:15.163,1.4923,1.49244,1.17,1.57
2015.12.28 03:49:15.844,1.4923,1.49244,1.17,1.57
2015.12.28 03:49:28.924,1.49233,1.49243,1.00,1.17
2015.12.28 03:49:29.229,1.49235,1.49247,1.00,2.25
2015.12.28 03:49:38.269,1.49233,1.49247,1.12,1.87
2015.12.28 03:49:38.791,1.49232,1.49246,1.50,1.12
2015.12.28 03:49:40.462,1.49232,1.49247,1.50,2.70
2015.12.28 03:49:43.363,1.49232,1.49247,1.50,1.95
2015.12.28 03:49:44.364,1.49232,1.49247,1.50,2.70
2015.12.28 03:49:51.071,1.49231,1.49245,1.10,1.37
2015.12.28 03:49:52.413,1.49231,1.49245,1.10,1.37
2015.12.28 03:49:53.016,1.4923,1.49245,1.00,2.70
2015.12.28 03:49:53.524,1.4923,1.49242,1.00,1.17
2015.12.28 03:49:53.779,1.49227,1.49242,1.00,2.02
2015.12.28 03:50:04.617,1.49227,1.49242,1.12,2.77
2015.12.28 03:50:05.601,1.49227,1.49242,1.20,2.70
2015.12.28 03:50:09.182,1.49231,1.49242,1.00,1.95
2015.12.28 03:50:09.233,1.49231,1.49242,1.00,1.95
2015.12.28 03:50:09.285,1.49236,1.49243,1.00,1.27
2015.12.28 03:50:09.641,1.49234,1.49246,1.00,1.95
2015.12.28 03:50:19.307,1.49231,1.49244,1.00,1.57
2015.12.28 03:50:19.517,1.49231,1.49242,1.00,1.12
2015.12.28 03:50:19.720,1.49229,1.49242,1.12,1.12
2015.12.28 03:50:20.229,1.49228,1.49243,1.00,4.57
2015.12.28 03:50:34.006,1.49228,1.49242,1.00,1.52
2015.12.28 03:50:35.125,1.49228,1.49242,1.00,1.65
2015.12.28 03:50:44.036,1.49228,1.4924,1.00,1.47
2015.12.28 03:50:46.120,1.49228,1.4924,1.00,1.47
2015.12.28 03:50:49.436,1.49232,1.49238,1.00,1.00
2015.12.28 03:50:49.814,1.49231,1.49244,1.00,2.32
2015.12.28 03:50:50.097,1.49227,1.49241,1.50,1.20
2015.12.28 03:50:50.257,1.49227,1.49241,1.50,2.02
2015.12.28 03:50:54.522,1.49227,1.4924,1.50,1.52
2015.12.28 03:50:57.536,1.49227,1.4924,1.50,1.52
2015.12.28 03:51:01.455,1.49227,1.4924,1.50,1.52
2015.12.28 03:51:02.014,1.49232,1.49241,1.00,1.52
2015.12.28 03:51:02.116,1.49232,1.49243,1.00,1.87
2015.12.28 03:51:02.319,1.4923,1.49243,1.00,1.57
2015.12.28 03:51:02.524,1.49228,1.49241,1.00,1.52
2015.12.28 03:51:02.833,1.49228,1.49241,1.00,1.87
2015.12.28 03:51:51.220,1.49228,1.49241,1.00,2.62
2015.12.28 03:52:02.599,1.49226,1.49239,1.37,1.12
2015.12.28 03:52:18.754,1.49226,1.49239,1.37,1.12
2015.12.28 03:52:28.013,1.49227,1.49239,1.12,1.12
2015.12.28 03:53:05.307,1.49227,1.49239,1.12,1.45
2015.12.28 03:53:20.028,1.4923,1.4924,1.00,1.12
2015.12.28 03:53:20.333,1.49228,1.49239,1.00,1.75
2015.12.28 03:53:20.838,1.49228,1.49239,1.00,1.12
2015.12.28 03:53:21.381,1.49228,1.4924,1.00,1.12
2015.12.28 03:53:42.254,1.49228,1.4924,1.00,1.57
2015.12.28 03:53:42.804,1.49228,1.4924,1.00,1.55
2015.12.28 03:53:45.110,1.49228,1.49241,1.00,2.02
2015.12.28 03:53:56.167,1.49228,1.49241,1.00,1.52
2015.12.28 03:53:57.157,1.49228,1.49241,1.00,1.52
2015.12.28 03:54:00.557,1.49228,1.49241,1.00,1.52
2015.12.28 03:54:09.994,1.49228,1.49241,1.50,2.02
2015.12.28 03:54:11.482,1.49228,1.49241,1.50,2.02
2015.12.28 03:54:11.533,1.49233,1.49242,1.00,1.52
2015.12.28 03:54:11.837,1.49231,1.49243,1.00,1.57
2015.12.28 03:54:12.496,1.49231,1.49243,1.00,1.27
2015.12.28 03:54:13.002,1.49231,1.49242,1.00,1.00
2015.12.28 03:54:19.873,1.49232,1.49243,1.00,1.57
2015.12.28 03:54:20.380,1.49233,1.49246,1.00,2.02
2015.12.28 03:54:20.649,1.4923,1.49245,2.02,1.55
2015.12.28 03:54:36.504,1.49232,1.49245,1.00,1.55
2015.12.28 03:54:37.012,1.4923,1.49245,1.65,1.55
2015.12.28 03:54:39.127,1.4923,1.49245,1.65,2.02
2015.12.28 03:54:40.138,1.4923,1.49246,1.65,3.52
2015.12.28 03:54:43.767,1.4923,1.49246,1.95,3.15
2015.12.28 03:54:44.338,1.4923,1.49246,2.25,3.15
2015.12.28 03:54:47.165,1.4923,1.49246,2.25,3.15
2015.12.28 03:54:48.155,1.4923,1.49245,1.95,1.65
2015.12.28 03:54:48.657,1.4923,1.49245,1.57,1.65
2015.12.28 03:55:13.238,1.49232,1.49246,1.00,2.70
2015.12.28 03:55:13.745,1.49231,1.49246,1.10,2.02
2015.12.28 03:55:19.332,1.49232,1.49246,1.00,1.65
2015.12.28 03:55:22.822,1.49232,1.49247,1.50,2.02
2015.12.28 03:55:30.995,1.49233,1.49247,1.00,2.02
2015.12.28 03:56:36.041,1.49233,1.49247,1.00,1.95
2015.12.28 03:56:41.302,1.49232,1.49247,1.00,2.32
2015.12.28 03:56:58.831,1.4924,1.49248,1.00,2.70
2015.12.28 03:56:58.932,1.49239,1.49248,1.00,1.20
2015.12.28 03:56:59.036,1.49241,1.49253,1.00,1.20
2015.12.28 03:56:59.138,1.49245,1.49254,1.00,1.15
2015.12.28 03:56:59.443,1.49251,1.49259,1.00,1.52
2015.12.28 03:57:00.015,1.49251,1.49262,1.00,1.12
2015.12.28 03:57:00.924,1.49252,1.49262,1.50,1.82
2015.12.28 03:57:05.186,1.49252,1.49263,1.00,2.25
2015.12.28 03:57:09.820,1.49256,1.49264,1.00,1.82
2015.12.28 03:57:10.073,1.49254,1.49265,1.00,1.45
2015.12.28 03:57:11.044,1.49254,1.49265,1.00,1.95
2015.12.28 03:57:11.501,1.49256,1.49267,1.00,1.87
2015.12.28 03:57:11.603,1.49253,1.49267,1.00,1.82
2015.12.28 03:57:12.116,1.49253,1.49267,1.00,2.02
2015.12.28 03:57:12.268,1.49253,1.49267,1.00,2.32
2015.12.28 03:57:14.183,1.49251,1.49265,1.50,1.20
2015.12.28 03:57:43.164,1.4925,1.49265,1.10,1.57
2015.12.28 03:57:43.266,1.49249,1.49261,1.10,1.07
2015.12.28 03:57:43.571,1.49252,1.49261,1.00,1.12
2015.12.28 03:57:43.837,1.4925,1.49261,1.00,1.12
2015.12.28 03:57:51.545,1.49249,1.49261,1.57,1.12
2015.12.28 03:57:53.254,1.49249,1.49263,1.57,2.62
2015.12.28 03:58:18.699,1.49249,1.49262,1.00,1.12
2015.12.28 03:58:18.801,1.49248,1.4926,1.00,1.12
2015.12.28 03:58:19.573,1.49251,1.4926,1.00,1.12
2015.12.28 03:58:19.675,1.49251,1.49262,1.00,1.87
2015.12.28 03:58:20.197,1.4925,1.49262,1.00,1.87
2015.12.28 03:58:53.676,1.4925,1.49264,1.10,2.25
2015.12.28 03:58:54.767,1.4925,1.49262,1.00,1.12
2015.12.28 03:59:19.899,1.49249,1.49262,1.00,1.45
2015.12.28 03:59:35.811,1.49249,1.49264,1.17,2.25
2015.12.28 03:59:37.354,1.49249,1.49263,1.10,1.12
2015.12.28 03:59:42.315,1.49249,1.49264,1.00,1.95
2015.12.28 03:59:43.903,1.49249,1.49261,1.00,2.70
2015.12.28 03:59:44.411,1.49249,1.49261,1.00,3.00
