2010.03.03 11:00:00.131,1.50245,1.5026,1.60,1.00
2010.03.03 11:00:02.925,1.5024,1.50255,5.60,4.10
2010.03.03 11:00:03.235,1.50235,1.5025,3.70,3.30
2010.03.03 11:00:04.050,1.50225,1.50245,5.30,4.90
2010.03.03 11:00:04.221,1.50225,1.50245,3.20,6.50
2010.03.03 11:00:05.240,1.50225,1.50245,4.80,6.50
2010.03.03 11:00:05.545,1.50225,1.50245,3.20,6.50
2010.03.03 11:00:05.846,1.5022,1.50235,1.60,1.00
2010.03.03 11:00:06.157,1.50215,1.5023,3.60,1.00
2010.03.03 11:00:06.836,1.50215,1.5023,1.60,1.00
2010.03.03 11:00:07.202,1.50215,1.5023,1.60,4.00
2010.03.03 11:00:08.989,1.5022,1.5024,4.90,4.00
2010.03.03 11:00:09.140,1.5022,1.50235,3.20,1.00
2010.03.03 11:00:09.305,1.5022,1.5023,3.20,1.00
2010.03.03 11:00:09.466,1.5022,1.5023,1.60,1.00
2010.03.03 11:00:10.265,1.5022,1.5023,1.60,2.40
2010.03.03 11:00:10.571,1.5022,1.50235,4.80,2.40
2010.03.03 11:00:10.868,1.5022,1.5023,1.60,1.00
2010.03.03 11:00:11.897,1.5022,1.5023,1.60,2.40
2010.03.03 11:00:12.257,1.50215,1.5023,4.20,1.00
2010.03.03 11:00:12.503,1.50215,1.5023,1.60,1.00
2010.03.03 11:00:13.366,1.5022,1.50225,1.60,1.00
2010.03.03 11:00:14.209,1.50215,1.50225,2.00,1.00
2010.03.03 11:00:14.515,1.50215,1.50225,3.20,1.00
2010.03.03 11:00:15.294,1.50215,1.5023,1.00,7.10
2010.03.03 11:00:15.645,1.50215,1.50235,2.90,2.40
2010.03.03 11:00:16.006,1.50215,1.50235,2.10,9.50
2010.03.03 11:00:16.569,1.50215,1.5023,2.10,1.60
2010.03.03 11:00:16.890,1.5022,1.5024,2.40,8.80
2010.03.03 11:00:17.210,1.5022,1.50235,1.60,8.80
2010.03.03 11:00:18.016,1.50215,1.50235,2.10,9.50
2010.03.03 11:00:18.381,1.50215,1.50235,4.70,3.90
2010.03.03 11:00:19.191,1.50215,1.50235,2.10,9.50
2010.03.03 11:00:19.495,1.50215,1.5024,6.20,9.50
2010.03.03 11:00:19.807,1.50215,1.50235,2.30,9.50
2010.03.03 11:00:20.122,1.50215,1.50235,2.10,9.50
2010.03.03 11:00:20.944,1.5022,1.5024,2.40,6.40
2010.03.03 11:00:21.208,1.50215,1.5024,4.40,11.10
2010.03.03 11:00:21.473,1.5022,1.50235,1.70,4.70
2010.03.03 11:00:22.126,1.5022,1.5024,4.10,3.20
2010.03.03 11:00:22.492,1.50215,1.50235,3.80,7.10
2010.03.03 11:00:23.312,1.50215,1.50235,3.00,5.60
2010.03.03 11:00:23.640,1.50215,1.5023,1.00,4.80
2010.03.03 11:00:24.512,1.50215,1.5023,1.00,9.50
2010.03.03 11:00:24.817,1.50215,1.50225,1.00,1.00
2010.03.03 11:00:26.093,1.50215,1.5023,1.00,4.00
2010.03.03 11:00:27.046,1.50215,1.50225,1.00,1.00
2010.03.03 11:00:27.345,1.50205,1.5022,4.50,1.00
2010.03.03 11:00:28.408,1.50205,1.5022,6.90,1.00
2010.03.03 11:00:28.772,1.5022,1.5023,2.40,4.80
2010.03.03 11:00:29.607,1.5022,1.50225,1.00,1.00
2010.03.03 11:00:29.891,1.50215,1.5024,8.00,4.00
2010.03.03 11:00:30.181,1.5022,1.50235,4.00,1.00
2010.03.03 11:00:30.955,1.5022,1.50235,1.60,1.00
2010.03.03 11:00:31.779,1.5022,1.50235,1.60,2.40
2010.03.03 11:00:32.409,1.5022,1.50235,1.60,6.80
2010.03.03 11:00:32.769,1.50215,1.50235,14.10,1.00
2010.03.03 11:00:33.109,1.5022,1.5024,5.60,4.00
2010.03.03 11:00:33.918,1.50215,1.50235,11.50,1.00
2010.03.03 11:00:35.067,1.50225,1.50235,1.00,1.00
2010.03.03 11:00:35.615,1.50225,1.5024,1.00,2.30
2010.03.03 11:00:35.722,1.50225,1.50245,6.30,2.40
2010.03.03 11:00:35.824,1.50225,1.50245,7.90,2.40
2010.03.03 11:00:36.222,1.50225,1.50245,7.50,2.40
2010.03.03 11:00:36.323,1.50225,1.50245,7.40,2.40
2010.03.03 11:00:36.634,1.50225,1.50245,8.00,2.40
2010.03.03 11:00:37.648,1.50225,1.50235,2.40,1.00
2010.03.03 11:00:37.961,1.50225,1.50235,1.00,1.70
2010.03.03 11:00:38.255,1.50225,1.50235,1.00,1.00
2010.03.03 11:00:39.074,1.50225,1.50235,1.00,1.00
2010.03.03 11:00:40.126,1.50225,1.5024,6.90,1.60
2010.03.03 11:00:40.482,1.50225,1.50245,9.00,4.10
2010.03.03 11:00:41.325,1.50225,1.50245,8.90,4.10
2010.03.03 11:00:43.727,1.50225,1.50245,6.50,4.10
2010.03.03 11:00:47.451,1.5023,1.5025,1.00,5.50
2010.03.03 11:00:47.998,1.5023,1.5025,2.40,1.60
2010.03.03 11:00:48.297,1.5023,1.5025,4.00,2.40
2010.03.03 11:00:49.754,1.5023,1.5025,7.20,2.40
2010.03.03 11:00:50.437,1.50235,1.5025,1.00,1.00
2010.03.03 11:00:50.602,1.50235,1.5025,4.00,1.00
2010.03.03 11:00:50.965,1.50235,1.5025,3.20,1.00
2010.03.03 11:00:51.327,1.5023,1.5025,14.40,4.10
2010.03.03 11:00:52.393,1.50235,1.5025,3.40,1.00
2010.03.03 11:00:53.606,1.50235,1.5025,3.60,1.00
2010.03.03 11:01:03.122,1.50235,1.5025,2.40,1.00
2010.03.03 11:01:04.265,1.50225,1.50235,1.50,1.00
2010.03.03 11:01:04.508,1.5022,1.50235,1.60,2.50
2010.03.03 11:01:04.747,1.50215,1.5023,1.60,1.00
2010.03.03 11:01:05.494,1.5021,1.5023,4.80,1.00
2010.03.03 11:01:05.677,1.5021,1.5023,4.80,1.00
2010.03.03 11:01:05.850,1.5021,1.5023,5.00,1.00
2010.03.03 11:01:06.561,1.5021,1.5023,4.80,1.00
2010.03.03 11:01:07.268,1.50215,1.5023,1.00,1.00
2010.03.03 11:01:07.974,1.50215,1.50225,1.00,1.00
2010.03.03 11:01:08.754,1.50215,1.5023,1.00,1.00
2010.03.03 11:01:08.927,1.50215,1.5023,1.00,1.00
2010.03.03 11:01:09.097,1.50215,1.5023,2.30,1.00
2010.03.03 11:01:09.348,1.50215,1.50235,4.00,4.70
2010.03.03 11:01:09.439,1.50215,1.50235,10.10,3.10
2010.03.03 11:01:09.529,1.50225,1.50235,1.00,2.30
2010.03.03 11:01:10.129,1.50225,1.50235,1.30,2.30
2010.03.03 11:01:10.399,1.50235,1.5024,1.00,1.00
2010.03.03 11:01:10.659,1.50235,1.5025,1.00,2.40
2010.03.03 11:01:12.021,1.50235,1.50255,8.40,4.00
2010.03.03 11:01:12.376,1.5023,1.5024,3.20,1.00
2010.03.03 11:01:12.588,1.50225,1.5024,7.60,1.00
2010.03.03 11:01:12.801,1.50225,1.5024,4.80,1.00
2010.03.03 11:01:13.664,1.50225,1.50245,4.80,4.00
2010.03.03 11:01:13.917,1.50225,1.50245,6.00,2.40
2010.03.03 11:01:14.170,1.5023,1.50245,2.40,1.60
2010.03.03 11:01:14.416,1.5023,1.5025,2.40,5.70
2010.03.03 11:01:15.157,1.5023,1.50245,2.40,1.00
2010.03.03 11:01:15.745,1.50225,1.50245,15.10,1.00
2010.03.03 11:01:16.517,1.5023,1.50245,2.40,1.00
2010.03.03 11:01:17.236,1.50225,1.50245,14.90,1.00
2010.03.03 11:01:17.475,1.5023,1.50245,2.40,1.00
2010.03.03 11:01:18.414,1.50225,1.50245,15.20,1.00
2010.03.03 11:01:18.971,1.50235,1.50245,1.00,1.00
2010.03.03 11:01:19.029,1.50235,1.50245,1.30,1.00
2010.03.03 11:01:20.802,1.50235,1.50245,1.00,1.70
2010.03.03 11:01:21.108,1.50225,1.50235,2.00,1.00
2010.03.03 11:01:21.872,1.50225,1.50235,1.00,1.00
2010.03.03 11:01:22.165,1.5022,1.5024,1.60,4.90
2010.03.03 11:01:23.130,1.5022,1.5024,1.60,4.10
2010.03.03 11:01:23.171,1.50215,1.5024,10.40,5.70
2010.03.03 11:01:23.447,1.50215,1.50235,7.20,3.30
2010.03.03 11:01:23.995,1.50215,1.50235,7.20,3.70
2010.03.03 11:01:24.792,1.50215,1.50235,7.20,3.30
2010.03.03 11:01:25.801,1.50215,1.5023,4.00,1.00
2010.03.03 11:01:25.868,1.50215,1.50235,4.80,4.10
2010.03.03 11:01:25.934,1.5022,1.50235,1.60,4.10
2010.03.03 11:01:25.993,1.5022,1.50235,1.60,2.50
2010.03.03 11:01:26.059,1.5022,1.5023,1.60,1.00
2010.03.03 11:01:26.950,1.50215,1.50235,8.90,1.00
2010.03.03 11:01:27.310,1.5022,1.5024,5.60,2.50
2010.03.03 11:01:27.670,1.5022,1.5024,5.60,1.00
2010.03.03 11:01:28.200,1.5022,1.5024,7.20,1.00
2010.03.03 11:01:28.563,1.5022,1.50245,8.00,7.70
2010.03.03 11:01:30.003,1.5022,1.50245,8.40,7.30
2010.03.03 11:01:30.351,1.5022,1.50245,8.40,5.60
2010.03.03 11:01:30.704,1.50225,1.50245,1.80,2.40
2010.03.03 11:01:31.462,1.50225,1.50245,1.70,4.00
2010.03.03 11:01:31.959,1.50225,1.50245,2.10,4.00
2010.03.03 11:01:32.310,1.50225,1.50245,3.80,2.40
2010.03.03 11:01:32.661,1.50225,1.50245,3.90,2.40
2010.03.03 11:01:33.578,1.50225,1.50245,3.50,1.00
2010.03.03 11:01:39.086,1.50225,1.50245,3.40,1.00
2010.03.03 11:01:41.285,1.50225,1.50245,3.20,1.00
2010.03.03 11:01:41.637,1.50225,1.50245,1.60,4.00
2010.03.03 11:01:42.336,1.5024,1.50245,2.40,1.60
2010.03.03 11:01:43.117,1.50235,1.50245,2.40,1.00
2010.03.03 11:01:43.339,1.5023,1.50245,1.60,2.40
2010.03.03 11:01:43.690,1.50225,1.50245,5.10,2.40
2010.03.03 11:01:44.038,1.50225,1.50245,5.50,2.40
2010.03.03 11:01:44.829,1.50225,1.50245,4.80,2.40
2010.03.03 11:01:45.056,1.50225,1.5024,4.80,1.00
2010.03.03 11:01:45.285,1.50225,1.5024,3.20,1.00
2010.03.03 11:01:45.988,1.50225,1.50245,3.20,4.20
2010.03.03 11:01:46.264,1.5024,1.5025,3.20,1.60
2010.03.03 11:01:47.073,1.50235,1.50245,2.00,1.00
2010.03.03 11:01:47.440,1.5023,1.5025,7.60,1.00
2010.03.03 11:01:48.138,1.5023,1.5025,7.40,1.00
2010.03.03 11:01:48.989,1.5024,1.50255,1.00,3.90
2010.03.03 11:01:49.344,1.50235,1.50255,3.20,4.20
2010.03.03 11:01:49.578,1.50235,1.5025,1.60,1.00
2010.03.03 11:01:49.807,1.5023,1.5025,7.20,1.00
2010.03.03 11:01:50.357,1.5023,1.5025,5.60,1.00
2010.03.03 11:01:50.468,1.50225,1.50245,4.80,2.40
2010.03.03 11:01:51.377,1.50225,1.50235,4.80,1.00
2010.03.03 11:01:51.731,1.50225,1.50235,1.60,1.00
2010.03.03 11:01:52.089,1.50215,1.50235,7.20,1.00
2010.03.03 11:01:52.625,1.50215,1.50235,4.80,1.00
2010.03.03 11:01:54.713,1.50215,1.50225,4.80,1.00
2010.03.03 11:01:54.886,1.50215,1.50225,3.20,1.00
2010.03.03 11:01:55.044,1.50215,1.50225,1.60,1.00
2010.03.03 11:01:55.730,1.50215,1.50225,1.60,1.00
2010.03.03 11:01:55.923,1.502,1.50215,4.80,1.00
2010.03.03 11:01:56.609,1.502,1.50215,4.80,1.00
2010.03.03 11:01:56.803,1.502,1.5022,4.80,1.00
2010.03.03 11:01:57.172,1.50205,1.5022,1.00,2.40
2010.03.03 11:01:58.088,1.50205,1.50225,4.80,3.20
2010.03.03 11:01:59.066,1.50215,1.5023,4.00,1.00
2010.03.03 11:01:59.979,1.5021,1.50225,4.80,1.00
2010.03.03 11:02:00.596,1.5022,1.5023,1.00,1.00
2010.03.03 11:02:00.907,1.50215,1.5023,4.40,1.00
2010.03.03 11:02:01.798,1.5021,1.5023,4.80,5.70
2010.03.03 11:02:02.842,1.5021,1.50225,4.80,1.00
2010.03.03 11:02:03.193,1.50215,1.50235,6.50,1.30
2010.03.03 11:02:04.042,1.50215,1.5023,3.60,1.70
2010.03.03 11:02:04.282,1.5021,1.5023,4.80,5.70
2010.03.03 11:02:05.065,1.5021,1.5023,4.80,3.30
2010.03.03 11:02:06.662,1.5021,1.50225,4.80,1.00
2010.03.03 11:02:10.171,1.5021,1.50225,1.60,3.30
2010.03.03 11:02:10.400,1.50205,1.5022,4.80,1.00
2010.03.03 11:02:11.097,1.50205,1.5022,3.20,1.00
2010.03.03 11:02:12.373,1.502,1.50225,5.80,4.90
2010.03.03 11:02:12.737,1.50205,1.5022,1.60,1.00
2010.03.03 11:02:14.548,1.50205,1.5022,1.60,1.00
2010.03.03 11:02:15.108,1.50205,1.5022,1.60,2.50
2010.03.03 11:02:15.406,1.50205,1.5022,1.60,1.00
2010.03.03 11:02:16.132,1.502,1.5022,5.60,3.20
2010.03.03 11:02:16.298,1.50205,1.5022,1.60,1.00
2010.03.03 11:02:17.234,1.50205,1.5022,1.60,1.00
2010.03.03 11:02:20.611,1.5021,1.50225,2.40,6.70
2010.03.03 11:02:20.883,1.5021,1.5022,4.80,1.00
2010.03.03 11:02:21.563,1.50205,1.50215,1.20,1.00
2010.03.03 11:02:21.930,1.502,1.5022,5.60,1.00
2010.03.03 11:02:22.184,1.5021,1.50225,5.60,3.40
2010.03.03 11:02:22.434,1.5021,1.50225,6.40,1.00
2010.03.03 11:02:23.433,1.5021,1.50225,4.80,1.10
2010.03.03 11:02:23.802,1.50205,1.5022,3.20,1.00
2010.03.03 11:02:25.060,1.50205,1.50215,3.20,1.00
2010.03.03 11:02:25.360,1.50205,1.50215,1.60,1.00
2010.03.03 11:02:26.159,1.502,1.50215,3.20,1.00
2010.03.03 11:02:31.713,1.502,1.50215,1.60,1.00
2010.03.03 11:02:38.977,1.50195,1.50215,9.70,1.00
2010.03.03 11:02:39.458,1.50195,1.50205,8.00,4.00
2010.03.03 11:02:40.018,1.50195,1.50205,6.40,4.00
2010.03.03 11:02:40.387,1.502,1.5021,1.00,1.00
2010.03.03 11:02:45.807,1.50195,1.5021,3.20,1.00
2010.03.03 11:02:47.910,1.50195,1.5021,3.20,1.00
2010.03.03 11:02:48.524,1.50195,1.5021,3.30,1.00
2010.03.03 11:02:50.416,1.50195,1.502,3.20,1.00
2010.03.03 11:02:50.565,1.50195,1.502,1.60,1.00
2010.03.03 11:02:50.716,1.5019,1.50205,4.90,1.50
2010.03.03 11:02:51.318,1.5019,1.50205,4.90,1.00
2010.03.03 11:02:51.466,1.50195,1.50205,1.60,1.00
2010.03.03 11:02:52.177,1.50195,1.5021,1.70,1.00
2010.03.03 11:02:52.885,1.50195,1.5021,3.30,1.00
2010.03.03 11:02:55.275,1.50195,1.50205,3.30,1.00
2010.03.03 11:02:55.460,1.50195,1.50205,3.20,1.00
2010.03.03 11:03:02.227,1.50195,1.50205,3.30,1.00
2010.03.03 11:03:02.593,1.502,1.5021,2.50,1.00
2010.03.03 11:03:03.385,1.502,1.50205,4.00,1.00
2010.03.03 11:03:03.683,1.502,1.50215,4.90,1.00
2010.03.03 11:03:04.715,1.50205,1.5022,1.60,1.00
2010.03.03 11:03:05.604,1.50205,1.50225,7.20,1.00
2010.03.03 11:03:05.803,1.5021,1.5023,4.00,4.00
2010.03.03 11:03:06.318,1.5021,1.5023,5.60,2.40
2010.03.03 11:03:08.400,1.50215,1.50225,2.40,1.00
2010.03.03 11:03:08.697,1.50215,1.50235,2.40,4.50
2010.03.03 11:03:08.993,1.50215,1.50235,2.40,5.30
2010.03.03 11:03:09.705,1.50215,1.50235,4.00,2.90
2010.03.03 11:03:10.065,1.5022,1.50235,3.20,1.00
2010.03.03 11:03:10.956,1.5022,1.50235,6.40,1.00
2010.03.03 11:03:11.161,1.5022,1.50235,4.80,1.00
2010.03.03 11:03:13.478,1.5022,1.50235,1.00,1.30
2010.03.03 11:03:14.288,1.50215,1.50235,6.00,1.30
2010.03.03 11:03:14.574,1.50215,1.50235,5.60,1.30
2010.03.03 11:03:15.234,1.50215,1.50235,6.00,1.40
2010.03.03 11:03:15.587,1.5022,1.50235,1.00,1.00
2010.03.03 11:03:16.369,1.50215,1.50235,6.00,1.30
2010.03.03 11:03:16.593,1.50215,1.50235,5.60,1.30
2010.03.03 11:03:18.357,1.5022,1.50235,1.00,1.00
2010.03.03 11:03:19.192,1.50215,1.50235,5.60,1.30
2010.03.03 11:03:19.825,1.5022,1.50235,1.00,1.00
2010.03.03 11:03:20.078,1.50225,1.50235,1.00,1.30
2010.03.03 11:03:20.303,1.5022,1.50235,1.00,1.00
2010.03.03 11:03:20.862,1.5022,1.50235,1.00,1.00
2010.03.03 11:03:21.218,1.50215,1.50235,5.60,1.40
2010.03.03 11:03:22.740,1.5021,1.5023,6.40,1.00
2010.03.03 11:03:23.577,1.5021,1.50225,5.60,1.00
2010.03.03 11:03:24.653,1.5021,1.5023,5.60,1.50
2010.03.03 11:03:25.297,1.5021,1.5023,5.60,3.10
2010.03.03 11:03:25.632,1.5021,1.50225,1.00,1.00
2010.03.03 11:03:26.443,1.5021,1.50225,1.00,1.00
2010.03.03 11:03:26.782,1.50205,1.5023,6.00,5.80
2010.03.03 11:03:27.134,1.50205,1.50225,5.60,1.00
2010.03.03 11:03:31.797,1.50205,1.5023,5.60,6.60
2010.03.03 11:03:31.965,1.50205,1.5023,6.00,6.60
2010.03.03 11:03:32.269,1.50205,1.5023,6.20,5.60
2010.03.03 11:03:32.570,1.5021,1.5023,1.00,4.80
2010.03.03 11:03:32.872,1.5021,1.5023,4.00,3.20
2010.03.03 11:03:33.838,1.5021,1.5023,5.60,3.20
2010.03.03 11:03:35.573,1.5021,1.5023,3.20,5.60
2010.03.03 11:03:36.169,1.50215,1.5023,1.60,4.00
2010.03.03 11:03:36.522,1.50225,1.50235,1.00,3.70
2010.03.03 11:03:37.196,1.50225,1.50235,1.00,2.90
2010.03.03 11:03:37.569,1.50235,1.5025,1.00,8.70
2010.03.03 11:03:38.113,1.50235,1.5025,1.00,4.70
2010.03.03 11:03:38.479,1.50235,1.50255,2.40,4.00
2010.03.03 11:03:39.666,1.50235,1.5025,1.60,1.00
2010.03.03 11:03:39.807,1.5023,1.5025,4.00,1.00
2010.03.03 11:03:41.442,1.50235,1.50255,1.00,5.80
2010.03.03 11:03:42.341,1.50235,1.5025,3.30,1.00
2010.03.03 11:03:42.613,1.50235,1.50255,5.70,1.50
2010.03.03 11:03:43.284,1.5024,1.50255,1.60,1.00
2010.03.03 11:03:43.617,1.5024,1.5026,6.10,1.00
2010.03.03 11:03:44.456,1.50245,1.5026,1.60,1.00
2010.03.03 11:03:44.838,1.5024,1.5026,4.00,2.40
2010.03.03 11:03:45.949,1.5024,1.5025,4.80,1.00
2010.03.03 11:03:46.302,1.50235,1.5025,3.20,1.00
2010.03.03 11:03:46.877,1.50235,1.5025,4.80,1.00
2010.03.03 11:03:47.237,1.50235,1.5025,1.60,1.10
2010.03.03 11:03:47.564,1.5023,1.5025,5.70,1.10
2010.03.03 11:03:48.508,1.5023,1.5024,3.20,1.00
2010.03.03 11:03:48.739,1.5023,1.50245,1.60,3.40
2010.03.03 11:03:53.681,1.5023,1.50245,1.60,3.10
2010.03.03 11:03:54.052,1.5023,1.50245,1.60,2.40
2010.03.03 11:03:54.423,1.5023,1.5025,2.40,5.50
2010.03.03 11:03:54.603,1.5023,1.5025,2.40,3.20
2010.03.03 11:03:56.606,1.50225,1.5025,14.00,3.20
2010.03.03 11:03:57.656,1.5023,1.5025,4.80,3.20
2010.03.03 11:04:04.692,1.5023,1.5025,3.20,4.70
2010.03.03 11:04:04.874,1.5023,1.50245,3.20,1.00
2010.03.03 11:04:08.124,1.50225,1.50245,4.80,1.00
2010.03.03 11:04:09.054,1.50225,1.5024,1.60,1.00
2010.03.03 11:04:09.805,1.50225,1.50245,1.60,4.90
2010.03.03 11:04:10.058,1.50225,1.50245,1.60,4.00
2010.03.03 11:04:15.466,1.50225,1.50245,12.40,1.60
2010.03.03 11:04:15.630,1.50225,1.50245,10.80,1.60
2010.03.03 11:04:18.517,1.50225,1.50245,14.00,1.60
2010.03.03 11:04:18.906,1.50225,1.50245,8.80,1.00
2010.03.03 11:04:19.130,1.50225,1.50245,4.80,1.00
2010.03.03 11:04:20.247,1.50225,1.5024,4.80,1.00
2010.03.03 11:04:20.486,1.5022,1.5024,4.00,2.40
2010.03.03 11:04:23.400,1.50225,1.5024,1.60,2.40
2010.03.03 11:04:24.000,1.50225,1.50245,1.60,5.80
2010.03.03 11:04:24.220,1.50225,1.50245,1.60,4.20
2010.03.03 11:04:27.795,1.5022,1.5024,8.40,1.00
2010.03.03 11:04:31.006,1.50225,1.5024,1.60,1.00
2010.03.03 11:04:31.121,1.50225,1.50245,1.60,6.60
2010.03.03 11:04:31.775,1.50225,1.50245,3.20,2.60
2010.03.03 11:04:32.607,1.50225,1.5024,1.60,1.00
2010.03.03 11:04:35.878,1.5022,1.5024,7.70,1.00
2010.03.03 11:04:39.386,1.50225,1.50235,2.40,1.00
2010.03.03 11:04:39.614,1.5022,1.5024,6.50,4.80
2010.03.03 11:04:39.833,1.5022,1.5024,7.70,2.40
2010.03.03 11:04:41.619,1.5022,1.5024,8.40,1.60
2010.03.03 11:04:41.958,1.50225,1.50245,4.00,6.50
2010.03.03 11:04:44.749,1.50235,1.50255,5.20,4.90
2010.03.03 11:04:44.878,1.50235,1.50255,4.40,9.70
2010.03.03 11:04:45.011,1.5023,1.50255,4.90,10.70
2010.03.03 11:04:45.137,1.5023,1.50255,4.00,10.90
2010.03.03 11:04:45.265,1.5023,1.5025,1.00,3.20
2010.03.03 11:04:46.118,1.5023,1.5025,1.00,4.80
2010.03.03 11:04:47.437,1.5023,1.5025,2.40,4.80
2010.03.03 11:04:47.776,1.5023,1.5025,3.60,4.80
2010.03.03 11:04:49.467,1.5023,1.5025,3.60,5.50
2010.03.03 11:04:49.632,1.5023,1.5025,3.60,4.80
2010.03.03 11:04:51.654,1.5023,1.5025,6.90,4.80
2010.03.03 11:04:52.197,1.50235,1.5025,2.80,4.80
2010.03.03 11:04:52.553,1.5023,1.5025,3.20,4.80
2010.03.03 11:04:52.896,1.5023,1.50245,2.40,1.60
2010.03.03 11:04:59.816,1.5023,1.50245,2.40,1.90
2010.03.03 11:05:01.243,1.5023,1.50245,2.40,1.80
2010.03.03 11:05:01.560,1.5023,1.50245,2.40,1.80
2010.03.03 11:05:03.607,1.5023,1.50245,2.40,3.40
2010.03.03 11:05:04.534,1.5024,1.50245,1.00,1.60
2010.03.03 11:05:05.074,1.5023,1.5025,2.40,4.00
2010.03.03 11:05:07.746,1.50225,1.50245,4.00,1.60
2010.03.03 11:05:08.639,1.50225,1.50245,4.00,1.70
2010.03.03 11:05:08.996,1.5022,1.5024,2.40,4.10
2010.03.03 11:05:09.966,1.5022,1.5024,5.80,3.30
2010.03.03 11:05:10.322,1.50225,1.5024,1.00,3.30
2010.03.03 11:05:10.903,1.5023,1.5024,1.00,1.60
2010.03.03 11:05:11.088,1.50225,1.5024,1.00,1.00
2010.03.03 11:05:11.264,1.50225,1.5024,1.00,3.30
2010.03.03 11:05:11.439,1.5022,1.5024,6.40,3.30
2010.03.03 11:05:12.451,1.5022,1.50235,6.80,1.00
2010.03.03 11:05:12.797,1.5022,1.50235,6.40,1.00
2010.03.03 11:05:13.797,1.5022,1.50235,4.80,1.00
2010.03.03 11:05:14.986,1.5022,1.5024,4.80,5.70
2010.03.03 11:05:15.315,1.50215,1.5023,5.20,2.40
2010.03.03 11:05:15.637,1.50215,1.5023,1.60,4.00
2010.03.03 11:05:19.603,1.5021,1.5023,3.30,4.00
2010.03.03 11:05:20.419,1.50225,1.5023,1.00,1.60
2010.03.03 11:05:20.977,1.50225,1.50235,1.00,8.50
2010.03.03 11:05:21.343,1.5022,1.5024,1.00,5.60
2010.03.03 11:05:22.103,1.5022,1.5024,2.40,5.60
2010.03.03 11:05:24.002,1.5022,1.5024,1.00,5.60
2010.03.03 11:05:24.329,1.5022,1.50235,1.00,1.80
2010.03.03 11:05:24.662,1.50215,1.50235,6.40,4.00
2010.03.03 11:05:25.561,1.5022,1.50235,1.00,3.20
2010.03.03 11:05:25.906,1.50225,1.50235,1.00,3.20
2010.03.03 11:05:25.984,1.50225,1.50235,1.00,1.60
2010.03.03 11:05:27.689,1.50225,1.5024,1.00,4.00
2010.03.03 11:05:28.053,1.50225,1.5024,1.00,4.10
2010.03.03 11:05:32.835,1.50225,1.50235,1.00,1.60
2010.03.03 11:05:33.296,1.5023,1.50235,1.00,1.60
2010.03.03 11:05:35.439,1.50225,1.5023,1.60,1.00
2010.03.03 11:05:36.274,1.50225,1.5023,2.00,1.00
2010.03.03 11:05:36.514,1.50225,1.50235,1.00,1.60
2010.03.03 11:05:37.217,1.50225,1.5024,1.00,3.30
2010.03.03 11:05:38.028,1.50225,1.5024,1.00,1.70
2010.03.03 11:05:38.342,1.50225,1.50245,1.00,6.90
2010.03.03 11:05:39.110,1.50225,1.50245,1.00,6.50
2010.03.03 11:05:39.483,1.5023,1.50245,1.00,3.30
2010.03.03 11:05:39.834,1.5023,1.5024,1.00,1.00
2010.03.03 11:05:40.546,1.50225,1.5024,2.80,1.00
2010.03.03 11:05:40.819,1.50225,1.5024,1.00,1.00
2010.03.03 11:05:41.113,1.50225,1.5024,1.00,1.70
2010.03.03 11:05:41.929,1.5022,1.5024,2.80,4.10
2010.03.03 11:05:42.298,1.50225,1.5024,1.00,3.30
2010.03.03 11:05:43.842,1.5023,1.5024,1.00,1.00
2010.03.03 11:05:45.096,1.5023,1.5024,2.40,1.00
2010.03.03 11:05:45.797,1.50225,1.5024,4.40,1.00
2010.03.03 11:05:46.453,1.50225,1.5024,4.00,1.00
2010.03.03 11:05:46.694,1.5023,1.5024,1.00,1.00
2010.03.03 11:05:48.935,1.5023,1.50245,1.00,1.70
2010.03.03 11:05:49.962,1.50225,1.5024,6.00,1.00
2010.03.03 11:05:51.607,1.5023,1.50245,1.00,1.00
2010.03.03 11:05:52.483,1.5023,1.5025,1.00,7.30
2010.03.03 11:05:52.844,1.5023,1.5025,2.40,7.20
2010.03.03 11:05:53.550,1.5023,1.5025,4.20,2.40
2010.03.03 11:05:53.914,1.50235,1.5025,1.00,1.60
2010.03.03 11:05:55.810,1.50235,1.50255,1.00,11.20
2010.03.03 11:05:55.837,1.50235,1.50255,1.00,11.20
2010.03.03 11:05:55.873,1.50235,1.50255,1.00,9.60
2010.03.03 11:05:55.901,1.50235,1.50255,1.00,8.00
2010.03.03 11:05:55.951,1.50235,1.5026,1.00,16.10
2010.03.03 11:05:56.022,1.50235,1.50255,2.40,5.60
2010.03.03 11:05:56.059,1.50235,1.50255,2.40,4.00
2010.03.03 11:06:01.140,1.50235,1.50255,2.40,4.00
2010.03.03 11:06:01.304,1.50235,1.50255,2.90,2.40
2010.03.03 11:06:01.466,1.5024,1.5026,1.00,8.70
2010.03.03 11:06:02.326,1.5024,1.5026,1.00,6.40
2010.03.03 11:06:02.687,1.5024,1.50265,1.00,17.50
2010.03.03 11:06:03.035,1.5024,1.5026,1.00,4.00
2010.03.03 11:06:03.375,1.5024,1.5026,1.30,4.00
2010.03.03 11:06:04.766,1.5024,1.5026,4.50,4.00
2010.03.03 11:06:05.424,1.5024,1.5026,4.10,4.00
2010.03.03 11:06:10.268,1.5024,1.5026,4.00,5.60
2010.03.03 11:06:10.412,1.5024,1.5026,1.00,7.20
2010.03.03 11:06:10.562,1.5024,1.5026,1.00,9.60
2010.03.03 11:06:11.394,1.5023,1.5025,2.40,1.00
2010.03.03 11:06:12.127,1.50235,1.5025,1.60,2.40
2010.03.03 11:06:12.496,1.50235,1.50255,2.40,5.60
2010.03.03 11:06:12.845,1.50235,1.50255,2.40,4.00
2010.03.03 11:06:18.076,1.50235,1.5025,2.40,1.00
2010.03.03 11:06:19.886,1.50235,1.50255,2.40,7.20
2010.03.03 11:06:20.097,1.5024,1.50255,1.00,1.60
2010.03.03 11:06:21.130,1.5024,1.5026,1.00,10.50
2010.03.03 11:06:24.649,1.5024,1.50255,1.00,1.60
2010.03.03 11:06:24.840,1.50235,1.50255,2.40,4.10
2010.03.03 11:06:26.698,1.50235,1.5025,2.40,1.60
2010.03.03 11:06:26.841,1.5023,1.5025,8.00,2.40
2010.03.03 11:06:28.069,1.50235,1.5025,1.00,1.60
2010.03.03 11:06:28.829,1.50235,1.50255,4.00,4.30
2010.03.03 11:06:29.389,1.50235,1.50255,4.00,4.20
2010.03.03 11:06:29.496,1.5024,1.50255,1.00,3.20
2010.03.03 11:06:35.022,1.5024,1.50255,1.00,3.20
2010.03.03 11:06:35.081,1.5024,1.50255,1.00,3.30
2010.03.03 11:06:35.952,1.5024,1.5025,1.00,1.00
2010.03.03 11:06:43.299,1.50235,1.5025,2.80,1.00
2010.03.03 11:06:43.512,1.50235,1.5025,2.40,1.00
2010.03.03 11:06:47.573,1.50235,1.50255,5.60,4.00
2010.03.03 11:06:48.355,1.5024,1.50255,1.00,3.20
2010.03.03 11:06:48.715,1.5024,1.5025,1.00,1.00
2010.03.03 11:06:49.737,1.5024,1.5026,1.00,8.10
2010.03.03 11:06:51.625,1.5024,1.5026,1.00,8.00
2010.03.03 11:06:52.549,1.5024,1.5026,1.00,8.10
2010.03.03 11:06:52.918,1.5024,1.5026,5.60,4.10
2010.03.03 11:06:53.276,1.5024,1.5026,5.60,2.50
2010.03.03 11:06:56.645,1.5024,1.5026,7.20,2.50
2010.03.03 11:06:56.917,1.5025,1.50265,1.00,3.30
2010.03.03 11:06:57.282,1.5025,1.50265,1.00,1.70
2010.03.03 11:07:01.091,1.5025,1.50265,2.40,1.70
2010.03.03 11:07:02.028,1.5025,1.50265,4.00,1.70
2010.03.03 11:07:03.305,1.50245,1.5026,9.70,1.00
2010.03.03 11:07:04.766,1.5025,1.5026,2.40,2.40
2010.03.03 11:07:04.979,1.5025,1.5026,1.00,1.00
2010.03.03 11:07:09.058,1.5025,1.50265,1.00,1.60
2010.03.03 11:07:09.413,1.5025,1.50265,1.00,1.70
2010.03.03 11:07:11.319,1.5025,1.5026,1.00,1.00
2010.03.03 11:07:12.205,1.5025,1.5026,1.00,1.00
2010.03.03 11:07:20.427,1.5025,1.50265,1.00,3.20
2010.03.03 11:07:22.466,1.5025,1.50265,1.00,3.30
2010.03.03 11:07:23.982,1.5025,1.5026,1.00,1.00
2010.03.03 11:07:27.646,1.50245,1.50255,1.60,1.00
2010.03.03 11:07:27.959,1.5024,1.50255,3.20,1.00
2010.03.03 11:07:31.448,1.5024,1.50255,3.20,1.00
2010.03.03 11:07:32.149,1.5024,1.50255,3.20,1.00
2010.03.03 11:07:35.352,1.5024,1.5025,3.20,1.00
2010.03.03 11:07:36.101,1.50235,1.5025,4.00,1.00
2010.03.03 11:07:36.227,1.50235,1.5025,1.60,2.40
2010.03.03 11:07:38.679,1.50235,1.5025,3.20,1.00
2010.03.03 11:07:39.366,1.50245,1.5026,1.00,5.60
2010.03.03 11:07:39.721,1.50245,1.50265,1.00,5.70
2010.03.03 11:07:48.486,1.50245,1.5026,1.00,1.00
2010.03.03 11:07:48.663,1.50245,1.50265,1.00,5.60
2010.03.03 11:07:49.631,1.50245,1.50265,1.00,5.70
2010.03.03 11:07:54.902,1.50245,1.5026,1.00,1.60
2010.03.03 11:07:56.290,1.50245,1.5026,1.00,1.70
2010.03.03 11:07:56.551,1.50245,1.50255,1.00,1.00
2010.03.03 11:07:56.619,1.50245,1.50255,1.00,1.00
2010.03.03 11:07:57.643,1.50245,1.50255,1.00,1.70
2010.03.03 11:08:00.824,1.5024,1.50255,4.40,1.70
2010.03.03 11:08:01.536,1.5024,1.50255,2.40,1.70
2010.03.03 11:08:03.217,1.5024,1.5025,2.40,1.00
2010.03.03 11:08:04.179,1.50235,1.5025,4.40,1.00
2010.03.03 11:08:04.858,1.50235,1.5025,2.80,1.00
2010.03.03 11:08:05.176,1.5024,1.5025,1.00,1.00
2010.03.03 11:08:05.647,1.50235,1.5025,2.80,1.00
2010.03.03 11:08:05.805,1.50235,1.5025,2.40,1.00
2010.03.03 11:08:05.972,1.50255,1.5026,1.00,6.00
2010.03.03 11:08:06.226,1.5025,1.50255,1.00,1.00
2010.03.03 11:08:06.874,1.5025,1.50255,1.00,1.00
2010.03.03 11:08:07.144,1.50245,1.5025,1.00,1.00
2010.03.03 11:08:07.679,1.5024,1.5025,4.40,1.00
2010.03.03 11:08:07.946,1.50245,1.5025,1.00,1.00
2010.03.03 11:08:09.363,1.5024,1.5025,2.40,1.00
2010.03.03 11:08:09.924,1.50255,1.5026,1.00,3.20
2010.03.03 11:08:10.572,1.5025,1.5026,5.60,2.40
2010.03.03 11:08:10.786,1.5024,1.50255,8.80,1.00
2010.03.03 11:08:11.001,1.50245,1.5025,1.00,1.00
2010.03.03 11:08:11.682,1.5024,1.5025,1.00,1.00
2010.03.03 11:08:15.201,1.5024,1.50255,1.00,1.00
2010.03.03 11:08:16.561,1.50245,1.5025,1.00,1.00
2010.03.03 11:08:17.237,1.5024,1.50255,1.20,1.00
2010.03.03 11:08:17.541,1.5024,1.50255,1.00,1.00
2010.03.03 11:08:21.038,1.5024,1.50255,2.40,1.00
2010.03.03 11:08:21.571,1.5024,1.50255,1.00,1.70
2010.03.03 11:08:21.803,1.50245,1.50255,1.00,1.70
2010.03.03 11:08:22.420,1.50245,1.5025,1.00,1.00
2010.03.03 11:08:22.732,1.50245,1.50255,1.00,1.70
2010.03.03 11:08:23.462,1.50245,1.50255,1.00,1.00
2010.03.03 11:08:28.087,1.5024,1.50255,2.80,1.00
2010.03.03 11:08:28.859,1.5024,1.50255,2.40,1.00
2010.03.03 11:08:29.415,1.5024,1.5025,2.40,1.00
2010.03.03 11:08:30.221,1.5024,1.50255,2.40,1.00
2010.03.03 11:08:31.149,1.50245,1.50255,1.00,1.00
2010.03.03 11:08:32.513,1.50245,1.5025,1.00,1.00
2010.03.03 11:08:34.292,1.50245,1.5026,1.00,4.90
2010.03.03 11:08:34.599,1.5024,1.5026,4.40,4.10
2010.03.03 11:08:35.374,1.5024,1.5026,2.40,4.10
2010.03.03 11:08:37.459,1.5024,1.50255,2.40,1.00
2010.03.03 11:08:38.508,1.50245,1.50255,1.00,1.00
2010.03.03 11:08:49.460,1.5025,1.5026,1.00,3.30
2010.03.03 11:08:49.635,1.50255,1.5026,1.00,1.60
2010.03.03 11:08:49.811,1.5025,1.5026,4.40,1.00
2010.03.03 11:08:50.458,1.5025,1.5026,1.20,1.00
2010.03.03 11:08:50.780,1.50245,1.5026,1.60,2.50
2010.03.03 11:08:52.830,1.5025,1.5026,2.80,2.40
2010.03.03 11:08:53.141,1.50245,1.50255,1.20,1.00
2010.03.03 11:08:53.933,1.5024,1.50255,4.00,1.00
2010.03.03 11:08:54.293,1.50245,1.50255,1.00,1.00
2010.03.03 11:08:54.651,1.50245,1.50255,1.00,1.90
2010.03.03 11:08:55.194,1.50245,1.50255,1.00,1.70
2010.03.03 11:08:57.862,1.50265,1.5027,1.00,31.00
2010.03.03 11:08:58.228,1.5026,1.50275,1.00,1.70
2010.03.03 11:08:58.586,1.5026,1.50275,1.00,3.30
2010.03.03 11:09:00.929,1.5026,1.5027,1.00,1.00
2010.03.03 11:09:01.483,1.50255,1.5027,1.00,4.10
2010.03.03 11:09:02.277,1.5025,1.5027,5.60,4.90
2010.03.03 11:09:02.929,1.5026,1.5027,2.40,1.60
2010.03.03 11:09:05.052,1.50265,1.5027,1.00,1.60
2010.03.03 11:09:05.212,1.50265,1.50275,1.00,4.80
2010.03.03 11:09:05.375,1.5026,1.50275,4.10,1.60
2010.03.03 11:09:05.595,1.5026,1.50275,2.40,4.90
2010.03.03 11:09:06.443,1.5026,1.5027,1.00,1.60
2010.03.03 11:09:07.203,1.50255,1.5027,4.10,1.60
2010.03.03 11:09:07.650,1.5026,1.5027,1.00,1.60
2010.03.03 11:09:07.881,1.5026,1.5027,2.40,1.60
2010.03.03 11:09:09.681,1.50255,1.5027,3.40,1.60
2010.03.03 11:09:09.928,1.50255,1.5027,1.00,4.10
2010.03.03 11:09:10.567,1.5025,1.50265,6.00,1.60
2010.03.03 11:09:10.863,1.5026,1.5027,7.20,3.20
2010.03.03 11:09:11.150,1.5026,1.50275,3.20,1.60
2010.03.03 11:09:11.435,1.5026,1.50275,1.00,2.40
2010.03.03 11:09:11.711,1.50255,1.50275,5.80,2.40
2010.03.03 11:09:12.857,1.50255,1.5027,1.00,1.00
2010.03.03 11:09:14.064,1.5026,1.50275,1.00,1.00
2010.03.03 11:09:14.413,1.50255,1.5027,6.70,1.00
2010.03.03 11:09:14.669,1.50255,1.5027,4.30,1.00
2010.03.03 11:09:15.415,1.5026,1.50275,1.00,2.40
2010.03.03 11:09:15.643,1.50275,1.5028,1.00,1.00
2010.03.03 11:09:15.866,1.50265,1.50275,1.00,1.00
2010.03.03 11:09:16.458,1.50265,1.50275,4.00,1.00
2010.03.03 11:09:16.728,1.50265,1.50275,1.00,1.00
2010.03.03 11:09:18.148,1.5026,1.50275,5.60,1.00
2010.03.03 11:09:19.992,1.5026,1.5028,6.50,4.40
2010.03.03 11:09:20.282,1.5026,1.5028,6.50,4.20
2010.03.03 11:09:21.180,1.5026,1.5028,6.50,4.40
2010.03.03 11:09:21.757,1.5026,1.50275,4.00,1.00
2010.03.03 11:09:23.451,1.5026,1.5028,4.00,4.40
2010.03.03 11:09:24.244,1.5026,1.50275,4.00,1.00
2010.03.03 11:09:24.606,1.5026,1.50275,2.40,1.70
2010.03.03 11:09:28.043,1.50265,1.50275,4.00,1.60
2010.03.03 11:09:28.380,1.50265,1.5028,4.00,1.60
2010.03.03 11:09:28.608,1.5027,1.50285,1.00,5.10
2010.03.03 11:09:32.421,1.5027,1.50285,1.00,4.90
2010.03.03 11:09:41.209,1.5027,1.50285,1.00,5.20
2010.03.03 11:09:41.351,1.5027,1.50285,1.00,4.90
2010.03.03 11:09:48.905,1.5027,1.50285,1.00,5.20
2010.03.03 11:09:49.195,1.5027,1.50285,1.00,4.90
2010.03.03 11:09:49.484,1.5027,1.5028,1.00,1.60
2010.03.03 11:09:52.910,1.5027,1.50285,2.40,4.80
2010.03.03 11:09:53.228,1.5027,1.50285,2.40,3.20
2010.03.03 11:09:57.787,1.5027,1.50285,1.00,3.20
2010.03.03 11:09:58.132,1.50265,1.50285,5.60,4.00
2010.03.03 11:09:58.482,1.50265,1.5028,4.00,2.40
2010.03.03 11:09:59.033,1.50265,1.5028,1.60,3.20
2010.03.03 11:09:59.348,1.5026,1.50275,4.00,1.60
2010.03.03 11:09:59.659,1.5026,1.50275,1.00,1.60
2010.03.03 11:09:59.975,1.5026,1.50275,1.20,1.60
2010.03.03 11:10:00.285,1.5026,1.5028,1.00,4.80
2010.03.03 11:10:01.492,1.50265,1.5028,2.40,2.40
2010.03.03 11:10:04.381,1.50265,1.5028,2.40,2.60
2010.03.03 11:10:07.093,1.50265,1.5028,2.40,1.80
2010.03.03 11:10:07.312,1.50265,1.5028,2.40,1.00
2010.03.03 11:10:08.410,1.5026,1.5028,10.80,1.00
2010.03.03 11:10:08.582,1.5026,1.5028,6.80,2.40
2010.03.03 11:10:09.258,1.5026,1.5028,4.00,2.40
2010.03.03 11:10:09.438,1.5026,1.50275,4.00,1.60
2010.03.03 11:10:09.717,1.50255,1.5027,4.00,1.00
2010.03.03 11:10:09.993,1.50255,1.5027,3.20,1.00
2010.03.03 11:10:10.524,1.50255,1.5027,1.60,1.00
2010.03.03 11:10:10.821,1.50255,1.50275,2.40,9.00
2010.03.03 11:10:11.108,1.50255,1.50275,2.40,8.80
2010.03.03 11:10:11.675,1.50255,1.50275,2.40,8.40
2010.03.03 11:10:12.559,1.50255,1.50275,1.00,8.60
2010.03.03 11:10:13.237,1.5025,1.50275,6.00,8.40
2010.03.03 11:10:13.572,1.5025,1.5027,6.00,1.00
2010.03.03 11:10:13.902,1.5026,1.5027,1.00,1.00
2010.03.03 11:10:14.805,1.50255,1.50275,2.40,5.60
2010.03.03 11:10:18.043,1.50265,1.50275,1.00,2.40
2010.03.03 11:10:18.383,1.5026,1.50275,1.00,1.60
2010.03.03 11:10:18.733,1.5026,1.50275,1.00,3.20
2010.03.03 11:10:19.437,1.5026,1.50275,1.00,3.20
2010.03.03 11:10:29.729,1.50265,1.50275,1.00,4.00
2010.03.03 11:10:29.879,1.50265,1.50275,1.00,4.20
2010.03.03 11:10:30.027,1.50265,1.50275,1.00,3.20
2010.03.03 11:10:30.802,1.5026,1.50275,1.00,4.20
2010.03.03 11:10:31.032,1.5026,1.50275,1.00,4.00
2010.03.03 11:10:31.262,1.5026,1.5027,1.00,1.00
2010.03.03 11:10:31.493,1.5026,1.50275,2.50,4.10
2010.03.03 11:10:31.728,1.5026,1.5028,6.50,6.60
2010.03.03 11:10:32.421,1.5026,1.5028,4.80,6.60
2010.03.03 11:10:32.679,1.5026,1.5028,2.40,6.60
2010.03.03 11:10:46.175,1.5026,1.50275,2.40,1.60
2010.03.03 11:10:56.801,1.5026,1.50275,1.00,3.20
2010.03.03 11:10:56.971,1.5025,1.50265,7.00,1.60
2010.03.03 11:10:57.629,1.5025,1.50265,9.00,1.60
2010.03.03 11:10:59.679,1.5025,1.50265,6.40,1.60
2010.03.03 11:11:00.608,1.5025,1.5027,6.40,5.20
2010.03.03 11:11:00.973,1.5025,1.5027,4.80,4.40
2010.03.03 11:11:02.713,1.50255,1.5027,1.00,2.00
2010.03.03 11:11:03.011,1.50255,1.50265,1.00,1.00
2010.03.03 11:11:03.680,1.50255,1.50265,1.00,1.00
2010.03.03 11:11:09.619,1.5025,1.5027,4.40,2.50
2010.03.03 11:11:10.136,1.5025,1.5027,4.40,3.60
2010.03.03 11:11:10.235,1.5025,1.5027,6.40,3.60
2010.03.03 11:11:16.735,1.5025,1.5027,4.00,3.60
2010.03.03 11:11:16.869,1.5025,1.5027,4.00,5.20
2010.03.03 11:11:17.002,1.5025,1.50265,4.00,1.00
2010.03.03 11:11:17.132,1.50255,1.50265,1.00,1.00
2010.03.03 11:11:17.390,1.50255,1.5027,1.00,3.20
2010.03.03 11:11:18.252,1.50255,1.5027,1.00,2.80
2010.03.03 11:11:18.606,1.5025,1.50265,2.40,1.00
2010.03.03 11:11:18.820,1.50255,1.50265,1.00,1.00
2010.03.03 11:11:19.246,1.50255,1.5027,1.00,3.30
2010.03.03 11:11:19.463,1.5025,1.50275,2.80,12.70
2010.03.03 11:11:19.683,1.5025,1.50265,2.40,1.00
2010.03.03 11:11:20.326,1.50255,1.50265,1.00,1.00
2010.03.03 11:11:25.893,1.50255,1.5027,1.00,1.70
2010.03.03 11:11:27.371,1.50255,1.50275,1.00,8.10
2010.03.03 11:11:27.728,1.50255,1.50275,6.40,3.60
2010.03.03 11:11:28.868,1.50255,1.50275,6.40,3.40
2010.03.03 11:11:29.106,1.50255,1.50275,6.80,3.40
2010.03.03 11:11:29.348,1.50255,1.50275,6.40,3.40
2010.03.03 11:11:30.923,1.5026,1.50275,1.00,2.60
2010.03.03 11:11:32.753,1.5025,1.5027,9.20,1.80
2010.03.03 11:11:32.884,1.5025,1.5027,9.00,1.80
2010.03.03 11:11:33.018,1.5025,1.5027,8.00,3.60
2010.03.03 11:11:37.891,1.5025,1.5027,9.00,3.40
2010.03.03 11:11:38.156,1.5025,1.5027,6.60,3.40
2010.03.03 11:11:38.413,1.5025,1.5027,6.60,3.20
2010.03.03 11:11:39.051,1.50255,1.5027,1.00,2.40
2010.03.03 11:11:39.406,1.50255,1.5027,1.00,1.00
2010.03.03 11:11:40.331,1.50255,1.5027,1.00,1.80
2010.03.03 11:11:40.565,1.5025,1.5027,7.00,1.80
2010.03.03 11:11:41.117,1.5025,1.5027,6.60,1.80
2010.03.03 11:11:42.396,1.5025,1.5027,5.00,1.60
2010.03.03 11:11:43.102,1.5025,1.5027,3.40,3.20
2010.03.03 11:11:43.458,1.5025,1.5027,2.40,4.80
2010.03.03 11:11:55.753,1.5025,1.5027,2.40,5.00
2010.03.03 11:11:57.034,1.5025,1.5027,2.40,4.80
2010.03.03 11:11:57.691,1.5025,1.5027,2.40,4.00
2010.03.03 11:11:57.916,1.50245,1.50265,5.70,1.00
2010.03.03 11:11:58.596,1.5025,1.5027,1.00,6.30
2010.03.03 11:11:58.945,1.5025,1.5027,1.00,5.60
2010.03.03 11:12:07.564,1.5025,1.5026,1.00,1.00
2010.03.03 11:12:08.314,1.50245,1.5026,1.00,5.60
2010.03.03 11:12:08.522,1.5024,1.5026,4.10,3.20
2010.03.03 11:12:08.727,1.5025,1.5026,1.00,2.40
2010.03.03 11:12:08.932,1.50245,1.5026,4.50,1.00
2010.03.03 11:12:09.131,1.5025,1.50265,1.00,3.90
2010.03.03 11:12:09.645,1.5025,1.50265,1.00,2.30
2010.03.03 11:12:10.001,1.50245,1.50265,4.40,2.40
2010.03.03 11:12:10.696,1.50245,1.50265,4.40,4.00
2010.03.03 11:12:13.423,1.50245,1.5026,2.80,2.40
2010.03.03 11:12:25.007,1.50245,1.5026,3.00,2.40
2010.03.03 11:12:25.449,1.50245,1.5026,2.20,3.20
2010.03.03 11:12:25.583,1.50245,1.5026,1.60,3.20
2010.03.03 11:12:39.722,1.5024,1.5026,4.00,5.00
2010.03.03 11:12:40.445,1.5024,1.5026,4.00,3.20
2010.03.03 11:12:43.741,1.5024,1.5026,4.00,2.40
2010.03.03 11:12:43.995,1.5024,1.5026,5.60,2.40
2010.03.03 11:12:44.795,1.5025,1.50265,1.00,1.60
2010.03.03 11:12:48.269,1.5025,1.5027,2.40,5.60
2010.03.03 11:12:48.619,1.5025,1.5027,2.40,4.00
2010.03.03 11:12:49.335,1.5025,1.5027,2.40,3.40
2010.03.03 11:12:51.404,1.5025,1.5027,2.40,4.00
2010.03.03 11:12:51.764,1.5025,1.5027,2.40,3.40
2010.03.03 11:12:52.122,1.5025,1.5027,2.40,5.00
2010.03.03 11:12:52.482,1.5025,1.5027,2.80,5.00
2010.03.03 11:12:52.810,1.5025,1.5027,2.80,4.00
2010.03.03 11:12:53.141,1.5025,1.5027,2.80,3.40
2010.03.03 11:12:53.966,1.5025,1.5027,2.40,4.00
2010.03.03 11:12:54.318,1.5025,1.5027,2.40,2.40
2010.03.03 11:12:54.671,1.5025,1.5027,2.40,5.00
2010.03.03 11:12:54.844,1.5025,1.5027,2.40,4.70
2010.03.03 11:12:55.014,1.5025,1.5027,2.40,3.10
2010.03.03 11:12:55.184,1.5025,1.5027,2.40,5.80
2010.03.03 11:12:55.359,1.5025,1.5027,2.80,4.70
2010.03.03 11:12:55.988,1.5025,1.5027,2.40,4.70
2010.03.03 11:12:56.959,1.5025,1.5027,2.40,2.40
2010.03.03 11:12:58.872,1.5025,1.5026,2.40,1.00
2010.03.03 11:12:59.231,1.5025,1.5026,1.00,1.00
2010.03.03 11:13:00.169,1.50245,1.5026,1.60,1.60
2010.03.03 11:13:00.238,1.50245,1.5026,1.60,1.80
2010.03.03 11:13:04.944,1.5024,1.5026,4.00,1.80
2010.03.03 11:13:05.447,1.5024,1.5026,5.60,1.80
2010.03.03 11:13:05.642,1.5024,1.5026,5.60,3.40
2010.03.03 11:13:06.008,1.50245,1.5026,1.60,1.80
2010.03.03 11:13:06.191,1.50245,1.5026,1.60,1.00
2010.03.03 11:13:06.373,1.50245,1.50265,2.40,9.00
2010.03.03 11:13:06.553,1.5025,1.50265,1.00,5.80
2010.03.03 11:13:06.734,1.5025,1.5027,1.00,11.90
2010.03.03 11:13:07.163,1.5025,1.5027,1.00,9.50
2010.03.03 11:13:08.734,1.5025,1.5027,1.00,11.90
2010.03.03 11:13:10.403,1.5025,1.5027,1.00,8.70
2010.03.03 11:13:10.720,1.50255,1.5027,1.00,7.90
2010.03.03 11:13:12.024,1.5025,1.5027,1.00,8.70
2010.03.03 11:13:12.167,1.5025,1.5027,2.80,4.00
2010.03.03 11:13:12.909,1.5025,1.5027,2.80,5.60
2010.03.03 11:13:13.045,1.5025,1.5027,2.80,7.20
2010.03.03 11:13:13.681,1.5025,1.5027,2.80,7.90
2010.03.03 11:13:14.036,1.5025,1.5027,2.80,5.60
2010.03.03 11:13:17.638,1.5025,1.5027,2.80,4.00
2010.03.03 11:13:18.051,1.50255,1.5027,1.00,3.20
2010.03.03 11:13:19.099,1.50255,1.5027,1.00,1.60
2010.03.03 11:13:19.478,1.50255,1.50275,1.00,5.60
2010.03.03 11:13:20.315,1.50255,1.50275,2.40,2.40
2010.03.03 11:13:20.589,1.50255,1.50275,4.00,2.40
2010.03.03 11:13:21.603,1.50255,1.50275,4.10,2.40
2010.03.03 11:13:22.303,1.5026,1.5028,1.00,9.80
2010.03.03 11:13:22.496,1.5026,1.5028,2.40,8.70
2010.03.03 11:13:24.078,1.5026,1.50265,1.60,1.00
2010.03.03 11:13:24.317,1.50255,1.50265,1.60,1.00
2010.03.03 11:13:25.068,1.5026,1.5027,1.00,1.00
2010.03.03 11:13:25.278,1.5026,1.5028,1.20,5.60
2010.03.03 11:13:25.464,1.5026,1.5028,1.00,4.00
2010.03.03 11:13:26.089,1.5026,1.5028,2.40,4.00
2010.03.03 11:13:26.893,1.50255,1.5027,3.60,1.00
2010.03.03 11:13:27.482,1.50255,1.5027,3.20,1.00
2010.03.03 11:13:27.609,1.5025,1.5027,5.60,4.00
2010.03.03 11:13:27.748,1.5025,1.5027,4.00,4.00
2010.03.03 11:13:28.319,1.5025,1.5027,2.40,4.00
2010.03.03 11:13:28.678,1.5025,1.5027,4.00,4.00
2010.03.03 11:13:30.866,1.5025,1.5027,4.00,4.80
2010.03.03 11:13:31.709,1.5025,1.50265,4.00,1.00
2010.03.03 11:13:36.332,1.5025,1.50265,2.40,2.60
2010.03.03 11:13:36.478,1.5025,1.50255,1.60,1.00
2010.03.03 11:13:36.620,1.50245,1.50255,1.60,1.00
2010.03.03 11:13:36.839,1.5024,1.50255,3.20,1.80
2010.03.03 11:13:37.063,1.50245,1.50255,1.20,1.00
2010.03.03 11:13:37.642,1.50245,1.50255,1.00,1.00
2010.03.03 11:13:37.930,1.50245,1.50265,2.40,2.40
2010.03.03 11:13:40.132,1.50245,1.5026,1.60,1.00
2010.03.03 11:13:40.275,1.50245,1.5026,1.60,1.80
2010.03.03 11:13:40.904,1.5024,1.5026,5.60,1.80
2010.03.03 11:13:48.088,1.5024,1.5026,5.60,1.00
2010.03.03 11:13:49.457,1.5024,1.50255,4.80,1.00
2010.03.03 11:13:49.751,1.5024,1.5026,7.30,8.20
2010.03.03 11:13:49.903,1.50245,1.5026,1.00,2.40
2010.03.03 11:13:50.812,1.5024,1.5026,8.80,2.40
2010.03.03 11:13:51.169,1.50235,1.5026,15.00,2.40
2010.03.03 11:13:56.638,1.5024,1.5026,5.60,3.40
2010.03.03 11:14:03.610,1.5024,1.50255,5.60,1.00
2010.03.03 11:14:03.964,1.5024,1.5026,5.60,2.50
2010.03.03 11:14:05.880,1.5024,1.50255,4.80,1.00
2010.03.03 11:14:06.219,1.50235,1.50255,6.10,1.80
2010.03.03 11:14:06.970,1.50235,1.50255,5.70,1.00
2010.03.03 11:14:12.130,1.50235,1.50255,5.70,1.80
2010.03.03 11:14:13.924,1.50235,1.50255,5.70,1.70
2010.03.03 11:14:18.074,1.5024,1.50255,1.00,1.70
2010.03.03 11:14:18.289,1.5024,1.5026,4.00,12.10
2010.03.03 11:14:18.910,1.5024,1.5026,4.00,11.90
2010.03.03 11:14:19.192,1.5024,1.5026,4.00,1.00
2010.03.03 11:14:19.548,1.5024,1.5026,5.60,1.00
2010.03.03 11:14:35.299,1.5024,1.5026,4.00,1.00
2010.03.03 11:14:35.434,1.5024,1.5026,5.60,1.00
2010.03.03 11:14:38.450,1.50235,1.5026,14.80,1.00
2010.03.03 11:14:38.711,1.5024,1.5026,5.60,1.00
2010.03.03 11:14:41.768,1.5025,1.5026,2.40,1.00
2010.03.03 11:14:41.901,1.5025,1.50265,3.20,8.10
2010.03.03 11:14:42.673,1.50255,1.50265,2.40,2.00
2010.03.03 11:14:42.941,1.50255,1.50265,1.00,1.00
2010.03.03 11:14:43.296,1.50255,1.50275,2.40,5.60
2010.03.03 11:14:44.169,1.50255,1.50275,4.40,2.40
2010.03.03 11:14:44.398,1.5026,1.5028,1.00,4.00
2010.03.03 11:14:45.809,1.50255,1.5027,5.20,1.00
2010.03.03 11:14:46.167,1.5025,1.5027,4.00,6.00
2010.03.03 11:14:46.524,1.5025,1.5027,2.40,6.00
2010.03.03 11:14:46.741,1.5025,1.5027,2.40,8.40
2010.03.03 11:14:47.886,1.5025,1.5027,2.40,6.00
2010.03.03 11:14:48.167,1.5025,1.5027,1.00,6.00
2010.03.03 11:14:48.430,1.5025,1.5027,1.00,8.40
2010.03.03 11:14:49.028,1.5025,1.5027,1.00,6.00
2010.03.03 11:14:51.413,1.5025,1.5027,2.40,6.40
2010.03.03 11:14:52.520,1.5024,1.50255,5.80,1.00
2010.03.03 11:14:52.822,1.50245,1.5026,1.00,1.00
2010.03.03 11:14:53.390,1.5025,1.50265,3.20,7.80
2010.03.03 11:14:53.712,1.5025,1.50265,3.20,1.60
2010.03.03 11:14:54.067,1.5025,1.50265,1.00,1.70
2010.03.03 11:14:58.186,1.50245,1.5026,6.00,1.00
2010.03.03 11:14:59.094,1.50245,1.50265,2.40,4.10
2010.03.03 11:15:05.660,1.50245,1.50265,2.40,4.00
2010.03.03 11:15:07.026,1.5025,1.50265,1.00,1.60
2010.03.03 11:15:10.295,1.50245,1.50265,5.60,2.40
2010.03.03 11:15:11.032,1.5025,1.50265,1.00,1.60
2010.03.03 11:15:13.357,1.50245,1.50265,5.60,2.80
2010.03.03 11:15:13.641,1.50245,1.50265,5.60,2.40
2010.03.03 11:15:15.112,1.5025,1.50265,1.00,1.60
2010.03.03 11:15:17.216,1.50245,1.50265,4.00,2.40
2010.03.03 11:15:17.524,1.50245,1.50265,3.20,2.40
2010.03.03 11:15:20.294,1.50245,1.50265,3.20,2.70
2010.03.03 11:15:20.825,1.50245,1.50265,3.20,4.30
2010.03.03 11:15:21.767,1.50245,1.50265,11.30,1.90
2010.03.03 11:15:23.110,1.50245,1.50265,13.10,1.60
2010.03.03 11:15:26.484,1.50245,1.50265,13.10,2.00
2010.03.03 11:15:29.443,1.50245,1.50265,13.10,1.60
2010.03.03 11:15:30.605,1.5025,1.5027,1.60,6.40
2010.03.03 11:15:32.087,1.5025,1.5027,1.60,4.80
2010.03.03 11:15:33.849,1.5025,1.5027,1.60,6.40
2010.03.03 11:15:34.702,1.5025,1.5027,1.60,6.50
2010.03.03 11:15:35.055,1.5025,1.5027,1.00,6.20
2010.03.03 11:15:37.696,1.5025,1.5027,1.00,6.50
2010.03.03 11:15:42.293,1.5025,1.5027,1.00,6.20
2010.03.03 11:15:42.620,1.5025,1.50265,1.00,1.00
2010.03.03 11:15:49.603,1.5025,1.5027,1.00,4.10
2010.03.03 11:15:54.717,1.5025,1.50265,1.00,1.70
2010.03.03 11:15:55.406,1.5025,1.50265,1.00,4.90
2010.03.03 11:15:57.627,1.50245,1.50255,1.60,1.00
2010.03.03 11:15:57.956,1.50235,1.50255,5.60,2.80
2010.03.03 11:15:58.563,1.50235,1.5025,5.60,1.00
2010.03.03 11:15:58.895,1.50225,1.50245,5.80,1.20
2010.03.03 11:16:02.340,1.50225,1.50245,4.20,2.80
2010.03.03 11:16:02.426,1.50225,1.5024,3.40,1.00
2010.03.03 11:16:03.036,1.50225,1.5024,1.00,1.00
2010.03.03 11:16:05.554,1.5022,1.5024,6.00,1.00
2010.03.03 11:16:12.383,1.5022,1.5024,6.00,2.40
2010.03.03 11:16:12.706,1.5022,1.5024,4.20,1.00
2010.03.03 11:16:15.121,1.5022,1.5024,4.20,4.10
2010.03.03 11:16:15.355,1.5022,1.5024,4.20,2.50
2010.03.03 11:16:20.763,1.5022,1.5024,1.00,10.10
2010.03.03 11:16:20.960,1.5022,1.50235,1.00,1.00
2010.03.03 11:16:21.568,1.5022,1.50235,1.00,1.20
2010.03.03 11:16:21.783,1.50215,1.5023,5.60,1.00
2010.03.03 11:16:21.930,1.50215,1.50235,5.60,1.00
2010.03.03 11:16:23.105,1.5021,1.5023,10.00,2.50
2010.03.03 11:16:23.426,1.5021,1.50225,1.00,3.20
2010.03.03 11:16:24.275,1.5021,1.50225,1.00,3.40
2010.03.03 11:16:25.133,1.5021,1.50225,1.00,4.90
2010.03.03 11:16:25.843,1.5021,1.5022,1.00,1.00
2010.03.03 11:16:26.656,1.5021,1.50225,1.00,4.90
2010.03.03 11:16:28.944,1.5021,1.50225,1.00,5.10
2010.03.03 11:16:29.737,1.50205,1.50225,1.00,5.90
2010.03.03 11:16:30.219,1.50205,1.50225,1.00,5.10
2010.03.03 11:16:30.983,1.50205,1.50225,1.00,5.80
2010.03.03 11:16:34.094,1.502,1.5022,6.00,1.00
2010.03.03 11:16:34.815,1.502,1.5022,4.00,1.00
2010.03.03 11:16:35.118,1.502,1.5022,2.40,2.40
2010.03.03 11:16:37.852,1.502,1.5022,4.00,2.40
2010.03.03 11:16:37.997,1.502,1.5022,5.60,1.00
2010.03.03 11:16:40.023,1.502,1.5022,5.80,1.00
2010.03.03 11:16:40.368,1.502,1.5022,5.60,1.00
2010.03.03 11:16:42.413,1.50215,1.5023,1.00,5.50
2010.03.03 11:16:43.948,1.5021,1.5023,4.40,8.70
2010.03.03 11:16:44.812,1.5021,1.5023,2.40,8.70
2010.03.03 11:16:46.003,1.5021,1.5023,4.00,8.70
2010.03.03 11:16:51.779,1.50215,1.5023,2.40,1.60
2010.03.03 11:16:52.426,1.50215,1.5023,2.40,2.30
2010.03.03 11:16:52.737,1.50215,1.5023,1.60,2.40
2010.03.03 11:16:53.560,1.50215,1.5023,1.60,1.00
2010.03.03 11:16:55.477,1.5021,1.5022,1.60,1.00
2010.03.03 11:16:56.360,1.50205,1.5022,4.90,1.00
2010.03.03 11:16:56.674,1.50205,1.50225,5.70,1.00
2010.03.03 11:16:56.985,1.5021,1.5023,2.50,9.50
2010.03.03 11:16:57.586,1.5021,1.5023,2.50,5.50
2010.03.03 11:16:57.774,1.5021,1.5023,4.10,4.00
2010.03.03 11:16:58.137,1.5021,1.5023,4.10,2.40
2010.03.03 11:16:58.691,1.5021,1.5023,5.70,2.40
2010.03.03 11:17:00.381,1.5021,1.5023,4.10,2.40
2010.03.03 11:17:00.986,1.5021,1.5022,1.60,1.00
2010.03.03 11:17:01.139,1.50205,1.5022,1.60,1.00
2010.03.03 11:17:02.789,1.50205,1.5022,1.00,1.00
2010.03.03 11:17:03.403,1.502,1.5022,7.20,2.50
2010.03.03 11:17:04.279,1.502,1.50215,1.00,1.00
2010.03.03 11:17:05.414,1.502,1.50205,1.00,1.00
2010.03.03 11:17:06.186,1.50195,1.50205,1.00,1.00
2010.03.03 11:17:06.381,1.50195,1.5021,1.20,3.30
2010.03.03 11:17:07.103,1.50195,1.5021,1.00,3.30
2010.03.03 11:17:07.470,1.5019,1.5021,4.00,4.10
2010.03.03 11:17:08.178,1.5019,1.50205,2.40,1.00
2010.03.03 11:17:08.537,1.5019,1.5021,2.40,5.70
2010.03.03 11:17:10.530,1.5019,1.5021,1.00,5.70
2010.03.03 11:17:10.866,1.5019,1.5021,2.40,5.70
2010.03.03 11:17:11.780,1.5019,1.502,1.00,1.00
2010.03.03 11:17:12.137,1.50185,1.502,2.40,1.00
2010.03.03 11:17:12.684,1.50185,1.502,1.00,1.00
2010.03.03 11:17:12.860,1.50185,1.502,1.20,1.70
2010.03.03 11:17:13.030,1.50185,1.502,1.00,1.70
2010.03.03 11:17:13.193,1.50185,1.50205,1.00,8.10
2010.03.03 11:17:13.860,1.50185,1.50205,1.00,5.80
2010.03.03 11:17:14.042,1.5019,1.502,1.00,1.00
2010.03.03 11:17:14.399,1.50185,1.50195,1.00,1.00
2010.03.03 11:17:15.150,1.5019,1.502,1.00,1.00
2010.03.03 11:17:15.516,1.5019,1.50205,1.00,1.70
2010.03.03 11:17:18.094,1.50185,1.50205,4.00,2.50
2010.03.03 11:17:19.518,1.5019,1.50205,1.00,1.70
2010.03.03 11:17:19.920,1.5019,1.50205,1.00,3.30
2010.03.03 11:17:21.691,1.50185,1.50205,2.80,4.10
2010.03.03 11:17:21.834,1.50185,1.50205,1.20,7.50
2010.03.03 11:17:21.972,1.5018,1.502,4.50,1.00
2010.03.03 11:17:22.113,1.5018,1.502,6.50,1.00
2010.03.03 11:17:22.254,1.5018,1.502,4.10,1.00
2010.03.03 11:17:23.131,1.50185,1.50205,1.00,6.70
2010.03.03 11:17:23.361,1.50185,1.50205,1.00,5.90
2010.03.03 11:17:24.134,1.50185,1.50205,1.00,7.30
2010.03.03 11:17:24.295,1.5018,1.502,6.90,2.40
2010.03.03 11:17:24.452,1.5018,1.502,6.50,2.40
2010.03.03 11:17:25.108,1.50185,1.50205,1.00,8.10
2010.03.03 11:17:25.473,1.50185,1.502,1.00,1.00
2010.03.03 11:17:26.311,1.50185,1.50205,2.50,5.60
2010.03.03 11:17:27.010,1.50185,1.50205,2.40,5.60
2010.03.03 11:17:29.365,1.50185,1.50205,2.40,5.70
2010.03.03 11:17:29.698,1.50185,1.50205,4.10,1.00
2010.03.03 11:17:30.507,1.50185,1.5021,5.70,8.00
2010.03.03 11:17:31.098,1.50185,1.50205,1.60,4.00
2010.03.03 11:17:31.994,1.50185,1.50205,1.60,5.60
2010.03.03 11:17:32.251,1.50185,1.50205,1.60,5.90
2010.03.03 11:17:32.496,1.50185,1.50205,1.60,7.50
2010.03.03 11:17:32.742,1.50185,1.50205,1.60,5.90
2010.03.03 11:17:33.577,1.50185,1.50205,1.60,8.30
2010.03.03 11:17:34.161,1.50185,1.50205,1.60,9.90
2010.03.03 11:17:34.460,1.5018,1.502,4.10,2.40
2010.03.03 11:17:35.184,1.5018,1.502,5.70,1.60
2010.03.03 11:17:35.546,1.5018,1.502,8.00,3.30
2010.03.03 11:17:35.793,1.5018,1.50195,5.60,1.00
2010.03.03 11:17:36.524,1.50175,1.50195,8.40,1.00
2010.03.03 11:17:36.773,1.5017,1.5019,2.50,4.80
2010.03.03 11:17:37.852,1.50165,1.50195,9.60,14.60
2010.03.03 11:17:38.110,1.50175,1.50195,1.00,14.70
2010.03.03 11:17:38.296,1.50175,1.50195,1.00,14.70
2010.03.03 11:17:39.408,1.5017,1.5019,1.50,12.30
2010.03.03 11:17:39.670,1.50175,1.5019,1.00,14.60
2010.03.03 11:17:39.933,1.50165,1.50185,1.60,6.70
2010.03.03 11:17:40.192,1.50165,1.5018,1.60,1.70
2010.03.03 11:17:42.096,1.50165,1.50175,1.60,1.00
2010.03.03 11:17:42.951,1.50165,1.5018,1.60,9.80
2010.03.03 11:17:43.075,1.5015,1.50175,4.00,13.00
2010.03.03 11:17:43.189,1.5015,1.50175,2.40,13.20
2010.03.03 11:17:43.306,1.5015,1.50175,2.40,13.20
2010.03.03 11:17:45.290,1.5015,1.50165,2.40,1.00
2010.03.03 11:17:45.830,1.50145,1.50165,9.50,1.70
2010.03.03 11:17:46.102,1.50145,1.50165,4.00,5.30
2010.03.03 11:17:46.391,1.50145,1.50155,1.60,1.00
2010.03.03 11:17:46.994,1.5014,1.50155,4.00,5.70
2010.03.03 11:17:47.331,1.5013,1.5015,6.40,6.50
2010.03.03 11:17:47.660,1.5013,1.5015,4.80,5.70
2010.03.03 11:17:48.431,1.50135,1.5015,1.00,4.90
2010.03.03 11:17:48.706,1.5013,1.50135,2.40,1.00
2010.03.03 11:17:48.996,1.50125,1.50145,1.60,6.50
2010.03.03 11:17:49.588,1.50125,1.5014,3.20,1.00
2010.03.03 11:17:50.296,1.50125,1.5014,3.20,1.00
2010.03.03 11:17:51.179,1.50125,1.5014,1.60,2.50
2010.03.03 11:17:51.454,1.50115,1.50135,11.20,1.00
2010.03.03 11:17:51.999,1.5013,1.50135,1.00,1.00
2010.03.03 11:17:52.914,1.50115,1.50135,10.80,1.00
2010.03.03 11:17:53.862,1.5012,1.5013,2.40,1.00
2010.03.03 11:17:54.197,1.5012,1.5014,4.00,2.50
2010.03.03 11:17:55.263,1.5012,1.5014,4.80,3.30
2010.03.03 11:17:55.518,1.5012,1.5014,5.00,3.30
2010.03.03 11:17:56.004,1.5012,1.5014,5.00,3.20
2010.03.03 11:17:56.258,1.50125,1.5014,1.60,2.40
2010.03.03 11:17:57.120,1.50125,1.50145,1.60,11.30
2010.03.03 11:17:57.409,1.50125,1.50145,1.60,10.50
2010.03.03 11:17:58.628,1.50125,1.50145,1.60,10.70
2010.03.03 11:17:58.809,1.50125,1.5014,1.60,2.40
2010.03.03 11:18:03.769,1.50125,1.5014,1.60,1.60
2010.03.03 11:18:03.920,1.50125,1.50145,2.40,9.70
2010.03.03 11:18:05.595,1.50135,1.50145,1.00,4.80
2010.03.03 11:18:05.859,1.5013,1.50145,1.60,5.70
2010.03.03 11:18:06.637,1.5013,1.50145,1.00,3.20
2010.03.03 11:18:06.967,1.5013,1.50145,1.00,1.00
2010.03.03 11:18:08.551,1.50125,1.5014,4.00,1.00
2010.03.03 11:18:08.878,1.5013,1.50145,1.00,2.40
2010.03.03 11:18:09.421,1.5013,1.5015,1.00,10.40
2010.03.03 11:18:09.759,1.5013,1.50135,2.40,1.00
2010.03.03 11:18:10.567,1.5013,1.5015,2.40,8.00
2010.03.03 11:18:10.926,1.5013,1.5015,2.40,6.40
2010.03.03 11:18:11.295,1.5013,1.5015,4.80,5.80
2010.03.03 11:18:12.234,1.5013,1.5015,2.40,2.60
2010.03.03 11:18:13.709,1.5013,1.5015,1.00,8.90
2010.03.03 11:18:13.964,1.50135,1.5015,1.00,7.30
2010.03.03 11:18:14.651,1.5013,1.5015,6.10,4.80
2010.03.03 11:18:15.013,1.5014,1.50155,1.00,1.70
2010.03.03 11:18:15.873,1.5014,1.50155,1.00,1.00
2010.03.03 11:18:16.833,1.5014,1.50155,1.00,1.70
2010.03.03 11:18:17.383,1.5014,1.5015,1.00,1.00
2010.03.03 11:18:17.704,1.50135,1.50155,5.20,1.00
2010.03.03 11:18:18.007,1.50135,1.5015,3.60,1.00
2010.03.03 11:18:18.243,1.50135,1.5015,3.20,1.00
2010.03.03 11:18:19.362,1.50135,1.50155,5.70,3.10
2010.03.03 11:18:19.708,1.50135,1.50155,5.70,2.40
2010.03.03 11:18:21.519,1.5014,1.50155,1.00,2.40
2010.03.03 11:18:21.687,1.50145,1.50155,1.00,1.00
2010.03.03 11:18:21.862,1.50145,1.5016,1.00,3.10
2010.03.03 11:18:22.398,1.50145,1.5016,1.00,2.40
2010.03.03 11:18:22.626,1.50155,1.5017,1.30,4.00
2010.03.03 11:18:23.325,1.5016,1.50175,1.00,1.70
2010.03.03 11:18:24.400,1.5016,1.50175,3.20,1.00
2010.03.03 11:18:24.765,1.5016,1.50175,1.00,1.00
2010.03.03 11:18:25.583,1.5016,1.50175,1.00,1.70
2010.03.03 11:18:25.913,1.50155,1.50175,4.20,4.00
2010.03.03 11:18:26.229,1.50155,1.50175,1.60,7.20
2010.03.03 11:18:27.235,1.50155,1.5017,1.60,2.50
2010.03.03 11:18:27.602,1.5015,1.5017,4.00,6.40
2010.03.03 11:18:28.594,1.5015,1.5017,5.60,6.40
2010.03.03 11:18:28.930,1.5015,1.5017,4.00,6.40
2010.03.03 11:18:32.751,1.50155,1.50175,1.00,9.60
2010.03.03 11:18:33.112,1.5015,1.5017,4.00,1.00
2010.03.03 11:18:34.366,1.5015,1.5017,4.00,2.40
2010.03.03 11:18:36.340,1.5015,1.5017,4.00,4.00
2010.03.03 11:18:37.141,1.5015,1.5017,4.20,2.40
2010.03.03 11:18:37.811,1.50165,1.5017,1.00,1.60
2010.03.03 11:18:38.474,1.5015,1.5017,6.20,1.00
2010.03.03 11:18:38.827,1.50155,1.50175,1.00,5.70
2010.03.03 11:18:39.885,1.50165,1.50175,1.20,3.20
2010.03.03 11:18:40.166,1.5016,1.50175,3.20,1.00
2010.03.03 11:18:40.705,1.5016,1.50175,1.00,1.00
2010.03.03 11:18:40.993,1.5016,1.50175,2.80,1.00
2010.03.03 11:18:41.223,1.5016,1.50175,2.40,1.00
2010.03.03 11:18:41.905,1.5016,1.50175,2.60,1.00
2010.03.03 11:18:42.141,1.50165,1.5018,1.00,2.50
2010.03.03 11:18:42.848,1.50165,1.5018,1.00,1.70
2010.03.03 11:18:42.969,1.50165,1.5018,1.00,1.60
2010.03.03 11:18:44.346,1.50165,1.5018,1.00,2.40
2010.03.03 11:18:45.264,1.50165,1.5018,1.00,2.50
2010.03.03 11:18:46.043,1.5016,1.5018,4.80,2.50
2010.03.03 11:18:46.280,1.5016,1.5018,4.20,2.50
2010.03.03 11:18:48.179,1.50165,1.5018,1.00,1.60
2010.03.03 11:18:48.366,1.50165,1.5018,1.20,1.60
2010.03.03 11:18:49.149,1.50165,1.5018,1.20,4.90
2010.03.03 11:18:49.515,1.5016,1.5018,1.00,9.60
2010.03.03 11:18:51.480,1.50155,1.50175,5.70,1.00
2010.03.03 11:18:51.679,1.5016,1.5018,1.00,10.30
2010.03.03 11:18:52.411,1.5016,1.5018,1.00,9.60
2010.03.03 11:18:53.339,1.50155,1.5017,5.40,1.00
2010.03.03 11:18:54.297,1.50155,1.5017,1.60,1.00
2010.03.03 11:18:54.985,1.50155,1.50175,2.40,6.30
2010.03.03 11:18:55.841,1.5016,1.50175,1.00,3.20
2010.03.03 11:18:56.003,1.5016,1.5018,1.00,5.70
2010.03.03 11:18:57.909,1.50155,1.50175,6.50,1.00
2010.03.03 11:18:58.726,1.50155,1.50175,4.10,3.10
2010.03.03 11:18:59.045,1.5016,1.5018,1.00,5.70
2010.03.03 11:19:01.188,1.50155,1.50175,5.70,2.40
2010.03.03 11:19:02.833,1.5017,1.5018,1.00,1.60
2010.03.03 11:19:03.997,1.50165,1.5018,1.00,4.10
2010.03.03 11:19:04.354,1.50155,1.5017,2.40,1.00
2010.03.03 11:19:05.229,1.50145,1.50165,4.80,7.10
2010.03.03 11:19:05.590,1.50145,1.50165,4.00,5.60
2010.03.03 11:19:06.643,1.5015,1.50165,1.00,4.80
2010.03.03 11:19:07.496,1.5015,1.5016,1.00,1.00
2010.03.03 11:19:07.834,1.50145,1.5016,2.60,1.00
2010.03.03 11:19:08.189,1.50145,1.5016,1.80,1.00
2010.03.03 11:19:09.083,1.50145,1.5016,2.80,1.00
2010.03.03 11:19:09.447,1.5015,1.5016,1.00,1.00
2010.03.03 11:19:09.798,1.5015,1.50165,1.00,6.50
2010.03.03 11:19:10.334,1.5015,1.50165,1.00,4.90
2010.03.03 11:19:10.586,1.50145,1.5016,4.40,1.00
2010.03.03 11:19:10.842,1.5014,1.5016,4.10,1.60
2010.03.03 11:19:11.568,1.5014,1.5015,4.00,1.00
2010.03.03 11:19:11.809,1.50135,1.5015,3.60,1.00
2010.03.03 11:19:12.550,1.50135,1.5015,3.20,1.00
2010.03.03 11:19:13.588,1.50135,1.5015,3.20,2.50
2010.03.03 11:19:14.203,1.50135,1.5015,3.30,2.40
2010.03.03 11:19:14.568,1.5014,1.50155,1.00,1.60
2010.03.03 11:19:14.987,1.5014,1.5016,1.00,6.50
2010.03.03 11:19:15.199,1.5014,1.5015,1.00,1.60
2010.03.03 11:19:15.421,1.50135,1.5015,3.30,2.40
2010.03.03 11:19:15.638,1.50135,1.5015,4.90,2.40
2010.03.03 11:19:16.548,1.50135,1.5015,4.90,1.60
2010.03.03 11:19:16.787,1.50135,1.5015,8.10,1.00
2010.03.03 11:19:16.967,1.50135,1.50155,5.70,3.90
2010.03.03 11:19:17.319,1.50135,1.50155,8.10,3.20
2010.03.03 11:19:17.667,1.50135,1.50155,8.10,1.60
2010.03.03 11:19:18.611,1.5014,1.50155,1.00,1.00
2010.03.03 11:19:19.210,1.50135,1.50155,8.50,1.00
2010.03.03 11:19:19.442,1.50135,1.50145,8.50,1.00
2010.03.03 11:19:19.682,1.50135,1.50145,8.10,1.00
2010.03.03 11:19:22.478,1.50135,1.50145,5.60,1.00
2010.03.03 11:19:23.202,1.50135,1.50145,4.80,1.00
2010.03.03 11:19:23.340,1.5013,1.5014,9.30,1.00
2010.03.03 11:19:23.935,1.5013,1.5014,3.20,1.00
2010.03.03 11:19:24.301,1.5013,1.50135,1.00,1.20
2010.03.03 11:19:25.503,1.5013,1.50135,1.00,1.00
2010.03.03 11:19:28.848,1.5013,1.50145,1.00,2.00
2010.03.03 11:19:29.128,1.5013,1.50145,1.00,1.00
2010.03.03 11:19:32.559,1.5013,1.50145,1.00,1.00
2010.03.03 11:19:35.272,1.5013,1.50145,1.00,3.40
2010.03.03 11:19:35.588,1.5013,1.5014,1.00,1.70
2010.03.03 11:19:36.458,1.5013,1.50145,1.00,3.60
2010.03.03 11:19:37.611,1.5013,1.50145,1.00,1.90
2010.03.03 11:19:37.970,1.5013,1.50145,1.00,1.80
2010.03.03 11:19:38.590,1.5013,1.50145,1.00,1.00
2010.03.03 11:19:38.920,1.5013,1.50145,1.00,2.00
2010.03.03 11:19:40.904,1.5013,1.50145,1.00,1.80
2010.03.03 11:19:41.229,1.5013,1.50145,1.00,1.00
2010.03.03 11:19:42.696,1.5013,1.50145,1.00,1.00
2010.03.03 11:19:43.581,1.5013,1.50145,1.00,2.60
2010.03.03 11:19:44.144,1.5013,1.50145,1.00,1.80
2010.03.03 11:19:45.101,1.5013,1.50145,1.00,2.00
2010.03.03 11:19:46.636,1.5013,1.50145,1.00,1.80
2010.03.03 11:19:47.174,1.5013,1.50145,1.00,1.00
2010.03.03 11:19:47.391,1.5013,1.50145,2.80,1.00
2010.03.03 11:19:47.626,1.5013,1.50145,2.40,1.00
2010.03.03 11:19:48.263,1.5013,1.50145,1.60,1.00
2010.03.03 11:19:48.633,1.50145,1.50155,1.00,5.60
2010.03.03 11:19:49.502,1.50135,1.50145,1.00,3.20
2010.03.03 11:19:49.773,1.5013,1.50145,1.00,8.10
2010.03.03 11:19:50.040,1.5013,1.5014,1.00,1.00
2010.03.03 11:19:50.908,1.5013,1.50145,1.00,7.30
2010.03.03 11:19:52.904,1.5013,1.5014,1.00,1.60
2010.03.03 11:19:53.102,1.5013,1.50145,1.00,9.70
2010.03.03 11:19:53.294,1.5013,1.50145,1.00,8.30
2010.03.03 11:19:54.818,1.5013,1.50145,1.00,8.10
2010.03.03 11:19:55.819,1.5013,1.5015,1.00,8.10
2010.03.03 11:19:57.852,1.5014,1.5015,1.00,5.70
2010.03.03 11:19:58.778,1.5014,1.5015,1.00,3.90
2010.03.03 11:19:58.950,1.5014,1.50155,1.00,5.10
2010.03.03 11:19:59.727,1.50135,1.50155,1.20,5.90
2010.03.03 11:20:00.375,1.50135,1.5015,1.00,1.70
2010.03.03 11:20:00.732,1.50135,1.5015,1.00,8.10
2010.03.03 11:20:01.187,1.5013,1.5015,2.80,8.10
2010.03.03 11:20:01.419,1.5013,1.5015,1.00,8.10
2010.03.03 11:20:02.066,1.5013,1.5015,1.00,11.30
2010.03.03 11:20:03.037,1.5013,1.5015,1.00,8.90
2010.03.03 11:20:03.663,1.5013,1.50145,1.00,1.00
2010.03.03 11:20:04.395,1.5013,1.50145,1.00,1.00
2010.03.03 11:20:04.658,1.5013,1.5015,1.00,8.90
2010.03.03 11:20:04.919,1.50135,1.5015,1.00,6.30
2010.03.03 11:20:05.535,1.50135,1.5015,2.40,3.90
2010.03.03 11:20:05.890,1.5014,1.50155,1.00,6.90
2010.03.03 11:20:10.410,1.5014,1.50155,1.00,5.10
2010.03.03 11:20:13.360,1.5014,1.5016,1.00,5.70
2010.03.03 11:20:13.778,1.5014,1.50155,1.00,3.20
2010.03.03 11:20:14.881,1.5014,1.5016,1.00,5.70
2010.03.03 11:20:16.802,1.50145,1.5016,1.00,4.80
2010.03.03 11:20:19.485,1.5014,1.5016,2.40,5.70
2010.03.03 11:20:22.539,1.50145,1.5016,1.00,4.80
2010.03.03 11:20:24.836,1.5014,1.5016,5.20,5.70
2010.03.03 11:20:25.586,1.5014,1.50155,1.00,1.60
2010.03.03 11:20:28.531,1.5014,1.5016,1.00,6.00
2010.03.03 11:20:29.081,1.5014,1.5016,1.00,5.70
2010.03.03 11:20:31.747,1.5014,1.5016,4.90,5.60
2010.03.03 11:20:36.248,1.5014,1.50155,4.10,1.00
2010.03.03 11:20:36.439,1.5014,1.50155,1.60,1.00
2010.03.03 11:20:37.076,1.5014,1.5016,4.90,8.20
2010.03.03 11:20:37.310,1.5014,1.50155,4.00,1.00
2010.03.03 11:20:37.536,1.5014,1.50155,1.60,1.00
2010.03.03 11:20:38.264,1.5014,1.50155,2.40,1.00
2010.03.03 11:20:38.539,1.5014,1.5016,1.00,8.70
2010.03.03 11:20:38.635,1.5014,1.5016,1.00,7.10
2010.03.03 11:20:38.940,1.5014,1.5016,4.90,5.60
2010.03.03 11:20:43.201,1.50145,1.5016,1.00,3.20
2010.03.03 11:20:43.830,1.50145,1.5016,1.00,1.60
2010.03.03 11:20:47.049,1.5015,1.5016,1.00,1.60
2010.03.03 11:20:47.233,1.5015,1.50165,1.00,3.30
2010.03.03 11:20:47.758,1.5015,1.50165,2.40,1.70
2010.03.03 11:20:48.004,1.50155,1.50175,1.00,6.40
2010.03.03 11:20:48.244,1.5015,1.5017,8.00,4.00
2010.03.03 11:20:48.465,1.5015,1.5017,8.00,1.00
2010.03.03 11:20:49.068,1.5015,1.5017,5.60,1.00
2010.03.03 11:20:52.507,1.50165,1.50175,1.60,5.70
2010.03.03 11:20:52.657,1.50165,1.50175,5.70,2.30
2010.03.03 11:20:52.807,1.5018,1.50185,1.00,1.80
2010.03.03 11:20:52.957,1.5018,1.5019,1.00,3.20
2010.03.03 11:20:53.105,1.50185,1.50195,1.00,7.10
2010.03.03 11:20:53.766,1.50185,1.50195,1.00,3.20
2010.03.03 11:20:54.005,1.50185,1.50205,1.00,9.80
2010.03.03 11:20:54.235,1.5018,1.502,4.00,2.40
2010.03.03 11:20:54.469,1.50175,1.50195,4.00,2.40
2010.03.03 11:20:55.510,1.5019,1.50195,1.60,1.00
2010.03.03 11:20:55.866,1.5019,1.50195,3.70,1.00
2010.03.03 11:20:56.226,1.5019,1.5021,1.00,7.20
2010.03.03 11:20:56.584,1.5019,1.502,1.00,2.50
2010.03.03 11:20:57.486,1.5018,1.502,4.00,2.40
2010.03.03 11:20:58.839,1.50185,1.50205,1.00,11.10
2010.03.03 11:20:59.691,1.50175,1.50195,4.00,2.80
2010.03.03 11:21:00.034,1.50175,1.5019,1.00,1.70
2010.03.03 11:21:00.377,1.5017,1.50185,2.40,1.00
2010.03.03 11:21:01.268,1.5017,1.50185,1.00,1.00
2010.03.03 11:21:05.221,1.50165,1.5018,1.60,1.00
2010.03.03 11:21:05.587,1.5016,1.5018,1.00,8.00
2010.03.03 11:21:05.801,1.50155,1.50175,6.20,1.00
2010.03.03 11:21:06.011,1.50155,1.50175,5.80,1.00
2010.03.03 11:21:06.219,1.50155,1.50175,5.60,1.00
2010.03.03 11:21:08.797,1.50155,1.50175,4.00,2.40
2010.03.03 11:21:09.310,1.50155,1.50175,6.40,2.40
2010.03.03 11:21:09.669,1.5016,1.50175,1.00,1.60
2010.03.03 11:21:10.026,1.5016,1.5018,1.00,4.00
2010.03.03 11:21:12.684,1.5016,1.5018,1.00,5.60
2010.03.03 11:21:12.838,1.5016,1.5018,1.00,4.10
2010.03.03 11:21:13.773,1.5016,1.5018,1.00,4.40
2010.03.03 11:21:14.362,1.5016,1.50175,1.00,1.00
2010.03.03 11:21:15.202,1.5016,1.5018,1.00,4.40
2010.03.03 11:21:16.415,1.5016,1.50175,1.00,1.00
2010.03.03 11:21:17.169,1.50155,1.5017,8.40,1.00
2010.03.03 11:21:17.410,1.50155,1.50165,4.80,1.00
2010.03.03 11:21:17.649,1.5015,1.50165,8.40,1.00
2010.03.03 11:21:17.890,1.5015,1.50165,4.80,1.00
2010.03.03 11:21:18.639,1.5015,1.5016,2.40,1.00
2010.03.03 11:21:18.959,1.5015,1.5016,1.00,1.00
2010.03.03 11:21:21.117,1.50165,1.5017,1.00,1.60
2010.03.03 11:21:21.169,1.5016,1.5017,2.00,1.60
2010.03.03 11:21:21.536,1.5015,1.5017,1.00,2.60
2010.03.03 11:21:22.459,1.5015,1.5017,2.40,2.60
2010.03.03 11:21:22.647,1.5015,1.5017,2.40,2.40
2010.03.03 11:21:24.793,1.5015,1.50165,2.40,1.00
2010.03.03 11:21:36.440,1.5015,1.50165,4.80,1.00
2010.03.03 11:21:36.689,1.5015,1.50165,2.40,1.00
2010.03.03 11:21:38.000,1.5015,1.5017,4.00,4.00
2010.03.03 11:21:38.766,1.50155,1.50175,4.00,4.00
2010.03.03 11:21:43.980,1.5016,1.50175,1.00,3.20
2010.03.03 11:21:44.323,1.5016,1.5018,2.40,4.00
2010.03.03 11:21:45.353,1.50165,1.5018,1.00,1.60
2010.03.03 11:21:45.710,1.50165,1.50185,1.00,5.60
2010.03.03 11:21:48.020,1.5017,1.50185,1.00,4.80
2010.03.03 11:21:48.215,1.5017,1.50185,1.00,3.20
2010.03.03 11:21:48.758,1.5017,1.5019,1.00,5.70
2010.03.03 11:21:51.037,1.5018,1.50195,1.00,4.00
2010.03.03 11:21:51.951,1.5018,1.50195,1.00,1.60
2010.03.03 11:21:52.717,1.5018,1.50195,1.00,4.00
2010.03.03 11:21:53.775,1.50175,1.50195,2.40,8.80
2010.03.03 11:21:54.128,1.50175,1.50195,2.40,10.40
2010.03.03 11:22:00.294,1.5018,1.50195,1.00,9.60
2010.03.03 11:22:00.648,1.5018,1.502,4.00,4.10
2010.03.03 11:22:01.622,1.5018,1.50195,3.20,3.20
2010.03.03 11:22:01.732,1.5018,1.50195,4.00,2.40
2010.03.03 11:22:02.839,1.50175,1.50185,2.80,2.40
2010.03.03 11:22:03.068,1.5017,1.50185,6.00,4.80
2010.03.03 11:22:03.590,1.5017,1.5018,4.40,2.40
2010.03.03 11:22:03.824,1.5017,1.5018,1.00,2.50
2010.03.03 11:22:04.181,1.50165,1.5018,2.80,2.50
2010.03.03 11:22:04.537,1.50165,1.50175,1.00,1.00
2010.03.03 11:22:04.892,1.5016,1.50175,5.60,4.90
2010.03.03 11:22:06.480,1.5016,1.50175,1.60,4.80
2010.03.03 11:22:06.566,1.50155,1.5017,1.00,2.50
2010.03.03 11:22:08.554,1.50145,1.5016,1.00,1.00
2010.03.03 11:22:09.188,1.5014,1.5016,1.60,2.70
2010.03.03 11:22:09.446,1.5014,1.5016,1.60,4.30
2010.03.03 11:22:10.043,1.50135,1.5016,10.80,5.90
2010.03.03 11:22:10.769,1.50135,1.5016,10.80,5.90
2010.03.03 11:22:10.963,1.5014,1.5016,1.00,4.30
2010.03.03 11:22:11.166,1.5014,1.5016,6.50,4.10
2010.03.03 11:22:11.853,1.5014,1.50165,9.70,7.30
2010.03.03 11:22:12.216,1.50145,1.50165,4.00,3.20
2010.03.03 11:22:13.351,1.5015,1.5017,4.80,3.20
2010.03.03 11:22:13.554,1.5015,1.5017,1.00,4.10
2010.03.03 11:22:13.746,1.5015,1.5017,1.60,4.10
2010.03.03 11:22:14.621,1.50145,1.50165,7.60,1.80
2010.03.03 11:22:15.344,1.5015,1.50165,2.40,1.00
2010.03.03 11:22:16.212,1.50145,1.50165,8.00,1.00
2010.03.03 11:22:16.571,1.5014,1.5016,11.30,1.00
2010.03.03 11:22:17.825,1.5014,1.5016,8.90,1.00
2010.03.03 11:22:19.218,1.50145,1.5016,1.60,1.00
2010.03.03 11:22:19.585,1.50145,1.50165,11.30,1.80
2010.03.03 11:22:21.471,1.50145,1.50165,8.90,1.80
2010.03.03 11:22:22.127,1.5014,1.50165,17.80,1.00
2010.03.03 11:22:23.097,1.50165,1.5017,1.00,3.20
2010.03.03 11:22:23.469,1.50165,1.5018,1.00,1.00
2010.03.03 11:22:24.445,1.5016,1.5018,2.40,4.10
2010.03.03 11:22:24.759,1.5016,1.5018,1.00,4.10
2010.03.03 11:22:27.281,1.5017,1.5018,1.00,3.20
2010.03.03 11:22:27.474,1.5017,1.50185,1.00,5.10
2010.03.03 11:22:27.676,1.5017,1.5018,1.00,1.00
2010.03.03 11:22:27.870,1.50165,1.5018,1.00,1.70
2010.03.03 11:22:28.043,1.5016,1.5018,2.40,2.50
2010.03.03 11:22:28.527,1.5016,1.5018,2.40,4.30
2010.03.03 11:22:29.049,1.5016,1.5018,2.40,4.10
2010.03.03 11:22:30.288,1.5016,1.5018,1.00,4.10
2010.03.03 11:22:31.688,1.5017,1.5018,1.00,3.20
2010.03.03 11:22:31.844,1.5017,1.50185,1.00,5.10
2010.03.03 11:22:33.419,1.5017,1.50185,1.00,7.50
2010.03.03 11:22:33.606,1.50165,1.50185,1.20,13.70
2010.03.03 11:22:33.677,1.50165,1.50175,1.00,1.00
2010.03.03 11:22:33.746,1.5016,1.50175,2.80,1.00
2010.03.03 11:22:34.555,1.50165,1.5017,1.00,1.60
2010.03.03 11:22:34.835,1.50155,1.50175,4.80,2.50
2010.03.03 11:22:35.102,1.50165,1.50175,1.00,4.00
2010.03.03 11:22:35.372,1.5016,1.50175,1.00,3.30
2010.03.03 11:22:36.014,1.50165,1.50175,1.00,2.40
2010.03.03 11:22:36.380,1.5016,1.50175,1.00,3.30
2010.03.03 11:22:36.608,1.50155,1.50175,1.00,2.50
2010.03.03 11:22:36.838,1.50155,1.50175,2.40,2.50
2010.03.03 11:22:37.068,1.5016,1.50175,1.00,1.70
2010.03.03 11:22:39.960,1.5016,1.50175,1.00,3.30
2010.03.03 11:22:40.292,1.5016,1.50175,1.00,4.10
2010.03.03 11:22:42.989,1.50155,1.50175,3.20,4.90
2010.03.03 11:22:43.091,1.50155,1.50175,2.40,4.90
2010.03.03 11:22:43.190,1.5015,1.5017,5.20,1.00
2010.03.03 11:22:43.805,1.50165,1.50175,1.00,5.50
2010.03.03 11:22:43.918,1.50165,1.50175,1.00,3.20
2010.03.03 11:22:44.270,1.5017,1.5018,1.00,1.60
2010.03.03 11:22:44.630,1.5017,1.50185,1.00,5.90
2010.03.03 11:23:03.686,1.5017,1.5018,1.00,1.00
2010.03.03 11:23:03.892,1.5017,1.50185,1.00,4.80
2010.03.03 11:23:07.038,1.5017,1.50185,1.00,4.90
2010.03.03 11:23:16.702,1.50175,1.50185,1.00,3.20
2010.03.03 11:23:16.900,1.50175,1.5019,1.00,5.00
2010.03.03 11:23:17.089,1.50175,1.5019,1.00,3.40
2010.03.03 11:23:23.803,1.50175,1.50185,1.00,1.00
2010.03.03 11:23:23.989,1.5017,1.50185,6.20,1.70
2010.03.03 11:23:24.179,1.5017,1.50185,1.00,1.70
2010.03.03 11:23:24.370,1.5017,1.50185,1.00,3.30
2010.03.03 11:23:24.555,1.5017,1.50185,1.00,4.90
2010.03.03 11:23:25.574,1.50165,1.5018,1.00,3.20
2010.03.03 11:23:25.933,1.50165,1.5018,1.00,3.20
2010.03.03 11:23:26.208,1.5016,1.50175,7.00,1.00
2010.03.03 11:23:26.497,1.5016,1.5017,1.00,4.00
2010.03.03 11:23:27.283,1.5015,1.50165,1.60,1.00
2010.03.03 11:23:27.539,1.50145,1.50165,11.60,1.00
2010.03.03 11:23:28.935,1.50155,1.5017,1.00,5.50
2010.03.03 11:23:29.292,1.50155,1.5017,1.00,1.60
2010.03.03 11:23:30.102,1.50155,1.50175,1.00,6.30
2010.03.03 11:23:32.063,1.50155,1.50175,1.00,6.30
2010.03.03 11:23:33.677,1.50155,1.50175,1.00,6.30
2010.03.03 11:23:35.297,1.50155,1.50175,1.00,4.70
2010.03.03 11:23:37.354,1.5015,1.5017,8.20,1.00
2010.03.03 11:23:37.463,1.5015,1.5017,2.60,1.00
2010.03.03 11:23:38.098,1.5015,1.5017,2.60,2.40
2010.03.03 11:23:38.509,1.5015,1.5017,2.40,2.40
2010.03.03 11:23:38.710,1.5015,1.5017,2.40,2.50
2010.03.03 11:23:38.920,1.5015,1.5017,1.00,2.50
2010.03.03 11:23:39.731,1.50145,1.50165,11.60,1.00
2010.03.03 11:23:41.225,1.5015,1.5017,1.00,4.90
2010.03.03 11:23:41.522,1.5015,1.5017,1.00,4.10
2010.03.03 11:23:42.185,1.50145,1.50165,12.00,1.00
2010.03.03 11:23:42.407,1.5015,1.5017,1.00,4.90
2010.03.03 11:23:42.764,1.5015,1.5017,1.00,4.10
2010.03.03 11:23:45.600,1.5015,1.5017,1.00,4.00
2010.03.03 11:23:45.867,1.50145,1.5017,14.00,4.10
2010.03.03 11:23:47.489,1.50145,1.50165,12.40,1.00
2010.03.03 11:23:47.720,1.50145,1.50165,11.60,1.00
2010.03.03 11:23:48.429,1.5015,1.50165,1.00,1.00
2010.03.03 11:23:48.614,1.50145,1.50165,11.30,1.00
2010.03.03 11:23:48.965,1.5015,1.50165,1.00,1.00
2010.03.03 11:23:49.934,1.50145,1.50165,11.30,1.00
2010.03.03 11:23:53.907,1.5015,1.50165,1.00,1.00
2010.03.03 11:23:55.128,1.50145,1.50165,11.30,1.00
2010.03.03 11:23:55.352,1.5015,1.50165,1.00,1.00
2010.03.03 11:23:55.924,1.50145,1.50165,11.30,1.00
2010.03.03 11:23:56.472,1.5015,1.50165,1.60,1.00
2010.03.03 11:23:56.825,1.5015,1.5017,1.00,4.00
2010.03.03 11:23:59.127,1.5015,1.5017,2.40,4.00
2010.03.03 11:23:59.757,1.50145,1.50165,6.60,1.00
2010.03.03 11:24:00.110,1.50145,1.50165,6.20,1.00
2010.03.03 11:24:01.809,1.50145,1.50165,6.80,1.00
2010.03.03 11:24:03.263,1.50145,1.50165,6.60,1.00
2010.03.03 11:24:04.744,1.5015,1.5017,1.00,4.00
2010.03.03 11:24:05.066,1.5015,1.5017,2.40,3.20
2010.03.03 11:24:05.608,1.5015,1.5017,4.00,1.60
2010.03.03 11:24:10.567,1.5015,1.5017,4.00,1.70
2010.03.03 11:24:11.356,1.5015,1.5017,1.00,3.20
2010.03.03 11:24:11.511,1.5015,1.5017,4.00,1.60
2010.03.03 11:24:13.105,1.5015,1.5017,5.60,1.60
2010.03.03 11:24:15.452,1.5015,1.5017,4.00,1.60
2010.03.03 11:24:17.978,1.5015,1.5017,2.40,1.60
2010.03.03 11:24:18.269,1.5015,1.5017,1.00,3.20
2010.03.03 11:24:23.343,1.50145,1.50165,4.80,4.00
2010.03.03 11:24:23.615,1.50145,1.50165,9.70,4.00
2010.03.03 11:24:26.388,1.50145,1.50165,8.10,4.00
2010.03.03 11:24:27.991,1.50145,1.5016,4.10,1.00
2010.03.03 11:24:28.710,1.50145,1.5016,3.30,1.00
2010.03.03 11:24:28.907,1.50145,1.5016,4.90,1.00
2010.03.03 11:24:29.574,1.50145,1.5016,3.50,1.00
2010.03.03 11:24:29.943,1.50145,1.5016,3.90,1.00
2010.03.03 11:24:30.302,1.50145,1.50165,10.30,4.70
2010.03.03 11:24:31.174,1.50145,1.5016,6.10,1.00
2010.03.03 11:24:31.530,1.50145,1.50165,2.70,4.00
2010.03.03 11:24:31.878,1.50145,1.50165,4.40,4.00
2010.03.03 11:24:32.691,1.50155,1.50165,1.00,3.20
2010.03.03 11:24:32.914,1.50155,1.5017,1.00,4.00
2010.03.03 11:24:34.014,1.5015,1.50165,1.00,1.00
2010.03.03 11:24:34.279,1.50155,1.5017,1.00,5.60
2010.03.03 11:24:34.543,1.50155,1.5017,1.00,2.40
2010.03.03 11:24:38.414,1.5015,1.5017,6.40,2.40
2010.03.03 11:24:38.628,1.5015,1.50165,7.50,1.00
2010.03.03 11:24:38.842,1.50155,1.5017,1.00,1.00
2010.03.03 11:24:39.399,1.50155,1.5017,1.00,1.00
2010.03.03 11:24:39.763,1.50155,1.50165,1.00,1.00
2010.03.03 11:24:40.963,1.50155,1.5017,1.00,3.10
2010.03.03 11:24:41.272,1.50155,1.5017,1.00,2.40
2010.03.03 11:24:43.685,1.50155,1.5017,2.00,1.00
2010.03.03 11:24:43.823,1.50165,1.50175,1.00,4.00
2010.03.03 11:24:43.947,1.5016,1.5018,6.90,4.70
2010.03.03 11:24:44.501,1.5016,1.5018,7.30,4.00
2010.03.03 11:24:44.869,1.5016,1.5018,4.30,2.40
2010.03.03 11:24:45.567,1.5016,1.50175,3.30,1.00
2010.03.03 11:24:48.172,1.5016,1.50175,1.00,1.00
2010.03.03 11:24:49.648,1.5016,1.5018,2.90,2.40
2010.03.03 11:24:49.950,1.5016,1.5018,2.50,2.40
2010.03.03 11:24:51.936,1.50165,1.5018,1.00,2.40
2010.03.03 11:24:52.086,1.50165,1.5018,1.00,2.40
2010.03.03 11:24:52.235,1.50165,1.50185,1.00,4.90
2010.03.03 11:24:52.535,1.5017,1.50185,1.00,3.90
2010.03.03 11:24:55.069,1.5017,1.50185,1.00,3.20
2010.03.03 11:24:55.374,1.5017,1.50185,1.00,1.70
2010.03.03 11:24:55.671,1.5017,1.50185,1.00,3.30
2010.03.03 11:24:56.855,1.5017,1.50185,1.00,3.20
2010.03.03 11:24:57.087,1.5017,1.50185,1.00,1.60
2010.03.03 11:25:07.884,1.50175,1.50185,1.00,1.60
2010.03.03 11:25:12.225,1.50175,1.50185,1.10,1.60
2010.03.03 11:25:12.411,1.50175,1.5019,1.00,4.00
2010.03.03 11:25:17.800,1.5017,1.5019,5.30,4.00
2010.03.03 11:25:17.941,1.5017,1.5019,3.70,4.00
2010.03.03 11:25:18.764,1.5017,1.5019,2.40,4.00
2010.03.03 11:25:19.121,1.5017,1.5019,1.00,4.70
2010.03.03 11:25:20.475,1.50165,1.50185,6.50,4.70
2010.03.03 11:25:21.172,1.50165,1.5018,4.90,1.00
2010.03.03 11:25:21.431,1.50165,1.5018,3.30,1.00
2010.03.03 11:25:22.938,1.50165,1.5018,1.70,1.00
2010.03.03 11:25:25.249,1.50165,1.50175,1.00,1.00
2010.03.03 11:25:25.609,1.5016,1.5018,6.50,3.20
2010.03.03 11:25:25.954,1.5016,1.5018,6.50,2.40
2010.03.03 11:25:27.580,1.50165,1.50185,2.40,5.10
2010.03.03 11:25:27.725,1.50165,1.50185,2.50,4.20
2010.03.03 11:25:27.864,1.50165,1.50185,4.10,2.40
2010.03.03 11:25:28.004,1.5017,1.50185,1.00,1.60
2010.03.03 11:25:29.014,1.5017,1.5019,1.00,8.10
2010.03.03 11:25:29.451,1.5017,1.5019,2.40,8.10
2010.03.03 11:25:29.893,1.50175,1.5019,1.00,7.30
2010.03.03 11:25:30.250,1.50175,1.50195,1.00,6.30
2010.03.03 11:25:30.609,1.50185,1.50195,1.00,1.60
2010.03.03 11:25:31.226,1.50185,1.502,1.00,3.20
2010.03.03 11:25:31.489,1.50185,1.502,1.00,3.20
2010.03.03 11:25:31.752,1.50185,1.502,1.00,3.30
2010.03.03 11:25:33.294,1.50185,1.502,1.00,1.70
2010.03.03 11:25:33.625,1.50185,1.502,1.00,1.60
2010.03.03 11:25:36.496,1.5019,1.50205,1.00,5.70
2010.03.03 11:25:37.128,1.5019,1.50205,1.00,3.30
2010.03.03 11:25:37.452,1.5019,1.50205,1.00,4.90
2010.03.03 11:25:37.763,1.5019,1.502,1.00,1.00
2010.03.03 11:25:38.012,1.5018,1.502,5.60,1.00
2010.03.03 11:25:38.262,1.50185,1.502,1.00,1.70
2010.03.03 11:25:39.332,1.50195,1.5021,1.00,4.90
2010.03.03 11:25:39.598,1.50195,1.5021,1.00,3.30
2010.03.03 11:25:39.850,1.50195,1.50205,1.00,3.30
2010.03.03 11:25:40.515,1.50185,1.50205,2.10,11.30
2010.03.03 11:25:40.755,1.50185,1.502,1.00,1.00
2010.03.03 11:25:41.452,1.50195,1.50205,1.00,8.70
2010.03.03 11:25:42.138,1.50195,1.50205,1.00,2.40
2010.03.03 11:25:42.486,1.50195,1.5021,1.00,3.30
2010.03.03 11:25:43.195,1.5019,1.50205,2.90,1.00
2010.03.03 11:25:43.264,1.5019,1.50205,1.00,1.00
2010.03.03 11:25:43.319,1.5019,1.50205,1.00,1.70
2010.03.03 11:25:43.538,1.5019,1.50205,1.00,1.70
2010.03.03 11:25:44.272,1.5019,1.50205,1.00,3.30
2010.03.03 11:25:47.170,1.50195,1.5021,1.00,4.90
2010.03.03 11:25:47.599,1.50195,1.5021,1.00,3.30
2010.03.03 11:25:50.172,1.50195,1.5021,1.00,1.70
2010.03.03 11:25:52.468,1.50195,1.50205,1.00,1.00
2010.03.03 11:25:52.719,1.5019,1.50205,1.00,1.70
2010.03.03 11:25:52.968,1.5019,1.50205,1.00,1.70
2010.03.03 11:25:53.222,1.5019,1.502,1.00,1.00
2010.03.03 11:25:53.881,1.50185,1.502,4.10,1.00
2010.03.03 11:25:54.215,1.50185,1.502,2.50,1.00
2010.03.03 11:25:54.687,1.50185,1.502,2.40,1.00
2010.03.03 11:25:55.387,1.50185,1.502,1.00,1.00
2010.03.03 11:25:56.106,1.5018,1.502,6.00,1.00
2010.03.03 11:25:56.714,1.50175,1.5019,7.30,1.00
2010.03.03 11:25:56.868,1.50175,1.50195,2.40,7.10
2010.03.03 11:25:57.016,1.50175,1.50195,2.40,6.40
2010.03.03 11:25:57.299,1.50185,1.50195,1.00,3.20
2010.03.03 11:25:57.449,1.50185,1.502,1.00,3.90
2010.03.03 11:25:57.735,1.50185,1.502,1.00,3.20
2010.03.03 11:25:58.190,1.50185,1.502,1.00,3.30
2010.03.03 11:25:59.012,1.50185,1.502,1.00,3.30
2010.03.03 11:26:00.226,1.50195,1.502,1.00,3.30
2010.03.03 11:26:00.559,1.50195,1.5021,1.00,3.30
2010.03.03 11:26:01.965,1.50195,1.5021,1.00,3.40
2010.03.03 11:26:04.262,1.50195,1.50205,1.00,1.00
2010.03.03 11:26:04.900,1.50195,1.50205,1.00,3.30
2010.03.03 11:26:05.069,1.5018,1.502,6.40,1.00
2010.03.03 11:26:05.324,1.5018,1.502,6.00,1.00
2010.03.03 11:26:09.498,1.5018,1.502,5.60,1.00
2010.03.03 11:26:09.853,1.5018,1.502,5.70,1.00
2010.03.03 11:26:10.752,1.5018,1.502,2.50,4.00
2010.03.03 11:26:10.974,1.5018,1.502,2.40,4.00
2010.03.03 11:26:11.204,1.5018,1.5019,1.60,1.00
2010.03.03 11:26:11.436,1.5018,1.50195,1.60,2.40
2010.03.03 11:26:12.327,1.50185,1.50195,1.00,1.60
2010.03.03 11:26:12.541,1.50185,1.502,1.00,3.20
2010.03.03 11:26:12.745,1.50185,1.502,1.00,3.20
2010.03.03 11:26:15.713,1.5018,1.502,2.80,4.10
2010.03.03 11:26:16.489,1.5018,1.502,5.20,1.00
2010.03.03 11:26:16.672,1.5019,1.50205,1.00,3.30
2010.03.03 11:26:17.532,1.50195,1.50205,1.00,3.20
2010.03.03 11:26:17.834,1.50195,1.5021,1.00,5.70
2010.03.03 11:26:18.502,1.5019,1.5021,5.60,3.40
2010.03.03 11:26:18.803,1.50195,1.5021,1.00,5.00
2010.03.03 11:26:19.007,1.5019,1.50205,1.00,1.70
2010.03.03 11:26:55.498,1.5019,1.50205,1.00,1.60
2010.03.03 11:26:55.803,1.5019,1.5021,2.40,7.30
2010.03.03 11:26:55.964,1.5019,1.5021,2.40,4.90
2010.03.03 11:26:56.484,1.5019,1.5021,2.40,4.20
2010.03.03 11:26:57.493,1.50195,1.5021,1.00,2.50
2010.03.03 11:26:58.065,1.50195,1.5021,1.00,2.50
2010.03.03 11:26:58.361,1.5019,1.5021,7.30,2.50
2010.03.03 11:26:58.645,1.50195,1.5021,1.00,2.50
2010.03.03 11:26:59.347,1.50195,1.5021,1.30,2.50
2010.03.03 11:26:59.588,1.50195,1.5021,1.60,2.50
2010.03.03 11:26:59.942,1.50195,1.5021,1.20,2.50
2010.03.03 11:27:00.979,1.50195,1.5021,1.00,2.50
2010.03.03 11:27:01.332,1.50195,1.5021,1.00,2.50
2010.03.03 11:27:02.388,1.50195,1.5021,1.00,2.50
2010.03.03 11:27:10.000,1.50205,1.5022,1.00,7.30
2010.03.03 11:27:10.863,1.5021,1.50225,1.20,1.60
2010.03.03 11:27:11.201,1.5023,1.5024,1.00,1.60
2010.03.03 11:27:12.069,1.5023,1.50245,1.00,6.50
2010.03.03 11:27:12.423,1.5023,1.50245,1.00,4.90
2010.03.03 11:27:12.779,1.5023,1.5024,1.00,1.00
2010.03.03 11:27:13.330,1.50225,1.5024,1.00,1.00
2010.03.03 11:27:13.477,1.5022,1.5024,5.80,2.50
2010.03.03 11:27:13.615,1.5022,1.5024,4.20,2.50
2010.03.03 11:27:14.863,1.50225,1.5024,2.40,1.60
2010.03.03 11:27:15.187,1.5023,1.5024,1.00,1.60
2010.03.03 11:27:15.503,1.5023,1.50245,1.00,3.30
2010.03.03 11:27:19.289,1.5023,1.50245,1.00,3.20
2010.03.03 11:27:22.542,1.5023,1.50245,1.00,1.60
2010.03.03 11:27:23.026,1.5023,1.50245,1.00,3.20
2010.03.03 11:27:23.199,1.50225,1.50245,4.10,5.70
2010.03.03 11:27:23.838,1.50225,1.50245,2.40,5.70
2010.03.03 11:27:24.775,1.5023,1.50245,1.00,3.30
2010.03.03 11:27:24.876,1.5023,1.50245,1.00,3.20
2010.03.03 11:27:29.582,1.5023,1.50245,1.00,3.30
2010.03.03 11:27:30.393,1.5023,1.50245,1.00,4.10
2010.03.03 11:27:32.689,1.5023,1.50245,1.00,3.20
2010.03.03 11:27:33.100,1.5023,1.50245,4.00,1.00
2010.03.03 11:27:33.457,1.50225,1.50245,6.20,2.40
2010.03.03 11:27:33.807,1.5023,1.50245,1.00,1.60
2010.03.03 11:27:34.790,1.50235,1.50245,1.00,1.60
2010.03.03 11:27:34.989,1.50235,1.5025,1.00,3.20
2010.03.03 11:27:37.752,1.50245,1.50255,1.20,1.60
2010.03.03 11:27:38.405,1.50245,1.5026,1.00,5.70
2010.03.03 11:27:38.615,1.50245,1.50265,4.80,2.40
2010.03.03 11:27:39.308,1.50245,1.50265,5.60,2.40
2010.03.03 11:27:39.511,1.50255,1.5027,1.60,2.40
2010.03.03 11:27:40.161,1.5025,1.5027,6.40,1.00
2010.03.03 11:27:40.533,1.5026,1.5028,4.00,2.40
2010.03.03 11:27:41.428,1.50265,1.50285,4.00,8.10
2010.03.03 11:27:42.254,1.50265,1.50285,4.00,4.90
2010.03.03 11:27:42.626,1.5026,1.50285,7.70,5.70
2010.03.03 11:27:43.131,1.50265,1.50285,2.40,5.70
2010.03.03 11:27:44.802,1.50265,1.50285,2.50,5.60
2010.03.03 11:27:45.167,1.50265,1.50275,1.60,1.00
2010.03.03 11:27:45.524,1.50255,1.5027,1.00,4.10
2010.03.03 11:27:46.113,1.5025,1.5027,2.80,4.10
2010.03.03 11:27:46.447,1.50245,1.50265,3.20,1.90
2010.03.03 11:27:47.257,1.50245,1.50265,2.80,3.30
2010.03.03 11:27:47.612,1.50255,1.5026,1.00,1.00
2010.03.03 11:27:48.501,1.50255,1.5027,1.00,3.10
2010.03.03 11:27:48.806,1.5026,1.50275,1.00,1.60
2010.03.03 11:27:49.392,1.50255,1.50275,5.60,1.60
2010.03.03 11:27:49.709,1.50255,1.50275,2.40,4.70
2010.03.03 11:27:50.594,1.50255,1.50275,2.40,4.00
2010.03.03 11:27:52.931,1.5026,1.5028,1.00,5.50
2010.03.03 11:27:53.842,1.5026,1.50275,1.00,3.20
2010.03.03 11:27:55.061,1.50265,1.50275,1.00,1.60
2010.03.03 11:27:55.761,1.5026,1.50275,1.30,1.60
2010.03.03 11:27:56.307,1.5026,1.50275,1.00,1.60
2010.03.03 11:27:59.623,1.50255,1.50275,5.20,2.40
2010.03.03 11:27:59.920,1.50255,1.50275,3.30,4.00
2010.03.03 11:28:00.727,1.50255,1.50275,3.30,4.20
2010.03.03 11:28:01.621,1.50255,1.50275,1.70,4.20
2010.03.03 11:28:02.202,1.5025,1.50265,1.60,1.00
2010.03.03 11:28:02.819,1.5025,1.5027,1.70,4.00
2010.03.03 11:28:03.347,1.5025,1.5027,1.70,2.40
2010.03.03 11:28:03.606,1.5025,1.5027,3.30,2.40
2010.03.03 11:28:05.951,1.5025,1.50265,1.60,1.00
2010.03.03 11:28:06.718,1.5025,1.5027,1.60,9.70
2010.03.03 11:28:07.070,1.5025,1.5027,1.60,2.50
2010.03.03 11:28:08.019,1.5025,1.5027,3.20,2.50
2010.03.03 11:28:09.316,1.5025,1.5027,9.70,1.60
2010.03.03 11:28:09.550,1.5025,1.50265,3.20,1.00
2010.03.03 11:28:09.785,1.5025,1.50265,1.60,1.00
2010.03.03 11:28:10.017,1.50245,1.50265,5.00,1.00
2010.03.03 11:28:10.868,1.50245,1.5027,10.60,8.10
2010.03.03 11:28:11.197,1.50245,1.5027,10.60,4.10
2010.03.03 11:28:13.120,1.50245,1.50265,10.60,1.00
2010.03.03 11:28:13.721,1.50245,1.50265,7.40,2.40
2010.03.03 11:28:13.948,1.50245,1.50265,3.20,2.80
2010.03.03 11:28:14.277,1.50245,1.50265,3.20,3.00
2010.03.03 11:28:14.818,1.50245,1.5026,1.60,1.60
2010.03.03 11:28:15.163,1.5023,1.5025,3.20,1.00
2010.03.03 11:28:16.037,1.5023,1.5025,3.20,2.50
2010.03.03 11:28:16.259,1.5023,1.50255,3.20,10.30
2010.03.03 11:28:16.961,1.5023,1.5025,1.60,4.00
2010.03.03 11:28:17.182,1.50235,1.5025,4.20,1.60
2010.03.03 11:28:17.547,1.50245,1.5026,1.00,3.20
2010.03.03 11:28:18.384,1.50245,1.5026,1.00,1.60
2010.03.03 11:28:19.003,1.50245,1.5026,1.00,1.60
2010.03.03 11:28:19.166,1.50245,1.50265,1.00,4.00
2010.03.03 11:28:20.431,1.50245,1.50265,3.40,4.00
2010.03.03 11:28:20.794,1.5025,1.5027,4.00,3.20
2010.03.03 11:28:21.033,1.5025,1.5027,1.60,4.00
2010.03.03 11:28:21.273,1.5025,1.5027,1.60,5.60
2010.03.03 11:28:21.824,1.50245,1.5027,7.30,5.60
2010.03.03 11:28:22.149,1.50245,1.50265,7.20,1.60
2010.03.03 11:28:23.816,1.50245,1.50265,7.30,1.60
2010.03.03 11:28:24.153,1.50245,1.50265,7.20,1.60
2010.03.03 11:28:24.364,1.50245,1.50265,7.70,1.60
2010.03.03 11:28:25.029,1.50245,1.50265,7.30,1.60
2010.03.03 11:28:25.251,1.50245,1.50255,5.60,1.00
2010.03.03 11:28:25.528,1.50235,1.5025,7.60,2.40
2010.03.03 11:28:25.810,1.5023,1.50245,4.90,1.10
2010.03.03 11:28:26.553,1.5023,1.5025,4.80,1.00
2010.03.03 11:28:26.918,1.50225,1.50245,4.80,1.00
2010.03.03 11:28:27.608,1.5023,1.5025,2.40,5.50
2010.03.03 11:28:28.316,1.5023,1.5025,6.40,4.70
2010.03.03 11:28:28.628,1.50225,1.50245,7.20,1.60
2010.03.03 11:28:29.329,1.5023,1.50245,1.00,2.40
2010.03.03 11:28:29.399,1.5023,1.50245,1.70,2.40
2010.03.03 11:28:29.621,1.5024,1.50255,2.40,1.60
2010.03.03 11:28:29.975,1.5024,1.5026,7.10,3.20
2010.03.03 11:28:31.747,1.50245,1.5026,1.00,1.60
2010.03.03 11:28:32.224,1.50245,1.50265,1.70,4.00
2010.03.03 11:28:35.306,1.50245,1.50265,4.10,3.20
2010.03.03 11:28:35.511,1.50245,1.50265,2.40,3.30
2010.03.03 11:28:37.179,1.50245,1.50265,2.40,4.90
2010.03.03 11:28:38.003,1.50245,1.5026,2.40,1.00
2010.03.03 11:28:38.279,1.5024,1.50255,1.00,1.60
2010.03.03 11:28:38.558,1.5024,1.5026,1.50,5.70
2010.03.03 11:28:39.342,1.5024,1.5026,1.00,5.70
2010.03.03 11:28:39.631,1.5024,1.5026,1.00,4.10
2010.03.03 11:28:39.923,1.50245,1.5026,2.40,3.20
2010.03.03 11:28:40.282,1.50245,1.50265,4.00,5.10
2010.03.03 11:28:42.748,1.50245,1.50265,5.60,5.10
2010.03.03 11:28:43.455,1.50245,1.50265,5.60,3.50
2010.03.03 11:28:43.749,1.50245,1.50265,5.70,3.20
2010.03.03 11:28:44.888,1.50245,1.50265,5.70,4.80
2010.03.03 11:28:46.033,1.50245,1.50265,4.00,4.90
2010.03.03 11:28:48.896,1.50245,1.5026,4.00,1.00
2010.03.03 11:28:48.950,1.50245,1.5026,4.00,1.00
2010.03.03 11:28:48.997,1.50245,1.5026,2.40,1.70
2010.03.03 11:28:49.100,1.5024,1.5026,4.60,2.50
2010.03.03 11:28:49.697,1.5024,1.5026,3.00,2.50
2010.03.03 11:28:49.754,1.5024,1.5026,1.00,4.10
2010.03.03 11:28:52.245,1.50245,1.5026,4.00,3.20
2010.03.03 11:28:52.783,1.50245,1.50265,4.10,7.10
2010.03.03 11:28:53.082,1.50245,1.50265,4.00,5.10
2010.03.03 11:28:55.042,1.50245,1.50265,4.10,5.00
2010.03.03 11:28:55.254,1.5025,1.50265,4.00,3.40
2010.03.03 11:28:55.818,1.5025,1.5027,8.00,3.30
2010.03.03 11:28:56.001,1.5025,1.5027,11.40,1.00
2010.03.03 11:28:57.025,1.5025,1.50275,11.50,9.70
2010.03.03 11:28:57.690,1.5026,1.50275,1.00,8.90
2010.03.03 11:28:57.881,1.5026,1.50275,1.00,1.70
2010.03.03 11:29:04.920,1.50265,1.50275,1.00,1.60
2010.03.03 11:29:05.645,1.50255,1.50275,7.30,2.50
2010.03.03 11:29:06.480,1.50255,1.50275,10.00,2.50
2010.03.03 11:29:06.831,1.50255,1.50275,10.40,2.50
2010.03.03 11:29:07.183,1.5026,1.50275,1.60,1.00
2010.03.03 11:29:08.508,1.5026,1.50275,4.00,1.00
2010.03.03 11:29:08.752,1.50265,1.5028,1.00,3.30
2010.03.03 11:29:09.907,1.5026,1.5028,2.40,5.60
2010.03.03 11:29:10.239,1.5026,1.5028,4.40,2.40
2010.03.03 11:29:11.416,1.50265,1.50285,1.00,5.60
2010.03.03 11:29:11.644,1.50265,1.50285,4.50,1.00
2010.03.03 11:29:12.201,1.5027,1.50285,1.60,1.00
2010.03.03 11:29:12.433,1.50275,1.50295,2.50,5.70
2010.03.03 11:29:13.384,1.5028,1.50295,1.00,3.20
2010.03.03 11:29:13.737,1.5028,1.503,2.40,6.50
2010.03.03 11:29:14.330,1.5028,1.503,2.50,6.40
2010.03.03 11:29:17.416,1.50275,1.50295,2.50,4.00
2010.03.03 11:29:18.634,1.50275,1.50295,4.10,4.00
2010.03.03 11:29:20.902,1.50275,1.50295,4.10,2.40
2010.03.03 11:29:21.688,1.50275,1.50295,4.10,4.00
2010.03.03 11:29:22.034,1.50275,1.50295,4.10,2.40
2010.03.03 11:29:22.974,1.50275,1.50295,5.70,2.40
2010.03.03 11:29:23.215,1.50275,1.50295,4.10,2.40
2010.03.03 11:29:23.455,1.50275,1.50295,3.30,3.20
2010.03.03 11:29:23.978,1.50275,1.50295,3.20,4.90
2010.03.03 11:29:24.246,1.50275,1.50295,1.60,11.30
2010.03.03 11:29:24.956,1.50275,1.50295,1.70,11.10
2010.03.03 11:29:25.228,1.5028,1.50295,1.00,4.80
2010.03.03 11:29:25.995,1.50275,1.50295,6.40,4.00
2010.03.03 11:29:26.845,1.5028,1.50295,1.00,1.60
2010.03.03 11:29:27.201,1.5028,1.503,1.60,2.40
2010.03.03 11:29:27.857,1.5028,1.503,1.60,4.00
2010.03.03 11:29:28.219,1.50275,1.5029,10.50,1.00
2010.03.03 11:29:28.860,1.5028,1.503,1.00,4.10
2010.03.03 11:29:29.214,1.5028,1.503,1.00,10.50
2010.03.03 11:29:30.836,1.5028,1.503,1.00,4.00
2010.03.03 11:29:31.036,1.5028,1.50295,1.00,4.10
2010.03.03 11:29:32.159,1.5028,1.50295,1.00,3.30
2010.03.03 11:29:32.770,1.5028,1.50295,1.00,1.70
2010.03.03 11:29:33.144,1.5028,1.503,4.30,2.40
2010.03.03 11:29:33.931,1.50285,1.503,2.30,1.00
2010.03.03 11:29:34.093,1.50285,1.503,1.00,1.70
2010.03.03 11:29:34.793,1.50285,1.503,1.00,3.30
2010.03.03 11:29:35.449,1.50285,1.503,1.00,1.70
2010.03.03 11:29:35.498,1.50285,1.503,1.00,1.60
2010.03.03 11:29:35.856,1.50285,1.50295,1.00,1.00
2010.03.03 11:29:36.786,1.50275,1.5029,2.40,1.00
2010.03.03 11:29:37.452,1.50275,1.5029,2.80,1.00
2010.03.03 11:29:37.729,1.5027,1.50285,1.00,1.00
2010.03.03 11:29:38.558,1.5027,1.5028,2.40,1.00
2010.03.03 11:29:39.386,1.50275,1.50285,1.00,1.00
2010.03.03 11:29:39.733,1.5028,1.503,1.20,3.10
2010.03.03 11:29:40.378,1.50285,1.503,1.00,1.60
2010.03.03 11:29:40.741,1.50285,1.50305,4.00,2.40
2010.03.03 11:29:41.342,1.50285,1.50305,2.40,4.00
2010.03.03 11:29:41.699,1.5029,1.50305,1.00,3.30
2010.03.03 11:29:42.373,1.5029,1.50305,1.00,1.70
2010.03.03 11:29:43.389,1.5029,1.50305,3.80,1.00
2010.03.03 11:29:44.281,1.5029,1.5031,2.40,4.80
2010.03.03 11:29:44.649,1.50295,1.5031,2.40,4.80
2010.03.03 11:29:45.305,1.50295,1.5031,2.40,3.20
2010.03.03 11:29:45.662,1.503,1.50315,2.40,3.30
2010.03.03 11:29:46.571,1.50295,1.5031,1.00,1.70
2010.03.03 11:29:46.940,1.5029,1.50305,1.00,1.00
2010.03.03 11:29:47.758,1.50295,1.50305,1.00,1.00
2010.03.03 11:29:48.011,1.5029,1.503,1.00,1.00
2010.03.03 11:29:50.306,1.5028,1.50295,1.00,1.00
2010.03.03 11:29:51.155,1.5028,1.5029,1.00,1.00
2010.03.03 11:29:51.508,1.5028,1.50295,4.00,1.00
2010.03.03 11:29:52.644,1.5029,1.50305,1.00,3.20
2010.03.03 11:29:52.896,1.5029,1.50305,1.00,3.30
2010.03.03 11:29:53.144,1.5029,1.5031,1.00,7.30
2010.03.03 11:29:53.690,1.5029,1.5031,1.00,5.70
2010.03.03 11:29:55.484,1.5029,1.5031,1.00,4.10
2010.03.03 11:29:55.842,1.5029,1.5031,1.00,5.70
2010.03.03 11:29:56.664,1.50295,1.5031,1.00,1.70
2010.03.03 11:29:57.027,1.5029,1.50305,1.20,1.00
2010.03.03 11:29:57.873,1.50295,1.50305,1.00,1.70
2010.03.03 11:29:58.197,1.50285,1.50295,2.00,1.00
2010.03.03 11:29:59.020,1.50285,1.50305,2.40,6.50
2010.03.03 11:29:59.350,1.50275,1.50285,7.60,1.00
2010.03.03 11:30:00.125,1.50275,1.50285,1.00,1.00
2010.03.03 11:30:00.487,1.50265,1.50275,4.90,1.00
2010.03.03 11:30:01.073,1.50265,1.50275,2.50,1.00
2010.03.03 11:30:01.729,1.50265,1.50275,1.00,1.00
2010.03.03 11:30:02.777,1.5026,1.50275,1.00,3.60
2010.03.03 11:30:04.114,1.5026,1.50275,1.00,5.30
2010.03.03 11:30:04.860,1.5026,1.50275,1.00,5.50
2010.03.03 11:30:05.205,1.5025,1.50265,1.00,4.90
2010.03.03 11:30:05.818,1.5025,1.5027,1.00,13.00
2010.03.03 11:30:06.179,1.5025,1.5026,1.00,1.70
2010.03.03 11:30:06.930,1.5025,1.5026,1.00,1.60
2010.03.03 11:30:07.078,1.5025,1.50265,1.00,4.90
2010.03.03 11:30:08.546,1.50245,1.50255,1.60,1.00
2010.03.03 11:30:08.791,1.5024,1.50255,2.00,1.00
2010.03.03 11:30:09.470,1.50235,1.50255,4.10,2.40
2010.03.03 11:30:10.520,1.50235,1.50255,4.00,2.40
2010.03.03 11:30:11.699,1.5024,1.50255,1.00,1.60
2010.03.03 11:30:12.597,1.5024,1.50255,3.20,1.60
2010.03.03 11:30:13.898,1.50245,1.50255,1.00,1.60
2010.03.03 11:30:15.483,1.5024,1.50255,1.20,1.70
2010.03.03 11:30:15.840,1.5024,1.50255,1.00,1.70
2010.03.03 11:30:18.568,1.5024,1.50255,1.00,3.30
2010.03.03 11:30:20.723,1.5024,1.50255,1.00,3.50
2010.03.03 11:30:21.065,1.5024,1.50255,1.00,4.90
2010.03.03 11:30:22.463,1.5024,1.50255,1.00,3.20
2010.03.03 11:30:22.731,1.5024,1.50255,1.00,1.00
2010.03.03 11:30:25.799,1.5024,1.50255,1.00,3.30
2010.03.03 11:30:26.833,1.5024,1.50255,1.00,1.00
2010.03.03 11:30:28.172,1.50245,1.50255,1.00,1.00
2010.03.03 11:30:28.523,1.5025,1.50255,2.40,1.00
2010.03.03 11:30:28.655,1.5025,1.5026,2.40,1.00
2010.03.03 11:30:29.213,1.5025,1.5026,1.60,1.00
2010.03.03 11:30:29.346,1.5024,1.5026,1.00,5.70
2010.03.03 11:30:29.582,1.5024,1.50255,1.00,1.60
2010.03.03 11:30:30.769,1.5024,1.50255,1.00,3.20
2010.03.03 11:30:30.812,1.50235,1.50255,8.00,4.80
2010.03.03 11:30:30.887,1.50235,1.5025,1.20,1.70
2010.03.03 11:30:30.977,1.50235,1.5025,1.00,3.30
2010.03.03 11:30:31.040,1.5023,1.5025,2.80,5.70
2010.03.03 11:30:31.632,1.5023,1.50245,1.00,3.30
2010.03.03 11:30:32.772,1.50225,1.50245,2.40,4.10
2010.03.03 11:30:33.131,1.50225,1.5024,2.40,1.00
2010.03.03 11:30:34.592,1.50225,1.50245,2.40,9.10
2010.03.03 11:30:34.954,1.50225,1.5024,1.00,1.00
2010.03.03 11:30:35.803,1.5023,1.50235,1.00,1.00
2010.03.03 11:30:36.093,1.50225,1.50235,1.00,1.00
2010.03.03 11:30:37.020,1.5022,1.5024,4.00,1.00
2010.03.03 11:30:37.394,1.50225,1.5024,2.80,1.00
2010.03.03 11:30:38.965,1.5023,1.5024,1.00,1.00
2010.03.03 11:30:41.474,1.5023,1.50245,1.00,8.90
2010.03.03 11:30:41.636,1.5023,1.50245,1.00,4.90
2010.03.03 11:30:42.435,1.5023,1.50245,1.00,3.30
2010.03.03 11:30:42.772,1.5024,1.50255,1.00,1.00
2010.03.03 11:30:43.704,1.5024,1.5026,2.40,5.70
2010.03.03 11:30:45.743,1.5025,1.50265,1.00,4.80
2010.03.03 11:30:46.500,1.5025,1.50265,2.40,1.60
2010.03.03 11:30:46.759,1.5026,1.5027,1.00,1.70
2010.03.03 11:30:47.612,1.5026,1.5027,1.00,1.00
2010.03.03 11:30:49.066,1.50255,1.5027,1.20,1.00
2010.03.03 11:30:49.873,1.5026,1.5027,1.00,1.70
2010.03.03 11:30:50.054,1.5026,1.5027,1.00,1.00
2010.03.03 11:30:51.754,1.50255,1.5027,1.00,1.00
2010.03.03 11:30:52.648,1.50255,1.50275,1.00,6.50
2010.03.03 11:30:52.884,1.50255,1.50275,4.00,4.80
2010.03.03 11:30:55.351,1.50255,1.50275,4.00,4.90
2010.03.03 11:30:55.755,1.50255,1.5027,4.00,1.00
2010.03.03 11:30:56.025,1.50255,1.50275,4.00,4.90
2010.03.03 11:30:56.834,1.50255,1.50275,4.10,4.80
2010.03.03 11:30:57.146,1.50255,1.50275,4.00,7.20
2010.03.03 11:30:57.464,1.50255,1.5027,4.00,1.60
2010.03.03 11:30:57.792,1.50255,1.5027,1.00,1.70
2010.03.03 11:30:58.557,1.5025,1.5027,1.00,4.90
2010.03.03 11:30:58.885,1.50255,1.5027,1.00,4.80
2010.03.03 11:30:59.038,1.50255,1.5027,1.00,3.20
2010.03.03 11:31:00.631,1.5026,1.5027,1.00,1.60
2010.03.03 11:31:01.484,1.5026,1.5027,1.00,3.30
2010.03.03 11:31:01.785,1.50255,1.5027,1.00,3.20
2010.03.03 11:31:02.822,1.50245,1.50265,4.00,2.40
2010.03.03 11:31:03.250,1.5025,1.50265,1.00,1.60
2010.03.03 11:31:04.108,1.50245,1.50265,2.40,4.00
2010.03.03 11:31:04.450,1.5025,1.50265,1.00,4.00
2010.03.03 11:31:06.265,1.50245,1.50265,4.10,4.00
2010.03.03 11:31:09.175,1.50245,1.50265,1.00,5.70
2010.03.03 11:31:09.857,1.5024,1.5026,5.20,6.50
2010.03.03 11:31:10.204,1.50245,1.5026,1.00,9.70
2010.03.03 11:31:11.294,1.5024,1.5026,4.80,10.50
2010.03.03 11:31:11.618,1.5024,1.5026,3.20,10.50
2010.03.03 11:31:14.428,1.50245,1.50265,1.00,14.80
2010.03.03 11:31:14.999,1.5024,1.5026,3.60,10.50
2010.03.03 11:31:15.101,1.5024,1.5026,3.20,10.50
2010.03.03 11:31:16.209,1.5024,1.50255,1.00,1.60
2010.03.03 11:31:16.588,1.50235,1.50255,1.60,8.00
2010.03.03 11:31:17.366,1.50235,1.5025,1.60,1.50
2010.03.03 11:31:17.522,1.50235,1.5025,1.60,1.00
2010.03.03 11:31:18.701,1.5023,1.50255,7.40,5.70
2010.03.03 11:31:19.598,1.5023,1.5025,7.40,1.00
2010.03.03 11:31:20.222,1.5023,1.5025,7.50,1.00
2010.03.03 11:31:20.961,1.5023,1.50255,7.50,6.30
2010.03.03 11:31:21.100,1.5023,1.50255,5.90,7.20
2010.03.03 11:31:21.253,1.5023,1.50255,5.80,7.30
2010.03.03 11:31:21.400,1.5023,1.50255,7.30,5.60
2010.03.03 11:31:22.280,1.5023,1.50255,12.10,5.80
2010.03.03 11:31:22.977,1.5023,1.50255,12.10,4.20
2010.03.03 11:31:24.092,1.5023,1.50255,12.70,4.20
2010.03.03 11:31:24.734,1.5023,1.50255,10.30,4.20
2010.03.03 11:31:26.475,1.5023,1.50255,8.10,4.30
2010.03.03 11:31:26.797,1.5023,1.50255,5.70,5.90
2010.03.03 11:31:30.162,1.50235,1.50255,1.00,5.80
2010.03.03 11:31:30.603,1.50235,1.50255,1.00,8.20
2010.03.03 11:31:33.295,1.5023,1.50255,6.30,8.30
2010.03.03 11:31:33.467,1.5023,1.50255,5.70,8.30
2010.03.03 11:31:33.954,1.5023,1.50255,5.70,9.90
2010.03.03 11:31:34.746,1.5023,1.5025,5.60,1.70
2010.03.03 11:31:35.207,1.5023,1.5025,5.60,3.30
2010.03.03 11:31:35.992,1.5023,1.5025,5.60,3.20
2010.03.03 11:31:36.517,1.5023,1.5025,5.60,4.00
2010.03.03 11:31:37.238,1.5023,1.5025,5.60,2.40
2010.03.03 11:31:37.577,1.50235,1.50255,1.00,9.80
2010.03.03 11:31:38.297,1.50235,1.50255,5.70,5.80
2010.03.03 11:31:38.654,1.50235,1.50255,4.00,7.30
2010.03.03 11:31:39.623,1.50235,1.50255,2.40,7.30
2010.03.03 11:31:41.928,1.5023,1.50255,7.50,8.10
2010.03.03 11:31:42.250,1.5023,1.50255,7.40,9.70
2010.03.03 11:31:42.557,1.5023,1.5025,5.80,1.00
2010.03.03 11:31:42.868,1.5023,1.5025,5.60,1.00
2010.03.03 11:31:43.708,1.5023,1.5025,4.00,2.40
2010.03.03 11:31:46.841,1.5024,1.50255,5.40,1.00
2010.03.03 11:31:47.060,1.5024,1.5026,1.60,5.70
2010.03.03 11:31:47.884,1.50235,1.50255,11.30,1.00
2010.03.03 11:31:48.147,1.50235,1.50255,5.60,1.70
2010.03.03 11:31:49.056,1.5023,1.50255,6.60,6.70
2010.03.03 11:31:49.407,1.5023,1.50255,5.60,5.70
2010.03.03 11:31:49.772,1.5023,1.50255,7.40,5.70
2010.03.03 11:31:50.393,1.50235,1.50255,1.00,5.60
2010.03.03 11:31:50.748,1.5023,1.50255,12.40,5.60
2010.03.03 11:31:52.491,1.50235,1.50255,1.00,5.60
2010.03.03 11:31:54.453,1.5023,1.50255,12.40,5.60
2010.03.03 11:31:57.296,1.5024,1.50255,1.00,2.40
2010.03.03 11:31:57.869,1.5024,1.5026,8.80,5.60
2010.03.03 11:31:58.046,1.50245,1.5026,2.40,3.20
2010.03.03 11:31:58.559,1.50245,1.5026,1.00,3.20
2010.03.03 11:32:01.108,1.50245,1.5026,1.00,1.60
2010.03.03 11:32:02.352,1.50235,1.50255,2.20,4.10
2010.03.03 11:32:02.911,1.50235,1.5025,1.00,4.80
2010.03.03 11:32:03.752,1.5023,1.5025,3.20,4.00
2010.03.03 11:32:03.898,1.50235,1.5025,1.00,1.00
2010.03.03 11:32:04.040,1.50235,1.5025,1.70,1.00
2010.03.03 11:32:04.691,1.50235,1.50255,1.70,4.90
2010.03.03 11:32:04.838,1.50235,1.50255,1.60,4.10
2010.03.03 11:32:05.542,1.50235,1.50255,3.20,4.10
2010.03.03 11:32:05.904,1.50235,1.50255,1.60,4.00
2010.03.03 11:32:06.989,1.50235,1.50255,1.60,6.80
2010.03.03 11:32:07.038,1.50235,1.50255,1.60,9.20
2010.03.03 11:32:07.088,1.50235,1.5025,1.60,1.00
2010.03.03 11:32:08.068,1.5023,1.5025,3.20,3.90
2010.03.03 11:32:08.337,1.5023,1.5025,1.60,5.50
2010.03.03 11:32:09.570,1.5023,1.5025,3.20,5.50
2010.03.03 11:32:09.903,1.5023,1.5025,4.80,5.50
2010.03.03 11:32:10.242,1.5023,1.5025,4.90,3.10
2010.03.03 11:32:12.168,1.50235,1.5025,1.00,2.30
2010.03.03 11:32:12.737,1.50235,1.5025,1.00,1.60
2010.03.03 11:32:12.913,1.50235,1.5026,9.40,8.00
2010.03.03 11:32:13.247,1.50235,1.50255,9.20,1.00
2010.03.03 11:32:13.924,1.50235,1.50255,7.70,1.00
2010.03.03 11:32:14.163,1.50235,1.5026,9.50,8.00
2010.03.03 11:32:15.307,1.50235,1.5026,7.90,8.00
2010.03.03 11:32:15.671,1.50245,1.50265,2.40,4.80
2010.03.03 11:32:17.103,1.5026,1.5027,1.00,3.20
2010.03.03 11:32:17.462,1.50255,1.5027,1.00,2.40
2010.03.03 11:32:18.286,1.50245,1.50265,11.60,2.40
2010.03.03 11:32:18.650,1.50245,1.50265,9.00,5.60
2010.03.03 11:32:20.227,1.5025,1.50265,1.00,4.90
2010.03.03 11:32:21.980,1.50245,1.50265,4.40,5.70
2010.03.03 11:32:22.674,1.50245,1.50265,4.00,5.70
2010.03.03 11:32:23.960,1.5025,1.50265,1.00,4.90
2010.03.03 11:32:26.185,1.50245,1.50255,3.60,1.00
2010.03.03 11:32:26.303,1.50245,1.50255,3.20,1.00
2010.03.03 11:32:26.428,1.5024,1.50255,1.20,1.00
2010.03.03 11:32:27.154,1.5024,1.50255,1.00,1.70
2010.03.03 11:32:27.508,1.5024,1.50255,1.00,3.30
2010.03.03 11:32:29.264,1.50235,1.5025,1.60,1.00
2010.03.03 11:32:29.496,1.50235,1.50255,2.40,5.70
2010.03.03 11:32:30.229,1.50235,1.50245,1.00,1.00
2010.03.03 11:32:30.589,1.5023,1.50245,1.00,1.70
2010.03.03 11:32:31.676,1.5023,1.50245,1.00,1.60
2010.03.03 11:32:32.903,1.5023,1.5025,1.00,6.40
2010.03.03 11:32:34.324,1.50235,1.5025,1.00,5.70
2010.03.03 11:32:35.317,1.5023,1.50245,1.20,1.00
2010.03.03 11:32:36.154,1.5023,1.50245,1.00,4.10
2010.03.03 11:32:36.862,1.50245,1.5025,1.00,9.50
2010.03.03 11:32:37.708,1.50235,1.5025,1.00,4.80
2010.03.03 11:32:38.023,1.5023,1.5025,8.60,1.00
2010.03.03 11:32:39.516,1.50235,1.50255,2.50,2.50
2010.03.03 11:32:39.748,1.5024,1.50255,1.00,1.70
2010.03.03 11:32:44.087,1.5024,1.50255,6.00,1.60
2010.03.03 11:32:44.293,1.50245,1.5026,1.00,4.80
2010.03.03 11:32:44.491,1.50245,1.5026,1.00,3.20
2010.03.03 11:32:45.182,1.50245,1.5026,1.00,1.60
2010.03.03 11:32:45.384,1.5026,1.5027,1.00,3.20
2010.03.03 11:32:47.082,1.5025,1.5027,1.00,5.70
2010.03.03 11:32:47.446,1.50245,1.50265,2.40,2.50
2010.03.03 11:32:48.192,1.50245,1.5026,1.00,1.00
2010.03.03 11:32:48.311,1.5024,1.5026,6.00,1.00
2010.03.03 11:32:48.664,1.50245,1.5026,1.00,4.10
2010.03.03 11:32:49.514,1.50245,1.5026,1.00,1.70
2010.03.03 11:32:51.279,1.5025,1.5026,1.00,1.60
2010.03.03 11:32:51.644,1.5025,1.50265,1.00,4.90
2010.03.03 11:32:51.929,1.5025,1.50265,1.00,3.20
2010.03.03 11:32:52.611,1.5025,1.50265,1.00,1.60
2010.03.03 11:32:52.911,1.5025,1.50265,1.00,3.20
2010.03.03 11:32:57.616,1.5025,1.50265,1.00,1.60
2010.03.03 11:32:58.238,1.5025,1.50265,1.00,3.20
2010.03.03 11:32:59.939,1.5025,1.50265,1.20,3.20
2010.03.03 11:33:00.185,1.5025,1.50255,1.00,1.00
2010.03.03 11:33:00.435,1.5025,1.5026,1.00,4.80
2010.03.03 11:33:01.164,1.50255,1.50265,1.20,3.20
2010.03.03 11:33:01.521,1.5025,1.5027,4.40,2.40
2010.03.03 11:33:01.850,1.50255,1.5027,1.00,3.20
2010.03.03 11:33:03.104,1.5025,1.5027,2.40,5.70
2010.03.03 11:33:04.316,1.5025,1.5027,1.00,5.70
2010.03.03 11:33:05.498,1.5025,1.5027,1.00,5.60
2010.03.03 11:33:05.876,1.5026,1.5027,1.00,3.20
2010.03.03 11:33:12.960,1.50255,1.5027,2.40,3.20
2010.03.03 11:33:14.411,1.50255,1.5027,2.40,4.80
2010.03.03 11:33:15.023,1.50255,1.5027,2.40,3.20
2010.03.03 11:33:15.174,1.50255,1.5027,2.40,4.80
2010.03.03 11:33:16.639,1.50255,1.5027,2.40,4.90
2010.03.03 11:33:18.008,1.50255,1.5027,2.40,3.20
2010.03.03 11:33:18.878,1.5026,1.50275,1.00,1.70
2010.03.03 11:33:21.037,1.5026,1.5027,1.00,1.00
2010.03.03 11:33:23.756,1.5026,1.5028,2.40,5.70
2010.03.03 11:33:23.927,1.5026,1.5028,5.60,4.10
2010.03.03 11:33:24.501,1.5026,1.5028,10.80,2.50
2010.03.03 11:33:24.669,1.50265,1.5028,1.50,1.00
2010.03.03 11:33:25.371,1.5027,1.50285,1.00,4.90
2010.03.03 11:33:26.114,1.5027,1.5028,1.00,1.00
2010.03.03 11:33:26.794,1.5027,1.50285,1.00,1.70
2010.03.03 11:33:29.827,1.5027,1.5029,2.40,4.00
2010.03.03 11:33:30.402,1.50275,1.5029,1.00,3.20
2010.03.03 11:33:30.705,1.50275,1.50295,3.00,5.70
2010.03.03 11:33:31.002,1.50275,1.50295,2.40,5.70
2010.03.03 11:33:31.795,1.50275,1.5029,2.40,1.00
2010.03.03 11:33:32.152,1.50275,1.5029,1.00,1.00
2010.03.03 11:33:33.078,1.50275,1.5029,1.00,1.70
2010.03.03 11:33:33.384,1.5027,1.50285,1.00,1.00
2010.03.03 11:33:33.682,1.5027,1.50285,1.00,1.70
2010.03.03 11:33:36.400,1.5027,1.5028,1.00,1.00
2010.03.03 11:33:39.856,1.5027,1.5028,1.00,1.70
2010.03.03 11:33:40.875,1.5027,1.5028,1.00,1.00
2010.03.03 11:33:43.147,1.5027,1.5028,3.20,1.00
2010.03.03 11:33:43.440,1.50275,1.5028,1.00,1.00
2010.03.03 11:33:44.799,1.50275,1.50285,2.90,1.00
2010.03.03 11:33:44.958,1.50285,1.503,1.00,2.40
2010.03.03 11:33:45.688,1.50295,1.50305,1.60,1.60
2010.03.03 11:33:46.649,1.50305,1.50325,3.70,4.00
2010.03.03 11:33:47.685,1.50325,1.5034,1.00,1.60
2010.03.03 11:33:48.487,1.5033,1.50355,1.00,5.80
2010.03.03 11:33:48.799,1.5034,1.50355,1.00,3.40
2010.03.03 11:33:49.354,1.50335,1.50355,2.50,3.40
2010.03.03 11:33:49.709,1.50325,1.50345,6.40,1.10
2010.03.03 11:33:50.406,1.5033,1.50345,1.00,1.10
2010.03.03 11:33:51.271,1.50325,1.5034,3.30,1.00
2010.03.03 11:33:51.562,1.5034,1.50345,2.40,10.70
2010.03.03 11:33:52.220,1.5034,1.50345,3.60,1.60
2010.03.03 11:33:52.539,1.50325,1.5034,1.60,1.00
2010.03.03 11:33:53.403,1.5032,1.5034,9.60,1.00
2010.03.03 11:33:53.703,1.5032,1.5034,8.00,1.00
2010.03.03 11:33:54.557,1.5032,1.5034,5.60,1.00
2010.03.03 11:33:54.800,1.5034,1.50355,1.00,1.00
2010.03.03 11:33:55.484,1.5033,1.50355,3.60,1.00
2010.03.03 11:33:56.275,1.5034,1.5036,1.00,5.60
2010.03.03 11:33:56.636,1.5034,1.50355,1.00,3.20
2010.03.03 11:33:57.480,1.5034,1.5036,3.20,4.10
2010.03.03 11:33:57.825,1.5034,1.50355,1.00,1.60
2010.03.03 11:33:58.734,1.50335,1.5035,1.00,1.00
2010.03.03 11:33:59.435,1.50335,1.5035,1.00,1.60
2010.03.03 11:33:59.648,1.50345,1.50355,1.00,4.00
2010.03.03 11:33:59.850,1.5034,1.5036,8.50,4.00
2010.03.03 11:34:00.404,1.5034,1.5036,1.30,5.60
2010.03.03 11:34:00.772,1.5033,1.50345,4.80,1.00
2010.03.03 11:34:01.360,1.5033,1.50345,3.20,1.00
2010.03.03 11:34:01.686,1.50325,1.50345,2.40,4.30
2010.03.03 11:34:02.287,1.50325,1.5034,1.60,1.00
2010.03.03 11:34:02.670,1.5033,1.5035,4.80,5.70
2010.03.03 11:34:03.491,1.50325,1.5034,2.00,1.00
2010.03.03 11:34:03.862,1.5032,1.5034,1.00,8.10
2010.03.03 11:34:04.822,1.50315,1.50335,6.00,1.00
2010.03.03 11:34:04.970,1.50315,1.50335,5.60,1.00
2010.03.03 11:34:08.800,1.5032,1.5034,1.00,8.00
2010.03.03 11:34:09.606,1.5032,1.5034,1.00,4.00
2010.03.03 11:34:10.721,1.5032,1.5034,4.00,4.00
2010.03.03 11:34:11.077,1.5032,1.5034,4.00,2.40
2010.03.03 11:34:11.683,1.5032,1.5034,2.40,5.60
2010.03.03 11:34:12.045,1.5032,1.50335,1.00,1.60
2010.03.03 11:34:13.134,1.50315,1.50335,5.60,2.40
2010.03.03 11:34:13.438,1.5031,1.5033,5.60,1.00
2010.03.03 11:34:14.660,1.50315,1.5033,1.00,1.00
2010.03.03 11:34:15.443,1.50315,1.5033,1.00,2.40
2010.03.03 11:34:15.712,1.5031,1.5033,1.00,6.50
2010.03.03 11:34:17.385,1.5031,1.5033,2.50,4.80
2010.03.03 11:34:18.064,1.5031,1.5033,4.00,2.40
2010.03.03 11:34:18.333,1.50315,1.50335,1.00,4.80
2010.03.03 11:34:19.383,1.50315,1.50335,1.00,6.00
2010.03.03 11:34:19.746,1.5031,1.5033,8.20,1.00
2010.03.03 11:34:20.702,1.50325,1.5033,1.00,1.60
2010.03.03 11:34:21.066,1.5032,1.5034,1.60,4.00
2010.03.03 11:34:21.911,1.50315,1.50335,4.00,2.60
2010.03.03 11:34:22.237,1.50315,1.50335,2.40,4.20
2010.03.03 11:34:22.571,1.50315,1.50335,1.00,4.50
2010.03.03 11:34:23.405,1.50315,1.5033,1.00,1.60
2010.03.03 11:34:24.114,1.50325,1.5033,1.00,1.60
2010.03.03 11:34:24.313,1.50325,1.50335,1.00,1.60
2010.03.03 11:34:24.413,1.5032,1.50335,7.80,1.00
2010.03.03 11:34:24.937,1.5032,1.5034,7.80,4.10
2010.03.03 11:34:25.207,1.5032,1.50335,1.60,1.00
2010.03.03 11:34:26.269,1.50325,1.50335,1.00,1.00
2010.03.03 11:34:26.989,1.50315,1.50335,10.40,1.00
2010.03.03 11:34:27.352,1.50315,1.50335,8.00,4.10
2010.03.03 11:34:27.714,1.5033,1.50345,1.00,4.10
2010.03.03 11:34:28.231,1.5033,1.50345,1.00,3.50
2010.03.03 11:34:28.518,1.5033,1.50345,1.00,3.30
2010.03.03 11:34:29.073,1.5033,1.50345,1.00,3.50
2010.03.03 11:34:29.356,1.5033,1.50345,1.00,3.30
2010.03.03 11:34:29.703,1.5033,1.50345,1.00,3.50
2010.03.03 11:34:30.860,1.5033,1.5034,1.00,1.00
2010.03.03 11:34:34.052,1.50325,1.5034,1.40,3.30
2010.03.03 11:34:34.591,1.50325,1.5034,1.00,3.30
2010.03.03 11:34:34.885,1.5032,1.5034,1.00,7.10
2010.03.03 11:34:35.650,1.5032,1.5034,1.00,6.40
2010.03.03 11:34:36.374,1.50325,1.5034,1.00,1.60
2010.03.03 11:34:36.637,1.50325,1.50345,1.00,4.20
2010.03.03 11:34:36.898,1.50325,1.50345,2.50,4.00
2010.03.03 11:34:37.915,1.50325,1.50345,1.00,4.00
2010.03.03 11:34:38.020,1.50325,1.50345,1.00,4.30
2010.03.03 11:34:38.594,1.50325,1.50345,1.00,5.90
2010.03.03 11:34:38.919,1.50325,1.50345,2.50,4.00
2010.03.03 11:34:39.237,1.50325,1.5034,1.60,1.00
2010.03.03 11:34:39.555,1.50325,1.50345,2.50,4.10
2010.03.03 11:34:40.428,1.50325,1.50345,4.10,4.00
2010.03.03 11:34:40.779,1.50335,1.5035,1.00,3.30
2010.03.03 11:34:43.434,1.5033,1.50345,8.80,1.00
2010.03.03 11:34:43.785,1.5033,1.50345,2.40,1.00
2010.03.03 11:34:44.158,1.5033,1.50345,1.00,1.70
2010.03.03 11:34:45.064,1.5034,1.50355,2.00,1.80
2010.03.03 11:34:45.203,1.5034,1.5035,1.20,1.00
2010.03.03 11:34:45.557,1.50335,1.5035,1.00,1.70
2010.03.03 11:34:46.713,1.50335,1.5035,2.80,3.30
2010.03.03 11:34:46.974,1.5033,1.50345,1.00,1.00
2010.03.03 11:34:47.685,1.5033,1.5035,3.20,4.10
2010.03.03 11:34:47.947,1.5033,1.5035,3.20,5.90
2010.03.03 11:34:49.123,1.5033,1.5034,1.00,1.00
2010.03.03 11:34:51.560,1.5033,1.50345,1.00,1.00
2010.03.03 11:34:51.812,1.5034,1.50355,1.00,3.30
2010.03.03 11:34:56.513,1.50335,1.5035,2.80,1.00
2010.03.03 11:34:57.463,1.5033,1.5035,4.90,2.40
2010.03.03 11:34:57.790,1.5034,1.5035,1.00,1.60
2010.03.03 11:34:58.881,1.5034,1.50355,1.00,1.60
2010.03.03 11:34:59.914,1.5034,1.5036,7.00,4.00
2010.03.03 11:35:00.545,1.50345,1.5036,1.00,3.20
2010.03.03 11:35:01.591,1.5034,1.5036,6.40,4.00
2010.03.03 11:35:07.155,1.5034,1.5036,6.40,4.10
2010.03.03 11:35:08.627,1.5034,1.5036,4.80,4.10
2010.03.03 11:35:09.608,1.5034,1.5036,3.20,4.10
2010.03.03 11:35:12.334,1.5034,1.50355,3.20,1.00
2010.03.03 11:35:12.656,1.50335,1.5035,2.80,1.00
2010.03.03 11:35:13.502,1.50335,1.5035,1.00,1.70
2010.03.03 11:35:16.583,1.5033,1.5035,8.40,2.50
2010.03.03 11:35:16.793,1.5033,1.5035,8.40,2.40
2010.03.03 11:35:16.852,1.50345,1.5035,1.00,1.60
2010.03.03 11:35:17.085,1.5034,1.5036,4.40,5.70
2010.03.03 11:35:17.143,1.5034,1.50355,4.40,1.60
2010.03.03 11:35:17.952,1.50335,1.5035,2.40,1.70
2010.03.03 11:35:18.243,1.5034,1.5035,1.00,1.70
2010.03.03 11:35:18.533,1.50335,1.5035,2.80,1.70
2010.03.03 11:35:18.824,1.5033,1.5035,8.40,2.50
2010.03.03 11:35:19.175,1.5033,1.5035,8.00,2.50
2010.03.03 11:35:19.922,1.50335,1.5035,1.00,1.70
2010.03.03 11:35:22.358,1.5033,1.5035,6.80,2.50
2010.03.03 11:35:22.628,1.5034,1.50355,4.40,1.00
2010.03.03 11:35:22.884,1.5034,1.50355,1.60,1.00
2010.03.03 11:35:23.144,1.5034,1.50355,1.00,1.70
2010.03.03 11:35:24.098,1.5034,1.50355,1.00,1.00
2010.03.03 11:35:24.369,1.50335,1.50355,8.40,1.00
2010.03.03 11:35:24.637,1.50335,1.50355,8.00,3.30
2010.03.03 11:35:25.581,1.50335,1.5035,1.60,1.00
2010.03.03 11:35:25.821,1.5033,1.5035,4.80,1.00
2010.03.03 11:35:26.068,1.5033,1.5035,3.20,1.00
2010.03.03 11:35:26.758,1.5033,1.5035,3.20,4.10
2010.03.03 11:35:27.097,1.5033,1.5035,1.60,4.10
2010.03.03 11:35:28.115,1.5033,1.5035,12.00,3.20
2010.03.03 11:35:29.240,1.50335,1.5035,1.60,3.20
2010.03.03 11:35:30.423,1.5033,1.5035,12.00,3.20
2010.03.03 11:35:31.068,1.5033,1.5035,10.40,3.20
2010.03.03 11:35:31.911,1.5033,1.5035,10.40,3.30
2010.03.03 11:35:32.272,1.50335,1.50355,1.60,4.80
2010.03.03 11:35:33.159,1.50335,1.50355,1.60,4.30
2010.03.03 11:35:33.456,1.5033,1.50345,6.60,1.00
2010.03.03 11:35:34.242,1.50335,1.50355,1.60,5.10
2010.03.03 11:35:34.581,1.50335,1.5035,1.60,1.00
2010.03.03 11:35:35.405,1.5033,1.5035,5.60,2.40
2010.03.03 11:35:36.888,1.50335,1.5035,1.60,2.40
2010.03.03 11:35:38.181,1.5033,1.5035,4.00,2.50
2010.03.03 11:35:39.791,1.5033,1.5035,4.00,4.10
2010.03.03 11:35:44.077,1.5033,1.5035,2.40,4.10
2010.03.03 11:35:46.578,1.5033,1.5035,2.50,2.40
2010.03.03 11:35:47.353,1.5033,1.5035,4.10,2.40
2010.03.03 11:35:48.691,1.50335,1.5035,1.80,1.00
2010.03.03 11:35:50.420,1.50335,1.5035,1.60,1.00
2010.03.03 11:35:51.367,1.5034,1.5036,2.40,6.40
2010.03.03 11:35:51.729,1.5034,1.5036,5.60,2.40
2010.03.03 11:35:52.302,1.50345,1.5036,1.60,2.40
2010.03.03 11:35:52.584,1.5034,1.5036,5.60,1.00
2010.03.03 11:35:54.457,1.50345,1.50365,4.10,6.40
2010.03.03 11:35:55.142,1.50345,1.50365,4.00,4.00
2010.03.03 11:35:56.314,1.5035,1.50365,1.60,5.60
2010.03.03 11:35:56.532,1.5035,1.50365,1.60,6.30
2010.03.03 11:35:56.747,1.5035,1.50365,1.60,4.00
2010.03.03 11:35:58.675,1.5035,1.50365,1.60,4.00
2010.03.03 11:35:58.960,1.5035,1.5037,1.60,6.30
2010.03.03 11:36:00.206,1.5035,1.50365,1.60,4.10
2010.03.03 11:36:00.769,1.5035,1.5036,1.60,1.00
2010.03.03 11:36:01.133,1.50345,1.5036,1.60,1.00
2010.03.03 11:36:01.814,1.50345,1.5036,1.60,2.40
2010.03.03 11:36:02.172,1.50345,1.5036,1.60,4.00
2010.03.03 11:36:07.303,1.5034,1.5036,2.40,4.70
2010.03.03 11:36:07.653,1.5034,1.5036,2.40,2.40
2010.03.03 11:36:08.002,1.5034,1.5036,4.00,2.40
2010.03.03 11:36:08.820,1.50355,1.5036,1.70,1.60
2010.03.03 11:36:09.587,1.50355,1.5037,17.70,1.00
2010.03.03 11:36:09.945,1.5037,1.5039,6.00,3.30
2010.03.03 11:36:10.686,1.50375,1.50395,1.00,7.40
2010.03.03 11:36:11.387,1.50375,1.50395,1.00,4.40
2010.03.03 11:36:11.743,1.5037,1.5039,3.20,6.80
2010.03.03 11:36:12.012,1.50365,1.5039,5.70,6.80
2010.03.03 11:36:12.555,1.50365,1.5039,4.10,6.70
2010.03.03 11:36:12.837,1.5036,1.50375,2.40,1.00
2010.03.03 11:36:13.664,1.50355,1.5037,4.40,1.00
2010.03.03 11:36:13.975,1.50355,1.5037,2.40,1.00
2010.03.03 11:36:14.916,1.5036,1.50375,1.00,1.00
2010.03.03 11:36:15.286,1.5036,1.5038,4.00,3.60
2010.03.03 11:36:16.158,1.50355,1.5037,3.20,1.00
2010.03.03 11:36:17.057,1.50355,1.5037,1.60,1.00
2010.03.03 11:36:17.368,1.5037,1.50385,1.60,9.20
2010.03.03 11:36:17.935,1.50365,1.50385,2.40,9.30
2010.03.03 11:36:18.240,1.5036,1.50385,2.40,18.90
2010.03.03 11:36:19.060,1.5036,1.50385,2.40,19.40
2010.03.03 11:36:19.365,1.50365,1.5039,3.20,23.60
2010.03.03 11:36:20.164,1.5037,1.50385,1.60,6.90
2010.03.03 11:36:20.513,1.50365,1.50385,1.00,16.20
2010.03.03 11:36:21.147,1.50365,1.50385,2.10,11.80
2010.03.03 11:36:21.514,1.50375,1.50395,1.60,6.50
2010.03.03 11:36:22.116,1.5038,1.50395,1.60,6.50
2010.03.03 11:36:22.474,1.5039,1.50405,1.00,5.00
2010.03.03 11:36:23.356,1.50385,1.50405,2.40,1.40
2010.03.03 11:36:23.944,1.50385,1.50405,2.40,1.20
2010.03.03 11:36:24.315,1.5038,1.504,4.40,3.20
2010.03.03 11:36:24.501,1.50385,1.504,1.60,2.50
2010.03.03 11:36:25.137,1.50385,1.504,1.60,1.60
2010.03.03 11:36:25.330,1.50385,1.504,2.40,1.50
2010.03.03 11:36:26.236,1.5038,1.504,1.60,4.50
2010.03.03 11:36:27.059,1.5038,1.504,1.00,4.90
2010.03.03 11:36:27.405,1.5038,1.504,1.00,2.50
2010.03.03 11:36:28.232,1.5038,1.50395,1.00,1.60
2010.03.03 11:36:29.294,1.50365,1.5038,3.60,2.90
2010.03.03 11:36:30.134,1.50355,1.5037,2.40,1.00
2010.03.03 11:36:30.357,1.50375,1.5038,1.00,6.70
2010.03.03 11:36:30.998,1.50375,1.5038,1.00,1.00
2010.03.03 11:36:31.370,1.5036,1.5038,2.40,5.20
2010.03.03 11:36:32.241,1.5037,1.5038,1.00,1.60
2010.03.03 11:36:32.647,1.5037,1.50395,2.40,9.60
2010.03.03 11:36:33.277,1.5037,1.5039,1.00,3.70
2010.03.03 11:36:33.437,1.5039,1.5041,1.00,6.20
2010.03.03 11:36:33.593,1.50395,1.50405,1.00,1.70
2010.03.03 11:36:34.153,1.50395,1.50405,1.00,1.00
2010.03.03 11:36:34.528,1.5039,1.504,1.00,1.00
2010.03.03 11:36:35.394,1.5038,1.504,4.00,1.00
2010.03.03 11:36:35.761,1.5038,1.5039,1.60,1.00
2010.03.03 11:36:36.659,1.50375,1.5039,3.20,1.00
2010.03.03 11:36:36.996,1.50385,1.504,2.80,1.00
2010.03.03 11:36:37.283,1.50385,1.504,1.00,1.00
2010.03.03 11:36:37.808,1.50385,1.504,1.20,1.00
2010.03.03 11:36:38.107,1.50385,1.5041,2.40,12.40
2010.03.03 11:36:38.429,1.50385,1.504,2.40,1.00
2010.03.03 11:36:39.143,1.50385,1.5041,2.40,12.20
2010.03.03 11:36:39.346,1.50385,1.50405,2.40,3.10
2010.03.03 11:36:39.543,1.50385,1.50405,4.00,2.40
2010.03.03 11:36:40.256,1.50385,1.50405,4.10,2.40
2010.03.03 11:36:41.795,1.50385,1.50405,1.00,2.50
2010.03.03 11:36:41.912,1.50385,1.50405,2.40,2.50
2010.03.03 11:36:42.021,1.50385,1.50405,2.50,2.40
2010.03.03 11:36:43.085,1.50385,1.50405,2.40,2.50
2010.03.03 11:36:43.432,1.50385,1.50405,2.80,2.50
2010.03.03 11:36:44.513,1.50385,1.504,3.20,1.00
2010.03.03 11:36:44.824,1.50385,1.50405,3.20,7.30
2010.03.03 11:36:45.757,1.50385,1.5041,3.20,12.50
2010.03.03 11:36:46.987,1.50385,1.50405,3.20,1.20
2010.03.03 11:36:47.415,1.50385,1.5041,4.90,9.90
2010.03.03 11:36:48.426,1.50405,1.5042,1.00,9.90
2010.03.03 11:36:49.242,1.5041,1.5043,1.00,7.30
2010.03.03 11:36:49.619,1.50415,1.5044,1.00,16.90
2010.03.03 11:36:50.197,1.5041,1.5043,2.40,4.00
2010.03.03 11:36:50.568,1.5041,1.5043,2.40,4.10
2010.03.03 11:36:51.326,1.5041,1.50425,2.40,1.00
2010.03.03 11:36:52.299,1.50405,1.50425,6.00,4.10
2010.03.03 11:36:52.653,1.50405,1.50425,5.60,1.00
2010.03.03 11:36:53.236,1.5041,1.50425,1.00,1.00
2010.03.03 11:36:53.965,1.50415,1.50435,1.00,12.90
2010.03.03 11:36:54.655,1.50415,1.5043,1.00,2.50
2010.03.03 11:36:54.814,1.5041,1.5043,6.00,1.00
2010.03.03 11:36:55.440,1.50415,1.5043,1.00,1.00
2010.03.03 11:36:55.626,1.5041,1.5043,1.00,6.50
2010.03.03 11:36:56.825,1.5041,1.5043,1.00,4.90
2010.03.03 11:36:57.143,1.50415,1.50425,1.00,2.40
2010.03.03 11:36:57.969,1.50415,1.5044,2.40,13.20
2010.03.03 11:36:58.254,1.50415,1.50435,1.00,6.50
2010.03.03 11:36:59.545,1.5041,1.5043,5.10,4.80
2010.03.03 11:36:59.820,1.5042,1.5043,1.00,4.10
2010.03.03 11:37:00.356,1.5042,1.5043,1.00,2.50
2010.03.03 11:37:00.716,1.5042,1.50445,1.00,15.10
2010.03.03 11:37:01.621,1.5042,1.5044,5.60,1.60
2010.03.03 11:37:01.965,1.5042,1.5045,2.40,17.00
2010.03.03 11:37:03.367,1.5042,1.50445,2.40,7.30
2010.03.03 11:37:03.702,1.50415,1.5043,5.20,1.00
2010.03.03 11:37:04.632,1.50415,1.5043,1.60,1.00
2010.03.03 11:37:05.458,1.5041,1.5044,5.60,13.80
2010.03.03 11:37:06.021,1.5041,1.5043,5.60,1.00
2010.03.03 11:37:06.930,1.5041,1.5044,7.20,13.50
2010.03.03 11:37:07.281,1.5041,1.50435,5.60,4.80
2010.03.03 11:37:07.517,1.5041,1.5043,8.00,1.00
2010.03.03 11:37:10.674,1.5041,1.5044,9.60,11.10
2010.03.03 11:37:11.361,1.5041,1.50435,9.60,4.00
2010.03.03 11:37:12.091,1.50415,1.50435,1.00,3.80
2010.03.03 11:37:12.896,1.5042,1.50435,1.00,2.20
2010.03.03 11:37:13.119,1.50415,1.50435,6.30,1.00
2010.03.03 11:37:13.646,1.5042,1.50435,1.60,1.00
2010.03.03 11:37:13.898,1.50415,1.50435,7.60,1.00
2010.03.03 11:37:14.137,1.50415,1.50435,3.20,1.10
2010.03.03 11:37:15.020,1.5041,1.5043,8.00,1.00
2010.03.03 11:37:15.380,1.5041,1.50425,5.60,1.00
2010.03.03 11:37:15.952,1.5041,1.50425,2.40,1.00
2010.03.03 11:37:16.335,1.50395,1.5041,3.20,1.00
2010.03.03 11:37:17.170,1.5039,1.50405,1.00,1.00
2010.03.03 11:37:17.518,1.50385,1.50405,4.90,1.00
2010.03.03 11:37:18.127,1.50385,1.504,1.00,1.00
2010.03.03 11:37:18.470,1.50385,1.50415,7.20,15.40
2010.03.03 11:37:19.092,1.50385,1.5041,7.20,4.00
2010.03.03 11:37:19.425,1.5039,1.5041,1.60,4.10
2010.03.03 11:37:20.348,1.5039,1.504,1.60,1.00
2010.03.03 11:37:20.718,1.50385,1.504,1.60,1.00
2010.03.03 11:37:22.539,1.5038,1.5039,3.20,1.00
2010.03.03 11:37:22.861,1.50385,1.5039,1.00,1.00
2010.03.03 11:37:23.690,1.50375,1.5039,1.60,1.00
2010.03.03 11:37:23.956,1.5037,1.5039,5.60,1.00
2010.03.03 11:37:24.714,1.50375,1.5039,1.70,1.00
2010.03.03 11:37:24.890,1.50375,1.5039,2.40,1.00
2010.03.03 11:37:25.211,1.50375,1.5039,5.60,1.00
2010.03.03 11:37:25.769,1.50375,1.5039,4.80,1.00
2010.03.03 11:37:26.132,1.5038,1.5039,1.00,6.50
2010.03.03 11:37:26.484,1.5038,1.5039,2.40,1.00
2010.03.03 11:37:27.179,1.5038,1.504,1.60,4.70
2010.03.03 11:37:27.442,1.50385,1.504,1.60,1.00
2010.03.03 11:37:27.704,1.50385,1.50395,3.20,1.00
2010.03.03 11:37:27.975,1.50385,1.50405,1.60,15.80
2010.03.03 11:37:28.531,1.50385,1.504,1.60,2.40
2010.03.03 11:37:28.810,1.50385,1.504,1.60,1.00
2010.03.03 11:37:29.358,1.5039,1.5041,1.00,6.40
2010.03.03 11:37:29.639,1.5039,1.5041,4.00,4.00
2010.03.03 11:37:30.550,1.5039,1.5041,4.00,2.40
2010.03.03 11:37:30.760,1.5039,1.50405,1.60,3.90
2010.03.03 11:37:31.121,1.5039,1.5041,4.00,6.40
2010.03.03 11:37:31.788,1.5039,1.5041,4.00,2.60
2010.03.03 11:37:32.000,1.50395,1.5041,1.00,3.40
2010.03.03 11:37:33.117,1.5039,1.5041,1.00,8.20
2010.03.03 11:37:33.821,1.50385,1.504,3.60,1.00
2010.03.03 11:37:34.594,1.50385,1.504,3.20,1.00
2010.03.03 11:37:34.890,1.50385,1.504,1.60,1.00
2010.03.03 11:37:35.955,1.5038,1.504,4.00,1.00
2010.03.03 11:37:37.116,1.5038,1.504,2.40,1.00
2010.03.03 11:37:37.476,1.5038,1.504,2.40,1.00
2010.03.03 11:37:39.634,1.5038,1.504,2.40,1.00
2010.03.03 11:37:39.834,1.5038,1.5041,2.40,16.30
2010.03.03 11:37:40.383,1.5038,1.50405,2.40,13.00
2010.03.03 11:37:40.686,1.5038,1.50405,2.40,13.80
2010.03.03 11:37:43.268,1.5038,1.50405,2.40,12.90
2010.03.03 11:37:43.583,1.50385,1.50405,1.00,7.30
2010.03.03 11:37:43.892,1.50385,1.50405,1.00,4.90
2010.03.03 11:37:45.330,1.5038,1.50405,6.40,9.60
2010.03.03 11:37:45.564,1.5038,1.50405,6.00,9.60
2010.03.03 11:37:45.795,1.5038,1.50405,4.00,9.60
2010.03.03 11:37:46.394,1.5038,1.50395,4.00,1.00
2010.03.03 11:37:46.656,1.5038,1.50405,1.60,18.20
2010.03.03 11:37:47.385,1.5038,1.504,1.00,5.70
2010.03.03 11:37:47.721,1.50375,1.50395,7.60,1.00
2010.03.03 11:37:48.996,1.5038,1.50395,1.00,1.80
2010.03.03 11:37:49.237,1.50375,1.5039,1.00,1.00
2010.03.03 11:37:49.836,1.5037,1.5039,8.00,1.00
2010.03.03 11:37:50.076,1.5037,1.5039,8.00,1.00
2010.03.03 11:37:51.164,1.5037,1.5039,8.00,1.00
2010.03.03 11:37:51.469,1.50375,1.50405,4.80,14.40
2010.03.03 11:37:52.054,1.50375,1.504,4.80,7.30
2010.03.03 11:37:52.354,1.5038,1.504,1.00,6.50
2010.03.03 11:37:52.720,1.50375,1.504,4.80,4.90
2010.03.03 11:37:53.786,1.50375,1.504,5.60,8.10
2010.03.03 11:37:54.000,1.50375,1.504,4.40,7.30
2010.03.03 11:37:56.794,1.50375,1.50395,4.00,2.60
2010.03.03 11:37:57.431,1.50375,1.50395,4.00,2.40
2010.03.03 11:37:59.977,1.50375,1.5039,5.60,1.00
2010.03.03 11:38:00.527,1.50375,1.5039,5.20,1.00
2010.03.03 11:38:00.795,1.50375,1.504,2.40,15.20
2010.03.03 11:38:01.613,1.50375,1.50395,4.00,1.00
2010.03.03 11:38:01.966,1.5038,1.50405,2.40,10.50
2010.03.03 11:38:03.297,1.5038,1.504,4.00,2.40
2010.03.03 11:38:04.171,1.5038,1.50395,3.20,1.00
2010.03.03 11:38:05.286,1.5038,1.504,3.40,2.40
2010.03.03 11:38:05.512,1.5038,1.504,3.50,3.10
2010.03.03 11:38:05.967,1.5038,1.504,3.30,5.50
2010.03.03 11:38:06.961,1.5038,1.50405,4.40,9.10
2010.03.03 11:38:07.265,1.5038,1.504,7.20,2.40
2010.03.03 11:38:07.524,1.5038,1.50405,4.80,7.50
2010.03.03 11:38:08.387,1.5039,1.5041,7.70,1.00
2010.03.03 11:38:09.223,1.50395,1.5041,1.00,1.00
2010.03.03 11:38:11.420,1.50395,1.5042,1.00,14.00
2010.03.03 11:38:12.864,1.50395,1.50415,1.00,3.90
2010.03.03 11:38:12.977,1.5039,1.5041,7.60,1.00
2010.03.03 11:38:13.197,1.5039,1.5041,7.20,1.00
2010.03.03 11:38:13.844,1.50395,1.5042,1.00,13.80
2010.03.03 11:38:18.124,1.504,1.50415,1.00,1.00
2010.03.03 11:38:18.470,1.504,1.50415,1.00,1.00
2010.03.03 11:38:18.746,1.504,1.50425,1.00,16.10
2010.03.03 11:38:19.676,1.504,1.5042,1.00,6.80
2010.03.03 11:38:19.956,1.504,1.5042,1.00,9.20
2010.03.03 11:38:21.280,1.504,1.5042,1.00,9.60
2010.03.03 11:38:23.400,1.504,1.5042,1.00,10.00
2010.03.03 11:38:23.893,1.504,1.5042,1.00,7.60
2010.03.03 11:38:24.540,1.504,1.5042,1.00,10.00
2010.03.03 11:38:25.362,1.504,1.5042,1.00,10.40
2010.03.03 11:38:26.846,1.504,1.5042,1.00,8.00
2010.03.03 11:38:26.941,1.50395,1.50415,5.60,1.00
2010.03.03 11:38:27.213,1.50395,1.50415,4.80,1.00
2010.03.03 11:38:30.260,1.50395,1.50415,5.60,1.00
2010.03.03 11:38:30.764,1.5039,1.5041,8.80,1.00
2010.03.03 11:38:30.996,1.504,1.50425,1.00,19.30
2010.03.03 11:38:31.619,1.504,1.5042,2.40,6.40
2010.03.03 11:38:31.780,1.504,1.5042,4.00,4.80
2010.03.03 11:38:33.792,1.504,1.5042,2.40,4.80
2010.03.03 11:38:34.048,1.504,1.5042,1.00,5.60
2010.03.03 11:38:34.304,1.504,1.50415,2.40,1.00
2010.03.03 11:38:35.018,1.504,1.50415,1.00,1.00
2010.03.03 11:38:35.423,1.504,1.5042,1.00,8.80
2010.03.03 11:38:36.464,1.50395,1.50415,5.60,7.20
2010.03.03 11:38:36.819,1.5039,1.5041,5.60,1.00
2010.03.03 11:38:38.050,1.5039,1.5042,6.00,11.30
2010.03.03 11:38:38.952,1.50395,1.50415,1.60,5.80
2010.03.03 11:38:39.256,1.50395,1.50415,4.80,4.00
2010.03.03 11:38:39.802,1.50395,1.50415,4.80,1.60
2010.03.03 11:38:40.019,1.50395,1.50425,4.90,26.10
2010.03.03 11:38:41.027,1.504,1.50415,4.00,1.00
2010.03.03 11:38:41.929,1.504,1.50425,8.00,4.90
2010.03.03 11:38:42.149,1.504,1.5042,7.20,1.00
2010.03.03 11:38:43.078,1.50405,1.5043,1.00,13.40
2010.03.03 11:38:43.410,1.50405,1.50425,4.30,1.00
2010.03.03 11:38:44.191,1.50405,1.50425,5.90,1.00
2010.03.03 11:38:44.576,1.5041,1.50425,1.00,1.00
2010.03.03 11:38:45.423,1.50405,1.50425,5.90,1.00
2010.03.03 11:38:45.764,1.50405,1.50425,5.70,1.00
2010.03.03 11:38:46.942,1.50415,1.5044,1.00,16.50
2010.03.03 11:38:47.669,1.50415,1.50435,3.30,7.30
2010.03.03 11:38:48.055,1.50425,1.50445,3.50,5.30
2010.03.03 11:38:48.824,1.5043,1.5045,6.10,2.40
2010.03.03 11:38:49.183,1.50445,1.5046,1.00,1.60
2010.03.03 11:38:49.816,1.50445,1.50465,1.20,8.10
2010.03.03 11:38:50.081,1.5045,1.5046,1.00,1.00
2010.03.03 11:38:50.347,1.50445,1.5046,1.00,1.00
2010.03.03 11:38:50.604,1.5044,1.50465,2.40,12.30
2010.03.03 11:38:51.393,1.50445,1.5046,1.00,1.70
2010.03.03 11:38:51.758,1.5044,1.50455,2.80,1.00
2010.03.03 11:38:52.631,1.5044,1.5046,4.00,3.30
2010.03.03 11:38:52.994,1.5044,1.50455,2.40,1.00
2010.03.03 11:38:53.843,1.50445,1.50455,1.00,1.00
2010.03.03 11:38:54.035,1.5044,1.50455,2.40,1.00
2010.03.03 11:38:54.679,1.5044,1.50455,4.00,1.00
2010.03.03 11:38:55.051,1.5045,1.50465,1.00,4.00
2010.03.03 11:38:55.675,1.5045,1.50465,1.00,3.20
2010.03.03 11:38:56.046,1.5044,1.5046,4.10,2.40
2010.03.03 11:38:56.964,1.5044,1.5046,5.60,1.00
2010.03.03 11:38:57.900,1.50435,1.50455,7.20,1.00
2010.03.03 11:38:58.244,1.5044,1.50465,1.00,16.40
2010.03.03 11:38:58.835,1.5044,1.50455,1.00,1.60
2010.03.03 11:38:59.535,1.5044,1.50455,1.00,1.90
2010.03.03 11:39:00.415,1.5044,1.50455,1.00,1.60
2010.03.03 11:39:01.194,1.50435,1.50455,2.80,4.00
2010.03.03 11:39:01.468,1.50445,1.50455,1.00,3.90
2010.03.03 11:39:02.173,1.5044,1.50455,5.30,1.60
2010.03.03 11:39:02.402,1.50435,1.5045,1.00,4.80
2010.03.03 11:39:02.781,1.50435,1.5045,1.00,4.90
2010.03.03 11:39:03.352,1.5043,1.5045,2.40,5.70
2010.03.03 11:39:03.888,1.5043,1.5045,2.40,4.70
2010.03.03 11:39:04.670,1.5043,1.5045,2.40,2.40
2010.03.03 11:39:05.200,1.5043,1.5045,1.00,5.60
2010.03.03 11:39:05.551,1.5043,1.50445,1.00,1.70
2010.03.03 11:39:05.904,1.50425,1.5044,1.60,1.00
2010.03.03 11:39:06.963,1.50425,1.5044,3.20,1.00
2010.03.03 11:39:07.213,1.5043,1.50445,1.60,3.30
2010.03.03 11:39:07.793,1.5043,1.50445,2.00,1.00
2010.03.03 11:39:08.042,1.5044,1.5045,1.00,1.60
2010.03.03 11:39:08.403,1.5044,1.50455,1.00,1.60
2010.03.03 11:39:09.468,1.50435,1.5045,3.60,1.00
2010.03.03 11:39:09.739,1.5043,1.50455,5.60,8.90
2010.03.03 11:39:10.011,1.5043,1.50455,5.60,6.50
2010.03.03 11:39:10.580,1.5043,1.50455,2.40,8.10
2010.03.03 11:39:10.942,1.5044,1.5045,1.00,2.30
2010.03.03 11:39:11.306,1.5043,1.5045,4.00,1.00
2010.03.03 11:39:12.091,1.5043,1.50455,4.10,4.10
2010.03.03 11:39:12.472,1.50435,1.50455,2.40,1.70
2010.03.03 11:39:13.020,1.50455,1.5046,1.00,1.90
2010.03.03 11:39:13.402,1.50465,1.5048,3.20,1.00
2010.03.03 11:39:14.252,1.50465,1.50485,6.00,1.80
2010.03.03 11:39:14.573,1.5046,1.50485,9.60,1.10
2010.03.03 11:39:15.181,1.5046,1.50485,9.60,1.40
2010.03.03 11:39:15.495,1.5046,1.5048,7.20,1.00
2010.03.03 11:39:16.337,1.50455,1.5048,16.10,2.40
2010.03.03 11:39:16.690,1.5046,1.50485,7.60,3.70
2010.03.03 11:39:17.255,1.5046,1.5048,4.40,1.00
2010.03.03 11:39:18.022,1.50455,1.5048,12.90,1.00
2010.03.03 11:39:18.309,1.5045,1.50475,12.50,3.80
2010.03.03 11:39:18.877,1.50455,1.50475,4.00,4.20
2010.03.03 11:39:19.097,1.5045,1.50465,11.70,1.00
2010.03.03 11:39:19.803,1.5046,1.50475,1.00,4.00
2010.03.03 11:39:20.362,1.5046,1.50475,1.00,5.60
2010.03.03 11:39:20.502,1.50445,1.5045,1.60,1.00
2010.03.03 11:39:21.163,1.5044,1.5045,1.60,2.40
2010.03.03 11:39:21.317,1.50425,1.50435,1.60,1.00
2010.03.03 11:39:22.261,1.5044,1.5045,2.40,1.00
2010.03.03 11:39:22.882,1.5044,1.5045,2.40,2.40
2010.03.03 11:39:23.259,1.50435,1.5045,3.20,1.00
2010.03.03 11:39:23.942,1.5043,1.5045,5.60,1.00
2010.03.03 11:39:24.224,1.5043,1.5045,4.00,2.40
2010.03.03 11:39:24.798,1.50435,1.5045,1.00,1.60
2010.03.03 11:39:25.083,1.50445,1.5046,1.00,1.60
2010.03.03 11:39:25.922,1.50445,1.50465,1.00,3.20
2010.03.03 11:39:26.284,1.5045,1.50465,1.00,2.40
2010.03.03 11:39:28.279,1.50445,1.5046,1.60,1.00
2010.03.03 11:39:29.162,1.5044,1.5046,5.70,1.00
2010.03.03 11:39:29.523,1.5044,1.50455,3.30,1.00
2010.03.03 11:39:30.884,1.50445,1.5046,1.00,2.30
2010.03.03 11:39:31.591,1.5044,1.50455,4.90,1.00
2010.03.03 11:39:31.897,1.5044,1.5045,1.00,1.00
2010.03.03 11:39:32.206,1.50445,1.50455,1.00,2.50
2010.03.03 11:39:32.764,1.5044,1.50455,7.70,2.60
2010.03.03 11:39:33.121,1.5044,1.5045,1.00,1.00
2010.03.03 11:39:33.829,1.50445,1.50455,3.20,1.00
2010.03.03 11:39:34.702,1.5043,1.50445,3.30,1.20
2010.03.03 11:39:35.062,1.5043,1.5044,1.60,1.00
2010.03.03 11:39:35.624,1.50425,1.5044,3.20,1.00
2010.03.03 11:39:35.811,1.5042,1.5044,3.20,7.10
2010.03.03 11:39:36.166,1.5042,1.50435,1.60,1.00
2010.03.03 11:39:37.028,1.50415,1.50435,3.30,1.00
2010.03.03 11:39:37.243,1.5042,1.5043,1.70,1.00
2010.03.03 11:39:37.436,1.50415,1.50435,9.60,2.70
2010.03.03 11:39:37.965,1.50415,1.50435,9.60,1.80
2010.03.03 11:39:38.162,1.5043,1.50445,4.40,1.00
2010.03.03 11:39:38.521,1.5043,1.5044,1.00,1.60
2010.03.03 11:39:39.357,1.5043,1.50445,1.00,2.30
2010.03.03 11:39:39.658,1.50425,1.50445,4.00,1.00
2010.03.03 11:39:39.955,1.5043,1.5045,1.00,3.10
2010.03.03 11:39:40.527,1.5043,1.5045,2.50,2.40
2010.03.03 11:39:40.872,1.5043,1.5045,5.60,1.00
2010.03.03 11:39:44.418,1.5043,1.5045,2.40,2.40
2010.03.03 11:39:44.606,1.5043,1.5045,1.00,2.40
2010.03.03 11:39:45.461,1.50435,1.5045,1.00,1.60
2010.03.03 11:39:45.782,1.5043,1.5045,2.40,2.40
2010.03.03 11:39:46.839,1.50425,1.50445,5.60,1.00
2010.03.03 11:39:47.155,1.50425,1.50445,5.70,1.00
2010.03.03 11:39:47.850,1.50425,1.50435,5.70,1.00
2010.03.03 11:39:48.204,1.5042,1.5044,6.00,1.00
2010.03.03 11:39:48.561,1.5042,1.5044,4.00,1.50
2010.03.03 11:39:48.920,1.5042,1.5044,4.10,1.50
2010.03.03 11:39:49.455,1.5042,1.5044,4.00,1.50
2010.03.03 11:39:49.795,1.5042,1.5044,6.50,1.50
2010.03.03 11:39:50.894,1.50425,1.5044,1.60,1.50
2010.03.03 11:39:51.258,1.5043,1.50445,4.10,1.00
2010.03.03 11:39:52.100,1.5043,1.5045,4.10,2.40
2010.03.03 11:39:53.153,1.50435,1.50455,8.00,1.60
2010.03.03 11:39:53.724,1.5044,1.50455,1.60,1.20
2010.03.03 11:39:54.087,1.50435,1.5045,5.60,1.00
2010.03.03 11:39:54.452,1.50435,1.5045,2.40,1.50
2010.03.03 11:39:54.582,1.50435,1.5045,2.40,1.00
2010.03.03 11:39:55.196,1.50435,1.50455,4.00,4.30
2010.03.03 11:39:55.341,1.5044,1.50455,3.20,1.20
2010.03.03 11:39:55.824,1.5044,1.50455,3.20,1.00
2010.03.03 11:39:56.914,1.5044,1.5045,3.20,1.00
2010.03.03 11:39:57.147,1.50435,1.5045,1.70,1.00
2010.03.03 11:39:57.267,1.50435,1.5045,6.50,1.00
2010.03.03 11:39:57.391,1.50445,1.5045,1.00,1.00
2010.03.03 11:39:57.910,1.5044,1.50455,1.00,1.70
2010.03.03 11:39:58.273,1.50445,1.50455,1.00,1.00
2010.03.03 11:40:00.082,1.50445,1.5046,1.00,4.00
2010.03.03 11:40:00.383,1.50445,1.5046,1.00,6.40
2010.03.03 11:40:00.910,1.5044,1.50455,1.00,2.40
2010.03.03 11:40:02.383,1.50445,1.50455,1.00,1.60
2010.03.03 11:40:03.005,1.50445,1.5046,1.00,7.90
2010.03.03 11:40:03.361,1.50445,1.5046,1.00,4.00
2010.03.03 11:40:03.721,1.50445,1.50465,1.00,8.80
2010.03.03 11:40:04.260,1.50445,1.50465,1.00,7.40
2010.03.03 11:40:04.544,1.50445,1.5046,1.00,2.40
2010.03.03 11:40:06.401,1.50445,1.50455,1.00,1.00
2010.03.03 11:40:07.379,1.50435,1.5045,1.60,2.40
2010.03.03 11:40:07.660,1.5043,1.5045,10.50,3.10
2010.03.03 11:40:08.459,1.5044,1.5045,5.30,2.40
2010.03.03 11:40:08.722,1.50435,1.5045,4.00,3.10
2010.03.03 11:40:09.488,1.50435,1.5045,1.00,3.10
2010.03.03 11:40:09.801,1.50435,1.5045,1.00,1.00
2010.03.03 11:40:11.455,1.50445,1.50455,1.00,1.00
2010.03.03 11:40:11.803,1.50445,1.50465,1.00,8.40
2010.03.03 11:40:12.060,1.50445,1.50465,1.00,6.80
2010.03.03 11:40:12.857,1.50435,1.50455,12.10,3.10
2010.03.03 11:40:13.077,1.50435,1.50455,8.50,3.10
2010.03.03 11:40:13.298,1.50435,1.50455,6.10,3.10
2010.03.03 11:40:14.038,1.50435,1.5045,1.00,1.00
2010.03.03 11:40:14.366,1.50435,1.5045,1.70,1.00
2010.03.03 11:40:14.694,1.5044,1.5045,1.00,1.00
2010.03.03 11:40:15.432,1.5044,1.50455,1.00,2.90
2010.03.03 11:40:15.644,1.5044,1.50455,1.00,1.00
2010.03.03 11:40:16.882,1.5044,1.50455,1.00,1.00
2010.03.03 11:40:16.998,1.5044,1.5046,1.00,6.50
2010.03.03 11:40:17.345,1.5044,1.5046,1.00,4.90
2010.03.03 11:40:17.931,1.50445,1.5046,1.00,4.00
2010.03.03 11:40:22.097,1.50445,1.50455,1.00,1.00
2010.03.03 11:40:23.210,1.50445,1.5046,1.00,4.70
2010.03.03 11:40:23.515,1.50445,1.5046,1.00,4.00
2010.03.03 11:40:25.287,1.50445,1.50455,1.00,1.00
2010.03.03 11:40:25.644,1.5044,1.50455,1.60,4.70
2010.03.03 11:40:27.909,1.50435,1.50455,4.00,4.70
2010.03.03 11:40:30.835,1.50435,1.5045,3.20,1.00
2010.03.03 11:40:31.708,1.50435,1.50455,2.40,4.90
2010.03.03 11:40:33.513,1.5044,1.50455,1.00,4.10
2010.03.03 11:40:33.721,1.50435,1.50445,3.30,1.00
2010.03.03 11:40:33.931,1.50435,1.5045,3.20,3.10
2010.03.03 11:40:34.559,1.5043,1.5044,1.60,1.50
2010.03.03 11:40:34.888,1.50425,1.5044,1.70,3.10
2010.03.03 11:40:35.211,1.50425,1.5044,1.60,1.50
2010.03.03 11:40:36.009,1.5042,1.50435,1.70,1.00
2010.03.03 11:40:36.361,1.5042,1.5044,2.50,1.00
2010.03.03 11:40:36.725,1.5042,1.5044,2.40,4.10
2010.03.03 11:40:37.588,1.50425,1.50435,1.00,1.00
2010.03.03 11:40:37.902,1.5043,1.50445,1.00,4.90
2010.03.03 11:40:38.422,1.5043,1.50445,1.00,3.30
2010.03.03 11:40:38.780,1.5043,1.5045,1.00,5.60
2010.03.03 11:40:40.127,1.5043,1.5045,2.40,4.00
2010.03.03 11:40:41.301,1.50405,1.5043,1.00,1.00
2010.03.03 11:40:42.074,1.50395,1.5042,7.70,1.00
2010.03.03 11:40:42.434,1.50395,1.5041,1.00,1.00
2010.03.03 11:40:43.624,1.504,1.5041,1.00,1.00
2010.03.03 11:40:45.021,1.50395,1.5041,1.00,1.00
2010.03.03 11:40:45.846,1.50395,1.5041,1.70,1.00
2010.03.03 11:40:46.209,1.504,1.5042,1.00,4.00
2010.03.03 11:40:47.331,1.504,1.5042,2.40,4.00
2010.03.03 11:40:47.605,1.504,1.5042,2.40,2.40
2010.03.03 11:40:50.075,1.50405,1.5042,1.00,1.60
2010.03.03 11:40:50.347,1.50405,1.50425,1.00,4.30
2010.03.03 11:40:51.672,1.50405,1.50425,1.00,4.90
2010.03.03 11:40:52.664,1.504,1.5042,10.90,1.00
2010.03.03 11:40:53.430,1.504,1.5042,5.70,1.00
2010.03.03 11:40:53.669,1.504,1.5042,4.10,1.00
2010.03.03 11:40:55.206,1.504,1.5042,4.00,1.00
2010.03.03 11:40:55.493,1.504,1.5042,1.00,2.40
2010.03.03 11:40:57.579,1.504,1.5042,2.40,2.40
2010.03.03 11:40:57.684,1.504,1.5042,2.50,1.00
2010.03.03 11:40:58.033,1.504,1.5042,4.10,1.00
2010.03.03 11:40:58.380,1.504,1.5042,5.70,1.00
2010.03.03 11:41:01.115,1.504,1.5042,4.10,1.00
2010.03.03 11:41:02.194,1.504,1.5042,5.70,1.00
2010.03.03 11:41:04.277,1.50405,1.5042,1.70,1.00
2010.03.03 11:41:04.847,1.5041,1.5042,4.80,1.00
2010.03.03 11:41:05.158,1.5042,1.5044,3.70,2.40
2010.03.03 11:41:05.749,1.5043,1.5044,1.00,1.00
2010.03.03 11:41:06.075,1.5043,1.5045,1.00,4.00
2010.03.03 11:41:06.647,1.5043,1.5045,1.00,2.40
2010.03.03 11:41:06.981,1.5043,1.5045,2.70,1.00
2010.03.03 11:41:09.096,1.5043,1.5045,2.50,1.00
2010.03.03 11:41:09.475,1.50435,1.5045,1.00,1.00
2010.03.03 11:41:10.471,1.5044,1.5045,1.00,1.00
2010.03.03 11:41:10.805,1.50435,1.5045,1.00,1.00
2010.03.03 11:41:11.402,1.50435,1.5045,3.30,1.00
2010.03.03 11:41:11.774,1.50445,1.50455,1.00,1.00
2010.03.03 11:41:12.628,1.5044,1.5046,2.50,2.40
2010.03.03 11:41:12.978,1.50445,1.5046,1.00,1.60
2010.03.03 11:41:13.812,1.50445,1.50465,4.60,2.40
2010.03.03 11:41:14.179,1.50445,1.50465,2.80,2.40
2010.03.03 11:41:14.959,1.50445,1.5046,1.20,1.00
2010.03.03 11:41:15.213,1.5044,1.5046,2.50,2.40
2010.03.03 11:41:16.321,1.5044,1.5046,1.70,2.40
2010.03.03 11:41:20.430,1.5044,1.5046,1.70,4.00
2010.03.03 11:41:20.691,1.5044,1.50455,1.60,1.00
2010.03.03 11:41:21.018,1.50435,1.50455,6.40,1.00
2010.03.03 11:41:22.108,1.50435,1.5045,3.20,1.00
2010.03.03 11:41:23.794,1.50445,1.50455,1.00,1.00
2010.03.03 11:41:24.017,1.50445,1.5046,1.00,2.40
2010.03.03 11:41:25.188,1.5044,1.5046,3.30,2.40
2010.03.03 11:41:26.223,1.5044,1.50455,3.30,1.00
2010.03.03 11:41:27.637,1.5044,1.5046,1.70,3.10
2010.03.03 11:41:27.998,1.5044,1.5046,1.70,2.40
2010.03.03 11:41:29.533,1.50435,1.50455,13.20,1.00
2010.03.03 11:41:29.632,1.50435,1.50455,10.40,1.00
2010.03.03 11:41:30.217,1.50435,1.5045,8.80,1.00
2010.03.03 11:41:30.324,1.50435,1.50455,4.90,1.00
2010.03.03 11:41:30.432,1.50435,1.5045,4.90,1.00
2010.03.03 11:41:31.327,1.50435,1.5045,1.70,1.00
2010.03.03 11:41:34.398,1.50435,1.5045,1.60,1.00
2010.03.03 11:41:37.638,1.50435,1.5045,3.20,1.00
2010.03.03 11:41:38.502,1.50435,1.5045,1.60,1.00
2010.03.03 11:41:38.857,1.5043,1.5045,5.60,1.00
2010.03.03 11:41:39.794,1.5043,1.5045,8.00,1.00
2010.03.03 11:41:42.685,1.50425,1.50445,1.00,6.60
2010.03.03 11:41:42.746,1.50425,1.5044,1.00,1.00
2010.03.03 11:41:42.801,1.5042,1.5044,4.90,1.00
2010.03.03 11:41:42.908,1.5042,1.5044,3.30,1.00
2010.03.03 11:41:43.582,1.5042,1.5044,1.60,4.10
2010.03.03 11:41:44.531,1.50415,1.50435,3.20,1.00
2010.03.03 11:41:44.851,1.50415,1.5043,3.20,1.00
2010.03.03 11:41:45.497,1.50415,1.5043,1.60,1.00
2010.03.03 11:41:46.257,1.50425,1.5043,1.00,1.00
2010.03.03 11:41:46.993,1.50425,1.5044,1.00,1.00
2010.03.03 11:41:47.130,1.5043,1.50445,1.00,4.60
2010.03.03 11:41:47.250,1.5043,1.50445,1.00,4.20
2010.03.03 11:41:47.493,1.5043,1.5044,1.00,1.00
2010.03.03 11:41:48.130,1.5042,1.5044,12.90,1.00
2010.03.03 11:41:48.485,1.5042,1.5044,2.40,5.60
2010.03.03 11:41:48.840,1.50415,1.50435,3.20,2.60
2010.03.03 11:41:49.356,1.50415,1.50435,1.60,2.60
2010.03.03 11:41:51.255,1.50415,1.50435,1.60,1.00
2010.03.03 11:41:51.546,1.50425,1.5044,1.00,1.00
2010.03.03 11:41:53.079,1.50425,1.50445,1.70,4.60
2010.03.03 11:41:53.412,1.50435,1.50455,1.00,5.50
2010.03.03 11:41:53.766,1.50435,1.50455,1.00,2.40
2010.03.03 11:41:54.120,1.50435,1.50455,2.50,2.40
2010.03.03 11:41:54.879,1.5043,1.50445,8.90,1.00
2010.03.03 11:41:54.938,1.5043,1.50445,4.10,1.00
2010.03.03 11:41:54.990,1.5043,1.50445,4.10,1.00
2010.03.03 11:41:55.259,1.5043,1.50435,4.10,1.00
2010.03.03 11:41:55.852,1.5042,1.50425,3.30,1.50
2010.03.03 11:41:55.909,1.5041,1.50425,2.00,3.20
2010.03.03 11:41:56.269,1.5041,1.50425,4.10,1.60
2010.03.03 11:41:57.063,1.50405,1.50425,4.00,4.80
2010.03.03 11:41:57.246,1.50405,1.5042,3.30,1.00
2010.03.03 11:41:57.416,1.50405,1.5042,1.70,1.00
2010.03.03 11:42:00.151,1.50405,1.5042,3.30,1.00
2010.03.03 11:42:00.417,1.50405,1.50425,8.10,4.80
2010.03.03 11:42:01.195,1.504,1.50405,7.00,1.00
2010.03.03 11:42:01.484,1.504,1.50415,1.80,1.00
2010.03.03 11:42:01.776,1.504,1.50415,2.50,1.80
2010.03.03 11:42:02.066,1.50405,1.5042,1.00,1.00
2010.03.03 11:42:03.318,1.50395,1.5041,3.80,1.00
2010.03.03 11:42:03.557,1.50395,1.5041,1.60,1.00
2010.03.03 11:42:04.328,1.5039,1.50405,1.60,1.00
2010.03.03 11:42:04.693,1.50385,1.50405,3.30,1.00
2010.03.03 11:42:05.553,1.5038,1.50395,7.60,1.00
2010.03.03 11:42:05.720,1.5038,1.504,1.00,4.00
2010.03.03 11:42:06.532,1.5038,1.5039,1.00,1.00
2010.03.03 11:42:07.399,1.5038,1.50395,1.00,1.70
2010.03.03 11:42:07.758,1.5038,1.504,1.30,4.00
2010.03.03 11:42:08.299,1.5038,1.5039,1.00,1.00
2010.03.03 11:42:08.909,1.50375,1.5039,1.00,1.00
2010.03.03 11:42:09.928,1.5037,1.5039,12.00,1.00
2010.03.03 11:42:12.263,1.5037,1.5039,12.50,1.00
2010.03.03 11:42:12.327,1.5037,1.5039,12.10,1.00
2010.03.03 11:42:16.589,1.50375,1.50395,2.50,1.00
2010.03.03 11:42:16.941,1.50375,1.50395,4.00,1.00
2010.03.03 11:42:20.970,1.5038,1.504,4.90,1.00
2010.03.03 11:42:21.136,1.5038,1.504,6.30,1.00
2010.03.03 11:42:21.673,1.5039,1.50405,1.00,4.10
2010.03.03 11:42:21.847,1.50385,1.50405,9.60,1.00
2010.03.03 11:42:22.762,1.50395,1.50415,1.00,7.10
2010.03.03 11:42:23.122,1.50395,1.50415,5.60,1.00
2010.03.03 11:42:23.784,1.504,1.50415,1.00,1.60
2010.03.03 11:42:24.152,1.50395,1.5042,10.30,4.00
2010.03.03 11:42:26.481,1.504,1.50415,1.00,1.60
2010.03.03 11:42:26.835,1.50395,1.50415,4.40,1.00
2010.03.03 11:42:27.535,1.50395,1.50415,4.00,1.00
2010.03.03 11:42:27.886,1.504,1.5042,1.00,4.00
2010.03.03 11:42:28.743,1.504,1.5042,1.00,5.60
2010.03.03 11:42:29.094,1.50395,1.50415,2.40,1.00
2010.03.03 11:42:34.661,1.50395,1.50415,2.50,1.00
2010.03.03 11:42:35.013,1.50395,1.50415,2.40,1.00
2010.03.03 11:42:35.928,1.50395,1.50415,2.40,2.40
2010.03.03 11:42:37.477,1.50395,1.50415,2.40,3.10
2010.03.03 11:42:37.723,1.50395,1.50415,1.00,8.40
2010.03.03 11:42:38.286,1.50395,1.5041,1.00,3.20
2010.03.03 11:42:38.656,1.5038,1.504,9.60,1.00
2010.03.03 11:42:39.608,1.50385,1.50405,1.00,5.20
2010.03.03 11:42:39.960,1.50385,1.50405,1.00,11.70
2010.03.03 11:42:40.322,1.5038,1.504,2.80,1.00
2010.03.03 11:42:41.210,1.5038,1.504,6.40,1.00
2010.03.03 11:42:41.553,1.50385,1.50405,1.00,4.20
2010.03.03 11:42:42.641,1.50385,1.504,1.60,1.00
2010.03.03 11:42:43.550,1.50385,1.50405,2.40,10.50
2010.03.03 11:42:43.888,1.50385,1.50405,2.40,9.90
2010.03.03 11:42:44.237,1.50385,1.50405,2.40,8.30
2010.03.03 11:42:44.813,1.50385,1.5039,2.40,1.00
2010.03.03 11:42:45.019,1.50385,1.50405,2.40,8.30
2010.03.03 11:42:45.223,1.50385,1.50405,2.40,5.90
2010.03.03 11:42:45.427,1.50385,1.50405,2.40,5.80
2010.03.03 11:42:45.633,1.50385,1.50405,2.40,5.90
2010.03.03 11:42:46.170,1.50385,1.50405,2.40,5.70
2010.03.03 11:42:46.676,1.50385,1.50405,2.40,5.60
2010.03.03 11:42:47.433,1.5039,1.5041,2.40,5.70
2010.03.03 11:42:47.778,1.50395,1.5041,1.00,1.60
2010.03.03 11:42:48.138,1.50395,1.50415,1.00,7.30
2010.03.03 11:42:49.012,1.50395,1.50415,1.00,7.50
2010.03.03 11:42:49.854,1.50395,1.50415,1.00,14.30
2010.03.03 11:42:50.221,1.5039,1.5041,3.30,4.10
2010.03.03 11:42:51.032,1.5039,1.50405,1.70,1.60
2010.03.03 11:42:51.366,1.50385,1.504,1.60,2.40
2010.03.03 11:42:52.358,1.5038,1.504,3.30,2.40
2010.03.03 11:42:53.504,1.5038,1.504,8.10,2.40
2010.03.03 11:42:53.865,1.50385,1.50405,4.00,1.60
2010.03.03 11:42:55.059,1.50385,1.50405,1.60,2.40
2010.03.03 11:42:55.482,1.5038,1.504,5.60,1.70
2010.03.03 11:42:56.326,1.5038,1.504,3.20,2.40
2010.03.03 11:42:56.673,1.50375,1.504,9.90,4.00
2010.03.03 11:42:57.395,1.50375,1.504,13.10,4.00
2010.03.03 11:42:57.637,1.5038,1.50395,6.40,1.60
2010.03.03 11:42:57.998,1.5038,1.504,5.60,1.60
2010.03.03 11:42:58.616,1.5038,1.504,5.60,1.70
2010.03.03 11:42:58.986,1.50375,1.50395,7.30,1.60
2010.03.03 11:42:59.519,1.50375,1.50395,9.70,1.60
2010.03.03 11:42:59.796,1.5038,1.50395,8.00,1.60
2010.03.03 11:43:00.623,1.5038,1.50395,5.60,1.60
2010.03.03 11:43:00.977,1.5038,1.50395,4.00,1.60
2010.03.03 11:43:02.205,1.5038,1.50395,1.60,1.60
2010.03.03 11:43:03.038,1.5038,1.50395,3.20,1.60
2010.03.03 11:43:03.220,1.5038,1.50395,1.60,1.60
2010.03.03 11:43:04.077,1.50375,1.50395,5.60,1.60
2010.03.03 11:43:06.818,1.50375,1.50395,3.20,2.40
2010.03.03 11:43:07.655,1.50375,1.50395,5.60,1.60
2010.03.03 11:43:08.029,1.5038,1.50395,5.60,1.60
2010.03.03 11:43:08.380,1.5038,1.504,8.00,2.40
2010.03.03 11:43:08.938,1.5038,1.504,9.60,1.60
2010.03.03 11:43:09.742,1.50385,1.504,1.00,1.60
2010.03.03 11:43:10.749,1.5038,1.50395,8.40,1.60
2010.03.03 11:43:11.003,1.5038,1.50395,8.00,1.60
2010.03.03 11:43:12.237,1.5038,1.50395,1.60,1.60
2010.03.03 11:43:12.448,1.5038,1.50395,1.60,2.40
2010.03.03 11:43:13.145,1.50375,1.5039,3.20,1.60
2010.03.03 11:43:14.535,1.5037,1.5039,12.20,1.60
2010.03.03 11:43:16.856,1.50395,1.504,1.60,5.50
2010.03.03 11:43:17.088,1.504,1.5041,4.10,2.40
2010.03.03 11:43:17.801,1.50405,1.5041,1.00,1.00
2010.03.03 11:43:17.861,1.504,1.5041,1.80,1.00
2010.03.03 11:43:18.145,1.50405,1.5042,3.60,1.00
2010.03.03 11:43:18.902,1.50405,1.50425,4.40,2.50
2010.03.03 11:43:19.268,1.50415,1.50425,1.00,1.00
2010.03.03 11:43:20.397,1.5041,1.5043,5.60,2.50
2010.03.03 11:43:21.207,1.5042,1.5043,1.00,1.70
2010.03.03 11:43:21.566,1.5042,1.5043,1.00,1.00
2010.03.03 11:43:22.434,1.5042,1.50435,1.00,1.70
2010.03.03 11:43:22.773,1.5042,1.5044,2.40,5.70
2010.03.03 11:43:24.002,1.50425,1.5044,1.00,5.70
2010.03.03 11:43:27.185,1.5042,1.5044,2.50,5.70
2010.03.03 11:43:27.398,1.50435,1.5044,1.00,5.70
2010.03.03 11:43:27.516,1.50435,1.5044,1.00,1.60
2010.03.03 11:43:28.075,1.50435,1.50445,1.00,2.30
2010.03.03 11:43:28.208,1.5045,1.50465,1.00,2.30
2010.03.03 11:43:29.034,1.5046,1.50475,1.00,3.90
2010.03.03 11:43:29.397,1.5046,1.50475,2.40,1.60
2010.03.03 11:43:30.314,1.5046,1.5048,2.40,1.70
2010.03.03 11:43:30.674,1.5046,1.5048,1.00,3.30
2010.03.03 11:43:31.561,1.5046,1.5048,2.40,1.60
2010.03.03 11:43:32.756,1.5046,1.5048,2.40,2.50
2010.03.03 11:43:34.265,1.5046,1.5048,2.40,2.50
2010.03.03 11:43:35.136,1.5046,1.5048,2.40,2.40
2010.03.03 11:43:36.309,1.5046,1.5048,2.40,1.60
2010.03.03 11:43:37.888,1.5046,1.5048,2.60,1.60
2010.03.03 11:43:41.996,1.5046,1.5047,1.80,2.30
2010.03.03 11:43:42.695,1.5046,1.5047,1.60,7.90
2010.03.03 11:43:42.976,1.5045,1.5047,2.40,1.60
2010.03.03 11:43:44.319,1.50455,1.5047,1.00,1.60
2010.03.03 11:43:44.579,1.5045,1.5047,7.60,1.60
2010.03.03 11:43:44.836,1.50455,1.5047,1.00,1.60
2010.03.03 11:43:45.083,1.50455,1.50465,1.00,1.00
2010.03.03 11:43:45.843,1.50445,1.50465,4.20,1.60
2010.03.03 11:43:46.052,1.50445,1.50465,4.00,1.60
2010.03.03 11:43:46.433,1.50445,1.50465,2.40,1.60
2010.03.03 11:43:47.235,1.50445,1.5046,2.40,1.00
2010.03.03 11:43:47.605,1.5043,1.50455,4.40,12.10
2010.03.03 11:43:48.253,1.5043,1.5045,4.40,1.60
2010.03.03 11:43:48.559,1.5043,1.5045,2.40,3.20
2010.03.03 11:43:50.933,1.5043,1.5045,4.00,1.60
2010.03.03 11:43:52.509,1.5043,1.5045,4.00,2.40
2010.03.03 11:43:59.126,1.5043,1.5045,2.40,4.00
2010.03.03 11:43:59.382,1.5044,1.5045,1.00,3.20
2010.03.03 11:44:00.070,1.50435,1.5045,1.20,1.60
2010.03.03 11:44:00.245,1.50435,1.5045,1.00,1.60
2010.03.03 11:44:01.135,1.50435,1.50445,1.00,1.00
2010.03.03 11:44:01.275,1.50435,1.50445,1.00,1.70
2010.03.03 11:44:01.630,1.5043,1.50445,1.00,1.60
2010.03.03 11:44:10.453,1.5043,1.5045,1.00,4.00
2010.03.03 11:44:12.454,1.50425,1.50445,9.00,2.50
2010.03.03 11:44:12.718,1.50425,1.50445,1.10,4.90
2010.03.03 11:44:14.206,1.50425,1.5044,1.00,2.40
2010.03.03 11:44:17.781,1.50425,1.5044,1.00,4.00
2010.03.03 11:44:19.109,1.50425,1.5044,1.00,3.20
2010.03.03 11:44:19.356,1.50425,1.5044,1.00,1.60
2010.03.03 11:44:20.430,1.50425,1.50445,6.40,4.00
2010.03.03 11:44:20.711,1.50425,1.50445,4.80,4.00
2010.03.03 11:44:22.718,1.50425,1.5044,1.80,1.00
2010.03.03 11:44:22.911,1.50425,1.5044,1.90,1.00
2010.03.03 11:44:23.181,1.50425,1.50445,6.30,4.70
2010.03.03 11:44:23.448,1.50425,1.50445,6.30,4.00
2010.03.03 11:44:23.711,1.50425,1.50445,4.50,4.00
2010.03.03 11:44:23.982,1.50425,1.5044,1.70,1.00
2010.03.03 11:44:24.867,1.50425,1.50445,6.30,4.70
2010.03.03 11:44:24.936,1.50425,1.50445,6.30,4.00
2010.03.03 11:44:26.670,1.50425,1.5044,2.50,1.60
2010.03.03 11:44:26.935,1.50425,1.5044,1.70,2.40
2010.03.03 11:44:27.214,1.50425,1.5044,1.90,2.40
2010.03.03 11:44:27.490,1.50425,1.50445,6.30,4.70
2010.03.03 11:44:28.163,1.50425,1.50445,6.30,4.00
2010.03.03 11:44:28.380,1.5043,1.50445,1.00,3.20
2010.03.03 11:44:29.546,1.5043,1.50445,1.00,1.60
2010.03.03 11:44:29.912,1.5043,1.5045,1.00,4.00
2010.03.03 11:44:31.349,1.5043,1.5045,1.00,4.70
2010.03.03 11:44:31.689,1.5043,1.50445,1.00,1.60
2010.03.03 11:44:33.001,1.50445,1.50455,1.00,1.70
2010.03.03 11:44:33.299,1.5044,1.50455,2.40,1.70
2010.03.03 11:44:34.358,1.5044,1.50455,2.40,1.00
2010.03.03 11:44:34.711,1.50445,1.50455,1.00,1.00
2010.03.03 11:44:35.063,1.50445,1.5045,1.00,1.00
2010.03.03 11:44:36.499,1.5044,1.50455,4.40,1.70
2010.03.03 11:44:37.190,1.5044,1.50455,4.80,1.70
2010.03.03 11:44:37.423,1.5044,1.50455,2.40,1.70
2010.03.03 11:44:38.689,1.5044,1.50455,1.00,1.70
2010.03.03 11:44:41.476,1.5044,1.5045,1.00,1.60
2010.03.03 11:44:47.395,1.5044,1.5045,1.00,1.70
2010.03.03 11:44:47.620,1.5043,1.50445,4.00,1.60
2010.03.03 11:44:48.415,1.5043,1.50445,2.40,1.60
2010.03.03 11:44:49.612,1.5043,1.5044,1.00,1.00
2010.03.03 11:44:49.889,1.5043,1.50445,1.00,1.70
2010.03.03 11:44:50.485,1.5043,1.5044,1.00,1.60
2010.03.03 11:44:51.124,1.5043,1.50445,1.00,1.90
2010.03.03 11:44:53.623,1.5043,1.5044,1.00,1.60
2010.03.03 11:44:54.739,1.5043,1.50445,1.00,1.70
2010.03.03 11:44:55.143,1.5043,1.50445,1.00,1.60
2010.03.03 11:44:56.653,1.5043,1.50445,1.20,1.60
2010.03.03 11:44:57.776,1.5043,1.5045,1.20,3.20
2010.03.03 11:44:59.693,1.50435,1.5045,1.00,1.60
2010.03.03 11:45:00.697,1.5043,1.5045,4.90,1.60
2010.03.03 11:45:01.367,1.5043,1.5045,4.90,3.20
2010.03.03 11:45:01.767,1.50425,1.5044,2.40,3.90
2010.03.03 11:45:01.979,1.50425,1.5044,2.40,1.60
2010.03.03 11:45:02.193,1.5042,1.5044,6.80,1.60
2010.03.03 11:45:02.939,1.5042,1.50435,4.00,1.60
2010.03.03 11:45:03.298,1.5042,1.50435,2.40,1.60
2010.03.03 11:45:05.368,1.5042,1.50435,1.00,1.60
2010.03.03 11:45:05.453,1.50415,1.5043,6.40,1.60
2010.03.03 11:45:06.027,1.50415,1.50435,2.40,2.50
2010.03.03 11:45:06.119,1.5041,1.50425,1.60,1.70
2010.03.03 11:45:09.275,1.50405,1.50425,4.00,1.70
2010.03.03 11:45:13.025,1.5041,1.50425,1.60,1.70
2010.03.03 11:45:13.949,1.504,1.50415,3.20,1.00
2010.03.03 11:45:14.806,1.5039,1.5041,4.50,2.30
2010.03.03 11:45:15.105,1.5039,1.50405,1.00,1.00
2010.03.03 11:45:16.007,1.5039,1.50405,1.00,1.70
2010.03.03 11:45:18.530,1.5039,1.504,1.00,1.00
2010.03.03 11:45:22.035,1.5039,1.504,2.40,1.00
2010.03.03 11:45:22.083,1.5039,1.5041,2.40,5.60
2010.03.03 11:45:29.578,1.5039,1.50405,2.40,1.60
2010.03.03 11:45:32.195,1.5039,1.5041,2.40,3.20
2010.03.03 11:45:32.808,1.5039,1.50415,4.20,12.10
2010.03.03 11:45:33.176,1.50395,1.50415,1.00,10.30
2010.03.03 11:45:33.534,1.504,1.50415,1.00,1.60
2010.03.03 11:45:34.387,1.50405,1.5042,1.00,1.60
2010.03.03 11:45:35.770,1.504,1.5042,4.20,1.60
2010.03.03 11:45:37.991,1.504,1.5042,4.00,1.60
2010.03.03 11:45:38.287,1.504,1.5042,4.20,2.40
2010.03.03 11:45:38.436,1.504,1.5042,4.00,2.40
2010.03.03 11:45:39.709,1.504,1.5042,4.10,2.40
2010.03.03 11:45:42.124,1.504,1.5042,4.00,2.40
2010.03.03 11:45:43.470,1.504,1.5042,2.40,2.40
2010.03.03 11:45:43.639,1.504,1.5042,2.60,2.40
2010.03.03 11:45:46.380,1.504,1.5042,2.60,4.00
2010.03.03 11:45:46.562,1.504,1.50415,1.60,1.00
2010.03.03 11:45:47.469,1.5039,1.50405,1.60,1.00
2010.03.03 11:45:47.826,1.50385,1.50405,6.40,1.00
2010.03.03 11:45:48.032,1.50385,1.50405,4.00,1.00
2010.03.03 11:45:48.236,1.50385,1.50405,4.10,1.00
2010.03.03 11:45:48.972,1.50385,1.50405,4.40,1.00
2010.03.03 11:45:49.258,1.50385,1.504,1.60,1.00
2010.03.03 11:45:49.804,1.50385,1.50405,2.40,2.40
2010.03.03 11:45:50.553,1.50385,1.504,1.70,1.00
2010.03.03 11:45:55.021,1.5038,1.504,8.20,1.00
2010.03.03 11:45:55.177,1.5038,1.504,8.00,1.00
2010.03.03 11:45:56.055,1.50385,1.50405,1.00,4.90
2010.03.03 11:45:56.407,1.50385,1.50405,1.00,4.20
2010.03.03 11:45:57.775,1.5039,1.5041,1.00,4.00
2010.03.03 11:46:00.847,1.5039,1.50405,1.00,1.60
2010.03.03 11:46:01.814,1.50385,1.504,3.20,1.00
2010.03.03 11:46:02.099,1.50385,1.50405,4.00,2.40
2010.03.03 11:46:03.333,1.5039,1.5041,2.40,2.40
2010.03.03 11:46:05.499,1.5039,1.50405,1.00,1.60
2010.03.03 11:46:05.839,1.50385,1.50405,4.00,2.40
2010.03.03 11:46:08.687,1.50385,1.50405,4.00,1.00
2010.03.03 11:46:10.896,1.50385,1.50405,8.00,1.00
2010.03.03 11:46:11.138,1.50385,1.50405,10.10,1.00
2010.03.03 11:46:11.614,1.50385,1.50405,10.50,1.00
2010.03.03 11:46:12.318,1.50385,1.5041,10.10,6.30
2010.03.03 11:46:13.365,1.50395,1.5041,1.00,3.90
2010.03.03 11:46:14.038,1.50395,1.5041,1.00,1.60
2010.03.03 11:46:14.408,1.5039,1.50405,1.60,1.00
2010.03.03 11:46:28.436,1.5039,1.5041,2.40,3.10
2010.03.03 11:46:29.016,1.5039,1.5041,2.40,2.40
2010.03.03 11:46:29.371,1.5039,1.5041,2.40,3.10
2010.03.03 11:46:29.718,1.5039,1.5041,2.40,2.40
2010.03.03 11:46:30.273,1.5039,1.50405,1.60,1.00
2010.03.03 11:46:30.612,1.5039,1.5041,2.50,2.40
2010.03.03 11:46:32.721,1.5039,1.50405,1.60,1.00
2010.03.03 11:46:35.627,1.5039,1.50405,1.80,1.00
2010.03.03 11:46:36.635,1.5039,1.5041,2.60,3.10
2010.03.03 11:46:37.012,1.5039,1.5041,2.60,2.40
2010.03.03 11:46:37.364,1.5039,1.50405,1.80,1.00
2010.03.03 11:46:38.113,1.5039,1.50405,1.60,1.00
2010.03.03 11:46:38.804,1.5039,1.5041,2.40,3.10
2010.03.03 11:46:39.153,1.5039,1.5041,2.40,2.40
2010.03.03 11:46:41.816,1.5039,1.5041,2.50,2.40
2010.03.03 11:46:42.145,1.5039,1.5041,2.50,4.00
2010.03.03 11:46:43.685,1.5039,1.5041,2.50,2.40
2010.03.03 11:46:43.866,1.50405,1.50415,1.00,4.00
2010.03.03 11:46:44.670,1.5041,1.50425,1.00,3.90
2010.03.03 11:46:45.025,1.5042,1.50435,1.00,5.70
2010.03.03 11:46:45.385,1.5042,1.5044,1.00,8.70
2010.03.03 11:46:45.923,1.5042,1.5044,2.40,8.70
2010.03.03 11:46:46.053,1.50415,1.50435,4.00,2.40
2010.03.03 11:46:46.868,1.5042,1.5043,1.00,1.60
2010.03.03 11:46:47.799,1.5042,1.50435,1.00,1.80
2010.03.03 11:46:48.156,1.5042,1.50435,1.00,1.60
2010.03.03 11:46:50.713,1.50415,1.50435,4.40,2.40
2010.03.03 11:46:51.516,1.50415,1.5043,2.40,1.60
2010.03.03 11:46:53.766,1.5042,1.50435,1.00,1.00
2010.03.03 11:46:54.374,1.5042,1.5044,1.00,4.70
2010.03.03 11:46:54.721,1.5042,1.5044,4.00,4.00
2010.03.03 11:46:58.852,1.50425,1.50445,1.00,4.80
2010.03.03 11:46:59.213,1.50425,1.50445,1.00,4.00
2010.03.03 11:46:59.869,1.50425,1.50445,2.50,4.00
2010.03.03 11:47:02.083,1.5043,1.5045,1.00,8.90
2010.03.03 11:47:02.462,1.5043,1.50445,1.00,1.60
2010.03.03 11:47:03.201,1.5043,1.5045,1.00,4.00
2010.03.03 11:47:04.732,1.5043,1.5045,2.50,2.40
2010.03.03 11:47:05.025,1.5043,1.5045,4.00,1.00
2010.03.03 11:47:05.548,1.5043,1.5045,2.40,1.00
2010.03.03 11:47:08.488,1.5043,1.5045,2.40,2.40
2010.03.03 11:47:11.923,1.5043,1.5045,1.00,4.00
2010.03.03 11:47:12.611,1.5043,1.50445,1.00,1.60
2010.03.03 11:47:13.825,1.50425,1.50445,2.40,2.40
2010.03.03 11:47:14.773,1.50425,1.50445,2.40,2.60
2010.03.03 11:47:20.349,1.50425,1.50445,2.40,2.40
2010.03.03 11:47:20.990,1.50425,1.50445,2.40,1.00
2010.03.03 11:47:22.959,1.50425,1.50445,4.00,1.00
2010.03.03 11:47:28.313,1.50425,1.5044,3.20,1.00
2010.03.03 11:47:29.342,1.50425,1.5044,3.30,1.00
2010.03.03 11:47:29.936,1.50425,1.50445,4.10,1.50
2010.03.03 11:47:30.237,1.5043,1.5045,2.50,2.40
2010.03.03 11:47:31.348,1.50455,1.50465,1.00,9.20
2010.03.03 11:47:32.030,1.50455,1.5048,2.40,10.70
2010.03.03 11:47:32.338,1.5046,1.50495,2.40,9.90
2010.03.03 11:47:33.176,1.5047,1.50495,2.40,8.90
2010.03.03 11:47:33.542,1.5047,1.50495,2.40,11.10
2010.03.03 11:47:34.450,1.5047,1.5049,2.40,4.90
2010.03.03 11:47:34.747,1.5047,1.50485,1.00,1.60
2010.03.03 11:47:43.262,1.5047,1.5049,1.00,4.00
2010.03.03 11:47:45.140,1.5047,1.50495,1.00,13.10
2010.03.03 11:47:45.683,1.50465,1.50495,15.10,13.00
2010.03.03 11:47:45.874,1.5047,1.50495,4.00,12.30
2010.03.03 11:47:47.991,1.5047,1.5049,5.60,2.40
2010.03.03 11:47:49.782,1.50495,1.505,4.40,1.60
2010.03.03 11:47:50.003,1.50495,1.5051,1.10,3.30
2010.03.03 11:47:50.227,1.50495,1.50515,1.20,5.70
2010.03.03 11:47:51.088,1.5049,1.50515,9.70,5.70
2010.03.03 11:47:51.327,1.50495,1.50515,2.00,4.90
2010.03.03 11:47:51.788,1.50495,1.50515,1.60,4.90
2010.03.03 11:47:52.017,1.50495,1.5051,1.00,1.00
2010.03.03 11:47:52.250,1.50495,1.50515,1.60,4.90
2010.03.03 11:47:52.478,1.50495,1.50515,1.60,4.10
2010.03.03 11:47:53.621,1.50495,1.5051,1.60,1.00
2010.03.03 11:47:54.327,1.50495,1.50515,1.60,6.40
2010.03.03 11:47:54.681,1.50495,1.50515,1.60,5.70
2010.03.03 11:47:57.997,1.50495,1.5051,1.00,1.00
2010.03.03 11:47:58.264,1.5049,1.5051,5.80,1.00
2010.03.03 11:47:58.843,1.50495,1.5051,1.00,1.00
2010.03.03 11:47:59.134,1.5049,1.50505,1.00,2.20
2010.03.03 11:47:59.982,1.50485,1.505,1.00,1.00
2010.03.03 11:48:00.337,1.5048,1.50505,6.40,5.70
2010.03.03 11:48:00.571,1.5048,1.505,6.40,1.00
2010.03.03 11:48:00.801,1.5048,1.505,4.00,2.40
2010.03.03 11:48:01.521,1.50485,1.50505,1.00,6.70
2010.03.03 11:48:01.763,1.50485,1.505,1.00,1.70
2010.03.03 11:48:03.529,1.50485,1.505,1.00,1.60
2010.03.03 11:48:03.762,1.50485,1.5049,1.00,1.00
2010.03.03 11:48:04.473,1.5048,1.5049,2.40,1.00
2010.03.03 11:48:04.690,1.5048,1.5049,1.00,1.00
2010.03.03 11:48:05.037,1.50485,1.5049,1.00,1.00
2010.03.03 11:48:05.387,1.5048,1.5049,1.00,1.00
2010.03.03 11:48:13.734,1.5047,1.50485,2.40,1.00
2010.03.03 11:48:15.350,1.5047,1.5048,1.00,1.00
2010.03.03 11:48:16.024,1.5047,1.50485,1.00,1.60
2010.03.03 11:48:19.449,1.5047,1.5049,1.00,4.10
2010.03.03 11:48:19.684,1.5047,1.5049,4.00,2.50
2010.03.03 11:48:20.625,1.5047,1.5049,4.00,2.40
2010.03.03 11:48:23.051,1.5047,1.5049,6.00,1.00
2010.03.03 11:48:23.401,1.5047,1.5049,4.00,1.00
2010.03.03 11:48:23.988,1.5047,1.5049,4.00,3.20
2010.03.03 11:48:24.221,1.5047,1.5049,2.40,9.70
2010.03.03 11:48:27.319,1.5047,1.50485,1.00,1.60
2010.03.03 11:48:28.074,1.5047,1.50485,1.00,1.80
2010.03.03 11:48:28.411,1.50465,1.50485,6.40,1.90
2010.03.03 11:48:28.761,1.5047,1.5048,1.00,1.60
2010.03.03 11:48:34.693,1.5047,1.50485,4.00,1.60
2010.03.03 11:48:35.027,1.5047,1.5049,4.00,2.40
2010.03.03 11:48:45.590,1.5047,1.50485,1.00,1.60
2010.03.03 11:48:46.337,1.5047,1.5049,1.00,2.40
2010.03.03 11:48:46.502,1.5047,1.5049,2.40,2.40
2010.03.03 11:48:46.836,1.5047,1.50485,1.60,2.40
2010.03.03 11:48:47.696,1.50475,1.5049,1.00,1.60
2010.03.03 11:48:47.908,1.5047,1.50485,4.00,1.60
2010.03.03 11:48:49.476,1.5047,1.5049,2.40,2.40
2010.03.03 11:48:49.790,1.50465,1.50485,4.80,2.40
2010.03.03 11:48:50.136,1.50465,1.50485,4.00,4.70
2010.03.03 11:48:50.952,1.5047,1.5049,4.00,2.40
2010.03.03 11:48:51.045,1.5047,1.50485,4.00,1.60
2010.03.03 11:48:53.309,1.50465,1.50485,4.00,4.00
2010.03.03 11:48:54.365,1.50465,1.5049,5.60,12.10
2010.03.03 11:48:54.640,1.5047,1.5049,4.00,4.80
2010.03.03 11:48:55.275,1.5047,1.5049,4.00,2.40
2010.03.03 11:48:57.136,1.5047,1.50485,4.00,2.30
2010.03.03 11:48:57.447,1.5047,1.50485,4.00,1.60
2010.03.03 11:48:57.966,1.5047,1.50485,3.20,1.00
2010.03.03 11:48:58.708,1.5047,1.50485,3.20,1.70
2010.03.03 11:48:59.008,1.5047,1.50485,1.60,4.90
2010.03.03 11:49:01.059,1.5046,1.5048,6.20,2.40
2010.03.03 11:49:01.156,1.50455,1.5048,10.30,4.70
2010.03.03 11:49:01.950,1.50455,1.5048,10.10,4.00
2010.03.03 11:49:02.038,1.50455,1.5048,9.70,4.00
2010.03.03 11:49:04.411,1.50455,1.5048,10.80,4.00
2010.03.03 11:49:04.610,1.50455,1.50475,10.60,1.00
2010.03.03 11:49:05.193,1.50455,1.50475,10.20,1.00
2010.03.03 11:49:05.418,1.50455,1.50475,9.70,1.60
2010.03.03 11:49:06.461,1.50455,1.50475,9.70,1.70
2010.03.03 11:49:06.688,1.50455,1.5047,8.90,1.00
2010.03.03 11:49:06.925,1.50455,1.50475,6.50,3.30
2010.03.03 11:49:07.662,1.50455,1.50475,6.40,3.30
2010.03.03 11:49:07.862,1.50455,1.5047,5.60,1.60
2010.03.03 11:49:09.632,1.50455,1.5047,5.60,1.70
2010.03.03 11:49:10.524,1.5046,1.50475,1.00,1.60
2010.03.03 11:49:10.881,1.5046,1.50475,2.40,1.60
2010.03.03 11:49:11.141,1.5046,1.50475,4.00,1.60
2010.03.03 11:49:13.753,1.5046,1.5048,4.00,2.40
2010.03.03 11:49:15.019,1.5046,1.5048,3.20,2.40
2010.03.03 11:49:15.638,1.5046,1.50475,3.20,1.60
2010.03.03 11:49:19.929,1.5046,1.5048,4.00,2.40
2010.03.03 11:49:20.195,1.5046,1.5048,3.20,2.40
2010.03.03 11:49:21.033,1.5046,1.5048,3.70,1.00
2010.03.03 11:49:21.829,1.5046,1.5048,3.30,1.00
2010.03.03 11:49:27.555,1.5046,1.5048,3.20,1.00
2010.03.03 11:49:28.395,1.5046,1.5048,3.60,1.00
2010.03.03 11:49:29.106,1.5046,1.50485,9.60,5.60
2010.03.03 11:49:29.685,1.5046,1.50485,10.00,5.60
2010.03.03 11:49:29.906,1.50465,1.50485,1.60,4.00
2010.03.03 11:49:31.843,1.50465,1.50485,1.60,6.40
2010.03.03 11:49:31.884,1.50465,1.50485,1.60,6.50
2010.03.03 11:49:32.008,1.50465,1.50485,1.60,8.90
2010.03.03 11:49:33.613,1.5046,1.5048,4.00,1.00
2010.03.03 11:49:35.359,1.5046,1.5048,4.00,2.40
2010.03.03 11:49:35.609,1.5046,1.50475,2.40,1.60
2010.03.03 11:49:36.381,1.5046,1.5047,2.40,1.60
2010.03.03 11:49:36.656,1.5045,1.5047,3.20,6.50
2010.03.03 11:49:36.931,1.50455,1.5047,5.60,1.70
2010.03.03 11:49:37.718,1.50455,1.5047,8.00,1.60
2010.03.03 11:49:38.020,1.5046,1.50475,5.60,3.20
2010.03.03 11:49:43.643,1.5046,1.5047,1.60,1.00
2010.03.03 11:49:43.996,1.50455,1.5047,1.60,2.50
2010.03.03 11:49:45.443,1.50455,1.50475,1.60,8.10
2010.03.03 11:49:45.740,1.50455,1.5047,1.60,2.50
2010.03.03 11:49:45.994,1.50455,1.50475,4.00,4.90
2010.03.03 11:49:46.515,1.50455,1.50475,5.60,3.30
2010.03.03 11:49:46.765,1.5046,1.50475,2.40,1.70
2010.03.03 11:49:47.469,1.5046,1.5047,2.40,1.00
2010.03.03 11:49:48.310,1.5046,1.50475,1.00,1.00
2010.03.03 11:49:48.611,1.50455,1.5047,5.70,1.00
2010.03.03 11:49:50.936,1.50455,1.5047,4.00,1.00
2010.03.03 11:49:51.148,1.50455,1.5047,4.00,2.50
2010.03.03 11:49:51.413,1.50455,1.5047,4.00,1.70
2010.03.03 11:49:53.925,1.5046,1.50475,1.00,4.10
2010.03.03 11:49:54.555,1.5046,1.50475,1.00,1.70
2010.03.03 11:50:03.710,1.5046,1.50475,2.40,1.60
2010.03.03 11:50:03.745,1.5046,1.50475,4.80,1.60
2010.03.03 11:50:04.106,1.5046,1.5048,4.00,1.60
2010.03.03 11:50:06.425,1.5046,1.5048,4.00,2.40
2010.03.03 11:50:07.335,1.50465,1.5048,6.40,1.60
2010.03.03 11:50:08.149,1.50465,1.5048,1.60,1.00
2010.03.03 11:50:08.465,1.5046,1.50485,10.20,5.60
2010.03.03 11:50:09.598,1.5047,1.50485,1.00,1.60
2010.03.03 11:50:12.091,1.5047,1.50485,1.00,3.20
2010.03.03 11:50:14.626,1.5047,1.50485,1.00,1.60
2010.03.03 11:50:22.340,1.50465,1.5048,8.40,1.00
2010.03.03 11:50:22.562,1.50465,1.5048,3.20,2.50
2010.03.03 11:50:23.083,1.5046,1.5048,6.00,2.50
2010.03.03 11:50:23.436,1.5046,1.5048,4.00,2.50
2010.03.03 11:50:25.057,1.5046,1.5048,4.00,4.10
2010.03.03 11:50:26.630,1.5046,1.5048,4.00,4.00
2010.03.03 11:50:27.258,1.5046,1.5048,4.00,2.40
2010.03.03 11:50:30.018,1.50465,1.50485,4.00,4.20
2010.03.03 11:50:30.701,1.50465,1.50485,4.00,4.00
2010.03.03 11:50:31.252,1.5047,1.50485,1.00,3.20
2010.03.03 11:50:31.916,1.5047,1.50485,2.40,1.60
2010.03.03 11:50:32.882,1.5047,1.50485,1.60,4.00
2010.03.03 11:50:35.250,1.5047,1.50485,1.60,2.40
2010.03.03 11:50:38.126,1.5047,1.5048,1.60,1.00
2010.03.03 11:50:38.717,1.5047,1.5048,1.60,14.40
2010.03.03 11:50:39.037,1.5046,1.50475,1.00,4.20
2010.03.03 11:50:39.354,1.5046,1.50475,1.00,1.80
2010.03.03 11:50:40.875,1.5046,1.50475,1.00,1.60
2010.03.03 11:50:43.668,1.5046,1.5048,1.00,5.60
2010.03.03 11:50:45.127,1.5046,1.5048,2.40,4.00
2010.03.03 11:50:46.606,1.50465,1.5048,1.00,3.20
2010.03.03 11:50:46.670,1.50465,1.5048,1.00,1.60
2010.03.03 11:50:46.787,1.50465,1.50485,1.00,11.30
2010.03.03 11:50:46.827,1.50465,1.50485,1.00,8.20
2010.03.03 11:50:47.802,1.5046,1.5048,4.00,1.00
2010.03.03 11:50:48.101,1.5046,1.5048,2.40,1.00
2010.03.03 11:50:48.692,1.5046,1.5048,2.40,3.10
2010.03.03 11:50:52.091,1.5046,1.50485,5.70,5.80
2010.03.03 11:50:52.616,1.5046,1.50485,5.70,5.30
2010.03.03 11:50:52.964,1.50465,1.50485,2.40,3.20
2010.03.03 11:50:56.352,1.50465,1.50485,4.00,1.60
2010.03.03 11:50:57.011,1.50465,1.5049,5.60,8.00
2010.03.03 11:50:57.051,1.50465,1.5049,5.70,8.00
2010.03.03 11:50:57.166,1.5047,1.5049,1.00,8.00
2010.03.03 11:50:58.083,1.5047,1.5049,2.40,4.00
2010.03.03 11:50:59.585,1.5047,1.5049,4.00,4.00
2010.03.03 11:51:12.376,1.5047,1.5049,2.40,4.00
2010.03.03 11:51:15.880,1.5047,1.5049,1.60,5.50
2010.03.03 11:51:16.971,1.5047,1.5049,1.60,6.30
2010.03.03 11:51:17.964,1.50465,1.50485,4.80,2.30
2010.03.03 11:51:18.294,1.50465,1.50485,4.80,4.70
2010.03.03 11:51:18.508,1.5047,1.50485,1.60,2.30
2010.03.03 11:51:20.330,1.5047,1.50485,1.60,1.00
2010.03.03 11:51:21.050,1.50465,1.50485,3.20,1.00
2010.03.03 11:51:23.805,1.50465,1.50485,3.20,2.70
2010.03.03 11:51:24.165,1.50465,1.50485,1.60,4.90
2010.03.03 11:51:24.520,1.50465,1.50485,1.60,4.80
2010.03.03 11:51:24.869,1.50465,1.50485,1.60,4.40
2010.03.03 11:51:30.673,1.5046,1.50485,9.70,4.40
2010.03.03 11:51:31.484,1.5047,1.50485,1.00,4.40
2010.03.03 11:51:31.531,1.5047,1.50485,1.00,2.00
2010.03.03 11:51:31.631,1.5047,1.50485,1.00,2.00
2010.03.03 11:51:31.904,1.5047,1.50485,1.00,2.20
2010.03.03 11:51:35.276,1.5047,1.50485,1.00,1.00
2010.03.03 11:51:37.230,1.5047,1.50485,2.50,1.00
2010.03.03 11:51:38.185,1.5047,1.5049,2.50,1.60
2010.03.03 11:51:38.913,1.50475,1.50495,1.00,10.50
2010.03.03 11:51:39.266,1.5048,1.505,3.30,6.30
2010.03.03 11:51:39.620,1.5048,1.505,5.70,2.40
2010.03.03 11:51:40.871,1.50485,1.50505,3.30,6.90
2010.03.03 11:51:41.229,1.5049,1.5051,1.60,10.30
2010.03.03 11:51:41.787,1.5049,1.5051,1.60,7.90
2010.03.03 11:51:41.980,1.5049,1.5051,5.60,2.40
2010.03.03 11:51:42.522,1.50495,1.50515,3.20,11.10
2010.03.03 11:51:43.411,1.50495,1.50515,4.00,2.20
2010.03.03 11:51:44.767,1.50495,1.50515,2.40,2.20
2010.03.03 11:51:44.975,1.505,1.50515,1.00,2.20
2010.03.03 11:51:45.183,1.50495,1.50515,4.40,1.60
2010.03.03 11:51:45.880,1.50495,1.5052,4.00,11.90
2010.03.03 11:51:46.198,1.505,1.5052,1.70,10.30
2010.03.03 11:51:47.126,1.505,1.5051,1.60,2.30
2010.03.03 11:51:47.454,1.50485,1.50505,1.60,7.30
2010.03.03 11:51:47.765,1.50485,1.50505,1.60,10.50
2010.03.03 11:51:48.499,1.5048,1.50505,7.30,7.90
2010.03.03 11:51:48.879,1.5048,1.505,5.70,1.50
2010.03.03 11:51:49.240,1.5048,1.505,5.70,1.00
2010.03.03 11:51:50.051,1.5048,1.50505,7.30,8.10
2010.03.03 11:51:50.636,1.5048,1.50505,7.30,5.70
2010.03.03 11:51:51.211,1.5048,1.50505,7.30,8.10
2010.03.03 11:51:51.463,1.5048,1.50505,7.30,6.60
2010.03.03 11:51:59.132,1.50485,1.50505,1.70,5.00
2010.03.03 11:51:59.710,1.50485,1.50505,3.30,5.00
2010.03.03 11:51:59.894,1.5048,1.50505,7.30,4.20
2010.03.03 11:52:00.712,1.5048,1.505,4.90,1.00
2010.03.03 11:52:01.063,1.5048,1.505,3.30,1.50
2010.03.03 11:52:04.121,1.5048,1.50495,1.60,2.40
2010.03.03 11:52:04.475,1.50475,1.50495,5.70,2.40
2010.03.03 11:52:04.834,1.50485,1.505,2.50,3.10
2010.03.03 11:52:05.714,1.50485,1.50505,2.50,2.50
2010.03.03 11:52:05.865,1.5048,1.505,4.80,1.00
2010.03.03 11:52:06.002,1.5048,1.505,6.50,1.00
2010.03.03 11:52:06.133,1.5048,1.50505,7.20,6.60
2010.03.03 11:52:06.709,1.5048,1.50505,5.60,10.20
2010.03.03 11:52:07.063,1.5048,1.505,4.80,1.00
2010.03.03 11:52:07.772,1.50485,1.50505,2.50,4.10
2010.03.03 11:52:07.957,1.50485,1.50505,2.50,1.80
2010.03.03 11:52:09.120,1.50485,1.50505,4.10,1.80
2010.03.03 11:52:09.823,1.50495,1.5051,1.00,1.60
2010.03.03 11:52:10.189,1.50495,1.50515,1.60,5.90
2010.03.03 11:52:10.424,1.50495,1.5052,1.00,14.40
2010.03.03 11:52:11.021,1.5049,1.50515,7.60,5.70
2010.03.03 11:52:11.255,1.5049,1.50515,7.20,5.30
2010.03.03 11:52:11.560,1.50495,1.50515,1.60,2.90
2010.03.03 11:52:12.352,1.5049,1.50515,7.20,5.30
2010.03.03 11:52:13.768,1.5049,1.50515,7.20,5.60
2010.03.03 11:52:14.574,1.5049,1.50515,7.20,5.30
2010.03.03 11:52:15.885,1.50495,1.50515,1.60,2.90
2010.03.03 11:52:16.041,1.50495,1.50515,1.60,5.30
2010.03.03 11:52:16.202,1.50495,1.50515,3.20,2.90
2010.03.03 11:52:16.833,1.50495,1.50515,4.00,2.10
2010.03.03 11:52:17.099,1.50495,1.50515,4.00,1.00
2010.03.03 11:52:19.502,1.50495,1.5052,4.00,8.80
2010.03.03 11:52:20.221,1.50495,1.5052,7.60,8.80
2010.03.03 11:52:21.768,1.50495,1.5052,7.20,8.80
2010.03.03 11:52:22.090,1.50495,1.50515,6.40,1.80
2010.03.03 11:52:22.261,1.50495,1.50515,7.20,1.00
2010.03.03 11:52:22.884,1.50495,1.50515,7.60,1.00
2010.03.03 11:52:23.649,1.50495,1.5052,7.60,8.80
2010.03.03 11:52:23.840,1.50495,1.5052,7.60,4.80
2010.03.03 11:52:24.037,1.505,1.5052,1.00,2.40
2010.03.03 11:52:25.702,1.50505,1.50525,2.50,15.20
2010.03.03 11:52:25.961,1.50505,1.50525,5.70,10.40
2010.03.03 11:52:26.226,1.50515,1.5053,4.50,1.60
2010.03.03 11:52:26.480,1.50515,1.50535,4.50,14.20
2010.03.03 11:52:27.038,1.50515,1.50535,6.10,14.20
2010.03.03 11:52:27.319,1.50515,1.50535,7.70,12.70
2010.03.03 11:52:29.121,1.50515,1.50535,7.70,13.00
2010.03.03 11:52:31.460,1.50515,1.50535,5.70,13.00
2010.03.03 11:52:31.530,1.50515,1.50535,3.20,13.80
2010.03.03 11:52:31.605,1.50515,1.50535,1.60,17.00
2010.03.03 11:52:32.894,1.5051,1.50535,5.70,21.00
2010.03.03 11:52:33.221,1.5051,1.50535,7.30,21.00
2010.03.03 11:52:36.188,1.5051,1.50535,7.30,21.20
2010.03.03 11:52:36.379,1.5051,1.50535,7.30,21.50
2010.03.03 11:52:38.717,1.5051,1.50535,7.30,21.70
2010.03.03 11:52:41.795,1.50525,1.50535,1.00,21.00
2010.03.03 11:52:41.859,1.50525,1.50535,1.00,19.40
2010.03.03 11:52:41.925,1.50525,1.50535,1.00,17.80
2010.03.03 11:52:42.799,1.50525,1.50535,1.00,15.60
2010.03.03 11:52:43.164,1.5051,1.50535,8.90,17.40
2010.03.03 11:52:43.555,1.5051,1.50535,9.30,17.40
2010.03.03 11:52:44.566,1.5051,1.50535,8.90,17.40
2010.03.03 11:52:46.332,1.5051,1.50535,9.30,17.40
2010.03.03 11:52:53.055,1.5051,1.50535,9.30,14.20
2010.03.03 11:52:55.434,1.5051,1.5053,7.70,1.00
2010.03.03 11:52:55.901,1.5051,1.5053,7.30,1.00
2010.03.03 11:52:56.452,1.5051,1.5053,7.70,1.00
2010.03.03 11:53:00.163,1.5051,1.5053,7.30,1.00
2010.03.03 11:53:00.921,1.5051,1.5053,7.70,1.00
2010.03.03 11:53:02.024,1.5051,1.50525,4.80,1.40
2010.03.03 11:53:02.263,1.5051,1.50525,4.80,2.60
2010.03.03 11:53:02.628,1.5051,1.50525,3.20,2.60
2010.03.03 11:53:03.517,1.5051,1.50525,1.60,2.60
2010.03.03 11:53:06.295,1.50505,1.50525,7.30,2.90
2010.03.03 11:53:07.576,1.50505,1.50525,7.70,2.90
2010.03.03 11:53:10.790,1.50505,1.50525,7.70,3.60
2010.03.03 11:53:11.963,1.50505,1.50525,7.70,4.20
2010.03.03 11:53:12.037,1.50505,1.50525,4.50,6.60
2010.03.03 11:53:12.320,1.50505,1.5052,1.60,1.00
2010.03.03 11:53:12.864,1.50505,1.50525,2.40,12.90
2010.03.03 11:53:13.143,1.50505,1.50525,2.40,12.10
2010.03.03 11:53:14.081,1.50495,1.505,1.00,1.00
2010.03.03 11:53:14.437,1.5049,1.505,1.00,1.00
2010.03.03 11:53:14.981,1.50495,1.505,2.40,1.00
2010.03.03 11:53:15.319,1.50505,1.5051,1.00,1.00
2010.03.03 11:53:15.543,1.50505,1.50515,1.00,1.00
2010.03.03 11:53:15.766,1.5051,1.5052,1.60,6.30
2010.03.03 11:53:16.323,1.5051,1.5052,1.60,5.60
2010.03.03 11:53:16.506,1.50505,1.5052,5.20,1.00
2010.03.03 11:53:16.677,1.5051,1.50525,1.00,1.00
2010.03.03 11:53:16.844,1.5051,1.5053,1.00,10.40
2010.03.03 11:53:25.600,1.5051,1.5053,1.00,8.80
2010.03.03 11:53:32.274,1.50505,1.50525,7.60,1.00
2010.03.03 11:53:33.393,1.50505,1.50525,7.60,1.00
2010.03.03 11:53:34.204,1.50505,1.50525,7.60,1.30
2010.03.03 11:53:34.487,1.50505,1.50525,7.20,1.80
2010.03.03 11:53:35.034,1.50505,1.50525,7.20,2.60
2010.03.03 11:53:35.639,1.5051,1.50525,2.50,1.80
2010.03.03 11:53:35.967,1.5051,1.50525,2.50,1.40
2010.03.03 11:53:36.760,1.5051,1.50525,5.70,1.40
2010.03.03 11:53:36.979,1.5051,1.50525,1.60,2.20
2010.03.03 11:53:37.188,1.50505,1.50525,7.20,2.20
2010.03.03 11:53:38.544,1.50505,1.50525,7.30,2.20
2010.03.03 11:53:38.927,1.50505,1.50525,7.60,2.20
2010.03.03 11:53:39.717,1.50505,1.5053,7.60,7.90
2010.03.03 11:53:40.028,1.50505,1.50525,7.20,1.00
2010.03.03 11:53:40.382,1.5051,1.5053,2.50,2.40
2010.03.03 11:53:40.742,1.50505,1.50525,5.60,8.30
2010.03.03 11:53:41.252,1.5051,1.50525,1.60,5.90
2010.03.03 11:53:41.402,1.5051,1.50525,4.10,1.00
2010.03.03 11:53:41.572,1.5051,1.50525,4.50,1.00
2010.03.03 11:53:41.714,1.5051,1.50525,6.10,1.00
2010.03.03 11:53:43.384,1.5051,1.50525,7.30,1.00
2010.03.03 11:53:43.655,1.5051,1.5053,7.30,1.00
2010.03.03 11:53:44.750,1.50525,1.50545,2.50,15.60
2010.03.03 11:53:45.112,1.50525,1.5054,1.60,1.00
2010.03.03 11:53:45.970,1.5052,1.5053,4.00,1.00
2010.03.03 11:53:46.279,1.5052,1.50535,1.00,4.20
2010.03.03 11:53:46.793,1.5052,1.50535,1.00,1.80
2010.03.03 11:53:47.019,1.5052,1.5054,1.00,10.40
2010.03.03 11:53:47.242,1.5052,1.5054,6.90,2.40
2010.03.03 11:53:47.815,1.5052,1.5054,8.50,1.00
2010.03.03 11:53:48.176,1.5052,1.5054,1.00,8.00
2010.03.03 11:53:48.541,1.5052,1.5054,1.00,10.40
2010.03.03 11:53:50.058,1.5052,1.50535,1.00,4.30
2010.03.03 11:53:50.304,1.5052,1.50535,3.30,2.70
2010.03.03 11:53:50.823,1.5052,1.50535,3.30,1.80
2010.03.03 11:53:51.078,1.5052,1.5054,5.70,2.40
2010.03.03 11:53:51.291,1.5052,1.5054,1.00,10.40
2010.03.03 11:53:51.870,1.50515,1.5053,5.20,1.00
2010.03.03 11:53:52.081,1.50515,1.5053,1.60,1.00
2010.03.03 11:53:52.792,1.50515,1.5053,1.70,1.00
2010.03.03 11:53:54.069,1.50515,1.5053,1.60,1.00
2010.03.03 11:54:03.136,1.5051,1.5053,7.30,1.00
2010.03.03 11:54:04.676,1.5051,1.5053,5.70,1.00
2010.03.03 11:54:05.007,1.5051,1.5053,7.30,1.00
2010.03.03 11:54:07.331,1.5052,1.5053,1.00,1.00
2010.03.03 11:54:07.404,1.5052,1.50535,1.60,11.60
2010.03.03 11:54:07.770,1.5052,1.50535,2.50,1.50
2010.03.03 11:54:08.598,1.50515,1.5053,3.20,1.00
2010.03.03 11:54:08.813,1.50515,1.5053,1.60,1.00
2010.03.03 11:54:11.496,1.50525,1.50535,2.50,8.00
2010.03.03 11:54:11.655,1.50525,1.50535,2.50,1.00
2010.03.03 11:54:11.816,1.50525,1.5054,2.50,1.60
2010.03.03 11:54:11.976,1.5052,1.50535,9.00,1.00
2010.03.03 11:54:12.839,1.50515,1.5053,3.20,1.00
2010.03.03 11:54:13.501,1.50515,1.5053,1.60,1.00
2010.03.03 11:54:13.855,1.5051,1.5053,8.00,1.00
2010.03.03 11:54:14.438,1.5051,1.5053,5.60,1.00
2010.03.03 11:54:14.800,1.50505,1.50525,6.60,5.00
2010.03.03 11:54:15.159,1.505,1.50515,4.10,1.00
2010.03.03 11:54:15.862,1.505,1.5051,1.70,1.00
2010.03.03 11:54:16.091,1.505,1.50515,1.00,6.80
2010.03.03 11:54:16.322,1.505,1.5051,1.00,1.00
2010.03.03 11:54:16.768,1.50495,1.50505,1.00,1.00
2010.03.03 11:54:17.408,1.5049,1.50505,2.10,1.00
2010.03.03 11:54:17.694,1.5049,1.50505,1.60,3.00
2010.03.03 11:54:17.973,1.5049,1.5051,1.70,11.10
2010.03.03 11:54:18.746,1.5049,1.50505,2.40,1.00
2010.03.03 11:54:19.101,1.5049,1.5051,2.40,6.50
2010.03.03 11:54:19.460,1.50485,1.505,1.60,1.00
2010.03.03 11:54:20.287,1.5048,1.505,5.70,1.00
2010.03.03 11:54:20.656,1.50495,1.505,1.00,1.70
2010.03.03 11:54:21.482,1.50495,1.50515,2.60,2.60
2010.03.03 11:54:21.699,1.50505,1.5052,1.00,1.60
2010.03.03 11:54:22.508,1.505,1.5052,2.80,2.40
2010.03.03 11:54:22.867,1.50505,1.50515,2.00,1.00
2010.03.03 11:54:23.223,1.50495,1.50515,6.80,1.00
2010.03.03 11:54:23.768,1.50495,1.50515,4.80,1.00
2010.03.03 11:54:24.062,1.50495,1.50515,4.00,1.00
2010.03.03 11:54:25.147,1.50495,1.50515,5.60,1.00
2010.03.03 11:54:26.665,1.50495,1.50515,4.00,1.00
2010.03.03 11:54:26.863,1.50495,1.50515,4.00,1.10
2010.03.03 11:54:27.074,1.505,1.50515,1.00,1.00
2010.03.03 11:54:27.287,1.505,1.50515,2.40,1.00
2010.03.03 11:54:28.546,1.505,1.50515,1.60,1.00
2010.03.03 11:54:29.237,1.505,1.50515,5.60,1.00
2010.03.03 11:54:29.923,1.505,1.50515,4.00,1.00
2010.03.03 11:54:30.238,1.505,1.50515,3.20,1.00
2010.03.03 11:54:31.069,1.505,1.50515,4.80,1.00
2010.03.03 11:54:32.313,1.505,1.50515,3.20,1.00
2010.03.03 11:54:33.282,1.505,1.50515,1.60,1.00
2010.03.03 11:54:33.664,1.50495,1.50505,1.60,1.00
2010.03.03 11:54:34.305,1.5049,1.5051,5.60,3.10
2010.03.03 11:54:34.669,1.5049,1.50505,4.80,1.00
2010.03.03 11:54:35.023,1.5049,1.50505,3.20,1.00
2010.03.03 11:54:35.576,1.5049,1.50505,3.30,1.00
2010.03.03 11:54:35.916,1.5049,1.50505,6.50,1.00
2010.03.03 11:54:37.024,1.5049,1.50505,4.90,1.00
2010.03.03 11:54:37.858,1.5049,1.50505,1.70,1.00
2010.03.03 11:54:38.140,1.50485,1.50505,8.10,1.00
2010.03.03 11:54:38.668,1.50485,1.50505,5.70,1.00
2010.03.03 11:54:38.960,1.5049,1.5051,1.60,11.50
2010.03.03 11:54:39.743,1.5049,1.50505,1.60,1.00
2010.03.03 11:54:40.106,1.5049,1.50505,1.70,2.40
2010.03.03 11:54:40.375,1.50485,1.505,3.20,1.00
2010.03.03 11:54:41.180,1.50495,1.50505,1.00,1.00
2010.03.03 11:54:41.407,1.5049,1.505,1.60,1.00
2010.03.03 11:54:41.635,1.5049,1.505,1.60,1.00
2010.03.03 11:54:42.203,1.50485,1.505,2.00,1.00
2010.03.03 11:54:42.525,1.50485,1.505,1.60,1.00
2010.03.03 11:54:44.284,1.50485,1.505,3.20,1.00
2010.03.03 11:54:48.604,1.50485,1.505,1.60,1.00
2010.03.03 11:54:49.408,1.5048,1.505,7.20,1.00
2010.03.03 11:54:49.777,1.5048,1.50495,2.40,1.00
2010.03.03 11:54:50.687,1.5048,1.50495,2.40,1.00
2010.03.03 11:54:54.118,1.5047,1.50485,4.00,1.00
2010.03.03 11:54:55.242,1.5047,1.50485,4.00,1.00
2010.03.03 11:54:56.460,1.50475,1.5049,2.40,3.20
2010.03.03 11:54:58.232,1.50475,1.5049,1.00,3.20
2010.03.03 11:54:58.965,1.50475,1.5049,1.00,1.60
2010.03.03 11:55:00.042,1.50475,1.50485,2.40,1.00
2010.03.03 11:55:00.399,1.5047,1.50485,5.60,1.20
2010.03.03 11:55:01.247,1.5047,1.5048,1.00,1.00
2010.03.03 11:55:02.579,1.50465,1.50475,4.80,1.00
2010.03.03 11:55:02.886,1.5046,1.50475,4.00,2.00
2010.03.03 11:55:03.198,1.5046,1.50475,4.00,4.00
2010.03.03 11:55:03.735,1.5046,1.50475,4.00,2.40
2010.03.03 11:55:04.085,1.5046,1.50475,1.00,6.90
2010.03.03 11:55:04.946,1.5046,1.50475,1.00,5.10
2010.03.03 11:55:05.452,1.5046,1.50475,4.00,2.90
2010.03.03 11:55:06.023,1.5046,1.50475,4.00,3.30
2010.03.03 11:55:06.375,1.5046,1.50475,6.40,2.40
2010.03.03 11:55:06.711,1.5046,1.50475,6.40,1.00
2010.03.03 11:55:07.842,1.5046,1.50475,6.40,1.00
2010.03.03 11:55:08.208,1.5046,1.50475,4.00,1.00
2010.03.03 11:55:08.657,1.5046,1.50475,4.00,1.00
2010.03.03 11:55:09.272,1.5046,1.5048,3.20,2.40
2010.03.03 11:55:10.796,1.5046,1.50475,3.20,2.30
2010.03.03 11:55:11.159,1.50455,1.50475,1.60,7.50
2010.03.03 11:55:11.520,1.50455,1.50475,1.60,7.70
2010.03.03 11:55:11.657,1.5045,1.50465,14.40,1.00
2010.03.03 11:55:11.785,1.5045,1.50465,5.60,1.00
2010.03.03 11:55:12.480,1.50445,1.50465,1.60,1.40
2010.03.03 11:55:12.622,1.50445,1.50465,1.60,4.70
2010.03.03 11:55:13.470,1.5044,1.50465,11.20,3.90
2010.03.03 11:55:13.840,1.5045,1.50465,5.60,1.00
2010.03.03 11:55:17.428,1.5045,1.50465,3.20,1.00
2010.03.03 11:55:17.748,1.5045,1.50465,5.60,1.00
2010.03.03 11:55:18.798,1.5045,1.50465,5.60,1.00
2010.03.03 11:55:22.233,1.5045,1.50465,8.10,1.00
2010.03.03 11:55:22.474,1.5045,1.50465,10.90,1.00
2010.03.03 11:55:22.709,1.5045,1.50465,10.90,1.00
2010.03.03 11:55:22.950,1.50455,1.50465,1.60,1.00
2010.03.03 11:55:24.036,1.50455,1.50475,1.60,8.10
2010.03.03 11:55:25.338,1.50455,1.50475,1.60,8.00
2010.03.03 11:55:25.596,1.50455,1.50475,1.60,7.60
2010.03.03 11:55:31.664,1.50455,1.50475,1.60,7.80
2010.03.03 11:55:31.963,1.50455,1.50475,1.60,8.20
2010.03.03 11:55:33.653,1.50455,1.50475,1.60,8.30
2010.03.03 11:55:33.829,1.50455,1.50475,1.60,9.70
2010.03.03 11:55:35.963,1.50455,1.50475,1.60,8.90
2010.03.03 11:55:36.254,1.50455,1.50475,1.60,9.20
2010.03.03 11:55:36.972,1.50455,1.50475,1.60,9.00
2010.03.03 11:55:37.620,1.5045,1.50475,13.70,10.60
2010.03.03 11:55:37.915,1.5045,1.5047,4.00,1.00
2010.03.03 11:55:38.212,1.5045,1.5047,3.20,1.00
2010.03.03 11:55:38.501,1.5045,1.50475,3.20,19.00
2010.03.03 11:55:39.403,1.5045,1.50465,3.20,1.00
2010.03.03 11:55:39.671,1.5045,1.5047,3.20,2.50
2010.03.03 11:55:40.452,1.5045,1.50455,1.60,1.20
2010.03.03 11:55:40.820,1.50435,1.50455,1.00,10.20
2010.03.03 11:55:41.507,1.5044,1.50455,1.00,7.30
2010.03.03 11:55:41.726,1.50435,1.50455,1.00,7.40
2010.03.03 11:55:41.937,1.50435,1.50455,1.00,7.20
2010.03.03 11:55:43.585,1.50435,1.50455,2.40,6.50
2010.03.03 11:55:43.933,1.5043,1.5045,2.40,1.00
2010.03.03 11:55:44.597,1.5043,1.50455,4.00,10.90
2010.03.03 11:55:44.920,1.5043,1.50445,1.00,1.00
2010.03.03 11:55:45.234,1.50425,1.50445,5.60,1.00
2010.03.03 11:55:45.554,1.5043,1.50445,1.00,1.00
2010.03.03 11:55:46.333,1.50445,1.5045,2.40,3.20
2010.03.03 11:55:46.684,1.5046,1.5047,1.00,1.60
2010.03.03 11:55:47.521,1.5046,1.50465,1.00,1.60
2010.03.03 11:55:47.870,1.5046,1.5047,1.00,1.70
2010.03.03 11:55:50.385,1.5046,1.50465,1.00,1.00
2010.03.03 11:55:51.459,1.5046,1.50475,1.00,2.40
2010.03.03 11:55:52.351,1.5046,1.5047,1.00,1.00
2010.03.03 11:55:52.721,1.5046,1.50475,1.00,1.60
2010.03.03 11:55:53.264,1.5046,1.50475,1.00,3.20
2010.03.03 11:55:53.549,1.50455,1.5047,3.50,1.00
2010.03.03 11:55:53.834,1.50455,1.5047,2.70,1.00
2010.03.03 11:55:54.393,1.50455,1.5047,2.70,2.50
2010.03.03 11:55:55.006,1.5046,1.5047,1.00,1.70
2010.03.03 11:55:55.378,1.50455,1.5047,2.30,1.70
2010.03.03 11:55:56.142,1.5045,1.50465,2.00,2.40
2010.03.03 11:55:56.425,1.50445,1.5046,2.40,1.00
2010.03.03 11:55:56.636,1.5044,1.5046,2.80,6.50
2010.03.03 11:55:57.201,1.5044,1.5046,2.80,6.70
2010.03.03 11:55:57.419,1.5044,1.50455,1.00,1.00
2010.03.03 11:55:58.349,1.5044,1.5046,1.00,8.40
2010.03.03 11:55:58.709,1.5044,1.5046,1.00,9.10
2010.03.03 11:55:59.376,1.5044,1.5046,1.00,8.40
2010.03.03 11:55:59.729,1.5044,1.5046,1.00,9.10
2010.03.03 11:56:01.040,1.50435,1.50455,2.40,4.30
2010.03.03 11:56:02.016,1.50435,1.5045,1.60,1.00
2010.03.03 11:56:02.591,1.5043,1.5045,4.00,1.00
2010.03.03 11:56:03.141,1.5043,1.5045,4.00,1.00
2010.03.03 11:56:03.498,1.5043,1.5045,2.40,2.50
2010.03.03 11:56:04.640,1.5043,1.5045,9.30,2.40
2010.03.03 11:56:05.492,1.5043,1.5045,2.40,2.40
2010.03.03 11:56:05.849,1.50435,1.5045,1.00,4.20
2010.03.03 11:56:06.208,1.50435,1.5045,1.00,3.20
2010.03.03 11:56:07.204,1.50435,1.50455,1.00,4.00
2010.03.03 11:56:08.860,1.50435,1.50455,1.00,2.40
2010.03.03 11:56:09.028,1.5043,1.50455,14.90,4.00
2010.03.03 11:56:09.205,1.5044,1.50455,1.00,3.20
2010.03.03 11:56:09.382,1.5044,1.50455,1.00,1.60
2010.03.03 11:56:09.720,1.50445,1.5046,1.00,3.30
2010.03.03 11:56:10.337,1.50445,1.5046,1.00,4.90
2010.03.03 11:56:10.670,1.50445,1.5046,1.00,3.30
2010.03.03 11:56:11.461,1.5044,1.5046,2.80,1.00
2010.03.03 11:56:11.757,1.5045,1.5046,1.00,1.00
2010.03.03 11:56:15.901,1.5045,1.50465,1.00,3.30
2010.03.03 11:56:16.187,1.5045,1.50465,1.00,1.70
2010.03.03 11:56:18.294,1.5045,1.5046,1.00,1.00
2010.03.03 11:56:19.079,1.5045,1.50465,1.00,1.70
2010.03.03 11:56:19.240,1.5045,1.50465,1.00,3.30
2010.03.03 11:56:19.595,1.5045,1.5046,1.00,1.00
2010.03.03 11:56:20.831,1.50445,1.5046,1.00,1.00
2010.03.03 11:56:22.415,1.5045,1.5046,1.00,1.00
2010.03.03 11:56:22.957,1.5045,1.50465,1.00,1.70
2010.03.03 11:56:23.307,1.5045,1.50465,1.00,1.00
2010.03.03 11:56:24.218,1.5045,1.5047,2.40,2.50
2010.03.03 11:56:25.164,1.5045,1.5047,6.00,1.00
2010.03.03 11:56:25.476,1.50455,1.5047,1.00,1.00
2010.03.03 11:56:26.872,1.5046,1.5047,1.00,1.00
2010.03.03 11:56:31.058,1.5046,1.50475,1.00,1.00
2010.03.03 11:56:35.065,1.5046,1.50475,1.00,1.70
2010.03.03 11:56:37.612,1.50455,1.50465,1.60,1.00
2010.03.03 11:56:37.646,1.50455,1.5047,1.00,1.80
2010.03.03 11:56:38.003,1.5046,1.5047,1.00,1.60
2010.03.03 11:56:38.755,1.50455,1.5047,4.40,1.70
2010.03.03 11:56:38.922,1.50455,1.5047,1.00,1.70
2010.03.03 11:56:39.087,1.50455,1.5047,1.00,2.00
2010.03.03 11:56:39.243,1.50455,1.5047,1.00,2.70
2010.03.03 11:56:39.773,1.50455,1.5047,1.00,2.50
2010.03.03 11:56:39.943,1.5045,1.5047,4.00,2.50
2010.03.03 11:56:41.680,1.5045,1.5047,4.00,4.90
2010.03.03 11:56:41.852,1.5045,1.5047,2.40,4.90
2010.03.03 11:56:42.021,1.5045,1.5047,2.40,5.90
2010.03.03 11:56:43.028,1.5045,1.50465,2.40,1.00
2010.03.03 11:56:44.211,1.5045,1.5047,2.40,2.50
2010.03.03 11:56:44.474,1.5045,1.5047,4.00,1.00
2010.03.03 11:56:44.824,1.5045,1.5047,4.00,2.50
2010.03.03 11:56:45.635,1.5045,1.5047,4.00,1.00
2010.03.03 11:56:47.149,1.5045,1.5047,4.80,1.00
2010.03.03 11:56:47.712,1.5045,1.5047,4.90,1.00
2010.03.03 11:56:47.941,1.50455,1.5047,1.00,1.00
2010.03.03 11:56:48.164,1.50455,1.50475,1.00,5.70
2010.03.03 11:56:49.619,1.5046,1.50475,1.00,1.00
2010.03.03 11:56:49.974,1.5046,1.5047,1.00,1.00
2010.03.03 11:56:50.264,1.5046,1.50475,1.00,1.70
2010.03.03 11:56:50.984,1.50455,1.5047,3.20,1.00
2010.03.03 11:56:51.210,1.50455,1.50475,4.40,2.50
2010.03.03 11:56:52.072,1.50455,1.5047,3.60,1.00
2010.03.03 11:56:52.293,1.5046,1.5047,1.00,1.00
2010.03.03 11:56:53.531,1.5046,1.50475,1.60,1.00
2010.03.03 11:56:53.771,1.5046,1.50475,1.00,1.00
2010.03.03 11:56:55.596,1.50465,1.5048,1.00,4.10
2010.03.03 11:56:55.882,1.5046,1.50475,1.00,1.00
2010.03.03 11:56:56.094,1.5046,1.50475,1.00,1.70
2010.03.03 11:56:56.314,1.5046,1.50475,1.00,3.30
2010.03.03 11:56:57.840,1.50465,1.5048,1.00,4.10
2010.03.03 11:56:58.008,1.50465,1.5048,1.20,3.30
2010.03.03 11:56:58.359,1.50465,1.5048,1.20,1.70
2010.03.03 11:56:59.191,1.50465,1.5048,1.00,1.70
2010.03.03 11:57:02.156,1.50465,1.50475,1.00,1.70
2010.03.03 11:57:14.736,1.5046,1.50475,1.00,2.50
2010.03.03 11:57:16.274,1.5046,1.5047,1.00,1.00
2010.03.03 11:57:17.560,1.5046,1.50465,1.00,1.00
2010.03.03 11:57:18.089,1.5046,1.50465,1.00,1.00
2010.03.03 11:57:22.153,1.5046,1.50465,1.00,1.00
2010.03.03 11:57:22.293,1.5046,1.50475,1.00,2.30
2010.03.03 11:57:22.322,1.5046,1.50475,1.00,1.00
2010.03.03 11:57:23.837,1.5046,1.50475,1.00,1.00
2010.03.03 11:57:25.244,1.5046,1.5047,1.00,1.00
2010.03.03 11:57:26.469,1.5046,1.50475,2.40,1.00
2010.03.03 11:57:28.706,1.5046,1.50475,2.40,1.00
2010.03.03 11:57:29.478,1.5046,1.50475,1.60,1.00
2010.03.03 11:57:30.091,1.5046,1.5048,1.60,6.50
2010.03.03 11:57:30.444,1.5046,1.50475,1.60,1.00
2010.03.03 11:57:33.303,1.5046,1.5048,1.60,11.30
2010.03.03 11:57:33.501,1.5046,1.5048,1.60,8.90
2010.03.03 11:57:37.194,1.5046,1.5048,1.60,6.50
2010.03.03 11:57:38.754,1.5046,1.5048,1.60,8.90
2010.03.03 11:57:46.233,1.5046,1.5048,1.60,9.60
2010.03.03 11:57:48.630,1.5046,1.50475,1.60,5.70
2010.03.03 11:57:48.776,1.50455,1.5047,3.20,1.00
2010.03.03 11:57:49.528,1.50455,1.5047,1.60,1.00
2010.03.03 11:57:50.398,1.50455,1.5047,1.60,1.00
2010.03.03 11:57:52.244,1.50455,1.50475,1.60,11.70
2010.03.03 11:57:52.353,1.50455,1.50475,3.20,9.30
2010.03.03 11:57:52.572,1.50455,1.50475,5.60,8.50
2010.03.03 11:57:52.682,1.50455,1.50475,5.60,8.30
2010.03.03 11:57:53.768,1.50455,1.50475,5.60,6.70
2010.03.03 11:57:57.453,1.50455,1.5047,5.60,1.00
2010.03.03 11:57:58.355,1.50455,1.50475,5.60,8.50
2010.03.03 11:57:59.043,1.50455,1.50475,5.60,8.30
2010.03.03 11:57:59.351,1.50455,1.50475,5.60,8.30
2010.03.03 11:57:59.889,1.50455,1.50475,5.60,8.10
2010.03.03 11:58:00.822,1.5046,1.50475,1.00,8.50
2010.03.03 11:58:02.149,1.5046,1.50475,1.00,8.40
2010.03.03 11:58:03.070,1.5046,1.50475,1.00,6.60
2010.03.03 11:58:03.429,1.50465,1.50485,1.00,7.20
2010.03.03 11:58:04.081,1.50465,1.50485,2.40,7.00
2010.03.03 11:58:04.297,1.5046,1.5048,2.40,7.10
2010.03.03 11:58:05.286,1.50465,1.50485,1.00,4.60
2010.03.03 11:58:05.881,1.50465,1.50485,2.40,4.60
2010.03.03 11:58:11.183,1.50465,1.50485,2.40,8.60
2010.03.03 11:58:12.784,1.50465,1.5048,1.00,1.60
2010.03.03 11:58:13.574,1.5046,1.5047,1.60,1.00
2010.03.03 11:58:13.909,1.50455,1.5047,3.20,1.00
2010.03.03 11:58:14.768,1.50455,1.5047,3.20,1.00
2010.03.03 11:58:15.061,1.5046,1.5047,1.00,1.00
2010.03.03 11:58:15.399,1.50465,1.50485,2.40,5.10
2010.03.03 11:58:15.914,1.50465,1.50485,4.00,5.10
2010.03.03 11:58:16.260,1.5047,1.50485,6.00,1.60
2010.03.03 11:58:16.579,1.50475,1.5049,1.00,3.30
2010.03.03 11:58:19.215,1.50475,1.5049,1.00,2.50
2010.03.03 11:58:19.811,1.5047,1.5049,4.40,3.30
2010.03.03 11:58:19.980,1.5047,1.5049,4.00,3.10
2010.03.03 11:58:21.852,1.50465,1.50485,2.40,3.10
2010.03.03 11:58:22.067,1.50465,1.50485,2.40,4.80
2010.03.03 11:58:22.273,1.5046,1.5048,4.40,4.00
2010.03.03 11:58:22.961,1.5046,1.5048,4.00,4.00
2010.03.03 11:58:23.313,1.5046,1.5048,2.40,7.40
2010.03.03 11:58:24.019,1.5046,1.5048,2.40,4.20
2010.03.03 11:58:26.527,1.50465,1.5048,1.60,2.60
2010.03.03 11:58:26.718,1.50465,1.5048,1.60,1.00
2010.03.03 11:58:27.887,1.50465,1.5048,3.20,1.00
2010.03.03 11:58:28.841,1.5047,1.5049,5.60,2.40
2010.03.03 11:58:29.594,1.5047,1.5049,5.60,1.00
2010.03.03 11:58:29.961,1.5047,1.5049,4.00,4.10
2010.03.03 11:58:30.332,1.5047,1.5049,1.00,8.70
2010.03.03 11:58:31.547,1.5047,1.50485,1.00,1.00
2010.03.03 11:58:32.049,1.5047,1.50485,1.00,1.00
2010.03.03 11:58:32.128,1.5047,1.50485,1.00,1.90
2010.03.03 11:58:37.363,1.5047,1.50485,1.00,3.50
2010.03.03 11:58:37.582,1.5047,1.5048,1.00,1.60
2010.03.03 11:58:41.221,1.5047,1.5048,1.00,2.30
2010.03.03 11:58:42.143,1.5047,1.50485,1.00,1.90
2010.03.03 11:58:42.252,1.5048,1.5049,1.00,3.20
2010.03.03 11:58:42.344,1.5048,1.5049,1.00,1.60
2010.03.03 11:58:43.535,1.5048,1.50485,1.00,1.00
2010.03.03 11:58:43.898,1.50475,1.5049,1.00,1.70
2010.03.03 11:58:44.542,1.5047,1.5049,7.60,4.10
2010.03.03 11:58:44.777,1.5047,1.50485,1.00,2.50
2010.03.03 11:58:46.045,1.5047,1.50485,1.00,1.70
2010.03.03 11:58:46.937,1.5047,1.5048,1.00,2.30
2010.03.03 11:58:47.122,1.5047,1.50485,1.00,1.70
2010.03.03 11:58:49.562,1.5047,1.50485,1.00,4.80
2010.03.03 11:58:49.858,1.5047,1.50485,1.00,2.80
2010.03.03 11:58:51.069,1.5047,1.50485,1.00,6.70
2010.03.03 11:58:51.389,1.5046,1.5048,3.20,2.60
2010.03.03 11:58:52.232,1.5046,1.5048,4.00,2.40
2010.03.03 11:58:52.465,1.5046,1.50475,1.00,1.90
2010.03.03 11:58:53.341,1.5046,1.50475,1.00,1.70
2010.03.03 11:58:54.808,1.5046,1.5048,1.00,7.30
2010.03.03 11:58:55.026,1.5046,1.50475,4.00,1.00
2010.03.03 11:58:55.600,1.5046,1.50475,2.40,1.00
2010.03.03 11:58:55.955,1.5046,1.50475,2.40,2.90
2010.03.03 11:58:56.314,1.5046,1.50475,2.40,3.00
2010.03.03 11:58:58.276,1.5046,1.50475,2.40,2.80
2010.03.03 11:58:58.496,1.5046,1.50475,2.40,2.60
2010.03.03 11:58:58.718,1.5046,1.50475,2.40,4.20
2010.03.03 11:59:00.378,1.5046,1.50475,2.40,4.40
2010.03.03 11:59:02.897,1.5046,1.50475,2.40,2.80
2010.03.03 11:59:03.151,1.5046,1.5048,2.40,4.10
2010.03.03 11:59:03.409,1.5046,1.50475,2.40,1.00
2010.03.03 11:59:04.264,1.5046,1.50475,1.00,2.40
2010.03.03 11:59:05.616,1.5046,1.50475,1.00,2.20
2010.03.03 11:59:06.516,1.5046,1.50475,1.00,3.80
2010.03.03 11:59:06.704,1.5046,1.50475,1.00,4.00
2010.03.03 11:59:07.082,1.5046,1.50475,1.00,1.70
2010.03.03 11:59:07.672,1.5046,1.5048,2.40,2.60
2010.03.03 11:59:07.792,1.5046,1.50475,2.40,1.60
2010.03.03 11:59:11.195,1.5046,1.50475,1.00,1.60
2010.03.03 11:59:11.498,1.5046,1.5048,1.00,6.50
2010.03.03 11:59:11.793,1.5046,1.5048,2.40,4.20
2010.03.03 11:59:12.618,1.5046,1.50485,2.40,14.10
2010.03.03 11:59:13.517,1.5046,1.5048,2.40,4.20
2010.03.03 11:59:13.729,1.5046,1.50475,2.40,1.60
2010.03.03 11:59:15.430,1.5046,1.50475,1.00,1.60
2010.03.03 11:59:15.795,1.5046,1.50475,3.60,1.60
2010.03.03 11:59:15.990,1.5046,1.5048,4.00,6.30
2010.03.03 11:59:16.180,1.5046,1.5048,1.00,5.00
2010.03.03 11:59:17.110,1.5046,1.5048,1.00,4.70
2010.03.03 11:59:17.385,1.5046,1.5048,1.00,5.00
2010.03.03 11:59:18.226,1.5046,1.5048,1.00,4.70
2010.03.03 11:59:20.728,1.5046,1.50475,1.00,1.60
2010.03.03 11:59:20.929,1.5046,1.5048,2.40,4.00
2010.03.03 11:59:23.121,1.5046,1.5048,2.40,4.70
2010.03.03 11:59:23.322,1.5046,1.5048,1.00,4.00
2010.03.03 11:59:29.922,1.50465,1.5048,1.00,5.70
2010.03.03 11:59:30.497,1.50465,1.5048,1.00,8.10
2010.03.03 11:59:32.052,1.50465,1.50475,1.00,4.70
2010.03.03 11:59:32.123,1.50465,1.5048,1.00,1.60
2010.03.03 11:59:32.666,1.5046,1.50475,6.00,1.60
2010.03.03 11:59:32.748,1.50465,1.5048,2.40,1.60
2010.03.03 11:59:33.445,1.50465,1.50485,2.40,6.50
2010.03.03 11:59:33.822,1.50475,1.5049,1.00,3.20
2010.03.03 11:59:34.675,1.5047,1.5049,2.80,3.20
2010.03.03 11:59:34.966,1.50475,1.5049,1.70,4.00
2010.03.03 11:59:35.262,1.50475,1.5049,1.00,4.00
2010.03.03 11:59:35.834,1.5047,1.5049,1.60,4.00
2010.03.03 11:59:36.531,1.5047,1.5049,1.60,3.90
2010.03.03 11:59:37.340,1.50475,1.5049,1.00,1.00
2010.03.03 11:59:37.486,1.5048,1.505,4.40,3.20
2010.03.03 11:59:38.117,1.50475,1.505,12.80,3.20
2010.03.03 11:59:38.250,1.50475,1.50495,8.30,1.60
2010.03.03 11:59:38.385,1.50475,1.50495,9.10,1.60
2010.03.03 11:59:38.904,1.50475,1.50495,10.70,1.60
2010.03.03 11:59:39.259,1.50475,1.505,12.80,1.60
2010.03.03 11:59:40.252,1.50475,1.505,12.40,1.60
2010.03.03 11:59:40.605,1.50475,1.505,12.30,1.60
2010.03.03 11:59:41.494,1.50475,1.505,12.00,1.60
2010.03.03 11:59:41.637,1.50475,1.505,12.20,1.60
2010.03.03 11:59:42.826,1.50475,1.505,11.80,3.20
2010.03.03 11:59:43.398,1.50475,1.505,11.60,3.20
2010.03.03 11:59:43.660,1.50475,1.505,11.50,3.20
2010.03.03 11:59:44.690,1.50475,1.505,8.60,3.30
2010.03.03 11:59:45.535,1.5048,1.50505,4.80,10.90
2010.03.03 11:59:45.900,1.5048,1.50505,3.20,7.30
2010.03.03 11:59:46.802,1.5048,1.505,1.60,1.60
2010.03.03 11:59:47.737,1.5048,1.505,1.60,1.80
2010.03.03 11:59:48.742,1.505,1.5051,2.40,2.40
2010.03.03 11:59:49.100,1.50515,1.50525,1.00,3.10
2010.03.03 11:59:49.396,1.5051,1.50525,3.60,1.00
2010.03.03 11:59:50.163,1.5051,1.5053,3.20,1.60
2010.03.03 11:59:50.408,1.50515,1.50525,1.00,1.60
2010.03.03 11:59:50.651,1.5051,1.50525,2.10,1.60
2010.03.03 11:59:51.847,1.50505,1.50525,4.10,1.60
2010.03.03 11:59:52.084,1.50505,1.50525,3.70,1.60
2010.03.03 11:59:52.726,1.50505,1.50525,4.50,1.60
2010.03.03 11:59:53.058,1.50505,1.50525,4.80,1.60
2010.03.03 11:59:53.381,1.50505,1.50525,5.30,1.60
2010.03.03 11:59:54.531,1.50505,1.50525,6.40,1.60
2010.03.03 11:59:54.889,1.50505,1.5053,6.40,8.70
2010.03.03 11:59:55.445,1.50505,1.50525,6.40,1.60
2010.03.03 11:59:55.758,1.50505,1.50525,1.60,4.80
2010.03.03 11:59:56.881,1.50505,1.50525,2.10,4.80
2010.03.03 11:59:57.242,1.505,1.5052,4.20,1.60
2010.03.03 11:59:57.808,1.505,1.5052,3.40,1.60
2010.03.03 11:59:57.980,1.505,1.5052,3.20,1.60
2010.03.03 11:59:59.142,1.505,1.5052,1.60,1.60
