2009.12.18 21:00:00.324,1.614,1.6143,5.60,1.00
2009.12.18 21:00:00.674,1.61405,1.6144,1.00,2.40
2009.12.18 21:00:01.014,1.61405,1.61435,2.50,1.60
2009.12.18 21:00:01.253,1.61405,1.6144,2.50,2.40
2009.12.18 21:00:01.434,1.61405,1.6144,3.30,2.40
2009.12.18 21:00:01.903,1.6141,1.6144,1.00,2.40
2009.12.18 21:00:02.243,1.61405,1.6144,3.30,4.00
2009.12.18 21:00:02.573,1.61405,1.6144,3.30,3.60
2009.12.18 21:00:02.853,1.61395,1.6143,3.30,1.00
2009.12.18 21:00:03.143,1.61395,1.6143,3.30,1.60
2009.12.18 21:00:03.373,1.61395,1.6143,3.30,1.00
2009.12.18 21:00:03.653,1.61395,1.6143,3.30,1.60
2009.12.18 21:00:03.893,1.614,1.6143,1.00,1.60
2009.12.18 21:00:04.233,1.614,1.6143,1.00,1.60
2009.12.18 21:00:04.593,1.614,1.6143,3.30,1.00
2009.12.18 21:00:04.933,1.614,1.61435,3.10,4.00
2009.12.18 21:00:05.332,1.614,1.61435,1.00,4.80
2009.12.18 21:00:05.672,1.61395,1.61435,4.00,4.80
2009.12.18 21:00:07.822,1.61395,1.61435,4.00,4.90
2009.12.18 21:00:09.282,1.614,1.6143,1.00,1.60
2009.12.18 21:00:14.480,1.61395,1.61425,3.10,1.00
2009.12.18 21:00:14.880,1.614,1.6144,1.00,1.70
2009.12.18 21:00:15.220,1.614,1.61435,1.00,1.00
2009.12.18 21:00:16.310,1.614,1.61435,1.50,1.60
2009.12.18 21:00:16.600,1.614,1.61435,1.00,2.40
2009.12.18 21:00:16.940,1.61395,1.61425,1.00,1.60
2009.12.18 21:00:17.279,1.6139,1.61425,1.00,1.60
2009.12.18 21:00:17.640,1.6139,1.61425,1.00,1.70
2009.12.18 21:00:19.009,1.61395,1.6143,1.00,2.40
2009.12.18 21:00:19.699,1.61395,1.61425,1.00,1.00
2009.12.18 21:00:20.059,1.61395,1.6143,1.00,2.40
2009.12.18 21:00:20.749,1.61395,1.6143,1.50,2.40
2009.12.18 21:00:21.049,1.61395,1.6143,1.60,2.40
2009.12.18 21:00:21.399,1.61395,1.6143,1.70,2.40
2009.12.18 21:00:21.698,1.61395,1.6143,1.70,1.00
2009.12.18 21:00:21.868,1.61395,1.6143,2.40,1.60
2009.12.18 21:00:22.208,1.61395,1.6143,1.60,2.40
2009.12.18 21:00:22.548,1.61395,1.61425,1.00,1.00
2009.12.18 21:00:23.828,1.61395,1.61425,1.00,1.00
2009.12.18 21:00:27.367,1.61395,1.61425,1.00,1.00
2009.12.18 21:00:27.597,1.61395,1.6143,1.00,2.40
2009.12.18 21:00:27.957,1.61395,1.6143,1.70,2.40
2009.12.18 21:00:28.877,1.61395,1.6143,4.00,2.40
2009.12.18 21:00:29.447,1.61395,1.6143,2.40,1.60
2009.12.18 21:00:29.737,1.61395,1.61425,1.00,1.00
2009.12.18 21:00:31.676,1.6139,1.61425,2.30,1.00
2009.12.18 21:00:32.006,1.6139,1.61425,1.00,1.00
2009.12.18 21:00:32.756,1.6139,1.61425,1.00,1.00
2009.12.18 21:00:33.965,1.6139,1.6142,1.00,1.00
2009.12.18 21:00:42.214,1.6139,1.61425,1.00,1.00
2009.12.18 21:00:42.673,1.6139,1.61425,1.50,1.00
2009.12.18 21:00:48.082,1.614,1.61425,1.00,1.00
2009.12.18 21:00:48.312,1.614,1.6144,2.30,1.70
2009.12.18 21:00:48.492,1.614,1.6144,1.50,1.70
2009.12.18 21:00:49.762,1.614,1.6144,1.50,1.00
2009.12.18 21:00:50.101,1.61405,1.6144,1.00,1.00
2009.12.18 21:01:00.069,1.61405,1.61435,1.00,1.00
2009.12.18 21:01:03.448,1.61405,1.6143,1.00,1.00
2009.12.18 21:01:05.748,1.61405,1.61435,1.00,1.00
2009.12.18 21:01:08.357,1.61405,1.6144,1.00,3.90
2009.12.18 21:01:08.647,1.61405,1.6144,1.00,1.60
2009.12.18 21:01:08.807,1.61405,1.6144,1.00,1.00
2009.12.18 21:01:10.897,1.61405,1.6144,1.00,1.00
2009.12.18 21:01:12.036,1.6141,1.61445,1.00,2.50
2009.12.18 21:01:23.284,1.614,1.6144,3.30,1.00
2009.12.18 21:01:23.633,1.614,1.61435,1.00,1.60
2009.12.18 21:01:23.853,1.61395,1.61435,4.00,3.20
2009.12.18 21:01:24.073,1.61395,1.61435,4.00,4.00
2009.12.18 21:01:24.303,1.61395,1.6143,4.00,1.00
2009.12.18 21:01:25.753,1.61395,1.6143,3.30,1.00
2009.12.18 21:01:26.093,1.61395,1.6143,4.00,1.00
2009.12.18 21:01:35.291,1.61395,1.6143,3.30,1.00
2009.12.18 21:01:35.521,1.61395,1.6143,4.00,1.00
2009.12.18 21:01:48.478,1.614,1.61435,1.00,3.20
2009.12.18 21:01:49.237,1.614,1.61435,1.00,1.60
2009.12.18 21:01:50.157,1.614,1.61435,1.00,1.00
2009.12.18 21:01:50.447,1.614,1.61435,1.00,1.60
2009.12.18 21:01:51.117,1.614,1.61435,2.40,1.60
2009.12.18 21:01:51.407,1.614,1.61435,3.20,1.60
2009.12.18 21:01:52.407,1.614,1.61435,3.20,1.00
2009.12.18 21:01:55.336,1.614,1.61435,2.50,1.00
2009.12.18 21:02:04.224,1.614,1.61425,2.50,1.60
2009.12.18 21:02:04.514,1.614,1.61425,1.60,3.20
2009.12.18 21:02:04.794,1.6139,1.6142,3.30,1.00
2009.12.18 21:02:40.386,1.6139,1.6142,2.40,1.00
2009.12.18 21:02:40.725,1.61385,1.6142,3.30,1.60
2009.12.18 21:02:41.065,1.61385,1.6142,3.30,1.00
2009.12.18 21:02:41.415,1.61385,1.6142,3.30,1.60
2009.12.18 21:02:42.645,1.6139,1.6142,1.00,1.60
2009.12.18 21:02:44.354,1.6139,1.6142,1.00,1.60
2009.12.18 21:02:44.764,1.6139,1.6142,1.00,2.30
2009.12.18 21:02:44.944,1.6139,1.61425,2.50,7.10
2009.12.18 21:02:46.154,1.6139,1.6142,2.50,1.00
2009.12.18 21:02:48.863,1.6139,1.6142,1.70,1.00
2009.12.18 21:02:49.133,1.6139,1.6142,1.00,2.30
2009.12.18 21:02:49.433,1.6139,1.6142,1.00,1.60
2009.12.18 21:02:56.051,1.6139,1.6142,1.00,2.40
2009.12.18 21:02:57.081,1.61385,1.6142,3.30,2.30
2009.12.18 21:02:57.361,1.61385,1.6142,3.30,2.40
2009.12.18 21:02:58.800,1.61385,1.61415,3.30,1.00
2009.12.18 21:02:59.430,1.61385,1.6142,3.30,1.60
2009.12.18 21:02:59.720,1.6139,1.6142,1.00,1.60
2009.12.18 21:03:00.630,1.61385,1.6142,3.30,1.60
2009.12.18 21:03:01.800,1.61385,1.6142,3.30,3.20
2009.12.18 21:03:02.080,1.61385,1.6142,3.30,4.00
2009.12.18 21:03:02.320,1.61385,1.6142,3.30,1.60
2009.12.18 21:03:06.959,1.61385,1.6142,3.20,1.60
2009.12.18 21:03:07.289,1.61385,1.61415,2.40,1.60
2009.12.18 21:03:07.589,1.61385,1.61415,1.00,3.80
2009.12.18 21:03:09.828,1.61385,1.61415,1.00,3.20
2009.12.18 21:03:09.998,1.61385,1.61415,1.00,4.00
2009.12.18 21:03:11.448,1.61385,1.61415,1.00,3.30
2009.12.18 21:03:11.618,1.61385,1.61415,1.00,2.40
2009.12.18 21:03:11.727,1.61385,1.61415,1.00,4.00
2009.12.18 21:03:11.898,1.61385,1.61415,1.00,2.40
2009.12.18 21:03:12.357,1.61385,1.61415,1.00,1.60
2009.12.18 21:03:14.397,1.61385,1.6142,1.00,2.40
2009.12.18 21:03:14.637,1.61385,1.61415,1.00,1.00
2009.12.18 21:03:15.887,1.61385,1.61415,1.00,2.40
2009.12.18 21:03:16.247,1.61385,1.61415,1.00,1.60
2009.12.18 21:03:21.995,1.61385,1.61415,1.00,1.00
2009.12.18 21:03:22.275,1.61385,1.6142,1.00,2.50
2009.12.18 21:03:32.243,1.61385,1.6142,1.00,2.40
2009.12.18 21:03:32.812,1.61385,1.61415,1.00,1.60
2009.12.18 21:03:33.152,1.61385,1.61415,1.00,3.20
2009.12.18 21:03:33.452,1.61385,1.61415,1.00,3.10
2009.12.18 21:03:36.362,1.6139,1.61415,1.60,1.50
2009.12.18 21:03:36.592,1.61395,1.61435,1.00,1.00
2009.12.18 21:03:37.041,1.61395,1.61435,1.00,1.00
2009.12.18 21:03:37.261,1.61395,1.61435,1.60,1.00
2009.12.18 21:03:37.561,1.61395,1.61435,1.60,1.00
2009.12.18 21:03:37.961,1.614,1.61435,1.00,1.00
2009.12.18 21:03:38.831,1.614,1.61435,1.70,1.00
2009.12.18 21:03:39.001,1.61405,1.61435,1.00,1.00
2009.12.18 21:03:40.950,1.61405,1.61435,1.70,1.00
2009.12.18 21:03:41.240,1.61405,1.61435,2.50,1.00
2009.12.18 21:03:51.108,1.61405,1.6144,2.50,1.00
2009.12.18 21:03:51.388,1.6141,1.6144,1.00,1.00
2009.12.18 21:03:51.628,1.6141,1.6144,1.00,1.00
2009.12.18 21:03:51.918,1.6141,1.61445,1.00,3.10
2009.12.18 21:03:52.198,1.6141,1.61445,1.00,2.30
2009.12.18 21:03:52.548,1.6141,1.61445,1.00,2.40
2009.12.18 21:04:02.685,1.6141,1.6144,1.00,1.00
2009.12.18 21:04:03.365,1.6141,1.61425,1.00,1.00
2009.12.18 21:04:03.585,1.6141,1.61425,1.70,1.00
2009.12.18 21:04:03.935,1.61415,1.61435,1.00,1.00
2009.12.18 21:04:17.182,1.61415,1.6144,1.00,1.00
2009.12.18 21:04:21.971,1.6141,1.61445,1.70,2.40
2009.12.18 21:04:22.200,1.6141,1.61445,1.00,2.40
2009.12.18 21:04:22.490,1.6141,1.6144,1.00,1.00
2009.12.18 21:04:23.970,1.6141,1.61445,1.00,2.30
2009.12.18 21:04:24.881,1.6141,1.61445,1.00,2.30
2009.12.18 21:04:27.069,1.6141,1.61445,2.50,2.30
2009.12.18 21:04:28.379,1.6141,1.61445,1.00,1.00
2009.12.18 21:04:28.719,1.6141,1.61445,1.00,2.30
2009.12.18 21:04:29.059,1.6141,1.61445,1.00,2.40
2009.12.18 21:04:29.519,1.6141,1.61445,1.00,1.60
2009.12.18 21:04:29.749,1.6141,1.61445,1.00,2.40
2009.12.18 21:04:30.029,1.6141,1.61445,1.00,1.60
2009.12.18 21:04:30.368,1.6141,1.61445,1.00,2.40
2009.12.18 21:04:31.708,1.6141,1.61445,1.00,1.00
2009.12.18 21:04:32.528,1.6141,1.61445,1.00,1.60
2009.12.18 21:04:32.918,1.6141,1.61445,1.00,2.40
2009.12.18 21:04:33.948,1.6141,1.61445,1.00,2.30
2009.12.18 21:04:34.768,1.6141,1.61445,1.00,1.00
2009.12.18 21:04:39.287,1.6141,1.61445,1.00,2.30
2009.12.18 21:04:43.095,1.6141,1.6144,1.00,1.00
2009.12.18 21:04:47.224,1.61405,1.6144,2.50,2.30
2009.12.18 21:04:47.574,1.61405,1.6144,1.00,2.30
2009.12.18 21:04:53.403,1.61405,1.6144,1.00,2.30
2009.12.18 21:04:53.583,1.61405,1.6144,1.00,1.00
2009.12.18 21:04:54.563,1.6141,1.6144,1.00,1.00
2009.12.18 21:05:06.500,1.6141,1.61445,1.00,2.30
2009.12.18 21:05:07.240,1.6141,1.6144,1.00,1.00
2009.12.18 21:05:08.200,1.6141,1.6144,1.00,1.00
2009.12.18 21:05:15.918,1.6141,1.61425,2.50,1.00
2009.12.18 21:05:16.258,1.6141,1.6144,2.50,1.00
2009.12.18 21:05:18.167,1.6141,1.6144,1.00,1.00
2009.12.18 21:05:19.837,1.6141,1.6144,2.50,1.00
2009.12.18 21:05:24.836,1.6141,1.6144,1.00,1.00
2009.12.18 21:05:34.153,1.6141,1.6144,2.50,1.00
2009.12.18 21:05:41.742,1.6141,1.6144,1.70,1.00
2009.12.18 21:05:41.981,1.6141,1.6144,1.00,1.00
2009.12.18 21:06:10.624,1.6141,1.6144,1.00,1.50
2009.12.18 21:06:13.274,1.61405,1.6144,2.40,1.50
2009.12.18 21:06:13.614,1.61405,1.61435,1.00,1.00
2009.12.18 21:06:15.503,1.61405,1.6144,1.00,2.30
2009.12.18 21:06:16.333,1.61405,1.61435,1.00,1.00
2009.12.18 21:06:18.282,1.61405,1.6144,1.00,1.00
2009.12.18 21:06:20.002,1.6141,1.6144,1.00,1.00
2009.12.18 21:06:22.402,1.6141,1.6144,1.00,1.00
2009.12.18 21:06:22.691,1.6141,1.61435,1.00,1.00
2009.12.18 21:06:23.851,1.6141,1.61435,2.50,1.00
2009.12.18 21:06:24.141,1.6141,1.61435,2.50,1.20
2009.12.18 21:06:24.491,1.6141,1.61435,3.30,1.20
2009.12.18 21:06:25.721,1.6141,1.61435,2.50,1.20
2009.12.18 21:06:33.039,1.6141,1.61435,2.50,1.00
2009.12.18 21:06:41.797,1.6141,1.61435,2.90,1.00
2009.12.18 21:06:43.477,1.6141,1.61435,2.80,1.00
2009.12.18 21:06:46.566,1.6141,1.61435,2.50,1.00
2009.12.18 21:06:48.816,1.6141,1.61435,1.70,1.00
2009.12.18 21:06:49.355,1.6141,1.61435,1.00,1.00
2009.12.18 21:07:27.006,1.6141,1.61435,1.70,1.00
2009.12.18 21:07:28.066,1.61415,1.61435,1.00,1.00
2009.12.18 21:07:28.976,1.6141,1.61435,2.50,1.00
2009.12.18 21:07:30.775,1.61415,1.61435,1.00,1.00
2009.12.18 21:07:31.835,1.61415,1.61435,1.70,1.00
2009.12.18 21:07:32.175,1.61415,1.61435,2.50,1.00
2009.12.18 21:07:32.755,1.6141,1.61435,2.50,1.00
2009.12.18 21:07:36.234,1.61415,1.61435,1.00,1.00
2009.12.18 21:07:40.243,1.6141,1.61435,2.50,1.00
2009.12.18 21:07:45.991,1.61415,1.61435,1.00,1.00
2009.12.18 21:07:47.971,1.6141,1.61435,2.50,1.00
2009.12.18 21:07:58.048,1.6141,1.61435,1.00,1.00
2009.12.18 21:08:02.627,1.61405,1.61435,2.50,1.00
2009.12.18 21:08:07.796,1.6141,1.61435,1.00,1.00
2009.12.18 21:08:10.286,1.6141,1.61435,1.00,1.00
2009.12.18 21:08:10.925,1.6141,1.61435,2.50,1.00
2009.12.18 21:08:50.626,1.6141,1.61435,2.50,1.00
2009.12.18 21:08:55.115,1.61415,1.61435,1.00,1.00
2009.12.18 21:08:57.614,1.61415,1.61435,1.00,1.00
2009.12.18 21:08:57.894,1.61415,1.61435,2.50,1.00
2009.12.18 21:09:05.723,1.61415,1.61435,1.70,1.00
2009.12.18 21:09:06.002,1.6141,1.61435,2.50,1.00
2009.12.18 21:09:13.540,1.6141,1.6145,2.50,3.20
2009.12.18 21:09:13.820,1.6141,1.6145,2.50,4.80
2009.12.18 21:09:14.060,1.6141,1.6145,2.50,3.20
2009.12.18 21:09:14.240,1.6141,1.6145,2.50,4.80
2009.12.18 21:09:14.540,1.6141,1.6145,2.50,3.20
2009.12.18 21:09:14.710,1.6141,1.6145,2.50,4.80
2009.12.18 21:09:15.000,1.6141,1.6145,2.50,4.00
2009.12.18 21:09:15.340,1.6141,1.6145,2.50,4.80
2009.12.18 21:09:16.050,1.6141,1.6145,2.50,4.00
2009.12.18 21:09:16.270,1.6141,1.6145,2.50,4.80
2009.12.18 21:09:16.610,1.6141,1.6145,2.50,3.20
2009.12.18 21:09:16.840,1.6141,1.6145,2.50,4.80
2009.12.18 21:09:17.009,1.6141,1.6145,2.50,3.20
2009.12.18 21:09:17.189,1.6141,1.6145,2.50,4.80
2009.12.18 21:09:17.530,1.6141,1.6145,2.50,3.20
2009.12.18 21:09:17.889,1.6141,1.6145,2.50,4.00
2009.12.18 21:09:18.219,1.6141,1.6145,2.50,3.20
2009.12.18 21:09:18.439,1.6141,1.6145,2.50,2.30
2009.12.18 21:09:18.679,1.6141,1.6145,2.50,1.60
2009.12.18 21:09:18.959,1.6141,1.6145,2.50,2.40
2009.12.18 21:09:19.869,1.61415,1.6145,1.00,2.40
2009.12.18 21:09:20.858,1.61415,1.6145,1.70,2.40
2009.12.18 21:09:21.548,1.61415,1.6145,2.50,2.40
2009.12.18 21:09:21.948,1.61415,1.6145,1.70,1.00
2009.12.18 21:09:22.128,1.61415,1.6145,1.70,1.50
2009.12.18 21:09:22.358,1.61415,1.6145,1.00,1.50
2009.12.18 21:09:23.218,1.6142,1.61435,2.50,1.00
2009.12.18 21:09:23.908,1.61425,1.61435,1.00,1.00
2009.12.18 21:09:24.938,1.61425,1.61445,1.00,1.00
2009.12.18 21:09:26.157,1.61425,1.61445,1.00,1.00
2009.12.18 21:09:27.127,1.6143,1.61465,1.00,1.50
2009.12.18 21:09:27.987,1.61435,1.61465,1.00,1.50
2009.12.18 21:09:29.066,1.61435,1.61465,1.00,1.00
2009.12.18 21:09:29.356,1.61435,1.6147,1.00,5.50
2009.12.18 21:09:30.606,1.6143,1.6147,2.50,5.50
2009.12.18 21:09:30.906,1.6143,1.61465,2.50,1.00
2009.12.18 21:09:36.275,1.6143,1.6147,2.50,1.60
2009.12.18 21:09:36.925,1.61435,1.6147,1.00,1.60
2009.12.18 21:09:37.974,1.61435,1.61465,2.50,1.00
2009.12.18 21:09:38.334,1.61435,1.6147,2.50,1.60
2009.12.18 21:09:39.144,1.61435,1.6147,2.50,1.00
2009.12.18 21:09:50.991,1.61435,1.61465,2.50,1.00
2009.12.18 21:09:51.291,1.61435,1.6147,2.50,1.00
2009.12.18 21:09:52.851,1.6144,1.6147,1.00,1.00
2009.12.18 21:09:55.120,1.61435,1.6147,2.50,1.00
2009.12.18 21:09:55.810,1.61435,1.6147,1.60,2.00
2009.12.18 21:09:56.550,1.6143,1.6147,1.70,4.30
2009.12.18 21:09:56.900,1.61425,1.61465,2.50,2.00
2009.12.18 21:09:57.250,1.61425,1.61465,2.50,2.70
2009.12.18 21:09:57.930,1.61425,1.61465,2.50,2.80
2009.12.18 21:09:59.629,1.61425,1.61465,3.30,2.80
2009.12.18 21:09:59.979,1.6143,1.61465,1.00,2.80
2009.12.18 21:10:01.349,1.6143,1.61465,2.50,2.80
2009.12.18 21:10:01.699,1.6143,1.61465,2.50,3.60
2009.12.18 21:10:01.929,1.6143,1.61465,2.50,2.80
2009.12.18 21:10:02.338,1.6143,1.6146,1.70,1.00
2009.12.18 21:10:02.568,1.6143,1.6146,1.00,1.00
2009.12.18 21:10:02.919,1.6143,1.61465,1.00,4.40
2009.12.18 21:10:04.098,1.6143,1.61465,1.00,8.80
2009.12.18 21:10:04.268,1.6143,1.61465,1.00,4.40
2009.12.18 21:10:10.887,1.61425,1.6146,2.50,1.00
2009.12.18 21:10:13.906,1.61425,1.6146,2.50,2.80
2009.12.18 21:10:14.536,1.61425,1.6146,2.50,1.00
2009.12.18 21:10:16.155,1.61425,1.6146,1.70,1.00
2009.12.18 21:10:16.445,1.61425,1.6146,1.70,2.80
2009.12.18 21:10:16.795,1.6142,1.6146,3.30,1.00
2009.12.18 21:10:19.184,1.6142,1.6146,3.30,1.00
2009.12.18 21:10:19.474,1.6142,1.6146,3.30,2.90
2009.12.18 21:10:19.764,1.6142,1.6146,3.30,1.00
2009.12.18 21:10:20.534,1.6142,1.6146,3.30,1.00
2009.12.18 21:10:22.544,1.6142,1.61455,3.30,1.00
2009.12.18 21:10:22.724,1.6142,1.61455,2.50,1.00
2009.12.18 21:10:23.304,1.6142,1.61455,3.30,1.00
2009.12.18 21:10:32.341,1.6142,1.61455,2.50,1.00
2009.12.18 21:10:36.970,1.61425,1.61455,1.00,1.00
2009.12.18 21:10:37.380,1.6142,1.61455,2.50,1.00
2009.12.18 21:10:37.550,1.6142,1.61455,1.00,1.00
2009.12.18 21:10:37.790,1.6142,1.61455,2.50,1.00
2009.12.18 21:10:39.070,1.61425,1.61455,1.00,1.00
2009.12.18 21:10:39.980,1.61425,1.61455,1.70,1.00
2009.12.18 21:10:40.339,1.61425,1.61455,2.50,1.00
2009.12.18 21:10:44.129,1.61425,1.61465,2.50,4.00
2009.12.18 21:10:44.298,1.61425,1.61465,2.50,3.30
2009.12.18 21:10:45.958,1.61425,1.61465,1.00,3.30
2009.12.18 21:10:46.188,1.61425,1.6146,1.00,1.00
2009.12.18 21:10:50.757,1.61425,1.61465,2.50,7.70
2009.12.18 21:10:51.057,1.61425,1.61465,2.50,3.30
2009.12.18 21:11:00.155,1.61425,1.61465,1.70,2.90
2009.12.18 21:11:00.325,1.61425,1.61465,1.60,2.90
2009.12.18 21:11:01.005,1.6142,1.61465,3.30,4.40
2009.12.18 21:11:01.294,1.61425,1.61465,1.00,2.70
2009.12.18 21:11:01.924,1.6143,1.61465,1.00,3.60
2009.12.18 21:11:02.214,1.6143,1.61465,1.00,2.80
2009.12.18 21:11:02.914,1.6143,1.6146,1.00,1.00
2009.12.18 21:11:03.214,1.6143,1.61465,2.50,2.80
2009.12.18 21:11:04.894,1.6143,1.61465,2.50,2.70
2009.12.18 21:11:05.124,1.6143,1.61465,2.50,3.60
2009.12.18 21:11:06.913,1.6143,1.61465,2.50,2.00
2009.12.18 21:11:07.143,1.6143,1.61465,2.50,1.60
2009.12.18 21:11:07.683,1.6143,1.6147,2.50,3.60
2009.12.18 21:11:07.963,1.6143,1.6147,2.50,4.40
2009.12.18 21:11:09.692,1.61435,1.6147,1.00,4.40
2009.12.18 21:11:09.912,1.61435,1.61465,1.00,1.00
2009.12.18 21:11:10.152,1.61435,1.6147,1.00,2.80
2009.12.18 21:11:10.372,1.6143,1.6147,2.50,2.80
2009.12.18 21:11:10.722,1.6143,1.6147,2.50,3.60
2009.12.18 21:11:12.002,1.6143,1.6146,2.50,1.00
2009.12.18 21:11:12.532,1.6143,1.6147,2.50,3.70
2009.12.18 21:11:14.401,1.6143,1.6146,1.00,1.00
2009.12.18 21:11:18.470,1.6143,1.6146,2.50,1.00
2009.12.18 21:11:18.810,1.6143,1.6147,2.50,3.70
2009.12.18 21:11:19.620,1.6143,1.6146,1.00,1.00
2009.12.18 21:11:21.999,1.6143,1.6147,1.00,4.50
2009.12.18 21:11:24.229,1.6143,1.6147,2.50,4.50
2009.12.18 21:11:25.319,1.6143,1.6147,2.50,4.40
2009.12.18 21:11:26.188,1.6143,1.6145,1.00,1.60
2009.12.18 21:11:26.478,1.6141,1.61445,1.70,1.00
2009.12.18 21:11:26.828,1.6141,1.61445,2.10,1.00
2009.12.18 21:11:27.178,1.6141,1.6145,2.10,1.50
2009.12.18 21:11:27.528,1.6142,1.6145,1.00,1.50
2009.12.18 21:11:27.878,1.6142,1.6146,2.40,1.00
2009.12.18 21:11:28.848,1.6143,1.6146,1.00,1.00
2009.12.18 21:11:30.897,1.6143,1.61465,1.00,1.60
2009.12.18 21:11:31.887,1.6143,1.61465,1.70,1.00
2009.12.18 21:11:32.237,1.6143,1.6147,2.50,4.80
2009.12.18 21:11:32.467,1.6143,1.61455,1.60,1.60
2009.12.18 21:11:32.687,1.6142,1.6145,1.00,1.00
2009.12.18 21:11:32.917,1.6142,1.6145,1.00,1.50
2009.12.18 21:11:34.687,1.6142,1.6145,1.00,1.60
2009.12.18 21:11:34.926,1.6142,1.6146,1.00,1.60
2009.12.18 21:11:35.156,1.6142,1.6146,1.60,1.00
2009.12.18 21:11:35.506,1.6143,1.6146,1.00,1.00
2009.12.18 21:11:37.645,1.61425,1.61465,2.70,1.60
2009.12.18 21:11:38.785,1.6143,1.61465,1.70,1.60
2009.12.18 21:11:39.016,1.6143,1.61465,1.70,1.00
2009.12.18 21:11:39.185,1.6143,1.6147,2.50,3.30
2009.12.18 21:11:40.305,1.6143,1.61465,2.50,1.00
2009.12.18 21:11:40.635,1.6143,1.6146,1.00,1.00
2009.12.18 21:11:42.075,1.6143,1.61465,1.00,1.60
2009.12.18 21:11:43.124,1.6142,1.61455,1.00,1.00
2009.12.18 21:11:43.484,1.6142,1.61455,1.00,1.50
2009.12.18 21:11:44.634,1.6142,1.61455,2.50,1.50
2009.12.18 21:11:44.814,1.6142,1.61455,2.40,1.50
2009.12.18 21:11:45.104,1.6142,1.61455,2.50,1.50
2009.12.18 21:11:46.423,1.61415,1.6145,1.20,3.10
2009.12.18 21:11:46.704,1.61415,1.61445,1.00,1.00
2009.12.18 21:11:47.263,1.61415,1.6145,2.90,1.00
2009.12.18 21:11:47.563,1.6142,1.6146,1.00,2.40
2009.12.18 21:11:48.493,1.61425,1.6146,1.00,2.40
2009.12.18 21:11:49.183,1.6142,1.6146,1.60,1.60
2009.12.18 21:11:49.473,1.61415,1.6146,2.40,3.60
2009.12.18 21:11:49.763,1.61415,1.61455,1.00,2.00
2009.12.18 21:11:50.043,1.61415,1.6146,1.00,2.90
2009.12.18 21:11:50.342,1.6141,1.61455,2.40,1.00
2009.12.18 21:11:50.743,1.6141,1.61455,3.20,1.00
2009.12.18 21:11:51.672,1.6141,1.61455,3.20,1.00
2009.12.18 21:11:52.072,1.6141,1.6145,3.20,1.00
2009.12.18 21:11:55.561,1.61405,1.6145,1.00,4.00
2009.12.18 21:11:55.791,1.614,1.61445,1.00,3.20
2009.12.18 21:11:55.971,1.614,1.61445,1.00,4.00
2009.12.18 21:11:56.151,1.614,1.61445,1.00,3.90
2009.12.18 21:11:56.941,1.614,1.6144,1.00,1.00
2009.12.18 21:11:57.641,1.614,1.61445,1.00,2.50
2009.12.18 21:11:57.941,1.61405,1.6145,1.00,2.50
2009.12.18 21:11:58.281,1.6141,1.6145,1.00,1.70
2009.12.18 21:11:59.890,1.6141,1.6145,1.50,1.70
2009.12.18 21:12:01.240,1.6141,1.6145,1.50,1.00
2009.12.18 21:12:03.069,1.6141,1.6145,1.60,1.00
2009.12.18 21:12:04.509,1.61415,1.61455,1.00,1.00
2009.12.18 21:12:05.379,1.61415,1.61455,1.10,1.00
2009.12.18 21:12:06.009,1.61415,1.61455,1.20,1.00
2009.12.18 21:12:06.249,1.61415,1.6146,1.60,2.50
2009.12.18 21:12:06.489,1.6142,1.6146,1.00,1.00
2009.12.18 21:12:07.849,1.6142,1.6146,1.00,1.00
2009.12.18 21:12:08.198,1.6142,1.6146,1.00,1.70
2009.12.18 21:12:08.498,1.6142,1.6146,1.00,2.90
2009.12.18 21:12:08.858,1.6141,1.61455,3.30,2.40
2009.12.18 21:12:09.978,1.6141,1.61455,3.30,2.50
2009.12.18 21:12:10.887,1.6141,1.6145,3.30,1.00
2009.12.18 21:12:14.547,1.6141,1.61455,2.90,2.40
2009.12.18 21:12:14.837,1.6142,1.61455,1.00,1.00
2009.12.18 21:12:16.106,1.61415,1.6146,4.90,1.00
2009.12.18 21:12:16.276,1.61415,1.6146,3.30,2.40
2009.12.18 21:12:17.886,1.61415,1.61455,3.30,1.00
2009.12.18 21:12:18.986,1.61415,1.6145,1.60,2.30
2009.12.18 21:12:19.266,1.61405,1.6145,3.30,2.30
2009.12.18 21:12:19.835,1.61405,1.61445,3.30,1.00
2009.12.18 21:12:21.995,1.61405,1.61445,3.20,1.00
2009.12.18 21:12:22.285,1.614,1.6144,1.00,1.60
2009.12.18 21:12:22.585,1.614,1.6144,1.70,1.00
2009.12.18 21:12:22.865,1.61405,1.6145,1.00,3.20
2009.12.18 21:12:23.834,1.61405,1.6145,2.40,3.20
2009.12.18 21:12:24.174,1.61405,1.6145,3.30,2.50
2009.12.18 21:12:24.395,1.61405,1.6145,3.30,2.40
2009.12.18 21:12:24.964,1.61405,1.6145,4.90,1.00
2009.12.18 21:12:26.184,1.6141,1.6145,1.00,1.00
2009.12.18 21:12:26.484,1.61405,1.6145,4.80,1.00
2009.12.18 21:12:26.724,1.61405,1.61445,1.60,2.30
2009.12.18 21:12:27.024,1.614,1.61445,3.30,2.30
2009.12.18 21:12:27.943,1.61405,1.6145,3.90,1.70
2009.12.18 21:12:29.553,1.61405,1.61445,3.90,1.60
2009.12.18 21:12:29.853,1.614,1.6144,1.00,2.30
2009.12.18 21:12:30.713,1.614,1.6144,1.00,2.40
2009.12.18 21:12:31.003,1.61395,1.6144,3.30,2.40
2009.12.18 21:12:31.933,1.61395,1.61435,3.30,1.00
2009.12.18 21:12:36.262,1.614,1.61445,2.40,1.60
2009.12.18 21:12:36.491,1.61405,1.6145,1.00,2.50
2009.12.18 21:12:37.741,1.61405,1.6145,1.00,2.40
2009.12.18 21:12:38.021,1.61405,1.6145,1.00,2.50
2009.12.18 21:12:38.371,1.61405,1.6145,3.90,1.70
2009.12.18 21:12:44.310,1.61405,1.6145,2.40,1.00
2009.12.18 21:12:45.529,1.61415,1.61445,1.60,3.00
2009.12.18 21:12:48.009,1.61415,1.61445,3.20,1.40
2009.12.18 21:12:49.508,1.6142,1.6145,1.60,3.20
2009.12.18 21:12:55.437,1.6142,1.61445,1.60,1.50
2009.12.18 21:12:55.787,1.6141,1.6144,1.60,3.00
2009.12.18 21:12:56.347,1.6141,1.6144,1.60,3.20
2009.12.18 21:12:56.467,1.6141,1.6144,4.80,1.60
2009.12.18 21:12:56.637,1.6141,1.6144,4.80,1.40
2009.12.18 21:12:57.146,1.61415,1.61445,1.60,3.00
2009.12.18 21:13:02.465,1.6142,1.61445,1.00,3.00
2009.12.18 21:13:02.746,1.6142,1.61445,1.00,1.40
2009.12.18 21:13:03.035,1.6142,1.6145,1.00,10.30
2009.12.18 21:13:03.376,1.6142,1.61445,1.00,6.20
2009.12.18 21:13:03.985,1.6142,1.61445,1.00,6.40
2009.12.18 21:13:05.085,1.6142,1.6144,1.00,1.00
2009.12.18 21:13:13.963,1.6142,1.6145,1.00,4.00
2009.12.18 21:13:31.698,1.6142,1.6145,1.00,5.60
2009.12.18 21:13:31.808,1.6142,1.61445,1.00,1.60
2009.12.18 21:13:31.988,1.6142,1.61445,1.00,3.80
2009.12.18 21:13:32.228,1.6142,1.61445,1.00,4.60
2009.12.18 21:13:32.738,1.6142,1.61445,1.00,3.00
2009.12.18 21:13:33.068,1.6142,1.6145,2.40,3.20
2009.12.18 21:13:33.358,1.6142,1.61445,1.00,1.40
2009.12.18 21:13:34.758,1.6142,1.6144,1.00,1.00
2009.12.18 21:13:35.057,1.6142,1.6144,1.00,3.00
2009.12.18 21:13:36.127,1.6142,1.6144,1.00,3.20
2009.12.18 21:13:36.767,1.6142,1.6144,1.00,3.00
2009.12.18 21:13:36.947,1.6142,1.61445,1.00,3.00
2009.12.18 21:13:38.077,1.6142,1.6145,1.00,4.80
2009.12.18 21:13:39.966,1.6142,1.6145,1.00,4.00
2009.12.18 21:13:52.743,1.61415,1.6145,3.20,4.80
2009.12.18 21:13:53.023,1.61415,1.61445,1.60,3.00
2009.12.18 21:14:03.240,1.61415,1.61445,3.20,3.00
2009.12.18 21:14:03.420,1.61415,1.6145,4.80,4.00
2009.12.18 21:14:03.651,1.61415,1.6145,4.80,3.20
2009.12.18 21:14:07.819,1.61415,1.6145,4.80,3.00
2009.12.18 21:14:07.990,1.61415,1.6145,6.20,3.00
2009.12.18 21:14:08.109,1.6142,1.61455,1.60,6.20
2009.12.18 21:14:08.749,1.6142,1.61455,3.20,6.20
2009.12.18 21:14:09.079,1.61425,1.61455,1.00,6.20
2009.12.18 21:14:10.109,1.61425,1.61455,1.00,5.40
2009.12.18 21:14:11.209,1.61425,1.61455,1.00,4.60
2009.12.18 21:14:11.378,1.61425,1.61455,2.50,4.60
2009.12.18 21:14:14.328,1.61425,1.61445,2.40,1.60
2009.12.18 21:14:14.548,1.61425,1.61445,1.60,1.60
2009.12.18 21:14:14.658,1.6142,1.61445,5.70,1.60
2009.12.18 21:14:17.387,1.61425,1.61445,1.00,1.60
2009.12.18 21:14:17.737,1.61425,1.61445,2.50,1.60
2009.12.18 21:14:18.997,1.61425,1.61445,1.60,1.60
2009.12.18 21:14:19.167,1.6142,1.61445,3.20,1.60
2009.12.18 21:14:19.347,1.61415,1.61445,4.80,1.60
2009.12.18 21:14:19.727,1.61415,1.61445,4.80,3.00
2009.12.18 21:14:20.597,1.61415,1.61445,4.80,3.80
2009.12.18 21:14:20.947,1.61415,1.61445,4.80,4.00
2009.12.18 21:14:21.476,1.6141,1.61445,4.80,5.60
2009.12.18 21:14:22.726,1.61415,1.61445,4.80,2.20
2009.12.18 21:14:28.864,1.61415,1.61445,4.80,1.00
2009.12.18 21:14:29.604,1.61415,1.61445,3.20,1.00
2009.12.18 21:14:29.724,1.61415,1.61445,1.60,3.80
2009.12.18 21:14:30.114,1.61415,1.61435,1.60,1.00
2009.12.18 21:14:36.873,1.61415,1.61435,4.80,1.00
2009.12.18 21:14:36.993,1.61415,1.61435,3.20,1.00
2009.12.18 21:14:43.121,1.61415,1.61445,3.20,3.00
2009.12.18 21:14:47.226,1.61415,1.61445,2.30,3.00
2009.12.18 21:14:47.690,1.61415,1.61445,3.90,1.40
2009.12.18 21:14:49.259,1.61415,1.61445,4.80,1.40
2009.12.18 21:14:49.469,1.61415,1.61445,4.80,1.50
2009.12.18 21:14:52.689,1.6142,1.61445,1.60,1.00
2009.12.18 21:15:00.247,1.6142,1.61445,3.20,1.00
2009.12.18 21:15:00.537,1.6142,1.61455,3.20,5.70
2009.12.18 21:15:00.817,1.6142,1.6145,3.20,1.40
2009.12.18 21:15:04.046,1.6142,1.61445,3.20,1.00
2009.12.18 21:15:07.345,1.6142,1.61445,1.60,1.00
2009.12.18 21:15:14.573,1.6142,1.6145,1.60,3.00
2009.12.18 21:15:14.794,1.6142,1.61445,1.60,1.60
2009.12.18 21:15:15.014,1.61415,1.61445,3.20,3.10
2009.12.18 21:15:15.354,1.6142,1.61445,1.60,1.00
2009.12.18 21:15:15.973,1.61415,1.61445,3.20,3.10
2009.12.18 21:15:16.773,1.61415,1.61445,3.20,3.00
2009.12.18 21:15:18.892,1.61415,1.61445,5.70,1.40
2009.12.18 21:15:19.112,1.61415,1.61445,6.40,1.40
2009.12.18 21:15:22.171,1.61425,1.61445,1.60,1.40
2009.12.18 21:15:22.341,1.61425,1.6145,1.60,3.00
2009.12.18 21:15:22.451,1.61425,1.6145,1.60,1.40
2009.12.18 21:15:24.801,1.61425,1.6145,1.70,1.40
2009.12.18 21:15:49.265,1.61425,1.6145,1.60,1.40
2009.12.18 21:16:08.001,1.61425,1.6145,3.20,1.40
2009.12.18 21:16:08.291,1.6143,1.6146,1.60,1.40
2009.12.18 21:16:08.820,1.6143,1.6146,3.20,1.40
2009.12.18 21:16:09.110,1.6145,1.6148,3.20,3.70
2009.12.18 21:16:09.321,1.6145,1.61485,2.40,3.10
2009.12.18 21:16:09.500,1.6145,1.61485,1.60,3.00
2009.12.18 21:16:10.020,1.6145,1.61485,3.20,1.40
2009.12.18 21:16:10.890,1.61455,1.6149,1.60,3.00
2009.12.18 21:16:14.349,1.61455,1.61475,1.60,1.00
2009.12.18 21:16:14.569,1.61455,1.61475,3.20,1.00
2009.12.18 21:16:18.158,1.61455,1.6148,3.20,1.00
2009.12.18 21:16:18.398,1.61435,1.61475,3.20,3.10
2009.12.18 21:16:18.678,1.61435,1.61475,3.20,2.40
2009.12.18 21:16:19.008,1.61435,1.61475,3.20,3.10
2009.12.18 21:16:19.858,1.61435,1.61475,5.60,1.00
2009.12.18 21:16:19.978,1.6144,1.61475,3.20,1.00
2009.12.18 21:16:20.148,1.61455,1.6148,3.20,1.00
2009.12.18 21:16:20.438,1.61455,1.61475,3.20,1.00
2009.12.18 21:16:20.557,1.6145,1.61475,3.20,1.00
2009.12.18 21:16:24.476,1.6145,1.6148,3.20,2.10
2009.12.18 21:16:24.646,1.6145,1.6148,1.60,3.00
2009.12.18 21:16:27.896,1.61445,1.61475,3.20,1.40
2009.12.18 21:16:31.235,1.61445,1.61475,1.60,3.00
2009.12.18 21:16:47.711,1.6144,1.6147,1.60,1.40
2009.12.18 21:16:47.981,1.6144,1.6147,1.60,3.00
2009.12.18 21:16:48.251,1.6144,1.6147,3.20,1.40
2009.12.18 21:16:52.340,1.6144,1.6147,3.90,1.40
2009.12.18 21:16:52.450,1.6144,1.6147,3.20,1.40
2009.12.18 21:16:52.570,1.61445,1.61475,1.60,3.00
2009.12.18 21:16:53.090,1.6145,1.6148,1.60,3.00
2009.12.18 21:16:56.189,1.6145,1.61485,4.80,3.00
2009.12.18 21:16:56.529,1.61455,1.61485,1.60,3.00
2009.12.18 21:16:57.858,1.61455,1.61485,2.30,3.00
2009.12.18 21:16:58.429,1.61455,1.6149,3.90,3.00
2009.12.18 21:16:58.778,1.6146,1.6149,1.00,3.00
2009.12.18 21:17:02.847,1.6146,1.6148,1.00,1.60
2009.12.18 21:17:02.907,1.61455,1.6148,7.20,1.60
2009.12.18 21:17:03.477,1.61455,1.6148,4.00,3.40
2009.12.18 21:17:03.827,1.6146,1.6148,1.00,6.50
2009.12.18 21:17:04.837,1.6146,1.61475,1.00,1.00
2009.12.18 21:17:06.347,1.6144,1.61475,3.20,1.00
2009.12.18 21:17:07.746,1.6144,1.61475,3.20,1.60
2009.12.18 21:17:08.096,1.6144,1.6147,3.20,2.00
2009.12.18 21:17:08.386,1.6143,1.6147,5.70,2.80
2009.12.18 21:17:08.686,1.61435,1.6147,3.20,1.00
2009.12.18 21:17:09.036,1.6144,1.61475,2.40,3.00
2009.12.18 21:17:09.336,1.6145,1.61475,1.00,1.40
2009.12.18 21:17:09.966,1.61445,1.6148,3.20,4.60
2009.12.18 21:17:10.186,1.61445,1.6148,3.20,3.00
2009.12.18 21:17:10.405,1.61445,1.6148,3.20,4.60
2009.12.18 21:17:12.045,1.6145,1.6148,3.20,1.40
2009.12.18 21:17:13.165,1.6145,1.61485,3.20,4.60
2009.12.18 21:17:14.314,1.6145,1.6148,3.20,1.40
2009.12.18 21:17:14.485,1.6145,1.61485,3.20,3.00
2009.12.18 21:17:14.844,1.61455,1.61485,1.60,3.00
2009.12.18 21:17:16.174,1.61475,1.6149,2.50,4.60
2009.12.18 21:17:16.524,1.61475,1.61495,2.50,3.00
2009.12.18 21:17:16.864,1.61475,1.61495,2.50,1.40
2009.12.18 21:17:18.364,1.61475,1.615,2.50,1.40
2009.12.18 21:17:18.933,1.61475,1.615,4.10,3.00
2009.12.18 21:17:20.523,1.61475,1.615,4.10,1.40
2009.12.18 21:17:20.823,1.61475,1.61505,3.30,3.00
2009.12.18 21:17:21.593,1.61475,1.61505,4.90,1.40
2009.12.18 21:17:22.013,1.61475,1.61505,7.50,1.40
2009.12.18 21:17:22.962,1.6148,1.61505,1.00,1.40
2009.12.18 21:17:23.362,1.6148,1.61505,1.00,3.00
2009.12.18 21:17:24.642,1.61475,1.615,3.30,1.40
2009.12.18 21:17:25.392,1.61475,1.615,2.40,1.40
2009.12.18 21:17:31.880,1.61475,1.61505,1.60,3.00
2009.12.18 21:17:32.910,1.61475,1.61505,3.30,1.40
2009.12.18 21:17:33.370,1.61475,1.61505,4.10,1.40
2009.12.18 21:17:34.020,1.6148,1.61505,1.00,1.40
2009.12.18 21:17:34.370,1.6148,1.6151,1.00,3.00
2009.12.18 21:17:36.339,1.6148,1.6151,1.00,3.00
2009.12.18 21:17:36.789,1.6148,1.6151,2.50,3.00
2009.12.18 21:18:12.231,1.6148,1.6151,1.60,3.00
2009.12.18 21:18:12.351,1.6148,1.61505,1.60,3.00
2009.12.18 21:18:12.460,1.61475,1.61505,2.40,3.00
2009.12.18 21:18:12.681,1.61475,1.615,2.40,1.40
2009.12.18 21:18:12.801,1.61475,1.61505,2.40,3.00
2009.12.18 21:18:13.031,1.61475,1.61505,4.00,3.00
2009.12.18 21:18:15.440,1.61475,1.61505,1.00,3.00
2009.12.18 21:18:15.790,1.61475,1.61505,2.40,3.00
2009.12.18 21:18:18.029,1.61475,1.61505,4.00,1.40
2009.12.18 21:18:19.719,1.61475,1.61505,5.60,1.40
2009.12.18 21:18:20.179,1.61475,1.61505,4.00,1.40
2009.12.18 21:18:20.709,1.61475,1.6151,3.30,3.00
2009.12.18 21:18:21.049,1.61475,1.6151,3.30,3.80
2009.12.18 21:18:21.618,1.61475,1.6151,3.30,3.00
2009.12.18 21:18:21.968,1.6148,1.6151,3.20,1.40
2009.12.18 21:18:22.298,1.6148,1.6151,3.30,1.40
2009.12.18 21:18:22.638,1.6148,1.6151,4.10,1.40
2009.12.18 21:18:22.918,1.6148,1.6151,5.70,1.40
2009.12.18 21:18:23.208,1.6148,1.61515,5.70,5.40
2009.12.18 21:18:28.667,1.61475,1.6151,7.40,1.40
2009.12.18 21:18:28.947,1.61485,1.61515,2.40,3.80
2009.12.18 21:18:29.236,1.6149,1.6152,3.20,1.40
2009.12.18 21:18:29.526,1.6149,1.6152,4.80,1.40
2009.12.18 21:18:30.046,1.6149,1.61525,4.80,3.00
2009.12.18 21:18:31.216,1.61495,1.61525,1.60,3.00
2009.12.18 21:18:33.455,1.61495,1.61525,1.60,1.40
2009.12.18 21:18:34.035,1.61495,1.61525,1.60,3.00
2009.12.18 21:18:34.375,1.6149,1.61525,3.20,3.80
2009.12.18 21:18:34.676,1.6149,1.61525,3.20,3.00
2009.12.18 21:18:35.025,1.61495,1.61525,1.60,3.00
2009.12.18 21:18:36.035,1.6149,1.6152,3.20,1.40
2009.12.18 21:18:37.754,1.6149,1.6152,4.70,1.40
2009.12.18 21:18:37.864,1.6149,1.6152,4.70,3.00
2009.12.18 21:18:47.582,1.6149,1.6152,6.30,1.40
2009.12.18 21:19:11.556,1.61495,1.61525,1.60,3.00
2009.12.18 21:19:12.066,1.61495,1.61525,3.30,1.40
2009.12.18 21:19:13.736,1.615,1.61525,1.00,1.40
2009.12.18 21:19:14.076,1.615,1.61525,2.50,1.40
2009.12.18 21:19:14.375,1.615,1.6153,2.50,3.00
2009.12.18 21:19:15.075,1.615,1.6153,2.40,3.00
2009.12.18 21:19:22.004,1.615,1.6153,1.00,3.00
2009.12.18 21:19:24.793,1.615,1.6153,1.00,3.00
2009.12.18 21:19:25.913,1.61505,1.6153,1.00,3.00
2009.12.18 21:19:26.083,1.61505,1.6153,1.70,3.00
2009.12.18 21:19:26.793,1.61505,1.6153,2.50,3.00
2009.12.18 21:19:30.952,1.61505,1.6153,1.00,3.00
2009.12.18 21:19:32.781,1.61505,1.6153,1.00,3.00
2009.12.18 21:19:33.021,1.61505,1.6153,1.00,1.40
2009.12.18 21:19:35.451,1.61505,1.6153,2.40,1.40
2009.12.18 21:19:40.759,1.61505,1.61535,1.00,3.00
2009.12.18 21:19:41.439,1.61505,1.6153,1.00,3.00
2009.12.18 21:19:44.479,1.615,1.6153,2.50,3.00
2009.12.18 21:19:44.719,1.615,1.61525,1.00,1.40
2009.12.18 21:19:45.298,1.615,1.61525,1.60,1.40
2009.12.18 21:19:45.648,1.61505,1.6153,1.00,3.00
2009.12.18 21:19:46.028,1.61505,1.6153,1.60,3.00
2009.12.18 21:19:46.378,1.615,1.6153,4.80,3.00
2009.12.18 21:19:46.908,1.615,1.6153,3.20,3.00
2009.12.18 21:19:47.188,1.61505,1.6153,1.00,3.00
2009.12.18 21:19:47.478,1.61505,1.6153,2.40,3.00
2009.12.18 21:19:52.706,1.6151,1.6154,5.60,1.00
2009.12.18 21:19:52.926,1.61515,1.6155,3.90,3.00
2009.12.18 21:19:53.686,1.61535,1.6155,1.00,3.00
2009.12.18 21:19:54.356,1.61535,1.6155,1.00,1.40
2009.12.18 21:20:00.045,1.61535,1.6155,1.00,3.00
2009.12.18 21:20:01.325,1.61535,1.6155,1.00,1.40
2009.12.18 21:20:02.634,1.61535,1.61555,1.00,4.60
2009.12.18 21:20:04.544,1.61535,1.6155,1.00,1.60
2009.12.18 21:20:04.604,1.61535,1.6155,1.00,3.00
2009.12.18 21:20:05.394,1.61535,1.6155,1.00,3.00
2009.12.18 21:20:06.553,1.61535,1.6155,1.00,3.00
2009.12.18 21:20:11.512,1.61535,1.6155,1.00,1.40
2009.12.18 21:20:13.542,1.61535,1.6155,1.00,3.00
2009.12.18 21:20:14.531,1.61535,1.6155,1.00,1.40
2009.12.18 21:20:14.891,1.61535,1.6155,1.00,3.00
2009.12.18 21:20:20.430,1.61535,1.6155,1.00,3.00
2009.12.18 21:20:20.720,1.61535,1.61545,1.00,1.60
2009.12.18 21:20:21.010,1.61515,1.61535,1.70,1.40
2009.12.18 21:20:21.309,1.6153,1.61535,1.00,1.40
2009.12.18 21:20:21.599,1.61505,1.61535,2.40,3.00
2009.12.18 21:20:23.129,1.61505,1.61535,2.30,3.00
2009.12.18 21:20:23.879,1.61505,1.6153,2.30,1.40
2009.12.18 21:20:24.559,1.615,1.6153,1.70,3.00
2009.12.18 21:20:24.909,1.615,1.6153,2.40,3.00
2009.12.18 21:20:25.509,1.615,1.6153,3.20,3.00
2009.12.18 21:20:28.048,1.61495,1.61525,6.30,1.40
2009.12.18 21:20:28.108,1.61495,1.61525,4.70,3.00
2009.12.18 21:20:28.168,1.61495,1.61525,4.70,3.80
2009.12.18 21:20:28.228,1.61495,1.61525,2.30,3.80
2009.12.18 21:20:28.568,1.61495,1.61525,1.60,3.80
2009.12.18 21:20:29.908,1.6149,1.61525,5.50,3.80
2009.12.18 21:20:30.078,1.6149,1.61525,2.30,3.80
2009.12.18 21:20:30.257,1.6149,1.61525,1.60,3.00
2009.12.18 21:20:30.367,1.6149,1.6152,1.60,1.40
2009.12.18 21:20:30.537,1.6149,1.6152,1.60,3.00
2009.12.18 21:20:32.527,1.6149,1.6152,4.00,3.00
2009.12.18 21:20:32.637,1.61495,1.61525,1.60,1.00
2009.12.18 21:20:32.817,1.61495,1.61525,1.60,1.40
2009.12.18 21:20:33.167,1.61495,1.61525,3.20,1.40
2009.12.18 21:20:33.627,1.615,1.6153,3.20,3.00
2009.12.18 21:20:34.956,1.61505,1.6153,1.00,3.00
2009.12.18 21:20:35.816,1.61505,1.61535,1.70,3.00
2009.12.18 21:20:36.106,1.615,1.61535,5.70,3.70
2009.12.18 21:20:36.436,1.615,1.6153,5.70,1.40
2009.12.18 21:20:37.246,1.61505,1.61535,1.60,3.00
2009.12.18 21:20:37.486,1.61505,1.61535,1.60,1.40
2009.12.18 21:20:38.315,1.61505,1.61535,1.70,3.00
2009.12.18 21:20:38.975,1.61505,1.61535,1.00,3.00
2009.12.18 21:20:40.025,1.61505,1.61535,1.70,3.00
2009.12.18 21:20:40.485,1.61505,1.6153,2.50,1.40
2009.12.18 21:20:45.424,1.61505,1.6153,1.00,1.40
2009.12.18 21:20:46.573,1.61505,1.6153,1.00,3.00
2009.12.18 21:20:46.903,1.61505,1.6153,2.50,1.40
2009.12.18 21:20:47.613,1.61505,1.6153,1.00,1.40
2009.12.18 21:20:49.733,1.61505,1.61535,2.50,4.60
2009.12.18 21:20:49.793,1.61505,1.61535,4.10,4.60
2009.12.18 21:20:51.512,1.61505,1.6153,2.50,1.40
2009.12.18 21:20:52.142,1.61505,1.6153,1.00,1.40
2009.12.18 21:20:53.232,1.61505,1.6153,2.50,1.40
2009.12.18 21:20:53.562,1.61505,1.6153,1.00,1.40
2009.12.18 21:20:53.902,1.61505,1.6153,1.00,1.40
2009.12.18 21:20:55.041,1.615,1.6153,6.40,1.40
2009.12.18 21:20:55.212,1.61505,1.6153,1.00,1.40
2009.12.18 21:20:55.381,1.61505,1.6153,2.50,1.40
2009.12.18 21:20:58.130,1.61505,1.6153,1.00,1.40
2009.12.18 21:20:58.630,1.61505,1.6153,2.50,1.40
2009.12.18 21:21:00.021,1.61505,1.6153,1.70,3.00
2009.12.18 21:21:00.140,1.61505,1.6153,1.00,3.00
2009.12.18 21:21:04.899,1.615,1.61525,2.50,1.40
2009.12.18 21:21:05.459,1.615,1.61525,1.70,1.40
2009.12.18 21:21:05.799,1.615,1.61525,1.00,3.00
2009.12.18 21:21:08.428,1.61495,1.61525,5.70,3.00
2009.12.18 21:21:13.317,1.61495,1.61525,7.30,1.40
2009.12.18 21:21:14.397,1.615,1.61525,1.70,1.40
2009.12.18 21:21:14.737,1.615,1.61525,1.00,1.40
2009.12.18 21:21:15.357,1.61495,1.61525,7.30,1.40
2009.12.18 21:21:16.766,1.61495,1.61525,5.70,3.00
2009.12.18 21:21:17.106,1.61495,1.61525,1.70,3.00
2009.12.18 21:21:20.795,1.61495,1.61525,3.30,3.00
2009.12.18 21:21:21.295,1.61495,1.61525,4.10,3.00
2009.12.18 21:21:55.067,1.61505,1.6153,1.60,1.40
2009.12.18 21:21:55.797,1.61505,1.6153,1.70,1.40
2009.12.18 21:21:56.846,1.6151,1.6153,1.00,1.40
2009.12.18 21:21:57.186,1.61505,1.6153,2.50,1.40
2009.12.18 21:21:57.526,1.61505,1.6153,4.10,1.40
2009.12.18 21:22:07.064,1.6151,1.61535,1.70,3.00
2009.12.18 21:22:07.924,1.6151,1.61535,3.30,3.00
2009.12.18 21:22:08.324,1.6151,1.61535,4.10,3.00
2009.12.18 21:22:09.084,1.61515,1.61535,1.00,3.00
2009.12.18 21:22:09.894,1.6151,1.61535,4.10,3.00
2009.12.18 21:22:18.271,1.6151,1.61535,4.10,1.40
2009.12.18 21:22:19.601,1.6151,1.61535,4.80,1.40
2009.12.18 21:22:19.771,1.6152,1.61545,1.60,3.00
2009.12.18 21:22:25.380,1.61525,1.6155,1.60,1.00
2009.12.18 21:22:25.560,1.61525,1.61555,1.60,5.30
2009.12.18 21:22:27.569,1.61535,1.61555,1.60,1.00
2009.12.18 21:22:27.799,1.61535,1.6156,1.60,3.00
2009.12.18 21:22:28.639,1.61535,1.61555,1.60,3.00
2009.12.18 21:22:28.979,1.61525,1.61555,1.70,5.30
2009.12.18 21:22:34.267,1.61525,1.61555,1.60,4.60
2009.12.18 21:22:36.007,1.6152,1.6155,2.40,1.00
2009.12.18 21:22:36.177,1.61515,1.61545,4.10,1.00
2009.12.18 21:22:37.107,1.61515,1.6155,4.10,4.60
2009.12.18 21:22:37.837,1.6152,1.6155,1.00,4.60
2009.12.18 21:22:38.756,1.61515,1.6154,4.00,3.00
2009.12.18 21:22:39.037,1.6151,1.6154,2.50,4.60
2009.12.18 21:22:39.316,1.6151,1.6154,1.70,3.80
2009.12.18 21:22:39.596,1.6151,1.6154,1.70,4.60
2009.12.18 21:22:39.826,1.6151,1.6154,1.00,4.60
2009.12.18 21:22:41.536,1.61505,1.61535,5.70,1.00
2009.12.18 21:22:41.886,1.61505,1.61535,2.50,3.80
2009.12.18 21:22:47.624,1.61505,1.6154,7.30,3.80
2009.12.18 21:22:49.014,1.6151,1.6154,1.00,3.80
2009.12.18 21:22:49.774,1.6151,1.6154,1.70,3.80
2009.12.18 21:22:50.124,1.6151,1.6154,4.10,3.80
2009.12.18 21:22:50.414,1.6151,1.6154,4.10,2.20
2009.12.18 21:22:50.524,1.6151,1.6154,4.10,1.00
2009.12.18 21:22:50.694,1.6151,1.61545,4.10,3.80
2009.12.18 21:22:51.873,1.61515,1.61545,2.40,3.80
2009.12.18 21:22:52.213,1.61515,1.61545,2.50,3.80
2009.12.18 21:22:52.333,1.61515,1.61545,4.10,3.80
2009.12.18 21:22:52.793,1.6152,1.61545,1.00,3.80
2009.12.18 21:22:53.354,1.61515,1.61545,4.10,3.80
2009.12.18 21:22:53.533,1.61515,1.61545,2.50,4.60
2009.12.18 21:22:54.293,1.61515,1.61545,1.70,4.60
2009.12.18 21:22:54.633,1.61515,1.61545,1.00,3.80
2009.12.18 21:22:54.982,1.61515,1.6155,1.70,6.10
2009.12.18 21:22:55.312,1.61515,1.61545,1.00,3.80
2009.12.18 21:22:56.232,1.61515,1.61545,1.00,4.60
2009.12.18 21:22:56.463,1.61515,1.61545,2.50,4.60
2009.12.18 21:22:56.752,1.61515,1.61545,3.30,3.80
2009.12.18 21:22:57.012,1.61515,1.61545,2.50,3.80
2009.12.18 21:22:57.232,1.61515,1.61545,2.50,4.60
2009.12.18 21:22:58.792,1.61515,1.61545,1.70,4.60
2009.12.18 21:22:59.072,1.61515,1.61545,2.50,3.80
2009.12.18 21:22:59.291,1.61515,1.61545,1.00,3.80
2009.12.18 21:23:00.331,1.6152,1.61545,1.00,3.00
2009.12.18 21:23:01.191,1.6152,1.61545,1.00,1.40
2009.12.18 21:23:01.481,1.6152,1.61545,1.00,3.00
2009.12.18 21:23:01.831,1.6152,1.61545,2.50,1.40
2009.12.18 21:23:02.711,1.6152,1.6155,2.50,3.80
2009.12.18 21:23:05.650,1.6152,1.6155,4.10,3.80
2009.12.18 21:23:05.880,1.6152,1.6155,4.10,3.00
2009.12.18 21:23:07.040,1.61525,1.6155,1.00,3.00
2009.12.18 21:23:08.089,1.61525,1.6155,1.00,1.40
2009.12.18 21:23:08.439,1.61525,1.61555,2.50,4.60
2009.12.18 21:23:10.059,1.61525,1.61555,1.70,4.60
2009.12.18 21:23:10.399,1.6152,1.6155,2.50,1.00
2009.12.18 21:23:13.848,1.6152,1.6155,1.70,1.00
2009.12.18 21:23:14.198,1.6152,1.61545,2.50,3.00
2009.12.18 21:23:14.538,1.6152,1.6155,2.50,1.00
2009.12.18 21:23:14.888,1.6152,1.6155,1.70,1.00
2009.12.18 21:23:15.059,1.6152,1.6155,1.70,1.50
2009.12.18 21:23:15.228,1.6151,1.61545,4.10,4.60
2009.12.18 21:23:15.628,1.6151,1.61535,3.30,1.00
2009.12.18 21:23:15.978,1.6151,1.61535,1.00,1.00
2009.12.18 21:23:16.667,1.6151,1.6154,1.00,4.60
2009.12.18 21:23:17.007,1.61515,1.6154,1.00,4.60
2009.12.18 21:23:18.247,1.61515,1.6154,1.00,3.00
2009.12.18 21:23:18.417,1.61515,1.6154,1.00,1.40
2009.12.18 21:23:18.657,1.61515,1.61545,1.00,4.60
2009.12.18 21:23:19.807,1.6152,1.61545,1.00,1.40
2009.12.18 21:23:20.447,1.6152,1.6155,4.10,3.00
2009.12.18 21:23:20.956,1.61535,1.6155,1.00,3.00
2009.12.18 21:23:21.286,1.61535,1.61555,1.00,1.40
2009.12.18 21:23:21.986,1.6153,1.61555,2.50,3.00
2009.12.18 21:23:23.366,1.61535,1.6156,1.00,3.80
2009.12.18 21:23:23.596,1.61535,1.61575,1.60,1.40
2009.12.18 21:23:23.766,1.6154,1.6158,1.00,3.00
2009.12.18 21:23:24.855,1.61545,1.6158,1.00,3.00
2009.12.18 21:23:27.165,1.61545,1.6158,1.70,3.00
2009.12.18 21:23:27.505,1.61545,1.6158,2.50,3.00
2009.12.18 21:23:28.944,1.61545,1.6157,1.60,3.00
2009.12.18 21:23:29.234,1.61535,1.6157,3.30,3.80
2009.12.18 21:23:29.584,1.61535,1.61565,1.60,4.60
2009.12.18 21:23:30.344,1.6153,1.6156,2.50,1.00
2009.12.18 21:23:36.372,1.61535,1.6157,1.60,4.60
2009.12.18 21:23:37.262,1.61535,1.6157,2.40,4.60
2009.12.18 21:23:37.492,1.61535,1.6157,4.00,4.60
2009.12.18 21:23:37.662,1.61535,1.6157,4.10,4.60
2009.12.18 21:23:42.631,1.61535,1.6157,4.00,4.60
2009.12.18 21:23:42.751,1.61535,1.61565,3.20,1.00
2009.12.18 21:23:42.921,1.61535,1.6157,1.60,4.60
2009.12.18 21:23:43.041,1.61535,1.61565,1.60,1.40
2009.12.18 21:23:43.161,1.61535,1.61565,1.60,3.00
2009.12.18 21:23:46.560,1.61545,1.6157,1.60,3.00
2009.12.18 21:23:53.119,1.61545,1.6157,1.60,3.80
2009.12.18 21:23:53.459,1.61545,1.6157,1.60,1.00
2009.12.18 21:24:00.487,1.61545,1.6157,1.60,3.80
2009.12.18 21:24:03.316,1.61545,1.6157,1.70,3.80
2009.12.18 21:24:10.104,1.61545,1.6157,1.70,1.00
2009.12.18 21:24:13.904,1.61545,1.6157,3.30,1.00
2009.12.18 21:24:14.193,1.61545,1.6157,1.70,1.00
2009.12.18 21:24:26.230,1.61545,1.6157,1.70,3.80
2009.12.18 21:24:38.677,1.61545,1.6157,3.30,3.80
2009.12.18 21:24:41.827,1.61545,1.6157,1.70,3.80
2009.12.18 21:24:43.916,1.61545,1.6157,3.30,3.80
2009.12.18 21:24:46.266,1.61545,1.6157,1.70,3.80
2009.12.18 21:24:47.935,1.61545,1.6157,3.30,3.80
2009.12.18 21:24:48.875,1.61545,1.6157,1.70,3.80
2009.12.18 21:24:53.454,1.61545,1.6157,1.70,3.00
2009.12.18 21:24:55.124,1.61545,1.6157,1.00,3.00
2009.12.18 21:24:55.364,1.61545,1.61565,1.00,1.40
2009.12.18 21:24:57.543,1.61545,1.61565,1.70,1.40
2009.12.18 21:25:00.432,1.61545,1.6157,3.30,1.40
2009.12.18 21:25:04.541,1.61545,1.6157,1.70,1.40
2009.12.18 21:25:05.931,1.61545,1.6157,3.30,1.40
2009.12.18 21:25:07.780,1.61545,1.6157,1.70,1.40
2009.12.18 21:25:12.879,1.61545,1.61565,1.60,2.20
2009.12.18 21:25:13.049,1.6154,1.61565,1.00,2.20
2009.12.18 21:25:21.267,1.6154,1.61565,1.00,2.20
2009.12.18 21:25:21.987,1.6154,1.61565,2.50,2.20
2009.12.18 21:25:22.327,1.6154,1.61565,2.50,1.00
2009.12.18 21:25:23.097,1.6154,1.61565,1.70,1.00
2009.12.18 21:25:23.547,1.6154,1.61565,1.00,1.00
2009.12.18 21:25:31.745,1.6154,1.61565,1.00,2.20
2009.12.18 21:25:41.153,1.61535,1.61565,5.70,2.20
2009.12.18 21:25:46.941,1.6154,1.61565,1.00,2.20
2009.12.18 21:25:48.091,1.6154,1.61565,1.00,2.20
2009.12.18 21:25:48.211,1.6154,1.61565,1.00,2.20
2009.12.18 21:25:48.321,1.6154,1.61565,1.00,1.40
2009.12.18 21:25:48.501,1.6154,1.61565,1.00,2.20
2009.12.18 21:25:49.781,1.61535,1.61565,4.10,2.20
2009.12.18 21:25:52.320,1.61535,1.61565,5.70,2.20
2009.12.18 21:25:53.739,1.6154,1.61565,1.00,1.40
2009.12.18 21:25:54.309,1.6154,1.61565,1.00,2.20
2009.12.18 21:25:58.829,1.61535,1.6156,4.10,1.40
2009.12.18 21:25:58.948,1.61535,1.6156,3.30,1.40
2009.12.18 21:25:59.008,1.61535,1.6156,1.70,2.20
2009.12.18 21:25:59.349,1.6153,1.61555,2.40,1.00
2009.12.18 21:25:59.679,1.61525,1.61555,5.70,1.00
2009.12.18 21:26:03.347,1.61525,1.6156,5.70,1.40
2009.12.18 21:26:10.125,1.61525,1.61555,5.70,1.40
2009.12.18 21:26:15.864,1.6153,1.61555,1.00,1.40
2009.12.18 21:26:15.984,1.6153,1.61555,1.60,1.40
2009.12.18 21:26:16.614,1.61525,1.61555,5.70,1.40
2009.12.18 21:26:22.773,1.6153,1.61555,1.00,1.40
2009.12.18 21:26:22.892,1.6153,1.61555,2.40,1.40
2009.12.18 21:26:23.063,1.6153,1.61555,1.60,1.40
2009.12.18 21:26:23.173,1.61525,1.61555,5.70,1.40
2009.12.18 21:26:31.051,1.6153,1.61555,1.00,1.40
2009.12.18 21:26:31.331,1.61525,1.61555,5.70,1.40
2009.12.18 21:26:33.060,1.6153,1.61555,1.00,1.40
2009.12.18 21:26:33.230,1.6153,1.61555,2.40,1.40
2009.12.18 21:26:33.460,1.6153,1.61555,1.60,1.40
2009.12.18 21:26:33.750,1.61525,1.61555,5.70,1.40
2009.12.18 21:26:36.009,1.61525,1.61555,4.10,1.40
2009.12.18 21:26:36.939,1.61525,1.61555,5.70,1.40
2009.12.18 21:26:38.279,1.61525,1.61555,4.10,1.40
2009.12.18 21:26:39.189,1.61525,1.61555,2.50,1.40
2009.12.18 21:26:41.688,1.61525,1.61555,1.60,1.40
2009.12.18 21:26:42.028,1.6152,1.61555,2.50,1.40
2009.12.18 21:26:42.368,1.6152,1.61555,2.50,2.20
2009.12.18 21:26:42.718,1.6152,1.6156,7.20,2.20
2009.12.18 21:26:43.057,1.6152,1.6156,4.80,2.20
2009.12.18 21:26:43.797,1.61525,1.6156,1.00,2.20
2009.12.18 21:26:44.837,1.61525,1.61565,1.00,1.40
2009.12.18 21:26:45.827,1.6153,1.61565,1.00,1.40
2009.12.18 21:26:46.357,1.61525,1.61565,6.40,1.40
2009.12.18 21:26:46.587,1.6154,1.61565,1.00,1.40
2009.12.18 21:26:48.546,1.6153,1.61565,1.70,1.40
2009.12.18 21:26:48.776,1.6153,1.61565,3.30,1.40
2009.12.18 21:26:48.957,1.6153,1.61565,1.70,1.40
2009.12.18 21:26:49.076,1.6153,1.61565,1.60,1.40
2009.12.18 21:26:49.536,1.61525,1.61565,4.10,1.40
2009.12.18 21:26:51.805,1.61525,1.61565,4.10,1.60
2009.12.18 21:26:52.145,1.61525,1.6156,4.10,1.40
2009.12.18 21:26:54.195,1.61525,1.6156,4.80,1.40
2009.12.18 21:26:54.875,1.6153,1.6156,1.00,1.40
2009.12.18 21:26:55.574,1.6153,1.6157,5.30,1.00
2009.12.18 21:26:55.744,1.6154,1.6158,1.00,1.60
2009.12.18 21:26:56.274,1.61535,1.6158,4.10,1.40
2009.12.18 21:26:56.844,1.61545,1.6158,1.00,1.40
2009.12.18 21:26:57.414,1.6154,1.6158,2.10,1.40
2009.12.18 21:26:57.704,1.6154,1.6158,2.50,1.40
2009.12.18 21:26:58.814,1.6154,1.6158,1.60,3.80
2009.12.18 21:26:59.154,1.6154,1.61565,1.60,3.00
2009.12.18 21:26:59.444,1.6153,1.61565,1.00,1.40
2009.12.18 21:26:59.793,1.6153,1.6156,1.60,1.40
2009.12.18 21:27:00.133,1.61525,1.6156,5.70,1.40
2009.12.18 21:27:00.823,1.61525,1.6156,4.10,1.40
2009.12.18 21:27:01.153,1.61525,1.6156,4.40,1.40
2009.12.18 21:27:01.443,1.61525,1.6156,1.80,1.40
2009.12.18 21:27:01.723,1.61525,1.6156,1.00,3.00
2009.12.18 21:27:02.403,1.61525,1.61555,1.00,1.40
2009.12.18 21:27:06.902,1.61525,1.61545,1.00,1.40
2009.12.18 21:27:16.869,1.6151,1.61545,5.70,1.40
2009.12.18 21:27:21.048,1.61515,1.61545,1.00,1.40
2009.12.18 21:27:21.748,1.61515,1.61545,1.70,1.40
2009.12.18 21:27:22.328,1.61515,1.61545,2.50,1.40
2009.12.18 21:27:30.066,1.61515,1.61545,1.70,1.40
2009.12.18 21:27:30.406,1.6151,1.61545,1.00,1.40
2009.12.18 21:27:41.593,1.6151,1.61535,1.00,1.40
2009.12.18 21:27:41.823,1.61505,1.61535,3.30,1.40
2009.12.18 21:27:42.003,1.61505,1.61535,3.30,3.00
2009.12.18 21:27:42.233,1.61505,1.61535,1.60,3.00
2009.12.18 21:27:44.923,1.615,1.6153,3.30,1.40
2009.12.18 21:28:01.819,1.615,1.61535,3.30,3.00
2009.12.18 21:28:03.228,1.615,1.61535,4.10,3.00
2009.12.18 21:28:03.408,1.615,1.61535,5.70,3.00
2009.12.18 21:28:11.816,1.61505,1.61535,1.00,3.00
2009.12.18 21:28:35.451,1.61505,1.61535,2.50,3.00
2009.12.18 21:28:35.751,1.61505,1.61535,4.10,3.00
2009.12.18 21:28:39.430,1.61505,1.61535,1.70,3.00
2009.12.18 21:28:39.760,1.61505,1.61535,1.00,3.00
2009.12.18 21:28:43.419,1.61505,1.61535,1.00,3.00
2009.12.18 21:28:43.649,1.61505,1.61535,2.50,3.00
2009.12.18 21:28:44.498,1.61515,1.61535,1.60,3.00
2009.12.18 21:28:44.848,1.61515,1.61555,4.00,1.00
2009.12.18 21:28:45.188,1.61515,1.6156,4.70,1.40
2009.12.18 21:28:45.478,1.61515,1.6156,6.30,1.40
2009.12.18 21:28:45.828,1.61515,1.6156,7.90,1.40
2009.12.18 21:28:46.058,1.61525,1.6156,1.00,1.40
2009.12.18 21:28:47.938,1.61525,1.6156,1.70,1.40
2009.12.18 21:28:48.287,1.61525,1.6156,2.50,1.40
2009.12.18 21:28:50.177,1.6153,1.61565,1.00,3.00
2009.12.18 21:28:50.467,1.6153,1.61565,1.00,1.40
2009.12.18 21:28:51.097,1.61525,1.61565,4.10,1.40
2009.12.18 21:28:51.427,1.61525,1.61565,2.50,1.40
2009.12.18 21:28:53.906,1.61525,1.61565,2.50,1.60
2009.12.18 21:28:54.606,1.61535,1.61565,1.60,1.60
2009.12.18 21:28:56.245,1.61535,1.61565,1.60,1.40
2009.12.18 21:28:57.205,1.61535,1.6157,1.60,2.80
2009.12.18 21:28:57.545,1.61535,1.61565,1.60,1.00
2009.12.18 21:28:58.365,1.61535,1.6157,1.60,4.60
2009.12.18 21:28:58.425,1.61535,1.61565,1.60,1.40
2009.12.18 21:29:02.094,1.61535,1.61565,1.60,1.80
2009.12.18 21:29:02.664,1.61535,1.61565,1.60,1.40
2009.12.18 21:29:04.744,1.61535,1.61565,1.60,1.60
2009.12.18 21:29:08.123,1.61535,1.6156,1.60,1.40
2009.12.18 21:29:08.242,1.61535,1.61555,1.60,1.40
2009.12.18 21:29:08.583,1.6153,1.61555,1.60,1.40
2009.12.18 21:29:11.482,1.6153,1.61545,1.60,3.00
2009.12.18 21:29:11.702,1.6151,1.61545,6.50,3.00
2009.12.18 21:29:11.872,1.6151,1.61545,6.40,3.80
2009.12.18 21:29:12.052,1.6151,1.6154,3.30,3.00
2009.12.18 21:29:12.232,1.6151,1.6154,1.60,3.00
2009.12.18 21:29:13.442,1.61505,1.6154,5.70,3.00
2009.12.18 21:29:15.111,1.61505,1.61545,5.70,3.20
2009.12.18 21:29:15.511,1.61505,1.61545,5.70,2.40
2009.12.18 21:29:29.168,1.61505,1.6154,5.70,1.40
2009.12.18 21:29:35.406,1.61505,1.6154,5.70,3.00
2009.12.18 21:29:46.593,1.6151,1.6154,2.40,3.00
2009.12.18 21:29:46.933,1.6151,1.6154,4.00,3.00
2009.12.18 21:29:47.803,1.6151,1.6154,3.20,3.00
2009.12.18 21:29:48.093,1.6151,1.6154,1.60,3.00
2009.12.18 21:29:48.863,1.61505,1.6154,5.70,3.00
2009.12.18 21:30:01.540,1.61505,1.6154,4.10,3.00
2009.12.18 21:30:01.900,1.61505,1.61535,4.10,1.40
2009.12.18 21:30:04.969,1.61505,1.61535,2.50,1.40
2009.12.18 21:30:05.569,1.61505,1.61535,2.50,3.00
2009.12.18 21:30:06.448,1.61505,1.61535,4.10,3.00
2009.12.18 21:30:23.214,1.61505,1.61535,3.20,3.00
2009.12.18 21:30:23.325,1.615,1.61535,3.30,3.00
2009.12.18 21:30:25.974,1.61505,1.61535,1.60,3.00
2009.12.18 21:30:28.114,1.615,1.6153,3.30,1.40
2009.12.18 21:30:28.553,1.615,1.6153,1.70,1.40
2009.12.18 21:30:40.081,1.615,1.61535,3.20,1.40
2009.12.18 21:30:40.431,1.61505,1.61535,1.60,3.00
2009.12.18 21:30:41.950,1.61505,1.61535,1.70,3.00
2009.12.18 21:30:42.630,1.61505,1.61535,1.70,4.60
2009.12.18 21:30:44.840,1.61505,1.61535,1.60,3.00
2009.12.18 21:30:45.539,1.61505,1.61535,1.60,4.60
2009.12.18 21:30:46.169,1.61505,1.61535,1.70,4.60
2009.12.18 21:30:48.869,1.61505,1.61535,1.00,4.60
2009.12.18 21:30:49.438,1.615,1.6153,4.90,1.40
2009.12.18 21:30:49.798,1.615,1.6153,3.30,1.40
2009.12.18 21:30:50.098,1.615,1.6153,1.00,3.00
2009.12.18 21:30:53.478,1.61495,1.6153,7.30,3.00
2009.12.18 21:30:56.316,1.61495,1.61535,6.50,5.50
2009.12.18 21:30:56.427,1.615,1.6153,3.20,1.40
2009.12.18 21:30:56.537,1.615,1.61535,3.20,4.80
2009.12.18 21:30:56.647,1.615,1.61535,3.20,4.60
2009.12.18 21:30:57.397,1.61505,1.61535,1.60,4.60
2009.12.18 21:30:57.746,1.61505,1.61535,1.60,1.40
2009.12.18 21:30:58.976,1.61505,1.61535,1.70,1.40
2009.12.18 21:31:04.815,1.61505,1.61535,3.30,1.40
2009.12.18 21:31:05.204,1.61505,1.6154,3.30,1.40
2009.12.18 21:31:08.593,1.61505,1.6154,4.10,1.40
2009.12.18 21:31:08.764,1.6151,1.6154,1.60,1.40
2009.12.18 21:31:08.883,1.6151,1.6154,3.20,1.40
2009.12.18 21:31:14.212,1.61505,1.6154,4.10,3.00
2009.12.18 21:31:28.989,1.61505,1.6154,3.30,3.00
2009.12.18 21:31:40.056,1.61505,1.61535,3.30,1.40
2009.12.18 21:31:40.236,1.61505,1.61535,3.20,1.40
2009.12.18 21:31:41.096,1.61505,1.61535,1.60,3.00
2009.12.18 21:31:41.895,1.615,1.61535,5.70,3.00
2009.12.18 21:32:05.480,1.61505,1.61535,3.20,1.40
2009.12.18 21:32:05.780,1.6151,1.6154,1.60,3.00
2009.12.18 21:32:18.507,1.61505,1.61545,2.50,3.20
2009.12.18 21:32:29.964,1.61505,1.61545,4.10,1.40
2009.12.18 21:32:30.884,1.6151,1.61545,1.00,1.40
2009.12.18 21:32:34.063,1.61525,1.61555,1.00,3.00
2009.12.18 21:32:34.643,1.61525,1.61555,1.00,1.40
2009.12.18 21:32:34.983,1.61525,1.61565,1.00,3.00
2009.12.18 21:32:35.913,1.6153,1.61565,1.00,3.00
2009.12.18 21:32:36.852,1.6153,1.6157,1.00,3.00
2009.12.18 21:32:37.762,1.61535,1.6157,1.00,3.00
2009.12.18 21:32:40.371,1.61535,1.6157,2.50,3.00
2009.12.18 21:32:42.551,1.61535,1.6156,1.60,3.00
2009.12.18 21:32:42.911,1.61525,1.6156,2.50,3.00
2009.12.18 21:32:44.421,1.61525,1.61555,2.40,1.40
2009.12.18 21:32:44.590,1.61525,1.61555,1.60,1.40
2009.12.18 21:32:44.761,1.61515,1.61555,2.40,1.40
2009.12.18 21:33:01.116,1.61515,1.6156,4.00,4.60
2009.12.18 21:33:01.277,1.61515,1.61555,4.10,1.00
2009.12.18 21:33:01.626,1.61515,1.61555,2.50,2.20
2009.12.18 21:33:02.136,1.61515,1.61555,2.40,3.00
2009.12.18 21:33:02.786,1.61515,1.61555,2.40,2.20
2009.12.18 21:33:03.006,1.61515,1.61555,2.40,1.40
2009.12.18 21:33:36.088,1.61515,1.61555,2.50,2.20
2009.12.18 21:33:37.088,1.6152,1.61555,2.40,2.20
2009.12.18 21:33:37.968,1.6152,1.61555,2.40,1.40
2009.12.18 21:33:38.627,1.61515,1.61555,2.40,1.40
2009.12.18 21:33:46.046,1.61515,1.61555,2.40,3.00
2009.12.18 21:33:55.243,1.61515,1.61555,2.40,4.60
2009.12.18 21:34:00.042,1.61515,1.61555,2.40,3.80
2009.12.18 21:34:00.262,1.61515,1.61555,2.40,3.00
2009.12.18 21:34:02.022,1.61515,1.61555,1.00,3.00
2009.12.18 21:34:05.421,1.61515,1.61555,1.60,3.00
2009.12.18 21:34:06.481,1.61515,1.61555,2.40,3.00
2009.12.18 21:34:18.658,1.61515,1.61555,2.40,3.70
2009.12.18 21:34:18.938,1.61515,1.61555,2.40,3.00
2009.12.18 21:34:21.847,1.61515,1.61555,2.40,3.70
2009.12.18 21:34:22.137,1.61515,1.61555,2.40,3.00
2009.12.18 21:34:28.855,1.61515,1.61555,2.40,3.70
2009.12.18 21:34:29.026,1.61515,1.61555,2.40,3.00
2009.12.18 21:34:42.392,1.61515,1.6156,3.20,3.70
2009.12.18 21:34:42.632,1.61515,1.6156,2.20,3.70
2009.12.18 21:34:43.842,1.6152,1.6156,1.00,3.70
2009.12.18 21:34:44.771,1.6152,1.6156,1.70,3.70
2009.12.18 21:34:44.932,1.61525,1.6156,1.00,3.70
2009.12.18 21:34:47.551,1.61525,1.6156,2.50,3.70
2009.12.18 21:34:52.549,1.61525,1.6156,2.50,3.00
2009.12.18 21:35:31.520,1.6153,1.6156,1.00,3.00
2009.12.18 21:35:31.690,1.6153,1.6156,2.40,3.00
2009.12.18 21:35:32.940,1.6153,1.6156,1.60,3.00
2009.12.18 21:35:33.280,1.61525,1.6156,2.50,3.00
2009.12.18 21:35:55.964,1.61525,1.6156,1.00,3.00
2009.12.18 21:36:00.503,1.61525,1.6156,1.70,3.00
2009.12.18 21:36:05.362,1.61525,1.6156,2.50,3.00
2009.12.18 21:36:10.991,1.61525,1.6156,2.50,3.80
2009.12.18 21:36:13.020,1.61525,1.6156,2.50,3.00
2009.12.18 21:36:24.047,1.61525,1.6156,2.50,4.60
2009.12.18 21:36:24.328,1.61525,1.6156,1.70,3.60
2009.12.18 21:36:24.497,1.61525,1.6156,1.60,5.20
2009.12.18 21:36:24.668,1.6152,1.6156,1.00,5.20
2009.12.18 21:36:25.927,1.61515,1.6156,4.30,5.30
2009.12.18 21:36:28.557,1.6152,1.6156,1.00,3.20
2009.12.18 21:36:30.456,1.6152,1.6156,1.70,3.20
2009.12.18 21:36:30.746,1.6152,1.6156,2.50,3.20
2009.12.18 21:37:18.375,1.6152,1.6156,2.50,3.00
2009.12.18 21:37:21.924,1.61525,1.6156,1.00,3.00
2009.12.18 21:37:25.543,1.61525,1.6156,1.00,3.80
2009.12.18 21:37:25.653,1.61525,1.61555,1.00,3.00
2009.12.18 21:37:28.972,1.6152,1.61555,2.50,3.00
2009.12.18 21:37:39.219,1.6152,1.6156,2.50,3.20
2009.12.18 21:37:44.368,1.6152,1.6156,1.70,3.00
2009.12.18 21:37:44.548,1.61525,1.6156,1.00,3.00
2009.12.18 21:37:45.478,1.6152,1.6156,1.00,3.00
2009.12.18 21:37:48.777,1.6152,1.6156,1.00,3.20
2009.12.18 21:37:49.397,1.6152,1.6156,1.00,3.00
2009.12.18 21:37:50.847,1.6152,1.6156,1.00,3.00
2009.12.18 21:37:51.446,1.6152,1.6156,2.50,3.00
2009.12.18 21:37:52.936,1.6152,1.6156,2.50,3.20
2009.12.18 21:37:58.395,1.61515,1.6156,4.90,3.20
2009.12.18 21:37:58.625,1.6152,1.6156,1.00,3.20
2009.12.18 21:38:04.093,1.6152,1.61555,1.00,1.00
2009.12.18 21:38:04.613,1.6152,1.6156,1.00,3.20
2009.12.18 21:38:07.833,1.6152,1.61555,1.00,1.00
2009.12.18 21:38:10.282,1.6152,1.6156,1.00,3.20
2009.12.18 21:38:16.840,1.6152,1.61555,1.00,1.00
2009.12.18 21:38:29.957,1.61525,1.61555,1.60,1.00
2009.12.18 21:38:30.008,1.61525,1.61555,2.00,1.00
2009.12.18 21:38:30.237,1.61525,1.6157,2.00,1.00
2009.12.18 21:38:30.447,1.61525,1.61575,2.00,1.00
2009.12.18 21:38:31.387,1.6153,1.61575,2.40,1.00
2009.12.18 21:38:31.787,1.61535,1.61575,1.00,1.00
2009.12.18 21:38:32.127,1.61535,1.61575,1.00,1.00
2009.12.18 21:38:32.457,1.61535,1.61575,1.00,1.00
2009.12.18 21:38:32.976,1.6154,1.61575,1.00,1.00
2009.12.18 21:38:34.006,1.61535,1.61565,2.40,1.40
2009.12.18 21:38:34.246,1.61525,1.61565,1.00,4.60
2009.12.18 21:38:34.466,1.6152,1.61565,2.50,4.60
2009.12.18 21:38:34.706,1.6152,1.61565,2.50,6.10
2009.12.18 21:38:35.786,1.6152,1.61565,2.50,6.30
2009.12.18 21:38:37.026,1.6152,1.6156,2.50,1.00
2009.12.18 21:38:47.943,1.6152,1.61565,2.50,3.10
2009.12.18 21:38:48.183,1.6152,1.6157,2.50,1.00
2009.12.18 21:38:49.472,1.61525,1.6157,1.00,1.00
2009.12.18 21:38:49.762,1.61525,1.6157,2.40,1.00
2009.12.18 21:38:49.933,1.6153,1.6157,1.00,1.00
2009.12.18 21:38:52.352,1.6153,1.6157,1.00,1.00
2009.12.18 21:38:53.052,1.6153,1.6157,2.50,1.00
2009.12.18 21:38:53.342,1.6153,1.6157,2.50,3.20
2009.12.18 21:38:53.801,1.6153,1.61565,2.50,1.60
2009.12.18 21:38:55.741,1.6153,1.61565,4.10,1.60
2009.12.18 21:38:57.900,1.61535,1.61565,1.60,1.60
2009.12.18 21:39:12.527,1.61535,1.61575,1.60,4.80
2009.12.18 21:39:13.407,1.61535,1.61575,1.70,4.80
2009.12.18 21:39:14.127,1.61535,1.61575,3.30,4.80
2009.12.18 21:39:14.466,1.61535,1.61575,4.10,4.80
2009.12.18 21:39:19.795,1.61535,1.61575,4.00,4.80
2009.12.18 21:39:19.956,1.61535,1.61575,3.20,4.80
2009.12.18 21:39:20.125,1.61535,1.61575,1.60,4.80
2009.12.18 21:39:21.785,1.61535,1.6157,1.60,1.00
2009.12.18 21:39:28.293,1.61535,1.61565,1.60,1.60
2009.12.18 21:39:31.362,1.6154,1.6157,1.60,1.60
2009.12.18 21:39:33.042,1.6154,1.6157,1.70,1.60
2009.12.18 21:39:33.902,1.6154,1.6157,4.10,1.60
2009.12.18 21:39:34.832,1.61545,1.6157,1.00,1.60
2009.12.18 21:39:40.580,1.6154,1.61575,4.10,4.60
2009.12.18 21:39:49.708,1.6154,1.6158,1.00,5.20
2009.12.18 21:39:50.208,1.6154,1.61565,1.00,1.40
2009.12.18 21:39:50.558,1.61535,1.61565,2.40,3.00
2009.12.18 21:39:50.898,1.61525,1.61565,1.60,3.80
2009.12.18 21:39:51.918,1.61515,1.61565,4.00,1.70
2009.12.18 21:39:52.268,1.61515,1.6156,6.40,1.00
2009.12.18 21:39:54.007,1.61515,1.6156,3.20,1.00
2009.12.18 21:39:54.347,1.61515,1.6156,1.60,1.00
2009.12.18 21:39:54.457,1.61515,1.61555,1.60,1.00
2009.12.18 21:39:56.707,1.6152,1.61565,3.20,3.20
2009.12.18 21:39:56.997,1.6152,1.61565,6.30,1.60
2009.12.18 21:39:57.226,1.6152,1.6155,3.20,1.00
2009.12.18 21:39:57.506,1.6151,1.6155,2.40,2.00
2009.12.18 21:39:57.906,1.6151,1.6155,1.60,2.00
2009.12.18 21:39:59.126,1.6151,1.61555,1.60,6.40
2009.12.18 21:39:59.466,1.6151,1.6155,1.60,2.00
2009.12.18 21:40:01.035,1.6151,1.6155,1.60,2.10
2009.12.18 21:40:01.705,1.6151,1.61555,3.90,4.40
2009.12.18 21:40:01.885,1.6151,1.61555,5.50,4.40
2009.12.18 21:40:02.115,1.6152,1.61555,1.60,4.40
2009.12.18 21:40:02.235,1.6152,1.6157,1.60,5.80
2009.12.18 21:40:02.345,1.6152,1.6157,1.60,5.70
2009.12.18 21:40:03.045,1.6153,1.6157,1.00,7.30
2009.12.18 21:40:03.395,1.6153,1.6157,1.00,4.30
2009.12.18 21:40:04.085,1.61535,1.6157,1.00,3.60
2009.12.18 21:40:04.705,1.6154,1.61575,1.00,1.00
2009.12.18 21:40:04.884,1.6154,1.6159,2.40,3.00
2009.12.18 21:40:05.164,1.6154,1.6159,4.00,3.00
2009.12.18 21:40:05.804,1.6155,1.6159,1.00,3.00
2009.12.18 21:40:06.154,1.6155,1.6159,1.00,3.00
2009.12.18 21:40:06.864,1.61555,1.6159,1.00,1.40
2009.12.18 21:40:07.334,1.61555,1.61595,1.00,3.20
2009.12.18 21:40:07.834,1.6155,1.61595,4.00,3.20
2009.12.18 21:40:08.054,1.6155,1.6159,1.60,3.00
2009.12.18 21:40:08.293,1.6154,1.6159,5.70,3.80
2009.12.18 21:40:08.823,1.6154,1.6159,5.70,3.00
2009.12.18 21:40:09.053,1.6154,1.61585,5.70,1.00
2009.12.18 21:40:16.852,1.6154,1.61585,4.90,1.00
2009.12.18 21:40:17.151,1.6154,1.61585,3.30,1.00
2009.12.18 21:40:17.731,1.6154,1.61585,4.90,1.00
2009.12.18 21:40:17.952,1.61545,1.61585,1.00,1.00
2009.12.18 21:40:18.951,1.61545,1.61585,1.70,1.00
2009.12.18 21:40:19.521,1.61545,1.61585,2.50,1.00
2009.12.18 21:40:20.101,1.61545,1.61585,1.70,1.70
2009.12.18 21:40:20.321,1.61545,1.61585,1.60,1.60
2009.12.18 21:40:20.601,1.6154,1.61585,5.70,1.60
2009.12.18 21:40:22.300,1.6154,1.61585,5.70,1.70
2009.12.18 21:40:23.150,1.6154,1.6158,5.70,1.00
2009.12.18 21:40:24.989,1.61545,1.6158,1.60,1.00
2009.12.18 21:40:26.979,1.61545,1.61585,1.60,1.00
2009.12.18 21:40:27.859,1.61545,1.61585,1.70,1.00
2009.12.18 21:40:28.209,1.61545,1.61585,2.50,1.00
2009.12.18 21:40:28.499,1.61545,1.61585,4.10,1.00
2009.12.18 21:40:29.338,1.61545,1.61585,5.70,1.00
2009.12.18 21:40:30.028,1.6155,1.61585,1.60,1.00
2009.12.18 21:40:31.258,1.6155,1.61585,3.20,1.00
2009.12.18 21:40:31.668,1.6155,1.61585,4.00,1.00
2009.12.18 21:40:31.848,1.6155,1.6159,3.20,1.00
2009.12.18 21:40:32.068,1.6155,1.61585,3.20,1.00
2009.12.18 21:40:32.298,1.6155,1.61585,4.00,1.60
2009.12.18 21:40:33.867,1.6155,1.61585,4.00,1.70
2009.12.18 21:40:34.157,1.6155,1.61585,3.20,1.70
2009.12.18 21:40:34.497,1.6155,1.6158,3.20,1.00
2009.12.18 21:40:34.607,1.6155,1.6158,3.20,1.00
2009.12.18 21:40:35.827,1.61555,1.6159,3.20,1.00
2009.12.18 21:40:36.057,1.6156,1.6159,3.20,1.00
2009.12.18 21:40:38.626,1.61565,1.6161,5.90,1.00
2009.12.18 21:40:38.906,1.6157,1.6162,1.60,1.00
2009.12.18 21:40:39.136,1.6157,1.6162,3.90,1.00
2009.12.18 21:40:39.316,1.61575,1.6162,3.20,1.00
2009.12.18 21:40:40.066,1.61575,1.6162,3.30,1.00
2009.12.18 21:40:40.466,1.61575,1.6162,3.30,3.20
2009.12.18 21:40:41.385,1.61565,1.616,4.00,2.40
2009.12.18 21:40:41.675,1.61565,1.616,3.20,2.40
2009.12.18 21:40:42.795,1.61565,1.61595,1.60,1.00
2009.12.18 21:40:43.065,1.6156,1.61595,4.00,2.40
2009.12.18 21:40:43.405,1.6156,1.61595,3.20,2.40
2009.12.18 21:40:44.435,1.6156,1.61595,1.60,2.40
2009.12.18 21:40:44.775,1.6156,1.6159,1.60,1.00
2009.12.18 21:40:44.945,1.6156,1.6159,3.20,1.00
2009.12.18 21:40:49.504,1.6156,1.61605,4.80,3.70
2009.12.18 21:40:49.614,1.6157,1.61605,3.20,1.00
2009.12.18 21:40:49.784,1.6157,1.61605,3.20,1.00
2009.12.18 21:40:50.073,1.61575,1.61605,1.60,1.00
2009.12.18 21:40:50.364,1.61575,1.6161,3.20,1.00
2009.12.18 21:40:51.123,1.6158,1.6161,4.00,1.00
2009.12.18 21:40:51.353,1.61585,1.61635,2.40,1.00
2009.12.18 21:40:52.103,1.6159,1.61635,1.00,1.00
2009.12.18 21:40:52.643,1.61585,1.6163,2.50,1.00
2009.12.18 21:40:52.983,1.6158,1.6162,2.50,5.40
2009.12.18 21:40:53.373,1.61575,1.61615,1.70,5.40
2009.12.18 21:40:53.672,1.61575,1.61615,1.00,5.40
2009.12.18 21:40:54.022,1.6156,1.616,1.60,4.60
2009.12.18 21:40:54.312,1.61555,1.616,1.60,4.60
2009.12.18 21:40:54.482,1.6156,1.616,1.60,3.20
2009.12.18 21:40:54.653,1.6156,1.61605,1.60,1.00
2009.12.18 21:40:54.813,1.61575,1.6161,2.40,3.70
2009.12.18 21:40:54.973,1.61575,1.61615,4.00,1.00
2009.12.18 21:40:55.092,1.61575,1.61625,4.00,1.00
2009.12.18 21:40:55.572,1.61575,1.61625,5.60,1.00
2009.12.18 21:40:56.122,1.6158,1.61625,1.00,1.00
2009.12.18 21:40:56.412,1.61585,1.6163,1.00,1.00
2009.12.18 21:40:56.692,1.61565,1.6162,6.30,3.00
2009.12.18 21:40:57.042,1.61565,1.6162,3.20,3.10
2009.12.18 21:40:58.031,1.6158,1.6162,2.40,1.00
2009.12.18 21:40:58.372,1.6158,1.6163,2.40,1.00
2009.12.18 21:40:58.902,1.61585,1.6163,2.10,1.00
2009.12.18 21:40:59.131,1.61585,1.61635,2.10,1.00
2009.12.18 21:41:00.361,1.61585,1.61635,2.50,1.00
2009.12.18 21:41:01.221,1.6159,1.61635,1.00,1.00
2009.12.18 21:41:01.511,1.6159,1.61635,1.70,1.60
2009.12.18 21:41:01.801,1.61585,1.6163,1.70,1.00
2009.12.18 21:41:02.101,1.61585,1.61625,1.70,1.00
2009.12.18 21:41:02.330,1.61585,1.61625,2.50,1.00
2009.12.18 21:41:04.500,1.61595,1.61625,1.60,1.00
2009.12.18 21:41:09.949,1.61595,1.6163,1.60,1.00
2009.12.18 21:41:10.299,1.61595,1.61625,1.60,1.00
2009.12.18 21:41:16.088,1.61595,1.6163,1.60,1.00
2009.12.18 21:41:17.297,1.61595,1.61625,1.60,1.00
2009.12.18 21:41:22.436,1.61595,1.6163,1.60,1.00
2009.12.18 21:41:33.233,1.6159,1.6163,1.60,1.00
2009.12.18 21:41:33.523,1.61585,1.61625,1.60,3.20
2009.12.18 21:41:33.753,1.61575,1.61625,3.90,4.00
2009.12.18 21:41:34.053,1.61575,1.61625,1.60,4.10
2009.12.18 21:41:34.333,1.6157,1.6162,1.60,1.00
2009.12.18 21:41:34.923,1.61565,1.6161,4.00,1.40
2009.12.18 21:41:35.223,1.61565,1.6161,3.20,1.40
2009.12.18 21:41:36.672,1.61565,1.6161,1.60,1.40
2009.12.18 21:41:40.351,1.6156,1.61605,3.20,1.40
2009.12.18 21:41:41.101,1.6156,1.61605,3.20,1.60
2009.12.18 21:41:41.641,1.6156,1.61605,3.20,1.40
2009.12.18 21:41:41.931,1.61565,1.6161,3.20,3.80
2009.12.18 21:41:42.221,1.61565,1.6161,3.20,3.00
2009.12.18 21:41:47.070,1.61565,1.61615,4.80,3.00
2009.12.18 21:41:47.410,1.61565,1.61615,5.60,3.00
2009.12.18 21:41:47.750,1.61565,1.61615,5.70,3.00
2009.12.18 21:41:49.959,1.6157,1.61615,1.60,3.00
2009.12.18 21:41:50.189,1.61585,1.61615,1.60,3.00
2009.12.18 21:41:50.249,1.61585,1.61615,2.00,3.00
2009.12.18 21:41:50.373,1.61585,1.6163,2.00,1.00
2009.12.18 21:41:51.989,1.61585,1.6163,2.10,1.00
2009.12.18 21:41:52.908,1.6159,1.6163,1.00,1.00
2009.12.18 21:41:55.978,1.6159,1.6163,1.70,1.00
2009.12.18 21:41:56.208,1.6159,1.6163,2.50,1.00
2009.12.18 21:42:00.297,1.61595,1.6163,1.60,1.00
2009.12.18 21:42:06.445,1.61595,1.61635,1.60,1.00
2009.12.18 21:42:08.964,1.61585,1.61625,1.00,1.60
2009.12.18 21:42:09.234,1.6158,1.6162,2.40,3.80
2009.12.18 21:42:09.584,1.6157,1.6162,3.20,1.00
2009.12.18 21:42:09.884,1.6157,1.6162,4.00,1.00
2009.12.18 21:42:13.713,1.6157,1.6162,5.60,1.00
2009.12.18 21:42:22.851,1.6159,1.6164,1.00,1.00
2009.12.18 21:42:23.791,1.61595,1.61635,1.00,1.00
2009.12.18 21:42:30.239,1.61595,1.61635,1.70,1.00
2009.12.18 21:42:34.568,1.61595,1.61635,1.60,1.00
2009.12.18 21:42:35.618,1.61595,1.6163,1.60,1.00
2009.12.18 21:43:01.752,1.61595,1.6163,3.20,1.00
2009.12.18 21:43:02.102,1.61595,1.6164,3.20,3.90
2009.12.18 21:43:02.492,1.61605,1.6165,1.60,2.00
2009.12.18 21:43:02.851,1.61605,1.6165,3.20,1.60
2009.12.18 21:43:07.980,1.6161,1.61655,5.60,3.00
2009.12.18 21:43:08.440,1.6161,1.61655,3.20,3.00
2009.12.18 21:43:09.590,1.61605,1.61655,6.50,3.00
2009.12.18 21:43:09.760,1.61605,1.61655,6.40,3.00
2009.12.18 21:43:15.159,1.61605,1.61655,6.30,3.00
2009.12.18 21:43:15.279,1.61605,1.61655,6.30,3.80
2009.12.18 21:43:15.399,1.61605,1.6165,3.10,3.00
2009.12.18 21:43:15.518,1.61605,1.61645,3.10,3.00
2009.12.18 21:43:15.568,1.61605,1.61645,2.40,3.00
2009.12.18 21:43:15.628,1.616,1.61645,2.30,3.00
2009.12.18 21:43:15.798,1.616,1.61645,1.60,3.00
2009.12.18 21:43:16.088,1.616,1.6164,1.60,1.40
2009.12.18 21:43:18.288,1.61595,1.6164,3.20,3.00
2009.12.18 21:43:18.818,1.61595,1.6163,1.60,2.00
2009.12.18 21:43:19.167,1.6158,1.6163,1.00,2.00
2009.12.18 21:43:19.567,1.6158,1.6163,1.00,5.10
2009.12.18 21:43:20.267,1.6158,1.6163,1.00,5.30
2009.12.18 21:43:20.967,1.6158,1.61625,1.00,1.00
2009.12.18 21:43:21.257,1.61575,1.6162,2.40,1.70
2009.12.18 21:43:21.427,1.6157,1.6162,3.20,1.70
2009.12.18 21:43:21.967,1.6157,1.6162,3.20,3.20
2009.12.18 21:43:24.796,1.6157,1.6162,3.20,3.30
2009.12.18 21:43:25.256,1.6157,1.6162,3.20,4.10
2009.12.18 21:43:25.786,1.6157,1.6162,4.80,4.10
2009.12.18 21:43:26.076,1.6157,1.6162,5.60,4.10
2009.12.18 21:43:29.315,1.61575,1.6162,1.60,2.50
2009.12.18 21:43:29.495,1.61575,1.6162,3.20,1.00
2009.12.18 21:43:46.811,1.61575,1.61615,3.20,1.00
2009.12.18 21:43:47.041,1.61575,1.6162,3.20,1.00
2009.12.18 21:43:53.579,1.6157,1.61615,3.20,1.60
2009.12.18 21:43:53.819,1.6157,1.6162,3.20,4.00
2009.12.18 21:43:56.199,1.61565,1.6161,3.30,1.00
2009.12.18 21:43:57.119,1.61565,1.61605,3.30,1.00
2009.12.18 21:43:57.468,1.61565,1.61585,3.30,1.00
2009.12.18 21:43:59.398,1.61565,1.61585,3.30,1.00
2009.12.18 21:43:59.638,1.61575,1.61605,1.60,3.10
2009.12.18 21:43:59.938,1.61555,1.61605,4.90,6.80
2009.12.18 21:43:59.988,1.61555,1.61605,4.90,7.60
2009.12.18 21:44:00.737,1.6156,1.61605,1.60,7.60
2009.12.18 21:44:00.788,1.6156,1.61605,4.80,6.00
2009.12.18 21:44:00.838,1.6158,1.61605,1.60,6.00
2009.12.18 21:44:01.118,1.6158,1.61605,1.60,1.00
2009.12.18 21:44:01.357,1.6158,1.6162,1.60,1.00
2009.12.18 21:44:01.577,1.6158,1.6162,3.20,1.00
2009.12.18 21:44:06.136,1.6158,1.6162,1.60,1.00
2009.12.18 21:44:07.486,1.6158,1.61625,2.40,1.80
2009.12.18 21:44:07.546,1.61585,1.61625,1.60,1.80
2009.12.18 21:44:08.246,1.6159,1.61625,1.60,1.70
2009.12.18 21:44:09.805,1.6159,1.61625,1.60,1.60
2009.12.18 21:44:09.985,1.6159,1.61625,1.60,1.70
2009.12.18 21:44:12.765,1.6159,1.61625,1.60,1.60
2009.12.18 21:44:12.985,1.6159,1.61625,4.00,1.60
2009.12.18 21:44:13.105,1.61595,1.61635,1.60,1.00
2009.12.18 21:44:13.275,1.616,1.6164,1.60,1.40
2009.12.18 21:44:13.454,1.61605,1.6165,1.60,1.40
2009.12.18 21:44:13.745,1.61605,1.6165,3.20,1.40
2009.12.18 21:44:15.924,1.61605,1.61655,3.20,1.40
2009.12.18 21:44:16.094,1.61605,1.61655,5.60,1.40
2009.12.18 21:44:16.934,1.61605,1.6165,5.60,1.40
2009.12.18 21:44:17.514,1.61605,1.6165,3.20,1.40
2009.12.18 21:44:19.063,1.61605,1.6165,3.90,1.40
2009.12.18 21:44:19.473,1.61605,1.6165,3.20,3.00
2009.12.18 21:44:20.163,1.616,1.61645,4.00,1.40
2009.12.18 21:44:20.333,1.616,1.61645,3.20,1.40
2009.12.18 21:44:20.453,1.616,1.6165,4.80,1.40
2009.12.18 21:44:20.573,1.61605,1.6165,1.60,1.40
2009.12.18 21:44:21.253,1.6161,1.61655,2.30,3.00
2009.12.18 21:44:21.373,1.6162,1.61655,2.40,3.00
2009.12.18 21:44:23.242,1.6161,1.61655,3.20,3.00
2009.12.18 21:44:23.642,1.6161,1.61655,1.60,3.00
2009.12.18 21:44:24.382,1.6161,1.61655,1.60,3.20
2009.12.18 21:44:25.862,1.6161,1.6165,1.60,1.60
2009.12.18 21:44:26.261,1.6161,1.6165,1.60,1.50
2009.12.18 21:44:26.381,1.61605,1.6165,4.80,1.60
2009.12.18 21:44:26.441,1.61605,1.6165,5.60,1.60
2009.12.18 21:44:27.711,1.6161,1.6165,1.60,1.60
2009.12.18 21:44:36.349,1.6161,1.6165,1.60,1.40
2009.12.18 21:44:36.519,1.6161,1.61655,1.60,5.70
2009.12.18 21:44:36.869,1.6161,1.61655,3.20,3.20
2009.12.18 21:44:37.199,1.61615,1.61655,1.60,1.70
2009.12.18 21:44:37.599,1.6161,1.61655,3.20,1.70
2009.12.18 21:44:37.778,1.6161,1.61655,3.30,1.70
2009.12.18 21:44:38.748,1.61615,1.61655,1.00,1.60
2009.12.18 21:44:39.098,1.61615,1.61655,1.00,1.70
2009.12.18 21:44:39.438,1.61615,1.61655,1.00,3.20
2009.12.18 21:44:39.788,1.61615,1.61655,1.00,3.10
2009.12.18 21:44:40.128,1.61615,1.61655,1.00,3.20
2009.12.18 21:44:40.478,1.6161,1.61655,4.80,3.20
2009.12.18 21:44:40.708,1.6161,1.61655,3.20,4.80
2009.12.18 21:44:40.878,1.6161,1.61655,1.60,4.80
2009.12.18 21:44:41.408,1.6161,1.61655,1.60,4.90
2009.12.18 21:44:41.928,1.6161,1.6165,1.60,1.00
2009.12.18 21:44:44.927,1.61605,1.6165,5.60,1.60
2009.12.18 21:44:45.047,1.61605,1.6165,4.00,1.60
2009.12.18 21:44:45.427,1.61605,1.6165,4.00,3.20
2009.12.18 21:45:02.293,1.6161,1.6165,1.60,1.00
2009.12.18 21:45:05.402,1.61605,1.6165,4.00,1.00
2009.12.18 21:45:05.462,1.61605,1.6165,2.40,1.00
2009.12.18 21:45:24.507,1.61605,1.6165,1.60,1.00
2009.12.18 21:45:24.987,1.616,1.6165,2.50,1.00
2009.12.18 21:45:26.237,1.61605,1.6165,1.00,1.00
2009.12.18 21:45:26.817,1.61605,1.6165,2.40,1.00
2009.12.18 21:45:37.934,1.61605,1.6165,2.40,1.70
2009.12.18 21:45:38.214,1.61585,1.61645,2.40,4.40
2009.12.18 21:45:38.444,1.61575,1.61645,2.50,5.20
2009.12.18 21:45:38.734,1.61575,1.6164,1.00,1.00
2009.12.18 21:45:39.414,1.61575,1.61645,2.50,5.30
2009.12.18 21:45:48.672,1.6158,1.61645,2.40,5.30
2009.12.18 21:45:49.971,1.61585,1.61645,1.70,5.30
2009.12.18 21:45:50.091,1.6159,1.61645,1.00,4.60
2009.12.18 21:45:50.211,1.6159,1.61645,1.00,4.50
2009.12.18 21:45:50.501,1.6159,1.61645,1.00,5.20
2009.12.18 21:45:50.611,1.6159,1.61645,1.00,5.30
2009.12.18 21:45:50.731,1.6159,1.61645,1.00,4.60
2009.12.18 21:45:51.491,1.6159,1.61645,2.40,4.40
2009.12.18 21:45:51.671,1.6159,1.61645,1.00,4.40
2009.12.18 21:45:52.001,1.61595,1.61645,1.00,4.40
2009.12.18 21:45:52.481,1.61595,1.61645,1.00,4.40
2009.12.18 21:45:52.940,1.61595,1.61645,2.50,4.40
2009.12.18 21:45:53.230,1.616,1.61645,2.40,4.40
2009.12.18 21:46:01.729,1.616,1.61645,1.60,4.40
2009.12.18 21:46:01.958,1.61595,1.61645,2.40,4.40
2009.12.18 21:46:02.189,1.61595,1.61645,1.00,4.40
2009.12.18 21:46:02.488,1.61595,1.61645,1.00,4.50
2009.12.18 21:46:04.648,1.6159,1.6165,2.50,7.10
2009.12.18 21:46:04.818,1.6159,1.61645,1.70,4.60
2009.12.18 21:46:04.988,1.6159,1.61645,1.60,4.60
2009.12.18 21:46:05.108,1.6159,1.61645,1.60,5.30
2009.12.18 21:46:05.288,1.6158,1.61645,1.00,5.30
2009.12.18 21:46:07.687,1.61585,1.61645,2.40,5.30
2009.12.18 21:46:09.127,1.6159,1.61645,2.40,5.30
2009.12.18 21:46:09.476,1.6159,1.61645,2.40,4.60
2009.12.18 21:46:10.366,1.6159,1.61645,2.50,4.60
2009.12.18 21:46:10.716,1.6159,1.61645,2.50,5.30
2009.12.18 21:46:11.186,1.6159,1.61645,2.50,4.60
2009.12.18 21:46:13.205,1.6159,1.61645,4.10,4.60
2009.12.18 21:46:13.366,1.6159,1.61645,3.70,4.40
2009.12.18 21:46:13.596,1.6159,1.6165,2.10,1.00
2009.12.18 21:46:13.775,1.6159,1.6165,2.10,1.00
2009.12.18 21:46:14.575,1.61595,1.6165,1.00,1.00
2009.12.18 21:46:14.915,1.616,1.6165,1.00,1.00
2009.12.18 21:46:15.895,1.616,1.6165,1.70,1.00
2009.12.18 21:46:16.235,1.616,1.6165,2.50,1.00
2009.12.18 21:46:17.864,1.61605,1.6165,1.60,1.00
2009.12.18 21:46:18.324,1.61605,1.6165,2.40,1.00
2009.12.18 21:46:21.604,1.61625,1.6165,1.00,1.00
2009.12.18 21:46:25.453,1.61605,1.6165,2.40,1.00
2009.12.18 21:46:25.633,1.61605,1.61655,2.40,2.60
2009.12.18 21:46:25.803,1.61605,1.61655,1.60,1.80
2009.12.18 21:46:25.973,1.616,1.61655,2.10,1.70
2009.12.18 21:46:26.732,1.61615,1.61655,1.00,1.70
2009.12.18 21:46:28.092,1.61615,1.61655,1.00,1.70
2009.12.18 21:46:29.962,1.61615,1.61655,2.00,1.70
2009.12.18 21:46:30.311,1.61615,1.61655,2.80,1.70
2009.12.18 21:46:35.680,1.61615,1.61655,4.40,1.70
2009.12.18 21:46:39.319,1.61605,1.61655,2.40,1.70
2009.12.18 21:46:39.899,1.61605,1.6165,2.40,1.00
2009.12.18 21:47:41.654,1.61605,1.61655,2.40,2.40
2009.12.18 21:47:52.242,1.61595,1.6164,4.20,1.00
2009.12.18 21:47:52.582,1.61595,1.6165,4.40,1.00
2009.12.18 21:47:53.831,1.616,1.6165,1.70,1.00
2009.12.18 21:47:54.241,1.616,1.6165,2.50,1.00
2009.12.18 21:47:55.801,1.61605,1.6165,1.60,1.00
2009.12.18 21:47:56.461,1.61605,1.6165,2.40,1.00
2009.12.18 21:48:00.480,1.61605,1.6165,1.60,2.10
2009.12.18 21:48:00.650,1.61595,1.6165,4.40,2.80
2009.12.18 21:48:00.940,1.61595,1.61645,4.40,1.00
2009.12.18 21:48:02.099,1.61595,1.6164,4.40,1.00
2009.12.18 21:48:02.849,1.61595,1.61635,4.40,1.00
2009.12.18 21:48:06.478,1.61595,1.61645,4.40,1.60
2009.12.18 21:48:06.598,1.616,1.6165,2.40,1.00
2009.12.18 21:48:06.938,1.616,1.6165,2.40,1.00
2009.12.18 21:48:07.878,1.616,1.6165,2.50,1.00
2009.12.18 21:48:08.968,1.61605,1.6165,2.40,1.00
2009.12.18 21:48:09.658,1.616,1.61645,2.40,4.40
2009.12.18 21:48:17.686,1.616,1.61645,1.60,4.40
2009.12.18 21:48:18.026,1.6159,1.61645,2.50,4.40
2009.12.18 21:48:18.945,1.6159,1.61645,2.50,4.50
2009.12.18 21:48:20.475,1.61595,1.61645,1.00,4.50
2009.12.18 21:48:20.815,1.61595,1.61645,2.40,4.50
2009.12.18 21:48:33.542,1.61595,1.61645,1.00,4.50
2009.12.18 21:48:36.391,1.61595,1.61645,1.00,4.40
2009.12.18 21:48:36.561,1.61595,1.61645,1.60,4.40
2009.12.18 21:48:37.571,1.616,1.61645,1.00,4.40
2009.12.18 21:48:37.811,1.616,1.61645,1.60,4.40
2009.12.18 21:48:38.231,1.616,1.61645,2.40,4.40
2009.12.18 21:48:39.351,1.616,1.61645,1.00,4.40
2009.12.18 21:48:46.889,1.61595,1.61645,2.40,4.50
2009.12.18 21:48:47.239,1.61595,1.61645,1.00,4.50
2009.12.18 21:48:50.758,1.6159,1.61645,2.50,4.50
2009.12.18 21:48:53.997,1.6159,1.61645,3.20,4.50
2009.12.18 21:49:01.415,1.6159,1.61645,2.50,4.50
2009.12.18 21:49:03.065,1.6159,1.61645,1.00,4.50
2009.12.18 21:49:07.864,1.6159,1.61645,2.50,4.50
2009.12.18 21:49:10.983,1.6159,1.61645,2.50,1.00
2009.12.18 21:49:17.301,1.6159,1.61645,2.40,1.00
2009.12.18 21:49:17.881,1.6159,1.61645,1.00,1.00
2009.12.18 21:49:19.631,1.6158,1.6165,3.20,1.00
2009.12.18 21:49:19.971,1.61605,1.61655,2.40,1.00
2009.12.18 21:49:20.311,1.61605,1.6166,2.40,1.00
2009.12.18 21:49:20.431,1.6161,1.6168,2.40,1.00
2009.12.18 21:49:20.550,1.61615,1.6168,2.40,1.00
2009.12.18 21:49:21.960,1.6163,1.61675,2.50,1.00
2009.12.18 21:49:22.180,1.61635,1.6169,1.00,1.70
2009.12.18 21:49:22.410,1.61635,1.6169,2.50,1.00
2009.12.18 21:49:23.950,1.61645,1.6169,1.00,1.00
2009.12.18 21:49:25.269,1.6165,1.6169,1.00,1.00
2009.12.18 21:49:25.619,1.61625,1.61685,2.40,4.40
2009.12.18 21:49:25.969,1.61615,1.6168,2.40,1.00
2009.12.18 21:49:26.189,1.616,1.6167,4.80,1.00
2009.12.18 21:49:26.479,1.6161,1.6168,2.40,1.00
2009.12.18 21:49:26.949,1.61595,1.61665,2.40,1.00
2009.12.18 21:49:27.929,1.61595,1.6166,2.40,1.00
2009.12.18 21:49:28.209,1.61595,1.61655,2.40,1.00
2009.12.18 21:49:28.439,1.61585,1.6166,3.10,1.00
2009.12.18 21:49:28.788,1.6159,1.6166,2.40,1.00
2009.12.18 21:49:32.108,1.6158,1.61655,4.80,1.00
2009.12.18 21:49:32.518,1.61585,1.6165,2.40,1.00
2009.12.18 21:49:33.208,1.6158,1.61645,2.40,1.00
2009.12.18 21:49:33.727,1.61585,1.61645,2.40,1.00
2009.12.18 21:49:33.967,1.6158,1.61645,2.40,1.00
2009.12.18 21:49:35.427,1.61575,1.61645,2.50,1.00
2009.12.18 21:49:36.067,1.6158,1.61645,1.60,1.00
2009.12.18 21:49:36.247,1.6158,1.61645,4.00,1.00
2009.12.18 21:49:37.836,1.61585,1.61645,1.00,1.00
2009.12.18 21:49:38.356,1.61585,1.6165,1.00,1.00
2009.12.18 21:49:49.993,1.61585,1.6165,2.50,1.00
2009.12.18 21:49:51.623,1.61585,1.61655,2.50,1.00
2009.12.18 21:50:00.171,1.61585,1.61655,1.00,1.00
2009.12.18 21:50:00.471,1.61585,1.6165,1.00,1.00
2009.12.18 21:50:00.521,1.61585,1.6165,1.70,1.00
2009.12.18 21:50:00.691,1.6159,1.6165,1.00,1.00
2009.12.18 21:50:00.751,1.6159,1.61655,1.00,1.00
2009.12.18 21:50:00.981,1.6159,1.61655,1.00,1.00
2009.12.18 21:50:01.031,1.6159,1.61655,1.00,1.00
2009.12.18 21:50:02.380,1.6159,1.61655,1.00,1.00
2009.12.18 21:50:02.730,1.61605,1.61655,1.00,1.00
2009.12.18 21:50:02.911,1.61605,1.61655,1.00,1.00
2009.12.18 21:50:03.260,1.6161,1.61655,1.00,1.00
2009.12.18 21:50:04.870,1.6161,1.61665,1.70,1.60
2009.12.18 21:50:05.030,1.6161,1.61665,1.70,1.00
2009.12.18 21:50:05.200,1.6161,1.61675,1.00,1.00
2009.12.18 21:50:07.669,1.616,1.61675,1.00,1.00
2009.12.18 21:50:07.849,1.616,1.6167,1.00,1.00
2009.12.18 21:50:10.049,1.616,1.6167,1.00,1.00
2009.12.18 21:50:10.389,1.616,1.61665,1.00,1.00
2009.12.18 21:50:10.559,1.616,1.61665,1.70,1.00
2009.12.18 21:50:10.789,1.616,1.61665,2.40,1.00
2009.12.18 21:50:10.899,1.61605,1.61675,2.40,1.00
2009.12.18 21:50:11.878,1.61605,1.61675,2.50,1.00
2009.12.18 21:50:22.026,1.61635,1.61675,1.60,1.00
2009.12.18 21:50:22.316,1.61635,1.61675,2.40,1.00
2009.12.18 21:50:22.595,1.61635,1.617,2.40,1.60
2009.12.18 21:50:24.175,1.6165,1.6169,1.60,1.60
2009.12.18 21:50:24.525,1.6163,1.61685,1.00,1.00
2009.12.18 21:50:24.865,1.61615,1.61685,2.40,1.00
2009.12.18 21:50:25.225,1.6161,1.6168,2.40,1.00
2009.12.18 21:50:28.264,1.61625,1.6168,2.40,1.00
2009.12.18 21:50:28.544,1.61625,1.6169,4.80,1.00
2009.12.18 21:50:28.904,1.61625,1.6169,4.80,1.00
2009.12.18 21:50:30.124,1.61625,1.6169,6.50,1.00
2009.12.18 21:50:30.703,1.61635,1.61695,1.60,5.10
2009.12.18 21:50:31.204,1.61635,1.6169,2.40,1.00
2009.12.18 21:50:31.834,1.61635,1.6169,2.50,1.00
2009.12.18 21:50:33.523,1.6164,1.6169,1.00,1.00
2009.12.18 21:50:33.803,1.61635,1.6169,3.30,1.00
2009.12.18 21:50:36.342,1.6164,1.6169,2.40,1.00
2009.12.18 21:50:36.692,1.6163,1.61685,2.50,6.40
2009.12.18 21:50:36.992,1.6163,1.61685,2.50,6.40
2009.12.18 21:50:37.822,1.6163,1.61675,2.50,1.00
2009.12.18 21:50:38.702,1.6163,1.6167,2.40,1.00
2009.12.18 21:50:38.982,1.61625,1.6167,1.70,1.00
2009.12.18 21:50:40.081,1.61625,1.61665,1.70,1.00
2009.12.18 21:50:40.591,1.61625,1.61665,1.60,1.00
2009.12.18 21:50:41.861,1.61625,1.61665,1.70,1.00
2009.12.18 21:50:43.661,1.61625,1.61665,1.60,1.00
2009.12.18 21:50:44.920,1.61625,1.61665,1.70,1.00
2009.12.18 21:50:45.330,1.61625,1.61665,1.60,1.00
2009.12.18 21:50:47.799,1.61625,1.61665,1.70,1.00
2009.12.18 21:50:48.549,1.61625,1.6167,1.70,1.00
2009.12.18 21:50:48.789,1.61625,1.6167,4.10,1.00
2009.12.18 21:50:49.119,1.61625,1.6167,5.70,1.00
2009.12.18 21:50:50.059,1.6163,1.6167,1.00,1.00
2009.12.18 21:50:50.459,1.6163,1.61675,1.00,1.00
2009.12.18 21:50:50.629,1.6163,1.61675,1.70,1.00
2009.12.18 21:50:50.859,1.6163,1.61675,2.50,1.00
2009.12.18 21:50:52.579,1.61635,1.6168,1.00,1.00
2009.12.18 21:50:52.698,1.61635,1.6168,2.40,1.00
2009.12.18 21:50:55.218,1.6163,1.6168,1.60,1.00
2009.12.18 21:50:55.508,1.61625,1.6167,6.40,1.00
2009.12.18 21:50:55.778,1.61625,1.6167,4.00,1.00
2009.12.18 21:50:56.068,1.61615,1.6167,2.40,1.00
2009.12.18 21:50:56.297,1.6161,1.6167,4.80,1.00
2009.12.18 21:50:56.808,1.6161,1.6166,4.80,1.00
2009.12.18 21:50:58.667,1.6161,1.6166,2.40,1.00
2009.12.18 21:51:09.345,1.6161,1.61665,2.40,1.00
2009.12.18 21:51:09.624,1.6161,1.61665,2.40,1.00
2009.12.18 21:51:10.864,1.6161,1.6166,2.40,1.00
2009.12.18 21:51:13.153,1.61615,1.61665,1.00,1.00
2009.12.18 21:51:13.433,1.61615,1.61665,1.00,1.00
2009.12.18 21:51:16.573,1.61615,1.61665,2.40,1.00
2009.12.18 21:51:22.991,1.61615,1.61665,1.00,1.00
2009.12.18 21:51:23.861,1.61615,1.6166,1.00,1.00
2009.12.18 21:51:24.691,1.6163,1.6166,2.40,1.00
2009.12.18 21:51:25.030,1.6163,1.6168,2.40,1.00
2009.12.18 21:51:25.561,1.6163,1.6168,2.50,1.00
2009.12.18 21:51:26.760,1.6163,1.6168,4.10,1.00
2009.12.18 21:51:26.980,1.6164,1.6168,1.00,1.00
2009.12.18 21:51:30.089,1.6164,1.6168,1.00,1.00
2009.12.18 21:51:30.439,1.6163,1.61675,2.50,1.00
2009.12.18 21:51:30.789,1.6163,1.61675,1.00,1.00
2009.12.18 21:51:31.889,1.6163,1.6167,1.00,1.00
2009.12.18 21:51:32.749,1.61625,1.6167,7.40,1.00
2009.12.18 21:51:34.858,1.61645,1.6167,1.60,1.00
2009.12.18 21:51:40.177,1.61635,1.6167,1.60,1.00
2009.12.18 21:51:40.397,1.6163,1.6167,1.00,1.00
2009.12.18 21:51:40.667,1.61625,1.6167,1.60,1.00
2009.12.18 21:51:40.887,1.61625,1.61665,1.60,1.00
2009.12.18 21:51:42.017,1.61625,1.6166,1.60,1.00
2009.12.18 21:51:50.064,1.61625,1.61655,1.60,1.00
2009.12.18 21:52:06.401,1.61625,1.61655,1.60,1.70
2009.12.18 21:52:23.336,1.61625,1.61655,1.60,1.00
2009.12.18 21:52:31.205,1.61615,1.6166,1.00,1.00
2009.12.18 21:52:31.365,1.61605,1.61655,1.00,1.00
2009.12.18 21:52:31.475,1.616,1.6165,1.70,1.00
2009.12.18 21:52:31.645,1.616,1.6165,1.00,1.00
2009.12.18 21:52:33.464,1.616,1.6164,1.00,1.00
2009.12.18 21:52:40.023,1.616,1.61645,1.00,1.00
2009.12.18 21:52:40.302,1.616,1.61645,2.50,1.00
2009.12.18 21:52:40.873,1.61605,1.61645,1.60,1.00
2009.12.18 21:52:41.902,1.61605,1.61645,1.70,1.00
2009.12.18 21:52:43.432,1.61605,1.61645,2.10,1.00
2009.12.18 21:52:43.732,1.61605,1.61645,3.70,1.00
2009.12.18 21:53:00.178,1.61605,1.61645,2.50,1.00
2009.12.18 21:53:00.808,1.61605,1.61645,2.40,1.00
2009.12.18 21:53:01.028,1.61605,1.61645,2.50,1.00
2009.12.18 21:53:15.714,1.61605,1.61655,2.50,1.60
2009.12.18 21:53:15.944,1.6161,1.6166,1.00,1.00
2009.12.18 21:53:16.804,1.6161,1.6166,1.00,1.00
2009.12.18 21:53:17.973,1.61615,1.6166,1.00,1.00
2009.12.18 21:53:19.913,1.61615,1.6166,2.40,1.00
2009.12.18 21:53:29.970,1.61615,1.6166,2.40,1.00
2009.12.18 21:53:30.240,1.61615,1.61655,2.40,1.60
2009.12.18 21:53:30.410,1.6161,1.61655,2.50,1.60
2009.12.18 21:53:31.730,1.6161,1.61655,2.40,1.60
2009.12.18 21:53:31.890,1.6161,1.61655,2.50,1.70
2009.12.18 21:53:33.210,1.6161,1.6165,2.50,1.00
2009.12.18 21:53:35.849,1.6161,1.6165,1.00,1.00
2009.12.18 21:53:40.668,1.6161,1.6165,2.50,1.00
2009.12.18 21:54:00.683,1.6162,1.61665,2.00,1.00
2009.12.18 21:54:00.913,1.6162,1.61675,2.00,1.60
2009.12.18 21:54:01.823,1.61635,1.61675,1.00,1.60
2009.12.18 21:54:03.003,1.6164,1.61675,1.00,1.60
2009.12.18 21:54:08.471,1.61635,1.61675,1.00,1.60
2009.12.18 21:54:08.711,1.6163,1.61675,1.60,1.60
2009.12.18 21:54:09.051,1.61615,1.61675,2.40,4.50
2009.12.18 21:54:09.391,1.6161,1.6167,1.00,1.00
2009.12.18 21:54:09.731,1.6161,1.6167,2.40,1.00
2009.12.18 21:54:12.830,1.6161,1.6167,2.40,1.00
2009.12.18 21:54:13.170,1.6161,1.6167,2.40,1.00
2009.12.18 21:54:13.810,1.6162,1.6167,1.00,1.00
2009.12.18 21:54:14.330,1.61615,1.6167,1.00,1.00
2009.12.18 21:54:14.600,1.61615,1.6167,1.00,1.00
2009.12.18 21:54:14.930,1.61615,1.6167,1.00,1.70
2009.12.18 21:54:15.799,1.61615,1.6166,1.00,1.00
2009.12.18 21:54:16.449,1.61615,1.6166,1.00,1.00
2009.12.18 21:54:16.619,1.61615,1.6166,2.50,1.00
2009.12.18 21:54:17.309,1.61615,1.61655,2.50,1.00
2009.12.18 21:54:22.838,1.61615,1.61655,4.10,1.00
2009.12.18 21:54:24.338,1.61615,1.61655,4.10,1.70
2009.12.18 21:55:10.986,1.61615,1.61655,4.10,1.80
2009.12.18 21:55:18.234,1.61615,1.61655,4.00,1.60
2009.12.18 21:55:50.896,1.61615,1.61645,4.00,1.00
2009.12.18 21:55:51.546,1.61615,1.61655,4.00,1.60
2009.12.18 21:55:51.896,1.61615,1.61635,4.00,1.00
2009.12.18 21:55:52.286,1.61615,1.61665,4.00,1.60
2009.12.18 21:56:07.373,1.61615,1.61655,4.00,1.80
2009.12.18 21:56:07.542,1.61615,1.61655,2.40,1.80
2009.12.18 21:56:07.712,1.61605,1.61655,2.40,2.60
2009.12.18 21:56:08.882,1.61605,1.6165,2.40,1.00
2009.12.18 21:56:24.818,1.61605,1.61645,2.40,1.00
2009.12.18 21:56:39.485,1.61605,1.61645,1.60,1.00
2009.12.18 21:56:39.825,1.616,1.61655,1.00,2.70
2009.12.18 21:56:40.615,1.61605,1.6165,2.40,1.00
2009.12.18 21:56:41.944,1.61605,1.6165,2.40,1.00
2009.12.18 21:56:42.884,1.61605,1.61645,2.40,1.00
2009.12.18 21:56:58.610,1.61605,1.61645,1.00,1.00
2009.12.18 21:57:03.369,1.61605,1.61645,2.40,1.00
2009.12.18 21:57:24.574,1.616,1.61645,1.80,1.00
2009.12.18 21:57:24.904,1.616,1.6165,1.00,1.00
2009.12.18 21:57:25.234,1.616,1.61655,1.00,2.70
2009.12.18 21:57:25.904,1.6161,1.61655,1.00,2.70
2009.12.18 21:57:26.723,1.6161,1.61655,1.70,2.70
2009.12.18 21:57:26.843,1.61615,1.61655,1.00,2.70
2009.12.18 21:57:28.853,1.61615,1.61655,2.50,2.70
2009.12.18 21:57:34.322,1.61615,1.61655,4.10,2.70
2009.12.18 21:57:34.891,1.61615,1.61655,4.10,2.60
2009.12.18 21:57:36.141,1.6161,1.6166,5.00,3.60
2009.12.18 21:57:40.380,1.61615,1.61655,2.40,1.90
2009.12.18 21:57:40.670,1.61605,1.6165,2.40,1.00
2009.12.18 21:57:41.880,1.61605,1.6165,2.40,1.00
2009.12.18 21:57:42.880,1.61605,1.61645,2.40,1.00
2009.12.18 21:57:44.439,1.61605,1.61645,2.40,1.00
2009.12.18 21:57:54.517,1.616,1.6165,2.50,1.00
2009.12.18 21:57:55.836,1.61605,1.6165,1.00,1.00
2009.12.18 21:57:56.186,1.61605,1.6165,1.70,1.00
2009.12.18 21:57:56.536,1.61605,1.6165,2.50,1.00
2009.12.18 21:58:07.434,1.61605,1.6165,2.40,1.00
2009.12.18 21:58:07.554,1.61605,1.6164,1.60,1.00
2009.12.18 21:58:07.843,1.61595,1.6164,2.40,1.00
2009.12.18 21:58:09.073,1.61595,1.61645,2.40,1.00
2009.12.18 21:58:16.002,1.6159,1.6164,2.50,1.00
2009.12.18 21:58:19.081,1.6159,1.6164,2.50,1.00
2009.12.18 21:58:19.311,1.6159,1.6164,2.40,1.00
2009.12.18 21:58:19.541,1.6159,1.6164,1.00,1.00
2009.12.18 21:58:19.781,1.6159,1.6164,2.40,1.00
2009.12.18 21:58:24.340,1.6159,1.6164,2.40,1.00
2009.12.18 21:58:25.609,1.6159,1.6164,2.50,1.00
2009.12.18 21:58:25.789,1.61595,1.6164,1.00,1.00
2009.12.18 21:58:26.019,1.61595,1.61645,1.00,1.00
2009.12.18 21:58:26.239,1.61595,1.61645,1.00,1.00
2009.12.18 21:58:26.409,1.61595,1.61645,2.50,1.00
2009.12.18 21:58:27.509,1.616,1.61645,1.00,1.00
2009.12.18 21:58:27.739,1.616,1.61645,2.40,1.00
2009.12.18 21:58:27.899,1.616,1.61645,2.40,1.00
2009.12.18 21:58:29.618,1.61595,1.6164,2.40,1.00
2009.12.18 21:58:41.366,1.6159,1.6164,2.40,1.00
2009.12.18 21:58:42.115,1.61595,1.6164,1.00,1.00
2009.12.18 21:58:42.345,1.61595,1.6164,2.40,1.00
2009.12.18 21:58:47.734,1.61595,1.6164,1.60,1.00
2009.12.18 21:58:47.854,1.6159,1.6164,2.40,1.00
2009.12.18 21:58:49.634,1.61585,1.61655,1.00,1.00
2009.12.18 21:58:49.803,1.61585,1.61655,1.00,1.00
2009.12.18 21:58:58.901,1.61585,1.61655,1.00,1.00
2009.12.18 21:59:00.511,1.61585,1.61655,1.00,1.00
2009.12.18 21:59:00.901,1.61585,1.6165,1.00,1.00
2009.12.18 21:59:01.860,1.61585,1.6165,1.00,1.00
2009.12.18 21:59:02.720,1.61585,1.61645,1.00,1.00
2009.12.18 21:59:03.690,1.61585,1.6165,1.00,1.00
2009.12.18 21:59:03.930,1.61585,1.61655,1.00,1.00
2009.12.18 21:59:16.117,1.61575,1.61655,1.00,1.00
2009.12.18 21:59:16.287,1.6156,1.61655,1.00,1.00
2009.12.18 21:59:18.057,1.6156,1.61655,1.00,1.00
2009.12.18 21:59:22.855,1.61565,1.61655,1.00,1.00
2009.12.18 21:59:24.175,1.6156,1.61655,1.00,1.00
2009.12.18 21:59:30.454,1.61565,1.61665,1.60,1.00
2009.12.18 21:59:32.573,1.61565,1.61665,1.70,1.00
2009.12.18 21:59:32.683,1.61565,1.61665,1.60,1.00
2009.12.18 21:59:35.862,1.61575,1.61665,1.00,1.00
2009.12.18 21:59:38.822,1.6159,1.61665,1.00,1.00
2009.12.18 21:59:39.171,1.6158,1.61665,1.00,1.00
2009.12.18 21:59:39.512,1.61565,1.61665,1.60,1.00
2009.12.18 21:59:40.781,1.6156,1.6166,1.00,1.00
2009.12.18 21:59:42.061,1.61565,1.6166,1.60,1.00
2009.12.18 21:59:43.321,1.61565,1.6166,1.70,1.00
2009.12.18 21:59:45.330,1.61565,1.6166,1.60,1.00
2009.12.18 21:59:46.030,1.6156,1.6166,1.00,1.00
2009.12.18 21:59:59.746,1.61505,1.61635,1.60,1.00
