2008.09.11 09:00:00.231,1.74995,1.75,2.70,7.60
2008.09.11 09:00:00.351,1.75,1.75005,2.70,3.40
2008.09.11 09:00:00.808,1.7499,1.75,1.00,4.30
2008.09.11 09:00:01.488,1.7499,1.75,1.00,3.20
2008.09.11 09:00:02.023,1.7498,1.75005,6.40,4.30
2008.09.11 09:00:02.571,1.7499,1.75005,4.80,4.30
2008.09.11 09:00:02.776,1.7499,1.75005,2.70,4.30
2008.09.11 09:00:02.979,1.7499,1.75005,12.10,4.30
2008.09.11 09:00:03.183,1.7499,1.75005,8.10,4.30
2008.09.11 09:00:03.387,1.7499,1.75005,1.60,3.20
2008.09.11 09:00:03.605,1.7499,1.75015,8.10,4.30
2008.09.11 09:00:04.135,1.7499,1.75015,3.20,4.30
2008.09.11 09:00:04.403,1.7499,1.75015,5.40,4.30
2008.09.11 09:00:04.672,1.7499,1.7501,17.50,3.20
2008.09.11 09:00:05.011,1.7499,1.7501,4.30,3.20
2008.09.11 09:00:05.351,1.75,1.75015,1.00,1.00
2008.09.11 09:00:05.691,1.74995,1.7502,5.90,4.30
2008.09.11 09:00:05.931,1.74995,1.75015,5.90,3.20
2008.09.11 09:00:06.395,1.75,1.75015,2.70,3.20
2008.09.11 09:00:06.636,1.75,1.7502,5.40,4.30
2008.09.11 09:00:07.535,1.75,1.7502,13.20,4.30
2008.09.11 09:00:07.663,1.75,1.7502,9.90,4.30
2008.09.11 09:00:07.859,1.75,1.7502,5.90,4.30
2008.09.11 09:00:08.056,1.75,1.7502,5.40,4.30
2008.09.11 09:00:08.251,1.75,1.75015,5.40,3.20
2008.09.11 09:00:09.939,1.75,1.7501,6.40,3.20
2008.09.11 09:00:10.471,1.75015,1.75035,1.00,12.00
2008.09.11 09:00:10.651,1.75025,1.7503,4.80,4.40
2008.09.11 09:00:10.832,1.7503,1.7504,2.70,1.70
2008.09.11 09:00:11.171,1.7502,1.7503,1.00,1.70
2008.09.11 09:00:11.511,1.7502,1.75035,2.70,1.00
2008.09.11 09:00:11.851,1.7502,1.75035,1.00,1.00
2008.09.11 09:00:12.015,1.7502,1.75025,1.00,3.20
2008.09.11 09:00:12.499,1.7502,1.75025,2.70,3.20
2008.09.11 09:00:12.823,1.7502,1.75025,1.00,3.20
2008.09.11 09:00:12.939,1.75015,1.7502,2.60,3.20
2008.09.11 09:00:13.167,1.75015,1.7502,4.30,3.20
2008.09.11 09:00:13.283,1.7502,1.75025,1.60,3.70
2008.09.11 09:00:14.093,1.7502,1.75025,1.60,3.20
2008.09.11 09:00:14.433,1.75015,1.7503,5.90,3.20
2008.09.11 09:00:14.772,1.7503,1.75035,2.10,5.10
2008.09.11 09:00:15.114,1.7502,1.75025,2.70,3.20
2008.09.11 09:00:15.380,1.7502,1.75025,2.70,4.30
2008.09.11 09:00:15.649,1.7502,1.75025,1.00,4.30
2008.09.11 09:00:16.186,1.7502,1.75025,1.00,3.20
2008.09.11 09:00:16.457,1.7501,1.75025,5.40,3.20
2008.09.11 09:00:16.725,1.7501,1.75025,5.40,4.30
2008.09.11 09:00:16.991,1.7501,1.7502,5.40,1.00
2008.09.11 09:00:17.256,1.7501,1.7502,1.60,1.00
2008.09.11 09:00:17.520,1.7501,1.75025,1.60,4.30
2008.09.11 09:00:17.784,1.7501,1.75025,1.00,10.30
2008.09.11 09:00:18.049,1.7501,1.7502,1.00,11.90
2008.09.11 09:00:18.648,1.7501,1.7502,1.00,4.30
2008.09.11 09:00:19.356,1.7501,1.75015,1.00,9.70
2008.09.11 09:00:19.463,1.7501,1.75015,1.00,6.40
2008.09.11 09:00:19.571,1.7501,1.75015,1.00,8.60
2008.09.11 09:00:19.783,1.7501,1.75015,1.00,3.20
2008.09.11 09:00:19.891,1.7501,1.75015,1.00,6.40
2008.09.11 09:00:20.132,1.7501,1.75015,1.00,4.30
2008.09.11 09:00:20.915,1.7501,1.75015,2.70,3.20
2008.09.11 09:00:21.255,1.7501,1.75025,5.40,4.30
2008.09.11 09:00:21.479,1.7501,1.75025,9.10,4.30
2008.09.11 09:00:21.703,1.75,1.75025,5.40,4.30
2008.09.11 09:00:21.927,1.75,1.7502,6.70,1.00
2008.09.11 09:00:22.154,1.75,1.7502,2.70,1.00
2008.09.11 09:00:22.691,1.75,1.75015,2.70,3.20
2008.09.11 09:00:23.320,1.75,1.7502,2.70,4.30
2008.09.11 09:00:23.703,1.75,1.7502,3.20,1.00
2008.09.11 09:00:23.872,1.75005,1.7503,4.80,8.70
2008.09.11 09:00:24.066,1.75005,1.7503,2.70,4.30
2008.09.11 09:00:24.231,1.75015,1.7503,2.10,4.30
2008.09.11 09:00:24.539,1.75005,1.7503,5.90,4.30
2008.09.11 09:00:24.683,1.7501,1.7503,1.00,3.20
2008.09.11 09:00:24.827,1.7501,1.7502,1.00,5.40
2008.09.11 09:00:25.252,1.75005,1.7502,5.90,5.40
2008.09.11 09:00:25.736,1.75005,1.7502,3.20,5.40
2008.09.11 09:00:26.096,1.75,1.75025,4.80,6.40
2008.09.11 09:00:26.435,1.75,1.7503,7.50,7.60
2008.09.11 09:00:26.555,1.75,1.7503,9.70,5.50
2008.09.11 09:00:26.791,1.75,1.7503,9.70,1.00
2008.09.11 09:00:26.911,1.75,1.7503,7.50,1.00
2008.09.11 09:00:27.032,1.75,1.7501,4.30,11.40
2008.09.11 09:00:27.176,1.74995,1.7501,5.40,2.80
2008.09.11 09:00:27.295,1.7499,1.75,7.20,7.10
2008.09.11 09:00:27.415,1.7498,1.74995,4.80,8.30
2008.09.11 09:00:27.663,1.7496,1.74995,1.00,14.00
2008.09.11 09:00:27.913,1.7496,1.74995,1.00,17.10
2008.09.11 09:00:28.159,1.74955,1.7499,1.00,1.00
2008.09.11 09:00:28.407,1.74955,1.7498,1.00,2.10
2008.09.11 09:00:28.747,1.7496,1.7499,6.40,7.10
2008.09.11 09:00:29.087,1.7496,1.74985,6.40,7.50
2008.09.11 09:00:29.527,1.7496,1.7497,5.40,1.00
2008.09.11 09:00:29.631,1.7496,1.74965,4.80,1.00
2008.09.11 09:00:29.735,1.7496,1.74965,1.00,1.00
2008.09.11 09:00:29.839,1.7496,1.74965,4.30,1.00
2008.09.11 09:00:30.043,1.7495,1.74965,3.70,1.00
2008.09.11 09:00:30.147,1.7495,1.7496,3.70,1.00
2008.09.11 09:00:30.551,1.7495,1.7496,1.00,1.00
2008.09.11 09:00:30.891,1.7495,1.7497,1.00,4.30
2008.09.11 09:00:31.231,1.74945,1.74965,4.80,1.00
2008.09.11 09:00:31.572,1.7495,1.74965,2.10,1.00
2008.09.11 09:00:31.675,1.7494,1.74965,9.70,1.00
2008.09.11 09:00:32.383,1.74945,1.74965,2.70,1.00
2008.09.11 09:00:32.588,1.74945,1.74965,4.80,1.00
2008.09.11 09:00:33.216,1.7495,1.74965,3.20,1.00
2008.09.11 09:00:33.375,1.7495,1.74975,9.70,5.40
2008.09.11 09:00:33.995,1.7495,1.7497,3.70,1.00
2008.09.11 09:00:34.303,1.7495,1.7497,1.00,1.00
2008.09.11 09:00:34.613,1.7495,1.74965,1.00,2.80
2008.09.11 09:00:34.832,1.74945,1.7496,3.20,1.70
2008.09.11 09:00:35.049,1.74945,1.74955,3.20,5.40
2008.09.11 09:00:35.265,1.74945,1.7495,2.70,2.10
2008.09.11 09:00:35.480,1.74945,1.7495,5.90,2.10
2008.09.11 09:00:35.974,1.74945,1.74985,5.90,25.90
2008.09.11 09:00:36.255,1.74945,1.7498,5.90,1.00
2008.09.11 09:00:36.535,1.7495,1.7498,3.20,1.00
2008.09.11 09:00:37.092,1.7495,1.74975,4.30,22.60
2008.09.11 09:00:37.187,1.74955,1.74975,4.80,22.60
2008.09.11 09:00:37.383,1.7496,1.74975,4.80,22.60
2008.09.11 09:00:37.479,1.7496,1.7497,4.80,21.60
2008.09.11 09:00:37.728,1.7496,1.7497,4.80,23.70
2008.09.11 09:00:39.871,1.7496,1.7497,17.00,23.70
2008.09.11 09:00:40.055,1.74955,1.7497,19.70,23.70
2008.09.11 09:00:40.241,1.74955,1.7497,15.60,21.60
2008.09.11 09:00:41.267,1.74955,1.7497,6.60,21.60
2008.09.11 09:00:41.607,1.7496,1.7497,2.70,21.60
2008.09.11 09:00:41.947,1.7496,1.74975,4.00,24.80
2008.09.11 09:00:42.091,1.74955,1.74975,2.70,22.60
2008.09.11 09:00:42.235,1.74955,1.74975,4.80,22.60
2008.09.11 09:00:42.379,1.74955,1.74975,3.20,22.60
2008.09.11 09:00:42.523,1.7495,1.74975,13.70,24.80
2008.09.11 09:00:42.667,1.74955,1.74975,2.70,24.80
2008.09.11 09:00:42.811,1.74965,1.74975,2.70,22.60
2008.09.11 09:00:42.955,1.74965,1.74975,4.80,24.80
2008.09.11 09:00:43.099,1.74965,1.7497,3.70,1.00
2008.09.11 09:00:43.396,1.74965,1.7497,4.00,4.50
2008.09.11 09:00:43.691,1.7496,1.74965,5.40,4.30
2008.09.11 09:00:44.391,1.7496,1.74965,5.40,3.20
2008.09.11 09:00:46.984,1.7496,1.74965,5.40,4.30
2008.09.11 09:00:47.225,1.7496,1.74965,5.40,3.90
2008.09.11 09:00:47.743,1.7494,1.7496,9.40,1.00
2008.09.11 09:00:48.091,1.7494,1.74955,9.40,3.20
2008.09.11 09:00:48.274,1.7494,1.74955,9.40,4.30
2008.09.11 09:00:48.543,1.7494,1.7495,9.40,4.30
2008.09.11 09:00:48.811,1.74945,1.7495,2.70,4.30
2008.09.11 09:00:49.079,1.7496,1.74975,5.40,11.90
2008.09.11 09:00:49.607,1.7493,1.7495,11.40,4.30
2008.09.11 09:00:50.131,1.7496,1.74965,5.40,17.00
2008.09.11 09:00:50.402,1.7496,1.74965,5.40,17.50
2008.09.11 09:00:50.839,1.7492,1.7494,2.70,1.00
2008.09.11 09:00:51.059,1.7492,1.7493,1.00,1.00
2008.09.11 09:00:51.279,1.74915,1.7493,6.40,3.20
2008.09.11 09:00:51.499,1.74925,1.7493,4.00,3.20
2008.09.11 09:00:51.827,1.74925,1.74935,4.80,1.00
2008.09.11 09:00:52.479,1.74935,1.7497,5.90,4.30
2008.09.11 09:00:53.283,1.7494,1.7497,3.70,3.20
2008.09.11 09:00:53.407,1.74945,1.7497,2.70,3.20
2008.09.11 09:00:53.707,1.74945,1.7496,4.80,3.20
2008.09.11 09:00:54.303,1.74945,1.74965,4.80,1.00
2008.09.11 09:00:54.740,1.74945,1.7497,4.80,4.30
2008.09.11 09:00:54.879,1.7495,1.7497,2.70,3.20
2008.09.11 09:00:55.038,1.7495,1.7497,3.20,3.20
2008.09.11 09:00:55.178,1.74955,1.7497,2.10,4.30
2008.09.11 09:00:55.319,1.7495,1.7497,13.70,1.00
2008.09.11 09:00:55.459,1.7495,1.7497,4.00,1.00
2008.09.11 09:00:55.611,1.7494,1.7497,9.70,1.00
2008.09.11 09:00:55.952,1.7494,1.7497,6.40,4.30
2008.09.11 09:00:56.627,1.74945,1.7497,5.90,4.30
2008.09.11 09:00:57.388,1.7495,1.7497,3.70,3.20
2008.09.11 09:00:57.489,1.7495,1.74975,3.70,11.80
2008.09.11 09:00:57.631,1.7495,1.74975,6.40,9.70
2008.09.11 09:00:59.964,1.74945,1.7497,11.60,1.00
2008.09.11 09:01:00.323,1.74945,1.7497,5.90,1.00
2008.09.11 09:01:00.937,1.74945,1.7497,3.20,1.00
2008.09.11 09:01:01.215,1.74945,1.7497,1.00,1.00
2008.09.11 09:01:01.787,1.74945,1.7497,1.00,4.30
2008.09.11 09:01:02.511,1.74945,1.7497,5.90,4.30
2008.09.11 09:01:03.315,1.74945,1.7497,5.90,1.00
2008.09.11 09:01:04.623,1.74945,1.7497,5.90,4.30
2008.09.11 09:01:05.468,1.7495,1.7497,2.70,4.30
2008.09.11 09:01:05.672,1.74955,1.7497,4.80,4.30
2008.09.11 09:01:05.875,1.74965,1.7497,4.80,1.00
2008.09.11 09:01:06.313,1.7496,1.7498,8.90,3.20
2008.09.11 09:01:06.539,1.74965,1.7498,4.80,3.20
2008.09.11 09:01:07.279,1.74965,1.7499,4.80,4.30
2008.09.11 09:01:08.362,1.7497,1.7499,2.10,4.30
2008.09.11 09:01:08.597,1.7496,1.7499,13.20,4.30
2008.09.11 09:01:08.799,1.7496,1.74985,9.70,1.00
2008.09.11 09:01:09.438,1.7496,1.7498,8.60,1.00
2008.09.11 09:01:09.731,1.7496,1.7498,3.70,1.00
2008.09.11 09:01:09.879,1.7496,1.74975,1.00,1.00
2008.09.11 09:01:10.027,1.74965,1.74985,4.80,3.20
2008.09.11 09:01:10.272,1.74965,1.74985,4.80,1.00
2008.09.11 09:01:10.515,1.7496,1.7498,6.70,1.00
2008.09.11 09:01:10.759,1.7496,1.7498,3.20,1.00
2008.09.11 09:01:11.003,1.7496,1.7498,5.40,1.00
2008.09.11 09:01:11.247,1.7496,1.7498,4.80,1.00
2008.09.11 09:01:11.471,1.7496,1.7498,1.00,1.00
2008.09.11 09:01:11.695,1.7496,1.7498,5.40,1.00
2008.09.11 09:01:12.139,1.74965,1.7498,4.80,4.30
2008.09.11 09:01:12.435,1.7496,1.7498,3.20,1.00
2008.09.11 09:01:13.315,1.74955,1.74975,8.60,1.00
2008.09.11 09:01:17.551,1.74955,1.7498,8.60,1.00
2008.09.11 09:01:17.716,1.7496,1.7498,2.70,1.00
2008.09.11 09:01:17.795,1.7496,1.7498,3.20,1.00
2008.09.11 09:01:17.875,1.7496,1.7498,5.40,1.00
2008.09.11 09:01:18.032,1.7496,1.74985,6.40,4.30
2008.09.11 09:01:18.111,1.74965,1.74985,4.80,4.30
2008.09.11 09:01:18.191,1.74965,1.74985,4.80,1.00
2008.09.11 09:01:18.867,1.74965,1.7499,4.80,4.30
2008.09.11 09:01:19.207,1.74965,1.74985,4.80,3.20
2008.09.11 09:01:19.974,1.7497,1.74985,2.10,3.20
2008.09.11 09:01:20.063,1.7496,1.74985,10.50,3.20
2008.09.11 09:01:20.151,1.7496,1.74985,7.80,5.90
2008.09.11 09:01:20.248,1.7496,1.74985,3.70,5.90
2008.09.11 09:01:20.589,1.74965,1.74985,1.00,4.80
2008.09.11 09:01:20.928,1.7496,1.74985,3.70,4.80
2008.09.11 09:01:21.267,1.74955,1.7498,3.70,3.20
2008.09.11 09:01:21.511,1.7496,1.7498,2.70,3.20
2008.09.11 09:01:21.755,1.7496,1.7498,3.20,3.20
2008.09.11 09:01:22.003,1.7496,1.7498,6.40,3.20
2008.09.11 09:01:22.252,1.74965,1.7498,1.00,3.20
2008.09.11 09:01:22.359,1.74965,1.74985,1.00,4.80
2008.09.11 09:01:23.224,1.7496,1.74985,5.90,4.80
2008.09.11 09:01:23.651,1.7496,1.74985,1.60,4.80
2008.09.11 09:01:23.919,1.74965,1.74985,2.70,4.80
2008.09.11 09:01:24.187,1.7496,1.74985,6.40,4.80
2008.09.11 09:01:24.455,1.74965,1.74985,1.00,4.80
2008.09.11 09:01:24.916,1.74965,1.7498,1.00,1.60
2008.09.11 09:01:25.830,1.74965,1.7499,1.00,1.00
2008.09.11 09:01:26.136,1.7496,1.74975,4.00,6.40
2008.09.11 09:01:26.451,1.74945,1.74975,1.00,3.20
2008.09.11 09:01:26.595,1.74945,1.7498,1.00,4.30
2008.09.11 09:01:26.739,1.74945,1.7498,3.70,3.20
2008.09.11 09:01:26.883,1.7495,1.7498,1.00,3.20
2008.09.11 09:01:27.027,1.7495,1.74985,3.20,6.40
2008.09.11 09:01:27.171,1.7495,1.74975,3.20,3.20
2008.09.11 09:01:27.315,1.7495,1.74975,3.70,3.20
2008.09.11 09:01:27.460,1.74955,1.7498,1.00,8.10
2008.09.11 09:01:27.603,1.7496,1.7498,5.90,7.00
2008.09.11 09:01:27.747,1.7496,1.7498,3.20,7.00
2008.09.11 09:01:27.891,1.7496,1.7498,1.00,7.00
2008.09.11 09:01:28.595,1.7496,1.74975,1.00,3.70
2008.09.11 09:01:29.655,1.7496,1.74975,1.00,1.60
2008.09.11 09:01:30.423,1.7496,1.7497,1.00,1.60
2008.09.11 09:01:31.276,1.74955,1.7497,1.00,1.60
2008.09.11 09:01:34.286,1.74955,1.7498,1.00,6.40
2008.09.11 09:01:34.595,1.74955,1.7498,1.00,4.30
2008.09.11 09:01:38.473,1.74955,1.7498,3.70,4.30
2008.09.11 09:01:38.707,1.74955,1.7498,5.90,4.30
2008.09.11 09:01:38.770,1.74955,1.7498,8.10,3.20
2008.09.11 09:01:38.946,1.74955,1.7498,8.60,3.20
2008.09.11 09:01:39.010,1.74955,1.74985,8.60,11.30
2008.09.11 09:01:39.075,1.7496,1.74985,1.00,11.30
2008.09.11 09:01:39.374,1.7496,1.74985,1.00,8.10
2008.09.11 09:01:39.614,1.7496,1.74985,1.60,8.10
2008.09.11 09:01:40.800,1.7496,1.7498,1.60,7.00
2008.09.11 09:01:40.934,1.7497,1.7498,1.00,7.00
2008.09.11 09:01:41.067,1.7497,1.7498,1.00,3.70
2008.09.11 09:01:41.586,1.7497,1.7498,1.00,2.10
2008.09.11 09:01:41.847,1.7497,1.7499,3.30,4.80
2008.09.11 09:01:42.111,1.7497,1.74985,3.30,2.10
2008.09.11 09:01:42.375,1.7497,1.7499,1.60,1.60
2008.09.11 09:01:42.603,1.7498,1.7499,1.00,1.60
2008.09.11 09:01:42.831,1.74975,1.7499,3.20,1.60
2008.09.11 09:01:43.283,1.74975,1.7499,4.30,1.60
2008.09.11 09:01:43.511,1.74975,1.74995,4.30,1.60
2008.09.11 09:01:43.711,1.74975,1.75,4.30,2.70
2008.09.11 09:01:43.911,1.7498,1.75,3.20,2.70
2008.09.11 09:01:44.112,1.74975,1.75,4.30,2.70
2008.09.11 09:01:44.891,1.7498,1.75,3.20,2.70
2008.09.11 09:01:45.090,1.7498,1.74995,3.20,1.60
2008.09.11 09:01:45.532,1.74975,1.74995,4.30,1.60
2008.09.11 09:01:46.211,1.74975,1.75,3.20,2.70
2008.09.11 09:01:46.551,1.7497,1.75,4.80,5.90
2008.09.11 09:01:46.636,1.7498,1.74995,1.00,1.00
2008.09.11 09:01:47.119,1.7498,1.75,1.00,8.70
2008.09.11 09:01:47.283,1.7498,1.75,1.00,4.30
2008.09.11 09:01:47.367,1.7498,1.74995,1.00,3.20
2008.09.11 09:01:47.612,1.7498,1.74995,1.00,3.90
2008.09.11 09:01:47.827,1.7498,1.74995,1.00,5.40
2008.09.11 09:01:48.044,1.75,1.75005,12.40,1.00
2008.09.11 09:01:48.271,1.74995,1.75,1.10,1.70
2008.09.11 09:01:48.487,1.7498,1.75005,5.40,1.70
2008.09.11 09:01:48.703,1.7498,1.75005,6.40,5.20
2008.09.11 09:01:49.043,1.7499,1.75005,4.80,1.00
2008.09.11 09:01:49.383,1.7501,1.75015,2.10,1.40
2008.09.11 09:01:49.723,1.75,1.75005,1.00,1.00
2008.09.11 09:01:50.491,1.75,1.75015,1.00,4.30
2008.09.11 09:01:50.750,1.74995,1.75015,1.00,3.20
2008.09.11 09:01:51.244,1.7499,1.75015,1.60,4.30
2008.09.11 09:01:51.741,1.74995,1.75015,5.90,3.20
2008.09.11 09:01:51.867,1.74995,1.75015,3.20,3.20
2008.09.11 09:01:51.995,1.74995,1.75015,1.00,3.20
2008.09.11 09:01:52.247,1.75,1.75015,5.40,4.30
2008.09.11 09:01:52.375,1.75,1.75015,5.40,1.00
2008.09.11 09:01:52.503,1.75,1.7502,5.40,1.00
2008.09.11 09:01:53.033,1.7501,1.75025,4.80,12.90
2008.09.11 09:01:53.307,1.7501,1.75025,4.80,11.80
2008.09.11 09:01:53.583,1.75015,1.7502,4.80,8.60
2008.09.11 09:01:57.188,1.7502,1.7504,1.00,15.00
2008.09.11 09:01:57.295,1.7501,1.7502,13.70,8.60
2008.09.11 09:01:57.507,1.7501,1.7502,3.70,8.60
2008.09.11 09:01:57.792,1.7501,1.7502,2.70,8.60
2008.09.11 09:01:57.900,1.75015,1.7502,4.80,8.60
2008.09.11 09:01:58.481,1.7502,1.75035,5.40,11.00
2008.09.11 09:01:59.381,1.7502,1.75035,2.70,9.40
2008.09.11 09:01:59.645,1.75015,1.7502,5.60,8.60
2008.09.11 09:01:59.907,1.7501,1.7502,5.40,8.60
2008.09.11 09:02:00.819,1.75015,1.7502,2.70,8.60
2008.09.11 09:02:01.039,1.75015,1.7502,4.80,8.60
2008.09.11 09:02:01.259,1.75035,1.7504,2.70,26.20
2008.09.11 09:02:01.583,1.75035,1.7504,4.00,1.00
2008.09.11 09:02:01.907,1.75025,1.75035,3.20,1.00
2008.09.11 09:02:02.731,1.75015,1.75035,5.90,1.00
2008.09.11 09:02:02.834,1.75015,1.75035,9.10,1.00
2008.09.11 09:02:03.954,1.75015,1.7504,10.20,1.00
2008.09.11 09:02:04.191,1.7503,1.75045,2.70,1.00
2008.09.11 09:02:04.455,1.7503,1.75045,4.80,1.00
2008.09.11 09:02:05.239,1.7503,1.7505,4.80,1.00
2008.09.11 09:02:05.499,1.75025,1.7505,4.80,1.00
2008.09.11 09:02:05.764,1.75025,1.7505,3.20,1.00
2008.09.11 09:02:06.023,1.75025,1.7505,4.80,1.00
2008.09.11 09:02:07.579,1.75025,1.7505,5.90,1.00
2008.09.11 09:02:09.191,1.75025,1.7505,1.00,1.00
2008.09.11 09:02:10.727,1.7503,1.75055,3.70,10.80
2008.09.11 09:02:10.987,1.7503,1.75055,8.10,6.40
2008.09.11 09:02:12.346,1.7503,1.75055,3.20,6.40
2008.09.11 09:02:12.567,1.7503,1.75055,6.40,6.40
2008.09.11 09:02:12.823,1.75035,1.75055,3.20,3.20
2008.09.11 09:02:12.979,1.7504,1.75055,1.00,3.20
2008.09.11 09:02:13.135,1.7505,1.75055,1.00,2.10
2008.09.11 09:02:13.291,1.7505,1.75065,2.70,1.00
2008.09.11 09:02:14.691,1.7504,1.75065,3.70,1.00
2008.09.11 09:02:14.931,1.7504,1.7506,3.70,1.00
2008.09.11 09:02:15.139,1.7504,1.7506,1.00,1.00
2008.09.11 09:02:15.959,1.7504,1.75065,2.70,4.30
2008.09.11 09:02:16.367,1.75035,1.7506,1.60,1.00
2008.09.11 09:02:16.571,1.75035,1.7506,1.00,4.30
2008.09.11 09:02:16.774,1.7503,1.7505,1.60,5.40
2008.09.11 09:02:16.978,1.7503,1.7505,4.30,5.40
2008.09.11 09:02:17.183,1.7503,1.75055,3.70,8.60
2008.09.11 09:02:17.339,1.7503,1.75055,1.60,9.70
2008.09.11 09:02:17.495,1.7503,1.75055,4.30,4.30
2008.09.11 09:02:17.651,1.7503,1.75055,6.40,6.40
2008.09.11 09:02:17.807,1.75035,1.75055,1.00,3.20
2008.09.11 09:02:17.963,1.7504,1.7506,2.70,6.40
2008.09.11 09:02:18.121,1.7504,1.75065,1.60,1.00
2008.09.11 09:02:18.323,1.7504,1.75065,4.30,1.00
2008.09.11 09:02:18.527,1.7504,1.7507,7.50,1.00
2008.09.11 09:02:18.731,1.75045,1.7507,2.70,1.00
2008.09.11 09:02:18.935,1.7506,1.7508,2.70,5.50
2008.09.11 09:02:19.139,1.75065,1.7508,1.00,4.40
2008.09.11 09:02:19.379,1.75075,1.751,8.10,5.50
2008.09.11 09:02:19.616,1.75075,1.751,8.10,1.00
2008.09.11 09:02:19.850,1.7508,1.751,2.70,1.00
2008.09.11 09:02:20.086,1.75075,1.751,11.80,1.00
2008.09.11 09:02:20.427,1.7508,1.751,5.40,1.00
2008.09.11 09:02:20.767,1.75085,1.75105,4.80,2.90
2008.09.11 09:02:21.107,1.7508,1.75105,1.00,4.50
2008.09.11 09:02:21.327,1.75075,1.751,17.80,3.20
2008.09.11 09:02:21.547,1.75075,1.75105,17.80,6.20
2008.09.11 09:02:21.766,1.75075,1.751,17.80,1.00
2008.09.11 09:02:21.986,1.75075,1.75095,17.80,3.20
2008.09.11 09:02:22.206,1.7508,1.75105,2.70,11.60
2008.09.11 09:02:22.327,1.75075,1.75105,23.70,8.30
2008.09.11 09:02:22.446,1.75075,1.75105,21.00,8.30
2008.09.11 09:02:22.566,1.75075,1.75105,21.00,6.20
2008.09.11 09:02:22.928,1.75085,1.751,2.70,1.00
2008.09.11 09:02:23.047,1.75085,1.75105,2.70,4.50
2008.09.11 09:02:24.088,1.751,1.75105,3.20,3.20
2008.09.11 09:02:24.275,1.751,1.75105,6.70,3.20
2008.09.11 09:02:24.511,1.75085,1.751,5.90,8.90
2008.09.11 09:02:24.747,1.7508,1.751,7.00,1.00
2008.09.11 09:02:24.983,1.75085,1.75105,2.70,1.30
2008.09.11 09:02:25.618,1.7508,1.751,4.30,3.20
2008.09.11 09:02:25.823,1.7508,1.751,1.60,3.20
2008.09.11 09:02:26.027,1.7508,1.751,1.00,3.20
2008.09.11 09:02:27.147,1.7508,1.751,3.20,4.80
2008.09.11 09:02:27.368,1.75075,1.751,1.00,5.90
2008.09.11 09:02:27.854,1.75075,1.75095,1.00,3.20
2008.09.11 09:02:28.611,1.75075,1.7509,3.70,1.60
2008.09.11 09:02:28.887,1.75075,1.7509,1.00,1.60
2008.09.11 09:02:29.164,1.7507,1.7509,4.30,3.20
2008.09.11 09:02:29.438,1.7507,1.751,4.30,4.30
2008.09.11 09:02:29.715,1.75075,1.751,2.70,4.30
2008.09.11 09:02:30.903,1.7507,1.751,7.00,4.30
2008.09.11 09:02:31.135,1.7507,1.751,4.30,4.30
2008.09.11 09:02:31.356,1.75075,1.751,2.70,4.30
2008.09.11 09:02:33.220,1.7507,1.751,7.00,4.30
2008.09.11 09:02:33.394,1.7507,1.751,4.30,4.30
2008.09.11 09:02:35.037,1.7507,1.751,4.30,6.40
2008.09.11 09:02:38.777,1.7507,1.7509,4.30,1.60
2008.09.11 09:02:39.327,1.7508,1.7509,1.00,1.60
2008.09.11 09:02:39.579,1.75075,1.7509,3.70,1.60
2008.09.11 09:02:39.707,1.7508,1.751,1.00,7.00
2008.09.11 09:02:39.834,1.7507,1.751,8.30,7.00
2008.09.11 09:02:39.963,1.7507,1.751,8.90,4.80
2008.09.11 09:02:40.091,1.75075,1.7509,1.00,1.60
2008.09.11 09:02:40.531,1.7507,1.75095,1.60,10.20
2008.09.11 09:02:40.847,1.75065,1.7509,4.30,6.60
2008.09.11 09:02:41.173,1.75065,1.7509,1.00,3.90
2008.09.11 09:02:41.394,1.75065,1.7509,1.00,5.50
2008.09.11 09:02:42.327,1.7506,1.7509,4.80,6.60
2008.09.11 09:02:42.466,1.7506,1.7508,4.80,3.20
2008.09.11 09:02:42.878,1.7506,1.75085,1.60,4.30
2008.09.11 09:02:43.154,1.7506,1.75085,1.60,5.90
2008.09.11 09:02:43.295,1.7506,1.75085,4.80,8.10
2008.09.11 09:02:43.498,1.7506,1.75085,4.80,13.50
2008.09.11 09:02:43.902,1.7506,1.75085,4.80,11.30
2008.09.11 09:02:44.306,1.7506,1.75075,4.80,1.60
2008.09.11 09:02:44.642,1.7506,1.75075,4.80,3.70
2008.09.11 09:02:45.310,1.7506,1.75075,4.80,1.60
2008.09.11 09:02:46.739,1.7506,1.75075,4.80,3.70
2008.09.11 09:02:47.025,1.7506,1.75075,4.80,1.00
2008.09.11 09:02:47.243,1.75055,1.7507,7.50,2.80
2008.09.11 09:02:47.465,1.7506,1.7507,2.10,3.50
2008.09.11 09:02:47.580,1.7505,1.7506,2.70,1.00
2008.09.11 09:02:47.694,1.75045,1.7506,5.40,1.00
2008.09.11 09:02:47.924,1.7505,1.7506,2.10,1.00
2008.09.11 09:02:48.151,1.7505,1.75055,2.10,1.00
2008.09.11 09:02:48.380,1.7504,1.7505,2.60,1.00
2008.09.11 09:02:48.844,1.7505,1.75055,2.10,5.40
2008.09.11 09:02:49.183,1.7505,1.75055,2.10,8.30
2008.09.11 09:02:49.531,1.7505,1.75055,2.10,7.00
2008.09.11 09:02:53.089,1.7503,1.75045,1.00,1.00
2008.09.11 09:02:53.358,1.7503,1.7504,1.00,1.00
2008.09.11 09:02:53.459,1.7502,1.7504,7.80,1.00
2008.09.11 09:02:53.667,1.7503,1.75045,1.00,1.00
2008.09.11 09:02:53.895,1.7503,1.75045,1.00,4.30
2008.09.11 09:02:54.123,1.7503,1.7504,1.00,1.00
2008.09.11 09:02:54.576,1.7502,1.7504,5.90,1.00
2008.09.11 09:02:55.555,1.7502,1.75035,5.90,1.00
2008.09.11 09:02:55.631,1.7502,1.7503,5.90,1.00
2008.09.11 09:02:55.707,1.7502,1.7503,5.90,2.80
2008.09.11 09:02:56.047,1.75015,1.75025,3.20,1.00
2008.09.11 09:02:56.387,1.7501,1.7502,1.00,1.00
2008.09.11 09:02:57.570,1.7501,1.75015,1.00,1.00
2008.09.11 09:02:57.764,1.75,1.75015,4.00,1.00
2008.09.11 09:02:57.878,1.75,1.7501,4.00,2.20
2008.09.11 09:02:58.000,1.7499,1.75,8.40,1.00
2008.09.11 09:02:58.119,1.7499,1.75,3.20,1.00
2008.09.11 09:02:58.243,1.7498,1.74995,10.80,1.00
2008.09.11 09:02:58.707,1.7497,1.7499,20.70,2.80
2008.09.11 09:02:58.827,1.74965,1.7499,10.50,2.80
2008.09.11 09:02:59.169,1.7497,1.74985,1.00,1.00
2008.09.11 09:03:00.516,1.7497,1.7499,1.00,2.80
2008.09.11 09:03:01.088,1.7497,1.7499,2.10,2.80
2008.09.11 09:03:01.427,1.7497,1.74985,2.10,1.00
2008.09.11 09:03:01.766,1.7497,1.74985,1.00,1.00
2008.09.11 09:03:03.532,1.7497,1.7499,7.80,1.00
2008.09.11 09:03:03.827,1.7497,1.7499,6.70,1.00
2008.09.11 09:03:03.994,1.7497,1.74995,6.70,6.40
2008.09.11 09:03:04.498,1.7497,1.7499,6.70,1.00
2008.09.11 09:03:06.430,1.7497,1.74995,6.70,3.20
2008.09.11 09:03:06.715,1.7497,1.7499,9.90,1.00
2008.09.11 09:03:06.999,1.7497,1.7499,5.90,1.00
2008.09.11 09:03:09.682,1.7496,1.74975,7.80,1.00
2008.09.11 09:03:10.024,1.74955,1.7498,4.00,3.20
2008.09.11 09:03:10.243,1.7496,1.74985,7.00,4.30
2008.09.11 09:03:10.462,1.7496,1.74985,7.00,1.00
2008.09.11 09:03:10.682,1.7496,1.74985,3.20,1.00
2008.09.11 09:03:11.746,1.74965,1.74985,2.70,1.00
2008.09.11 09:03:11.926,1.74965,1.74985,4.80,1.00
2008.09.11 09:03:12.102,1.7497,1.74985,2.70,1.00
2008.09.11 09:03:15.876,1.7497,1.7499,2.70,1.00
2008.09.11 09:03:16.042,1.7497,1.7499,3.20,1.00
2008.09.11 09:03:16.963,1.74975,1.7499,2.70,1.00
2008.09.11 09:03:17.179,1.7498,1.74995,2.70,1.00
2008.09.11 09:03:19.243,1.7498,1.7499,2.70,1.00
2008.09.11 09:03:19.614,1.7498,1.7499,1.00,1.00
2008.09.11 09:03:19.742,1.7498,1.74995,1.00,1.00
2008.09.11 09:03:19.863,1.7497,1.74995,3.20,1.00
2008.09.11 09:03:22.203,1.7497,1.74995,14.80,1.00
2008.09.11 09:03:22.399,1.7497,1.74995,9.40,1.00
2008.09.11 09:03:22.594,1.7497,1.74995,3.20,1.00
2008.09.11 09:03:23.155,1.7497,1.74995,3.20,2.70
2008.09.11 09:03:23.398,1.7497,1.7499,1.60,1.60
2008.09.11 09:03:23.524,1.7497,1.74995,4.50,5.90
2008.09.11 09:03:23.766,1.7497,1.74995,4.80,5.90
2008.09.11 09:03:24.066,1.7497,1.74995,6.70,5.90
2008.09.11 09:03:24.366,1.7497,1.74995,1.00,5.90
2008.09.11 09:03:25.958,1.7497,1.74995,1.00,4.30
2008.09.11 09:03:26.368,1.7497,1.7499,1.00,3.20
2008.09.11 09:03:32.540,1.7497,1.7499,1.60,3.20
2008.09.11 09:03:32.810,1.7497,1.74995,1.60,3.20
2008.09.11 09:03:33.070,1.7497,1.74995,6.70,4.30
2008.09.11 09:03:33.862,1.7497,1.74995,4.80,1.00
2008.09.11 09:03:34.730,1.7497,1.74995,4.80,2.70
2008.09.11 09:03:36.887,1.7497,1.74995,4.80,1.00
2008.09.11 09:03:39.958,1.7497,1.74995,3.70,1.00
2008.09.11 09:03:40.309,1.7497,1.74995,4.80,1.00
2008.09.11 09:03:41.491,1.7497,1.74995,7.50,1.00
2008.09.11 09:03:42.254,1.7497,1.74995,4.80,1.00
2008.09.11 09:03:44.750,1.7498,1.74995,2.70,1.00
2008.09.11 09:03:44.959,1.7498,1.75,17.00,1.00
2008.09.11 09:03:45.168,1.7498,1.74995,9.90,1.00
2008.09.11 09:03:45.392,1.7498,1.74995,4.50,1.00
2008.09.11 09:03:45.614,1.7498,1.74995,1.00,1.00
2008.09.11 09:03:48.068,1.7497,1.74995,4.80,1.00
2008.09.11 09:03:48.590,1.74975,1.74995,2.70,1.00
2008.09.11 09:03:48.686,1.7498,1.74995,1.00,1.00
2008.09.11 09:03:48.874,1.7498,1.74995,2.70,1.00
2008.09.11 09:03:52.774,1.7498,1.75,2.70,1.00
2008.09.11 09:03:59.854,1.7498,1.74995,2.70,1.00
2008.09.11 09:03:59.930,1.7498,1.74995,2.10,1.00
2008.09.11 09:04:00.078,1.7497,1.74995,11.60,1.00
2008.09.11 09:04:00.119,1.7497,1.74995,7.50,1.00
2008.09.11 09:04:00.889,1.74975,1.75,3.70,1.00
2008.09.11 09:04:01.154,1.7498,1.75,2.70,1.00
2008.09.11 09:04:03.007,1.7498,1.75,2.70,3.20
2008.09.11 09:04:05.762,1.7498,1.75,2.70,1.00
2008.09.11 09:04:11.967,1.7498,1.75,2.70,3.20
2008.09.11 09:04:13.033,1.7498,1.75,2.70,4.80
2008.09.11 09:04:13.259,1.7498,1.75,2.70,2.70
2008.09.11 09:04:13.426,1.7498,1.74995,2.10,1.00
2008.09.11 09:04:13.475,1.7498,1.74995,2.10,4.30
2008.09.11 09:04:13.658,1.74975,1.7499,5.90,3.20
2008.09.11 09:04:13.698,1.74975,1.7499,3.70,3.20
2008.09.11 09:04:13.810,1.74975,1.75,5.90,8.10
2008.09.11 09:04:13.851,1.7498,1.75,2.70,8.10
2008.09.11 09:04:13.893,1.7498,1.74995,2.70,1.00
2008.09.11 09:04:14.223,1.7498,1.74995,1.00,2.70
2008.09.11 09:04:14.571,1.7498,1.7499,2.70,1.60
2008.09.11 09:04:14.898,1.7498,1.74995,2.70,1.00
2008.09.11 09:04:15.240,1.7497,1.74995,3.70,1.00
2008.09.11 09:04:15.446,1.7497,1.74995,6.70,4.30
2008.09.11 09:04:15.657,1.7497,1.74995,4.80,4.30
2008.09.11 09:04:16.066,1.7497,1.74995,4.80,5.90
2008.09.11 09:04:16.282,1.7497,1.74995,4.80,2.70
2008.09.11 09:04:16.922,1.7497,1.74985,8.10,1.60
2008.09.11 09:04:17.786,1.7497,1.74995,4.80,4.80
2008.09.11 09:04:18.006,1.7497,1.74995,4.80,8.10
2008.09.11 09:04:19.231,1.7497,1.74995,4.80,6.40
2008.09.11 09:04:19.490,1.7497,1.74995,3.20,4.30
2008.09.11 09:04:19.750,1.74975,1.75,5.90,4.30
2008.09.11 09:04:20.010,1.7498,1.75,5.90,4.30
2008.09.11 09:04:20.270,1.7498,1.75,5.90,1.00
2008.09.11 09:04:20.994,1.7498,1.7499,2.10,1.00
2008.09.11 09:04:21.238,1.7497,1.7499,3.70,4.30
2008.09.11 09:04:21.414,1.74965,1.7499,2.70,4.30
2008.09.11 09:04:21.590,1.7497,1.74995,1.60,5.40
2008.09.11 09:04:21.766,1.7497,1.74995,1.60,1.00
2008.09.11 09:04:21.942,1.7497,1.74995,4.30,1.00
2008.09.11 09:04:27.027,1.7497,1.74995,4.30,3.20
2008.09.11 09:04:28.896,1.7497,1.74985,1.60,1.00
2008.09.11 09:04:29.203,1.7497,1.74985,4.00,15.70
2008.09.11 09:04:29.515,1.7498,1.74985,17.50,3.20
2008.09.11 09:04:29.823,1.7498,1.74995,3.20,4.30
2008.09.11 09:04:30.130,1.7498,1.74995,3.20,6.40
2008.09.11 09:04:30.606,1.7497,1.74995,1.00,9.70
2008.09.11 09:04:31.098,1.7497,1.74995,1.00,11.80
2008.09.11 09:04:31.918,1.7497,1.74995,1.00,10.80
2008.09.11 09:04:32.597,1.7497,1.74995,1.00,11.40
2008.09.11 09:04:32.790,1.74965,1.7499,1.00,4.30
2008.09.11 09:04:33.378,1.7497,1.7499,1.00,4.30
2008.09.11 09:04:33.618,1.7497,1.7499,1.60,4.30
2008.09.11 09:04:34.142,1.7497,1.7499,1.60,6.40
2008.09.11 09:04:38.034,1.7497,1.7499,1.60,4.30
2008.09.11 09:04:40.870,1.7497,1.7499,1.60,1.00
2008.09.11 09:04:41.650,1.7497,1.74995,1.60,9.70
2008.09.11 09:04:41.886,1.7497,1.74995,1.60,11.30
2008.09.11 09:04:42.123,1.7497,1.7499,3.70,1.00
2008.09.11 09:04:47.538,1.7497,1.74995,1.60,6.40
2008.09.11 09:04:47.743,1.7497,1.74995,1.60,9.70
2008.09.11 09:04:54.750,1.7497,1.7499,3.70,1.00
2008.09.11 09:05:00.475,1.7497,1.7499,1.00,1.00
2008.09.11 09:05:02.095,1.7497,1.7499,1.00,4.30
2008.09.11 09:05:02.271,1.74965,1.7499,1.00,4.30
2008.09.11 09:05:02.350,1.74965,1.7499,1.00,5.90
2008.09.11 09:05:02.530,1.74965,1.7499,1.00,8.10
2008.09.11 09:05:03.920,1.7497,1.7499,1.00,8.10
2008.09.11 09:05:10.022,1.7496,1.7499,7.50,8.10
2008.09.11 09:05:13.886,1.7497,1.7499,1.00,8.10
2008.09.11 09:05:18.174,1.7496,1.7499,7.50,8.10
2008.09.11 09:05:18.306,1.7497,1.7499,1.00,8.10
2008.09.11 09:05:20.890,1.7497,1.7499,1.00,6.40
2008.09.11 09:05:21.274,1.7497,1.7499,1.00,4.30
2008.09.11 09:05:23.866,1.7497,1.74985,1.00,3.20
2008.09.11 09:05:23.991,1.7496,1.74985,4.30,4.30
2008.09.11 09:05:24.035,1.7496,1.74985,1.60,4.30
2008.09.11 09:05:25.710,1.7496,1.7498,8.30,3.20
2008.09.11 09:05:26.302,1.7496,1.74985,8.30,4.30
2008.09.11 09:05:29.110,1.7496,1.74985,8.30,6.40
2008.09.11 09:05:30.753,1.7496,1.74985,8.30,8.10
2008.09.11 09:05:31.002,1.7496,1.74985,8.30,5.90
2008.09.11 09:05:35.367,1.7496,1.74985,8.30,7.50
2008.09.11 09:05:36.866,1.7496,1.74985,8.30,5.90
2008.09.11 09:05:46.363,1.7496,1.74985,7.50,2.70
2008.09.11 09:05:49.882,1.7496,1.74985,6.40,2.70
2008.09.11 09:05:50.542,1.7496,1.74985,7.50,2.70
2008.09.11 09:05:51.640,1.7497,1.74985,1.00,2.70
2008.09.11 09:05:53.303,1.7496,1.74985,6.40,2.70
2008.09.11 09:05:53.363,1.7496,1.74985,3.20,2.70
2008.09.11 09:05:53.398,1.7496,1.74985,3.20,5.90
2008.09.11 09:05:53.446,1.7496,1.74985,4.90,5.90
2008.09.11 09:05:54.223,1.7496,1.74985,4.90,9.10
2008.09.11 09:05:58.226,1.7496,1.74985,4.80,9.10
2008.09.11 09:06:00.862,1.7496,1.74985,1.60,9.10
2008.09.11 09:06:01.478,1.7496,1.74985,1.60,7.50
2008.09.11 09:06:02.617,1.7496,1.74985,6.40,7.50
2008.09.11 09:06:03.214,1.7496,1.74985,1.60,7.50
2008.09.11 09:06:04.303,1.7496,1.74985,4.30,7.50
2008.09.11 09:06:04.437,1.7496,1.74985,4.30,6.40
2008.09.11 09:06:04.554,1.7496,1.74985,4.30,3.20
2008.09.11 09:06:05.030,1.74965,1.7499,1.00,4.30
2008.09.11 09:06:07.534,1.74965,1.7499,1.00,4.90
2008.09.11 09:06:07.964,1.74965,1.74985,1.00,3.20
2008.09.11 09:06:08.806,1.74965,1.7499,1.00,4.30
2008.09.11 09:06:09.090,1.74965,1.74985,1.00,3.20
2008.09.11 09:06:09.875,1.74965,1.7499,1.00,4.30
2008.09.11 09:06:10.138,1.74965,1.7499,1.30,4.30
2008.09.11 09:06:10.488,1.74965,1.7499,1.30,3.20
2008.09.11 09:06:10.565,1.74965,1.7499,4.00,3.20
2008.09.11 09:06:10.682,1.7497,1.7499,1.00,3.20
2008.09.11 09:06:10.911,1.7497,1.7499,1.60,3.20
2008.09.11 09:06:11.251,1.7497,1.74995,7.50,3.20
2008.09.11 09:06:11.594,1.7497,1.74995,4.80,1.00
2008.09.11 09:06:11.934,1.7497,1.74995,1.60,6.40
2008.09.11 09:06:12.659,1.7497,1.74995,4.30,6.40
2008.09.11 09:06:15.194,1.7497,1.74995,4.30,5.40
2008.09.11 09:06:15.361,1.7497,1.74995,3.70,5.40
2008.09.11 09:06:15.405,1.7497,1.74995,2.70,10.80
2008.09.11 09:06:15.610,1.74965,1.74995,16.70,10.80
2008.09.11 09:06:15.659,1.74965,1.74995,14.50,12.90
2008.09.11 09:06:15.772,1.74965,1.74995,10.50,12.90
2008.09.11 09:06:15.862,1.7497,1.74995,2.70,12.90
2008.09.11 09:06:15.953,1.7497,1.74995,3.70,12.90
2008.09.11 09:06:16.046,1.7497,1.74995,4.30,6.40
2008.09.11 09:06:16.386,1.7497,1.7499,4.30,3.20
2008.09.11 09:06:16.725,1.7497,1.74995,4.30,6.40
2008.09.11 09:06:18.912,1.7497,1.74995,4.30,5.40
2008.09.11 09:06:19.078,1.74975,1.74995,2.70,5.40
2008.09.11 09:06:19.246,1.74975,1.7499,2.70,2.10
2008.09.11 09:06:21.130,1.74975,1.74995,2.70,3.20
2008.09.11 09:06:21.597,1.7497,1.74995,7.50,3.20
2008.09.11 09:06:21.834,1.74965,1.7499,8.30,1.00
2008.09.11 09:06:21.998,1.7497,1.7499,4.30,3.20
2008.09.11 09:06:22.653,1.7497,1.74995,4.30,9.70
2008.09.11 09:06:24.138,1.7497,1.74995,1.60,9.70
2008.09.11 09:06:24.286,1.7497,1.74995,5.60,14.00
2008.09.11 09:06:24.450,1.7497,1.74995,3.20,14.00
2008.09.11 09:06:24.598,1.7497,1.74995,3.20,9.70
2008.09.11 09:06:24.746,1.7497,1.74995,4.30,9.70
2008.09.11 09:06:26.150,1.7497,1.74995,1.00,16.20
2008.09.11 09:06:26.426,1.7497,1.7499,2.70,4.30
2008.09.11 09:06:26.704,1.7497,1.7499,3.20,1.00
2008.09.11 09:06:28.369,1.7497,1.74995,4.30,6.40
2008.09.11 09:06:28.434,1.74975,1.74995,2.70,6.40
2008.09.11 09:06:28.697,1.74975,1.74995,2.70,3.20
2008.09.11 09:06:28.766,1.74975,1.74995,2.70,1.00
2008.09.11 09:06:29.225,1.74975,1.75,3.20,4.30
2008.09.11 09:06:29.901,1.7498,1.75,2.70,4.30
2008.09.11 09:06:30.110,1.7498,1.75,3.20,4.30
2008.09.11 09:06:30.529,1.7498,1.75,3.20,1.00
2008.09.11 09:06:30.875,1.7498,1.75,15.50,1.70
2008.09.11 09:06:30.982,1.7498,1.7499,7.40,1.00
2008.09.11 09:06:31.274,1.7497,1.7499,3.20,4.30
2008.09.11 09:06:31.550,1.7497,1.7499,3.20,1.00
2008.09.11 09:06:32.358,1.7497,1.7499,6.40,1.00
2008.09.11 09:06:32.994,1.7497,1.74995,8.10,1.00
2008.09.11 09:06:33.333,1.7498,1.74995,1.60,1.00
2008.09.11 09:06:33.490,1.7498,1.75,3.20,1.00
2008.09.11 09:06:34.796,1.74985,1.75005,5.90,3.20
2008.09.11 09:06:35.122,1.74985,1.75005,5.90,1.00
2008.09.11 09:06:35.443,1.74985,1.75005,7.00,1.20
2008.09.11 09:06:35.749,1.74985,1.75005,5.90,1.20
2008.09.11 09:06:36.209,1.74985,1.75005,11.30,1.20
2008.09.11 09:06:36.886,1.7499,1.75005,8.60,1.20
2008.09.11 09:06:37.227,1.7499,1.75,8.60,1.00
2008.09.11 09:06:37.678,1.74985,1.75,11.30,1.00
2008.09.11 09:06:37.794,1.74985,1.75005,11.30,1.00
2008.09.11 09:06:37.923,1.74985,1.75005,12.90,1.00
2008.09.11 09:06:38.138,1.7499,1.75005,10.20,1.00
2008.09.11 09:06:38.458,1.7498,1.75005,7.00,1.00
2008.09.11 09:06:38.778,1.74975,1.75,6.20,1.00
2008.09.11 09:06:39.098,1.7498,1.75,2.90,1.00
2008.09.11 09:06:39.418,1.7498,1.75,2.90,4.30
2008.09.11 09:06:39.727,1.7498,1.75,2.90,1.00
2008.09.11 09:06:42.902,1.7498,1.75,2.80,1.00
2008.09.11 09:06:43.994,1.7498,1.74995,2.80,1.00
2008.09.11 09:06:44.174,1.74975,1.74995,2.80,1.00
2008.09.11 09:06:44.354,1.7498,1.75,7.10,4.30
2008.09.11 09:06:44.534,1.7498,1.75,12.50,4.30
2008.09.11 09:06:44.874,1.7498,1.75,12.50,1.00
2008.09.11 09:06:45.214,1.7498,1.74995,12.50,1.00
2008.09.11 09:06:45.554,1.7498,1.7499,1.00,1.00
2008.09.11 09:06:46.422,1.7498,1.74995,1.00,1.00
2008.09.11 09:06:48.034,1.7498,1.74995,1.00,1.70
2008.09.11 09:06:48.278,1.7498,1.7499,1.00,1.00
2008.09.11 09:06:48.402,1.7498,1.7499,1.70,1.00
2008.09.11 09:06:48.844,1.7498,1.74995,2.20,1.00
2008.09.11 09:06:49.042,1.7498,1.74995,7.60,1.00
2008.09.11 09:06:49.634,1.7498,1.74995,6.00,1.00
2008.09.11 09:06:53.311,1.7498,1.75,6.00,1.00
2008.09.11 09:06:57.033,1.7498,1.75,7.60,1.00
2008.09.11 09:07:04.826,1.7498,1.75,7.90,1.00
2008.09.11 09:07:05.070,1.7498,1.75005,7.60,7.00
2008.09.11 09:07:06.822,1.7498,1.75005,13.00,7.00
2008.09.11 09:07:07.041,1.7498,1.75005,7.60,7.00
2008.09.11 09:07:07.653,1.7498,1.75005,4.30,7.00
2008.09.11 09:07:07.833,1.7498,1.75005,7.00,7.00
2008.09.11 09:07:08.013,1.7498,1.75005,7.00,4.80
2008.09.11 09:07:08.545,1.7498,1.75005,4.30,4.80
2008.09.11 09:07:08.735,1.7498,1.75,3.70,1.00
2008.09.11 09:07:08.917,1.7498,1.75,9.80,1.00
2008.09.11 09:07:09.101,1.7498,1.75,7.60,1.00
2008.09.11 09:07:11.586,1.7498,1.75005,6.00,7.00
2008.09.11 09:07:11.889,1.7498,1.75,5.50,1.00
2008.09.11 09:07:12.189,1.7498,1.75,1.00,1.00
2008.09.11 09:07:12.486,1.74975,1.75005,2.80,8.60
2008.09.11 09:07:13.541,1.7498,1.75005,1.00,9.30
2008.09.11 09:07:13.759,1.74975,1.75005,2.80,8.60
2008.09.11 09:07:13.875,1.74975,1.75005,3.90,8.60
2008.09.11 09:07:14.102,1.7498,1.75005,2.70,8.60
2008.09.11 09:07:14.218,1.7498,1.75005,3.20,8.60
2008.09.11 09:07:15.230,1.7498,1.7501,3.20,6.40
2008.09.11 09:07:15.570,1.7498,1.75005,4.30,6.40
2008.09.11 09:07:16.246,1.7498,1.75005,3.20,6.40
2008.09.11 09:07:17.182,1.7499,1.75005,2.70,5.40
2008.09.11 09:07:17.446,1.74985,1.7501,3.70,5.40
2008.09.11 09:07:17.710,1.74985,1.7502,3.70,10.30
2008.09.11 09:07:17.813,1.74985,1.7502,3.70,7.10
2008.09.11 09:07:18.330,1.75,1.7502,2.70,4.30
2008.09.11 09:07:18.925,1.75,1.7502,2.70,1.00
2008.09.11 09:07:19.122,1.75,1.7502,3.20,1.00
2008.09.11 09:07:19.509,1.75,1.75025,3.20,9.70
2008.09.11 09:07:19.702,1.74995,1.75015,15.10,1.00
2008.09.11 09:07:19.909,1.74995,1.75015,5.90,1.00
2008.09.11 09:07:20.321,1.74995,1.7502,5.90,1.00
2008.09.11 09:07:20.729,1.74995,1.7502,2.70,1.00
2008.09.11 09:07:21.378,1.7499,1.7502,10.20,1.70
2008.09.11 09:07:21.599,1.7499,1.75015,3.20,5.40
2008.09.11 09:07:21.823,1.7499,1.75015,3.70,5.40
2008.09.11 09:07:22.162,1.7499,1.7501,3.70,1.00
2008.09.11 09:07:22.502,1.74985,1.7501,3.70,4.30
2008.09.11 09:07:22.842,1.74985,1.7501,5.40,4.30
2008.09.11 09:07:23.266,1.7499,1.7501,2.10,4.30
2008.09.11 09:07:23.550,1.7499,1.7501,4.30,4.30
2008.09.11 09:07:24.414,1.7499,1.7501,2.70,4.30
2008.09.11 09:07:24.614,1.7499,1.7501,1.00,4.30
2008.09.11 09:07:24.796,1.7498,1.75,10.50,1.00
2008.09.11 09:07:25.254,1.7498,1.75005,3.20,6.40
2008.09.11 09:07:27.490,1.74985,1.7501,2.70,4.30
2008.09.11 09:07:27.710,1.7499,1.7501,1.00,4.30
2008.09.11 09:07:27.929,1.7499,1.7501,1.00,4.30
2008.09.11 09:07:29.877,1.7499,1.75005,3.20,1.00
2008.09.11 09:07:30.038,1.7499,1.75015,3.20,14.00
2008.09.11 09:07:30.378,1.7499,1.75015,3.20,7.50
2008.09.11 09:07:30.718,1.7499,1.7502,4.30,11.30
2008.09.11 09:07:31.949,1.7499,1.7502,4.30,11.30
2008.09.11 09:07:32.886,1.7499,1.7501,4.50,1.00
2008.09.11 09:07:33.181,1.7499,1.7501,1.00,1.00
2008.09.11 09:07:33.485,1.7499,1.7501,1.00,4.30
2008.09.11 09:07:36.014,1.7499,1.75005,1.00,1.00
2008.09.11 09:07:36.313,1.7498,1.7501,10.20,4.30
2008.09.11 09:07:36.910,1.7498,1.7501,7.00,4.30
2008.09.11 09:07:40.673,1.7498,1.75005,4.30,4.30
2008.09.11 09:07:42.179,1.7498,1.75005,4.30,6.40
2008.09.11 09:07:43.094,1.74985,1.75005,2.70,5.40
2008.09.11 09:07:43.241,1.74985,1.7501,2.70,4.30
2008.09.11 09:07:43.462,1.74985,1.75015,2.70,12.50
2008.09.11 09:07:43.702,1.74985,1.75015,3.70,12.50
2008.09.11 09:07:45.398,1.74985,1.75015,3.70,11.80
2008.09.11 09:07:45.936,1.7499,1.7501,1.00,3.20
2008.09.11 09:07:46.075,1.7499,1.7501,4.30,3.20
2008.09.11 09:07:46.208,1.7499,1.75015,4.30,6.40
2008.09.11 09:07:46.342,1.7499,1.75015,7.00,6.40
2008.09.11 09:07:46.697,1.7499,1.75015,4.30,4.30
2008.09.11 09:07:47.033,1.7499,1.75015,7.50,1.00
2008.09.11 09:07:48.143,1.7499,1.75015,4.30,1.00
2008.09.11 09:07:48.777,1.7499,1.75015,3.20,1.00
2008.09.11 09:07:48.970,1.7499,1.7501,4.50,1.00
2008.09.11 09:07:49.165,1.7499,1.7501,1.00,1.00
2008.09.11 09:07:50.466,1.7499,1.75015,1.00,1.00
2008.09.11 09:07:52.078,1.7499,1.75015,1.00,4.80
2008.09.11 09:07:52.378,1.7499,1.75015,1.00,1.00
2008.09.11 09:07:52.927,1.7499,1.75015,3.20,1.00
2008.09.11 09:07:53.193,1.7499,1.7502,4.30,5.90
2008.09.11 09:07:53.462,1.7499,1.75015,4.30,1.00
2008.09.11 09:07:53.769,1.7499,1.75015,1.60,1.00
2008.09.11 09:07:54.074,1.7499,1.75015,4.30,1.00
2008.09.11 09:07:54.381,1.7499,1.7501,3.20,1.00
2008.09.11 09:07:54.858,1.7499,1.75015,4.30,1.00
2008.09.11 09:07:55.182,1.74985,1.75015,11.00,2.10
2008.09.11 09:07:55.515,1.74985,1.7501,7.00,1.00
2008.09.11 09:07:55.692,1.74985,1.75015,7.00,2.10
2008.09.11 09:07:56.037,1.74985,1.75015,7.00,1.00
2008.09.11 09:07:57.485,1.7499,1.75015,1.00,1.00
2008.09.11 09:07:58.485,1.74985,1.75015,7.00,2.10
2008.09.11 09:07:59.250,1.74985,1.75005,3.20,3.20
2008.09.11 09:07:59.601,1.7498,1.7501,4.30,6.40
2008.09.11 09:08:04.498,1.74985,1.75,1.00,2.10
2008.09.11 09:08:04.614,1.74985,1.75005,3.70,2.10
2008.09.11 09:08:04.867,1.74985,1.75015,3.70,35.70
2008.09.11 09:08:05.838,1.74985,1.75015,2.70,35.10
2008.09.11 09:08:08.274,1.74985,1.7499,2.70,1.00
2008.09.11 09:08:08.494,1.7498,1.7499,6.40,1.00
2008.09.11 09:08:08.713,1.7498,1.7499,3.20,1.00
2008.09.11 09:08:09.222,1.7498,1.75,3.20,3.20
2008.09.11 09:08:11.282,1.7498,1.75,12.90,3.20
2008.09.11 09:08:11.482,1.74975,1.75,13.50,4.30
2008.09.11 09:08:11.669,1.74975,1.75005,7.10,14.10
2008.09.11 09:08:15.201,1.7498,1.75,3.90,4.30
2008.09.11 09:08:16.027,1.7498,1.75,3.20,4.30
2008.09.11 09:08:16.094,1.7498,1.75,4.30,3.20
2008.09.11 09:08:16.377,1.7498,1.75005,4.30,8.10
2008.09.11 09:08:16.533,1.7498,1.75005,4.30,10.20
2008.09.11 09:08:17.569,1.7498,1.75005,4.30,8.10
2008.09.11 09:08:19.201,1.7498,1.75005,4.30,10.20
2008.09.11 09:08:19.645,1.7498,1.75005,4.30,8.60
2008.09.11 09:08:19.870,1.7498,1.75005,4.30,6.40
2008.09.11 09:08:20.543,1.7498,1.75005,7.50,3.20
2008.09.11 09:08:25.011,1.7498,1.75005,9.70,3.20
2008.09.11 09:08:25.593,1.7498,1.75005,11.30,3.20
2008.09.11 09:08:25.789,1.7498,1.75,9.10,2.10
2008.09.11 09:08:26.517,1.7498,1.75005,7.50,2.10
2008.09.11 09:08:30.593,1.7498,1.75,4.30,2.10
2008.09.11 09:08:31.318,1.7498,1.75005,4.30,5.40
2008.09.11 09:08:32.703,1.7499,1.7501,1.00,6.40
2008.09.11 09:08:33.149,1.7499,1.7501,1.00,4.30
2008.09.11 09:08:33.533,1.7499,1.75015,1.00,16.20
2008.09.11 09:08:33.921,1.7499,1.7501,4.30,3.20
2008.09.11 09:08:34.209,1.7499,1.7501,4.30,2.10
2008.09.11 09:08:34.301,1.7499,1.7502,4.30,6.40
2008.09.11 09:08:34.498,1.7499,1.75015,4.30,1.00
2008.09.11 09:08:38.029,1.7499,1.7501,3.20,1.00
2008.09.11 09:08:38.573,1.7499,1.75015,4.30,4.30
2008.09.11 09:08:43.470,1.7499,1.75015,10.90,4.30
2008.09.11 09:08:43.733,1.7499,1.75015,3.90,12.90
2008.09.11 09:08:44.257,1.74985,1.7501,7.10,3.20
2008.09.11 09:08:45.961,1.74985,1.7501,3.90,3.20
2008.09.11 09:08:54.302,1.7499,1.75015,2.70,16.20
2008.09.11 09:08:54.446,1.7499,1.75015,2.70,9.70
2008.09.11 09:08:54.849,1.7499,1.75015,3.20,9.70
2008.09.11 09:08:55.049,1.7499,1.75015,3.20,6.40
2008.09.11 09:08:55.249,1.7499,1.75015,4.30,6.40
2008.09.11 09:09:00.271,1.74995,1.75015,2.70,6.40
2008.09.11 09:09:00.474,1.74995,1.7501,3.70,5.40
2008.09.11 09:09:00.677,1.74995,1.7501,3.70,3.20
2008.09.11 09:09:00.877,1.74995,1.7502,3.70,4.30
2008.09.11 09:09:01.961,1.75,1.7502,1.00,4.30
2008.09.11 09:09:03.245,1.7499,1.75015,7.50,1.00
2008.09.11 09:09:03.485,1.7499,1.75015,4.30,1.00
2008.09.11 09:09:03.762,1.75,1.7502,1.00,4.30
2008.09.11 09:09:04.050,1.75,1.75015,5.90,1.00
2008.09.11 09:09:04.329,1.75,1.75015,1.00,1.00
2008.09.11 09:09:04.765,1.75,1.7502,1.00,1.00
2008.09.11 09:09:08.469,1.75,1.75015,1.00,1.00
2008.09.11 09:09:08.693,1.75,1.75015,1.00,8.60
2008.09.11 09:09:08.921,1.75,1.75015,1.00,5.40
2008.09.11 09:09:09.145,1.75,1.7502,1.00,1.00
2008.09.11 09:09:09.369,1.74995,1.7502,1.00,1.00
2008.09.11 09:09:09.821,1.7499,1.7502,4.80,1.00
2008.09.11 09:09:10.545,1.7499,1.7502,7.50,1.00
2008.09.11 09:09:11.078,1.75,1.7502,1.00,1.00
2008.09.11 09:09:11.767,1.75,1.75015,1.00,1.00
2008.09.11 09:09:11.961,1.7499,1.75015,5.40,1.00
2008.09.11 09:09:13.094,1.7499,1.75015,3.70,1.00
2008.09.11 09:09:13.265,1.7499,1.75015,1.60,1.00
2008.09.11 09:09:14.042,1.7499,1.75015,3.20,1.00
2008.09.11 09:09:16.057,1.7499,1.75015,3.70,1.00
2008.09.11 09:09:16.251,1.7499,1.75015,1.60,1.00
2008.09.11 09:09:20.958,1.7499,1.75015,3.70,1.00
2008.09.11 09:09:23.161,1.7499,1.75015,5.40,1.00
2008.09.11 09:09:23.357,1.7499,1.75015,3.70,1.00
2008.09.11 09:09:23.553,1.7499,1.75015,1.60,1.00
2008.09.11 09:09:27.741,1.7499,1.75015,1.60,4.30
2008.09.11 09:09:28.601,1.7499,1.75015,1.60,1.00
2008.09.11 09:09:30.096,1.7499,1.75015,1.60,1.70
2008.09.11 09:09:30.164,1.7499,1.7501,10.20,1.00
2008.09.11 09:09:30.565,1.7499,1.7501,3.90,1.00
2008.09.11 09:09:30.902,1.7499,1.75015,1.60,10.80
2008.09.11 09:09:31.245,1.7499,1.7501,1.60,3.20
2008.09.11 09:09:31.317,1.7499,1.7501,8.20,3.20
2008.09.11 09:09:31.537,1.7499,1.75015,8.20,4.30
2008.09.11 09:09:32.693,1.7499,1.75015,11.80,4.30
2008.09.11 09:09:34.682,1.7499,1.75015,10.20,4.30
2008.09.11 09:09:34.809,1.7499,1.75015,8.20,4.30
2008.09.11 09:09:35.985,1.7499,1.75015,10.20,4.30
2008.09.11 09:09:37.193,1.7499,1.75015,8.20,4.30
2008.09.11 09:09:40.369,1.7499,1.7501,8.20,3.20
2008.09.11 09:09:40.590,1.7499,1.7501,6.00,4.30
2008.09.11 09:09:40.809,1.7499,1.7501,3.90,4.30
2008.09.11 09:09:41.370,1.7499,1.7501,3.90,3.20
2008.09.11 09:09:41.560,1.7499,1.7501,6.60,3.20
2008.09.11 09:09:41.736,1.7499,1.7501,8.70,3.20
2008.09.11 09:09:41.826,1.7499,1.75015,8.70,4.30
2008.09.11 09:09:43.081,1.7499,1.7501,9.80,4.30
2008.09.11 09:09:43.421,1.7499,1.7501,5.50,4.30
2008.09.11 09:09:43.759,1.7499,1.75015,1.60,4.30
2008.09.11 09:09:44.093,1.7499,1.75015,9.80,4.30
2008.09.11 09:09:45.115,1.7499,1.75015,9.80,4.90
2008.09.11 09:09:45.371,1.7499,1.7501,8.20,1.00
2008.09.11 09:09:45.626,1.7499,1.7501,3.90,1.00
2008.09.11 09:09:45.878,1.7499,1.7501,3.90,4.30
2008.09.11 09:09:48.527,1.7499,1.7501,3.90,1.00
2008.09.11 09:09:48.705,1.7499,1.7501,6.00,1.00
2008.09.11 09:09:48.881,1.7499,1.7501,8.20,1.00
2008.09.11 09:09:52.799,1.7499,1.7501,3.90,1.00
2008.09.11 09:09:53.257,1.7499,1.7501,3.90,4.30
2008.09.11 09:09:55.529,1.7499,1.7501,3.90,1.00
2008.09.11 09:09:55.925,1.7499,1.7501,3.70,1.00
2008.09.11 09:09:56.914,1.7499,1.7501,8.20,1.00
2008.09.11 09:10:05.634,1.74995,1.7501,2.70,1.00
2008.09.11 09:10:05.751,1.7499,1.7501,5.90,1.00
2008.09.11 09:10:05.867,1.7499,1.75015,4.30,3.20
2008.09.11 09:10:05.985,1.7499,1.7501,4.50,1.00
2008.09.11 09:10:06.105,1.7499,1.75015,4.50,1.00
2008.09.11 09:10:06.223,1.7499,1.75015,4.90,4.30
2008.09.11 09:10:06.341,1.7499,1.75015,4.90,7.50
2008.09.11 09:10:11.779,1.7499,1.75015,4.90,8.20
2008.09.11 09:10:11.859,1.7499,1.75015,4.90,10.30
2008.09.11 09:10:12.014,1.74985,1.75015,3.30,12.50
2008.09.11 09:10:12.241,1.74985,1.75015,1.20,14.70
2008.09.11 09:10:13.023,1.7499,1.75015,2.70,14.00
2008.09.11 09:10:13.177,1.75,1.7501,1.00,3.20
2008.09.11 09:10:13.451,1.7499,1.7501,1.60,3.20
2008.09.11 09:10:13.726,1.7499,1.75015,4.90,7.50
2008.09.11 09:10:16.432,1.7499,1.75015,3.20,7.50
2008.09.11 09:10:16.653,1.75,1.75015,1.00,4.30
2008.09.11 09:10:17.657,1.7499,1.75015,3.70,4.30
2008.09.11 09:10:18.474,1.7499,1.75015,4.90,7.50
2008.09.11 09:10:19.597,1.7499,1.75015,3.20,7.50
2008.09.11 09:10:19.853,1.7499,1.75015,13.50,7.50
2008.09.11 09:10:20.109,1.7499,1.75015,4.90,7.50
2008.09.11 09:10:20.365,1.7499,1.7501,4.90,1.00
2008.09.11 09:10:20.894,1.7499,1.7501,2.80,1.00
2008.09.11 09:10:21.169,1.7499,1.7501,2.80,1.70
2008.09.11 09:10:21.305,1.7499,1.7501,1.00,1.70
2008.09.11 09:10:22.761,1.7499,1.75005,1.00,4.30
2008.09.11 09:10:22.863,1.7498,1.75005,4.80,4.30
2008.09.11 09:10:23.373,1.7498,1.75005,1.60,7.50
2008.09.11 09:10:23.931,1.7499,1.75005,1.00,7.50
2008.09.11 09:10:24.330,1.7498,1.75005,4.80,4.30
2008.09.11 09:10:25.005,1.7498,1.75005,1.60,7.50
2008.09.11 09:10:26.277,1.7499,1.75005,1.00,7.50
2008.09.11 09:10:26.889,1.7499,1.75005,1.00,4.30
2008.09.11 09:10:28.889,1.7499,1.75005,1.00,1.00
2008.09.11 09:10:29.681,1.7499,1.75005,2.70,1.00
2008.09.11 09:10:30.568,1.7499,1.75005,1.60,1.00
2008.09.11 09:10:30.725,1.7499,1.7501,4.30,3.20
2008.09.11 09:10:30.881,1.74995,1.7501,6.40,3.20
2008.09.11 09:10:31.037,1.75005,1.7501,2.70,3.20
2008.09.11 09:10:31.193,1.75005,1.7502,2.70,3.20
2008.09.11 09:10:31.465,1.75005,1.75025,2.70,1.00
2008.09.11 09:10:31.737,1.7501,1.75025,1.00,3.70
2008.09.11 09:10:32.296,1.75005,1.7503,8.30,4.80
2008.09.11 09:10:32.572,1.75005,1.7503,1.00,8.10
2008.09.11 09:10:33.160,1.75005,1.7503,1.00,5.90
2008.09.11 09:10:33.560,1.75005,1.7503,1.00,2.70
2008.09.11 09:10:33.764,1.75005,1.7503,1.00,1.00
2008.09.11 09:10:34.173,1.7501,1.75035,1.60,9.30
2008.09.11 09:10:34.377,1.7501,1.75035,1.60,1.00
2008.09.11 09:10:35.295,1.7501,1.7503,8.60,1.00
2008.09.11 09:10:42.849,1.75015,1.7503,2.70,1.00
2008.09.11 09:10:42.924,1.75015,1.7504,4.30,2.70
2008.09.11 09:10:42.985,1.75015,1.7504,4.30,3.20
2008.09.11 09:10:43.165,1.75015,1.7504,7.00,3.20
2008.09.11 09:10:43.225,1.75015,1.7504,7.00,1.00
2008.09.11 09:10:43.464,1.75015,1.75045,7.00,7.00
2008.09.11 09:10:43.737,1.75015,1.75045,7.00,5.40
2008.09.11 09:10:44.009,1.7502,1.75045,1.00,5.40
2008.09.11 09:10:44.553,1.7502,1.75045,1.60,5.40
2008.09.11 09:10:44.819,1.7502,1.75045,4.80,5.40
2008.09.11 09:10:46.957,1.7503,1.7505,1.00,1.00
2008.09.11 09:10:54.753,1.7503,1.7505,5.90,1.00
2008.09.11 09:10:54.950,1.7503,1.7505,6.40,1.00
2008.09.11 09:10:55.042,1.7503,1.7505,8.60,1.00
2008.09.11 09:10:57.369,1.7503,1.7505,8.10,1.00
2008.09.11 09:10:58.877,1.7505,1.75055,2.70,3.20
2008.09.11 09:10:59.097,1.75055,1.7507,1.00,3.20
2008.09.11 09:10:59.316,1.75055,1.7508,1.00,8.10
2008.09.11 09:11:06.997,1.75055,1.7508,1.00,5.90
2008.09.11 09:11:08.056,1.7505,1.7507,3.20,1.00
2008.09.11 09:11:10.453,1.7505,1.7507,15.10,1.00
2008.09.11 09:11:10.633,1.7505,1.7507,4.80,1.00
2008.09.11 09:11:10.813,1.7505,1.7507,1.00,1.00
2008.09.11 09:11:10.993,1.7505,1.75065,1.00,1.00
2008.09.11 09:11:11.913,1.75065,1.75075,5.40,5.00
2008.09.11 09:11:12.088,1.75065,1.75075,5.40,5.40
2008.09.11 09:11:12.282,1.7507,1.75075,9.70,1.00
2008.09.11 09:11:12.478,1.75065,1.7508,3.20,1.00
2008.09.11 09:11:12.865,1.7506,1.7508,3.20,4.30
2008.09.11 09:11:13.057,1.7506,1.7508,3.20,1.00
2008.09.11 09:11:13.342,1.7506,1.75075,1.00,4.30
2008.09.11 09:11:13.629,1.7505,1.7507,2.70,1.00
2008.09.11 09:11:13.913,1.7505,1.7507,1.00,1.00
2008.09.11 09:11:15.928,1.7504,1.75065,3.70,4.30
2008.09.11 09:11:16.184,1.7504,1.75065,4.80,4.30
2008.09.11 09:11:18.740,1.7504,1.75065,4.80,1.00
2008.09.11 09:11:19.033,1.7504,1.7507,4.30,6.40
2008.09.11 09:11:19.169,1.7504,1.7507,7.50,3.20
2008.09.11 09:11:19.305,1.7504,1.7507,4.80,3.20
2008.09.11 09:11:19.577,1.7505,1.7507,1.00,3.20
2008.09.11 09:11:19.961,1.7505,1.75075,1.60,8.60
2008.09.11 09:11:20.154,1.75055,1.75075,8.30,3.20
2008.09.11 09:11:20.349,1.75055,1.75075,11.00,3.20
2008.09.11 09:11:20.541,1.75055,1.7508,10.20,3.70
2008.09.11 09:11:20.888,1.7506,1.75075,4.30,2.70
2008.09.11 09:11:21.568,1.75065,1.75075,3.20,2.70
2008.09.11 09:11:21.914,1.75065,1.75085,3.20,2.70
2008.09.11 09:11:22.591,1.75055,1.75085,22.40,2.70
2008.09.11 09:11:22.860,1.75065,1.7509,3.70,4.80
2008.09.11 09:11:22.986,1.7507,1.7509,1.00,4.80
2008.09.11 09:11:23.115,1.7507,1.75085,1.00,1.00
2008.09.11 09:11:23.365,1.7506,1.75085,12.90,1.00
2008.09.11 09:11:23.614,1.7507,1.7509,1.00,4.80
2008.09.11 09:11:24.317,1.7507,1.75095,1.00,1.00
2008.09.11 09:11:27.657,1.7507,1.7509,1.00,1.00
2008.09.11 09:11:27.889,1.7507,1.7509,1.00,4.30
2008.09.11 09:11:28.064,1.7506,1.7509,4.30,4.30
2008.09.11 09:11:29.513,1.7507,1.7509,2.70,4.30
2008.09.11 09:11:29.753,1.7507,1.7509,3.20,3.20
2008.09.11 09:11:30.269,1.75075,1.7509,2.70,3.20
2008.09.11 09:11:30.549,1.75075,1.75095,2.70,1.00
2008.09.11 09:11:30.828,1.75075,1.751,3.70,4.30
2008.09.11 09:11:31.108,1.75075,1.751,3.70,1.00
2008.09.11 09:11:31.573,1.7508,1.751,1.00,1.00
2008.09.11 09:11:33.158,1.7508,1.75105,4.30,15.60
2008.09.11 09:11:33.333,1.7508,1.75105,4.30,11.30
2008.09.11 09:11:33.505,1.7508,1.75105,4.30,13.50
2008.09.11 09:11:34.279,1.7508,1.751,3.20,1.00
2008.09.11 09:11:34.527,1.7508,1.751,5.40,1.00
2008.09.11 09:11:34.670,1.7508,1.75095,2.70,1.00
2008.09.11 09:11:34.745,1.7508,1.7509,2.70,1.00
2008.09.11 09:11:34.888,1.7508,1.7509,1.00,1.00
2008.09.11 09:11:35.176,1.7507,1.7509,1.00,1.00
2008.09.11 09:11:36.221,1.75065,1.7507,8.40,1.00
2008.09.11 09:11:36.501,1.75055,1.7506,2.70,3.20
2008.09.11 09:11:36.745,1.7505,1.7507,9.40,1.00
2008.09.11 09:11:36.989,1.75055,1.7507,4.00,1.00
2008.09.11 09:11:37.232,1.75045,1.7507,8.10,4.30
2008.09.11 09:11:37.476,1.75045,1.75065,8.10,3.20
2008.09.11 09:11:38.292,1.7505,1.75065,4.80,3.20
2008.09.11 09:11:38.429,1.7505,1.75055,4.30,3.20
2008.09.11 09:11:38.593,1.7505,1.75055,4.30,3.40
2008.09.11 09:11:39.257,1.7505,1.75055,4.30,3.20
2008.09.11 09:11:40.464,1.7505,1.75055,4.30,4.30
2008.09.11 09:11:40.854,1.7505,1.75055,4.30,4.20
2008.09.11 09:11:41.012,1.7505,1.75055,4.30,11.90
2008.09.11 09:11:41.168,1.7505,1.75055,4.30,19.90
2008.09.11 09:11:41.324,1.7505,1.75055,4.30,22.30
2008.09.11 09:11:41.481,1.7505,1.75055,4.30,22.90
2008.09.11 09:11:42.249,1.7504,1.7505,5.40,5.30
2008.09.11 09:11:42.838,1.7502,1.7504,5.90,4.50
2008.09.11 09:11:44.521,1.7504,1.75045,5.40,6.40
2008.09.11 09:11:44.685,1.7504,1.75045,5.40,4.30
2008.09.11 09:11:44.849,1.7504,1.75045,5.40,3.20
2008.09.11 09:11:45.029,1.7504,1.75045,5.40,4.30
2008.09.11 09:11:45.749,1.7503,1.7504,2.70,7.00
2008.09.11 09:11:45.929,1.7501,1.7503,4.50,3.20
2008.09.11 09:11:46.193,1.7501,1.7502,1.00,1.00
2008.09.11 09:11:46.722,1.75005,1.7502,4.00,1.00
2008.09.11 09:11:46.989,1.75,1.75015,4.50,3.20
2008.09.11 09:11:47.265,1.7499,1.75015,5.90,4.30
2008.09.11 09:11:47.541,1.75,1.75015,1.00,4.30
2008.09.11 09:11:48.764,1.7499,1.75015,1.60,9.70
2008.09.11 09:11:49.016,1.7499,1.75015,1.60,15.10
2008.09.11 09:11:49.103,1.7499,1.75005,1.60,3.20
2008.09.11 09:11:49.365,1.7499,1.75005,9.80,3.20
2008.09.11 09:11:51.157,1.7499,1.75005,3.20,3.20
2008.09.11 09:11:51.533,1.7499,1.75015,3.20,4.30
2008.09.11 09:11:51.932,1.7499,1.75015,4.30,4.30
2008.09.11 09:11:52.529,1.7499,1.75015,1.60,1.00
2008.09.11 09:11:52.725,1.7499,1.75015,1.60,1.00
2008.09.11 09:11:52.921,1.7499,1.75015,4.30,1.00
2008.09.11 09:11:53.312,1.7499,1.75015,4.30,1.00
2008.09.11 09:11:54.180,1.7499,1.75015,1.60,1.00
2008.09.11 09:11:54.876,1.7499,1.75015,3.70,1.00
2008.09.11 09:11:56.412,1.7499,1.7502,5.90,4.10
2008.09.11 09:11:57.164,1.7499,1.75015,5.90,1.00
2008.09.11 09:11:57.365,1.7499,1.75015,8.10,1.00
2008.09.11 09:11:57.964,1.75,1.75015,1.00,1.00
2008.09.11 09:11:58.468,1.75,1.7502,2.10,4.10
2008.09.11 09:11:59.476,1.75,1.7502,5.40,4.10
2008.09.11 09:11:59.980,1.75,1.7502,3.20,1.00
2008.09.11 09:12:00.444,1.75,1.75025,3.20,4.10
2008.09.11 09:12:00.676,1.75,1.75025,3.20,1.00
2008.09.11 09:12:02.357,1.75,1.7502,3.20,1.00
2008.09.11 09:12:04.210,1.75,1.7502,9.40,1.00
2008.09.11 09:12:04.549,1.75,1.7502,8.30,1.00
2008.09.11 09:12:05.696,1.75,1.7502,11.60,1.00
2008.09.11 09:12:08.989,1.75005,1.75025,1.00,3.20
2008.09.11 09:12:12.265,1.75005,1.7502,1.00,3.20
2008.09.11 09:12:14.189,1.75005,1.75025,1.00,3.20
2008.09.11 09:12:14.600,1.7501,1.75025,1.00,3.20
2008.09.11 09:12:14.733,1.7501,1.7503,1.00,7.90
2008.09.11 09:12:16.553,1.7501,1.7503,3.20,3.20
2008.09.11 09:12:16.846,1.7501,1.75035,4.30,8.60
2008.09.11 09:12:17.141,1.75015,1.7504,6.40,7.00
2008.09.11 09:12:17.433,1.75015,1.7504,3.70,7.00
2008.09.11 09:12:18.164,1.7502,1.7504,1.00,7.00
2008.09.11 09:12:18.249,1.75025,1.75035,2.70,3.70
2008.09.11 09:12:18.333,1.75025,1.75035,2.70,1.60
2008.09.11 09:12:18.416,1.75025,1.75045,2.70,2.50
2008.09.11 09:12:18.500,1.7502,1.75045,7.00,2.50
2008.09.11 09:12:18.594,1.7502,1.75045,4.30,5.80
2008.09.11 09:12:19.084,1.7502,1.75045,4.30,9.00
2008.09.11 09:12:19.404,1.7502,1.75045,4.30,11.20
2008.09.11 09:12:20.496,1.75025,1.75045,2.70,7.90
2008.09.11 09:12:20.617,1.75025,1.75045,2.70,6.30
2008.09.11 09:12:20.737,1.7503,1.75045,1.00,4.10
2008.09.11 09:12:21.689,1.7502,1.75045,3.20,7.40
2008.09.11 09:12:22.904,1.7502,1.7504,4.80,4.10
2008.09.11 09:12:23.102,1.7502,1.75025,1.00,3.20
2008.09.11 09:12:23.260,1.75,1.75025,1.60,4.00
2008.09.11 09:12:23.574,1.75015,1.75025,1.00,3.20
2008.09.11 09:12:23.733,1.7502,1.75035,1.00,5.40
2008.09.11 09:12:23.888,1.7501,1.75035,4.30,3.20
2008.09.11 09:12:24.045,1.7501,1.7504,4.30,3.20
2008.09.11 09:12:24.541,1.7501,1.75035,4.30,3.20
2008.09.11 09:12:24.876,1.7501,1.7504,4.30,4.10
2008.09.11 09:12:25.397,1.75005,1.7502,4.30,5.40
2008.09.11 09:12:25.948,1.75005,1.75025,1.00,8.60
2008.09.11 09:12:30.628,1.75,1.7501,4.30,3.20
2008.09.11 09:12:31.157,1.75,1.7501,1.60,3.20
2008.09.11 09:12:32.058,1.75,1.7501,2.70,3.20
2008.09.11 09:12:32.268,1.75,1.75025,2.70,21.40
2008.09.11 09:12:32.486,1.75,1.75025,1.00,16.00
2008.09.11 09:12:32.633,1.75,1.7502,3.20,3.20
2008.09.11 09:12:32.776,1.75,1.75025,3.20,9.50
2008.09.11 09:12:32.920,1.75,1.7502,3.20,6.30
2008.09.11 09:12:33.064,1.75,1.7502,3.20,4.10
2008.09.11 09:12:34.428,1.75,1.75025,3.20,7.40
2008.09.11 09:12:34.649,1.75,1.75025,3.20,12.80
2008.09.11 09:12:34.868,1.75,1.7502,3.20,9.50
2008.09.11 09:12:35.530,1.75,1.7502,11.80,9.50
2008.09.11 09:12:35.793,1.75,1.75015,4.80,4.10
2008.09.11 09:12:36.054,1.75,1.75015,1.00,4.10
2008.09.11 09:12:36.316,1.75,1.7501,1.00,3.20
2008.09.11 09:12:41.534,1.75,1.75025,1.00,11.70
2008.09.11 09:12:41.872,1.75,1.75025,4.80,7.40
2008.09.11 09:12:48.376,1.7501,1.75025,1.00,6.40
2008.09.11 09:12:48.509,1.7501,1.75025,1.00,3.20
2008.09.11 09:12:49.488,1.7501,1.7503,1.00,4.90
2008.09.11 09:12:51.352,1.7501,1.75025,1.00,1.00
2008.09.11 09:12:53.548,1.7501,1.75025,1.00,4.10
2008.09.11 09:12:54.732,1.75,1.75025,6.70,4.10
2008.09.11 09:12:54.837,1.75,1.75025,4.80,7.40
2008.09.11 09:12:56.052,1.75,1.7502,4.80,3.20
2008.09.11 09:12:58.014,1.75,1.7502,4.80,4.10
2008.09.11 09:12:59.201,1.75,1.7501,4.80,4.10
2008.09.11 09:12:59.648,1.75,1.7501,1.00,4.10
2008.09.11 09:13:00.813,1.7499,1.75005,1.00,4.10
2008.09.11 09:13:02.669,1.7498,1.75005,1.60,4.10
2008.09.11 09:13:02.957,1.7498,1.75005,8.10,4.10
2008.09.11 09:13:03.830,1.7498,1.75,8.10,1.00
2008.09.11 09:13:07.921,1.7498,1.75,9.90,1.00
2008.09.11 09:13:08.329,1.7498,1.75,8.10,1.00
2008.09.11 09:13:09.133,1.7498,1.75005,8.10,4.10
2008.09.11 09:13:12.955,1.7498,1.75005,9.90,4.10
2008.09.11 09:13:14.473,1.7498,1.75,9.90,1.00
2008.09.11 09:13:20.673,1.7498,1.75,9.90,1.70
2008.09.11 09:13:20.812,1.7498,1.74995,9.90,1.00
2008.09.11 09:13:20.952,1.7498,1.74995,6.70,1.00
2008.09.11 09:13:21.092,1.7498,1.74995,1.00,1.00
2008.09.11 09:13:21.636,1.7498,1.7499,1.00,4.10
2008.09.11 09:13:21.760,1.7498,1.7499,1.00,3.20
2008.09.11 09:13:22.009,1.7498,1.74995,1.00,6.40
2008.09.11 09:13:22.598,1.7498,1.74995,1.00,4.10
2008.09.11 09:13:22.947,1.7497,1.74995,4.80,4.10
2008.09.11 09:13:23.492,1.7497,1.74995,3.20,7.40
2008.09.11 09:13:25.096,1.7497,1.7499,3.20,4.10
2008.09.11 09:13:28.723,1.7497,1.7499,11.80,4.10
2008.09.11 09:13:28.948,1.7497,1.7499,4.80,4.10
2008.09.11 09:13:31.059,1.7496,1.7498,3.70,1.00
2008.09.11 09:13:31.401,1.7496,1.7498,1.00,4.10
2008.09.11 09:13:31.743,1.7496,1.74975,1.00,1.00
2008.09.11 09:13:34.485,1.7496,1.74965,1.00,1.00
2008.09.11 09:13:34.724,1.7495,1.74965,7.50,16.80
2008.09.11 09:13:34.964,1.7494,1.7496,5.90,4.10
2008.09.11 09:13:35.209,1.74935,1.7496,6.40,4.90
2008.09.11 09:13:35.316,1.7494,1.7496,5.40,4.90
2008.09.11 09:13:35.424,1.7494,1.7496,4.30,4.90
2008.09.11 09:13:35.640,1.7494,1.74955,2.90,3.20
2008.09.11 09:13:35.859,1.7494,1.74955,2.90,14.10
2008.09.11 09:13:35.968,1.7494,1.74945,2.90,1.00
2008.09.11 09:13:36.078,1.7493,1.74945,4.00,1.00
2008.09.11 09:13:36.421,1.7492,1.74945,2.70,4.10
2008.09.11 09:13:36.760,1.7493,1.74945,3.20,6.30
2008.09.11 09:13:37.100,1.7492,1.74935,2.70,1.00
2008.09.11 09:13:37.385,1.7492,1.7493,3.70,4.30
2008.09.11 09:13:37.669,1.7492,1.7493,3.70,2.10
2008.09.11 09:13:37.954,1.7492,1.7494,3.70,8.50
2008.09.11 09:13:38.241,1.7492,1.7494,5.90,8.50
2008.09.11 09:13:38.428,1.7492,1.74935,5.90,1.00
2008.09.11 09:13:38.604,1.7491,1.74935,3.70,5.50
2008.09.11 09:13:38.956,1.7491,1.74935,9.10,4.10
2008.09.11 09:13:39.133,1.7491,1.74925,5.90,1.00
2008.09.11 09:13:39.327,1.74905,1.7493,6.40,13.00
2008.09.11 09:13:39.670,1.74905,1.7492,6.40,2.10
2008.09.11 09:13:40.012,1.7491,1.74925,3.20,5.40
2008.09.11 09:13:40.385,1.7491,1.74925,1.00,13.60
2008.09.11 09:13:40.628,1.7491,1.74915,3.20,1.00
2008.09.11 09:13:41.131,1.74895,1.7492,1.00,4.10
2008.09.11 09:13:41.376,1.749,1.7492,1.00,4.10
2008.09.11 09:13:41.769,1.7489,1.74915,4.50,1.00
2008.09.11 09:13:41.980,1.74885,1.749,7.20,5.20
2008.09.11 09:13:42.176,1.7488,1.749,4.30,3.20
2008.09.11 09:13:42.712,1.7488,1.749,1.60,3.20
2008.09.11 09:13:43.733,1.7487,1.74895,5.60,5.20
2008.09.11 09:13:44.010,1.7487,1.7489,1.60,3.20
2008.09.11 09:13:44.564,1.7487,1.74895,4.30,5.40
2008.09.11 09:13:44.703,1.7487,1.74895,4.30,3.20
2008.09.11 09:13:45.112,1.74875,1.74895,3.70,3.20
2008.09.11 09:13:45.252,1.7488,1.74895,1.00,3.20
2008.09.11 09:13:45.388,1.7488,1.74895,2.70,3.20
2008.09.11 09:13:45.524,1.7488,1.749,2.70,4.10
2008.09.11 09:13:45.968,1.7488,1.749,2.70,6.30
2008.09.11 09:13:46.276,1.7488,1.749,1.00,4.10
2008.09.11 09:13:46.764,1.7488,1.749,1.00,5.90
2008.09.11 09:13:47.125,1.7487,1.74895,4.30,1.00
2008.09.11 09:13:47.304,1.7487,1.74895,1.60,1.00
2008.09.11 09:13:47.484,1.7487,1.7489,1.60,1.70
2008.09.11 09:13:47.664,1.7487,1.7489,1.00,1.70
2008.09.11 09:13:47.765,1.74865,1.7489,3.20,2.70
2008.09.11 09:13:47.964,1.7486,1.74885,8.30,3.20
2008.09.11 09:13:48.064,1.7486,1.74885,4.30,5.40
2008.09.11 09:13:48.164,1.7486,1.74885,4.30,6.30
2008.09.11 09:13:50.161,1.74865,1.74885,6.40,5.40
2008.09.11 09:13:50.308,1.74865,1.7488,7.00,2.10
2008.09.11 09:13:50.456,1.74865,1.7489,7.00,2.70
2008.09.11 09:13:50.604,1.7488,1.7489,2.10,3.90
2008.09.11 09:13:50.752,1.74865,1.74895,7.00,9.50
2008.09.11 09:13:51.017,1.74865,1.7488,3.20,4.10
2008.09.11 09:13:51.281,1.7486,1.74875,3.20,5.40
2008.09.11 09:13:51.545,1.7486,1.7488,4.50,4.10
2008.09.11 09:13:51.811,1.7486,1.7488,1.60,3.20
2008.09.11 09:13:52.068,1.7486,1.7488,4.30,3.20
2008.09.11 09:13:52.324,1.7486,1.74885,4.30,3.10
2008.09.11 09:13:53.077,1.7486,1.74885,1.60,3.10
2008.09.11 09:13:53.212,1.74865,1.7489,1.00,6.30
2008.09.11 09:13:53.332,1.74865,1.7489,1.00,4.10
2008.09.11 09:13:53.572,1.7486,1.74875,3.20,1.00
2008.09.11 09:13:53.694,1.7486,1.74875,15.30,7.10
2008.09.11 09:13:53.816,1.74855,1.74875,18.00,9.30
2008.09.11 09:13:54.171,1.74855,1.7487,14.00,9.70
2008.09.11 09:13:54.496,1.74855,1.7487,14.00,5.40
2008.09.11 09:13:54.836,1.7486,1.74875,10.80,8.60
2008.09.11 09:13:55.073,1.74855,1.74875,11.80,5.40
2008.09.11 09:13:55.308,1.74855,1.74875,11.80,3.20
2008.09.11 09:13:55.784,1.7486,1.7487,10.80,1.70
2008.09.11 09:13:56.087,1.7486,1.74865,10.80,3.20
2008.09.11 09:13:56.388,1.7486,1.74865,10.80,4.10
2008.09.11 09:13:56.688,1.7486,1.74865,10.80,5.00
2008.09.11 09:13:56.990,1.7486,1.74865,10.80,3.20
2008.09.11 09:13:57.215,1.7484,1.7486,12.40,3.60
2008.09.11 09:13:57.446,1.7486,1.74865,10.80,19.90
2008.09.11 09:13:57.668,1.74825,1.7485,3.20,1.70
2008.09.11 09:13:57.892,1.74825,1.7484,3.70,2.10
2008.09.11 09:13:58.096,1.7482,1.7485,2.70,6.30
2008.09.11 09:13:58.708,1.7483,1.74845,2.10,7.40
2008.09.11 09:13:58.913,1.7482,1.74845,8.30,4.10
2008.09.11 09:13:59.208,1.7482,1.7484,4.30,5.40
2008.09.11 09:14:00.096,1.7482,1.74845,4.30,6.30
2008.09.11 09:14:00.384,1.7482,1.74845,3.20,6.30
2008.09.11 09:14:01.300,1.7482,1.7484,3.20,6.30
2008.09.11 09:14:01.642,1.7482,1.74835,11.60,4.10
2008.09.11 09:14:01.987,1.7482,1.7483,7.50,4.10
2008.09.11 09:14:02.227,1.7482,1.7483,7.00,4.10
2008.09.11 09:14:02.467,1.7482,1.74825,1.00,1.70
2008.09.11 09:14:02.705,1.7482,1.74825,1.00,3.90
2008.09.11 09:14:02.941,1.74815,1.7482,1.10,5.40
2008.09.11 09:14:03.333,1.7482,1.74825,1.00,8.60
2008.09.11 09:14:03.534,1.7482,1.74825,1.00,8.60
2008.09.11 09:14:04.124,1.7482,1.74825,1.00,9.50
2008.09.11 09:14:04.384,1.7482,1.74825,1.00,9.50
2008.09.11 09:14:05.167,1.7482,1.74825,1.00,4.10
2008.09.11 09:14:05.488,1.7482,1.74825,1.00,6.30
2008.09.11 09:14:05.751,1.748,1.7482,3.60,5.40
2008.09.11 09:14:05.832,1.7482,1.74825,1.00,8.60
2008.09.11 09:14:05.912,1.748,1.74815,2.80,1.00
2008.09.11 09:14:07.092,1.7482,1.74825,1.00,11.30
2008.09.11 09:14:07.418,1.7482,1.74825,1.00,11.10
2008.09.11 09:14:08.068,1.7482,1.74825,1.00,9.50
2008.09.11 09:14:08.561,1.748,1.74825,2.70,9.50
2008.09.11 09:14:09.327,1.748,1.74825,3.20,9.50
2008.09.11 09:14:09.632,1.748,1.74825,4.30,9.50
2008.09.11 09:14:09.936,1.748,1.74825,1.60,5.80
2008.09.11 09:14:10.240,1.748,1.74825,2.70,7.90
2008.09.11 09:14:10.684,1.748,1.74825,2.70,11.20
2008.09.11 09:14:10.832,1.748,1.74825,1.60,11.20
2008.09.11 09:14:11.277,1.74805,1.74825,1.00,10.20
2008.09.11 09:14:11.476,1.7481,1.74825,1.00,7.00
2008.09.11 09:14:11.676,1.7481,1.74825,1.60,4.80
2008.09.11 09:14:12.079,1.7481,1.74825,1.60,3.20
2008.09.11 09:14:12.556,1.7481,1.74835,1.60,13.30
2008.09.11 09:14:13.512,1.7481,1.74835,1.60,11.20
2008.09.11 09:14:13.984,1.7481,1.74835,1.60,9.50
2008.09.11 09:14:14.220,1.7481,1.74835,4.30,9.50
2008.09.11 09:14:14.456,1.74815,1.74835,1.00,3.90
2008.09.11 09:14:14.704,1.74815,1.74835,1.00,10.80
2008.09.11 09:14:14.954,1.7481,1.74835,1.00,13.90
2008.09.11 09:14:15.452,1.7481,1.7483,1.00,3.20
2008.09.11 09:14:17.675,1.7481,1.7483,2.70,3.20
2008.09.11 09:14:18.480,1.7481,1.7483,3.20,3.20
2008.09.11 09:14:18.720,1.74815,1.74835,1.00,8.60
2008.09.11 09:14:18.840,1.74815,1.74835,3.70,8.60
2008.09.11 09:14:18.960,1.74815,1.74835,3.70,5.40
2008.09.11 09:14:19.094,1.74815,1.74835,3.70,3.20
2008.09.11 09:14:19.336,1.7482,1.74835,1.00,4.10
2008.09.11 09:14:19.677,1.7482,1.74835,1.00,1.00
2008.09.11 09:14:20.852,1.7482,1.7483,1.00,3.20
2008.09.11 09:14:21.028,1.7481,1.74825,2.10,1.00
2008.09.11 09:14:21.380,1.748,1.74825,4.30,1.00
2008.09.11 09:14:21.732,1.74805,1.74825,1.00,3.20
2008.09.11 09:14:23.248,1.74805,1.7483,2.70,5.20
2008.09.11 09:14:23.589,1.74815,1.74835,2.70,8.50
2008.09.11 09:14:23.752,1.74815,1.74835,2.70,3.10
2008.09.11 09:14:24.080,1.74815,1.74835,2.70,1.00
2008.09.11 09:14:25.116,1.7482,1.7484,1.00,3.20
2008.09.11 09:14:25.756,1.7481,1.74835,4.30,1.00
2008.09.11 09:14:26.046,1.7481,1.74835,4.30,4.10
2008.09.11 09:14:26.337,1.7481,1.74835,4.30,3.20
2008.09.11 09:14:27.344,1.74815,1.74835,1.00,3.20
2008.09.11 09:14:28.080,1.7481,1.74835,5.40,4.10
2008.09.11 09:14:28.368,1.7483,1.74835,3.20,5.40
2008.09.11 09:14:28.656,1.7483,1.74835,3.20,3.20
2008.09.11 09:14:29.437,1.7483,1.7485,1.00,5.20
2008.09.11 09:14:29.698,1.74825,1.7485,1.00,5.20
2008.09.11 09:14:29.882,1.74825,1.7485,3.70,5.20
2008.09.11 09:14:31.188,1.74845,1.7486,2.70,3.20
2008.09.11 09:14:31.468,1.7485,1.7487,1.00,2.10
2008.09.11 09:14:31.748,1.7485,1.7488,1.00,4.10
2008.09.11 09:14:32.024,1.7485,1.7488,1.00,8.50
2008.09.11 09:14:32.300,1.7486,1.74875,1.00,1.00
2008.09.11 09:14:32.576,1.74845,1.74875,1.00,1.70
2008.09.11 09:14:32.852,1.7485,1.7487,1.00,1.00
2008.09.11 09:14:33.164,1.7485,1.7487,1.00,4.10
2008.09.11 09:14:34.276,1.7485,1.7487,2.70,3.20
2008.09.11 09:14:34.590,1.7487,1.7488,3.70,4.10
2008.09.11 09:14:34.900,1.7487,1.7488,3.70,3.20
2008.09.11 09:14:35.268,1.7487,1.74885,3.70,1.00
2008.09.11 09:14:43.606,1.7488,1.74885,3.50,1.00
2008.09.11 09:14:44.836,1.7488,1.7489,3.50,1.00
2008.09.11 09:14:45.468,1.7488,1.74885,1.30,4.10
2008.09.11 09:14:45.613,1.7488,1.74885,1.30,5.40
2008.09.11 09:14:45.756,1.7488,1.74885,1.30,3.20
2008.09.11 09:14:46.188,1.7488,1.7489,1.30,3.20
2008.09.11 09:14:46.601,1.7488,1.74895,1.30,1.00
2008.09.11 09:14:46.868,1.7488,1.7489,1.30,1.00
2008.09.11 09:14:48.088,1.7488,1.7489,1.30,4.10
2008.09.11 09:14:48.316,1.7488,1.74885,1.30,4.10
2008.09.11 09:14:48.936,1.7488,1.74885,1.30,3.20
2008.09.11 09:14:49.336,1.7488,1.7489,1.30,4.10
2008.09.11 09:14:49.888,1.74875,1.74895,4.00,1.00
2008.09.11 09:14:50.108,1.7488,1.74895,4.00,1.00
2008.09.11 09:14:51.852,1.7489,1.749,1.00,6.30
2008.09.11 09:14:52.072,1.7489,1.74895,1.00,1.00
2008.09.11 09:14:52.292,1.7488,1.74895,6.20,1.00
2008.09.11 09:14:52.776,1.7488,1.74895,4.00,1.00
2008.09.11 09:14:54.307,1.7488,1.749,4.00,6.30
2008.09.11 09:14:55.900,1.7488,1.749,5.60,6.30
2008.09.11 09:14:56.492,1.7488,1.749,7.80,6.30
2008.09.11 09:14:56.788,1.7488,1.749,6.20,6.30
2008.09.11 09:14:57.024,1.7488,1.749,4.00,6.30
2008.09.11 09:14:58.903,1.7488,1.749,7.20,3.10
2008.09.11 09:14:59.204,1.7488,1.749,8.90,3.10
2008.09.11 09:15:01.316,1.7488,1.749,11.00,3.10
2008.09.11 09:15:01.748,1.7488,1.749,2.10,3.10
2008.09.11 09:15:02.016,1.7488,1.749,4.30,3.10
2008.09.11 09:15:04.337,1.74895,1.749,3.20,2.10
2008.09.11 09:15:04.584,1.74895,1.74915,3.20,5.20
2008.09.11 09:15:05.071,1.7489,1.74915,1.00,8.50
2008.09.11 09:15:09.265,1.7489,1.7491,1.00,6.80
2008.09.11 09:15:09.551,1.7489,1.7491,1.00,12.20
2008.09.11 09:15:09.836,1.74885,1.7491,3.70,2.50
2008.09.11 09:15:10.121,1.74885,1.7491,2.70,2.50
2008.09.11 09:15:10.236,1.74885,1.7491,2.70,5.80
2008.09.11 09:15:10.468,1.74885,1.74905,2.70,2.50
2008.09.11 09:15:10.584,1.7488,1.74905,7.00,2.50
2008.09.11 09:15:10.700,1.7488,1.74905,7.00,4.10
2008.09.11 09:15:10.824,1.7488,1.74905,4.30,5.80
2008.09.11 09:15:10.940,1.7488,1.74905,3.20,5.80
2008.09.11 09:15:11.172,1.7488,1.74905,3.20,6.00
2008.09.11 09:15:11.512,1.7488,1.74895,6.00,1.60
2008.09.11 09:15:11.852,1.7488,1.74905,6.00,9.80
2008.09.11 09:15:12.192,1.7488,1.749,4.90,4.10
2008.09.11 09:15:12.648,1.7488,1.749,4.90,1.70
2008.09.11 09:15:12.876,1.74875,1.74895,5.40,6.30
2008.09.11 09:15:13.104,1.74875,1.74895,3.20,8.50
2008.09.11 09:15:13.332,1.7487,1.74895,1.60,17.10
2008.09.11 09:15:13.496,1.7487,1.7489,1.00,13.90
2008.09.11 09:15:14.152,1.7487,1.7489,1.00,16.00
2008.09.11 09:15:16.299,1.7487,1.74885,1.00,1.00
2008.09.11 09:15:19.024,1.7486,1.74885,1.60,1.00
2008.09.11 09:15:19.216,1.7486,1.7488,1.00,1.00
2008.09.11 09:15:19.413,1.7486,1.7488,1.00,3.10
2008.09.11 09:15:19.628,1.7486,1.7488,1.00,4.10
2008.09.11 09:15:20.060,1.7486,1.74885,3.20,11.70
2008.09.11 09:15:20.276,1.7486,1.74885,3.20,9.50
2008.09.11 09:15:20.600,1.7486,1.74885,9.70,9.50
2008.09.11 09:15:20.704,1.7486,1.7488,9.70,6.30
2008.09.11 09:15:20.788,1.7486,1.7488,7.00,4.10
2008.09.11 09:15:20.872,1.7486,1.7488,7.00,4.90
2008.09.11 09:15:20.956,1.7486,1.74875,1.00,1.00
2008.09.11 09:15:21.124,1.7486,1.74875,1.00,4.10
2008.09.11 09:15:21.208,1.7486,1.74875,1.00,7.10
2008.09.11 09:15:21.292,1.7486,1.7487,1.00,3.20
2008.09.11 09:15:21.376,1.7485,1.7487,1.60,3.20
2008.09.11 09:15:21.800,1.74845,1.7487,1.00,4.10
2008.09.11 09:15:22.140,1.7484,1.74865,4.30,1.00
2008.09.11 09:15:22.820,1.7484,1.74865,4.30,4.10
2008.09.11 09:15:23.637,1.74835,1.74855,5.40,8.50
2008.09.11 09:15:23.892,1.7483,1.7485,1.60,3.20
2008.09.11 09:15:24.148,1.7483,1.74845,2.70,3.20
2008.09.11 09:15:24.405,1.7483,1.74845,4.30,3.20
2008.09.11 09:15:24.661,1.7483,1.74855,4.30,4.10
2008.09.11 09:15:24.900,1.7483,1.74855,4.30,1.00
2008.09.11 09:15:25.260,1.7483,1.74855,1.60,1.00
2008.09.11 09:15:25.391,1.7483,1.7485,1.60,3.20
2008.09.11 09:15:27.017,1.7483,1.7485,4.30,3.20
2008.09.11 09:15:27.903,1.7483,1.74855,4.30,7.40
2008.09.11 09:15:29.019,1.7483,1.74855,3.20,7.40
2008.09.11 09:15:29.464,1.7483,1.7484,5.40,3.20
2008.09.11 09:15:29.688,1.74825,1.74845,5.40,8.50
2008.09.11 09:15:29.912,1.74825,1.7484,4.30,2.10
2008.09.11 09:15:30.028,1.74825,1.7485,4.30,8.50
2008.09.11 09:15:30.148,1.74825,1.7485,3.70,4.10
2008.09.11 09:15:30.380,1.74825,1.7484,1.00,3.20
2008.09.11 09:15:30.499,1.7482,1.74845,4.30,6.30
2008.09.11 09:15:31.071,1.7482,1.74845,4.30,9.80
2008.09.11 09:15:33.124,1.7482,1.74845,1.60,14.10
2008.09.11 09:15:33.540,1.7482,1.74845,1.60,10.90
2008.09.11 09:15:33.644,1.7482,1.74845,1.60,6.60
2008.09.11 09:15:33.748,1.7482,1.74845,4.30,6.60
2008.09.11 09:15:33.851,1.7482,1.74845,4.30,7.60
2008.09.11 09:15:34.155,1.7482,1.74845,6.40,4.40
2008.09.11 09:15:34.835,1.7482,1.74845,6.40,7.60
2008.09.11 09:15:35.787,1.7482,1.74845,4.30,7.60
2008.09.11 09:15:36.228,1.7482,1.74845,4.30,7.40
2008.09.11 09:15:39.776,1.7482,1.74845,3.20,9.50
2008.09.11 09:15:43.133,1.7482,1.74845,4.30,9.50
2008.09.11 09:15:45.488,1.74825,1.74845,2.70,9.50
2008.09.11 09:15:45.563,1.74825,1.74845,2.70,8.60
2008.09.11 09:15:45.640,1.74825,1.74845,2.70,5.40
2008.09.11 09:15:45.716,1.74825,1.74845,2.70,3.20
2008.09.11 09:15:45.792,1.7482,1.74845,4.80,3.20
2008.09.11 09:15:46.012,1.7482,1.74845,4.30,3.20
2008.09.11 09:15:46.648,1.7482,1.7485,4.30,4.10
2008.09.11 09:15:47.255,1.7482,1.7485,7.50,8.50
2008.09.11 09:15:51.096,1.7482,1.7485,4.30,4.10
2008.09.11 09:15:51.440,1.74825,1.7485,2.70,4.10
2008.09.11 09:15:51.684,1.7482,1.7484,4.80,3.20
2008.09.11 09:15:51.927,1.7482,1.7484,4.30,3.20
2008.09.11 09:15:52.171,1.7482,1.74845,4.30,6.40
2008.09.11 09:15:52.751,1.7482,1.74845,4.30,7.40
2008.09.11 09:15:53.092,1.7482,1.74845,1.60,7.40
2008.09.11 09:15:53.667,1.7482,1.74845,1.60,6.40
2008.09.11 09:15:54.203,1.7482,1.74845,1.60,7.40
2008.09.11 09:15:54.325,1.7482,1.74845,4.30,7.40
2008.09.11 09:15:54.512,1.7483,1.74845,1.00,4.10
2008.09.11 09:15:54.700,1.7482,1.74845,2.10,4.10
2008.09.11 09:15:54.887,1.7482,1.74845,1.60,4.10
2008.09.11 09:15:55.075,1.7482,1.74845,1.60,7.40
2008.09.11 09:15:55.579,1.74835,1.74845,1.00,7.40
2008.09.11 09:15:55.647,1.74835,1.74845,1.00,6.40
2008.09.11 09:15:55.715,1.7484,1.74845,1.00,6.40
2008.09.11 09:15:55.804,1.7484,1.74845,1.00,3.20
2008.09.11 09:15:55.939,1.7483,1.74845,3.70,3.20
2008.09.11 09:15:56.081,1.7483,1.74855,2.70,9.50
2008.09.11 09:15:56.143,1.7483,1.74855,1.00,11.70
2008.09.11 09:15:56.304,1.7483,1.74855,3.20,11.70
2008.09.11 09:15:56.567,1.7483,1.74855,5.40,11.70
2008.09.11 09:15:56.636,1.7483,1.7485,7.50,6.30
2008.09.11 09:15:56.972,1.7483,1.7485,1.00,8.50
2008.09.11 09:16:02.568,1.7483,1.7485,1.00,4.10
2008.09.11 09:16:05.484,1.7483,1.74855,1.00,11.70
2008.09.11 09:16:05.632,1.7483,1.74855,3.20,9.50
2008.09.11 09:16:05.924,1.7483,1.74855,1.60,6.30
2008.09.11 09:16:06.560,1.7483,1.74855,4.30,6.30
2008.09.11 09:16:06.808,1.74835,1.7485,1.00,2.10
2008.09.11 09:16:07.055,1.74835,1.7486,1.00,8.50
2008.09.11 09:16:07.532,1.74835,1.7486,3.70,8.50
2008.09.11 09:16:07.775,1.7484,1.74865,1.60,17.10
2008.09.11 09:16:08.016,1.7484,1.74865,1.60,9.50
2008.09.11 09:16:08.255,1.7484,1.74865,1.60,11.70
2008.09.11 09:16:08.423,1.7484,1.74865,1.60,8.50
2008.09.11 09:16:08.591,1.7484,1.7486,1.00,8.50
2008.09.11 09:16:08.760,1.7484,1.7486,1.00,10.60
2008.09.11 09:16:09.095,1.7484,1.7486,1.00,14.90
2008.09.11 09:16:09.392,1.7484,1.74855,1.00,3.20
2008.09.11 09:16:09.688,1.7483,1.74855,1.60,6.40
2008.09.11 09:16:09.986,1.7483,1.7486,4.80,6.30
2008.09.11 09:16:10.284,1.7483,1.7486,4.80,4.10
2008.09.11 09:16:10.461,1.7483,1.7486,8.10,12.80
2008.09.11 09:16:10.636,1.74835,1.7486,2.70,10.60
2008.09.11 09:16:10.812,1.7484,1.7486,1.00,10.60
2008.09.11 09:16:11.000,1.7484,1.7486,1.00,8.50
2008.09.11 09:16:11.177,1.7484,1.7486,1.00,6.80
2008.09.11 09:16:11.518,1.74835,1.74855,3.20,4.10
2008.09.11 09:16:11.856,1.7483,1.74855,1.60,7.40
2008.09.11 09:16:12.495,1.7483,1.74855,1.40,7.40
2008.09.11 09:16:12.776,1.74825,1.7484,8.10,4.80
2008.09.11 09:16:13.078,1.7479,1.74825,5.90,16.20
2008.09.11 09:16:13.380,1.7481,1.74825,1.00,3.20
2008.09.11 09:16:13.560,1.7481,1.74835,1.00,6.30
2008.09.11 09:16:13.740,1.748,1.7483,2.70,3.20
2008.09.11 09:16:13.919,1.748,1.7483,2.70,11.80
2008.09.11 09:16:14.101,1.74825,1.7483,2.70,6.30
2008.09.11 09:16:14.279,1.74825,1.7483,2.70,5.40
2008.09.11 09:16:14.460,1.7483,1.7484,1.00,3.20
2008.09.11 09:16:14.800,1.7483,1.74835,1.00,1.00
2008.09.11 09:16:15.153,1.7483,1.74835,1.00,4.10
2008.09.11 09:16:15.492,1.7482,1.7483,1.00,1.70
2008.09.11 09:16:15.640,1.7481,1.74825,1.00,3.20
2008.09.11 09:16:15.936,1.7481,1.74825,1.00,5.40
2008.09.11 09:16:16.085,1.7481,1.7482,1.00,2.10
2008.09.11 09:16:16.231,1.7481,1.7482,3.70,2.10
2008.09.11 09:16:16.386,1.7481,1.7482,7.80,2.10
2008.09.11 09:16:16.729,1.7481,1.7482,1.00,1.00
2008.09.11 09:16:17.408,1.7481,1.7482,3.20,1.00
2008.09.11 09:16:17.608,1.7481,1.7482,4.80,1.00
2008.09.11 09:16:18.907,1.7481,1.74825,4.80,2.00
2008.09.11 09:16:19.240,1.74805,1.7481,5.30,1.00
2008.09.11 09:16:19.408,1.7481,1.7482,4.30,30.80
2008.09.11 09:16:19.576,1.74795,1.74805,6.70,1.00
2008.09.11 09:16:19.816,1.7479,1.74805,1.00,1.00
2008.09.11 09:16:20.056,1.74785,1.7479,2.70,1.00
2008.09.11 09:16:20.298,1.7477,1.7479,4.80,3.20
2008.09.11 09:16:20.540,1.7477,1.74795,7.50,1.00
2008.09.11 09:16:20.720,1.7477,1.748,7.50,5.20
2008.09.11 09:16:20.899,1.7477,1.748,7.50,5.80
2008.09.11 09:16:21.256,1.7477,1.7479,3.70,1.70
2008.09.11 09:16:21.436,1.7477,1.7479,6.40,5.20
2008.09.11 09:16:21.617,1.7477,1.7479,6.40,5.50
2008.09.11 09:16:21.956,1.7477,1.74795,7.50,1.00
2008.09.11 09:16:22.918,1.7477,1.7479,6.40,1.00
2008.09.11 09:16:23.207,1.7477,1.7478,4.50,3.00
2008.09.11 09:16:23.498,1.7475,1.74775,1.00,3.30
2008.09.11 09:16:23.841,1.74735,1.7476,2.70,3.20
2008.09.11 09:16:24.180,1.7473,1.7476,5.90,4.10
2008.09.11 09:16:24.520,1.7473,1.7475,1.60,3.20
2008.09.11 09:16:25.144,1.7472,1.7475,9.90,4.90
2008.09.11 09:16:25.432,1.7473,1.74745,1.00,1.00
2008.09.11 09:16:25.722,1.7472,1.7474,2.10,1.00
2008.09.11 09:16:25.860,1.7472,1.7474,5.40,1.00
2008.09.11 09:16:26.004,1.7472,1.74745,5.90,5.50
2008.09.11 09:16:26.141,1.7472,1.74745,5.90,1.70
2008.09.11 09:16:26.276,1.7472,1.7474,4.80,3.60
2008.09.11 09:16:26.412,1.7472,1.74735,3.20,1.00
2008.09.11 09:16:26.547,1.7472,1.74735,3.20,3.30
2008.09.11 09:16:26.684,1.7471,1.7472,3.70,3.20
2008.09.11 09:16:27.024,1.74705,1.7471,1.10,6.60
2008.09.11 09:16:27.364,1.7471,1.74715,1.00,6.60
2008.09.11 09:16:27.704,1.7471,1.74715,1.00,2.10
2008.09.11 09:16:27.976,1.74705,1.74715,1.00,2.10
2008.09.11 09:16:28.238,1.74705,1.7472,1.00,5.40
2008.09.11 09:16:28.763,1.74695,1.7472,4.80,5.40
2008.09.11 09:16:28.939,1.747,1.74705,2.10,9.70
2008.09.11 09:16:29.097,1.7468,1.7471,3.20,9.40
2008.09.11 09:16:29.266,1.7468,1.74705,3.20,9.40
2008.09.11 09:16:29.424,1.74665,1.74705,7.00,12.90
2008.09.11 09:16:29.579,1.7467,1.7471,1.00,19.80
2008.09.11 09:16:29.735,1.7467,1.7471,3.70,14.00
2008.09.11 09:16:29.892,1.74675,1.7471,1.00,8.90
2008.09.11 09:16:30.216,1.7467,1.747,5.60,5.80
2008.09.11 09:16:30.540,1.74665,1.74685,3.20,22.40
2008.09.11 09:16:30.864,1.74655,1.74675,5.40,2.10
2008.09.11 09:16:31.032,1.74655,1.74675,4.30,1.00
2008.09.11 09:16:31.199,1.7466,1.7467,1.00,1.00
2008.09.11 09:16:31.367,1.7466,1.7467,1.00,1.00
2008.09.11 09:16:31.535,1.7466,1.7467,1.00,4.10
2008.09.11 09:16:31.703,1.74645,1.7467,5.40,4.10
2008.09.11 09:16:31.872,1.74645,1.74655,3.20,3.20
2008.09.11 09:16:32.212,1.74645,1.74655,3.20,5.10
2008.09.11 09:16:32.552,1.7465,1.7466,2.10,1.00
2008.09.11 09:16:32.896,1.7465,1.74665,2.10,1.00
2008.09.11 09:16:33.064,1.7465,1.74665,2.00,1.00
2008.09.11 09:16:33.232,1.7465,1.7467,2.00,1.60
2008.09.11 09:16:33.569,1.7465,1.74655,2.00,8.00
2008.09.11 09:16:33.751,1.74615,1.74655,7.00,3.20
2008.09.11 09:16:33.920,1.74625,1.7464,1.00,11.30
2008.09.11 09:16:34.260,1.74615,1.74645,5.40,1.60
2008.09.11 09:16:34.600,1.74615,1.74645,3.20,1.60
2008.09.11 09:16:34.940,1.74625,1.74645,4.30,7.80
2008.09.11 09:16:35.269,1.74615,1.7464,14.00,1.00
2008.09.11 09:16:35.596,1.74615,1.7464,14.10,1.00
2008.09.11 09:16:35.924,1.7463,1.7464,2.10,1.00
2008.09.11 09:16:36.242,1.74615,1.7464,4.30,3.60
2008.09.11 09:16:36.550,1.74615,1.7464,6.40,4.10
2008.09.11 09:16:36.856,1.74615,1.7464,6.40,1.00
2008.09.11 09:16:37.161,1.74615,1.7464,5.40,10.80
2008.09.11 09:16:37.500,1.7463,1.7464,2.10,1.00
2008.09.11 09:16:37.840,1.74615,1.7464,3.20,4.90
2008.09.11 09:16:38.180,1.74615,1.7464,3.20,2.70
2008.09.11 09:16:38.384,1.7462,1.74635,2.10,4.80
2008.09.11 09:16:38.590,1.74615,1.74635,1.00,3.70
2008.09.11 09:16:38.791,1.7462,1.7463,1.00,4.90
2008.09.11 09:16:39.355,1.7462,1.7464,1.00,4.80
2008.09.11 09:16:39.711,1.7462,1.7464,1.00,14.10
2008.09.11 09:16:40.052,1.7463,1.7465,2.10,6.30
2008.09.11 09:16:40.236,1.7462,1.74645,1.00,1.60
2008.09.11 09:16:40.784,1.7463,1.74645,2.10,2.50
2008.09.11 09:16:41.151,1.74625,1.7465,3.20,2.10
2008.09.11 09:16:41.460,1.74625,1.74655,5.40,21.40
2008.09.11 09:16:41.781,1.74625,1.7465,3.20,20.90
2008.09.11 09:16:42.088,1.74625,1.74645,5.40,1.00
2008.09.11 09:16:42.427,1.74625,1.74645,5.40,2.50
2008.09.11 09:16:43.108,1.74625,1.7465,5.40,2.50
2008.09.11 09:16:43.774,1.74625,1.7465,5.40,4.70
2008.09.11 09:16:43.943,1.74625,1.7463,6.40,1.00
2008.09.11 09:16:44.449,1.74625,1.7463,4.30,1.00
2008.09.11 09:16:45.129,1.74625,1.7464,1.00,1.60
2008.09.11 09:16:45.423,1.74625,1.7464,1.00,4.80
2008.09.11 09:16:45.716,1.7463,1.7464,1.00,4.80
2008.09.11 09:16:45.864,1.7463,1.74635,1.00,1.60
2008.09.11 09:16:46.011,1.7463,1.74635,1.00,3.70
2008.09.11 09:16:46.173,1.7463,1.74635,1.00,2.10
2008.09.11 09:16:46.460,1.7463,1.74645,1.00,2.70
2008.09.11 09:16:46.747,1.74625,1.74645,4.30,3.70
2008.09.11 09:16:47.035,1.74625,1.74645,3.20,4.80
2008.09.11 09:16:47.324,1.7463,1.74645,1.00,3.70
2008.09.11 09:16:47.668,1.7462,1.74645,1.00,9.40
2008.09.11 09:16:48.007,1.7462,1.74645,1.00,5.90
2008.09.11 09:16:48.347,1.74615,1.7464,6.40,2.50
2008.09.11 09:16:48.615,1.7462,1.74635,1.00,1.60
2008.09.11 09:16:48.884,1.7463,1.74645,2.10,8.60
2008.09.11 09:16:49.152,1.74615,1.74645,6.40,10.80
2008.09.11 09:16:49.419,1.74625,1.74645,1.00,5.90
2008.09.11 09:16:49.720,1.7464,1.7465,6.40,3.20
2008.09.11 09:16:50.020,1.74635,1.7464,3.20,1.00
2008.09.11 09:16:50.321,1.74635,1.7464,3.20,4.30
2008.09.11 09:16:50.626,1.74625,1.74645,4.30,2.10
2008.09.11 09:16:50.814,1.74625,1.7464,3.20,2.10
2008.09.11 09:16:51.000,1.74635,1.7464,1.00,13.50
2008.09.11 09:16:51.195,1.74635,1.7464,1.00,18.00
2008.09.11 09:16:51.379,1.7463,1.7464,1.00,18.00
2008.09.11 09:16:51.719,1.74625,1.7464,3.20,18.00
2008.09.11 09:16:52.060,1.7463,1.74635,4.80,1.00
2008.09.11 09:16:52.400,1.74635,1.7464,3.20,10.40
2008.09.11 09:16:52.716,1.7462,1.7464,1.60,4.10
2008.09.11 09:16:53.031,1.74615,1.7464,2.10,4.80
2008.09.11 09:16:53.348,1.74615,1.74635,2.10,3.20
2008.09.11 09:16:53.665,1.74615,1.74635,2.10,7.80
2008.09.11 09:16:53.869,1.7462,1.74635,1.00,1.60
2008.09.11 09:16:54.071,1.74615,1.74635,2.10,7.80
2008.09.11 09:16:54.277,1.7462,1.74635,1.00,7.80
2008.09.11 09:16:55.156,1.74615,1.74635,5.40,7.80
2008.09.11 09:16:55.496,1.74615,1.74635,4.30,7.80
2008.09.11 09:16:56.236,1.74615,1.7464,4.30,6.00
2008.09.11 09:16:56.424,1.74615,1.74635,4.30,3.20
2008.09.11 09:16:56.910,1.74615,1.7463,4.30,3.20
2008.09.11 09:16:57.212,1.74615,1.7463,4.30,10.60
2008.09.11 09:16:57.511,1.74615,1.74635,4.30,9.00
2008.09.11 09:16:57.851,1.74615,1.74635,4.30,1.60
2008.09.11 09:16:58.192,1.74615,1.7463,4.30,6.40
2008.09.11 09:16:58.532,1.74615,1.74625,5.40,1.00
2008.09.11 09:16:58.872,1.74615,1.7462,3.20,1.00
2008.09.11 09:16:59.120,1.74605,1.7462,4.30,1.00
2008.09.11 09:16:59.368,1.74605,1.7462,4.30,11.00
2008.09.11 09:16:59.615,1.74605,1.7462,3.20,11.00
2008.09.11 09:16:59.939,1.74595,1.7462,6.40,1.60
2008.09.11 09:17:00.266,1.74595,1.74625,6.40,7.10
2008.09.11 09:17:00.591,1.7459,1.7462,8.60,1.60
2008.09.11 09:17:00.915,1.7459,1.74625,11.30,11.70
2008.09.11 09:17:01.180,1.74585,1.7461,13.70,3.20
2008.09.11 09:17:01.444,1.74585,1.7461,10.50,2.90
2008.09.11 09:17:01.707,1.74585,1.7462,8.20,4.10
2008.09.11 09:17:01.888,1.74585,1.7461,3.50,3.20
2008.09.11 09:17:02.265,1.74585,1.74605,6.40,6.00
2008.09.11 09:17:02.443,1.74585,1.7461,6.40,6.00
2008.09.11 09:17:02.804,1.74585,1.7461,5.50,1.00
2008.09.11 09:17:03.146,1.74585,1.74605,6.00,1.60
2008.09.11 09:17:03.489,1.74585,1.746,5.40,1.60
2008.09.11 09:17:03.828,1.74585,1.74595,5.40,1.60
2008.09.11 09:17:04.091,1.7457,1.74595,7.10,1.60
2008.09.11 09:17:04.355,1.7457,1.7459,9.30,1.00
2008.09.11 09:17:04.619,1.74575,1.7459,4.30,1.00
2008.09.11 09:17:05.173,1.7457,1.746,9.70,1.60
2008.09.11 09:17:05.451,1.74575,1.7459,4.30,1.00
2008.09.11 09:17:05.727,1.7458,1.7459,2.70,5.10
2008.09.11 09:17:06.004,1.746,1.7461,1.00,8.50
2008.09.11 09:17:06.139,1.7459,1.7461,2.50,3.10
2008.09.11 09:17:06.275,1.74605,1.7461,2.50,1.00
2008.09.11 09:17:06.411,1.74605,1.74615,2.50,2.50
2008.09.11 09:17:07.413,1.74605,1.7462,2.70,10.50
2008.09.11 09:17:07.754,1.74605,1.74625,2.70,3.10
2008.09.11 09:17:08.108,1.74605,1.74625,2.70,1.00
2008.09.11 09:17:08.343,1.74605,1.74625,4.80,1.00
2008.09.11 09:17:08.464,1.74605,1.74625,2.70,1.00
2008.09.11 09:17:08.583,1.74605,1.7463,2.70,10.60
2008.09.11 09:17:08.819,1.74605,1.7463,5.50,6.30
2008.09.11 09:17:09.055,1.74605,1.7463,5.50,4.10
2008.09.11 09:17:09.848,1.74615,1.7463,2.70,4.10
2008.09.11 09:17:10.273,1.74615,1.7463,2.70,1.00
2008.09.11 09:17:10.457,1.74615,1.7463,2.70,1.00
2008.09.11 09:17:10.729,1.7461,1.7463,3.20,1.00
2008.09.11 09:17:12.485,1.74615,1.74645,3.70,48.10
2008.09.11 09:17:12.831,1.7462,1.7464,2.70,4.70
2008.09.11 09:17:13.175,1.74615,1.7464,4.80,4.70
2008.09.11 09:17:13.486,1.74615,1.7464,3.90,7.80
2008.09.11 09:17:13.784,1.7462,1.7464,8.10,1.30
2008.09.11 09:17:14.079,1.7462,1.7465,1.60,4.50
2008.09.11 09:17:14.375,1.7462,1.74645,7.10,1.30
2008.09.11 09:17:14.664,1.74625,1.7464,3.20,1.00
2008.09.11 09:17:14.963,1.74625,1.7464,8.10,1.00
2008.09.11 09:17:15.251,1.7463,1.7464,7.00,1.00
2008.09.11 09:17:15.539,1.7463,1.7464,6.80,1.00
2008.09.11 09:17:15.847,1.7463,1.7464,10.10,1.00
2008.09.11 09:17:16.307,1.7463,1.7465,5.80,1.30
2008.09.11 09:17:16.447,1.74625,1.7464,9.40,1.00
2008.09.11 09:17:16.590,1.74625,1.7464,6.30,1.00
2008.09.11 09:17:16.751,1.74625,1.7464,8.50,1.00
2008.09.11 09:17:17.314,1.7463,1.7464,5.40,1.00
2008.09.11 09:17:17.996,1.7463,1.74655,1.60,6.30
2008.09.11 09:17:18.336,1.74625,1.7464,7.40,1.00
2008.09.11 09:17:18.579,1.74625,1.7464,3.10,1.00
2008.09.11 09:17:19.612,1.74625,1.7464,3.20,1.00
2008.09.11 09:17:19.912,1.74615,1.74635,3.20,1.00
2008.09.11 09:17:22.015,1.74615,1.7464,6.40,3.10
2008.09.11 09:17:22.101,1.7462,1.7464,3.20,3.10
2008.09.11 09:17:22.264,1.7462,1.7464,7.50,1.00
2008.09.11 09:17:22.430,1.7462,1.7464,8.10,1.00
2008.09.11 09:17:22.515,1.7462,1.7464,4.80,1.00
2008.09.11 09:17:22.935,1.7462,1.74645,8.10,3.10
2008.09.11 09:17:23.275,1.7462,1.7464,1.60,2.10
2008.09.11 09:17:23.615,1.7462,1.7464,4.30,1.70
2008.09.11 09:17:23.955,1.74625,1.7464,3.20,1.70
2008.09.11 09:17:24.195,1.74625,1.7464,6.40,1.70
2008.09.11 09:17:24.435,1.74625,1.7464,6.40,1.20
2008.09.11 09:17:25.927,1.7464,1.7465,3.70,4.40
2008.09.11 09:17:26.052,1.74635,1.7464,10.10,1.00
2008.09.11 09:17:26.175,1.7465,1.74655,2.10,4.30
2008.09.11 09:17:26.419,1.7464,1.7465,3.20,1.00
2008.09.11 09:17:26.543,1.7464,1.7465,1.00,1.00
2008.09.11 09:17:27.664,1.7464,1.7465,1.60,1.00
2008.09.11 09:17:28.687,1.7464,1.74655,2.70,1.60
2008.09.11 09:17:28.967,1.7463,1.7465,1.00,3.20
2008.09.11 09:17:30.397,1.7462,1.7463,1.50,2.10
2008.09.11 09:17:31.243,1.74635,1.7465,1.00,8.50
2008.09.11 09:17:31.419,1.74635,1.7465,1.00,3.20
2008.09.11 09:17:31.596,1.74635,1.74655,1.00,7.50
2008.09.11 09:17:31.943,1.7464,1.74655,2.70,3.20
2008.09.11 09:17:32.119,1.7465,1.74655,2.10,3.20
2008.09.11 09:17:32.347,1.74645,1.74665,5.40,1.60
2008.09.11 09:17:32.575,1.74645,1.74665,3.20,1.60
2008.09.11 09:17:32.804,1.7464,1.74665,1.00,4.80
2008.09.11 09:17:33.875,1.7464,1.7466,1.00,1.00
2008.09.11 09:17:35.000,1.7464,1.74665,1.00,7.00
2008.09.11 09:17:36.325,1.74635,1.74665,1.00,7.00
2008.09.11 09:17:37.345,1.74635,1.74665,1.00,4.80
2008.09.11 09:17:38.985,1.74645,1.74665,2.70,4.10
2008.09.11 09:17:39.130,1.74645,1.74665,2.70,3.20
2008.09.11 09:17:39.471,1.74645,1.74665,4.80,3.20
2008.09.11 09:17:39.827,1.74645,1.7467,4.80,4.10
2008.09.11 09:17:40.960,1.7465,1.7467,2.10,4.10
2008.09.11 09:17:41.211,1.7465,1.7467,2.10,1.60
2008.09.11 09:17:41.311,1.74645,1.7467,3.20,4.80
2008.09.11 09:17:41.507,1.74645,1.7467,1.00,4.80
2008.09.11 09:17:41.799,1.74645,1.7467,1.00,3.20
2008.09.11 09:17:41.995,1.74645,1.7467,1.00,3.70
2008.09.11 09:17:42.095,1.74645,1.7467,3.20,4.80
2008.09.11 09:17:42.195,1.74645,1.7467,3.20,1.60
2008.09.11 09:17:42.297,1.74645,1.7467,1.00,1.60
2008.09.11 09:17:42.519,1.7464,1.74665,1.60,1.60
2008.09.11 09:17:42.963,1.7464,1.74665,1.60,4.80
2008.09.11 09:17:43.407,1.7465,1.74665,2.10,4.80
2008.09.11 09:17:43.724,1.7465,1.74665,4.30,3.20
2008.09.11 09:17:44.039,1.7465,1.74665,2.10,3.20
2008.09.11 09:17:44.355,1.74645,1.74665,3.20,3.20
2008.09.11 09:17:44.672,1.7465,1.74665,2.10,1.60
2008.09.11 09:17:45.903,1.7465,1.74665,2.10,4.80
2008.09.11 09:17:46.293,1.7465,1.74665,2.40,4.80
2008.09.11 09:17:47.276,1.7465,1.74665,1.00,4.80
2008.09.11 09:17:47.562,1.7465,1.74665,2.40,4.80
2008.09.11 09:17:50.096,1.7465,1.74665,4.50,3.20
2008.09.11 09:17:50.339,1.7465,1.7467,4.50,4.80
2008.09.11 09:17:51.132,1.7465,1.7467,4.50,1.60
2008.09.11 09:17:51.261,1.7466,1.7467,5.40,18.60
2008.09.11 09:17:51.401,1.7466,1.74675,5.40,17.40
2008.09.11 09:17:51.528,1.7466,1.74675,5.40,11.70
2008.09.11 09:17:51.655,1.7466,1.74675,5.40,10.80
2008.09.11 09:17:51.933,1.7466,1.74675,5.40,8.60
2008.09.11 09:17:52.192,1.7466,1.74675,5.40,6.40
2008.09.11 09:17:53.002,1.7466,1.74675,8.10,6.40
2008.09.11 09:17:53.310,1.7466,1.74675,8.10,7.40
2008.09.11 09:17:53.615,1.7466,1.74675,8.10,6.40
2008.09.11 09:17:53.878,1.7466,1.74675,8.10,3.20
2008.09.11 09:17:54.661,1.7466,1.74675,10.50,3.20
2008.09.11 09:17:54.980,1.7466,1.74675,10.50,8.10
2008.09.11 09:17:55.299,1.74655,1.7467,11.60,3.20
2008.09.11 09:17:55.943,1.7467,1.7468,2.70,4.30
2008.09.11 09:17:56.571,1.7466,1.7467,8.10,3.20
2008.09.11 09:17:56.887,1.7467,1.74675,1.00,4.40
2008.09.11 09:17:57.104,1.7466,1.7467,8.10,3.70
2008.09.11 09:17:57.319,1.7466,1.7467,8.10,4.80
2008.09.11 09:17:57.536,1.7466,1.7467,8.10,4.10
2008.09.11 09:17:57.753,1.7466,1.7467,8.10,4.80
2008.09.11 09:17:58.093,1.7466,1.7467,8.10,4.10
2008.09.11 09:17:58.433,1.7466,1.7467,8.10,3.20
2008.09.11 09:17:58.773,1.7466,1.74675,8.10,7.00
2008.09.11 09:17:59.103,1.7466,1.74675,8.10,4.10
2008.09.11 09:18:02.740,1.74655,1.7468,11.60,4.80
2008.09.11 09:18:03.079,1.74655,1.7468,8.90,4.10
2008.09.11 09:18:04.051,1.74655,1.7468,8.90,6.30
2008.09.11 09:18:04.392,1.74655,1.7468,8.90,3.10
2008.09.11 09:18:04.732,1.74655,1.74685,7.20,7.00
2008.09.11 09:18:05.073,1.7467,1.7468,7.80,16.40
2008.09.11 09:18:05.237,1.7467,1.74685,7.80,8.70
2008.09.11 09:18:05.402,1.7467,1.74685,7.80,3.60
2008.09.11 09:18:05.739,1.7467,1.74685,7.80,1.00
2008.09.11 09:18:06.063,1.7467,1.7469,7.80,4.80
2008.09.11 09:18:06.968,1.7467,1.7469,5.40,4.80
2008.09.11 09:18:07.531,1.7467,1.74685,5.40,3.20
2008.09.11 09:18:08.208,1.7467,1.7469,5.40,4.80
2008.09.11 09:18:08.451,1.74665,1.7469,6.40,4.10
2008.09.11 09:18:08.935,1.7467,1.74685,5.40,1.00
2008.09.11 09:18:09.851,1.7467,1.74685,5.40,4.10
2008.09.11 09:18:10.821,1.7467,1.74675,5.40,1.00
2008.09.11 09:18:10.959,1.7467,1.74675,5.40,7.00
2008.09.11 09:18:11.095,1.7467,1.74675,5.40,8.10
2008.09.11 09:18:11.231,1.7467,1.74675,5.40,9.50
2008.09.11 09:18:11.435,1.7467,1.7468,5.40,5.50
2008.09.11 09:18:11.652,1.7467,1.7468,5.40,3.10
2008.09.11 09:18:11.857,1.7467,1.7468,5.40,4.10
2008.09.11 09:18:12.599,1.7467,1.7468,5.40,3.20
2008.09.11 09:18:13.567,1.7467,1.74685,5.40,4.10
2008.09.11 09:18:14.604,1.7468,1.74685,12.10,3.20
2008.09.11 09:18:14.943,1.74675,1.7469,7.20,1.60
2008.09.11 09:18:15.284,1.74675,1.7469,3.20,5.50
2008.09.11 09:18:15.459,1.7467,1.74685,1.60,3.20
2008.09.11 09:18:15.847,1.74675,1.74685,7.50,3.20
2008.09.11 09:18:16.010,1.74695,1.747,4.80,2.10
2008.09.11 09:18:16.187,1.74695,1.747,8.10,1.00
2008.09.11 09:18:16.699,1.74695,1.74735,9.10,4.10
2008.09.11 09:18:17.050,1.747,1.74735,1.60,4.10
2008.09.11 09:18:17.699,1.74705,1.7473,1.00,3.20
2008.09.11 09:18:18.000,1.7471,1.7473,2.70,4.10
2008.09.11 09:18:18.299,1.7471,1.7473,3.20,4.10
2008.09.11 09:18:18.599,1.7471,1.7473,6.40,1.00
2008.09.11 09:18:19.267,1.74715,1.7474,1.00,3.20
2008.09.11 09:18:19.915,1.74715,1.74745,1.00,4.80
2008.09.11 09:18:20.543,1.7471,1.7474,11.60,1.00
2008.09.11 09:18:20.807,1.74725,1.7474,2.70,4.10
2008.09.11 09:18:21.071,1.7473,1.7474,2.70,1.00
2008.09.11 09:18:21.335,1.7473,1.7474,3.50,1.00
2008.09.11 09:18:21.503,1.7473,1.7474,2.90,1.00
2008.09.11 09:18:21.671,1.7472,1.7474,10.50,1.00
2008.09.11 09:18:21.839,1.7472,1.7474,7.50,1.00
2008.09.11 09:18:22.007,1.7473,1.74745,4.30,1.00
2008.09.11 09:18:22.182,1.7473,1.74745,5.10,4.10
2008.09.11 09:18:22.351,1.7473,1.74745,2.90,3.20
2008.09.11 09:18:22.691,1.7473,1.74745,2.10,3.20
2008.09.11 09:18:23.031,1.7472,1.74745,4.00,4.10
2008.09.11 09:18:23.371,1.7472,1.7474,1.60,3.20
2008.09.11 09:18:23.627,1.7472,1.7474,6.20,3.20
2008.09.11 09:18:23.883,1.7472,1.74735,6.20,3.20
2008.09.11 09:18:24.643,1.7472,1.74735,1.30,3.20
2008.09.11 09:18:24.940,1.7473,1.74735,1.30,3.20
2008.09.11 09:18:25.235,1.7473,1.74745,1.30,1.00
2008.09.11 09:18:25.531,1.7473,1.74745,1.30,4.10
2008.09.11 09:18:25.830,1.7473,1.74745,1.30,1.00
2008.09.11 09:18:26.379,1.7473,1.7474,1.30,3.20
2008.09.11 09:18:27.535,1.74725,1.7474,3.50,3.20
2008.09.11 09:18:28.118,1.74725,1.74735,4.00,3.20
2008.09.11 09:18:28.371,1.74715,1.74735,3.70,3.20
2008.09.11 09:18:29.084,1.74725,1.74735,2.70,3.20
2008.09.11 09:18:29.537,1.7473,1.7474,2.70,3.20
2008.09.11 09:18:29.758,1.7473,1.7474,1.00,3.20
2008.09.11 09:18:30.103,1.7473,1.7474,4.00,3.20
2008.09.11 09:18:30.455,1.74735,1.7474,2.70,3.20
2008.09.11 09:18:30.796,1.7474,1.74745,1.00,3.20
2008.09.11 09:18:30.951,1.7475,1.74755,2.70,5.40
2008.09.11 09:18:31.108,1.74745,1.7475,11.20,3.20
2008.09.11 09:18:31.264,1.7475,1.74755,12.90,8.30
2008.09.11 09:18:31.419,1.74745,1.7475,6.70,5.40
2008.09.11 09:18:31.576,1.74745,1.7475,2.70,5.40
2008.09.11 09:18:32.241,1.74745,1.7475,3.20,5.40
2008.09.11 09:18:32.747,1.7474,1.7475,16.70,5.40
2008.09.11 09:18:33.003,1.7474,1.74755,16.20,6.30
2008.09.11 09:18:33.679,1.7474,1.74755,16.20,4.70
2008.09.11 09:18:34.019,1.7474,1.74755,16.20,1.00
2008.09.11 09:18:34.963,1.7474,1.7475,16.20,1.30
2008.09.11 09:18:35.495,1.7473,1.7474,19.40,3.20
2008.09.11 09:18:41.379,1.7474,1.7475,16.20,1.00
2008.09.11 09:18:41.540,1.7474,1.74755,16.20,1.00
2008.09.11 09:18:42.703,1.7474,1.74755,16.20,4.10
2008.09.11 09:18:42.990,1.7474,1.74755,16.20,1.00
2008.09.11 09:18:44.865,1.74735,1.74755,18.90,1.00
2008.09.11 09:18:45.204,1.7474,1.74755,16.20,1.00
2008.09.11 09:18:45.722,1.7474,1.74755,16.20,6.30
2008.09.11 09:18:45.984,1.7474,1.74755,16.20,4.10
2008.09.11 09:18:46.552,1.7474,1.74755,16.20,1.00
2008.09.11 09:18:47.963,1.7474,1.7475,16.20,5.20
2008.09.11 09:18:49.287,1.7474,1.7475,16.20,5.50
2008.09.11 09:18:50.656,1.7474,1.7475,16.20,5.20
2008.09.11 09:18:50.831,1.7474,1.74755,16.20,8.50
2008.09.11 09:18:51.007,1.7474,1.74755,16.20,4.10
2008.09.11 09:18:51.843,1.74735,1.74755,18.90,4.10
2008.09.11 09:18:52.111,1.74735,1.74755,19.90,3.20
2008.09.11 09:18:52.379,1.74735,1.7476,19.90,8.50
2008.09.11 09:18:52.647,1.7474,1.74755,16.20,1.00
2008.09.11 09:18:53.243,1.7474,1.74755,16.20,4.10
2008.09.11 09:18:53.863,1.74735,1.74755,18.90,4.10
2008.09.11 09:18:54.187,1.74745,1.74755,2.70,3.20
2008.09.11 09:18:54.511,1.7475,1.7476,2.70,5.40
2008.09.11 09:18:54.811,1.7475,1.74775,3.20,7.40
2008.09.11 09:18:55.111,1.7475,1.74775,4.30,7.40
2008.09.11 09:18:55.411,1.7475,1.74775,8.90,6.40
2008.09.11 09:18:55.711,1.74755,1.74775,2.70,3.20
2008.09.11 09:18:55.859,1.74755,1.7478,3.20,4.10
2008.09.11 09:18:56.151,1.7475,1.7476,8.90,1.00
2008.09.11 09:18:56.299,1.7475,1.7476,8.10,1.00
2008.09.11 09:18:56.671,1.7475,1.7478,8.10,19.30
2008.09.11 09:18:56.899,1.7475,1.7478,8.10,3.10
2008.09.11 09:18:57.127,1.7475,1.74775,8.10,3.10
2008.09.11 09:18:57.579,1.7475,1.74775,4.80,3.10
2008.09.11 09:18:57.907,1.7475,1.7476,3.20,12.80
2008.09.11 09:18:58.235,1.7474,1.74755,2.10,1.00
2008.09.11 09:18:58.563,1.7474,1.74755,2.10,4.10
2008.09.11 09:18:58.803,1.7474,1.7475,2.10,1.00
2008.09.11 09:18:59.987,1.7474,1.74755,2.10,4.10
2008.09.11 09:19:00.712,1.7474,1.7475,2.10,1.00
2008.09.11 09:19:00.808,1.7474,1.7475,2.10,3.10
2008.09.11 09:19:00.999,1.7474,1.7475,2.10,4.10
2008.09.11 09:19:01.282,1.7474,1.7475,2.10,3.10
2008.09.11 09:19:02.239,1.7474,1.7475,4.30,4.10
2008.09.11 09:19:02.611,1.7474,1.7475,4.30,3.10
2008.09.11 09:19:03.167,1.7474,1.7475,3.70,3.10
2008.09.11 09:19:03.555,1.7474,1.7475,3.70,4.10
2008.09.11 09:19:04.163,1.7474,1.7475,5.80,4.10
2008.09.11 09:19:05.623,1.7474,1.7475,5.80,1.00
2008.09.11 09:19:06.075,1.7474,1.7475,5.90,1.00
2008.09.11 09:19:06.320,1.7474,1.7475,2.10,1.00
2008.09.11 09:19:08.923,1.7474,1.74755,2.10,1.00
2008.09.11 09:19:09.859,1.7474,1.7476,2.10,4.10
2008.09.11 09:19:10.418,1.7474,1.74745,2.10,5.90
2008.09.11 09:19:10.637,1.7474,1.74745,2.10,10.00
2008.09.11 09:19:13.195,1.7474,1.74755,2.10,4.10
2008.09.11 09:19:14.559,1.7474,1.74755,2.10,3.20
2008.09.11 09:19:14.902,1.7474,1.7476,2.10,7.60
2008.09.11 09:19:15.245,1.7474,1.74765,5.90,4.80
2008.09.11 09:19:15.823,1.7474,1.74765,5.90,4.10
2008.09.11 09:19:16.247,1.7474,1.74765,2.10,4.10
2008.09.11 09:19:16.923,1.7474,1.74765,2.10,4.70
2008.09.11 09:19:17.263,1.7474,1.74765,2.10,4.00
2008.09.11 09:19:18.081,1.7474,1.74765,4.30,4.00
2008.09.11 09:19:18.321,1.7475,1.74765,1.60,4.00
2008.09.11 09:19:18.507,1.7474,1.74765,2.10,4.00
2008.09.11 09:19:18.663,1.7474,1.7475,2.10,1.00
2008.09.11 09:19:18.819,1.7474,1.7475,2.70,8.30
2008.09.11 09:19:19.127,1.74725,1.7475,8.10,12.90
2008.09.11 09:19:19.283,1.74725,1.7475,10.20,12.90
2008.09.11 09:19:19.440,1.7473,1.7475,1.00,4.00
2008.09.11 09:19:19.780,1.7472,1.7475,19.70,3.20
2008.09.11 09:19:20.120,1.7473,1.7475,7.50,3.20
2008.09.11 09:19:20.461,1.7473,1.74755,1.60,1.00
2008.09.11 09:19:21.179,1.7473,1.7476,1.60,4.70
2008.09.11 09:19:21.366,1.7473,1.74755,1.60,3.20
2008.09.11 09:19:21.603,1.7473,1.7476,1.60,4.70
2008.09.11 09:19:22.536,1.7474,1.7476,1.60,4.70
2008.09.11 09:19:22.876,1.7473,1.74755,8.60,1.00
2008.09.11 09:19:23.556,1.7473,1.74755,5.40,1.00
2008.09.11 09:19:25.683,1.74735,1.7476,3.70,3.20
2008.09.11 09:19:25.763,1.7474,1.7476,3.70,3.20
2008.09.11 09:19:25.919,1.7474,1.7476,7.50,3.70
2008.09.11 09:19:25.999,1.7474,1.7476,4.30,3.70
2008.09.11 09:19:26.079,1.7474,1.7476,2.10,3.70
2008.09.11 09:19:26.255,1.7474,1.7476,2.10,4.70
2008.09.11 09:19:26.487,1.74735,1.7476,2.70,4.00
2008.09.11 09:19:26.795,1.74735,1.7476,5.40,4.00
2008.09.11 09:19:27.103,1.7474,1.7476,4.30,10.50
2008.09.11 09:19:27.412,1.7474,1.7476,4.30,4.00
2008.09.11 09:19:27.962,1.7475,1.74765,2.70,3.20
2008.09.11 09:19:28.203,1.7475,1.74765,4.30,3.20
2008.09.11 09:19:29.367,1.7475,1.74775,7.50,1.00
2008.09.11 09:19:29.706,1.7475,1.7478,7.50,4.00
2008.09.11 09:19:31.355,1.74755,1.7478,1.00,3.20
2008.09.11 09:19:31.415,1.74755,1.7478,3.70,3.20
2008.09.11 09:19:31.531,1.7476,1.7478,1.00,3.20
2008.09.11 09:19:31.660,1.7476,1.7478,2.70,3.20
2008.09.11 09:19:31.779,1.7476,1.7478,4.80,3.20
2008.09.11 09:19:32.508,1.7476,1.7478,1.60,3.20
2008.09.11 09:19:32.791,1.7476,1.74785,1.60,7.20
2008.09.11 09:19:33.086,1.7476,1.74785,1.60,6.40
2008.09.11 09:19:36.422,1.74765,1.74785,1.00,6.40
2008.09.11 09:19:36.523,1.7477,1.74785,1.00,3.20
2008.09.11 09:19:36.822,1.7477,1.74785,2.70,3.20
2008.09.11 09:19:37.198,1.7477,1.74785,1.00,3.20
2008.09.11 09:19:37.394,1.7477,1.7479,1.00,4.00
2008.09.11 09:19:37.735,1.7477,1.7479,1.00,4.70
2008.09.11 09:19:37.917,1.7476,1.7479,4.80,4.70
2008.09.11 09:19:38.347,1.7476,1.74785,3.70,1.00
2008.09.11 09:19:38.605,1.7476,1.74785,11.60,4.00
2008.09.11 09:19:38.859,1.7476,1.74785,11.60,4.30
2008.09.11 09:19:39.116,1.7476,1.74785,8.10,4.00
2008.09.11 09:19:40.057,1.7476,1.74785,3.20,4.00
2008.09.11 09:19:41.832,1.7476,1.7478,3.20,1.00
2008.09.11 09:19:42.499,1.7476,1.7478,3.20,2.90
2008.09.11 09:19:42.855,1.7476,1.74785,3.20,6.20
2008.09.11 09:19:44.007,1.7476,1.74785,14.50,6.20
2008.09.11 09:19:44.207,1.7476,1.74785,7.50,6.20
2008.09.11 09:19:44.866,1.7476,1.74785,11.80,6.20
2008.09.11 09:19:45.192,1.7476,1.74785,14.50,6.20
2008.09.11 09:19:45.327,1.7476,1.74785,7.50,6.20
2008.09.11 09:19:45.946,1.7476,1.74785,9.70,6.20
2008.09.11 09:19:46.427,1.7476,1.74785,1.60,6.20
2008.09.11 09:19:46.645,1.7476,1.74785,1.60,13.70
2008.09.11 09:19:47.071,1.7476,1.7478,1.60,3.20
2008.09.11 09:19:47.636,1.7476,1.74785,2.70,9.40
2008.09.11 09:19:50.850,1.7476,1.7478,1.00,8.30
2008.09.11 09:19:51.068,1.7476,1.7478,1.00,12.10
2008.09.11 09:19:51.251,1.7476,1.7478,1.00,12.40
2008.09.11 09:19:51.447,1.7476,1.7478,2.70,4.00
2008.09.11 09:19:51.547,1.7476,1.7478,2.70,4.70
2008.09.11 09:19:51.823,1.74755,1.7476,1.10,3.20
2008.09.11 09:19:52.371,1.7476,1.74765,1.00,6.20
2008.09.11 09:19:52.660,1.7475,1.7476,2.10,8.60
2008.09.11 09:19:52.999,1.7475,1.7476,2.10,4.50
2008.09.11 09:19:53.339,1.7475,1.7476,2.70,3.20
2008.09.11 09:19:53.691,1.7475,1.7477,6.70,3.20
2008.09.11 09:19:53.960,1.7475,1.74775,2.70,11.80
2008.09.11 09:19:54.227,1.7475,1.74775,2.70,9.70
2008.09.11 09:19:54.494,1.7475,1.74775,2.70,9.40
2008.09.11 09:19:54.762,1.7475,1.74775,6.70,9.40
2008.09.11 09:19:57.086,1.7475,1.74775,8.30,9.40
2008.09.11 09:19:57.480,1.7475,1.74775,11.60,6.20
2008.09.11 09:19:57.579,1.7476,1.74775,1.00,6.20
2008.09.11 09:19:57.780,1.7476,1.7478,1.00,4.00
2008.09.11 09:19:58.216,1.7476,1.7478,4.80,4.00
2008.09.11 09:19:58.557,1.7476,1.74775,4.80,1.00
2008.09.11 09:19:58.895,1.7475,1.74765,3.20,2.50
2008.09.11 09:19:59.135,1.7475,1.74765,4.30,7.10
2008.09.11 09:19:59.375,1.7475,1.7477,1.00,3.20
2008.09.11 09:20:00.086,1.74745,1.7477,1.00,3.20
2008.09.11 09:20:00.932,1.7475,1.7477,1.00,4.00
2008.09.11 09:20:01.251,1.7475,1.74765,1.00,1.00
2008.09.11 09:20:01.367,1.74745,1.74765,1.00,1.00
2008.09.11 09:20:01.467,1.7474,1.74765,4.80,6.80
2008.09.11 09:20:01.573,1.7474,1.74765,4.80,9.00
2008.09.11 09:20:01.677,1.7474,1.7476,1.60,3.20
2008.09.11 09:20:01.881,1.7474,1.7476,4.30,3.20
2008.09.11 09:20:02.275,1.74745,1.7476,2.70,3.20
2008.09.11 09:20:02.571,1.7475,1.7476,4.80,3.20
2008.09.11 09:20:02.866,1.7475,1.7477,1.60,3.20
2008.09.11 09:20:03.386,1.7475,1.74775,1.60,7.20
2008.09.11 09:20:04.062,1.7475,1.74775,5.90,7.20
2008.09.11 09:20:06.949,1.7475,1.74775,7.80,7.20
2008.09.11 09:20:10.098,1.7475,1.74775,5.90,7.20
2008.09.11 09:20:12.192,1.7475,1.7477,5.40,4.00
2008.09.11 09:20:12.488,1.7475,1.74765,2.70,1.00
2008.09.11 09:20:13.079,1.7474,1.74765,4.50,4.00
2008.09.11 09:20:13.379,1.7474,1.74765,2.70,7.20
2008.09.11 09:20:13.680,1.7474,1.7476,2.70,6.20
2008.09.11 09:20:13.926,1.7474,1.7476,2.70,6.70
2008.09.11 09:20:15.147,1.7474,1.7476,1.00,11.00
2008.09.11 09:20:15.648,1.7474,1.7476,1.00,13.20
2008.09.11 09:20:16.068,1.7474,1.74755,1.00,1.00
2008.09.11 09:20:16.204,1.7473,1.7475,3.70,1.00
2008.09.11 09:20:16.472,1.7473,1.7475,3.70,4.00
2008.09.11 09:20:16.607,1.7473,1.7475,3.70,6.20
2008.09.11 09:20:16.742,1.7473,1.7475,3.70,4.00
2008.09.11 09:20:17.594,1.7473,1.74745,2.70,1.00
2008.09.11 09:20:17.880,1.7472,1.74745,4.80,1.00
2008.09.11 09:20:18.195,1.7472,1.74745,6.40,4.00
2008.09.11 09:20:19.415,1.7473,1.74745,1.00,4.00
2008.09.11 09:20:19.615,1.7473,1.74745,2.70,4.00
2008.09.11 09:20:19.814,1.7473,1.74745,2.70,1.00
2008.09.11 09:20:20.241,1.7473,1.7474,2.10,1.00
2008.09.11 09:20:20.454,1.7472,1.7474,3.70,1.00
2008.09.11 09:20:20.673,1.7472,1.74745,6.40,4.00
2008.09.11 09:20:21.855,1.7473,1.74745,1.00,4.00
2008.09.11 09:20:22.053,1.7473,1.74745,5.90,4.00
2008.09.11 09:20:22.275,1.7472,1.74745,14.30,4.00
2008.09.11 09:20:22.499,1.7472,1.74745,11.60,4.00
2008.09.11 09:20:24.886,1.7472,1.74745,1.60,4.00
2008.09.11 09:20:25.190,1.7473,1.74745,1.00,4.00
2008.09.11 09:20:25.494,1.7472,1.74745,1.60,4.00
2008.09.11 09:20:25.674,1.7472,1.74745,11.60,4.00
2008.09.11 09:20:25.854,1.7472,1.74745,9.50,4.00
2008.09.11 09:20:31.841,1.7472,1.74745,2.10,4.00
2008.09.11 09:20:31.962,1.7472,1.74745,5.40,1.00
2008.09.11 09:20:32.206,1.7472,1.74745,4.80,1.00
2008.09.11 09:20:32.330,1.7473,1.74745,5.40,1.00
2008.09.11 09:20:32.983,1.7473,1.7475,5.40,4.70
2008.09.11 09:20:34.274,1.74725,1.7475,6.40,4.70
2008.09.11 09:20:34.498,1.7473,1.7475,1.00,3.20
2008.09.11 09:20:34.943,1.74735,1.7475,1.00,3.20
2008.09.11 09:20:35.203,1.74735,1.74755,1.00,5.40
2008.09.11 09:20:35.462,1.74735,1.74755,1.00,3.20
2008.09.11 09:20:35.722,1.74735,1.7476,1.00,4.70
2008.09.11 09:20:36.208,1.74735,1.7476,1.00,6.80
2008.09.11 09:20:36.439,1.7474,1.7476,1.60,5.40
2008.09.11 09:20:36.666,1.7474,1.74765,4.80,6.20
2008.09.11 09:20:36.890,1.7474,1.74765,4.80,6.80
2008.09.11 09:20:37.119,1.7474,1.7476,3.70,2.90
2008.09.11 09:20:37.294,1.7474,1.7476,3.70,7.50
2008.09.11 09:20:37.642,1.7474,1.7476,1.00,7.50
2008.09.11 09:20:38.894,1.7474,1.74755,1.00,3.20
2008.09.11 09:20:39.806,1.74735,1.74755,1.00,3.20
2008.09.11 09:20:40.581,1.7474,1.74755,2.70,3.20
2008.09.11 09:20:40.783,1.7474,1.74755,3.70,3.20
2008.09.11 09:20:40.988,1.7475,1.74755,1.00,3.20
2008.09.11 09:20:41.911,1.7475,1.74765,1.00,4.00
2008.09.11 09:20:42.055,1.7475,1.74765,2.70,1.00
2008.09.11 09:20:42.534,1.7475,1.74765,2.70,4.00
2008.09.11 09:20:42.875,1.7475,1.74765,5.90,1.00
2008.09.11 09:20:43.215,1.7475,1.74755,2.10,2.40
2008.09.11 09:20:43.471,1.7475,1.74755,2.10,2.90
2008.09.11 09:20:43.726,1.7473,1.74755,1.60,5.10
2008.09.11 09:20:43.982,1.7473,1.74755,1.60,8.30
2008.09.11 09:20:44.240,1.7473,1.74755,1.60,5.10
2008.09.11 09:20:46.539,1.7473,1.74755,1.60,8.30
2008.09.11 09:20:47.156,1.7473,1.7475,1.60,3.20
2008.09.11 09:20:48.428,1.74735,1.7475,1.00,3.20
2008.09.11 09:20:49.174,1.7473,1.7475,1.60,3.20
2008.09.11 09:20:49.454,1.7473,1.7476,1.60,4.70
2008.09.11 09:20:49.734,1.7473,1.74755,1.60,3.20
2008.09.11 09:20:50.930,1.7473,1.74755,13.50,4.00
2008.09.11 09:20:51.152,1.7473,1.74755,8.10,6.20
2008.09.11 09:20:51.571,1.7473,1.74755,5.90,8.30
2008.09.11 09:20:51.678,1.7473,1.74755,1.60,8.30
2008.09.11 09:20:51.935,1.7473,1.7475,1.60,3.20
2008.09.11 09:20:52.700,1.7474,1.7475,1.00,3.20
2008.09.11 09:20:52.935,1.7473,1.74755,3.70,2.90
2008.09.11 09:20:53.170,1.7473,1.74755,3.70,5.10
2008.09.11 09:20:53.638,1.7473,1.74755,4.80,5.10
2008.09.11 09:20:53.874,1.7473,1.7475,1.60,3.20
2008.09.11 09:20:55.192,1.7474,1.7475,2.70,3.20
2008.09.11 09:20:55.531,1.74755,1.74765,1.00,3.20
2008.09.11 09:20:55.872,1.74755,1.74775,1.00,3.20
2008.09.11 09:20:56.246,1.74755,1.7478,3.70,4.00
2008.09.11 09:20:56.343,1.7476,1.7478,1.60,3.20
2008.09.11 09:20:56.438,1.7476,1.7478,1.00,4.70
2008.09.11 09:20:56.534,1.74755,1.7478,1.00,4.70
2008.09.11 09:20:57.122,1.7475,1.74775,4.80,1.00
2008.09.11 09:20:57.559,1.7475,1.74775,1.60,4.00
2008.09.11 09:20:58.555,1.7476,1.74775,1.00,3.20
2008.09.11 09:20:59.118,1.7476,1.7478,1.00,1.00
2008.09.11 09:20:59.562,1.7476,1.7478,1.00,2.90
2008.09.11 09:21:00.303,1.7475,1.74775,3.70,1.00
2008.09.11 09:21:00.543,1.7475,1.74775,3.70,4.00
2008.09.11 09:21:01.020,1.7475,1.74775,1.60,7.20
2008.09.11 09:21:01.830,1.74755,1.74775,1.00,6.40
2008.09.11 09:21:02.918,1.74755,1.7477,1.00,3.20
2008.09.11 09:21:03.127,1.7477,1.7478,1.00,3.20
2008.09.11 09:21:03.416,1.7477,1.7478,4.80,3.20
2008.09.11 09:21:03.988,1.7477,1.7479,8.10,1.00
2008.09.11 09:21:05.362,1.7477,1.7479,9.90,1.00
2008.09.11 09:21:08.090,1.7477,1.7479,2.70,1.00
2008.09.11 09:21:08.507,1.7477,1.7479,11.60,1.00
2008.09.11 09:21:09.951,1.7477,1.74795,1.60,1.00
2008.09.11 09:21:10.706,1.7478,1.74795,1.00,1.00
2008.09.11 09:21:11.358,1.7477,1.74795,6.40,1.00
2008.09.11 09:21:11.998,1.7477,1.74795,3.20,1.00
2008.09.11 09:21:13.934,1.7477,1.74795,5.40,1.00
2008.09.11 09:21:14.134,1.7477,1.74795,2.70,1.00
2008.09.11 09:21:14.338,1.7477,1.74795,11.60,1.00
2008.09.11 09:21:15.866,1.7477,1.74795,2.10,1.00
2008.09.11 09:21:17.114,1.7477,1.74795,4.30,1.00
2008.09.11 09:21:19.244,1.7477,1.74795,2.10,1.00
2008.09.11 09:21:20.293,1.7477,1.74795,5.40,1.00
2008.09.11 09:21:20.633,1.7478,1.74805,3.20,8.30
2008.09.11 09:21:20.795,1.7478,1.74805,3.20,7.20
2008.09.11 09:21:20.956,1.7478,1.74805,1.60,3.20
2008.09.11 09:21:21.119,1.7478,1.74805,1.60,4.30
2008.09.11 09:21:21.586,1.7478,1.74805,1.60,5.10
2008.09.11 09:21:21.932,1.7478,1.74805,1.60,1.80
2008.09.11 09:21:24.150,1.7478,1.74805,1.60,4.00
2008.09.11 09:21:25.343,1.74785,1.74805,1.00,3.20
2008.09.11 09:21:25.682,1.7479,1.7481,5.90,6.40
2008.09.11 09:21:25.903,1.7479,1.7481,5.90,4.00
2008.09.11 09:21:26.209,1.7479,1.74815,5.90,7.20
2008.09.11 09:21:26.426,1.74795,1.74815,2.70,6.40
2008.09.11 09:21:26.646,1.748,1.74815,2.70,6.40
2008.09.11 09:21:26.866,1.748,1.74815,4.80,3.20
2008.09.11 09:21:27.575,1.748,1.7482,4.80,1.00
2008.09.11 09:21:29.391,1.748,1.7482,3.20,1.00
2008.09.11 09:21:31.579,1.748,1.7482,11.80,1.00
2008.09.11 09:21:31.854,1.748,1.7482,4.80,1.00
2008.09.11 09:21:32.982,1.748,1.7482,4.80,4.00
2008.09.11 09:21:33.259,1.748,1.7482,4.80,6.20
2008.09.11 09:21:33.534,1.748,1.7482,8.10,4.00
2008.09.11 09:21:34.594,1.748,1.7482,8.10,1.00
2008.09.11 09:21:35.954,1.748,1.7482,8.10,1.80
2008.09.11 09:21:36.358,1.748,1.74825,1.60,4.00
2008.09.11 09:21:37.278,1.748,1.74825,1.60,3.20
2008.09.11 09:21:37.574,1.74805,1.74825,1.00,3.20
2008.09.11 09:21:38.459,1.74815,1.74825,1.00,3.20
2008.09.11 09:21:38.758,1.7482,1.74825,1.00,3.20
2008.09.11 09:21:39.059,1.7482,1.74825,1.60,3.20
2008.09.11 09:21:39.358,1.7482,1.7483,1.60,3.20
2008.09.11 09:21:39.635,1.7483,1.74865,1.00,16.20
2008.09.11 09:21:39.910,1.7483,1.74865,1.00,7.20
2008.09.11 09:21:40.186,1.74835,1.74865,1.00,3.20
2008.09.11 09:21:40.454,1.74835,1.74865,1.00,3.70
2008.09.11 09:21:40.722,1.74835,1.74855,1.00,8.10
2008.09.11 09:21:40.990,1.7483,1.74855,1.60,8.30
2008.09.11 09:21:41.259,1.7483,1.74855,1.60,4.00
2008.09.11 09:21:41.426,1.74845,1.74855,2.70,3.20
2008.09.11 09:21:41.594,1.74845,1.74855,4.80,3.20
2008.09.11 09:21:41.764,1.7485,1.74855,2.70,3.20
2008.09.11 09:21:42.095,1.7485,1.74865,4.30,3.70
2008.09.11 09:21:42.262,1.74855,1.74865,1.00,3.70
2008.09.11 09:21:42.430,1.7485,1.74865,4.30,3.70
2008.09.11 09:21:42.598,1.74855,1.7486,1.00,3.20
2008.09.11 09:21:42.767,1.74855,1.7487,1.00,5.90
2008.09.11 09:21:42.935,1.74855,1.7487,1.00,2.10
2008.09.11 09:21:43.103,1.74855,1.7488,1.00,4.80
2008.09.11 09:21:43.270,1.74855,1.74875,4.30,1.60
2008.09.11 09:21:44.110,1.74855,1.74875,4.30,3.70
2008.09.11 09:21:44.450,1.74855,1.7488,1.00,7.80
2008.09.11 09:21:44.691,1.74855,1.7487,1.00,3.20
2008.09.11 09:21:45.142,1.7486,1.7488,1.00,7.00
2008.09.11 09:21:46.298,1.7486,1.7488,1.00,4.80
2008.09.11 09:21:46.534,1.7486,1.7488,1.00,3.20
2008.09.11 09:21:50.210,1.74855,1.7488,1.00,3.20
2008.09.11 09:21:50.890,1.7487,1.7488,4.30,2.10
2008.09.11 09:21:50.966,1.7487,1.74885,9.70,2.90
2008.09.11 09:21:51.042,1.7488,1.74885,1.00,1.00
2008.09.11 09:21:51.127,1.7487,1.74885,8.30,4.00
2008.09.11 09:21:51.199,1.7487,1.74885,4.00,6.20
2008.09.11 09:21:51.274,1.7486,1.74885,4.80,6.20
2008.09.11 09:21:51.810,1.7486,1.7488,1.60,3.20
2008.09.11 09:21:51.979,1.7487,1.7488,2.10,3.20
2008.09.11 09:21:52.146,1.7486,1.7488,1.60,3.20
2008.09.11 09:21:52.560,1.7486,1.7488,1.60,4.80
2008.09.11 09:21:52.983,1.7486,1.7488,1.00,4.80
2008.09.11 09:21:53.512,1.7486,1.7487,1.00,1.60
2008.09.11 09:21:54.630,1.7486,1.74875,1.00,4.80
2008.09.11 09:21:55.042,1.7486,1.74875,1.00,5.60
2008.09.11 09:21:56.054,1.7486,1.74865,1.00,1.60
2008.09.11 09:21:56.378,1.7485,1.7487,12.10,2.40
2008.09.11 09:21:56.542,1.7485,1.74865,2.70,1.60
2008.09.11 09:21:56.880,1.7486,1.74865,1.00,1.60
2008.09.11 09:21:57.186,1.7486,1.7487,1.00,4.80
2008.09.11 09:21:58.426,1.7485,1.7487,1.00,7.40
2008.09.11 09:21:59.019,1.7486,1.7487,1.00,4.80
2008.09.11 09:21:59.203,1.7486,1.74865,1.00,1.60
2008.09.11 09:21:59.386,1.7486,1.7487,1.00,4.80
2008.09.11 09:21:59.570,1.7486,1.7487,2.70,1.60
2008.09.11 09:21:59.754,1.7486,1.7487,4.80,1.60
2008.09.11 09:21:59.938,1.7486,1.7488,4.80,6.20
2008.09.11 09:22:00.203,1.7486,1.7488,4.80,4.00
2008.09.11 09:22:02.014,1.7486,1.7488,4.30,3.20
2008.09.11 09:22:02.274,1.7487,1.7488,1.00,3.20
2008.09.11 09:22:02.534,1.7486,1.7488,4.80,4.00
2008.09.11 09:22:02.794,1.7487,1.7488,1.00,3.20
2008.09.11 09:22:03.054,1.7487,1.74885,1.00,7.20
2008.09.11 09:22:03.538,1.7487,1.7488,1.00,3.20
2008.09.11 09:22:03.790,1.7488,1.74885,1.00,1.00
2008.09.11 09:22:04.034,1.7487,1.74885,1.00,1.00
2008.09.11 09:22:04.579,1.7487,1.7488,2.70,3.20
2008.09.11 09:22:04.887,1.7487,1.74885,2.70,4.50
2008.09.11 09:22:05.486,1.7487,1.74885,2.70,1.00
2008.09.11 09:22:05.786,1.7487,1.74885,1.00,4.00
2008.09.11 09:22:06.087,1.74855,1.74875,3.20,4.00
2008.09.11 09:22:06.386,1.74855,1.7487,3.20,3.20
2008.09.11 09:22:06.743,1.7485,1.74875,1.60,6.40
2008.09.11 09:22:07.098,1.7485,1.74875,1.60,8.10
2008.09.11 09:22:07.450,1.7485,1.74875,1.60,6.40
2008.09.11 09:22:08.558,1.74855,1.74875,1.00,6.40
2008.09.11 09:22:08.858,1.74865,1.74875,2.70,3.20
2008.09.11 09:22:09.158,1.7487,1.7488,4.80,3.20
2008.09.11 09:22:09.458,1.7487,1.7489,4.80,4.50
2008.09.11 09:22:10.086,1.7487,1.74885,4.80,3.70
2008.09.11 09:22:11.218,1.7487,1.74885,4.30,2.10
2008.09.11 09:22:11.442,1.7488,1.74885,1.00,2.10
2008.09.11 09:22:11.667,1.7488,1.74895,1.00,4.00
2008.09.11 09:22:13.170,1.7488,1.7489,1.00,3.20
2008.09.11 09:22:13.351,1.74885,1.7489,1.00,3.20
2008.09.11 09:22:13.533,1.7489,1.749,4.80,4.50
2008.09.11 09:22:13.727,1.7489,1.749,2.10,4.00
2008.09.11 09:22:13.794,1.7488,1.749,1.00,4.00
2008.09.11 09:22:15.101,1.7487,1.7489,4.50,1.00
2008.09.11 09:22:15.442,1.7487,1.7489,7.50,2.10
2008.09.11 09:22:15.778,1.7487,1.749,7.50,2.40
2008.09.11 09:22:15.950,1.7487,1.749,11.60,2.40
2008.09.11 09:22:16.506,1.7487,1.749,7.50,2.40
2008.09.11 09:22:16.998,1.74875,1.749,3.20,2.40
2008.09.11 09:22:17.038,1.7488,1.749,1.00,2.40
2008.09.11 09:22:17.114,1.7488,1.749,3.70,2.40
2008.09.11 09:22:17.154,1.7488,1.749,3.70,4.50
2008.09.11 09:22:17.194,1.7488,1.749,5.90,4.50
2008.09.11 09:22:17.234,1.7488,1.749,2.70,4.50
2008.09.11 09:22:17.310,1.7488,1.749,4.80,4.50
2008.09.11 09:22:17.586,1.7488,1.749,4.80,2.90
2008.09.11 09:22:17.626,1.7488,1.749,4.80,1.00
2008.09.11 09:22:19.031,1.7489,1.749,1.00,1.00
2008.09.11 09:22:19.270,1.7488,1.74905,4.80,4.50
2008.09.11 09:22:19.982,1.749,1.7491,1.00,2.90
2008.09.11 09:22:20.223,1.749,1.74905,1.00,1.00
2008.09.11 09:22:20.482,1.7489,1.74905,2.70,1.00
2008.09.11 09:22:21.254,1.7489,1.74905,2.70,1.40
2008.09.11 09:22:21.494,1.7489,1.749,1.00,1.00
2008.09.11 09:22:21.734,1.7488,1.749,3.70,1.00
2008.09.11 09:22:22.375,1.7488,1.749,1.00,1.00
2008.09.11 09:22:25.503,1.7488,1.749,1.00,2.90
2008.09.11 09:22:25.666,1.7488,1.749,1.00,5.10
2008.09.11 09:22:26.578,1.7488,1.749,1.00,4.00
2008.09.11 09:22:27.447,1.7487,1.749,1.60,4.70
2008.09.11 09:22:27.698,1.7487,1.74895,1.60,3.20
2008.09.11 09:22:31.682,1.74875,1.74895,1.00,3.20
2008.09.11 09:22:31.818,1.74875,1.749,1.00,4.00
2008.09.11 09:22:32.222,1.74875,1.749,1.00,3.20
2008.09.11 09:22:32.622,1.74875,1.74905,1.00,8.30
2008.09.11 09:22:32.958,1.7489,1.74905,1.00,8.30
2008.09.11 09:22:33.294,1.7489,1.74905,1.00,1.00
2008.09.11 09:22:34.982,1.74885,1.7491,1.00,4.70
2008.09.11 09:22:35.322,1.7488,1.749,2.70,1.00
2008.09.11 09:22:35.663,1.7488,1.749,1.00,1.00
2008.09.11 09:22:37.355,1.7488,1.74895,1.00,5.10
2008.09.11 09:22:37.502,1.7487,1.7489,4.30,3.20
2008.09.11 09:22:37.650,1.7487,1.7489,1.60,3.20
2008.09.11 09:22:38.446,1.7487,1.74895,1.60,12.60
2008.09.11 09:22:38.702,1.7487,1.74895,1.60,9.40
2008.09.11 09:22:38.962,1.7487,1.74895,1.60,7.20
2008.09.11 09:22:40.201,1.7487,1.74895,4.80,7.20
2008.09.11 09:22:44.550,1.7487,1.74895,4.80,7.90
2008.09.11 09:22:44.757,1.7487,1.7489,4.80,4.00
2008.09.11 09:22:44.944,1.7487,1.7489,1.00,4.00
2008.09.11 09:22:45.504,1.7487,1.7489,1.00,3.20
2008.09.11 09:22:45.691,1.7487,1.74885,4.80,1.00
2008.09.11 09:22:45.929,1.7487,1.74885,2.70,1.40
2008.09.11 09:22:46.162,1.7487,1.7488,1.00,1.40
2008.09.11 09:22:46.401,1.7485,1.74875,1.60,3.20
2008.09.11 09:22:53.962,1.74855,1.7488,1.00,7.00
2008.09.11 09:22:54.145,1.7486,1.7488,1.00,5.40
2008.09.11 09:22:54.322,1.7486,1.7488,1.00,3.20
2008.09.11 09:22:54.549,1.7486,1.7488,1.00,4.00
2008.09.11 09:22:58.862,1.74855,1.74875,1.00,3.20
2008.09.11 09:22:59.210,1.7485,1.74875,1.60,4.00
2008.09.11 09:22:59.379,1.7485,1.74875,1.60,3.20
2008.09.11 09:23:00.582,1.7486,1.74875,1.00,3.20
2008.09.11 09:23:00.858,1.7486,1.7488,1.00,4.00
2008.09.11 09:23:02.826,1.7486,1.7488,2.70,9.90
2008.09.11 09:23:02.966,1.7486,1.7488,4.80,7.80
2008.09.11 09:23:04.718,1.7486,1.7488,4.80,6.20
2008.09.11 09:23:05.058,1.7486,1.7488,4.80,4.00
2008.09.11 09:23:06.266,1.7486,1.7488,4.80,4.10
2008.09.11 09:23:07.394,1.7486,1.7488,2.70,6.30
2008.09.11 09:23:07.562,1.7486,1.7488,1.00,8.50
2008.09.11 09:23:07.894,1.7486,1.7488,1.00,4.10
2008.09.11 09:23:08.062,1.7486,1.7488,1.60,3.30
2008.09.11 09:23:08.566,1.7486,1.7488,1.60,1.00
2008.09.11 09:23:09.594,1.7485,1.7487,8.90,1.00
2008.09.11 09:23:09.822,1.7485,1.7487,4.80,7.60
2008.09.11 09:23:10.274,1.74855,1.7487,1.00,3.30
2008.09.11 09:23:10.614,1.74855,1.7487,3.70,3.30
2008.09.11 09:23:10.954,1.7485,1.7487,5.60,3.30
2008.09.11 09:23:11.295,1.74855,1.7487,3.70,3.30
2008.09.11 09:23:11.814,1.74855,1.7487,3.70,1.00
2008.09.11 09:23:12.534,1.74855,1.7487,1.00,1.00
2008.09.11 09:23:12.710,1.74855,1.7487,1.00,3.30
2008.09.11 09:23:12.886,1.7485,1.7487,1.60,3.30
2008.09.11 09:23:13.587,1.7486,1.7488,1.00,8.10
2008.09.11 09:23:13.771,1.7486,1.7487,1.00,3.20
2008.09.11 09:23:16.198,1.7485,1.7487,6.40,4.10
2008.09.11 09:23:16.405,1.7485,1.7487,4.80,4.10
2008.09.11 09:23:17.181,1.7486,1.74875,1.00,4.00
2008.09.11 09:23:17.550,1.7486,1.7488,1.00,3.20
2008.09.11 09:23:17.695,1.7486,1.7488,1.00,2.50
2008.09.11 09:23:18.118,1.7486,1.7488,1.00,5.80
2008.09.11 09:23:18.570,1.7486,1.7488,1.00,4.90
2008.09.11 09:23:18.892,1.7486,1.7488,2.70,7.10
2008.09.11 09:23:19.212,1.7486,1.7488,2.70,3.90
2008.09.11 09:23:19.846,1.7486,1.7488,2.70,2.20
2008.09.11 09:23:20.050,1.7486,1.7488,2.70,6.80
2008.09.11 09:23:20.654,1.7486,1.7488,1.60,6.00
2008.09.11 09:23:20.854,1.7486,1.7488,1.60,3.90
2008.09.11 09:23:21.053,1.7486,1.7488,6.70,3.90
2008.09.11 09:23:21.802,1.7486,1.7488,6.70,4.70
2008.09.11 09:23:22.087,1.7486,1.7488,1.00,1.00
2008.09.11 09:23:27.785,1.7486,1.7488,1.00,1.00
2008.09.11 09:23:27.898,1.7486,1.7488,4.50,1.00
2008.09.11 09:23:28.082,1.7486,1.7488,6.70,1.00
2008.09.11 09:23:28.446,1.7487,1.74885,1.00,1.00
2008.09.11 09:23:29.009,1.7487,1.74885,1.00,2.40
2008.09.11 09:23:29.329,1.7487,1.74885,1.00,1.00
2008.09.11 09:23:30.974,1.74865,1.7487,1.10,3.20
2008.09.11 09:23:31.466,1.7486,1.7487,4.50,3.20
2008.09.11 09:23:31.522,1.7486,1.7487,4.50,2.00
2008.09.11 09:23:31.704,1.7486,1.7487,1.00,2.00
2008.09.11 09:23:32.850,1.74855,1.7486,1.10,1.00
2008.09.11 09:23:33.677,1.7486,1.7488,1.60,7.60
2008.09.11 09:23:34.141,1.74855,1.7486,4.80,1.00
2008.09.11 09:23:34.570,1.7486,1.7488,3.20,1.00
2008.09.11 09:23:34.786,1.7488,1.74895,1.00,4.00
2008.09.11 09:23:35.002,1.7488,1.74895,1.00,3.20
2008.09.11 09:23:35.338,1.7488,1.74895,2.70,3.20
2008.09.11 09:23:35.674,1.7488,1.74905,2.70,4.50
2008.09.11 09:23:38.670,1.74875,1.7489,3.20,3.30
2008.09.11 09:23:38.970,1.7487,1.7489,4.80,3.30
2008.09.11 09:23:39.542,1.7487,1.74885,2.70,2.40
2008.09.11 09:23:39.818,1.74865,1.7488,3.20,3.30
2008.09.11 09:23:40.105,1.7486,1.7488,7.50,1.00
2008.09.11 09:23:40.350,1.74865,1.7488,1.00,1.70
2008.09.11 09:23:40.597,1.7486,1.7488,4.80,1.70
2008.09.11 09:23:40.838,1.7486,1.7488,3.70,2.50
2008.09.11 09:23:41.083,1.7486,1.7488,1.60,1.70
2008.09.11 09:23:43.292,1.74865,1.7488,1.00,3.90
2008.09.11 09:23:43.621,1.74865,1.7488,1.00,1.70
2008.09.11 09:23:43.954,1.7487,1.7488,1.00,1.60
2008.09.11 09:23:48.170,1.7487,1.74885,1.00,2.10
2008.09.11 09:23:48.362,1.7487,1.7488,1.00,1.60
2008.09.11 09:23:50.389,1.7487,1.7489,1.00,3.20
2008.09.11 09:23:50.626,1.7487,1.7489,1.00,5.40
2008.09.11 09:23:53.658,1.7487,1.7489,1.00,3.70
2008.09.11 09:23:53.999,1.7487,1.7489,1.00,1.60
2008.09.11 09:23:55.930,1.7487,1.7489,2.70,10.30
2008.09.11 09:23:56.231,1.7487,1.7489,2.70,7.10
2008.09.11 09:23:56.605,1.7487,1.7489,3.20,5.50
2008.09.11 09:23:56.787,1.7487,1.7489,2.70,5.50
2008.09.11 09:23:57.013,1.7487,1.7489,3.20,2.20
2008.09.11 09:23:57.132,1.7487,1.7489,1.60,2.20
2008.09.11 09:23:57.437,1.7487,1.7489,1.60,1.00
2008.09.11 09:23:57.740,1.7487,1.7489,4.80,1.00
2008.09.11 09:23:58.839,1.7487,1.7489,7.50,1.00
2008.09.11 09:23:59.006,1.7488,1.749,1.00,4.70
2008.09.11 09:23:59.173,1.7488,1.749,1.00,5.40
2008.09.11 09:24:00.014,1.7488,1.749,1.00,3.20
2008.09.11 09:24:00.778,1.7488,1.7489,1.00,1.60
2008.09.11 09:24:00.994,1.7488,1.749,1.00,2.50
2008.09.11 09:24:01.211,1.7488,1.749,1.00,3.20
2008.09.11 09:24:01.426,1.7488,1.749,1.00,6.40
2008.09.11 09:24:02.006,1.7488,1.749,1.00,5.80
2008.09.11 09:24:02.202,1.7488,1.749,1.00,6.40
2008.09.11 09:24:02.397,1.7488,1.74895,1.00,2.40
2008.09.11 09:24:04.441,1.7488,1.74895,1.00,4.50
2008.09.11 09:24:04.642,1.7488,1.749,1.00,7.90
2008.09.11 09:24:06.719,1.7488,1.749,1.00,8.60
2008.09.11 09:24:06.946,1.7488,1.749,1.00,7.90
2008.09.11 09:24:07.073,1.7488,1.749,1.00,5.80
2008.09.11 09:24:08.445,1.7488,1.749,1.00,7.90
2008.09.11 09:24:08.881,1.7488,1.749,1.00,8.60
2008.09.11 09:24:09.103,1.7488,1.74895,1.00,4.50
2008.09.11 09:24:09.326,1.7488,1.74895,1.00,2.40
2008.09.11 09:24:09.549,1.7488,1.74895,1.00,4.50
2008.09.11 09:24:11.906,1.7487,1.7489,1.60,3.90
2008.09.11 09:24:12.494,1.7487,1.7489,4.80,3.30
2008.09.11 09:24:12.789,1.7487,1.7489,2.70,3.30
2008.09.11 09:24:13.660,1.7487,1.7489,3.20,3.30
2008.09.11 09:24:13.753,1.74875,1.7489,1.00,3.30
2008.09.11 09:24:13.861,1.7488,1.749,1.00,10.30
2008.09.11 09:24:14.118,1.7488,1.749,1.00,5.80
2008.09.11 09:24:14.625,1.7488,1.74895,1.00,2.40
2008.09.11 09:24:15.853,1.7488,1.749,7.80,5.80
2008.09.11 09:24:16.049,1.7488,1.749,6.70,2.50
2008.09.11 09:24:16.790,1.7488,1.749,9.90,2.50
2008.09.11 09:24:17.281,1.7488,1.749,6.70,2.50
2008.09.11 09:24:17.590,1.7489,1.749,1.00,2.40
2008.09.11 09:24:17.746,1.7489,1.74895,1.00,2.40
2008.09.11 09:24:17.916,1.7488,1.74895,6.70,2.40
2008.09.11 09:24:18.057,1.7487,1.7489,4.80,3.30
2008.09.11 09:24:18.398,1.7487,1.7489,3.70,3.30
2008.09.11 09:24:18.737,1.7487,1.7489,4.80,3.30
2008.09.11 09:24:19.317,1.7487,1.7489,4.80,5.50
2008.09.11 09:24:19.561,1.7487,1.7489,1.60,5.50
2008.09.11 09:24:19.686,1.7488,1.74895,1.00,9.40
2008.09.11 09:24:19.821,1.7488,1.74895,1.00,6.20
2008.09.11 09:24:19.942,1.7488,1.74895,1.00,4.00
2008.09.11 09:24:20.066,1.7488,1.74895,1.00,4.50
2008.09.11 09:24:20.742,1.7488,1.74895,1.00,2.40
2008.09.11 09:24:21.085,1.7488,1.74895,1.00,4.80
2008.09.11 09:24:21.208,1.7488,1.74895,1.00,5.60
2008.09.11 09:24:21.809,1.7488,1.74895,1.00,2.40
2008.09.11 09:24:23.014,1.7488,1.74895,1.00,1.00
2008.09.11 09:24:23.846,1.7488,1.74895,1.00,4.00
2008.09.11 09:24:24.054,1.7487,1.7489,4.80,3.50
2008.09.11 09:24:24.946,1.7487,1.7489,1.60,3.50
2008.09.11 09:24:25.245,1.7487,1.7489,1.60,5.10
2008.09.11 09:24:25.585,1.7487,1.7489,1.60,4.90
2008.09.11 09:24:27.241,1.7487,1.7489,4.30,4.90
2008.09.11 09:24:27.334,1.7487,1.7489,4.30,1.70
2008.09.11 09:24:27.397,1.7487,1.7489,4.30,1.00
2008.09.11 09:24:31.492,1.74875,1.7489,2.70,1.00
2008.09.11 09:24:31.658,1.7488,1.74895,1.00,1.00
2008.09.11 09:24:31.820,1.7488,1.74895,2.70,1.00
2008.09.11 09:24:32.001,1.7488,1.74895,4.80,1.00
2008.09.11 09:24:34.670,1.7488,1.7489,2.10,1.00
2008.09.11 09:24:34.910,1.7488,1.749,2.70,8.70
2008.09.11 09:24:35.150,1.7488,1.74895,2.70,3.20
2008.09.11 09:24:35.489,1.7488,1.749,2.70,5.80
2008.09.11 09:24:37.329,1.7488,1.749,2.70,7.90
2008.09.11 09:24:37.721,1.7488,1.749,2.70,1.60
2008.09.11 09:24:38.010,1.7488,1.74895,2.70,1.00
2008.09.11 09:24:38.525,1.7488,1.749,2.70,4.80
2008.09.11 09:24:39.945,1.7488,1.74895,2.70,1.00
2008.09.11 09:24:40.017,1.7488,1.74895,2.70,2.90
2008.09.11 09:24:40.573,1.7488,1.749,2.70,4.80
2008.09.11 09:24:42.001,1.7488,1.749,2.40,4.80
2008.09.11 09:24:42.652,1.7488,1.74895,2.40,1.00
2008.09.11 09:24:42.950,1.7488,1.7489,1.80,4.10
2008.09.11 09:24:43.208,1.7488,1.7489,1.80,5.50
2008.09.11 09:24:43.677,1.7488,1.7489,1.80,2.20
2008.09.11 09:24:43.919,1.7488,1.74895,2.40,3.20
2008.09.11 09:24:44.146,1.7488,1.74895,2.40,4.00
2008.09.11 09:24:45.256,1.7488,1.74895,2.40,3.20
2008.09.11 09:24:47.866,1.7488,1.74895,2.40,4.80
2008.09.11 09:24:48.555,1.7488,1.749,2.40,2.50
2008.09.11 09:24:48.842,1.7488,1.749,2.40,4.70
2008.09.11 09:24:49.131,1.7488,1.74895,2.40,3.20
2008.09.11 09:24:50.428,1.7488,1.74895,2.40,2.40
2008.09.11 09:24:50.750,1.7488,1.74895,2.40,4.00
2008.09.11 09:24:51.074,1.7486,1.74875,10.00,1.00
2008.09.11 09:24:51.211,1.7486,1.7487,3.20,1.00
2008.09.11 09:24:51.346,1.7486,1.7487,3.20,10.90
2008.09.11 09:24:51.483,1.7486,1.7487,2.10,1.60
2008.09.11 09:24:51.618,1.7486,1.7487,2.10,15.70
2008.09.11 09:24:51.753,1.7486,1.7487,2.10,13.00
2008.09.11 09:24:51.890,1.7485,1.74865,4.30,3.20
2008.09.11 09:24:52.257,1.7485,1.7486,4.30,3.20
2008.09.11 09:24:52.738,1.7485,1.7487,4.30,7.80
2008.09.11 09:24:52.973,1.7485,1.7487,9.70,3.30
2008.09.11 09:24:53.209,1.7485,1.7487,9.70,2.20
2008.09.11 09:24:55.540,1.7485,1.7487,9.70,3.30
2008.09.11 09:24:55.801,1.7485,1.7487,1.60,3.30
2008.09.11 09:24:56.077,1.7485,1.7487,1.60,1.00
2008.09.11 09:24:56.217,1.7485,1.7487,9.90,1.00
2008.09.11 09:24:56.357,1.7485,1.7487,8.10,1.00
2008.09.11 09:24:56.793,1.7485,1.7487,8.10,1.00
2008.09.11 09:24:56.972,1.7485,1.7487,8.10,3.30
2008.09.11 09:25:00.309,1.7485,1.7487,8.10,4.10
2008.09.11 09:25:01.357,1.7485,1.7486,4.80,14.00
2008.09.11 09:25:01.651,1.7485,1.7486,2.10,4.10
2008.09.11 09:25:02.053,1.7484,1.7486,1.00,4.10
2008.09.11 09:25:03.077,1.7485,1.7486,1.00,4.10
2008.09.11 09:25:03.408,1.7485,1.7486,1.00,4.10
2008.09.11 09:25:03.722,1.7485,1.74855,1.00,1.40
2008.09.11 09:25:03.963,1.7484,1.7485,1.00,3.20
2008.09.11 09:25:04.646,1.7484,1.7485,1.00,4.00
2008.09.11 09:25:05.085,1.7484,1.7485,1.00,4.70
2008.09.11 09:25:06.641,1.7484,1.7485,1.00,4.00
2008.09.11 09:25:07.301,1.7484,1.7485,1.00,1.00
2008.09.11 09:25:07.742,1.7483,1.7485,8.10,1.00
2008.09.11 09:25:08.386,1.7483,1.7485,8.10,2.50
2008.09.11 09:25:09.499,1.7483,1.7485,3.20,1.70
2008.09.11 09:25:09.814,1.7484,1.74855,1.00,4.00
2008.09.11 09:25:10.061,1.74825,1.7485,20.20,1.00
2008.09.11 09:25:11.226,1.7483,1.7485,8.10,1.80
2008.09.11 09:25:11.653,1.7483,1.7485,8.10,2.70
2008.09.11 09:25:11.869,1.7483,1.7485,8.10,1.20
2008.09.11 09:25:13.225,1.7483,1.7485,8.10,4.40
2008.09.11 09:25:13.413,1.7483,1.7485,4.80,4.40
2008.09.11 09:25:13.601,1.7483,1.7485,1.00,4.40
2008.09.11 09:25:13.969,1.7483,1.7484,1.00,1.00
2008.09.11 09:25:14.156,1.7483,1.7484,1.00,1.00
2008.09.11 09:25:14.652,1.7483,1.74845,1.00,1.80
2008.09.11 09:25:14.813,1.7482,1.7484,1.60,1.30
2008.09.11 09:25:15.685,1.7482,1.7484,1.60,3.50
2008.09.11 09:25:15.962,1.7482,1.7484,8.10,3.50
2008.09.11 09:25:16.437,1.7482,1.74835,8.10,1.00
2008.09.11 09:25:16.539,1.7482,1.74835,4.80,3.70
2008.09.11 09:25:16.745,1.7482,1.74835,2.70,3.70
2008.09.11 09:25:16.845,1.7482,1.74835,1.00,5.20
2008.09.11 09:25:16.949,1.7481,1.7483,9.90,1.00
2008.09.11 09:25:17.049,1.7481,1.7483,8.10,1.00
2008.09.11 09:25:17.753,1.7481,1.7483,8.10,3.50
2008.09.11 09:25:18.829,1.7482,1.7483,1.00,3.20
2008.09.11 09:25:18.989,1.7482,1.74835,1.00,4.00
2008.09.11 09:25:19.485,1.7482,1.74835,1.00,4.50
2008.09.11 09:25:20.869,1.7482,1.7484,1.00,4.40
2008.09.11 09:25:21.209,1.7482,1.7484,4.80,4.40
2008.09.11 09:25:21.550,1.7483,1.7484,1.00,4.80
2008.09.11 09:25:21.653,1.7482,1.74825,10.50,3.20
2008.09.11 09:25:21.757,1.7482,1.74825,6.20,3.20
2008.09.11 09:25:21.861,1.7481,1.74825,1.00,3.70
2008.09.11 09:25:24.686,1.7481,1.74825,1.00,4.70
2008.09.11 09:25:26.697,1.7481,1.74815,1.00,3.20
2008.09.11 09:25:26.811,1.7481,1.74815,1.00,7.80
2008.09.11 09:25:27.315,1.7481,1.7482,1.00,8.60
2008.09.11 09:25:27.417,1.7481,1.7482,1.00,5.90
2008.09.11 09:25:27.521,1.7481,1.7482,1.00,4.00
2008.09.11 09:25:27.725,1.7481,1.7482,1.00,4.70
2008.09.11 09:25:27.925,1.7481,1.7482,1.00,4.00
2008.09.11 09:25:28.130,1.7481,1.7482,1.00,3.20
2008.09.11 09:25:28.540,1.7481,1.74825,1.00,4.70
2008.09.11 09:25:29.014,1.7481,1.74825,1.00,7.80
2008.09.11 09:25:29.289,1.7481,1.7483,1.00,12.20
2008.09.11 09:25:29.565,1.7481,1.7483,1.00,1.70
2008.09.11 09:25:30.141,1.7481,1.7483,1.60,8.10
2008.09.11 09:25:30.445,1.7481,1.7483,1.60,1.00
2008.09.11 09:25:32.429,1.7481,1.7483,3.20,1.00
2008.09.11 09:25:32.833,1.7482,1.74835,1.00,3.70
2008.09.11 09:25:33.037,1.7482,1.74835,1.00,7.80
2008.09.11 09:25:33.161,1.7482,1.74835,2.10,7.80
2008.09.11 09:25:33.281,1.7482,1.7483,1.60,1.00
2008.09.11 09:25:33.405,1.7482,1.7483,1.60,3.60
2008.09.11 09:25:33.525,1.7482,1.7483,1.60,4.50
2008.09.11 09:25:33.649,1.7482,1.7483,1.60,4.80
2008.09.11 09:25:33.770,1.7482,1.7483,1.60,5.40
2008.09.11 09:25:33.893,1.7481,1.7483,3.70,12.40
2008.09.11 09:25:34.105,1.7481,1.7483,1.60,12.40
2008.09.11 09:25:35.010,1.7481,1.7483,2.70,12.40
2008.09.11 09:25:35.257,1.7481,1.74825,1.00,3.20
2008.09.11 09:25:35.497,1.7481,1.74825,1.00,7.80
2008.09.11 09:25:35.761,1.7481,1.74825,1.00,1.40
2008.09.11 09:25:35.986,1.7481,1.74825,1.00,4.70
2008.09.11 09:25:36.282,1.7481,1.74815,1.00,3.20
2008.09.11 09:25:36.871,1.7481,1.7482,1.00,3.70
2008.09.11 09:25:37.325,1.7481,1.7482,1.00,15.30
2008.09.11 09:25:37.645,1.7481,1.74825,1.00,9.10
2008.09.11 09:25:37.809,1.7481,1.7483,1.00,11.60
2008.09.11 09:25:37.973,1.7481,1.7483,1.00,9.50
2008.09.11 09:25:38.161,1.7481,1.7483,1.00,4.90
2008.09.11 09:25:41.217,1.7481,1.74825,1.00,1.00
2008.09.11 09:25:42.486,1.7481,1.7483,1.00,4.90
2008.09.11 09:25:42.631,1.7481,1.7483,1.00,4.10
2008.09.11 09:25:43.209,1.7481,1.7483,1.00,4.90
2008.09.11 09:25:44.614,1.7481,1.74825,1.00,1.00
2008.09.11 09:25:44.822,1.7481,1.74825,1.00,8.10
2008.09.11 09:25:45.030,1.7481,1.74825,1.00,4.00
2008.09.11 09:25:45.237,1.7481,1.74825,1.00,3.20
2008.09.11 09:25:45.562,1.7481,1.74825,1.00,7.80
2008.09.11 09:25:45.889,1.7481,1.74825,1.00,2.70
2008.09.11 09:25:46.213,1.7481,1.74825,1.00,6.80
2008.09.11 09:25:46.625,1.7481,1.74825,1.00,5.40
2008.09.11 09:25:46.884,1.7481,1.7482,1.00,2.10
2008.09.11 09:25:47.053,1.7481,1.7483,1.00,2.70
2008.09.11 09:25:48.001,1.7481,1.7483,1.00,2.00
2008.09.11 09:25:48.268,1.7481,1.7483,1.60,2.00
2008.09.11 09:25:48.545,1.7481,1.7483,1.60,1.00
2008.09.11 09:25:48.825,1.74815,1.7483,1.00,1.00
2008.09.11 09:25:49.377,1.7482,1.74835,1.00,7.80
2008.09.11 09:25:51.477,1.7482,1.7484,1.00,14.00
2008.09.11 09:25:51.621,1.7482,1.7484,1.00,11.30
2008.09.11 09:25:51.901,1.7482,1.7484,1.00,6.70
2008.09.11 09:25:52.886,1.7482,1.74835,1.00,3.20
2008.09.11 09:25:53.317,1.7482,1.7484,1.00,6.70
2008.09.11 09:26:01.769,1.74815,1.7483,1.00,1.00
2008.09.11 09:26:01.981,1.74815,1.7483,1.00,1.30
2008.09.11 09:26:02.405,1.74815,1.7483,1.00,1.00
2008.09.11 09:26:05.162,1.7481,1.7483,1.60,1.00
2008.09.11 09:26:06.479,1.7481,1.7483,9.70,3.50
2008.09.11 09:26:06.653,1.7481,1.74825,4.30,3.20
2008.09.11 09:26:06.829,1.7481,1.74825,2.10,3.20
2008.09.11 09:26:06.981,1.7481,1.74825,2.10,7.80
2008.09.11 09:26:07.133,1.7481,1.74825,1.00,1.40
2008.09.11 09:26:07.444,1.7481,1.74825,1.00,5.40
2008.09.11 09:26:07.593,1.7481,1.7483,1.00,9.50
2008.09.11 09:26:08.569,1.7481,1.7483,3.70,8.90
2008.09.11 09:26:08.905,1.7481,1.7483,5.90,4.40
2008.09.11 09:26:09.173,1.74815,1.7483,1.00,4.10
2008.09.11 09:26:09.414,1.7481,1.7483,1.60,4.10
2008.09.11 09:26:09.685,1.74815,1.7483,1.00,3.50
2008.09.11 09:26:09.937,1.74815,1.7483,1.00,1.00
2008.09.11 09:26:12.921,1.74815,1.7483,3.70,1.00
2008.09.11 09:26:13.057,1.7482,1.7484,5.90,1.00
2008.09.11 09:26:13.319,1.7482,1.7484,9.90,1.00
2008.09.11 09:26:13.429,1.7482,1.7484,1.60,1.00
2008.09.11 09:26:13.554,1.7482,1.7484,4.30,1.00
2008.09.11 09:26:13.805,1.7483,1.74845,1.00,1.00
2008.09.11 09:26:14.389,1.7483,1.7485,1.00,4.90
2008.09.11 09:26:15.673,1.7484,1.7485,1.00,4.70
2008.09.11 09:26:15.877,1.7484,1.7485,1.00,4.00
2008.09.11 09:26:16.289,1.7484,1.74855,1.00,1.00
2008.09.11 09:26:16.625,1.7484,1.7486,5.90,3.50
2008.09.11 09:26:16.965,1.7484,1.7486,4.80,1.00
2008.09.11 09:26:17.305,1.7484,1.7486,6.70,1.00
2008.09.11 09:26:19.001,1.7485,1.74865,1.00,1.00
2008.09.11 09:26:19.547,1.7485,1.74865,1.00,1.40
2008.09.11 09:26:19.741,1.7484,1.7486,1.60,1.00
2008.09.11 09:26:19.933,1.7485,1.74865,1.00,5.40
2008.09.11 09:26:20.129,1.7485,1.74865,1.00,1.00
2008.09.11 09:26:21.161,1.7485,1.7487,1.00,4.40
2008.09.11 09:26:21.501,1.7485,1.7487,2.70,1.20
2008.09.11 09:26:22.253,1.7485,1.74865,2.70,1.00
2008.09.11 09:26:22.561,1.7485,1.74865,1.00,1.00
2008.09.11 09:26:22.845,1.7485,1.74865,1.00,1.40
2008.09.11 09:26:23.298,1.7485,1.7486,1.00,1.00
2008.09.11 09:26:23.525,1.7485,1.7486,1.00,1.40
2008.09.11 09:26:24.837,1.7484,1.7486,1.00,1.70
2008.09.11 09:26:25.509,1.7484,1.74855,1.00,1.00
2008.09.11 09:26:26.705,1.7484,1.74855,1.00,4.00
2008.09.11 09:26:27.705,1.7484,1.74855,8.10,4.00
2008.09.11 09:26:27.865,1.7484,1.74855,8.10,3.20
2008.09.11 09:26:28.025,1.7485,1.74855,1.00,3.20
2008.09.11 09:26:28.505,1.7485,1.7487,2.70,1.20
2008.09.11 09:26:28.778,1.7485,1.7486,2.70,1.40
2008.09.11 09:26:29.054,1.74845,1.7485,1.10,1.00
2008.09.11 09:26:29.329,1.7484,1.7485,3.70,16.40
2008.09.11 09:26:29.605,1.7483,1.74845,1.00,9.40
2008.09.11 09:26:29.893,1.7483,1.7484,1.00,12.10
2008.09.11 09:26:30.166,1.7483,1.74835,1.00,3.20
2008.09.11 09:26:30.441,1.7482,1.74835,1.00,4.80
2008.09.11 09:26:30.718,1.7483,1.74835,1.00,5.40
2008.09.11 09:26:31.004,1.7482,1.74835,1.00,12.10
2008.09.11 09:26:31.285,1.7482,1.74835,1.00,5.90
2008.09.11 09:26:31.565,1.7482,1.74835,1.00,1.40
2008.09.11 09:26:31.845,1.7482,1.7483,1.00,3.70
2008.09.11 09:26:32.005,1.7482,1.7483,1.00,4.00
2008.09.11 09:26:32.161,1.7481,1.7483,5.90,4.40
2008.09.11 09:26:32.317,1.7481,1.7483,5.90,4.90
2008.09.11 09:26:32.786,1.7481,1.7483,5.90,1.70
2008.09.11 09:26:33.071,1.7481,1.74825,5.90,1.40
2008.09.11 09:26:33.349,1.7481,1.7482,5.40,5.30
2008.09.11 09:26:34.197,1.7481,1.74815,5.90,3.20
2008.09.11 09:26:34.501,1.7481,1.74815,1.00,6.20
2008.09.11 09:26:35.069,1.74795,1.7481,1.00,1.00
2008.09.11 09:26:35.599,1.74795,1.7481,3.20,1.00
2008.09.11 09:26:35.865,1.748,1.7482,2.70,4.40
2008.09.11 09:26:36.129,1.748,1.7482,2.70,1.20
2008.09.11 09:26:36.897,1.748,1.7482,6.70,1.20
2008.09.11 09:26:37.153,1.748,1.7482,4.80,1.20
2008.09.11 09:26:37.313,1.748,1.7482,1.60,1.00
2008.09.11 09:26:38.737,1.7481,1.74825,1.00,1.00
2008.09.11 09:26:39.270,1.748,1.7482,1.00,1.00
2008.09.11 09:26:39.611,1.7481,1.74825,1.00,1.40
2008.09.11 09:26:40.285,1.7481,1.74825,1.00,4.70
2008.09.11 09:26:40.549,1.748,1.7482,1.60,3.70
2008.09.11 09:26:40.810,1.74795,1.7482,1.00,3.70
2008.09.11 09:26:41.297,1.74795,1.7482,1.00,12.10
2008.09.11 09:26:41.525,1.74795,1.74825,1.00,16.20
2008.09.11 09:26:41.754,1.74795,1.74825,1.00,4.70
2008.09.11 09:26:41.977,1.74795,1.7482,1.00,1.00
2008.09.11 09:26:42.202,1.74795,1.7482,1.00,3.70
2008.09.11 09:26:43.781,1.74795,1.7482,1.00,3.20
2008.09.11 09:26:43.873,1.74795,1.74825,1.00,9.10
2008.09.11 09:26:43.965,1.748,1.74825,1.00,9.10
2008.09.11 09:26:44.113,1.748,1.74825,1.00,4.70
2008.09.11 09:26:44.845,1.748,1.74825,1.00,1.40
2008.09.11 09:26:46.714,1.748,1.74825,1.00,5.40
2008.09.11 09:26:46.922,1.74805,1.7483,1.00,4.90
2008.09.11 09:26:47.129,1.74805,1.7483,1.00,1.70
2008.09.11 09:26:48.056,1.74805,1.7483,1.00,1.40
2008.09.11 09:26:48.423,1.748,1.74825,1.60,3.20
2008.09.11 09:26:48.681,1.748,1.74825,1.60,3.70
2008.09.11 09:26:49.889,1.748,1.74825,1.60,3.20
2008.09.11 09:26:51.109,1.748,1.7483,1.60,4.90
2008.09.11 09:26:51.289,1.74805,1.7483,1.00,4.90
2008.09.11 09:26:51.709,1.74805,1.7483,1.00,1.70
2008.09.11 09:26:52.189,1.74805,1.7483,1.00,12.40
2008.09.11 09:26:54.766,1.74805,1.7483,1.00,11.80
2008.09.11 09:26:54.949,1.74805,1.7483,1.00,4.80
2008.09.11 09:26:55.129,1.74805,1.7483,1.00,1.00
2008.09.11 09:26:56.412,1.74805,1.7483,4.30,1.00
2008.09.11 09:26:56.698,1.7481,1.7483,1.00,1.00
2008.09.11 09:26:56.741,1.7481,1.74835,1.60,4.00
2008.09.11 09:26:56.946,1.7482,1.74835,1.00,4.00
2008.09.11 09:26:56.990,1.7482,1.74835,1.00,5.40
2008.09.11 09:26:57.033,1.7482,1.74835,1.00,1.00
2008.09.11 09:26:57.281,1.7482,1.7484,1.00,1.40
2008.09.11 09:26:57.489,1.74815,1.7484,1.00,1.70
2008.09.11 09:26:57.696,1.7482,1.7484,1.00,1.40
2008.09.11 09:26:57.995,1.7482,1.74835,1.00,3.20
2008.09.11 09:26:58.469,1.7482,1.74835,1.00,7.80
2008.09.11 09:26:59.993,1.7482,1.7484,1.00,8.10
2008.09.11 09:27:00.465,1.7482,1.74835,7.50,4.40
2008.09.11 09:27:00.705,1.7482,1.74845,7.50,6.20
2008.09.11 09:27:00.941,1.74825,1.7484,4.30,5.40
2008.09.11 09:27:01.453,1.7483,1.7484,1.00,5.40
2008.09.11 09:27:01.966,1.7483,1.7484,1.60,5.40
2008.09.11 09:27:02.665,1.74835,1.7484,1.00,5.40
2008.09.11 09:27:03.202,1.74835,1.7484,4.30,5.40
2008.09.11 09:27:04.117,1.74835,1.7484,1.00,5.40
2008.09.11 09:27:04.605,1.74835,1.7484,3.20,5.40
2008.09.11 09:27:05.549,1.7483,1.7484,1.60,5.40
2008.09.11 09:27:05.761,1.7484,1.74855,1.00,11.20
2008.09.11 09:27:13.226,1.7484,1.7486,1.60,15.00
2008.09.11 09:27:13.973,1.7485,1.74865,1.00,11.20
2008.09.11 09:27:16.589,1.74835,1.7484,9.60,5.40
2008.09.11 09:27:16.769,1.7485,1.74865,1.00,11.20
2008.09.11 09:27:16.949,1.7484,1.7485,2.70,5.70
2008.09.11 09:27:17.112,1.7484,1.7485,1.00,5.70
2008.09.11 09:27:17.273,1.74845,1.74855,1.00,10.70
2008.09.11 09:27:17.598,1.7485,1.7486,1.00,5.70
2008.09.11 09:27:17.761,1.74845,1.7487,4.40,11.80
2008.09.11 09:27:17.921,1.7484,1.7486,3.90,5.70
2008.09.11 09:27:18.317,1.74855,1.7487,1.00,12.20
2008.09.11 09:27:18.517,1.74855,1.7488,1.00,9.10
2008.09.11 09:27:18.713,1.74855,1.7488,1.00,4.50
2008.09.11 09:27:19.105,1.7485,1.7488,1.60,4.50
2008.09.11 09:27:20.113,1.7485,1.7487,1.60,12.20
2008.09.11 09:27:20.397,1.7485,1.7487,1.60,16.70
2008.09.11 09:27:20.681,1.7485,1.7487,1.00,16.70
2008.09.11 09:27:20.966,1.7485,1.7487,1.00,12.40
2008.09.11 09:27:21.249,1.7485,1.7487,1.00,11.70
2008.09.11 09:27:21.465,1.7485,1.7487,1.00,12.80
2008.09.11 09:27:21.681,1.7485,1.7487,1.00,4.40
2008.09.11 09:27:21.897,1.7485,1.7487,5.90,4.40
2008.09.11 09:27:22.113,1.7485,1.7487,2.70,1.70
2008.09.11 09:27:22.544,1.7485,1.7487,1.00,1.70
2008.09.11 09:27:22.761,1.7485,1.7487,1.00,4.90
2008.09.11 09:27:29.477,1.7485,1.7487,1.00,6.60
2008.09.11 09:27:32.407,1.7484,1.7486,1.60,1.00
2008.09.11 09:27:33.517,1.74845,1.7486,1.00,1.00
2008.09.11 09:27:34.120,1.7485,1.7487,1.00,8.20
2008.09.11 09:27:34.681,1.7485,1.7487,1.00,6.00
2008.09.11 09:27:34.836,1.74845,1.7486,1.00,1.00
2008.09.11 09:27:37.585,1.7485,1.7487,3.70,3.50
2008.09.11 09:27:37.812,1.7485,1.7487,5.90,3.50
2008.09.11 09:27:37.885,1.7485,1.7487,2.70,3.50
2008.09.11 09:27:38.094,1.7485,1.7487,2.70,17.00
2008.09.11 09:27:38.326,1.7485,1.7487,2.70,1.20
2008.09.11 09:27:38.430,1.7485,1.7487,5.90,1.20
2008.09.11 09:27:38.531,1.7485,1.7487,2.70,1.20
2008.09.11 09:27:40.084,1.7485,1.7487,4.80,1.20
2008.09.11 09:27:47.616,1.7485,1.7487,4.80,14.80
2008.09.11 09:27:48.118,1.7485,1.7487,4.80,3.50
2008.09.11 09:27:52.421,1.7485,1.74865,4.80,3.20
2008.09.11 09:27:52.909,1.74845,1.7485,3.20,4.80
2008.09.11 09:27:53.181,1.7485,1.74855,2.10,9.10
2008.09.11 09:27:53.453,1.7484,1.7486,1.60,4.10
2008.09.11 09:27:53.967,1.7484,1.7486,1.60,12.40
2008.09.11 09:27:57.482,1.7484,1.7486,1.60,11.80
2008.09.11 09:27:57.716,1.7484,1.7486,1.60,9.10
2008.09.11 09:27:57.841,1.7484,1.7486,1.60,1.00
2008.09.11 09:27:58.505,1.7485,1.7487,1.00,12.20
2008.09.11 09:27:58.629,1.7485,1.7487,1.00,9.50
2008.09.11 09:27:58.752,1.7485,1.7487,1.00,4.90
2008.09.11 09:27:59.536,1.7485,1.7487,1.00,6.60
2008.09.11 09:27:59.873,1.74845,1.7486,1.00,1.00
2008.09.11 09:27:59.978,1.7485,1.74865,1.00,9.40
2008.09.11 09:28:02.485,1.74845,1.7486,1.00,1.00
2008.09.11 09:28:03.922,1.74845,1.7486,1.00,1.00
2008.09.11 09:28:04.120,1.74845,1.7486,1.00,7.90
2008.09.11 09:28:04.512,1.74845,1.7486,1.00,12.40
2008.09.11 09:28:04.879,1.7485,1.7486,1.00,12.10
2008.09.11 09:28:05.980,1.74845,1.7486,1.00,12.40
2008.09.11 09:28:08.165,1.74845,1.7486,1.00,7.50
2008.09.11 09:28:08.308,1.74845,1.7486,1.00,4.80
2008.09.11 09:28:08.452,1.7485,1.74865,1.00,9.40
2008.09.11 09:28:08.597,1.7485,1.7486,1.00,1.00
2008.09.11 09:28:08.740,1.7485,1.7486,1.00,7.50
2008.09.11 09:28:09.028,1.7485,1.7486,1.00,12.10
2008.09.11 09:28:13.788,1.7485,1.74865,1.00,12.10
2008.09.11 09:28:14.013,1.7485,1.74865,3.70,7.80
2008.09.11 09:28:14.125,1.7485,1.74865,3.70,5.10
2008.09.11 09:28:14.242,1.7485,1.74865,8.10,6.70
2008.09.11 09:28:14.653,1.7485,1.74865,4.80,6.70
2008.09.11 09:28:14.857,1.7485,1.74865,8.10,6.70
2008.09.11 09:28:15.074,1.7485,1.7486,2.70,7.50
2008.09.11 09:28:15.280,1.7485,1.7486,1.00,12.10
2008.09.11 09:28:15.537,1.7484,1.74855,1.60,3.20
2008.09.11 09:28:15.793,1.7484,1.74855,1.60,7.80
2008.09.11 09:28:18.285,1.7484,1.7485,1.60,7.50
2008.09.11 09:28:18.440,1.7484,1.7485,1.60,12.10
2008.09.11 09:28:22.680,1.7484,1.7485,3.70,12.10
2008.09.11 09:28:23.480,1.7484,1.7485,3.70,12.60
2008.09.11 09:28:23.928,1.7484,1.74855,1.60,9.40
2008.09.11 09:28:24.153,1.7484,1.74855,1.60,5.10
2008.09.11 09:28:24.377,1.7484,1.74855,1.60,7.80
2008.09.11 09:28:25.049,1.74845,1.7486,1.00,11.30
2008.09.11 09:28:25.273,1.7485,1.7486,1.00,8.10
2008.09.11 09:28:25.513,1.7485,1.7486,1.60,3.20
2008.09.11 09:28:25.753,1.7485,1.74865,1.60,7.80
2008.09.11 09:28:25.992,1.7485,1.7486,2.70,1.00
2008.09.11 09:28:26.232,1.7485,1.7486,3.70,7.50
2008.09.11 09:28:26.472,1.7485,1.7486,1.00,12.10
2008.09.11 09:28:28.143,1.7485,1.74865,1.00,12.10
2008.09.11 09:28:28.360,1.7485,1.74865,1.00,7.80
2008.09.11 09:28:28.525,1.7485,1.74865,5.90,5.10
2008.09.11 09:28:28.688,1.7485,1.74865,5.90,7.80
2008.09.11 09:28:28.852,1.7485,1.74865,8.10,7.80
2008.09.11 09:28:30.225,1.7485,1.7486,2.70,7.50
2008.09.11 09:28:30.561,1.7485,1.7486,1.00,12.10
2008.09.11 09:28:30.993,1.7485,1.74865,1.00,12.10
2008.09.11 09:28:31.209,1.7485,1.74865,2.70,5.10
2008.09.11 09:28:31.426,1.7485,1.74865,2.70,7.80
2008.09.11 09:28:36.442,1.7485,1.74865,5.90,7.80
2008.09.11 09:28:37.768,1.7485,1.74865,8.10,7.80
2008.09.11 09:28:39.760,1.7485,1.74865,5.90,7.80
2008.09.11 09:28:42.266,1.7486,1.74865,1.00,7.80
2008.09.11 09:28:42.980,1.7485,1.74865,7.00,7.80
2008.09.11 09:28:43.023,1.7485,1.74865,5.90,7.80
2008.09.11 09:28:45.328,1.7485,1.74865,1.60,7.80
2008.09.11 09:28:47.157,1.7485,1.7486,8.10,3.20
2008.09.11 09:28:47.256,1.7485,1.7486,2.70,12.10
2008.09.11 09:28:47.359,1.7485,1.7486,1.00,12.10
2008.09.11 09:28:48.024,1.7485,1.74865,1.00,12.10
2008.09.11 09:28:48.129,1.7485,1.74865,1.00,9.40
2008.09.11 09:28:48.361,1.7485,1.74865,2.70,7.80
2008.09.11 09:28:49.686,1.7486,1.74865,1.00,7.80
2008.09.11 09:28:50.392,1.7485,1.74865,5.90,7.80
2008.09.11 09:28:50.628,1.7485,1.74865,2.70,7.80
2008.09.11 09:28:53.462,1.7485,1.74865,5.90,7.80
2008.09.11 09:28:57.120,1.7485,1.74865,1.60,7.80
2008.09.11 09:29:02.253,1.7485,1.7487,1.60,13.50
2008.09.11 09:29:06.141,1.7485,1.7487,1.60,8.10
2008.09.11 09:29:07.183,1.7485,1.7487,3.20,8.10
2008.09.11 09:29:07.388,1.7486,1.74875,1.00,7.80
2008.09.11 09:29:07.595,1.7486,1.74875,3.70,5.10
2008.09.11 09:29:07.957,1.7486,1.74875,3.70,7.80
2008.09.11 09:29:08.323,1.7486,1.74875,3.70,1.40
2008.09.11 09:29:08.636,1.7486,1.7488,3.70,12.20
2008.09.11 09:29:08.792,1.7486,1.7488,2.70,4.90
2008.09.11 09:29:09.008,1.7486,1.7488,1.60,10.20
2008.09.11 09:29:09.224,1.7486,1.7488,1.60,5.60
2008.09.11 09:29:09.440,1.7486,1.7488,1.60,3.60
2008.09.11 09:29:09.656,1.7486,1.7488,1.60,13.50
2008.09.11 09:29:09.873,1.7486,1.7488,1.60,8.10
2008.09.11 09:29:10.012,1.7486,1.7488,1.60,11.30
2008.09.11 09:29:10.292,1.7486,1.7488,1.60,10.80
2008.09.11 09:29:10.432,1.7486,1.7488,1.60,8.10
2008.09.11 09:29:10.572,1.7486,1.7488,1.60,5.90
2008.09.11 09:29:10.852,1.7486,1.7488,1.60,1.30
2008.09.11 09:29:12.140,1.7486,1.7488,8.10,2.70
2008.09.11 09:29:12.356,1.7486,1.7488,8.10,15.10
2008.09.11 09:29:12.572,1.7486,1.7488,8.10,19.70
2008.09.11 09:29:14.323,1.7486,1.7488,8.10,9.10
2008.09.11 09:29:14.557,1.7486,1.7488,1.60,6.40
2008.09.11 09:29:14.789,1.7486,1.7488,1.60,2.00
2008.09.11 09:29:15.238,1.7486,1.7488,1.60,4.10
2008.09.11 09:29:15.712,1.7486,1.7488,1.60,3.10
2008.09.11 09:29:18.181,1.7486,1.7488,1.60,7.40
2008.09.11 09:29:18.253,1.7486,1.7488,1.60,4.10
2008.09.11 09:29:23.339,1.7486,1.74875,1.60,1.00
2008.09.11 09:29:23.425,1.7486,1.74875,1.60,3.20
2008.09.11 09:29:23.497,1.7486,1.74875,5.90,3.20
2008.09.11 09:29:23.548,1.7486,1.74875,3.70,7.80
2008.09.11 09:29:24.474,1.7486,1.74875,1.00,7.80
2008.09.11 09:29:24.860,1.7486,1.7488,1.00,12.20
2008.09.11 09:29:25.052,1.7486,1.7488,1.00,9.50
2008.09.11 09:29:25.244,1.7486,1.74875,1.00,1.00
2008.09.11 09:29:25.436,1.7486,1.74875,1.00,3.20
2008.09.11 09:29:25.628,1.7486,1.74875,1.00,7.80
2008.09.11 09:29:25.888,1.7486,1.74865,1.00,1.00
2008.09.11 09:29:26.148,1.7485,1.74865,1.00,7.80
2008.09.11 09:29:27.648,1.7485,1.7486,1.00,1.00
2008.09.11 09:29:27.845,1.7484,1.7486,9.90,4.10
2008.09.11 09:29:28.012,1.7484,1.7486,5.90,4.10
2008.09.11 09:29:30.416,1.7484,1.7486,1.60,4.10
2008.09.11 09:29:30.668,1.7484,1.7486,1.60,3.50
2008.09.11 09:29:30.752,1.74845,1.7486,1.00,3.50
2008.09.11 09:29:30.837,1.7485,1.7486,1.00,3.20
2008.09.11 09:29:31.172,1.7485,1.74865,1.60,7.50
2008.09.11 09:29:31.508,1.7485,1.7486,1.60,4.30
2008.09.11 09:29:31.844,1.74855,1.7486,1.00,4.30
2008.09.11 09:29:34.497,1.7487,1.74875,1.00,10.50
2008.09.11 09:29:34.728,1.7486,1.74875,2.70,8.70
2008.09.11 09:29:34.963,1.74865,1.74875,1.00,10.00
2008.09.11 09:29:35.080,1.7487,1.74875,1.00,10.00
2008.09.11 09:29:35.312,1.74855,1.7486,6.00,4.30
2008.09.11 09:29:36.704,1.74865,1.7488,1.00,5.70
2008.09.11 09:29:40.983,1.74865,1.7488,1.00,1.80
2008.09.11 09:29:43.460,1.74855,1.7486,9.90,4.30
2008.09.11 09:29:47.629,1.74855,1.7486,10.20,4.30
2008.09.11 09:29:50.464,1.7487,1.7488,1.00,7.10
2008.09.11 09:29:52.420,1.7486,1.7488,4.80,8.00
2008.09.11 09:29:54.544,1.7487,1.7488,1.00,4.90
2008.09.11 09:29:56.880,1.7486,1.7488,4.80,5.20
2008.09.11 09:30:01.856,1.74855,1.7486,1.10,4.30
2008.09.11 09:30:03.101,1.74855,1.7486,7.10,4.30
2008.09.11 09:30:03.285,1.7487,1.74875,1.00,4.80
2008.09.11 09:30:03.468,1.7486,1.7487,3.70,4.90
2008.09.11 09:30:03.652,1.74855,1.7486,1.10,4.30
2008.09.11 09:30:03.745,1.74855,1.7486,3.20,4.30
2008.09.11 09:30:04.216,1.74855,1.7486,4.00,4.30
2008.09.11 09:30:04.816,1.7485,1.7486,1.60,4.30
2008.09.11 09:30:05.116,1.7485,1.7486,10.20,4.30
2008.09.11 09:30:05.416,1.74855,1.7486,3.20,4.30
2008.09.11 09:30:05.672,1.7486,1.74875,8.10,4.90
2008.09.11 09:30:05.928,1.74855,1.7486,6.90,4.30
2008.09.11 09:30:06.184,1.74855,1.7486,1.10,4.30
2008.09.11 09:30:10.116,1.7485,1.7486,4.80,4.30
2008.09.11 09:30:28.288,1.7485,1.7486,6.70,4.30
2008.09.11 09:30:28.832,1.7485,1.7486,2.10,4.30
2008.09.11 09:30:28.916,1.7485,1.7486,3.20,4.30
2008.09.11 09:30:29.200,1.7486,1.7487,3.70,10.80
2008.09.11 09:30:29.485,1.74855,1.7486,8.30,4.30
2008.09.11 09:30:30.053,1.74855,1.7486,3.60,4.30
2008.09.11 09:30:32.769,1.7486,1.7487,4.30,7.50
2008.09.11 09:30:33.005,1.74855,1.7486,12.60,4.30
2008.09.11 09:30:33.244,1.7486,1.7487,1.60,7.50
2008.09.11 09:30:33.460,1.7487,1.7488,1.00,17.70
2008.09.11 09:30:33.676,1.74855,1.7486,8.80,4.30
2008.09.11 09:30:34.880,1.7486,1.7487,2.70,7.50
2008.09.11 09:30:36.056,1.74855,1.7486,1.80,4.30
2008.09.11 09:30:37.416,1.7485,1.7486,1.60,4.30
2008.09.11 09:30:38.888,1.7485,1.7486,2.70,4.30
2008.09.11 09:30:39.753,1.7485,1.7486,4.30,4.30
2008.09.11 09:30:41.040,1.7485,1.7486,2.70,4.30
2008.09.11 09:30:41.312,1.7485,1.74865,2.70,5.80
2008.09.11 09:30:41.448,1.7485,1.74865,1.00,5.10
2008.09.11 09:30:41.584,1.7485,1.74865,1.00,1.80
2008.09.11 09:30:41.720,1.7485,1.7486,2.70,1.00
2008.09.11 09:30:41.856,1.7485,1.74865,1.00,4.80
2008.09.11 09:30:42.528,1.7485,1.7486,1.00,1.60
2008.09.11 09:30:42.784,1.7484,1.7486,2.10,4.10
2008.09.11 09:30:46.248,1.7484,1.7486,8.10,4.10
2008.09.11 09:30:46.568,1.7484,1.7486,5.90,4.10
2008.09.11 09:30:49.225,1.7484,1.7486,8.10,4.10
2008.09.11 09:30:52.760,1.7484,1.7486,5.90,4.10
2008.09.11 09:30:57.292,1.7484,1.7486,1.60,3.50
2008.09.11 09:30:57.392,1.7484,1.7486,1.60,11.80
2008.09.11 09:30:57.492,1.74845,1.7486,1.00,4.80
2008.09.11 09:30:57.592,1.74845,1.7486,1.00,1.00
2008.09.11 09:30:57.692,1.7485,1.7487,1.00,12.20
2008.09.11 09:30:57.892,1.7485,1.7487,1.00,9.50
2008.09.11 09:30:57.992,1.7485,1.7487,1.00,4.90
2008.09.11 09:30:58.209,1.7485,1.7487,1.60,4.10
2008.09.11 09:30:58.604,1.7485,1.7487,1.60,13.50
2008.09.11 09:30:58.808,1.7485,1.7487,1.60,1.00
2008.09.11 09:31:00.324,1.74855,1.7487,4.30,1.00
2008.09.11 09:31:00.436,1.7486,1.7488,1.00,9.00
2008.09.11 09:31:00.492,1.7486,1.7488,1.00,1.20
2008.09.11 09:31:00.548,1.7486,1.7488,2.70,1.20
2008.09.11 09:31:00.664,1.7486,1.7488,1.60,10.80
2008.09.11 09:31:00.720,1.7486,1.7488,1.60,9.70
2008.09.11 09:31:00.776,1.7486,1.7488,1.60,6.40
2008.09.11 09:31:00.832,1.7486,1.7488,1.60,1.80
2008.09.11 09:31:00.943,1.7486,1.7488,1.60,1.00
2008.09.11 09:31:02.175,1.7486,1.7488,4.80,1.00
2008.09.11 09:31:03.795,1.7486,1.7488,4.80,1.70
2008.09.11 09:31:04.173,1.7486,1.7488,6.70,1.70
2008.09.11 09:31:04.364,1.7486,1.7488,1.60,15.60
2008.09.11 09:31:06.780,1.7486,1.7488,4.80,1.70
2008.09.11 09:31:06.925,1.74855,1.7487,5.40,12.20
2008.09.11 09:31:07.072,1.74855,1.7487,3.20,16.20
2008.09.11 09:31:07.216,1.7486,1.74875,4.80,10.30
2008.09.11 09:31:07.360,1.7486,1.7488,4.80,15.60
2008.09.11 09:31:07.791,1.7486,1.7488,4.80,15.10
2008.09.11 09:31:07.904,1.7486,1.7488,4.80,6.40
2008.09.11 09:31:08.020,1.7486,1.7488,4.80,1.80
2008.09.11 09:31:09.217,1.7486,1.7488,1.60,1.00
2008.09.11 09:31:10.164,1.7486,1.74875,4.80,3.20
2008.09.11 09:31:10.472,1.7486,1.74875,2.70,7.80
2008.09.11 09:31:11.848,1.7486,1.74865,2.70,1.00
2008.09.11 09:31:12.038,1.7486,1.74865,2.10,7.80
2008.09.11 09:31:12.203,1.7486,1.7487,2.10,8.60
2008.09.11 09:31:12.364,1.7485,1.7487,4.30,8.60
2008.09.11 09:31:12.523,1.7485,1.7487,9.70,12.40
2008.09.11 09:31:14.251,1.7485,1.7487,11.80,12.40
2008.09.11 09:31:14.309,1.7485,1.7487,11.80,11.80
2008.09.11 09:31:14.363,1.7485,1.7487,1.60,11.80
2008.09.11 09:31:14.420,1.7485,1.7487,1.60,7.50
2008.09.11 09:31:14.640,1.7486,1.74875,2.70,1.40
2008.09.11 09:31:17.736,1.7486,1.74865,2.10,7.80
2008.09.11 09:31:18.037,1.74845,1.74865,5.50,7.80
2008.09.11 09:31:18.640,1.7485,1.7487,1.00,12.20
2008.09.11 09:31:18.749,1.7485,1.7487,1.00,9.50
2008.09.11 09:31:18.857,1.74855,1.7487,1.00,8.10
2008.09.11 09:31:19.076,1.74865,1.7487,2.70,3.50
2008.09.11 09:31:19.185,1.7487,1.74875,1.00,6.80
2008.09.11 09:31:19.307,1.7488,1.7489,2.70,12.40
2008.09.11 09:31:19.416,1.7488,1.74885,2.10,5.40
2008.09.11 09:31:19.524,1.7487,1.74885,7.80,1.00
2008.09.11 09:31:19.956,1.7487,1.74885,1.00,1.00
2008.09.11 09:31:20.603,1.7487,1.7489,1.00,1.70
2008.09.11 09:31:24.220,1.7487,1.7489,1.00,3.90
2008.09.11 09:31:25.611,1.74865,1.7488,1.00,1.00
2008.09.11 09:31:26.234,1.7487,1.7489,1.00,1.20
2008.09.11 09:31:26.416,1.7487,1.7489,1.60,1.80
2008.09.11 09:31:26.596,1.7487,1.7489,1.60,1.00
2008.09.11 09:31:28.270,1.7487,1.7489,1.60,3.50
2008.09.11 09:31:28.536,1.7487,1.7489,1.60,4.10
2008.09.11 09:31:29.371,1.7487,1.7489,1.60,3.50
2008.09.11 09:31:29.651,1.7488,1.7489,1.00,3.20
2008.09.11 09:31:30.072,1.7488,1.749,1.00,8.90
2008.09.11 09:31:30.212,1.7488,1.74895,5.90,5.40
2008.09.11 09:31:30.372,1.7488,1.74895,8.10,1.00
2008.09.11 09:31:30.532,1.7488,1.749,8.10,3.50
2008.09.11 09:31:31.023,1.7488,1.749,8.10,4.40
2008.09.11 09:31:32.061,1.7488,1.749,8.10,4.90
2008.09.11 09:31:32.264,1.7488,1.74895,4.80,3.20
2008.09.11 09:31:32.460,1.7488,1.7489,2.70,3.20
2008.09.11 09:31:32.656,1.7488,1.7489,1.00,7.50
2008.09.11 09:31:32.865,1.7487,1.7489,1.60,12.40
2008.09.11 09:31:33.060,1.7487,1.7489,9.70,12.40
2008.09.11 09:31:33.452,1.7487,1.7489,1.60,7.50
2008.09.11 09:31:33.607,1.7487,1.7489,1.60,1.00
2008.09.11 09:31:34.927,1.7488,1.74905,1.00,33.20
2008.09.11 09:31:35.076,1.7488,1.749,1.00,9.50
2008.09.11 09:31:35.224,1.7488,1.749,2.70,9.50
2008.09.11 09:31:35.371,1.7488,1.749,2.70,4.90
2008.09.11 09:31:36.216,1.7488,1.7489,2.70,4.80
2008.09.11 09:31:36.392,1.7488,1.7489,1.00,12.10
2008.09.11 09:31:36.743,1.7488,1.7489,2.70,12.10
2008.09.11 09:31:39.952,1.7489,1.74895,1.00,14.50
2008.09.11 09:31:40.059,1.7489,1.74895,1.60,14.50
2008.09.11 09:31:40.167,1.7489,1.74895,2.70,14.50
2008.09.11 09:31:40.304,1.74885,1.7489,3.90,4.40
2008.09.11 09:31:40.440,1.749,1.74905,1.00,3.70
2008.09.11 09:31:40.711,1.7489,1.74905,4.80,4.70
2008.09.11 09:31:40.848,1.7489,1.74905,4.80,1.40
2008.09.11 09:31:41.119,1.7489,1.74905,2.70,1.40
2008.09.11 09:31:44.423,1.749,1.74905,1.00,1.40
2008.09.11 09:31:44.776,1.7489,1.749,4.80,9.40
2008.09.11 09:31:44.903,1.7489,1.749,4.80,12.10
2008.09.11 09:31:45.031,1.7489,1.749,2.70,12.10
2008.09.11 09:31:45.839,1.7489,1.749,2.70,12.40
2008.09.11 09:31:47.460,1.7489,1.74905,2.70,12.40
2008.09.11 09:31:47.682,1.749,1.74905,1.00,5.40
2008.09.11 09:31:47.899,1.749,1.74905,1.00,8.10
2008.09.11 09:31:53.128,1.749,1.7491,1.00,11.30
2008.09.11 09:31:53.392,1.749,1.7491,1.00,4.10
2008.09.11 09:31:59.895,1.7489,1.7491,4.80,4.40
2008.09.11 09:32:00.238,1.7489,1.7491,1.00,5.40
2008.09.11 09:32:00.585,1.7488,1.749,3.20,1.00
2008.09.11 09:32:01.208,1.7488,1.749,5.40,1.20
2008.09.11 09:32:01.416,1.7488,1.749,2.70,1.20
2008.09.11 09:32:01.624,1.7488,1.749,3.70,10.20
2008.09.11 09:32:01.900,1.7488,1.749,3.70,7.80
2008.09.11 09:32:02.175,1.7488,1.749,1.00,7.80
2008.09.11 09:32:02.451,1.7488,1.749,2.70,7.80
2008.09.11 09:32:02.843,1.7488,1.749,1.60,7.80
2008.09.11 09:32:02.951,1.74885,1.749,1.00,7.80
2008.09.11 09:32:03.059,1.7489,1.749,1.00,5.60
2008.09.11 09:32:03.276,1.74895,1.749,2.70,5.60
2008.09.11 09:32:03.384,1.749,1.74905,1.00,8.00
2008.09.11 09:32:03.492,1.749,1.74905,3.70,8.00
2008.09.11 09:32:03.600,1.74905,1.7491,1.00,9.90
2008.09.11 09:32:03.708,1.74895,1.749,18.90,5.40
2008.09.11 09:32:03.988,1.74895,1.749,10.90,5.60
2008.09.11 09:32:04.268,1.74895,1.749,3.40,5.40
2008.09.11 09:32:04.827,1.749,1.7491,4.30,5.80
2008.09.11 09:32:05.068,1.749,1.7491,1.00,5.80
2008.09.11 09:32:05.547,1.74895,1.749,1.00,5.40
2008.09.11 09:32:06.091,1.7489,1.749,4.50,5.40
2008.09.11 09:32:06.396,1.7489,1.749,1.00,5.40
2008.09.11 09:32:07.331,1.7489,1.74905,1.00,6.30
2008.09.11 09:32:07.659,1.7488,1.749,1.60,5.60
2008.09.11 09:32:07.824,1.7488,1.749,1.60,1.20
2008.09.11 09:32:09.075,1.7488,1.749,1.60,18.30
2008.09.11 09:32:09.195,1.7488,1.749,1.60,13.20
2008.09.11 09:32:09.803,1.7488,1.749,1.60,5.60
2008.09.11 09:32:09.866,1.74885,1.749,1.00,5.60
2008.09.11 09:32:09.998,1.74885,1.749,1.00,2.40
2008.09.11 09:32:10.335,1.74895,1.749,1.00,1.00
2008.09.11 09:32:10.612,1.74885,1.749,4.30,1.00
2008.09.11 09:32:11.164,1.74885,1.749,1.00,1.00
2008.09.11 09:32:15.907,1.7489,1.749,1.00,1.00
2008.09.11 09:32:16.327,1.7489,1.749,1.00,1.00
2008.09.11 09:32:16.495,1.7489,1.749,6.30,1.00
2008.09.11 09:32:16.579,1.7489,1.749,4.10,1.00
2008.09.11 09:32:16.880,1.7489,1.749,9.50,1.00
2008.09.11 09:32:17.180,1.74895,1.749,1.00,1.00
2008.09.11 09:32:17.480,1.74895,1.749,3.20,1.00
2008.09.11 09:32:17.780,1.74885,1.749,2.70,2.40
2008.09.11 09:32:17.963,1.7489,1.749,1.00,2.40
2008.09.11 09:32:18.515,1.7489,1.749,1.00,1.00
2008.09.11 09:32:18.699,1.7489,1.749,1.00,2.40
2008.09.11 09:32:19.004,1.749,1.74905,3.20,3.80
2008.09.11 09:32:19.079,1.74895,1.74915,4.30,5.60
2008.09.11 09:32:19.232,1.74895,1.7491,9.70,2.40
2008.09.11 09:32:19.535,1.74895,1.7491,9.70,1.00
2008.09.11 09:32:19.773,1.74895,1.7491,4.30,1.00
2008.09.11 09:32:20.115,1.74895,1.7491,6.40,1.00
2008.09.11 09:32:20.455,1.74895,1.7491,9.70,1.00
2008.09.11 09:32:20.796,1.74905,1.7492,1.00,1.00
2008.09.11 09:32:23.151,1.74905,1.7492,4.30,1.00
2008.09.11 09:32:23.353,1.74905,1.7492,7.00,1.00
2008.09.11 09:32:23.581,1.7491,1.7492,2.70,1.00
2008.09.11 09:32:23.656,1.7491,1.7493,3.20,1.20
2008.09.11 09:32:23.691,1.74915,1.7493,3.20,1.20
2008.09.11 09:32:23.763,1.74915,1.7493,8.60,1.20
2008.09.11 09:32:23.868,1.74915,1.7493,11.80,1.20
2008.09.11 09:32:23.903,1.7492,1.7493,1.00,1.00
2008.09.11 09:32:24.620,1.7494,1.74945,2.10,3.20
2008.09.11 09:32:24.967,1.7494,1.74945,2.10,1.00
2008.09.11 09:32:25.211,1.7493,1.74945,3.70,3.60
2008.09.11 09:32:25.428,1.7493,1.74945,3.70,5.40
2008.09.11 09:32:25.646,1.7493,1.7494,3.20,1.00
2008.09.11 09:32:26.083,1.7492,1.74935,6.20,3.60
2008.09.11 09:32:26.404,1.74915,1.7492,3.20,7.90
2008.09.11 09:32:26.728,1.749,1.7491,1.00,5.20
2008.09.11 09:32:27.065,1.749,1.7491,1.00,12.40
2008.09.11 09:32:27.295,1.749,1.74905,1.00,1.00
2008.09.11 09:32:27.528,1.7489,1.74905,1.60,3.60
2008.09.11 09:32:27.984,1.7489,1.74905,1.60,8.10
2008.09.11 09:32:29.361,1.7489,1.74905,1.00,8.10
2008.09.11 09:32:31.327,1.7488,1.749,1.60,1.20
2008.09.11 09:32:31.775,1.7488,1.749,3.20,1.20
2008.09.11 09:32:32.196,1.74885,1.749,1.00,1.20
2008.09.11 09:32:32.476,1.7489,1.749,1.00,4.40
2008.09.11 09:32:32.732,1.7489,1.749,2.70,8.10
2008.09.11 09:32:32.988,1.7489,1.74905,1.00,8.60
2008.09.11 09:32:33.243,1.7489,1.74905,1.00,8.10
2008.09.11 09:32:35.283,1.7489,1.74905,2.10,8.10
2008.09.11 09:32:35.499,1.7489,1.7491,5.40,9.90
2008.09.11 09:32:35.715,1.7489,1.7491,1.60,5.80
2008.09.11 09:32:35.823,1.7489,1.7491,1.60,1.20
2008.09.11 09:32:38.388,1.74895,1.7491,1.00,1.20
2008.09.11 09:32:38.437,1.74895,1.7491,1.00,11.80
2008.09.11 09:32:38.527,1.74895,1.7491,1.00,4.80
2008.09.11 09:32:38.633,1.74895,1.74905,1.00,1.00
2008.09.11 09:32:38.827,1.74895,1.74905,1.00,3.60
2008.09.11 09:32:38.929,1.7489,1.74905,1.00,3.60
2008.09.11 09:32:39.004,1.7489,1.74905,1.00,8.10
2008.09.11 09:32:40.007,1.7489,1.749,1.00,3.60
2008.09.11 09:32:40.244,1.7489,1.749,1.00,12.40
2008.09.11 09:32:45.075,1.74885,1.749,1.00,1.20
2008.09.11 09:32:45.671,1.7488,1.7489,1.60,1.00
2008.09.11 09:32:45.871,1.7488,1.7489,1.60,7.90
2008.09.11 09:32:46.071,1.7488,1.7489,1.60,12.40
2008.09.11 09:32:46.471,1.7488,1.7489,3.70,12.40
2008.09.11 09:32:47.635,1.7488,1.7489,3.70,9.70
2008.09.11 09:32:47.755,1.74865,1.7487,17.80,1.00
2008.09.11 09:32:47.875,1.74865,1.74875,5.40,9.70
2008.09.11 09:32:47.995,1.74865,1.7487,3.20,9.10
2008.09.11 09:32:48.120,1.74865,1.7487,3.20,4.80
2008.09.11 09:32:48.237,1.74865,1.7487,3.20,1.20
2008.09.11 09:32:48.585,1.74865,1.7487,3.20,7.50
2008.09.11 09:32:48.808,1.7486,1.7487,1.00,1.00
2008.09.11 09:32:49.272,1.7487,1.7488,3.20,1.20
2008.09.11 09:32:49.771,1.7486,1.7488,3.70,1.20
2008.09.11 09:32:51.127,1.7486,1.7488,4.80,1.20
2008.09.11 09:32:52.155,1.7486,1.74865,1.60,1.00
2008.09.11 09:32:52.376,1.74855,1.74865,3.20,8.10
2008.09.11 09:32:52.563,1.7486,1.74865,5.40,8.10
2008.09.11 09:32:59.408,1.7486,1.7487,5.40,8.50
2008.09.11 09:32:59.608,1.7486,1.7487,5.40,5.80
2008.09.11 09:32:59.676,1.7486,1.7487,1.00,4.80
2008.09.11 09:32:59.743,1.7486,1.7487,1.00,11.80
2008.09.11 09:32:59.838,1.7486,1.7487,1.00,7.50
2008.09.11 09:32:59.907,1.7486,1.7487,1.00,4.80
2008.09.11 09:33:00.040,1.7486,1.7487,1.00,1.00
2008.09.11 09:33:00.503,1.7486,1.7488,4.80,1.20
2008.09.11 09:33:03.456,1.7486,1.7487,4.80,1.00
2008.09.11 09:33:03.631,1.7486,1.7487,4.80,7.90
2008.09.11 09:33:03.711,1.74855,1.7487,5.40,1.20
2008.09.11 09:33:03.950,1.74855,1.7487,2.10,11.80
2008.09.11 09:33:04.024,1.7486,1.74875,1.60,12.40
2008.09.11 09:33:04.099,1.7486,1.74875,1.60,9.70
2008.09.11 09:33:04.176,1.7486,1.74875,1.60,5.40
2008.09.11 09:33:04.252,1.7486,1.74875,3.70,8.10
2008.09.11 09:33:06.618,1.7486,1.74875,4.30,8.10
2008.09.11 09:33:09.531,1.7486,1.7487,4.30,1.00
2008.09.11 09:33:09.651,1.74855,1.7487,7.00,1.20
2008.09.11 09:33:09.771,1.7486,1.7487,1.60,1.20
2008.09.11 09:33:13.985,1.7485,1.7487,8.60,1.20
2008.09.11 09:33:14.387,1.7485,1.7487,5.40,1.20
2008.09.11 09:33:14.896,1.7485,1.7487,8.60,1.20
2008.09.11 09:33:19.285,1.7485,1.74865,4.30,1.00
2008.09.11 09:33:19.363,1.7485,1.74865,4.30,3.60
2008.09.11 09:33:19.515,1.7485,1.74865,4.30,8.10
2008.09.11 09:33:19.859,1.7485,1.7487,8.60,5.80
2008.09.11 09:33:20.200,1.7485,1.7487,8.60,1.20
2008.09.11 09:33:20.542,1.7485,1.7487,6.40,1.20
2008.09.11 09:33:21.767,1.7486,1.7487,1.60,1.20
2008.09.11 09:33:22.355,1.7486,1.7487,1.60,11.80
2008.09.11 09:33:22.551,1.7486,1.74875,4.30,3.10
2008.09.11 09:33:22.747,1.7486,1.74875,1.60,3.10
2008.09.11 09:33:23.640,1.7486,1.7487,1.60,2.10
2008.09.11 09:33:23.951,1.7486,1.7487,4.30,11.20
2008.09.11 09:33:24.076,1.7486,1.74865,2.70,1.00
2008.09.11 09:33:24.199,1.74855,1.74865,5.40,3.60
2008.09.11 09:33:24.324,1.74855,1.74865,3.20,3.60
2008.09.11 09:33:24.568,1.7485,1.74865,2.70,3.60
2008.09.11 09:33:24.704,1.7485,1.74865,4.30,1.80
2008.09.11 09:33:25.012,1.7485,1.7486,4.30,9.00
2008.09.11 09:33:25.319,1.7485,1.7486,4.30,13.50
2008.09.11 09:33:25.627,1.7485,1.7486,9.10,4.80
2008.09.11 09:33:25.935,1.7485,1.7486,9.10,1.20
2008.09.11 09:33:26.179,1.74855,1.7486,2.10,1.20
2008.09.11 09:33:27.090,1.74855,1.7486,3.70,1.20
2008.09.11 09:33:27.428,1.74855,1.7486,2.10,1.20
2008.09.11 09:33:27.764,1.7485,1.7486,9.10,1.20
2008.09.11 09:33:28.226,1.7485,1.7486,8.60,4.40
2008.09.11 09:33:28.539,1.7485,1.74865,12.90,1.00
2008.09.11 09:33:28.849,1.7485,1.74865,10.80,3.60
2008.09.11 09:33:29.015,1.7485,1.74865,9.70,8.10
2008.09.11 09:33:29.844,1.7485,1.7486,9.70,1.00
2008.09.11 09:33:30.025,1.7485,1.7486,4.30,1.20
2008.09.11 09:33:30.203,1.7485,1.7486,2.10,1.20
2008.09.11 09:33:30.383,1.7484,1.7486,1.60,1.20
2008.09.11 09:33:32.088,1.7484,1.74855,1.00,3.60
2008.09.11 09:33:32.427,1.7484,1.74855,1.00,8.10
2008.09.11 09:33:35.162,1.7484,1.7486,1.00,8.50
2008.09.11 09:33:35.379,1.7484,1.7486,1.00,5.80
2008.09.11 09:33:35.539,1.7484,1.7486,1.00,1.20
2008.09.11 09:33:42.151,1.7484,1.7486,1.00,18.30
2008.09.11 09:33:42.347,1.7484,1.7486,1.60,15.60
2008.09.11 09:33:42.554,1.7484,1.7486,1.60,13.20
2008.09.11 09:33:47.539,1.7484,1.7486,1.60,1.20
2008.09.11 09:33:48.075,1.7484,1.7486,9.10,2.10
2008.09.11 09:33:48.583,1.7484,1.7486,1.60,1.20
2008.09.11 09:33:53.015,1.74845,1.7486,1.00,4.80
2008.09.11 09:33:53.299,1.74845,1.7486,1.00,2.40
2008.09.11 09:33:53.443,1.74845,1.7486,6.40,2.40
2008.09.11 09:33:55.835,1.7485,1.7486,1.00,2.40
2008.09.11 09:33:56.055,1.7485,1.7486,1.60,2.10
2008.09.11 09:33:58.816,1.7485,1.7486,1.00,2.40
2008.09.11 09:34:14.551,1.74845,1.7486,1.00,2.40
2008.09.11 09:34:14.780,1.7484,1.7486,1.60,2.40
2008.09.11 09:34:15.236,1.7484,1.7486,1.60,3.50
2008.09.11 09:34:16.019,1.7484,1.7486,1.60,2.40
2008.09.11 09:34:16.391,1.74845,1.7486,1.00,2.40
2008.09.11 09:34:16.951,1.7484,1.7486,1.60,2.40
2008.09.11 09:34:18.024,1.7484,1.7486,3.70,2.40
2008.09.11 09:34:20.761,1.7485,1.7486,1.60,2.40
2008.09.11 09:34:21.155,1.7485,1.7486,3.70,2.40
2008.09.11 09:34:22.747,1.7485,1.7486,3.70,1.20
2008.09.11 09:34:26.200,1.7485,1.7486,3.70,7.50
2008.09.11 09:34:26.368,1.7485,1.7486,3.70,4.80
2008.09.11 09:34:26.535,1.7485,1.7486,3.70,2.40
2008.09.11 09:34:28.157,1.7484,1.7486,1.60,1.20
2008.09.11 09:34:28.223,1.7484,1.7486,1.00,2.10
2008.09.11 09:34:33.872,1.7484,1.7486,1.00,1.20
2008.09.11 09:34:34.091,1.7485,1.7486,5.40,11.80
2008.09.11 09:34:34.311,1.7485,1.7486,5.40,2.40
2008.09.11 09:34:39.098,1.7485,1.7486,1.00,2.40
2008.09.11 09:34:40.139,1.74845,1.7486,11.80,2.40
2008.09.11 09:34:40.459,1.74845,1.7486,8.60,2.40
2008.09.11 09:34:44.048,1.74845,1.7485,8.60,1.00
2008.09.11 09:34:44.131,1.74845,1.7485,11.70,1.00
2008.09.11 09:34:44.232,1.74845,1.7485,11.70,1.20
2008.09.11 09:34:44.331,1.7485,1.74855,2.10,13.70
2008.09.11 09:34:44.431,1.7483,1.74845,7.60,1.00
2008.09.11 09:34:44.531,1.7483,1.74845,1.60,3.60
2008.09.11 09:34:44.631,1.7483,1.7485,1.60,4.80
2008.09.11 09:34:44.731,1.7483,1.7485,1.60,8.50
2008.09.11 09:34:44.831,1.7483,1.74845,1.60,3.20
2008.09.11 09:34:45.479,1.7483,1.74845,1.60,3.60
2008.09.11 09:34:45.818,1.7483,1.74845,1.60,8.10
2008.09.11 09:34:46.159,1.7482,1.7483,1.00,1.00
2008.09.11 09:34:50.588,1.7482,1.7484,1.60,9.10
2008.09.11 09:34:50.823,1.7482,1.7484,1.60,6.70
2008.09.11 09:34:51.523,1.7482,1.7484,1.60,1.20
2008.09.11 09:34:51.763,1.7482,1.7483,1.00,1.00
2008.09.11 09:34:56.793,1.74825,1.7484,1.00,13.50
2008.09.11 09:34:57.002,1.74825,1.7484,1.00,8.90
2008.09.11 09:34:57.207,1.7483,1.7484,1.00,8.60
2008.09.11 09:34:57.423,1.7483,1.7484,3.70,8.60
2008.09.11 09:34:57.632,1.7483,1.7484,2.70,8.60
2008.09.11 09:34:59.853,1.7483,1.7484,4.30,8.60
2008.09.11 09:35:00.189,1.7483,1.7484,2.10,8.60
2008.09.11 09:35:00.516,1.7483,1.7484,1.00,8.60
2008.09.11 09:35:02.679,1.7483,1.7484,1.00,9.40
2008.09.11 09:35:02.975,1.7482,1.7484,6.20,1.20
2008.09.11 09:35:03.199,1.7482,1.7484,2.10,1.20
2008.09.11 09:35:03.643,1.7482,1.7484,2.10,2.10
2008.09.11 09:35:04.374,1.7482,1.7484,1.60,1.20
2008.09.11 09:35:04.619,1.7482,1.74835,1.60,3.60
2008.09.11 09:35:04.863,1.7482,1.74835,2.10,8.10
2008.09.11 09:35:05.299,1.7482,1.74835,2.10,4.10
2008.09.11 09:35:06.867,1.7482,1.74835,2.10,8.10
2008.09.11 09:35:07.087,1.7482,1.7484,2.10,5.80
2008.09.11 09:35:07.307,1.7482,1.7484,2.10,1.20
2008.09.11 09:35:07.674,1.7482,1.7484,2.10,4.40
2008.09.11 09:35:07.824,1.7482,1.7484,2.10,5.40
2008.09.11 09:35:09.256,1.7482,1.74835,2.10,3.20
2008.09.11 09:35:10.994,1.7482,1.74835,2.10,4.10
2008.09.11 09:35:11.191,1.74815,1.7483,2.70,1.00
2008.09.11 09:35:21.223,1.74815,1.7483,1.00,1.00
2008.09.11 09:35:25.619,1.7482,1.7484,5.40,12.60
2008.09.11 09:35:25.788,1.7482,1.74835,5.40,3.60
2008.09.11 09:35:25.955,1.7482,1.74835,4.30,8.10
2008.09.11 09:35:26.123,1.74815,1.7483,2.70,1.00
2008.09.11 09:35:27.506,1.74815,1.7483,2.70,1.20
2008.09.11 09:35:27.655,1.7481,1.7483,3.20,1.20
2008.09.11 09:35:36.697,1.74815,1.7483,1.00,11.80
2008.09.11 09:35:36.879,1.74815,1.7483,1.00,4.80
2008.09.11 09:35:37.058,1.74815,1.7483,1.00,1.00
2008.09.11 09:35:38.463,1.7481,1.74825,1.60,3.60
2008.09.11 09:35:38.743,1.7481,1.7482,1.00,1.00
2008.09.11 09:35:38.926,1.74805,1.7482,9.10,1.00
2008.09.11 09:35:39.159,1.74805,1.7482,5.90,1.00
2008.09.11 09:35:40.824,1.74805,1.7482,4.30,3.50
2008.09.11 09:35:40.947,1.748,1.74815,2.70,1.00
2008.09.11 09:35:41.072,1.74795,1.7481,8.30,1.00
2008.09.11 09:35:41.196,1.748,1.7482,7.80,7.10
2008.09.11 09:35:41.319,1.748,1.7482,1.60,9.00
2008.09.11 09:35:41.442,1.748,1.7482,1.60,1.20
2008.09.11 09:35:41.686,1.748,1.7482,1.60,11.80
2008.09.11 09:35:41.811,1.748,1.7482,1.60,4.80
2008.09.11 09:35:42.015,1.748,1.7482,1.60,2.40
2008.09.11 09:35:42.595,1.748,1.7482,1.60,1.20
2008.09.11 09:35:42.799,1.74795,1.7481,3.20,1.00
2008.09.11 09:35:42.983,1.748,1.7482,1.60,3.50
2008.09.11 09:35:43.356,1.748,1.7482,1.60,2.40
2008.09.11 09:35:48.379,1.748,1.7482,1.60,1.00
2008.09.11 09:35:48.787,1.7481,1.7482,1.00,1.00
2008.09.11 09:36:00.487,1.7481,1.7483,1.60,3.50
2008.09.11 09:36:00.731,1.7481,1.7483,3.70,3.50
2008.09.11 09:36:00.976,1.7481,1.7483,3.70,7.80
2008.09.11 09:36:07.338,1.7481,1.7483,5.90,7.80
2008.09.11 09:36:11.790,1.7481,1.7483,3.70,7.80
2008.09.11 09:36:14.493,1.7481,1.7483,1.60,7.80
2008.09.11 09:36:14.626,1.7481,1.7483,1.60,5.60
2008.09.11 09:36:20.538,1.7481,1.7483,3.70,1.20
2008.09.11 09:36:32.458,1.7481,1.7483,3.20,1.20
2008.09.11 09:36:32.751,1.7481,1.7482,2.10,7.10
2008.09.11 09:36:33.040,1.74795,1.7481,1.00,1.00
2008.09.11 09:36:33.328,1.7479,1.7481,4.80,1.00
2008.09.11 09:36:33.615,1.74795,1.7481,1.00,2.40
2008.09.11 09:36:35.654,1.7479,1.7481,1.60,1.20
2008.09.11 09:36:35.798,1.7479,1.7481,1.60,14.00
2008.09.11 09:36:35.943,1.7479,1.7481,1.60,7.50
2008.09.11 09:36:36.086,1.7479,1.7481,1.60,4.80
2008.09.11 09:36:36.230,1.7479,1.7481,3.20,2.40
2008.09.11 09:36:37.016,1.74795,1.748,1.60,1.00
2008.09.11 09:36:37.928,1.7479,1.748,2.70,1.00
2008.09.11 09:36:38.166,1.7479,1.7481,3.20,8.10
2008.09.11 09:36:38.406,1.7479,1.7481,2.10,5.60
2008.09.11 09:36:38.646,1.7479,1.748,2.10,1.00
2008.09.11 09:36:38.887,1.74785,1.7479,3.20,1.00
2008.09.11 09:36:39.041,1.7479,1.748,1.00,3.20
2008.09.11 09:36:39.183,1.7479,1.748,2.70,3.20
2008.09.11 09:36:39.590,1.7479,1.7481,2.70,4.40
2008.09.11 09:36:39.730,1.7479,1.7481,4.80,4.40
2008.09.11 09:36:39.872,1.7479,1.7481,4.80,5.40
2008.09.11 09:36:40.151,1.7479,1.74805,2.70,1.00
2008.09.11 09:36:40.430,1.7479,1.7481,1.00,2.10
2008.09.11 09:36:40.987,1.74785,1.748,3.20,1.00
2008.09.11 09:36:41.303,1.74785,1.748,3.20,2.40
2008.09.11 09:36:41.412,1.7478,1.748,3.70,2.40
2008.09.11 09:36:41.519,1.7478,1.748,1.60,2.40
2008.09.11 09:36:43.174,1.7478,1.748,1.60,4.50
2008.09.11 09:36:45.758,1.7478,1.748,9.80,1.20
2008.09.11 09:36:46.416,1.7478,1.748,9.70,1.20
2008.09.11 09:36:46.626,1.7478,1.748,7.50,1.20
2008.09.11 09:36:46.858,1.7478,1.748,7.60,1.20
2008.09.11 09:36:47.918,1.7478,1.748,7.50,1.20
2008.09.11 09:36:48.086,1.7478,1.748,7.60,1.20
2008.09.11 09:36:48.565,1.7478,1.748,1.60,4.50
2008.09.11 09:36:48.851,1.7478,1.748,1.60,2.40
2008.09.11 09:36:49.138,1.7478,1.748,11.60,1.20
2008.09.11 09:36:49.426,1.7478,1.748,7.50,1.20
2008.09.11 09:36:49.670,1.7478,1.748,7.50,2.40
2008.09.11 09:36:51.110,1.7478,1.748,7.50,4.50
2008.09.11 09:36:51.646,1.7478,1.748,7.50,1.20
2008.09.11 09:36:52.201,1.7478,1.748,9.70,1.20
2008.09.11 09:36:52.954,1.7478,1.748,7.50,1.20
2008.09.11 09:36:53.874,1.7478,1.748,5.90,1.20
2008.09.11 09:36:54.490,1.7478,1.748,1.60,2.40
2008.09.11 09:36:55.887,1.7478,1.748,1.60,1.00
2008.09.11 09:36:56.963,1.7478,1.7479,1.00,1.00
2008.09.11 09:36:57.302,1.74775,1.7479,6.40,1.00
2008.09.11 09:36:57.643,1.74775,1.7479,4.30,2.40
2008.09.11 09:36:57.983,1.74775,1.7479,1.00,2.40
2008.09.11 09:36:58.718,1.7477,1.74775,8.10,1.00
2008.09.11 09:36:58.967,1.74765,1.7477,1.00,1.00
2008.09.11 09:36:59.063,1.74765,1.7477,1.00,2.10
2008.09.11 09:36:59.251,1.74765,1.7478,1.00,1.00
2008.09.11 09:36:59.668,1.7476,1.7478,4.80,1.00
2008.09.11 09:36:59.854,1.7476,1.7478,1.60,1.00
2008.09.11 09:37:00.631,1.7476,1.7477,1.00,1.00
2008.09.11 09:37:00.927,1.7475,1.7477,4.80,1.00
2008.09.11 09:37:01.223,1.7475,1.7477,4.80,2.40
2008.09.11 09:37:01.422,1.7475,1.7477,1.60,2.40
2008.09.11 09:37:03.031,1.7475,1.74765,5.40,1.00
2008.09.11 09:37:03.306,1.7475,1.74765,5.40,8.10
2008.09.11 09:37:03.543,1.7475,1.74765,2.10,8.10
2008.09.11 09:37:03.779,1.7475,1.7476,1.00,2.10
2008.09.11 09:37:04.015,1.7475,1.74765,1.00,8.10
2008.09.11 09:37:07.264,1.7475,1.7477,1.00,6.70
2008.09.11 09:37:07.470,1.7475,1.7477,1.00,2.10
2008.09.11 09:37:07.738,1.7475,1.7477,1.60,22.60
2008.09.11 09:37:08.006,1.7475,1.7477,1.60,9.40
2008.09.11 09:37:09.113,1.7475,1.7477,1.60,7.80
2008.09.11 09:37:09.283,1.7475,1.7477,1.60,5.60
2008.09.11 09:37:10.458,1.74755,1.7477,1.00,5.60
2008.09.11 09:37:10.678,1.74755,1.7477,1.00,1.00
2008.09.11 09:37:10.981,1.7475,1.7477,1.60,1.00
2008.09.11 09:37:14.995,1.7475,1.7477,1.60,2.40
2008.09.11 09:37:15.444,1.7475,1.7477,4.80,5.60
2008.09.11 09:37:15.754,1.7475,1.7477,2.70,7.80
2008.09.11 09:37:16.630,1.7475,1.7477,2.70,7.80
2008.09.11 09:37:18.018,1.7475,1.7477,2.70,5.60
2008.09.11 09:37:18.327,1.7475,1.7477,2.70,1.20
2008.09.11 09:37:18.499,1.7475,1.7477,1.00,2.10
2008.09.11 09:37:20.078,1.7475,1.74765,1.00,3.60
2008.09.11 09:37:20.386,1.7475,1.74765,1.00,8.10
2008.09.11 09:37:21.502,1.7475,1.7477,1.00,9.30
2008.09.11 09:37:21.658,1.7475,1.7477,1.00,2.10
2008.09.11 09:37:21.682,1.7475,1.7477,1.00,1.20
2008.09.11 09:37:21.990,1.7475,1.7477,2.70,1.20
2008.09.11 09:37:22.102,1.7475,1.7477,2.70,9.40
2008.09.11 09:37:22.206,1.7475,1.7477,2.70,7.80
2008.09.11 09:37:22.510,1.7475,1.7477,2.70,5.60
2008.09.11 09:37:23.418,1.7475,1.7477,1.60,4.00
2008.09.11 09:37:23.694,1.7475,1.7477,1.60,1.80
2008.09.11 09:37:23.735,1.7475,1.7477,1.60,1.00
2008.09.11 09:37:25.270,1.7475,1.7477,4.30,1.00
2008.09.11 09:37:25.439,1.7476,1.7478,1.00,8.90
2008.09.11 09:37:25.606,1.7476,1.7478,2.70,4.40
2008.09.11 09:37:25.882,1.7476,1.7478,2.70,1.20
2008.09.11 09:37:27.238,1.7476,1.7478,2.70,5.60
2008.09.11 09:37:27.766,1.74765,1.7478,2.70,5.60
2008.09.11 09:37:28.030,1.7477,1.74785,14.30,3.20
2008.09.11 09:37:28.258,1.7477,1.74785,4.50,5.10
2008.09.11 09:37:28.486,1.7477,1.74785,1.00,5.10
2008.09.11 09:37:28.938,1.7476,1.7478,1.60,1.00
2008.09.11 09:37:29.310,1.7476,1.7478,4.80,1.00
2008.09.11 09:37:29.831,1.7476,1.7478,1.60,1.00
2008.09.11 09:37:30.579,1.7476,1.7478,2.70,5.60
2008.09.11 09:37:31.866,1.7476,1.7478,2.70,1.20
2008.09.11 09:37:33.533,1.7476,1.74765,2.70,2.70
2008.09.11 09:37:33.719,1.7476,1.74765,2.10,2.90
2008.09.11 09:37:33.903,1.7475,1.7476,3.20,2.40
2008.09.11 09:37:34.266,1.7474,1.7476,1.60,2.40
2008.09.11 09:37:35.475,1.7474,1.7476,1.60,1.20
2008.09.11 09:37:35.862,1.7474,1.7476,7.50,2.10
2008.09.11 09:37:36.058,1.74735,1.7475,8.10,1.00
2008.09.11 09:37:37.086,1.7473,1.7475,12.40,1.00
2008.09.11 09:37:37.652,1.7473,1.7475,12.40,1.00
2008.09.11 09:37:38.326,1.74735,1.7475,3.20,1.00
2008.09.11 09:37:39.028,1.74725,1.7475,17.00,1.20
2008.09.11 09:37:39.265,1.74725,1.7475,15.10,1.20
2008.09.11 09:37:43.410,1.7473,1.7475,3.70,1.20
2008.09.11 09:37:43.514,1.74725,1.7475,14.00,11.70
2008.09.11 09:37:43.718,1.74725,1.7475,14.00,7.40
2008.09.11 09:37:43.822,1.74725,1.7475,11.80,4.70
2008.09.11 09:37:44.126,1.74725,1.7475,11.80,1.00
2008.09.11 09:37:45.451,1.74735,1.74755,1.30,8.10
2008.09.11 09:37:45.599,1.74735,1.74755,7.20,1.00
2008.09.11 09:37:46.335,1.74735,1.7476,17.00,1.20
2008.09.11 09:37:46.622,1.74735,1.7476,15.90,1.20
2008.09.11 09:37:46.906,1.7474,1.7476,3.70,1.20
2008.09.11 09:37:47.051,1.7474,1.7476,3.70,1.00
2008.09.11 09:37:52.106,1.7474,1.7476,5.50,1.00
2008.09.11 09:37:52.971,1.7474,1.7476,8.70,1.20
2008.09.11 09:37:55.163,1.7474,1.74755,8.70,1.00
2008.09.11 09:37:56.995,1.7474,1.74745,2.70,1.80
2008.09.11 09:37:57.228,1.74735,1.7474,1.80,1.80
2008.09.11 09:37:57.494,1.74715,1.74735,9.10,8.10
2008.09.11 09:37:58.026,1.74725,1.74735,4.40,8.10
2008.09.11 09:37:58.294,1.74725,1.74735,5.40,8.10
2008.09.11 09:37:58.534,1.7472,1.74735,3.90,8.10
2008.09.11 09:38:02.150,1.74725,1.7474,3.20,9.30
2008.09.11 09:38:02.230,1.74725,1.7474,3.20,5.80
2008.09.11 09:38:02.310,1.74725,1.7474,3.20,4.70
2008.09.11 09:38:02.738,1.74725,1.7474,3.20,1.00
2008.09.11 09:38:03.078,1.7473,1.7474,3.20,1.00
2008.09.11 09:38:03.754,1.74725,1.74745,8.20,8.10
2008.09.11 09:38:04.459,1.74725,1.74745,9.70,8.10
2008.09.11 09:38:04.722,1.74725,1.7475,10.80,6.60
2008.09.11 09:38:04.831,1.74725,1.7475,13.50,5.60
2008.09.11 09:38:04.938,1.74735,1.74745,1.30,4.40
2008.09.11 09:38:05.051,1.74735,1.74755,4.40,7.50
2008.09.11 09:38:05.158,1.74735,1.74755,4.40,5.40
2008.09.11 09:38:05.266,1.74735,1.74755,4.40,1.00
2008.09.11 09:38:05.386,1.74735,1.74755,6.60,1.00
2008.09.11 09:38:05.490,1.74735,1.74755,10.50,1.00
2008.09.11 09:38:05.918,1.74735,1.7476,11.60,1.20
2008.09.11 09:38:06.563,1.74735,1.74755,14.80,3.60
2008.09.11 09:38:06.622,1.74735,1.74755,9.40,3.60
2008.09.11 09:38:06.794,1.74735,1.74755,7.60,8.10
2008.09.11 09:38:06.859,1.7474,1.74755,2.10,8.10
2008.09.11 09:38:07.142,1.7474,1.74755,2.10,1.80
2008.09.11 09:38:07.438,1.7474,1.74755,1.00,1.80
2008.09.11 09:38:07.640,1.7474,1.7475,1.00,1.00
2008.09.11 09:38:08.039,1.7474,1.7475,1.00,12.40
2008.09.11 09:38:08.731,1.7474,1.74755,1.00,10.60
2008.09.11 09:38:08.926,1.7474,1.74755,1.00,6.30
2008.09.11 09:38:09.122,1.7474,1.74755,1.00,1.80
2008.09.11 09:38:10.014,1.7474,1.7475,1.00,1.00
2008.09.11 09:38:10.190,1.7473,1.7475,4.30,15.90
2008.09.11 09:38:10.366,1.74725,1.7475,15.60,7.90
2008.09.11 09:38:10.542,1.74725,1.7475,15.10,1.00
2008.09.11 09:38:10.718,1.74725,1.7475,17.20,1.00
2008.09.11 09:38:12.441,1.74725,1.7475,21.00,1.00
2008.09.11 09:38:12.680,1.74735,1.7475,3.20,1.00
2008.09.11 09:38:15.947,1.74735,1.7475,4.80,1.00
2008.09.11 09:38:17.618,1.74735,1.7475,3.20,1.00
2008.09.11 09:38:19.211,1.7475,1.74765,1.00,18.90
2008.09.11 09:38:19.410,1.7475,1.74765,1.00,6.20
2008.09.11 09:38:19.466,1.7475,1.74765,1.00,4.00
2008.09.11 09:38:20.391,1.7475,1.74765,1.00,1.00
2008.09.11 09:38:25.582,1.7475,1.7476,1.00,1.80
2008.09.11 09:38:25.882,1.7474,1.7476,3.70,2.10
2008.09.11 09:38:26.206,1.7474,1.7476,2.10,2.10
2008.09.11 09:38:26.952,1.74735,1.7475,4.80,1.00
2008.09.11 09:38:30.330,1.7473,1.7475,12.40,1.00
2008.09.11 09:38:30.566,1.74735,1.7475,4.80,1.00
2008.09.11 09:38:31.350,1.7474,1.7476,7.50,1.20
2008.09.11 09:38:31.515,1.7474,1.7476,9.70,1.20
2008.09.11 09:38:31.842,1.7474,1.7476,1.60,2.40
2008.09.11 09:38:32.006,1.7474,1.74755,1.60,1.00
2008.09.11 09:38:32.090,1.7474,1.74755,7.50,1.00
2008.09.11 09:38:32.174,1.7474,1.7476,4.30,3.90
2008.09.11 09:38:32.275,1.7474,1.7476,3.70,8.30
2008.09.11 09:38:32.358,1.7474,1.7476,4.80,7.40
2008.09.11 09:38:32.654,1.7474,1.7476,4.80,1.00
2008.09.11 09:38:32.950,1.7475,1.7476,3.20,1.00
2008.09.11 09:38:34.598,1.7475,1.7477,3.70,5.60
2008.09.11 09:38:34.686,1.7475,1.7477,3.70,1.20
2008.09.11 09:38:41.037,1.7475,1.7477,4.80,2.40
2008.09.11 09:38:41.984,1.74755,1.7477,1.00,2.40
2008.09.11 09:38:42.071,1.74755,1.7477,1.00,1.00
2008.09.11 09:38:43.086,1.7475,1.7477,6.40,1.00
2008.09.11 09:38:44.096,1.7476,1.74775,1.00,1.80
2008.09.11 09:38:44.350,1.7476,1.74775,1.00,8.10
2008.09.11 09:38:44.438,1.7476,1.74775,2.20,5.40
2008.09.11 09:38:44.526,1.7476,1.74775,2.20,1.00
2008.09.11 09:38:44.614,1.7476,1.74775,2.20,3.50
2008.09.11 09:38:44.707,1.7475,1.7477,7.80,1.00
2008.09.11 09:38:44.807,1.7475,1.7477,3.70,1.00
2008.09.11 09:38:45.482,1.7475,1.7477,3.70,2.40
2008.09.11 09:38:49.299,1.7475,1.7477,3.70,1.20
2008.09.11 09:38:49.840,1.7475,1.7477,3.70,6.80
2008.09.11 09:38:50.302,1.7475,1.7477,4.80,6.80
2008.09.11 09:38:50.400,1.7475,1.7477,4.80,4.70
2008.09.11 09:38:50.625,1.7476,1.7478,1.00,4.40
2008.09.11 09:38:50.850,1.7476,1.7478,2.70,4.40
2008.09.11 09:38:51.070,1.7476,1.7478,4.80,1.20
2008.09.11 09:38:54.226,1.7477,1.7478,1.00,4.00
2008.09.11 09:38:54.414,1.7477,1.74775,1.00,1.00
2008.09.11 09:38:54.602,1.7476,1.74775,6.70,1.00
2008.09.11 09:38:54.750,1.7476,1.74775,4.80,1.00
2008.09.11 09:39:00.194,1.7476,1.74775,6.70,1.00
2008.09.11 09:39:01.669,1.7476,1.7477,6.70,1.00
2008.09.11 09:39:01.798,1.7476,1.7477,4.30,2.10
2008.09.11 09:39:01.926,1.74755,1.7477,10.80,1.20
2008.09.11 09:39:02.127,1.7477,1.7478,1.00,8.40
2008.09.11 09:39:02.326,1.7476,1.7477,6.20,2.10
2008.09.11 09:39:02.527,1.7474,1.7476,8.60,1.00
2008.09.11 09:39:02.728,1.7475,1.7477,1.00,4.80
2008.09.11 09:39:02.928,1.7475,1.7476,1.00,1.00
2008.09.11 09:39:03.275,1.7474,1.7475,3.20,6.20
2008.09.11 09:39:03.616,1.74735,1.7475,3.20,10.10
2008.09.11 09:39:03.954,1.74725,1.7475,10.80,10.10
2008.09.11 09:39:04.978,1.74725,1.7475,10.80,6.80
2008.09.11 09:39:05.222,1.74725,1.74745,10.80,3.60
2008.09.11 09:39:05.706,1.74725,1.74745,10.80,8.10
2008.09.11 09:39:07.092,1.74725,1.74745,7.00,8.10
2008.09.11 09:39:09.862,1.7473,1.7475,3.70,8.50
2008.09.11 09:39:09.990,1.74725,1.7475,7.00,5.80
2008.09.11 09:39:10.118,1.74725,1.74745,7.00,5.40
2008.09.11 09:39:10.246,1.74725,1.74745,9.10,3.60
2008.09.11 09:39:10.542,1.74725,1.74745,9.10,8.10
2008.09.11 09:39:11.244,1.74725,1.7475,14.50,5.80
2008.09.11 09:39:11.419,1.74725,1.74745,14.50,5.40
2008.09.11 09:39:11.478,1.74725,1.74745,14.50,8.10
2008.09.11 09:39:11.538,1.74725,1.74745,14.50,3.60
2008.09.11 09:39:11.712,1.74725,1.7475,12.90,1.20
2008.09.11 09:39:11.770,1.74725,1.7475,10.80,5.80
2008.09.11 09:39:11.830,1.74725,1.7475,10.80,6.60
2008.09.11 09:39:12.098,1.74725,1.7475,9.10,6.60
2008.09.11 09:39:12.856,1.74725,1.74745,9.10,5.40
2008.09.11 09:39:13.174,1.74725,1.74745,9.10,8.10
2008.09.11 09:39:13.934,1.74725,1.7474,6.60,1.00
2008.09.11 09:39:14.158,1.7473,1.7474,1.00,1.80
2008.09.11 09:39:14.382,1.7472,1.7473,1.00,1.00
2008.09.11 09:39:14.607,1.7471,1.7472,7.20,1.00
2008.09.11 09:39:14.731,1.7471,1.7472,3.20,1.00
2008.09.11 09:39:14.974,1.747,1.7472,8.50,1.00
2008.09.11 09:39:15.101,1.7471,1.74725,1.00,1.80
2008.09.11 09:39:15.462,1.7471,1.7472,1.00,1.00
2008.09.11 09:39:15.803,1.747,1.7472,2.10,1.20
2008.09.11 09:39:16.139,1.747,1.74715,1.00,1.00
2008.09.11 09:39:16.486,1.747,1.74715,1.00,3.60
2008.09.11 09:39:16.755,1.747,1.74715,1.00,8.10
2008.09.11 09:39:17.037,1.747,1.7472,2.70,8.30
2008.09.11 09:39:17.302,1.747,1.7472,2.70,1.20
2008.09.11 09:39:17.574,1.747,1.7472,2.70,2.10
2008.09.11 09:39:17.822,1.747,1.7472,2.70,1.20
2008.09.11 09:39:18.071,1.747,1.7472,2.80,1.20
2008.09.11 09:39:18.324,1.7471,1.74725,1.00,8.10
2008.09.11 09:39:18.570,1.7471,1.74725,1.00,1.80
2008.09.11 09:39:19.398,1.7471,1.74715,1.00,1.00
2008.09.11 09:39:19.619,1.747,1.74715,3.60,3.60
2008.09.11 09:39:19.769,1.747,1.74715,3.60,8.10
2008.09.11 09:39:19.841,1.747,1.7471,3.60,1.00
2008.09.11 09:39:19.974,1.747,1.7471,3.10,1.20
2008.09.11 09:39:20.106,1.747,1.7471,3.10,3.50
2008.09.11 09:39:20.174,1.747,1.74715,1.00,6.80
2008.09.11 09:39:20.242,1.747,1.74715,1.00,8.10
2008.09.11 09:39:20.310,1.747,1.74715,1.00,5.40
2008.09.11 09:39:20.387,1.747,1.74715,1.00,8.10
2008.09.11 09:39:20.454,1.747,1.74715,1.60,8.10
2008.09.11 09:39:20.842,1.747,1.74715,3.60,8.10
2008.09.11 09:39:23.318,1.747,1.7472,3.60,8.50
2008.09.11 09:39:23.658,1.747,1.7472,3.60,1.20
2008.09.11 09:39:24.215,1.747,1.74715,3.60,1.00
2008.09.11 09:39:24.403,1.747,1.74715,1.00,3.60
2008.09.11 09:39:24.590,1.747,1.74715,1.00,1.80
2008.09.11 09:39:24.785,1.747,1.7471,1.00,6.80
2008.09.11 09:39:25.022,1.747,1.74715,1.00,4.10
2008.09.11 09:39:25.142,1.747,1.74715,1.00,8.60
2008.09.11 09:39:25.383,1.747,1.74715,1.00,4.10
2008.09.11 09:39:26.391,1.747,1.7471,1.00,3.20
2008.09.11 09:39:27.662,1.747,1.7471,2.10,3.20
2008.09.11 09:39:27.762,1.747,1.74715,2.10,4.10
2008.09.11 09:39:27.962,1.747,1.7471,2.10,3.20
2008.09.11 09:39:28.787,1.747,1.7471,3.70,3.20
2008.09.11 09:39:29.130,1.747,1.74715,3.70,4.10
2008.09.11 09:39:31.589,1.747,1.74715,1.00,4.10
2008.09.11 09:39:31.778,1.747,1.74715,1.00,5.10
2008.09.11 09:39:35.114,1.747,1.7471,5.90,3.20
2008.09.11 09:39:35.440,1.747,1.7471,2.70,3.20
2008.09.11 09:39:35.602,1.747,1.7471,5.90,3.20
2008.09.11 09:39:36.310,1.747,1.7471,3.70,3.20
2008.09.11 09:39:37.762,1.747,1.7471,8.10,3.20
2008.09.11 09:39:40.066,1.747,1.7471,5.90,3.20
2008.09.11 09:39:40.354,1.747,1.7471,2.70,3.20
2008.09.11 09:39:40.393,1.747,1.7471,1.00,3.20
2008.09.11 09:39:40.574,1.747,1.7471,1.00,1.00
2008.09.11 09:39:41.151,1.74695,1.747,3.40,4.30
2008.09.11 09:39:41.746,1.7469,1.747,3.70,4.30
2008.09.11 09:39:42.046,1.7469,1.747,4.80,4.30
2008.09.11 09:39:42.278,1.7469,1.747,1.60,4.30
2008.09.11 09:39:42.435,1.7469,1.74705,1.60,5.20
2008.09.11 09:39:48.274,1.7469,1.74705,8.10,8.60
2008.09.11 09:39:48.614,1.7469,1.7471,1.60,4.70
2008.09.11 09:39:48.749,1.7469,1.7471,1.60,2.40
2008.09.11 09:39:49.019,1.7469,1.7471,1.60,1.00
2008.09.11 09:39:49.715,1.7469,1.7471,1.60,1.20
2008.09.11 09:39:49.813,1.7469,1.7471,8.10,2.10
2008.09.11 09:39:50.016,1.7469,1.7471,4.80,2.10
2008.09.11 09:39:50.129,1.7469,1.7471,1.00,2.10
2008.09.11 09:39:50.322,1.7469,1.7471,1.60,11.70
2008.09.11 09:39:50.722,1.7469,1.7471,4.80,1.20
2008.09.11 09:39:51.027,1.7469,1.7471,3.70,4.70
2008.09.11 09:39:51.330,1.7469,1.7471,5.90,1.00
2008.09.11 09:39:52.626,1.747,1.74715,1.00,1.80
2008.09.11 09:39:52.858,1.7471,1.74715,1.00,8.10
2008.09.11 09:39:53.116,1.7471,1.7472,3.70,5.10
2008.09.11 09:39:53.357,1.74705,1.7471,1.10,1.00
2008.09.11 09:39:53.586,1.747,1.7471,1.00,11.30
2008.09.11 09:39:53.914,1.7469,1.74705,4.80,1.00
2008.09.11 09:39:54.242,1.7469,1.74705,1.60,8.10
2008.09.11 09:39:54.570,1.7469,1.74705,2.70,8.10
2008.09.11 09:39:54.994,1.7469,1.7471,8.10,5.80
2008.09.11 09:39:55.138,1.7469,1.7471,5.90,5.80
2008.09.11 09:39:55.281,1.7469,1.7471,5.90,1.20
2008.09.11 09:39:56.173,1.747,1.7471,1.00,11.30
2008.09.11 09:39:57.069,1.747,1.7471,1.00,10.30
2008.09.11 09:39:57.184,1.7471,1.74715,1.00,12.30
2008.09.11 09:39:57.298,1.74705,1.7471,1.10,5.40
2008.09.11 09:39:57.414,1.747,1.7471,3.70,8.60
2008.09.11 09:39:57.530,1.747,1.7471,3.70,6.80
2008.09.11 09:39:57.861,1.747,1.7471,1.00,11.30
2008.09.11 09:39:58.298,1.747,1.7471,1.00,12.40
2008.09.11 09:40:00.538,1.747,1.74715,5.90,5.40
2008.09.11 09:40:00.813,1.747,1.74715,5.90,8.10
2008.09.11 09:40:01.929,1.747,1.7471,5.90,3.60
2008.09.11 09:40:02.098,1.747,1.7471,2.70,7.90
2008.09.11 09:40:02.297,1.747,1.7471,2.70,12.40
2008.09.11 09:40:02.401,1.747,1.7471,1.00,12.40
2008.09.11 09:40:06.381,1.747,1.74715,1.00,13.30
2008.09.11 09:40:06.470,1.747,1.74715,1.00,10.60
2008.09.11 09:40:06.558,1.747,1.74715,1.00,6.30
2008.09.11 09:40:06.645,1.747,1.74715,2.70,6.30
2008.09.11 09:40:06.817,1.747,1.74715,2.70,1.80
2008.09.11 09:40:07.076,1.747,1.74715,2.70,8.10
2008.09.11 09:40:07.210,1.747,1.7471,2.70,1.00
2008.09.11 09:40:07.347,1.747,1.7471,2.70,7.90
2008.09.11 09:40:07.482,1.747,1.7471,1.00,7.90
2008.09.11 09:40:07.619,1.747,1.7471,1.00,12.40
2008.09.11 09:40:08.495,1.747,1.74715,1.00,8.10
2008.09.11 09:40:08.834,1.747,1.74715,2.70,8.10
2008.09.11 09:40:13.374,1.7471,1.7472,1.00,5.40
2008.09.11 09:40:13.713,1.7471,1.7472,1.00,12.40
2008.09.11 09:40:15.470,1.74705,1.7471,1.10,1.00
2008.09.11 09:40:15.766,1.747,1.74715,8.10,3.60
2008.09.11 09:40:16.061,1.747,1.74715,8.10,8.10
2008.09.11 09:40:16.420,1.747,1.74715,1.60,8.10
2008.09.11 09:40:17.242,1.7471,1.74715,1.00,8.10
2008.09.11 09:40:17.390,1.7471,1.74715,3.70,5.40
2008.09.11 09:40:17.526,1.747,1.74715,8.10,3.60
2008.09.11 09:40:17.793,1.747,1.74715,8.10,8.10
2008.09.11 09:40:18.193,1.747,1.74715,1.60,8.10
2008.09.11 09:40:19.496,1.7471,1.7472,3.70,5.40
2008.09.11 09:40:19.774,1.7471,1.7472,3.70,12.40
2008.09.11 09:40:20.459,1.7471,1.7472,3.70,11.30
2008.09.11 09:40:22.454,1.74705,1.7471,4.20,1.00
2008.09.11 09:40:22.594,1.747,1.7471,5.90,5.20
2008.09.11 09:40:22.869,1.747,1.7471,5.90,12.40
2008.09.11 09:40:26.937,1.747,1.74715,5.90,12.40
2008.09.11 09:40:27.051,1.747,1.74715,5.90,5.40
2008.09.11 09:40:27.277,1.747,1.74715,5.90,8.10
2008.09.11 09:40:27.394,1.747,1.7471,5.90,1.00
2008.09.11 09:40:27.510,1.747,1.7471,5.90,2.50
2008.09.11 09:40:27.626,1.747,1.7471,2.10,1.20
2008.09.11 09:40:27.741,1.7469,1.7471,3.70,1.20
2008.09.11 09:40:28.193,1.7469,1.7471,4.80,1.20
2008.09.11 09:40:28.544,1.7469,1.7471,1.60,1.20
2008.09.11 09:40:28.882,1.7469,1.7471,4.80,1.20
2008.09.11 09:40:29.817,1.7469,1.7471,3.70,1.20
2008.09.11 09:40:30.138,1.7469,1.7471,2.70,1.20
2008.09.11 09:40:30.462,1.7469,1.74705,2.70,3.60
2008.09.11 09:40:30.786,1.7469,1.74705,1.00,1.80
2008.09.11 09:40:32.079,1.7469,1.74705,1.00,4.00
2008.09.11 09:40:32.208,1.7469,1.74695,1.00,1.00
2008.09.11 09:40:32.336,1.74685,1.74695,3.20,1.00
2008.09.11 09:40:32.464,1.7468,1.747,3.70,4.80
2008.09.11 09:40:32.592,1.7468,1.747,3.70,8.30
2008.09.11 09:40:32.720,1.7468,1.747,4.80,4.00
2008.09.11 09:40:32.848,1.7468,1.747,3.70,1.20
2008.09.11 09:40:33.310,1.7469,1.747,3.70,1.00
2008.09.11 09:40:33.650,1.74685,1.747,3.20,2.10
2008.09.11 09:40:33.989,1.7468,1.747,8.10,2.10
2008.09.11 09:40:35.949,1.7468,1.747,8.10,3.70
2008.09.11 09:40:36.113,1.7468,1.7469,8.10,1.00
2008.09.11 09:40:36.440,1.74675,1.7469,5.40,1.20
2008.09.11 09:40:36.765,1.7467,1.74685,8.10,1.00
2008.09.11 09:40:37.086,1.7467,1.74685,1.00,8.10
2008.09.11 09:40:37.962,1.7467,1.7469,1.00,9.30
2008.09.11 09:40:38.150,1.7467,1.7469,1.00,6.60
2008.09.11 09:40:38.490,1.7467,1.74685,1.00,4.70
2008.09.11 09:40:38.830,1.7467,1.74685,1.00,2.50
2008.09.11 09:40:39.184,1.7467,1.74685,1.00,4.70
2008.09.11 09:40:39.916,1.7467,1.7468,1.00,3.70
2008.09.11 09:40:40.192,1.7468,1.74685,1.00,5.00
2008.09.11 09:40:40.409,1.7467,1.74685,2.70,1.80
2008.09.11 09:40:40.622,1.7467,1.74685,1.00,1.80
2008.09.11 09:40:41.873,1.7467,1.74685,1.00,7.00
2008.09.11 09:40:42.541,1.7467,1.7468,1.00,1.00
2008.09.11 09:40:42.626,1.74665,1.7468,3.20,1.20
2008.09.11 09:40:43.045,1.7466,1.7468,3.70,1.20
2008.09.11 09:40:43.386,1.7466,1.74675,1.00,8.10
2008.09.11 09:40:43.742,1.7466,1.74675,1.00,9.70
2008.09.11 09:40:44.245,1.7465,1.7467,4.80,1.20
2008.09.11 09:40:44.570,1.7466,1.74675,1.00,10.20
2008.09.11 09:40:44.734,1.7466,1.74675,1.00,7.00
2008.09.11 09:40:44.897,1.7465,1.7467,4.80,4.00
2008.09.11 09:40:45.810,1.74655,1.7467,3.20,7.20
2008.09.11 09:40:45.994,1.7466,1.74675,1.00,6.70
2008.09.11 09:40:46.386,1.74655,1.7467,3.20,1.20
2008.09.11 09:40:46.781,1.7466,1.7467,1.00,14.50
2008.09.11 09:40:46.982,1.7466,1.7467,1.00,15.60
2008.09.11 09:40:47.149,1.7465,1.7467,4.80,1.20
2008.09.11 09:40:47.647,1.7465,1.7467,3.70,1.20
2008.09.11 09:40:48.589,1.7465,1.7467,4.80,1.20
2008.09.11 09:40:49.114,1.7465,1.7467,4.80,2.10
2008.09.11 09:40:49.854,1.7465,1.7467,4.80,5.90
2008.09.11 09:40:50.394,1.7465,1.7467,4.80,2.10
2008.09.11 09:40:51.035,1.7465,1.7467,1.60,1.20
2008.09.11 09:40:51.469,1.7465,1.7467,4.80,1.20
2008.09.11 09:40:51.689,1.7465,1.7467,2.70,1.20
2008.09.11 09:40:53.785,1.7465,1.7467,3.70,1.20
2008.09.11 09:40:54.362,1.7465,1.7467,2.70,1.20
2008.09.11 09:40:54.510,1.7465,1.74665,2.70,1.00
2008.09.11 09:40:54.674,1.7465,1.74665,2.70,3.60
2008.09.11 09:40:54.766,1.7465,1.74665,1.00,3.60
2008.09.11 09:40:54.850,1.7465,1.7466,1.00,5.20
2008.09.11 09:40:54.893,1.74645,1.7466,3.20,1.20
2008.09.11 09:40:54.937,1.7464,1.7466,4.80,1.20
2008.09.11 09:40:55.062,1.7464,1.74655,4.80,1.00
2008.09.11 09:40:55.106,1.7464,1.74655,3.70,1.00
2008.09.11 09:40:55.497,1.74645,1.7465,3.20,1.00
2008.09.11 09:40:55.834,1.7464,1.74645,3.70,1.00
2008.09.11 09:40:56.177,1.74635,1.7464,3.20,1.00
2008.09.11 09:40:56.334,1.74635,1.74645,3.20,8.10
2008.09.11 09:40:56.571,1.74635,1.74645,3.20,1.80
2008.09.11 09:40:56.660,1.74635,1.74645,3.20,9.00
2008.09.11 09:40:56.738,1.74635,1.7464,3.20,12.40
2008.09.11 09:40:56.817,1.7463,1.7464,1.00,11.30
2008.09.11 09:40:56.900,1.7463,1.7464,1.00,1.80
2008.09.11 09:40:57.225,1.7462,1.7464,3.70,4.80
2008.09.11 09:40:57.568,1.7462,1.7464,3.70,9.30
2008.09.11 09:40:57.907,1.7462,1.7463,3.20,7.20
2008.09.11 09:40:58.248,1.7462,1.7463,1.00,3.60
2008.09.11 09:40:58.529,1.74615,1.7462,3.20,1.20
2008.09.11 09:40:58.811,1.74605,1.7461,4.80,1.00
2008.09.11 09:40:59.374,1.74595,1.7461,1.00,2.90
2008.09.11 09:40:59.594,1.7459,1.746,4.30,1.00
2008.09.11 09:41:00.471,1.7459,1.746,4.30,1.20
2008.09.11 09:41:00.676,1.7459,1.746,3.70,8.70
2008.09.11 09:41:00.880,1.7459,1.746,2.70,4.40
2008.09.11 09:41:01.086,1.7459,1.74595,2.70,1.00
2008.09.11 09:41:01.286,1.7459,1.74595,2.10,2.90
2008.09.11 09:41:01.962,1.7459,1.74595,2.10,8.10
2008.09.11 09:41:02.302,1.7458,1.746,3.70,9.30
2008.09.11 09:41:02.417,1.7458,1.746,3.70,6.60
2008.09.11 09:41:02.545,1.7458,1.746,1.00,6.60
2008.09.11 09:41:02.773,1.7458,1.746,1.00,2.10
2008.09.11 09:41:02.889,1.7458,1.746,1.00,1.20
2008.09.11 09:41:03.117,1.7458,1.746,1.00,2.10
2008.09.11 09:41:04.019,1.7458,1.74595,1.00,1.00
2008.09.11 09:41:04.370,1.7457,1.7459,3.70,1.20
2008.09.11 09:41:04.505,1.7457,1.7459,7.50,7.80
2008.09.11 09:41:04.641,1.74575,1.7459,1.00,7.80
2008.09.11 09:41:04.777,1.7457,1.7459,4.80,10.10
2008.09.11 09:41:04.915,1.7457,1.7459,4.80,7.90
2008.09.11 09:41:05.051,1.7457,1.7459,4.80,1.00
2008.09.11 09:41:07.877,1.7459,1.74595,3.20,4.70
2008.09.11 09:41:08.037,1.7459,1.746,3.20,7.20
2008.09.11 09:41:08.197,1.7459,1.74595,3.20,4.40
2008.09.11 09:41:08.357,1.7459,1.74595,3.20,2.10
2008.09.11 09:41:08.518,1.7459,1.746,4.00,1.40
2008.09.11 09:41:08.857,1.74575,1.7459,7.00,1.00
2008.09.11 09:41:09.198,1.7458,1.746,3.70,6.20
2008.09.11 09:41:09.539,1.74575,1.7459,7.00,1.00
2008.09.11 09:41:09.640,1.74575,1.7459,3.70,1.00
2008.09.11 09:41:09.833,1.7458,1.746,1.00,1.20
2008.09.11 09:41:09.933,1.74575,1.7459,3.70,1.00
2008.09.11 09:41:10.417,1.74575,1.7459,7.00,1.00
2008.09.11 09:41:10.517,1.7458,1.746,1.00,1.20
2008.09.11 09:41:10.799,1.74575,1.7459,5.90,1.00
2008.09.11 09:41:11.360,1.74575,1.7459,3.20,1.00
2008.09.11 09:41:11.638,1.74575,1.7459,4.30,1.00
2008.09.11 09:41:12.065,1.74585,1.7459,3.20,1.00
2008.09.11 09:41:12.381,1.7458,1.7459,3.20,1.00
2008.09.11 09:41:13.001,1.7458,1.746,3.70,2.10
2008.09.11 09:41:13.614,1.7458,1.7459,3.20,1.00
2008.09.11 09:41:13.922,1.7459,1.746,2.70,4.70
2008.09.11 09:41:14.130,1.74595,1.746,2.70,4.40
2008.09.11 09:41:14.337,1.74595,1.7461,2.70,1.00
2008.09.11 09:41:14.545,1.74595,1.7461,3.70,1.00
2008.09.11 09:41:14.754,1.74595,1.7461,1.00,1.00
2008.09.11 09:41:14.938,1.7459,1.746,7.20,2.10
2008.09.11 09:41:15.122,1.7459,1.746,7.80,1.80
2008.09.11 09:41:15.306,1.7459,1.74595,3.70,4.40
2008.09.11 09:41:15.490,1.7459,1.74605,1.60,3.20
2008.09.11 09:41:15.673,1.7459,1.74605,8.60,3.50
2008.09.11 09:41:15.857,1.7459,1.746,13.20,1.20
2008.09.11 09:41:16.113,1.7459,1.7461,4.50,4.40
2008.09.11 09:41:16.369,1.7459,1.7461,1.00,4.40
2008.09.11 09:41:16.625,1.7459,1.7461,2.70,4.40
2008.09.11 09:41:16.881,1.7459,1.7461,2.70,1.20
2008.09.11 09:41:17.109,1.7459,1.7461,1.00,1.20
2008.09.11 09:41:18.037,1.7459,1.7461,4.80,3.50
2008.09.11 09:41:18.293,1.74595,1.7461,8.10,1.00
2008.09.11 09:41:18.550,1.746,1.74615,5.90,4.00
2008.09.11 09:41:18.806,1.746,1.74615,5.90,1.00
2008.09.11 09:41:19.753,1.746,1.74615,3.70,1.00
2008.09.11 09:41:20.773,1.746,1.74615,5.90,1.00
2008.09.11 09:41:21.037,1.746,1.7462,5.90,1.20
2008.09.11 09:41:21.473,1.746,1.7462,3.20,1.20
2008.09.11 09:41:21.693,1.746,1.7462,6.40,1.20
2008.09.11 09:41:23.773,1.746,1.7462,6.40,1.00
2008.09.11 09:41:24.114,1.74605,1.7462,3.20,1.00
2008.09.11 09:41:24.417,1.7461,1.74625,1.00,1.00
2008.09.11 09:41:26.006,1.74605,1.7462,3.20,1.00
2008.09.11 09:41:26.444,1.74615,1.7462,2.70,1.00
2008.09.11 09:41:26.666,1.7462,1.74635,1.00,5.40
2008.09.11 09:41:26.900,1.7462,1.74635,1.00,2.90
2008.09.11 09:41:27.341,1.74615,1.7463,3.20,2.10
2008.09.11 09:41:28.162,1.7462,1.7463,1.00,1.80
2008.09.11 09:41:28.417,1.7462,1.7463,1.00,7.50
2008.09.11 09:41:29.754,1.7462,1.74635,1.00,7.50
2008.09.11 09:41:29.901,1.7462,1.74635,1.00,5.40
2008.09.11 09:41:30.049,1.7462,1.74635,1.00,2.90
2008.09.11 09:41:33.221,1.7462,1.74635,1.00,1.00
2008.09.11 09:41:35.085,1.74615,1.7463,3.20,1.00
2008.09.11 09:41:35.193,1.74615,1.7463,5.90,1.00
2008.09.11 09:41:35.304,1.7462,1.74635,1.00,4.00
2008.09.11 09:41:35.818,1.7462,1.74635,1.00,3.20
2008.09.11 09:41:35.973,1.7462,1.7464,1.00,1.20
2008.09.11 09:41:36.797,1.7462,1.7464,1.00,4.40
2008.09.11 09:41:38.990,1.7462,1.74635,1.00,1.00
2008.09.11 09:41:39.203,1.7461,1.7463,4.50,1.20
2008.09.11 09:41:39.401,1.7461,1.7463,1.00,1.20
2008.09.11 09:41:39.601,1.7461,1.7463,1.00,4.40
2008.09.11 09:41:40.413,1.7461,1.7463,3.20,4.40
2008.09.11 09:41:40.621,1.7461,1.7463,4.30,3.50
2008.09.11 09:41:40.829,1.7462,1.7463,1.00,3.20
2008.09.11 09:41:41.458,1.7461,1.7463,7.20,3.50
2008.09.11 09:41:41.773,1.7461,1.7463,1.00,4.40
2008.09.11 09:41:42.569,1.7463,1.74635,1.00,8.80
2008.09.11 09:41:42.754,1.7461,1.7462,1.00,1.00
2008.09.11 09:41:42.920,1.74605,1.7461,4.00,4.50
2008.09.11 09:41:43.200,1.7459,1.7461,1.60,4.50
2008.09.11 09:41:43.483,1.7459,1.7461,1.60,3.50
2008.09.11 09:41:44.374,1.7459,1.746,5.40,1.00
2008.09.11 09:41:44.714,1.7458,1.746,1.00,1.20
2008.09.11 09:41:45.285,1.7459,1.746,1.00,10.80
2008.09.11 09:41:45.638,1.7459,1.746,1.00,7.50
2008.09.11 09:41:45.759,1.74595,1.746,3.70,6.80
2008.09.11 09:41:45.878,1.74595,1.74605,2.70,7.60
2008.09.11 09:41:45.997,1.746,1.7461,2.70,7.00
2008.09.11 09:41:46.337,1.746,1.7462,5.90,1.20
2008.09.11 09:41:46.678,1.746,1.7462,4.50,1.20
2008.09.11 09:41:47.025,1.746,1.7462,1.00,1.20
2008.09.11 09:41:47.790,1.746,1.7461,1.00,1.60
2008.09.11 09:41:48.098,1.7462,1.74625,2.10,9.80
2008.09.11 09:41:49.050,1.7462,1.74625,2.10,4.50
2008.09.11 09:41:49.146,1.7461,1.74615,1.00,6.20
2008.09.11 09:41:49.243,1.7461,1.74615,1.00,8.30
2008.09.11 09:41:49.342,1.746,1.7461,1.00,9.40
2008.09.11 09:41:49.435,1.7461,1.74615,1.00,9.10
2008.09.11 09:41:49.530,1.7461,1.74615,1.00,17.40
2008.09.11 09:41:49.717,1.7459,1.74605,1.00,4.00
2008.09.11 09:41:50.425,1.7461,1.74615,1.00,20.10
2008.09.11 09:41:50.765,1.7457,1.746,13.70,2.10
2008.09.11 09:41:51.105,1.7457,1.74595,1.00,5.40
2008.09.11 09:41:51.295,1.7457,1.74595,1.00,4.00
2008.09.11 09:41:52.002,1.7458,1.7459,1.00,1.00
2008.09.11 09:41:52.184,1.7457,1.7458,2.10,2.40
2008.09.11 09:41:52.339,1.7457,1.7458,2.70,4.50
2008.09.11 09:41:52.494,1.7457,1.7458,2.70,1.00
2008.09.11 09:41:52.649,1.7457,1.74585,3.70,3.20
2008.09.11 09:41:52.805,1.74565,1.7458,10.20,1.00
2008.09.11 09:41:53.129,1.7457,1.7459,3.70,1.20
2008.09.11 09:41:53.421,1.7457,1.7459,1.00,1.20
2008.09.11 09:41:53.722,1.7456,1.7458,7.50,1.00
2008.09.11 09:41:54.018,1.7457,1.74585,1.00,1.00
2008.09.11 09:41:54.314,1.7456,1.7458,4.30,1.00
2008.09.11 09:41:54.461,1.7457,1.7459,1.00,4.40
2008.09.11 09:41:55.198,1.7457,1.7459,1.00,1.20
2008.09.11 09:41:56.009,1.7457,1.7459,4.30,7.80
2008.09.11 09:41:56.165,1.7457,1.7459,4.30,5.60
2008.09.11 09:41:56.445,1.7457,1.7459,4.30,3.50
2008.09.11 09:41:57.277,1.7457,1.7459,3.20,1.20
2008.09.11 09:41:57.529,1.74575,1.7459,3.70,1.00
2008.09.11 09:41:57.701,1.7458,1.746,1.00,4.40
2008.09.11 09:41:58.209,1.7458,1.746,1.00,1.20
2008.09.11 09:41:59.549,1.7458,1.746,3.20,5.60
2008.09.11 09:41:59.973,1.7458,1.746,3.20,3.50
2008.09.11 09:42:00.548,1.7458,1.746,14.80,3.50
2008.09.11 09:42:00.645,1.7458,1.746,14.80,1.20
2008.09.11 09:42:00.745,1.7458,1.746,12.10,1.20
2008.09.11 09:42:00.845,1.7458,1.746,4.30,9.90
2008.09.11 09:42:00.945,1.7458,1.746,3.20,1.20
2008.09.11 09:42:01.045,1.7458,1.7459,9.40,1.30
2008.09.11 09:42:01.141,1.7458,1.7459,6.70,1.00
2008.09.11 09:42:01.242,1.7458,1.746,3.20,4.40
2008.09.11 09:42:01.342,1.7458,1.746,4.30,3.50
2008.09.11 09:42:09.077,1.74585,1.746,2.70,3.50
2008.09.11 09:42:09.325,1.7459,1.7461,1.00,4.40
2008.09.11 09:42:11.678,1.7458,1.746,11.60,1.00
2008.09.11 09:42:11.946,1.7458,1.746,8.30,1.00
2008.09.11 09:42:12.226,1.7458,1.746,4.30,1.00
2008.09.11 09:42:12.493,1.7459,1.74605,1.00,3.20
2008.09.11 09:42:12.634,1.746,1.74605,1.00,3.20
2008.09.11 09:42:12.909,1.746,1.7461,1.00,3.20
2008.09.11 09:42:13.050,1.746,1.7461,1.00,4.00
2008.09.11 09:42:14.152,1.746,1.74615,1.00,4.00
2008.09.11 09:42:14.490,1.746,1.74615,1.00,3.20
2008.09.11 09:42:14.998,1.746,1.74615,4.30,3.20
2008.09.11 09:42:15.505,1.7461,1.74615,1.00,3.20
2008.09.11 09:42:15.789,1.7461,1.7463,1.00,4.40
2008.09.11 09:42:15.933,1.7461,1.7463,2.70,4.40
2008.09.11 09:42:17.150,1.7461,1.74625,1.00,3.20
2008.09.11 09:42:17.666,1.7461,1.74625,3.70,3.20
2008.09.11 09:42:17.979,1.7461,1.74625,5.90,3.20
2008.09.11 09:42:18.126,1.7461,1.74625,5.90,4.00
2008.09.11 09:42:18.285,1.7461,1.74625,2.70,4.00
2008.09.11 09:42:18.578,1.7461,1.74625,3.20,4.00
2008.09.11 09:42:18.653,1.7462,1.74625,1.00,3.20
2008.09.11 09:42:20.337,1.7462,1.74635,1.00,1.00
2008.09.11 09:42:21.026,1.7462,1.7464,1.00,4.40
2008.09.11 09:42:21.989,1.7462,1.74635,1.00,3.20
2008.09.11 09:42:22.229,1.7462,1.74635,2.70,3.20
2008.09.11 09:42:23.308,1.7462,1.7463,2.10,1.00
2008.09.11 09:42:23.513,1.7461,1.7463,3.20,1.00
2008.09.11 09:42:23.716,1.7461,1.7463,3.20,1.20
2008.09.11 09:42:23.981,1.7462,1.7463,2.10,1.20
2008.09.11 09:42:24.245,1.7462,1.7463,2.10,4.40
2008.09.11 09:42:25.134,1.7461,1.7463,4.80,4.40
2008.09.11 09:42:25.212,1.7461,1.7463,2.70,4.40
2008.09.11 09:42:25.366,1.7461,1.7463,3.20,4.40
2008.09.11 09:42:25.445,1.7461,1.74625,3.20,3.20
2008.09.11 09:42:25.761,1.7462,1.74625,2.10,3.20
2008.09.11 09:42:25.841,1.7462,1.7463,2.10,4.40
2008.09.11 09:42:26.298,1.7462,1.74625,2.10,1.00
2008.09.11 09:42:26.619,1.7461,1.74625,2.70,4.00
2008.09.11 09:42:26.778,1.7461,1.74625,2.70,3.20
2008.09.11 09:42:30.685,1.7461,1.74625,2.70,4.00
2008.09.11 09:42:31.011,1.7461,1.74625,1.00,4.00
2008.09.11 09:42:31.358,1.7461,1.74625,2.70,4.00
2008.09.11 09:42:31.562,1.7461,1.74625,1.00,3.20
2008.09.11 09:42:32.165,1.7461,1.7463,1.00,5.60
2008.09.11 09:42:32.817,1.7461,1.7463,2.70,1.20
2008.09.11 09:42:33.706,1.74615,1.7463,3.20,1.20
2008.09.11 09:42:34.033,1.74625,1.7463,2.70,6.80
2008.09.11 09:42:34.357,1.7463,1.74645,2.70,1.00
2008.09.11 09:42:38.381,1.7463,1.74645,2.70,4.00
2008.09.11 09:42:38.686,1.7463,1.7464,2.70,1.00
2008.09.11 09:42:38.929,1.7463,1.7464,1.00,1.00
2008.09.11 09:42:40.373,1.7462,1.74635,3.90,1.00
2008.09.11 09:42:40.617,1.7463,1.74645,1.00,5.40
2008.09.11 09:42:40.872,1.7462,1.7464,4.80,1.00
2008.09.11 09:42:40.997,1.7463,1.74645,1.00,5.10
2008.09.11 09:42:41.125,1.7463,1.74645,1.00,5.40
2008.09.11 09:42:41.253,1.7463,1.74645,1.00,1.00
2008.09.11 09:42:41.965,1.7463,1.74645,1.00,4.00
2008.09.11 09:42:54.580,1.7463,1.7464,1.00,1.00
2008.09.11 09:42:54.662,1.7463,1.7464,1.00,5.10
2008.09.11 09:42:54.745,1.7462,1.7464,3.20,1.20
2008.09.11 09:42:54.829,1.7462,1.7464,4.30,6.70
2008.09.11 09:42:54.910,1.7463,1.74645,1.00,6.20
2008.09.11 09:42:54.993,1.7463,1.74645,1.00,4.00
2008.09.11 09:42:56.758,1.7462,1.7464,4.30,2.40
2008.09.11 09:42:56.980,1.7463,1.7464,1.00,3.20
2008.09.11 09:42:57.197,1.7463,1.74645,1.00,4.00
2008.09.11 09:43:03.982,1.74625,1.7463,1.10,1.00
2008.09.11 09:43:04.321,1.7461,1.7463,3.20,4.40
2008.09.11 09:43:04.661,1.7461,1.7463,4.30,1.00
2008.09.11 09:43:05.169,1.7462,1.74635,1.00,3.20
2008.09.11 09:43:05.257,1.7462,1.7464,1.00,4.40
2008.09.11 09:43:05.345,1.7463,1.7464,1.00,4.00
2008.09.11 09:43:06.017,1.7463,1.7464,1.00,1.00
2008.09.11 09:43:06.202,1.7463,1.74645,1.00,4.00
2008.09.11 09:43:08.753,1.7463,1.7464,1.00,1.00
2008.09.11 09:43:09.385,1.7463,1.7464,1.00,4.00
2008.09.11 09:43:09.485,1.7462,1.74635,7.50,1.00
2008.09.11 09:43:09.585,1.7462,1.7464,7.50,4.40
2008.09.11 09:43:09.681,1.7463,1.7464,1.00,4.00
2008.09.11 09:43:09.784,1.7463,1.74635,1.00,1.00
2008.09.11 09:43:09.881,1.7462,1.74635,16.70,1.00
2008.09.11 09:43:09.981,1.7462,1.74635,14.00,1.00
2008.09.11 09:43:10.081,1.7463,1.74635,1.00,1.00
2008.09.11 09:43:11.341,1.7463,1.7464,1.00,1.00
2008.09.11 09:43:13.285,1.7463,1.74635,1.00,1.00
2008.09.11 09:43:13.441,1.7463,1.7464,1.00,1.80
2008.09.11 09:43:13.657,1.7462,1.7464,5.90,1.20
2008.09.11 09:43:13.873,1.7462,1.7464,5.90,7.00
2008.09.11 09:43:14.089,1.7462,1.74635,2.70,6.20
2008.09.11 09:43:14.305,1.7462,1.74635,1.00,6.20
2008.09.11 09:43:16.482,1.7462,1.74635,3.70,4.00
2008.09.11 09:43:16.926,1.7462,1.74635,3.70,1.00
2008.09.11 09:43:17.265,1.7462,1.7464,5.90,4.40
2008.09.11 09:43:17.601,1.7462,1.7463,5.90,1.00
2008.09.11 09:43:17.796,1.7462,1.7463,2.70,4.00
2008.09.11 09:43:17.992,1.7462,1.7463,1.00,2.90
2008.09.11 09:43:18.198,1.7462,1.7463,1.00,1.00
2008.09.11 09:43:18.393,1.7462,1.74635,1.00,2.90
2008.09.11 09:43:18.589,1.7462,1.74635,1.00,1.00
2008.09.11 09:43:19.285,1.7462,1.74635,1.00,2.90
2008.09.11 09:43:19.541,1.7462,1.7463,1.00,1.00
2008.09.11 09:43:20.101,1.7461,1.7463,1.00,1.20
2008.09.11 09:43:21.821,1.7461,1.7463,1.00,4.40
2008.09.11 09:43:22.633,1.7461,1.7463,1.00,1.20
2008.09.11 09:43:23.007,1.7461,1.7463,1.00,4.70
2008.09.11 09:43:23.254,1.7461,1.7463,1.00,1.00
2008.09.11 09:43:24.805,1.7461,1.7463,1.00,1.20
2008.09.11 09:43:27.173,1.7461,1.7463,1.00,1.00
2008.09.11 09:43:29.353,1.7461,1.7463,1.00,3.50
2008.09.11 09:43:29.893,1.7461,1.7463,1.60,3.50
2008.09.11 09:43:30.069,1.7462,1.7463,1.00,3.20
2008.09.11 09:43:31.013,1.7462,1.74635,1.00,4.00
2008.09.11 09:43:31.349,1.7462,1.74635,1.00,3.20
2008.09.11 09:43:31.637,1.7462,1.7464,1.00,2.10
2008.09.11 09:43:31.781,1.7462,1.74635,1.00,4.00
2008.09.11 09:43:31.925,1.7462,1.74635,1.00,7.20
2008.09.11 09:43:32.213,1.7462,1.74635,1.00,6.30
2008.09.11 09:43:32.370,1.7462,1.7463,1.00,5.40
2008.09.11 09:43:32.629,1.7462,1.7463,1.00,2.10
2008.09.11 09:43:32.885,1.7462,1.7464,1.00,4.40
2008.09.11 09:43:33.141,1.7462,1.7464,1.00,5.40
2008.09.11 09:43:33.397,1.7462,1.7463,1.00,3.60
2008.09.11 09:43:33.655,1.74615,1.7463,1.00,9.40
2008.09.11 09:43:33.849,1.7462,1.74635,1.00,9.80
2008.09.11 09:43:34.041,1.7462,1.74635,2.70,4.00
2008.09.11 09:43:34.233,1.7462,1.74635,2.70,3.20
2008.09.11 09:43:34.425,1.7462,1.74635,1.00,3.20
2008.09.11 09:43:34.701,1.7462,1.74635,2.70,1.00
2008.09.11 09:43:35.253,1.7462,1.74635,1.00,1.00
2008.09.11 09:43:35.529,1.7462,1.74635,1.00,4.00
2008.09.11 09:43:35.688,1.7462,1.74635,1.00,1.00
2008.09.11 09:43:35.768,1.7462,1.7464,1.00,2.10
2008.09.11 09:43:36.818,1.7462,1.74635,1.00,1.00
2008.09.11 09:43:36.924,1.7462,1.74635,1.00,1.80
2008.09.11 09:43:37.133,1.7462,1.74635,1.00,3.60
2008.09.11 09:43:37.185,1.74625,1.7464,2.70,2.90
2008.09.11 09:43:37.238,1.74625,1.7464,2.70,17.60
2008.09.11 09:43:37.289,1.7463,1.74635,1.00,4.40
2008.09.11 09:43:37.393,1.7463,1.7464,2.70,13.90
2008.09.11 09:43:37.445,1.7463,1.7464,2.70,16.60
2008.09.11 09:43:37.497,1.7463,1.7464,2.70,1.80
2008.09.11 09:43:37.693,1.7463,1.74645,1.00,26.40
2008.09.11 09:43:37.889,1.7463,1.74645,1.00,5.40
2008.09.11 09:43:38.085,1.7463,1.74645,1.00,2.40
2008.09.11 09:43:38.283,1.7463,1.74645,1.00,4.00
2008.09.11 09:43:38.483,1.7463,1.7464,1.00,1.80
2008.09.11 09:43:38.758,1.7462,1.7464,1.00,2.10
2008.09.11 09:43:39.050,1.7462,1.74635,1.00,1.80
2008.09.11 09:43:39.744,1.7462,1.7463,1.00,1.00
2008.09.11 09:43:40.033,1.7462,1.7463,1.00,1.80
2008.09.11 09:43:40.465,1.7462,1.7463,1.00,5.10
2008.09.11 09:43:40.753,1.7462,1.7463,1.00,4.00
2008.09.11 09:43:41.037,1.7461,1.7463,1.00,4.40
2008.09.11 09:43:41.328,1.7461,1.7463,1.00,7.00
2008.09.11 09:43:41.613,1.7461,1.74625,1.00,5.40
2008.09.11 09:43:41.901,1.7461,1.74625,1.00,6.20
2008.09.11 09:43:42.229,1.7461,1.74625,1.00,4.00
2008.09.11 09:43:42.408,1.7461,1.74625,1.00,3.20
2008.09.11 09:43:44.153,1.7461,1.74625,2.70,3.20
2008.09.11 09:43:44.741,1.7461,1.7463,2.70,3.50
2008.09.11 09:43:45.273,1.7461,1.7463,3.20,3.50
2008.09.11 09:43:45.413,1.7462,1.7463,1.00,3.20
2008.09.11 09:43:45.833,1.7462,1.74635,1.00,7.20
2008.09.11 09:43:45.973,1.7462,1.74635,1.00,6.40
2008.09.11 09:43:46.505,1.7462,1.7463,1.00,3.20
2008.09.11 09:43:47.277,1.7462,1.74635,1.00,4.00
2008.09.11 09:43:48.639,1.7462,1.7463,1.00,3.20
2008.09.11 09:43:48.837,1.7462,1.7463,2.70,3.20
2008.09.11 09:43:49.229,1.7462,1.7464,4.30,3.50
2008.09.11 09:43:49.453,1.7463,1.7464,1.00,3.20
2008.09.11 09:43:50.112,1.7462,1.7464,3.20,3.50
2008.09.11 09:43:50.244,1.7462,1.7464,3.20,7.80
2008.09.11 09:43:50.593,1.7462,1.7464,4.30,5.60
2008.09.11 09:43:50.714,1.7463,1.74645,1.00,7.20
2008.09.11 09:44:06.702,1.7463,1.7464,1.00,4.00
2008.09.11 09:44:07.205,1.7463,1.7464,1.00,8.30
2008.09.11 09:44:07.279,1.7463,1.7464,1.00,4.00
2008.09.11 09:44:09.159,1.7463,1.74645,1.00,7.20
2008.09.11 09:44:16.632,1.7463,1.74645,1.00,6.40
2008.09.11 09:44:16.691,1.7463,1.74645,2.10,6.40
2008.09.11 09:44:17.417,1.7463,1.74645,1.00,6.40
2008.09.11 09:44:20.169,1.7463,1.74645,1.00,6.40
2008.09.11 09:44:21.011,1.7463,1.74645,3.10,6.40
2008.09.11 09:44:22.860,1.7463,1.74645,3.10,7.20
2008.09.11 09:44:22.960,1.74625,1.7463,4.30,1.00
2008.09.11 09:44:24.589,1.74625,1.7463,6.10,1.00
2008.09.11 09:44:24.908,1.74625,1.7463,3.20,1.00
2008.09.11 09:44:25.068,1.74625,1.7463,1.10,1.00
2008.09.11 09:44:28.889,1.74625,1.7463,1.10,1.00
2008.09.11 09:44:29.512,1.7462,1.7463,5.40,1.00
2008.09.11 09:44:29.777,1.7462,1.7463,3.20,1.00
2008.09.11 09:44:31.041,1.7462,1.7463,1.00,1.00
2008.09.11 09:44:32.730,1.7462,1.7463,1.00,1.00
2008.09.11 09:44:40.401,1.7462,1.7463,1.00,1.00
2008.09.11 09:44:40.480,1.7462,1.74635,1.00,1.20
2008.09.11 09:44:40.940,1.7462,1.74635,1.00,4.40
2008.09.11 09:44:41.045,1.7462,1.74635,1.00,3.60
2008.09.11 09:44:49.497,1.7462,1.74635,1.00,3.20
2008.09.11 09:44:54.865,1.7462,1.7464,1.00,7.90
2008.09.11 09:44:55.016,1.7462,1.7464,1.00,3.50
2008.09.11 09:44:55.321,1.7462,1.7464,1.00,4.40
2008.09.11 09:44:57.537,1.7462,1.7464,1.60,3.50
2008.09.11 09:44:57.902,1.7462,1.7464,1.60,7.20
2008.09.11 09:44:58.084,1.7462,1.7464,4.80,7.20
2008.09.11 09:45:00.708,1.7462,1.7464,4.80,5.60
2008.09.11 09:45:00.768,1.7462,1.7464,4.80,1.20
2008.09.11 09:45:00.948,1.7462,1.7464,2.70,1.20
2008.09.11 09:45:01.074,1.7462,1.7464,1.00,1.20
2008.09.11 09:45:01.268,1.7462,1.7464,1.60,3.50
2008.09.11 09:45:01.844,1.7462,1.7464,1.00,3.50
2008.09.11 09:45:02.037,1.7462,1.7464,2.70,5.60
2008.09.11 09:45:02.692,1.7462,1.7464,4.80,3.50
2008.09.11 09:45:05.489,1.7462,1.7464,1.60,3.50
2008.09.11 09:45:05.625,1.7463,1.74645,1.00,7.20
2008.09.11 09:45:05.759,1.7463,1.74645,1.00,4.00
2008.09.11 09:45:08.530,1.7463,1.74645,1.00,1.00
2008.09.11 09:45:12.082,1.7463,1.7465,1.00,1.20
2008.09.11 09:45:12.197,1.7463,1.7465,2.70,1.20
2008.09.11 09:45:12.314,1.7463,1.7465,4.80,1.20
2008.09.11 09:45:14.985,1.7463,1.7465,3.20,1.20
2008.09.11 09:45:15.195,1.7463,1.7465,4.30,5.60
2008.09.11 09:45:15.292,1.7463,1.7465,1.60,5.60
2008.09.11 09:45:15.485,1.7463,1.7465,6.70,1.20
2008.09.11 09:45:15.580,1.7463,1.7465,4.80,1.20
2008.09.11 09:45:15.964,1.7463,1.7465,2.70,1.20
2008.09.11 09:45:16.385,1.7463,1.7465,1.00,1.20
2008.09.11 09:45:16.712,1.7463,1.7465,1.00,4.40
2008.09.11 09:45:17.038,1.7463,1.7465,3.20,1.20
2008.09.11 09:45:17.360,1.7463,1.7465,19.10,1.20
2008.09.11 09:45:17.460,1.7463,1.7465,4.80,1.20
2008.09.11 09:45:18.072,1.7463,1.7465,4.80,5.60
2008.09.11 09:45:19.225,1.7464,1.7465,1.00,5.40
2008.09.11 09:45:19.416,1.7464,1.7465,1.00,3.20
2008.09.11 09:45:19.609,1.7464,1.7466,1.00,3.50
2008.09.11 09:45:19.800,1.74635,1.7464,1.80,1.00
2008.09.11 09:45:19.993,1.7463,1.74635,6.70,3.20
2008.09.11 09:45:20.185,1.74625,1.74635,1.00,4.10
2008.09.11 09:45:20.347,1.7461,1.74615,7.90,1.00
2008.09.11 09:45:20.518,1.746,1.74615,9.90,3.60
2008.09.11 09:45:20.683,1.746,1.7461,4.00,1.00
2008.09.11 09:45:20.846,1.7458,1.746,4.80,1.00
2008.09.11 09:45:21.171,1.74575,1.7458,4.80,1.00
2008.09.11 09:45:22.063,1.7459,1.74595,1.00,9.80
2008.09.11 09:45:22.361,1.7458,1.74585,1.00,9.80
2008.09.11 09:45:22.626,1.74565,1.74575,2.30,3.20
2008.09.11 09:45:23.705,1.7457,1.7458,1.00,6.20
2008.09.11 09:45:25.108,1.7457,1.7458,1.00,2.00
2008.09.11 09:45:25.349,1.74565,1.7457,1.10,3.20
2008.09.11 09:45:25.721,1.7457,1.74575,1.00,1.00
2008.09.11 09:45:26.092,1.74565,1.7457,1.10,1.00
2008.09.11 09:45:26.217,1.7456,1.7457,1.00,1.00
2008.09.11 09:45:26.748,1.7456,1.74575,1.00,1.00
2008.09.11 09:45:26.955,1.7458,1.74585,3.20,11.00
2008.09.11 09:45:27.161,1.7457,1.7458,4.80,1.20
2008.09.11 09:45:27.372,1.7457,1.7458,4.80,2.10
2008.09.11 09:45:28.046,1.7457,1.7458,2.70,3.20
2008.09.11 09:45:28.384,1.7457,1.7458,4.80,3.20
2008.09.11 09:45:28.640,1.7457,1.74585,4.80,1.00
2008.09.11 09:45:29.408,1.7457,1.74585,2.70,1.00
2008.09.11 09:45:31.274,1.7457,1.74585,2.70,1.80
2008.09.11 09:45:31.452,1.7457,1.7458,2.70,1.80
2008.09.11 09:45:31.605,1.74565,1.7457,4.00,1.00
2008.09.11 09:45:31.759,1.74565,1.7457,1.10,12.20
2008.09.11 09:45:31.885,1.74555,1.7457,3.20,1.20
2008.09.11 09:45:32.304,1.7455,1.7457,1.00,5.40
2008.09.11 09:45:32.922,1.7455,1.74565,1.00,1.80
2008.09.11 09:45:33.267,1.7455,1.74565,1.00,5.10
2008.09.11 09:45:33.607,1.7455,1.74555,1.00,1.80
2008.09.11 09:45:33.892,1.7455,1.74555,1.00,8.90
2008.09.11 09:45:34.172,1.7455,1.74555,1.00,4.90
2008.09.11 09:45:34.452,1.7455,1.74555,1.00,8.60
2008.09.11 09:45:34.737,1.7455,1.74555,1.00,8.50
2008.09.11 09:45:34.893,1.7455,1.74555,1.00,5.10
2008.09.11 09:45:35.047,1.7454,1.74555,1.00,10.30
2008.09.11 09:45:35.201,1.7454,1.74555,1.00,9.50
2008.09.11 09:45:35.354,1.7454,1.7455,1.00,5.20
2008.09.11 09:45:35.508,1.7453,1.7455,3.70,4.30
2008.09.11 09:45:36.116,1.74535,1.74555,3.20,16.30
2008.09.11 09:45:36.421,1.74535,1.74555,3.20,20.60
2008.09.11 09:45:36.729,1.74535,1.74555,3.20,19.50
2008.09.11 09:45:37.048,1.74535,1.74555,3.20,9.80
2008.09.11 09:45:37.368,1.7453,1.74555,3.20,9.80
2008.09.11 09:45:37.528,1.7453,1.74555,3.20,8.20
2008.09.11 09:45:37.848,1.74535,1.7455,3.20,1.20
2008.09.11 09:45:38.150,1.7454,1.7455,2.70,1.20
2008.09.11 09:45:38.453,1.7454,1.7456,1.00,1.20
2008.09.11 09:45:39.561,1.7455,1.7456,2.70,1.20
2008.09.11 09:45:39.825,1.7455,1.7456,4.50,1.00
2008.09.11 09:45:40.118,1.7455,1.7456,1.00,5.40
2008.09.11 09:45:40.414,1.74565,1.7457,2.70,7.50
2008.09.11 09:45:40.722,1.7455,1.74565,15.60,3.20
2008.09.11 09:45:41.017,1.74575,1.7458,3.20,3.50
2008.09.11 09:45:41.409,1.74555,1.7457,17.80,1.00
2008.09.11 09:45:41.997,1.74555,1.7456,11.80,1.00
2008.09.11 09:45:42.130,1.74535,1.7455,12.60,1.00
2008.09.11 09:45:42.503,1.7453,1.7455,2.60,5.20
2008.09.11 09:45:42.629,1.7455,1.74555,2.10,12.90
2008.09.11 09:45:42.753,1.7455,1.74555,2.10,10.90
2008.09.11 09:45:42.876,1.7453,1.74555,1.60,15.20
2008.09.11 09:45:43.000,1.7453,1.74555,1.60,12.90
2008.09.11 09:45:43.336,1.7453,1.7455,2.10,21.30
2008.09.11 09:45:43.675,1.7453,1.7455,3.20,23.70
2008.09.11 09:45:44.013,1.7453,1.74555,3.20,14.30
2008.09.11 09:45:44.238,1.7453,1.74555,7.50,12.00
2008.09.11 09:45:44.466,1.74545,1.74555,2.70,8.30
2008.09.11 09:45:44.693,1.74545,1.74555,2.70,5.40
2008.09.11 09:45:44.917,1.7455,1.7456,3.20,1.20
2008.09.11 09:45:45.405,1.7455,1.7456,3.20,1.00
2008.09.11 09:45:45.669,1.74545,1.7456,2.70,1.00
2008.09.11 09:45:45.932,1.7454,1.7456,7.20,1.20
2008.09.11 09:45:46.197,1.7455,1.7456,2.70,1.20
2008.09.11 09:45:46.493,1.7455,1.7456,4.50,2.90
2008.09.11 09:45:46.788,1.7454,1.7456,2.10,1.20
2008.09.11 09:45:47.085,1.7455,1.74565,7.50,7.50
2008.09.11 09:45:47.177,1.7455,1.74565,7.50,5.40
2008.09.11 09:45:47.268,1.7455,1.7456,4.00,3.50
2008.09.11 09:45:47.452,1.74545,1.7456,9.40,5.60
2008.09.11 09:45:47.546,1.74545,1.7456,2.70,4.50
2008.09.11 09:45:47.636,1.74545,1.7456,2.70,2.40
2008.09.11 09:45:47.742,1.74545,1.7456,2.70,1.00
2008.09.11 09:45:49.701,1.7454,1.7456,14.30,1.00
2008.09.11 09:45:49.813,1.7454,1.7456,11.60,1.00
2008.09.11 09:45:49.925,1.7454,1.7456,7.50,1.00
2008.09.11 09:45:50.886,1.7454,1.7456,4.80,1.00
2008.09.11 09:45:50.953,1.7454,1.7456,1.60,1.00
2008.09.11 09:45:51.509,1.7454,1.7456,9.70,1.00
2008.09.11 09:45:51.679,1.7454,1.7456,3.20,1.00
2008.09.11 09:45:52.856,1.7455,1.7457,1.00,1.30
2008.09.11 09:45:53.528,1.7455,1.74565,1.00,1.00
2008.09.11 09:45:53.937,1.7455,1.7457,1.00,5.80
2008.09.11 09:45:54.140,1.7455,1.7457,1.00,1.30
2008.09.11 09:45:56.852,1.7455,1.74565,1.00,1.00
2008.09.11 09:45:57.892,1.7455,1.74565,2.10,3.20
2008.09.11 09:45:58.164,1.7455,1.74575,2.10,12.10
2008.09.11 09:45:58.436,1.7455,1.7457,2.10,5.50
2008.09.11 09:45:58.709,1.7455,1.7456,3.70,7.80
2008.09.11 09:45:59.045,1.7455,1.74565,4.30,3.20
2008.09.11 09:45:59.381,1.7455,1.74565,4.30,5.40
2008.09.11 09:45:59.717,1.7455,1.74565,7.50,6.40
2008.09.11 09:45:59.809,1.7455,1.74565,4.30,6.40
2008.09.11 09:45:59.900,1.7455,1.7456,2.70,1.00
2008.09.11 09:45:59.992,1.7455,1.7456,1.00,1.00
2008.09.11 09:46:00.176,1.7454,1.7456,6.20,1.30
2008.09.11 09:46:00.268,1.7454,1.7456,7.00,1.30
2008.09.11 09:46:01.696,1.7454,1.7456,3.20,1.30
2008.09.11 09:46:01.911,1.7455,1.7456,1.00,1.00
2008.09.11 09:46:02.073,1.7454,1.7456,7.20,2.40
2008.09.11 09:46:02.233,1.7454,1.74555,4.50,1.00
2008.09.11 09:46:02.392,1.7454,1.7456,3.70,7.10
2008.09.11 09:46:02.552,1.7454,1.7455,3.70,1.00
2008.09.11 09:46:02.712,1.7454,1.7455,1.00,1.00
2008.09.11 09:46:03.384,1.7454,1.74555,1.00,15.50
2008.09.11 09:46:04.057,1.7454,1.74555,1.00,6.70
2008.09.11 09:46:04.333,1.7453,1.74545,8.10,6.60
2008.09.11 09:46:04.588,1.7452,1.74545,1.00,7.10
2008.09.11 09:46:04.844,1.7452,1.7454,1.00,6.80
2008.09.11 09:46:05.389,1.7454,1.74545,2.70,9.20
2008.09.11 09:46:05.661,1.7454,1.74545,3.90,3.20
2008.09.11 09:46:05.932,1.74545,1.7455,2.70,4.40
2008.09.11 09:46:06.049,1.7454,1.74545,5.40,3.20
2008.09.11 09:46:06.168,1.7454,1.7456,4.50,4.50
2008.09.11 09:46:06.284,1.7454,1.7456,1.00,4.50
2008.09.11 09:46:09.457,1.7453,1.74545,7.80,3.60
2008.09.11 09:46:09.732,1.7453,1.74555,1.00,22.40
2008.09.11 09:46:10.400,1.7453,1.7455,1.00,20.20
2008.09.11 09:46:10.596,1.7453,1.7455,1.00,22.90
2008.09.11 09:46:11.805,1.7452,1.74545,1.60,8.30
2008.09.11 09:46:12.516,1.74525,1.74545,1.00,4.70
2008.09.11 09:46:15.772,1.7454,1.74545,2.70,3.50
2008.09.11 09:46:15.963,1.7455,1.7456,1.00,8.70
2008.09.11 09:46:16.129,1.7455,1.7456,1.00,2.00
2008.09.11 09:46:16.299,1.7454,1.74555,1.00,2.00
2008.09.11 09:46:16.484,1.7453,1.74555,5.90,6.70
2008.09.11 09:46:16.852,1.7453,1.74555,5.90,22.40
2008.09.11 09:46:18.776,1.7453,1.74555,5.90,21.40
2008.09.11 09:46:18.928,1.7453,1.74555,1.60,14.40
2008.09.11 09:46:19.384,1.7453,1.74555,1.60,5.80
2008.09.11 09:46:20.728,1.7453,1.7455,4.80,1.00
2008.09.11 09:46:21.606,1.7453,1.7455,3.70,2.20
2008.09.11 09:46:21.907,1.7453,1.7455,1.00,5.50
2008.09.11 09:46:22.011,1.7453,1.7455,1.00,10.10
2008.09.11 09:46:24.114,1.7453,1.74545,1.00,2.00
2008.09.11 09:46:24.442,1.7452,1.74545,1.60,14.80
2008.09.11 09:46:24.768,1.7452,1.74545,1.60,18.00
2008.09.11 09:46:26.568,1.7452,1.74545,1.00,17.00
2008.09.11 09:46:26.652,1.7452,1.74545,1.00,25.10
2008.09.11 09:46:26.736,1.7452,1.74545,1.00,22.40
2008.09.11 09:46:28.522,1.7452,1.74545,1.00,22.90
2008.09.11 09:46:30.227,1.7452,1.7454,1.00,6.00
2008.09.11 09:46:32.948,1.7452,1.74545,1.00,22.40
2008.09.11 09:46:33.744,1.7452,1.74545,1.00,22.40
2008.09.11 09:46:34.345,1.7451,1.7453,1.60,3.50
2008.09.11 09:46:34.681,1.7451,1.7453,1.60,5.50
2008.09.11 09:46:36.457,1.7452,1.7453,1.00,5.40
2008.09.11 09:46:36.592,1.7452,1.7453,1.00,2.10
2008.09.11 09:46:36.866,1.7452,1.74545,1.00,15.10
2008.09.11 09:46:39.677,1.7452,1.7454,1.00,3.30
2008.09.11 09:46:41.005,1.7452,1.7454,1.00,6.80
2008.09.11 09:46:41.412,1.7452,1.7454,1.00,3.30
2008.09.11 09:46:42.151,1.7452,1.7454,1.60,1.00
2008.09.11 09:46:45.190,1.7452,1.7454,3.70,1.00
2008.09.11 09:46:51.448,1.7452,1.7454,1.60,1.00
2008.09.11 09:46:53.940,1.7452,1.7454,1.60,3.30
2008.09.11 09:46:57.532,1.7452,1.7454,1.00,3.30
2008.09.11 09:47:02.664,1.7452,1.7454,1.00,4.30
2008.09.11 09:47:02.841,1.74515,1.7453,1.00,1.00
2008.09.11 09:47:05.664,1.7453,1.74535,1.00,3.20
2008.09.11 09:47:05.892,1.7452,1.74535,6.70,3.20
2008.09.11 09:47:05.968,1.7452,1.7455,2.70,1.20
2008.09.11 09:47:06.044,1.7452,1.7455,2.70,2.10
2008.09.11 09:47:06.129,1.74515,1.7454,3.20,3.30
2008.09.11 09:47:06.205,1.7452,1.7454,2.10,3.30
2008.09.11 09:47:06.290,1.7451,1.7454,4.80,3.30
2008.09.11 09:47:06.862,1.7452,1.7454,1.60,3.30
2008.09.11 09:47:07.536,1.7452,1.7454,1.60,4.90
2008.09.11 09:47:07.756,1.7452,1.7454,1.60,3.30
2008.09.11 09:47:12.044,1.7452,1.7454,1.00,5.40
2008.09.11 09:47:12.187,1.74515,1.7453,1.00,3.30
2008.09.11 09:47:12.329,1.7451,1.7453,4.80,3.30
2008.09.11 09:47:12.471,1.7451,1.7453,4.80,7.60
2008.09.11 09:47:12.612,1.7451,1.7453,4.80,11.20
2008.09.11 09:47:12.752,1.7451,1.7453,4.80,3.30
2008.09.11 09:47:13.230,1.7451,1.7453,1.60,3.30
2008.09.11 09:47:16.826,1.7451,1.7453,4.30,3.30
2008.09.11 09:47:16.961,1.7452,1.74535,1.00,6.40
2008.09.11 09:47:17.092,1.7452,1.7453,1.00,3.20
2008.09.11 09:47:19.728,1.7452,1.7454,4.80,2.20
2008.09.11 09:47:19.964,1.7453,1.74545,1.00,1.00
2008.09.11 09:47:21.069,1.7453,1.74545,1.00,4.30
2008.09.11 09:47:21.209,1.7452,1.7454,4.80,3.30
2008.09.11 09:47:22.365,1.7452,1.7454,1.60,3.30
2008.09.11 09:47:35.673,1.7452,1.7454,4.80,3.30
2008.09.11 09:47:35.792,1.7452,1.7454,2.70,5.50
2008.09.11 09:47:36.052,1.7452,1.7454,1.00,10.10
2008.09.11 09:47:36.176,1.7452,1.7454,1.00,3.30
2008.09.11 09:47:37.341,1.7452,1.7454,1.00,5.40
2008.09.11 09:47:37.484,1.74515,1.7453,1.00,3.30
2008.09.11 09:47:37.728,1.7451,1.7453,9.10,3.30
2008.09.11 09:47:37.976,1.74515,1.7453,1.00,2.20
2008.09.11 09:47:38.228,1.74515,1.7453,1.00,1.00
2008.09.11 09:47:39.736,1.74515,1.7453,3.70,1.00
2008.09.11 09:47:39.952,1.7452,1.74535,2.70,3.20
2008.09.11 09:47:40.384,1.7452,1.7454,2.70,4.40
2008.09.11 09:47:41.068,1.7452,1.7454,2.70,1.20
2008.09.11 09:47:43.793,1.7452,1.7454,1.00,2.10
2008.09.11 09:47:44.112,1.7452,1.7454,1.00,7.00
2008.09.11 09:47:44.408,1.7452,1.7454,1.00,11.60
2008.09.11 09:47:44.717,1.7452,1.74535,1.00,3.20
2008.09.11 09:47:45.290,1.7452,1.74535,1.00,4.10
2008.09.11 09:47:45.576,1.7451,1.7453,5.90,3.30
2008.09.11 09:47:45.860,1.7451,1.7452,1.00,1.00
2008.09.11 09:47:46.036,1.7451,1.74535,1.60,13.90
2008.09.11 09:47:46.212,1.7451,1.74535,1.60,9.30
2008.09.11 09:47:49.212,1.7451,1.74535,1.60,15.30
2008.09.11 09:47:50.176,1.7451,1.7453,10.20,10.30
2008.09.11 09:47:52.679,1.7451,1.7453,8.10,3.30
2008.09.11 09:47:52.699,1.7451,1.7453,5.90,3.30
2008.09.11 09:47:55.701,1.7451,1.74525,5.90,3.20
2008.09.11 09:47:55.940,1.7451,1.74525,6.00,3.20
2008.09.11 09:47:56.180,1.7451,1.74525,4.80,3.20
2008.09.11 09:47:56.661,1.7451,1.7452,2.70,1.00
2008.09.11 09:47:56.840,1.7451,1.7453,2.10,4.40
2008.09.11 09:47:57.380,1.7451,1.74535,2.10,23.20
2008.09.11 09:47:57.560,1.7451,1.7453,2.10,4.40
2008.09.11 09:47:57.740,1.7451,1.74535,2.10,23.20
2008.09.11 09:47:57.920,1.7451,1.7453,2.10,4.40
2008.09.11 09:47:58.484,1.7451,1.7453,1.00,4.40
2008.09.11 09:47:59.082,1.7451,1.7453,1.00,7.60
2008.09.11 09:47:59.304,1.745,1.7452,9.90,4.40
2008.09.11 09:47:59.524,1.745,1.74525,1.60,16.60
2008.09.11 09:47:59.758,1.74505,1.74525,1.00,7.80
2008.09.11 09:47:59.980,1.7451,1.7453,1.00,9.00
2008.09.11 09:48:00.245,1.7451,1.7453,2.70,9.00
2008.09.11 09:48:00.508,1.7451,1.7453,4.80,6.00
2008.09.11 09:48:00.772,1.7451,1.74535,4.80,18.60
2008.09.11 09:48:00.932,1.7451,1.74525,4.80,1.00
2008.09.11 09:48:01.093,1.7451,1.74525,4.80,1.80
2008.09.11 09:48:01.413,1.7451,1.7453,1.00,6.00
2008.09.11 09:48:01.732,1.7451,1.74525,1.00,3.20
2008.09.11 09:48:01.892,1.7451,1.7453,1.00,6.00
2008.09.11 09:48:02.539,1.7451,1.7453,1.00,6.00
2008.09.11 09:48:02.861,1.7451,1.74525,1.00,3.90
2008.09.11 09:48:03.066,1.745,1.7452,4.80,4.10
2008.09.11 09:48:03.272,1.745,1.74525,4.80,13.70
2008.09.11 09:48:03.477,1.74505,1.74525,1.00,8.20
2008.09.11 09:48:03.680,1.74505,1.74525,1.00,5.60
2008.09.11 09:48:03.884,1.745,1.74525,4.80,14.50
2008.09.11 09:48:04.268,1.745,1.74525,4.80,8.30
2008.09.11 09:48:05.376,1.745,1.74525,1.60,10.50
2008.09.11 09:48:05.521,1.74505,1.74525,3.70,6.20
2008.09.11 09:48:05.956,1.74505,1.74525,2.70,1.70
2008.09.11 09:48:06.101,1.745,1.74525,7.80,10.20
2008.09.11 09:48:06.227,1.74505,1.74525,1.00,19.30
2008.09.11 09:48:06.344,1.74505,1.74525,3.70,15.50
2008.09.11 09:48:06.460,1.74505,1.74525,3.70,7.90
2008.09.11 09:48:06.591,1.74505,1.74525,3.70,4.90
2008.09.11 09:48:07.172,1.74505,1.74525,3.70,8.70
2008.09.11 09:48:07.312,1.74505,1.74525,3.70,9.50
2008.09.11 09:48:07.453,1.74505,1.74525,1.00,9.50
2008.09.11 09:48:07.732,1.74505,1.7452,1.00,7.90
2008.09.11 09:48:08.012,1.745,1.7452,1.60,7.90
2008.09.11 09:48:08.153,1.745,1.7452,4.30,7.10
2008.09.11 09:48:08.414,1.7451,1.74525,1.00,3.90
2008.09.11 09:48:08.664,1.7451,1.74525,1.00,1.80
2008.09.11 09:48:08.913,1.745,1.7452,1.60,4.10
2008.09.11 09:48:09.812,1.74505,1.74525,2.70,10.20
2008.09.11 09:48:10.029,1.7451,1.74535,2.70,21.40
2008.09.11 09:48:10.796,1.7451,1.74535,2.70,12.00
2008.09.11 09:48:10.964,1.7451,1.74535,2.70,12.00
2008.09.11 09:48:11.132,1.7451,1.74535,2.70,16.20
2008.09.11 09:48:11.300,1.7451,1.74535,2.70,16.20
2008.09.11 09:48:11.581,1.7451,1.74535,2.70,12.20
2008.09.11 09:48:11.885,1.7451,1.7453,2.70,4.40
2008.09.11 09:48:11.983,1.7451,1.7453,1.00,4.40
2008.09.11 09:48:12.527,1.7451,1.7452,1.00,1.00
2008.09.11 09:48:12.632,1.7451,1.7452,1.00,1.00
2008.09.11 09:48:12.752,1.745,1.7452,1.60,1.00
2008.09.11 09:48:12.994,1.745,1.7452,1.60,1.00
2008.09.11 09:48:13.116,1.745,1.7452,1.60,1.00
2008.09.11 09:48:15.012,1.745,1.7452,1.60,1.00
2008.09.11 09:48:15.868,1.745,1.7452,1.60,1.00
2008.09.11 09:48:16.544,1.7451,1.74525,1.00,5.80
2008.09.11 09:48:16.720,1.7451,1.74525,1.60,5.80
2008.09.11 09:48:16.896,1.7451,1.74525,1.60,5.20
2008.09.11 09:48:17.072,1.7451,1.74525,1.60,4.70
2008.09.11 09:48:17.251,1.7451,1.7452,1.00,1.20
2008.09.11 09:48:17.428,1.7451,1.7453,1.00,5.40
2008.09.11 09:48:17.825,1.7451,1.74525,1.00,3.20
2008.09.11 09:48:18.048,1.7451,1.74525,4.80,4.30
2008.09.11 09:48:18.507,1.7451,1.74525,2.70,1.00
2008.09.11 09:48:18.728,1.7451,1.74535,1.60,19.50
2008.09.11 09:48:20.327,1.7451,1.7453,8.10,3.30
2008.09.11 09:48:20.670,1.7451,1.7452,8.10,1.00
2008.09.11 09:48:20.908,1.7451,1.7452,8.10,1.00
2008.09.11 09:48:21.145,1.7451,1.7452,4.30,1.00
2008.09.11 09:48:21.383,1.745,1.7452,1.60,1.00
2008.09.11 09:48:21.620,1.745,1.74515,4.30,3.20
2008.09.11 09:48:22.048,1.745,1.7452,4.30,1.00
2008.09.11 09:48:22.467,1.7451,1.7452,1.00,1.00
2008.09.11 09:48:22.607,1.7451,1.74535,1.00,32.80
2008.09.11 09:48:22.747,1.7451,1.74525,1.00,1.00
2008.09.11 09:48:23.323,1.7451,1.7453,1.00,7.60
2008.09.11 09:48:23.900,1.745,1.74525,1.60,4.80
2008.09.11 09:48:25.000,1.745,1.74525,1.60,9.90
2008.09.11 09:48:25.075,1.745,1.74525,1.60,9.30
2008.09.11 09:48:26.724,1.745,1.74525,8.10,9.30
2008.09.11 09:48:27.008,1.74495,1.7451,3.20,1.00
2008.09.11 09:48:27.264,1.74495,1.7451,3.20,2.80
2008.09.11 09:48:27.520,1.74485,1.74495,4.80,2.00
2008.09.11 09:48:27.776,1.7448,1.74495,5.90,1.00
2008.09.11 09:48:28.032,1.74475,1.7448,3.20,1.00
2008.09.11 09:48:28.368,1.74475,1.7449,3.20,5.20
2008.09.11 09:48:28.704,1.7447,1.74485,2.70,3.20
2008.09.11 09:48:29.040,1.7447,1.7449,2.70,7.40
2008.09.11 09:48:29.256,1.7447,1.7449,5.90,4.70
2008.09.11 09:48:29.472,1.7447,1.7449,1.60,1.00
2008.09.11 09:48:29.904,1.74475,1.7448,3.20,1.00
2008.09.11 09:48:30.120,1.74465,1.7447,4.80,1.00
2008.09.11 09:48:30.276,1.74455,1.7446,7.20,2.20
2008.09.11 09:48:30.432,1.7446,1.7447,6.80,9.70
2008.09.11 09:48:30.588,1.74475,1.7448,25.30,6.40
2008.09.11 09:48:30.744,1.74485,1.74495,1.00,8.80
2008.09.11 09:48:31.410,1.7449,1.7451,2.70,1.60
2008.09.11 09:48:31.752,1.7449,1.7452,3.70,3.30
2008.09.11 09:48:32.228,1.7449,1.7452,3.70,4.90
2008.09.11 09:48:32.381,1.7449,1.7452,3.70,3.30
2008.09.11 09:48:32.788,1.7449,1.7451,1.00,3.30
2008.09.11 09:48:33.551,1.7449,1.7451,3.70,3.90
2008.09.11 09:48:34.232,1.7449,1.7451,3.70,3.30
2008.09.11 09:48:35.508,1.745,1.7451,1.00,3.20
2008.09.11 09:48:35.661,1.745,1.7451,2.70,3.20
2008.09.11 09:48:35.814,1.745,1.74515,1.60,3.20
2008.09.11 09:48:36.410,1.745,1.7452,1.60,3.30
2008.09.11 09:48:36.985,1.74505,1.7452,3.70,1.00
2008.09.11 09:48:37.276,1.7451,1.7453,2.70,4.40
2008.09.11 09:48:39.664,1.7451,1.7453,5.90,4.40
2008.09.11 09:48:39.852,1.7451,1.7453,6.00,4.40
2008.09.11 09:48:40.040,1.7451,1.7453,2.70,3.30
2008.09.11 09:48:40.228,1.7451,1.7453,2.70,6.00
2008.09.11 09:48:40.416,1.7452,1.74535,1.00,10.20
2008.09.11 09:48:40.571,1.7452,1.7453,1.00,1.00
2008.09.11 09:48:40.720,1.7451,1.7453,2.70,1.20
2008.09.11 09:48:41.163,1.7451,1.7453,2.70,4.40
2008.09.11 09:48:41.805,1.7451,1.7453,1.00,4.40
2008.09.11 09:48:42.196,1.7451,1.74525,1.00,3.20
2008.09.11 09:48:43.468,1.7451,1.74525,2.70,3.20
2008.09.11 09:48:43.556,1.7451,1.7453,4.80,4.90
2008.09.11 09:48:43.820,1.7452,1.74525,1.00,4.50
2008.09.11 09:48:44.084,1.7451,1.74515,2.10,11.10
2008.09.11 09:48:44.348,1.745,1.7451,1.00,3.20
2008.09.11 09:48:44.612,1.745,1.7452,1.00,5.40
2008.09.11 09:48:44.876,1.745,1.7452,1.00,9.90
2008.09.11 09:48:46.048,1.745,1.7452,1.00,4.40
2008.09.11 09:48:46.544,1.745,1.7452,1.00,5.40
2008.09.11 09:48:46.788,1.745,1.74515,1.00,3.20
2008.09.11 09:48:46.912,1.745,1.74515,1.00,4.30
2008.09.11 09:48:47.036,1.745,1.74515,2.70,4.30
2008.09.11 09:48:47.284,1.745,1.74515,1.00,4.30
2008.09.11 09:48:47.544,1.745,1.74515,1.00,5.90
2008.09.11 09:48:48.107,1.745,1.74515,1.00,4.80
2008.09.11 09:48:48.751,1.745,1.74515,1.00,3.20
2008.09.11 09:48:48.952,1.7449,1.7451,8.10,1.00
2008.09.11 09:48:49.152,1.745,1.74515,1.00,9.70
2008.09.11 09:48:49.352,1.745,1.7451,1.00,3.20
2008.09.11 09:48:49.956,1.745,1.74515,1.00,7.50
2008.09.11 09:48:50.364,1.7451,1.74515,1.00,1.00
2008.09.11 09:48:50.569,1.7451,1.74525,1.00,12.00
2008.09.11 09:48:51.091,1.7451,1.7452,1.00,1.00
2008.09.11 09:48:52.556,1.7451,1.7453,1.00,12.20
2008.09.11 09:48:52.832,1.7451,1.74525,3.20,3.20
2008.09.11 09:48:53.056,1.7452,1.74535,1.00,22.80
2008.09.11 09:48:53.280,1.7452,1.74545,1.00,19.50
2008.09.11 09:48:53.504,1.7452,1.74535,1.00,4.30
2008.09.11 09:48:53.728,1.7452,1.74535,1.00,4.40
2008.09.11 09:48:53.952,1.7452,1.74535,1.00,4.90
2008.09.11 09:48:54.160,1.74515,1.7452,1.10,3.20
2008.09.11 09:48:54.576,1.74505,1.7452,5.20,3.20
2008.09.11 09:48:54.784,1.7451,1.7452,1.00,3.20
2008.09.11 09:48:54.992,1.745,1.7451,1.60,3.20
2008.09.11 09:48:55.408,1.745,1.74515,2.70,4.30
2008.09.11 09:48:55.512,1.745,1.7451,2.70,3.20
2008.09.11 09:48:55.719,1.745,1.7451,1.00,3.20
2008.09.11 09:48:56.135,1.745,1.74515,1.00,5.20
2008.09.11 09:48:56.376,1.7449,1.7451,1.60,13.00
2008.09.11 09:48:56.615,1.7449,1.7451,1.60,3.30
2008.09.11 09:48:57.096,1.7449,1.7451,2.70,3.30
2008.09.11 09:48:57.696,1.745,1.7451,1.00,3.20
2008.09.11 09:48:57.896,1.745,1.7451,1.00,4.30
2008.09.11 09:48:58.109,1.745,1.7451,1.00,4.80
2008.09.11 09:48:59.239,1.74495,1.7451,1.30,3.20
2008.09.11 09:49:01.313,1.74495,1.74515,2.20,6.40
2008.09.11 09:49:01.530,1.74485,1.74505,8.90,1.00
2008.09.11 09:49:01.750,1.7447,1.7449,7.50,2.00
2008.09.11 09:49:01.969,1.74475,1.7449,6.20,3.30
2008.09.11 09:49:02.184,1.74475,1.7449,2.10,3.30
2008.09.11 09:49:02.400,1.74475,1.7449,2.10,3.20
2008.09.11 09:49:02.580,1.7447,1.7449,9.10,3.20
2008.09.11 09:49:02.760,1.74475,1.7448,8.60,2.10
2008.09.11 09:49:02.940,1.74475,1.7448,12.60,2.10
2008.09.11 09:49:03.300,1.7448,1.7449,4.30,1.00
2008.09.11 09:49:03.480,1.7448,1.7449,2.10,12.20
2008.09.11 09:49:03.796,1.74485,1.7449,3.70,3.30
2008.09.11 09:49:04.112,1.7449,1.7451,6.70,2.20
2008.09.11 09:49:04.428,1.745,1.7451,1.00,7.00
2008.09.11 09:49:05.319,1.74495,1.7451,2.20,3.20
2008.09.11 09:49:05.608,1.74495,1.7452,7.60,5.50
2008.09.11 09:49:05.715,1.74495,1.7452,11.60,3.30
2008.09.11 09:49:06.256,1.745,1.7452,1.70,3.30
2008.09.11 09:49:06.364,1.74505,1.7452,2.20,3.20
2008.09.11 09:49:06.996,1.7451,1.7452,2.70,3.20
2008.09.11 09:49:07.304,1.7451,1.74525,2.70,3.20
2008.09.11 09:49:07.612,1.7451,1.7453,1.60,3.30
2008.09.11 09:49:08.364,1.7451,1.7453,1.60,2.20
2008.09.11 09:49:08.552,1.7452,1.74535,1.00,4.10
2008.09.11 09:49:08.740,1.7452,1.74535,1.00,3.20
2008.09.11 09:49:09.056,1.7452,1.7454,2.70,4.40
2008.09.11 09:49:12.272,1.7452,1.74535,2.70,2.10
2008.09.11 09:49:12.436,1.7452,1.74535,2.70,7.50
2008.09.11 09:49:12.600,1.7452,1.7453,1.00,4.30
2008.09.11 09:49:12.765,1.7452,1.74525,1.00,4.30
2008.09.11 09:49:12.928,1.7451,1.74525,2.70,7.50
2008.09.11 09:49:13.195,1.7451,1.74525,1.00,7.50
2008.09.11 09:49:14.799,1.7451,1.74525,1.00,9.10
2008.09.11 09:49:15.230,1.7451,1.74525,1.00,5.90
2008.09.11 09:49:15.719,1.7451,1.74525,1.00,6.00
2008.09.11 09:49:15.827,1.7451,1.7452,1.00,4.90
2008.09.11 09:49:15.936,1.7451,1.7452,1.00,10.30
2008.09.11 09:49:16.204,1.7452,1.74525,1.00,10.70
2008.09.11 09:49:16.560,1.74505,1.7451,10.10,3.20
2008.09.11 09:49:16.809,1.74505,1.7451,1.10,3.20
2008.09.11 09:49:17.304,1.7452,1.74525,1.00,15.20
2008.09.11 09:49:17.412,1.7452,1.74525,1.00,11.80
2008.09.11 09:49:17.520,1.7452,1.74525,1.00,2.90
2008.09.11 09:49:17.628,1.7452,1.74535,2.70,6.40
2008.09.11 09:49:17.952,1.7452,1.74525,2.70,1.60
2008.09.11 09:49:18.059,1.7452,1.7453,1.00,4.80
2008.09.11 09:49:18.276,1.74515,1.7452,1.10,5.40
2008.09.11 09:49:19.226,1.7452,1.74535,2.70,9.70
2008.09.11 09:49:19.428,1.74515,1.7452,1.10,5.40
2008.09.11 09:49:19.828,1.7452,1.74535,1.00,15.60
2008.09.11 09:49:20.613,1.7452,1.74535,1.00,16.70
2008.09.11 09:49:22.419,1.7452,1.74535,1.00,22.10
2008.09.11 09:49:22.663,1.7452,1.74535,1.00,20.50
2008.09.11 09:49:22.908,1.7452,1.74525,1.00,7.40
2008.09.11 09:49:23.152,1.74505,1.7451,1.10,1.00
2008.09.11 09:49:23.409,1.7451,1.74515,1.00,1.60
2008.09.11 09:49:23.684,1.745,1.7451,3.70,12.20
2008.09.11 09:49:23.960,1.745,1.74505,3.70,1.40
2008.09.11 09:49:24.236,1.7449,1.74495,1.00,3.20
2008.09.11 09:49:24.735,1.7449,1.74505,3.20,3.20
2008.09.11 09:49:24.960,1.745,1.74505,1.00,3.20
2008.09.11 09:49:25.407,1.745,1.74505,1.60,3.20
2008.09.11 09:49:25.633,1.74505,1.7452,3.70,5.50
2008.09.11 09:49:25.731,1.74505,1.7452,1.00,1.00
2008.09.11 09:49:25.831,1.7451,1.7452,1.00,1.00
2008.09.11 09:49:25.932,1.7451,1.74525,1.60,3.20
2008.09.11 09:49:26.032,1.7451,1.7453,1.60,8.20
2008.09.11 09:49:26.232,1.7451,1.74525,2.70,1.00
2008.09.11 09:49:26.332,1.7451,1.7452,1.00,1.00
2008.09.11 09:49:26.532,1.7451,1.7453,1.60,3.90
2008.09.11 09:49:26.760,1.7451,1.74525,2.70,1.00
2008.09.11 09:49:26.987,1.7451,1.7453,1.00,12.80
2008.09.11 09:49:27.443,1.7451,1.7453,1.00,3.30
2008.09.11 09:49:27.672,1.7451,1.74525,1.00,7.40
2008.09.11 09:49:27.795,1.7451,1.7452,1.00,3.20
2008.09.11 09:49:28.291,1.7451,1.74525,1.00,8.60
2008.09.11 09:49:28.416,1.7451,1.74525,1.00,3.20
2008.09.11 09:49:28.839,1.7451,1.74525,1.00,4.10
2008.09.11 09:49:29.147,1.745,1.7452,1.60,2.20
2008.09.11 09:49:29.449,1.745,1.7452,1.60,3.30
2008.09.11 09:49:30.231,1.7451,1.7452,2.70,3.30
2008.09.11 09:49:30.468,1.7452,1.7453,2.70,1.00
2008.09.11 09:49:30.704,1.74525,1.7453,1.10,5.40
2008.09.11 09:49:32.148,1.7452,1.74535,4.80,2.00
2008.09.11 09:49:32.445,1.7451,1.7452,3.20,2.10
2008.09.11 09:49:32.740,1.7451,1.7452,1.00,5.40
2008.09.11 09:49:33.092,1.7451,1.7452,1.60,5.40
2008.09.11 09:49:33.267,1.7451,1.7452,1.60,3.20
2008.09.11 09:49:34.231,1.7451,1.7452,1.00,3.20
2008.09.11 09:49:34.844,1.74515,1.7452,4.80,3.20
2008.09.11 09:49:35.204,1.7452,1.74535,2.70,6.20
2008.09.11 09:49:35.544,1.74515,1.7452,8.00,5.40
2008.09.11 09:49:37.563,1.7451,1.7452,8.10,5.40
2008.09.11 09:49:37.684,1.7451,1.7452,9.90,5.40
2008.09.11 09:49:37.935,1.7451,1.7452,4.80,5.40
2008.09.11 09:49:38.103,1.7451,1.7452,1.00,5.40
2008.09.11 09:49:40.883,1.7451,1.7452,1.00,3.20
2008.09.11 09:49:42.248,1.7451,1.74525,1.00,8.60
2008.09.11 09:49:42.863,1.7451,1.7452,1.00,5.40
2008.09.11 09:49:43.568,1.7451,1.74515,1.00,2.00
2008.09.11 09:49:43.667,1.7451,1.74515,1.00,7.40
2008.09.11 09:49:43.768,1.74495,1.7451,4.80,16.60
2008.09.11 09:49:44.008,1.74495,1.7451,5.90,13.30
2008.09.11 09:49:44.248,1.745,1.74515,1.60,3.20
2008.09.11 09:49:44.487,1.745,1.7452,4.30,3.30
2008.09.11 09:49:45.908,1.7451,1.7452,1.00,3.20
2008.09.11 09:49:46.628,1.7451,1.74525,1.00,3.20
2008.09.11 09:49:46.868,1.7451,1.74515,1.00,2.00
2008.09.11 09:49:47.112,1.74505,1.7451,3.70,9.00
2008.09.11 09:49:47.357,1.74505,1.74525,1.00,1.00
2008.09.11 09:49:47.604,1.74505,1.74515,1.00,3.20
2008.09.11 09:49:47.847,1.74505,1.74525,1.00,3.30
2008.09.11 09:49:48.091,1.745,1.7452,4.30,1.00
2008.09.11 09:49:48.327,1.745,1.7452,1.60,1.00
2008.09.11 09:49:48.563,1.74505,1.7452,1.00,1.00
2008.09.11 09:49:48.800,1.745,1.7452,1.60,1.00
2008.09.11 09:49:49.036,1.7451,1.7453,1.00,2.10
2008.09.11 09:49:49.715,1.7451,1.74525,1.00,2.00
2008.09.11 09:49:50.668,1.745,1.7452,3.20,1.20
2008.09.11 09:49:50.870,1.745,1.7452,4.30,1.00
2008.09.11 09:49:51.072,1.745,1.7452,1.60,1.00
2008.09.11 09:49:51.275,1.745,1.7452,4.30,1.00
2008.09.11 09:49:51.652,1.745,1.7452,1.60,1.00
2008.09.11 09:49:52.028,1.7451,1.74525,1.00,1.00
2008.09.11 09:49:52.688,1.7451,1.7453,1.00,5.40
2008.09.11 09:49:53.014,1.745,1.7452,4.80,1.00
2008.09.11 09:49:53.163,1.745,1.74515,3.70,7.40
2008.09.11 09:49:53.505,1.745,1.7452,6.40,4.70
2008.09.11 09:49:53.843,1.745,1.74515,3.20,3.20
2008.09.11 09:49:54.184,1.745,1.7451,3.70,1.00
2008.09.11 09:49:54.523,1.745,1.7452,4.30,11.20
2008.09.11 09:49:54.740,1.745,1.7452,4.50,1.20
2008.09.11 09:49:54.955,1.745,1.7452,4.50,4.40
2008.09.11 09:49:55.171,1.745,1.7452,1.00,4.40
2008.09.11 09:49:55.413,1.74495,1.745,3.00,1.00
2008.09.11 09:49:55.556,1.74495,1.745,4.00,24.40
2008.09.11 09:49:55.696,1.74485,1.7449,3.70,4.90
2008.09.11 09:49:55.836,1.7449,1.74495,1.00,6.10
2008.09.11 09:49:56.116,1.7449,1.74495,3.20,1.60
2008.09.11 09:49:56.256,1.74495,1.74505,1.00,9.70
2008.09.11 09:49:56.596,1.745,1.7451,1.00,1.70
2008.09.11 09:49:56.936,1.745,1.7453,4.30,3.30
2008.09.11 09:49:57.515,1.745,1.7453,4.30,4.90
2008.09.11 09:49:57.876,1.745,1.7453,4.30,1.70
2008.09.11 09:49:58.351,1.7451,1.7452,3.70,1.70
2008.09.11 09:49:58.471,1.7451,1.74515,3.20,1.60
2008.09.11 09:49:58.676,1.7451,1.7452,3.20,2.10
2008.09.11 09:49:58.879,1.7451,1.7453,4.30,2.80
2008.09.11 09:49:59.084,1.7451,1.7453,4.30,4.90
2008.09.11 09:49:59.287,1.7451,1.7453,4.30,3.30
2008.09.11 09:50:00.080,1.74515,1.7453,2.70,3.30
2008.09.11 09:50:00.416,1.7452,1.7453,1.00,3.20
2008.09.11 09:50:01.891,1.7452,1.7454,1.00,4.40
2008.09.11 09:50:02.087,1.7452,1.74535,1.00,3.70
2008.09.11 09:50:02.284,1.7452,1.74535,1.00,4.80
2008.09.11 09:50:04.439,1.7452,1.74535,1.00,4.30
2008.09.11 09:50:05.171,1.7452,1.7453,1.00,3.20
2008.09.11 09:50:05.603,1.7451,1.7453,3.20,3.30
2008.09.11 09:50:05.783,1.7451,1.7453,4.30,3.30
2008.09.11 09:50:06.143,1.7451,1.7453,4.30,1.00
2008.09.11 09:50:06.515,1.7452,1.74535,1.00,3.20
2008.09.11 09:50:06.697,1.7452,1.7454,3.20,1.20
2008.09.11 09:50:07.071,1.7452,1.7454,4.30,3.30
2008.09.11 09:50:07.795,1.7452,1.7454,4.30,1.00
2008.09.11 09:50:07.891,1.74525,1.7454,2.70,1.00
2008.09.11 09:50:07.988,1.7453,1.74545,1.00,3.20
2008.09.11 09:50:08.083,1.7453,1.74545,3.20,3.20
2008.09.11 09:50:08.275,1.7453,1.7455,3.20,4.40
2008.09.11 09:50:09.267,1.7453,1.7455,3.20,1.20
2008.09.11 09:50:09.776,1.7453,1.7455,13.70,1.20
2008.09.11 09:50:10.000,1.7453,1.7455,3.20,4.40
2008.09.11 09:50:10.448,1.7453,1.7455,3.20,1.20
2008.09.11 09:50:11.071,1.7453,1.7455,3.20,2.20
2008.09.11 09:50:11.423,1.7453,1.7455,9.40,1.20
2008.09.11 09:50:11.599,1.7453,1.7455,7.20,1.20
2008.09.11 09:50:11.775,1.7453,1.7455,1.00,3.30
2008.09.11 09:50:11.952,1.7453,1.7455,4.30,3.30
2008.09.11 09:50:12.140,1.7453,1.7455,3.20,1.20
2008.09.11 09:50:12.700,1.7453,1.7455,5.90,1.20
2008.09.11 09:50:12.888,1.74545,1.74555,2.70,3.20
2008.09.11 09:50:13.075,1.74545,1.7456,2.70,7.60
2008.09.11 09:50:13.263,1.7455,1.74565,1.00,6.40
2008.09.11 09:50:13.451,1.7455,1.7456,1.00,3.20
2008.09.11 09:50:13.639,1.7455,1.74565,1.00,6.40
2008.09.11 09:50:13.827,1.7454,1.7456,4.50,1.20
2008.09.11 09:50:14.015,1.7454,1.7456,1.00,4.40
2008.09.11 09:50:15.419,1.7454,1.74555,1.00,1.00
2008.09.11 09:50:15.619,1.7454,1.74555,1.00,2.00
2008.09.11 09:50:15.687,1.7454,1.74545,1.00,1.00
2008.09.11 09:50:16.028,1.7453,1.74545,2.10,1.00
2008.09.11 09:50:17.407,1.7453,1.74545,4.30,1.00
2008.09.11 09:50:17.816,1.7453,1.7454,4.30,5.50
2008.09.11 09:50:18.020,1.7451,1.7453,1.00,3.30
2008.09.11 09:50:18.223,1.7451,1.7453,2.70,2.20
2008.09.11 09:50:18.427,1.7451,1.7453,2.70,1.00
2008.09.11 09:50:18.687,1.7451,1.7453,1.00,1.00
2008.09.11 09:50:18.948,1.7451,1.7453,1.00,3.30
2008.09.11 09:50:19.207,1.7451,1.7453,1.00,4.40
2008.09.11 09:50:19.467,1.7451,1.74525,1.00,3.20
2008.09.11 09:50:20.940,1.7451,1.74525,1.00,4.30
2008.09.11 09:50:21.071,1.7451,1.74525,1.00,3.20
2008.09.11 09:50:21.331,1.7451,1.7452,1.00,3.20
2008.09.11 09:50:22.628,1.74505,1.7452,1.00,1.00
2008.09.11 09:50:22.887,1.7451,1.7452,2.70,1.00
2008.09.11 09:50:22.971,1.7451,1.7452,3.70,1.00
2008.09.11 09:50:23.055,1.7451,1.7453,3.20,1.20
2008.09.11 09:50:23.447,1.74515,1.7453,2.70,1.20
2008.09.11 09:50:23.531,1.74515,1.7453,2.70,2.20
2008.09.11 09:50:24.019,1.7451,1.7453,10.50,1.20
2008.09.11 09:50:24.339,1.7451,1.7453,3.70,1.20
2008.09.11 09:50:24.659,1.7451,1.7453,1.00,4.40
2008.09.11 09:50:25.601,1.7453,1.74535,2.70,4.90
2008.09.11 09:50:25.807,1.7453,1.7454,3.20,5.20
2008.09.11 09:50:25.943,1.7453,1.7454,4.00,5.30
2008.09.11 09:50:26.079,1.7451,1.7453,11.60,1.00
2008.09.11 09:50:26.215,1.7452,1.7453,1.00,1.00
2008.09.11 09:50:26.351,1.7452,1.7454,1.00,6.00
2008.09.11 09:50:27.394,1.7452,1.7454,1.00,2.80
2008.09.11 09:50:28.020,1.7452,1.7454,1.00,1.20
2008.09.11 09:50:28.611,1.7452,1.74535,1.00,1.00
2008.09.11 09:50:29.179,1.7452,1.7454,1.00,2.80
2008.09.11 09:50:29.469,1.7452,1.7454,1.00,6.00
2008.09.11 09:50:29.748,1.7452,1.7454,3.20,6.00
2008.09.11 09:50:30.023,1.7452,1.7453,3.20,1.60
2008.09.11 09:50:30.365,1.7453,1.74545,3.20,7.00
2008.09.11 09:50:30.705,1.7453,1.7454,3.20,3.70
2008.09.11 09:50:31.256,1.7453,1.7454,3.20,2.10
2008.09.11 09:50:31.471,1.7453,1.7455,2.70,4.90
2008.09.11 09:50:31.687,1.7453,1.7455,1.00,4.90
2008.09.11 09:50:31.903,1.7453,1.7455,1.00,4.40
2008.09.11 09:50:32.123,1.7453,1.7455,3.20,3.30
2008.09.11 09:50:32.371,1.7453,1.7455,3.20,3.90
2008.09.11 09:50:32.468,1.7453,1.7455,4.30,3.90
2008.09.11 09:50:34.267,1.74545,1.7455,1.00,3.90
2008.09.11 09:50:34.436,1.7455,1.74555,3.20,2.10
2008.09.11 09:50:34.604,1.7455,1.7457,3.20,9.90
2008.09.11 09:50:34.775,1.7455,1.7457,4.80,7.80
2008.09.11 09:50:35.109,1.7455,1.7457,1.60,6.70
2008.09.11 09:50:35.276,1.7455,1.7456,1.60,3.20
2008.09.11 09:50:35.680,1.74555,1.7457,2.70,2.80
2008.09.11 09:50:35.883,1.74555,1.7457,2.70,1.20
2008.09.11 09:50:36.293,1.74555,1.7457,2.70,6.00
2008.09.11 09:50:44.008,1.74555,1.7457,2.70,3.90
2008.09.11 09:50:44.151,1.74555,1.7457,2.70,1.20
2008.09.11 09:50:44.494,1.74555,1.7457,2.70,3.90
2008.09.11 09:50:44.809,1.7455,1.7457,1.60,1.00
2008.09.11 09:50:45.139,1.7455,1.74565,1.00,1.00
2008.09.11 09:50:45.635,1.7455,1.7457,1.00,4.40
2008.09.11 09:50:45.804,1.7456,1.7457,2.70,1.20
2008.09.11 09:50:45.891,1.7456,1.7457,2.70,6.80
2008.09.11 09:50:45.979,1.7457,1.7458,1.00,3.60
2008.09.11 09:50:46.067,1.7456,1.74575,15.90,3.20
2008.09.11 09:50:46.155,1.7456,1.74575,15.30,2.00
2008.09.11 09:50:46.243,1.7456,1.74575,6.70,2.00
2008.09.11 09:50:46.331,1.7456,1.74575,4.50,5.20
2008.09.11 09:50:46.587,1.7456,1.74575,1.00,5.20
2008.09.11 09:50:46.944,1.7456,1.74575,1.00,4.30
2008.09.11 09:50:47.723,1.7455,1.7457,8.10,2.10
2008.09.11 09:50:47.983,1.7455,1.7457,8.10,5.40
2008.09.11 09:50:48.091,1.74555,1.7457,2.70,3.30
2008.09.11 09:50:48.199,1.7456,1.74575,1.00,7.60
2008.09.11 09:50:48.307,1.7456,1.74575,2.70,1.00
2008.09.11 09:50:48.415,1.7456,1.7458,2.70,7.10
2008.09.11 09:50:49.163,1.7456,1.7458,2.70,1.20
2008.09.11 09:50:49.487,1.7456,1.7458,1.00,1.20
2008.09.11 09:50:49.811,1.7456,1.7458,1.00,4.40
2008.09.11 09:50:50.136,1.7456,1.7458,4.30,3.30
2008.09.11 09:50:50.315,1.7457,1.7458,1.00,3.20
2008.09.11 09:50:50.852,1.7457,1.7459,1.00,3.30
2008.09.11 09:50:51.303,1.7458,1.7459,1.00,3.20
2008.09.11 09:50:51.533,1.7457,1.7459,4.80,5.10
2008.09.11 09:50:51.760,1.7457,1.7459,1.60,4.90
2008.09.11 09:50:52.100,1.7458,1.74595,1.00,6.40
2008.09.11 09:50:52.333,1.7459,1.74595,1.00,6.40
2008.09.11 09:50:52.447,1.7459,1.74595,1.00,4.80
2008.09.11 09:50:52.563,1.74585,1.7459,1.10,1.60
2008.09.11 09:50:52.791,1.7459,1.74595,1.00,1.60
2008.09.11 09:50:53.019,1.7458,1.746,1.60,2.20
2008.09.11 09:50:53.359,1.7458,1.746,1.60,3.90
2008.09.11 09:50:55.160,1.7458,1.746,1.60,1.00
2008.09.11 09:50:55.920,1.74595,1.746,2.70,1.00
2008.09.11 09:50:56.150,1.7461,1.74615,1.00,13.00
2008.09.11 09:50:57.478,1.746,1.74625,2.70,13.00
2008.09.11 09:50:58.075,1.746,1.7462,2.70,5.40
2008.09.11 09:50:58.391,1.7461,1.7463,1.00,8.20
2008.09.11 09:50:58.707,1.7461,1.7463,1.00,3.70
2008.09.11 09:50:59.023,1.7461,1.74625,1.00,1.00
2008.09.11 09:50:59.159,1.7461,1.74625,1.00,1.80
2008.09.11 09:50:59.295,1.7461,1.74625,1.00,3.50
2008.09.11 09:51:00.123,1.746,1.7462,1.60,1.00
2008.09.11 09:51:01.343,1.746,1.74615,8.10,1.30
2008.09.11 09:51:01.685,1.74595,1.7461,4.80,9.80
2008.09.11 09:51:02.023,1.74595,1.7461,3.70,1.00
2008.09.11 09:51:02.365,1.74595,1.7461,1.00,1.00
2008.09.11 09:51:03.691,1.7459,1.7461,1.60,1.00
2008.09.11 09:51:04.019,1.7459,1.7461,4.30,2.20
2008.09.11 09:51:04.347,1.7459,1.7461,4.30,1.00
2008.09.11 09:51:05.804,1.7459,1.7461,1.60,1.00
2008.09.11 09:51:06.092,1.7459,1.7461,1.60,7.60
2008.09.11 09:51:06.236,1.74595,1.7461,4.30,2.20
2008.09.11 09:51:06.381,1.746,1.74615,3.70,5.40
2008.09.11 09:51:06.681,1.746,1.74615,1.00,3.20
2008.09.11 09:51:06.981,1.746,1.7462,1.00,3.60
2008.09.11 09:51:07.280,1.74615,1.7462,2.70,3.30
2008.09.11 09:51:07.581,1.7461,1.7463,7.20,1.70
2008.09.11 09:51:07.883,1.7461,1.7463,3.20,3.50
2008.09.11 09:51:08.185,1.74605,1.7461,7.20,10.90
2008.09.11 09:51:08.484,1.746,1.7461,6.40,3.30
2008.09.11 09:51:10.207,1.746,1.7461,6.40,10.90
2008.09.11 09:51:10.403,1.746,1.7461,6.40,9.80
2008.09.11 09:51:12.503,1.74595,1.7461,10.20,2.20
2008.09.11 09:51:12.728,1.746,1.7462,2.70,3.60
2008.09.11 09:51:14.436,1.7461,1.7462,2.70,3.30
2008.09.11 09:51:14.776,1.7462,1.74625,1.00,3.20
2008.09.11 09:51:14.960,1.7461,1.74625,3.20,3.20
2008.09.11 09:51:15.143,1.7461,1.7463,4.30,3.30
2008.09.11 09:51:15.327,1.7461,1.7463,4.30,5.50
2008.09.11 09:51:17.997,1.74615,1.7463,2.70,2.20
2008.09.11 09:51:18.091,1.7462,1.7463,1.00,2.10
2008.09.11 09:51:18.279,1.7462,1.7464,1.00,7.40
2008.09.11 09:51:18.455,1.7462,1.74635,1.00,3.20
2008.09.11 09:51:18.983,1.7462,1.74635,1.00,3.50
2008.09.11 09:51:19.331,1.7462,1.74635,1.00,6.70
2008.09.11 09:51:19.617,1.7461,1.7462,6.20,8.90
2008.09.11 09:51:19.905,1.746,1.7462,3.20,3.20
2008.09.11 09:51:20.188,1.74615,1.7462,2.70,3.20
2008.09.11 09:51:20.473,1.7462,1.74625,1.00,4.40
2008.09.11 09:51:20.612,1.7461,1.7462,4.50,3.20
2008.09.11 09:51:20.751,1.7461,1.74625,1.00,3.50
2008.09.11 09:51:21.031,1.7461,1.74615,1.00,1.00
2008.09.11 09:51:21.309,1.7459,1.7461,4.80,2.80
2008.09.11 09:51:21.651,1.7459,1.746,3.70,7.40
2008.09.11 09:51:21.991,1.74585,1.7459,17.20,1.00
2008.09.11 09:51:22.331,1.74585,1.7459,17.20,2.40
2008.09.11 09:51:22.456,1.74585,1.7459,17.20,3.50
2008.09.11 09:51:22.699,1.7459,1.74595,16.20,6.70
2008.09.11 09:51:22.823,1.7459,1.74595,16.20,6.80
2008.09.11 09:51:23.067,1.7458,1.7459,16.70,3.50
2008.09.11 09:51:23.591,1.7459,1.74595,16.20,4.50
2008.09.11 09:51:23.875,1.7459,1.74595,16.20,1.00
2008.09.11 09:51:24.159,1.7459,1.74595,16.20,3.50
2008.09.11 09:51:24.960,1.7459,1.74595,16.20,4.70
2008.09.11 09:51:25.199,1.7458,1.74585,1.00,1.00
2008.09.11 09:51:25.439,1.7457,1.74585,1.00,1.00
2008.09.11 09:51:26.383,1.7457,1.7459,1.00,3.60
2008.09.11 09:51:26.999,1.7457,1.7459,2.10,3.60
2008.09.11 09:51:27.135,1.7457,1.74585,2.10,1.00
2008.09.11 09:51:27.271,1.7457,1.7459,2.10,3.30
2008.09.11 09:51:27.407,1.7459,1.74595,16.20,5.10
2008.09.11 09:51:27.807,1.7459,1.74595,16.20,3.40
2008.09.11 09:51:27.944,1.7459,1.746,16.20,8.20
2008.09.11 09:51:28.164,1.7459,1.74595,16.20,2.60
2008.09.11 09:51:29.684,1.74575,1.7458,2.10,4.40
2008.09.11 09:51:30.004,1.7456,1.7458,4.30,1.00
2008.09.11 09:51:31.399,1.7457,1.7459,1.00,3.60
2008.09.11 09:51:33.811,1.74585,1.7459,2.70,9.80
2008.09.11 09:51:34.000,1.7459,1.7461,1.00,21.50
2008.09.11 09:51:35.283,1.7459,1.746,1.00,3.50
2008.09.11 09:51:35.512,1.7459,1.74595,1.00,1.00
2008.09.11 09:51:36.356,1.7458,1.74595,18.00,1.00
2008.09.11 09:51:36.559,1.7458,1.74595,5.90,1.00
2008.09.11 09:51:36.767,1.7458,1.74595,3.70,1.00
2008.09.11 09:51:38.360,1.7458,1.746,3.20,4.70
2008.09.11 09:51:38.572,1.7458,1.746,3.20,1.00
2008.09.11 09:51:43.287,1.74585,1.746,2.70,1.00
2008.09.11 09:51:43.383,1.7459,1.74605,1.00,3.50
2008.09.11 09:51:43.571,1.7459,1.74595,1.00,1.00
2008.09.11 09:51:44.431,1.7459,1.746,1.00,1.00
2008.09.11 09:51:45.947,1.7459,1.74605,1.00,3.50
2008.09.11 09:51:46.635,1.7459,1.746,1.00,1.00
2008.09.11 09:51:46.863,1.7459,1.74595,1.00,1.00
2008.09.11 09:51:47.443,1.7458,1.746,3.20,1.00
2008.09.11 09:51:47.728,1.7458,1.746,4.30,1.00
2008.09.11 09:51:48.595,1.746,1.74605,4.30,3.20
2008.09.11 09:51:48.819,1.746,1.74605,3.20,3.20
2008.09.11 09:51:48.935,1.746,1.74605,4.00,3.20
2008.09.11 09:51:49.051,1.7459,1.74605,4.30,3.20
2008.09.11 09:51:49.359,1.7459,1.7461,3.20,1.00
2008.09.11 09:51:49.661,1.7459,1.7461,3.20,3.60
2008.09.11 09:51:50.596,1.74595,1.746,2.70,3.20
2008.09.11 09:51:50.936,1.746,1.7461,1.00,5.80
2008.09.11 09:51:51.275,1.746,1.74605,1.00,3.50
2008.09.11 09:51:52.731,1.7459,1.74605,3.20,3.50
2008.09.11 09:51:53.677,1.7459,1.74605,7.20,3.50
2008.09.11 09:51:53.856,1.7459,1.74605,4.50,3.50
2008.09.11 09:51:54.032,1.7459,1.74605,2.70,3.50
2008.09.11 09:51:56.615,1.7459,1.746,3.20,3.20
2008.09.11 09:51:57.295,1.7459,1.74605,3.20,3.50
2008.09.11 09:51:58.563,1.74595,1.74605,2.70,1.00
2008.09.11 09:51:59.774,1.746,1.74605,2.70,1.00
2008.09.11 09:52:00.023,1.746,1.7461,3.20,3.50
2008.09.11 09:52:00.271,1.746,1.7461,4.50,3.50
2008.09.11 09:52:00.519,1.746,1.7461,1.00,3.50
2008.09.11 09:52:01.803,1.74595,1.7461,2.70,3.60
2008.09.11 09:52:02.067,1.7459,1.7461,7.20,7.90
2008.09.11 09:52:02.332,1.7459,1.7461,3.20,3.60
2008.09.11 09:52:02.595,1.7459,1.7461,3.20,5.40
2008.09.11 09:52:03.271,1.74585,1.746,6.70,1.00
2008.09.11 09:52:03.611,1.74585,1.746,2.70,1.00
2008.09.11 09:52:04.307,1.7458,1.746,11.00,1.00
2008.09.11 09:52:04.555,1.7458,1.746,7.20,1.00
2008.09.11 09:52:04.756,1.746,1.74605,3.20,4.40
2008.09.11 09:52:04.955,1.74595,1.746,5.00,3.50
2008.09.11 09:52:05.157,1.746,1.74605,4.00,4.70
2008.09.11 09:52:05.355,1.7459,1.746,1.00,3.50
2008.09.11 09:52:05.715,1.7459,1.746,1.00,1.00
2008.09.11 09:52:06.223,1.746,1.74605,2.70,3.20
2008.09.11 09:52:06.387,1.746,1.7461,3.20,4.70
2008.09.11 09:52:06.551,1.746,1.7461,3.20,1.00
2008.09.11 09:52:06.839,1.746,1.74615,3.20,1.00
2008.09.11 09:52:07.127,1.746,1.74615,8.30,1.00
2008.09.11 09:52:07.415,1.74595,1.7461,6.70,1.00
2008.09.11 09:52:07.706,1.74595,1.7461,2.70,1.00
2008.09.11 09:52:09.463,1.746,1.7461,2.70,1.00
2008.09.11 09:52:09.663,1.746,1.74615,3.20,1.00
2008.09.11 09:52:10.115,1.746,1.74605,11.60,1.00
2008.09.11 09:52:10.343,1.746,1.74605,4.00,1.00
2008.09.11 09:52:10.571,1.7459,1.74605,3.20,1.00
2008.09.11 09:52:10.801,1.7459,1.7461,7.80,3.60
2008.09.11 09:52:10.981,1.7459,1.7461,3.70,3.30
2008.09.11 09:52:11.339,1.7459,1.7461,3.70,13.30
2008.09.11 09:52:11.519,1.7459,1.7461,3.70,12.20
2008.09.11 09:52:11.699,1.7459,1.7461,1.60,12.20
2008.09.11 09:52:11.964,1.7459,1.7461,1.60,1.00
2008.09.11 09:52:12.747,1.746,1.7461,1.00,1.00
2008.09.11 09:52:12.855,1.746,1.74615,1.60,3.20
2008.09.11 09:52:12.963,1.746,1.7462,1.60,9.70
2008.09.11 09:52:13.071,1.746,1.7462,1.60,5.10
2008.09.11 09:52:13.283,1.746,1.7462,1.60,16.00
2008.09.11 09:52:13.495,1.746,1.7462,1.60,16.60
2008.09.11 09:52:13.602,1.746,1.7462,4.30,16.60
2008.09.11 09:52:13.711,1.746,1.7462,4.30,16.00
2008.09.11 09:52:13.819,1.7461,1.74625,1.00,14.70
2008.09.11 09:52:14.147,1.7461,1.7462,1.00,3.20
2008.09.11 09:52:14.799,1.7461,1.7463,1.00,22.20
2008.09.11 09:52:14.995,1.74615,1.7463,1.00,3.90
2008.09.11 09:52:15.191,1.7461,1.74625,4.80,3.50
2008.09.11 09:52:15.387,1.74605,1.7462,8.30,5.50
2008.09.11 09:52:15.583,1.74605,1.7462,4.30,7.90
2008.09.11 09:52:15.779,1.74605,1.7462,1.00,3.30
2008.09.11 09:52:17.315,1.7461,1.7462,1.60,3.20
2008.09.11 09:52:19.074,1.7461,1.7462,4.30,3.20
2008.09.11 09:52:19.374,1.7462,1.74635,1.00,9.80
2008.09.11 09:52:19.667,1.7462,1.7464,1.00,3.60
2008.09.11 09:52:19.961,1.7461,1.7463,8.10,1.00
2008.09.11 09:52:20.142,1.7461,1.7463,2.70,5.50
2008.09.11 09:52:20.324,1.7461,1.7463,1.00,10.10
2008.09.11 09:52:20.855,1.7461,1.7463,1.00,4.90
2008.09.11 09:52:21.307,1.7461,1.7463,1.00,6.70
2008.09.11 09:52:21.595,1.7461,1.7463,1.00,9.90
2008.09.11 09:52:21.873,1.7461,1.7463,2.70,7.90
2008.09.11 09:52:22.147,1.7462,1.7463,1.00,3.20
2008.09.11 09:52:22.703,1.7462,1.74635,1.00,3.50
2008.09.11 09:52:22.982,1.7462,1.7463,1.00,3.20
2008.09.11 09:52:24.667,1.7462,1.74635,1.00,3.50
2008.09.11 09:52:25.064,1.7462,1.7463,1.00,3.20
2008.09.11 09:52:25.264,1.7461,1.7463,1.60,3.30
2008.09.11 09:52:25.660,1.7461,1.7463,1.60,12.20
2008.09.11 09:52:29.713,1.7461,1.7463,1.60,10.10
2008.09.11 09:52:29.932,1.7461,1.7462,1.60,3.20
2008.09.11 09:52:30.837,1.7461,1.7463,1.60,7.60
2008.09.11 09:52:33.599,1.7461,1.7463,1.00,20.30
2008.09.11 09:52:33.794,1.7461,1.7463,1.00,4.90
2008.09.11 09:52:33.991,1.7461,1.74625,1.00,3.20
2008.09.11 09:52:34.419,1.74605,1.7462,1.00,1.00
2008.09.11 09:52:36.937,1.746,1.7462,4.30,1.00
2008.09.11 09:52:37.196,1.746,1.7462,1.60,1.00
2008.09.11 09:52:38.942,1.746,1.7462,8.10,1.00
2008.09.11 09:52:39.279,1.746,1.74615,8.10,1.00
2008.09.11 09:52:39.663,1.7461,1.7463,1.00,13.70
2008.09.11 09:52:40.003,1.7461,1.74625,1.00,3.50
2008.09.11 09:52:40.499,1.7461,1.74625,1.00,1.00
2008.09.11 09:52:40.659,1.7461,1.74625,1.00,4.70
2008.09.11 09:52:40.714,1.7461,1.74625,1.00,3.50
2008.09.11 09:52:40.992,1.746,1.7462,8.10,1.00
2008.09.11 09:52:45.655,1.746,1.7462,1.60,1.00
2008.09.11 09:52:45.962,1.74605,1.7462,1.00,1.00
2008.09.11 09:52:46.119,1.7461,1.7463,1.00,8.20
2008.09.11 09:52:46.442,1.7461,1.7463,1.00,3.60
2008.09.11 09:52:46.766,1.7461,1.7463,1.00,10.30
2008.09.11 09:52:51.114,1.74605,1.7461,1.80,3.20
2008.09.11 09:52:52.348,1.7461,1.74625,1.00,3.20
2008.09.11 09:52:52.583,1.7461,1.74625,1.00,3.50
2008.09.11 09:52:52.895,1.7461,1.7462,1.00,1.00
2008.09.11 09:52:53.148,1.7461,1.74625,1.00,3.50
2008.09.11 09:52:53.303,1.7461,1.74625,1.00,6.70
2008.09.11 09:52:53.383,1.74605,1.7461,1.10,3.20
2008.09.11 09:52:53.543,1.746,1.7461,4.80,3.20
2008.09.11 09:52:53.623,1.746,1.7461,2.70,3.20
2008.09.11 09:52:53.783,1.746,1.7461,1.00,3.20
2008.09.11 09:52:54.123,1.746,1.74615,1.00,3.20
2008.09.11 09:52:56.040,1.746,1.7461,1.00,3.20
2008.09.11 09:52:56.178,1.746,1.7461,1.00,3.50
2008.09.11 09:52:56.227,1.7459,1.7461,2.70,3.60
2008.09.11 09:52:56.319,1.7459,1.7461,1.00,3.60
2008.09.11 09:52:57.563,1.7459,1.7461,1.60,3.30
2008.09.11 09:52:57.887,1.7459,1.7461,4.30,3.30
2008.09.11 09:52:58.191,1.746,1.74615,1.00,3.20
2008.09.11 09:53:00.127,1.746,1.74615,1.00,3.50
2008.09.11 09:53:00.367,1.746,1.7461,1.00,3.20
2008.09.11 09:53:09.491,1.7459,1.7461,15.30,3.30
2008.09.11 09:53:09.751,1.7459,1.7461,13.50,3.30
2008.09.11 09:53:13.007,1.7459,1.7461,9.10,1.00
2008.09.11 09:53:13.150,1.7459,1.7461,1.60,1.00
2008.09.11 09:53:13.287,1.746,1.74615,3.70,3.50
2008.09.11 09:53:13.423,1.746,1.7462,3.70,7.90
2008.09.11 09:53:13.559,1.746,1.7462,3.70,3.30
2008.09.11 09:53:13.708,1.746,1.7462,5.90,3.30
2008.09.11 09:53:13.843,1.746,1.7462,8.10,3.30
2008.09.11 09:53:13.979,1.746,1.7462,8.10,1.00
2008.09.11 09:53:15.074,1.746,1.7462,9.70,1.00
2008.09.11 09:53:15.279,1.746,1.7462,1.60,1.00
2008.09.11 09:53:15.482,1.746,1.7462,3.20,1.00
2008.09.11 09:53:17.131,1.7461,1.74625,1.00,3.50
2008.09.11 09:53:17.915,1.7461,1.7462,1.00,3.20
2008.09.11 09:53:18.115,1.746,1.7462,2.70,3.30
2008.09.11 09:53:18.319,1.746,1.7462,1.00,3.30
2008.09.11 09:53:18.722,1.746,1.7462,1.60,7.60
2008.09.11 09:53:18.826,1.746,1.7462,1.60,5.50
2008.09.11 09:53:19.030,1.746,1.7462,1.60,3.30
2008.09.11 09:53:19.243,1.74555,1.746,2.10,3.50
2008.09.11 09:53:19.450,1.7456,1.746,1.60,3.60
2008.09.11 09:53:19.659,1.74555,1.7459,2.10,1.00
2008.09.11 09:53:19.870,1.7455,1.7459,11.60,1.00
2008.09.11 09:53:20.079,1.74545,1.7457,7.00,1.00
2008.09.11 09:53:20.287,1.74555,1.7456,4.80,1.00
2008.09.11 09:53:20.543,1.74555,1.7456,3.20,1.00
2008.09.11 09:53:20.799,1.7456,1.74565,1.00,1.00
2008.09.11 09:53:21.055,1.7456,1.74565,1.00,2.90
2008.09.11 09:53:21.311,1.7456,1.74565,1.00,8.30
2008.09.11 09:53:21.459,1.7454,1.74565,3.20,7.20
2008.09.11 09:53:21.607,1.7454,1.74555,3.20,2.70
2008.09.11 09:53:21.754,1.74535,1.7456,1.00,10.30
2008.09.11 09:53:21.902,1.74535,1.7456,1.00,10.60
2008.09.11 09:53:22.195,1.7455,1.7456,1.00,10.30
2008.09.11 09:53:22.535,1.7455,1.7456,1.00,3.20
2008.09.11 09:53:22.876,1.7454,1.7455,1.00,1.00
2008.09.11 09:53:23.215,1.7455,1.74555,1.00,7.40
2008.09.11 09:53:23.283,1.7455,1.74555,3.70,7.40
2008.09.11 09:53:23.415,1.7455,1.74555,3.70,7.10
2008.09.11 09:53:23.547,1.7455,1.74555,3.70,4.40
2008.09.11 09:53:23.614,1.7455,1.7457,3.70,1.00
2008.09.11 09:53:23.682,1.7455,1.74565,3.70,1.00
2008.09.11 09:53:23.751,1.74555,1.74565,3.20,1.00
2008.09.11 09:53:24.202,1.74555,1.7456,3.20,1.00
2008.09.11 09:53:24.563,1.7455,1.7456,1.00,1.00
2008.09.11 09:53:25.442,1.7455,1.74565,1.00,7.40
2008.09.11 09:53:25.739,1.7455,1.74565,1.00,4.70
2008.09.11 09:53:25.882,1.7455,1.74565,1.00,1.00
2008.09.11 09:53:26.027,1.7455,1.7457,1.00,3.60
2008.09.11 09:53:26.590,1.7455,1.7457,5.90,3.60
2008.09.11 09:53:26.954,1.7455,1.7457,5.90,1.00
2008.09.11 09:53:27.830,1.7455,1.7457,7.50,1.00
2008.09.11 09:53:28.171,1.7455,1.7457,9.70,1.00
2008.09.11 09:53:28.226,1.7455,1.7457,15.10,1.00
2008.09.11 09:53:28.466,1.7455,1.7457,1.60,1.00
2008.09.11 09:53:28.523,1.7455,1.7457,4.80,1.00
2008.09.11 09:53:28.593,1.7456,1.74575,1.00,4.70
2008.09.11 09:53:28.646,1.7456,1.74575,1.00,1.00
2008.09.11 09:53:29.055,1.7456,1.74575,2.10,1.00
2008.09.11 09:53:29.395,1.7456,1.7458,9.70,3.60
2008.09.11 09:53:29.749,1.7456,1.7458,9.70,1.00
2008.09.11 09:53:31.390,1.7456,1.7458,4.30,1.00
2008.09.11 09:53:31.458,1.7457,1.74585,1.00,3.50
2008.09.11 09:53:31.743,1.7456,1.7458,1.60,1.00
2008.09.11 09:53:31.940,1.74565,1.7458,3.70,1.00
2008.09.11 09:53:32.071,1.7457,1.7459,1.00,8.20
2008.09.11 09:53:32.382,1.7457,1.7459,1.00,3.60
2008.09.11 09:53:32.631,1.7457,1.7459,4.30,1.00
2008.09.11 09:53:32.892,1.74575,1.7459,2.70,1.00
2008.09.11 09:53:34.055,1.7458,1.74595,1.00,1.00
2008.09.11 09:53:34.562,1.7458,1.7459,1.00,3.50
2008.09.11 09:53:34.767,1.7457,1.7459,1.00,3.60
2008.09.11 09:53:35.651,1.7457,1.74585,1.00,1.00
2008.09.11 09:53:36.136,1.7457,1.74585,1.00,4.70
2008.09.11 09:53:36.378,1.7456,1.7458,9.70,1.00
2008.09.11 09:53:36.522,1.7456,1.7458,8.10,1.00
2008.09.11 09:53:36.666,1.7456,1.74575,8.10,1.00
2008.09.11 09:53:36.811,1.7456,1.7458,8.10,3.60
2008.09.11 09:53:37.094,1.7456,1.7458,3.70,3.60
2008.09.11 09:53:37.239,1.7456,1.7458,8.10,3.60
2008.09.11 09:53:37.674,1.7456,1.7458,8.10,1.00
2008.09.11 09:53:37.897,1.7456,1.74575,8.10,1.00
2008.09.11 09:53:38.114,1.7456,1.74575,3.70,1.00
2008.09.11 09:53:38.434,1.7456,1.7457,3.70,1.00
2008.09.11 09:53:38.542,1.7455,1.7457,8.10,3.60
2008.09.11 09:53:38.646,1.7455,1.7457,5.40,5.80
2008.09.11 09:53:38.750,1.7455,1.7457,3.70,7.90
2008.09.11 09:53:38.855,1.7455,1.7457,2.70,3.60
2008.09.11 09:53:38.958,1.7455,1.7457,1.00,3.60
2008.09.11 09:53:39.574,1.7455,1.7457,1.00,8.20
2008.09.11 09:53:40.526,1.7455,1.7457,1.00,10.90
2008.09.11 09:53:41.018,1.7455,1.7457,1.00,8.20
2008.09.11 09:53:41.216,1.7455,1.7457,1.00,7.90
2008.09.11 09:53:41.411,1.74545,1.7455,2.70,1.00
2008.09.11 09:53:41.728,1.74545,1.7456,7.00,4.70
2008.09.11 09:53:42.044,1.7454,1.7456,1.60,1.00
2008.09.11 09:53:42.379,1.7454,1.7456,4.30,1.00
2008.09.11 09:53:42.538,1.74545,1.7456,1.00,1.00
2008.09.11 09:53:43.734,1.7455,1.7456,1.00,1.00
2008.09.11 09:53:43.835,1.7455,1.7457,1.60,4.70
2008.09.11 09:53:44.030,1.7455,1.7457,1.60,1.00
2008.09.11 09:53:44.226,1.7455,1.7456,1.00,1.00
2008.09.11 09:53:44.327,1.7455,1.7456,1.00,15.30
2008.09.11 09:53:44.428,1.7454,1.7455,7.20,1.00
2008.09.11 09:53:44.535,1.7454,1.7455,3.20,1.00
2008.09.11 09:53:44.876,1.74535,1.7455,1.00,1.00
2008.09.11 09:53:45.557,1.74545,1.7455,1.00,1.00
2008.09.11 09:53:45.659,1.74545,1.7456,1.00,7.90
2008.09.11 09:53:45.764,1.74545,1.7456,1.00,3.30
2008.09.11 09:53:45.868,1.74545,1.7456,1.00,1.00
2008.09.11 09:53:47.751,1.7455,1.7456,1.00,1.00
2008.09.11 09:53:48.155,1.7455,1.7457,1.60,1.00
2008.09.11 09:53:50.651,1.7455,1.7457,4.30,1.00
2008.09.11 09:53:52.927,1.7455,1.7457,5.90,1.00
2008.09.11 09:53:53.166,1.7455,1.7457,3.20,1.00
2008.09.11 09:53:54.294,1.74555,1.7457,1.00,1.00
2008.09.11 09:53:55.787,1.7456,1.74575,1.60,3.20
2008.09.11 09:53:56.350,1.7456,1.7458,1.00,3.60
2008.09.11 09:53:57.852,1.74555,1.7457,1.00,1.00
2008.09.11 09:53:58.094,1.74555,1.7457,1.00,2.20
2008.09.11 09:54:00.926,1.7455,1.7457,1.60,2.20
2008.09.11 09:54:03.014,1.7455,1.7457,1.60,1.00
2008.09.11 09:54:03.295,1.7455,1.7457,3.20,1.00
2008.09.11 09:54:05.134,1.7455,1.7457,1.60,1.00
2008.09.11 09:54:09.728,1.7455,1.7457,4.30,1.00
2008.09.11 09:54:09.948,1.7456,1.7458,1.00,5.20
2008.09.11 09:54:10.154,1.7456,1.7458,1.00,3.60
2008.09.11 09:54:13.699,1.7455,1.7457,1.60,1.00
2008.09.11 09:54:13.966,1.7455,1.7457,1.60,2.20
2008.09.11 09:54:14.235,1.7455,1.7457,1.60,5.50
2008.09.11 09:54:18.802,1.7455,1.7457,4.30,5.50
2008.09.11 09:54:19.752,1.74555,1.7457,2.70,5.50
2008.09.11 09:54:20.011,1.7456,1.7457,1.00,3.20
2008.09.11 09:54:20.815,1.7455,1.7457,11.60,3.30
2008.09.11 09:54:20.984,1.7455,1.7457,7.50,5.50
2008.09.11 09:54:21.178,1.7455,1.7457,4.30,5.50
2008.09.11 09:54:21.830,1.7455,1.7457,4.30,7.10
2008.09.11 09:54:23.127,1.7455,1.7457,4.30,5.50
2008.09.11 09:54:24.826,1.7455,1.7457,1.60,5.50
2008.09.11 09:54:28.335,1.7455,1.7457,1.60,7.10
2008.09.11 09:54:28.554,1.7455,1.7457,4.30,7.10
2008.09.11 09:54:28.774,1.7455,1.7457,1.60,7.10
2008.09.11 09:54:29.223,1.7455,1.7457,1.60,11.40
2008.09.11 09:54:29.298,1.7455,1.7457,1.60,13.60
2008.09.11 09:54:29.671,1.74555,1.7457,2.70,4.70
2008.09.11 09:54:29.971,1.74565,1.7457,1.00,2.20
2008.09.11 09:54:30.270,1.74565,1.7458,3.70,1.00
2008.09.11 09:54:30.571,1.7457,1.7458,1.00,1.00
2008.09.11 09:54:31.016,1.74565,1.7458,3.70,1.00
2008.09.11 09:54:31.238,1.7457,1.7458,1.00,1.00
2008.09.11 09:54:31.944,1.7456,1.7458,8.90,5.50
2008.09.11 09:54:32.202,1.7456,1.7457,5.10,1.00
2008.09.11 09:54:32.326,1.74555,1.7457,3.70,1.00
2008.09.11 09:54:32.450,1.7456,1.7457,1.00,1.00
2008.09.11 09:54:32.659,1.7456,1.74575,1.60,3.20
2008.09.11 09:54:32.866,1.7456,1.74575,4.30,3.20
2008.09.11 09:54:33.279,1.74565,1.7458,1.00,1.00
2008.09.11 09:54:33.766,1.7456,1.7458,4.80,1.00
2008.09.11 09:54:33.910,1.7456,1.7458,4.80,5.50
2008.09.11 09:54:34.054,1.7456,1.7458,1.60,3.30
2008.09.11 09:54:37.239,1.74555,1.7456,1.80,1.00
2008.09.11 09:54:38.524,1.7456,1.7458,1.00,5.20
2008.09.11 09:54:39.594,1.7456,1.7458,1.00,3.60
2008.09.11 09:54:42.793,1.7456,1.7458,1.00,5.20
2008.09.11 09:54:43.131,1.7455,1.7457,1.60,3.30
2008.09.11 09:54:43.234,1.7455,1.7457,1.60,5.50
2008.09.11 09:54:43.643,1.7455,1.7457,1.60,7.10
2008.09.11 09:54:44.038,1.7455,1.7457,1.60,5.50
2008.09.11 09:54:44.415,1.7456,1.74575,1.00,5.40
2008.09.11 09:54:44.691,1.7455,1.7457,1.60,1.00
2008.09.11 09:54:44.967,1.7455,1.7457,1.00,1.00
2008.09.11 09:54:45.243,1.7455,1.7457,1.00,3.60
2008.09.11 09:54:46.799,1.7455,1.7457,1.00,3.30
2008.09.11 09:54:47.186,1.7455,1.7457,3.20,3.30
2008.09.11 09:54:47.226,1.7455,1.7457,4.30,3.30
2008.09.11 09:54:47.382,1.7455,1.7457,1.60,3.30
2008.09.11 09:54:47.626,1.7455,1.7457,1.60,1.00
2008.09.11 09:54:49.382,1.7455,1.7457,1.60,4.40
2008.09.11 09:54:49.566,1.7455,1.7457,1.60,4.70
2008.09.11 09:54:49.767,1.7455,1.7457,1.60,3.30
2008.09.11 09:54:49.969,1.7455,1.7457,1.60,1.00
2008.09.11 09:54:50.363,1.7455,1.7457,1.00,3.30
2008.09.11 09:54:51.414,1.7455,1.7457,1.60,3.30
2008.09.11 09:54:51.578,1.7455,1.7457,1.60,1.00
2008.09.11 09:54:51.918,1.7455,1.7457,1.00,1.00
2008.09.11 09:54:52.098,1.7455,1.7457,1.00,6.80
2008.09.11 09:54:52.279,1.7455,1.7457,1.00,3.30
2008.09.11 09:54:53.050,1.7455,1.7457,1.00,3.60
2008.09.11 09:54:53.382,1.7455,1.74565,1.00,3.20
2008.09.11 09:54:54.194,1.7455,1.7457,1.00,3.30
2008.09.11 09:54:55.494,1.7455,1.7457,4.30,3.30
2008.09.11 09:54:55.658,1.7455,1.7457,4.30,1.00
2008.09.11 09:54:55.822,1.7456,1.7457,1.00,1.00
2008.09.11 09:54:56.066,1.7456,1.74575,1.60,3.20
2008.09.11 09:54:56.190,1.7456,1.7458,1.60,1.00
2008.09.11 09:54:56.554,1.7456,1.7458,4.30,1.00
2008.09.11 09:54:57.901,1.7456,1.7458,1.60,1.00
2008.09.11 09:54:58.754,1.7456,1.7458,8.90,1.00
2008.09.11 09:54:58.818,1.7456,1.7458,3.20,1.00
2008.09.11 09:54:58.882,1.7456,1.7458,3.20,3.60
2008.09.11 09:54:59.790,1.7456,1.7458,1.00,3.60
2008.09.11 09:55:00.454,1.7456,1.7458,3.20,3.60
2008.09.11 09:55:00.652,1.7456,1.7458,1.60,1.70
2008.09.11 09:55:01.050,1.7456,1.7458,4.30,1.70
2008.09.11 09:55:01.340,1.7456,1.7458,3.20,3.60
2008.09.11 09:55:01.615,1.7456,1.7458,4.50,3.60
2008.09.11 09:55:01.890,1.7456,1.7458,1.00,3.60
2008.09.11 09:55:02.166,1.7456,1.7458,3.20,11.70
2008.09.11 09:55:02.407,1.7457,1.74585,1.00,9.00
2008.09.11 09:55:02.646,1.7456,1.7458,1.00,17.10
2008.09.11 09:55:02.886,1.7456,1.7458,1.00,17.40
2008.09.11 09:55:03.126,1.7456,1.74575,1.00,2.90
2008.09.11 09:55:03.378,1.7456,1.74575,1.00,7.40
2008.09.11 09:55:03.630,1.7456,1.7458,1.00,8.20
2008.09.11 09:55:03.758,1.7456,1.7458,1.00,3.60
2008.09.11 09:55:05.034,1.7456,1.7458,3.20,3.60
2008.09.11 09:55:05.333,1.7456,1.7458,1.60,3.30
2008.09.11 09:55:05.630,1.7456,1.7458,8.10,3.30
2008.09.11 09:55:05.939,1.7456,1.7458,5.90,1.00
2008.09.11 09:55:06.526,1.7456,1.7458,8.10,1.70
2008.09.11 09:55:07.847,1.7456,1.7458,8.10,1.00
2008.09.11 09:55:08.507,1.74565,1.7458,3.70,1.00
2008.09.11 09:55:08.627,1.7457,1.7459,1.00,3.30
2008.09.11 09:55:08.683,1.7457,1.7459,4.80,3.30
2008.09.11 09:55:08.790,1.7457,1.7459,3.20,3.30
2008.09.11 09:55:08.846,1.7457,1.7459,4.30,3.30
2008.09.11 09:55:08.902,1.7457,1.7459,4.30,4.90
2008.09.11 09:55:08.958,1.7458,1.74595,1.00,5.10
2008.09.11 09:55:09.014,1.7458,1.74595,1.00,3.50
2008.09.11 09:55:09.496,1.7458,1.7459,1.00,3.20
2008.09.11 09:55:09.837,1.7458,1.746,2.70,3.30
2008.09.11 09:55:10.180,1.7459,1.74605,1.00,8.10
2008.09.11 09:55:10.521,1.7459,1.74605,1.00,6.40
2008.09.11 09:55:10.716,1.7459,1.746,1.00,3.20
2008.09.11 09:55:10.924,1.746,1.7461,1.00,3.20
2008.09.11 09:55:11.119,1.746,1.74615,1.00,1.80
2008.09.11 09:55:11.314,1.7459,1.7461,4.80,1.00
2008.09.11 09:55:11.851,1.7458,1.746,5.90,3.60
2008.09.11 09:55:12.196,1.7458,1.746,1.00,3.30
2008.09.11 09:55:12.535,1.74585,1.746,1.00,2.20
2008.09.11 09:55:12.848,1.74585,1.746,1.00,1.00
2008.09.11 09:55:13.158,1.74585,1.746,2.70,1.00
2008.09.11 09:55:14.303,1.74585,1.7459,2.70,3.20
2008.09.11 09:55:14.644,1.7458,1.746,4.30,3.30
2008.09.11 09:55:14.978,1.74585,1.746,3.70,3.30
2008.09.11 09:55:15.299,1.74585,1.746,3.70,3.90
2008.09.11 09:55:15.968,1.74585,1.746,3.70,2.20
2008.09.11 09:55:16.122,1.7459,1.746,1.00,2.10
2008.09.11 09:55:16.279,1.7459,1.7461,1.00,7.40
2008.09.11 09:55:16.434,1.7459,1.7461,1.00,7.10
2008.09.11 09:55:16.590,1.7459,1.7461,1.00,3.90
2008.09.11 09:55:17.083,1.7459,1.7461,1.00,4.10
2008.09.11 09:55:17.762,1.7459,1.746,1.00,1.60
2008.09.11 09:55:18.003,1.7458,1.746,4.80,4.90
2008.09.11 09:55:18.122,1.7458,1.746,4.30,4.90
2008.09.11 09:55:18.246,1.7458,1.746,4.30,1.70
2008.09.11 09:55:18.478,1.7459,1.746,1.00,1.60
2008.09.11 09:55:18.598,1.7459,1.74605,1.00,4.80
2008.09.11 09:55:19.384,1.7459,1.746,1.00,1.60
2008.09.11 09:55:20.814,1.7459,1.746,1.00,1.80
2008.09.11 09:55:20.938,1.7458,1.74595,6.70,1.00
2008.09.11 09:55:21.063,1.7458,1.74595,4.80,1.00
2008.09.11 09:55:21.127,1.7458,1.74595,2.70,1.00
2008.09.11 09:55:21.250,1.7458,1.74595,1.00,1.00
2008.09.11 09:55:21.314,1.7459,1.74595,2.70,1.00
2008.09.11 09:55:21.378,1.7459,1.746,2.70,12.80
2008.09.11 09:55:21.442,1.7459,1.746,2.70,7.40
2008.09.11 09:55:21.506,1.746,1.74605,1.00,7.60
2008.09.11 09:55:21.585,1.746,1.7461,1.00,8.20
2008.09.11 09:55:21.646,1.74595,1.746,1.10,4.70
2008.09.11 09:55:21.777,1.7459,1.746,4.50,5.60
2008.09.11 09:55:22.118,1.7459,1.746,1.00,11.70
2008.09.11 09:55:22.477,1.74585,1.7459,1.10,1.00
2008.09.11 09:55:23.106,1.74585,1.7459,1.10,2.90
2008.09.11 09:55:23.234,1.7458,1.7459,5.90,7.20
2008.09.11 09:55:23.362,1.7458,1.7459,5.90,11.70
2008.09.11 09:55:23.491,1.7458,1.7459,5.90,2.90
2008.09.11 09:55:23.618,1.7458,1.7459,5.90,7.40
2008.09.11 09:55:24.546,1.7458,1.74585,5.40,7.40
2008.09.11 09:55:26.215,1.7458,1.74585,5.40,1.00
2008.09.11 09:55:27.431,1.7457,1.7458,5.90,1.00
2008.09.11 09:55:27.689,1.7458,1.74585,5.40,11.40
2008.09.11 09:55:27.945,1.7458,1.74585,5.40,10.50
2008.09.11 09:55:28.134,1.7458,1.74585,5.40,8.50
2008.09.11 09:55:28.322,1.7458,1.74585,5.40,4.10
2008.09.11 09:55:29.341,1.7458,1.74585,5.40,6.20
2008.09.11 09:55:30.746,1.7458,1.74585,5.40,3.60
2008.09.11 09:55:32.050,1.7458,1.74585,5.40,10.40
2008.09.11 09:55:32.226,1.7456,1.7458,5.90,7.20
2008.09.11 09:55:32.722,1.7458,1.74585,5.40,14.70
2008.09.11 09:55:33.366,1.7456,1.74575,5.90,1.00
2008.09.11 09:55:33.602,1.7458,1.74585,5.40,23.20
2008.09.11 09:55:37.200,1.7454,1.7457,8.10,1.00
2008.09.11 09:55:39.181,1.7455,1.7457,8.10,1.00
2008.09.11 09:55:41.709,1.7455,1.7457,8.10,1.00
2008.09.11 09:55:42.278,1.7455,1.7457,3.70,3.30
2008.09.11 09:55:42.970,1.7455,1.7457,3.70,3.60
2008.09.11 09:55:43.096,1.7455,1.7457,3.70,9.90
2008.09.11 09:55:43.222,1.7455,1.7457,2.70,9.90
2008.09.11 09:55:43.346,1.7455,1.7457,4.80,5.50
2008.09.11 09:55:43.591,1.7455,1.7457,2.70,12.00
2008.09.11 09:55:44.051,1.7454,1.7456,3.70,6.00
2008.09.11 09:55:44.391,1.7454,1.7456,3.70,10.50
2008.09.11 09:55:45.403,1.7454,1.7456,1.00,3.60
2008.09.11 09:55:46.082,1.7454,1.7456,1.00,5.20
2008.09.11 09:55:46.370,1.7454,1.7456,3.20,5.20
2008.09.11 09:55:46.430,1.7454,1.7456,4.30,4.90
2008.09.11 09:55:46.490,1.7455,1.7456,1.00,4.80
2008.09.11 09:55:46.550,1.7455,1.74555,1.00,3.20
2008.09.11 09:55:47.048,1.7453,1.7455,1.00,14.80
2008.09.11 09:55:47.362,1.7453,1.7455,2.70,9.80
2008.09.11 09:55:47.678,1.7453,1.7455,1.00,3.60
2008.09.11 09:55:47.994,1.7453,1.7455,4.30,3.30
2008.09.11 09:55:48.280,1.7453,1.7455,8.30,3.30
2008.09.11 09:55:48.422,1.74535,1.7455,2.70,3.30
2008.09.11 09:55:48.566,1.7453,1.7455,4.30,1.70
2008.09.11 09:55:48.710,1.74535,1.7455,1.00,1.70
2008.09.11 09:55:48.854,1.7453,1.7455,7.20,1.70
2008.09.11 09:55:49.106,1.7453,1.7455,3.20,1.70
2008.09.11 09:55:49.234,1.74535,1.7455,1.00,1.70
2008.09.11 09:55:49.362,1.7454,1.7455,1.00,1.60
2008.09.11 09:55:50.534,1.7453,1.7455,4.50,1.00
2008.09.11 09:55:50.874,1.7453,1.7455,4.30,1.00
2008.09.11 09:55:50.954,1.7453,1.7455,1.60,1.00
2008.09.11 09:55:51.110,1.7453,1.7455,1.60,3.60
2008.09.11 09:55:51.375,1.7453,1.7455,9.10,3.60
2008.09.11 09:55:51.606,1.7453,1.7455,11.00,2.50
2008.09.11 09:55:51.840,1.7453,1.7454,11.00,3.20
2008.09.11 09:55:52.078,1.7452,1.7454,3.70,3.60
2008.09.11 09:55:52.318,1.7452,1.7454,3.20,17.80
2008.09.11 09:55:52.794,1.7452,1.7454,3.70,14.80
2008.09.11 09:55:53.034,1.7452,1.74535,3.70,6.30
2008.09.11 09:55:53.178,1.7451,1.7452,5.60,1.00
2008.09.11 09:55:53.322,1.7451,1.74535,1.60,16.40
2008.09.11 09:55:53.466,1.7451,1.7453,1.00,1.70
2008.09.11 09:55:53.610,1.7451,1.7453,1.00,7.40
2008.09.11 09:55:53.759,1.7451,1.7453,1.00,9.50
2008.09.11 09:55:54.194,1.7451,1.7453,1.60,2.20
2008.09.11 09:55:54.490,1.7451,1.7453,1.60,3.30
2008.09.11 09:55:55.630,1.7451,1.7453,1.60,1.00
2008.09.11 09:55:56.467,1.74515,1.7453,3.70,1.00
2008.09.11 09:55:56.750,1.7452,1.7453,1.00,1.00
2008.09.11 09:55:57.314,1.7452,1.7454,1.60,1.00
2008.09.11 09:55:57.862,1.7452,1.7454,4.30,1.00
2008.09.11 09:55:58.138,1.74525,1.7454,1.00,1.00
2008.09.11 09:56:00.310,1.7452,1.7454,3.70,3.30
2008.09.11 09:56:00.546,1.7452,1.7454,1.00,3.60
2008.09.11 09:56:00.783,1.7452,1.7454,1.60,3.30
2008.09.11 09:56:01.018,1.7452,1.74535,1.60,3.20
2008.09.11 09:56:03.921,1.7453,1.74535,2.70,3.20
2008.09.11 09:56:04.164,1.7454,1.74545,1.00,5.60
2008.09.11 09:56:04.300,1.7453,1.74535,17.00,3.20
2008.09.11 09:56:04.365,1.7453,1.74535,4.50,3.20
2008.09.11 09:56:04.583,1.7453,1.7455,2.70,8.20
2008.09.11 09:56:04.802,1.7453,1.74545,1.00,3.20
2008.09.11 09:56:05.238,1.7453,1.7455,1.00,3.60
2008.09.11 09:56:06.026,1.7453,1.7455,1.00,1.70
2008.09.11 09:56:06.170,1.7453,1.74545,1.00,3.20
2008.09.11 09:56:06.878,1.7453,1.74555,1.00,3.60
2008.09.11 09:56:08.322,1.7453,1.7455,1.00,3.60
2008.09.11 09:56:08.686,1.7453,1.7455,1.00,6.30
2008.09.11 09:56:08.810,1.7453,1.7455,1.00,10.90
2008.09.11 09:56:08.934,1.7453,1.7454,1.00,1.00
2008.09.11 09:56:09.275,1.7454,1.7455,2.70,4.40
2008.09.11 09:56:09.614,1.7453,1.74535,1.00,1.00
2008.09.11 09:56:09.954,1.74525,1.7453,1.10,3.20
2008.09.11 09:56:10.679,1.7452,1.7453,1.00,3.20
2008.09.11 09:56:12.282,1.7452,1.7453,1.00,3.50
2008.09.11 09:56:12.527,1.7451,1.7453,1.00,3.60
2008.09.11 09:56:13.251,1.7451,1.7453,1.60,3.30
2008.09.11 09:56:15.326,1.7452,1.74535,1.00,3.20
2008.09.11 09:56:15.593,1.7452,1.7453,1.00,1.70
2008.09.11 09:56:15.849,1.74505,1.7451,4.70,1.00
2008.09.11 09:56:16.104,1.745,1.7451,13.20,1.00
2008.09.11 09:56:16.358,1.745,1.7451,1.00,1.00
2008.09.11 09:56:17.563,1.745,1.7451,1.60,3.40
2008.09.11 09:56:19.978,1.745,1.74515,1.60,3.20
2008.09.11 09:56:20.424,1.745,1.7452,2.70,3.30
2008.09.11 09:56:20.646,1.745,1.74515,2.70,3.20
2008.09.11 09:56:28.039,1.745,1.74515,4.80,3.20
2008.09.11 09:56:29.678,1.745,1.7452,4.80,3.30
2008.09.11 09:56:29.798,1.745,1.7452,1.60,3.30
2008.09.11 09:56:31.274,1.7451,1.7452,1.00,3.20
2008.09.11 09:56:31.932,1.7451,1.7453,1.00,3.60
2008.09.11 09:56:33.966,1.7451,1.74525,1.00,2.90
2008.09.11 09:56:34.137,1.7451,1.7452,1.00,2.90
2008.09.11 09:56:34.302,1.74495,1.745,4.70,7.50
2008.09.11 09:56:34.473,1.74505,1.7451,1.10,5.40
2008.09.11 09:56:34.770,1.7449,1.745,8.10,3.20
2008.09.11 09:56:35.084,1.7449,1.745,1.60,3.20
2008.09.11 09:56:35.382,1.74495,1.745,1.00,3.20
2008.09.11 09:56:35.683,1.745,1.7451,1.00,1.00
2008.09.11 09:56:35.963,1.745,1.7452,1.60,3.30
2008.09.11 09:56:38.494,1.7451,1.7452,1.00,3.20
2008.09.11 09:56:38.791,1.7451,1.7452,2.70,3.20
2008.09.11 09:56:39.692,1.7451,1.7453,2.70,3.60
2008.09.11 09:56:43.570,1.7451,1.74525,2.70,3.20
2008.09.11 09:56:44.866,1.7451,1.7453,2.70,3.60
2008.09.11 09:56:45.270,1.7452,1.7453,1.00,3.20
2008.09.11 09:56:45.610,1.7451,1.7453,4.80,2.80
2008.09.11 09:56:45.950,1.7451,1.7453,2.70,10.80
2008.09.11 09:56:46.290,1.7451,1.7453,2.70,3.30
2008.09.11 09:56:48.010,1.7451,1.7453,2.70,6.30
2008.09.11 09:56:48.178,1.7451,1.7453,1.00,6.30
2008.09.11 09:56:48.346,1.7451,1.74525,1.00,3.20
2008.09.11 09:56:48.514,1.7451,1.7453,1.60,7.40
2008.09.11 09:56:48.610,1.7452,1.74525,1.00,7.10
2008.09.11 09:56:48.706,1.7452,1.7453,1.00,7.40
2008.09.11 09:56:48.801,1.7451,1.7453,2.70,7.60
2008.09.11 09:56:49.082,1.7451,1.7453,1.00,7.60
2008.09.11 09:56:49.454,1.7451,1.7452,1.00,3.20
2008.09.11 09:56:50.147,1.745,1.7452,1.60,3.30
2008.09.11 09:56:54.974,1.745,1.7452,4.80,3.30
2008.09.11 09:56:55.923,1.745,1.7452,1.60,3.30
2008.09.11 09:56:56.118,1.745,1.7452,1.60,6.00
2008.09.11 09:56:56.315,1.745,1.7452,1.60,10.60
2008.09.11 09:56:56.510,1.745,1.74515,1.60,3.20
2008.09.11 09:56:56.902,1.74505,1.74515,1.00,3.20
2008.09.11 09:56:57.146,1.74505,1.7452,1.00,1.00
2008.09.11 09:56:57.391,1.7451,1.7452,1.00,1.00
2008.09.11 09:56:57.635,1.745,1.7452,1.60,10.30
2008.09.11 09:56:57.878,1.745,1.7452,4.80,14.90
2008.09.11 09:56:58.138,1.745,1.7452,1.60,3.30
2008.09.11 09:56:59.588,1.745,1.7452,4.80,3.30
2008.09.11 09:56:59.752,1.745,1.7452,1.60,6.00
2008.09.11 09:56:59.914,1.745,1.7452,1.60,3.30
2008.09.11 09:57:02.252,1.745,1.7452,1.60,14.90
2008.09.11 09:57:02.782,1.7451,1.7452,1.00,3.20
2008.09.11 09:57:03.050,1.7451,1.7452,1.60,3.20
2008.09.11 09:57:03.358,1.7451,1.74525,1.60,3.20
2008.09.11 09:57:03.514,1.74515,1.74525,1.00,3.20
2008.09.11 09:57:03.974,1.7452,1.74535,1.00,3.20
2008.09.11 09:57:04.618,1.7452,1.7454,1.00,10.90
2008.09.11 09:57:04.958,1.7452,1.74535,1.00,3.20
2008.09.11 09:57:05.488,1.7452,1.74535,3.20,3.20
2008.09.11 09:57:05.666,1.7454,1.74545,1.00,13.40
2008.09.11 09:57:05.846,1.7453,1.7455,8.10,5.80
2008.09.11 09:57:06.026,1.7453,1.7455,8.10,3.60
2008.09.11 09:57:06.906,1.7453,1.74545,1.00,9.00
2008.09.11 09:57:07.069,1.7453,1.7454,1.00,2.90
2008.09.11 09:57:07.226,1.7453,1.7454,1.00,7.40
2008.09.11 09:57:07.639,1.74525,1.7453,1.10,3.20
2008.09.11 09:57:08.678,1.7452,1.7453,1.00,3.20
2008.09.11 09:57:08.862,1.7452,1.74535,1.00,3.20
2008.09.11 09:57:09.052,1.7452,1.7454,1.00,3.60
2008.09.11 09:57:10.146,1.7451,1.7453,1.60,2.80
2008.09.11 09:57:10.424,1.7451,1.7453,1.60,11.70
2008.09.11 09:57:10.658,1.7451,1.7453,1.60,3.30
2008.09.11 09:57:11.094,1.7451,1.7453,2.70,3.30
2008.09.11 09:57:11.314,1.7451,1.7453,2.10,10.60
2008.09.11 09:57:11.534,1.7451,1.7453,1.60,3.30
2008.09.11 09:57:11.742,1.7452,1.7453,3.70,3.20
2008.09.11 09:57:11.950,1.7451,1.7453,1.60,10.60
2008.09.11 09:57:12.158,1.7451,1.74525,6.40,7.20
2008.09.11 09:57:12.366,1.7451,1.74525,4.30,11.70
2008.09.11 09:57:12.574,1.7451,1.7452,4.30,11.70
2008.09.11 09:57:12.882,1.7451,1.7452,2.70,7.40
2008.09.11 09:57:13.495,1.74505,1.7451,5.50,11.40
2008.09.11 09:57:13.590,1.74505,1.7451,5.40,11.40
2008.09.11 09:57:13.779,1.74505,1.7451,3.20,11.40
2008.09.11 09:57:13.877,1.74505,1.7451,3.20,15.70
2008.09.11 09:57:13.970,1.745,1.7451,9.70,11.40
2008.09.11 09:57:14.066,1.745,1.74515,9.70,11.70
2008.09.11 09:57:14.830,1.745,1.74515,8.10,11.70
2008.09.11 09:57:15.131,1.745,1.74515,5.90,7.40
2008.09.11 09:57:15.431,1.745,1.74515,1.00,7.40
2008.09.11 09:57:16.282,1.745,1.74515,3.70,7.40
2008.09.11 09:57:16.654,1.745,1.7452,3.70,4.90
2008.09.11 09:57:17.027,1.745,1.7452,3.70,13.00
2008.09.11 09:57:19.347,1.745,1.7452,3.70,3.10
2008.09.11 09:57:19.494,1.745,1.7451,3.70,1.00
2008.09.11 09:57:19.642,1.745,1.7451,3.20,7.90
2008.09.11 09:57:19.718,1.7449,1.7451,1.60,7.90
2008.09.11 09:57:19.866,1.745,1.74515,1.00,3.10
2008.09.11 09:57:19.947,1.745,1.74515,1.00,2.90
2008.09.11 09:57:20.286,1.745,1.7451,2.70,2.10
2008.09.11 09:57:20.626,1.745,1.74515,2.70,3.20
2008.09.11 09:57:20.966,1.745,1.74515,1.60,3.20
2008.09.11 09:57:21.102,1.745,1.7452,1.60,2.20
2008.09.11 09:57:21.237,1.745,1.7452,1.60,1.00
2008.09.11 09:57:22.518,1.7451,1.7452,1.00,3.20
2008.09.11 09:57:30.430,1.745,1.7452,22.40,1.00
2008.09.11 09:57:31.105,1.745,1.7452,1.60,1.00
2008.09.11 09:57:31.446,1.745,1.7452,27.80,1.00
2008.09.11 09:57:31.530,1.745,1.7452,25.90,1.00
2008.09.11 09:57:32.373,1.745,1.7452,25.90,1.00
2008.09.11 09:57:32.457,1.7451,1.74525,1.00,3.50
2008.09.11 09:57:33.389,1.7451,1.74525,1.00,3.60
2008.09.11 09:57:34.005,1.7451,1.7452,1.00,3.20
2008.09.11 09:57:36.869,1.7451,1.74525,1.00,3.50
2008.09.11 09:57:37.613,1.7451,1.74525,1.00,3.20
2008.09.11 09:57:39.931,1.7451,1.74525,1.00,3.50
2008.09.11 09:57:42.454,1.7451,1.74525,1.00,7.40
2008.09.11 09:57:43.153,1.7451,1.74525,1.00,3.50
2008.09.11 09:57:44.906,1.7451,1.74525,1.00,7.40
2008.09.11 09:57:57.225,1.7451,1.74525,1.00,3.50
2008.09.11 09:57:57.759,1.7451,1.74525,1.00,3.20
2008.09.11 09:57:59.974,1.7451,1.7453,1.00,3.60
2008.09.11 09:58:00.266,1.74515,1.7453,7.00,3.60
2008.09.11 09:58:00.422,1.7453,1.74535,1.00,9.40
2008.09.11 09:58:00.570,1.7452,1.7453,8.90,3.20
2008.09.11 09:58:00.733,1.7452,1.7453,9.90,3.20
2008.09.11 09:58:01.018,1.7453,1.74535,1.00,3.20
2008.09.11 09:58:01.874,1.7452,1.74535,6.70,3.20
2008.09.11 09:58:02.045,1.7452,1.74535,2.70,3.20
2008.09.11 09:58:02.301,1.7452,1.7454,2.70,3.30
2008.09.11 09:58:02.395,1.7452,1.74535,1.00,3.20
2008.09.11 09:58:03.858,1.7451,1.7453,1.60,12.20
2008.09.11 09:58:04.021,1.7451,1.7453,3.70,12.80
2008.09.11 09:58:04.077,1.7451,1.74525,3.70,3.20
2008.09.11 09:58:04.541,1.7451,1.7452,3.70,3.20
2008.09.11 09:58:04.597,1.7451,1.7452,1.00,3.20
2008.09.11 09:58:04.814,1.745,1.7452,1.60,3.30
2008.09.11 09:58:05.701,1.74515,1.7452,1.10,1.60
2008.09.11 09:58:06.039,1.7451,1.7452,10.20,1.60
2008.09.11 09:58:06.242,1.7451,1.7452,1.60,1.60
2008.09.11 09:58:06.445,1.7451,1.7454,1.60,1.00
2008.09.11 09:58:06.849,1.7452,1.7454,2.70,7.60
2008.09.11 09:58:07.053,1.7452,1.7454,1.00,2.10
2008.09.11 09:58:07.257,1.7452,1.74535,1.00,3.20
2008.09.11 09:58:09.949,1.7452,1.74535,1.60,3.20
2008.09.11 09:58:10.481,1.7452,1.7454,4.80,4.10
2008.09.11 09:58:10.617,1.7452,1.7454,4.80,18.20
2008.09.11 09:58:10.869,1.7452,1.7454,1.00,18.40
2008.09.11 09:58:10.994,1.7452,1.74535,1.00,3.20
2008.09.11 09:58:11.122,1.7452,1.74535,1.60,3.20
2008.09.11 09:58:11.986,1.7452,1.7454,1.60,1.00
2008.09.11 09:58:13.062,1.74525,1.7454,1.00,1.00
2008.09.11 09:58:13.238,1.7453,1.7455,1.00,3.60
2008.09.11 09:58:13.414,1.7453,1.7455,2.70,3.60
2008.09.11 09:58:15.345,1.7453,1.7455,2.70,3.30
2008.09.11 09:58:15.613,1.7454,1.74555,1.00,8.90
2008.09.11 09:58:15.881,1.7453,1.7455,12.10,3.30
2008.09.11 09:58:16.017,1.7453,1.7455,4.80,3.30
2008.09.11 09:58:17.009,1.7453,1.7455,1.60,3.30
2008.09.11 09:58:18.059,1.74535,1.7455,1.00,3.30
2008.09.11 09:58:19.301,1.7453,1.7455,1.60,3.30
2008.09.11 09:58:25.829,1.7453,1.7455,4.80,3.30
2008.09.11 09:58:26.038,1.7453,1.7455,1.00,3.60
2008.09.11 09:58:26.461,1.7453,1.7455,1.60,3.30
2008.09.11 09:58:26.874,1.74535,1.7455,1.00,3.30
2008.09.11 09:58:27.081,1.7453,1.7455,1.60,3.30
2008.09.11 09:58:28.426,1.7453,1.7455,1.60,5.50
2008.09.11 09:58:31.900,1.7453,1.7455,1.60,5.80
2008.09.11 09:58:32.054,1.7453,1.7455,1.60,5.50
2008.09.11 09:58:34.149,1.74535,1.7455,1.00,5.50
2008.09.11 09:58:34.235,1.74535,1.7455,1.00,3.30
2008.09.11 09:58:35.594,1.7453,1.7455,1.60,3.30
2008.09.11 09:58:46.894,1.74535,1.7455,1.00,3.30
2008.09.11 09:58:51.675,1.7454,1.7455,4.30,3.20
2008.09.11 09:58:51.894,1.7454,1.74555,4.30,3.20
2008.09.11 09:58:53.031,1.7454,1.7456,4.30,3.30
2008.09.11 09:58:53.690,1.74545,1.7456,2.70,3.30
2008.09.11 09:58:54.593,1.7455,1.7456,1.60,3.20
2008.09.11 09:58:54.873,1.7455,1.7456,4.30,3.20
2008.09.11 09:58:55.154,1.7456,1.7457,1.00,4.40
2008.09.11 09:58:55.433,1.7456,1.74575,3.20,3.20
2008.09.11 09:58:55.689,1.7456,1.74575,4.30,3.20
2008.09.11 09:58:56.740,1.7457,1.74575,1.00,3.20
2008.09.11 09:58:56.836,1.74565,1.7458,1.00,1.00
2008.09.11 09:58:57.021,1.7457,1.7459,1.00,3.60
2008.09.11 09:58:57.490,1.7457,1.74585,1.00,1.00
2008.09.11 09:58:58.893,1.7457,1.7459,1.00,3.60
2008.09.11 09:58:59.377,1.7457,1.7459,1.00,16.80
2008.09.11 09:58:59.938,1.7457,1.7459,1.00,9.80
2008.09.11 09:59:00.181,1.7457,1.7459,1.00,12.00
2008.09.11 09:59:00.665,1.7457,1.7459,1.00,3.60
2008.09.11 09:59:00.909,1.7457,1.74585,1.00,1.00
2008.09.11 09:59:01.510,1.7457,1.7459,1.00,3.60
2008.09.11 09:59:01.793,1.7457,1.7459,1.00,6.30
2008.09.11 09:59:02.073,1.7457,1.7459,1.00,10.90
2008.09.11 09:59:02.265,1.7457,1.74585,1.00,3.20
2008.09.11 09:59:08.305,1.7457,1.74585,1.00,7.60
2008.09.11 09:59:08.370,1.7457,1.74585,1.00,7.90
2008.09.11 09:59:08.517,1.7456,1.7458,8.10,7.40
2008.09.11 09:59:08.665,1.7457,1.74585,1.00,7.90
2008.09.11 09:59:08.813,1.7457,1.74585,1.00,3.50
2008.09.11 09:59:11.023,1.7457,1.74585,1.00,3.20
2008.09.11 09:59:11.209,1.7457,1.7459,1.00,10.90
2008.09.11 09:59:11.305,1.7457,1.7459,2.70,10.90
2008.09.11 09:59:11.493,1.7457,1.7459,2.70,10.60
2008.09.11 09:59:11.585,1.7458,1.7459,1.00,10.30
2008.09.11 09:59:11.677,1.7458,1.7459,1.00,7.60
2008.09.11 09:59:11.769,1.7458,1.7459,1.00,3.20
2008.09.11 09:59:11.862,1.7457,1.7459,6.70,10.30
2008.09.11 09:59:11.957,1.7457,1.7459,2.70,14.90
2008.09.11 09:59:12.313,1.7457,1.7459,2.70,12.20
2008.09.11 09:59:13.105,1.7457,1.7459,2.70,3.30
2008.09.11 09:59:14.361,1.7457,1.7459,2.70,3.60
2008.09.11 09:59:16.426,1.7457,1.7459,1.00,3.60
2008.09.11 09:59:16.623,1.7457,1.74585,1.00,3.20
2008.09.11 09:59:17.158,1.7457,1.7459,3.70,18.40
2008.09.11 09:59:17.253,1.74575,1.7459,2.70,18.40
2008.09.11 09:59:17.349,1.74575,1.7459,5.90,10.60
2008.09.11 09:59:17.445,1.7459,1.746,1.00,6.10
2008.09.11 09:59:17.554,1.7459,1.746,1.00,2.90
2008.09.11 09:59:17.649,1.7458,1.746,6.70,3.10
2008.09.11 09:59:17.865,1.7458,1.74595,1.00,3.20
2008.09.11 09:59:19.061,1.7457,1.7459,4.80,1.00
2008.09.11 09:59:19.233,1.7457,1.7459,4.80,3.30
2008.09.11 09:59:19.489,1.7457,1.7459,1.60,3.30
2008.09.11 09:59:19.657,1.7458,1.7459,1.00,3.20
2008.09.11 09:59:20.333,1.7458,1.74595,1.00,3.50
2008.09.11 09:59:21.205,1.7458,1.74595,1.00,3.20
2008.09.11 09:59:21.798,1.7457,1.7459,1.60,3.30
2008.09.11 09:59:22.837,1.7458,1.7459,1.00,3.20
2008.09.11 09:59:23.573,1.7458,1.74595,1.00,3.50
2008.09.11 09:59:23.817,1.7458,1.74595,1.00,7.40
2008.09.11 09:59:24.177,1.7457,1.7459,1.60,1.00
2008.09.11 09:59:24.742,1.7458,1.74595,1.00,4.70
2008.09.11 09:59:24.858,1.7458,1.74595,1.00,1.00
2008.09.11 09:59:27.089,1.7458,1.74595,1.00,2.80
2008.09.11 09:59:27.353,1.7457,1.7459,3.20,2.20
2008.09.11 09:59:27.600,1.7457,1.7459,3.20,7.40
2008.09.11 09:59:28.092,1.7457,1.7459,1.60,10.60
2008.09.11 09:59:28.405,1.7457,1.7459,9.70,10.60
2008.09.11 09:59:28.877,1.7457,1.7459,9.70,7.90
2008.09.11 09:59:29.037,1.7457,1.7459,9.70,3.30
2008.09.11 09:59:29.461,1.7458,1.7459,1.00,3.20
2008.09.11 09:59:29.890,1.7458,1.74595,1.00,12.90
2008.09.11 09:59:32.481,1.7458,1.7459,1.60,9.80
2008.09.11 09:59:32.741,1.7457,1.7459,3.20,9.80
2008.09.11 09:59:36.081,1.7457,1.7459,1.60,10.30
2008.09.11 09:59:36.341,1.7457,1.7459,1.60,3.30
2008.09.11 09:59:36.603,1.7457,1.7459,1.60,1.00
2008.09.11 09:59:36.730,1.7457,1.7459,3.20,1.00
2008.09.11 09:59:36.849,1.7457,1.7459,5.40,1.00
2008.09.11 09:59:37.093,1.7457,1.7459,1.60,1.00
2008.09.11 09:59:37.433,1.7457,1.7459,9.70,1.00
2008.09.11 09:59:37.555,1.7457,1.7459,11.60,1.00
2008.09.11 09:59:37.893,1.7457,1.7459,11.60,6.60
2008.09.11 09:59:38.229,1.7457,1.7459,7.80,7.10
2008.09.11 09:59:38.565,1.7457,1.7459,4.30,7.50
2008.09.11 09:59:38.661,1.7457,1.7459,4.30,10.80
2008.09.11 09:59:38.753,1.7457,1.7459,2.10,10.80
2008.09.11 09:59:38.845,1.74575,1.7459,2.70,10.80
2008.09.11 09:59:38.937,1.74575,1.7459,9.10,7.90
2008.09.11 09:59:39.033,1.7459,1.74595,1.00,6.00
2008.09.11 09:59:39.313,1.7458,1.7459,1.00,3.20
2008.09.11 09:59:40.049,1.7458,1.74595,1.00,3.30
2008.09.11 09:59:41.038,1.7457,1.7459,2.10,3.30
2008.09.11 09:59:42.046,1.7457,1.7459,2.10,3.60
2008.09.11 09:59:42.342,1.7457,1.74585,2.10,3.20
2008.09.11 09:59:43.195,1.74575,1.7458,1.60,1.00
2008.09.11 09:59:43.229,1.7457,1.7458,3.70,1.00
2008.09.11 09:59:43.534,1.7457,1.7458,1.60,1.00
2008.09.11 09:59:43.554,1.7456,1.7458,3.70,1.00
2008.09.11 09:59:43.724,1.7456,1.7458,3.70,3.30
2008.09.11 09:59:43.743,1.7456,1.7458,1.60,3.30
2008.09.11 09:59:44.049,1.7458,1.7459,1.00,10.00
2008.09.11 09:59:44.514,1.7458,1.7459,1.60,7.80
2008.09.11 09:59:44.890,1.7458,1.74595,1.60,3.20
2008.09.11 09:59:50.045,1.7458,1.74595,1.60,3.50
2008.09.11 09:59:50.261,1.7458,1.7459,1.00,1.00
2008.09.11 09:59:50.494,1.7458,1.74585,1.00,1.00
2008.09.11 09:59:50.835,1.7456,1.7458,3.70,3.10
2008.09.11 09:59:51.174,1.7456,1.7457,5.90,3.20
2008.09.11 09:59:51.873,1.7456,1.74575,5.90,3.20
