2014.02.17 01:00:03.081,1.67589,1.676,1.50,1.00
2014.02.17 01:00:03.182,1.67588,1.67597,2.25,1.00
2014.02.17 01:00:03.374,1.67588,1.676,2.25,1.00
2014.02.17 01:00:07.620,1.67589,1.676,1.20,1.00
2014.02.17 01:00:07.721,1.67591,1.67602,1.20,1.00
2014.02.17 01:00:08.234,1.67591,1.67603,1.95,1.58
2014.02.17 01:00:11.192,1.67591,1.67602,1.20,1.00
2014.02.17 01:00:11.696,1.67591,1.67601,1.20,1.00
2014.02.17 01:00:16.590,1.67591,1.67602,1.20,1.00
2014.02.17 01:00:21.419,1.67595,1.67603,1.38,1.10
2014.02.17 01:00:21.572,1.67591,1.67601,1.20,1.00
2014.02.17 01:00:23.610,1.67591,1.67601,1.20,1.00
2014.02.17 01:00:26.530,1.67591,1.67598,1.20,1.00
2014.02.17 01:00:38.901,1.67589,1.67598,1.58,1.50
2014.02.17 01:00:39.110,1.6759,1.67598,1.50,1.50
2014.02.17 01:00:40.118,1.67591,1.67598,1.20,1.50
2014.02.17 01:00:46.436,1.67591,1.67598,3.08,1.00
2014.02.17 01:00:46.789,1.67593,1.67603,1.17,1.50
2014.02.17 01:00:46.840,1.67598,1.67603,1.00,1.00
2014.02.17 01:00:46.992,1.676,1.67608,1.13,1.00
2014.02.17 01:00:47.042,1.67601,1.67608,2.25,1.00
2014.02.17 01:00:47.143,1.67602,1.67613,1.50,1.00
2014.02.17 01:00:48.002,1.67605,1.67616,3.38,1.10
2014.02.17 01:00:48.312,1.67617,1.67628,1.50,1.00
2014.02.17 01:00:48.413,1.67618,1.67625,1.58,1.00
2014.02.17 01:00:48.615,1.67626,1.67632,1.00,1.10
2014.02.17 01:00:48.716,1.67626,1.67634,1.28,1.13
2014.02.17 01:00:48.767,1.67626,1.67637,1.28,1.10
2014.02.17 01:00:48.818,1.67625,1.67633,1.95,1.00
2014.02.17 01:00:48.969,1.67623,1.67633,1.58,1.00
2014.02.17 01:00:49.577,1.67625,1.67634,1.10,10.13
2014.02.17 01:00:49.868,1.67626,1.67634,1.13,4.13
2014.02.17 01:00:49.970,1.67626,1.67637,1.20,1.00
2014.02.17 01:00:50.347,1.67626,1.67632,1.20,1.00
2014.02.17 01:00:50.498,1.67624,1.67632,1.18,1.00
2014.02.17 01:00:50.599,1.67625,1.67634,1.48,1.88
2014.02.17 01:00:50.801,1.67625,1.67637,2.97,1.18
2014.02.17 01:00:51.339,1.67625,1.67632,2.29,1.00
2014.02.17 01:00:51.873,1.67623,1.67632,1.50,1.00
2014.02.17 01:00:52.126,1.67625,1.67634,1.17,2.25
2014.02.17 01:00:52.227,1.67626,1.67634,1.13,1.88
2014.02.17 01:00:52.530,1.67622,1.67632,3.72,1.00
2014.02.17 01:00:53.870,1.67622,1.67633,3.72,1.00
2014.02.17 01:00:54.394,1.67622,1.67632,3.72,1.00
2014.02.17 01:00:57.436,1.67622,1.67634,1.50,2.63
2014.02.17 01:00:59.311,1.67622,1.67632,1.50,1.00
2014.02.17 01:00:59.614,1.6762,1.67629,1.50,1.00
2014.02.17 01:01:00.068,1.67618,1.67629,3.00,1.00
2014.02.17 01:01:03.552,1.6762,1.67629,2.33,1.00
2014.02.17 01:01:09.326,1.67619,1.67627,3.00,1.00
2014.02.17 01:01:09.427,1.67616,1.67626,8.33,1.00
2014.02.17 01:01:09.478,1.67616,1.67624,3.83,1.00
2014.02.17 01:01:09.731,1.67621,1.67634,1.48,2.25
2014.02.17 01:01:09.883,1.67624,1.67634,1.20,1.00
2014.02.17 01:01:13.120,1.67625,1.67634,1.20,1.00
2014.02.17 01:01:13.718,1.67625,1.67634,1.88,1.00
2014.02.17 01:01:15.586,1.67626,1.67634,1.95,1.00
2014.02.17 01:01:15.737,1.67626,1.67638,3.45,1.10
2014.02.17 01:01:15.788,1.67626,1.67638,3.08,1.48
2014.02.17 01:01:15.889,1.67626,1.67633,2.33,1.00
2014.02.17 01:01:15.940,1.67626,1.67633,1.10,1.00
2014.02.17 01:01:20.297,1.67626,1.67633,1.88,1.00
2014.02.17 01:01:20.601,1.67632,1.67638,1.88,1.00
2014.02.17 01:01:20.702,1.67632,1.67644,1.50,1.00
2014.02.17 01:01:20.754,1.67634,1.67644,1.50,1.00
2014.02.17 01:01:21.107,1.67636,1.67644,2.63,1.00
2014.02.17 01:01:21.259,1.67639,1.67649,1.10,1.58
2014.02.17 01:01:21.310,1.67639,1.67649,1.00,1.95
2014.02.17 01:01:21.412,1.67635,1.67643,1.43,1.00
2014.02.17 01:01:24.608,1.67632,1.67643,2.48,1.00
2014.02.17 01:01:26.113,1.67632,1.67642,1.73,1.00
2014.02.17 01:01:26.518,1.67631,1.67639,1.05,1.00
2014.02.17 01:01:26.720,1.67631,1.67643,2.18,1.10
2014.02.17 01:01:26.771,1.67632,1.67643,1.35,1.00
2014.02.17 01:01:27.305,1.67631,1.67643,2.93,1.15
2014.02.17 01:01:27.356,1.67631,1.67643,1.43,1.25
2014.02.17 01:01:27.976,1.67631,1.67644,1.43,1.28
2014.02.17 01:01:28.128,1.67632,1.67644,1.35,1.00
2014.02.17 01:01:28.430,1.67632,1.6764,1.35,1.00
2014.02.17 01:01:28.634,1.6763,1.6764,2.10,1.00
2014.02.17 01:01:29.291,1.6763,1.67639,1.35,1.00
2014.02.17 01:01:30.329,1.67628,1.67639,2.85,1.00
2014.02.17 01:01:31.347,1.67628,1.67639,2.93,1.00
2014.02.17 01:01:31.860,1.67628,1.67639,2.25,1.50
2014.02.17 01:01:33.352,1.67628,1.67637,1.50,2.25
2014.02.17 01:01:33.453,1.67626,1.67634,5.10,1.88
2014.02.17 01:01:33.604,1.67626,1.67632,4.35,1.00
2014.02.17 01:01:34.109,1.67626,1.67633,4.35,1.00
2014.02.17 01:01:35.315,1.67624,1.67633,1.00,1.10
2014.02.17 01:01:35.920,1.67622,1.67633,3.34,1.00
2014.02.17 01:01:37.012,1.67622,1.67631,3.34,1.00
2014.02.17 01:01:38.326,1.67626,1.67634,2.59,1.88
2014.02.17 01:01:38.377,1.67626,1.67634,2.97,1.50
2014.02.17 01:01:38.529,1.67629,1.6764,1.48,1.58
2014.02.17 01:01:38.782,1.67626,1.67638,2.03,1.18
2014.02.17 01:01:38.984,1.67626,1.67634,1.28,1.00
2014.02.17 01:01:45.225,1.67626,1.67634,2.63,1.00
2014.02.17 01:01:45.377,1.67627,1.67639,1.92,1.58
2014.02.17 01:01:45.959,1.67629,1.67642,1.95,1.50
2014.02.17 01:01:47.407,1.67629,1.67643,3.38,1.50
2014.02.17 01:01:47.940,1.67629,1.67644,3.45,4.88
2014.02.17 01:01:52.089,1.67635,1.67644,1.00,4.13
2014.02.17 01:01:52.292,1.67635,1.67645,1.88,1.20
2014.02.17 01:01:52.342,1.67636,1.67647,1.13,1.75
2014.02.17 01:01:52.443,1.67637,1.67649,1.18,10.28
2014.02.17 01:02:11.758,1.67637,1.67649,2.25,10.13
2014.02.17 01:02:12.312,1.67637,1.67649,1.18,10.28
2014.02.17 01:02:12.372,1.67637,1.67649,2.25,10.13
2014.02.17 01:02:43.158,1.67638,1.6765,1.58,1.20
2014.02.17 01:02:53.033,1.67639,1.6765,1.58,1.13
2014.02.17 01:02:56.651,1.67639,1.6765,1.58,1.38
2014.02.17 01:02:58.546,1.67639,1.6765,1.58,1.00
2014.02.17 01:03:00.870,1.67639,1.6765,3.08,1.00
2014.02.17 01:03:06.080,1.67641,1.6765,2.33,1.00
2014.02.17 01:03:06.837,1.67642,1.67655,1.50,1.48
2014.02.17 01:03:07.190,1.67645,1.67655,2.25,1.38
2014.02.17 01:03:07.697,1.67646,1.67655,1.50,1.00
2014.02.17 01:03:11.333,1.67648,1.67655,1.50,1.00
2014.02.17 01:03:18.379,1.67652,1.67655,1.00,1.00
2014.02.17 01:03:18.530,1.67651,1.67664,1.58,1.55
2014.02.17 01:03:18.632,1.67655,1.67666,1.48,1.18
2014.02.17 01:03:18.733,1.67659,1.67671,1.35,3.75
2014.02.17 01:03:18.834,1.67661,1.67671,1.35,3.00
2014.02.17 01:03:19.288,1.67663,1.67676,2.10,1.10
2014.02.17 01:03:19.339,1.67664,1.67676,1.35,1.48
2014.02.17 01:03:19.642,1.67659,1.67667,1.35,3.75
2014.02.17 01:03:19.857,1.67655,1.67665,1.43,1.13
2014.02.17 01:03:19.908,1.67653,1.67659,2.18,1.00
2014.02.17 01:03:20.160,1.67651,1.67659,2.18,1.13
2014.02.17 01:03:20.261,1.67649,1.67654,1.43,1.00
2014.02.17 01:03:22.115,1.67646,1.67654,1.35,1.00
2014.02.17 01:03:24.525,1.67647,1.67654,2.18,1.00
2014.02.17 01:03:24.676,1.6765,1.67658,2.10,1.00
2014.02.17 01:03:24.828,1.67653,1.67658,1.00,1.00
2014.02.17 01:03:25.030,1.67655,1.67663,1.35,1.00
2014.02.17 01:03:25.433,1.67653,1.67659,1.35,1.00
2014.02.17 01:03:25.738,1.67654,1.67659,2.18,1.00
2014.02.17 01:03:25.789,1.67655,1.67664,1.35,1.00
2014.02.17 01:03:28.673,1.67655,1.67664,1.43,1.00
2014.02.17 01:03:33.681,1.67655,1.67667,1.50,1.50
2014.02.17 01:03:37.553,1.67655,1.67667,1.50,1.88
2014.02.17 01:03:38.542,1.67655,1.67667,1.50,3.38
2014.02.17 01:03:39.072,1.67655,1.67666,1.50,1.00
2014.02.17 01:03:39.577,1.67655,1.67667,1.50,1.50
2014.02.17 01:03:43.005,1.67656,1.67667,1.50,1.00
2014.02.17 01:03:43.333,1.67662,1.67667,1.13,1.00
2014.02.17 01:03:43.586,1.67662,1.67674,1.88,1.88
2014.02.17 01:03:44.142,1.67662,1.67671,1.50,1.00
2014.02.17 01:03:44.243,1.67658,1.67671,1.50,1.48
2014.02.17 01:03:44.445,1.67658,1.67668,1.50,1.00
2014.02.17 01:03:48.847,1.67658,1.67667,1.50,1.00
2014.02.17 01:03:52.791,1.67663,1.67667,1.00,1.00
2014.02.17 01:03:52.943,1.67663,1.67669,1.00,1.00
2014.02.17 01:03:52.994,1.67663,1.67672,1.00,1.28
2014.02.17 01:03:53.045,1.67664,1.67672,1.84,1.28
2014.02.17 01:03:53.297,1.67666,1.67677,1.20,1.18
2014.02.17 01:03:53.453,1.67668,1.67679,1.00,3.00
2014.02.17 01:03:54.694,1.67668,1.67678,1.10,3.83
2014.02.17 01:03:55.130,1.67668,1.67678,1.00,6.00
2014.02.17 01:03:56.012,1.67667,1.67678,1.00,5.63
2014.02.17 01:03:56.544,1.67667,1.67678,1.00,1.20
2014.02.17 01:03:57.009,1.67667,1.67677,1.00,1.50
2014.02.17 01:03:57.663,1.67666,1.67677,1.50,1.50
2014.02.17 01:04:02.159,1.67667,1.67677,1.00,1.50
2014.02.17 01:04:04.141,1.67667,1.67674,1.00,1.13
2014.02.17 01:04:04.780,1.67667,1.67675,1.00,1.20
2014.02.17 01:04:05.532,1.67667,1.67677,1.00,1.50
2014.02.17 01:04:06.905,1.67666,1.67677,1.50,1.50
2014.02.17 01:04:08.092,1.67671,1.67677,1.13,1.50
2014.02.17 01:04:08.243,1.67671,1.67679,1.13,1.65
2014.02.17 01:04:08.395,1.67671,1.67679,1.00,2.70
2014.02.17 01:04:08.546,1.67666,1.67678,1.92,1.95
2014.02.17 01:04:09.264,1.67666,1.67678,1.17,1.20
2014.02.17 01:04:11.050,1.67668,1.67678,1.00,1.20
2014.02.17 01:04:16.184,1.67668,1.6768,1.10,3.45
2014.02.17 01:04:16.520,1.67668,1.67679,1.00,1.88
2014.02.17 01:04:18.653,1.67669,1.67679,1.00,2.25
2014.02.17 01:04:18.805,1.67667,1.67679,1.00,3.38
2014.02.17 01:04:28.355,1.67668,1.67679,1.10,1.28
2014.02.17 01:04:32.280,1.67672,1.67679,1.10,1.20
2014.02.17 01:04:32.583,1.6768,1.67689,1.00,1.75
2014.02.17 01:04:32.640,1.67678,1.6769,3.90,1.18
2014.02.17 01:04:33.147,1.6768,1.6769,1.13,1.18
2014.02.17 01:04:33.349,1.67676,1.6769,3.00,1.18
2014.02.17 01:04:33.652,1.67676,1.67685,3.23,1.00
2014.02.17 01:04:33.955,1.67676,1.6769,3.98,1.18
2014.02.17 01:04:34.600,1.67676,1.67687,3.98,1.00
2014.02.17 01:04:34.903,1.67673,1.67685,1.00,1.50
2014.02.17 01:04:34.954,1.67673,1.67684,1.00,3.08
2014.02.17 01:04:36.044,1.67673,1.67684,1.00,1.50
2014.02.17 01:04:36.613,1.67673,1.67685,1.00,1.50
2014.02.17 01:04:41.484,1.67673,1.67684,1.00,2.33
2014.02.17 01:04:46.808,1.67673,1.67684,1.00,1.50
2014.02.17 01:04:47.127,1.67678,1.67685,1.00,1.50
2014.02.17 01:04:47.633,1.67679,1.67685,1.00,1.18
2014.02.17 01:04:50.212,1.67679,1.67687,1.00,1.58
2014.02.17 01:04:50.805,1.67679,1.67687,1.00,1.18
2014.02.17 01:04:55.264,1.67679,1.67687,1.95,1.00
2014.02.17 01:04:55.415,1.67686,1.67694,1.17,1.00
2014.02.17 01:04:55.466,1.67686,1.67698,1.10,2.03
2014.02.17 01:04:55.618,1.67688,1.67698,1.00,1.58
2014.02.17 01:04:55.769,1.67683,1.67696,2.25,1.10
2014.02.17 01:04:56.288,1.67683,1.67695,2.25,1.00
2014.02.17 01:04:56.856,1.67686,1.67698,1.10,2.33
2014.02.17 01:04:57.058,1.67688,1.67698,1.00,1.58
2014.02.17 01:05:01.848,1.67688,1.67697,1.00,1.00
2014.02.17 01:05:02.410,1.67688,1.67698,1.10,1.00
2014.02.17 01:05:02.794,1.6769,1.677,1.00,2.18
2014.02.17 01:05:03.097,1.67692,1.67701,4.95,1.00
2014.02.17 01:05:04.889,1.67693,1.67698,1.00,1.00
2014.02.17 01:05:04.990,1.67688,1.67698,2.25,1.00
2014.02.17 01:05:05.994,1.67688,1.67698,1.18,4.50
2014.02.17 01:05:09.162,1.67688,1.67697,1.18,1.00
2014.02.17 01:05:11.031,1.67688,1.67698,1.18,3.75
2014.02.17 01:05:11.232,1.67688,1.67696,1.00,1.50
2014.02.17 01:05:11.283,1.67683,1.67696,1.58,1.50
2014.02.17 01:05:12.137,1.67685,1.67694,1.00,7.65
2014.02.17 01:05:12.441,1.67688,1.67696,1.00,5.25
2014.02.17 01:05:16.217,1.67688,1.67692,1.00,1.00
2014.02.17 01:05:16.718,1.67688,1.67696,1.00,5.25
2014.02.17 01:05:23.443,1.67688,1.67694,1.00,7.50
2014.02.17 01:05:23.975,1.67688,1.67697,1.00,5.33
2014.02.17 01:05:30.517,1.67688,1.67696,1.00,1.50
2014.02.17 01:05:30.668,1.67688,1.67697,1.00,4.65
2014.02.17 01:05:33.085,1.67688,1.67696,1.00,1.75
2014.02.17 01:05:36.297,1.67688,1.67695,2.97,1.58
2014.02.17 01:05:36.398,1.6769,1.67695,1.00,1.00
2014.02.17 01:05:36.449,1.67692,1.67697,1.00,3.90
2014.02.17 01:05:36.601,1.67693,1.67695,1.00,1.00
2014.02.17 01:05:37.742,1.67693,1.67699,1.00,3.83
2014.02.17 01:05:37.843,1.67693,1.67701,1.00,2.18
2014.02.17 01:05:45.141,1.67691,1.67701,3.04,1.10
2014.02.17 01:05:50.660,1.67696,1.67701,1.00,1.10
2014.02.17 01:05:50.863,1.67691,1.67701,4.17,1.00
2014.02.17 01:05:52.015,1.67691,1.67701,2.59,1.18
2014.02.17 01:05:54.853,1.67691,1.67701,3.71,1.18
2014.02.17 01:05:55.156,1.67699,1.67702,1.38,1.00
2014.02.17 01:05:55.611,1.67701,1.67705,1.58,1.00
2014.02.17 01:05:55.712,1.67701,1.6771,1.58,4.43
2014.02.17 01:05:55.863,1.67703,1.67711,1.00,1.65
2014.02.17 01:05:56.405,1.67703,1.67712,1.00,4.73
2014.02.17 01:05:57.538,1.67703,1.67709,1.00,1.00
2014.02.17 01:05:59.508,1.67703,1.67709,1.49,1.00
2014.02.17 01:05:59.558,1.67704,1.67713,1.56,1.00
2014.02.17 01:05:59.824,1.67708,1.67715,1.08,1.00
2014.02.17 01:06:00.682,1.67706,1.67715,1.10,1.08
2014.02.17 01:06:00.783,1.67706,1.67715,1.84,1.08
2014.02.17 01:06:01.203,1.67706,1.67718,1.10,2.39
2014.02.17 01:06:03.344,1.67706,1.67716,1.00,1.19
2014.02.17 01:06:03.395,1.67711,1.67718,1.00,3.83
2014.02.17 01:06:03.446,1.67711,1.67718,1.00,2.33
2014.02.17 01:06:08.076,1.67714,1.67717,1.00,1.18
2014.02.17 01:06:08.278,1.67714,1.67722,1.43,1.50
2014.02.17 01:06:08.480,1.67717,1.67722,1.08,1.00
2014.02.17 01:06:09.025,1.67715,1.67722,1.50,1.00
2014.02.17 01:06:09.722,1.67713,1.67722,2.25,2.33
2014.02.17 01:06:10.228,1.67711,1.67722,11.18,1.00
2014.02.17 01:06:10.279,1.67711,1.67722,13.43,1.00
2014.02.17 01:06:10.638,1.67716,1.67722,1.00,1.00
2014.02.17 01:06:10.740,1.67716,1.67724,1.00,1.00
2014.02.17 01:06:11.264,1.67716,1.67725,1.00,1.00
2014.02.17 01:06:11.724,1.67716,1.67728,1.00,4.20
2014.02.17 01:06:12.229,1.67716,1.67728,1.18,3.00
2014.02.17 01:06:13.176,1.67718,1.67728,1.00,1.50
2014.02.17 01:06:13.731,1.67716,1.67728,1.99,1.50
2014.02.17 01:06:14.297,1.67715,1.67727,1.58,1.00
2014.02.17 01:06:14.889,1.67715,1.67726,1.58,3.75
2014.02.17 01:06:15.415,1.67715,1.67727,1.58,1.00
2014.02.17 01:06:17.100,1.67717,1.67728,1.10,4.50
2014.02.17 01:06:17.215,1.67717,1.67726,1.10,3.75
2014.02.17 01:06:18.081,1.67715,1.67726,1.20,3.75
2014.02.17 01:06:18.131,1.67719,1.67728,1.00,4.50
2014.02.17 01:06:18.384,1.67718,1.6773,1.55,4.50
2014.02.17 01:06:18.838,1.67718,1.67728,1.38,1.35
2014.02.17 01:06:18.939,1.6772,1.6773,1.00,2.10
2014.02.17 01:06:19.580,1.67718,1.6773,1.38,2.10
2014.02.17 01:06:20.097,1.67717,1.6773,1.10,5.85
2014.02.17 01:06:20.249,1.67717,1.67728,1.00,4.43
2014.02.17 01:06:20.578,1.67716,1.67728,3.75,5.10
2014.02.17 01:06:23.045,1.67721,1.6773,1.00,5.25
2014.02.17 01:06:23.581,1.6772,1.6773,1.00,5.25
2014.02.17 01:06:26.262,1.6772,1.6773,1.00,3.90
2014.02.17 01:06:26.363,1.67725,1.6773,1.00,3.90
2014.02.17 01:06:26.464,1.67725,1.67732,1.00,1.50
2014.02.17 01:06:26.979,1.67725,1.67733,1.00,1.10
2014.02.17 01:06:28.212,1.67726,1.67735,1.00,4.58
2014.02.17 01:06:28.390,1.67726,1.67735,1.00,4.43
2014.02.17 01:06:28.645,1.67726,1.67735,1.00,4.58
2014.02.17 01:06:28.929,1.67725,1.67735,1.00,4.43
2014.02.17 01:06:30.240,1.67724,1.67735,1.00,4.43
2014.02.17 01:06:31.452,1.67721,1.67731,2.18,1.00
2014.02.17 01:06:31.772,1.67724,1.67735,1.00,4.43
2014.02.17 01:06:32.466,1.67724,1.67734,1.00,3.75
2014.02.17 01:06:32.973,1.67724,1.67733,1.00,3.75
2014.02.17 01:06:33.509,1.67725,1.67733,1.00,3.75
2014.02.17 01:06:34.033,1.67726,1.67731,1.00,3.75
2014.02.17 01:06:34.285,1.67724,1.67731,1.00,3.75
2014.02.17 01:06:35.143,1.67726,1.67733,1.00,4.58
2014.02.17 01:06:35.730,1.67726,1.67733,1.00,3.90
2014.02.17 01:06:36.381,1.67726,1.67733,1.00,3.83
2014.02.17 01:06:38.627,1.67726,1.67735,1.00,4.43
2014.02.17 01:06:38.947,1.67726,1.67735,1.00,4.58
2014.02.17 01:06:42.594,1.67726,1.67735,3.00,4.50
2014.02.17 01:06:42.695,1.67729,1.67735,1.20,3.75
2014.02.17 01:06:42.929,1.67729,1.67741,1.80,1.20
2014.02.17 01:06:42.980,1.67729,1.67742,1.43,1.18
2014.02.17 01:06:43.081,1.67738,1.67742,1.00,1.10
2014.02.17 01:06:43.283,1.67736,1.67745,1.13,3.08
2014.02.17 01:06:43.486,1.67733,1.67742,2.18,1.00
2014.02.17 01:06:43.587,1.67732,1.67742,1.35,1.00
2014.02.17 01:06:43.638,1.67736,1.67742,1.00,1.00
2014.02.17 01:06:44.143,1.67736,1.67746,1.00,1.50
2014.02.17 01:06:45.847,1.67741,1.67746,1.13,1.50
2014.02.17 01:06:45.998,1.67741,1.67747,2.25,1.08
2014.02.17 01:06:46.251,1.67742,1.67752,1.00,2.03
2014.02.17 01:06:46.402,1.67746,1.67752,1.00,1.00
2014.02.17 01:06:46.654,1.67746,1.67757,1.00,4.58
2014.02.17 01:06:47.159,1.67744,1.67757,1.00,2.33
2014.02.17 01:06:47.509,1.67744,1.67756,1.00,1.20
2014.02.17 01:06:48.014,1.67745,1.67753,1.00,3.08
2014.02.17 01:06:49.879,1.67744,1.67753,1.00,3.83
2014.02.17 01:06:51.133,1.67745,1.67754,1.00,4.65
2014.02.17 01:06:53.619,1.67748,1.67754,1.00,8.40
2014.02.17 01:06:57.039,1.67741,1.67754,2.33,7.65
2014.02.17 01:06:57.090,1.67741,1.67754,3.83,7.58
2014.02.17 01:06:57.342,1.67741,1.67752,1.10,1.18
2014.02.17 01:07:00.301,1.67741,1.67752,1.00,5.33
2014.02.17 01:07:01.253,1.67741,1.67752,1.00,2.18
2014.02.17 01:07:01.812,1.67741,1.67752,1.00,2.10
2014.02.17 01:07:04.742,1.6774,1.67752,1.00,2.10
2014.02.17 01:07:05.047,1.67743,1.67751,1.00,4.80
2014.02.17 01:07:05.199,1.67739,1.67751,1.10,4.43
2014.02.17 01:07:05.300,1.67736,1.67744,2.25,1.00
2014.02.17 01:07:05.503,1.67734,1.67742,1.00,1.80
2014.02.17 01:07:05.604,1.67734,1.67742,1.00,5.18
2014.02.17 01:07:05.654,1.67737,1.67742,1.00,5.18
2014.02.17 01:07:05.806,1.67737,1.67746,1.00,1.00
2014.02.17 01:07:05.907,1.67737,1.67744,1.00,1.00
2014.02.17 01:07:06.209,1.67738,1.67744,1.00,1.43
2014.02.17 01:07:06.744,1.67738,1.67743,1.00,3.75
2014.02.17 01:07:07.406,1.67738,1.67741,1.00,3.75
2014.02.17 01:07:07.946,1.67737,1.67739,1.00,3.75
2014.02.17 01:07:10.820,1.67732,1.67739,1.00,7.50
2014.02.17 01:07:11.123,1.67727,1.67739,1.95,8.25
2014.02.17 01:07:11.275,1.67727,1.67738,1.00,1.50
2014.02.17 01:07:11.578,1.67722,1.67733,2.25,1.00
2014.02.17 01:07:12.859,1.67723,1.67734,1.58,1.00
2014.02.17 01:07:13.388,1.67723,1.67738,1.58,2.25
2014.02.17 01:07:17.419,1.67726,1.67738,2.03,2.25
2014.02.17 01:07:17.723,1.67738,1.67744,1.00,1.00
2014.02.17 01:07:17.824,1.67739,1.67745,1.00,1.00
2014.02.17 01:07:18.076,1.67739,1.67751,1.00,5.25
2014.02.17 01:07:23.442,1.67739,1.67751,1.18,3.90
2014.02.17 01:07:31.374,1.67739,1.67753,1.18,5.10
2014.02.17 01:07:31.587,1.67738,1.6775,2.33,1.00
2014.02.17 01:07:31.890,1.67738,1.67748,1.58,3.75
2014.02.17 01:07:33.885,1.67737,1.67749,2.25,5.25
2014.02.17 01:07:34.488,1.67738,1.67753,2.33,2.10
2014.02.17 01:07:34.639,1.67738,1.67749,1.58,1.00
2014.02.17 01:07:37.929,1.67738,1.67749,1.58,1.00
2014.02.17 01:07:38.462,1.67738,1.67753,1.58,2.63
2014.02.17 01:07:41.189,1.67739,1.67753,4.13,2.10
2014.02.17 01:07:41.432,1.67739,1.67753,4.28,2.25
2014.02.17 01:07:44.302,1.67745,1.67753,1.00,1.50
2014.02.17 01:07:44.454,1.67748,1.67754,1.00,1.00
2014.02.17 01:07:44.657,1.67745,1.67754,1.10,1.00
2014.02.17 01:07:45.159,1.67746,1.67757,1.00,1.95
2014.02.17 01:07:47.419,1.67745,1.67757,1.10,1.50
2014.02.17 01:07:47.470,1.67745,1.67757,1.10,1.43
2014.02.17 01:07:51.139,1.67745,1.67757,1.10,1.50
2014.02.17 01:07:51.845,1.67745,1.67757,1.10,1.58
2014.02.17 01:07:54.106,1.6775,1.67758,1.00,1.88
2014.02.17 01:07:54.207,1.6775,1.67759,1.50,2.40
2014.02.17 01:07:54.760,1.67753,1.67761,1.75,1.50
2014.02.17 01:07:54.811,1.67754,1.67764,1.58,1.00
2014.02.17 01:07:55.456,1.67756,1.67766,2.63,1.00
2014.02.17 01:07:55.658,1.67759,1.67769,1.18,1.13
2014.02.17 01:07:55.709,1.67759,1.67769,1.00,1.95
2014.02.17 01:07:55.760,1.67756,1.67769,1.18,2.70
2014.02.17 01:07:55.861,1.6776,1.67769,1.00,1.95
2014.02.17 01:07:56.367,1.67759,1.67767,1.00,1.58
2014.02.17 01:07:56.768,1.67759,1.67767,1.00,2.25
2014.02.17 01:07:57.544,1.67759,1.67766,1.00,2.25
2014.02.17 01:07:58.094,1.67759,1.67769,1.00,5.70
2014.02.17 01:07:58.650,1.67759,1.67771,1.10,3.08
2014.02.17 01:07:58.701,1.67764,1.67772,1.00,1.50
2014.02.17 01:07:58.752,1.67766,1.67774,1.10,1.00
2014.02.17 01:07:59.004,1.67766,1.67777,1.00,2.40
2014.02.17 01:07:59.055,1.67768,1.67777,1.00,2.40
2014.02.17 01:07:59.436,1.67768,1.67777,1.00,3.75
2014.02.17 01:08:00.154,1.67764,1.67777,1.00,4.50
2014.02.17 01:08:00.205,1.67762,1.67774,1.43,1.10
2014.02.17 01:08:00.255,1.67767,1.67774,1.00,1.10
2014.02.17 01:08:00.509,1.67756,1.67766,2.18,1.88
2014.02.17 01:08:00.747,1.67756,1.67765,1.43,1.00
2014.02.17 01:08:00.802,1.67764,1.67772,1.00,2.40
2014.02.17 01:08:00.954,1.67766,1.67772,1.00,3.75
2014.02.17 01:08:04.751,1.67759,1.67772,1.13,3.75
2014.02.17 01:08:05.125,1.67759,1.67772,1.80,2.40
2014.02.17 01:08:05.306,1.67759,1.67772,1.80,2.78
2014.02.17 01:08:05.558,1.67753,1.67762,1.00,2.40
2014.02.17 01:08:05.861,1.6775,1.67764,1.00,2.25
2014.02.17 01:08:06.013,1.67755,1.67764,2.18,1.50
2014.02.17 01:08:06.114,1.67756,1.67764,1.35,1.00
2014.02.17 01:08:07.954,1.67755,1.67764,1.35,1.00
2014.02.17 01:08:08.522,1.67754,1.67764,1.35,1.00
2014.02.17 01:08:08.824,1.67754,1.67764,1.43,1.00
2014.02.17 01:08:18.164,1.67754,1.67762,1.50,1.00
2014.02.17 01:08:19.273,1.67752,1.67762,1.20,1.00
2014.02.17 01:08:19.822,1.67758,1.67762,1.13,1.00
2014.02.17 01:08:20.126,1.67758,1.67767,1.00,2.25
2014.02.17 01:08:20.798,1.67756,1.67767,1.00,2.25
2014.02.17 01:08:21.347,1.67759,1.67767,1.00,2.25
2014.02.17 01:08:22.447,1.67756,1.67767,1.00,2.25
2014.02.17 01:08:25.136,1.67757,1.67767,1.00,1.50
2014.02.17 01:08:25.338,1.6776,1.67767,1.00,1.50
2014.02.17 01:08:25.439,1.67757,1.67765,1.00,1.18
2014.02.17 01:08:25.490,1.67757,1.67765,1.00,1.85
2014.02.17 01:08:26.854,1.67756,1.67762,1.00,1.45
2014.02.17 01:08:27.512,1.67754,1.67762,1.00,4.88
2014.02.17 01:08:27.714,1.67754,1.6776,1.00,1.58
2014.02.17 01:08:27.865,1.67752,1.6776,1.00,1.58
2014.02.17 01:08:29.827,1.67751,1.6776,1.00,1.58
2014.02.17 01:08:30.348,1.6775,1.6776,1.00,1.58
2014.02.17 01:08:30.595,1.67746,1.67758,5.67,1.10
2014.02.17 01:08:32.584,1.67753,1.6776,1.00,1.58
2014.02.17 01:08:33.600,1.6775,1.67761,1.50,1.88
2014.02.17 01:08:35.557,1.67753,1.67761,1.00,2.63
2014.02.17 01:08:36.264,1.67753,1.6776,1.00,1.50
2014.02.17 01:08:36.826,1.67753,1.67759,1.00,1.50
2014.02.17 01:08:41.302,1.67751,1.67759,1.00,1.50
2014.02.17 01:08:42.073,1.67752,1.67759,1.00,1.50
2014.02.17 01:08:43.047,1.67753,1.67759,1.00,1.50
2014.02.17 01:08:43.409,1.67753,1.67761,1.00,1.50
2014.02.17 01:08:43.510,1.67753,1.67762,1.00,3.75
2014.02.17 01:08:44.747,1.67753,1.67761,1.00,1.50
2014.02.17 01:08:44.901,1.6775,1.6776,1.00,1.58
2014.02.17 01:08:45.007,1.67753,1.67761,1.00,1.50
2014.02.17 01:08:45.466,1.6775,1.6776,1.00,1.58
2014.02.17 01:08:45.567,1.67754,1.67761,1.00,1.50
2014.02.17 01:08:48.428,1.67754,1.67761,1.38,1.88
2014.02.17 01:08:51.783,1.67753,1.67759,1.09,1.50
2014.02.17 01:08:54.595,1.67756,1.67759,1.13,1.35
2014.02.17 01:08:54.748,1.67757,1.67762,1.00,1.13
2014.02.17 01:08:54.799,1.67756,1.67762,4.88,1.13
2014.02.17 01:08:54.951,1.67756,1.67765,5.22,1.10
2014.02.17 01:08:55.457,1.67756,1.67765,1.00,1.18
2014.02.17 01:08:55.709,1.67752,1.67764,2.74,1.18
2014.02.17 01:08:56.352,1.67756,1.67766,1.00,2.25
2014.02.17 01:08:56.403,1.67756,1.67766,1.00,1.18
2014.02.17 01:08:56.454,1.67762,1.67766,1.00,1.10
2014.02.17 01:08:56.555,1.67755,1.67766,1.17,1.18
2014.02.17 01:08:56.758,1.67755,1.67769,2.67,1.58
2014.02.17 01:08:57.331,1.67755,1.67769,2.33,1.20
2014.02.17 01:08:57.483,1.6775,1.6776,1.95,1.00
2014.02.17 01:08:58.002,1.67751,1.67761,8.59,1.55
2014.02.17 01:09:00.554,1.6775,1.67761,1.17,1.55
2014.02.17 01:09:00.655,1.6775,1.6776,1.09,1.13
2014.02.17 01:09:01.072,1.67755,1.67761,1.00,2.25
2014.02.17 01:09:01.274,1.67755,1.67761,1.00,1.00
2014.02.17 01:09:01.792,1.67755,1.67765,1.09,1.50
2014.02.17 01:09:05.796,1.67755,1.67765,2.59,1.50
2014.02.17 01:09:06.049,1.67756,1.67767,1.09,2.25
2014.02.17 01:09:06.200,1.67756,1.67766,1.00,2.33
2014.02.17 01:09:06.864,1.67755,1.67765,1.00,1.50
2014.02.17 01:09:07.551,1.67758,1.67765,1.84,1.50
2014.02.17 01:09:07.703,1.67761,1.67766,1.00,5.33
2014.02.17 01:09:07.905,1.67756,1.67765,1.95,1.00
2014.02.17 01:09:08.057,1.67754,1.67765,1.84,1.85
2014.02.17 01:09:11.076,1.67754,1.67765,1.09,1.50
2014.02.17 01:09:11.414,1.67751,1.67757,1.00,1.00
2014.02.17 01:09:11.516,1.67745,1.67756,1.10,1.65
2014.02.17 01:09:11.567,1.67745,1.67756,1.50,1.58
2014.02.17 01:09:11.871,1.6775,1.67757,1.00,3.83
2014.02.17 01:09:12.174,1.67752,1.6776,1.84,6.00
2014.02.17 01:09:12.477,1.6775,1.6776,1.09,1.95
2014.02.17 01:09:12.629,1.67755,1.6776,1.00,1.18
2014.02.17 01:09:12.730,1.67755,1.67764,1.00,1.50
2014.02.17 01:09:15.870,1.67755,1.67765,1.00,5.63
2014.02.17 01:09:16.276,1.67752,1.67763,3.34,4.58
2014.02.17 01:09:16.479,1.67755,1.67763,1.00,4.58
2014.02.17 01:09:16.782,1.67755,1.67766,1.00,2.25
2014.02.17 01:09:17.569,1.67755,1.67766,1.00,2.10
2014.02.17 01:09:18.606,1.67757,1.67765,1.00,4.43
2014.02.17 01:09:19.135,1.67752,1.67763,1.00,1.80
2014.02.17 01:09:19.676,1.67751,1.67761,1.00,1.80
2014.02.17 01:09:20.017,1.67751,1.67756,1.00,1.50
2014.02.17 01:09:20.120,1.67747,1.67756,1.10,1.50
2014.02.17 01:09:20.322,1.67746,1.67755,1.00,1.35
2014.02.17 01:09:20.776,1.67744,1.67754,1.09,3.30
2014.02.17 01:09:21.243,1.67743,1.67751,1.84,1.00
2014.02.17 01:09:21.344,1.67745,1.67754,1.00,1.05
2014.02.17 01:09:21.445,1.67749,1.67754,1.00,1.05
2014.02.17 01:09:21.546,1.67743,1.67754,2.59,1.05
2014.02.17 01:09:23.625,1.67743,1.67755,2.59,2.85
2014.02.17 01:09:24.816,1.67743,1.67755,1.00,2.85
2014.02.17 01:09:24.867,1.67742,1.67754,1.58,1.80
2014.02.17 01:09:26.036,1.67744,1.67751,1.00,1.13
2014.02.17 01:09:26.238,1.67744,1.67754,1.00,5.93
2014.02.17 01:09:27.371,1.67743,1.67755,1.00,2.48
2014.02.17 01:09:27.522,1.67743,1.67754,1.00,3.38
2014.02.17 01:09:27.825,1.67741,1.6775,1.18,1.00
2014.02.17 01:09:28.786,1.67739,1.67745,1.50,1.00
2014.02.17 01:09:29.041,1.67736,1.67741,1.00,1.38
2014.02.17 01:09:31.845,1.67735,1.67741,4.13,1.38
2014.02.17 01:09:31.896,1.67736,1.67741,1.84,1.00
2014.02.17 01:09:31.946,1.67736,1.67747,2.59,4.13
2014.02.17 01:09:31.997,1.67738,1.67749,1.50,1.13
2014.02.17 01:09:32.373,1.67739,1.67744,1.00,1.00
2014.02.17 01:09:32.424,1.67733,1.67743,1.95,1.00
2014.02.17 01:09:34.884,1.67733,1.67743,1.95,1.38
2014.02.17 01:09:38.480,1.67731,1.67741,1.95,4.13
2014.02.17 01:09:38.581,1.67731,1.67741,1.20,4.20
2014.02.17 01:09:43.339,1.67736,1.67742,1.00,1.18
2014.02.17 01:09:43.491,1.67736,1.67744,1.00,2.33
2014.02.17 01:09:43.844,1.67737,1.67746,1.09,1.10
2014.02.17 01:09:49.385,1.67743,1.67749,1.00,9.38
2014.02.17 01:09:49.537,1.67743,1.67749,1.00,3.75
2014.02.17 01:09:49.588,1.67742,1.67753,1.00,5.70
2014.02.17 01:09:49.740,1.67742,1.67752,1.00,1.88
2014.02.17 01:09:49.791,1.67737,1.67751,1.58,1.58
2014.02.17 01:09:50.295,1.67737,1.6775,1.10,1.50
2014.02.17 01:09:50.678,1.67737,1.67751,1.58,1.58
2014.02.17 01:10:08.666,1.67737,1.67751,1.43,1.95
2014.02.17 01:10:11.075,1.67737,1.67751,1.00,2.63
2014.02.17 01:10:18.695,1.67737,1.67751,1.18,2.63
2014.02.17 01:10:21.049,1.67737,1.6775,1.55,1.20
2014.02.17 01:10:21.822,1.67738,1.67751,1.39,2.03
2014.02.17 01:10:26.626,1.67738,1.67751,1.39,1.18
2014.02.17 01:10:27.184,1.67738,1.67751,1.20,1.18
2014.02.17 01:10:39.885,1.67742,1.67751,1.13,1.18
2014.02.17 01:10:40.036,1.67743,1.67754,1.20,1.65
2014.02.17 01:10:54.352,1.67743,1.67754,1.92,2.10
2014.02.17 01:10:54.604,1.67746,1.67759,2.78,2.40
2014.02.17 01:10:55.110,1.67747,1.67759,1.20,2.03
2014.02.17 01:10:56.000,1.67755,1.6776,1.13,2.06
2014.02.17 01:10:56.051,1.67759,1.6776,1.20,1.00
2014.02.17 01:10:56.452,1.67759,1.67765,2.85,1.00
2014.02.17 01:10:56.603,1.67759,1.6777,3.53,1.00
2014.02.17 01:10:57.211,1.67759,1.6777,1.58,1.10
2014.02.17 01:10:57.417,1.67757,1.6777,1.58,1.50
2014.02.17 01:10:57.921,1.67757,1.6777,1.18,1.58
2014.02.17 01:11:03.411,1.67758,1.6777,1.83,1.50
2014.02.17 01:11:03.715,1.67763,1.6777,1.58,1.00
2014.02.17 01:11:03.866,1.67766,1.67775,1.00,1.10
2014.02.17 01:11:03.968,1.67766,1.67772,1.00,4.50
2014.02.17 01:11:04.271,1.67764,1.67772,1.00,5.48
2014.02.17 01:11:04.589,1.67764,1.6777,1.00,4.58
2014.02.17 01:11:04.640,1.67762,1.6777,1.00,4.58
2014.02.17 01:11:05.144,1.67763,1.67771,1.00,1.50
2014.02.17 01:11:07.376,1.67764,1.67771,1.00,1.50
2014.02.17 01:11:07.528,1.67764,1.67772,1.00,1.13
2014.02.17 01:11:07.629,1.67765,1.67775,1.00,1.18
2014.02.17 01:11:07.781,1.67768,1.67775,1.00,1.08
2014.02.17 01:11:07.832,1.67765,1.67775,1.18,1.00
2014.02.17 01:11:08.034,1.67766,1.6778,1.95,1.95
2014.02.17 01:11:10.200,1.67772,1.6778,1.50,1.95
2014.02.17 01:11:10.503,1.67782,1.67788,1.00,1.58
2014.02.17 01:11:10.554,1.67776,1.67787,1.85,1.18
2014.02.17 01:11:10.655,1.67776,1.67787,1.38,3.08
2014.02.17 01:11:10.706,1.67776,1.67784,1.00,4.65
2014.02.17 01:11:10.807,1.67775,1.67782,1.00,1.28
2014.02.17 01:11:11.010,1.67767,1.67778,1.00,1.58
2014.02.17 01:11:11.212,1.67766,1.67778,1.50,3.08
2014.02.17 01:11:14.004,1.67766,1.67779,1.10,1.50
2014.02.17 01:11:24.996,1.67766,1.67774,1.10,1.00
2014.02.17 01:11:25.529,1.67764,1.67774,1.18,1.00
2014.02.17 01:11:26.095,1.67765,1.67775,1.10,1.10
2014.02.17 01:11:43.998,1.67764,1.67775,1.00,1.10
2014.02.17 01:11:44.551,1.67763,1.67775,1.95,1.10
2014.02.17 01:11:49.496,1.67764,1.67774,1.18,1.28
2014.02.17 01:11:49.806,1.67763,1.67774,1.13,2.25
2014.02.17 01:11:50.059,1.67763,1.67774,1.20,1.18
2014.02.17 01:11:50.260,1.67764,1.67774,1.18,1.00
2014.02.17 01:11:50.770,1.6776,1.6777,1.55,1.13
2014.02.17 01:11:51.272,1.67764,1.67774,1.00,1.50
2014.02.17 01:11:51.373,1.67764,1.67775,1.10,1.28
2014.02.17 01:11:53.305,1.67764,1.67775,1.10,5.33
2014.02.17 01:11:53.835,1.67763,1.67775,1.00,6.75
2014.02.17 01:11:54.852,1.67763,1.67775,1.18,5.40
2014.02.17 01:11:55.560,1.67763,1.67775,1.85,1.58
2014.02.17 01:12:00.865,1.67763,1.67775,2.25,2.25
2014.02.17 01:12:01.067,1.67761,1.67773,1.65,1.18
2014.02.17 01:12:01.633,1.67759,1.67771,1.50,1.50
2014.02.17 01:12:05.616,1.67759,1.67768,1.50,1.75
2014.02.17 01:12:05.717,1.67757,1.67761,1.73,1.88
2014.02.17 01:12:06.020,1.67757,1.67767,1.80,5.33
2014.02.17 01:12:06.071,1.67757,1.67769,2.55,1.58
2014.02.17 01:12:06.803,1.67757,1.67769,1.58,1.10
2014.02.17 01:12:09.189,1.67757,1.67771,3.08,1.65
2014.02.17 01:12:09.714,1.67758,1.67771,1.50,1.10
2014.02.17 01:12:10.826,1.67758,1.67771,1.50,1.10
2014.02.17 01:12:10.978,1.67756,1.6776,1.50,1.13
2014.02.17 01:12:11.130,1.6776,1.67766,1.00,1.10
2014.02.17 01:12:11.383,1.67763,1.67775,1.10,1.58
2014.02.17 01:12:16.095,1.6776,1.6777,2.25,1.00
2014.02.17 01:12:22.723,1.67759,1.6777,1.20,1.00
2014.02.17 01:12:22.925,1.67759,1.6777,1.05,1.00
2014.02.17 01:12:24.684,1.6776,1.6777,1.35,1.00
2014.02.17 01:12:26.571,1.67762,1.67771,1.00,1.13
2014.02.17 01:12:26.672,1.67762,1.67773,1.50,1.10
2014.02.17 01:12:27.293,1.67762,1.67774,1.50,1.58
2014.02.17 01:12:29.299,1.67762,1.67774,2.85,1.00
2014.02.17 01:12:30.619,1.67763,1.67775,1.43,1.10
2014.02.17 01:12:32.999,1.67763,1.67775,1.58,1.10
2014.02.17 01:12:33.439,1.67763,1.67775,1.18,1.50
2014.02.17 01:12:33.815,1.67767,1.67776,1.00,1.50
2014.02.17 01:12:34.017,1.67767,1.67779,1.58,1.58
2014.02.17 01:12:34.168,1.67768,1.6778,1.38,2.25
2014.02.17 01:12:34.421,1.67772,1.67782,1.00,1.18
2014.02.17 01:12:34.955,1.67773,1.67783,1.00,4.58
2014.02.17 01:12:35.233,1.67773,1.67777,1.00,3.75
2014.02.17 01:12:35.334,1.67771,1.67777,1.00,3.75
2014.02.17 01:12:35.486,1.67766,1.67775,1.88,1.00
2014.02.17 01:12:35.707,1.67765,1.67774,1.58,1.00
2014.02.17 01:12:35.808,1.67765,1.6777,1.58,1.00
2014.02.17 01:12:35.960,1.67761,1.67769,2.18,1.00
2014.02.17 01:12:36.162,1.67761,1.67767,2.18,1.00
2014.02.17 01:12:36.263,1.67759,1.67767,1.67,1.50
2014.02.17 01:12:36.314,1.67757,1.67767,1.88,1.50
2014.02.17 01:12:36.465,1.67757,1.67765,1.20,1.00
2014.02.17 01:12:37.693,1.67754,1.67764,3.00,1.00
2014.02.17 01:12:38.349,1.67758,1.67767,1.00,1.10
2014.02.17 01:12:38.552,1.67758,1.6777,1.18,1.18
2014.02.17 01:12:39.336,1.67756,1.67766,4.50,1.00
2014.02.17 01:12:39.437,1.67756,1.67766,2.40,1.00
2014.02.17 01:12:41.632,1.67754,1.67765,1.88,1.00
2014.02.17 01:12:43.408,1.67756,1.67766,1.18,1.00
2014.02.17 01:12:44.478,1.67756,1.67761,1.10,1.00
2014.02.17 01:12:44.630,1.67758,1.67767,1.00,1.10
2014.02.17 01:12:45.024,1.67755,1.67764,4.58,1.00
2014.02.17 01:12:45.355,1.67754,1.67766,2.63,1.00
2014.02.17 01:12:47.340,1.67755,1.67767,1.58,1.58
2014.02.17 01:12:47.391,1.67755,1.67766,1.08,2.25
2014.02.17 01:12:47.892,1.67755,1.67765,1.00,1.50
2014.02.17 01:12:52.952,1.67754,1.67765,1.00,1.50
2014.02.17 01:12:57.122,1.67755,1.67765,1.00,1.50
2014.02.17 01:12:57.582,1.67751,1.67761,1.18,1.00
2014.02.17 01:12:57.633,1.67751,1.67761,1.00,1.95
2014.02.17 01:12:57.936,1.67757,1.6776,1.00,1.10
2014.02.17 01:12:57.987,1.67759,1.67765,1.00,4.50
2014.02.17 01:12:58.138,1.67756,1.67766,1.95,1.00
2014.02.17 01:13:03.784,1.67755,1.67765,2.63,1.00
2014.02.17 01:13:03.885,1.67755,1.67763,1.88,1.38
2014.02.17 01:13:03.987,1.67753,1.67761,4.20,1.38
2014.02.17 01:13:04.239,1.67755,1.67764,1.18,1.00
2014.02.17 01:13:04.441,1.67755,1.67765,2.25,1.00
2014.02.17 01:13:04.949,1.67755,1.67766,2.25,1.00
2014.02.17 01:13:05.477,1.67755,1.67767,2.25,1.50
2014.02.17 01:13:06.845,1.67755,1.67766,2.25,1.00
2014.02.17 01:13:08.001,1.67755,1.67767,2.25,1.50
2014.02.17 01:13:12.555,1.67755,1.67767,1.18,1.65
2014.02.17 01:13:17.504,1.67755,1.67767,1.58,1.58
2014.02.17 01:13:18.038,1.67755,1.67767,2.63,1.50
2014.02.17 01:13:18.588,1.67755,1.67767,2.48,1.50
2014.02.17 01:13:19.625,1.67755,1.67762,1.73,1.38
2014.02.17 01:13:19.978,1.67754,1.67762,1.00,1.00
2014.02.17 01:13:20.079,1.67754,1.67765,1.00,1.10
2014.02.17 01:13:22.807,1.67754,1.67765,1.00,1.48
2014.02.17 01:13:22.908,1.67751,1.67761,6.60,1.13
2014.02.17 01:13:23.635,1.6775,1.67761,1.35,1.13
2014.02.17 01:13:24.327,1.67752,1.67762,1.00,1.38
2014.02.17 01:13:26.110,1.67749,1.67759,3.30,1.75
2014.02.17 01:13:26.261,1.67746,1.67752,2.48,1.38
2014.02.17 01:13:26.464,1.67747,1.67754,1.05,1.50
2014.02.17 01:13:26.515,1.67747,1.67754,2.55,1.00
2014.02.17 01:13:26.717,1.67748,1.67757,1.35,1.00
2014.02.17 01:13:27.876,1.67748,1.67753,1.35,1.00
2014.02.17 01:13:28.042,1.67748,1.67757,1.35,1.50
2014.02.17 01:13:33.050,1.67747,1.67757,1.73,1.00
2014.02.17 01:13:33.354,1.67747,1.67753,1.05,1.00
2014.02.17 01:13:33.707,1.67746,1.67757,1.65,1.95
2014.02.17 01:13:34.234,1.67746,1.67757,1.65,1.88
2014.02.17 01:13:34.285,1.67747,1.67757,1.35,1.50
2014.02.17 01:13:34.588,1.67749,1.67757,1.35,1.00
2014.02.17 01:13:34.638,1.67749,1.67762,1.35,1.58
2014.02.17 01:13:35.325,1.67751,1.67762,1.00,1.58
2014.02.17 01:13:35.831,1.67751,1.67762,2.10,1.00
2014.02.17 01:13:37.446,1.67751,1.67762,2.25,1.00
2014.02.17 01:13:40.342,1.67751,1.67762,1.58,1.10
2014.02.17 01:13:40.701,1.67747,1.67757,3.00,1.00
2014.02.17 01:13:43.396,1.67754,1.67762,1.00,2.10
2014.02.17 01:13:43.598,1.67754,1.67764,1.00,10.35
2014.02.17 01:13:47.225,1.67754,1.67759,1.00,3.75
2014.02.17 01:13:47.477,1.67747,1.67756,1.08,1.84
2014.02.17 01:13:47.528,1.67744,1.67756,2.25,1.84
2014.02.17 01:13:47.722,1.67744,1.67756,1.18,1.99
2014.02.17 01:13:48.238,1.67745,1.67756,1.50,1.17
2014.02.17 01:13:50.749,1.67745,1.67756,1.18,1.08
2014.02.17 01:13:51.253,1.67745,1.67756,1.50,1.10
2014.02.17 01:13:52.452,1.67747,1.6776,1.50,1.58
2014.02.17 01:13:52.963,1.67747,1.6776,2.33,1.18
2014.02.17 01:13:53.639,1.67747,1.6776,2.10,1.18
2014.02.17 01:13:54.294,1.67747,1.6776,2.03,1.18
2014.02.17 01:13:54.834,1.67748,1.6776,1.00,1.18
2014.02.17 01:13:58.125,1.67753,1.67761,1.00,1.58
2014.02.17 01:13:58.983,1.67748,1.67761,1.00,1.58
2014.02.17 01:13:59.034,1.67748,1.67761,2.85,1.08
2014.02.17 01:13:59.336,1.67752,1.67765,1.35,1.18
2014.02.17 01:13:59.488,1.67751,1.67761,1.95,1.00
2014.02.17 01:13:59.589,1.67751,1.67763,1.20,1.00
2014.02.17 01:14:00.144,1.67751,1.67762,1.35,1.00
2014.02.17 01:14:01.554,1.67752,1.67764,1.43,1.10
2014.02.17 01:14:03.778,1.67752,1.67764,1.58,1.10
2014.02.17 01:14:14.497,1.67753,1.67764,1.50,1.00
2014.02.17 01:14:17.712,1.67754,1.67764,1.50,1.00
2014.02.17 01:14:18.065,1.67757,1.67764,2.25,1.00
2014.02.17 01:14:18.116,1.67757,1.67769,3.75,1.00
2014.02.17 01:14:18.269,1.67762,1.67773,1.00,2.25
2014.02.17 01:14:18.572,1.67757,1.67767,1.50,1.00
2014.02.17 01:14:18.724,1.67756,1.67767,3.08,1.00
2014.02.17 01:14:19.327,1.67756,1.67762,2.33,1.00
2014.02.17 01:14:19.478,1.67752,1.67762,2.03,1.00
2014.02.17 01:14:19.579,1.67751,1.67758,3.08,1.00
2014.02.17 01:14:26.134,1.67749,1.67758,1.20,1.00
2014.02.17 01:14:29.334,1.67749,1.67757,4.95,1.00
2014.02.17 01:14:30.121,1.67749,1.67758,4.95,1.00
2014.02.17 01:14:30.771,1.6775,1.67758,1.20,1.00
2014.02.17 01:14:31.311,1.67751,1.67757,1.20,1.00
2014.02.17 01:14:38.052,1.67751,1.67757,1.20,1.38
2014.02.17 01:14:38.205,1.67747,1.67753,1.18,1.00
2014.02.17 01:14:38.307,1.67746,1.67753,1.00,1.50
2014.02.17 01:14:38.509,1.67746,1.67757,4.50,1.00
2014.02.17 01:14:38.731,1.67748,1.67757,1.50,1.00
2014.02.17 01:14:39.276,1.67751,1.67762,1.58,1.00
2014.02.17 01:14:39.799,1.67751,1.67763,1.95,1.10
2014.02.17 01:14:41.145,1.67753,1.67763,1.50,1.00
2014.02.17 01:14:41.803,1.67756,1.67767,1.10,1.18
2014.02.17 01:14:42.005,1.67756,1.67767,1.50,1.10
2014.02.17 01:14:42.359,1.67756,1.67763,1.58,1.00
2014.02.17 01:14:42.510,1.67753,1.67763,3.90,1.50
2014.02.17 01:14:42.561,1.67756,1.67763,1.00,1.00
2014.02.17 01:14:42.763,1.67756,1.67765,1.65,1.00
2014.02.17 01:14:43.015,1.67756,1.67768,3.00,1.50
2014.02.17 01:14:44.636,1.67756,1.67767,2.25,1.00
2014.02.17 01:15:05.583,1.67756,1.67767,1.18,1.10
2014.02.17 01:15:06.195,1.67756,1.67767,1.08,4.65
2014.02.17 01:15:06.865,1.67756,1.67767,1.00,5.33
2014.02.17 01:15:07.017,1.67756,1.67767,1.00,8.70
2014.02.17 01:15:07.220,1.67751,1.67762,1.95,1.55
2014.02.17 01:15:15.175,1.67751,1.67753,1.00,1.00
2014.02.17 01:15:15.226,1.67746,1.67752,4.88,1.00
2014.02.17 01:15:19.592,1.67748,1.67755,4.65,3.38
2014.02.17 01:15:19.744,1.67746,1.67751,1.58,1.00
2014.02.17 01:15:19.896,1.67747,1.67752,1.00,1.00
2014.02.17 01:15:20.432,1.67747,1.67753,2.10,1.00
2014.02.17 01:15:23.166,1.67749,1.67753,1.00,1.00
2014.02.17 01:15:24.851,1.67749,1.67755,1.00,1.00
2014.02.17 01:15:25.356,1.6775,1.67756,1.50,1.00
2014.02.17 01:15:33.975,1.6775,1.67756,1.65,1.00
2014.02.17 01:15:34.480,1.67752,1.67756,1.00,1.00
2014.02.17 01:15:36.049,1.67751,1.67756,1.00,1.00
2014.02.17 01:15:37.531,1.6775,1.67756,1.50,1.00
2014.02.17 01:15:42.544,1.67749,1.67753,1.10,1.00
2014.02.17 01:15:43.048,1.67749,1.67752,1.10,1.00
2014.02.17 01:15:47.342,1.67749,1.67755,1.00,1.00
2014.02.17 01:15:47.544,1.67751,1.67755,1.00,1.00
2014.02.17 01:15:48.249,1.67751,1.67756,1.50,1.00
2014.02.17 01:16:08.234,1.6775,1.67756,1.50,1.00
2014.02.17 01:16:19.313,1.6775,1.67753,1.00,1.00
2014.02.17 01:16:19.464,1.67747,1.67751,1.00,1.00
2014.02.17 01:16:20.012,1.67745,1.67751,1.00,1.00
2014.02.17 01:16:20.113,1.67745,1.67751,1.00,1.00
2014.02.17 01:16:20.366,1.67744,1.67751,1.00,1.00
2014.02.17 01:16:20.468,1.67744,1.67751,1.00,1.00
2014.02.17 01:16:22.535,1.67744,1.67751,1.00,1.00
2014.02.17 01:16:23.456,1.67742,1.67751,1.10,4.50
2014.02.17 01:16:30.147,1.67747,1.67751,1.00,4.50
2014.02.17 01:16:30.248,1.67743,1.67749,1.00,3.75
2014.02.17 01:16:31.793,1.67745,1.67749,1.00,3.75
2014.02.17 01:16:31.894,1.67745,1.67751,1.00,1.00
2014.02.17 01:16:35.614,1.67744,1.67751,1.00,1.00
2014.02.17 01:16:36.495,1.67745,1.67751,1.00,1.00
2014.02.17 01:16:37.388,1.67747,1.67751,1.00,1.00
2014.02.17 01:16:37.595,1.67745,1.67751,1.00,1.00
2014.02.17 01:16:40.894,1.67742,1.67751,1.10,1.00
2014.02.17 01:16:41.148,1.67744,1.67751,1.00,1.00
2014.02.17 01:16:42.435,1.67742,1.67751,1.58,1.00
2014.02.17 01:16:42.994,1.67742,1.67751,1.00,5.33
2014.02.17 01:16:43.196,1.67738,1.67748,2.03,3.75
2014.02.17 01:16:43.712,1.67737,1.67747,1.58,1.00
2014.02.17 01:16:44.238,1.67737,1.67746,1.58,1.00
2014.02.17 01:16:48.709,1.67737,1.67746,1.10,1.00
2014.02.17 01:16:52.351,1.67739,1.67748,1.00,3.90
2014.02.17 01:16:52.800,1.6774,1.67743,1.00,1.00
2014.02.17 01:16:52.901,1.67737,1.67742,1.10,1.00
2014.02.17 01:16:57.224,1.67735,1.67741,1.80,1.00
2014.02.17 01:17:05.772,1.67735,1.67741,1.00,1.00
2014.02.17 01:17:05.923,1.67732,1.6774,1.88,1.00
2014.02.17 01:17:06.272,1.67734,1.67743,1.00,4.58
2014.02.17 01:17:06.575,1.67732,1.6774,1.38,1.68
2014.02.17 01:17:06.626,1.67732,1.6774,1.00,1.68
2014.02.17 01:17:06.828,1.67732,1.6774,1.00,1.58
2014.02.17 01:17:07.332,1.67733,1.6774,1.00,1.00
2014.02.17 01:17:12.819,1.67732,1.6774,1.00,1.00
2014.02.17 01:17:12.870,1.67732,1.67736,1.38,1.00
2014.02.17 01:17:12.971,1.67732,1.67736,1.00,1.00
2014.02.17 01:17:13.577,1.67733,1.67736,1.00,1.00
2014.02.17 01:17:13.628,1.67733,1.6774,1.00,1.18
2014.02.17 01:17:14.304,1.67733,1.6774,1.00,1.00
2014.02.17 01:17:14.846,1.67733,1.6774,1.38,1.10
2014.02.17 01:17:15.048,1.67733,1.6774,1.00,1.10
2014.02.17 01:17:15.099,1.67732,1.6774,1.00,1.48
2014.02.17 01:17:15.352,1.67728,1.67731,1.00,1.92
2014.02.17 01:17:15.554,1.67727,1.67729,1.00,1.84
2014.02.17 01:17:15.857,1.67723,1.67728,3.38,2.59
2014.02.17 01:17:16.239,1.6772,1.67726,1.38,2.59
2014.02.17 01:17:16.391,1.67719,1.67722,1.10,1.00
2014.02.17 01:17:16.594,1.67717,1.67721,1.50,1.00
2014.02.17 01:17:16.801,1.67717,1.67726,1.50,2.67
2014.02.17 01:17:17.337,1.67717,1.67726,1.65,1.09
2014.02.17 01:17:22.131,1.67717,1.67728,2.03,1.10
2014.02.17 01:17:22.181,1.67721,1.6773,1.00,1.17
2014.02.17 01:17:22.484,1.6773,1.67734,1.10,2.25
2014.02.17 01:17:22.535,1.6773,1.67738,1.10,1.00
2014.02.17 01:17:22.636,1.67728,1.67741,1.58,1.24
2014.02.17 01:17:22.687,1.67728,1.67741,3.08,1.10
2014.02.17 01:17:22.990,1.67732,1.67738,1.10,1.09
2014.02.17 01:17:23.092,1.67729,1.67738,1.65,1.09
2014.02.17 01:17:23.620,1.67729,1.67738,1.65,2.59
2014.02.17 01:17:25.830,1.67729,1.67737,1.58,1.09
2014.02.17 01:17:26.084,1.67726,1.67733,1.00,1.00
2014.02.17 01:17:26.186,1.67726,1.67736,1.10,1.54
2014.02.17 01:17:26.692,1.67726,1.67737,1.65,1.92
2014.02.17 01:17:27.226,1.67726,1.67737,2.03,1.17
2014.02.17 01:17:28.514,1.67726,1.67737,3.38,1.09
2014.02.17 01:18:00.829,1.67727,1.67738,2.70,2.59
2014.02.17 01:18:01.081,1.67737,1.67748,1.18,1.17
2014.02.17 01:18:01.589,1.67737,1.67749,5.78,3.34
2014.02.17 01:18:03.961,1.67737,1.67749,5.78,3.34
2014.02.17 01:18:04.169,1.67737,1.67749,7.88,3.34
2014.02.17 01:18:13.978,1.67742,1.67749,3.75,1.09
2014.02.17 01:18:19.566,1.67742,1.67753,1.10,1.99
2014.02.17 01:18:20.070,1.67743,1.67753,1.00,1.24
2014.02.17 01:18:20.122,1.67744,1.67753,4.13,1.18
2014.02.17 01:18:20.273,1.67749,1.67758,1.00,1.10
2014.02.17 01:18:20.778,1.67747,1.67758,1.18,1.17
2014.02.17 01:18:26.074,1.67748,1.67763,1.43,7.50
2014.02.17 01:18:27.540,1.67749,1.67763,1.00,3.00
2014.02.17 01:18:30.152,1.67749,1.67757,1.00,1.00
2014.02.17 01:18:30.707,1.67748,1.67757,1.43,1.00
2014.02.17 01:18:33.943,1.67746,1.67757,3.60,1.00
2014.02.17 01:18:34.479,1.67746,1.67757,2.93,1.00
2014.02.17 01:18:34.791,1.67746,1.67757,3.08,1.00
2014.02.17 01:18:41.033,1.67746,1.67756,2.33,1.84
2014.02.17 01:18:44.550,1.6775,1.67756,1.00,1.84
2014.02.17 01:18:44.651,1.6775,1.67757,1.13,3.75
2014.02.17 01:18:44.853,1.6775,1.67761,1.38,1.50
2014.02.17 01:18:44.904,1.67753,1.67762,1.00,5.33
2014.02.17 01:18:45.006,1.67753,1.67764,1.18,5.33
2014.02.17 01:18:45.107,1.67756,1.67765,1.00,1.99
2014.02.17 01:18:45.309,1.67753,1.67762,1.00,1.99
2014.02.17 01:18:45.829,1.67751,1.67761,1.38,1.99
2014.02.17 01:19:08.652,1.67753,1.67761,1.00,3.90
2014.02.17 01:19:12.908,1.67752,1.67761,1.13,3.90
2014.02.17 01:19:15.581,1.67755,1.67763,1.00,4.50
2014.02.17 01:19:15.632,1.67755,1.67763,1.00,3.83
2014.02.17 01:19:29.088,1.67759,1.67763,1.00,1.10
2014.02.17 01:19:29.341,1.67755,1.67764,1.65,1.00
2014.02.17 01:19:29.875,1.67755,1.67764,1.38,1.18
2014.02.17 01:19:36.318,1.67755,1.67762,1.38,1.84
2014.02.17 01:19:36.671,1.6775,1.67762,1.95,4.17
2014.02.17 01:19:36.873,1.6775,1.67761,1.48,1.99
2014.02.17 01:19:36.974,1.6775,1.6776,1.38,1.09
2014.02.17 01:19:44.514,1.67747,1.67757,2.10,1.00
2014.02.17 01:19:45.059,1.67751,1.67759,1.38,1.18
2014.02.17 01:19:57.009,1.67751,1.67759,1.38,1.20
2014.02.17 01:19:57.768,1.67751,1.67758,1.38,3.75
2014.02.17 01:20:11.383,1.67751,1.67758,1.00,1.00
2014.02.17 01:20:12.602,1.67751,1.67758,1.00,1.08
2014.02.17 01:20:30.772,1.67748,1.67759,1.13,5.33
2014.02.17 01:20:30.924,1.67748,1.67757,1.13,2.33
2014.02.17 01:20:31.076,1.67745,1.67754,1.38,1.20
2014.02.17 01:20:31.580,1.67745,1.67755,1.00,2.25
2014.02.17 01:20:46.408,1.67744,1.67755,1.00,1.50
2014.02.17 01:20:47.102,1.67745,1.67754,1.00,1.58
2014.02.17 01:20:51.048,1.67745,1.67754,1.00,1.18
2014.02.17 01:20:52.537,1.67745,1.67754,1.00,1.58
2014.02.17 01:20:52.638,1.67741,1.67752,1.10,1.62
2014.02.17 01:20:53.152,1.6774,1.67748,1.65,1.84
2014.02.17 01:20:56.213,1.67737,1.67747,3.08,1.09
2014.02.17 01:20:56.749,1.67737,1.67747,1.65,1.09
2014.02.17 01:20:59.140,1.67738,1.67748,1.73,1.00
2014.02.17 01:20:59.443,1.6774,1.6775,1.50,1.00
2014.02.17 01:21:00.872,1.67739,1.6775,2.33,1.00
2014.02.17 01:21:01.657,1.67739,1.6775,1.65,1.00
2014.02.17 01:21:04.579,1.67741,1.6775,1.13,1.00
2014.02.17 01:21:04.882,1.67745,1.67752,1.10,1.00
2014.02.17 01:21:06.633,1.67746,1.67752,1.18,1.00
2014.02.17 01:21:06.684,1.67746,1.67754,1.18,1.00
2014.02.17 01:21:07.236,1.67746,1.67754,1.58,1.00
2014.02.17 01:21:07.337,1.67747,1.67754,2.25,1.00
2014.02.17 01:21:07.388,1.67747,1.67758,3.00,1.00
2014.02.17 01:21:07.439,1.67749,1.67758,1.50,1.00
2014.02.17 01:21:07.490,1.67749,1.6776,1.50,1.00
2014.02.17 01:21:07.995,1.67751,1.6776,1.50,1.00
2014.02.17 01:21:24.688,1.67756,1.6776,1.00,1.00
2014.02.17 01:21:24.739,1.67756,1.67767,1.00,2.25
2014.02.17 01:21:24.840,1.67756,1.67767,1.10,1.18
2014.02.17 01:21:27.070,1.67762,1.67767,1.00,1.18
2014.02.17 01:21:27.400,1.67762,1.6777,1.00,2.33
2014.02.17 01:21:31.985,1.67762,1.6777,1.00,1.95
2014.02.17 01:21:32.965,1.67762,1.6777,1.00,1.58
2014.02.17 01:21:33.016,1.67764,1.67772,1.00,1.00
2014.02.17 01:21:33.470,1.67764,1.67774,1.18,1.00
2014.02.17 01:21:36.177,1.67765,1.67774,2.25,1.00
2014.02.17 01:21:36.328,1.67765,1.67776,2.25,1.09
2014.02.17 01:21:37.033,1.67765,1.67776,2.25,1.84
2014.02.17 01:21:38.795,1.67765,1.67776,2.25,1.84
2014.02.17 01:21:40.859,1.67766,1.67778,1.58,3.04
2014.02.17 01:21:40.960,1.67766,1.67778,1.45,1.10
2014.02.17 01:21:41.162,1.67768,1.67776,1.18,1.00
2014.02.17 01:21:41.364,1.67768,1.6778,3.90,1.18
2014.02.17 01:21:46.085,1.67769,1.67782,1.75,1.58
2014.02.17 01:21:46.136,1.67769,1.67782,2.25,1.10
2014.02.17 01:21:46.541,1.67767,1.67782,3.38,1.58
2014.02.17 01:21:47.527,1.6777,1.67782,1.20,1.58
2014.02.17 01:21:47.830,1.67779,1.67784,1.00,2.25
2014.02.17 01:21:47.881,1.67774,1.67784,3.00,2.59
2014.02.17 01:21:47.982,1.67774,1.67784,3.00,1.24
2014.02.17 01:21:48.164,1.67774,1.6778,2.25,3.75
2014.02.17 01:21:48.228,1.67774,1.67781,1.00,3.75
2014.02.17 01:21:48.964,1.67774,1.67784,1.10,8.70
2014.02.17 01:21:53.346,1.67776,1.67784,1.00,8.33
2014.02.17 01:21:53.700,1.67774,1.67786,1.58,5.67
2014.02.17 01:21:53.801,1.67774,1.67784,1.58,1.00
2014.02.17 01:21:54.175,1.67776,1.67784,2.25,1.00
2014.02.17 01:21:54.276,1.67777,1.67786,1.50,1.09
2014.02.17 01:21:55.697,1.6778,1.67786,1.13,1.09
2014.02.17 01:21:56.201,1.67782,1.67788,1.50,1.84
2014.02.17 01:21:56.604,1.67782,1.67791,1.50,2.59
2014.02.17 01:21:57.150,1.67782,1.67791,2.55,1.00
2014.02.17 01:21:57.654,1.67782,1.67792,2.55,1.00
2014.02.17 01:21:57.705,1.67783,1.67792,2.18,1.00
2014.02.17 01:21:57.856,1.67783,1.67794,7.02,1.50
2014.02.17 01:21:58.059,1.67783,1.67796,4.02,1.00
2014.02.17 01:21:58.311,1.67787,1.67797,1.00,1.00
2014.02.17 01:21:58.412,1.67784,1.67797,1.68,1.50
2014.02.17 01:21:59.128,1.67784,1.67797,1.43,1.65
2014.02.17 01:22:00.243,1.67784,1.67792,1.43,0.25
2014.02.17 01:22:00.551,1.67785,1.67794,1.00,1.00
2014.02.17 01:22:02.040,1.67784,1.67794,1.00,1.00
2014.02.17 01:22:06.285,1.67784,1.67795,1.48,4.43
2014.02.17 01:22:06.538,1.67789,1.67799,1.38,9.53
2014.02.17 01:22:06.740,1.67789,1.67799,1.38,1.28
2014.02.17 01:22:12.167,1.67787,1.67798,1.48,1.00
2014.02.17 01:22:12.218,1.67787,1.67798,1.10,1.13
2014.02.17 01:22:12.521,1.67787,1.67794,1.10,1.00
2014.02.17 01:22:14.563,1.67786,1.67794,1.00,1.00
2014.02.17 01:22:15.141,1.67786,1.67794,1.18,1.00
2014.02.17 01:22:15.878,1.67786,1.67793,1.18,1.13
2014.02.17 01:22:15.980,1.67784,1.67793,2.63,1.13
2014.02.17 01:22:16.493,1.67786,1.67794,1.38,1.00
2014.02.17 01:22:16.836,1.67788,1.67797,2.33,1.50
2014.02.17 01:22:16.887,1.67788,1.67797,3.08,1.00
2014.02.17 01:22:17.039,1.67788,1.67794,1.58,1.00
2014.02.17 01:22:17.525,1.67786,1.67794,1.95,1.00
2014.02.17 01:22:19.135,1.67786,1.67794,1.80,1.00
2014.02.17 01:22:22.671,1.67786,1.67794,1.00,1.00
2014.02.17 01:22:23.588,1.67786,1.67794,1.38,1.00
2014.02.17 01:22:23.689,1.67787,1.67799,2.63,3.00
2014.02.17 01:22:23.841,1.67787,1.67799,3.38,1.65
2014.02.17 01:22:24.355,1.67787,1.67799,4.73,1.50
2014.02.17 01:22:24.454,1.67787,1.67799,4.80,1.50
2014.02.17 01:22:25.088,1.67787,1.67797,4.13,1.00
2014.02.17 01:22:27.648,1.67787,1.67793,1.13,1.13
2014.02.17 01:22:27.951,1.67787,1.67794,1.50,1.00
2014.02.17 01:22:28.002,1.67787,1.67797,1.65,1.00
2014.02.17 01:22:28.535,1.67788,1.67797,1.58,1.00
2014.02.17 01:22:28.989,1.67789,1.67797,1.88,1.00
2014.02.17 01:22:29.572,1.67786,1.67797,1.95,1.00
2014.02.17 01:22:29.976,1.67789,1.67797,1.88,1.00
2014.02.17 01:22:30.178,1.67789,1.67799,1.88,1.50
2014.02.17 01:22:30.636,1.67789,1.67799,1.73,1.50
2014.02.17 01:22:33.587,1.67789,1.678,1.73,1.00
2014.02.17 01:22:33.689,1.67789,1.67802,1.73,1.10
2014.02.17 01:22:34.033,1.6779,1.67804,1.95,4.58
2014.02.17 01:22:34.361,1.67792,1.67804,1.13,3.53
2014.02.17 01:22:35.681,1.67792,1.67804,1.95,2.70
2014.02.17 01:22:41.354,1.67792,1.67802,3.83,1.00
2014.02.17 01:22:41.656,1.67799,1.67808,1.00,1.00
2014.02.17 01:22:41.757,1.67799,1.6781,1.10,1.13
2014.02.17 01:22:41.808,1.67797,1.67806,1.95,1.00
2014.02.17 01:22:42.274,1.67796,1.67808,9.75,1.00
2014.02.17 01:22:43.240,1.67797,1.67809,2.33,1.50
2014.02.17 01:22:44.803,1.67797,1.67809,2.33,9.83
2014.02.17 01:22:44.904,1.67797,1.67805,1.00,1.48
2014.02.17 01:22:44.955,1.67795,1.67805,1.10,1.48
2014.02.17 01:22:46.124,1.67796,1.67806,1.00,1.55
2014.02.17 01:22:46.636,1.67796,1.67808,1.00,6.00
2014.02.17 01:22:50.285,1.67796,1.67807,1.50,4.95
2014.02.17 01:22:50.790,1.67797,1.67806,1.00,3.83
2014.02.17 01:22:52.637,1.67797,1.67805,1.00,3.75
2014.02.17 01:22:55.803,1.67797,1.67806,1.00,3.83
2014.02.17 01:22:57.199,1.67795,1.67806,1.65,3.83
2014.02.17 01:22:57.737,1.67797,1.67806,1.00,3.83
2014.02.17 01:22:59.855,1.67797,1.67806,1.08,4.50
2014.02.17 01:23:00.410,1.67798,1.67806,1.50,3.75
2014.02.17 01:23:00.713,1.67798,1.67804,1.00,1.00
2014.02.17 01:23:01.980,1.67799,1.67808,1.00,1.10
2014.02.17 01:23:04.678,1.67799,1.67809,1.18,1.00
2014.02.17 01:23:08.836,1.67801,1.67809,1.00,1.50
2014.02.17 01:23:09.366,1.67801,1.67809,1.18,1.50
2014.02.17 01:23:10.914,1.67801,1.67809,1.00,1.00
2014.02.17 01:23:14.990,1.67802,1.67809,1.13,1.00
2014.02.17 01:23:16.217,1.67802,1.67809,2.40,1.00
2014.02.17 01:23:16.570,1.67803,1.67813,5.90,1.13
2014.02.17 01:23:16.721,1.67808,1.67816,4.13,1.00
2014.02.17 01:23:17.024,1.67808,1.6782,1.94,1.28
2014.02.17 01:23:17.276,1.67809,1.67822,1.43,1.18
2014.02.17 01:23:17.780,1.67809,1.67822,1.05,1.65
2014.02.17 01:23:18.334,1.67818,1.67822,1.00,1.18
2014.02.17 01:23:18.485,1.67818,1.67823,1.00,1.00
2014.02.17 01:23:18.951,1.67818,1.67825,1.84,1.00
2014.02.17 01:23:19.816,1.67818,1.67827,1.84,1.10
2014.02.17 01:23:20.108,1.67818,1.67821,1.84,1.00
2014.02.17 01:23:20.209,1.67816,1.6782,1.13,1.00
2014.02.17 01:23:20.260,1.67814,1.6782,1.16,1.00
2014.02.17 01:23:20.311,1.67818,1.67824,1.84,1.95
2014.02.17 01:23:20.412,1.67819,1.67824,1.84,1.58
2014.02.17 01:23:20.977,1.67819,1.67826,1.84,1.18
2014.02.17 01:23:21.503,1.67819,1.67826,1.84,1.10
2014.02.17 01:23:21.844,1.67816,1.67822,2.33,1.00
2014.02.17 01:23:22.096,1.67814,1.67824,3.16,1.58
2014.02.17 01:23:22.450,1.67814,1.67825,5.04,1.00
2014.02.17 01:23:22.753,1.6782,1.67829,1.17,1.00
2014.02.17 01:23:23.007,1.67819,1.67829,1.02,1.00
2014.02.17 01:23:23.520,1.67818,1.6783,2.14,1.00
2014.02.17 01:23:23.621,1.67824,1.6783,1.00,1.00
2014.02.17 01:23:23.672,1.67824,1.67832,1.00,1.00
2014.02.17 01:23:23.773,1.67822,1.67833,2.52,3.75
2014.02.17 01:23:23.823,1.67829,1.67835,1.80,1.00
2014.02.17 01:23:24.025,1.67832,1.67839,1.80,8.70
2014.02.17 01:23:24.127,1.67826,1.67839,2.92,8.33
2014.02.17 01:23:24.228,1.67825,1.67838,2.17,4.58
2014.02.17 01:23:24.380,1.67827,1.67837,1.79,3.75
2014.02.17 01:23:24.481,1.67824,1.67837,1.43,3.75
2014.02.17 01:23:25.014,1.67824,1.67838,2.18,1.10
2014.02.17 01:23:25.387,1.67825,1.67836,1.13,1.48
2014.02.17 01:23:25.640,1.67821,1.67833,3.75,1.10
2014.02.17 01:23:25.994,1.67823,1.67834,2.85,1.00
2014.02.17 01:23:26.095,1.67823,1.67836,2.85,2.33
2014.02.17 01:23:26.349,1.67825,1.67837,1.73,1.00
2014.02.17 01:23:26.858,1.67827,1.67837,1.00,1.00
2014.02.17 01:23:27.393,1.67827,1.67837,1.38,1.00
2014.02.17 01:23:27.950,1.67827,1.6784,2.85,1.58
2014.02.17 01:23:28.051,1.67829,1.6784,1.35,1.50
2014.02.17 01:23:29.313,1.67829,1.67839,2.48,1.00
2014.02.17 01:23:29.651,1.67834,1.6784,1.05,1.00
2014.02.17 01:23:29.955,1.67836,1.6784,1.00,1.00
2014.02.17 01:23:30.680,1.67833,1.67841,1.00,1.00
2014.02.17 01:23:31.227,1.67832,1.67841,1.05,1.00
2014.02.17 01:23:32.359,1.67831,1.67841,1.88,1.00
2014.02.17 01:23:32.814,1.67833,1.6784,1.35,1.00
2014.02.17 01:23:32.915,1.67832,1.67841,1.43,1.50
2014.02.17 01:23:33.017,1.67829,1.67839,1.50,1.00
2014.02.17 01:23:33.118,1.67831,1.67841,1.05,1.50
2014.02.17 01:23:33.169,1.67831,1.67835,1.05,1.00
2014.02.17 01:23:33.572,1.67826,1.67835,1.35,1.00
2014.02.17 01:23:33.825,1.67827,1.67838,1.35,1.00
2014.02.17 01:23:34.329,1.67827,1.67837,1.35,3.00
2014.02.17 01:23:35.426,1.67827,1.67838,1.35,3.75
2014.02.17 01:23:36.545,1.67826,1.67838,1.43,1.10
2014.02.17 01:23:36.926,1.67828,1.67839,1.00,3.83
2014.02.17 01:23:38.535,1.67827,1.67833,1.88,1.00
2014.02.17 01:23:38.737,1.67823,1.67833,1.38,1.20
2014.02.17 01:23:38.839,1.67822,1.67833,2.03,1.10
2014.02.17 01:23:39.142,1.67831,1.67834,1.34,1.00
2014.02.17 01:23:39.193,1.67831,1.6784,1.47,1.58
2014.02.17 01:23:39.294,1.67831,1.6784,1.47,1.10
2014.02.17 01:23:39.497,1.67829,1.6784,1.43,1.00
2014.02.17 01:23:39.548,1.67832,1.6784,1.84,1.00
2014.02.17 01:23:39.901,1.67834,1.6784,1.84,1.00
2014.02.17 01:23:40.254,1.67834,1.67842,1.84,1.00
2014.02.17 01:23:42.190,1.67833,1.67842,1.84,1.00
2014.02.17 01:23:43.043,1.67833,1.67842,2.51,1.00
2014.02.17 01:23:44.634,1.67833,1.67842,2.59,1.00
2014.02.17 01:23:48.193,1.67833,1.67842,2.59,1.00
2014.02.17 01:23:48.879,1.67833,1.67842,2.52,1.00
2014.02.17 01:23:49.534,1.67833,1.67842,2.52,1.00
2014.02.17 01:23:51.847,1.67833,1.67843,2.52,1.50
2014.02.17 01:23:58.167,1.67833,1.67843,2.67,1.50
2014.02.17 01:24:00.655,1.67834,1.67843,1.09,1.00
2014.02.17 01:24:01.233,1.67834,1.67844,1.09,1.00
2014.02.17 01:24:01.663,1.67834,1.67845,2.74,1.10
2014.02.17 01:24:04.195,1.6784,1.67847,1.00,5.33
2014.02.17 01:24:04.296,1.6784,1.67847,1.00,4.58
2014.02.17 01:24:04.397,1.67835,1.67846,1.58,1.00
2014.02.17 01:24:04.599,1.67838,1.67846,1.35,1.00
2014.02.17 01:24:04.751,1.67838,1.67849,5.10,1.50
2014.02.17 01:24:04.902,1.67838,1.67847,5.10,1.00
2014.02.17 01:24:05.246,1.67842,1.67848,1.00,1.00
2014.02.17 01:24:05.559,1.67842,1.67846,1.00,1.00
2014.02.17 01:24:05.660,1.67841,1.67851,1.09,1.20
2014.02.17 01:24:05.862,1.67841,1.67847,1.42,1.00
2014.02.17 01:24:06.317,1.67842,1.67852,1.12,1.50
2014.02.17 01:24:07.317,1.67839,1.67852,2.89,5.18
2014.02.17 01:24:07.569,1.67843,1.67852,1.84,5.03
2014.02.17 01:24:08.148,1.67843,1.67852,1.84,4.50
2014.02.17 01:24:08.813,1.67843,1.67852,1.84,5.50
2014.02.17 01:24:08.915,1.6784,1.67851,2.89,4.83
2014.02.17 01:24:09.451,1.6784,1.67851,2.22,3.83
2014.02.17 01:24:09.854,1.67842,1.67851,1.12,3.83
2014.02.17 01:24:10.525,1.67842,1.67852,1.12,4.50
2014.02.17 01:24:11.969,1.67843,1.67852,1.10,4.50
2014.02.17 01:24:12.508,1.67843,1.67851,1.10,3.75
2014.02.17 01:24:13.012,1.67843,1.67852,1.10,4.65
2014.02.17 01:24:13.622,1.67845,1.67852,1.00,5.48
2014.02.17 01:24:14.130,1.67845,1.67852,1.00,5.40
2014.02.17 01:24:14.543,1.67845,1.6785,1.00,3.75
2014.02.17 01:24:14.846,1.67847,1.6785,1.00,1.00
2014.02.17 01:24:15.048,1.67847,1.67852,1.00,4.73
2014.02.17 01:24:15.250,1.67844,1.67854,2.67,1.00
2014.02.17 01:24:15.503,1.67845,1.67854,1.50,1.00
2014.02.17 01:24:16.572,1.67845,1.67854,1.50,1.00
2014.02.17 01:24:16.724,1.67839,1.67845,1.10,4.13
2014.02.17 01:24:16.825,1.6784,1.67845,1.84,4.13
2014.02.17 01:24:16.927,1.67844,1.67851,2.59,1.95
2014.02.17 01:24:17.079,1.67844,1.67851,2.67,1.00
2014.02.17 01:24:17.130,1.67844,1.67853,2.67,1.50
2014.02.17 01:24:17.332,1.67844,1.67849,2.59,1.13
2014.02.17 01:24:17.433,1.67841,1.67845,1.00,1.50
2014.02.17 01:24:17.585,1.67836,1.67844,2.74,2.63
2014.02.17 01:24:17.737,1.67837,1.67847,2.67,2.33
2014.02.17 01:24:17.839,1.67837,1.6785,3.42,1.65
2014.02.17 01:24:17.889,1.67839,1.6785,1.09,1.10
2014.02.17 01:24:18.438,1.67839,1.67851,1.50,1.00
2014.02.17 01:24:18.887,1.6784,1.67851,2.33,1.00
2014.02.17 01:24:19.408,1.67843,1.67853,2.74,1.00
2014.02.17 01:24:19.560,1.67844,1.67854,1.09,1.00
2014.02.17 01:24:20.831,1.67843,1.67853,3.42,3.75
2014.02.17 01:24:21.361,1.67843,1.67854,2.74,8.33
2014.02.17 01:24:24.590,1.67844,1.67854,1.84,1.00
2014.02.17 01:24:26.734,1.67846,1.67854,1.58,1.00
2014.02.17 01:24:27.037,1.67853,1.67861,1.50,1.50
2014.02.17 01:24:27.341,1.67853,1.67861,1.35,1.00
2014.02.17 01:24:27.547,1.67849,1.67861,2.48,1.00
2014.02.17 01:24:28.124,1.67854,1.67861,1.43,1.00
2014.02.17 01:24:28.427,1.67851,1.67861,2.18,1.00
2014.02.17 01:24:28.478,1.6785,1.67861,1.05,1.00
2014.02.17 01:24:29.002,1.6785,1.6786,1.05,1.00
2014.02.17 01:24:29.546,1.67848,1.6786,1.80,1.10
2014.02.17 01:24:30.051,1.67849,1.6786,2.07,1.00
2014.02.17 01:24:30.341,1.67853,1.6786,1.84,1.00
2014.02.17 01:24:30.391,1.67853,1.67864,1.84,2.33
2014.02.17 01:24:30.543,1.67854,1.67864,1.84,9.08
2014.02.17 01:24:32.037,1.67854,1.67863,1.84,1.00
2014.02.17 01:24:32.303,1.67852,1.67863,1.39,1.00
2014.02.17 01:24:32.404,1.67851,1.67861,3.34,1.00
2014.02.17 01:24:36.558,1.67851,1.67863,3.72,4.65
2014.02.17 01:24:36.860,1.67854,1.67863,1.84,1.08
2014.02.17 01:24:36.962,1.67851,1.67863,3.53,1.00
2014.02.17 01:24:37.415,1.67851,1.67863,3.30,1.00
2014.02.17 01:24:39.672,1.67853,1.67863,1.20,1.00
2014.02.17 01:24:40.189,1.67854,1.67863,1.20,1.00
2014.02.17 01:24:41.091,1.67854,1.67862,1.13,1.00
2014.02.17 01:24:41.141,1.67852,1.67862,2.78,1.00
2014.02.17 01:24:41.651,1.67853,1.67862,1.20,1.00
2014.02.17 01:24:42.982,1.67852,1.67861,2.25,3.75
2014.02.17 01:24:43.083,1.67851,1.67859,1.10,3.75
2014.02.17 01:24:43.487,1.6785,1.67861,1.62,3.83
2014.02.17 01:24:47.070,1.6785,1.67861,3.12,3.83
2014.02.17 01:24:47.574,1.67851,1.67862,2.59,1.00
2014.02.17 01:24:55.208,1.67851,1.6786,1.17,3.75
2014.02.17 01:24:55.893,1.6785,1.67861,2.37,1.10
2014.02.17 01:24:56.410,1.67851,1.6786,1.92,3.75
2014.02.17 01:25:00.165,1.67851,1.67861,1.92,4.58
2014.02.17 01:25:01.080,1.67851,1.67859,1.83,1.00
2014.02.17 01:25:01.624,1.67849,1.67859,1.76,1.00
2014.02.17 01:25:06.596,1.67848,1.67856,3.08,1.00
2014.02.17 01:25:06.697,1.67848,1.67856,1.73,1.00
2014.02.17 01:25:07.051,1.67847,1.67856,1.10,1.00
2014.02.17 01:25:08.373,1.67847,1.67858,2.29,3.90
2014.02.17 01:25:08.525,1.67847,1.67859,2.67,9.08
2014.02.17 01:25:08.827,1.67851,1.67859,1.84,1.58
2014.02.17 01:25:08.979,1.67851,1.67861,2.22,4.65
2014.02.17 01:25:10.716,1.67851,1.67861,2.59,1.18
2014.02.17 01:25:18.159,1.67849,1.67857,1.55,1.00
2014.02.17 01:25:21.550,1.67847,1.67856,1.50,1.00
2014.02.17 01:25:21.930,1.67847,1.67857,1.50,1.00
2014.02.17 01:25:22.145,1.67847,1.67857,1.13,1.00
2014.02.17 01:25:22.347,1.67846,1.67854,2.24,1.00
2014.02.17 01:25:23.142,1.67844,1.67854,1.13,1.00
2014.02.17 01:25:33.417,1.67844,1.67852,1.20,1.00
2014.02.17 01:25:34.184,1.67844,1.67854,3.08,8.25
2014.02.17 01:25:35.611,1.67851,1.67857,1.47,1.65
2014.02.17 01:25:35.863,1.67856,1.67865,10.58,1.50
2014.02.17 01:25:35.914,1.67857,1.67865,1.88,1.50
2014.02.17 01:25:36.428,1.67858,1.67866,1.92,1.00
2014.02.17 01:25:36.731,1.67863,1.67866,1.00,1.00
2014.02.17 01:25:37.295,1.67863,1.67867,1.05,1.00
2014.02.17 01:25:41.132,1.67859,1.67866,1.54,1.00
2014.02.17 01:25:43.274,1.67864,1.67869,1.50,1.00
2014.02.17 01:25:43.376,1.67867,1.67869,1.88,1.00
2014.02.17 01:25:43.427,1.67867,1.67871,1.84,1.00
2014.02.17 01:25:43.578,1.67869,1.67874,1.84,1.13
2014.02.17 01:25:43.730,1.67869,1.67875,2.22,2.25
2014.02.17 01:25:43.781,1.67871,1.67877,1.11,1.50
2014.02.17 01:25:44.135,1.67871,1.67879,1.30,1.50
2014.02.17 01:25:44.187,1.67873,1.67879,1.05,1.50
2014.02.17 01:25:44.490,1.6788,1.67882,1.00,1.00
2014.02.17 01:25:44.845,1.67882,1.67886,1.09,1.00
2014.02.17 01:25:44.897,1.67883,1.67889,1.09,1.50
2014.02.17 01:25:44.948,1.67883,1.67889,1.57,1.50
2014.02.17 01:25:45.252,1.67883,1.67893,2.33,1.00
2014.02.17 01:25:45.354,1.67884,1.6789,1.50,1.00
2014.02.17 01:25:45.455,1.67885,1.67894,1.17,1.00
2014.02.17 01:25:45.506,1.67887,1.67894,1.50,1.00
2014.02.17 01:25:45.910,1.6789,1.67896,4.50,1.00
2014.02.17 01:25:46.814,1.67896,1.67901,1.84,1.00
2014.02.17 01:25:47.017,1.67897,1.67901,1.38,1.00
2014.02.17 01:25:47.118,1.67897,1.679,1.00,1.00
2014.02.17 01:25:47.270,1.67892,1.67899,1.35,1.00
2014.02.17 01:25:47.472,1.67892,1.67897,1.35,1.00
2014.02.17 01:25:47.776,1.67893,1.67898,1.42,1.00
2014.02.17 01:25:48.324,1.67893,1.67898,1.42,1.00
2014.02.17 01:25:49.091,1.67893,1.67897,1.41,1.00
2014.02.17 01:25:49.618,1.67895,1.67899,1.41,1.00
2014.02.17 01:25:49.668,1.67895,1.67901,1.41,1.00
2014.02.17 01:25:49.719,1.67897,1.67901,2.18,1.00
2014.02.17 01:25:50.022,1.67899,1.6791,2.18,1.00
2014.02.17 01:25:50.123,1.679,1.67905,1.35,1.00
2014.02.17 01:25:50.526,1.67902,1.67913,1.73,1.00
2014.02.17 01:25:50.680,1.67902,1.67908,7.35,1.00
2014.02.17 01:25:51.186,1.67904,1.67908,1.00,1.00
2014.02.17 01:25:52.040,1.67902,1.67908,2.85,1.00
2014.02.17 01:25:53.445,1.67908,1.67915,1.74,1.13
2014.02.17 01:25:53.597,1.6791,1.67915,3.00,1.38
2014.02.17 01:25:53.648,1.6791,1.67914,3.00,1.13
2014.02.17 01:25:54.355,1.67909,1.67914,3.00,1.00
2014.02.17 01:25:54.457,1.67909,1.67914,3.00,1.00
2014.02.17 01:25:56.294,1.67911,1.67917,1.00,1.28
2014.02.17 01:25:56.395,1.67911,1.67914,1.00,1.00
2014.02.17 01:25:56.849,1.67907,1.67914,1.58,1.00
2014.02.17 01:25:56.951,1.67907,1.67914,1.88,1.00
2014.02.17 01:25:57.387,1.67907,1.67913,1.28,1.00
2014.02.17 01:25:57.967,1.67906,1.67913,1.58,1.00
2014.02.17 01:25:58.068,1.67906,1.67913,2.25,1.00
2014.02.17 01:25:58.723,1.67907,1.67913,1.10,1.00
2014.02.17 01:25:59.254,1.67907,1.67913,1.08,1.00
2014.02.17 01:25:59.784,1.67907,1.67913,1.10,1.00
2014.02.17 01:26:00.096,1.67907,1.67911,1.10,1.00
2014.02.17 01:26:00.865,1.67907,1.67914,1.00,1.00
2014.02.17 01:26:01.168,1.67907,1.67918,1.00,3.90
2014.02.17 01:26:02.048,1.67905,1.67918,1.42,3.90
2014.02.17 01:26:02.984,1.67905,1.67914,1.42,1.00
2014.02.17 01:26:04.633,1.67905,1.67913,1.42,1.00
2014.02.17 01:26:05.143,1.67905,1.67912,1.42,1.00
2014.02.17 01:26:05.676,1.67905,1.67913,1.42,1.00
2014.02.17 01:26:06.248,1.67903,1.67913,2.18,1.50
2014.02.17 01:26:06.349,1.67901,1.67911,2.10,3.83
2014.02.17 01:26:06.501,1.67902,1.67909,1.00,3.75
2014.02.17 01:26:06.653,1.67899,1.67908,1.50,3.83
2014.02.17 01:26:07.056,1.67899,1.67906,1.00,3.75
2014.02.17 01:26:07.258,1.67899,1.67909,1.00,1.18
2014.02.17 01:26:07.359,1.67899,1.67906,1.00,3.75
2014.02.17 01:26:07.863,1.67899,1.67907,1.38,3.75
2014.02.17 01:26:09.267,1.67899,1.67909,1.38,8.33
2014.02.17 01:26:09.771,1.67899,1.67909,1.38,8.25
2014.02.17 01:26:11.187,1.67899,1.67909,1.38,8.40
2014.02.17 01:26:11.708,1.67899,1.67909,1.55,4.50
2014.02.17 01:26:22.808,1.67898,1.67908,1.20,1.00
2014.02.17 01:26:23.685,1.67898,1.67907,1.20,1.00
2014.02.17 01:26:23.836,1.67897,1.67907,2.33,1.10
2014.02.17 01:26:24.141,1.67896,1.67902,2.65,1.00
2014.02.17 01:26:24.672,1.67896,1.67902,1.40,1.00
2014.02.17 01:26:25.175,1.67896,1.67905,1.13,1.58
2014.02.17 01:26:25.682,1.67895,1.67902,1.00,3.75
2014.02.17 01:26:26.200,1.67895,1.67903,1.18,3.75
2014.02.17 01:26:26.927,1.67895,1.67903,1.00,3.75
2014.02.17 01:26:27.476,1.67895,1.67902,1.00,3.75
2014.02.17 01:26:28.064,1.67895,1.67902,1.19,3.75
2014.02.17 01:26:28.115,1.67895,1.67904,1.19,4.13
2014.02.17 01:26:28.780,1.67896,1.67905,1.05,3.75
2014.02.17 01:26:29.617,1.67896,1.67902,1.30,1.38
2014.02.17 01:26:29.718,1.67894,1.67902,1.00,5.03
2014.02.17 01:26:30.940,1.67891,1.67902,2.70,4.88
2014.02.17 01:26:34.666,1.67891,1.67899,2.70,1.00
2014.02.17 01:26:35.181,1.67891,1.67901,2.70,4.13
2014.02.17 01:26:37.733,1.6789,1.67902,3.68,1.88
2014.02.17 01:26:37.784,1.6789,1.67898,2.93,3.75
2014.02.17 01:26:38.087,1.67889,1.67895,3.45,1.00
2014.02.17 01:26:38.426,1.6789,1.67897,1.28,1.00
2014.02.17 01:26:38.981,1.67889,1.67895,1.73,1.00
2014.02.17 01:26:40.359,1.67889,1.67895,1.35,1.10
2014.02.17 01:26:40.880,1.67889,1.67896,1.10,1.00
2014.02.17 01:26:41.406,1.67889,1.67895,1.10,1.00
2014.02.17 01:26:41.848,1.67889,1.67899,1.33,1.10
2014.02.17 01:26:43.543,1.67889,1.67895,1.10,1.00
2014.02.17 01:26:48.952,1.67889,1.67896,1.43,1.00
2014.02.17 01:26:52.472,1.67889,1.67895,1.10,1.00
2014.02.17 01:26:55.225,1.67889,1.67896,1.10,1.00
2014.02.17 01:26:55.883,1.67886,1.67896,3.98,1.00
2014.02.17 01:26:56.186,1.67889,1.67896,1.00,1.00
2014.02.17 01:26:56.712,1.67889,1.67895,1.00,1.00
2014.02.17 01:26:57.135,1.67886,1.67896,1.89,1.00
2014.02.17 01:26:57.403,1.67886,1.67896,2.28,1.00
2014.02.17 01:26:57.948,1.67885,1.67896,2.18,1.00
2014.02.17 01:26:58.354,1.67886,1.67896,2.28,1.00
2014.02.17 01:27:02.825,1.67887,1.67899,1.29,1.10
2014.02.17 01:27:02.875,1.67887,1.67901,1.29,1.58
2014.02.17 01:27:02.977,1.67889,1.67901,1.67,1.00
2014.02.17 01:27:03.519,1.67889,1.67902,1.67,1.58
2014.02.17 01:27:04.047,1.6789,1.67902,2.48,1.50
2014.02.17 01:27:06.580,1.67892,1.67902,1.20,1.88
2014.02.17 01:27:07.130,1.67892,1.67897,1.20,1.00
2014.02.17 01:27:07.332,1.67889,1.67896,1.37,1.00
2014.02.17 01:27:10.364,1.67888,1.67896,2.10,1.00
2014.02.17 01:27:12.689,1.67889,1.67896,1.21,1.38
2014.02.17 01:27:12.892,1.67884,1.67892,2.25,1.00
2014.02.17 01:27:13.427,1.67884,1.67894,1.38,1.18
2014.02.17 01:27:15.692,1.67883,1.67894,1.13,1.18
2014.02.17 01:27:15.791,1.67882,1.67891,1.38,1.00
2014.02.17 01:27:16.568,1.67884,1.67893,1.00,1.10
2014.02.17 01:27:19.736,1.67884,1.67894,1.13,1.00
2014.02.17 01:27:20.361,1.67884,1.67894,1.20,1.00
2014.02.17 01:27:21.300,1.67884,1.67896,1.28,1.18
2014.02.17 01:27:26.051,1.67885,1.67897,1.95,1.58
2014.02.17 01:27:26.354,1.67889,1.67899,1.00,1.20
2014.02.17 01:27:26.404,1.67889,1.679,1.00,6.00
2014.02.17 01:27:26.505,1.67889,1.67901,1.10,2.33
2014.02.17 01:27:27.273,1.67889,1.67901,1.10,2.70
2014.02.17 01:27:29.782,1.67889,1.67898,1.20,1.28
2014.02.17 01:27:30.085,1.67884,1.67887,1.00,1.50
2014.02.17 01:27:30.136,1.6788,1.67887,1.00,1.50
2014.02.17 01:27:30.338,1.67878,1.67886,1.00,1.50
2014.02.17 01:27:30.592,1.67869,1.67883,2.25,1.18
2014.02.17 01:27:30.744,1.67869,1.67882,1.10,1.50
2014.02.17 01:27:31.047,1.67869,1.67876,1.00,1.00
2014.02.17 01:27:31.198,1.67866,1.67877,8.85,1.10
2014.02.17 01:27:31.847,1.67866,1.67877,8.33,1.58
2014.02.17 01:27:32.207,1.67866,1.67877,8.48,1.10
2014.02.17 01:27:32.841,1.67867,1.67876,3.83,1.00
2014.02.17 01:27:33.149,1.67869,1.67876,3.75,1.00
2014.02.17 01:27:36.621,1.67869,1.67876,4.88,1.00
2014.02.17 01:27:36.773,1.67871,1.67879,3.75,1.00
2014.02.17 01:27:36.823,1.67875,1.67882,1.00,1.18
2014.02.17 01:27:36.975,1.6788,1.67883,1.00,1.00
2014.02.17 01:27:37.076,1.6788,1.67887,1.00,1.18
2014.02.17 01:27:37.177,1.67883,1.67887,1.00,1.18
2014.02.17 01:27:37.831,1.67884,1.67888,1.00,1.20
2014.02.17 01:27:40.422,1.67884,1.6789,1.00,1.18
2014.02.17 01:27:40.573,1.67884,1.67893,4.50,1.20
2014.02.17 01:27:40.624,1.67884,1.67895,4.50,1.58
2014.02.17 01:27:40.725,1.67884,1.67887,3.75,1.00
2014.02.17 01:27:40.776,1.67881,1.67887,1.18,1.00
2014.02.17 01:27:40.827,1.67881,1.67892,1.10,1.28
2014.02.17 01:27:40.877,1.67885,1.67893,1.00,1.20
2014.02.17 01:27:41.281,1.67885,1.67895,1.00,5.33
2014.02.17 01:27:41.887,1.67881,1.67893,2.33,1.95
2014.02.17 01:27:49.467,1.6788,1.6789,1.18,1.00
2014.02.17 01:27:49.796,1.6788,1.67888,1.18,1.00
2014.02.17 01:27:50.138,1.6788,1.67886,1.00,1.00
2014.02.17 01:27:50.747,1.6788,1.67889,1.00,1.10
2014.02.17 01:27:51.388,1.6788,1.6789,1.18,1.00
2014.02.17 01:27:51.930,1.6788,1.67891,1.18,1.20
2014.02.17 01:27:56.024,1.67881,1.67892,1.58,1.18
2014.02.17 01:27:56.075,1.67885,1.67895,1.10,2.03
2014.02.17 01:27:56.479,1.67883,1.67895,1.10,1.58
2014.02.17 01:27:56.631,1.67886,1.67896,1.00,6.00
2014.02.17 01:27:56.782,1.67882,1.67893,1.28,1.10
2014.02.17 01:27:57.287,1.67884,1.67896,1.00,3.00
2014.02.17 01:27:59.066,1.67886,1.67898,1.00,3.00
2014.02.17 01:27:59.571,1.67884,1.67896,1.65,1.18
2014.02.17 01:28:05.584,1.67884,1.67896,2.63,1.55
2014.02.17 01:28:09.064,1.67883,1.67891,1.43,1.00
2014.02.17 01:28:09.166,1.67885,1.67894,1.73,1.00
2014.02.17 01:28:09.706,1.67885,1.67896,1.73,1.18
2014.02.17 01:28:12.827,1.67885,1.67896,1.69,1.55
2014.02.17 01:28:13.800,1.67884,1.67894,1.60,3.53
2014.02.17 01:28:14.313,1.67884,1.67893,1.35,1.95
2014.02.17 01:28:20.607,1.67884,1.67893,1.50,1.88
2014.02.17 01:28:20.658,1.67884,1.67893,1.88,1.50
2014.02.17 01:28:20.861,1.67884,1.67894,1.88,1.38
2014.02.17 01:28:21.366,1.67884,1.67894,1.50,4.13
2014.02.17 01:28:24.359,1.67883,1.67893,6.30,1.38
2014.02.17 01:28:30.594,1.67889,1.67893,1.38,1.00
2014.02.17 01:28:30.645,1.67889,1.67895,1.38,1.58
2014.02.17 01:28:30.696,1.6789,1.67895,2.71,1.50
2014.02.17 01:28:30.898,1.6789,1.679,1.13,1.50
2014.02.17 01:28:30.999,1.6789,1.679,1.13,1.13
2014.02.17 01:28:31.100,1.67891,1.67896,2.33,1.38
2014.02.17 01:28:38.122,1.67893,1.67902,1.00,1.10
2014.02.17 01:28:38.172,1.67893,1.67899,1.00,1.00
2014.02.17 01:28:38.576,1.67891,1.67899,4.05,1.00
2014.02.17 01:28:38.879,1.67889,1.67899,5.63,1.00
2014.02.17 01:28:39.257,1.67891,1.67899,1.20,1.00
2014.02.17 01:28:39.884,1.67891,1.67901,1.20,1.55
2014.02.17 01:28:40.478,1.67889,1.679,2.03,1.20
2014.02.17 01:28:41.748,1.67889,1.67901,2.03,2.03
2014.02.17 01:28:42.432,1.67889,1.67899,1.73,7.88
2014.02.17 01:28:42.685,1.67889,1.67899,1.23,4.50
2014.02.17 01:28:43.088,1.6789,1.67901,1.10,1.55
2014.02.17 01:28:43.290,1.6789,1.67898,1.10,1.88
2014.02.17 01:28:43.492,1.6789,1.67901,1.10,1.55
2014.02.17 01:28:43.795,1.6789,1.67897,1.10,1.00
2014.02.17 01:28:44.049,1.67889,1.679,1.23,1.58
2014.02.17 01:28:45.320,1.67889,1.67898,1.23,1.00
2014.02.17 01:28:49.356,1.67889,1.67898,2.67,1.00
2014.02.17 01:28:49.558,1.67889,1.67898,1.24,1.00
2014.02.17 01:28:50.115,1.6789,1.67899,1.00,1.20
2014.02.17 01:28:51.742,1.6789,1.67899,1.28,1.00
2014.02.17 01:28:51.895,1.67891,1.67899,1.58,1.00
2014.02.17 01:28:52.463,1.67891,1.67902,1.58,1.38
2014.02.17 01:28:53.320,1.67891,1.67901,1.10,1.48
2014.02.17 01:29:06.123,1.67891,1.67901,1.10,1.48
2014.02.17 01:29:06.824,1.6789,1.67898,1.13,2.25
2014.02.17 01:29:07.640,1.67893,1.67898,2.93,1.50
2014.02.17 01:29:07.792,1.67893,1.67903,2.93,1.38
2014.02.17 01:29:07.843,1.67893,1.67903,2.93,1.75
2014.02.17 01:29:08.096,1.67894,1.67903,1.00,1.50
2014.02.17 01:29:08.640,1.67894,1.67905,5.25,1.58
2014.02.17 01:29:09.159,1.67895,1.67906,3.75,2.40
2014.02.17 01:29:10.308,1.67895,1.67901,3.75,1.00
2014.02.17 01:29:10.813,1.67894,1.679,1.00,1.13
2014.02.17 01:29:12.104,1.67893,1.679,1.88,1.13
2014.02.17 01:29:12.453,1.67893,1.67898,1.88,1.00
2014.02.17 01:29:12.605,1.67893,1.67901,1.88,1.38
2014.02.17 01:29:12.857,1.67892,1.67898,1.28,1.00
2014.02.17 01:29:13.362,1.67889,1.67897,1.98,1.00
2014.02.17 01:29:13.933,1.67889,1.67897,1.86,1.38
2014.02.17 01:29:13.984,1.67889,1.67897,1.00,1.38
2014.02.17 01:29:16.518,1.67889,1.67897,1.18,1.38
2014.02.17 01:29:18.319,1.67889,1.67897,1.18,1.75
2014.02.17 01:29:22.405,1.67888,1.67897,1.95,1.13
2014.02.17 01:29:26.342,1.67889,1.67899,1.75,1.38
2014.02.17 01:29:26.392,1.67892,1.679,1.38,1.10
2014.02.17 01:29:26.899,1.67894,1.67901,4.50,1.00
2014.02.17 01:29:27.000,1.67892,1.67901,4.50,1.00
2014.02.17 01:29:27.101,1.67892,1.67904,5.93,1.58
2014.02.17 01:29:28.604,1.67892,1.67904,6.53,1.58
2014.02.17 01:29:31.086,1.67893,1.67903,1.60,1.00
2014.02.17 01:29:31.620,1.67894,1.67903,2.03,1.00
2014.02.17 01:29:31.670,1.67896,1.67905,1.13,1.00
2014.02.17 01:29:31.721,1.67896,1.67905,1.13,1.38
2014.02.17 01:29:31.822,1.67896,1.67907,1.13,1.55
2014.02.17 01:29:32.401,1.67897,1.67907,1.00,1.55
2014.02.17 01:29:37.156,1.67897,1.67907,1.18,1.38
2014.02.17 01:29:43.013,1.67897,1.67907,1.00,1.38
2014.02.17 01:29:47.517,1.67897,1.67907,1.13,1.38
2014.02.17 01:29:47.769,1.67895,1.67904,4.50,1.00
2014.02.17 01:29:48.296,1.67896,1.67904,1.00,1.00
2014.02.17 01:29:59.143,1.67896,1.67904,1.04,1.38
2014.02.17 01:29:59.395,1.67894,1.679,2.19,1.00
2014.02.17 01:29:59.807,1.67891,1.67901,2.03,1.00
2014.02.17 01:30:01.136,1.67891,1.67902,1.28,1.00
2014.02.17 01:30:02.909,1.67891,1.67902,1.50,1.00
2014.02.17 01:30:03.432,1.67891,1.67902,1.10,1.18
2014.02.17 01:30:03.989,1.67891,1.67902,1.43,1.00
2014.02.17 01:30:09.438,1.67891,1.67902,1.13,1.68
2014.02.17 01:30:09.904,1.6789,1.67895,1.00,3.75
2014.02.17 01:30:09.954,1.67888,1.67895,1.00,3.75
2014.02.17 01:30:10.348,1.67885,1.67894,1.43,1.38
2014.02.17 01:30:10.854,1.67881,1.67891,1.17,1.00
2014.02.17 01:30:10.905,1.67884,1.67893,1.12,1.10
2014.02.17 01:30:11.263,1.67884,1.67893,1.00,1.00
2014.02.17 01:30:11.566,1.67884,1.67895,1.43,1.10
2014.02.17 01:30:12.100,1.67885,1.67895,1.05,1.00
2014.02.17 01:30:12.929,1.67885,1.67895,1.95,1.00
2014.02.17 01:30:14.882,1.67885,1.67895,1.80,1.00
2014.02.17 01:30:16.041,1.67885,1.67897,2.17,1.10
2014.02.17 01:30:16.568,1.67885,1.67897,1.80,1.48
2014.02.17 01:30:17.610,1.67885,1.67897,2.17,1.10
2014.02.17 01:30:17.711,1.67885,1.67897,1.50,1.58
2014.02.17 01:30:18.177,1.67887,1.67897,1.05,1.00
2014.02.17 01:30:18.491,1.67888,1.67897,2.10,1.00
2014.02.17 01:30:18.592,1.67888,1.67901,2.48,1.58
2014.02.17 01:30:18.643,1.67892,1.67901,1.00,1.10
2014.02.17 01:30:18.845,1.6789,1.67901,4.13,1.58
2014.02.17 01:30:19.412,1.67889,1.67901,1.43,1.10
2014.02.17 01:30:19.932,1.67889,1.67902,2.18,1.65
2014.02.17 01:30:24.780,1.6789,1.67903,1.28,1.58
2014.02.17 01:30:28.034,1.6789,1.67903,3.38,1.10
2014.02.17 01:30:28.734,1.6789,1.67902,3.38,1.00
2014.02.17 01:30:28.886,1.6789,1.67902,2.03,1.18
2014.02.17 01:30:34.462,1.6789,1.67902,1.50,2.25
2014.02.17 01:30:34.781,1.6789,1.67897,1.50,1.88
2014.02.17 01:30:36.325,1.67893,1.67897,1.00,1.50
2014.02.17 01:30:36.426,1.67893,1.67899,1.00,1.58
2014.02.17 01:30:36.860,1.67893,1.67901,1.00,1.20
2014.02.17 01:30:37.012,1.67891,1.67897,1.10,1.88
2014.02.17 01:30:37.063,1.67891,1.67897,1.10,1.50
2014.02.17 01:30:37.265,1.67891,1.67902,1.10,1.55
2014.02.17 01:30:37.316,1.67893,1.67903,1.00,2.70
2014.02.17 01:30:38.749,1.67894,1.67903,1.00,2.70
2014.02.17 01:30:39.989,1.67893,1.67903,1.00,2.70
2014.02.17 01:30:40.536,1.67893,1.67903,1.00,1.58
2014.02.17 01:30:45.023,1.67893,1.67903,1.00,1.20
2014.02.17 01:30:51.322,1.67895,1.67903,1.00,1.95
2014.02.17 01:31:03.665,1.67895,1.67903,1.08,1.88
2014.02.17 01:31:03.968,1.67894,1.67898,1.20,1.00
2014.02.17 01:31:04.019,1.67891,1.67898,1.20,1.00
2014.02.17 01:31:04.070,1.67891,1.679,1.10,1.50
2014.02.17 01:31:04.171,1.67889,1.679,1.58,1.65
2014.02.17 01:31:04.272,1.67893,1.67901,1.00,1.58
2014.02.17 01:31:04.474,1.67893,1.67901,1.00,1.20
2014.02.17 01:31:06.751,1.67893,1.679,1.00,1.00
2014.02.17 01:31:07.279,1.67893,1.67902,1.00,1.18
2014.02.17 01:31:16.685,1.67892,1.67902,1.00,1.95
2014.02.17 01:31:18.401,1.67892,1.679,1.00,4.65
2014.02.17 01:31:19.108,1.67892,1.679,1.00,4.58
2014.02.17 01:31:20.342,1.67893,1.679,1.00,1.00
2014.02.17 01:31:23.144,1.67893,1.67902,1.00,1.18
2014.02.17 01:31:29.060,1.67893,1.67902,1.00,5.33
2014.02.17 01:31:35.670,1.67893,1.67902,1.00,4.65
2014.02.17 01:31:39.336,1.67891,1.67902,1.10,1.18
2014.02.17 01:31:44.066,1.67893,1.67902,1.00,4.65
2014.02.17 01:31:47.761,1.67893,1.67902,1.50,4.58
2014.02.17 01:31:48.032,1.67898,1.67906,1.13,4.50
2014.02.17 01:31:48.682,1.67899,1.67908,1.13,1.55
2014.02.17 01:31:49.199,1.679,1.67911,4.50,3.42
2014.02.17 01:31:49.351,1.67902,1.67911,1.00,3.08
2014.02.17 01:31:50.249,1.67902,1.67911,1.00,3.42
2014.02.17 01:31:51.119,1.67903,1.67911,1.00,1.20
2014.02.17 01:31:51.422,1.67903,1.67914,1.55,1.48
2014.02.17 01:31:52.043,1.67903,1.67914,1.55,1.48
2014.02.17 01:31:53.154,1.67903,1.67914,1.18,1.48
2014.02.17 01:31:56.233,1.67902,1.67914,3.60,9.45
2014.02.17 01:31:56.767,1.67902,1.67914,3.53,9.45
2014.02.17 01:32:01.787,1.67902,1.67914,3.60,2.33
2014.02.17 01:32:01.989,1.67907,1.67915,1.13,1.55
2014.02.17 01:32:05.753,1.67907,1.67916,1.38,1.20
2014.02.17 01:32:06.111,1.67906,1.67915,1.88,1.55
2014.02.17 01:32:06.615,1.67905,1.67915,1.13,1.18
2014.02.17 01:32:09.601,1.67907,1.67915,1.00,4.65
2014.02.17 01:32:12.849,1.67908,1.67917,1.13,5.25
2014.02.17 01:32:12.900,1.67912,1.67917,1.00,4.50
2014.02.17 01:32:12.951,1.67912,1.67917,1.38,4.50
2014.02.17 01:32:13.052,1.67912,1.67918,1.13,1.00
2014.02.17 01:32:13.103,1.67912,1.67921,1.13,1.10
2014.02.17 01:32:13.153,1.67912,1.67919,4.13,1.10
2014.02.17 01:32:13.255,1.6791,1.67919,1.00,1.10
2014.02.17 01:32:13.507,1.67908,1.67919,1.20,6.00
2014.02.17 01:32:13.958,1.67908,1.67918,1.13,5.25
2014.02.17 01:32:15.654,1.67907,1.67917,1.13,4.58
2014.02.17 01:32:19.767,1.67912,1.67917,1.00,3.83
2014.02.17 01:32:20.221,1.67912,1.67919,1.00,1.00
2014.02.17 01:32:22.078,1.67912,1.67916,1.00,1.50
2014.02.17 01:32:22.129,1.67907,1.67916,3.00,1.50
2014.02.17 01:32:22.281,1.67907,1.67917,2.25,5.33
2014.02.17 01:32:22.331,1.67912,1.67918,1.00,1.88
2014.02.17 01:32:22.383,1.67912,1.67919,1.00,2.03
2014.02.17 01:32:28.539,1.67912,1.67919,1.88,1.00
2014.02.17 01:32:30.067,1.67912,1.6792,1.50,2.33
2014.02.17 01:32:30.168,1.67909,1.67917,1.00,4.28
2014.02.17 01:32:30.694,1.67908,1.67917,1.00,1.58
2014.02.17 01:32:31.295,1.67907,1.67917,1.50,4.58
2014.02.17 01:32:33.055,1.67908,1.67918,1.00,6.00
2014.02.17 01:32:34.334,1.67909,1.67917,1.38,4.58
2014.02.17 01:32:34.615,1.67913,1.6792,2.25,1.50
2014.02.17 01:32:34.666,1.67909,1.6792,1.58,1.00
2014.02.17 01:32:34.717,1.67909,1.6792,1.00,1.58
2014.02.17 01:32:35.224,1.67908,1.6792,1.95,6.08
2014.02.17 01:32:40.066,1.67909,1.6792,1.38,2.33
2014.02.17 01:32:40.167,1.67912,1.67921,1.48,1.00
2014.02.17 01:32:40.319,1.67914,1.6792,1.00,1.10
2014.02.17 01:32:40.420,1.67913,1.6792,2.25,1.58
2014.02.17 01:32:40.470,1.6791,1.6792,3.83,1.58
2014.02.17 01:32:41.159,1.67909,1.6792,1.00,2.25
2014.02.17 01:32:42.583,1.67909,1.67919,1.00,2.33
2014.02.17 01:32:43.087,1.67908,1.67917,1.00,4.58
2014.02.17 01:32:46.915,1.67907,1.67918,1.88,1.50
2014.02.17 01:32:47.642,1.67907,1.67918,1.88,1.50
2014.02.17 01:32:51.467,1.67907,1.67916,1.00,1.24
2014.02.17 01:32:56.349,1.67907,1.67916,1.00,3.42
2014.02.17 01:32:56.875,1.67907,1.67916,1.00,4.09
2014.02.17 01:32:58.053,1.67906,1.67916,3.83,4.09
2014.02.17 01:32:59.316,1.67906,1.67916,3.83,2.25
2014.02.17 01:33:03.710,1.67907,1.67916,1.00,3.42
2014.02.17 01:33:04.274,1.67906,1.67916,1.58,2.74
2014.02.17 01:33:13.143,1.67905,1.67916,4.73,2.74
2014.02.17 01:33:13.345,1.67905,1.67916,5.56,1.24
2014.02.17 01:33:17.730,1.67906,1.67915,3.75,1.10
2014.02.17 01:33:19.438,1.67905,1.67915,5.85,1.10
2014.02.17 01:33:19.923,1.67905,1.67915,4.50,1.88
2014.02.17 01:33:20.226,1.67901,1.67912,1.56,3.38
2014.02.17 01:33:20.544,1.67902,1.67908,1.00,2.25
2014.02.17 01:33:22.793,1.67902,1.67908,1.00,1.18
2014.02.17 01:33:30.734,1.67902,1.6791,1.00,1.18
2014.02.17 01:33:31.696,1.67901,1.6791,1.00,1.18
2014.02.17 01:33:31.949,1.67901,1.6791,1.00,2.25
2014.02.17 01:33:37.555,1.67901,1.67909,1.00,1.20
2014.02.17 01:33:37.656,1.67899,1.67909,1.00,4.95
2014.02.17 01:33:38.161,1.67898,1.67907,1.00,1.20
2014.02.17 01:33:40.836,1.67897,1.67907,1.65,1.20
2014.02.17 01:33:48.676,1.67898,1.67907,4.13,1.48
2014.02.17 01:33:48.877,1.67899,1.67907,4.13,1.48
2014.02.17 01:33:50.343,1.67902,1.67907,1.00,1.10
2014.02.17 01:33:50.646,1.67907,1.67913,1.00,2.25
2014.02.17 01:33:50.899,1.67907,1.67916,1.00,1.48
2014.02.17 01:33:52.204,1.67908,1.67916,3.75,1.48
2014.02.17 01:33:54.035,1.67908,1.67916,3.75,1.20
2014.02.17 01:33:55.015,1.67907,1.67916,1.00,1.20
2014.02.17 01:33:55.424,1.67907,1.67914,3.75,1.38
2014.02.17 01:33:55.969,1.67908,1.67914,3.75,1.38
2014.02.17 01:33:57.929,1.67908,1.67915,3.75,1.00
2014.02.17 01:34:01.056,1.67908,1.67914,3.75,1.00
2014.02.17 01:34:01.585,1.67909,1.67914,3.75,1.00
2014.02.17 01:34:02.605,1.67909,1.67917,3.75,1.18
2014.02.17 01:34:02.858,1.67911,1.67919,7.50,3.75
2014.02.17 01:34:03.110,1.67911,1.67919,7.50,2.40
2014.02.17 01:34:03.634,1.67912,1.67919,3.75,1.18
2014.02.17 01:34:05.503,1.67908,1.67919,1.10,1.18
2014.02.17 01:34:05.555,1.67911,1.67919,3.75,1.18
2014.02.17 01:34:07.245,1.6791,1.67918,3.75,1.88
2014.02.17 01:34:09.887,1.6791,1.67919,3.75,1.18
2014.02.17 01:34:10.747,1.67909,1.67919,3.75,1.65
2014.02.17 01:34:11.579,1.67908,1.67917,3.83,1.00
2014.02.17 01:34:11.680,1.67908,1.67917,3.75,1.58
2014.02.17 01:34:12.199,1.67909,1.67917,3.75,1.58
2014.02.17 01:34:16.164,1.67908,1.67917,3.75,1.58
2014.02.17 01:34:16.975,1.67909,1.67918,1.00,1.88
2014.02.17 01:34:17.334,1.67909,1.67917,3.75,1.00
2014.02.17 01:34:17.591,1.67911,1.67919,3.75,1.65
2014.02.17 01:34:18.203,1.6791,1.67919,3.75,1.18
2014.02.17 01:34:18.507,1.6791,1.67919,4.13,1.18
2014.02.17 01:34:23.678,1.6791,1.67918,3.75,1.10
2014.02.17 01:34:24.165,1.6791,1.67916,3.75,1.00
2014.02.17 01:34:24.370,1.6791,1.67918,3.75,1.58
2014.02.17 01:34:26.033,1.6791,1.67918,4.13,1.58
2014.02.17 01:34:26.084,1.6791,1.67918,4.13,2.63
2014.02.17 01:34:26.910,1.67912,1.67918,3.75,2.33
2014.02.17 01:34:27.129,1.67912,1.67918,3.75,1.58
2014.02.17 01:34:28.205,1.67912,1.67916,3.75,1.00
2014.02.17 01:34:28.708,1.67912,1.67916,3.75,1.00
2014.02.17 01:34:30.371,1.67911,1.67915,7.88,1.00
2014.02.17 01:34:31.030,1.67912,1.67915,3.75,1.00
2014.02.17 01:34:31.631,1.67912,1.67915,3.75,1.00
2014.02.17 01:34:32.516,1.67912,1.67918,3.75,1.10
2014.02.17 01:34:32.935,1.67914,1.67918,3.75,1.00
2014.02.17 01:34:33.239,1.67915,1.67922,3.75,1.10
2014.02.17 01:34:34.000,1.67913,1.67922,4.13,1.10
2014.02.17 01:34:34.978,1.67913,1.67922,4.13,1.10
2014.02.17 01:34:36.468,1.67913,1.67918,4.13,1.00
2014.02.17 01:34:37.617,1.67914,1.67922,4.13,1.10
2014.02.17 01:34:37.817,1.67914,1.67917,4.13,1.00
2014.02.17 01:34:38.604,1.67914,1.67922,4.13,1.20
2014.02.17 01:34:39.139,1.67916,1.67921,1.00,1.00
2014.02.17 01:34:39.341,1.67918,1.67921,3.75,1.00
2014.02.17 01:34:39.852,1.67919,1.67921,3.75,1.00
2014.02.17 01:34:40.287,1.67919,1.67922,4.05,1.00
2014.02.17 01:34:40.389,1.67919,1.67922,3.75,1.00
2014.02.17 01:34:40.893,1.67918,1.67925,4.13,1.00
2014.02.17 01:34:40.944,1.67918,1.67925,3.75,1.00
2014.02.17 01:34:41.462,1.67917,1.67921,4.43,1.00
2014.02.17 01:34:41.664,1.67917,1.67922,4.43,1.00
2014.02.17 01:34:42.520,1.67919,1.67922,3.75,1.00
2014.02.17 01:34:43.549,1.67918,1.67922,4.35,1.00
2014.02.17 01:34:45.166,1.67918,1.67926,4.35,1.00
2014.02.17 01:34:45.720,1.67919,1.67926,3.75,1.00
2014.02.17 01:34:46.226,1.67918,1.67926,3.75,1.00
2014.02.17 01:34:47.451,1.67918,1.67926,4.13,1.09
2014.02.17 01:34:47.755,1.67919,1.67926,4.13,1.00
2014.02.17 01:34:49.483,1.67919,1.67927,4.13,1.10
2014.02.17 01:34:50.957,1.67919,1.67927,4.13,1.48
2014.02.17 01:34:52.094,1.67925,1.67927,3.75,1.00
2014.02.17 01:34:52.246,1.67927,1.6793,3.75,1.00
2014.02.17 01:34:52.448,1.67926,1.6793,7.50,1.00
2014.02.17 01:34:52.549,1.67927,1.67932,3.75,1.50
2014.02.17 01:34:52.751,1.67925,1.67932,4.13,1.50
2014.02.17 01:34:53.390,1.67924,1.67932,4.20,1.50
2014.02.17 01:34:54.352,1.67925,1.67931,4.13,1.00
2014.02.17 01:34:54.961,1.67926,1.67932,7.88,1.00
2014.02.17 01:34:56.333,1.67925,1.67933,4.13,1.50
2014.02.17 01:34:57.876,1.67923,1.67933,5.03,1.00
2014.02.17 01:34:58.078,1.67923,1.67929,5.03,1.00
2014.02.17 01:34:58.594,1.67922,1.67929,5.70,1.00
2014.02.17 01:35:00.134,1.67922,1.67932,5.70,1.00
2014.02.17 01:35:02.266,1.67923,1.67932,1.50,1.00
2014.02.17 01:35:03.237,1.67922,1.67931,1.95,1.00
2014.02.17 01:35:03.440,1.67922,1.67933,1.95,1.50
2014.02.17 01:35:04.146,1.67922,1.67933,1.95,1.50
2014.02.17 01:35:05.791,1.67927,1.67932,4.13,1.00
2014.02.17 01:35:05.892,1.67927,1.67935,4.13,1.00
2014.02.17 01:35:06.243,1.67928,1.67937,3.83,1.00
2014.02.17 01:35:06.395,1.67928,1.67937,4.20,1.00
2014.02.17 01:35:08.680,1.67933,1.67937,1.00,1.00
2014.02.17 01:35:08.882,1.67936,1.6794,3.75,1.50
2014.02.17 01:35:08.933,1.67934,1.6794,3.75,1.50
2014.02.17 01:35:09.035,1.67935,1.6794,3.90,1.00
2014.02.17 01:35:09.877,1.67933,1.6794,5.33,1.00
2014.02.17 01:35:10.079,1.67934,1.67942,4.20,1.00
2014.02.17 01:35:10.483,1.67935,1.67944,1.13,1.09
2014.02.17 01:35:11.131,1.67935,1.67946,1.08,1.18
2014.02.17 01:35:11.730,1.67935,1.67946,1.18,1.10
2014.02.17 01:35:12.028,1.67934,1.67945,3.83,1.18
2014.02.17 01:35:13.265,1.67935,1.67944,3.75,1.09
2014.02.17 01:35:13.796,1.67932,1.67943,5.70,1.00
2014.02.17 01:35:14.149,1.67935,1.67946,1.08,5.74
2014.02.17 01:35:14.503,1.67935,1.67946,1.85,1.84
2014.02.17 01:35:15.007,1.67937,1.67945,4.28,1.00
2014.02.17 01:35:19.953,1.67936,1.67944,8.70,1.00
2014.02.17 01:35:20.746,1.67936,1.67942,4.20,1.00
2014.02.17 01:35:21.050,1.67934,1.67944,1.95,1.00
2014.02.17 01:35:22.139,1.67934,1.67941,1.10,1.00
2014.02.17 01:35:22.708,1.67932,1.6794,1.58,1.00
2014.02.17 01:35:24.365,1.67932,1.67941,1.95,1.00
2014.02.17 01:35:27.112,1.67932,1.67944,1.95,1.10
2014.02.17 01:35:27.621,1.67935,1.67945,1.95,1.09
2014.02.17 01:35:27.672,1.67938,1.67947,1.00,1.10
2014.02.17 01:35:28.177,1.67938,1.67947,1.55,1.50
2014.02.17 01:35:28.709,1.67938,1.67948,5.78,1.00
2014.02.17 01:35:29.326,1.67938,1.67947,4.28,1.00
2014.02.17 01:35:29.629,1.67938,1.67944,3.75,1.00
2014.02.17 01:35:30.152,1.67936,1.67945,6.45,1.00
2014.02.17 01:35:30.655,1.67937,1.67946,3.90,1.09
2014.02.17 01:35:33.256,1.67936,1.67946,2.78,1.00
2014.02.17 01:35:33.738,1.67936,1.67947,11.03,1.00
2014.02.17 01:35:34.252,1.67936,1.67949,3.53,2.37
2014.02.17 01:35:34.820,1.67936,1.67947,2.78,2.22
2014.02.17 01:35:34.972,1.67936,1.67944,1.58,3.35
2014.02.17 01:35:35.325,1.67935,1.67944,1.00,11.64
2014.02.17 01:35:36.597,1.67932,1.67944,2.40,1.24
2014.02.17 01:35:39.423,1.67932,1.67944,2.78,2.37
2014.02.17 01:35:39.952,1.67931,1.67943,3.23,4.58
2014.02.17 01:35:42.992,1.67931,1.67942,2.48,3.75
2014.02.17 01:35:43.671,1.6793,1.67941,2.18,6.04
2014.02.17 01:35:43.974,1.6793,1.6794,1.13,2.29
2014.02.17 01:35:44.176,1.67928,1.67939,1.50,4.28
2014.02.17 01:35:44.529,1.67926,1.67935,5.63,1.00
2014.02.17 01:35:45.034,1.67926,1.67936,3.94,1.00
2014.02.17 01:35:45.614,1.67926,1.67937,3.94,4.50
2014.02.17 01:35:46.381,1.67926,1.67934,1.32,4.88
2014.02.17 01:35:46.684,1.67923,1.67932,6.00,5.65
2014.02.17 01:35:46.836,1.67923,1.67932,3.75,5.18
2014.02.17 01:35:47.139,1.67919,1.67931,3.00,6.00
2014.02.17 01:35:47.945,1.6792,1.67929,1.00,7.65
2014.02.17 01:35:50.108,1.67918,1.67928,1.10,3.83
2014.02.17 01:35:53.946,1.67918,1.67929,1.50,5.63
2014.02.17 01:35:54.461,1.67918,1.6793,1.58,5.70
2014.02.17 01:35:54.662,1.6792,1.6793,1.00,1.20
2014.02.17 01:35:58.494,1.67919,1.6793,1.00,1.20
2014.02.17 01:35:59.342,1.67918,1.6793,4.58,1.20
2014.02.17 01:36:03.082,1.67919,1.6793,1.00,1.20
2014.02.17 01:36:05.506,1.6792,1.6793,1.00,1.20
2014.02.17 01:36:09.064,1.67918,1.6793,1.10,1.95
2014.02.17 01:36:14.611,1.67918,1.67922,1.10,1.50
2014.02.17 01:36:14.713,1.67913,1.67921,1.20,2.59
2014.02.17 01:36:14.915,1.67912,1.6792,3.83,1.09
2014.02.17 01:36:15.117,1.67912,1.67923,4.58,1.18
2014.02.17 01:36:15.369,1.67912,1.67924,5.18,1.58
2014.02.17 01:36:15.420,1.67914,1.67924,3.75,1.58
2014.02.17 01:36:16.026,1.67913,1.67924,3.75,1.58
2014.02.17 01:36:19.269,1.67912,1.67924,5.55,1.58
2014.02.17 01:36:20.728,1.67913,1.67924,3.75,1.58
2014.02.17 01:36:25.395,1.67913,1.67924,4.65,1.10
2014.02.17 01:36:26.933,1.67912,1.67924,1.58,3.42
2014.02.17 01:36:27.236,1.67911,1.67919,1.00,3.83
2014.02.17 01:36:28.649,1.67913,1.67922,1.10,1.00
2014.02.17 01:36:29.155,1.67914,1.67923,3.75,1.10
2014.02.17 01:36:29.670,1.67913,1.67924,1.10,1.18
2014.02.17 01:36:31.086,1.67911,1.67923,1.58,1.58
2014.02.17 01:36:31.439,1.67912,1.67922,3.90,1.00
2014.02.17 01:36:31.944,1.67912,1.67924,4.65,1.65
2014.02.17 01:36:34.654,1.67914,1.67924,3.75,1.65
2014.02.17 01:36:36.004,1.67913,1.67923,3.83,1.10
2014.02.17 01:36:36.561,1.67911,1.67922,5.33,1.00
2014.02.17 01:36:37.066,1.67912,1.67923,1.18,1.10
2014.02.17 01:36:39.103,1.67913,1.67922,3.83,1.00
2014.02.17 01:36:39.605,1.67913,1.67924,3.83,1.18
2014.02.17 01:36:42.699,1.67914,1.67923,3.75,1.10
2014.02.17 01:36:45.121,1.67914,1.67922,3.75,1.00
2014.02.17 01:36:45.874,1.67913,1.67922,3.83,1.00
2014.02.17 01:36:46.479,1.67913,1.67924,3.83,1.18
2014.02.17 01:36:46.781,1.67913,1.67921,3.83,1.00
2014.02.17 01:36:47.236,1.67909,1.67915,4.28,1.00
2014.02.17 01:36:47.337,1.67908,1.67917,4.95,1.00
2014.02.17 01:36:47.439,1.67908,1.6792,5.70,1.58
2014.02.17 01:36:51.203,1.6791,1.6792,1.13,1.50
2014.02.17 01:36:57.967,1.6791,1.6792,1.20,3.34
2014.02.17 01:37:01.200,1.67908,1.6792,5.70,3.42
2014.02.17 01:37:01.705,1.67908,1.67918,4.88,1.18
2014.02.17 01:37:13.104,1.6791,1.6792,4.13,2.03
2014.02.17 01:37:13.641,1.6791,1.6792,4.13,2.03
2014.02.17 01:37:22.446,1.67911,1.67919,3.75,1.10
2014.02.17 01:37:23.180,1.6791,1.67919,3.75,1.10
2014.02.17 01:37:25.785,1.67911,1.67919,3.75,1.10
2014.02.17 01:37:26.491,1.6791,1.6792,3.75,1.18
2014.02.17 01:37:27.023,1.67909,1.67921,4.58,3.79
2014.02.17 01:37:27.570,1.6791,1.67921,3.75,3.79
2014.02.17 01:37:28.299,1.67909,1.67921,4.58,3.79
2014.02.17 01:37:33.411,1.6791,1.67919,3.75,1.10
2014.02.17 01:37:34.061,1.6791,1.6792,3.83,1.17
2014.02.17 01:37:37.387,1.67909,1.67919,4.65,3.75
2014.02.17 01:37:38.007,1.67909,1.6792,1.18,4.92
2014.02.17 01:37:38.782,1.67909,1.67919,1.18,3.75
2014.02.17 01:37:39.072,1.67907,1.67916,2.25,1.00
2014.02.17 01:37:39.173,1.67906,1.67916,2.40,1.00
2014.02.17 01:37:39.705,1.67906,1.67915,9.15,1.00
2014.02.17 01:37:41.040,1.67907,1.67916,3.90,1.09
2014.02.17 01:37:41.454,1.67906,1.67916,1.20,1.44
2014.02.17 01:37:47.861,1.67906,1.67914,1.20,1.00
2014.02.17 01:37:57.562,1.67906,1.67914,8.40,1.38
2014.02.17 01:37:57.713,1.67904,1.67912,1.00,6.45
2014.02.17 01:37:57.764,1.67902,1.67912,1.00,6.45
2014.02.17 01:38:05.297,1.67902,1.67911,1.00,1.20
2014.02.17 01:38:06.428,1.67902,1.67911,1.38,1.20
2014.02.17 01:38:06.530,1.67902,1.67912,1.38,6.45
2014.02.17 01:38:06.934,1.67899,1.67905,2.70,1.00
2014.02.17 01:38:09.668,1.67899,1.67905,2.70,1.00
2014.02.17 01:38:10.758,1.67899,1.67909,1.38,1.18
2014.02.17 01:38:14.841,1.67901,1.67911,1.00,3.38
2014.02.17 01:38:14.942,1.67901,1.67905,1.00,4.17
2014.02.17 01:38:15.447,1.67899,1.67903,1.00,4.24
2014.02.17 01:38:18.662,1.67897,1.67903,1.13,7.92
2014.02.17 01:38:19.067,1.67897,1.67902,1.00,1.58
2014.02.17 01:38:19.370,1.67896,1.67903,1.13,4.17
2014.02.17 01:38:19.573,1.67894,1.67901,1.95,1.00
2014.02.17 01:38:19.923,1.67889,1.67896,1.18,1.00
2014.02.17 01:38:19.974,1.67894,1.67901,3.75,1.20
2014.02.17 01:38:20.025,1.67896,1.67901,3.83,1.88
2014.02.17 01:38:20.127,1.67899,1.67904,1.13,1.50
2014.02.17 01:38:20.430,1.67901,1.67906,3.83,1.00
2014.02.17 01:38:20.682,1.67899,1.67906,4.58,1.00
2014.02.17 01:38:29.006,1.67898,1.67906,4.58,1.00
2014.02.17 01:38:29.701,1.67897,1.67906,4.43,1.00
2014.02.17 01:38:30.245,1.67899,1.67906,3.75,1.00
2014.02.17 01:38:32.432,1.67899,1.67909,3.75,1.10
2014.02.17 01:38:32.786,1.679,1.67912,1.00,1.18
2014.02.17 01:38:36.074,1.67898,1.67904,5.10,1.00
2014.02.17 01:38:36.226,1.67897,1.679,1.00,1.00
2014.02.17 01:38:36.492,1.67895,1.679,3.75,1.00
2014.02.17 01:38:36.594,1.67895,1.67905,3.75,1.20
2014.02.17 01:38:37.048,1.67896,1.67908,8.25,1.18
2014.02.17 01:38:37.552,1.67897,1.67908,1.00,2.37
2014.02.17 01:38:37.855,1.67893,1.67901,1.00,1.00
2014.02.17 01:38:37.956,1.67892,1.67899,6.38,3.83
2014.02.17 01:38:38.373,1.67885,1.67896,1.00,4.65
2014.02.17 01:38:38.906,1.67884,1.67896,1.50,1.18
2014.02.17 01:38:39.418,1.67884,1.67896,5.40,1.18
2014.02.17 01:38:44.122,1.67889,1.67897,1.00,4.50
2014.02.17 01:38:44.174,1.67889,1.67899,1.00,1.65
2014.02.17 01:38:44.679,1.67888,1.67899,4.58,1.00
2014.02.17 01:38:45.210,1.6789,1.67898,3.83,1.00
2014.02.17 01:38:47.293,1.67889,1.67898,3.75,1.00
2014.02.17 01:38:48.351,1.6789,1.67898,3.75,1.00
2014.02.17 01:38:48.657,1.67892,1.67899,3.75,1.00
2014.02.17 01:38:49.162,1.67893,1.67902,3.75,1.58
2014.02.17 01:38:49.569,1.67891,1.67902,8.25,1.20
2014.02.17 01:38:50.078,1.67892,1.679,3.75,1.10
2014.02.17 01:38:52.031,1.67893,1.67902,3.75,1.95
2014.02.17 01:38:52.132,1.67891,1.67902,7.50,1.58
2014.02.17 01:38:53.087,1.67892,1.67902,3.75,1.58
2014.02.17 01:38:53.852,1.67893,1.67902,3.75,1.95
2014.02.17 01:38:56.392,1.67894,1.67902,3.75,1.58
2014.02.17 01:38:56.746,1.67891,1.67902,7.50,1.58
2014.02.17 01:38:57.368,1.67892,1.67902,3.75,1.58
2014.02.17 01:39:04.151,1.6789,1.67899,1.50,1.20
2014.02.17 01:39:04.353,1.67889,1.67896,4.58,1.00
2014.02.17 01:39:04.555,1.67884,1.67896,2.70,1.10
2014.02.17 01:39:05.462,1.67887,1.67896,1.50,1.00
2014.02.17 01:39:05.614,1.67887,1.67896,3.90,1.00
2014.02.17 01:39:06.953,1.67887,1.67897,3.90,1.00
2014.02.17 01:39:07.576,1.67887,1.67896,3.90,1.38
2014.02.17 01:39:07.778,1.67882,1.67891,1.10,1.00
2014.02.17 01:39:07.879,1.67885,1.67893,1.00,1.99
2014.02.17 01:39:07.981,1.67885,1.67895,1.10,4.17
2014.02.17 01:39:10.160,1.67883,1.67891,1.10,1.00
2014.02.17 01:39:10.463,1.67882,1.67891,1.18,2.59
2014.02.17 01:39:11.819,1.6788,1.6789,1.28,1.84
2014.02.17 01:39:13.331,1.6788,1.67891,1.28,1.10
2014.02.17 01:39:13.383,1.67884,1.67892,1.00,3.90
2014.02.17 01:39:14.042,1.67884,1.67894,1.10,3.83
2014.02.17 01:39:14.575,1.67885,1.67896,1.00,4.58
2014.02.17 01:39:18.520,1.67885,1.67897,1.58,1.58
2014.02.17 01:39:19.128,1.67885,1.67897,1.65,1.18
2014.02.17 01:39:22.649,1.67885,1.67897,1.58,1.85
2014.02.17 01:39:29.533,1.67885,1.67896,1.50,1.20
2014.02.17 01:39:29.837,1.67885,1.67893,1.50,1.20
2014.02.17 01:39:29.989,1.67885,1.67895,1.00,5.33
2014.02.17 01:39:32.503,1.67883,1.67891,1.10,1.00
2014.02.17 01:39:32.806,1.67885,1.67894,1.00,7.65
2014.02.17 01:39:35.335,1.67884,1.67894,1.00,7.65
2014.02.17 01:39:35.871,1.67883,1.67894,1.58,7.65
2014.02.17 01:39:40.058,1.67884,1.67893,1.00,3.83
2014.02.17 01:39:40.697,1.67884,1.67892,1.00,3.75
2014.02.17 01:39:44.618,1.67884,1.67893,1.00,3.83
2014.02.17 01:39:45.782,1.67883,1.67893,1.58,3.83
2014.02.17 01:39:50.117,1.67883,1.67893,1.50,3.90
2014.02.17 01:39:53.614,1.67884,1.67893,1.00,3.90
2014.02.17 01:39:56.615,1.67884,1.67893,1.50,4.95
2014.02.17 01:39:57.301,1.67884,1.6789,1.00,3.83
2014.02.17 01:39:57.965,1.67884,1.67889,1.00,7.50
2014.02.17 01:39:59.624,1.67884,1.6789,1.00,3.83
2014.02.17 01:40:01.986,1.67883,1.67892,1.00,4.58
2014.02.17 01:40:05.566,1.67884,1.67895,1.00,6.34
2014.02.17 01:40:15.633,1.67886,1.67895,1.00,5.33
2014.02.17 01:40:15.684,1.67886,1.67895,1.50,4.65
2014.02.17 01:40:16.368,1.67886,1.67896,1.10,1.10
2014.02.17 01:40:26.611,1.67888,1.67898,1.00,5.33
2014.02.17 01:40:26.713,1.67888,1.67898,1.10,1.10
2014.02.17 01:40:34.840,1.67889,1.679,1.00,1.20
2014.02.17 01:40:35.286,1.67893,1.679,1.00,1.20
2014.02.17 01:40:35.488,1.67896,1.67904,1.00,1.58
2014.02.17 01:40:38.022,1.67894,1.67905,1.00,2.63
2014.02.17 01:40:38.174,1.67893,1.67902,1.00,1.50
2014.02.17 01:40:38.678,1.67892,1.67901,1.00,1.95
2014.02.17 01:40:39.145,1.67889,1.67899,1.00,7.58
2014.02.17 01:40:39.246,1.67889,1.67898,1.00,3.90
2014.02.17 01:40:41.817,1.6789,1.67899,1.00,9.45
2014.02.17 01:40:42.363,1.67889,1.67899,1.00,9.45
2014.02.17 01:40:43.867,1.67893,1.67899,1.00,9.45
2014.02.17 01:40:44.069,1.67893,1.67901,1.00,6.45
2014.02.17 01:40:47.499,1.67893,1.67901,1.00,7.20
2014.02.17 01:40:50.035,1.67894,1.67901,1.00,4.58
2014.02.17 01:40:50.579,1.67895,1.67902,1.00,2.25
2014.02.17 01:40:50.731,1.67895,1.67904,1.00,1.58
2014.02.17 01:40:51.488,1.67893,1.67904,1.50,1.95
2014.02.17 01:40:53.762,1.67893,1.67902,1.00,4.95
2014.02.17 01:40:56.187,1.67893,1.67902,1.00,4.20
2014.02.17 01:40:57.939,1.67894,1.67903,1.00,4.28
2014.02.17 01:40:58.396,1.67898,1.67903,1.00,4.28
2014.02.17 01:40:58.497,1.67899,1.67905,1.00,1.18
2014.02.17 01:40:58.598,1.67899,1.67906,1.00,4.58
2014.02.17 01:40:58.699,1.67894,1.67906,2.70,5.67
2014.02.17 01:40:58.750,1.67894,1.67903,2.63,2.25
2014.02.17 01:40:58.800,1.67894,1.67901,1.88,1.50
2014.02.17 01:40:59.398,1.67891,1.67901,1.00,1.50
2014.02.17 01:41:05.659,1.6789,1.67901,1.00,1.50
2014.02.17 01:41:05.709,1.6789,1.679,1.00,1.20
2014.02.17 01:41:06.333,1.67888,1.67897,1.00,1.20
2014.02.17 01:41:09.061,1.67886,1.67897,2.25,1.20
2014.02.17 01:41:10.178,1.67888,1.67897,1.00,1.20
2014.02.17 01:41:11.153,1.67888,1.67897,1.00,1.20
2014.02.17 01:41:12.778,1.67888,1.67897,1.50,1.20
2014.02.17 01:41:12.980,1.67893,1.67902,1.00,2.63
2014.02.17 01:41:14.156,1.67894,1.67902,1.00,2.63
2014.02.17 01:41:19.078,1.67889,1.67902,1.20,2.63
2014.02.17 01:41:19.180,1.67889,1.67901,1.20,1.20
2014.02.17 01:41:19.483,1.67889,1.67895,1.00,1.20
2014.02.17 01:41:19.534,1.67886,1.67895,1.50,1.20
2014.02.17 01:41:20.674,1.67886,1.67896,1.50,1.18
2014.02.17 01:41:21.139,1.67888,1.67898,1.00,1.50
2014.02.17 01:41:21.596,1.67888,1.67891,1.00,1.00
2014.02.17 01:41:21.848,1.67886,1.67891,1.00,1.00
2014.02.17 01:41:22.601,1.67886,1.67894,1.00,1.58
2014.02.17 01:41:22.753,1.67886,1.67896,1.00,1.58
2014.02.17 01:41:23.265,1.67888,1.67896,1.00,1.20
2014.02.17 01:41:24.560,1.67893,1.67897,1.00,1.43
2014.02.17 01:41:24.661,1.67894,1.67901,1.00,2.63
2014.02.17 01:41:29.647,1.67893,1.67901,1.00,1.50
2014.02.17 01:41:30.903,1.67893,1.67903,1.00,1.88
2014.02.17 01:41:31.850,1.67892,1.67903,1.00,2.63
2014.02.17 01:41:31.951,1.67892,1.67902,1.00,1.20
2014.02.17 01:41:34.768,1.67892,1.679,1.00,1.20
2014.02.17 01:41:38.854,1.67894,1.679,1.50,1.20
2014.02.17 01:41:38.955,1.67898,1.67903,1.00,1.00
2014.02.17 01:41:39.310,1.67893,1.67902,1.75,1.18
2014.02.17 01:41:39.844,1.67896,1.67903,1.00,1.20
2014.02.17 01:41:50.672,1.67896,1.67903,1.00,1.95
2014.02.17 01:41:50.722,1.67891,1.67903,1.58,1.95
2014.02.17 01:41:50.975,1.67891,1.679,1.50,1.13
2014.02.17 01:41:53.084,1.67893,1.679,1.00,1.20
2014.02.17 01:41:53.286,1.67895,1.67901,1.00,1.08
2014.02.17 01:41:53.387,1.67895,1.67903,1.00,1.20
2014.02.17 01:42:13.858,1.67895,1.67899,1.00,1.00
2014.02.17 01:42:13.960,1.67889,1.67899,1.58,1.38
2014.02.17 01:42:14.262,1.67889,1.67899,1.00,1.55
2014.02.17 01:42:14.792,1.67889,1.67899,1.00,1.40
2014.02.17 01:42:17.350,1.67888,1.67899,1.10,1.40
2014.02.17 01:42:23.228,1.67888,1.67899,1.10,1.55
2014.02.17 01:42:23.748,1.67888,1.67899,1.10,1.55
2014.02.17 01:42:25.259,1.67888,1.67899,1.10,1.55
2014.02.17 01:42:29.909,1.67888,1.67898,1.10,1.10
2014.02.17 01:42:30.982,1.67888,1.67898,1.48,1.10
2014.02.17 01:42:31.379,1.67892,1.67901,1.46,1.00
2014.02.17 01:42:31.718,1.67893,1.67899,1.18,1.00
2014.02.17 01:42:32.223,1.67893,1.67899,1.00,1.00
2014.02.17 01:42:32.677,1.67888,1.67899,2.80,1.00
2014.02.17 01:42:33.181,1.67891,1.67899,1.00,1.18
2014.02.17 01:42:33.585,1.67892,1.67901,1.00,1.10
2014.02.17 01:42:35.576,1.67893,1.67902,3.75,1.18
2014.02.17 01:42:36.106,1.67894,1.67904,3.75,1.88
2014.02.17 01:42:37.415,1.67894,1.67902,3.75,1.00
2014.02.17 01:42:37.957,1.67895,1.67902,3.75,1.00
2014.02.17 01:42:38.471,1.67894,1.67902,3.75,1.00
2014.02.17 01:42:38.878,1.67896,1.67905,4.88,1.95
2014.02.17 01:42:38.928,1.67898,1.67907,1.95,1.00
2014.02.17 01:42:38.979,1.67901,1.6791,1.50,1.10
2014.02.17 01:42:39.283,1.67904,1.67913,1.00,1.18
2014.02.17 01:42:39.586,1.67909,1.67918,1.00,6.38
2014.02.17 01:42:39.687,1.67909,1.67917,1.00,3.83
2014.02.17 01:42:40.342,1.67914,1.67919,1.00,8.33
2014.02.17 01:42:40.897,1.67912,1.67919,1.00,4.58
2014.02.17 01:42:42.392,1.67912,1.6792,1.00,4.65
2014.02.17 01:42:43.058,1.67912,1.67921,1.08,3.83
2014.02.17 01:42:43.159,1.67912,1.67923,1.18,4.58
2014.02.17 01:42:48.007,1.67912,1.67922,1.18,3.75
2014.02.17 01:42:48.889,1.67912,1.67923,1.18,4.58
2014.02.17 01:42:49.732,1.67912,1.67922,1.18,3.75
2014.02.17 01:42:50.277,1.67912,1.67921,1.18,1.00
2014.02.17 01:43:03.117,1.67912,1.67921,1.10,1.00
2014.02.17 01:43:03.887,1.67913,1.67921,1.00,1.00
2014.02.17 01:43:03.938,1.67915,1.67921,1.00,1.00
2014.02.17 01:43:04.090,1.6792,1.67928,1.00,1.00
2014.02.17 01:43:04.242,1.67925,1.67932,3.75,1.58
2014.02.17 01:43:04.293,1.67926,1.67934,1.00,1.80
2014.02.17 01:43:04.345,1.67926,1.67934,1.00,1.10
2014.02.17 01:43:04.446,1.67922,1.67934,6.45,1.58
2014.02.17 01:43:04.551,1.67922,1.67934,1.95,9.83
2014.02.17 01:43:04.964,1.67927,1.67939,1.95,2.33
2014.02.17 01:43:05.309,1.67927,1.67938,5.70,1.00
2014.02.17 01:43:05.853,1.67927,1.6794,5.70,1.18
2014.02.17 01:43:09.817,1.67932,1.67939,1.00,1.58
2014.02.17 01:43:10.121,1.67935,1.6794,4.58,1.00
2014.02.17 01:43:10.273,1.67936,1.67943,7.65,1.00
2014.02.17 01:43:10.525,1.67937,1.67943,4.58,1.00
2014.02.17 01:43:14.461,1.67938,1.67942,3.90,1.00
2014.02.17 01:43:16.845,1.67938,1.67947,3.90,1.00
2014.02.17 01:43:17.659,1.67938,1.67942,3.75,1.00
2014.02.17 01:43:18.167,1.67934,1.67942,1.88,1.00
2014.02.17 01:43:20.609,1.67933,1.67942,1.20,1.00
2014.02.17 01:43:20.822,1.67932,1.67938,5.93,1.00
2014.02.17 01:43:22.015,1.67933,1.67941,4.95,1.00
2014.02.17 01:43:28.834,1.67935,1.67946,1.10,1.18
2014.02.17 01:43:28.885,1.67936,1.67946,1.58,1.10
2014.02.17 01:43:37.924,1.67938,1.67946,3.75,1.00
2014.02.17 01:43:38.502,1.67937,1.67946,4.20,1.00
2014.02.17 01:43:47.259,1.67936,1.67946,4.13,1.00
2014.02.17 01:43:47.909,1.67936,1.67946,10.13,1.00
2014.02.17 01:43:49.290,1.67936,1.67947,10.80,1.00
2014.02.17 01:43:49.645,1.67936,1.67942,9.68,1.00
2014.02.17 01:43:56.679,1.67936,1.67942,8.25,1.00
2014.02.17 01:43:57.247,1.67936,1.67942,8.33,1.00
2014.02.17 01:44:03.346,1.67935,1.67942,3.90,1.00
2014.02.17 01:44:06.903,1.67935,1.67942,3.75,1.00
2014.02.17 01:44:10.888,1.67934,1.67942,4.58,1.00
2014.02.17 01:44:11.998,1.67935,1.67942,3.75,1.00
2014.02.17 01:44:12.712,1.67934,1.67942,4.58,1.00
2014.02.17 01:44:13.217,1.67935,1.67941,3.75,1.00
2014.02.17 01:44:14.423,1.67936,1.67941,3.75,1.00
2014.02.17 01:44:15.483,1.67931,1.67937,3.00,1.10
2014.02.17 01:44:15.533,1.67931,1.67936,1.00,1.18
2014.02.17 01:44:15.584,1.67931,1.67935,1.00,1.08
2014.02.17 01:44:15.736,1.67921,1.67931,6.38,3.90
2014.02.17 01:44:15.938,1.67926,1.67934,1.00,1.50
2014.02.17 01:44:16.241,1.67921,1.67926,1.00,1.00
2014.02.17 01:44:16.393,1.67921,1.67932,1.00,2.97
2014.02.17 01:44:16.494,1.67918,1.67932,1.28,2.63
2014.02.17 01:44:16.595,1.67918,1.67927,1.28,1.00
2014.02.17 01:44:17.280,1.67917,1.67927,2.25,1.00
2014.02.17 01:44:24.336,1.67917,1.67927,1.38,1.58
2014.02.17 01:44:24.489,1.67914,1.67927,1.00,1.58
2014.02.17 01:44:27.045,1.67916,1.67927,1.00,1.58
2014.02.17 01:44:27.652,1.67921,1.67928,1.00,1.50
2014.02.17 01:44:34.460,1.6792,1.67927,1.00,1.50
2014.02.17 01:44:34.562,1.67916,1.67925,1.00,1.20
2014.02.17 01:44:39.067,1.67916,1.67925,1.00,1.95
2014.02.17 01:44:39.118,1.67916,1.67917,1.00,1.00
2014.02.17 01:44:39.169,1.67911,1.67917,1.58,1.00
2014.02.17 01:44:39.271,1.67908,1.67917,3.90,1.00
2014.02.17 01:44:39.422,1.67907,1.67917,1.20,1.10
2014.02.17 01:44:40.016,1.67911,1.67917,1.00,1.10
2014.02.17 01:44:40.370,1.67916,1.6792,1.00,1.50
2014.02.17 01:44:40.471,1.67916,1.67922,1.00,5.25
2014.02.17 01:44:40.622,1.67916,1.67922,1.50,3.83
2014.02.17 01:44:47.072,1.67916,1.6792,1.00,1.00
2014.02.17 01:44:47.225,1.67912,1.67919,1.00,8.33
2014.02.17 01:44:55.862,1.67912,1.67916,1.00,3.75
2014.02.17 01:44:59.718,1.67912,1.67918,1.00,3.90
2014.02.17 01:45:00.072,1.67916,1.6792,1.00,1.43
2014.02.17 01:45:00.325,1.67912,1.6792,1.00,1.50
2014.02.17 01:45:13.467,1.67912,1.67916,1.00,3.75
2014.02.17 01:45:16.360,1.67912,1.6792,1.00,1.50
2014.02.17 01:45:17.040,1.67912,1.67916,1.00,3.00
2014.02.17 01:45:24.997,1.67912,1.6792,1.00,1.88
2014.02.17 01:45:28.111,1.67912,1.67919,1.00,1.50
2014.02.17 01:45:31.666,1.67907,1.67918,1.00,1.58
2014.02.17 01:45:39.297,1.67907,1.67915,1.00,1.84
2014.02.17 01:45:39.602,1.67902,1.67908,1.00,1.20
2014.02.17 01:45:39.703,1.67897,1.67906,1.50,1.13
2014.02.17 01:46:00.098,1.67897,1.67905,1.00,1.58
2014.02.17 01:46:02.003,1.67897,1.67905,1.00,1.18
2014.02.17 01:46:02.685,1.67897,1.67905,1.00,1.10
2014.02.17 01:46:03.949,1.67897,1.67905,1.00,1.58
2014.02.17 01:46:08.047,1.67897,1.679,1.00,1.00
2014.02.17 01:46:08.149,1.67891,1.679,1.20,1.00
2014.02.17 01:46:08.250,1.67886,1.679,3.00,1.18
2014.02.17 01:46:08.508,1.67886,1.679,1.65,2.25
2014.02.17 01:46:09.022,1.67886,1.679,1.50,2.25
2014.02.17 01:46:12.626,1.67886,1.67895,1.00,1.09
2014.02.17 01:46:12.930,1.67882,1.67891,1.00,1.00
2014.02.17 01:46:13.235,1.67886,1.67895,1.00,1.50
2014.02.17 01:46:13.538,1.67882,1.67892,1.43,1.00
2014.02.17 01:46:14.237,1.67881,1.67892,9.00,1.10
2014.02.17 01:46:18.682,1.67881,1.67892,8.40,1.10
2014.02.17 01:46:20.253,1.67881,1.67891,8.40,1.00
2014.02.17 01:46:22.593,1.67881,1.67892,1.18,1.10
2014.02.17 01:46:22.915,1.67881,1.67892,1.00,2.63
2014.02.17 01:46:26.897,1.67881,1.67887,1.00,1.00
2014.02.17 01:46:26.999,1.67876,1.67889,2.25,1.10
2014.02.17 01:46:27.050,1.67876,1.67889,1.75,1.85
2014.02.17 01:46:27.100,1.67876,1.67887,1.00,1.58
2014.02.17 01:46:27.303,1.67876,1.67886,1.00,1.50
2014.02.17 01:46:40.079,1.67871,1.6788,9.08,1.00
2014.02.17 01:46:40.180,1.67871,1.67876,8.33,1.00
2014.02.17 01:46:40.433,1.67875,1.6788,3.75,1.00
2014.02.17 01:46:40.585,1.67873,1.6788,3.83,1.00
2014.02.17 01:46:40.636,1.67875,1.67886,1.00,3.00
2014.02.17 01:46:43.695,1.67875,1.67887,2.33,3.00
2014.02.17 01:46:43.796,1.6788,1.67887,1.00,1.10
2014.02.17 01:46:44.057,1.6788,1.6789,1.00,1.18
2014.02.17 01:46:44.564,1.6788,1.6789,4.65,1.00
2014.02.17 01:46:46.163,1.67882,1.6789,3.75,1.00
2014.02.17 01:46:50.191,1.67881,1.6789,7.58,1.00
2014.02.17 01:46:51.238,1.67881,1.67891,7.50,1.58
2014.02.17 01:46:51.848,1.67882,1.67891,3.75,1.58
2014.02.17 01:46:52.462,1.67881,1.67891,6.00,1.58
2014.02.17 01:46:53.404,1.6788,1.67891,1.00,1.58
2014.02.17 01:46:54.707,1.67881,1.67891,6.00,1.58
2014.02.17 01:46:55.574,1.67881,1.67889,6.75,1.00
2014.02.17 01:46:57.576,1.67882,1.67894,1.18,1.65
2014.02.17 01:46:57.627,1.67884,1.67894,1.13,1.65
2014.02.17 01:46:58.138,1.67886,1.67894,1.95,1.00
2014.02.17 01:47:03.903,1.67887,1.67894,1.00,1.00
2014.02.17 01:47:04.249,1.67891,1.67897,1.00,1.18
2014.02.17 01:47:25.566,1.67892,1.67899,1.00,1.50
2014.02.17 01:47:25.869,1.67897,1.679,1.00,1.00
2014.02.17 01:47:25.920,1.67893,1.679,4.58,1.00
2014.02.17 01:47:26.071,1.67892,1.679,4.58,1.00
2014.02.17 01:47:26.374,1.67893,1.67903,1.00,1.18
2014.02.17 01:47:26.577,1.67897,1.67905,1.00,2.25
2014.02.17 01:47:26.829,1.67892,1.679,1.00,1.10
2014.02.17 01:47:27.634,1.67892,1.679,1.00,1.18
2014.02.17 01:47:28.156,1.67892,1.679,1.00,1.50
2014.02.17 01:47:28.256,1.67892,1.679,1.00,1.10
2014.02.17 01:47:30.073,1.67892,1.67898,1.00,3.75
2014.02.17 01:47:30.578,1.67892,1.67898,1.00,3.90
2014.02.17 01:47:36.083,1.67887,1.67895,1.10,1.00
2014.02.17 01:47:36.285,1.67892,1.67895,1.00,1.00
2014.02.17 01:47:36.386,1.67892,1.67898,1.00,1.18
2014.02.17 01:47:43.604,1.67892,1.67898,1.88,1.18
2014.02.17 01:47:43.706,1.67896,1.679,1.00,3.75
2014.02.17 01:47:43.807,1.67896,1.67903,1.00,1.20
2014.02.17 01:47:43.858,1.67896,1.67901,1.00,1.00
2014.02.17 01:47:44.162,1.67891,1.67896,1.00,1.00
2014.02.17 01:47:44.314,1.67891,1.67899,1.00,1.18
2014.02.17 01:47:44.415,1.67888,1.67899,1.10,1.18
2014.02.17 01:47:44.516,1.67891,1.67899,1.00,1.18
2014.02.17 01:47:52.432,1.67891,1.67899,1.00,1.50
2014.02.17 01:47:55.507,1.67891,1.679,1.00,5.63
2014.02.17 01:47:56.023,1.67891,1.679,1.00,1.20
2014.02.17 01:48:16.094,1.67891,1.67898,1.00,1.18
2014.02.17 01:48:23.496,1.67891,1.67901,1.50,1.18
2014.02.17 01:48:23.597,1.67895,1.67901,1.00,1.18
2014.02.17 01:48:23.749,1.67895,1.67905,1.50,1.50
2014.02.17 01:48:23.850,1.67895,1.67906,1.58,1.18
2014.02.17 01:48:24.103,1.67895,1.67901,1.10,1.00
2014.02.17 01:48:24.305,1.67892,1.67905,1.50,1.10
2014.02.17 01:48:25.068,1.67895,1.67901,1.58,1.00
2014.02.17 01:48:25.422,1.67895,1.67906,1.10,1.65
2014.02.17 01:48:37.537,1.67895,1.67906,1.50,1.50
2014.02.17 01:48:41.150,1.67895,1.67902,1.00,3.75
2014.02.17 01:48:41.302,1.67891,1.67902,2.33,3.75
2014.02.17 01:48:41.505,1.67891,1.67903,1.58,2.67
2014.02.17 01:48:41.909,1.67891,1.67903,1.50,8.29
2014.02.17 01:48:48.744,1.67891,1.679,1.58,1.10
2014.02.17 01:48:54.555,1.67891,1.679,1.50,1.08
2014.02.17 01:48:57.170,1.6789,1.67901,1.50,1.58
2014.02.17 01:49:01.234,1.67891,1.67901,1.00,1.58
2014.02.17 01:49:28.192,1.67892,1.67901,1.00,1.58
2014.02.17 01:49:29.561,1.67892,1.67901,1.00,1.10
2014.02.17 01:49:31.221,1.67892,1.67903,1.18,1.10
2014.02.17 01:49:31.399,1.67892,1.67903,1.10,1.50
2014.02.17 01:49:31.951,1.67891,1.67903,9.08,2.33
2014.02.17 01:49:32.318,1.67891,1.67903,9.75,1.65
2014.02.17 01:49:32.931,1.67892,1.67903,3.90,1.58
2014.02.17 01:49:41.279,1.67892,1.67902,5.25,1.00
2014.02.17 01:49:42.305,1.67892,1.67901,5.25,1.00
2014.02.17 01:49:46.180,1.67893,1.67901,4.43,1.00
2014.02.17 01:49:46.920,1.67893,1.679,4.43,1.00
2014.02.17 01:49:47.443,1.67893,1.679,5.10,1.00
2014.02.17 01:49:48.283,1.67896,1.679,3.75,1.00
2014.02.17 01:49:48.867,1.67896,1.67901,8.85,1.00
2014.02.17 01:49:51.226,1.67896,1.67902,8.85,1.00
2014.02.17 01:49:51.872,1.67896,1.67901,1.35,1.00
2014.02.17 01:50:26.791,1.67898,1.67905,6.00,1.00
2014.02.17 01:50:26.893,1.67901,1.67907,2.33,1.00
2014.02.17 01:50:26.994,1.67902,1.67909,1.50,1.00
2014.02.17 01:50:27.045,1.67903,1.67909,2.33,1.00
2014.02.17 01:50:27.146,1.67904,1.67911,1.50,1.13
2014.02.17 01:50:27.247,1.67906,1.67911,8.33,1.13
2014.02.17 01:50:28.213,1.67908,1.6792,6.08,1.58
2014.02.17 01:50:29.153,1.67909,1.6792,1.50,1.50
2014.02.17 01:50:29.507,1.67906,1.6791,1.50,1.00
2014.02.17 01:50:29.810,1.67906,1.6791,1.50,1.00
2014.02.17 01:50:29.912,1.67904,1.67909,2.25,1.00
2014.02.17 01:50:29.963,1.67902,1.67909,1.10,1.00
2014.02.17 01:50:31.080,1.67902,1.6791,1.10,1.00
2014.02.17 01:50:31.391,1.67902,1.6791,1.75,1.00
2014.02.17 01:50:35.573,1.67901,1.6791,1.58,1.00
2014.02.17 01:50:36.569,1.67901,1.67904,1.43,1.00
2014.02.17 01:50:36.670,1.67899,1.67903,1.58,1.00
2014.02.17 01:50:36.924,1.67897,1.67906,3.83,1.00
2014.02.17 01:50:37.534,1.67896,1.67908,1.18,2.03
2014.02.17 01:50:40.123,1.67896,1.67908,1.18,2.40
2014.02.17 01:50:40.174,1.67896,1.67908,2.25,2.25
2014.02.17 01:50:44.514,1.67898,1.67908,1.50,1.00
2014.02.17 01:50:44.615,1.67898,1.67911,2.25,1.10
2014.02.17 01:50:45.170,1.67898,1.6791,2.25,1.00
2014.02.17 01:50:49.321,1.67902,1.6791,1.00,1.00
2014.02.17 01:50:49.474,1.67902,1.67912,1.18,1.00
2014.02.17 01:50:49.524,1.67902,1.67912,1.85,1.00
2014.02.17 01:50:49.575,1.67902,1.67914,3.00,1.50
2014.02.17 01:50:52.680,1.67904,1.67914,2.25,1.00
2014.02.17 01:50:54.590,1.67904,1.67914,1.18,1.00
2014.02.17 01:50:57.274,1.67904,1.67914,1.58,1.00
2014.02.17 01:50:57.808,1.67904,1.67914,2.25,1.00
2014.02.17 01:51:05.936,1.67904,1.67913,6.00,1.00
2014.02.17 01:51:08.374,1.67906,1.67913,1.50,1.00
2014.02.17 01:51:11.268,1.67906,1.67915,1.50,1.00
2014.02.17 01:51:18.950,1.67905,1.67915,1.50,1.00
2014.02.17 01:51:19.569,1.67904,1.67915,2.25,1.00
2014.02.17 01:51:31.295,1.67907,1.67915,1.43,1.00
2014.02.17 01:51:50.156,1.67907,1.67913,1.43,1.00
2014.02.17 01:51:52.122,1.67906,1.67913,2.03,1.00
2014.02.17 01:52:00.592,1.67906,1.67914,2.03,1.00
2014.02.17 01:52:06.655,1.67907,1.67918,2.25,3.83
2014.02.17 01:52:07.386,1.67908,1.67919,5.18,1.50
2014.02.17 01:52:09.429,1.67911,1.67919,1.20,1.00
2014.02.17 01:52:11.325,1.67911,1.67919,1.20,1.65
2014.02.17 01:52:14.476,1.6791,1.67919,1.00,1.65
2014.02.17 01:52:20.215,1.6791,1.67919,1.00,1.58
2014.02.17 01:52:21.251,1.6791,1.67918,1.00,1.00
2014.02.17 01:52:30.150,1.67911,1.67918,1.00,1.10
2014.02.17 01:52:32.821,1.67913,1.67919,1.00,1.38
2014.02.17 01:52:32.973,1.67913,1.67924,5.18,2.78
2014.02.17 01:52:33.074,1.67917,1.67924,1.00,2.78
2014.02.17 01:52:33.226,1.67917,1.67924,1.00,1.20
2014.02.17 01:52:33.990,1.67917,1.67927,1.60,1.05
2014.02.17 01:52:34.494,1.67919,1.67928,1.35,1.48
2014.02.17 01:52:35.008,1.67918,1.67928,1.70,1.48
2014.02.17 01:52:35.320,1.6792,1.67928,1.18,1.38
2014.02.17 01:52:37.849,1.67921,1.67925,1.10,1.38
2014.02.17 01:52:37.950,1.67918,1.6792,1.00,1.00
2014.02.17 01:52:38.102,1.67914,1.67924,2.18,9.38
2014.02.17 01:52:38.254,1.67916,1.67926,2.03,1.48
2014.02.17 01:52:38.604,1.67918,1.67929,1.43,1.55
2014.02.17 01:52:39.368,1.67918,1.67929,1.43,1.55
2014.02.17 01:52:42.689,1.67918,1.67929,1.00,1.20
2014.02.17 01:52:45.194,1.67918,1.67929,1.00,1.20
2014.02.17 01:52:45.698,1.67918,1.67927,1.00,1.20
2014.02.17 01:52:52.281,1.67918,1.67929,1.00,1.95
2014.02.17 01:52:52.824,1.67918,1.67929,1.00,1.95
2014.02.17 01:52:53.380,1.6792,1.67929,1.00,1.95
2014.02.17 01:52:53.885,1.67921,1.67929,1.00,1.20
2014.02.17 01:52:54.402,1.6792,1.67929,1.00,1.20
2014.02.17 01:53:05.310,1.6792,1.67929,1.00,1.20
2014.02.17 01:53:10.938,1.67921,1.67929,1.50,1.20
2014.02.17 01:53:11.039,1.67922,1.67932,1.00,1.18
2014.02.17 01:53:11.090,1.67926,1.67932,1.00,1.18
2014.02.17 01:53:11.418,1.67926,1.67934,1.00,1.65
2014.02.17 01:53:17.839,1.67926,1.67934,1.18,1.00
2014.02.17 01:53:21.758,1.67926,1.67936,1.55,1.00
2014.02.17 01:53:22.111,1.67927,1.67934,2.33,1.00
2014.02.17 01:53:22.575,1.67927,1.67934,1.10,1.00
2014.02.17 01:53:25.049,1.67927,1.67933,1.10,1.00
2014.02.17 01:53:26.038,1.67929,1.67933,1.00,1.00
2014.02.17 01:53:26.190,1.67931,1.67938,3.90,1.00
2014.02.17 01:53:26.826,1.67931,1.67938,9.08,1.00
2014.02.17 01:53:30.406,1.67934,1.67938,1.00,1.00
2014.02.17 01:53:43.646,1.67936,1.67943,1.50,2.29
2014.02.17 01:53:44.151,1.67935,1.67943,1.58,1.00
2014.02.17 01:53:44.656,1.67936,1.67943,1.50,1.00
2014.02.17 01:53:45.160,1.67937,1.67943,1.50,1.00
2014.02.17 01:53:58.047,1.67937,1.67944,1.50,1.00
2014.02.17 01:53:59.367,1.67937,1.67943,1.50,1.00
2014.02.17 01:54:05.078,1.67937,1.67943,1.50,1.00
2014.02.17 01:54:16.877,1.67939,1.67944,1.58,1.00
2014.02.17 01:54:17.181,1.67939,1.67943,1.58,1.00
2014.02.17 01:54:17.282,1.67937,1.67943,5.33,1.00
2014.02.17 01:54:27.329,1.67937,1.67944,1.58,1.00
2014.02.17 01:54:27.481,1.67937,1.67948,1.58,1.00
2014.02.17 01:54:27.582,1.67937,1.67944,1.58,1.00
2014.02.17 01:54:27.985,1.67937,1.67943,1.10,1.00
2014.02.17 01:54:51.397,1.67935,1.67944,1.58,1.50
2014.02.17 01:54:51.914,1.67935,1.67943,1.58,1.00
2014.02.17 01:54:56.482,1.67935,1.67942,1.58,1.00
2014.02.17 01:55:01.301,1.67935,1.67942,1.18,1.00
2014.02.17 01:55:01.655,1.67935,1.67942,1.18,3.75
2014.02.17 01:55:01.706,1.67932,1.67936,1.00,1.00
2014.02.17 01:55:02.212,1.67928,1.67933,1.50,1.00
2014.02.17 01:55:04.216,1.67926,1.67933,2.25,1.00
2014.02.17 01:55:09.007,1.67928,1.67934,2.63,1.00
2014.02.17 01:55:11.419,1.67926,1.67933,2.25,1.00
2014.02.17 01:55:26.748,1.67926,1.67934,3.00,1.00
2014.02.17 01:55:27.808,1.67926,1.67934,1.65,1.00
2014.02.17 01:55:41.985,1.67924,1.67931,1.58,3.75
2014.02.17 01:55:42.036,1.67924,1.6793,1.10,1.00
2014.02.17 01:55:42.137,1.67922,1.67926,1.20,1.00
2014.02.17 01:55:42.239,1.67917,1.67925,2.25,1.00
2014.02.17 01:55:42.340,1.67917,1.6793,2.25,5.33
2014.02.17 01:55:45.806,1.67916,1.67928,1.58,1.10
2014.02.17 01:55:46.124,1.67916,1.67923,1.58,1.00
2014.02.17 01:55:47.468,1.67913,1.67923,2.25,1.00
2014.02.17 01:56:04.129,1.67912,1.67918,6.00,1.00
2014.02.17 01:56:04.180,1.67912,1.67918,3.83,1.00
2014.02.17 01:56:04.331,1.67911,1.67923,9.98,1.18
2014.02.17 01:56:04.483,1.67911,1.67923,10.58,1.00
2014.02.17 01:56:24.843,1.67914,1.67923,3.90,1.00
2014.02.17 01:56:25.552,1.67914,1.67923,4.58,1.00
2014.02.17 01:56:26.088,1.67917,1.67923,3.75,1.00
2014.02.17 01:56:27.206,1.67918,1.67923,3.75,1.00
2014.02.17 01:56:29.215,1.67917,1.67923,3.75,1.00
2014.02.17 01:56:31.459,1.67918,1.67923,3.75,1.00
2014.02.17 01:56:32.165,1.67918,1.67928,4.13,2.33
2014.02.17 01:56:32.267,1.67921,1.67928,3.75,1.00
2014.02.17 01:56:32.418,1.67922,1.67932,1.43,1.88
2014.02.17 01:56:32.469,1.67926,1.67933,3.75,1.50
2014.02.17 01:56:32.974,1.67926,1.67933,7.50,1.00
2014.02.17 01:56:35.865,1.67925,1.67933,3.75,1.00
2014.02.17 01:56:40.309,1.67926,1.67933,3.75,1.00
2014.02.17 01:56:40.899,1.67927,1.67933,3.75,1.00
2014.02.17 01:56:41.940,1.67928,1.67933,3.75,1.00
2014.02.17 01:56:43.420,1.67927,1.67933,3.75,1.00
2014.02.17 01:56:45.292,1.67926,1.67933,7.58,1.00
2014.02.17 01:56:49.602,1.67927,1.67933,3.75,1.00
2014.02.17 01:56:52.284,1.67927,1.67935,3.75,1.00
2014.02.17 01:56:56.059,1.67927,1.67933,3.75,1.00
2014.02.17 01:56:56.665,1.67926,1.67933,7.58,1.00
2014.02.17 01:56:59.197,1.67927,1.67933,3.75,1.00
2014.02.17 01:57:00.549,1.67927,1.67931,3.75,1.00
2014.02.17 01:57:01.088,1.67928,1.67932,3.75,1.00
2014.02.17 01:57:01.613,1.67928,1.67931,3.75,1.00
2014.02.17 01:57:01.837,1.67928,1.67937,3.75,1.58
2014.02.17 01:57:01.895,1.67927,1.67933,4.58,1.00
2014.02.17 01:57:02.198,1.67925,1.67933,1.58,1.00
2014.02.17 01:57:02.805,1.67925,1.67934,1.20,1.00
2014.02.17 01:57:02.957,1.67927,1.67937,5.33,1.00
2014.02.17 01:57:03.108,1.67929,1.67934,3.83,1.00
2014.02.17 01:57:03.310,1.67926,1.67934,4.58,1.00
2014.02.17 01:57:03.512,1.67922,1.67934,5.33,1.58
2014.02.17 01:57:03.664,1.67922,1.67931,1.58,1.00
2014.02.17 01:57:04.206,1.67922,1.67932,1.58,1.00
2014.02.17 01:57:05.718,1.67922,1.67932,1.18,1.10
2014.02.17 01:57:06.326,1.67922,1.67932,1.10,1.10
2014.02.17 01:57:06.899,1.67922,1.67931,1.10,1.00
2014.02.17 01:57:08.588,1.67922,1.67932,1.43,1.00
2014.02.17 01:57:11.028,1.67921,1.67932,1.43,1.10
2014.02.17 01:57:13.265,1.67923,1.67935,1.00,3.00
2014.02.17 01:57:13.366,1.67923,1.67935,1.00,1.65
2014.02.17 01:57:14.531,1.67923,1.67934,1.00,1.50
2014.02.17 01:57:16.268,1.67925,1.67934,1.00,1.08
2014.02.17 01:57:16.419,1.67926,1.67935,1.00,1.58
2014.02.17 01:57:16.470,1.67922,1.67934,2.10,1.00
2014.02.17 01:57:17.030,1.67924,1.67934,1.00,1.00
2014.02.17 01:57:17.555,1.67925,1.67933,1.00,1.00
2014.02.17 01:57:24.984,1.67925,1.67935,1.88,1.00
2014.02.17 01:57:25.542,1.67927,1.67935,1.00,1.18
2014.02.17 01:57:25.744,1.67925,1.67935,1.13,1.18
2014.02.17 01:57:26.047,1.67925,1.67935,3.38,1.08
2014.02.17 01:57:26.351,1.67928,1.67935,1.00,2.25
2014.02.17 01:57:26.402,1.67926,1.67935,4.28,1.00
2014.02.17 01:57:26.453,1.67927,1.67933,1.10,3.75
2014.02.17 01:57:26.554,1.67928,1.67935,1.00,1.00
2014.02.17 01:57:27.060,1.67927,1.67936,1.18,4.50
2014.02.17 01:57:27.515,1.67926,1.67936,1.00,1.18
2014.02.17 01:57:27.818,1.67925,1.67932,1.10,1.00
2014.02.17 01:57:27.927,1.67925,1.67935,1.10,1.10
2014.02.17 01:57:28.179,1.67926,1.67935,1.20,1.00
2014.02.17 01:57:28.483,1.67927,1.67934,1.50,1.00
2014.02.17 01:57:28.584,1.67931,1.67937,3.90,1.00
2014.02.17 01:57:30.053,1.67929,1.67938,6.00,1.00
2014.02.17 01:57:43.696,1.67932,1.6794,3.08,1.00
2014.02.17 01:57:56.950,1.67932,1.6794,3.00,1.38
2014.02.17 01:57:57.455,1.6793,1.6794,3.90,1.88
2014.02.17 01:57:57.859,1.67928,1.6794,5.40,1.65
2014.02.17 01:57:58.633,1.6793,1.6794,1.00,1.18
2014.02.17 01:57:58.785,1.67932,1.6794,3.75,1.00
2014.02.17 01:57:59.320,1.67931,1.6794,7.58,1.00
2014.02.17 01:58:01.696,1.67931,1.67941,7.58,1.10
2014.02.17 01:58:03.218,1.67932,1.67941,3.75,1.10
2014.02.17 01:58:04.433,1.67932,1.67941,3.83,1.00
2014.02.17 01:58:04.968,1.67933,1.6794,3.83,1.00
2014.02.17 01:58:11.537,1.67933,1.67942,3.83,1.00
2014.02.17 01:58:11.739,1.67936,1.67943,3.75,1.00
2014.02.17 01:58:12.262,1.67934,1.67944,1.18,1.00
2014.02.17 01:58:13.666,1.67934,1.67945,1.18,1.20
2014.02.17 01:58:15.677,1.67934,1.67944,1.18,3.75
2014.02.17 01:58:16.196,1.67934,1.67945,1.18,4.58
2014.02.17 01:58:17.678,1.67933,1.67945,3.08,1.50
2014.02.17 01:58:18.197,1.67934,1.67944,1.50,4.50
2014.02.17 01:58:19.367,1.67935,1.67945,1.58,4.50
2014.02.17 01:58:23.024,1.67935,1.67947,1.58,1.88
2014.02.17 01:58:23.824,1.67935,1.67947,1.13,1.88
2014.02.17 01:58:25.984,1.67935,1.67947,2.20,1.10
2014.02.17 01:58:26.085,1.67936,1.67948,3.22,3.90
2014.02.17 01:58:26.238,1.67939,1.6795,1.20,4.50
2014.02.17 01:58:26.743,1.6794,1.67952,6.15,1.13
2014.02.17 01:58:27.812,1.6794,1.67952,1.50,1.28
2014.02.17 01:58:34.155,1.6794,1.67951,2.93,1.10
2014.02.17 01:58:34.357,1.67944,1.67954,3.75,3.75
2014.02.17 01:58:34.566,1.67949,1.67954,1.00,1.00
2014.02.17 01:58:34.668,1.67955,1.67961,1.00,1.50
2014.02.17 01:58:34.719,1.67951,1.67961,5.10,1.00
2014.02.17 01:58:34.820,1.67956,1.67962,1.28,1.00
2014.02.17 01:58:34.972,1.67953,1.67962,1.35,1.00
2014.02.17 01:58:35.174,1.67951,1.67962,1.35,1.00
2014.02.17 01:58:35.275,1.67954,1.67961,1.00,1.00
2014.02.17 01:58:36.083,1.67953,1.67961,1.00,3.83
2014.02.17 01:58:40.834,1.67957,1.67963,1.00,1.58
2014.02.17 01:58:41.037,1.67958,1.67963,1.00,3.75
2014.02.17 01:58:41.088,1.67954,1.67963,1.50,4.13
2014.02.17 01:58:41.239,1.67954,1.6796,1.00,3.75
2014.02.17 01:58:41.392,1.6795,1.67958,1.50,1.00
2014.02.17 01:58:41.594,1.67949,1.67957,1.00,3.75
2014.02.17 01:58:41.746,1.67949,1.67953,1.00,3.75
2014.02.17 01:58:42.049,1.67945,1.67954,1.00,7.58
2014.02.17 01:58:42.353,1.67945,1.67954,1.00,1.50
2014.02.17 01:58:43.842,1.67945,1.67955,1.50,5.33
2014.02.17 01:58:49.730,1.67945,1.67952,1.50,1.00
2014.02.17 01:58:49.882,1.67949,1.67952,1.00,1.00
2014.02.17 01:58:50.084,1.67945,1.67952,1.58,1.00
2014.02.17 01:58:50.600,1.67945,1.67951,1.50,1.00
2014.02.17 01:58:51.855,1.67944,1.67951,1.50,1.00
2014.02.17 01:58:52.959,1.67943,1.67951,1.10,1.00
2014.02.17 01:58:53.693,1.67943,1.67951,1.00,1.00
2014.02.17 01:58:53.997,1.67955,1.67968,3.67,1.50
2014.02.17 01:58:54.098,1.67955,1.67969,1.00,2.63
2014.02.17 01:58:54.149,1.67955,1.67967,1.18,1.18
2014.02.17 01:58:54.603,1.67956,1.67969,5.17,2.25
2014.02.17 01:58:54.806,1.67958,1.67971,2.63,1.10
2014.02.17 01:58:54.917,1.67958,1.67969,4.13,1.00
2014.02.17 01:58:55.895,1.67959,1.67967,1.58,1.00
2014.02.17 01:58:56.846,1.67957,1.67967,5.33,1.00
2014.02.17 01:58:57.837,1.67958,1.67967,5.25,1.00
2014.02.17 01:58:58.146,1.6796,1.67967,5.25,1.00
2014.02.17 01:58:58.453,1.67969,1.67974,1.38,1.88
2014.02.17 01:58:58.504,1.67969,1.67978,1.38,3.90
2014.02.17 01:58:58.605,1.67969,1.67978,1.00,3.90
2014.02.17 01:58:58.656,1.67968,1.67975,1.00,1.00
2014.02.17 01:58:58.959,1.6797,1.67979,1.38,3.08
2014.02.17 01:58:59.010,1.6797,1.67979,1.38,7.65
2014.02.17 01:58:59.067,1.67969,1.67977,1.00,1.00
2014.02.17 01:58:59.193,1.67965,1.67977,2.18,1.10
2014.02.17 01:58:59.395,1.67965,1.67977,1.50,1.58
2014.02.17 01:58:59.749,1.67965,1.67974,1.00,1.08
2014.02.17 01:58:59.950,1.67964,1.67975,1.43,3.75
2014.02.17 01:59:00.052,1.67972,1.67977,1.84,4.65
2014.02.17 01:59:00.154,1.67973,1.67982,4.09,1.18
2014.02.17 01:59:00.355,1.67977,1.67985,4.13,2.33
2014.02.17 01:59:00.406,1.67979,1.67986,1.05,1.10
2014.02.17 01:59:00.625,1.67979,1.67991,2.25,4.50
2014.02.17 01:59:00.727,1.67981,1.67992,6.08,3.75
2014.02.17 01:59:00.778,1.67983,1.67994,1.50,2.25
2014.02.17 01:59:00.829,1.67983,1.67994,1.10,2.25
2014.02.17 01:59:01.131,1.67985,1.67994,3.75,1.00
2014.02.17 01:59:01.384,1.6799,1.68,3.83,1.00
2014.02.17 01:59:01.638,1.67994,1.68001,3.75,1.00
2014.02.17 01:59:01.941,1.67997,1.68001,1.50,1.00
2014.02.17 01:59:02.245,1.68013,1.68022,2.33,1.80
2014.02.17 01:59:02.346,1.68011,1.68024,6.75,5.93
2014.02.17 01:59:02.396,1.68017,1.68024,2.03,4.43
2014.02.17 01:59:02.832,1.6804,1.68042,1.00,3.75
2014.02.17 01:59:02.886,1.68045,1.68052,1.50,1.00
2014.02.17 01:59:02.987,1.68049,1.68052,3.75,1.00
2014.02.17 01:59:03.039,1.68049,1.68056,3.75,1.00
2014.02.17 01:59:03.140,1.68053,1.68064,1.00,7.50
2014.02.17 01:59:03.191,1.68057,1.68065,3.00,1.00
2014.02.17 01:59:03.242,1.68057,1.68067,3.00,2.25
2014.02.17 01:59:03.294,1.68055,1.68067,4.50,2.25
2014.02.17 01:59:03.499,1.68061,1.68067,8.70,2.25
2014.02.17 01:59:03.853,1.68066,1.68076,7.80,2.55
2014.02.17 01:59:04.159,1.68071,1.68078,3.75,7.17
2014.02.17 01:59:04.462,1.68076,1.6808,3.30,7.17
2014.02.17 01:59:04.725,1.68086,1.68097,1.43,10.20
2014.02.17 01:59:05.230,1.68093,1.68097,1.00,9.45
2014.02.17 01:59:05.736,1.68099,1.68102,7.50,7.19
2014.02.17 01:59:05.838,1.68095,1.68103,4.35,1.50
2014.02.17 01:59:05.941,1.68099,1.68105,3.75,1.00
2014.02.17 01:59:06.093,1.68093,1.68104,4.35,1.88
2014.02.17 01:59:06.578,1.68092,1.68096,1.60,1.00
2014.02.17 01:59:06.831,1.68085,1.68094,1.00,6.12
2014.02.17 01:59:06.932,1.68083,1.68091,1.00,1.00
2014.02.17 01:59:07.134,1.68089,1.68099,1.38,1.00
2014.02.17 01:59:07.287,1.68089,1.68101,1.00,3.75
2014.02.17 01:59:07.337,1.68089,1.68098,1.00,1.00
2014.02.17 01:59:07.490,1.68084,1.68098,1.00,1.00
2014.02.17 01:59:07.592,1.68079,1.68098,1.00,1.00
2014.02.17 01:59:07.642,1.68079,1.68096,1.00,1.47
2014.02.17 01:59:07.794,1.68076,1.68093,1.00,3.75
2014.02.17 01:59:08.046,1.68069,1.68096,2.59,1.00
2014.02.17 01:59:08.637,1.68076,1.68096,2.25,1.75
2014.02.17 01:59:08.981,1.68079,1.68096,1.00,2.25
2014.02.17 01:59:09.486,1.68076,1.6809,1.05,1.00
2014.02.17 01:59:09.790,1.68075,1.68088,1.09,3.75
2014.02.17 01:59:10.295,1.68075,1.68082,1.00,1.00
2014.02.17 01:59:10.447,1.6807,1.68081,1.13,1.00
2014.02.17 01:59:10.800,1.68076,1.68082,1.00,3.75
2014.02.17 01:59:11.103,1.68093,1.68099,6.38,1.50
2014.02.17 01:59:11.154,1.68093,1.68099,3.75,1.50
2014.02.17 01:59:11.255,1.68089,1.681,1.00,5.25
2014.02.17 01:59:11.530,1.68089,1.68095,1.00,1.00
2014.02.17 01:59:11.636,1.68088,1.681,2.40,1.75
2014.02.17 01:59:11.687,1.68087,1.68094,1.13,4.88
2014.02.17 01:59:11.839,1.68083,1.68092,2.70,1.00
2014.02.17 01:59:11.940,1.68085,1.68093,3.90,1.00
2014.02.17 01:59:12.142,1.68083,1.68092,3.15,1.00
2014.02.17 01:59:12.244,1.68082,1.68092,1.43,1.00
2014.02.17 01:59:12.295,1.68078,1.68092,2.40,1.00
2014.02.17 01:59:12.346,1.68079,1.68092,3.90,1.00
2014.02.17 01:59:12.649,1.68083,1.68094,3.53,1.10
2014.02.17 01:59:12.700,1.68087,1.68099,7.13,1.50
2014.02.17 01:59:12.801,1.68088,1.68099,6.75,1.50
2014.02.17 01:59:13.104,1.68088,1.68093,3.00,1.00
2014.02.17 01:59:13.611,1.68088,1.68094,3.00,1.00
2014.02.17 01:59:13.662,1.68088,1.68094,2.85,1.00
2014.02.17 01:59:13.898,1.68087,1.68094,1.35,1.00
2014.02.17 01:59:14.414,1.68087,1.68099,1.35,1.00
2014.02.17 01:59:14.465,1.68088,1.68099,1.05,1.00
2014.02.17 01:59:15.230,1.68092,1.68099,1.84,1.00
2014.02.17 01:59:15.533,1.6809,1.68095,1.09,1.00
2014.02.17 01:59:15.584,1.68086,1.68097,1.80,1.00
2014.02.17 01:59:15.635,1.68089,1.68097,1.35,1.00
2014.02.17 01:59:15.736,1.68085,1.68095,1.73,3.75
2014.02.17 01:59:15.787,1.68089,1.68097,4.13,1.00
2014.02.17 01:59:16.090,1.68092,1.68098,1.35,1.00
2014.02.17 01:59:16.140,1.68092,1.68103,2.10,1.00
2014.02.17 01:59:16.191,1.68095,1.68104,3.75,1.50
2014.02.17 01:59:16.494,1.68096,1.68106,8.85,1.00
2014.02.17 01:59:17.051,1.68095,1.68106,4.43,1.00
2014.02.17 01:59:17.382,1.68095,1.68101,4.43,1.00
2014.02.17 01:59:17.737,1.6809,1.68101,1.35,1.00
2014.02.17 01:59:17.889,1.68092,1.68101,2.22,1.00
2014.02.17 01:59:17.940,1.68095,1.68104,1.05,8.25
2014.02.17 01:59:18.142,1.68094,1.68101,1.35,1.00
2014.02.17 01:59:18.243,1.68091,1.68101,5.82,1.00
2014.02.17 01:59:18.788,1.68091,1.68099,1.02,1.00
2014.02.17 01:59:19.041,1.68085,1.68096,1.35,1.00
2014.02.17 01:59:19.354,1.68092,1.68099,1.00,1.18
2014.02.17 01:59:19.607,1.68095,1.68104,5.97,1.00
2014.02.17 01:59:19.708,1.68096,1.68106,2.22,1.10
2014.02.17 01:59:20.011,1.68097,1.68109,1.34,1.18
2014.02.17 01:59:20.516,1.681,1.68109,1.84,1.18
2014.02.17 01:59:20.820,1.6811,1.68112,1.43,1.00
2014.02.17 01:59:20.972,1.6811,1.68117,1.35,1.00
2014.02.17 01:59:21.073,1.68115,1.68121,1.84,3.75
2014.02.17 01:59:21.124,1.68117,1.68121,1.84,3.75
2014.02.17 01:59:21.175,1.68118,1.68121,1.84,3.75
2014.02.17 01:59:21.226,1.68119,1.68124,1.84,6.01
2014.02.17 01:59:21.277,1.68119,1.68127,1.84,1.00
2014.02.17 01:59:21.634,1.68118,1.68124,3.34,1.20
2014.02.17 01:59:21.836,1.68116,1.68124,4.35,1.20
2014.02.17 01:59:22.307,1.6812,1.68124,2.18,1.20
2014.02.17 01:59:22.611,1.68123,1.68129,1.35,1.00
2014.02.17 01:59:22.763,1.68123,1.68129,1.35,1.00
2014.02.17 01:59:23.321,1.68123,1.6813,1.35,1.00
2014.02.17 01:59:23.524,1.68121,1.68129,1.35,1.00
2014.02.17 01:59:24.388,1.68118,1.68129,1.35,1.00
2014.02.17 01:59:24.489,1.68115,1.68129,5.18,1.58
2014.02.17 01:59:24.893,1.68118,1.68129,3.00,1.50
2014.02.17 01:59:24.944,1.68118,1.68129,3.68,1.00
2014.02.17 01:59:25.046,1.68119,1.68129,1.35,1.00
2014.02.17 01:59:25.197,1.68119,1.68134,4.35,2.19
2014.02.17 01:59:26.830,1.68119,1.6813,4.35,1.00
2014.02.17 01:59:27.133,1.68117,1.68127,4.13,1.50
2014.02.17 01:59:27.694,1.68113,1.68128,1.05,1.50
2014.02.17 01:59:28.149,1.68118,1.68125,3.68,1.00
2014.02.17 01:59:28.560,1.68121,1.68134,2.22,1.58
2014.02.17 01:59:28.713,1.68126,1.68134,1.00,1.00
2014.02.17 01:59:28.965,1.68126,1.68139,1.43,5.40
2014.02.17 01:59:29.067,1.68127,1.68139,1.35,6.00
2014.02.17 01:59:29.521,1.68125,1.68138,1.35,1.10
2014.02.17 01:59:29.743,1.68127,1.68138,1.35,1.00
2014.02.17 01:59:29.844,1.68127,1.68141,1.35,2.40
2014.02.17 01:59:29.945,1.68127,1.68138,1.35,1.13
2014.02.17 01:59:30.947,1.68127,1.68139,1.35,4.13
2014.02.17 01:59:31.150,1.68125,1.68139,1.35,3.53
2014.02.17 01:59:31.251,1.68125,1.68134,1.35,1.00
2014.02.17 01:59:31.554,1.68127,1.68134,1.18,1.00
2014.02.17 01:59:31.756,1.68132,1.68139,3.75,1.00
2014.02.17 01:59:31.958,1.68133,1.68142,3.75,1.28
2014.02.17 01:59:32.009,1.68136,1.68143,1.00,1.20
2014.02.17 01:59:32.110,1.68133,1.68143,3.75,1.20
2014.02.17 01:59:32.407,1.68135,1.68144,1.00,3.75
2014.02.17 01:59:32.665,1.68136,1.68144,3.75,2.40
2014.02.17 01:59:32.766,1.68138,1.68144,1.00,1.50
2014.02.17 01:59:32.817,1.68138,1.6815,1.00,1.50
2014.02.17 01:59:32.919,1.68138,1.68151,3.90,1.95
2014.02.17 01:59:34.081,1.68138,1.68145,1.50,1.00
2014.02.17 01:59:34.384,1.68142,1.68152,2.22,5.25
2014.02.17 01:59:34.435,1.6815,1.68152,2.63,4.75
2014.02.17 01:59:34.486,1.68151,1.68154,4.09,2.13
2014.02.17 01:59:34.537,1.68157,1.68164,1.00,2.70
2014.02.17 01:59:34.740,1.68154,1.68166,4.95,3.00
2014.02.17 01:59:34.841,1.68156,1.68166,2.25,3.00
2014.02.17 01:59:34.893,1.68156,1.68166,2.25,1.50
2014.02.17 01:59:34.995,1.68165,1.68168,3.75,1.58
2014.02.17 01:59:35.046,1.68166,1.68171,4.50,1.13
2014.02.17 01:59:35.097,1.6817,1.68179,2.25,1.38
2014.02.17 01:59:35.148,1.68173,1.68182,4.50,4.50
2014.02.17 01:59:35.249,1.68176,1.68183,2.25,1.00
2014.02.17 01:59:35.401,1.68178,1.68184,3.00,4.13
2014.02.17 01:59:35.503,1.68175,1.68182,1.50,4.50
2014.02.17 01:59:35.605,1.68176,1.68184,1.58,1.00
2014.02.17 01:59:35.656,1.68176,1.68187,1.58,1.00
2014.02.17 01:59:35.907,1.68184,1.68187,1.00,1.00
2014.02.17 01:59:35.969,1.68185,1.68198,3.75,1.00
2014.02.17 01:59:36.172,1.68187,1.68198,3.75,1.00
2014.02.17 01:59:36.325,1.6819,1.68203,3.75,1.13
2014.02.17 01:59:36.381,1.6819,1.68205,3.75,3.75
2014.02.17 01:59:36.485,1.68186,1.68209,3.75,4.88
2014.02.17 01:59:36.737,1.68184,1.68199,1.50,1.00
2014.02.17 01:59:36.940,1.68189,1.68204,3.00,1.00
2014.02.17 01:59:37.345,1.68193,1.68211,2.22,2.18
2014.02.17 01:59:37.446,1.68196,1.68214,5.22,2.33
2014.02.17 01:59:37.649,1.682,1.68214,3.75,2.18
2014.02.17 01:59:37.750,1.68201,1.6822,3.75,1.68
2014.02.17 01:59:37.852,1.682,1.68214,3.75,4.13
2014.02.17 01:59:38.156,1.682,1.68209,4.13,1.20
2014.02.17 01:59:38.212,1.68196,1.68209,3.75,2.18
2014.02.17 01:59:38.820,1.68196,1.68205,3.75,2.25
2014.02.17 01:59:38.972,1.68192,1.68205,1.08,2.25
2014.02.17 01:59:39.334,1.68192,1.68205,2.29,2.25
2014.02.17 01:59:39.608,1.68193,1.68209,4.17,1.20
2014.02.17 01:59:39.659,1.68193,1.68208,10.55,1.00
2014.02.17 01:59:40.165,1.68193,1.68209,7.57,5.89
2014.02.17 01:59:40.216,1.68193,1.68209,6.57,5.89
2014.02.17 01:59:40.368,1.68191,1.68205,2.85,1.00
2014.02.17 01:59:40.671,1.68191,1.68204,3.25,1.35
2014.02.17 01:59:40.722,1.68191,1.68204,1.00,1.35
2014.02.17 01:59:41.134,1.68191,1.68198,1.00,1.68
2014.02.17 01:59:41.185,1.68186,1.68198,3.68,1.68
2014.02.17 01:59:41.236,1.68186,1.68198,1.95,2.10
2014.02.17 01:59:41.589,1.68185,1.68196,1.09,3.68
2014.02.17 01:59:42.095,1.68183,1.68194,2.58,6.71
2014.02.17 01:59:42.347,1.68183,1.68196,1.50,3.00
2014.02.17 01:59:42.903,1.68183,1.68196,1.13,1.05
2014.02.17 01:59:43.307,1.68181,1.68192,1.13,1.00
2014.02.17 01:59:43.357,1.68181,1.68196,1.13,2.48
2014.02.17 01:59:43.458,1.68181,1.68193,1.00,1.43
2014.02.17 01:59:43.827,1.6817,1.68178,2.25,3.00
2014.02.17 01:59:43.879,1.6817,1.68187,2.40,4.35
2014.02.17 01:59:43.930,1.6817,1.68186,2.40,1.39
2014.02.17 01:59:44.335,1.68169,1.6818,1.35,2.18
2014.02.17 01:59:44.436,1.68166,1.68179,4.88,1.35
2014.02.17 01:59:44.973,1.68162,1.68179,2.78,1.35
2014.02.17 01:59:45.333,1.68165,1.68178,1.38,3.68
2014.02.17 01:59:45.536,1.68176,1.68185,1.00,1.09
2014.02.17 01:59:45.739,1.68172,1.68184,1.00,1.76
2014.02.17 01:59:45.790,1.68173,1.68184,2.25,1.09
2014.02.17 01:59:45.841,1.6818,1.68187,1.13,1.10
2014.02.17 01:59:45.892,1.6818,1.68187,1.13,1.00
2014.02.17 01:59:46.195,1.68188,1.68196,1.00,1.28
2014.02.17 01:59:46.399,1.68185,1.68198,1.00,4.50
2014.02.17 01:59:46.500,1.68183,1.68198,3.75,3.75
2014.02.17 01:59:46.552,1.68183,1.68196,3.75,1.08
2014.02.17 01:59:46.854,1.68181,1.68194,10.43,2.33
2014.02.17 01:59:47.415,1.68181,1.68196,10.43,2.33
2014.02.17 01:59:47.525,1.68181,1.68197,12.30,3.08
2014.02.17 01:59:48.365,1.68186,1.68199,2.03,6.75
2014.02.17 01:59:48.416,1.68189,1.68201,1.58,2.33
2014.02.17 01:59:48.726,1.68194,1.68201,1.00,2.25
2014.02.17 01:59:48.780,1.68195,1.68208,1.95,1.58
2014.02.17 01:59:48.831,1.68195,1.68199,1.95,1.00
2014.02.17 01:59:49.185,1.68188,1.68199,1.95,6.00
2014.02.17 01:59:49.236,1.68188,1.68198,1.95,3.83
2014.02.17 01:59:49.287,1.68182,1.68198,2.48,4.58
2014.02.17 01:59:49.741,1.68184,1.68198,2.10,3.90
2014.02.17 01:59:50.045,1.68196,1.68206,2.46,1.00
2014.02.17 01:59:50.095,1.68198,1.68212,1.30,2.25
2014.02.17 01:59:50.146,1.682,1.68214,2.10,1.85
2014.02.17 01:59:50.247,1.68201,1.68216,1.20,5.25
2014.02.17 01:59:50.601,1.682,1.68213,1.20,3.83
2014.02.17 01:59:51.112,1.68199,1.68213,1.20,3.90
2014.02.17 01:59:51.618,1.68199,1.68211,1.35,1.00
2014.02.17 01:59:52.131,1.682,1.68212,1.43,3.83
2014.02.17 01:59:52.434,1.682,1.6821,1.00,3.83
2014.02.17 01:59:53.333,1.68198,1.6821,1.43,3.83
2014.02.17 01:59:53.490,1.68198,1.68208,1.43,3.75
2014.02.17 01:59:53.794,1.68197,1.68204,1.35,1.00
2014.02.17 01:59:54.097,1.68192,1.68203,1.62,1.50
2014.02.17 01:59:54.148,1.68192,1.68203,1.50,1.50
2014.02.17 01:59:54.199,1.68192,1.68198,1.50,1.50
2014.02.17 01:59:54.301,1.68185,1.68198,1.00,5.25
2014.02.17 01:59:54.765,1.68185,1.68198,2.10,3.83
2014.02.17 01:59:55.579,1.68185,1.68197,1.35,3.75
2014.02.17 01:59:56.049,1.68189,1.68198,2.18,4.58
2014.02.17 01:59:56.353,1.68197,1.68203,1.84,1.08
2014.02.17 01:59:56.404,1.68194,1.68204,1.43,1.38
2014.02.17 01:59:56.556,1.68182,1.68191,1.35,3.75
2014.02.17 01:59:56.607,1.68181,1.68183,1.88,1.00
2014.02.17 01:59:56.659,1.68178,1.68183,1.38,1.00
2014.02.17 01:59:56.709,1.68176,1.68181,1.13,1.00
2014.02.17 01:59:56.962,1.68166,1.68175,2.16,4.58
2014.02.17 01:59:57.064,1.68163,1.68173,1.73,3.75
2014.02.17 01:59:57.367,1.68161,1.68173,1.00,1.50
2014.02.17 01:59:58.592,1.68153,1.68164,1.00,8.33
2014.02.17 01:59:58.643,1.68153,1.68164,1.38,8.33
2014.02.17 01:59:58.745,1.68156,1.68164,1.38,3.83
2014.02.17 01:59:58.948,1.68156,1.6817,1.38,2.33
2014.02.17 01:59:59.201,1.68157,1.6817,1.05,4.50
2014.02.17 01:59:59.303,1.68156,1.68169,1.00,9.00
2014.02.17 01:59:59.455,1.68154,1.68169,1.43,6.00
2014.02.17 01:59:59.759,1.68151,1.68167,1.35,5.25
