2009.07.01 19:00:00.197,1.6474,1.6475,2.00,1.00
2009.07.01 19:00:00.487,1.6474,1.6475,2.00,1.60
2009.07.01 19:00:00.837,1.6474,1.6476,2.00,3.00
2009.07.01 19:00:01.267,1.6474,1.6476,2.00,1.20
2009.07.01 19:00:01.507,1.6474,1.6476,2.60,1.20
2009.07.01 19:00:01.857,1.6474,1.6476,3.00,1.20
2009.07.01 19:00:02.087,1.6474,1.6476,2.60,1.20
2009.07.01 19:00:02.446,1.6474,1.6476,2.00,2.60
2009.07.01 19:00:02.777,1.6474,1.6476,2.00,5.40
2009.07.01 19:00:03.306,1.6474,1.6476,2.00,7.60
2009.07.01 19:00:03.596,1.6474,1.6476,2.00,11.60
2009.07.01 19:00:03.876,1.64735,1.64755,2.00,1.00
2009.07.01 19:00:04.096,1.64735,1.64755,8.00,1.00
2009.07.01 19:00:04.506,1.64735,1.64755,14.40,1.00
2009.07.01 19:00:04.976,1.6474,1.6476,1.00,8.20
2009.07.01 19:00:10.015,1.6474,1.6476,1.00,5.00
2009.07.01 19:00:16.283,1.6474,1.6476,1.00,7.20
2009.07.01 19:00:16.573,1.6474,1.6476,1.00,7.40
2009.07.01 19:00:22.332,1.6474,1.6476,1.00,3.00
2009.07.01 19:00:25.011,1.6474,1.6476,1.00,3.00
2009.07.01 19:00:25.241,1.6474,1.6476,1.20,3.00
2009.07.01 19:00:25.411,1.6474,1.6476,1.40,3.00
2009.07.01 19:00:28.590,1.6474,1.64755,1.00,1.00
2009.07.01 19:00:28.820,1.64735,1.64755,12.00,1.00
2009.07.01 19:00:30.270,1.6474,1.6476,7.00,1.00
2009.07.01 19:00:30.560,1.64745,1.64765,4.40,1.00
2009.07.01 19:00:31.010,1.64745,1.64765,1.00,1.00
2009.07.01 19:00:32.379,1.64745,1.64765,4.40,1.00
2009.07.01 19:00:35.259,1.6475,1.6477,1.00,3.00
2009.07.01 19:00:35.649,1.6475,1.6477,12.00,1.00
2009.07.01 19:00:36.059,1.64755,1.64775,1.00,1.80
2009.07.01 19:00:36.468,1.64755,1.64775,4.40,1.80
2009.07.01 19:00:36.708,1.6476,1.64775,4.00,1.80
2009.07.01 19:00:37.438,1.64755,1.64775,15.20,1.80
2009.07.01 19:00:37.778,1.64755,1.64775,12.00,1.80
2009.07.01 19:00:38.308,1.6476,1.64775,1.00,1.80
2009.07.01 19:00:38.828,1.64765,1.64775,1.00,1.00
2009.07.01 19:00:39.268,1.64765,1.64775,2.60,1.00
2009.07.01 19:00:39.668,1.6477,1.64775,2.80,1.00
2009.07.01 19:00:42.257,1.6477,1.64775,1.80,1.00
2009.07.01 19:00:42.437,1.6477,1.64775,2.00,1.00
2009.07.01 19:00:44.866,1.6477,1.64775,1.40,1.00
2009.07.01 19:00:45.556,1.6478,1.6479,4.00,1.20
2009.07.01 19:00:45.846,1.64785,1.6479,4.00,1.20
2009.07.01 19:00:46.366,1.6478,1.6479,4.00,1.20
2009.07.01 19:00:46.666,1.64775,1.6479,11.00,1.20
2009.07.01 19:00:51.235,1.6477,1.64775,1.00,1.20
2009.07.01 19:00:51.465,1.64765,1.64775,6.00,1.20
2009.07.01 19:00:51.865,1.64755,1.6477,10.00,1.80
2009.07.01 19:00:52.045,1.6476,1.6477,2.60,1.80
2009.07.01 19:00:53.437,1.64775,1.6479,2.60,2.10
2009.07.01 19:00:53.774,1.6477,1.6478,2.40,3.40
2009.07.01 19:00:54.464,1.6477,1.64785,8.00,10.40
2009.07.01 19:00:54.764,1.6477,1.64785,8.00,10.00
2009.07.01 19:00:55.354,1.6477,1.64785,8.00,10.20
2009.07.01 19:00:55.654,1.6477,1.6478,6.00,6.40
2009.07.01 19:00:55.944,1.6477,1.6478,6.00,4.00
2009.07.01 19:00:56.234,1.64765,1.6478,8.00,4.00
2009.07.01 19:00:58.063,1.64765,1.6478,8.00,5.00
2009.07.01 19:00:58.223,1.64765,1.64785,8.00,1.20
2009.07.01 19:00:58.563,1.64775,1.64785,1.60,1.20
2009.07.01 19:00:58.673,1.6477,1.6479,1.80,7.60
2009.07.01 19:00:58.913,1.64775,1.64785,6.00,1.20
2009.07.01 19:00:59.033,1.64775,1.6479,1.80,4.00
2009.07.01 19:00:59.143,1.64775,1.6479,8.00,4.00
2009.07.01 19:00:59.313,1.6477,1.6479,2.80,10.00
2009.07.01 19:00:59.823,1.6477,1.6479,2.80,5.60
2009.07.01 19:01:01.052,1.6477,1.6479,8.00,5.60
2009.07.01 19:01:01.862,1.6477,1.6479,2.80,12.80
2009.07.01 19:01:02.212,1.6477,1.6479,2.80,8.20
2009.07.01 19:01:02.552,1.6477,1.64785,2.20,1.00
2009.07.01 19:01:03.082,1.64775,1.6479,2.20,6.80
2009.07.01 19:01:03.422,1.6477,1.6479,8.60,8.60
2009.07.01 19:01:03.772,1.6477,1.6479,8.40,9.40
2009.07.01 19:01:04.002,1.6477,1.6479,8.00,6.40
2009.07.01 19:01:04.172,1.64765,1.64785,4.20,1.00
2009.07.01 19:01:04.342,1.6477,1.64785,8.00,1.00
2009.07.01 19:01:04.512,1.6477,1.6479,8.60,6.80
2009.07.01 19:01:06.011,1.6477,1.64785,8.20,1.00
2009.07.01 19:01:07.661,1.64765,1.64785,2.60,1.00
2009.07.01 19:01:08.001,1.6477,1.6479,8.60,9.00
2009.07.01 19:01:08.181,1.6477,1.64785,8.20,1.00
2009.07.01 19:01:08.761,1.6477,1.6478,8.20,3.20
2009.07.01 19:01:09.100,1.6477,1.64775,3.20,1.00
2009.07.01 19:01:09.270,1.6476,1.64775,8.20,1.00
2009.07.01 19:01:10.310,1.6476,1.64775,2.20,1.00
2009.07.01 19:01:10.830,1.64765,1.64775,2.20,1.00
2009.07.01 19:01:11.120,1.64765,1.6478,7.60,3.40
2009.07.01 19:01:12.640,1.6476,1.64775,2.20,1.00
2009.07.01 19:01:12.920,1.6476,1.64775,8.80,1.00
2009.07.01 19:01:13.269,1.6476,1.64775,8.60,1.00
2009.07.01 19:01:13.679,1.6476,1.64775,9.20,1.00
2009.07.01 19:01:13.859,1.6476,1.64775,9.60,1.00
2009.07.01 19:01:14.209,1.6476,1.64775,9.40,1.00
2009.07.01 19:01:14.489,1.6476,1.64775,9.20,1.00
2009.07.01 19:01:14.879,1.6476,1.64775,8.20,1.00
2009.07.01 19:01:15.219,1.6476,1.64775,8.80,1.00
2009.07.01 19:01:15.859,1.6476,1.64775,8.20,1.00
2009.07.01 19:01:16.089,1.64765,1.64775,2.80,1.00
2009.07.01 19:01:16.609,1.6477,1.64775,4.00,1.00
2009.07.01 19:01:17.189,1.64765,1.64775,3.20,1.00
2009.07.01 19:01:17.308,1.64765,1.64775,1.00,1.00
2009.07.01 19:01:17.599,1.64755,1.64775,6.00,1.00
2009.07.01 19:01:17.828,1.64755,1.64775,6.20,1.00
2009.07.01 19:01:18.288,1.6476,1.64775,9.60,1.00
2009.07.01 19:01:19.838,1.6476,1.64775,9.60,1.00
2009.07.01 19:01:20.008,1.6476,1.64775,9.80,1.00
2009.07.01 19:01:20.298,1.6476,1.64775,9.60,1.00
2009.07.01 19:01:20.528,1.6476,1.64775,9.60,1.00
2009.07.01 19:01:20.818,1.6476,1.64775,9.80,1.00
2009.07.01 19:01:21.407,1.6476,1.64775,9.60,1.00
2009.07.01 19:01:21.638,1.6476,1.64775,2.20,1.00
2009.07.01 19:01:23.907,1.6476,1.64775,2.80,1.00
2009.07.01 19:01:28.006,1.6477,1.64775,4.00,1.00
2009.07.01 19:01:29.166,1.6476,1.64775,4.40,1.00
2009.07.01 19:01:30.336,1.6476,1.64775,3.80,1.00
2009.07.01 19:01:30.455,1.6476,1.64775,2.20,1.00
2009.07.01 19:01:31.775,1.64755,1.64775,5.00,1.00
2009.07.01 19:01:32.225,1.6476,1.64775,8.20,1.00
2009.07.01 19:01:33.735,1.6477,1.64775,1.00,1.00
2009.07.01 19:01:33.845,1.6477,1.64775,1.20,1.00
2009.07.01 19:01:34.485,1.6477,1.6478,1.20,6.60
2009.07.01 19:01:34.844,1.64765,1.6478,4.80,5.00
2009.07.01 19:01:35.544,1.64765,1.6478,4.80,5.00
2009.07.01 19:01:35.904,1.64765,1.6478,4.60,5.00
2009.07.01 19:01:36.514,1.64765,1.6478,4.80,5.00
2009.07.01 19:01:36.634,1.64765,1.6478,4.80,5.00
2009.07.01 19:01:38.584,1.64765,1.6478,7.20,4.20
2009.07.01 19:01:38.754,1.64765,1.6478,4.80,4.20
2009.07.01 19:01:39.273,1.6477,1.64775,1.00,1.00
2009.07.01 19:01:39.833,1.64785,1.6479,4.00,7.10
2009.07.01 19:01:40.593,1.64775,1.6478,4.00,1.00
2009.07.01 19:01:40.883,1.6477,1.6478,1.20,1.00
2009.07.01 19:01:44.852,1.6477,1.6478,1.20,1.00
2009.07.01 19:01:45.532,1.6477,1.6478,1.20,1.00
2009.07.01 19:01:46.962,1.6477,1.6478,1.00,1.00
2009.07.01 19:01:47.141,1.6477,1.6478,1.20,1.00
2009.07.01 19:01:47.601,1.64765,1.6478,3.20,1.00
2009.07.01 19:01:47.781,1.64765,1.6478,3.60,1.00
2009.07.01 19:01:48.301,1.6477,1.64775,1.00,1.00
2009.07.01 19:01:48.652,1.6477,1.64775,1.20,1.00
2009.07.01 19:01:49.871,1.6477,1.64775,1.20,1.00
2009.07.01 19:01:52.900,1.64765,1.64775,2.80,1.00
2009.07.01 19:01:53.700,1.6477,1.64785,1.80,4.20
2009.07.01 19:01:54.919,1.6477,1.64785,2.20,4.20
2009.07.01 19:01:55.559,1.6477,1.64785,1.60,4.20
2009.07.01 19:01:55.799,1.6477,1.64785,5.00,3.20
2009.07.01 19:01:56.029,1.6477,1.6479,5.00,4.20
2009.07.01 19:01:56.879,1.6477,1.64785,8.40,3.20
2009.07.01 19:01:57.149,1.6477,1.64785,3.80,4.20
2009.07.01 19:01:57.269,1.6477,1.64785,1.00,4.20
2009.07.01 19:01:58.579,1.6477,1.64785,1.20,3.20
2009.07.01 19:01:58.639,1.6477,1.64785,2.60,3.20
2009.07.01 19:01:58.879,1.6477,1.64785,3.40,3.20
2009.07.01 19:01:58.938,1.6477,1.6479,3.40,4.20
2009.07.01 19:01:59.348,1.6477,1.6479,4.00,4.20
2009.07.01 19:02:02.238,1.6477,1.6479,5.00,4.20
2009.07.01 19:02:03.637,1.6477,1.6479,11.00,4.20
2009.07.01 19:02:11.985,1.6477,1.6479,10.20,4.20
2009.07.01 19:02:16.344,1.6476,1.64775,8.00,1.00
2009.07.01 19:02:16.524,1.6476,1.64775,7.60,1.00
2009.07.01 19:02:22.393,1.6476,1.64775,7.60,1.00
2009.07.01 19:02:22.743,1.6476,1.64775,2.20,1.00
2009.07.01 19:02:24.532,1.6476,1.64775,4.40,1.00
2009.07.01 19:02:24.772,1.6476,1.64775,3.80,1.00
2009.07.01 19:02:25.183,1.6476,1.64775,4.40,1.00
2009.07.01 19:02:25.922,1.6476,1.6478,4.40,11.60
2009.07.01 19:02:26.212,1.6476,1.6478,4.40,10.00
2009.07.01 19:02:26.852,1.6476,1.6478,4.40,10.40
2009.07.01 19:02:27.312,1.6476,1.6478,4.40,10.20
2009.07.01 19:02:27.371,1.6476,1.6478,4.40,10.00
2009.07.01 19:02:27.891,1.6476,1.6478,4.40,9.60
2009.07.01 19:02:30.261,1.6476,1.6478,4.40,9.80
2009.07.01 19:02:30.491,1.6476,1.6478,4.40,10.00
2009.07.01 19:02:30.671,1.6476,1.6478,4.40,9.80
2009.07.01 19:02:30.841,1.6476,1.6478,4.40,9.60
2009.07.01 19:02:31.071,1.6476,1.6478,4.40,9.80
2009.07.01 19:02:31.351,1.6476,1.6478,4.40,10.00
2009.07.01 19:02:33.610,1.6476,1.6478,4.40,9.80
2009.07.01 19:02:33.780,1.6476,1.6478,4.40,9.60
2009.07.01 19:02:34.810,1.6476,1.6478,4.40,9.80
2009.07.01 19:02:34.990,1.6476,1.6478,4.40,10.00
2009.07.01 19:02:35.390,1.6476,1.6478,4.40,9.80
2009.07.01 19:02:35.500,1.6476,1.6478,4.40,9.60
2009.07.01 19:02:37.939,1.6476,1.6478,4.40,10.00
2009.07.01 19:02:39.069,1.6476,1.6478,4.40,9.80
2009.07.01 19:02:39.309,1.6476,1.6478,4.40,9.60
2009.07.01 19:02:43.358,1.6476,1.6478,4.40,9.40
2009.07.01 19:02:43.478,1.6476,1.6478,4.40,9.80
2009.07.01 19:02:45.927,1.6476,1.6478,4.40,9.40
2009.07.01 19:02:46.167,1.6476,1.6478,4.40,9.20
2009.07.01 19:02:46.407,1.6476,1.6478,4.40,9.80
2009.07.01 19:02:46.467,1.6476,1.6478,4.40,9.40
2009.07.01 19:02:46.697,1.6476,1.6478,4.40,9.60
2009.07.01 19:02:46.917,1.6476,1.6478,4.40,9.60
2009.07.01 19:02:48.466,1.6476,1.6478,4.40,10.00
2009.07.01 19:02:48.696,1.6476,1.6478,4.40,10.40
2009.07.01 19:02:49.266,1.6476,1.6478,4.40,10.60
2009.07.01 19:02:51.866,1.6476,1.6478,4.40,10.40
2009.07.01 19:02:51.926,1.6476,1.6478,4.40,8.80
2009.07.01 19:03:02.723,1.6476,1.6478,4.40,9.20
2009.07.01 19:03:03.453,1.6476,1.6478,4.40,9.80
2009.07.01 19:03:03.664,1.64775,1.6478,1.60,9.80
2009.07.01 19:03:03.893,1.6478,1.64785,4.00,6.20
2009.07.01 19:03:04.113,1.6478,1.64795,5.20,5.00
2009.07.01 19:03:04.693,1.6478,1.6479,1.20,1.20
2009.07.01 19:03:04.982,1.6478,1.6479,1.20,2.20
2009.07.01 19:03:08.252,1.6477,1.6479,2.80,3.80
2009.07.01 19:03:08.722,1.6477,1.6479,2.80,4.80
2009.07.01 19:03:08.951,1.6477,1.6478,2.80,4.60
2009.07.01 19:03:09.232,1.6477,1.64785,2.80,9.20
2009.07.01 19:03:10.151,1.64775,1.6478,3.20,5.20
2009.07.01 19:03:10.271,1.64775,1.6478,3.20,5.40
2009.07.01 19:03:10.491,1.64775,1.6478,6.00,4.80
2009.07.01 19:03:10.541,1.64765,1.6478,2.00,4.80
2009.07.01 19:03:12.041,1.64765,1.6478,2.00,5.40
2009.07.01 19:03:12.371,1.64765,1.6478,2.00,5.20
2009.07.01 19:03:13.540,1.64765,1.6478,2.00,4.40
2009.07.01 19:03:13.821,1.6477,1.6478,2.20,3.00
2009.07.01 19:03:14.161,1.6477,1.64785,2.20,1.00
2009.07.01 19:03:16.340,1.6477,1.64785,3.80,1.00
2009.07.01 19:03:18.019,1.6477,1.6478,3.80,1.00
2009.07.01 19:03:18.189,1.6477,1.6478,3.80,1.20
2009.07.01 19:03:18.589,1.6477,1.64785,3.80,1.00
2009.07.01 19:03:40.844,1.6477,1.6478,4.40,1.00
2009.07.01 19:03:41.134,1.6477,1.6478,4.40,1.20
2009.07.01 19:03:41.414,1.6477,1.64785,4.40,1.00
2009.07.01 19:03:42.323,1.6477,1.6478,4.40,1.20
2009.07.01 19:03:44.083,1.6477,1.6478,4.40,1.40
2009.07.01 19:03:44.203,1.6477,1.6478,4.40,1.60
2009.07.01 19:03:48.252,1.6477,1.6478,4.40,1.00
2009.07.01 19:03:48.542,1.6477,1.6478,4.40,1.20
2009.07.01 19:03:49.921,1.6477,1.6478,4.40,1.60
2009.07.01 19:03:50.202,1.6477,1.6478,4.40,1.40
2009.07.01 19:03:50.441,1.6477,1.6478,4.40,1.20
2009.07.01 19:03:51.571,1.6477,1.6478,4.40,1.00
2009.07.01 19:03:51.681,1.6477,1.64785,4.40,1.00
2009.07.01 19:03:54.171,1.6477,1.6478,4.40,1.00
2009.07.01 19:03:54.400,1.6477,1.6478,4.40,1.20
2009.07.01 19:03:54.971,1.6477,1.6478,4.40,1.40
2009.07.01 19:03:55.270,1.6477,1.6478,4.40,1.60
2009.07.01 19:03:57.750,1.6477,1.6478,6.00,1.60
2009.07.01 19:04:01.309,1.6479,1.648,4.00,6.20
2009.07.01 19:04:01.849,1.6479,1.648,6.20,3.80
2009.07.01 19:04:02.199,1.6479,1.648,2.20,1.60
2009.07.01 19:04:02.789,1.6479,1.648,2.20,1.80
2009.07.01 19:04:03.258,1.6479,1.648,2.20,2.40
2009.07.01 19:04:03.368,1.64785,1.648,4.20,2.40
2009.07.01 19:04:03.818,1.64785,1.648,4.20,2.60
2009.07.01 19:04:13.386,1.64785,1.648,4.20,1.80
2009.07.01 19:04:13.626,1.64785,1.648,4.20,1.20
2009.07.01 19:04:13.846,1.64785,1.64805,4.20,9.40
2009.07.01 19:04:16.175,1.6478,1.64795,2.60,3.20
2009.07.01 19:04:16.295,1.64785,1.648,2.20,16.40
2009.07.01 19:04:16.535,1.64785,1.648,2.20,14.00
2009.07.01 19:04:16.645,1.64785,1.648,2.20,10.00
2009.07.01 19:04:19.335,1.64785,1.6479,2.20,1.00
2009.07.01 19:04:19.395,1.64785,1.6479,2.20,1.20
2009.07.01 19:04:20.264,1.64785,1.6479,2.20,1.40
2009.07.01 19:04:20.544,1.64785,1.6479,2.20,1.00
2009.07.01 19:04:20.774,1.6479,1.648,2.20,7.20
2009.07.01 19:04:21.154,1.6479,1.648,2.20,2.60
2009.07.01 19:04:22.234,1.6479,1.648,2.20,2.80
2009.07.01 19:04:22.474,1.6479,1.648,2.20,3.00
2009.07.01 19:04:25.403,1.6479,1.648,2.20,2.60
2009.07.01 19:04:30.532,1.6479,1.648,2.20,1.80
2009.07.01 19:04:31.332,1.6479,1.648,2.20,2.40
2009.07.01 19:04:31.622,1.64795,1.648,2.20,1.00
2009.07.01 19:04:31.962,1.64795,1.64805,2.20,5.80
2009.07.01 19:04:32.422,1.64805,1.6481,2.20,10.60
2009.07.01 19:04:32.881,1.6479,1.648,2.40,1.00
2009.07.01 19:04:33.051,1.6479,1.648,2.40,1.20
2009.07.01 19:04:34.281,1.6479,1.648,2.40,1.40
2009.07.01 19:04:34.751,1.6479,1.648,2.40,1.60
2009.07.01 19:04:34.921,1.6479,1.648,2.20,2.40
2009.07.01 19:04:35.091,1.6479,1.648,2.20,2.60
2009.07.01 19:04:36.281,1.6479,1.648,2.20,3.40
2009.07.01 19:04:36.340,1.64785,1.648,14.40,3.40
2009.07.01 19:04:36.570,1.6478,1.648,13.60,7.60
2009.07.01 19:04:36.631,1.6478,1.6479,13.60,1.00
2009.07.01 19:04:36.751,1.6478,1.6479,8.80,1.20
2009.07.01 19:04:38.880,1.6478,1.6479,8.80,1.00
2009.07.01 19:04:39.050,1.6478,1.648,8.80,7.40
2009.07.01 19:04:45.818,1.6478,1.648,8.80,7.40
2009.07.01 19:04:46.268,1.6478,1.648,8.80,5.80
2009.07.01 19:04:46.388,1.6478,1.648,8.80,5.00
2009.07.01 19:04:48.917,1.6478,1.648,7.20,4.00
2009.07.01 19:04:58.905,1.6478,1.648,7.20,4.80
2009.07.01 19:04:59.076,1.6478,1.648,7.20,6.40
2009.07.01 19:05:09.142,1.6478,1.648,14.00,6.40
2009.07.01 19:05:09.482,1.6478,1.648,14.80,6.40
2009.07.01 19:05:11.412,1.6478,1.648,14.80,5.80
2009.07.01 19:05:11.582,1.6478,1.648,14.80,5.20
2009.07.01 19:05:11.642,1.6478,1.648,14.80,4.00
2009.07.01 19:05:13.192,1.6478,1.648,17.80,4.00
2009.07.01 19:05:16.671,1.6478,1.648,18.20,4.00
2009.07.01 19:05:16.721,1.6478,1.648,18.20,4.00
2009.07.01 19:05:16.841,1.6478,1.648,18.40,4.00
2009.07.01 19:05:17.061,1.6478,1.648,18.00,5.60
2009.07.01 19:05:17.241,1.6478,1.648,17.80,5.60
2009.07.01 19:05:19.210,1.6478,1.648,17.20,4.00
2009.07.01 19:05:19.560,1.6478,1.648,17.20,4.80
2009.07.01 19:05:19.740,1.6478,1.648,17.20,5.60
2009.07.01 19:05:19.970,1.6478,1.648,17.20,4.00
2009.07.01 19:05:20.840,1.6478,1.648,17.40,4.80
2009.07.01 19:05:21.170,1.6478,1.6479,4.00,1.00
2009.07.01 19:05:22.190,1.6478,1.64795,4.00,1.00
2009.07.01 19:05:47.903,1.6479,1.64795,1.00,1.00
2009.07.01 19:05:48.183,1.6479,1.64795,1.00,1.00
2009.07.01 19:05:48.473,1.6479,1.64795,1.20,1.00
2009.07.01 19:05:49.863,1.6479,1.648,1.20,4.20
2009.07.01 19:05:57.461,1.6478,1.648,11.20,6.60
2009.07.01 19:05:57.691,1.6478,1.648,11.20,5.00
2009.07.01 19:05:58.341,1.6478,1.648,11.60,5.00
2009.07.01 19:05:58.451,1.6478,1.648,11.40,5.00
2009.07.01 19:05:58.681,1.6478,1.648,11.20,5.00
2009.07.01 19:05:59.871,1.6478,1.648,11.60,5.00
2009.07.01 19:06:05.719,1.6478,1.648,11.60,4.20
2009.07.01 19:06:05.879,1.6478,1.648,7.60,4.20
2009.07.01 19:06:06.049,1.6478,1.648,9.80,1.20
2009.07.01 19:06:06.269,1.6478,1.648,11.40,1.20
2009.07.01 19:06:08.678,1.6478,1.648,8.40,5.00
2009.07.01 19:06:08.728,1.64785,1.64795,1.60,1.80
2009.07.01 19:06:08.908,1.6478,1.64795,12.80,4.20
2009.07.01 19:06:09.028,1.6478,1.64795,6.40,4.20
2009.07.01 19:06:09.608,1.6478,1.64795,6.20,4.20
2009.07.01 19:06:09.788,1.6478,1.64795,6.00,4.20
2009.07.01 19:06:10.078,1.6478,1.64795,6.20,4.20
2009.07.01 19:06:10.248,1.6478,1.64795,6.40,4.20
2009.07.01 19:06:10.478,1.6478,1.64795,6.20,4.20
2009.07.01 19:06:10.718,1.6478,1.64795,6.00,4.20
2009.07.01 19:06:10.998,1.6478,1.64795,6.20,4.20
2009.07.01 19:06:11.408,1.6478,1.64795,6.40,4.20
2009.07.01 19:06:11.647,1.6478,1.64795,6.20,4.20
2009.07.01 19:06:11.868,1.6478,1.64795,6.00,4.20
2009.07.01 19:06:14.117,1.6478,1.64795,6.40,4.20
2009.07.01 19:06:14.757,1.6478,1.64795,6.20,4.20
2009.07.01 19:06:14.997,1.6478,1.64795,6.00,4.20
2009.07.01 19:06:15.177,1.6478,1.64795,6.40,4.20
2009.07.01 19:06:20.765,1.64775,1.64795,14.60,4.20
2009.07.01 19:06:21.185,1.6478,1.64795,11.60,2.40
2009.07.01 19:06:21.525,1.6478,1.648,11.60,5.00
2009.07.01 19:06:27.564,1.6478,1.648,6.80,5.00
2009.07.01 19:06:27.794,1.64785,1.64805,1.00,5.00
2009.07.01 19:06:27.854,1.6479,1.64805,1.00,1.20
2009.07.01 19:06:27.913,1.648,1.64805,2.20,1.20
2009.07.01 19:06:28.213,1.64795,1.64805,2.20,1.20
2009.07.01 19:06:30.713,1.64785,1.64805,4.40,1.20
2009.07.01 19:06:33.392,1.64795,1.64805,2.20,1.20
2009.07.01 19:06:36.132,1.64785,1.64805,4.40,1.20
2009.07.01 19:06:43.050,1.6478,1.648,21.80,5.00
2009.07.01 19:06:43.290,1.6478,1.648,18.60,5.00
2009.07.01 19:06:43.850,1.6478,1.648,19.00,5.00
2009.07.01 19:06:45.610,1.6478,1.648,18.60,5.00
2009.07.01 19:06:46.000,1.6478,1.648,18.80,5.00
2009.07.01 19:06:52.368,1.6479,1.648,4.00,2.20
2009.07.01 19:06:57.527,1.6479,1.648,4.00,2.40
2009.07.01 19:06:57.876,1.6479,1.648,4.00,7.80
2009.07.01 19:06:58.216,1.64785,1.648,4.00,7.20
2009.07.01 19:07:00.446,1.6479,1.648,4.00,7.20
2009.07.01 19:07:00.746,1.64785,1.648,4.00,5.00
2009.07.01 19:07:02.875,1.64785,1.648,4.00,5.00
2009.07.01 19:07:04.595,1.64785,1.648,4.00,1.80
2009.07.01 19:07:04.895,1.6479,1.64805,4.00,1.00
2009.07.01 19:07:05.655,1.64795,1.64805,4.00,1.00
2009.07.01 19:07:06.424,1.64795,1.64805,2.20,1.00
2009.07.01 19:07:06.984,1.64795,1.64805,6.20,1.00
2009.07.01 19:07:07.674,1.64795,1.64805,4.00,1.00
2009.07.01 19:07:09.484,1.6479,1.64805,6.20,1.00
2009.07.01 19:07:09.764,1.64795,1.64805,2.20,1.00
2009.07.01 19:07:10.043,1.6479,1.64805,4.00,1.00
2009.07.01 19:07:10.553,1.648,1.64805,2.20,1.00
2009.07.01 19:07:13.114,1.6479,1.64805,4.00,1.00
2009.07.01 19:07:13.703,1.64785,1.64805,9.00,1.00
2009.07.01 19:07:14.833,1.648,1.64805,2.20,1.00
2009.07.01 19:07:16.342,1.6479,1.64805,2.20,1.00
2009.07.01 19:07:16.692,1.6479,1.648,2.20,1.60
2009.07.01 19:07:16.912,1.6479,1.648,2.20,1.80
2009.07.01 19:07:17.922,1.64805,1.6481,2.20,4.30
2009.07.01 19:07:18.202,1.64785,1.64805,10.40,5.80
2009.07.01 19:07:18.541,1.64785,1.648,5.60,4.40
2009.07.01 19:07:18.661,1.6478,1.648,14.60,4.40
2009.07.01 19:07:23.640,1.6478,1.648,14.60,5.60
2009.07.01 19:07:33.758,1.6478,1.648,3.80,7.00
2009.07.01 19:07:33.868,1.6478,1.648,3.80,6.60
2009.07.01 19:07:34.938,1.6478,1.648,7.80,6.60
2009.07.01 19:07:35.177,1.6478,1.648,9.00,2.60
2009.07.01 19:07:35.527,1.64785,1.648,1.20,2.20
2009.07.01 19:07:35.867,1.64785,1.648,1.20,1.60
2009.07.01 19:07:36.737,1.64785,1.648,1.20,1.60
2009.07.01 19:07:36.917,1.64785,1.648,1.20,2.00
2009.07.01 19:07:37.087,1.64785,1.648,1.20,2.20
2009.07.01 19:07:37.377,1.64785,1.648,1.20,4.00
2009.07.01 19:07:37.677,1.64785,1.6479,1.20,1.20
2009.07.01 19:07:37.787,1.64785,1.6479,1.20,1.20
2009.07.01 19:07:37.847,1.64785,1.6479,1.20,1.60
2009.07.01 19:07:38.127,1.64785,1.6479,1.20,1.80
2009.07.01 19:07:39.216,1.64785,1.6479,1.20,2.00
2009.07.01 19:07:39.386,1.64785,1.6479,1.20,2.20
2009.07.01 19:07:39.666,1.64785,1.6479,1.20,2.40
2009.07.01 19:07:39.897,1.64785,1.6479,1.20,1.60
2009.07.01 19:07:40.066,1.6478,1.6479,2.60,1.60
2009.07.01 19:07:40.426,1.6478,1.6479,1.20,1.60
2009.07.01 19:07:41.656,1.6478,1.6479,5.00,1.60
2009.07.01 19:07:41.886,1.64785,1.6479,1.20,1.60
2009.07.01 19:07:42.106,1.64785,1.6479,1.20,2.40
2009.07.01 19:07:42.606,1.64785,1.6479,1.20,2.40
2009.07.01 19:07:42.786,1.64785,1.6479,1.20,2.20
2009.07.01 19:07:43.135,1.6478,1.6479,7.40,2.20
2009.07.01 19:07:43.435,1.6478,1.6479,2.60,2.20
2009.07.01 19:07:43.605,1.6478,1.6479,1.20,2.20
2009.07.01 19:07:49.904,1.6478,1.6479,1.20,3.00
2009.07.01 19:07:50.784,1.6478,1.6479,1.20,2.60
2009.07.01 19:07:52.733,1.64775,1.6479,5.80,2.40
2009.07.01 19:07:52.793,1.6478,1.64795,1.20,6.40
2009.07.01 19:07:52.903,1.6478,1.64795,1.20,6.80
2009.07.01 19:07:53.133,1.6478,1.64795,1.20,6.60
2009.07.01 19:07:53.823,1.64775,1.6479,2.60,2.60
2009.07.01 19:07:53.933,1.64775,1.6479,2.60,2.80
2009.07.01 19:07:54.423,1.64775,1.6479,2.60,1.80
2009.07.01 19:08:03.860,1.64775,1.6479,2.60,1.60
2009.07.01 19:08:04.091,1.64775,1.6479,2.60,1.20
2009.07.01 19:08:06.850,1.64775,1.6478,1.60,1.20
2009.07.01 19:08:07.180,1.64775,1.6478,1.60,2.40
2009.07.01 19:08:07.699,1.64775,1.6478,1.60,2.60
2009.07.01 19:08:07.919,1.64775,1.6478,1.60,2.40
2009.07.01 19:08:10.269,1.64775,1.6478,1.60,1.60
2009.07.01 19:08:10.329,1.64775,1.64785,1.60,1.00
2009.07.01 19:08:10.739,1.64775,1.6479,1.60,9.60
2009.07.01 19:08:10.979,1.64775,1.6479,1.60,2.80
2009.07.01 19:08:11.739,1.64775,1.6479,2.60,3.60
2009.07.01 19:08:18.757,1.64775,1.6478,1.60,5.20
2009.07.01 19:08:19.107,1.64775,1.6478,1.60,4.40
2009.07.01 19:08:21.027,1.64775,1.64785,2.60,4.00
2009.07.01 19:08:21.496,1.64775,1.6479,4.80,1.20
2009.07.01 19:08:26.865,1.6478,1.6479,2.20,3.00
2009.07.01 19:08:27.505,1.64775,1.6479,9.40,2.40
2009.07.01 19:08:27.675,1.64775,1.6479,9.40,2.80
2009.07.01 19:08:27.855,1.64775,1.6479,9.40,3.00
2009.07.01 19:08:28.275,1.64775,1.6479,9.40,2.00
2009.07.01 19:08:28.384,1.64775,1.6479,9.40,1.20
2009.07.01 19:08:28.494,1.64775,1.64795,9.40,1.00
2009.07.01 19:08:28.715,1.6478,1.64795,4.00,1.00
2009.07.01 19:08:28.825,1.6478,1.64795,6.20,1.00
2009.07.01 19:08:31.334,1.64785,1.64795,4.00,1.00
2009.07.01 19:08:35.493,1.64775,1.64795,9.60,1.00
2009.07.01 19:08:35.913,1.64785,1.64795,1.20,1.00
2009.07.01 19:08:36.023,1.6479,1.64795,4.00,1.00
2009.07.01 19:08:36.363,1.6479,1.64805,5.80,1.60
2009.07.01 19:08:36.482,1.648,1.6481,2.20,8.80
2009.07.01 19:08:36.603,1.648,1.6481,2.20,5.20
2009.07.01 19:08:49.970,1.6478,1.64795,7.40,1.00
2009.07.01 19:08:51.879,1.6479,1.64795,5.00,1.00
2009.07.01 19:08:54.298,1.64795,1.648,2.20,1.00
2009.07.01 19:08:55.208,1.6479,1.648,5.00,1.00
2009.07.01 19:08:55.438,1.6479,1.64805,5.00,1.00
2009.07.01 19:08:56.908,1.64795,1.64805,3.20,1.00
2009.07.01 19:08:57.258,1.6478,1.64795,9.00,1.00
2009.07.01 19:09:00.607,1.6478,1.64795,7.80,1.00
2009.07.01 19:09:06.636,1.64795,1.64805,2.20,5.10
2009.07.01 19:09:06.926,1.6479,1.64795,2.20,1.00
2009.07.01 19:09:21.892,1.6478,1.64795,3.80,1.00
2009.07.01 19:09:30.090,1.6478,1.6479,2.20,1.60
2009.07.01 19:09:30.270,1.64775,1.6479,7.20,1.80
2009.07.01 19:09:30.440,1.64775,1.6479,11.40,6.40
2009.07.01 19:09:30.730,1.64775,1.6479,9.00,9.00
2009.07.01 19:09:30.910,1.64775,1.6479,1.60,10.60
2009.07.01 19:09:31.030,1.64775,1.6479,1.60,11.00
2009.07.01 19:09:31.149,1.64775,1.6479,1.60,11.20
2009.07.01 19:09:32.289,1.64775,1.6479,1.60,11.60
2009.07.01 19:09:32.619,1.64775,1.6479,1.60,11.20
2009.07.01 19:09:33.059,1.64775,1.6479,1.60,14.40
2009.07.01 19:09:33.179,1.64775,1.6479,1.60,14.60
2009.07.01 19:09:33.359,1.64775,1.64785,1.60,4.00
2009.07.01 19:09:33.869,1.64775,1.64785,1.60,4.40
2009.07.01 19:09:34.838,1.64775,1.6478,1.60,4.00
2009.07.01 19:09:35.999,1.64775,1.6478,1.60,4.40
2009.07.01 19:09:36.178,1.64775,1.6478,1.60,5.00
2009.07.01 19:09:36.348,1.64775,1.6478,1.60,5.60
2009.07.01 19:09:36.648,1.64775,1.6478,1.60,5.40
2009.07.01 19:09:36.768,1.64775,1.64785,2.60,4.00
2009.07.01 19:09:37.178,1.64775,1.64785,1.60,4.00
2009.07.01 19:09:42.697,1.64775,1.6478,1.60,1.00
2009.07.01 19:09:45.666,1.64775,1.6478,1.60,1.00
2009.07.01 19:09:45.836,1.64775,1.6478,1.60,1.60
2009.07.01 19:09:46.856,1.64775,1.6478,1.60,1.00
2009.07.01 19:09:51.794,1.64775,1.6478,1.60,1.80
2009.07.01 19:09:51.974,1.64775,1.6478,1.60,2.00
2009.07.01 19:09:53.884,1.6476,1.6477,16.20,3.40
2009.07.01 19:09:54.324,1.6476,1.6477,3.40,3.20
2009.07.01 19:09:54.614,1.6476,1.6477,3.40,2.40
2009.07.01 19:09:54.974,1.6476,1.6477,3.40,3.00
2009.07.01 19:09:55.254,1.6476,1.6477,5.00,2.40
2009.07.01 19:09:55.534,1.6477,1.64775,1.20,2.90
2009.07.01 19:09:55.994,1.6476,1.64775,2.60,6.40
2009.07.01 19:09:56.813,1.6476,1.64775,2.60,9.60
2009.07.01 19:09:56.923,1.6476,1.64775,2.60,6.40
2009.07.01 19:09:57.157,1.6476,1.64775,2.60,7.00
2009.07.01 19:09:57.324,1.6476,1.6477,2.60,2.80
2009.07.01 19:09:59.033,1.6476,1.6477,2.60,2.40
2009.07.01 19:09:59.263,1.6476,1.6477,2.60,1.80
2009.07.01 19:10:02.122,1.6477,1.64785,1.20,9.60
2009.07.01 19:10:02.292,1.6477,1.64785,1.20,10.00
2009.07.01 19:10:02.472,1.6477,1.64785,1.20,9.60
2009.07.01 19:10:02.592,1.6477,1.64785,1.20,6.20
2009.07.01 19:10:02.982,1.6477,1.64785,1.20,7.20
2009.07.01 19:10:03.332,1.64765,1.6478,1.20,4.00
2009.07.01 19:10:04.981,1.6477,1.64785,2.20,8.00
2009.07.01 19:10:05.301,1.6477,1.6479,7.40,2.60
2009.07.01 19:10:05.652,1.6477,1.6479,7.40,2.80
2009.07.01 19:10:05.981,1.6477,1.6479,7.40,3.40
2009.07.01 19:10:08.640,1.6477,1.6479,7.40,3.60
2009.07.01 19:10:08.820,1.6477,1.6479,7.40,3.80
2009.07.01 19:10:10.060,1.6477,1.6479,9.00,3.80
2009.07.01 19:10:10.170,1.6477,1.6479,9.00,4.00
2009.07.01 19:10:10.330,1.64775,1.6479,3.40,3.40
2009.07.01 19:10:10.380,1.64775,1.6479,3.40,3.00
2009.07.01 19:10:10.680,1.64775,1.6479,3.40,2.80
2009.07.01 19:10:11.210,1.64775,1.6479,3.40,4.00
2009.07.01 19:10:11.490,1.64775,1.6479,3.40,4.20
2009.07.01 19:10:11.890,1.64775,1.6479,3.40,4.60
2009.07.01 19:10:12.639,1.64775,1.6479,3.40,4.80
2009.07.01 19:10:13.089,1.64775,1.6479,3.40,4.80
2009.07.01 19:10:13.259,1.64775,1.6479,3.40,4.20
2009.07.01 19:10:14.359,1.64775,1.6479,3.40,4.00
2009.07.01 19:10:14.469,1.64775,1.6479,3.40,4.00
2009.07.01 19:10:14.909,1.64775,1.6479,3.40,4.20
2009.07.01 19:10:15.149,1.64775,1.6479,3.40,4.00
2009.07.01 19:10:15.729,1.64775,1.6478,3.40,1.20
2009.07.01 19:10:16.379,1.64775,1.6478,3.40,1.00
2009.07.01 19:10:16.608,1.64775,1.6479,3.40,4.00
2009.07.01 19:10:17.309,1.64775,1.6479,3.40,3.20
2009.07.01 19:10:17.598,1.64775,1.6479,3.40,3.00
2009.07.01 19:10:17.988,1.64775,1.6479,3.40,3.20
2009.07.01 19:10:22.497,1.64775,1.6479,3.40,3.20
2009.07.01 19:10:22.617,1.64775,1.6479,3.40,3.00
2009.07.01 19:10:22.677,1.64775,1.6479,3.40,2.60
2009.07.01 19:10:23.127,1.64775,1.6479,3.40,2.40
2009.07.01 19:10:23.417,1.6478,1.6479,2.20,2.40
2009.07.01 19:10:23.697,1.6478,1.6479,3.40,2.40
2009.07.01 19:10:24.147,1.6478,1.6479,3.40,3.00
2009.07.01 19:10:24.617,1.6478,1.6479,3.40,2.40
2009.07.01 19:10:25.926,1.6478,1.6479,7.40,2.40
2009.07.01 19:10:30.475,1.6478,1.6479,4.00,7.40
2009.07.01 19:10:30.825,1.6478,1.6479,4.00,7.60
2009.07.01 19:10:31.515,1.6478,1.6479,4.00,7.00
2009.07.01 19:10:31.745,1.6478,1.6479,4.00,7.20
2009.07.01 19:10:32.385,1.64775,1.6478,8.80,1.00
2009.07.01 19:10:32.555,1.64775,1.6478,8.80,1.20
2009.07.01 19:10:33.124,1.64785,1.6479,1.20,2.40
2009.07.01 19:10:33.285,1.64775,1.6478,14.10,1.00
2009.07.01 19:10:33.684,1.64775,1.6478,16.30,1.00
2009.07.01 19:10:33.864,1.64775,1.6478,17.90,1.80
2009.07.01 19:10:37.173,1.64775,1.6478,6.40,1.00
2009.07.01 19:10:37.343,1.6477,1.6478,19.00,1.20
2009.07.01 19:10:37.453,1.6477,1.6478,19.00,1.40
2009.07.01 19:10:37.633,1.6477,1.6478,17.40,1.60
2009.07.01 19:10:37.913,1.6477,1.6478,11.80,2.40
2009.07.01 19:10:38.323,1.6477,1.6478,5.80,2.40
2009.07.01 19:10:41.893,1.6477,1.6478,5.80,2.40
2009.07.01 19:10:43.272,1.6477,1.6478,5.80,1.20
2009.07.01 19:10:43.442,1.64765,1.6478,13.60,1.60
2009.07.01 19:10:43.552,1.64755,1.6476,12.00,4.00
2009.07.01 19:10:43.772,1.6476,1.6477,5.00,3.20
2009.07.01 19:10:43.882,1.64755,1.6476,20.00,1.60
2009.07.01 19:10:44.242,1.64765,1.6477,2.80,6.30
2009.07.01 19:10:44.762,1.64755,1.6476,8.60,5.40
2009.07.01 19:10:45.342,1.64755,1.6476,3.20,6.00
2009.07.01 19:10:45.842,1.64745,1.6475,12.60,3.20
2009.07.01 19:10:46.412,1.6474,1.64745,2.20,1.00
2009.07.01 19:10:46.641,1.6474,1.64755,2.20,1.00
2009.07.01 19:10:46.981,1.64745,1.6476,1.20,6.20
2009.07.01 19:10:47.331,1.64745,1.6476,1.20,5.60
2009.07.01 19:10:51.780,1.64755,1.6476,2.60,4.00
2009.07.01 19:10:52.170,1.64755,1.6476,5.80,4.00
2009.07.01 19:10:52.230,1.64755,1.6476,8.60,4.00
2009.07.01 19:10:56.009,1.64755,1.6476,8.60,3.40
2009.07.01 19:10:56.179,1.64755,1.6476,3.40,3.00
2009.07.01 19:10:56.789,1.64755,1.6476,7.30,2.20
2009.07.01 19:10:57.869,1.64755,1.6476,9.30,2.40
2009.07.01 19:11:00.388,1.64755,1.6476,7.10,2.60
2009.07.01 19:11:00.628,1.64755,1.6476,3.50,1.00
2009.07.01 19:11:00.868,1.64755,1.6476,2.30,2.40
2009.07.01 19:11:01.548,1.64755,1.6476,3.50,1.60
2009.07.01 19:11:01.718,1.64755,1.6476,3.50,1.00
2009.07.01 19:11:01.838,1.6476,1.6477,1.20,2.60
2009.07.01 19:11:02.508,1.6476,1.6477,3.20,2.60
2009.07.01 19:11:02.927,1.64765,1.6477,1.20,2.40
2009.07.01 19:11:03.337,1.64765,1.6477,1.20,2.60
2009.07.01 19:11:05.467,1.64765,1.6477,1.20,2.20
2009.07.01 19:11:05.577,1.64765,1.6477,1.20,4.80
2009.07.01 19:11:05.697,1.64765,1.6477,1.20,17.90
2009.07.01 19:11:05.927,1.64745,1.6475,8.40,4.40
2009.07.01 19:11:06.107,1.64735,1.6475,7.60,4.40
2009.07.01 19:11:06.267,1.64735,1.6475,6.00,6.60
2009.07.01 19:11:06.506,1.6473,1.6475,7.40,7.40
2009.07.01 19:11:06.907,1.6473,1.6475,7.40,9.60
2009.07.01 19:11:07.066,1.6473,1.6475,7.40,8.80
2009.07.01 19:11:07.706,1.6473,1.6475,7.40,9.00
2009.07.01 19:11:09.306,1.6473,1.6475,7.40,9.40
2009.07.01 19:11:09.656,1.6473,1.6475,7.40,9.00
2009.07.01 19:11:10.006,1.6473,1.6475,7.40,8.80
2009.07.01 19:11:12.035,1.64715,1.64735,12.20,13.60
2009.07.01 19:11:12.595,1.64715,1.64735,9.80,13.60
2009.07.01 19:11:12.765,1.6472,1.64735,2.20,13.60
2009.07.01 19:11:13.665,1.6472,1.64735,2.20,11.20
2009.07.01 19:11:16.334,1.64725,1.6474,2.20,1.20
2009.07.01 19:11:17.164,1.64725,1.6474,3.20,1.00
2009.07.01 19:11:17.404,1.64725,1.64745,3.20,2.40
2009.07.01 19:11:17.464,1.64725,1.64745,1.20,2.40
2009.07.01 19:11:17.524,1.64725,1.64745,3.20,2.40
2009.07.01 19:11:17.584,1.64725,1.64745,9.60,2.40
2009.07.01 19:11:17.704,1.64725,1.64745,9.60,2.00
2009.07.01 19:11:17.814,1.64725,1.64745,9.60,1.00
2009.07.01 19:11:17.984,1.64725,1.64745,13.60,1.00
2009.07.01 19:11:19.933,1.64725,1.6473,13.60,1.00
2009.07.01 19:11:20.223,1.64725,1.6473,11.40,2.40
2009.07.01 19:11:20.273,1.64725,1.6473,7.20,2.80
2009.07.01 19:11:20.673,1.6473,1.6474,5.00,3.40
2009.07.01 19:11:20.994,1.6473,1.6474,1.20,2.80
2009.07.01 19:11:21.503,1.6472,1.6473,4.00,1.60
2009.07.01 19:11:21.863,1.64725,1.6473,4.00,2.60
2009.07.01 19:11:22.203,1.64715,1.6473,1.20,2.80
2009.07.01 19:11:23.582,1.64715,1.6473,1.20,2.20
2009.07.01 19:11:24.622,1.64715,1.6473,1.20,4.00
2009.07.01 19:11:26.002,1.64715,1.6473,1.20,1.00
2009.07.01 19:11:26.232,1.64715,1.64735,1.20,9.20
2009.07.01 19:11:26.292,1.64715,1.64735,1.20,4.40
2009.07.01 19:11:30.471,1.64715,1.64735,1.20,1.00
2009.07.01 19:11:31.760,1.6472,1.6474,1.20,8.80
2009.07.01 19:11:32.170,1.6472,1.64735,1.20,4.00
2009.07.01 19:11:32.580,1.6473,1.64735,1.20,4.00
2009.07.01 19:11:32.980,1.6473,1.64745,1.20,6.40
2009.07.01 19:11:33.380,1.6473,1.64745,1.20,5.80
2009.07.01 19:11:34.341,1.6473,1.6474,1.20,1.20
2009.07.01 19:11:34.740,1.6473,1.6474,1.20,1.60
2009.07.01 19:11:35.209,1.6473,1.6474,1.80,1.00
2009.07.01 19:11:35.549,1.6473,1.6475,12.00,2.40
2009.07.01 19:11:35.899,1.64725,1.64745,15.00,6.80
2009.07.01 19:11:36.309,1.64725,1.64745,11.20,3.60
2009.07.01 19:11:36.410,1.6473,1.6475,1.80,6.80
2009.07.01 19:11:36.469,1.6473,1.6475,1.80,7.00
2009.07.01 19:11:36.689,1.6473,1.6475,1.80,7.20
2009.07.01 19:11:36.970,1.6473,1.6475,1.80,7.60
2009.07.01 19:11:37.269,1.6473,1.6475,1.80,11.20
2009.07.01 19:11:38.309,1.6473,1.6475,1.80,11.00
2009.07.01 19:11:38.749,1.6473,1.6475,1.80,10.60
2009.07.01 19:11:44.527,1.6473,1.6475,1.80,9.40
2009.07.01 19:11:44.867,1.6473,1.6475,1.80,8.40
2009.07.01 19:11:45.617,1.6473,1.6475,1.80,4.40
2009.07.01 19:11:45.847,1.6473,1.6475,2.40,4.40
2009.07.01 19:11:46.247,1.6473,1.6475,3.80,4.40
2009.07.01 19:11:47.187,1.6473,1.6475,3.60,4.40
2009.07.01 19:11:47.547,1.6473,1.6475,2.80,4.40
2009.07.01 19:11:47.897,1.6473,1.6475,3.40,4.40
2009.07.01 19:11:48.246,1.6473,1.6475,3.00,4.40
2009.07.01 19:11:48.417,1.6473,1.6475,3.80,4.40
2009.07.01 19:11:50.166,1.6473,1.6475,3.60,4.40
2009.07.01 19:11:50.456,1.6473,1.6475,3.40,4.40
2009.07.01 19:11:50.736,1.6473,1.6475,4.40,4.40
2009.07.01 19:11:51.026,1.6473,1.6475,10.40,4.40
2009.07.01 19:11:51.306,1.6473,1.6475,9.40,5.60
2009.07.01 19:11:59.454,1.6473,1.6475,9.40,5.80
2009.07.01 19:11:59.744,1.6473,1.6475,9.40,6.00
2009.07.01 19:12:02.053,1.6473,1.6475,9.40,4.40
2009.07.01 19:12:04.193,1.6473,1.6475,9.80,4.40
2009.07.01 19:12:04.252,1.6473,1.6475,10.20,4.40
2009.07.01 19:12:04.433,1.6473,1.6475,9.80,4.40
2009.07.01 19:12:04.492,1.6473,1.6475,9.40,4.40
2009.07.01 19:12:05.812,1.6473,1.6475,9.40,6.00
2009.07.01 19:12:06.342,1.6473,1.64735,6.40,6.00
2009.07.01 19:12:06.462,1.6472,1.64735,1.80,11.20
2009.07.01 19:12:07.102,1.6472,1.64735,1.60,11.20
2009.07.01 19:12:09.871,1.6472,1.64735,1.60,8.00
2009.07.01 19:12:14.130,1.6472,1.6474,9.60,2.40
2009.07.01 19:12:14.470,1.6472,1.6474,9.20,3.20
2009.07.01 19:12:14.820,1.6472,1.6474,8.60,4.60
2009.07.01 19:12:15.410,1.6472,1.6474,8.60,4.00
2009.07.01 19:12:15.520,1.6472,1.6474,8.60,3.60
2009.07.01 19:12:16.260,1.6472,1.64735,8.60,3.20
2009.07.01 19:12:16.620,1.64715,1.6473,7.60,1.20
2009.07.01 19:12:19.749,1.64715,1.6473,7.60,2.80
2009.07.01 19:12:19.919,1.64715,1.6473,7.60,3.20
2009.07.01 19:12:22.588,1.64715,1.6473,7.60,7.60
2009.07.01 19:12:22.858,1.64715,1.6473,6.00,7.60
2009.07.01 19:12:23.248,1.6471,1.6473,11.00,4.80
2009.07.01 19:12:23.878,1.6471,1.6473,8.60,5.60
2009.07.01 19:12:24.048,1.6471,1.6472,8.60,1.60
2009.07.01 19:12:24.398,1.647,1.64705,10.80,10.80
2009.07.01 19:12:24.568,1.6469,1.64705,1.00,5.60
2009.07.01 19:12:24.918,1.6469,1.64705,1.00,9.20
2009.07.01 19:12:25.038,1.64685,1.64705,1.20,1.00
2009.07.01 19:12:25.448,1.6468,1.647,8.80,1.00
2009.07.01 19:12:25.837,1.6468,1.647,13.60,1.00
2009.07.01 19:12:26.177,1.64685,1.647,3.00,1.00
2009.07.01 19:12:26.297,1.6469,1.6471,2.60,1.00
2009.07.01 19:12:26.407,1.6469,1.6471,1.20,1.00
2009.07.01 19:12:26.577,1.6469,1.6471,5.00,1.00
2009.07.01 19:12:30.157,1.64685,1.647,4.00,1.00
2009.07.01 19:12:30.337,1.6468,1.647,11.80,1.00
2009.07.01 19:12:30.626,1.6468,1.647,5.60,1.00
2009.07.01 19:12:30.916,1.6468,1.64695,4.00,1.00
2009.07.01 19:12:31.206,1.64675,1.6468,4.00,1.00
2009.07.01 19:12:31.666,1.6466,1.64665,1.20,4.00
2009.07.01 19:12:32.006,1.64665,1.6467,2.20,1.60
2009.07.01 19:12:32.356,1.6465,1.64655,1.00,3.60
2009.07.01 19:12:32.746,1.6465,1.64655,1.00,3.20
2009.07.01 19:12:32.916,1.64645,1.6466,1.00,1.00
2009.07.01 19:12:33.096,1.64645,1.64665,1.00,4.40
2009.07.01 19:12:33.256,1.64645,1.6466,1.00,4.00
2009.07.01 19:12:33.426,1.64645,1.6466,4.80,4.40
2009.07.01 19:12:33.546,1.64645,1.6466,7.80,4.00
2009.07.01 19:12:34.285,1.64645,1.6466,7.60,4.00
2009.07.01 19:12:34.505,1.6465,1.64665,1.00,8.00
2009.07.01 19:12:34.745,1.6465,1.64665,1.00,4.80
2009.07.01 19:12:34.855,1.6465,1.64665,1.00,4.40
2009.07.01 19:12:35.025,1.64645,1.64665,7.80,4.40
2009.07.01 19:12:35.255,1.6465,1.6467,1.60,5.00
2009.07.01 19:12:35.365,1.64665,1.6467,1.00,4.00
2009.07.01 19:12:35.475,1.64665,1.64675,1.00,1.00
2009.07.01 19:12:35.705,1.6466,1.6468,1.00,4.40
2009.07.01 19:12:36.115,1.64655,1.64675,1.00,1.00
2009.07.01 19:12:36.465,1.64665,1.64675,2.20,1.00
2009.07.01 19:12:36.925,1.64665,1.6468,2.40,4.00
2009.07.01 19:12:37.874,1.6466,1.64665,3.50,1.00
2009.07.01 19:12:38.094,1.64645,1.64655,1.00,3.40
2009.07.01 19:12:38.374,1.6465,1.64655,4.00,3.40
2009.07.01 19:12:38.604,1.6465,1.64665,2.20,4.20
2009.07.01 19:12:39.024,1.64665,1.6467,4.60,1.00
2009.07.01 19:12:39.134,1.64665,1.6468,4.60,6.40
2009.07.01 19:12:39.364,1.64665,1.64685,4.60,1.00
2009.07.01 19:12:39.824,1.64665,1.64685,2.20,1.00
2009.07.01 19:12:40.054,1.64665,1.64685,6.80,1.00
2009.07.01 19:12:40.354,1.64665,1.64685,10.00,1.00
2009.07.01 19:12:42.233,1.64665,1.64685,7.60,4.20
2009.07.01 19:12:42.353,1.6466,1.64675,7.80,1.00
2009.07.01 19:12:44.673,1.6466,1.64675,8.20,1.00
2009.07.01 19:12:44.733,1.6466,1.64675,8.80,1.00
2009.07.01 19:12:46.562,1.6466,1.64675,7.20,1.00
2009.07.01 19:12:46.782,1.6466,1.64675,6.60,1.00
2009.07.01 19:12:47.003,1.6466,1.6467,3.80,4.00
2009.07.01 19:12:47.062,1.6466,1.6467,3.80,1.00
2009.07.01 19:12:47.393,1.6466,1.6467,7.80,1.00
2009.07.01 19:12:47.672,1.6466,1.6468,8.20,1.00
2009.07.01 19:12:48.002,1.6466,1.6468,8.20,1.60
2009.07.01 19:12:48.522,1.64665,1.6468,2.20,1.60
2009.07.01 19:12:50.111,1.64665,1.6468,11.00,1.60
2009.07.01 19:12:50.341,1.64675,1.6468,4.00,1.60
2009.07.01 19:12:55.020,1.64665,1.6468,15.80,1.00
2009.07.01 19:12:55.190,1.64665,1.6468,4.00,1.00
2009.07.01 19:12:55.940,1.64665,1.6468,6.20,1.00
2009.07.01 19:12:56.560,1.64665,1.6468,4.00,1.00
2009.07.01 19:13:01.039,1.6465,1.6466,4.00,1.00
2009.07.01 19:13:01.319,1.6465,1.64655,4.00,2.40
2009.07.01 19:13:01.439,1.6465,1.64655,1.60,2.40
2009.07.01 19:13:01.499,1.6465,1.64655,2.60,2.40
2009.07.01 19:13:01.659,1.6465,1.64655,1.40,2.80
2009.07.01 19:13:01.879,1.6465,1.64655,1.00,8.80
2009.07.01 19:13:02.269,1.6464,1.64655,1.00,8.80
2009.07.01 19:13:02.778,1.6464,1.64655,3.00,8.80
2009.07.01 19:13:03.368,1.64635,1.64645,3.20,1.00
2009.07.01 19:13:03.788,1.6464,1.64645,1.60,1.00
2009.07.01 19:13:04.338,1.64635,1.64645,3.20,1.00
2009.07.01 19:13:04.568,1.6464,1.64655,1.60,1.80
2009.07.01 19:13:04.908,1.64645,1.64655,2.20,2.00
2009.07.01 19:13:05.028,1.6465,1.6467,1.20,1.20
2009.07.01 19:13:05.308,1.64655,1.6467,2.20,1.00
2009.07.01 19:13:05.988,1.6465,1.6467,3.20,1.00
2009.07.01 19:13:08.307,1.6465,1.6467,3.20,1.20
2009.07.01 19:13:08.427,1.6465,1.6467,3.20,1.60
2009.07.01 19:13:08.537,1.6465,1.6467,3.20,1.20
2009.07.01 19:13:08.647,1.6465,1.6467,3.20,1.00
2009.07.01 19:13:11.376,1.6465,1.6467,1.20,1.00
2009.07.01 19:13:11.606,1.6465,1.6467,1.20,1.00
2009.07.01 19:13:11.786,1.6465,1.6467,1.60,1.00
2009.07.01 19:13:11.897,1.6465,1.6467,5.00,1.00
2009.07.01 19:13:12.126,1.64655,1.64675,1.20,1.00
2009.07.01 19:13:16.085,1.6466,1.64675,2.20,1.00
2009.07.01 19:13:16.545,1.6466,1.64675,7.80,1.00
2009.07.01 19:13:16.786,1.64665,1.64685,5.00,15.20
2009.07.01 19:13:17.065,1.6467,1.64685,1.20,3.20
2009.07.01 19:13:17.355,1.64665,1.64685,10.20,7.60
2009.07.01 19:13:17.705,1.6467,1.64685,1.20,7.20
2009.07.01 19:13:17.875,1.6467,1.64685,1.20,8.00
2009.07.01 19:13:18.485,1.64675,1.6469,1.20,1.60
2009.07.01 19:13:18.785,1.64675,1.6469,1.20,1.20
2009.07.01 19:13:21.524,1.6468,1.6469,4.00,1.00
2009.07.01 19:13:21.794,1.6468,1.6469,7.40,1.00
2009.07.01 19:13:25.873,1.6468,1.647,3.40,3.00
2009.07.01 19:13:25.983,1.6468,1.6469,1.20,1.20
2009.07.01 19:13:26.203,1.6468,1.6469,1.20,1.80
2009.07.01 19:13:26.373,1.64675,1.6468,4.00,1.00
2009.07.01 19:13:26.543,1.6468,1.6469,5.40,1.60
2009.07.01 19:13:26.903,1.6468,1.6469,8.60,1.20
2009.07.01 19:13:27.242,1.6468,1.6469,8.60,1.80
2009.07.01 19:13:28.562,1.6468,1.6469,8.60,1.60
2009.07.01 19:13:32.091,1.64675,1.6469,8.60,2.20
2009.07.01 19:13:32.481,1.64675,1.6469,8.60,2.00
2009.07.01 19:13:32.661,1.64675,1.6469,8.60,2.60
2009.07.01 19:13:34.951,1.64675,1.6469,8.60,3.20
2009.07.01 19:13:35.471,1.64675,1.6469,8.60,4.20
2009.07.01 19:13:35.811,1.64675,1.6469,8.60,4.00
2009.07.01 19:13:36.041,1.64675,1.6469,8.60,3.00
2009.07.01 19:13:36.330,1.64675,1.6469,7.00,3.60
2009.07.01 19:13:36.730,1.64675,1.6469,3.80,3.60
2009.07.01 19:13:37.010,1.6467,1.6468,12.60,1.00
2009.07.01 19:13:37.350,1.6467,1.6469,5.00,4.00
2009.07.01 19:13:37.620,1.64675,1.6469,1.20,3.60
2009.07.01 19:13:46.178,1.64675,1.6469,5.00,3.60
2009.07.01 19:13:47.038,1.64675,1.6469,1.20,3.60
2009.07.01 19:13:47.438,1.64675,1.6468,3.80,1.20
2009.07.01 19:13:47.838,1.64675,1.6469,1.20,4.00
2009.07.01 19:13:48.188,1.64675,1.64695,1.20,1.00
2009.07.01 19:13:48.418,1.6467,1.6469,14.20,1.00
2009.07.01 19:13:48.587,1.6467,1.6469,12.60,1.00
2009.07.01 19:13:49.347,1.6467,1.6469,12.60,2.00
2009.07.01 19:13:49.527,1.6467,1.6469,12.60,2.20
2009.07.01 19:13:49.637,1.6467,1.6469,12.60,2.40
2009.07.01 19:13:49.987,1.6467,1.6469,12.60,2.20
2009.07.01 19:13:54.146,1.64675,1.6469,3.40,2.40
2009.07.01 19:14:00.005,1.64675,1.6469,3.40,1.60
2009.07.01 19:14:00.175,1.64675,1.64695,3.40,1.00
2009.07.01 19:14:01.404,1.64675,1.6469,3.40,1.20
2009.07.01 19:14:01.704,1.64675,1.6469,3.40,1.80
2009.07.01 19:14:04.254,1.64675,1.6469,1.20,2.80
2009.07.01 19:14:04.723,1.64675,1.6469,1.20,3.00
2009.07.01 19:14:04.904,1.64675,1.6469,1.20,2.40
2009.07.01 19:14:05.723,1.64675,1.6469,8.60,2.40
2009.07.01 19:14:07.483,1.64675,1.6469,8.60,3.00
2009.07.01 19:14:07.713,1.64675,1.6469,8.60,2.80
2009.07.01 19:14:13.772,1.64675,1.6469,8.60,2.00
2009.07.01 19:14:13.891,1.64675,1.6469,8.60,1.20
2009.07.01 19:14:15.121,1.6468,1.6469,1.60,1.20
2009.07.01 19:14:15.221,1.6468,1.6469,4.40,1.20
2009.07.01 19:14:15.391,1.6468,1.6469,7.60,1.20
2009.07.01 19:14:17.630,1.6468,1.6469,7.60,1.00
2009.07.01 19:14:17.690,1.6468,1.64695,7.60,1.00
2009.07.01 19:14:18.560,1.6468,1.64695,4.00,1.00
2009.07.01 19:14:19.410,1.6468,1.6469,4.00,1.60
2009.07.01 19:14:19.810,1.6468,1.6469,7.60,1.60
2009.07.01 19:14:21.359,1.6468,1.6469,2.20,1.60
2009.07.01 19:14:21.530,1.6468,1.6469,2.20,4.00
2009.07.01 19:14:22.039,1.6468,1.6469,3.40,4.00
2009.07.01 19:14:22.269,1.6468,1.64695,3.40,6.40
2009.07.01 19:14:25.029,1.6468,1.6469,3.40,2.80
2009.07.01 19:14:25.728,1.6468,1.6469,3.40,2.60
2009.07.01 19:14:26.029,1.6468,1.6469,3.40,2.80
2009.07.01 19:14:26.208,1.6468,1.6469,3.40,3.00
2009.07.01 19:14:31.017,1.6468,1.6469,2.80,3.20
2009.07.01 19:14:31.477,1.64675,1.6469,1.20,2.80
2009.07.01 19:14:34.426,1.6468,1.6469,4.00,2.80
2009.07.01 19:14:42.144,1.6468,1.6469,4.00,2.40
2009.07.01 19:14:42.377,1.6468,1.6469,4.00,5.20
2009.07.01 19:14:42.704,1.6468,1.6469,4.00,3.20
2009.07.01 19:14:42.874,1.64675,1.6469,5.00,6.80
2009.07.01 19:14:43.094,1.64675,1.6469,5.00,7.20
2009.07.01 19:14:43.204,1.64675,1.6469,5.00,8.80
2009.07.01 19:14:43.484,1.64675,1.6468,1.20,1.20
2009.07.01 19:14:44.004,1.6467,1.6469,1.20,8.80
2009.07.01 19:14:44.304,1.6467,1.6468,1.20,1.20
2009.07.01 19:14:45.724,1.6467,1.6469,1.20,8.80
2009.07.01 19:14:46.253,1.6467,1.6469,1.20,7.40
2009.07.01 19:14:46.763,1.6467,1.6469,5.00,7.40
2009.07.01 19:14:47.103,1.6467,1.6469,5.00,8.00
2009.07.01 19:14:52.122,1.64685,1.6469,1.60,8.00
2009.07.01 19:14:52.622,1.6469,1.64695,1.20,4.90
2009.07.01 19:14:52.732,1.64675,1.6468,7.70,1.20
2009.07.01 19:14:52.852,1.64675,1.6468,6.00,1.20
2009.07.01 19:14:52.912,1.64675,1.6468,3.20,1.20
2009.07.01 19:14:53.202,1.6467,1.6468,2.20,1.40
2009.07.01 19:14:53.312,1.64675,1.6468,4.00,1.20
2009.07.01 19:14:53.662,1.6467,1.6468,4.00,1.20
2009.07.01 19:14:56.641,1.6467,1.6468,4.00,1.00
2009.07.01 19:14:56.881,1.6467,1.6468,4.00,2.00
2009.07.01 19:14:57.061,1.64675,1.6468,5.00,1.80
2009.07.01 19:14:57.231,1.64675,1.6469,5.00,3.60
2009.07.01 19:14:57.511,1.64675,1.6469,5.00,3.40
2009.07.01 19:14:57.631,1.64675,1.6469,5.00,3.20
2009.07.01 19:15:01.969,1.64675,1.6469,5.00,2.80
2009.07.01 19:15:02.779,1.64675,1.6469,5.00,2.60
2009.07.01 19:15:03.179,1.64675,1.6469,5.00,3.20
2009.07.01 19:15:07.128,1.64675,1.6469,5.00,3.00
2009.07.01 19:15:11.237,1.64675,1.6469,5.00,3.20
2009.07.01 19:15:11.357,1.64675,1.6469,1.20,3.20
2009.07.01 19:15:11.737,1.64675,1.6469,1.20,3.20
2009.07.01 19:15:11.917,1.64675,1.6469,1.20,3.00
2009.07.01 19:15:17.176,1.64675,1.6469,1.20,3.20
2009.07.01 19:15:20.035,1.64675,1.6469,1.20,3.00
2009.07.01 19:15:26.074,1.64675,1.6469,5.00,2.60
2009.07.01 19:15:26.584,1.64675,1.64695,5.00,1.00
2009.07.01 19:15:26.874,1.64675,1.64695,7.40,1.00
2009.07.01 19:15:27.474,1.64685,1.64695,2.20,1.00
2009.07.01 19:15:27.813,1.64685,1.64695,6.20,1.00
2009.07.01 19:15:29.363,1.64685,1.647,6.20,1.00
2009.07.01 19:15:29.533,1.64685,1.647,6.20,1.00
2009.07.01 19:15:29.753,1.6469,1.647,4.00,1.00
2009.07.01 19:15:35.811,1.64695,1.6471,4.80,2.40
2009.07.01 19:15:36.271,1.647,1.6471,1.80,2.80
2009.07.01 19:15:36.631,1.647,1.64715,3.20,8.20
2009.07.01 19:15:36.921,1.647,1.64715,3.20,4.00
2009.07.01 19:15:41.850,1.647,1.6471,3.20,2.40
2009.07.01 19:15:42.140,1.647,1.6471,3.20,2.80
2009.07.01 19:15:42.590,1.647,1.6471,3.20,3.00
2009.07.01 19:15:42.700,1.647,1.6471,3.20,2.60
2009.07.01 19:15:44.659,1.647,1.6471,3.20,2.80
2009.07.01 19:15:44.829,1.647,1.6471,3.20,3.00
2009.07.01 19:15:45.819,1.647,1.6471,3.20,2.80
2009.07.01 19:15:46.049,1.647,1.6471,3.20,2.60
2009.07.01 19:15:46.219,1.647,1.6471,3.20,2.40
2009.07.01 19:15:46.609,1.647,1.6471,3.20,1.60
2009.07.01 19:15:47.138,1.647,1.6471,3.20,1.40
2009.07.01 19:15:47.299,1.647,1.6471,3.20,1.20
2009.07.01 19:15:47.878,1.647,1.6471,3.20,1.40
2009.07.01 19:15:48.109,1.647,1.6471,3.20,1.60
2009.07.01 19:15:48.688,1.647,1.6471,3.20,1.40
2009.07.01 19:15:49.088,1.647,1.6471,3.20,2.20
2009.07.01 19:15:49.678,1.647,1.6471,3.20,1.00
2009.07.01 19:15:49.908,1.647,1.64715,3.20,8.20
2009.07.01 19:15:50.198,1.647,1.64715,7.20,8.20
2009.07.01 19:15:50.898,1.6471,1.6472,2.20,1.20
2009.07.01 19:15:51.658,1.6471,1.6472,2.20,2.20
2009.07.01 19:15:51.937,1.6471,1.6472,2.20,3.00
2009.07.01 19:15:52.328,1.6471,1.6472,2.20,2.80
2009.07.01 19:15:53.077,1.6471,1.6472,6.20,2.80
2009.07.01 19:15:53.777,1.64715,1.64725,4.00,6.40
2009.07.01 19:15:53.937,1.6471,1.64715,6.00,4.80
2009.07.01 19:15:54.217,1.6471,1.64715,6.00,5.00
2009.07.01 19:15:54.327,1.64705,1.64715,4.00,8.20
2009.07.01 19:15:58.726,1.64715,1.64725,1.00,4.00
2009.07.01 19:15:58.886,1.64715,1.64725,1.00,4.60
2009.07.01 19:16:03.255,1.64715,1.6472,1.00,7.20
2009.07.01 19:16:10.043,1.6471,1.64715,4.00,1.00
2009.07.01 19:16:10.393,1.6471,1.6472,4.00,1.00
2009.07.01 19:16:16.942,1.64725,1.6473,4.00,1.00
2009.07.01 19:16:17.741,1.64725,1.64735,4.00,1.00
2009.07.01 19:16:18.981,1.64735,1.6474,1.20,1.60
2009.07.01 19:16:19.041,1.64735,1.64745,5.00,1.00
2009.07.01 19:16:19.331,1.6474,1.6476,1.20,7.20
2009.07.01 19:16:19.611,1.6473,1.64745,4.00,1.00
2009.07.01 19:16:19.901,1.64735,1.64745,2.80,1.00
2009.07.01 19:16:19.951,1.64735,1.64745,7.20,1.00
2009.07.01 19:16:20.461,1.6474,1.64745,4.00,1.00
2009.07.01 19:16:23.030,1.64735,1.64745,4.00,1.00
2009.07.01 19:16:28.968,1.6474,1.64755,2.20,1.00
2009.07.01 19:16:30.058,1.64735,1.6475,2.20,2.00
2009.07.01 19:16:30.398,1.64735,1.6475,2.20,2.40
2009.07.01 19:16:31.378,1.64735,1.6475,2.20,3.00
2009.07.01 19:16:31.658,1.6473,1.64745,6.20,1.00
2009.07.01 19:16:31.888,1.6473,1.64745,2.20,1.00
2009.07.01 19:16:32.428,1.64735,1.64745,3.80,1.00
2009.07.01 19:16:32.708,1.6474,1.64755,1.20,5.40
2009.07.01 19:16:33.008,1.6474,1.64755,1.20,5.20
2009.07.01 19:16:33.228,1.6474,1.64755,1.20,5.40
2009.07.01 19:16:33.347,1.6474,1.64755,1.20,5.60
2009.07.01 19:16:33.638,1.6474,1.64755,1.20,5.80
2009.07.01 19:16:33.927,1.6474,1.64755,1.20,6.20
2009.07.01 19:16:34.837,1.6474,1.64755,1.20,5.80
2009.07.01 19:16:35.967,1.6474,1.64755,1.20,6.00
2009.07.01 19:16:36.317,1.6474,1.64755,1.20,6.20
2009.07.01 19:16:36.667,1.6474,1.64755,1.20,6.40
2009.07.01 19:16:36.897,1.6474,1.64755,1.20,6.80
2009.07.01 19:16:37.297,1.64735,1.6474,2.40,1.60
2009.07.01 19:16:40.146,1.64735,1.6474,2.40,1.80
2009.07.01 19:16:40.726,1.64735,1.6474,2.40,2.20
2009.07.01 19:16:41.796,1.6473,1.6474,3.10,2.40
2009.07.01 19:16:42.155,1.6473,1.6474,2.20,2.40
2009.07.01 19:16:42.496,1.64725,1.6474,1.20,2.40
2009.07.01 19:16:42.965,1.64725,1.6474,1.20,3.00
2009.07.01 19:16:43.425,1.64725,1.6474,1.20,2.40
2009.07.01 19:16:49.854,1.64725,1.6474,1.20,2.60
2009.07.01 19:16:50.033,1.64725,1.6474,1.20,3.00
2009.07.01 19:16:50.304,1.64725,1.6473,1.20,2.80
2009.07.01 19:16:51.053,1.64725,1.6473,1.20,1.80
2009.07.01 19:16:54.653,1.6471,1.6472,7.30,1.60
2009.07.01 19:16:54.933,1.6471,1.6472,2.20,1.80
2009.07.01 19:16:55.342,1.64705,1.6471,7.10,1.00
2009.07.01 19:17:00.281,1.64725,1.64745,5.80,5.60
2009.07.01 19:17:00.631,1.6472,1.6474,4.00,2.00
2009.07.01 19:17:00.851,1.6472,1.6475,6.20,4.60
2009.07.01 19:17:01.141,1.6472,1.64745,2.20,6.80
2009.07.01 19:17:01.531,1.64715,1.64725,2.20,1.00
2009.07.01 19:17:01.941,1.6471,1.6472,8.60,1.00
2009.07.01 19:17:02.300,1.6473,1.6476,3.40,10.00
2009.07.01 19:17:02.740,1.6473,1.64755,3.40,1.00
2009.07.01 19:17:02.910,1.6473,1.6476,3.40,11.20
2009.07.01 19:17:03.190,1.6473,1.6476,3.40,7.20
2009.07.01 19:17:03.820,1.6473,1.6475,3.40,6.40
2009.07.01 19:17:04.050,1.6473,1.6475,3.40,3.60
2009.07.01 19:17:04.460,1.6473,1.6475,12.40,3.60
2009.07.01 19:17:04.800,1.64735,1.64755,1.20,1.00
2009.07.01 19:17:05.100,1.64735,1.64755,4.20,1.00
2009.07.01 19:17:05.890,1.64735,1.64755,2.60,1.00
2009.07.01 19:17:06.300,1.64735,1.64755,1.20,1.00
2009.07.01 19:17:10.159,1.64735,1.6475,1.20,2.80
2009.07.01 19:17:11.558,1.64745,1.6475,5.00,2.80
2009.07.01 19:17:11.968,1.64745,1.64755,19.60,1.00
2009.07.01 19:17:12.368,1.64745,1.64765,22.80,6.00
2009.07.01 19:17:12.878,1.64755,1.64765,2.20,6.00
2009.07.01 19:17:13.048,1.6476,1.64765,3.40,3.70
2009.07.01 19:17:13.438,1.6476,1.64765,5.00,3.20
2009.07.01 19:17:13.678,1.6476,1.6477,6.60,2.80
2009.07.01 19:17:13.858,1.6476,1.6477,6.60,2.60
2009.07.01 19:17:15.328,1.6476,1.6477,5.00,2.60
2009.07.01 19:17:16.257,1.6476,1.6477,5.00,2.40
2009.07.01 19:17:16.767,1.6476,1.64775,2.60,4.00
2009.07.01 19:17:17.107,1.6477,1.6478,1.20,4.00
2009.07.01 19:17:17.467,1.64765,1.6478,1.20,4.00
2009.07.01 19:17:17.747,1.64765,1.6477,1.20,1.20
2009.07.01 19:17:21.026,1.64765,1.6477,1.20,1.60
2009.07.01 19:17:21.366,1.6476,1.6477,1.20,1.60
2009.07.01 19:17:21.536,1.6476,1.6477,1.20,1.80
2009.07.01 19:17:22.416,1.6476,1.64775,1.20,6.40
2009.07.01 19:17:23.415,1.6476,1.64775,1.20,6.40
2009.07.01 19:17:23.695,1.6476,1.64775,1.20,6.60
2009.07.01 19:17:24.035,1.64765,1.64775,1.20,6.60
2009.07.01 19:17:24.435,1.64765,1.64775,1.20,6.00
2009.07.01 19:17:24.605,1.6476,1.64775,1.20,6.60
2009.07.01 19:17:24.985,1.6476,1.64775,1.20,6.80
2009.07.01 19:17:25.575,1.64765,1.6477,1.20,2.80
2009.07.01 19:17:25.865,1.64765,1.6477,1.20,1.00
2009.07.01 19:17:26.275,1.64765,1.6477,1.20,1.20
2009.07.01 19:17:28.094,1.64765,1.64775,1.20,5.20
2009.07.01 19:17:28.154,1.6476,1.6477,1.60,7.20
2009.07.01 19:17:28.264,1.6475,1.6477,11.00,7.20
2009.07.01 19:17:28.614,1.6475,1.6477,11.00,6.60
2009.07.01 19:17:28.674,1.6475,1.6477,11.00,6.80
2009.07.01 19:17:33.713,1.6475,1.6477,11.00,7.40
2009.07.01 19:17:33.893,1.6475,1.6476,11.00,1.00
2009.07.01 19:17:33.953,1.6475,1.6476,11.00,1.60
2009.07.01 19:17:37.102,1.6475,1.6477,11.00,7.20
2009.07.01 19:17:41.951,1.6475,1.6477,9.40,7.20
2009.07.01 19:17:46.830,1.64765,1.6477,1.20,1.60
2009.07.01 19:17:47.130,1.6477,1.64785,1.20,8.20
2009.07.01 19:17:47.640,1.6477,1.64785,1.20,8.00
2009.07.01 19:17:47.860,1.6477,1.64785,1.20,7.60
2009.07.01 19:17:48.949,1.64775,1.64785,1.20,7.60
2009.07.01 19:17:49.059,1.64775,1.6478,1.20,3.40
2009.07.01 19:17:49.219,1.64775,1.6478,1.20,3.20
2009.07.01 19:17:51.169,1.64775,1.6478,1.20,3.00
2009.07.01 19:17:53.408,1.64775,1.6478,3.40,3.00
2009.07.01 19:17:53.468,1.64775,1.6478,2.20,3.00
2009.07.01 19:17:53.638,1.64775,1.6478,2.20,3.20
2009.07.01 19:17:53.868,1.64775,1.6478,2.20,3.00
2009.07.01 19:17:53.928,1.64775,1.6478,2.20,2.40
2009.07.01 19:17:55.318,1.64775,1.6478,2.20,3.00
2009.07.01 19:17:55.438,1.64775,1.6478,2.20,2.80
2009.07.01 19:17:55.968,1.64775,1.6478,2.20,2.40
2009.07.01 19:17:56.087,1.64775,1.6478,2.20,2.20
2009.07.01 19:17:56.878,1.64775,1.6478,2.20,2.40
2009.07.01 19:17:57.057,1.64775,1.6478,2.20,2.80
2009.07.01 19:18:00.197,1.6477,1.6478,1.20,2.60
2009.07.01 19:18:00.906,1.6477,1.6478,1.20,3.20
2009.07.01 19:18:01.076,1.6477,1.6478,1.20,2.40
2009.07.01 19:18:01.316,1.6477,1.6478,1.20,2.80
2009.07.01 19:18:03.886,1.6477,1.6478,1.20,3.00
2009.07.01 19:18:04.006,1.6477,1.6478,1.20,2.40
2009.07.01 19:18:05.096,1.6477,1.6478,5.00,2.40
2009.07.01 19:18:05.205,1.64775,1.6478,2.20,2.40
2009.07.01 19:18:05.495,1.64775,1.6478,2.20,1.80
2009.07.01 19:18:06.175,1.64775,1.6478,2.20,1.60
2009.07.01 19:18:07.105,1.64775,1.6478,2.20,1.00
2009.07.01 19:18:07.215,1.64775,1.6479,2.20,2.40
2009.07.01 19:18:07.555,1.64775,1.6479,2.20,2.00
2009.07.01 19:18:07.885,1.6478,1.6479,2.20,1.00
2009.07.01 19:18:08.165,1.6478,1.6479,2.20,2.20
2009.07.01 19:18:09.444,1.6478,1.6479,2.20,1.80
2009.07.01 19:18:12.694,1.64775,1.64795,10.00,1.00
2009.07.01 19:18:12.973,1.6478,1.6479,7.60,1.00
2009.07.01 19:18:13.253,1.6478,1.6479,7.60,1.60
2009.07.01 19:18:13.763,1.6478,1.6479,6.00,1.60
2009.07.01 19:18:13.993,1.6478,1.64795,3.20,1.00
2009.07.01 19:18:14.293,1.64775,1.64795,8.60,1.00
2009.07.01 19:18:14.803,1.6478,1.64795,4.00,1.00
2009.07.01 19:18:17.003,1.6478,1.64795,1.60,1.00
2009.07.01 19:18:17.113,1.6478,1.64795,7.60,1.00
2009.07.01 19:18:18.412,1.6478,1.6479,7.60,1.60
2009.07.01 19:18:18.592,1.6478,1.6479,7.60,1.80
2009.07.01 19:18:18.712,1.6478,1.6479,7.60,1.60
2009.07.01 19:18:18.932,1.6478,1.6479,7.60,1.60
2009.07.01 19:18:19.572,1.6478,1.6479,9.20,1.60
2009.07.01 19:18:19.992,1.6478,1.6479,9.20,1.80
2009.07.01 19:18:23.621,1.64775,1.6479,5.60,1.00
2009.07.01 19:18:23.671,1.64775,1.6479,7.20,1.00
2009.07.01 19:18:23.731,1.64775,1.6479,8.80,1.00
2009.07.01 19:18:25.161,1.64775,1.6479,7.20,1.00
2009.07.01 19:18:25.400,1.64775,1.6479,2.20,1.00
2009.07.01 19:18:31.309,1.64785,1.648,6.60,3.20
2009.07.01 19:18:38.287,1.64785,1.648,3.40,3.40
2009.07.01 19:18:38.467,1.64785,1.648,3.40,1.60
2009.07.01 19:18:38.867,1.64785,1.648,5.60,2.00
2009.07.01 19:18:39.197,1.64785,1.648,5.60,1.80
2009.07.01 19:18:39.247,1.64785,1.648,5.60,1.60
2009.07.01 19:18:39.307,1.6479,1.648,4.00,1.60
2009.07.01 19:18:41.546,1.6479,1.648,4.00,2.00
2009.07.01 19:18:42.306,1.6479,1.648,4.00,2.60
2009.07.01 19:18:42.467,1.6479,1.648,4.00,3.00
2009.07.01 19:18:42.816,1.6479,1.64795,4.00,1.00
2009.07.01 19:18:43.226,1.6479,1.64795,7.60,1.00
2009.07.01 19:18:44.836,1.6479,1.64795,4.00,1.00
2009.07.01 19:18:45.906,1.6479,1.64795,7.60,1.00
2009.07.01 19:18:48.495,1.64785,1.64795,4.00,1.00
2009.07.01 19:18:52.814,1.64785,1.64795,8.60,1.00
2009.07.01 19:18:52.874,1.6479,1.648,4.00,2.00
2009.07.01 19:18:53.104,1.6479,1.648,4.00,2.40
2009.07.01 19:18:53.394,1.64785,1.6479,6.20,1.00
2009.07.01 19:18:53.674,1.6479,1.648,4.00,1.00
2009.07.01 19:18:53.914,1.64785,1.648,7.80,1.00
2009.07.01 19:18:55.313,1.64785,1.648,2.20,1.60
2009.07.01 19:18:57.823,1.64785,1.648,2.20,1.00
2009.07.01 19:18:57.983,1.64785,1.648,2.20,1.00
2009.07.01 19:19:10.210,1.6478,1.648,12.60,2.00
2009.07.01 19:19:10.320,1.6478,1.648,12.60,2.20
2009.07.01 19:19:10.440,1.6478,1.648,12.60,2.40
2009.07.01 19:19:10.739,1.6478,1.648,12.60,1.60
2009.07.01 19:19:10.850,1.6478,1.648,12.60,2.00
2009.07.01 19:19:21.717,1.64795,1.6481,18.00,1.60
2009.07.01 19:19:23.707,1.64795,1.6481,18.00,1.40
2009.07.01 19:19:23.816,1.64795,1.64815,18.00,17.60
2009.07.01 19:19:24.026,1.64795,1.64815,18.00,20.80
2009.07.01 19:19:24.147,1.64795,1.6481,14.20,2.40
2009.07.01 19:19:24.316,1.64795,1.648,3.20,1.00
2009.07.01 19:19:24.436,1.64785,1.648,4.00,1.00
2009.07.01 19:19:24.496,1.6478,1.648,8.40,2.80
2009.07.01 19:19:24.947,1.6478,1.648,8.40,3.20
2009.07.01 19:19:25.126,1.6478,1.648,8.40,3.40
2009.07.01 19:19:29.155,1.6478,1.648,8.40,3.60
2009.07.01 19:19:29.325,1.6478,1.648,8.40,3.80
2009.07.01 19:19:29.915,1.6478,1.648,8.40,3.60
2009.07.01 19:19:29.965,1.6478,1.648,8.40,3.40
2009.07.01 19:19:35.334,1.6478,1.648,8.40,3.20
2009.07.01 19:19:35.554,1.6478,1.648,8.40,3.20
2009.07.01 19:19:35.904,1.6478,1.648,8.40,3.60
2009.07.01 19:19:36.144,1.6478,1.6479,8.40,1.40
2009.07.01 19:19:36.544,1.6478,1.6479,6.80,2.40
2009.07.01 19:19:36.903,1.6478,1.6479,1.00,2.40
2009.07.01 19:19:37.193,1.64775,1.6479,12.60,2.40
2009.07.01 19:19:37.483,1.64775,1.6479,8.60,2.40
2009.07.01 19:19:38.223,1.64775,1.6479,8.60,2.80
2009.07.01 19:19:38.843,1.64775,1.64785,6.00,1.00
2009.07.01 19:19:39.243,1.64765,1.64785,8.60,1.00
2009.07.01 19:19:39.362,1.6477,1.6479,1.20,6.40
2009.07.01 19:19:39.693,1.6477,1.6479,1.20,7.40
2009.07.01 19:19:39.813,1.6477,1.6479,1.20,6.80
2009.07.01 19:19:40.212,1.6477,1.6479,1.20,7.00
2009.07.01 19:19:40.443,1.6477,1.6479,1.20,7.40
2009.07.01 19:19:40.683,1.64765,1.64785,8.60,1.00
2009.07.01 19:19:46.231,1.64765,1.64785,11.00,1.00
2009.07.01 19:19:46.751,1.64765,1.64785,7.00,1.00
2009.07.01 19:19:47.031,1.64765,1.64785,1.20,4.40
2009.07.01 19:19:49.051,1.64765,1.64785,2.60,1.00
2009.07.01 19:19:49.530,1.64765,1.64785,5.40,1.00
2009.07.01 19:19:49.580,1.64765,1.64785,8.60,1.00
2009.07.01 19:19:50.350,1.64765,1.64785,4.20,1.00
2009.07.01 19:19:50.630,1.64765,1.64785,1.20,4.40
2009.07.01 19:19:51.470,1.64765,1.6478,1.20,1.00
2009.07.01 19:19:51.820,1.64765,1.6478,1.20,3.00
2009.07.01 19:19:53.519,1.64765,1.6478,1.20,2.80
2009.07.01 19:19:53.579,1.64765,1.6478,1.20,2.60
2009.07.01 19:19:56.079,1.64765,1.6478,2.60,2.60
2009.07.01 19:19:56.369,1.64765,1.6478,8.60,2.60
2009.07.01 19:19:57.188,1.64765,1.6478,8.60,3.00
2009.07.01 19:20:00.428,1.64775,1.6478,1.60,2.60
2009.07.01 19:20:01.218,1.6478,1.64785,1.20,1.70
2009.07.01 19:20:01.627,1.6478,1.648,1.20,8.80
2009.07.01 19:20:01.927,1.6478,1.648,1.20,12.80
2009.07.01 19:20:02.387,1.6479,1.648,1.60,12.80
2009.07.01 19:20:02.797,1.64795,1.648,3.40,3.00
2009.07.01 19:20:03.257,1.64785,1.648,4.20,4.00
2009.07.01 19:20:03.667,1.64785,1.648,1.20,3.00
2009.07.01 19:20:04.007,1.64785,1.648,1.20,1.60
2009.07.01 19:20:04.186,1.64785,1.648,1.20,1.80
2009.07.01 19:20:05.186,1.64785,1.648,1.20,2.40
2009.07.01 19:20:05.826,1.64785,1.648,1.20,2.60
2009.07.01 19:20:07.536,1.64785,1.648,1.20,2.80
2009.07.01 19:20:09.775,1.64785,1.648,1.20,3.20
2009.07.01 19:20:09.986,1.6478,1.6479,7.40,1.00
2009.07.01 19:20:10.265,1.6478,1.6479,1.80,1.20
2009.07.01 19:20:10.655,1.6478,1.648,1.80,7.40
2009.07.01 19:20:19.913,1.6478,1.648,1.80,6.40
2009.07.01 19:20:20.143,1.6478,1.648,1.80,4.40
2009.07.01 19:20:21.363,1.6478,1.648,1.80,5.40
2009.07.01 19:20:21.482,1.6478,1.648,3.40,7.00
2009.07.01 19:20:21.725,1.6478,1.648,9.00,3.60
2009.07.01 19:20:22.112,1.64785,1.648,1.20,2.40
2009.07.01 19:20:22.762,1.64785,1.648,1.20,2.80
2009.07.01 19:20:24.692,1.64785,1.6479,1.20,1.60
2009.07.01 19:20:24.932,1.64785,1.6479,1.20,6.40
2009.07.01 19:20:25.163,1.6477,1.6478,4.90,4.40
2009.07.01 19:20:25.341,1.6476,1.6478,2.60,4.40
2009.07.01 19:20:25.572,1.6476,1.6478,2.20,6.00
2009.07.01 19:20:25.811,1.6476,1.6478,1.80,6.80
2009.07.01 19:20:26.521,1.6476,1.6478,4.20,6.00
2009.07.01 19:20:26.792,1.64775,1.6478,1.20,2.40
2009.07.01 19:20:26.851,1.64775,1.6478,1.20,2.80
2009.07.01 19:20:27.071,1.64775,1.6478,1.20,2.20
2009.07.01 19:20:28.981,1.6477,1.6478,4.00,2.20
2009.07.01 19:20:29.221,1.64765,1.64785,8.60,1.00
2009.07.01 19:20:30.480,1.64765,1.6478,8.60,1.80
2009.07.01 19:20:30.710,1.64765,1.6478,4.20,1.80
2009.07.01 19:20:30.820,1.6476,1.6478,12.60,3.40
2009.07.01 19:20:30.931,1.6476,1.64775,4.00,1.00
2009.07.01 19:20:31.270,1.6476,1.6477,4.00,1.00
2009.07.01 19:20:31.620,1.6477,1.6478,1.20,3.20
2009.07.01 19:20:31.980,1.6477,1.6478,1.20,1.60
2009.07.01 19:20:34.349,1.6477,1.6478,1.80,1.00
2009.07.01 19:20:34.469,1.6478,1.6479,1.00,1.00
2009.07.01 19:20:34.580,1.6478,1.64795,1.40,4.00
2009.07.01 19:20:34.749,1.6478,1.648,5.80,2.00
2009.07.01 19:20:34.909,1.6478,1.648,5.40,1.00
2009.07.01 19:20:35.089,1.6478,1.648,5.00,1.00
2009.07.01 19:20:35.589,1.64785,1.648,4.00,1.80
2009.07.01 19:20:35.819,1.64785,1.648,4.00,2.00
2009.07.01 19:20:35.999,1.64785,1.648,4.00,1.00
2009.07.01 19:20:39.158,1.64785,1.64795,4.00,1.00
2009.07.01 19:20:43.098,1.64775,1.64795,11.60,1.00
2009.07.01 19:20:44.547,1.6478,1.6479,1.80,1.00
2009.07.01 19:20:44.607,1.6478,1.6479,1.20,1.00
2009.07.01 19:20:44.777,1.6477,1.6479,10.60,1.00
2009.07.01 19:20:44.897,1.64775,1.6479,4.60,1.00
2009.07.01 19:20:45.007,1.64775,1.64795,5.60,1.00
2009.07.01 19:20:45.117,1.64775,1.64795,9.60,1.00
2009.07.01 19:20:45.537,1.64775,1.64795,10.00,1.00
2009.07.01 19:20:45.597,1.64775,1.64795,10.60,1.00
2009.07.01 19:20:46.646,1.6478,1.64795,1.40,1.00
2009.07.01 19:20:46.867,1.64775,1.6479,3.20,1.00
2009.07.01 19:20:47.258,1.6477,1.6479,9.00,1.00
2009.07.01 19:20:47.606,1.64775,1.64795,8.60,1.00
2009.07.01 19:21:04.162,1.6477,1.6479,9.00,1.00
2009.07.01 19:21:04.442,1.64775,1.6479,2.20,1.00
2009.07.01 19:21:04.612,1.64775,1.64795,3.40,1.00
2009.07.01 19:21:04.672,1.64775,1.64795,7.40,1.00
2009.07.01 19:21:13.800,1.64775,1.64795,8.00,1.00
2009.07.01 19:21:14.421,1.6478,1.648,1.20,1.00
2009.07.01 19:21:14.710,1.6478,1.648,1.20,1.00
2009.07.01 19:21:15.290,1.6478,1.648,5.00,1.00
2009.07.01 19:21:15.800,1.6478,1.648,5.20,1.00
2009.07.01 19:21:16.130,1.6478,1.648,5.60,1.00
2009.07.01 19:21:17.169,1.6478,1.648,5.40,1.00
2009.07.01 19:21:17.339,1.6478,1.648,2.20,1.00
2009.07.01 19:21:17.981,1.6478,1.648,2.60,1.60
2009.07.01 19:21:18.261,1.64775,1.64795,8.60,1.00
2009.07.01 19:21:26.058,1.6477,1.648,5.60,7.20
2009.07.01 19:21:26.457,1.6477,1.64775,1.00,3.20
2009.07.01 19:21:26.807,1.64765,1.6479,1.20,8.00
2009.07.01 19:21:27.107,1.64765,1.6479,4.60,1.00
2009.07.01 19:21:27.457,1.64765,1.64795,9.60,1.00
2009.07.01 19:21:28.926,1.64775,1.64795,1.20,4.40
2009.07.01 19:21:29.216,1.6477,1.6479,7.20,1.00
2009.07.01 19:21:30.417,1.6477,1.6479,7.20,2.60
2009.07.01 19:21:30.536,1.64755,1.64775,18.20,1.00
2009.07.01 19:21:30.716,1.64765,1.64775,3.20,1.00
2009.07.01 19:21:30.946,1.64755,1.64775,8.60,1.00
2009.07.01 19:21:44.083,1.6476,1.64775,1.00,1.00
2009.07.01 19:21:44.269,1.6476,1.64775,1.20,1.00
2009.07.01 19:21:44.555,1.6476,1.64775,1.00,1.00
2009.07.01 19:21:44.663,1.6476,1.64775,1.60,1.00
2009.07.01 19:21:45.003,1.64765,1.6478,1.20,3.20
2009.07.01 19:21:45.362,1.64755,1.64775,7.20,1.00
2009.07.01 19:21:45.422,1.64755,1.64775,8.60,1.00
2009.07.01 19:21:49.381,1.64755,1.64775,6.40,1.00
2009.07.01 19:21:49.491,1.64755,1.64775,10.40,1.00
2009.07.01 19:21:49.836,1.64765,1.6478,7.40,1.00
2009.07.01 19:21:50.121,1.6477,1.6478,5.00,1.00
2009.07.01 19:21:50.421,1.6477,1.6478,5.00,1.00
2009.07.01 19:21:50.661,1.6477,1.6478,5.00,1.00
2009.07.01 19:21:51.812,1.6477,1.6478,5.00,1.60
2009.07.01 19:21:52.282,1.6476,1.64775,6.00,1.00
2009.07.01 19:21:52.518,1.64755,1.64775,8.60,1.00
2009.07.01 19:22:14.335,1.64755,1.6477,8.60,1.00
2009.07.01 19:22:14.517,1.64755,1.6477,8.60,1.00
2009.07.01 19:22:15.755,1.64755,1.6477,8.60,1.00
2009.07.01 19:22:15.985,1.64755,1.64775,8.60,1.00
2009.07.01 19:22:16.045,1.64755,1.6477,8.60,1.00
2009.07.01 19:22:20.094,1.64765,1.6478,7.40,1.60
2009.07.01 19:22:20.605,1.64765,1.6478,7.40,1.40
2009.07.01 19:22:20.714,1.64765,1.6478,7.40,1.20
2009.07.01 19:22:20.994,1.6477,1.6478,2.60,1.40
2009.07.01 19:22:21.356,1.6477,1.64775,11.00,4.00
2009.07.01 19:22:21.694,1.64765,1.6477,4.80,3.20
2009.07.01 19:22:21.864,1.64755,1.6477,1.20,3.20
2009.07.01 19:22:23.253,1.64755,1.6477,1.20,7.20
2009.07.01 19:22:23.653,1.6475,1.64765,4.20,3.20
2009.07.01 19:22:23.714,1.6475,1.64765,1.20,3.20
2009.07.01 19:22:23.933,1.6475,1.64765,2.60,3.20
2009.07.01 19:22:24.043,1.6475,1.64765,6.60,3.20
2009.07.01 19:22:24.103,1.6476,1.64765,2.20,8.20
2009.07.01 19:22:24.333,1.64765,1.64775,1.20,6.40
2009.07.01 19:22:24.443,1.6476,1.6478,7.40,2.00
2009.07.01 19:22:24.773,1.6477,1.6478,1.60,1.60
2009.07.01 19:22:25.223,1.64765,1.6478,9.60,1.20
2009.07.01 19:22:26.522,1.64765,1.6478,9.60,1.20
2009.07.01 19:22:26.572,1.64765,1.6478,9.60,1.00
2009.07.01 19:22:26.912,1.64765,1.6478,9.60,1.00
2009.07.01 19:22:27.082,1.64765,1.6478,9.60,1.20
2009.07.01 19:22:27.562,1.6477,1.64775,1.20,1.60
2009.07.01 19:22:27.782,1.6476,1.64765,1.60,1.00
2009.07.01 19:22:28.002,1.6477,1.64775,2.20,3.40
2009.07.01 19:22:28.062,1.64775,1.6478,5.60,3.20
2009.07.01 19:22:28.122,1.64775,1.6478,5.60,3.40
2009.07.01 19:22:28.182,1.64775,1.6478,3.40,1.60
2009.07.01 19:22:28.472,1.64775,1.6478,7.40,1.60
2009.07.01 19:22:28.532,1.64775,1.6478,4.00,1.20
2009.07.01 19:22:28.592,1.6477,1.6478,9.60,1.20
2009.07.01 19:22:28.642,1.6477,1.6478,7.40,1.00
2009.07.01 19:22:28.822,1.6477,1.64785,6.20,1.00
2009.07.01 19:22:30.072,1.6477,1.6478,6.20,4.00
2009.07.01 19:22:30.348,1.64755,1.6477,5.40,1.00
2009.07.01 19:22:30.632,1.6475,1.6477,12.40,1.00
2009.07.01 19:22:30.862,1.6475,1.6477,9.60,1.00
2009.07.01 19:22:33.393,1.6475,1.6477,9.40,1.00
2009.07.01 19:22:33.791,1.6475,1.6477,9.80,1.00
2009.07.01 19:22:36.240,1.64775,1.6478,1.20,2.40
2009.07.01 19:22:36.530,1.6476,1.6478,9.40,6.00
2009.07.01 19:22:38.719,1.6476,1.6478,9.40,6.20
2009.07.01 19:22:39.010,1.6476,1.6478,9.40,6.40
2009.07.01 19:22:39.229,1.6476,1.6477,9.40,1.00
2009.07.01 19:22:39.279,1.6476,1.6477,9.40,1.00
2009.07.01 19:22:39.389,1.6476,1.6477,9.40,1.00
2009.07.01 19:22:39.629,1.6476,1.6477,9.40,1.20
2009.07.01 19:22:40.369,1.6476,1.64765,9.40,4.00
2009.07.01 19:22:40.649,1.64755,1.6476,4.00,1.80
2009.07.01 19:22:40.889,1.64755,1.6476,5.00,1.80
2009.07.01 19:22:41.239,1.64755,1.6477,1.20,1.00
2009.07.01 19:22:44.238,1.64755,1.64775,1.20,1.00
2009.07.01 19:22:44.289,1.64755,1.64775,2.60,1.00
2009.07.01 19:22:44.578,1.64755,1.64775,8.60,1.00
2009.07.01 19:22:45.218,1.64755,1.6477,8.60,1.00
2009.07.01 19:22:45.748,1.64755,1.6477,8.60,1.00
2009.07.01 19:22:46.038,1.64755,1.6477,8.60,1.20
2009.07.01 19:22:47.537,1.64755,1.6477,8.60,1.00
2009.07.01 19:22:47.707,1.64755,1.6477,8.60,1.00
2009.07.01 19:22:48.397,1.64755,1.64775,8.60,1.00
2009.07.01 19:22:49.447,1.64755,1.6477,8.60,1.00
2009.07.01 19:22:49.567,1.64755,1.6477,8.60,1.00
2009.07.01 19:22:50.836,1.64755,1.6477,8.60,1.00
2009.07.01 19:22:51.076,1.64755,1.64775,8.60,1.00
2009.07.01 19:22:51.466,1.6475,1.64765,5.00,1.00
2009.07.01 19:22:51.916,1.6475,1.6476,3.80,1.00
2009.07.01 19:22:52.686,1.6475,1.6476,3.80,1.00
2009.07.01 19:22:52.956,1.6475,1.6476,3.80,1.20
2009.07.01 19:22:54.066,1.6475,1.6476,5.00,1.20
2009.07.01 19:22:56.595,1.6475,1.6476,3.80,1.20
2009.07.01 19:22:57.225,1.6475,1.6476,3.80,1.60
2009.07.01 19:22:58.399,1.64755,1.64765,7.60,4.80
2009.07.01 19:22:58.745,1.64755,1.6476,7.60,1.00
2009.07.01 19:23:01.374,1.64755,1.6476,7.60,3.20
2009.07.01 19:23:01.595,1.64755,1.64765,7.60,2.00
2009.07.01 19:23:01.654,1.64755,1.64765,7.60,1.00
2009.07.01 19:23:03.653,1.64755,1.6476,7.60,1.00
2009.07.01 19:23:04.113,1.64755,1.64765,2.20,4.00
2009.07.01 19:23:04.233,1.64755,1.6477,7.60,3.60
2009.07.01 19:23:04.983,1.6475,1.6477,5.00,3.60
2009.07.01 19:23:09.682,1.64755,1.64775,3.40,1.00
2009.07.01 19:23:09.852,1.6476,1.64775,2.60,4.00
2009.07.01 19:23:10.082,1.6476,1.64775,8.60,4.00
2009.07.01 19:23:10.312,1.64765,1.64775,1.60,4.40
2009.07.01 19:23:10.492,1.64765,1.64775,7.60,4.40
2009.07.01 19:23:13.401,1.64765,1.64775,8.60,4.00
2009.07.01 19:23:13.521,1.64765,1.6478,8.60,3.40
2009.07.01 19:23:13.741,1.64765,1.64785,8.60,1.00
2009.07.01 19:23:16.621,1.64765,1.64785,4.20,1.00
2009.07.01 19:23:17.131,1.64765,1.64785,1.20,1.00
2009.07.01 19:23:18.260,1.6476,1.64775,4.00,1.00
2009.07.01 19:23:18.540,1.6476,1.64775,8.00,1.00
2009.07.01 19:23:18.780,1.6476,1.64775,7.60,1.00
2009.07.01 19:23:25.238,1.6475,1.6477,6.60,4.40
2009.07.01 19:23:25.518,1.64765,1.64775,2.20,1.00
2009.07.01 19:23:25.748,1.64765,1.6478,2.20,4.40
2009.07.01 19:23:27.668,1.6476,1.6478,2.60,4.40
2009.07.01 19:23:28.618,1.6476,1.6478,2.60,5.00
2009.07.01 19:23:28.737,1.6476,1.6478,8.60,5.00
2009.07.01 19:23:29.987,1.6476,1.6478,3.40,6.60
2009.07.01 19:23:30.687,1.6476,1.6478,3.40,6.40
2009.07.01 19:23:35.946,1.6478,1.64785,1.60,10.50
2009.07.01 19:23:36.006,1.6478,1.64785,1.60,10.40
2009.07.01 19:23:36.066,1.6478,1.64785,1.60,9.40
2009.07.01 19:23:36.126,1.6478,1.64785,1.60,6.20
2009.07.01 19:23:36.186,1.64785,1.6479,1.00,8.80
2009.07.01 19:23:36.356,1.6478,1.64785,3.00,1.60
2009.07.01 19:23:36.416,1.6478,1.6479,7.00,1.00
2009.07.01 19:23:36.476,1.6478,1.6479,3.00,1.00
2009.07.01 19:23:36.536,1.6478,1.6479,3.00,1.20
2009.07.01 19:23:37.155,1.6478,1.6479,3.00,1.00
2009.07.01 19:23:37.505,1.6478,1.648,3.00,6.60
2009.07.01 19:23:38.205,1.64775,1.64785,6.20,25.20
2009.07.01 19:23:38.326,1.64765,1.64785,7.00,40.60
2009.07.01 19:23:38.555,1.64775,1.64785,1.00,4.00
2009.07.01 19:23:38.665,1.64775,1.64785,1.00,3.40
2009.07.01 19:23:38.895,1.64775,1.64785,1.00,3.20
2009.07.01 19:23:39.065,1.64775,1.6479,1.00,1.00
2009.07.01 19:23:39.245,1.6477,1.6479,13.20,1.00
2009.07.01 19:23:39.465,1.6477,1.6479,3.00,1.00
2009.07.01 19:23:39.816,1.6477,1.6479,3.00,1.40
2009.07.01 19:23:40.915,1.64775,1.6479,1.00,1.20
2009.07.01 19:23:41.145,1.64775,1.6479,2.40,1.20
2009.07.01 19:23:41.424,1.64775,1.6479,3.60,1.20
2009.07.01 19:23:41.775,1.64775,1.6479,1.00,1.20
2009.07.01 19:23:42.794,1.64775,1.64795,1.00,1.00
2009.07.01 19:23:43.484,1.64775,1.6479,1.00,1.00
2009.07.01 19:23:44.114,1.64775,1.6479,1.00,1.00
2009.07.01 19:23:44.405,1.6478,1.6479,1.60,1.20
2009.07.01 19:23:44.744,1.64785,1.6479,2.20,1.00
2009.07.01 19:23:45.084,1.64785,1.6479,2.20,1.20
2009.07.01 19:23:45.134,1.64775,1.6479,2.40,1.20
2009.07.01 19:23:46.543,1.6476,1.6478,6.00,4.40
2009.07.01 19:23:47.004,1.6476,1.6478,5.00,4.40
2009.07.01 19:23:47.753,1.6476,1.6478,3.40,4.40
2009.07.01 19:23:48.683,1.6476,1.6478,3.00,4.40
2009.07.01 19:23:50.162,1.64765,1.6478,5.40,4.40
2009.07.01 19:23:50.382,1.64765,1.6478,3.80,4.40
2009.07.01 19:23:50.502,1.6476,1.6478,2.60,4.40
2009.07.01 19:23:53.691,1.6477,1.6478,2.20,4.40
2009.07.01 19:24:01.750,1.64785,1.6479,2.20,1.00
2009.07.01 19:24:02.039,1.64775,1.6479,2.20,1.20
2009.07.01 19:24:02.489,1.64775,1.6479,2.20,1.60
2009.07.01 19:24:02.889,1.64775,1.6479,2.20,1.40
2009.07.01 19:24:03.341,1.64775,1.6479,2.20,1.00
2009.07.01 19:24:03.929,1.6478,1.64795,2.20,1.00
2009.07.01 19:24:19.475,1.64775,1.64795,3.40,1.00
2009.07.01 19:24:24.184,1.64775,1.64795,5.00,1.00
2009.07.01 19:24:24.574,1.64775,1.64795,3.40,1.00
2009.07.01 19:24:36.241,1.64775,1.6479,1.20,1.00
2009.07.01 19:24:36.531,1.64775,1.6479,1.20,1.00
2009.07.01 19:24:37.101,1.64775,1.6479,1.20,1.20
2009.07.01 19:24:37.281,1.64775,1.6479,1.20,1.00
2009.07.01 19:24:37.641,1.64775,1.6479,1.20,1.20
2009.07.01 19:24:38.121,1.64775,1.6479,1.20,1.00
2009.07.01 19:24:38.241,1.64775,1.6479,1.20,1.00
2009.07.01 19:24:39.331,1.64775,1.6479,1.20,1.00
2009.07.01 19:24:39.390,1.64775,1.64795,1.20,1.00
2009.07.01 19:24:39.611,1.64775,1.64795,3.40,1.00
2009.07.01 19:24:39.671,1.64775,1.64795,1.20,1.00
2009.07.01 19:24:39.901,1.64775,1.64795,3.40,1.00
2009.07.01 19:24:41.340,1.64775,1.64795,7.40,1.00
2009.07.01 19:24:41.750,1.64775,1.64795,3.40,1.00
2009.07.01 19:24:42.620,1.6478,1.6479,4.40,1.00
2009.07.01 19:24:43.260,1.6478,1.6479,7.60,1.00
2009.07.01 19:24:45.069,1.6478,1.6479,7.60,1.00
2009.07.01 19:24:45.189,1.6478,1.64795,7.60,1.00
2009.07.01 19:24:57.256,1.6477,1.6479,2.60,4.40
2009.07.01 19:24:57.477,1.6477,1.6479,2.60,1.00
2009.07.01 19:25:02.245,1.6477,1.6479,1.20,1.00
2009.07.01 19:25:03.225,1.6477,1.6479,5.00,1.00
2009.07.01 19:25:03.630,1.6477,1.6479,5.00,2.00
2009.07.01 19:25:04.104,1.6477,1.6479,5.00,2.40
2009.07.01 19:25:04.274,1.6477,1.6479,5.00,2.20
2009.07.01 19:25:04.564,1.6477,1.6479,5.00,2.00
2009.07.01 19:25:05.214,1.6477,1.6478,5.00,3.20
2009.07.01 19:25:05.394,1.6477,1.64775,4.00,1.00
2009.07.01 19:25:05.514,1.6476,1.64775,4.00,1.00
2009.07.01 19:25:06.814,1.6476,1.6477,4.00,1.00
2009.07.01 19:25:07.148,1.6476,1.64775,4.00,1.00
2009.07.01 19:25:08.893,1.64765,1.64775,2.20,1.00
2009.07.01 19:25:09.183,1.6477,1.64785,1.20,1.60
2009.07.01 19:25:09.353,1.6477,1.6479,5.00,1.00
2009.07.01 19:25:12.103,1.64775,1.6479,4.00,1.00
2009.07.01 19:25:12.392,1.6477,1.6479,12.60,1.00
2009.07.01 19:25:12.733,1.6477,1.64785,4.00,1.00
2009.07.01 19:25:35.548,1.6477,1.6478,4.00,1.20
2009.07.01 19:25:35.877,1.6477,1.6478,4.00,1.60
2009.07.01 19:25:36.277,1.64765,1.6478,4.00,1.40
2009.07.01 19:25:36.506,1.64765,1.6478,4.00,1.00
2009.07.01 19:25:38.396,1.64765,1.6478,4.00,1.20
2009.07.01 19:25:38.456,1.64765,1.6478,4.00,1.40
2009.07.01 19:25:38.986,1.64765,1.6478,4.00,1.20
2009.07.01 19:25:39.106,1.64765,1.6478,4.00,1.00
2009.07.01 19:25:39.746,1.64765,1.6478,4.00,1.60
2009.07.01 19:25:39.976,1.6476,1.6478,9.00,1.60
2009.07.01 19:25:40.036,1.64765,1.6478,6.00,3.20
2009.07.01 19:25:40.546,1.6476,1.6477,1.20,1.20
2009.07.01 19:25:41.905,1.6476,1.6477,1.20,1.60
2009.07.01 19:25:43.175,1.6476,1.6477,1.20,1.40
2009.07.01 19:25:43.415,1.6476,1.6477,1.20,1.20
2009.07.01 19:25:43.525,1.6476,1.6477,1.20,1.00
2009.07.01 19:25:43.805,1.6476,1.6477,1.20,1.20
2009.07.01 19:25:43.925,1.6476,1.6477,1.20,1.00
2009.07.01 19:25:48.434,1.6476,1.6478,1.20,6.40
2009.07.01 19:25:48.604,1.6476,1.6478,1.20,2.40
2009.07.01 19:25:49.773,1.6476,1.6478,1.20,6.40
2009.07.01 19:25:56.122,1.64755,1.6477,8.60,1.00
2009.07.01 19:25:56.412,1.64755,1.6477,8.60,1.20
2009.07.01 19:26:00.551,1.64755,1.6477,8.60,1.40
2009.07.01 19:26:00.611,1.64755,1.6477,8.60,1.20
2009.07.01 19:26:07.879,1.64755,1.6476,7.00,1.00
2009.07.01 19:26:07.989,1.64755,1.6476,7.00,1.60
2009.07.01 19:26:08.279,1.64755,1.6476,1.20,1.80
2009.07.01 19:26:09.059,1.64745,1.6476,11.20,1.80
2009.07.01 19:26:10.559,1.64745,1.6476,11.20,1.60
2009.07.01 19:26:11.018,1.64745,1.6476,11.20,1.60
2009.07.01 19:26:17.037,1.64745,1.6475,9.60,1.00
2009.07.01 19:26:17.308,1.64745,1.6475,5.60,1.00
2009.07.01 19:26:18.027,1.64745,1.6475,7.20,1.00
2009.07.01 19:26:18.267,1.64745,1.6475,3.20,1.00
2009.07.01 19:26:18.567,1.64745,1.6475,5.60,1.00
2009.07.01 19:26:19.166,1.64745,1.6476,5.60,2.40
2009.07.01 19:26:19.976,1.64745,1.6476,3.20,2.40
2009.07.01 19:26:20.156,1.64745,1.6476,5.60,2.40
2009.07.01 19:26:20.446,1.64745,1.6476,3.20,2.40
2009.07.01 19:26:20.606,1.64745,1.6476,5.60,2.40
2009.07.01 19:26:27.534,1.64745,1.6476,5.60,2.40
2009.07.01 19:26:27.874,1.64745,1.6476,5.60,2.20
2009.07.01 19:26:28.094,1.64745,1.6476,5.60,1.80
2009.07.01 19:26:28.204,1.64745,1.6476,5.60,1.60
2009.07.01 19:26:29.244,1.64745,1.6476,5.60,1.60
2009.07.01 19:26:29.294,1.64745,1.6476,5.60,1.80
2009.07.01 19:26:31.703,1.6475,1.6476,1.60,1.80
2009.07.01 19:26:31.813,1.6475,1.6476,3.80,1.80
2009.07.01 19:26:31.923,1.6475,1.6476,2.20,1.80
2009.07.01 19:26:32.033,1.64745,1.6476,7.20,1.80
2009.07.01 19:26:32.373,1.64745,1.6476,5.60,1.80
2009.07.01 19:26:33.003,1.64745,1.6476,5.60,1.60
2009.07.01 19:26:33.223,1.64745,1.6476,5.60,1.60
2009.07.01 19:26:38.232,1.64755,1.6477,1.20,1.00
2009.07.01 19:26:38.392,1.64755,1.64775,1.20,1.00
2009.07.01 19:26:38.842,1.64755,1.6477,1.20,1.00
2009.07.01 19:26:39.022,1.64755,1.6477,1.20,1.00
2009.07.01 19:26:40.751,1.64755,1.6477,1.20,1.00
2009.07.01 19:26:40.871,1.64755,1.6477,1.20,1.20
2009.07.01 19:26:43.491,1.64755,1.6477,1.20,1.00
2009.07.01 19:26:43.721,1.64755,1.6477,1.20,1.20
2009.07.01 19:26:45.740,1.64755,1.6477,1.20,1.00
2009.07.01 19:26:45.800,1.64755,1.6477,1.20,1.20
2009.07.01 19:26:45.860,1.64755,1.6477,1.20,1.00
2009.07.01 19:26:46.150,1.64755,1.6477,1.20,1.20
2009.07.01 19:26:50.559,1.64755,1.6476,8.60,1.60
2009.07.01 19:26:50.799,1.64755,1.6476,7.00,1.80
2009.07.01 19:26:50.849,1.64755,1.6476,4.20,2.20
2009.07.01 19:26:51.079,1.64755,1.6476,1.20,2.20
2009.07.01 19:26:51.599,1.64745,1.6476,9.60,2.20
2009.07.01 19:27:00.537,1.64745,1.6476,9.60,2.40
2009.07.01 19:27:00.827,1.64745,1.6476,5.60,2.80
2009.07.01 19:27:01.066,1.6474,1.6475,12.20,1.00
2009.07.01 19:27:01.517,1.64745,1.6475,9.20,6.00
2009.07.01 19:27:01.926,1.6472,1.64735,4.00,1.00
2009.07.01 19:27:02.156,1.64725,1.64735,4.00,1.00
2009.07.01 19:27:03.586,1.6473,1.6474,2.20,1.00
2009.07.01 19:27:03.986,1.6473,1.6474,6.20,1.00
2009.07.01 19:27:04.446,1.6473,1.6475,7.40,1.00
2009.07.01 19:27:04.955,1.6473,1.6475,3.40,1.40
2009.07.01 19:27:05.235,1.6473,1.6475,3.40,1.00
2009.07.01 19:27:05.515,1.6473,1.6475,3.40,1.20
2009.07.01 19:27:05.685,1.6473,1.6475,3.40,1.40
2009.07.01 19:27:09.814,1.6473,1.6475,3.40,1.20
2009.07.01 19:27:09.994,1.6473,1.6475,3.40,1.00
2009.07.01 19:27:10.214,1.6473,1.6475,3.40,1.80
2009.07.01 19:27:10.274,1.6473,1.6475,3.40,2.60
2009.07.01 19:27:10.624,1.64735,1.6475,2.20,2.60
2009.07.01 19:27:10.684,1.64735,1.6475,5.00,1.80
2009.07.01 19:27:11.184,1.64735,1.6475,11.00,1.60
2009.07.01 19:27:11.464,1.64735,1.6475,15.00,1.60
2009.07.01 19:27:11.514,1.64735,1.6475,12.60,3.20
2009.07.01 19:27:11.804,1.6473,1.64745,9.00,1.20
2009.07.01 19:27:14.044,1.6473,1.64745,7.80,1.20
2009.07.01 19:27:14.106,1.6473,1.64745,6.20,1.20
2009.07.01 19:27:14.323,1.6473,1.64745,4.00,1.20
2009.07.01 19:27:14.563,1.6473,1.6474,4.00,1.00
2009.07.01 19:27:14.613,1.6473,1.64745,3.20,1.00
2009.07.01 19:27:15.063,1.64725,1.64745,15.00,1.00
2009.07.01 19:27:20.872,1.64725,1.64745,11.00,4.40
2009.07.01 19:27:28.540,1.64725,1.64745,15.00,1.00
2009.07.01 19:27:28.820,1.64725,1.64745,12.60,1.00
2009.07.01 19:27:39.877,1.6472,1.6474,16.40,4.00
2009.07.01 19:27:40.287,1.6473,1.6474,1.60,3.20
2009.07.01 19:27:40.957,1.64725,1.6474,9.00,3.20
2009.07.01 19:27:41.137,1.64725,1.64745,11.60,1.20
2009.07.01 19:27:42.067,1.64725,1.64745,11.60,1.20
2009.07.01 19:27:42.177,1.64725,1.64745,11.80,1.20
2009.07.01 19:27:43.686,1.64725,1.64745,10.80,1.20
2009.07.01 19:27:43.916,1.64725,1.64745,9.60,1.20
2009.07.01 19:27:44.156,1.64725,1.6474,15.00,3.20
2009.07.01 19:27:44.266,1.64725,1.6474,12.60,3.20
2009.07.01 19:27:44.556,1.64725,1.6474,7.60,3.60
2009.07.01 19:27:44.726,1.64725,1.6474,7.60,1.00
2009.07.01 19:27:45.146,1.64725,1.6474,2.20,1.00
2009.07.01 19:27:46.665,1.64725,1.6474,7.60,1.00
2009.07.01 19:27:48.495,1.64725,1.6474,2.20,1.00
2009.07.01 19:27:50.085,1.64725,1.6474,3.00,1.00
2009.07.01 19:27:50.414,1.6473,1.6474,2.20,1.00
2009.07.01 19:27:50.827,1.6473,1.64745,2.60,1.20
2009.07.01 19:27:51.054,1.64725,1.64745,12.80,1.20
2009.07.01 19:27:51.564,1.64725,1.64745,12.20,1.20
2009.07.01 19:27:51.844,1.64725,1.64745,13.40,1.20
2009.07.01 19:27:52.624,1.64725,1.64745,13.20,1.20
2009.07.01 19:27:55.893,1.64715,1.64725,5.60,1.00
2009.07.01 19:27:56.180,1.64725,1.6474,6.20,3.20
2009.07.01 19:27:56.413,1.6472,1.6473,4.00,1.00
2009.07.01 19:27:56.704,1.64725,1.6473,4.00,1.00
2009.07.01 19:27:57.623,1.6472,1.6473,4.00,1.00
2009.07.01 19:27:58.273,1.64725,1.6474,4.00,2.00
2009.07.01 19:27:58.612,1.6472,1.6474,6.80,2.00
2009.07.01 19:27:59.192,1.6472,1.6474,6.80,2.60
2009.07.01 19:27:59.422,1.6472,1.6474,6.80,2.80
2009.07.01 19:27:59.532,1.6472,1.6474,6.80,3.00
2009.07.01 19:27:59.652,1.6472,1.6474,6.80,3.20
2009.07.01 19:28:02.274,1.64715,1.6473,4.00,1.60
2009.07.01 19:28:02.611,1.64705,1.6472,4.00,1.00
2009.07.01 19:28:02.952,1.64725,1.6473,1.20,1.00
2009.07.01 19:28:03.301,1.64715,1.64735,11.20,1.00
2009.07.01 19:28:03.641,1.64715,1.64735,12.40,1.00
2009.07.01 19:28:03.921,1.6472,1.64735,3.80,1.00
2009.07.01 19:28:04.261,1.64725,1.6474,1.20,3.20
2009.07.01 19:28:04.661,1.64725,1.6474,5.00,1.60
2009.07.01 19:28:07.850,1.64725,1.6474,1.20,1.60
2009.07.01 19:28:08.370,1.64725,1.6474,1.20,3.20
2009.07.01 19:28:09.330,1.64715,1.64735,13.40,1.00
2009.07.01 19:28:09.500,1.64715,1.64735,12.80,1.00
2009.07.01 19:28:09.900,1.6472,1.64735,2.20,1.00
2009.07.01 19:28:10.300,1.64725,1.64735,2.20,1.00
2009.07.01 19:28:10.700,1.64725,1.6474,7.40,1.60
2009.07.01 19:28:16.938,1.64735,1.6474,1.60,2.00
2009.07.01 19:28:17.178,1.64735,1.64745,1.60,6.00
2009.07.01 19:28:17.398,1.64735,1.64745,7.60,2.00
2009.07.01 19:28:24.097,1.64725,1.64745,18.80,2.60
2009.07.01 19:28:24.336,1.64725,1.64745,15.60,3.20
2009.07.01 19:28:24.806,1.64725,1.64745,12.80,3.40
2009.07.01 19:28:25.156,1.64725,1.64745,12.80,3.80
2009.07.01 19:28:25.816,1.64725,1.64745,12.80,3.20
2009.07.01 19:28:26.036,1.64725,1.64745,11.20,3.00
2009.07.01 19:28:26.216,1.64725,1.6474,11.20,2.40
2009.07.01 19:28:32.314,1.64725,1.6474,11.20,1.60
2009.07.01 19:28:37.193,1.64725,1.6474,11.20,1.60
2009.07.01 19:28:37.363,1.64725,1.6474,11.20,2.60
2009.07.01 19:28:42.982,1.64725,1.6474,11.20,2.40
2009.07.01 19:29:00.817,1.64725,1.6474,11.20,2.40
2009.07.01 19:29:02.197,1.64725,1.6474,11.20,3.00
2009.07.01 19:29:02.437,1.64725,1.6474,11.20,2.80
2009.07.01 19:29:02.847,1.6473,1.6474,4.00,1.60
2009.07.01 19:29:04.047,1.6473,1.6474,4.00,2.20
2009.07.01 19:29:04.157,1.6473,1.6474,4.00,2.80
2009.07.01 19:29:04.387,1.6473,1.6474,4.00,2.40
2009.07.01 19:29:07.116,1.6473,1.6474,4.00,2.40
2009.07.01 19:29:07.286,1.6473,1.6474,4.00,2.60
2009.07.01 19:29:07.396,1.6473,1.6474,4.00,2.40
2009.07.01 19:29:07.506,1.6473,1.6474,4.00,2.40
2009.07.01 19:29:08.886,1.6473,1.6474,4.00,2.40
2009.07.01 19:29:09.105,1.6473,1.6474,4.00,2.60
2009.07.01 19:29:15.014,1.6472,1.6473,4.00,2.90
2009.07.01 19:29:15.284,1.64715,1.6472,11.50,1.20
2009.07.01 19:29:15.514,1.64715,1.6472,15.40,1.20
2009.07.01 19:29:15.804,1.64715,1.6472,17.00,1.00
2009.07.01 19:29:16.154,1.64725,1.6473,1.20,1.00
2009.07.01 19:29:17.873,1.64725,1.6473,1.20,1.40
2009.07.01 19:29:22.602,1.64725,1.6473,12.60,1.60
2009.07.01 19:29:26.501,1.64725,1.6473,12.60,2.20
2009.07.01 19:29:27.021,1.64725,1.6473,8.60,2.20
2009.07.01 19:29:27.361,1.64725,1.6473,8.60,2.40
2009.07.01 19:29:27.581,1.64725,1.6473,8.60,2.40
2009.07.01 19:29:28.211,1.64725,1.6473,12.60,2.20
2009.07.01 19:29:29.240,1.64725,1.6473,12.60,2.40
2009.07.01 19:29:29.350,1.64725,1.6473,8.60,2.40
2009.07.01 19:29:31.010,1.6472,1.6473,4.00,8.00
2009.07.01 19:29:31.190,1.64705,1.6471,15.50,1.00
2009.07.01 19:29:31.300,1.64705,1.6471,4.00,3.20
2009.07.01 19:29:31.760,1.647,1.6471,2.60,1.40
2009.07.01 19:29:34.360,1.647,1.6471,6.20,2.40
2009.07.01 19:29:34.539,1.647,1.6471,4.00,2.40
2009.07.01 19:29:39.248,1.647,1.6471,4.00,3.00
2009.07.01 19:29:39.368,1.647,1.6471,4.00,2.80
2009.07.01 19:29:42.127,1.647,1.6471,4.00,2.00
2009.07.01 19:29:42.417,1.647,1.6471,4.00,1.20
2009.07.01 19:29:42.537,1.647,1.64715,4.00,4.80
2009.07.01 19:29:42.657,1.647,1.6471,4.00,1.20
2009.07.01 19:29:47.326,1.64705,1.64715,2.20,1.00
2009.07.01 19:29:52.245,1.64705,1.6471,2.20,1.20
2009.07.01 19:29:52.535,1.64695,1.64715,9.00,4.60
2009.07.01 19:29:52.595,1.64695,1.64715,9.00,4.80
2009.07.01 19:29:52.835,1.64695,1.64715,9.00,4.60
2009.07.01 19:29:54.604,1.647,1.64715,2.20,4.60
2009.07.01 19:29:54.884,1.64705,1.64715,2.20,1.00
2009.07.01 19:29:55.105,1.64705,1.6471,2.20,1.00
2009.07.01 19:29:55.614,1.647,1.6471,2.20,1.00
2009.07.01 19:30:03.412,1.647,1.64715,2.20,1.60
2009.07.01 19:30:03.642,1.647,1.64715,2.20,1.60
2009.07.01 19:30:04.382,1.647,1.6471,2.20,1.20
2009.07.01 19:30:06.691,1.647,1.6471,2.20,1.00
2009.07.01 19:30:06.812,1.647,1.6471,2.20,1.20
2009.07.01 19:30:06.871,1.647,1.6471,2.20,1.00
2009.07.01 19:30:07.041,1.647,1.64715,2.20,1.00
2009.07.01 19:30:07.211,1.6471,1.64715,2.20,1.00
2009.07.01 19:30:07.321,1.64705,1.64715,2.20,1.00
2009.07.01 19:30:08.261,1.64705,1.6471,2.20,1.20
2009.07.01 19:30:08.481,1.64705,1.64715,2.20,1.00
2009.07.01 19:30:08.881,1.64705,1.6471,2.20,1.00
2009.07.01 19:30:09.171,1.64705,1.6471,2.20,1.20
2009.07.01 19:30:09.351,1.64705,1.6471,2.20,1.00
2009.07.01 19:30:09.471,1.64705,1.6471,2.20,1.20
2009.07.01 19:30:12.080,1.64705,1.6471,2.20,1.60
2009.07.01 19:30:22.078,1.64705,1.64715,2.20,1.00
2009.07.01 19:30:22.468,1.647,1.6471,7.60,1.00
2009.07.01 19:30:22.638,1.647,1.6471,7.60,1.60
2009.07.01 19:30:37.634,1.64705,1.6471,2.20,1.60
2009.07.01 19:30:39.893,1.64705,1.6471,2.20,1.00
2009.07.01 19:30:40.113,1.64705,1.6472,2.20,3.00
2009.07.01 19:30:46.862,1.64705,1.6471,2.20,1.20
2009.07.01 19:30:47.032,1.647,1.64715,7.60,4.00
2009.07.01 19:30:47.322,1.64705,1.6471,2.20,1.00
2009.07.01 19:30:47.502,1.64705,1.6471,2.20,1.20
2009.07.01 19:30:49.171,1.64705,1.6471,2.20,1.00
2009.07.01 19:30:49.451,1.64705,1.6471,2.20,1.00
2009.07.01 19:30:49.621,1.64705,1.6471,2.20,1.00
2009.07.01 19:30:49.961,1.64695,1.6471,9.00,1.00
2009.07.01 19:30:50.321,1.64695,1.6471,9.00,1.00
2009.07.01 19:30:50.671,1.647,1.6471,2.20,1.20
2009.07.01 19:30:51.251,1.6471,1.64715,2.20,1.80
2009.07.01 19:30:51.651,1.647,1.6471,2.20,1.20
2009.07.01 19:30:53.240,1.647,1.6471,2.20,1.00
2009.07.01 19:30:53.470,1.647,1.6471,2.20,1.20
2009.07.01 19:30:53.980,1.647,1.6471,2.20,1.00
2009.07.01 19:30:54.260,1.6471,1.64715,2.20,1.20
2009.07.01 19:30:54.370,1.6471,1.64715,2.20,1.40
2009.07.01 19:30:54.600,1.647,1.64715,2.20,1.20
2009.07.01 19:30:54.830,1.6471,1.64715,2.20,1.20
2009.07.01 19:30:56.210,1.64695,1.6471,6.70,1.00
2009.07.01 19:30:56.499,1.64695,1.6471,6.70,1.00
2009.07.01 19:30:56.679,1.647,1.6471,2.20,1.00
2009.07.01 19:30:57.659,1.647,1.6471,2.20,1.00
2009.07.01 19:30:57.829,1.647,1.64715,2.20,1.20
2009.07.01 19:30:57.999,1.6471,1.64715,2.20,1.20
2009.07.01 19:30:59.069,1.64695,1.6471,6.70,1.00
2009.07.01 19:30:59.299,1.64695,1.6471,6.70,1.00
2009.07.01 19:31:03.708,1.6471,1.64715,2.20,1.20
2009.07.01 19:31:03.938,1.64695,1.6471,6.70,1.00
2009.07.01 19:31:04.218,1.6471,1.64715,2.20,1.20
2009.07.01 19:31:07.417,1.647,1.64715,2.20,1.20
2009.07.01 19:31:07.697,1.647,1.6471,2.20,1.20
2009.07.01 19:31:08.047,1.64705,1.6471,2.20,1.20
2009.07.01 19:31:08.986,1.6471,1.64715,2.20,1.40
2009.07.01 19:31:10.066,1.647,1.6471,2.20,1.00
2009.07.01 19:31:11.196,1.647,1.6471,2.20,1.00
2009.07.01 19:31:11.256,1.6471,1.64715,2.20,1.20
2009.07.01 19:31:14.215,1.64695,1.6471,7.60,1.20
2009.07.01 19:31:14.385,1.6469,1.6471,4.80,1.40
2009.07.01 19:31:15.265,1.64695,1.6471,7.60,1.40
2009.07.01 19:31:15.505,1.64695,1.6471,8.60,3.20
2009.07.01 19:31:16.764,1.647,1.64715,2.20,1.00
2009.07.01 19:31:34.360,1.64695,1.6471,8.60,3.20
2009.07.01 19:31:34.581,1.64695,1.6471,8.60,1.00
2009.07.01 19:31:34.760,1.64695,1.6471,7.60,1.40
2009.07.01 19:31:35.000,1.64695,1.6471,4.00,1.40
2009.07.01 19:31:36.080,1.64695,1.6471,4.00,1.00
2009.07.01 19:31:36.370,1.64695,1.6471,4.00,1.20
2009.07.01 19:31:36.420,1.64695,1.6471,4.00,1.40
2009.07.01 19:31:36.960,1.64695,1.6471,4.00,1.20
2009.07.01 19:31:37.070,1.64695,1.6471,4.00,1.00
2009.07.01 19:31:37.190,1.64695,1.6471,4.00,1.00
2009.07.01 19:31:37.240,1.64695,1.6471,4.00,1.00
2009.07.01 19:31:37.600,1.647,1.6471,2.20,1.00
2009.07.01 19:31:47.467,1.64695,1.6471,4.00,3.60
2009.07.01 19:31:47.577,1.64695,1.6471,12.60,3.20
2009.07.01 19:31:48.737,1.64695,1.64715,12.60,1.00
2009.07.01 19:31:55.245,1.64695,1.64715,9.60,1.00
2009.07.01 19:31:55.685,1.647,1.64715,6.20,1.00
2009.07.01 19:31:56.205,1.647,1.64715,4.00,3.60
2009.07.01 19:31:56.665,1.647,1.64715,9.60,3.60
2009.07.01 19:31:56.905,1.647,1.64715,9.20,3.60
2009.07.01 19:31:57.245,1.647,1.64715,8.80,3.60
2009.07.01 19:31:57.415,1.647,1.64715,4.00,3.60
2009.07.01 19:31:59.204,1.647,1.64715,7.60,3.60
2009.07.01 19:32:00.824,1.64705,1.64715,2.20,1.00
2009.07.01 19:32:00.994,1.6471,1.64715,2.20,1.00
2009.07.01 19:32:12.752,1.64705,1.64715,2.20,1.00
2009.07.01 19:32:29.107,1.64705,1.64715,6.20,1.00
2009.07.01 19:32:37.795,1.647,1.64715,7.80,3.60
2009.07.01 19:32:37.975,1.647,1.6471,7.80,3.20
2009.07.01 19:32:38.195,1.647,1.6471,7.80,1.00
2009.07.01 19:32:38.655,1.647,1.6471,3.80,1.20
2009.07.01 19:32:38.985,1.647,1.6471,3.80,1.40
2009.07.01 19:32:39.265,1.647,1.6471,3.80,2.00
2009.07.01 19:32:42.474,1.647,1.6471,3.80,1.20
2009.07.01 19:32:42.594,1.64695,1.647,8.10,1.00
2009.07.01 19:32:42.984,1.647,1.6471,7.80,1.40
2009.07.01 19:32:43.214,1.647,1.6471,7.80,2.00
2009.07.01 19:32:43.504,1.647,1.6471,7.80,1.60
2009.07.01 19:32:43.964,1.647,1.6471,2.20,1.20
2009.07.01 19:32:44.024,1.64695,1.6471,1.20,3.20
2009.07.01 19:32:46.023,1.64695,1.64715,10.60,3.60
2009.07.01 19:32:46.534,1.647,1.64715,3.20,3.60
2009.07.01 19:32:46.803,1.647,1.64715,2.00,3.60
2009.07.01 19:32:47.093,1.647,1.6471,3.00,3.20
2009.07.01 19:32:47.593,1.64705,1.64715,2.20,1.00
2009.07.01 19:32:48.223,1.647,1.64715,2.80,3.60
2009.07.01 19:32:48.733,1.647,1.64715,4.00,3.60
2009.07.01 19:32:49.243,1.64715,1.6472,1.20,7.20
2009.07.01 19:32:49.743,1.64715,1.64735,1.20,1.00
2009.07.01 19:32:50.672,1.64715,1.64735,5.00,1.00
2009.07.01 19:32:50.842,1.64715,1.64735,7.40,1.00
2009.07.01 19:32:51.012,1.6472,1.6474,1.20,2.60
2009.07.01 19:32:51.182,1.6472,1.6474,1.20,2.40
2009.07.01 19:32:51.862,1.6472,1.6474,1.20,2.40
2009.07.01 19:32:51.982,1.64715,1.64735,6.60,1.00
2009.07.01 19:32:52.272,1.6471,1.6473,11.00,1.00
2009.07.01 19:32:52.382,1.64715,1.6473,6.00,1.40
2009.07.01 19:32:52.672,1.64715,1.6473,3.20,1.20
2009.07.01 19:32:52.782,1.64715,1.64735,1.20,1.00
2009.07.01 19:32:53.811,1.64705,1.6471,9.20,3.60
2009.07.01 19:32:54.281,1.64705,1.64715,1.20,3.20
2009.07.01 19:32:54.571,1.64705,1.64735,1.20,1.00
2009.07.01 19:32:55.501,1.64705,1.64725,3.20,1.00
2009.07.01 19:32:57.341,1.6471,1.6473,1.20,4.40
2009.07.01 19:32:57.511,1.6471,1.6473,1.20,1.00
2009.07.01 19:32:57.631,1.6471,1.6473,3.20,1.00
2009.07.01 19:33:00.290,1.6471,1.6473,9.40,1.00
2009.07.01 19:33:00.410,1.6471,1.6473,4.60,1.00
2009.07.01 19:33:00.740,1.6471,1.6473,7.60,1.00
2009.07.01 19:33:01.020,1.6471,1.6473,11.00,1.00
2009.07.01 19:33:02.210,1.6471,1.6473,10.00,1.00
2009.07.01 19:33:02.649,1.6471,1.6473,8.60,1.00
2009.07.01 19:33:04.029,1.6471,1.6473,8.60,1.00
2009.07.01 19:33:04.329,1.6471,1.6473,8.60,1.00
2009.07.01 19:33:12.737,1.6471,1.6473,9.40,1.00
2009.07.01 19:33:12.977,1.6471,1.6473,10.00,1.00
2009.07.01 19:33:13.377,1.6471,1.6473,10.20,1.00
2009.07.01 19:33:13.787,1.6471,1.6473,10.60,1.00
2009.07.01 19:33:19.155,1.6471,1.6473,9.60,1.00
2009.07.01 19:33:19.215,1.6471,1.6473,8.60,1.00
2009.07.01 19:33:19.505,1.6471,1.6473,8.60,1.00
2009.07.01 19:33:21.035,1.6471,1.6473,8.60,1.00
2009.07.01 19:33:21.425,1.6471,1.6473,10.20,1.00
2009.07.01 19:33:21.535,1.6471,1.6473,5.00,1.00
2009.07.01 19:33:21.655,1.64715,1.64735,1.20,1.00
2009.07.01 19:33:36.081,1.64715,1.64735,5.00,1.00
2009.07.01 19:33:36.141,1.6472,1.64735,2.20,1.00
2009.07.01 19:33:44.729,1.64715,1.64735,11.20,1.00
2009.07.01 19:33:52.267,1.6472,1.64735,2.20,1.00
2009.07.01 19:33:53.297,1.64715,1.64735,9.60,1.00
2009.07.01 19:34:00.045,1.64715,1.64735,10.20,1.00
2009.07.01 19:34:00.165,1.64715,1.64735,10.80,1.00
2009.07.01 19:34:00.505,1.64715,1.64735,11.00,1.00
2009.07.01 19:34:00.685,1.64715,1.64735,11.40,1.00
2009.07.01 19:34:00.745,1.64715,1.64735,11.60,1.00
2009.07.01 19:34:00.925,1.64715,1.64735,12.00,1.00
2009.07.01 19:34:01.255,1.64715,1.64735,12.40,1.00
2009.07.01 19:34:01.485,1.64715,1.64735,12.00,1.00
2009.07.01 19:34:01.955,1.64715,1.64735,11.20,1.00
2009.07.01 19:34:02.935,1.64715,1.64735,11.00,1.00
2009.07.01 19:34:03.055,1.64715,1.64735,10.80,1.00
2009.07.01 19:34:03.515,1.64715,1.64735,11.00,1.00
2009.07.01 19:34:03.785,1.64715,1.64735,11.20,1.00
2009.07.01 19:34:04.075,1.64715,1.64735,11.60,1.00
2009.07.01 19:34:04.574,1.64715,1.64735,11.40,1.00
2009.07.01 19:34:04.744,1.64715,1.64735,11.60,1.00
2009.07.01 19:34:06.084,1.64715,1.64735,12.40,1.00
2009.07.01 19:34:06.424,1.64715,1.64735,12.60,1.00
2009.07.01 19:34:11.113,1.64715,1.64735,11.00,1.00
2009.07.01 19:34:11.233,1.64715,1.64735,9.60,1.00
2009.07.01 19:34:11.673,1.64715,1.64735,10.80,1.00
2009.07.01 19:34:12.143,1.64715,1.64735,10.20,1.00
2009.07.01 19:34:12.422,1.64715,1.64735,10.80,1.00
2009.07.01 19:34:12.692,1.64715,1.64735,12.40,1.00
2009.07.01 19:34:13.282,1.64715,1.64735,14.20,1.00
2009.07.01 19:34:13.572,1.6472,1.64735,7.80,1.00
2009.07.01 19:34:13.972,1.6473,1.64745,1.80,5.60
2009.07.01 19:34:14.772,1.6473,1.64745,1.60,5.60
2009.07.01 19:34:15.152,1.6475,1.64755,1.60,8.50
2009.07.01 19:34:15.432,1.64755,1.6476,1.20,4.00
2009.07.01 19:34:15.832,1.64755,1.6476,1.20,1.00
2009.07.01 19:34:16.002,1.64745,1.6476,3.80,1.60
2009.07.01 19:34:16.172,1.64745,1.6476,1.20,1.60
2009.07.01 19:34:16.521,1.6474,1.6476,8.60,2.60
2009.07.01 19:34:16.691,1.64745,1.6476,1.20,2.20
2009.07.01 19:34:17.221,1.6474,1.6476,7.00,4.20
2009.07.01 19:34:17.622,1.6474,1.6476,4.20,8.20
2009.07.01 19:34:17.981,1.6474,1.6476,1.20,11.20
2009.07.01 19:34:18.331,1.6474,1.6476,1.20,12.20
2009.07.01 19:34:18.722,1.6474,1.64755,1.20,5.00
2009.07.01 19:34:19.551,1.64745,1.6476,1.20,8.80
2009.07.01 19:34:20.980,1.6474,1.64755,2.20,5.00
2009.07.01 19:34:21.880,1.6475,1.6476,1.20,8.80
2009.07.01 19:34:22.401,1.64745,1.6476,1.20,8.80
2009.07.01 19:34:23.810,1.64745,1.6476,1.20,5.60
2009.07.01 19:34:26.179,1.64745,1.6476,1.20,4.00
2009.07.01 19:34:26.509,1.64745,1.6476,1.20,5.60
2009.07.01 19:34:43.955,1.6474,1.64755,1.20,1.00
2009.07.01 19:34:44.195,1.6474,1.64755,1.20,1.80
2009.07.01 19:34:44.435,1.6474,1.64755,1.20,5.00
2009.07.01 19:34:45.515,1.64745,1.6476,1.20,5.60
2009.07.01 19:35:02.330,1.64745,1.6476,1.20,8.80
2009.07.01 19:35:13.748,1.64745,1.6476,1.20,7.20
2009.07.01 19:35:13.918,1.6475,1.64765,1.20,7.00
2009.07.01 19:35:18.257,1.6475,1.64765,2.60,5.60
2009.07.01 19:35:18.317,1.6476,1.64765,4.00,5.60
2009.07.01 19:35:18.697,1.64755,1.6476,7.00,1.20
2009.07.01 19:35:19.376,1.6476,1.6477,1.20,6.30
2009.07.01 19:35:24.105,1.6476,1.6477,1.20,6.10
2009.07.01 19:35:24.375,1.6475,1.6476,3.20,1.20
2009.07.01 19:35:24.545,1.6475,1.6476,3.20,1.60
2009.07.01 19:35:25.875,1.6475,1.6476,1.60,1.40
2009.07.01 19:35:25.935,1.6475,1.6476,1.60,1.20
2009.07.01 19:35:29.174,1.6475,1.6476,1.60,1.20
2009.07.01 19:35:29.464,1.6475,1.6476,1.60,1.00
2009.07.01 19:35:29.574,1.6475,1.6476,1.60,1.20
2009.07.01 19:35:37.272,1.6475,1.6476,1.60,1.00
2009.07.01 19:35:37.332,1.6475,1.6476,1.60,1.20
2009.07.01 19:35:49.859,1.6475,1.6476,1.60,1.40
2009.07.01 19:35:49.979,1.6475,1.6476,1.60,1.40
2009.07.01 19:35:54.728,1.6475,1.6476,1.60,1.40
2009.07.01 19:35:55.058,1.6475,1.6476,1.60,1.60
2009.07.01 19:35:55.518,1.6475,1.6476,1.60,1.80
2009.07.01 19:35:55.858,1.6475,1.6476,1.60,1.60
2009.07.01 19:35:56.477,1.6475,1.6476,1.60,2.00
2009.07.01 19:36:05.265,1.6475,1.6476,1.60,2.20
2009.07.01 19:36:05.605,1.64745,1.6476,10.40,2.20
2009.07.01 19:36:05.775,1.64745,1.6476,8.60,3.60
2009.07.01 19:36:06.395,1.64745,1.6476,8.60,4.00
2009.07.01 19:36:06.855,1.64745,1.6476,8.60,4.60
2009.07.01 19:36:07.135,1.64745,1.6475,4.00,1.00
2009.07.01 19:36:07.365,1.64745,1.6475,1.20,1.00
2009.07.01 19:36:08.235,1.64735,1.6475,8.60,1.00
2009.07.01 19:36:08.455,1.64735,1.6475,17.20,1.00
2009.07.01 19:36:08.675,1.64735,1.6475,11.00,1.00
2009.07.01 19:36:08.914,1.64735,1.6475,8.60,1.00
2009.07.01 19:36:12.384,1.64725,1.6473,13.70,1.20
2009.07.01 19:36:12.904,1.64725,1.6473,13.70,1.00
2009.07.01 19:36:13.254,1.6473,1.6474,5.00,1.70
2009.07.01 19:36:13.603,1.6473,1.6474,5.00,1.50
2009.07.01 19:36:13.953,1.6473,1.6474,3.20,2.40
2009.07.01 19:36:14.193,1.64725,1.6474,8.60,2.40
2009.07.01 19:36:14.483,1.64725,1.6474,8.60,1.80
2009.07.01 19:36:14.653,1.64725,1.6474,8.60,1.60
2009.07.01 19:36:15.843,1.64725,1.6474,8.60,1.60
2009.07.01 19:36:15.953,1.64725,1.6474,8.60,1.80
2009.07.01 19:36:16.243,1.64725,1.6474,8.60,1.60
2009.07.01 19:36:16.593,1.64725,1.6474,7.00,1.80
2009.07.01 19:36:16.832,1.64725,1.6474,4.20,1.80
2009.07.01 19:36:16.883,1.64725,1.6474,1.20,1.80
2009.07.01 19:36:17.113,1.64725,1.6474,1.20,1.60
2009.07.01 19:36:17.453,1.64725,1.6474,1.20,1.60
2009.07.01 19:36:17.853,1.6473,1.6474,1.20,1.60
2009.07.01 19:36:23.621,1.6473,1.6474,1.20,1.40
2009.07.01 19:36:23.911,1.6473,1.6474,1.20,1.20
2009.07.01 19:36:24.261,1.6473,1.6474,1.20,1.60
2009.07.01 19:36:25.311,1.6473,1.6474,1.20,1.20
2009.07.01 19:36:25.421,1.6473,1.6474,1.20,1.20
2009.07.01 19:36:25.651,1.6473,1.6474,1.20,1.00
2009.07.01 19:36:25.940,1.6473,1.64745,1.20,5.00
2009.07.01 19:36:37.548,1.6473,1.6474,1.20,1.00
2009.07.01 19:36:37.787,1.6473,1.6474,1.20,1.60
2009.07.01 19:36:38.027,1.6473,1.6474,1.20,1.80
2009.07.01 19:36:38.777,1.6473,1.6474,1.20,1.60
2009.07.01 19:36:42.536,1.6473,1.6474,1.20,1.20
2009.07.01 19:36:42.656,1.6473,1.6474,1.20,1.00
2009.07.01 19:36:42.836,1.6473,1.6474,1.20,1.00
2009.07.01 19:36:43.586,1.6473,1.6474,1.20,1.00
2009.07.01 19:36:43.706,1.6473,1.6474,1.20,1.60
2009.07.01 19:36:47.285,1.6473,1.6474,1.20,1.00
2009.07.01 19:36:47.345,1.6473,1.6474,1.20,1.20
2009.07.01 19:36:53.583,1.6473,1.6474,1.20,1.00
2009.07.01 19:36:53.643,1.6473,1.6474,1.20,1.20
2009.07.01 19:36:56.103,1.6473,1.6474,1.20,1.40
2009.07.01 19:36:56.503,1.64715,1.6472,29.60,1.00
2009.07.01 19:36:56.783,1.64725,1.6474,1.00,3.20
2009.07.01 19:36:57.303,1.64715,1.6472,2.20,1.00
2009.07.01 19:36:57.713,1.64715,1.6472,1.00,1.20
2009.07.01 19:36:58.702,1.64715,1.6472,1.00,1.20
2009.07.01 19:36:59.102,1.64715,1.6472,1.00,1.00
2009.07.01 19:36:59.162,1.64715,1.6472,1.00,1.20
2009.07.01 19:37:00.342,1.64715,1.6472,1.00,3.20
2009.07.01 19:37:00.402,1.64715,1.6472,1.00,5.40
2009.07.01 19:37:00.862,1.64715,1.6472,1.00,5.60
2009.07.01 19:37:00.982,1.64715,1.6472,1.00,5.80
2009.07.01 19:37:01.212,1.64715,1.6472,1.00,5.60
2009.07.01 19:37:01.272,1.6471,1.6472,2.20,7.00
2009.07.01 19:37:01.832,1.6471,1.6472,2.20,7.20
2009.07.01 19:37:04.241,1.6471,1.6472,2.20,7.20
2009.07.01 19:37:04.791,1.6471,1.6472,2.20,7.00
2009.07.01 19:37:05.021,1.64705,1.6472,10.00,5.60
2009.07.01 19:37:05.191,1.6471,1.64725,1.00,9.60
2009.07.01 19:37:05.701,1.64705,1.6472,1.00,5.60
2009.07.01 19:37:05.981,1.64705,1.6472,1.00,5.60
2009.07.01 19:37:06.211,1.64705,1.6472,1.00,5.40
2009.07.01 19:37:06.511,1.64705,1.64725,1.00,14.60
2009.07.01 19:37:06.690,1.647,1.6471,2.20,1.20
2009.07.01 19:37:08.630,1.647,1.6471,2.20,1.40
2009.07.01 19:37:08.980,1.6471,1.64715,1.60,1.00
2009.07.01 19:37:09.560,1.64725,1.6473,1.00,3.60
2009.07.01 19:37:09.910,1.64725,1.6473,1.00,2.30
2009.07.01 19:37:11.589,1.64725,1.6474,1.00,5.00
2009.07.01 19:37:11.820,1.64725,1.6474,1.00,3.40
2009.07.01 19:37:12.529,1.64725,1.6474,1.00,1.20
2009.07.01 19:37:13.199,1.64725,1.6474,1.00,1.80
2009.07.01 19:37:13.499,1.64725,1.6474,1.00,1.60
2009.07.01 19:37:13.799,1.64725,1.64745,1.00,12.80
2009.07.01 19:37:14.129,1.64725,1.64745,1.00,9.60
2009.07.01 19:37:15.318,1.64725,1.6473,1.00,4.00
2009.07.01 19:37:24.006,1.64725,1.6474,1.00,5.00
2009.07.01 19:37:24.116,1.64725,1.6474,1.00,5.00
2009.07.01 19:37:34.364,1.6473,1.6474,1.00,3.40
2009.07.01 19:37:34.584,1.6473,1.64745,1.00,5.00
2009.07.01 19:37:35.644,1.6473,1.64745,1.40,5.00
2009.07.01 19:37:35.703,1.6473,1.64745,2.00,5.00
2009.07.01 19:37:39.253,1.6473,1.64745,1.40,5.00
2009.07.01 19:37:39.483,1.6473,1.64745,1.00,5.00
2009.07.01 19:37:41.722,1.6473,1.64745,1.40,5.00
2009.07.01 19:37:41.962,1.6473,1.64745,1.00,5.00
2009.07.01 19:37:43.042,1.6473,1.64745,1.40,5.00
2009.07.01 19:37:43.552,1.6473,1.64745,1.00,5.00
2009.07.01 19:38:21.102,1.6473,1.6474,1.00,4.00
2009.07.01 19:38:21.492,1.6472,1.6473,2.20,1.00
2009.07.01 19:38:21.782,1.64715,1.6473,8.20,1.00
2009.07.01 19:38:22.112,1.64715,1.6473,12.20,1.00
2009.07.01 19:38:27.241,1.6472,1.6473,2.20,1.00
2009.07.01 19:38:27.521,1.6472,1.6473,2.20,1.00
2009.07.01 19:38:32.050,1.6472,1.6473,2.20,1.00
2009.07.01 19:38:32.340,1.6472,1.6473,2.20,1.00
2009.07.01 19:38:32.400,1.6472,1.6473,2.20,1.00
2009.07.01 19:38:34.010,1.6472,1.6473,2.20,1.00
2009.07.01 19:38:34.129,1.6472,1.6473,2.20,1.00
2009.07.01 19:38:34.539,1.64715,1.6473,10.60,1.00
2009.07.01 19:38:45.367,1.6472,1.6473,2.20,1.00
2009.07.01 19:39:03.523,1.6472,1.6473,8.00,7.20
2009.07.01 19:39:03.933,1.64715,1.64735,1.00,8.00
2009.07.01 19:39:04.153,1.64715,1.64735,1.00,4.40
2009.07.01 19:39:19.049,1.64715,1.64735,5.20,4.40
2009.07.01 19:39:19.279,1.64715,1.64735,8.40,4.40
2009.07.01 19:39:21.778,1.64715,1.64735,8.40,1.00
2009.07.01 19:39:22.178,1.6472,1.64735,6.20,1.20
2009.07.01 19:39:22.448,1.6472,1.6473,4.00,1.00
2009.07.01 19:39:23.048,1.64715,1.6473,11.40,1.00
2009.07.01 19:39:23.558,1.6472,1.64735,6.00,1.00
2009.07.01 19:39:24.017,1.64715,1.64735,12.40,1.00
2009.07.01 19:39:24.817,1.64715,1.64735,8.40,4.40
2009.07.01 19:39:30.126,1.64715,1.64735,6.80,4.40
2009.07.01 19:39:30.356,1.64715,1.64735,3.60,4.40
2009.07.01 19:39:30.416,1.64715,1.64735,1.00,4.40
2009.07.01 19:40:00.099,1.64715,1.64735,2.40,4.40
2009.07.01 19:40:00.159,1.64715,1.64735,5.60,4.40
2009.07.01 19:40:00.379,1.64715,1.64735,8.40,4.40
2009.07.01 19:40:01.358,1.64715,1.6473,8.40,1.00
2009.07.01 19:40:01.598,1.64715,1.6473,8.40,1.20
2009.07.01 19:40:02.838,1.64715,1.6473,6.80,1.00
2009.07.01 19:40:02.898,1.64715,1.64735,6.80,4.40
2009.07.01 19:40:03.128,1.64715,1.64735,8.40,4.40
2009.07.01 19:40:03.348,1.64715,1.64735,7.80,4.40
2009.07.01 19:40:03.458,1.64715,1.64735,10.80,4.40
2009.07.01 19:40:03.968,1.6472,1.64735,2.20,1.00
2009.07.01 19:40:04.548,1.6472,1.6473,2.20,1.00
2009.07.01 19:40:04.838,1.6472,1.6473,6.20,1.00
2009.07.01 19:40:05.987,1.64745,1.6475,1.00,7.60
2009.07.01 19:40:06.277,1.64745,1.6475,1.00,7.00
2009.07.01 19:40:06.677,1.64745,1.64755,1.00,11.20
2009.07.01 19:40:07.027,1.6475,1.64755,1.00,7.70
2009.07.01 19:40:07.367,1.6473,1.6474,12.80,1.00
2009.07.01 19:40:07.647,1.64735,1.6475,3.00,7.80
2009.07.01 19:40:07.817,1.64735,1.6475,1.00,6.20
2009.07.01 19:40:08.117,1.64735,1.6475,1.00,6.80
2009.07.01 19:40:09.256,1.64735,1.6475,1.00,4.00
2009.07.01 19:40:09.477,1.6473,1.64745,7.60,1.00
2009.07.01 19:40:10.686,1.64725,1.6474,11.20,1.00
2009.07.01 19:40:12.026,1.64725,1.6474,12.00,1.00
2009.07.01 19:40:13.076,1.64745,1.6476,1.00,1.00
2009.07.01 19:40:13.196,1.64735,1.6476,1.00,1.00
2009.07.01 19:40:13.256,1.64735,1.6476,1.00,4.00
2009.07.01 19:40:13.436,1.64735,1.6476,3.00,4.00
2009.07.01 19:40:13.546,1.6474,1.64765,1.40,4.00
2009.07.01 19:40:13.605,1.6474,1.64765,3.00,4.00
2009.07.01 19:40:13.656,1.6475,1.64765,1.00,4.00
2009.07.01 19:40:13.715,1.6475,1.6476,1.00,1.00
2009.07.01 19:40:14.285,1.64755,1.64775,1.00,6.80
2009.07.01 19:40:16.135,1.6475,1.6477,1.00,1.00
2009.07.01 19:40:16.475,1.6475,1.6477,3.00,1.00
2009.07.01 19:40:18.614,1.6475,1.6477,3.40,1.00
2009.07.01 19:40:18.774,1.6475,1.6477,3.60,1.00
2009.07.01 19:40:19.584,1.6475,1.6477,3.00,1.00
2009.07.01 19:40:20.044,1.6475,1.6477,3.40,1.00
2009.07.01 19:40:20.104,1.6475,1.6477,3.60,1.00
2009.07.01 19:40:21.533,1.6475,1.6477,4.20,1.00
2009.07.01 19:40:21.584,1.6475,1.6477,4.40,1.00
2009.07.01 19:40:21.694,1.6475,1.6477,4.60,1.00
2009.07.01 19:40:21.874,1.6475,1.6477,6.80,1.00
2009.07.01 19:40:22.043,1.64755,1.64775,1.00,6.80
2009.07.01 19:40:22.433,1.64755,1.64775,1.00,10.00
2009.07.01 19:40:22.603,1.64755,1.64775,1.00,6.80
2009.07.01 19:40:23.123,1.6475,1.6477,4.20,1.00
2009.07.01 19:40:23.813,1.6475,1.6477,8.60,1.00
2009.07.01 19:40:24.043,1.6475,1.6477,4.80,1.00
2009.07.01 19:40:24.343,1.64755,1.64775,1.00,6.80
2009.07.01 19:40:24.563,1.6475,1.6477,4.80,1.00
2009.07.01 19:40:25.073,1.6475,1.6477,5.00,1.00
2009.07.01 19:40:25.132,1.64755,1.64775,1.00,6.80
2009.07.01 19:40:25.463,1.6475,1.6477,8.60,1.00
2009.07.01 19:40:25.703,1.6475,1.6477,4.60,1.00
2009.07.01 19:40:25.823,1.64755,1.64775,1.00,6.80
2009.07.01 19:40:26.582,1.6475,1.6477,4.80,1.00
2009.07.01 19:40:26.692,1.6475,1.6477,5.00,1.00
2009.07.01 19:40:26.922,1.64755,1.64775,1.00,6.80
2009.07.01 19:40:28.472,1.6475,1.6477,8.60,1.00
2009.07.01 19:40:28.642,1.6475,1.6477,4.60,1.00
2009.07.01 19:40:31.801,1.64745,1.6476,7.00,1.00
2009.07.01 19:40:32.081,1.64745,1.6476,3.20,1.00
2009.07.01 19:40:32.261,1.6474,1.6476,10.80,1.00
2009.07.01 19:40:32.381,1.6474,1.6476,4.60,1.00
2009.07.01 19:40:32.601,1.64745,1.64765,2.40,4.40
2009.07.01 19:40:32.901,1.64745,1.64765,4.00,4.40
2009.07.01 19:40:33.591,1.6475,1.64765,1.60,4.40
2009.07.01 19:40:33.821,1.6474,1.6476,7.00,1.00
2009.07.01 19:40:34.171,1.6475,1.6476,1.20,1.00
2009.07.01 19:40:34.700,1.6474,1.6476,15.20,1.00
2009.07.01 19:40:35.151,1.6474,1.6476,10.80,1.00
2009.07.01 19:40:38.290,1.64755,1.6478,5.20,1.00
2009.07.01 19:40:38.590,1.64755,1.64775,5.20,1.00
2009.07.01 19:40:38.939,1.6476,1.64775,2.20,1.00
2009.07.01 19:40:39.279,1.64765,1.64795,3.00,7.00
2009.07.01 19:40:39.629,1.64775,1.6479,3.00,1.00
2009.07.01 19:40:39.739,1.6478,1.6479,4.00,1.00
2009.07.01 19:40:39.969,1.6478,1.6479,4.00,1.20
2009.07.01 19:40:40.499,1.6478,1.6479,4.00,1.00
2009.07.01 19:40:40.719,1.6478,1.64795,4.00,2.00
2009.07.01 19:40:40.899,1.64775,1.64795,3.00,1.00
2009.07.01 19:40:41.129,1.64775,1.64795,1.00,1.60
2009.07.01 19:40:41.349,1.6477,1.6479,4.20,1.00
2009.07.01 19:40:41.690,1.64765,1.64785,7.00,1.00
2009.07.01 19:40:41.748,1.64775,1.64785,2.20,1.00
2009.07.01 19:40:42.199,1.64775,1.64795,3.00,1.00
2009.07.01 19:40:42.608,1.64775,1.64795,1.00,5.60
2009.07.01 19:40:42.878,1.64775,1.6479,3.00,4.00
2009.07.01 19:40:43.668,1.64775,1.64785,3.00,4.00
2009.07.01 19:40:47.657,1.64785,1.648,2.20,9.60
2009.07.01 19:40:47.997,1.64785,1.648,2.20,5.60
2009.07.01 19:40:49.657,1.6479,1.648,2.20,3.40
2009.07.01 19:40:49.817,1.6479,1.64805,2.20,5.60
2009.07.01 19:40:50.507,1.6479,1.64805,2.20,4.00
2009.07.01 19:40:50.896,1.6479,1.64805,2.20,1.00
2009.07.01 19:40:51.186,1.6479,1.64805,6.20,1.00
2009.07.01 19:40:53.566,1.64785,1.648,6.20,1.00
2009.07.01 19:40:53.626,1.64785,1.648,8.60,1.00
2009.07.01 19:40:53.686,1.64795,1.648,3.80,1.00
2009.07.01 19:40:53.746,1.64795,1.64805,9.20,1.60
2009.07.01 19:40:54.036,1.64795,1.6481,9.20,4.20
2009.07.01 19:40:55.085,1.648,1.6481,4.00,4.20
2009.07.01 19:40:55.435,1.64795,1.6481,5.20,4.20
2009.07.01 19:41:01.744,1.64795,1.6481,5.20,5.00
2009.07.01 19:41:01.974,1.64795,1.6481,7.60,6.20
2009.07.01 19:41:04.163,1.64795,1.64815,5.20,4.40
2009.07.01 19:41:05.963,1.648,1.64815,2.20,4.40
2009.07.01 19:41:08.322,1.64795,1.64815,5.20,7.60
2009.07.01 19:41:08.622,1.64795,1.64815,5.20,7.80
2009.07.01 19:41:08.852,1.64795,1.648,5.20,1.00
2009.07.01 19:41:09.272,1.64795,1.648,5.20,1.20
2009.07.01 19:41:09.722,1.64795,1.648,5.20,1.00
2009.07.01 19:41:10.072,1.64795,1.648,5.20,1.20
2009.07.01 19:41:10.722,1.64795,1.648,5.20,1.00
2009.07.01 19:41:11.241,1.64795,1.648,5.20,1.00
2009.07.01 19:41:11.351,1.64795,1.64815,5.20,7.80
2009.07.01 19:41:16.470,1.64795,1.64815,5.20,7.60
2009.07.01 19:41:16.521,1.64795,1.64815,5.20,7.40
2009.07.01 19:41:19.960,1.64795,1.648,5.20,1.20
2009.07.01 19:41:20.969,1.64795,1.648,1.40,1.20
2009.07.01 19:41:21.489,1.64785,1.648,8.40,1.20
2009.07.01 19:41:22.119,1.64785,1.648,8.40,1.60
2009.07.01 19:41:24.368,1.64785,1.648,8.40,1.60
2009.07.01 19:41:24.548,1.64785,1.648,8.40,1.80
2009.07.01 19:41:28.168,1.64785,1.6479,8.40,1.20
2009.07.01 19:41:38.635,1.64785,1.6479,8.40,1.00
2009.07.01 19:41:39.155,1.64785,1.6479,8.40,1.20
2009.07.01 19:41:40.814,1.64785,1.6479,8.40,1.00
2009.07.01 19:41:41.044,1.64785,1.6479,8.40,1.20
2009.07.01 19:41:44.273,1.64785,1.648,8.40,1.20
2009.07.01 19:41:45.303,1.64785,1.648,8.40,1.40
2009.07.01 19:41:45.603,1.64785,1.648,8.40,1.60
2009.07.01 19:41:46.913,1.64785,1.648,8.40,1.60
2009.07.01 19:41:47.143,1.64785,1.648,8.40,1.80
2009.07.01 19:41:47.803,1.6478,1.6479,5.60,1.00
2009.07.01 19:41:48.033,1.6478,1.6479,7.80,1.00
2009.07.01 19:41:52.332,1.6478,1.6479,7.80,1.00
2009.07.01 19:41:52.682,1.6478,1.6479,7.80,1.00
2009.07.01 19:41:53.151,1.6478,1.6479,7.80,1.60
2009.07.01 19:41:53.371,1.6478,1.6479,7.80,2.00
2009.07.01 19:41:56.951,1.6478,1.6479,7.80,1.60
2009.07.01 19:41:57.231,1.6478,1.6479,9.00,1.60
2009.07.01 19:41:57.291,1.6478,1.6479,7.80,1.40
2009.07.01 19:41:57.531,1.6478,1.6479,7.80,1.60
2009.07.01 19:41:57.590,1.6478,1.6479,7.80,1.40
2009.07.01 19:41:58.400,1.6478,1.6479,7.80,1.60
2009.07.01 19:41:58.750,1.6478,1.6479,7.80,1.60
2009.07.01 19:41:59.320,1.6478,1.6479,7.80,1.60
2009.07.01 19:41:59.560,1.6478,1.6479,9.00,1.60
2009.07.01 19:41:59.741,1.6478,1.6479,9.00,1.00
2009.07.01 19:42:00.410,1.6478,1.6479,7.80,1.00
2009.07.01 19:42:00.710,1.64785,1.648,12.40,1.60
2009.07.01 19:42:02.169,1.64785,1.648,12.40,2.20
2009.07.01 19:42:02.579,1.64785,1.6479,4.00,1.20
2009.07.01 19:42:02.869,1.64785,1.6479,4.00,1.40
2009.07.01 19:42:03.039,1.64785,1.6479,4.00,1.20
2009.07.01 19:42:06.428,1.64785,1.6479,4.00,1.00
2009.07.01 19:42:07.478,1.64785,1.6479,4.00,1.20
2009.07.01 19:42:07.778,1.64785,1.6479,4.00,1.20
2009.07.01 19:42:11.347,1.64785,1.6479,6.20,1.20
2009.07.01 19:42:11.687,1.64785,1.6479,6.20,1.60
2009.07.01 19:42:11.747,1.64785,1.6479,7.80,1.60
2009.07.01 19:42:11.987,1.64785,1.6479,7.80,1.20
2009.07.01 19:42:16.876,1.64785,1.6479,7.80,1.60
2009.07.01 19:42:17.106,1.64785,1.6479,7.80,1.80
2009.07.01 19:42:17.506,1.64785,1.6479,5.60,1.60
2009.07.01 19:42:17.846,1.64785,1.6479,5.60,1.80
2009.07.01 19:42:18.255,1.6479,1.64795,7.60,2.10
2009.07.01 19:42:19.785,1.64785,1.6479,3.80,1.80
2009.07.01 19:42:20.005,1.64785,1.6479,7.80,1.60
2009.07.01 19:42:21.794,1.64785,1.6479,7.80,1.60
2009.07.01 19:42:25.534,1.6479,1.64795,2.20,1.90
2009.07.01 19:42:25.774,1.6479,1.64795,4.00,1.50
2009.07.01 19:42:26.293,1.6479,1.648,7.60,1.90
2009.07.01 19:42:27.593,1.6479,1.648,2.20,1.90
2009.07.01 19:42:27.764,1.6479,1.648,4.00,1.90
2009.07.01 19:42:28.053,1.64785,1.6479,9.50,1.80
2009.07.01 19:42:28.154,1.64785,1.6479,7.80,1.80
2009.07.01 19:42:29.943,1.64785,1.6479,7.80,2.40
2009.07.01 19:42:30.522,1.6479,1.648,2.20,2.40
2009.07.01 19:42:30.752,1.64785,1.6479,8.50,2.00
2009.07.01 19:42:31.262,1.64785,1.6479,12.10,1.40
2009.07.01 19:42:31.662,1.64785,1.6479,7.80,1.80
2009.07.01 19:42:32.082,1.64785,1.6479,7.80,1.60
2009.07.01 19:42:32.622,1.64785,1.6479,7.80,1.60
2009.07.01 19:42:32.792,1.64785,1.6479,7.80,1.80
2009.07.01 19:42:34.081,1.64785,1.6479,7.80,1.60
2009.07.01 19:42:34.553,1.64785,1.6479,7.80,1.60
2009.07.01 19:42:35.421,1.64785,1.6479,7.80,1.60
2009.07.01 19:42:35.541,1.64785,1.6479,7.80,1.80
2009.07.01 19:42:38.121,1.64785,1.6479,7.80,2.00
2009.07.01 19:42:38.680,1.64785,1.6479,4.00,1.20
2009.07.01 19:42:38.971,1.64775,1.6478,3.80,1.20
2009.07.01 19:42:39.680,1.64775,1.6478,3.80,1.80
2009.07.01 19:42:44.479,1.64775,1.6478,4.60,1.00
2009.07.01 19:42:44.769,1.64775,1.64785,4.60,1.00
2009.07.01 19:42:47.718,1.64775,1.6478,8.60,1.00
2009.07.01 19:42:48.399,1.64775,1.6478,8.60,1.20
2009.07.01 19:42:48.788,1.64775,1.6478,8.60,1.20
2009.07.01 19:42:48.898,1.64775,1.64785,8.60,1.00
2009.07.01 19:42:54.627,1.64775,1.64785,9.60,1.00
2009.07.01 19:42:54.797,1.64775,1.6479,9.60,2.00
2009.07.01 19:42:55.846,1.6478,1.6479,4.00,2.00
2009.07.01 19:42:57.016,1.6478,1.6479,5.00,2.00
2009.07.01 19:43:02.235,1.64775,1.6478,9.30,2.40
2009.07.01 19:43:02.405,1.64775,1.6478,9.30,2.40
2009.07.01 19:43:03.195,1.64775,1.6478,9.30,2.40
2009.07.01 19:43:03.305,1.64775,1.6478,9.30,2.20
2009.07.01 19:43:03.644,1.64775,1.6478,9.30,1.00
2009.07.01 19:43:03.695,1.64775,1.6478,8.90,1.00
2009.07.01 19:43:03.755,1.6478,1.6479,1.20,1.00
2009.07.01 19:43:04.224,1.64775,1.6478,7.30,1.00
2009.07.01 19:43:06.124,1.64775,1.6478,7.30,1.00
2009.07.01 19:43:06.474,1.64775,1.6478,7.30,1.00
2009.07.01 19:43:07.844,1.64775,1.6478,7.30,1.20
2009.07.01 19:43:08.603,1.6478,1.6479,7.40,1.50
2009.07.01 19:43:08.783,1.6478,1.6479,7.40,1.60
2009.07.01 19:43:09.183,1.6478,1.6479,5.00,1.60
2009.07.01 19:43:09.413,1.6478,1.6479,4.00,1.20
2009.07.01 19:43:09.883,1.6478,1.6479,4.00,1.60
2009.07.01 19:43:11.852,1.6478,1.6479,4.00,3.00
2009.07.01 19:43:18.121,1.64775,1.6478,9.60,1.80
2009.07.01 19:43:19.851,1.64775,1.6478,9.60,2.20
2009.07.01 19:43:20.150,1.64775,1.6478,9.60,2.80
2009.07.01 19:43:20.880,1.64775,1.6478,12.10,1.40
2009.07.01 19:43:21.100,1.6478,1.64795,9.00,1.00
2009.07.01 19:43:21.270,1.64785,1.648,4.00,1.00
2009.07.01 19:43:21.720,1.6478,1.6479,4.60,4.00
2009.07.01 19:43:22.070,1.6478,1.6479,5.00,4.00
2009.07.01 19:43:22.190,1.64775,1.6478,8.80,1.80
2009.07.01 19:43:22.300,1.64775,1.6478,7.60,1.50
2009.07.01 19:43:22.770,1.6478,1.6479,8.90,5.90
2009.07.01 19:43:22.880,1.64785,1.6479,4.00,1.60
2009.07.01 19:43:22.990,1.64785,1.6479,4.00,1.60
2009.07.01 19:43:23.100,1.64785,1.6479,4.00,1.60
2009.07.01 19:43:23.620,1.64785,1.6479,4.00,1.40
2009.07.01 19:43:23.850,1.6478,1.6479,4.00,3.60
2009.07.01 19:43:26.289,1.6478,1.6479,4.00,2.80
2009.07.01 19:43:26.570,1.6478,1.6479,4.00,5.60
2009.07.01 19:43:26.849,1.6478,1.64785,4.00,1.40
2009.07.01 19:43:27.319,1.64775,1.6478,6.00,1.20
2009.07.01 19:43:27.659,1.64775,1.6478,4.00,1.80
2009.07.01 19:43:28.229,1.6477,1.6478,15.60,1.40
2009.07.01 19:43:28.349,1.64765,1.6477,17.00,1.00
2009.07.01 19:43:28.409,1.6477,1.6478,4.00,1.40
2009.07.01 19:43:28.729,1.64775,1.6478,4.00,1.80
2009.07.01 19:43:29.358,1.64765,1.6477,12.40,1.60
2009.07.01 19:43:30.668,1.64765,1.6477,12.40,1.40
2009.07.01 19:43:31.068,1.64765,1.6477,12.40,1.20
2009.07.01 19:43:31.468,1.64765,1.6477,8.40,1.20
2009.07.01 19:43:31.918,1.6477,1.6478,4.60,1.80
2009.07.01 19:43:32.538,1.6477,1.6478,4.00,1.60
2009.07.01 19:43:32.808,1.6477,1.6478,4.00,2.00
2009.07.01 19:43:33.047,1.6477,1.6478,6.20,2.00
2009.07.01 19:43:33.328,1.64775,1.6478,4.00,2.00
2009.07.01 19:43:34.357,1.6477,1.6478,12.20,1.00
2009.07.01 19:43:34.657,1.6477,1.6478,12.20,1.00
2009.07.01 19:43:35.007,1.6477,1.64785,2.20,2.80
2009.07.01 19:43:35.237,1.6477,1.64785,3.80,2.80
2009.07.01 19:43:37.266,1.6477,1.64785,1.60,2.80
2009.07.01 19:43:37.496,1.64775,1.64785,1.60,2.40
2009.07.01 19:43:37.606,1.64775,1.64785,1.60,4.00
2009.07.01 19:43:37.726,1.64775,1.64785,4.40,4.00
2009.07.01 19:43:37.786,1.64775,1.64785,7.60,4.00
2009.07.01 19:43:38.356,1.64775,1.64785,7.60,2.40
2009.07.01 19:43:54.472,1.64775,1.64785,6.00,2.40
2009.07.01 19:43:54.702,1.6477,1.64785,4.00,2.80
2009.07.01 19:43:56.102,1.6477,1.64785,16.80,2.40
2009.07.01 19:43:59.551,1.6477,1.64785,10.80,2.40
2009.07.01 19:44:02.950,1.64765,1.6477,1.00,4.80
2009.07.01 19:44:04.270,1.64765,1.6477,2.20,4.80
2009.07.01 19:44:04.630,1.64765,1.6477,8.80,4.80
2009.07.01 19:44:04.970,1.64765,1.6477,12.20,4.80
2009.07.01 19:44:05.310,1.64765,1.6477,12.20,4.80
2009.07.01 19:44:07.079,1.64765,1.6477,12.20,5.20
2009.07.01 19:44:07.299,1.64765,1.6477,12.20,4.80
2009.07.01 19:44:10.178,1.64755,1.6476,5.40,4.80
2009.07.01 19:44:10.398,1.64755,1.6476,9.40,4.80
2009.07.01 19:44:10.668,1.64755,1.6476,12.40,4.80
2009.07.01 19:44:11.848,1.6475,1.64755,19.10,1.00
2009.07.01 19:44:12.648,1.6475,1.64755,4.60,1.00
2009.07.01 19:44:12.888,1.64745,1.6475,11.50,1.00
2009.07.01 19:44:14.157,1.64745,1.6475,9.50,1.00
2009.07.01 19:44:14.448,1.6475,1.6476,4.60,4.00
2009.07.01 19:44:14.737,1.64755,1.6477,8.40,3.20
2009.07.01 19:44:15.027,1.64755,1.64775,8.40,4.40
2009.07.01 19:44:15.258,1.64755,1.64775,8.40,1.00
2009.07.01 19:44:16.367,1.64755,1.64765,8.40,4.00
2009.07.01 19:44:18.346,1.6475,1.64765,4.60,4.40
2009.07.01 19:44:18.457,1.6475,1.6476,4.60,4.00
2009.07.01 19:44:18.516,1.6475,1.64765,4.60,4.00
2009.07.01 19:44:18.817,1.6475,1.64765,7.00,4.00
2009.07.01 19:44:18.936,1.64755,1.64765,8.40,4.00
2009.07.01 19:44:19.637,1.64755,1.64765,6.00,4.00
2009.07.01 19:44:20.046,1.6475,1.64765,1.00,4.00
2009.07.01 19:44:20.376,1.6475,1.6476,1.00,4.00
2009.07.01 19:44:21.246,1.6475,1.64765,1.00,4.00
2009.07.01 19:44:21.356,1.64745,1.64765,8.40,4.40
2009.07.01 19:44:22.046,1.64745,1.64765,8.40,1.00
2009.07.01 19:44:22.505,1.6475,1.6477,1.00,1.00
2009.07.01 19:44:23.425,1.64755,1.64775,1.00,9.60
2009.07.01 19:44:23.885,1.64765,1.64775,1.00,4.60
2009.07.01 19:44:24.295,1.64765,1.6477,1.00,1.00
2009.07.01 19:44:25.435,1.64765,1.6477,1.00,1.00
2009.07.01 19:44:25.495,1.64765,1.64785,1.00,3.00
2009.07.01 19:44:33.983,1.64765,1.64785,2.20,3.00
2009.07.01 19:44:34.213,1.6477,1.6478,1.40,4.00
2009.07.01 19:44:34.383,1.6477,1.6478,1.40,1.00
2009.07.01 19:44:34.723,1.6477,1.64785,1.40,5.60
2009.07.01 19:44:35.122,1.6477,1.64785,1.40,2.40
2009.07.01 19:44:39.641,1.6477,1.64785,4.40,2.40
2009.07.01 19:44:40.081,1.6477,1.64785,3.80,2.40
2009.07.01 19:44:40.351,1.6477,1.64785,7.80,2.40
2009.07.01 19:44:40.691,1.6477,1.64785,8.40,2.40
2009.07.01 19:44:43.671,1.6477,1.64785,7.00,2.40
2009.07.01 19:44:43.900,1.64775,1.64785,4.00,2.40
2009.07.01 19:44:44.300,1.6477,1.64785,15.20,2.40
2009.07.01 19:44:45.030,1.6477,1.64785,14.40,2.40
2009.07.01 19:44:45.550,1.6477,1.64785,10.40,2.40
2009.07.01 19:44:47.279,1.6477,1.64785,9.80,2.40
2009.07.01 19:44:47.399,1.6477,1.64785,9.20,2.40
2009.07.01 19:44:48.309,1.6477,1.64785,11.60,2.40
2009.07.01 19:44:48.519,1.6477,1.64785,12.00,2.40
2009.07.01 19:44:50.489,1.6477,1.64785,11.40,2.40
2009.07.01 19:44:50.729,1.6477,1.64785,11.60,2.40
2009.07.01 19:44:51.079,1.6477,1.64785,11.80,2.40
2009.07.01 19:44:51.308,1.6477,1.64785,11.60,2.40
2009.07.01 19:44:55.118,1.64785,1.6479,4.00,2.90
2009.07.01 19:44:55.858,1.64775,1.64785,6.60,2.40
2009.07.01 19:44:56.268,1.6478,1.64785,4.00,2.40
2009.07.01 19:44:56.677,1.6478,1.64785,6.00,2.40
2009.07.01 19:44:56.957,1.6478,1.64785,2.80,2.40
2009.07.01 19:44:58.587,1.6478,1.64785,2.40,2.40
2009.07.01 19:44:58.757,1.6478,1.64785,1.80,2.40
2009.07.01 19:45:00.277,1.6478,1.64785,2.80,2.40
2009.07.01 19:45:01.016,1.64775,1.64795,12.40,1.00
2009.07.01 19:45:02.666,1.64775,1.64795,8.40,1.00
2009.07.01 19:45:03.186,1.6478,1.64795,2.20,1.00
2009.07.01 19:45:03.526,1.6478,1.64795,6.20,1.00
2009.07.01 19:45:03.816,1.64775,1.64795,15.60,1.00
2009.07.01 19:45:13.103,1.64775,1.64785,7.60,1.00
2009.07.01 19:45:14.163,1.64775,1.6479,7.60,1.00
2009.07.01 19:45:20.932,1.64775,1.6479,2.80,1.00
2009.07.01 19:45:21.162,1.6477,1.6479,8.40,1.00
2009.07.01 19:45:34.838,1.6477,1.6479,6.80,1.00
2009.07.01 19:45:35.008,1.6477,1.6479,1.00,1.00
2009.07.01 19:45:35.578,1.6477,1.6479,1.00,2.00
2009.07.01 19:45:35.988,1.6477,1.6479,1.00,5.60
2009.07.01 19:45:39.047,1.64765,1.6478,8.00,1.00
2009.07.01 19:45:39.647,1.64765,1.6478,1.00,1.80
2009.07.01 19:45:40.267,1.6476,1.64775,4.80,1.60
2009.07.01 19:45:40.727,1.6476,1.6478,4.80,5.60
2009.07.01 19:45:42.066,1.6476,1.6478,4.80,1.00
2009.07.01 19:45:42.417,1.64765,1.64785,4.80,5.60
2009.07.01 19:45:42.806,1.64765,1.64785,1.00,5.60
2009.07.01 19:45:44.436,1.6476,1.6478,4.80,1.00
2009.07.01 19:45:44.725,1.6476,1.6478,1.00,1.00
2009.07.01 19:45:48.085,1.64765,1.6478,1.60,1.00
2009.07.01 19:45:48.145,1.64765,1.6478,7.60,1.00
2009.07.01 19:45:48.315,1.64765,1.64785,8.40,9.60
2009.07.01 19:45:48.375,1.64765,1.64785,8.40,5.60
2009.07.01 19:45:49.474,1.64765,1.64785,13.20,4.00
2009.07.01 19:45:49.585,1.6477,1.64785,1.00,3.40
2009.07.01 19:45:49.975,1.6477,1.6479,1.00,5.60
2009.07.01 19:45:52.814,1.6477,1.6479,1.00,4.00
2009.07.01 19:45:53.234,1.6477,1.6479,1.00,3.60
2009.07.01 19:45:53.354,1.6477,1.6479,1.00,1.00
2009.07.01 19:45:56.773,1.6477,1.64775,1.00,1.60
2009.07.01 19:45:57.292,1.64765,1.64775,1.00,5.00
2009.07.01 19:45:57.962,1.6477,1.64775,1.00,5.00
2009.07.01 19:45:58.893,1.6476,1.64775,6.40,5.00
2009.07.01 19:45:59.283,1.6476,1.6477,1.00,1.60
2009.07.01 19:45:59.622,1.6476,1.6477,2.40,5.00
2009.07.01 19:46:00.092,1.64765,1.6477,1.00,5.00
2009.07.01 19:46:01.312,1.6476,1.6477,3.20,5.00
2009.07.01 19:46:01.541,1.6476,1.6477,1.60,5.00
2009.07.01 19:46:03.131,1.6476,1.6477,1.00,5.00
2009.07.01 19:46:03.251,1.64755,1.6477,25.40,5.00
2009.07.01 19:46:03.481,1.64755,1.6477,21.40,5.00
2009.07.01 19:46:03.711,1.64755,1.6477,19.80,5.00
2009.07.01 19:46:05.671,1.64755,1.6477,6.40,3.20
2009.07.01 19:46:05.731,1.64755,1.6477,6.40,7.20
2009.07.01 19:46:05.781,1.64755,1.6477,4.00,7.20
2009.07.01 19:46:05.961,1.64745,1.64765,8.60,1.00
2009.07.01 19:46:06.011,1.64745,1.64765,11.60,2.00
2009.07.01 19:46:06.071,1.6475,1.64765,4.20,1.60
2009.07.01 19:46:06.251,1.6475,1.64765,4.20,1.80
2009.07.01 19:46:06.310,1.6475,1.64765,4.20,5.00
2009.07.01 19:46:06.770,1.6475,1.64765,4.40,5.00
2009.07.01 19:46:06.940,1.6475,1.64765,4.60,5.00
2009.07.01 19:46:10.270,1.6475,1.64765,4.00,5.00
2009.07.01 19:46:11.199,1.6475,1.64765,4.20,5.00
2009.07.01 19:46:11.439,1.6475,1.64765,4.00,5.00
2009.07.01 19:46:14.109,1.6475,1.64765,2.20,5.60
2009.07.01 19:46:24.188,1.6476,1.6477,2.20,6.40
2009.07.01 19:46:31.354,1.6476,1.6477,2.20,6.00
2009.07.01 19:46:31.464,1.6476,1.6477,2.20,1.20
2009.07.01 19:46:36.683,1.64755,1.6477,2.20,1.20
2009.07.01 19:46:41.422,1.6475,1.64765,6.20,1.00
2009.07.01 19:46:43.872,1.6475,1.64765,2.20,1.00
2009.07.01 19:46:44.151,1.64745,1.64765,3.00,1.00
2009.07.01 19:46:45.681,1.6475,1.64765,3.20,1.00
2009.07.01 19:46:45.801,1.64745,1.64765,10.00,1.00
2009.07.01 19:46:46.391,1.6475,1.64765,3.20,1.00
2009.07.01 19:47:07.036,1.6476,1.64775,1.40,5.00
2009.07.01 19:47:07.206,1.6476,1.64775,2.00,5.00
2009.07.01 19:47:10.195,1.6476,1.64775,2.00,5.00
2009.07.01 19:47:10.735,1.6476,1.64775,1.40,5.00
2009.07.01 19:47:11.035,1.6476,1.64775,1.00,5.00
2009.07.01 19:47:12.005,1.6476,1.64775,1.60,5.00
2009.07.01 19:47:12.064,1.6476,1.64775,2.40,5.00
2009.07.01 19:47:13.094,1.6476,1.64775,3.00,5.00
2009.07.01 19:47:13.264,1.6476,1.64775,3.60,5.00
2009.07.01 19:47:15.414,1.6476,1.64775,3.00,5.00
2009.07.01 19:47:15.594,1.6476,1.64775,3.20,5.00
2009.07.01 19:47:15.654,1.6476,1.64775,3.60,5.00
2009.07.01 19:47:18.483,1.6476,1.64775,3.20,5.00
2009.07.01 19:47:18.533,1.6476,1.64775,3.60,5.00
2009.07.01 19:47:26.951,1.64765,1.6478,1.00,4.00
2009.07.01 19:47:27.581,1.64765,1.6478,1.00,1.00
2009.07.01 19:47:44.267,1.6477,1.6478,6.20,1.00
2009.07.01 19:47:44.567,1.6477,1.6478,2.20,1.00
2009.07.01 19:47:48.166,1.64765,1.6478,4.80,1.00
2009.07.01 19:47:48.566,1.64765,1.6478,8.00,1.00
2009.07.01 19:47:48.686,1.6477,1.6478,4.00,1.00
2009.07.01 19:47:48.846,1.64765,1.6478,12.40,1.00
2009.07.01 19:47:49.026,1.64765,1.6478,9.60,1.00
2009.07.01 19:47:49.206,1.64765,1.6478,4.80,1.00
2009.07.01 19:47:49.376,1.64765,1.6478,1.00,1.00
2009.07.01 19:47:49.786,1.64765,1.6478,4.80,1.00
2009.07.01 19:47:55.794,1.64765,1.64785,4.80,2.60
2009.07.01 19:47:55.844,1.64765,1.6478,4.80,2.40
2009.07.01 19:47:55.904,1.64765,1.6478,4.80,5.60
2009.07.01 19:47:56.204,1.64765,1.6478,1.00,4.00
2009.07.01 19:47:56.484,1.64765,1.6478,1.00,3.80
2009.07.01 19:47:56.544,1.64765,1.6478,1.00,1.00
2009.07.01 19:48:04.172,1.64765,1.6478,3.00,1.00
2009.07.01 19:48:04.412,1.64765,1.6478,7.00,1.00
2009.07.01 19:48:04.812,1.6477,1.6478,4.00,1.00
2009.07.01 19:48:23.857,1.64765,1.6478,12.40,1.00
2009.07.01 19:48:40.673,1.6476,1.64775,1.00,3.40
2009.07.01 19:48:40.903,1.6476,1.6477,4.00,1.80
2009.07.01 19:48:43.402,1.6476,1.6477,4.60,1.80
2009.07.01 19:48:43.462,1.6476,1.6477,5.20,1.80
2009.07.01 19:48:43.813,1.6476,1.6477,9.20,1.80
2009.07.01 19:48:43.923,1.64765,1.6477,1.00,1.80
2009.07.01 19:48:44.212,1.64765,1.6478,1.00,2.40
2009.07.01 19:48:44.492,1.6477,1.6478,2.80,2.40
2009.07.01 19:48:45.254,1.6477,1.6478,2.80,3.80
2009.07.01 19:48:45.752,1.6477,1.6478,2.80,5.60
2009.07.01 19:48:49.061,1.64765,1.6478,1.00,5.60
2009.07.01 19:48:49.860,1.64765,1.6478,1.00,7.20
2009.07.01 19:49:04.207,1.64765,1.6477,1.00,1.80
2009.07.01 19:49:04.777,1.64765,1.6477,1.00,1.80
2009.07.01 19:49:10.787,1.64755,1.6476,4.60,1.80
2009.07.01 19:49:19.113,1.64755,1.6478,4.60,4.00
2009.07.01 19:49:21.613,1.64755,1.6478,7.00,4.00
2009.07.01 19:49:32.150,1.64755,1.6478,4.60,2.00
2009.07.01 19:49:34.030,1.64755,1.6478,7.00,2.00
2009.07.01 19:49:34.869,1.64755,1.64775,7.00,1.60
2009.07.01 19:49:35.519,1.64755,1.6478,7.00,2.00
2009.07.01 19:49:35.749,1.64755,1.6477,7.00,1.00
2009.07.01 19:49:35.859,1.64755,1.6477,7.00,1.80
2009.07.01 19:49:36.819,1.64755,1.6477,4.60,1.80
2009.07.01 19:49:37.099,1.64765,1.6477,1.00,1.80
2009.07.01 19:49:38.378,1.64765,1.6478,1.00,5.40
2009.07.01 19:49:47.696,1.64765,1.6478,1.00,2.80
2009.07.01 19:49:47.856,1.64765,1.6478,1.00,2.20
2009.07.01 19:49:51.885,1.6477,1.6478,4.00,1.00
2009.07.01 19:49:51.946,1.6477,1.6478,4.00,2.40
2009.07.01 19:49:55.565,1.6477,1.6478,4.00,3.00
2009.07.01 19:49:55.984,1.6477,1.6478,4.00,2.40
2009.07.01 19:50:00.503,1.6477,1.6478,4.00,3.00
2009.07.01 19:50:00.683,1.6477,1.6478,4.00,3.40
2009.07.01 19:50:02.233,1.6476,1.6478,12.60,4.00
2009.07.01 19:50:02.513,1.64765,1.6478,4.80,3.40
2009.07.01 19:50:02.863,1.6477,1.6478,4.00,3.40
2009.07.01 19:50:03.373,1.6476,1.6478,1.00,5.60
2009.07.01 19:50:03.543,1.6476,1.6478,4.80,5.20
2009.07.01 19:50:03.763,1.6476,1.6478,4.80,3.60
2009.07.01 19:50:03.933,1.6476,1.64775,4.80,1.60
2009.07.01 19:50:04.433,1.6476,1.64775,1.00,4.00
2009.07.01 19:50:05.212,1.64765,1.64775,1.00,4.00
2009.07.01 19:50:05.512,1.6476,1.64775,1.00,4.00
2009.07.01 19:50:16.110,1.6476,1.64775,1.00,4.60
2009.07.01 19:50:17.269,1.6476,1.64775,1.00,4.80
2009.07.01 19:50:17.560,1.6476,1.64775,1.00,4.80
2009.07.01 19:50:18.149,1.6476,1.64775,3.00,4.00
2009.07.01 19:50:18.379,1.64765,1.64775,1.00,4.00
2009.07.01 19:50:18.559,1.64765,1.64775,1.00,1.60
2009.07.01 19:50:22.448,1.64765,1.6478,1.00,4.00
2009.07.01 19:50:22.798,1.64765,1.6478,1.00,2.40
2009.07.01 19:50:23.088,1.64765,1.6478,3.80,2.40
2009.07.01 19:50:23.208,1.64765,1.6478,3.80,2.20
2009.07.01 19:50:23.318,1.64765,1.6478,3.80,1.00
2009.07.01 19:50:23.488,1.64765,1.6478,3.80,1.00
2009.07.01 19:50:23.608,1.64765,1.6478,3.80,2.40
2009.07.01 19:50:24.597,1.64765,1.6478,1.00,2.40
2009.07.01 19:50:28.157,1.64765,1.6478,1.00,4.00
2009.07.01 19:50:28.437,1.64765,1.6478,1.00,2.40
2009.07.01 19:50:28.657,1.64765,1.6478,1.00,1.00
2009.07.01 19:50:29.067,1.64765,1.6478,1.00,2.40
2009.07.01 19:50:29.306,1.6476,1.6478,1.40,3.00
2009.07.01 19:50:29.536,1.6476,1.6478,1.00,3.40
2009.07.01 19:50:29.886,1.6476,1.6478,1.00,4.00
2009.07.01 19:50:31.276,1.6476,1.6478,1.00,3.40
2009.07.01 19:50:31.626,1.6476,1.6478,1.00,3.00
2009.07.01 19:50:31.746,1.6476,1.6478,1.00,1.00
2009.07.01 19:50:31.806,1.6476,1.6478,1.40,5.00
2009.07.01 19:50:32.076,1.6476,1.6478,2.00,5.00
2009.07.01 19:50:32.186,1.6476,1.6478,1.20,5.00
2009.07.01 19:50:32.456,1.6476,1.6478,1.00,7.00
2009.07.01 19:50:32.806,1.6476,1.6478,1.60,4.60
2009.07.01 19:50:33.146,1.6476,1.6478,3.00,8.60
2009.07.01 19:50:33.497,1.6476,1.6478,5.20,4.60
2009.07.01 19:50:33.905,1.6476,1.6478,6.20,7.00
2009.07.01 19:50:34.316,1.6476,1.6478,6.80,4.60
2009.07.01 19:50:34.725,1.6476,1.6478,6.20,7.00
2009.07.01 19:50:35.295,1.6476,1.6477,1.00,1.00
2009.07.01 19:50:35.645,1.6476,1.6477,2.20,1.00
2009.07.01 19:50:39.514,1.6476,1.6477,1.00,1.00
2009.07.01 19:50:44.663,1.6476,1.6477,1.00,1.00
2009.07.01 19:50:46.522,1.6476,1.6477,1.00,1.00
2009.07.01 19:50:46.702,1.6476,1.6477,1.00,1.20
2009.07.01 19:50:49.552,1.6476,1.6477,1.00,1.00
2009.07.01 19:50:49.671,1.6476,1.6477,1.00,1.20
2009.07.01 19:50:53.041,1.6476,1.6477,1.00,3.00
2009.07.01 19:50:53.161,1.6476,1.6477,1.00,2.80
2009.07.01 19:50:55.240,1.6476,1.6477,2.20,2.80
2009.07.01 19:51:00.649,1.6476,1.6477,3.80,2.80
2009.07.01 19:51:00.829,1.6476,1.6477,5.40,2.80
2009.07.01 19:51:01.389,1.6476,1.6477,5.40,1.20
2009.07.01 19:51:01.608,1.6476,1.6477,3.80,1.20
2009.07.01 19:51:02.178,1.6476,1.6477,5.40,1.20
2009.07.01 19:51:02.519,1.6476,1.6477,3.80,1.20
2009.07.01 19:51:02.798,1.6476,1.6477,2.20,1.20
2009.07.01 19:51:03.028,1.6476,1.6477,2.20,1.20
2009.07.01 19:51:10.616,1.6476,1.6477,2.20,1.60
2009.07.01 19:51:10.976,1.6476,1.6477,1.00,1.60
2009.07.01 19:51:11.266,1.64755,1.6477,3.80,1.60
2009.07.01 19:51:11.387,1.64755,1.6477,2.20,1.80
2009.07.01 19:51:12.386,1.64755,1.6477,2.20,1.60
2009.07.01 19:51:15.015,1.64755,1.6477,2.20,1.20
2009.07.01 19:51:15.296,1.64755,1.6477,5.40,1.20
2009.07.01 19:51:16.025,1.64755,1.6477,2.20,1.80
2009.07.01 19:51:16.305,1.64755,1.6477,1.00,3.40
2009.07.01 19:51:16.825,1.64755,1.6477,1.00,3.00
2009.07.01 19:51:17.925,1.64755,1.6477,1.00,3.00
2009.07.01 19:51:18.614,1.64755,1.6477,1.00,2.80
2009.07.01 19:51:18.975,1.64755,1.6477,2.20,2.80
2009.07.01 19:51:19.324,1.64755,1.6477,5.40,2.80
2009.07.01 19:51:20.064,1.64755,1.6477,5.40,3.00
2009.07.01 19:51:20.334,1.64755,1.6477,5.40,3.00
2009.07.01 19:51:21.134,1.64755,1.6477,3.80,3.00
2009.07.01 19:51:21.304,1.64755,1.6477,2.20,3.00
2009.07.01 19:51:22.104,1.64755,1.6477,2.20,1.40
2009.07.01 19:51:22.274,1.64755,1.6477,2.20,1.20
2009.07.01 19:51:27.153,1.64755,1.6477,2.20,1.40
2009.07.01 19:51:27.272,1.64755,1.6477,2.20,1.60
2009.07.01 19:51:27.492,1.6475,1.6477,12.60,2.00
2009.07.01 19:51:27.613,1.6475,1.6477,11.00,2.00
2009.07.01 19:51:27.912,1.6475,1.6477,3.80,2.00
2009.07.01 19:51:28.132,1.6475,1.6477,1.00,2.00
2009.07.01 19:51:29.182,1.6475,1.6477,2.20,2.00
2009.07.01 19:51:29.542,1.6475,1.6477,3.80,2.00
2009.07.01 19:51:29.722,1.6475,1.64765,3.20,1.00
2009.07.01 19:51:30.182,1.6475,1.6476,1.60,1.20
2009.07.01 19:51:30.292,1.64745,1.6476,9.40,1.20
2009.07.01 19:51:30.522,1.64745,1.6476,9.40,1.00
2009.07.01 19:51:30.862,1.64745,1.6476,5.40,1.20
2009.07.01 19:51:31.202,1.64745,1.6476,5.40,1.00
2009.07.01 19:51:31.551,1.64745,1.6476,5.40,2.80
2009.07.01 19:51:31.951,1.64745,1.6476,5.40,3.00
2009.07.01 19:51:32.461,1.64745,1.6476,5.40,3.00
2009.07.01 19:51:32.631,1.64745,1.6476,5.40,2.80
2009.07.01 19:51:33.741,1.64745,1.64755,4.80,1.00
2009.07.01 19:51:33.911,1.64745,1.64755,3.20,1.00
2009.07.01 19:51:33.971,1.64745,1.64755,1.60,1.00
2009.07.01 19:51:36.360,1.64745,1.6476,1.60,2.80
2009.07.01 19:51:36.540,1.64745,1.6475,1.60,1.00
2009.07.01 19:51:36.650,1.64745,1.6475,1.60,1.00
2009.07.01 19:51:45.378,1.64745,1.6475,1.60,1.20
2009.07.01 19:51:45.678,1.64745,1.6475,1.60,1.00
2009.07.01 19:51:49.217,1.64745,1.6475,1.60,1.00
2009.07.01 19:51:49.337,1.64745,1.6476,1.60,2.40
2009.07.01 19:51:50.827,1.6474,1.6476,6.40,2.40
2009.07.01 19:51:53.156,1.6474,1.6476,6.40,2.40
2009.07.01 19:51:53.336,1.6474,1.6476,7.00,2.00
2009.07.01 19:51:53.396,1.6474,1.6476,7.60,2.00
2009.07.01 19:51:53.686,1.6474,1.6476,6.40,2.00
2009.07.01 19:51:54.506,1.64745,1.6476,2.20,2.00
2009.07.01 19:51:54.776,1.64755,1.6476,4.00,2.00
2009.07.01 19:51:55.186,1.6475,1.6476,4.00,2.00
2009.07.01 19:51:55.536,1.64745,1.6476,1.60,2.00
2009.07.01 19:51:56.386,1.64745,1.6476,4.00,2.00
2009.07.01 19:52:00.295,1.64745,1.6476,5.00,2.00
2009.07.01 19:52:00.645,1.6475,1.6476,4.00,2.00
2009.07.01 19:52:00.995,1.6475,1.6476,4.00,1.00
2009.07.01 19:52:01.344,1.64755,1.64765,4.00,2.00
2009.07.01 19:52:01.804,1.6475,1.64765,4.00,2.00
2009.07.01 19:52:04.334,1.6475,1.6476,4.00,1.00
2009.07.01 19:52:11.772,1.6475,1.6476,4.00,4.00
2009.07.01 19:52:17.011,1.6475,1.6476,5.00,4.00
2009.07.01 19:52:17.241,1.64755,1.6476,4.00,4.00
2009.07.01 19:52:17.880,1.6475,1.6476,5.60,4.00
2009.07.01 19:52:21.660,1.64755,1.6476,4.00,4.00
2009.07.01 19:52:22.179,1.6475,1.6476,5.60,4.00
2009.07.01 19:52:23.779,1.6475,1.6476,6.60,4.00
2009.07.01 19:52:23.949,1.64755,1.6476,4.00,4.00
2009.07.01 19:52:24.899,1.64755,1.6476,4.00,1.80
2009.07.01 19:52:50.322,1.6476,1.6477,1.60,2.00
2009.07.01 19:52:50.672,1.6476,1.64765,1.60,1.00
2009.07.01 19:53:00.210,1.64755,1.6477,5.60,2.00
2009.07.01 19:53:08.318,1.64755,1.6477,4.00,2.00
2009.07.01 19:53:08.718,1.64755,1.6477,4.00,2.40
2009.07.01 19:53:09.858,1.64755,1.6477,4.00,2.80
2009.07.01 19:53:10.158,1.64755,1.6476,4.00,1.00
2009.07.01 19:53:10.808,1.6475,1.6476,4.80,1.20
2009.07.01 19:53:11.108,1.64745,1.6476,6.40,1.00
2009.07.01 19:53:11.388,1.64745,1.6476,6.40,1.00
2009.07.01 19:53:12.018,1.64745,1.64765,2.40,1.00
2009.07.01 19:53:12.657,1.64745,1.6476,2.40,1.00
2009.07.01 19:53:15.686,1.64745,1.6476,2.40,1.00
2009.07.01 19:53:15.916,1.64745,1.64765,2.40,1.00
2009.07.01 19:53:17.996,1.64745,1.64765,2.40,2.00
2009.07.01 19:53:18.356,1.64745,1.6476,2.40,1.00
2009.07.01 19:53:18.706,1.64745,1.64765,2.40,2.00
2009.07.01 19:53:18.876,1.64745,1.6476,2.40,1.00
2009.07.01 19:53:18.935,1.64745,1.6476,2.40,1.00
2009.07.01 19:53:19.405,1.6474,1.6475,5.60,1.00
2009.07.01 19:53:19.525,1.6474,1.6475,4.00,1.20
2009.07.01 19:53:19.585,1.64735,1.6475,2.20,1.20
2009.07.01 19:53:19.645,1.64735,1.64745,2.20,1.00
2009.07.01 19:53:19.817,1.6473,1.64745,8.00,1.20
2009.07.01 19:53:20.045,1.6473,1.64745,4.00,1.20
2009.07.01 19:53:25.184,1.6473,1.64745,1.60,1.00
2009.07.01 19:53:25.964,1.64725,1.64745,2.40,1.00
2009.07.01 19:53:26.144,1.64725,1.64745,2.40,3.60
2009.07.01 19:53:26.254,1.64725,1.6474,2.40,4.00
2009.07.01 19:53:27.103,1.6473,1.6474,1.00,4.00
2009.07.01 19:53:27.383,1.6473,1.64745,1.00,7.60
2009.07.01 19:53:27.604,1.64725,1.6474,2.40,3.20
2009.07.01 19:53:27.773,1.64725,1.6474,2.40,4.00
2009.07.01 19:53:28.353,1.6472,1.64735,2.20,1.20
2009.07.01 19:53:28.754,1.6472,1.64735,2.20,5.20
2009.07.01 19:53:29.803,1.64715,1.64735,6.20,5.20
2009.07.01 19:53:34.982,1.64715,1.64735,10.20,1.20
2009.07.01 19:53:38.441,1.64715,1.6473,10.20,1.00
2009.07.01 19:53:38.771,1.64715,1.6473,10.20,1.00
2009.07.01 19:53:39.111,1.64715,1.6473,10.20,1.20
2009.07.01 19:53:40.061,1.64715,1.6473,8.60,1.60
2009.07.01 19:53:40.531,1.64715,1.6473,7.00,1.20
2009.07.01 19:53:40.881,1.6472,1.6473,2.20,1.00
2009.07.01 19:53:41.810,1.64715,1.6472,7.00,1.60
2009.07.01 19:53:42.050,1.64715,1.6472,7.00,1.00
2009.07.01 19:53:42.270,1.64725,1.64735,2.40,1.20
2009.07.01 19:53:42.560,1.6472,1.64735,6.40,1.00
2009.07.01 19:53:42.840,1.6472,1.6473,2.20,1.00
2009.07.01 19:53:43.080,1.64715,1.6473,6.20,1.80
2009.07.01 19:53:43.380,1.6472,1.6473,2.20,1.20
2009.07.01 19:53:43.730,1.64715,1.6473,8.60,1.00
2009.07.01 19:53:44.130,1.64715,1.64735,11.40,1.20
2009.07.01 19:53:44.669,1.64715,1.64735,14.60,1.20
2009.07.01 19:53:45.539,1.64715,1.6473,14.60,1.00
2009.07.01 19:53:45.709,1.64715,1.6473,14.60,1.00
2009.07.01 19:53:45.999,1.64715,1.6473,14.60,1.20
2009.07.01 19:53:46.459,1.64715,1.6472,17.00,1.00
2009.07.01 19:53:47.879,1.64715,1.6472,17.00,1.00
2009.07.01 19:53:48.280,1.64715,1.64735,14.60,1.20
2009.07.01 19:53:49.678,1.6472,1.64735,2.20,1.20
2009.07.01 19:53:52.497,1.6472,1.6473,2.20,1.00
2009.07.01 19:53:52.727,1.6472,1.6473,2.20,1.00
2009.07.01 19:53:53.837,1.6472,1.6473,2.20,1.20
2009.07.01 19:53:57.356,1.6472,1.6473,2.20,1.00
2009.07.01 19:54:00.006,1.6472,1.6473,2.20,1.00
2009.07.01 19:54:00.246,1.6472,1.64735,2.20,1.20
2009.07.01 19:54:00.476,1.64715,1.64735,6.80,1.20
2009.07.01 19:54:00.595,1.6472,1.64735,2.20,1.20
2009.07.01 19:54:01.385,1.64715,1.64735,6.80,1.20
2009.07.01 19:54:01.955,1.64715,1.6473,10.00,4.40
2009.07.01 19:54:02.185,1.6472,1.6473,2.20,3.20
2009.07.01 19:54:02.355,1.64715,1.6473,14.80,3.20
2009.07.01 19:54:02.535,1.6472,1.6473,2.20,1.80
2009.07.01 19:54:02.765,1.6472,1.6473,2.20,2.60
2009.07.01 19:54:02.885,1.64715,1.6473,21.80,2.60
2009.07.01 19:54:02.995,1.64715,1.6473,6.20,3.20
2009.07.01 19:54:03.175,1.64715,1.6473,2.20,3.20
2009.07.01 19:54:03.515,1.64715,1.6473,2.20,3.40
2009.07.01 19:54:03.785,1.64715,1.6473,2.20,3.80
2009.07.01 19:54:07.944,1.64715,1.6473,2.20,3.20
2009.07.01 19:54:18.141,1.64725,1.64735,1.00,4.00
2009.07.01 19:54:18.321,1.6472,1.6473,4.00,1.20
2009.07.01 19:54:18.381,1.64715,1.6473,4.80,1.20
2009.07.01 19:54:18.441,1.64715,1.6473,3.20,2.80
2009.07.01 19:54:18.551,1.64715,1.6473,3.20,3.20
2009.07.01 19:54:18.731,1.6472,1.6473,3.80,3.20
2009.07.01 19:54:18.791,1.64725,1.64735,1.00,4.00
2009.07.01 19:54:18.911,1.64725,1.6473,1.00,1.80
2009.07.01 19:54:20.631,1.64725,1.6473,3.00,1.80
2009.07.01 19:54:21.221,1.64725,1.6474,3.00,1.20
2009.07.01 19:54:22.600,1.64725,1.6474,7.00,1.20
2009.07.01 19:54:23.000,1.64725,1.6473,3.00,1.00
2009.07.01 19:54:23.280,1.64725,1.6473,3.00,1.20
2009.07.01 19:54:23.500,1.64725,1.6473,3.00,1.00
2009.07.01 19:54:23.830,1.64725,1.64745,3.00,5.20
2009.07.01 19:54:24.580,1.64725,1.64745,3.00,1.20
2009.07.01 19:54:25.201,1.64725,1.64745,7.00,1.20
2009.07.01 19:54:25.590,1.64725,1.64745,3.00,1.20
2009.07.01 19:54:26.000,1.64725,1.64745,7.00,1.20
2009.07.01 19:54:32.798,1.64725,1.6474,2.20,1.20
2009.07.01 19:54:32.848,1.6472,1.6474,8.60,1.20
2009.07.01 19:54:33.088,1.64725,1.6474,2.20,1.20
2009.07.01 19:54:44.315,1.6472,1.64735,2.20,1.20
2009.07.01 19:54:46.254,1.6472,1.6473,2.20,1.00
2009.07.01 19:54:46.534,1.6472,1.6473,2.20,1.00
2009.07.01 19:54:47.054,1.6472,1.6473,2.20,1.00
2009.07.01 19:54:47.284,1.6472,1.6473,2.20,1.00
2009.07.01 19:54:47.514,1.64715,1.6473,8.80,1.00
2009.07.01 19:54:50.134,1.6472,1.6473,2.20,1.00
2009.07.01 19:54:50.193,1.6472,1.6473,2.20,1.20
2009.07.01 19:54:51.363,1.6472,1.6473,2.20,1.00
2009.07.01 19:54:57.922,1.64715,1.6472,5.50,1.00
2009.07.01 19:54:58.152,1.64715,1.6472,5.50,1.00
2009.07.01 19:54:59.821,1.64715,1.6472,5.50,1.00
2009.07.01 19:54:59.981,1.6472,1.6473,2.20,1.00
2009.07.01 19:55:14.738,1.6472,1.6473,2.20,1.00
2009.07.01 19:55:14.848,1.6472,1.6473,2.20,1.00
2009.07.01 19:55:15.187,1.64715,1.6473,8.80,1.00
2009.07.01 19:55:16.547,1.64715,1.6473,8.60,1.00
2009.07.01 19:55:17.997,1.64715,1.6473,8.60,1.00
2009.07.01 19:55:18.267,1.64715,1.64735,8.60,1.20
2009.07.01 19:55:18.437,1.6472,1.64735,2.20,1.20
2009.07.01 19:55:19.587,1.6472,1.6473,2.20,1.00
2009.07.01 19:55:19.757,1.6472,1.6473,2.20,1.00
2009.07.01 19:55:21.366,1.6472,1.64735,6.20,1.20
2009.07.01 19:55:34.623,1.6472,1.64735,4.00,1.20
2009.07.01 19:55:52.988,1.6473,1.64745,1.00,2.00
2009.07.01 19:55:53.048,1.6473,1.64745,1.20,2.00
2009.07.01 19:55:54.288,1.6473,1.64745,1.00,2.00
2009.07.01 19:55:54.528,1.6473,1.64745,1.20,2.00
2009.07.01 19:55:55.268,1.6473,1.64745,1.00,2.00
2009.07.01 19:55:55.378,1.64725,1.64745,4.80,2.00
2009.07.01 19:55:55.488,1.64725,1.64745,4.80,1.00
2009.07.01 19:55:55.668,1.6473,1.64745,1.80,1.00
2009.07.01 19:55:56.778,1.6473,1.64745,1.60,1.00
2009.07.01 19:55:56.887,1.6473,1.64745,1.20,1.00
2009.07.01 19:55:57.127,1.6473,1.64745,1.80,1.00
2009.07.01 19:55:59.717,1.6473,1.64745,1.60,1.00
2009.07.01 19:56:00.007,1.6473,1.64745,1.80,1.00
2009.07.01 19:56:09.874,1.6473,1.64745,2.40,1.00
2009.07.01 19:56:12.804,1.6473,1.64745,2.20,1.00
2009.07.01 19:56:12.914,1.6473,1.64745,1.60,1.00
2009.07.01 19:56:14.004,1.6473,1.64745,2.20,1.00
2009.07.01 19:56:14.413,1.6473,1.64745,2.80,1.00
2009.07.01 19:56:15.283,1.6473,1.64745,2.20,1.00
2009.07.01 19:56:15.523,1.6473,1.64745,1.60,1.00
2009.07.01 19:56:16.033,1.6473,1.64745,2.20,1.00
2009.07.01 19:56:30.509,1.6473,1.64745,2.20,1.00
2009.07.01 19:56:30.969,1.6473,1.64745,1.60,1.00
2009.07.01 19:56:34.008,1.6473,1.64745,2.40,1.00
2009.07.01 19:56:36.048,1.6473,1.64745,3.20,1.00
2009.07.01 19:56:36.448,1.6473,1.64745,3.20,1.00
2009.07.01 19:56:36.618,1.6473,1.64745,3.40,1.00
2009.07.01 19:56:37.018,1.6473,1.64745,3.20,1.00
2009.07.01 19:56:37.238,1.6473,1.64745,3.20,1.00
2009.07.01 19:56:37.937,1.6473,1.64745,3.20,1.00
2009.07.01 19:56:37.997,1.6473,1.64745,3.40,1.00
2009.07.01 19:56:44.246,1.6473,1.64745,1.00,1.00
2009.07.01 19:56:47.365,1.6473,1.64745,1.00,1.00
2009.07.01 19:56:47.475,1.6473,1.64745,1.20,1.00
2009.07.01 19:56:49.395,1.64725,1.6475,4.80,7.20
2009.07.01 19:56:49.845,1.6473,1.6475,1.20,3.20
2009.07.01 19:56:50.515,1.6473,1.6475,1.40,3.20
2009.07.01 19:56:50.625,1.6473,1.6475,1.80,3.20
2009.07.01 19:56:56.353,1.6473,1.6475,1.20,3.20
2009.07.01 19:57:03.301,1.6473,1.6475,1.00,4.80
2009.07.01 19:57:03.361,1.6473,1.6475,1.20,4.80
2009.07.01 19:57:03.632,1.6473,1.64745,1.20,5.00
2009.07.01 19:57:04.841,1.6473,1.6475,1.20,3.20
2009.07.01 19:57:05.401,1.6473,1.6475,1.60,3.20
2009.07.01 19:57:05.761,1.6473,1.6475,1.40,3.20
2009.07.01 19:57:05.821,1.6473,1.6475,1.20,3.20
2009.07.01 19:57:06.431,1.6473,1.6475,1.40,3.20
2009.07.01 19:57:06.551,1.6473,1.6475,1.20,3.20
2009.07.01 19:57:08.410,1.6472,1.6475,1.60,3.20
2009.07.01 19:57:08.870,1.6473,1.6475,1.00,3.20
2009.07.01 19:57:08.990,1.6473,1.6475,1.20,3.20
2009.07.01 19:57:20.108,1.6472,1.64745,1.60,1.80
2009.07.01 19:57:20.408,1.6472,1.64745,1.60,5.00
2009.07.01 19:57:20.587,1.6472,1.64745,3.80,5.00
2009.07.01 19:57:21.897,1.6472,1.64745,1.60,5.00
2009.07.01 19:57:26.296,1.6472,1.64735,6.20,1.20
2009.07.01 19:57:27.636,1.6472,1.64735,4.00,1.20
2009.07.01 19:57:27.975,1.6472,1.64735,6.20,1.20
2009.07.01 19:57:28.315,1.6472,1.64735,4.00,1.20
2009.07.01 19:57:28.375,1.6472,1.64735,6.20,1.20
2009.07.01 19:57:29.115,1.64725,1.64735,4.00,1.20
2009.07.01 19:57:29.795,1.6472,1.64735,6.20,1.20
2009.07.01 19:57:30.205,1.6472,1.64735,4.00,1.20
2009.07.01 19:57:30.435,1.6472,1.6474,22.60,4.40
2009.07.01 19:57:30.705,1.64725,1.6474,4.00,2.00
2009.07.01 19:57:31.105,1.64725,1.6474,4.00,1.00
2009.07.01 19:57:31.625,1.64725,1.64745,6.40,1.00
2009.07.01 19:57:31.915,1.64725,1.64745,12.40,1.00
2009.07.01 19:57:34.484,1.64725,1.6474,12.40,1.00
2009.07.01 19:57:34.644,1.64725,1.6474,12.40,1.00
2009.07.01 19:57:34.984,1.64725,1.6474,4.00,1.00
2009.07.01 19:57:36.933,1.64725,1.6474,4.00,1.40
2009.07.01 19:57:39.093,1.64725,1.6474,12.40,1.20
2009.07.01 19:57:39.963,1.64725,1.6474,12.40,1.00
2009.07.01 19:57:46.151,1.6472,1.64725,16.40,1.20
2009.07.01 19:57:46.481,1.6472,1.64725,16.00,1.20
2009.07.01 19:57:46.841,1.6472,1.64725,16.80,1.20
2009.07.01 19:57:56.628,1.6472,1.64725,15.20,1.20
2009.07.01 19:57:56.899,1.6472,1.64725,12.20,1.20
2009.07.01 19:57:59.838,1.6472,1.64725,13.60,1.20
2009.07.01 19:57:59.898,1.64715,1.64725,13.00,1.20
2009.07.01 19:58:00.408,1.64715,1.64725,12.80,1.20
2009.07.01 19:58:00.578,1.64715,1.64725,12.40,1.20
2009.07.01 19:58:01.208,1.64715,1.64725,12.80,1.20
2009.07.01 19:58:01.497,1.64715,1.64725,13.00,1.20
2009.07.01 19:58:05.607,1.64715,1.64725,12.80,1.20
2009.07.01 19:58:05.726,1.64715,1.64725,12.40,1.20
2009.07.01 19:58:07.936,1.64715,1.64725,11.20,1.20
2009.07.01 19:58:09.976,1.6471,1.64715,10.40,1.00
2009.07.01 19:58:10.206,1.6471,1.64715,6.00,1.00
2009.07.01 19:58:10.536,1.6471,1.64715,1.20,8.10
2009.07.01 19:58:10.705,1.647,1.6471,4.90,1.00
2009.07.01 19:58:11.565,1.6471,1.64715,1.00,6.70
2009.07.01 19:58:11.925,1.6471,1.64715,1.20,6.70
2009.07.01 19:58:12.275,1.6471,1.64715,1.00,6.70
2009.07.01 19:58:12.675,1.6471,1.64715,1.20,6.70
2009.07.01 19:58:13.035,1.6471,1.6472,6.60,3.20
2009.07.01 19:58:13.155,1.6471,1.6472,4.00,3.20
2009.07.01 19:58:13.215,1.64705,1.6471,4.80,1.00
2009.07.01 19:58:13.454,1.647,1.6471,1.60,1.00
2009.07.01 19:58:13.734,1.64715,1.6472,1.00,7.60
2009.07.01 19:58:14.085,1.64715,1.6473,1.00,1.00
2009.07.01 19:58:14.304,1.6471,1.6473,2.00,1.00
2009.07.01 19:58:15.724,1.6471,1.6473,9.60,1.00
2009.07.01 19:58:16.234,1.6471,1.6473,9.00,1.00
2009.07.01 19:58:16.524,1.6471,1.6473,9.60,1.00
2009.07.01 19:58:18.134,1.6471,1.6473,11.20,1.00
2009.07.01 19:58:18.243,1.64715,1.6473,1.00,1.00
2009.07.01 19:58:18.474,1.64715,1.6472,1.00,4.00
2009.07.01 19:58:18.654,1.647,1.6472,9.40,4.40
2009.07.01 19:58:19.283,1.647,1.6472,11.80,1.00
2009.07.01 19:58:24.352,1.64705,1.64715,7.60,1.00
2009.07.01 19:58:25.162,1.64705,1.6471,7.60,4.00
2009.07.01 19:58:25.442,1.64705,1.64715,7.60,1.00
2009.07.01 19:58:25.622,1.64705,1.64715,2.80,1.00
2009.07.01 19:58:25.842,1.647,1.6471,8.20,1.00
2009.07.01 19:58:26.172,1.647,1.6471,4.00,1.00
2009.07.01 19:58:26.512,1.647,1.6471,4.00,3.60
2009.07.01 19:58:26.991,1.64695,1.6471,4.60,3.60
2009.07.01 19:58:27.671,1.647,1.64705,1.00,1.00
2009.07.01 19:58:27.971,1.647,1.64705,1.00,3.60
2009.07.01 19:58:29.711,1.647,1.64705,1.60,3.60
2009.07.01 19:58:29.931,1.647,1.64705,2.40,3.60
2009.07.01 19:58:30.680,1.647,1.64705,1.00,3.60
2009.07.01 19:58:30.980,1.647,1.64705,1.00,3.60
2009.07.01 19:58:33.959,1.647,1.64705,1.00,1.00
2009.07.01 19:58:35.029,1.6469,1.64695,1.10,1.00
2009.07.01 19:58:35.369,1.6469,1.64695,3.00,1.00
2009.07.01 19:58:40.199,1.6469,1.647,1.00,3.20
2009.07.01 19:58:40.488,1.64685,1.647,1.00,3.20
2009.07.01 19:58:42.417,1.64685,1.647,4.80,3.20
2009.07.01 19:58:42.528,1.64695,1.647,1.60,3.20
2009.07.01 19:58:42.748,1.6469,1.64705,5.40,3.20
2009.07.01 19:58:42.858,1.64685,1.64705,8.60,1.00
2009.07.01 19:58:43.088,1.64685,1.64705,6.40,1.00
2009.07.01 19:58:43.198,1.64685,1.647,8.40,1.00
2009.07.01 19:58:43.488,1.64675,1.64695,6.80,1.20
2009.07.01 19:58:44.887,1.64675,1.64695,9.20,1.20
2009.07.01 19:58:45.127,1.6468,1.64695,4.60,1.20
2009.07.01 19:58:48.516,1.64685,1.647,4.00,3.80
2009.07.01 19:58:48.746,1.64685,1.64695,8.40,3.20
2009.07.01 19:58:48.916,1.64685,1.647,8.40,3.20
2009.07.01 19:58:49.726,1.64685,1.64695,8.40,3.20
2009.07.01 19:58:50.686,1.64685,1.6469,6.00,3.20
2009.07.01 19:58:51.155,1.6468,1.6469,9.80,3.20
2009.07.01 19:58:51.445,1.6468,1.64685,9.80,3.20
2009.07.01 19:58:51.736,1.6468,1.64695,9.80,3.60
2009.07.01 19:58:54.275,1.6468,1.64695,9.60,3.60
2009.07.01 19:58:54.325,1.6468,1.64695,9.80,3.60
2009.07.01 19:58:55.345,1.6468,1.64685,9.80,3.20
2009.07.01 19:58:57.654,1.6468,1.64695,9.80,3.60
2009.07.01 19:58:57.934,1.6468,1.64695,10.40,3.60
2009.07.01 19:58:58.455,1.6468,1.64695,9.80,3.60
2009.07.01 19:58:58.794,1.6468,1.64685,9.80,3.20
2009.07.01 19:58:59.194,1.6468,1.6469,9.80,3.20
2009.07.01 19:58:59.524,1.6468,1.64685,9.80,3.20
2009.07.01 19:59:00.564,1.64675,1.64695,6.80,1.20
2009.07.01 19:59:00.784,1.64675,1.64695,6.80,1.20
2009.07.01 19:59:04.312,1.64675,1.64695,7.20,1.20
2009.07.01 19:59:04.612,1.64675,1.64695,8.80,1.20
2009.07.01 19:59:05.832,1.64675,1.64695,8.40,1.20
2009.07.01 19:59:07.292,1.64675,1.64695,7.80,1.20
2009.07.01 19:59:10.341,1.64675,1.64695,7.60,1.20
2009.07.01 19:59:10.401,1.64675,1.64695,7.20,1.20
2009.07.01 19:59:12.350,1.64675,1.64695,7.60,1.20
2009.07.01 19:59:12.590,1.64675,1.64695,7.80,1.20
2009.07.01 19:59:14.890,1.64675,1.64695,5.60,1.20
2009.07.01 19:59:15.110,1.6468,1.64695,2.60,4.00
2009.07.01 19:59:15.390,1.6468,1.64695,10.20,1.00
2009.07.01 19:59:15.610,1.6468,1.64695,13.40,1.00
2009.07.01 19:59:15.840,1.6468,1.64695,2.20,1.20
2009.07.01 19:59:16.190,1.6468,1.64695,2.20,1.00
2009.07.01 19:59:16.599,1.6468,1.647,9.40,1.80
2009.07.01 19:59:19.998,1.6468,1.647,9.40,1.60
2009.07.01 19:59:20.519,1.6468,1.647,9.40,1.20
2009.07.01 19:59:20.759,1.6468,1.647,5.40,1.80
2009.07.01 19:59:21.808,1.6468,1.647,5.40,1.60
2009.07.01 19:59:22.148,1.6468,1.647,5.40,1.20
2009.07.01 19:59:41.513,1.6468,1.647,5.40,1.60
2009.07.01 19:59:41.673,1.6468,1.647,5.40,1.80
2009.07.01 19:59:44.123,1.6468,1.647,5.40,1.20
2009.07.01 19:59:44.463,1.64685,1.6469,5.60,1.20
2009.07.01 19:59:44.583,1.64675,1.64695,7.00,6.00
2009.07.01 19:59:44.803,1.64675,1.64695,7.00,2.80
2009.07.01 19:59:44.913,1.64675,1.64695,7.00,1.20
2009.07.01 19:59:46.612,1.64675,1.64695,8.40,1.20
2009.07.01 19:59:46.782,1.64675,1.64695,10.80,1.20
2009.07.01 19:59:47.072,1.64675,1.64695,10.40,1.20
2009.07.01 19:59:47.232,1.64675,1.64695,10.00,1.20
2009.07.01 19:59:47.912,1.64675,1.64695,7.00,1.20
2009.07.01 19:59:55.930,1.64675,1.64695,7.20,1.00
