2017.03.23 21:00:00.028,1.25199,1.25225,0.75,0.75
2017.03.23 21:00:00.129,1.25195,1.25221,0.75,0.75
2017.03.23 21:00:00.690,1.25194,1.2522,0.75,0.75
2017.03.23 21:00:01.185,1.25198,1.2522,1.50,2.25
2017.03.23 21:00:01.614,1.25194,1.2522,2.25,2.25
2017.03.23 21:00:02.241,1.25195,1.2522,0.75,2.25
2017.03.23 21:00:07.080,1.25198,1.2522,0.75,1.50
2017.03.23 21:00:08.310,1.25197,1.2522,0.75,1.50
2017.03.23 21:00:26.363,1.25197,1.25219,0.75,1.50
2017.03.23 21:00:36.361,1.25199,1.2523,0.75,1.50
2017.03.23 21:01:06.495,1.25202,1.2523,1.12,1.50
2017.03.23 21:01:12.374,1.25209,1.2523,1.12,2.25
2017.03.23 21:01:12.451,1.25206,1.25239,1.12,0.75
2017.03.23 21:01:12.525,1.252,1.25239,2.62,0.75
2017.03.23 21:01:13.076,1.25201,1.2524,0.75,2.25
2017.03.23 21:01:20.060,1.25201,1.2523,1.12,1.50
2017.03.23 21:01:20.211,1.25199,1.2523,0.75,1.50
2017.03.23 21:01:34.900,1.252,1.2523,1.12,1.50
2017.03.23 21:01:38.149,1.25202,1.2523,0.75,1.50
2017.03.23 21:02:03.386,1.25204,1.2523,1.12,2.25
2017.03.23 21:02:03.485,1.25202,1.25235,0.75,0.75
2017.03.23 21:02:06.860,1.25202,1.2523,0.75,1.50
2017.03.23 21:02:14.611,1.25202,1.25228,0.75,1.12
2017.03.23 21:02:20.939,1.25208,1.25228,0.75,1.12
2017.03.23 21:02:42.718,1.25201,1.25228,0.75,1.12
2017.03.23 21:02:43.276,1.25201,1.25227,0.75,1.12
2017.03.23 21:02:44.995,1.25201,1.2523,0.75,1.50
2017.03.23 21:03:07.046,1.25201,1.25231,0.75,1.50
2017.03.23 21:03:09.995,1.25201,1.2523,0.75,1.50
2017.03.23 21:03:23.188,1.25201,1.25229,0.75,1.50
2017.03.23 21:03:42.752,1.25199,1.25229,0.75,1.50
2017.03.23 21:03:50.395,1.25199,1.25225,0.75,1.50
2017.03.23 21:03:57.590,1.25204,1.25225,0.75,1.50
2017.03.23 21:03:57.900,1.25197,1.25217,0.75,0.75
2017.03.23 21:04:13.580,1.25202,1.2522,1.00,1.69
2017.03.23 21:04:19.061,1.25202,1.2522,1.00,1.69
2017.03.23 21:04:21.943,1.25199,1.2522,1.00,1.69
2017.03.23 21:04:21.994,1.25206,1.2522,1.00,1.69
2017.03.23 21:04:24.061,1.25206,1.2522,1.00,1.69
2017.03.23 21:04:34.060,1.25206,1.2522,1.00,1.69
2017.03.23 21:04:52.707,1.25199,1.25219,1.12,1.00
2017.03.23 21:04:52.839,1.25197,1.25219,1.50,1.00
2017.03.23 21:05:00.285,1.25198,1.25222,1.00,1.19
2017.03.23 21:05:00.794,1.25197,1.25219,1.00,1.25
2017.03.23 21:05:05.779,1.25198,1.2522,1.12,1.69
2017.03.23 21:05:06.302,1.25197,1.2522,1.00,1.69
2017.03.23 21:05:19.061,1.25197,1.25221,1.00,1.69
2017.03.23 21:06:04.062,1.25197,1.25221,1.00,1.69
2017.03.23 21:06:09.094,1.25197,1.25222,1.00,1.19
2017.03.23 21:06:18.457,1.25198,1.25222,1.00,1.19
2017.03.23 21:08:04.065,1.25198,1.25223,1.00,2.44
2017.03.23 21:08:09.062,1.25198,1.25223,1.00,2.44
2017.03.23 21:08:19.062,1.25198,1.25223,1.00,1.50
2017.03.23 21:08:21.389,1.25198,1.25223,1.00,1.69
2017.03.23 21:08:34.064,1.25198,1.25223,1.00,1.69
2017.03.23 21:08:36.895,1.252,1.25222,1.00,2.44
2017.03.23 21:09:04.062,1.252,1.25222,1.00,1.19
2017.03.23 21:09:06.101,1.25198,1.25222,1.00,1.19
2017.03.23 21:09:09.060,1.25198,1.25223,1.00,3.19
2017.03.23 21:09:19.065,1.25198,1.25223,1.00,3.19
2017.03.23 21:09:24.062,1.25198,1.25223,1.00,2.44
2017.03.23 21:09:34.061,1.25198,1.25223,1.00,2.44
2017.03.23 21:09:48.430,1.25197,1.25223,1.00,3.19
2017.03.23 21:09:49.066,1.25197,1.25223,1.00,3.00
2017.03.23 21:09:51.426,1.25197,1.25223,1.00,3.19
2017.03.23 21:10:04.061,1.25197,1.25221,1.00,1.69
2017.03.23 21:10:09.087,1.25197,1.25221,1.00,1.69
2017.03.23 21:10:19.090,1.25197,1.25221,1.00,1.69
2017.03.23 21:10:31.049,1.25198,1.25221,1.00,2.44
2017.03.23 21:10:34.098,1.25198,1.25221,1.00,1.00
2017.03.23 21:10:34.777,1.252,1.25222,1.00,1.00
2017.03.23 21:10:35.294,1.252,1.25221,1.00,1.00
2017.03.23 21:10:36.080,1.252,1.25222,1.00,1.00
2017.03.23 21:10:36.397,1.252,1.25222,1.00,1.19
2017.03.23 21:10:39.897,1.25199,1.25222,1.00,1.19
2017.03.23 21:10:46.381,1.25203,1.25221,1.00,1.19
2017.03.23 21:10:49.060,1.25203,1.25221,1.00,1.19
2017.03.23 21:10:57.278,1.25202,1.25221,1.00,1.19
2017.03.23 21:10:57.893,1.25201,1.25221,1.00,1.19
2017.03.23 21:11:09.089,1.25201,1.25221,1.50,1.19
2017.03.23 21:11:14.770,1.25199,1.25221,1.00,1.19
2017.03.23 21:11:19.062,1.25199,1.25221,1.00,1.19
2017.03.23 21:11:35.417,1.25195,1.25217,1.00,1.00
2017.03.23 21:11:35.468,1.25195,1.25216,1.00,1.19
2017.03.23 21:11:36.022,1.25195,1.25214,1.34,1.00
2017.03.23 21:11:39.025,1.25195,1.25214,1.00,1.00
2017.03.23 21:11:39.551,1.25195,1.25213,2.25,1.00
2017.03.23 21:11:49.816,1.25194,1.25214,1.00,1.00
2017.03.23 21:11:50.134,1.25199,1.25213,1.50,1.00
2017.03.23 21:11:50.671,1.25199,1.25214,1.50,1.00
2017.03.23 21:11:56.027,1.25199,1.25216,1.00,1.52
2017.03.23 21:11:58.311,1.25199,1.25216,1.00,1.52
2017.03.23 21:11:58.622,1.25199,1.25212,1.00,1.84
2017.03.23 21:11:59.132,1.25199,1.25211,1.50,2.59
2017.03.23 21:11:59.453,1.25199,1.25211,1.00,2.59
2017.03.23 21:12:00.034,1.25199,1.25211,1.00,2.59
2017.03.23 21:12:05.294,1.25199,1.25212,1.00,3.34
2017.03.23 21:12:05.824,1.25199,1.25213,1.00,1.34
2017.03.23 21:12:41.875,1.25199,1.25214,1.00,1.84
2017.03.23 21:12:49.864,1.25198,1.25214,1.00,1.84
2017.03.23 21:13:35.107,1.25198,1.25215,1.00,3.15
2017.03.23 21:13:55.474,1.25199,1.25214,1.00,2.02
2017.03.23 21:14:00.027,1.25205,1.25214,1.00,1.59
2017.03.23 21:14:03.377,1.25199,1.25214,1.00,1.59
2017.03.23 21:14:05.166,1.25199,1.25214,1.00,1.34
2017.03.23 21:14:05.741,1.25199,1.25212,1.00,1.00
2017.03.23 21:14:08.219,1.25199,1.25213,1.00,1.12
2017.03.23 21:14:11.385,1.25199,1.25211,1.00,1.00
2017.03.23 21:14:26.105,1.25199,1.25212,1.50,1.00
2017.03.23 21:14:29.561,1.25199,1.2521,1.00,1.25
2017.03.23 21:14:29.876,1.25207,1.25217,1.50,1.00
2017.03.23 21:14:29.926,1.25207,1.2522,1.50,1.00
2017.03.23 21:14:58.861,1.25206,1.25219,1.00,1.25
2017.03.23 21:14:58.913,1.25204,1.25219,1.00,1.25
2017.03.23 21:14:58.964,1.25202,1.25217,1.50,1.00
2017.03.23 21:15:00.704,1.25204,1.25217,1.00,1.25
2017.03.23 21:15:06.194,1.25202,1.25217,1.50,1.00
2017.03.23 21:15:09.917,1.25202,1.25216,1.00,1.00
2017.03.23 21:15:38.014,1.25203,1.25218,1.00,1.00
2017.03.23 21:15:56.201,1.25205,1.25218,1.00,1.00
2017.03.23 21:16:07.295,1.25202,1.25217,2.25,1.00
2017.03.23 21:16:25.920,1.25203,1.25218,1.00,1.12
2017.03.23 21:16:26.122,1.252,1.25221,1.00,1.19
2017.03.23 21:16:27.413,1.252,1.2522,1.00,1.56
2017.03.23 21:16:27.514,1.252,1.25212,1.00,1.00
2017.03.23 21:16:28.266,1.25201,1.25214,1.00,1.00
2017.03.23 21:16:28.418,1.252,1.25212,1.00,1.00
2017.03.23 21:16:32.494,1.252,1.25213,1.50,1.00
2017.03.23 21:16:36.261,1.25201,1.25214,1.00,1.00
2017.03.23 21:16:36.362,1.25202,1.25217,1.00,1.00
2017.03.23 21:16:46.139,1.25204,1.25217,1.00,1.00
2017.03.23 21:17:46.239,1.25201,1.25221,1.00,2.44
2017.03.23 21:17:52.317,1.25201,1.25219,1.00,1.62
2017.03.23 21:18:04.064,1.25201,1.25221,1.00,2.44
2017.03.23 21:18:09.085,1.25201,1.25221,1.00,2.44
2017.03.23 21:18:19.086,1.25201,1.25221,1.12,2.81
2017.03.23 21:18:20.775,1.25201,1.25219,1.12,1.69
2017.03.23 21:18:21.932,1.25201,1.2522,1.00,1.69
2017.03.23 21:18:38.000,1.25205,1.25221,1.00,3.19
2017.03.23 21:18:38.713,1.25201,1.2522,1.00,1.69
2017.03.23 21:18:59.088,1.25201,1.2522,1.12,2.44
2017.03.23 21:19:00.193,1.25201,1.25219,1.12,1.25
2017.03.23 21:19:04.062,1.25201,1.2522,1.00,1.69
2017.03.23 21:19:09.072,1.25201,1.2522,1.00,1.69
2017.03.23 21:19:12.013,1.25202,1.2522,1.00,1.31
2017.03.23 21:19:38.713,1.25205,1.25221,1.00,2.44
2017.03.23 21:19:39.030,1.25202,1.25221,1.00,3.19
2017.03.23 21:19:41.450,1.25202,1.25215,1.50,1.00
2017.03.23 21:20:13.414,1.252,1.25215,1.00,1.00
2017.03.23 21:20:19.211,1.25201,1.25215,1.00,1.00
2017.03.23 21:20:22.335,1.25197,1.25216,1.00,1.87
2017.03.23 21:20:22.437,1.25197,1.25217,1.00,1.00
2017.03.23 21:20:22.488,1.25198,1.25216,1.00,1.37
2017.03.23 21:20:22.893,1.25204,1.25216,1.00,1.50
2017.03.23 21:20:24.446,1.25204,1.25217,1.00,1.50
2017.03.23 21:20:32.314,1.25204,1.25218,1.00,1.62
2017.03.23 21:20:32.898,1.25204,1.25217,1.00,1.37
2017.03.23 21:20:38.427,1.25198,1.25216,1.50,1.00
2017.03.23 21:20:38.478,1.25203,1.25217,1.00,1.50
2017.03.23 21:20:39.024,1.25203,1.25216,1.00,1.50
2017.03.23 21:20:43.670,1.25203,1.25217,1.00,1.50
2017.03.23 21:20:45.186,1.25203,1.25219,1.00,1.69
2017.03.23 21:20:53.250,1.25203,1.25219,1.00,1.25
2017.03.23 21:20:54.064,1.25203,1.25219,1.00,1.19
2017.03.23 21:21:17.959,1.25203,1.25218,1.00,1.50
2017.03.23 21:21:21.012,1.25203,1.25217,1.00,1.37
2017.03.23 21:21:23.037,1.25203,1.25218,1.00,1.69
2017.03.23 21:21:26.194,1.25203,1.25219,1.00,1.62
2017.03.23 21:21:26.539,1.252,1.25219,1.00,1.37
2017.03.23 21:21:26.590,1.25202,1.25222,1.00,1.37
2017.03.23 21:21:26.641,1.25202,1.25221,1.00,1.69
2017.03.23 21:21:31.519,1.25201,1.2522,1.00,1.19
2017.03.23 21:21:38.102,1.25201,1.2522,1.37,1.19
2017.03.23 21:21:39.124,1.25201,1.2522,1.00,1.19
2017.03.23 21:21:45.063,1.25201,1.2522,1.00,2.44
2017.03.23 21:21:51.563,1.25199,1.25217,2.62,1.00
2017.03.23 21:21:54.569,1.25199,1.25216,2.25,1.00
2017.03.23 21:21:54.916,1.25199,1.25213,1.50,1.00
2017.03.23 21:22:14.562,1.252,1.25213,1.00,1.00
2017.03.23 21:22:20.062,1.25201,1.25213,1.00,1.00
2017.03.23 21:22:20.390,1.25201,1.2521,1.00,1.00
2017.03.23 21:22:29.139,1.25201,1.25212,1.00,1.00
2017.03.23 21:22:29.240,1.25202,1.25214,1.00,1.00
2017.03.23 21:22:35.161,1.25202,1.25217,1.00,1.12
2017.03.23 21:22:35.253,1.25202,1.25212,1.00,1.00
2017.03.23 21:22:38.961,1.25202,1.25211,1.00,1.00
2017.03.23 21:23:10.965,1.25202,1.25214,1.00,1.00
2017.03.23 21:23:29.289,1.25201,1.25214,1.87,1.00
2017.03.23 21:23:29.906,1.25201,1.25214,1.87,1.00
2017.03.23 21:23:32.758,1.25201,1.25216,1.87,1.00
2017.03.23 21:23:33.312,1.25201,1.25216,1.87,1.00
2017.03.23 21:23:38.853,1.25201,1.25216,2.25,1.00
2017.03.23 21:23:38.955,1.25202,1.25214,1.37,1.00
2017.03.23 21:23:40.982,1.25201,1.25214,1.87,1.00
2017.03.23 21:23:54.363,1.252,1.25218,1.00,1.50
2017.03.23 21:23:54.413,1.252,1.25218,1.00,2.25
2017.03.23 21:23:54.761,1.252,1.25212,1.00,1.00
2017.03.23 21:24:13.073,1.252,1.25212,1.37,1.00
2017.03.23 21:24:14.362,1.25204,1.25212,1.00,1.00
2017.03.23 21:24:14.413,1.25204,1.2522,1.00,2.44
2017.03.23 21:24:24.061,1.25204,1.25221,1.00,2.06
2017.03.23 21:24:34.079,1.25204,1.2522,1.00,1.19
2017.03.23 21:24:43.547,1.25204,1.25215,1.00,1.00
2017.03.23 21:24:46.560,1.25204,1.25216,1.00,1.00
2017.03.23 21:25:02.425,1.25204,1.2522,1.00,1.69
2017.03.23 21:25:14.425,1.25202,1.25219,1.00,1.69
2017.03.23 21:25:15.254,1.25203,1.25219,1.00,2.44
2017.03.23 21:25:15.660,1.25202,1.25215,1.00,1.00
2017.03.23 21:25:16.028,1.25202,1.25213,1.00,1.00
2017.03.23 21:25:25.659,1.25203,1.25219,1.00,1.19
2017.03.23 21:25:25.810,1.25202,1.25213,1.00,1.00
2017.03.23 21:25:26.741,1.25202,1.25215,1.00,1.00
2017.03.23 21:25:33.765,1.25203,1.25219,1.00,1.19
2017.03.23 21:25:34.275,1.25202,1.2522,1.00,3.19
2017.03.23 21:25:36.410,1.25202,1.25213,1.00,1.00
2017.03.23 21:25:36.872,1.25206,1.25214,1.00,1.00
2017.03.23 21:25:51.260,1.25206,1.25215,1.00,1.00
2017.03.23 21:25:54.087,1.25206,1.25214,1.00,1.00
2017.03.23 21:26:11.311,1.25206,1.25212,1.00,1.00
2017.03.23 21:26:12.010,1.25205,1.25213,1.00,1.00
2017.03.23 21:26:12.467,1.25205,1.25219,1.00,1.62
2017.03.23 21:26:12.568,1.25205,1.25214,1.00,1.00
2017.03.23 21:26:15.030,1.25206,1.25214,1.00,1.00
2017.03.23 21:26:43.223,1.25206,1.25215,1.00,1.00
2017.03.23 21:26:48.676,1.25206,1.25214,1.00,1.00
2017.03.23 21:26:50.557,1.25206,1.25213,1.00,1.00
2017.03.23 21:27:02.961,1.25206,1.25214,1.00,1.00
2017.03.23 21:27:15.013,1.25204,1.25214,1.00,1.00
2017.03.23 21:27:36.834,1.25203,1.25214,1.00,1.00
2017.03.23 21:28:03.129,1.25203,1.25218,1.00,3.00
2017.03.23 21:28:05.814,1.25203,1.25211,1.00,1.00
2017.03.23 21:28:08.584,1.25204,1.25211,1.00,1.00
2017.03.23 21:28:08.933,1.25207,1.25213,1.00,1.00
2017.03.23 21:28:09.524,1.25207,1.25212,1.00,1.00
2017.03.23 21:28:12.312,1.25207,1.25214,1.00,1.00
2017.03.23 21:28:14.960,1.25207,1.25213,1.00,1.00
2017.03.23 21:28:31.713,1.25207,1.25215,1.00,1.00
2017.03.23 21:28:51.876,1.25207,1.25214,1.00,1.00
2017.03.23 21:29:04.118,1.25207,1.25213,1.00,1.00
2017.03.23 21:29:08.868,1.25205,1.25213,1.00,1.00
2017.03.23 21:29:09.580,1.25204,1.25213,1.00,1.00
2017.03.23 21:29:10.950,1.25205,1.25215,1.00,1.00
2017.03.23 21:29:38.863,1.25205,1.25213,1.00,1.00
2017.03.23 21:29:43.410,1.25205,1.25212,1.00,1.00
2017.03.23 21:29:49.960,1.25205,1.25214,1.00,1.00
2017.03.23 21:29:50.896,1.25205,1.25212,1.00,1.00
2017.03.23 21:29:57.486,1.25205,1.25213,1.00,1.00
2017.03.23 21:30:00.711,1.25203,1.25213,1.00,1.00
2017.03.23 21:30:00.763,1.25199,1.25213,1.00,1.00
2017.03.23 21:30:06.013,1.25199,1.25213,1.37,1.00
2017.03.23 21:30:06.424,1.252,1.25216,2.25,1.00
2017.03.23 21:30:07.099,1.252,1.25216,2.25,1.00
2017.03.23 21:30:07.461,1.252,1.25214,1.37,1.00
2017.03.23 21:30:08.100,1.25199,1.25213,1.37,1.00
2017.03.23 21:30:09.101,1.25199,1.25213,1.37,1.00
2017.03.23 21:30:09.426,1.25198,1.25211,1.37,1.00
2017.03.23 21:30:10.165,1.25198,1.25213,1.37,1.00
2017.03.23 21:30:20.197,1.25198,1.25213,1.37,1.00
2017.03.23 21:30:21.190,1.25198,1.25213,1.37,1.00
2017.03.23 21:30:22.588,1.25198,1.25213,1.87,1.00
2017.03.23 21:30:23.299,1.25198,1.25213,1.37,1.00
2017.03.23 21:30:28.405,1.25198,1.25213,1.37,1.00
2017.03.23 21:30:31.211,1.25202,1.25213,1.00,1.00
2017.03.23 21:30:31.429,1.25198,1.25213,1.37,1.00
2017.03.23 21:30:31.480,1.25201,1.25215,1.00,1.00
2017.03.23 21:30:36.120,1.25199,1.25214,1.37,1.00
2017.03.23 21:30:36.918,1.25199,1.25214,1.37,1.00
2017.03.23 21:30:46.516,1.25201,1.25214,1.00,1.00
2017.03.23 21:30:47.289,1.25204,1.25214,1.00,1.00
2017.03.23 21:30:47.340,1.25199,1.25214,1.87,1.00
2017.03.23 21:30:47.442,1.25204,1.25214,1.00,1.00
2017.03.23 21:30:48.273,1.252,1.25214,1.12,1.00
2017.03.23 21:30:49.821,1.252,1.25214,1.37,1.00
2017.03.23 21:30:52.622,1.252,1.25214,1.87,1.00
2017.03.23 21:30:52.673,1.25202,1.25214,1.00,1.00
2017.03.23 21:30:53.681,1.252,1.25214,1.12,1.00
2017.03.23 21:30:57.663,1.25203,1.25214,1.00,1.00
2017.03.23 21:30:58.224,1.25204,1.25214,1.00,1.00
2017.03.23 21:30:59.262,1.252,1.25214,1.87,1.12
2017.03.23 21:31:00.081,1.25201,1.25214,1.00,1.12
2017.03.23 21:31:12.868,1.25204,1.25214,1.00,1.12
2017.03.23 21:31:22.022,1.252,1.25214,1.87,1.12
2017.03.23 21:31:23.382,1.25199,1.25213,1.87,1.00
2017.03.23 21:31:23.919,1.25198,1.25213,1.37,1.00
2017.03.23 21:31:24.855,1.25198,1.25213,1.37,1.00
2017.03.23 21:31:36.896,1.25198,1.25213,1.37,1.00
2017.03.23 21:31:44.314,1.25198,1.25213,1.87,1.00
2017.03.23 21:31:49.466,1.25201,1.25213,1.00,1.00
2017.03.23 21:31:49.517,1.25204,1.25213,1.00,1.00
2017.03.23 21:31:56.374,1.25199,1.25213,1.37,1.00
2017.03.23 21:32:00.358,1.25199,1.25213,1.37,1.00
2017.03.23 21:32:00.944,1.25199,1.25213,1.37,1.00
2017.03.23 21:32:02.362,1.25199,1.25213,1.87,1.00
2017.03.23 21:32:04.296,1.25202,1.25213,1.00,1.00
2017.03.23 21:32:04.649,1.25205,1.25213,1.00,1.00
2017.03.23 21:32:05.920,1.25199,1.25213,1.37,1.00
2017.03.23 21:32:09.908,1.25199,1.25212,1.37,1.00
2017.03.23 21:32:10.428,1.25199,1.25211,1.37,1.00
2017.03.23 21:32:10.960,1.25199,1.25212,1.37,1.00
2017.03.23 21:32:12.042,1.25199,1.25212,1.37,1.00
2017.03.23 21:32:20.664,1.25199,1.25214,1.37,1.12
2017.03.23 21:32:21.740,1.25199,1.25214,1.37,1.00
2017.03.23 21:32:27.925,1.25199,1.25214,1.37,1.00
2017.03.23 21:32:28.931,1.252,1.25214,1.12,1.00
2017.03.23 21:32:46.826,1.252,1.25214,1.37,1.25
2017.03.23 21:32:48.970,1.25197,1.25213,2.25,1.00
2017.03.23 21:32:49.555,1.25197,1.25212,1.37,1.00
2017.03.23 21:32:52.316,1.25197,1.25212,1.37,1.00
2017.03.23 21:32:54.305,1.25197,1.25212,1.37,1.12
2017.03.23 21:32:54.539,1.25195,1.25209,1.50,1.00
2017.03.23 21:32:55.182,1.25197,1.25208,1.37,1.00
2017.03.23 21:32:55.566,1.25197,1.25212,1.37,1.00
2017.03.23 21:32:56.732,1.25197,1.25212,1.37,1.00
2017.03.23 21:32:57.460,1.25197,1.25212,1.37,1.50
2017.03.23 21:32:58.283,1.25197,1.25212,1.37,1.50
2017.03.23 21:32:59.611,1.25196,1.25212,1.37,1.50
2017.03.23 21:33:00.246,1.25199,1.25213,1.37,1.50
2017.03.23 21:33:03.023,1.25199,1.25212,1.37,1.00
2017.03.23 21:33:03.562,1.25197,1.25212,1.37,1.00
2017.03.23 21:33:08.945,1.25197,1.25212,1.37,1.00
2017.03.23 21:33:11.118,1.25197,1.25212,1.37,1.00
2017.03.23 21:33:20.530,1.25197,1.25212,1.37,1.00
2017.03.23 21:33:23.061,1.25197,1.25213,1.37,1.00
2017.03.23 21:33:23.112,1.25199,1.25215,1.37,1.25
2017.03.23 21:33:23.897,1.25199,1.25214,1.37,1.00
2017.03.23 21:33:26.401,1.25199,1.25214,1.37,1.00
2017.03.23 21:33:31.006,1.25196,1.25214,1.37,1.00
2017.03.23 21:33:31.530,1.25196,1.25214,1.37,1.00
2017.03.23 21:33:32.108,1.25196,1.25214,1.37,1.00
2017.03.23 21:33:33.978,1.25196,1.25214,1.37,1.00
2017.03.23 21:33:34.819,1.25196,1.25214,1.37,1.25
2017.03.23 21:33:35.964,1.25196,1.25214,1.37,1.25
2017.03.23 21:33:37.974,1.25196,1.25214,1.37,1.25
2017.03.23 21:33:50.025,1.25195,1.25214,2.62,1.12
2017.03.23 21:33:58.415,1.25195,1.25212,1.87,1.00
2017.03.23 21:33:59.290,1.25195,1.25214,1.87,1.87
2017.03.23 21:34:01.888,1.25195,1.25213,1.37,1.00
2017.03.23 21:34:01.939,1.25194,1.25211,1.50,1.00
2017.03.23 21:34:02.566,1.25194,1.2521,1.50,1.00
2017.03.23 21:34:03.122,1.25192,1.2521,3.94,1.00
2017.03.23 21:34:03.952,1.25192,1.2521,3.94,1.00
2017.03.23 21:34:04.928,1.25192,1.2521,3.75,1.00
2017.03.23 21:34:05.575,1.25192,1.2521,4.50,1.00
2017.03.23 21:34:07.094,1.25192,1.25206,3.75,1.00
2017.03.23 21:34:07.145,1.25193,1.25208,2.25,1.00
2017.03.23 21:34:09.130,1.25193,1.25209,2.25,1.00
2017.03.23 21:34:09.638,1.25193,1.25208,2.25,1.00
2017.03.23 21:34:10.285,1.25193,1.25208,2.25,1.00
2017.03.23 21:34:10.336,1.25192,1.25205,3.75,1.00
2017.03.23 21:34:12.264,1.25192,1.25206,2.25,1.00
2017.03.23 21:34:14.969,1.25194,1.25208,2.25,1.00
2017.03.23 21:34:15.021,1.25196,1.2521,1.37,1.00
2017.03.23 21:34:17.333,1.25196,1.25211,1.37,1.00
2017.03.23 21:34:27.604,1.25196,1.25211,1.37,1.00
2017.03.23 21:34:28.584,1.25196,1.25211,1.37,1.00
2017.03.23 21:34:29.124,1.25196,1.25212,1.37,1.00
2017.03.23 21:34:31.368,1.25196,1.25212,1.37,1.00
2017.03.23 21:34:32.426,1.25195,1.25212,1.37,1.00
2017.03.23 21:34:35.171,1.25193,1.25213,1.12,2.44
2017.03.23 21:34:35.793,1.25193,1.25212,1.12,1.00
2017.03.23 21:34:36.989,1.25197,1.25212,1.37,1.00
2017.03.23 21:34:44.527,1.25197,1.25213,1.37,1.19
2017.03.23 21:34:49.093,1.25197,1.25213,1.37,1.25
2017.03.23 21:34:51.917,1.25197,1.25213,1.37,1.25
2017.03.23 21:34:52.463,1.25197,1.25213,1.37,1.25
2017.03.23 21:34:54.116,1.25197,1.25213,1.37,1.62
2017.03.23 21:34:55.208,1.25197,1.25213,1.37,1.31
2017.03.23 21:34:56.115,1.25196,1.25213,1.37,1.62
2017.03.23 21:34:58.826,1.25196,1.25213,1.37,1.25
2017.03.23 21:35:02.909,1.25196,1.25214,1.87,1.19
2017.03.23 21:35:03.395,1.25196,1.25215,2.62,1.12
2017.03.23 21:35:03.918,1.25196,1.25215,2.62,1.12
2017.03.23 21:35:08.692,1.25198,1.25216,1.37,1.00
2017.03.23 21:35:20.208,1.25198,1.25215,1.37,1.00
2017.03.23 21:35:22.093,1.25198,1.25215,1.37,1.00
2017.03.23 21:35:22.798,1.25198,1.25215,1.37,1.00
2017.03.23 21:35:41.946,1.25198,1.25216,1.37,1.00
2017.03.23 21:35:48.178,1.25198,1.25216,1.37,1.00
2017.03.23 21:35:50.099,1.25198,1.25216,1.37,1.25
2017.03.23 21:36:03.702,1.25197,1.25215,1.37,1.00
2017.03.23 21:36:04.426,1.25197,1.25215,1.37,1.00
2017.03.23 21:36:12.315,1.25197,1.25215,1.37,1.00
2017.03.23 21:36:19.412,1.25199,1.25215,1.37,1.00
2017.03.23 21:36:21.908,1.25199,1.25215,1.37,1.00
2017.03.23 21:36:26.888,1.25199,1.25215,1.37,1.00
2017.03.23 21:36:30.295,1.25197,1.25215,2.62,1.00
2017.03.23 21:36:34.823,1.252,1.25215,1.37,1.00
2017.03.23 21:36:38.248,1.25199,1.25216,1.37,1.00
2017.03.23 21:36:39.208,1.25199,1.25216,1.37,1.00
2017.03.23 21:36:45.258,1.252,1.25216,1.37,1.00
2017.03.23 21:36:45.869,1.252,1.25217,1.12,1.69
2017.03.23 21:36:48.265,1.252,1.25217,1.37,1.69
2017.03.23 21:36:49.337,1.252,1.25216,1.37,1.00
2017.03.23 21:36:49.867,1.252,1.25216,1.12,1.00
2017.03.23 21:36:58.880,1.252,1.25216,1.37,1.00
2017.03.23 21:37:04.834,1.252,1.25216,1.12,1.00
2017.03.23 21:37:10.376,1.252,1.25216,1.37,1.25
2017.03.23 21:37:10.985,1.252,1.25216,1.12,1.25
2017.03.23 21:37:14.434,1.252,1.25216,1.37,1.25
2017.03.23 21:37:16.204,1.252,1.25216,1.12,1.69
2017.03.23 21:37:38.035,1.252,1.25216,1.12,1.00
2017.03.23 21:37:39.281,1.252,1.25216,1.12,1.00
2017.03.23 21:37:48.115,1.25198,1.25216,1.37,1.00
2017.03.23 21:37:49.007,1.25198,1.25216,1.37,1.00
2017.03.23 21:37:51.029,1.25198,1.25216,1.37,1.00
2017.03.23 21:37:54.846,1.25198,1.25218,1.37,2.06
2017.03.23 21:37:55.358,1.25198,1.25218,1.87,1.69
2017.03.23 21:38:19.060,1.25198,1.25218,1.37,2.06
2017.03.23 21:38:24.059,1.25198,1.25218,1.37,1.69
2017.03.23 21:38:27.878,1.25198,1.25218,1.37,2.06
2017.03.23 21:38:33.791,1.25199,1.25218,1.37,2.06
2017.03.23 21:38:34.450,1.25199,1.25218,1.37,2.44
2017.03.23 21:38:35.019,1.25199,1.25218,1.37,1.69
2017.03.23 21:38:46.872,1.25199,1.25218,1.37,2.06
2017.03.23 21:38:49.841,1.25199,1.25218,1.37,2.06
2017.03.23 21:38:54.059,1.25199,1.25218,1.37,2.06
2017.03.23 21:38:58.999,1.25198,1.25217,1.37,2.06
2017.03.23 21:38:59.784,1.25197,1.25216,1.37,1.00
2017.03.23 21:39:00.966,1.25198,1.25216,1.87,1.00
2017.03.23 21:39:08.135,1.25198,1.25216,1.37,1.25
2017.03.23 21:39:13.049,1.25198,1.25216,1.37,1.25
2017.03.23 21:39:34.187,1.25199,1.25217,1.37,1.19
2017.03.23 21:39:34.946,1.25199,1.25217,1.37,1.19
2017.03.23 21:39:38.963,1.252,1.25215,1.12,1.00
2017.03.23 21:39:39.764,1.252,1.25215,1.12,1.12
2017.03.23 21:39:52.416,1.25198,1.25215,1.37,1.00
2017.03.23 21:39:52.956,1.25198,1.25214,1.37,1.00
2017.03.23 21:40:00.593,1.25198,1.25214,1.37,1.00
2017.03.23 21:40:02.594,1.25198,1.25214,1.37,1.00
2017.03.23 21:40:12.316,1.25198,1.25215,1.37,2.25
2017.03.23 21:40:13.018,1.25198,1.25216,1.37,1.25
2017.03.23 21:40:13.638,1.25198,1.25216,1.37,1.25
2017.03.23 21:40:19.060,1.25198,1.25217,1.37,1.25
2017.03.23 21:40:24.063,1.25198,1.25217,1.37,1.19
2017.03.23 21:40:33.308,1.25198,1.25218,1.37,2.81
2017.03.23 21:40:34.068,1.25198,1.25218,1.37,2.81
2017.03.23 21:40:34.822,1.25198,1.25218,1.37,2.44
2017.03.23 21:40:46.287,1.25198,1.25218,1.37,2.81
2017.03.23 21:40:46.807,1.25198,1.25218,1.37,3.94
2017.03.23 21:40:49.114,1.25198,1.25213,1.37,1.37
2017.03.23 21:40:50.396,1.25198,1.25213,1.37,1.37
2017.03.23 21:40:51.299,1.25198,1.25215,1.37,1.50
2017.03.23 21:40:52.327,1.25198,1.25215,1.37,1.00
2017.03.23 21:40:53.435,1.25197,1.25215,1.37,1.00
2017.03.23 21:40:54.324,1.25197,1.25215,1.37,1.00
2017.03.23 21:40:57.140,1.25197,1.25215,1.37,1.00
2017.03.23 21:40:58.314,1.25197,1.25215,1.37,1.00
2017.03.23 21:40:59.394,1.25197,1.25215,1.37,1.00
2017.03.23 21:41:00.311,1.25197,1.25215,1.37,1.00
2017.03.23 21:41:04.329,1.25197,1.25215,1.37,1.00
2017.03.23 21:41:05.024,1.25197,1.25215,1.37,1.00
2017.03.23 21:41:05.611,1.25197,1.25215,1.00,1.00
2017.03.23 21:41:06.380,1.25197,1.25215,1.37,1.00
2017.03.23 21:41:07.542,1.25197,1.25218,1.37,1.69
2017.03.23 21:41:09.084,1.25197,1.25218,1.37,1.69
2017.03.23 21:41:12.334,1.25197,1.25218,1.37,1.69
2017.03.23 21:41:13.034,1.25197,1.25218,1.37,1.69
2017.03.23 21:41:13.565,1.25197,1.25218,1.37,1.69
2017.03.23 21:41:19.824,1.25197,1.25218,1.37,1.69
2017.03.23 21:41:22.935,1.25199,1.25218,1.37,1.19
2017.03.23 21:41:23.486,1.25199,1.25218,1.87,1.19
2017.03.23 21:41:24.062,1.25199,1.25218,1.87,1.19
2017.03.23 21:41:24.944,1.25199,1.25218,1.87,1.19
2017.03.23 21:41:25.481,1.25199,1.25218,1.37,1.31
2017.03.23 21:41:34.825,1.25199,1.25218,1.87,1.69
2017.03.23 21:41:39.071,1.25199,1.25218,1.87,1.69
2017.03.23 21:41:41.975,1.25199,1.25218,1.87,1.69
2017.03.23 21:41:49.061,1.25199,1.25218,1.87,1.69
2017.03.23 21:41:49.820,1.25199,1.25218,1.87,1.69
2017.03.23 21:42:04.867,1.25199,1.25218,1.37,1.69
2017.03.23 21:42:17.889,1.25199,1.25218,1.37,1.19
2017.03.23 21:42:19.871,1.25199,1.25218,1.87,1.19
2017.03.23 21:42:33.816,1.25199,1.25219,1.37,1.56
2017.03.23 21:42:34.823,1.25199,1.25219,1.37,1.56
2017.03.23 21:42:49.067,1.25199,1.25219,1.37,1.56
2017.03.23 21:42:53.865,1.25198,1.2522,1.87,2.81
2017.03.23 21:42:54.508,1.25198,1.2522,1.87,2.44
2017.03.23 21:43:05.834,1.25198,1.2522,1.37,2.44
2017.03.23 21:43:19.867,1.25198,1.2522,1.37,2.44
2017.03.23 21:43:25.833,1.25198,1.2522,1.37,2.44
2017.03.23 21:43:26.531,1.25198,1.2522,1.37,2.06
2017.03.23 21:43:33.582,1.25198,1.2522,1.37,3.56
2017.03.23 21:43:34.573,1.25198,1.25219,1.37,2.25
2017.03.23 21:43:35.182,1.25198,1.25219,1.37,2.62
2017.03.23 21:43:52.116,1.25198,1.25219,1.87,1.37
2017.03.23 21:43:53.163,1.25198,1.25218,1.87,1.50
2017.03.23 21:44:01.846,1.25198,1.25217,1.87,1.00
2017.03.23 21:44:18.847,1.25198,1.25217,1.87,2.25
2017.03.23 21:44:19.463,1.25198,1.25217,1.87,1.87
2017.03.23 21:44:20.090,1.25198,1.25217,1.87,1.12
2017.03.23 21:44:32.323,1.25198,1.25217,1.87,1.12
2017.03.23 21:44:37.815,1.25198,1.25217,1.37,1.12
2017.03.23 21:45:14.775,1.25197,1.25219,2.25,1.31
2017.03.23 21:45:15.883,1.25197,1.25218,2.25,1.62
2017.03.23 21:45:23.838,1.25197,1.25218,1.50,2.06
2017.03.23 21:45:24.343,1.25197,1.25218,1.50,1.69
2017.03.23 21:45:24.904,1.25197,1.25218,1.50,1.69
2017.03.23 21:45:33.894,1.25197,1.25218,1.50,1.69
2017.03.23 21:45:34.613,1.25197,1.25218,1.50,1.69
2017.03.23 21:45:35.382,1.25197,1.25218,1.50,1.69
2017.03.23 21:45:39.097,1.25197,1.25218,1.50,1.69
2017.03.23 21:45:40.185,1.25197,1.25218,1.50,1.69
2017.03.23 21:45:43.223,1.25199,1.25216,1.37,1.00
2017.03.23 21:46:04.825,1.25199,1.25216,1.37,1.00
2017.03.23 21:46:11.488,1.25199,1.25216,1.37,1.00
2017.03.23 21:46:28.286,1.25198,1.25217,1.37,1.00
2017.03.23 21:46:29.970,1.25198,1.25217,1.37,1.00
2017.03.23 21:46:32.263,1.25198,1.25217,1.37,1.00
2017.03.23 21:46:34.820,1.25198,1.25217,1.37,1.00
2017.03.23 21:46:35.700,1.25198,1.25217,1.37,1.00
2017.03.23 21:46:36.313,1.25198,1.25217,1.50,1.00
2017.03.23 21:46:36.820,1.25198,1.25217,1.50,1.00
2017.03.23 21:46:39.224,1.25198,1.25217,1.50,1.00
2017.03.23 21:46:40.276,1.25198,1.25217,1.50,1.00
2017.03.23 21:46:40.886,1.25198,1.25217,1.50,1.00
2017.03.23 21:46:51.846,1.25198,1.25217,1.50,1.00
2017.03.23 21:46:58.962,1.25197,1.25218,2.62,1.25
2017.03.23 21:46:59.013,1.25197,1.25217,1.87,1.37
2017.03.23 21:47:03.000,1.25197,1.25216,1.87,1.00
2017.03.23 21:47:03.699,1.25197,1.25216,1.87,1.00
2017.03.23 21:47:05.020,1.25197,1.25216,1.87,1.00
2017.03.23 21:47:05.263,1.25199,1.25218,1.37,1.69
2017.03.23 21:47:12.899,1.25199,1.25218,1.37,1.69
2017.03.23 21:47:15.333,1.25199,1.25218,1.37,1.69
2017.03.23 21:47:17.242,1.25199,1.25218,1.37,1.69
2017.03.23 21:47:17.969,1.25199,1.25218,1.37,1.69
2017.03.23 21:47:39.591,1.25199,1.25218,1.37,2.06
2017.03.23 21:47:42.500,1.25199,1.25217,1.37,1.87
2017.03.23 21:47:43.507,1.25199,1.25216,1.37,1.37
2017.03.23 21:47:44.511,1.25199,1.25217,1.37,1.37
2017.03.23 21:47:45.470,1.25199,1.25218,1.37,2.81
2017.03.23 21:47:46.472,1.25199,1.25218,1.37,2.81
2017.03.23 21:47:47.474,1.25199,1.25218,1.37,2.44
2017.03.23 21:47:48.028,1.25199,1.25218,1.37,2.44
2017.03.23 21:48:04.132,1.25199,1.25218,1.00,1.25
2017.03.23 21:48:05.334,1.25198,1.25219,1.00,3.56
2017.03.23 21:48:05.930,1.25198,1.25219,1.37,3.94
2017.03.23 21:48:09.059,1.25198,1.25219,1.37,3.94
2017.03.23 21:48:23.623,1.25198,1.25219,1.37,3.19
2017.03.23 21:48:24.285,1.25198,1.25219,1.37,2.81
2017.03.23 21:48:25.674,1.25198,1.25219,1.37,2.44
2017.03.23 21:48:26.392,1.25198,1.25219,1.37,2.06
2017.03.23 21:48:26.913,1.25198,1.25219,1.37,3.19
2017.03.23 21:48:27.943,1.25198,1.25219,1.37,2.06
2017.03.23 21:48:28.997,1.25198,1.25219,1.37,3.94
2017.03.23 21:48:31.006,1.25198,1.25219,1.37,3.56
2017.03.23 21:48:31.871,1.25198,1.25218,1.37,1.31
2017.03.23 21:48:32.906,1.25197,1.25217,2.25,1.37
2017.03.23 21:48:34.912,1.25197,1.25218,2.25,1.31
2017.03.23 21:48:37.620,1.25197,1.25219,2.25,3.94
2017.03.23 21:48:39.019,1.25197,1.25219,2.25,4.31
2017.03.23 21:48:39.383,1.25197,1.25216,2.25,1.00
2017.03.23 21:48:40.083,1.25197,1.25216,2.25,1.00
2017.03.23 21:48:49.350,1.25197,1.25218,1.37,1.69
2017.03.23 21:48:49.887,1.25197,1.25218,1.37,2.06
2017.03.23 21:48:50.576,1.25197,1.25218,1.37,2.06
2017.03.23 21:48:51.400,1.25197,1.25218,1.37,1.69
2017.03.23 21:48:52.324,1.25197,1.25218,1.37,1.62
2017.03.23 21:48:54.317,1.25199,1.25217,1.37,1.62
2017.03.23 21:48:58.945,1.25199,1.25218,1.37,3.19
2017.03.23 21:49:03.919,1.25198,1.25217,1.50,1.25
2017.03.23 21:49:07.311,1.25198,1.25217,1.50,1.69
2017.03.23 21:49:07.549,1.25199,1.25217,1.37,1.25
2017.03.23 21:49:11.796,1.252,1.25213,1.12,1.00
2017.03.23 21:49:12.410,1.25199,1.25216,1.37,1.69
2017.03.23 21:49:22.267,1.25197,1.25212,1.37,1.00
2017.03.23 21:49:22.905,1.25197,1.25212,1.37,1.00
2017.03.23 21:49:24.446,1.25197,1.25211,1.37,1.00
2017.03.23 21:49:27.874,1.25197,1.25211,1.37,1.00
2017.03.23 21:49:29.970,1.25196,1.25211,1.87,1.00
2017.03.23 21:49:31.534,1.25196,1.25211,1.87,1.00
2017.03.23 21:49:32.264,1.25196,1.25211,1.87,1.00
2017.03.23 21:49:32.938,1.25196,1.25211,1.87,1.00
2017.03.23 21:49:36.288,1.25197,1.25211,1.87,1.00
2017.03.23 21:49:36.872,1.25197,1.25211,1.37,1.00
2017.03.23 21:49:49.810,1.25196,1.25211,1.50,1.00
2017.03.23 21:49:50.516,1.25196,1.25211,1.87,1.00
2017.03.23 21:49:51.067,1.25196,1.2521,1.37,1.00
2017.03.23 21:49:52.855,1.25196,1.2521,1.37,1.00
2017.03.23 21:49:58.462,1.25196,1.25209,1.37,1.00
2017.03.23 21:49:59.122,1.25195,1.25208,1.37,1.00
2017.03.23 21:50:00.049,1.25195,1.2521,1.37,1.00
2017.03.23 21:50:01.320,1.25195,1.2521,1.50,1.58
2017.03.23 21:50:02.762,1.25195,1.2521,1.50,1.33
2017.03.23 21:50:03.795,1.25195,1.25211,1.50,2.08
2017.03.23 21:50:03.846,1.25195,1.25209,1.50,1.00
2017.03.23 21:50:04.052,1.25195,1.25209,1.12,1.00
2017.03.23 21:50:04.344,1.25195,1.25209,1.50,1.00
2017.03.23 21:50:05.305,1.25195,1.25209,1.50,1.00
2017.03.23 21:50:05.807,1.25195,1.25209,1.50,1.00
2017.03.23 21:50:06.350,1.25195,1.25209,1.50,1.00
2017.03.23 21:50:06.861,1.25195,1.25209,1.50,1.00
2017.03.23 21:50:09.390,1.25195,1.2521,1.50,1.50
2017.03.23 21:50:11.507,1.25195,1.25209,1.37,1.00
2017.03.23 21:50:12.562,1.25195,1.25209,1.37,1.00
2017.03.23 21:50:14.425,1.25195,1.2521,1.37,1.00
2017.03.23 21:50:15.498,1.25195,1.2521,1.37,1.00
2017.03.23 21:50:16.467,1.25195,1.2521,1.37,1.00
2017.03.23 21:50:17.600,1.25195,1.2521,1.37,1.00
2017.03.23 21:50:18.571,1.25195,1.2521,1.50,1.00
2017.03.23 21:50:19.359,1.25193,1.25211,1.75,1.87
2017.03.23 21:50:22.269,1.25197,1.25209,1.37,1.00
2017.03.23 21:50:22.862,1.25197,1.25209,1.37,1.00
2017.03.23 21:50:23.420,1.25197,1.25209,1.37,1.00
2017.03.23 21:50:24.149,1.25197,1.25209,1.37,1.00
2017.03.23 21:50:24.968,1.25197,1.2521,1.37,1.00
2017.03.23 21:50:25.501,1.25197,1.2521,1.37,1.00
2017.03.23 21:50:28.239,1.25195,1.2521,1.37,1.00
2017.03.23 21:50:29.748,1.25195,1.2521,1.37,1.00
2017.03.23 21:50:30.261,1.25195,1.25211,1.37,1.50
2017.03.23 21:50:31.009,1.25195,1.25211,1.00,1.50
2017.03.23 21:50:31.754,1.25195,1.25211,1.37,1.50
2017.03.23 21:50:32.287,1.25195,1.25211,1.37,1.50
2017.03.23 21:50:33.833,1.25196,1.25211,1.37,1.00
2017.03.23 21:50:34.369,1.25196,1.25211,1.37,1.00
2017.03.23 21:50:38.559,1.25196,1.25211,1.37,1.00
2017.03.23 21:50:40.997,1.25198,1.25213,1.37,1.58
2017.03.23 21:50:41.605,1.25199,1.25213,1.37,1.92
2017.03.23 21:50:42.899,1.25199,1.25214,1.37,1.31
2017.03.23 21:50:43.977,1.25198,1.25215,1.37,1.56
2017.03.23 21:50:44.673,1.25198,1.25215,1.37,1.56
2017.03.23 21:50:46.104,1.25198,1.25215,1.37,1.56
2017.03.23 21:50:46.983,1.252,1.25215,1.12,1.56
2017.03.23 21:50:49.817,1.25198,1.25215,1.37,1.56
2017.03.23 21:50:50.994,1.25198,1.25215,1.37,1.56
2017.03.23 21:50:53.408,1.252,1.25215,1.12,1.56
2017.03.23 21:50:54.344,1.252,1.25215,1.12,1.56
2017.03.23 21:50:54.858,1.252,1.25215,1.12,1.56
2017.03.23 21:50:55.380,1.25198,1.25212,1.37,1.00
2017.03.23 21:50:55.904,1.25198,1.25213,1.37,1.00
2017.03.23 21:51:03.912,1.25199,1.25213,1.37,1.00
2017.03.23 21:51:06.020,1.25199,1.25213,1.37,1.00
2017.03.23 21:51:07.026,1.25199,1.25213,1.37,1.00
2017.03.23 21:51:07.562,1.25199,1.25213,1.37,1.00
2017.03.23 21:51:08.146,1.25199,1.25214,1.37,1.31
2017.03.23 21:51:11.455,1.25195,1.25214,1.50,2.06
2017.03.23 21:51:12.042,1.25195,1.25214,1.50,2.65
2017.03.23 21:51:12.562,1.25194,1.25213,1.50,1.33
2017.03.23 21:51:13.160,1.25194,1.25213,1.50,2.46
2017.03.23 21:51:13.882,1.25194,1.25213,1.50,2.46
2017.03.23 21:51:14.419,1.25194,1.25212,1.50,1.33
2017.03.23 21:51:15.268,1.25194,1.25212,1.50,1.33
2017.03.23 21:51:15.780,1.25196,1.25212,1.37,1.58
2017.03.23 21:51:16.313,1.25196,1.25212,1.37,1.58
2017.03.23 21:51:16.962,1.25196,1.25212,1.37,1.00
2017.03.23 21:51:17.508,1.25196,1.25213,1.37,2.25
2017.03.23 21:51:18.816,1.25196,1.25213,1.37,2.25
2017.03.23 21:51:19.341,1.25196,1.25213,1.37,2.44
2017.03.23 21:51:21.078,1.25195,1.25212,1.37,1.00
2017.03.23 21:51:23.076,1.25194,1.25212,1.50,1.50
2017.03.23 21:51:23.629,1.25194,1.25212,1.50,1.50
2017.03.23 21:51:27.331,1.25193,1.25211,2.25,1.00
2017.03.23 21:51:28.016,1.25192,1.25211,2.25,2.08
2017.03.23 21:51:28.551,1.25192,1.25211,2.25,1.50
2017.03.23 21:51:29.141,1.25192,1.25211,2.62,1.50
2017.03.23 21:51:31.163,1.25192,1.2521,2.62,1.00
2017.03.23 21:51:32.801,1.25194,1.25211,1.87,1.00
2017.03.23 21:51:33.054,1.25195,1.25214,1.37,1.69
2017.03.23 21:51:33.105,1.25195,1.25214,1.37,2.44
2017.03.23 21:51:33.674,1.25195,1.25213,1.37,1.37
2017.03.23 21:51:34.187,1.25195,1.25213,1.37,1.00
2017.03.23 21:51:34.731,1.25195,1.25213,1.37,1.00
2017.03.23 21:51:35.853,1.25195,1.25213,1.37,1.00
2017.03.23 21:51:36.389,1.25195,1.25213,1.37,1.00
2017.03.23 21:51:37.767,1.25195,1.25213,1.37,1.50
2017.03.23 21:51:40.039,1.25195,1.25213,1.37,1.50
2017.03.23 21:51:40.565,1.25195,1.25212,1.37,1.00
2017.03.23 21:51:43.032,1.25195,1.25212,1.37,1.12
2017.03.23 21:51:46.800,1.25194,1.25211,1.75,1.00
2017.03.23 21:51:47.104,1.25194,1.25211,1.75,1.75
2017.03.23 21:51:47.951,1.25194,1.25211,1.75,1.75
2017.03.23 21:51:48.592,1.25194,1.25213,2.25,3.00
2017.03.23 21:51:51.922,1.25194,1.25212,1.87,2.25
2017.03.23 21:51:52.083,1.25194,1.25211,2.25,1.75
2017.03.23 21:51:52.589,1.25194,1.25211,2.25,2.08
2017.03.23 21:51:53.129,1.25194,1.2521,2.25,1.50
2017.03.23 21:51:53.620,1.25196,1.25211,1.37,1.00
2017.03.23 21:51:53.808,1.25196,1.25211,1.37,1.12
2017.03.23 21:51:54.636,1.25196,1.25212,1.37,1.75
2017.03.23 21:51:55.735,1.25196,1.25209,1.37,1.28
2017.03.23 21:51:56.632,1.25196,1.25211,1.37,1.54
2017.03.23 21:51:57.691,1.25196,1.25212,1.37,2.46
2017.03.23 21:51:58.192,1.25196,1.25213,1.37,3.96
2017.03.23 21:51:58.753,1.25196,1.25212,1.37,1.33
2017.03.23 21:51:59.507,1.25196,1.25212,1.37,1.33
2017.03.23 21:51:59.610,1.25196,1.25212,1.37,2.29
2017.03.23 21:52:01.080,1.25196,1.25211,1.37,2.29
2017.03.23 21:52:02.717,1.25196,1.25209,1.37,1.03
2017.03.23 21:52:03.315,1.25193,1.2521,1.75,1.19
2017.03.23 21:52:03.620,1.25187,1.25205,1.75,2.44
2017.03.23 21:52:05.203,1.25184,1.25204,2.25,1.69
2017.03.23 21:52:05.822,1.25185,1.25204,1.87,1.19
2017.03.23 21:52:06.571,1.25185,1.25204,1.37,1.19
2017.03.23 21:52:06.912,1.25188,1.25205,1.75,1.69
2017.03.23 21:52:08.037,1.25185,1.25204,1.75,1.19
2017.03.23 21:52:08.550,1.25185,1.25205,1.75,1.69
2017.03.23 21:52:09.096,1.25185,1.25205,1.75,1.19
2017.03.23 21:52:11.569,1.25187,1.25206,1.75,1.19
2017.03.23 21:52:12.266,1.25186,1.25205,1.75,1.19
2017.03.23 21:52:13.534,1.25188,1.25206,1.75,2.44
2017.03.23 21:52:14.364,1.25187,1.25205,1.75,1.19
2017.03.23 21:52:17.503,1.25186,1.25204,1.75,1.19
2017.03.23 21:52:18.510,1.25186,1.25204,2.25,1.69
2017.03.23 21:52:19.513,1.25188,1.25204,1.75,1.19
2017.03.23 21:52:20.442,1.25187,1.25204,1.75,1.19
2017.03.23 21:52:21.059,1.25188,1.25205,1.75,1.19
2017.03.23 21:52:22.419,1.25186,1.25205,1.75,1.69
2017.03.23 21:52:23.407,1.25185,1.25205,2.25,1.69
2017.03.23 21:52:27.282,1.25187,1.25205,1.75,1.69
2017.03.23 21:52:29.009,1.25186,1.25204,1.75,1.19
2017.03.23 21:52:32.210,1.25188,1.25204,1.75,1.69
2017.03.23 21:52:32.855,1.25186,1.25203,1.75,1.19
2017.03.23 21:52:34.081,1.25186,1.25203,1.75,1.25
2017.03.23 21:52:35.334,1.25187,1.25205,1.75,1.19
2017.03.23 21:52:36.311,1.25187,1.25205,1.75,1.19
2017.03.23 21:52:39.092,1.25187,1.25203,1.75,1.19
2017.03.23 21:52:41.150,1.25187,1.25204,1.75,1.19
2017.03.23 21:52:41.667,1.25187,1.25205,1.75,1.69
2017.03.23 21:52:44.698,1.25188,1.25204,1.75,1.19
2017.03.23 21:52:45.702,1.25187,1.25204,2.25,1.19
2017.03.23 21:52:49.104,1.25187,1.25204,2.25,1.19
2017.03.23 21:52:55.043,1.25188,1.25206,1.75,1.00
2017.03.23 21:52:58.254,1.25189,1.25206,1.75,1.12
2017.03.23 21:52:58.887,1.25188,1.25207,1.75,1.87
2017.03.23 21:52:59.465,1.25186,1.25207,1.75,1.19
2017.03.23 21:53:02.488,1.25188,1.25205,1.37,1.03
2017.03.23 21:53:03.076,1.25187,1.25205,1.37,1.03
2017.03.23 21:53:03.127,1.25187,1.25205,1.75,1.61
2017.03.23 21:53:03.641,1.25188,1.25205,1.75,1.90
2017.03.23 21:53:04.236,1.25188,1.25205,2.25,3.40
2017.03.23 21:53:04.820,1.25188,1.25205,1.75,3.40
2017.03.23 21:53:05.227,1.2519,1.25204,1.75,1.54
2017.03.23 21:53:06.319,1.25188,1.25204,2.25,2.46
2017.03.23 21:53:06.831,1.25189,1.25205,1.75,1.69
2017.03.23 21:53:12.216,1.25188,1.25203,1.75,1.00
2017.03.23 21:53:13.518,1.25186,1.25203,1.87,1.19
2017.03.23 21:53:14.417,1.25188,1.25202,1.37,1.18
2017.03.23 21:53:14.940,1.25187,1.25203,1.37,2.68
2017.03.23 21:53:15.498,1.25187,1.25202,1.37,1.55
2017.03.23 21:53:17.643,1.25186,1.25201,1.87,1.07
2017.03.23 21:53:18.673,1.25186,1.25203,1.87,1.19
2017.03.23 21:53:19.197,1.25186,1.25201,1.87,1.18
2017.03.23 21:53:23.920,1.25187,1.252,1.37,1.07
2017.03.23 21:53:24.515,1.25187,1.25203,1.37,1.19
2017.03.23 21:53:31.059,1.25187,1.25205,1.37,2.81
2017.03.23 21:53:31.843,1.25188,1.25206,1.37,1.31
2017.03.23 21:53:32.405,1.25189,1.25206,1.75,1.31
2017.03.23 21:53:33.851,1.25188,1.25204,1.75,1.19
2017.03.23 21:53:36.671,1.25187,1.25204,2.25,1.19
2017.03.23 21:53:37.918,1.25187,1.25204,1.75,1.19
2017.03.23 21:53:40.021,1.25187,1.25204,1.75,1.19
2017.03.23 21:53:40.868,1.25186,1.25204,1.75,1.19
2017.03.23 21:53:48.044,1.25185,1.25204,2.25,1.19
2017.03.23 21:53:50.140,1.25186,1.25204,1.37,1.69
2017.03.23 21:53:50.866,1.25185,1.25204,1.37,1.69
2017.03.23 21:53:52.084,1.25187,1.25204,1.75,1.69
2017.03.23 21:53:52.751,1.25186,1.25204,1.75,1.69
2017.03.23 21:53:54.095,1.25189,1.25204,1.75,1.69
2017.03.23 21:53:54.606,1.25187,1.25204,1.75,1.69
2017.03.23 21:53:55.231,1.25191,1.25203,1.75,1.19
2017.03.23 21:53:55.739,1.2519,1.25204,1.75,1.69
2017.03.23 21:53:56.315,1.2519,1.25204,1.75,1.69
2017.03.23 21:53:57.144,1.25188,1.25204,2.25,1.19
2017.03.23 21:53:57.719,1.25188,1.25204,1.75,1.19
2017.03.23 21:53:59.330,1.25189,1.25204,1.75,1.19
2017.03.23 21:54:00.294,1.25188,1.25204,2.25,1.19
2017.03.23 21:54:00.850,1.25189,1.25204,1.75,1.19
2017.03.23 21:54:01.393,1.25188,1.25204,2.25,1.19
2017.03.23 21:54:06.320,1.25189,1.25207,1.75,1.69
2017.03.23 21:54:09.307,1.25192,1.25205,1.75,1.19
2017.03.23 21:54:11.317,1.25189,1.25204,1.75,1.69
2017.03.23 21:54:12.294,1.25189,1.25204,1.75,2.44
2017.03.23 21:54:17.215,1.25189,1.25204,1.37,2.30
2017.03.23 21:54:18.121,1.2519,1.25204,1.75,2.30
2017.03.23 21:54:19.099,1.25191,1.25204,1.75,1.69
2017.03.23 21:54:19.865,1.25191,1.25204,1.75,1.69
2017.03.23 21:54:27.226,1.25189,1.25204,1.75,1.19
2017.03.23 21:54:29.694,1.25189,1.25204,1.75,1.19
2017.03.23 21:54:30.261,1.2519,1.25205,1.75,2.81
2017.03.23 21:54:32.753,1.25192,1.25204,1.75,1.19
2017.03.23 21:54:33.840,1.25192,1.25205,1.75,1.31
2017.03.23 21:54:39.090,1.25192,1.25205,1.75,1.31
2017.03.23 21:54:42.450,1.25192,1.25205,1.75,1.31
2017.03.23 21:54:42.814,1.25188,1.25202,1.50,1.00
2017.03.23 21:54:42.915,1.25183,1.25199,2.25,1.00
2017.03.23 21:54:43.118,1.25183,1.25201,1.75,1.00
2017.03.23 21:54:43.321,1.25183,1.25199,1.75,1.00
2017.03.23 21:54:43.423,1.25178,1.25196,1.87,1.00
2017.03.23 21:54:43.474,1.25179,1.25194,1.37,1.19
2017.03.23 21:54:43.525,1.25179,1.25193,1.00,1.25
2017.03.23 21:54:44.101,1.25179,1.25191,1.00,1.19
2017.03.23 21:54:44.186,1.25177,1.25191,1.00,1.19
2017.03.23 21:54:44.338,1.25177,1.25188,1.00,1.00
2017.03.23 21:54:44.592,1.25175,1.25187,1.00,1.00
2017.03.23 21:54:44.998,1.25172,1.25191,1.12,1.00
2017.03.23 21:54:45.049,1.25172,1.25194,1.12,1.00
2017.03.23 21:54:45.100,1.25173,1.25196,1.12,1.00
2017.03.23 21:54:45.252,1.25173,1.25194,1.12,1.00
2017.03.23 21:54:46.044,1.25174,1.25194,1.12,1.00
2017.03.23 21:54:46.349,1.25173,1.25191,1.12,1.00
2017.03.23 21:54:46.654,1.25173,1.25188,1.12,1.00
2017.03.23 21:54:47.161,1.25173,1.25195,1.12,1.50
2017.03.23 21:54:47.262,1.25173,1.25192,1.12,1.00
2017.03.23 21:54:47.566,1.25173,1.25189,1.12,1.00
2017.03.23 21:54:47.820,1.2517,1.25187,2.62,1.00
2017.03.23 21:54:47.922,1.2517,1.25185,1.12,1.00
2017.03.23 21:54:48.226,1.25168,1.25183,1.12,1.00
2017.03.23 21:54:48.682,1.25167,1.25185,1.12,1.50
2017.03.23 21:54:48.784,1.25169,1.25192,1.00,1.37
2017.03.23 21:54:48.835,1.25173,1.25192,1.00,1.12
2017.03.23 21:54:48.937,1.25174,1.25195,1.12,1.00
2017.03.23 21:54:49.089,1.25173,1.25197,1.87,1.00
2017.03.23 21:54:49.242,1.25175,1.25198,1.00,1.00
2017.03.23 21:54:49.344,1.25174,1.25201,1.50,1.00
2017.03.23 21:54:50.064,1.25175,1.25203,1.50,1.87
2017.03.23 21:54:51.856,1.25175,1.25201,1.87,1.00
2017.03.23 21:54:54.179,1.25176,1.25202,1.00,1.12
2017.03.23 21:54:54.751,1.25177,1.25202,1.00,1.12
2017.03.23 21:54:55.171,1.25177,1.252,1.00,1.00
2017.03.23 21:54:56.006,1.25176,1.252,1.50,1.00
2017.03.23 21:54:56.626,1.25175,1.25199,1.00,1.00
2017.03.23 21:54:58.896,1.25172,1.25199,1.87,1.50
2017.03.23 21:55:04.908,1.25171,1.25199,2.25,1.50
2017.03.23 21:55:04.959,1.25171,1.25196,2.25,1.00
2017.03.23 21:55:05.264,1.25161,1.25184,1.25,1.00
2017.03.23 21:55:05.315,1.2516,1.25187,1.00,1.25
2017.03.23 21:55:05.839,1.25159,1.25188,1.87,1.31
2017.03.23 21:55:08.304,1.25158,1.25188,1.12,1.69
2017.03.23 21:55:10.065,1.25158,1.25184,1.12,1.00
2017.03.23 21:55:10.672,1.25158,1.25185,1.37,1.00
2017.03.23 21:55:15.260,1.25158,1.25185,1.87,1.00
2017.03.23 21:55:16.028,1.25158,1.25185,1.37,1.00
2017.03.23 21:55:17.035,1.25157,1.25183,1.37,1.00
2017.03.23 21:55:22.378,1.25158,1.25184,1.12,1.00
2017.03.23 21:55:22.884,1.25158,1.25185,1.37,1.00
2017.03.23 21:55:24.031,1.25158,1.25184,1.12,1.00
2017.03.23 21:55:24.543,1.25158,1.25185,1.12,1.00
2017.03.23 21:55:25.095,1.25159,1.25185,1.00,1.00
2017.03.23 21:55:27.460,1.25159,1.25182,1.00,1.00
2017.03.23 21:55:27.613,1.25154,1.25179,1.37,1.00
2017.03.23 21:55:28.634,1.25154,1.25179,1.37,1.00
2017.03.23 21:55:29.314,1.25154,1.25181,1.37,1.00
2017.03.23 21:55:29.416,1.25155,1.25179,1.37,1.00
2017.03.23 21:55:30.304,1.25153,1.2518,1.87,1.00
2017.03.23 21:55:31.398,1.25153,1.25181,2.62,1.00
2017.03.23 21:55:37.454,1.25156,1.25181,1.00,1.50
2017.03.23 21:55:37.956,1.25155,1.25181,1.87,1.50
2017.03.23 21:55:41.009,1.25157,1.25181,1.00,1.00
2017.03.23 21:55:47.547,1.25155,1.25183,1.00,2.62
2017.03.23 21:55:59.715,1.25154,1.2518,1.00,1.50
2017.03.23 21:56:00.381,1.25154,1.25179,1.00,1.00
2017.03.23 21:56:00.756,1.25153,1.25181,1.00,1.50
2017.03.23 21:56:02.162,1.25153,1.25182,1.00,1.00
2017.03.23 21:56:02.722,1.25153,1.25183,1.00,3.00
2017.03.23 21:56:03.450,1.25153,1.25182,1.00,1.00
2017.03.23 21:56:03.774,1.25153,1.25182,1.00,1.37
2017.03.23 21:56:08.822,1.25154,1.25182,1.00,2.25
2017.03.23 21:56:09.490,1.25153,1.25183,1.87,2.25
2017.03.23 21:56:09.831,1.25155,1.25183,1.00,2.25
2017.03.23 21:56:10.963,1.25154,1.25183,1.50,3.00
2017.03.23 21:56:12.335,1.25153,1.25181,1.00,1.75
2017.03.23 21:56:13.066,1.25154,1.25181,1.00,3.00
2017.03.23 21:56:14.345,1.25153,1.25181,1.00,1.75
2017.03.23 21:56:15.240,1.25153,1.2518,1.00,1.12
2017.03.23 21:56:17.466,1.25154,1.2518,1.00,1.75
2017.03.23 21:56:22.446,1.25153,1.25181,1.00,1.12
2017.03.23 21:56:24.546,1.25153,1.25181,1.87,1.12
2017.03.23 21:56:25.070,1.25153,1.25182,1.87,1.75
2017.03.23 21:56:27.028,1.25154,1.25183,1.87,1.87
2017.03.23 21:56:27.129,1.25154,1.25183,1.37,1.75
2017.03.23 21:56:27.427,1.25153,1.25183,3.00,2.25
2017.03.23 21:56:29.111,1.25153,1.25183,1.87,2.25
2017.03.23 21:56:29.264,1.25153,1.25181,1.50,1.12
2017.03.23 21:56:29.365,1.25153,1.25181,1.00,1.12
2017.03.23 21:56:30.018,1.25153,1.25181,1.00,1.12
2017.03.23 21:56:31.253,1.25154,1.25182,1.00,3.37
2017.03.23 21:56:31.756,1.25153,1.25181,1.00,1.75
2017.03.23 21:56:32.166,1.25159,1.25181,1.00,1.75
2017.03.23 21:56:35.695,1.25158,1.25178,1.00,1.75
2017.03.23 21:56:42.857,1.25157,1.25181,1.00,1.12
2017.03.23 21:57:06.293,1.25158,1.25182,1.00,1.87
2017.03.23 21:57:06.447,1.25161,1.2518,1.00,1.00
2017.03.23 21:57:07.022,1.2516,1.2518,1.00,1.00
2017.03.23 21:57:12.139,1.2516,1.25184,1.00,2.06
2017.03.23 21:57:14.286,1.25159,1.25183,1.00,1.31
2017.03.23 21:57:18.830,1.25158,1.25182,1.00,1.12
2017.03.23 21:57:20.040,1.25157,1.25183,1.00,1.12
2017.03.23 21:57:27.395,1.25159,1.25184,1.00,2.44
2017.03.23 21:57:27.912,1.25158,1.25184,1.00,2.44
2017.03.23 21:57:36.939,1.25159,1.25178,1.00,1.00
2017.03.23 21:58:00.560,1.25159,1.25183,1.00,1.12
2017.03.23 21:58:01.826,1.2516,1.25183,1.00,1.87
2017.03.23 21:58:28.518,1.2516,1.25183,1.00,1.75
2017.03.23 21:58:53.224,1.2516,1.2518,1.00,1.00
2017.03.23 21:59:00.153,1.2516,1.25179,1.00,1.00
2017.03.23 21:59:00.255,1.2516,1.2518,1.00,1.12
2017.03.23 21:59:12.669,1.2516,1.25175,0.75,0.37
2017.03.23 21:59:13.071,1.25157,1.25174,0.75,1.12
2017.03.23 21:59:13.173,1.25155,1.25174,0.75,1.87
2017.03.23 21:59:13.275,1.25155,1.25172,0.75,0.37
2017.03.23 21:59:15.804,1.25155,1.25171,0.75,0.75
2017.03.23 21:59:16.350,1.25155,1.25172,0.75,1.12
2017.03.23 21:59:16.935,1.25158,1.25172,0.75,0.37
2017.03.23 21:59:16.986,1.25158,1.25175,0.75,0.75
2017.03.23 21:59:17.087,1.25156,1.25175,0.75,0.75
2017.03.23 21:59:32.416,1.25156,1.25173,0.75,0.75
2017.03.23 21:59:33.276,1.25156,1.25175,0.75,0.75
2017.03.23 21:59:33.853,1.25157,1.25175,0.75,0.75
2017.03.23 21:59:36.571,1.25157,1.25178,1.12,0.37
2017.03.23 21:59:36.774,1.2516,1.25178,0.75,0.37
2017.03.23 21:59:48.866,1.2516,1.25176,0.75,0.37
2017.03.23 21:59:48.968,1.25156,1.25174,0.75,0.37
2017.03.23 21:59:49.018,1.25156,1.25172,0.75,0.37
2017.03.23 21:59:53.345,1.2516,1.25172,0.75,0.37
2017.03.23 21:59:53.447,1.2516,1.25175,0.75,0.37
2017.03.23 21:59:58.928,1.2516,1.25178,0.75,0.75
