2017.08.17 15:00:00.075,1.28902,1.2891,1.12,3.00
2017.08.17 15:00:00.229,1.28909,1.28911,1.00,4.50
2017.08.17 15:00:00.384,1.28907,1.28911,1.12,1.00
2017.08.17 15:00:00.436,1.28909,1.28911,1.00,1.00
2017.08.17 15:00:00.624,1.28904,1.28911,1.50,2.62
2017.08.17 15:00:00.726,1.28904,1.2891,1.12,1.12
2017.08.17 15:00:00.829,1.28902,1.2891,1.50,2.25
2017.08.17 15:00:01.371,1.28902,1.28909,1.12,1.37
2017.08.17 15:00:01.737,1.28899,1.28905,1.12,2.06
2017.08.17 15:00:01.841,1.28895,1.28901,1.50,5.62
2017.08.17 15:00:02.001,1.28894,1.28899,1.00,7.87
2017.08.17 15:00:02.258,1.28892,1.28899,1.12,1.37
2017.08.17 15:00:02.772,1.28892,1.28899,2.25,1.00
2017.08.17 15:00:03.081,1.28891,1.28897,1.37,1.00
2017.08.17 15:00:04.171,1.28892,1.28898,1.00,1.50
2017.08.17 15:00:06.491,1.28891,1.28898,2.25,1.94
2017.08.17 15:00:06.799,1.28889,1.28896,1.87,2.70
2017.08.17 15:00:06.851,1.2889,1.28896,1.00,1.00
2017.08.17 15:00:06.904,1.28892,1.28898,2.25,2.32
2017.08.17 15:00:07.109,1.28892,1.28898,2.25,1.00
2017.08.17 15:00:07.629,1.28892,1.28899,2.25,1.00
2017.08.17 15:00:08.156,1.28892,1.28897,2.25,1.00
2017.08.17 15:00:08.704,1.28893,1.28897,1.50,1.00
2017.08.17 15:00:08.909,1.28893,1.28901,1.50,2.70
2017.08.17 15:00:09.011,1.28895,1.28901,1.00,1.10
2017.08.17 15:00:09.528,1.28895,1.28903,1.50,3.00
2017.08.17 15:00:09.836,1.28894,1.28897,1.00,1.00
2017.08.17 15:00:10.445,1.28894,1.28901,1.12,3.00
2017.08.17 15:00:10.956,1.28895,1.289,1.00,1.12
2017.08.17 15:00:11.118,1.28895,1.28898,1.00,1.00
2017.08.17 15:00:11.220,1.28893,1.28898,2.25,1.00
2017.08.17 15:00:11.734,1.28894,1.28897,1.50,1.00
2017.08.17 15:00:12.558,1.28894,1.28898,1.00,1.50
2017.08.17 15:00:13.137,1.28894,1.28897,1.00,1.00
2017.08.17 15:00:13.498,1.28892,1.28897,1.00,1.12
2017.08.17 15:00:14.009,1.28893,1.28899,2.25,1.37
2017.08.17 15:00:14.511,1.28893,1.28899,2.25,1.87
2017.08.17 15:00:15.044,1.28892,1.28898,2.62,1.37
2017.08.17 15:00:15.197,1.28892,1.28894,1.00,1.00
2017.08.17 15:00:15.403,1.2889,1.28894,1.00,10.57
2017.08.17 15:00:15.557,1.28889,1.28894,1.50,15.07
2017.08.17 15:00:15.660,1.28889,1.28894,2.25,1.12
2017.08.17 15:00:15.817,1.28892,1.28897,1.00,1.50
2017.08.17 15:00:16.125,1.28894,1.28898,1.00,1.12
2017.08.17 15:00:17.119,1.28894,1.28898,1.00,1.37
2017.08.17 15:00:17.574,1.28892,1.28898,2.25,1.87
2017.08.17 15:00:18.083,1.28893,1.28898,1.00,1.37
2017.08.17 15:00:19.056,1.28894,1.28899,1.00,1.00
2017.08.17 15:00:19.363,1.28892,1.28899,2.25,1.87
2017.08.17 15:00:20.364,1.28892,1.28898,1.00,1.87
2017.08.17 15:00:20.878,1.28893,1.28898,1.50,1.87
2017.08.17 15:00:21.397,1.28893,1.28898,1.50,3.82
2017.08.17 15:00:22.765,1.28892,1.28897,2.25,1.50
2017.08.17 15:00:25.562,1.28891,1.28896,1.00,1.00
2017.08.17 15:00:27.173,1.28888,1.28892,1.87,1.00
2017.08.17 15:00:27.595,1.28891,1.28894,1.00,1.00
2017.08.17 15:00:27.955,1.28892,1.28897,1.00,1.20
2017.08.17 15:00:28.007,1.28896,1.28901,1.50,1.31
2017.08.17 15:00:28.058,1.28896,1.28902,1.50,2.14
2017.08.17 15:00:28.605,1.28896,1.28902,2.25,2.62
2017.08.17 15:00:28.657,1.28899,1.28902,2.25,1.00
2017.08.17 15:00:28.966,1.28902,1.28906,1.00,1.19
2017.08.17 15:00:29.387,1.28899,1.28904,2.25,1.12
2017.08.17 15:00:29.643,1.289,1.28907,2.62,2.62
2017.08.17 15:00:30.176,1.289,1.28905,1.00,2.62
2017.08.17 15:00:30.483,1.28896,1.28901,1.00,1.37
2017.08.17 15:00:30.690,1.28894,1.289,1.12,1.12
2017.08.17 15:00:30.743,1.28894,1.28899,1.00,1.37
2017.08.17 15:00:30.846,1.28892,1.28899,3.19,1.87
2017.08.17 15:00:31.546,1.28892,1.28897,1.50,2.25
2017.08.17 15:00:31.847,1.2889,1.28895,1.50,1.12
2017.08.17 15:00:31.899,1.28889,1.28894,1.37,2.62
2017.08.17 15:00:32.054,1.28888,1.28894,1.50,1.87
2017.08.17 15:00:32.261,1.28888,1.28894,3.37,1.50
2017.08.17 15:00:32.364,1.2889,1.28894,1.00,1.50
2017.08.17 15:00:32.866,1.28889,1.28895,1.50,1.00
2017.08.17 15:00:33.122,1.28886,1.28893,3.75,1.00
2017.08.17 15:00:33.697,1.28885,1.28892,2.25,2.70
2017.08.17 15:00:34.243,1.28884,1.28891,2.25,3.07
2017.08.17 15:00:34.757,1.28884,1.28888,1.00,1.00
2017.08.17 15:00:35.352,1.28882,1.28888,4.12,1.00
2017.08.17 15:00:35.892,1.28884,1.28887,1.00,1.00
2017.08.17 15:00:36.425,1.28883,1.28888,1.00,1.12
2017.08.17 15:00:36.940,1.28881,1.28888,1.12,3.00
2017.08.17 15:00:37.300,1.28879,1.28883,3.00,1.75
2017.08.17 15:00:37.456,1.28876,1.28881,1.00,10.87
2017.08.17 15:00:37.611,1.28876,1.28879,1.00,6.37
2017.08.17 15:00:37.932,1.28875,1.28878,1.00,1.87
2017.08.17 15:00:38.191,1.28869,1.28873,3.75,1.00
2017.08.17 15:00:38.297,1.28869,1.28872,3.75,4.12
2017.08.17 15:00:38.555,1.28871,1.28876,2.25,1.37
2017.08.17 15:00:38.974,1.28875,1.28878,1.00,1.87
2017.08.17 15:00:39.542,1.28875,1.28878,1.00,1.12
2017.08.17 15:00:40.004,1.28876,1.28879,1.00,1.00
2017.08.17 15:00:40.557,1.28877,1.28879,1.00,1.37
2017.08.17 15:00:41.093,1.28876,1.28879,1.00,1.37
2017.08.17 15:00:41.350,1.28879,1.28883,1.50,1.00
2017.08.17 15:00:41.401,1.28879,1.28885,3.37,1.12
2017.08.17 15:00:41.782,1.28884,1.28887,1.00,1.00
2017.08.17 15:00:42.096,1.28882,1.28886,1.00,1.87
2017.08.17 15:00:42.302,1.28875,1.28881,3.56,1.12
2017.08.17 15:00:42.355,1.28875,1.28879,2.44,1.50
2017.08.17 15:00:42.513,1.28875,1.28881,1.00,1.95
2017.08.17 15:00:42.565,1.28873,1.28875,1.50,1.87
2017.08.17 15:00:42.825,1.28869,1.28872,1.00,1.00
2017.08.17 15:00:42.929,1.28867,1.2887,1.00,1.87
2017.08.17 15:00:43.194,1.28864,1.28868,1.00,1.87
2017.08.17 15:00:43.402,1.28864,1.28865,1.00,1.00
2017.08.17 15:00:43.817,1.28865,1.28868,1.00,1.87
2017.08.17 15:00:44.126,1.28863,1.28868,1.00,2.32
2017.08.17 15:00:44.179,1.28865,1.28867,1.00,1.12
2017.08.17 15:00:44.231,1.28863,1.28867,1.00,2.62
2017.08.17 15:00:44.283,1.28865,1.28868,1.00,1.87
2017.08.17 15:00:44.900,1.28864,1.28868,1.00,1.45
2017.08.17 15:00:45.053,1.28862,1.28867,1.00,1.00
2017.08.17 15:00:45.105,1.28862,1.28864,1.00,2.25
2017.08.17 15:00:45.611,1.28863,1.28866,1.00,1.57
2017.08.17 15:00:47.374,1.28864,1.28867,1.00,1.95
2017.08.17 15:00:47.628,1.28866,1.28869,1.00,1.10
2017.08.17 15:00:47.732,1.28868,1.28871,1.00,1.20
2017.08.17 15:00:48.090,1.28867,1.28871,1.00,1.00
2017.08.17 15:00:48.142,1.28866,1.28871,1.00,1.87
2017.08.17 15:00:48.535,1.28868,1.28871,1.00,1.37
2017.08.17 15:00:48.639,1.2887,1.28873,1.00,1.00
2017.08.17 15:00:48.691,1.28871,1.28873,2.50,1.00
2017.08.17 15:00:48.743,1.28871,1.28875,1.50,1.10
2017.08.17 15:00:48.949,1.28873,1.28875,1.00,1.00
2017.08.17 15:00:49.496,1.28871,1.28877,1.50,1.12
2017.08.17 15:00:49.547,1.28873,1.28877,3.00,1.37
2017.08.17 15:00:50.323,1.28872,1.28876,1.00,1.00
2017.08.17 15:00:50.636,1.28867,1.28871,1.00,1.87
2017.08.17 15:00:51.004,1.28868,1.28873,1.87,1.00
2017.08.17 15:00:51.057,1.28872,1.28876,1.00,1.45
2017.08.17 15:00:51.572,1.28873,1.28877,1.00,1.00
2017.08.17 15:00:51.625,1.28875,1.28878,1.00,1.12
2017.08.17 15:00:51.728,1.28872,1.28879,3.00,1.37
2017.08.17 15:00:51.831,1.28875,1.28879,1.00,1.37
2017.08.17 15:00:52.091,1.28869,1.28876,2.25,1.37
2017.08.17 15:00:52.299,1.28868,1.28872,1.25,2.25
2017.08.17 15:00:52.452,1.28871,1.28877,1.00,1.47
2017.08.17 15:00:53.051,1.28869,1.28876,1.12,1.95
2017.08.17 15:00:53.530,1.28867,1.28873,1.19,2.25
2017.08.17 15:00:53.870,1.28863,1.28869,2.44,1.87
2017.08.17 15:00:54.078,1.28863,1.28869,1.50,1.87
2017.08.17 15:00:54.608,1.28861,1.28869,2.62,2.32
2017.08.17 15:00:55.410,1.28862,1.28868,1.00,1.50
2017.08.17 15:00:55.667,1.28864,1.28867,1.00,1.00
2017.08.17 15:00:56.491,1.28864,1.28868,1.00,1.00
2017.08.17 15:00:57.005,1.28865,1.2887,1.50,8.62
2017.08.17 15:00:57.622,1.28868,1.2887,1.00,11.62
2017.08.17 15:00:57.674,1.28868,1.28872,1.00,1.00
2017.08.17 15:00:58.027,1.2887,1.28876,1.00,1.12
2017.08.17 15:00:58.287,1.28866,1.28873,1.31,3.45
2017.08.17 15:00:58.339,1.28864,1.28871,1.00,4.57
2017.08.17 15:00:58.391,1.28868,1.28871,1.00,1.95
2017.08.17 15:00:58.444,1.28869,1.28873,1.50,1.00
2017.08.17 15:00:58.549,1.28869,1.28875,2.25,1.00
2017.08.17 15:00:58.738,1.28873,1.28878,1.00,1.57
2017.08.17 15:00:58.942,1.28871,1.28878,1.87,3.07
2017.08.17 15:00:59.299,1.28874,1.28879,1.00,1.00
2017.08.17 15:00:59.600,1.28881,1.28884,2.25,1.00
2017.08.17 15:00:59.910,1.28879,1.28885,2.62,2.14
2017.08.17 15:00:59.964,1.28877,1.28885,3.00,2.70
2017.08.17 15:01:00.016,1.28877,1.28884,1.87,5.06
2017.08.17 15:01:00.378,1.28875,1.2888,1.00,1.00
2017.08.17 15:01:01.203,1.28875,1.2888,1.00,3.00
2017.08.17 15:01:01.721,1.28876,1.28881,1.00,1.50
2017.08.17 15:01:01.774,1.28878,1.28882,1.00,1.87
2017.08.17 15:01:02.229,1.2888,1.28882,1.00,1.00
2017.08.17 15:01:02.332,1.28878,1.28882,2.25,1.00
2017.08.17 15:01:02.589,1.28876,1.28882,3.00,1.50
2017.08.17 15:01:02.641,1.28876,1.28882,1.00,2.32
2017.08.17 15:01:02.971,1.28874,1.28878,1.00,1.12
2017.08.17 15:01:03.481,1.28872,1.28878,3.75,1.50
2017.08.17 15:01:04.027,1.28872,1.28879,2.25,1.37
2017.08.17 15:01:04.424,1.2887,1.28876,1.19,4.57
2017.08.17 15:01:04.479,1.2887,1.28876,1.31,1.50
2017.08.17 15:01:04.687,1.28872,1.28878,2.25,1.87
2017.08.17 15:01:05.669,1.28873,1.28878,1.87,1.47
2017.08.17 15:01:06.107,1.28873,1.28879,1.50,1.57
2017.08.17 15:01:07.191,1.28875,1.28879,1.00,1.00
2017.08.17 15:01:07.397,1.28879,1.28887,1.00,4.76
2017.08.17 15:01:07.924,1.28881,1.28887,1.12,4.87
2017.08.17 15:01:08.027,1.28881,1.28887,3.00,1.50
2017.08.17 15:01:08.908,1.28882,1.28888,1.50,1.50
2017.08.17 15:01:09.063,1.28883,1.28889,1.00,1.50
2017.08.17 15:01:10.668,1.28882,1.28889,1.00,3.00
2017.08.17 15:01:10.969,1.2888,1.28887,1.50,3.07
2017.08.17 15:01:11.124,1.2888,1.28886,1.50,2.62
2017.08.17 15:01:11.329,1.28878,1.28886,4.12,2.32
2017.08.17 15:01:11.738,1.2888,1.28887,2.25,2.32
2017.08.17 15:01:12.004,1.2888,1.28888,5.25,3.45
2017.08.17 15:01:12.515,1.28882,1.28888,1.50,1.82
2017.08.17 15:01:13.145,1.28882,1.28888,1.50,1.20
2017.08.17 15:01:14.188,1.28882,1.28887,2.62,1.00
2017.08.17 15:01:14.723,1.28882,1.28888,2.62,1.12
2017.08.17 15:01:15.256,1.28883,1.28887,1.50,1.00
2017.08.17 15:01:15.767,1.28883,1.28888,1.50,1.12
2017.08.17 15:01:15.871,1.28883,1.28887,1.50,1.37
2017.08.17 15:01:16.378,1.28883,1.28888,1.50,1.87
2017.08.17 15:01:16.912,1.28882,1.28888,2.25,1.37
2017.08.17 15:01:17.490,1.28882,1.2889,2.25,2.62
2017.08.17 15:01:20.224,1.28882,1.28887,1.00,1.37
2017.08.17 15:01:20.430,1.28873,1.2888,1.57,5.62
2017.08.17 15:01:20.482,1.28873,1.28879,1.00,3.37
2017.08.17 15:01:20.794,1.28873,1.28875,1.00,1.37
2017.08.17 15:01:20.973,1.28873,1.28877,1.00,1.37
2017.08.17 15:01:21.180,1.28871,1.28878,1.00,1.87
2017.08.17 15:01:21.387,1.28874,1.2888,1.50,1.12
2017.08.17 15:01:21.801,1.28882,1.28888,2.62,1.00
2017.08.17 15:01:22.108,1.28884,1.28889,1.50,1.00
2017.08.17 15:01:22.313,1.28881,1.28887,2.44,1.50
2017.08.17 15:01:22.835,1.28882,1.28888,1.12,3.37
2017.08.17 15:01:23.736,1.28882,1.28888,1.12,1.12
2017.08.17 15:01:24.245,1.28883,1.28888,1.50,1.12
2017.08.17 15:01:24.750,1.28883,1.28887,2.25,1.00
2017.08.17 15:01:25.270,1.28883,1.28888,2.25,1.00
2017.08.17 15:01:25.775,1.28881,1.28887,1.50,1.00
2017.08.17 15:01:25.878,1.28878,1.28886,2.51,1.37
2017.08.17 15:01:26.389,1.28877,1.28885,3.00,1.12
2017.08.17 15:01:26.902,1.28878,1.28885,1.87,1.12
2017.08.17 15:01:27.823,1.28878,1.28884,1.87,1.00
2017.08.17 15:01:28.145,1.28874,1.28882,4.57,1.87
2017.08.17 15:01:28.657,1.28874,1.28879,1.50,1.00
2017.08.17 15:01:29.269,1.28872,1.28879,3.75,1.00
2017.08.17 15:01:29.576,1.28874,1.28877,1.50,1.00
2017.08.17 15:01:30.148,1.28873,1.28878,1.87,1.00
2017.08.17 15:01:30.713,1.28873,1.28879,1.50,1.87
2017.08.17 15:01:31.223,1.28872,1.28878,2.25,1.00
2017.08.17 15:01:32.496,1.28873,1.28878,1.50,1.12
2017.08.17 15:01:32.804,1.2887,1.28877,2.51,1.50
2017.08.17 15:01:33.326,1.28873,1.28879,1.00,1.50
2017.08.17 15:01:33.584,1.28875,1.28881,1.50,1.87
2017.08.17 15:01:33.942,1.28875,1.2888,1.50,1.37
2017.08.17 15:01:34.475,1.28874,1.2888,2.25,3.75
2017.08.17 15:01:35.061,1.28872,1.28879,3.19,1.50
2017.08.17 15:01:37.767,1.28874,1.28879,1.50,1.50
2017.08.17 15:01:38.107,1.28872,1.28879,1.00,1.12
2017.08.17 15:01:38.210,1.28872,1.28879,1.00,2.44
2017.08.17 15:01:38.721,1.28871,1.28879,3.37,2.81
2017.08.17 15:01:40.284,1.28872,1.28879,1.50,2.62
2017.08.17 15:01:42.878,1.28873,1.28879,2.25,1.87
2017.08.17 15:01:43.905,1.28871,1.28879,2.62,1.37
2017.08.17 15:01:44.396,1.28871,1.28874,1.87,1.50
2017.08.17 15:01:44.602,1.28865,1.2887,1.00,1.12
2017.08.17 15:01:44.654,1.28863,1.2887,2.25,1.37
2017.08.17 15:01:44.757,1.28863,1.28868,2.25,1.37
2017.08.17 15:01:47.664,1.28859,1.28865,6.00,1.00
2017.08.17 15:01:48.013,1.28861,1.28867,3.75,1.12
2017.08.17 15:01:48.319,1.28864,1.28869,1.87,1.00
2017.08.17 15:01:48.524,1.28868,1.28874,1.00,1.20
2017.08.17 15:01:48.779,1.28867,1.28874,1.87,1.87
2017.08.17 15:01:48.831,1.28868,1.28874,1.50,1.87
2017.08.17 15:01:49.036,1.28866,1.28874,4.87,1.87
2017.08.17 15:01:49.240,1.28865,1.28871,2.81,1.37
2017.08.17 15:01:49.293,1.28863,1.2887,2.62,2.25
2017.08.17 15:01:50.282,1.28862,1.28868,1.50,1.00
2017.08.17 15:01:50.977,1.28862,1.28867,1.50,1.00
2017.08.17 15:01:51.080,1.28863,1.28868,2.62,1.12
2017.08.17 15:01:51.535,1.28862,1.28868,2.25,1.12
2017.08.17 15:01:52.045,1.28862,1.28868,2.25,1.12
2017.08.17 15:01:53.114,1.28862,1.28869,1.87,2.62
2017.08.17 15:01:54.488,1.28864,1.28868,1.50,1.12
2017.08.17 15:01:54.883,1.28862,1.28868,1.00,1.50
2017.08.17 15:01:55.095,1.28865,1.2887,3.00,1.37
2017.08.17 15:01:55.201,1.28869,1.28874,3.00,1.12
2017.08.17 15:01:55.304,1.28872,1.28877,1.12,1.12
2017.08.17 15:01:56.013,1.28872,1.28878,1.87,1.00
2017.08.17 15:01:56.539,1.28871,1.28878,2.62,1.50
2017.08.17 15:01:57.050,1.28872,1.28878,1.50,1.00
2017.08.17 15:01:58.426,1.28871,1.28878,3.00,1.87
2017.08.17 15:01:59.547,1.28871,1.28877,1.50,1.00
2017.08.17 15:02:00.063,1.28871,1.28878,1.12,1.12
2017.08.17 15:02:00.390,1.28865,1.28869,2.14,1.00
2017.08.17 15:02:00.545,1.28862,1.28869,2.70,1.00
2017.08.17 15:02:00.596,1.28862,1.28869,1.10,1.12
2017.08.17 15:02:00.753,1.28862,1.28869,1.37,1.12
2017.08.17 15:02:00.960,1.28862,1.28869,1.12,1.12
2017.08.17 15:02:01.492,1.28861,1.28868,2.62,2.25
2017.08.17 15:02:02.082,1.28861,1.28869,1.12,2.25
2017.08.17 15:02:02.181,1.28861,1.28867,1.12,1.00
2017.08.17 15:02:02.644,1.28858,1.28867,1.95,2.44
2017.08.17 15:02:03.164,1.28858,1.28863,1.95,1.00
2017.08.17 15:02:03.372,1.28852,1.28858,3.75,1.00
2017.08.17 15:02:03.907,1.28852,1.28857,3.37,1.00
2017.08.17 15:02:04.060,1.28852,1.28857,4.50,1.00
2017.08.17 15:02:04.214,1.28853,1.2886,1.37,1.12
2017.08.17 15:02:04.265,1.28853,1.2886,2.62,1.12
2017.08.17 15:02:04.316,1.28853,1.2886,1.37,1.12
2017.08.17 15:02:04.628,1.28854,1.28862,1.87,1.00
2017.08.17 15:02:04.782,1.28859,1.28863,1.50,1.00
2017.08.17 15:02:05.092,1.2886,1.28866,1.50,1.00
2017.08.17 15:02:05.673,1.2886,1.28866,3.00,1.00
2017.08.17 15:02:06.194,1.2886,1.28865,1.00,1.00
2017.08.17 15:02:07.413,1.2886,1.28866,1.50,1.00
2017.08.17 15:02:07.956,1.28858,1.28864,3.37,1.00
2017.08.17 15:02:08.008,1.28857,1.28864,1.95,1.00
2017.08.17 15:02:08.214,1.28855,1.2886,1.50,1.50
2017.08.17 15:02:08.457,1.28852,1.28857,1.87,1.00
2017.08.17 15:02:08.916,1.28852,1.28859,3.75,1.00
2017.08.17 15:02:09.228,1.28852,1.28857,4.95,1.00
2017.08.17 15:02:09.383,1.28851,1.28858,3.45,1.12
2017.08.17 15:02:09.537,1.2885,1.28857,3.37,1.00
2017.08.17 15:02:10.078,1.2885,1.28856,1.12,1.00
2017.08.17 15:02:10.232,1.28851,1.28858,1.00,1.87
2017.08.17 15:02:10.489,1.28851,1.28858,1.87,1.50
2017.08.17 15:02:10.747,1.28856,1.28863,1.00,4.95
2017.08.17 15:02:10.871,1.28856,1.28863,1.00,3.64
2017.08.17 15:02:10.926,1.28854,1.28862,1.00,2.25
2017.08.17 15:02:11.233,1.28853,1.28857,1.50,1.00
2017.08.17 15:02:11.544,1.28851,1.28857,2.62,1.00
2017.08.17 15:02:12.116,1.28851,1.28858,3.00,1.12
2017.08.17 15:02:13.351,1.28851,1.28857,1.12,1.00
2017.08.17 15:02:13.754,1.28853,1.28857,1.12,1.00
2017.08.17 15:02:13.857,1.28853,1.2886,1.12,1.12
2017.08.17 15:02:13.909,1.28853,1.28857,1.12,1.00
2017.08.17 15:02:14.435,1.28852,1.28858,1.00,1.00
2017.08.17 15:02:14.999,1.28852,1.28857,2.25,1.00
2017.08.17 15:02:15.498,1.28851,1.28858,5.70,1.00
2017.08.17 15:02:15.549,1.28852,1.28857,1.00,1.00
2017.08.17 15:02:16.259,1.28851,1.28858,2.25,2.25
2017.08.17 15:02:16.771,1.2885,1.28857,1.87,1.12
2017.08.17 15:02:17.255,1.28852,1.2886,3.00,3.37
2017.08.17 15:02:17.306,1.28854,1.2886,1.00,2.25
2017.08.17 15:02:17.613,1.28853,1.28859,1.00,1.50
2017.08.17 15:02:17.716,1.28852,1.28861,1.95,1.12
2017.08.17 15:02:17.894,1.28851,1.28859,2.32,1.50
2017.08.17 15:02:18.200,1.28853,1.28861,2.25,1.00
2017.08.17 15:02:18.304,1.28853,1.28859,2.25,1.00
2017.08.17 15:02:18.407,1.28852,1.28859,1.12,1.12
2017.08.17 15:02:18.459,1.28852,1.28856,2.62,1.00
2017.08.17 15:02:18.562,1.28852,1.28858,1.87,1.00
2017.08.17 15:02:18.767,1.2885,1.28855,4.50,1.00
2017.08.17 15:02:18.819,1.28849,1.28855,1.12,1.50
2017.08.17 15:02:18.973,1.28849,1.28855,1.37,1.00
2017.08.17 15:02:19.076,1.2885,1.28857,1.31,1.00
2017.08.17 15:02:19.128,1.28854,1.28859,1.00,1.00
2017.08.17 15:02:19.334,1.28858,1.28865,5.25,1.37
2017.08.17 15:02:19.386,1.28859,1.28867,1.00,2.62
2017.08.17 15:02:19.644,1.28859,1.28867,1.37,1.12
2017.08.17 15:02:19.953,1.2886,1.28865,1.87,1.00
2017.08.17 15:02:20.157,1.28858,1.28864,2.62,1.00
2017.08.17 15:02:20.464,1.28859,1.28867,1.37,3.56
2017.08.17 15:02:20.567,1.28861,1.28867,1.00,2.06
2017.08.17 15:02:21.224,1.2886,1.28866,1.87,1.00
2017.08.17 15:02:21.377,1.28859,1.28864,1.00,1.00
2017.08.17 15:02:21.633,1.28861,1.28867,1.12,1.12
2017.08.17 15:02:22.146,1.2886,1.28865,1.00,2.25
2017.08.17 15:02:22.458,1.28854,1.28858,1.12,1.00
2017.08.17 15:02:22.664,1.28854,1.28863,3.00,2.62
2017.08.17 15:02:22.869,1.28854,1.28861,2.00,1.50
2017.08.17 15:02:22.972,1.28853,1.28859,1.95,1.00
2017.08.17 15:02:23.024,1.28853,1.28857,1.20,1.00
2017.08.17 15:02:23.175,1.2885,1.28857,1.69,1.00
2017.08.17 15:02:23.227,1.28849,1.28855,2.81,1.00
2017.08.17 15:02:23.816,1.28849,1.28855,1.00,1.12
2017.08.17 15:02:24.331,1.2885,1.28855,1.00,1.00
2017.08.17 15:02:24.690,1.28848,1.2885,1.00,1.00
2017.08.17 15:02:25.258,1.28848,1.28851,1.00,1.50
2017.08.17 15:02:25.783,1.28847,1.2885,1.00,1.00
2017.08.17 15:02:25.888,1.28844,1.28849,1.50,1.00
2017.08.17 15:02:25.940,1.28845,1.28851,1.50,1.50
2017.08.17 15:02:26.439,1.28848,1.28851,1.00,1.50
2017.08.17 15:02:26.747,1.28847,1.2885,1.00,1.00
2017.08.17 15:02:27.283,1.28848,1.2885,1.00,1.00
2017.08.17 15:02:27.696,1.28845,1.28848,1.50,1.00
2017.08.17 15:02:28.110,1.28849,1.28852,1.00,1.00
2017.08.17 15:02:28.622,1.2885,1.28853,1.00,1.50
2017.08.17 15:02:29.027,1.2885,1.28855,1.00,1.00
2017.08.17 15:02:29.284,1.28849,1.28853,1.00,1.00
2017.08.17 15:02:30.772,1.28849,1.28852,1.00,1.50
2017.08.17 15:02:31.087,1.28848,1.28851,1.00,1.37
2017.08.17 15:02:31.396,1.28847,1.2885,1.00,1.12
2017.08.17 15:02:31.498,1.28843,1.2885,2.25,1.12
2017.08.17 15:02:31.550,1.28843,1.28848,1.00,1.00
2017.08.17 15:02:31.602,1.28842,1.2885,1.39,1.87
2017.08.17 15:02:31.655,1.28843,1.2885,2.25,1.87
2017.08.17 15:02:31.872,1.28843,1.28849,1.37,1.00
2017.08.17 15:02:32.026,1.28844,1.28849,3.00,1.00
2017.08.17 15:02:32.078,1.28845,1.28851,1.37,1.00
2017.08.17 15:02:32.439,1.28846,1.28852,3.37,1.12
2017.08.17 15:02:32.634,1.28849,1.28856,1.37,1.00
2017.08.17 15:02:33.145,1.28851,1.28857,1.00,1.00
2017.08.17 15:02:33.390,1.2885,1.28855,1.50,1.00
2017.08.17 15:02:33.851,1.28849,1.28857,1.20,1.00
2017.08.17 15:02:34.058,1.2885,1.28855,1.00,1.00
2017.08.17 15:02:34.161,1.28847,1.28854,3.19,1.00
2017.08.17 15:02:34.384,1.28846,1.28851,1.50,1.00
2017.08.17 15:02:34.849,1.28844,1.28848,1.76,1.00
2017.08.17 15:02:34.901,1.28842,1.28848,2.06,1.00
2017.08.17 15:02:35.217,1.28842,1.28847,1.00,1.00
2017.08.17 15:02:35.739,1.28842,1.28848,1.12,1.12
2017.08.17 15:02:36.267,1.28842,1.28847,1.12,1.00
2017.08.17 15:02:36.772,1.28842,1.28848,1.12,1.87
2017.08.17 15:02:37.726,1.28841,1.28848,1.00,1.50
2017.08.17 15:02:37.970,1.28842,1.28848,1.50,1.50
2017.08.17 15:02:38.491,1.28843,1.28847,1.00,1.00
2017.08.17 15:02:39.549,1.28842,1.28847,1.87,1.00
2017.08.17 15:02:40.061,1.28843,1.28849,1.00,1.00
2017.08.17 15:02:40.115,1.28844,1.28851,1.87,1.87
2017.08.17 15:02:40.220,1.28847,1.28851,1.12,1.12
2017.08.17 15:02:40.531,1.28849,1.28855,1.00,1.20
2017.08.17 15:02:40.583,1.28853,1.28857,1.00,1.12
2017.08.17 15:02:41.101,1.28853,1.28856,1.00,1.00
2017.08.17 15:02:41.629,1.2885,1.28856,1.87,1.00
2017.08.17 15:02:43.047,1.28851,1.28856,1.50,1.00
2017.08.17 15:02:43.527,1.28851,1.28858,1.50,1.87
2017.08.17 15:02:44.209,1.28851,1.28857,1.12,1.00
2017.08.17 15:02:44.415,1.28854,1.28857,1.50,1.00
2017.08.17 15:02:44.570,1.28859,1.28865,1.87,1.25
2017.08.17 15:02:44.826,1.28859,1.28862,2.25,1.00
2017.08.17 15:02:44.930,1.2886,1.28866,1.00,1.10
2017.08.17 15:02:45.365,1.28862,1.28866,1.00,1.00
2017.08.17 15:02:45.724,1.28858,1.28866,2.70,1.00
2017.08.17 15:02:45.932,1.28859,1.28864,1.00,1.00
2017.08.17 15:02:46.243,1.28862,1.28867,1.00,1.00
2017.08.17 15:02:46.757,1.28862,1.28866,1.12,1.00
2017.08.17 15:02:47.020,1.28863,1.28868,1.00,1.50
2017.08.17 15:02:47.300,1.28863,1.28866,1.00,1.00
2017.08.17 15:02:47.404,1.2886,1.28866,3.37,1.00
2017.08.17 15:02:47.660,1.2886,1.28868,3.37,1.87
2017.08.17 15:02:48.482,1.2886,1.28868,3.37,1.50
2017.08.17 15:02:48.941,1.28859,1.28866,3.07,1.00
2017.08.17 15:02:49.217,1.2886,1.28868,1.50,1.50
2017.08.17 15:02:50.187,1.28859,1.28867,1.37,1.50
2017.08.17 15:02:50.698,1.28858,1.28866,3.45,1.12
2017.08.17 15:02:51.319,1.28857,1.2886,1.00,1.50
2017.08.17 15:02:51.833,1.28856,1.28859,2.50,1.12
2017.08.17 15:02:51.987,1.28853,1.28859,1.00,1.12
2017.08.17 15:02:52.320,1.28854,1.28861,1.00,1.12
2017.08.17 15:02:52.934,1.28854,1.2886,1.00,1.12
2017.08.17 15:02:53.453,1.28854,1.28861,1.00,1.87
2017.08.17 15:02:53.977,1.28853,1.28861,1.00,3.00
2017.08.17 15:02:54.806,1.28853,1.28861,1.50,3.37
2017.08.17 15:02:55.282,1.28849,1.28852,1.12,1.12
2017.08.17 15:02:55.384,1.28844,1.28851,1.56,2.25
2017.08.17 15:02:55.504,1.28844,1.28851,1.00,3.00
2017.08.17 15:02:55.556,1.28841,1.28849,1.87,2.89
2017.08.17 15:02:56.642,1.28844,1.28849,1.12,1.00
2017.08.17 15:02:57.203,1.28843,1.28849,1.50,1.00
2017.08.17 15:02:57.753,1.28844,1.28851,1.00,2.25
2017.08.17 15:02:58.268,1.28843,1.2885,2.62,1.50
2017.08.17 15:02:58.802,1.28842,1.2885,1.12,2.32
2017.08.17 15:02:59.359,1.2884,1.28848,3.37,1.00
2017.08.17 15:02:59.636,1.28842,1.28848,1.00,1.00
2017.08.17 15:03:00.182,1.28841,1.28848,1.00,1.12
2017.08.17 15:03:00.994,1.28841,1.28847,1.12,1.00
2017.08.17 15:03:01.660,1.28841,1.28848,1.00,1.95
2017.08.17 15:03:02.907,1.28841,1.28847,1.50,1.00
2017.08.17 15:03:03.630,1.28841,1.28848,3.00,2.25
2017.08.17 15:03:03.941,1.28843,1.28848,1.12,1.50
2017.08.17 15:03:04.481,1.28842,1.28847,1.12,1.00
2017.08.17 15:03:04.994,1.28842,1.28848,1.12,1.12
2017.08.17 15:03:07.114,1.2884,1.28847,1.87,1.00
2017.08.17 15:03:07.420,1.2884,1.28848,1.50,1.87
2017.08.17 15:03:09.287,1.28841,1.28848,1.50,1.87
2017.08.17 15:03:09.905,1.2884,1.28848,1.75,1.20
2017.08.17 15:03:10.446,1.2884,1.28847,1.37,1.00
2017.08.17 15:03:11.640,1.2884,1.28849,3.00,1.76
2017.08.17 15:03:12.157,1.28842,1.28848,1.12,1.00
2017.08.17 15:03:13.088,1.28842,1.28849,1.00,1.10
2017.08.17 15:03:13.448,1.28842,1.28847,1.00,1.00
2017.08.17 15:03:13.971,1.28841,1.28847,1.00,1.12
2017.08.17 15:03:14.635,1.28841,1.28848,3.37,2.25
2017.08.17 15:03:15.181,1.28841,1.28848,4.09,1.50
2017.08.17 15:03:15.442,1.28847,1.28855,3.07,1.56
2017.08.17 15:03:15.597,1.28847,1.28853,2.32,1.25
2017.08.17 15:03:15.912,1.28849,1.28857,2.25,1.00
2017.08.17 15:03:16.427,1.2885,1.28856,1.37,1.00
2017.08.17 15:03:16.889,1.28852,1.28857,1.87,1.00
2017.08.17 15:03:17.097,1.28854,1.28862,2.62,1.00
2017.08.17 15:03:17.619,1.28855,1.28861,1.50,1.00
2017.08.17 15:03:17.824,1.28855,1.28863,3.00,2.62
2017.08.17 15:03:18.342,1.28855,1.28862,2.25,1.50
2017.08.17 15:03:18.523,1.28855,1.2886,2.25,1.00
2017.08.17 15:03:18.934,1.28855,1.28862,1.87,1.50
2017.08.17 15:03:19.615,1.28855,1.28862,1.87,1.00
2017.08.17 15:03:19.871,1.28857,1.2886,1.37,1.00
2017.08.17 15:03:19.922,1.28854,1.2886,1.75,1.00
2017.08.17 15:03:19.974,1.28853,1.2886,2.32,1.00
2017.08.17 15:03:20.179,1.28852,1.28857,1.87,1.00
2017.08.17 15:03:20.726,1.28852,1.28859,1.87,1.00
2017.08.17 15:03:21.075,1.28851,1.28857,2.25,1.00
2017.08.17 15:03:21.625,1.28852,1.28857,1.50,1.00
2017.08.17 15:03:21.933,1.28852,1.28858,2.62,1.00
2017.08.17 15:03:22.038,1.28853,1.28861,1.87,1.37
2017.08.17 15:03:22.090,1.28853,1.28859,1.50,1.00
2017.08.17 15:03:22.243,1.28852,1.28857,1.87,1.00
2017.08.17 15:03:22.556,1.2885,1.28857,1.12,1.00
2017.08.17 15:03:22.611,1.28851,1.28857,1.87,1.00
2017.08.17 15:03:22.972,1.28851,1.28858,1.00,1.12
2017.08.17 15:03:23.517,1.28851,1.28857,1.00,1.00
2017.08.17 15:03:24.053,1.28851,1.28856,1.00,1.00
2017.08.17 15:03:24.907,1.28852,1.28858,1.50,1.12
2017.08.17 15:03:25.422,1.28851,1.28857,1.50,1.00
2017.08.17 15:03:27.594,1.28851,1.28857,1.50,1.00
2017.08.17 15:03:31.056,1.28851,1.28857,1.50,1.00
2017.08.17 15:03:31.109,1.28851,1.28859,1.50,2.25
2017.08.17 15:03:31.632,1.28851,1.28859,3.00,2.25
2017.08.17 15:03:34.413,1.28851,1.28858,3.37,1.12
2017.08.17 15:03:34.965,1.28851,1.28858,1.37,1.87
2017.08.17 15:03:39.993,1.2885,1.28856,1.75,1.00
2017.08.17 15:03:40.598,1.28851,1.28856,1.00,1.00
2017.08.17 15:03:41.161,1.2885,1.28856,3.00,1.00
2017.08.17 15:03:43.093,1.2885,1.28856,3.37,1.00
2017.08.17 15:03:44.768,1.2885,1.28857,2.62,1.12
2017.08.17 15:03:46.063,1.2885,1.28857,2.25,1.87
2017.08.17 15:03:46.116,1.28849,1.28854,1.47,1.00
2017.08.17 15:03:46.324,1.28845,1.28852,2.25,1.87
2017.08.17 15:03:46.837,1.28844,1.28851,7.95,1.00
2017.08.17 15:03:47.198,1.28844,1.28849,2.25,1.00
2017.08.17 15:03:47.352,1.2884,1.28847,3.00,1.00
2017.08.17 15:03:47.557,1.2884,1.28847,3.75,1.00
2017.08.17 15:03:48.105,1.2884,1.28848,3.75,1.87
2017.08.17 15:03:49.025,1.2884,1.28847,2.62,1.00
2017.08.17 15:03:49.717,1.2884,1.28848,1.75,1.87
2017.08.17 15:03:52.964,1.28841,1.28848,1.00,1.50
2017.08.17 15:03:53.529,1.2884,1.28847,2.25,1.00
2017.08.17 15:03:53.916,1.28839,1.28844,3.37,1.00
2017.08.17 15:03:54.172,1.28839,1.28847,1.50,1.95
2017.08.17 15:03:55.029,1.28839,1.28847,1.12,1.57
2017.08.17 15:03:55.813,1.28839,1.28847,1.37,1.87
2017.08.17 15:03:57.295,1.28839,1.28847,2.25,3.75
2017.08.17 15:03:58.080,1.2884,1.28847,2.25,2.25
2017.08.17 15:03:58.602,1.28841,1.28847,1.00,1.50
2017.08.17 15:03:59.120,1.28841,1.28848,1.12,1.87
2017.08.17 15:03:59.632,1.28841,1.28847,1.12,2.25
2017.08.17 15:04:00.156,1.28841,1.28846,1.00,1.00
2017.08.17 15:04:04.498,1.2884,1.28846,2.62,1.00
2017.08.17 15:04:05.076,1.2884,1.28847,2.62,2.25
2017.08.17 15:04:05.624,1.2884,1.28847,2.25,2.62
2017.08.17 15:04:08.447,1.28841,1.28847,3.00,1.50
2017.08.17 15:04:11.765,1.28841,1.28845,1.50,1.00
2017.08.17 15:04:12.276,1.2884,1.28845,2.25,1.00
2017.08.17 15:04:24.298,1.28839,1.28844,2.62,1.00
2017.08.17 15:04:24.707,1.28837,1.2884,1.37,1.00
2017.08.17 15:04:24.810,1.28833,1.2884,1.37,2.25
2017.08.17 15:04:24.862,1.28833,1.28841,1.00,3.75
2017.08.17 15:04:25.016,1.28832,1.2884,1.00,1.12
2017.08.17 15:04:25.078,1.28832,1.28839,1.00,1.37
2017.08.17 15:04:27.786,1.28832,1.28837,1.00,1.12
2017.08.17 15:04:28.094,1.2883,1.28835,2.25,1.00
2017.08.17 15:04:28.603,1.2883,1.28836,2.25,1.00
2017.08.17 15:04:29.116,1.28831,1.28836,1.00,1.00
2017.08.17 15:04:33.636,1.28831,1.28837,1.00,1.50
2017.08.17 15:04:34.362,1.28832,1.28837,1.50,1.00
2017.08.17 15:04:34.760,1.28834,1.28839,1.87,1.00
2017.08.17 15:04:35.277,1.28834,1.2884,3.37,1.00
2017.08.17 15:04:35.995,1.28834,1.28838,1.75,1.12
2017.08.17 15:04:36.046,1.28833,1.28836,1.00,1.00
2017.08.17 15:04:36.204,1.2883,1.28837,3.75,1.00
2017.08.17 15:04:36.720,1.2883,1.28836,3.00,1.00
2017.08.17 15:04:38.338,1.2883,1.28836,1.50,1.00
2017.08.17 15:04:39.514,1.2883,1.28836,1.50,1.00
2017.08.17 15:04:40.047,1.28831,1.28837,1.50,1.50
2017.08.17 15:04:42.221,1.28837,1.28838,1.50,1.00
2017.08.17 15:04:42.272,1.28837,1.28845,3.75,3.56
2017.08.17 15:04:42.324,1.28838,1.28845,4.87,2.06
2017.08.17 15:04:42.375,1.2884,1.28845,1.00,1.87
2017.08.17 15:04:43.146,1.2884,1.28846,1.50,1.00
2017.08.17 15:04:43.654,1.28841,1.28846,1.10,1.00
2017.08.17 15:04:44.165,1.28841,1.28847,1.12,1.12
2017.08.17 15:04:45.052,1.28841,1.28846,1.12,1.00
2017.08.17 15:04:45.719,1.28839,1.28845,1.95,1.00
2017.08.17 15:04:45.885,1.28839,1.28843,1.50,1.00
2017.08.17 15:04:46.396,1.28838,1.28843,1.50,1.00
2017.08.17 15:04:46.921,1.28837,1.28844,3.82,1.50
2017.08.17 15:04:47.689,1.28837,1.28843,4.20,1.00
2017.08.17 15:04:47.842,1.28831,1.28839,3.45,1.50
2017.08.17 15:04:47.894,1.28831,1.28839,3.00,2.62
2017.08.17 15:04:48.420,1.28831,1.28839,3.00,4.12
2017.08.17 15:04:50.210,1.28831,1.28839,3.00,4.12
2017.08.17 15:04:51.251,1.2883,1.28838,3.75,1.87
2017.08.17 15:04:53.913,1.28831,1.28837,1.12,1.50
2017.08.17 15:04:54.220,1.28832,1.28837,1.75,3.00
2017.08.17 15:04:54.449,1.28821,1.28824,1.29,1.00
2017.08.17 15:04:54.552,1.2882,1.28827,1.00,1.00
2017.08.17 15:04:54.962,1.28821,1.28829,1.50,3.37
2017.08.17 15:04:55.261,1.28821,1.28829,1.87,1.50
2017.08.17 15:04:55.773,1.28822,1.28829,3.75,1.00
2017.08.17 15:04:56.382,1.28828,1.28831,1.00,1.57
2017.08.17 15:04:56.433,1.28828,1.28833,4.50,1.00
2017.08.17 15:04:56.536,1.2883,1.28837,1.00,1.37
2017.08.17 15:04:56.638,1.28829,1.28838,3.00,2.62
2017.08.17 15:04:57.448,1.28832,1.28839,1.00,3.00
2017.08.17 15:04:57.967,1.2883,1.28837,2.25,1.00
2017.08.17 15:04:58.648,1.28831,1.28838,1.37,1.12
2017.08.17 15:04:59.349,1.28831,1.28837,1.37,1.00
2017.08.17 15:04:59.870,1.28831,1.28838,2.25,1.00
2017.08.17 15:05:00.385,1.28831,1.28837,2.25,1.00
2017.08.17 15:05:01.198,1.28831,1.28838,1.50,2.62
2017.08.17 15:05:01.652,1.28833,1.2884,1.12,1.95
2017.08.17 15:05:01.806,1.28835,1.28843,1.00,1.57
2017.08.17 15:05:01.858,1.28837,1.28844,1.00,1.47
2017.08.17 15:05:02.165,1.2884,1.28845,1.00,1.25
2017.08.17 15:05:02.502,1.2884,1.28843,1.00,1.00
2017.08.17 15:05:02.553,1.2884,1.28845,1.00,1.00
2017.08.17 15:05:02.760,1.2884,1.28843,1.00,1.00
2017.08.17 15:05:03.049,1.28838,1.28843,1.50,1.00
2017.08.17 15:05:03.595,1.28836,1.28842,1.12,1.00
2017.08.17 15:05:03.698,1.28839,1.28843,1.00,1.12
2017.08.17 15:05:04.282,1.2884,1.28842,1.00,1.00
2017.08.17 15:05:04.833,1.28838,1.28844,4.12,1.00
2017.08.17 15:05:05.140,1.28838,1.28846,4.12,1.12
2017.08.17 15:05:06.025,1.2884,1.28848,1.50,5.70
2017.08.17 15:05:06.386,1.28843,1.28848,1.00,1.00
2017.08.17 15:05:06.569,1.28844,1.28851,1.50,1.50
2017.08.17 15:05:06.672,1.28846,1.28851,1.37,1.00
2017.08.17 15:05:06.828,1.28844,1.28851,1.12,1.00
2017.08.17 15:05:06.880,1.28843,1.28848,1.50,1.00
2017.08.17 15:05:07.422,1.28841,1.28848,1.50,1.00
2017.08.17 15:05:08.943,1.28841,1.28848,1.12,2.25
2017.08.17 15:05:10.493,1.28841,1.28847,1.00,2.62
2017.08.17 15:05:11.005,1.28841,1.28847,1.00,3.75
2017.08.17 15:05:11.322,1.28838,1.28842,1.00,1.00
2017.08.17 15:05:11.527,1.28835,1.28841,1.00,1.00
2017.08.17 15:05:11.995,1.28833,1.28841,1.50,1.37
2017.08.17 15:05:12.400,1.28835,1.28841,1.00,1.00
2017.08.17 15:05:12.812,1.28833,1.28841,1.87,1.87
2017.08.17 15:05:13.521,1.28832,1.28838,1.87,1.00
2017.08.17 15:05:14.034,1.28831,1.28838,1.00,1.00
2017.08.17 15:05:14.867,1.28831,1.28838,1.12,1.37
2017.08.17 15:05:18.352,1.28832,1.28837,1.00,1.00
2017.08.17 15:05:18.870,1.28831,1.28837,1.12,1.50
2017.08.17 15:05:20.432,1.28831,1.28837,1.37,1.00
2017.08.17 15:05:21.674,1.2883,1.28837,1.37,1.37
2017.08.17 15:05:22.235,1.2883,1.28838,1.87,3.75
2017.08.17 15:05:22.649,1.28829,1.28835,1.87,1.50
2017.08.17 15:05:22.752,1.28826,1.28832,3.19,1.00
2017.08.17 15:05:22.805,1.28826,1.28832,1.12,1.12
2017.08.17 15:05:22.857,1.28826,1.28832,1.00,3.00
2017.08.17 15:05:22.909,1.28823,1.2883,2.06,1.12
2017.08.17 15:05:23.533,1.28823,1.2883,1.69,1.87
2017.08.17 15:05:24.068,1.28823,1.2883,1.69,4.12
2017.08.17 15:05:24.377,1.28822,1.28829,1.12,2.62
2017.08.17 15:05:24.429,1.28822,1.28829,1.12,2.62
2017.08.17 15:05:24.960,1.28822,1.28828,1.12,1.00
2017.08.17 15:05:25.476,1.28822,1.28827,1.00,1.00
2017.08.17 15:05:26.069,1.28821,1.28827,1.50,1.50
2017.08.17 15:05:26.603,1.28821,1.28826,1.50,1.00
2017.08.17 15:05:27.124,1.28821,1.28827,1.87,1.00
2017.08.17 15:05:27.278,1.28821,1.28825,1.00,1.00
2017.08.17 15:05:28.181,1.2882,1.28825,1.37,1.00
2017.08.17 15:05:31.718,1.28818,1.28825,3.75,3.00
2017.08.17 15:05:31.923,1.28814,1.2882,1.12,1.00
2017.08.17 15:05:31.974,1.28814,1.28818,1.00,1.00
2017.08.17 15:05:32.026,1.28816,1.28823,2.25,1.87
2017.08.17 15:05:32.128,1.28818,1.28823,1.37,1.00
2017.08.17 15:05:32.641,1.28819,1.28824,2.05,1.00
2017.08.17 15:05:33.480,1.28818,1.28823,1.37,1.00
2017.08.17 15:05:33.795,1.28817,1.2882,1.12,1.00
2017.08.17 15:05:33.949,1.28814,1.28818,1.50,1.00
2017.08.17 15:05:34.001,1.28814,1.2882,1.50,1.12
2017.08.17 15:05:34.511,1.28815,1.2882,1.00,1.00
2017.08.17 15:05:34.921,1.28818,1.2882,1.00,1.00
2017.08.17 15:05:34.973,1.28818,1.28822,1.50,1.00
2017.08.17 15:05:35.433,1.28818,1.28825,2.25,1.50
2017.08.17 15:05:35.486,1.28819,1.28823,1.00,1.00
2017.08.17 15:05:35.999,1.28818,1.28822,1.00,1.00
2017.08.17 15:05:36.350,1.28817,1.2882,1.12,1.00
2017.08.17 15:05:37.005,1.28814,1.2882,3.82,1.00
2017.08.17 15:05:40.011,1.28814,1.2882,1.20,1.00
2017.08.17 15:05:40.182,1.28814,1.28818,1.00,1.00
2017.08.17 15:05:40.692,1.28813,1.28818,1.00,1.00
2017.08.17 15:05:41.237,1.28811,1.28816,1.37,1.00
2017.08.17 15:05:41.443,1.28813,1.28818,2.25,1.00
2017.08.17 15:05:41.495,1.28817,1.2882,1.00,1.00
2017.08.17 15:05:41.548,1.28817,1.28824,3.18,1.50
2017.08.17 15:05:42.063,1.28818,1.28824,2.99,1.00
2017.08.17 15:05:42.574,1.28819,1.28824,6.00,1.00
2017.08.17 15:05:42.626,1.28819,1.28826,6.00,1.00
2017.08.17 15:05:42.729,1.28819,1.28823,6.00,1.00
2017.08.17 15:05:43.273,1.28819,1.28822,1.00,1.00
2017.08.17 15:05:43.478,1.28819,1.28824,1.00,1.00
2017.08.17 15:05:43.580,1.28817,1.28824,7.50,1.00
2017.08.17 15:05:43.887,1.28818,1.28822,1.00,1.00
2017.08.17 15:05:44.409,1.28818,1.28826,1.12,1.12
2017.08.17 15:05:47.521,1.2882,1.28827,1.87,3.00
2017.08.17 15:05:48.042,1.28821,1.28826,1.12,1.00
2017.08.17 15:05:48.605,1.2882,1.28827,1.37,1.12
2017.08.17 15:05:49.123,1.2882,1.28826,1.37,1.00
2017.08.17 15:05:49.279,1.28821,1.28826,3.56,1.00
2017.08.17 15:05:49.382,1.28822,1.28828,2.06,1.50
2017.08.17 15:05:49.929,1.2882,1.28826,3.37,1.00
2017.08.17 15:05:50.641,1.2882,1.28826,3.75,1.00
2017.08.17 15:05:51.222,1.2882,1.28825,3.19,1.00
2017.08.17 15:05:51.274,1.28821,1.28827,1.62,1.00
2017.08.17 15:05:51.746,1.28826,1.28829,1.50,1.00
2017.08.17 15:05:51.798,1.28826,1.28831,1.87,1.10
2017.08.17 15:05:51.850,1.28828,1.28833,1.12,1.12
2017.08.17 15:05:52.361,1.28829,1.28834,1.12,1.00
2017.08.17 15:05:52.785,1.28829,1.28832,1.12,1.00
2017.08.17 15:05:53.296,1.2883,1.28833,1.12,1.00
2017.08.17 15:05:54.007,1.28827,1.28834,2.70,3.00
2017.08.17 15:05:54.059,1.28827,1.28832,1.20,1.00
2017.08.17 15:05:54.213,1.28831,1.28834,1.00,1.00
2017.08.17 15:05:56.077,1.28828,1.28834,3.37,1.00
2017.08.17 15:05:56.654,1.28828,1.28834,3.37,1.00
2017.08.17 15:05:58.185,1.28828,1.28833,1.87,1.00
2017.08.17 15:05:58.494,1.28823,1.28826,1.00,1.00
2017.08.17 15:05:59.378,1.28823,1.28828,1.00,1.00
2017.08.17 15:05:59.583,1.2882,1.28828,3.75,1.00
2017.08.17 15:06:00.158,1.2882,1.28826,3.75,1.00
2017.08.17 15:06:00.920,1.28819,1.28825,4.12,1.00
2017.08.17 15:06:01.433,1.28819,1.28826,5.70,1.00
2017.08.17 15:06:01.589,1.28821,1.28828,3.00,1.50
2017.08.17 15:06:02.101,1.28821,1.28827,1.87,1.00
2017.08.17 15:06:02.674,1.28821,1.28827,2.44,1.00
2017.08.17 15:06:03.185,1.2882,1.28827,1.37,1.00
2017.08.17 15:06:04.684,1.28821,1.28828,1.31,1.00
2017.08.17 15:06:05.199,1.28821,1.28826,1.00,1.00
2017.08.17 15:06:05.897,1.28819,1.28827,7.76,1.87
2017.08.17 15:06:06.051,1.28819,1.28826,3.37,1.00
2017.08.17 15:06:06.154,1.2882,1.28826,1.01,1.00
2017.08.17 15:06:06.309,1.28821,1.28828,1.69,1.50
2017.08.17 15:06:06.361,1.28826,1.28828,1.12,1.00
2017.08.17 15:06:06.413,1.28826,1.28831,1.87,1.00
2017.08.17 15:06:06.517,1.28828,1.28835,1.00,1.00
2017.08.17 15:06:06.739,1.28831,1.28835,3.37,1.00
2017.08.17 15:06:07.103,1.28831,1.28833,3.37,1.00
2017.08.17 15:06:07.359,1.28831,1.28835,3.37,1.00
2017.08.17 15:06:08.019,1.28829,1.28837,4.50,1.50
2017.08.17 15:06:08.071,1.28829,1.28834,4.50,1.00
2017.08.17 15:06:08.225,1.28829,1.28836,5.25,1.00
2017.08.17 15:06:09.621,1.28829,1.28835,2.62,1.00
2017.08.17 15:06:10.139,1.28829,1.28835,1.37,1.00
2017.08.17 15:06:10.806,1.28828,1.28834,1.87,1.00
2017.08.17 15:06:11.349,1.28827,1.28832,1.57,1.00
2017.08.17 15:06:11.892,1.28829,1.28832,1.00,1.00
2017.08.17 15:06:12.399,1.28828,1.28833,1.12,2.25
2017.08.17 15:06:12.911,1.28828,1.28832,1.12,1.00
2017.08.17 15:06:13.873,1.28828,1.28833,1.50,1.50
2017.08.17 15:06:14.234,1.28828,1.28835,2.62,1.00
2017.08.17 15:06:14.387,1.28828,1.28833,2.62,1.00
2017.08.17 15:06:14.647,1.28829,1.28835,2.06,1.00
2017.08.17 15:06:14.750,1.2883,1.28835,2.25,1.00
2017.08.17 15:06:20.485,1.28829,1.28835,3.37,1.00
2017.08.17 15:06:21.590,1.28829,1.28835,1.50,1.00
2017.08.17 15:06:22.441,1.28829,1.28835,1.50,1.00
2017.08.17 15:06:24.202,1.28829,1.28836,1.95,1.00
2017.08.17 15:06:24.509,1.28829,1.28834,1.37,1.00
2017.08.17 15:06:25.090,1.28829,1.28834,1.00,1.00
2017.08.17 15:06:25.141,1.28829,1.28832,1.00,1.00
2017.08.17 15:06:25.295,1.28829,1.28834,1.00,1.00
2017.08.17 15:06:25.653,1.28827,1.28832,1.20,1.00
2017.08.17 15:06:25.808,1.28829,1.28835,1.12,1.00
2017.08.17 15:06:26.327,1.28829,1.28834,1.12,1.00
2017.08.17 15:06:27.169,1.28829,1.28833,1.00,1.00
2017.08.17 15:06:27.273,1.28827,1.28832,1.12,1.00
2017.08.17 15:06:27.326,1.28827,1.2883,1.12,1.00
2017.08.17 15:06:27.483,1.28822,1.28828,1.50,1.00
2017.08.17 15:06:27.586,1.28822,1.28826,1.00,1.00
2017.08.17 15:06:28.113,1.28821,1.28827,1.00,1.12
2017.08.17 15:06:28.693,1.28821,1.28828,3.45,1.00
2017.08.17 15:06:29.870,1.28821,1.28825,1.00,1.00
2017.08.17 15:06:30.380,1.2882,1.28825,1.12,1.00
2017.08.17 15:06:31.233,1.2882,1.28828,1.12,1.87
2017.08.17 15:06:31.839,1.28819,1.28828,2.62,3.00
2017.08.17 15:06:33.322,1.28818,1.28821,1.37,1.37
2017.08.17 15:06:33.383,1.28814,1.2882,1.37,1.00
2017.08.17 15:06:33.909,1.28814,1.2882,1.00,1.50
2017.08.17 15:06:35.656,1.28819,1.28823,1.00,4.01
2017.08.17 15:06:35.761,1.2882,1.28827,1.00,1.99
2017.08.17 15:06:35.813,1.2882,1.28827,1.00,1.25
2017.08.17 15:06:36.328,1.28821,1.28828,1.00,2.62
2017.08.17 15:06:36.935,1.28821,1.28828,1.00,2.25
2017.08.17 15:06:37.553,1.28822,1.28828,1.00,3.37
2017.08.17 15:06:38.146,1.28822,1.28828,1.00,3.00
2017.08.17 15:06:40.888,1.28822,1.28827,1.00,1.00
2017.08.17 15:06:41.785,1.28823,1.28828,1.00,2.06
2017.08.17 15:06:41.836,1.28821,1.28828,1.00,1.87
2017.08.17 15:06:42.347,1.28821,1.28828,1.00,1.50
2017.08.17 15:06:44.190,1.28822,1.28828,1.00,1.12
2017.08.17 15:06:44.701,1.28822,1.28827,1.00,1.00
2017.08.17 15:06:46.681,1.28822,1.28828,1.00,1.12
2017.08.17 15:06:47.351,1.28822,1.28827,1.00,1.00
2017.08.17 15:06:47.618,1.28821,1.28827,1.00,1.37
2017.08.17 15:06:47.771,1.28818,1.28826,1.50,1.37
2017.08.17 15:06:48.285,1.2882,1.28827,1.00,2.25
2017.08.17 15:06:48.489,1.28822,1.28827,1.00,2.25
2017.08.17 15:06:48.836,1.2882,1.28827,1.00,1.50
2017.08.17 15:06:48.940,1.28822,1.28827,1.00,2.62
2017.08.17 15:06:49.465,1.28822,1.28828,1.12,1.12
2017.08.17 15:06:54.169,1.28823,1.28828,1.00,1.12
2017.08.17 15:06:54.700,1.28823,1.28827,1.00,1.00
2017.08.17 15:06:57.345,1.28823,1.28828,1.00,1.12
2017.08.17 15:07:02.737,1.28823,1.28827,1.00,1.00
2017.08.17 15:07:03.723,1.28822,1.28828,1.12,1.69
2017.08.17 15:07:07.529,1.28821,1.28828,1.37,1.37
2017.08.17 15:07:08.125,1.28821,1.28828,1.12,3.44
2017.08.17 15:07:09.441,1.28819,1.28826,1.12,1.00
2017.08.17 15:07:09.493,1.28818,1.28824,1.10,1.87
2017.08.17 15:07:09.545,1.28816,1.28823,2.25,1.12
2017.08.17 15:07:10.141,1.28816,1.28821,1.12,1.50
2017.08.17 15:07:10.196,1.28813,1.28821,3.00,2.62
2017.08.17 15:07:10.300,1.28814,1.2882,1.12,3.37
2017.08.17 15:07:10.812,1.28812,1.2882,1.50,3.82
2017.08.17 15:07:11.351,1.28812,1.28818,1.00,1.12
2017.08.17 15:07:12.449,1.28811,1.28818,1.12,1.50
2017.08.17 15:07:13.013,1.28812,1.28817,1.00,1.00
2017.08.17 15:07:14.084,1.28811,1.28817,1.87,1.00
2017.08.17 15:07:14.661,1.28811,1.28818,1.87,1.12
2017.08.17 15:07:15.254,1.28811,1.28817,1.50,1.00
2017.08.17 15:07:21.322,1.28811,1.28817,1.50,1.00
2017.08.17 15:07:21.909,1.28811,1.28817,1.00,1.50
2017.08.17 15:07:22.012,1.28809,1.28817,1.12,1.31
2017.08.17 15:07:22.183,1.2881,1.28816,1.00,2.62
2017.08.17 15:07:22.337,1.2881,1.28817,1.00,1.00
2017.08.17 15:07:22.388,1.28812,1.28818,1.00,2.32
2017.08.17 15:07:22.901,1.28812,1.28818,1.00,2.25
2017.08.17 15:07:23.430,1.28812,1.28818,1.00,1.87
2017.08.17 15:07:23.972,1.28812,1.28817,1.00,1.00
2017.08.17 15:07:25.975,1.28812,1.28818,1.00,1.87
2017.08.17 15:07:28.999,1.28812,1.28817,1.00,1.00
2017.08.17 15:07:30.156,1.2881,1.28817,1.87,1.00
2017.08.17 15:07:30.694,1.2881,1.28818,1.87,1.50
2017.08.17 15:07:31.223,1.2881,1.28817,3.00,1.00
2017.08.17 15:07:32.131,1.2881,1.28817,2.25,3.37
2017.08.17 15:07:32.643,1.2881,1.28816,1.12,1.00
2017.08.17 15:07:33.154,1.2881,1.28817,1.12,1.50
2017.08.17 15:07:33.653,1.28812,1.28817,1.00,1.50
2017.08.17 15:07:34.198,1.28812,1.28818,1.12,1.00
2017.08.17 15:07:34.704,1.28813,1.28818,1.00,1.00
2017.08.17 15:07:35.221,1.28813,1.28817,1.00,1.00
2017.08.17 15:07:37.834,1.28814,1.28817,1.50,1.00
2017.08.17 15:07:37.937,1.28816,1.28822,1.00,2.70
2017.08.17 15:07:38.448,1.28814,1.28822,3.37,1.87
2017.08.17 15:07:38.606,1.28818,1.28823,1.00,1.00
2017.08.17 15:07:38.659,1.28819,1.28827,1.87,4.57
2017.08.17 15:07:39.169,1.28819,1.28827,1.87,1.37
2017.08.17 15:07:39.824,1.28819,1.28827,2.62,1.50
2017.08.17 15:07:43.300,1.2882,1.28828,1.87,1.00
2017.08.17 15:07:44.027,1.2882,1.28828,1.87,1.37
2017.08.17 15:07:44.530,1.28819,1.28828,3.75,4.87
2017.08.17 15:07:45.040,1.28819,1.28828,4.12,2.62
2017.08.17 15:07:47.106,1.28819,1.28828,3.45,2.25
2017.08.17 15:07:47.362,1.28819,1.28826,1.00,1.37
2017.08.17 15:07:47.414,1.28819,1.28827,1.00,1.50
2017.08.17 15:07:47.935,1.28819,1.28827,1.00,2.25
2017.08.17 15:07:49.738,1.28818,1.28826,3.37,1.87
2017.08.17 15:07:51.767,1.28819,1.28826,1.50,1.87
2017.08.17 15:07:54.804,1.28819,1.28827,1.00,3.75
2017.08.17 15:07:57.260,1.28819,1.28827,1.00,1.50
2017.08.17 15:07:57.770,1.28819,1.28827,3.00,1.00
2017.08.17 15:08:00.698,1.28819,1.28828,3.00,3.37
2017.08.17 15:08:01.106,1.28819,1.28828,2.25,3.37
2017.08.17 15:08:01.208,1.28819,1.28828,3.00,3.37
2017.08.17 15:08:01.929,1.2882,1.28828,2.25,3.37
2017.08.17 15:08:03.247,1.28822,1.28828,1.00,1.87
2017.08.17 15:08:03.815,1.28822,1.28828,1.00,1.87
2017.08.17 15:08:04.041,1.2882,1.28828,1.87,1.87
2017.08.17 15:08:04.246,1.28827,1.28829,1.00,1.00
2017.08.17 15:08:04.523,1.28831,1.28838,1.12,6.00
2017.08.17 15:08:04.881,1.28831,1.28838,1.12,5.32
2017.08.17 15:08:05.239,1.28829,1.28834,1.00,1.00
2017.08.17 15:08:05.444,1.28827,1.28835,1.50,3.00
2017.08.17 15:08:05.981,1.28827,1.28835,1.87,4.50
2017.08.17 15:08:06.920,1.28827,1.28836,4.50,3.37
2017.08.17 15:08:06.972,1.2883,1.28836,1.12,1.37
2017.08.17 15:08:08.352,1.2883,1.28836,1.00,2.06
2017.08.17 15:08:08.862,1.28828,1.28835,1.87,1.12
2017.08.17 15:08:12.475,1.28828,1.28833,1.50,1.50
2017.08.17 15:08:12.896,1.28823,1.28829,3.94,1.50
2017.08.17 15:08:12.948,1.28822,1.28829,1.12,1.50
2017.08.17 15:08:14.245,1.28821,1.28829,1.00,3.37
2017.08.17 15:08:14.759,1.2882,1.28827,1.87,1.00
2017.08.17 15:08:15.344,1.2882,1.28828,1.87,1.12
2017.08.17 15:08:16.824,1.2882,1.28828,2.25,1.50
2017.08.17 15:08:17.754,1.2882,1.28827,2.44,1.00
2017.08.17 15:08:19.316,1.2882,1.28828,2.25,1.50
2017.08.17 15:08:22.056,1.2882,1.28828,1.50,1.12
2017.08.17 15:08:25.080,1.28819,1.28825,1.50,1.00
2017.08.17 15:08:25.133,1.28818,1.28825,1.50,1.12
2017.08.17 15:08:25.236,1.28818,1.28823,1.50,1.00
2017.08.17 15:08:25.994,1.28817,1.28822,1.87,1.00
2017.08.17 15:08:26.569,1.28817,1.28823,1.87,1.00
2017.08.17 15:08:27.071,1.28817,1.28823,1.50,1.00
2017.08.17 15:08:27.409,1.28814,1.28818,1.12,1.00
2017.08.17 15:08:28.098,1.28812,1.28818,1.50,1.00
2017.08.17 15:08:28.601,1.28812,1.2882,1.12,2.25
2017.08.17 15:08:28.806,1.28814,1.28818,1.37,1.00
2017.08.17 15:08:29.377,1.28812,1.28817,3.45,1.00
2017.08.17 15:08:29.480,1.28812,1.28817,1.00,1.00
2017.08.17 15:08:29.989,1.28812,1.28818,1.00,1.12
2017.08.17 15:08:30.194,1.28811,1.28816,1.12,1.00
2017.08.17 15:08:30.699,1.2881,1.28816,1.00,1.00
2017.08.17 15:08:32.643,1.28809,1.28815,2.32,1.00
2017.08.17 15:08:35.574,1.2881,1.28816,1.00,1.00
2017.08.17 15:08:36.084,1.28809,1.28817,1.50,1.50
2017.08.17 15:08:37.054,1.2881,1.28817,2.06,1.50
2017.08.17 15:08:37.594,1.2881,1.28818,1.50,2.25
2017.08.17 15:08:38.617,1.2881,1.28818,1.87,1.87
2017.08.17 15:08:38.982,1.28819,1.28825,1.87,1.37
2017.08.17 15:08:39.034,1.2882,1.28827,1.50,1.00
2017.08.17 15:08:39.546,1.28819,1.28825,1.37,1.00
2017.08.17 15:08:40.049,1.28819,1.28826,1.37,1.57
2017.08.17 15:08:40.459,1.28818,1.28824,1.00,1.00
2017.08.17 15:08:41.061,1.28818,1.28824,1.00,1.95
2017.08.17 15:08:41.164,1.28818,1.28825,1.87,2.62
2017.08.17 15:08:41.420,1.28818,1.28823,1.00,1.00
2017.08.17 15:08:41.525,1.28818,1.28825,1.00,1.50
2017.08.17 15:08:42.036,1.28819,1.28826,1.00,1.12
2017.08.17 15:08:42.553,1.28819,1.28825,1.00,1.00
2017.08.17 15:08:43.513,1.28818,1.28825,2.25,1.00
2017.08.17 15:08:44.137,1.2882,1.28828,1.12,4.12
2017.08.17 15:08:45.247,1.2882,1.28827,2.62,1.00
2017.08.17 15:08:46.365,1.28819,1.28828,2.62,2.32
2017.08.17 15:08:47.639,1.28822,1.28828,1.00,1.20
2017.08.17 15:08:48.144,1.2882,1.28828,1.50,1.00
2017.08.17 15:08:48.679,1.28821,1.28827,1.00,1.00
2017.08.17 15:08:51.384,1.2882,1.28827,3.75,1.00
2017.08.17 15:08:52.400,1.2882,1.28827,1.50,1.00
2017.08.17 15:08:52.909,1.2882,1.28827,5.06,1.50
2017.08.17 15:08:54.366,1.2882,1.28826,4.87,1.00
2017.08.17 15:08:58.344,1.2882,1.28826,3.37,1.00
2017.08.17 15:08:58.868,1.28821,1.28825,1.00,1.00
2017.08.17 15:08:59.516,1.2882,1.28825,1.00,1.00
2017.08.17 15:09:00.042,1.28819,1.28824,1.37,1.00
2017.08.17 15:09:00.299,1.2882,1.28826,3.00,1.00
2017.08.17 15:09:00.351,1.28823,1.28826,1.00,1.00
2017.08.17 15:09:00.454,1.28822,1.28828,1.87,1.12
2017.08.17 15:09:00.505,1.28822,1.28826,2.62,1.00
2017.08.17 15:09:01.032,1.2882,1.28826,3.00,1.00
2017.08.17 15:09:01.440,1.2882,1.28824,2.62,1.00
2017.08.17 15:09:02.009,1.2882,1.28825,1.00,1.00
2017.08.17 15:09:05.152,1.28819,1.28824,2.25,1.00
2017.08.17 15:09:06.077,1.28819,1.28824,2.62,1.00
2017.08.17 15:09:06.312,1.28819,1.28824,2.62,1.00
2017.08.17 15:09:06.415,1.28819,1.28826,3.00,1.00
2017.08.17 15:09:06.625,1.28826,1.28827,1.00,1.00
2017.08.17 15:09:06.676,1.28824,1.28829,1.37,1.00
2017.08.17 15:09:07.341,1.28825,1.2883,2.25,1.00
2017.08.17 15:09:07.546,1.28822,1.28828,3.75,1.00
2017.08.17 15:09:07.648,1.28821,1.28827,1.50,1.00
2017.08.17 15:09:08.189,1.2882,1.28826,2.62,1.00
2017.08.17 15:09:09.224,1.28823,1.28828,2.25,1.00
2017.08.17 15:09:09.327,1.28825,1.2883,2.25,1.00
2017.08.17 15:09:09.482,1.28826,1.28831,3.00,1.00
2017.08.17 15:09:09.984,1.28827,1.28832,1.00,1.00
2017.08.17 15:09:10.293,1.28826,1.2883,1.00,1.00
2017.08.17 15:09:10.602,1.28828,1.28834,1.87,1.00
2017.08.17 15:09:10.910,1.28829,1.28832,1.12,1.00
2017.08.17 15:09:11.893,1.28828,1.28832,2.25,1.00
2017.08.17 15:09:12.225,1.28825,1.28828,1.37,1.00
2017.08.17 15:09:12.327,1.28822,1.28827,2.62,1.00
2017.08.17 15:09:12.532,1.28822,1.28826,1.50,1.00
2017.08.17 15:09:13.143,1.28821,1.28825,1.00,1.00
2017.08.17 15:09:13.705,1.2882,1.28825,1.00,1.00
2017.08.17 15:09:14.522,1.2882,1.28824,1.00,1.00
2017.08.17 15:09:16.588,1.28818,1.28822,1.37,1.00
2017.08.17 15:09:16.742,1.28817,1.28822,1.12,1.00
2017.08.17 15:09:17.095,1.28819,1.28822,1.00,1.00
2017.08.17 15:09:17.198,1.28819,1.28824,1.00,1.00
2017.08.17 15:09:17.504,1.28817,1.28819,1.50,1.00
2017.08.17 15:09:17.658,1.28813,1.28819,1.00,2.62
2017.08.17 15:09:17.710,1.28812,1.28816,1.50,1.00
2017.08.17 15:09:18.213,1.28811,1.28814,1.50,1.00
2017.08.17 15:09:18.776,1.28811,1.28815,1.00,2.25
2017.08.17 15:09:19.299,1.2881,1.28815,1.12,1.00
2017.08.17 15:09:31.877,1.28809,1.28812,1.50,1.00
2017.08.17 15:09:37.166,1.28809,1.28814,1.12,1.00
2017.08.17 15:09:38.524,1.28809,1.28814,1.00,1.37
2017.08.17 15:09:40.218,1.28809,1.28814,1.00,1.00
2017.08.17 15:09:40.800,1.28809,1.28812,1.00,1.00
2017.08.17 15:09:41.687,1.28809,1.28814,1.12,1.00
2017.08.17 15:09:42.263,1.28809,1.28814,1.37,1.00
2017.08.17 15:09:43.270,1.28809,1.28814,1.12,1.00
2017.08.17 15:09:43.809,1.28809,1.28813,1.12,1.00
2017.08.17 15:09:46.656,1.2881,1.28812,1.00,1.12
2017.08.17 15:09:47.164,1.2881,1.28813,1.00,2.62
2017.08.17 15:09:48.085,1.2881,1.28815,1.00,1.57
2017.08.17 15:09:48.286,1.2881,1.28817,1.00,3.00
2017.08.17 15:09:48.800,1.2881,1.28817,1.00,3.37
2017.08.17 15:09:49.543,1.28809,1.28815,1.12,1.87
2017.08.17 15:09:50.064,1.2881,1.28817,1.00,1.87
2017.08.17 15:09:50.480,1.2881,1.28817,1.00,1.87
2017.08.17 15:09:50.532,1.28813,1.28818,1.00,1.00
2017.08.17 15:09:51.265,1.28813,1.28819,1.00,2.62
2017.08.17 15:09:51.802,1.28812,1.28819,1.50,1.87
2017.08.17 15:09:52.336,1.28812,1.28818,1.50,1.87
2017.08.17 15:09:52.671,1.28812,1.28818,1.50,1.87
2017.08.17 15:09:53.567,1.28812,1.28818,1.50,1.87
2017.08.17 15:09:55.088,1.28812,1.28818,1.50,1.87
2017.08.17 15:10:02.902,1.28812,1.2882,1.50,4.50
2017.08.17 15:10:03.716,1.28812,1.2882,1.50,5.62
2017.08.17 15:10:04.294,1.28812,1.2882,1.50,5.25
2017.08.17 15:10:05.544,1.28811,1.28819,1.00,1.87
2017.08.17 15:10:06.070,1.28811,1.28818,1.00,1.50
2017.08.17 15:10:16.773,1.28811,1.28819,1.50,2.25
2017.08.17 15:10:17.078,1.28819,1.28825,2.25,1.50
2017.08.17 15:10:17.234,1.2882,1.28827,1.00,1.87
2017.08.17 15:10:18.093,1.28821,1.28828,1.12,1.50
2017.08.17 15:10:18.604,1.2882,1.28828,1.50,1.87
2017.08.17 15:10:19.146,1.28819,1.28828,4.50,3.37
2017.08.17 15:10:20.164,1.2882,1.28828,1.00,3.00
2017.08.17 15:10:20.266,1.2882,1.28826,1.12,1.50
2017.08.17 15:10:21.297,1.2882,1.28827,1.00,1.50
2017.08.17 15:10:26.713,1.28817,1.28821,1.50,1.50
2017.08.17 15:10:26.982,1.28814,1.28821,1.12,1.87
2017.08.17 15:10:28.331,1.28814,1.2882,1.87,1.87
2017.08.17 15:10:28.793,1.28815,1.28822,1.12,2.25
2017.08.17 15:10:28.845,1.28816,1.28822,1.37,1.00
2017.08.17 15:10:28.897,1.28817,1.28825,1.50,3.45
2017.08.17 15:10:29.434,1.28818,1.28825,1.50,1.87
2017.08.17 15:10:29.639,1.28817,1.28825,1.12,2.25
2017.08.17 15:10:30.000,1.28818,1.28823,1.12,1.50
2017.08.17 15:10:30.155,1.28818,1.28825,1.00,2.25
2017.08.17 15:10:30.464,1.28819,1.28825,1.37,1.50
2017.08.17 15:10:30.986,1.28819,1.28826,1.50,1.50
2017.08.17 15:10:31.810,1.28818,1.28824,2.62,1.50
2017.08.17 15:10:32.333,1.28817,1.28825,1.00,2.70
2017.08.17 15:10:32.847,1.28816,1.28824,3.37,1.50
2017.08.17 15:10:33.638,1.28816,1.28823,3.37,1.50
2017.08.17 15:10:33.949,1.28814,1.28821,2.25,1.87
2017.08.17 15:10:34.499,1.28814,1.28819,2.25,1.50
2017.08.17 15:10:34.841,1.28814,1.28821,1.50,3.37
2017.08.17 15:10:35.812,1.28814,1.28819,1.00,1.50
2017.08.17 15:10:36.341,1.28812,1.28819,1.87,1.50
2017.08.17 15:10:37.770,1.28812,1.28818,1.00,1.50
2017.08.17 15:10:38.332,1.2881,1.28818,1.87,2.62
2017.08.17 15:10:39.080,1.2881,1.28818,1.87,2.25
2017.08.17 15:10:41.116,1.28809,1.28816,3.37,1.50
2017.08.17 15:10:42.197,1.2881,1.28816,1.00,1.50
2017.08.17 15:10:43.026,1.28809,1.28816,1.12,1.87
2017.08.17 15:10:43.334,1.2881,1.28813,1.00,1.50
2017.08.17 15:10:43.641,1.28809,1.28811,1.00,1.50
2017.08.17 15:10:44.058,1.28809,1.28813,1.00,3.00
2017.08.17 15:10:44.160,1.28809,1.28816,1.50,2.32
2017.08.17 15:10:44.263,1.2881,1.28817,1.37,1.50
2017.08.17 15:10:45.180,1.28811,1.28818,1.12,1.50
2017.08.17 15:10:45.486,1.28813,1.28818,1.00,1.50
2017.08.17 15:10:47.664,1.28812,1.28816,1.00,1.50
2017.08.17 15:10:47.716,1.2881,1.28816,1.12,1.50
2017.08.17 15:10:48.631,1.2881,1.28817,1.87,1.87
2017.08.17 15:10:50.490,1.28813,1.28817,1.00,1.50
2017.08.17 15:10:51.610,1.28812,1.28817,1.12,1.50
2017.08.17 15:10:52.121,1.28812,1.28816,1.00,1.50
2017.08.17 15:10:52.773,1.2881,1.28815,1.12,1.50
2017.08.17 15:10:52.980,1.2881,1.28813,1.00,1.50
2017.08.17 15:10:53.491,1.2881,1.28814,1.00,2.25
2017.08.17 15:10:54.644,1.28809,1.28815,2.25,1.50
2017.08.17 15:10:54.951,1.28813,1.28815,1.00,1.50
2017.08.17 15:10:56.134,1.28812,1.28815,1.00,1.50
2017.08.17 15:10:57.284,1.28809,1.28815,2.25,1.50
2017.08.17 15:10:57.794,1.28809,1.28816,2.62,1.50
2017.08.17 15:10:58.629,1.28809,1.28817,3.37,1.50
2017.08.17 15:10:59.142,1.28811,1.28818,1.12,1.50
2017.08.17 15:11:01.238,1.28811,1.28817,1.12,1.50
2017.08.17 15:11:02.185,1.2881,1.28817,2.25,1.50
2017.08.17 15:11:02.883,1.2881,1.28816,1.87,1.50
2017.08.17 15:11:03.565,1.2881,1.28817,1.37,1.50
2017.08.17 15:11:04.098,1.2881,1.28818,1.50,2.25
2017.08.17 15:11:04.742,1.2881,1.28818,2.25,2.25
2017.08.17 15:11:06.805,1.2881,1.28817,3.56,1.50
2017.08.17 15:11:07.326,1.2881,1.28818,3.37,3.00
2017.08.17 15:11:08.381,1.2881,1.28818,3.56,1.50
2017.08.17 15:11:08.922,1.28811,1.28818,1.12,1.50
2017.08.17 15:11:13.689,1.28811,1.28817,1.50,1.50
2017.08.17 15:11:19.093,1.2881,1.28817,3.37,1.50
2017.08.17 15:11:19.414,1.2881,1.28819,3.37,2.62
2017.08.17 15:11:19.517,1.28812,1.28819,1.37,1.87
2017.08.17 15:11:20.063,1.28813,1.28818,1.50,1.50
2017.08.17 15:11:20.574,1.28813,1.28817,1.50,1.50
2017.08.17 15:11:21.514,1.28811,1.28817,1.00,1.50
2017.08.17 15:11:24.472,1.2881,1.28818,1.50,1.87
2017.08.17 15:11:24.997,1.28811,1.28817,1.00,1.50
2017.08.17 15:11:32.544,1.28811,1.28818,1.12,1.50
2017.08.17 15:11:35.781,1.28811,1.28818,2.25,1.50
2017.08.17 15:11:36.884,1.28811,1.28818,1.87,1.50
2017.08.17 15:11:38.833,1.28811,1.28818,2.25,1.50
2017.08.17 15:11:39.838,1.28812,1.28818,1.50,1.50
2017.08.17 15:11:40.352,1.28812,1.2882,3.37,3.82
2017.08.17 15:11:40.805,1.28812,1.28818,1.87,1.50
2017.08.17 15:11:41.316,1.28812,1.28819,1.50,1.50
2017.08.17 15:11:42.314,1.28812,1.28819,1.87,1.50
2017.08.17 15:11:42.899,1.28812,1.28818,1.50,1.50
2017.08.17 15:11:43.416,1.28813,1.28819,1.00,1.87
2017.08.17 15:11:45.168,1.28812,1.28818,1.87,1.50
2017.08.17 15:11:47.331,1.28812,1.28819,2.25,1.50
2017.08.17 15:11:49.077,1.28812,1.28819,1.37,1.50
2017.08.17 15:11:50.082,1.28812,1.28819,1.00,1.50
2017.08.17 15:11:51.060,1.28812,1.28819,1.87,1.87
2017.08.17 15:11:52.418,1.28812,1.2882,1.87,3.82
2017.08.17 15:11:53.877,1.28812,1.28819,1.87,1.50
2017.08.17 15:11:54.477,1.28812,1.28819,1.37,1.50
2017.08.17 15:11:57.480,1.28813,1.28819,1.37,1.00
2017.08.17 15:11:58.135,1.28813,1.28819,1.50,1.00
2017.08.17 15:12:00.144,1.28815,1.2882,1.12,1.57
2017.08.17 15:12:00.489,1.2882,1.28826,1.00,1.57
2017.08.17 15:12:00.592,1.2882,1.28822,1.12,1.50
2017.08.17 15:12:00.695,1.28818,1.28824,2.62,1.57
2017.08.17 15:12:01.206,1.28818,1.28825,1.50,1.50
2017.08.17 15:12:01.360,1.2882,1.28827,1.50,1.57
2017.08.17 15:12:02.558,1.2882,1.28827,1.87,1.57
2017.08.17 15:12:04.820,1.28822,1.28827,1.00,1.57
2017.08.17 15:12:07.716,1.28823,1.28827,1.00,1.57
2017.08.17 15:12:11.991,1.28822,1.28827,1.12,1.57
2017.08.17 15:12:13.651,1.28823,1.28827,1.00,1.95
2017.08.17 15:12:13.702,1.28819,1.28821,5.25,1.50
2017.08.17 15:12:13.858,1.28817,1.28822,1.00,1.87
2017.08.17 15:12:14.406,1.28816,1.28822,1.37,1.50
2017.08.17 15:12:14.830,1.28819,1.28825,1.00,2.70
2017.08.17 15:12:14.882,1.28819,1.28825,1.50,1.20
2017.08.17 15:12:15.035,1.28819,1.28827,3.75,2.89
2017.08.17 15:12:16.033,1.28822,1.28827,1.00,2.32
2017.08.17 15:12:16.494,1.2882,1.28825,1.12,1.50
2017.08.17 15:12:17.004,1.2882,1.28826,1.00,2.25
2017.08.17 15:12:17.684,1.2882,1.28827,1.50,3.45
2017.08.17 15:12:18.196,1.2882,1.28827,3.94,1.57
2017.08.17 15:12:24.345,1.28821,1.28827,1.50,1.57
2017.08.17 15:12:24.972,1.28821,1.28828,1.50,1.50
2017.08.17 15:12:25.502,1.28821,1.28829,2.25,4.57
2017.08.17 15:12:26.577,1.28821,1.28828,2.25,1.50
2017.08.17 15:12:29.843,1.28821,1.28829,1.67,3.45
2017.08.17 15:12:30.917,1.28821,1.28829,1.67,1.95
2017.08.17 15:12:30.969,1.28821,1.28827,1.50,1.50
2017.08.17 15:12:31.481,1.2882,1.28827,1.00,1.57
2017.08.17 15:12:32.567,1.28819,1.28827,2.25,1.95
2017.08.17 15:12:33.099,1.28819,1.28827,2.25,1.95
2017.08.17 15:12:34.092,1.28819,1.28827,2.62,1.95
2017.08.17 15:12:35.575,1.2882,1.28827,1.00,1.95
2017.08.17 15:12:36.938,1.2882,1.28827,1.37,1.50
2017.08.17 15:12:38.664,1.28822,1.28828,1.37,1.50
2017.08.17 15:12:39.549,1.28822,1.28828,1.37,1.50
2017.08.17 15:12:39.702,1.28822,1.28828,1.12,1.50
2017.08.17 15:12:41.084,1.28821,1.28828,3.75,1.57
2017.08.17 15:12:41.623,1.28821,1.28828,3.75,1.50
2017.08.17 15:12:42.754,1.28825,1.28829,2.25,1.57
2017.08.17 15:12:42.908,1.28827,1.28833,1.87,1.57
2017.08.17 15:12:43.134,1.28827,1.28834,2.62,1.50
2017.08.17 15:12:43.836,1.28828,1.28834,1.87,1.87
2017.08.17 15:12:44.142,1.28829,1.28836,1.50,1.57
2017.08.17 15:12:44.718,1.28829,1.28837,2.62,2.32
2017.08.17 15:12:45.727,1.28832,1.28838,3.00,1.57
2017.08.17 15:12:47.115,1.28832,1.28839,4.87,2.32
2017.08.17 15:12:47.987,1.28834,1.28839,1.00,1.57
2017.08.17 15:12:48.842,1.28834,1.28839,1.00,1.57
2017.08.17 15:12:49.774,1.28833,1.28839,1.00,1.50
2017.08.17 15:12:51.604,1.28834,1.2884,1.50,1.95
2017.08.17 15:12:51.914,1.28842,1.28847,1.00,1.95
2017.08.17 15:12:52.426,1.28843,1.28847,1.00,1.50
2017.08.17 15:12:53.521,1.28842,1.28847,1.12,1.57
2017.08.17 15:12:54.031,1.28842,1.28846,1.12,1.50
2017.08.17 15:12:54.541,1.28843,1.28846,1.00,1.50
2017.08.17 15:12:55.060,1.28842,1.28846,1.00,1.50
2017.08.17 15:12:55.802,1.28839,1.28842,6.75,1.50
2017.08.17 15:12:56.050,1.28837,1.28841,1.37,1.57
2017.08.17 15:12:56.485,1.28839,1.28844,1.00,1.00
2017.08.17 15:12:56.690,1.28839,1.28846,3.00,1.57
2017.08.17 15:12:57.202,1.28842,1.28848,1.00,4.20
2017.08.17 15:12:57.545,1.28842,1.28848,1.00,1.95
2017.08.17 15:12:58.052,1.28842,1.28848,1.00,1.95
2017.08.17 15:12:59.694,1.28842,1.28847,1.00,1.57
2017.08.17 15:13:00.105,1.28842,1.28844,1.00,1.50
2017.08.17 15:13:00.157,1.28839,1.28846,1.50,2.62
2017.08.17 15:13:00.368,1.28839,1.28844,1.12,1.57
2017.08.17 15:13:00.522,1.28839,1.28846,4.12,1.87
2017.08.17 15:13:01.099,1.28841,1.28846,1.00,1.50
2017.08.17 15:13:01.629,1.28841,1.28847,1.50,1.50
2017.08.17 15:13:02.175,1.28841,1.28848,1.50,1.57
2017.08.17 15:13:02.720,1.28841,1.28848,1.87,1.57
2017.08.17 15:13:03.351,1.28841,1.28848,1.87,1.57
2017.08.17 15:13:03.769,1.28841,1.28849,2.06,2.32
2017.08.17 15:13:05.599,1.28844,1.2885,1.12,2.32
2017.08.17 15:13:05.856,1.28846,1.2885,1.37,1.00
2017.08.17 15:13:06.008,1.28849,1.28854,1.00,3.00
2017.08.17 15:13:06.060,1.28849,1.28854,2.25,1.50
2017.08.17 15:13:06.164,1.2885,1.28856,1.50,1.57
2017.08.17 15:13:06.373,1.28853,1.2886,1.00,1.12
2017.08.17 15:13:06.658,1.28858,1.28862,3.00,1.94
2017.08.17 15:13:06.966,1.28861,1.28868,1.12,1.20
2017.08.17 15:13:07.471,1.28862,1.28869,1.00,2.32
2017.08.17 15:13:07.677,1.28862,1.28869,1.00,2.14
2017.08.17 15:13:08.212,1.28862,1.28869,1.00,4.57
2017.08.17 15:13:08.787,1.28862,1.28869,1.50,1.95
2017.08.17 15:13:09.354,1.28863,1.28869,1.00,1.20
2017.08.17 15:13:09.662,1.28864,1.28871,1.37,2.32
2017.08.17 15:13:10.198,1.28863,1.2887,1.37,1.57
2017.08.17 15:13:10.251,1.28862,1.2887,1.12,2.70
2017.08.17 15:13:10.764,1.28862,1.2887,1.00,2.70
2017.08.17 15:13:12.092,1.28861,1.28869,1.00,1.07
2017.08.17 15:13:12.640,1.28861,1.28869,1.87,1.07
2017.08.17 15:13:13.388,1.28861,1.2887,1.87,1.39
2017.08.17 15:13:14.590,1.28863,1.2887,1.12,1.57
2017.08.17 15:13:14.643,1.28863,1.28871,1.37,1.95
2017.08.17 15:13:15.534,1.28864,1.28872,1.00,3.82
2017.08.17 15:13:15.894,1.28865,1.28872,3.00,1.45
2017.08.17 15:13:16.113,1.2887,1.28876,1.12,2.14
2017.08.17 15:13:16.266,1.2887,1.28877,1.87,3.07
2017.08.17 15:13:16.318,1.2887,1.28877,1.87,2.70
2017.08.17 15:13:17.260,1.28869,1.28873,1.00,1.50
2017.08.17 15:13:17.416,1.28864,1.28872,1.12,4.95
2017.08.17 15:13:17.519,1.28863,1.28871,1.69,3.45
2017.08.17 15:13:17.571,1.28862,1.28871,2.25,3.45
2017.08.17 15:13:18.080,1.28862,1.28871,2.25,2.51
2017.08.17 15:13:18.802,1.28862,1.28871,1.87,4.39
2017.08.17 15:13:19.481,1.28862,1.28871,1.87,5.14
2017.08.17 15:13:20.484,1.28862,1.28871,1.12,4.76
2017.08.17 15:13:21.809,1.28862,1.28871,1.50,5.51
2017.08.17 15:13:22.929,1.28862,1.2887,2.25,1.20
2017.08.17 15:13:23.442,1.28862,1.28869,1.87,2.70
2017.08.17 15:13:24.450,1.28862,1.28869,1.87,2.32
2017.08.17 15:13:25.788,1.28863,1.28869,1.12,1.57
2017.08.17 15:13:26.300,1.28862,1.28867,1.00,1.10
2017.08.17 15:13:26.352,1.2886,1.28867,1.00,2.32
2017.08.17 15:13:26.403,1.28859,1.28867,1.50,3.25
2017.08.17 15:13:26.455,1.28858,1.28867,1.50,3.07
2017.08.17 15:13:27.034,1.28859,1.28867,1.00,1.19
2017.08.17 15:13:27.498,1.28858,1.28865,1.12,3.25
2017.08.17 15:13:27.809,1.28857,1.28863,2.25,1.20
2017.08.17 15:13:28.147,1.28859,1.28864,1.00,1.95
2017.08.17 15:13:29.304,1.2886,1.28866,1.50,1.57
2017.08.17 15:13:29.355,1.28862,1.28867,1.00,1.20
2017.08.17 15:13:30.539,1.28861,1.28868,1.00,1.95
2017.08.17 15:13:31.295,1.28861,1.28867,1.37,1.07
2017.08.17 15:13:31.866,1.28861,1.28867,1.00,1.57
2017.08.17 15:13:31.970,1.2886,1.28865,1.00,1.57
2017.08.17 15:13:32.122,1.28858,1.28864,1.50,1.07
2017.08.17 15:13:32.802,1.28858,1.28865,1.00,2.32
2017.08.17 15:13:34.048,1.2886,1.28865,1.00,2.32
2017.08.17 15:13:34.305,1.28858,1.28865,1.12,1.07
2017.08.17 15:13:35.675,1.28858,1.28865,1.50,1.20
2017.08.17 15:13:35.778,1.28858,1.28865,1.50,1.20
2017.08.17 15:13:36.293,1.2886,1.28865,1.00,1.20
2017.08.17 15:13:37.235,1.2886,1.28865,1.00,2.32
2017.08.17 15:13:37.736,1.28859,1.28865,1.12,1.57
2017.08.17 15:13:39.445,1.28858,1.28864,1.12,1.57
2017.08.17 15:13:40.461,1.28859,1.28864,1.12,1.07
2017.08.17 15:13:41.876,1.28857,1.28863,1.50,1.57
2017.08.17 15:13:42.768,1.28858,1.28863,1.00,1.47
2017.08.17 15:13:43.310,1.28858,1.28862,1.00,1.07
2017.08.17 15:13:43.698,1.28859,1.28866,2.25,1.45
2017.08.17 15:13:44.222,1.2886,1.28866,1.87,1.07
2017.08.17 15:13:44.830,1.2886,1.28865,1.12,1.45
2017.08.17 15:13:45.343,1.2886,1.28865,1.12,1.20
2017.08.17 15:13:46.033,1.28861,1.28865,1.12,1.20
2017.08.17 15:13:47.045,1.28861,1.28867,1.50,1.57
2017.08.17 15:13:49.559,1.28862,1.28866,1.00,1.20
2017.08.17 15:13:53.814,1.28862,1.28868,1.37,1.95
2017.08.17 15:13:54.552,1.28862,1.28869,3.19,1.57
2017.08.17 15:13:55.135,1.28864,1.28868,1.37,1.20
2017.08.17 15:13:55.288,1.28867,1.28871,1.00,1.45
2017.08.17 15:13:55.429,1.28868,1.28876,1.50,1.50
2017.08.17 15:13:55.481,1.28868,1.28873,4.12,1.12
2017.08.17 15:13:55.583,1.2887,1.28878,3.37,1.57
2017.08.17 15:13:56.093,1.28871,1.28877,1.12,1.57
2017.08.17 15:13:57.318,1.28871,1.28877,2.62,1.07
2017.08.17 15:13:58.244,1.28871,1.28877,1.87,1.57
2017.08.17 15:13:58.296,1.28869,1.28877,2.62,2.32
2017.08.17 15:13:58.620,1.28868,1.28873,1.00,1.57
2017.08.17 15:13:59.133,1.28867,1.28872,1.12,1.57
2017.08.17 15:13:59.774,1.28866,1.28872,2.25,2.32
2017.08.17 15:13:59.930,1.28863,1.2887,1.00,1.57
2017.08.17 15:14:00.135,1.28863,1.28868,1.00,1.57
2017.08.17 15:14:00.499,1.28862,1.28865,1.00,1.07
2017.08.17 15:14:00.756,1.2886,1.28868,2.25,1.00
2017.08.17 15:14:00.808,1.2886,1.28866,1.87,1.45
2017.08.17 15:14:01.118,1.28859,1.28863,1.00,1.57
2017.08.17 15:14:01.325,1.28856,1.28861,1.50,1.45
2017.08.17 15:14:01.532,1.28856,1.28864,1.37,3.82
2017.08.17 15:14:01.686,1.28856,1.28861,1.37,1.45
2017.08.17 15:14:01.790,1.28854,1.28859,2.25,1.57
2017.08.17 15:14:02.302,1.28854,1.28858,1.00,1.57
2017.08.17 15:14:02.848,1.28854,1.28859,1.00,1.57
2017.08.17 15:14:04.889,1.28855,1.2886,1.00,1.07
2017.08.17 15:14:05.509,1.28854,1.2886,1.00,1.57
2017.08.17 15:14:05.916,1.28854,1.28861,1.12,1.57
2017.08.17 15:14:06.071,1.28859,1.28862,1.00,2.32
2017.08.17 15:14:06.174,1.2886,1.28862,1.50,1.12
2017.08.17 15:14:06.226,1.2886,1.28866,1.87,1.07
2017.08.17 15:14:06.328,1.28862,1.28867,1.00,1.57
2017.08.17 15:14:06.484,1.28863,1.28868,1.00,1.07
2017.08.17 15:14:07.307,1.28863,1.2887,1.00,2.70
2017.08.17 15:14:12.877,1.28863,1.2887,1.50,1.57
2017.08.17 15:14:13.418,1.28864,1.28871,1.12,1.95
2017.08.17 15:14:13.648,1.28864,1.28871,1.12,1.10
2017.08.17 15:14:14.059,1.28867,1.28872,1.50,1.95
2017.08.17 15:14:14.213,1.28871,1.28878,1.50,7.20
2017.08.17 15:14:14.316,1.28873,1.28879,1.87,1.57
2017.08.17 15:14:15.922,1.2887,1.28877,1.50,1.10
2017.08.17 15:14:15.974,1.28873,1.28877,1.00,1.10
2017.08.17 15:14:16.025,1.2887,1.28877,1.50,1.57
2017.08.17 15:14:16.231,1.28871,1.28878,1.87,1.07
2017.08.17 15:14:16.744,1.28871,1.28879,1.50,1.57
2017.08.17 15:14:16.846,1.2887,1.28877,1.50,1.95
2017.08.17 15:14:17.154,1.28868,1.28874,1.50,1.95
2017.08.17 15:14:17.258,1.28868,1.28874,1.50,2.32
2017.08.17 15:14:17.550,1.28866,1.28872,2.25,1.47
2017.08.17 15:14:17.816,1.28861,1.28866,1.00,1.10
2017.08.17 15:14:17.868,1.28859,1.28866,3.00,1.95
2017.08.17 15:14:18.180,1.28859,1.28864,3.00,1.95
2017.08.17 15:14:18.703,1.28859,1.28864,1.50,1.45
2017.08.17 15:14:19.216,1.28859,1.28865,1.50,1.45
2017.08.17 15:14:20.394,1.2886,1.28866,1.37,1.57
2017.08.17 15:14:21.399,1.2886,1.28866,1.37,1.12
2017.08.17 15:14:21.925,1.28861,1.28868,1.12,3.82
2017.08.17 15:14:24.186,1.28862,1.28868,1.12,1.20
2017.08.17 15:14:26.955,1.28862,1.28868,1.12,1.57
2017.08.17 15:14:27.578,1.28861,1.28867,1.37,1.47
2017.08.17 15:14:28.104,1.28862,1.28868,1.00,1.95
2017.08.17 15:14:28.645,1.28861,1.28869,2.25,3.45
2017.08.17 15:14:29.168,1.28861,1.28868,1.87,1.47
2017.08.17 15:14:29.683,1.28861,1.28868,4.12,1.10
2017.08.17 15:14:30.191,1.28861,1.28868,4.12,1.57
2017.08.17 15:14:30.705,1.28863,1.28869,1.00,1.95
2017.08.17 15:14:31.221,1.28864,1.28869,1.12,1.10
2017.08.17 15:14:31.272,1.28864,1.2887,1.37,3.45
2017.08.17 15:14:31.779,1.28865,1.2887,1.00,3.07
2017.08.17 15:14:32.227,1.2887,1.28875,1.12,1.57
2017.08.17 15:14:32.739,1.2887,1.28876,1.37,2.32
2017.08.17 15:14:33.260,1.2887,1.28877,1.37,1.57
2017.08.17 15:14:33.365,1.28869,1.28875,1.12,1.20
2017.08.17 15:14:33.469,1.28869,1.28874,1.00,1.07
2017.08.17 15:14:34.077,1.28869,1.28874,1.00,1.57
2017.08.17 15:14:34.129,1.28869,1.28875,1.00,2.70
2017.08.17 15:14:34.232,1.28869,1.28875,1.87,1.95
2017.08.17 15:14:34.283,1.28869,1.28876,1.87,1.57
2017.08.17 15:14:34.794,1.28869,1.28877,3.00,1.95
2017.08.17 15:14:37.041,1.28869,1.28876,2.25,1.10
2017.08.17 15:14:37.524,1.28869,1.28875,1.00,1.95
2017.08.17 15:14:39.155,1.28869,1.28875,1.12,1.20
2017.08.17 15:14:39.715,1.28869,1.28874,1.12,1.12
2017.08.17 15:14:41.181,1.28868,1.28875,2.25,1.20
2017.08.17 15:14:41.487,1.28871,1.28877,1.00,1.95
2017.08.17 15:14:41.691,1.28869,1.28877,1.87,2.32
2017.08.17 15:14:42.261,1.28869,1.28877,1.87,3.82
2017.08.17 15:14:43.600,1.28869,1.28877,1.87,3.07
2017.08.17 15:14:44.746,1.28872,1.28877,1.00,1.57
2017.08.17 15:14:45.288,1.28872,1.28879,1.00,1.57
2017.08.17 15:14:45.595,1.28873,1.28877,1.00,2.32
2017.08.17 15:14:46.099,1.28873,1.28878,1.00,1.20
2017.08.17 15:14:46.541,1.28871,1.28877,1.00,1.95
2017.08.17 15:14:47.052,1.2887,1.28876,1.37,1.12
2017.08.17 15:14:47.564,1.2887,1.28878,1.50,1.87
2017.08.17 15:14:50.000,1.28872,1.28879,1.00,3.37
2017.08.17 15:14:50.052,1.28872,1.28879,1.00,2.62
2017.08.17 15:14:50.563,1.28872,1.28878,1.00,1.12
2017.08.17 15:14:51.312,1.28871,1.28878,3.37,1.12
2017.08.17 15:14:54.552,1.28871,1.28879,1.12,3.00
2017.08.17 15:14:56.931,1.2887,1.28875,3.00,1.50
2017.08.17 15:14:57.124,1.28864,1.28872,1.50,2.32
2017.08.17 15:14:57.331,1.28863,1.28869,3.00,1.00
2017.08.17 15:14:57.942,1.28863,1.28871,3.75,1.57
2017.08.17 15:14:58.458,1.28863,1.2887,1.00,2.25
2017.08.17 15:14:59.180,1.28863,1.2887,1.00,2.70
2017.08.17 15:15:01.072,1.2886,1.28869,3.00,2.21
2017.08.17 15:15:01.282,1.28859,1.28868,2.25,3.37
2017.08.17 15:15:01.851,1.2886,1.28868,3.37,1.37
2017.08.17 15:15:02.552,1.28862,1.28868,1.00,1.00
2017.08.17 15:15:03.641,1.28862,1.28867,1.00,1.00
2017.08.17 15:15:03.897,1.28859,1.28866,1.12,1.00
2017.08.17 15:15:04.408,1.28858,1.28866,3.37,1.25
2017.08.17 15:15:04.931,1.28859,1.28867,1.12,4.20
2017.08.17 15:15:05.136,1.2886,1.28869,1.37,4.57
2017.08.17 15:15:05.648,1.28861,1.28869,1.87,1.87
2017.08.17 15:15:06.188,1.2886,1.28868,4.50,1.12
2017.08.17 15:15:06.393,1.28859,1.28867,1.87,1.12
2017.08.17 15:15:06.495,1.28858,1.28865,5.62,1.00
2017.08.17 15:15:07.040,1.28858,1.28865,3.37,1.00
2017.08.17 15:15:07.346,1.28861,1.28869,1.37,4.50
2017.08.17 15:15:07.449,1.28861,1.28868,1.50,1.12
2017.08.17 15:15:09.205,1.28863,1.28868,1.50,1.12
2017.08.17 15:15:09.778,1.28863,1.2887,1.50,3.45
2017.08.17 15:15:10.317,1.28863,1.2887,1.50,3.94
2017.08.17 15:15:10.841,1.28862,1.2887,1.00,3.94
2017.08.17 15:15:11.768,1.28862,1.2887,1.12,3.75
2017.08.17 15:15:16.729,1.2886,1.28867,3.00,1.37
2017.08.17 15:15:17.485,1.28861,1.28869,1.50,3.82
2017.08.17 15:15:19.606,1.2886,1.28868,1.87,3.00
2017.08.17 15:15:20.187,1.28861,1.28869,1.12,3.45
2017.08.17 15:15:20.759,1.2886,1.28868,1.87,1.12
2017.08.17 15:15:20.970,1.28861,1.28869,2.62,1.50
2017.08.17 15:15:21.486,1.28861,1.28868,1.12,3.56
2017.08.17 15:15:22.009,1.28861,1.28866,1.00,1.00
2017.08.17 15:15:22.532,1.28859,1.28868,1.87,3.45
2017.08.17 15:15:23.271,1.28859,1.28867,1.00,1.20
2017.08.17 15:15:23.782,1.28859,1.28866,1.00,1.12
2017.08.17 15:15:24.479,1.28858,1.28866,3.75,1.50
2017.08.17 15:15:25.463,1.28858,1.28866,3.00,1.69
2017.08.17 15:15:25.790,1.28855,1.28861,1.37,1.12
2017.08.17 15:15:26.128,1.28853,1.28861,2.25,2.70
2017.08.17 15:15:26.282,1.28852,1.2886,3.00,1.37
2017.08.17 15:15:27.185,1.28853,1.2886,1.50,1.50
2017.08.17 15:15:27.720,1.28852,1.2886,3.00,1.37
2017.08.17 15:15:28.095,1.28852,1.28859,1.50,1.24
2017.08.17 15:15:28.660,1.28851,1.28858,3.00,1.11
2017.08.17 15:15:34.529,1.28852,1.2886,2.62,3.56
2017.08.17 15:15:35.041,1.28852,1.2886,1.50,2.81
2017.08.17 15:15:36.528,1.28851,1.28857,1.37,1.24
2017.08.17 15:15:37.080,1.2885,1.28858,2.62,1.69
2017.08.17 15:15:37.441,1.2885,1.28858,1.50,1.96
2017.08.17 15:15:37.958,1.28851,1.28857,1.87,1.90
2017.08.17 15:15:38.777,1.2885,1.28858,1.00,3.94
2017.08.17 15:15:39.291,1.2885,1.28857,1.00,1.24
2017.08.17 15:15:39.804,1.28851,1.28858,1.12,2.81
2017.08.17 15:15:40.350,1.28851,1.28858,2.25,2.81
2017.08.17 15:15:41.535,1.28851,1.28857,1.00,1.24
2017.08.17 15:15:42.336,1.28851,1.28857,1.00,1.23
2017.08.17 15:15:43.382,1.28851,1.28857,1.00,1.23
2017.08.17 15:15:44.152,1.28849,1.28857,3.37,1.60
2017.08.17 15:15:44.656,1.2885,1.28858,1.12,2.43
2017.08.17 15:15:45.195,1.2885,1.28859,6.56,2.43
2017.08.17 15:15:45.698,1.2885,1.28859,4.50,1.85
2017.08.17 15:15:46.307,1.28851,1.2886,1.12,2.32
2017.08.17 15:15:46.851,1.28851,1.2886,1.87,2.32
2017.08.17 15:15:47.370,1.2885,1.28859,4.87,1.57
2017.08.17 15:15:48.004,1.2885,1.28859,4.87,1.85
2017.08.17 15:15:48.768,1.2885,1.28859,3.37,1.12
2017.08.17 15:15:49.329,1.2885,1.28858,2.25,3.15
2017.08.17 15:15:49.841,1.2885,1.28858,1.87,5.59
2017.08.17 15:15:49.944,1.28849,1.28855,1.50,1.07
2017.08.17 15:15:50.353,1.28851,1.28857,1.00,1.20
2017.08.17 15:15:50.456,1.28851,1.28857,1.50,1.00
2017.08.17 15:15:51.397,1.28851,1.28859,1.50,3.00
2017.08.17 15:15:51.948,1.28851,1.28857,1.00,1.95
2017.08.17 15:15:52.463,1.2885,1.28857,2.25,1.87
2017.08.17 15:15:52.830,1.2885,1.28857,2.62,2.25
2017.08.17 15:15:54.379,1.2885,1.28856,2.25,1.50
2017.08.17 15:15:55.528,1.2885,1.28856,2.62,1.87
2017.08.17 15:15:59.818,1.2885,1.28856,1.50,1.87
2017.08.17 15:16:00.422,1.28851,1.28858,3.00,1.87
2017.08.17 15:16:01.492,1.28853,1.28861,2.25,3.07
2017.08.17 15:16:01.810,1.28858,1.28862,4.50,1.50
2017.08.17 15:16:01.915,1.28856,1.2886,1.00,2.25
2017.08.17 15:16:01.966,1.28854,1.2886,1.12,2.25
2017.08.17 15:16:03.952,1.28852,1.28859,4.12,1.00
2017.08.17 15:16:05.045,1.28852,1.2886,1.00,3.37
2017.08.17 15:16:05.354,1.28852,1.28858,1.00,2.62
2017.08.17 15:16:08.898,1.28853,1.2886,2.25,2.62
2017.08.17 15:16:09.205,1.2886,1.28867,1.12,1.87
2017.08.17 15:16:09.257,1.2886,1.28867,1.12,1.12
2017.08.17 15:16:09.796,1.2886,1.28866,1.12,1.50
2017.08.17 15:16:10.717,1.2886,1.28868,3.37,2.25
2017.08.17 15:16:10.873,1.28862,1.28868,1.00,1.87
2017.08.17 15:16:11.486,1.28862,1.28867,1.00,1.50
2017.08.17 15:16:13.203,1.28862,1.28867,1.00,2.25
2017.08.17 15:16:15.205,1.28862,1.28868,2.25,2.25
2017.08.17 15:16:16.739,1.2886,1.28867,2.62,2.25
2017.08.17 15:16:17.768,1.2886,1.28867,1.87,3.00
2017.08.17 15:16:18.904,1.28858,1.28863,1.12,1.87
2017.08.17 15:16:19.008,1.28857,1.28862,1.50,1.87
2017.08.17 15:16:20.941,1.28857,1.28862,1.50,1.50
2017.08.17 15:16:21.147,1.2886,1.28867,2.25,3.45
2017.08.17 15:16:21.201,1.2886,1.28867,1.12,2.25
2017.08.17 15:16:21.713,1.28861,1.28867,1.00,1.87
2017.08.17 15:16:23.287,1.28861,1.28868,2.25,2.62
2017.08.17 15:16:24.166,1.28861,1.28868,1.87,2.25
2017.08.17 15:16:25.140,1.28861,1.28868,2.25,2.62
2017.08.17 15:16:26.182,1.2886,1.28867,2.25,3.00
2017.08.17 15:16:26.699,1.28858,1.28865,3.82,1.87
2017.08.17 15:16:27.177,1.28858,1.28865,1.87,2.25
2017.08.17 15:16:28.819,1.28857,1.2886,1.12,1.50
2017.08.17 15:16:29.039,1.28853,1.2886,3.00,2.62
2017.08.17 15:16:29.550,1.28853,1.2886,1.12,3.75
2017.08.17 15:16:30.153,1.28853,1.28858,1.12,1.50
2017.08.17 15:16:30.756,1.28852,1.28858,1.50,2.25
2017.08.17 15:16:31.443,1.28852,1.28858,1.12,1.37
2017.08.17 15:16:32.756,1.28852,1.28858,1.50,2.25
2017.08.17 15:16:33.776,1.28853,1.28859,1.50,1.37
2017.08.17 15:16:39.058,1.28853,1.28858,1.00,2.25
2017.08.17 15:16:39.853,1.28853,1.28858,1.00,1.87
2017.08.17 15:16:40.440,1.28852,1.28858,1.00,2.25
2017.08.17 15:16:41.956,1.28852,1.28858,1.37,1.87
2017.08.17 15:16:44.003,1.28853,1.28858,1.00,2.25
2017.08.17 15:16:44.702,1.28852,1.28857,1.00,1.50
2017.08.17 15:16:47.029,1.28851,1.28857,1.50,1.50
2017.08.17 15:16:53.057,1.28851,1.28859,1.00,2.25
2017.08.17 15:16:55.561,1.28851,1.28857,1.12,1.50
2017.08.17 15:16:57.084,1.28852,1.28857,1.00,1.50
2017.08.17 15:16:57.900,1.28852,1.28858,1.00,1.50
2017.08.17 15:16:58.427,1.28853,1.28858,1.00,1.37
2017.08.17 15:17:00.024,1.28853,1.28858,1.00,1.00
2017.08.17 15:17:00.816,1.28853,1.28859,1.00,1.12
2017.08.17 15:17:01.326,1.28853,1.28858,1.00,1.00
2017.08.17 15:17:03.550,1.28853,1.28859,1.12,1.12
2017.08.17 15:17:04.732,1.28853,1.28859,1.00,2.25
2017.08.17 15:17:05.908,1.28852,1.28859,1.00,2.25
2017.08.17 15:17:07.832,1.28853,1.28859,3.37,1.37
2017.08.17 15:17:08.390,1.28853,1.2886,1.50,1.37
2017.08.17 15:17:08.912,1.28854,1.28861,1.00,1.95
2017.08.17 15:17:09.117,1.28853,1.28859,1.87,1.12
2017.08.17 15:17:09.985,1.28855,1.28859,1.00,1.12
2017.08.17 15:17:10.190,1.28853,1.2886,1.50,1.87
2017.08.17 15:17:11.507,1.28853,1.28858,1.50,1.37
2017.08.17 15:17:14.028,1.28852,1.28858,3.37,1.00
2017.08.17 15:17:15.323,1.28853,1.28858,1.00,1.10
2017.08.17 15:17:16.025,1.28853,1.28858,1.00,1.57
2017.08.17 15:17:17.057,1.28853,1.28858,1.00,2.32
2017.08.17 15:17:18.182,1.28852,1.28858,2.25,2.25
2017.08.17 15:17:20.168,1.28853,1.28857,1.00,1.50
2017.08.17 15:17:21.084,1.28853,1.28857,1.00,1.12
2017.08.17 15:17:26.062,1.28853,1.28857,1.00,1.50
2017.08.17 15:17:28.057,1.28852,1.28857,1.12,1.87
2017.08.17 15:17:30.312,1.28853,1.28858,1.00,1.87
2017.08.17 15:17:31.507,1.28852,1.28857,1.12,1.87
2017.08.17 15:17:32.053,1.28853,1.28858,1.00,2.62
2017.08.17 15:17:32.504,1.28853,1.28858,1.00,1.57
2017.08.17 15:17:33.583,1.28853,1.28858,1.00,1.57
2017.08.17 15:17:34.875,1.28852,1.28858,1.00,1.95
2017.08.17 15:17:35.417,1.28853,1.28858,1.00,2.62
2017.08.17 15:17:36.320,1.28852,1.28858,1.00,1.37
2017.08.17 15:17:36.833,1.28853,1.28858,1.00,1.37
2017.08.17 15:17:37.381,1.28853,1.28859,1.00,1.87
2017.08.17 15:17:40.478,1.28853,1.28859,1.00,1.00
2017.08.17 15:17:43.617,1.28852,1.28859,3.00,1.00
2017.08.17 15:17:44.718,1.28852,1.2886,1.87,2.25
2017.08.17 15:17:45.637,1.28854,1.2886,1.12,1.50
2017.08.17 15:17:45.943,1.28853,1.2886,1.00,4.87
2017.08.17 15:17:46.527,1.28852,1.2886,1.87,3.45
2017.08.17 15:17:47.828,1.28853,1.28858,1.00,1.50
2017.08.17 15:17:49.340,1.28852,1.28858,2.25,1.87
2017.08.17 15:17:50.000,1.28853,1.28858,1.00,1.87
2017.08.17 15:17:52.539,1.28852,1.28858,1.50,2.44
2017.08.17 15:17:53.167,1.28852,1.28858,1.00,1.87
2017.08.17 15:17:55.585,1.28852,1.28858,1.00,3.00
2017.08.17 15:17:56.574,1.28851,1.28858,1.12,3.00
2017.08.17 15:17:58.940,1.28849,1.28853,1.00,1.12
2017.08.17 15:17:59.247,1.28849,1.28851,1.00,1.12
2017.08.17 15:17:59.793,1.28849,1.28851,1.00,1.87
2017.08.17 15:18:01.832,1.28848,1.28851,1.00,1.50
2017.08.17 15:18:02.601,1.28848,1.28851,1.00,1.50
2017.08.17 15:18:06.934,1.28847,1.28849,1.00,11.62
2017.08.17 15:18:07.445,1.28847,1.28849,1.00,13.87
2017.08.17 15:18:07.743,1.28843,1.28849,3.37,13.87
2017.08.17 15:18:08.260,1.28843,1.28849,1.12,2.25
2017.08.17 15:18:08.658,1.28842,1.28846,2.25,1.00
2017.08.17 15:18:09.210,1.28842,1.28846,1.00,1.00
2017.08.17 15:18:09.836,1.28842,1.28847,1.00,1.00
2017.08.17 15:18:11.390,1.2884,1.28847,1.87,3.07
2017.08.17 15:18:11.905,1.28841,1.28847,1.12,1.12
2017.08.17 15:18:14.514,1.28841,1.28848,1.87,1.50
2017.08.17 15:18:17.387,1.28839,1.28843,1.75,1.50
2017.08.17 15:18:17.439,1.28838,1.28841,1.00,1.50
2017.08.17 15:18:17.492,1.28836,1.28842,1.00,1.57
2017.08.17 15:18:17.828,1.28834,1.28839,1.00,1.12
2017.08.17 15:18:18.342,1.28833,1.28839,1.00,1.20
2017.08.17 15:18:18.858,1.28832,1.28839,1.87,1.57
2017.08.17 15:18:21.453,1.28832,1.28839,1.87,1.95
2017.08.17 15:18:21.965,1.28832,1.28838,1.37,1.00
2017.08.17 15:18:22.514,1.28832,1.28838,1.00,1.00
2017.08.17 15:18:22.844,1.28832,1.28837,1.12,1.50
2017.08.17 15:18:23.789,1.28831,1.28837,1.12,1.12
2017.08.17 15:18:24.302,1.28831,1.28838,1.87,1.50
2017.08.17 15:18:26.377,1.28831,1.28838,3.00,1.12
2017.08.17 15:18:27.394,1.28831,1.28838,1.87,1.87
2017.08.17 15:18:29.419,1.28831,1.28838,1.87,1.50
2017.08.17 15:18:35.581,1.28833,1.28838,1.00,1.50
2017.08.17 15:18:36.127,1.28833,1.28837,1.00,1.12
2017.08.17 15:18:38.407,1.28833,1.28838,1.00,1.87
2017.08.17 15:18:40.025,1.28832,1.28838,1.12,1.37
2017.08.17 15:18:40.332,1.28834,1.2884,1.00,1.87
2017.08.17 15:18:41.260,1.28834,1.28839,1.00,1.37
2017.08.17 15:18:41.960,1.28835,1.2884,1.00,1.12
2017.08.17 15:18:42.462,1.28835,1.2884,1.00,1.37
2017.08.17 15:18:42.973,1.28833,1.2884,2.62,1.87
2017.08.17 15:18:43.486,1.28833,1.2884,1.87,1.87
2017.08.17 15:18:45.281,1.28833,1.2884,1.12,1.87
2017.08.17 15:18:48.221,1.28835,1.28839,1.00,1.50
2017.08.17 15:18:49.270,1.28835,1.28838,1.00,1.37
2017.08.17 15:18:50.295,1.28835,1.2884,1.00,4.50
2017.08.17 15:18:58.177,1.28836,1.28841,1.00,2.62
2017.08.17 15:18:59.276,1.28836,1.28841,1.50,3.37
2017.08.17 15:19:00.132,1.28837,1.28841,1.00,1.37
2017.08.17 15:19:00.183,1.2884,1.28841,1.12,1.00
2017.08.17 15:19:00.337,1.28839,1.28843,1.12,1.00
2017.08.17 15:19:00.389,1.28838,1.28844,2.62,1.87
2017.08.17 15:19:00.696,1.28844,1.28848,1.00,1.87
2017.08.17 15:19:03.672,1.28846,1.2885,1.00,1.75
2017.08.17 15:19:04.218,1.28847,1.2885,1.00,1.37
2017.08.17 15:19:04.477,1.28851,1.28856,1.00,4.20
2017.08.17 15:19:06.476,1.28851,1.28857,1.00,2.25
2017.08.17 15:19:07.422,1.28853,1.28857,1.00,1.12
2017.08.17 15:19:08.311,1.28854,1.28857,1.00,1.12
2017.08.17 15:19:08.464,1.28854,1.28857,1.00,1.00
2017.08.17 15:19:14.799,1.28854,1.28858,1.00,1.00
2017.08.17 15:19:17.014,1.28854,1.28858,1.00,1.62
2017.08.17 15:19:19.463,1.28852,1.28856,1.50,2.81
2017.08.17 15:19:19.516,1.28851,1.28852,1.00,1.50
2017.08.17 15:19:19.621,1.28849,1.28852,1.12,2.25
2017.08.17 15:19:19.673,1.28847,1.28852,2.62,2.62
2017.08.17 15:19:20.134,1.28849,1.28851,1.00,1.00
2017.08.17 15:19:20.291,1.2885,1.28855,1.00,2.32
2017.08.17 15:19:20.343,1.28852,1.28855,1.00,1.47
2017.08.17 15:19:20.498,1.28854,1.28858,1.00,1.95
2017.08.17 15:19:21.012,1.28855,1.28859,1.00,2.62
2017.08.17 15:19:22.117,1.28856,1.28859,1.00,1.12
2017.08.17 15:19:22.174,1.28854,1.28859,1.50,1.12
2017.08.17 15:19:22.964,1.28854,1.28859,1.50,1.37
2017.08.17 15:19:25.696,1.28857,1.28859,1.00,1.00
2017.08.17 15:19:26.003,1.28859,1.2886,1.00,1.00
2017.08.17 15:19:26.055,1.28859,1.28863,1.00,2.25
2017.08.17 15:19:26.157,1.28858,1.28863,1.00,1.87
2017.08.17 15:19:26.260,1.28858,1.28863,1.00,3.00
2017.08.17 15:19:26.828,1.2886,1.28863,1.00,1.87
2017.08.17 15:19:26.880,1.28861,1.28864,1.50,1.37
2017.08.17 15:19:26.983,1.28864,1.28867,1.00,3.00
2017.08.17 15:19:27.547,1.28862,1.28869,1.87,3.82
2017.08.17 15:19:27.783,1.28864,1.28869,1.00,3.82
2017.08.17 15:19:28.039,1.28864,1.28869,1.00,2.62
2017.08.17 15:19:31.076,1.28864,1.28868,1.00,3.00
2017.08.17 15:19:31.178,1.28862,1.28868,1.00,3.82
2017.08.17 15:19:31.741,1.28859,1.28864,1.12,2.06
2017.08.17 15:19:32.053,1.28858,1.28862,1.00,1.37
2017.08.17 15:19:32.615,1.28856,1.28861,1.50,1.00
2017.08.17 15:19:33.135,1.28856,1.28861,1.50,2.25
2017.08.17 15:19:38.147,1.28856,1.2886,1.00,1.37
2017.08.17 15:19:41.130,1.28856,1.28861,1.50,1.50
2017.08.17 15:19:42.210,1.28856,1.28861,1.87,1.75
2017.08.17 15:19:45.382,1.28856,1.28861,1.50,1.50
2017.08.17 15:19:45.954,1.28857,1.28861,1.00,2.25
2017.08.17 15:19:47.393,1.28857,1.2886,1.00,1.12
2017.08.17 15:19:49.445,1.28857,1.28859,1.00,1.00
2017.08.17 15:19:50.448,1.28857,1.2886,1.00,2.25
2017.08.17 15:19:51.542,1.28856,1.2886,1.50,2.62
2017.08.17 15:19:52.454,1.28857,1.2886,1.00,2.62
2017.08.17 15:19:53.413,1.28857,1.2886,1.00,2.62
2017.08.17 15:19:55.418,1.28858,1.2886,1.00,1.37
2017.08.17 15:19:55.521,1.28859,1.28863,1.12,5.81
2017.08.17 15:19:55.573,1.28861,1.28866,1.00,1.95
2017.08.17 15:19:55.626,1.28864,1.28866,1.00,1.00
2017.08.17 15:19:56.142,1.28864,1.28868,1.00,1.37
2017.08.17 15:20:00.226,1.28863,1.28869,1.00,3.45
2017.08.17 15:20:00.532,1.28863,1.28867,1.00,3.75
2017.08.17 15:20:00.634,1.28861,1.28865,1.00,1.00
2017.08.17 15:20:01.991,1.28863,1.28866,1.00,1.00
2017.08.17 15:20:02.205,1.28863,1.28868,1.00,2.32
2017.08.17 15:20:02.787,1.28863,1.28866,1.00,1.87
2017.08.17 15:20:02.941,1.28863,1.28867,1.50,1.00
2017.08.17 15:20:03.096,1.28865,1.28869,1.00,4.20
2017.08.17 15:20:04.275,1.28864,1.28868,1.00,1.20
2017.08.17 15:20:04.796,1.28863,1.28869,1.12,4.57
2017.08.17 15:20:05.428,1.28861,1.28868,1.50,2.70
2017.08.17 15:20:05.583,1.28863,1.28868,1.00,2.25
2017.08.17 15:20:06.824,1.28861,1.28868,1.87,1.20
2017.08.17 15:20:08.057,1.2886,1.28868,3.00,1.95
2017.08.17 15:20:09.966,1.28861,1.28868,1.12,1.95
2017.08.17 15:20:10.959,1.28861,1.28868,1.50,1.85
2017.08.17 15:20:11.469,1.28862,1.28867,1.00,1.00
2017.08.17 15:20:14.495,1.28862,1.28868,1.87,1.10
2017.08.17 15:20:15.034,1.28863,1.2887,1.12,2.62
2017.08.17 15:20:15.548,1.28863,1.2887,1.50,2.62
2017.08.17 15:20:16.382,1.28863,1.2887,2.25,2.25
2017.08.17 15:20:17.480,1.28863,1.28871,1.00,3.82
2017.08.17 15:20:18.002,1.28863,1.28871,1.87,3.82
2017.08.17 15:20:18.512,1.28863,1.28871,4.12,2.32
2017.08.17 15:20:19.390,1.28863,1.28871,1.87,3.45
2017.08.17 15:20:20.132,1.28863,1.2887,1.87,4.20
2017.08.17 15:20:21.425,1.28863,1.2887,1.50,3.82
2017.08.17 15:20:21.990,1.28864,1.2887,1.00,2.25
2017.08.17 15:20:22.508,1.28864,1.28871,1.00,1.95
2017.08.17 15:20:23.309,1.28868,1.28869,1.00,1.00
2017.08.17 15:20:23.361,1.28869,1.28872,1.00,1.87
2017.08.17 15:20:23.413,1.28869,1.28876,1.12,1.82
2017.08.17 15:20:23.549,1.28871,1.28876,1.37,1.00
2017.08.17 15:20:24.060,1.28873,1.28878,1.00,1.12
2017.08.17 15:20:24.576,1.28871,1.2888,4.12,5.51
2017.08.17 15:20:24.989,1.28873,1.28879,1.00,1.37
2017.08.17 15:20:28.374,1.28872,1.28878,1.87,1.10
2017.08.17 15:20:29.455,1.28872,1.28878,1.50,1.37
2017.08.17 15:20:30.073,1.28872,1.28878,1.87,2.62
2017.08.17 15:20:30.895,1.28873,1.28877,1.00,1.95
2017.08.17 15:20:31.105,1.28871,1.28878,1.00,4.20
2017.08.17 15:20:31.616,1.28871,1.28876,1.00,1.47
2017.08.17 15:20:32.128,1.28872,1.28879,1.12,3.82
2017.08.17 15:20:32.731,1.28872,1.28878,1.12,1.87
2017.08.17 15:20:33.586,1.28871,1.28877,1.87,1.37
2017.08.17 15:20:35.913,1.2887,1.28876,1.87,1.00
2017.08.17 15:20:37.118,1.2887,1.28876,2.62,1.87
2017.08.17 15:20:37.657,1.28868,1.28873,1.75,2.32
2017.08.17 15:20:37.709,1.28868,1.28872,1.00,1.00
2017.08.17 15:20:37.811,1.28866,1.28872,1.50,1.00
2017.08.17 15:20:38.122,1.28864,1.2887,4.50,2.25
2017.08.17 15:20:38.224,1.28864,1.2887,2.25,3.45
2017.08.17 15:20:39.086,1.28863,1.28871,2.25,2.70
2017.08.17 15:20:42.201,1.28863,1.2887,1.87,2.32
2017.08.17 15:20:44.106,1.28863,1.28871,2.00,2.25
2017.08.17 15:20:45.155,1.28864,1.28872,1.31,2.62
2017.08.17 15:20:46.090,1.28864,1.28871,1.00,2.25
2017.08.17 15:20:47.015,1.28863,1.28869,1.50,1.50
2017.08.17 15:20:47.169,1.28862,1.28868,1.12,2.25
2017.08.17 15:20:47.829,1.28863,1.2887,1.00,3.37
2017.08.17 15:20:48.340,1.28863,1.28871,4.12,1.47
2017.08.17 15:20:48.392,1.28866,1.28872,1.00,3.07
2017.08.17 15:20:48.698,1.28866,1.28872,1.75,2.25
2017.08.17 15:20:49.412,1.28866,1.28872,1.75,2.25
2017.08.17 15:20:49.463,1.28866,1.28872,1.00,2.25
2017.08.17 15:20:50.091,1.28864,1.28872,2.25,2.62
2017.08.17 15:20:50.599,1.28864,1.28871,1.50,2.62
2017.08.17 15:20:52.277,1.28866,1.28872,1.00,2.62
2017.08.17 15:20:52.328,1.28864,1.28872,2.25,2.62
2017.08.17 15:20:52.867,1.28865,1.28872,1.00,2.62
2017.08.17 15:20:56.199,1.28864,1.28871,1.12,1.37
2017.08.17 15:20:56.723,1.28863,1.2887,1.12,1.87
2017.08.17 15:20:57.255,1.28863,1.2887,1.12,2.25
2017.08.17 15:20:57.848,1.28863,1.2887,1.12,1.87
2017.08.17 15:20:58.429,1.28863,1.2887,1.50,2.25
2017.08.17 15:20:59.404,1.28863,1.2887,1.12,2.25
2017.08.17 15:21:00.669,1.28862,1.28869,1.12,1.50
2017.08.17 15:21:02.089,1.28862,1.28869,3.00,1.37
2017.08.17 15:21:02.611,1.28863,1.2887,1.00,1.75
2017.08.17 15:21:03.603,1.28862,1.2887,4.12,1.50
2017.08.17 15:21:04.929,1.28862,1.28871,3.19,2.70
2017.08.17 15:21:05.082,1.28862,1.28871,2.81,2.70
2017.08.17 15:21:05.879,1.28863,1.28871,1.00,2.70
2017.08.17 15:21:06.413,1.28863,1.28871,3.37,2.62
2017.08.17 15:21:06.923,1.28865,1.28871,1.12,2.62
2017.08.17 15:21:07.844,1.28865,1.28872,1.87,1.37
2017.08.17 15:21:08.001,1.28868,1.28874,1.00,3.37
2017.08.17 15:21:08.312,1.28872,1.28878,1.50,1.50
2017.08.17 15:21:08.512,1.28872,1.28878,6.00,1.00
2017.08.17 15:21:12.514,1.28872,1.28878,1.37,1.37
2017.08.17 15:21:13.726,1.28871,1.28878,3.37,1.00
2017.08.17 15:21:15.785,1.28871,1.28878,3.75,1.37
2017.08.17 15:21:16.349,1.28871,1.28875,3.75,1.87
2017.08.17 15:21:16.401,1.28869,1.28874,1.00,5.25
2017.08.17 15:21:16.681,1.28864,1.28871,1.50,1.87
2017.08.17 15:21:18.391,1.28864,1.28871,1.50,2.62
2017.08.17 15:21:19.186,1.28865,1.28871,1.87,1.37
2017.08.17 15:21:22.459,1.28864,1.2887,3.37,1.00
2017.08.17 15:21:23.005,1.28864,1.28871,3.00,1.12
2017.08.17 15:21:23.592,1.28863,1.28869,2.62,1.00
2017.08.17 15:21:23.695,1.28865,1.28872,4.50,1.12
2017.08.17 15:21:23.798,1.28867,1.28875,1.69,1.37
2017.08.17 15:21:23.901,1.2887,1.28877,1.87,1.37
2017.08.17 15:21:23.952,1.2887,1.28878,2.62,2.32
2017.08.17 15:21:24.471,1.28872,1.28878,1.00,1.87
2017.08.17 15:21:26.993,1.28872,1.28878,1.50,1.37
2017.08.17 15:21:27.994,1.28873,1.28878,1.00,1.50
2017.08.17 15:21:29.491,1.28873,1.28878,1.00,1.37
2017.08.17 15:21:30.018,1.28872,1.28878,1.00,1.00
2017.08.17 15:21:31.107,1.28873,1.28878,1.00,1.00
2017.08.17 15:21:34.503,1.28872,1.28879,1.50,1.37
2017.08.17 15:21:35.758,1.28872,1.28879,1.50,1.37
2017.08.17 15:21:36.413,1.28872,1.28879,1.50,1.37
2017.08.17 15:21:36.721,1.28873,1.28874,1.00,1.87
2017.08.17 15:21:36.773,1.28868,1.28874,1.12,2.25
2017.08.17 15:21:36.825,1.28867,1.28874,1.69,3.56
2017.08.17 15:21:39.410,1.28866,1.28873,3.75,1.00
2017.08.17 15:21:39.614,1.28867,1.28875,2.25,1.50
2017.08.17 15:21:40.336,1.28869,1.28876,1.50,1.50
2017.08.17 15:21:40.439,1.2887,1.28878,3.75,1.12
2017.08.17 15:21:42.192,1.28871,1.28879,1.87,1.00
2017.08.17 15:21:42.790,1.28871,1.2888,1.37,4.76
2017.08.17 15:21:44.252,1.28871,1.28878,1.12,1.00
2017.08.17 15:21:44.770,1.28872,1.28879,1.00,1.56
2017.08.17 15:21:45.505,1.28872,1.28879,1.00,1.37
2017.08.17 15:21:46.667,1.28872,1.2888,2.25,2.62
2017.08.17 15:21:47.178,1.28873,1.2888,2.25,1.12
2017.08.17 15:21:47.331,1.28873,1.28879,2.25,1.00
2017.08.17 15:21:47.964,1.28873,1.2888,1.50,1.50
2017.08.17 15:21:48.375,1.28877,1.2888,1.00,1.87
2017.08.17 15:21:48.528,1.28874,1.2888,1.87,1.87
2017.08.17 15:21:49.014,1.28879,1.28882,2.25,1.37
2017.08.17 15:21:49.117,1.28881,1.28887,1.50,1.57
2017.08.17 15:21:49.656,1.28881,1.28888,2.25,1.37
2017.08.17 15:21:50.276,1.28883,1.28888,1.00,1.87
2017.08.17 15:21:50.702,1.28882,1.28886,1.00,2.62
2017.08.17 15:21:50.805,1.28878,1.28882,1.37,1.00
2017.08.17 15:21:50.977,1.28875,1.28882,1.37,1.12
2017.08.17 15:21:51.131,1.28874,1.2888,4.87,1.37
2017.08.17 15:21:51.720,1.28874,1.2888,1.87,1.37
2017.08.17 15:21:52.234,1.28874,1.2888,1.50,1.00
2017.08.17 15:21:52.810,1.28873,1.2888,1.87,1.00
2017.08.17 15:21:53.117,1.28881,1.28889,3.75,2.81
2017.08.17 15:21:53.169,1.28882,1.28889,3.00,1.87
2017.08.17 15:21:53.220,1.28884,1.28889,5.81,1.37
2017.08.17 15:21:53.272,1.28885,1.28891,1.87,1.50
2017.08.17 15:21:53.323,1.28885,1.28891,2.25,1.50
2017.08.17 15:21:53.375,1.28885,1.28891,2.62,1.50
2017.08.17 15:21:53.528,1.28886,1.28891,1.69,1.50
2017.08.17 15:21:53.631,1.28886,1.28893,1.69,2.62
2017.08.17 15:21:53.836,1.28888,1.28893,1.12,1.20
2017.08.17 15:21:54.041,1.28885,1.28891,2.06,1.00
2017.08.17 15:21:54.093,1.28885,1.28891,1.12,1.00
2017.08.17 15:21:55.110,1.28888,1.28891,1.00,1.00
2017.08.17 15:21:55.212,1.28885,1.28891,1.12,2.25
2017.08.17 15:21:55.735,1.28885,1.2889,1.12,1.50
2017.08.17 15:21:56.261,1.28885,1.28891,1.12,1.00
2017.08.17 15:21:59.044,1.28885,1.28891,1.12,1.50
2017.08.17 15:22:00.169,1.28884,1.28889,1.00,1.50
2017.08.17 15:22:00.680,1.28883,1.2889,1.50,2.25
2017.08.17 15:22:00.784,1.28883,1.2889,3.00,3.75
2017.08.17 15:22:01.307,1.28883,1.28889,3.00,1.87
2017.08.17 15:22:01.819,1.28884,1.2889,1.00,4.72
2017.08.17 15:22:02.197,1.28881,1.28888,3.00,1.37
2017.08.17 15:22:02.724,1.28881,1.28889,2.62,1.47
2017.08.17 15:22:03.364,1.28881,1.28887,2.62,1.00
2017.08.17 15:22:04.032,1.28881,1.28889,2.62,4.57
2017.08.17 15:22:04.517,1.2888,1.28884,1.37,1.69
2017.08.17 15:22:04.825,1.28872,1.28878,2.62,2.62
2017.08.17 15:22:05.338,1.28872,1.28877,2.25,1.00
2017.08.17 15:22:05.844,1.2887,1.28877,2.25,1.12
2017.08.17 15:22:06.355,1.28872,1.28879,1.87,1.87
2017.08.17 15:22:06.932,1.28872,1.28878,1.87,1.00
2017.08.17 15:22:08.426,1.28872,1.28879,1.87,3.00
2017.08.17 15:22:09.087,1.28872,1.28879,1.87,1.87
2017.08.17 15:22:10.729,1.28872,1.28879,1.87,1.50
2017.08.17 15:22:16.336,1.28872,1.28879,2.25,1.87
2017.08.17 15:22:17.305,1.28872,1.28879,2.25,1.50
2017.08.17 15:22:18.920,1.28874,1.28879,1.50,1.50
2017.08.17 15:22:22.774,1.28874,1.28879,1.50,1.87
2017.08.17 15:22:26.834,1.28874,1.28879,1.50,1.12
2017.08.17 15:22:27.786,1.28874,1.28879,1.87,1.50
2017.08.17 15:22:30.609,1.28876,1.28881,1.00,1.12
2017.08.17 15:22:30.661,1.28876,1.28883,1.50,4.87
2017.08.17 15:22:31.187,1.28876,1.28882,1.12,1.50
2017.08.17 15:22:31.239,1.28873,1.2888,4.50,1.87
2017.08.17 15:22:31.750,1.28873,1.28881,2.25,4.50
2017.08.17 15:22:32.377,1.28873,1.28881,1.50,4.50
2017.08.17 15:22:33.429,1.28873,1.28881,1.00,5.25
2017.08.17 15:22:33.971,1.28873,1.2888,1.00,1.00
2017.08.17 15:22:37.153,1.28873,1.28881,2.25,5.25
2017.08.17 15:22:39.146,1.28873,1.28881,2.25,4.87
2017.08.17 15:22:39.500,1.28877,1.28881,1.00,1.95
2017.08.17 15:22:40.206,1.28877,1.28879,1.00,2.25
2017.08.17 15:22:40.308,1.28873,1.28876,1.00,2.62
2017.08.17 15:22:40.676,1.28875,1.28879,1.00,3.82
2017.08.17 15:22:41.203,1.28876,1.28879,1.00,3.45
2017.08.17 15:22:41.750,1.28876,1.28879,1.00,1.37
2017.08.17 15:22:43.331,1.28881,1.28886,1.00,2.40
2017.08.17 15:22:43.383,1.28883,1.28886,1.00,1.50
2017.08.17 15:22:43.690,1.28886,1.28889,1.00,1.50
2017.08.17 15:22:44.720,1.28886,1.28889,1.00,2.62
2017.08.17 15:22:45.230,1.28885,1.28888,1.00,2.25
2017.08.17 15:22:45.538,1.28881,1.28882,1.00,1.50
2017.08.17 15:22:46.045,1.2888,1.28884,1.00,1.47
2017.08.17 15:22:47.058,1.28883,1.28886,1.00,1.95
2017.08.17 15:22:47.213,1.28882,1.28886,1.00,1.87
2017.08.17 15:22:47.266,1.28883,1.28886,1.00,1.37
2017.08.17 15:22:47.596,1.28884,1.28887,1.00,1.87
2017.08.17 15:22:48.261,1.28885,1.28888,1.00,1.87
2017.08.17 15:22:48.313,1.28886,1.28889,1.00,1.00
2017.08.17 15:22:48.364,1.28887,1.28889,1.00,1.00
2017.08.17 15:22:48.829,1.28886,1.28889,1.00,3.75
2017.08.17 15:22:49.040,1.28883,1.28887,1.00,1.00
2017.08.17 15:22:49.520,1.28885,1.28889,1.00,4.69
2017.08.17 15:22:50.069,1.28886,1.28888,1.00,2.62
2017.08.17 15:22:50.612,1.28885,1.28888,1.00,1.37
2017.08.17 15:22:51.125,1.28884,1.28887,1.00,1.00
2017.08.17 15:22:52.027,1.28885,1.28888,1.00,3.00
2017.08.17 15:22:52.538,1.28886,1.28888,1.00,2.25
2017.08.17 15:22:53.049,1.28885,1.28888,1.00,2.25
2017.08.17 15:22:53.906,1.28885,1.28889,1.00,3.45
2017.08.17 15:22:54.417,1.28883,1.28887,1.00,2.25
2017.08.17 15:22:54.671,1.28885,1.28889,1.00,2.70
2017.08.17 15:22:54.927,1.28883,1.28887,1.00,1.00
2017.08.17 15:22:55.030,1.28885,1.28888,1.00,2.25
2017.08.17 15:22:55.081,1.28884,1.28888,1.00,2.25
2017.08.17 15:22:55.593,1.28885,1.28889,1.00,3.00
2017.08.17 15:22:56.006,1.28883,1.28886,1.00,3.75
2017.08.17 15:22:56.109,1.28881,1.28885,1.00,2.62
2017.08.17 15:22:56.213,1.28878,1.28881,1.00,1.87
2017.08.17 15:22:56.725,1.28878,1.28881,1.00,2.62
2017.08.17 15:22:57.235,1.28877,1.28881,1.00,2.62
2017.08.17 15:22:59.464,1.28876,1.2888,1.00,2.25
2017.08.17 15:23:00.034,1.28876,1.28881,1.00,5.14
2017.08.17 15:23:00.678,1.28872,1.28879,1.87,1.00
2017.08.17 15:23:01.227,1.28873,1.28879,1.12,1.62
2017.08.17 15:23:02.088,1.28873,1.28879,1.00,1.31
2017.08.17 15:23:03.315,1.28873,1.28881,1.12,4.50
2017.08.17 15:23:04.329,1.28873,1.28881,1.50,3.07
2017.08.17 15:23:05.368,1.28873,1.28881,1.50,3.07
2017.08.17 15:23:12.324,1.28874,1.2888,1.00,1.37
2017.08.17 15:23:23.483,1.28874,1.2888,1.00,2.62
2017.08.17 15:23:24.024,1.28874,1.2888,1.00,2.32
2017.08.17 15:23:26.102,1.28873,1.2888,1.50,4.57
2017.08.17 15:23:26.698,1.28873,1.2888,1.87,4.20
2017.08.17 15:23:26.801,1.28873,1.2888,1.87,4.50
2017.08.17 15:23:27.783,1.28873,1.2888,1.00,4.50
2017.08.17 15:23:29.341,1.28872,1.28878,1.12,1.00
2017.08.17 15:23:31.825,1.28872,1.28879,1.00,1.75
2017.08.17 15:23:32.339,1.28873,1.28879,1.00,1.75
2017.08.17 15:23:32.885,1.28872,1.28879,1.00,1.57
2017.08.17 15:23:36.789,1.28872,1.28879,1.12,1.75
2017.08.17 15:23:38.739,1.28873,1.28878,1.00,1.12
2017.08.17 15:23:38.842,1.28872,1.28879,1.00,1.87
2017.08.17 15:23:39.989,1.28872,1.28879,1.50,1.87
2017.08.17 15:23:40.499,1.28873,1.28879,1.00,3.00
2017.08.17 15:23:40.603,1.28875,1.2888,1.50,3.82
2017.08.17 15:23:40.801,1.28879,1.28883,1.00,1.00
2017.08.17 15:23:40.852,1.28879,1.28885,1.00,1.87
2017.08.17 15:23:40.957,1.28881,1.28888,1.87,2.70
2017.08.17 15:23:41.009,1.28881,1.28888,2.25,1.37
2017.08.17 15:23:41.417,1.28883,1.28889,1.00,1.87
2017.08.17 15:23:41.778,1.28883,1.28891,2.25,3.37
2017.08.17 15:23:42.316,1.28884,1.28891,1.37,3.37
2017.08.17 15:23:42.419,1.28883,1.2889,1.87,1.87
2017.08.17 15:23:43.364,1.28883,1.28889,1.00,1.50
2017.08.17 15:23:45.974,1.28882,1.28888,2.25,1.00
2017.08.17 15:23:46.477,1.28882,1.28888,2.25,1.37
2017.08.17 15:23:47.456,1.28882,1.28888,1.50,2.25
2017.08.17 15:23:49.204,1.28882,1.28889,2.25,3.00
2017.08.17 15:23:49.738,1.28882,1.28889,2.25,1.37
2017.08.17 15:23:50.368,1.28882,1.28889,3.37,1.37
2017.08.17 15:23:50.877,1.28883,1.28891,2.62,3.37
2017.08.17 15:23:51.441,1.28883,1.28891,3.37,3.37
2017.08.17 15:23:51.982,1.28882,1.28888,3.00,1.12
2017.08.17 15:23:52.551,1.28883,1.28887,1.00,1.50
2017.08.17 15:23:53.069,1.28882,1.28888,1.12,2.62
2017.08.17 15:23:53.582,1.28883,1.28887,1.00,1.50
2017.08.17 15:23:54.128,1.28882,1.28888,1.12,1.00
2017.08.17 15:23:54.646,1.28883,1.28889,1.50,1.12
2017.08.17 15:23:55.171,1.28883,1.28889,1.00,1.12
2017.08.17 15:23:56.046,1.28882,1.28889,1.00,3.37
2017.08.17 15:23:57.054,1.28882,1.28889,1.50,3.37
2017.08.17 15:23:58.902,1.28883,1.28888,1.00,1.00
2017.08.17 15:24:00.404,1.28882,1.28889,2.25,2.62
2017.08.17 15:24:00.813,1.28883,1.28887,1.00,1.87
2017.08.17 15:24:01.327,1.28882,1.28888,1.12,3.00
2017.08.17 15:24:06.827,1.28882,1.28888,1.50,1.87
2017.08.17 15:24:08.089,1.28882,1.28888,1.12,1.87
2017.08.17 15:24:08.761,1.28883,1.28888,1.00,3.75
2017.08.17 15:24:09.676,1.28882,1.28888,1.12,2.25
2017.08.17 15:24:10.381,1.28883,1.28888,1.00,3.75
2017.08.17 15:24:10.888,1.28882,1.28888,1.12,2.25
2017.08.17 15:24:14.089,1.28883,1.28888,1.00,3.75
2017.08.17 15:24:14.446,1.28879,1.28884,2.62,4.87
2017.08.17 15:24:14.498,1.28879,1.28883,1.12,4.57
2017.08.17 15:24:14.550,1.28876,1.28882,4.50,3.37
2017.08.17 15:24:14.602,1.28875,1.2888,4.50,3.19
2017.08.17 15:24:15.062,1.28877,1.28879,1.00,1.12
2017.08.17 15:24:15.959,1.28884,1.28887,1.00,8.32
2017.08.17 15:24:16.012,1.28885,1.28888,1.00,1.95
2017.08.17 15:24:16.266,1.28887,1.2889,1.00,3.00
2017.08.17 15:24:16.419,1.28885,1.2889,1.12,1.00
2017.08.17 15:24:16.754,1.28885,1.28888,5.62,1.50
2017.08.17 15:24:17.290,1.28885,1.28889,10.87,1.50
2017.08.17 15:24:17.444,1.28883,1.28889,13.12,1.87
2017.08.17 15:24:17.701,1.28888,1.2889,1.00,3.00
2017.08.17 15:24:18.061,1.28883,1.28889,16.87,6.00
2017.08.17 15:24:18.607,1.28883,1.28888,24.37,1.50
2017.08.17 15:24:20.148,1.28883,1.2889,40.12,3.07
2017.08.17 15:24:20.199,1.28887,1.2889,1.00,3.07
2017.08.17 15:24:20.252,1.28883,1.28889,41.62,1.87
2017.08.17 15:24:21.843,1.28887,1.2889,1.00,2.25
2017.08.17 15:24:23.586,1.28883,1.28889,57.37,1.87
2017.08.17 15:24:24.101,1.28888,1.2889,1.00,2.25
2017.08.17 15:24:24.605,1.28887,1.28889,1.00,1.50
2017.08.17 15:24:25.122,1.28888,1.2889,1.00,33.75
2017.08.17 15:24:27.235,1.28884,1.28888,1.12,1.50
2017.08.17 15:24:29.138,1.28885,1.28888,21.37,1.50
2017.08.17 15:24:29.337,1.28887,1.28888,1.00,1.50
2017.08.17 15:24:29.839,1.28887,1.28889,1.00,1.87
2017.08.17 15:24:30.414,1.28887,1.28889,1.00,1.87
2017.08.17 15:24:30.977,1.28887,1.28889,1.00,1.87
2017.08.17 15:24:31.502,1.28887,1.28889,1.00,1.87
2017.08.17 15:24:32.826,1.28885,1.28891,1.00,1.50
2017.08.17 15:24:32.980,1.28886,1.28891,1.87,1.00
2017.08.17 15:24:33.032,1.28889,1.28891,1.00,1.00
2017.08.17 15:24:33.135,1.28888,1.2889,1.00,1.50
2017.08.17 15:24:33.187,1.28888,1.28891,1.00,2.25
2017.08.17 15:24:33.238,1.28888,1.28891,1.00,1.12
2017.08.17 15:24:33.392,1.28889,1.28891,1.00,1.87
2017.08.17 15:24:33.598,1.28884,1.28892,6.56,2.25
2017.08.17 15:24:34.168,1.28885,1.28892,8.32,1.87
2017.08.17 15:24:34.628,1.2889,1.28892,1.00,2.25
2017.08.17 15:24:36.401,1.28887,1.28892,1.00,1.87
2017.08.17 15:24:36.503,1.28891,1.28893,1.00,6.00
2017.08.17 15:24:37.013,1.2889,1.28893,1.00,1.87
2017.08.17 15:24:37.525,1.28891,1.28893,1.00,4.50
2017.08.17 15:24:38.324,1.2889,1.28893,1.00,1.87
2017.08.17 15:24:38.426,1.28888,1.28892,1.00,3.56
2017.08.17 15:24:38.529,1.28889,1.28891,1.00,1.87
2017.08.17 15:24:38.734,1.28885,1.28892,3.75,4.69
2017.08.17 15:24:39.033,1.2889,1.28892,1.00,4.50
2017.08.17 15:24:39.959,1.2889,1.28892,1.00,3.37
2017.08.17 15:24:40.062,1.28888,1.28893,1.00,1.37
2017.08.17 15:24:40.322,1.28891,1.28893,1.00,1.12
2017.08.17 15:24:40.833,1.28891,1.28894,1.00,2.62
2017.08.17 15:24:41.999,1.28891,1.28893,1.00,1.87
2017.08.17 15:24:42.681,1.2889,1.28892,1.00,1.50
2017.08.17 15:24:43.190,1.2889,1.28892,1.00,1.87
2017.08.17 15:24:44.024,1.2889,1.28892,1.00,1.50
2017.08.17 15:24:44.526,1.2889,1.28893,1.00,1.87
2017.08.17 15:24:45.054,1.2889,1.28892,1.00,1.87
2017.08.17 15:24:45.310,1.28889,1.28893,1.00,2.62
2017.08.17 15:24:45.554,1.28888,1.28893,1.00,3.37
2017.08.17 15:24:45.708,1.28887,1.28893,1.00,3.45
2017.08.17 15:24:45.864,1.28891,1.28892,1.00,1.31
2017.08.17 15:24:45.917,1.28888,1.28895,1.12,1.12
2017.08.17 15:24:45.969,1.28893,1.28896,1.00,4.31
2017.08.17 15:24:46.074,1.28889,1.28895,1.12,1.87
2017.08.17 15:24:46.229,1.28892,1.28897,1.00,2.25
2017.08.17 15:24:47.934,1.28895,1.28897,1.00,2.25
2017.08.17 15:24:48.449,1.28894,1.28897,1.00,1.87
2017.08.17 15:24:48.914,1.28887,1.28894,4.12,1.37
2017.08.17 15:24:49.327,1.28891,1.28894,1.00,2.62
2017.08.17 15:24:50.291,1.28891,1.28893,1.00,1.37
2017.08.17 15:24:50.604,1.28887,1.28894,1.50,2.25
2017.08.17 15:24:50.656,1.28892,1.28894,1.00,1.00
2017.08.17 15:24:51.165,1.28892,1.28894,1.00,1.37
2017.08.17 15:24:52.720,1.28892,1.28894,1.00,1.00
2017.08.17 15:24:53.170,1.28891,1.28893,1.00,10.87
2017.08.17 15:24:53.277,1.28889,1.28894,1.00,1.75
2017.08.17 15:24:53.430,1.28888,1.28891,1.00,1.75
2017.08.17 15:24:53.533,1.28887,1.28893,2.62,1.12
2017.08.17 15:24:53.585,1.28887,1.28894,3.37,1.87
2017.08.17 15:24:53.636,1.28893,1.28894,1.00,1.87
2017.08.17 15:24:53.688,1.28891,1.28897,1.00,1.01
2017.08.17 15:24:53.791,1.28895,1.28898,1.00,3.07
2017.08.17 15:24:54.213,1.28891,1.28898,1.12,1.20
2017.08.17 15:24:54.315,1.28896,1.28898,1.00,1.57
2017.08.17 15:24:54.978,1.28896,1.28899,1.00,3.00
2017.08.17 15:24:55.295,1.28896,1.28899,1.00,5.25
2017.08.17 15:24:56.267,1.28896,1.28899,1.00,4.87
2017.08.17 15:24:57.619,1.28894,1.28898,1.00,4.12
2017.08.17 15:24:57.722,1.28895,1.28898,1.00,3.75
2017.08.17 15:24:58.234,1.28895,1.28898,1.00,1.37
2017.08.17 15:25:00.072,1.28893,1.28897,1.00,1.00
2017.08.17 15:25:00.226,1.28894,1.28897,1.00,1.50
2017.08.17 15:25:00.329,1.28894,1.28897,1.00,1.12
2017.08.17 15:25:00.834,1.28894,1.28897,1.00,1.69
2017.08.17 15:25:01.216,1.28892,1.28895,1.00,2.25
2017.08.17 15:25:01.268,1.28888,1.28893,1.57,2.25
2017.08.17 15:25:01.320,1.28891,1.28892,1.00,1.00
2017.08.17 15:25:01.371,1.28888,1.28893,1.00,1.87
2017.08.17 15:25:01.424,1.28891,1.28893,1.00,3.00
2017.08.17 15:25:01.476,1.2889,1.28893,1.00,4.50
2017.08.17 15:25:01.528,1.28887,1.28893,1.00,6.56
2017.08.17 15:25:01.579,1.28885,1.28892,1.87,1.62
2017.08.17 15:25:01.631,1.28889,1.28892,1.00,3.75
2017.08.17 15:25:02.578,1.28889,1.28892,1.00,1.87
2017.08.17 15:25:03.131,1.28889,1.28892,1.00,1.87
2017.08.17 15:25:04.016,1.28889,1.28892,1.00,2.25
2017.08.17 15:25:05.122,1.2889,1.28892,1.00,2.25
2017.08.17 15:25:05.669,1.2889,1.28892,1.00,2.25
2017.08.17 15:25:06.200,1.2889,1.28892,1.00,1.50
2017.08.17 15:25:07.423,1.2889,1.28893,1.00,3.75
2017.08.17 15:25:07.934,1.2889,1.28893,1.00,4.12
2017.08.17 15:25:08.781,1.2889,1.28893,1.00,4.20
2017.08.17 15:25:09.964,1.28889,1.28893,1.00,4.50
2017.08.17 15:25:11.085,1.28885,1.28893,2.62,2.19
2017.08.17 15:25:11.138,1.2889,1.28893,1.00,2.25
2017.08.17 15:25:11.292,1.2889,1.28896,2.62,1.37
2017.08.17 15:25:11.634,1.28895,1.28897,1.00,1.50
2017.08.17 15:25:12.440,1.28895,1.28897,1.00,2.25
2017.08.17 15:25:13.262,1.28893,1.289,2.25,2.89
2017.08.17 15:25:13.315,1.28895,1.289,1.87,2.06
2017.08.17 15:25:13.367,1.28897,1.28901,1.87,1.50
2017.08.17 15:25:13.532,1.289,1.28904,1.00,2.62
2017.08.17 15:25:13.586,1.289,1.28904,1.00,2.62
2017.08.17 15:25:14.002,1.28902,1.28904,1.00,1.00
2017.08.17 15:25:14.054,1.28898,1.28905,2.62,1.37
2017.08.17 15:25:14.106,1.28904,1.28905,1.00,1.00
2017.08.17 15:25:14.264,1.28901,1.28906,1.50,1.50
2017.08.17 15:25:14.367,1.28902,1.28905,1.00,1.00
2017.08.17 15:25:14.740,1.28904,1.28908,1.00,3.19
2017.08.17 15:25:15.558,1.28901,1.28905,1.50,24.37
2017.08.17 15:25:16.765,1.28901,1.28907,1.12,1.00
2017.08.17 15:25:17.237,1.28899,1.28905,1.87,1.87
2017.08.17 15:25:17.547,1.28893,1.28901,3.00,1.87
2017.08.17 15:25:17.700,1.28893,1.28901,1.50,4.87
2017.08.17 15:25:18.263,1.28893,1.289,1.50,1.50
2017.08.17 15:25:18.841,1.28893,1.289,1.50,2.44
2017.08.17 15:25:21.099,1.28892,1.289,3.00,1.87
2017.08.17 15:25:21.631,1.28892,1.289,3.00,1.87
2017.08.17 15:25:22.505,1.28892,1.289,3.00,2.25
2017.08.17 15:25:23.499,1.28892,1.289,3.37,2.25
2017.08.17 15:25:24.032,1.28892,1.289,4.12,2.25
2017.08.17 15:25:24.543,1.28894,1.28901,1.00,2.25
2017.08.17 15:25:25.119,1.28892,1.28899,4.87,1.37
2017.08.17 15:25:25.630,1.28893,1.289,1.50,1.87
2017.08.17 15:25:26.142,1.28892,1.28899,3.00,1.37
2017.08.17 15:25:26.653,1.28892,1.289,2.62,3.37
2017.08.17 15:25:27.159,1.28893,1.28899,1.00,2.25
2017.08.17 15:25:29.662,1.28893,1.28899,1.12,1.00
2017.08.17 15:25:30.704,1.28893,1.28899,1.50,1.00
2017.08.17 15:25:31.721,1.28893,1.28899,1.12,1.50
2017.08.17 15:25:34.855,1.28893,1.28899,1.00,2.25
2017.08.17 15:25:35.960,1.28892,1.289,1.50,3.00
2017.08.17 15:25:36.476,1.28893,1.28901,1.00,4.12
2017.08.17 15:25:37.203,1.28893,1.28901,1.12,4.12
2017.08.17 15:25:38.363,1.28893,1.28901,3.37,3.75
2017.08.17 15:25:41.344,1.28893,1.289,1.87,3.75
2017.08.17 15:25:41.396,1.28892,1.289,2.25,1.87
2017.08.17 15:25:41.928,1.28893,1.28899,1.00,1.87
2017.08.17 15:25:42.448,1.28892,1.289,2.25,2.25
2017.08.17 15:25:42.754,1.28892,1.289,1.12,3.07
2017.08.17 15:25:43.845,1.28892,1.28901,2.25,3.26
2017.08.17 15:25:47.236,1.28893,1.28901,1.00,4.69
2017.08.17 15:25:47.749,1.28892,1.28901,2.62,3.00
2017.08.17 15:25:48.860,1.28892,1.289,1.87,1.57
2017.08.17 15:25:49.832,1.28892,1.289,1.87,3.82
2017.08.17 15:25:51.890,1.28892,1.28898,1.50,1.12
2017.08.17 15:25:53.193,1.28893,1.28899,1.12,1.00
2017.08.17 15:25:53.484,1.28892,1.289,3.75,1.50
2017.08.17 15:25:53.856,1.28893,1.289,1.00,1.87
2017.08.17 15:25:54.359,1.28893,1.289,1.00,1.50
2017.08.17 15:25:54.872,1.28893,1.289,1.00,1.87
2017.08.17 15:25:55.564,1.28892,1.289,3.00,1.37
2017.08.17 15:25:56.627,1.28893,1.289,1.50,1.37
2017.08.17 15:25:57.510,1.28892,1.289,2.62,1.37
2017.08.17 15:25:58.020,1.28893,1.289,1.00,2.00
2017.08.17 15:25:58.606,1.28892,1.28899,1.87,1.00
2017.08.17 15:25:59.117,1.28892,1.28899,2.25,1.00
2017.08.17 15:25:59.815,1.28892,1.28899,3.00,1.00
2017.08.17 15:26:00.651,1.28892,1.28901,3.75,3.37
2017.08.17 15:26:01.213,1.28892,1.28899,4.50,1.37
2017.08.17 15:26:01.953,1.28893,1.28899,1.00,1.00
2017.08.17 15:26:02.581,1.28892,1.28899,2.62,1.00
2017.08.17 15:26:03.090,1.28893,1.28899,1.00,1.00
2017.08.17 15:26:06.914,1.28892,1.28899,4.87,1.37
2017.08.17 15:26:07.455,1.28892,1.289,4.87,1.50
2017.08.17 15:26:09.355,1.28893,1.289,1.00,1.37
2017.08.17 15:26:09.888,1.28892,1.289,2.62,1.37
2017.08.17 15:26:10.507,1.28892,1.289,2.62,1.37
2017.08.17 15:26:11.065,1.28894,1.289,1.00,1.50
2017.08.17 15:26:12.594,1.28894,1.28899,1.12,1.37
2017.08.17 15:26:13.797,1.28892,1.289,4.50,1.37
2017.08.17 15:26:15.113,1.28892,1.28898,2.62,1.00
2017.08.17 15:26:20.440,1.28893,1.289,1.50,1.87
2017.08.17 15:26:20.987,1.28892,1.289,3.00,1.75
2017.08.17 15:26:22.404,1.28893,1.289,1.12,1.87
2017.08.17 15:26:24.042,1.28893,1.289,1.12,3.75
2017.08.17 15:26:27.186,1.28892,1.28899,2.25,1.00
2017.08.17 15:26:36.007,1.28893,1.289,1.12,3.00
2017.08.17 15:26:36.607,1.28893,1.28898,1.50,1.00
2017.08.17 15:26:37.457,1.28893,1.289,2.25,1.50
2017.08.17 15:26:39.111,1.28894,1.289,1.00,1.50
2017.08.17 15:26:39.623,1.28893,1.289,1.12,1.50
2017.08.17 15:26:40.163,1.28892,1.28898,3.00,1.00
2017.08.17 15:26:41.111,1.28893,1.28899,2.62,1.00
2017.08.17 15:26:42.124,1.28893,1.289,1.87,1.87
2017.08.17 15:26:43.257,1.28893,1.28899,2.25,1.00
2017.08.17 15:26:46.286,1.28893,1.289,1.87,1.37
2017.08.17 15:26:47.246,1.28893,1.289,2.25,1.37
2017.08.17 15:26:48.669,1.28895,1.28901,1.50,1.87
2017.08.17 15:26:48.720,1.28897,1.28902,1.50,1.87
2017.08.17 15:26:48.924,1.28897,1.28904,2.62,1.75
2017.08.17 15:26:49.437,1.28898,1.28903,1.00,1.12
2017.08.17 15:26:49.972,1.28898,1.28904,1.00,1.87
2017.08.17 15:26:50.485,1.28897,1.28904,2.62,1.87
2017.08.17 15:26:55.590,1.28897,1.28903,1.50,1.75
2017.08.17 15:26:57.561,1.28897,1.28902,1.00,1.75
2017.08.17 15:26:57.665,1.28895,1.289,1.00,1.50
2017.08.17 15:26:58.190,1.28893,1.289,1.50,3.37
2017.08.17 15:26:58.965,1.28893,1.289,1.87,3.37
2017.08.17 15:27:00.026,1.28893,1.289,1.50,3.37
2017.08.17 15:27:00.562,1.28893,1.289,1.50,3.37
2017.08.17 15:27:02.787,1.28892,1.28897,2.62,1.00
2017.08.17 15:27:05.952,1.28892,1.28898,1.00,3.00
2017.08.17 15:27:07.905,1.28893,1.28898,1.00,2.32
2017.08.17 15:27:08.394,1.28892,1.28895,1.50,2.62
2017.08.17 15:27:08.695,1.28883,1.28889,1.87,1.12
2017.08.17 15:27:10.266,1.28882,1.28888,1.87,1.37
2017.08.17 15:27:10.797,1.28882,1.28888,2.25,1.37
2017.08.17 15:27:11.817,1.28882,1.28888,1.87,1.37
2017.08.17 15:27:13.737,1.28883,1.28887,1.00,1.00
2017.08.17 15:27:15.680,1.28883,1.28888,1.50,1.00
2017.08.17 15:27:18.583,1.28882,1.28888,1.87,1.00
2017.08.17 15:27:19.095,1.28882,1.28887,1.00,1.12
2017.08.17 15:27:19.618,1.28883,1.28887,1.00,1.12
2017.08.17 15:27:20.220,1.28882,1.28887,1.00,1.12
2017.08.17 15:27:20.937,1.28883,1.28887,1.00,2.62
2017.08.17 15:27:21.487,1.28882,1.28887,1.00,1.50
2017.08.17 15:27:22.409,1.28883,1.28887,1.00,1.00
2017.08.17 15:27:22.926,1.28882,1.28887,1.00,1.00
2017.08.17 15:27:23.441,1.28882,1.28887,1.12,1.37
2017.08.17 15:27:24.188,1.28882,1.28887,1.00,1.00
2017.08.17 15:27:24.713,1.28883,1.28887,1.00,1.12
2017.08.17 15:27:25.018,1.28881,1.28887,1.12,1.12
2017.08.17 15:27:26.865,1.28881,1.28887,1.00,2.25
2017.08.17 15:27:29.325,1.28882,1.28886,1.00,1.12
2017.08.17 15:27:29.862,1.28881,1.28886,1.00,1.12
2017.08.17 15:27:32.360,1.28879,1.28886,4.87,1.12
2017.08.17 15:27:33.253,1.28882,1.28886,1.00,1.12
2017.08.17 15:27:33.457,1.28879,1.28886,3.37,1.12
2017.08.17 15:27:37.837,1.28879,1.28885,1.37,1.50
2017.08.17 15:27:37.998,1.28878,1.28882,1.37,1.00
2017.08.17 15:27:38.050,1.28874,1.2888,1.12,1.87
2017.08.17 15:27:38.563,1.28873,1.2888,4.50,1.50
2017.08.17 15:27:39.091,1.28874,1.2888,1.12,1.50
2017.08.17 15:27:41.850,1.28873,1.2888,1.50,2.25
2017.08.17 15:27:43.371,1.28872,1.2888,3.75,1.87
2017.08.17 15:27:43.874,1.28872,1.2888,2.25,2.25
2017.08.17 15:27:44.416,1.28872,1.28879,2.25,2.25
2017.08.17 15:27:44.979,1.28872,1.28878,1.87,1.00
2017.08.17 15:27:48.628,1.28872,1.28879,1.50,3.00
2017.08.17 15:27:50.417,1.28872,1.28879,1.12,2.62
2017.08.17 15:27:54.589,1.28872,1.28879,1.50,3.37
2017.08.17 15:27:56.864,1.28872,1.28879,1.12,3.07
2017.08.17 15:27:58.369,1.28872,1.2888,2.25,1.75
2017.08.17 15:27:59.459,1.28872,1.28878,1.87,1.00
2017.08.17 15:28:00.260,1.28873,1.28878,1.00,1.00
2017.08.17 15:28:00.489,1.2887,1.28878,2.25,2.25
2017.08.17 15:28:01.013,1.2887,1.28877,1.50,1.50
2017.08.17 15:28:01.614,1.2887,1.28876,1.50,1.37
2017.08.17 15:28:04.768,1.2887,1.28876,1.87,1.00
2017.08.17 15:28:05.632,1.2887,1.28877,1.87,2.62
2017.08.17 15:28:06.142,1.2887,1.28875,1.87,1.00
2017.08.17 15:28:06.654,1.2887,1.28875,1.50,1.00
2017.08.17 15:28:07.160,1.2887,1.28875,1.50,1.00
2017.08.17 15:28:08.886,1.2887,1.28876,1.50,1.37
2017.08.17 15:28:09.873,1.2887,1.28876,1.12,1.00
2017.08.17 15:28:11.781,1.28871,1.28877,1.50,1.87
2017.08.17 15:28:12.330,1.2887,1.28877,1.87,2.25
2017.08.17 15:28:15.080,1.2887,1.28875,1.87,1.00
2017.08.17 15:28:17.110,1.2887,1.28877,1.50,1.75
2017.08.17 15:28:19.765,1.28869,1.28872,1.37,1.00
2017.08.17 15:28:19.919,1.28867,1.2887,1.00,1.50
2017.08.17 15:28:19.970,1.28863,1.28869,1.37,1.37
2017.08.17 15:28:21.043,1.28862,1.28868,2.25,1.00
2017.08.17 15:28:21.645,1.28863,1.2887,1.00,2.62
2017.08.17 15:28:22.928,1.28865,1.2887,2.25,1.12
2017.08.17 15:28:23.130,1.2887,1.28878,1.00,1.87
2017.08.17 15:28:23.183,1.28871,1.28878,1.00,1.50
2017.08.17 15:28:23.286,1.28873,1.28878,1.00,1.50
2017.08.17 15:28:23.802,1.28872,1.28878,1.00,1.00
2017.08.17 15:28:25.568,1.28871,1.28878,1.12,1.00
2017.08.17 15:28:26.698,1.28871,1.28879,1.12,4.12
2017.08.17 15:28:27.259,1.2887,1.28877,1.87,3.00
2017.08.17 15:28:27.774,1.2887,1.28876,1.00,2.32
2017.08.17 15:28:28.132,1.28868,1.28876,1.75,3.75
2017.08.17 15:28:28.185,1.28869,1.28876,1.50,1.87
2017.08.17 15:28:28.545,1.2887,1.28878,2.25,3.82
2017.08.17 15:28:29.564,1.28871,1.28877,1.50,1.00
2017.08.17 15:28:31.672,1.28872,1.28877,1.12,1.37
2017.08.17 15:28:32.604,1.28871,1.28878,1.50,3.37
2017.08.17 15:28:33.830,1.28869,1.28877,1.75,4.12
2017.08.17 15:28:34.440,1.28868,1.28877,4.69,4.87
2017.08.17 15:28:34.492,1.28869,1.28876,1.00,2.25
2017.08.17 15:28:35.003,1.28869,1.28875,1.00,1.12
2017.08.17 15:28:35.779,1.28869,1.28875,1.00,1.87
2017.08.17 15:28:36.289,1.28869,1.28875,2.25,1.00
2017.08.17 15:28:36.800,1.28869,1.28877,1.37,1.37
2017.08.17 15:28:37.700,1.28871,1.28878,1.00,2.62
2017.08.17 15:28:38.955,1.2887,1.28878,1.87,2.25
2017.08.17 15:28:40.616,1.2887,1.28878,4.31,1.50
2017.08.17 15:28:41.705,1.28872,1.28878,1.00,1.50
2017.08.17 15:28:42.233,1.2887,1.28878,1.87,2.25
2017.08.17 15:28:42.786,1.28872,1.28878,1.00,1.50
2017.08.17 15:28:44.589,1.2887,1.28878,3.75,3.75
2017.08.17 15:28:45.895,1.28871,1.28878,1.12,4.12
2017.08.17 15:28:47.879,1.28869,1.28877,2.70,2.62
2017.08.17 15:28:48.134,1.28868,1.28876,1.87,1.87
2017.08.17 15:28:48.340,1.28868,1.28875,1.50,1.50
2017.08.17 15:28:48.748,1.28867,1.28874,2.25,1.00
2017.08.17 15:28:49.403,1.28867,1.28872,1.50,1.87
2017.08.17 15:28:49.714,1.28861,1.2887,3.00,1.87
2017.08.17 15:28:50.395,1.28861,1.28869,3.00,1.50
2017.08.17 15:28:50.908,1.28863,1.28868,1.00,1.00
2017.08.17 15:28:55.109,1.28866,1.28871,4.50,1.20
2017.08.17 15:28:55.214,1.28869,1.28876,1.37,2.32
2017.08.17 15:28:55.266,1.28869,1.28877,2.62,1.76
2017.08.17 15:28:55.686,1.28871,1.28878,1.00,1.50
2017.08.17 15:28:55.842,1.28871,1.28875,1.00,1.50
2017.08.17 15:28:55.893,1.28871,1.28878,1.00,3.37
2017.08.17 15:28:56.047,1.2887,1.28874,1.00,1.87
2017.08.17 15:28:56.203,1.28864,1.28868,2.89,1.37
2017.08.17 15:28:56.307,1.28865,1.28868,1.50,1.00
2017.08.17 15:28:56.486,1.28861,1.28868,3.94,1.00
2017.08.17 15:28:57.241,1.28859,1.28866,3.75,1.12
2017.08.17 15:28:57.772,1.28859,1.28867,3.00,2.62
2017.08.17 15:28:58.413,1.28859,1.28867,3.00,2.25
2017.08.17 15:29:05.745,1.28864,1.28871,1.50,3.37
2017.08.17 15:29:05.847,1.28868,1.28875,1.37,1.95
2017.08.17 15:29:05.950,1.28871,1.28877,6.75,1.50
2017.08.17 15:29:06.460,1.28872,1.28878,1.00,1.37
2017.08.17 15:29:07.318,1.28873,1.28878,6.00,1.00
2017.08.17 15:29:08.664,1.2887,1.28878,4.12,1.50
2017.08.17 15:29:11.391,1.2887,1.28878,2.70,1.00
2017.08.17 15:29:12.418,1.28872,1.28878,1.00,1.00
2017.08.17 15:29:14.416,1.2887,1.28878,4.12,1.37
2017.08.17 15:29:19.223,1.28872,1.28878,1.12,3.37
2017.08.17 15:29:19.733,1.28873,1.28877,1.00,1.00
2017.08.17 15:29:21.676,1.28872,1.28877,1.00,1.00
2017.08.17 15:29:22.186,1.28872,1.28879,1.00,3.75
2017.08.17 15:29:22.756,1.28872,1.28879,1.12,1.87
2017.08.17 15:29:23.301,1.28873,1.28879,1.00,3.00
2017.08.17 15:29:23.850,1.28873,1.28879,1.00,3.75
2017.08.17 15:29:25.484,1.28872,1.28878,1.12,1.12
2017.08.17 15:29:26.416,1.28869,1.28878,4.95,1.50
2017.08.17 15:29:26.929,1.28873,1.28878,1.00,1.50
2017.08.17 15:29:27.601,1.28873,1.28879,1.00,4.57
2017.08.17 15:29:28.110,1.28872,1.28879,1.00,3.37
2017.08.17 15:29:28.470,1.28873,1.28878,1.00,1.37
2017.08.17 15:29:29.167,1.28873,1.28878,1.00,1.50
2017.08.17 15:29:29.626,1.28873,1.28876,1.00,1.37
2017.08.17 15:29:29.677,1.28868,1.28876,4.87,1.50
2017.08.17 15:29:29.900,1.28869,1.28878,2.62,2.25
2017.08.17 15:29:30.868,1.2887,1.28878,1.87,1.00
2017.08.17 15:29:33.989,1.28871,1.28878,2.25,1.00
2017.08.17 15:29:34.693,1.2887,1.28878,1.12,1.00
2017.08.17 15:29:34.970,1.2887,1.28879,1.75,2.25
2017.08.17 15:29:36.157,1.28869,1.28876,4.50,1.00
2017.08.17 15:29:36.670,1.28869,1.28879,4.87,4.12
2017.08.17 15:29:37.144,1.28869,1.28878,4.12,1.00
2017.08.17 15:29:37.553,1.28869,1.28876,1.85,1.50
2017.08.17 15:29:38.323,1.28869,1.28877,2.25,2.62
2017.08.17 15:29:38.427,1.2887,1.28877,1.50,2.25
2017.08.17 15:29:39.570,1.2887,1.28878,3.00,1.12
2017.08.17 15:29:40.437,1.2887,1.28878,2.25,2.25
2017.08.17 15:29:40.541,1.2887,1.28877,1.50,3.75
2017.08.17 15:29:40.696,1.28868,1.28874,1.12,1.00
2017.08.17 15:29:40.909,1.28869,1.28877,1.00,2.32
2017.08.17 15:29:40.962,1.28872,1.28876,1.00,1.12
2017.08.17 15:29:41.117,1.28871,1.28878,4.87,4.87
2017.08.17 15:29:41.168,1.28873,1.28878,1.00,4.87
2017.08.17 15:29:41.941,1.28873,1.28878,1.00,3.00
2017.08.17 15:29:41.993,1.28871,1.28878,1.00,5.06
2017.08.17 15:29:42.528,1.28867,1.28877,2.25,4.15
2017.08.17 15:29:42.733,1.28869,1.28874,1.00,2.25
2017.08.17 15:29:42.989,1.28869,1.28874,1.00,2.25
2017.08.17 15:29:43.092,1.28868,1.28877,4.69,3.45
2017.08.17 15:29:43.143,1.28869,1.28878,1.12,3.75
2017.08.17 15:29:43.246,1.28873,1.28878,1.00,3.37
2017.08.17 15:29:43.422,1.2887,1.28877,1.50,2.25
2017.08.17 15:29:43.935,1.28869,1.28877,1.12,2.06
2017.08.17 15:29:44.496,1.2887,1.28878,1.50,3.82
2017.08.17 15:29:44.548,1.2887,1.28878,1.87,2.62
2017.08.17 15:29:45.775,1.2887,1.28877,3.37,1.87
2017.08.17 15:29:45.827,1.2887,1.28877,3.00,2.62
2017.08.17 15:29:46.184,1.2887,1.28878,1.87,2.25
2017.08.17 15:29:46.493,1.28872,1.28879,1.12,1.12
2017.08.17 15:29:47.133,1.28871,1.28879,3.00,2.62
2017.08.17 15:29:47.749,1.28871,1.28879,1.75,2.62
2017.08.17 15:29:48.273,1.28872,1.28879,1.50,3.00
2017.08.17 15:29:49.624,1.28872,1.28878,1.00,1.87
2017.08.17 15:29:50.150,1.2887,1.28878,1.50,1.50
2017.08.17 15:29:50.882,1.2887,1.28878,1.75,2.62
2017.08.17 15:29:51.417,1.2887,1.28877,1.00,3.40
2017.08.17 15:29:51.915,1.28871,1.28877,1.37,1.15
2017.08.17 15:29:54.149,1.2887,1.28877,1.12,1.00
2017.08.17 15:29:58.265,1.28869,1.28877,4.57,1.50
2017.08.17 15:29:58.732,1.28867,1.28876,1.12,3.75
2017.08.17 15:29:59.040,1.28866,1.28872,1.37,2.25
2017.08.17 15:29:59.420,1.28863,1.28868,1.12,1.00
2017.08.17 15:29:59.740,1.28863,1.28868,1.00,1.00
2017.08.17 15:30:00.292,1.28862,1.28867,1.00,1.12
2017.08.17 15:30:01.112,1.28862,1.28867,1.50,1.37
2017.08.17 15:30:01.701,1.28862,1.28867,1.31,1.00
2017.08.17 15:30:02.229,1.28862,1.28867,1.50,1.12
2017.08.17 15:30:04.146,1.28862,1.28869,1.50,1.87
2017.08.17 15:30:05.228,1.28861,1.28869,3.00,1.50
2017.08.17 15:30:06.658,1.28862,1.28869,1.00,4.12
2017.08.17 15:30:07.195,1.28862,1.28866,1.00,1.87
2017.08.17 15:30:07.362,1.2886,1.28865,1.00,1.12
2017.08.17 15:30:07.465,1.28857,1.28865,5.44,2.62
2017.08.17 15:30:07.572,1.28859,1.28867,1.50,3.07
2017.08.17 15:30:07.674,1.28862,1.28867,1.00,1.87
2017.08.17 15:30:09.070,1.2886,1.28868,2.62,1.00
2017.08.17 15:30:10.212,1.28863,1.28869,1.00,1.87
2017.08.17 15:30:10.735,1.28862,1.28869,1.12,1.50
2017.08.17 15:30:11.259,1.28863,1.28869,1.00,2.25
2017.08.17 15:30:12.431,1.28864,1.28869,1.00,1.50
2017.08.17 15:30:14.669,1.28862,1.28869,1.12,1.50
2017.08.17 15:30:15.864,1.28863,1.28869,1.00,3.00
2017.08.17 15:30:16.413,1.28862,1.2887,1.75,1.75
2017.08.17 15:30:17.120,1.28862,1.2887,1.12,1.50
2017.08.17 15:30:17.683,1.28863,1.2887,1.00,1.50
2017.08.17 15:30:18.924,1.28862,1.2887,1.50,1.37
2017.08.17 15:30:19.804,1.28862,1.2887,1.50,1.12
2017.08.17 15:30:21.614,1.28862,1.28869,1.50,1.00
2017.08.17 15:30:25.017,1.28863,1.2887,1.12,1.87
2017.08.17 15:30:27.164,1.28863,1.28868,1.00,1.37
2017.08.17 15:30:27.701,1.28862,1.28868,1.12,1.00
2017.08.17 15:30:29.273,1.28863,1.28868,1.00,1.00
2017.08.17 15:30:32.416,1.28862,1.28868,1.00,1.00
2017.08.17 15:30:33.043,1.28863,1.28868,1.00,3.37
2017.08.17 15:30:34.099,1.28862,1.28868,1.00,1.37
2017.08.17 15:30:34.559,1.2886,1.28867,1.12,1.50
2017.08.17 15:30:35.292,1.2886,1.28867,1.00,1.12
2017.08.17 15:30:35.804,1.2886,1.28867,1.50,1.37
2017.08.17 15:30:36.314,1.28862,1.28867,1.00,1.00
2017.08.17 15:30:36.832,1.28863,1.28867,1.00,1.00
2017.08.17 15:30:37.456,1.28862,1.28867,1.00,1.00
2017.08.17 15:30:37.762,1.2886,1.28867,1.12,1.00
2017.08.17 15:30:38.427,1.2886,1.28867,1.75,1.37
2017.08.17 15:30:39.933,1.2886,1.28868,1.12,1.20
2017.08.17 15:30:40.189,1.2886,1.28867,1.87,1.00
2017.08.17 15:30:42.365,1.28861,1.28868,1.00,1.50
2017.08.17 15:30:43.031,1.28861,1.28868,1.12,1.00
2017.08.17 15:30:43.547,1.28861,1.28868,1.12,1.37
2017.08.17 15:30:44.582,1.2886,1.28867,1.12,1.00
2017.08.17 15:30:45.251,1.2886,1.28868,1.00,3.37
2017.08.17 15:30:45.784,1.2886,1.28867,1.12,1.12
2017.08.17 15:30:46.143,1.2886,1.28867,1.12,1.37
2017.08.17 15:30:47.996,1.2886,1.28867,1.50,1.75
2017.08.17 15:30:48.505,1.2886,1.28866,1.00,1.75
2017.08.17 15:30:49.123,1.2886,1.28867,3.19,1.00
2017.08.17 15:30:49.175,1.2886,1.28867,2.81,1.37
2017.08.17 15:30:49.842,1.2886,1.28867,4.50,1.37
2017.08.17 15:30:50.368,1.2886,1.28866,3.75,1.00
2017.08.17 15:30:51.146,1.2886,1.28863,1.00,1.00
2017.08.17 15:30:51.301,1.28856,1.28863,1.87,1.12
2017.08.17 15:30:51.609,1.28853,1.28862,3.37,2.25
2017.08.17 15:30:52.186,1.28852,1.2886,1.87,1.75
2017.08.17 15:30:52.702,1.28851,1.2886,4.12,1.50
2017.08.17 15:30:53.219,1.28851,1.28858,1.75,1.00
2017.08.17 15:30:53.271,1.28851,1.28858,1.00,1.12
2017.08.17 15:30:53.810,1.2885,1.28858,2.25,1.87
2017.08.17 15:30:54.575,1.28851,1.28858,1.87,4.57
2017.08.17 15:30:55.085,1.2885,1.28855,4.12,1.00
2017.08.17 15:30:55.659,1.28851,1.28857,1.00,1.00
2017.08.17 15:30:56.322,1.28851,1.28859,1.00,2.62
2017.08.17 15:30:57.181,1.28851,1.28859,1.37,2.62
2017.08.17 15:31:00.371,1.2885,1.28859,3.94,1.87
2017.08.17 15:31:01.480,1.2885,1.28859,4.31,1.87
2017.08.17 15:31:02.637,1.2885,1.28859,4.69,1.87
2017.08.17 15:31:03.740,1.2885,1.28859,4.50,2.44
2017.08.17 15:31:04.854,1.28851,1.28859,1.50,3.94
2017.08.17 15:31:05.944,1.28851,1.28858,1.50,1.50
2017.08.17 15:31:07.072,1.28851,1.28858,1.50,1.50
2017.08.17 15:31:09.193,1.28852,1.28858,1.00,1.00
2017.08.17 15:31:09.500,1.2885,1.28858,2.25,3.00
2017.08.17 15:31:09.654,1.2885,1.28858,1.50,1.00
2017.08.17 15:31:10.421,1.28851,1.28859,1.50,2.25
2017.08.17 15:31:11.412,1.2885,1.28858,2.25,3.45
2017.08.17 15:31:11.701,1.2885,1.28858,1.12,3.45
2017.08.17 15:31:11.854,1.2885,1.28857,1.75,1.00
2017.08.17 15:31:12.415,1.2885,1.28857,1.87,1.37
2017.08.17 15:31:12.919,1.2885,1.28856,2.25,1.12
2017.08.17 15:31:13.441,1.2885,1.28858,2.25,1.37
2017.08.17 15:31:14.029,1.2885,1.28858,1.87,1.00
2017.08.17 15:31:15.073,1.2885,1.28858,2.25,1.50
2017.08.17 15:31:16.773,1.28852,1.28857,1.00,1.00
2017.08.17 15:31:17.866,1.28852,1.28859,2.25,1.87
2017.08.17 15:31:18.962,1.28852,1.28858,1.87,1.00
2017.08.17 15:31:20.176,1.28852,1.28858,2.25,1.87
2017.08.17 15:31:21.039,1.28853,1.28858,1.37,1.87
2017.08.17 15:31:21.730,1.28853,1.2886,1.50,2.81
2017.08.17 15:31:22.899,1.28853,1.2886,1.50,2.62
2017.08.17 15:31:24.983,1.28853,1.2886,1.50,1.87
2017.08.17 15:31:26.929,1.28857,1.2886,1.00,2.25
2017.08.17 15:31:27.149,1.28853,1.2886,1.37,2.25
2017.08.17 15:31:27.886,1.28853,1.2886,1.37,3.00
2017.08.17 15:31:30.999,1.28854,1.2886,1.00,2.25
2017.08.17 15:31:32.251,1.28854,1.2886,1.00,2.25
2017.08.17 15:31:34.180,1.28857,1.2886,1.00,2.62
2017.08.17 15:31:34.231,1.28854,1.2886,1.00,3.37
2017.08.17 15:31:35.781,1.28854,1.2886,1.00,3.37
2017.08.17 15:31:36.144,1.28857,1.28862,2.62,1.12
2017.08.17 15:31:36.196,1.28858,1.28864,1.50,1.75
2017.08.17 15:31:36.298,1.28859,1.28866,1.00,2.62
2017.08.17 15:31:36.554,1.28859,1.28866,1.12,1.00
2017.08.17 15:31:36.967,1.28859,1.28864,1.50,1.12
2017.08.17 15:31:37.480,1.28859,1.28865,1.87,1.50
2017.08.17 15:31:38.203,1.28859,1.28865,1.87,1.50
2017.08.17 15:31:38.462,1.28857,1.28864,3.37,1.00
2017.08.17 15:31:38.974,1.28857,1.28865,3.07,3.00
2017.08.17 15:31:39.337,1.28858,1.28865,3.00,1.50
2017.08.17 15:31:39.755,1.28858,1.28863,1.37,1.87
2017.08.17 15:31:39.807,1.28857,1.28863,1.95,1.87
2017.08.17 15:31:39.961,1.28859,1.28866,1.00,2.62
2017.08.17 15:31:40.268,1.28859,1.28866,1.87,1.37
2017.08.17 15:31:41.571,1.2886,1.28868,2.25,1.12
2017.08.17 15:31:47.131,1.2886,1.28868,4.20,1.00
2017.08.17 15:31:50.601,1.2886,1.28869,4.39,3.00
2017.08.17 15:31:52.096,1.2886,1.28868,3.07,2.25
2017.08.17 15:31:52.917,1.28861,1.28868,1.12,1.87
2017.08.17 15:31:53.581,1.28861,1.28868,1.00,2.62
2017.08.17 15:31:55.485,1.28861,1.28867,1.00,1.00
2017.08.17 15:31:55.846,1.28862,1.28869,3.00,1.37
2017.08.17 15:31:56.357,1.28862,1.28869,1.87,1.50
2017.08.17 15:31:56.884,1.28862,1.28869,3.37,1.50
2017.08.17 15:31:57.399,1.28861,1.28868,1.37,1.00
2017.08.17 15:31:57.950,1.28861,1.28868,1.10,1.12
2017.08.17 15:31:58.845,1.28861,1.28868,1.47,1.12
2017.08.17 15:32:02.390,1.28861,1.28867,1.87,1.00
2017.08.17 15:32:03.723,1.28862,1.28867,1.00,1.50
2017.08.17 15:32:03.978,1.2886,1.28867,2.25,1.87
2017.08.17 15:32:04.489,1.2886,1.28867,2.25,1.50
2017.08.17 15:32:05.002,1.2886,1.28866,2.25,1.00
2017.08.17 15:32:05.565,1.28859,1.28866,2.62,1.50
2017.08.17 15:32:07.560,1.28859,1.28862,1.37,2.44
2017.08.17 15:32:07.727,1.28854,1.2886,1.37,1.12
2017.08.17 15:32:08.249,1.28854,1.28861,3.37,1.50
2017.08.17 15:32:08.751,1.28853,1.28862,1.31,3.37
2017.08.17 15:32:12.113,1.28853,1.2886,1.37,1.00
2017.08.17 15:32:13.102,1.28853,1.2886,1.00,2.25
2017.08.17 15:32:13.357,1.28853,1.2886,1.12,1.50
2017.08.17 15:32:15.671,1.28857,1.28863,1.87,1.95
2017.08.17 15:32:16.195,1.28858,1.28865,1.87,1.87
2017.08.17 15:32:16.787,1.28858,1.28865,2.25,1.50
2017.08.17 15:32:17.481,1.28856,1.28862,1.12,1.87
2017.08.17 15:32:17.584,1.28854,1.2886,1.00,1.12
2017.08.17 15:32:18.044,1.28856,1.28861,1.00,1.00
2017.08.17 15:32:18.545,1.28856,1.28862,1.12,1.50
2017.08.17 15:32:18.852,1.28858,1.28862,1.00,1.00
2017.08.17 15:32:19.461,1.28858,1.28863,1.00,1.00
2017.08.17 15:32:20.943,1.28859,1.28866,1.50,1.85
2017.08.17 15:32:20.994,1.28859,1.28865,1.87,1.00
2017.08.17 15:32:23.064,1.2886,1.28866,1.50,1.00
2017.08.17 15:32:23.957,1.28859,1.28867,3.00,1.87
2017.08.17 15:32:24.009,1.28859,1.28866,1.12,1.00
2017.08.17 15:32:24.316,1.28859,1.28867,1.87,1.12
2017.08.17 15:32:25.385,1.28861,1.28868,1.87,1.87
2017.08.17 15:32:26.622,1.28861,1.28868,1.12,1.50
2017.08.17 15:32:27.644,1.28861,1.28867,1.50,1.00
2017.08.17 15:32:28.558,1.28861,1.28867,1.50,1.37
2017.08.17 15:32:28.869,1.28857,1.28861,1.75,1.00
2017.08.17 15:32:28.920,1.28855,1.28861,2.62,2.25
2017.08.17 15:32:29.471,1.28854,1.28861,2.25,2.25
2017.08.17 15:32:30.082,1.28852,1.2886,4.76,1.00
2017.08.17 15:32:30.610,1.28854,1.28861,1.00,2.25
2017.08.17 15:32:31.280,1.28854,1.28861,1.00,2.62
2017.08.17 15:32:32.444,1.28854,1.28861,1.00,2.62
2017.08.17 15:32:33.516,1.28854,1.28861,1.12,2.25
2017.08.17 15:32:35.329,1.28853,1.28861,4.12,2.25
2017.08.17 15:32:38.150,1.28854,1.28861,2.25,1.37
2017.08.17 15:32:38.658,1.28856,1.28862,1.00,1.37
2017.08.17 15:32:39.187,1.28856,1.28863,1.62,2.25
2017.08.17 15:32:41.149,1.28857,1.28863,1.00,2.25
2017.08.17 15:32:41.687,1.28855,1.28862,2.44,1.12
2017.08.17 15:32:42.196,1.28855,1.28863,1.69,3.37
2017.08.17 15:32:43.594,1.28857,1.28863,3.00,1.12
2017.08.17 15:32:44.374,1.28858,1.28864,1.00,1.50
2017.08.17 15:32:44.892,1.28857,1.28864,3.37,1.00
2017.08.17 15:32:45.626,1.28858,1.28864,1.00,1.12
2017.08.17 15:32:47.057,1.28859,1.28865,1.50,1.87
2017.08.17 15:32:47.608,1.28858,1.28865,4.87,1.12
2017.08.17 15:32:48.259,1.28859,1.28865,1.50,1.00
2017.08.17 15:32:48.996,1.28859,1.28865,1.12,1.00
2017.08.17 15:32:51.376,1.2886,1.28865,1.50,1.00
2017.08.17 15:32:51.893,1.28859,1.28865,1.00,1.00
2017.08.17 15:32:57.880,1.28859,1.28865,1.37,1.00
2017.08.17 15:33:00.066,1.2886,1.28865,1.50,1.00
2017.08.17 15:33:01.785,1.2886,1.28867,1.50,3.00
2017.08.17 15:33:02.984,1.28861,1.28867,1.00,2.62
2017.08.17 15:33:05.056,1.2886,1.28867,1.50,3.00
2017.08.17 15:33:06.378,1.2886,1.28867,1.37,2.25
2017.08.17 15:33:10.343,1.2886,1.28867,1.31,1.12
2017.08.17 15:33:12.265,1.2886,1.28867,2.06,1.12
2017.08.17 15:33:14.952,1.2886,1.28867,1.12,1.12
2017.08.17 15:33:15.723,1.2886,1.28867,1.37,1.12
2017.08.17 15:33:22.259,1.2886,1.28866,2.62,1.00
2017.08.17 15:33:22.790,1.2886,1.28867,1.50,1.00
2017.08.17 15:33:23.339,1.2886,1.28866,1.50,1.00
2017.08.17 15:33:29.633,1.28861,1.28867,1.87,1.00
2017.08.17 15:33:31.678,1.2886,1.28867,1.12,1.00
2017.08.17 15:33:36.797,1.2886,1.28867,3.00,1.50
2017.08.17 15:33:40.097,1.2886,1.28867,3.00,1.12
2017.08.17 15:33:41.249,1.2886,1.28867,3.19,1.50
2017.08.17 15:33:46.532,1.2886,1.28866,3.00,1.50
2017.08.17 15:33:52.565,1.2886,1.28867,2.62,1.50
2017.08.17 15:33:52.873,1.28859,1.28866,3.00,1.37
2017.08.17 15:33:53.237,1.28859,1.28862,1.37,1.00
2017.08.17 15:33:53.289,1.28858,1.28863,1.12,1.50
2017.08.17 15:33:53.391,1.28856,1.28861,1.00,1.12
2017.08.17 15:33:53.925,1.28853,1.2886,1.12,3.00
2017.08.17 15:33:54.337,1.28857,1.28862,1.50,1.00
2017.08.17 15:33:54.542,1.28858,1.28864,2.25,1.87
2017.08.17 15:33:54.849,1.28858,1.28862,2.25,1.00
2017.08.17 15:33:55.368,1.28858,1.28863,2.25,1.00
2017.08.17 15:33:55.740,1.28859,1.28865,1.00,2.62
2017.08.17 15:33:56.550,1.28858,1.28865,1.12,2.25
2017.08.17 15:33:58.421,1.28861,1.28866,1.00,1.87
2017.08.17 15:33:59.551,1.28861,1.28868,1.37,1.87
2017.08.17 15:34:00.067,1.2886,1.28868,3.00,1.87
2017.08.17 15:34:00.706,1.28862,1.28869,2.25,2.25
2017.08.17 15:34:01.322,1.28862,1.28868,2.25,1.00
2017.08.17 15:34:01.882,1.28861,1.28868,3.11,1.00
2017.08.17 15:34:02.904,1.28861,1.28868,3.11,1.12
2017.08.17 15:34:04.526,1.28867,1.28871,1.50,1.75
2017.08.17 15:34:04.578,1.28868,1.28872,1.00,1.37
2017.08.17 15:34:04.784,1.28865,1.28871,1.00,1.00
2017.08.17 15:34:05.849,1.28865,1.2887,1.00,1.00
2017.08.17 15:34:06.396,1.28865,1.28871,1.00,1.50
2017.08.17 15:34:06.712,1.28865,1.28869,1.00,1.00
2017.08.17 15:34:07.677,1.28865,1.28871,2.62,1.00
2017.08.17 15:34:07.881,1.28868,1.28873,1.12,1.00
2017.08.17 15:34:08.700,1.28868,1.28873,1.00,1.37
2017.08.17 15:34:09.244,1.28869,1.28876,1.00,2.25
2017.08.17 15:34:12.666,1.28871,1.28877,1.00,1.87
2017.08.17 15:34:12.769,1.2887,1.28877,3.00,1.00
2017.08.17 15:34:13.302,1.2887,1.28876,3.00,1.00
2017.08.17 15:34:13.713,1.28872,1.28878,1.00,2.62
2017.08.17 15:34:14.857,1.28872,1.28878,1.00,2.62
2017.08.17 15:34:15.809,1.28871,1.28878,1.50,2.25
2017.08.17 15:34:16.324,1.28871,1.28878,1.50,1.87
2017.08.17 15:34:17.182,1.28871,1.28878,1.50,2.25
2017.08.17 15:34:17.234,1.28871,1.28878,1.50,1.87
2017.08.17 15:34:17.747,1.28871,1.28878,1.50,1.87
2017.08.17 15:34:18.511,1.28871,1.28876,1.50,1.00
2017.08.17 15:34:19.226,1.2887,1.28877,3.75,1.37
2017.08.17 15:34:19.871,1.28872,1.28877,1.00,1.00
2017.08.17 15:34:20.475,1.28872,1.28877,1.00,1.37
2017.08.17 15:34:21.050,1.2887,1.28877,3.75,1.50
2017.08.17 15:34:21.697,1.28871,1.28877,1.31,1.37
2017.08.17 15:34:22.207,1.28871,1.28876,1.50,1.00
2017.08.17 15:34:22.832,1.28871,1.28878,1.12,1.50
2017.08.17 15:34:23.345,1.28871,1.28878,1.12,2.25
2017.08.17 15:34:23.857,1.28871,1.28878,3.00,1.12
2017.08.17 15:34:24.267,1.28871,1.28878,3.00,1.87
2017.08.17 15:34:24.476,1.28872,1.28878,1.12,1.50
2017.08.17 15:34:25.493,1.28872,1.28878,1.50,1.50
2017.08.17 15:34:27.282,1.28872,1.28878,1.50,1.50
2017.08.17 15:34:27.784,1.28872,1.28878,1.12,1.50
2017.08.17 15:34:29.509,1.28872,1.28878,1.50,1.50
2017.08.17 15:34:30.055,1.28872,1.28878,1.50,1.50
2017.08.17 15:34:30.539,1.28871,1.28878,1.50,1.87
2017.08.17 15:34:31.980,1.28871,1.28877,1.12,2.25
2017.08.17 15:34:35.144,1.2887,1.28877,2.25,1.00
2017.08.17 15:34:35.832,1.28871,1.28877,1.12,1.37
2017.08.17 15:34:36.765,1.28871,1.28878,1.12,2.25
2017.08.17 15:34:36.918,1.28871,1.28877,1.12,1.50
2017.08.17 15:34:37.565,1.28871,1.28876,1.00,3.00
2017.08.17 15:34:38.312,1.28871,1.28876,1.00,2.81
2017.08.17 15:34:38.881,1.28871,1.28876,1.00,1.12
2017.08.17 15:34:39.238,1.28869,1.28876,1.00,1.50
2017.08.17 15:34:39.964,1.28869,1.28876,1.75,1.37
2017.08.17 15:34:40.867,1.28869,1.28876,1.87,1.75
2017.08.17 15:34:41.556,1.28869,1.28876,1.87,1.37
2017.08.17 15:34:42.132,1.28869,1.28876,1.87,1.87
2017.08.17 15:34:42.439,1.28869,1.28875,1.12,1.00
2017.08.17 15:34:43.353,1.28869,1.28876,1.87,1.00
2017.08.17 15:34:43.870,1.28869,1.28876,1.87,1.50
2017.08.17 15:34:44.378,1.28869,1.28874,1.50,1.00
2017.08.17 15:34:44.921,1.28869,1.28875,1.12,1.12
2017.08.17 15:34:45.455,1.28869,1.28876,1.50,1.12
2017.08.17 15:34:45.557,1.28869,1.28876,1.50,1.87
2017.08.17 15:34:45.711,1.2887,1.28876,1.12,1.00
2017.08.17 15:34:46.170,1.2887,1.28876,1.12,2.62
2017.08.17 15:34:46.936,1.28867,1.28872,3.37,1.00
2017.08.17 15:34:46.988,1.28865,1.28872,2.32,1.12
2017.08.17 15:34:47.516,1.28865,1.28871,1.75,1.87
2017.08.17 15:34:48.011,1.28865,1.2887,1.50,1.00
2017.08.17 15:34:48.063,1.28865,1.28871,1.50,3.75
2017.08.17 15:34:49.044,1.28863,1.28869,1.87,1.37
2017.08.17 15:34:50.100,1.28863,1.28869,1.12,1.37
2017.08.17 15:34:50.624,1.28864,1.28869,1.12,1.12
2017.08.17 15:34:51.291,1.28863,1.28869,1.37,1.12
2017.08.17 15:34:51.856,1.28863,1.28869,1.50,1.50
2017.08.17 15:34:52.397,1.28863,1.28869,1.00,1.37
2017.08.17 15:34:52.948,1.28863,1.28869,1.50,1.37
2017.08.17 15:34:54.734,1.28865,1.28869,1.00,1.37
2017.08.17 15:34:55.276,1.28863,1.28869,2.62,1.37
2017.08.17 15:34:56.064,1.28863,1.28869,2.25,1.50
2017.08.17 15:34:56.790,1.28863,1.28869,1.75,1.50
2017.08.17 15:34:56.944,1.28863,1.28869,1.12,2.25
2017.08.17 15:34:57.148,1.28864,1.28869,1.56,1.50
2017.08.17 15:34:57.625,1.28863,1.28871,1.56,3.82
2017.08.17 15:34:57.676,1.28863,1.28869,1.37,1.00
2017.08.17 15:34:57.729,1.28863,1.28871,1.37,7.39
2017.08.17 15:34:57.781,1.28863,1.2887,1.50,1.87
2017.08.17 15:34:57.883,1.28863,1.28871,1.50,1.50
2017.08.17 15:34:58.406,1.28863,1.2887,1.50,1.37
2017.08.17 15:34:58.602,1.28863,1.2887,1.50,1.12
2017.08.17 15:34:59.115,1.28863,1.28871,3.75,2.25
2017.08.17 15:34:59.824,1.28863,1.2887,3.75,1.37
2017.08.17 15:35:00.537,1.28863,1.2887,3.00,1.37
2017.08.17 15:35:01.423,1.28863,1.28871,3.00,2.25
2017.08.17 15:35:02.673,1.28865,1.28871,1.12,2.25
2017.08.17 15:35:02.725,1.28864,1.28871,1.50,2.62
2017.08.17 15:35:02.878,1.28864,1.28871,1.50,1.87
2017.08.17 15:35:03.133,1.28862,1.2887,1.87,2.25
2017.08.17 15:35:03.765,1.28863,1.28869,1.00,1.37
2017.08.17 15:35:04.828,1.28863,1.28869,1.37,1.37
2017.08.17 15:35:05.389,1.28863,1.28869,1.37,1.37
2017.08.17 15:35:06.336,1.28863,1.28871,2.62,2.62
2017.08.17 15:35:08.227,1.28864,1.2887,1.37,1.37
2017.08.17 15:35:09.104,1.28865,1.2887,1.00,1.37
2017.08.17 15:35:09.666,1.28865,1.2887,1.12,1.50
2017.08.17 15:35:12.892,1.28865,1.28871,1.37,4.12
2017.08.17 15:35:13.994,1.28865,1.28871,1.00,4.12
2017.08.17 15:35:15.967,1.28863,1.28869,1.50,1.37
2017.08.17 15:35:16.222,1.28862,1.28869,1.12,3.00
2017.08.17 15:35:16.278,1.28862,1.28869,1.00,3.00
2017.08.17 15:35:16.636,1.28861,1.28866,1.12,1.50
2017.08.17 15:35:16.944,1.2886,1.28866,2.62,1.00
2017.08.17 15:35:17.090,1.2886,1.28866,1.87,1.50
2017.08.17 15:35:17.244,1.2886,1.28867,3.00,1.00
2017.08.17 15:35:18.676,1.28862,1.28868,1.00,1.50
2017.08.17 15:35:19.107,1.28862,1.28867,1.12,1.37
2017.08.17 15:35:19.210,1.28859,1.28867,2.62,2.25
2017.08.17 15:35:19.757,1.2886,1.28866,2.62,1.00
2017.08.17 15:35:20.271,1.28861,1.28868,1.00,3.07
2017.08.17 15:35:20.796,1.28861,1.28867,1.00,1.50
2017.08.17 15:35:22.111,1.28861,1.28866,1.87,1.37
2017.08.17 15:35:23.107,1.28859,1.28864,1.37,1.12
2017.08.17 15:35:23.623,1.2886,1.28867,1.87,1.87
2017.08.17 15:35:24.138,1.2886,1.28866,1.37,1.00
2017.08.17 15:35:24.748,1.28859,1.28867,3.75,1.50
2017.08.17 15:35:26.532,1.2886,1.28867,3.00,1.37
2017.08.17 15:35:26.584,1.2886,1.28866,2.62,1.12
2017.08.17 15:35:26.891,1.28859,1.28865,1.00,1.37
2017.08.17 15:35:27.874,1.28858,1.28865,1.50,2.62
2017.08.17 15:35:28.418,1.28858,1.28863,1.12,1.12
2017.08.17 15:35:28.997,1.28858,1.28863,1.50,1.50
2017.08.17 15:35:29.540,1.28858,1.28863,1.50,1.50
2017.08.17 15:35:30.066,1.28858,1.28863,1.50,1.12
2017.08.17 15:35:33.112,1.28858,1.28863,1.00,1.12
2017.08.17 15:35:33.473,1.28856,1.28863,1.50,3.75
2017.08.17 15:35:33.777,1.28855,1.28861,1.00,1.95
2017.08.17 15:35:34.626,1.28853,1.28859,2.25,1.12
2017.08.17 15:35:35.566,1.28853,1.2886,1.37,2.70
2017.08.17 15:35:37.436,1.28854,1.28858,1.00,1.37
2017.08.17 15:35:37.590,1.28852,1.28857,1.50,1.50
2017.08.17 15:35:38.127,1.28852,1.28857,1.50,1.00
2017.08.17 15:35:40.815,1.2885,1.28855,1.12,1.00
2017.08.17 15:35:41.125,1.2885,1.28857,2.25,1.12
2017.08.17 15:35:41.637,1.2885,1.28857,3.37,1.12
2017.08.17 15:35:42.164,1.2885,1.28858,3.37,1.37
2017.08.17 15:35:45.334,1.28851,1.28859,1.87,1.12
2017.08.17 15:35:45.732,1.28849,1.28856,2.25,1.37
2017.08.17 15:35:46.039,1.2885,1.28856,1.87,1.00
2017.08.17 15:35:46.552,1.2885,1.28857,1.87,1.87
2017.08.17 15:35:46.785,1.28852,1.28857,1.00,1.12
2017.08.17 15:35:47.296,1.28851,1.28857,1.00,1.87
2017.08.17 15:35:49.261,1.28851,1.28857,1.00,2.25
2017.08.17 15:35:50.594,1.2885,1.28856,1.12,1.50
2017.08.17 15:35:51.105,1.2885,1.28856,1.12,1.00
2017.08.17 15:35:52.709,1.2885,1.28856,1.12,1.50
2017.08.17 15:35:53.219,1.28849,1.28856,4.12,1.50
2017.08.17 15:35:53.863,1.28849,1.28858,3.00,4.87
2017.08.17 15:35:54.379,1.28849,1.28856,3.00,1.00
2017.08.17 15:35:55.113,1.28849,1.28857,3.37,1.00
2017.08.17 15:35:55.623,1.28849,1.28858,3.37,4.50
2017.08.17 15:35:56.351,1.28849,1.28857,3.37,1.37
2017.08.17 15:35:57.622,1.28849,1.28857,3.37,1.50
2017.08.17 15:35:57.674,1.28849,1.28856,3.00,1.00
2017.08.17 15:35:58.764,1.28849,1.28857,1.50,1.50
2017.08.17 15:35:58.868,1.28849,1.28853,1.50,1.00
2017.08.17 15:35:58.921,1.28849,1.28856,1.50,1.00
2017.08.17 15:35:59.177,1.28849,1.28855,1.00,1.37
2017.08.17 15:35:59.588,1.28849,1.28852,1.00,1.12
2017.08.17 15:35:59.896,1.28848,1.28851,1.00,1.37
2017.08.17 15:36:00.408,1.28849,1.28851,1.00,1.87
2017.08.17 15:36:00.923,1.28848,1.2885,1.00,30.37
2017.08.17 15:36:02.728,1.28848,1.28851,1.00,67.87
2017.08.17 15:36:03.143,1.28845,1.28851,2.62,73.87
2017.08.17 15:36:04.271,1.28844,1.28851,1.37,1.50
2017.08.17 15:36:04.780,1.28844,1.28851,1.37,1.57
2017.08.17 15:36:05.457,1.28844,1.2885,1.00,1.00
2017.08.17 15:36:06.494,1.28844,1.28851,1.00,2.32
2017.08.17 15:36:07.494,1.28844,1.28851,1.00,2.70
2017.08.17 15:36:08.019,1.28844,1.28851,1.00,2.70
2017.08.17 15:36:08.742,1.28844,1.28849,1.37,1.00
2017.08.17 15:36:12.388,1.28842,1.2885,1.37,1.50
2017.08.17 15:36:13.853,1.28842,1.2885,1.12,1.50
2017.08.17 15:36:16.611,1.28842,1.28849,1.37,1.50
2017.08.17 15:36:18.815,1.28842,1.28849,1.00,1.50
2017.08.17 15:36:19.326,1.28842,1.28848,1.00,1.00
2017.08.17 15:36:20.768,1.28842,1.28848,1.37,1.00
2017.08.17 15:36:22.571,1.28842,1.28849,1.37,1.00
2017.08.17 15:36:22.881,1.28841,1.28849,1.75,1.69
2017.08.17 15:36:22.933,1.28841,1.28847,1.12,2.25
2017.08.17 15:36:23.444,1.2884,1.28847,1.00,1.50
2017.08.17 15:36:24.226,1.2884,1.28847,2.62,2.25
2017.08.17 15:36:26.628,1.2884,1.28847,2.25,1.12
2017.08.17 15:36:27.633,1.2884,1.28847,2.25,1.37
2017.08.17 15:36:28.220,1.2884,1.28845,1.12,1.00
2017.08.17 15:36:28.795,1.28839,1.28846,2.25,1.50
2017.08.17 15:36:29.319,1.28839,1.28845,3.00,1.37
2017.08.17 15:36:30.104,1.28839,1.28845,2.25,1.37
2017.08.17 15:36:33.115,1.2884,1.28845,1.50,1.00
2017.08.17 15:36:33.626,1.28839,1.28845,2.25,1.00
2017.08.17 15:36:35.465,1.2884,1.28845,1.00,1.00
2017.08.17 15:36:35.980,1.2884,1.28846,1.00,1.75
2017.08.17 15:36:36.486,1.2884,1.28846,1.00,1.50
2017.08.17 15:36:37.377,1.2884,1.28842,1.00,1.00
2017.08.17 15:36:37.581,1.2884,1.28846,1.12,1.75
2017.08.17 15:36:37.838,1.28836,1.28843,1.87,1.12
2017.08.17 15:36:38.461,1.28833,1.28841,3.37,1.87
2017.08.17 15:36:38.973,1.28832,1.28841,5.01,2.62
2017.08.17 15:36:39.228,1.28832,1.28841,3.37,2.25
2017.08.17 15:36:39.433,1.28832,1.28839,2.62,1.87
2017.08.17 15:36:41.763,1.28831,1.28838,2.62,1.50
2017.08.17 15:36:42.065,1.28834,1.28838,1.00,1.50
2017.08.17 15:36:42.176,1.28831,1.28838,1.87,1.50
2017.08.17 15:36:42.711,1.2883,1.28838,3.00,2.25
2017.08.17 15:36:43.415,1.28832,1.28838,1.50,3.00
2017.08.17 15:36:43.670,1.28832,1.28838,1.50,2.25
2017.08.17 15:36:44.932,1.28832,1.28838,1.50,2.25
2017.08.17 15:36:45.907,1.28831,1.28838,2.62,2.25
2017.08.17 15:36:46.423,1.28831,1.28838,3.00,2.62
2017.08.17 15:36:47.437,1.28831,1.28837,2.25,1.00
2017.08.17 15:36:48.780,1.28831,1.28837,3.00,1.12
2017.08.17 15:36:49.403,1.28833,1.28837,1.50,1.12
2017.08.17 15:36:50.500,1.28833,1.28837,1.50,1.87
2017.08.17 15:36:52.057,1.28833,1.28837,1.50,1.12
2017.08.17 15:36:52.578,1.28833,1.28837,1.50,1.37
2017.08.17 15:36:54.625,1.28832,1.28837,1.50,1.50
2017.08.17 15:36:57.298,1.28832,1.28837,1.50,1.37
2017.08.17 15:36:58.366,1.28832,1.28837,1.50,6.37
2017.08.17 15:37:01.069,1.28832,1.28837,1.87,1.00
2017.08.17 15:37:01.698,1.28831,1.28837,2.62,1.37
2017.08.17 15:37:03.317,1.28831,1.28837,1.00,1.50
2017.08.17 15:37:04.493,1.28831,1.28837,1.00,1.50
2017.08.17 15:37:06.575,1.28831,1.28836,1.00,1.37
2017.08.17 15:37:07.593,1.28831,1.28836,1.12,1.00
2017.08.17 15:37:08.002,1.28833,1.28836,1.50,1.00
2017.08.17 15:37:08.508,1.28833,1.28837,1.50,1.12
2017.08.17 15:37:13.839,1.28833,1.2884,1.50,1.50
2017.08.17 15:37:14.655,1.28833,1.2884,1.87,1.75
2017.08.17 15:37:15.638,1.28833,1.2884,1.50,1.50
2017.08.17 15:37:17.857,1.28833,1.2884,1.87,1.75
2017.08.17 15:37:18.364,1.28833,1.2884,2.25,1.75
2017.08.17 15:37:18.900,1.28833,1.2884,2.25,1.75
2017.08.17 15:37:19.414,1.28833,1.2884,2.62,1.50
2017.08.17 15:37:19.529,1.28835,1.2884,1.50,1.50
2017.08.17 15:37:19.786,1.28842,1.2885,2.81,2.06
2017.08.17 15:37:20.602,1.28842,1.2885,3.56,1.75
2017.08.17 15:37:20.704,1.28848,1.2885,1.00,1.50
2017.08.17 15:37:20.807,1.28851,1.28854,2.62,1.00
2017.08.17 15:37:20.921,1.28851,1.28857,3.00,1.50
2017.08.17 15:37:21.892,1.28852,1.28861,3.75,4.95
2017.08.17 15:37:22.878,1.28852,1.28861,3.75,6.45
2017.08.17 15:37:25.555,1.28853,1.28855,1.00,1.00
2017.08.17 15:37:26.065,1.28852,1.28855,1.12,1.00
2017.08.17 15:37:27.267,1.28852,1.28855,2.62,1.00
2017.08.17 15:37:30.011,1.28852,1.28856,1.12,1.00
2017.08.17 15:37:36.097,1.28852,1.28856,3.00,1.00
2017.08.17 15:37:41.869,1.28852,1.28856,1.00,1.00
2017.08.17 15:37:45.968,1.28853,1.28856,1.00,1.00
2017.08.17 15:37:49.399,1.28853,1.28855,1.50,1.00
2017.08.17 15:37:53.611,1.28852,1.28855,1.50,1.00
2017.08.17 15:37:54.133,1.28853,1.28855,1.00,1.00
2017.08.17 15:37:56.268,1.28852,1.28854,1.50,1.00
2017.08.17 15:37:56.782,1.28851,1.28854,1.00,1.00
2017.08.17 15:37:59.584,1.2885,1.28854,2.62,1.00
2017.08.17 15:38:01.861,1.2885,1.28854,2.62,1.00
2017.08.17 15:38:02.877,1.28851,1.28855,1.00,1.00
2017.08.17 15:38:06.659,1.28851,1.28854,2.25,1.00
2017.08.17 15:38:09.465,1.2885,1.28854,4.12,1.00
2017.08.17 15:38:09.994,1.2885,1.28854,2.62,1.00
2017.08.17 15:38:11.101,1.28851,1.28854,2.25,1.00
2017.08.17 15:38:11.613,1.28851,1.28854,2.25,1.00
2017.08.17 15:38:12.132,1.28851,1.28854,2.25,1.00
2017.08.17 15:38:12.644,1.28851,1.28854,2.25,1.00
2017.08.17 15:38:13.239,1.28851,1.28855,2.25,1.00
2017.08.17 15:38:13.752,1.28851,1.28854,2.25,1.00
2017.08.17 15:38:14.432,1.28851,1.28855,2.25,1.00
2017.08.17 15:38:16.493,1.28851,1.28855,1.87,1.00
2017.08.17 15:38:16.646,1.2885,1.28855,2.25,1.00
2017.08.17 15:38:17.154,1.2885,1.28855,2.25,1.00
2017.08.17 15:38:17.675,1.28852,1.28855,1.50,1.00
2017.08.17 15:38:21.703,1.28851,1.28855,2.25,1.00
2017.08.17 15:38:22.896,1.2885,1.28855,2.62,1.00
2017.08.17 15:38:23.709,1.2885,1.28855,2.62,1.00
2017.08.17 15:38:24.581,1.28849,1.28852,1.12,1.00
2017.08.17 15:38:24.684,1.28847,1.2885,1.50,1.00
2017.08.17 15:38:25.198,1.28847,1.2885,2.62,1.00
2017.08.17 15:38:25.352,1.28849,1.28852,1.50,1.00
2017.08.17 15:38:25.887,1.28849,1.28851,2.25,1.00
2017.08.17 15:38:26.042,1.2885,1.28853,1.87,1.00
2017.08.17 15:38:27.106,1.28851,1.28854,2.62,1.00
2017.08.17 15:38:27.162,1.28851,1.28855,2.62,1.00
2017.08.17 15:38:27.703,1.28851,1.28854,2.62,1.00
2017.08.17 15:38:29.129,1.28849,1.28854,1.12,1.50
2017.08.17 15:38:29.180,1.28848,1.2885,1.00,1.00
2017.08.17 15:38:29.282,1.28848,1.28851,1.87,1.00
2017.08.17 15:38:30.253,1.2885,1.28851,1.50,1.00
2017.08.17 15:38:31.044,1.28848,1.2885,1.12,1.00
2017.08.17 15:38:31.575,1.28847,1.28849,1.00,1.00
2017.08.17 15:38:32.091,1.28845,1.28848,1.00,1.00
2017.08.17 15:38:32.725,1.28845,1.28847,1.87,1.00
2017.08.17 15:38:33.239,1.28845,1.28848,1.87,1.00
2017.08.17 15:38:34.196,1.28844,1.28847,3.56,1.00
2017.08.17 15:38:36.609,1.28844,1.28847,1.12,1.00
2017.08.17 15:38:41.527,1.28843,1.28846,1.50,1.00
2017.08.17 15:38:43.470,1.28843,1.28846,1.50,1.00
2017.08.17 15:38:44.221,1.28843,1.28845,1.00,1.00
2017.08.17 15:38:48.654,1.28842,1.28844,1.00,1.00
2017.08.17 15:38:49.172,1.28843,1.28845,1.87,1.00
2017.08.17 15:38:49.688,1.28842,1.28845,1.37,1.00
2017.08.17 15:38:50.594,1.28842,1.28846,1.75,1.00
2017.08.17 15:38:50.858,1.28843,1.28845,1.00,1.00
2017.08.17 15:38:52.408,1.28841,1.28844,4.50,1.00
2017.08.17 15:38:53.556,1.28841,1.28844,1.87,1.00
2017.08.17 15:38:54.984,1.28842,1.28846,4.87,1.00
2017.08.17 15:38:55.734,1.28842,1.28846,1.12,1.00
2017.08.17 15:38:55.786,1.28842,1.28844,1.12,1.00
2017.08.17 15:38:58.155,1.28843,1.28846,1.37,1.00
2017.08.17 15:38:58.206,1.28841,1.28843,1.87,1.00
2017.08.17 15:38:58.514,1.28839,1.2884,1.87,1.00
2017.08.17 15:38:58.816,1.28839,1.28845,3.00,1.87
2017.08.17 15:38:58.868,1.28843,1.28846,1.12,1.25
2017.08.17 15:38:59.174,1.28841,1.28844,24.00,1.00
2017.08.17 15:38:59.283,1.28843,1.28847,1.12,1.87
2017.08.17 15:38:59.952,1.28843,1.28845,27.00,1.00
2017.08.17 15:39:01.408,1.28841,1.28844,1.87,1.00
2017.08.17 15:39:01.510,1.28841,1.28846,1.75,1.50
2017.08.17 15:39:01.562,1.28841,1.28843,1.00,1.00
2017.08.17 15:39:02.849,1.28842,1.28844,7.87,1.00
2017.08.17 15:39:03.635,1.28842,1.28846,42.37,1.00
2017.08.17 15:39:04.773,1.28842,1.28845,42.37,1.00
2017.08.17 15:39:05.290,1.28842,1.28846,42.37,1.00
2017.08.17 15:39:05.803,1.28842,1.28846,1.37,1.00
2017.08.17 15:39:10.051,1.28842,1.28846,3.00,1.00
2017.08.17 15:39:10.556,1.28841,1.28846,1.87,1.12
2017.08.17 15:39:12.044,1.2884,1.28846,2.25,1.00
2017.08.17 15:39:12.326,1.2884,1.28846,2.62,1.12
2017.08.17 15:39:12.846,1.28843,1.28846,1.00,1.12
2017.08.17 15:39:17.488,1.28842,1.28846,2.25,1.00
2017.08.17 15:39:18.579,1.28842,1.28847,1.00,1.87
2017.08.17 15:39:19.193,1.28843,1.28847,1.00,1.00
2017.08.17 15:39:20.663,1.28843,1.28846,1.00,1.87
2017.08.17 15:39:20.714,1.28841,1.28845,1.87,1.00
2017.08.17 15:39:21.685,1.2884,1.28845,1.50,1.00
2017.08.17 15:39:21.868,1.2884,1.28847,1.87,2.25
2017.08.17 15:39:22.490,1.28842,1.28847,1.00,2.25
2017.08.17 15:39:22.818,1.28839,1.28845,2.62,1.87
2017.08.17 15:39:23.357,1.28842,1.28845,1.00,1.12
2017.08.17 15:39:23.732,1.28837,1.28843,2.25,1.12
2017.08.17 15:39:23.784,1.28837,1.28843,1.00,1.12
2017.08.17 15:39:23.886,1.28836,1.28842,1.37,1.37
2017.08.17 15:39:25.112,1.28839,1.28842,1.50,1.00
2017.08.17 15:39:25.216,1.28839,1.28845,1.50,2.62
2017.08.17 15:39:32.261,1.28837,1.28843,2.25,1.50
2017.08.17 15:39:32.516,1.28834,1.2884,1.00,2.62
2017.08.17 15:39:33.041,1.28833,1.28839,2.62,1.00
2017.08.17 15:39:33.553,1.28833,1.2884,2.62,1.00
2017.08.17 15:39:35.605,1.28833,1.2884,1.37,3.00
2017.08.17 15:39:36.053,1.28832,1.28839,1.87,4.50
2017.08.17 15:39:36.583,1.28831,1.28837,2.62,2.25
2017.08.17 15:39:37.476,1.28831,1.28837,2.25,1.50
2017.08.17 15:39:38.949,1.28831,1.28836,1.87,1.00
2017.08.17 15:39:39.458,1.2883,1.28837,2.62,3.00
2017.08.17 15:39:42.114,1.2883,1.28837,2.25,1.50
2017.08.17 15:39:42.989,1.2883,1.28836,2.25,1.00
2017.08.17 15:39:44.303,1.2883,1.28836,1.37,1.00
2017.08.17 15:39:46.946,1.2883,1.28837,1.00,1.50
2017.08.17 15:39:48.445,1.28829,1.28833,1.00,2.59
2017.08.17 15:39:48.628,1.28819,1.28826,3.37,14.25
2017.08.17 15:39:48.783,1.28822,1.28828,7.87,8.62
2017.08.17 15:39:48.835,1.28823,1.2883,8.25,12.82
2017.08.17 15:39:48.887,1.28823,1.28828,11.62,2.25
2017.08.17 15:39:49.040,1.28825,1.2883,1.87,1.00
2017.08.17 15:39:49.194,1.28825,1.28831,4.12,1.00
2017.08.17 15:39:49.450,1.28825,1.28832,3.00,1.00
2017.08.17 15:39:50.123,1.28825,1.28831,1.12,1.00
2017.08.17 15:39:50.432,1.28826,1.28833,1.37,1.37
2017.08.17 15:39:50.739,1.2883,1.28838,1.37,3.75
2017.08.17 15:39:51.043,1.28831,1.28838,1.37,3.75
2017.08.17 15:39:51.794,1.2883,1.28838,1.37,3.00
2017.08.17 15:39:52.932,1.2883,1.28837,1.00,1.87
2017.08.17 15:39:53.467,1.2883,1.28837,1.00,1.12
2017.08.17 15:39:53.932,1.28829,1.28837,3.37,1.50
2017.08.17 15:39:55.025,1.28831,1.28838,1.00,1.37
2017.08.17 15:39:55.949,1.28832,1.28838,1.00,1.37
2017.08.17 15:39:56.517,1.28833,1.28838,1.00,1.50
2017.08.17 15:39:57.045,1.28832,1.2884,1.00,5.70
2017.08.17 15:39:58.184,1.28833,1.2884,1.00,5.62
2017.08.17 15:39:58.696,1.28833,1.2884,1.00,2.62
2017.08.17 15:40:00.103,1.28832,1.2884,1.00,1.87
2017.08.17 15:40:00.410,1.28835,1.28842,2.62,1.37
2017.08.17 15:40:00.921,1.28837,1.28843,1.00,2.25
2017.08.17 15:40:01.445,1.28837,1.28843,1.00,1.50
2017.08.17 15:40:05.742,1.28837,1.28842,1.00,1.50
2017.08.17 15:40:06.759,1.28837,1.28842,1.00,1.12
2017.08.17 15:40:09.048,1.28838,1.28842,1.00,1.12
2017.08.17 15:40:09.556,1.28837,1.28842,1.00,1.87
2017.08.17 15:40:14.346,1.28838,1.28843,1.00,2.25
2017.08.17 15:40:15.036,1.28837,1.28844,1.87,4.50
2017.08.17 15:40:15.319,1.28838,1.28844,1.87,2.62
2017.08.17 15:40:15.830,1.2884,1.28845,1.00,1.00
2017.08.17 15:40:16.465,1.28839,1.28846,4.50,1.00
2017.08.17 15:40:18.180,1.2884,1.28846,1.12,1.00
2017.08.17 15:40:18.690,1.28842,1.28847,1.12,1.12
2017.08.17 15:40:19.211,1.28842,1.28849,1.12,3.00
2017.08.17 15:40:19.853,1.28839,1.28846,3.07,1.00
2017.08.17 15:40:20.363,1.2884,1.28847,2.62,1.50
2017.08.17 15:40:21.040,1.2884,1.28847,1.75,1.50
2017.08.17 15:40:24.448,1.2884,1.28848,3.37,1.50
2017.08.17 15:40:28.672,1.2884,1.28848,1.50,2.25
2017.08.17 15:40:30.332,1.2884,1.28848,1.12,1.50
2017.08.17 15:40:30.384,1.28842,1.28848,1.00,1.50
2017.08.17 15:40:32.618,1.28842,1.28848,1.12,1.50
2017.08.17 15:40:33.175,1.28842,1.28848,1.00,1.00
2017.08.17 15:40:33.717,1.28842,1.28848,1.50,1.50
2017.08.17 15:40:36.644,1.2884,1.28847,3.00,1.87
2017.08.17 15:40:37.179,1.2884,1.28846,1.37,1.00
2017.08.17 15:40:37.816,1.2884,1.28846,1.50,1.00
2017.08.17 15:40:39.770,1.2884,1.28846,3.00,1.00
2017.08.17 15:40:43.204,1.2884,1.28847,3.37,1.00
2017.08.17 15:40:43.810,1.28841,1.28848,1.00,1.12
2017.08.17 15:40:44.746,1.28841,1.28848,1.37,1.00
2017.08.17 15:40:47.692,1.28842,1.28848,1.00,1.37
2017.08.17 15:40:50.349,1.28841,1.28848,1.00,1.00
2017.08.17 15:40:51.440,1.28842,1.28848,1.00,1.37
2017.08.17 15:40:52.604,1.28841,1.28848,1.12,1.12
2017.08.17 15:40:58.480,1.28841,1.28848,1.37,1.50
2017.08.17 15:40:59.341,1.28841,1.28848,1.00,1.12
2017.08.17 15:41:02.792,1.28841,1.28849,1.87,3.00
2017.08.17 15:41:03.869,1.28842,1.28849,1.00,1.87
2017.08.17 15:41:04.546,1.28842,1.28849,2.25,2.62
2017.08.17 15:41:04.700,1.28841,1.28849,3.45,1.87
2017.08.17 15:41:06.464,1.28841,1.28849,1.50,3.00
2017.08.17 15:41:07.596,1.28841,1.28845,2.62,1.00
2017.08.17 15:41:07.648,1.28841,1.28847,2.62,1.12
2017.08.17 15:41:10.612,1.28842,1.28847,1.87,1.37
2017.08.17 15:41:13.920,1.28842,1.28847,1.50,1.00
2017.08.17 15:41:17.557,1.28843,1.28847,1.00,1.00
2017.08.17 15:41:22.113,1.28843,1.28848,1.00,1.12
2017.08.17 15:41:22.618,1.28842,1.28848,1.50,1.12
2017.08.17 15:41:26.391,1.28842,1.28848,1.87,1.37
2017.08.17 15:41:27.922,1.28842,1.28848,1.50,1.87
2017.08.17 15:41:29.926,1.28843,1.28848,1.50,1.12
2017.08.17 15:41:30.282,1.28846,1.28852,5.25,1.75
2017.08.17 15:41:30.385,1.2885,1.28856,3.00,1.87
2017.08.17 15:41:30.794,1.2885,1.28857,1.50,1.87
2017.08.17 15:41:31.843,1.28849,1.28854,2.25,1.50
2017.08.17 15:41:32.251,1.28847,1.28854,3.37,1.87
2017.08.17 15:41:32.303,1.28847,1.28851,1.50,1.00
2017.08.17 15:41:32.581,1.28842,1.28848,1.37,1.00
2017.08.17 15:41:33.253,1.28841,1.28848,1.37,1.50
2017.08.17 15:41:33.773,1.2884,1.28847,1.12,1.50
2017.08.17 15:41:34.481,1.28841,1.28847,1.00,1.00
2017.08.17 15:41:37.576,1.2884,1.28847,2.25,2.24
2017.08.17 15:41:38.143,1.28839,1.28845,1.75,1.00
2017.08.17 15:41:39.377,1.2884,1.28845,1.37,1.00
2017.08.17 15:41:41.497,1.2884,1.28845,1.00,1.00
2017.08.17 15:41:42.387,1.28842,1.28845,1.00,1.00
2017.08.17 15:41:46.491,1.2884,1.28846,1.75,1.12
2017.08.17 15:41:46.645,1.28841,1.28848,1.50,1.95
2017.08.17 15:41:47.661,1.28842,1.28848,1.00,1.87
2017.08.17 15:41:48.220,1.2884,1.28848,3.75,1.87
2017.08.17 15:41:50.060,1.28841,1.28848,1.75,1.87
2017.08.17 15:41:50.591,1.28842,1.28847,1.12,1.00
2017.08.17 15:41:59.062,1.28842,1.28848,1.87,1.00
2017.08.17 15:41:59.398,1.28842,1.28849,3.37,1.87
2017.08.17 15:42:00.525,1.28844,1.28849,1.00,1.00
2017.08.17 15:42:01.151,1.28843,1.28849,1.12,1.50
2017.08.17 15:42:03.176,1.28843,1.28849,1.50,1.12
2017.08.17 15:42:05.838,1.28843,1.28849,1.37,1.87
2017.08.17 15:42:06.939,1.28842,1.28849,1.87,1.12
2017.08.17 15:42:07.816,1.28843,1.28849,1.12,2.62
2017.08.17 15:42:12.416,1.28843,1.28849,1.87,2.32
2017.08.17 15:42:15.607,1.28842,1.28849,1.37,3.82
2017.08.17 15:42:18.968,1.28843,1.28849,1.00,4.95
2017.08.17 15:42:22.888,1.28843,1.28849,1.37,1.57
2017.08.17 15:42:24.106,1.28843,1.28849,1.00,1.01
2017.08.17 15:42:29.277,1.28843,1.28849,1.37,1.10
2017.08.17 15:42:29.800,1.28843,1.28848,1.37,1.00
2017.08.17 15:42:33.544,1.28843,1.28848,1.00,1.00
2017.08.17 15:42:34.656,1.28843,1.28848,1.37,1.12
2017.08.17 15:42:35.697,1.28843,1.28848,1.12,1.12
2017.08.17 15:42:37.565,1.28843,1.28848,1.50,1.00
2017.08.17 15:42:41.671,1.28843,1.28848,1.50,1.50
2017.08.17 15:42:42.337,1.28843,1.28848,1.00,1.37
2017.08.17 15:42:54.071,1.28842,1.28848,4.12,1.37
2017.08.17 15:42:54.924,1.28843,1.28849,2.25,1.12
2017.08.17 15:42:55.436,1.28844,1.28849,2.62,1.00
2017.08.17 15:42:56.724,1.28849,1.28852,1.50,3.75
2017.08.17 15:42:56.775,1.28849,1.28854,1.87,1.50
2017.08.17 15:42:57.509,1.2885,1.28854,1.87,1.00
2017.08.17 15:42:58.041,1.2885,1.28854,1.50,1.00
2017.08.17 15:42:58.560,1.28847,1.28854,3.37,1.00
2017.08.17 15:42:59.106,1.28847,1.28853,1.87,1.00
2017.08.17 15:43:00.138,1.2885,1.28853,1.50,1.12
2017.08.17 15:43:00.682,1.28848,1.28853,1.37,1.12
2017.08.17 15:43:01.649,1.28847,1.28853,3.00,1.00
2017.08.17 15:43:06.211,1.28847,1.28853,3.00,1.00
2017.08.17 15:43:09.629,1.28845,1.28852,3.00,1.50
2017.08.17 15:43:09.732,1.28845,1.28852,2.25,1.87
2017.08.17 15:43:10.248,1.28845,1.28851,2.25,1.12
2017.08.17 15:43:11.352,1.28843,1.28848,1.12,1.00
2017.08.17 15:43:11.887,1.28844,1.28848,1.50,1.00
2017.08.17 15:43:15.475,1.28844,1.28851,1.50,1.87
2017.08.17 15:43:17.813,1.28843,1.28851,2.25,1.87
2017.08.17 15:43:19.571,1.28843,1.28848,1.87,1.00
2017.08.17 15:43:20.088,1.28843,1.28847,1.50,1.00
2017.08.17 15:43:20.618,1.28842,1.28848,2.81,1.00
2017.08.17 15:43:21.279,1.28842,1.28847,1.50,1.00
2017.08.17 15:43:21.789,1.28842,1.28848,1.50,3.37
2017.08.17 15:43:23.884,1.28842,1.28848,1.00,2.62
2017.08.17 15:43:25.683,1.28842,1.28848,1.50,2.62
2017.08.17 15:43:30.209,1.28842,1.28847,1.00,1.00
2017.08.17 15:43:32.739,1.28842,1.28848,1.12,1.87
2017.08.17 15:43:33.352,1.28843,1.28848,1.50,1.00
2017.08.17 15:43:33.455,1.28844,1.28851,2.06,1.12
2017.08.17 15:43:33.614,1.28846,1.28853,1.12,1.87
2017.08.17 15:43:33.665,1.28847,1.28853,1.87,1.12
2017.08.17 15:43:33.769,1.28849,1.28855,1.50,1.95
2017.08.17 15:43:33.872,1.28849,1.28855,2.25,1.12
2017.08.17 15:43:34.596,1.28849,1.28856,2.62,3.00
2017.08.17 15:43:35.461,1.28848,1.28854,2.62,1.00
2017.08.17 15:43:36.004,1.28848,1.28855,3.00,1.87
2017.08.17 15:43:39.527,1.28849,1.28856,2.25,3.00
2017.08.17 15:43:39.781,1.28848,1.28855,2.62,1.00
2017.08.17 15:43:41.810,1.28851,1.28857,1.50,3.00
2017.08.17 15:43:41.862,1.28851,1.28857,1.50,1.50
2017.08.17 15:43:42.374,1.28851,1.28858,2.62,1.50
2017.08.17 15:43:44.635,1.28851,1.28858,2.25,1.12
2017.08.17 15:43:45.182,1.2885,1.28858,3.00,1.57
2017.08.17 15:43:45.704,1.2885,1.28858,3.00,1.20
2017.08.17 15:43:48.079,1.2885,1.28858,3.00,1.95
2017.08.17 15:43:48.907,1.2885,1.28858,3.00,2.32
2017.08.17 15:43:49.428,1.2885,1.28858,3.00,1.95
2017.08.17 15:43:50.286,1.28852,1.28857,1.00,1.00
2017.08.17 15:43:52.674,1.28851,1.28858,1.00,1.95
2017.08.17 15:43:55.491,1.28852,1.28858,1.50,1.57
2017.08.17 15:44:02.550,1.2885,1.28857,3.00,1.00
2017.08.17 15:44:02.755,1.2885,1.28857,1.00,2.70
2017.08.17 15:44:03.136,1.28849,1.28854,1.12,1.50
2017.08.17 15:44:03.852,1.28847,1.28854,1.87,1.95
2017.08.17 15:44:04.728,1.28845,1.28852,1.00,4.57
2017.08.17 15:44:04.882,1.28845,1.28852,1.00,6.07
2017.08.17 15:44:05.729,1.28842,1.28849,1.00,4.57
2017.08.17 15:44:05.781,1.28841,1.28846,1.00,1.12
2017.08.17 15:44:06.857,1.28841,1.28847,1.69,1.00
2017.08.17 15:44:08.129,1.28841,1.28847,2.62,1.00
2017.08.17 15:44:13.104,1.28841,1.28847,1.12,2.25
2017.08.17 15:44:13.702,1.2884,1.28847,1.12,3.37
2017.08.17 15:44:14.302,1.28841,1.28847,1.37,4.87
2017.08.17 15:44:15.558,1.28841,1.28847,1.12,3.00
2017.08.17 15:44:16.067,1.28841,1.28847,1.12,1.87
2017.08.17 15:44:20.928,1.28838,1.28844,1.75,1.00
2017.08.17 15:44:21.438,1.28838,1.28844,1.75,1.37
2017.08.17 15:44:21.978,1.28838,1.28844,1.75,1.00
2017.08.17 15:44:23.934,1.28836,1.28841,2.32,2.25
2017.08.17 15:44:23.986,1.28836,1.2884,1.10,1.50
2017.08.17 15:44:24.088,1.28834,1.28839,1.00,1.00
2017.08.17 15:44:24.587,1.28834,1.28837,1.00,1.00
2017.08.17 15:44:25.137,1.28834,1.28838,1.00,1.12
2017.08.17 15:44:25.685,1.28831,1.28838,1.12,1.87
2017.08.17 15:44:26.553,1.28831,1.28837,1.12,1.50
2017.08.17 15:44:27.076,1.28831,1.28837,1.37,1.87
2017.08.17 15:44:27.688,1.2883,1.28837,1.50,1.87
2017.08.17 15:44:31.494,1.2883,1.28837,1.68,2.25
2017.08.17 15:44:35.037,1.2883,1.28836,1.12,1.50
2017.08.17 15:44:36.317,1.2883,1.28836,1.00,1.12
2017.08.17 15:44:36.775,1.2883,1.28836,1.12,1.00
2017.08.17 15:44:37.708,1.2883,1.28835,1.12,1.50
2017.08.17 15:44:37.810,1.2883,1.28835,1.00,1.50
2017.08.17 15:44:37.964,1.28829,1.28832,1.00,1.50
2017.08.17 15:44:38.479,1.28826,1.28834,2.06,1.95
2017.08.17 15:44:39.093,1.28826,1.28834,1.12,3.00
2017.08.17 15:44:40.231,1.28828,1.28835,1.50,3.75
2017.08.17 15:44:41.052,1.28828,1.28835,1.12,1.00
2017.08.17 15:44:41.360,1.2883,1.28836,2.62,2.25
2017.08.17 15:44:51.002,1.28833,1.28838,1.00,1.50
2017.08.17 15:44:51.521,1.28832,1.28838,1.12,1.50
2017.08.17 15:44:54.427,1.28833,1.28838,1.00,1.50
2017.08.17 15:44:54.935,1.28832,1.28838,1.12,1.50
2017.08.17 15:44:58.605,1.28832,1.28837,1.12,1.00
2017.08.17 15:45:00.394,1.28833,1.28838,1.00,1.50
2017.08.17 15:45:01.052,1.28832,1.28838,1.12,1.50
2017.08.17 15:45:01.600,1.28833,1.28837,1.00,1.50
2017.08.17 15:45:02.111,1.28832,1.28837,1.12,1.50
2017.08.17 15:45:02.635,1.28832,1.28838,1.50,1.50
2017.08.17 15:45:03.568,1.28832,1.28838,1.50,1.00
2017.08.17 15:45:04.607,1.28832,1.28838,1.12,1.50
2017.08.17 15:45:05.595,1.28832,1.28838,1.37,1.00
2017.08.17 15:45:06.655,1.28832,1.28839,1.37,3.00
2017.08.17 15:45:07.906,1.28832,1.28839,1.12,3.00
2017.08.17 15:45:08.626,1.28832,1.28839,4.50,1.12
2017.08.17 15:45:08.933,1.28839,1.28846,1.50,1.12
2017.08.17 15:45:09.035,1.2884,1.28846,1.87,1.12
2017.08.17 15:45:09.191,1.28841,1.28848,1.37,1.12
2017.08.17 15:45:09.704,1.28842,1.28849,2.62,1.87
2017.08.17 15:45:09.756,1.28843,1.2885,3.75,1.00
2017.08.17 15:45:10.319,1.28843,1.28851,1.00,2.62
2017.08.17 15:45:10.601,1.28843,1.28851,3.00,2.62
2017.08.17 15:45:11.148,1.28843,1.28851,3.75,3.00
2017.08.17 15:45:11.980,1.28843,1.28851,3.75,3.00
2017.08.17 15:45:12.800,1.28843,1.28851,4.12,1.87
2017.08.17 15:45:13.330,1.28843,1.28852,1.87,5.44
2017.08.17 15:45:13.857,1.28844,1.28851,1.37,1.50
2017.08.17 15:45:13.908,1.28844,1.28851,1.37,3.00
2017.08.17 15:45:15.650,1.28843,1.28849,1.50,1.12
2017.08.17 15:45:16.702,1.28842,1.2885,2.25,3.37
2017.08.17 15:45:19.251,1.28842,1.2885,1.87,3.37
2017.08.17 15:45:21.333,1.28842,1.2885,1.87,2.62
2017.08.17 15:45:21.876,1.28842,1.2885,3.75,3.37
2017.08.17 15:45:22.402,1.28843,1.2885,1.00,2.62
2017.08.17 15:45:24.729,1.28842,1.2885,3.75,1.12
2017.08.17 15:45:25.037,1.28848,1.28854,1.75,1.00
2017.08.17 15:45:25.382,1.28848,1.28854,1.50,1.00
2017.08.17 15:45:25.945,1.28847,1.28852,1.00,1.50
2017.08.17 15:45:27.146,1.28846,1.28849,1.00,1.50
2017.08.17 15:45:27.250,1.28842,1.28849,1.87,4.12
2017.08.17 15:45:27.302,1.28842,1.28848,1.12,1.50
2017.08.17 15:45:28.892,1.28843,1.28848,1.00,1.50
2017.08.17 15:45:29.414,1.28843,1.28848,1.12,2.25
2017.08.17 15:45:31.263,1.28843,1.28848,1.00,1.87
2017.08.17 15:45:31.805,1.28842,1.28848,1.00,2.62
2017.08.17 15:45:32.039,1.28842,1.28846,1.00,1.50
2017.08.17 15:45:36.119,1.28842,1.28848,1.00,3.75
2017.08.17 15:45:37.112,1.28843,1.28848,1.00,3.00
2017.08.17 15:45:39.140,1.28842,1.28848,1.00,1.50
2017.08.17 15:45:39.345,1.28842,1.28849,1.12,3.45
2017.08.17 15:45:39.867,1.28843,1.28849,1.00,3.82
2017.08.17 15:45:40.431,1.28843,1.28849,1.00,3.82
2017.08.17 15:45:41.510,1.28843,1.28849,1.00,5.32
2017.08.17 15:45:42.018,1.28842,1.28849,1.50,3.82
2017.08.17 15:45:44.616,1.28842,1.28849,1.50,3.82
2017.08.17 15:45:45.335,1.28843,1.28849,1.00,3.82
2017.08.17 15:45:50.089,1.28843,1.28849,1.12,2.32
2017.08.17 15:45:52.025,1.28842,1.28849,1.50,2.70
2017.08.17 15:45:52.896,1.28843,1.28849,1.00,1.50
2017.08.17 15:45:53.430,1.28843,1.28849,1.00,2.25
2017.08.17 15:45:53.946,1.28842,1.28849,1.50,2.25
2017.08.17 15:45:54.450,1.28842,1.28849,1.50,2.25
2017.08.17 15:45:56.578,1.28842,1.28849,1.12,1.87
2017.08.17 15:45:57.171,1.28842,1.28849,1.12,2.25
2017.08.17 15:45:57.688,1.28842,1.28849,1.12,1.87
2017.08.17 15:45:58.230,1.28842,1.28849,1.12,2.25
2017.08.17 15:46:01.807,1.28843,1.28848,1.00,1.12
2017.08.17 15:46:03.639,1.28843,1.28848,1.00,2.25
2017.08.17 15:46:04.387,1.28842,1.28848,1.50,1.50
2017.08.17 15:46:04.946,1.28842,1.28848,1.12,1.12
2017.08.17 15:46:07.117,1.28843,1.28848,1.00,1.87
2017.08.17 15:46:08.112,1.28843,1.28848,1.00,1.87
2017.08.17 15:46:08.850,1.28842,1.28848,1.50,1.95
2017.08.17 15:46:09.310,1.28843,1.28848,1.69,1.00
2017.08.17 15:46:09.566,1.28844,1.2885,1.00,1.12
2017.08.17 15:46:09.770,1.28842,1.2885,3.00,1.12
2017.08.17 15:46:10.641,1.28842,1.2885,2.25,1.50
2017.08.17 15:46:11.817,1.28842,1.28851,1.50,1.75
2017.08.17 15:46:13.082,1.28842,1.28852,2.06,6.82
2017.08.17 15:46:14.620,1.28849,1.2885,1.00,1.00
2017.08.17 15:46:14.673,1.28849,1.28853,2.62,1.87
2017.08.17 15:46:14.725,1.28857,1.2886,2.25,1.25
2017.08.17 15:46:14.777,1.28857,1.2886,4.50,1.25
2017.08.17 15:46:14.829,1.28858,1.28863,1.37,1.07
2017.08.17 15:46:14.998,1.28858,1.28864,1.12,1.87
2017.08.17 15:46:15.049,1.28858,1.28865,1.00,3.94
2017.08.17 15:46:15.101,1.28858,1.28865,1.50,1.87
2017.08.17 15:46:15.611,1.28859,1.28866,1.75,1.00
2017.08.17 15:46:15.919,1.28857,1.28862,2.25,2.25
2017.08.17 15:46:16.022,1.28857,1.28864,1.50,1.00
2017.08.17 15:46:17.294,1.28858,1.28864,1.50,1.50
2017.08.17 15:46:18.613,1.28859,1.28865,2.25,1.69
2017.08.17 15:46:20.624,1.28859,1.28866,1.87,1.50
2017.08.17 15:46:21.475,1.28859,1.28866,2.25,2.62
2017.08.17 15:46:23.198,1.2886,1.28866,1.87,1.12
2017.08.17 15:46:23.301,1.28861,1.28866,2.62,1.00
2017.08.17 15:46:23.837,1.28861,1.28867,2.25,1.12
2017.08.17 15:46:25.275,1.2886,1.28867,1.00,1.00
2017.08.17 15:46:26.308,1.28859,1.28867,4.50,2.25
2017.08.17 15:46:27.316,1.28859,1.28867,3.00,1.12
2017.08.17 15:46:27.664,1.28861,1.28868,1.12,3.00
2017.08.17 15:46:27.971,1.28859,1.28866,1.37,1.00
2017.08.17 15:46:28.022,1.28858,1.28866,3.75,1.37
2017.08.17 15:46:28.176,1.28858,1.28865,1.87,2.25
2017.08.17 15:46:29.256,1.28857,1.28864,1.00,1.37
2017.08.17 15:46:29.768,1.28856,1.28862,2.25,1.00
2017.08.17 15:46:30.318,1.28856,1.28864,4.12,1.50
2017.08.17 15:46:30.920,1.28856,1.28863,4.50,1.50
2017.08.17 15:46:31.685,1.28856,1.28863,1.50,1.50
2017.08.17 15:46:33.666,1.28856,1.28863,1.00,1.87
2017.08.17 15:46:34.339,1.28857,1.28863,1.50,1.12
2017.08.17 15:46:34.961,1.28856,1.28863,2.62,1.12
2017.08.17 15:46:35.510,1.28857,1.28863,1.50,1.12
2017.08.17 15:46:35.562,1.28857,1.28863,2.25,1.12
2017.08.17 15:46:36.593,1.28857,1.28863,2.62,1.00
2017.08.17 15:46:37.303,1.28857,1.28862,1.37,1.00
2017.08.17 15:46:37.825,1.28857,1.28863,1.37,2.70
2017.08.17 15:46:38.164,1.28856,1.28862,1.00,2.25
2017.08.17 15:46:38.695,1.28856,1.28862,1.00,1.50
2017.08.17 15:46:39.204,1.28855,1.28862,1.87,1.50
2017.08.17 15:46:39.561,1.28854,1.28859,1.50,1.87
2017.08.17 15:46:40.097,1.28852,1.28859,3.94,1.87
2017.08.17 15:46:40.730,1.28852,1.28859,3.94,1.87
2017.08.17 15:46:43.088,1.28852,1.28859,4.12,1.87
2017.08.17 15:46:48.286,1.28852,1.28859,2.62,1.50
2017.08.17 15:46:49.318,1.28854,1.28862,3.19,3.45
2017.08.17 15:46:49.369,1.28856,1.28862,3.37,1.12
2017.08.17 15:46:49.782,1.28856,1.2886,2.25,1.00
2017.08.17 15:46:50.293,1.28854,1.2886,1.87,1.00
2017.08.17 15:46:50.823,1.28854,1.2886,1.87,1.00
2017.08.17 15:46:53.069,1.28854,1.28861,1.50,1.85
2017.08.17 15:46:54.969,1.28853,1.2886,1.12,1.87
2017.08.17 15:46:55.021,1.28853,1.2886,1.12,2.25
2017.08.17 15:46:55.736,1.28853,1.2886,3.00,1.00
2017.08.17 15:46:56.331,1.28856,1.2886,1.00,1.00
2017.08.17 15:46:56.474,1.28856,1.28862,2.62,1.87
2017.08.17 15:46:56.528,1.28861,1.28867,1.12,1.12
2017.08.17 15:46:57.812,1.28862,1.28868,2.62,1.12
2017.08.17 15:46:58.330,1.28862,1.28867,2.62,1.00
2017.08.17 15:46:59.091,1.28862,1.28868,3.00,1.12
2017.08.17 15:46:59.640,1.28863,1.28868,1.00,1.00
2017.08.17 15:47:00.134,1.28863,1.2887,1.00,2.62
2017.08.17 15:47:00.940,1.28862,1.2887,2.25,3.75
2017.08.17 15:47:01.451,1.28862,1.28868,1.37,1.12
2017.08.17 15:47:02.007,1.28862,1.28868,1.75,1.12
2017.08.17 15:47:02.335,1.28862,1.28868,1.00,1.87
2017.08.17 15:47:06.050,1.28862,1.28868,1.00,1.87
2017.08.17 15:47:06.662,1.28862,1.28868,1.12,1.50
2017.08.17 15:47:07.740,1.28862,1.28871,3.94,3.45
2017.08.17 15:47:08.252,1.28862,1.28869,1.12,1.50
2017.08.17 15:47:08.763,1.28862,1.28869,1.75,1.87
2017.08.17 15:47:09.344,1.2886,1.28866,2.25,1.00
2017.08.17 15:47:09.855,1.2886,1.28866,2.25,1.00
2017.08.17 15:47:10.564,1.2886,1.28866,2.25,1.00
2017.08.17 15:47:11.118,1.2886,1.28867,2.25,1.12
2017.08.17 15:47:12.886,1.2886,1.28867,2.25,1.50
2017.08.17 15:47:15.869,1.28863,1.28869,1.50,1.00
2017.08.17 15:47:16.176,1.2887,1.28875,1.00,5.62
2017.08.17 15:47:17.039,1.2887,1.28874,1.00,1.50
2017.08.17 15:47:17.611,1.2887,1.28875,1.00,1.00
2017.08.17 15:47:17.816,1.2887,1.28876,1.75,2.25
2017.08.17 15:47:18.328,1.28871,1.28877,1.37,1.87
2017.08.17 15:47:19.041,1.2887,1.28877,2.25,1.00
2017.08.17 15:47:21.610,1.28871,1.28878,1.37,3.75
2017.08.17 15:47:22.194,1.2887,1.28877,1.75,1.00
2017.08.17 15:47:22.247,1.28869,1.28877,2.25,1.12
2017.08.17 15:47:22.349,1.28868,1.28875,4.50,1.00
2017.08.17 15:47:22.864,1.28868,1.28874,2.62,1.00
2017.08.17 15:47:23.119,1.28868,1.28875,1.00,2.62
2017.08.17 15:47:24.105,1.28867,1.28875,1.12,2.25
2017.08.17 15:47:24.615,1.28867,1.28875,1.12,2.81
2017.08.17 15:47:25.187,1.28868,1.28875,1.00,2.25
2017.08.17 15:47:25.781,1.28868,1.28875,1.00,2.25
2017.08.17 15:47:26.282,1.28868,1.28875,1.00,3.00
2017.08.17 15:47:27.046,1.28867,1.28874,1.75,1.57
2017.08.17 15:47:27.886,1.28866,1.28871,1.12,1.50
2017.08.17 15:47:27.989,1.28863,1.2887,1.12,1.00
2017.08.17 15:47:28.519,1.28862,1.2887,2.62,2.25
2017.08.17 15:47:30.317,1.28862,1.2887,2.62,3.00
2017.08.17 15:47:32.756,1.2886,1.28867,1.75,1.12
2017.08.17 15:47:33.785,1.28859,1.28867,3.94,1.00
2017.08.17 15:47:37.731,1.28859,1.28867,3.37,1.12
2017.08.17 15:47:38.188,1.28859,1.28867,4.31,1.00
2017.08.17 15:47:39.250,1.28859,1.28867,4.31,1.37
2017.08.17 15:47:40.938,1.2886,1.28868,1.87,2.25
2017.08.17 15:47:42.031,1.28859,1.28868,3.94,3.00
2017.08.17 15:47:45.151,1.2886,1.28867,1.50,1.50
2017.08.17 15:47:45.750,1.2886,1.28867,1.00,1.50
2017.08.17 15:47:51.853,1.2886,1.28867,1.00,1.95
2017.08.17 15:47:52.782,1.28861,1.28868,1.12,1.12
2017.08.17 15:47:52.834,1.28861,1.28868,1.00,1.75
2017.08.17 15:47:53.343,1.2886,1.28866,1.12,1.12
2017.08.17 15:47:55.186,1.28861,1.28866,1.00,1.00
2017.08.17 15:47:55.824,1.28861,1.28866,1.00,1.95
2017.08.17 15:47:55.875,1.2886,1.28866,1.00,1.95
2017.08.17 15:47:56.223,1.28858,1.28866,1.12,1.95
2017.08.17 15:47:56.501,1.28859,1.28867,2.62,4.12
2017.08.17 15:47:56.553,1.28859,1.28867,4.12,3.00
2017.08.17 15:47:57.266,1.2886,1.28867,1.00,2.25
2017.08.17 15:47:57.809,1.28859,1.28867,2.62,2.25
2017.08.17 15:47:57.860,1.28861,1.28867,1.12,1.12
2017.08.17 15:47:58.218,1.28861,1.28867,1.00,2.25
2017.08.17 15:47:58.372,1.28859,1.28866,1.12,1.57
2017.08.17 15:47:58.730,1.28859,1.28866,1.75,1.57
2017.08.17 15:47:58.960,1.2886,1.28867,1.50,1.87
2017.08.17 15:48:00.777,1.28862,1.28867,1.00,1.00
2017.08.17 15:48:01.416,1.28861,1.28867,1.00,1.50
2017.08.17 15:48:02.290,1.28861,1.28867,1.12,1.12
2017.08.17 15:48:02.857,1.28862,1.28868,1.00,2.25
2017.08.17 15:48:03.377,1.28863,1.28868,1.00,1.50
2017.08.17 15:48:03.890,1.28862,1.28868,1.00,1.95
2017.08.17 15:48:04.406,1.28861,1.28868,1.50,2.25
2017.08.17 15:48:04.917,1.28861,1.28867,1.12,1.00
2017.08.17 15:48:05.532,1.28863,1.28868,1.00,2.25
2017.08.17 15:48:06.044,1.28862,1.28867,1.00,1.12
2017.08.17 15:48:09.979,1.28862,1.28868,1.12,1.12
2017.08.17 15:48:10.286,1.28862,1.28867,1.00,1.50
2017.08.17 15:48:11.322,1.28861,1.28867,1.50,1.50
2017.08.17 15:48:11.845,1.28861,1.28867,1.12,1.00
2017.08.17 15:48:12.732,1.28861,1.28867,1.87,1.37
2017.08.17 15:48:13.883,1.28861,1.28868,1.12,1.87
2017.08.17 15:48:14.384,1.28861,1.28867,2.62,1.12
2017.08.17 15:48:16.583,1.28861,1.28867,1.87,1.37
2017.08.17 15:48:18.270,1.28861,1.28868,1.12,2.25
2017.08.17 15:48:18.772,1.28861,1.28868,1.12,2.25
2017.08.17 15:48:23.910,1.28861,1.28867,1.37,1.37
2017.08.17 15:48:24.257,1.28861,1.28868,1.00,1.12
2017.08.17 15:48:24.411,1.28863,1.28868,1.00,1.12
2017.08.17 15:48:24.516,1.28861,1.28867,2.62,1.00
2017.08.17 15:48:25.025,1.2886,1.28868,3.37,1.50
2017.08.17 15:48:25.629,1.28861,1.28867,1.12,1.00
2017.08.17 15:48:26.173,1.2886,1.28867,1.50,1.87
2017.08.17 15:48:26.721,1.28861,1.28867,1.50,1.50
2017.08.17 15:48:27.542,1.2886,1.28867,1.50,1.37
2017.08.17 15:48:27.970,1.2886,1.28868,1.00,2.70
2017.08.17 15:48:28.021,1.28862,1.28868,1.00,2.70
2017.08.17 15:48:28.327,1.2886,1.28868,1.12,3.82
2017.08.17 15:48:28.739,1.28861,1.28867,3.00,1.12
2017.08.17 15:48:29.268,1.28861,1.28867,1.00,1.12
2017.08.17 15:48:29.850,1.28861,1.28868,1.00,2.25
2017.08.17 15:48:30.717,1.28861,1.28868,1.50,1.87
2017.08.17 15:48:31.274,1.28862,1.28868,1.00,1.87
2017.08.17 15:48:31.807,1.28862,1.28868,1.12,1.87
2017.08.17 15:48:31.910,1.28864,1.28868,1.00,2.25
2017.08.17 15:48:31.963,1.28864,1.28871,3.37,4.95
2017.08.17 15:48:32.065,1.28865,1.28871,1.12,4.12
2017.08.17 15:48:32.117,1.28865,1.28872,1.87,2.25
2017.08.17 15:48:33.298,1.28868,1.28873,2.25,2.25
2017.08.17 15:48:33.799,1.28869,1.28876,1.12,4.20
2017.08.17 15:48:34.349,1.2887,1.28876,1.00,4.12
2017.08.17 15:48:34.400,1.2887,1.28876,1.00,3.75
2017.08.17 15:48:34.645,1.2887,1.28876,1.75,1.00
2017.08.17 15:48:35.175,1.28871,1.28877,1.50,1.12
2017.08.17 15:48:35.685,1.28872,1.28877,1.50,1.50
2017.08.17 15:48:36.623,1.28872,1.28877,1.00,1.12
2017.08.17 15:48:37.762,1.2887,1.28877,1.50,1.12
2017.08.17 15:48:38.780,1.2887,1.28877,1.87,1.87
2017.08.17 15:48:40.965,1.2887,1.28877,1.50,1.50
2017.08.17 15:48:43.166,1.2887,1.28877,2.44,1.50
2017.08.17 15:48:44.147,1.2887,1.28877,1.87,1.50
2017.08.17 15:48:45.243,1.2887,1.28877,1.50,1.87
2017.08.17 15:48:47.156,1.2887,1.28877,1.87,2.25
2017.08.17 15:48:48.143,1.28872,1.28878,3.75,1.00
2017.08.17 15:48:48.451,1.28872,1.28879,1.50,3.07
2017.08.17 15:48:49.400,1.28871,1.28878,1.12,1.87
2017.08.17 15:48:49.942,1.28871,1.28877,1.87,1.87
2017.08.17 15:48:50.757,1.28869,1.28876,1.87,2.32
2017.08.17 15:48:50.965,1.28866,1.28873,1.75,3.00
2017.08.17 15:48:51.016,1.28866,1.2887,1.00,1.00
2017.08.17 15:48:51.068,1.28864,1.28868,1.12,1.00
2017.08.17 15:48:51.171,1.28861,1.28869,2.62,5.62
2017.08.17 15:48:51.222,1.28862,1.28867,1.12,4.12
2017.08.17 15:48:51.325,1.28862,1.28869,1.12,5.62
2017.08.17 15:48:52.231,1.28861,1.28868,2.25,1.87
2017.08.17 15:48:52.639,1.28859,1.28867,2.25,3.45
2017.08.17 15:48:52.945,1.28859,1.28866,2.25,6.07
2017.08.17 15:48:54.909,1.28859,1.28866,1.75,6.82
2017.08.17 15:48:55.434,1.28859,1.28865,1.75,1.50
2017.08.17 15:48:55.918,1.28859,1.28865,1.12,1.50
2017.08.17 15:48:58.087,1.2886,1.28866,1.50,1.87
2017.08.17 15:49:00.060,1.2886,1.28867,1.50,4.95
2017.08.17 15:49:00.163,1.2886,1.28867,1.50,1.12
2017.08.17 15:49:01.038,1.28862,1.28868,1.00,1.50
2017.08.17 15:49:01.091,1.28863,1.28868,1.50,1.00
2017.08.17 15:49:01.142,1.28862,1.28868,1.12,1.50
2017.08.17 15:49:01.194,1.28862,1.28867,1.12,1.37
2017.08.17 15:49:01.808,1.2886,1.28866,1.00,1.12
2017.08.17 15:49:02.330,1.2886,1.28866,1.00,1.50
2017.08.17 15:49:03.261,1.28859,1.28865,1.00,1.37
2017.08.17 15:49:06.223,1.28859,1.28865,1.12,1.00
2017.08.17 15:49:06.726,1.28859,1.28866,1.50,1.87
2017.08.17 15:49:07.253,1.28859,1.28865,1.00,1.12
2017.08.17 15:49:07.814,1.28859,1.28865,1.50,1.37
2017.08.17 15:49:10.144,1.2886,1.28866,1.00,1.37
2017.08.17 15:49:12.322,1.2886,1.28867,1.12,2.32
2017.08.17 15:49:15.389,1.2886,1.28867,1.12,2.32
2017.08.17 15:49:15.695,1.28864,1.28868,1.00,1.50
2017.08.17 15:49:15.747,1.28864,1.28872,1.50,1.56
2017.08.17 15:49:16.272,1.28867,1.28873,1.00,1.50
2017.08.17 15:49:16.324,1.28867,1.28873,1.00,1.00
2017.08.17 15:49:16.376,1.28869,1.28874,1.12,1.37
2017.08.17 15:49:16.888,1.28867,1.28873,1.75,3.00
2017.08.17 15:49:16.940,1.28865,1.28871,1.12,1.00
2017.08.17 15:49:16.992,1.28864,1.28871,1.87,3.37
2017.08.17 15:49:17.178,1.28863,1.28869,1.37,1.00
2017.08.17 15:49:17.229,1.28861,1.2887,2.25,2.62
2017.08.17 15:49:17.947,1.28861,1.28867,1.00,1.00
2017.08.17 15:49:17.998,1.28859,1.28867,1.50,1.50
2017.08.17 15:49:18.051,1.28859,1.28867,1.75,1.50
2017.08.17 15:49:18.325,1.28859,1.28867,1.50,1.50
2017.08.17 15:49:18.892,1.2886,1.28867,1.00,1.50
2017.08.17 15:49:19.364,1.28863,1.28868,1.50,2.70
2017.08.17 15:49:19.551,1.28863,1.2887,1.12,1.87
2017.08.17 15:49:19.756,1.28864,1.28871,1.87,1.87
2017.08.17 15:49:19.859,1.28861,1.28869,1.87,2.25
2017.08.17 15:49:19.910,1.2886,1.28868,3.00,1.87
2017.08.17 15:49:20.422,1.2886,1.28867,1.12,1.50
2017.08.17 15:49:20.934,1.2886,1.28867,1.12,2.62
2017.08.17 15:49:22.116,1.2886,1.28867,1.87,1.12
2017.08.17 15:49:23.052,1.28858,1.28866,1.87,1.00
2017.08.17 15:49:23.563,1.28859,1.28867,1.75,1.57
2017.08.17 15:49:24.089,1.28859,1.28867,1.50,2.62
2017.08.17 15:49:25.077,1.28859,1.28868,1.12,2.62
2017.08.17 15:49:25.536,1.28859,1.28868,1.87,3.00
2017.08.17 15:49:26.412,1.2886,1.28868,1.31,2.25
2017.08.17 15:49:26.769,1.28861,1.28868,2.44,1.50
2017.08.17 15:49:28.796,1.2886,1.28868,1.75,3.37
2017.08.17 15:49:29.145,1.2886,1.28866,1.50,1.37
2017.08.17 15:49:32.847,1.2886,1.28867,1.12,1.00
2017.08.17 15:49:33.660,1.2886,1.28867,1.50,1.12
2017.08.17 15:49:34.169,1.2886,1.28868,1.12,2.25
2017.08.17 15:49:34.569,1.2886,1.28868,1.75,2.25
2017.08.17 15:49:34.622,1.2886,1.28868,1.12,2.25
2017.08.17 15:49:35.138,1.28861,1.28867,2.62,1.12
2017.08.17 15:49:35.662,1.28862,1.28868,1.12,1.50
2017.08.17 15:49:36.126,1.28862,1.28869,2.62,1.12
2017.08.17 15:49:36.836,1.28866,1.2887,1.50,1.50
2017.08.17 15:49:36.939,1.28867,1.28872,1.12,1.50
2017.08.17 15:49:36.991,1.28867,1.28873,2.25,1.50
2017.08.17 15:49:37.496,1.28867,1.28872,2.25,1.12
2017.08.17 15:49:38.007,1.28866,1.28873,1.75,1.50
2017.08.17 15:49:38.760,1.28866,1.28873,1.50,1.50
2017.08.17 15:49:39.073,1.28866,1.28873,1.50,1.50
2017.08.17 15:49:39.400,1.28866,1.28873,1.50,1.50
2017.08.17 15:49:40.773,1.28866,1.28873,1.12,1.50
2017.08.17 15:49:42.036,1.28866,1.28873,1.12,1.50
2017.08.17 15:49:42.813,1.28867,1.28873,3.00,1.12
2017.08.17 15:49:43.326,1.28869,1.28872,1.50,1.00
2017.08.17 15:49:43.836,1.28869,1.28873,1.50,1.12
2017.08.17 15:49:44.041,1.2887,1.28877,1.87,1.50
2017.08.17 15:49:44.552,1.28871,1.28877,2.25,1.50
2017.08.17 15:49:45.061,1.28871,1.28877,1.12,1.00
2017.08.17 15:49:47.172,1.28872,1.28877,1.00,1.12
2017.08.17 15:49:49.308,1.28872,1.28877,1.37,2.25
2017.08.17 15:49:51.197,1.28872,1.28877,1.12,1.12
2017.08.17 15:49:52.366,1.28872,1.28878,1.00,1.12
2017.08.17 15:49:53.668,1.28872,1.28878,1.00,1.50
2017.08.17 15:49:54.712,1.28872,1.28877,1.00,1.50
2017.08.17 15:49:55.221,1.28872,1.28878,1.50,1.12
2017.08.17 15:49:58.181,1.28872,1.28879,1.37,1.87
2017.08.17 15:50:00.224,1.28872,1.28879,1.50,1.87
2017.08.17 15:50:00.741,1.28872,1.28879,1.50,1.50
2017.08.17 15:50:01.050,1.28877,1.28879,1.00,1.00
2017.08.17 15:50:01.203,1.2888,1.28885,1.00,1.50
2017.08.17 15:50:01.523,1.28881,1.28886,1.37,1.00
2017.08.17 15:50:02.036,1.28881,1.28887,1.37,1.87
2017.08.17 15:50:05.767,1.28882,1.28888,1.00,4.12
2017.08.17 15:50:06.297,1.28883,1.28888,1.00,4.12
2017.08.17 15:50:08.003,1.28883,1.28888,1.00,4.12
2017.08.17 15:50:08.566,1.28882,1.28888,1.12,2.25
2017.08.17 15:50:09.111,1.28882,1.28888,1.12,1.87
2017.08.17 15:50:10.095,1.28882,1.28888,1.50,1.87
2017.08.17 15:50:10.896,1.28883,1.28888,1.00,1.37
2017.08.17 15:50:11.423,1.28883,1.28888,1.00,1.12
2017.08.17 15:50:11.962,1.28882,1.28888,1.50,1.12
2017.08.17 15:50:13.867,1.28883,1.28888,1.00,1.50
2017.08.17 15:50:15.547,1.28882,1.28888,1.87,1.12
2017.08.17 15:50:16.807,1.28882,1.28888,2.62,1.12
2017.08.17 15:50:18.819,1.28883,1.28888,1.12,1.37
2017.08.17 15:50:19.328,1.28882,1.28886,1.87,1.00
2017.08.17 15:50:20.040,1.28882,1.28886,1.50,1.12
2017.08.17 15:50:20.556,1.28883,1.28888,1.00,2.44
2017.08.17 15:50:21.022,1.28888,1.28889,1.20,1.50
2017.08.17 15:50:21.073,1.28893,1.28899,6.75,1.50
2017.08.17 15:50:21.125,1.28897,1.28902,6.19,1.00
2017.08.17 15:50:21.177,1.289,1.28905,1.50,2.25
2017.08.17 15:50:21.435,1.28905,1.28912,2.25,2.62
2017.08.17 15:50:21.486,1.28906,1.2891,1.50,1.50
2017.08.17 15:50:22.055,1.28906,1.2891,1.12,2.25
2017.08.17 15:50:23.152,1.28904,1.2891,1.00,1.12
2017.08.17 15:50:23.657,1.28902,1.2891,3.37,1.37
2017.08.17 15:50:24.481,1.28902,1.28909,2.25,1.12
2017.08.17 15:50:25.319,1.28903,1.28904,1.00,1.87
2017.08.17 15:50:25.500,1.28898,1.28902,2.25,1.50
2017.08.17 15:50:25.551,1.28897,1.289,1.00,1.12
2017.08.17 15:50:25.653,1.28893,1.289,1.50,1.12
2017.08.17 15:50:25.756,1.28893,1.28899,1.50,1.37
2017.08.17 15:50:27.910,1.28897,1.28899,1.12,1.50
2017.08.17 15:50:27.963,1.28897,1.28902,1.00,2.25
2017.08.17 15:50:28.065,1.289,1.28906,5.62,1.87
2017.08.17 15:50:28.117,1.28901,1.28907,1.37,1.12
2017.08.17 15:50:28.170,1.28905,1.28907,1.00,1.12
2017.08.17 15:50:28.273,1.28903,1.2891,4.12,3.37
2017.08.17 15:50:28.324,1.28904,1.2891,7.87,3.00
2017.08.17 15:50:29.223,1.28902,1.2891,3.75,1.50
2017.08.17 15:50:29.987,1.28903,1.28908,1.50,1.00
2017.08.17 15:50:30.090,1.28902,1.28908,1.50,1.50
2017.08.17 15:50:32.112,1.28903,1.28907,1.00,1.12
2017.08.17 15:50:32.622,1.28902,1.28908,1.12,3.45
2017.08.17 15:50:33.141,1.28903,1.28907,1.00,1.95
2017.08.17 15:50:33.428,1.28903,1.28907,1.12,1.57
2017.08.17 15:50:33.531,1.28909,1.28916,1.50,4.20
2017.08.17 15:50:33.583,1.28915,1.28916,1.00,1.12
2017.08.17 15:50:33.686,1.28913,1.28918,4.12,1.50
2017.08.17 15:50:34.196,1.28914,1.2892,3.75,4.50
2017.08.17 15:50:34.248,1.28914,1.2892,3.75,4.12
2017.08.17 15:50:34.300,1.28916,1.2892,1.00,4.12
2017.08.17 15:50:34.868,1.28913,1.2892,1.00,2.62
2017.08.17 15:50:34.970,1.28912,1.28917,1.00,1.10
2017.08.17 15:50:35.123,1.28907,1.28913,1.00,1.12
2017.08.17 15:50:35.175,1.28906,1.28911,1.50,2.25
2017.08.17 15:50:35.685,1.28906,1.28912,1.50,1.00
2017.08.17 15:50:36.214,1.28905,1.28911,4.12,2.62
2017.08.17 15:50:38.079,1.28908,1.28912,2.62,1.50
2017.08.17 15:50:38.283,1.28909,1.28915,1.75,1.12
2017.08.17 15:50:39.198,1.28908,1.28916,1.87,1.50
2017.08.17 15:50:39.352,1.28908,1.28913,1.00,1.00
2017.08.17 15:50:39.659,1.28907,1.28911,1.00,1.12
2017.08.17 15:50:41.723,1.28906,1.28911,5.25,1.00
2017.08.17 15:50:41.844,1.28907,1.28914,3.75,3.00
2017.08.17 15:50:41.896,1.2891,1.28917,1.37,1.57
2017.08.17 15:50:42.050,1.28911,1.28918,3.37,1.12
2017.08.17 15:50:42.102,1.28914,1.28919,1.12,1.87
2017.08.17 15:50:42.461,1.28913,1.28919,1.00,1.12
2017.08.17 15:50:42.976,1.28912,1.28918,1.87,1.00
2017.08.17 15:50:43.929,1.28912,1.28919,1.87,1.50
2017.08.17 15:50:44.193,1.28912,1.28916,1.50,1.00
2017.08.17 15:50:44.882,1.28911,1.28917,1.50,1.37
2017.08.17 15:50:45.189,1.28916,1.2892,1.00,3.82
2017.08.17 15:50:45.975,1.28912,1.2892,3.75,3.82
2017.08.17 15:50:46.513,1.28912,1.28918,1.50,1.50
2017.08.17 15:50:47.097,1.28912,1.28918,1.50,1.75
2017.08.17 15:50:48.925,1.28912,1.28918,6.00,1.75
2017.08.17 15:50:48.976,1.28915,1.28921,1.50,1.07
2017.08.17 15:50:49.028,1.28917,1.28923,1.00,7.57
2017.08.17 15:50:50.144,1.28916,1.28921,1.50,1.37
2017.08.17 15:50:50.656,1.28918,1.28922,1.00,1.50
2017.08.17 15:50:51.319,1.28918,1.28922,1.00,1.12
2017.08.17 15:50:51.894,1.28916,1.2892,1.37,1.50
2017.08.17 15:50:52.404,1.28916,1.2892,1.00,2.25
2017.08.17 15:50:54.630,1.28914,1.2892,4.12,2.62
2017.08.17 15:50:56.727,1.28915,1.2892,3.75,2.62
2017.08.17 15:50:56.903,1.28913,1.28917,4.50,1.00
2017.08.17 15:50:57.060,1.28912,1.28915,1.69,1.50
2017.08.17 15:50:57.163,1.28908,1.28914,1.37,1.00
2017.08.17 15:50:57.265,1.28907,1.28914,1.00,3.75
2017.08.17 15:50:57.775,1.28907,1.28912,1.00,1.00
2017.08.17 15:50:58.727,1.28907,1.2891,1.00,3.00
2017.08.17 15:50:59.239,1.28905,1.28909,1.12,1.00
2017.08.17 15:51:02.107,1.28902,1.28909,2.62,1.12
2017.08.17 15:51:02.617,1.28901,1.28909,1.37,3.63
2017.08.17 15:51:03.118,1.28901,1.28907,1.37,3.37
2017.08.17 15:51:07.433,1.28901,1.28907,1.75,1.00
2017.08.17 15:51:07.943,1.28902,1.28907,1.00,1.00
2017.08.17 15:51:10.339,1.28902,1.28906,1.00,1.00
2017.08.17 15:51:14.402,1.28903,1.28906,1.00,1.57
2017.08.17 15:51:14.947,1.28901,1.28906,1.37,1.00
2017.08.17 15:51:15.873,1.28899,1.28906,6.00,1.37
2017.08.17 15:51:15.926,1.289,1.28908,1.75,4.20
2017.08.17 15:51:19.080,1.28901,1.28908,1.37,1.87
2017.08.17 15:51:23.570,1.28902,1.28908,1.37,1.50
2017.08.17 15:51:26.189,1.28901,1.28907,1.50,1.00
2017.08.17 15:51:27.468,1.28901,1.28907,1.50,1.12
2017.08.17 15:51:28.888,1.28901,1.28908,2.25,1.12
2017.08.17 15:51:31.635,1.28901,1.28908,1.50,1.12
2017.08.17 15:51:32.693,1.28902,1.28908,1.00,1.12
2017.08.17 15:51:34.633,1.28902,1.28908,1.37,1.50
2017.08.17 15:51:39.869,1.28901,1.28908,1.00,1.12
2017.08.17 15:51:45.329,1.28902,1.28909,1.00,2.62
2017.08.17 15:51:46.643,1.28901,1.28909,1.50,2.25
2017.08.17 15:51:47.738,1.28901,1.28909,1.75,2.25
2017.08.17 15:51:51.691,1.28901,1.2891,1.69,2.62
2017.08.17 15:51:52.205,1.28901,1.2891,1.69,2.62
2017.08.17 15:51:52.713,1.28901,1.28908,1.12,1.00
2017.08.17 15:51:53.255,1.28902,1.28909,1.00,1.37
2017.08.17 15:51:54.187,1.28901,1.28909,3.64,1.12
2017.08.17 15:51:56.074,1.28902,1.28909,1.00,1.50
2017.08.17 15:51:56.789,1.28903,1.28909,1.00,1.50
2017.08.17 15:51:57.304,1.28903,1.28909,1.12,1.75
2017.08.17 15:52:01.365,1.28903,1.28909,1.00,1.50
2017.08.17 15:52:04.116,1.28903,1.28909,1.00,1.12
2017.08.17 15:52:04.660,1.28902,1.2891,1.12,3.19
2017.08.17 15:52:05.194,1.28902,1.28908,1.12,1.00
2017.08.17 15:52:05.827,1.28903,1.28908,1.00,1.12
2017.08.17 15:52:06.337,1.28902,1.2891,1.12,6.00
2017.08.17 15:52:07.335,1.28902,1.2891,3.00,4.12
2017.08.17 15:52:07.846,1.28903,1.28908,1.00,1.00
2017.08.17 15:52:08.853,1.28902,1.28908,2.62,1.12
2017.08.17 15:52:10.133,1.28902,1.28909,3.37,1.00
2017.08.17 15:52:11.114,1.28902,1.2891,4.12,3.75
2017.08.17 15:52:13.330,1.28902,1.2891,1.50,2.25
2017.08.17 15:52:13.630,1.28902,1.28908,1.87,1.37
2017.08.17 15:52:14.534,1.28901,1.28907,1.50,1.37
2017.08.17 15:52:15.566,1.28901,1.28907,1.50,1.50
2017.08.17 15:52:16.807,1.289,1.28902,1.00,1.00
2017.08.17 15:52:17.088,1.28897,1.28904,4.12,1.12
2017.08.17 15:52:17.192,1.28898,1.28905,2.62,1.50
2017.08.17 15:52:17.706,1.28898,1.28906,2.62,2.25
2017.08.17 15:52:18.233,1.28898,1.28906,1.87,1.87
2017.08.17 15:52:18.755,1.28899,1.28906,2.25,1.87
2017.08.17 15:52:19.422,1.28898,1.28905,1.50,3.75
2017.08.17 15:52:19.474,1.28896,1.28902,1.75,1.12
2017.08.17 15:52:19.577,1.28896,1.28904,2.25,3.37
2017.08.17 15:52:19.629,1.28897,1.28905,3.75,1.37
2017.08.17 15:52:20.241,1.28898,1.28906,5.25,1.69
2017.08.17 15:52:20.446,1.289,1.28907,3.37,1.00
2017.08.17 15:52:21.203,1.28901,1.28909,2.62,1.00
2017.08.17 15:52:22.524,1.28901,1.28909,2.62,1.37
2017.08.17 15:52:23.538,1.28903,1.2891,1.00,3.82
2017.08.17 15:52:24.808,1.28903,1.28909,1.00,1.12
2017.08.17 15:52:25.318,1.28901,1.28908,1.37,1.50
2017.08.17 15:52:25.954,1.28901,1.28908,2.62,1.87
2017.08.17 15:52:26.987,1.28901,1.28908,2.25,1.50
2017.08.17 15:52:28.116,1.28901,1.28908,1.37,1.50
2017.08.17 15:52:29.214,1.289,1.28908,4.87,1.50
2017.08.17 15:52:30.208,1.289,1.28908,5.25,1.50
2017.08.17 15:52:33.319,1.289,1.28908,4.87,1.37
2017.08.17 15:52:40.194,1.289,1.28908,7.69,1.50
2017.08.17 15:52:40.864,1.28901,1.28908,3.56,1.50
2017.08.17 15:52:43.327,1.28901,1.28909,4.31,5.62
2017.08.17 15:52:45.144,1.28901,1.28907,4.31,1.00
2017.08.17 15:53:01.574,1.289,1.28903,2.25,1.00
2017.08.17 15:53:02.116,1.28898,1.28904,2.25,2.32
2017.08.17 15:53:02.734,1.28896,1.28903,2.25,1.37
2017.08.17 15:53:04.354,1.28896,1.28903,2.25,1.12
2017.08.17 15:53:05.394,1.28896,1.28903,2.25,1.37
2017.08.17 15:53:05.497,1.28896,1.28902,1.00,2.24
2017.08.17 15:53:05.805,1.28893,1.28898,2.25,1.00
2017.08.17 15:53:10.653,1.28893,1.28899,3.00,2.62
2017.08.17 15:53:11.954,1.28893,1.28899,2.25,2.62
2017.08.17 15:53:13.400,1.28893,1.28899,2.25,2.62
2017.08.17 15:53:14.018,1.28893,1.28899,2.25,2.62
2017.08.17 15:53:16.900,1.28893,1.28899,2.25,2.25
2017.08.17 15:53:17.488,1.28893,1.28899,3.00,2.24
2017.08.17 15:53:19.854,1.28893,1.28899,2.62,2.24
2017.08.17 15:53:22.032,1.28893,1.28899,2.25,2.25
2017.08.17 15:53:22.718,1.28893,1.28898,2.25,1.00
2017.08.17 15:53:23.293,1.28893,1.28899,1.00,2.25
2017.08.17 15:53:23.816,1.28893,1.28899,2.25,2.25
2017.08.17 15:53:25.101,1.28893,1.28899,1.00,1.12
2017.08.17 15:53:29.579,1.28893,1.28899,2.62,1.37
2017.08.17 15:53:37.238,1.28893,1.28899,1.87,1.00
2017.08.17 15:53:38.288,1.28893,1.28899,1.87,1.37
2017.08.17 15:53:39.229,1.28894,1.289,2.62,1.50
2017.08.17 15:53:39.391,1.28899,1.28902,1.87,1.12
2017.08.17 15:53:39.442,1.289,1.28906,1.87,2.06
2017.08.17 15:53:39.546,1.289,1.28903,1.87,1.12
2017.08.17 15:53:39.699,1.28896,1.28904,2.62,3.75
2017.08.17 15:53:40.209,1.28896,1.28902,2.25,1.37
2017.08.17 15:53:40.820,1.28896,1.28903,2.62,1.00
2017.08.17 15:53:41.367,1.28897,1.28903,1.50,1.00
2017.08.17 15:53:41.878,1.28896,1.28902,1.37,1.12
2017.08.17 15:53:42.028,1.28893,1.28901,3.37,3.00
2017.08.17 15:53:42.337,1.28895,1.28902,1.87,1.12
2017.08.17 15:53:42.848,1.28896,1.28903,2.25,1.50
2017.08.17 15:53:43.381,1.28896,1.28903,2.25,1.12
2017.08.17 15:53:44.799,1.28896,1.28904,3.75,2.25
2017.08.17 15:53:45.308,1.28896,1.28904,3.75,1.50
2017.08.17 15:53:45.818,1.28896,1.28904,3.75,1.50
2017.08.17 15:53:46.329,1.28896,1.28903,3.75,1.00
2017.08.17 15:53:46.839,1.28897,1.28902,1.50,1.87
2017.08.17 15:53:47.191,1.28899,1.28905,2.62,1.57
2017.08.17 15:53:47.705,1.28902,1.28907,1.50,1.87
2017.08.17 15:53:48.316,1.289,1.28906,1.00,1.87
2017.08.17 15:53:48.419,1.28898,1.28902,2.25,1.50
2017.08.17 15:53:48.470,1.28897,1.28903,1.00,1.00
2017.08.17 15:53:48.675,1.28897,1.28902,1.50,2.25
2017.08.17 15:53:49.089,1.28895,1.289,1.50,1.50
2017.08.17 15:53:49.140,1.28895,1.28898,1.50,1.00
2017.08.17 15:53:49.468,1.28893,1.28898,2.25,1.00
2017.08.17 15:53:55.773,1.28892,1.28898,3.37,1.00
2017.08.17 15:53:59.379,1.28892,1.28898,4.12,1.00
2017.08.17 15:54:00.069,1.28892,1.28898,3.75,1.12
2017.08.17 15:54:00.605,1.28893,1.28898,2.25,1.12
2017.08.17 15:54:01.110,1.28893,1.28897,1.00,1.00
2017.08.17 15:54:01.518,1.28891,1.28896,1.00,1.50
2017.08.17 15:54:01.672,1.28888,1.28894,1.87,1.00
2017.08.17 15:54:02.187,1.28887,1.28893,2.25,1.12
2017.08.17 15:54:06.060,1.28887,1.28893,3.00,1.87
2017.08.17 15:54:06.570,1.28884,1.2889,1.75,1.12
2017.08.17 15:54:07.075,1.28884,1.2889,1.50,1.12
2017.08.17 15:54:08.391,1.28884,1.28889,1.37,1.12
2017.08.17 15:54:08.926,1.28884,1.28889,1.37,2.25
2017.08.17 15:54:09.080,1.28882,1.28888,3.00,1.12
2017.08.17 15:54:09.585,1.28882,1.28887,2.62,1.00
2017.08.17 15:54:11.483,1.28881,1.28887,2.62,1.00
2017.08.17 15:54:12.675,1.2888,1.28887,1.12,1.00
2017.08.17 15:54:13.184,1.28881,1.28887,1.00,1.00
2017.08.17 15:54:14.016,1.2888,1.28887,3.37,1.12
2017.08.17 15:54:14.528,1.28881,1.28887,1.00,1.12
2017.08.17 15:54:15.063,1.28881,1.28887,1.50,1.00
2017.08.17 15:54:15.731,1.28881,1.28887,1.12,1.00
2017.08.17 15:54:18.155,1.28881,1.28887,1.87,1.00
2017.08.17 15:54:18.760,1.28881,1.28888,1.50,1.00
2017.08.17 15:54:20.559,1.28883,1.28889,1.00,2.62
2017.08.17 15:54:21.534,1.28883,1.28889,1.00,1.12
2017.08.17 15:54:21.992,1.28882,1.28889,1.12,1.50
2017.08.17 15:54:22.942,1.28882,1.28889,1.12,4.12
2017.08.17 15:54:23.479,1.28882,1.28888,1.12,1.37
2017.08.17 15:54:24.042,1.28883,1.28887,1.00,1.00
2017.08.17 15:54:24.583,1.28882,1.28887,1.12,1.00
2017.08.17 15:54:24.940,1.28879,1.28886,3.37,1.37
2017.08.17 15:54:25.640,1.28879,1.28886,3.00,1.50
2017.08.17 15:54:25.745,1.2888,1.28886,1.12,1.50
2017.08.17 15:54:28.026,1.28879,1.28886,2.25,1.00
2017.08.17 15:54:28.549,1.2888,1.28888,1.37,1.87
2017.08.17 15:54:29.701,1.28881,1.28888,1.50,1.87
2017.08.17 15:54:30.704,1.28881,1.28888,1.12,1.50
2017.08.17 15:54:31.720,1.28879,1.28888,4.12,3.37
2017.08.17 15:54:34.660,1.28879,1.28887,4.95,1.12
2017.08.17 15:54:35.275,1.28879,1.28887,1.50,2.25
2017.08.17 15:54:35.494,1.28879,1.28881,1.00,1.50
2017.08.17 15:54:35.597,1.28875,1.2888,1.00,1.00
2017.08.17 15:54:36.109,1.28873,1.2888,1.37,2.25
2017.08.17 15:54:36.724,1.28874,1.2888,1.37,3.00
2017.08.17 15:54:37.731,1.28873,1.28878,1.37,1.12
2017.08.17 15:54:38.947,1.28872,1.28878,1.37,1.00
2017.08.17 15:54:39.204,1.2887,1.28877,1.37,2.62
2017.08.17 15:54:39.358,1.28868,1.28875,2.25,1.50
2017.08.17 15:54:39.865,1.28868,1.28874,1.37,1.12
2017.08.17 15:54:40.478,1.28868,1.28874,1.12,1.00
2017.08.17 15:54:40.683,1.2887,1.28876,1.50,1.12
2017.08.17 15:54:41.211,1.2887,1.28876,1.37,1.37
2017.08.17 15:54:41.721,1.2887,1.28876,2.62,1.00
2017.08.17 15:54:42.231,1.28869,1.28876,4.57,1.00
2017.08.17 15:54:42.679,1.28872,1.28879,1.95,3.37
2017.08.17 15:54:43.669,1.28873,1.28878,1.00,1.37
2017.08.17 15:54:47.509,1.28872,1.28879,1.50,1.87
2017.08.17 15:54:48.701,1.28872,1.28878,1.50,1.12
2017.08.17 15:54:49.303,1.28872,1.28878,1.50,1.12
2017.08.17 15:54:49.807,1.28873,1.28879,1.00,1.87
2017.08.17 15:54:50.504,1.28872,1.28879,1.50,1.87
2017.08.17 15:54:56.668,1.28873,1.28879,1.00,2.62
2017.08.17 15:54:57.544,1.28873,1.28879,1.00,2.62
2017.08.17 15:54:59.141,1.28872,1.28877,1.12,1.00
2017.08.17 15:55:00.672,1.28873,1.28877,1.00,1.00
2017.08.17 15:55:01.180,1.28873,1.28879,1.00,2.62
2017.08.17 15:55:01.728,1.28872,1.28879,1.87,2.62
2017.08.17 15:55:03.108,1.28872,1.28879,2.25,2.25
2017.08.17 15:55:06.036,1.28872,1.28879,4.57,1.50
2017.08.17 15:55:06.087,1.28872,1.28879,4.57,1.00
2017.08.17 15:55:07.054,1.28873,1.2888,1.00,3.75
2017.08.17 15:55:07.564,1.28872,1.2888,4.20,3.37
2017.08.17 15:55:08.111,1.28872,1.28879,1.95,1.00
2017.08.17 15:55:09.184,1.28872,1.28879,2.25,1.87
2017.08.17 15:55:11.647,1.28873,1.28879,1.00,1.50
2017.08.17 15:55:13.872,1.28873,1.28879,2.25,1.87
2017.08.17 15:55:14.946,1.28873,1.28879,1.00,1.50
2017.08.17 15:55:15.598,1.28872,1.28879,2.62,1.87
2017.08.17 15:55:15.964,1.28872,1.28877,1.87,1.00
2017.08.17 15:55:16.483,1.28873,1.28877,1.00,1.00
2017.08.17 15:55:17.720,1.28872,1.28877,1.00,1.00
2017.08.17 15:55:20.271,1.28872,1.28879,1.12,1.87
2017.08.17 15:55:22.068,1.28873,1.2888,1.00,1.87
2017.08.17 15:55:22.413,1.28878,1.28883,1.87,4.87
2017.08.17 15:55:22.515,1.28879,1.28886,1.12,3.26
2017.08.17 15:55:23.646,1.2888,1.28886,1.12,1.12
2017.08.17 15:55:24.181,1.28881,1.28888,1.00,1.75
2017.08.17 15:55:24.794,1.28881,1.28888,1.12,1.12
2017.08.17 15:55:25.291,1.28883,1.28888,1.00,1.87
2017.08.17 15:55:25.773,1.2888,1.28887,1.50,1.00
2017.08.17 15:55:28.202,1.2888,1.28888,1.12,2.44
2017.08.17 15:55:29.027,1.2888,1.28886,1.12,1.00
2017.08.17 15:55:29.131,1.28878,1.28882,2.25,1.50
2017.08.17 15:55:29.183,1.28878,1.28882,1.00,2.62
2017.08.17 15:55:29.287,1.28874,1.2888,2.25,1.12
2017.08.17 15:55:29.484,1.28872,1.28879,3.00,1.00
2017.08.17 15:55:29.995,1.28872,1.28879,1.12,1.50
2017.08.17 15:55:30.098,1.28877,1.28881,2.25,1.20
2017.08.17 15:55:30.151,1.28877,1.28881,1.50,1.10
2017.08.17 15:55:30.702,1.28877,1.28883,1.00,1.50
2017.08.17 15:55:31.022,1.28875,1.28881,1.00,1.50
2017.08.17 15:55:31.125,1.28873,1.28881,1.50,3.37
2017.08.17 15:55:31.176,1.28872,1.2888,2.25,1.37
2017.08.17 15:55:31.783,1.2887,1.28878,2.25,1.37
2017.08.17 15:55:32.486,1.2887,1.28878,3.75,2.62
2017.08.17 15:55:33.104,1.2887,1.28878,3.00,2.25
2017.08.17 15:55:33.452,1.28869,1.28876,1.00,2.25
2017.08.17 15:55:34.979,1.28869,1.28877,4.12,2.62
2017.08.17 15:55:35.481,1.28871,1.28878,1.00,1.37
2017.08.17 15:55:38.612,1.28869,1.28878,1.87,3.82
2017.08.17 15:55:39.122,1.28871,1.28878,1.00,1.37
2017.08.17 15:55:39.754,1.2888,1.28886,6.00,4.50
2017.08.17 15:55:40.060,1.28882,1.28888,4.12,1.87
2017.08.17 15:55:40.264,1.2888,1.28888,1.50,1.50
2017.08.17 15:55:40.623,1.28882,1.28888,4.12,2.36
2017.08.17 15:55:41.651,1.28882,1.28888,4.87,1.50
2017.08.17 15:55:44.044,1.28882,1.28888,1.00,1.12
2017.08.17 15:55:45.072,1.28883,1.28888,4.12,1.50
2017.08.17 15:55:46.031,1.28882,1.28888,4.87,1.50
2017.08.17 15:55:46.539,1.28883,1.28888,1.00,1.50
2017.08.17 15:55:48.030,1.28883,1.28889,1.00,3.37
2017.08.17 15:55:49.016,1.28883,1.28889,1.00,4.87
2017.08.17 15:55:50.124,1.28882,1.28888,4.12,1.87
2017.08.17 15:55:50.643,1.28882,1.28888,4.12,1.87
2017.08.17 15:55:51.470,1.28881,1.28888,4.12,1.50
2017.08.17 15:55:52.452,1.28882,1.28887,4.12,1.37
2017.08.17 15:55:53.609,1.28881,1.28888,4.12,1.37
2017.08.17 15:55:55.504,1.2888,1.28888,5.25,1.00
2017.08.17 15:55:56.015,1.28881,1.28889,1.00,1.87
2017.08.17 15:55:57.068,1.28881,1.28889,4.12,3.75
2017.08.17 15:55:58.858,1.28882,1.28888,1.00,1.00
2017.08.17 15:56:01.746,1.28883,1.28889,1.00,3.94
2017.08.17 15:56:02.248,1.28882,1.28889,4.87,2.62
2017.08.17 15:56:04.099,1.28883,1.28889,1.00,3.00
2017.08.17 15:56:04.618,1.28883,1.28889,1.00,4.50
2017.08.17 15:56:05.136,1.28882,1.28889,4.87,5.06
2017.08.17 15:56:06.293,1.28882,1.28889,1.00,3.37
2017.08.17 15:56:06.874,1.28883,1.28889,1.00,2.62
2017.08.17 15:56:08.783,1.28883,1.28889,1.00,1.87
2017.08.17 15:56:09.293,1.28882,1.28889,5.62,2.25
2017.08.17 15:56:12.073,1.28883,1.28889,1.00,1.87
2017.08.17 15:56:14.299,1.28882,1.28889,6.00,1.87
2017.08.17 15:56:15.127,1.28882,1.28889,6.00,2.44
2017.08.17 15:56:16.133,1.28883,1.28888,1.00,1.75
2017.08.17 15:56:16.680,1.28882,1.28889,5.62,2.06
2017.08.17 15:56:17.724,1.28882,1.28889,6.00,1.12
2017.08.17 15:56:20.041,1.28882,1.28889,6.00,1.12
2017.08.17 15:56:20.602,1.28883,1.28889,1.00,1.12
2017.08.17 15:56:21.199,1.28882,1.28889,5.25,1.12
2017.08.17 15:56:21.552,1.28882,1.28889,1.12,1.37
2017.08.17 15:56:22.398,1.28883,1.28889,1.00,1.50
2017.08.17 15:56:22.937,1.28883,1.2889,1.00,6.26
2017.08.17 15:56:24.780,1.28882,1.2889,1.50,4.76
2017.08.17 15:56:25.807,1.28882,1.2889,5.62,5.51
2017.08.17 15:56:26.583,1.28881,1.28882,6.37,2.25
2017.08.17 15:56:26.635,1.28878,1.28883,1.37,2.62
2017.08.17 15:56:26.688,1.28878,1.2888,1.00,1.00
2017.08.17 15:56:26.739,1.28875,1.2888,1.37,1.00
2017.08.17 15:56:26.791,1.28873,1.2888,2.25,1.12
2017.08.17 15:56:27.301,1.28872,1.2888,1.87,3.37
2017.08.17 15:56:27.896,1.28871,1.2888,2.62,4.12
2017.08.17 15:56:28.507,1.28871,1.2888,1.37,3.45
2017.08.17 15:56:29.036,1.28871,1.2888,1.50,3.75
2017.08.17 15:56:31.071,1.28871,1.2888,1.50,3.37
2017.08.17 15:56:35.951,1.28872,1.28879,1.00,3.37
2017.08.17 15:56:39.479,1.28871,1.28879,3.00,1.00
2017.08.17 15:56:41.788,1.28871,1.2888,3.00,3.00
2017.08.17 15:56:45.456,1.28872,1.2888,3.00,4.12
2017.08.17 15:56:47.275,1.28872,1.2888,3.00,3.37
2017.08.17 15:56:47.877,1.28873,1.2888,1.00,3.37
2017.08.17 15:56:49.156,1.28875,1.2888,1.87,1.87
2017.08.17 15:56:49.458,1.28881,1.28887,1.00,1.69
2017.08.17 15:56:49.562,1.28881,1.28887,1.00,1.50
2017.08.17 15:56:55.318,1.28879,1.28883,1.87,1.87
2017.08.17 15:56:55.421,1.28877,1.28882,1.12,1.12
2017.08.17 15:56:56.498,1.28875,1.28882,1.00,4.50
2017.08.17 15:56:57.512,1.28873,1.2888,2.25,1.50
2017.08.17 15:56:57.616,1.28872,1.28879,1.85,1.87
2017.08.17 15:56:57.923,1.28872,1.28879,1.12,2.25
2017.08.17 15:56:58.762,1.28872,1.28879,1.00,1.37
2017.08.17 15:57:00.425,1.28871,1.28879,3.37,2.25
2017.08.17 15:57:00.948,1.28872,1.28878,1.00,3.00
2017.08.17 15:57:04.023,1.28871,1.28878,1.12,1.53
2017.08.17 15:57:04.554,1.28871,1.28878,1.12,1.13
2017.08.17 15:57:05.170,1.28871,1.28878,1.00,2.11
2017.08.17 15:57:08.891,1.28869,1.28876,1.50,1.37
2017.08.17 15:57:08.943,1.28868,1.28876,1.50,1.75
2017.08.17 15:57:09.454,1.28868,1.28875,1.12,4.12
2017.08.17 15:57:09.995,1.28868,1.28874,1.00,2.81
2017.08.17 15:57:12.821,1.28868,1.28874,1.87,1.50
2017.08.17 15:57:13.550,1.28867,1.28873,1.12,1.87
2017.08.17 15:57:13.956,1.2887,1.28877,1.12,3.45
2017.08.17 15:57:14.160,1.28871,1.28878,2.25,1.50
2017.08.17 15:57:14.717,1.28871,1.28878,4.69,1.04
2017.08.17 15:57:15.233,1.28873,1.28878,1.00,1.03
2017.08.17 15:57:15.795,1.28873,1.28878,1.12,1.38
2017.08.17 15:57:27.002,1.28872,1.28879,1.12,1.53
2017.08.17 15:57:29.382,1.28872,1.28879,1.37,1.54
2017.08.17 15:57:30.224,1.28871,1.28877,3.00,1.39
2017.08.17 15:57:30.276,1.28869,1.28876,2.62,1.02
2017.08.17 15:57:30.786,1.28869,1.28877,2.62,3.00
2017.08.17 15:57:31.325,1.28869,1.28877,2.62,1.87
2017.08.17 15:57:31.431,1.28869,1.28877,2.25,3.75
2017.08.17 15:57:31.828,1.28868,1.28875,1.75,2.62
2017.08.17 15:57:32.336,1.28867,1.28875,3.00,3.37
2017.08.17 15:57:32.821,1.28868,1.28874,3.37,1.00
2017.08.17 15:57:33.355,1.2887,1.28875,1.00,1.37
2017.08.17 15:57:34.014,1.2887,1.28877,1.00,1.75
2017.08.17 15:57:38.274,1.2887,1.28877,1.00,1.50
2017.08.17 15:57:38.985,1.28868,1.28874,2.62,1.00
2017.08.17 15:57:39.778,1.28869,1.28877,1.85,1.87
2017.08.17 15:57:40.546,1.2887,1.28877,1.00,1.75
2017.08.17 15:57:41.208,1.2887,1.28877,1.00,1.50
2017.08.17 15:57:41.547,1.28868,1.28876,1.50,3.37
2017.08.17 15:57:42.603,1.28868,1.28874,1.00,2.25
2017.08.17 15:57:45.743,1.28868,1.28876,1.87,4.50
2017.08.17 15:57:46.261,1.28868,1.28875,1.37,1.37
2017.08.17 15:57:46.870,1.28868,1.28874,1.00,1.00
2017.08.17 15:57:49.006,1.28867,1.28874,1.87,1.50
2017.08.17 15:57:49.949,1.28867,1.28873,1.50,1.00
2017.08.17 15:57:50.680,1.28868,1.28874,1.12,1.37
2017.08.17 15:57:51.196,1.28867,1.28873,3.37,1.37
2017.08.17 15:57:51.664,1.28868,1.28876,3.19,1.50
2017.08.17 15:57:52.173,1.28869,1.28876,1.12,1.00
2017.08.17 15:57:52.707,1.28869,1.28877,3.00,3.75
2017.08.17 15:57:53.244,1.28868,1.28874,1.50,1.37
2017.08.17 15:57:53.756,1.28867,1.28873,1.87,1.37
2017.08.17 15:57:54.554,1.28867,1.28873,1.87,1.00
2017.08.17 15:57:59.373,1.28869,1.28876,2.62,4.20
2017.08.17 15:57:59.682,1.28869,1.28876,1.50,2.25
2017.08.17 15:58:00.192,1.28869,1.28876,1.50,1.87
2017.08.17 15:58:01.715,1.28869,1.28874,1.00,1.00
2017.08.17 15:58:02.240,1.28868,1.28873,1.12,1.12
2017.08.17 15:58:05.112,1.28867,1.28873,1.50,1.12
2017.08.17 15:58:07.317,1.28868,1.28874,3.00,1.37
2017.08.17 15:58:07.369,1.28868,1.28875,3.37,1.00
2017.08.17 15:58:07.879,1.28868,1.28876,2.25,2.44
2017.08.17 15:58:08.404,1.28868,1.28875,2.25,1.50
2017.08.17 15:58:08.810,1.28868,1.28875,2.25,1.87
2017.08.17 15:58:09.898,1.28868,1.28875,1.50,1.87
2017.08.17 15:58:11.878,1.28869,1.28875,2.62,1.37
2017.08.17 15:58:12.394,1.2887,1.28876,1.50,1.87
2017.08.17 15:58:12.980,1.2887,1.28876,1.50,1.87
2017.08.17 15:58:14.416,1.28869,1.28877,3.00,3.00
2017.08.17 15:58:16.006,1.28869,1.28876,2.25,1.69
2017.08.17 15:58:16.816,1.28869,1.28876,2.25,2.06
2017.08.17 15:58:17.178,1.28869,1.28876,2.25,1.00
2017.08.17 15:58:17.750,1.28869,1.28876,2.62,1.37
2017.08.17 15:58:18.296,1.28871,1.28877,1.00,2.25
2017.08.17 15:58:20.044,1.2887,1.28877,1.12,1.87
2017.08.17 15:58:22.546,1.28871,1.28877,1.50,1.50
2017.08.17 15:58:23.055,1.2887,1.28875,1.00,1.00
2017.08.17 15:58:25.630,1.2887,1.28875,2.62,1.00
2017.08.17 15:58:26.802,1.2887,1.28877,2.25,1.75
2017.08.17 15:58:29.218,1.2887,1.28877,2.25,1.50
2017.08.17 15:58:31.417,1.28871,1.28876,1.50,1.00
2017.08.17 15:58:33.908,1.2887,1.28876,1.12,3.00
2017.08.17 15:58:35.924,1.2887,1.28877,1.87,2.62
2017.08.17 15:58:36.458,1.28868,1.28876,2.62,4.50
2017.08.17 15:58:36.714,1.28865,1.28871,1.10,1.50
2017.08.17 15:58:36.817,1.28863,1.2887,3.37,1.37
2017.08.17 15:58:38.419,1.28863,1.2887,1.50,1.87
2017.08.17 15:58:38.470,1.28862,1.28869,1.50,1.50
2017.08.17 15:58:39.491,1.28862,1.28868,1.87,1.87
2017.08.17 15:58:40.044,1.28862,1.28868,1.50,1.12
2017.08.17 15:58:42.534,1.28863,1.2887,1.00,3.37
2017.08.17 15:58:42.782,1.28862,1.2887,5.81,3.37
2017.08.17 15:58:42.937,1.28867,1.28871,1.00,1.12
2017.08.17 15:58:43.296,1.28864,1.2887,1.12,1.12
2017.08.17 15:58:44.954,1.28864,1.28871,2.25,1.12
2017.08.17 15:58:45.488,1.28864,1.28871,1.95,1.00
2017.08.17 15:58:45.899,1.28864,1.28871,2.62,1.00
2017.08.17 15:58:46.839,1.28865,1.28872,1.00,4.87
2017.08.17 15:58:47.880,1.28866,1.28873,1.00,3.37
2017.08.17 15:58:48.460,1.28867,1.28873,1.00,1.12
2017.08.17 15:58:48.786,1.28867,1.28873,1.00,1.00
2017.08.17 15:58:49.999,1.28868,1.28875,2.25,1.50
2017.08.17 15:58:50.718,1.28869,1.28876,1.00,1.12
2017.08.17 15:58:51.161,1.28867,1.28875,2.25,1.87
2017.08.17 15:58:52.273,1.28868,1.28875,1.00,1.87
2017.08.17 15:58:52.324,1.28868,1.28875,1.12,1.87
2017.08.17 15:58:53.332,1.28867,1.28875,1.50,3.07
2017.08.17 15:58:54.313,1.28867,1.28875,1.87,3.07
2017.08.17 15:58:58.138,1.28868,1.28874,1.00,1.87
2017.08.17 15:58:58.684,1.28865,1.28871,1.75,1.00
2017.08.17 15:58:58.738,1.28864,1.28872,2.62,5.06
2017.08.17 15:58:59.938,1.28864,1.28871,2.62,1.87
2017.08.17 15:59:00.729,1.28864,1.2887,1.87,1.00
2017.08.17 15:59:01.234,1.28864,1.28871,2.62,1.00
2017.08.17 15:59:01.816,1.28864,1.28871,1.87,1.37
2017.08.17 15:59:02.737,1.28868,1.28873,1.00,2.25
2017.08.17 15:59:03.248,1.28867,1.28875,2.25,1.75
2017.08.17 15:59:05.307,1.28868,1.28875,1.00,1.87
2017.08.17 15:59:08.837,1.28871,1.28876,1.50,1.75
2017.08.17 15:59:08.889,1.2887,1.28876,1.50,1.00
2017.08.17 15:59:10.182,1.2887,1.28876,1.12,1.50
2017.08.17 15:59:11.278,1.28869,1.28876,3.37,1.50
2017.08.17 15:59:12.961,1.28869,1.28875,1.50,2.62
2017.08.17 15:59:13.013,1.28867,1.28875,1.87,4.69
2017.08.17 15:59:13.474,1.28864,1.28874,5.32,5.44
2017.08.17 15:59:13.985,1.28865,1.28871,1.50,1.87
2017.08.17 15:59:15.923,1.28864,1.2887,2.25,1.00
2017.08.17 15:59:16.500,1.28864,1.28871,1.87,3.00
2017.08.17 15:59:17.046,1.28864,1.2887,1.87,1.50
2017.08.17 15:59:17.148,1.28864,1.2887,1.50,1.50
2017.08.17 15:59:17.658,1.28864,1.28869,1.12,1.12
2017.08.17 15:59:17.914,1.28867,1.28871,1.00,1.87
2017.08.17 15:59:18.017,1.28869,1.28874,1.12,1.37
2017.08.17 15:59:18.278,1.2887,1.28876,1.12,1.12
2017.08.17 15:59:20.191,1.2887,1.28877,2.62,1.50
2017.08.17 15:59:21.869,1.2887,1.28877,1.69,1.00
2017.08.17 15:59:22.399,1.28871,1.28878,2.62,1.12
2017.08.17 15:59:22.451,1.28871,1.28878,3.75,1.00
2017.08.17 15:59:22.954,1.28873,1.2888,1.12,1.87
2017.08.17 15:59:23.514,1.28873,1.2888,1.50,1.87
2017.08.17 15:59:23.923,1.28872,1.28879,1.75,1.87
2017.08.17 15:59:24.178,1.28872,1.28877,1.00,1.00
2017.08.17 15:59:24.814,1.28873,1.28877,1.00,1.50
2017.08.17 15:59:25.040,1.2887,1.28877,1.12,1.50
2017.08.17 15:59:25.654,1.2887,1.28876,1.00,1.00
2017.08.17 15:59:32.172,1.2887,1.28877,1.00,1.87
2017.08.17 15:59:32.224,1.2887,1.28877,1.12,1.87
2017.08.17 15:59:32.798,1.28868,1.28877,1.37,2.32
2017.08.17 15:59:33.373,1.28868,1.28872,1.37,3.37
2017.08.17 15:59:33.476,1.28863,1.2887,3.75,2.25
2017.08.17 15:59:33.580,1.28863,1.2887,1.87,3.00
2017.08.17 15:59:34.626,1.28863,1.28869,1.12,1.12
2017.08.17 15:59:34.781,1.28865,1.28871,1.50,1.00
2017.08.17 15:59:34.987,1.28869,1.28875,1.00,4.50
2017.08.17 15:59:35.039,1.28869,1.28876,1.00,1.69
2017.08.17 15:59:36.076,1.28869,1.28876,1.75,1.50
2017.08.17 15:59:37.079,1.2887,1.28877,1.50,1.00
2017.08.17 15:59:38.134,1.2887,1.28877,3.37,1.00
2017.08.17 15:59:39.191,1.2887,1.28877,3.37,1.37
2017.08.17 15:59:40.539,1.2887,1.28877,3.37,1.37
2017.08.17 15:59:41.535,1.2887,1.28877,3.75,1.00
2017.08.17 15:59:43.707,1.2887,1.28877,2.25,1.00
2017.08.17 15:59:44.821,1.2887,1.28879,2.44,1.87
2017.08.17 15:59:44.977,1.28875,1.28879,1.19,1.37
2017.08.17 15:59:45.082,1.28874,1.28882,1.50,3.75
2017.08.17 15:59:45.133,1.28873,1.28879,1.47,1.50
2017.08.17 15:59:45.442,1.28871,1.28877,3.00,8.25
2017.08.17 15:59:46.262,1.28871,1.28878,1.87,8.25
2017.08.17 15:59:46.570,1.2887,1.28875,1.87,7.87
2017.08.17 15:59:47.610,1.28869,1.28874,1.50,7.87
2017.08.17 15:59:51.205,1.2887,1.28876,1.00,7.87
2017.08.17 15:59:52.521,1.28868,1.28876,2.25,8.25
2017.08.17 15:59:53.042,1.28868,1.28875,3.00,1.87
2017.08.17 15:59:53.196,1.28868,1.28873,1.50,9.37
2017.08.17 15:59:55.186,1.28868,1.28874,1.50,8.25
2017.08.17 15:59:57.369,1.28869,1.28875,2.25,7.87
2017.08.17 15:59:57.932,1.28869,1.28875,1.87,7.87
2017.08.17 15:59:59.242,1.28868,1.28875,2.25,9.75
2017.08.17 15:59:59.752,1.28868,1.28875,1.37,9.75
2017.08.17 15:59:59.960,1.28868,1.28875,3.00,8.25
