2010.07.15 21:00:00.789,1.54628,1.54648,1.00,1.60
2010.07.15 21:00:01.130,1.5458,1.5465,1.00,1.60
2010.07.15 21:00:17.210,1.5458,1.5459,1.00,1.00
2010.07.15 21:00:24.250,1.5458,1.54585,1.00,1.00
2010.07.15 21:00:24.529,1.5458,1.5459,1.00,1.60
2010.07.15 21:00:36.610,1.5458,1.5462,1.00,1.60
2010.07.15 21:01:06.978,1.5458,1.54615,1.00,1.00
2010.07.15 21:01:07.640,1.54575,1.5461,1.00,1.00
2010.07.15 21:01:09.119,1.54575,1.5462,1.00,1.60
2010.07.15 21:01:10.100,1.5458,1.5461,1.00,1.00
2010.07.15 21:01:11.970,1.5458,1.54615,1.00,1.00
2010.07.15 21:01:12.431,1.54575,1.5462,1.00,1.60
2010.07.15 21:01:36.749,1.5458,1.5464,1.00,1.60
2010.07.15 21:01:39.969,1.5458,1.5462,1.00,1.60
2010.07.15 21:01:52.309,1.5458,1.5463,1.00,1.60
2010.07.15 21:02:07.184,1.5458,1.5461,1.00,2.40
2010.07.15 21:02:14.172,1.54515,1.54605,1.00,1.00
2010.07.15 21:02:17.273,1.5452,1.54605,2.40,1.00
2010.07.15 21:02:17.430,1.54505,1.54605,1.00,1.00
2010.07.15 21:02:32.720,1.54525,1.54605,1.00,1.00
2010.07.15 21:03:20.830,1.5455,1.5461,1.00,1.00
2010.07.15 21:03:34.712,1.5455,1.5461,1.20,1.00
2010.07.15 21:04:14.701,1.5456,1.5461,1.00,1.00
2010.07.15 21:04:23.310,1.5455,1.5461,1.20,1.00
2010.07.15 21:04:23.751,1.54545,1.54595,1.00,1.00
2010.07.15 21:04:24.793,1.54545,1.5461,4.40,1.00
2010.07.15 21:04:26.871,1.54545,1.5461,4.40,1.00
2010.07.15 21:04:31.513,1.5455,1.54605,1.00,1.00
2010.07.15 21:04:37.617,1.5455,1.5461,1.00,1.00
2010.07.15 21:05:05.240,1.54545,1.5461,3.30,1.00
2010.07.15 21:05:29.930,1.5455,1.54605,1.00,1.00
2010.07.15 21:05:31.900,1.5455,1.546,1.00,1.60
2010.07.15 21:05:32.103,1.5454,1.54595,2.00,1.00
2010.07.15 21:05:33.353,1.5454,1.5459,2.00,1.00
2010.07.15 21:05:37.591,1.5454,1.54595,2.80,1.00
2010.07.15 21:05:37.852,1.5454,1.54585,2.40,1.00
2010.07.15 21:05:41.182,1.5454,1.54595,2.40,1.00
2010.07.15 21:05:41.540,1.5454,1.54595,2.00,1.00
2010.07.15 21:05:55.402,1.5454,1.5459,2.00,1.00
2010.07.15 21:06:20.627,1.5454,1.5459,2.80,1.00
2010.07.15 21:06:20.842,1.5454,1.5458,2.40,1.00
2010.07.15 21:06:29.131,1.5454,1.5458,2.80,1.00
2010.07.15 21:06:32.676,1.5454,1.5458,2.40,1.00
2010.07.15 21:06:33.811,1.5454,1.5458,1.20,1.00
2010.07.15 21:06:34.091,1.54535,1.5458,2.80,1.00
2010.07.15 21:06:34.371,1.54535,1.5458,2.40,1.00
2010.07.15 21:06:37.211,1.54535,1.5458,2.00,1.00
2010.07.15 21:06:37.430,1.54535,1.5458,2.80,1.00
2010.07.15 21:06:39.940,1.54535,1.5458,2.00,1.00
2010.07.15 21:06:40.300,1.54535,1.5458,2.80,1.00
2010.07.15 21:06:41.910,1.54535,1.5458,2.00,1.00
2010.07.15 21:06:47.961,1.54535,1.5458,2.80,1.00
2010.07.15 21:06:48.533,1.54535,1.5458,2.00,1.00
2010.07.15 21:06:49.882,1.54565,1.5458,1.00,1.00
2010.07.15 21:06:51.797,1.54565,1.5458,1.00,1.00
2010.07.15 21:06:54.022,1.5456,1.5458,3.60,1.00
2010.07.15 21:06:55.400,1.5456,1.5458,3.20,1.00
2010.07.15 21:06:55.561,1.5456,1.5457,3.20,1.00
2010.07.15 21:06:55.722,1.5456,1.5457,2.80,1.00
2010.07.15 21:07:04.181,1.5456,1.5457,2.00,1.00
2010.07.15 21:07:06.761,1.5456,1.5457,2.80,1.00
2010.07.15 21:07:06.901,1.5456,1.5458,3.20,1.00
2010.07.15 21:07:07.061,1.5456,1.5458,2.40,1.00
2010.07.15 21:07:07.611,1.5456,1.5458,2.00,1.00
2010.07.15 21:07:13.191,1.5456,1.5459,2.80,1.00
2010.07.15 21:07:13.342,1.5456,1.5459,3.20,1.00
2010.07.15 21:07:15.311,1.54575,1.5459,1.60,1.00
2010.07.15 21:07:15.938,1.546,1.54675,1.60,1.00
2010.07.15 21:07:16.932,1.54595,1.54675,1.60,1.00
2010.07.15 21:07:19.961,1.54595,1.54665,1.70,1.00
2010.07.15 21:07:20.532,1.546,1.54665,1.20,1.00
2010.07.15 21:07:31.141,1.54605,1.5467,1.00,1.00
2010.07.15 21:07:31.522,1.54595,1.54665,1.70,1.00
2010.07.15 21:07:33.726,1.546,1.5467,1.20,1.00
2010.07.15 21:07:33.891,1.546,1.54675,1.00,1.00
2010.07.15 21:07:44.762,1.546,1.5467,1.00,1.00
2010.07.15 21:07:45.361,1.54595,1.5467,1.70,1.00
2010.07.15 21:07:46.763,1.54595,1.5467,1.70,1.60
2010.07.15 21:07:47.102,1.5459,1.54665,1.30,1.00
2010.07.15 21:07:47.321,1.54595,1.54665,1.00,1.00
2010.07.15 21:07:48.051,1.54595,1.54655,1.00,1.00
2010.07.15 21:07:48.283,1.54585,1.5465,1.20,1.00
2010.07.15 21:07:48.839,1.54595,1.54655,1.60,1.60
2010.07.15 21:07:49.075,1.54595,1.54655,2.00,1.60
2010.07.15 21:07:56.801,1.54595,1.5465,1.00,1.60
2010.07.15 21:07:57.463,1.54585,1.54645,5.20,1.00
2010.07.15 21:08:00.988,1.54595,1.54645,1.60,1.00
2010.07.15 21:08:01.233,1.54595,1.54655,2.00,2.40
2010.07.15 21:08:01.474,1.54595,1.5465,2.00,1.00
2010.07.15 21:08:01.713,1.54595,1.5465,2.00,1.00
2010.07.15 21:08:04.661,1.54595,1.5464,2.00,1.00
2010.07.15 21:08:05.961,1.54585,1.54635,5.20,1.00
2010.07.15 21:08:11.392,1.5459,1.5463,2.00,1.00
2010.07.15 21:08:19.532,1.54595,1.5463,1.60,1.00
2010.07.15 21:08:19.762,1.5459,1.5463,2.80,1.00
2010.07.15 21:08:33.292,1.54595,1.5463,1.00,1.00
2010.07.15 21:08:33.523,1.54585,1.54645,5.20,1.00
2010.07.15 21:08:44.851,1.5459,1.5464,1.00,1.60
2010.07.15 21:08:45.076,1.54575,1.5463,2.80,1.00
2010.07.15 21:08:46.713,1.54575,1.54615,2.80,1.00
2010.07.15 21:08:53.849,1.5458,1.54625,2.00,1.00
2010.07.15 21:08:54.043,1.54575,1.5462,2.80,2.40
2010.07.15 21:08:54.941,1.54575,1.5461,2.80,1.00
2010.07.15 21:08:55.902,1.54575,1.5461,2.50,1.00
2010.07.15 21:08:56.152,1.5457,1.5461,3.20,1.00
2010.07.15 21:08:56.402,1.5457,1.546,3.20,1.00
2010.07.15 21:08:57.725,1.54575,1.5462,2.00,2.40
2010.07.15 21:08:57.773,1.54575,1.54625,2.00,1.00
2010.07.15 21:09:05.841,1.54575,1.5463,2.00,1.00
2010.07.15 21:09:10.554,1.5457,1.5463,3.20,3.20
2010.07.15 21:09:31.104,1.54575,1.5463,2.00,1.00
2010.07.15 21:09:31.642,1.5457,1.54635,2.80,2.40
2010.07.15 21:09:40.592,1.54575,1.5463,2.00,2.40
2010.07.15 21:10:02.716,1.54575,1.54605,2.00,1.00
2010.07.15 21:10:02.953,1.54575,1.54595,2.00,1.00
2010.07.15 21:10:03.144,1.54575,1.5461,1.00,1.00
2010.07.15 21:10:03.334,1.54565,1.5461,3.00,1.00
2010.07.15 21:10:03.854,1.54565,1.5461,3.00,1.00
2010.07.15 21:10:04.196,1.5456,1.54615,1.00,2.00
2010.07.15 21:10:07.232,1.54565,1.5461,1.00,1.00
2010.07.15 21:10:07.373,1.54565,1.5461,1.00,1.00
2010.07.15 21:10:07.511,1.54565,1.5461,1.00,1.00
2010.07.15 21:10:08.071,1.54565,1.546,1.00,1.00
2010.07.15 21:10:08.933,1.54565,1.54605,1.00,1.00
2010.07.15 21:10:09.273,1.54565,1.54605,1.00,1.00
2010.07.15 21:10:10.034,1.54565,1.54605,1.00,1.00
2010.07.15 21:10:10.353,1.54565,1.54605,1.00,1.00
2010.07.15 21:10:12.907,1.54565,1.54605,1.00,1.00
2010.07.15 21:10:13.074,1.54565,1.54605,1.00,1.00
2010.07.15 21:10:13.233,1.54565,1.54605,1.00,1.00
2010.07.15 21:10:27.584,1.5455,1.5459,1.00,1.00
2010.07.15 21:10:27.833,1.5454,1.54585,2.00,1.00
2010.07.15 21:10:29.032,1.5454,1.54585,1.00,1.00
2010.07.15 21:10:29.372,1.54535,1.54585,2.40,1.00
2010.07.15 21:10:30.806,1.5455,1.54595,1.00,1.00
2010.07.15 21:10:31.033,1.5455,1.54605,1.00,1.00
2010.07.15 21:10:32.561,1.5455,1.54605,1.20,1.00
2010.07.15 21:10:33.831,1.5455,1.54605,2.00,1.00
2010.07.15 21:10:34.862,1.5455,1.54605,1.20,1.00
2010.07.15 21:10:35.092,1.54555,1.5461,1.00,1.00
2010.07.15 21:10:35.322,1.5455,1.5461,4.10,1.00
2010.07.15 21:10:37.055,1.54555,1.54615,3.30,1.00
2010.07.15 21:10:38.524,1.54555,1.54615,1.00,1.00
2010.07.15 21:10:39.881,1.54565,1.54615,1.60,1.00
2010.07.15 21:10:40.022,1.54565,1.5461,2.00,1.00
2010.07.15 21:10:40.623,1.54565,1.5461,2.00,1.00
2010.07.15 21:10:41.432,1.54565,1.5461,2.00,1.00
2010.07.15 21:10:41.642,1.54565,1.5461,2.00,1.00
2010.07.15 21:10:42.453,1.54565,1.5461,1.00,1.00
2010.07.15 21:10:42.932,1.5456,1.5461,2.00,1.00
2010.07.15 21:10:43.092,1.5456,1.5461,2.40,1.00
2010.07.15 21:10:43.252,1.5456,1.5461,2.80,1.00
2010.07.15 21:10:43.572,1.5456,1.5461,2.50,1.00
2010.07.15 21:10:43.672,1.54555,1.5461,2.80,1.00
2010.07.15 21:10:44.022,1.5456,1.5461,2.40,1.00
2010.07.15 21:10:44.123,1.5456,1.5461,2.40,1.00
2010.07.15 21:10:44.431,1.5456,1.5461,2.80,1.00
2010.07.15 21:10:44.872,1.5456,1.5461,2.80,1.00
2010.07.15 21:10:45.947,1.5456,1.5461,2.50,1.00
2010.07.15 21:10:46.032,1.54555,1.5461,2.80,1.00
2010.07.15 21:10:46.591,1.54555,1.5461,2.80,1.00
2010.07.15 21:10:46.925,1.5456,1.5461,2.40,1.00
2010.07.15 21:10:47.373,1.54565,1.5461,2.00,1.00
2010.07.15 21:10:47.593,1.5456,1.5461,2.00,1.00
2010.07.15 21:10:48.366,1.54565,1.5461,2.00,1.00
2010.07.15 21:10:48.616,1.5456,1.546,2.80,1.00
2010.07.15 21:10:51.113,1.5456,1.546,2.50,1.00
2010.07.15 21:10:51.801,1.5456,1.546,2.80,1.00
2010.07.15 21:10:52.386,1.54555,1.54585,2.80,1.00
2010.07.15 21:10:53.404,1.54565,1.54585,1.60,1.00
2010.07.15 21:10:53.644,1.54565,1.54585,2.00,1.00
2010.07.15 21:10:53.884,1.54565,1.54595,1.00,2.40
2010.07.15 21:10:54.524,1.5455,1.5458,2.00,1.00
2010.07.15 21:10:55.012,1.5456,1.5458,1.60,1.00
2010.07.15 21:10:55.493,1.5456,1.5458,2.00,1.00
2010.07.15 21:10:57.156,1.5455,1.5458,1.00,1.00
2010.07.15 21:11:00.233,1.5455,1.5459,1.00,2.40
2010.07.15 21:11:00.713,1.5455,1.5459,1.00,1.00
2010.07.15 21:11:01.026,1.5455,1.54595,1.00,1.00
2010.07.15 21:11:01.253,1.5455,1.546,1.00,1.00
2010.07.15 21:11:20.448,1.5455,1.546,1.00,1.00
2010.07.15 21:11:20.863,1.54545,1.546,2.00,1.00
2010.07.15 21:11:20.973,1.54545,1.546,2.00,1.00
2010.07.15 21:11:25.542,1.54545,1.546,2.80,1.00
2010.07.15 21:11:27.210,1.54545,1.546,2.40,1.00
2010.07.15 21:11:27.622,1.54545,1.546,2.40,1.00
2010.07.15 21:11:28.372,1.54545,1.546,2.00,1.00
2010.07.15 21:11:30.903,1.54545,1.546,2.00,1.00
2010.07.15 21:11:54.298,1.5455,1.54595,2.00,1.00
2010.07.15 21:12:03.972,1.5455,1.54595,1.00,1.00
2010.07.15 21:12:04.143,1.54545,1.54595,2.00,1.00
2010.07.15 21:12:13.772,1.5455,1.54595,1.60,1.00
2010.07.15 21:12:13.962,1.5455,1.54595,2.00,1.00
2010.07.15 21:12:20.013,1.5455,1.546,2.40,1.00
2010.07.15 21:12:20.765,1.5455,1.54595,2.00,1.00
2010.07.15 21:12:21.172,1.5455,1.546,2.00,1.00
2010.07.15 21:12:21.372,1.5455,1.546,2.00,1.00
2010.07.15 21:12:29.192,1.5455,1.546,2.40,1.00
2010.07.15 21:12:32.699,1.5455,1.546,2.00,1.00
2010.07.15 21:12:32.972,1.5455,1.546,2.40,1.00
2010.07.15 21:12:34.482,1.5455,1.546,2.00,1.00
2010.07.15 21:12:42.332,1.54555,1.546,1.00,1.00
2010.07.15 21:12:48.801,1.54555,1.546,1.00,1.20
2010.07.15 21:12:48.852,1.54555,1.54595,1.00,1.00
2010.07.15 21:12:56.553,1.54565,1.546,1.00,1.00
2010.07.15 21:12:56.793,1.54565,1.54605,1.00,2.40
2010.07.15 21:12:56.973,1.54565,1.54605,1.00,1.00
2010.07.15 21:13:01.742,1.54565,1.54605,1.00,1.00
2010.07.15 21:13:01.793,1.54565,1.54605,1.00,1.60
2010.07.15 21:13:02.002,1.5456,1.54605,1.60,1.60
2010.07.15 21:13:02.054,1.54555,1.546,2.00,1.00
2010.07.15 21:13:03.512,1.54555,1.546,2.00,1.20
2010.07.15 21:13:03.622,1.54555,1.54595,1.00,1.00
2010.07.15 21:13:35.775,1.54555,1.54595,1.00,1.00
2010.07.15 21:13:38.970,1.54555,1.54595,1.00,1.60
2010.07.15 21:13:39.106,1.54555,1.54595,1.00,2.40
2010.07.15 21:13:39.744,1.54555,1.5459,1.00,1.00
2010.07.15 21:14:50.874,1.5456,1.5459,1.00,1.00
2010.07.15 21:14:51.195,1.5456,1.54595,1.00,1.00
2010.07.15 21:14:52.714,1.54565,1.546,1.00,1.00
2010.07.15 21:14:56.713,1.54565,1.546,1.00,1.30
2010.07.15 21:14:59.549,1.54565,1.546,1.00,1.20
2010.07.15 21:15:01.939,1.54565,1.546,1.00,1.20
2010.07.15 21:15:04.003,1.54565,1.546,1.00,1.20
2010.07.15 21:15:11.596,1.5456,1.546,1.00,2.00
2010.07.15 21:15:11.735,1.5456,1.54595,1.00,1.00
2010.07.15 21:15:13.654,1.5456,1.54595,1.00,1.60
2010.07.15 21:15:13.864,1.5456,1.54595,1.00,1.00
2010.07.15 21:15:14.663,1.5456,1.5459,1.00,1.00
2010.07.15 21:15:14.743,1.54555,1.5459,1.00,1.00
2010.07.15 21:15:16.655,1.54555,1.5459,1.00,1.00
2010.07.15 21:15:17.604,1.54555,1.5459,1.00,1.00
2010.07.15 21:15:19.163,1.54555,1.54585,1.00,1.00
2010.07.15 21:15:19.422,1.54555,1.5459,1.00,1.00
2010.07.15 21:15:21.825,1.54555,1.54585,1.00,1.00
2010.07.15 21:15:21.903,1.54555,1.5459,1.00,1.00
2010.07.15 21:15:23.203,1.54555,1.54585,1.00,1.00
2010.07.15 21:15:23.643,1.54555,1.5459,1.00,1.00
2010.07.15 21:15:24.408,1.54555,1.5459,1.00,1.00
2010.07.15 21:15:25.813,1.54555,1.5459,1.00,1.00
2010.07.15 21:15:27.294,1.5456,1.5459,1.60,2.40
2010.07.15 21:15:28.313,1.5456,1.54585,1.60,1.00
2010.07.15 21:15:28.544,1.5456,1.5459,1.60,2.40
2010.07.15 21:15:29.008,1.5456,1.5459,1.60,2.40
2010.07.15 21:15:30.554,1.5456,1.54585,1.60,1.00
2010.07.15 21:15:30.784,1.5456,1.5459,1.60,2.40
2010.07.15 21:15:31.904,1.5456,1.5459,1.60,2.40
2010.07.15 21:15:33.881,1.54555,1.5459,2.40,2.40
2010.07.15 21:15:33.958,1.54555,1.5459,2.40,3.20
2010.07.15 21:15:34.097,1.54555,1.54585,1.60,1.00
2010.07.15 21:15:34.164,1.54555,1.54585,1.60,1.00
2010.07.15 21:15:34.336,1.5455,1.54585,1.60,1.60
2010.07.15 21:15:34.506,1.5455,1.54585,1.60,3.20
2010.07.15 21:15:34.674,1.5455,1.5458,1.60,1.60
2010.07.15 21:16:01.286,1.54538,1.54558,5.60,4.40
2010.07.15 21:16:05.897,1.54535,1.54555,6.50,1.00
2010.07.15 21:16:06.089,1.54533,1.54553,5.70,1.00
2010.07.15 21:16:29.533,1.54528,1.54548,5.70,1.00
2010.07.15 21:16:29.675,1.5452,1.5454,5.60,3.20
2010.07.15 21:16:29.956,1.54518,1.54538,6.50,1.00
2010.07.15 21:16:30.096,1.54518,1.54538,6.50,1.00
2010.07.15 21:16:32.337,1.5452,1.5454,5.70,2.40
2010.07.15 21:16:35.486,1.54522,1.54542,6.50,1.00
2010.07.15 21:16:36.752,1.54524,1.54544,6.50,1.00
2010.07.15 21:16:36.982,1.54527,1.54547,1.00,4.80
2010.07.15 21:17:11.993,1.5455,1.5458,1.60,2.40
2010.07.15 21:18:18.822,1.5455,1.5458,1.60,1.60
2010.07.15 21:18:29.413,1.5455,1.5458,1.60,2.40
2010.07.15 21:18:29.482,1.54545,1.5458,1.60,2.40
2010.07.15 21:18:29.555,1.54545,1.5458,1.60,2.80
2010.07.15 21:18:30.795,1.54545,1.54575,1.60,1.60
2010.07.15 21:18:44.203,1.5454,1.54575,1.60,1.60
2010.07.15 21:18:44.404,1.54535,1.54575,1.60,1.60
2010.07.15 21:18:44.504,1.54535,1.54575,1.60,2.40
2010.07.15 21:18:44.554,1.54535,1.5457,1.60,1.60
2010.07.15 21:18:45.034,1.54535,1.54565,1.60,1.60
2010.07.15 21:18:50.404,1.5453,1.54565,1.60,1.60
2010.07.15 21:19:01.395,1.5453,1.5456,1.60,1.60
2010.07.15 21:20:01.248,1.5453,1.5456,1.60,1.60
2010.07.15 21:20:01.795,1.5453,1.54555,1.60,1.00
2010.07.15 21:20:02.756,1.54525,1.54555,1.60,1.00
2010.07.15 21:20:03.174,1.54525,1.54555,1.60,1.60
2010.07.15 21:20:05.244,1.54525,1.54555,1.60,1.60
2010.07.15 21:20:09.425,1.54525,1.54555,1.60,1.60
2010.07.15 21:20:13.205,1.54525,1.54555,1.60,1.60
2010.07.15 21:20:19.780,1.54525,1.54555,1.60,1.60
2010.07.15 21:20:23.702,1.54525,1.5455,1.60,1.60
2010.07.15 21:20:26.176,1.54525,1.5455,1.60,1.60
2010.07.15 21:20:27.774,1.54525,1.5455,1.60,1.60
2010.07.15 21:20:28.939,1.54525,1.5455,1.60,1.60
2010.07.15 21:20:32.563,1.54525,1.5455,1.60,1.60
2010.07.15 21:20:35.164,1.54515,1.5455,4.00,1.60
2010.07.15 21:20:35.701,1.54515,1.54545,4.00,1.60
2010.07.15 21:20:35.735,1.54515,1.54545,2.40,1.60
2010.07.15 21:20:37.246,1.54515,1.54545,1.00,1.60
2010.07.15 21:20:37.484,1.54515,1.5454,1.00,1.60
2010.07.15 21:20:38.995,1.54515,1.54535,1.00,1.00
2010.07.15 21:20:52.754,1.54515,1.54535,1.00,1.00
2010.07.15 21:20:52.886,1.5452,1.5454,1.00,1.60
2010.07.15 21:20:53.026,1.5453,1.5455,1.00,1.10
2010.07.15 21:20:53.165,1.5452,1.5456,1.00,2.70
2010.07.15 21:20:53.306,1.54525,1.54555,1.60,1.10
2010.07.15 21:20:53.444,1.54525,1.54555,1.60,2.70
2010.07.15 21:21:00.735,1.54525,1.5455,1.60,2.00
2010.07.15 21:21:02.098,1.54525,1.5455,1.60,1.90
2010.07.15 21:21:07.847,1.54525,1.5455,1.60,1.90
2010.07.15 21:21:12.236,1.54515,1.5455,2.40,1.90
2010.07.15 21:21:12.374,1.54515,1.5455,2.40,2.70
2010.07.15 21:21:12.506,1.54515,1.54545,2.40,1.60
2010.07.15 21:21:16.885,1.5452,1.54545,1.60,1.60
2010.07.15 21:21:41.851,1.54525,1.54545,1.00,1.60
2010.07.15 21:21:44.477,1.5453,1.54555,1.60,1.60
2010.07.15 21:21:56.659,1.54525,1.54555,1.60,1.60
2010.07.15 21:21:57.866,1.54525,1.54555,1.60,2.00
2010.07.15 21:21:58.394,1.54525,1.54555,1.60,2.80
2010.07.15 21:22:03.805,1.54525,1.54555,2.40,1.60
2010.07.15 21:22:03.895,1.54525,1.54555,2.40,1.60
2010.07.15 21:22:04.457,1.5453,1.54555,1.60,1.60
2010.07.15 21:22:09.031,1.5453,1.54555,1.60,2.00
2010.07.15 21:22:19.536,1.5453,1.54555,1.60,1.90
2010.07.15 21:22:28.574,1.5453,1.54555,1.60,1.60
2010.07.15 21:23:17.572,1.5453,1.54555,1.60,2.00
2010.07.15 21:23:17.681,1.5453,1.54555,1.60,1.90
2010.07.15 21:23:18.025,1.54525,1.54555,2.40,2.70
2010.07.15 21:23:18.365,1.54525,1.54555,1.60,2.90
2010.07.15 21:23:18.792,1.54525,1.5455,1.60,1.60
2010.07.15 21:23:41.755,1.54525,1.54555,1.60,2.90
2010.07.15 21:23:42.779,1.54525,1.54545,1.60,1.00
2010.07.15 21:23:43.267,1.5452,1.54545,4.00,1.00
2010.07.15 21:23:43.380,1.5452,1.54545,1.60,1.00
2010.07.15 21:23:49.144,1.5452,1.5455,1.60,2.00
2010.07.15 21:23:49.295,1.5452,1.5455,1.60,2.10
2010.07.15 21:23:51.195,1.54515,1.5455,2.40,2.10
2010.07.15 21:23:51.376,1.54515,1.54545,1.60,1.60
2010.07.15 21:23:56.995,1.5451,1.5454,10.40,1.00
2010.07.15 21:23:57.290,1.5451,1.5454,8.80,1.60
2010.07.15 21:23:57.576,1.5451,1.5454,8.00,1.60
2010.07.15 21:23:59.760,1.5451,1.54545,8.00,1.60
2010.07.15 21:24:00.202,1.5451,1.54545,8.80,1.60
2010.07.15 21:24:00.551,1.54515,1.54545,1.60,1.60
2010.07.15 21:24:15.124,1.54515,1.5454,1.60,1.00
2010.07.15 21:24:15.184,1.5451,1.5454,9.60,1.00
2010.07.15 21:24:15.366,1.5451,1.5454,8.80,1.60
2010.07.15 21:24:15.495,1.5451,1.5454,8.00,1.60
2010.07.15 21:24:15.616,1.5451,1.5454,7.20,1.60
2010.07.15 21:24:19.134,1.5451,1.5454,7.20,1.00
2010.07.15 21:24:19.328,1.5451,1.54545,8.00,2.40
2010.07.15 21:24:19.526,1.5451,1.5455,9.60,4.00
2010.07.15 21:24:19.726,1.5452,1.5455,1.60,3.20
2010.07.15 21:24:39.467,1.5452,1.5455,3.20,1.00
2010.07.15 21:24:39.907,1.54525,1.54555,2.40,1.60
2010.07.15 21:24:40.355,1.5453,1.54555,1.60,1.60
2010.07.15 21:25:23.356,1.54515,1.54535,1.00,2.90
2010.07.15 21:25:24.437,1.54508,1.54533,6.50,1.20
2010.07.15 21:25:26.935,1.54513,1.54533,1.00,1.00
2010.07.15 21:25:28.890,1.5452,1.54545,6.50,1.30
2010.07.15 21:25:29.628,1.54527,1.54553,6.50,1.40
2010.07.15 21:25:29.958,1.54525,1.5455,1.00,1.00
2010.07.15 21:25:34.218,1.54521,1.54546,6.50,1.30
2010.07.15 21:25:45.257,1.54517,1.54542,1.00,3.20
2010.07.15 21:25:45.529,1.54513,1.54538,1.00,1.00
2010.07.15 21:25:47.064,1.5451,1.54536,1.00,4.00
2010.07.15 21:26:46.488,1.5453,1.54565,1.60,1.60
2010.07.15 21:26:46.706,1.54535,1.5456,1.60,1.60
2010.07.15 21:26:52.816,1.54535,1.5456,1.60,2.40
2010.07.15 21:26:53.135,1.5453,1.5456,1.60,1.00
2010.07.15 21:26:55.115,1.5453,1.5456,1.60,2.40
2010.07.15 21:26:56.634,1.5453,1.5456,1.60,3.20
2010.07.15 21:26:59.785,1.5453,1.5456,2.40,2.40
2010.07.15 21:26:59.947,1.5453,1.5456,2.40,1.00
2010.07.15 21:27:00.108,1.5453,1.54565,4.00,2.40
2010.07.15 21:27:00.936,1.54535,1.54565,1.60,2.40
2010.07.15 21:27:14.691,1.5453,1.54555,1.60,1.60
2010.07.15 21:27:14.877,1.5453,1.54545,1.60,1.00
2010.07.15 21:27:15.038,1.54525,1.54545,1.60,1.00
2010.07.15 21:27:17.347,1.54525,1.54555,1.60,2.40
2010.07.15 21:27:30.395,1.54525,1.54555,1.60,1.00
2010.07.15 21:27:30.596,1.5453,1.54555,1.60,1.00
2010.07.15 21:27:30.696,1.5453,1.5456,1.60,4.00
2010.07.15 21:27:37.023,1.54535,1.54565,1.60,2.40
2010.07.15 21:27:45.386,1.5454,1.54565,1.00,1.00
2010.07.15 21:27:45.576,1.5454,1.5457,1.60,4.80
2010.07.15 21:27:48.675,1.5454,1.5457,1.00,4.80
2010.07.15 21:27:48.741,1.5454,1.5457,1.00,5.60
2010.07.15 21:27:48.866,1.54535,1.5457,1.60,5.60
2010.07.15 21:27:48.926,1.54535,1.54565,1.60,1.00
2010.07.15 21:27:48.986,1.54535,1.54565,1.60,2.40
2010.07.15 21:27:52.816,1.54535,1.5456,1.60,1.00
2010.07.15 21:28:00.874,1.54535,1.5456,1.60,2.40
2010.07.15 21:28:08.995,1.5453,1.5456,1.60,2.40
2010.07.15 21:28:18.605,1.54525,1.5456,2.40,2.40
2010.07.15 21:28:19.120,1.54525,1.54555,2.40,1.60
2010.07.15 21:28:19.238,1.54525,1.54555,1.60,2.40
2010.07.15 21:28:23.643,1.5452,1.5455,3.20,1.00
2010.07.15 21:28:23.787,1.5452,1.5455,3.20,3.20
2010.07.15 21:28:23.937,1.5452,1.5455,2.40,4.00
2010.07.15 21:28:24.257,1.54515,1.5454,1.60,1.00
2010.07.15 21:28:24.576,1.54515,1.5454,1.60,2.40
2010.07.15 21:28:31.504,1.5451,1.5454,1.60,2.40
2010.07.15 21:29:31.966,1.54505,1.5453,2.00,1.00
2010.07.15 21:29:32.238,1.5449,1.5453,1.60,1.00
2010.07.15 21:29:32.506,1.54495,1.5453,1.60,1.00
2010.07.15 21:29:40.648,1.54485,1.5453,1.60,1.00
2010.07.15 21:29:42.160,1.54485,1.5452,1.60,1.00
2010.07.15 21:29:42.370,1.54485,1.54515,1.60,1.00
2010.07.15 21:29:42.580,1.54485,1.54515,1.60,1.60
2010.07.15 21:29:42.788,1.54485,1.5451,1.60,1.60
2010.07.15 21:29:50.515,1.5448,1.5451,1.60,1.60
2010.07.15 21:29:52.629,1.5448,1.54495,1.60,1.00
2010.07.15 21:30:00.222,1.54475,1.54495,1.60,1.00
2010.07.15 21:30:33.196,1.54475,1.54505,1.60,1.60
2010.07.15 21:30:42.607,1.54475,1.54505,1.60,3.20
2010.07.15 21:30:43.406,1.54475,1.545,1.60,1.00
2010.07.15 21:30:43.966,1.5447,1.545,1.60,3.20
2010.07.15 21:30:49.118,1.5447,1.54495,1.60,1.60
2010.07.15 21:30:50.245,1.54465,1.54495,1.60,1.60
2010.07.15 21:31:21.787,1.5447,1.54495,1.60,1.60
2010.07.15 21:32:01.260,1.54457,1.54481,1.00,1.60
2010.07.15 21:32:01.474,1.54454,1.54479,1.00,1.60
2010.07.15 21:32:02.778,1.54451,1.54476,1.00,1.00
2010.07.15 21:32:02.989,1.54446,1.54471,1.00,11.60
2010.07.15 21:32:03.200,1.54446,1.54471,1.00,1.00
2010.07.15 21:32:12.047,1.54445,1.5447,8.80,7.20
2010.07.15 21:32:18.651,1.54443,1.54473,1.00,1.60
2010.07.15 21:32:25.136,1.54443,1.54473,1.00,1.20
2010.07.15 21:32:25.828,1.54443,1.54473,1.00,1.60
2010.07.15 21:32:25.986,1.54445,1.5447,1.00,1.60
2010.07.15 21:32:36.539,1.54446,1.54471,1.00,3.40
2010.07.15 21:32:36.729,1.54446,1.54471,7.30,5.60
2010.07.15 21:32:37.215,1.54446,1.54466,1.00,1.00
2010.07.15 21:32:37.598,1.54446,1.54466,1.00,1.60
2010.07.15 21:32:38.417,1.54451,1.54471,1.00,1.00
2010.07.15 21:32:40.060,1.54455,1.54475,1.00,3.20
2010.07.15 21:32:40.412,1.54458,1.54473,2.00,1.00
2010.07.15 21:32:40.974,1.54456,1.54471,1.00,1.00
2010.07.15 21:32:41.138,1.54452,1.54472,1.00,1.60
2010.07.15 21:32:41.308,1.54447,1.54472,8.80,7.20
2010.07.15 21:32:44.573,1.54446,1.54471,1.00,4.80
2010.07.15 21:32:47.689,1.54446,1.54471,1.00,1.00
2010.07.15 21:32:47.919,1.54447,1.54467,1.00,4.00
2010.07.15 21:32:48.112,1.54449,1.54469,1.00,1.00
2010.07.15 21:32:50.031,1.54444,1.54474,1.00,1.00
2010.07.15 21:32:50.425,1.54445,1.54475,1.00,1.60
2010.07.15 21:33:00.183,1.54458,1.54482,1.00,1.60
2010.07.15 21:33:00.867,1.54458,1.54478,1.00,3.20
2010.07.15 21:33:01.603,1.54459,1.54474,1.00,1.00
2010.07.15 21:33:01.733,1.54457,1.54472,1.00,1.20
2010.07.15 21:33:01.864,1.5445,1.54475,1.60,5.60
2010.07.15 21:33:15.018,1.54448,1.54468,1.00,1.00
2010.07.15 21:33:24.675,1.54448,1.54464,1.00,1.00
2010.07.15 21:33:45.156,1.5445,1.5447,1.00,1.60
2010.07.15 21:33:47.006,1.5445,1.54475,1.60,5.60
2010.07.15 21:33:52.216,1.54454,1.54474,1.00,3.60
2010.07.15 21:33:52.897,1.5445,1.54475,1.00,1.00
2010.07.15 21:33:54.964,1.54451,1.54471,1.00,1.20
2010.07.15 21:34:13.188,1.5447,1.54495,1.60,2.40
2010.07.15 21:34:20.266,1.54465,1.54495,1.60,2.40
2010.07.15 21:34:31.191,1.54465,1.54495,1.60,1.60
2010.07.15 21:34:40.175,1.54465,1.545,1.60,2.40
2010.07.15 21:34:44.677,1.5447,1.54505,1.60,4.00
2010.07.15 21:34:55.157,1.5446,1.545,1.60,4.00
2010.07.15 21:34:55.246,1.5446,1.54505,1.60,7.20
2010.07.15 21:34:55.426,1.5446,1.54505,1.60,7.20
2010.07.15 21:34:55.860,1.5446,1.54495,1.60,1.60
2010.07.15 21:35:06.017,1.54455,1.5449,2.60,5.60
2010.07.15 21:35:06.147,1.54455,1.5449,2.60,7.20
2010.07.15 21:35:06.278,1.54455,1.5449,1.00,12.80
2010.07.15 21:35:06.907,1.54455,1.54485,1.00,4.00
2010.07.15 21:35:49.818,1.54445,1.5448,2.40,3.20
2010.07.15 21:35:49.977,1.54445,1.5448,2.40,4.00
2010.07.15 21:36:24.437,1.54445,1.5445,2.40,1.00
2010.07.15 21:36:24.567,1.54445,1.5445,1.00,1.00
2010.07.15 21:36:24.637,1.54445,1.5445,1.00,7.20
2010.07.15 21:36:24.708,1.54415,1.54445,1.60,1.00
2010.07.15 21:36:24.777,1.54415,1.5444,1.60,1.60
2010.07.15 21:36:24.908,1.54415,1.5444,1.60,2.40
2010.07.15 21:36:25.430,1.54415,1.54435,1.60,1.00
2010.07.15 21:36:26.357,1.54415,1.5444,1.60,2.00
2010.07.15 21:36:26.667,1.54415,1.5444,1.60,2.00
2010.07.15 21:36:26.777,1.5441,1.54435,1.60,1.00
2010.07.15 21:36:28.416,1.5441,1.5444,1.60,2.70
2010.07.15 21:36:28.966,1.5441,1.5444,1.60,2.80
2010.07.15 21:36:30.778,1.5441,1.54435,1.60,1.60
2010.07.15 21:36:32.416,1.544,1.5443,1.60,1.60
2010.07.15 21:36:35.197,1.544,1.5443,1.60,2.40
2010.07.15 21:36:35.499,1.544,1.5443,1.60,1.60
2010.07.15 21:36:36.048,1.544,1.54425,1.60,1.60
2010.07.15 21:37:13.248,1.544,1.54435,1.60,3.20
2010.07.15 21:37:13.433,1.54405,1.54435,1.60,2.40
2010.07.15 21:37:13.619,1.54405,1.54435,1.60,1.60
2010.07.15 21:37:27.948,1.544,1.54435,2.40,2.40
2010.07.15 21:37:28.610,1.544,1.54435,1.60,2.40
2010.07.15 21:37:30.867,1.544,1.5443,1.60,1.60
2010.07.15 21:37:38.320,1.54405,1.5443,1.60,1.60
2010.07.15 21:37:43.109,1.54405,1.54445,1.00,4.00
2010.07.15 21:37:43.431,1.5441,1.54445,1.00,1.60
2010.07.15 21:37:45.867,1.54405,1.54445,1.60,1.60
2010.07.15 21:37:50.896,1.5441,1.5444,1.60,1.60
2010.07.15 21:38:05.177,1.5441,1.5445,1.00,3.20
2010.07.15 21:38:05.370,1.54415,1.5445,1.00,3.20
2010.07.15 21:38:05.559,1.54425,1.5445,1.00,1.60
2010.07.15 21:38:05.750,1.54425,1.5446,1.00,1.60
2010.07.15 21:38:06.117,1.5443,1.5446,1.60,1.60
2010.07.15 21:38:15.737,1.54435,1.5447,1.60,1.60
2010.07.15 21:38:15.938,1.5444,1.5447,1.60,1.60
2010.07.15 21:38:20.137,1.5444,1.5447,1.60,1.60
2010.07.15 21:38:20.939,1.54445,1.5447,1.60,1.60
2010.07.15 21:38:20.962,1.54445,1.5447,1.60,1.60
2010.07.15 21:38:23.208,1.54445,1.5446,1.60,1.00
2010.07.15 21:38:23.379,1.54435,1.5445,1.00,1.00
2010.07.15 21:38:23.589,1.5443,1.5445,2.40,1.00
2010.07.15 21:38:23.798,1.5443,1.5447,1.60,1.60
2010.07.15 21:38:24.591,1.54425,1.54465,1.60,2.40
2010.07.15 21:38:24.803,1.5443,1.5446,1.60,1.60
2010.07.15 21:38:25.438,1.5443,1.5445,1.60,2.40
2010.07.15 21:38:25.648,1.54415,1.5445,1.00,2.40
2010.07.15 21:38:25.918,1.5441,1.5444,1.60,1.60
2010.07.15 21:38:30.946,1.5441,1.54435,1.60,1.60
2010.07.15 21:38:32.267,1.5441,1.54435,2.40,1.60
2010.07.15 21:38:35.737,1.5441,1.54435,1.60,1.60
2010.07.15 21:38:40.519,1.54405,1.54435,1.60,1.60
2010.07.15 21:38:45.738,1.54405,1.54435,1.60,2.40
2010.07.15 21:38:45.907,1.544,1.54435,1.60,2.40
2010.07.15 21:38:46.077,1.544,1.54435,1.60,1.60
2010.07.15 21:38:46.248,1.544,1.54435,3.20,1.60
2010.07.15 21:38:47.659,1.544,1.5443,1.60,1.60
2010.07.15 21:38:47.733,1.544,1.5443,1.60,3.20
2010.07.15 21:38:47.807,1.544,1.5443,1.60,4.00
2010.07.15 21:38:47.883,1.544,1.5443,1.00,4.00
2010.07.15 21:38:47.958,1.544,1.54425,1.00,1.60
2010.07.15 21:38:49.678,1.544,1.5442,1.00,1.60
2010.07.15 21:38:50.298,1.54395,1.5442,1.00,1.60
2010.07.15 21:38:50.817,1.54395,1.5442,1.00,1.00
2010.07.15 21:38:50.968,1.54395,1.54425,1.00,1.60
2010.07.15 21:38:51.117,1.5439,1.54425,5.60,1.60
2010.07.15 21:38:51.267,1.54395,1.54425,1.60,1.60
2010.07.15 21:38:56.440,1.5439,1.54425,4.00,1.60
2010.07.15 21:38:56.543,1.54385,1.54415,1.60,1.60
2010.07.15 21:38:56.726,1.54385,1.5441,1.60,1.60
2010.07.15 21:39:04.498,1.54385,1.5441,2.40,1.60
2010.07.15 21:39:20.496,1.54385,1.5441,1.00,1.60
2010.07.15 21:39:21.113,1.5438,1.5441,3.20,1.60
2010.07.15 21:39:21.281,1.5438,1.54405,3.20,1.60
2010.07.15 21:39:37.396,1.5438,1.5441,3.20,1.60
2010.07.15 21:39:37.648,1.5439,1.5441,1.00,1.60
2010.07.15 21:39:38.099,1.5439,1.5441,1.60,1.60
2010.07.15 21:39:40.907,1.5439,1.54415,1.60,1.60
2010.07.15 21:39:44.276,1.5439,1.54415,1.60,2.40
2010.07.15 21:39:44.487,1.5439,1.54415,1.00,2.40
2010.07.15 21:39:45.457,1.54385,1.54415,3.20,1.60
2010.07.15 21:39:50.257,1.54385,1.5441,1.60,1.60
2010.07.15 21:39:54.346,1.54385,1.54415,1.60,1.60
2010.07.15 21:39:54.567,1.5439,1.54415,1.00,1.60
2010.07.15 21:39:54.677,1.5439,1.54415,2.40,1.60
2010.07.15 21:39:55.957,1.54395,1.54415,1.00,1.60
2010.07.15 21:39:57.128,1.54395,1.54425,1.00,2.40
2010.07.15 21:39:57.161,1.54395,1.54425,1.60,2.40
2010.07.15 21:39:57.278,1.54395,1.54425,1.60,1.60
2010.07.15 21:39:57.508,1.54395,1.54425,3.20,1.60
2010.07.15 21:39:58.889,1.544,1.54425,1.00,1.60
2010.07.15 21:40:00.937,1.54395,1.54425,2.40,1.60
2010.07.15 21:40:01.048,1.54395,1.54425,1.60,1.60
2010.07.15 21:40:02.043,1.54395,1.5442,1.60,1.60
2010.07.15 21:40:03.527,1.5439,1.5442,3.20,1.60
2010.07.15 21:40:04.043,1.5439,1.5442,2.40,2.40
2010.07.15 21:40:04.141,1.54385,1.54415,1.60,1.60
2010.07.15 21:40:04.229,1.54385,1.5441,1.60,1.60
2010.07.15 21:40:05.967,1.54375,1.54405,2.40,1.00
2010.07.15 21:40:06.250,1.54375,1.544,1.60,2.40
2010.07.15 21:40:06.350,1.54375,1.54395,1.60,1.60
2010.07.15 21:40:06.447,1.54365,1.54395,1.60,1.60
2010.07.15 21:40:06.648,1.54365,1.5439,1.60,1.60
2010.07.15 21:40:10.339,1.5436,1.5439,1.60,1.60
2010.07.15 21:40:10.766,1.5436,1.54385,1.60,1.60
2010.07.15 21:40:11.388,1.5436,1.54385,3.20,1.60
2010.07.15 21:40:11.638,1.5437,1.54385,1.00,1.60
2010.07.15 21:40:11.768,1.5437,1.5439,1.00,1.60
2010.07.15 21:40:17.652,1.5437,1.54395,1.00,1.60
2010.07.15 21:40:25.327,1.5437,1.54395,2.40,1.60
2010.07.15 21:40:26.830,1.5437,1.5441,4.80,4.80
2010.07.15 21:40:26.979,1.5437,1.5441,5.60,4.00
2010.07.15 21:40:27.127,1.5438,1.5441,1.60,4.00
2010.07.15 21:40:35.088,1.5438,1.5441,1.60,3.20
2010.07.15 21:40:35.265,1.54385,1.5441,1.60,1.60
2010.07.15 21:40:36.308,1.54385,1.5441,2.40,1.60
2010.07.15 21:40:36.398,1.54385,1.5441,2.40,1.00
2010.07.15 21:40:36.488,1.54385,1.5442,2.40,2.40
2010.07.15 21:40:36.577,1.54385,1.5442,2.40,1.60
2010.07.15 21:40:36.669,1.54385,1.5442,3.20,1.60
2010.07.15 21:40:36.758,1.54385,1.54425,4.00,1.00
2010.07.15 21:40:36.847,1.5439,1.54425,1.00,1.00
2010.07.15 21:40:37.323,1.5439,1.54425,1.60,1.00
2010.07.15 21:40:37.470,1.544,1.54425,1.60,1.00
2010.07.15 21:41:23.268,1.54395,1.54425,1.60,1.00
2010.07.15 21:41:23.701,1.54395,1.5442,1.60,1.60
2010.07.15 21:41:24.994,1.54395,1.5443,1.60,4.00
2010.07.15 21:41:25.118,1.544,1.5443,1.60,4.00
2010.07.15 21:41:28.277,1.544,1.5443,1.60,4.80
2010.07.15 21:41:28.497,1.544,1.5442,1.60,1.00
2010.07.15 21:41:28.610,1.54395,1.5442,1.60,1.60
2010.07.15 21:41:29.820,1.54395,1.54425,1.60,1.00
2010.07.15 21:41:29.918,1.54395,1.5443,1.60,4.80
2010.07.15 21:41:30.118,1.544,1.5443,1.60,4.80
2010.07.15 21:41:32.729,1.544,1.5443,1.60,2.40
2010.07.15 21:41:32.792,1.544,1.5443,1.60,1.60
2010.07.15 21:41:32.919,1.54405,1.5443,1.60,1.60
2010.07.15 21:41:42.177,1.544,1.5443,1.60,1.60
2010.07.15 21:41:42.610,1.544,1.5443,1.60,4.00
2010.07.15 21:41:42.659,1.544,1.5443,1.60,4.80
2010.07.15 21:41:43.598,1.544,1.5443,1.60,5.60
2010.07.15 21:41:54.585,1.54395,1.5443,1.60,5.60
2010.07.15 21:41:54.827,1.54395,1.54425,1.60,1.00
2010.07.15 21:41:54.964,1.54395,1.54425,1.60,3.20
2010.07.15 21:41:57.107,1.54395,1.54425,1.60,4.80
2010.07.15 21:42:00.716,1.5439,1.54425,1.60,4.80
2010.07.15 21:42:00.867,1.5439,1.5442,1.60,1.60
2010.07.15 21:42:50.256,1.5439,1.54425,1.60,2.40
2010.07.15 21:42:51.636,1.5439,1.54425,1.60,2.30
2010.07.15 21:42:53.554,1.54395,1.54425,1.60,2.30
2010.07.15 21:42:53.797,1.54395,1.54425,1.60,1.00
2010.07.15 21:42:53.951,1.544,1.5443,1.60,3.90
2010.07.15 21:42:54.611,1.544,1.5443,1.60,4.00
2010.07.15 21:43:22.816,1.544,1.5443,1.60,3.90
2010.07.15 21:43:32.827,1.544,1.5443,2.40,1.50
2010.07.15 21:43:33.009,1.5441,1.5443,1.00,1.00
2010.07.15 21:43:33.252,1.5442,1.5445,1.00,1.60
2010.07.15 21:43:33.488,1.5442,1.5445,2.40,1.60
2010.07.15 21:43:35.475,1.5442,1.5445,1.60,1.60
2010.07.15 21:43:36.059,1.5442,1.5445,1.60,1.90
2010.07.15 21:43:36.869,1.5442,1.5445,1.60,1.10
2010.07.15 21:43:37.060,1.5442,1.5445,1.60,1.00
2010.07.15 21:43:38.467,1.54425,1.5445,1.60,1.90
2010.07.15 21:43:38.758,1.54425,1.5445,1.60,2.70
2010.07.15 21:43:39.186,1.54415,1.54445,1.60,1.00
2010.07.15 21:43:39.340,1.54415,1.54445,1.60,4.00
2010.07.15 21:43:40.667,1.54415,1.5444,1.60,1.60
2010.07.15 21:43:42.318,1.54415,1.54445,1.60,1.60
2010.07.15 21:43:42.931,1.5442,1.5445,1.60,4.00
2010.07.15 21:43:42.957,1.5442,1.54445,1.60,1.60
2010.07.15 21:43:43.028,1.5442,1.54445,1.60,2.40
2010.07.15 21:43:43.270,1.5442,1.54445,1.60,3.20
2010.07.15 21:43:43.294,1.5442,1.54445,1.60,4.00
2010.07.15 21:43:44.604,1.54415,1.54445,1.60,3.20
2010.07.15 21:43:44.954,1.54415,1.5444,1.60,1.60
2010.07.15 21:43:45.652,1.54415,1.54445,1.60,1.60
2010.07.15 21:43:46.406,1.54415,1.54445,1.60,4.00
2010.07.15 21:43:50.267,1.5441,1.54445,1.60,4.00
2010.07.15 21:44:01.267,1.5441,1.5444,1.60,1.60
2010.07.15 21:45:03.161,1.54396,1.5442,1.00,2.40
2010.07.15 21:45:05.091,1.54395,1.54415,1.00,3.20
2010.07.15 21:45:05.270,1.54394,1.54414,9.40,1.00
2010.07.15 21:45:05.331,1.54394,1.54414,8.40,1.00
2010.07.15 21:45:05.570,1.54393,1.54413,1.00,1.60
2010.07.15 21:45:07.328,1.5439,1.54415,1.00,1.60
2010.07.15 21:45:08.009,1.54394,1.54414,1.00,4.00
2010.07.15 21:45:08.222,1.54399,1.54409,1.00,4.00
2010.07.15 21:45:08.331,1.54397,1.54407,1.00,4.00
2010.07.15 21:45:10.472,1.54394,1.54409,3.40,1.60
2010.07.15 21:45:10.500,1.54395,1.5441,3.20,1.00
2010.07.15 21:45:11.951,1.54391,1.54416,1.00,1.00
2010.07.15 21:45:12.026,1.54391,1.54416,8.40,1.60
2010.07.15 21:45:12.721,1.5439,1.54415,1.00,1.60
2010.07.15 21:45:12.798,1.54389,1.54414,1.00,1.60
2010.07.15 21:45:13.100,1.54398,1.54408,8.60,1.00
2010.07.15 21:45:16.661,1.54395,1.5441,6.00,3.20
2010.07.15 21:45:17.248,1.5439,1.5441,1.00,4.00
2010.07.15 21:45:18.419,1.54389,1.54404,1.00,6.40
2010.07.15 21:45:18.751,1.54388,1.54398,1.00,1.60
2010.07.15 21:45:20.490,1.54389,1.54399,1.00,1.00
2010.07.15 21:45:22.702,1.54391,1.54401,1.00,4.80
2010.07.15 21:45:29.492,1.54393,1.54408,1.00,4.80
2010.07.15 21:45:29.749,1.54391,1.54411,1.00,3.20
2010.07.15 21:45:30.271,1.54392,1.54412,5.80,1.60
2010.07.15 21:45:30.491,1.54391,1.54411,9.50,1.00
2010.07.15 21:45:31.126,1.54392,1.54412,1.00,4.80
2010.07.15 21:45:34.669,1.54392,1.54412,1.00,3.20
2010.07.15 21:45:34.919,1.54392,1.54412,6.00,1.00
2010.07.15 21:45:39.147,1.54391,1.54416,1.00,3.20
2010.07.15 21:45:39.487,1.54391,1.54416,1.00,4.80
2010.07.15 21:45:40.290,1.54391,1.54416,1.00,4.80
2010.07.15 21:45:41.397,1.54392,1.54417,6.00,1.00
2010.07.15 21:45:41.701,1.54393,1.54418,9.50,1.00
2010.07.15 21:45:41.800,1.54392,1.54417,3.20,1.00
2010.07.15 21:45:41.991,1.54392,1.54417,9.30,1.00
2010.07.15 21:45:42.182,1.54393,1.54413,8.60,1.60
2010.07.15 21:45:42.282,1.54393,1.54413,2.40,4.00
2010.07.15 21:45:42.382,1.54394,1.54414,1.00,1.00
2010.07.15 21:45:42.572,1.54395,1.54415,1.00,1.00
2010.07.15 21:45:42.760,1.54395,1.54415,8.40,1.00
2010.07.15 21:45:45.879,1.54391,1.54416,8.50,1.60
2010.07.15 21:45:46.689,1.54392,1.54412,1.00,1.00
2010.07.15 21:45:46.850,1.54391,1.54411,1.00,2.40
2010.07.15 21:45:47.677,1.54393,1.54413,1.00,3.20
2010.07.15 21:45:47.749,1.54394,1.54414,1.00,1.60
2010.07.15 21:45:48.451,1.54395,1.54415,1.00,1.00
2010.07.15 21:45:50.137,1.54391,1.54416,3.40,1.60
2010.07.15 21:45:54.861,1.5439,1.54415,8.50,1.60
2010.07.15 21:45:56.748,1.54392,1.54412,2.40,4.00
2010.07.15 21:45:56.999,1.5439,1.54415,8.60,1.60
2010.07.15 21:45:57.250,1.54389,1.54414,1.00,2.40
2010.07.15 21:45:57.500,1.5439,1.54415,3.20,1.00
2010.07.15 21:45:58.287,1.54391,1.54416,1.00,1.00
2010.07.15 21:45:58.549,1.54392,1.54417,1.00,4.00
2010.07.15 21:45:58.807,1.54393,1.54418,1.00,1.60
2010.07.15 21:45:59.064,1.54396,1.5442,8.50,1.60
2010.07.15 21:46:29.959,1.5441,1.5444,1.60,1.60
2010.07.15 21:46:30.177,1.5441,1.5444,1.60,1.60
2010.07.15 21:47:00.447,1.54414,1.54434,1.00,1.60
2010.07.15 21:47:05.837,1.54404,1.54429,1.00,5.60
2010.07.15 21:47:08.707,1.54399,1.54424,1.00,1.00
2010.07.15 21:47:09.280,1.54397,1.54422,1.00,1.00
2010.07.15 21:47:09.469,1.54398,1.54423,5.40,1.00
2010.07.15 21:47:09.771,1.544,1.54425,1.60,1.00
2010.07.15 21:47:12.505,1.54401,1.54426,1.00,7.20
2010.07.15 21:47:13.316,1.54402,1.54427,5.40,1.00
2010.07.15 21:47:13.387,1.54405,1.5443,5.70,1.00
2010.07.15 21:47:13.410,1.54408,1.54428,1.60,4.80
2010.07.15 21:47:13.491,1.54407,1.54427,1.00,1.60
2010.07.15 21:47:13.532,1.54403,1.54428,3.70,1.00
2010.07.15 21:47:13.841,1.54402,1.54427,1.30,7.20
2010.07.15 21:47:15.787,1.54402,1.54427,6.50,1.00
2010.07.15 21:47:17.532,1.54402,1.54427,1.70,4.80
2010.07.15 21:47:17.636,1.54401,1.54431,1.00,1.60
2010.07.15 21:47:18.069,1.54404,1.54429,1.00,1.00
2010.07.15 21:47:18.158,1.54404,1.54429,4.90,3.20
2010.07.15 21:47:21.498,1.54402,1.54427,1.60,1.00
2010.07.15 21:47:21.726,1.54401,1.54426,1.00,6.40
2010.07.15 21:47:23.651,1.544,1.54425,1.00,1.60
2010.07.15 21:47:23.981,1.544,1.54425,8.10,1.00
2010.07.15 21:47:24.309,1.544,1.54425,1.00,1.60
2010.07.15 21:47:25.291,1.544,1.54425,1.20,4.00
2010.07.15 21:47:25.567,1.54399,1.54424,1.00,7.20
2010.07.15 21:47:25.651,1.54397,1.54422,1.00,4.80
2010.07.15 21:47:26.508,1.54396,1.54416,1.00,1.00
2010.07.15 21:47:26.590,1.54395,1.54415,1.00,7.20
2010.07.15 21:47:28.370,1.54397,1.54417,1.00,6.40
2010.07.15 21:47:29.869,1.54399,1.54419,5.40,1.00
2010.07.15 21:47:30.169,1.54403,1.54418,1.00,1.00
2010.07.15 21:47:31.721,1.54408,1.54423,1.00,7.20
2010.07.15 21:47:32.002,1.54411,1.54426,4.90,2.40
2010.07.15 21:47:32.609,1.54414,1.54424,1.60,7.20
2010.07.15 21:47:32.961,1.54406,1.54431,1.00,4.00
2010.07.15 21:47:33.679,1.54405,1.5443,1.00,1.00
2010.07.15 21:47:33.856,1.54405,1.5443,1.00,1.00
2010.07.15 21:47:37.254,1.54407,1.54427,1.00,1.00
2010.07.15 21:47:37.604,1.54407,1.54427,1.00,6.40
2010.07.15 21:47:37.950,1.54415,1.5442,1.30,5.60
2010.07.15 21:47:37.978,1.54413,1.54423,6.10,1.60
2010.07.15 21:47:38.004,1.54414,1.54424,1.00,3.20
2010.07.15 21:47:38.031,1.54408,1.54428,1.00,1.00
2010.07.15 21:47:43.628,1.54406,1.54426,1.00,3.20
2010.07.15 21:47:44.210,1.54402,1.54422,1.20,1.00
2010.07.15 21:47:44.409,1.54403,1.54418,1.00,1.00
2010.07.15 21:47:44.639,1.54403,1.54418,5.40,1.00
2010.07.15 21:47:45.099,1.54406,1.54421,1.00,4.80
2010.07.15 21:47:45.328,1.54408,1.54423,5.70,1.00
2010.07.15 21:47:45.568,1.54408,1.54423,1.00,7.20
2010.07.15 21:47:46.805,1.54409,1.54424,1.00,1.00
2010.07.15 21:47:47.370,1.54411,1.54426,1.30,5.60
2010.07.15 21:47:47.527,1.54411,1.54426,1.00,8.80
2010.07.15 21:47:48.390,1.5441,1.54425,1.00,3.20
2010.07.15 21:47:48.721,1.54409,1.54424,1.00,3.20
2010.07.15 21:47:50.432,1.54407,1.54422,1.60,6.40
2010.07.15 21:47:51.133,1.54407,1.54422,4.90,3.20
2010.07.15 21:47:51.354,1.54415,1.5442,1.80,7.20
2010.07.15 21:47:51.376,1.54416,1.54426,1.60,6.40
2010.07.15 21:47:51.969,1.54411,1.54431,5.70,1.00
2010.07.15 21:47:52.212,1.54408,1.54433,1.00,1.60
2010.07.15 21:47:54.759,1.54409,1.54429,2.70,1.80
2010.07.15 21:47:55.104,1.5441,1.54425,1.00,1.00
2010.07.15 21:47:55.450,1.54402,1.54427,6.10,1.60
2010.07.15 21:47:55.644,1.544,1.54425,1.00,3.20
2010.07.15 21:47:56.205,1.544,1.54425,2.70,1.80
2010.07.15 21:47:56.399,1.544,1.54425,1.00,4.80
2010.07.15 21:47:56.589,1.54401,1.54426,1.00,1.60
2010.07.15 21:47:57.558,1.54403,1.54428,1.00,1.00
2010.07.15 21:47:57.824,1.54404,1.54429,1.00,6.40
2010.07.15 21:47:58.095,1.54405,1.5443,1.00,4.80
2010.07.15 21:47:58.365,1.54405,1.5443,1.00,9.20
2010.07.15 21:47:58.644,1.54402,1.54427,1.00,1.00
2010.07.15 21:47:59.064,1.54404,1.54424,6.10,1.00
2010.07.15 21:47:59.292,1.544,1.54425,1.00,4.80
2010.07.15 21:47:59.524,1.544,1.54425,1.00,4.80
2010.07.15 21:47:59.757,1.54401,1.54421,6.10,1.00
2010.07.15 21:48:51.478,1.54415,1.5444,1.60,1.60
2010.07.15 21:48:57.268,1.5441,1.5444,1.60,1.60
2010.07.15 21:49:28.018,1.5441,1.5444,1.60,3.20
2010.07.15 21:49:28.347,1.5441,1.5444,1.60,3.60
2010.07.15 21:49:36.616,1.5441,1.5444,1.60,3.20
2010.07.15 21:50:08.267,1.5441,1.5444,1.60,1.60
2010.07.15 21:50:10.127,1.5441,1.5444,1.60,2.40
2010.07.15 21:50:15.438,1.5441,1.5444,1.60,2.70
2010.07.15 21:50:31.268,1.5441,1.5444,1.60,2.40
2010.07.15 21:50:35.287,1.5441,1.5444,1.60,3.20
2010.07.15 21:50:37.217,1.5441,1.5444,1.60,2.40
2010.07.15 21:50:44.539,1.54415,1.5444,1.00,1.00
2010.07.15 21:50:44.689,1.54415,1.5445,1.00,2.40
2010.07.15 21:50:44.839,1.54415,1.5445,1.00,1.60
2010.07.15 21:50:45.403,1.5442,1.54455,1.60,2.40
2010.07.15 21:50:48.438,1.54425,1.54455,1.60,2.40
2010.07.15 21:50:49.248,1.54425,1.54455,1.60,1.00
2010.07.15 21:50:49.489,1.54425,1.54455,2.40,1.00
2010.07.15 21:50:49.751,1.54425,1.54465,3.20,3.20
2010.07.15 21:50:50.011,1.54435,1.54465,1.60,2.40
2010.07.15 21:50:51.245,1.54435,1.54465,1.60,1.60
2010.07.15 21:50:52.101,1.5444,1.54465,1.60,1.60
2010.07.15 21:50:57.939,1.5444,1.5447,1.60,1.00
2010.07.15 21:50:58.184,1.5445,1.54485,1.00,2.40
2010.07.15 21:50:58.433,1.5445,1.54485,3.20,1.60
2010.07.15 21:50:58.982,1.54455,1.54485,1.60,1.60
2010.07.15 21:50:59.137,1.5446,1.54485,1.60,1.60
2010.07.15 21:51:00.715,1.5446,1.5449,1.60,1.60
2010.07.15 21:51:11.949,1.54465,1.5449,1.60,1.60
2010.07.15 21:51:23.559,1.54465,1.54495,1.60,2.40
2010.07.15 21:51:23.749,1.54465,1.54495,1.60,1.60
2010.07.15 21:51:40.515,1.5447,1.545,1.60,4.00
2010.07.15 21:51:44.401,1.54465,1.54495,1.60,1.60
2010.07.15 21:52:23.678,1.5447,1.54495,1.60,1.60
2010.07.15 21:53:33.918,1.54456,1.54476,4.50,1.00
2010.07.15 21:53:34.800,1.54451,1.54476,5.30,1.00
2010.07.15 21:53:37.921,1.54452,1.54472,2.70,6.00
2010.07.15 21:53:38.050,1.54453,1.54473,5.10,6.00
2010.07.15 21:53:38.140,1.54453,1.54468,6.90,4.80
2010.07.15 21:53:38.280,1.54452,1.54467,5.10,6.00
2010.07.15 21:53:38.541,1.54448,1.54468,1.00,1.00
2010.07.15 21:53:51.920,1.54447,1.54472,3.30,1.00
2010.07.15 21:53:57.899,1.54451,1.54471,4.50,1.00
2010.07.15 21:53:58.171,1.5445,1.5447,5.30,1.00
2010.07.15 21:53:58.451,1.54445,1.5447,6.90,1.00
2010.07.15 21:53:58.479,1.54442,1.54466,4.50,1.00
2010.07.15 21:54:22.459,1.5447,1.54505,1.60,3.20
2010.07.15 21:54:22.620,1.54475,1.54505,1.60,1.60
2010.07.15 21:54:30.832,1.5448,1.54505,1.60,1.60
2010.07.15 21:54:43.640,1.54475,1.54505,1.60,1.60
2010.07.15 21:54:44.095,1.54475,1.54505,1.60,2.40
2010.07.15 21:54:44.325,1.54475,1.545,1.60,1.60
2010.07.15 21:54:50.190,1.5447,1.545,1.60,1.60
2010.07.15 21:54:53.406,1.5448,1.5451,1.60,1.60
2010.07.15 21:54:53.689,1.54485,1.5451,1.60,1.00
2010.07.15 21:54:58.448,1.5448,1.54505,1.60,1.00
2010.07.15 21:54:58.661,1.5448,1.54505,1.60,2.40
2010.07.15 21:54:58.768,1.5448,1.545,1.60,1.00
2010.07.15 21:54:58.878,1.54475,1.545,1.60,1.00
2010.07.15 21:55:00.170,1.5448,1.545,1.00,1.00
2010.07.15 21:55:00.400,1.5448,1.54505,1.00,1.00
2010.07.15 21:55:00.520,1.5448,1.54515,1.20,2.40
2010.07.15 21:55:00.640,1.54485,1.54515,1.60,1.60
2010.07.15 21:55:00.868,1.5449,1.54515,1.60,1.60
2010.07.15 21:55:01.998,1.5449,1.54515,1.60,3.20
2010.07.15 21:55:28.288,1.5448,1.54515,2.00,4.00
2010.07.15 21:55:28.460,1.5448,1.5451,1.60,1.00
2010.07.15 21:55:28.630,1.54475,1.545,1.60,1.00
2010.07.15 21:55:28.969,1.54475,1.545,1.60,2.40
2010.07.15 21:55:29.970,1.5447,1.545,1.60,2.40
2010.07.15 21:55:30.329,1.5447,1.545,1.60,3.20
2010.07.15 21:55:32.820,1.5447,1.545,3.20,1.60
2010.07.15 21:55:32.993,1.5448,1.545,1.60,1.60
2010.07.15 21:55:33.171,1.54485,1.5451,1.60,1.60
2010.07.15 21:55:33.340,1.54485,1.54515,1.60,3.20
2010.07.15 21:55:33.509,1.5449,1.54515,1.60,3.20
2010.07.15 21:55:54.771,1.5449,1.54515,1.60,4.00
2010.07.15 21:55:54.948,1.5448,1.5451,2.40,1.00
2010.07.15 21:55:55.040,1.5448,1.54505,2.40,1.00
2010.07.15 21:55:55.132,1.5448,1.54505,1.60,1.00
2010.07.15 21:55:55.613,1.54475,1.54505,1.60,1.60
2010.07.15 21:55:56.071,1.54475,1.545,1.60,1.00
2010.07.15 21:55:58.987,1.5447,1.545,1.60,1.00
2010.07.15 21:55:59.169,1.5447,1.545,1.60,1.60
2010.07.15 21:55:59.348,1.5447,1.54495,1.60,1.00
2010.07.15 21:56:13.537,1.5447,1.54495,1.60,2.40
2010.07.15 21:57:06.429,1.54465,1.54495,1.60,2.40
2010.07.15 21:57:06.908,1.54465,1.54495,1.60,3.20
2010.07.15 21:57:14.668,1.5446,1.54495,1.60,4.00
2010.07.15 21:57:15.073,1.5446,1.54485,1.60,1.60
2010.07.15 21:57:21.639,1.5446,1.5449,1.60,1.60
2010.07.15 21:57:22.119,1.54465,1.5449,1.60,1.60
2010.07.15 21:57:30.012,1.5447,1.54495,1.60,1.60
2010.07.15 21:57:36.078,1.54465,1.54495,1.60,2.40
2010.07.15 21:57:36.234,1.54465,1.54495,1.60,3.20
2010.07.15 21:57:37.109,1.54465,1.54495,1.60,2.40
2010.07.15 21:57:49.645,1.54465,1.54495,1.60,3.20
2010.07.15 21:57:49.818,1.54465,1.54495,1.60,2.40
2010.07.15 21:58:13.333,1.54465,1.54495,1.60,3.20
2010.07.15 21:58:14.408,1.54465,1.54495,1.60,2.40
2010.07.15 21:58:32.488,1.54465,1.54495,1.60,3.20
2010.07.15 21:58:36.102,1.54465,1.54495,1.60,2.40
2010.07.15 21:58:36.771,1.54465,1.54495,1.60,1.60
2010.07.15 21:58:37.093,1.5447,1.54495,1.60,1.60
2010.07.15 21:58:38.036,1.54465,1.54495,1.60,2.40
2010.07.15 21:58:38.291,1.54465,1.54495,1.60,3.20
2010.07.15 21:59:17.936,1.54465,1.54495,1.60,4.00
2010.07.15 21:59:18.258,1.54455,1.5448,1.60,1.00
2010.07.15 21:59:20.289,1.5445,1.5448,1.60,1.00
2010.07.15 21:59:22.010,1.5445,1.5448,1.60,2.40
2010.07.15 21:59:30.289,1.54445,1.5448,1.60,2.40
2010.07.15 21:59:30.368,1.54445,1.54475,1.60,1.60
2010.07.15 21:59:34.165,1.54445,1.54475,1.60,2.40
2010.07.15 21:59:57.655,1.54445,1.54475,1.60,1.60
