2009.11.16 04:00:00.585,1.6705,1.67065,3.60,1.00
2009.11.16 04:00:00.765,1.67055,1.67075,1.00,1.00
2009.11.16 04:00:00.945,1.6706,1.6708,1.00,3.60
2009.11.16 04:00:01.115,1.6706,1.6708,1.00,1.20
2009.11.16 04:00:02.815,1.6706,1.6708,1.00,1.00
2009.11.16 04:00:04.664,1.6706,1.6708,1.00,1.00
2009.11.16 04:00:10.273,1.6706,1.6708,1.00,1.00
2009.11.16 04:00:11.422,1.6706,1.6708,1.00,1.00
2009.11.16 04:00:19.551,1.6706,1.6708,1.00,1.00
2009.11.16 04:00:44.674,1.6706,1.6708,1.00,1.00
2009.11.16 04:00:45.804,1.6706,1.6708,1.00,1.00
2009.11.16 04:01:02.550,1.67055,1.67085,1.20,4.80
2009.11.16 04:01:02.890,1.6706,1.67085,1.00,3.20
2009.11.16 04:01:20.576,1.6706,1.67085,1.00,3.30
2009.11.16 04:01:23.085,1.6706,1.67085,1.00,3.20
2009.11.16 04:02:16.922,1.67055,1.67085,5.40,3.20
2009.11.16 04:02:20.282,1.67055,1.6708,4.60,1.00
2009.11.16 04:02:20.611,1.67055,1.67075,1.90,1.00
2009.11.16 04:02:20.952,1.67055,1.67075,1.00,1.00
2009.11.16 04:02:26.540,1.67055,1.67075,1.00,1.00
2009.11.16 04:02:26.760,1.6706,1.6708,1.00,1.00
2009.11.16 04:02:45.215,1.67055,1.6708,5.80,1.00
2009.11.16 04:02:45.395,1.67055,1.6708,5.00,1.00
2009.11.16 04:02:45.635,1.67055,1.6708,2.40,3.20
2009.11.16 04:02:45.925,1.67055,1.6708,1.00,3.20
2009.11.16 04:02:46.155,1.67055,1.67075,1.00,1.00
2009.11.16 04:02:46.435,1.67055,1.67075,1.00,1.00
2009.11.16 04:02:46.665,1.6705,1.67075,4.70,1.00
2009.11.16 04:02:48.085,1.6705,1.67075,3.10,1.00
2009.11.16 04:02:50.324,1.67055,1.67075,1.00,1.00
2009.11.16 04:02:50.554,1.67055,1.67075,1.00,1.00
2009.11.16 04:02:55.153,1.67055,1.67075,1.00,1.00
2009.11.16 04:02:55.433,1.6705,1.67075,2.70,1.00
2009.11.16 04:02:55.963,1.67055,1.67075,1.00,1.00
2009.11.16 04:03:03.381,1.67055,1.67075,1.00,1.00
2009.11.16 04:03:03.721,1.67055,1.67075,1.00,1.00
2009.11.16 04:03:11.989,1.67055,1.67075,1.00,1.00
2009.11.16 04:03:15.839,1.67055,1.67075,1.00,1.00
2009.11.16 04:03:23.926,1.6706,1.6708,1.00,1.00
2009.11.16 04:03:35.563,1.67065,1.67085,1.00,3.20
2009.11.16 04:03:35.733,1.67065,1.67085,1.00,1.00
2009.11.16 04:03:35.904,1.67065,1.67085,1.00,1.00
2009.11.16 04:03:37.093,1.67065,1.67085,1.00,1.00
2009.11.16 04:03:38.863,1.67075,1.67085,1.00,1.00
2009.11.16 04:03:39.042,1.67075,1.6709,1.20,1.00
2009.11.16 04:03:39.273,1.67075,1.67095,1.00,1.00
2009.11.16 04:03:39.512,1.67075,1.6709,1.00,1.00
2009.11.16 04:03:39.812,1.6707,1.6709,2.60,1.00
2009.11.16 04:03:40.153,1.67075,1.67095,1.00,1.00
2009.11.16 04:03:40.483,1.67075,1.67095,1.00,1.00
2009.11.16 04:03:40.832,1.67075,1.67095,1.00,1.00
2009.11.16 04:03:42.852,1.67075,1.67095,1.00,1.00
2009.11.16 04:03:43.182,1.67075,1.67095,2.00,1.00
2009.11.16 04:03:45.091,1.67075,1.67095,1.90,1.00
2009.11.16 04:03:45.381,1.67075,1.67095,1.80,1.00
2009.11.16 04:03:48.880,1.67075,1.67095,2.00,1.00
2009.11.16 04:03:49.180,1.67075,1.67095,1.90,1.00
2009.11.16 04:03:49.460,1.67075,1.67095,1.80,1.00
2009.11.16 04:03:51.350,1.67075,1.67095,1.90,1.00
2009.11.16 04:03:51.470,1.67075,1.67095,2.00,1.00
2009.11.16 04:03:55.939,1.67075,1.67095,3.20,1.00
2009.11.16 04:03:56.728,1.67075,1.67095,3.10,1.00
2009.11.16 04:03:56.948,1.67075,1.67095,2.30,1.00
2009.11.16 04:03:57.118,1.67075,1.67095,2.70,1.00
2009.11.16 04:03:57.758,1.67075,1.67095,3.60,1.00
2009.11.16 04:03:58.158,1.67075,1.67095,2.70,1.00
2009.11.16 04:03:59.408,1.67075,1.67095,2.80,1.00
2009.11.16 04:04:02.787,1.67075,1.67095,2.30,1.00
2009.11.16 04:04:03.087,1.67075,1.67095,2.00,1.00
2009.11.16 04:04:03.797,1.6708,1.67095,2.20,1.00
2009.11.16 04:04:04.087,1.67085,1.67105,1.00,1.00
2009.11.16 04:04:05.926,1.67085,1.67105,1.00,1.00
2009.11.16 04:04:07.046,1.67095,1.67105,1.00,1.00
2009.11.16 04:04:07.166,1.671,1.6711,1.00,1.00
2009.11.16 04:04:07.346,1.67095,1.6711,1.10,1.00
2009.11.16 04:04:07.456,1.67095,1.6711,1.00,1.00
2009.11.16 04:04:07.566,1.67095,1.67115,4.60,1.00
2009.11.16 04:04:07.626,1.671,1.6712,1.00,3.10
2009.11.16 04:04:07.856,1.671,1.6712,1.00,1.00
2009.11.16 04:04:21.292,1.67115,1.6712,5.00,1.00
2009.11.16 04:04:21.452,1.6712,1.67125,1.00,1.00
2009.11.16 04:04:21.692,1.6713,1.67135,2.40,1.70
2009.11.16 04:04:21.872,1.6713,1.67135,2.40,1.00
2009.11.16 04:04:22.032,1.6713,1.67135,2.40,1.00
2009.11.16 04:04:22.392,1.67125,1.67135,1.00,1.00
2009.11.16 04:04:22.662,1.6712,1.6714,1.00,1.00
2009.11.16 04:04:24.542,1.6712,1.67135,1.00,1.00
2009.11.16 04:04:30.020,1.67115,1.67135,1.00,1.00
2009.11.16 04:04:30.380,1.67115,1.67135,1.00,1.20
2009.11.16 04:04:30.740,1.67115,1.67135,1.00,1.90
2009.11.16 04:04:31.810,1.67125,1.67135,1.00,1.90
2009.11.16 04:04:31.930,1.67125,1.67135,2.40,1.90
2009.11.16 04:04:31.990,1.6713,1.6714,1.00,1.60
2009.11.16 04:04:32.110,1.67125,1.6714,4.20,1.60
2009.11.16 04:04:32.220,1.67125,1.67145,4.20,1.50
2009.11.16 04:04:32.330,1.67125,1.67145,1.00,1.90
2009.11.16 04:04:32.440,1.6712,1.6714,2.60,1.00
2009.11.16 04:04:32.720,1.67125,1.6714,1.00,1.00
2009.11.16 04:04:32.999,1.67125,1.6714,1.00,2.00
2009.11.16 04:04:33.340,1.6712,1.67135,1.00,2.40
2009.11.16 04:04:33.629,1.6712,1.67135,1.00,2.80
2009.11.16 04:04:33.869,1.6712,1.6713,1.00,1.00
2009.11.16 04:04:34.459,1.67125,1.6713,1.00,1.00
2009.11.16 04:04:34.749,1.67125,1.67135,1.00,1.00
2009.11.16 04:04:35.089,1.67115,1.67135,3.50,3.50
2009.11.16 04:04:35.389,1.6711,1.6713,2.60,2.80
2009.11.16 04:04:35.679,1.6711,1.6713,1.00,2.80
2009.11.16 04:04:36.249,1.67115,1.6713,1.00,2.80
2009.11.16 04:04:36.489,1.6711,1.6713,1.00,2.80
2009.11.16 04:04:37.129,1.6711,1.67125,1.00,1.00
2009.11.16 04:04:37.519,1.67105,1.6712,2.60,2.70
2009.11.16 04:04:37.688,1.67105,1.6712,1.00,2.70
2009.11.16 04:04:37.859,1.671,1.6712,1.00,2.70
2009.11.16 04:04:38.258,1.671,1.67115,1.00,1.00
2009.11.16 04:04:38.598,1.671,1.67115,1.00,1.20
2009.11.16 04:04:38.898,1.671,1.67115,1.00,2.80
2009.11.16 04:04:39.258,1.67095,1.6711,1.00,2.80
2009.11.16 04:04:39.588,1.6709,1.67105,1.00,1.00
2009.11.16 04:04:39.868,1.67095,1.67105,1.00,1.00
2009.11.16 04:04:40.668,1.67095,1.67105,1.00,1.20
2009.11.16 04:04:40.898,1.6709,1.67105,1.00,1.20
2009.11.16 04:04:41.128,1.67085,1.67105,1.00,2.70
2009.11.16 04:04:41.468,1.67085,1.67105,1.00,2.80
2009.11.16 04:04:43.047,1.67085,1.671,1.00,1.00
2009.11.16 04:04:43.167,1.67085,1.671,1.00,1.20
2009.11.16 04:04:45.676,1.67085,1.67095,1.00,2.40
2009.11.16 04:04:46.036,1.6707,1.6709,1.00,1.00
2009.11.16 04:04:46.376,1.6707,1.67085,1.00,1.00
2009.11.16 04:04:48.006,1.67065,1.67085,1.90,1.00
2009.11.16 04:04:50.176,1.67065,1.67085,1.10,1.00
2009.11.16 04:04:54.055,1.6708,1.67095,1.10,1.00
2009.11.16 04:04:54.345,1.67085,1.67095,1.00,1.00
2009.11.16 04:04:54.625,1.6708,1.67095,1.00,1.00
2009.11.16 04:04:54.854,1.6708,1.671,1.00,2.60
2009.11.16 04:04:56.894,1.6708,1.671,2.70,2.80
2009.11.16 04:04:59.223,1.67085,1.671,1.00,2.80
2009.11.16 04:05:04.522,1.6708,1.671,2.80,2.80
2009.11.16 04:05:14.320,1.67085,1.67105,1.00,2.80
2009.11.16 04:05:18.059,1.67085,1.67105,1.00,1.20
2009.11.16 04:05:18.979,1.67095,1.6711,1.00,1.20
2009.11.16 04:05:19.508,1.6709,1.6711,1.00,1.20
2009.11.16 04:05:45.362,1.67095,1.6711,1.00,1.20
2009.11.16 04:05:45.762,1.67095,1.67115,1.50,1.20
2009.11.16 04:05:46.092,1.671,1.6712,1.00,2.80
2009.11.16 04:05:54.750,1.671,1.6712,1.00,1.20
2009.11.16 04:05:55.680,1.67105,1.67125,1.00,1.20
2009.11.16 04:05:55.970,1.67105,1.67125,1.00,1.00
2009.11.16 04:05:56.320,1.6711,1.6713,1.00,5.20
2009.11.16 04:05:56.599,1.6711,1.6713,1.00,2.80
2009.11.16 04:06:00.109,1.6711,1.67125,2.40,1.00
2009.11.16 04:06:00.329,1.6711,1.6713,2.70,2.80
2009.11.16 04:06:03.488,1.6711,1.6713,1.00,2.80
2009.11.16 04:06:03.598,1.6711,1.6713,2.70,2.80
2009.11.16 04:06:06.317,1.6711,1.6713,1.00,3.60
2009.11.16 04:06:06.537,1.67105,1.67125,1.00,1.00
2009.11.16 04:06:17.215,1.671,1.6712,1.00,1.00
2009.11.16 04:06:18.134,1.671,1.6712,3.10,1.00
2009.11.16 04:06:18.304,1.671,1.6712,1.00,1.00
2009.11.16 04:06:19.704,1.671,1.6712,3.10,1.00
2009.11.16 04:06:20.953,1.671,1.6712,1.00,1.00
2009.11.16 04:06:21.403,1.671,1.6712,1.00,1.00
2009.11.16 04:06:22.373,1.671,1.6712,1.00,1.00
2009.11.16 04:06:22.843,1.67105,1.6712,2.80,1.00
2009.11.16 04:06:23.183,1.67105,1.67125,1.00,1.00
2009.11.16 04:06:23.523,1.67105,1.67125,1.00,1.00
2009.11.16 04:06:23.873,1.67105,1.67125,1.00,1.00
2009.11.16 04:06:25.552,1.67105,1.67125,1.00,1.00
2009.11.16 04:06:26.522,1.6711,1.67125,1.00,1.00
2009.11.16 04:06:26.812,1.67105,1.67125,1.00,1.00
2009.11.16 04:06:34.980,1.67105,1.67125,1.00,1.60
2009.11.16 04:06:35.320,1.671,1.6712,1.00,1.00
2009.11.16 04:06:36.910,1.67095,1.67115,3.80,1.00
2009.11.16 04:06:37.250,1.67095,1.67115,4.60,1.00
2009.11.16 04:06:37.370,1.671,1.6712,1.00,1.00
2009.11.16 04:06:37.430,1.671,1.6712,2.70,1.00
2009.11.16 04:06:37.830,1.671,1.6712,1.00,1.00
2009.11.16 04:06:38.410,1.671,1.6712,2.70,1.00
2009.11.16 04:06:39.379,1.671,1.6712,2.70,1.00
2009.11.16 04:06:39.729,1.671,1.6712,1.00,1.00
2009.11.16 04:06:39.949,1.671,1.6712,2.70,1.00
2009.11.16 04:06:44.608,1.671,1.6712,1.00,1.00
2009.11.16 04:06:44.728,1.67095,1.67115,3.20,1.00
2009.11.16 04:06:44.898,1.67095,1.67115,2.80,1.00
2009.11.16 04:06:46.507,1.67095,1.6711,2.40,1.00
2009.11.16 04:06:46.677,1.6709,1.6711,3.20,1.00
2009.11.16 04:06:46.848,1.6709,1.6711,2.80,1.00
2009.11.16 04:06:53.526,1.67095,1.6711,1.00,1.00
2009.11.16 04:06:54.276,1.671,1.6711,1.00,1.00
2009.11.16 04:06:54.396,1.671,1.6711,1.00,1.00
2009.11.16 04:06:54.566,1.67105,1.6712,1.00,2.80
2009.11.16 04:06:54.745,1.671,1.6712,2.80,1.20
2009.11.16 04:06:54.926,1.671,1.6712,1.00,1.00
2009.11.16 04:06:55.155,1.671,1.67115,1.00,1.00
2009.11.16 04:06:55.445,1.671,1.6711,1.00,1.00
2009.11.16 04:07:00.704,1.6709,1.6711,2.80,1.00
2009.11.16 04:07:02.624,1.6709,1.6711,3.20,1.00
2009.11.16 04:07:04.423,1.67095,1.6711,1.00,1.00
2009.11.16 04:07:05.533,1.671,1.6711,1.00,1.00
2009.11.16 04:07:06.723,1.6709,1.6711,2.70,1.00
2009.11.16 04:07:07.972,1.6709,1.6711,2.70,1.00
2009.11.16 04:07:10.892,1.6709,1.6711,2.70,1.00
2009.11.16 04:07:11.171,1.6709,1.6711,2.70,1.00
2009.11.16 04:07:14.041,1.6709,1.67105,2.40,1.00
2009.11.16 04:07:14.281,1.67085,1.67105,2.00,1.00
2009.11.16 04:07:15.331,1.67085,1.67105,2.00,1.00
2009.11.16 04:07:16.321,1.67085,1.67105,2.00,1.00
2009.11.16 04:07:28.118,1.67085,1.67095,1.00,1.00
2009.11.16 04:07:28.757,1.67085,1.671,1.00,1.00
2009.11.16 04:07:29.277,1.6708,1.67095,1.00,1.00
2009.11.16 04:07:29.607,1.67075,1.67095,1.00,1.00
2009.11.16 04:07:29.827,1.6707,1.6709,2.70,1.00
2009.11.16 04:07:31.377,1.67075,1.67095,1.00,1.10
2009.11.16 04:07:31.736,1.67075,1.67095,2.80,1.00
2009.11.16 04:07:32.067,1.67075,1.67095,1.00,1.00
2009.11.16 04:07:32.236,1.67075,1.67095,1.00,1.00
2009.11.16 04:07:32.816,1.67075,1.67095,1.00,1.00
2009.11.16 04:07:35.526,1.6708,1.671,1.00,1.00
2009.11.16 04:07:36.196,1.6708,1.671,1.00,1.00
2009.11.16 04:07:48.133,1.6708,1.671,2.70,1.00
2009.11.16 04:07:49.422,1.6708,1.671,2.80,1.00
2009.11.16 04:07:50.342,1.6708,1.671,4.40,1.00
2009.11.16 04:07:50.632,1.6708,1.671,4.80,1.00
2009.11.16 04:07:55.501,1.6708,1.671,5.20,1.00
2009.11.16 04:07:56.461,1.6708,1.671,2.80,1.00
2009.11.16 04:07:56.981,1.6708,1.671,2.40,1.00
2009.11.16 04:07:57.150,1.6708,1.671,4.80,1.00
2009.11.16 04:07:57.301,1.6708,1.671,4.40,1.00
2009.11.16 04:07:58.300,1.67085,1.671,1.00,1.00
2009.11.16 04:08:00.330,1.67085,1.67105,1.00,1.00
2009.11.16 04:08:06.598,1.67085,1.67105,1.00,1.00
2009.11.16 04:08:22.394,1.67085,1.67105,1.00,1.00
2009.11.16 04:08:25.174,1.67085,1.67105,1.00,1.00
2009.11.16 04:08:40.180,1.67085,1.67105,1.00,1.00
2009.11.16 04:08:46.869,1.67085,1.67105,1.00,1.00
2009.11.16 04:08:56.776,1.67085,1.67105,1.00,1.00
2009.11.16 04:08:57.006,1.67085,1.67105,1.00,1.30
2009.11.16 04:09:00.375,1.6708,1.67105,1.00,1.00
2009.11.16 04:09:02.225,1.6708,1.67105,1.00,1.00
2009.11.16 04:09:02.765,1.6708,1.6711,1.00,3.60
2009.11.16 04:09:03.405,1.6708,1.6711,1.00,3.20
2009.11.16 04:09:03.524,1.6708,1.6711,3.20,1.00
2009.11.16 04:09:04.034,1.6708,1.6711,1.00,3.20
2009.11.16 04:09:04.384,1.67085,1.6711,1.00,3.20
2009.11.16 04:09:08.793,1.6709,1.6711,1.00,1.00
2009.11.16 04:09:11.453,1.67085,1.6711,1.00,1.00
2009.11.16 04:09:37.986,1.67085,1.6711,1.00,1.00
2009.11.16 04:09:38.046,1.67085,1.6711,1.00,1.00
2009.11.16 04:09:39.956,1.67085,1.6711,1.00,1.00
2009.11.16 04:09:40.076,1.67085,1.6711,1.00,1.00
2009.11.16 04:09:48.334,1.67085,1.6711,2.40,1.00
2009.11.16 04:09:49.573,1.6709,1.6711,1.00,1.00
2009.11.16 04:10:02.420,1.67095,1.6711,1.00,1.00
2009.11.16 04:10:03.490,1.6709,1.6711,1.00,1.00
2009.11.16 04:10:11.738,1.67085,1.671,1.00,1.00
2009.11.16 04:10:13.118,1.6708,1.671,2.70,1.00
2009.11.16 04:10:13.458,1.6708,1.671,1.00,1.00
2009.11.16 04:10:54.808,1.6708,1.67095,1.00,1.00
2009.11.16 04:10:55.037,1.67075,1.6709,2.40,1.00
2009.11.16 04:10:55.387,1.6706,1.67075,1.00,1.00
2009.11.16 04:10:55.777,1.6706,1.67065,1.00,1.00
2009.11.16 04:10:56.127,1.67055,1.67065,1.00,1.40
2009.11.16 04:10:56.468,1.67045,1.67065,1.00,1.00
2009.11.16 04:10:56.817,1.6704,1.6706,2.70,1.00
2009.11.16 04:11:00.406,1.6704,1.6706,4.30,1.00
2009.11.16 04:11:01.046,1.6704,1.6706,1.90,1.00
2009.11.16 04:11:01.326,1.6705,1.67065,2.40,1.00
2009.11.16 04:11:02.646,1.6705,1.67065,2.70,1.00
2009.11.16 04:11:03.106,1.67055,1.67065,2.40,1.00
2009.11.16 04:11:04.705,1.67055,1.67065,2.40,1.00
2009.11.16 04:11:05.325,1.67055,1.6707,2.40,1.00
2009.11.16 04:11:05.725,1.67055,1.67065,2.40,1.00
2009.11.16 04:11:06.065,1.6705,1.6707,3.00,1.00
2009.11.16 04:11:32.608,1.6705,1.6707,3.00,1.20
2009.11.16 04:11:32.829,1.6705,1.67065,2.40,1.00
2009.11.16 04:11:41.636,1.67045,1.67065,3.00,1.00
2009.11.16 04:11:57.583,1.67045,1.67065,1.00,1.00
2009.11.16 04:12:00.492,1.6705,1.67065,2.40,1.00
2009.11.16 04:12:03.201,1.6705,1.67065,2.40,1.00
2009.11.16 04:12:03.651,1.6705,1.67065,3.10,1.00
2009.11.16 04:12:04.001,1.6705,1.6707,3.10,1.00
2009.11.16 04:12:04.911,1.6705,1.6707,4.70,1.00
2009.11.16 04:12:20.397,1.6705,1.6707,4.70,1.00
2009.11.16 04:12:24.646,1.6705,1.6707,3.10,1.00
2009.11.16 04:12:46.031,1.6705,1.6707,4.70,1.00
2009.11.16 04:12:46.991,1.67055,1.6707,2.40,1.00
2009.11.16 04:12:47.451,1.6705,1.6707,5.10,1.00
2009.11.16 04:12:47.571,1.6705,1.6707,4.70,1.00
2009.11.16 04:12:49.360,1.67055,1.6707,2.40,1.00
2009.11.16 04:12:49.760,1.6705,1.6707,4.70,1.00
2009.11.16 04:12:52.459,1.67055,1.6707,2.40,1.00
2009.11.16 04:13:25.641,1.67055,1.6707,3.10,1.00
2009.11.16 04:13:49.695,1.67055,1.6707,3.10,1.00
2009.11.16 04:14:00.892,1.67055,1.6707,3.10,1.00
2009.11.16 04:14:06.951,1.67055,1.6707,3.10,1.00
2009.11.16 04:14:21.577,1.67055,1.6707,3.10,1.00
2009.11.16 04:14:22.437,1.6706,1.6707,2.40,1.00
2009.11.16 04:14:22.727,1.67055,1.6707,3.10,1.00
2009.11.16 04:14:23.347,1.6706,1.6707,2.40,1.00
2009.11.16 04:14:50.900,1.6706,1.6707,2.40,1.00
2009.11.16 04:14:51.410,1.67055,1.6707,3.20,1.00
2009.11.16 04:15:00.798,1.67055,1.67075,3.20,1.00
2009.11.16 04:15:11.485,1.67055,1.67075,3.10,1.00
2009.11.16 04:15:11.895,1.67055,1.6707,3.10,1.00
2009.11.16 04:15:26.141,1.67055,1.6707,2.40,1.00
2009.11.16 04:16:03.982,1.67055,1.6707,3.10,1.00
2009.11.16 04:16:04.332,1.67055,1.6707,2.40,1.00
2009.11.16 04:16:04.902,1.67055,1.6707,3.10,1.00
2009.11.16 04:16:06.412,1.67055,1.6707,3.20,1.00
2009.11.16 04:16:28.307,1.67055,1.6707,3.10,1.00
2009.11.16 04:17:12.006,1.67055,1.6707,2.40,1.00
2009.11.16 04:17:34.961,1.6705,1.6707,3.10,1.00
2009.11.16 04:17:38.629,1.6705,1.6707,2.40,1.00
2009.11.16 04:17:40.299,1.67045,1.6707,3.90,1.00
2009.11.16 04:17:41.569,1.67045,1.6707,3.90,1.20
2009.11.16 04:17:45.148,1.67045,1.6707,3.20,1.20
2009.11.16 04:17:45.788,1.6705,1.6707,1.00,1.20
2009.11.16 04:17:54.066,1.6705,1.6707,1.00,1.00
2009.11.16 04:17:55.806,1.6705,1.6707,3.10,1.00
2009.11.16 04:17:58.675,1.6705,1.6707,3.90,1.00
2009.11.16 04:17:58.855,1.67055,1.67075,1.00,1.00
2009.11.16 04:17:58.915,1.67055,1.67075,3.10,1.60
2009.11.16 04:17:59.264,1.67055,1.6707,2.40,1.00
2009.11.16 04:17:59.614,1.6705,1.6707,3.10,1.00
2009.11.16 04:18:04.583,1.6705,1.6707,3.50,1.00
2009.11.16 04:18:07.283,1.6705,1.6707,3.60,1.00
2009.11.16 04:18:07.932,1.6705,1.6707,3.50,1.00
2009.11.16 04:18:25.118,1.6705,1.6707,3.10,1.00
2009.11.16 04:18:44.774,1.6705,1.6707,3.50,1.00
2009.11.16 04:18:59.200,1.67055,1.6707,2.40,1.00
2009.11.16 04:18:59.610,1.67055,1.67075,2.40,1.00
2009.11.16 04:19:06.338,1.6705,1.67075,2.80,1.00
2009.11.16 04:19:12.957,1.6705,1.67075,1.00,1.00
2009.11.16 04:19:17.536,1.6705,1.67075,2.80,1.00
2009.11.16 04:19:33.382,1.67055,1.67075,2.40,1.00
2009.11.16 04:19:33.492,1.67055,1.6707,2.40,1.00
2009.11.16 04:19:34.022,1.67055,1.6707,2.80,1.00
2009.11.16 04:19:34.242,1.67055,1.6707,3.50,1.00
2009.11.16 04:19:34.412,1.67055,1.67075,3.70,1.00
2009.11.16 04:19:34.622,1.67055,1.67075,2.10,1.00
2009.11.16 04:19:35.151,1.67055,1.67075,2.90,1.00
2009.11.16 04:19:36.451,1.67055,1.67075,5.30,1.00
2009.11.16 04:19:38.131,1.67055,1.67075,4.50,1.00
2009.11.16 04:19:40.210,1.67055,1.67075,4.20,1.00
2009.11.16 04:19:40.540,1.67055,1.67075,3.80,1.00
2009.11.16 04:19:41.060,1.67055,1.67075,3.70,1.00
2009.11.16 04:19:52.627,1.67055,1.67075,1.00,1.00
2009.11.16 04:19:53.387,1.67055,1.67075,3.40,1.00
2009.11.16 04:19:54.947,1.67055,1.67075,3.80,1.00
2009.11.16 04:20:22.980,1.67055,1.67075,6.60,1.00
2009.11.16 04:20:23.160,1.6706,1.67075,2.40,1.00
2009.11.16 04:20:23.320,1.6706,1.67075,1.00,1.00
2009.11.16 04:20:23.670,1.6706,1.6708,1.00,1.00
2009.11.16 04:20:23.840,1.67065,1.6708,2.40,1.00
2009.11.16 04:20:27.369,1.6706,1.6708,3.20,1.00
2009.11.16 04:20:27.609,1.67065,1.6708,3.10,1.00
2009.11.16 04:20:37.626,1.67065,1.6708,3.30,1.00
2009.11.16 04:20:37.926,1.67065,1.6708,2.60,1.00
2009.11.16 04:20:38.286,1.67065,1.6708,2.50,1.00
2009.11.16 04:20:38.456,1.67065,1.6708,2.40,1.00
2009.11.16 04:20:40.136,1.67065,1.6708,3.10,1.00
2009.11.16 04:20:40.246,1.67065,1.6708,1.00,1.00
2009.11.16 04:20:40.546,1.67065,1.6708,1.00,1.00
2009.11.16 04:20:41.276,1.67065,1.6708,1.00,1.00
2009.11.16 04:20:42.125,1.67065,1.6708,1.00,1.00
2009.11.16 04:20:42.425,1.6707,1.6708,1.00,1.00
2009.11.16 04:20:46.045,1.67065,1.6708,3.30,1.00
2009.11.16 04:20:46.164,1.67065,1.6708,2.60,1.00
2009.11.16 04:20:46.285,1.67065,1.6708,2.50,1.00
2009.11.16 04:20:46.574,1.67065,1.6708,2.40,1.00
2009.11.16 04:20:52.103,1.67065,1.67085,3.30,1.00
2009.11.16 04:20:53.483,1.67065,1.67085,3.30,1.00
2009.11.16 04:20:53.713,1.67065,1.67085,3.10,1.00
2009.11.16 04:20:55.522,1.67065,1.67085,3.20,1.00
2009.11.16 04:20:55.752,1.67065,1.67085,3.30,1.00
2009.11.16 04:21:04.520,1.67075,1.67085,1.00,1.00
2009.11.16 04:21:04.740,1.67075,1.6709,1.00,3.60
2009.11.16 04:21:04.850,1.67075,1.6709,1.00,3.10
2009.11.16 04:21:04.970,1.67075,1.6709,1.00,1.00
2009.11.16 04:21:05.310,1.67075,1.6709,1.00,1.00
2009.11.16 04:21:06.000,1.6707,1.6709,3.10,1.50
2009.11.16 04:21:06.410,1.6707,1.6709,1.00,1.50
2009.11.16 04:21:07.579,1.6707,1.67085,1.00,1.00
2009.11.16 04:21:13.468,1.6707,1.67085,2.40,1.00
2009.11.16 04:21:23.816,1.6707,1.67085,2.40,1.00
2009.11.16 04:21:34.053,1.6707,1.67085,2.40,1.00
2009.11.16 04:21:36.902,1.6707,1.67085,3.20,1.00
2009.11.16 04:21:38.352,1.67075,1.67085,1.00,1.00
2009.11.16 04:21:41.181,1.67075,1.67085,1.00,1.00
2009.11.16 04:21:41.351,1.67075,1.67085,1.00,1.00
2009.11.16 04:21:42.491,1.67075,1.67085,2.40,1.00
2009.11.16 04:21:54.778,1.67075,1.67085,2.40,1.00
2009.11.16 04:22:11.514,1.67075,1.67085,2.40,1.00
2009.11.16 04:22:11.864,1.67075,1.6709,2.40,1.00
2009.11.16 04:22:17.313,1.6709,1.671,1.00,1.00
2009.11.16 04:22:20.532,1.6709,1.671,2.40,1.00
2009.11.16 04:22:20.702,1.6709,1.671,2.40,1.00
2009.11.16 04:22:20.932,1.67085,1.671,3.20,1.00
2009.11.16 04:22:23.841,1.6709,1.671,2.40,1.00
2009.11.16 04:22:25.601,1.6709,1.671,2.40,1.00
2009.11.16 04:22:32.699,1.6709,1.671,2.40,1.00
2009.11.16 04:22:32.979,1.6709,1.671,1.00,1.00
2009.11.16 04:22:37.388,1.6709,1.671,2.40,1.00
2009.11.16 04:23:26.596,1.6709,1.671,2.40,1.00
2009.11.16 04:23:37.513,1.6708,1.67105,1.60,1.00
2009.11.16 04:23:40.792,1.6709,1.671,2.40,1.00
2009.11.16 04:24:24.292,1.6709,1.671,1.80,1.00
2009.11.16 04:24:27.451,1.6709,1.671,2.00,1.00
2009.11.16 04:24:30.670,1.6709,1.671,2.00,1.00
2009.11.16 04:24:36.359,1.6709,1.671,2.30,1.00
2009.11.16 04:24:39.428,1.6709,1.671,2.40,1.00
2009.11.16 04:24:57.384,1.67095,1.6711,1.00,1.00
2009.11.16 04:24:57.554,1.67095,1.67115,1.00,4.00
2009.11.16 04:24:57.674,1.6709,1.67105,2.40,1.00
2009.11.16 04:24:58.034,1.6709,1.671,2.40,1.00
2009.11.16 04:25:01.268,1.67077,1.67097,4.00,1.00
2009.11.16 04:25:04.867,1.67072,1.67092,8.20,1.00
2009.11.16 04:25:07.686,1.67067,1.67087,2.00,1.60
2009.11.16 04:25:07.866,1.67065,1.67085,3.60,1.00
2009.11.16 04:25:09.636,1.67066,1.67081,2.00,1.00
2009.11.16 04:25:10.315,1.67067,1.67082,1.00,1.60
2009.11.16 04:25:10.485,1.67068,1.67083,5.60,1.60
2009.11.16 04:25:10.595,1.67064,1.67084,3.60,1.00
2009.11.16 04:25:10.705,1.67066,1.67081,2.00,1.00
2009.11.16 04:25:10.875,1.67066,1.67081,2.00,1.00
2009.11.16 04:25:10.995,1.67064,1.67079,2.00,1.60
2009.11.16 04:25:11.225,1.67063,1.67078,2.00,1.00
2009.11.16 04:25:19.273,1.67061,1.67076,2.00,6.80
2009.11.16 04:25:19.953,1.67061,1.67076,4.00,1.00
2009.11.16 04:25:20.313,1.67063,1.67078,2.00,1.60
2009.11.16 04:25:20.663,1.67068,1.67078,1.60,1.60
2009.11.16 04:25:20.783,1.67069,1.67079,1.00,1.60
2009.11.16 04:25:20.903,1.67066,1.67081,2.00,4.70
2009.11.16 04:25:21.483,1.67062,1.67087,1.70,1.00
2009.11.16 04:25:21.833,1.67064,1.67089,1.00,1.00
2009.11.16 04:25:22.123,1.67065,1.6709,2.00,1.00
2009.11.16 04:25:23.882,1.6707,1.67085,3.60,1.60
2009.11.16 04:25:24.112,1.67066,1.67086,1.90,8.40
2009.11.16 04:25:24.402,1.67065,1.67085,2.00,1.00
2009.11.16 04:25:26.582,1.67064,1.67084,2.00,1.00
2009.11.16 04:25:26.881,1.67068,1.67078,2.00,1.00
2009.11.16 04:25:27.171,1.67063,1.67083,2.00,1.00
2009.11.16 04:25:27.751,1.67062,1.67087,2.00,6.80
2009.11.16 04:25:28.101,1.67065,1.6709,3.60,1.60
2009.11.16 04:25:28.451,1.67071,1.67086,2.00,5.20
2009.11.16 04:25:38.959,1.67074,1.67084,1.60,1.60
2009.11.16 04:25:40.168,1.6707,1.67085,1.90,8.40
2009.11.16 04:25:41.188,1.67067,1.67087,2.00,5.20
2009.11.16 04:25:41.878,1.67067,1.67087,4.00,1.00
2009.11.16 04:25:42.268,1.67069,1.67089,2.00,1.60
2009.11.16 04:25:42.608,1.67072,1.67092,2.00,1.00
2009.11.16 04:25:42.957,1.67081,1.67086,2.00,5.20
2009.11.16 04:25:43.298,1.67081,1.67086,2.00,1.00
2009.11.16 04:25:43.647,1.67076,1.67086,4.00,1.00
2009.11.16 04:25:44.047,1.67072,1.67082,5.20,5.20
2009.11.16 04:25:44.277,1.67064,1.67079,3.20,1.00
2009.11.16 04:25:53.684,1.67057,1.67077,2.00,1.00
2009.11.16 04:25:53.985,1.67054,1.67074,3.60,1.00
2009.11.16 04:26:03.818,1.6709,1.67095,2.40,2.40
2009.11.16 04:26:03.988,1.67085,1.67095,1.00,2.40
2009.11.16 04:26:04.168,1.6708,1.67095,2.40,1.00
2009.11.16 04:26:04.348,1.6709,1.671,2.40,1.00
2009.11.16 04:26:05.118,1.6709,1.671,3.10,1.00
2009.11.16 04:26:05.338,1.6709,1.671,3.20,1.00
2009.11.16 04:26:07.417,1.6709,1.67105,3.20,1.00
2009.11.16 04:26:08.337,1.67095,1.67105,1.00,1.00
2009.11.16 04:26:10.326,1.67095,1.67105,1.00,1.00
2009.11.16 04:26:10.486,1.67095,1.67105,2.40,1.00
2009.11.16 04:26:12.326,1.67095,1.67105,1.00,1.00
2009.11.16 04:26:13.916,1.6709,1.67105,2.40,1.00
2009.11.16 04:26:14.335,1.6709,1.67105,3.20,1.00
2009.11.16 04:26:18.445,1.6709,1.67105,3.20,1.00
2009.11.16 04:26:20.244,1.67095,1.67105,1.00,1.00
2009.11.16 04:26:20.604,1.67095,1.67105,2.40,1.00
2009.11.16 04:26:24.293,1.67095,1.67105,1.00,1.00
2009.11.16 04:26:24.463,1.67095,1.67105,2.40,1.00
2009.11.16 04:26:24.583,1.671,1.67105,2.40,1.00
2009.11.16 04:26:24.763,1.671,1.6712,2.40,2.00
2009.11.16 04:26:25.083,1.671,1.6712,2.40,1.60
2009.11.16 04:26:25.433,1.67105,1.67125,2.40,1.60
2009.11.16 04:26:26.582,1.67105,1.6713,2.40,1.60
2009.11.16 04:26:26.863,1.6711,1.6713,2.40,1.60
2009.11.16 04:26:27.442,1.6711,1.67125,3.10,1.00
2009.11.16 04:26:30.322,1.67115,1.67125,2.40,1.00
2009.11.16 04:26:31.481,1.67115,1.67135,3.10,1.60
2009.11.16 04:26:31.702,1.6712,1.67135,2.40,1.00
2009.11.16 04:26:31.881,1.6712,1.67135,2.40,1.00
2009.11.16 04:26:33.321,1.67125,1.6714,2.40,1.00
2009.11.16 04:26:33.611,1.67125,1.6714,2.40,1.00
2009.11.16 04:26:34.131,1.6712,1.6714,3.10,1.00
2009.11.16 04:26:37.020,1.6712,1.6714,3.10,1.00
2009.11.16 04:26:42.419,1.6712,1.6714,1.00,1.00
2009.11.16 04:26:45.618,1.6712,1.6714,3.10,1.00
2009.11.16 04:26:47.518,1.67125,1.6714,2.40,1.00
2009.11.16 04:26:48.617,1.6712,1.6714,3.10,1.00
2009.11.16 04:26:56.475,1.6712,1.6714,1.00,1.00
2009.11.16 04:27:00.115,1.6712,1.6714,1.00,1.00
2009.11.16 04:27:03.483,1.6712,1.6714,3.10,1.00
2009.11.16 04:27:11.682,1.6712,1.6714,3.10,1.00
2009.11.16 04:27:12.601,1.67125,1.6714,1.00,1.00
2009.11.16 04:27:12.941,1.67125,1.6714,1.00,1.00
2009.11.16 04:27:13.301,1.67135,1.67155,1.00,1.20
2009.11.16 04:27:13.581,1.67135,1.67155,3.10,1.00
2009.11.16 04:27:13.811,1.6714,1.6716,1.00,1.00
2009.11.16 04:27:14.571,1.6714,1.6716,1.50,1.00
2009.11.16 04:27:14.851,1.67145,1.67165,1.00,1.00
2009.11.16 04:27:18.760,1.67145,1.67165,1.00,1.20
2009.11.16 04:27:19.220,1.67145,1.67165,1.00,1.00
2009.11.16 04:27:19.340,1.67145,1.67165,1.00,1.00
2009.11.16 04:27:21.070,1.6714,1.6715,2.40,1.00
2009.11.16 04:27:21.289,1.6713,1.67145,2.30,1.00
2009.11.16 04:27:21.639,1.6713,1.67145,1.90,1.00
2009.11.16 04:27:24.099,1.6713,1.67145,1.20,1.00
2009.11.16 04:27:24.908,1.6713,1.6714,1.20,1.00
2009.11.16 04:27:25.788,1.6712,1.6714,3.10,1.00
2009.11.16 04:27:26.178,1.6712,1.6714,5.10,1.00
2009.11.16 04:27:26.829,1.67125,1.6714,2.40,1.00
2009.11.16 04:27:27.808,1.6712,1.6714,3.50,1.00
2009.11.16 04:27:28.278,1.67125,1.6714,2.40,1.00
2009.11.16 04:27:31.147,1.6712,1.6714,3.50,1.00
2009.11.16 04:27:32.257,1.6712,1.6714,3.60,1.00
2009.11.16 04:27:35.476,1.67125,1.6714,2.40,1.00
2009.11.16 04:27:35.586,1.67125,1.67145,3.10,1.00
2009.11.16 04:27:35.876,1.67125,1.67145,1.00,1.00
2009.11.16 04:27:36.166,1.6713,1.67135,1.00,1.00
2009.11.16 04:27:36.506,1.67115,1.6713,1.00,1.00
2009.11.16 04:27:36.795,1.67115,1.6713,4.40,1.00
2009.11.16 04:27:37.006,1.6712,1.6713,2.40,1.00
2009.11.16 04:27:37.175,1.6712,1.6714,3.10,1.00
2009.11.16 04:27:40.555,1.67125,1.6714,2.40,1.00
2009.11.16 04:27:40.775,1.67125,1.6714,3.10,1.00
2009.11.16 04:27:41.065,1.6713,1.67145,2.40,1.00
2009.11.16 04:27:42.554,1.6713,1.67145,2.40,1.00
2009.11.16 04:27:46.693,1.6713,1.67145,2.40,1.00
2009.11.16 04:27:47.543,1.6713,1.67145,2.40,1.00
2009.11.16 04:27:48.183,1.6713,1.67145,2.50,1.00
2009.11.16 04:27:48.473,1.6713,1.67145,2.60,1.00
2009.11.16 04:27:49.322,1.6713,1.67145,2.70,1.00
2009.11.16 04:27:49.723,1.6713,1.67145,2.60,1.00
2009.11.16 04:27:50.122,1.6713,1.67145,2.70,1.00
2009.11.16 04:27:50.742,1.6713,1.67145,2.60,1.00
2009.11.16 04:27:50.922,1.6713,1.67145,2.70,1.00
2009.11.16 04:27:51.552,1.6713,1.67145,2.60,1.00
2009.11.16 04:27:52.122,1.6713,1.67145,2.70,1.00
2009.11.16 04:27:52.712,1.6713,1.67145,2.50,1.00
2009.11.16 04:27:52.952,1.6713,1.67145,2.60,1.00
2009.11.16 04:27:53.192,1.6713,1.67145,2.70,1.00
2009.11.16 04:27:53.661,1.6713,1.67145,2.60,1.00
2009.11.16 04:27:54.661,1.6713,1.67145,2.40,1.00
2009.11.16 04:27:55.611,1.6713,1.67145,2.40,1.00
2009.11.16 04:28:02.200,1.6713,1.67145,2.40,1.00
2009.11.16 04:28:02.830,1.6713,1.6714,2.40,1.00
2009.11.16 04:28:03.160,1.6712,1.6714,3.10,1.00
2009.11.16 04:28:03.569,1.6712,1.67135,2.40,1.00
2009.11.16 04:28:04.219,1.6712,1.6714,3.10,1.00
2009.11.16 04:28:04.619,1.6712,1.67135,2.40,1.00
2009.11.16 04:28:05.009,1.67115,1.67135,3.50,1.00
2009.11.16 04:28:05.129,1.6712,1.67135,2.40,1.00
2009.11.16 04:28:05.239,1.67125,1.67145,1.00,1.60
2009.11.16 04:28:05.359,1.6712,1.67135,4.00,1.00
2009.11.16 04:28:05.529,1.6712,1.67135,2.40,1.00
2009.11.16 04:28:05.639,1.6712,1.6714,1.00,1.00
2009.11.16 04:28:05.999,1.6712,1.67135,2.40,1.00
2009.11.16 04:28:06.349,1.6712,1.6714,1.00,1.60
2009.11.16 04:28:06.698,1.67115,1.67135,3.10,1.00
2009.11.16 04:28:07.498,1.67115,1.67135,3.10,1.00
2009.11.16 04:28:07.718,1.67115,1.67125,3.10,1.00
2009.11.16 04:28:08.068,1.67115,1.67125,2.40,1.00
2009.11.16 04:28:10.398,1.67115,1.6713,2.40,1.00
2009.11.16 04:28:10.687,1.6711,1.6712,1.00,1.00
2009.11.16 04:28:10.927,1.67105,1.67115,1.00,1.00
2009.11.16 04:28:16.186,1.671,1.6712,1.00,1.00
2009.11.16 04:28:16.586,1.671,1.6712,3.10,1.00
2009.11.16 04:28:18.206,1.671,1.6712,4.70,1.00
2009.11.16 04:28:18.546,1.671,1.6712,7.00,1.00
2009.11.16 04:28:19.276,1.671,1.6712,7.10,1.00
2009.11.16 04:28:20.375,1.67105,1.6712,1.00,1.00
2009.11.16 04:28:22.785,1.671,1.6712,4.90,1.00
2009.11.16 04:28:23.135,1.671,1.6712,1.00,1.00
2009.11.16 04:28:51.848,1.671,1.6712,1.00,1.00
2009.11.16 04:29:00.865,1.6709,1.6711,3.20,1.00
2009.11.16 04:29:18.761,1.6709,1.67105,2.40,1.00
2009.11.16 04:29:19.111,1.6709,1.671,2.40,1.00
2009.11.16 04:29:20.791,1.6709,1.671,2.40,1.00
2009.11.16 04:29:21.150,1.67085,1.67095,2.40,1.00
2009.11.16 04:29:21.500,1.6709,1.671,2.40,1.00
2009.11.16 04:29:22.310,1.6709,1.671,2.40,1.00
2009.11.16 04:29:44.025,1.6709,1.67105,3.20,1.00
2009.11.16 04:29:45.445,1.67095,1.6711,1.00,1.00
2009.11.16 04:29:45.725,1.67095,1.6711,2.40,1.00
2009.11.16 04:29:52.233,1.6709,1.6711,3.20,1.00
2009.11.16 04:30:02.420,1.67095,1.6711,1.00,1.00
2009.11.16 04:30:03.570,1.67095,1.6711,2.40,1.00
2009.11.16 04:30:12.558,1.671,1.67115,2.40,1.00
2009.11.16 04:30:14.538,1.671,1.67115,2.80,1.00
2009.11.16 04:30:14.877,1.671,1.67115,3.60,1.00
2009.11.16 04:30:15.327,1.67105,1.67115,1.00,1.00
2009.11.16 04:30:18.307,1.67105,1.67115,2.40,1.00
2009.11.16 04:30:19.527,1.6711,1.6712,2.40,1.00
2009.11.16 04:30:19.876,1.67105,1.6712,3.20,1.00
2009.11.16 04:30:20.636,1.6711,1.67125,1.00,1.00
2009.11.16 04:30:20.866,1.67115,1.67125,2.40,1.00
2009.11.16 04:30:21.546,1.6712,1.6713,2.40,1.00
2009.11.16 04:30:24.455,1.6712,1.67135,2.40,1.00
2009.11.16 04:30:24.625,1.6712,1.67135,3.20,1.00
2009.11.16 04:30:25.025,1.6712,1.67135,2.40,1.00
2009.11.16 04:30:34.083,1.67115,1.67135,3.60,1.00
2009.11.16 04:30:34.783,1.67115,1.67135,3.20,1.00
2009.11.16 04:30:39.322,1.67115,1.67135,1.00,1.00
2009.11.16 04:30:39.921,1.67115,1.67135,3.20,1.00
2009.11.16 04:30:40.531,1.67115,1.67135,3.20,1.00
2009.11.16 04:30:40.861,1.67115,1.67135,1.00,1.00
2009.11.16 04:30:41.141,1.67115,1.67135,1.40,1.00
2009.11.16 04:30:41.421,1.6712,1.67135,2.40,1.00
2009.11.16 04:30:41.711,1.67115,1.67135,4.00,1.00
2009.11.16 04:30:42.041,1.6712,1.6714,3.10,1.00
2009.11.16 04:30:42.331,1.6712,1.67135,2.40,1.00
2009.11.16 04:30:42.601,1.6712,1.6714,3.10,1.00
2009.11.16 04:30:42.891,1.67125,1.67135,2.40,1.00
2009.11.16 04:30:43.001,1.67125,1.67145,3.10,1.00
2009.11.16 04:30:43.181,1.67115,1.67135,6.00,1.00
2009.11.16 04:30:43.301,1.6712,1.67135,2.40,1.00
2009.11.16 04:30:43.361,1.6712,1.67135,3.20,1.00
2009.11.16 04:30:43.481,1.6712,1.6714,3.90,1.00
2009.11.16 04:30:43.601,1.67125,1.67145,1.00,1.00
2009.11.16 04:30:43.940,1.67125,1.6714,2.40,1.00
2009.11.16 04:30:44.280,1.67125,1.67145,1.00,1.00
2009.11.16 04:30:45.680,1.67125,1.67145,3.10,1.00
2009.11.16 04:30:56.958,1.67125,1.67145,3.90,1.00
2009.11.16 04:30:57.188,1.6713,1.6715,1.00,1.00
2009.11.16 04:30:58.957,1.6713,1.6715,1.00,1.00
2009.11.16 04:30:59.647,1.6713,1.67145,1.00,1.00
2009.11.16 04:30:59.987,1.67125,1.67145,3.10,1.00
2009.11.16 04:31:03.616,1.67125,1.67145,4.20,1.00
2009.11.16 04:31:03.966,1.67135,1.67155,1.00,1.00
2009.11.16 04:31:05.776,1.67135,1.67155,1.00,1.00
2009.11.16 04:31:06.475,1.67135,1.67155,1.00,1.40
2009.11.16 04:31:06.865,1.6713,1.6715,1.00,1.00
2009.11.16 04:31:07.035,1.6713,1.6715,1.20,1.00
2009.11.16 04:31:08.185,1.6713,1.6715,1.30,1.00
2009.11.16 04:31:08.635,1.6713,1.6715,1.40,1.00
2009.11.16 04:31:09.044,1.6713,1.6715,1.50,1.00
2009.11.16 04:31:12.194,1.6713,1.6715,1.60,1.00
2009.11.16 04:31:18.702,1.6713,1.67145,3.90,1.00
2009.11.16 04:31:18.982,1.67125,1.67145,3.50,1.00
2009.11.16 04:31:19.852,1.6713,1.67145,1.00,1.00
2009.11.16 04:31:20.192,1.6713,1.67145,1.00,1.00
2009.11.16 04:31:20.922,1.67125,1.67145,1.00,1.00
2009.11.16 04:31:21.092,1.67125,1.6714,2.40,1.00
2009.11.16 04:31:21.331,1.67125,1.67135,2.40,1.00
2009.11.16 04:31:21.551,1.6712,1.67135,3.10,1.00
2009.11.16 04:31:24.271,1.6712,1.67135,3.10,1.00
2009.11.16 04:31:26.360,1.6712,1.67135,1.00,1.00
2009.11.16 04:31:26.600,1.6712,1.6714,3.20,1.00
2009.11.16 04:31:29.740,1.6712,1.6714,3.10,1.00
2009.11.16 04:31:36.338,1.6712,1.6714,1.00,1.00
2009.11.16 04:31:36.508,1.6712,1.6714,1.00,1.00
2009.11.16 04:31:36.918,1.6712,1.6714,3.10,1.00
2009.11.16 04:31:37.428,1.67125,1.6714,2.40,1.00
2009.11.16 04:31:38.218,1.6712,1.6714,3.50,1.00
2009.11.16 04:31:38.398,1.6712,1.6714,2.80,1.00
2009.11.16 04:31:38.737,1.67125,1.6714,2.40,1.00
2009.11.16 04:31:47.715,1.67125,1.6714,2.40,1.00
2009.11.16 04:31:49.755,1.67125,1.67145,3.10,1.00
2009.11.16 04:31:49.985,1.6713,1.67145,2.40,1.00
2009.11.16 04:31:52.524,1.6713,1.6715,1.00,1.00
2009.11.16 04:31:52.634,1.6713,1.6715,3.10,1.50
2009.11.16 04:31:52.864,1.6713,1.67145,2.40,1.00
2009.11.16 04:31:53.954,1.67125,1.67145,6.10,1.00
2009.11.16 04:31:54.294,1.6713,1.6715,1.00,1.00
2009.11.16 04:31:54.813,1.6713,1.67145,2.40,1.00
2009.11.16 04:31:55.043,1.6713,1.6715,3.10,1.50
2009.11.16 04:31:55.333,1.6713,1.6715,1.00,1.00
2009.11.16 04:31:55.513,1.6713,1.67145,1.00,1.00
2009.11.16 04:31:55.913,1.6713,1.67145,1.00,1.00
2009.11.16 04:31:56.133,1.6713,1.67145,1.00,1.00
2009.11.16 04:31:57.333,1.6713,1.67145,1.00,1.00
2009.11.16 04:31:57.613,1.67125,1.67145,1.00,1.00
2009.11.16 04:31:58.173,1.67125,1.67145,3.10,1.00
2009.11.16 04:31:58.463,1.67125,1.67145,3.10,1.50
2009.11.16 04:31:58.583,1.67125,1.6714,2.40,1.00
2009.11.16 04:31:59.763,1.67125,1.67145,3.10,1.00
2009.11.16 04:32:00.302,1.67125,1.67145,3.20,1.00
2009.11.16 04:32:01.102,1.67125,1.6714,3.20,1.00
2009.11.16 04:32:01.452,1.67125,1.6714,2.40,1.00
2009.11.16 04:32:06.521,1.67125,1.6714,2.40,1.00
2009.11.16 04:32:07.301,1.67125,1.6714,2.40,1.00
2009.11.16 04:32:08.330,1.67125,1.6714,1.00,1.00
2009.11.16 04:32:08.390,1.67125,1.6714,2.40,1.00
2009.11.16 04:32:08.510,1.6713,1.67145,1.00,1.00
2009.11.16 04:32:08.690,1.67135,1.6715,1.00,1.00
2009.11.16 04:32:10.270,1.67135,1.6715,1.00,1.00
2009.11.16 04:32:10.510,1.67135,1.67155,1.00,3.40
2009.11.16 04:32:16.578,1.67135,1.67155,1.00,3.00
2009.11.16 04:32:16.808,1.67135,1.67155,1.00,2.80
2009.11.16 04:32:24.106,1.67135,1.67155,1.00,2.40
2009.11.16 04:32:51.780,1.67135,1.67155,1.00,1.00
2009.11.16 04:33:07.486,1.6713,1.67155,5.50,1.00
2009.11.16 04:33:17.314,1.67135,1.67155,1.00,1.00
2009.11.16 04:33:25.932,1.67135,1.67155,1.00,2.40
2009.11.16 04:33:33.360,1.6714,1.67155,1.00,1.00
2009.11.16 04:33:33.580,1.6714,1.6716,1.00,8.50
2009.11.16 04:33:33.820,1.67135,1.67155,1.00,2.40
2009.11.16 04:33:35.359,1.67135,1.67155,1.00,2.40
2009.11.16 04:33:41.348,1.6713,1.6715,1.50,1.00
2009.11.16 04:33:41.518,1.67135,1.67155,1.00,2.40
2009.11.16 04:33:50.216,1.6714,1.6716,1.00,7.80
2009.11.16 04:33:50.446,1.6714,1.6716,1.00,6.00
2009.11.16 04:33:50.966,1.6714,1.6716,1.00,5.60
2009.11.16 04:34:27.047,1.6714,1.6716,1.00,5.80
2009.11.16 04:34:27.337,1.6714,1.6716,1.00,6.30
2009.11.16 04:34:27.447,1.6714,1.67155,1.00,1.00
2009.11.16 04:34:27.687,1.6714,1.67155,1.00,1.00
2009.11.16 04:34:30.026,1.6714,1.6716,1.00,6.30
2009.11.16 04:34:33.175,1.6714,1.6716,1.00,5.80
2009.11.16 04:34:35.485,1.6714,1.6716,1.00,4.20
2009.11.16 04:34:35.655,1.6714,1.6716,1.00,3.40
2009.11.16 04:34:35.835,1.6714,1.6716,1.00,1.00
2009.11.16 04:34:42.194,1.6714,1.6716,3.20,1.00
2009.11.16 04:34:42.473,1.6714,1.6716,1.00,1.00
2009.11.16 04:34:48.712,1.6714,1.6716,3.20,1.00
2009.11.16 04:34:50.211,1.6714,1.67165,2.40,2.40
2009.11.16 04:34:50.511,1.6714,1.67165,1.00,2.40
2009.11.16 04:34:50.801,1.6714,1.67165,2.40,2.40
2009.11.16 04:34:52.461,1.6714,1.6716,6.80,1.00
2009.11.16 04:34:52.971,1.6715,1.67165,2.40,1.00
2009.11.16 04:34:53.890,1.6715,1.67165,2.40,1.00
2009.11.16 04:34:55.870,1.6715,1.67165,2.40,1.00
2009.11.16 04:34:56.210,1.67145,1.67165,5.00,1.00
2009.11.16 04:34:57.590,1.6715,1.67165,1.00,1.00
2009.11.16 04:34:58.320,1.6715,1.67165,2.40,1.00
2009.11.16 04:35:01.598,1.6715,1.67165,2.40,1.00
2009.11.16 04:35:02.288,1.6715,1.67165,2.40,1.00
2009.11.16 04:35:02.788,1.67145,1.67165,3.10,1.00
2009.11.16 04:35:05.588,1.6715,1.67165,2.40,1.00
2009.11.16 04:35:06.727,1.6715,1.67165,2.40,1.00
2009.11.16 04:35:07.247,1.6715,1.67165,3.20,1.00
2009.11.16 04:35:07.787,1.6715,1.67165,2.40,1.00
2009.11.16 04:35:08.827,1.6715,1.67165,3.20,1.00
2009.11.16 04:35:09.107,1.6715,1.67165,2.40,1.00
2009.11.16 04:35:10.546,1.6715,1.67165,3.20,1.00
2009.11.16 04:35:12.406,1.6715,1.6717,4.80,1.00
2009.11.16 04:35:13.626,1.6715,1.6717,4.70,1.00
2009.11.16 04:35:13.906,1.6715,1.6717,5.50,1.00
2009.11.16 04:35:14.176,1.67155,1.67175,1.00,1.00
2009.11.16 04:35:16.225,1.67155,1.67175,1.00,1.00
2009.11.16 04:35:17.315,1.6716,1.6718,1.00,1.00
2009.11.16 04:35:17.555,1.6716,1.6718,1.00,1.00
2009.11.16 04:35:22.723,1.6716,1.6718,3.10,1.00
2009.11.16 04:35:22.883,1.67165,1.67185,1.00,2.50
2009.11.16 04:35:22.984,1.67165,1.67185,1.00,1.00
2009.11.16 04:35:23.653,1.6716,1.6718,3.90,1.00
2009.11.16 04:35:24.043,1.6716,1.6718,2.30,1.00
2009.11.16 04:35:24.383,1.6716,1.6718,1.00,1.00
2009.11.16 04:35:27.362,1.6716,1.6718,1.00,1.00
2009.11.16 04:35:30.752,1.6716,1.6718,1.90,1.00
2009.11.16 04:35:31.092,1.6717,1.6719,1.00,2.60
2009.11.16 04:35:31.411,1.67175,1.67195,1.00,1.00
2009.11.16 04:35:33.201,1.67175,1.67195,3.10,1.00
2009.11.16 04:35:33.581,1.67175,1.6718,2.40,1.00
2009.11.16 04:35:33.701,1.6717,1.6718,1.60,1.00
2009.11.16 04:35:33.811,1.67165,1.67185,1.00,1.60
2009.11.16 04:35:34.221,1.6717,1.6719,1.00,1.00
2009.11.16 04:35:34.521,1.6717,1.6719,3.10,1.00
2009.11.16 04:35:34.910,1.6717,1.6719,1.00,1.00
2009.11.16 04:35:36.390,1.6717,1.67195,1.00,1.00
2009.11.16 04:35:37.650,1.6717,1.672,1.00,7.80
2009.11.16 04:35:37.950,1.6717,1.672,1.00,7.20
2009.11.16 04:35:38.859,1.6717,1.6719,1.00,1.00
2009.11.16 04:36:38.815,1.67165,1.67195,6.40,1.00
2009.11.16 04:36:43.124,1.67165,1.67195,6.40,1.00
2009.11.16 04:36:43.384,1.67165,1.67195,6.40,1.30
2009.11.16 04:36:47.673,1.67165,1.67195,6.40,1.20
2009.11.16 04:36:52.642,1.67165,1.67195,6.40,1.00
2009.11.16 04:36:53.392,1.6717,1.67195,1.60,1.00
2009.11.16 04:36:53.632,1.6717,1.672,6.40,4.80
2009.11.16 04:36:53.912,1.67175,1.67195,1.00,1.00
2009.11.16 04:37:22.865,1.6717,1.6719,1.00,1.00
2009.11.16 04:37:28.673,1.6717,1.6719,1.00,1.00
2009.11.16 04:37:36.401,1.6717,1.6719,1.00,1.00
2009.11.16 04:37:37.161,1.6717,1.6719,1.00,1.00
2009.11.16 04:37:42.720,1.6717,1.6719,1.40,1.00
2009.11.16 04:37:42.890,1.67175,1.67195,1.00,3.10
2009.11.16 04:37:43.070,1.67175,1.67195,1.00,1.00
2009.11.16 04:37:56.846,1.6717,1.6719,1.00,1.00
2009.11.16 04:38:13.613,1.67175,1.6719,1.60,1.00
2009.11.16 04:38:13.952,1.6718,1.67195,1.60,1.00
2009.11.16 04:38:14.192,1.6718,1.67195,2.40,1.00
2009.11.16 04:38:14.352,1.6718,1.67195,1.00,1.00
2009.11.16 04:38:14.862,1.67175,1.67195,3.10,1.00
2009.11.16 04:38:15.572,1.67185,1.672,1.60,1.60
2009.11.16 04:38:15.632,1.67185,1.672,1.60,1.00
2009.11.16 04:38:15.962,1.6718,1.672,3.10,1.00
2009.11.16 04:38:16.012,1.6718,1.672,2.30,1.00
2009.11.16 04:38:27.839,1.6718,1.67195,2.30,1.00
2009.11.16 04:38:28.079,1.67175,1.67195,4.70,1.00
2009.11.16 04:38:28.299,1.67175,1.67195,1.00,1.00
2009.11.16 04:38:29.399,1.67175,1.67195,1.00,1.10
2009.11.16 04:38:29.748,1.67175,1.67195,1.00,1.00
2009.11.16 04:38:32.488,1.67175,1.6719,1.00,3.20
2009.11.16 04:38:32.668,1.6717,1.6719,1.00,3.90
2009.11.16 04:38:32.908,1.6717,1.6719,1.00,1.50
2009.11.16 04:38:33.138,1.67175,1.67195,1.00,4.80
2009.11.16 04:38:33.318,1.67175,1.67195,1.00,2.40
2009.11.16 04:38:33.537,1.67175,1.67195,1.00,1.00
2009.11.16 04:38:34.497,1.67175,1.6719,1.00,3.90
2009.11.16 04:38:34.837,1.67165,1.67185,2.40,1.00
2009.11.16 04:38:36.617,1.67165,1.67185,1.00,1.00
2009.11.16 04:38:36.787,1.67165,1.6718,1.00,1.00
2009.11.16 04:38:37.247,1.6716,1.6718,1.00,1.00
2009.11.16 04:39:07.899,1.67165,1.67185,1.00,3.20
2009.11.16 04:39:08.069,1.67165,1.67185,1.50,1.00
2009.11.16 04:39:08.189,1.6717,1.6719,1.00,3.60
2009.11.16 04:39:08.309,1.6717,1.6719,1.00,1.20
2009.11.16 04:39:08.419,1.6717,1.6719,1.00,2.00
2009.11.16 04:39:08.529,1.67165,1.67185,3.10,1.00
2009.11.16 04:39:08.589,1.67165,1.67185,1.00,1.00
2009.11.16 04:40:08.555,1.6716,1.6719,3.20,3.60
2009.11.16 04:40:14.253,1.6716,1.6719,4.80,3.20
2009.11.16 04:40:27.270,1.6716,1.6719,3.20,5.20
2009.11.16 04:40:27.500,1.6716,1.6719,3.20,5.20
2009.11.16 04:40:27.680,1.6716,1.6719,3.20,5.40
2009.11.16 04:40:28.540,1.6716,1.6719,3.20,5.30
2009.11.16 04:40:28.760,1.6716,1.6719,3.20,5.20
2009.11.16 04:40:31.179,1.6716,1.6719,3.20,5.20
2009.11.16 04:40:31.469,1.6716,1.6719,3.20,5.40
2009.11.16 04:40:33.879,1.6716,1.6719,3.20,5.80
2009.11.16 04:40:33.998,1.6716,1.6719,3.20,5.60
2009.11.16 04:40:35.338,1.6716,1.6719,3.20,5.60
2009.11.16 04:40:36.268,1.6716,1.67185,1.00,1.00
2009.11.16 04:40:42.207,1.67165,1.67185,1.00,1.00
2009.11.16 04:40:42.497,1.67165,1.67185,1.00,1.20
2009.11.16 04:40:48.385,1.67165,1.6718,1.00,1.00
2009.11.16 04:40:49.185,1.67165,1.67175,1.00,1.60
2009.11.16 04:40:49.235,1.67165,1.6717,1.00,1.00
2009.11.16 04:40:49.295,1.6715,1.67165,3.60,1.00
2009.11.16 04:40:49.415,1.6715,1.67165,2.70,1.00
2009.11.16 04:40:49.475,1.6715,1.67165,1.10,1.00
2009.11.16 04:40:49.535,1.67145,1.67165,2.40,1.00
2009.11.16 04:40:49.585,1.67145,1.67165,1.00,1.00
2009.11.16 04:40:52.034,1.67155,1.67175,1.00,1.00
2009.11.16 04:40:52.384,1.67155,1.67175,1.00,1.00
2009.11.16 04:40:53.104,1.67155,1.67175,1.00,1.00
2009.11.16 04:40:53.524,1.67155,1.67175,1.00,3.30
2009.11.16 04:40:53.634,1.67155,1.67175,1.00,4.90
2009.11.16 04:40:53.694,1.67155,1.67175,1.00,5.30
2009.11.16 04:40:54.024,1.67155,1.67175,1.00,6.10
2009.11.16 04:40:54.084,1.6715,1.6717,1.00,1.00
2009.11.16 04:40:56.963,1.67145,1.67165,1.00,1.00
2009.11.16 04:40:59.193,1.67145,1.67165,1.00,1.00
2009.11.16 04:40:59.313,1.67145,1.67165,1.00,1.00
2009.11.16 04:41:00.472,1.67145,1.67165,1.00,1.60
2009.11.16 04:41:00.702,1.6714,1.6716,3.00,1.00
2009.11.16 04:41:00.922,1.67135,1.67155,2.70,1.00
2009.11.16 04:41:01.142,1.6713,1.6715,5.20,1.00
2009.11.16 04:41:01.362,1.67135,1.67155,1.00,1.00
2009.11.16 04:41:01.982,1.67135,1.67155,1.00,1.60
2009.11.16 04:41:02.212,1.6713,1.6715,5.10,1.00
2009.11.16 04:41:02.432,1.6713,1.6715,5.20,1.00
2009.11.16 04:41:02.602,1.6713,1.6715,2.70,1.00
2009.11.16 04:41:02.832,1.67135,1.6715,2.40,1.00
2009.11.16 04:41:02.992,1.67135,1.6715,1.60,1.00
2009.11.16 04:41:03.232,1.6714,1.67155,2.40,1.00
2009.11.16 04:41:10.250,1.67135,1.67155,3.10,1.00
2009.11.16 04:41:25.106,1.67135,1.6715,3.10,1.00
2009.11.16 04:41:25.746,1.67135,1.67155,3.10,1.00
2009.11.16 04:41:27.616,1.67135,1.67155,4.70,1.00
2009.11.16 04:41:27.846,1.67135,1.67155,4.70,1.50
2009.11.16 04:41:28.126,1.67135,1.67155,3.10,1.00
2009.11.16 04:41:28.245,1.67135,1.67155,4.70,1.00
2009.11.16 04:41:33.844,1.67135,1.67155,5.50,1.00
2009.11.16 04:41:34.074,1.6714,1.6716,1.00,1.00
2009.11.16 04:42:01.508,1.6714,1.6716,3.10,1.00
2009.11.16 04:42:01.678,1.6714,1.6716,1.00,1.00
2009.11.16 04:42:05.727,1.6714,1.6716,1.00,3.10
2009.11.16 04:42:07.826,1.6714,1.6716,1.00,1.00
2009.11.16 04:42:08.006,1.6714,1.6716,3.10,1.00
2009.11.16 04:42:10.956,1.6714,1.6716,4.70,1.00
2009.11.16 04:42:11.595,1.6714,1.6716,2.30,1.00
2009.11.16 04:42:11.765,1.67145,1.6716,2.40,1.00
2009.11.16 04:42:12.245,1.6714,1.6716,4.70,1.00
2009.11.16 04:42:12.915,1.6714,1.6716,2.30,1.00
2009.11.16 04:42:14.455,1.67145,1.6716,2.40,1.00
2009.11.16 04:42:14.804,1.6714,1.6716,4.70,1.00
2009.11.16 04:42:16.164,1.67145,1.6716,2.40,1.00
2009.11.16 04:42:16.584,1.6714,1.6716,4.70,1.00
2009.11.16 04:42:18.603,1.6714,1.6716,3.10,1.00
2009.11.16 04:42:20.593,1.67145,1.6716,2.40,1.00
2009.11.16 04:42:26.111,1.6716,1.67165,2.40,1.60
2009.11.16 04:42:26.341,1.6716,1.6717,2.40,4.40
2009.11.16 04:42:26.511,1.6716,1.6717,2.40,2.40
2009.11.16 04:42:26.801,1.6716,1.67165,2.40,1.00
2009.11.16 04:42:27.032,1.67155,1.6716,5.50,1.00
2009.11.16 04:42:27.211,1.67155,1.6716,1.00,1.00
2009.11.16 04:42:27.381,1.67145,1.67165,3.10,1.00
2009.11.16 04:42:28.191,1.67145,1.67165,3.10,1.50
2009.11.16 04:42:28.421,1.6714,1.6716,3.10,1.00
2009.11.16 04:42:28.721,1.67145,1.6716,2.40,1.00
2009.11.16 04:42:29.061,1.6715,1.6716,1.00,1.00
2009.11.16 04:42:29.121,1.6716,1.6717,2.40,2.70
2009.11.16 04:42:29.231,1.6716,1.6717,2.40,2.40
2009.11.16 04:42:29.281,1.6716,1.6717,2.40,1.00
2009.11.16 04:42:29.391,1.6716,1.67175,2.40,1.40
2009.11.16 04:42:29.801,1.6716,1.67175,2.40,1.30
2009.11.16 04:42:30.201,1.67155,1.67175,3.10,1.30
2009.11.16 04:42:30.500,1.67155,1.67175,3.10,1.40
2009.11.16 04:42:30.731,1.67155,1.67165,2.40,1.00
2009.11.16 04:42:30.900,1.67145,1.67165,3.10,1.00
2009.11.16 04:42:31.060,1.67145,1.67165,3.10,1.50
2009.11.16 04:42:31.280,1.67145,1.6716,3.10,1.00
2009.11.16 04:42:31.640,1.6714,1.6716,3.10,1.00
2009.11.16 04:42:32.620,1.67145,1.6716,2.40,1.00
2009.11.16 04:42:36.049,1.67145,1.6716,2.40,1.00
2009.11.16 04:42:36.099,1.67145,1.6716,1.00,1.00
2009.11.16 04:42:36.159,1.67145,1.6716,1.00,1.00
2009.11.16 04:42:36.329,1.67145,1.6716,1.00,1.00
2009.11.16 04:42:36.449,1.67145,1.6716,2.50,1.00
2009.11.16 04:42:36.509,1.67145,1.6716,2.40,1.00
2009.11.16 04:42:36.689,1.67145,1.6716,2.40,1.00
2009.11.16 04:42:40.178,1.67155,1.67175,3.10,1.00
2009.11.16 04:42:42.218,1.67155,1.67175,3.20,1.00
2009.11.16 04:42:43.967,1.6716,1.67175,5.50,1.00
2009.11.16 04:42:44.077,1.67165,1.67185,1.00,4.70
2009.11.16 04:42:44.248,1.67165,1.67185,3.10,3.20
2009.11.16 04:42:44.367,1.67165,1.67185,1.00,2.80
2009.11.16 04:42:44.667,1.67165,1.67185,1.00,2.40
2009.11.16 04:42:44.787,1.67165,1.67185,1.00,2.80
2009.11.16 04:42:45.417,1.67155,1.67175,4.30,1.00
2009.11.16 04:42:45.717,1.67155,1.67175,1.00,1.00
2009.11.16 04:42:46.117,1.67155,1.67175,3.10,1.00
2009.11.16 04:43:18.879,1.67155,1.67175,4.10,1.00
2009.11.16 04:43:19.059,1.6716,1.6718,1.00,1.00
2009.11.16 04:43:19.179,1.6716,1.6718,3.10,1.00
2009.11.16 04:43:24.197,1.67155,1.67175,4.10,1.00
2009.11.16 04:43:25.557,1.67155,1.67175,3.30,1.00
2009.11.16 04:43:25.737,1.67155,1.67175,3.20,1.00
2009.11.16 04:43:25.917,1.67155,1.67175,3.10,1.00
2009.11.16 04:43:28.656,1.67155,1.67175,3.10,3.20
2009.11.16 04:43:28.766,1.67155,1.6717,1.00,1.00
2009.11.16 04:43:28.876,1.67155,1.67165,1.00,1.00
2009.11.16 04:43:28.996,1.67155,1.67165,1.00,1.00
2009.11.16 04:43:29.117,1.67155,1.67165,1.00,1.00
2009.11.16 04:43:29.177,1.67145,1.67165,4.10,1.00
2009.11.16 04:43:29.397,1.67145,1.67165,4.10,1.60
2009.11.16 04:43:29.736,1.67145,1.67165,4.10,1.00
2009.11.16 04:43:30.086,1.67145,1.67165,3.80,3.20
2009.11.16 04:43:30.466,1.67145,1.67155,1.00,1.00
2009.11.16 04:43:30.516,1.67145,1.67155,1.00,1.00
2009.11.16 04:43:30.696,1.6714,1.67155,2.40,1.00
2009.11.16 04:43:36.385,1.67135,1.67155,9.10,1.00
2009.11.16 04:43:36.504,1.67135,1.67155,6.70,1.00
2009.11.16 04:43:36.615,1.6714,1.67155,2.40,1.00
2009.11.16 04:43:50.541,1.67135,1.67155,5.50,1.00
2009.11.16 04:43:50.651,1.67135,1.67155,6.30,1.00
2009.11.16 04:43:50.831,1.6714,1.6716,1.00,1.00
2009.11.16 04:43:54.210,1.6714,1.6716,1.00,1.00
2009.11.16 04:43:55.650,1.6714,1.6716,1.00,1.20
2009.11.16 04:43:57.699,1.6714,1.6716,1.00,1.10
2009.11.16 04:44:15.046,1.6714,1.6716,1.00,1.10
2009.11.16 04:44:16.345,1.6714,1.6716,1.00,1.20
2009.11.16 04:44:22.743,1.6714,1.6716,1.00,1.10
2009.11.16 04:44:23.093,1.67145,1.6716,1.00,1.00
2009.11.16 04:44:23.453,1.67145,1.67165,1.00,1.90
2009.11.16 04:45:01.744,1.67145,1.67165,1.00,1.20
2009.11.16 04:45:03.224,1.67145,1.67165,1.00,1.20
2009.11.16 04:45:03.524,1.67145,1.67165,1.00,1.00
2009.11.16 04:45:06.893,1.67145,1.67165,1.10,1.00
2009.11.16 04:45:07.113,1.67145,1.67165,1.30,1.00
2009.11.16 04:45:07.293,1.67145,1.67165,2.40,1.00
2009.11.16 04:45:07.643,1.67145,1.67165,2.20,1.00
2009.11.16 04:45:07.983,1.67145,1.67165,2.90,1.00
2009.11.16 04:45:08.342,1.67145,1.67165,5.00,1.00
2009.11.16 04:45:08.513,1.67145,1.67165,9.00,1.00
2009.11.16 04:45:08.752,1.6715,1.6717,1.00,1.20
2009.11.16 04:45:13.271,1.6715,1.6717,1.00,1.00
2009.11.16 04:45:13.971,1.67155,1.6717,1.00,1.00
2009.11.16 04:45:14.131,1.67155,1.6717,1.00,1.00
2009.11.16 04:45:15.751,1.67155,1.6717,1.00,1.00
2009.11.16 04:45:19.640,1.67155,1.6717,1.00,1.00
2009.11.16 04:45:20.050,1.6715,1.6717,1.00,1.00
2009.11.16 04:45:23.649,1.6715,1.6717,1.00,1.20
2009.11.16 04:45:24.749,1.6715,1.6717,1.00,2.00
2009.11.16 04:45:25.088,1.6715,1.67165,1.00,1.00
2009.11.16 04:45:25.838,1.67145,1.67165,4.10,1.00
2009.11.16 04:45:26.008,1.67145,1.67165,3.20,1.00
2009.11.16 04:45:26.248,1.67145,1.67165,1.60,1.00
2009.11.16 04:45:27.948,1.67145,1.67165,4.00,1.00
2009.11.16 04:45:32.167,1.67155,1.67175,1.00,1.00
2009.11.16 04:45:32.287,1.67155,1.67175,1.80,1.00
2009.11.16 04:45:32.467,1.6716,1.6718,1.00,1.20
2009.11.16 04:45:32.766,1.6716,1.6718,4.70,1.00
2009.11.16 04:45:33.057,1.67165,1.6718,1.00,1.00
2009.11.16 04:45:33.286,1.67165,1.6718,1.00,1.00
2009.11.16 04:45:33.796,1.67165,1.6718,1.00,1.00
2009.11.16 04:45:36.166,1.67165,1.6718,1.00,1.00
2009.11.16 04:45:36.456,1.6716,1.6718,2.30,1.00
2009.11.16 04:45:36.576,1.67165,1.6718,1.00,1.00
2009.11.16 04:45:36.736,1.67165,1.6718,1.00,1.00
2009.11.16 04:45:49.443,1.67165,1.6718,1.00,1.00
2009.11.16 04:45:49.553,1.6716,1.6718,2.30,1.00
2009.11.16 04:45:55.671,1.6716,1.6718,4.70,1.00
2009.11.16 04:46:21.675,1.6716,1.6718,1.00,1.00
2009.11.16 04:46:23.794,1.67165,1.6718,1.00,1.00
2009.11.16 04:46:23.964,1.6717,1.6719,1.00,4.70
2009.11.16 04:46:24.084,1.6717,1.6719,1.00,1.90
2009.11.16 04:46:25.394,1.6717,1.6719,1.00,2.00
2009.11.16 04:46:25.684,1.6717,1.6719,1.00,1.90
2009.11.16 04:46:26.304,1.6717,1.6719,1.50,1.90
2009.11.16 04:46:26.584,1.6718,1.6719,1.00,1.00
2009.11.16 04:46:26.854,1.6718,1.67195,1.00,1.20
2009.11.16 04:46:31.273,1.6717,1.67185,1.00,1.00
2009.11.16 04:46:31.872,1.6717,1.6719,1.00,3.60
2009.11.16 04:46:32.112,1.6717,1.6719,1.00,1.20
2009.11.16 04:46:32.332,1.67165,1.67185,3.80,1.00
2009.11.16 04:46:32.672,1.67165,1.67185,3.20,1.90
2009.11.16 04:46:32.962,1.67165,1.67185,1.00,1.90
2009.11.16 04:46:34.112,1.6717,1.67185,1.00,1.10
2009.11.16 04:46:34.462,1.67165,1.67185,1.00,1.90
2009.11.16 04:46:34.692,1.67165,1.67185,1.00,1.90
2009.11.16 04:46:34.922,1.6717,1.67185,1.00,1.10
2009.11.16 04:46:35.152,1.67165,1.67185,1.00,1.90
2009.11.16 04:46:35.772,1.6717,1.67185,1.00,1.10
2009.11.16 04:46:36.111,1.67165,1.67185,1.00,1.90
2009.11.16 04:46:36.171,1.67165,1.67185,1.00,1.90
2009.11.16 04:46:36.461,1.67165,1.67185,1.00,1.90
2009.11.16 04:46:36.931,1.67165,1.67185,1.10,1.90
2009.11.16 04:46:38.361,1.67165,1.67185,1.00,1.90
2009.11.16 04:46:38.481,1.67165,1.67185,1.00,1.90
2009.11.16 04:46:45.219,1.67165,1.67185,1.00,2.70
2009.11.16 04:46:45.569,1.6716,1.6718,1.00,1.00
2009.11.16 04:47:17.811,1.6716,1.67175,1.00,1.10
2009.11.16 04:47:18.031,1.67155,1.67175,1.00,1.90
2009.11.16 04:47:18.201,1.67155,1.6717,1.00,1.00
2009.11.16 04:47:18.541,1.6715,1.6717,1.00,1.20
2009.11.16 04:47:19.221,1.6715,1.67165,1.00,1.00
2009.11.16 04:47:49.314,1.67145,1.67165,1.00,1.20
2009.11.16 04:47:55.432,1.67145,1.67165,1.00,1.00
2009.11.16 04:48:10.329,1.67145,1.67165,1.00,1.00
2009.11.16 04:48:10.629,1.67145,1.67165,1.00,1.00
2009.11.16 04:48:16.668,1.67145,1.67165,2.50,1.00
2009.11.16 04:48:16.957,1.6715,1.6717,1.00,3.20
2009.11.16 04:48:17.007,1.6715,1.6717,1.00,1.00
2009.11.16 04:48:23.276,1.67155,1.67175,1.00,1.20
2009.11.16 04:48:28.325,1.67155,1.67175,1.00,1.20
2009.11.16 04:48:28.495,1.67155,1.67175,1.00,1.20
2009.11.16 04:48:39.682,1.67155,1.67175,1.00,1.20
2009.11.16 04:48:40.062,1.67155,1.67175,1.00,1.20
2009.11.16 04:48:41.282,1.67155,1.6717,1.00,1.00
2009.11.16 04:48:44.521,1.67155,1.67175,1.00,1.20
2009.11.16 04:49:21.682,1.67155,1.67175,1.00,1.10
2009.11.16 04:49:21.972,1.67155,1.67175,1.00,1.00
2009.11.16 04:49:23.251,1.67155,1.6718,1.00,3.60
2009.11.16 04:49:36.098,1.6716,1.6718,1.00,1.20
2009.11.16 04:49:36.448,1.67165,1.67185,2.30,1.00
2009.11.16 04:49:36.808,1.6717,1.6719,1.00,1.90
2009.11.16 04:49:36.988,1.6717,1.6719,1.00,1.20
2009.11.16 04:49:39.718,1.67175,1.67195,1.00,2.80
2009.11.16 04:49:39.837,1.6718,1.67195,1.00,2.00
2009.11.16 04:49:40.348,1.6718,1.67195,1.00,1.00
2009.11.16 04:49:48.375,1.6718,1.67195,1.00,1.00
2009.11.16 04:49:52.175,1.6718,1.67195,1.00,1.00
2009.11.16 04:49:59.342,1.6718,1.67195,1.00,1.00
2009.11.16 04:50:00.552,1.6718,1.67195,1.00,1.40
2009.11.16 04:50:01.152,1.67175,1.6719,1.00,1.00
2009.11.16 04:50:02.582,1.6717,1.6719,3.10,1.20
2009.11.16 04:50:02.812,1.6717,1.6719,1.00,1.20
2009.11.16 04:50:02.872,1.6717,1.6719,1.00,1.90
2009.11.16 04:50:03.612,1.6717,1.67185,1.00,1.00
2009.11.16 04:50:03.911,1.6717,1.6718,1.00,1.00
2009.11.16 04:50:04.821,1.6717,1.6718,1.00,1.10
2009.11.16 04:50:05.111,1.67165,1.6718,1.00,1.00
2009.11.16 04:50:05.921,1.67155,1.67175,1.00,1.20
2009.11.16 04:50:06.201,1.6715,1.6717,3.10,1.00
2009.11.16 04:50:06.541,1.6715,1.6717,1.00,1.90
2009.11.16 04:50:06.661,1.6715,1.6717,1.50,1.90
2009.11.16 04:50:06.941,1.6715,1.6717,3.10,1.20
2009.11.16 04:50:07.171,1.67145,1.67165,3.50,1.00
2009.11.16 04:50:07.400,1.67145,1.67165,1.00,1.00
2009.11.16 04:50:08.870,1.67145,1.67165,1.50,1.00
2009.11.16 04:50:09.050,1.6715,1.6717,1.00,1.90
2009.11.16 04:50:09.900,1.6715,1.6717,1.50,1.20
2009.11.16 04:50:10.070,1.67155,1.6717,1.00,1.00
2009.11.16 04:50:11.150,1.6717,1.67175,1.00,1.10
2009.11.16 04:50:11.430,1.6717,1.6718,1.00,1.60
2009.11.16 04:50:11.709,1.6717,1.67185,1.00,1.20
2009.11.16 04:50:11.949,1.6717,1.67185,1.00,1.00
2009.11.16 04:50:12.180,1.6717,1.67185,1.50,1.00
2009.11.16 04:50:12.239,1.67175,1.67185,1.00,1.00
2009.11.16 04:50:14.149,1.6717,1.6718,1.00,1.00
2009.11.16 04:50:14.309,1.67165,1.6718,1.00,1.00
2009.11.16 04:50:14.489,1.6716,1.6718,3.10,1.20
2009.11.16 04:50:14.609,1.6716,1.6718,1.00,1.20
2009.11.16 04:50:15.089,1.6716,1.67175,1.00,1.00
2009.11.16 04:50:15.319,1.67155,1.67175,1.00,1.20
2009.11.16 04:50:15.539,1.6716,1.67175,1.00,1.00
2009.11.16 04:50:16.808,1.67175,1.67185,1.00,1.00
2009.11.16 04:50:17.139,1.6717,1.67185,1.40,1.00
2009.11.16 04:50:17.368,1.67165,1.67185,3.10,2.00
2009.11.16 04:50:17.539,1.6716,1.6718,1.00,1.00
2009.11.16 04:50:17.768,1.67165,1.6718,1.00,1.00
2009.11.16 04:50:17.938,1.67165,1.6718,1.00,1.00
2009.11.16 04:50:18.178,1.6716,1.6718,1.00,1.20
2009.11.16 04:50:19.338,1.6716,1.67175,1.00,1.00
2009.11.16 04:50:32.704,1.6716,1.67175,1.00,1.00
2009.11.16 04:50:41.943,1.6716,1.67175,1.00,1.00
2009.11.16 04:50:42.342,1.6716,1.6718,1.00,1.20
2009.11.16 04:50:42.582,1.67165,1.6718,1.00,1.20
2009.11.16 04:50:42.742,1.67165,1.6718,1.00,1.20
2009.11.16 04:50:42.862,1.6717,1.67185,1.00,2.80
2009.11.16 04:50:43.262,1.6717,1.67185,1.00,1.00
2009.11.16 04:50:43.602,1.6717,1.6719,1.00,1.10
2009.11.16 04:50:43.942,1.6718,1.6719,1.00,1.00
2009.11.16 04:50:44.282,1.6718,1.672,1.00,2.00
2009.11.16 04:50:44.622,1.67175,1.67195,1.00,1.00
2009.11.16 04:50:44.911,1.67175,1.67195,1.50,1.00
2009.11.16 04:50:45.252,1.6718,1.672,1.00,2.00
2009.11.16 04:50:46.821,1.6718,1.67195,1.00,1.00
2009.11.16 04:50:48.321,1.6718,1.67195,1.00,1.00
2009.11.16 04:50:49.340,1.6718,1.6719,1.00,1.00
2009.11.16 04:51:08.276,1.67175,1.6719,3.10,1.00
2009.11.16 04:51:08.736,1.67175,1.6719,1.00,1.00
2009.11.16 04:51:09.325,1.67175,1.67185,1.00,1.00
2009.11.16 04:51:11.575,1.6717,1.67185,1.00,1.00
2009.11.16 04:51:15.324,1.6717,1.67185,1.00,1.00
2009.11.16 04:51:15.674,1.6717,1.67185,1.00,1.00
2009.11.16 04:51:24.322,1.6717,1.67185,1.00,1.00
2009.11.16 04:51:46.337,1.6717,1.6719,1.00,1.20
2009.11.16 04:51:47.037,1.6717,1.6719,1.50,1.20
2009.11.16 04:51:47.087,1.6717,1.6719,1.50,1.00
2009.11.16 04:51:47.257,1.67175,1.6719,1.00,1.00
2009.11.16 04:51:47.367,1.6718,1.67195,1.00,1.00
2009.11.16 04:51:48.296,1.6718,1.6719,1.00,1.00
2009.11.16 04:51:51.386,1.6718,1.67195,1.00,1.00
2009.11.16 04:51:51.616,1.6718,1.672,1.00,1.10
2009.11.16 04:51:55.455,1.6718,1.67195,1.00,1.00
2009.11.16 04:51:56.494,1.6718,1.6719,1.00,1.00
2009.11.16 04:51:56.824,1.6718,1.67195,1.00,1.00
2009.11.16 04:51:57.004,1.67175,1.67195,1.00,1.20
2009.11.16 04:51:57.125,1.6718,1.67195,1.00,1.00
2009.11.16 04:52:01.283,1.6718,1.67195,1.00,1.00
2009.11.16 04:52:02.153,1.6718,1.6719,1.00,1.00
2009.11.16 04:52:20.838,1.6718,1.67195,1.00,1.00
2009.11.16 04:52:22.198,1.6718,1.672,1.00,1.20
2009.11.16 04:52:23.008,1.67185,1.672,1.00,1.00
2009.11.16 04:52:23.248,1.6719,1.67205,1.00,1.00
2009.11.16 04:53:03.808,1.6719,1.67205,1.00,1.30
2009.11.16 04:53:04.528,1.6719,1.67205,1.00,1.00
2009.11.16 04:53:08.317,1.6719,1.67205,1.00,1.00
2009.11.16 04:53:15.345,1.6719,1.672,1.00,1.00
2009.11.16 04:53:25.563,1.6719,1.67205,1.00,1.00
2009.11.16 04:53:58.355,1.67185,1.67205,1.00,3.00
2009.11.16 04:53:58.585,1.67185,1.67205,1.00,3.20
2009.11.16 04:53:58.745,1.67185,1.67205,1.00,5.60
2009.11.16 04:53:58.975,1.67185,1.67205,1.00,4.00
2009.11.16 04:53:59.185,1.67185,1.67205,1.00,3.40
2009.11.16 04:54:02.884,1.67185,1.67205,1.00,5.00
2009.11.16 04:54:03.004,1.67185,1.67205,1.00,5.40
2009.11.16 04:54:04.383,1.67185,1.672,1.00,1.00
2009.11.16 04:54:06.673,1.6718,1.672,1.00,1.00
2009.11.16 04:54:08.402,1.6718,1.672,1.00,1.20
2009.11.16 04:54:22.469,1.6718,1.672,1.00,1.50
2009.11.16 04:54:23.849,1.6718,1.67195,1.00,1.00
2009.11.16 04:54:25.248,1.6718,1.67195,1.00,1.00
2009.11.16 04:54:26.378,1.6718,1.6719,1.00,1.00
2009.11.16 04:54:29.158,1.6718,1.67195,1.00,1.00
2009.11.16 04:54:34.276,1.6718,1.67195,1.00,1.00
2009.11.16 04:54:35.286,1.6718,1.6719,1.00,1.00
2009.11.16 04:54:36.446,1.6718,1.6719,1.00,1.00
2009.11.16 04:54:36.786,1.6718,1.67195,1.00,1.00
2009.11.16 04:54:45.374,1.6718,1.67195,1.00,1.00
2009.11.16 04:54:46.183,1.6718,1.6719,1.00,1.00
2009.11.16 04:54:46.473,1.6718,1.6719,1.00,1.00
2009.11.16 04:54:47.303,1.6718,1.6719,1.00,1.00
2009.11.16 04:55:21.265,1.67175,1.6719,3.10,1.00
2009.11.16 04:55:21.605,1.6718,1.6719,1.00,1.00
2009.11.16 04:55:24.334,1.67185,1.6719,1.00,1.00
2009.11.16 04:55:25.024,1.67185,1.67195,1.00,1.00
2009.11.16 04:55:34.342,1.67185,1.6719,1.00,1.00
2009.11.16 04:55:35.162,1.6718,1.67185,3.10,1.00
2009.11.16 04:55:35.462,1.67185,1.6719,1.00,1.00
2009.11.16 04:55:35.512,1.6718,1.6719,3.10,1.00
2009.11.16 04:55:35.572,1.6718,1.6719,1.00,1.00
2009.11.16 04:55:35.682,1.6718,1.6719,1.00,1.00
2009.11.16 04:55:35.842,1.6718,1.6719,1.00,1.00
2009.11.16 04:55:36.512,1.67185,1.6719,1.00,1.00
2009.11.16 04:55:37.971,1.6718,1.6719,1.00,1.00
2009.11.16 04:56:13.242,1.6718,1.67185,1.00,1.00
2009.11.16 04:56:18.001,1.6717,1.6718,1.00,1.00
2009.11.16 04:56:18.241,1.67165,1.6718,1.00,1.00
2009.11.16 04:56:18.421,1.6716,1.6718,1.00,1.20
2009.11.16 04:56:30.538,1.67165,1.6718,1.00,1.00
2009.11.16 04:56:31.598,1.6716,1.6718,1.00,1.20
2009.11.16 04:56:31.758,1.6716,1.6718,1.00,1.10
2009.11.16 04:56:31.938,1.6716,1.6718,1.50,1.00
2009.11.16 04:56:32.158,1.67165,1.67185,1.00,4.00
2009.11.16 04:56:32.908,1.67165,1.6718,1.00,1.00
2009.11.16 04:56:34.327,1.67165,1.6718,1.00,1.00
2009.11.16 04:56:35.817,1.6716,1.6718,1.00,2.00
2009.11.16 04:56:39.006,1.67155,1.67175,1.00,1.20
2009.11.16 04:56:39.296,1.6715,1.6717,3.10,1.20
2009.11.16 04:56:39.636,1.6715,1.6717,1.00,1.20
2009.11.16 04:56:40.146,1.6715,1.67165,1.00,1.00
2009.11.16 04:56:40.786,1.6715,1.6717,1.00,1.00
2009.11.16 04:56:41.136,1.67155,1.6717,1.00,1.00
2009.11.16 04:56:41.476,1.6715,1.6717,1.00,1.20
2009.11.16 04:56:42.166,1.67145,1.67165,3.90,1.00
2009.11.16 04:56:42.506,1.67145,1.67165,2.30,1.20
2009.11.16 04:56:42.625,1.67145,1.67165,1.00,3.60
2009.11.16 04:56:42.746,1.6714,1.6716,2.30,1.00
2009.11.16 04:56:42.925,1.6714,1.6716,3.10,1.10
2009.11.16 04:56:43.036,1.67145,1.6716,2.30,1.00
2009.11.16 04:56:43.425,1.67145,1.6716,2.30,1.00
2009.11.16 04:56:45.715,1.67145,1.6716,1.00,1.00
2009.11.16 04:56:46.465,1.67145,1.67155,1.00,1.00
2009.11.16 04:56:46.685,1.67145,1.6716,1.60,1.20
2009.11.16 04:56:46.905,1.6715,1.6716,1.00,1.00
2009.11.16 04:56:47.304,1.6716,1.67165,1.00,1.00
2009.11.16 04:56:47.654,1.67145,1.67165,2.30,1.00
2009.11.16 04:56:48.004,1.67155,1.67165,1.60,1.00
2009.11.16 04:56:48.284,1.67155,1.67165,2.30,1.00
2009.11.16 04:56:49.254,1.6715,1.67165,2.30,1.00
2009.11.16 04:56:50.474,1.67155,1.6716,2.30,1.00
2009.11.16 04:56:50.754,1.6715,1.6716,2.30,1.00
2009.11.16 04:56:51.613,1.67145,1.6716,2.30,1.00
2009.11.16 04:56:59.261,1.67145,1.67155,2.30,1.00
2009.11.16 04:57:02.511,1.67145,1.6716,2.30,1.20
2009.11.16 04:57:04.710,1.67145,1.67155,2.30,1.00
2009.11.16 04:57:05.280,1.67145,1.6715,2.30,1.00
2009.11.16 04:57:06.050,1.6714,1.6715,2.30,1.00
2009.11.16 04:57:07.260,1.67135,1.6715,2.50,1.00
2009.11.16 04:57:09.519,1.67135,1.6715,2.30,1.00
2009.11.16 04:57:10.779,1.6714,1.67155,2.30,1.00
2009.11.16 04:57:15.427,1.6714,1.67155,2.30,1.00
2009.11.16 04:57:15.608,1.6713,1.67135,2.40,1.00
2009.11.16 04:57:15.838,1.6713,1.67145,1.00,1.00
2009.11.16 04:57:16.008,1.6713,1.6715,1.00,2.40
2009.11.16 04:57:16.187,1.6713,1.6715,1.00,2.00
2009.11.16 04:57:17.637,1.6713,1.67145,1.00,1.00
2009.11.16 04:57:19.387,1.6713,1.6715,1.00,1.20
2009.11.16 04:57:25.115,1.6713,1.6715,1.00,1.00
2009.11.16 04:57:25.225,1.6713,1.6715,1.00,1.00
2009.11.16 04:57:34.353,1.6713,1.6715,1.00,1.00
2009.11.16 04:57:34.823,1.6713,1.6715,1.00,1.00
2009.11.16 04:57:35.383,1.67135,1.6715,1.00,1.00
2009.11.16 04:57:35.623,1.67135,1.6715,1.00,1.00
2009.11.16 04:57:36.953,1.67135,1.6715,1.00,1.40
2009.11.16 04:57:37.232,1.6713,1.6715,1.00,2.20
2009.11.16 04:57:38.262,1.6713,1.6715,1.00,2.20
2009.11.16 04:57:39.432,1.6713,1.6715,1.00,3.00
2009.11.16 04:57:39.672,1.67125,1.67145,1.00,1.20
2009.11.16 04:57:41.001,1.67125,1.67145,1.00,1.90
2009.11.16 04:57:46.040,1.67125,1.67145,1.00,2.30
2009.11.16 04:57:46.790,1.67125,1.6714,1.00,1.00
2009.11.16 04:57:48.590,1.67125,1.67145,1.00,2.10
2009.11.16 04:57:49.630,1.67125,1.67145,1.00,2.30
2009.11.16 04:57:49.859,1.67125,1.6714,1.00,1.00
2009.11.16 04:57:51.469,1.67125,1.6714,1.00,1.00
2009.11.16 04:57:55.868,1.67125,1.6714,1.00,1.20
2009.11.16 04:57:57.187,1.67125,1.6714,1.00,1.10
2009.11.16 04:58:02.346,1.67125,1.67145,1.00,1.90
2009.11.16 04:58:06.065,1.6713,1.67145,1.00,2.00
2009.11.16 04:58:06.595,1.6713,1.67145,1.00,1.10
2009.11.16 04:58:16.813,1.6713,1.67145,1.00,1.10
2009.11.16 04:58:23.311,1.6713,1.67145,1.00,1.20
2009.11.16 04:58:31.839,1.6713,1.67145,1.00,1.00
2009.11.16 04:58:38.348,1.6713,1.67145,1.00,1.20
2009.11.16 04:58:39.397,1.67125,1.67145,1.00,2.00
2009.11.16 04:58:40.607,1.67125,1.6714,1.00,1.00
2009.11.16 04:58:42.407,1.67125,1.6714,1.00,1.00
2009.11.16 04:58:46.986,1.6713,1.6714,1.00,1.00
2009.11.16 04:58:47.266,1.67125,1.6714,1.00,1.00
2009.11.16 04:58:59.842,1.67125,1.67135,1.00,1.60
2009.11.16 04:59:00.083,1.67125,1.6713,1.00,3.60
2009.11.16 04:59:00.323,1.67105,1.6713,2.00,5.10
2009.11.16 04:59:00.543,1.671,1.6713,7.10,4.30
2009.11.16 04:59:00.722,1.67105,1.6713,3.10,1.00
2009.11.16 04:59:01.122,1.67105,1.6713,1.00,1.00
2009.11.16 04:59:01.342,1.671,1.67125,4.00,1.60
2009.11.16 04:59:01.522,1.671,1.67125,1.60,1.50
2009.11.16 04:59:01.702,1.671,1.67125,1.60,1.00
2009.11.16 04:59:01.992,1.671,1.6713,4.70,4.30
2009.11.16 04:59:02.222,1.671,1.67125,4.70,1.10
2009.11.16 04:59:02.502,1.671,1.67125,5.50,1.10
2009.11.16 04:59:02.722,1.67105,1.67125,1.00,1.80
2009.11.16 04:59:02.952,1.67105,1.67125,1.00,2.60
2009.11.16 04:59:03.122,1.671,1.6712,4.70,1.00
2009.11.16 04:59:03.362,1.671,1.6712,3.10,1.00
2009.11.16 04:59:03.572,1.671,1.6712,3.90,1.00
2009.11.16 04:59:03.752,1.67105,1.67125,1.00,1.80
2009.11.16 04:59:06.091,1.671,1.6712,1.50,1.00
2009.11.16 04:59:06.331,1.67105,1.67125,1.00,2.10
2009.11.16 04:59:06.561,1.67105,1.67125,1.50,1.80
2009.11.16 04:59:06.791,1.6711,1.67125,1.00,1.10
2009.11.16 04:59:07.011,1.6711,1.6713,1.00,2.00
2009.11.16 04:59:07.760,1.6711,1.6713,1.50,2.00
2009.11.16 04:59:08.040,1.67115,1.6713,1.00,1.90
2009.11.16 04:59:08.430,1.67115,1.6713,1.00,1.10
2009.11.16 04:59:08.840,1.6711,1.6713,1.00,2.00
2009.11.16 04:59:09.970,1.6711,1.6713,1.50,2.00
2009.11.16 04:59:10.190,1.67115,1.6713,1.00,2.00
2009.11.16 04:59:12.990,1.67115,1.6713,1.00,1.10
2009.11.16 04:59:15.518,1.67115,1.67135,1.00,2.00
2009.11.16 04:59:25.086,1.67115,1.67135,1.00,1.90
2009.11.16 04:59:27.966,1.67115,1.67135,1.00,1.20
2009.11.16 04:59:31.165,1.67115,1.6713,1.00,1.00
2009.11.16 04:59:31.495,1.67115,1.6713,3.10,1.00
2009.11.16 04:59:31.955,1.67115,1.67135,1.00,1.90
2009.11.16 04:59:33.274,1.67115,1.67135,1.00,2.00
2009.11.16 04:59:37.214,1.67115,1.67135,1.00,1.90
2009.11.16 04:59:37.773,1.67115,1.67135,1.00,1.20
2009.11.16 04:59:37.884,1.67115,1.67135,1.00,1.00
2009.11.16 04:59:44.662,1.67115,1.67135,1.00,1.90
2009.11.16 04:59:44.941,1.67115,1.67135,1.00,1.20
2009.11.16 04:59:45.241,1.67115,1.67135,1.00,1.00
2009.11.16 04:59:54.589,1.67115,1.67135,1.00,1.20
