2008.06.03 18:00:00.884,1.9636,1.9638,1.00,2.70
2008.06.03 18:00:01.048,1.9636,1.9638,1.20,1.60
2008.06.03 18:00:01.277,1.9636,1.9638,0.50,2.70
2008.06.03 18:00:01.532,1.9636,1.9638,2.20,1.10
2008.06.03 18:00:01.729,1.9636,1.9638,2.40,2.70
2008.06.03 18:00:01.815,1.9636,1.9638,2.00,1.50
2008.06.03 18:00:01.891,1.9636,1.96375,2.00,1.10
2008.06.03 18:00:02.586,1.96355,1.96375,1.60,1.10
2008.06.03 18:00:02.872,1.96355,1.96375,2.00,1.10
2008.06.03 18:00:03.380,1.9636,1.9638,1.60,1.80
2008.06.03 18:00:03.547,1.9636,1.9638,1.60,2.70
2008.06.03 18:00:04.022,1.96355,1.96375,2.00,1.10
2008.06.03 18:00:04.551,1.9636,1.9638,1.60,2.70
2008.06.03 18:00:05.077,1.9636,1.9638,1.60,1.00
2008.06.03 18:00:07.771,1.9636,1.9638,2.10,2.00
2008.06.03 18:00:08.321,1.9636,1.9638,1.60,0.60
2008.06.03 18:00:24.881,1.96355,1.9638,2.50,0.80
2008.06.03 18:00:24.948,1.96355,1.96375,2.00,1.10
2008.06.03 18:00:25.061,1.96355,1.96375,1.60,1.10
2008.06.03 18:00:25.648,1.96355,1.96375,2.00,1.10
2008.06.03 18:00:25.815,1.9636,1.96375,1.60,1.10
2008.06.03 18:00:25.985,1.9636,1.96375,2.00,1.10
2008.06.03 18:00:26.306,1.9636,1.96375,1.60,1.10
2008.06.03 18:00:26.469,1.9636,1.9638,1.60,2.70
2008.06.03 18:00:27.861,1.9636,1.9638,2.10,2.70
2008.06.03 18:00:28.159,1.9636,1.9638,2.10,1.60
2008.06.03 18:00:28.656,1.9636,1.9638,2.10,2.70
2008.06.03 18:00:29.012,1.9636,1.9638,2.10,1.60
2008.06.03 18:00:30.544,1.9636,1.9638,2.50,1.60
2008.06.03 18:00:32.622,1.9636,1.9638,2.50,2.70
2008.06.03 18:00:33.808,1.9636,1.9638,2.50,1.60
2008.06.03 18:00:35.716,1.9636,1.9638,2.50,2.70
2008.06.03 18:00:40.181,1.9636,1.9638,2.50,1.60
2008.06.03 18:00:41.828,1.96365,1.9638,1.60,1.60
2008.06.03 18:00:42.445,1.96365,1.96385,1.60,1.10
2008.06.03 18:00:42.840,1.96375,1.96385,1.60,1.10
2008.06.03 18:00:43.043,1.9637,1.9639,1.60,1.80
2008.06.03 18:00:43.239,1.96375,1.96395,0.60,1.60
2008.06.03 18:00:43.468,1.96375,1.964,2.10,0.80
2008.06.03 18:00:43.596,1.96375,1.964,2.10,2.70
2008.06.03 18:00:43.731,1.96375,1.96395,2.10,1.60
2008.06.03 18:00:43.847,1.9638,1.964,1.60,2.70
2008.06.03 18:00:44.902,1.96385,1.964,0.60,1.60
2008.06.03 18:00:45.401,1.96385,1.96405,2.10,1.60
2008.06.03 18:00:45.657,1.96395,1.96405,0.60,1.60
2008.06.03 18:00:46.083,1.96395,1.9641,0.60,1.60
2008.06.03 18:00:48.288,1.9639,1.9641,1.00,1.60
2008.06.03 18:00:49.313,1.96395,1.9641,0.60,1.60
2008.06.03 18:00:50.915,1.9639,1.9641,0.80,1.60
2008.06.03 18:00:51.057,1.96395,1.9641,0.60,1.60
2008.06.03 18:00:52.128,1.96395,1.96415,2.10,1.80
2008.06.03 18:00:52.323,1.96395,1.96415,1.60,2.70
2008.06.03 18:00:52.510,1.9639,1.9641,1.90,1.60
2008.06.03 18:00:53.464,1.9639,1.9641,1.10,2.70
2008.06.03 18:00:53.629,1.96385,1.96405,1.60,2.70
2008.06.03 18:00:53.930,1.9639,1.96405,1.60,1.10
2008.06.03 18:00:54.239,1.9639,1.9641,2.10,2.00
2008.06.03 18:00:54.669,1.9639,1.9641,1.10,1.60
2008.06.03 18:01:02.114,1.96395,1.9641,0.60,1.60
2008.06.03 18:01:02.717,1.9639,1.9641,2.20,1.60
2008.06.03 18:01:03.072,1.9639,1.9641,1.90,2.70
2008.06.03 18:01:03.291,1.9639,1.9641,1.60,2.70
2008.06.03 18:01:03.467,1.96385,1.96405,2.10,1.60
2008.06.03 18:01:05.040,1.96385,1.96405,2.10,2.70
2008.06.03 18:01:05.128,1.96385,1.964,1.60,1.10
2008.06.03 18:01:05.285,1.96385,1.96405,1.60,2.70
2008.06.03 18:01:05.367,1.9638,1.964,2.30,1.60
2008.06.03 18:01:05.509,1.96385,1.96405,1.60,2.70
2008.06.03 18:01:05.698,1.96385,1.964,1.60,1.10
2008.06.03 18:01:05.976,1.9638,1.964,1.60,2.70
2008.06.03 18:01:06.449,1.96385,1.964,1.60,1.10
2008.06.03 18:01:06.686,1.96385,1.96405,1.60,2.70
2008.06.03 18:01:07.003,1.9638,1.964,2.10,1.60
2008.06.03 18:01:07.509,1.96385,1.96405,1.60,2.70
2008.06.03 18:01:07.980,1.96385,1.964,0.60,1.60
2008.06.03 18:01:08.280,1.9638,1.964,1.60,2.70
2008.06.03 18:01:08.479,1.9638,1.96395,1.60,1.10
2008.06.03 18:01:08.670,1.96385,1.96395,1.60,1.10
2008.06.03 18:01:08.795,1.96385,1.964,1.60,1.10
2008.06.03 18:01:09.100,1.96385,1.964,0.60,1.60
2008.06.03 18:01:09.302,1.9638,1.964,1.60,2.70
2008.06.03 18:01:09.513,1.96375,1.96395,2.10,1.60
2008.06.03 18:01:09.719,1.96375,1.96395,2.50,1.60
2008.06.03 18:01:10.112,1.96375,1.96395,2.10,1.60
2008.06.03 18:01:10.576,1.9638,1.96395,0.60,1.60
2008.06.03 18:01:10.869,1.96385,1.964,1.60,1.10
2008.06.03 18:01:11.077,1.9638,1.964,1.60,2.70
2008.06.03 18:01:11.269,1.96385,1.964,0.60,1.60
2008.06.03 18:01:12.665,1.9638,1.964,1.60,2.70
2008.06.03 18:01:13.261,1.9638,1.964,2.10,1.60
2008.06.03 18:01:13.412,1.96385,1.96405,1.60,2.70
2008.06.03 18:01:13.544,1.9638,1.964,2.10,1.60
2008.06.03 18:01:13.650,1.9638,1.964,1.60,2.70
2008.06.03 18:01:14.375,1.96385,1.964,1.60,1.10
2008.06.03 18:01:14.777,1.9638,1.964,1.60,2.70
2008.06.03 18:01:15.552,1.96385,1.964,1.60,1.10
2008.06.03 18:01:16.044,1.9638,1.964,1.60,2.70
2008.06.03 18:01:16.163,1.96385,1.964,0.60,1.60
2008.06.03 18:01:16.477,1.96385,1.96405,2.10,2.70
2008.06.03 18:01:22.738,1.96385,1.964,1.60,1.10
2008.06.03 18:01:23.087,1.96385,1.96395,1.60,1.10
2008.06.03 18:01:23.413,1.96375,1.9639,0.50,1.60
2008.06.03 18:01:23.638,1.96375,1.9639,0.50,1.80
2008.06.03 18:01:24.486,1.96375,1.9639,2.50,1.60
2008.06.03 18:01:24.630,1.96375,1.96395,2.10,2.70
2008.06.03 18:01:24.883,1.96375,1.96395,2.10,1.60
2008.06.03 18:01:28.001,1.96385,1.964,1.60,1.10
2008.06.03 18:01:28.348,1.96385,1.96405,2.10,2.70
2008.06.03 18:01:29.220,1.96385,1.96405,2.10,1.60
2008.06.03 18:01:29.672,1.9639,1.9641,1.60,2.70
2008.06.03 18:01:30.365,1.9639,1.96395,1.60,1.10
2008.06.03 18:01:30.535,1.96385,1.96395,1.60,1.10
2008.06.03 18:01:30.624,1.96385,1.96405,2.10,2.70
2008.06.03 18:01:30.706,1.96385,1.96405,2.10,1.00
2008.06.03 18:01:30.929,1.9638,1.964,0.60,2.70
2008.06.03 18:01:31.095,1.9638,1.964,1.60,2.70
2008.06.03 18:01:31.264,1.9638,1.96395,1.60,1.10
2008.06.03 18:01:31.878,1.96375,1.96395,2.10,1.60
2008.06.03 18:01:32.568,1.96375,1.96395,1.60,2.70
2008.06.03 18:01:34.588,1.96375,1.96395,2.10,2.70
2008.06.03 18:01:35.901,1.96375,1.96395,1.60,2.70
2008.06.03 18:01:37.026,1.9638,1.96395,1.60,1.10
2008.06.03 18:01:43.012,1.9638,1.964,1.60,2.70
2008.06.03 18:01:43.369,1.9638,1.96395,1.60,1.10
2008.06.03 18:01:52.909,1.9638,1.964,1.60,2.70
2008.06.03 18:01:55.367,1.9638,1.96395,1.60,1.10
2008.06.03 18:01:57.059,1.96375,1.96395,2.10,2.70
2008.06.03 18:01:57.945,1.9638,1.96395,1.60,1.10
2008.06.03 18:01:59.843,1.9638,1.964,1.60,2.70
2008.06.03 18:02:00.378,1.9638,1.96395,1.60,1.10
2008.06.03 18:02:05.885,1.9638,1.964,2.10,1.60
2008.06.03 18:02:06.050,1.964,1.96405,1.60,1.10
2008.06.03 18:02:06.142,1.964,1.9641,1.60,1.60
2008.06.03 18:02:06.245,1.964,1.96415,1.60,0.50
2008.06.03 18:02:06.469,1.96395,1.9641,0.60,1.60
2008.06.03 18:02:07.527,1.964,1.9641,0.60,1.60
2008.06.03 18:02:07.663,1.964,1.96415,0.60,1.60
2008.06.03 18:02:08.786,1.96395,1.96415,1.60,2.70
2008.06.03 18:02:09.111,1.9639,1.9641,0.60,2.70
2008.06.03 18:02:09.279,1.9639,1.9641,1.60,2.70
2008.06.03 18:02:09.581,1.96385,1.96405,2.10,1.60
2008.06.03 18:02:09.734,1.96395,1.96405,0.60,1.60
2008.06.03 18:02:10.068,1.96395,1.9641,0.60,1.60
2008.06.03 18:02:11.330,1.9639,1.9641,1.60,2.70
2008.06.03 18:02:11.451,1.96385,1.964,0.60,1.60
2008.06.03 18:02:11.582,1.96385,1.96405,2.10,1.60
2008.06.03 18:02:11.719,1.96385,1.96405,1.60,2.70
2008.06.03 18:02:11.864,1.96385,1.964,1.60,1.10
2008.06.03 18:02:12.089,1.9638,1.964,1.60,2.70
2008.06.03 18:02:12.303,1.9638,1.964,2.10,1.60
2008.06.03 18:02:12.527,1.96385,1.964,0.60,1.60
2008.06.03 18:02:12.765,1.9638,1.964,2.50,1.60
2008.06.03 18:02:13.150,1.9638,1.964,2.50,0.50
2008.06.03 18:02:13.871,1.9638,1.964,2.00,1.20
2008.06.03 18:02:14.260,1.9638,1.964,2.50,1.20
2008.06.03 18:02:14.493,1.9638,1.964,2.00,2.30
2008.06.03 18:02:14.617,1.9638,1.96395,0.50,1.60
2008.06.03 18:02:14.760,1.96375,1.96395,2.50,1.60
2008.06.03 18:02:14.983,1.96375,1.96395,2.50,2.70
2008.06.03 18:02:15.169,1.96375,1.96395,2.00,2.70
2008.06.03 18:02:16.887,1.96375,1.96395,2.50,2.70
2008.06.03 18:02:17.537,1.96375,1.96395,2.50,1.60
2008.06.03 18:02:17.871,1.96375,1.96395,2.50,2.70
2008.06.03 18:02:17.993,1.96375,1.96395,2.10,2.70
2008.06.03 18:02:18.130,1.96375,1.96395,1.60,2.70
2008.06.03 18:02:22.504,1.96375,1.96395,2.10,2.70
2008.06.03 18:02:22.584,1.9638,1.96395,1.60,1.10
2008.06.03 18:02:22.825,1.9638,1.964,1.60,1.50
2008.06.03 18:02:26.553,1.96375,1.9639,0.50,1.60
2008.06.03 18:02:27.212,1.96375,1.9639,0.50,0.90
2008.06.03 18:02:29.586,1.96375,1.9639,0.90,1.40
2008.06.03 18:02:29.802,1.96375,1.9639,0.50,0.60
2008.06.03 18:02:29.960,1.96375,1.9639,0.90,1.60
2008.06.03 18:02:30.184,1.96375,1.9639,2.50,1.60
2008.06.03 18:02:30.267,1.9638,1.9639,0.50,1.60
2008.06.03 18:02:30.736,1.9638,1.96395,0.50,1.60
2008.06.03 18:02:30.865,1.9638,1.96395,0.50,2.70
2008.06.03 18:02:31.296,1.96375,1.96395,2.50,2.70
2008.06.03 18:02:32.838,1.96375,1.96395,2.50,1.60
2008.06.03 18:02:33.922,1.9639,1.964,1.60,2.70
2008.06.03 18:02:34.027,1.9639,1.964,1.60,1.60
2008.06.03 18:02:34.158,1.96385,1.96405,2.10,1.00
2008.06.03 18:02:34.308,1.96385,1.96405,2.10,2.70
2008.06.03 18:02:34.414,1.96385,1.96395,1.60,1.10
2008.06.03 18:02:34.513,1.9638,1.9639,2.50,1.60
2008.06.03 18:02:34.716,1.9638,1.9639,2.00,1.60
2008.06.03 18:02:34.859,1.96375,1.9639,0.50,1.70
2008.06.03 18:02:35.034,1.96375,1.9639,0.90,1.90
2008.06.03 18:02:35.149,1.96385,1.964,1.60,1.10
2008.06.03 18:02:36.424,1.96385,1.96405,2.10,2.70
2008.06.03 18:02:36.550,1.9639,1.96405,1.60,1.10
2008.06.03 18:02:37.537,1.9639,1.9641,1.60,2.70
2008.06.03 18:02:39.058,1.96385,1.964,0.60,1.60
2008.06.03 18:02:39.155,1.9638,1.964,2.50,1.60
2008.06.03 18:02:39.681,1.9638,1.964,2.50,0.70
2008.06.03 18:02:42.386,1.9638,1.964,2.00,1.40
2008.06.03 18:02:42.560,1.96375,1.96395,2.10,1.60
2008.06.03 18:02:43.831,1.9638,1.96395,0.60,1.60
2008.06.03 18:02:44.177,1.9638,1.964,2.10,0.60
2008.06.03 18:02:46.442,1.9638,1.964,2.50,1.10
2008.06.03 18:02:46.686,1.9638,1.964,2.00,0.90
2008.06.03 18:02:46.922,1.9638,1.964,1.60,2.20
2008.06.03 18:02:47.160,1.96375,1.96395,2.50,1.60
2008.06.03 18:02:47.404,1.96375,1.96395,2.10,1.60
2008.06.03 18:02:47.987,1.9638,1.96395,0.60,1.60
2008.06.03 18:02:48.161,1.9638,1.964,2.50,1.30
2008.06.03 18:02:48.357,1.96385,1.964,0.60,1.00
2008.06.03 18:02:48.862,1.9638,1.964,2.50,1.20
2008.06.03 18:02:55.062,1.9638,1.964,2.10,1.30
2008.06.03 18:02:55.225,1.9638,1.964,1.60,0.50
2008.06.03 18:02:55.328,1.96375,1.96395,2.50,1.60
2008.06.03 18:02:55.463,1.9638,1.964,1.60,2.10
2008.06.03 18:02:55.582,1.9638,1.964,2.10,0.60
2008.06.03 18:02:55.663,1.9638,1.964,2.50,0.90
2008.06.03 18:02:55.851,1.9638,1.964,2.10,1.30
2008.06.03 18:02:56.295,1.9638,1.964,1.60,1.10
2008.06.03 18:02:57.017,1.9638,1.964,2.10,0.60
2008.06.03 18:03:28.382,1.9638,1.964,1.60,2.00
2008.06.03 18:03:30.489,1.9638,1.964,2.10,1.30
2008.06.03 18:03:32.089,1.9638,1.96395,0.60,1.60
2008.06.03 18:03:32.196,1.96375,1.96395,2.50,1.60
2008.06.03 18:03:32.661,1.9638,1.96395,0.60,1.60
2008.06.03 18:03:32.772,1.9638,1.964,2.10,1.20
2008.06.03 18:03:32.875,1.9638,1.964,2.50,1.60
2008.06.03 18:03:34.679,1.96385,1.964,1.60,1.60
2008.06.03 18:03:34.856,1.96385,1.96405,2.10,2.00
2008.06.03 18:03:35.006,1.96385,1.96405,2.10,1.60
2008.06.03 18:03:35.253,1.9639,1.9641,1.60,2.70
2008.06.03 18:03:37.370,1.9639,1.96405,1.60,1.10
2008.06.03 18:03:38.010,1.96385,1.96395,1.60,1.10
2008.06.03 18:03:38.235,1.9638,1.9639,1.60,1.10
2008.06.03 18:03:38.876,1.96375,1.9639,1.60,1.10
2008.06.03 18:03:39.882,1.9638,1.9639,1.60,1.10
2008.06.03 18:03:40.303,1.9638,1.964,1.60,2.70
2008.06.03 18:03:41.285,1.96385,1.96405,1.60,2.70
2008.06.03 18:03:41.590,1.96385,1.96405,2.10,2.70
2008.06.03 18:03:41.798,1.9639,1.96405,1.60,1.10
2008.06.03 18:03:41.983,1.9639,1.9641,1.60,0.60
2008.06.03 18:03:42.195,1.9639,1.9641,1.60,2.70
2008.06.03 18:03:43.187,1.9639,1.9641,2.10,1.60
2008.06.03 18:03:43.356,1.96395,1.9641,0.60,1.60
2008.06.03 18:03:43.875,1.964,1.96415,0.60,1.60
2008.06.03 18:03:45.157,1.96395,1.96415,2.10,1.60
2008.06.03 18:03:45.728,1.96395,1.96415,1.60,2.70
2008.06.03 18:03:45.936,1.9639,1.9641,0.70,1.60
2008.06.03 18:03:46.316,1.96395,1.9641,0.60,1.60
2008.06.03 18:03:47.125,1.96395,1.9641,0.60,2.00
2008.06.03 18:03:47.370,1.96385,1.9639,1.90,2.70
2008.06.03 18:03:47.541,1.96375,1.9639,0.50,2.50
2008.06.03 18:03:47.709,1.96375,1.96385,0.50,1.60
2008.06.03 18:03:47.878,1.9637,1.9639,1.60,1.50
2008.06.03 18:03:48.026,1.9637,1.96385,1.60,1.10
2008.06.03 18:03:48.155,1.96365,1.96385,2.00,2.70
2008.06.03 18:03:51.902,1.96365,1.96385,2.50,1.60
2008.06.03 18:03:52.215,1.9637,1.96385,1.60,1.10
2008.06.03 18:03:52.588,1.9637,1.9639,2.10,2.70
2008.06.03 18:03:52.800,1.96375,1.9639,1.60,1.10
2008.06.03 18:03:53.266,1.9638,1.96395,1.60,1.10
2008.06.03 18:03:54.669,1.96375,1.96395,1.60,2.70
2008.06.03 18:03:56.123,1.96375,1.96385,1.60,1.10
2008.06.03 18:03:56.316,1.96375,1.9639,1.60,1.10
2008.06.03 18:03:56.981,1.96375,1.96395,2.10,2.70
2008.06.03 18:03:57.188,1.96375,1.9639,1.60,1.10
2008.06.03 18:03:57.331,1.9638,1.9639,1.60,1.10
2008.06.03 18:03:58.480,1.9638,1.964,1.60,2.70
2008.06.03 18:03:59.697,1.96385,1.964,1.60,1.10
2008.06.03 18:03:59.817,1.9638,1.964,1.60,2.70
2008.06.03 18:04:00.882,1.96385,1.964,0.60,1.60
2008.06.03 18:04:01.252,1.96385,1.96405,2.10,2.70
2008.06.03 18:04:04.491,1.96385,1.96405,2.10,1.60
2008.06.03 18:04:05.130,1.96385,1.96405,1.60,2.70
2008.06.03 18:04:05.201,1.9638,1.964,2.10,1.60
2008.06.03 18:04:05.810,1.9638,1.964,2.10,2.00
2008.06.03 18:04:13.193,1.9638,1.9639,0.60,1.60
2008.06.03 18:04:13.310,1.96375,1.9639,0.90,1.60
2008.06.03 18:04:13.828,1.96375,1.9639,0.90,1.20
2008.06.03 18:04:14.086,1.96375,1.9639,0.50,1.00
2008.06.03 18:04:14.504,1.96375,1.9639,0.50,2.30
2008.06.03 18:04:15.027,1.9637,1.9639,2.50,1.10
2008.06.03 18:04:15.156,1.9637,1.96385,2.00,1.10
2008.06.03 18:04:15.281,1.9637,1.96385,1.60,1.10
2008.06.03 18:04:15.550,1.9637,1.9639,1.60,1.40
2008.06.03 18:04:15.769,1.9637,1.96385,1.60,1.10
2008.06.03 18:04:20.718,1.96365,1.96385,2.00,2.70
2008.06.03 18:04:22.366,1.96365,1.96385,1.60,2.70
2008.06.03 18:04:23.696,1.9637,1.96385,1.60,1.10
2008.06.03 18:04:23.916,1.9637,1.9639,1.60,1.80
2008.06.03 18:04:25.284,1.96375,1.9639,1.60,1.10
2008.06.03 18:04:30.414,1.96375,1.96385,1.60,1.10
2008.06.03 18:04:30.869,1.9637,1.96385,1.60,1.10
2008.06.03 18:04:34.258,1.96375,1.96385,1.60,1.10
2008.06.03 18:04:34.351,1.96375,1.9639,1.60,1.10
2008.06.03 18:04:35.956,1.96375,1.96385,1.60,1.10
2008.06.03 18:04:36.486,1.96375,1.9639,1.60,1.10
2008.06.03 18:04:36.630,1.96375,1.96385,1.60,1.10
2008.06.03 18:04:36.943,1.96375,1.9639,1.60,1.10
2008.06.03 18:04:37.236,1.96375,1.96385,1.60,1.10
2008.06.03 18:04:37.338,1.96375,1.9639,1.60,1.10
2008.06.03 18:04:37.851,1.96375,1.96385,1.60,1.10
2008.06.03 18:04:38.282,1.9637,1.96385,1.60,1.10
2008.06.03 18:04:39.368,1.96365,1.96385,1.60,2.70
2008.06.03 18:04:40.172,1.96365,1.9638,1.60,1.10
2008.06.03 18:04:40.334,1.9636,1.9638,1.50,2.70
2008.06.03 18:04:40.810,1.96365,1.9638,1.60,1.10
2008.06.03 18:04:40.937,1.96365,1.96385,1.60,2.70
2008.06.03 18:04:41.327,1.9636,1.9638,0.90,2.70
2008.06.03 18:04:41.490,1.96365,1.9638,1.60,1.10
2008.06.03 18:04:42.037,1.96365,1.96385,1.60,2.70
2008.06.03 18:04:43.625,1.9636,1.9638,0.80,2.70
2008.06.03 18:04:44.540,1.9636,1.9637,2.00,1.10
2008.06.03 18:04:44.757,1.96355,1.96365,1.60,1.10
2008.06.03 18:04:44.968,1.96345,1.9636,1.60,1.10
2008.06.03 18:04:45.835,1.96345,1.96365,1.60,2.70
2008.06.03 18:04:46.069,1.9635,1.9637,2.10,2.70
2008.06.03 18:04:46.432,1.96355,1.9637,1.60,1.10
2008.06.03 18:04:48.110,1.96355,1.96375,1.60,2.70
2008.06.03 18:04:48.444,1.96355,1.9637,1.60,1.10
2008.06.03 18:04:52.140,1.96355,1.96375,1.60,2.70
2008.06.03 18:04:52.478,1.9636,1.9637,1.60,1.10
2008.06.03 18:04:52.662,1.9636,1.96375,1.60,1.10
2008.06.03 18:04:52.816,1.96355,1.96375,2.10,1.60
2008.06.03 18:04:52.961,1.9636,1.9638,1.60,2.70
2008.06.03 18:04:53.239,1.9636,1.96375,1.60,1.10
2008.06.03 18:04:55.229,1.96365,1.96375,1.60,1.10
2008.06.03 18:04:55.546,1.96365,1.9638,1.60,1.10
2008.06.03 18:05:00.419,1.96365,1.96385,1.60,2.70
2008.06.03 18:05:00.958,1.9637,1.96385,0.60,1.60
2008.06.03 18:05:01.385,1.96375,1.9639,1.60,1.10
2008.06.03 18:05:01.455,1.96375,1.96395,2.10,2.70
2008.06.03 18:05:01.847,1.9638,1.964,1.60,2.70
2008.06.03 18:05:02.625,1.96375,1.96395,2.10,1.60
2008.06.03 18:05:02.814,1.9638,1.96395,0.60,1.60
2008.06.03 18:05:03.046,1.9638,1.964,2.50,1.20
2008.06.03 18:05:05.663,1.9638,1.964,2.10,0.90
2008.06.03 18:05:07.830,1.9638,1.964,1.60,2.40
2008.06.03 18:05:07.973,1.9638,1.964,1.60,2.20
2008.06.03 18:05:08.245,1.9638,1.96395,1.60,1.10
2008.06.03 18:05:08.393,1.96375,1.9639,0.50,1.60
2008.06.03 18:05:08.581,1.96375,1.96385,0.50,1.10
2008.06.03 18:05:08.765,1.9637,1.96385,1.60,1.10
2008.06.03 18:05:09.203,1.9637,1.9638,1.60,1.10
2008.06.03 18:05:09.360,1.96365,1.9638,1.60,1.10
2008.06.03 18:05:09.520,1.96365,1.96385,1.60,2.70
2008.06.03 18:05:09.695,1.96365,1.9638,1.60,1.10
2008.06.03 18:05:10.035,1.96365,1.96385,1.60,2.70
2008.06.03 18:05:11.899,1.96365,1.96385,2.10,1.60
2008.06.03 18:05:13.053,1.96365,1.96385,1.60,2.70
2008.06.03 18:05:13.568,1.9636,1.9638,1.80,1.60
2008.06.03 18:05:23.455,1.9636,1.9638,1.10,2.70
2008.06.03 18:05:24.178,1.9636,1.9638,1.70,1.60
2008.06.03 18:05:24.246,1.9636,1.9638,1.40,2.70
2008.06.03 18:05:24.358,1.9636,1.9638,1.80,1.60
2008.06.03 18:05:26.261,1.9636,1.96375,2.00,1.10
2008.06.03 18:05:26.402,1.9636,1.96375,2.00,2.70
2008.06.03 18:05:26.953,1.96355,1.96375,2.00,2.70
2008.06.03 18:05:30.851,1.96355,1.9637,2.00,1.10
2008.06.03 18:05:30.934,1.96355,1.9637,0.50,2.30
2008.06.03 18:05:31.319,1.96355,1.9637,2.00,2.70
2008.06.03 18:05:31.417,1.96355,1.9637,2.00,1.60
2008.06.03 18:05:31.566,1.96355,1.9637,1.60,1.60
2008.06.03 18:05:31.627,1.96355,1.96375,1.60,2.70
2008.06.03 18:05:32.143,1.96355,1.96375,2.00,2.70
2008.06.03 18:05:40.039,1.9636,1.9638,2.10,0.70
2008.06.03 18:05:41.622,1.9636,1.9638,1.60,2.70
2008.06.03 18:05:42.176,1.9636,1.9638,2.10,1.60
2008.06.03 18:05:43.603,1.9636,1.9638,1.60,2.70
2008.06.03 18:05:43.970,1.9636,1.9638,2.10,2.30
2008.06.03 18:05:44.077,1.9636,1.9638,1.60,0.70
2008.06.03 18:05:44.517,1.9636,1.9638,2.10,0.60
2008.06.03 18:05:45.568,1.9636,1.9638,1.60,2.00
2008.06.03 18:05:45.707,1.9636,1.9638,0.60,1.60
2008.06.03 18:05:50.968,1.96365,1.9638,0.60,1.60
2008.06.03 18:05:51.617,1.96365,1.96385,2.10,1.60
2008.06.03 18:05:52.856,1.9637,1.96385,0.60,1.60
2008.06.03 18:05:53.044,1.9637,1.9639,2.10,1.00
2008.06.03 18:05:54.272,1.9637,1.9639,2.10,1.30
2008.06.03 18:05:56.484,1.96375,1.9639,0.60,1.00
2008.06.03 18:05:56.694,1.96375,1.9639,0.60,0.80
2008.06.03 18:05:56.879,1.96375,1.9639,2.10,1.60
2008.06.03 18:05:57.216,1.96375,1.96395,2.10,0.90
2008.06.03 18:06:00.151,1.96375,1.96395,1.60,1.00
2008.06.03 18:06:01.240,1.96375,1.96395,2.10,1.60
2008.06.03 18:06:03.939,1.9637,1.9639,0.80,2.70
2008.06.03 18:06:04.146,1.9637,1.96385,1.60,1.10
2008.06.03 18:06:05.042,1.96365,1.96385,2.10,2.70
2008.06.03 18:06:05.190,1.96365,1.96385,1.60,2.70
2008.06.03 18:06:05.343,1.96365,1.96385,2.10,2.70
2008.06.03 18:06:05.633,1.96365,1.96385,1.60,2.70
2008.06.03 18:06:05.908,1.96365,1.96385,2.10,2.70
2008.06.03 18:06:10.442,1.9637,1.96385,0.60,1.60
2008.06.03 18:06:10.620,1.9637,1.9639,2.10,0.80
2008.06.03 18:06:12.123,1.9637,1.9639,2.50,2.40
2008.06.03 18:06:13.398,1.9637,1.9639,2.50,1.40
2008.06.03 18:06:13.538,1.9637,1.9639,1.40,1.60
2008.06.03 18:06:13.576,1.9637,1.9639,2.20,1.60
2008.06.03 18:06:14.482,1.96375,1.96395,1.60,2.70
2008.06.03 18:06:15.561,1.9637,1.9639,0.70,1.60
2008.06.03 18:06:15.652,1.9637,1.9639,0.50,1.60
2008.06.03 18:06:17.023,1.96375,1.96395,1.60,2.70
2008.06.03 18:06:17.596,1.96375,1.9639,1.60,1.10
2008.06.03 18:06:17.841,1.96375,1.96395,1.60,2.70
2008.06.03 18:06:18.068,1.9637,1.9639,2.40,1.60
2008.06.03 18:06:19.525,1.9637,1.9639,1.70,2.70
2008.06.03 18:06:19.636,1.9637,1.9639,1.60,2.70
2008.06.03 18:06:20.282,1.9637,1.96385,1.60,1.10
2008.06.03 18:06:20.561,1.9637,1.9639,1.60,2.70
2008.06.03 18:06:20.852,1.9637,1.9639,2.10,2.70
2008.06.03 18:06:21.058,1.9637,1.9639,1.60,2.70
2008.06.03 18:06:23.033,1.9637,1.9639,2.10,2.70
2008.06.03 18:06:24.715,1.9637,1.9639,1.60,2.70
2008.06.03 18:06:25.056,1.96365,1.96385,2.10,1.60
2008.06.03 18:06:27.509,1.9637,1.9639,1.60,2.70
2008.06.03 18:06:27.651,1.9637,1.9639,2.10,2.70
2008.06.03 18:06:27.771,1.9637,1.9639,2.10,1.60
2008.06.03 18:06:28.086,1.9637,1.9639,2.30,1.60
2008.06.03 18:06:36.200,1.96375,1.9639,0.60,1.60
2008.06.03 18:06:41.284,1.96375,1.9639,0.60,1.60
2008.06.03 18:06:42.082,1.9637,1.9639,1.80,1.60
2008.06.03 18:06:54.067,1.96375,1.96395,1.60,2.70
2008.06.03 18:06:56.517,1.9637,1.9639,0.50,1.60
2008.06.03 18:06:57.133,1.9637,1.9639,1.40,2.70
2008.06.03 18:06:59.396,1.9637,1.96385,1.70,1.10
2008.06.03 18:06:59.848,1.9637,1.9639,0.50,0.60
2008.06.03 18:07:00.088,1.9637,1.9639,1.60,1.30
2008.06.03 18:07:00.618,1.9637,1.9639,2.10,2.60
2008.06.03 18:07:00.932,1.9637,1.9639,1.60,1.80
2008.06.03 18:07:02.161,1.9637,1.9639,1.60,1.70
2008.06.03 18:07:02.371,1.9637,1.9639,0.60,2.70
2008.06.03 18:07:03.458,1.9637,1.9639,0.50,1.60
2008.06.03 18:07:03.664,1.96375,1.96395,1.60,2.70
2008.06.03 18:07:03.883,1.96375,1.96395,2.10,1.60
2008.06.03 18:07:04.121,1.9638,1.96395,0.60,1.60
2008.06.03 18:07:04.317,1.9638,1.964,2.10,1.00
2008.06.03 18:07:04.478,1.9638,1.964,2.10,1.60
2008.06.03 18:07:04.810,1.9638,1.964,2.50,0.90
2008.06.03 18:07:05.371,1.9638,1.964,1.60,2.10
2008.06.03 18:07:06.285,1.9638,1.964,1.60,0.60
2008.06.03 18:07:06.727,1.96375,1.96395,2.10,1.60
2008.06.03 18:07:07.196,1.9638,1.964,1.60,1.60
2008.06.03 18:07:07.653,1.96375,1.96395,2.10,1.60
2008.06.03 18:07:08.160,1.96375,1.96395,2.10,2.70
2008.06.03 18:07:08.619,1.96375,1.96395,1.60,2.70
2008.06.03 18:07:13.503,1.96375,1.96395,2.10,2.70
2008.06.03 18:07:14.720,1.96375,1.96395,1.60,2.70
2008.06.03 18:07:15.046,1.96375,1.9639,1.60,1.10
2008.06.03 18:07:16.605,1.9638,1.96395,1.60,1.10
2008.06.03 18:07:16.821,1.9638,1.964,1.60,0.70
2008.06.03 18:07:39.793,1.9638,1.964,2.10,0.50
2008.06.03 18:07:39.959,1.9638,1.964,2.50,1.10
2008.06.03 18:07:40.956,1.9638,1.964,2.00,0.90
2008.06.03 18:07:42.873,1.9638,1.964,1.60,0.90
2008.06.03 18:08:02.580,1.9638,1.964,1.60,1.00
2008.06.03 18:08:13.074,1.9638,1.964,1.60,2.70
2008.06.03 18:08:16.674,1.96375,1.964,0.90,1.10
2008.06.03 18:08:28.852,1.9638,1.96405,0.60,1.50
2008.06.03 18:08:29.049,1.9638,1.96405,0.90,1.50
2008.06.03 18:08:29.504,1.9638,1.964,0.50,1.10
2008.06.03 18:08:30.268,1.9638,1.96405,0.90,1.50
2008.06.03 18:08:32.211,1.96385,1.96405,0.60,1.50
2008.06.03 18:08:32.424,1.96385,1.96405,2.10,1.20
2008.06.03 18:08:32.654,1.96385,1.96405,2.10,2.70
2008.06.03 18:08:35.349,1.9638,1.964,2.00,2.20
2008.06.03 18:08:35.554,1.9638,1.964,1.60,2.00
2008.06.03 18:08:38.523,1.9638,1.964,2.00,0.80
2008.06.03 18:08:41.231,1.96385,1.964,2.10,1.60
2008.06.03 18:08:41.864,1.96385,1.96405,2.10,2.70
2008.06.03 18:08:42.512,1.96385,1.96405,2.50,2.70
2008.06.03 18:08:43.145,1.96385,1.96405,2.00,2.70
2008.06.03 18:08:43.450,1.96385,1.96405,2.50,2.70
2008.06.03 18:08:43.841,1.96385,1.96405,2.00,2.70
2008.06.03 18:08:44.137,1.96385,1.96405,2.50,2.70
2008.06.03 18:08:47.064,1.96385,1.96405,2.50,1.60
2008.06.03 18:08:49.469,1.9639,1.9641,1.60,1.10
2008.06.03 18:08:49.655,1.9639,1.9641,2.50,1.30
2008.06.03 18:08:50.311,1.96395,1.9641,2.10,1.60
2008.06.03 18:08:50.851,1.96395,1.96415,2.10,2.70
2008.06.03 18:08:54.960,1.96395,1.96415,2.10,1.60
2008.06.03 18:08:55.152,1.96395,1.96415,2.10,2.70
2008.06.03 18:08:56.692,1.96395,1.96415,2.10,1.60
2008.06.03 18:08:58.451,1.96395,1.96415,2.10,2.70
2008.06.03 18:08:58.732,1.96395,1.9641,0.60,1.60
2008.06.03 18:08:58.896,1.9639,1.9641,0.80,1.60
2008.06.03 18:08:59.024,1.9639,1.9641,2.50,0.50
2008.06.03 18:08:59.902,1.96395,1.9641,0.60,1.50
2008.06.03 18:09:00.100,1.96395,1.9641,2.10,1.60
2008.06.03 18:09:00.474,1.96395,1.96415,2.10,1.10
2008.06.03 18:09:04.422,1.96395,1.9642,2.10,2.70
2008.06.03 18:09:04.959,1.96395,1.9642,2.50,0.80
2008.06.03 18:09:06.526,1.96395,1.9642,2.10,2.40
2008.06.03 18:09:06.590,1.96395,1.96415,2.10,1.10
2008.06.03 18:09:09.039,1.96395,1.96415,2.50,1.10
2008.06.03 18:09:19.622,1.96395,1.9642,2.50,1.70
2008.06.03 18:09:23.597,1.96395,1.96415,2.50,1.10
2008.06.03 18:09:23.818,1.96395,1.9642,2.50,1.70
2008.06.03 18:09:24.682,1.96395,1.96415,2.50,1.10
2008.06.03 18:09:33.513,1.96395,1.9641,2.50,1.60
2008.06.03 18:09:44.046,1.96395,1.9641,2.00,2.70
2008.06.03 18:09:44.129,1.96395,1.9641,1.60,2.70
2008.06.03 18:09:44.240,1.96395,1.9641,1.60,0.70
2008.06.03 18:09:44.353,1.96395,1.9641,0.60,0.90
2008.06.03 18:09:44.597,1.96385,1.96405,2.50,1.10
2008.06.03 18:09:44.811,1.96385,1.964,2.50,1.60
2008.06.03 18:09:44.929,1.9639,1.964,1.60,1.60
2008.06.03 18:09:45.132,1.9639,1.964,2.10,1.60
2008.06.03 18:09:45.820,1.9639,1.964,1.60,1.60
2008.06.03 18:09:46.378,1.9639,1.964,2.10,1.60
2008.06.03 18:10:08.324,1.9639,1.9641,2.10,1.60
2008.06.03 18:10:09.882,1.9639,1.9641,1.60,2.70
2008.06.03 18:10:13.695,1.9639,1.9641,1.60,1.20
2008.06.03 18:10:25.375,1.9639,1.964,1.60,1.60
2008.06.03 18:10:25.606,1.9639,1.9641,1.60,1.00
2008.06.03 18:10:36.005,1.96385,1.9641,2.50,2.40
2008.06.03 18:10:36.298,1.96385,1.96405,2.10,0.50
2008.06.03 18:10:36.484,1.96385,1.96405,2.10,1.50
2008.06.03 18:10:36.678,1.96385,1.964,2.10,1.60
2008.06.03 18:10:52.731,1.96385,1.964,1.60,1.60
2008.06.03 18:10:53.063,1.9638,1.964,2.10,1.60
2008.06.03 18:10:53.239,1.9638,1.964,1.60,1.50
2008.06.03 18:10:53.557,1.96385,1.964,1.60,2.00
2008.06.03 18:10:53.722,1.96385,1.964,1.60,1.60
2008.06.03 18:10:55.363,1.96385,1.964,2.10,1.60
2008.06.03 18:11:00.480,1.96385,1.9639,2.10,1.60
2008.06.03 18:11:03.845,1.96385,1.964,2.10,1.60
2008.06.03 18:11:04.243,1.96385,1.964,2.50,1.60
2008.06.03 18:11:04.723,1.96385,1.964,2.10,1.60
2008.06.03 18:11:04.876,1.96385,1.964,1.60,1.60
2008.06.03 18:11:05.007,1.9638,1.964,0.90,0.50
2008.06.03 18:11:05.272,1.96375,1.9639,2.50,1.60
2008.06.03 18:11:05.518,1.96375,1.9639,2.10,1.60
2008.06.03 18:11:07.593,1.96365,1.9638,2.50,1.60
2008.06.03 18:11:17.729,1.9637,1.9638,0.60,1.60
2008.06.03 18:11:18.049,1.96365,1.9638,2.10,1.60
2008.06.03 18:11:18.354,1.9637,1.9638,1.60,1.60
2008.06.03 18:11:18.488,1.96365,1.9638,2.10,1.60
2008.06.03 18:11:18.724,1.96365,1.9638,2.50,1.60
2008.06.03 18:11:23.939,1.9637,1.9638,0.60,1.60
2008.06.03 18:11:24.063,1.9637,1.9638,2.10,1.60
2008.06.03 18:11:24.165,1.9637,1.9638,2.50,1.60
2008.06.03 18:11:24.277,1.9637,1.9638,2.10,1.60
2008.06.03 18:11:24.532,1.9637,1.9638,1.60,1.60
2008.06.03 18:11:24.632,1.96365,1.9638,2.10,1.60
2008.06.03 18:11:26.576,1.96365,1.9638,2.50,1.60
2008.06.03 18:11:29.466,1.96365,1.9638,2.00,2.70
2008.06.03 18:11:29.599,1.96365,1.9638,0.50,2.70
2008.06.03 18:11:29.725,1.96365,1.9637,0.50,1.60
2008.06.03 18:11:29.757,1.96365,1.9637,0.50,1.60
2008.06.03 18:11:29.855,1.9636,1.9637,2.50,1.60
2008.06.03 18:11:30.867,1.9636,1.9637,2.10,1.60
2008.06.03 18:11:32.249,1.9636,1.9637,2.50,1.60
2008.06.03 18:11:32.442,1.9636,1.9637,2.00,1.60
2008.06.03 18:11:32.870,1.9636,1.9637,2.50,1.60
2008.06.03 18:11:36.438,1.9636,1.9637,2.00,1.60
2008.06.03 18:11:36.844,1.9636,1.9638,2.00,2.70
2008.06.03 18:11:37.829,1.9636,1.9638,1.60,2.70
2008.06.03 18:11:40.909,1.9636,1.9638,2.10,1.60
2008.06.03 18:11:41.629,1.9636,1.9638,1.60,2.70
2008.06.03 18:11:45.815,1.9636,1.9638,2.10,1.60
2008.06.03 18:11:46.821,1.9636,1.9638,1.60,2.70
2008.06.03 18:11:47.673,1.9636,1.9638,2.10,1.60
2008.06.03 18:11:47.863,1.9636,1.9638,1.60,2.70
2008.06.03 18:11:48.630,1.9636,1.9638,2.10,1.60
2008.06.03 18:11:49.126,1.9636,1.9638,1.60,2.70
2008.06.03 18:11:59.806,1.9636,1.9638,2.10,2.70
2008.06.03 18:12:02.920,1.9636,1.9638,1.60,2.70
2008.06.03 18:12:03.101,1.9636,1.9638,2.10,2.70
2008.06.03 18:12:04.402,1.9636,1.9638,1.60,2.70
2008.06.03 18:12:04.622,1.9636,1.9638,2.10,2.70
2008.06.03 18:12:05.380,1.9636,1.9638,1.60,2.70
2008.06.03 18:12:05.712,1.9636,1.9638,2.10,2.70
2008.06.03 18:12:06.366,1.9636,1.9638,1.60,2.70
2008.06.03 18:12:06.756,1.9636,1.9638,2.10,2.70
2008.06.03 18:12:06.949,1.9636,1.9638,1.60,2.70
2008.06.03 18:12:07.300,1.9636,1.9638,2.10,2.70
2008.06.03 18:12:07.564,1.9636,1.9638,1.60,2.70
2008.06.03 18:12:07.826,1.9636,1.9638,1.60,1.30
2008.06.03 18:12:11.338,1.9636,1.9638,2.10,0.50
2008.06.03 18:12:15.149,1.96365,1.9638,1.60,1.00
2008.06.03 18:12:15.244,1.96365,1.9638,1.60,2.00
2008.06.03 18:12:15.325,1.96365,1.9638,1.60,1.60
2008.06.03 18:12:15.621,1.96365,1.96385,1.60,1.50
2008.06.03 18:12:29.273,1.9636,1.9638,0.80,1.10
2008.06.03 18:12:29.441,1.9636,1.9638,1.80,1.50
2008.06.03 18:12:29.622,1.9636,1.96375,1.60,1.10
2008.06.03 18:12:29.797,1.9636,1.96375,2.00,1.10
2008.06.03 18:12:29.913,1.9636,1.96375,2.00,1.50
2008.06.03 18:12:30.391,1.96355,1.96375,1.60,1.50
2008.06.03 18:12:32.184,1.96355,1.96375,2.00,1.50
2008.06.03 18:12:32.348,1.9636,1.96375,1.60,1.50
2008.06.03 18:12:32.385,1.9636,1.96375,1.60,1.10
2008.06.03 18:12:32.433,1.9636,1.9638,1.60,1.30
2008.06.03 18:13:05.870,1.9636,1.96375,1.60,1.10
2008.06.03 18:13:08.343,1.9636,1.9638,1.60,0.80
2008.06.03 18:13:13.756,1.9636,1.9638,2.10,2.00
2008.06.03 18:13:13.831,1.96365,1.9638,1.60,2.00
2008.06.03 18:13:13.909,1.96365,1.9638,1.60,1.60
2008.06.03 18:13:14.225,1.96365,1.96385,1.60,1.50
2008.06.03 18:13:21.263,1.9637,1.96385,1.60,1.50
2008.06.03 18:13:21.361,1.9637,1.96385,1.60,0.50
2008.06.03 18:13:21.464,1.9637,1.9639,1.60,1.30
2008.06.03 18:13:21.657,1.9637,1.9639,2.10,1.50
2008.06.03 18:13:21.846,1.9638,1.9639,1.60,0.70
2008.06.03 18:13:22.034,1.9638,1.96405,0.70,1.20
2008.06.03 18:13:22.389,1.9638,1.964,0.60,1.60
2008.06.03 18:13:22.745,1.9638,1.964,1.30,1.90
2008.06.03 18:13:23.101,1.9638,1.964,1.60,2.50
2008.06.03 18:13:23.200,1.96385,1.964,1.60,2.80
2008.06.03 18:13:23.380,1.9638,1.964,1.60,1.10
2008.06.03 18:13:25.728,1.96385,1.964,1.60,1.10
2008.06.03 18:13:25.864,1.96385,1.96395,1.60,1.10
2008.06.03 18:13:26.227,1.96375,1.96395,1.60,1.10
2008.06.03 18:13:26.804,1.9638,1.96395,1.60,1.10
2008.06.03 18:13:38.920,1.96375,1.96395,1.60,1.10
2008.06.03 18:13:39.046,1.96375,1.964,2.10,2.80
2008.06.03 18:13:39.275,1.96385,1.964,1.60,1.20
2008.06.03 18:13:39.395,1.96385,1.964,1.60,0.10
2008.06.03 18:13:39.481,1.96385,1.96405,1.60,1.50
2008.06.03 18:13:42.889,1.96385,1.96405,1.60,1.30
2008.06.03 18:13:42.944,1.96385,1.964,1.60,1.10
2008.06.03 18:13:43.112,1.96385,1.96405,2.10,1.60
2008.06.03 18:13:43.238,1.9638,1.964,1.60,1.10
2008.06.03 18:13:43.451,1.9638,1.96405,2.10,2.70
2008.06.03 18:13:43.977,1.96385,1.96405,1.60,1.10
2008.06.03 18:13:44.360,1.9638,1.96405,2.00,2.70
2008.06.03 18:13:47.239,1.9638,1.964,1.70,1.10
2008.06.03 18:13:47.373,1.96385,1.964,1.60,1.10
2008.06.03 18:13:50.732,1.9638,1.964,2.40,1.10
2008.06.03 18:14:03.513,1.9638,1.964,2.90,0.05
2008.06.03 18:14:03.574,1.9638,1.96405,2.90,2.70
2008.06.03 18:14:03.954,1.9638,1.96405,2.70,2.70
2008.06.03 18:14:06.835,1.9638,1.964,0.70,1.10
2008.06.03 18:14:06.960,1.9638,1.964,2.40,1.10
2008.06.03 18:14:07.172,1.9638,1.964,2.40,1.10
2008.06.03 18:14:09.903,1.9638,1.964,2.90,0.05
2008.06.03 18:14:10.144,1.9638,1.96405,2.90,2.70
2008.06.03 18:14:10.481,1.9638,1.96405,0.80,2.70
2008.06.03 18:14:15.576,1.9638,1.964,1.30,1.10
2008.06.03 18:14:17.058,1.9638,1.96405,1.40,2.70
2008.06.03 18:14:21.110,1.9638,1.964,2.40,1.10
2008.06.03 18:14:21.579,1.9638,1.96405,2.50,2.70
2008.06.03 18:14:24.875,1.9639,1.9641,1.60,1.40
2008.06.03 18:14:25.001,1.9639,1.9641,2.10,1.10
2008.06.03 18:14:26.949,1.9639,1.96405,2.00,1.10
2008.06.03 18:14:27.053,1.96385,1.96405,1.60,1.10
2008.06.03 18:14:27.505,1.96385,1.964,1.60,1.10
2008.06.03 18:14:29.421,1.96385,1.96405,1.60,1.10
2008.06.03 18:14:29.970,1.96385,1.964,1.60,1.10
2008.06.03 18:14:30.462,1.9639,1.9641,1.60,1.10
2008.06.03 18:14:30.939,1.96385,1.9641,2.10,2.70
2008.06.03 18:14:31.088,1.96385,1.964,1.60,1.10
2008.06.03 18:14:31.358,1.96385,1.96405,1.60,1.10
2008.06.03 18:14:34.518,1.96385,1.9641,2.10,2.70
2008.06.03 18:14:34.570,1.9639,1.9641,1.60,1.10
2008.06.03 18:14:34.767,1.9639,1.96415,2.10,0.90
2008.06.03 18:14:34.881,1.9639,1.96415,1.20,0.70
2008.06.03 18:14:36.139,1.9639,1.9641,1.70,1.10
2008.06.03 18:14:36.357,1.9639,1.96405,2.10,1.10
2008.06.03 18:14:36.434,1.9639,1.96405,2.00,1.10
2008.06.03 18:14:36.549,1.96385,1.96405,1.60,1.10
2008.06.03 18:14:39.444,1.96385,1.9641,2.10,2.70
2008.06.03 18:14:39.485,1.9639,1.9641,1.60,1.10
2008.06.03 18:14:40.012,1.9639,1.9641,1.90,1.10
2008.06.03 18:14:40.506,1.9639,1.96415,1.00,1.80
2008.06.03 18:14:40.948,1.9639,1.9641,2.00,1.10
2008.06.03 18:14:41.094,1.96385,1.96405,1.60,1.10
2008.06.03 18:14:41.385,1.96385,1.9641,2.10,2.70
2008.06.03 18:14:41.980,1.9639,1.9641,0.60,1.60
2008.06.03 18:14:42.299,1.9639,1.96415,2.10,1.60
2008.06.03 18:14:42.750,1.9639,1.96415,2.10,2.70
2008.06.03 18:14:43.190,1.9639,1.9641,1.60,1.10
2008.06.03 18:14:52.216,1.9639,1.96415,2.10,2.70
2008.06.03 18:14:52.756,1.9639,1.9641,1.60,1.10
2008.06.03 18:14:52.912,1.9639,1.96415,2.10,2.70
2008.06.03 18:14:53.790,1.9639,1.96415,2.10,2.70
2008.06.03 18:14:54.496,1.9639,1.96415,2.10,2.70
2008.06.03 18:14:54.704,1.9639,1.9641,1.60,1.10
2008.06.03 18:14:55.746,1.96385,1.9641,2.10,2.70
2008.06.03 18:14:56.042,1.9639,1.9641,1.60,1.10
2008.06.03 18:14:56.154,1.96395,1.96415,0.60,2.70
2008.06.03 18:14:56.686,1.9639,1.9641,1.60,1.10
2008.06.03 18:15:00.355,1.96395,1.96415,0.60,2.70
2008.06.03 18:15:02.165,1.9639,1.96415,2.00,2.70
2008.06.03 18:15:02.364,1.9639,1.96415,1.50,0.50
2008.06.03 18:15:02.469,1.9639,1.9641,1.30,1.10
2008.06.03 18:15:02.703,1.9639,1.9641,1.60,1.10
2008.06.03 18:15:04.950,1.9639,1.96405,1.60,1.10
2008.06.03 18:15:05.436,1.96385,1.96405,1.60,2.70
2008.06.03 18:15:05.707,1.96385,1.964,1.60,1.10
2008.06.03 18:15:06.655,1.96385,1.96395,1.60,1.10
2008.06.03 18:15:07.170,1.9638,1.96395,1.60,1.10
2008.06.03 18:15:07.958,1.96375,1.96395,1.60,2.70
2008.06.03 18:15:09.490,1.96375,1.96395,2.10,1.60
2008.06.03 18:15:09.677,1.96385,1.964,1.60,1.10
2008.06.03 18:15:10.053,1.9638,1.964,1.60,2.70
2008.06.03 18:15:10.204,1.9638,1.96395,1.60,1.10
2008.06.03 18:15:10.591,1.96385,1.96395,1.60,1.10
2008.06.03 18:15:10.762,1.96385,1.964,1.60,1.10
2008.06.03 18:15:11.986,1.9638,1.964,1.60,2.70
2008.06.03 18:15:12.433,1.96385,1.964,0.60,1.60
2008.06.03 18:15:12.914,1.9638,1.964,2.10,1.60
2008.06.03 18:15:13.082,1.96385,1.96405,2.10,2.70
2008.06.03 18:15:14.492,1.96385,1.96405,1.60,2.70
2008.06.03 18:15:14.829,1.96385,1.964,1.60,1.10
2008.06.03 18:15:15.062,1.9638,1.964,1.80,2.70
2008.06.03 18:15:15.991,1.9638,1.964,2.00,1.60
2008.06.03 18:15:16.100,1.96395,1.96405,1.60,1.10
2008.06.03 18:15:16.185,1.96395,1.9641,1.60,2.00
2008.06.03 18:15:16.619,1.96395,1.9641,1.60,0.50
2008.06.03 18:15:17.116,1.96395,1.9641,2.10,0.50
2008.06.03 18:15:17.616,1.9639,1.9641,2.00,1.60
2008.06.03 18:15:17.798,1.9639,1.96405,2.00,1.10
2008.06.03 18:15:17.987,1.96385,1.96405,1.60,1.10
2008.06.03 18:15:20.013,1.96385,1.96405,1.60,2.70
2008.06.03 18:15:21.994,1.9639,1.96405,1.60,1.10
2008.06.03 18:15:23.429,1.9639,1.9641,1.60,2.70
2008.06.03 18:15:24.070,1.9639,1.9641,1.90,2.70
2008.06.03 18:15:25.193,1.96405,1.96415,2.10,0.50
2008.06.03 18:15:25.418,1.96405,1.9642,2.10,2.00
2008.06.03 18:15:25.838,1.96405,1.9642,2.10,0.50
2008.06.03 18:15:26.024,1.96405,1.9642,0.60,2.00
2008.06.03 18:15:26.221,1.964,1.9642,1.70,2.00
2008.06.03 18:15:26.449,1.964,1.9642,1.50,1.20
2008.06.03 18:15:27.531,1.964,1.9641,2.00,1.60
2008.06.03 18:15:27.673,1.964,1.9641,2.00,2.70
2008.06.03 18:15:27.915,1.9639,1.9641,1.60,2.70
2008.06.03 18:15:28.037,1.96385,1.96405,2.10,1.60
2008.06.03 18:15:29.174,1.96385,1.96405,2.10,2.70
2008.06.03 18:15:29.625,1.964,1.96415,1.60,0.50
2008.06.03 18:15:30.027,1.96395,1.9641,0.60,1.60
2008.06.03 18:15:30.166,1.9639,1.9641,1.60,2.70
2008.06.03 18:15:30.639,1.96385,1.96405,2.10,1.60
2008.06.03 18:15:31.660,1.964,1.9642,1.60,1.40
2008.06.03 18:15:31.820,1.964,1.96415,1.60,0.50
2008.06.03 18:15:32.119,1.964,1.9641,1.60,1.10
2008.06.03 18:15:32.702,1.9639,1.9641,1.60,2.70
2008.06.03 18:15:33.943,1.9639,1.9641,2.10,1.60
2008.06.03 18:15:34.082,1.96395,1.96415,1.60,2.70
2008.06.03 18:15:34.240,1.96395,1.96415,2.10,2.70
2008.06.03 18:15:34.498,1.96395,1.9641,0.60,1.60
2008.06.03 18:15:36.422,1.9639,1.9641,2.10,1.60
2008.06.03 18:15:39.518,1.9639,1.9641,1.60,2.70
2008.06.03 18:15:39.652,1.9639,1.9641,1.60,2.70
2008.06.03 18:15:40.007,1.96395,1.9641,1.60,1.10
2008.06.03 18:15:40.881,1.96395,1.96415,1.60,2.70
2008.06.03 18:15:42.010,1.96395,1.96415,2.10,2.70
2008.06.03 18:15:44.584,1.96405,1.9642,2.10,2.00
2008.06.03 18:15:45.079,1.96405,1.9642,2.10,0.50
2008.06.03 18:15:46.067,1.964,1.9642,2.10,1.30
2008.06.03 18:15:46.342,1.964,1.9642,1.60,2.50
2008.06.03 18:15:46.589,1.96405,1.9642,1.60,1.00
2008.06.03 18:15:46.723,1.96405,1.9642,2.10,2.00
2008.06.03 18:15:47.143,1.964,1.9642,1.60,1.80
2008.06.03 18:15:49.275,1.964,1.9642,2.00,2.10
2008.06.03 18:15:49.668,1.964,1.9642,1.60,1.50
2008.06.03 18:15:50.110,1.964,1.96415,1.60,1.10
2008.06.03 18:15:50.291,1.96395,1.9641,0.60,1.60
2008.06.03 18:15:50.621,1.9639,1.96405,2.40,2.70
2008.06.03 18:15:51.174,1.9639,1.9641,0.90,2.70
2008.06.03 18:15:51.396,1.9639,1.9641,2.10,1.60
2008.06.03 18:15:51.608,1.96395,1.96415,1.60,2.70
2008.06.03 18:15:52.816,1.96395,1.9641,0.60,1.60
2008.06.03 18:15:52.983,1.96395,1.96415,2.10,2.70
2008.06.03 18:15:55.138,1.964,1.96415,1.60,1.10
2008.06.03 18:15:55.935,1.964,1.9642,1.60,0.70
2008.06.03 18:15:56.242,1.964,1.9642,2.00,1.50
2008.06.03 18:16:00.065,1.9641,1.9642,1.60,2.70
2008.06.03 18:16:00.263,1.9641,1.96425,1.60,0.50
2008.06.03 18:16:00.576,1.96405,1.96425,1.60,1.20
2008.06.03 18:16:01.006,1.96405,1.96425,1.60,2.70
2008.06.03 18:16:03.979,1.96405,1.96425,2.10,2.70
2008.06.03 18:16:04.168,1.9641,1.96425,1.60,1.10
2008.06.03 18:16:04.543,1.96405,1.96425,1.60,2.70
2008.06.03 18:16:06.065,1.9641,1.96425,1.60,1.10
2008.06.03 18:16:06.181,1.9641,1.9643,1.60,1.50
2008.06.03 18:16:09.282,1.9641,1.9643,1.60,1.00
2008.06.03 18:16:15.598,1.96405,1.96425,2.50,1.60
2008.06.03 18:16:15.694,1.96405,1.96425,1.60,2.70
2008.06.03 18:16:16.629,1.96415,1.96425,1.60,1.10
2008.06.03 18:16:16.787,1.96415,1.9643,1.60,2.00
2008.06.03 18:16:17.202,1.9641,1.96425,1.60,1.10
2008.06.03 18:16:18.090,1.96405,1.96425,2.10,2.70
2008.06.03 18:16:18.470,1.96405,1.96425,2.10,1.60
2008.06.03 18:16:18.668,1.9641,1.9643,1.60,2.30
2008.06.03 18:16:18.925,1.9641,1.9643,1.60,1.30
2008.06.03 18:16:19.175,1.9641,1.96425,1.60,1.10
2008.06.03 18:16:27.652,1.9641,1.9643,1.60,1.40
2008.06.03 18:16:28.019,1.9641,1.9643,1.60,1.70
2008.06.03 18:16:31.357,1.9641,1.96425,1.60,1.10
2008.06.03 18:16:40.086,1.96425,1.9643,1.60,2.00
2008.06.03 18:16:40.237,1.96425,1.9643,1.60,0.50
2008.06.03 18:16:40.551,1.96425,1.9644,1.60,0.75
2008.06.03 18:16:40.749,1.96425,1.9644,2.10,0.75
2008.06.03 18:16:40.949,1.96425,1.9644,2.10,0.25
2008.06.03 18:16:41.162,1.9643,1.9644,1.60,0.25
2008.06.03 18:16:42.213,1.96425,1.9644,2.10,0.25
2008.06.03 18:16:50.611,1.96425,1.96435,0.60,1.60
2008.06.03 18:16:50.775,1.9642,1.9644,2.00,5.65
2008.06.03 18:16:50.972,1.9642,1.9644,1.60,5.65
2008.06.03 18:16:51.233,1.9642,1.96435,1.60,1.10
2008.06.03 18:16:52.817,1.96415,1.96435,2.10,2.70
2008.06.03 18:16:52.882,1.96415,1.96435,2.10,1.60
2008.06.03 18:16:53.152,1.9642,1.9644,1.60,3.62
2008.06.03 18:16:54.235,1.9642,1.9643,1.60,1.10
2008.06.03 18:16:54.563,1.9642,1.96435,1.60,1.10
2008.06.03 18:16:54.840,1.9642,1.9643,1.60,1.10
2008.06.03 18:16:55.164,1.9641,1.9643,1.20,2.70
2008.06.03 18:16:55.312,1.9641,1.9643,2.10,2.70
2008.06.03 18:16:55.906,1.9641,1.9643,2.00,2.30
2008.06.03 18:17:31.339,1.9641,1.9643,2.00,1.50
2008.06.03 18:17:31.547,1.9641,1.96425,2.00,1.10
2008.06.03 18:17:32.434,1.9641,1.96425,1.60,1.10
2008.06.03 18:17:33.337,1.9641,1.9643,1.60,2.80
2008.06.03 18:17:33.416,1.9641,1.96425,1.60,1.10
2008.06.03 18:17:33.614,1.9641,1.9643,1.60,2.50
2008.06.03 18:17:33.880,1.9641,1.9643,1.60,2.10
2008.06.03 18:17:34.024,1.9641,1.9643,1.60,0.60
2008.06.03 18:17:47.831,1.9641,1.9643,2.10,2.00
2008.06.03 18:17:48.036,1.9642,1.9643,1.60,1.60
2008.06.03 18:17:48.126,1.9642,1.96435,1.60,1.10
2008.06.03 18:17:48.357,1.9642,1.9643,1.60,1.10
2008.06.03 18:17:49.420,1.9642,1.96435,1.60,1.10
2008.06.03 18:17:51.311,1.9642,1.9644,1.60,4.15
2008.06.03 18:17:56.199,1.9642,1.9644,2.10,2.78
2008.06.03 18:17:56.306,1.9642,1.9644,2.10,2.28
2008.06.03 18:17:56.408,1.9642,1.9644,1.30,0.25
2008.06.03 18:18:01.431,1.9642,1.9644,1.50,1.62
2008.06.03 18:18:02.978,1.9642,1.96435,1.60,1.10
2008.06.03 18:18:07.929,1.9642,1.9644,1.60,1.62
2008.06.03 18:18:09.006,1.9642,1.9644,2.10,0.25
2008.06.03 18:18:09.474,1.9642,1.9644,1.50,0.25
2008.06.03 18:18:09.640,1.9642,1.9644,1.20,1.62
2008.06.03 18:18:09.936,1.9642,1.9644,0.90,0.25
2008.06.03 18:18:10.641,1.9642,1.9644,1.10,2.25
2008.06.03 18:18:11.555,1.9642,1.9644,0.60,0.25
2008.06.03 18:18:12.153,1.96425,1.9644,0.60,0.25
2008.06.03 18:18:12.460,1.96425,1.9644,2.10,0.25
2008.06.03 18:18:16.293,1.9643,1.9644,1.60,0.25
2008.06.03 18:18:25.697,1.9643,1.9644,2.10,0.25
2008.06.03 18:18:25.879,1.96435,1.9644,1.60,0.25
2008.06.03 18:18:31.858,1.9643,1.9644,0.60,0.25
2008.06.03 18:18:32.040,1.9643,1.9644,1.60,0.25
2008.06.03 18:18:39.361,1.96435,1.9644,1.60,0.25
2008.06.03 18:18:41.265,1.96445,1.9645,1.60,0.50
2008.06.03 18:18:41.494,1.96445,1.9645,1.60,0.50
2008.06.03 18:18:41.621,1.96445,1.9646,1.60,1.10
2008.06.03 18:18:41.939,1.96445,1.9646,1.40,1.10
2008.06.03 18:18:42.298,1.96445,1.9647,2.30,2.00
2008.06.03 18:18:42.582,1.9645,1.9647,1.80,2.70
2008.06.03 18:18:43.811,1.9645,1.9647,2.30,2.70
2008.06.03 18:18:44.352,1.9645,1.9647,2.30,1.60
2008.06.03 18:18:44.530,1.96455,1.9647,1.40,1.60
2008.06.03 18:18:44.748,1.96455,1.96475,1.40,1.10
2008.06.03 18:18:45.076,1.96455,1.9647,1.40,1.10
2008.06.03 18:18:48.576,1.96455,1.96475,1.40,1.10
2008.06.03 18:18:48.656,1.96455,1.96475,1.40,2.70
2008.06.03 18:18:51.913,1.9646,1.96475,1.60,1.10
2008.06.03 18:18:53.457,1.9646,1.96475,0.50,2.70
2008.06.03 18:18:53.590,1.9646,1.96475,0.50,1.60
2008.06.03 18:18:53.761,1.96455,1.96475,2.50,1.60
2008.06.03 18:18:53.945,1.9646,1.9648,1.60,1.90
2008.06.03 18:18:55.955,1.9646,1.96475,1.60,1.10
2008.06.03 18:18:56.149,1.96455,1.96475,1.60,2.70
2008.06.03 18:18:57.452,1.9645,1.9647,2.10,1.80
2008.06.03 18:18:57.631,1.9645,1.9647,2.50,0.90
2008.06.03 18:18:57.697,1.9645,1.9647,2.50,1.50
2008.06.03 18:19:01.347,1.96455,1.9647,1.60,2.70
2008.06.03 18:19:01.525,1.96455,1.96475,1.60,2.70
2008.06.03 18:19:01.673,1.96455,1.96475,1.60,1.10
2008.06.03 18:19:01.941,1.96455,1.96475,2.10,1.10
2008.06.03 18:19:02.437,1.9646,1.96475,1.60,1.10
2008.06.03 18:19:06.775,1.9646,1.9647,1.60,1.10
2008.06.03 18:19:06.943,1.9645,1.9647,2.40,2.70
2008.06.03 18:19:07.358,1.96455,1.9647,1.60,1.10
2008.06.03 18:19:07.437,1.96455,1.96475,1.60,1.10
2008.06.03 18:19:08.871,1.96455,1.96475,1.60,2.70
2008.06.03 18:19:09.670,1.96455,1.9647,1.60,1.10
2008.06.03 18:19:11.425,1.96455,1.96475,1.60,1.10
2008.06.03 18:19:11.580,1.96455,1.96475,2.00,1.10
2008.06.03 18:19:20.356,1.96455,1.9647,2.00,0.20
2008.06.03 18:19:20.449,1.96455,1.9647,0.50,0.20
2008.06.03 18:19:20.536,1.96455,1.9647,0.50,2.80
2008.06.03 18:19:20.717,1.9645,1.9647,2.00,2.80
2008.06.03 18:19:20.844,1.9645,1.9647,2.00,2.70
2008.06.03 18:19:21.428,1.9645,1.96465,2.00,1.10
2008.06.03 18:19:22.196,1.9645,1.9646,2.00,1.10
2008.06.03 18:19:22.483,1.9645,1.9646,0.50,1.10
2008.06.03 18:19:22.719,1.96445,1.9646,2.00,1.10
2008.06.03 18:19:23.256,1.96445,1.9646,1.60,1.10
2008.06.03 18:19:27.363,1.9644,1.9646,2.40,2.70
2008.06.03 18:19:27.488,1.9644,1.9646,2.00,1.50
2008.06.03 18:19:27.621,1.9644,1.9646,1.60,1.80
2008.06.03 18:19:27.854,1.9644,1.96455,1.60,1.10
2008.06.03 18:19:28.473,1.96435,1.9645,2.00,1.10
2008.06.03 18:19:28.698,1.96435,1.9645,1.60,1.10
2008.06.03 18:19:28.855,1.9643,1.9645,1.50,2.70
2008.06.03 18:19:29.022,1.9643,1.96445,0.60,1.10
2008.06.03 18:19:29.226,1.9643,1.96445,1.60,1.10
2008.06.03 18:19:29.409,1.96425,1.96445,1.60,2.70
2008.06.03 18:19:29.937,1.96425,1.9644,1.60,1.10
2008.06.03 18:19:30.107,1.96425,1.96435,1.60,1.10
2008.06.03 18:19:30.417,1.9642,1.96435,2.10,1.10
2008.06.03 18:19:32.249,1.9642,1.9643,2.00,1.10
2008.06.03 18:19:32.772,1.9642,1.9643,2.40,2.70
2008.06.03 18:19:32.948,1.9641,1.9643,2.80,2.70
2008.06.03 18:19:35.602,1.96415,1.9643,1.60,1.10
2008.06.03 18:19:35.653,1.96415,1.96435,1.60,2.70
2008.06.03 18:19:40.935,1.9642,1.96435,1.60,1.10
2008.06.03 18:19:42.444,1.96415,1.96435,1.60,2.70
2008.06.03 18:19:42.632,1.96415,1.9643,1.60,1.10
2008.06.03 18:19:43.193,1.9641,1.9643,1.10,1.60
2008.06.03 18:19:43.525,1.9641,1.9643,1.40,2.70
2008.06.03 18:20:06.886,1.96415,1.9643,1.60,1.10
2008.06.03 18:20:09.314,1.96415,1.96435,1.60,2.70
2008.06.03 18:20:13.059,1.9642,1.96435,1.60,1.10
2008.06.03 18:20:13.608,1.96415,1.96435,1.60,2.70
2008.06.03 18:20:15.956,1.9641,1.9643,2.80,1.60
2008.06.03 18:20:16.318,1.9641,1.9643,1.60,2.70
2008.06.03 18:20:16.366,1.9641,1.9643,1.30,1.60
2008.06.03 18:20:16.532,1.96415,1.96435,1.60,2.70
2008.06.03 18:20:17.327,1.9642,1.96435,1.60,1.10
2008.06.03 18:20:19.086,1.96415,1.96435,1.60,2.70
2008.06.03 18:20:32.099,1.9642,1.96435,1.60,1.10
2008.06.03 18:20:32.202,1.9643,1.96435,2.00,1.10
2008.06.03 18:20:32.913,1.9643,1.9644,2.00,2.70
2008.06.03 18:20:33.146,1.9643,1.9644,2.00,1.10
2008.06.03 18:20:33.442,1.9643,1.96445,2.00,2.70
2008.06.03 18:20:33.885,1.9644,1.96445,2.00,2.70
2008.06.03 18:20:34.197,1.9644,1.96445,2.00,1.10
2008.06.03 18:20:34.789,1.9644,1.96455,2.00,2.70
2008.06.03 18:20:34.949,1.9644,1.96455,2.00,1.60
2008.06.03 18:20:36.888,1.9644,1.9645,2.00,1.10
2008.06.03 18:20:37.329,1.9644,1.96455,2.00,1.60
2008.06.03 18:20:39.822,1.9644,1.96455,2.00,2.70
2008.06.03 18:20:42.097,1.9644,1.96455,2.00,1.60
2008.06.03 18:20:42.551,1.9644,1.9645,2.00,1.60
2008.06.03 18:20:43.640,1.9644,1.96455,1.30,1.10
2008.06.03 18:20:43.860,1.9644,1.9646,1.80,0.80
2008.06.03 18:20:50.162,1.9644,1.96455,2.00,1.60
2008.06.03 18:20:50.730,1.96445,1.9646,2.10,0.50
2008.06.03 18:20:50.889,1.96445,1.9646,1.60,1.50
2008.06.03 18:20:51.197,1.9645,1.9646,1.60,0.50
2008.06.03 18:20:51.358,1.9645,1.96465,2.10,0.50
2008.06.03 18:20:51.915,1.9645,1.9647,0.70,1.30
2008.06.03 18:20:52.841,1.9645,1.9646,2.10,1.10
2008.06.03 18:20:52.947,1.9645,1.9647,1.70,1.30
2008.06.03 18:20:53.129,1.9645,1.96465,2.00,2.70
2008.06.03 18:20:53.227,1.9645,1.96465,2.00,1.10
2008.06.03 18:20:53.497,1.9645,1.9647,2.00,2.00
2008.06.03 18:20:53.609,1.9645,1.9647,2.00,1.60
2008.06.03 18:20:54.452,1.9645,1.9647,1.80,1.70
2008.06.03 18:20:56.228,1.9645,1.96465,2.00,1.10
2008.06.03 18:20:56.299,1.9645,1.96465,2.00,1.50
2008.06.03 18:20:56.625,1.9645,1.96465,1.30,1.50
2008.06.03 18:20:56.679,1.9645,1.96465,1.50,0.50
2008.06.03 18:20:56.860,1.9645,1.9647,1.00,1.50
2008.06.03 18:20:57.076,1.9645,1.96465,1.50,1.10
2008.06.03 18:21:04.001,1.9645,1.9646,0.60,1.10
2008.06.03 18:21:04.706,1.9645,1.96465,1.20,1.10
2008.06.03 18:21:22.425,1.9645,1.9647,1.70,1.50
2008.06.03 18:21:23.333,1.9646,1.9647,2.00,1.50
2008.06.03 18:21:23.539,1.9646,1.9647,2.00,1.10
2008.06.03 18:21:39.223,1.96465,1.9647,1.60,1.10
2008.06.03 18:21:39.393,1.96465,1.9648,1.60,1.50
2008.06.03 18:21:39.469,1.96465,1.9648,1.60,0.50
2008.06.03 18:21:43.482,1.96465,1.96485,1.60,1.90
2008.06.03 18:21:45.075,1.96465,1.9648,1.60,0.30
2008.06.03 18:21:45.336,1.96465,1.96485,1.60,0.90
2008.06.03 18:21:45.474,1.96465,1.9648,1.60,0.50
2008.06.03 18:21:47.728,1.9646,1.9648,0.80,2.00
2008.06.03 18:21:47.865,1.9646,1.9648,1.20,1.80
2008.06.03 18:21:49.307,1.9646,1.9648,1.80,1.50
2008.06.03 18:21:50.045,1.9646,1.96475,1.90,1.10
2008.06.03 18:21:50.496,1.9646,1.9648,1.10,1.50
2008.06.03 18:22:03.030,1.9646,1.96475,0.50,1.10
2008.06.03 18:22:03.472,1.9646,1.96475,2.00,1.10
2008.06.03 18:22:04.738,1.9646,1.9647,2.00,1.10
2008.06.03 18:22:05.731,1.96455,1.9647,1.60,1.10
2008.06.03 18:22:05.936,1.9645,1.9647,1.60,2.20
2008.06.03 18:22:06.355,1.96445,1.9646,1.60,1.10
2008.06.03 18:22:06.868,1.9644,1.9646,0.90,1.10
2008.06.03 18:22:07.330,1.9644,1.96455,1.60,1.10
2008.06.03 18:22:07.516,1.96435,1.96455,1.60,2.70
2008.06.03 18:22:07.718,1.9643,1.96445,1.60,1.10
2008.06.03 18:22:08.022,1.96425,1.96445,1.60,1.10
2008.06.03 18:22:12.637,1.96425,1.9645,2.10,2.70
2008.06.03 18:22:12.956,1.9643,1.9645,1.60,1.10
2008.06.03 18:22:13.791,1.9643,1.96455,2.10,2.70
2008.06.03 18:22:13.968,1.96435,1.96455,1.60,2.70
2008.06.03 18:22:14.695,1.96435,1.96455,2.10,1.60
2008.06.03 18:22:15.922,1.9644,1.9646,1.60,2.70
2008.06.03 18:22:16.411,1.96445,1.9646,1.60,1.10
2008.06.03 18:22:20.215,1.96445,1.96455,1.60,1.10
2008.06.03 18:22:20.383,1.96435,1.96455,1.60,2.70
2008.06.03 18:22:20.823,1.9644,1.96455,1.60,1.10
2008.06.03 18:22:20.971,1.9644,1.9645,1.60,1.10
2008.06.03 18:22:21.252,1.96435,1.9645,1.60,1.10
2008.06.03 18:22:24.274,1.96435,1.96445,1.60,1.10
2008.06.03 18:22:24.354,1.9643,1.96445,1.60,1.10
2008.06.03 18:22:24.513,1.9643,1.9644,1.60,1.10
2008.06.03 18:22:25.325,1.96425,1.9644,1.60,1.10
2008.06.03 18:22:26.225,1.9642,1.9644,1.60,1.10
2008.06.03 18:22:29.387,1.96425,1.9644,1.60,1.10
2008.06.03 18:22:29.835,1.9643,1.9644,1.60,1.10
2008.06.03 18:22:29.927,1.9643,1.96445,1.60,1.10
2008.06.03 18:22:38.288,1.96425,1.96445,1.60,2.70
2008.06.03 18:22:45.401,1.96425,1.9644,1.60,1.10
2008.06.03 18:22:46.389,1.9642,1.9644,1.20,2.70
2008.06.03 18:22:50.215,1.9642,1.96435,2.00,1.10
2008.06.03 18:22:50.940,1.96425,1.96435,1.60,1.10
2008.06.03 18:22:56.774,1.9642,1.96435,1.70,1.10
2008.06.03 18:23:01.362,1.9642,1.9644,0.80,1.30
2008.06.03 18:23:01.716,1.96425,1.9644,1.60,1.50
2008.06.03 18:23:02.114,1.96425,1.9644,1.60,1.10
2008.06.03 18:23:02.392,1.9643,1.9644,1.60,1.10
2008.06.03 18:23:02.688,1.9643,1.96445,1.60,1.10
2008.06.03 18:23:02.961,1.96425,1.96445,1.60,2.70
2008.06.03 18:23:03.083,1.96425,1.9644,1.60,1.10
2008.06.03 18:23:03.942,1.9642,1.9644,1.60,2.70
2008.06.03 18:23:05.985,1.96425,1.9644,1.60,1.10
2008.06.03 18:23:06.448,1.96425,1.96445,2.10,2.70
2008.06.03 18:23:06.876,1.9643,1.96445,1.60,1.10
2008.06.03 18:23:07.428,1.9643,1.9645,1.60,2.70
2008.06.03 18:23:07.593,1.9643,1.96445,1.60,1.10
2008.06.03 18:23:08.058,1.9643,1.9644,1.60,1.10
2008.06.03 18:23:19.471,1.9643,1.96445,1.60,1.10
2008.06.03 18:23:19.729,1.9643,1.9645,1.60,2.70
2008.06.03 18:23:20.699,1.9643,1.96445,1.60,1.10
2008.06.03 18:23:20.885,1.96425,1.9644,1.60,1.10
2008.06.03 18:23:22.895,1.96425,1.96445,2.10,2.70
2008.06.03 18:23:23.367,1.9643,1.96445,1.60,1.10
2008.06.03 18:23:23.575,1.9643,1.9645,2.10,1.60
2008.06.03 18:23:23.973,1.96435,1.96455,2.10,2.70
2008.06.03 18:23:24.659,1.9644,1.96455,1.60,1.10
2008.06.03 18:23:34.672,1.9644,1.9645,1.60,1.10
2008.06.03 18:23:34.930,1.96435,1.9645,1.60,1.10
2008.06.03 18:23:38.167,1.96435,1.9645,1.60,1.10
2008.06.03 18:23:40.104,1.96435,1.96445,1.60,1.10
2008.06.03 18:23:42.161,1.96435,1.9645,1.60,1.10
2008.06.03 18:23:50.577,1.96435,1.96455,2.10,2.70
2008.06.03 18:23:51.018,1.9644,1.9646,1.60,2.70
2008.06.03 18:23:51.427,1.96445,1.9646,1.60,1.10
2008.06.03 18:23:51.968,1.9644,1.9646,1.60,2.70
2008.06.03 18:23:52.949,1.96435,1.96455,1.60,2.70
2008.06.03 18:23:53.445,1.96435,1.9645,1.60,1.10
2008.06.03 18:23:54.656,1.9643,1.96445,1.60,1.10
2008.06.03 18:23:54.983,1.96425,1.96445,1.60,2.70
2008.06.03 18:23:55.160,1.96425,1.9644,1.60,1.10
2008.06.03 18:23:55.310,1.9643,1.9644,1.60,1.10
2008.06.03 18:23:57.281,1.96425,1.9644,1.60,1.10
2008.06.03 18:23:57.442,1.96425,1.96445,2.10,1.10
2008.06.03 18:23:57.658,1.96425,1.9645,2.10,2.70
2008.06.03 18:23:58.003,1.9643,1.9645,1.60,2.70
2008.06.03 18:23:59.420,1.9643,1.9645,1.60,1.10
2008.06.03 18:24:00.958,1.9643,1.9645,1.60,2.70
2008.06.03 18:24:01.253,1.9643,1.96445,1.60,1.10
2008.06.03 18:24:01.514,1.96425,1.96445,1.60,2.70
2008.06.03 18:24:02.523,1.9642,1.96445,0.60,2.70
2008.06.03 18:24:02.663,1.9642,1.9644,1.60,1.10
2008.06.03 18:24:03.503,1.9643,1.9645,2.10,1.60
2008.06.03 18:24:03.851,1.9643,1.9645,0.90,2.70
2008.06.03 18:24:03.974,1.9643,1.96445,2.00,1.60
2008.06.03 18:24:04.099,1.9643,1.96445,2.00,2.70
2008.06.03 18:24:04.223,1.96425,1.96445,1.60,2.70
2008.06.03 18:24:07.999,1.9642,1.96445,1.80,2.70
2008.06.03 18:24:08.162,1.9642,1.96445,2.10,2.70
2008.06.03 18:24:08.467,1.9642,1.9644,1.60,1.10
2008.06.03 18:24:11.627,1.96425,1.96445,0.60,1.60
2008.06.03 18:24:11.978,1.9643,1.9645,1.60,2.70
2008.06.03 18:24:12.214,1.9643,1.9645,2.10,1.60
2008.06.03 18:24:12.604,1.9643,1.9645,2.20,1.60
2008.06.03 18:24:19.922,1.9643,1.9645,2.20,2.70
2008.06.03 18:24:19.991,1.9643,1.9645,2.00,2.70
2008.06.03 18:24:20.074,1.9643,1.96445,2.00,1.10
2008.06.03 18:24:20.151,1.96425,1.96445,1.60,1.10
2008.06.03 18:24:20.724,1.96425,1.96445,1.60,2.70
2008.06.03 18:24:21.516,1.9642,1.96445,1.50,2.70
2008.06.03 18:24:21.665,1.9642,1.9644,0.50,1.10
2008.06.03 18:24:21.844,1.9642,1.96435,1.60,1.10
2008.06.03 18:24:22.526,1.96415,1.96435,1.60,1.10
2008.06.03 18:24:23.928,1.96415,1.9644,2.10,2.70
2008.06.03 18:24:24.293,1.96415,1.9644,2.50,2.70
2008.06.03 18:24:24.574,1.9642,1.9644,2.50,1.60
2008.06.03 18:24:24.800,1.9642,1.9644,0.50,1.60
2008.06.03 18:24:25.605,1.9642,1.9644,1.00,2.70
2008.06.03 18:24:26.453,1.9642,1.9644,2.50,1.60
2008.06.03 18:24:26.561,1.9642,1.9644,2.00,2.70
2008.06.03 18:24:26.806,1.96415,1.9644,2.10,2.70
2008.06.03 18:24:26.999,1.9642,1.9644,1.60,2.70
2008.06.03 18:24:27.113,1.9642,1.9644,2.10,1.60
2008.06.03 18:24:27.571,1.9642,1.9644,1.60,1.60
2008.06.03 18:24:30.025,1.96435,1.96445,1.60,0.50
2008.06.03 18:24:30.104,1.96435,1.96445,2.10,0.50
2008.06.03 18:24:30.351,1.96435,1.96455,2.10,0.50
2008.06.03 18:24:30.795,1.96435,1.9646,2.10,2.70
2008.06.03 18:24:31.173,1.96435,1.96455,0.60,1.60
2008.06.03 18:24:31.372,1.96435,1.96455,0.60,2.70
2008.06.03 18:24:31.568,1.96435,1.9645,0.60,1.60
2008.06.03 18:24:31.731,1.9643,1.9645,1.60,2.70
2008.06.03 18:24:32.071,1.9643,1.9645,1.60,1.10
2008.06.03 18:24:35.881,1.9643,1.96445,1.60,1.10
2008.06.03 18:24:36.072,1.96425,1.96445,1.60,1.10
2008.06.03 18:24:36.420,1.96425,1.9645,2.10,2.70
2008.06.03 18:24:38.747,1.96425,1.96445,1.60,1.10
2008.06.03 18:24:39.183,1.96425,1.96445,1.60,2.70
2008.06.03 18:24:39.518,1.9642,1.9644,1.30,1.10
2008.06.03 18:24:39.818,1.9642,1.9644,1.60,1.10
2008.06.03 18:24:40.115,1.9642,1.96435,1.60,1.10
2008.06.03 18:24:41.143,1.96415,1.96435,1.60,1.10
2008.06.03 18:24:42.543,1.9641,1.96435,3.10,2.70
2008.06.03 18:24:49.524,1.96415,1.96435,0.60,2.70
2008.06.03 18:24:50.455,1.9641,1.96435,0.70,2.70
2008.06.03 18:24:57.964,1.96415,1.96435,0.60,2.70
2008.06.03 18:24:58.557,1.96415,1.96435,0.60,1.60
2008.06.03 18:24:59.292,1.96415,1.9644,2.10,1.10
2008.06.03 18:25:00.401,1.96415,1.96435,2.10,1.10
2008.06.03 18:25:00.606,1.96415,1.96435,0.60,2.70
2008.06.03 18:25:00.756,1.9641,1.96435,2.30,2.70
2008.06.03 18:25:01.077,1.9641,1.9643,1.10,1.10
2008.06.03 18:25:01.518,1.9641,1.9643,0.70,1.10
2008.06.03 18:25:06.726,1.96415,1.9643,1.60,1.10
2008.06.03 18:25:10.090,1.96415,1.96435,1.60,1.10
2008.06.03 18:25:10.372,1.96415,1.96435,2.10,1.10
2008.06.03 18:25:10.645,1.96415,1.9644,2.10,2.50
2008.06.03 18:25:10.898,1.9642,1.9644,1.60,2.70
2008.06.03 18:25:11.239,1.9642,1.96435,1.60,1.10
2008.06.03 18:25:11.416,1.9642,1.9644,1.60,2.70
2008.06.03 18:25:11.897,1.9642,1.96435,1.60,1.10
2008.06.03 18:25:13.198,1.9642,1.9644,1.60,2.70
2008.06.03 18:25:13.330,1.9642,1.96435,1.60,1.10
2008.06.03 18:25:13.692,1.96425,1.96435,1.60,1.10
2008.06.03 18:25:14.860,1.9642,1.96435,1.60,1.10
2008.06.03 18:25:15.946,1.96415,1.96435,1.60,1.10
2008.06.03 18:25:19.491,1.96415,1.9644,2.10,2.70
2008.06.03 18:25:19.653,1.96415,1.96435,1.60,1.10
2008.06.03 18:25:19.797,1.9642,1.9644,1.60,1.10
2008.06.03 18:25:19.949,1.9642,1.96435,1.60,1.10
2008.06.03 18:25:20.094,1.9641,1.96425,2.70,1.60
2008.06.03 18:25:20.242,1.9641,1.96425,1.20,2.70
2008.06.03 18:25:20.807,1.9641,1.96425,0.50,2.70
2008.06.03 18:25:21.006,1.96405,1.96425,0.90,2.70
2008.06.03 18:25:23.025,1.9641,1.96425,0.60,1.60
2008.06.03 18:25:23.155,1.9641,1.9643,0.90,0.50
2008.06.03 18:25:23.417,1.9641,1.96435,1.30,1.30
2008.06.03 18:25:23.517,1.96415,1.96435,0.60,0.50
2008.06.03 18:25:24.114,1.96415,1.96435,2.10,1.50
2008.06.03 18:25:24.246,1.96415,1.96435,2.10,0.50
2008.06.03 18:25:24.426,1.96415,1.9644,2.50,0.60
2008.06.03 18:25:26.228,1.9642,1.9644,1.60,0.60
2008.06.03 18:25:26.399,1.9642,1.9644,1.70,2.70
2008.06.03 18:25:26.743,1.9642,1.9644,2.40,1.60
2008.06.03 18:25:27.084,1.9642,1.96445,1.80,1.30
2008.06.03 18:25:27.841,1.9642,1.96445,0.50,2.70
2008.06.03 18:25:28.372,1.96425,1.96445,1.60,2.70
2008.06.03 18:25:29.453,1.96425,1.9644,1.60,1.10
2008.06.03 18:25:29.656,1.9642,1.9644,2.00,2.70
2008.06.03 18:25:29.860,1.9642,1.9644,2.40,2.70
2008.06.03 18:25:31.169,1.9642,1.9644,2.00,2.70
2008.06.03 18:25:32.849,1.9642,1.9644,1.20,2.70
2008.06.03 18:25:34.796,1.96425,1.96445,1.60,0.50
2008.06.03 18:25:36.216,1.96435,1.96445,1.60,0.50
2008.06.03 18:25:36.371,1.96435,1.9645,1.60,1.10
2008.06.03 18:25:36.528,1.96435,1.96455,1.60,1.80
2008.06.03 18:25:36.727,1.9644,1.96455,1.60,1.50
2008.06.03 18:25:36.835,1.9644,1.96455,1.60,1.10
2008.06.03 18:25:43.177,1.9644,1.9646,1.60,0.80
2008.06.03 18:25:44.604,1.9644,1.9646,1.60,1.60
2008.06.03 18:25:44.770,1.96445,1.9646,1.60,1.10
2008.06.03 18:25:45.127,1.9645,1.9646,1.60,1.10
2008.06.03 18:25:47.144,1.9645,1.96465,1.60,1.10
2008.06.03 18:25:47.694,1.96455,1.96465,1.60,1.10
2008.06.03 18:25:47.815,1.9645,1.9647,2.00,1.40
2008.06.03 18:25:48.020,1.9645,1.9647,0.80,2.70
2008.06.03 18:25:48.214,1.96455,1.9647,1.60,1.10
2008.06.03 18:26:03.728,1.9645,1.9647,0.50,2.70
2008.06.03 18:26:05.762,1.9645,1.9647,0.50,2.80
2008.06.03 18:26:05.883,1.9645,1.96465,0.80,1.10
2008.06.03 18:26:06.117,1.9645,1.9647,2.00,2.70
2008.06.03 18:26:07.329,1.9645,1.96465,2.20,1.10
2008.06.03 18:26:07.482,1.9645,1.9647,0.90,2.70
2008.06.03 18:26:07.632,1.9645,1.9647,2.00,2.70
2008.06.03 18:26:08.813,1.9645,1.9647,1.90,2.70
2008.06.03 18:26:11.335,1.9645,1.9647,2.00,2.70
2008.06.03 18:26:15.616,1.9645,1.9647,1.90,1.10
2008.06.03 18:26:16.679,1.96455,1.9647,1.60,1.10
2008.06.03 18:26:19.935,1.96455,1.96475,1.60,2.70
2008.06.03 18:26:20.864,1.96455,1.9647,1.60,1.10
2008.06.03 18:26:36.703,1.96455,1.96465,1.60,1.10
2008.06.03 18:26:36.882,1.9645,1.96465,0.90,1.10
2008.06.03 18:26:38.138,1.9645,1.9647,0.50,2.70
2008.06.03 18:26:46.429,1.9645,1.96465,2.00,1.10
2008.06.03 18:26:48.189,1.9645,1.96465,1.60,1.10
2008.06.03 18:26:51.561,1.9645,1.9647,1.60,2.70
2008.06.03 18:26:54.283,1.96455,1.9647,1.60,1.10
2008.06.03 18:26:56.989,1.96455,1.96475,1.60,2.70
2008.06.03 18:26:59.127,1.96455,1.9647,1.60,1.10
2008.06.03 18:26:59.783,1.96455,1.96475,1.60,2.70
2008.06.03 18:27:03.365,1.96455,1.9647,1.60,1.10
2008.06.03 18:27:06.406,1.9645,1.9647,1.60,2.70
2008.06.03 18:27:06.650,1.9645,1.9647,2.00,2.70
2008.06.03 18:27:06.826,1.96455,1.9647,1.60,1.10
2008.06.03 18:27:11.205,1.96455,1.96475,1.60,2.70
2008.06.03 18:27:11.997,1.96455,1.96475,2.10,2.70
2008.06.03 18:27:13.519,1.96455,1.96475,1.60,2.70
2008.06.03 18:27:14.017,1.96455,1.96475,2.10,2.70
2008.06.03 18:27:33.333,1.96455,1.9647,1.60,1.10
2008.06.03 18:27:33.458,1.9645,1.9647,1.60,2.70
2008.06.03 18:27:33.918,1.9645,1.9647,2.10,1.60
2008.06.03 18:27:34.055,1.9645,1.9647,2.50,1.60
2008.06.03 18:27:34.149,1.9645,1.9647,2.10,1.60
2008.06.03 18:27:36.876,1.96455,1.96475,1.60,1.50
2008.06.03 18:27:38.333,1.9645,1.96455,0.60,1.60
2008.06.03 18:27:38.434,1.96445,1.96455,0.50,2.70
2008.06.03 18:27:38.536,1.96435,1.96455,2.50,2.70
2008.06.03 18:27:38.920,1.9645,1.9646,1.60,2.70
2008.06.03 18:27:39.141,1.9645,1.9647,1.60,2.70
2008.06.03 18:27:39.566,1.9645,1.96465,1.60,1.10
2008.06.03 18:27:39.938,1.9645,1.9647,1.60,2.70
2008.06.03 18:27:47.343,1.9645,1.96465,1.60,1.10
2008.06.03 18:27:59.425,1.96445,1.96465,1.60,2.70
2008.06.03 18:28:22.995,1.9645,1.96465,1.60,1.10
2008.06.03 18:28:25.319,1.9645,1.9647,1.60,2.70
2008.06.03 18:28:30.484,1.96445,1.9645,2.40,1.10
2008.06.03 18:28:30.628,1.9644,1.9645,2.00,2.70
2008.06.03 18:28:30.830,1.9644,1.9645,2.00,0.80
2008.06.03 18:28:30.971,1.9644,1.96445,2.00,1.10
2008.06.03 18:28:31.069,1.9644,1.96445,2.00,2.70
2008.06.03 18:28:31.288,1.96425,1.96445,1.60,2.70
2008.06.03 18:28:33.793,1.96425,1.96445,1.60,0.70
2008.06.03 18:28:33.868,1.9642,1.9644,1.90,2.70
2008.06.03 18:28:34.141,1.9642,1.9644,2.20,2.70
2008.06.03 18:28:34.902,1.9642,1.9644,0.70,0.80
2008.06.03 18:28:38.544,1.9642,1.96435,0.50,1.10
2008.06.03 18:28:38.664,1.96415,1.96435,1.60,2.70
2008.06.03 18:28:43.595,1.96415,1.96435,2.10,1.60
2008.06.03 18:28:43.666,1.9642,1.96435,0.60,1.60
2008.06.03 18:28:43.940,1.9642,1.9644,2.10,2.10
2008.06.03 18:28:48.623,1.9642,1.9644,1.60,1.70
2008.06.03 18:28:48.998,1.96415,1.96435,2.50,1.60
2008.06.03 18:28:49.212,1.96415,1.9643,2.00,1.10
2008.06.03 18:28:49.445,1.96415,1.9643,1.60,1.10
2008.06.03 18:28:50.051,1.9641,1.9643,1.30,2.70
2008.06.03 18:28:51.608,1.9641,1.9643,2.00,1.60
2008.06.03 18:28:53.431,1.96415,1.96435,1.60,2.70
2008.06.03 18:29:16.998,1.96415,1.96435,2.10,2.70
2008.06.03 18:29:17.298,1.96415,1.96435,1.60,2.70
2008.06.03 18:29:17.417,1.96415,1.96435,2.10,2.70
2008.06.03 18:29:19.761,1.96415,1.96435,2.10,1.10
2008.06.03 18:29:19.914,1.96415,1.9644,2.10,2.50
2008.06.03 18:29:38.876,1.96415,1.9644,2.10,1.10
2008.06.03 18:29:43.504,1.96415,1.96435,1.60,1.10
2008.06.03 18:29:43.693,1.9641,1.96435,2.10,2.70
2008.06.03 18:29:43.928,1.9641,1.96435,2.50,0.70
2008.06.03 18:29:52.099,1.9642,1.96435,0.60,2.00
2008.06.03 18:29:52.296,1.9641,1.96435,1.40,1.10
2008.06.03 18:29:52.474,1.9641,1.96435,2.50,1.40
2008.06.03 18:29:52.556,1.96415,1.96435,0.60,1.30
2008.06.03 18:29:52.665,1.96415,1.96435,2.10,1.50
2008.06.03 18:29:54.857,1.96415,1.96435,2.10,1.10
2008.06.03 18:29:55.467,1.96415,1.96435,2.50,1.10
2008.06.03 18:30:00.174,1.9641,1.96435,2.50,2.70
2008.06.03 18:30:00.467,1.9641,1.96435,2.50,2.70
2008.06.03 18:30:00.531,1.9641,1.96435,2.50,0.90
2008.06.03 18:30:01.196,1.96415,1.96435,0.60,2.00
2008.06.03 18:30:01.808,1.9641,1.96435,2.50,0.50
2008.06.03 18:30:04.026,1.96415,1.96435,0.60,0.80
2008.06.03 18:30:04.185,1.96415,1.96435,2.10,1.50
2008.06.03 18:30:04.285,1.96415,1.96435,2.10,1.10
2008.06.03 18:30:04.563,1.96415,1.96435,1.60,1.10
2008.06.03 18:30:04.666,1.9641,1.96435,2.50,2.70
2008.06.03 18:30:06.738,1.9641,1.96435,2.50,1.70
2008.06.03 18:30:08.115,1.96415,1.96435,1.60,1.50
2008.06.03 18:30:08.174,1.96415,1.96435,1.60,1.10
2008.06.03 18:30:08.589,1.96415,1.96435,2.10,1.10
2008.06.03 18:30:08.660,1.96415,1.96435,1.60,1.10
2008.06.03 18:30:08.801,1.96415,1.96435,1.60,1.50
2008.06.03 18:30:09.000,1.9641,1.96435,2.50,0.80
2008.06.03 18:30:09.464,1.9641,1.9643,2.00,1.10
2008.06.03 18:30:09.660,1.9641,1.96435,2.50,0.90
2008.06.03 18:30:12.931,1.9641,1.9643,2.00,1.10
2008.06.03 18:30:13.183,1.9641,1.96435,2.50,0.90
2008.06.03 18:30:13.455,1.9641,1.96435,2.10,2.70
2008.06.03 18:30:15.153,1.96415,1.96435,1.60,1.10
2008.06.03 18:30:16.140,1.96415,1.9644,2.10,0.80
2008.06.03 18:30:16.604,1.9642,1.9644,1.60,1.50
2008.06.03 18:30:17.171,1.9642,1.9644,1.80,1.50
2008.06.03 18:30:26.709,1.9642,1.9644,1.30,1.50
2008.06.03 18:30:35.714,1.9642,1.9644,1.90,1.50
2008.06.03 18:30:43.937,1.9642,1.9644,2.00,1.80
2008.06.03 18:30:44.138,1.96415,1.96435,1.60,1.10
2008.06.03 18:30:44.797,1.96415,1.96435,2.10,1.10
2008.06.03 18:30:45.236,1.96415,1.9644,2.10,2.40
2008.06.03 18:30:45.436,1.9641,1.96435,2.40,0.70
2008.06.03 18:30:47.176,1.96415,1.96435,0.60,1.20
2008.06.03 18:30:47.331,1.96415,1.96435,2.10,1.50
2008.06.03 18:30:47.632,1.96415,1.96435,2.10,0.50
2008.06.03 18:30:47.702,1.96415,1.96435,2.50,0.50
2008.06.03 18:30:47.776,1.9642,1.96435,1.60,0.50
2008.06.03 18:30:48.017,1.9642,1.9644,1.60,0.80
2008.06.03 18:30:48.392,1.9642,1.96435,1.60,0.50
2008.06.03 18:30:48.825,1.96415,1.96435,2.10,0.50
2008.06.03 18:30:49.079,1.96415,1.9644,2.10,1.50
2008.06.03 18:30:49.321,1.9642,1.9644,1.60,1.90
2008.06.03 18:30:54.168,1.9642,1.96435,1.60,0.50
2008.06.03 18:30:54.212,1.9642,1.9643,1.60,1.10
2008.06.03 18:30:54.401,1.9642,1.96435,1.60,0.50
2008.06.03 18:30:54.818,1.9641,1.9643,2.20,2.70
2008.06.03 18:30:54.894,1.9641,1.9643,1.80,0.80
2008.06.03 18:30:54.951,1.9641,1.9643,1.60,1.40
2008.06.03 18:30:55.568,1.9641,1.9643,0.80,0.90
2008.06.03 18:30:56.730,1.9641,1.9643,0.70,1.40
2008.06.03 18:31:02.410,1.9641,1.9643,1.90,2.70
2008.06.03 18:31:03.919,1.9641,1.9643,1.40,1.10
2008.06.03 18:31:05.170,1.9641,1.96425,1.40,1.10
2008.06.03 18:31:05.290,1.9641,1.96425,2.00,2.70
2008.06.03 18:31:05.411,1.96405,1.96425,2.50,2.70
2008.06.03 18:31:05.547,1.96405,1.96425,2.10,2.70
2008.06.03 18:31:05.724,1.96405,1.96425,2.10,1.60
2008.06.03 18:31:05.877,1.9641,1.9643,1.60,0.80
2008.06.03 18:31:06.028,1.9641,1.9643,1.60,2.10
2008.06.03 18:31:06.680,1.9641,1.9643,2.10,1.50
2008.06.03 18:31:08.011,1.9641,1.9643,2.50,0.90
2008.06.03 18:31:08.180,1.9641,1.9643,2.00,1.90
2008.06.03 18:31:08.386,1.9641,1.9643,1.60,0.50
2008.06.03 18:31:08.809,1.96415,1.96435,1.60,2.70
2008.06.03 18:31:09.215,1.96415,1.96435,2.10,2.70
2008.06.03 18:31:09.432,1.96415,1.96435,2.10,1.60
2008.06.03 18:31:10.511,1.9642,1.9644,1.60,1.00
2008.06.03 18:31:10.651,1.96425,1.9644,0.60,1.90
2008.06.03 18:31:10.825,1.96425,1.9644,0.60,1.60
2008.06.03 18:31:10.943,1.96425,1.96445,2.10,1.60
2008.06.03 18:31:11.325,1.9643,1.9645,1.60,2.00
2008.06.03 18:31:11.570,1.9643,1.9645,1.60,2.70
2008.06.03 18:31:11.801,1.96435,1.9645,0.60,1.60
2008.06.03 18:31:12.029,1.9643,1.9645,1.60,2.70
2008.06.03 18:31:12.238,1.9643,1.96445,1.60,1.10
2008.06.03 18:31:12.456,1.9642,1.9644,2.60,1.60
2008.06.03 18:31:12.662,1.9642,1.9644,0.70,1.60
2008.06.03 18:31:13.783,1.9642,1.9644,1.60,2.70
2008.06.03 18:31:13.974,1.9642,1.9644,1.60,2.70
2008.06.03 18:31:18.018,1.9642,1.96435,1.60,1.10
2008.06.03 18:31:18.209,1.96415,1.96435,1.60,2.70
2008.06.03 18:31:18.255,1.96415,1.9643,1.60,1.10
2008.06.03 18:31:18.658,1.96415,1.96425,1.60,1.10
2008.06.03 18:31:18.704,1.9641,1.96425,1.60,1.10
2008.06.03 18:31:20.278,1.96415,1.96425,1.60,1.10
2008.06.03 18:31:20.401,1.96415,1.9643,1.60,1.10
2008.06.03 18:31:21.849,1.9641,1.9643,1.60,2.70
2008.06.03 18:31:22.168,1.9641,1.96425,1.60,1.10
2008.06.03 18:31:22.322,1.96405,1.96425,2.10,2.70
2008.06.03 18:31:22.481,1.96405,1.96425,2.10,1.60
2008.06.03 18:31:23.645,1.96405,1.96425,2.10,2.70
2008.06.03 18:31:24.454,1.96405,1.96425,1.60,2.70
2008.06.03 18:31:34.385,1.96405,1.9642,1.60,1.10
2008.06.03 18:31:35.025,1.964,1.9642,0.90,2.70
2008.06.03 18:31:36.283,1.96405,1.9642,1.60,1.10
2008.06.03 18:31:41.222,1.96405,1.96425,1.60,2.70
2008.06.03 18:31:41.961,1.964,1.9642,0.50,1.60
2008.06.03 18:31:43.302,1.964,1.9642,2.00,2.70
2008.06.03 18:31:44.074,1.964,1.9642,2.20,1.60
2008.06.03 18:31:44.342,1.96405,1.96425,1.60,2.70
2008.06.03 18:31:58.625,1.96405,1.96425,2.10,2.70
2008.06.03 18:31:59.027,1.96405,1.96425,1.60,2.70
2008.06.03 18:32:01.998,1.96405,1.96425,2.10,2.70
2008.06.03 18:32:05.545,1.96405,1.96425,1.60,2.70
2008.06.03 18:32:05.927,1.96405,1.96425,2.10,2.70
2008.06.03 18:32:08.452,1.96405,1.96425,1.60,2.70
2008.06.03 18:32:12.169,1.96405,1.96425,2.10,2.70
2008.06.03 18:32:22.870,1.9641,1.96425,1.60,1.10
2008.06.03 18:32:22.920,1.9641,1.9643,1.60,1.20
2008.06.03 18:32:23.184,1.9641,1.9643,1.60,2.70
2008.06.03 18:32:25.936,1.96405,1.96425,2.10,1.60
2008.06.03 18:32:29.778,1.96405,1.96425,2.10,2.70
2008.06.03 18:32:39.892,1.96405,1.96425,1.60,2.70
2008.06.03 18:32:40.340,1.96405,1.96425,2.10,2.70
2008.06.03 18:32:40.922,1.96405,1.96425,1.60,2.70
2008.06.03 18:32:41.172,1.96405,1.9642,1.60,1.10
2008.06.03 18:32:41.457,1.964,1.96415,1.60,1.10
2008.06.03 18:32:41.632,1.964,1.96405,1.60,1.10
2008.06.03 18:32:41.804,1.964,1.96415,1.60,1.10
2008.06.03 18:32:41.959,1.9639,1.9641,1.60,1.60
2008.06.03 18:32:42.108,1.9639,1.9641,1.00,2.70
2008.06.03 18:32:42.542,1.9639,1.96405,1.50,1.10
2008.06.03 18:32:43.092,1.9639,1.9641,1.70,2.70
2008.06.03 18:32:44.045,1.96395,1.9641,1.60,1.10
2008.06.03 18:32:47.523,1.96395,1.96405,1.60,1.10
2008.06.03 18:32:48.055,1.9639,1.96405,2.10,1.10
2008.06.03 18:32:59.469,1.96395,1.96405,1.60,1.10
2008.06.03 18:32:59.549,1.96395,1.9641,1.60,1.50
2008.06.03 18:32:59.690,1.96395,1.9641,1.60,1.10
2008.06.03 18:33:01.552,1.96395,1.96415,1.60,1.30
2008.06.03 18:33:02.915,1.96395,1.96415,1.60,2.70
2008.06.03 18:33:03.568,1.964,1.96415,1.60,1.10
2008.06.03 18:33:03.772,1.964,1.9642,1.60,1.30
2008.06.03 18:33:04.005,1.96405,1.9642,1.60,2.70
2008.06.03 18:33:04.198,1.96405,1.9642,1.60,1.10
2008.06.03 18:33:08.911,1.96405,1.96425,1.60,2.70
2008.06.03 18:33:09.495,1.96405,1.9642,1.60,1.10
2008.06.03 18:33:17.592,1.96405,1.96425,1.60,2.70
2008.06.03 18:33:18.033,1.9641,1.96425,1.60,1.10
2008.06.03 18:33:23.305,1.9641,1.9642,1.60,1.10
2008.06.03 18:33:23.467,1.96405,1.9642,1.60,1.10
2008.06.03 18:33:31.584,1.96405,1.96425,2.10,2.70
2008.06.03 18:33:31.882,1.96405,1.96425,2.10,1.60
2008.06.03 18:33:32.104,1.9641,1.9643,1.60,1.80
2008.06.03 18:33:32.242,1.9641,1.9643,1.60,0.80
2008.06.03 18:33:32.941,1.9641,1.9643,2.10,1.00
2008.06.03 18:33:33.790,1.9641,1.9643,2.10,1.40
2008.06.03 18:33:34.118,1.9641,1.9643,1.60,1.10
2008.06.03 18:33:34.808,1.9641,1.9643,1.60,1.80
2008.06.03 18:33:36.950,1.9641,1.96425,1.60,1.10
2008.06.03 18:33:37.024,1.964,1.9642,0.90,1.60
2008.06.03 18:33:37.544,1.964,1.9642,2.50,1.70
2008.06.03 18:33:38.670,1.96405,1.9642,0.60,1.70
2008.06.03 18:33:39.300,1.964,1.9642,2.50,2.00
2008.06.03 18:33:57.110,1.96405,1.9642,1.60,1.60
2008.06.03 18:33:57.440,1.96405,1.9642,2.10,1.60
2008.06.03 18:33:57.753,1.96405,1.96425,2.10,2.70
2008.06.03 18:33:59.271,1.96405,1.96425,2.10,1.20
2008.06.03 18:34:12.458,1.96405,1.96425,2.10,2.00
2008.06.03 18:34:12.831,1.96405,1.96425,2.50,1.60
2008.06.03 18:34:15.016,1.96405,1.96425,2.50,2.70
2008.06.03 18:34:15.335,1.96415,1.9643,1.60,2.00
2008.06.03 18:34:15.689,1.96415,1.96435,2.10,2.00
2008.06.03 18:34:15.961,1.9641,1.9643,1.60,1.40
2008.06.03 18:34:20.617,1.9641,1.9643,2.10,1.60
2008.06.03 18:34:20.762,1.9641,1.9643,2.10,1.80
2008.06.03 18:34:22.411,1.9641,1.9643,1.60,1.90
2008.06.03 18:34:26.450,1.9641,1.9643,2.10,1.70
2008.06.03 18:34:28.201,1.9641,1.9643,1.60,1.40
2008.06.03 18:34:29.665,1.9641,1.9643,1.60,2.30
2008.06.03 18:34:31.045,1.9641,1.9643,0.80,1.60
2008.06.03 18:34:31.698,1.96415,1.9643,0.60,1.60
2008.06.03 18:34:33.188,1.9641,1.9643,2.40,1.60
2008.06.03 18:34:34.460,1.96415,1.9643,0.60,1.60
2008.06.03 18:34:36.053,1.9641,1.9643,2.10,1.60
2008.06.03 18:34:40.050,1.9641,1.9643,0.50,2.70
2008.06.03 18:34:40.794,1.9641,1.9643,1.60,2.00
2008.06.03 18:34:45.209,1.96415,1.9643,0.60,1.20
2008.06.03 18:34:45.349,1.96415,1.9643,2.10,1.60
2008.06.03 18:34:45.818,1.96415,1.96435,2.10,1.30
2008.06.03 18:35:04.110,1.96415,1.96435,2.10,2.00
2008.06.03 18:35:04.322,1.9642,1.96435,1.60,0.50
2008.06.03 18:35:04.384,1.9642,1.9644,1.60,2.10
2008.06.03 18:35:10.267,1.9642,1.96435,1.60,1.10
2008.06.03 18:35:10.646,1.96415,1.96435,2.10,2.70
2008.06.03 18:35:14.698,1.96415,1.96435,1.60,2.70
2008.06.03 18:35:14.786,1.9641,1.9643,2.40,1.60
2008.06.03 18:35:16.282,1.96415,1.96435,2.10,1.60
2008.06.03 18:35:16.448,1.96415,1.96435,2.10,2.70
2008.06.03 18:35:16.759,1.9641,1.9643,1.40,1.60
2008.06.03 18:35:17.059,1.9641,1.9643,1.60,1.60
2008.06.03 18:35:24.867,1.96415,1.9643,0.60,1.60
2008.06.03 18:35:30.317,1.96415,1.96435,2.10,1.60
2008.06.03 18:35:30.364,1.96415,1.96435,2.10,2.70
2008.06.03 18:35:30.537,1.96415,1.96435,2.10,1.60
2008.06.03 18:35:30.848,1.96415,1.96435,2.10,2.70
2008.06.03 18:35:31.016,1.96415,1.96435,2.10,1.60
2008.06.03 18:35:39.612,1.96415,1.96435,2.10,2.70
2008.06.03 18:35:40.504,1.96415,1.9643,1.60,1.10
2008.06.03 18:35:40.764,1.9641,1.9643,0.50,2.70
2008.06.03 18:35:41.914,1.9641,1.9643,0.90,0.50
2008.06.03 18:35:42.103,1.96405,1.96425,1.60,2.70
2008.06.03 18:35:42.290,1.96405,1.9642,1.60,1.10
2008.06.03 18:35:43.682,1.96405,1.96425,2.10,2.70
2008.06.03 18:35:44.140,1.96405,1.96425,2.10,1.60
2008.06.03 18:35:47.882,1.9641,1.96425,0.60,1.60
2008.06.03 18:35:48.347,1.96415,1.96425,0.60,1.60
2008.06.03 18:35:52.863,1.96415,1.96435,2.10,1.60
2008.06.03 18:35:59.184,1.9642,1.96435,0.60,1.60
2008.06.03 18:35:59.343,1.9642,1.9644,2.10,1.60
2008.06.03 18:35:59.927,1.9642,1.9644,1.60,1.30
2008.06.03 18:36:00.905,1.9642,1.9644,2.10,0.90
2008.06.03 18:36:16.571,1.9642,1.9644,1.60,0.80
2008.06.03 18:36:31.337,1.96415,1.96435,2.50,1.60
2008.06.03 18:36:31.524,1.96415,1.96435,1.60,2.70
2008.06.03 18:36:32.232,1.96415,1.9643,1.60,1.10
2008.06.03 18:36:32.419,1.9641,1.9643,0.80,2.70
2008.06.03 18:36:33.426,1.9641,1.9643,0.60,1.60
2008.06.03 18:36:33.560,1.9641,1.9643,0.90,2.70
2008.06.03 18:36:33.929,1.9641,1.9643,2.00,1.50
2008.06.03 18:36:35.870,1.9641,1.9643,2.30,2.00
2008.06.03 18:36:36.045,1.9641,1.9643,2.30,1.60
2008.06.03 18:36:38.290,1.96415,1.96435,1.60,2.70
2008.06.03 18:36:42.593,1.96415,1.96435,2.10,1.60
2008.06.03 18:36:42.818,1.96415,1.96435,1.60,2.70
2008.06.03 18:36:47.623,1.96415,1.96435,2.10,1.60
2008.06.03 18:37:02.713,1.96415,1.96435,1.60,2.70
2008.06.03 18:37:10.076,1.96415,1.96435,2.10,1.60
2008.06.03 18:37:27.219,1.96415,1.96435,1.60,2.70
2008.06.03 18:37:31.979,1.9641,1.9643,2.10,1.60
2008.06.03 18:37:45.979,1.9641,1.9643,1.60,2.70
2008.06.03 18:37:46.141,1.9641,1.9643,1.60,1.70
2008.06.03 18:37:50.411,1.9641,1.9643,1.60,2.70
2008.06.03 18:37:51.436,1.9641,1.9643,2.10,1.60
2008.06.03 18:37:57.065,1.9641,1.9643,1.60,2.70
2008.06.03 18:37:59.965,1.96405,1.96425,2.10,1.60
2008.06.03 18:38:03.502,1.96405,1.96425,1.60,2.70
2008.06.03 18:38:04.073,1.964,1.9642,1.60,2.00
2008.06.03 18:38:04.169,1.964,1.9642,2.00,1.50
2008.06.03 18:38:04.247,1.964,1.9642,1.40,2.70
2008.06.03 18:38:04.754,1.964,1.9642,0.50,1.50
2008.06.03 18:38:04.865,1.964,1.9642,1.90,2.70
2008.06.03 18:38:05.012,1.9641,1.9642,1.60,1.10
2008.06.03 18:38:05.130,1.96405,1.96425,1.60,0.90
2008.06.03 18:38:05.279,1.96405,1.96425,1.60,2.70
2008.06.03 18:38:05.398,1.96405,1.96425,2.10,1.60
2008.06.03 18:38:10.235,1.9641,1.9643,1.60,2.70
2008.06.03 18:38:10.470,1.9641,1.96425,1.60,0.50
2008.06.03 18:38:10.677,1.96405,1.96425,2.10,1.00
2008.06.03 18:38:10.874,1.96405,1.96425,1.60,2.70
2008.06.03 18:38:12.345,1.9641,1.96425,1.60,1.10
2008.06.03 18:38:12.484,1.9641,1.9643,1.60,1.70
2008.06.03 18:38:12.614,1.96405,1.96425,2.10,1.60
2008.06.03 18:38:12.989,1.96405,1.96425,1.60,2.70
2008.06.03 18:38:13.441,1.96405,1.9642,1.60,1.10
2008.06.03 18:38:13.908,1.96405,1.96425,1.60,2.70
2008.06.03 18:38:14.167,1.964,1.9642,1.60,2.70
2008.06.03 18:38:14.445,1.964,1.9642,1.60,2.70
2008.06.03 18:38:14.605,1.964,1.9642,2.10,1.60
2008.06.03 18:38:15.240,1.964,1.9642,2.40,1.60
2008.06.03 18:38:16.284,1.964,1.9642,1.50,2.70
2008.06.03 18:38:20.398,1.964,1.9642,0.60,1.60
2008.06.03 18:38:36.580,1.9641,1.96425,1.60,0.50
2008.06.03 18:38:36.938,1.9641,1.9643,1.60,1.00
2008.06.03 18:38:37.134,1.9641,1.9643,2.10,1.60
2008.06.03 18:38:37.282,1.9641,1.9643,2.10,0.50
2008.06.03 18:38:37.490,1.9641,1.9643,2.10,2.70
2008.06.03 18:38:37.784,1.9641,1.9643,1.60,2.70
2008.06.03 18:38:37.997,1.9641,1.9643,2.10,1.60
2008.06.03 18:38:38.776,1.9641,1.9643,1.60,2.70
2008.06.03 18:38:46.227,1.96405,1.96425,2.10,1.60
2008.06.03 18:38:46.660,1.96405,1.96425,2.10,2.70
2008.06.03 18:38:46.876,1.9641,1.96425,1.60,1.10
2008.06.03 18:38:47.092,1.96405,1.96425,2.10,2.70
2008.06.03 18:38:47.304,1.96405,1.96425,2.10,1.60
2008.06.03 18:38:47.676,1.9641,1.96425,1.60,1.10
2008.06.03 18:38:48.710,1.96405,1.96425,2.10,1.60
2008.06.03 18:38:53.178,1.9641,1.96425,1.60,1.10
2008.06.03 18:38:54.035,1.9641,1.96425,1.60,1.50
2008.06.03 18:38:54.175,1.96405,1.96425,2.10,1.60
2008.06.03 18:38:55.128,1.96405,1.96425,2.10,1.60
2008.06.03 18:38:55.179,1.9641,1.9643,1.60,2.70
2008.06.03 18:38:55.793,1.96405,1.96425,2.10,1.60
2008.06.03 18:38:57.153,1.9641,1.96425,1.60,1.10
2008.06.03 18:38:57.249,1.9641,1.96425,1.60,1.50
2008.06.03 18:38:57.402,1.9641,1.96425,1.60,1.10
2008.06.03 18:38:57.698,1.96415,1.96425,1.60,1.10
2008.06.03 18:38:57.793,1.96415,1.9643,2.10,2.00
2008.06.03 18:38:58.138,1.9641,1.9643,1.60,0.70
2008.06.03 18:38:58.254,1.9641,1.9643,1.60,1.40
2008.06.03 18:38:58.368,1.9641,1.9643,1.60,2.70
2008.06.03 18:38:58.592,1.96405,1.96425,2.10,1.60
2008.06.03 18:39:07.030,1.96405,1.96425,2.10,2.70
2008.06.03 18:39:07.710,1.96405,1.96425,1.60,2.70
2008.06.03 18:39:08.408,1.964,1.9642,1.40,1.60
2008.06.03 18:39:24.077,1.96405,1.9642,0.60,1.60
2008.06.03 18:39:24.297,1.96405,1.96425,2.10,1.30
2008.06.03 18:39:24.522,1.96405,1.96425,2.10,2.70
2008.06.03 18:39:25.492,1.96405,1.9642,0.60,1.60
2008.06.03 18:39:25.872,1.964,1.9642,1.80,1.60
2008.06.03 18:40:08.107,1.964,1.9642,2.10,1.60
2008.06.03 18:40:22.926,1.964,1.9642,1.60,2.70
2008.06.03 18:40:25.253,1.964,1.9642,1.60,0.50
2008.06.03 18:40:25.359,1.964,1.9642,1.60,2.70
2008.06.03 18:40:25.395,1.964,1.96415,1.60,1.10
2008.06.03 18:40:25.531,1.96395,1.96415,0.90,1.10
2008.06.03 18:41:02.711,1.96395,1.96415,0.50,1.10
2008.06.03 18:41:05.866,1.96395,1.96415,0.90,1.10
2008.06.03 18:41:07.794,1.964,1.96415,1.60,1.10
2008.06.03 18:41:07.920,1.964,1.9642,1.60,1.60
2008.06.03 18:41:08.084,1.964,1.9642,2.00,2.70
2008.06.03 18:41:08.130,1.964,1.96415,1.20,1.10
2008.06.03 18:41:19.905,1.964,1.9642,1.90,2.70
2008.06.03 18:41:23.466,1.964,1.96405,0.70,1.10
2008.06.03 18:41:23.953,1.964,1.96405,2.00,1.10
2008.06.03 18:41:24.086,1.96395,1.964,1.60,1.10
2008.06.03 18:41:24.516,1.96395,1.96415,1.60,1.60
2008.06.03 18:41:24.638,1.96395,1.96405,1.60,1.10
2008.06.03 18:41:24.921,1.96395,1.9641,1.60,1.10
2008.06.03 18:41:25.108,1.96395,1.96415,1.60,2.70
2008.06.03 18:41:25.633,1.96395,1.96415,2.10,1.60
2008.06.03 18:41:27.887,1.964,1.9642,1.60,2.70
2008.06.03 18:41:27.933,1.964,1.9642,2.10,1.60
2008.06.03 18:41:28.669,1.964,1.9642,0.70,1.60
2008.06.03 18:41:30.258,1.96405,1.9642,0.60,1.60
2008.06.03 18:41:32.361,1.96405,1.96425,2.10,1.70
2008.06.03 18:41:33.652,1.96405,1.9642,0.60,1.60
2008.06.03 18:41:35.474,1.96405,1.96425,2.10,2.00
2008.06.03 18:41:35.616,1.9641,1.96425,0.60,2.00
2008.06.03 18:41:36.033,1.9641,1.96425,2.10,0.50
2008.06.03 18:41:38.086,1.9641,1.96425,1.60,0.50
2008.06.03 18:41:38.687,1.96405,1.96425,2.10,2.00
2008.06.03 18:41:38.727,1.96405,1.96425,2.10,1.60
2008.06.03 18:41:39.645,1.9641,1.96425,0.60,1.60
2008.06.03 18:41:39.983,1.9641,1.9643,2.10,1.30
2008.06.03 18:41:40.086,1.9641,1.9643,1.60,1.20
2008.06.03 18:41:40.434,1.96405,1.96425,2.50,1.60
2008.06.03 18:41:40.533,1.96405,1.96425,2.10,1.60
2008.06.03 18:41:40.891,1.96405,1.96425,2.10,2.70
2008.06.03 18:41:41.441,1.96405,1.9642,0.60,1.60
2008.06.03 18:41:41.827,1.96405,1.96425,2.10,2.70
2008.06.03 18:41:42.404,1.9641,1.96425,1.60,1.10
2008.06.03 18:41:42.493,1.9641,1.9643,1.60,1.30
2008.06.03 18:41:43.514,1.9641,1.9643,2.10,1.40
2008.06.03 18:41:43.752,1.96415,1.9643,0.60,1.60
2008.06.03 18:41:43.982,1.96415,1.96435,2.10,2.00
2008.06.03 18:41:44.187,1.96415,1.96435,2.10,1.60
2008.06.03 18:41:45.597,1.96415,1.96435,2.10,2.70
2008.06.03 18:41:46.339,1.96415,1.96435,1.60,2.70
2008.06.03 18:41:46.451,1.9641,1.9643,0.60,1.60
2008.06.03 18:41:46.642,1.96415,1.9643,0.60,1.60
2008.06.03 18:41:47.032,1.96415,1.96435,2.10,2.70
2008.06.03 18:41:47.375,1.96415,1.96435,2.10,1.60
2008.06.03 18:41:47.536,1.9642,1.9644,1.60,1.90
2008.06.03 18:41:47.662,1.9642,1.96435,1.60,0.50
2008.06.03 18:42:05.959,1.96415,1.96435,2.10,0.60
2008.06.03 18:42:10.051,1.9642,1.96435,1.60,1.50
2008.06.03 18:42:10.157,1.9642,1.96435,1.60,0.50
2008.06.03 18:42:23.477,1.9642,1.9644,1.60,1.70
2008.06.03 18:42:24.631,1.9642,1.9644,2.10,2.00
2008.06.03 18:42:37.473,1.9642,1.9644,2.10,1.90
2008.06.03 18:42:37.701,1.9642,1.9644,1.60,0.60
2008.06.03 18:42:43.784,1.9642,1.9644,1.60,0.90
2008.06.03 18:43:06.339,1.9642,1.9644,2.10,1.80
2008.06.03 18:43:06.721,1.96425,1.9644,1.60,1.50
2008.06.03 18:43:07.105,1.9642,1.9644,2.10,2.00
2008.06.03 18:43:07.302,1.9642,1.9644,2.10,1.10
2008.06.03 18:43:07.702,1.96425,1.9644,1.60,0.50
2008.06.03 18:43:10.581,1.96425,1.9644,1.60,1.50
2008.06.03 18:43:11.143,1.9642,1.9644,1.40,0.50
2008.06.03 18:43:12.345,1.9642,1.96435,2.10,1.10
2008.06.03 18:43:12.610,1.9642,1.9643,1.30,1.10
2008.06.03 18:43:12.698,1.9642,1.9643,2.00,2.70
2008.06.03 18:43:12.781,1.9641,1.9643,0.70,2.70
2008.06.03 18:43:12.862,1.9641,1.9643,1.90,1.80
2008.06.03 18:43:12.945,1.9641,1.9643,1.20,1.60
2008.06.03 18:43:14.106,1.9641,1.9643,2.10,1.60
2008.06.03 18:43:14.513,1.9641,1.9643,1.60,2.70
2008.06.03 18:43:15.022,1.9641,1.9643,2.10,1.60
2008.06.03 18:43:15.814,1.9641,1.9643,1.80,1.60
2008.06.03 18:43:21.088,1.9641,1.9643,1.60,2.70
2008.06.03 18:43:21.127,1.9641,1.9643,1.60,2.70
2008.06.03 18:43:21.161,1.96405,1.96425,2.10,1.60
2008.06.03 18:43:21.610,1.9641,1.9643,1.60,2.70
2008.06.03 18:43:21.966,1.9641,1.9643,2.10,1.60
2008.06.03 18:43:22.068,1.96415,1.96435,1.60,1.90
2008.06.03 18:43:22.133,1.9641,1.9643,2.10,1.60
2008.06.03 18:43:22.257,1.9641,1.9643,1.90,1.60
2008.06.03 18:43:22.377,1.96415,1.9643,0.60,1.60
2008.06.03 18:43:22.502,1.9641,1.9643,0.80,1.60
2008.06.03 18:43:22.740,1.9641,1.9643,2.10,1.60
2008.06.03 18:43:22.980,1.9641,1.9643,1.60,2.70
2008.06.03 18:43:25.108,1.9641,1.9643,2.10,1.60
2008.06.03 18:43:25.749,1.9641,1.9643,1.10,1.60
2008.06.03 18:43:25.997,1.96415,1.96435,1.60,1.90
2008.06.03 18:43:32.707,1.9641,1.9643,1.10,1.60
2008.06.03 18:43:33.539,1.9641,1.9643,1.50,2.70
2008.06.03 18:43:33.826,1.9641,1.9643,0.60,1.80
2008.06.03 18:43:34.237,1.9641,1.9643,1.60,1.10
2008.06.03 18:43:46.092,1.96415,1.9643,1.60,0.60
2008.06.03 18:43:46.193,1.9641,1.9643,2.10,1.10
2008.06.03 18:43:46.470,1.9641,1.9643,2.10,1.10
2008.06.03 18:43:46.575,1.9641,1.9643,1.90,1.60
2008.06.03 18:43:51.709,1.96425,1.96435,1.60,1.50
2008.06.03 18:43:51.810,1.96425,1.96435,1.60,0.50
2008.06.03 18:43:51.937,1.96425,1.9644,1.60,2.00
2008.06.03 18:43:52.106,1.96425,1.96435,1.60,1.10
2008.06.03 18:43:52.204,1.96415,1.96435,2.10,2.70
2008.06.03 18:43:52.364,1.96415,1.96435,1.60,2.70
2008.06.03 18:43:52.984,1.96415,1.96435,2.10,1.60
2008.06.03 18:43:53.285,1.9642,1.9644,1.60,0.70
2008.06.03 18:43:53.560,1.9642,1.96435,1.60,0.50
2008.06.03 18:43:53.710,1.96415,1.96435,2.10,2.00
2008.06.03 18:43:53.984,1.96415,1.96435,2.10,1.60
2008.06.03 18:43:57.144,1.9642,1.9644,1.60,2.70
2008.06.03 18:43:57.289,1.9642,1.96435,1.60,0.50
2008.06.03 18:44:01.579,1.9642,1.96435,2.10,0.50
2008.06.03 18:44:01.749,1.96425,1.96435,1.60,0.50
2008.06.03 18:44:01.891,1.96425,1.9644,1.60,2.00
2008.06.03 18:44:02.381,1.96425,1.9644,1.60,0.50
2008.06.03 18:44:06.224,1.9642,1.9644,1.50,1.20
2008.06.03 18:44:06.592,1.9642,1.9644,1.60,1.40
2008.06.03 18:44:12.126,1.9642,1.96425,1.60,1.10
2008.06.03 18:44:12.414,1.9641,1.96425,2.00,2.70
2008.06.03 18:44:12.544,1.96405,1.96425,2.50,2.70
2008.06.03 18:44:12.689,1.96405,1.9642,0.90,1.60
2008.06.03 18:44:12.819,1.96405,1.9642,0.50,2.30
2008.06.03 18:44:12.964,1.964,1.9642,0.50,1.90
2008.06.03 18:44:14.029,1.964,1.9642,2.00,2.50
2008.06.03 18:44:30.161,1.964,1.9642,2.50,0.60
2008.06.03 18:44:30.941,1.964,1.9642,2.00,1.70
2008.06.03 18:44:35.875,1.964,1.9642,2.50,1.10
2008.06.03 18:44:36.214,1.964,1.9642,0.90,0.70
2008.06.03 18:44:36.389,1.96405,1.9642,0.50,0.60
2008.06.03 18:44:39.640,1.96405,1.9642,0.90,1.90
2008.06.03 18:44:39.834,1.96405,1.9642,2.50,1.60
2008.06.03 18:44:40.367,1.9641,1.96425,2.00,1.60
2008.06.03 18:44:40.627,1.96415,1.96425,0.60,1.60
2008.06.03 18:44:41.233,1.96415,1.9643,0.60,1.60
2008.06.03 18:44:41.742,1.96415,1.96435,0.60,1.60
2008.06.03 18:44:43.200,1.96415,1.9644,2.10,2.30
2008.06.03 18:44:47.680,1.96415,1.96435,2.10,1.10
2008.06.03 18:44:47.768,1.96415,1.96435,0.60,2.70
2008.06.03 18:44:48.204,1.96415,1.9643,0.60,1.60
2008.06.03 18:44:48.263,1.9641,1.9643,2.90,1.60
2008.06.03 18:44:48.458,1.9641,1.9643,0.90,0.60
2008.06.03 18:44:48.844,1.9641,1.9643,2.50,1.60
2008.06.03 18:44:48.993,1.96415,1.9643,0.60,1.60
2008.06.03 18:44:49.411,1.96415,1.96435,0.60,2.70
2008.06.03 18:44:49.549,1.96415,1.96435,0.60,1.90
2008.06.03 18:44:51.290,1.9641,1.9643,2.90,1.60
2008.06.03 18:44:51.375,1.9641,1.9643,0.90,0.60
2008.06.03 18:44:51.469,1.9641,1.9643,0.60,1.70
2008.06.03 18:44:51.663,1.96405,1.9643,2.50,1.80
2008.06.03 18:44:51.747,1.96405,1.96425,0.90,1.60
2008.06.03 18:44:51.834,1.96405,1.96425,0.90,2.70
2008.06.03 18:44:52.789,1.96405,1.9642,0.50,1.60
2008.06.03 18:44:52.960,1.964,1.9642,0.90,1.10
2008.06.03 18:45:16.847,1.9641,1.9642,1.60,1.60
2008.06.03 18:45:17.125,1.9641,1.9642,2.10,1.60
2008.06.03 18:45:17.325,1.9641,1.9643,0.60,1.60
2008.06.03 18:45:18.278,1.9641,1.96435,0.70,1.20
2008.06.03 18:45:18.353,1.9641,1.96435,1.10,2.70
2008.06.03 18:45:18.768,1.9641,1.96425,2.50,1.60
2008.06.03 18:45:19.006,1.9641,1.96425,2.00,1.60
2008.06.03 18:45:19.072,1.9641,1.96425,2.00,2.70
2008.06.03 18:45:19.413,1.96405,1.96425,0.90,2.70
2008.06.03 18:45:28.152,1.96405,1.96425,0.90,1.60
2008.06.03 18:45:28.429,1.9641,1.9643,1.60,1.80
2008.06.03 18:45:28.502,1.9641,1.9643,2.10,2.00
2008.06.03 18:45:28.549,1.9641,1.96435,2.20,1.90
2008.06.03 18:45:28.753,1.9641,1.96435,1.60,2.70
2008.06.03 18:45:28.863,1.96415,1.96435,0.60,1.60
2008.06.03 18:45:30.054,1.96415,1.9644,2.10,2.00
2008.06.03 18:45:31.890,1.96415,1.9644,2.50,0.60
2008.06.03 18:45:36.391,1.96415,1.96435,0.60,1.60
2008.06.03 18:45:36.533,1.9641,1.96435,0.60,2.70
2008.06.03 18:45:40.617,1.96415,1.96435,0.60,1.60
2008.06.03 18:45:41.956,1.96415,1.9644,2.50,1.70
2008.06.03 18:45:42.099,1.96415,1.9644,2.10,0.80
2008.06.03 18:45:44.878,1.96415,1.96435,0.60,1.60
2008.06.03 18:45:47.052,1.9641,1.96435,0.90,2.70
2008.06.03 18:45:54.811,1.9641,1.9643,2.50,1.60
2008.06.03 18:45:54.853,1.9641,1.9643,2.00,2.70
2008.06.03 18:45:55.062,1.9641,1.9643,2.50,1.60
2008.06.03 18:45:55.105,1.9641,1.9643,2.90,1.60
2008.06.03 18:45:55.828,1.9641,1.9643,0.90,1.40
2008.06.03 18:45:58.685,1.9641,1.9643,0.50,1.30
2008.06.03 18:46:03.942,1.9641,1.9643,0.90,0.60
2008.06.03 18:46:04.335,1.9641,1.9643,0.50,1.90
2008.06.03 18:46:05.771,1.9641,1.9643,0.90,0.90
2008.06.03 18:46:10.467,1.9641,1.9643,0.50,1.20
2008.06.03 18:46:20.650,1.96405,1.96425,2.00,1.10
2008.06.03 18:46:20.940,1.96405,1.96415,2.00,1.10
2008.06.03 18:46:21.054,1.96405,1.96415,0.50,2.70
2008.06.03 18:46:21.164,1.964,1.96415,2.00,2.70
2008.06.03 18:46:21.275,1.96395,1.96415,0.60,2.70
2008.06.03 18:46:21.399,1.96405,1.96415,0.60,1.60
2008.06.03 18:46:21.533,1.96405,1.9642,2.10,2.00
2008.06.03 18:46:21.661,1.96405,1.9642,2.10,0.50
2008.06.03 18:46:21.786,1.96405,1.9643,2.10,2.70
2008.06.03 18:46:21.923,1.9641,1.9643,1.60,0.60
2008.06.03 18:46:22.189,1.9641,1.9643,0.60,1.50
2008.06.03 18:46:27.902,1.9641,1.9643,0.60,1.10
2008.06.03 18:46:27.987,1.9641,1.96435,1.10,1.10
2008.06.03 18:46:28.861,1.96415,1.96435,2.10,1.10
2008.06.03 18:46:29.768,1.96415,1.96435,0.60,1.80
2008.06.03 18:46:55.435,1.96415,1.96435,2.10,1.10
2008.06.03 18:47:05.324,1.96415,1.96435,2.10,2.70
2008.06.03 18:47:08.080,1.96415,1.96435,0.60,2.70
2008.06.03 18:47:08.773,1.96415,1.96435,0.60,1.60
2008.06.03 18:47:14.172,1.96415,1.96435,2.10,1.60
2008.06.03 18:47:23.101,1.96425,1.9644,1.60,1.40
2008.06.03 18:47:23.254,1.96425,1.96445,1.60,1.80
2008.06.03 18:47:23.533,1.96425,1.9644,1.60,1.10
2008.06.03 18:47:23.684,1.9642,1.9644,2.10,2.10
2008.06.03 18:47:23.973,1.9642,1.9644,2.10,0.60
2008.06.03 18:47:26.437,1.9642,1.9644,0.60,2.10
2008.06.03 18:47:37.481,1.96415,1.9644,2.50,1.40
2008.06.03 18:47:46.347,1.9642,1.9644,0.60,1.20
2008.06.03 18:47:46.669,1.96415,1.9644,2.50,1.00
2008.06.03 18:47:48.740,1.96415,1.96435,0.90,1.60
2008.06.03 18:47:48.803,1.96415,1.96435,0.60,2.70
2008.06.03 18:47:49.118,1.96415,1.96435,2.10,1.10
2008.06.03 18:47:49.163,1.96415,1.9644,2.10,0.50
2008.06.03 18:47:49.219,1.96415,1.9644,2.50,0.60
2008.06.03 18:47:49.450,1.96415,1.9644,2.10,0.60
2008.06.03 18:47:52.215,1.9642,1.9644,1.60,2.20
2008.06.03 18:48:23.734,1.9642,1.9644,1.60,1.00
2008.06.03 18:48:50.961,1.9642,1.9644,2.10,1.50
2008.06.03 18:48:51.129,1.96425,1.9644,0.60,2.00
2008.06.03 18:48:51.378,1.96425,1.9644,2.10,0.50
2008.06.03 18:48:51.521,1.96425,1.96445,1.60,1.20
2008.06.03 18:48:52.261,1.9642,1.9644,2.60,2.70
2008.06.03 18:48:52.487,1.9642,1.9644,2.10,1.70
2008.06.03 18:48:53.422,1.9642,1.9644,1.60,2.20
2008.06.03 18:48:53.828,1.9642,1.9644,1.60,0.80
2008.06.03 18:49:01.266,1.9642,1.9644,2.10,2.30
2008.06.03 18:49:03.787,1.9642,1.9644,1.60,2.70
2008.06.03 18:49:24.597,1.9642,1.9644,2.10,0.90
2008.06.03 18:49:28.532,1.9642,1.9644,1.60,2.60
2008.06.03 18:49:52.309,1.96415,1.9644,0.90,1.20
2008.06.03 18:49:52.634,1.96415,1.9644,0.90,1.50
2008.06.03 18:50:01.011,1.96415,1.96435,0.60,0.50
2008.06.03 18:50:05.720,1.96415,1.9644,0.90,1.50
2008.06.03 18:50:06.074,1.96415,1.9644,0.60,1.50
2008.06.03 18:50:06.233,1.96415,1.96435,0.60,0.50
2008.06.03 18:50:06.665,1.96415,1.9644,0.60,1.50
2008.06.03 18:50:06.944,1.96415,1.96435,2.10,1.60
2008.06.03 18:50:07.091,1.96415,1.96435,2.10,2.70
2008.06.03 18:50:08.078,1.96415,1.96435,2.10,0.90
2008.06.03 18:50:08.566,1.96415,1.96435,2.50,2.70
2008.06.03 18:50:10.942,1.96415,1.96435,2.10,2.70
2008.06.03 18:50:11.185,1.96415,1.96435,2.10,1.20
2008.06.03 18:50:11.769,1.96415,1.9643,2.10,0.50
2008.06.03 18:50:11.885,1.9642,1.9643,1.60,0.50
2008.06.03 18:50:11.999,1.9642,1.96435,1.60,0.50
2008.06.03 18:50:12.285,1.96415,1.96435,2.10,2.00
2008.06.03 18:50:12.634,1.96415,1.96435,2.50,1.60
2008.06.03 18:50:12.899,1.96415,1.96435,2.10,2.70
2008.06.03 18:50:15.615,1.96415,1.96435,2.50,2.70
2008.06.03 18:50:15.924,1.9642,1.96435,1.60,1.10
2008.06.03 18:50:15.967,1.9642,1.96435,1.60,1.10
2008.06.03 18:50:16.042,1.9642,1.9644,1.60,1.10
2008.06.03 18:50:16.145,1.9642,1.9644,1.60,2.70
2008.06.03 18:50:16.680,1.9642,1.9644,1.60,0.60
2008.06.03 18:50:23.837,1.9642,1.9644,2.10,1.40
2008.06.03 18:50:28.773,1.9642,1.9644,1.60,1.80
2008.06.03 18:50:30.172,1.9642,1.9644,2.10,1.10
2008.06.03 18:50:45.442,1.9642,1.9644,1.60,1.60
2008.06.03 18:51:01.382,1.9642,1.9644,2.10,1.00
2008.06.03 18:51:15.912,1.9642,1.9644,0.60,1.50
2008.06.03 18:51:18.871,1.9642,1.9644,0.60,0.50
2008.06.03 18:51:20.227,1.9642,1.96445,0.60,1.50
2008.06.03 18:51:41.148,1.96425,1.96445,0.60,0.50
2008.06.03 18:51:41.672,1.96425,1.96445,2.10,2.00
2008.06.03 18:51:41.790,1.96425,1.96445,2.10,1.60
2008.06.03 18:51:43.215,1.96425,1.96445,2.10,2.70
2008.06.03 18:51:43.614,1.96425,1.9644,2.10,1.60
2008.06.03 18:51:43.831,1.96425,1.9644,0.60,0.90
2008.06.03 18:51:44.614,1.96425,1.9644,2.50,1.60
2008.06.03 18:51:44.759,1.96425,1.9644,2.10,1.60
2008.06.03 18:51:45.278,1.96425,1.96445,2.10,1.60
2008.06.03 18:51:47.578,1.96425,1.9644,1.60,1.10
2008.06.03 18:51:47.709,1.9642,1.96435,2.50,1.60
2008.06.03 18:51:47.841,1.9642,1.96435,0.60,1.60
2008.06.03 18:51:49.279,1.96415,1.96435,2.50,1.60
2008.06.03 18:51:50.223,1.96415,1.96435,2.50,2.70
2008.06.03 18:51:50.383,1.96415,1.96435,2.10,2.70
2008.06.03 18:51:51.152,1.96415,1.96435,2.10,1.60
2008.06.03 18:51:57.022,1.96415,1.96435,2.10,2.70
2008.06.03 18:51:57.510,1.96415,1.96435,2.10,1.20
2008.06.03 18:51:59.144,1.96415,1.96435,2.10,2.00
2008.06.03 18:51:59.563,1.96415,1.96435,2.10,1.60
2008.06.03 18:51:59.723,1.96415,1.96435,2.10,2.00
2008.06.03 18:52:01.459,1.96415,1.96435,2.10,1.30
2008.06.03 18:52:03.301,1.96415,1.96435,2.10,2.00
2008.06.03 18:52:03.483,1.96415,1.96435,2.10,0.50
2008.06.03 18:52:08.111,1.9642,1.96435,1.60,0.50
2008.06.03 18:52:08.426,1.9642,1.9644,1.60,2.40
2008.06.03 18:52:13.856,1.9642,1.9644,1.60,0.90
2008.06.03 18:52:14.149,1.96415,1.96435,2.50,2.70
2008.06.03 18:52:14.703,1.96415,1.96435,2.10,1.00
2008.06.03 18:52:16.009,1.96415,1.96435,2.10,2.00
2008.06.03 18:52:16.073,1.9642,1.96435,1.60,0.50
2008.06.03 18:52:16.396,1.9642,1.9644,1.60,1.00
2008.06.03 18:52:37.086,1.9642,1.9644,2.10,2.60
2008.06.03 18:52:47.983,1.9642,1.9644,2.10,1.10
2008.06.03 18:53:02.274,1.96425,1.9644,0.60,2.00
2008.06.03 18:53:02.881,1.96425,1.9644,0.60,1.60
2008.06.03 18:53:05.162,1.96425,1.96445,2.10,2.00
2008.06.03 18:53:12.092,1.96425,1.96445,2.10,0.60
2008.06.03 18:53:17.295,1.96425,1.96445,2.10,2.00
2008.06.03 18:53:18.353,1.96425,1.96445,2.10,0.60
2008.06.03 18:53:19.006,1.96425,1.96445,2.10,2.00
2008.06.03 18:53:19.913,1.96425,1.96445,2.10,1.60
2008.06.03 18:53:20.855,1.96425,1.96445,2.10,2.70
2008.06.03 18:53:21.267,1.9642,1.9644,2.50,2.70
2008.06.03 18:53:25.079,1.96425,1.9644,0.60,1.60
2008.06.03 18:53:25.382,1.96435,1.9644,0.60,1.60
2008.06.03 18:53:25.471,1.96435,1.9645,2.10,1.60
2008.06.03 18:53:25.563,1.96435,1.96455,2.10,2.70
2008.06.03 18:53:25.690,1.96435,1.96455,2.10,1.60
2008.06.03 18:53:25.852,1.9644,1.9646,1.60,2.70
2008.06.03 18:53:26.425,1.96445,1.96465,1.60,2.70
2008.06.03 18:53:26.793,1.96445,1.9646,0.60,1.60
2008.06.03 18:53:27.157,1.9644,1.9646,1.60,2.70
2008.06.03 18:53:27.253,1.96445,1.9646,1.60,1.10
2008.06.03 18:53:27.426,1.96445,1.96465,1.60,2.70
2008.06.03 18:53:27.693,1.96445,1.96465,2.10,2.70
2008.06.03 18:53:28.149,1.96445,1.96465,1.60,2.70
2008.06.03 18:53:28.766,1.9645,1.96465,1.60,1.10
2008.06.03 18:53:28.880,1.9645,1.9647,1.60,2.70
2008.06.03 18:53:29.371,1.96445,1.96465,2.10,1.60
2008.06.03 18:53:29.620,1.96445,1.96465,2.10,2.70
2008.06.03 18:53:30.185,1.9645,1.96465,1.60,1.10
2008.06.03 18:53:30.312,1.9645,1.9647,1.60,0.90
2008.06.03 18:53:30.474,1.9645,1.9647,1.60,2.70
2008.06.03 18:53:30.731,1.9645,1.96465,1.60,1.10
2008.06.03 18:53:31.175,1.9645,1.9647,1.60,0.90
2008.06.03 18:53:31.269,1.96445,1.96465,2.10,1.60
2008.06.03 18:53:31.743,1.96445,1.96465,1.60,2.70
2008.06.03 18:53:32.045,1.96445,1.9646,1.60,1.10
2008.06.03 18:53:32.224,1.96445,1.96465,2.10,2.70
2008.06.03 18:53:32.370,1.96445,1.9646,1.60,1.10
2008.06.03 18:53:32.591,1.96445,1.96465,1.60,2.70
2008.06.03 18:53:33.376,1.9644,1.9646,1.30,2.70
2008.06.03 18:53:33.584,1.9644,1.96455,1.60,1.10
2008.06.03 18:53:34.285,1.96435,1.96455,2.10,2.70
2008.06.03 18:53:35.628,1.96435,1.96455,2.10,1.60
2008.06.03 18:53:35.899,1.96435,1.96455,2.10,2.70
2008.06.03 18:53:36.066,1.96435,1.96455,2.10,1.60
2008.06.03 18:53:36.617,1.9644,1.9646,1.60,2.70
2008.06.03 18:53:37.033,1.9644,1.96455,1.60,1.10
2008.06.03 18:53:37.892,1.9644,1.9646,1.60,1.00
2008.06.03 18:53:38.090,1.9644,1.9646,1.60,0.70
2008.06.03 18:53:38.589,1.9644,1.9646,2.10,1.70
2008.06.03 18:53:38.832,1.9645,1.9646,0.60,1.20
2008.06.03 18:53:38.956,1.9645,1.9646,2.50,1.60
2008.06.03 18:53:39.087,1.96455,1.96475,1.60,0.90
2008.06.03 18:53:39.322,1.9645,1.9647,0.80,1.60
2008.06.03 18:53:40.345,1.96455,1.96475,1.60,0.70
2008.06.03 18:53:40.851,1.96455,1.96475,2.10,1.40
2008.06.03 18:53:41.085,1.96455,1.96475,1.60,0.90
2008.06.03 18:53:41.323,1.9645,1.9647,0.80,1.60
2008.06.03 18:53:42.240,1.9645,1.9647,2.10,0.50
2008.06.03 18:54:04.172,1.9645,1.9647,1.10,2.00
2008.06.03 18:54:04.320,1.9645,1.9647,1.30,1.60
2008.06.03 18:54:04.372,1.96455,1.9647,0.60,1.60
2008.06.03 18:54:04.573,1.9645,1.9647,1.50,1.60
2008.06.03 18:54:04.830,1.96455,1.9647,0.60,1.60
2008.06.03 18:54:08.421,1.9645,1.9647,1.70,1.60
2008.06.03 18:54:08.891,1.9645,1.9647,0.70,1.60
2008.06.03 18:54:09.647,1.9645,1.9647,0.50,2.70
2008.06.03 18:54:09.832,1.9645,1.9647,0.60,1.60
2008.06.03 18:54:11.235,1.96455,1.9647,0.60,1.60
2008.06.03 18:54:14.979,1.96455,1.96475,2.10,2.00
2008.06.03 18:54:15.106,1.96455,1.96475,2.50,1.60
2008.06.03 18:54:18.492,1.9646,1.96475,0.60,1.60
2008.06.03 18:54:18.668,1.9646,1.96475,0.90,1.60
2008.06.03 18:54:19.031,1.9646,1.9648,2.40,1.50
2008.06.03 18:54:19.241,1.9646,1.9648,1.90,1.60
2008.06.03 18:54:19.612,1.9646,1.9648,1.50,0.90
2008.06.03 18:54:19.811,1.9646,1.9648,1.50,1.10
2008.06.03 18:54:20.691,1.96455,1.96475,2.40,1.60
2008.06.03 18:54:21.550,1.96455,1.96475,2.00,1.60
2008.06.03 18:54:25.777,1.96455,1.96475,2.00,2.70
2008.06.03 18:54:27.353,1.96455,1.96475,2.40,2.70
2008.06.03 18:54:28.458,1.96455,1.96475,2.50,2.70
2008.06.03 18:54:44.816,1.96455,1.96475,2.50,1.60
2008.06.03 18:54:45.068,1.96455,1.96475,2.10,1.60
2008.06.03 18:54:49.921,1.96455,1.9647,0.60,1.60
2008.06.03 18:54:50.039,1.9645,1.9647,2.10,1.60
2008.06.03 18:54:51.822,1.96455,1.96475,1.60,2.70
2008.06.03 18:54:52.362,1.9645,1.9647,2.10,1.60
2008.06.03 18:54:53.437,1.9645,1.96465,0.60,1.60
2008.06.03 18:54:53.575,1.96445,1.96465,2.50,2.70
2008.06.03 18:54:57.311,1.96445,1.96465,2.50,1.60
2008.06.03 18:55:02.420,1.96445,1.96465,2.50,2.70
2008.06.03 18:55:22.959,1.9645,1.96465,1.60,1.10
2008.06.03 18:55:23.045,1.9645,1.9647,1.60,0.60
2008.06.03 18:55:23.365,1.96455,1.9647,1.60,2.00
2008.06.03 18:55:23.469,1.96455,1.9647,1.60,1.60
2008.06.03 18:55:23.547,1.9645,1.9647,2.10,0.80
2008.06.03 18:55:23.670,1.9645,1.9647,0.80,1.60
2008.06.03 18:55:23.912,1.9645,1.9647,1.70,2.70
2008.06.03 18:55:24.298,1.9645,1.9647,1.20,0.90
2008.06.03 18:55:40.798,1.9646,1.9647,0.60,2.00
2008.06.03 18:55:40.905,1.96475,1.9648,1.60,2.00
2008.06.03 18:55:40.956,1.9647,1.96475,2.90,0.50
2008.06.03 18:55:41.030,1.9647,1.96475,2.10,0.50
2008.06.03 18:55:41.072,1.9647,1.96475,1.40,0.50
2008.06.03 18:55:41.121,1.9647,1.9649,2.00,1.10
2008.06.03 18:55:41.244,1.9647,1.96495,1.50,1.60
2008.06.03 18:55:41.348,1.96475,1.96495,0.60,2.00
2008.06.03 18:55:41.443,1.96475,1.96495,0.60,1.60
2008.06.03 18:55:41.549,1.96475,1.965,2.10,0.80
2008.06.03 18:55:41.649,1.9648,1.965,0.60,2.00
2008.06.03 18:56:11.581,1.96475,1.9649,0.50,1.60
2008.06.03 18:56:11.714,1.9647,1.9649,2.20,1.60
2008.06.03 18:56:12.095,1.9647,1.9649,2.00,2.70
2008.06.03 18:56:12.357,1.9647,1.9649,2.00,1.00
2008.06.03 18:56:13.491,1.9647,1.96485,2.00,1.10
2008.06.03 18:56:13.572,1.9647,1.9648,2.00,1.60
2008.06.03 18:56:13.656,1.9646,1.9648,2.90,1.60
2008.06.03 18:56:13.768,1.9646,1.9648,2.40,2.70
2008.06.03 18:56:14.104,1.9646,1.9648,2.00,1.10
2008.06.03 18:56:14.527,1.9646,1.9648,1.20,1.10
2008.06.03 18:56:14.643,1.96465,1.96485,0.60,1.60
2008.06.03 18:56:14.759,1.96465,1.96485,0.60,2.70
2008.06.03 18:56:14.986,1.96465,1.96485,2.10,1.10
2008.06.03 18:56:15.645,1.9647,1.9649,0.60,1.70
2008.06.03 18:56:15.831,1.96465,1.9649,2.10,1.20
2008.06.03 18:56:15.935,1.96465,1.9649,2.10,2.20
2008.06.03 18:56:18.738,1.96465,1.9649,2.50,1.00
2008.06.03 18:56:19.342,1.9647,1.9649,0.60,1.70
2008.06.03 18:56:19.545,1.9647,1.96485,0.60,1.60
2008.06.03 18:56:20.102,1.9647,1.9649,0.60,1.80
2008.06.03 18:56:20.368,1.9647,1.9649,0.60,1.80
2008.06.03 18:56:27.561,1.9647,1.9649,2.10,2.00
2008.06.03 18:56:28.090,1.9647,1.9649,0.60,2.10
2008.06.03 18:56:30.037,1.9647,1.9649,2.10,2.00
2008.06.03 18:56:30.136,1.9647,1.9649,2.10,1.60
2008.06.03 18:56:30.521,1.96475,1.9649,0.60,1.60
2008.06.03 18:56:38.592,1.96475,1.9649,2.10,1.60
2008.06.03 18:56:38.642,1.9648,1.9649,0.60,1.60
2008.06.03 18:56:38.879,1.9648,1.965,0.60,1.30
2008.06.03 18:56:39.097,1.96485,1.965,0.60,2.20
2008.06.03 18:56:42.785,1.96485,1.965,0.60,1.10
2008.06.03 18:56:44.721,1.9648,1.965,0.60,1.50
2008.06.03 18:57:05.123,1.9648,1.965,0.90,0.70
2008.06.03 18:57:05.265,1.9648,1.965,2.50,1.60
2008.06.03 18:57:05.736,1.9648,1.96505,1.00,1.10
2008.06.03 18:57:11.097,1.9648,1.965,2.90,1.60
2008.06.03 18:57:11.193,1.9648,1.965,2.90,2.70
2008.06.03 18:57:11.388,1.9648,1.965,2.50,2.70
2008.06.03 18:57:14.281,1.9648,1.965,2.00,2.70
2008.06.03 18:57:16.478,1.9648,1.965,2.50,2.70
2008.06.03 18:57:29.745,1.9648,1.965,2.00,2.70
2008.06.03 18:57:29.981,1.9648,1.965,2.50,2.70
2008.06.03 18:57:39.445,1.9648,1.965,2.50,0.60
2008.06.03 18:57:39.563,1.9648,1.965,2.00,0.90
2008.06.03 18:57:39.916,1.9648,1.96495,2.00,0.50
2008.06.03 18:57:40.283,1.9648,1.9649,2.00,1.60
2008.06.03 18:57:40.414,1.9647,1.9649,0.70,1.60
2008.06.03 18:57:40.620,1.9647,1.9649,1.10,2.70
2008.06.03 18:57:41.614,1.9647,1.96485,0.60,1.10
2008.06.03 18:57:41.672,1.9647,1.96485,2.00,2.70
2008.06.03 18:57:41.859,1.96465,1.96485,1.60,2.70
2008.06.03 18:57:42.251,1.96465,1.96485,1.60,1.50
2008.06.03 18:57:42.567,1.96465,1.96485,1.60,1.10
2008.06.03 18:57:42.708,1.96465,1.96485,1.60,2.70
2008.06.03 18:57:43.345,1.96465,1.96485,1.60,1.10
2008.06.03 18:57:43.864,1.96465,1.96485,1.60,2.70
2008.06.03 18:57:44.215,1.96465,1.96485,1.60,1.10
2008.06.03 18:57:44.813,1.96465,1.96485,1.60,2.70
2008.06.03 18:57:45.254,1.96465,1.96485,1.60,1.10
2008.06.03 18:57:45.778,1.96465,1.96485,1.60,2.70
2008.06.03 18:57:46.214,1.96465,1.96485,1.60,1.10
2008.06.03 18:57:46.742,1.96465,1.96485,1.60,2.70
2008.06.03 18:57:47.189,1.96465,1.96485,1.60,1.10
2008.06.03 18:57:50.244,1.9646,1.96485,2.10,2.70
2008.06.03 18:57:52.744,1.9647,1.96485,1.60,1.10
2008.06.03 18:57:52.873,1.9647,1.9649,1.60,1.20
2008.06.03 18:57:52.948,1.9647,1.96485,1.60,0.50
2008.06.03 18:57:53.034,1.9647,1.9649,1.60,1.00
2008.06.03 18:57:54.401,1.9647,1.9649,1.60,0.70
2008.06.03 18:57:54.491,1.9647,1.9649,0.50,2.70
2008.06.03 18:57:54.760,1.9647,1.9649,1.40,1.10
2008.06.03 18:57:54.881,1.9647,1.9649,2.20,1.50
2008.06.03 18:57:55.195,1.9647,1.9649,2.00,0.50
2008.06.03 18:57:55.424,1.9647,1.9649,1.00,2.70
2008.06.03 18:57:55.790,1.9647,1.9649,1.50,1.50
2008.06.03 18:57:56.262,1.9647,1.9649,0.70,2.70
2008.06.03 18:57:59.925,1.9647,1.9649,0.70,1.60
2008.06.03 18:58:00.172,1.9647,1.96495,0.60,0.80
2008.06.03 18:58:01.239,1.9647,1.96495,2.10,2.70
2008.06.03 18:58:16.203,1.9649,1.96495,1.60,1.10
2008.06.03 18:58:16.501,1.9649,1.965,1.60,1.60
2008.06.03 18:58:16.609,1.9649,1.9651,1.70,1.10
2008.06.03 18:58:16.718,1.9649,1.96515,2.40,0.90
2008.06.03 18:58:16.810,1.96495,1.96515,1.60,1.50
2008.06.03 18:58:16.968,1.96495,1.96515,2.10,0.50
2008.06.03 18:58:17.551,1.96495,1.9652,2.50,1.90
2008.06.03 18:58:18.601,1.96495,1.9652,2.50,2.00
2008.06.03 18:58:20.076,1.965,1.9652,0.60,0.90
2008.06.03 18:58:20.371,1.965,1.9652,0.60,1.10
2008.06.03 18:58:20.484,1.96505,1.9652,1.60,1.60
2008.06.03 18:58:20.571,1.96505,1.96525,1.60,1.10
2008.06.03 18:58:21.289,1.96505,1.9653,2.10,1.40
2008.06.03 18:58:21.774,1.96505,1.9653,2.10,2.70
2008.06.03 18:58:22.884,1.96505,1.96525,1.60,1.10
2008.06.03 18:58:23.377,1.96505,1.9653,2.10,2.70
2008.06.03 18:58:23.575,1.96505,1.96525,1.60,1.10
2008.06.03 18:58:23.780,1.96505,1.96525,2.10,1.60
2008.06.03 18:58:23.906,1.96505,1.96525,2.10,0.50
2008.06.03 18:58:24.067,1.9651,1.9653,0.60,2.70
2008.06.03 18:58:24.360,1.9651,1.96535,1.20,0.70
2008.06.03 18:58:24.531,1.9651,1.96535,1.90,2.70
2008.06.03 18:58:24.833,1.9651,1.9653,1.80,1.60
2008.06.03 18:58:25.270,1.9651,1.96535,2.00,2.70
2008.06.03 18:58:26.352,1.9651,1.9653,2.50,1.60
2008.06.03 18:58:26.434,1.9651,1.9653,2.50,2.70
2008.06.03 18:58:26.469,1.9651,1.9653,2.90,2.70
2008.06.03 18:58:43.208,1.9652,1.9653,0.60,1.60
2008.06.03 18:58:43.314,1.9652,1.96535,2.10,0.50
2008.06.03 18:58:43.460,1.9652,1.9654,2.00,0.50
2008.06.03 18:58:43.746,1.9652,1.96535,0.70,1.10
2008.06.03 18:58:43.803,1.9652,1.96535,2.00,2.70
2008.06.03 18:58:43.877,1.96515,1.96535,0.50,2.70
2008.06.03 18:58:44.038,1.9651,1.96535,0.90,2.70
2008.06.03 18:58:45.454,1.9651,1.9653,1.00,1.10
2008.06.03 18:58:45.765,1.9651,1.9653,1.10,1.50
2008.06.03 18:58:45.914,1.9651,1.9653,2.00,0.70
2008.06.03 18:58:46.091,1.9651,1.9653,2.40,2.70
2008.06.03 18:58:46.629,1.9651,1.9653,0.50,0.90
2008.06.03 18:58:47.363,1.9651,1.9653,0.90,2.00
2008.06.03 18:58:47.778,1.9652,1.9653,1.60,2.70
2008.06.03 18:58:47.867,1.9652,1.9653,2.10,1.60
2008.06.03 18:58:48.114,1.9652,1.9654,1.30,0.50
2008.06.03 18:58:48.283,1.9652,1.96535,0.70,1.10
2008.06.03 18:58:48.374,1.9652,1.96535,2.00,2.70
2008.06.03 18:58:48.538,1.9651,1.96535,1.80,2.70
2008.06.03 18:59:02.369,1.9651,1.9653,0.60,1.10
2008.06.03 18:59:06.971,1.9651,1.9653,2.50,2.70
2008.06.03 18:59:07.116,1.9651,1.9653,2.90,2.70
2008.06.03 18:59:07.633,1.9651,1.9653,0.90,0.90
2008.06.03 18:59:08.427,1.9651,1.9653,2.00,2.70
2008.06.03 18:59:08.747,1.9651,1.9653,0.50,1.10
2008.06.03 18:59:08.904,1.9651,1.96525,2.00,2.70
2008.06.03 18:59:09.354,1.9651,1.9653,2.00,0.70
2008.06.03 18:59:11.315,1.9651,1.96525,2.00,1.10
2008.06.03 18:59:11.354,1.9651,1.96525,2.00,2.70
2008.06.03 18:59:11.490,1.96505,1.96525,2.00,2.70
2008.06.03 18:59:11.600,1.96505,1.96525,1.60,2.70
2008.06.03 18:59:13.011,1.96505,1.9651,1.60,1.10
2008.06.03 18:59:13.193,1.96495,1.9651,0.50,2.70
2008.06.03 18:59:13.485,1.96495,1.9651,2.00,1.10
2008.06.03 18:59:13.745,1.96495,1.9651,1.60,1.10
2008.06.03 18:59:14.122,1.96495,1.96515,1.60,2.70
2008.06.03 18:59:14.389,1.9649,1.965,2.00,1.60
2008.06.03 18:59:14.542,1.96485,1.965,0.50,1.60
2008.06.03 18:59:14.977,1.9649,1.96505,1.60,1.10
2008.06.03 18:59:15.144,1.9649,1.9651,2.10,2.70
2008.06.03 18:59:15.398,1.9649,1.9651,2.10,1.10
2008.06.03 18:59:16.350,1.96495,1.9651,1.60,1.10
2008.06.03 18:59:16.928,1.9649,1.9651,2.10,1.10
2008.06.03 18:59:17.317,1.96495,1.96515,0.60,1.60
2008.06.03 18:59:17.491,1.96505,1.9652,1.60,1.10
2008.06.03 18:59:17.689,1.96505,1.96525,1.60,1.50
2008.06.03 18:59:18.471,1.96505,1.9652,1.60,1.10
2008.06.03 18:59:18.925,1.96505,1.96525,1.60,1.50
2008.06.03 18:59:19.791,1.96505,1.96525,1.60,1.10
2008.06.03 18:59:20.437,1.96505,1.96525,1.60,2.70
2008.06.03 18:59:22.598,1.96505,1.9652,1.60,1.10
2008.06.03 18:59:22.943,1.965,1.9652,1.70,1.10
2008.06.03 18:59:27.425,1.965,1.9652,2.00,1.10
2008.06.03 18:59:29.359,1.965,1.9652,1.40,2.70
2008.06.03 18:59:29.692,1.965,1.9652,0.60,2.70
2008.06.03 18:59:33.433,1.965,1.9652,1.90,2.70
2008.06.03 18:59:33.883,1.965,1.96515,1.10,1.10
2008.06.03 18:59:33.965,1.965,1.96515,2.00,1.10
2008.06.03 18:59:34.093,1.96495,1.96515,1.60,1.10
2008.06.03 18:59:34.498,1.96495,1.96515,1.60,2.70
2008.06.03 18:59:34.647,1.96495,1.9651,1.60,1.10
2008.06.03 18:59:34.836,1.96495,1.96505,1.60,1.10
2008.06.03 18:59:34.984,1.9649,1.96505,2.00,1.10
2008.06.03 18:59:35.341,1.96485,1.96505,1.60,1.10
2008.06.03 18:59:37.414,1.96485,1.96505,1.60,2.70
2008.06.03 18:59:38.445,1.96495,1.96505,1.60,1.10
2008.06.03 18:59:38.674,1.96495,1.96515,1.60,1.50
2008.06.03 18:59:40.569,1.96495,1.96515,1.60,1.10
2008.06.03 18:59:41.324,1.965,1.9652,0.60,1.20
2008.06.03 18:59:41.405,1.96505,1.9652,0.60,2.20
2008.06.03 18:59:41.675,1.96505,1.9652,0.60,1.90
2008.06.03 18:59:41.813,1.96505,1.9652,0.60,1.60
2008.06.03 18:59:42.231,1.965,1.9652,2.90,1.60
2008.06.03 18:59:42.384,1.96505,1.96525,1.60,1.10
2008.06.03 18:59:45.503,1.965,1.96525,0.90,2.70
2008.06.03 18:59:47.046,1.96505,1.96525,1.60,1.10
2008.06.03 18:59:51.011,1.9651,1.9653,0.60,2.30
2008.06.03 18:59:53.965,1.96505,1.9653,2.50,2.70
2008.06.03 18:59:54.469,1.9652,1.9653,1.60,2.00
2008.06.03 18:59:54.700,1.9652,1.9653,1.60,1.60
2008.06.03 18:59:54.782,1.9652,1.9654,0.90,1.50
2008.06.03 18:59:54.875,1.9652,1.9653,2.00,1.60
2008.06.03 18:59:55.038,1.9652,1.96525,2.00,1.10
2008.06.03 18:59:55.191,1.96505,1.96525,1.60,1.10
2008.06.03 18:59:55.281,1.96505,1.96525,1.60,1.10
2008.06.03 18:59:58.661,1.96525,1.9654,2.10,1.60
2008.06.03 18:59:58.891,1.9653,1.9655,2.00,1.60
2008.06.03 18:59:59.120,1.9653,1.96545,2.00,2.00
2008.06.03 18:59:59.373,1.9653,1.96545,2.00,2.70
2008.06.03 18:59:59.523,1.9653,1.9654,2.00,1.60
2008.06.03 18:59:59.664,1.9652,1.9654,2.90,1.60
