2017.02.10 07:00:00.168,1.25108,1.25117,1.87,1.00
2017.02.10 07:00:00.423,1.25104,1.25114,1.87,1.12
2017.02.10 07:00:00.676,1.25104,1.25114,1.50,5.62
2017.02.10 07:00:01.217,1.25103,1.25112,2.62,1.50
2017.02.10 07:00:01.421,1.251,1.2511,2.62,1.50
2017.02.10 07:00:01.472,1.251,1.2511,1.37,1.50
2017.02.10 07:00:02.002,1.251,1.2511,1.00,1.50
2017.02.10 07:00:02.377,1.251,1.2511,3.72,1.69
2017.02.10 07:00:02.683,1.251,1.2511,2.62,2.06
2017.02.10 07:00:03.190,1.251,1.25109,1.50,1.00
2017.02.10 07:00:04.654,1.251,1.2511,1.00,2.44
2017.02.10 07:00:05.283,1.25101,1.25109,1.00,1.00
2017.02.10 07:00:06.380,1.25101,1.2511,1.00,2.44
2017.02.10 07:00:06.482,1.25099,1.25109,1.00,2.25
2017.02.10 07:00:09.374,1.25098,1.25109,1.87,1.50
2017.02.10 07:00:15.045,1.25098,1.25109,3.00,1.00
2017.02.10 07:00:15.446,1.25101,1.25109,1.00,1.00
2017.02.10 07:00:15.986,1.251,1.25109,1.00,1.00
2017.02.10 07:00:16.508,1.25098,1.25108,4.12,1.00
2017.02.10 07:00:16.992,1.25097,1.25106,2.25,1.00
2017.02.10 07:00:17.558,1.25097,1.25107,1.87,1.25
2017.02.10 07:00:27.579,1.25099,1.25108,1.50,1.19
2017.02.10 07:00:28.086,1.25098,1.25108,2.25,1.19
2017.02.10 07:00:30.132,1.25097,1.25106,3.00,1.00
2017.02.10 07:00:30.864,1.25096,1.25107,3.37,1.69
2017.02.10 07:00:31.459,1.25098,1.25106,1.87,1.50
2017.02.10 07:00:31.987,1.25098,1.25107,1.00,1.25
2017.02.10 07:00:36.239,1.25097,1.25107,3.75,1.25
2017.02.10 07:00:40.234,1.251,1.25107,1.00,1.25
2017.02.10 07:00:40.773,1.25098,1.25107,1.50,1.25
2017.02.10 07:00:46.063,1.251,1.25107,1.00,1.25
2017.02.10 07:00:46.215,1.25098,1.25107,1.50,1.25
2017.02.10 07:00:47.123,1.25098,1.25107,1.50,1.25
2017.02.10 07:00:48.236,1.25098,1.25107,3.00,1.25
2017.02.10 07:00:49.714,1.25098,1.25107,3.37,1.25
2017.02.10 07:00:50.274,1.25099,1.25107,1.12,1.25
2017.02.10 07:00:56.519,1.25098,1.25107,3.37,1.25
2017.02.10 07:00:56.571,1.25105,1.25111,1.37,1.37
2017.02.10 07:00:56.622,1.25105,1.25113,1.00,4.12
2017.02.10 07:00:56.673,1.25105,1.25114,1.00,2.06
2017.02.10 07:00:57.188,1.25104,1.25114,3.00,5.06
2017.02.10 07:00:57.340,1.25103,1.2511,1.87,1.00
2017.02.10 07:00:57.391,1.251,1.25109,3.37,1.00
2017.02.10 07:00:57.713,1.25098,1.25109,3.00,1.12
2017.02.10 07:00:58.219,1.25098,1.25108,3.00,1.00
2017.02.10 07:01:00.239,1.25098,1.25107,1.87,1.00
2017.02.10 07:01:00.341,1.25098,1.25106,1.12,1.25
2017.02.10 07:01:00.885,1.25098,1.25107,1.37,1.69
2017.02.10 07:01:01.436,1.25098,1.25107,3.00,1.69
2017.02.10 07:01:01.949,1.25097,1.25107,2.62,2.06
2017.02.10 07:01:03.289,1.25099,1.25107,1.50,2.06
2017.02.10 07:01:03.391,1.25099,1.25106,1.12,1.25
2017.02.10 07:01:03.443,1.25096,1.25104,3.00,1.00
2017.02.10 07:01:03.494,1.25097,1.25106,1.37,1.69
2017.02.10 07:01:07.869,1.25098,1.25107,4.12,1.69
2017.02.10 07:01:08.375,1.25099,1.25107,1.37,1.69
2017.02.10 07:01:08.880,1.25099,1.25107,1.00,1.19
2017.02.10 07:01:09.605,1.25098,1.25107,1.00,1.69
2017.02.10 07:01:10.514,1.25098,1.25107,1.50,1.69
2017.02.10 07:01:11.899,1.25099,1.25107,1.12,1.19
2017.02.10 07:01:12.406,1.251,1.25107,1.00,1.19
2017.02.10 07:01:12.922,1.25097,1.25107,5.25,1.19
2017.02.10 07:01:18.419,1.25098,1.25108,1.50,1.31
2017.02.10 07:01:19.001,1.25099,1.25108,1.00,1.31
2017.02.10 07:01:19.509,1.25098,1.25108,2.25,1.00
2017.02.10 07:01:20.024,1.25098,1.25107,2.25,1.00
2017.02.10 07:01:20.355,1.25099,1.25109,1.37,1.00
2017.02.10 07:01:21.577,1.25101,1.25111,1.00,3.56
2017.02.10 07:01:22.491,1.25104,1.25112,1.00,1.12
2017.02.10 07:01:22.542,1.25105,1.25112,2.25,1.12
2017.02.10 07:01:22.593,1.25105,1.25116,2.62,4.12
2017.02.10 07:01:22.644,1.25105,1.25114,1.12,1.00
2017.02.10 07:01:22.948,1.25101,1.25111,1.50,3.00
2017.02.10 07:01:23.242,1.25099,1.2511,2.81,4.12
2017.02.10 07:01:24.851,1.251,1.25109,1.12,1.00
2017.02.10 07:01:25.446,1.25099,1.25109,2.44,1.00
2017.02.10 07:01:26.195,1.25099,1.25109,2.44,1.37
2017.02.10 07:01:28.419,1.25099,1.25108,1.69,1.00
2017.02.10 07:01:33.328,1.25099,1.25107,1.25,1.00
2017.02.10 07:01:33.952,1.251,1.25109,1.00,1.00
2017.02.10 07:01:34.037,1.251,1.25107,1.00,1.00
2017.02.10 07:01:34.610,1.25098,1.25106,2.62,1.00
2017.02.10 07:01:35.112,1.25098,1.25106,2.62,1.00
2017.02.10 07:01:35.213,1.25098,1.2511,2.62,2.44
2017.02.10 07:01:35.365,1.251,1.2511,1.00,1.62
2017.02.10 07:01:35.676,1.251,1.25106,1.00,1.00
2017.02.10 07:01:35.981,1.25102,1.25105,1.00,1.00
2017.02.10 07:01:36.316,1.25101,1.25111,1.00,2.44
2017.02.10 07:01:38.217,1.25099,1.25109,2.62,2.25
2017.02.10 07:01:38.319,1.25099,1.25108,2.25,1.00
2017.02.10 07:01:38.521,1.25098,1.25106,1.50,2.25
2017.02.10 07:01:39.033,1.25098,1.25106,1.00,3.00
2017.02.10 07:01:39.539,1.25099,1.25106,1.00,2.62
2017.02.10 07:01:39.950,1.25095,1.25104,3.00,1.00
2017.02.10 07:01:40.001,1.25099,1.25106,1.00,2.62
2017.02.10 07:01:40.306,1.25101,1.25105,1.00,2.25
2017.02.10 07:01:40.408,1.25104,1.25109,1.00,1.00
2017.02.10 07:01:40.611,1.25101,1.2511,1.00,1.00
2017.02.10 07:01:40.662,1.25101,1.25107,1.00,1.00
2017.02.10 07:01:40.713,1.25099,1.25106,1.00,2.25
2017.02.10 07:01:41.135,1.25097,1.25104,1.00,1.00
2017.02.10 07:01:41.642,1.25096,1.25104,1.00,1.50
2017.02.10 07:01:42.153,1.25095,1.25102,1.00,1.00
2017.02.10 07:01:42.686,1.25095,1.25104,1.00,1.50
2017.02.10 07:01:44.810,1.25097,1.25105,1.00,3.00
2017.02.10 07:01:44.963,1.25099,1.25109,1.00,3.75
2017.02.10 07:01:45.469,1.251,1.2511,1.00,4.31
2017.02.10 07:01:45.622,1.25101,1.2511,1.00,3.19
2017.02.10 07:01:46.147,1.25102,1.2511,1.00,2.62
2017.02.10 07:01:47.511,1.25103,1.2511,1.00,2.62
2017.02.10 07:01:47.786,1.25104,1.2511,1.87,2.25
2017.02.10 07:01:47.939,1.25108,1.25116,1.00,3.00
2017.02.10 07:01:47.991,1.25109,1.25116,1.00,2.62
2017.02.10 07:01:48.396,1.25106,1.25114,1.00,1.50
2017.02.10 07:01:48.935,1.25107,1.25113,1.00,2.62
2017.02.10 07:01:49.140,1.25105,1.25115,1.00,2.25
2017.02.10 07:01:49.242,1.25104,1.25111,1.50,1.00
2017.02.10 07:01:49.546,1.25099,1.25106,1.37,1.00
2017.02.10 07:01:49.648,1.25098,1.25106,1.12,1.50
2017.02.10 07:01:50.679,1.25097,1.25105,2.25,1.00
2017.02.10 07:01:50.933,1.25097,1.25103,1.12,1.00
2017.02.10 07:01:51.087,1.25093,1.25102,1.37,1.00
2017.02.10 07:01:52.112,1.25094,1.25104,1.87,1.31
2017.02.10 07:01:52.208,1.25099,1.25106,1.50,1.00
2017.02.10 07:01:52.310,1.251,1.25108,1.00,1.00
2017.02.10 07:01:52.513,1.25103,1.25108,1.37,1.00
2017.02.10 07:01:52.615,1.25104,1.2511,1.37,3.37
2017.02.10 07:01:52.666,1.25104,1.25108,1.37,1.00
2017.02.10 07:01:52.717,1.251,1.25111,2.62,1.00
2017.02.10 07:01:52.768,1.25102,1.25111,2.62,3.00
2017.02.10 07:01:52.920,1.25102,1.25111,2.25,1.00
2017.02.10 07:01:55.130,1.25102,1.2511,2.25,2.25
2017.02.10 07:01:55.467,1.25102,1.25111,1.00,3.75
2017.02.10 07:01:55.518,1.25099,1.25107,2.06,1.00
2017.02.10 07:01:55.671,1.25099,1.25107,1.25,1.00
2017.02.10 07:01:56.084,1.25099,1.25109,1.31,1.00
2017.02.10 07:01:56.439,1.25098,1.25105,2.44,1.00
2017.02.10 07:01:59.475,1.25098,1.25106,1.87,3.00
2017.02.10 07:01:59.982,1.25097,1.25106,2.62,1.87
2017.02.10 07:02:00.285,1.2509,1.25099,3.00,1.00
2017.02.10 07:02:00.793,1.2509,1.25099,1.87,1.00
2017.02.10 07:02:02.129,1.25089,1.25098,1.69,1.00
2017.02.10 07:02:02.552,1.25087,1.25096,2.62,1.00
2017.02.10 07:02:03.059,1.25089,1.25099,1.87,1.37
2017.02.10 07:02:03.413,1.25092,1.25102,1.00,2.06
2017.02.10 07:02:03.464,1.25092,1.25103,4.12,2.62
2017.02.10 07:02:03.617,1.25094,1.25105,3.37,1.69
2017.02.10 07:02:03.937,1.25092,1.25098,1.37,1.00
2017.02.10 07:02:04.191,1.25092,1.251,1.00,1.00
2017.02.10 07:02:04.703,1.25092,1.25101,1.87,1.00
2017.02.10 07:02:11.792,1.25092,1.25099,1.00,1.00
2017.02.10 07:02:12.792,1.25092,1.25098,1.00,1.00
2017.02.10 07:02:12.894,1.25089,1.25098,2.06,1.00
2017.02.10 07:02:13.500,1.25089,1.25097,1.12,1.00
2017.02.10 07:02:14.068,1.25089,1.25098,1.00,1.00
2017.02.10 07:02:14.755,1.25088,1.25098,2.62,1.00
2017.02.10 07:02:15.271,1.2509,1.251,1.50,1.50
2017.02.10 07:02:15.775,1.2509,1.25101,2.25,1.69
2017.02.10 07:02:16.793,1.2509,1.25098,1.50,1.00
2017.02.10 07:02:17.295,1.2509,1.25099,1.12,1.00
2017.02.10 07:02:17.944,1.2509,1.25101,1.37,1.69
2017.02.10 07:02:18.248,1.25091,1.25101,2.62,1.00
2017.02.10 07:02:18.776,1.25091,1.25101,1.37,1.00
2017.02.10 07:02:18.878,1.25091,1.25101,1.12,1.00
2017.02.10 07:02:20.694,1.25091,1.251,1.00,1.50
2017.02.10 07:02:20.796,1.2509,1.25098,1.31,1.00
2017.02.10 07:02:21.333,1.25089,1.25097,2.25,1.00
2017.02.10 07:02:21.387,1.25089,1.25099,2.25,1.00
2017.02.10 07:02:24.038,1.25089,1.25101,3.00,3.94
2017.02.10 07:02:24.998,1.25092,1.25102,1.00,4.31
2017.02.10 07:02:25.201,1.25092,1.25103,1.12,1.25
2017.02.10 07:02:25.733,1.25093,1.25103,1.00,1.25
2017.02.10 07:02:26.942,1.25092,1.25104,1.12,2.44
2017.02.10 07:02:26.993,1.25091,1.25101,1.87,1.00
2017.02.10 07:02:27.215,1.2509,1.25101,1.31,1.00
2017.02.10 07:02:27.865,1.2509,1.25102,1.25,3.37
2017.02.10 07:02:28.258,1.25092,1.25102,1.00,1.87
2017.02.10 07:02:28.773,1.25092,1.25103,1.00,2.44
2017.02.10 07:02:29.077,1.2509,1.251,2.44,1.00
2017.02.10 07:02:29.659,1.25089,1.25099,1.37,1.50
2017.02.10 07:02:30.238,1.2509,1.251,1.00,1.87
2017.02.10 07:02:31.527,1.25089,1.25101,1.00,2.06
2017.02.10 07:02:36.551,1.25091,1.25101,1.00,1.62
2017.02.10 07:02:36.901,1.25093,1.25103,1.12,1.00
2017.02.10 07:02:37.213,1.25092,1.25101,1.87,1.00
2017.02.10 07:02:37.715,1.25092,1.25102,1.87,1.12
2017.02.10 07:02:48.398,1.25092,1.25101,1.12,1.00
2017.02.10 07:02:48.709,1.25089,1.25097,3.56,1.00
2017.02.10 07:02:50.374,1.25089,1.25099,2.62,1.37
2017.02.10 07:02:50.577,1.25089,1.251,3.75,1.50
2017.02.10 07:02:50.894,1.2509,1.25101,2.62,1.12
2017.02.10 07:02:51.096,1.25091,1.25103,1.50,4.12
2017.02.10 07:02:52.017,1.25091,1.25102,1.50,1.00
2017.02.10 07:02:54.326,1.25091,1.25103,1.50,3.37
2017.02.10 07:02:54.903,1.25091,1.25103,1.50,3.37
2017.02.10 07:02:55.156,1.25091,1.25099,1.50,1.00
2017.02.10 07:02:55.308,1.2509,1.25098,1.00,1.00
2017.02.10 07:02:56.354,1.25089,1.25099,1.87,1.00
2017.02.10 07:02:56.685,1.25091,1.25102,1.37,1.12
2017.02.10 07:02:56.787,1.25093,1.25103,1.37,1.87
2017.02.10 07:02:57.194,1.25094,1.25104,1.50,1.12
2017.02.10 07:02:57.296,1.25096,1.25107,1.37,3.37
2017.02.10 07:02:57.678,1.25096,1.25104,1.50,1.12
2017.02.10 07:02:58.153,1.25094,1.25102,1.87,1.00
2017.02.10 07:02:58.356,1.25094,1.25104,1.00,1.50
2017.02.10 07:02:58.407,1.25094,1.25102,1.12,1.50
2017.02.10 07:02:58.610,1.25092,1.25101,1.12,1.00
2017.02.10 07:02:59.832,1.25092,1.25102,1.50,1.12
2017.02.10 07:03:03.774,1.25092,1.251,1.12,1.00
2017.02.10 07:03:04.273,1.2509,1.251,1.87,1.87
2017.02.10 07:03:04.501,1.2509,1.251,2.62,1.12
2017.02.10 07:03:15.745,1.25091,1.25102,1.50,1.12
2017.02.10 07:03:24.490,1.25091,1.251,1.50,1.00
2017.02.10 07:03:27.232,1.25094,1.251,1.00,1.00
2017.02.10 07:03:27.283,1.2509,1.251,2.25,1.00
2017.02.10 07:03:27.819,1.25091,1.251,1.12,1.00
2017.02.10 07:03:29.744,1.25088,1.25099,5.44,1.00
2017.02.10 07:03:30.634,1.25089,1.251,2.44,1.00
2017.02.10 07:03:31.198,1.2509,1.251,1.00,1.00
2017.02.10 07:03:31.927,1.25089,1.251,3.19,1.00
2017.02.10 07:03:32.631,1.2509,1.251,1.50,1.00
2017.02.10 07:03:33.637,1.2509,1.25101,1.50,1.87
2017.02.10 07:03:42.121,1.2509,1.25099,2.44,1.00
2017.02.10 07:03:43.261,1.25091,1.25099,1.00,1.50
2017.02.10 07:03:44.086,1.25091,1.25101,1.12,1.37
2017.02.10 07:03:44.602,1.2509,1.25099,3.94,1.00
2017.02.10 07:03:46.384,1.2509,1.25096,1.12,1.50
2017.02.10 07:03:46.484,1.25088,1.25095,3.75,1.00
2017.02.10 07:03:46.996,1.25088,1.25096,1.87,1.00
2017.02.10 07:03:48.448,1.25087,1.25097,2.62,1.87
2017.02.10 07:03:49.477,1.25088,1.25098,2.62,1.12
2017.02.10 07:03:50.021,1.25089,1.25099,4.12,1.00
2017.02.10 07:03:51.549,1.2509,1.25099,1.00,1.00
2017.02.10 07:03:52.210,1.2509,1.25101,2.25,1.69
2017.02.10 07:03:52.760,1.2509,1.25101,3.37,1.25
2017.02.10 07:03:53.299,1.25091,1.25101,2.25,1.00
2017.02.10 07:03:54.992,1.25091,1.25101,1.50,1.37
2017.02.10 07:04:03.017,1.2509,1.25099,2.81,1.00
2017.02.10 07:04:08.810,1.25093,1.25102,4.80,4.50
2017.02.10 07:04:09.013,1.25098,1.25106,1.00,1.00
2017.02.10 07:04:09.418,1.25097,1.25108,4.12,1.12
2017.02.10 07:04:09.980,1.25099,1.25109,2.25,1.00
2017.02.10 07:04:10.437,1.25098,1.25107,1.87,1.12
2017.02.10 07:04:10.970,1.25097,1.25106,2.62,1.00
2017.02.10 07:04:12.801,1.25098,1.25107,1.87,1.50
2017.02.10 07:04:13.054,1.25098,1.25109,3.37,1.00
2017.02.10 07:04:14.852,1.251,1.25107,1.12,1.00
2017.02.10 07:04:15.331,1.25096,1.25103,1.75,1.50
2017.02.10 07:04:15.533,1.25092,1.25099,1.12,1.00
2017.02.10 07:04:16.077,1.25091,1.25099,1.12,1.12
2017.02.10 07:04:16.542,1.25091,1.25101,1.12,1.50
2017.02.10 07:04:18.554,1.25091,1.25101,1.50,1.00
2017.02.10 07:04:23.607,1.25093,1.25101,1.00,1.00
2017.02.10 07:04:27.214,1.25091,1.25101,4.50,1.00
2017.02.10 07:04:28.673,1.25091,1.25101,3.75,1.00
2017.02.10 07:04:29.233,1.25093,1.25102,1.12,1.00
2017.02.10 07:04:29.769,1.25093,1.25103,1.12,1.00
2017.02.10 07:04:30.020,1.25096,1.25104,2.62,1.00
2017.02.10 07:04:30.172,1.25098,1.25108,1.87,1.12
2017.02.10 07:04:31.551,1.25098,1.25106,1.50,1.00
2017.02.10 07:04:32.072,1.25098,1.25105,1.50,1.00
2017.02.10 07:04:32.724,1.25097,1.25105,1.00,1.00
2017.02.10 07:04:37.489,1.25097,1.25106,1.00,1.00
2017.02.10 07:04:38.683,1.25097,1.25104,1.50,1.00
2017.02.10 07:04:39.854,1.25098,1.25104,1.50,1.00
2017.02.10 07:04:40.416,1.25098,1.25105,1.50,1.00
2017.02.10 07:04:44.801,1.25099,1.25105,1.00,1.00
2017.02.10 07:04:45.115,1.25099,1.25108,1.50,1.12
2017.02.10 07:04:45.217,1.25099,1.25106,1.00,1.00
2017.02.10 07:04:45.520,1.25099,1.25104,1.00,1.00
2017.02.10 07:04:48.058,1.25098,1.25104,2.25,1.00
2017.02.10 07:04:48.109,1.25098,1.25107,1.00,1.00
2017.02.10 07:04:48.263,1.25099,1.2511,2.62,2.25
2017.02.10 07:04:48.810,1.25102,1.25112,1.00,1.50
2017.02.10 07:04:50.823,1.251,1.25109,1.50,1.00
2017.02.10 07:04:50.925,1.25098,1.25108,3.00,1.00
2017.02.10 07:04:51.444,1.25098,1.25107,2.62,1.00
2017.02.10 07:04:54.320,1.25098,1.25109,3.37,1.00
2017.02.10 07:04:54.861,1.25099,1.25109,1.00,1.00
2017.02.10 07:04:55.921,1.25099,1.25109,1.50,1.00
2017.02.10 07:05:00.860,1.25098,1.25108,1.75,1.00
2017.02.10 07:05:00.983,1.25098,1.25108,1.50,1.00
2017.02.10 07:05:01.489,1.25098,1.25107,1.00,1.12
2017.02.10 07:05:01.641,1.25098,1.25104,1.00,1.12
2017.02.10 07:05:01.920,1.25091,1.25101,1.00,1.50
2017.02.10 07:05:02.304,1.25089,1.251,1.12,1.87
2017.02.10 07:05:02.835,1.25089,1.25098,1.12,1.50
2017.02.10 07:05:05.263,1.25091,1.251,2.25,1.00
2017.02.10 07:05:05.466,1.25091,1.25102,3.37,1.00
2017.02.10 07:05:05.985,1.25091,1.25101,2.62,1.50
2017.02.10 07:05:06.087,1.25091,1.25099,2.62,1.00
2017.02.10 07:05:09.971,1.2509,1.25101,3.75,1.00
2017.02.10 07:05:10.918,1.25091,1.251,1.00,1.00
2017.02.10 07:05:11.446,1.25091,1.25101,2.25,1.00
2017.02.10 07:05:13.367,1.25091,1.25099,1.50,1.50
2017.02.10 07:05:13.672,1.25089,1.25096,1.50,1.12
2017.02.10 07:05:14.188,1.25089,1.25095,1.12,1.12
2017.02.10 07:05:14.931,1.25089,1.25098,2.62,1.00
2017.02.10 07:05:15.493,1.2509,1.25098,1.00,1.00
2017.02.10 07:05:16.018,1.2509,1.251,1.50,1.37
2017.02.10 07:05:38.308,1.25091,1.251,1.00,1.50
2017.02.10 07:05:38.965,1.25093,1.25101,1.00,1.12
2017.02.10 07:05:39.067,1.25092,1.25103,1.00,2.44
2017.02.10 07:05:39.534,1.25092,1.25103,1.50,5.81
2017.02.10 07:05:44.938,1.25092,1.25102,1.00,5.44
2017.02.10 07:05:48.498,1.2509,1.25098,1.50,1.00
2017.02.10 07:05:48.600,1.25087,1.25096,2.62,1.50
2017.02.10 07:05:50.924,1.25088,1.25096,1.00,1.12
2017.02.10 07:05:51.025,1.25089,1.25098,1.00,1.00
2017.02.10 07:05:51.178,1.25089,1.251,2.25,1.00
2017.02.10 07:05:51.229,1.25091,1.251,1.00,1.00
2017.02.10 07:05:53.083,1.25091,1.25101,1.12,3.00
2017.02.10 07:05:53.623,1.25092,1.25101,1.00,1.50
2017.02.10 07:05:54.379,1.25092,1.251,1.00,1.00
2017.02.10 07:05:54.924,1.25092,1.25099,1.00,1.00
2017.02.10 07:05:55.590,1.25089,1.25098,3.37,1.00
2017.02.10 07:05:56.284,1.2509,1.25098,1.00,1.00
2017.02.10 07:05:56.615,1.2509,1.25096,1.00,1.00
2017.02.10 07:05:59.585,1.25091,1.25099,1.00,1.00
2017.02.10 07:06:00.091,1.25091,1.251,1.12,1.87
2017.02.10 07:06:00.497,1.2509,1.25098,1.37,1.00
2017.02.10 07:06:00.548,1.25089,1.25098,3.00,1.12
2017.02.10 07:06:05.337,1.25089,1.25099,1.50,1.50
2017.02.10 07:06:05.388,1.25087,1.25095,5.25,1.00
2017.02.10 07:06:05.489,1.25086,1.25096,1.87,1.00
2017.02.10 07:06:05.692,1.25086,1.25094,1.12,1.00
2017.02.10 07:06:08.374,1.25084,1.25093,1.69,1.00
2017.02.10 07:06:08.476,1.25082,1.25091,1.50,1.00
2017.02.10 07:06:09.135,1.25082,1.25091,1.00,1.37
2017.02.10 07:06:09.959,1.25082,1.25091,1.00,1.00
2017.02.10 07:06:10.011,1.25087,1.25093,1.00,1.12
2017.02.10 07:06:10.317,1.25091,1.25099,1.00,1.50
2017.02.10 07:06:10.673,1.25093,1.25099,1.00,1.37
2017.02.10 07:06:10.724,1.25091,1.25099,1.87,1.37
2017.02.10 07:06:10.775,1.25091,1.25101,2.62,1.00
2017.02.10 07:06:10.877,1.25092,1.25099,1.00,1.00
2017.02.10 07:06:11.042,1.25093,1.25103,1.00,6.56
2017.02.10 07:06:11.245,1.25091,1.25101,1.50,1.12
2017.02.10 07:06:11.714,1.25091,1.25099,1.12,1.00
2017.02.10 07:06:12.399,1.2509,1.25097,1.50,1.00
2017.02.10 07:06:12.620,1.25088,1.25098,1.50,2.25
2017.02.10 07:06:14.741,1.25088,1.25096,1.50,1.00
2017.02.10 07:06:15.059,1.25088,1.25098,1.50,2.25
2017.02.10 07:06:15.631,1.25088,1.25097,1.50,1.00
2017.02.10 07:06:16.663,1.25088,1.25096,1.00,1.00
2017.02.10 07:06:17.236,1.25087,1.25096,1.12,1.00
2017.02.10 07:06:17.760,1.25087,1.25097,1.12,1.00
2017.02.10 07:06:23.997,1.25087,1.25098,1.87,1.50
2017.02.10 07:06:24.503,1.25088,1.25099,1.37,1.50
2017.02.10 07:06:24.874,1.25093,1.25101,1.00,1.00
2017.02.10 07:06:25.330,1.2509,1.251,1.75,1.37
2017.02.10 07:06:25.878,1.2509,1.25101,1.50,4.87
2017.02.10 07:06:34.230,1.25089,1.25099,1.50,1.00
2017.02.10 07:06:34.798,1.25089,1.25096,1.00,1.00
2017.02.10 07:06:35.304,1.25088,1.25098,1.37,1.37
2017.02.10 07:06:35.536,1.25085,1.25094,1.12,1.00
2017.02.10 07:06:35.639,1.25086,1.25094,1.12,4.12
2017.02.10 07:06:35.741,1.25086,1.25097,1.00,2.62
2017.02.10 07:06:35.894,1.25088,1.25097,1.00,1.87
2017.02.10 07:06:36.199,1.25091,1.25099,1.00,1.12
2017.02.10 07:06:36.250,1.25091,1.25101,1.00,1.00
2017.02.10 07:06:36.871,1.25091,1.25101,1.00,1.87
2017.02.10 07:06:39.425,1.25091,1.251,1.00,4.50
2017.02.10 07:06:42.998,1.25092,1.251,1.00,4.50
2017.02.10 07:06:43.049,1.25092,1.25101,1.00,1.37
2017.02.10 07:06:43.617,1.25092,1.25101,1.00,1.12
2017.02.10 07:06:46.349,1.25092,1.251,1.00,1.00
2017.02.10 07:06:46.855,1.25089,1.25099,3.75,1.87
2017.02.10 07:06:46.957,1.25089,1.25097,1.50,1.00
2017.02.10 07:06:47.239,1.25088,1.25096,1.00,1.00
2017.02.10 07:06:47.442,1.25085,1.25095,3.00,1.00
2017.02.10 07:06:47.543,1.25085,1.25093,1.00,1.00
2017.02.10 07:06:48.056,1.25084,1.25093,1.12,1.00
2017.02.10 07:06:48.565,1.25083,1.25092,2.25,1.12
2017.02.10 07:06:50.975,1.25083,1.25093,3.00,1.50
2017.02.10 07:06:53.045,1.25083,1.25092,2.25,1.00
2017.02.10 07:06:53.618,1.25083,1.25092,1.00,2.25
2017.02.10 07:06:54.996,1.25083,1.25094,1.50,7.12
2017.02.10 07:06:56.040,1.25082,1.2509,1.12,1.12
2017.02.10 07:06:56.344,1.25077,1.25086,1.12,1.37
2017.02.10 07:06:57.260,1.25075,1.25084,5.62,1.00
2017.02.10 07:06:57.844,1.25075,1.25086,5.62,1.37
2017.02.10 07:06:58.202,1.25075,1.25081,5.62,1.00
2017.02.10 07:06:58.304,1.25075,1.2508,1.12,1.00
2017.02.10 07:06:58.407,1.25071,1.25078,4.12,1.00
2017.02.10 07:06:58.458,1.2507,1.25078,1.37,1.00
2017.02.10 07:06:58.661,1.25071,1.25081,1.12,1.00
2017.02.10 07:06:58.712,1.25076,1.25081,1.00,1.00
2017.02.10 07:06:58.945,1.25077,1.25087,1.12,2.81
2017.02.10 07:06:59.477,1.25078,1.25087,1.00,2.81
2017.02.10 07:07:01.088,1.25078,1.25085,1.00,1.50
2017.02.10 07:07:01.636,1.25077,1.25085,1.50,2.25
2017.02.10 07:07:03.693,1.25077,1.25085,1.87,1.12
2017.02.10 07:07:04.013,1.25082,1.2509,1.37,4.87
2017.02.10 07:07:04.165,1.25082,1.25092,1.37,1.62
2017.02.10 07:07:05.569,1.25086,1.25092,1.00,1.62
2017.02.10 07:07:08.018,1.25084,1.25092,1.00,2.81
2017.02.10 07:07:11.867,1.25085,1.25092,1.00,2.81
2017.02.10 07:07:12.415,1.25085,1.2509,1.00,1.00
2017.02.10 07:07:16.638,1.25086,1.25091,1.00,1.37
2017.02.10 07:07:16.842,1.25086,1.25094,1.00,5.62
2017.02.10 07:07:20.513,1.25086,1.25091,1.00,1.00
2017.02.10 07:07:20.615,1.25084,1.2509,1.00,1.00
2017.02.10 07:07:21.153,1.25084,1.25089,1.00,1.00
2017.02.10 07:07:27.465,1.25084,1.2509,1.00,1.00
2017.02.10 07:07:28.710,1.25085,1.2509,1.00,1.00
2017.02.10 07:07:29.224,1.25086,1.25092,1.00,1.37
2017.02.10 07:07:30.271,1.2509,1.25092,1.00,1.37
2017.02.10 07:07:30.474,1.25092,1.25098,1.00,1.31
2017.02.10 07:07:32.940,1.25093,1.25098,1.00,2.06
2017.02.10 07:07:37.123,1.25092,1.25098,1.00,1.69
2017.02.10 07:07:37.225,1.25093,1.25099,1.00,1.50
2017.02.10 07:07:37.964,1.25092,1.25099,1.00,1.00
2017.02.10 07:07:38.434,1.25094,1.25099,1.00,1.00
2017.02.10 07:07:47.086,1.25098,1.251,1.00,1.87
2017.02.10 07:07:47.289,1.25102,1.25108,1.00,2.25
2017.02.10 07:07:47.340,1.25102,1.25108,1.00,1.37
2017.02.10 07:07:48.396,1.251,1.25105,1.00,1.00
2017.02.10 07:07:48.952,1.25097,1.25102,1.00,1.12
2017.02.10 07:07:49.303,1.25088,1.25094,1.00,1.19
2017.02.10 07:07:49.607,1.25078,1.25085,1.50,1.87
2017.02.10 07:07:50.113,1.25075,1.25081,1.00,1.00
2017.02.10 07:07:50.635,1.25078,1.25081,1.00,1.00
2017.02.10 07:07:50.737,1.25079,1.25083,1.50,1.12
2017.02.10 07:07:50.890,1.2508,1.25089,1.50,1.00
2017.02.10 07:07:51.270,1.25082,1.25087,1.00,1.37
2017.02.10 07:07:51.407,1.25077,1.25084,4.12,1.87
2017.02.10 07:07:51.508,1.25072,1.25082,1.87,1.00
2017.02.10 07:07:51.559,1.25073,1.25083,1.00,3.37
2017.02.10 07:07:51.610,1.25072,1.25082,1.37,4.12
2017.02.10 07:07:52.185,1.25075,1.25082,1.12,4.12
2017.02.10 07:07:52.337,1.25077,1.25085,3.37,3.75
2017.02.10 07:07:52.388,1.25077,1.25086,2.62,1.25
2017.02.10 07:07:52.439,1.25078,1.25085,1.12,2.62
2017.02.10 07:07:52.491,1.25078,1.25085,1.00,1.87
2017.02.10 07:07:52.542,1.25076,1.25083,4.12,1.00
2017.02.10 07:07:52.695,1.25073,1.25083,2.06,1.50
2017.02.10 07:07:52.782,1.25073,1.25083,1.31,2.25
2017.02.10 07:07:53.868,1.25071,1.25082,1.37,2.25
2017.02.10 07:07:54.408,1.25072,1.25083,2.25,1.87
2017.02.10 07:07:54.900,1.25074,1.25084,1.12,3.19
2017.02.10 07:07:55.001,1.25074,1.25084,1.00,5.81
2017.02.10 07:07:55.750,1.25072,1.25082,4.12,4.12
2017.02.10 07:07:55.801,1.25071,1.25081,2.25,1.12
2017.02.10 07:07:56.334,1.25071,1.2508,2.25,1.00
2017.02.10 07:07:57.135,1.25071,1.25081,2.25,1.50
2017.02.10 07:08:08.168,1.25077,1.25081,1.00,1.00
2017.02.10 07:08:08.269,1.25077,1.25085,1.00,4.12
2017.02.10 07:08:08.371,1.25077,1.25089,3.37,5.06
2017.02.10 07:08:08.422,1.25077,1.25089,6.75,1.69
2017.02.10 07:08:08.768,1.25076,1.25083,1.12,1.00
2017.02.10 07:08:08.819,1.25075,1.25083,1.50,2.25
2017.02.10 07:08:09.123,1.25074,1.25083,1.69,7.20
2017.02.10 07:08:09.225,1.25074,1.25082,1.00,1.87
2017.02.10 07:08:14.467,1.25072,1.25082,2.00,3.00
2017.02.10 07:08:14.720,1.25076,1.25084,1.50,1.12
2017.02.10 07:08:14.771,1.25076,1.25085,1.12,1.00
2017.02.10 07:08:15.132,1.25076,1.25082,1.12,1.00
2017.02.10 07:08:15.385,1.25071,1.25079,1.37,1.00
2017.02.10 07:08:15.891,1.25071,1.25079,1.00,1.00
2017.02.10 07:08:17.960,1.25075,1.25079,1.37,1.00
2017.02.10 07:08:18.011,1.25071,1.25079,1.00,1.00
2017.02.10 07:08:18.062,1.25072,1.2508,4.50,1.00
2017.02.10 07:08:18.265,1.25076,1.25084,2.06,1.10
2017.02.10 07:08:18.316,1.25076,1.25083,1.69,1.37
2017.02.10 07:08:18.663,1.25073,1.25079,4.69,1.00
2017.02.10 07:08:18.866,1.25072,1.25082,1.12,7.12
2017.02.10 07:08:18.917,1.25072,1.25082,1.56,6.75
2017.02.10 07:08:19.069,1.25074,1.25082,1.00,3.00
2017.02.10 07:08:19.722,1.25074,1.25082,1.00,3.37
2017.02.10 07:08:20.922,1.25074,1.25081,1.00,1.37
2017.02.10 07:08:22.281,1.25074,1.25081,1.25,1.12
2017.02.10 07:08:23.532,1.25074,1.2508,1.25,1.50
2017.02.10 07:08:23.584,1.25074,1.25077,1.00,1.00
2017.02.10 07:08:23.686,1.2507,1.25078,1.50,1.00
2017.02.10 07:08:24.300,1.2507,1.25078,1.00,1.37
2017.02.10 07:08:24.351,1.25068,1.25073,4.12,1.00
2017.02.10 07:08:24.403,1.25066,1.25072,4.50,1.00
2017.02.10 07:08:24.505,1.25063,1.25072,2.06,1.00
2017.02.10 07:08:24.556,1.25063,1.25072,1.25,4.50
2017.02.10 07:08:25.214,1.25061,1.25069,1.75,1.00
2017.02.10 07:08:25.367,1.2506,1.25069,1.37,1.12
2017.02.10 07:08:25.741,1.25065,1.2507,1.37,1.00
2017.02.10 07:08:25.894,1.25065,1.25074,1.37,1.00
2017.02.10 07:08:28.341,1.25065,1.25074,1.00,1.12
2017.02.10 07:08:29.140,1.25064,1.25074,1.00,1.87
2017.02.10 07:08:29.191,1.25064,1.2507,1.00,1.00
2017.02.10 07:08:29.395,1.2506,1.25068,1.37,1.00
2017.02.10 07:08:29.814,1.25061,1.25071,1.00,1.50
2017.02.10 07:08:29.865,1.25062,1.25072,3.75,1.87
2017.02.10 07:08:30.211,1.25062,1.25069,4.50,1.00
2017.02.10 07:08:31.940,1.25062,1.25068,4.50,1.00
2017.02.10 07:08:32.193,1.25061,1.25067,1.00,1.00
2017.02.10 07:08:37.244,1.25065,1.2507,2.62,1.50
2017.02.10 07:08:37.548,1.25064,1.25072,4.12,1.12
2017.02.10 07:08:38.826,1.25063,1.25072,4.69,1.12
2017.02.10 07:08:38.928,1.25063,1.25069,4.12,1.00
2017.02.10 07:08:39.098,1.2506,1.25068,4.50,1.50
2017.02.10 07:08:39.149,1.2506,1.25068,1.00,1.50
2017.02.10 07:08:42.885,1.25058,1.25067,5.25,1.00
2017.02.10 07:08:43.139,1.25061,1.25069,4.12,1.00
2017.02.10 07:08:45.167,1.25061,1.25066,4.12,1.00
2017.02.10 07:08:45.319,1.25058,1.25066,4.12,1.00
2017.02.10 07:08:46.759,1.25058,1.25066,4.12,2.25
2017.02.10 07:08:46.810,1.25056,1.25064,4.12,1.00
2017.02.10 07:08:46.862,1.25055,1.25062,4.12,1.00
2017.02.10 07:08:47.014,1.25053,1.25062,4.87,1.12
2017.02.10 07:08:47.606,1.25053,1.25062,1.37,1.12
2017.02.10 07:08:48.135,1.25053,1.25062,4.87,1.00
2017.02.10 07:08:48.621,1.25053,1.25064,5.62,1.00
2017.02.10 07:08:50.734,1.25053,1.25064,4.50,1.50
2017.02.10 07:08:51.491,1.25057,1.25064,1.00,1.00
2017.02.10 07:08:51.643,1.25058,1.2507,5.62,2.81
2017.02.10 07:08:52.157,1.25059,1.25069,5.62,1.00
2017.02.10 07:08:53.951,1.25059,1.2507,4.12,1.25
2017.02.10 07:08:54.002,1.25066,1.25072,1.00,2.62
2017.02.10 07:08:54.155,1.25066,1.25076,3.00,4.12
2017.02.10 07:08:54.256,1.25067,1.25077,4.12,1.00
2017.02.10 07:08:54.561,1.25065,1.25074,1.37,1.12
2017.02.10 07:08:55.087,1.25065,1.25074,1.00,1.87
2017.02.10 07:08:55.394,1.25062,1.2507,1.50,1.00
2017.02.10 07:08:55.650,1.25059,1.2507,6.00,1.50
2017.02.10 07:08:57.527,1.25063,1.25071,1.00,4.12
2017.02.10 07:08:57.578,1.25063,1.25074,1.00,6.00
2017.02.10 07:08:57.679,1.25063,1.25074,1.50,3.37
2017.02.10 07:08:58.218,1.25063,1.25074,6.00,2.25
2017.02.10 07:09:02.796,1.25065,1.25075,1.12,1.87
2017.02.10 07:09:02.847,1.25065,1.25074,3.75,1.00
2017.02.10 07:09:03.198,1.25067,1.25077,1.87,1.00
2017.02.10 07:09:03.354,1.25069,1.25075,1.00,1.00
2017.02.10 07:09:03.799,1.25062,1.25072,1.87,4.12
2017.02.10 07:09:07.301,1.2506,1.2507,1.37,2.25
2017.02.10 07:09:07.541,1.25057,1.25067,5.44,1.12
2017.02.10 07:09:07.692,1.25057,1.25067,1.00,2.25
2017.02.10 07:09:08.989,1.25056,1.25067,2.25,1.50
2017.02.10 07:09:09.111,1.25058,1.25069,1.00,2.44
2017.02.10 07:09:11.302,1.25058,1.25067,1.12,2.25
2017.02.10 07:09:11.507,1.25054,1.25064,1.00,1.00
2017.02.10 07:09:11.558,1.25053,1.25064,3.19,4.12
2017.02.10 07:09:15.003,1.25053,1.25063,1.50,1.50
2017.02.10 07:09:18.240,1.25055,1.25063,1.87,1.00
2017.02.10 07:09:18.545,1.25061,1.25071,1.12,5.25
2017.02.10 07:09:18.900,1.25061,1.25073,1.87,5.81
2017.02.10 07:09:20.266,1.25064,1.25073,1.00,4.69
2017.02.10 07:09:20.570,1.25068,1.25073,1.50,1.00
2017.02.10 07:09:20.622,1.25067,1.25078,3.37,1.37
2017.02.10 07:09:20.774,1.25067,1.25074,1.37,1.00
2017.02.10 07:09:21.100,1.25065,1.2507,3.75,1.12
2017.02.10 07:09:21.151,1.2506,1.2507,1.75,1.12
2017.02.10 07:09:21.608,1.25059,1.25069,2.25,1.00
2017.02.10 07:09:21.912,1.25061,1.25071,1.50,1.12
2017.02.10 07:09:21.963,1.25061,1.25071,2.25,1.00
2017.02.10 07:09:22.821,1.25061,1.25072,1.00,6.37
2017.02.10 07:09:23.493,1.2506,1.25071,1.00,1.37
2017.02.10 07:09:28.780,1.2506,1.25071,1.50,1.37
2017.02.10 07:09:31.177,1.25061,1.25072,1.37,5.25
2017.02.10 07:09:31.228,1.25062,1.25072,1.87,1.12
2017.02.10 07:09:31.747,1.25062,1.25072,2.25,1.00
2017.02.10 07:09:32.632,1.25066,1.25072,2.25,1.00
2017.02.10 07:09:32.836,1.25068,1.25078,3.37,2.62
2017.02.10 07:09:33.728,1.25067,1.25077,1.87,1.12
2017.02.10 07:09:33.830,1.25065,1.25074,1.12,1.12
2017.02.10 07:09:33.932,1.25064,1.25074,1.50,7.12
2017.02.10 07:09:34.034,1.25064,1.25072,1.12,4.12
2017.02.10 07:09:34.717,1.25063,1.25072,2.25,4.12
2017.02.10 07:09:35.225,1.25062,1.25071,1.00,1.37
2017.02.10 07:09:48.566,1.25062,1.25072,1.87,4.50
2017.02.10 07:09:49.226,1.25062,1.25072,1.50,5.25
2017.02.10 07:09:49.826,1.25062,1.2507,1.00,1.50
2017.02.10 07:09:53.299,1.2506,1.25067,5.62,1.00
2017.02.10 07:09:53.503,1.25058,1.25066,4.50,1.00
2017.02.10 07:09:53.554,1.25058,1.25067,1.12,1.00
2017.02.10 07:09:53.808,1.25057,1.25065,1.87,1.00
2017.02.10 07:09:54.114,1.25057,1.25067,5.25,1.00
2017.02.10 07:09:54.640,1.25059,1.25068,1.00,1.00
2017.02.10 07:09:55.142,1.25059,1.25069,1.50,1.50
2017.02.10 07:09:55.193,1.25061,1.25069,1.12,1.12
2017.02.10 07:09:55.498,1.25062,1.25071,5.25,1.00
2017.02.10 07:09:55.802,1.25064,1.25073,1.12,1.00
2017.02.10 07:09:56.636,1.25064,1.25072,1.12,1.00
2017.02.10 07:09:56.889,1.25067,1.25073,1.00,1.12
2017.02.10 07:09:56.991,1.25067,1.25075,1.12,1.00
2017.02.10 07:09:57.143,1.25067,1.25073,1.00,1.00
2017.02.10 07:09:57.668,1.25064,1.25074,2.25,1.12
2017.02.10 07:09:58.261,1.25064,1.25074,1.50,1.12
2017.02.10 07:10:00.862,1.25064,1.25075,1.87,1.50
2017.02.10 07:10:01.455,1.25065,1.25075,1.00,1.50
2017.02.10 07:10:02.867,1.25065,1.25074,1.00,1.00
2017.02.10 07:10:03.070,1.25065,1.25071,1.00,1.00
2017.02.10 07:10:03.428,1.25063,1.25072,1.00,1.37
2017.02.10 07:10:05.024,1.25064,1.25073,1.00,4.12
2017.02.10 07:10:05.496,1.25067,1.25074,1.00,1.00
2017.02.10 07:10:05.850,1.25065,1.25076,1.00,2.44
2017.02.10 07:10:06.002,1.25063,1.25073,1.12,5.25
2017.02.10 07:10:06.535,1.25063,1.25072,1.50,1.12
2017.02.10 07:10:07.036,1.25064,1.25073,1.00,1.00
2017.02.10 07:10:07.340,1.25067,1.25078,1.87,1.37
2017.02.10 07:10:13.977,1.25067,1.25078,1.87,1.37
2017.02.10 07:10:14.533,1.25069,1.25079,1.37,1.75
2017.02.10 07:10:17.393,1.25068,1.25079,5.25,1.50
2017.02.10 07:10:19.568,1.25069,1.2508,2.25,5.25
2017.02.10 07:10:22.527,1.2507,1.2508,1.37,4.12
2017.02.10 07:10:23.118,1.2507,1.2508,1.00,5.25
2017.02.10 07:10:27.639,1.2507,1.2508,1.87,1.50
2017.02.10 07:10:27.993,1.25072,1.2508,1.00,1.00
2017.02.10 07:10:28.322,1.2508,1.25088,1.00,3.75
2017.02.10 07:10:28.419,1.2508,1.25089,3.00,1.00
2017.02.10 07:10:28.572,1.25082,1.25092,4.12,2.06
2017.02.10 07:10:28.634,1.25082,1.25092,4.12,1.87
2017.02.10 07:10:31.468,1.25082,1.25093,5.25,2.62
2017.02.10 07:10:35.048,1.25082,1.25092,1.37,1.37
2017.02.10 07:10:35.563,1.25082,1.25092,1.00,3.75
2017.02.10 07:10:36.089,1.25081,1.2509,1.00,1.12
2017.02.10 07:10:36.616,1.25081,1.25089,1.00,1.50
2017.02.10 07:10:40.143,1.2508,1.25088,1.12,1.12
2017.02.10 07:10:40.295,1.25078,1.25088,1.00,2.62
2017.02.10 07:10:40.447,1.25078,1.25086,1.00,1.00
2017.02.10 07:10:40.873,1.25074,1.25082,1.00,4.12
2017.02.10 07:10:41.381,1.25074,1.25079,1.00,1.00
2017.02.10 07:10:44.109,1.25075,1.25082,1.00,1.12
2017.02.10 07:10:44.312,1.25075,1.25085,1.12,2.62
2017.02.10 07:10:45.463,1.25078,1.25086,1.00,3.00
2017.02.10 07:10:45.615,1.25075,1.25086,1.87,1.87
2017.02.10 07:10:57.833,1.25076,1.25086,1.00,1.50
2017.02.10 07:10:59.620,1.25078,1.25085,1.50,1.00
2017.02.10 07:10:59.829,1.2508,1.25091,1.00,5.06
2017.02.10 07:11:00.415,1.2508,1.2509,1.50,1.00
2017.02.10 07:11:01.479,1.2508,1.2509,1.87,1.00
2017.02.10 07:11:15.066,1.2508,1.25091,2.62,5.44
2017.02.10 07:11:18.191,1.25082,1.25089,1.00,1.00
2017.02.10 07:11:18.625,1.25083,1.25091,2.25,1.19
2017.02.10 07:11:18.877,1.25089,1.25099,2.62,1.00
2017.02.10 07:11:19.080,1.2509,1.251,4.50,1.12
2017.02.10 07:11:19.385,1.25098,1.25102,1.12,4.50
2017.02.10 07:11:19.590,1.25098,1.25108,3.00,4.12
2017.02.10 07:11:19.641,1.25099,1.25108,1.00,3.75
2017.02.10 07:11:19.692,1.25099,1.25109,4.50,1.12
2017.02.10 07:11:20.016,1.25097,1.25109,1.87,1.50
2017.02.10 07:11:20.319,1.25096,1.25103,5.25,2.25
2017.02.10 07:11:20.573,1.25092,1.251,2.70,1.87
2017.02.10 07:11:20.674,1.25092,1.25098,2.70,1.00
2017.02.10 07:11:20.776,1.2509,1.25098,1.00,1.00
2017.02.10 07:11:21.131,1.2509,1.251,1.12,1.12
2017.02.10 07:11:26.491,1.25088,1.251,5.25,1.50
2017.02.10 07:11:26.694,1.25087,1.25099,1.12,4.87
2017.02.10 07:11:28.078,1.25088,1.25099,1.12,3.75
2017.02.10 07:11:28.200,1.25088,1.251,4.87,5.81
2017.02.10 07:11:35.039,1.25087,1.25099,4.87,5.25
2017.02.10 07:11:37.011,1.25087,1.25099,1.12,5.25
2017.02.10 07:11:41.270,1.25086,1.25096,1.50,1.00
2017.02.10 07:11:43.438,1.25085,1.25097,4.12,1.69
2017.02.10 07:11:50.456,1.25086,1.25096,1.37,1.12
2017.02.10 07:11:50.508,1.25085,1.25093,4.50,2.62
2017.02.10 07:11:50.662,1.2508,1.2509,4.87,2.25
2017.02.10 07:11:50.764,1.2508,1.2509,1.00,6.37
2017.02.10 07:11:51.414,1.2508,1.2509,1.00,3.00
2017.02.10 07:11:54.373,1.25079,1.25089,1.12,1.87
2017.02.10 07:11:57.867,1.25081,1.25091,1.00,6.94
2017.02.10 07:11:58.172,1.25081,1.25092,2.25,1.56
2017.02.10 07:11:58.983,1.25082,1.25092,1.00,1.37
2017.02.10 07:11:59.187,1.25083,1.25095,4.12,8.81
2017.02.10 07:12:00.980,1.25082,1.25093,1.12,1.87
2017.02.10 07:12:01.548,1.2508,1.25089,4.87,4.50
2017.02.10 07:12:01.852,1.25071,1.25074,4.12,1.00
2017.02.10 07:12:02.032,1.25066,1.25073,1.50,1.00
2017.02.10 07:12:02.085,1.25065,1.25073,1.00,4.50
2017.02.10 07:12:02.187,1.25063,1.25073,1.31,1.00
2017.02.10 07:12:02.238,1.25066,1.25074,1.00,1.50
2017.02.10 07:12:02.543,1.25069,1.25077,1.00,3.75
2017.02.10 07:12:02.594,1.25069,1.25081,1.12,4.69
2017.02.10 07:12:05.291,1.2507,1.25081,1.00,5.06
2017.02.10 07:12:14.534,1.25071,1.25081,1.00,4.31
2017.02.10 07:12:14.687,1.25071,1.25082,1.12,1.69
2017.02.10 07:12:14.838,1.25073,1.25083,1.00,4.50
2017.02.10 07:12:14.889,1.25073,1.25083,1.50,1.50
2017.02.10 07:12:15.389,1.25071,1.25082,1.50,1.87
2017.02.10 07:12:15.915,1.2507,1.25081,1.12,1.37
2017.02.10 07:12:16.229,1.25072,1.25081,1.00,1.37
2017.02.10 07:12:16.346,1.25072,1.25082,1.50,1.12
2017.02.10 07:12:16.498,1.25073,1.25083,4.12,1.12
2017.02.10 07:12:17.006,1.25072,1.25082,4.12,1.00
2017.02.10 07:12:17.897,1.25075,1.25085,1.00,2.06
2017.02.10 07:12:17.948,1.25075,1.25084,1.00,1.00
2017.02.10 07:12:25.720,1.25076,1.25085,1.00,1.69
2017.02.10 07:12:25.772,1.25078,1.25085,1.00,1.37
2017.02.10 07:12:25.823,1.25079,1.25086,1.00,1.00
2017.02.10 07:12:25.924,1.2508,1.2509,1.50,4.50
2017.02.10 07:12:26.026,1.25081,1.2509,1.00,1.25
2017.02.10 07:12:26.127,1.25081,1.25092,1.87,1.00
2017.02.10 07:12:26.635,1.25083,1.25092,1.00,1.00
2017.02.10 07:12:27.169,1.25082,1.25092,1.12,1.00
2017.02.10 07:12:27.524,1.25082,1.25091,1.00,1.50
2017.02.10 07:12:28.634,1.25082,1.25091,1.00,1.12
2017.02.10 07:12:31.632,1.25082,1.25091,1.00,1.37
2017.02.10 07:12:33.717,1.2508,1.25092,1.87,5.25
2017.02.10 07:12:35.130,1.2508,1.2509,1.87,4.12
2017.02.10 07:12:55.094,1.2508,1.25091,1.87,4.69
2017.02.10 07:13:00.583,1.2508,1.2509,1.37,5.25
2017.02.10 07:13:01.090,1.2508,1.25089,1.00,4.12
2017.02.10 07:13:01.577,1.2508,1.25092,1.12,5.81
2017.02.10 07:13:01.882,1.25081,1.25092,1.37,5.44
2017.02.10 07:13:04.878,1.25082,1.25093,1.87,1.50
2017.02.10 07:13:10.537,1.25083,1.25093,1.00,2.25
2017.02.10 07:13:11.079,1.25084,1.25093,1.00,1.50
2017.02.10 07:13:13.170,1.25083,1.25093,1.00,1.50
2017.02.10 07:13:14.450,1.25082,1.25093,1.87,1.50
2017.02.10 07:13:14.804,1.25082,1.25092,1.12,1.37
2017.02.10 07:13:15.031,1.25082,1.25092,1.12,1.00
2017.02.10 07:13:18.335,1.25083,1.25093,1.00,2.62
2017.02.10 07:13:19.861,1.25081,1.25093,1.50,2.62
2017.02.10 07:13:31.129,1.25083,1.25093,1.00,1.37
2017.02.10 07:13:31.720,1.25081,1.25093,2.25,1.37
2017.02.10 07:13:32.392,1.25083,1.25093,1.00,1.37
2017.02.10 07:13:44.060,1.25082,1.25093,1.12,1.37
2017.02.10 07:13:49.563,1.25082,1.25092,1.12,1.50
2017.02.10 07:13:52.204,1.25082,1.25092,1.12,1.12
2017.02.10 07:13:53.501,1.25083,1.25093,1.00,1.50
2017.02.10 07:13:54.342,1.25082,1.25092,1.12,2.62
2017.02.10 07:13:54.595,1.25081,1.25089,1.50,1.00
2017.02.10 07:13:59.617,1.25082,1.25091,1.00,4.12
2017.02.10 07:14:06.700,1.25082,1.25091,1.00,1.00
2017.02.10 07:14:09.234,1.25085,1.25091,1.00,1.00
2017.02.10 07:14:09.538,1.25091,1.251,4.12,3.75
2017.02.10 07:14:09.589,1.25091,1.25101,4.50,1.00
2017.02.10 07:14:13.811,1.25091,1.25102,1.12,2.25
2017.02.10 07:14:14.164,1.25089,1.25097,4.12,1.00
2017.02.10 07:14:14.773,1.2508,1.25092,1.50,4.50
2017.02.10 07:14:15.679,1.25081,1.25092,1.00,6.00
2017.02.10 07:14:15.730,1.25081,1.25092,1.37,6.00
2017.02.10 07:14:15.832,1.25082,1.25092,2.62,1.12
2017.02.10 07:14:15.933,1.25083,1.25094,4.87,1.75
2017.02.10 07:14:16.441,1.25086,1.25095,1.50,1.12
2017.02.10 07:14:16.986,1.25083,1.25093,6.37,1.00
2017.02.10 07:14:21.161,1.25083,1.25092,4.87,1.87
2017.02.10 07:14:21.313,1.25081,1.25089,4.12,1.00
2017.02.10 07:14:21.537,1.25081,1.25087,3.75,1.12
2017.02.10 07:14:21.589,1.25077,1.25085,1.00,1.00
2017.02.10 07:14:22.097,1.25077,1.25087,1.50,1.37
2017.02.10 07:14:40.035,1.25077,1.25085,1.50,1.00
2017.02.10 07:14:40.493,1.25075,1.25085,1.50,1.50
2017.02.10 07:14:45.620,1.25076,1.25086,3.00,1.12
2017.02.10 07:14:45.671,1.25076,1.25086,6.37,1.12
2017.02.10 07:14:50.093,1.25077,1.25087,1.37,2.25
2017.02.10 07:14:51.114,1.25077,1.25087,1.37,1.50
2017.02.10 07:14:54.994,1.25077,1.25087,4.87,1.00
2017.02.10 07:14:56.198,1.25078,1.2509,6.00,1.31
2017.02.10 07:14:56.396,1.2508,1.2509,1.87,1.00
2017.02.10 07:14:58.443,1.2508,1.2509,1.87,1.12
2017.02.10 07:14:58.949,1.2508,1.25089,1.37,1.00
2017.02.10 07:14:59.494,1.25081,1.25091,1.12,3.75
2017.02.10 07:15:03.130,1.25082,1.25092,1.00,5.44
2017.02.10 07:15:10.300,1.2508,1.2509,1.87,1.12
2017.02.10 07:15:11.435,1.2508,1.2509,1.87,1.00
2017.02.10 07:15:14.725,1.25079,1.25089,1.37,1.12
2017.02.10 07:15:15.055,1.25078,1.25089,1.50,1.75
2017.02.10 07:15:15.386,1.25079,1.25089,4.50,1.37
2017.02.10 07:15:16.662,1.25079,1.25086,4.50,1.00
2017.02.10 07:15:16.764,1.25077,1.25088,5.25,1.87
2017.02.10 07:15:17.269,1.25078,1.25089,4.12,3.37
2017.02.10 07:15:17.496,1.25077,1.25089,1.00,7.87
2017.02.10 07:15:28.163,1.25078,1.25088,1.12,1.37
2017.02.10 07:15:28.265,1.25078,1.25088,4.87,1.00
2017.02.10 07:15:44.853,1.25078,1.25089,4.12,2.62
2017.02.10 07:15:44.955,1.25077,1.25087,2.25,1.50
2017.02.10 07:15:45.309,1.25078,1.25087,1.37,1.12
2017.02.10 07:15:45.411,1.25079,1.25089,1.00,1.00
2017.02.10 07:15:46.322,1.25079,1.2509,1.37,2.06
2017.02.10 07:15:50.995,1.25078,1.25088,1.75,3.75
2017.02.10 07:15:53.319,1.25078,1.25088,1.37,4.12
2017.02.10 07:15:53.549,1.25076,1.25084,1.00,1.00
2017.02.10 07:15:53.853,1.25073,1.25082,2.44,1.00
2017.02.10 07:15:54.005,1.25071,1.25081,1.50,1.00
2017.02.10 07:15:54.720,1.2507,1.25082,3.75,1.50
2017.02.10 07:15:54.994,1.2507,1.25082,4.12,1.50
2017.02.10 07:15:57.245,1.25074,1.25082,1.00,1.37
2017.02.10 07:16:08.737,1.25072,1.25082,1.87,1.87
2017.02.10 07:16:09.243,1.25071,1.25082,3.00,3.37
2017.02.10 07:16:09.790,1.25071,1.25081,2.25,1.37
2017.02.10 07:16:10.827,1.25071,1.25081,2.25,1.37
2017.02.10 07:16:13.247,1.25071,1.25081,2.25,1.37
2017.02.10 07:16:15.560,1.25071,1.25081,2.62,1.50
2017.02.10 07:16:16.513,1.25071,1.25081,2.62,1.50
2017.02.10 07:16:17.124,1.25071,1.25081,2.62,1.50
2017.02.10 07:16:18.110,1.25072,1.25081,1.37,1.50
2017.02.10 07:16:19.312,1.25077,1.25081,1.50,1.50
2017.02.10 07:16:19.465,1.2508,1.25086,1.00,4.12
2017.02.10 07:16:19.516,1.25078,1.25086,3.75,3.75
2017.02.10 07:16:19.567,1.25078,1.25088,4.12,1.12
2017.02.10 07:16:20.277,1.25078,1.25087,1.00,1.50
2017.02.10 07:16:20.379,1.25078,1.25086,1.00,4.12
2017.02.10 07:16:20.734,1.25075,1.25085,1.37,3.00
2017.02.10 07:16:21.242,1.25077,1.25086,1.00,4.12
2017.02.10 07:16:21.505,1.25079,1.25088,1.12,3.75
2017.02.10 07:16:21.607,1.25079,1.25089,1.50,1.00
2017.02.10 07:16:22.130,1.25079,1.25089,1.87,1.00
2017.02.10 07:16:23.225,1.25079,1.25084,1.37,1.00
2017.02.10 07:16:23.377,1.25075,1.25083,1.37,1.00
2017.02.10 07:16:23.591,1.25073,1.25083,1.50,3.37
2017.02.10 07:16:23.896,1.25072,1.25082,2.62,5.25
2017.02.10 07:16:25.251,1.25071,1.25082,4.12,7.12
2017.02.10 07:16:27.583,1.25071,1.25082,3.37,7.12
2017.02.10 07:16:28.094,1.25071,1.25082,3.00,7.12
2017.02.10 07:16:30.618,1.25071,1.2508,3.00,1.12
2017.02.10 07:16:31.359,1.25072,1.2508,1.50,1.12
2017.02.10 07:16:31.869,1.25072,1.2508,1.50,1.12
2017.02.10 07:16:33.313,1.25071,1.2508,3.37,1.12
2017.02.10 07:16:33.957,1.25071,1.2508,3.75,1.12
2017.02.10 07:16:37.478,1.25071,1.25081,1.75,1.37
2017.02.10 07:16:38.830,1.25071,1.25081,1.75,1.37
2017.02.10 07:16:39.549,1.25073,1.25081,1.37,1.37
2017.02.10 07:16:41.554,1.25071,1.25081,1.75,1.37
2017.02.10 07:16:42.533,1.25071,1.25081,1.75,1.37
2017.02.10 07:16:43.081,1.25071,1.25081,1.75,1.37
2017.02.10 07:16:44.265,1.25072,1.25082,1.50,4.87
2017.02.10 07:16:44.568,1.25076,1.25082,1.00,4.12
2017.02.10 07:16:44.619,1.25075,1.25082,1.00,1.00
2017.02.10 07:16:44.828,1.25075,1.25085,1.50,1.12
2017.02.10 07:16:45.031,1.25075,1.25085,1.50,1.12
2017.02.10 07:16:45.183,1.25075,1.25085,1.50,1.50
2017.02.10 07:16:47.235,1.25076,1.25085,1.00,1.50
2017.02.10 07:16:47.770,1.25075,1.25085,1.50,1.50
2017.02.10 07:17:04.867,1.25076,1.25085,1.00,1.50
2017.02.10 07:17:05.931,1.25075,1.25085,2.25,1.00
2017.02.10 07:17:09.364,1.25075,1.25085,1.50,1.50
2017.02.10 07:17:09.618,1.25075,1.25082,1.00,1.00
2017.02.10 07:17:09.988,1.25074,1.25084,1.87,1.50
2017.02.10 07:17:10.522,1.25073,1.25083,1.87,1.12
2017.02.10 07:17:11.041,1.25073,1.25082,1.12,1.12
2017.02.10 07:17:14.294,1.25072,1.25082,2.44,1.12
2017.02.10 07:17:15.057,1.25072,1.25082,2.44,1.12
2017.02.10 07:17:15.608,1.25074,1.25084,1.00,1.87
2017.02.10 07:17:16.066,1.25075,1.25084,1.00,1.00
2017.02.10 07:17:17.012,1.25074,1.25084,3.00,1.00
2017.02.10 07:17:18.300,1.25076,1.25084,1.00,1.00
2017.02.10 07:17:20.825,1.25075,1.25084,1.00,1.00
2017.02.10 07:17:21.202,1.25073,1.25083,1.87,1.87
2017.02.10 07:17:21.816,1.25073,1.25084,1.00,4.87
2017.02.10 07:17:22.629,1.25073,1.25083,1.00,4.50
2017.02.10 07:17:23.158,1.25073,1.2508,1.00,1.00
2017.02.10 07:17:23.799,1.25073,1.25077,1.00,1.00
2017.02.10 07:17:23.902,1.25069,1.25076,1.12,1.37
2017.02.10 07:17:24.104,1.25067,1.25077,1.50,2.25
2017.02.10 07:17:24.358,1.25067,1.25074,1.50,1.00
2017.02.10 07:17:24.654,1.25061,1.25072,1.50,7.12
2017.02.10 07:17:25.161,1.25062,1.25071,1.50,4.12
2017.02.10 07:17:31.123,1.25067,1.25071,1.00,4.12
2017.02.10 07:17:31.224,1.25068,1.25073,1.12,4.12
2017.02.10 07:17:31.326,1.2507,1.25073,1.00,1.00
2017.02.10 07:17:31.449,1.2507,1.25078,1.00,1.12
2017.02.10 07:17:31.651,1.25067,1.25077,3.75,1.12
2017.02.10 07:17:31.702,1.25067,1.25077,3.75,5.25
2017.02.10 07:17:32.217,1.25068,1.25075,1.00,1.37
2017.02.10 07:17:35.045,1.25068,1.25075,1.00,4.50
2017.02.10 07:17:35.620,1.25066,1.25075,1.50,4.50
2017.02.10 07:17:36.454,1.25067,1.25076,1.87,1.12
2017.02.10 07:17:36.872,1.25067,1.25076,2.62,4.12
2017.02.10 07:17:37.277,1.25067,1.25074,1.12,4.12
2017.02.10 07:17:37.543,1.25062,1.25071,1.12,1.00
2017.02.10 07:17:38.069,1.25062,1.25072,1.00,4.87
2017.02.10 07:17:38.860,1.25063,1.25072,1.00,4.12
2017.02.10 07:17:38.940,1.2507,1.25073,1.00,4.12
2017.02.10 07:17:39.043,1.2507,1.25076,1.00,1.00
2017.02.10 07:17:39.145,1.25069,1.25078,1.50,1.00
2017.02.10 07:17:39.349,1.25068,1.25077,1.00,1.00
2017.02.10 07:17:39.452,1.25066,1.25075,2.62,1.12
2017.02.10 07:17:39.756,1.25065,1.25074,1.50,1.50
2017.02.10 07:17:40.086,1.25062,1.25069,1.50,1.00
2017.02.10 07:17:40.289,1.25059,1.25069,1.50,1.50
2017.02.10 07:17:44.248,1.25059,1.25068,1.50,1.50
2017.02.10 07:17:44.452,1.25057,1.25066,1.12,1.00
2017.02.10 07:17:44.756,1.25051,1.25058,1.00,4.87
2017.02.10 07:17:44.807,1.25048,1.25058,3.37,4.87
2017.02.10 07:17:44.909,1.25048,1.25053,1.00,1.00
2017.02.10 07:17:45.011,1.25045,1.25053,1.12,1.37
2017.02.10 07:17:45.315,1.25047,1.25054,1.00,4.50
2017.02.10 07:17:45.467,1.25048,1.25057,1.12,1.37
2017.02.10 07:17:45.519,1.2505,1.25058,1.00,3.94
2017.02.10 07:17:45.570,1.25049,1.25059,1.87,2.06
2017.02.10 07:17:46.093,1.2505,1.25059,1.00,2.06
2017.02.10 07:17:46.969,1.25049,1.25059,1.87,2.06
2017.02.10 07:17:47.476,1.25049,1.25059,1.12,4.69
2017.02.10 07:17:48.317,1.2505,1.25059,1.00,1.56
2017.02.10 07:17:48.520,1.25051,1.2506,1.37,1.12
2017.02.10 07:17:48.824,1.2505,1.2506,1.87,1.87
2017.02.10 07:17:49.377,1.25049,1.25057,1.00,1.12
2017.02.10 07:17:49.428,1.25045,1.25056,1.87,2.62
2017.02.10 07:17:49.944,1.25045,1.25054,1.37,1.12
2017.02.10 07:17:49.995,1.25045,1.25054,1.00,4.50
2017.02.10 07:17:50.300,1.25049,1.25058,1.00,1.37
2017.02.10 07:17:50.836,1.25048,1.25058,1.87,1.37
2017.02.10 07:17:51.178,1.25045,1.25054,6.00,1.50
2017.02.10 07:17:51.281,1.25044,1.25052,1.12,1.12
2017.02.10 07:17:51.404,1.25042,1.25051,2.25,1.50
2017.02.10 07:17:51.506,1.25042,1.2505,1.12,1.50
2017.02.10 07:17:51.911,1.25043,1.25051,1.37,4.12
2017.02.10 07:17:52.560,1.25043,1.25051,1.12,3.75
2017.02.10 07:17:52.611,1.25042,1.25052,2.25,1.50
2017.02.10 07:17:53.092,1.25042,1.2505,1.00,4.12
2017.02.10 07:17:54.994,1.25042,1.25051,1.00,2.25
2017.02.10 07:17:55.524,1.25041,1.2505,1.00,1.00
2017.02.10 07:17:56.093,1.2504,1.2505,2.25,1.00
2017.02.10 07:17:56.862,1.2504,1.25051,1.00,4.50
2017.02.10 07:17:57.395,1.25039,1.25048,1.87,1.37
2017.02.10 07:17:57.917,1.25039,1.25048,1.00,1.50
2017.02.10 07:18:01.646,1.2504,1.25048,1.00,1.50
2017.02.10 07:18:13.764,1.25039,1.25048,1.12,1.50
2017.02.10 07:18:14.320,1.2504,1.25048,1.00,1.50
2017.02.10 07:18:16.691,1.2504,1.25049,1.00,1.50
2017.02.10 07:18:24.132,1.25039,1.25049,1.12,3.75
2017.02.10 07:18:24.435,1.25041,1.25049,1.00,1.12
2017.02.10 07:18:24.739,1.25046,1.25054,1.12,4.12
2017.02.10 07:18:24.997,1.25048,1.25058,3.37,1.50
2017.02.10 07:18:25.505,1.25049,1.25058,1.12,1.00
2017.02.10 07:18:26.889,1.25048,1.25058,1.12,1.37
2017.02.10 07:18:26.940,1.25048,1.25053,1.00,1.00
2017.02.10 07:18:27.144,1.2504,1.25048,1.00,1.00
2017.02.10 07:18:27.661,1.25039,1.25048,1.00,2.25
2017.02.10 07:18:29.619,1.25037,1.25046,1.37,1.12
2017.02.10 07:18:30.074,1.25039,1.25048,1.12,2.25
2017.02.10 07:18:30.530,1.25041,1.2505,1.00,1.50
2017.02.10 07:18:30.859,1.25041,1.25052,1.50,1.50
2017.02.10 07:18:30.961,1.25041,1.25049,1.00,1.00
2017.02.10 07:18:38.033,1.25039,1.25048,5.62,1.00
2017.02.10 07:18:38.488,1.25039,1.25049,2.62,1.12
2017.02.10 07:18:38.842,1.25041,1.2505,1.00,1.50
2017.02.10 07:18:40.054,1.25043,1.2505,1.00,1.00
2017.02.10 07:18:40.358,1.25048,1.25058,1.50,1.87
2017.02.10 07:18:40.811,1.25048,1.25056,1.12,1.00
2017.02.10 07:18:41.014,1.25045,1.25057,1.50,6.75
2017.02.10 07:18:41.369,1.25044,1.25053,1.00,1.37
2017.02.10 07:18:41.471,1.25042,1.25053,1.87,2.62
2017.02.10 07:18:42.010,1.25042,1.25053,1.87,2.62
2017.02.10 07:18:42.511,1.25042,1.25051,1.37,1.00
2017.02.10 07:18:42.599,1.2504,1.25049,1.75,1.87
2017.02.10 07:18:42.662,1.2504,1.25047,1.00,1.12
2017.02.10 07:18:42.815,1.25039,1.25044,1.00,1.12
2017.02.10 07:18:43.068,1.25031,1.25039,1.12,1.00
2017.02.10 07:18:43.524,1.25035,1.25039,1.37,1.00
2017.02.10 07:18:43.576,1.25034,1.2504,1.12,1.37
2017.02.10 07:18:43.677,1.25035,1.25044,1.12,1.00
2017.02.10 07:18:43.880,1.25034,1.25046,4.50,2.06
2017.02.10 07:18:44.439,1.25035,1.25045,1.00,1.12
2017.02.10 07:18:54.486,1.25034,1.25044,2.62,1.00
2017.02.10 07:18:54.670,1.25032,1.25044,6.19,4.87
2017.02.10 07:18:54.721,1.25031,1.25043,2.25,5.62
2017.02.10 07:18:55.313,1.2503,1.2504,2.25,1.00
2017.02.10 07:18:59.855,1.25029,1.25039,1.75,4.12
2017.02.10 07:19:00.109,1.25029,1.25039,1.50,5.44
2017.02.10 07:19:02.113,1.25029,1.25039,1.87,1.69
2017.02.10 07:19:04.711,1.25032,1.2504,1.00,5.06
2017.02.10 07:19:04.964,1.25034,1.25044,1.12,1.37
2017.02.10 07:19:05.471,1.25035,1.25045,1.00,1.62
2017.02.10 07:19:05.978,1.25034,1.25045,1.50,2.06
2017.02.10 07:19:06.287,1.25032,1.25043,1.12,3.19
2017.02.10 07:19:06.533,1.25031,1.2504,1.00,3.75
2017.02.10 07:19:07.482,1.2503,1.2504,1.50,4.50
2017.02.10 07:19:16.642,1.25028,1.25038,4.12,3.00
2017.02.10 07:19:16.897,1.25021,1.25032,4.12,3.37
2017.02.10 07:19:16.999,1.25021,1.25032,1.50,4.12
2017.02.10 07:19:17.050,1.25024,1.25031,1.00,1.00
2017.02.10 07:19:17.202,1.25025,1.25035,1.00,4.31
2017.02.10 07:19:17.303,1.25025,1.25035,1.50,1.00
2017.02.10 07:19:17.355,1.25025,1.25037,4.87,4.12
2017.02.10 07:19:17.406,1.25025,1.25038,4.87,4.50
2017.02.10 07:19:22.323,1.25025,1.25035,4.12,2.44
2017.02.10 07:19:22.425,1.25022,1.25033,4.12,1.50
2017.02.10 07:19:22.527,1.2502,1.25031,4.87,1.50
2017.02.10 07:19:22.681,1.2502,1.25031,1.00,6.00
2017.02.10 07:19:23.817,1.25019,1.2503,1.12,1.37
2017.02.10 07:19:24.304,1.25021,1.25032,1.50,1.31
2017.02.10 07:19:24.623,1.25024,1.25033,1.00,1.56
2017.02.10 07:19:29.309,1.25025,1.25034,1.00,1.31
2017.02.10 07:19:29.891,1.25026,1.25035,1.00,1.50
2017.02.10 07:19:30.504,1.25026,1.25035,1.00,1.00
2017.02.10 07:19:31.032,1.25027,1.25037,1.12,4.69
2017.02.10 07:19:31.951,1.25025,1.25035,1.00,4.87
2017.02.10 07:19:32.284,1.25024,1.25033,1.00,4.12
2017.02.10 07:19:33.597,1.25024,1.25034,1.87,1.50
2017.02.10 07:19:34.192,1.25024,1.25034,1.87,1.12
2017.02.10 07:19:35.250,1.25025,1.25036,1.00,5.81
2017.02.10 07:19:39.934,1.25024,1.25035,1.12,1.50
2017.02.10 07:19:40.441,1.25025,1.25036,1.00,6.19
2017.02.10 07:19:41.433,1.25024,1.25035,1.87,2.25
2017.02.10 07:19:42.219,1.25027,1.25034,1.00,1.12
2017.02.10 07:19:42.423,1.25028,1.25037,1.12,1.56
2017.02.10 07:19:42.474,1.2503,1.25038,1.00,6.19
2017.02.10 07:19:42.525,1.2503,1.25038,1.50,1.00
2017.02.10 07:19:43.060,1.2503,1.25039,1.50,1.25
2017.02.10 07:19:44.855,1.25028,1.25039,2.25,1.69
2017.02.10 07:19:44.986,1.25028,1.25036,1.50,1.00
2017.02.10 07:19:45.562,1.25027,1.25036,1.12,1.00
2017.02.10 07:19:48.519,1.25028,1.25036,1.00,1.00
2017.02.10 07:19:50.986,1.25027,1.25036,1.87,1.00
2017.02.10 07:19:53.036,1.25026,1.25037,1.87,1.37
2017.02.10 07:19:59.409,1.25034,1.25037,1.46,1.37
2017.02.10 07:19:59.562,1.25041,1.25045,1.69,1.00
2017.02.10 07:19:59.613,1.25049,1.25053,1.50,1.00
2017.02.10 07:19:59.664,1.25047,1.25051,1.50,7.75
2017.02.10 07:19:59.766,1.25049,1.25058,1.00,3.00
2017.02.10 07:19:59.867,1.25048,1.25056,1.37,1.19
2017.02.10 07:20:00.265,1.25048,1.25055,1.00,5.06
2017.02.10 07:20:00.318,1.25043,1.25053,1.87,1.12
2017.02.10 07:20:00.369,1.25041,1.25052,2.25,1.50
2017.02.10 07:20:00.471,1.25041,1.25051,1.87,4.12
2017.02.10 07:20:00.977,1.2504,1.2505,2.62,4.12
2017.02.10 07:20:01.514,1.25041,1.25051,1.12,4.31
2017.02.10 07:20:01.565,1.25041,1.25053,1.12,6.94
2017.02.10 07:20:01.718,1.25043,1.25053,1.00,5.06
2017.02.10 07:20:02.231,1.25044,1.25054,1.00,4.50
2017.02.10 07:20:07.708,1.25045,1.25054,1.00,4.50
2017.02.10 07:20:08.212,1.25045,1.25054,1.00,1.37
2017.02.10 07:20:08.416,1.25046,1.25055,1.00,1.25
2017.02.10 07:20:08.773,1.25044,1.25053,1.00,1.00
2017.02.10 07:20:10.917,1.25043,1.25052,1.12,1.00
2017.02.10 07:20:11.222,1.2504,1.2505,1.00,1.50
2017.02.10 07:20:12.498,1.2504,1.2505,2.25,1.00
2017.02.10 07:20:13.004,1.25041,1.25052,1.12,4.12
2017.02.10 07:20:19.842,1.25043,1.25052,1.00,6.00
2017.02.10 07:20:20.528,1.25042,1.25052,1.12,4.12
2017.02.10 07:20:20.732,1.25047,1.25056,1.00,4.12
2017.02.10 07:20:20.885,1.25045,1.25051,1.37,1.00
2017.02.10 07:20:20.936,1.25043,1.2505,1.50,1.12
2017.02.10 07:20:20.987,1.25043,1.2505,1.00,3.75
2017.02.10 07:20:21.038,1.25041,1.2505,1.12,4.12
2017.02.10 07:20:26.092,1.25041,1.2505,1.50,5.62
2017.02.10 07:20:26.245,1.25041,1.25046,1.00,1.50
2017.02.10 07:20:26.296,1.25039,1.25048,1.12,5.25
2017.02.10 07:20:26.409,1.25037,1.25044,1.37,4.31
2017.02.10 07:20:26.511,1.25029,1.25039,2.62,1.00
2017.02.10 07:20:26.613,1.25028,1.25039,1.87,4.50
2017.02.10 07:20:26.766,1.25028,1.25039,1.00,4.12
2017.02.10 07:20:30.738,1.25028,1.25041,1.50,8.06
2017.02.10 07:20:39.793,1.25029,1.25039,1.00,1.37
2017.02.10 07:20:40.137,1.25021,1.25031,2.25,1.00
2017.02.10 07:20:40.241,1.25021,1.25031,1.00,5.62
2017.02.10 07:20:40.395,1.25019,1.25029,1.69,1.50
2017.02.10 07:20:40.649,1.25019,1.25029,2.44,1.00
2017.02.10 07:20:41.262,1.25019,1.25029,2.44,1.00
2017.02.10 07:20:45.078,1.25019,1.25029,2.06,1.00
2017.02.10 07:20:48.918,1.25019,1.25028,1.00,1.00
2017.02.10 07:20:50.256,1.25017,1.25028,4.87,4.50
2017.02.10 07:20:52.528,1.25017,1.25028,1.87,4.50
2017.02.10 07:20:54.947,1.25016,1.25028,3.37,4.50
2017.02.10 07:20:56.539,1.25016,1.25027,2.62,1.37
2017.02.10 07:20:56.843,1.2501,1.2502,1.87,2.25
2017.02.10 07:20:56.945,1.25009,1.2502,1.00,7.12
2017.02.10 07:20:57.461,1.25009,1.25017,1.00,1.00
2017.02.10 07:20:58.105,1.25011,1.25017,1.00,1.00
2017.02.10 07:20:59.163,1.25008,1.25017,1.00,1.00
2017.02.10 07:20:59.711,1.25007,1.25017,2.81,1.12
2017.02.10 07:21:00.232,1.25007,1.25017,1.87,1.37
2017.02.10 07:21:00.738,1.25008,1.25018,1.00,5.62
2017.02.10 07:21:00.992,1.25005,1.25013,2.62,1.37
2017.02.10 07:21:01.093,1.25003,1.25014,1.12,2.25
2017.02.10 07:21:01.246,1.25001,1.25011,1.87,1.12
2017.02.10 07:21:01.389,1.25001,1.2501,1.00,1.37
2017.02.10 07:21:01.726,1.25003,1.25011,1.00,1.00
2017.02.10 07:21:02.234,1.25002,1.25011,1.00,1.00
2017.02.10 07:21:12.115,1.25001,1.25011,1.87,1.87
2017.02.10 07:21:12.444,1.24999,1.25009,1.00,4.87
2017.02.10 07:21:12.952,1.24999,1.2501,1.00,7.69
2017.02.10 07:21:13.706,1.24998,1.2501,1.87,6.56
2017.02.10 07:21:14.973,1.24999,1.2501,1.00,7.31
2017.02.10 07:21:15.312,1.24997,1.25007,1.50,2.25
2017.02.10 07:21:15.363,1.24998,1.25008,1.12,5.62
2017.02.10 07:21:15.464,1.25,1.25007,1.00,4.12
2017.02.10 07:21:15.515,1.25,1.25008,1.00,1.00
2017.02.10 07:21:15.819,1.25001,1.25011,2.25,1.50
2017.02.10 07:21:16.066,1.25003,1.25012,1.00,1.25
2017.02.10 07:21:19.950,1.25005,1.25012,1.00,1.00
2017.02.10 07:21:20.261,1.2501,1.25014,1.00,1.69
2017.02.10 07:21:20.365,1.2501,1.25018,1.00,4.12
2017.02.10 07:21:20.467,1.2501,1.25021,1.00,6.00
2017.02.10 07:21:21.519,1.2501,1.25019,1.00,1.37
2017.02.10 07:21:21.671,1.25005,1.25016,1.50,3.00
2017.02.10 07:21:22.040,1.25006,1.25015,1.50,4.12
2017.02.10 07:21:22.563,1.25006,1.25016,1.12,7.50
2017.02.10 07:21:23.024,1.25007,1.25016,1.00,1.00
2017.02.10 07:21:23.227,1.25008,1.25019,1.87,2.81
2017.02.10 07:21:23.743,1.25009,1.25019,1.50,3.00
2017.02.10 07:21:29.506,1.25013,1.2502,1.00,4.12
2017.02.10 07:21:29.761,1.25019,1.25028,1.37,3.94
2017.02.10 07:21:29.862,1.25019,1.25029,1.50,2.62
2017.02.10 07:21:30.269,1.25019,1.25026,1.00,1.00
2017.02.10 07:21:30.320,1.25017,1.25026,1.00,1.00
2017.02.10 07:21:30.828,1.25016,1.25025,1.50,3.00
2017.02.10 07:21:33.008,1.25015,1.25025,1.00,2.25
2017.02.10 07:21:34.243,1.25015,1.25025,1.69,2.25
2017.02.10 07:21:39.462,1.25017,1.25026,1.00,4.87
2017.02.10 07:21:39.769,1.25019,1.25029,1.31,1.87
2017.02.10 07:21:41.113,1.2502,1.25029,1.00,1.00
2017.02.10 07:21:41.654,1.25019,1.25029,1.69,1.00
2017.02.10 07:21:42.160,1.25019,1.25028,1.31,1.00
2017.02.10 07:21:44.566,1.25018,1.25028,1.31,1.50
2017.02.10 07:21:45.994,1.25018,1.2503,6.56,6.37
2017.02.10 07:21:55.567,1.25019,1.25025,2.06,1.00
2017.02.10 07:21:55.720,1.25017,1.25025,1.62,1.12
2017.02.10 07:21:56.248,1.25018,1.25028,1.50,5.62
2017.02.10 07:21:56.299,1.25019,1.25028,1.00,1.50
2017.02.10 07:21:56.812,1.25016,1.25027,3.94,1.00
2017.02.10 07:21:57.309,1.25016,1.25025,2.44,1.00
2017.02.10 07:21:57.599,1.25019,1.25029,1.87,1.12
2017.02.10 07:21:58.129,1.25019,1.25029,2.25,1.37
2017.02.10 07:22:05.788,1.25019,1.25028,2.06,1.00
2017.02.10 07:22:05.991,1.25018,1.25026,1.31,1.00
2017.02.10 07:22:06.449,1.25016,1.25024,1.50,1.12
2017.02.10 07:22:06.634,1.25016,1.25026,1.12,5.25
2017.02.10 07:22:07.014,1.25018,1.25028,2.81,5.62
2017.02.10 07:22:09.861,1.2502,1.25028,1.00,4.50
2017.02.10 07:22:10.536,1.2502,1.25029,2.25,1.37
2017.02.10 07:22:12.539,1.25018,1.25026,1.69,1.00
2017.02.10 07:22:13.148,1.25018,1.25028,1.69,2.62
2017.02.10 07:22:13.962,1.25018,1.25025,1.69,1.00
2017.02.10 07:22:14.485,1.25018,1.25025,1.69,1.00
2017.02.10 07:22:14.712,1.25018,1.25025,1.69,1.00
2017.02.10 07:22:16.713,1.25018,1.25028,1.69,6.37
2017.02.10 07:22:17.606,1.25018,1.25025,2.06,1.00
2017.02.10 07:22:18.149,1.25018,1.25027,1.31,1.50
2017.02.10 07:22:18.453,1.25019,1.25029,1.62,1.37
2017.02.10 07:22:22.503,1.25018,1.25029,3.56,1.00
2017.02.10 07:22:23.813,1.25018,1.25028,2.81,1.87
2017.02.10 07:22:24.328,1.25018,1.25027,1.31,1.87
2017.02.10 07:22:24.481,1.25016,1.25025,1.87,1.50
2017.02.10 07:22:24.633,1.25015,1.25024,2.06,2.62
2017.02.10 07:22:24.836,1.25014,1.25024,1.69,7.12
2017.02.10 07:22:25.509,1.25016,1.25024,1.00,4.12
2017.02.10 07:22:26.015,1.25015,1.25024,1.31,1.50
2017.02.10 07:22:26.268,1.25016,1.25026,2.62,1.00
2017.02.10 07:22:26.949,1.25018,1.25026,1.00,1.50
2017.02.10 07:22:27.460,1.25019,1.25027,1.00,1.50
2017.02.10 07:22:29.111,1.25021,1.25027,1.00,1.37
2017.02.10 07:22:29.972,1.25021,1.25029,1.00,5.62
2017.02.10 07:22:30.478,1.2502,1.25029,1.50,4.12
2017.02.10 07:22:31.414,1.25027,1.25029,1.00,4.12
2017.02.10 07:22:31.668,1.25032,1.25038,1.00,1.50
2017.02.10 07:22:32.229,1.2503,1.25036,2.06,1.00
2017.02.10 07:22:32.735,1.25029,1.25035,2.81,1.00
2017.02.10 07:22:33.260,1.25029,1.25034,1.00,1.00
2017.02.10 07:22:33.514,1.25029,1.25036,1.00,1.00
2017.02.10 07:22:34.663,1.25029,1.25035,1.00,1.00
2017.02.10 07:22:35.213,1.25028,1.25036,1.62,1.00
2017.02.10 07:22:35.928,1.25028,1.25036,1.62,1.00
2017.02.10 07:22:36.482,1.2503,1.25038,1.87,1.37
2017.02.10 07:22:36.546,1.2503,1.25039,1.12,1.00
2017.02.10 07:22:37.069,1.25032,1.25039,1.00,1.50
2017.02.10 07:22:37.576,1.25031,1.2504,1.87,1.87
2017.02.10 07:22:48.395,1.25031,1.25038,1.50,1.00
2017.02.10 07:22:52.275,1.2503,1.25038,1.00,1.00
2017.02.10 07:22:54.523,1.2503,1.25037,1.00,1.00
2017.02.10 07:22:54.877,1.25029,1.25034,2.44,1.00
2017.02.10 07:22:55.379,1.25029,1.25034,2.44,1.00
2017.02.10 07:22:57.092,1.25031,1.2504,1.00,4.87
2017.02.10 07:22:59.676,1.25032,1.25038,1.00,1.12
2017.02.10 07:23:05.432,1.25031,1.25038,1.00,1.12
2017.02.10 07:23:05.940,1.2503,1.25038,1.50,1.12
2017.02.10 07:23:09.897,1.25032,1.25038,1.00,1.12
2017.02.10 07:23:13.766,1.2503,1.25038,1.87,1.12
2017.02.10 07:23:15.253,1.2503,1.2504,1.50,1.37
2017.02.10 07:23:16.885,1.2503,1.25037,1.12,1.00
2017.02.10 07:23:17.233,1.2503,1.25035,1.50,1.00
2017.02.10 07:23:19.709,1.2503,1.25036,1.12,1.00
2017.02.10 07:23:20.156,1.2503,1.2504,1.87,1.87
2017.02.10 07:23:20.678,1.2503,1.25039,1.87,1.12
2017.02.10 07:23:27.073,1.25031,1.25037,1.12,1.00
2017.02.10 07:23:27.659,1.25033,1.25037,1.00,1.00
2017.02.10 07:23:29.743,1.25037,1.25041,1.00,4.50
2017.02.10 07:23:29.997,1.25041,1.25048,1.12,4.12
2017.02.10 07:23:30.467,1.25039,1.25045,1.00,1.00
2017.02.10 07:23:30.985,1.25037,1.25044,2.25,1.00
2017.02.10 07:23:34.998,1.25037,1.25044,1.87,1.00
2017.02.10 07:23:38.062,1.25038,1.25044,1.00,1.00
2017.02.10 07:23:38.572,1.25038,1.25046,1.00,1.00
2017.02.10 07:23:38.674,1.25038,1.25044,1.00,1.00
2017.02.10 07:23:39.105,1.25035,1.25042,1.37,1.00
2017.02.10 07:23:39.410,1.25035,1.25042,1.00,5.62
2017.02.10 07:23:39.815,1.25033,1.25041,1.50,1.00
2017.02.10 07:23:40.269,1.25033,1.25044,1.50,3.56
2017.02.10 07:23:44.047,1.25033,1.25041,1.50,1.00
2017.02.10 07:23:44.634,1.25033,1.25043,1.50,1.12
2017.02.10 07:23:46.018,1.25034,1.25043,1.00,1.12
2017.02.10 07:23:46.238,1.25034,1.25043,1.37,1.12
2017.02.10 07:23:46.442,1.25039,1.25048,1.12,1.00
2017.02.10 07:23:46.984,1.25039,1.25048,1.50,1.12
2017.02.10 07:23:51.326,1.25039,1.25047,1.37,1.00
2017.02.10 07:23:51.424,1.25038,1.25046,1.12,1.00
2017.02.10 07:23:51.779,1.25038,1.25044,1.00,1.00
2017.02.10 07:23:52.108,1.25034,1.25041,3.75,3.75
2017.02.10 07:23:52.159,1.25031,1.25041,2.25,6.00
2017.02.10 07:23:53.040,1.25032,1.2504,1.00,1.50
2017.02.10 07:23:53.254,1.25032,1.2504,1.15,1.50
2017.02.10 07:23:53.305,1.25032,1.2504,1.00,1.50
2017.02.10 07:23:57.136,1.25031,1.2504,1.87,1.37
2017.02.10 07:24:00.221,1.25033,1.2504,1.00,1.37
2017.02.10 07:24:01.949,1.25032,1.25039,1.00,1.12
2017.02.10 07:24:05.523,1.25031,1.2504,2.62,1.37
2017.02.10 07:24:08.188,1.25031,1.25037,2.25,1.00
2017.02.10 07:24:08.694,1.2503,1.25037,1.12,1.00
2017.02.10 07:24:10.330,1.2503,1.25038,1.12,1.12
2017.02.10 07:24:10.890,1.2503,1.25037,1.12,1.00
2017.02.10 07:24:14.435,1.25031,1.25039,1.00,1.37
2017.02.10 07:24:14.740,1.25034,1.2504,1.50,1.12
2017.02.10 07:24:15.281,1.25034,1.25041,1.00,2.25
2017.02.10 07:24:22.521,1.25034,1.2504,1.00,1.00
2017.02.10 07:24:23.864,1.25035,1.2504,1.00,1.12
2017.02.10 07:24:25.467,1.25035,1.25039,1.00,1.00
2017.02.10 07:24:28.117,1.25035,1.25041,1.00,2.06
2017.02.10 07:24:29.508,1.25035,1.25039,1.00,1.00
2017.02.10 07:24:30.017,1.25034,1.25039,1.00,1.12
2017.02.10 07:24:33.426,1.25033,1.25039,1.00,1.12
2017.02.10 07:24:34.440,1.25032,1.25039,1.50,1.12
2017.02.10 07:24:34.746,1.25032,1.25037,1.50,1.00
2017.02.10 07:24:44.351,1.25032,1.25039,1.50,2.25
2017.02.10 07:24:47.945,1.25032,1.25036,1.50,1.00
2017.02.10 07:24:48.046,1.25032,1.25038,1.50,1.12
2017.02.10 07:24:48.147,1.2503,1.25037,1.00,1.00
2017.02.10 07:24:48.695,1.2503,1.25036,1.00,1.00
2017.02.10 07:24:50.813,1.2503,1.25039,1.50,1.50
2017.02.10 07:24:51.219,1.25033,1.2504,1.00,4.12
2017.02.10 07:24:51.727,1.25032,1.2504,1.00,5.62
2017.02.10 07:24:52.250,1.25031,1.25039,2.25,1.37
2017.02.10 07:24:52.758,1.25032,1.25039,1.00,1.12
2017.02.10 07:24:53.264,1.25033,1.25039,1.00,1.12
2017.02.10 07:24:57.636,1.25032,1.2504,1.00,1.37
2017.02.10 07:24:58.187,1.25031,1.25039,1.12,1.12
2017.02.10 07:24:58.690,1.25031,1.25038,1.12,1.00
2017.02.10 07:24:59.204,1.25031,1.25037,1.12,1.00
2017.02.10 07:24:59.709,1.25031,1.25038,1.12,1.00
2017.02.10 07:25:01.382,1.25032,1.25038,1.00,1.00
2017.02.10 07:25:04.768,1.25033,1.25041,1.00,7.12
2017.02.10 07:25:05.072,1.25038,1.25044,7.50,1.19
2017.02.10 07:25:05.123,1.25038,1.25049,7.50,1.37
2017.02.10 07:25:10.116,1.2504,1.25047,1.50,1.00
2017.02.10 07:25:10.470,1.25039,1.25044,1.87,1.00
2017.02.10 07:25:10.673,1.25039,1.25046,1.87,1.12
2017.02.10 07:25:13.591,1.25038,1.25043,1.00,1.12
2017.02.10 07:25:13.693,1.25036,1.25042,1.00,1.50
2017.02.10 07:25:13.744,1.25034,1.2504,1.37,1.00
2017.02.10 07:25:13.927,1.25032,1.25039,1.50,1.12
2017.02.10 07:25:14.029,1.25032,1.25037,1.12,1.00
2017.02.10 07:25:14.333,1.25034,1.25036,1.00,1.00
2017.02.10 07:25:15.083,1.25034,1.25038,1.00,1.00
2017.02.10 07:25:15.586,1.25034,1.25039,1.00,1.12
2017.02.10 07:25:17.023,1.25034,1.25038,1.00,1.00
2017.02.10 07:25:17.913,1.25034,1.25037,1.00,1.00
2017.02.10 07:25:18.002,1.25034,1.25035,1.00,1.00
2017.02.10 07:25:18.053,1.25028,1.25033,1.50,1.37
2017.02.10 07:25:18.104,1.25028,1.2503,1.00,1.00
2017.02.10 07:25:18.155,1.25028,1.25031,1.00,1.50
2017.02.10 07:25:18.206,1.25024,1.25029,1.37,1.00
2017.02.10 07:25:18.398,1.25026,1.25032,1.87,4.12
2017.02.10 07:25:18.500,1.25026,1.25035,2.62,1.00
2017.02.10 07:25:19.007,1.25028,1.25037,1.00,2.62
2017.02.10 07:25:19.513,1.25028,1.25037,1.50,1.50
2017.02.10 07:25:22.532,1.25028,1.25035,1.00,1.00
2017.02.10 07:25:23.142,1.25028,1.25037,1.00,1.00
2017.02.10 07:25:23.378,1.25028,1.25035,1.00,1.00
2017.02.10 07:25:23.750,1.25028,1.25038,1.00,3.75
2017.02.10 07:25:26.670,1.25028,1.25038,1.37,1.00
2017.02.10 07:25:26.974,1.25033,1.25039,1.00,1.25
2017.02.10 07:25:27.201,1.25031,1.25042,4.50,2.25
2017.02.10 07:25:27.707,1.25031,1.25039,4.50,1.00
2017.02.10 07:25:29.795,1.25031,1.25038,4.50,1.00
2017.02.10 07:25:29.880,1.25031,1.25036,4.50,1.00
2017.02.10 07:25:37.968,1.25031,1.25038,3.75,1.50
2017.02.10 07:25:38.070,1.25031,1.25041,4.12,8.44
2017.02.10 07:25:38.439,1.25032,1.25042,5.62,1.00
2017.02.10 07:25:39.613,1.25032,1.25043,6.00,2.44
2017.02.10 07:25:43.337,1.25032,1.25041,1.37,1.00
2017.02.10 07:25:43.665,1.25031,1.25036,4.12,1.00
2017.02.10 07:25:46.112,1.25031,1.25038,4.12,1.00
2017.02.10 07:25:46.265,1.25031,1.2504,1.37,1.50
2017.02.10 07:25:46.871,1.25031,1.25039,1.37,1.00
2017.02.10 07:25:47.708,1.25031,1.2504,1.37,1.50
2017.02.10 07:25:48.479,1.25032,1.25041,3.37,1.87
2017.02.10 07:25:49.796,1.25032,1.2504,3.75,1.00
2017.02.10 07:25:50.414,1.25032,1.25042,3.75,3.75
2017.02.10 07:25:54.997,1.25032,1.25042,4.12,2.62
2017.02.10 07:25:55.527,1.25032,1.2504,4.12,1.00
2017.02.10 07:25:55.851,1.25032,1.25038,3.00,1.00
2017.02.10 07:25:56.421,1.2503,1.25038,4.50,1.00
2017.02.10 07:25:56.966,1.2503,1.25038,4.50,1.00
2017.02.10 07:25:57.331,1.25032,1.25038,3.00,1.00
2017.02.10 07:26:06.889,1.25031,1.25038,2.25,1.00
2017.02.10 07:26:14.560,1.25031,1.25039,2.25,1.00
2017.02.10 07:26:15.232,1.25031,1.25038,2.25,1.00
2017.02.10 07:26:26.231,1.25031,1.25035,2.25,1.00
2017.02.10 07:26:27.114,1.25031,1.25034,2.25,1.00
2017.02.10 07:26:27.367,1.25027,1.25033,1.00,1.00
2017.02.10 07:26:29.891,1.25027,1.25032,1.00,1.00
2017.02.10 07:26:30.005,1.25025,1.2503,4.12,1.00
2017.02.10 07:26:30.107,1.25025,1.25033,7.50,1.50
2017.02.10 07:26:30.158,1.25025,1.25032,3.75,4.12
2017.02.10 07:26:30.261,1.25025,1.25033,4.12,1.50
2017.02.10 07:26:30.413,1.25025,1.25034,4.50,3.00
2017.02.10 07:26:30.465,1.25025,1.25034,7.87,3.00
2017.02.10 07:26:31.455,1.25027,1.25036,1.87,1.37
2017.02.10 07:26:31.759,1.25027,1.25035,7.87,1.00
2017.02.10 07:26:32.298,1.25027,1.25034,4.12,1.00
2017.02.10 07:26:32.349,1.25027,1.25034,1.00,1.00
2017.02.10 07:26:32.879,1.25025,1.25033,5.62,1.00
2017.02.10 07:26:32.981,1.25025,1.25033,4.50,1.50
2017.02.10 07:26:34.018,1.25025,1.25032,4.12,1.00
2017.02.10 07:26:34.532,1.25025,1.25033,3.75,1.00
2017.02.10 07:26:34.583,1.25025,1.25031,3.75,1.50
2017.02.10 07:26:35.143,1.25025,1.25029,3.75,1.00
2017.02.10 07:26:35.245,1.25025,1.25031,3.75,1.00
2017.02.10 07:26:35.752,1.25025,1.25032,4.12,1.00
2017.02.10 07:26:36.319,1.25025,1.25033,3.75,1.00
2017.02.10 07:26:38.021,1.25025,1.25032,3.75,1.00
2017.02.10 07:26:38.327,1.25025,1.25029,3.75,1.00
2017.02.10 07:26:38.379,1.25025,1.25031,3.75,1.00
2017.02.10 07:26:38.430,1.25025,1.25029,3.75,1.00
2017.02.10 07:26:38.575,1.25025,1.25031,3.75,1.12
2017.02.10 07:26:38.678,1.25025,1.25033,3.75,1.87
2017.02.10 07:26:39.156,1.25025,1.2503,3.75,1.00
2017.02.10 07:26:39.308,1.25025,1.25032,3.75,1.12
2017.02.10 07:26:39.965,1.25025,1.25033,3.75,1.50
2017.02.10 07:26:40.278,1.25025,1.2503,3.75,1.00
2017.02.10 07:26:40.329,1.25025,1.25033,3.75,1.50
2017.02.10 07:26:40.830,1.25025,1.25032,3.75,1.00
2017.02.10 07:26:41.335,1.25027,1.25034,1.00,1.00
2017.02.10 07:26:41.684,1.25029,1.25037,1.37,1.50
2017.02.10 07:26:42.124,1.25035,1.2504,1.00,1.87
2017.02.10 07:26:42.225,1.25036,1.25043,1.00,1.37
2017.02.10 07:26:42.630,1.25035,1.2504,1.50,1.00
2017.02.10 07:26:42.812,1.25038,1.25044,1.00,1.87
2017.02.10 07:26:42.863,1.25038,1.25045,1.87,2.25
2017.02.10 07:26:42.915,1.2504,1.25045,1.00,1.12
2017.02.10 07:26:43.270,1.2504,1.25047,3.00,1.00
2017.02.10 07:26:43.322,1.25047,1.25049,1.00,1.12
2017.02.10 07:26:43.475,1.25048,1.25051,1.00,1.00
2017.02.10 07:26:43.526,1.25043,1.25051,1.50,1.00
2017.02.10 07:26:43.629,1.25045,1.25048,1.12,1.00
2017.02.10 07:26:43.935,1.25043,1.25051,2.25,1.00
2017.02.10 07:26:44.037,1.25046,1.25048,1.00,1.00
2017.02.10 07:26:44.302,1.25042,1.25048,1.12,1.00
2017.02.10 07:26:44.778,1.25042,1.2505,1.12,1.00
2017.02.10 07:26:44.931,1.25045,1.25051,1.00,1.00
2017.02.10 07:26:45.033,1.25042,1.25051,1.87,1.00
2017.02.10 07:26:45.084,1.25042,1.25049,1.87,1.00
2017.02.10 07:26:45.389,1.25042,1.25047,1.00,1.00
2017.02.10 07:26:45.964,1.25042,1.25046,1.00,1.50
2017.02.10 07:26:46.159,1.2504,1.25046,1.50,1.50
2017.02.10 07:26:46.363,1.2504,1.25048,1.50,1.87
2017.02.10 07:26:47.447,1.2504,1.25047,1.50,1.00
2017.02.10 07:26:48.839,1.2504,1.25045,1.50,1.00
2017.02.10 07:26:48.941,1.2504,1.25047,1.50,1.50
2017.02.10 07:26:53.495,1.2504,1.25044,1.12,1.00
2017.02.10 07:26:53.801,1.25036,1.2504,4.12,1.00
2017.02.10 07:26:53.902,1.25034,1.25039,4.12,1.00
2017.02.10 07:26:53.953,1.25032,1.25039,5.62,1.50
2017.02.10 07:26:54.460,1.25035,1.25039,1.00,1.00
2017.02.10 07:26:54.978,1.25035,1.2504,1.00,1.00
2017.02.10 07:26:55.751,1.25035,1.25041,1.00,1.50
2017.02.10 07:26:56.653,1.25035,1.25042,1.00,1.87
2017.02.10 07:26:58.355,1.25039,1.25044,1.00,5.25
2017.02.10 07:26:58.406,1.25039,1.25044,1.00,1.00
2017.02.10 07:26:58.558,1.25039,1.25046,1.00,1.00
2017.02.10 07:27:00.570,1.25039,1.25045,1.12,1.00
2017.02.10 07:27:00.872,1.25036,1.2504,1.50,1.00
2017.02.10 07:27:01.416,1.25036,1.2504,1.00,1.00
2017.02.10 07:27:01.663,1.25032,1.25041,3.00,1.50
2017.02.10 07:27:01.765,1.25032,1.25037,1.37,1.00
2017.02.10 07:27:01.817,1.25032,1.25036,1.00,1.00
2017.02.10 07:27:02.324,1.25031,1.25037,1.87,1.00
2017.02.10 07:27:06.033,1.25031,1.25039,1.87,1.12
2017.02.10 07:27:09.063,1.25029,1.25036,5.44,1.00
2017.02.10 07:27:09.367,1.25027,1.25033,8.62,1.00
2017.02.10 07:27:09.880,1.25027,1.25035,8.62,1.00
2017.02.10 07:27:10.404,1.25027,1.25033,6.37,1.00
2017.02.10 07:27:10.455,1.25027,1.25033,2.25,1.00
2017.02.10 07:27:11.038,1.25026,1.25033,5.25,1.00
2017.02.10 07:27:11.876,1.25026,1.25036,6.75,2.25
2017.02.10 07:27:11.927,1.25027,1.25036,1.37,2.62
2017.02.10 07:27:12.080,1.25028,1.25038,1.87,1.87
2017.02.10 07:27:12.132,1.25028,1.25039,4.50,3.94
2017.02.10 07:27:12.479,1.2503,1.25039,4.12,2.44
2017.02.10 07:27:12.784,1.2503,1.25035,4.12,1.00
2017.02.10 07:27:12.887,1.25028,1.25036,1.50,1.00
2017.02.10 07:27:13.412,1.25028,1.25037,1.50,1.12
2017.02.10 07:27:16.561,1.25029,1.25039,3.00,3.94
2017.02.10 07:27:16.613,1.2503,1.2504,1.12,3.56
2017.02.10 07:27:16.715,1.25033,1.2504,3.30,1.00
2017.02.10 07:27:16.968,1.2504,1.25047,3.75,1.00
2017.02.10 07:27:17.595,1.25039,1.25048,4.50,1.12
2017.02.10 07:27:20.837,1.25039,1.25048,4.50,1.37
2017.02.10 07:27:21.388,1.25039,1.25046,4.50,1.00
2017.02.10 07:27:22.223,1.25039,1.25048,4.50,1.87
2017.02.10 07:27:22.758,1.2504,1.25048,2.62,1.37
2017.02.10 07:27:22.809,1.25042,1.25049,1.00,1.37
2017.02.10 07:27:23.113,1.25047,1.25052,1.87,1.12
2017.02.10 07:27:23.163,1.25048,1.25054,1.00,4.50
2017.02.10 07:27:23.214,1.25047,1.25056,1.87,1.12
2017.02.10 07:27:23.266,1.25047,1.25055,7.50,1.00
2017.02.10 07:27:23.790,1.25049,1.25056,1.00,1.12
2017.02.10 07:27:27.225,1.25049,1.25055,1.00,1.00
2017.02.10 07:27:27.532,1.25046,1.25053,4.12,1.00
2017.02.10 07:27:28.040,1.25046,1.25053,3.75,1.50
2017.02.10 07:27:28.546,1.25045,1.25053,4.12,1.50
2017.02.10 07:27:32.542,1.25042,1.25052,4.69,1.12
2017.02.10 07:27:33.048,1.25046,1.25052,3.75,1.00
2017.02.10 07:27:34.987,1.25046,1.25054,3.75,2.25
2017.02.10 07:27:35.454,1.2505,1.25055,3.75,4.12
2017.02.10 07:27:35.505,1.2505,1.25056,3.75,1.37
2017.02.10 07:27:36.061,1.2505,1.25057,3.75,1.37
2017.02.10 07:27:36.889,1.2505,1.25058,3.75,1.37
2017.02.10 07:27:40.092,1.2505,1.25057,3.75,1.87
2017.02.10 07:27:40.633,1.25049,1.25057,4.50,1.75
2017.02.10 07:27:41.342,1.25049,1.25057,4.50,1.00
2017.02.10 07:27:44.030,1.25049,1.25058,4.50,1.12
2017.02.10 07:27:44.305,1.25049,1.25056,4.50,1.00
2017.02.10 07:27:45.002,1.25049,1.25059,4.50,1.69
2017.02.10 07:27:45.154,1.25049,1.25059,7.87,1.62
2017.02.10 07:27:47.651,1.2505,1.25057,4.12,1.00
2017.02.10 07:27:50.237,1.2505,1.25056,4.12,1.00
2017.02.10 07:27:50.743,1.2505,1.25058,4.12,1.37
2017.02.10 07:27:52.148,1.2505,1.25059,4.12,3.19
2017.02.10 07:27:53.470,1.2505,1.25055,4.12,1.00
2017.02.10 07:27:53.987,1.2505,1.25055,3.75,1.00
2017.02.10 07:27:54.493,1.2505,1.25054,3.75,1.00
2017.02.10 07:27:54.660,1.2505,1.25056,3.75,1.00
2017.02.10 07:27:56.412,1.2505,1.25057,3.75,1.00
2017.02.10 07:28:01.448,1.2505,1.25056,3.75,1.00
2017.02.10 07:28:01.998,1.2505,1.25059,3.75,2.81
2017.02.10 07:28:04.352,1.25049,1.25059,4.12,3.56
2017.02.10 07:28:05.300,1.25045,1.25054,4.12,1.75
2017.02.10 07:28:08.175,1.25047,1.25053,1.00,1.19
2017.02.10 07:28:08.276,1.2505,1.25058,3.75,4.12
2017.02.10 07:28:08.378,1.2505,1.25059,4.50,1.00
2017.02.10 07:28:08.887,1.25051,1.25059,1.37,1.50
2017.02.10 07:28:09.418,1.2505,1.25058,8.62,1.12
2017.02.10 07:28:10.443,1.25052,1.25059,4.12,1.00
2017.02.10 07:28:10.645,1.25052,1.25062,4.12,2.81
2017.02.10 07:28:13.594,1.25055,1.25062,3.75,2.06
2017.02.10 07:28:13.696,1.25051,1.25063,4.50,5.44
2017.02.10 07:28:14.251,1.25052,1.25062,1.00,1.69
2017.02.10 07:28:14.994,1.25051,1.25062,4.50,1.69
2017.02.10 07:28:16.790,1.25051,1.2506,2.62,1.00
2017.02.10 07:28:19.193,1.25051,1.25059,1.87,1.00
2017.02.10 07:28:19.446,1.25051,1.25056,1.50,1.00
2017.02.10 07:28:20.068,1.25051,1.25056,1.12,1.00
2017.02.10 07:28:33.177,1.2505,1.25055,1.50,1.00
2017.02.10 07:28:33.481,1.25046,1.25055,1.50,2.25
2017.02.10 07:28:33.532,1.25046,1.25052,1.50,1.00
2017.02.10 07:28:33.838,1.25041,1.25047,3.00,1.00
2017.02.10 07:28:33.890,1.25041,1.25047,1.37,1.00
2017.02.10 07:28:33.941,1.25039,1.25046,1.50,1.50
2017.02.10 07:28:33.992,1.25038,1.25043,4.87,1.00
2017.02.10 07:28:34.145,1.25037,1.25043,1.12,1.00
2017.02.10 07:28:34.657,1.25037,1.25042,1.00,1.00
2017.02.10 07:28:35.187,1.25034,1.2504,3.75,1.00
2017.02.10 07:28:35.405,1.2503,1.25037,1.12,1.00
2017.02.10 07:28:35.507,1.25029,1.25035,2.06,1.00
2017.02.10 07:28:36.382,1.25029,1.25035,1.12,1.00
2017.02.10 07:28:36.922,1.25029,1.25036,1.12,1.00
2017.02.10 07:28:41.136,1.2503,1.25036,1.50,1.00
2017.02.10 07:28:42.481,1.2503,1.25038,1.50,1.69
2017.02.10 07:28:43.564,1.2503,1.25039,2.25,1.12
2017.02.10 07:28:43.716,1.25034,1.25041,1.00,5.62
2017.02.10 07:28:43.868,1.25034,1.25041,1.00,1.12
2017.02.10 07:28:45.327,1.25031,1.2504,1.87,1.00
2017.02.10 07:28:45.429,1.2503,1.25037,6.75,1.00
2017.02.10 07:28:45.530,1.2503,1.25036,2.62,1.00
2017.02.10 07:28:46.062,1.2503,1.25037,1.50,1.00
2017.02.10 07:28:46.626,1.25029,1.25038,1.87,1.87
2017.02.10 07:28:48.285,1.25029,1.25036,1.50,1.00
2017.02.10 07:28:48.893,1.25029,1.25037,1.50,1.50
2017.02.10 07:28:49.426,1.25029,1.25036,1.50,1.00
2017.02.10 07:28:54.108,1.25031,1.25036,1.00,1.00
2017.02.10 07:28:55.318,1.25031,1.25037,1.00,1.00
2017.02.10 07:28:55.867,1.25031,1.25036,1.00,1.00
2017.02.10 07:28:56.508,1.25029,1.25036,1.12,1.00
2017.02.10 07:28:57.986,1.25029,1.25035,1.00,1.00
2017.02.10 07:28:58.649,1.25029,1.25035,1.00,1.50
2017.02.10 07:28:59.186,1.2503,1.25035,1.00,1.00
2017.02.10 07:29:02.918,1.2503,1.25037,1.00,1.00
2017.02.10 07:29:03.460,1.2503,1.25038,1.00,1.69
2017.02.10 07:29:06.142,1.2503,1.25037,1.00,1.00
2017.02.10 07:29:06.243,1.2503,1.25035,1.00,1.00
2017.02.10 07:29:09.628,1.2503,1.25038,1.00,1.00
2017.02.10 07:29:09.730,1.25032,1.25039,1.00,1.50
2017.02.10 07:29:09.882,1.25033,1.25041,1.12,1.87
2017.02.10 07:29:09.933,1.25035,1.25043,1.00,1.87
2017.02.10 07:29:10.379,1.25033,1.25038,1.00,1.00
2017.02.10 07:29:10.684,1.2503,1.25034,1.12,1.00
2017.02.10 07:29:11.190,1.2503,1.25035,1.00,1.00
2017.02.10 07:29:19.157,1.2503,1.2504,6.00,3.00
2017.02.10 07:29:19.208,1.2503,1.2504,6.00,2.62
2017.02.10 07:29:19.310,1.2503,1.25038,6.37,1.00
2017.02.10 07:29:19.965,1.2503,1.25039,6.37,1.00
2017.02.10 07:29:20.311,1.2503,1.25037,5.62,1.00
2017.02.10 07:29:20.515,1.2503,1.2504,6.00,1.50
2017.02.10 07:29:20.719,1.25035,1.2504,1.00,1.12
2017.02.10 07:29:22.956,1.25033,1.25041,1.00,1.37
2017.02.10 07:29:23.058,1.25035,1.25042,1.50,1.87
2017.02.10 07:29:23.160,1.25033,1.25042,1.00,1.00
2017.02.10 07:29:23.287,1.25033,1.25039,1.00,1.00
2017.02.10 07:29:23.636,1.2503,1.25035,1.50,1.00
2017.02.10 07:29:33.697,1.2503,1.25038,1.87,1.50
2017.02.10 07:29:33.748,1.25034,1.2504,1.00,2.00
2017.02.10 07:29:33.850,1.25036,1.25041,1.00,1.00
2017.02.10 07:29:33.901,1.25036,1.25045,4.12,1.12
2017.02.10 07:29:34.002,1.25037,1.25045,1.37,1.37
2017.02.10 07:29:34.306,1.25037,1.25042,1.00,1.00
2017.02.10 07:29:34.611,1.25032,1.25036,4.12,1.00
2017.02.10 07:29:34.713,1.2503,1.25037,1.87,1.00
2017.02.10 07:29:35.004,1.2503,1.25039,1.87,1.12
2017.02.10 07:29:35.157,1.25034,1.2504,1.00,1.00
2017.02.10 07:29:35.309,1.25034,1.25043,1.12,2.25
2017.02.10 07:29:35.949,1.25034,1.25042,1.50,1.00
2017.02.10 07:29:36.465,1.25036,1.25042,1.00,1.00
2017.02.10 07:29:36.567,1.25036,1.25044,1.00,2.25
2017.02.10 07:29:36.848,1.25036,1.25042,1.00,1.00
2017.02.10 07:29:37.153,1.25033,1.25039,1.12,1.00
2017.02.10 07:29:37.463,1.25033,1.25037,1.25,1.00
2017.02.10 07:29:38.076,1.25032,1.25038,1.37,1.00
2017.02.10 07:29:38.534,1.25033,1.25041,1.12,1.87
2017.02.10 07:29:38.838,1.25035,1.25043,1.00,1.00
2017.02.10 07:29:39.344,1.25035,1.25043,2.62,1.00
2017.02.10 07:29:39.875,1.25035,1.25042,1.87,1.00
2017.02.10 07:29:39.977,1.25033,1.25041,1.69,1.00
2017.02.10 07:29:40.079,1.25033,1.25038,1.31,1.00
2017.02.10 07:29:40.131,1.25031,1.2504,2.06,1.12
2017.02.10 07:29:40.232,1.25035,1.2504,1.00,1.00
2017.02.10 07:29:40.311,1.25035,1.25043,1.00,1.00
2017.02.10 07:29:41.621,1.25034,1.25042,2.06,1.00
2017.02.10 07:29:41.773,1.25034,1.2504,1.69,1.00
2017.02.10 07:29:41.875,1.25032,1.25039,1.00,1.00
2017.02.10 07:29:41.926,1.2503,1.25039,1.31,1.00
2017.02.10 07:29:42.431,1.2503,1.2504,2.06,1.50
2017.02.10 07:29:44.758,1.2503,1.25038,2.06,1.00
2017.02.10 07:29:46.230,1.2503,1.25039,1.69,1.50
2017.02.10 07:29:52.540,1.25031,1.25037,1.87,1.00
2017.02.10 07:29:52.844,1.25031,1.25035,1.87,1.00
2017.02.10 07:29:57.278,1.25031,1.25034,1.50,1.00
2017.02.10 07:29:57.481,1.25023,1.25028,1.19,1.00
2017.02.10 07:29:57.836,1.25021,1.25029,2.44,1.12
2017.02.10 07:29:58.610,1.25021,1.25029,1.69,1.12
2017.02.10 07:29:59.309,1.25021,1.25028,2.06,1.00
2017.02.10 07:30:00.084,1.25022,1.25029,1.25,1.12
2017.02.10 07:30:00.602,1.25022,1.25028,1.25,1.00
2017.02.10 07:30:01.769,1.25021,1.25027,1.69,1.00
2017.02.10 07:30:02.724,1.25022,1.25028,4.69,1.00
2017.02.10 07:30:02.775,1.25024,1.25028,3.75,1.00
2017.02.10 07:30:02.877,1.25021,1.25029,5.44,1.00
2017.02.10 07:30:02.978,1.25024,1.25029,3.75,1.00
2017.02.10 07:30:03.081,1.25021,1.2503,1.69,1.00
2017.02.10 07:30:03.132,1.25021,1.25028,1.69,1.00
2017.02.10 07:30:04.961,1.25021,1.25029,4.69,1.50
2017.02.10 07:30:05.352,1.25021,1.25027,1.69,1.00
2017.02.10 07:30:05.674,1.25021,1.25025,1.69,1.00
2017.02.10 07:30:07.786,1.25021,1.25026,1.69,1.00
2017.02.10 07:30:08.498,1.25021,1.25025,1.69,1.00
2017.02.10 07:30:09.063,1.25021,1.25026,1.69,1.00
2017.02.10 07:30:10.174,1.25021,1.25025,1.69,1.00
2017.02.10 07:30:10.427,1.25019,1.25025,1.00,1.12
2017.02.10 07:30:10.731,1.25018,1.25027,1.19,1.50
2017.02.10 07:30:10.833,1.25019,1.25028,4.31,2.25
2017.02.10 07:30:13.621,1.25019,1.25026,4.31,2.25
2017.02.10 07:30:13.925,1.25013,1.2502,1.00,1.00
2017.02.10 07:30:14.244,1.2501,1.25019,1.50,1.50
2017.02.10 07:30:14.984,1.2501,1.2502,1.37,1.12
2017.02.10 07:30:15.572,1.2501,1.25021,6.75,2.25
2017.02.10 07:30:18.117,1.25011,1.25019,1.50,1.00
2017.02.10 07:30:18.648,1.25011,1.2502,1.50,1.87
2017.02.10 07:30:20.139,1.2501,1.25019,4.50,1.00
2017.02.10 07:30:22.682,1.2501,1.2502,4.50,1.87
2017.02.10 07:30:24.630,1.2501,1.25019,4.50,1.00
2017.02.10 07:30:24.681,1.2501,1.25017,4.50,1.00
2017.02.10 07:30:24.732,1.2501,1.25017,1.00,1.00
2017.02.10 07:30:24.834,1.2501,1.25015,1.00,1.00
2017.02.10 07:30:25.442,1.25009,1.25015,1.00,1.00
2017.02.10 07:30:26.051,1.25006,1.25016,3.00,1.12
2017.02.10 07:30:26.355,1.25006,1.25012,1.00,1.00
2017.02.10 07:30:26.536,1.25002,1.25011,1.87,1.50
2017.02.10 07:30:27.063,1.25002,1.25011,1.12,1.50
2017.02.10 07:30:28.364,1.25001,1.25007,1.37,1.00
2017.02.10 07:30:28.669,1.25,1.25005,1.50,1.00
2017.02.10 07:30:28.720,1.25,1.2501,1.00,1.87
2017.02.10 07:30:29.228,1.25001,1.2501,1.00,1.12
2017.02.10 07:30:29.527,1.25003,1.2501,1.00,1.12
2017.02.10 07:30:30.961,1.25006,1.25012,1.87,4.12
2017.02.10 07:30:31.063,1.25007,1.25014,2.25,4.12
2017.02.10 07:30:31.164,1.25007,1.25015,3.37,1.00
2017.02.10 07:30:31.266,1.25007,1.25015,6.75,1.00
2017.02.10 07:30:32.079,1.25007,1.25017,6.75,1.00
2017.02.10 07:30:32.874,1.25007,1.25018,6.75,1.12
2017.02.10 07:30:33.091,1.25007,1.25015,6.75,1.00
2017.02.10 07:30:33.293,1.25005,1.25014,4.50,1.12
2017.02.10 07:30:33.647,1.25004,1.25011,5.62,1.00
2017.02.10 07:30:33.954,1.25004,1.25013,1.87,1.00
2017.02.10 07:30:35.127,1.25004,1.25012,1.37,1.00
2017.02.10 07:30:36.320,1.25003,1.25009,1.75,1.00
2017.02.10 07:30:36.567,1.25001,1.25009,1.12,1.00
2017.02.10 07:30:37.502,1.25001,1.2501,1.00,2.25
2017.02.10 07:30:38.324,1.25,1.25008,1.87,1.00
2017.02.10 07:30:38.708,1.25001,1.25006,1.00,1.00
2017.02.10 07:30:38.961,1.24999,1.25007,1.00,1.00
2017.02.10 07:30:39.998,1.24999,1.25005,1.00,1.00
2017.02.10 07:30:40.100,1.24998,1.25009,1.87,2.06
2017.02.10 07:30:40.455,1.25002,1.25009,1.00,1.12
2017.02.10 07:30:40.992,1.25,1.2501,4.12,2.25
2017.02.10 07:30:41.668,1.25002,1.2501,1.00,1.00
2017.02.10 07:30:42.590,1.25,1.2501,1.37,1.00
2017.02.10 07:30:43.116,1.25,1.25011,1.37,1.87
2017.02.10 07:30:47.813,1.25,1.2501,1.37,1.00
2017.02.10 07:30:48.017,1.24999,1.25011,1.00,7.12
2017.02.10 07:30:48.606,1.25,1.25008,1.00,1.00
2017.02.10 07:30:50.620,1.25,1.2501,1.00,1.50
2017.02.10 07:30:51.167,1.24999,1.25009,4.87,1.12
2017.02.10 07:30:52.225,1.24999,1.25008,1.87,1.00
2017.02.10 07:30:52.768,1.25,1.2501,1.50,1.50
2017.02.10 07:30:53.542,1.24999,1.2501,2.25,1.50
2017.02.10 07:30:53.796,1.24999,1.25007,1.00,1.00
2017.02.10 07:30:54.304,1.24998,1.25006,5.25,1.00
2017.02.10 07:30:54.649,1.24999,1.25008,4.12,1.00
2017.02.10 07:30:55.055,1.24999,1.25006,4.12,1.00
2017.02.10 07:30:55.106,1.24998,1.25006,2.62,1.12
2017.02.10 07:30:55.158,1.24998,1.25004,1.37,1.00
2017.02.10 07:30:55.463,1.24993,1.25,4.12,1.12
2017.02.10 07:30:55.647,1.2499,1.25001,2.81,1.12
2017.02.10 07:30:55.837,1.24989,1.24999,6.75,1.00
2017.02.10 07:30:56.349,1.2499,1.25,1.37,1.12
2017.02.10 07:30:56.774,1.2499,1.24999,1.60,1.00
2017.02.10 07:30:56.826,1.2499,1.24999,1.37,1.00
2017.02.10 07:30:57.255,1.2499,1.24997,1.87,1.00
2017.02.10 07:30:57.357,1.24989,1.24999,5.62,1.00
2017.02.10 07:30:57.638,1.2499,1.25001,1.50,1.50
2017.02.10 07:30:58.176,1.24989,1.25,4.50,1.00
2017.02.10 07:30:58.227,1.24996,1.25002,1.12,1.87
2017.02.10 07:30:58.430,1.24998,1.25007,1.37,1.12
2017.02.10 07:30:58.936,1.24999,1.25008,1.50,1.12
2017.02.10 07:30:59.222,1.24997,1.25005,1.50,1.00
2017.02.10 07:30:59.748,1.24996,1.25005,1.00,1.00
2017.02.10 07:31:00.288,1.24995,1.25004,3.75,1.00
2017.02.10 07:31:00.838,1.24995,1.25004,3.37,1.00
2017.02.10 07:31:04.316,1.24997,1.25006,2.25,4.12
2017.02.10 07:31:04.367,1.24998,1.25006,1.50,1.00
2017.02.10 07:31:04.537,1.24999,1.25008,1.00,1.00
2017.02.10 07:31:05.071,1.24999,1.25007,1.00,1.00
2017.02.10 07:31:05.122,1.24997,1.25007,1.50,2.62
2017.02.10 07:31:05.224,1.24997,1.25006,1.00,1.37
2017.02.10 07:31:05.758,1.24996,1.25006,1.50,1.87
2017.02.10 07:31:07.454,1.24998,1.25006,1.00,1.37
2017.02.10 07:31:07.679,1.24998,1.25007,1.12,1.00
2017.02.10 07:31:10.365,1.24998,1.25008,1.50,1.00
2017.02.10 07:31:12.804,1.24999,1.25008,1.00,1.00
2017.02.10 07:31:13.310,1.24998,1.25008,3.00,1.00
2017.02.10 07:31:14.266,1.24999,1.25008,1.00,1.00
2017.02.10 07:31:15.524,1.25004,1.25008,1.12,1.00
2017.02.10 07:31:15.720,1.25006,1.25014,2.62,1.12
2017.02.10 07:31:15.974,1.25004,1.2501,1.37,1.00
2017.02.10 07:31:16.076,1.25001,1.25009,1.37,1.00
2017.02.10 07:31:20.752,1.25001,1.25011,3.37,4.12
2017.02.10 07:31:21.364,1.25003,1.25012,1.12,1.37
2017.02.10 07:31:23.267,1.25001,1.25011,1.12,4.69
2017.02.10 07:31:27.328,1.25,1.25008,1.00,1.00
2017.02.10 07:31:27.855,1.24998,1.25009,1.50,4.31
2017.02.10 07:31:28.165,1.24998,1.25009,1.87,5.06
2017.02.10 07:31:28.570,1.24999,1.2501,1.37,2.06
2017.02.10 07:31:29.887,1.25001,1.2501,1.87,1.12
2017.02.10 07:31:30.444,1.25002,1.2501,1.00,1.00
2017.02.10 07:31:30.972,1.25002,1.25011,1.50,1.00
2017.02.10 07:31:38.602,1.25001,1.25011,2.62,4.12
2017.02.10 07:31:39.011,1.25001,1.25011,1.12,4.87
2017.02.10 07:31:43.921,1.25001,1.25012,1.37,4.87
2017.02.10 07:31:44.455,1.25003,1.25011,1.12,1.00
2017.02.10 07:31:45.464,1.25003,1.2501,1.12,3.75
2017.02.10 07:31:46.011,1.25002,1.2501,1.00,4.12
2017.02.10 07:31:46.420,1.25004,1.25013,1.50,5.06
2017.02.10 07:31:46.649,1.25002,1.2501,1.50,1.37
2017.02.10 07:31:46.953,1.25,1.25008,1.12,3.75
2017.02.10 07:31:48.365,1.25,1.25008,1.12,1.50
2017.02.10 07:31:48.886,1.24999,1.25008,1.50,1.50
2017.02.10 07:31:49.434,1.24999,1.25008,1.50,1.50
2017.02.10 07:31:51.556,1.24999,1.25008,1.00,1.50
2017.02.10 07:31:51.708,1.24999,1.25006,1.00,1.87
2017.02.10 07:31:52.029,1.24993,1.25002,1.00,4.50
2017.02.10 07:31:52.119,1.24993,1.25002,1.00,1.12
2017.02.10 07:31:52.691,1.24993,1.25002,1.37,1.00
2017.02.10 07:31:55.354,1.24995,1.25002,1.00,1.00
2017.02.10 07:31:55.902,1.24997,1.25002,1.50,1.00
2017.02.10 07:31:56.054,1.24998,1.25007,1.87,4.50
2017.02.10 07:31:56.105,1.24998,1.25007,1.87,1.00
2017.02.10 07:31:56.408,1.25001,1.25008,1.00,1.50
2017.02.10 07:31:56.510,1.25001,1.25011,1.50,5.25
2017.02.10 07:31:59.032,1.25002,1.25011,1.00,5.25
2017.02.10 07:31:59.611,1.25001,1.25011,1.12,5.25
2017.02.10 07:32:00.123,1.25002,1.25011,3.75,4.50
2017.02.10 07:32:00.174,1.25002,1.25011,4.12,1.00
2017.02.10 07:32:02.782,1.25001,1.25011,3.37,4.12
2017.02.10 07:32:03.288,1.24999,1.25008,3.37,1.12
2017.02.10 07:32:04.892,1.24998,1.25006,1.37,1.00
2017.02.10 07:32:04.994,1.24997,1.25007,2.25,6.00
2017.02.10 07:32:05.528,1.24997,1.25006,2.25,4.50
2017.02.10 07:32:07.296,1.24994,1.25005,2.06,6.00
2017.02.10 07:32:07.806,1.24993,1.25003,1.50,2.25
2017.02.10 07:32:07.859,1.24993,1.25001,1.50,1.00
2017.02.10 07:32:08.061,1.24989,1.24999,1.12,1.50
2017.02.10 07:32:08.467,1.24992,1.24999,1.00,1.00
2017.02.10 07:32:08.569,1.24991,1.25001,1.50,1.50
2017.02.10 07:32:08.772,1.24996,1.25001,1.37,1.00
2017.02.10 07:32:09.055,1.24997,1.25008,2.62,3.56
2017.02.10 07:32:09.108,1.24997,1.25005,1.87,1.00
2017.02.10 07:32:09.597,1.24997,1.25007,1.87,1.12
2017.02.10 07:32:11.350,1.24996,1.25006,1.50,1.00
2017.02.10 07:32:12.072,1.24995,1.25007,6.37,1.87
2017.02.10 07:32:13.047,1.24995,1.25004,1.50,1.00
2017.02.10 07:32:13.367,1.24991,1.25,1.00,4.12
2017.02.10 07:32:15.036,1.24991,1.25001,1.00,1.87
2017.02.10 07:32:15.579,1.24989,1.24999,1.50,1.00
2017.02.10 07:32:17.812,1.24989,1.25,2.25,1.12
2017.02.10 07:32:27.503,1.24989,1.24999,1.50,1.00
2017.02.10 07:32:34.613,1.24989,1.25,1.50,1.12
2017.02.10 07:32:35.174,1.24989,1.25,4.87,1.00
2017.02.10 07:32:37.726,1.24991,1.25001,1.12,1.87
2017.02.10 07:32:37.778,1.25004,1.25006,1.65,18.00
2017.02.10 07:32:37.930,1.25005,1.25014,2.62,6.00
2017.02.10 07:32:38.112,1.25007,1.25013,4.50,1.00
2017.02.10 07:32:38.163,1.25009,1.25018,1.00,1.37
2017.02.10 07:32:38.316,1.25009,1.2502,1.87,3.56
2017.02.10 07:32:38.824,1.25008,1.25019,1.87,2.62
2017.02.10 07:32:38.875,1.25008,1.25019,1.50,6.00
2017.02.10 07:32:39.567,1.25007,1.25016,4.12,1.00
2017.02.10 07:32:42.664,1.25007,1.25017,4.12,1.50
2017.02.10 07:32:43.807,1.25011,1.25019,1.00,2.81
2017.02.10 07:32:44.064,1.25012,1.25022,1.37,1.25
2017.02.10 07:32:44.369,1.25011,1.25021,1.00,1.12
2017.02.10 07:32:45.751,1.25012,1.25022,1.37,1.25
2017.02.10 07:32:49.159,1.25013,1.25021,1.37,1.00
2017.02.10 07:32:49.261,1.25012,1.25021,1.50,1.00
2017.02.10 07:32:49.412,1.25015,1.25022,3.75,1.25
2017.02.10 07:32:49.514,1.25017,1.25027,3.00,5.06
2017.02.10 07:32:49.565,1.25019,1.25027,1.00,4.12
2017.02.10 07:32:49.616,1.2502,1.25029,1.00,1.25
2017.02.10 07:32:50.107,1.25018,1.25029,4.50,2.00
2017.02.10 07:32:51.223,1.25018,1.25028,4.12,1.50
2017.02.10 07:32:51.393,1.25018,1.25028,1.87,1.37
2017.02.10 07:32:51.495,1.25025,1.25029,2.25,3.75
2017.02.10 07:32:51.546,1.25027,1.25032,2.25,4.12
2017.02.10 07:32:51.598,1.25029,1.25033,1.12,3.75
2017.02.10 07:32:51.649,1.25029,1.25034,1.12,1.00
2017.02.10 07:32:51.801,1.2503,1.2504,1.00,1.69
2017.02.10 07:32:52.714,1.25026,1.25039,5.25,6.94
2017.02.10 07:32:53.019,1.25028,1.25037,1.12,4.31
2017.02.10 07:32:53.536,1.25028,1.25038,1.50,1.69
2017.02.10 07:32:58.101,1.25028,1.25039,1.50,5.06
2017.02.10 07:32:58.429,1.25031,1.2504,1.12,2.44
2017.02.10 07:33:00.070,1.25028,1.25037,1.87,1.00
2017.02.10 07:33:00.171,1.25029,1.25039,1.00,1.62
2017.02.10 07:33:01.476,1.25029,1.25039,4.87,1.25
2017.02.10 07:33:04.037,1.25031,1.25041,1.37,5.44
2017.02.10 07:33:04.242,1.2503,1.2504,1.50,5.06
2017.02.10 07:33:04.781,1.25031,1.2504,1.00,1.69
2017.02.10 07:33:05.263,1.25031,1.25034,1.00,1.37
2017.02.10 07:33:05.365,1.25026,1.25034,1.12,2.44
2017.02.10 07:33:05.416,1.25027,1.25034,2.25,1.12
2017.02.10 07:33:05.467,1.25026,1.25036,3.00,1.12
2017.02.10 07:33:05.569,1.25028,1.25038,4.87,1.12
2017.02.10 07:33:05.873,1.25031,1.2504,1.37,1.19
2017.02.10 07:33:06.468,1.25029,1.25039,1.75,1.25
2017.02.10 07:33:06.974,1.25031,1.25041,1.37,2.06
2017.02.10 07:33:18.502,1.25032,1.25041,1.87,1.69
2017.02.10 07:33:19.600,1.25034,1.25041,1.00,1.31
2017.02.10 07:33:19.803,1.25031,1.25041,2.25,2.81
2017.02.10 07:33:20.323,1.25031,1.25041,1.12,1.69
2017.02.10 07:33:22.623,1.2503,1.2504,1.12,2.06
2017.02.10 07:33:24.380,1.25032,1.25041,1.00,2.06
2017.02.10 07:33:25.935,1.25032,1.25041,1.50,1.69
2017.02.10 07:33:26.340,1.2503,1.25034,1.75,1.00
2017.02.10 07:33:26.442,1.25029,1.25032,1.87,2.81
2017.02.10 07:33:26.726,1.25022,1.2503,1.50,1.00
2017.02.10 07:33:27.232,1.2502,1.2503,2.25,1.50
2017.02.10 07:33:32.751,1.2502,1.2503,1.50,3.00
2017.02.10 07:33:32.802,1.2502,1.2503,1.00,7.31
2017.02.10 07:33:33.223,1.25013,1.25022,1.87,1.31
2017.02.10 07:33:33.426,1.25008,1.25018,3.00,1.00
2017.02.10 07:33:34.943,1.25008,1.25019,1.50,1.00
2017.02.10 07:33:35.840,1.25011,1.25019,2.62,1.00
2017.02.10 07:33:36.145,1.25019,1.25029,1.12,1.69
2017.02.10 07:33:36.248,1.2502,1.2503,1.37,1.00
2017.02.10 07:33:37.814,1.2502,1.2503,1.00,1.12
2017.02.10 07:33:38.534,1.25021,1.2503,1.00,1.50
2017.02.10 07:33:39.074,1.25022,1.25031,1.00,2.81
2017.02.10 07:33:40.573,1.2502,1.25031,3.00,2.06
2017.02.10 07:33:44.327,1.25021,1.25031,1.00,1.69
2017.02.10 07:33:44.832,1.2502,1.2503,1.87,1.25
2017.02.10 07:33:46.599,1.25021,1.2503,1.00,1.25
2017.02.10 07:33:47.399,1.25021,1.25031,1.00,2.81
2017.02.10 07:33:47.902,1.25021,1.2503,1.00,1.25
2017.02.10 07:33:49.109,1.2502,1.2503,1.87,1.25
2017.02.10 07:33:51.409,1.25021,1.25031,1.50,2.06
2017.02.10 07:33:52.273,1.2502,1.25031,1.87,2.06
2017.02.10 07:33:52.325,1.25019,1.25024,1.37,1.19
2017.02.10 07:33:52.579,1.2501,1.2502,1.12,1.31
2017.02.10 07:33:53.104,1.25008,1.25018,7.12,1.12
2017.02.10 07:33:59.581,1.25008,1.25017,8.25,1.00
2017.02.10 07:34:00.036,1.25009,1.25019,1.00,1.31
2017.02.10 07:34:03.033,1.25009,1.2502,3.00,2.06
2017.02.10 07:34:06.509,1.25008,1.25019,4.50,2.06
2017.02.10 07:34:09.256,1.25008,1.25018,1.50,1.00
2017.02.10 07:34:09.935,1.25007,1.25013,4.12,1.00
2017.02.10 07:34:10.193,1.25002,1.2501,1.00,1.31
2017.02.10 07:34:10.720,1.24999,1.2501,3.37,1.69
2017.02.10 07:34:13.432,1.25,1.2501,1.50,1.69
2017.02.10 07:34:13.483,1.25005,1.2501,1.37,1.69
2017.02.10 07:34:13.684,1.25007,1.25016,3.75,4.12
2017.02.10 07:34:13.786,1.25009,1.25019,4.12,2.44
2017.02.10 07:34:14.328,1.25008,1.25019,3.37,1.69
2017.02.10 07:34:15.987,1.25009,1.25019,1.50,1.31
2017.02.10 07:34:16.442,1.2501,1.25019,1.50,1.19
2017.02.10 07:34:17.862,1.25014,1.25023,1.50,1.31
2017.02.10 07:34:18.116,1.25019,1.25028,1.12,5.06
2017.02.10 07:34:18.167,1.2502,1.25028,1.00,1.31
2017.02.10 07:34:18.683,1.2502,1.25028,1.00,1.62
2017.02.10 07:34:19.189,1.2502,1.25028,1.00,1.31
2017.02.10 07:34:19.695,1.25019,1.25028,2.62,1.62
2017.02.10 07:34:20.248,1.25019,1.25028,2.41,1.31
2017.02.10 07:34:20.753,1.25019,1.25028,1.75,1.25
2017.02.10 07:34:21.496,1.25018,1.25026,2.25,1.19
2017.02.10 07:34:21.733,1.25015,1.25024,4.12,1.12
2017.02.10 07:34:21.784,1.25014,1.25024,1.50,1.50
2017.02.10 07:34:21.987,1.25017,1.25024,1.50,1.12
2017.02.10 07:34:22.288,1.25027,1.2503,2.25,1.37
2017.02.10 07:34:22.390,1.25029,1.25034,1.00,1.50
2017.02.10 07:34:22.441,1.25029,1.25036,3.75,3.75
2017.02.10 07:34:22.492,1.25029,1.25038,4.87,1.00
2017.02.10 07:34:22.966,1.25027,1.25036,4.12,1.00
2017.02.10 07:34:23.018,1.25026,1.25037,1.50,1.69
2017.02.10 07:34:23.536,1.25025,1.25035,1.37,1.00
2017.02.10 07:34:24.265,1.25024,1.25033,8.25,1.00
2017.02.10 07:34:24.886,1.25024,1.25032,6.75,1.00
2017.02.10 07:34:24.937,1.25024,1.25035,6.75,1.00
2017.02.10 07:34:25.291,1.25024,1.25033,6.75,1.19
2017.02.10 07:34:26.520,1.25024,1.25035,6.00,1.00
2017.02.10 07:34:28.730,1.25029,1.25036,1.50,1.31
2017.02.10 07:34:28.933,1.25029,1.25039,2.25,1.69
2017.02.10 07:34:30.903,1.2503,1.25039,1.50,1.69
2017.02.10 07:34:32.838,1.25029,1.25039,1.50,1.69
2017.02.10 07:34:33.384,1.2503,1.25039,1.12,1.69
2017.02.10 07:34:33.570,1.25033,1.25039,1.75,1.69
2017.02.10 07:34:33.723,1.25036,1.25043,1.00,4.31
2017.02.10 07:34:33.945,1.25035,1.25044,1.50,1.19
2017.02.10 07:34:34.047,1.25035,1.25043,1.00,1.69
2017.02.10 07:34:34.351,1.25026,1.25029,1.00,1.25
2017.02.10 07:34:34.402,1.25026,1.25033,1.37,2.59
2017.02.10 07:34:34.731,1.25027,1.25036,4.87,1.31
2017.02.10 07:34:35.495,1.25034,1.25037,1.37,1.31
2017.02.10 07:34:35.546,1.25035,1.25038,2.62,1.00
2017.02.10 07:34:35.598,1.25038,1.2504,1.00,7.75
2017.02.10 07:34:35.649,1.25038,1.25046,1.00,4.87
2017.02.10 07:34:35.751,1.25038,1.25046,1.87,1.00
2017.02.10 07:34:36.300,1.25038,1.25048,2.25,2.06
2017.02.10 07:34:37.179,1.25038,1.25048,4.50,2.06
2017.02.10 07:34:37.689,1.25038,1.25048,2.25,1.69
2017.02.10 07:34:38.269,1.25038,1.25046,1.12,1.00
2017.02.10 07:34:45.273,1.25036,1.25045,1.50,1.69
2017.02.10 07:34:45.374,1.25034,1.25044,2.25,1.69
2017.02.10 07:34:45.475,1.25034,1.25044,1.50,5.44
2017.02.10 07:34:46.461,1.25034,1.25043,1.00,1.50
2017.02.10 07:34:47.075,1.25033,1.25043,1.00,1.50
2017.02.10 07:34:49.648,1.25032,1.25043,2.25,1.50
2017.02.10 07:34:50.157,1.25032,1.25041,1.00,2.44
2017.02.10 07:34:50.460,1.25029,1.25039,2.25,1.00
2017.02.10 07:34:51.756,1.25029,1.2504,1.37,5.25
2017.02.10 07:34:52.270,1.25028,1.25039,2.25,4.87
2017.02.10 07:34:53.271,1.25029,1.25039,1.00,4.12
2017.02.10 07:34:53.324,1.25031,1.25039,1.00,4.12
2017.02.10 07:34:53.479,1.25031,1.25041,1.00,5.06
2017.02.10 07:34:53.530,1.25033,1.25041,1.00,4.31
2017.02.10 07:34:53.840,1.2503,1.25041,1.12,4.31
2017.02.10 07:34:54.366,1.25031,1.25038,1.12,1.00
2017.02.10 07:34:54.688,1.25031,1.2504,1.37,4.12
2017.02.10 07:34:54.891,1.25036,1.25044,1.00,1.62
2017.02.10 07:34:55.044,1.25037,1.25045,1.37,5.44
2017.02.10 07:34:55.197,1.25039,1.25047,1.12,1.12
2017.02.10 07:34:55.299,1.25038,1.25048,1.87,1.25
2017.02.10 07:34:55.350,1.25038,1.25048,3.37,1.25
2017.02.10 07:34:55.887,1.25039,1.25049,1.50,5.06
2017.02.10 07:34:57.015,1.25038,1.25049,3.37,5.44
2017.02.10 07:34:57.344,1.2504,1.25044,1.50,1.00
2017.02.10 07:34:57.497,1.25035,1.25042,4.12,1.69
2017.02.10 07:34:57.599,1.25032,1.25041,1.50,1.25
2017.02.10 07:34:57.903,1.25031,1.2504,1.12,4.12
2017.02.10 07:35:00.105,1.25032,1.2504,1.00,4.12
2017.02.10 07:35:00.611,1.2503,1.2504,1.87,4.12
2017.02.10 07:35:00.937,1.2503,1.25035,1.37,1.19
2017.02.10 07:35:01.191,1.25023,1.2503,4.12,1.52
2017.02.10 07:35:01.242,1.25023,1.2503,1.00,3.52
2017.02.10 07:35:01.748,1.2502,1.2503,6.75,1.69
2017.02.10 07:35:04.330,1.2502,1.25029,1.50,1.25
2017.02.10 07:35:10.464,1.25023,1.2503,1.00,1.56
2017.02.10 07:35:10.881,1.25029,1.25038,1.37,1.19
2017.02.10 07:35:11.033,1.25025,1.25036,6.00,1.37
2017.02.10 07:35:11.539,1.25025,1.25035,1.75,1.50
2017.02.10 07:35:12.281,1.25025,1.25033,1.75,1.19
2017.02.10 07:35:12.621,1.25013,1.2502,3.75,1.31
2017.02.10 07:35:12.672,1.25011,1.2502,3.75,1.31
2017.02.10 07:35:12.773,1.2501,1.2502,2.62,1.31
2017.02.10 07:35:13.732,1.25017,1.25022,1.00,4.12
2017.02.10 07:35:13.834,1.25016,1.25022,3.00,1.00
2017.02.10 07:35:13.937,1.25016,1.25026,1.87,1.69
2017.02.10 07:35:14.039,1.25017,1.25024,1.00,1.19
2017.02.10 07:35:14.363,1.25014,1.25024,4.12,2.02
2017.02.10 07:35:14.768,1.25012,1.25021,4.12,3.52
2017.02.10 07:35:14.869,1.2501,1.2502,4.12,1.27
2017.02.10 07:35:15.376,1.25012,1.25021,1.00,5.44
2017.02.10 07:35:15.679,1.25014,1.25021,1.00,1.69
2017.02.10 07:35:16.197,1.25013,1.25021,1.50,1.19
2017.02.10 07:35:17.510,1.25011,1.25021,1.87,2.44
2017.02.10 07:35:18.316,1.25009,1.25016,2.25,1.34
2017.02.10 07:35:18.572,1.25002,1.2501,3.82,1.52
2017.02.10 07:35:18.674,1.25,1.2501,3.75,1.52
2017.02.10 07:35:19.198,1.25004,1.2501,1.00,1.19
2017.02.10 07:35:20.361,1.25006,1.25013,1.00,3.75
2017.02.10 07:35:20.476,1.25006,1.25015,1.37,1.69
2017.02.10 07:35:20.755,1.25008,1.25016,1.50,1.25
2017.02.10 07:35:22.150,1.25007,1.25013,1.37,2.25
2017.02.10 07:35:22.353,1.25,1.2501,1.87,1.69
2017.02.10 07:35:22.860,1.24999,1.2501,1.00,2.06
2017.02.10 07:35:24.643,1.24998,1.25002,1.87,1.00
2017.02.10 07:35:24.897,1.24989,1.24998,1.37,1.00
2017.02.10 07:35:24.999,1.24992,1.24999,1.12,2.25
2017.02.10 07:35:25.254,1.24997,1.25008,4.12,1.87
2017.02.10 07:35:26.097,1.24997,1.25008,4.87,3.37
2017.02.10 07:35:26.630,1.24998,1.25007,1.00,1.12
2017.02.10 07:35:27.424,1.24998,1.25005,1.00,2.44
2017.02.10 07:35:27.677,1.24992,1.25002,5.62,1.12
2017.02.10 07:35:29.713,1.24992,1.25001,4.12,1.00
2017.02.10 07:35:30.235,1.24992,1.25003,4.12,4.12
2017.02.10 07:35:30.635,1.24992,1.25001,3.75,1.37
2017.02.10 07:35:30.686,1.2499,1.25,4.12,1.31
2017.02.10 07:35:31.092,1.24989,1.24998,3.75,1.00
2017.02.10 07:35:31.295,1.24983,1.24994,6.00,2.81
2017.02.10 07:35:31.570,1.24987,1.24992,1.00,1.00
2017.02.10 07:35:31.672,1.24987,1.24996,1.12,1.69
2017.02.10 07:35:31.875,1.24987,1.24996,4.87,1.25
2017.02.10 07:35:32.432,1.24989,1.24996,1.37,1.25
2017.02.10 07:35:32.943,1.24989,1.24996,1.00,1.25
2017.02.10 07:35:33.760,1.24989,1.24997,1.37,1.19
2017.02.10 07:35:40.796,1.24989,1.24997,1.00,1.19
2017.02.10 07:35:41.429,1.24989,1.24998,2.25,1.37
2017.02.10 07:35:41.581,1.24991,1.25001,1.50,1.00
2017.02.10 07:35:43.408,1.24992,1.25001,1.37,1.00
2017.02.10 07:35:44.929,1.24992,1.25002,1.37,2.44
2017.02.10 07:35:50.774,1.24992,1.24997,1.37,4.31
2017.02.10 07:35:50.926,1.24989,1.24996,3.75,1.31
2017.02.10 07:35:51.030,1.24988,1.24997,1.00,4.69
2017.02.10 07:35:51.115,1.24987,1.24997,1.87,1.31
2017.02.10 07:35:51.881,1.24988,1.24996,1.37,1.25
2017.02.10 07:35:52.033,1.24985,1.24995,4.87,2.25
2017.02.10 07:35:52.235,1.24985,1.24995,1.50,5.62
2017.02.10 07:35:52.563,1.24983,1.2499,4.50,1.00
2017.02.10 07:35:52.614,1.24983,1.2499,1.00,1.00
2017.02.10 07:35:53.147,1.24981,1.2499,1.50,1.00
2017.02.10 07:35:54.708,1.24981,1.24991,1.37,1.87
2017.02.10 07:35:55.018,1.24987,1.24993,1.50,6.37
2017.02.10 07:35:55.252,1.2499,1.24998,1.50,1.25
2017.02.10 07:35:55.761,1.2499,1.24998,1.75,1.25
2017.02.10 07:35:56.267,1.24991,1.24999,1.00,1.69
2017.02.10 07:35:59.635,1.2499,1.25001,1.37,3.00
2017.02.10 07:36:00.141,1.2499,1.25001,1.37,1.50
2017.02.10 07:36:01.263,1.2499,1.25,1.37,1.00
2017.02.10 07:36:04.160,1.24992,1.25,1.00,1.00
2017.02.10 07:36:04.673,1.24992,1.25001,1.50,1.00
2017.02.10 07:36:05.220,1.24992,1.25003,1.87,3.00
2017.02.10 07:36:10.237,1.24992,1.25,1.37,1.12
2017.02.10 07:36:10.338,1.2499,1.25,1.00,1.50
2017.02.10 07:36:10.389,1.24988,1.24998,4.50,1.00
2017.02.10 07:36:12.041,1.24988,1.24999,1.50,6.00
2017.02.10 07:36:12.598,1.24988,1.24998,1.00,2.21
2017.02.10 07:36:18.161,1.24986,1.24997,2.44,2.25
2017.02.10 07:36:19.069,1.24986,1.24995,1.62,3.00
2017.02.10 07:36:19.323,1.24981,1.2499,2.44,1.50
2017.02.10 07:36:19.374,1.2498,1.2499,2.44,6.00
2017.02.10 07:36:19.882,1.2498,1.24989,1.00,1.12
2017.02.10 07:36:20.186,1.24976,1.24982,4.12,1.50
2017.02.10 07:36:20.237,1.24976,1.24981,1.00,1.87
2017.02.10 07:36:20.338,1.24972,1.24981,1.12,3.37
2017.02.10 07:36:20.389,1.24972,1.2498,1.12,1.12
2017.02.10 07:36:21.286,1.24971,1.24979,1.50,1.00
2017.02.10 07:36:21.591,1.24978,1.24985,4.50,3.75
2017.02.10 07:36:21.642,1.24979,1.24989,1.37,1.37
2017.02.10 07:36:22.148,1.24979,1.24989,3.75,1.00
2017.02.10 07:36:23.163,1.24979,1.24988,4.50,1.00
2017.02.10 07:36:23.265,1.24977,1.24988,3.00,1.12
2017.02.10 07:36:23.770,1.24977,1.24987,1.37,1.00
2017.02.10 07:36:24.110,1.24977,1.24986,1.50,1.37
2017.02.10 07:36:24.416,1.24976,1.24982,1.00,3.75
2017.02.10 07:36:24.519,1.24974,1.24982,1.00,4.87
2017.02.10 07:36:24.620,1.2497,1.24981,5.25,2.25
2017.02.10 07:36:24.671,1.2497,1.24979,1.12,1.00
2017.02.10 07:36:25.209,1.24972,1.24979,1.00,1.00
2017.02.10 07:36:25.531,1.2498,1.24985,2.62,1.12
2017.02.10 07:36:25.633,1.2498,1.24988,3.37,1.37
2017.02.10 07:36:25.684,1.24982,1.24989,2.25,1.37
2017.02.10 07:36:26.190,1.24982,1.24991,2.25,3.00
2017.02.10 07:36:26.343,1.24982,1.24991,2.25,3.00
2017.02.10 07:36:26.873,1.24983,1.24991,1.00,1.00
2017.02.10 07:36:28.907,1.24982,1.24992,2.25,4.69
2017.02.10 07:36:29.853,1.24983,1.2499,1.00,1.00
2017.02.10 07:36:31.597,1.24982,1.2499,2.62,1.00
2017.02.10 07:36:33.301,1.24982,1.24989,1.00,1.12
2017.02.10 07:36:33.506,1.24982,1.24986,1.00,1.00
2017.02.10 07:36:33.557,1.2498,1.24986,1.00,1.00
2017.02.10 07:36:33.861,1.24982,1.24989,1.00,1.50
2017.02.10 07:36:34.065,1.24982,1.24991,1.00,1.37
2017.02.10 07:36:34.914,1.24981,1.24991,1.12,1.37
2017.02.10 07:36:35.935,1.24981,1.24989,1.00,4.12
2017.02.10 07:36:37.178,1.24979,1.24989,1.12,4.50
2017.02.10 07:36:37.396,1.24978,1.24987,1.00,4.50
2017.02.10 07:36:37.700,1.24972,1.2498,4.50,1.87
2017.02.10 07:36:37.751,1.24971,1.24979,1.00,1.12
2017.02.10 07:36:37.853,1.24969,1.24979,1.12,1.50
2017.02.10 07:36:41.067,1.24968,1.24978,5.44,1.00
2017.02.10 07:36:41.240,1.24967,1.24976,4.12,1.00
2017.02.10 07:36:41.342,1.24965,1.24977,5.25,6.37
2017.02.10 07:36:45.008,1.24965,1.24972,4.12,1.87
2017.02.10 07:36:45.313,1.24959,1.24968,1.31,1.00
2017.02.10 07:36:45.414,1.24959,1.24968,1.25,4.12
2017.02.10 07:36:45.566,1.24959,1.24969,1.69,1.37
2017.02.10 07:36:45.719,1.24959,1.24967,1.25,3.75
2017.02.10 07:36:45.821,1.24959,1.24969,1.69,4.12
2017.02.10 07:36:46.327,1.24959,1.2497,1.69,6.75
2017.02.10 07:36:48.253,1.24959,1.24968,1.69,6.00
2017.02.10 07:36:48.860,1.24959,1.24969,1.65,4.12
2017.02.10 07:36:50.241,1.24957,1.24964,4.50,1.09
2017.02.10 07:36:50.494,1.2495,1.24958,1.37,1.09
2017.02.10 07:36:50.545,1.24949,1.24957,2.25,1.00
2017.02.10 07:36:50.799,1.24947,1.24956,1.00,1.00
2017.02.10 07:36:50.849,1.24946,1.24956,1.37,1.12
2017.02.10 07:36:51.383,1.24944,1.24954,1.50,3.00
2017.02.10 07:36:51.558,1.24947,1.24953,1.00,1.00
2017.02.10 07:36:51.812,1.24949,1.24958,1.50,4.12
2017.02.10 07:36:51.863,1.24949,1.24958,1.37,1.00
2017.02.10 07:36:52.267,1.24947,1.24959,6.00,4.50
2017.02.10 07:36:52.610,1.24952,1.24959,1.50,1.00
2017.02.10 07:36:52.713,1.24953,1.24963,2.25,1.37
2017.02.10 07:36:52.764,1.24954,1.24963,1.00,1.00
2017.02.10 07:36:53.070,1.24952,1.24962,1.12,3.75
2017.02.10 07:36:53.576,1.2495,1.24962,1.87,8.44
2017.02.10 07:36:55.983,1.2495,1.24959,1.87,2.25
2017.02.10 07:36:56.334,1.24946,1.24954,2.06,1.00
2017.02.10 07:36:57.523,1.24948,1.24956,1.00,3.75
2017.02.10 07:36:57.574,1.24948,1.24958,1.87,4.50
2017.02.10 07:36:59.013,1.24945,1.24956,3.37,1.00
2017.02.10 07:36:59.115,1.24945,1.24956,3.37,4.12
2017.02.10 07:36:59.570,1.24945,1.24954,1.50,4.12
2017.02.10 07:37:00.103,1.24947,1.24954,1.00,4.12
2017.02.10 07:37:00.256,1.24948,1.24956,1.00,4.12
2017.02.10 07:37:00.358,1.24949,1.24959,1.00,5.25
2017.02.10 07:37:00.886,1.24947,1.24957,3.37,1.00
2017.02.10 07:37:02.224,1.24948,1.24957,1.00,1.00
2017.02.10 07:37:02.276,1.2495,1.24957,1.00,1.00
2017.02.10 07:37:02.378,1.24948,1.24958,1.50,1.87
2017.02.10 07:37:02.480,1.24948,1.24956,1.50,4.12
2017.02.10 07:37:02.879,1.24948,1.24959,3.00,4.87
2017.02.10 07:37:03.891,1.24949,1.24959,1.00,5.62
2017.02.10 07:37:04.486,1.24948,1.24959,1.50,4.87
2017.02.10 07:37:05.227,1.24948,1.24956,1.50,3.75
2017.02.10 07:37:05.532,1.24945,1.24954,2.25,4.12
2017.02.10 07:37:05.836,1.24944,1.24953,1.50,4.12
2017.02.10 07:37:06.040,1.2494,1.2495,1.37,1.12
2017.02.10 07:37:06.142,1.24939,1.24949,7.69,4.12
2017.02.10 07:37:06.412,1.24939,1.24948,1.00,4.12
2017.02.10 07:37:06.665,1.24939,1.2495,1.00,6.19
2017.02.10 07:37:07.028,1.24939,1.2495,1.75,5.44
2017.02.10 07:37:08.414,1.2494,1.24949,1.50,1.00
2017.02.10 07:37:09.674,1.2494,1.24951,1.12,5.44
2017.02.10 07:37:10.349,1.24941,1.24951,2.25,5.06
2017.02.10 07:37:10.501,1.24942,1.24953,1.12,4.50
2017.02.10 07:37:12.163,1.24941,1.24951,1.12,4.12
2017.02.10 07:37:13.391,1.2494,1.2495,1.12,4.12
2017.02.10 07:37:13.719,1.24938,1.24948,3.37,4.12
2017.02.10 07:37:15.034,1.24941,1.24948,1.50,4.12
2017.02.10 07:37:15.262,1.24942,1.24952,3.75,4.12
2017.02.10 07:37:15.403,1.24942,1.24952,3.75,1.00
2017.02.10 07:37:17.674,1.24944,1.24955,4.80,1.37
2017.02.10 07:37:17.826,1.24945,1.24956,2.62,5.06
2017.02.10 07:37:18.079,1.24947,1.24958,4.12,1.69
2017.02.10 07:37:18.407,1.24948,1.24958,1.00,1.12
2017.02.10 07:37:18.984,1.24947,1.24958,3.00,1.50
2017.02.10 07:37:20.550,1.24947,1.24958,1.12,3.37
2017.02.10 07:37:20.723,1.24945,1.24956,2.62,4.50
2017.02.10 07:37:21.496,1.24946,1.24957,3.75,1.00
2017.02.10 07:37:25.822,1.24948,1.24957,1.50,1.00
2017.02.10 07:37:25.924,1.24954,1.2496,1.00,1.37
2017.02.10 07:37:26.026,1.24954,1.24961,1.00,1.12
2017.02.10 07:37:26.620,1.24954,1.24963,2.62,1.62
2017.02.10 07:37:27.679,1.24954,1.24963,4.50,1.69
2017.02.10 07:37:27.832,1.24957,1.24965,1.00,1.50
2017.02.10 07:37:28.360,1.24956,1.24965,3.75,1.00
2017.02.10 07:37:28.872,1.24956,1.24966,1.37,4.87
2017.02.10 07:37:29.075,1.24955,1.24963,1.50,1.00
2017.02.10 07:37:29.379,1.24956,1.24963,3.00,1.00
2017.02.10 07:37:29.630,1.24959,1.2497,1.37,4.50
2017.02.10 07:37:29.682,1.24959,1.2497,2.25,1.50
2017.02.10 07:37:32.761,1.24959,1.2497,1.87,1.50
2017.02.10 07:37:33.403,1.24962,1.2497,1.00,1.50
2017.02.10 07:37:35.205,1.24959,1.2497,1.12,1.50
2017.02.10 07:37:38.511,1.24958,1.24968,2.62,1.00
2017.02.10 07:37:39.313,1.24959,1.2497,1.12,1.50
2017.02.10 07:37:42.816,1.24959,1.24968,1.87,1.00
2017.02.10 07:37:43.018,1.24958,1.24968,1.37,1.00
2017.02.10 07:37:43.524,1.24958,1.24969,1.37,1.37
2017.02.10 07:37:44.109,1.24958,1.2497,1.87,2.62
2017.02.10 07:37:44.854,1.24959,1.2497,1.00,2.25
2017.02.10 07:37:46.862,1.24958,1.24969,1.87,1.12
2017.02.10 07:37:53.029,1.24959,1.2497,1.50,5.81
2017.02.10 07:37:53.537,1.24959,1.2497,4.12,1.69
2017.02.10 07:37:53.842,1.24966,1.24974,2.25,1.69
2017.02.10 07:37:53.893,1.24967,1.24974,2.25,1.00
2017.02.10 07:37:53.944,1.2497,1.24977,1.00,2.06
2017.02.10 07:37:54.146,1.24972,1.24979,1.00,1.12
2017.02.10 07:37:54.300,1.24969,1.24976,4.12,2.02
2017.02.10 07:37:54.452,1.24965,1.24971,1.00,1.00
2017.02.10 07:37:54.638,1.24962,1.24972,1.12,6.19
2017.02.10 07:37:55.150,1.24964,1.24971,1.00,1.69
2017.02.10 07:37:55.580,1.24962,1.24972,1.00,5.81
2017.02.10 07:37:56.952,1.24961,1.24968,1.00,1.00
2017.02.10 07:37:57.155,1.24958,1.24967,1.00,2.81
2017.02.10 07:37:57.256,1.24956,1.24965,1.12,1.00
2017.02.10 07:37:57.856,1.24956,1.24965,1.00,1.37
2017.02.10 07:37:58.031,1.24954,1.24965,1.87,1.69
2017.02.10 07:37:59.144,1.24954,1.24964,1.87,3.94
2017.02.10 07:38:00.850,1.24954,1.24965,6.75,4.12
2017.02.10 07:38:01.363,1.24955,1.24966,2.62,4.31
2017.02.10 07:38:02.697,1.24956,1.24966,1.00,1.62
2017.02.10 07:38:03.003,1.24959,1.24969,4.12,1.69
2017.02.10 07:38:03.617,1.24958,1.24967,1.00,1.62
2017.02.10 07:38:03.719,1.24955,1.24966,3.00,2.06
2017.02.10 07:38:03.973,1.24954,1.24963,1.87,1.12
2017.02.10 07:38:04.024,1.24954,1.24963,1.00,1.12
2017.02.10 07:38:04.277,1.24954,1.24962,1.00,3.75
2017.02.10 07:38:04.328,1.24952,1.24962,1.12,4.12
2017.02.10 07:38:05.315,1.24953,1.24962,1.00,4.12
2017.02.10 07:38:10.793,1.24952,1.24959,1.00,1.25
2017.02.10 07:38:10.895,1.2495,1.24959,1.00,1.31
2017.02.10 07:38:11.380,1.24948,1.24958,1.50,1.50
2017.02.10 07:38:11.685,1.24942,1.24951,3.75,2.62
2017.02.10 07:38:11.736,1.2494,1.24949,1.00,1.19
2017.02.10 07:38:15.423,1.24942,1.24949,1.00,1.00
2017.02.10 07:38:15.474,1.2494,1.24949,3.00,1.00
2017.02.10 07:38:16.017,1.24943,1.24951,1.00,4.31
2017.02.10 07:38:16.219,1.24944,1.24951,1.00,1.00
2017.02.10 07:38:16.271,1.24946,1.24951,1.00,1.00
2017.02.10 07:38:16.394,1.24945,1.24955,1.87,5.06
2017.02.10 07:38:16.799,1.24944,1.24955,1.50,2.06
2017.02.10 07:38:17.221,1.24942,1.24952,5.62,1.00
2017.02.10 07:38:17.272,1.24942,1.24952,1.87,1.00
2017.02.10 07:38:17.531,1.24941,1.2495,1.00,1.00
2017.02.10 07:38:18.081,1.24942,1.24952,1.37,5.44
2017.02.10 07:38:18.233,1.24943,1.24953,3.00,1.00
2017.02.10 07:38:18.643,1.2494,1.24952,4.87,2.81
2017.02.10 07:38:18.947,1.24939,1.24949,4.50,1.50
2017.02.10 07:38:18.998,1.24939,1.24949,1.50,1.50
2017.02.10 07:38:20.034,1.2494,1.24949,1.00,1.00
2017.02.10 07:38:20.447,1.24942,1.24949,1.50,1.00
2017.02.10 07:38:20.549,1.24942,1.24952,1.87,1.31
2017.02.10 07:38:21.601,1.24943,1.24952,1.00,1.69
2017.02.10 07:38:22.108,1.24944,1.24952,1.00,1.31
2017.02.10 07:38:22.776,1.24944,1.24953,1.00,1.62
2017.02.10 07:38:23.787,1.24943,1.24955,1.50,2.06
2017.02.10 07:38:24.334,1.24943,1.24955,1.87,2.06
2017.02.10 07:38:28.552,1.24943,1.24953,1.87,1.25
2017.02.10 07:38:29.160,1.24945,1.24955,1.00,2.06
2017.02.10 07:38:29.715,1.24945,1.24955,1.87,1.69
2017.02.10 07:38:29.767,1.24947,1.24956,1.00,5.06
2017.02.10 07:38:29.922,1.24948,1.24959,1.12,5.06
2017.02.10 07:38:30.446,1.24949,1.24959,1.00,1.69
2017.02.10 07:38:30.953,1.24947,1.24959,2.25,3.56
2017.02.10 07:38:34.420,1.24949,1.24959,1.00,2.44
2017.02.10 07:38:34.956,1.2495,1.24961,2.25,2.62
2017.02.10 07:38:35.469,1.24951,1.2496,1.12,1.00
2017.02.10 07:38:36.336,1.2495,1.2496,1.87,1.00
2017.02.10 07:38:40.017,1.2495,1.2496,1.12,1.15
2017.02.10 07:38:40.088,1.2495,1.2496,1.12,1.00
2017.02.10 07:38:43.841,1.2495,1.24958,1.12,1.00
2017.02.10 07:38:45.464,1.24949,1.24957,1.00,1.00
2017.02.10 07:38:45.617,1.2495,1.2496,1.00,1.31
2017.02.10 07:38:48.581,1.2495,1.24959,1.12,3.75
2017.02.10 07:38:53.946,1.24949,1.24959,3.00,4.12
2017.02.10 07:39:13.220,1.2495,1.24959,1.00,4.31
2017.02.10 07:39:14.417,1.24949,1.24958,1.50,1.37
2017.02.10 07:39:15.013,1.24949,1.24958,1.50,1.12
2017.02.10 07:39:18.174,1.24949,1.24958,2.25,1.12
2017.02.10 07:39:18.829,1.24952,1.24961,1.00,4.31
2017.02.10 07:39:19.335,1.24953,1.2496,1.00,1.25
2017.02.10 07:39:19.944,1.24951,1.2496,1.50,1.25
2017.02.10 07:39:20.648,1.24952,1.24962,1.37,2.44
2017.02.10 07:39:22.184,1.24954,1.24962,1.00,2.44
2017.02.10 07:39:23.704,1.24955,1.24962,1.00,2.44
2017.02.10 07:39:24.371,1.24958,1.24963,1.50,4.50
2017.02.10 07:39:24.473,1.24957,1.24964,6.34,1.37
2017.02.10 07:39:24.575,1.24959,1.24968,1.87,1.87
2017.02.10 07:39:25.593,1.2496,1.24968,1.00,1.50
2017.02.10 07:39:26.127,1.24961,1.2497,1.87,1.62
2017.02.10 07:39:33.300,1.24962,1.24971,1.00,6.19
2017.02.10 07:39:35.890,1.24962,1.24971,1.50,6.19
2017.02.10 07:39:39.549,1.24969,1.24972,2.21,4.50
2017.02.10 07:39:39.600,1.2497,1.24976,2.59,1.00
2017.02.10 07:39:39.702,1.2497,1.24979,5.59,2.06
2017.02.10 07:39:41.580,1.24971,1.24979,1.12,1.69
2017.02.10 07:39:42.269,1.2497,1.24976,1.37,2.25
2017.02.10 07:39:42.371,1.24967,1.24976,1.50,1.25
2017.02.10 07:39:42.472,1.24967,1.24976,1.00,5.81
2017.02.10 07:39:43.470,1.24966,1.24975,1.12,1.50
2017.02.10 07:39:43.862,1.24968,1.24977,1.50,4.87
2017.02.10 07:39:44.166,1.2497,1.24979,1.50,1.19
2017.02.10 07:39:46.403,1.2497,1.24979,1.00,1.69
2017.02.10 07:39:47.012,1.24971,1.24979,1.87,1.19
2017.02.10 07:39:48.052,1.24969,1.24979,2.25,1.19
2017.02.10 07:39:48.656,1.24969,1.24978,1.00,1.25
2017.02.10 07:39:49.841,1.24968,1.24978,3.37,1.25
2017.02.10 07:39:50.355,1.24968,1.24979,1.87,3.94
2017.02.10 07:39:52.147,1.24968,1.24978,1.12,1.00
2017.02.10 07:39:52.676,1.24968,1.24979,1.87,1.37
2017.02.10 07:39:54.993,1.24969,1.2498,2.25,4.87
2017.02.10 07:40:01.371,1.24972,1.2498,1.50,4.87
2017.02.10 07:40:01.516,1.24972,1.24982,2.81,4.12
2017.02.10 07:40:01.606,1.24972,1.24983,3.19,3.00
2017.02.10 07:40:03.111,1.24972,1.24982,1.25,4.87
2017.02.10 07:40:04.606,1.24971,1.24981,1.19,6.75
2017.02.10 07:40:08.846,1.24971,1.24981,1.69,1.12
2017.02.10 07:40:10.240,1.24974,1.24981,2.96,1.12
2017.02.10 07:40:10.442,1.24975,1.24986,1.12,1.50
2017.02.10 07:40:10.544,1.24975,1.24983,1.00,3.00
2017.02.10 07:40:10.747,1.24971,1.2498,2.62,1.87
2017.02.10 07:40:11.177,1.24975,1.2498,1.00,1.37
2017.02.10 07:40:11.278,1.24974,1.24985,2.62,6.37
2017.02.10 07:40:11.329,1.24974,1.24983,2.59,4.12
2017.02.10 07:40:11.431,1.24974,1.24984,1.84,1.12
2017.02.10 07:40:11.836,1.24974,1.24982,1.50,1.50
2017.02.10 07:40:12.164,1.24976,1.24984,1.31,4.12
2017.02.10 07:40:12.265,1.24976,1.24986,1.69,1.00
2017.02.10 07:40:12.880,1.24981,1.24986,4.69,1.00
2017.02.10 07:40:12.931,1.24981,1.24988,1.31,1.00
2017.02.10 07:40:13.296,1.24982,1.24993,1.25,7.12
2017.02.10 07:40:13.499,1.24985,1.24992,2.62,1.87
2017.02.10 07:40:13.601,1.24986,1.24995,2.96,1.37
2017.02.10 07:40:13.652,1.24986,1.24997,6.75,1.75
2017.02.10 07:40:13.754,1.24986,1.24997,2.02,1.87
2017.02.10 07:40:14.157,1.24988,1.24995,1.00,1.00
2017.02.10 07:40:14.360,1.2499,1.24999,1.69,1.00
2017.02.10 07:40:14.817,1.24996,1.24999,1.00,1.00
2017.02.10 07:40:14.868,1.24993,1.25002,4.69,2.25
2017.02.10 07:40:14.970,1.24993,1.25002,1.87,1.37
2017.02.10 07:40:15.021,1.24993,1.25003,1.50,2.62
2017.02.10 07:40:15.174,1.24993,1.25,1.00,4.87
2017.02.10 07:40:15.275,1.2499,1.24999,2.44,1.37
2017.02.10 07:40:15.327,1.24994,1.25,1.00,4.87
2017.02.10 07:40:15.428,1.24992,1.25,1.69,4.12
2017.02.10 07:40:15.480,1.24992,1.25003,2.81,1.00
2017.02.10 07:40:15.581,1.24992,1.25003,2.44,4.87
2017.02.10 07:40:16.155,1.24998,1.25001,1.12,1.00
2017.02.10 07:40:16.257,1.24997,1.25007,3.19,1.00
2017.02.10 07:40:16.358,1.24997,1.25005,1.31,1.12
2017.02.10 07:40:16.707,1.2498,1.24989,1.69,1.50
2017.02.10 07:40:17.011,1.2498,1.24989,1.69,4.12
2017.02.10 07:40:17.553,1.2498,1.2499,1.12,4.50
2017.02.10 07:40:18.410,1.24987,1.2499,1.00,4.50
2017.02.10 07:40:18.461,1.24987,1.24994,1.00,1.75
2017.02.10 07:40:18.513,1.24987,1.24995,3.71,4.12
2017.02.10 07:40:18.564,1.24988,1.24998,1.37,2.06
2017.02.10 07:40:18.767,1.24987,1.24996,1.50,1.87
2017.02.10 07:40:19.889,1.24988,1.24997,1.00,4.50
2017.02.10 07:40:21.065,1.24988,1.24997,1.12,1.50
2017.02.10 07:40:21.587,1.24988,1.24995,1.12,1.00
2017.02.10 07:40:22.075,1.24988,1.24992,1.00,4.12
2017.02.10 07:40:22.126,1.24983,1.24992,1.12,4.87
2017.02.10 07:40:22.633,1.24982,1.24992,1.25,4.87
2017.02.10 07:40:27.548,1.24981,1.24989,2.44,1.00
2017.02.10 07:40:28.054,1.24981,1.24991,1.19,4.12
2017.02.10 07:40:28.576,1.24981,1.24989,1.19,1.00
2017.02.10 07:40:29.125,1.24981,1.2499,1.19,1.12
2017.02.10 07:40:30.149,1.24985,1.24992,1.00,5.25
2017.02.10 07:40:30.200,1.24983,1.24992,1.87,1.50
2017.02.10 07:40:30.402,1.24983,1.24993,2.25,1.00
2017.02.10 07:40:30.807,1.24984,1.24993,1.37,1.12
2017.02.10 07:40:33.609,1.24984,1.2499,1.12,1.00
2017.02.10 07:40:33.994,1.24982,1.24989,1.31,1.12
2017.02.10 07:40:34.045,1.24979,1.24987,2.06,1.50
2017.02.10 07:40:34.554,1.24979,1.24989,1.69,2.25
2017.02.10 07:40:37.268,1.24983,1.24989,1.00,4.50
2017.02.10 07:40:39.389,1.24984,1.2499,1.00,1.50
2017.02.10 07:40:39.693,1.24986,1.24992,1.00,4.12
2017.02.10 07:40:39.795,1.24986,1.24993,1.00,3.75
2017.02.10 07:40:40.762,1.24989,1.24994,1.00,4.50
2017.02.10 07:40:40.813,1.2499,1.24994,1.00,1.12
2017.02.10 07:40:40.915,1.2499,1.24997,1.00,1.12
2017.02.10 07:40:42.154,1.24987,1.24994,4.31,1.00
2017.02.10 07:40:42.307,1.24984,1.24993,3.75,1.00
2017.02.10 07:40:43.035,1.24984,1.24993,1.12,1.12
2017.02.10 07:40:45.262,1.24983,1.24993,1.69,1.87
2017.02.10 07:40:45.414,1.24983,1.2499,1.31,1.00
2017.02.10 07:40:46.032,1.24984,1.24993,1.00,6.37
2017.02.10 07:40:46.915,1.24985,1.24993,1.00,7.12
2017.02.10 07:40:49.027,1.24987,1.24993,1.00,4.87
2017.02.10 07:40:49.230,1.24989,1.24999,1.00,4.87
2017.02.10 07:40:50.455,1.2499,1.24999,1.00,1.37
2017.02.10 07:40:50.961,1.24989,1.24999,1.00,1.37
2017.02.10 07:40:51.568,1.24991,1.24999,1.00,1.37
2017.02.10 07:40:52.090,1.24992,1.25,1.00,7.50
2017.02.10 07:40:52.547,1.24993,1.25002,1.00,1.50
2017.02.10 07:40:52.699,1.24995,1.25002,1.00,1.37
2017.02.10 07:40:53.003,1.24995,1.25003,1.00,2.25
2017.02.10 07:40:53.446,1.24995,1.25003,5.25,1.50
2017.02.10 07:40:53.566,1.25001,1.25009,1.00,1.87
2017.02.10 07:40:53.719,1.24999,1.25007,1.87,1.00
2017.02.10 07:40:54.225,1.24998,1.25007,1.00,2.25
2017.02.10 07:40:54.774,1.24996,1.25005,1.56,1.00
2017.02.10 07:40:56.254,1.24996,1.25004,1.56,1.19
2017.02.10 07:40:56.458,1.24985,1.24992,1.37,2.25
2017.02.10 07:40:56.509,1.24983,1.24992,1.50,3.37
2017.02.10 07:40:56.685,1.24983,1.24991,1.00,4.84
2017.02.10 07:40:57.019,1.24979,1.24989,2.06,1.12
2017.02.10 07:40:57.589,1.24979,1.2499,1.69,3.00
2017.02.10 07:41:00.461,1.24986,1.24991,1.37,4.87
2017.02.10 07:41:00.664,1.24986,1.24993,1.84,3.75
2017.02.10 07:41:00.715,1.24986,1.24995,2.25,2.62
2017.02.10 07:41:00.766,1.24987,1.2499,1.00,1.00
2017.02.10 07:41:00.969,1.24984,1.2499,1.50,1.00
2017.02.10 07:41:01.020,1.24982,1.24988,4.50,1.00
2017.02.10 07:41:01.122,1.24981,1.24988,1.00,1.00
2017.02.10 07:41:02.168,1.24981,1.24987,1.00,1.50
2017.02.10 07:41:03.465,1.24981,1.2499,1.00,1.00
2017.02.10 07:41:03.625,1.24981,1.24988,1.00,1.00
2017.02.10 07:41:03.929,1.24977,1.24987,2.06,1.34
2017.02.10 07:41:04.436,1.24977,1.24986,2.06,1.37
2017.02.10 07:41:04.539,1.24975,1.24985,1.31,2.62
2017.02.10 07:41:04.590,1.24974,1.24983,2.25,1.87
2017.02.10 07:41:04.917,1.24972,1.24983,1.62,8.25
2017.02.10 07:41:05.396,1.24975,1.24983,1.37,4.12
2017.02.10 07:41:05.447,1.24975,1.24985,1.62,5.25
2017.02.10 07:41:05.549,1.24979,1.24986,1.00,1.37
2017.02.10 07:41:05.651,1.24979,1.24988,1.69,1.12
2017.02.10 07:41:05.854,1.2498,1.24991,2.44,2.62
2017.02.10 07:41:06.361,1.2498,1.24984,1.12,1.00
2017.02.10 07:41:06.606,1.24972,1.24981,1.12,1.34
2017.02.10 07:41:06.731,1.2497,1.24979,2.06,1.00
2017.02.10 07:41:06.986,1.2497,1.24977,1.19,1.00
2017.02.10 07:41:07.606,1.2497,1.2498,1.69,8.25
2017.02.10 07:41:07.659,1.2497,1.2498,5.81,4.50
2017.02.10 07:41:07.710,1.2497,1.24978,5.81,1.00
2017.02.10 07:41:08.038,1.2497,1.2498,5.06,1.50
2017.02.10 07:41:09.635,1.24976,1.24982,1.00,4.12
2017.02.10 07:41:09.750,1.24976,1.24984,1.12,4.12
2017.02.10 07:41:09.852,1.24976,1.24986,4.87,1.12
2017.02.10 07:41:10.762,1.24977,1.24987,1.50,2.62
2017.02.10 07:41:11.476,1.24977,1.24986,1.50,1.00
2017.02.10 07:41:11.996,1.24977,1.24987,1.50,3.37
2017.02.10 07:41:13.123,1.24976,1.24988,4.50,1.87
2017.02.10 07:41:13.224,1.24979,1.24988,1.19,1.37
2017.02.10 07:41:13.275,1.24979,1.24989,1.69,1.00
2017.02.10 07:41:13.785,1.24979,1.24989,5.06,1.00
2017.02.10 07:41:15.436,1.24979,1.24989,4.31,4.09
2017.02.10 07:41:15.943,1.24978,1.24987,1.19,1.12
2017.02.10 07:41:17.662,1.24984,1.24987,1.00,1.00
2017.02.10 07:41:17.764,1.24984,1.24991,1.00,5.25
2017.02.10 07:41:18.067,1.24982,1.24993,1.87,2.25
2017.02.10 07:41:18.445,1.24982,1.2499,1.31,1.09
2017.02.10 07:41:18.775,1.24974,1.24982,1.56,1.37
2017.02.10 07:41:18.979,1.2497,1.24975,2.06,1.00
2017.02.10 07:41:19.084,1.2497,1.24977,1.69,1.12
2017.02.10 07:41:19.186,1.24968,1.24977,1.87,1.50
2017.02.10 07:41:19.389,1.24969,1.24976,1.00,1.87
2017.02.10 07:41:19.593,1.24966,1.24974,1.69,2.62
2017.02.10 07:41:19.694,1.24964,1.24973,1.87,1.00
2017.02.10 07:41:19.917,1.24962,1.24971,2.06,1.00
2017.02.10 07:41:21.849,1.24961,1.2497,2.06,1.12
2017.02.10 07:41:21.900,1.24961,1.24967,1.31,1.00
2017.02.10 07:41:22.001,1.2496,1.2497,1.19,3.34
2017.02.10 07:41:22.103,1.2496,1.24969,1.31,4.12
2017.02.10 07:41:22.618,1.2496,1.2497,1.69,4.87
2017.02.10 07:41:24.921,1.2496,1.24967,1.19,1.00
2017.02.10 07:41:25.486,1.24959,1.2497,2.44,4.12
2017.02.10 07:41:31.606,1.24959,1.24968,1.19,4.50
2017.02.10 07:41:31.708,1.24959,1.24968,1.19,1.12
2017.02.10 07:41:31.911,1.24959,1.24966,1.19,1.00
2017.02.10 07:41:31.962,1.24958,1.24966,1.00,1.00
2017.02.10 07:41:32.014,1.24958,1.24961,1.00,1.00
2017.02.10 07:41:32.217,1.24951,1.24959,4.12,6.34
2017.02.10 07:41:32.319,1.24947,1.24957,2.25,1.50
2017.02.10 07:41:32.522,1.2495,1.24956,1.00,1.00
2017.02.10 07:41:33.056,1.2495,1.24961,1.69,2.62
2017.02.10 07:41:33.461,1.2495,1.24961,2.06,2.25
2017.02.10 07:41:34.009,1.24951,1.24961,1.00,2.25
2017.02.10 07:41:34.111,1.24955,1.24962,1.00,1.50
2017.02.10 07:41:34.314,1.24957,1.24967,1.50,1.00
2017.02.10 07:41:35.193,1.24958,1.2497,5.44,7.50
2017.02.10 07:41:35.294,1.24961,1.24971,1.25,2.25
2017.02.10 07:41:35.497,1.24963,1.24973,1.00,1.87
2017.02.10 07:41:36.586,1.24962,1.24972,1.50,2.25
2017.02.10 07:41:36.687,1.24961,1.2497,4.31,1.12
2017.02.10 07:41:36.791,1.2496,1.2497,1.19,1.87
2017.02.10 07:41:37.146,1.24961,1.24971,2.06,1.00
2017.02.10 07:41:37.963,1.24962,1.24971,1.12,1.00
2017.02.10 07:41:38.618,1.24962,1.24973,1.87,1.50
2017.02.10 07:41:43.636,1.2496,1.24971,2.06,4.12
2017.02.10 07:41:44.177,1.24962,1.24972,1.00,4.87
2017.02.10 07:41:44.700,1.24963,1.24972,1.00,4.87
2017.02.10 07:41:47.131,1.24962,1.24972,1.00,4.87
2017.02.10 07:41:48.562,1.24963,1.24972,1.25,4.12
2017.02.10 07:41:49.155,1.24963,1.24972,1.00,1.00
2017.02.10 07:41:52.887,1.24962,1.24972,2.62,1.00
2017.02.10 07:41:54.587,1.24968,1.24972,1.00,1.00
2017.02.10 07:41:54.638,1.24968,1.24976,1.12,4.12
2017.02.10 07:41:54.739,1.24968,1.24979,3.75,3.19
2017.02.10 07:41:55.144,1.24971,1.24981,1.12,5.25
2017.02.10 07:41:58.014,1.24972,1.24981,1.00,4.12
2017.02.10 07:42:00.172,1.24973,1.24981,1.00,1.00
2017.02.10 07:42:02.620,1.24972,1.24981,1.12,1.00
2017.02.10 07:42:02.895,1.24971,1.24981,1.50,4.87
2017.02.10 07:42:03.783,1.24971,1.24981,1.50,1.37
2017.02.10 07:42:04.845,1.24972,1.24982,1.50,4.69
2017.02.10 07:42:05.157,1.24979,1.24984,2.25,3.75
2017.02.10 07:42:05.208,1.24979,1.24988,4.50,1.00
2017.02.10 07:42:05.361,1.2498,1.2499,1.50,2.62
2017.02.10 07:42:05.664,1.24979,1.24987,1.37,1.00
2017.02.10 07:42:05.766,1.24976,1.24986,1.37,1.37
2017.02.10 07:42:05.868,1.24975,1.24985,1.69,2.25
2017.02.10 07:42:05.969,1.24974,1.24982,1.00,1.00
2017.02.10 07:42:07.974,1.24972,1.24982,1.12,1.50
2017.02.10 07:42:08.075,1.24971,1.24981,1.50,4.12
2017.02.10 07:42:09.092,1.24971,1.24982,1.87,1.50
2017.02.10 07:42:10.787,1.24971,1.24982,3.00,1.50
2017.02.10 07:42:11.333,1.24973,1.24982,1.00,1.50
2017.02.10 07:42:15.735,1.24972,1.24982,1.00,1.87
2017.02.10 07:42:16.611,1.24972,1.24981,1.00,4.12
2017.02.10 07:42:19.755,1.24972,1.24978,1.00,1.00
2017.02.10 07:42:20.052,1.2497,1.24978,1.12,1.00
2017.02.10 07:42:20.609,1.2497,1.24979,1.37,1.12
2017.02.10 07:42:26.375,1.24977,1.24981,1.50,4.50
2017.02.10 07:42:26.426,1.24978,1.24982,1.00,1.87
2017.02.10 07:42:26.529,1.24983,1.24986,2.21,4.50
2017.02.10 07:42:26.712,1.24985,1.24987,1.00,1.00
2017.02.10 07:42:26.764,1.24987,1.24993,1.12,3.75
2017.02.10 07:42:26.815,1.24988,1.24995,1.00,4.87
2017.02.10 07:42:26.895,1.24988,1.24997,3.75,5.25
2017.02.10 07:42:27.217,1.24986,1.24994,2.25,1.00
2017.02.10 07:42:27.521,1.24986,1.2499,1.00,1.87
2017.02.10 07:42:27.827,1.24974,1.2498,3.75,1.87
2017.02.10 07:42:27.890,1.2497,1.2498,1.87,5.25
2017.02.10 07:42:27.967,1.24974,1.2498,1.00,5.62
2017.02.10 07:42:28.018,1.2497,1.24979,1.50,1.37
2017.02.10 07:42:28.545,1.2497,1.24979,2.25,1.00
2017.02.10 07:42:29.060,1.2497,1.24981,1.87,1.87
2017.02.10 07:42:31.094,1.24977,1.24982,4.50,1.25
2017.02.10 07:42:31.297,1.24985,1.24992,2.62,1.69
2017.02.10 07:42:31.398,1.24988,1.24995,1.00,2.25
2017.02.10 07:42:31.565,1.24986,1.24995,2.25,2.25
2017.02.10 07:42:31.617,1.24987,1.24997,2.62,3.75
2017.02.10 07:42:31.718,1.24988,1.24998,1.12,2.25
2017.02.10 07:42:32.140,1.24988,1.24995,1.50,1.50
2017.02.10 07:42:32.444,1.24986,1.24996,1.00,3.19
2017.02.10 07:42:33.533,1.24986,1.24994,1.00,1.00
2017.02.10 07:42:37.100,1.24992,1.24995,1.00,1.12
2017.02.10 07:42:37.152,1.24988,1.24995,3.52,1.12
2017.02.10 07:42:37.253,1.2499,1.24995,1.84,1.00
2017.02.10 07:42:37.557,1.24999,1.25006,2.25,3.75
2017.02.10 07:42:37.608,1.24999,1.25008,2.62,1.00
2017.02.10 07:42:37.760,1.24999,1.25008,2.25,1.87
2017.02.10 07:42:38.012,1.24999,1.25005,1.12,1.00
2017.02.10 07:42:38.114,1.24999,1.25007,1.12,1.12
2017.02.10 07:42:39.313,1.24998,1.25006,1.37,1.00
2017.02.10 07:42:39.863,1.24998,1.25007,1.37,1.12
2017.02.10 07:42:40.156,1.24996,1.25002,4.12,1.00
2017.02.10 07:42:40.207,1.24993,1.25002,4.50,1.00
2017.02.10 07:42:40.258,1.24992,1.25001,5.62,1.37
2017.02.10 07:42:40.309,1.24992,1.25001,1.12,1.50
2017.02.10 07:42:40.816,1.24991,1.25,1.12,1.87
2017.02.10 07:42:43.077,1.2499,1.24999,1.12,1.00
2017.02.10 07:42:45.519,1.2499,1.24997,1.12,1.00
2017.02.10 07:42:46.050,1.2499,1.24999,1.00,2.25
2017.02.10 07:42:50.923,1.24991,1.24999,1.00,1.00
2017.02.10 07:42:51.967,1.24992,1.24999,1.00,1.00
2017.02.10 07:42:52.068,1.24989,1.24999,2.25,1.50
2017.02.10 07:42:52.586,1.24989,1.24999,1.87,1.50
2017.02.10 07:42:54.482,1.24989,1.24999,1.87,1.12
2017.02.10 07:42:54.915,1.24989,1.24997,1.87,1.00
2017.02.10 07:42:55.120,1.24987,1.24995,1.12,1.00
2017.02.10 07:42:55.539,1.24985,1.24993,1.87,1.50
2017.02.10 07:42:55.763,1.24986,1.24995,2.96,1.00
2017.02.10 07:42:55.865,1.24987,1.24997,5.96,1.87
2017.02.10 07:42:56.372,1.24986,1.24996,7.84,1.31
2017.02.10 07:42:56.887,1.24986,1.24998,7.46,2.81
2017.02.10 07:43:00.277,1.24989,1.24999,3.75,2.44
2017.02.10 07:43:00.328,1.24989,1.25,4.50,1.50
2017.02.10 07:43:02.173,1.24993,1.25001,1.12,1.00
2017.02.10 07:43:02.831,1.24991,1.24999,1.12,1.00
2017.02.10 07:43:04.536,1.24991,1.24998,1.00,1.00
2017.02.10 07:43:05.172,1.24991,1.24999,1.00,1.12
2017.02.10 07:43:05.580,1.24993,1.25001,1.00,4.12
2017.02.10 07:43:05.630,1.24993,1.25002,1.50,1.37
2017.02.10 07:43:05.732,1.24994,1.25001,1.37,1.00
2017.02.10 07:43:06.158,1.24993,1.24999,1.50,1.00
2017.02.10 07:43:06.659,1.24992,1.24999,1.50,1.00
2017.02.10 07:43:07.382,1.24992,1.24997,1.50,1.00
2017.02.10 07:43:07.557,1.24989,1.24995,1.12,1.00
2017.02.10 07:43:08.343,1.24989,1.24997,1.00,1.00
2017.02.10 07:43:08.747,1.24989,1.24999,4.09,1.37
2017.02.10 07:43:09.269,1.24989,1.24999,2.59,1.00
2017.02.10 07:43:09.932,1.24996,1.25002,3.71,4.50
2017.02.10 07:43:10.034,1.24997,1.25005,2.81,4.12
2017.02.10 07:43:10.085,1.24998,1.25003,3.75,1.12
2017.02.10 07:43:10.237,1.24998,1.25004,1.00,1.00
2017.02.10 07:43:10.620,1.24996,1.25004,2.62,1.00
2017.02.10 07:43:11.128,1.24996,1.25003,1.00,1.00
2017.02.10 07:43:11.676,1.24996,1.25004,1.00,1.00
2017.02.10 07:43:11.777,1.24997,1.25007,1.50,1.87
2017.02.10 07:43:11.930,1.24997,1.25007,7.87,1.00
2017.02.10 07:43:12.189,1.24997,1.25006,3.75,1.00
2017.02.10 07:43:12.341,1.24998,1.25009,2.62,1.56
2017.02.10 07:43:12.392,1.24999,1.25009,1.37,2.06
2017.02.10 07:43:12.911,1.25,1.25009,1.00,1.00
2017.02.10 07:43:13.426,1.25,1.25011,1.12,3.00
2017.02.10 07:43:13.730,1.25,1.25007,1.12,1.00
2017.02.10 07:43:15.469,1.25,1.25009,1.00,2.25
2017.02.10 07:43:17.213,1.25005,1.2501,1.37,4.50
2017.02.10 07:43:17.315,1.25008,1.25013,1.12,4.50
2017.02.10 07:43:17.368,1.2501,1.25013,1.00,3.75
2017.02.10 07:43:17.419,1.2501,1.25017,1.00,1.00
2017.02.10 07:43:17.520,1.2501,1.25019,1.00,1.87
2017.02.10 07:43:17.622,1.2501,1.25016,1.00,1.00
2017.02.10 07:43:17.926,1.25003,1.2501,1.50,1.00
2017.02.10 07:43:18.209,1.25007,1.2501,1.00,1.12
2017.02.10 07:43:18.311,1.25008,1.25015,1.00,1.00
2017.02.10 07:43:18.514,1.25009,1.25018,1.84,1.00
2017.02.10 07:43:18.920,1.25013,1.25019,7.09,1.00
2017.02.10 07:43:19.173,1.25015,1.25022,1.00,1.00
2017.02.10 07:43:19.224,1.25012,1.2502,4.87,1.00
2017.02.10 07:43:19.326,1.25012,1.2502,1.00,1.00
2017.02.10 07:43:19.479,1.25015,1.25023,2.62,5.62
2017.02.10 07:43:19.725,1.25018,1.25026,1.12,1.12
2017.02.10 07:43:20.128,1.2502,1.25029,1.00,5.25
2017.02.10 07:43:20.229,1.2502,1.25029,3.34,1.12
2017.02.10 07:43:20.660,1.25026,1.2503,1.00,4.50
2017.02.10 07:43:20.762,1.25025,1.25032,1.00,3.75
2017.02.10 07:43:20.864,1.25024,1.25033,1.12,1.00
2017.02.10 07:43:20.965,1.25022,1.2503,6.00,1.00
2017.02.10 07:43:21.271,1.25022,1.25031,1.00,2.25
2017.02.10 07:43:21.798,1.25024,1.2503,3.00,1.00
2017.02.10 07:43:21.849,1.25022,1.25031,1.00,2.25
2017.02.10 07:43:22.001,1.25024,1.2503,1.00,1.37
2017.02.10 07:43:22.153,1.25023,1.25032,2.59,1.50
2017.02.10 07:43:22.305,1.25023,1.25031,1.37,1.37
2017.02.10 07:43:22.638,1.25028,1.25034,1.00,4.12
2017.02.10 07:43:22.739,1.25028,1.25035,1.00,1.00
2017.02.10 07:43:23.260,1.25028,1.25036,1.00,1.12
2017.02.10 07:43:23.776,1.25027,1.25035,1.00,1.00
2017.02.10 07:43:24.305,1.25026,1.25037,2.25,2.62
2017.02.10 07:43:24.406,1.25027,1.25031,1.00,1.00
2017.02.10 07:43:24.641,1.2502,1.25029,1.75,1.12
2017.02.10 07:43:24.742,1.2502,1.25029,1.00,1.12
2017.02.10 07:43:26.301,1.2502,1.25029,1.50,1.12
2017.02.10 07:43:27.117,1.2502,1.2503,1.87,1.12
2017.02.10 07:43:27.739,1.2502,1.25029,1.37,1.00
2017.02.10 07:43:28.477,1.2502,1.25028,1.37,1.00
2017.02.10 07:43:29.563,1.25019,1.25028,1.50,1.50
2017.02.10 07:43:30.111,1.2502,1.25028,1.00,1.00
2017.02.10 07:43:34.882,1.2502,1.25029,1.50,1.00
2017.02.10 07:43:37.079,1.2502,1.25028,1.00,1.00
2017.02.10 07:43:37.332,1.25018,1.25026,1.87,1.00
2017.02.10 07:43:37.842,1.25018,1.25028,2.62,1.37
2017.02.10 07:43:41.823,1.25018,1.25026,2.62,1.00
2017.02.10 07:43:42.427,1.25018,1.25025,1.87,1.00
2017.02.10 07:43:44.414,1.25019,1.25029,1.00,7.31
2017.02.10 07:43:44.566,1.25019,1.25025,1.00,1.00
2017.02.10 07:43:45.053,1.2502,1.25028,1.00,1.37
2017.02.10 07:43:45.220,1.25024,1.25029,1.46,3.94
2017.02.10 07:43:45.322,1.25025,1.25031,1.50,3.94
2017.02.10 07:43:45.423,1.25026,1.25035,1.50,6.19
2017.02.10 07:43:46.030,1.25027,1.25035,1.50,1.00
2017.02.10 07:43:46.292,1.25028,1.25037,4.12,1.00
2017.02.10 07:43:47.121,1.25028,1.25038,4.12,1.87
2017.02.10 07:43:49.502,1.25028,1.25035,4.87,1.00
2017.02.10 07:43:49.603,1.25028,1.25035,1.00,1.00
2017.02.10 07:43:50.588,1.25027,1.25035,1.87,1.00
2017.02.10 07:43:51.149,1.25027,1.25036,1.87,1.00
2017.02.10 07:43:51.676,1.25027,1.25035,1.12,1.00
2017.02.10 07:43:53.602,1.25027,1.25036,2.25,1.00
2017.02.10 07:43:55.353,1.25027,1.25037,1.87,1.50
2017.02.10 07:43:55.949,1.25027,1.25034,2.25,1.00
2017.02.10 07:43:56.512,1.25027,1.25035,1.12,1.00
2017.02.10 07:43:57.226,1.25027,1.25033,1.12,1.00
2017.02.10 07:43:57.378,1.25027,1.25035,1.12,1.00
2017.02.10 07:43:57.537,1.25027,1.25033,1.12,1.00
2017.02.10 07:43:57.689,1.25027,1.25035,1.12,1.00
2017.02.10 07:43:58.689,1.25027,1.25034,2.25,1.00
2017.02.10 07:43:59.262,1.25026,1.25033,1.00,1.00
2017.02.10 07:43:59.519,1.25023,1.25033,1.12,1.50
2017.02.10 07:44:00.026,1.25023,1.25031,1.12,1.00
2017.02.10 07:44:00.542,1.25022,1.2503,1.50,1.00
2017.02.10 07:44:02.296,1.25021,1.25029,2.25,1.00
2017.02.10 07:44:02.449,1.25021,1.25031,1.50,4.87
2017.02.10 07:44:03.667,1.25022,1.25031,1.00,4.12
2017.02.10 07:44:04.934,1.25022,1.25032,1.87,1.37
2017.02.10 07:44:05.546,1.25024,1.25032,1.50,1.00
2017.02.10 07:44:05.647,1.25027,1.25034,1.87,1.00
2017.02.10 07:44:05.850,1.25032,1.25042,1.00,4.69
2017.02.10 07:44:06.053,1.25032,1.25043,1.50,2.06
2017.02.10 07:44:06.968,1.25032,1.25044,1.87,3.94
2017.02.10 07:44:07.510,1.25032,1.25042,1.37,1.50
2017.02.10 07:44:07.865,1.25033,1.25043,4.12,1.12
2017.02.10 07:44:08.764,1.25036,1.25044,1.87,2.44
2017.02.10 07:44:09.099,1.25037,1.25046,6.34,1.00
2017.02.10 07:44:09.642,1.25037,1.25048,6.00,1.00
2017.02.10 07:44:10.143,1.25037,1.25046,6.75,1.00
2017.02.10 07:44:10.686,1.25037,1.25047,6.75,1.00
2017.02.10 07:44:11.243,1.25037,1.25046,6.75,1.00
2017.02.10 07:44:12.250,1.25037,1.25047,6.00,1.00
2017.02.10 07:44:12.848,1.25037,1.25046,5.62,1.00
2017.02.10 07:44:13.810,1.25037,1.25045,4.50,1.00
2017.02.10 07:44:14.316,1.25036,1.25045,5.62,1.00
2017.02.10 07:44:14.959,1.25036,1.25047,5.62,1.50
2017.02.10 07:44:18.162,1.25037,1.25044,1.50,1.00
2017.02.10 07:44:18.598,1.25037,1.2504,1.37,1.00
2017.02.10 07:44:18.751,1.25033,1.2504,4.12,1.50
2017.02.10 07:44:18.853,1.25031,1.25039,1.12,1.12
2017.02.10 07:44:19.359,1.25031,1.25038,1.00,1.12
2017.02.10 07:44:20.954,1.2503,1.25038,1.00,1.12
2017.02.10 07:44:21.571,1.2503,1.25037,1.00,1.00
2017.02.10 07:44:23.412,1.25033,1.2504,2.92,4.31
2017.02.10 07:44:23.665,1.25039,1.25048,1.87,1.50
2017.02.10 07:44:23.868,1.2504,1.2505,4.87,3.75
2017.02.10 07:44:25.284,1.2504,1.25047,4.87,1.00
2017.02.10 07:44:25.386,1.2504,1.25049,4.87,1.00
2017.02.10 07:44:25.488,1.2504,1.25046,4.50,1.00
2017.02.10 07:44:25.590,1.2504,1.25047,1.00,1.00
2017.02.10 07:44:26.104,1.2504,1.25048,1.12,1.00
2017.02.10 07:44:26.605,1.2504,1.2505,2.62,1.87
2017.02.10 07:44:26.707,1.25041,1.2505,1.37,1.00
2017.02.10 07:44:27.010,1.25041,1.25048,1.00,1.00
2017.02.10 07:44:27.386,1.25041,1.2505,1.00,1.00
2017.02.10 07:44:27.575,1.25045,1.25051,1.00,1.25
2017.02.10 07:44:27.778,1.25048,1.25056,1.50,1.00
2017.02.10 07:44:27.850,1.25047,1.25054,3.75,1.00
2017.02.10 07:44:27.902,1.25045,1.25051,1.00,1.00
2017.02.10 07:44:28.307,1.25043,1.25051,1.00,1.12
2017.02.10 07:44:29.434,1.25042,1.2505,1.37,1.00
2017.02.10 07:44:29.997,1.25042,1.2505,1.00,1.00
2017.02.10 07:44:30.150,1.25041,1.25048,1.50,1.00
2017.02.10 07:44:30.404,1.25041,1.2505,1.50,1.00
2017.02.10 07:44:30.658,1.25041,1.25048,1.50,1.00
2017.02.10 07:44:31.107,1.25038,1.25047,5.25,1.12
2017.02.10 07:44:32.382,1.25038,1.25048,4.87,1.87
2017.02.10 07:44:33.221,1.25038,1.25047,4.87,1.00
2017.02.10 07:44:34.444,1.25038,1.25045,4.87,1.00
2017.02.10 07:44:34.698,1.25033,1.25041,4.12,1.50
2017.02.10 07:44:34.800,1.2503,1.25041,7.87,1.50
2017.02.10 07:44:35.002,1.25032,1.25041,4.12,1.00
2017.02.10 07:44:35.510,1.25032,1.25042,4.50,1.50
2017.02.10 07:44:35.815,1.2503,1.25041,4.50,3.37
2017.02.10 07:44:35.916,1.2503,1.25041,1.00,4.87
2017.02.10 07:44:36.321,1.25029,1.25037,1.69,1.00
2017.02.10 07:44:36.624,1.25026,1.25032,5.62,1.00
2017.02.10 07:44:36.675,1.25026,1.25035,4.50,1.12
2017.02.10 07:44:36.828,1.25026,1.25035,2.25,4.12
2017.02.10 07:44:37.031,1.25027,1.25037,3.00,3.75
2017.02.10 07:44:37.154,1.25027,1.25036,5.62,1.00
2017.02.10 07:44:37.459,1.25025,1.25033,1.37,1.00
2017.02.10 07:44:37.814,1.25027,1.25037,2.62,1.37
2017.02.10 07:44:37.916,1.25027,1.25038,4.09,1.00
2017.02.10 07:44:38.043,1.25029,1.25039,4.12,4.87
2017.02.10 07:44:38.588,1.25029,1.25039,4.12,2.62
2017.02.10 07:44:39.128,1.25029,1.25038,4.12,1.00
2017.02.10 07:44:39.668,1.25029,1.25039,4.12,4.12
2017.02.10 07:44:41.515,1.25029,1.25038,4.12,1.00
2017.02.10 07:44:42.028,1.25029,1.25039,4.12,4.12
2017.02.10 07:44:42.731,1.25029,1.25038,4.12,1.00
2017.02.10 07:44:43.729,1.25027,1.25037,8.62,1.00
2017.02.10 07:44:44.033,1.25027,1.25037,1.00,5.62
2017.02.10 07:44:44.542,1.25026,1.25036,5.25,1.37
2017.02.10 07:44:45.051,1.25028,1.25036,1.00,1.00
2017.02.10 07:44:45.664,1.25028,1.25037,1.00,1.50
2017.02.10 07:44:46.176,1.25028,1.25036,1.00,1.00
2017.02.10 07:44:49.586,1.25028,1.25032,1.00,1.00
2017.02.10 07:44:49.738,1.25024,1.25032,4.12,1.00
2017.02.10 07:44:49.840,1.25022,1.25031,4.12,1.50
2017.02.10 07:44:49.941,1.25021,1.25031,2.62,1.00
2017.02.10 07:44:51.170,1.25021,1.25033,2.59,1.69
2017.02.10 07:44:51.221,1.25024,1.25033,1.00,1.69
2017.02.10 07:44:52.537,1.25022,1.25033,5.25,2.25
2017.02.10 07:44:52.842,1.25022,1.25031,1.00,1.00
2017.02.10 07:44:53.605,1.25021,1.25031,2.62,1.00
2017.02.10 07:44:54.313,1.25021,1.2503,2.25,1.00
2017.02.10 07:44:54.696,1.25019,1.25027,1.00,1.00
2017.02.10 07:44:55.003,1.25017,1.25024,5.62,1.00
2017.02.10 07:44:55.257,1.25014,1.25023,1.37,1.87
2017.02.10 07:44:55.410,1.25014,1.25021,1.12,1.00
2017.02.10 07:44:55.946,1.25014,1.25022,1.50,1.12
2017.02.10 07:44:56.474,1.25015,1.25023,1.00,1.00
2017.02.10 07:44:56.855,1.25018,1.25026,1.00,2.25
2017.02.10 07:44:57.091,1.25021,1.25029,1.00,1.00
2017.02.10 07:44:57.610,1.25021,1.25028,1.50,1.00
2017.02.10 07:44:58.148,1.25021,1.25028,1.00,1.50
2017.02.10 07:44:58.679,1.25021,1.25027,1.00,1.00
2017.02.10 07:44:59.286,1.25021,1.25028,1.00,1.50
2017.02.10 07:45:00.066,1.25021,1.25029,1.00,3.00
2017.02.10 07:45:00.572,1.25023,1.2503,1.50,1.00
2017.02.10 07:45:00.876,1.25027,1.25035,1.12,1.12
2017.02.10 07:45:01.392,1.25024,1.25034,2.25,1.00
2017.02.10 07:45:02.015,1.25024,1.25035,2.25,1.87
2017.02.10 07:45:02.526,1.25027,1.25036,1.00,1.25
2017.02.10 07:45:04.570,1.25028,1.25037,1.00,1.12
2017.02.10 07:45:05.054,1.25028,1.25039,1.37,1.50
2017.02.10 07:45:05.638,1.25028,1.25038,1.37,1.00
2017.02.10 07:45:06.144,1.25028,1.25037,1.50,1.00
2017.02.10 07:45:07.814,1.25028,1.25039,3.34,2.62
2017.02.10 07:45:09.155,1.25038,1.2504,1.84,1.87
2017.02.10 07:45:09.257,1.2504,1.25047,1.84,1.87
2017.02.10 07:45:09.359,1.2504,1.25047,4.12,1.87
2017.02.10 07:45:09.461,1.25038,1.25046,4.87,1.00
2017.02.10 07:45:10.035,1.25038,1.25045,4.87,1.00
2017.02.10 07:45:10.585,1.25038,1.25046,4.12,1.50
2017.02.10 07:45:10.787,1.25038,1.25048,4.12,2.25
2017.02.10 07:45:10.889,1.25038,1.25046,4.12,1.50
2017.02.10 07:45:11.396,1.25037,1.25046,1.75,1.00
2017.02.10 07:45:12.212,1.25038,1.25046,1.00,1.00
2017.02.10 07:45:15.387,1.25038,1.25047,1.37,1.37
2017.02.10 07:45:15.889,1.25039,1.25047,1.00,1.50
2017.02.10 07:45:16.266,1.25039,1.25049,1.00,1.87
2017.02.10 07:45:26.028,1.25039,1.25049,1.50,1.50
2017.02.10 07:45:26.079,1.25039,1.25048,1.12,4.12
2017.02.10 07:45:26.676,1.25039,1.25048,1.09,1.12
2017.02.10 07:45:27.790,1.25038,1.25048,4.09,1.37
2017.02.10 07:45:28.403,1.25038,1.25048,1.09,1.75
2017.02.10 07:45:28.718,1.25037,1.25047,1.46,2.25
2017.02.10 07:45:28.770,1.25036,1.25046,1.87,1.87
2017.02.10 07:45:28.923,1.25034,1.25043,1.37,3.00
2017.02.10 07:45:28.975,1.25031,1.25043,7.31,6.75
2017.02.10 07:45:29.027,1.25031,1.25041,4.87,1.75
2017.02.10 07:45:29.078,1.25031,1.2504,1.12,1.37
2017.02.10 07:45:29.585,1.25029,1.25039,3.34,1.37
2017.02.10 07:45:32.213,1.25029,1.25038,1.84,1.50
2017.02.10 07:45:32.869,1.25029,1.25038,1.84,1.50
2017.02.10 07:45:38.711,1.25029,1.2504,4.46,3.37
2017.02.10 07:45:39.240,1.2503,1.2504,1.34,2.62
2017.02.10 07:45:43.475,1.2503,1.2504,1.00,2.25
2017.02.10 07:45:46.326,1.25031,1.2504,1.00,1.00
2017.02.10 07:45:46.862,1.2503,1.2504,1.00,1.50
2017.02.10 07:45:49.605,1.25031,1.2504,3.75,1.87
2017.02.10 07:45:52.623,1.25031,1.25041,4.87,1.50
2017.02.10 07:45:53.216,1.25031,1.2504,4.87,1.00
2017.02.10 07:45:54.795,1.25031,1.25042,4.12,4.50
2017.02.10 07:45:55.422,1.25031,1.25041,4.87,1.00
2017.02.10 07:45:57.659,1.25031,1.25042,5.62,2.25
2017.02.10 07:45:59.336,1.25031,1.2504,4.87,1.00
2017.02.10 07:46:03.925,1.25031,1.25041,4.87,1.00
2017.02.10 07:46:04.433,1.25032,1.2504,1.37,1.00
2017.02.10 07:46:04.969,1.25032,1.25039,1.37,1.00
2017.02.10 07:46:07.734,1.25032,1.25041,1.37,3.00
2017.02.10 07:46:08.026,1.25031,1.25039,4.12,1.00
2017.02.10 07:46:08.546,1.25032,1.25039,4.12,1.00
2017.02.10 07:46:09.541,1.25032,1.25041,4.12,2.25
2017.02.10 07:46:11.106,1.25032,1.25042,4.12,4.12
2017.02.10 07:46:12.883,1.25032,1.25041,4.12,1.00
2017.02.10 07:46:13.666,1.25032,1.2504,4.12,1.00
2017.02.10 07:46:14.206,1.25032,1.25041,4.12,1.50
2017.02.10 07:46:17.506,1.25032,1.2504,4.12,1.00
2017.02.10 07:46:18.420,1.25032,1.25041,4.12,1.00
2017.02.10 07:46:19.236,1.25032,1.2504,4.12,1.00
2017.02.10 07:46:19.765,1.25032,1.25041,4.12,1.00
2017.02.10 07:46:20.117,1.2503,1.25041,4.12,1.37
2017.02.10 07:46:22.614,1.2503,1.25039,4.87,1.50
2017.02.10 07:46:22.715,1.25029,1.25038,1.12,1.50
2017.02.10 07:46:23.097,1.25028,1.25036,1.37,1.50
2017.02.10 07:46:23.198,1.25027,1.25035,1.00,1.50
2017.02.10 07:46:23.724,1.25026,1.25034,1.00,1.00
2017.02.10 07:46:25.275,1.25026,1.25033,1.00,1.00
2017.02.10 07:46:27.929,1.25024,1.25033,3.37,1.00
2017.02.10 07:46:28.384,1.25022,1.2503,4.12,1.00
2017.02.10 07:46:28.587,1.2502,1.25028,1.37,1.12
2017.02.10 07:46:29.092,1.2502,1.25028,1.00,1.50
2017.02.10 07:46:35.332,1.25016,1.25018,1.12,3.75
2017.02.10 07:46:35.384,1.25014,1.25022,5.62,4.12
2017.02.10 07:46:35.486,1.25013,1.25021,2.25,2.62
2017.02.10 07:46:35.537,1.25014,1.25022,1.00,4.50
2017.02.10 07:46:35.790,1.25012,1.2502,3.37,3.75
2017.02.10 07:46:36.297,1.25012,1.2502,1.50,3.75
2017.02.10 07:46:38.232,1.25013,1.2502,1.00,3.75
2017.02.10 07:46:39.739,1.25017,1.2502,1.00,3.75
2017.02.10 07:46:39.943,1.25019,1.25025,1.00,5.06
2017.02.10 07:46:40.045,1.25019,1.25025,1.00,1.25
2017.02.10 07:46:40.557,1.25017,1.25025,2.62,1.00
2017.02.10 07:46:59.294,1.25017,1.25026,1.50,4.31
2017.02.10 07:47:04.439,1.25018,1.25026,1.00,4.69
2017.02.10 07:47:09.118,1.25019,1.25026,1.00,4.69
2017.02.10 07:47:10.421,1.25019,1.25026,1.00,3.94
2017.02.10 07:47:12.812,1.25018,1.25026,1.50,3.94
2017.02.10 07:47:15.128,1.25018,1.25026,1.87,3.94
2017.02.10 07:47:19.243,1.25017,1.25026,1.12,3.94
2017.02.10 07:47:20.234,1.25018,1.25026,1.12,3.94
2017.02.10 07:47:20.771,1.25018,1.25027,1.87,4.12
2017.02.10 07:47:24.049,1.25018,1.25025,1.37,3.75
2017.02.10 07:47:24.353,1.25015,1.25023,1.87,1.19
2017.02.10 07:47:26.229,1.25016,1.25023,1.87,1.19
2017.02.10 07:47:26.280,1.25016,1.25024,1.87,3.75
2017.02.10 07:47:26.432,1.25017,1.25024,1.37,3.75
2017.02.10 07:47:27.561,1.25017,1.25024,1.37,1.19
2017.02.10 07:47:27.663,1.25016,1.25023,1.87,4.31
2017.02.10 07:47:27.917,1.25018,1.25025,1.00,3.75
2017.02.10 07:47:29.962,1.25016,1.25025,5.25,3.75
2017.02.10 07:47:30.379,1.25027,1.25032,1.00,1.50
2017.02.10 07:47:30.835,1.25022,1.25031,4.12,3.00
2017.02.10 07:47:30.949,1.2502,1.25029,1.50,4.27
2017.02.10 07:47:31.203,1.2502,1.25022,1.50,1.00
2017.02.10 07:47:31.355,1.25014,1.25019,4.12,3.75
2017.02.10 07:47:31.473,1.25013,1.25019,1.00,3.75
2017.02.10 07:47:32.018,1.25012,1.25019,1.87,3.75
2017.02.10 07:47:32.654,1.25012,1.2502,1.87,3.94
2017.02.10 07:47:35.045,1.25012,1.25021,4.50,1.69
2017.02.10 07:47:35.450,1.25011,1.25018,1.00,3.75
2017.02.10 07:47:35.551,1.25009,1.25018,1.50,4.50
2017.02.10 07:47:36.056,1.25008,1.25018,1.50,4.87
2017.02.10 07:47:36.579,1.25006,1.25012,4.12,3.75
2017.02.10 07:47:36.782,1.25002,1.2501,4.12,4.12
2017.02.10 07:47:36.934,1.25002,1.2501,1.12,3.75
2017.02.10 07:47:37.036,1.25001,1.25007,4.50,3.75
2017.02.10 07:47:37.188,1.25001,1.25007,1.00,3.75
2017.02.10 07:47:37.289,1.24998,1.25007,1.12,4.50
2017.02.10 07:47:37.542,1.24997,1.25001,1.50,4.09
2017.02.10 07:47:37.644,1.24994,1.25,4.12,3.75
2017.02.10 07:47:37.746,1.24996,1.25003,1.50,4.12
2017.02.10 07:47:38.025,1.24997,1.25006,4.87,4.69
2017.02.10 07:47:38.279,1.24993,1.25002,4.12,4.27
2017.02.10 07:47:38.482,1.24992,1.25002,3.37,4.31
2017.02.10 07:47:38.786,1.24995,1.25002,1.00,3.94
2017.02.10 07:47:39.091,1.24997,1.25003,1.50,1.19
2017.02.10 07:47:39.243,1.24998,1.25006,1.00,4.12
2017.02.10 07:47:39.395,1.24998,1.25003,1.12,1.46
2017.02.10 07:47:39.516,1.24997,1.25004,1.37,3.75
2017.02.10 07:47:39.697,1.24997,1.25006,1.37,4.50
2017.02.10 07:47:39.950,1.24997,1.25003,1.37,3.94
2017.02.10 07:47:40.153,1.24993,1.25003,1.37,5.06
2017.02.10 07:47:40.255,1.24992,1.25,3.00,3.75
2017.02.10 07:47:40.559,1.24993,1.25001,1.37,3.75
2017.02.10 07:47:41.109,1.24993,1.24999,4.12,1.31
2017.02.10 07:47:41.400,1.24988,1.24997,4.50,6.52
2017.02.10 07:47:41.635,1.24988,1.24994,4.12,3.75
2017.02.10 07:47:41.686,1.24987,1.24994,1.00,3.75
2017.02.10 07:47:41.888,1.24987,1.24994,5.25,3.75
2017.02.10 07:47:42.192,1.24984,1.24988,1.00,1.27
2017.02.10 07:47:42.496,1.24987,1.24991,3.00,1.00
2017.02.10 07:47:42.888,1.24983,1.24991,1.87,3.75
2017.02.10 07:47:43.092,1.24986,1.24991,1.12,3.75
2017.02.10 07:47:43.295,1.24984,1.24991,1.00,4.87
2017.02.10 07:47:43.396,1.24984,1.24991,4.12,3.75
2017.02.10 07:47:43.700,1.24981,1.24988,4.50,3.75
2017.02.10 07:47:44.256,1.24981,1.24984,4.12,1.00
2017.02.10 07:47:44.307,1.24981,1.24987,3.75,1.37
2017.02.10 07:47:44.358,1.24981,1.24984,3.75,3.75
2017.02.10 07:47:44.532,1.24977,1.24981,1.00,4.87
2017.02.10 07:47:44.584,1.24971,1.2498,4.12,4.12
2017.02.10 07:47:44.685,1.24971,1.2498,1.50,4.12
2017.02.10 07:47:44.736,1.24973,1.2498,1.00,4.12
2017.02.10 07:47:45.041,1.24975,1.24976,1.00,3.75
2017.02.10 07:47:45.295,1.24965,1.24972,4.87,1.00
2017.02.10 07:47:45.447,1.24964,1.24968,3.75,3.75
2017.02.10 07:47:45.498,1.24962,1.24968,1.50,4.12
2017.02.10 07:47:45.714,1.24961,1.24966,1.00,3.75
2017.02.10 07:47:45.816,1.24959,1.24966,1.12,3.75
2017.02.10 07:47:45.867,1.24961,1.24966,1.00,3.75
2017.02.10 07:47:46.176,1.24953,1.24958,4.12,3.75
2017.02.10 07:47:46.380,1.24957,1.24963,1.00,7.87
2017.02.10 07:47:46.478,1.24957,1.24965,1.37,3.75
2017.02.10 07:47:46.681,1.24958,1.24961,1.37,1.50
2017.02.10 07:47:46.884,1.24957,1.24962,1.00,3.75
2017.02.10 07:47:47.111,1.24957,1.24964,1.50,3.75
2017.02.10 07:47:47.365,1.24958,1.24967,1.87,4.12
2017.02.10 07:47:47.416,1.24959,1.24967,1.37,3.75
2017.02.10 07:47:47.680,1.24963,1.24971,2.25,3.75
2017.02.10 07:47:47.731,1.24964,1.24971,1.37,3.75
2017.02.10 07:47:48.036,1.24959,1.24963,3.75,3.75
2017.02.10 07:47:48.087,1.24955,1.24963,3.00,3.75
2017.02.10 07:47:48.289,1.24955,1.24959,1.37,3.75
2017.02.10 07:47:48.340,1.24954,1.24959,1.00,3.75
2017.02.10 07:47:48.391,1.24951,1.24957,4.12,3.75
2017.02.10 07:47:48.442,1.24951,1.24957,1.00,3.75
2017.02.10 07:47:48.724,1.24954,1.24957,1.00,3.75
2017.02.10 07:47:48.775,1.24953,1.24962,1.00,5.44
2017.02.10 07:47:48.826,1.24955,1.24962,3.75,3.75
2017.02.10 07:47:48.928,1.24952,1.24961,6.00,3.75
2017.02.10 07:47:49.181,1.24953,1.24957,1.50,1.00
2017.02.10 07:47:49.233,1.24951,1.24959,1.12,1.50
2017.02.10 07:47:49.284,1.2495,1.24957,3.75,3.75
2017.02.10 07:47:49.334,1.24948,1.24957,1.37,3.75
2017.02.10 07:47:49.385,1.24946,1.24955,1.50,3.75
2017.02.10 07:47:49.841,1.24944,1.24953,1.37,1.09
2017.02.10 07:47:50.145,1.24941,1.24944,3.75,3.75
2017.02.10 07:47:50.196,1.24939,1.24944,1.00,3.75
2017.02.10 07:47:50.247,1.24935,1.24942,1.37,3.75
2017.02.10 07:47:50.349,1.24936,1.2494,1.00,3.75
2017.02.10 07:47:50.551,1.24929,1.24937,1.87,3.75
2017.02.10 07:47:50.602,1.24929,1.24932,1.50,1.19
2017.02.10 07:47:50.704,1.2492,1.24925,2.62,1.87
2017.02.10 07:47:50.756,1.24921,1.24923,1.00,1.25
2017.02.10 07:47:50.858,1.24917,1.24923,3.75,1.69
2017.02.10 07:47:50.910,1.24916,1.24923,1.12,1.19
2017.02.10 07:47:50.962,1.24921,1.24924,1.00,1.00
2017.02.10 07:47:51.165,1.24932,1.24938,1.12,3.75
2017.02.10 07:47:51.216,1.24932,1.24943,1.00,2.44
2017.02.10 07:47:51.370,1.24935,1.24943,1.00,1.75
2017.02.10 07:47:51.531,1.24932,1.24943,2.62,2.44
2017.02.10 07:47:51.582,1.24931,1.24936,3.75,1.00
2017.02.10 07:47:51.915,1.24926,1.24932,1.00,2.81
2017.02.10 07:47:52.017,1.24929,1.24933,1.00,3.00
2017.02.10 07:47:52.119,1.24922,1.24932,1.37,1.25
2017.02.10 07:47:52.526,1.24925,1.24932,1.00,1.25
2017.02.10 07:47:52.832,1.24915,1.24921,3.75,1.31
2017.02.10 07:47:52.883,1.24911,1.24921,1.87,1.31
2017.02.10 07:47:52.934,1.24913,1.24921,1.00,1.00
2017.02.10 07:47:53.036,1.24914,1.24925,1.87,1.94
2017.02.10 07:47:53.087,1.24916,1.24925,1.00,1.94
2017.02.10 07:47:53.255,1.24913,1.24922,1.00,1.31
2017.02.10 07:47:53.306,1.24915,1.24921,1.00,1.00
2017.02.10 07:47:53.462,1.24916,1.24926,1.00,2.62
2017.02.10 07:47:53.716,1.24914,1.2492,1.37,1.69
2017.02.10 07:47:53.768,1.24911,1.24921,4.12,2.06
2017.02.10 07:47:53.819,1.24913,1.24922,1.12,3.00
2017.02.10 07:47:53.871,1.2491,1.24922,1.87,3.75
2017.02.10 07:47:53.922,1.24915,1.24922,1.00,1.37
2017.02.10 07:47:54.074,1.24911,1.24922,1.37,1.50
2017.02.10 07:47:54.620,1.24913,1.24923,1.12,1.31
2017.02.10 07:47:54.924,1.24914,1.24924,1.37,1.19
2017.02.10 07:47:55.229,1.24924,1.24929,3.34,3.75
2017.02.10 07:47:55.281,1.24926,1.24931,2.62,1.37
2017.02.10 07:47:55.488,1.24921,1.24928,1.87,1.00
2017.02.10 07:47:55.541,1.24919,1.24929,1.75,2.81
2017.02.10 07:47:55.948,1.24917,1.24921,1.12,1.12
2017.02.10 07:47:56.000,1.24915,1.24919,1.37,1.00
2017.02.10 07:47:56.051,1.24913,1.24919,1.37,1.19
2017.02.10 07:47:56.153,1.24908,1.24917,2.62,1.19
2017.02.10 07:47:56.204,1.24911,1.24919,1.12,3.75
2017.02.10 07:47:56.356,1.24908,1.24916,1.12,1.19
2017.02.10 07:47:56.407,1.2491,1.24919,1.50,5.62
2017.02.10 07:47:56.528,1.24913,1.24922,1.12,2.44
2017.02.10 07:47:56.732,1.24919,1.24928,4.12,1.12
2017.02.10 07:47:56.783,1.24922,1.24925,1.12,1.00
2017.02.10 07:47:56.885,1.24918,1.24928,1.37,1.75
2017.02.10 07:47:57.089,1.24917,1.24927,1.00,1.69
2017.02.10 07:47:57.141,1.24919,1.24929,1.00,5.81
2017.02.10 07:47:57.243,1.24919,1.24929,1.00,1.12
2017.02.10 07:47:57.649,1.24921,1.24931,1.12,2.62
2017.02.10 07:47:57.954,1.24928,1.24937,1.00,1.56
2017.02.10 07:47:58.310,1.24928,1.24938,5.25,2.44
2017.02.10 07:47:58.392,1.24932,1.2494,1.12,1.00
2017.02.10 07:47:58.553,1.24933,1.24943,1.37,5.81
2017.02.10 07:47:58.903,1.2495,1.24955,1.00,3.75
2017.02.10 07:47:58.954,1.2495,1.24962,6.00,7.50
2017.02.10 07:47:59.056,1.24951,1.24962,4.87,3.37
2017.02.10 07:47:59.258,1.24955,1.24963,1.00,1.12
2017.02.10 07:47:59.512,1.24957,1.24968,5.06,1.00
2017.02.10 07:47:59.715,1.24957,1.24964,4.12,1.69
2017.02.10 07:47:59.816,1.24954,1.24961,5.62,1.00
2017.02.10 07:47:59.918,1.24952,1.24961,5.62,1.00
2017.02.10 07:48:00.389,1.24957,1.24963,1.00,4.31
2017.02.10 07:48:00.642,1.24961,1.24971,1.00,3.94
2017.02.10 07:48:00.744,1.24961,1.24972,1.00,1.56
2017.02.10 07:48:00.846,1.2496,1.24963,5.62,2.24
2017.02.10 07:48:00.948,1.2496,1.24967,4.12,5.06
2017.02.10 07:48:01.151,1.24956,1.24966,1.87,1.87
2017.02.10 07:48:01.303,1.24956,1.24961,4.50,1.00
2017.02.10 07:48:01.455,1.24951,1.24956,1.12,2.44
2017.02.10 07:48:01.506,1.24951,1.24953,1.00,1.00
2017.02.10 07:48:01.711,1.24946,1.24952,1.00,1.00
2017.02.10 07:48:02.117,1.24946,1.24954,1.37,1.00
2017.02.10 07:48:02.624,1.24946,1.24956,1.37,1.69
2017.02.10 07:48:03.150,1.24949,1.24957,3.00,4.12
2017.02.10 07:48:03.454,1.24962,1.24969,1.00,1.12
2017.02.10 07:48:03.555,1.24965,1.24972,1.00,1.00
2017.02.10 07:48:03.861,1.24969,1.2497,8.25,1.00
2017.02.10 07:48:03.963,1.24969,1.24971,7.49,1.50
2017.02.10 07:48:04.064,1.24963,1.24971,1.12,1.46
2017.02.10 07:48:04.333,1.24964,1.24972,4.12,1.87
2017.02.10 07:48:04.688,1.2497,1.24974,1.00,1.12
2017.02.10 07:48:04.789,1.24965,1.24975,4.50,2.62
2017.02.10 07:48:04.840,1.24968,1.24976,3.75,1.87
2017.02.10 07:48:05.362,1.24968,1.24977,6.37,1.00
2017.02.10 07:48:05.463,1.24972,1.2498,1.00,1.12
2017.02.10 07:48:06.299,1.24972,1.24981,1.50,2.25
2017.02.10 07:48:06.823,1.24972,1.2498,1.50,1.00
2017.02.10 07:48:07.330,1.24973,1.24981,1.50,1.50
2017.02.10 07:48:08.603,1.24973,1.24982,1.50,3.56
2017.02.10 07:48:09.430,1.2498,1.24982,1.00,1.50
2017.02.10 07:48:09.684,1.24987,1.24993,1.00,4.12
2017.02.10 07:48:09.786,1.24985,1.24993,1.12,2.62
2017.02.10 07:48:09.887,1.24987,1.24994,1.00,1.50
2017.02.10 07:48:09.989,1.24989,1.24996,1.00,1.50
2017.02.10 07:48:10.091,1.24991,1.24997,1.00,1.37
2017.02.10 07:48:10.243,1.24993,1.24999,1.00,1.00
2017.02.10 07:48:10.635,1.24992,1.24997,4.12,1.42
2017.02.10 07:48:10.890,1.24985,1.24992,4.12,1.50
2017.02.10 07:48:10.991,1.24982,1.24992,5.62,1.50
2017.02.10 07:48:11.347,1.24986,1.24993,1.00,1.50
2017.02.10 07:48:11.678,1.24987,1.24994,4.87,1.00
2017.02.10 07:48:12.350,1.24987,1.24995,4.87,1.00
2017.02.10 07:48:12.501,1.24987,1.24997,4.12,3.00
2017.02.10 07:48:12.810,1.24988,1.24999,4.12,1.00
2017.02.10 07:48:12.912,1.2499,1.25001,1.12,3.00
2017.02.10 07:48:13.285,1.24991,1.25001,7.50,1.50
2017.02.10 07:48:14.462,1.24991,1.24994,8.50,1.00
2017.02.10 07:48:14.565,1.24989,1.24994,1.00,1.46
2017.02.10 07:48:14.667,1.24983,1.24992,4.12,1.00
2017.02.10 07:48:14.770,1.24983,1.24992,1.00,1.00
2017.02.10 07:48:15.795,1.24984,1.24993,3.37,1.00
2017.02.10 07:48:15.999,1.24989,1.25,1.12,1.50
2017.02.10 07:48:16.100,1.24989,1.25001,9.37,3.75
2017.02.10 07:48:16.736,1.24989,1.25,9.37,1.00
2017.02.10 07:48:17.326,1.24991,1.25001,1.00,1.50
2017.02.10 07:48:17.782,1.24992,1.25001,1.37,1.00
2017.02.10 07:48:18.288,1.24993,1.25002,1.00,1.00
2017.02.10 07:48:22.003,1.24997,1.25003,1.00,1.12
2017.02.10 07:48:22.193,1.24999,1.25008,1.00,1.50
2017.02.10 07:48:22.345,1.24998,1.25006,1.00,1.00
2017.02.10 07:48:22.650,1.24996,1.25004,4.12,1.00
2017.02.10 07:48:22.955,1.24992,1.24998,4.12,1.00
2017.02.10 07:48:23.006,1.24991,1.24998,1.12,1.00
2017.02.10 07:48:23.594,1.24991,1.24999,1.00,1.12
2017.02.10 07:48:24.480,1.24991,1.24998,1.00,1.00
2017.02.10 07:48:24.885,1.24992,1.25001,1.00,3.00
2017.02.10 07:48:24.937,1.24994,1.25001,1.00,1.12
2017.02.10 07:48:25.141,1.25,1.25008,1.00,1.00
2017.02.10 07:48:25.293,1.25001,1.25011,1.12,1.00
2017.02.10 07:48:25.770,1.25,1.25008,1.00,1.00
2017.02.10 07:48:25.821,1.24998,1.25008,1.00,1.12
2017.02.10 07:48:28.803,1.24997,1.25007,1.87,1.00
2017.02.10 07:48:30.816,1.24997,1.25008,1.87,1.00
2017.02.10 07:48:32.666,1.24999,1.25008,1.00,1.00
2017.02.10 07:48:33.265,1.24999,1.25009,1.00,1.12
2017.02.10 07:48:33.772,1.24999,1.25008,1.50,1.50
2017.02.10 07:48:36.947,1.24999,1.25009,1.50,1.87
2017.02.10 07:48:37.251,1.25001,1.25011,1.50,1.50
2017.02.10 07:48:37.948,1.25001,1.25012,1.50,2.06
2017.02.10 07:48:39.159,1.25003,1.25012,1.00,1.12
2017.02.10 07:48:39.707,1.25002,1.25012,1.00,1.87
2017.02.10 07:48:44.134,1.25002,1.25011,1.00,1.00
2017.02.10 07:48:44.558,1.24998,1.2501,6.00,6.75
2017.02.10 07:48:54.357,1.24998,1.25009,1.12,3.75
2017.02.10 07:48:54.459,1.24998,1.25008,4.87,1.12
2017.02.10 07:48:54.986,1.24998,1.25007,1.50,1.12
2017.02.10 07:49:00.137,1.24997,1.25006,4.50,3.00
2017.02.10 07:49:00.441,1.24993,1.25002,1.37,1.50
2017.02.10 07:49:01.036,1.24993,1.25002,1.00,2.25
2017.02.10 07:49:05.969,1.24993,1.25002,4.87,2.25
2017.02.10 07:49:08.780,1.24993,1.25003,4.12,1.00
2017.02.10 07:49:09.083,1.24998,1.25007,1.37,1.50
2017.02.10 07:49:14.104,1.24999,1.25008,1.12,1.00
2017.02.10 07:49:14.430,1.25,1.25011,6.75,3.56
2017.02.10 07:49:17.383,1.25001,1.25011,1.50,2.62
2017.02.10 07:49:17.484,1.25002,1.25011,4.12,1.12
2017.02.10 07:49:23.232,1.25002,1.25011,1.00,1.00
2017.02.10 07:49:33.063,1.25002,1.25012,1.00,5.25
2017.02.10 07:49:33.722,1.25002,1.25012,1.00,4.87
2017.02.10 07:49:36.619,1.25002,1.25011,1.00,1.46
2017.02.10 07:49:37.164,1.25002,1.25012,1.00,1.84
2017.02.10 07:49:37.270,1.25004,1.25012,1.00,1.00
2017.02.10 07:49:38.537,1.25001,1.25012,4.87,1.00
2017.02.10 07:49:39.222,1.25001,1.25012,4.87,1.50
2017.02.10 07:49:44.535,1.25001,1.25012,6.75,1.84
2017.02.10 07:49:45.121,1.25001,1.25011,7.50,1.00
2017.02.10 07:49:45.662,1.25003,1.25012,1.12,1.87
2017.02.10 07:49:47.737,1.25001,1.25012,4.50,4.84
2017.02.10 07:49:48.041,1.25,1.25011,1.37,6.34
2017.02.10 07:49:48.253,1.24997,1.25007,1.00,1.12
2017.02.10 07:49:48.765,1.24998,1.25008,4.12,2.25
2017.02.10 07:49:49.270,1.24998,1.25008,4.12,1.00
2017.02.10 07:49:53.574,1.24999,1.25009,4.12,1.87
2017.02.10 07:49:53.945,1.25002,1.25012,1.50,2.25
2017.02.10 07:49:54.148,1.25002,1.25013,4.87,3.37
2017.02.10 07:49:54.687,1.25003,1.25012,4.12,1.50
2017.02.10 07:49:55.196,1.25002,1.25012,4.12,1.87
2017.02.10 07:49:55.348,1.25001,1.25011,3.37,1.12
2017.02.10 07:49:55.857,1.25,1.2501,2.25,1.87
2017.02.10 07:50:01.690,1.25,1.25011,1.87,1.00
2017.02.10 07:50:02.197,1.25002,1.25012,1.00,3.52
2017.02.10 07:50:06.136,1.25002,1.25012,1.50,2.44
2017.02.10 07:50:07.969,1.25002,1.25012,1.00,2.44
2017.02.10 07:50:08.581,1.25,1.25011,1.50,4.12
2017.02.10 07:50:18.096,1.25,1.25007,1.37,1.37
2017.02.10 07:50:18.350,1.24992,1.25003,1.12,4.46
2017.02.10 07:50:21.654,1.24992,1.25002,1.50,3.75
2017.02.10 07:50:22.169,1.24991,1.25001,1.37,1.37
2017.02.10 07:50:23.062,1.24991,1.24999,1.00,3.75
2017.02.10 07:50:23.695,1.24989,1.24999,1.87,4.12
2017.02.10 07:50:23.848,1.2499,1.25001,1.00,4.50
2017.02.10 07:50:24.442,1.2499,1.25001,1.00,1.37
2017.02.10 07:50:25.620,1.2499,1.24998,1.00,5.59
2017.02.10 07:50:25.924,1.24981,1.24989,2.25,1.84
2017.02.10 07:50:25.975,1.24981,1.24989,1.87,5.59
2017.02.10 07:50:26.026,1.24979,1.24989,1.12,4.50
2017.02.10 07:50:26.263,1.2498,1.24989,1.37,1.00
2017.02.10 07:50:26.771,1.24982,1.24992,1.12,5.25
2017.02.10 07:50:26.823,1.24983,1.24992,1.12,1.12
2017.02.10 07:50:26.925,1.24983,1.24994,1.37,3.00
2017.02.10 07:50:27.455,1.24983,1.24994,1.00,3.37
2017.02.10 07:50:27.659,1.24983,1.24994,4.12,1.34
2017.02.10 07:50:28.232,1.24982,1.24993,5.25,1.87
2017.02.10 07:50:30.248,1.24981,1.24992,1.50,5.62
2017.02.10 07:50:30.554,1.24976,1.24979,1.00,1.12
2017.02.10 07:50:30.604,1.2497,1.24979,2.25,1.12
2017.02.10 07:50:31.149,1.2497,1.24979,2.25,1.12
2017.02.10 07:50:31.699,1.2497,1.24977,1.75,1.00
2017.02.10 07:50:32.304,1.2497,1.24977,1.50,1.00
2017.02.10 07:50:36.463,1.24969,1.24977,2.62,1.12
2017.02.10 07:50:36.924,1.24968,1.24973,1.00,1.00
2017.02.10 07:50:37.229,1.2496,1.24969,1.00,1.50
2017.02.10 07:50:37.730,1.24961,1.24969,1.00,1.50
2017.02.10 07:50:38.066,1.24959,1.24969,1.87,1.50
2017.02.10 07:50:39.465,1.24962,1.24968,1.50,1.12
2017.02.10 07:50:39.751,1.24963,1.24971,1.12,1.12
2017.02.10 07:50:43.399,1.24964,1.24972,1.00,1.50
2017.02.10 07:50:44.320,1.24967,1.24973,2.25,4.12
2017.02.10 07:50:44.421,1.24967,1.24975,2.25,4.50
2017.02.10 07:50:44.523,1.24968,1.24975,1.00,1.00
2017.02.10 07:50:44.877,1.24966,1.24973,1.50,2.59
2017.02.10 07:50:45.193,1.2496,1.24967,1.00,1.50
2017.02.10 07:50:46.106,1.24958,1.24968,1.87,5.62
2017.02.10 07:50:46.655,1.24959,1.24968,1.37,4.50
2017.02.10 07:50:47.252,1.2496,1.24969,1.87,4.87
2017.02.10 07:50:47.404,1.2496,1.24969,4.87,1.12
2017.02.10 07:50:48.907,1.24961,1.24971,2.25,1.00
2017.02.10 07:50:49.508,1.24961,1.24971,3.00,1.00
2017.02.10 07:50:55.029,1.24967,1.24971,1.00,1.50
2017.02.10 07:50:55.371,1.24967,1.24976,2.62,1.37
2017.02.10 07:50:55.879,1.24969,1.24976,1.00,1.12
2017.02.10 07:50:57.388,1.24968,1.24976,1.87,1.50
2017.02.10 07:50:57.943,1.24969,1.24976,1.12,1.00
2017.02.10 07:50:58.654,1.24969,1.24977,1.12,1.00
2017.02.10 07:50:59.931,1.24969,1.24978,1.12,1.00
2017.02.10 07:51:00.810,1.24969,1.24978,3.00,1.00
2017.02.10 07:51:01.070,1.24971,1.24979,3.37,1.00
2017.02.10 07:51:05.057,1.24977,1.24979,1.00,1.00
2017.02.10 07:51:05.260,1.24981,1.24986,1.00,3.75
2017.02.10 07:51:05.311,1.24982,1.24986,1.12,3.75
2017.02.10 07:51:05.362,1.24986,1.24988,1.50,4.50
2017.02.10 07:51:05.413,1.24986,1.24988,1.50,1.00
2017.02.10 07:51:05.464,1.24986,1.24993,1.50,3.75
2017.02.10 07:51:05.515,1.24987,1.24994,1.87,1.50
2017.02.10 07:51:05.667,1.24989,1.24997,1.00,1.00
2017.02.10 07:51:06.744,1.24988,1.24995,1.37,1.00
2017.02.10 07:51:07.945,1.24987,1.24991,4.50,1.00
2017.02.10 07:51:08.047,1.24983,1.24989,4.12,1.00
2017.02.10 07:51:08.148,1.24981,1.24989,1.50,1.00
2017.02.10 07:51:09.252,1.24981,1.24988,1.37,1.00
2017.02.10 07:51:10.544,1.24986,1.24992,1.12,4.12
2017.02.10 07:51:10.646,1.24985,1.24995,2.25,4.87
2017.02.10 07:51:10.747,1.24987,1.24995,1.87,1.00
2017.02.10 07:51:11.051,1.24988,1.24995,4.12,1.00
2017.02.10 07:51:11.666,1.24989,1.24997,1.87,1.00
2017.02.10 07:51:12.307,1.24989,1.24997,6.00,1.00
2017.02.10 07:51:12.815,1.24991,1.24997,1.37,1.00
2017.02.10 07:51:13.042,1.24992,1.24997,4.87,1.00
2017.02.10 07:51:13.144,1.24993,1.24999,1.37,1.00
2017.02.10 07:51:14.269,1.24992,1.25,5.25,1.00
2017.02.10 07:51:14.789,1.24992,1.24999,5.25,1.00
2017.02.10 07:51:14.890,1.2499,1.24999,5.73,1.00
2017.02.10 07:51:15.409,1.24991,1.24999,1.12,1.00
2017.02.10 07:51:15.941,1.24991,1.24998,1.12,1.00
2017.02.10 07:51:18.266,1.24991,1.24999,1.00,1.00
2017.02.10 07:51:24.958,1.24991,1.24998,1.00,1.00
2017.02.10 07:51:26.030,1.24991,1.24994,1.00,1.69
2017.02.10 07:51:26.182,1.24987,1.24992,1.00,3.00
2017.02.10 07:51:26.284,1.24985,1.24991,1.00,1.00
2017.02.10 07:51:26.385,1.2498,1.24991,2.25,1.12
2017.02.10 07:51:26.548,1.2498,1.24989,1.50,1.00
2017.02.10 07:51:27.019,1.2498,1.24985,1.50,1.00
2017.02.10 07:51:27.327,1.24974,1.24977,3.75,1.00
2017.02.10 07:51:27.378,1.24972,1.24977,1.50,1.00
2017.02.10 07:51:27.783,1.24971,1.24976,1.00,1.00
2017.02.10 07:51:27.834,1.24971,1.24979,1.00,1.50
2017.02.10 07:51:28.105,1.24971,1.24978,1.00,3.19
2017.02.10 07:51:28.276,1.24967,1.24977,1.12,1.19
2017.02.10 07:51:28.401,1.2497,1.24976,1.00,2.06
2017.02.10 07:51:28.604,1.24965,1.24975,1.12,1.25
2017.02.10 07:51:30.051,1.24963,1.24973,7.12,4.50
2017.02.10 07:51:30.203,1.24962,1.2497,1.00,1.87
2017.02.10 07:51:30.407,1.24959,1.24968,4.50,1.12
2017.02.10 07:51:30.721,1.24957,1.24962,1.87,1.00
2017.02.10 07:51:31.002,1.24955,1.24964,1.00,5.62
2017.02.10 07:51:31.205,1.24956,1.24965,1.37,1.87
2017.02.10 07:51:31.712,1.24955,1.24964,1.12,1.50
2017.02.10 07:51:31.814,1.24955,1.24962,1.12,1.31
2017.02.10 07:51:32.139,1.24952,1.24961,3.75,3.75
2017.02.10 07:51:32.191,1.24952,1.24961,1.00,5.25
2017.02.10 07:51:32.243,1.24952,1.24959,1.00,1.12
2017.02.10 07:51:32.598,1.2495,1.24961,1.50,5.25
2017.02.10 07:51:32.699,1.2495,1.24961,1.50,3.37
2017.02.10 07:51:33.054,1.24952,1.24963,1.37,5.25
2017.02.10 07:51:33.408,1.24953,1.24963,1.00,1.50
2017.02.10 07:51:35.029,1.24952,1.24964,6.37,1.37
2017.02.10 07:51:35.541,1.24953,1.24964,4.12,1.37
2017.02.10 07:51:36.619,1.24953,1.24963,1.00,3.00
2017.02.10 07:51:36.721,1.24951,1.24961,3.75,1.50
2017.02.10 07:51:36.822,1.2495,1.24961,3.19,1.87
2017.02.10 07:51:37.382,1.2495,1.24961,3.56,2.25
2017.02.10 07:51:37.686,1.24951,1.24963,4.12,3.56
2017.02.10 07:51:38.222,1.24952,1.24964,4.87,3.00
2017.02.10 07:51:38.729,1.24953,1.24964,4.12,1.50
2017.02.10 07:51:39.734,1.24953,1.24961,4.12,1.50
2017.02.10 07:51:39.886,1.24951,1.24959,1.00,2.21
2017.02.10 07:51:39.938,1.24949,1.24959,3.75,2.59
2017.02.10 07:51:40.544,1.24948,1.2496,4.87,3.75
2017.02.10 07:51:42.583,1.24948,1.24958,6.37,1.37
2017.02.10 07:51:42.887,1.24945,1.24952,3.75,1.84
2017.02.10 07:51:42.997,1.24941,1.24952,3.75,1.12
2017.02.10 07:51:43.202,1.24944,1.24952,1.00,1.37
2017.02.10 07:51:43.511,1.24945,1.24955,4.12,1.75
2017.02.10 07:51:43.614,1.24946,1.24955,2.62,1.37
2017.02.10 07:51:43.716,1.24948,1.24955,1.00,1.37
2017.02.10 07:51:43.920,1.24944,1.24954,4.12,2.25
2017.02.10 07:51:44.457,1.24943,1.24953,3.37,1.12
2017.02.10 07:51:46.097,1.24946,1.24954,1.87,1.37
2017.02.10 07:51:46.353,1.24949,1.24959,1.00,1.50
2017.02.10 07:51:46.978,1.24948,1.24957,1.50,1.00
2017.02.10 07:51:47.231,1.24947,1.24957,1.12,1.12
2017.02.10 07:51:47.332,1.24945,1.24954,8.25,1.00
2017.02.10 07:51:47.434,1.24947,1.24956,1.12,1.00
2017.02.10 07:51:47.940,1.24948,1.24957,1.50,1.00
2017.02.10 07:51:49.521,1.24948,1.24959,3.19,1.50
2017.02.10 07:51:49.674,1.24949,1.2496,2.25,4.12
2017.02.10 07:51:49.724,1.2495,1.2496,1.00,1.00
2017.02.10 07:51:50.370,1.24948,1.2496,5.81,2.62
2017.02.10 07:51:50.421,1.24948,1.24959,2.06,1.37
2017.02.10 07:51:51.353,1.24948,1.24959,3.56,1.37
2017.02.10 07:51:52.334,1.2495,1.24959,1.50,1.37
2017.02.10 07:51:52.386,1.24951,1.2496,1.56,4.50
2017.02.10 07:51:52.437,1.24952,1.2496,1.25,1.12
2017.02.10 07:51:52.741,1.24952,1.24962,1.62,1.00
2017.02.10 07:51:53.568,1.24952,1.24963,1.62,2.25
2017.02.10 07:51:54.262,1.24951,1.24961,7.31,1.00
2017.02.10 07:51:54.566,1.24951,1.24959,1.31,2.62
2017.02.10 07:51:55.225,1.24951,1.2496,2.06,1.00
2017.02.10 07:51:55.427,1.24951,1.24962,2.06,1.12
2017.02.10 07:51:55.613,1.24951,1.24957,5.81,1.50
2017.02.10 07:51:55.664,1.24951,1.24957,1.00,1.50
2017.02.10 07:51:55.765,1.24947,1.24956,1.56,6.37
2017.02.10 07:51:56.271,1.24947,1.24955,1.19,3.75
2017.02.10 07:51:56.776,1.24947,1.24956,1.25,7.12
2017.02.10 07:51:57.499,1.24945,1.24954,1.69,1.12
2017.02.10 07:51:57.802,1.24945,1.24954,1.31,4.12
2017.02.10 07:51:59.264,1.24945,1.24953,1.31,4.12
2017.02.10 07:51:59.569,1.24948,1.24957,1.50,4.87
2017.02.10 07:51:59.671,1.24948,1.24959,2.25,3.00
2017.02.10 07:51:59.722,1.24948,1.24953,1.00,1.00
2017.02.10 07:51:59.977,1.24944,1.24951,1.19,1.12
2017.02.10 07:52:00.492,1.24944,1.24954,1.31,1.37
2017.02.10 07:52:01.000,1.24943,1.24954,1.69,3.37
2017.02.10 07:52:01.052,1.24943,1.24952,1.69,1.37
2017.02.10 07:52:01.579,1.24943,1.24951,1.31,1.50
2017.02.10 07:52:01.691,1.24943,1.24952,1.31,1.87
2017.02.10 07:52:01.843,1.24943,1.24948,1.31,1.50
2017.02.10 07:52:01.945,1.2494,1.24947,1.00,1.00
2017.02.10 07:52:02.198,1.24938,1.24947,2.44,2.25
2017.02.10 07:52:02.660,1.24941,1.24947,1.19,2.25
2017.02.10 07:52:02.711,1.24941,1.24947,1.19,1.50
2017.02.10 07:52:03.228,1.24941,1.24948,1.19,1.00
2017.02.10 07:52:06.507,1.2494,1.24949,2.06,1.87
2017.02.10 07:52:06.606,1.2494,1.24949,3.19,1.37
2017.02.10 07:52:06.708,1.24941,1.2495,1.69,1.00
2017.02.10 07:52:06.962,1.24946,1.24951,2.62,1.12
2017.02.10 07:52:07.266,1.2495,1.24957,1.25,4.12
2017.02.10 07:52:07.406,1.2495,1.24959,1.31,1.87
2017.02.10 07:52:08.782,1.24948,1.24954,1.00,1.00
2017.02.10 07:52:09.060,1.24942,1.24951,2.40,1.00
2017.02.10 07:52:09.111,1.24942,1.24951,2.02,4.12
2017.02.10 07:52:09.213,1.24943,1.24953,1.57,1.50
2017.02.10 07:52:09.720,1.24943,1.24953,1.20,1.50
2017.02.10 07:52:10.372,1.24943,1.24953,1.65,1.00
2017.02.10 07:52:11.834,1.24948,1.24953,1.25,1.00
2017.02.10 07:52:12.137,1.24948,1.24957,2.81,1.12
2017.02.10 07:52:12.289,1.24954,1.24958,1.00,2.25
2017.02.10 07:52:12.645,1.24959,1.24961,1.25,6.37
2017.02.10 07:52:12.801,1.2496,1.24963,1.00,4.12
2017.02.10 07:52:12.903,1.2496,1.24964,1.00,1.00
2017.02.10 07:52:13.359,1.24961,1.24963,1.00,1.00
2017.02.10 07:52:13.512,1.24964,1.24968,1.00,4.87
2017.02.10 07:52:13.649,1.24963,1.24964,1.00,1.00
2017.02.10 07:52:13.701,1.24964,1.24968,1.00,1.12
2017.02.10 07:52:13.921,1.24958,1.24968,3.90,1.12
2017.02.10 07:52:14.125,1.2496,1.24965,1.00,1.00
2017.02.10 07:52:14.176,1.2496,1.24969,1.00,1.87
2017.02.10 07:52:14.749,1.24959,1.24969,2.44,1.50
2017.02.10 07:52:14.801,1.24963,1.24965,1.00,1.00
2017.02.10 07:52:15.528,1.24963,1.24966,1.00,1.00
2017.02.10 07:52:15.888,1.24963,1.24969,1.00,2.25
2017.02.10 07:52:16.046,1.24961,1.24969,1.00,2.62
2017.02.10 07:52:16.742,1.24963,1.24969,1.00,1.87
2017.02.10 07:52:17.123,1.24968,1.24973,1.00,1.00
2017.02.10 07:52:17.530,1.24969,1.24976,1.00,1.50
2017.02.10 07:52:18.064,1.24969,1.24976,1.00,4.12
2017.02.10 07:52:19.125,1.24969,1.24977,1.00,4.12
2017.02.10 07:52:19.328,1.24972,1.24978,1.00,4.87
2017.02.10 07:52:20.329,1.2497,1.24978,1.69,5.62
2017.02.10 07:52:20.431,1.24971,1.2498,1.00,6.37
2017.02.10 07:52:20.838,1.24973,1.2498,1.00,1.87
2017.02.10 07:52:21.377,1.24973,1.24982,1.00,6.75
2017.02.10 07:52:28.979,1.24978,1.24981,1.00,1.37
2017.02.10 07:52:29.168,1.24978,1.24984,1.00,4.50
2017.02.10 07:52:29.320,1.24975,1.24983,1.00,1.00
2017.02.10 07:52:29.826,1.24975,1.24982,1.00,1.00
2017.02.10 07:52:30.388,1.24974,1.24982,1.69,1.12
2017.02.10 07:52:31.875,1.24975,1.24982,1.00,1.12
2017.02.10 07:52:32.128,1.24977,1.24985,1.00,6.00
2017.02.10 07:52:32.230,1.24977,1.24985,1.00,1.87
2017.02.10 07:52:32.776,1.24978,1.24985,1.00,1.50
2017.02.10 07:52:34.636,1.24977,1.24985,1.00,4.87
2017.02.10 07:52:34.808,1.24974,1.24982,1.25,2.25
2017.02.10 07:52:34.961,1.24973,1.24982,1.12,6.75
2017.02.10 07:52:35.266,1.24977,1.24984,1.00,1.12
2017.02.10 07:52:35.571,1.24977,1.24986,1.00,1.12
2017.02.10 07:52:35.876,1.2498,1.24986,1.25,1.12
2017.02.10 07:52:36.161,1.2498,1.2499,1.31,2.25
2017.02.10 07:52:36.270,1.2498,1.2499,1.31,2.25
2017.02.10 07:52:40.654,1.2498,1.24989,1.31,1.00
2017.02.10 07:52:41.160,1.2498,1.24991,1.31,1.87
2017.02.10 07:52:41.664,1.24981,1.24991,1.00,1.50
2017.02.10 07:52:42.029,1.24981,1.24988,1.00,1.00
2017.02.10 07:52:42.532,1.2498,1.24988,1.25,1.00
2017.02.10 07:52:43.066,1.24979,1.24987,1.69,1.00
2017.02.10 07:52:43.432,1.24978,1.24983,1.00,1.00
2017.02.10 07:52:43.685,1.24973,1.2498,1.31,2.59
2017.02.10 07:52:43.736,1.24973,1.24978,1.31,1.00
2017.02.10 07:52:44.116,1.2497,1.24976,1.00,1.00
2017.02.10 07:52:44.622,1.24969,1.24979,1.25,8.62
2017.02.10 07:52:45.357,1.24972,1.24977,1.19,1.00
2017.02.10 07:52:45.585,1.24975,1.24984,1.00,1.87
2017.02.10 07:52:45.889,1.24976,1.24984,1.31,1.12
2017.02.10 07:52:48.465,1.24976,1.24986,2.06,1.37
2017.02.10 07:52:49.153,1.24977,1.24986,1.31,1.00
2017.02.10 07:52:49.457,1.24976,1.24986,1.31,4.87
2017.02.10 07:52:50.780,1.24973,1.24983,1.62,1.50
2017.02.10 07:52:52.830,1.24975,1.24985,1.19,4.12
2017.02.10 07:52:53.343,1.24975,1.24985,2.44,1.50
2017.02.10 07:52:59.737,1.24978,1.24986,1.00,4.12
2017.02.10 07:52:59.788,1.24978,1.24987,1.00,1.00
2017.02.10 07:53:00.821,1.2498,1.24987,1.25,1.00
2017.02.10 07:53:01.345,1.24979,1.2499,2.44,4.12
2017.02.10 07:53:01.853,1.2498,1.24991,2.44,4.87
2017.02.10 07:53:03.504,1.24983,1.24991,1.25,4.12
2017.02.10 07:53:03.606,1.24983,1.24993,1.25,4.50
2017.02.10 07:53:04.117,1.24984,1.24993,1.87,2.25
2017.02.10 07:53:04.168,1.24986,1.24993,1.12,2.25
2017.02.10 07:53:04.534,1.24988,1.24996,2.44,1.00
2017.02.10 07:53:05.046,1.24988,1.24999,2.06,4.87
2017.02.10 07:53:05.350,1.24988,1.24995,1.31,3.00
2017.02.10 07:53:05.503,1.24984,1.24993,1.25,4.09
2017.02.10 07:53:05.706,1.24984,1.24991,1.25,4.12
2017.02.10 07:53:06.110,1.24984,1.24993,1.25,7.12
2017.02.10 07:53:16.249,1.24982,1.24991,1.62,1.87
2017.02.10 07:53:16.502,1.24982,1.24989,1.25,1.12
2017.02.10 07:53:16.813,1.24977,1.24985,1.25,4.12
2017.02.10 07:53:18.303,1.24974,1.24984,1.25,1.50
2017.02.10 07:53:18.689,1.24971,1.24981,5.44,1.00
2017.02.10 07:53:18.841,1.24971,1.24981,1.69,5.25
2017.02.10 07:53:25.881,1.24971,1.24981,1.69,5.25
2017.02.10 07:53:25.963,1.24976,1.24981,1.87,4.50
2017.02.10 07:53:26.065,1.24978,1.24982,1.34,1.00
2017.02.10 07:53:26.166,1.2498,1.24987,1.09,1.00
2017.02.10 07:53:26.571,1.2498,1.24983,1.00,2.25
2017.02.10 07:53:26.948,1.24973,1.24981,3.75,3.37
2017.02.10 07:53:26.999,1.24971,1.24981,1.12,1.75
2017.02.10 07:53:27.100,1.24971,1.24981,2.21,1.12
2017.02.10 07:53:27.353,1.24972,1.24982,1.46,1.37
2017.02.10 07:53:28.200,1.24971,1.24981,6.37,1.50
2017.02.10 07:53:28.504,1.24972,1.24983,1.46,1.00
2017.02.10 07:53:29.035,1.24972,1.24983,1.09,1.87
2017.02.10 07:53:29.738,1.24971,1.24982,1.87,6.00
2017.02.10 07:53:31.957,1.24971,1.24981,1.37,1.87
2017.02.10 07:53:32.909,1.2497,1.2498,5.96,1.00
2017.02.10 07:53:36.268,1.24972,1.24983,2.96,1.37
2017.02.10 07:53:36.473,1.24975,1.24985,1.00,3.37
2017.02.10 07:53:41.792,1.24976,1.24985,2.62,1.50
2017.02.10 07:53:41.995,1.24977,1.24989,8.81,1.37
2017.02.10 07:53:42.539,1.24979,1.2499,2.59,1.37
2017.02.10 07:53:43.587,1.24976,1.24984,5.44,3.00
2017.02.10 07:53:43.841,1.2497,1.2498,1.25,1.12
2017.02.10 07:53:44.578,1.2497,1.2498,1.59,1.00
2017.02.10 07:53:45.112,1.2497,1.2498,3.52,1.00
2017.02.10 07:53:47.282,1.2497,1.2498,3.52,4.12
2017.02.10 07:53:47.586,1.2497,1.2498,6.52,2.25
2017.02.10 07:53:52.818,1.24972,1.24982,1.12,5.25
2017.02.10 07:53:52.869,1.24973,1.24982,3.00,4.50
2017.02.10 07:53:52.920,1.24974,1.24982,1.19,4.50
2017.02.10 07:53:52.971,1.24973,1.24982,1.46,4.12
2017.02.10 07:53:53.366,1.24975,1.24985,3.00,1.87
2017.02.10 07:53:53.874,1.24975,1.24985,1.37,4.50
2017.02.10 07:53:54.088,1.24972,1.24982,3.00,1.00
2017.02.10 07:53:54.680,1.24972,1.24982,2.21,1.00
2017.02.10 07:53:55.147,1.24973,1.24983,1.34,1.12
2017.02.10 07:53:57.052,1.24973,1.24983,2.59,1.12
2017.02.10 07:53:59.030,1.24973,1.24983,4.09,1.00
2017.02.10 07:54:00.196,1.24973,1.24983,1.09,1.00
2017.02.10 07:54:00.944,1.24972,1.24983,3.34,1.12
2017.02.10 07:54:01.459,1.24974,1.24984,1.50,1.00
2017.02.10 07:54:03.456,1.24975,1.24985,2.62,1.87
2017.02.10 07:54:03.759,1.24975,1.24986,2.25,1.00
2017.02.10 07:54:04.322,1.24975,1.24986,1.50,1.37
2017.02.10 07:54:05.525,1.24976,1.24986,5.21,1.37
2017.02.10 07:54:05.779,1.2498,1.24991,2.96,1.69
2017.02.10 07:54:05.830,1.2498,1.24991,6.34,1.31
2017.02.10 07:54:08.067,1.24982,1.24991,1.00,1.00
2017.02.10 07:54:08.542,1.24983,1.24993,3.75,1.87
2017.02.10 07:54:08.774,1.24983,1.24993,4.46,1.12
2017.02.10 07:54:10.224,1.24985,1.24994,7.84,1.00
2017.02.10 07:54:10.326,1.24987,1.24997,5.21,1.50
2017.02.10 07:54:10.501,1.2499,1.24999,1.09,1.87
2017.02.10 07:54:10.703,1.24987,1.24998,3.71,1.37
2017.02.10 07:54:11.209,1.24987,1.24996,1.00,1.00
2017.02.10 07:54:11.757,1.24985,1.24997,7.46,1.87
2017.02.10 07:54:12.293,1.24985,1.24996,7.46,1.00
2017.02.10 07:54:15.017,1.24985,1.24996,3.34,1.12
2017.02.10 07:54:15.960,1.24985,1.24995,1.50,1.00
2017.02.10 07:54:16.113,1.24984,1.24994,1.12,4.12
2017.02.10 07:54:16.164,1.24984,1.24992,1.12,1.37
2017.02.10 07:54:16.367,1.24981,1.24991,1.50,3.75
2017.02.10 07:54:17.932,1.24982,1.24993,5.21,4.50
2017.02.10 07:54:18.084,1.24985,1.24995,4.12,1.00
2017.02.10 07:54:18.756,1.24987,1.24997,1.00,1.00
2017.02.10 07:54:19.266,1.24986,1.24996,1.09,1.00
2017.02.10 07:54:19.548,1.24985,1.24995,1.37,7.12
2017.02.10 07:54:19.650,1.24983,1.24992,1.00,1.00
2017.02.10 07:54:20.159,1.24981,1.24992,1.87,1.37
2017.02.10 07:54:20.817,1.24983,1.24992,1.84,1.37
2017.02.10 07:54:21.029,1.24984,1.24995,5.96,1.87
2017.02.10 07:54:21.080,1.24987,1.24995,1.00,1.50
2017.02.10 07:54:22.418,1.24987,1.24997,1.46,2.25
2017.02.10 07:54:22.827,1.24988,1.24998,5.96,1.75
2017.02.10 07:54:24.680,1.24986,1.24997,4.12,2.62
2017.02.10 07:54:24.731,1.24985,1.24994,4.87,1.50
2017.02.10 07:54:24.883,1.24982,1.24993,4.12,3.00
2017.02.10 07:54:25.443,1.24982,1.24992,1.09,1.37
2017.02.10 07:54:28.656,1.2498,1.24991,6.75,1.50
2017.02.10 07:54:28.708,1.2498,1.24991,3.00,1.87
2017.02.10 07:54:30.978,1.24979,1.24991,8.25,1.50
2017.02.10 07:54:34.399,1.24982,1.24992,4.12,1.37
2017.02.10 07:54:34.451,1.24982,1.24992,4.50,1.00
2017.02.10 07:54:34.958,1.24983,1.24993,4.87,1.00
2017.02.10 07:54:35.234,1.24982,1.24993,1.37,2.62
2017.02.10 07:54:35.743,1.24982,1.24992,2.62,1.50
2017.02.10 07:54:37.677,1.24981,1.24993,4.87,1.12
2017.02.10 07:54:37.981,1.24984,1.24994,1.50,1.12
2017.02.10 07:54:38.285,1.24986,1.24996,4.12,2.62
2017.02.10 07:54:38.817,1.24989,1.24998,1.00,2.62
2017.02.10 07:54:40.018,1.24989,1.24998,1.00,2.25
2017.02.10 07:54:40.120,1.24987,1.24996,1.00,1.50
2017.02.10 07:54:40.380,1.24987,1.24996,1.00,1.50
2017.02.10 07:54:43.320,1.24987,1.24996,1.00,1.12
2017.02.10 07:54:43.906,1.24987,1.24996,1.00,1.37
2017.02.10 07:54:49.813,1.24985,1.24994,4.12,2.62
2017.02.10 07:54:49.864,1.24984,1.24991,4.87,2.25
2017.02.10 07:54:49.965,1.24982,1.24991,1.00,2.25
2017.02.10 07:54:55.025,1.24981,1.24991,1.00,1.50
2017.02.10 07:54:56.894,1.24981,1.2499,1.00,1.00
2017.02.10 07:54:57.733,1.24981,1.24991,1.00,3.00
2017.02.10 07:55:00.284,1.24981,1.24991,1.00,3.37
2017.02.10 07:55:10.953,1.24985,1.24991,1.00,1.50
2017.02.10 07:55:11.156,1.24983,1.24991,1.00,1.50
2017.02.10 07:55:11.688,1.24982,1.2499,1.00,1.00
2017.02.10 07:55:11.739,1.24983,1.24988,1.00,1.00
2017.02.10 07:55:13.016,1.24983,1.24989,1.00,1.50
2017.02.10 07:55:13.519,1.24982,1.24989,1.00,1.00
2017.02.10 07:55:13.870,1.24979,1.24985,1.50,2.44
2017.02.10 07:55:13.974,1.24976,1.24985,1.00,4.12
2017.02.10 07:55:14.025,1.24976,1.24985,1.00,3.75
2017.02.10 07:55:14.355,1.24979,1.24986,1.12,1.12
2017.02.10 07:55:14.861,1.24979,1.24989,1.12,4.87
2017.02.10 07:55:15.165,1.24976,1.24986,4.50,4.50
2017.02.10 07:55:15.216,1.24976,1.24986,1.00,4.87
2017.02.10 07:55:16.411,1.24976,1.24983,1.00,1.50
2017.02.10 07:55:16.567,1.24974,1.24979,1.00,1.00
2017.02.10 07:55:16.668,1.24972,1.24979,1.12,1.00
2017.02.10 07:55:16.821,1.24972,1.24981,1.00,1.00
2017.02.10 07:55:17.356,1.24973,1.24982,1.00,1.87
2017.02.10 07:55:17.956,1.24973,1.24982,1.12,1.50
2017.02.10 07:55:18.553,1.24973,1.24982,1.87,1.00
2017.02.10 07:55:19.059,1.24974,1.24983,1.50,1.00
2017.02.10 07:55:19.565,1.24974,1.24982,1.12,2.25
2017.02.10 07:55:19.667,1.24972,1.24981,1.12,1.37
2017.02.10 07:55:20.123,1.24972,1.24978,1.00,1.00
2017.02.10 07:55:20.403,1.24971,1.2498,1.00,1.50
2017.02.10 07:55:20.606,1.24968,1.24976,1.50,1.87
2017.02.10 07:55:20.809,1.24962,1.24969,1.12,1.00
2017.02.10 07:55:20.911,1.2496,1.24969,2.25,1.09
2017.02.10 07:55:20.962,1.2496,1.24966,1.50,1.00
2017.02.10 07:55:21.164,1.2496,1.24969,1.50,1.84
2017.02.10 07:55:21.215,1.24964,1.24969,1.00,1.50
2017.02.10 07:55:21.708,1.24963,1.24967,1.00,1.31
2017.02.10 07:55:21.760,1.24963,1.24968,1.00,1.87
2017.02.10 07:55:21.811,1.24958,1.24966,1.12,1.00
2017.02.10 07:55:21.862,1.24957,1.24963,1.12,1.00
2017.02.10 07:55:22.166,1.24951,1.24961,4.87,4.50
2017.02.10 07:55:22.217,1.24951,1.2496,1.50,1.31
2017.02.10 07:55:22.521,1.24953,1.24958,1.00,1.12
2017.02.10 07:55:22.796,1.24954,1.2496,1.00,2.62
2017.02.10 07:55:23.303,1.24953,1.24962,1.00,4.12
2017.02.10 07:55:23.632,1.24958,1.24962,1.00,1.87
2017.02.10 07:55:23.816,1.2496,1.24963,1.00,1.00
2017.02.10 07:55:23.918,1.24961,1.24968,1.00,1.37
2017.02.10 07:55:24.437,1.24961,1.24969,1.12,1.87
2017.02.10 07:55:24.944,1.24961,1.2497,1.12,1.37
2017.02.10 07:55:27.198,1.24965,1.2497,1.00,1.37
2017.02.10 07:55:27.421,1.24961,1.2497,1.50,1.09
2017.02.10 07:55:27.522,1.24961,1.24969,1.12,1.84
2017.02.10 07:55:28.031,1.24961,1.2497,1.12,1.46
2017.02.10 07:55:28.537,1.2496,1.24969,1.50,1.12
2017.02.10 07:55:29.074,1.2496,1.24968,1.00,1.09
2017.02.10 07:55:30.660,1.2496,1.24969,1.50,1.12
2017.02.10 07:55:31.458,1.2496,1.24968,1.00,1.00
2017.02.10 07:55:32.062,1.24961,1.24968,1.00,1.12
2017.02.10 07:55:35.627,1.24961,1.2497,1.00,1.09
2017.02.10 07:55:35.729,1.24965,1.2497,1.00,1.00
2017.02.10 07:55:35.831,1.24967,1.24975,1.00,1.00
2017.02.10 07:55:36.094,1.24965,1.24974,4.12,4.09
2017.02.10 07:55:36.298,1.24964,1.24972,1.00,4.65
2017.02.10 07:55:36.836,1.24964,1.24972,1.00,3.90
2017.02.10 07:55:37.360,1.24965,1.24972,1.12,1.19
2017.02.10 07:55:37.616,1.24965,1.24975,1.12,2.06
2017.02.10 07:55:38.144,1.24968,1.24974,1.00,1.00
2017.02.10 07:55:38.246,1.24968,1.24977,1.12,2.06
2017.02.10 07:55:38.298,1.2497,1.24977,1.00,2.06
2017.02.10 07:55:38.644,1.24968,1.24975,1.00,2.77
2017.02.10 07:55:38.745,1.24965,1.24973,1.50,1.84
2017.02.10 07:55:39.252,1.24964,1.24973,1.50,4.87
2017.02.10 07:55:39.303,1.24965,1.24973,1.00,1.12
2017.02.10 07:55:39.802,1.24967,1.24974,1.00,1.50
2017.02.10 07:55:40.415,1.24967,1.24975,1.37,1.62
2017.02.10 07:55:41.046,1.24967,1.24975,1.37,1.65
2017.02.10 07:55:41.548,1.24964,1.24971,4.12,1.84
2017.02.10 07:55:41.649,1.24963,1.24973,3.00,3.71
2017.02.10 07:55:41.903,1.24962,1.24972,1.12,1.69
2017.02.10 07:55:42.426,1.24963,1.24972,4.50,1.31
2017.02.10 07:55:42.527,1.24965,1.24974,1.12,1.12
2017.02.10 07:55:42.629,1.24966,1.24974,1.37,1.12
2017.02.10 07:55:46.364,1.24965,1.24973,1.00,2.21
2017.02.10 07:55:46.465,1.24963,1.24973,1.50,2.96
2017.02.10 07:55:47.993,1.24964,1.24973,1.00,1.84
2017.02.10 07:55:48.535,1.24964,1.24974,1.50,3.34
2017.02.10 07:55:48.787,1.24964,1.24974,1.12,3.71
2017.02.10 07:55:49.272,1.24967,1.24974,1.00,1.50
2017.02.10 07:55:49.714,1.24967,1.24974,1.12,1.87
2017.02.10 07:55:49.765,1.24964,1.24972,1.00,1.09
2017.02.10 07:55:50.271,1.24963,1.2497,1.00,1.12
2017.02.10 07:55:50.808,1.24963,1.24971,1.00,2.44
2017.02.10 07:55:51.195,1.24963,1.24971,1.00,2.44
2017.02.10 07:55:51.703,1.24963,1.24971,1.00,2.44
2017.02.10 07:55:52.204,1.24962,1.24969,1.00,1.00
2017.02.10 07:55:52.608,1.24959,1.24968,2.25,1.00
2017.02.10 07:55:53.112,1.24961,1.24968,1.00,1.00
2017.02.10 07:55:53.645,1.24959,1.24968,1.50,1.00
2017.02.10 07:55:54.740,1.24958,1.24967,5.62,1.00
2017.02.10 07:55:55.351,1.24958,1.24967,1.50,1.00
2017.02.10 07:55:56.081,1.24958,1.24965,1.50,1.00
2017.02.10 07:56:00.525,1.24957,1.24964,4.87,1.69
2017.02.10 07:56:00.679,1.24955,1.24962,1.12,1.00
2017.02.10 07:56:01.175,1.24955,1.24962,4.50,1.00
2017.02.10 07:56:01.787,1.24954,1.24963,1.12,1.25
2017.02.10 07:56:02.587,1.24953,1.2496,1.37,1.00
2017.02.10 07:56:08.297,1.24951,1.24958,4.50,1.00
2017.02.10 07:56:08.399,1.2495,1.24958,1.00,1.00
2017.02.10 07:56:08.998,1.2495,1.24958,1.50,1.00
2017.02.10 07:56:09.403,1.24949,1.24956,4.87,2.25
2017.02.10 07:56:09.504,1.24946,1.24952,1.00,1.50
2017.02.10 07:56:09.607,1.24943,1.24951,1.50,1.00
2017.02.10 07:56:09.658,1.24943,1.24949,2.25,1.69
2017.02.10 07:56:09.709,1.24942,1.24949,1.00,1.69
2017.02.10 07:56:10.013,1.24939,1.24949,2.25,1.69
2017.02.10 07:56:11.216,1.24938,1.24949,1.50,2.06
2017.02.10 07:56:11.760,1.24938,1.24948,1.50,1.00
2017.02.10 07:56:12.327,1.24938,1.24943,1.50,3.56
2017.02.10 07:56:12.529,1.24932,1.24939,2.62,1.00
2017.02.10 07:56:12.580,1.24935,1.24939,1.00,1.00
2017.02.10 07:56:12.631,1.24933,1.24939,1.12,1.00
2017.02.10 07:56:13.155,1.24932,1.24941,3.00,2.06
2017.02.10 07:56:13.307,1.24936,1.24942,1.00,1.37
2017.02.10 07:56:13.358,1.24935,1.24944,2.25,3.19
2017.02.10 07:56:13.561,1.24935,1.24944,7.87,1.31
2017.02.10 07:56:14.338,1.24938,1.24944,1.00,1.31
2017.02.10 07:56:14.642,1.24941,1.24947,1.00,1.25
2017.02.10 07:56:15.192,1.24941,1.24948,1.50,1.31
2017.02.10 07:56:18.144,1.24942,1.2495,1.12,1.69
2017.02.10 07:56:18.732,1.24942,1.2495,1.12,1.62
2017.02.10 07:56:23.715,1.24948,1.2495,1.00,1.25
2017.02.10 07:56:23.968,1.2495,1.24957,1.50,1.31
2017.02.10 07:56:24.019,1.24949,1.24955,4.12,2.62
2017.02.10 07:56:24.272,1.24945,1.24951,1.00,1.25
2017.02.10 07:56:24.323,1.24942,1.24951,1.12,1.25
2017.02.10 07:56:24.728,1.24944,1.24951,1.00,1.25
2017.02.10 07:56:25.063,1.2495,1.24958,1.00,2.06
2017.02.10 07:56:25.571,1.2495,1.24958,1.50,1.56
2017.02.10 07:56:25.876,1.24958,1.24961,1.00,4.12
2017.02.10 07:56:26.080,1.24958,1.24965,1.50,1.25
2017.02.10 07:56:26.660,1.24957,1.24963,4.87,1.25
2017.02.10 07:56:26.762,1.24954,1.24963,6.00,1.25
2017.02.10 07:56:26.863,1.24953,1.24963,2.62,1.25
2017.02.10 07:56:26.914,1.24953,1.24963,2.62,1.62
2017.02.10 07:56:27.320,1.24953,1.24959,1.12,1.25
2017.02.10 07:56:27.472,1.2495,1.24959,2.25,1.69
2017.02.10 07:56:28.000,1.24952,1.24959,1.50,1.31
2017.02.10 07:56:31.756,1.24957,1.24959,1.00,1.31
2017.02.10 07:56:31.807,1.24957,1.24962,1.00,1.37
2017.02.10 07:56:32.009,1.24957,1.24966,6.00,3.56
2017.02.10 07:56:32.555,1.2496,1.24966,1.00,1.25
2017.02.10 07:56:32.860,1.24957,1.24962,4.87,1.00
2017.02.10 07:56:33.012,1.24955,1.24963,1.00,1.69
2017.02.10 07:56:33.114,1.24955,1.24962,1.00,4.12
2017.02.10 07:56:33.215,1.24954,1.24963,2.59,1.69
2017.02.10 07:56:33.490,1.24952,1.24962,1.87,1.37
2017.02.10 07:56:34.030,1.24953,1.24962,1.00,2.25
2017.02.10 07:56:34.416,1.24952,1.24958,1.12,1.69
2017.02.10 07:56:34.620,1.2495,1.24958,1.00,1.69
2017.02.10 07:56:36.010,1.24949,1.24958,1.46,2.06
2017.02.10 07:56:36.209,1.24947,1.24954,1.00,1.25
2017.02.10 07:56:36.513,1.24952,1.24957,1.00,5.06
2017.02.10 07:56:37.020,1.24952,1.24957,1.00,1.19
2017.02.10 07:56:38.141,1.2495,1.24957,1.00,1.19
2017.02.10 07:56:39.053,1.24949,1.24957,1.50,1.69
2017.02.10 07:56:39.351,1.24948,1.24954,1.12,1.00
2017.02.10 07:56:39.405,1.24946,1.24955,1.00,2.44
2017.02.10 07:56:39.509,1.24946,1.24952,1.00,1.00
2017.02.10 07:56:40.016,1.24944,1.24954,2.25,1.37
2017.02.10 07:56:40.426,1.24945,1.24955,1.87,2.44
2017.02.10 07:56:40.597,1.24945,1.24955,1.87,5.81
2017.02.10 07:56:41.052,1.24941,1.24952,3.00,3.56
2017.02.10 07:56:41.103,1.24941,1.24952,2.62,8.81
2017.02.10 07:56:41.457,1.24943,1.24952,1.46,1.69
2017.02.10 07:56:42.560,1.24943,1.24952,2.21,1.69
2017.02.10 07:56:43.150,1.24943,1.24952,2.25,1.69
2017.02.10 07:56:43.677,1.24942,1.24952,2.21,2.06
2017.02.10 07:56:44.828,1.24943,1.24952,1.00,2.06
2017.02.10 07:56:45.372,1.24942,1.24952,4.09,2.06
2017.02.10 07:56:45.873,1.24942,1.24949,1.50,1.00
2017.02.10 07:56:46.126,1.24935,1.24944,1.37,2.62
2017.02.10 07:56:46.228,1.24935,1.24938,1.00,1.25
2017.02.10 07:56:46.745,1.24934,1.24939,1.00,5.62
2017.02.10 07:56:46.796,1.24931,1.24939,1.84,5.62
2017.02.10 07:56:46.998,1.24934,1.2494,1.00,5.25
2017.02.10 07:56:47.540,1.24935,1.24939,1.00,1.00
2017.02.10 07:56:48.099,1.2493,1.2494,2.21,1.50
2017.02.10 07:56:48.201,1.24934,1.2494,1.00,1.50
2017.02.10 07:56:48.619,1.24929,1.24937,4.12,1.00
2017.02.10 07:56:48.670,1.24929,1.24934,4.12,1.19
2017.02.10 07:56:48.721,1.24929,1.24939,3.75,5.06
2017.02.10 07:56:48.772,1.24928,1.24939,4.09,5.06
2017.02.10 07:56:48.874,1.24931,1.24938,1.84,1.00
2017.02.10 07:56:49.188,1.24935,1.2494,1.00,1.25
2017.02.10 07:56:49.340,1.24932,1.24941,2.59,1.31
2017.02.10 07:56:49.847,1.24934,1.24943,1.50,1.25
2017.02.10 07:56:49.949,1.24935,1.24943,4.46,1.25
2017.02.10 07:56:50.051,1.24933,1.24943,6.75,1.31
2017.02.10 07:56:50.589,1.24936,1.24944,1.00,4.31
2017.02.10 07:56:51.030,1.24933,1.24944,1.37,6.56
2017.02.10 07:56:51.735,1.24932,1.24944,1.87,6.56
2017.02.10 07:56:52.639,1.2493,1.24942,2.62,5.06
2017.02.10 07:56:52.792,1.2493,1.2494,1.00,1.37
2017.02.10 07:56:53.856,1.24931,1.2494,1.84,1.87
2017.02.10 07:56:54.371,1.24931,1.24942,1.84,6.56
2017.02.10 07:56:54.776,1.24932,1.24942,1.84,1.31
2017.02.10 07:56:54.928,1.24932,1.24943,5.21,1.69
2017.02.10 07:56:55.181,1.2493,1.24941,2.25,4.12
2017.02.10 07:56:55.971,1.24929,1.2494,1.46,4.50
2017.02.10 07:57:00.173,1.2493,1.2494,2.21,4.50
2017.02.10 07:57:00.714,1.24931,1.2494,1.84,5.25
2017.02.10 07:57:01.173,1.2493,1.24939,2.21,1.87
2017.02.10 07:57:01.731,1.24929,1.24939,2.21,2.44
2017.02.10 07:57:01.920,1.2493,1.24939,3.71,2.06
2017.02.10 07:57:02.072,1.24932,1.24942,2.21,1.69
2017.02.10 07:57:02.577,1.24932,1.24943,2.59,3.19
2017.02.10 07:57:03.459,1.24932,1.24941,1.12,1.37
2017.02.10 07:57:04.025,1.2493,1.24939,3.75,1.12
2017.02.10 07:57:04.126,1.24928,1.24939,1.84,1.12
2017.02.10 07:57:04.888,1.24928,1.24938,2.25,1.00
2017.02.10 07:57:05.195,1.24927,1.24937,3.75,2.25
2017.02.10 07:57:05.246,1.24924,1.24936,4.87,1.50
2017.02.10 07:57:05.753,1.24926,1.24937,6.71,2.62
2017.02.10 07:57:06.296,1.2493,1.24938,1.84,1.75
2017.02.10 07:57:06.549,1.24931,1.24939,1.84,3.56
2017.02.10 07:57:06.787,1.24933,1.2494,1.84,1.00
2017.02.10 07:57:06.991,1.24932,1.24943,6.34,2.44
2017.02.10 07:57:07.519,1.24934,1.24942,2.21,1.12
2017.02.10 07:57:07.623,1.24933,1.2494,2.21,1.00
2017.02.10 07:57:07.725,1.24931,1.2494,3.71,1.00
2017.02.10 07:57:08.277,1.24931,1.24939,1.09,1.00
2017.02.10 07:57:09.261,1.24931,1.2494,1.09,1.00
2017.02.10 07:57:10.148,1.24931,1.24939,1.09,1.00
2017.02.10 07:57:10.741,1.24931,1.2494,1.09,1.00
2017.02.10 07:57:11.242,1.24929,1.24939,3.34,1.50
2017.02.10 07:57:11.747,1.24929,1.24939,4.09,1.50
2017.02.10 07:57:12.282,1.2493,1.24938,1.46,1.00
2017.02.10 07:57:12.708,1.24934,1.24942,1.84,2.06
2017.02.10 07:57:13.290,1.24934,1.24944,1.34,6.94
2017.02.10 07:57:13.795,1.24934,1.24943,1.84,1.50
2017.02.10 07:57:14.391,1.24934,1.24944,2.59,1.69
2017.02.10 07:57:14.703,1.24938,1.24946,1.12,4.50
2017.02.10 07:57:14.780,1.2494,1.2495,2.25,5.62
2017.02.10 07:57:14.882,1.24943,1.2495,1.84,3.75
2017.02.10 07:57:14.933,1.24943,1.24953,4.09,4.87
2017.02.10 07:57:14.984,1.24949,1.24953,1.50,3.75
2017.02.10 07:57:15.035,1.24949,1.24956,1.50,1.57
2017.02.10 07:57:15.136,1.24949,1.24959,4.84,3.19
2017.02.10 07:57:15.491,1.2495,1.2496,1.46,1.87
2017.02.10 07:57:15.753,1.2495,1.24961,4.46,3.94
2017.02.10 07:57:16.326,1.24952,1.2496,1.12,1.00
2017.02.10 07:57:16.630,1.24948,1.24952,3.75,1.25
2017.02.10 07:57:16.681,1.24941,1.24951,1.50,1.00
2017.02.10 07:57:17.764,1.24941,1.24951,1.50,3.00
2017.02.10 07:57:18.302,1.24941,1.24951,1.37,1.12
2017.02.10 07:57:18.606,1.24947,1.24951,1.00,1.12
2017.02.10 07:57:18.759,1.24947,1.24955,1.12,6.56
2017.02.10 07:57:19.013,1.24949,1.24954,1.84,1.00
2017.02.10 07:57:19.187,1.2495,1.24958,1.84,2.06
2017.02.10 07:57:19.900,1.2495,1.24959,2.96,1.00
2017.02.10 07:57:20.411,1.24951,1.24961,1.12,5.81
2017.02.10 07:57:22.158,1.24951,1.24957,2.21,1.00
2017.02.10 07:57:22.464,1.24942,1.2495,1.00,1.87
2017.02.10 07:57:22.717,1.24942,1.24952,5.59,1.12
2017.02.10 07:57:22.768,1.24944,1.24953,1.84,1.00
2017.02.10 07:57:23.072,1.24945,1.24952,2.21,1.87
2017.02.10 07:57:23.224,1.24942,1.24951,1.00,1.50
2017.02.10 07:57:23.428,1.24939,1.24949,5.62,1.00
2017.02.10 07:57:23.479,1.24939,1.24949,1.12,1.12
2017.02.10 07:57:23.732,1.24938,1.24947,1.12,1.00
2017.02.10 07:57:24.280,1.24939,1.24947,1.34,1.00
2017.02.10 07:57:24.941,1.24939,1.24949,1.87,1.50
2017.02.10 07:57:25.810,1.24939,1.24949,1.09,1.87
2017.02.10 07:57:26.121,1.24931,1.24939,4.87,1.37
2017.02.10 07:57:26.172,1.24931,1.2494,1.00,2.00
2017.02.10 07:57:26.274,1.24929,1.2494,3.75,2.44
2017.02.10 07:57:26.325,1.24931,1.2494,1.00,1.31
2017.02.10 07:57:26.578,1.24931,1.24941,1.09,1.56
2017.02.10 07:57:27.085,1.24929,1.24939,4.12,1.50
2017.02.10 07:57:27.290,1.24928,1.24938,1.50,1.50
2017.02.10 07:57:28.611,1.24928,1.24936,1.50,1.12
2017.02.10 07:57:29.188,1.24927,1.24934,4.87,1.00
2017.02.10 07:57:29.391,1.24921,1.24931,1.12,2.81
2017.02.10 07:57:29.493,1.24923,1.24931,4.12,2.62
2017.02.10 07:57:29.595,1.24923,1.2493,1.09,1.37
2017.02.10 07:57:29.770,1.24927,1.24936,1.84,5.81
2017.02.10 07:57:30.278,1.24927,1.24937,4.87,2.62
2017.02.10 07:57:30.583,1.24927,1.24937,4.12,1.87
2017.02.10 07:57:30.888,1.24928,1.24937,1.09,1.12
2017.02.10 07:57:31.392,1.24929,1.24939,1.09,1.69
2017.02.10 07:57:31.656,1.24929,1.24936,1.00,1.00
2017.02.10 07:57:32.162,1.24928,1.24936,1.75,1.00
2017.02.10 07:57:32.479,1.24928,1.24938,1.75,1.00
2017.02.10 07:57:32.531,1.24928,1.24935,1.75,1.00
2017.02.10 07:57:32.582,1.24928,1.24937,1.75,1.00
2017.02.10 07:57:33.091,1.24928,1.24938,1.75,1.00
2017.02.10 07:57:33.248,1.24928,1.24935,1.75,1.00
2017.02.10 07:57:33.436,1.24928,1.24937,1.75,1.00
2017.02.10 07:57:38.744,1.24928,1.24938,1.75,1.00
2017.02.10 07:57:41.405,1.2493,1.24938,4.50,1.00
2017.02.10 07:57:45.524,1.2493,1.24938,4.87,1.00
2017.02.10 07:57:47.024,1.2493,1.24936,4.12,1.00
2017.02.10 07:57:47.281,1.2493,1.24939,4.12,1.69
2017.02.10 07:57:47.799,1.24931,1.24939,1.00,1.31
2017.02.10 07:57:48.625,1.24931,1.24938,1.00,1.00
2017.02.10 07:57:49.852,1.24931,1.24939,1.00,1.31
2017.02.10 07:57:55.261,1.24931,1.24938,1.00,1.00
2017.02.10 07:57:56.147,1.24931,1.24937,1.00,2.25
2017.02.10 07:57:56.249,1.24926,1.24937,5.25,2.62
2017.02.10 07:57:56.780,1.24927,1.24936,1.00,1.12
2017.02.10 07:57:57.369,1.24928,1.24937,4.46,3.37
2017.02.10 07:57:58.964,1.24929,1.24936,2.21,1.19
2017.02.10 07:57:59.066,1.24927,1.24935,1.12,1.25
2017.02.10 07:57:59.572,1.24926,1.24935,4.84,1.31
2017.02.10 07:58:00.137,1.24926,1.24932,4.12,1.00
2017.02.10 07:58:00.238,1.24925,1.24932,1.00,1.25
2017.02.10 07:58:00.290,1.24923,1.24932,1.12,1.25
2017.02.10 07:58:00.341,1.24923,1.24929,1.12,1.00
2017.02.10 07:58:00.797,1.2492,1.24929,1.00,1.12
2017.02.10 07:58:01.323,1.2492,1.24928,1.87,1.00
2017.02.10 07:58:02.963,1.24919,1.24929,1.37,1.12
2017.02.10 07:58:03.485,1.24919,1.24929,1.00,1.12
2017.02.10 07:58:04.152,1.24919,1.24927,1.00,1.00
2017.02.10 07:58:05.161,1.24918,1.24925,3.37,1.00
2017.02.10 07:58:06.184,1.24917,1.24922,4.50,1.00
2017.02.10 07:58:06.488,1.24905,1.24909,1.37,1.00
2017.02.10 07:58:06.590,1.24898,1.24908,5.62,1.00
2017.02.10 07:58:06.742,1.24899,1.24906,1.50,1.19
2017.02.10 07:58:06.945,1.249,1.24909,1.00,1.37
2017.02.10 07:58:06.996,1.24902,1.24909,1.00,1.37
2017.02.10 07:58:07.162,1.249,1.24907,1.00,1.00
2017.02.10 07:58:07.669,1.24898,1.24908,1.50,1.31
2017.02.10 07:58:07.871,1.24899,1.24908,3.75,1.19
2017.02.10 07:58:08.456,1.24907,1.24912,1.00,1.75
2017.02.10 07:58:08.659,1.24908,1.24919,4.87,1.25
2017.02.10 07:58:09.059,1.24907,1.24916,4.87,1.00
2017.02.10 07:58:09.523,1.24907,1.24914,4.12,1.19
2017.02.10 07:58:09.675,1.24905,1.24913,3.75,4.31
2017.02.10 07:58:09.727,1.24905,1.24911,3.75,1.31
2017.02.10 07:58:09.779,1.24902,1.24911,1.12,1.56
2017.02.10 07:58:09.882,1.249,1.24911,1.00,1.69
2017.02.10 07:58:10.857,1.249,1.24911,2.25,2.06
2017.02.10 07:58:11.010,1.249,1.24911,2.25,1.69
2017.02.10 07:58:11.162,1.249,1.24911,3.00,2.06
2017.02.10 07:58:11.517,1.24902,1.24913,3.00,1.69
2017.02.10 07:58:11.619,1.24902,1.24912,3.75,4.31
2017.02.10 07:58:11.670,1.24901,1.24909,1.37,1.87
2017.02.10 07:58:11.721,1.249,1.24908,4.87,1.19
2017.02.10 07:58:11.772,1.24899,1.24908,1.00,1.19
2017.02.10 07:58:12.310,1.24899,1.2491,1.37,2.62
2017.02.10 07:58:12.462,1.249,1.2491,1.00,1.87
2017.02.10 07:58:12.918,1.24902,1.24912,1.50,5.06
2017.02.10 07:58:12.969,1.24902,1.24912,1.87,1.31
2017.02.10 07:58:13.180,1.24903,1.24913,4.50,1.69
2017.02.10 07:58:13.383,1.24907,1.24917,1.87,3.56
2017.02.10 07:58:13.581,1.24906,1.24914,4.50,2.25
2017.02.10 07:58:13.688,1.24904,1.24913,4.12,2.25
2017.02.10 07:58:13.781,1.249,1.2491,2.62,1.00
2017.02.10 07:58:14.020,1.24899,1.24909,2.62,1.00
2017.02.10 07:58:15.023,1.24899,1.24909,5.62,1.00
2017.02.10 07:58:15.584,1.24902,1.24911,1.50,1.25
2017.02.10 07:58:15.889,1.24899,1.24901,8.62,1.25
2017.02.10 07:58:15.991,1.24898,1.24901,1.00,4.31
2017.02.10 07:58:16.042,1.24891,1.24897,1.50,1.00
2017.02.10 07:58:16.249,1.24891,1.24899,1.50,2.44
2017.02.10 07:58:16.452,1.24892,1.24898,1.00,1.50
2017.02.10 07:58:16.756,1.2488,1.24887,1.00,1.00
2017.02.10 07:58:17.110,1.24879,1.24883,1.00,1.87
2017.02.10 07:58:17.416,1.24869,1.24874,1.37,4.12
2017.02.10 07:58:17.722,1.24877,1.2488,1.00,3.75
2017.02.10 07:58:17.773,1.2488,1.24885,1.00,4.12
2017.02.10 07:58:17.825,1.24876,1.24886,1.87,1.62
2017.02.10 07:58:17.977,1.24876,1.24883,1.12,1.00
2017.02.10 07:58:18.282,1.24869,1.2488,1.50,4.87
2017.02.10 07:58:18.434,1.24869,1.2488,1.00,5.25
2017.02.10 07:58:18.953,1.24868,1.24878,1.87,1.56
2017.02.10 07:58:20.059,1.2487,1.24879,1.00,3.75
2017.02.10 07:58:20.262,1.2487,1.24881,5.62,1.56
2017.02.10 07:58:20.415,1.24872,1.24882,1.00,1.50
2017.02.10 07:58:20.646,1.24872,1.24883,4.50,2.06
2017.02.10 07:58:20.698,1.24872,1.24882,1.12,1.25
2017.02.10 07:58:20.952,1.24876,1.24882,1.00,1.00
2017.02.10 07:58:21.105,1.24876,1.24884,1.12,1.12
2017.02.10 07:58:21.257,1.24874,1.24884,4.12,2.81
2017.02.10 07:58:21.410,1.2487,1.2488,1.00,1.62
2017.02.10 07:58:21.501,1.24869,1.24879,1.50,4.12
2017.02.10 07:58:21.805,1.24872,1.24879,1.00,4.12
2017.02.10 07:58:21.907,1.24872,1.24879,1.00,1.00
2017.02.10 07:58:22.008,1.2487,1.24879,1.00,1.50
2017.02.10 07:58:22.211,1.2487,1.24879,1.00,4.87
2017.02.10 07:58:22.731,1.2487,1.2488,1.00,4.31
2017.02.10 07:58:23.035,1.24868,1.24878,2.62,1.00
2017.02.10 07:58:23.824,1.24868,1.2488,2.25,4.12
2017.02.10 07:58:24.358,1.24868,1.24881,2.25,4.87
2017.02.10 07:58:24.415,1.24872,1.24879,1.00,4.12
2017.02.10 07:58:24.632,1.2487,1.24879,1.00,1.00
2017.02.10 07:58:25.174,1.24869,1.24879,1.00,1.00
2017.02.10 07:58:25.225,1.24871,1.24879,1.00,1.00
2017.02.10 07:58:25.529,1.24875,1.24885,2.59,2.06
2017.02.10 07:58:26.453,1.24876,1.24885,1.87,1.56
2017.02.10 07:58:26.504,1.24876,1.24886,1.87,1.50
2017.02.10 07:58:27.025,1.24875,1.24886,1.87,2.44
2017.02.10 07:58:27.171,1.24875,1.24884,1.12,1.00
2017.02.10 07:58:29.022,1.24874,1.24881,1.87,1.25
2017.02.10 07:58:29.225,1.24869,1.24879,1.37,1.50
2017.02.10 07:58:29.377,1.2487,1.2488,1.37,4.12
2017.02.10 07:58:29.529,1.24872,1.24882,1.37,6.56
2017.02.10 07:58:30.042,1.24873,1.24882,1.00,1.69
2017.02.10 07:58:30.528,1.24871,1.24879,1.37,1.00
2017.02.10 07:58:30.630,1.24869,1.24879,1.12,1.50
2017.02.10 07:58:32.306,1.2487,1.24879,1.37,1.12
2017.02.10 07:58:32.814,1.24868,1.2488,4.50,3.37
2017.02.10 07:58:33.384,1.24868,1.24875,4.12,1.12
2017.02.10 07:58:33.537,1.24861,1.24871,4.12,2.06
2017.02.10 07:58:33.996,1.24864,1.24873,1.00,1.00
2017.02.10 07:58:34.148,1.24865,1.24874,4.12,1.25
2017.02.10 07:58:35.058,1.24866,1.24875,1.00,3.19
2017.02.10 07:58:35.603,1.24866,1.2487,1.00,3.15
2017.02.10 07:58:35.908,1.24856,1.24859,4.12,1.00
2017.02.10 07:58:36.184,1.24845,1.24851,4.12,1.19
2017.02.10 07:58:36.236,1.24843,1.2485,1.00,1.62
2017.02.10 07:58:36.439,1.24838,1.24848,3.37,1.31
2017.02.10 07:58:36.606,1.24843,1.24848,1.20,1.62
2017.02.10 07:58:36.911,1.24843,1.24846,6.74,6.00
2017.02.10 07:58:37.296,1.24827,1.24836,5.25,1.25
2017.02.10 07:58:37.449,1.24827,1.24833,2.25,1.00
2017.02.10 07:58:37.551,1.24827,1.24835,1.87,2.25
2017.02.10 07:58:38.259,1.24826,1.24835,1.50,2.25
2017.02.10 07:58:38.311,1.24827,1.24835,1.37,2.25
2017.02.10 07:58:38.513,1.24826,1.24834,1.50,1.00
2017.02.10 07:58:38.565,1.24825,1.24831,4.12,1.69
2017.02.10 07:58:38.870,1.24828,1.24834,1.12,2.21
2017.02.10 07:58:39.192,1.24821,1.24831,4.50,1.00
2017.02.10 07:58:39.244,1.2482,1.24829,5.62,1.00
2017.02.10 07:58:39.547,1.24826,1.24832,1.50,4.12
2017.02.10 07:58:39.598,1.24827,1.24834,1.00,6.00
2017.02.10 07:58:39.649,1.24826,1.24836,2.62,3.37
2017.02.10 07:58:39.700,1.24826,1.24836,6.00,3.00
2017.02.10 07:58:40.282,1.24828,1.24837,1.00,1.87
2017.02.10 07:58:40.587,1.24824,1.24828,3.75,1.50
2017.02.10 07:58:40.639,1.24822,1.24829,1.50,5.62
2017.02.10 07:58:40.690,1.24822,1.24826,1.50,2.25
2017.02.10 07:58:40.741,1.24822,1.24828,1.50,2.25
2017.02.10 07:58:40.994,1.24823,1.24828,1.00,2.25
2017.02.10 07:58:41.104,1.24822,1.24828,1.00,2.25
2017.02.10 07:58:41.256,1.24819,1.24828,1.00,2.25
2017.02.10 07:58:41.636,1.24821,1.2483,1.12,1.25
2017.02.10 07:58:42.165,1.24822,1.24831,1.00,1.00
2017.02.10 07:58:42.471,1.24826,1.24834,1.12,1.00
2017.02.10 07:58:42.775,1.24823,1.24832,4.12,1.12
2017.02.10 07:58:42.877,1.2482,1.24831,1.00,6.00
2017.02.10 07:58:42.928,1.24818,1.24825,1.87,1.50
2017.02.10 07:58:43.129,1.24816,1.24825,1.00,1.00
2017.02.10 07:58:43.382,1.24816,1.24825,1.75,1.12
2017.02.10 07:58:43.485,1.24812,1.24821,1.50,1.00
2017.02.10 07:58:43.536,1.24811,1.24821,4.50,1.84
2017.02.10 07:58:43.638,1.24809,1.24819,1.00,3.22
2017.02.10 07:58:43.942,1.24817,1.2482,1.00,5.25
2017.02.10 07:58:44.095,1.24817,1.24824,1.12,2.62
2017.02.10 07:58:44.197,1.24817,1.24826,1.87,1.00
2017.02.10 07:58:44.730,1.24817,1.24827,2.25,1.50
2017.02.10 07:58:45.251,1.24817,1.24826,1.87,1.00
2017.02.10 07:58:46.115,1.24817,1.24827,2.25,1.00
2017.02.10 07:58:46.663,1.24819,1.24828,1.00,3.37
2017.02.10 07:58:47.170,1.24817,1.24826,6.00,1.00
2017.02.10 07:58:47.536,1.24817,1.24823,4.50,1.37
2017.02.10 07:58:47.593,1.24811,1.24822,4.87,1.87
2017.02.10 07:58:47.694,1.24815,1.2482,1.00,1.00
2017.02.10 07:58:47.796,1.24809,1.2482,1.00,1.87
2017.02.10 07:58:47.847,1.24808,1.24817,1.50,1.00
2017.02.10 07:58:48.150,1.24814,1.24817,1.00,1.00
2017.02.10 07:58:48.252,1.24815,1.2482,1.00,1.00
2017.02.10 07:58:48.303,1.24813,1.2482,1.00,1.00
2017.02.10 07:58:48.931,1.24816,1.2482,1.00,1.00
2017.02.10 07:58:49.437,1.24817,1.2482,1.00,1.00
2017.02.10 07:58:49.741,1.24816,1.24821,1.00,1.00
2017.02.10 07:58:50.247,1.24815,1.2482,1.00,1.00
2017.02.10 07:58:50.531,1.24809,1.2482,2.06,1.00
2017.02.10 07:58:50.582,1.24815,1.2482,1.00,1.00
2017.02.10 07:58:50.836,1.24812,1.2482,1.87,1.00
2017.02.10 07:58:51.345,1.24811,1.24819,1.50,1.00
2017.02.10 07:58:51.639,1.24811,1.24819,1.00,2.62
2017.02.10 07:58:51.792,1.24808,1.24816,1.00,1.00
2017.02.10 07:58:51.944,1.24811,1.24816,1.00,1.00
2017.02.10 07:58:52.474,1.24812,1.24816,1.00,1.00
2017.02.10 07:58:52.777,1.24812,1.24818,1.00,1.00
2017.02.10 07:58:52.930,1.24814,1.24818,1.75,1.00
2017.02.10 07:58:53.031,1.24813,1.24818,1.00,1.12
2017.02.10 07:58:53.133,1.24813,1.24821,1.50,1.50
2017.02.10 07:58:53.285,1.24812,1.24821,1.00,2.25
2017.02.10 07:58:53.450,1.24815,1.24821,1.00,1.50
2017.02.10 07:58:53.657,1.24812,1.24821,1.50,1.00
2017.02.10 07:58:53.915,1.24811,1.24819,3.75,1.50
2017.02.10 07:58:53.966,1.2481,1.24819,1.87,3.00
2017.02.10 07:58:54.017,1.24808,1.24817,1.37,4.87
2017.02.10 07:58:54.119,1.24808,1.24818,1.75,1.12
2017.02.10 07:58:54.703,1.2481,1.24818,1.12,1.12
2017.02.10 07:58:55.513,1.2481,1.24818,1.37,1.12
2017.02.10 07:58:55.733,1.24815,1.24818,2.25,1.12
2017.02.10 07:58:56.038,1.2483,1.24837,1.50,1.87
2017.02.10 07:58:56.091,1.2483,1.24837,4.87,1.12
2017.02.10 07:58:56.193,1.24832,1.24841,1.00,1.00
2017.02.10 07:58:56.346,1.24834,1.24842,1.84,1.00
2017.02.10 07:58:56.639,1.24837,1.24848,1.37,1.12
2017.02.10 07:58:57.095,1.24838,1.24848,6.37,1.00
2017.02.10 07:58:57.605,1.24845,1.24846,1.00,1.00
2017.02.10 07:58:57.656,1.24843,1.24851,1.00,4.50
2017.02.10 07:58:57.758,1.24849,1.24852,1.00,1.00
2017.02.10 07:58:57.810,1.24849,1.24856,1.00,5.25
2017.02.10 07:58:57.861,1.24849,1.24857,1.00,1.50
2017.02.10 07:58:57.964,1.24849,1.24859,4.50,2.25
2017.02.10 07:58:58.472,1.2485,1.24858,4.12,1.00
2017.02.10 07:58:58.577,1.24851,1.24862,2.25,1.50
2017.02.10 07:58:58.900,1.24857,1.24865,1.00,1.50
2017.02.10 07:58:59.205,1.24859,1.24866,1.00,1.50
2017.02.10 07:58:59.256,1.24859,1.2487,1.00,2.25
2017.02.10 07:58:59.358,1.24859,1.24871,1.50,1.00
2017.02.10 07:58:59.915,1.24858,1.2487,3.75,1.50
2017.02.10 07:59:00.054,1.24858,1.24866,2.62,1.75
2017.02.10 07:59:00.157,1.24855,1.24865,5.62,2.62
2017.02.10 07:59:00.259,1.24854,1.24864,3.37,1.12
2017.02.10 07:59:00.513,1.24852,1.24863,4.12,2.62
2017.02.10 07:59:00.564,1.24851,1.24862,3.19,1.00
2017.02.10 07:59:00.919,1.24851,1.2486,1.87,1.00
2017.02.10 07:59:01.446,1.2485,1.2486,1.00,1.87
2017.02.10 07:59:02.204,1.24849,1.2486,2.62,1.87
2017.02.10 07:59:02.659,1.24853,1.2486,1.31,1.00
2017.02.10 07:59:02.828,1.24854,1.24864,3.19,1.87
2017.02.10 07:59:02.931,1.24854,1.24861,2.25,1.00
2017.02.10 07:59:03.236,1.24851,1.24855,3.75,1.50
2017.02.10 07:59:03.288,1.24846,1.24854,1.00,1.00
2017.02.10 07:59:03.339,1.24844,1.24855,1.27,1.87
2017.02.10 07:59:03.492,1.24844,1.24855,1.12,5.62
2017.02.10 07:59:03.543,1.24845,1.24855,1.00,1.87
2017.02.10 07:59:03.696,1.24845,1.24849,1.00,1.00
2017.02.10 07:59:03.747,1.24843,1.24851,1.87,1.00
2017.02.10 07:59:03.867,1.24846,1.24852,1.00,1.12
2017.02.10 07:59:04.038,1.24846,1.24854,1.09,3.00
2017.02.10 07:59:04.090,1.24843,1.24851,1.50,1.87
2017.02.10 07:59:04.192,1.2484,1.2485,4.12,1.00
2017.02.10 07:59:04.242,1.2484,1.24846,3.75,1.00
2017.02.10 07:59:04.294,1.24838,1.24845,6.37,1.00
2017.02.10 07:59:04.395,1.24838,1.24849,6.37,1.12
2017.02.10 07:59:04.598,1.24838,1.24844,1.50,1.87
2017.02.10 07:59:04.852,1.24832,1.2484,1.31,1.00
2017.02.10 07:59:04.903,1.24832,1.24842,1.87,1.50
2017.02.10 07:59:05.006,1.24834,1.24844,1.00,5.25
2017.02.10 07:59:05.620,1.24834,1.24839,1.00,1.00
2017.02.10 07:59:05.943,1.24834,1.24839,1.00,1.00
2017.02.10 07:59:06.153,1.24834,1.24844,1.00,1.12
2017.02.10 07:59:06.305,1.24834,1.24839,1.00,1.00
2017.02.10 07:59:06.831,1.24833,1.24839,2.62,1.00
2017.02.10 07:59:07.116,1.24833,1.24844,1.00,2.62
2017.02.10 07:59:07.167,1.24832,1.24838,1.37,1.00
2017.02.10 07:59:07.218,1.24831,1.24842,1.87,1.37
2017.02.10 07:59:07.320,1.2483,1.24837,3.00,1.00
2017.02.10 07:59:07.372,1.2483,1.24836,1.87,1.00
2017.02.10 07:59:07.423,1.2483,1.2484,1.50,2.25
2017.02.10 07:59:07.929,1.2483,1.2484,1.46,4.12
2017.02.10 07:59:08.478,1.24829,1.2484,2.96,4.12
2017.02.10 07:59:08.681,1.24829,1.24835,2.59,1.00
2017.02.10 07:59:09.240,1.2483,1.24835,1.46,1.00
2017.02.10 07:59:09.291,1.24832,1.2484,1.00,4.87
2017.02.10 07:59:09.393,1.2483,1.24836,4.46,1.00
2017.02.10 07:59:09.779,1.24829,1.24839,4.09,1.37
2017.02.10 07:59:10.285,1.24829,1.2484,1.09,4.12
2017.02.10 07:59:11.784,1.24829,1.2484,2.21,4.50
2017.02.10 07:59:12.559,1.24829,1.2484,2.96,4.50
2017.02.10 07:59:15.121,1.2483,1.2484,1.37,1.50
2017.02.10 07:59:16.190,1.24835,1.2484,1.00,1.50
2017.02.10 07:59:16.392,1.24834,1.2484,1.00,1.50
2017.02.10 07:59:16.793,1.24835,1.2484,1.00,1.50
2017.02.10 07:59:16.957,1.24831,1.2484,1.00,1.50
2017.02.10 07:59:17.346,1.24835,1.24841,1.00,5.25
2017.02.10 07:59:17.503,1.24837,1.24842,1.00,1.12
2017.02.10 07:59:17.655,1.24833,1.24841,1.37,1.12
2017.02.10 07:59:18.011,1.24836,1.24841,1.00,1.12
2017.02.10 07:59:18.062,1.24831,1.24841,4.12,1.12
2017.02.10 07:59:18.627,1.24831,1.2484,4.12,1.00
2017.02.10 07:59:19.135,1.24831,1.24842,5.25,3.00
2017.02.10 07:59:19.641,1.24831,1.2484,4.50,1.00
2017.02.10 07:59:20.478,1.24831,1.24839,4.50,3.75
2017.02.10 07:59:21.280,1.24835,1.24839,1.00,3.75
2017.02.10 07:59:21.433,1.24831,1.24839,4.12,3.75
2017.02.10 07:59:22.166,1.24831,1.24838,3.75,3.75
2017.02.10 07:59:22.217,1.24829,1.24838,1.37,4.50
2017.02.10 07:59:23.190,1.24834,1.24838,1.00,3.75
2017.02.10 07:59:23.241,1.24829,1.24838,1.37,3.75
2017.02.10 07:59:23.754,1.24829,1.24838,1.37,4.50
2017.02.10 07:59:23.805,1.24829,1.24833,1.37,1.12
2017.02.10 07:59:24.012,1.24823,1.24829,1.00,2.25
2017.02.10 07:59:24.146,1.2482,1.24827,1.75,2.25
2017.02.10 07:59:24.675,1.24819,1.24826,4.12,1.50
2017.02.10 07:59:25.686,1.24823,1.24826,1.00,1.50
2017.02.10 07:59:25.968,1.24819,1.24826,3.75,1.50
2017.02.10 07:59:26.109,1.24818,1.24826,2.62,1.50
2017.02.10 07:59:26.682,1.24819,1.24828,1.12,1.50
2017.02.10 07:59:27.176,1.24824,1.24828,1.00,1.50
2017.02.10 07:59:27.942,1.24823,1.24827,1.00,1.00
2017.02.10 07:59:28.246,1.24821,1.24828,1.00,1.50
2017.02.10 07:59:29.602,1.2482,1.24828,1.12,1.50
2017.02.10 07:59:29.856,1.2482,1.24828,5.25,1.50
2017.02.10 07:59:30.110,1.2482,1.24828,1.50,1.87
2017.02.10 07:59:32.192,1.24821,1.24828,1.00,1.50
2017.02.10 07:59:32.909,1.24822,1.24827,1.00,1.00
2017.02.10 07:59:33.010,1.24819,1.24826,1.37,1.50
2017.02.10 07:59:33.112,1.24818,1.24826,2.25,2.25
2017.02.10 07:59:33.163,1.24821,1.24825,1.00,1.00
2017.02.10 07:59:33.416,1.24811,1.24818,6.00,1.50
2017.02.10 07:59:33.467,1.24811,1.24816,5.62,1.00
2017.02.10 07:59:33.518,1.2481,1.24816,1.37,1.00
2017.02.10 07:59:33.721,1.24809,1.24815,1.00,1.00
2017.02.10 07:59:34.233,1.24808,1.24816,1.87,1.00
2017.02.10 07:59:34.284,1.24808,1.24814,2.25,1.00
2017.02.10 07:59:34.910,1.24808,1.24812,1.50,1.00
2017.02.10 07:59:35.271,1.24802,1.2481,3.75,3.00
2017.02.10 07:59:35.322,1.248,1.24806,4.12,2.25
2017.02.10 07:59:35.424,1.24798,1.24806,2.62,2.25
2017.02.10 07:59:35.933,1.24799,1.24805,1.00,3.00
2017.02.10 07:59:36.137,1.24797,1.248,1.00,1.00
2017.02.10 07:59:36.463,1.24789,1.24791,2.62,1.12
2017.02.10 07:59:36.719,1.24766,1.24767,1.00,1.00
2017.02.10 07:59:36.871,1.2476,1.24763,1.00,1.00
2017.02.10 07:59:36.922,1.2476,1.24761,1.00,1.00
2017.02.10 07:59:37.175,1.24742,1.24746,1.65,1.12
2017.02.10 07:59:37.226,1.24733,1.24734,10.65,1.00
2017.02.10 07:59:37.404,1.24726,1.24729,1.50,1.12
2017.02.10 07:59:37.556,1.24722,1.24729,1.00,1.00
2017.02.10 07:59:37.709,1.24727,1.24729,1.00,1.37
2017.02.10 07:59:37.810,1.24722,1.24729,4.87,1.37
2017.02.10 07:59:37.994,1.24718,1.24727,6.75,1.00
2017.02.10 07:59:38.045,1.24717,1.24727,3.00,1.00
2017.02.10 07:59:38.322,1.24718,1.24729,3.37,4.12
2017.02.10 07:59:38.828,1.24718,1.24727,1.12,1.00
2017.02.10 07:59:39.045,1.2472,1.24729,1.12,1.00
2017.02.10 07:59:39.247,1.24722,1.2473,1.00,1.00
2017.02.10 07:59:39.560,1.24731,1.24735,1.50,4.12
2017.02.10 07:59:39.613,1.2473,1.24735,1.50,1.12
2017.02.10 07:59:39.715,1.24736,1.24738,1.00,4.50
2017.02.10 07:59:39.868,1.24741,1.24744,1.00,4.50
2017.02.10 07:59:39.970,1.2474,1.24745,1.87,1.00
2017.02.10 07:59:40.021,1.24745,1.24747,1.00,3.75
2017.02.10 07:59:40.073,1.24744,1.24749,1.00,1.00
2017.02.10 07:59:40.226,1.24744,1.24753,1.00,8.62
2017.02.10 07:59:40.277,1.24748,1.24753,1.00,8.62
2017.02.10 07:59:40.378,1.24751,1.24756,1.00,4.12
2017.02.10 07:59:40.480,1.24751,1.24759,1.50,4.50
2017.02.10 07:59:40.632,1.24752,1.24759,1.00,1.50
2017.02.10 07:59:40.871,1.24755,1.24758,1.00,1.00
2017.02.10 07:59:41.177,1.24774,1.24776,1.00,1.12
2017.02.10 07:59:41.280,1.24774,1.24781,1.00,5.25
2017.02.10 07:59:41.788,1.24775,1.24783,1.00,1.75
2017.02.10 07:59:41.839,1.2478,1.24783,1.00,1.12
2017.02.10 07:59:41.890,1.24783,1.24788,1.00,8.44
2017.02.10 07:59:41.941,1.24784,1.24788,1.00,5.81
2017.02.10 07:59:41.992,1.24787,1.24791,1.00,4.12
2017.02.10 07:59:42.304,1.2479,1.24794,4.50,1.19
2017.02.10 07:59:42.457,1.24782,1.24788,1.50,1.00
2017.02.10 07:59:42.508,1.24781,1.2479,5.02,1.12
2017.02.10 07:59:42.661,1.24784,1.24788,1.00,1.00
2017.02.10 07:59:42.712,1.2478,1.24788,6.37,1.00
2017.02.10 07:59:42.916,1.24782,1.24791,1.00,1.87
2017.02.10 07:59:43.017,1.24784,1.24792,1.00,1.75
2017.02.10 07:59:43.119,1.24782,1.24793,1.00,3.00
2017.02.10 07:59:43.170,1.24781,1.2479,1.12,1.00
2017.02.10 07:59:44.268,1.2478,1.2479,1.12,1.00
2017.02.10 07:59:44.572,1.24778,1.24784,4.12,1.00
2017.02.10 07:59:44.674,1.24776,1.24782,1.00,1.00
2017.02.10 07:59:44.904,1.2477,1.24778,4.50,1.00
2017.02.10 07:59:44.955,1.2477,1.24778,1.12,1.00
2017.02.10 07:59:45.157,1.2477,1.24775,1.12,1.00
2017.02.10 07:59:45.360,1.24766,1.24776,4.87,1.00
2017.02.10 07:59:45.766,1.24764,1.24776,1.87,3.75
2017.02.10 07:59:45.966,1.24763,1.24772,4.87,1.87
2017.02.10 07:59:46.171,1.24759,1.24771,2.62,1.87
2017.02.10 07:59:46.709,1.24762,1.24772,1.00,2.62
2017.02.10 07:59:46.911,1.24764,1.24772,1.00,1.87
2017.02.10 07:59:47.470,1.24762,1.24771,2.25,1.37
2017.02.10 07:59:47.970,1.24762,1.24773,1.00,2.81
2017.02.10 07:59:48.223,1.24764,1.24772,1.37,1.12
2017.02.10 07:59:48.504,1.24771,1.24781,1.50,1.12
2017.02.10 07:59:48.858,1.24779,1.24781,1.00,1.12
2017.02.10 07:59:48.969,1.24788,1.24791,1.00,1.12
2017.02.10 07:59:49.021,1.24792,1.24797,1.00,1.37
2017.02.10 07:59:49.072,1.24793,1.24797,1.12,4.87
2017.02.10 07:59:49.123,1.248,1.24802,1.12,3.75
2017.02.10 07:59:49.174,1.248,1.24804,1.12,1.12
2017.02.10 07:59:49.275,1.24799,1.24809,1.50,1.12
2017.02.10 07:59:49.427,1.24796,1.24803,6.75,1.50
2017.02.10 07:59:49.538,1.24793,1.24801,3.37,2.02
2017.02.10 07:59:49.590,1.2479,1.248,1.37,1.25
2017.02.10 07:59:50.122,1.24789,1.24799,5.25,1.00
2017.02.10 07:59:50.173,1.24796,1.24802,1.50,1.87
2017.02.10 07:59:50.428,1.248,1.24809,1.50,1.00
2017.02.10 07:59:50.479,1.24807,1.24812,1.00,1.00
2017.02.10 07:59:50.581,1.24808,1.24816,1.00,1.00
2017.02.10 07:59:50.633,1.24812,1.24818,1.00,1.12
2017.02.10 07:59:50.735,1.24813,1.24819,1.00,1.00
2017.02.10 07:59:51.089,1.24808,1.24818,1.00,1.00
2017.02.10 07:59:51.353,1.24805,1.24814,1.12,1.69
2017.02.10 07:59:51.661,1.24814,1.24818,2.25,3.75
2017.02.10 07:59:51.712,1.24817,1.24826,1.00,5.25
2017.02.10 07:59:51.814,1.24822,1.2483,1.00,3.75
2017.02.10 07:59:51.916,1.24823,1.24835,3.52,5.25
2017.02.10 07:59:52.019,1.24827,1.24835,1.12,1.00
2017.02.10 07:59:52.172,1.24827,1.24833,1.00,1.00
2017.02.10 07:59:52.376,1.24822,1.2483,1.50,1.00
2017.02.10 07:59:52.427,1.24822,1.24828,1.12,1.00
2017.02.10 07:59:52.584,1.2482,1.24828,1.00,1.12
2017.02.10 07:59:52.837,1.2482,1.24826,1.00,1.00
2017.02.10 07:59:53.143,1.24809,1.24816,1.12,1.00
2017.02.10 07:59:53.244,1.24804,1.24813,1.75,1.00
2017.02.10 07:59:53.296,1.24803,1.24811,1.88,1.00
2017.02.10 07:59:53.347,1.24801,1.24811,1.75,1.00
2017.02.10 07:59:53.499,1.24801,1.24809,1.12,1.00
2017.02.10 07:59:53.550,1.24801,1.24809,1.00,1.00
2017.02.10 07:59:53.855,1.24812,1.24813,1.00,1.12
2017.02.10 07:59:54.188,1.2483,1.24831,1.00,1.00
2017.02.10 07:59:54.240,1.24831,1.24839,2.62,1.37
2017.02.10 07:59:54.291,1.24835,1.2484,1.87,1.00
2017.02.10 07:59:54.342,1.24834,1.24843,1.37,1.00
2017.02.10 07:59:54.393,1.24834,1.24845,4.31,2.25
2017.02.10 07:59:54.444,1.24836,1.24841,1.37,1.00
2017.02.10 07:59:54.750,1.24828,1.24832,1.87,1.00
2017.02.10 07:59:54.802,1.24828,1.24834,1.00,1.87
2017.02.10 07:59:54.954,1.24825,1.24836,1.87,1.00
2017.02.10 07:59:55.056,1.24829,1.24836,1.00,1.00
2017.02.10 07:59:55.335,1.24825,1.24834,1.12,1.50
2017.02.10 07:59:55.540,1.24823,1.24829,1.12,1.00
2017.02.10 07:59:55.693,1.2482,1.24827,1.00,1.00
2017.02.10 07:59:56.331,1.24817,1.24825,3.19,1.00
2017.02.10 07:59:56.571,1.2482,1.2483,1.87,4.87
2017.02.10 07:59:56.652,1.24821,1.2483,1.12,1.00
2017.02.10 07:59:57.008,1.24822,1.24828,1.00,1.00
2017.02.10 07:59:57.109,1.2482,1.2483,1.75,1.00
2017.02.10 07:59:57.665,1.24819,1.24831,3.00,4.12
2017.02.10 07:59:57.767,1.24819,1.24831,2.25,5.25
2017.02.10 07:59:57.919,1.2482,1.24827,1.00,1.00
2017.02.10 07:59:58.145,1.2482,1.2483,1.00,1.50
2017.02.10 07:59:58.654,1.2482,1.24831,1.50,4.12
2017.02.10 07:59:59.796,1.2482,1.24829,4.87,1.00
