2007.04.17 09:00:00.765,1.9987,1.9988,0.20,4.00
2007.04.17 09:00:03.398,1.9989,1.999,0.30,13.50
2007.04.17 09:00:04.225,1.9987,1.9989,0.20,10.40
2007.04.17 09:00:04.747,1.9989,1.999,0.30,7.90
2007.04.17 09:00:05.040,1.9987,1.9989,0.20,14.40
2007.04.17 09:00:05.254,1.999,1.9992,2.40,3.30
2007.04.17 09:00:06.196,1.9989,1.999,0.40,2.40
2007.04.17 09:00:06.979,1.9989,1.999,0.50,2.40
2007.04.17 09:00:07.717,1.9987,1.9988,0.80,0.80
2007.04.17 09:00:08.079,1.9987,1.9988,0.80,3.20
2007.04.17 09:00:08.293,1.9987,1.9989,2.40,10.30
2007.04.17 09:00:08.734,1.9987,1.9989,2.40,2.40
2007.04.17 09:00:09.097,1.999,1.9991,0.80,6.40
2007.04.17 09:00:09.997,1.9987,1.9988,20.80,2.40
2007.04.17 09:00:10.247,1.9988,1.9989,12.00,0.80
2007.04.17 09:00:10.519,1.9989,1.9991,12.40,5.60
2007.04.17 09:00:10.728,1.9989,1.9991,4.40,5.60
2007.04.17 09:00:11.065,1.9989,1.9991,4.50,5.60
2007.04.17 09:00:11.401,1.9989,1.999,0.50,2.40
2007.04.17 09:00:11.617,1.9989,1.999,0.60,2.40
2007.04.17 09:00:11.870,1.9989,1.999,0.50,2.40
2007.04.17 09:00:12.398,1.9989,1.9991,2.90,3.20
2007.04.17 09:00:12.627,1.9989,1.9991,2.80,3.20
2007.04.17 09:00:13.126,1.9989,1.999,0.70,2.40
2007.04.17 09:00:13.902,1.9989,1.999,0.50,3.20
2007.04.17 09:00:14.139,1.9989,1.999,0.40,3.20
2007.04.17 09:00:14.386,1.9989,1.999,0.40,7.20
2007.04.17 09:00:14.974,1.9987,1.9988,2.40,0.80
2007.04.17 09:00:15.178,1.9987,1.9989,2.40,10.00
2007.04.17 09:00:15.407,1.9988,1.9989,2.40,6.00
2007.04.17 09:00:15.622,1.9989,1.999,0.30,7.20
2007.04.17 09:00:17.321,1.9989,1.999,0.30,3.20
2007.04.17 09:00:17.954,1.9989,1.999,0.80,3.20
2007.04.17 09:00:18.561,1.9989,1.999,0.70,3.20
2007.04.17 09:00:19.008,1.9989,1.999,0.80,3.20
2007.04.17 09:00:19.230,1.9989,1.999,0.80,4.00
2007.04.17 09:00:19.693,1.9988,1.9989,4.40,2.40
2007.04.17 09:00:19.989,1.9989,1.999,0.80,3.20
2007.04.17 09:00:20.793,1.9989,1.999,0.80,7.20
2007.04.17 09:00:21.028,1.9989,1.999,0.80,10.40
2007.04.17 09:00:21.295,1.9989,1.999,0.70,10.40
2007.04.17 09:00:21.964,1.9989,1.999,0.70,4.80
2007.04.17 09:00:22.247,1.9988,1.9989,6.00,0.80
2007.04.17 09:00:22.530,1.99895,1.999,1.60,4.80
2007.04.17 09:00:22.780,1.99895,1.999,1.60,5.70
2007.04.17 09:00:23.038,1.99895,1.999,1.60,1.70
2007.04.17 09:00:23.348,1.9989,1.999,0.80,3.30
2007.04.17 09:00:23.680,1.999,1.99905,0.80,3.60
2007.04.17 09:00:23.892,1.9989,1.999,2.40,0.80
2007.04.17 09:00:24.150,1.9987,1.9989,8.80,2.40
2007.04.17 09:00:24.594,1.9987,1.9989,1.60,2.40
2007.04.17 09:00:24.906,1.9988,1.999,3.20,0.80
2007.04.17 09:00:25.173,1.9988,1.999,3.20,3.20
2007.04.17 09:00:25.605,1.99885,1.999,1.60,3.20
2007.04.17 09:00:26.165,1.9988,1.999,4.80,3.20
2007.04.17 09:00:26.203,1.9989,1.999,8.80,2.40
2007.04.17 09:00:26.711,1.9989,1.999,0.80,2.40
2007.04.17 09:00:27.009,1.99885,1.999,6.40,7.20
2007.04.17 09:00:27.280,1.99885,1.999,2.40,11.30
2007.04.17 09:00:27.496,1.99875,1.999,3.20,11.20
2007.04.17 09:00:27.716,1.99875,1.999,3.30,3.20
2007.04.17 09:00:27.978,1.9988,1.999,4.30,3.20
2007.04.17 09:00:28.238,1.9988,1.999,4.40,3.20
2007.04.17 09:00:28.445,1.9988,1.999,4.30,3.20
2007.04.17 09:00:28.725,1.9989,1.999,1.00,3.20
2007.04.17 09:00:29.279,1.9988,1.9989,11.60,2.40
2007.04.17 09:00:29.488,1.9988,1.9989,0.80,2.40
2007.04.17 09:00:29.726,1.99875,1.9989,3.20,2.40
2007.04.17 09:00:31.052,1.9988,1.9989,0.80,3.20
2007.04.17 09:00:31.534,1.9987,1.9989,5.60,0.80
2007.04.17 09:00:31.770,1.9988,1.9989,3.40,0.80
2007.04.17 09:00:32.092,1.9987,1.9989,6.00,0.80
2007.04.17 09:00:32.613,1.9987,1.999,6.40,7.20
2007.04.17 09:00:32.868,1.9988,1.999,1.30,4.00
2007.04.17 09:00:33.378,1.9987,1.999,6.20,4.00
2007.04.17 09:00:33.648,1.9988,1.999,1.20,4.00
2007.04.17 09:00:34.852,1.9987,1.999,7.80,9.60
2007.04.17 09:00:35.058,1.9988,1.9989,0.80,3.20
2007.04.17 09:00:35.428,1.9987,1.9989,6.30,2.40
2007.04.17 09:00:35.687,1.9988,1.99895,1.20,1.60
2007.04.17 09:00:35.892,1.9988,1.9989,1.20,3.20
2007.04.17 09:00:36.106,1.9988,1.9989,0.70,3.20
2007.04.17 09:00:36.414,1.9988,1.9989,1.40,3.20
2007.04.17 09:00:36.619,1.9987,1.9989,6.40,2.40
2007.04.17 09:00:36.843,1.9988,1.9989,0.70,3.20
2007.04.17 09:00:38.722,1.9987,1.9989,6.10,3.20
2007.04.17 09:00:39.493,1.9988,1.9989,0.80,0.80
2007.04.17 09:00:39.812,1.9988,1.9989,0.50,4.80
2007.04.17 09:00:40.435,1.9987,1.9989,10.60,4.80
2007.04.17 09:00:40.920,1.9987,1.99895,11.60,6.40
2007.04.17 09:00:41.065,1.9987,1.99895,10.40,6.40
2007.04.17 09:00:41.506,1.99865,1.99885,7.60,6.40
2007.04.17 09:00:41.829,1.9987,1.99885,7.20,6.40
2007.04.17 09:00:42.062,1.9987,1.99885,10.40,5.60
2007.04.17 09:00:42.335,1.9987,1.99895,10.40,6.40
2007.04.17 09:00:43.112,1.9987,1.99895,10.60,6.40
2007.04.17 09:00:44.182,1.9987,1.9989,10.70,4.80
2007.04.17 09:00:44.499,1.99875,1.9989,3.50,6.40
2007.04.17 09:00:44.735,1.99875,1.9989,3.50,2.40
2007.04.17 09:00:45.180,1.99875,1.9989,3.20,2.40
2007.04.17 09:00:45.508,1.9988,1.9989,2.00,2.40
2007.04.17 09:00:46.087,1.99875,1.9989,3.40,2.40
2007.04.17 09:00:46.293,1.99875,1.9989,3.20,2.40
2007.04.17 09:00:48.501,1.99875,1.9989,3.40,2.40
2007.04.17 09:00:48.830,1.9987,1.9989,14.40,2.40
2007.04.17 09:00:49.062,1.9987,1.9989,9.50,4.00
2007.04.17 09:00:49.314,1.9987,1.9989,10.30,4.80
2007.04.17 09:00:49.562,1.9987,1.9989,10.30,4.00
2007.04.17 09:00:50.119,1.9987,1.9989,10.30,4.00
2007.04.17 09:00:50.489,1.9987,1.999,14.30,23.50
2007.04.17 09:00:50.783,1.9987,1.99905,17.50,29.50
2007.04.17 09:00:50.791,1.9987,1.99905,14.30,21.40
2007.04.17 09:00:51.065,1.99875,1.99905,3.20,17.00
2007.04.17 09:00:51.347,1.99875,1.99905,5.80,12.00
2007.04.17 09:00:51.614,1.99875,1.99905,5.90,12.00
2007.04.17 09:00:52.136,1.99875,1.99905,5.90,12.80
2007.04.17 09:00:52.387,1.99875,1.99905,5.90,12.00
2007.04.17 09:00:52.818,1.99875,1.99905,5.90,12.80
2007.04.17 09:00:53.150,1.99875,1.99905,6.00,12.80
2007.04.17 09:00:53.403,1.99875,1.999,6.00,11.20
2007.04.17 09:00:54.685,1.99875,1.99905,6.00,12.00
2007.04.17 09:00:54.950,1.99875,1.99905,10.00,12.80
2007.04.17 09:00:55.191,1.99875,1.99905,10.00,12.00
2007.04.17 09:00:57.736,1.9988,1.99905,6.40,11.20
2007.04.17 09:00:58.026,1.99875,1.99905,10.00,9.60
2007.04.17 09:00:59.474,1.99885,1.9991,3.30,23.80
2007.04.17 09:00:59.718,1.99885,1.9991,3.50,20.00
2007.04.17 09:01:00.066,1.99885,1.9991,2.70,20.00
2007.04.17 09:01:00.299,1.9988,1.99905,13.70,6.40
2007.04.17 09:01:00.576,1.9988,1.99905,11.20,7.20
2007.04.17 09:01:01.106,1.9988,1.99905,8.40,10.40
2007.04.17 09:01:01.462,1.99875,1.99905,12.40,12.80
2007.04.17 09:01:02.085,1.9988,1.99905,12.40,10.40
2007.04.17 09:01:02.422,1.9988,1.99905,20.30,9.60
2007.04.17 09:01:02.672,1.99885,1.9991,8.40,18.40
2007.04.17 09:01:02.901,1.99885,1.9991,8.00,18.40
2007.04.17 09:01:03.420,1.9988,1.9991,22.70,26.40
2007.04.17 09:01:03.789,1.9988,1.9991,24.70,24.40
2007.04.17 09:01:04.123,1.9989,1.9991,9.10,10.80
2007.04.17 09:01:04.787,1.9989,1.9991,12.30,7.20
2007.04.17 09:01:05.092,1.99895,1.9992,7.40,24.40
2007.04.17 09:01:05.978,1.99895,1.9992,7.50,15.60
2007.04.17 09:01:06.778,1.99895,1.9992,9.90,15.60
2007.04.17 09:01:08.676,1.99895,1.9992,9.90,8.00
2007.04.17 09:01:09.560,1.9989,1.9992,25.40,8.00
2007.04.17 09:01:11.042,1.9991,1.99925,1.60,7.60
2007.04.17 09:01:11.246,1.9991,1.99925,1.80,4.00
2007.04.17 09:01:12.078,1.999,1.99925,10.70,9.60
2007.04.17 09:01:12.342,1.999,1.99925,8.30,12.00
2007.04.17 09:01:12.603,1.999,1.9992,8.30,0.70
2007.04.17 09:01:13.654,1.999,1.99925,6.10,12.80
2007.04.17 09:01:13.926,1.999,1.99925,2.10,12.80
2007.04.17 09:01:14.189,1.999,1.99915,0.40,9.60
2007.04.17 09:01:14.400,1.9989,1.99915,14.80,9.60
2007.04.17 09:01:14.687,1.999,1.9992,2.90,0.60
2007.04.17 09:01:15.630,1.9989,1.999,4.40,0.50
2007.04.17 09:01:16.412,1.9989,1.99905,0.50,4.00
2007.04.17 09:01:16.655,1.9989,1.999,0.40,0.70
2007.04.17 09:01:17.741,1.9988,1.99905,8.30,9.60
2007.04.17 09:01:18.613,1.9988,1.999,8.40,0.60
2007.04.17 09:01:19.039,1.9988,1.99905,8.50,12.00
2007.04.17 09:01:19.292,1.9988,1.99905,12.50,12.00
2007.04.17 09:01:19.524,1.9988,1.999,8.30,0.50
2007.04.17 09:01:19.735,1.9988,1.99905,8.50,8.80
2007.04.17 09:01:20.065,1.9988,1.999,14.90,0.60
2007.04.17 09:01:21.747,1.9988,1.999,10.40,0.50
2007.04.17 09:01:22.101,1.9988,1.99905,8.00,12.00
2007.04.17 09:01:23.908,1.9988,1.999,4.00,0.90
2007.04.17 09:01:24.171,1.9987,1.9989,7.50,11.20
2007.04.17 09:01:24.387,1.9987,1.9988,7.30,0.80
2007.04.17 09:01:24.665,1.9987,1.9989,8.10,0.90
2007.04.17 09:01:24.937,1.9987,1.9989,8.10,0.60
2007.04.17 09:01:25.181,1.9988,1.99895,4.00,7.20
2007.04.17 09:01:25.672,1.9988,1.99895,4.00,9.60
2007.04.17 09:01:26.088,1.9988,1.999,4.80,16.00
2007.04.17 09:01:26.292,1.9988,1.9989,4.80,0.50
2007.04.17 09:01:26.699,1.9988,1.999,4.80,16.00
2007.04.17 09:01:27.004,1.9988,1.999,0.80,16.00
2007.04.17 09:01:27.419,1.9988,1.999,4.80,16.00
2007.04.17 09:01:28.033,1.9988,1.9989,0.80,0.70
2007.04.17 09:01:28.282,1.9987,1.9989,12.40,0.90
2007.04.17 09:01:28.540,1.9988,1.9989,4.00,0.50
2007.04.17 09:01:28.776,1.9988,1.9989,4.00,0.50
2007.04.17 09:01:29.050,1.9988,1.99895,4.00,6.40
2007.04.17 09:01:29.416,1.9988,1.9989,4.00,0.90
2007.04.17 09:01:29.644,1.9987,1.99895,13.20,8.00
2007.04.17 09:01:31.394,1.9987,1.99895,13.20,9.60
2007.04.17 09:01:31.603,1.9987,1.9989,11.20,10.40
2007.04.17 09:01:31.833,1.9987,1.9989,8.80,10.40
2007.04.17 09:01:37.382,1.9987,1.9989,8.00,8.80
2007.04.17 09:01:37.709,1.9987,1.9988,8.00,0.70
2007.04.17 09:01:38.195,1.9987,1.99895,8.80,10.40
2007.04.17 09:01:38.439,1.9987,1.9989,8.00,0.90
2007.04.17 09:01:39.370,1.9987,1.99895,8.00,7.20
2007.04.17 09:01:39.636,1.9988,1.9989,2.40,0.60
2007.04.17 09:01:41.027,1.9987,1.9988,7.40,4.80
2007.04.17 09:01:41.290,1.9987,1.9988,7.20,4.80
2007.04.17 09:01:43.071,1.9988,1.9989,6.40,8.00
2007.04.17 09:01:43.333,1.9988,1.9989,6.40,5.60
2007.04.17 09:01:44.606,1.9988,1.9989,4.80,0.80
2007.04.17 09:01:45.166,1.9989,1.99895,4.00,1.60
2007.04.17 09:01:45.660,1.9989,1.999,4.00,4.80
2007.04.17 09:01:46.580,1.9988,1.999,6.40,8.80
2007.04.17 09:01:47.675,1.9988,1.9989,7.20,4.80
2007.04.17 09:01:48.343,1.9988,1.9989,6.40,4.80
2007.04.17 09:01:48.668,1.9988,1.9989,6.40,5.60
2007.04.17 09:01:50.992,1.9988,1.9989,6.40,6.40
2007.04.17 09:01:51.662,1.9988,1.9989,6.40,4.80
2007.04.17 09:01:51.988,1.9988,1.9989,7.20,4.80
2007.04.17 09:01:52.579,1.9988,1.9989,6.40,4.80
2007.04.17 09:01:52.839,1.9988,1.9989,6.40,5.60
2007.04.17 09:01:53.079,1.9988,1.9989,6.40,4.00
2007.04.17 09:01:54.557,1.9989,1.999,4.00,5.60
2007.04.17 09:01:55.109,1.9989,1.999,4.00,5.60
2007.04.17 09:01:55.379,1.9989,1.999,4.00,3.20
2007.04.17 09:01:55.659,1.9989,1.999,4.00,4.80
2007.04.17 09:01:56.125,1.9988,1.9989,10.00,2.40
2007.04.17 09:01:56.609,1.9988,1.999,6.40,10.40
2007.04.17 09:01:57.121,1.9988,1.999,8.80,10.40
2007.04.17 09:01:57.650,1.9988,1.9989,4.00,5.60
2007.04.17 09:01:58.172,1.9988,1.9989,4.00,8.00
2007.04.17 09:02:02.784,1.9988,1.9989,4.00,7.20
2007.04.17 09:02:03.298,1.9988,1.9989,4.80,7.20
2007.04.17 09:02:04.213,1.9988,1.9989,7.20,4.80
2007.04.17 09:02:06.132,1.9988,1.9989,4.80,4.80
2007.04.17 09:02:06.579,1.99875,1.9989,6.40,4.80
2007.04.17 09:02:07.622,1.99875,1.9989,6.40,7.20
2007.04.17 09:02:08.615,1.99875,1.9989,6.40,4.80
2007.04.17 09:02:09.177,1.9988,1.9989,1.80,3.20
2007.04.17 09:02:09.470,1.9987,1.9988,1.90,4.80
2007.04.17 09:02:09.743,1.99875,1.9988,6.40,0.80
2007.04.17 09:02:09.968,1.9988,1.9989,1.00,7.20
2007.04.17 09:02:11.298,1.99865,1.9989,17.40,7.20
2007.04.17 09:02:11.634,1.99865,1.9989,12.60,10.40
2007.04.17 09:02:11.885,1.9987,1.9989,4.50,13.60
2007.04.17 09:02:12.143,1.99865,1.9989,9.80,13.60
2007.04.17 09:02:12.372,1.99865,1.9989,9.60,13.60
2007.04.17 09:02:12.630,1.9987,1.9988,3.30,0.80
2007.04.17 09:02:13.296,1.9987,1.9988,1.00,1.60
2007.04.17 09:02:19.401,1.9988,1.99885,1.30,1.60
2007.04.17 09:02:19.663,1.9988,1.99885,1.80,1.60
2007.04.17 09:02:19.868,1.9987,1.9989,17.30,8.00
2007.04.17 09:02:25.711,1.9988,1.99895,0.50,1.60
2007.04.17 09:02:25.931,1.9989,1.999,0.70,4.00
2007.04.17 09:02:26.154,1.9989,1.999,2.00,3.20
2007.04.17 09:02:28.039,1.9988,1.9989,9.20,4.00
2007.04.17 09:02:28.263,1.99875,1.9989,4.00,6.40
2007.04.17 09:02:28.496,1.9986,1.9989,34.00,6.40
2007.04.17 09:02:29.025,1.9987,1.9989,22.30,6.40
2007.04.17 09:02:29.255,1.99875,1.999,9.60,8.00
2007.04.17 09:02:29.468,1.99875,1.999,8.80,8.00
2007.04.17 09:02:29.686,1.99875,1.999,8.80,7.70
2007.04.17 09:02:30.208,1.9987,1.9988,4.10,4.00
2007.04.17 09:02:30.509,1.9986,1.9988,6.40,6.70
2007.04.17 09:02:30.726,1.9988,1.99885,1.40,0.80
2007.04.17 09:02:30.997,1.9987,1.9988,6.40,0.40
2007.04.17 09:02:31.248,1.9987,1.9988,0.70,4.80
2007.04.17 09:02:31.521,1.9987,1.9988,1.00,5.30
2007.04.17 09:02:31.998,1.9986,1.9987,6.40,0.40
2007.04.17 09:02:32.218,1.99865,1.9987,8.80,0.40
2007.04.17 09:02:32.533,1.99865,1.9988,8.80,0.40
2007.04.17 09:02:32.754,1.9987,1.9988,1.00,4.30
2007.04.17 09:02:33.295,1.9985,1.9988,34.10,6.80
2007.04.17 09:02:33.569,1.9986,1.9988,1.40,6.90
2007.04.17 09:02:33.778,1.9986,1.9987,1.90,0.30
2007.04.17 09:02:34.333,1.9986,1.9987,9.60,0.60
2007.04.17 09:02:34.669,1.9986,1.9987,9.60,0.60
2007.04.17 09:02:34.893,1.9986,1.9988,11.60,8.40
2007.04.17 09:02:35.373,1.9986,1.9987,8.00,0.30
2007.04.17 09:02:37.003,1.9986,1.9988,8.00,8.80
2007.04.17 09:02:37.267,1.9987,1.99885,11.20,1.60
2007.04.17 09:02:37.505,1.9987,1.9989,11.30,10.40
2007.04.17 09:02:38.002,1.9988,1.9989,4.00,9.60
2007.04.17 09:02:38.211,1.9988,1.9989,4.00,3.20
2007.04.17 09:02:38.477,1.9988,1.9989,4.00,2.40
2007.04.17 09:02:40.276,1.9988,1.9989,4.00,4.80
2007.04.17 09:02:40.795,1.9987,1.9989,14.20,8.80
2007.04.17 09:02:41.029,1.9987,1.9989,8.00,8.80
2007.04.17 09:02:41.658,1.9987,1.9989,8.80,8.80
2007.04.17 09:02:43.981,1.9987,1.9989,8.80,8.00
2007.04.17 09:02:44.243,1.9987,1.9989,8.80,5.60
2007.04.17 09:02:45.918,1.9987,1.9989,8.90,5.60
2007.04.17 09:02:46.148,1.9987,1.9989,8.80,5.60
2007.04.17 09:02:50.237,1.9987,1.9989,8.80,8.80
2007.04.17 09:02:51.508,1.9987,1.9989,8.80,12.00
2007.04.17 09:02:51.768,1.9987,1.9989,8.80,9.60
2007.04.17 09:02:52.195,1.9988,1.9989,2.40,8.80
2007.04.17 09:02:52.952,1.9988,1.9989,2.40,5.60
2007.04.17 09:02:53.617,1.9987,1.9989,8.80,8.00
2007.04.17 09:02:53.848,1.9987,1.9989,8.80,8.20
2007.04.17 09:02:55.188,1.9987,1.9989,8.80,8.00
2007.04.17 09:02:59.466,1.9987,1.9989,8.80,11.20
2007.04.17 09:02:59.930,1.9987,1.9989,8.80,8.00
2007.04.17 09:03:01.173,1.9986,1.9987,21.60,4.00
2007.04.17 09:03:01.380,1.9987,1.9988,0.50,8.00
2007.04.17 09:03:01.808,1.9986,1.9987,5.10,4.80
2007.04.17 09:03:02.039,1.9986,1.9987,8.50,0.80
2007.04.17 09:03:02.208,1.9986,1.9987,15.30,0.80
2007.04.17 09:03:02.258,1.9987,1.9988,3.50,4.00
2007.04.17 09:03:02.585,1.9987,1.9988,1.60,4.00
2007.04.17 09:03:05.161,1.9986,1.9988,18.70,4.00
2007.04.17 09:03:06.241,1.9986,1.9988,5.90,11.20
2007.04.17 09:03:06.494,1.9986,1.9987,3.00,4.80
2007.04.17 09:03:06.700,1.9986,1.9987,3.40,4.80
2007.04.17 09:03:07.777,1.99855,1.9987,8.00,5.60
2007.04.17 09:03:08.202,1.9986,1.9987,1.30,6.40
2007.04.17 09:03:08.892,1.9986,1.9987,2.30,5.60
2007.04.17 09:03:09.227,1.9986,1.9987,2.90,4.80
2007.04.17 09:03:09.821,1.9986,1.9988,20.20,4.80
2007.04.17 09:03:10.071,1.9986,1.9988,20.20,2.40
2007.04.17 09:03:12.908,1.99855,1.9988,17.10,8.80
2007.04.17 09:03:13.123,1.99855,1.9988,13.90,7.20
2007.04.17 09:03:13.370,1.99855,1.9987,12.80,0.80
2007.04.17 09:03:13.644,1.99855,1.9987,8.80,0.80
2007.04.17 09:03:13.895,1.9986,1.9988,2.40,13.60
2007.04.17 09:03:14.182,1.99855,1.9987,8.80,0.80
2007.04.17 09:03:15.222,1.99855,1.9987,6.40,0.80
2007.04.17 09:03:15.466,1.9985,1.9987,23.10,1.60
2007.04.17 09:03:15.731,1.99865,1.9987,5.60,0.80
2007.04.17 09:03:15.950,1.99865,1.9989,6.40,8.80
2007.04.17 09:03:16.828,1.9985,1.9987,41.50,4.00
2007.04.17 09:03:17.052,1.9985,1.9987,31.90,4.80
2007.04.17 09:03:17.551,1.9986,1.9987,1.40,4.80
2007.04.17 09:03:17.795,1.9987,1.9988,1.40,8.80
2007.04.17 09:03:18.178,1.9986,1.9988,20.20,6.40
2007.04.17 09:03:18.400,1.99865,1.9988,11.70,6.40
2007.04.17 09:03:18.828,1.9987,1.9988,8.90,6.40
2007.04.17 09:03:19.068,1.99865,1.9988,11.60,4.00
2007.04.17 09:03:19.809,1.9988,1.9989,0.40,7.20
2007.04.17 09:03:20.014,1.9987,1.9988,6.70,2.40
2007.04.17 09:03:20.296,1.9987,1.9989,19.30,11.50
2007.04.17 09:03:20.541,1.9987,1.9989,19.30,11.20
2007.04.17 09:03:21.373,1.9988,1.9989,4.80,11.20
2007.04.17 09:03:21.640,1.9987,1.9989,15.90,11.20
2007.04.17 09:03:21.866,1.9988,1.9989,1.30,8.00
2007.04.17 09:03:22.173,1.9988,1.9989,3.00,7.20
2007.04.17 09:03:22.429,1.9987,1.9989,23.50,7.20
2007.04.17 09:03:22.677,1.9987,1.9989,21.10,8.00
2007.04.17 09:03:24.549,1.9988,1.9989,1.30,8.00
2007.04.17 09:03:24.769,1.9987,1.9989,20.50,5.60
2007.04.17 09:03:25.213,1.9987,1.9989,20.50,5.60
2007.04.17 09:03:25.485,1.9987,1.9989,26.00,4.80
2007.04.17 09:03:25.704,1.99885,1.9989,1.00,4.80
2007.04.17 09:03:26.027,1.99885,1.9989,2.40,4.80
2007.04.17 09:03:28.844,1.9989,1.999,0.60,7.20
2007.04.17 09:03:29.351,1.9989,1.999,0.50,7.20
2007.04.17 09:03:29.590,1.9989,1.999,1.20,7.20
2007.04.17 09:03:29.864,1.9989,1.999,1.40,7.20
2007.04.17 09:03:33.092,1.9989,1.999,5.50,7.20
2007.04.17 09:03:33.415,1.9989,1.999,5.40,7.20
2007.04.17 09:03:34.805,1.999,1.9991,1.10,14.00
2007.04.17 09:03:35.029,1.99895,1.999,1.60,0.80
2007.04.17 09:03:35.248,1.9991,1.99915,0.80,0.80
2007.04.17 09:03:35.468,1.9991,1.99915,0.80,2.40
2007.04.17 09:03:35.787,1.999,1.9991,0.40,4.80
2007.04.17 09:03:36.037,1.99895,1.999,1.60,0.80
2007.04.17 09:03:36.849,1.99905,1.9991,1.60,9.60
2007.04.17 09:03:37.072,1.9991,1.99915,0.80,2.40
2007.04.17 09:03:37.306,1.99895,1.999,1.60,0.80
2007.04.17 09:03:37.527,1.99895,1.999,1.60,0.80
2007.04.17 09:03:37.865,1.99895,1.999,1.60,0.80
2007.04.17 09:03:38.738,1.999,1.9991,0.50,4.80
2007.04.17 09:03:38.943,1.9991,1.99915,0.80,2.40
2007.04.17 09:03:39.395,1.99905,1.9991,1.60,4.90
2007.04.17 09:03:39.670,1.99905,1.9991,1.60,4.80
2007.04.17 09:03:39.998,1.999,1.9991,4.80,4.80
2007.04.17 09:03:40.290,1.999,1.9991,3.20,4.80
2007.04.17 09:03:40.517,1.999,1.9991,2.40,4.80
2007.04.17 09:03:40.726,1.999,1.9991,4.00,1.60
2007.04.17 09:03:40.940,1.999,1.9991,4.00,2.40
2007.04.17 09:03:41.179,1.999,1.9991,4.20,0.80
2007.04.17 09:03:41.452,1.999,1.9991,5.00,0.80
2007.04.17 09:03:41.689,1.999,1.9991,4.40,1.60
2007.04.17 09:03:42.193,1.999,1.9991,4.40,1.60
2007.04.17 09:03:42.816,1.999,1.9991,4.20,1.60
2007.04.17 09:03:43.021,1.999,1.9991,0.30,5.60
2007.04.17 09:03:43.245,1.9989,1.999,10.30,2.40
2007.04.17 09:03:43.478,1.999,1.9991,0.30,6.40
2007.04.17 09:03:43.534,1.999,1.9991,0.30,0.50
2007.04.17 09:03:46.049,1.9989,1.9992,8.50,11.20
2007.04.17 09:03:46.492,1.99895,1.9991,1.60,0.50
2007.04.17 09:03:46.784,1.999,1.99925,5.60,13.60
2007.04.17 09:03:47.816,1.999,1.9992,5.10,0.50
2007.04.17 09:03:48.380,1.999,1.99925,5.20,13.60
2007.04.17 09:03:49.391,1.999,1.99925,6.00,12.80
2007.04.17 09:03:50.775,1.999,1.9991,5.00,0.50
2007.04.17 09:03:50.981,1.999,1.9991,4.00,0.50
2007.04.17 09:03:51.432,1.999,1.9991,4.10,0.80
2007.04.17 09:03:53.016,1.999,1.9991,4.20,0.70
2007.04.17 09:03:55.099,1.999,1.9992,4.20,0.70
2007.04.17 09:03:55.310,1.999,1.9992,4.00,8.80
2007.04.17 09:03:55.965,1.999,1.9992,4.80,22.00
2007.04.17 09:03:57.791,1.999,1.9992,4.00,22.00
2007.04.17 09:03:58.813,1.9989,1.9991,4.40,11.20
2007.04.17 09:03:59.037,1.9989,1.9991,2.00,11.20
2007.04.17 09:03:59.390,1.9989,1.999,8.40,0.90
2007.04.17 09:03:59.614,1.999,1.9991,2.40,12.00
2007.04.17 09:03:59.930,1.9989,1.999,5.20,0.70
2007.04.17 09:04:00.144,1.9989,1.999,5.20,0.60
2007.04.17 09:04:02.095,1.9989,1.9991,5.80,15.20
2007.04.17 09:04:02.352,1.9989,1.9991,5.60,19.20
2007.04.17 09:04:02.585,1.9989,1.9991,5.60,20.00
2007.04.17 09:04:03.478,1.9989,1.9991,4.80,20.00
2007.04.17 09:04:05.028,1.9989,1.9991,4.80,18.90
2007.04.17 09:04:05.297,1.9989,1.9991,1.60,24.50
2007.04.17 09:04:05.511,1.9989,1.9991,0.80,24.50
2007.04.17 09:04:06.801,1.9989,1.9991,0.80,24.50
2007.04.17 09:04:08.788,1.9989,1.999,0.80,0.80
2007.04.17 09:04:09.440,1.9989,1.999,1.00,0.60
2007.04.17 09:04:09.648,1.9989,1.999,1.00,0.90
2007.04.17 09:04:09.905,1.9989,1.9991,5.00,21.30
2007.04.17 09:04:12.106,1.9989,1.9991,4.80,21.30
2007.04.17 09:04:13.771,1.9989,1.9991,5.60,21.30
2007.04.17 09:04:14.109,1.9989,1.999,1.60,0.60
2007.04.17 09:04:14.374,1.9988,1.999,14.00,0.80
2007.04.17 09:04:14.765,1.99885,1.99905,1.60,13.30
2007.04.17 09:04:14.988,1.9989,1.999,5.60,0.90
2007.04.17 09:04:15.430,1.9989,1.999,5.60,0.70
2007.04.17 09:04:18.296,1.9989,1.999,5.60,0.60
2007.04.17 09:04:19.703,1.9989,1.999,0.50,0.60
2007.04.17 09:04:21.410,1.9989,1.999,0.80,0.50
2007.04.17 09:04:21.657,1.99875,1.99905,13.90,19.30
2007.04.17 09:04:21.973,1.99875,1.99905,11.50,20.10
2007.04.17 09:04:22.178,1.9988,1.99905,11.90,9.30
2007.04.17 09:04:22.405,1.99875,1.99905,13.10,14.10
2007.04.17 09:04:23.732,1.9988,1.999,0.80,0.80
2007.04.17 09:04:23.967,1.99875,1.99905,9.90,13.30
2007.04.17 09:04:24.350,1.99875,1.99905,7.30,12.50
2007.04.17 09:04:24.565,1.99875,1.99905,7.20,12.80
2007.04.17 09:04:24.887,1.9987,1.9988,0.70,0.70
2007.04.17 09:04:25.091,1.99865,1.9989,7.20,16.80
2007.04.17 09:04:25.397,1.99865,1.9989,9.60,16.80
2007.04.17 09:04:27.253,1.9986,1.9988,12.00,6.40
2007.04.17 09:04:27.548,1.99855,1.9988,12.40,8.00
2007.04.17 09:04:28.035,1.99855,1.9988,11.60,8.00
2007.04.17 09:04:28.393,1.9986,1.9988,0.80,8.00
2007.04.17 09:04:28.717,1.99855,1.9988,14.80,4.80
2007.04.17 09:04:29.051,1.99855,1.9988,14.80,5.60
2007.04.17 09:04:31.704,1.9987,1.9988,0.70,4.80
2007.04.17 09:04:31.998,1.99865,1.9988,7.20,4.00
2007.04.17 09:04:36.589,1.99865,1.9988,7.10,4.00
2007.04.17 09:04:38.157,1.99865,1.9988,7.30,4.00
2007.04.17 09:04:38.364,1.99865,1.9988,7.40,4.00
2007.04.17 09:04:39.357,1.99865,1.9988,9.80,4.00
2007.04.17 09:04:39.987,1.99865,1.9988,9.90,4.00
2007.04.17 09:04:41.684,1.99865,1.9988,7.50,4.00
2007.04.17 09:04:42.356,1.9988,1.9989,2.00,14.40
2007.04.17 09:04:42.550,1.9987,1.9989,23.20,7.20
2007.04.17 09:04:45.001,1.99865,1.9988,13.60,2.40
2007.04.17 09:04:45.343,1.99865,1.9989,20.00,7.20
2007.04.17 09:04:45.613,1.9987,1.9989,1.70,8.00
2007.04.17 09:04:45.865,1.9987,1.9989,3.70,8.80
2007.04.17 09:04:46.323,1.9987,1.9989,2.20,12.00
2007.04.17 09:04:46.535,1.9987,1.9989,0.50,12.00
2007.04.17 09:04:46.847,1.9987,1.9989,2.30,12.00
2007.04.17 09:04:47.330,1.9987,1.9989,0.80,12.00
2007.04.17 09:04:47.567,1.99865,1.9989,9.90,12.00
2007.04.17 09:04:47.969,1.9987,1.9989,3.30,12.00
2007.04.17 09:04:48.653,1.9987,1.9989,3.10,12.00
2007.04.17 09:04:48.895,1.9988,1.9989,2.70,4.80
2007.04.17 09:04:49.167,1.9988,1.9989,4.80,4.00
2007.04.17 09:04:51.327,1.9988,1.9989,4.80,4.80
2007.04.17 09:04:51.924,1.9987,1.9988,7.60,0.80
2007.04.17 09:04:52.445,1.9987,1.9988,5.20,0.80
2007.04.17 09:04:53.656,1.9987,1.9988,5.10,0.80
2007.04.17 09:04:53.992,1.9987,1.9988,13.60,0.80
2007.04.17 09:04:54.232,1.9987,1.9989,16.90,4.80
2007.04.17 09:04:54.524,1.9988,1.9989,4.00,4.80
2007.04.17 09:04:54.979,1.9988,1.9989,4.80,4.00
2007.04.17 09:04:55.597,1.9988,1.9989,0.80,8.00
2007.04.17 09:04:55.839,1.9987,1.9989,8.30,8.80
2007.04.17 09:04:56.971,1.9987,1.9988,8.30,4.00
2007.04.17 09:04:59.583,1.9987,1.9988,8.00,4.00
2007.04.17 09:05:00.926,1.9987,1.9988,8.50,4.00
2007.04.17 09:05:01.203,1.9988,1.9989,4.00,8.80
2007.04.17 09:05:01.951,1.9987,1.9988,11.70,1.60
2007.04.17 09:05:02.185,1.9987,1.9988,4.00,7.20
2007.04.17 09:05:02.488,1.9988,1.9989,4.00,21.00
2007.04.17 09:05:02.751,1.9988,1.9989,4.80,17.20
2007.04.17 09:05:02.960,1.9988,1.9989,5.60,7.20
2007.04.17 09:05:04.002,1.9988,1.9989,5.60,4.80
2007.04.17 09:05:04.507,1.9988,1.9989,8.00,4.80
2007.04.17 09:05:05.525,1.9988,1.9989,5.60,4.00
2007.04.17 09:05:06.072,1.9988,1.9989,5.60,4.80
2007.04.17 09:05:06.315,1.9988,1.9989,4.80,5.60
2007.04.17 09:05:09.113,1.9988,1.9989,0.80,5.60
2007.04.17 09:05:09.350,1.9987,1.9989,8.40,6.40
2007.04.17 09:05:09.556,1.9987,1.9989,8.40,6.60
2007.04.17 09:05:09.907,1.9987,1.9989,8.40,9.00
2007.04.17 09:05:10.165,1.9987,1.9989,8.40,12.10
2007.04.17 09:05:10.507,1.9987,1.9989,7.60,12.00
2007.04.17 09:05:10.934,1.9987,1.99885,3.60,1.60
2007.04.17 09:05:11.211,1.9987,1.99885,7.60,1.60
2007.04.17 09:05:11.471,1.9987,1.9988,5.20,0.80
2007.04.17 09:05:11.931,1.9987,1.9988,3.60,0.80
2007.04.17 09:05:12.207,1.9987,1.9988,1.20,4.00
2007.04.17 09:05:12.921,1.9987,1.99885,4.40,1.60
2007.04.17 09:05:13.204,1.9987,1.9989,4.40,15.20
2007.04.17 09:05:13.919,1.9987,1.9988,3.60,7.20
2007.04.17 09:05:14.253,1.9987,1.9988,3.60,8.00
2007.04.17 09:05:16.088,1.9987,1.9988,3.60,0.90
2007.04.17 09:05:17.232,1.9986,1.99865,15.80,0.50
2007.04.17 09:05:17.527,1.9987,1.99885,1.20,12.80
2007.04.17 09:05:18.569,1.9987,1.9988,1.20,0.90
2007.04.17 09:05:18.906,1.9987,1.9988,1.20,0.50
2007.04.17 09:05:19.136,1.9987,1.99885,0.50,16.00
2007.04.17 09:05:19.467,1.9987,1.99885,0.50,24.00
2007.04.17 09:05:19.712,1.9986,1.9987,5.60,0.80
2007.04.17 09:05:20.205,1.9986,1.99875,3.20,5.60
2007.04.17 09:05:20.880,1.9986,1.99875,3.20,6.40
2007.04.17 09:05:22.218,1.9986,1.99875,4.00,4.80
2007.04.17 09:05:22.552,1.9986,1.9987,4.20,0.70
2007.04.17 09:05:23.074,1.9986,1.99875,3.40,5.60
2007.04.17 09:05:24.878,1.9986,1.9987,3.40,0.80
2007.04.17 09:05:25.133,1.9986,1.99875,4.70,4.80
2007.04.17 09:05:25.885,1.9986,1.99875,4.80,4.80
2007.04.17 09:05:26.458,1.9986,1.99875,4.20,4.80
2007.04.17 09:05:27.081,1.9986,1.99875,3.60,4.80
2007.04.17 09:05:27.341,1.9986,1.99875,3.40,5.60
2007.04.17 09:05:27.904,1.9986,1.99875,3.40,6.40
2007.04.17 09:05:28.135,1.9986,1.9987,3.60,0.60
2007.04.17 09:05:28.369,1.9986,1.9987,4.20,0.70
2007.04.17 09:05:29.876,1.9986,1.99875,1.80,5.60
2007.04.17 09:05:30.165,1.9986,1.9987,1.00,0.70
2007.04.17 09:05:30.432,1.9986,1.99875,1.00,7.20
2007.04.17 09:05:31.185,1.9986,1.9988,1.00,27.20
2007.04.17 09:05:31.447,1.9986,1.9987,1.60,0.90
2007.04.17 09:05:31.876,1.9986,1.9987,0.80,0.60
2007.04.17 09:05:32.204,1.9986,1.9987,0.80,0.70
2007.04.17 09:05:32.869,1.9986,1.9987,0.80,0.70
2007.04.17 09:05:34.342,1.9986,1.9987,0.80,0.70
2007.04.17 09:05:37.102,1.99845,1.99875,11.40,14.40
2007.04.17 09:05:37.483,1.99845,1.99865,4.00,11.20
2007.04.17 09:05:39.139,1.9984,1.9985,0.50,0.70
2007.04.17 09:05:39.197,1.99835,1.9986,9.20,13.60
2007.04.17 09:05:39.394,1.99835,1.9986,6.00,20.00
2007.04.17 09:05:39.642,1.99835,1.99865,7.40,18.40
2007.04.17 09:05:39.854,1.99835,1.9986,7.70,10.40
2007.04.17 09:05:40.088,1.99835,1.99865,8.00,13.60
2007.04.17 09:05:40.668,1.9984,1.99865,11.00,12.80
2007.04.17 09:05:41.177,1.9984,1.99865,10.90,7.20
2007.04.17 09:05:41.425,1.9984,1.9987,10.70,26.80
2007.04.17 09:05:43.837,1.9984,1.9987,11.50,22.80
2007.04.17 09:05:44.078,1.99845,1.9987,2.50,22.80
2007.04.17 09:05:45.136,1.99845,1.9987,4.90,22.80
2007.04.17 09:05:46.493,1.99845,1.99875,8.40,19.60
2007.04.17 09:05:46.697,1.99845,1.99875,10.80,12.80
2007.04.17 09:05:48.814,1.99845,1.99875,11.20,12.80
2007.04.17 09:05:49.031,1.99845,1.99875,11.20,12.80
2007.04.17 09:05:49.483,1.99845,1.99875,8.80,12.80
2007.04.17 09:05:51.734,1.99845,1.99875,11.20,12.80
2007.04.17 09:05:55.457,1.99845,1.99875,11.20,12.80
2007.04.17 09:05:56.451,1.9985,1.99875,12.00,14.40
2007.04.17 09:05:56.666,1.99855,1.99875,3.20,10.40
2007.04.17 09:05:58.071,1.99855,1.9988,3.20,26.40
2007.04.17 09:05:58.442,1.99855,1.9988,3.20,25.60
2007.04.17 09:06:02.614,1.9986,1.99885,6.60,16.00
2007.04.17 09:06:02.878,1.9986,1.99885,6.60,15.20
2007.04.17 09:06:03.106,1.9986,1.99885,6.80,20.40
2007.04.17 09:06:03.391,1.9986,1.99885,6.70,16.80
2007.04.17 09:06:03.609,1.9986,1.99885,6.70,21.20
2007.04.17 09:06:04.217,1.9986,1.99885,6.80,23.60
2007.04.17 09:06:04.424,1.9986,1.99885,6.80,19.20
2007.04.17 09:06:05.043,1.9986,1.99885,7.00,19.20
2007.04.17 09:06:06.965,1.9987,1.99885,0.80,16.00
2007.04.17 09:06:07.219,1.9987,1.99885,0.80,15.20
2007.04.17 09:06:07.509,1.9987,1.9988,1.60,13.60
2007.04.17 09:06:07.752,1.9987,1.9988,0.80,14.40
2007.04.17 09:06:08.410,1.9987,1.9988,0.80,11.20
2007.04.17 09:06:08.686,1.9986,1.9988,7.20,11.20
2007.04.17 09:06:09.437,1.9986,1.9988,7.20,12.00
2007.04.17 09:06:09.771,1.9986,1.9988,7.20,11.20
2007.04.17 09:06:10.024,1.9986,1.9988,6.60,11.20
2007.04.17 09:06:10.400,1.9986,1.9988,6.60,12.00
2007.04.17 09:06:12.447,1.9986,1.9988,7.00,11.20
2007.04.17 09:06:13.130,1.9986,1.9988,6.60,15.20
2007.04.17 09:06:13.892,1.9986,1.9988,6.70,15.20
2007.04.17 09:06:14.899,1.9986,1.9988,6.60,16.00
2007.04.17 09:06:15.882,1.9986,1.9987,6.40,0.80
2007.04.17 09:06:16.514,1.9986,1.9988,6.50,16.00
2007.04.17 09:06:17.505,1.9986,1.9988,0.50,16.00
2007.04.17 09:06:20.537,1.9986,1.9988,0.80,16.00
2007.04.17 09:06:21.525,1.9985,1.9987,11.20,11.20
2007.04.17 09:06:21.750,1.9985,1.9987,7.20,12.00
2007.04.17 09:06:22.664,1.9986,1.9987,0.30,9.60
2007.04.17 09:06:22.883,1.9985,1.9987,7.50,8.80
2007.04.17 09:06:24.713,1.9985,1.9987,9.10,8.00
2007.04.17 09:06:25.194,1.9985,1.9987,9.00,8.00
2007.04.17 09:06:25.528,1.9986,1.9987,2.40,3.20
2007.04.17 09:06:25.871,1.99855,1.9987,6.10,3.20
2007.04.17 09:06:26.147,1.99855,1.9988,6.90,14.40
2007.04.17 09:06:26.421,1.9985,1.9988,27.00,13.60
2007.04.17 09:06:26.759,1.99855,1.9988,8.40,13.60
2007.04.17 09:06:26.994,1.99855,1.9988,8.80,13.60
2007.04.17 09:06:27.527,1.99855,1.9988,9.60,11.20
2007.04.17 09:06:29.189,1.99855,1.9988,10.40,11.20
2007.04.17 09:06:29.509,1.99855,1.9987,12.50,0.80
2007.04.17 09:06:29.846,1.9986,1.9987,4.00,0.80
2007.04.17 09:06:30.086,1.9986,1.9987,13.80,0.80
2007.04.17 09:06:30.332,1.99855,1.9987,13.90,0.80
2007.04.17 09:06:30.558,1.9986,1.9987,16.90,0.20
2007.04.17 09:06:30.827,1.99855,1.9988,20.80,7.20
2007.04.17 09:06:31.393,1.99855,1.9988,22.40,7.20
2007.04.17 09:06:31.835,1.99855,1.9988,22.60,6.40
2007.04.17 09:06:32.078,1.9986,1.9988,19.00,6.40
2007.04.17 09:06:32.831,1.9986,1.9988,15.00,10.40
2007.04.17 09:06:33.076,1.9986,1.9987,2.30,5.60
2007.04.17 09:06:33.504,1.9985,1.9987,27.60,6.40
2007.04.17 09:06:33.740,1.9985,1.9987,27.60,6.40
2007.04.17 09:06:33.997,1.9985,1.9987,25.20,6.40
2007.04.17 09:06:34.236,1.9985,1.9987,21.30,11.20
2007.04.17 09:06:34.727,1.9986,1.9987,0.10,7.20
2007.04.17 09:06:36.152,1.99845,1.9986,8.80,4.60
2007.04.17 09:06:36.196,1.99845,1.9987,16.00,16.20
2007.04.17 09:06:36.383,1.99845,1.9987,7.60,16.20
2007.04.17 09:06:36.636,1.99845,1.99875,12.00,15.20
2007.04.17 09:06:37.482,1.99845,1.99875,14.40,15.20
2007.04.17 09:06:38.810,1.99845,1.99875,14.40,12.00
2007.04.17 09:06:39.015,1.99845,1.99875,16.80,12.00
2007.04.17 09:06:39.407,1.99845,1.9988,16.00,19.20
2007.04.17 09:06:39.680,1.9985,1.9988,13.90,19.20
2007.04.17 09:06:40.137,1.9985,1.9988,13.90,19.20
2007.04.17 09:06:40.355,1.9985,1.9988,17.00,16.00
2007.04.17 09:06:40.623,1.9985,1.9988,14.40,16.00
2007.04.17 09:06:41.717,1.99845,1.9988,19.20,19.20
2007.04.17 09:06:42.117,1.99845,1.99875,18.40,11.20
2007.04.17 09:06:42.346,1.99845,1.99875,14.40,14.40
2007.04.17 09:06:42.736,1.99845,1.99875,17.60,13.60
2007.04.17 09:06:44.068,1.9985,1.99875,13.00,12.00
2007.04.17 09:06:44.447,1.99845,1.99875,20.00,12.00
2007.04.17 09:06:44.685,1.99845,1.99875,19.20,9.60
2007.04.17 09:06:44.945,1.9985,1.9988,13.60,27.60
2007.04.17 09:06:45.200,1.9986,1.9988,0.80,20.80
2007.04.17 09:06:46.769,1.9986,1.9988,1.00,21.60
2007.04.17 09:06:47.662,1.9986,1.99875,0.80,11.20
2007.04.17 09:06:47.868,1.9985,1.99875,7.20,14.40
2007.04.17 09:06:48.696,1.9985,1.9987,6.30,15.60
2007.04.17 09:06:49.040,1.9985,1.99875,7.10,12.80
2007.04.17 09:06:49.416,1.9985,1.99875,7.20,13.60
2007.04.17 09:06:49.712,1.9985,1.99875,10.40,13.60
2007.04.17 09:06:50.099,1.9985,1.99875,7.20,13.60
2007.04.17 09:06:50.715,1.9985,1.99875,7.20,15.20
2007.04.17 09:06:51.429,1.9985,1.99875,7.00,15.20
2007.04.17 09:06:52.758,1.9985,1.99875,6.60,15.20
2007.04.17 09:06:53.094,1.9985,1.99875,4.20,15.20
2007.04.17 09:06:53.381,1.9985,1.99875,4.30,15.20
2007.04.17 09:06:54.750,1.9985,1.99875,6.70,15.20
2007.04.17 09:06:56.026,1.9985,1.99875,6.80,15.20
2007.04.17 09:06:56.251,1.9985,1.99875,4.40,15.20
2007.04.17 09:06:56.622,1.9985,1.99875,4.40,18.40
2007.04.17 09:06:57.079,1.9985,1.9987,4.40,14.40
2007.04.17 09:06:58.406,1.9985,1.9987,4.50,14.40
2007.04.17 09:06:59.069,1.9985,1.9987,1.30,16.80
2007.04.17 09:06:59.301,1.9984,1.9986,6.20,16.40
2007.04.17 09:06:59.759,1.9985,1.9986,0.60,8.80
2007.04.17 09:06:59.967,1.9984,1.9987,15.20,32.70
2007.04.17 09:07:00.207,1.9984,1.9986,5.50,15.20
2007.04.17 09:07:00.423,1.9984,1.9986,5.50,15.20
2007.04.17 09:07:00.630,1.9984,1.99855,5.00,3.20
2007.04.17 09:07:00.981,1.9984,1.99855,5.20,3.20
2007.04.17 09:07:01.985,1.9984,1.9986,5.20,16.40
2007.04.17 09:07:02.265,1.9984,1.9986,7.10,17.20
2007.04.17 09:07:02.499,1.9984,1.9986,8.90,16.40
2007.04.17 09:07:02.749,1.9985,1.9987,0.50,14.40
2007.04.17 09:07:03.559,1.9985,1.99865,0.50,7.20
2007.04.17 09:07:03.820,1.9985,1.99865,0.50,10.40
2007.04.17 09:07:04.336,1.9985,1.99865,0.40,10.40
2007.04.17 09:07:04.607,1.9985,1.99865,0.80,10.40
2007.04.17 09:07:05.069,1.9985,1.99865,0.80,8.00
2007.04.17 09:07:06.410,1.9985,1.99865,0.50,8.00
2007.04.17 09:07:06.886,1.9985,1.99865,0.30,8.00
2007.04.17 09:07:07.156,1.9985,1.99865,0.50,8.00
2007.04.17 09:07:07.400,1.9985,1.99865,0.30,8.00
2007.04.17 09:07:07.706,1.9985,1.99865,0.50,8.00
2007.04.17 09:07:07.927,1.9985,1.99865,2.80,5.60
2007.04.17 09:07:09.674,1.9985,1.99865,2.50,5.60
2007.04.17 09:07:10.061,1.9985,1.99865,2.50,3.20
2007.04.17 09:07:10.325,1.9985,1.99865,6.50,3.20
2007.04.17 09:07:10.708,1.9985,1.99865,4.00,6.40
2007.04.17 09:07:11.055,1.9985,1.99865,4.00,5.60
2007.04.17 09:07:11.322,1.9985,1.99865,6.40,5.60
2007.04.17 09:07:11.640,1.9985,1.99865,2.40,6.40
2007.04.17 09:07:14.719,1.9984,1.9986,8.00,10.40
2007.04.17 09:07:16.686,1.9985,1.99865,4.00,9.60
2007.04.17 09:07:16.943,1.9985,1.99865,4.00,8.80
2007.04.17 09:07:17.316,1.9984,1.99865,8.80,9.60
2007.04.17 09:07:19.019,1.9984,1.99865,8.40,9.60
2007.04.17 09:07:19.904,1.9984,1.99865,8.50,9.60
2007.04.17 09:07:20.208,1.9984,1.99865,8.80,9.60
2007.04.17 09:07:22.345,1.9984,1.99865,8.70,9.60
2007.04.17 09:07:22.613,1.9984,1.99865,8.40,9.60
2007.04.17 09:07:23.346,1.9984,1.99865,8.50,9.60
2007.04.17 09:07:23.681,1.9984,1.99865,8.80,9.60
2007.04.17 09:07:23.919,1.9984,1.99865,8.80,9.60
2007.04.17 09:07:26.679,1.9984,1.99865,8.80,12.00
2007.04.17 09:07:29.667,1.9984,1.99865,8.50,12.00
2007.04.17 09:07:29.997,1.9984,1.99865,8.60,12.00
2007.04.17 09:07:32.320,1.9984,1.99865,8.50,12.00
2007.04.17 09:07:34.645,1.9985,1.99865,4.00,12.80
2007.04.17 09:07:45.825,1.9984,1.9986,8.60,11.20
2007.04.17 09:07:45.865,1.9984,1.99865,8.60,15.20
2007.04.17 09:07:46.029,1.9984,1.99865,8.40,15.20
2007.04.17 09:07:46.601,1.9984,1.99865,8.30,12.80
2007.04.17 09:07:46.930,1.9984,1.99865,8.20,12.80
2007.04.17 09:07:47.273,1.9984,1.99865,8.00,12.80
2007.04.17 09:07:47.880,1.9984,1.99865,8.20,13.60
2007.04.17 09:07:48.257,1.9984,1.99865,8.30,13.60
2007.04.17 09:07:48.945,1.9984,1.99865,8.40,13.60
2007.04.17 09:07:49.277,1.9984,1.99865,8.50,13.60
2007.04.17 09:07:50.262,1.9984,1.99865,8.40,12.80
2007.04.17 09:07:50.467,1.9984,1.99865,8.20,12.80
2007.04.17 09:07:50.772,1.9984,1.99865,8.30,15.20
2007.04.17 09:07:51.091,1.9984,1.99865,8.20,15.20
2007.04.17 09:07:52.224,1.9985,1.99865,4.00,8.80
2007.04.17 09:07:53.871,1.9985,1.99865,4.00,6.40
2007.04.17 09:07:55.197,1.9985,1.99865,4.00,8.80
2007.04.17 09:08:00.223,1.9985,1.99865,4.00,7.20
2007.04.17 09:08:00.510,1.9985,1.99865,4.80,7.20
2007.04.17 09:08:01.005,1.9984,1.99865,26.40,12.80
2007.04.17 09:08:03.555,1.9985,1.9987,4.80,25.10
2007.04.17 09:08:04.763,1.9985,1.9987,4.80,25.90
2007.04.17 09:08:06.157,1.9985,1.9987,4.00,26.20
2007.04.17 09:08:06.370,1.9985,1.99865,6.40,6.40
2007.04.17 09:08:06.883,1.9985,1.99865,4.00,6.40
2007.04.17 09:08:10.193,1.9985,1.99865,4.00,8.80
2007.04.17 09:08:12.821,1.9984,1.99865,26.40,16.00
2007.04.17 09:08:14.192,1.9984,1.9986,3.60,7.20
2007.04.17 09:08:14.229,1.99835,1.99865,21.00,8.80
2007.04.17 09:08:14.410,1.99835,1.99865,15.40,15.20
2007.04.17 09:08:14.850,1.99835,1.99865,12.20,15.20
2007.04.17 09:08:15.422,1.99835,1.99865,15.40,15.20
2007.04.17 09:08:15.740,1.99835,1.9986,11.40,17.20
2007.04.17 09:08:21.768,1.9984,1.9986,18.70,10.00
2007.04.17 09:08:22.014,1.9984,1.99865,22.70,8.80
2007.04.17 09:08:22.486,1.9984,1.99865,23.10,8.80
2007.04.17 09:08:24.147,1.9984,1.99865,15.80,8.80
2007.04.17 09:08:24.691,1.99835,1.99865,18.20,11.20
2007.04.17 09:08:25.145,1.99835,1.99865,17.40,11.20
2007.04.17 09:08:25.598,1.99835,1.99865,19.60,11.20
2007.04.17 09:08:25.811,1.99835,1.99865,14.00,15.20
2007.04.17 09:08:26.150,1.99835,1.99865,10.80,16.00
2007.04.17 09:08:26.387,1.99835,1.9986,7.60,22.00
2007.04.17 09:08:26.807,1.99835,1.99865,8.40,22.40
2007.04.17 09:08:27.019,1.99835,1.99865,8.40,18.00
2007.04.17 09:08:27.452,1.99835,1.99865,11.50,18.00
2007.04.17 09:08:28.086,1.99835,1.99865,14.70,18.00
2007.04.17 09:08:28.454,1.99835,1.99865,11.90,18.00
2007.04.17 09:08:28.798,1.99835,1.9986,9.20,14.00
2007.04.17 09:08:29.015,1.9983,1.9986,26.20,18.40
2007.04.17 09:08:29.689,1.9983,1.9986,26.30,18.40
2007.04.17 09:08:31.758,1.9983,1.9986,26.30,24.00
2007.04.17 09:08:36.764,1.9983,1.9986,26.20,25.20
2007.04.17 09:08:38.099,1.9983,1.9986,26.30,25.20
2007.04.17 09:08:39.395,1.9983,1.9986,25.40,25.20
2007.04.17 09:08:40.417,1.99835,1.9986,8.80,19.60
2007.04.17 09:08:42.378,1.99835,1.9986,8.70,19.20
2007.04.17 09:08:42.747,1.99835,1.9986,8.80,19.20
2007.04.17 09:08:43.401,1.99835,1.9986,8.70,19.20
2007.04.17 09:08:44.404,1.99835,1.9986,8.40,23.20
2007.04.17 09:08:45.733,1.99835,1.9986,6.00,23.20
2007.04.17 09:08:46.963,1.99835,1.9986,6.80,20.80
2007.04.17 09:08:49.374,1.99835,1.9986,6.90,20.80
2007.04.17 09:08:58.901,1.9984,1.9986,15.20,12.80
2007.04.17 09:08:59.161,1.9984,1.99865,16.00,12.40
2007.04.17 09:08:59.374,1.99835,1.9986,9.60,16.80
2007.04.17 09:09:00.363,1.99835,1.9986,7.20,16.80
2007.04.17 09:09:09.336,1.9984,1.9986,5.60,16.80
2007.04.17 09:09:10.660,1.9984,1.9986,5.70,16.80
2007.04.17 09:09:12.319,1.9984,1.9986,5.70,16.80
2007.04.17 09:09:24.534,1.9984,1.99865,6.50,18.00
2007.04.17 09:09:32.905,1.9984,1.99865,6.30,18.00
2007.04.17 09:09:33.449,1.9985,1.99865,0.20,17.60
2007.04.17 09:09:33.906,1.9985,1.99865,0.20,16.00
2007.04.17 09:09:34.467,1.9985,1.99865,0.20,15.20
2007.04.17 09:09:38.170,1.9984,1.99855,4.80,2.40
2007.04.17 09:09:38.513,1.9984,1.99855,1.60,2.40
2007.04.17 09:09:39.550,1.9984,1.99855,3.90,2.40
2007.04.17 09:09:41.543,1.9984,1.99855,7.90,2.40
2007.04.17 09:09:41.870,1.9984,1.99855,10.30,2.40
2007.04.17 09:09:42.224,1.9985,1.99855,0.80,2.40
2007.04.17 09:09:56.462,1.9985,1.99855,0.80,6.40
2007.04.17 09:09:56.725,1.9984,1.99855,3.60,6.40
2007.04.17 09:09:57.027,1.9984,1.99855,1.20,6.40
2007.04.17 09:09:57.453,1.9984,1.99855,3.60,6.40
2007.04.17 09:09:58.477,1.9984,1.99855,3.70,6.40
2007.04.17 09:09:58.801,1.9984,1.99855,3.60,6.40
2007.04.17 09:09:59.044,1.9984,1.99855,3.60,6.40
2007.04.17 09:09:59.475,1.9984,1.99855,1.20,6.40
2007.04.17 09:10:03.902,1.9983,1.99855,27.00,11.20
2007.04.17 09:10:05.447,1.9983,1.99855,27.00,2.40
2007.04.17 09:10:05.698,1.99835,1.99855,2.80,1.70
2007.04.17 09:10:05.911,1.99835,1.9986,3.90,14.90
2007.04.17 09:10:06.122,1.99835,1.9986,6.30,12.40
2007.04.17 09:10:06.443,1.99835,1.9986,6.40,10.40
2007.04.17 09:10:06.659,1.99835,1.9986,8.80,10.50
2007.04.17 09:10:07.767,1.99835,1.9986,12.80,10.50
2007.04.17 09:10:10.052,1.99835,1.9986,8.00,12.90
2007.04.17 09:10:10.258,1.99835,1.9986,7.50,20.50
2007.04.17 09:10:11.414,1.9983,1.9986,22.90,25.60
2007.04.17 09:10:11.616,1.99825,1.9986,13.60,48.40
2007.04.17 09:10:11.840,1.99825,1.99855,10.40,18.00
2007.04.17 09:10:12.419,1.99825,1.99855,7.90,18.00
2007.04.17 09:10:12.657,1.99825,1.99855,7.80,18.80
2007.04.17 09:10:19.223,1.99825,1.99855,10.20,18.80
2007.04.17 09:10:20.056,1.99825,1.99855,10.50,18.00
2007.04.17 09:10:23.377,1.99825,1.99855,10.50,15.60
2007.04.17 09:10:23.612,1.99825,1.99855,10.80,14.80
2007.04.17 09:10:25.893,1.99825,1.99855,10.80,17.20
2007.04.17 09:10:26.788,1.99825,1.99855,10.50,17.20
2007.04.17 09:10:30.777,1.99825,1.99855,10.40,17.20
2007.04.17 09:10:33.952,1.9983,1.99855,9.00,17.20
2007.04.17 09:10:37.304,1.9983,1.99855,8.60,18.00
2007.04.17 09:10:38.621,1.9983,1.99855,8.40,18.00
2007.04.17 09:10:39.209,1.9983,1.99855,8.50,18.00
2007.04.17 09:10:40.944,1.9983,1.99855,8.80,21.20
2007.04.17 09:10:41.246,1.9983,1.99855,8.90,19.20
2007.04.17 09:10:41.513,1.9983,1.99855,8.90,18.40
2007.04.17 09:10:43.255,1.9983,1.99855,8.80,18.40
2007.04.17 09:10:45.547,1.9983,1.99855,8.80,19.20
2007.04.17 09:10:45.797,1.9983,1.99855,8.80,21.20
2007.04.17 09:10:48.963,1.9983,1.99855,4.00,20.40
2007.04.17 09:10:49.188,1.9983,1.99845,3.00,8.00
2007.04.17 09:10:49.618,1.9984,1.99845,4.80,6.40
2007.04.17 09:10:49.817,1.9984,1.99855,4.80,5.60
2007.04.17 09:10:50.129,1.9983,1.99855,9.20,10.40
2007.04.17 09:10:50.368,1.99825,1.99855,10.00,19.20
2007.04.17 09:10:50.400,1.99825,1.99855,8.40,12.80
2007.04.17 09:10:50.620,1.99825,1.99855,13.20,12.80
2007.04.17 09:10:52.894,1.99825,1.99855,21.30,12.00
2007.04.17 09:10:53.122,1.9983,1.99855,10.00,16.40
2007.04.17 09:10:53.321,1.9982,1.99845,11.60,6.40
2007.04.17 09:10:53.630,1.9982,1.99845,9.20,7.20
2007.04.17 09:10:58.816,1.9983,1.99845,2.50,6.40
2007.04.17 09:11:02.061,1.9983,1.99845,2.50,9.60
2007.04.17 09:11:03.101,1.9983,1.99845,5.30,8.00
2007.04.17 09:11:03.328,1.9983,1.99845,6.10,5.60
2007.04.17 09:11:05.801,1.9983,1.99845,6.10,6.40
2007.04.17 09:11:08.452,1.9983,1.99845,5.90,6.40
2007.04.17 09:11:08.727,1.9983,1.99845,5.20,6.40
2007.04.17 09:11:08.970,1.9983,1.99845,5.50,6.40
2007.04.17 09:11:09.476,1.9983,1.99845,5.20,5.60
2007.04.17 09:11:13.006,1.9983,1.9985,7.60,18.30
2007.04.17 09:11:13.676,1.9983,1.9985,8.40,18.30
2007.04.17 09:11:14.940,1.9983,1.9985,8.60,15.60
2007.04.17 09:11:15.995,1.99835,1.9985,1.60,13.20
2007.04.17 09:11:16.237,1.9984,1.99855,0.80,12.80
2007.04.17 09:11:16.628,1.9983,1.9985,11.50,11.20
2007.04.17 09:11:16.854,1.9984,1.9986,0.20,41.00
2007.04.17 09:11:17.088,1.9984,1.9985,0.20,10.80
2007.04.17 09:11:17.327,1.9984,1.9985,3.20,8.80
2007.04.17 09:11:17.991,1.9984,1.9985,3.40,8.80
2007.04.17 09:11:18.256,1.9984,1.9985,3.60,8.00
2007.04.17 09:11:18.481,1.9984,1.99855,4.40,13.60
2007.04.17 09:11:21.635,1.9984,1.99855,4.50,12.00
2007.04.17 09:11:22.627,1.9984,1.99855,1.20,13.60
2007.04.17 09:11:23.143,1.9984,1.9985,1.00,14.00
2007.04.17 09:11:23.381,1.9984,1.9985,0.80,17.20
2007.04.17 09:11:23.964,1.9983,1.9985,7.30,17.20
2007.04.17 09:11:25.289,1.9983,1.9985,7.00,20.40
2007.04.17 09:11:30.932,1.9983,1.9985,6.90,20.40
2007.04.17 09:11:31.931,1.9983,1.9985,7.20,19.60
2007.04.17 09:11:32.235,1.9983,1.9985,7.30,18.80
2007.04.17 09:11:35.499,1.9983,1.9985,6.90,20.60
2007.04.17 09:11:35.912,1.9983,1.9985,7.00,20.60
2007.04.17 09:11:36.576,1.9983,1.9985,6.80,20.60
2007.04.17 09:11:38.199,1.9983,1.9985,7.20,18.80
2007.04.17 09:11:38.570,1.9983,1.9985,7.50,18.80
2007.04.17 09:11:39.881,1.9983,1.9985,8.40,18.80
2007.04.17 09:11:40.105,1.9984,1.9985,0.30,18.80
2007.04.17 09:11:41.234,1.9984,1.9985,0.80,18.80
2007.04.17 09:11:42.555,1.9984,1.9985,0.60,18.80
2007.04.17 09:11:42.888,1.9984,1.9985,0.30,19.60
2007.04.17 09:11:43.535,1.9984,1.9985,0.50,18.80
2007.04.17 09:11:43.788,1.9984,1.9985,0.80,18.80
2007.04.17 09:11:46.211,1.9984,1.9985,0.80,18.00
2007.04.17 09:11:46.548,1.9984,1.9985,0.50,18.00
2007.04.17 09:11:47.873,1.9984,1.9985,0.60,18.80
2007.04.17 09:11:48.123,1.9984,1.9985,0.50,18.80
2007.04.17 09:11:48.764,1.9984,1.99855,0.80,15.20
2007.04.17 09:11:48.987,1.9984,1.99855,0.90,14.40
2007.04.17 09:11:50.858,1.9984,1.99855,0.80,14.40
2007.04.17 09:11:52.096,1.9984,1.99855,5.80,8.80
2007.04.17 09:11:54.178,1.9984,1.99855,1.20,15.20
2007.04.17 09:11:54.416,1.9984,1.99855,0.40,22.80
2007.04.17 09:11:54.846,1.9984,1.99855,0.60,22.00
2007.04.17 09:11:55.511,1.9984,1.99855,0.60,21.20
2007.04.17 09:11:55.796,1.9984,1.99855,0.80,18.00
2007.04.17 09:11:56.011,1.9985,1.99855,0.20,18.00
2007.04.17 09:11:56.733,1.9985,1.99855,0.30,14.40
2007.04.17 09:11:57.232,1.9985,1.99855,0.50,14.40
2007.04.17 09:11:58.178,1.9985,1.99855,0.20,14.40
2007.04.17 09:11:58.740,1.9986,1.9987,0.80,34.30
2007.04.17 09:11:58.945,1.9987,1.9988,0.80,4.00
2007.04.17 09:11:59.183,1.9987,1.9988,0.30,0.80
2007.04.17 09:11:59.451,1.9987,1.9988,0.60,0.80
2007.04.17 09:11:59.681,1.9987,1.9988,4.80,7.20
2007.04.17 09:12:00.695,1.9986,1.9988,8.80,9.60
2007.04.17 09:12:00.910,1.9987,1.9988,0.30,14.80
2007.04.17 09:12:01.171,1.9987,1.9988,0.20,14.80
2007.04.17 09:12:01.686,1.9987,1.9988,0.20,9.60
2007.04.17 09:12:01.891,1.9987,1.9988,0.50,9.60
2007.04.17 09:12:02.161,1.9985,1.9986,11.40,6.40
2007.04.17 09:12:02.441,1.9985,1.9986,3.60,12.40
2007.04.17 09:12:02.825,1.9985,1.9986,1.30,8.00
2007.04.17 09:12:03.102,1.9985,1.99865,0.50,12.40
2007.04.17 09:12:03.326,1.9985,1.9987,0.40,42.30
2007.04.17 09:12:03.742,1.9985,1.9987,0.30,42.30
2007.04.17 09:12:04.118,1.9985,1.9987,0.60,42.30
2007.04.17 09:12:04.322,1.9985,1.9986,2.40,14.80
2007.04.17 09:12:04.726,1.9985,1.9986,2.40,14.80
2007.04.17 09:12:05.151,1.9985,1.9986,2.80,11.60
2007.04.17 09:12:05.407,1.9986,1.9987,0.20,13.60
2007.04.17 09:12:05.622,1.9986,1.9987,0.20,19.20
2007.04.17 09:12:05.899,1.9985,1.9987,3.20,15.20
2007.04.17 09:12:06.495,1.9985,1.9987,7.20,15.20
2007.04.17 09:12:07.241,1.9985,1.9987,5.20,13.60
2007.04.17 09:12:07.700,1.9985,1.9987,5.10,13.60
2007.04.17 09:12:07.939,1.9985,1.9987,7.50,13.60
2007.04.17 09:12:08.699,1.9986,1.9987,0.30,11.20
2007.04.17 09:12:09.129,1.9986,1.99875,0.30,15.20
2007.04.17 09:12:10.477,1.9986,1.99875,0.30,17.60
2007.04.17 09:12:11.146,1.9986,1.99875,0.30,18.40
2007.04.17 09:12:12.047,1.9986,1.99875,0.30,18.40
2007.04.17 09:12:13.412,1.9986,1.99875,0.30,16.00
2007.04.17 09:12:14.132,1.9986,1.99875,0.30,19.20
2007.04.17 09:12:14.404,1.9986,1.99875,0.20,19.20
2007.04.17 09:12:14.741,1.9985,1.9987,3.20,21.20
2007.04.17 09:12:15.246,1.9985,1.9987,3.10,22.00
2007.04.17 09:12:15.467,1.9985,1.99865,3.10,7.20
2007.04.17 09:12:16.416,1.9985,1.99865,0.70,8.00
2007.04.17 09:12:18.730,1.9985,1.99865,0.70,10.40
2007.04.17 09:12:24.703,1.9985,1.99865,0.60,10.00
2007.04.17 09:12:25.033,1.9985,1.99865,0.60,12.40
2007.04.17 09:12:25.317,1.9985,1.9987,0.60,43.90
2007.04.17 09:12:25.993,1.9985,1.9986,0.60,12.40
2007.04.17 09:12:27.947,1.9984,1.9986,8.80,12.40
2007.04.17 09:12:32.728,1.9984,1.9985,1.60,12.80
2007.04.17 09:12:33.003,1.9983,1.9985,10.30,20.40
2007.04.17 09:12:33.405,1.9983,1.9985,9.50,20.40
2007.04.17 09:12:33.720,1.9983,1.9985,9.20,20.40
2007.04.17 09:12:34.332,1.9984,1.9985,4.00,18.00
2007.04.17 09:12:34.658,1.9984,1.9985,4.40,18.00
2007.04.17 09:12:34.862,1.9984,1.9985,0.60,18.80
2007.04.17 09:12:35.159,1.9984,1.9985,0.50,18.80
2007.04.17 09:12:37.725,1.9983,1.9985,9.20,19.60
2007.04.17 09:12:38.265,1.9983,1.9985,6.80,19.60
2007.04.17 09:12:39.283,1.9984,1.99855,0.20,12.80
2007.04.17 09:12:39.545,1.9984,1.99855,0.20,11.20
2007.04.17 09:12:39.776,1.9984,1.99855,0.30,9.60
2007.04.17 09:12:40.277,1.9984,1.99855,0.30,7.20
2007.04.17 09:12:42.277,1.9984,1.99855,0.20,20.00
2007.04.17 09:12:42.482,1.9984,1.9985,0.20,21.20
2007.04.17 09:12:44.642,1.9984,1.99855,0.30,18.00
2007.04.17 09:12:44.883,1.9984,1.99855,0.30,14.80
2007.04.17 09:12:46.231,1.9984,1.99855,0.30,15.60
2007.04.17 09:12:48.278,1.9984,1.99855,0.30,19.20
2007.04.17 09:12:48.490,1.9984,1.99855,0.20,18.40
2007.04.17 09:12:48.833,1.9984,1.9985,0.20,20.40
2007.04.17 09:12:49.356,1.9983,1.9985,10.30,20.40
2007.04.17 09:12:51.890,1.9983,1.9985,8.40,20.40
2007.04.17 09:12:53.340,1.9983,1.9985,7.60,20.40
2007.04.17 09:12:56.328,1.9983,1.99855,9.30,16.00
2007.04.17 09:12:57.657,1.9983,1.99855,10.10,16.00
2007.04.17 09:12:58.295,1.9983,1.99855,10.10,15.20
2007.04.17 09:13:00.322,1.9983,1.99855,9.30,16.00
2007.04.17 09:13:02.946,1.9984,1.99855,0.50,12.80
2007.04.17 09:13:03.309,1.9984,1.99855,0.50,12.80
2007.04.17 09:13:03.528,1.9983,1.99855,9.30,15.20
2007.04.17 09:13:03.789,1.9983,1.99855,9.30,16.00
2007.04.17 09:13:05.300,1.9983,1.99855,10.90,16.00
2007.04.17 09:13:05.944,1.9983,1.99855,10.80,17.60
2007.04.17 09:13:06.188,1.9983,1.9985,10.00,20.40
2007.04.17 09:13:06.629,1.9984,1.9985,0.50,20.40
2007.04.17 09:13:06.839,1.9984,1.99855,0.50,16.00
2007.04.17 09:13:07.066,1.9984,1.99855,0.50,15.20
2007.04.17 09:13:13.268,1.9984,1.99855,0.60,15.20
2007.04.17 09:13:13.928,1.9984,1.99855,0.60,15.20
2007.04.17 09:13:18.242,1.9984,1.99855,5.60,14.40
2007.04.17 09:13:18.503,1.9984,1.99855,5.60,9.60
2007.04.17 09:13:19.242,1.9984,1.99855,5.60,8.80
2007.04.17 09:13:21.821,1.9984,1.99855,5.60,9.60
2007.04.17 09:13:24.251,1.9984,1.99855,1.40,9.60
2007.04.17 09:13:24.558,1.9984,1.99855,0.60,10.40
2007.04.17 09:13:24.889,1.9984,1.99855,0.50,12.80
2007.04.17 09:13:25.032,1.9983,1.99855,15.40,20.80
2007.04.17 09:13:25.163,1.9983,1.99855,11.20,14.40
2007.04.17 09:13:25.397,1.9983,1.99855,11.20,15.20
2007.04.17 09:13:25.852,1.9983,1.99855,10.40,16.00
2007.04.17 09:13:27.877,1.9983,1.99855,9.50,16.00
2007.04.17 09:13:30.510,1.9983,1.99855,9.60,16.00
2007.04.17 09:13:33.520,1.9983,1.99855,9.40,16.00
2007.04.17 09:13:34.391,1.9983,1.99855,9.50,13.60
2007.04.17 09:13:34.857,1.9983,1.99855,15.40,10.40
2007.04.17 09:13:35.358,1.9983,1.99855,17.00,7.20
2007.04.17 09:13:35.849,1.9983,1.99855,17.00,8.00
2007.04.17 09:13:37.511,1.9983,1.99855,17.00,7.20
2007.04.17 09:13:38.385,1.9983,1.99855,29.30,7.20
2007.04.17 09:13:38.628,1.9983,1.99855,31.30,6.40
2007.04.17 09:13:38.837,1.9983,1.99855,31.30,6.40
2007.04.17 09:13:40.384,1.9983,1.99855,31.30,6.40
2007.04.17 09:13:40.830,1.9983,1.99855,27.30,6.40
2007.04.17 09:13:41.403,1.9983,1.99855,31.30,6.40
2007.04.17 09:13:42.719,1.9983,1.99855,31.30,7.20
2007.04.17 09:13:42.979,1.9983,1.99855,19.00,10.40
2007.04.17 09:13:53.316,1.9983,1.99845,9.70,2.40
2007.04.17 09:13:53.573,1.9983,1.99845,9.80,2.40
2007.04.17 09:13:55.037,1.9984,1.99855,0.60,13.60
2007.04.17 09:13:55.234,1.9984,1.99855,0.60,14.40
2007.04.17 09:13:56.025,1.9984,1.99845,0.60,2.40
2007.04.17 09:13:56.559,1.9984,1.99845,0.50,2.40
2007.04.17 09:13:57.986,1.9984,1.9985,5.90,7.20
2007.04.17 09:13:58.252,1.9984,1.99855,6.00,9.60
2007.04.17 09:13:58.518,1.9984,1.99855,5.60,9.60
2007.04.17 09:13:58.824,1.9984,1.99855,5.90,9.60
2007.04.17 09:14:01.338,1.9984,1.9985,1.90,10.40
2007.04.17 09:14:01.609,1.9984,1.99845,0.70,2.40
2007.04.17 09:14:01.932,1.9984,1.9985,6.00,9.60
2007.04.17 09:14:02.140,1.9984,1.99855,6.00,5.60
2007.04.17 09:14:02.908,1.9984,1.99855,6.20,5.60
2007.04.17 09:14:03.336,1.9984,1.99855,0.60,7.20
2007.04.17 09:14:03.605,1.9984,1.99845,0.20,2.40
2007.04.17 09:14:03.889,1.9984,1.99845,0.40,2.40
2007.04.17 09:14:04.155,1.9985,1.99855,0.30,15.20
2007.04.17 09:14:04.389,1.9985,1.99855,0.30,16.80
2007.04.17 09:14:04.931,1.9984,1.99855,2.90,13.60
2007.04.17 09:14:05.184,1.9984,1.99855,2.90,13.60
2007.04.17 09:14:05.404,1.9984,1.99855,0.70,10.40
2007.04.17 09:14:05.988,1.9984,1.99855,1.00,9.60
2007.04.17 09:14:07.995,1.9984,1.99855,0.70,10.40
2007.04.17 09:14:08.487,1.9984,1.99855,0.80,9.60
2007.04.17 09:14:09.346,1.9984,1.99855,5.60,9.60
2007.04.17 09:14:10.006,1.9984,1.99855,5.80,9.60
2007.04.17 09:14:10.337,1.9984,1.99855,6.60,8.80
2007.04.17 09:14:13.990,1.9984,1.99855,6.80,8.80
2007.04.17 09:14:15.317,1.9985,1.9986,0.40,21.60
2007.04.17 09:14:15.584,1.9985,1.9986,0.30,21.60
2007.04.17 09:14:15.799,1.9985,1.9986,0.60,24.00
2007.04.17 09:14:16.124,1.9985,1.99855,0.60,8.80
2007.04.17 09:14:16.443,1.9984,1.99855,0.70,9.60
2007.04.17 09:14:17.868,1.9984,1.99855,0.70,8.80
2007.04.17 09:14:18.087,1.9986,1.9987,0.50,41.50
2007.04.17 09:14:18.309,1.9985,1.99855,0.30,8.80
2007.04.17 09:14:18.516,1.9985,1.99855,0.30,12.00
2007.04.17 09:14:18.877,1.9985,1.99855,0.30,8.80
2007.04.17 09:14:19.504,1.9984,1.99855,0.70,9.60
2007.04.17 09:14:19.942,1.9984,1.99855,5.80,4.80
2007.04.17 09:14:20.245,1.9984,1.99855,4.90,5.60
2007.04.17 09:14:20.450,1.9984,1.99855,0.20,9.60
2007.04.17 09:14:20.661,1.9985,1.99855,0.30,8.80
2007.04.17 09:14:20.952,1.9984,1.99855,0.20,9.60
2007.04.17 09:14:21.240,1.9984,1.99855,0.40,9.60
2007.04.17 09:14:21.513,1.9984,1.99855,0.60,9.60
2007.04.17 09:14:21.748,1.9984,1.99855,0.60,9.60
2007.04.17 09:14:22.330,1.9984,1.99855,0.70,9.60
2007.04.17 09:14:22.988,1.9984,1.99855,0.90,9.60
2007.04.17 09:14:25.627,1.9984,1.9985,0.90,8.00
2007.04.17 09:14:25.854,1.9984,1.9985,0.60,8.80
2007.04.17 09:14:26.103,1.9984,1.99855,1.20,9.60
2007.04.17 09:14:31.286,1.9984,1.99855,5.20,9.60
2007.04.17 09:14:31.623,1.9984,1.99855,5.20,8.80
2007.04.17 09:14:32.045,1.9984,1.9986,6.80,19.20
2007.04.17 09:14:32.368,1.9984,1.9986,6.00,23.60
2007.04.17 09:14:32.917,1.9985,1.9986,0.30,23.60
2007.04.17 09:14:33.335,1.9985,1.9986,0.40,23.60
2007.04.17 09:14:34.029,1.9985,1.9986,0.20,20.40
2007.04.17 09:14:35.694,1.9985,1.9986,0.20,20.00
2007.04.17 09:14:36.016,1.9984,1.9986,4.90,20.40
2007.04.17 09:14:40.434,1.9984,1.9986,5.70,20.40
2007.04.17 09:14:40.640,1.9984,1.9986,5.90,20.40
2007.04.17 09:14:40.967,1.9984,1.99855,1.70,8.80
2007.04.17 09:14:41.178,1.9984,1.99855,0.90,9.60
2007.04.17 09:14:42.943,1.9984,1.99855,5.10,11.20
2007.04.17 09:14:43.200,1.9984,1.99855,5.90,8.80
2007.04.17 09:14:45.363,1.9984,1.99855,5.70,8.80
2007.04.17 09:14:50.900,1.9984,1.99855,5.80,8.80
2007.04.17 09:14:52.340,1.9984,1.9986,1.80,26.00
2007.04.17 09:14:52.634,1.9984,1.99855,1.00,10.40
2007.04.17 09:14:54.329,1.9984,1.99855,5.00,12.00
2007.04.17 09:14:54.659,1.9984,1.99855,5.80,8.80
2007.04.17 09:14:57.351,1.9984,1.9986,1.00,26.00
2007.04.17 09:14:57.685,1.9984,1.99855,1.00,10.40
2007.04.17 09:15:00.010,1.9984,1.99855,5.80,11.20
2007.04.17 09:15:04.992,1.9984,1.9985,1.50,8.00
2007.04.17 09:15:05.239,1.9984,1.9985,0.50,8.80
2007.04.17 09:15:05.524,1.9984,1.99855,0.80,9.60
2007.04.17 09:15:05.809,1.9984,1.99855,0.90,9.60
2007.04.17 09:15:06.321,1.9984,1.99855,1.00,9.60
2007.04.17 09:15:06.547,1.9984,1.99855,0.70,10.40
2007.04.17 09:15:07.290,1.9984,1.99855,0.60,10.40
2007.04.17 09:15:08.313,1.9984,1.99855,0.70,10.40
2007.04.17 09:15:08.614,1.9984,1.99855,0.80,10.40
2007.04.17 09:15:09.048,1.9984,1.99855,1.00,9.60
2007.04.17 09:15:09.357,1.9984,1.99855,1.20,9.60
2007.04.17 09:15:09.618,1.9984,1.9985,0.80,8.80
2007.04.17 09:15:09.892,1.9984,1.9985,0.80,8.80
2007.04.17 09:15:11.008,1.9984,1.99855,1.10,10.40
2007.04.17 09:15:11.243,1.9984,1.99855,1.20,10.40
2007.04.17 09:15:11.530,1.9984,1.99855,0.80,10.40
2007.04.17 09:15:13.027,1.9984,1.99855,1.20,10.40
2007.04.17 09:15:13.532,1.9984,1.99855,0.80,11.20
2007.04.17 09:15:15.020,1.9984,1.99855,1.20,9.60
2007.04.17 09:15:15.320,1.9984,1.99855,1.20,8.80
2007.04.17 09:15:16.578,1.9985,1.99855,0.60,9.60
2007.04.17 09:15:16.894,1.9985,1.99855,0.70,9.60
2007.04.17 09:15:17.384,1.9985,1.99855,0.60,9.60
2007.04.17 09:15:17.619,1.9985,1.99855,0.70,8.80
2007.04.17 09:15:17.928,1.9985,1.9986,0.70,19.20
2007.04.17 09:15:18.339,1.9985,1.9986,0.30,19.20
2007.04.17 09:15:18.678,1.9984,1.9986,6.80,19.20
2007.04.17 09:15:22.666,1.9984,1.9986,6.80,20.00
2007.04.17 09:15:23.387,1.9984,1.9986,2.00,20.00
2007.04.17 09:15:23.683,1.9984,1.99855,1.20,9.60
2007.04.17 09:15:26.041,1.9984,1.99855,6.00,7.20
2007.04.17 09:15:27.701,1.9984,1.99855,6.00,4.80
2007.04.17 09:15:28.032,1.9984,1.9986,6.80,23.60
2007.04.17 09:15:34.709,1.9985,1.9986,0.20,23.60
2007.04.17 09:15:35.042,1.9984,1.9986,6.00,23.60
2007.04.17 09:15:35.593,1.9984,1.9986,6.80,23.60
2007.04.17 09:15:39.028,1.9984,1.9986,6.80,24.40
2007.04.17 09:15:39.897,1.9984,1.9986,6.80,24.40
2007.04.17 09:15:40.665,1.9984,1.9986,5.80,24.40
2007.04.17 09:15:41.687,1.9984,1.9986,5.00,23.60
2007.04.17 09:15:41.932,1.9984,1.9986,5.00,24.40
2007.04.17 09:15:42.210,1.9984,1.9986,5.80,24.40
2007.04.17 09:15:43.022,1.9984,1.9986,5.00,24.40
2007.04.17 09:15:43.290,1.9984,1.9986,5.20,24.40
2007.04.17 09:15:46.040,1.9984,1.9986,5.20,24.40
2007.04.17 09:15:47.586,1.9984,1.9986,6.00,24.40
2007.04.17 09:15:48.041,1.9984,1.9986,5.20,24.40
2007.04.17 09:15:51.666,1.9984,1.9986,5.20,24.40
2007.04.17 09:15:53.024,1.9984,1.99855,0.80,8.00
2007.04.17 09:15:53.256,1.9984,1.9985,0.60,16.10
2007.04.17 09:15:53.462,1.9984,1.9985,0.30,19.30
2007.04.17 09:15:56.014,1.9983,1.9985,9.20,19.30
2007.04.17 09:15:56.342,1.9983,1.9985,8.40,19.30
2007.04.17 09:15:56.676,1.9983,1.9985,1.10,22.50
2007.04.17 09:15:58.664,1.9983,1.99845,6.00,4.50
2007.04.17 09:16:02.035,1.9983,1.9985,1.20,21.70
2007.04.17 09:16:02.254,1.9983,1.99845,1.00,11.70
2007.04.17 09:16:03.083,1.99825,1.99845,0.80,12.50
2007.04.17 09:16:03.363,1.9982,1.99845,9.70,12.50
2007.04.17 09:16:03.653,1.9983,1.99845,2.40,9.30
2007.04.17 09:16:03.891,1.9983,1.99845,2.50,6.90
2007.04.17 09:16:04.643,1.9983,1.99845,4.90,2.10
2007.04.17 09:16:04.917,1.9983,1.9985,5.10,16.90
2007.04.17 09:16:05.131,1.9983,1.9985,5.60,16.10
2007.04.17 09:16:05.358,1.9983,1.9985,5.60,16.10
2007.04.17 09:16:05.658,1.9983,1.9985,5.20,16.90
2007.04.17 09:16:06.639,1.9983,1.9985,5.20,16.90
2007.04.17 09:16:07.014,1.9983,1.9985,5.20,16.90
2007.04.17 09:16:08.673,1.9983,1.9985,5.50,17.70
2007.04.17 09:16:08.936,1.9983,1.9985,5.60,17.70
2007.04.17 09:16:09.990,1.9983,1.9985,6.40,17.70
2007.04.17 09:16:14.335,1.9983,1.9985,6.40,16.90
2007.04.17 09:16:15.709,1.9983,1.99855,7.40,14.40
2007.04.17 09:16:15.915,1.9983,1.99855,7.40,13.60
2007.04.17 09:16:17.016,1.9983,1.9985,3.40,13.20
2007.04.17 09:16:17.314,1.9983,1.99845,0.80,18.40
2007.04.17 09:16:17.582,1.9983,1.99845,4.00,17.60
2007.04.17 09:16:17.789,1.9983,1.9985,4.00,13.60
2007.04.17 09:16:18.015,1.9983,1.9985,4.80,11.20
2007.04.17 09:16:18.233,1.9983,1.99855,5.60,13.60
2007.04.17 09:16:18.495,1.9983,1.99855,5.60,12.80
2007.04.17 09:16:18.998,1.9983,1.99855,5.60,14.40
2007.04.17 09:16:19.224,1.9983,1.9985,4.80,12.40
2007.04.17 09:16:19.482,1.9983,1.9985,5.50,14.80
2007.04.17 09:16:23.037,1.9983,1.9985,5.60,14.80
2007.04.17 09:16:23.278,1.9983,1.9985,5.30,14.80
2007.04.17 09:16:23.702,1.9983,1.99845,4.50,7.20
2007.04.17 09:16:23.904,1.9983,1.99845,0.50,12.80
2007.04.17 09:16:27.017,1.9983,1.99845,0.80,12.80
2007.04.17 09:16:27.242,1.9983,1.99845,5.60,6.40
2007.04.17 09:16:28.236,1.9983,1.99845,4.90,7.20
2007.04.17 09:16:28.494,1.9983,1.99845,4.80,7.20
2007.04.17 09:16:29.677,1.9983,1.99855,6.50,15.60
2007.04.17 09:16:29.910,1.9984,1.99855,0.20,12.00
2007.04.17 09:16:30.521,1.9983,1.99855,6.70,12.80
2007.04.17 09:16:30.842,1.9983,1.99845,2.10,8.80
2007.04.17 09:16:31.047,1.9983,1.99845,1.30,12.00
2007.04.17 09:16:31.317,1.9983,1.99845,0.70,12.80
2007.04.17 09:16:31.534,1.9983,1.99845,0.50,12.80
2007.04.17 09:16:33.007,1.9983,1.99845,0.80,12.80
2007.04.17 09:16:33.259,1.9983,1.9985,6.50,15.10
2007.04.17 09:16:35.374,1.9983,1.9985,6.00,12.80
2007.04.17 09:16:36.041,1.9983,1.9985,6.00,12.80
2007.04.17 09:16:37.036,1.9983,1.99845,5.20,5.60
2007.04.17 09:16:37.264,1.9983,1.99845,4.40,6.40
2007.04.17 09:16:38.194,1.9983,1.99845,4.40,10.40
2007.04.17 09:16:39.692,1.9983,1.99845,0.20,8.00
2007.04.17 09:16:39.958,1.99825,1.99845,0.80,8.80
2007.04.17 09:16:40.689,1.99825,1.99845,0.80,10.40
2007.04.17 09:16:40.894,1.99825,1.9984,0.80,12.80
2007.04.17 09:16:46.332,1.99825,1.9984,0.80,12.80
2007.04.17 09:16:46.994,1.99825,1.9984,0.80,12.80
2007.04.17 09:16:51.404,1.99825,1.9984,0.80,12.80
2007.04.17 09:16:56.781,1.9982,1.9984,9.60,17.60
2007.04.17 09:16:58.504,1.9982,1.9984,9.40,12.00
2007.04.17 09:16:58.788,1.99825,1.9984,12.40,4.00
2007.04.17 09:16:59.015,1.9983,1.9985,19.60,14.80
2007.04.17 09:17:00.152,1.9983,1.99855,15.60,16.00
2007.04.17 09:17:00.464,1.9983,1.99855,18.80,12.00
2007.04.17 09:17:00.675,1.9983,1.99855,16.50,12.00
2007.04.17 09:17:00.893,1.9983,1.99855,17.40,12.00
2007.04.17 09:17:01.330,1.9983,1.99855,15.80,12.00
2007.04.17 09:17:02.574,1.9983,1.99855,19.80,12.00
2007.04.17 09:17:02.829,1.9983,1.99855,19.20,10.40
2007.04.17 09:17:03.792,1.9983,1.9985,13.30,10.80
2007.04.17 09:17:04.988,1.9983,1.9985,9.70,13.20
2007.04.17 09:17:05.315,1.9983,1.9985,10.10,13.20
2007.04.17 09:17:05.670,1.9983,1.9985,11.40,12.40
2007.04.17 09:17:05.890,1.9983,1.9986,28.20,11.20
2007.04.17 09:17:06.156,1.9983,1.9986,29.00,11.20
2007.04.17 09:17:08.185,1.9985,1.9986,1.40,4.00
2007.04.17 09:17:08.412,1.99845,1.9986,7.60,0.80
2007.04.17 09:17:08.650,1.9986,1.9987,0.20,22.00
2007.04.17 09:17:09.189,1.99845,1.9986,10.80,0.80
2007.04.17 09:17:09.478,1.9985,1.9986,1.90,0.80
2007.04.17 09:17:09.767,1.99845,1.9986,6.40,1.60
2007.04.17 09:17:10.012,1.9984,1.9985,16.20,4.00
2007.04.17 09:17:10.277,1.9985,1.9986,7.20,5.60
2007.04.17 09:17:10.529,1.9986,1.9987,0.30,18.80
2007.04.17 09:17:11.035,1.9985,1.9986,8.90,4.80
2007.04.17 09:17:11.267,1.9986,1.9987,1.40,9.20
2007.04.17 09:17:11.526,1.9987,1.99875,0.50,2.40
2007.04.17 09:17:11.816,1.9986,1.9987,0.80,5.60
2007.04.17 09:17:12.067,1.9985,1.9986,6.80,7.20
2007.04.17 09:17:12.545,1.9985,1.9986,1.80,8.00
2007.04.17 09:17:13.333,1.9985,1.9986,8.40,4.80
2007.04.17 09:17:13.602,1.9986,1.9987,0.80,6.40
2007.04.17 09:17:14.253,1.9986,1.9987,0.90,0.80
2007.04.17 09:17:15.255,1.9986,1.9987,1.10,4.80
2007.04.17 09:17:15.881,1.9986,1.9987,0.90,7.20
2007.04.17 09:17:16.406,1.9985,1.9987,14.90,8.00
2007.04.17 09:17:16.912,1.9985,1.9986,10.20,0.80
2007.04.17 09:17:17.322,1.9985,1.9986,7.00,1.60
2007.04.17 09:17:17.859,1.9985,1.99865,7.80,3.20
2007.04.17 09:17:18.466,1.99845,1.9987,11.90,15.60
2007.04.17 09:17:18.983,1.9986,1.9987,0.40,14.00
2007.04.17 09:17:19.640,1.9986,1.9987,0.50,13.20
2007.04.17 09:17:20.182,1.9986,1.9987,0.70,12.40
2007.04.17 09:17:20.487,1.99855,1.9987,1.70,13.20
2007.04.17 09:17:20.891,1.99855,1.9987,8.90,10.00
2007.04.17 09:17:21.179,1.9986,1.9988,8.20,21.60
2007.04.17 09:17:21.506,1.9986,1.9987,6.60,0.70
2007.04.17 09:17:22.239,1.9987,1.9988,0.90,20.30
2007.04.17 09:17:22.564,1.9987,1.9988,1.30,16.20
2007.04.17 09:17:22.864,1.9986,1.9988,11.80,19.20
2007.04.17 09:17:23.301,1.9988,1.99885,0.60,20.10
2007.04.17 09:17:23.845,1.9987,1.9988,2.00,18.40
2007.04.17 09:17:24.058,1.9986,1.9988,7.00,18.40
2007.04.17 09:17:24.305,1.9986,1.9988,7.90,18.40
2007.04.17 09:17:24.608,1.9987,1.9988,0.90,17.60
2007.04.17 09:17:24.826,1.9987,1.9988,4.90,13.60
2007.04.17 09:17:25.080,1.9987,1.99875,10.50,8.80
2007.04.17 09:17:25.303,1.9987,1.9988,11.10,7.20
2007.04.17 09:17:25.632,1.9989,1.99895,0.80,2.40
2007.04.17 09:17:26.282,1.9988,1.9989,0.80,17.60
2007.04.17 09:17:26.906,1.9989,1.99895,5.50,3.60
2007.04.17 09:17:27.446,1.9987,1.9988,2.50,0.60
2007.04.17 09:17:27.653,1.9988,1.9989,0.60,11.50
2007.04.17 09:17:27.918,1.9988,1.99885,2.40,2.60
2007.04.17 09:17:28.222,1.9988,1.99885,2.40,3.20
2007.04.17 09:17:28.478,1.9988,1.9989,3.20,8.40
2007.04.17 09:17:28.752,1.9988,1.99885,0.80,3.20
2007.04.17 09:17:28.956,1.99875,1.9989,0.80,7.60
2007.04.17 09:17:29.230,1.9989,1.99895,2.40,4.40
2007.04.17 09:17:29.438,1.9989,1.999,2.40,8.00
2007.04.17 09:17:30.896,1.9988,1.99895,0.70,17.20
2007.04.17 09:17:31.218,1.9988,1.99895,0.50,17.20
2007.04.17 09:17:31.422,1.9988,1.9989,0.50,12.40
2007.04.17 09:17:31.888,1.9988,1.99895,0.60,8.00
2007.04.17 09:17:32.155,1.9988,1.99895,7.70,9.00
2007.04.17 09:17:32.431,1.9988,1.99895,8.50,5.80
2007.04.17 09:17:32.654,1.9988,1.9989,8.50,0.90
2007.04.17 09:17:33.320,1.9988,1.999,1.30,10.40
2007.04.17 09:17:33.554,1.9988,1.99895,0.50,5.60
2007.04.17 09:17:33.896,1.9988,1.9989,3.10,0.50
2007.04.17 09:17:34.264,1.9988,1.99895,3.10,7.20
2007.04.17 09:17:35.261,1.9989,1.99895,2.40,7.20
2007.04.17 09:17:35.917,1.9988,1.9989,3.10,0.60
2007.04.17 09:17:37.366,1.9989,1.99895,0.80,5.70
2007.04.17 09:17:37.585,1.9988,1.99895,6.50,7.20
2007.04.17 09:17:37.797,1.999,1.9991,2.40,9.90
2007.04.17 09:17:38.100,1.999,1.99915,3.00,7.20
2007.04.17 09:17:38.339,1.999,1.99915,3.10,3.20
2007.04.17 09:17:38.576,1.999,1.9992,2.80,11.20
2007.04.17 09:17:38.847,1.9991,1.9992,0.50,10.40
2007.04.17 09:17:39.113,1.9991,1.9992,0.50,0.50
2007.04.17 09:17:40.537,1.9991,1.99925,0.30,8.00
2007.04.17 09:17:40.783,1.99905,1.99925,4.00,15.20
2007.04.17 09:17:41.021,1.99905,1.9992,3.20,12.80
2007.04.17 09:17:41.235,1.999,1.9991,6.20,13.80
2007.04.17 09:17:41.508,1.999,1.9991,0.60,15.20
2007.04.17 09:17:41.817,1.999,1.9991,0.30,12.00
2007.04.17 09:17:42.045,1.999,1.9991,0.20,10.40
2007.04.17 09:17:42.353,1.9989,1.999,2.00,0.90
2007.04.17 09:17:42.856,1.9989,1.999,1.70,0.50
2007.04.17 09:17:43.557,1.9989,1.99905,1.70,8.80
2007.04.17 09:17:44.319,1.9989,1.999,7.80,0.60
2007.04.17 09:17:44.864,1.999,1.9991,2.50,8.80
2007.04.17 09:17:45.440,1.9989,1.999,15.20,0.60
2007.04.17 09:17:46.352,1.9989,1.999,6.70,0.70
2007.04.17 09:17:46.641,1.9989,1.9991,9.90,8.00
2007.04.17 09:17:46.885,1.9989,1.999,9.10,0.70
2007.04.17 09:17:47.217,1.9989,1.999,8.30,4.00
2007.04.17 09:17:47.478,1.999,1.99905,0.60,1.60
2007.04.17 09:17:47.685,1.9991,1.9992,0.10,29.50
2007.04.17 09:17:47.899,1.999,1.99905,1.30,1.60
2007.04.17 09:17:48.192,1.999,1.9991,1.60,4.80
2007.04.17 09:17:48.469,1.999,1.9991,8.10,4.00
2007.04.17 09:17:48.818,1.999,1.9991,9.70,4.00
2007.04.17 09:17:49.118,1.9991,1.9992,1.60,4.00
2007.04.17 09:17:49.347,1.9991,1.9993,8.00,7.20
2007.04.17 09:17:49.877,1.9991,1.9993,7.40,7.20
2007.04.17 09:17:50.208,1.9992,1.9993,0.30,7.20
2007.04.17 09:17:50.435,1.9991,1.9993,9.00,4.80
2007.04.17 09:17:51.084,1.9992,1.9993,2.40,4.80
2007.04.17 09:17:51.846,1.9992,1.9993,2.40,5.60
2007.04.17 09:17:52.066,1.9992,1.9993,4.80,6.40
2007.04.17 09:17:52.272,1.9992,1.9993,4.90,3.20
2007.04.17 09:17:52.532,1.9992,1.9993,2.50,3.20
2007.04.17 09:17:52.742,1.9992,1.9993,6.50,2.40
2007.04.17 09:17:53.001,1.9993,1.9994,2.40,28.80
2007.04.17 09:17:53.266,1.9992,1.9993,4.80,1.60
2007.04.17 09:17:53.530,1.9992,1.9993,9.80,4.00
2007.04.17 09:17:53.752,1.9992,1.9993,8.80,4.00
2007.04.17 09:17:53.978,1.9993,1.9994,2.40,2.60
2007.04.17 09:17:54.196,1.9993,1.9994,2.40,1.80
2007.04.17 09:17:54.506,1.9993,1.9994,7.70,0.80
2007.04.17 09:17:54.732,1.9993,1.9995,8.50,15.60
2007.04.17 09:17:54.992,1.9993,1.99955,8.50,17.20
2007.04.17 09:17:55.165,1.9993,1.9995,7.70,16.40
2007.04.17 09:17:55.419,1.9993,1.99945,7.70,2.40
2007.04.17 09:17:55.636,1.9993,1.9995,7.90,15.60
2007.04.17 09:17:55.846,1.9993,1.9995,8.70,14.80
2007.04.17 09:17:56.058,1.9993,1.9995,9.50,0.80
2007.04.17 09:17:56.446,1.9993,1.99955,8.00,16.40
2007.04.17 09:17:56.650,1.9994,1.99955,4.00,16.40
2007.04.17 09:17:56.865,1.9994,1.99955,4.00,14.80
2007.04.17 09:17:57.785,1.9994,1.9995,6.60,0.60
2007.04.17 09:17:58.460,1.9994,1.9995,4.00,4.00
2007.04.17 09:17:58.698,1.9993,1.9994,0.80,13.10
2007.04.17 09:17:59.414,1.9992,1.9994,10.30,14.40
2007.04.17 09:17:59.663,1.9992,1.9994,9.70,19.20
2007.04.17 09:17:59.968,1.9992,1.9993,8.00,0.80
2007.04.17 09:18:00.277,1.9992,1.9993,8.80,0.50
2007.04.17 09:18:00.845,1.9993,1.99945,0.80,17.60
2007.04.17 09:18:01.060,1.9993,1.99945,0.80,9.20
2007.04.17 09:18:01.420,1.9993,1.99945,3.20,6.80
2007.04.17 09:18:01.692,1.9993,1.9994,8.00,0.60
2007.04.17 09:18:01.997,1.9993,1.9994,9.60,0.50
2007.04.17 09:18:02.218,1.9993,1.99955,9.60,16.60
2007.04.17 09:18:02.434,1.9993,1.9995,4.80,14.20
2007.04.17 09:18:02.822,1.9993,1.99955,8.80,15.80
2007.04.17 09:18:03.090,1.9993,1.9994,8.80,0.60
2007.04.17 09:18:03.864,1.9993,1.9995,7.20,19.00
2007.04.17 09:18:04.091,1.9993,1.9994,7.20,0.80
2007.04.17 09:18:04.360,1.9993,1.9994,2.40,0.70
2007.04.17 09:18:04.565,1.9993,1.9994,2.40,0.70
2007.04.17 09:18:04.867,1.9993,1.99945,2.40,12.40
2007.04.17 09:18:05.858,1.9993,1.9994,2.40,0.90
2007.04.17 09:18:06.083,1.9993,1.99945,2.40,9.20
2007.04.17 09:18:06.348,1.9993,1.99945,3.20,6.80
2007.04.17 09:18:06.894,1.9993,1.9995,4.80,21.60
2007.04.17 09:18:07.155,1.9993,1.99945,0.80,8.40
2007.04.17 09:18:07.407,1.9993,1.99945,3.20,6.90
2007.04.17 09:18:07.660,1.9993,1.99945,3.20,6.40
2007.04.17 09:18:07.909,1.9993,1.99945,2.40,9.60
2007.04.17 09:18:08.186,1.9993,1.99945,2.40,10.40
2007.04.17 09:18:08.389,1.9993,1.99945,3.20,6.40
2007.04.17 09:18:09.177,1.9993,1.99945,3.20,6.60
2007.04.17 09:18:09.415,1.99925,1.9994,0.80,0.90
2007.04.17 09:18:09.701,1.99925,1.99945,0.80,12.20
2007.04.17 09:18:09.925,1.99925,1.99945,0.80,12.30
2007.04.17 09:18:10.841,1.99925,1.9994,0.80,0.50
2007.04.17 09:18:11.709,1.9992,1.99945,10.10,13.00
2007.04.17 09:18:12.716,1.9992,1.99945,10.10,13.20
2007.04.17 09:18:13.826,1.9992,1.99945,10.10,12.40
2007.04.17 09:18:14.608,1.9993,1.9995,8.00,21.40
2007.04.17 09:18:14.824,1.9993,1.9994,8.80,0.60
2007.04.17 09:18:15.153,1.9993,1.9995,9.60,13.60
2007.04.17 09:18:16.109,1.9993,1.9995,9.60,13.70
2007.04.17 09:18:16.819,1.9993,1.9994,6.40,0.70
2007.04.17 09:18:17.482,1.9993,1.9994,6.40,0.90
2007.04.17 09:18:17.814,1.9993,1.9994,6.40,0.70
2007.04.17 09:18:18.809,1.9994,1.9995,2.40,16.40
2007.04.17 09:18:19.062,1.9993,1.9994,8.80,0.90
2007.04.17 09:18:19.346,1.9993,1.9994,8.00,0.60
2007.04.17 09:18:19.570,1.9993,1.9995,6.40,17.40
2007.04.17 09:18:20.443,1.9993,1.9995,5.60,21.40
2007.04.17 09:18:20.755,1.9993,1.9995,5.60,22.20
2007.04.17 09:18:21.455,1.9993,1.9994,0.80,0.50
2007.04.17 09:18:21.988,1.9993,1.9994,0.80,0.90
2007.04.17 09:18:22.800,1.9993,1.99955,8.80,14.80
2007.04.17 09:18:23.008,1.9993,1.9995,8.80,0.50
2007.04.17 09:18:23.241,1.9993,1.99955,4.80,14.00
2007.04.17 09:18:23.468,1.9993,1.99955,4.80,14.10
2007.04.17 09:18:24.998,1.9994,1.9995,0.80,9.00
2007.04.17 09:18:25.973,1.9994,1.9995,0.80,0.80
2007.04.17 09:18:26.602,1.9994,1.99955,0.80,11.70
2007.04.17 09:18:26.815,1.99935,1.9995,0.80,0.80
2007.04.17 09:18:27.033,1.99935,1.99955,0.80,13.50
2007.04.17 09:18:27.289,1.9994,1.99955,0.80,10.70
2007.04.17 09:18:27.534,1.9993,1.9995,9.80,0.90
2007.04.17 09:18:27.801,1.9993,1.99955,9.80,11.50
2007.04.17 09:18:28.107,1.9993,1.9995,9.90,0.70
2007.04.17 09:18:28.406,1.9994,1.99955,4.00,6.70
2007.04.17 09:18:28.737,1.9994,1.99955,4.00,6.80
2007.04.17 09:18:29.801,1.9994,1.99955,4.20,6.40
2007.04.17 09:18:30.427,1.9994,1.99955,5.00,4.80
2007.04.17 09:18:32.011,1.9994,1.9995,5.80,0.70
2007.04.17 09:18:32.459,1.9995,1.99955,0.80,0.90
2007.04.17 09:18:32.775,1.9995,1.9996,4.80,15.20
2007.04.17 09:18:33.234,1.9995,1.99975,6.70,14.40
2007.04.17 09:18:33.443,1.9995,1.99975,6.70,16.40
2007.04.17 09:18:33.797,1.9995,1.9996,5.90,0.80
2007.04.17 09:18:34.030,1.9995,1.9997,0.80,31.20
2007.04.17 09:18:34.334,1.9994,1.99965,11.50,8.00
2007.04.17 09:18:34.780,1.9994,1.99965,11.50,8.80
2007.04.17 09:18:35.084,1.9995,1.99965,0.80,4.00
2007.04.17 09:18:35.322,1.9995,1.99965,1.60,2.40
2007.04.17 09:18:35.605,1.9995,1.9996,5.60,0.50
2007.04.17 09:18:35.900,1.9995,1.9997,10.00,7.20
2007.04.17 09:18:36.365,1.9995,1.9997,7.60,0.60
2007.04.17 09:18:36.907,1.9995,1.9997,6.80,0.60
2007.04.17 09:18:37.390,1.9996,1.9997,0.80,0.50
2007.04.17 09:18:37.685,1.9996,1.9997,0.80,0.80
2007.04.17 09:18:38.408,1.9996,1.99975,0.80,6.40
2007.04.17 09:18:38.663,1.9995,1.9997,10.00,0.80
2007.04.17 09:18:40.002,1.9995,1.9997,10.00,0.70
2007.04.17 09:18:41.095,1.9995,1.99975,10.10,10.40
2007.04.17 09:18:41.437,1.9995,1.99975,7.70,9.60
2007.04.17 09:18:41.740,1.9995,1.9997,6.70,2.20
2007.04.17 09:18:41.957,1.9995,1.9996,0.80,8.30
2007.04.17 09:18:42.534,1.9996,1.9997,12.20,2.70
2007.04.17 09:18:42.744,1.9996,1.99975,16.60,8.70
2007.04.17 09:18:42.990,1.9997,1.99975,0.30,0.80
2007.04.17 09:18:43.196,1.9997,1.9999,0.40,19.20
2007.04.17 09:18:43.429,1.9997,1.9998,0.30,1.60
2007.04.17 09:18:44.378,1.9997,1.99995,0.30,22.50
2007.04.17 09:18:44.601,1.9997,1.99995,1.00,22.50
2007.04.17 09:18:45.045,1.9997,1.99995,1.00,22.70
2007.04.17 09:18:45.395,1.9997,1.99995,8.20,22.50
2007.04.17 09:18:45.634,1.9997,1.99995,8.20,21.60
2007.04.17 09:18:45.875,1.9998,1.9999,4.00,2.40
2007.04.17 09:18:46.080,1.9998,1.99995,4.00,9.60
2007.04.17 09:18:46.744,1.9998,1.9999,4.00,1.40
2007.04.17 09:18:46.998,1.9998,1.9999,4.00,1.70
2007.04.17 09:18:47.407,1.9998,1.9999,4.00,0.90
2007.04.17 09:18:48.073,1.9998,1.9999,4.00,2.30
2007.04.17 09:18:48.413,1.9997,2.0,10.40,20.00
2007.04.17 09:18:48.718,1.9997,2.0,10.40,20.00
2007.04.17 09:18:48.931,1.9997,2.0,10.40,18.40
2007.04.17 09:18:49.210,1.9997,1.9999,11.20,1.90
2007.04.17 09:18:49.557,1.9997,2.0,11.00,22.10
2007.04.17 09:18:50.055,1.9997,1.9999,11.20,2.90
2007.04.17 09:18:50.396,1.9998,1.9999,5.00,0.80
2007.04.17 09:18:50.615,1.9998,1.99995,5.90,0.80
2007.04.17 09:18:50.875,1.9998,2.0,7.90,16.70
2007.04.17 09:18:51.199,1.9998,1.99995,10.40,0.80
2007.04.17 09:18:51.407,1.9998,2.0,10.60,14.00
2007.04.17 09:18:51.647,1.9998,2.00005,10.70,14.00
2007.04.17 09:18:51.914,1.9998,2.0,8.30,2.10
2007.04.17 09:18:52.119,1.9998,2.00005,8.30,10.00
2007.04.17 09:18:52.349,2.00015,2.0002,2.60,37.90
2007.04.17 09:18:52.579,2.00005,2.0001,1.60,7.20
2007.04.17 09:18:53.063,2.0002,2.0003,0.80,10.40
2007.04.17 09:18:53.314,2.00015,2.0002,0.80,1.80
2007.04.17 09:18:53.533,2.00005,2.0001,0.80,4.10
2007.04.17 09:18:54.033,2.00005,2.0001,0.80,1.30
2007.04.17 09:18:54.287,2.00005,2.0003,0.80,27.20
2007.04.17 09:18:54.578,2.0001,2.00025,6.40,7.20
2007.04.17 09:18:54.811,2.0002,2.00025,0.50,7.20
2007.04.17 09:18:55.045,2.0002,2.00025,0.60,7.20
2007.04.17 09:18:55.680,2.0002,2.0003,0.80,10.40
2007.04.17 09:18:55.968,2.0002,2.0003,0.60,11.20
2007.04.17 09:18:56.658,2.0002,2.0003,0.60,14.40
2007.04.17 09:18:56.868,2.0001,2.0003,9.20,16.20
2007.04.17 09:18:57.087,2.0002,2.00035,0.20,15.20
2007.04.17 09:18:57.144,2.0002,2.00035,0.20,29.60
2007.04.17 09:18:57.366,2.0002,2.00035,0.30,15.20
2007.04.17 09:18:57.584,2.0002,2.0004,0.80,46.10
2007.04.17 09:18:57.982,2.0002,2.0004,0.90,43.70
2007.04.17 09:18:58.261,2.0002,2.0003,1.00,1.00
2007.04.17 09:18:58.482,2.00015,2.0002,1.60,3.20
2007.04.17 09:18:58.731,2.0001,2.0002,4.80,2.45
2007.04.17 09:18:59.032,2.00005,2.0001,0.80,0.50
2007.04.17 09:18:59.419,2.0,2.0001,9.60,1.00
2007.04.17 09:18:59.953,2.0,2.0001,8.80,1.30
2007.04.17 09:19:00.170,2.0,2.0002,9.60,12.00
2007.04.17 09:19:00.256,1.99995,2.0002,13.60,16.00
2007.04.17 09:19:00.678,2.0,2.0001,1.00,0.70
2007.04.17 09:19:01.024,1.99995,2.0002,8.00,17.20
2007.04.17 09:19:01.234,2.0,2.0001,0.70,0.90
2007.04.17 09:19:01.566,1.99995,2.0002,1.80,21.60
2007.04.17 09:19:01.843,1.9999,2.0002,15.20,30.70
2007.04.17 09:19:02.052,1.99985,2.0001,13.40,14.40
2007.04.17 09:19:02.309,1.99985,2.0001,8.20,21.20
2007.04.17 09:19:02.533,1.9999,2.0,0.80,1.40
2007.04.17 09:19:02.929,1.99975,2.0,25.00,7.70
2007.04.17 09:19:03.152,1.99975,2.0,16.80,8.50
2007.04.17 09:19:03.496,1.99975,2.0001,16.50,37.00
2007.04.17 09:19:03.716,1.99975,2.0001,17.30,37.80
2007.04.17 09:19:03.945,1.9998,1.9999,1.30,2.40
2007.04.17 09:19:04.380,1.9998,1.9999,2.50,1.90
2007.04.17 09:19:04.677,1.99975,2.0,10.40,21.20
2007.04.17 09:19:04.986,1.99975,2.0,8.00,21.20
2007.04.17 09:19:05.500,1.9998,1.9999,2.10,0.90
2007.04.17 09:19:05.806,1.99975,2.0,8.00,22.20
2007.04.17 09:19:06.020,1.99975,2.0,8.00,24.60
2007.04.17 09:19:06.467,1.99975,2.0,13.60,30.40
2007.04.17 09:19:06.704,1.99975,2.0,8.00,26.90
2007.04.17 09:19:06.975,1.99975,2.0,8.00,25.20
2007.04.17 09:19:07.206,1.9998,1.9999,1.10,0.50
2007.04.17 09:19:07.412,1.99975,1.9999,0.80,0.90
2007.04.17 09:19:07.616,1.9997,1.9999,5.60,23.30
2007.04.17 09:19:07.864,1.9997,1.99985,5.30,4.40
2007.04.17 09:19:08.215,1.9997,1.9998,3.70,0.70
2007.04.17 09:19:08.426,1.9997,1.9998,3.70,1.20
2007.04.17 09:19:08.651,1.9996,1.99985,13.30,10.60
2007.04.17 09:19:08.942,1.9997,1.99985,0.80,12.00
2007.04.17 09:19:09.203,1.9996,1.9998,6.10,1.00
2007.04.17 09:19:09.412,1.9996,1.9997,6.10,0.30
2007.04.17 09:19:09.694,1.9996,1.9998,9.30,12.30
2007.04.17 09:19:09.916,1.9996,1.9998,9.30,0.80
2007.04.17 09:19:10.216,1.9996,1.9998,8.50,14.80
2007.04.17 09:19:10.690,1.99965,1.9998,0.80,18.50
2007.04.17 09:19:10.930,1.9996,1.9998,8.50,18.50
2007.04.17 09:19:11.630,1.9996,1.9998,6.10,19.30
2007.04.17 09:19:12.014,1.9996,1.9998,6.90,18.80
2007.04.17 09:19:12.622,1.9996,1.9998,9.30,18.80
2007.04.17 09:19:13.343,1.9996,1.9998,8.50,19.60
2007.04.17 09:19:13.583,1.9996,1.9998,6.40,19.60
2007.04.17 09:19:14.005,1.9996,1.9998,5.60,19.60
2007.04.17 09:19:14.545,1.9997,1.9998,8.00,0.90
2007.04.17 09:19:14.768,1.9997,1.9998,8.80,0.20
2007.04.17 09:19:15.004,1.9997,1.9998,8.00,0.20
2007.04.17 09:19:15.668,1.9997,1.9998,5.60,0.20
2007.04.17 09:19:15.808,1.99965,1.9999,9.60,13.80
2007.04.17 09:19:16.016,1.9997,1.9998,1.40,0.50
2007.04.17 09:19:16.505,1.9997,1.9998,0.90,0.50
2007.04.17 09:19:16.722,1.9996,1.99985,8.80,8.60
2007.04.17 09:19:16.977,1.9996,1.9998,0.70,0.60
2007.04.17 09:19:17.238,1.99955,1.99985,12.80,10.20
2007.04.17 09:19:17.486,1.9996,1.9998,0.60,0.80
2007.04.17 09:19:18.003,1.99955,1.99985,12.80,7.80
2007.04.17 09:19:18.516,1.9996,1.9998,1.10,1.40
2007.04.17 09:19:18.766,1.9996,1.9998,0.60,1.30
2007.04.17 09:19:19.014,1.99955,1.99985,9.60,15.20
2007.04.17 09:19:19.490,1.99955,1.9998,9.60,12.30
2007.04.17 09:19:21.336,1.9995,1.9998,27.20,17.80
2007.04.17 09:19:22.003,1.9995,1.9998,27.50,15.20
2007.04.17 09:19:23.218,1.99955,1.99985,9.60,16.20
2007.04.17 09:19:23.534,1.99955,1.9998,9.60,11.80
2007.04.17 09:19:24.127,1.9996,1.9997,1.30,1.40
2007.04.17 09:19:24.400,1.9996,1.9998,0.50,0.80
2007.04.17 09:19:24.640,1.9996,1.9997,1.20,1.10
2007.04.17 09:19:27.191,1.9996,1.9997,1.20,0.80
2007.04.17 09:19:27.413,1.9998,1.99985,0.50,2.40
2007.04.17 09:19:27.634,1.9998,1.99985,0.80,1.60
2007.04.17 09:19:27.871,1.99975,2.0,15.40,7.81
2007.04.17 09:19:28.149,1.99975,2.0,17.80,9.21
2007.04.17 09:19:28.356,1.99975,1.9998,2.40,0.80
2007.04.17 09:19:28.592,1.9997,2.0,30.00,13.60
2007.04.17 09:19:28.883,1.9998,1.9999,0.70,1.00
2007.04.17 09:19:29.170,1.9997,2.0,24.50,13.60
2007.04.17 09:19:29.984,1.9998,1.9999,0.70,1.00
2007.04.17 09:19:30.287,1.9997,2.0,32.60,11.20
2007.04.17 09:19:30.982,1.9997,2.0,32.70,11.20
2007.04.17 09:19:31.978,1.9997,1.99995,24.50,5.60
2007.04.17 09:19:32.240,1.99975,1.99995,1.40,9.60
2007.04.17 09:19:32.915,1.9997,1.99995,18.00,7.20
2007.04.17 09:19:33.124,1.99975,1.99995,1.60,7.20
2007.04.17 09:19:33.521,1.9998,1.9999,0.70,0.70
2007.04.17 09:19:34.897,1.9998,1.9999,0.70,5.20
2007.04.17 09:19:35.145,1.9998,1.9999,0.70,4.80
2007.04.17 09:19:35.968,1.99975,1.9999,1.40,4.80
2007.04.17 09:19:37.526,1.99975,1.9999,1.60,4.80
2007.04.17 09:19:38.952,1.99975,2.0,10.40,8.80
2007.04.17 09:19:39.215,1.99975,2.0,11.20,8.80
2007.04.17 09:19:39.478,1.9998,2.0,1.70,8.80
2007.04.17 09:19:39.946,1.9998,2.0,3.00,9.60
2007.04.17 09:19:40.617,1.9998,2.0,2.70,10.50
2007.04.17 09:19:41.952,1.99975,1.9999,5.60,4.00
2007.04.17 09:19:42.264,1.9998,1.9999,0.70,4.80
2007.04.17 09:19:42.468,1.99975,1.9999,0.80,6.40
2007.04.17 09:19:43.093,1.9997,1.9999,15.60,5.60
2007.04.17 09:19:43.577,1.99965,1.9999,16.40,8.00
2007.04.17 09:19:43.782,1.99965,1.9999,16.30,8.30
2007.04.17 09:19:44.192,1.9997,1.9999,4.30,9.90
2007.04.17 09:19:44.596,1.9997,1.9999,3.30,9.70
2007.04.17 09:19:45.208,1.9997,1.9999,13.10,12.10
2007.04.17 09:19:45.430,1.9997,1.9999,15.50,12.10
2007.04.17 09:19:45.704,1.9997,1.9999,15.50,11.30
2007.04.17 09:19:46.560,1.9998,1.9999,2.40,8.90
2007.04.17 09:19:46.932,1.9998,1.9999,2.40,8.80
2007.04.17 09:19:48.510,1.9997,1.9998,10.70,4.00
2007.04.17 09:19:48.832,1.9998,1.9999,2.40,8.90
2007.04.17 09:19:49.096,1.9998,1.9999,2.60,5.60
2007.04.17 09:19:49.415,1.9998,1.9999,2.60,4.00
2007.04.17 09:19:49.653,1.9998,1.9999,2.50,4.00
2007.04.17 09:19:50.586,1.9998,1.9999,2.40,9.60
2007.04.17 09:19:50.921,1.99975,1.9999,0.80,9.60
2007.04.17 09:19:51.597,1.9998,1.9999,2.40,6.40
2007.04.17 09:19:51.858,1.9998,1.9999,2.80,6.40
2007.04.17 09:19:52.172,1.99985,1.9999,1.60,1.60
2007.04.17 09:19:52.489,1.9998,1.9999,11.10,1.60
2007.04.17 09:19:52.957,1.9998,1.9999,11.90,1.60
2007.04.17 09:19:53.165,1.9998,1.9999,11.10,1.60
2007.04.17 09:19:53.626,1.9999,2.0,1.60,9.60
2007.04.17 09:19:54.108,1.9999,2.0,1.70,9.60
2007.04.17 09:19:54.399,1.9999,2.0,2.40,8.80
2007.04.17 09:19:54.622,1.9999,2.0,2.40,8.90
2007.04.17 09:19:54.921,1.9999,2.0,2.40,8.80
2007.04.17 09:19:55.649,1.99985,1.9999,1.60,4.00
2007.04.17 09:19:55.866,1.9998,1.9999,8.40,4.00
2007.04.17 09:19:56.073,1.9998,1.9999,8.60,4.00
2007.04.17 09:19:56.277,1.9998,1.9999,9.20,4.00
2007.04.17 09:19:56.845,1.9998,1.9999,6.80,4.00
2007.04.17 09:19:57.580,1.9998,1.9999,6.50,6.40
2007.04.17 09:19:58.104,1.9999,2.0,0.80,10.40
2007.04.17 09:19:59.161,1.9999,2.0,3.20,9.60
2007.04.17 09:19:59.441,2.0,2.00005,1.60,1.60
2007.04.17 09:19:59.674,2.0,2.00005,1.20,1.60
2007.04.17 09:20:00.225,1.99985,2.0,2.40,11.20
2007.04.17 09:20:00.465,1.9998,2.0,10.00,14.40
2007.04.17 09:20:00.688,1.99985,2.0,0.80,11.40
2007.04.17 09:20:01.181,1.9999,2.0,9.60,0.80
2007.04.17 09:20:01.524,1.9999,2.0001,12.50,13.60
2007.04.17 09:20:01.928,1.9999,2.0001,12.50,12.80
2007.04.17 09:20:02.510,1.9999,2.0001,12.50,14.40
2007.04.17 09:20:02.827,1.9999,2.0001,12.40,15.30
2007.04.17 09:20:03.107,1.9999,2.0,12.80,0.20
2007.04.17 09:20:03.808,1.99995,2.0001,0.80,14.80
2007.04.17 09:20:04.197,1.99995,2.0001,0.80,12.40
2007.04.17 09:20:04.403,2.0,2.0001,0.80,11.30
2007.04.17 09:20:04.695,2.0,2.0001,2.80,11.30
2007.04.17 09:20:04.903,2.0,2.0001,2.80,9.00
2007.04.17 09:20:05.276,2.0,2.0002,6.80,16.60
2007.04.17 09:20:05.607,2.0,2.0002,6.80,12.40
2007.04.17 09:20:05.828,2.0,2.0002,7.60,13.20
2007.04.17 09:20:06.119,2.0,2.0002,7.10,11.20
2007.04.17 09:20:06.349,2.0,2.0002,4.70,13.60
2007.04.17 09:20:06.608,2.0,2.0002,7.90,18.50
2007.04.17 09:20:06.882,2.0,2.0002,7.10,16.50
2007.04.17 09:20:07.259,2.0,2.0001,5.70,0.80
2007.04.17 09:20:07.499,2.0,2.0001,6.50,0.80
2007.04.17 09:20:07.729,2.0,2.0001,7.30,0.80
2007.04.17 09:20:08.216,2.0,2.0001,8.00,0.80
2007.04.17 09:20:08.718,2.0,2.0001,7.20,0.80
2007.04.17 09:20:08.935,2.0,2.0001,8.00,0.80
2007.04.17 09:20:09.598,2.0001,2.0002,0.80,12.40
2007.04.17 09:20:09.818,2.0001,2.0002,0.80,12.40
2007.04.17 09:20:10.022,2.0,2.0002,11.20,14.20
2007.04.17 09:20:10.238,2.0,2.0001,8.00,0.80
2007.04.17 09:20:10.604,2.0,2.0001,4.80,4.00
2007.04.17 09:20:10.893,2.0,2.0001,4.00,4.00
2007.04.17 09:20:11.228,2.0,2.0001,4.80,3.20
2007.04.17 09:20:11.460,2.0,2.0001,2.40,6.40
2007.04.17 09:20:11.676,1.9999,2.0001,7.20,23.20
2007.04.17 09:20:11.791,1.9999,2.0001,2.10,23.20
2007.04.17 09:20:11.910,1.9999,2.0001,2.40,24.00
2007.04.17 09:20:12.252,1.9999,2.0001,1.30,24.00
2007.04.17 09:20:12.521,1.9999,2.0001,1.80,28.00
2007.04.17 09:20:12.737,1.9999,2.0,1.40,2.40
2007.04.17 09:20:13.830,1.9999,2.0,2.40,2.70
2007.04.17 09:20:14.166,1.9998,2.0,10.60,14.20
2007.04.17 09:20:14.417,1.99975,2.0,9.60,17.80
2007.04.17 09:20:14.873,1.99975,2.0,9.60,18.60
2007.04.17 09:20:15.259,1.99975,2.0,9.60,19.40
2007.04.17 09:20:15.571,1.9998,2.0,1.40,19.40
2007.04.17 09:20:15.843,1.9998,2.0,0.90,19.40
2007.04.17 09:20:17.106,1.9997,1.9998,9.10,4.00
2007.04.17 09:20:17.608,1.99975,1.9999,2.40,7.50
2007.04.17 09:20:17.935,1.9998,1.9999,0.80,7.50
2007.04.17 09:20:18.223,1.9998,1.9999,0.80,8.30
2007.04.17 09:20:18.930,1.9998,1.9999,0.80,7.50
2007.04.17 09:20:19.201,1.9998,1.9999,0.80,5.60
2007.04.17 09:20:20.022,1.99975,1.9999,4.00,5.60
2007.04.17 09:20:20.226,1.99975,1.9999,4.80,5.60
2007.04.17 09:20:22.580,1.9998,1.9999,0.50,7.50
2007.04.17 09:20:22.818,1.9997,1.9998,1.90,4.00
2007.04.17 09:20:23.318,1.99965,1.9998,15.40,4.00
2007.04.17 09:20:23.578,1.9997,1.9998,2.90,7.20
2007.04.17 09:20:24.111,1.9997,1.9998,1.20,7.20
2007.04.17 09:20:24.358,1.9997,1.9998,1.60,7.20
2007.04.17 09:20:24.571,1.99965,1.9998,10.50,7.20
2007.04.17 09:20:24.811,1.99965,1.9998,10.50,7.20
2007.04.17 09:20:25.087,1.9997,1.9998,10.90,4.00
2007.04.17 09:20:25.323,1.9998,1.9999,0.80,6.40
2007.04.17 09:20:26.433,1.99975,1.9999,5.60,6.40
2007.04.17 09:20:27.457,1.99975,1.9999,2.40,7.20
2007.04.17 09:20:28.227,1.9998,1.9999,0.80,11.20
2007.04.17 09:20:28.496,1.9997,1.9999,2.70,11.20
2007.04.17 09:20:28.723,1.99965,1.9999,10.60,13.00
2007.04.17 09:20:29.008,1.99965,1.9999,10.60,13.10
2007.04.17 09:20:29.928,1.9997,1.9999,1.30,13.00
2007.04.17 09:20:30.599,1.99965,1.9999,10.60,12.90
2007.04.17 09:20:30.922,1.9997,1.9999,1.10,14.50
2007.04.17 09:20:31.260,1.99965,1.9999,10.60,12.90
2007.04.17 09:20:31.585,1.99965,1.9999,10.60,13.00
2007.04.17 09:20:31.831,1.99965,1.9999,9.80,14.60
2007.04.17 09:20:32.251,1.9998,1.9999,0.80,13.80
2007.04.17 09:20:32.572,1.9997,1.9999,9.30,13.00
2007.04.17 09:20:32.829,1.9998,1.9999,0.80,13.00
2007.04.17 09:20:33.155,1.99975,1.9999,2.40,12.80
2007.04.17 09:20:33.383,1.99975,1.9999,1.10,13.00
2007.04.17 09:20:33.669,1.9998,1.9999,0.80,9.00
2007.04.17 09:20:33.890,1.9998,1.9999,0.80,9.60
2007.04.17 09:20:34.241,1.9998,1.9999,0.80,10.40
2007.04.17 09:20:34.575,1.9997,1.9998,2.40,4.00
2007.04.17 09:20:34.911,1.9997,1.9998,2.30,4.00
2007.04.17 09:20:35.137,1.99975,1.9999,2.40,8.00
2007.04.17 09:20:35.690,1.9998,1.9999,0.80,5.60
2007.04.17 09:20:36.207,1.99965,1.9999,12.80,8.80
2007.04.17 09:20:36.988,1.99965,1.9998,8.80,0.80
2007.04.17 09:20:37.467,1.99965,1.9998,7.20,0.80
2007.04.17 09:20:38.539,1.9997,1.9999,0.80,12.40
2007.04.17 09:20:38.811,1.9997,1.9999,0.50,10.00
2007.04.17 09:20:39.073,1.99965,1.9999,8.00,10.80
2007.04.17 09:20:39.315,1.9997,1.9999,3.10,10.00
2007.04.17 09:20:39.560,1.9997,1.9999,2.90,10.00
2007.04.17 09:20:39.858,1.99965,1.9999,11.20,10.10
2007.04.17 09:20:41.214,1.9997,1.9999,7.20,15.00
2007.04.17 09:20:41.560,1.9997,1.99985,7.20,0.80
2007.04.17 09:20:42.018,1.9997,1.99985,6.40,0.80
2007.04.17 09:20:42.241,1.9997,1.99985,4.00,0.80
2007.04.17 09:20:43.175,1.99965,1.99975,2.40,1.60
2007.04.17 09:20:43.444,1.9996,1.9997,4.00,0.80
2007.04.17 09:20:43.683,1.9996,1.9997,4.40,0.80
2007.04.17 09:20:43.908,1.9996,1.9997,4.60,0.80
2007.04.17 09:20:44.235,1.9996,1.99975,4.60,1.60
2007.04.17 09:20:44.458,1.9996,1.9998,5.40,13.60
2007.04.17 09:20:44.694,1.9996,1.9998,5.40,17.00
2007.04.17 09:20:44.962,1.9996,1.9998,5.40,14.40
2007.04.17 09:20:45.201,1.9996,1.9997,2.00,8.80
2007.04.17 09:20:45.450,1.9995,1.9997,8.20,10.40
2007.04.17 09:20:45.893,1.9995,1.9997,9.00,10.40
2007.04.17 09:20:46.132,1.9995,1.9997,12.20,10.40
2007.04.17 09:20:46.447,1.9996,1.9997,0.30,10.40
2007.04.17 09:20:47.059,1.9996,1.9997,0.60,10.40
2007.04.17 09:20:49.216,1.9995,1.9996,8.40,2.40
2007.04.17 09:20:49.774,1.9996,1.9997,0.60,10.40
2007.04.17 09:20:50.538,1.9996,1.9997,0.60,11.20
2007.04.17 09:20:50.802,1.9996,1.9997,0.40,13.60
2007.04.17 09:20:51.041,1.9995,1.9997,7.60,13.60
2007.04.17 09:20:51.301,1.9996,1.9997,0.50,12.80
2007.04.17 09:20:51.538,1.9996,1.9997,0.40,12.80
2007.04.17 09:20:51.874,1.9996,1.9997,0.40,10.40
2007.04.17 09:20:52.203,1.9996,1.9997,0.50,10.40
2007.04.17 09:20:52.539,1.9996,1.9997,0.80,10.40
2007.04.17 09:20:52.866,1.9996,1.9997,0.90,10.40
2007.04.17 09:20:54.157,1.9996,1.9997,0.70,10.40
2007.04.17 09:20:55.527,1.9996,1.9997,1.50,5.60
2007.04.17 09:20:56.201,1.9996,1.9997,1.50,4.80
2007.04.17 09:20:56.498,1.9996,1.9997,1.50,5.60
2007.04.17 09:20:56.736,1.9996,1.9997,3.10,2.40
2007.04.17 09:20:57.772,1.9996,1.9997,3.10,4.80
2007.04.17 09:20:58.527,1.9996,1.9997,5.50,4.80
2007.04.17 09:20:58.746,1.9996,1.9997,5.60,2.40
2007.04.17 09:20:59.185,1.9996,1.9998,5.60,27.20
2007.04.17 09:20:59.459,1.9996,1.9998,5.60,26.40
2007.04.17 09:20:59.686,1.9997,1.9998,2.40,13.60
2007.04.17 09:20:59.890,1.9997,1.9998,3.20,4.00
2007.04.17 09:21:00.451,1.9996,1.9998,19.40,4.00
2007.04.17 09:21:00.493,1.9996,1.9998,19.30,4.00
2007.04.17 09:21:00.811,1.9996,1.9998,19.20,4.00
2007.04.17 09:21:01.090,1.9996,1.9998,21.80,4.00
2007.04.17 09:21:01.321,1.9997,1.9998,5.00,1.60
2007.04.17 09:21:02.410,1.9997,1.9998,7.20,5.60
2007.04.17 09:21:03.171,1.9998,1.9999,1.00,12.00
2007.04.17 09:21:03.407,1.9998,1.9999,1.10,8.80
2007.04.17 09:21:03.699,1.99975,1.9998,3.20,1.60
2007.04.17 09:21:03.965,1.9997,1.9998,1.90,1.60
2007.04.17 09:21:04.428,1.99965,1.9998,12.80,1.60
2007.04.17 09:21:05.448,1.99965,1.9998,12.90,1.60
2007.04.17 09:21:05.827,1.9997,1.9998,1.00,1.60
2007.04.17 09:21:07.152,1.99975,1.9998,3.50,1.60
2007.04.17 09:21:08.154,1.99975,1.9998,3.60,1.60
2007.04.17 09:21:09.705,1.9997,1.9998,8.80,5.60
2007.04.17 09:21:09.919,1.9997,1.9998,1.60,5.60
2007.04.17 09:21:11.034,1.99965,1.9999,7.20,30.80
2007.04.17 09:21:14.126,1.99965,1.9999,7.30,30.00
2007.04.17 09:21:15.091,1.99965,1.9999,7.20,31.60
2007.04.17 09:21:16.122,1.99965,1.9999,8.00,33.20
2007.04.17 09:21:16.437,1.99965,1.9999,7.20,33.20
2007.04.17 09:21:19.356,1.99965,1.9999,4.80,34.00
2007.04.17 09:21:21.057,1.99965,1.9999,5.10,35.60
2007.04.17 09:21:22.429,1.9997,1.9998,0.70,0.50
2007.04.17 09:21:22.702,1.99965,1.9999,2.80,35.60
2007.04.17 09:21:22.941,1.9997,1.9998,0.60,0.80
2007.04.17 09:21:23.323,1.9997,1.9998,0.80,0.90
2007.04.17 09:21:24.349,1.99955,1.99985,17.60,12.80
2007.04.17 09:21:25.685,1.99955,1.99985,18.60,12.80
2007.04.17 09:21:25.976,1.9996,1.9998,0.50,0.60
2007.04.17 09:21:26.642,1.99965,1.9998,0.70,0.70
2007.04.17 09:21:26.903,1.9996,1.9998,0.90,0.80
2007.04.17 09:21:28.738,1.9996,1.9998,8.80,0.50
2007.04.17 09:21:29.683,1.9996,1.9998,8.00,0.60
2007.04.17 09:21:32.732,1.9996,1.99985,11.20,15.20
2007.04.17 09:21:32.937,1.9997,1.99985,0.80,11.20
2007.04.17 09:21:33.722,1.99965,1.99985,1.60,11.20
2007.04.17 09:21:33.926,1.9996,1.9998,6.40,0.50
2007.04.17 09:21:35.055,1.9996,1.9998,6.00,0.90
2007.04.17 09:21:35.712,1.9996,1.9998,6.40,0.90
2007.04.17 09:21:37.368,1.9996,1.9998,6.40,0.90
2007.04.17 09:21:38.701,1.9996,1.99985,6.30,16.80
2007.04.17 09:21:39.303,1.9996,1.9998,3.90,0.60
2007.04.17 09:21:39.667,1.9996,1.9998,3.90,0.60
2007.04.17 09:21:40.689,1.9996,1.9997,2.30,14.40
2007.04.17 09:21:40.942,1.9995,1.9996,5.00,0.90
2007.04.17 09:21:42.346,1.9995,1.9996,2.60,0.90
2007.04.17 09:21:42.919,1.9995,1.9997,2.40,25.60
2007.04.17 09:21:43.476,1.9995,1.9997,4.80,25.60
2007.04.17 09:21:44.345,1.9995,1.9996,4.00,0.50
2007.04.17 09:21:44.613,1.9995,1.99965,0.80,10.40
2007.04.17 09:21:44.865,1.9994,1.99965,14.80,11.20
2007.04.17 09:21:45.077,1.9994,1.99965,15.60,12.00
2007.04.17 09:21:45.667,1.9994,1.99965,15.20,12.00
2007.04.17 09:21:45.933,1.9995,1.99965,0.80,12.00
2007.04.17 09:21:46.338,1.9994,1.99965,15.40,12.00
2007.04.17 09:21:48.261,1.9995,1.99965,1.60,12.00
2007.04.17 09:21:49.880,1.9995,1.9996,1.60,0.80
2007.04.17 09:21:50.159,1.9995,1.9996,0.80,0.60
2007.04.17 09:21:50.407,1.9994,1.99965,1.60,26.80
2007.04.17 09:21:50.651,1.9994,1.9996,1.60,0.50
2007.04.17 09:21:50.903,1.9994,1.9996,1.60,0.50
2007.04.17 09:21:51.313,1.9994,1.99965,1.80,18.40
2007.04.17 09:21:54.633,1.9994,1.9996,1.00,15.20
2007.04.17 09:21:54.889,1.9993,1.99955,17.60,8.00
2007.04.17 09:21:57.915,1.9993,1.9995,2.40,24.00
2007.04.17 09:21:58.134,1.9993,1.9994,1.60,0.80
2007.04.17 09:21:58.351,1.9993,1.9994,2.40,0.80
2007.04.17 09:21:58.829,1.9993,1.99945,2.40,14.40
2007.04.17 09:21:59.298,1.9992,1.99945,4.30,17.60
2007.04.17 09:22:01.627,1.9993,1.99945,0.80,8.00
2007.04.17 09:22:02.274,1.9992,1.9994,6.00,23.20
2007.04.17 09:22:02.514,1.9992,1.9994,4.00,25.20
2007.04.17 09:22:04.942,1.9992,1.9993,3.20,0.60
2007.04.17 09:22:05.467,1.9992,1.9994,2.50,25.20
2007.04.17 09:22:05.994,1.9992,1.9994,3.30,25.20
2007.04.17 09:22:07.267,1.9992,1.99935,0.90,9.60
2007.04.17 09:22:07.509,1.9992,1.9993,0.20,0.70
2007.04.17 09:22:07.902,1.9991,1.99935,10.00,12.00
2007.04.17 09:22:08.318,1.9991,1.99935,9.20,12.80
2007.04.17 09:22:08.529,1.9992,1.99935,2.40,12.80
2007.04.17 09:22:10.472,1.9991,1.9993,5.70,1.10
2007.04.17 09:22:11.131,1.9991,1.9993,5.80,1.30
2007.04.17 09:22:11.350,1.9991,1.9993,4.00,22.00
2007.04.17 09:22:11.625,1.9991,1.9992,4.00,1.20
2007.04.17 09:22:12.469,1.9991,1.9993,3.70,26.00
2007.04.17 09:22:16.314,1.9991,1.9992,0.30,0.90
2007.04.17 09:22:16.665,1.999,1.9992,16.70,0.80
2007.04.17 09:22:17.353,1.999,1.99925,16.00,8.80
2007.04.17 09:22:17.667,1.999,1.9992,16.40,0.80
2007.04.17 09:22:18.104,1.999,1.99925,16.40,8.80
2007.04.17 09:22:18.419,1.999,1.99925,15.60,8.80
2007.04.17 09:22:18.777,1.999,1.99925,16.60,8.00
2007.04.17 09:22:19.306,1.999,1.99925,7.60,14.40
2007.04.17 09:22:19.528,1.999,1.99925,5.80,16.80
2007.04.17 09:22:19.735,1.999,1.9992,4.80,0.80
2007.04.17 09:22:20.422,1.999,1.9991,0.50,1.40
2007.04.17 09:22:21.371,1.999,1.9992,0.20,19.20
2007.04.17 09:22:21.799,1.999,1.9991,0.20,0.70
2007.04.17 09:22:23.291,1.9989,1.9992,15.90,21.60
2007.04.17 09:22:23.778,1.99885,1.9992,15.70,21.60
2007.04.17 09:22:23.991,1.99885,1.9992,14.90,22.40
2007.04.17 09:22:24.208,1.9989,1.9991,0.50,0.60
2007.04.17 09:22:24.444,1.99885,1.999,7.70,14.40
2007.04.17 09:22:24.654,1.9988,1.9989,1.30,1.30
2007.04.17 09:22:24.870,1.9988,1.999,1.40,1.20
2007.04.17 09:22:25.119,1.9988,1.999,1.40,1.20
2007.04.17 09:22:25.400,1.9987,1.99895,29.50,9.60
2007.04.17 09:22:25.604,1.99865,1.99895,9.60,10.40
2007.04.17 09:22:25.896,1.9988,1.9989,1.00,1.30
2007.04.17 09:22:26.437,1.9987,1.999,5.60,35.50
2007.04.17 09:22:26.699,1.9988,1.9989,0.50,0.90
2007.04.17 09:22:26.999,1.9987,1.9989,0.80,0.60
2007.04.17 09:22:27.220,1.9987,1.9989,1.40,1.20
2007.04.17 09:22:27.722,1.99865,1.99895,6.00,13.60
2007.04.17 09:22:28.097,1.99865,1.99895,6.30,13.60
2007.04.17 09:22:28.437,1.9987,1.9988,0.50,1.10
2007.04.17 09:22:28.655,1.9987,1.9988,1.40,1.30
2007.04.17 09:22:28.729,1.9986,1.9989,15.80,15.20
2007.04.17 09:22:28.911,1.9986,1.9989,15.80,15.20
2007.04.17 09:22:29.660,1.9986,1.9989,14.80,15.20
2007.04.17 09:22:29.867,1.9986,1.9989,7.80,19.20
2007.04.17 09:22:30.097,1.9987,1.9988,0.90,0.60
2007.04.17 09:22:31.414,1.9986,1.9988,6.10,15.20
2007.04.17 09:22:31.690,1.99855,1.9988,5.60,28.40
2007.04.17 09:22:32.417,1.9986,1.9987,0.70,0.50
2007.04.17 09:22:32.739,1.99845,1.99875,16.00,9.60
2007.04.17 09:22:32.957,1.9986,1.9987,0.70,0.90
2007.04.17 09:22:33.585,1.9985,1.99875,15.60,11.20
2007.04.17 09:22:33.904,1.9986,1.9987,0.90,0.70
2007.04.17 09:22:34.118,1.99855,1.99875,3.40,11.20
2007.04.17 09:22:34.380,1.9985,1.99875,13.70,11.20
2007.04.17 09:22:34.777,1.9985,1.99875,13.80,11.20
2007.04.17 09:22:35.447,1.9985,1.9987,12.20,18.80
2007.04.17 09:22:35.732,1.9984,1.9987,17.10,28.40
2007.04.17 09:22:36.078,1.9984,1.9987,16.70,28.40
2007.04.17 09:22:36.345,1.9984,1.9987,18.30,25.60
2007.04.17 09:22:36.767,1.9985,1.9986,0.60,0.90
2007.04.17 09:22:37.057,1.9984,1.9987,17.60,27.20
2007.04.17 09:22:37.432,1.9985,1.9986,0.50,0.90
2007.04.17 09:22:37.683,1.9985,1.9986,0.70,0.80
2007.04.17 09:22:38.428,1.9985,1.9986,0.90,0.80
2007.04.17 09:22:38.917,1.9985,1.9986,0.50,0.70
2007.04.17 09:22:40.044,1.9985,1.9986,0.60,0.70
2007.04.17 09:22:41.754,1.9984,1.99865,21.10,10.40
2007.04.17 09:22:42.987,1.9985,1.9986,5.60,0.60
2007.04.17 09:22:43.947,1.9986,1.9987,0.20,0.80
2007.04.17 09:22:44.179,1.9986,1.99875,1.80,16.00
2007.04.17 09:22:44.408,1.9986,1.9987,2.80,0.50
2007.04.17 09:22:44.720,1.9986,1.9987,0.70,0.90
2007.04.17 09:22:45.329,1.9986,1.9987,0.80,0.80
2007.04.17 09:22:45.639,1.9986,1.99875,4.00,9.60
2007.04.17 09:22:45.940,1.9986,1.99875,5.10,9.60
2007.04.17 09:22:46.413,1.9986,1.99875,4.80,9.60
2007.04.17 09:22:46.747,1.9987,1.99875,0.30,9.00
2007.04.17 09:22:46.964,1.9987,1.9988,0.50,0.80
2007.04.17 09:22:47.568,1.9987,1.9988,0.30,0.80
2007.04.17 09:22:47.872,1.9986,1.99885,8.80,16.00
2007.04.17 09:22:48.412,1.9987,1.9988,0.30,0.90
2007.04.17 09:22:48.736,1.9988,1.99885,0.20,15.30
2007.04.17 09:22:49.400,1.9986,1.99885,8.80,16.00
2007.04.17 09:22:52.022,1.9987,1.99885,0.60,13.60
2007.04.17 09:22:52.394,1.9987,1.99885,1.50,13.60
2007.04.17 09:22:52.607,1.9987,1.99885,0.80,12.00
2007.04.17 09:22:52.930,1.9986,1.99885,11.00,12.00
2007.04.17 09:22:53.204,1.9986,1.99885,2.60,16.00
2007.04.17 09:22:53.455,1.9987,1.99885,0.30,12.00
2007.04.17 09:22:54.978,1.9986,1.9988,5.00,21.60
2007.04.17 09:22:55.189,1.9987,1.99875,0.50,10.40
2007.04.17 09:22:55.407,1.9987,1.99875,0.60,0.80
2007.04.17 09:22:55.690,1.9987,1.99885,0.60,16.80
2007.04.17 09:22:56.376,1.9987,1.99885,1.10,16.00
2007.04.17 09:22:56.924,1.9986,1.9988,6.90,16.80
2007.04.17 09:22:57.139,1.9986,1.9987,2.50,0.50
2007.04.17 09:22:57.374,1.9986,1.9987,1.00,0.50
2007.04.17 09:22:57.948,1.9986,1.99875,4.20,9.60
2007.04.17 09:22:58.210,1.9987,1.99875,0.20,8.70
2007.04.17 09:22:58.525,1.9987,1.99875,0.20,6.40
2007.04.17 09:22:58.737,1.9987,1.99885,1.60,7.20
2007.04.17 09:23:00.894,1.9986,1.99885,19.00,6.40
2007.04.17 09:23:01.375,1.9987,1.99885,0.80,6.40
2007.04.17 09:23:01.957,1.9987,1.9988,3.80,1.60
2007.04.17 09:23:02.220,1.9987,1.99885,3.80,7.20
2007.04.17 09:23:03.003,1.9987,1.9988,3.80,2.10
2007.04.17 09:23:03.260,1.9987,1.9988,3.90,1.20
2007.04.17 09:23:06.575,1.9987,1.9988,4.70,2.50
2007.04.17 09:23:07.359,1.9987,1.9988,2.30,7.20
2007.04.17 09:23:08.352,1.9987,1.9988,1.40,7.20
2007.04.17 09:23:08.685,1.9987,1.9989,1.40,24.00
2007.04.17 09:23:09.923,1.9987,1.9988,1.70,0.80
2007.04.17 09:23:10.334,1.9987,1.9989,1.80,24.00
2007.04.17 09:23:11.026,1.9987,1.99885,2.60,3.20
2007.04.17 09:23:12.280,1.9987,1.99885,3.60,3.20
2007.04.17 09:23:14.574,1.9988,1.99895,1.30,9.60
2007.04.17 09:23:14.851,1.9988,1.9989,1.30,0.70
2007.04.17 09:23:15.067,1.9987,1.9989,1.70,26.00
2007.04.17 09:23:15.610,1.9987,1.99885,1.60,9.60
2007.04.17 09:23:15.962,1.9987,1.9988,2.40,0.70
2007.04.17 09:23:16.664,1.9987,1.9988,1.60,0.60
2007.04.17 09:23:17.329,1.9987,1.99885,0.80,11.60
2007.04.17 09:23:17.664,1.9987,1.99885,0.80,12.40
2007.04.17 09:23:17.681,1.9986,1.99885,18.00,20.40
2007.04.17 09:23:18.327,1.9987,1.9988,0.80,0.60
2007.04.17 09:23:19.870,1.9986,1.9987,12.40,0.80
2007.04.17 09:23:20.131,1.9986,1.9987,0.60,0.90
2007.04.17 09:23:20.403,1.9986,1.9987,0.60,0.60
2007.04.17 09:23:20.614,1.99855,1.9988,4.20,27.60
2007.04.17 09:23:20.837,1.9985,1.99875,26.60,10.00
2007.04.17 09:23:21.098,1.9986,1.9987,0.90,0.50
2007.04.17 09:23:21.298,1.9986,1.9987,0.90,0.60
2007.04.17 09:23:21.954,1.9985,1.9987,22.70,10.80
2007.04.17 09:23:22.559,1.9985,1.9987,7.80,26.80
2007.04.17 09:23:22.776,1.9985,1.9987,5.90,27.60
2007.04.17 09:23:23.102,1.9986,1.9987,0.90,0.80
2007.04.17 09:23:23.314,1.9985,1.9987,12.60,18.40
2007.04.17 09:23:23.606,1.9985,1.9987,8.30,22.80
2007.04.17 09:23:23.975,1.9985,1.99875,15.00,19.60
2007.04.17 09:23:24.304,1.9985,1.9987,12.60,16.80
2007.04.17 09:23:24.536,1.9986,1.9987,0.20,21.40
2007.04.17 09:23:24.796,1.9985,1.9987,5.80,22.00
2007.04.17 09:23:25.024,1.9985,1.9986,0.90,0.60
2007.04.17 09:23:25.303,1.99845,1.9987,9.30,22.80
2007.04.17 09:23:26.394,1.9985,1.9986,0.50,0.70
2007.04.17 09:23:26.943,1.9984,1.9985,15.70,0.90
2007.04.17 09:23:27.198,1.9984,1.9986,9.70,11.20
2007.04.17 09:23:27.740,1.9984,1.9986,6.80,21.20
2007.04.17 09:23:27.962,1.9984,1.9986,6.60,21.20
2007.04.17 09:23:28.182,1.9984,1.9985,0.70,0.90
2007.04.17 09:23:28.480,1.99835,1.9986,10.30,20.40
2007.04.17 09:23:28.712,1.99835,1.9986,11.20,16.00
2007.04.17 09:23:28.956,1.99835,1.9986,11.20,17.60
2007.04.17 09:23:29.523,1.9984,1.9985,0.60,0.50
2007.04.17 09:23:30.853,1.99835,1.9986,8.90,17.40
2007.04.17 09:23:31.608,1.99835,1.9986,8.80,17.40
2007.04.17 09:23:32.570,1.99835,1.9986,8.60,25.00
2007.04.17 09:23:32.868,1.99835,1.9986,7.80,25.00
2007.04.17 09:23:34.273,1.99835,1.9986,4.70,27.40
2007.04.17 09:23:34.491,1.99835,1.9986,3.10,31.80
2007.04.17 09:23:35.389,1.9984,1.9985,0.60,0.70
2007.04.17 09:23:35.598,1.99835,1.9985,2.70,26.60
2007.04.17 09:23:35.893,1.9983,1.9985,3.30,22.60
2007.04.17 09:23:36.127,1.9983,1.9985,0.90,17.40
2007.04.17 09:23:36.504,1.99825,1.9984,12.10,4.00
2007.04.17 09:23:37.517,1.9984,1.9985,1.60,11.20
2007.04.17 09:23:37.772,1.9983,1.9985,16.90,7.20
2007.04.17 09:23:37.995,1.9985,1.9986,0.30,25.60
2007.04.17 09:23:38.250,1.9983,1.9985,15.50,7.20
2007.04.17 09:23:38.469,1.9984,1.9985,0.70,11.20
2007.04.17 09:23:38.982,1.99835,1.9985,3.90,11.20
2007.04.17 09:23:39.454,1.9983,1.9984,12.30,6.40
2007.04.17 09:23:39.659,1.9983,1.9984,6.20,10.40
2007.04.17 09:23:39.917,1.9983,1.9984,6.20,8.00
2007.04.17 09:23:40.241,1.9984,1.9985,0.50,11.60
2007.04.17 09:23:44.950,1.9984,1.9985,0.60,16.40
2007.04.17 09:23:46.281,1.9983,1.9984,4.80,8.80
2007.04.17 09:23:46.512,1.9984,1.9985,0.30,16.00
2007.04.17 09:23:47.609,1.9984,1.9985,0.50,16.00
2007.04.17 09:23:47.931,1.9984,1.9985,0.60,8.00
2007.04.17 09:23:48.157,1.9984,1.9985,1.20,7.20
2007.04.17 09:23:48.416,1.9984,1.9985,1.40,7.20
2007.04.17 09:23:48.932,1.9984,1.9985,1.50,7.20
2007.04.17 09:23:49.275,1.9984,1.9985,1.60,7.20
2007.04.17 09:23:50.148,1.9984,1.9985,0.60,12.00
2007.04.17 09:23:51.491,1.9984,1.9985,0.70,8.00
2007.04.17 09:23:52.083,1.9984,1.9985,2.30,7.20
2007.04.17 09:23:52.110,1.9984,1.9985,2.30,0.70
2007.04.17 09:23:52.472,1.9985,1.9986,0.30,15.60
2007.04.17 09:23:52.695,1.9985,1.9986,0.30,12.00
2007.04.17 09:23:52.919,1.9985,1.9986,0.30,13.60
2007.04.17 09:23:53.237,1.9984,1.9985,4.80,8.80
2007.04.17 09:23:53.912,1.9984,1.9985,4.80,8.80
2007.04.17 09:23:54.143,1.9984,1.9985,4.70,8.80
2007.04.17 09:23:55.542,1.9985,1.9986,0.30,16.40
2007.04.17 09:23:55.791,1.9985,1.9986,1.20,9.60
2007.04.17 09:23:59.814,1.9985,1.9986,1.20,10.40
2007.04.17 09:24:00.036,1.9985,1.9986,0.50,12.00
2007.04.17 09:24:00.305,1.9985,1.9986,0.50,11.20
2007.04.17 09:24:00.672,1.9985,1.9986,2.10,10.40
2007.04.17 09:24:02.530,1.9985,1.9986,1.30,10.40
2007.04.17 09:24:03.556,1.9985,1.9986,1.20,10.40
2007.04.17 09:24:03.880,1.9985,1.9986,2.00,10.40
2007.04.17 09:24:04.260,1.9985,1.9987,2.00,22.00
2007.04.17 09:24:04.544,1.9985,1.9986,1.20,0.80
2007.04.17 09:24:05.111,1.9985,1.9986,2.00,0.60
2007.04.17 09:24:05.540,1.9985,1.9987,2.40,22.00
2007.04.17 09:24:07.183,1.9985,1.9986,2.40,0.80
2007.04.17 09:24:07.528,1.9985,1.9987,2.40,21.20
2007.04.17 09:24:08.530,1.9985,1.9987,2.30,22.00
2007.04.17 09:24:09.112,1.9985,1.9986,1.50,0.90
2007.04.17 09:24:09.523,1.9985,1.9987,1.60,20.40
2007.04.17 09:24:11.136,1.9985,1.9986,1.60,0.60
2007.04.17 09:24:11.155,1.9985,1.9986,2.40,0.50
2007.04.17 09:24:21.145,1.9985,1.9986,4.80,0.50
2007.04.17 09:24:22.143,1.9985,1.9987,4.80,17.20
2007.04.17 09:24:29.451,1.9985,1.9987,4.80,17.20
2007.04.17 09:24:31.442,1.9985,1.9987,5.00,17.20
2007.04.17 09:24:32.105,1.9985,1.9986,1.80,0.80
2007.04.17 09:24:33.639,1.9985,1.9986,0.30,0.70
2007.04.17 09:24:34.012,1.9985,1.9986,0.30,0.80
2007.04.17 09:24:35.424,1.9984,1.99865,8.80,16.00
2007.04.17 09:24:36.154,1.9984,1.9986,8.70,0.90
2007.04.17 09:24:36.379,1.9984,1.99865,8.80,16.00
2007.04.17 09:24:36.584,1.9984,1.99865,8.80,15.20
2007.04.17 09:24:37.550,1.9984,1.99865,9.10,15.20
2007.04.17 09:24:37.760,1.9984,1.9986,8.80,0.90
2007.04.17 09:24:39.043,1.9984,1.99865,8.70,16.80
2007.04.17 09:24:39.369,1.9984,1.99865,8.70,18.40
2007.04.17 09:24:39.625,1.9984,1.99865,8.70,17.60
2007.04.17 09:24:40.085,1.9984,1.9986,8.70,1.20
2007.04.17 09:24:40.425,1.9984,1.99865,8.70,17.60
2007.04.17 09:24:40.631,1.9984,1.99865,8.80,16.80
2007.04.17 09:24:40.884,1.9984,1.9986,11.20,0.60
2007.04.17 09:24:41.097,1.9985,1.9986,0.50,0.60
2007.04.17 09:24:41.312,1.9985,1.9986,0.30,1.40
2007.04.17 09:24:41.655,1.9984,1.9986,11.10,0.50
2007.04.17 09:24:42.175,1.9985,1.9987,2.40,32.30
2007.04.17 09:24:42.407,1.9985,1.9987,2.50,33.10
2007.04.17 09:24:42.668,1.9984,1.9986,11.10,1.20
2007.04.17 09:24:42.945,1.9984,1.9986,11.20,1.00
2007.04.17 09:24:43.700,1.9984,1.9986,11.50,8.00
2007.04.17 09:24:44.682,1.9985,1.9986,3.70,6.40
2007.04.17 09:24:46.728,1.9985,1.9987,4.50,11.20
2007.04.17 09:24:47.058,1.9985,1.9986,3.70,7.20
2007.04.17 09:24:47.265,1.9985,1.9986,3.50,7.20
2007.04.17 09:24:48.605,1.9985,1.9986,4.30,4.80
2007.04.17 09:24:49.696,1.9986,1.9987,0.80,10.40
2007.04.17 09:24:51.410,1.9986,1.9987,0.80,9.60
2007.04.17 09:24:51.742,1.9986,1.9987,1.60,9.60
2007.04.17 09:25:01.038,1.9986,1.9987,1.60,8.80
2007.04.17 09:25:02.154,1.9986,1.9987,0.80,8.80
2007.04.17 09:25:02.372,1.9985,1.9986,5.20,2.40
2007.04.17 09:25:02.905,1.9985,1.9986,4.40,3.20
2007.04.17 09:25:05.367,1.9985,1.9986,4.50,3.20
2007.04.17 09:25:05.686,1.9986,1.9987,2.40,18.00
2007.04.17 09:25:05.960,1.9986,1.9987,2.60,14.40
2007.04.17 09:25:06.318,1.9985,1.9986,8.10,2.40
2007.04.17 09:25:06.541,1.9985,1.9986,4.80,3.20
2007.04.17 09:25:06.845,1.9985,1.9986,5.60,2.40
2007.04.17 09:25:07.351,1.9985,1.9986,6.40,2.40
2007.04.17 09:25:07.683,1.9985,1.9986,4.00,2.40
2007.04.17 09:25:07.916,1.9985,1.9986,4.00,6.40
2007.04.17 09:25:08.868,1.9985,1.9986,4.00,1.00
2007.04.17 09:25:10.338,1.9986,1.9987,0.20,20.80
2007.04.17 09:25:11.331,1.9986,1.9987,0.20,22.70
2007.04.17 09:25:12.219,1.9985,1.9986,0.50,0.90
2007.04.17 09:25:12.700,1.9985,1.9986,0.50,0.90
2007.04.17 09:25:13.196,1.9985,1.9987,0.60,34.00
2007.04.17 09:25:14.652,1.9985,1.9986,0.60,0.90
2007.04.17 09:25:15.213,1.9985,1.9986,0.30,17.60
2007.04.17 09:25:15.548,1.9985,1.9986,0.80,12.00
2007.04.17 09:25:15.789,1.9985,1.99865,0.80,3.20
2007.04.17 09:25:16.042,1.9985,1.9987,1.40,1.90
2007.04.17 09:25:16.312,1.9985,1.9986,1.40,0.60
2007.04.17 09:25:16.642,1.9985,1.99875,3.80,18.40
2007.04.17 09:25:16.976,1.9985,1.99875,3.80,17.60
2007.04.17 09:25:17.210,1.9985,1.9987,2.40,12.80
2007.04.17 09:25:17.647,1.9985,1.9986,2.20,0.70
2007.04.17 09:25:18.075,1.9985,1.9986,3.20,1.00
2007.04.17 09:25:18.302,1.9985,1.99875,3.20,17.60
2007.04.17 09:25:18.630,1.9985,1.99875,5.60,17.60
2007.04.17 09:25:19.625,1.9985,1.9987,5.60,1.30
2007.04.17 09:25:19.862,1.9985,1.9987,5.80,1.10
2007.04.17 09:25:20.230,1.9985,1.9986,4.80,0.60
2007.04.17 09:25:20.921,1.9985,1.9987,4.80,19.60
2007.04.17 09:25:22.615,1.9985,1.9986,5.10,0.80
2007.04.17 09:25:22.867,1.9986,1.99875,2.40,18.40
2007.04.17 09:25:23.078,1.9986,1.9987,6.40,1.20
2007.04.17 09:25:23.375,1.9986,1.99885,9.20,20.80
2007.04.17 09:25:23.609,1.9986,1.99885,10.60,19.20
2007.04.17 09:25:26.267,1.9986,1.99885,10.60,19.20
2007.04.17 09:25:27.502,1.9986,1.99885,10.70,19.20
2007.04.17 09:25:29.142,1.9986,1.99885,7.50,19.20
2007.04.17 09:25:29.365,1.9986,1.99885,6.70,19.20
2007.04.17 09:25:29.865,1.9987,1.9988,0.80,0.60
2007.04.17 09:25:30.159,1.9987,1.99885,1.60,14.40
2007.04.17 09:25:30.366,1.9987,1.9988,2.40,1.60
2007.04.17 09:25:31.576,1.9987,1.99885,1.60,12.80
2007.04.17 09:25:31.820,1.99865,1.99885,1.60,16.80
2007.04.17 09:25:32.098,1.9986,1.9988,5.10,15.20
2007.04.17 09:25:32.303,1.9986,1.9988,2.70,15.20
2007.04.17 09:25:32.591,1.9986,1.9987,1.90,1.70
2007.04.17 09:25:35.574,1.9986,1.99885,3.70,21.20
2007.04.17 09:25:35.817,1.99865,1.99885,1.60,15.20
2007.04.17 09:25:36.107,1.9986,1.99885,5.40,16.80
2007.04.17 09:25:36.312,1.99865,1.9988,1.60,1.50
2007.04.17 09:25:36.569,1.9986,1.9988,6.20,1.10
2007.04.17 09:25:37.187,1.9987,1.9988,0.80,1.10
2007.04.17 09:25:39.566,1.9986,1.9988,5.60,11.20
2007.04.17 09:25:39.793,1.9986,1.9987,5.60,8.00
2007.04.17 09:25:43.769,1.9986,1.9987,5.50,8.00
2007.04.17 09:25:44.055,1.9986,1.9987,4.90,8.00
2007.04.17 09:25:48.864,1.9986,1.9987,4.80,8.00
2007.04.17 09:25:49.128,1.9986,1.9987,5.60,8.00
2007.04.17 09:25:52.176,1.9986,1.9988,5.90,14.40
2007.04.17 09:25:52.428,1.9986,1.9988,5.90,12.00
2007.04.17 09:25:54.797,1.9986,1.9987,5.60,8.00
2007.04.17 09:25:58.177,1.9986,1.9987,5.70,8.00
2007.04.17 09:25:59.175,1.9986,1.9987,5.60,8.00
2007.04.17 09:26:01.458,1.99855,1.9987,7.20,8.00
2007.04.17 09:26:03.158,1.99855,1.9987,7.10,8.00
2007.04.17 09:26:07.454,1.9986,1.9987,0.90,4.00
2007.04.17 09:26:07.726,1.9986,1.9987,13.10,4.00
2007.04.17 09:26:07.941,1.99855,1.9988,9.90,16.00
2007.04.17 09:26:08.169,1.99865,1.9988,0.80,11.20
2007.04.17 09:26:08.468,1.9986,1.9988,2.30,11.20
2007.04.17 09:26:09.015,1.9987,1.9988,4.20,10.40
2007.04.17 09:26:09.298,1.9987,1.9988,1.50,12.00
2007.04.17 09:26:09.512,1.9986,1.9987,11.60,4.00
2007.04.17 09:26:09.802,1.9986,1.9987,9.20,4.00
2007.04.17 09:26:10.303,1.9987,1.9988,1.60,13.60
2007.04.17 09:26:10.551,1.99865,1.9988,5.00,8.00
2007.04.17 09:26:10.799,1.99865,1.9988,5.00,10.40
2007.04.17 09:26:11.047,1.99865,1.9988,5.10,10.40
2007.04.17 09:26:11.360,1.99865,1.9988,5.00,10.40
2007.04.17 09:26:11.606,1.9986,1.9988,16.60,10.40
2007.04.17 09:26:11.864,1.9986,1.9988,16.50,10.40
2007.04.17 09:26:12.082,1.9987,1.9988,0.70,8.00
2007.04.17 09:26:12.300,1.9987,1.9988,0.80,8.00
2007.04.17 09:26:12.593,1.9987,1.9988,0.50,8.00
2007.04.17 09:26:12.816,1.9987,1.9988,0.50,8.00
2007.04.17 09:26:13.119,1.9987,1.9988,0.60,8.00
2007.04.17 09:26:13.448,1.9987,1.9988,2.20,8.00
2007.04.17 09:26:13.738,1.99865,1.9988,4.40,8.00
2007.04.17 09:26:14.048,1.99865,1.9988,4.40,8.80
2007.04.17 09:26:14.404,1.9987,1.9988,1.40,8.80
2007.04.17 09:26:14.922,1.9987,1.9988,1.50,8.80
2007.04.17 09:26:15.908,1.99865,1.9988,4.00,13.60
2007.04.17 09:26:16.125,1.9987,1.9988,0.60,14.40
2007.04.17 09:26:16.795,1.99865,1.9988,4.00,12.00
2007.04.17 09:26:17.351,1.9987,1.9988,1.40,11.20
2007.04.17 09:26:17.980,1.9987,1.9988,1.50,11.20
2007.04.17 09:26:20.794,1.99865,1.9988,5.20,11.20
2007.04.17 09:26:25.662,1.99865,1.9988,7.60,10.40
2007.04.17 09:26:25.939,1.9987,1.9988,0.80,10.40
2007.04.17 09:26:26.424,1.9987,1.9988,0.80,10.40
2007.04.17 09:26:33.649,1.9987,1.9988,3.60,10.40
2007.04.17 09:26:34.726,1.9987,1.9988,3.80,10.40
2007.04.17 09:26:35.707,1.9987,1.9988,3.60,10.40
2007.04.17 09:26:41.368,1.9987,1.9988,3.60,8.00
2007.04.17 09:26:44.358,1.9987,1.9988,3.60,10.40
2007.04.17 09:26:44.560,1.9987,1.9988,3.90,10.40
2007.04.17 09:26:44.859,1.9987,1.9988,3.70,10.40
2007.04.17 09:26:45.678,1.9987,1.9988,1.40,10.40
2007.04.17 09:26:46.321,1.9987,1.9988,2.30,10.40
2007.04.17 09:26:47.342,1.99865,1.9988,6.30,12.00
2007.04.17 09:26:47.862,1.9987,1.9988,1.10,11.20
2007.04.17 09:26:48.358,1.9987,1.9988,1.90,10.40
2007.04.17 09:26:49.339,1.9987,1.9988,2.10,6.40
2007.04.17 09:26:50.003,1.99865,1.9988,7.90,10.40
2007.04.17 09:26:50.331,1.99865,1.9988,8.00,10.40
2007.04.17 09:26:50.670,1.99865,1.9988,8.00,8.00
2007.04.17 09:26:50.886,1.99865,1.9988,8.10,8.00
2007.04.17 09:26:51.335,1.99865,1.9988,7.30,8.00
2007.04.17 09:26:51.877,1.9987,1.9988,0.70,8.00
2007.04.17 09:26:52.261,1.99865,1.9988,7.40,8.00
2007.04.17 09:26:53.339,1.9987,1.9988,1.70,8.00
2007.04.17 09:26:53.546,1.9987,1.9988,2.20,4.00
2007.04.17 09:26:53.945,1.9987,1.9988,7.50,4.00
2007.04.17 09:26:55.335,1.99865,1.9988,13.80,8.00
2007.04.17 09:26:55.596,1.99865,1.9988,10.60,8.00
2007.04.17 09:26:55.916,1.99865,1.9988,9.80,8.00
2007.04.17 09:26:56.332,1.99865,1.9988,7.40,8.00
2007.04.17 09:27:01.974,1.9987,1.9988,5.20,4.00
2007.04.17 09:27:02.439,1.99865,1.9988,4.10,4.10
2007.04.17 09:27:02.717,1.9987,1.9988,0.80,1.70
2007.04.17 09:27:03.213,1.99822,1.99867,2.60,3.60
2007.04.17 09:27:03.642,1.9986,1.9989,19.30,8.80
2007.04.17 09:27:04.199,1.9986,1.9987,19.30,0.80
2007.04.17 09:27:04.455,1.99828,1.99842,1.60,0.80
2007.04.17 09:27:04.893,1.9979,1.9983,2.40,4.00
2007.04.17 09:27:05.349,1.9986,1.9989,19.30,8.80
2007.04.17 09:27:06.081,1.9986,1.9988,19.10,0.80
2007.04.17 09:27:06.357,1.9983,1.9985,1.30,4.00
2007.04.17 09:27:07.033,1.99804,1.99815,0.60,0.80
2007.04.17 09:27:07.526,1.99767,1.99791,0.60,4.00
2007.04.17 09:27:07.958,1.99739,1.99759,8.00,4.00
2007.04.17 09:27:08.336,1.9973,1.99755,0.90,3.10
2007.04.17 09:27:08.590,1.9963,1.9965,2.20,0.80
2007.04.17 09:27:08.805,1.9971,1.9972,0.60,1.60
2007.04.17 09:27:09.009,1.9975,1.9977,0.80,4.00
2007.04.17 09:27:09.318,1.9977,1.9978,1.00,8.70
2007.04.17 09:27:09.570,1.9975,1.99765,4.80,3.10
2007.04.17 09:27:09.824,1.9975,1.9977,2.40,4.00
2007.04.17 09:27:10.040,1.9978,1.998,1.60,5.60
2007.04.17 09:27:10.252,1.99775,1.998,2.40,5.60
2007.04.17 09:27:10.474,1.99775,1.998,8.80,6.40
2007.04.17 09:27:11.323,1.9978,1.998,8.00,7.10
2007.04.17 09:27:11.572,1.99775,1.998,9.60,9.50
2007.04.17 09:27:11.966,1.9979,1.998,0.50,3.10
2007.04.17 09:27:12.423,1.9974,1.9976,2.40,1.60
2007.04.17 09:27:12.667,1.99785,1.9981,4.80,12.00
2007.04.17 09:27:12.923,1.9979,1.9981,4.80,12.00
2007.04.17 09:27:13.129,1.99795,1.9981,2.40,8.00
2007.04.17 09:27:13.358,1.99795,1.9981,0.80,4.00
2007.04.17 09:27:13.585,1.99762,1.99782,15.90,3.10
2007.04.17 09:27:14.151,1.9971,1.9975,5.00,3.10
2007.04.17 09:27:14.361,1.9972,1.9975,2.40,7.10
2007.04.17 09:27:14.594,1.9971,1.9973,7.20,2.40
2007.04.17 09:27:15.026,1.9971,1.9973,4.80,2.40
2007.04.17 09:27:15.343,1.9971,1.9973,4.80,6.40
2007.04.17 09:27:15.555,1.9971,1.99725,7.20,3.10
2007.04.17 09:27:15.767,1.9971,1.99735,2.40,3.10
2007.04.17 09:27:16.021,1.9971,1.99755,4.80,3.10
2007.04.17 09:27:16.227,1.9972,1.9976,3.20,0.80
2007.04.17 09:27:16.540,1.9972,1.9976,0.80,3.90
2007.04.17 09:27:16.801,1.99735,1.9975,2.40,4.00
2007.04.17 09:27:17.245,1.9975,1.9976,2.40,7.90
2007.04.17 09:27:17.726,1.9972,1.9973,23.10,5.60
2007.04.17 09:27:17.972,1.99725,1.9973,2.40,5.60
2007.04.17 09:27:18.202,1.9974,1.9975,15.90,12.10
2007.04.17 09:27:18.452,1.9973,1.9974,8.80,1.00
2007.04.17 09:27:18.712,1.9975,1.99765,1.10,1.60
2007.04.17 09:27:18.965,1.9977,1.998,2.40,8.80
2007.04.17 09:27:19.216,1.9977,1.998,10.30,4.30
2007.04.17 09:27:19.700,1.9973,1.9974,2.40,8.00
2007.04.17 09:27:20.030,1.9978,1.998,0.80,0.40
2007.04.17 09:27:20.592,1.9973,1.9974,0.80,2.40
2007.04.17 09:27:21.030,1.9979,1.998,2.40,4.20
2007.04.17 09:27:21.944,1.9973,1.9974,0.80,7.20
2007.04.17 09:27:22.240,1.9973,1.9974,0.80,8.00
2007.04.17 09:27:22.469,1.9978,1.998,17.60,0.30
2007.04.17 09:27:22.682,1.9976,1.9978,0.20,2.40
2007.04.17 09:27:22.923,1.9974,1.99745,1.60,0.80
2007.04.17 09:27:23.349,1.9974,1.9975,1.60,13.70
2007.04.17 09:27:23.652,1.9974,1.9975,1.60,16.10
2007.04.17 09:27:23.664,1.9974,1.9975,1.60,18.60
2007.04.17 09:27:23.887,1.9973,1.9975,0.80,30.50
2007.04.17 09:27:24.130,1.9973,1.9974,0.80,11.30
2007.04.17 09:27:24.346,1.9972,1.9974,2.40,15.60
2007.04.17 09:27:24.692,1.9972,1.9974,3.20,18.80
2007.04.17 09:27:24.923,1.9972,1.9974,3.20,22.00
2007.04.17 09:27:25.197,1.9973,1.9974,13.50,20.40
2007.04.17 09:27:26.970,1.9973,1.99745,13.50,19.50
2007.04.17 09:27:27.203,1.9973,1.99745,13.50,18.70
2007.04.17 09:27:27.413,1.9974,1.99745,13.50,12.70
2007.04.17 09:27:27.630,1.9974,1.99745,17.50,9.20
2007.04.17 09:27:27.856,1.9973,1.9974,12.00,1.50
2007.04.17 09:27:28.091,1.9973,1.99745,2.00,9.60
2007.04.17 09:27:28.308,1.9973,1.9974,1.60,1.10
2007.04.17 09:27:28.578,1.9973,1.9974,1.50,1.80
2007.04.17 09:27:28.791,1.9973,1.9974,0.80,1.20
2007.04.17 09:27:29.057,1.9973,1.9974,1.50,1.40
2007.04.17 09:27:29.358,1.9973,1.9975,3.20,34.50
2007.04.17 09:27:29.587,1.9973,1.9975,4.00,28.90
2007.04.17 09:27:29.964,1.9973,1.99755,9.60,19.40
2007.04.17 09:27:30.180,1.9973,1.9975,10.40,19.40
2007.04.17 09:27:30.209,1.9973,1.9975,10.40,20.20
2007.04.17 09:27:30.450,1.9973,1.99755,4.40,28.20
2007.04.17 09:27:30.707,1.9973,1.9975,4.00,21.80
2007.04.17 09:27:30.952,1.9973,1.9975,3.20,21.80
2007.04.17 09:27:31.408,1.9973,1.9974,3.20,0.80
2007.04.17 09:27:31.754,1.9973,1.9975,3.20,45.70
2007.04.17 09:27:32.017,1.9974,1.9976,0.80,60.00
2007.04.17 09:27:32.224,1.9974,1.9976,0.80,56.90
2007.04.17 09:27:32.429,1.9974,1.9975,3.20,0.80
2007.04.17 09:27:32.886,1.9974,1.9975,0.80,0.60
2007.04.17 09:27:33.180,1.9974,1.9975,0.80,0.70
2007.04.17 09:27:33.500,1.9974,1.9976,2.80,62.00
2007.04.17 09:27:33.712,1.9974,1.9976,2.40,34.40
2007.04.17 09:27:33.958,1.9974,1.9976,2.40,43.50
2007.04.17 09:27:34.431,1.9974,1.99755,3.20,4.00
2007.04.17 09:27:34.668,1.9974,1.9976,10.40,29.10
2007.04.17 09:27:34.933,1.9975,1.9976,2.40,17.20
2007.04.17 09:27:36.818,1.9975,1.9976,2.60,0.80
2007.04.17 09:27:37.042,1.9976,1.99775,2.40,11.20
2007.04.17 09:27:37.275,1.9976,1.99775,2.80,10.40
2007.04.17 09:27:37.539,1.9976,1.9977,0.50,0.60
2007.04.17 09:27:37.843,1.9976,1.9977,0.70,0.80
2007.04.17 09:27:38.064,1.9976,1.9978,0.50,12.80
2007.04.17 09:27:38.302,1.9976,1.9977,0.70,0.70
2007.04.17 09:27:38.509,1.9976,1.99785,3.90,14.40
2007.04.17 09:27:38.854,1.9976,1.99785,5.60,14.40
2007.04.17 09:27:39.049,1.9977,1.9978,1.30,0.60
2007.04.17 09:27:39.331,1.9978,1.9979,0.20,27.10
2007.04.17 09:27:39.671,1.9977,1.9978,1.20,0.70
2007.04.17 09:27:40.074,1.9977,1.9978,7.60,0.80
2007.04.17 09:27:40.299,1.9978,1.998,0.30,21.60
2007.04.17 09:27:40.576,1.9978,1.998,0.20,21.60
2007.04.17 09:27:40.830,1.9978,1.998,0.20,19.20
2007.04.17 09:27:41.160,1.9978,1.998,0.90,16.00
2007.04.17 09:27:41.494,1.9978,1.998,1.00,16.00
2007.04.17 09:27:41.825,1.9978,1.998,1.80,16.00
2007.04.17 09:27:42.160,1.9978,1.998,4.40,0.80
2007.04.17 09:27:42.444,1.9978,1.99805,4.40,12.80
2007.04.17 09:27:42.684,1.9979,1.998,0.20,0.80
2007.04.17 09:27:42.980,1.9978,1.998,3.70,0.90
2007.04.17 09:27:43.196,1.9978,1.9979,4.10,0.90
2007.04.17 09:27:43.409,1.9979,1.998,0.80,21.50
2007.04.17 09:27:43.639,1.9979,1.9981,4.80,16.40
2007.04.17 09:27:44.181,1.9979,1.9981,4.90,0.50
2007.04.17 09:27:44.469,1.9979,1.9981,1.70,0.50
2007.04.17 09:27:44.734,1.9978,1.9981,11.60,0.90
2007.04.17 09:27:45.036,1.9979,1.9981,3.20,0.50
2007.04.17 09:27:45.272,1.9979,1.9982,4.50,16.80
2007.04.17 09:27:45.513,1.99785,1.9979,1.60,0.70
2007.04.17 09:27:46.034,1.998,1.9982,3.20,0.50
2007.04.17 09:27:46.840,1.998,1.99825,3.20,15.10
2007.04.17 09:27:47.420,1.998,1.9982,3.20,0.70
2007.04.17 09:27:47.628,1.998,1.99825,2.60,12.70
2007.04.17 09:27:47.842,1.9981,1.9982,1.60,0.80
2007.04.17 09:27:48.091,1.9981,1.9983,2.40,0.60
2007.04.17 09:27:48.320,1.9981,1.99835,4.00,15.20
2007.04.17 09:27:48.538,1.9981,1.99835,4.00,10.40
2007.04.17 09:27:50.169,1.9981,1.9983,3.40,0.80
2007.04.17 09:27:50.496,1.9981,1.9982,2.60,0.90
2007.04.17 09:27:50.826,1.9981,1.99825,2.60,6.40
2007.04.17 09:27:51.118,1.9981,1.9982,0.20,0.90
2007.04.17 09:27:51.387,1.998,1.99825,6.10,8.80
2007.04.17 09:27:51.687,1.998,1.99825,4.50,8.00
2007.04.17 09:27:52.175,1.998,1.9983,6.10,19.10
2007.04.17 09:27:52.386,1.99805,1.9983,0.80,27.00
2007.04.17 09:27:52.712,1.9981,1.9982,0.20,0.90
2007.04.17 09:27:53.264,1.99805,1.9983,0.80,17.50
2007.04.17 09:27:55.086,1.9981,1.99825,1.60,10.40
2007.04.17 09:27:57.109,1.9981,1.9982,1.60,0.70
2007.04.17 09:27:57.333,1.9982,1.9983,0.80,20.70
2007.04.17 09:27:57.568,1.9982,1.9984,1.60,35.60
2007.04.17 09:27:58.793,1.9982,1.9984,0.80,28.40
2007.04.17 09:27:59.037,1.99815,1.99835,0.80,11.20
2007.04.17 09:27:59.279,1.9981,1.99835,6.50,19.10
2007.04.17 09:27:59.639,1.9981,1.99835,5.70,19.90
2007.04.17 09:28:00.093,1.9981,1.99835,4.10,19.90
2007.04.17 09:28:00.476,1.9981,1.99835,4.00,19.90
2007.04.17 09:28:03.466,1.9981,1.9983,5.60,12.80
2007.04.17 09:28:03.795,1.9981,1.9983,5.60,13.60
2007.04.17 09:28:04.012,1.9981,1.9983,4.80,15.20
2007.04.17 09:28:04.232,1.9981,1.9983,5.60,14.40
2007.04.17 09:28:04.458,1.9981,1.9982,3.20,2.40
2007.04.17 09:28:05.023,1.9981,1.9982,2.40,2.40
2007.04.17 09:28:05.985,1.9981,1.9983,4.00,16.70
2007.04.17 09:28:06.284,1.9981,1.9983,4.00,13.60
2007.04.17 09:28:07.054,1.9981,1.9982,4.00,1.60
2007.04.17 09:28:08.064,1.9981,1.9982,6.40,1.60
2007.04.17 09:28:09.083,1.9982,1.9983,0.80,8.80
2007.04.17 09:28:10.121,1.9982,1.9983,0.80,8.00
2007.04.17 09:28:10.783,1.9982,1.9983,0.80,8.80
2007.04.17 09:28:11.326,1.9981,1.9983,11.20,8.80
2007.04.17 09:28:14.030,1.9981,1.9983,13.20,11.60
2007.04.17 09:28:14.459,1.9981,1.9983,13.20,0.80
2007.04.17 09:28:15.526,1.9981,1.9983,10.80,0.80
2007.04.17 09:28:16.099,1.9981,1.9983,10.00,0.80
2007.04.17 09:28:16.312,1.9981,1.99835,10.00,11.20
2007.04.17 09:28:16.587,1.9981,1.9983,2.40,14.40
2007.04.17 09:28:17.079,1.9981,1.9982,4.80,0.60
2007.04.17 09:28:17.603,1.9981,1.9983,7.20,13.60
2007.04.17 09:28:17.882,1.9982,1.9983,0.80,13.60
2007.04.17 09:28:18.107,1.9981,1.9982,7.20,0.80
2007.04.17 09:28:18.355,1.9982,1.9984,0.80,45.00
2007.04.17 09:28:18.634,1.9982,1.9984,5.60,44.20
2007.04.17 09:28:18.901,1.9982,1.9984,6.40,0.60
2007.04.17 09:28:19.197,1.9982,1.99845,8.80,22.30
2007.04.17 09:28:19.903,1.9982,1.99845,8.80,21.50
2007.04.17 09:28:20.118,1.9982,1.9983,2.40,0.70
2007.04.17 09:28:24.175,1.9982,1.9984,2.40,16.80
2007.04.17 09:28:24.696,1.9982,1.9984,5.60,16.00
2007.04.17 09:28:24.990,1.9982,1.9984,8.00,16.00
2007.04.17 09:28:25.437,1.9982,1.9984,5.60,16.00
2007.04.17 09:28:26.435,1.9982,1.9984,2.40,20.00
2007.04.17 09:28:26.690,1.9982,1.9984,2.40,27.50
2007.04.17 09:28:29.002,1.9981,1.99835,10.80,19.20
2007.04.17 09:28:29.247,1.9981,1.9983,10.80,0.70
2007.04.17 09:28:29.614,1.9981,1.9983,6.80,24.00
2007.04.17 09:28:29.912,1.9981,1.9982,5.20,0.70
2007.04.17 09:28:30.640,1.9981,1.9982,6.00,0.70
2007.04.17 09:28:31.339,1.9981,1.99835,6.00,14.00
2007.04.17 09:28:31.554,1.9982,1.9983,4.80,0.50
2007.04.17 09:28:32.509,1.9982,1.9984,2.70,31.50
2007.04.17 09:28:33.698,1.9982,1.9983,2.60,0.90
2007.04.17 09:28:33.950,1.9981,1.9982,8.40,0.50
2007.04.17 09:28:34.158,1.9981,1.9983,7.60,15.20
2007.04.17 09:28:34.406,1.99815,1.9983,0.80,14.40
2007.04.17 09:28:34.651,1.9981,1.99835,6.80,15.90
2007.04.17 09:28:35.591,1.9982,1.9983,0.80,0.70
2007.04.17 09:28:36.024,1.9982,1.99835,1.60,8.80
2007.04.17 09:28:38.541,1.9981,1.9983,6.80,0.60
2007.04.17 09:28:38.777,1.9981,1.9983,6.80,0.60
2007.04.17 09:28:39.012,1.9981,1.9983,6.80,13.60
2007.04.17 09:28:39.231,1.9981,1.9982,6.50,0.60
2007.04.17 09:28:41.010,1.9981,1.9983,6.80,13.60
2007.04.17 09:28:41.296,1.9981,1.9982,6.40,0.60
2007.04.17 09:28:41.501,1.99815,1.9983,1.60,0.80
2007.04.17 09:28:41.753,1.9982,1.99835,1.60,10.40
2007.04.17 09:28:41.998,1.9982,1.9983,0.80,0.90
2007.04.17 09:28:42.813,1.9982,1.99835,0.80,8.00
2007.04.17 09:28:43.541,1.9982,1.99835,1.60,8.00
2007.04.17 09:28:44.989,1.9982,1.9983,4.00,4.00
2007.04.17 09:28:45.535,1.9982,1.9984,6.50,15.20
2007.04.17 09:28:45.798,1.9982,1.9984,6.70,13.60
2007.04.17 09:28:46.010,1.9983,1.9984,0.80,6.40
2007.04.17 09:28:46.544,1.9983,1.9984,0.80,8.80
2007.04.17 09:28:47.002,1.9983,1.9984,1.60,6.40
2007.04.17 09:28:48.990,1.9984,1.9985,4.80,14.80
2007.04.17 09:28:49.206,1.9984,1.9985,4.80,6.40
2007.04.17 09:28:49.468,1.9984,1.9985,6.40,6.40
2007.04.17 09:28:49.693,1.9984,1.9985,5.60,6.40
2007.04.17 09:28:49.940,1.9984,1.9985,6.40,6.40
2007.04.17 09:28:50.428,1.9984,1.9985,4.00,6.40
2007.04.17 09:28:51.211,1.9984,1.9985,1.60,6.40
2007.04.17 09:28:52.977,1.9983,1.9985,7.60,6.40
2007.04.17 09:28:53.263,1.9983,1.9985,6.80,6.40
2007.04.17 09:28:53.514,1.9985,1.9986,0.80,8.70
2007.04.17 09:28:53.730,1.9985,1.9987,0.80,17.60
2007.04.17 09:28:53.932,1.9985,1.99875,0.80,23.10
2007.04.17 09:28:53.983,1.9985,1.9987,0.80,0.90
2007.04.17 09:28:54.275,1.9985,1.9987,0.80,0.90
2007.04.17 09:28:54.511,1.9985,1.9986,0.80,0.90
2007.04.17 09:28:54.716,1.9984,1.9986,8.90,0.80
2007.04.17 09:28:54.970,1.9984,1.9987,10.40,23.20
2007.04.17 09:28:55.256,1.9984,1.9987,8.00,23.20
2007.04.17 09:28:55.543,1.9985,1.9987,3.20,23.10
2007.04.17 09:28:55.789,1.9985,1.9987,2.40,0.60
2007.04.17 09:28:56.627,1.9985,1.99875,3.20,20.70
2007.04.17 09:28:58.088,1.9985,1.99875,3.20,20.70
2007.04.17 09:28:58.294,1.9985,1.99875,4.00,15.90
2007.04.17 09:28:58.620,1.9985,1.9986,3.20,0.70
2007.04.17 09:28:59.961,1.9985,1.9987,5.70,0.90
2007.04.17 09:29:00.173,1.9985,1.99875,6.40,17.50
2007.04.17 09:29:00.382,1.9985,1.9987,5.60,0.90
2007.04.17 09:29:01.615,1.9985,1.9986,3.20,0.60
2007.04.17 09:29:03.166,1.9985,1.9987,3.20,19.30
2007.04.17 09:29:03.469,1.9985,1.9987,5.60,19.30
2007.04.17 09:29:03.704,1.9985,1.9987,3.20,22.40
2007.04.17 09:29:04.242,1.9985,1.9987,0.80,20.70
2007.04.17 09:29:04.479,1.9985,1.9986,3.20,0.50
2007.04.17 09:29:04.699,1.9985,1.99865,0.80,9.50
2007.04.17 09:29:04.935,1.9985,1.99865,0.80,11.10
2007.04.17 09:29:05.199,1.9985,1.99865,0.80,17.70
2007.04.17 09:29:05.404,1.9985,1.99865,0.80,17.00
2007.04.17 09:29:05.621,1.9985,1.99865,0.80,11.40
2007.04.17 09:29:06.871,1.9985,1.99865,0.80,10.40
2007.04.17 09:29:07.261,1.9985,1.9986,0.80,0.80
2007.04.17 09:29:11.064,1.9985,1.9986,4.00,5.50
2007.04.17 09:29:11.270,1.99845,1.9985,2.40,0.50
2007.04.17 09:29:11.582,1.9984,1.9986,8.80,16.80
2007.04.17 09:29:13.105,1.99845,1.9986,0.80,0.50
2007.04.17 09:29:13.351,1.9985,1.99865,0.80,8.80
2007.04.17 09:29:13.717,1.9985,1.99865,3.20,6.40
2007.04.17 09:29:14.304,1.9985,1.9986,0.80,0.50
2007.04.17 09:29:25.055,1.9985,1.9986,0.80,13.50
2007.04.17 09:29:25.688,1.99845,1.9986,0.80,19.10
2007.04.17 09:29:25.914,1.9984,1.9986,3.20,19.10
2007.04.17 09:29:26.170,1.9984,1.9986,3.20,17.80
2007.04.17 09:29:26.381,1.9984,1.9986,3.20,18.60
2007.04.17 09:29:26.618,1.9984,1.9985,0.80,6.40
2007.04.17 09:29:26.832,1.9983,1.9985,9.60,7.20
2007.04.17 09:29:27.048,1.9983,1.9985,9.60,10.30
2007.04.17 09:29:27.284,1.9983,1.9985,5.60,15.90
2007.04.17 09:29:28.379,1.9983,1.9985,5.60,18.30
2007.04.17 09:29:29.399,1.9983,1.9985,5.60,19.90
2007.04.17 09:29:29.707,1.9984,1.9985,3.20,12.00
2007.04.17 09:29:29.936,1.9984,1.9985,2.40,8.80
2007.04.17 09:29:30.465,1.9984,1.9985,2.40,5.60
2007.04.17 09:29:31.373,1.9984,1.9985,3.20,4.00
2007.04.17 09:29:32.050,1.9984,1.9985,4.00,4.00
2007.04.17 09:29:33.631,1.9984,1.9986,7.20,24.50
2007.04.17 09:29:33.852,1.9985,1.9986,0.80,7.20
2007.04.17 09:29:34.061,1.9985,1.9986,0.80,11.20
2007.04.17 09:29:34.270,1.9984,1.9986,3.20,13.00
2007.04.17 09:29:34.602,1.9984,1.9986,6.40,13.80
2007.04.17 09:29:34.857,1.9984,1.9986,7.20,13.80
2007.04.17 09:29:35.079,1.9984,1.9986,7.20,12.00
2007.04.17 09:29:35.364,1.9984,1.9986,6.40,11.20
2007.04.17 09:29:37.225,1.9984,1.9986,6.40,8.80
2007.04.17 09:29:37.659,1.9984,1.9986,7.20,8.80
2007.04.17 09:29:37.984,1.9985,1.9986,0.80,6.40
2007.04.17 09:29:39.680,1.9985,1.9986,0.80,2.40
2007.04.17 09:29:40.683,1.9985,1.9986,0.80,6.40
2007.04.17 09:29:42.004,1.9985,1.9986,0.80,2.40
2007.04.17 09:29:42.232,1.9985,1.9986,4.00,2.40
2007.04.17 09:29:42.467,1.9985,1.9986,2.40,2.40
2007.04.17 09:29:42.747,1.9985,1.9986,1.60,4.00
2007.04.17 09:29:42.978,1.9985,1.9987,1.60,25.50
2007.04.17 09:29:43.252,1.9985,1.9987,1.60,22.80
2007.04.17 09:29:43.575,1.9985,1.9987,4.00,11.20
2007.04.17 09:29:43.832,1.9985,1.9987,6.40,11.20
2007.04.17 09:29:44.133,1.9985,1.9987,4.00,11.20
2007.04.17 09:29:44.342,1.9985,1.9987,0.80,11.20
2007.04.17 09:29:44.647,1.9985,1.9986,0.80,10.40
2007.04.17 09:29:44.856,1.99845,1.9985,2.40,0.80
2007.04.17 09:29:45.122,1.99845,1.9985,1.60,0.80
2007.04.17 09:29:45.343,1.9985,1.9986,0.80,6.00
2007.04.17 09:29:45.553,1.9985,1.9987,0.80,14.20
2007.04.17 09:29:45.795,1.9985,1.9987,0.80,21.30
2007.04.17 09:29:46.671,1.9985,1.9986,0.80,12.80
2007.04.17 09:29:46.903,1.9985,1.9986,0.80,16.00
2007.04.17 09:29:47.168,1.9984,1.9985,3.20,0.80
2007.04.17 09:29:47.427,1.9984,1.9985,0.80,0.80
2007.04.17 09:29:47.667,1.99845,1.9985,1.60,0.80
2007.04.17 09:29:48.431,1.99845,1.9986,1.60,11.20
2007.04.17 09:29:49.236,1.99845,1.9986,1.60,7.20
2007.04.17 09:29:49.794,1.99845,1.9986,1.60,4.80
2007.04.17 09:29:50.283,1.9984,1.9985,8.80,6.40
2007.04.17 09:29:50.510,1.9985,1.9986,2.40,8.70
2007.04.17 09:29:50.957,1.9985,1.9986,2.40,6.00
2007.04.17 09:29:51.548,1.9985,1.9986,3.20,4.20
2007.04.17 09:29:51.760,1.9985,1.9986,2.00,4.20
2007.04.17 09:29:52.242,1.99845,1.9986,7.20,0.30
2007.04.17 09:29:52.583,1.9983,1.9985,23.70,4.00
2007.04.17 09:29:52.827,1.99835,1.9985,4.80,4.00
2007.04.17 09:29:53.125,1.9983,1.9985,0.70,4.00
2007.04.17 09:29:53.577,1.9983,1.9985,1.50,4.10
2007.04.17 09:29:53.852,1.9982,1.9984,16.00,2.40
2007.04.17 09:29:54.318,1.9982,1.9984,16.00,2.00
2007.04.17 09:29:54.598,1.9982,1.9984,10.40,6.00
2007.04.17 09:29:54.884,1.9982,1.9984,6.40,10.00
2007.04.17 09:29:55.645,1.9982,1.9984,1.30,10.00
2007.04.17 09:29:56.439,1.9983,1.9984,1.60,6.00
2007.04.17 09:29:57.290,1.9983,1.9984,1.20,4.00
2007.04.17 09:30:00.624,1.99825,1.9984,5.60,4.00
2007.04.17 09:30:01.196,1.99825,1.9984,5.60,6.00
2007.04.17 09:30:02.617,1.99825,1.9985,10.40,14.80
2007.04.17 09:30:03.281,1.99825,1.9984,8.00,2.00
2007.04.17 09:30:03.793,1.9983,1.9984,0.80,2.00
2007.04.17 09:30:04.052,1.99825,1.9984,3.20,6.00
2007.04.17 09:30:04.276,1.99825,1.9984,1.10,6.00
2007.04.17 09:30:06.127,1.99815,1.9984,12.00,6.00
2007.04.17 09:30:06.384,1.99815,1.9984,17.60,2.00
2007.04.17 09:30:07.192,1.99815,1.9984,12.00,6.00
2007.04.17 09:30:07.432,1.9982,1.9984,0.60,6.00
2007.04.17 09:30:07.818,1.99815,1.9984,17.60,2.00
2007.04.17 09:30:10.192,1.99825,1.9985,2.40,18.70
2007.04.17 09:30:10.406,1.99825,1.9985,8.00,17.30
2007.04.17 09:30:10.657,1.99825,1.9984,4.80,4.00
2007.04.17 09:30:10.872,1.99825,1.9984,7.20,8.00
2007.04.17 09:30:11.240,1.9982,1.9984,6.40,8.00
2007.04.17 09:30:11.495,1.99815,1.9984,8.00,8.00
2007.04.17 09:30:12.468,1.9982,1.9984,2.10,8.00
2007.04.17 09:30:12.909,1.99815,1.9984,11.20,8.80
2007.04.17 09:30:13.265,1.9982,1.9984,3.70,10.80
2007.04.17 09:30:14.217,1.9982,1.9983,1.70,4.00
2007.04.17 09:30:14.899,1.99815,1.9984,11.20,14.80
2007.04.17 09:30:15.107,1.9983,1.9984,0.80,10.00
2007.04.17 09:30:15.586,1.9982,1.9984,5.70,10.00
2007.04.17 09:30:15.829,1.99815,1.9983,2.40,6.40
2007.04.17 09:30:16.585,1.99815,1.9983,2.50,10.40
2007.04.17 09:30:17.489,1.9981,1.9983,3.60,6.40
2007.04.17 09:30:17.757,1.9981,1.9983,9.20,4.00
2007.04.17 09:30:18.246,1.9981,1.9983,3.80,6.40
2007.04.17 09:30:19.243,1.9981,1.9983,2.20,6.40
2007.04.17 09:30:19.582,1.99805,1.9983,12.00,6.40
2007.04.17 09:30:19.805,1.9982,1.9983,1.00,4.00
2007.04.17 09:30:20.163,1.9982,1.9983,0.90,8.00
2007.04.17 09:30:20.674,1.99805,1.9983,4.80,10.40
2007.04.17 09:30:21.277,1.99805,1.9982,0.80,2.40
2007.04.17 09:30:21.607,1.99805,1.9982,2.70,2.40
2007.04.17 09:30:22.602,1.998,1.9982,22.40,2.40
2007.04.17 09:30:22.839,1.998,1.9982,7.70,2.40
2007.04.17 09:30:23.044,1.99795,1.9982,27.30,2.40
2007.04.17 09:30:23.742,1.9981,1.9982,1.80,4.00
2007.04.17 09:30:24.252,1.998,1.9982,21.20,6.40
2007.04.17 09:30:24.860,1.998,1.9982,34.80,2.40
2007.04.17 09:30:26.585,1.99805,1.9983,8.00,6.40
2007.04.17 09:30:26.790,1.9981,1.9983,0.50,7.20
2007.04.17 09:30:27.033,1.9981,1.9983,2.90,7.20
2007.04.17 09:30:27.564,1.9982,1.9983,0.80,6.40
2007.04.17 09:30:27.837,1.9981,1.9983,10.80,10.40
2007.04.17 09:30:28.493,1.99815,1.9983,4.80,6.40
2007.04.17 09:30:29.574,1.99815,1.9983,3.20,8.00
2007.04.17 09:30:31.234,1.9982,1.9983,0.80,10.40
2007.04.17 09:30:33.356,1.9983,1.9984,0.80,12.00
2007.04.17 09:30:33.851,1.9983,1.9984,0.80,9.60
2007.04.17 09:30:34.412,1.9983,1.9984,0.80,8.00
2007.04.17 09:30:34.888,1.99825,1.9984,4.80,0.10
2007.04.17 09:30:35.188,1.9983,1.9984,1.70,0.10
2007.04.17 09:30:35.445,1.9984,1.9985,0.60,14.40
2007.04.17 09:30:35.713,1.9984,1.9985,0.60,10.40
2007.04.17 09:30:36.214,1.9983,1.9984,6.80,4.00
2007.04.17 09:30:36.502,1.99825,1.9984,6.40,8.00
2007.04.17 09:30:36.716,1.9983,1.9984,1.00,4.80
2007.04.17 09:30:37.021,1.9982,1.9983,9.10,2.40
2007.04.17 09:30:37.265,1.9982,1.9984,8.40,9.70
2007.04.17 09:30:37.499,1.9982,1.9984,3.40,11.20
2007.04.17 09:30:37.728,1.9983,1.9984,3.20,11.20
2007.04.17 09:30:37.984,1.9983,1.9984,3.20,6.40
2007.04.17 09:30:38.207,1.9982,1.9984,1.80,8.80
2007.04.17 09:30:38.520,1.99815,1.9984,9.60,6.40
2007.04.17 09:30:38.822,1.99825,1.9985,7.20,16.80
2007.04.17 09:30:39.073,1.99825,1.9985,12.00,11.20
2007.04.17 09:30:39.317,1.99825,1.9984,4.80,10.40
2007.04.17 09:30:39.542,1.9982,1.9984,10.00,10.40
2007.04.17 09:30:39.788,1.99825,1.9984,8.80,0.10
2007.04.17 09:30:40.008,1.9983,1.9984,8.80,0.10
2007.04.17 09:30:40.376,1.9981,1.9982,1.30,4.00
2007.04.17 09:30:40.863,1.99805,1.9982,1.80,4.00
2007.04.17 09:30:41.158,1.99805,1.9982,4.00,4.00
2007.04.17 09:30:41.360,1.9982,1.9983,0.50,11.30
2007.04.17 09:30:41.629,1.99815,1.9983,4.80,2.40
2007.04.17 09:30:41.860,1.99815,1.9983,2.40,4.80
2007.04.17 09:30:42.166,1.9981,1.9982,20.90,3.10
2007.04.17 09:30:42.371,1.9981,1.9982,12.10,3.10
2007.04.17 09:30:42.656,1.9981,1.9982,0.60,6.90
2007.04.17 09:30:42.945,1.998,1.9981,12.80,0.80
2007.04.17 09:30:43.164,1.99795,1.9981,4.00,8.00
2007.04.17 09:30:43.663,1.99795,1.9981,4.00,10.50
2007.04.17 09:30:43.898,1.99795,1.9981,6.40,2.50
2007.04.17 09:30:44.184,1.998,1.9981,0.50,8.00
2007.04.17 09:30:44.705,1.998,1.9981,0.90,10.50
2007.04.17 09:30:44.971,1.99795,1.9981,3.90,8.00
2007.04.17 09:30:45.888,1.9979,1.9981,7.20,11.20
2007.04.17 09:30:46.211,1.9979,1.9981,8.40,12.80
2007.04.17 09:30:46.793,1.998,1.9981,1.60,8.00
2007.04.17 09:30:47.020,1.998,1.9981,2.00,11.10
2007.04.17 09:30:47.260,1.9979,1.998,6.80,4.10
2007.04.17 09:30:47.795,1.9979,1.998,6.70,4.00
2007.04.17 09:30:48.050,1.9979,1.998,6.60,4.00
2007.04.17 09:30:48.256,1.99785,1.998,8.20,4.00
2007.04.17 09:30:48.300,1.9978,1.998,17.60,6.40
2007.04.17 09:30:48.517,1.9979,1.998,0.50,6.40
2007.04.17 09:30:48.732,1.9978,1.998,14.40,6.40
2007.04.17 09:30:49.093,1.9978,1.998,13.60,7.20
2007.04.17 09:30:49.317,1.9978,1.998,4.90,7.20
2007.04.17 09:30:49.536,1.99775,1.998,8.00,7.20
2007.04.17 09:30:49.786,1.99775,1.998,5.60,7.20
2007.04.17 09:30:50.044,1.9977,1.998,30.30,8.00
2007.04.17 09:30:50.263,1.9977,1.998,5.40,16.10
2007.04.17 09:30:50.531,1.9976,1.9979,21.60,10.40
2007.04.17 09:30:51.195,1.9976,1.9978,17.60,2.40
2007.04.17 09:30:54.428,1.99765,1.9979,5.60,10.40
2007.04.17 09:30:54.756,1.99765,1.9979,5.70,10.40
2007.04.17 09:30:55.186,1.9977,1.9979,4.40,10.40
2007.04.17 09:30:55.423,1.9977,1.9979,4.50,6.40
2007.04.17 09:30:56.378,1.9978,1.9979,0.30,8.00
2007.04.17 09:30:56.754,1.9977,1.9978,6.00,2.40
2007.04.17 09:30:57.247,1.9978,1.99785,0.30,0.80
2007.04.17 09:30:57.502,1.99775,1.9979,1.10,12.00
2007.04.17 09:30:57.788,1.99775,1.9979,5.00,4.00
2007.04.17 09:30:58.024,1.9978,1.99785,0.50,0.80
2007.04.17 09:30:58.362,1.9978,1.9979,0.80,4.00
2007.04.17 09:30:59.785,1.9977,1.9979,4.10,4.00
2007.04.17 09:31:00.108,1.9977,1.9979,0.60,12.00
2007.04.17 09:31:00.359,1.9976,1.9978,22.20,4.00
2007.04.17 09:31:00.596,1.9976,1.9978,23.80,4.80
2007.04.17 09:31:01.038,1.9976,1.9978,24.00,4.80
2007.04.17 09:31:01.254,1.9977,1.9978,2.80,4.80
2007.04.17 09:31:01.830,1.9976,1.9978,23.90,4.80
2007.04.17 09:31:02.380,1.99775,1.9979,6.40,5.60
2007.04.17 09:31:02.632,1.99775,1.9979,6.40,3.20
2007.04.17 09:31:05.473,1.99775,1.9979,6.80,3.20
2007.04.17 09:31:06.433,1.9977,1.99785,15.20,0.80
2007.04.17 09:31:07.141,1.9977,1.99785,12.90,0.80
2007.04.17 09:31:07.438,1.99765,1.9979,9.10,8.80
2007.04.17 09:31:07.769,1.9977,1.9979,4.30,8.80
2007.04.17 09:31:08.377,1.9977,1.9979,17.10,8.00
2007.04.17 09:31:08.799,1.99765,1.9977,2.40,4.00
2007.04.17 09:31:09.070,1.9976,1.9977,0.50,4.80
2007.04.17 09:31:09.337,1.9977,1.9978,0.30,18.80
2007.04.17 09:31:10.483,1.99765,1.9977,1.30,4.80
2007.04.17 09:31:10.758,1.9976,1.9977,8.10,4.80
2007.04.17 09:31:11.777,1.99765,1.9977,0.80,4.00
2007.04.17 09:31:14.319,1.99765,1.9977,0.80,1.00
2007.04.17 09:31:14.788,1.9976,1.9977,1.00,1.50
2007.04.17 09:31:16.784,1.9976,1.9977,1.60,0.90
2007.04.17 09:31:17.455,1.9976,1.99785,8.80,14.30
2007.04.17 09:31:17.781,1.9977,1.9978,6.60,1.40
2007.04.17 09:31:18.385,1.9978,1.9979,0.60,9.60
2007.04.17 09:31:18.774,1.9978,1.9979,1.00,7.40
2007.04.17 09:31:19.019,1.9979,1.99795,0.20,5.80
2007.04.17 09:31:19.521,1.9978,1.9979,10.00,1.70
2007.04.17 09:31:19.777,1.9979,1.99805,0.20,12.00
2007.04.17 09:31:20.023,1.9979,1.998,0.20,8.00
2007.04.17 09:31:20.774,1.9979,1.99805,0.20,12.00
2007.04.17 09:31:21.359,1.9979,1.998,4.40,1.50
2007.04.17 09:31:21.834,1.9979,1.9981,5.20,10.40
2007.04.17 09:31:22.080,1.9979,1.99815,5.20,12.80
2007.04.17 09:31:22.326,1.99785,1.9979,1.60,1.40
2007.04.17 09:31:22.835,1.9978,1.9979,4.00,1.60
2007.04.17 09:31:23.391,1.9979,1.99795,6.40,2.40
2007.04.17 09:31:23.601,1.9979,1.998,6.40,0.20
2007.04.17 09:31:24.390,1.9979,1.998,6.70,0.20
2007.04.17 09:31:24.629,1.9979,1.998,6.70,0.10
2007.04.17 09:31:24.860,1.9979,1.9981,6.70,1.20
2007.04.17 09:31:25.114,1.998,1.9981,0.50,0.60
2007.04.17 09:31:25.410,1.998,1.9981,3.00,1.40
2007.04.17 09:31:25.654,1.9981,1.9982,0.60,13.60
2007.04.17 09:31:25.925,1.9981,1.9982,6.90,1.10
2007.04.17 09:31:26.177,1.9982,1.99835,0.30,12.80
2007.04.17 09:31:26.406,1.9982,1.9983,0.50,1.20
2007.04.17 09:31:26.583,1.9982,1.9983,0.50,0.70
2007.04.17 09:31:26.938,1.9981,1.9984,10.00,12.80
2007.04.17 09:31:27.160,1.9981,1.9982,4.40,0.60
2007.04.17 09:31:27.364,1.9981,1.9982,8.00,0.80
2007.04.17 09:31:27.571,1.9982,1.9984,4.00,13.50
2007.04.17 09:31:27.868,1.9983,1.9984,4.00,10.40
2007.04.17 09:31:28.442,1.9983,1.9985,4.00,18.30
2007.04.17 09:31:28.724,1.9983,1.9984,4.70,0.50
2007.04.17 09:31:28.940,1.9983,1.9985,4.70,8.00
2007.04.17 09:31:29.301,1.9984,1.9985,4.00,7.20
2007.04.17 09:31:29.531,1.9984,1.9985,4.50,0.70
2007.04.17 09:31:29.787,1.9984,1.9985,4.10,0.60
2007.04.17 09:31:30.444,1.9984,1.9986,6.50,11.20
2007.04.17 09:31:31.454,1.9985,1.9986,4.00,9.50
2007.04.17 09:31:31.679,1.9985,1.9986,4.30,6.40
2007.04.17 09:31:32.002,1.9985,1.99865,4.10,8.00
2007.04.17 09:31:32.280,1.9985,1.9986,4.00,0.50
2007.04.17 09:31:32.662,1.9985,1.9986,4.40,0.70
2007.04.17 09:31:32.935,1.9985,1.9986,4.40,0.70
2007.04.17 09:31:33.156,1.9985,1.99865,4.00,8.00
2007.04.17 09:31:33.628,1.9985,1.9987,5.00,18.30
2007.04.17 09:31:34.093,1.9985,1.9987,4.80,18.30
2007.04.17 09:31:34.435,1.9985,1.9986,5.20,0.80
2007.04.17 09:31:34.663,1.9985,1.9987,5.30,14.40
2007.04.17 09:31:35.079,1.9985,1.9986,8.20,0.60
2007.04.17 09:31:35.426,1.9985,1.9987,8.30,14.40
2007.04.17 09:31:35.964,1.9986,1.99885,6.40,17.50
2007.04.17 09:31:36.259,1.9986,1.99885,6.40,16.70
2007.04.17 09:31:36.753,1.9986,1.99885,6.70,11.90
2007.04.17 09:31:36.977,1.9986,1.9988,6.70,0.90
2007.04.17 09:31:37.418,1.9986,1.9988,6.60,10.40
2007.04.17 09:31:37.649,1.9986,1.9988,10.40,10.40
2007.04.17 09:31:37.965,1.9986,1.9988,9.80,0.70
2007.04.17 09:31:38.267,1.9986,1.99885,10.60,11.10
2007.04.17 09:31:38.756,1.9986,1.99885,7.40,11.10
2007.04.17 09:31:38.970,1.9986,1.9988,5.00,14.30
2007.04.17 09:31:39.746,1.9986,1.9988,4.80,15.90
2007.04.17 09:31:41.031,1.9986,1.9987,2.40,0.90
2007.04.17 09:31:42.004,1.99855,1.9987,0.80,0.70
2007.04.17 09:31:42.626,1.9985,1.99875,8.40,5.60
2007.04.17 09:31:42.853,1.9986,1.9987,4.00,9.00
2007.04.17 09:31:43.062,1.9986,1.9987,4.00,22.70
2007.04.17 09:31:43.371,1.9986,1.9987,1.60,15.20
2007.04.17 09:31:43.684,1.9986,1.9988,2.00,24.70
2007.04.17 09:31:43.959,1.9987,1.9988,2.40,20.80
2007.04.17 09:31:44.177,1.9986,1.9987,6.80,0.60
2007.04.17 09:31:44.390,1.9987,1.9988,1.60,20.00
2007.04.17 09:31:44.631,1.99855,1.9988,2.40,21.50
2007.04.17 09:31:44.852,1.99855,1.9988,2.40,22.30
2007.04.17 09:31:45.145,1.99855,1.9988,0.80,23.10
2007.04.17 09:31:45.385,1.99855,1.99875,0.80,11.20
2007.04.17 09:31:45.722,1.9986,1.99875,0.80,11.20
2007.04.17 09:31:46.699,1.9986,1.9988,1.10,22.40
2007.04.17 09:31:47.415,1.9986,1.9987,0.90,0.50
2007.04.17 09:31:47.623,1.9986,1.9988,0.80,29.50
2007.04.17 09:31:48.072,1.9986,1.9988,1.60,29.50
2007.04.17 09:31:48.402,1.9986,1.9987,0.80,0.60
2007.04.17 09:31:49.048,1.9986,1.99875,0.80,9.60
2007.04.17 09:31:49.405,1.9986,1.99875,4.00,8.80
2007.04.17 09:31:50.401,1.9986,1.99875,4.00,8.00
2007.04.17 09:31:51.007,1.9986,1.99875,4.10,8.00
2007.04.17 09:31:53.385,1.9986,1.9987,2.50,0.60
2007.04.17 09:31:55.378,1.99855,1.9986,2.40,0.80
2007.04.17 09:31:56.954,1.9986,1.9987,2.50,9.60
2007.04.17 09:31:57.936,1.9986,1.9987,5.80,2.40
2007.04.17 09:31:58.175,1.9986,1.9987,7.00,2.40
2007.04.17 09:31:58.405,1.9987,1.9988,2.40,7.20
2007.04.17 09:31:58.698,1.9987,1.9988,2.40,6.40
2007.04.17 09:31:58.974,1.9987,1.9988,2.50,6.40
2007.04.17 09:32:01.580,1.9987,1.9988,2.50,8.00
2007.04.17 09:32:03.028,1.9988,1.9989,2.40,11.20
2007.04.17 09:32:03.360,1.9987,1.9989,3.40,19.20
2007.04.17 09:32:03.586,1.9987,1.9989,3.70,12.80
2007.04.17 09:32:04.977,1.9987,1.9988,2.50,8.80
2007.04.17 09:32:05.647,1.9987,1.9988,3.30,8.00
2007.04.17 09:32:06.644,1.9987,1.9988,2.50,8.80
2007.04.17 09:32:06.884,1.9987,1.9988,2.40,8.80
2007.04.17 09:32:08.967,1.9986,1.9987,1.40,4.00
2007.04.17 09:32:09.987,1.9986,1.9987,3.60,4.00
2007.04.17 09:32:12.004,1.9986,1.9987,3.60,4.00
2007.04.17 09:32:12.257,1.9986,1.9987,3.60,4.00
2007.04.17 09:32:12.962,1.9986,1.9988,3.60,12.00
2007.04.17 09:32:13.672,1.9986,1.9988,4.40,12.00
2007.04.17 09:32:13.887,1.9987,1.9988,2.40,8.80
2007.04.17 09:32:15.341,1.9987,1.9988,3.20,8.00
2007.04.17 09:32:15.994,1.9987,1.9988,0.80,8.00
2007.04.17 09:32:17.094,1.9986,1.9988,5.20,8.80
2007.04.17 09:32:17.326,1.99865,1.9988,0.80,8.80
2007.04.17 09:32:17.535,1.9987,1.9988,2.40,8.80
2007.04.17 09:32:17.946,1.99865,1.9987,0.80,4.00
2007.04.17 09:32:18.160,1.9986,1.9987,5.20,4.00
2007.04.17 09:32:18.654,1.9987,1.9988,0.20,20.00
2007.04.17 09:32:18.947,1.9987,1.9988,0.20,11.20
2007.04.17 09:32:19.320,1.9987,1.9988,0.90,11.20
2007.04.17 09:32:19.547,1.9987,1.9988,10.00,0.80
2007.04.17 09:32:19.841,1.9987,1.9988,14.10,4.00
2007.04.17 09:32:20.067,1.9987,1.9988,3.70,4.00
2007.04.17 09:32:20.314,1.9987,1.9988,6.90,0.80
2007.04.17 09:32:20.645,1.9987,1.9989,13.30,8.00
2007.04.17 09:32:21.120,1.9987,1.9989,3.70,8.00
2007.04.17 09:32:21.287,1.99875,1.9989,0.80,8.00
2007.04.17 09:32:21.499,1.99875,1.9989,0.80,14.40
2007.04.17 09:32:21.974,1.9987,1.9989,0.60,14.40
2007.04.17 09:32:22.308,1.9987,1.9988,5.30,4.00
2007.04.17 09:32:22.514,1.9987,1.9988,5.30,8.00
2007.04.17 09:32:22.961,1.9987,1.9988,5.00,8.00
2007.04.17 09:32:23.480,1.9987,1.9988,4.10,8.00
2007.04.17 09:32:24.304,1.9987,1.9988,4.90,8.00
2007.04.17 09:32:27.962,1.99875,1.9989,0.80,12.00
2007.04.17 09:32:28.300,1.9988,1.9989,0.80,5.60
2007.04.17 09:32:28.508,1.9988,1.9989,3.20,5.60
2007.04.17 09:32:28.811,1.9988,1.9989,4.30,4.80
2007.04.17 09:32:29.025,1.9988,1.9989,4.00,4.80
2007.04.17 09:32:29.873,1.99885,1.9989,1.60,0.80
2007.04.17 09:32:30.448,1.99885,1.999,1.60,10.40
2007.04.17 09:32:31.487,1.9989,1.999,0.80,8.80
2007.04.17 09:32:31.942,1.9989,1.999,3.30,8.00
2007.04.17 09:32:32.440,1.9989,1.99895,4.10,0.80
2007.04.17 09:32:32.935,1.999,1.9991,5.90,12.70
2007.04.17 09:32:33.148,1.999,1.9992,9.10,10.40
2007.04.17 09:32:33.358,1.999,1.9992,8.00,9.60
2007.04.17 09:32:33.582,1.999,1.9992,2.10,12.00
2007.04.17 09:32:33.927,1.999,1.9992,3.50,12.00
2007.04.17 09:32:34.139,1.999,1.9992,3.70,13.60
2007.04.17 09:32:34.383,1.999,1.9992,5.30,19.20
2007.04.17 09:32:34.598,1.999,1.9991,0.80,10.40
2007.04.17 09:32:34.813,1.9989,1.9991,13.60,10.40
2007.04.17 09:32:35.474,1.9989,1.9991,16.00,11.20
2007.04.17 09:32:35.919,1.9989,1.9991,15.90,11.20
2007.04.17 09:32:36.600,1.9989,1.9991,11.80,12.00
2007.04.17 09:32:36.885,1.999,1.9991,1.60,10.40
2007.04.17 09:32:37.268,1.999,1.9991,1.60,11.20
2007.04.17 09:32:37.496,1.999,1.9991,0.80,11.20
2007.04.17 09:32:38.266,1.999,1.9991,2.50,11.20
2007.04.17 09:32:38.485,1.999,1.9991,2.50,4.80
2007.04.17 09:32:39.065,1.9989,1.999,10.90,8.00
2007.04.17 09:32:39.562,1.999,1.9991,2.50,0.80
2007.04.17 09:32:39.875,1.999,1.9991,2.50,4.80
2007.04.17 09:32:40.092,1.999,1.9991,4.60,8.80
2007.04.17 09:32:40.587,1.999,1.9991,2.80,0.80
2007.04.17 09:32:40.874,1.999,1.9991,2.80,4.80
2007.04.17 09:32:41.138,1.999,1.9991,2.70,8.80
2007.04.17 09:32:41.414,1.999,1.9991,4.60,8.80
2007.04.17 09:32:41.920,1.999,1.9991,4.60,8.00
2007.04.17 09:32:42.584,1.999,1.9991,2.70,8.00
2007.04.17 09:32:43.193,1.999,1.9991,4.60,8.00
2007.04.17 09:32:43.912,1.999,1.9991,5.80,4.00
2007.04.17 09:32:44.113,1.999,1.9992,6.60,11.20
2007.04.17 09:32:44.904,1.999,1.9992,7.40,11.20
2007.04.17 09:32:46.544,1.999,1.9992,7.40,8.80
2007.04.17 09:32:46.898,1.999,1.9992,8.20,8.80
2007.04.17 09:32:47.234,1.999,1.9992,9.80,8.80
2007.04.17 09:32:47.538,1.9991,1.9992,1.90,8.80
2007.04.17 09:32:48.055,1.999,1.9992,8.20,8.80
2007.04.17 09:32:48.289,1.999,1.9992,7.40,8.80
2007.04.17 09:32:48.692,1.999,1.9992,7.40,11.20
2007.04.17 09:32:48.905,1.999,1.9992,6.60,12.00
2007.04.17 09:32:49.124,1.999,1.9991,4.60,8.00
2007.04.17 09:32:49.786,1.999,1.9991,4.80,8.00
2007.04.17 09:32:51.103,1.999,1.9991,2.80,10.40
2007.04.17 09:32:51.506,1.999,1.9991,2.80,2.40
2007.04.17 09:32:51.822,1.999,1.9991,1.10,2.40
2007.04.17 09:32:52.031,1.999,1.9991,0.80,2.40
2007.04.17 09:32:53.543,1.999,1.9992,4.80,11.20
2007.04.17 09:32:53.878,1.99905,1.9992,0.80,11.20
2007.04.17 09:32:54.125,1.99905,1.9992,0.80,8.80
2007.04.17 09:32:55.539,1.999,1.9992,4.80,8.80
2007.04.17 09:32:57.103,1.9991,1.9993,2.40,22.30
2007.04.17 09:32:57.493,1.9991,1.9993,2.40,21.50
2007.04.17 09:32:57.985,1.9992,1.9993,2.40,19.90
2007.04.17 09:32:58.195,1.9992,1.9993,2.40,10.40
2007.04.17 09:32:58.624,1.9992,1.9993,2.40,9.60
2007.04.17 09:32:59.090,1.9991,1.9993,6.80,12.00
2007.04.17 09:32:59.529,1.9991,1.9992,6.80,4.00
2007.04.17 09:32:59.746,1.9991,1.9992,6.00,4.00
2007.04.17 09:33:00.021,1.9991,1.9992,5.00,4.00
2007.04.17 09:33:00.257,1.9991,1.9992,4.90,4.00
2007.04.17 09:33:01.350,1.9991,1.9992,11.30,4.00
2007.04.17 09:33:01.596,1.9991,1.9993,14.50,15.20
2007.04.17 09:33:02.528,1.9991,1.9993,18.50,12.80
2007.04.17 09:33:02.744,1.9991,1.9993,16.40,12.00
2007.04.17 09:33:02.961,1.9991,1.9993,6.80,12.00
2007.04.17 09:33:03.528,1.9991,1.9992,6.00,8.00
2007.04.17 09:33:03.784,1.9991,1.9992,5.20,8.00
2007.04.17 09:33:04.101,1.9991,1.9992,2.80,8.00
2007.04.17 09:33:05.393,1.999,1.9992,15.60,8.00
2007.04.17 09:33:05.618,1.999,1.9992,10.80,8.00
2007.04.17 09:33:05.852,1.99905,1.9992,0.80,8.00
2007.04.17 09:33:06.133,1.99905,1.9992,0.80,10.40
2007.04.17 09:33:06.404,1.999,1.9992,10.80,10.40
2007.04.17 09:33:06.649,1.999,1.9992,7.50,10.40
2007.04.17 09:33:07.141,1.99895,1.9992,9.10,10.40
2007.04.17 09:33:07.146,1.999,1.9992,2.00,11.20
2007.04.17 09:33:07.512,1.99895,1.9992,8.90,8.80
2007.04.17 09:33:08.820,1.999,1.9992,1.80,8.80
2007.04.17 09:33:10.141,1.9991,1.9992,0.80,11.20
2007.04.17 09:33:11.076,1.9991,1.9992,0.60,11.20
2007.04.17 09:33:11.292,1.9991,1.9992,0.80,11.20
2007.04.17 09:33:11.606,1.9991,1.9992,0.80,0.60
2007.04.17 09:33:12.082,1.999,1.99925,9.20,12.80
2007.04.17 09:33:14.171,1.9991,1.9992,0.50,0.50
2007.04.17 09:33:14.516,1.9991,1.9992,0.60,0.70
2007.04.17 09:33:14.798,1.9991,1.99915,0.60,0.90
2007.04.17 09:33:15.781,1.9992,1.99925,0.80,0.80
2007.04.17 09:33:16.095,1.9991,1.9992,4.60,12.80
2007.04.17 09:33:16.316,1.9991,1.99915,0.60,0.50
2007.04.17 09:33:16.611,1.999,1.9992,16.40,8.80
2007.04.17 09:33:16.837,1.99905,1.9992,2.40,8.80
2007.04.17 09:33:17.069,1.99905,1.9992,1.30,8.80
2007.04.17 09:33:17.933,1.99895,1.9992,10.60,12.80
2007.04.17 09:33:18.386,1.99895,1.9992,10.60,12.80
2007.04.17 09:33:18.637,1.9991,1.99915,0.70,0.60
2007.04.17 09:33:18.906,1.999,1.9992,9.10,12.80
2007.04.17 09:33:19.439,1.9991,1.99915,0.70,0.90
2007.04.17 09:33:21.490,1.999,1.99915,0.90,0.70
2007.04.17 09:33:21.703,1.99895,1.9992,8.10,13.60
2007.04.17 09:33:23.061,1.999,1.9991,0.50,0.80
2007.04.17 09:33:25.598,1.999,1.9991,0.60,0.80
2007.04.17 09:33:29.050,1.9989,1.99915,18.00,10.40
2007.04.17 09:33:30.001,1.9989,1.99915,19.00,12.80
2007.04.17 09:33:35.444,1.99895,1.99915,4.00,12.80
2007.04.17 09:33:35.711,1.999,1.9991,0.80,0.80
2007.04.17 09:33:37.105,1.99895,1.9991,0.80,12.80
2007.04.17 09:33:39.052,1.9989,1.999,5.60,0.80
2007.04.17 09:33:39.274,1.9989,1.99905,4.00,6.40
2007.04.17 09:33:40.639,1.9989,1.99905,1.60,8.80
2007.04.17 09:33:42.416,1.9989,1.999,0.80,0.90
2007.04.17 09:33:42.670,1.9989,1.999,3.20,0.60
2007.04.17 09:33:43.740,1.9989,1.99905,0.80,8.80
2007.04.17 09:33:45.650,1.9988,1.99895,4.00,0.60
2007.04.17 09:33:45.896,1.9988,1.99895,0.80,10.40
2007.04.17 09:33:46.119,1.99875,1.9989,0.80,0.80
2007.04.17 09:33:49.615,1.9988,1.9989,0.80,12.80
2007.04.17 09:33:49.828,1.9987,1.99895,9.90,13.60
2007.04.17 09:33:50.175,1.9987,1.99895,4.40,16.00
2007.04.17 09:33:50.379,1.9987,1.99895,4.00,19.10
2007.04.17 09:33:51.178,1.9987,1.9989,2.40,21.20
2007.04.17 09:33:51.602,1.9987,1.9988,2.40,0.80
2007.04.17 09:33:52.090,1.9987,1.99885,2.40,13.60
2007.04.17 09:33:52.809,1.9986,1.99885,6.00,13.60
2007.04.17 09:33:53.162,1.9986,1.99885,6.20,13.60
2007.04.17 09:33:53.391,1.9986,1.99885,6.30,13.60
2007.04.17 09:33:53.747,1.9986,1.9988,6.00,0.80
2007.04.17 09:33:54.525,1.9986,1.9988,5.60,0.50
2007.04.17 09:33:56.587,1.9986,1.9988,13.60,0.60
2007.04.17 09:33:56.803,1.9987,1.99885,2.40,14.40
2007.04.17 09:34:00.247,1.9987,1.99885,3.20,14.40
2007.04.17 09:34:00.861,1.9987,1.9988,3.60,0.90
2007.04.17 09:34:01.160,1.9987,1.99885,3.30,13.60
2007.04.17 09:34:01.379,1.9987,1.99885,3.20,14.40
2007.04.17 09:34:01.910,1.9987,1.9988,2.80,0.70
2007.04.17 09:34:03.240,1.9987,1.99885,0.80,11.20
2007.04.17 09:34:03.443,1.9987,1.99885,0.80,13.60
2007.04.17 09:34:06.724,1.99865,1.9988,0.80,12.00
2007.04.17 09:34:07.110,1.99865,1.9987,0.80,4.00
2007.04.17 09:34:07.362,1.9986,1.9987,3.60,8.80
2007.04.17 09:34:08.461,1.9986,1.9987,2.80,8.80
2007.04.17 09:34:09.207,1.9986,1.9987,0.80,8.80
2007.04.17 09:34:10.223,1.9986,1.9987,0.80,11.20
2007.04.17 09:34:14.779,1.99855,1.9987,0.80,11.20
2007.04.17 09:34:15.829,1.99855,1.9987,0.80,12.00
2007.04.17 09:34:18.145,1.99855,1.9987,0.80,11.20
2007.04.17 09:34:24.727,1.9985,1.9987,4.00,11.20
2007.04.17 09:34:24.990,1.9985,1.9987,3.70,14.40
2007.04.17 09:34:25.239,1.9985,1.9987,1.60,14.40
2007.04.17 09:34:25.517,1.9985,1.9987,0.80,14.40
2007.04.17 09:34:26.186,1.9985,1.9987,2.40,18.40
2007.04.17 09:34:26.194,1.9985,1.99875,2.40,24.70
2007.04.17 09:34:26.522,1.9985,1.9986,2.40,0.50
2007.04.17 09:34:26.730,1.9984,1.9987,10.00,22.40
2007.04.17 09:34:28.112,1.9984,1.9987,10.00,22.40
2007.04.17 09:34:29.172,1.9985,1.99865,2.40,10.40
2007.04.17 09:34:29.716,1.9985,1.99865,2.40,6.40
2007.04.17 09:34:31.751,1.9985,1.9986,3.20,0.90
2007.04.17 09:34:32.024,1.9985,1.99875,0.80,25.50
2007.04.17 09:34:32.269,1.9985,1.9987,0.80,0.80
2007.04.17 09:34:33.465,1.9985,1.9987,0.80,0.90
2007.04.17 09:34:33.831,1.99845,1.99875,2.40,20.70
2007.04.17 09:34:35.456,1.99845,1.99875,2.40,19.90
2007.04.17 09:34:37.638,1.9985,1.99875,4.20,19.90
2007.04.17 09:34:37.869,1.9985,1.99875,4.00,19.90
2007.04.17 09:34:40.159,1.9985,1.9987,4.00,0.50
2007.04.17 09:34:41.179,1.9985,1.9987,4.00,0.80
2007.04.17 09:34:41.508,1.9985,1.99875,4.80,20.30
2007.04.17 09:34:42.838,1.9985,1.9987,4.00,0.50
2007.04.17 09:34:45.665,1.9985,1.99875,12.00,16.70
2007.04.17 09:34:45.874,1.9985,1.99875,12.80,12.80
2007.04.17 09:34:47.108,1.9985,1.9987,5.60,16.80
2007.04.17 09:34:47.303,1.9985,1.99865,0.80,8.00
2007.04.17 09:34:51.764,1.9985,1.99865,0.80,8.80
2007.04.17 09:34:53.743,1.99845,1.9985,1.60,0.80
2007.04.17 09:34:53.962,1.9984,1.99855,4.10,11.20
2007.04.17 09:34:54.205,1.9984,1.99865,4.00,20.70
2007.04.17 09:34:54.600,1.9984,1.9985,4.50,4.00
2007.04.17 09:34:54.885,1.9984,1.9985,4.00,4.00
2007.04.17 09:34:55.248,1.9984,1.9985,4.00,4.80
2007.04.17 09:34:56.723,1.9984,1.99855,4.90,2.40
2007.04.17 09:34:56.956,1.9984,1.9986,4.90,18.40
2007.04.17 09:34:57.161,1.9984,1.99855,4.90,1.60
2007.04.17 09:34:59.067,1.9984,1.99855,5.70,1.60
2007.04.17 09:34:59.335,1.9985,1.9986,2.40,9.60
2007.04.17 09:34:59.729,1.9985,1.9986,2.40,5.60
2007.04.17 09:35:00.683,1.9985,1.9986,3.20,5.60
2007.04.17 09:35:01.065,1.9985,1.9986,2.40,5.60
2007.04.17 09:35:01.328,1.9984,1.9986,9.20,8.00
2007.04.17 09:35:01.540,1.9984,1.9986,9.20,8.00
2007.04.17 09:35:03.048,1.9984,1.9986,8.80,8.00
2007.04.17 09:35:03.928,1.9984,1.9986,4.80,14.40
2007.04.17 09:35:04.333,1.9984,1.9986,4.80,12.00
2007.04.17 09:35:06.268,1.9984,1.9986,4.80,14.40
2007.04.17 09:35:07.466,1.9984,1.9986,4.80,0.60
2007.04.17 09:35:08.362,1.9984,1.99865,8.40,19.90
2007.04.17 09:35:08.945,1.9984,1.99865,8.40,16.00
2007.04.17 09:35:10.018,1.9984,1.99865,8.00,19.10
2007.04.17 09:35:15.942,1.9984,1.99865,4.80,19.90
2007.04.17 09:35:17.319,1.9984,1.99865,4.80,19.90
2007.04.17 09:35:18.992,1.9984,1.9986,4.40,0.80
2007.04.17 09:35:19.320,1.99855,1.99865,1.60,6.40
2007.04.17 09:35:19.540,1.9986,1.99875,0.80,11.20
2007.04.17 09:35:19.836,1.9985,1.9987,4.00,21.70
2007.04.17 09:35:20.375,1.9984,1.9987,9.30,22.50
2007.04.17 09:35:20.883,1.9984,1.9987,5.20,24.90
2007.04.17 09:35:21.672,1.9984,1.99865,4.40,12.80
2007.04.17 09:35:22.962,1.9984,1.99865,4.40,10.40
2007.04.17 09:35:23.904,1.9985,1.9986,3.20,0.70
2007.04.17 09:35:25.316,1.9985,1.99865,3.20,8.80
2007.04.17 09:35:25.539,1.9984,1.99865,5.20,12.80
2007.04.17 09:35:25.767,1.9984,1.99865,4.80,12.80
2007.04.17 09:35:25.978,1.9984,1.99865,4.00,13.60
2007.04.17 09:35:28.645,1.9984,1.99865,4.10,13.60
2007.04.17 09:35:28.962,1.9984,1.9986,4.00,0.80
2007.04.17 09:35:30.869,1.9984,1.9986,0.80,0.80
2007.04.17 09:35:31.087,1.9983,1.9986,16.80,0.60
2007.04.17 09:35:31.321,1.9984,1.99865,2.40,15.20
2007.04.17 09:35:31.956,1.9984,1.99865,2.40,13.60
2007.04.17 09:35:32.853,1.9984,1.9986,2.40,20.90
2007.04.17 09:35:34.288,1.99835,1.99855,1.60,0.80
2007.04.17 09:35:34.664,1.9983,1.99855,18.80,0.80
2007.04.17 09:35:34.895,1.99835,1.9985,1.60,2.40
2007.04.17 09:35:35.303,1.99835,1.9986,1.60,19.20
2007.04.17 09:35:35.538,1.99835,1.9986,2.40,15.20
2007.04.17 09:35:35.943,1.99835,1.9985,2.40,0.80
2007.04.17 09:35:36.300,1.99835,1.9984,0.80,8.00
2007.04.17 09:35:36.525,1.9983,1.9984,4.00,8.80
2007.04.17 09:35:39.620,1.9983,1.9984,3.20,8.80
2007.04.17 09:35:48.143,1.9983,1.9984,4.00,8.80
2007.04.17 09:35:48.865,1.9983,1.9984,4.80,8.80
2007.04.17 09:35:49.812,1.9983,1.9985,5.60,11.20
2007.04.17 09:35:50.261,1.9983,1.9985,5.60,13.60
2007.04.17 09:35:50.554,1.9983,1.9985,7.20,13.60
2007.04.17 09:35:50.763,1.99835,1.9985,0.80,11.20
2007.04.17 09:35:51.427,1.99835,1.9985,0.80,8.80
2007.04.17 09:35:51.924,1.9984,1.9985,2.40,4.00
2007.04.17 09:35:52.580,1.9984,1.9985,3.20,4.00
2007.04.17 09:35:53.452,1.9984,1.9985,3.20,8.80
2007.04.17 09:35:54.195,1.9984,1.9985,2.50,8.80
2007.04.17 09:35:54.433,1.9984,1.9985,3.20,8.80
2007.04.17 09:35:54.708,1.9984,1.99855,3.20,13.60
2007.04.17 09:35:55.239,1.9984,1.99855,2.40,13.60
2007.04.17 09:35:58.121,1.9984,1.99855,2.40,14.40
2007.04.17 09:35:59.223,1.99835,1.99855,0.80,10.40
2007.04.17 09:35:59.452,1.99835,1.99855,0.80,9.60
2007.04.17 09:36:01.436,1.99835,1.99855,1.60,9.60
2007.04.17 09:36:01.889,1.99835,1.99855,0.80,9.60
2007.04.17 09:36:02.863,1.99835,1.99855,2.40,5.60
2007.04.17 09:36:03.104,1.99835,1.9986,2.40,0.50
2007.04.17 09:36:03.352,1.9984,1.99865,2.40,20.70
2007.04.17 09:36:03.599,1.9984,1.9986,3.20,0.70
2007.04.17 09:36:03.867,1.9984,1.9986,0.90,11.20
2007.04.17 09:36:05.201,1.9984,1.9986,0.90,15.20
2007.04.17 09:36:05.417,1.9983,1.9986,14.10,29.20
2007.04.17 09:36:06.023,1.9983,1.9986,13.80,34.20
2007.04.17 09:36:06.355,1.9983,1.99855,13.60,3.20
2007.04.17 09:36:06.609,1.99835,1.9986,1.60,25.90
2007.04.17 09:36:06.857,1.9984,1.99855,0.80,3.20
2007.04.17 09:36:07.861,1.9984,1.9985,0.80,21.40
2007.04.17 09:36:08.094,1.9983,1.9984,0.80,0.70
2007.04.17 09:36:12.830,1.99825,1.9983,3.20,0.90
2007.04.17 09:36:13.045,1.99825,1.9984,0.80,23.90
2007.04.17 09:36:13.290,1.9982,1.9983,0.80,0.50
2007.04.17 09:36:13.547,1.9982,1.9984,1.60,36.30
2007.04.17 09:36:13.877,1.9982,1.9983,0.80,0.90
2007.04.17 09:36:14.177,1.9982,1.9983,0.80,8.80
2007.04.17 09:36:14.445,1.9981,1.99825,12.00,3.20
2007.04.17 09:36:14.994,1.9981,1.9983,12.00,8.00
2007.04.17 09:36:15.203,1.9981,1.9983,11.20,8.00
2007.04.17 09:36:15.475,1.9981,1.99825,2.40,3.20
2007.04.17 09:36:15.732,1.9981,1.99825,2.30,3.20
2007.04.17 09:36:15.979,1.9981,1.99825,0.20,6.40
2007.04.17 09:36:16.215,1.9981,1.99825,0.90,6.40
2007.04.17 09:36:16.510,1.9981,1.99825,4.10,6.40
2007.04.17 09:36:18.076,1.9981,1.9982,4.10,0.60
2007.04.17 09:36:18.525,1.9981,1.99825,0.90,10.40
2007.04.17 09:36:18.758,1.9981,1.9982,0.80,11.20
2007.04.17 09:36:19.116,1.998,1.99815,11.30,0.80
2007.04.17 09:36:19.510,1.998,1.99815,5.10,9.60
2007.04.17 09:36:19.736,1.998,1.9981,4.00,0.60
2007.04.17 09:36:20.070,1.998,1.9981,1.60,9.60
2007.04.17 09:36:20.448,1.998,1.9981,0.80,10.40
2007.04.17 09:36:22.402,1.9979,1.99815,10.20,16.00
2007.04.17 09:36:22.696,1.9979,1.9981,9.40,0.90
2007.04.17 09:36:23.386,1.998,1.99815,3.30,5.60
2007.04.17 09:36:23.637,1.998,1.9982,4.10,0.80
2007.04.17 09:36:23.926,1.998,1.99825,4.10,15.20
2007.04.17 09:36:25.419,1.99805,1.9982,1.60,0.50
2007.04.17 09:36:25.634,1.9981,1.9982,0.80,0.60
2007.04.17 09:36:26.831,1.9981,1.99825,0.80,12.80
2007.04.17 09:36:27.036,1.998,1.99825,7.30,16.00
2007.04.17 09:36:27.452,1.998,1.99825,7.20,16.00
2007.04.17 09:36:27.693,1.998,1.9982,7.20,0.60
2007.04.17 09:36:28.065,1.998,1.9981,8.80,0.90
2007.04.17 09:36:29.087,1.998,1.9982,8.00,16.00
2007.04.17 09:36:30.449,1.998,1.9981,4.00,0.80
2007.04.17 09:36:31.044,1.998,1.9981,2.40,8.20
2007.04.17 09:36:31.531,1.9979,1.9981,12.20,8.80
2007.04.17 09:36:31.783,1.9979,1.99815,12.10,8.00
2007.04.17 09:36:32.097,1.9979,1.9981,12.10,0.60
2007.04.17 09:36:33.012,1.998,1.9982,0.80,36.20
2007.04.17 09:36:33.818,1.998,1.9981,3.20,0.60
2007.04.17 09:36:34.485,1.998,1.9982,0.80,37.00
2007.04.17 09:36:34.815,1.998,1.9982,3.20,37.00
2007.04.17 09:36:35.151,1.998,1.9982,3.60,37.00
2007.04.17 09:36:35.913,1.998,1.9981,0.80,0.60
2007.04.17 09:36:36.121,1.9979,1.99805,4.00,7.20
2007.04.17 09:36:36.444,1.9979,1.998,3.20,0.80
2007.04.17 09:36:36.802,1.99795,1.99805,0.80,8.80
2007.04.17 09:36:37.471,1.9979,1.998,0.80,0.80
2007.04.17 09:36:37.801,1.9979,1.99805,0.80,14.40
2007.04.17 09:36:39.004,1.99785,1.998,0.80,0.70
2007.04.17 09:36:41.011,1.99785,1.998,0.80,16.80
2007.04.17 09:36:41.299,1.9978,1.99795,4.00,11.20
2007.04.17 09:36:41.566,1.9978,1.998,9.60,0.60
2007.04.17 09:36:41.771,1.9978,1.998,8.80,0.70
2007.04.17 09:36:41.996,1.9978,1.9979,4.30,0.90
2007.04.17 09:36:42.605,1.9978,1.99795,5.90,11.20
2007.04.17 09:36:43.051,1.9978,1.9979,5.10,0.50
2007.04.17 09:36:43.452,1.9978,1.9979,5.10,0.80
2007.04.17 09:36:43.670,1.9978,1.998,6.20,11.20
2007.04.17 09:36:43.880,1.9978,1.998,7.60,10.40
2007.04.17 09:36:44.094,1.9978,1.998,12.10,4.80
2007.04.17 09:36:44.445,1.99785,1.998,0.80,8.00
2007.04.17 09:36:45.052,1.9978,1.998,12.80,8.00
2007.04.17 09:36:45.439,1.9978,1.998,12.80,8.80
2007.04.17 09:36:45.655,1.9978,1.998,13.60,8.80
2007.04.17 09:36:46.434,1.9978,1.998,13.60,8.00
2007.04.17 09:36:46.944,1.9978,1.998,13.20,8.00
2007.04.17 09:36:47.935,1.9978,1.998,5.60,12.00
2007.04.17 09:36:48.187,1.9978,1.998,5.90,12.00
2007.04.17 09:36:49.632,1.9979,1.998,2.40,11.20
2007.04.17 09:36:49.973,1.9979,1.998,2.40,8.80
2007.04.17 09:36:52.457,1.9979,1.99805,2.40,13.60
2007.04.17 09:36:52.745,1.9979,1.99805,3.20,13.60
2007.04.17 09:36:53.744,1.9979,1.998,2.40,8.80
2007.04.17 09:36:54.032,1.9979,1.998,2.40,16.40
2007.04.17 09:36:54.241,1.9978,1.9979,5.00,8.80
2007.04.17 09:36:54.555,1.9978,1.9979,5.00,4.80
2007.04.17 09:36:54.841,1.9979,1.998,2.40,11.20
2007.04.17 09:36:57.659,1.9978,1.998,8.90,11.20
2007.04.17 09:36:58.422,1.99785,1.998,0.80,11.20
2007.04.17 09:37:00.673,1.9978,1.998,6.00,11.20
2007.04.17 09:37:01.681,1.9978,1.998,6.00,11.20
2007.04.17 09:37:04.398,1.9979,1.998,2.40,0.80
2007.04.17 09:37:05.025,1.9979,1.998,2.40,8.80
2007.04.17 09:37:06.407,1.9979,1.998,3.30,8.80
2007.04.17 09:37:06.645,1.9979,1.998,3.40,8.80
2007.04.17 09:37:07.006,1.9979,1.998,3.20,8.80
2007.04.17 09:37:07.226,1.9979,1.998,2.40,8.80
2007.04.17 09:37:09.051,1.9979,1.998,2.40,11.20
2007.04.17 09:37:10.227,1.9979,1.998,0.10,4.80
2007.04.17 09:37:11.043,1.9979,1.998,4.00,0.80
2007.04.17 09:37:11.284,1.9979,1.9981,4.80,16.00
2007.04.17 09:37:12.031,1.9979,1.998,1.60,7.20
2007.04.17 09:37:12.235,1.9979,1.998,0.10,8.00
2007.04.17 09:37:12.548,1.9979,1.998,0.10,8.80
2007.04.17 09:37:12.971,1.9979,1.998,0.10,8.00
2007.04.17 09:37:13.375,1.9979,1.998,0.80,8.00
2007.04.17 09:37:13.576,1.9979,1.998,0.80,4.80
2007.04.17 09:37:14.631,1.9979,1.998,0.80,5.60
2007.04.17 09:37:15.013,1.9979,1.998,0.80,4.80
2007.04.17 09:37:15.283,1.9979,1.998,0.80,4.80
2007.04.17 09:37:17.082,1.9979,1.998,0.80,0.80
2007.04.17 09:37:17.990,1.9979,1.9981,9.00,14.00
2007.04.17 09:37:18.196,1.9979,1.9981,9.00,12.00
2007.04.17 09:37:19.581,1.99795,1.9981,1.60,12.00
2007.04.17 09:37:20.019,1.99795,1.9981,1.60,11.20
2007.04.17 09:37:20.374,1.99795,1.99815,1.60,12.80
2007.04.17 09:37:20.937,1.9979,1.99815,9.90,13.60
2007.04.17 09:37:21.232,1.99795,1.9981,1.60,0.50
2007.04.17 09:37:21.473,1.99795,1.99815,2.40,10.40
2007.04.17 09:37:22.013,1.99795,1.9981,2.40,0.50
2007.04.17 09:37:22.816,1.998,1.9982,0.50,16.00
2007.04.17 09:37:23.054,1.998,1.99825,5.20,13.50
2007.04.17 09:37:23.309,1.998,1.99825,5.00,10.40
2007.04.17 09:37:23.528,1.9981,1.9982,2.40,0.70
2007.04.17 09:37:24.006,1.998,1.99815,5.00,6.40
2007.04.17 09:37:24.565,1.998,1.9982,5.00,12.80
2007.04.17 09:37:24.817,1.998,1.99825,5.20,15.20
2007.04.17 09:37:25.022,1.998,1.9982,5.00,0.60
2007.04.17 09:37:25.228,1.998,1.99825,5.00,13.60
2007.04.17 09:37:25.537,1.9981,1.99825,2.80,10.40
2007.04.17 09:37:26.061,1.9981,1.99825,2.60,10.40
2007.04.17 09:37:26.607,1.9981,1.99825,2.60,11.20
2007.04.17 09:37:26.875,1.9981,1.9982,2.60,0.80
2007.04.17 09:37:27.134,1.998,1.9982,6.00,26.00
2007.04.17 09:37:27.355,1.998,1.9981,5.00,0.90
2007.04.17 09:37:27.654,1.998,1.99815,4.10,11.20
2007.04.17 09:37:27.898,1.998,1.9981,4.00,0.50
2007.04.17 09:37:28.629,1.998,1.9981,0.80,0.50
2007.04.17 09:37:28.954,1.99795,1.99815,2.40,14.40
2007.04.17 09:37:30.148,1.9979,1.99815,12.80,26.40
2007.04.17 09:37:30.311,1.99785,1.99815,12.80,16.80
2007.04.17 09:37:30.642,1.99785,1.99815,12.40,16.80
2007.04.17 09:37:30.991,1.9979,1.9981,0.70,0.70
2007.04.17 09:37:31.520,1.9979,1.9981,0.70,0.50
2007.04.17 09:37:31.805,1.99785,1.99815,6.90,16.80
2007.04.17 09:37:32.312,1.9979,1.9981,0.90,0.80
2007.04.17 09:37:32.538,1.99785,1.99815,7.40,17.60
2007.04.17 09:37:32.931,1.99785,1.99815,7.40,17.60
2007.04.17 09:37:33.648,1.9979,1.9981,0.70,0.60
2007.04.17 09:37:33.853,1.99785,1.99815,6.90,17.60
2007.04.17 09:37:34.059,1.99785,1.9981,4.40,24.00
2007.04.17 09:37:34.299,1.99785,1.99805,4.00,7.20
2007.04.17 09:37:36.313,1.9979,1.998,0.70,0.50
2007.04.17 09:37:37.641,1.9979,1.998,0.60,0.50
2007.04.17 09:37:41.603,1.99785,1.99805,3.20,8.00
2007.04.17 09:37:41.870,1.9979,1.998,0.10,0.60
2007.04.17 09:37:45.833,1.9978,1.998,0.50,0.70
2007.04.17 09:37:46.503,1.9978,1.99805,20.90,10.40
2007.04.17 09:37:46.717,1.9979,1.998,0.70,0.90
2007.04.17 09:37:47.612,1.9979,1.998,1.60,4.80
2007.04.17 09:37:47.945,1.99785,1.998,1.40,8.80
2007.04.17 09:37:48.190,1.9978,1.998,9.80,16.00
2007.04.17 09:37:48.609,1.99775,1.998,11.40,16.80
2007.04.17 09:37:48.946,1.9978,1.998,4.80,16.80
2007.04.17 09:37:50.843,1.99775,1.998,10.40,16.80
2007.04.17 09:37:51.050,1.99775,1.998,8.80,16.80
2007.04.17 09:37:51.265,1.9978,1.998,0.50,16.80
2007.04.17 09:37:51.932,1.99775,1.998,10.50,16.80
2007.04.17 09:37:52.217,1.99775,1.998,12.20,10.40
2007.04.17 09:37:52.597,1.9978,1.998,1.00,10.40
2007.04.17 09:37:53.135,1.99775,1.9979,4.00,5.60
2007.04.17 09:37:53.559,1.99775,1.9979,3.20,5.60
2007.04.17 09:37:56.911,1.9977,1.9979,20.70,5.60
2007.04.17 09:37:59.143,1.9977,1.9979,15.90,8.00
2007.04.17 09:37:59.926,1.9977,1.9978,15.90,1.60
2007.04.17 09:38:00.586,1.9977,1.9978,15.90,1.40
2007.04.17 09:38:02.910,1.99775,1.9978,1.60,1.40
2007.04.17 09:38:16.168,1.9977,1.9978,11.10,1.40
2007.04.17 09:38:16.533,1.9977,1.9978,10.30,1.40
2007.04.17 09:38:17.148,1.9977,1.9978,11.90,1.40
2007.04.17 09:38:17.363,1.9977,1.9978,9.50,3.80
2007.04.17 09:38:18.193,1.9977,1.9978,11.10,1.40
2007.04.17 09:38:18.528,1.99775,1.9978,1.60,1.40
2007.04.17 09:38:18.764,1.9977,1.9978,4.80,2.20
2007.04.17 09:38:19.025,1.9977,1.9978,4.00,2.20
2007.04.17 09:38:19.291,1.9977,1.9978,3.20,2.20
2007.04.17 09:38:19.938,1.9977,1.9978,4.00,2.20
2007.04.17 09:38:20.145,1.9977,1.9978,11.20,2.20
2007.04.17 09:38:20.360,1.9977,1.9978,12.00,1.40
2007.04.17 09:38:20.577,1.9978,1.9979,2.40,9.60
2007.04.17 09:38:21.515,1.9978,1.9979,2.40,9.60
2007.04.17 09:38:22.613,1.9978,1.9979,2.40,8.80
2007.04.17 09:38:23.092,1.99775,1.9979,2.40,0.80
2007.04.17 09:38:24.524,1.99775,1.9979,3.20,0.80
2007.04.17 09:38:24.861,1.9978,1.9979,0.80,0.80
2007.04.17 09:38:25.164,1.99775,1.9979,0.80,3.20
2007.04.17 09:38:26.499,1.99775,1.9979,0.70,3.20
2007.04.17 09:38:26.740,1.9978,1.9979,0.80,3.20
2007.04.17 09:38:27.495,1.9978,1.9979,0.70,3.20
2007.04.17 09:38:27.764,1.9978,1.9979,0.60,3.20
2007.04.17 09:38:28.758,1.9978,1.9979,3.80,0.80
2007.04.17 09:38:29.007,1.9978,1.9979,3.20,0.80
2007.04.17 09:38:31.035,1.9978,1.99795,3.20,3.20
2007.04.17 09:38:31.510,1.9978,1.99795,4.00,3.20
2007.04.17 09:38:31.759,1.9978,1.9979,5.30,0.80
2007.04.17 09:38:32.177,1.9978,1.998,4.10,18.80
2007.04.17 09:38:32.380,1.9978,1.9979,3.30,0.80
2007.04.17 09:38:32.588,1.9978,1.99795,3.60,3.20
2007.04.17 09:38:32.804,1.9978,1.9979,4.30,0.80
2007.04.17 09:38:33.100,1.9978,1.9979,4.40,0.90
2007.04.17 09:38:33.602,1.9978,1.9979,4.50,0.50
2007.04.17 09:38:33.830,1.9978,1.99795,4.40,11.20
2007.04.17 09:38:34.173,1.9978,1.9979,4.50,0.90
2007.04.17 09:38:34.370,1.9978,1.99795,4.50,11.30
2007.04.17 09:38:34.686,1.9978,1.99795,4.50,11.20
2007.04.17 09:38:35.134,1.9978,1.99795,4.60,11.20
2007.04.17 09:38:36.155,1.9979,1.99795,0.30,3.20
2007.04.17 09:38:36.830,1.9978,1.998,6.00,18.00
2007.04.17 09:38:37.945,1.9979,1.998,0.20,17.20
2007.04.17 09:38:38.496,1.9978,1.9979,6.80,0.80
2007.04.17 09:38:38.735,1.9978,1.998,5.20,18.80
2007.04.17 09:38:39.155,1.9978,1.9979,4.40,0.80
2007.04.17 09:38:39.784,1.9978,1.998,6.00,18.80
2007.04.17 09:38:40.060,1.9978,1.998,5.30,18.80
2007.04.17 09:38:40.270,1.9978,1.9979,3.70,0.80
2007.04.17 09:38:40.724,1.9978,1.9979,4.30,0.80
2007.04.17 09:38:41.377,1.9978,1.99795,3.40,3.20
2007.04.17 09:38:42.141,1.9978,1.99795,1.00,3.20
2007.04.17 09:38:42.478,1.9978,1.99795,0.50,3.20
2007.04.17 09:38:43.014,1.9978,1.9979,0.60,0.80
2007.04.17 09:38:43.397,1.9978,1.99795,0.50,3.20
2007.04.17 09:38:44.140,1.9978,1.9979,3.00,0.80
2007.04.17 09:38:44.365,1.9978,1.9979,0.60,0.80
2007.04.17 09:38:45.458,1.9978,1.998,0.70,20.40
2007.04.17 09:38:46.145,1.9978,1.99795,0.70,5.60
2007.04.17 09:38:46.789,1.9978,1.998,0.70,20.40
2007.04.17 09:38:47.465,1.9978,1.9979,0.80,0.80
2007.04.17 09:38:47.789,1.9978,1.9979,0.90,0.80
2007.04.17 09:38:48.118,1.9978,1.9979,0.80,0.80
2007.04.17 09:38:48.325,1.9978,1.99795,0.80,11.20
2007.04.17 09:38:48.654,1.9978,1.9979,0.40,0.60
2007.04.17 09:38:48.939,1.99775,1.9979,1.60,18.00
2007.04.17 09:38:49.150,1.9978,1.9979,0.80,0.80
2007.04.17 09:38:49.356,1.9978,1.9979,0.80,0.70
2007.04.17 09:38:49.722,1.9978,1.99795,0.80,8.80
2007.04.17 09:38:50.442,1.9979,1.99795,0.20,7.20
2007.04.17 09:38:51.148,1.9978,1.9979,0.50,0.80
2007.04.17 09:38:51.762,1.99775,1.9979,0.80,0.60
2007.04.17 09:38:52.061,1.99775,1.99795,0.80,12.80
2007.04.17 09:38:52.284,1.99775,1.99795,0.80,16.80
2007.04.17 09:38:52.550,1.99775,1.9979,0.80,16.40
2007.04.17 09:38:54.335,1.9977,1.9979,2.60,16.40
2007.04.17 09:38:55.706,1.9977,1.9979,2.60,16.40
2007.04.17 09:39:00.103,1.9977,1.9978,5.00,0.80
2007.04.17 09:39:02.105,1.9977,1.9978,4.80,4.80
2007.04.17 09:39:04.100,1.9977,1.9978,5.90,4.80
2007.04.17 09:39:08.749,1.9977,1.9978,5.10,4.80
2007.04.17 09:39:09.030,1.9977,1.9978,2.80,4.80
2007.04.17 09:39:10.626,1.9977,1.9978,2.90,4.80
2007.04.17 09:39:10.876,1.9977,1.9978,4.30,4.80
2007.04.17 09:39:11.261,1.9977,1.9978,0.70,8.80
2007.04.17 09:39:11.686,1.9977,1.9978,0.20,11.20
2007.04.17 09:39:11.964,1.99765,1.9978,0.80,13.60
2007.04.17 09:39:12.310,1.99765,1.9977,0.80,0.80
2007.04.17 09:39:12.746,1.99765,1.9978,0.80,14.40
2007.04.17 09:39:13.761,1.99765,1.9977,0.80,0.80
2007.04.17 09:39:14.375,1.99765,1.9978,0.80,14.40
2007.04.17 09:39:15.288,1.99765,1.9977,0.80,0.80
2007.04.17 09:39:17.079,1.99765,1.9977,0.80,4.80
2007.04.17 09:39:17.319,1.9976,1.9977,5.70,4.80
2007.04.17 09:39:18.075,1.9976,1.9977,3.30,7.20
2007.04.17 09:39:18.289,1.9976,1.9977,1.70,6.40
2007.04.17 09:39:18.822,1.9976,1.9977,9.50,7.20
2007.04.17 09:39:19.335,1.9976,1.9977,12.70,4.00
2007.04.17 09:39:19.693,1.9976,1.9977,8.70,4.00
2007.04.17 09:39:19.898,1.9976,1.9977,4.90,4.00
2007.04.17 09:39:21.070,1.9976,1.9977,4.10,8.00
2007.04.17 09:39:21.355,1.9976,1.9977,4.00,8.80
2007.04.17 09:39:21.577,1.9976,1.9977,4.00,8.00
2007.04.17 09:39:22.064,1.9976,1.9977,3.10,8.00
2007.04.17 09:39:22.724,1.9976,1.9977,3.90,8.00
2007.04.17 09:39:23.060,1.9976,1.9977,4.70,8.00
2007.04.17 09:39:23.271,1.9976,1.9977,4.70,8.80
2007.04.17 09:39:24.721,1.9976,1.9977,4.40,8.80
2007.04.17 09:39:24.937,1.9976,1.9977,4.20,8.80
2007.04.17 09:39:25.219,1.9976,1.9977,3.40,8.80
2007.04.17 09:39:26.050,1.9975,1.9976,16.40,3.20
2007.04.17 09:39:26.311,1.9975,1.9976,7.60,3.20
2007.04.17 09:39:26.616,1.9975,1.9976,7.60,4.00
2007.04.17 09:39:27.329,1.9975,1.9976,7.60,4.80
2007.04.17 09:39:27.975,1.9975,1.9976,10.80,0.60
2007.04.17 09:39:28.378,1.9975,1.9976,10.80,1.40
2007.04.17 09:39:28.711,1.99755,1.9976,0.80,1.40
2007.04.17 09:39:29.007,1.9976,1.9977,2.40,12.40
2007.04.17 09:39:29.704,1.99755,1.9976,0.80,1.40
2007.04.17 09:39:31.704,1.9976,1.9977,0.20,12.40
2007.04.17 09:39:31.987,1.9976,1.9977,0.20,11.20
2007.04.17 09:39:32.693,1.9976,1.9977,0.90,11.20
2007.04.17 09:39:33.430,1.9976,1.9977,0.90,11.80
2007.04.17 09:39:33.689,1.9976,1.9977,0.90,10.20
2007.04.17 09:39:34.350,1.9976,1.9977,3.30,9.70
2007.04.17 09:39:36.344,1.9976,1.9977,3.40,0.70
2007.04.17 09:39:36.672,1.9976,1.9977,3.40,0.80
2007.04.17 09:39:36.879,1.9976,1.9978,3.90,13.80
2007.04.17 09:39:37.333,1.9976,1.9978,4.00,11.40
2007.04.17 09:39:38.343,1.9977,1.99785,0.20,13.40
2007.04.17 09:39:38.618,1.9977,1.99785,0.20,10.20
2007.04.17 09:39:39.004,1.9977,1.99785,0.30,10.20
2007.04.17 09:39:39.339,1.9977,1.9978,0.20,0.60
2007.04.17 09:39:40.662,1.9977,1.99785,0.80,10.20
2007.04.17 09:39:41.345,1.9977,1.9978,0.20,0.60
2007.04.17 09:39:41.608,1.9977,1.9978,0.30,0.50
2007.04.17 09:39:42.989,1.9977,1.9978,0.30,9.40
2007.04.17 09:39:43.619,1.9976,1.9977,16.20,0.80
2007.04.17 09:39:44.315,1.9977,1.9978,0.10,11.80
2007.04.17 09:39:47.193,1.9977,1.9978,0.30,11.80
2007.04.17 09:39:48.628,1.9976,1.9977,16.20,0.60
2007.04.17 09:39:53.627,1.9976,1.9977,16.20,0.70
2007.04.17 09:39:55.948,1.9977,1.99785,2.60,6.40
2007.04.17 09:39:57.279,1.9977,1.9978,3.40,0.80
2007.04.17 09:39:57.482,1.9977,1.9978,13.10,0.50
2007.04.17 09:39:57.711,1.9978,1.9979,2.40,0.80
2007.04.17 09:39:58.215,1.9978,1.99795,2.60,8.00
2007.04.17 09:39:58.422,1.9978,1.9979,2.40,0.70
2007.04.17 09:39:58.697,1.9978,1.99795,2.50,7.20
2007.04.17 09:40:01.830,1.9978,1.9979,3.30,4.80
2007.04.17 09:40:04.273,1.9978,1.9979,3.40,0.80
2007.04.17 09:40:04.530,1.9978,1.998,4.00,15.20
2007.04.17 09:40:04.810,1.9978,1.9979,6.40,0.80
2007.04.17 09:40:05.433,1.9978,1.998,7.20,13.60
2007.04.17 09:40:05.816,1.9979,1.998,9.00,3.20
2007.04.17 09:40:06.058,1.9979,1.9981,9.00,11.20
2007.04.17 09:40:06.359,1.9979,1.9981,2.40,11.20
2007.04.17 09:40:06.605,1.9979,1.9981,2.70,12.00
2007.04.17 09:40:06.919,1.9979,1.9981,4.30,15.20
2007.04.17 09:40:07.258,1.9979,1.9981,1.90,15.20
2007.04.17 09:40:07.806,1.9979,1.998,1.90,8.00
2007.04.17 09:40:08.033,1.9979,1.998,0.90,8.80
2007.04.17 09:40:08.536,1.9979,1.998,0.80,8.80
2007.04.17 09:40:10.173,1.99785,1.998,2.40,8.80
2007.04.17 09:40:10.816,1.99785,1.998,0.80,8.80
2007.04.17 09:40:11.815,1.9979,1.998,4.00,8.80
2007.04.17 09:40:12.235,1.9979,1.998,1.30,0.80
2007.04.17 09:40:12.438,1.9979,1.9981,1.30,15.20
2007.04.17 09:40:12.896,1.9979,1.9981,1.50,14.40
2007.04.17 09:40:13.236,1.99795,1.9981,1.60,14.40
2007.04.17 09:40:13.475,1.99795,1.9981,1.60,12.80
2007.04.17 09:40:13.758,1.99795,1.99815,1.60,15.20
2007.04.17 09:40:15.030,1.9979,1.99815,9.60,19.90
2007.04.17 09:40:15.237,1.9979,1.99815,8.80,21.50
2007.04.17 09:40:16.908,1.9979,1.99815,12.80,13.60
2007.04.17 09:40:17.121,1.998,1.99815,0.80,12.80
2007.04.17 09:40:17.339,1.998,1.9981,3.20,0.80
2007.04.17 09:40:18.852,1.998,1.9982,4.60,18.40
2007.04.17 09:40:19.127,1.998,1.99825,4.90,17.60
2007.04.17 09:40:19.343,1.998,1.99825,4.90,18.40
2007.04.17 09:40:19.564,1.998,1.99815,4.90,9.60
2007.04.17 09:40:19.841,1.998,1.99815,3.20,10.40
2007.04.17 09:40:23.065,1.998,1.99815,0.80,3.20
2007.04.17 09:40:23.344,1.998,1.9982,3.40,23.20
2007.04.17 09:40:23.549,1.998,1.9982,2.60,23.20
2007.04.17 09:40:23.778,1.998,1.9982,3.40,0.80
2007.04.17 09:40:24.016,1.998,1.9982,0.20,0.90
2007.04.17 09:40:24.309,1.998,1.9982,0.80,0.90
2007.04.17 09:40:24.541,1.99795,1.9982,1.60,26.40
2007.04.17 09:40:24.912,1.998,1.99815,2.40,4.80
2007.04.17 09:40:25.943,1.998,1.99815,0.80,4.80
2007.04.17 09:40:26.382,1.998,1.99815,0.80,11.20
2007.04.17 09:40:26.587,1.9979,1.99815,4.30,11.20
2007.04.17 09:40:27.378,1.998,1.9981,2.40,0.70
2007.04.17 09:40:27.606,1.998,1.99815,2.40,13.60
2007.04.17 09:40:28.360,1.9979,1.998,4.10,0.80
2007.04.17 09:40:28.616,1.9979,1.9981,3.30,22.00
2007.04.17 09:40:29.010,1.9979,1.9981,3.40,26.00
2007.04.17 09:40:29.371,1.9979,1.9981,4.20,26.00
2007.04.17 09:40:35.371,1.9979,1.998,4.10,0.90
2007.04.17 09:40:36.371,1.9979,1.9981,5.90,14.80
2007.04.17 09:40:36.576,1.9979,1.9981,9.90,8.80
2007.04.17 09:40:36.964,1.9979,1.99815,9.90,10.40
2007.04.17 09:40:40.360,1.9979,1.99815,12.30,10.40
2007.04.17 09:40:41.013,1.9979,1.99815,13.10,10.40
2007.04.17 09:40:42.004,1.9979,1.9981,12.90,8.00
2007.04.17 09:40:42.338,1.9979,1.9981,13.70,8.80
2007.04.17 09:40:43.308,1.998,1.9981,2.40,0.80
2007.04.17 09:40:43.513,1.998,1.99815,3.20,0.80
2007.04.17 09:40:43.793,1.998,1.9981,0.80,4.80
2007.04.17 09:40:43.998,1.99795,1.9981,1.60,6.40
2007.04.17 09:40:44.224,1.9979,1.9981,13.70,6.40
2007.04.17 09:40:44.640,1.9979,1.9981,13.80,6.40
2007.04.17 09:40:44.871,1.9979,1.9981,13.00,6.40
2007.04.17 09:40:45.145,1.9979,1.998,12.20,2.40
2007.04.17 09:40:45.368,1.9979,1.998,2.40,5.60
2007.04.17 09:40:46.324,1.9979,1.9981,2.40,17.60
2007.04.17 09:40:46.905,1.9979,1.9981,8.00,12.80
2007.04.17 09:40:47.170,1.9979,1.9981,12.80,8.80
2007.04.17 09:40:47.525,1.9979,1.9981,12.00,8.00
2007.04.17 09:40:48.019,1.9979,1.9981,12.80,8.00
2007.04.17 09:40:48.580,1.9979,1.9981,12.00,8.80
2007.04.17 09:40:49.920,1.9979,1.9981,13.60,8.80
2007.04.17 09:40:50.147,1.9979,1.9981,14.40,8.80
2007.04.17 09:40:50.895,1.9979,1.998,3.10,4.00
2007.04.17 09:40:51.117,1.9979,1.998,2.30,4.80
2007.04.17 09:40:51.345,1.9979,1.998,1.50,4.80
2007.04.17 09:40:51.486,1.9979,1.998,0.80,4.80
2007.04.17 09:40:52.580,1.9979,1.998,0.80,4.80
2007.04.17 09:40:52.884,1.9978,1.998,16.80,8.00
2007.04.17 09:40:53.666,1.99775,1.998,15.80,8.00
2007.04.17 09:40:54.329,1.9978,1.998,2.30,8.80
2007.04.17 09:40:55.893,1.9978,1.998,4.50,8.80
2007.04.17 09:40:56.163,1.9978,1.998,7.40,8.00
2007.04.17 09:40:58.314,1.99775,1.998,12.60,8.00
2007.04.17 09:40:58.529,1.99775,1.998,6.80,12.00
2007.04.17 09:40:58.944,1.99775,1.9979,3.40,2.40
2007.04.17 09:40:59.934,1.99775,1.998,4.40,12.00
2007.04.17 09:41:00.317,1.9978,1.9979,0.70,0.60
2007.04.17 09:41:00.534,1.9978,1.9979,0.50,0.60
2007.04.17 09:41:01.554,1.99775,1.998,2.50,12.00
2007.04.17 09:41:05.245,1.9978,1.998,0.80,0.50
2007.04.17 09:41:05.486,1.9978,1.998,0.50,0.90
2007.04.17 09:41:07.953,1.9978,1.998,0.90,0.90
2007.04.17 09:41:08.254,1.9978,1.9979,0.80,0.50
2007.04.17 09:41:08.566,1.99775,1.998,5.80,26.00
2007.04.17 09:41:08.962,1.99775,1.99805,5.80,17.60
2007.04.17 09:41:09.461,1.9978,1.99805,4.20,14.40
2007.04.17 09:41:09.763,1.9978,1.99805,4.20,15.20
2007.04.17 09:41:09.982,1.99775,1.99805,6.60,15.20
2007.04.17 09:41:10.608,1.9978,1.99805,4.20,14.40
2007.04.17 09:41:18.237,1.9978,1.99805,3.40,17.60
2007.04.17 09:41:18.485,1.9978,1.99805,2.70,18.40
2007.04.17 09:41:18.941,1.9978,1.99805,3.60,18.40
2007.04.17 09:41:19.162,1.99775,1.99805,6.40,18.40
2007.04.17 09:41:19.854,1.9978,1.99805,4.00,15.20
2007.04.17 09:41:20.248,1.9978,1.99805,4.00,15.20
2007.04.17 09:41:20.474,1.9979,1.998,2.40,0.80
2007.04.17 09:41:20.990,1.9979,1.99805,2.40,14.40
2007.04.17 09:41:21.211,1.9978,1.99805,4.80,14.40
2007.04.17 09:41:22.208,1.9978,1.998,7.20,0.50
2007.04.17 09:41:23.558,1.9979,1.99805,2.50,13.60
2007.04.17 09:41:28.259,1.9979,1.99805,0.20,11.20
2007.04.17 09:41:36.890,1.9979,1.998,2.50,8.80
2007.04.17 09:41:40.553,1.9979,1.998,2.70,8.80
2007.04.17 09:41:40.801,1.9979,1.998,3.20,8.80
2007.04.17 09:41:41.751,1.9979,1.998,2.50,8.80
2007.04.17 09:41:43.537,1.9979,1.998,2.70,8.80
2007.04.17 09:41:43.752,1.9979,1.998,3.20,8.80
2007.04.17 09:41:44.068,1.9979,1.998,3.20,8.80
2007.04.17 09:41:45.480,1.9979,1.998,2.50,8.80
2007.04.17 09:41:46.872,1.9978,1.998,8.10,8.80
2007.04.17 09:41:55.548,1.9978,1.998,7.20,8.80
2007.04.17 09:41:57.740,1.998,1.99805,0.20,4.80
2007.04.17 09:41:58.531,1.9979,1.998,2.10,4.80
2007.04.17 09:41:58.760,1.998,1.99805,0.30,2.40
2007.04.17 09:41:59.469,1.9979,1.998,6.60,4.80
2007.04.17 09:42:00.831,1.9979,1.998,6.60,4.80
2007.04.17 09:42:01.108,1.9979,1.998,2.70,4.80
2007.04.17 09:42:01.313,1.99785,1.998,5.00,4.80
2007.04.17 09:42:01.829,1.99785,1.998,4.80,4.80
2007.04.17 09:42:03.820,1.9979,1.998,5.00,4.80
2007.04.17 09:42:04.084,1.998,1.9981,0.20,14.40
2007.04.17 09:42:04.408,1.998,1.9981,0.20,12.00
2007.04.17 09:42:04.689,1.9979,1.9981,7.40,11.20
2007.04.17 09:42:08.114,1.9979,1.9981,8.10,8.80
2007.04.17 09:42:10.667,1.9979,1.9981,8.20,11.20
2007.04.17 09:42:11.460,1.998,1.9981,0.40,12.00
2007.04.17 09:42:12.455,1.9979,1.9981,12.60,8.80
2007.04.17 09:42:14.112,1.9981,1.99815,0.20,2.40
2007.04.17 09:42:15.109,1.9981,1.99815,0.30,2.40
2007.04.17 09:42:16.100,1.9981,1.9982,0.30,23.20
2007.04.17 09:42:16.330,1.9981,1.9982,0.30,12.00
2007.04.17 09:42:17.094,1.9981,1.9982,1.20,11.20
2007.04.17 09:42:17.302,1.9981,1.9982,1.20,7.20
2007.04.17 09:42:18.084,1.9981,1.9982,1.20,4.80
2007.04.17 09:42:18.426,1.9981,1.9982,4.40,4.80
2007.04.17 09:42:18.665,1.9981,1.9982,5.20,4.00
2007.04.17 09:42:18.876,1.9982,1.9983,0.40,7.20
2007.04.17 09:42:19.092,1.9982,1.9983,0.40,12.00
2007.04.17 09:42:19.319,1.9981,1.9983,2.60,12.00
2007.04.17 09:42:19.723,1.9981,1.9983,1.80,12.00
2007.04.17 09:42:19.991,1.9981,1.9983,4.40,12.00
2007.04.17 09:42:20.260,1.9981,1.9983,3.60,11.20
2007.04.17 09:42:20.480,1.9981,1.9983,2.80,11.20
2007.04.17 09:42:20.658,1.99805,1.9983,5.20,11.20
2007.04.17 09:42:20.735,1.9981,1.9983,1.60,12.00
2007.04.17 09:42:21.785,1.9981,1.9983,0.90,12.00
2007.04.17 09:42:21.993,1.9981,1.9983,0.90,12.80
2007.04.17 09:42:22.264,1.9981,1.9982,0.80,0.80
2007.04.17 09:42:22.473,1.99805,1.9982,3.40,0.80
2007.04.17 09:42:22.973,1.9981,1.9982,1.90,8.80
2007.04.17 09:42:23.329,1.998,1.9982,12.30,8.80
2007.04.17 09:42:23.565,1.998,1.9982,15.60,10.40
2007.04.17 09:42:24.092,1.99815,1.9983,2.40,6.40
2007.04.17 09:42:24.314,1.99815,1.9983,3.30,3.20
2007.04.17 09:42:24.712,1.9982,1.9983,0.80,0.80
2007.04.17 09:42:25.421,1.9982,1.9983,1.20,0.80
2007.04.17 09:42:25.657,1.9982,1.9983,1.00,8.80
2007.04.17 09:42:25.918,1.9982,1.9983,0.70,8.80
2007.04.17 09:42:26.421,1.9981,1.9983,16.00,8.80
2007.04.17 09:42:26.686,1.9982,1.9983,0.20,8.80
2007.04.17 09:42:26.903,1.9982,1.9983,0.30,8.80
2007.04.17 09:42:27.178,1.9981,1.9983,7.80,8.80
2007.04.17 09:42:27.752,1.9982,1.9983,0.30,8.80
2007.04.17 09:42:28.630,1.99805,1.9983,10.00,8.80
2007.04.17 09:42:28.936,1.99805,1.9983,7.60,8.80
2007.04.17 09:42:29.145,1.99805,1.9983,9.20,11.20
2007.04.17 09:42:29.666,1.99805,1.9982,4.30,8.00
2007.04.17 09:42:30.068,1.9982,1.9983,1.00,5.60
2007.04.17 09:42:30.609,1.99815,1.9983,12.40,0.80
2007.04.17 09:42:30.822,1.9982,1.99835,2.30,0.80
2007.04.17 09:42:31.065,1.9982,1.9983,0.30,11.20
2007.04.17 09:42:31.321,1.9982,1.9983,0.20,11.20
2007.04.17 09:42:31.526,1.9982,1.9983,0.50,11.20
2007.04.17 09:42:32.061,1.9981,1.9983,12.10,11.20
2007.04.17 09:42:34.054,1.99815,1.9983,5.20,0.80
2007.04.17 09:42:34.282,1.99815,1.9983,5.60,0.80
2007.04.17 09:42:34.603,1.99815,1.9983,5.60,0.80
2007.04.17 09:42:36.377,1.9982,1.9983,1.00,0.80
2007.04.17 09:42:36.710,1.99815,1.9983,5.60,0.80
2007.04.17 09:42:38.990,1.99815,1.9983,6.40,0.80
2007.04.17 09:42:39.292,1.9983,1.9984,1.20,1.60
2007.04.17 09:42:39.599,1.9983,1.9985,3.70,15.20
2007.04.17 09:42:39.807,1.99825,1.9985,9.80,15.20
2007.04.17 09:42:40.031,1.99825,1.9985,9.60,15.20
2007.04.17 09:42:40.293,1.9982,1.9984,24.40,4.00
2007.04.17 09:42:40.502,1.9983,1.9984,0.80,4.00
2007.04.17 09:42:40.812,1.99815,1.9984,17.90,6.40
2007.04.17 09:42:41.031,1.99815,1.9983,12.30,4.00
2007.04.17 09:42:41.239,1.9981,1.9983,30.60,6.40
2007.04.17 09:42:41.485,1.9982,1.9983,0.80,6.40
2007.04.17 09:42:41.953,1.9982,1.9983,0.20,6.40
2007.04.17 09:42:42.247,1.9981,1.9983,20.70,4.00
2007.04.17 09:42:42.697,1.9982,1.9983,1.20,8.00
2007.04.17 09:42:43.254,1.9982,1.9983,1.00,4.00
2007.04.17 09:42:43.502,1.9981,1.9983,27.40,4.00
2007.04.17 09:42:43.803,1.9981,1.9983,27.80,4.00
2007.04.17 09:42:44.032,1.9982,1.9983,0.70,4.00
2007.04.17 09:42:44.269,1.9982,1.9984,15.00,6.40
2007.04.17 09:42:44.544,1.9983,1.9984,0.40,6.40
2007.04.17 09:42:44.828,1.9982,1.9985,14.90,28.00
2007.04.17 09:42:44.835,1.9982,1.9985,11.60,28.00
2007.04.17 09:42:45.703,1.9982,1.9985,13.90,24.00
2007.04.17 09:42:46.001,1.9982,1.9985,15.30,24.00
2007.04.17 09:42:46.275,1.9983,1.9985,0.80,0.80
2007.04.17 09:42:46.645,1.9983,1.9985,0.60,0.60
2007.04.17 09:42:47.000,1.99825,1.9985,3.40,19.20
2007.04.17 09:42:47.230,1.99825,1.9985,3.60,22.40
2007.04.17 09:42:47.542,1.9983,1.9984,0.50,0.70
2007.04.17 09:42:47.942,1.99825,1.99855,3.40,24.00
2007.04.17 09:42:51.031,1.9983,1.99855,2.60,27.10
2007.04.17 09:42:51.233,1.9983,1.99855,1.00,25.50
2007.04.17 09:42:52.019,1.9983,1.99855,1.00,25.50
2007.04.17 09:42:52.791,1.9983,1.99855,1.00,25.50
2007.04.17 09:42:53.283,1.9983,1.99855,1.00,25.50
2007.04.17 09:42:54.304,1.9983,1.99855,1.00,25.50
2007.04.17 09:42:55.628,1.9983,1.99855,4.20,23.90
2007.04.17 09:42:55.834,1.9983,1.9985,5.00,0.70
2007.04.17 09:42:57.363,1.9983,1.99855,5.20,16.00
2007.04.17 09:42:57.907,1.9983,1.99855,5.80,14.40
2007.04.17 09:42:58.196,1.9984,1.9985,0.80,18.30
2007.04.17 09:42:58.410,1.9983,1.9984,6.60,0.60
2007.04.17 09:42:58.686,1.9983,1.99855,5.80,16.70
2007.04.17 09:42:58.964,1.9983,1.99855,5.80,13.60
2007.04.17 09:42:59.349,1.9984,1.9985,0.20,0.90
2007.04.17 09:42:59.642,1.9983,1.99855,5.80,11.20
2007.04.17 09:43:08.646,1.9983,1.99855,5.80,14.40
2007.04.17 09:43:10.651,1.9983,1.9984,3.40,0.60
2007.04.17 09:43:18.947,1.9983,1.9984,2.80,4.00
2007.04.17 09:43:19.277,1.9983,1.9984,3.40,4.00
2007.04.17 09:43:19.613,1.9983,1.9984,3.20,4.00
2007.04.17 09:43:19.945,1.9983,1.9984,2.80,4.00
2007.04.17 09:43:20.554,1.9983,1.9984,2.70,4.00
2007.04.17 09:43:21.286,1.9983,1.9984,0.40,4.00
2007.04.17 09:43:21.937,1.9983,1.9984,0.50,4.00
2007.04.17 09:43:22.170,1.9983,1.9984,0.40,4.00
2007.04.17 09:43:22.442,1.9983,1.9984,0.50,4.00
2007.04.17 09:43:23.600,1.9983,1.9984,0.40,4.00
2007.04.17 09:43:25.256,1.9982,1.9984,15.60,4.00
2007.04.17 09:43:25.567,1.9982,1.9984,14.80,4.00
2007.04.17 09:43:25.783,1.9982,1.9984,14.00,6.40
2007.04.17 09:43:26.036,1.9982,1.9984,8.40,6.40
2007.04.17 09:43:26.254,1.9982,1.9984,3.60,8.00
2007.04.17 09:43:30.811,1.9982,1.9984,7.60,8.00
2007.04.17 09:43:31.244,1.9983,1.9984,2.40,5.60
2007.04.17 09:43:33.675,1.9983,1.9984,2.40,6.40
2007.04.17 09:43:34.245,1.9982,1.9983,6.00,6.40
2007.04.17 09:43:34.498,1.9982,1.9983,1.00,4.80
2007.04.17 09:43:34.825,1.9982,1.9983,5.00,0.80
2007.04.17 09:43:35.149,1.9983,1.9984,0.30,7.20
2007.04.17 09:43:35.374,1.9983,1.9984,0.70,9.60
2007.04.17 09:43:35.880,1.9983,1.9984,0.30,9.60
2007.04.17 09:43:36.102,1.9982,1.9984,6.00,10.40
2007.04.17 09:43:36.683,1.9982,1.9984,6.00,9.60
2007.04.17 09:43:37.009,1.9982,1.9984,5.20,11.20
2007.04.17 09:43:37.274,1.9982,1.9983,0.80,7.20
2007.04.17 09:43:37.540,1.9982,1.9983,0.60,7.20
2007.04.17 09:43:38.536,1.9982,1.9983,0.60,8.00
2007.04.17 09:43:38.803,1.9982,1.9983,0.20,10.40
2007.04.17 09:43:40.732,1.9982,1.9983,0.60,10.40
2007.04.17 09:43:41.138,1.9982,1.9983,0.20,10.40
2007.04.17 09:43:41.382,1.99815,1.9983,2.40,10.40
2007.04.17 09:43:42.160,1.99815,1.9983,2.40,0.90
2007.04.17 09:43:42.409,1.9982,1.9983,0.20,0.80
2007.04.17 09:43:43.183,1.99815,1.99835,2.40,12.00
2007.04.17 09:43:43.451,1.9982,1.9983,0.20,0.50
2007.04.17 09:43:43.776,1.9982,1.99835,3.70,12.00
2007.04.17 09:43:43.998,1.99815,1.99835,2.40,14.40
2007.04.17 09:43:50.803,1.9982,1.99835,0.60,14.40
2007.04.17 09:43:51.781,1.9982,1.99835,0.20,12.00
2007.04.17 09:43:52.484,1.9982,1.99835,0.30,12.00
2007.04.17 09:43:53.620,1.9982,1.99835,0.20,12.00
2007.04.17 09:43:54.857,1.9982,1.99835,0.60,12.00
2007.04.17 09:43:55.196,1.9982,1.9983,3.60,0.60
2007.04.17 09:43:55.746,1.9982,1.99835,3.20,12.80
2007.04.17 09:43:57.262,1.9982,1.9983,3.60,0.60
2007.04.17 09:43:59.246,1.9982,1.99835,3.30,15.20
2007.04.17 09:43:59.501,1.9982,1.9983,3.20,0.50
2007.04.17 09:44:01.247,1.9982,1.9983,3.20,0.70
2007.04.17 09:44:02.238,1.9982,1.9983,3.50,0.80
2007.04.17 09:44:02.489,1.9982,1.9984,3.90,13.60
2007.04.17 09:44:02.901,1.9982,1.99845,6.30,16.00
2007.04.17 09:44:03.805,1.9982,1.9984,6.40,0.60
2007.04.17 09:44:04.111,1.9982,1.99845,3.20,16.00
2007.04.17 09:44:05.262,1.9982,1.9984,3.20,0.80
2007.04.17 09:44:07.259,1.9983,1.9984,0.30,0.90
2007.04.17 09:44:07.510,1.9983,1.9984,1.10,0.90
2007.04.17 09:44:09.829,1.9983,1.9984,3.50,0.50
2007.04.17 09:44:11.875,1.9983,1.9984,3.50,8.80
2007.04.17 09:44:19.209,1.9983,1.9984,3.60,8.80
2007.04.17 09:44:19.454,1.9983,1.9984,4.10,8.80
2007.04.17 09:44:24.449,1.9983,1.9984,1.70,8.80
2007.04.17 09:44:24.671,1.9983,1.9984,1.60,8.80
2007.04.17 09:44:36.803,1.9983,1.9985,5.70,8.80
2007.04.17 09:44:39.037,1.9984,1.9985,2.40,8.80
2007.04.17 09:44:41.903,1.9983,1.9984,4.90,8.80
2007.04.17 09:44:42.981,1.9983,1.9984,1.20,8.80
2007.04.17 09:44:43.784,1.99825,1.9984,4.10,8.80
2007.04.17 09:44:45.386,1.99825,1.9984,6.50,8.80
2007.04.17 09:44:47.381,1.99825,1.9984,4.10,8.80
2007.04.17 09:44:47.630,1.9983,1.9984,1.30,8.80
2007.04.17 09:44:51.740,1.99825,1.9984,3.10,8.80
2007.04.17 09:44:51.945,1.99825,1.9984,3.10,11.20
2007.04.17 09:44:53.065,1.99825,1.9984,3.20,11.20
2007.04.17 09:44:59.372,1.99825,1.9984,3.10,11.20
2007.04.17 09:45:00.347,1.99825,1.9984,3.20,11.20
2007.04.17 09:45:03.949,1.99825,1.9984,4.60,11.20
2007.04.17 09:45:04.974,1.99825,1.9984,4.60,9.60
2007.04.17 09:45:05.689,1.99825,1.9984,4.70,9.60
2007.04.17 09:45:07.353,1.9984,1.9985,0.80,9.60
2007.04.17 09:45:07.678,1.9984,1.9985,0.70,9.60
2007.04.17 09:45:07.911,1.9984,1.9985,3.60,4.80
2007.04.17 09:45:08.197,1.9985,1.9986,0.30,8.40
2007.04.17 09:45:08.411,1.9985,1.9986,0.40,8.40
2007.04.17 09:45:08.628,1.9984,1.9985,10.20,2.40
2007.04.17 09:45:08.946,1.9985,1.9986,1.60,9.60
2007.04.17 09:45:09.340,1.9985,1.9986,2.20,7.20
2007.04.17 09:45:09.559,1.9985,1.9986,6.10,3.20
2007.04.17 09:45:10.004,1.9987,1.99875,0.60,2.40
2007.04.17 09:45:10.498,1.9985,1.9986,11.50,0.80
2007.04.17 09:45:10.813,1.9985,1.9986,6.70,0.80
2007.04.17 09:45:11.061,1.9986,1.9987,0.50,5.60
2007.04.17 09:45:11.334,1.99845,1.9987,20.10,4.80
2007.04.17 09:45:11.555,1.9985,1.9987,8.30,4.80
2007.04.17 09:45:11.878,1.9985,1.9987,7.50,4.80
2007.04.17 09:45:12.101,1.9985,1.9987,9.90,4.80
2007.04.17 09:45:12.345,1.9985,1.9987,6.70,8.80
2007.04.17 09:45:12.625,1.9985,1.9987,3.20,8.80
2007.04.17 09:45:12.903,1.9985,1.9986,3.30,4.00
2007.04.17 09:45:13.425,1.9985,1.9986,5.70,4.00
2007.04.17 09:45:13.657,1.9985,1.9986,5.60,4.00
2007.04.17 09:45:13.980,1.9985,1.9986,3.20,4.00
2007.04.17 09:45:14.883,1.9985,1.9986,0.70,9.60
2007.04.17 09:45:16.313,1.9985,1.9986,0.40,9.60
2007.04.17 09:45:16.577,1.9984,1.9986,7.10,9.60
2007.04.17 09:45:16.965,1.9985,1.9986,2.40,7.20
2007.04.17 09:45:17.971,1.9984,1.9986,5.20,7.20
2007.04.17 09:45:18.979,1.9984,1.9986,4.80,11.30
2007.04.17 09:45:19.208,1.9984,1.9986,4.80,11.20
2007.04.17 09:45:19.417,1.9984,1.9986,5.00,11.20
2007.04.17 09:45:19.642,1.9984,1.9986,4.80,11.20
2007.04.17 09:45:19.912,1.9984,1.9986,4.80,16.00
2007.04.17 09:45:20.181,1.9984,1.9986,4.80,16.80
2007.04.17 09:45:20.570,1.9984,1.9986,4.80,15.20
2007.04.17 09:45:20.972,1.9984,1.9986,4.80,17.60
2007.04.17 09:45:22.219,1.9984,1.9986,4.80,20.00
2007.04.17 09:45:22.510,1.9984,1.9985,2.40,2.40
2007.04.17 09:45:23.575,1.9984,1.9986,4.80,23.20
2007.04.17 09:45:23.851,1.9984,1.9986,4.80,26.30
2007.04.17 09:45:24.065,1.9984,1.99845,0.60,2.40
2007.04.17 09:45:24.536,1.9984,1.99845,0.60,2.40
2007.04.17 09:45:25.501,1.9983,1.9984,3.00,1.60
2007.04.17 09:45:25.785,1.9983,1.9984,2.50,4.00
2007.04.17 09:45:25.990,1.9983,1.9984,0.30,9.60
2007.04.17 09:45:27.117,1.9982,1.9983,2.90,0.80
2007.04.17 09:45:28.524,1.9982,1.9983,4.50,0.80
2007.04.17 09:45:34.847,1.9982,1.9983,10.70,0.80
2007.04.17 09:45:35.059,1.9983,1.9984,1.80,1.60
2007.04.17 09:45:35.388,1.9983,1.99845,5.40,2.40
2007.04.17 09:45:35.600,1.9984,1.9985,1.00,8.80
2007.04.17 09:45:35.645,1.9983,1.9985,5.40,8.80
2007.04.17 09:45:35.928,1.99825,1.9984,7.80,2.40
2007.04.17 09:45:36.461,1.99825,1.9985,7.80,11.20
2007.04.17 09:45:36.922,1.9983,1.9985,5.70,8.80
2007.04.17 09:45:37.440,1.9983,1.9985,5.70,8.00
2007.04.17 09:45:38.914,1.99825,1.9985,10.50,10.40
2007.04.17 09:45:39.585,1.99825,1.9985,10.70,10.40
2007.04.17 09:45:40.547,1.99825,1.9985,10.70,10.40
2007.04.17 09:45:40.908,1.99825,1.9985,10.70,11.20
2007.04.17 09:45:41.821,1.99825,1.9985,10.70,10.40
2007.04.17 09:45:42.909,1.9983,1.9985,5.90,8.00
2007.04.17 09:45:44.906,1.99825,1.9985,10.80,10.40
2007.04.17 09:45:45.892,1.99825,1.9985,11.10,10.40
2007.04.17 09:45:46.552,1.99825,1.9985,17.60,10.40
2007.04.17 09:45:46.554,1.99825,1.9986,17.60,24.00
2007.04.17 09:45:46.899,1.99825,1.9986,10.80,27.20
2007.04.17 09:45:47.191,1.9983,1.9986,6.80,27.20
2007.04.17 09:45:47.896,1.99825,1.99855,8.40,14.40
2007.04.17 09:45:48.432,1.99825,1.99855,11.60,13.60
2007.04.17 09:45:48.679,1.99825,1.99855,11.60,16.00
2007.04.17 09:45:52.550,1.99825,1.99855,15.60,7.20
2007.04.17 09:45:52.778,1.99825,1.99855,19.10,7.20
2007.04.17 09:45:53.067,1.99835,1.99865,4.00,28.00
2007.04.17 09:45:53.302,1.99835,1.99865,4.00,27.20
2007.04.17 09:45:53.885,1.99835,1.99865,6.40,22.40
2007.04.17 09:45:54.208,1.99835,1.99865,6.40,19.90
2007.04.17 09:45:54.436,1.99835,1.99865,11.60,19.90
2007.04.17 09:45:54.872,1.99835,1.99865,11.60,19.10
2007.04.17 09:45:55.099,1.99835,1.99865,11.70,16.70
2007.04.17 09:45:56.540,1.99835,1.99865,8.50,16.80
2007.04.17 09:45:57.136,1.99835,1.99865,9.30,19.20
2007.04.17 09:45:57.549,1.99835,1.99865,6.60,23.10
2007.04.17 09:45:58.857,1.9984,1.99865,11.30,15.90
2007.04.17 09:45:59.075,1.9984,1.99865,24.50,8.00
2007.04.17 09:46:00.718,1.9984,1.99865,24.70,7.20
2007.04.17 09:46:00.931,1.9984,1.99865,24.50,7.20
2007.04.17 09:46:01.176,1.9984,1.99865,24.20,8.00
2007.04.17 09:46:01.442,1.9984,1.99865,25.80,8.00
2007.04.17 09:46:02.183,1.9984,1.99865,25.10,8.00
2007.04.17 09:46:04.448,1.99845,1.99865,14.50,1.60
2007.04.17 09:46:04.693,1.99845,1.99875,17.10,13.60
2007.04.17 09:46:04.807,1.99845,1.99875,29.40,23.20
2007.04.17 09:46:04.925,1.99845,1.99875,19.30,11.20
2007.04.17 09:46:05.166,1.99845,1.99875,11.60,18.30
2007.04.17 09:46:05.469,1.99845,1.99875,11.50,14.40
2007.04.17 09:46:06.476,1.9985,1.99875,18.10,14.40
2007.04.17 09:46:06.695,1.99845,1.99875,18.40,14.40
2007.04.17 09:46:06.992,1.99845,1.99875,20.90,13.60
2007.04.17 09:46:07.490,1.99845,1.99875,17.60,14.40
2007.04.17 09:46:08.166,1.99845,1.99875,11.20,17.50
2007.04.17 09:46:08.487,1.9985,1.99875,6.70,17.50
2007.04.17 09:46:08.730,1.9985,1.99875,7.70,13.60
2007.04.17 09:46:09.817,1.9985,1.99875,8.80,12.80
2007.04.17 09:46:10.713,1.9985,1.99875,6.90,11.20
2007.04.17 09:46:11.099,1.99845,1.99875,10.90,11.20
2007.04.17 09:46:11.379,1.99845,1.99875,11.50,11.20
2007.04.17 09:46:11.624,1.99845,1.99875,11.60,13.60
2007.04.17 09:46:12.051,1.99845,1.9987,7.60,11.20
2007.04.17 09:46:12.260,1.99845,1.9987,6.80,11.20
2007.04.17 09:46:13.475,1.9984,1.9987,20.10,14.40
2007.04.17 09:46:13.691,1.9984,1.9987,14.10,18.40
2007.04.17 09:46:14.107,1.9984,1.9987,14.10,17.60
2007.04.17 09:46:14.469,1.9984,1.99865,14.10,12.00
2007.04.17 09:46:14.721,1.99835,1.99865,12.00,12.80
2007.04.17 09:46:15.032,1.9983,1.9986,28.10,12.00
2007.04.17 09:46:15.278,1.99835,1.9986,10.00,14.40
2007.04.17 09:46:15.484,1.9984,1.99865,18.20,13.60
2007.04.17 09:46:15.798,1.9984,1.99865,19.00,12.80
2007.04.17 09:46:16.463,1.9984,1.9986,19.80,11.20
2007.04.17 09:46:16.805,1.99845,1.9986,2.40,11.20
2007.04.17 09:46:18.122,1.99845,1.9986,4.80,8.80
2007.04.17 09:46:18.788,1.99845,1.9986,5.10,8.80
2007.04.17 09:46:19.782,1.99845,1.9986,5.20,8.80
2007.04.17 09:46:20.068,1.99845,1.9986,2.70,8.80
2007.04.17 09:46:20.470,1.99845,1.9986,5.30,4.80
2007.04.17 09:46:20.696,1.99845,1.9986,8.50,4.00
2007.04.17 09:46:20.908,1.99845,1.9986,11.90,2.40
2007.04.17 09:46:21.138,1.99845,1.9987,11.70,7.20
2007.04.17 09:46:21.473,1.99845,1.9987,12.50,7.20
2007.04.17 09:46:21.676,1.99845,1.9987,9.30,9.60
2007.04.17 09:46:22.441,1.99845,1.9987,9.50,9.60
2007.04.17 09:46:22.647,1.99845,1.9986,7.10,6.40
2007.04.17 09:46:22.880,1.99845,1.9986,5.20,7.20
2007.04.17 09:46:23.106,1.99845,1.9986,2.90,9.60
2007.04.17 09:46:23.446,1.9984,1.9986,19.30,9.60
2007.04.17 09:46:23.681,1.99845,1.9986,2.40,9.60
2007.04.17 09:46:24.019,1.9984,1.9986,16.80,7.20
2007.04.17 09:46:25.005,1.99845,1.9986,4.80,7.20
2007.04.17 09:46:25.458,1.9985,1.9986,12.50,0.80
2007.04.17 09:46:25.735,1.9985,1.9987,18.70,3.20
2007.04.17 09:46:26.011,1.9985,1.9987,16.30,5.60
2007.04.17 09:46:26.766,1.9985,1.9987,15.50,6.40
2007.04.17 09:46:27.068,1.9984,1.9986,27.20,8.00
2007.04.17 09:46:29.099,1.9984,1.9986,14.30,8.00
2007.04.17 09:46:30.081,1.9984,1.9986,14.30,8.00
2007.04.17 09:46:31.423,1.9984,1.9986,14.30,7.20
2007.04.17 09:46:31.734,1.9984,1.9986,14.30,8.00
2007.04.17 09:46:32.002,1.9984,1.9986,16.40,8.00
2007.04.17 09:46:32.209,1.99845,1.9986,2.40,8.00
2007.04.17 09:46:32.561,1.99845,1.9986,2.70,8.00
2007.04.17 09:46:32.991,1.99845,1.9987,6.00,16.70
2007.04.17 09:46:33.268,1.99845,1.9987,8.40,11.20
2007.04.17 09:46:33.489,1.99845,1.9987,5.90,11.20
2007.04.17 09:46:33.734,1.99845,1.9987,5.90,11.20
2007.04.17 09:46:34.434,1.99845,1.9987,6.00,11.20
2007.04.17 09:46:35.058,1.99845,1.9986,3.60,3.20
2007.04.17 09:46:35.262,1.99845,1.9986,2.80,8.00
2007.04.17 09:46:35.764,1.99845,1.9986,2.90,8.00
2007.04.17 09:46:36.092,1.99845,1.9986,5.20,8.00
2007.04.17 09:46:37.034,1.99845,1.9986,5.10,8.00
2007.04.17 09:46:38.081,1.99845,1.9986,2.80,8.00
2007.04.17 09:46:38.292,1.9984,1.9986,16.80,8.00
2007.04.17 09:46:39.412,1.99845,1.9986,4.80,8.00
2007.04.17 09:46:41.066,1.9984,1.9986,16.00,10.40
2007.04.17 09:46:41.738,1.99845,1.9986,2.40,10.40
2007.04.17 09:46:42.063,1.9984,1.9986,14.40,8.00
2007.04.17 09:46:43.290,1.99845,1.9986,3.20,8.00
2007.04.17 09:46:44.004,1.9984,1.9986,14.40,10.40
2007.04.17 09:46:45.075,1.99845,1.9986,3.20,8.00
2007.04.17 09:46:46.078,1.99845,1.9986,3.20,8.80
2007.04.17 09:46:47.072,1.9984,1.9986,14.40,8.80
2007.04.17 09:46:47.403,1.9984,1.9986,16.00,8.80
2007.04.17 09:46:48.070,1.99845,1.9986,4.80,8.80
2007.04.17 09:46:50.058,1.9984,1.9986,16.00,8.80
2007.04.17 09:46:50.618,1.9984,1.9986,16.00,8.00
2007.04.17 09:46:51.019,1.99845,1.9986,4.80,8.00
2007.04.17 09:46:52.668,1.99845,1.9986,4.80,9.60
2007.04.17 09:46:53.049,1.9984,1.9986,10.00,10.40
2007.04.17 09:46:53.713,1.9984,1.9986,12.40,11.20
2007.04.17 09:46:53.922,1.9984,1.9986,14.00,11.20
2007.04.17 09:46:54.194,1.99845,1.9986,3.20,8.80
2007.04.17 09:46:56.036,1.9984,1.9986,14.00,11.20
2007.04.17 09:46:57.379,1.9984,1.9986,14.00,15.20
2007.04.17 09:46:57.612,1.99835,1.9986,14.70,17.60
2007.04.17 09:46:57.739,1.99835,1.9986,25.40,17.60
2007.04.17 09:46:58.038,1.99835,1.9985,8.10,4.00
2007.04.17 09:46:58.305,1.99835,1.9985,5.70,4.00
2007.04.17 09:46:58.547,1.99835,1.9985,5.60,4.00
2007.04.17 09:46:59.306,1.99835,1.9985,5.60,4.00
2007.04.17 09:47:00.584,1.99845,1.9986,4.00,11.20
2007.04.17 09:47:00.870,1.99845,1.9986,4.00,8.80
2007.04.17 09:47:02.572,1.99845,1.9986,4.00,9.60
2007.04.17 09:47:18.626,1.99845,1.9986,3.20,8.80
2007.04.17 09:47:19.106,1.99845,1.9986,5.60,8.80
2007.04.17 09:47:19.957,1.99845,1.9986,9.60,4.80
2007.04.17 09:47:20.164,1.99845,1.9986,15.50,0.80
2007.04.17 09:47:20.416,1.99845,1.9987,20.80,10.40
2007.04.17 09:47:20.829,1.99845,1.9987,20.80,9.60
2007.04.17 09:47:26.598,1.9985,1.9987,19.20,9.60
2007.04.17 09:47:27.594,1.9985,1.9987,20.00,9.60
2007.04.17 09:47:28.156,1.99855,1.9987,3.20,9.60
2007.04.17 09:47:34.834,1.99855,1.9987,3.20,8.80
2007.04.17 09:47:43.561,1.99855,1.9987,3.20,9.60
2007.04.17 09:47:46.137,1.99855,1.9987,3.20,8.80
2007.04.17 09:47:47.769,1.99855,1.9987,2.40,9.60
2007.04.17 09:47:48.029,1.9985,1.9987,17.30,12.00
2007.04.17 09:47:48.506,1.9985,1.9987,16.90,12.00
2007.04.17 09:47:48.870,1.99855,1.9987,0.80,12.00
2007.04.17 09:47:49.202,1.9986,1.9987,0.80,11.20
2007.04.17 09:47:49.760,1.9986,1.9987,0.80,8.80
2007.04.17 09:47:50.157,1.9986,1.9987,0.80,9.60
2007.04.17 09:47:51.528,1.9986,1.9987,0.80,8.80
2007.04.17 09:47:53.432,1.9986,1.9987,0.80,9.60
2007.04.17 09:47:57.086,1.9986,1.9987,0.80,9.60
2007.04.17 09:47:59.066,1.99855,1.9987,4.40,8.80
2007.04.17 09:48:02.815,1.9986,1.9987,1.00,8.80
2007.04.17 09:48:03.061,1.9985,1.9987,20.40,8.80
2007.04.17 09:48:04.363,1.9985,1.9987,8.80,9.60
2007.04.17 09:48:05.154,1.99845,1.9987,20.90,10.40
2007.04.17 09:48:05.357,1.99845,1.9987,20.90,9.60
2007.04.17 09:48:06.148,1.9986,1.9987,0.80,8.80
2007.04.17 09:48:06.735,1.99855,1.9987,3.20,9.60
2007.04.17 09:48:09.719,1.9986,1.9987,0.80,8.80
2007.04.17 09:48:10.747,1.99855,1.9987,3.20,9.60
2007.04.17 09:48:12.806,1.9986,1.9987,0.80,8.80
2007.04.17 09:48:15.368,1.9986,1.9987,0.80,12.00
2007.04.17 09:48:15.793,1.9985,1.9987,16.90,12.00
2007.04.17 09:48:16.026,1.9985,1.9987,15.30,12.00
2007.04.17 09:48:16.324,1.99855,1.9987,3.20,12.00
2007.04.17 09:48:16.714,1.9986,1.9987,0.80,11.20
2007.04.17 09:48:18.749,1.99855,1.9987,3.20,12.00
2007.04.17 09:48:19.778,1.99855,1.9987,0.80,12.00
2007.04.17 09:48:23.778,1.9986,1.9987,0.80,12.00
2007.04.17 09:48:25.340,1.9986,1.9987,0.80,11.20
2007.04.17 09:48:26.800,1.99855,1.9987,0.80,11.20
2007.04.17 09:48:27.020,1.9985,1.9987,5.30,11.20
2007.04.17 09:48:27.435,1.99855,1.9987,0.80,11.20
2007.04.17 09:48:29.092,1.9985,1.9987,5.30,11.20
2007.04.17 09:48:30.754,1.9985,1.9987,8.60,11.20
2007.04.17 09:48:31.313,1.99855,1.9987,0.80,11.20
2007.04.17 09:48:31.575,1.9985,1.9987,8.60,11.20
2007.04.17 09:48:32.062,1.99855,1.9987,0.80,11.20
2007.04.17 09:48:33.418,1.9985,1.9987,8.60,11.20
2007.04.17 09:48:34.080,1.99855,1.9987,0.80,11.20
2007.04.17 09:48:36.091,1.9985,1.9987,8.60,11.20
2007.04.17 09:48:37.027,1.99855,1.9987,0.80,11.20
2007.04.17 09:48:37.267,1.9986,1.9987,0.80,11.20
2007.04.17 09:48:38.309,1.99855,1.9987,2.40,11.20
2007.04.17 09:48:38.715,1.9986,1.9987,0.80,8.80
2007.04.17 09:48:39.542,1.99855,1.9987,3.20,8.80
2007.04.17 09:48:45.716,1.99855,1.9987,1.20,8.80
2007.04.17 09:48:45.949,1.99855,1.9987,0.70,11.20
2007.04.17 09:48:47.379,1.9985,1.9987,13.00,12.00
2007.04.17 09:48:49.058,1.99855,1.9987,1.50,12.80
2007.04.17 09:48:49.327,1.99845,1.9987,13.20,12.00
2007.04.17 09:48:50.283,1.99845,1.9987,9.60,12.00
2007.04.17 09:48:50.486,1.99845,1.9987,8.80,12.00
2007.04.17 09:48:50.723,1.99845,1.9987,8.80,9.60
2007.04.17 09:48:51.280,1.99845,1.9986,5.60,4.80
2007.04.17 09:48:52.711,1.99845,1.9986,3.20,4.80
2007.04.17 09:48:53.283,1.99845,1.9986,3.20,4.80
2007.04.17 09:48:54.050,1.9985,1.9986,0.80,5.60
2007.04.17 09:48:54.594,1.99845,1.9986,3.60,4.80
2007.04.17 09:48:54.810,1.9985,1.9986,0.50,4.80
2007.04.17 09:48:56.042,1.9985,1.9986,0.60,4.80
2007.04.17 09:49:03.687,1.99845,1.9986,3.10,7.20
2007.04.17 09:49:04.323,1.99845,1.9986,3.10,7.20
2007.04.17 09:49:04.684,1.99845,1.9986,2.90,7.20
2007.04.17 09:49:04.949,1.99845,1.9986,2.90,7.20
2007.04.17 09:49:05.179,1.99845,1.9986,3.10,7.20
2007.04.17 09:49:06.678,1.99845,1.9986,2.90,7.20
2007.04.17 09:49:07.898,1.9985,1.9986,0.70,7.20
2007.04.17 09:49:08.345,1.99845,1.9986,1.10,8.80
2007.04.17 09:49:08.558,1.9984,1.9986,9.60,8.80
2007.04.17 09:49:09.344,1.99845,1.9985,0.80,4.80
2007.04.17 09:49:09.538,1.9984,1.9985,7.60,4.80
2007.04.17 09:49:09.858,1.9984,1.9985,6.80,8.80
2007.04.17 09:49:10.328,1.9984,1.9985,6.40,8.80
2007.04.17 09:49:11.656,1.9984,1.9985,5.60,8.80
2007.04.17 09:49:12.431,1.9984,1.9985,5.80,8.80
2007.04.17 09:49:13.307,1.9984,1.9985,5.30,8.80
2007.04.17 09:49:13.988,1.9984,1.9985,5.40,8.80
2007.04.17 09:49:15.973,1.9984,1.9985,5.20,8.80
2007.04.17 09:49:16.311,1.9984,1.9985,4.40,8.80
2007.04.17 09:49:16.529,1.9984,1.9985,4.40,8.80
2007.04.17 09:49:17.299,1.9984,1.9985,4.50,8.80
2007.04.17 09:49:23.885,1.9985,1.99855,0.20,1.60
2007.04.17 09:49:24.123,1.9985,1.9986,0.20,4.80
2007.04.17 09:49:25.267,1.9985,1.9986,0.90,4.80
2007.04.17 09:49:26.904,1.9985,1.9986,0.90,7.20
2007.04.17 09:49:27.926,1.9985,1.9986,0.20,7.20
2007.04.17 09:49:33.884,1.9984,1.9986,8.00,12.00
2007.04.17 09:49:35.469,1.9984,1.9986,8.00,9.60
2007.04.17 09:49:35.900,1.9984,1.9986,8.00,9.60
2007.04.17 09:49:36.508,1.9984,1.9986,7.20,12.00
2007.04.17 09:49:39.711,1.9984,1.9986,7.20,14.40
2007.04.17 09:49:40.017,1.99835,1.9986,9.60,14.40
2007.04.17 09:49:53.839,1.99835,1.9986,9.60,14.40
2007.04.17 09:49:59.481,1.99835,1.9986,7.20,14.40
2007.04.17 09:49:59.527,1.99835,1.99865,12.80,16.80
2007.04.17 09:49:59.786,1.99835,1.99865,5.60,16.80
2007.04.17 09:50:01.606,1.99835,1.99865,8.20,19.90
2007.04.17 09:50:01.884,1.99835,1.99865,6.00,16.80
2007.04.17 09:50:06.038,1.99835,1.99865,6.00,16.80
2007.04.17 09:50:07.353,1.99835,1.99865,6.00,16.80
2007.04.17 09:50:07.789,1.99835,1.99865,10.00,16.80
2007.04.17 09:50:07.994,1.99835,1.99865,16.50,12.80
2007.04.17 09:50:09.006,1.9984,1.99865,12.00,15.20
2007.04.17 09:50:10.447,1.99835,1.99865,6.10,16.00
2007.04.17 09:50:12.777,1.99835,1.99865,6.90,16.00
2007.04.17 09:50:13.352,1.9984,1.99865,15.90,11.20
2007.04.17 09:50:14.119,1.99845,1.99865,1.70,8.80
2007.04.17 09:50:15.430,1.9984,1.99865,17.60,8.80
2007.04.17 09:50:17.702,1.9984,1.99865,17.50,8.80
2007.04.17 09:50:24.651,1.9984,1.99865,17.60,8.80
2007.04.17 09:50:25.063,1.9984,1.99865,17.60,11.20
2007.04.17 09:50:25.518,1.9984,1.99865,17.60,9.20
2007.04.17 09:50:26.394,1.99845,1.99865,1.70,9.20
2007.04.17 09:50:28.047,1.99845,1.9986,1.60,13.10
2007.04.17 09:50:28.566,1.99835,1.9986,8.00,21.90
2007.04.17 09:50:29.013,1.99835,1.99865,8.00,18.00
2007.04.17 09:50:29.313,1.99835,1.99865,7.20,17.20
2007.04.17 09:50:29.583,1.99835,1.99865,7.20,21.10
2007.04.17 09:50:30.039,1.99835,1.99865,7.40,21.10
2007.04.17 09:50:30.981,1.99835,1.99865,10.60,17.20
2007.04.17 09:50:32.365,1.99835,1.99865,10.70,17.20
2007.04.17 09:50:33.366,1.99835,1.99865,7.40,17.20
2007.04.17 09:50:33.688,1.99835,1.99865,7.40,18.00
2007.04.17 09:50:33.994,1.9983,1.9986,25.30,19.60
2007.04.17 09:50:34.359,1.9983,1.9986,25.30,15.60
2007.04.17 09:50:34.660,1.99835,1.99865,7.40,18.00
2007.04.17 09:50:35.020,1.99835,1.99865,8.20,18.00
2007.04.17 09:50:36.939,1.99835,1.99855,3.20,6.40
2007.04.17 09:50:37.565,1.99835,1.99865,7.40,21.20
2007.04.17 09:50:37.999,1.99835,1.9986,5.80,26.40
2007.04.17 09:50:40.701,1.99835,1.99855,5.60,8.00
2007.04.17 09:50:54.601,1.9984,1.99855,4.30,8.00
2007.04.17 09:50:54.873,1.9984,1.99855,4.40,7.20
2007.04.17 09:50:55.216,1.9984,1.99855,5.30,7.20
2007.04.17 09:50:55.554,1.9984,1.99855,5.60,7.20
2007.04.17 09:51:02.634,1.9984,1.9986,6.40,20.00
2007.04.17 09:51:02.840,1.9984,1.99865,5.60,20.80
2007.04.17 09:51:03.307,1.9984,1.99865,5.60,20.80
2007.04.17 09:51:03.512,1.9984,1.99865,6.40,18.00
2007.04.17 09:51:03.799,1.9984,1.99865,6.40,18.00
2007.04.17 09:51:07.568,1.9984,1.99865,7.20,18.00
2007.04.17 09:51:07.942,1.9984,1.99865,6.40,21.20
2007.04.17 09:51:08.567,1.9984,1.99865,6.40,21.20
2007.04.17 09:51:08.928,1.9984,1.99865,6.00,21.20
2007.04.17 09:51:14.920,1.9984,1.9986,6.00,22.80
2007.04.17 09:51:15.135,1.9984,1.99855,4.40,7.20
2007.04.17 09:51:16.586,1.9984,1.99855,4.80,7.20
2007.04.17 09:51:17.453,1.9984,1.99855,4.80,12.00
2007.04.17 09:51:18.523,1.9984,1.99855,2.90,7.20
2007.04.17 09:51:28.108,1.9984,1.99855,0.50,10.40
2007.04.17 09:51:28.750,1.9984,1.99855,0.50,16.80
2007.04.17 09:51:29.212,1.9984,1.99855,0.50,16.80
2007.04.17 09:51:29.504,1.9984,1.99855,0.50,16.00
2007.04.17 09:51:29.885,1.9983,1.99855,12.00,16.00
2007.04.17 09:51:30.141,1.9983,1.99845,2.70,7.20
2007.04.17 09:51:31.537,1.9983,1.99845,0.40,8.80
2007.04.17 09:51:33.200,1.9983,1.99845,1.10,6.40
2007.04.17 09:51:41.770,1.9983,1.99845,0.40,6.40
2007.04.17 09:51:42.192,1.9982,1.99845,14.30,7.20
2007.04.17 09:51:42.398,1.9982,1.99845,12.70,7.20
2007.04.17 09:51:42.839,1.9982,1.99845,12.70,10.40
2007.04.17 09:51:43.163,1.9982,1.9984,1.00,15.20
2007.04.17 09:51:43.505,1.9981,1.9984,29.60,16.00
2007.04.17 09:51:43.761,1.9981,1.9984,23.00,18.40
2007.04.17 09:51:44.009,1.9981,1.9984,15.60,19.20
2007.04.17 09:51:45.096,1.9981,1.9984,18.00,19.20
2007.04.17 09:51:45.833,1.9981,1.9984,17.20,19.20
2007.04.17 09:51:46.493,1.9981,1.99835,14.80,7.20
2007.04.17 09:51:47.490,1.9981,1.99835,15.60,9.60
2007.04.17 09:51:47.720,1.9981,1.99835,18.00,8.80
2007.04.17 09:51:52.094,1.99825,1.99835,3.70,8.80
2007.04.17 09:51:52.482,1.9983,1.9984,1.60,16.00
2007.04.17 09:51:52.730,1.9983,1.9984,5.60,10.40
2007.04.17 09:51:53.193,1.9983,1.9985,5.60,19.20
2007.04.17 09:51:53.657,1.9983,1.9985,1.60,19.60
2007.04.17 09:51:54.820,1.9983,1.9985,0.80,22.00
2007.04.17 09:51:55.095,1.9983,1.9985,0.80,18.80
2007.04.17 09:51:55.416,1.9982,1.9985,10.80,18.80
2007.04.17 09:51:55.635,1.9982,1.9985,13.20,18.80
2007.04.17 09:51:58.723,1.9982,1.9984,2.30,6.40
2007.04.17 09:52:02.760,1.9983,1.9984,0.50,8.80
2007.04.17 09:52:03.121,1.99825,1.9984,5.00,8.00
2007.04.17 09:52:03.359,1.9983,1.9984,1.10,4.00
2007.04.17 09:52:04.816,1.99825,1.9984,8.70,4.00
2007.04.17 09:52:06.468,1.99825,1.9984,13.00,4.00
2007.04.17 09:52:07.123,1.9984,1.9985,1.20,4.40
2007.04.17 09:52:07.151,1.9983,1.9985,17.10,4.40
2007.04.17 09:52:07.736,1.9983,1.9985,27.90,4.00
2007.04.17 09:52:07.990,1.9983,1.9985,20.90,4.00
2007.04.17 09:52:08.265,1.9983,1.9985,14.70,8.00
2007.04.17 09:52:08.761,1.99825,1.9985,12.40,10.40
2007.04.17 09:52:09.269,1.99825,1.9985,12.40,10.40
2007.04.17 09:52:09.528,1.99825,1.9985,12.40,10.40
2007.04.17 09:52:10.732,1.99825,1.9985,9.20,10.40
2007.04.17 09:52:10.956,1.99825,1.9985,11.60,10.40
2007.04.17 09:52:11.286,1.99825,1.9984,9.20,2.40
2007.04.17 09:52:11.580,1.9983,1.9984,6.60,2.40
2007.04.17 09:52:11.794,1.99825,1.9984,10.80,2.40
2007.04.17 09:52:12.092,1.99825,1.9984,10.80,2.40
2007.04.17 09:52:17.589,1.99835,1.99855,7.70,3.20
2007.04.17 09:52:17.852,1.99835,1.9986,16.10,16.00
2007.04.17 09:52:18.134,1.99835,1.9985,7.60,10.40
2007.04.17 09:52:18.348,1.9983,1.9985,10.40,10.40
2007.04.17 09:52:18.796,1.99835,1.9984,1.60,2.40
2007.04.17 09:52:19.017,1.9983,1.9984,16.80,2.40
2007.04.17 09:52:19.238,1.99835,1.9986,5.20,18.40
2007.04.17 09:52:20.001,1.99835,1.9984,4.00,2.40
2007.04.17 09:52:20.215,1.99835,1.9984,3.20,2.40
2007.04.17 09:52:20.770,1.99825,1.9984,6.60,4.40
2007.04.17 09:52:20.985,1.99825,1.9984,14.50,4.40
2007.04.17 09:52:21.247,1.9982,1.9984,9.30,11.60
2007.04.17 09:52:21.503,1.99815,1.9984,8.40,11.60
2007.04.17 09:52:21.911,1.99815,1.9984,8.50,11.60
2007.04.17 09:52:22.183,1.99815,1.9983,5.00,4.00
2007.04.17 09:52:23.103,1.99815,1.9983,4.90,4.00
2007.04.17 09:52:23.348,1.99815,1.9983,4.30,4.00
2007.04.17 09:52:23.599,1.99815,1.9983,4.40,4.00
2007.04.17 09:52:23.897,1.99815,1.9983,11.30,4.00
2007.04.17 09:52:26.581,1.99815,1.9984,17.70,14.00
2007.04.17 09:52:26.871,1.99815,1.9984,17.70,10.00
2007.04.17 09:52:27.096,1.99815,1.9984,17.70,10.00
2007.04.17 09:52:27.322,1.99815,1.9984,17.80,6.80
2007.04.17 09:52:27.558,1.99815,1.9984,17.70,6.80
2007.04.17 09:52:27.826,1.9982,1.9984,12.40,4.40
2007.04.17 09:52:27.916,1.9982,1.9984,14.80,4.40
2007.04.17 09:52:28.196,1.9982,1.9984,19.00,10.00
2007.04.17 09:52:28.519,1.99825,1.9984,8.50,9.60
2007.04.17 09:52:28.770,1.99815,1.9984,10.60,15.20
2007.04.17 09:52:29.026,1.99815,1.9984,6.90,15.20
2007.04.17 09:52:29.239,1.99815,1.9984,7.70,15.20
2007.04.17 09:52:29.569,1.99815,1.9984,6.90,15.20
2007.04.17 09:52:29.788,1.99815,1.9984,4.50,15.20
2007.04.17 09:52:30.527,1.99815,1.9984,3.70,16.00
2007.04.17 09:52:30.895,1.99815,1.9984,3.70,15.20
2007.04.17 09:52:33.444,1.99815,1.9984,3.70,16.00
2007.04.17 09:52:43.793,1.9982,1.9984,0.60,18.40
2007.04.17 09:52:45.075,1.9982,1.9983,0.90,8.00
2007.04.17 09:52:48.171,1.9981,1.9983,16.00,8.00
2007.04.17 09:52:48.216,1.9981,1.9983,18.50,8.00
2007.04.17 09:52:48.379,1.9981,1.9983,6.70,8.80
2007.04.17 09:52:52.157,1.99815,1.9983,3.20,4.80
2007.04.17 09:52:52.435,1.99815,1.9983,3.60,5.20
2007.04.17 09:52:54.754,1.99815,1.9983,3.70,5.20
2007.04.17 09:52:58.751,1.99815,1.9982,1.30,4.00
2007.04.17 09:52:59.051,1.99805,1.9982,6.70,4.80
2007.04.17 09:52:59.265,1.99805,1.9983,7.50,9.20
2007.04.17 09:52:59.616,1.99805,1.9983,9.50,9.20
2007.04.17 09:52:59.940,1.99805,1.9983,9.50,11.60
2007.04.17 09:53:00.814,1.99805,1.9983,9.50,9.20
2007.04.17 09:53:06.787,1.99805,1.9983,9.50,11.60
2007.04.17 09:53:11.101,1.99805,1.9983,9.60,11.60
2007.04.17 09:53:14.756,1.99805,1.9983,8.80,11.60
2007.04.17 09:53:15.752,1.99805,1.9983,8.80,11.20
2007.04.17 09:53:16.085,1.99805,1.9983,8.80,11.20
2007.04.17 09:53:18.978,1.99805,1.9983,8.80,11.20
2007.04.17 09:53:19.389,1.99805,1.9983,8.80,11.20
2007.04.17 09:53:21.317,1.9981,1.9982,11.00,2.40
2007.04.17 09:53:21.381,1.9981,1.9983,11.20,10.40
2007.04.17 09:53:21.738,1.9981,1.99835,11.00,11.20
2007.04.17 09:53:22.050,1.9981,1.9984,11.90,21.60
2007.04.17 09:53:22.738,1.9981,1.9984,15.30,21.60
2007.04.17 09:53:23.270,1.9981,1.9984,19.10,21.60
2007.04.17 09:53:24.058,1.9981,1.9984,16.80,19.20
2007.04.17 09:53:24.737,1.99815,1.9984,6.20,15.20
2007.04.17 09:53:25.046,1.99815,1.9984,5.40,15.20
2007.04.17 09:53:25.255,1.9981,1.9984,25.10,16.00
2007.04.17 09:53:25.485,1.9981,1.9984,20.30,16.00
2007.04.17 09:53:25.736,1.99815,1.9984,1.30,15.20
2007.04.17 09:53:26.342,1.9981,1.9984,20.30,16.00
2007.04.17 09:53:27.288,1.9982,1.99845,11.70,10.40
2007.04.17 09:53:27.528,1.9982,1.99845,13.00,13.40
2007.04.17 09:53:27.750,1.9982,1.9984,5.80,15.60
2007.04.17 09:53:28.002,1.99815,1.9984,2.10,16.40
2007.04.17 09:53:28.308,1.9982,1.9984,1.60,16.40
2007.04.17 09:53:28.831,1.99815,1.9984,4.50,15.20
2007.04.17 09:53:29.380,1.9981,1.9984,24.70,16.00
2007.04.17 09:53:29.722,1.9981,1.9984,24.70,15.20
2007.04.17 09:53:30.958,1.9981,1.9984,24.70,17.60
2007.04.17 09:53:31.334,1.99815,1.99835,1.40,10.40
2007.04.17 09:53:32.379,1.99815,1.99835,1.40,15.20
2007.04.17 09:53:32.953,1.99815,1.99835,1.40,11.20
2007.04.17 09:53:35.031,1.99815,1.99835,1.10,8.80
2007.04.17 09:53:35.832,1.99815,1.99835,2.70,11.20
2007.04.17 09:53:36.072,1.99815,1.9984,4.40,17.60
2007.04.17 09:53:40.899,1.99815,1.9984,3.60,17.60
2007.04.17 09:53:58.955,1.99815,1.9983,3.90,6.40
2007.04.17 09:54:00.507,1.99815,1.9983,3.90,6.40
2007.04.17 09:54:00.802,1.9983,1.9984,3.80,4.00
2007.04.17 09:54:01.033,1.99825,1.9984,9.60,0.20
2007.04.17 09:54:01.626,1.99825,1.9985,12.00,17.60
2007.04.17 09:54:01.885,1.99825,1.9985,12.00,13.60
2007.04.17 09:54:01.917,1.99825,1.99855,20.00,18.40
2007.04.17 09:54:03.940,1.9983,1.99855,21.00,8.00
2007.04.17 09:54:04.272,1.99825,1.99855,22.10,8.80
2007.04.17 09:54:04.500,1.99825,1.99855,12.00,12.80
2007.04.17 09:54:08.267,1.99825,1.9985,12.00,10.90
2007.04.17 09:54:09.260,1.9983,1.99855,12.00,12.80
2007.04.17 09:54:09.484,1.99835,1.99855,1.00,9.60
2007.04.17 09:54:10.918,1.99835,1.99855,1.20,9.60
2007.04.17 09:54:11.174,1.9983,1.99855,10.80,14.40
2007.04.17 09:54:11.450,1.9983,1.99855,10.70,14.40
2007.04.17 09:54:11.745,1.99825,1.99855,12.80,14.40
2007.04.17 09:54:11.993,1.99825,1.99855,13.60,13.60
2007.04.17 09:54:12.251,1.9983,1.99855,13.90,13.60
2007.04.17 09:54:12.492,1.9983,1.99855,18.20,13.60
2007.04.17 09:54:12.711,1.9983,1.99855,10.90,13.60
2007.04.17 09:54:13.257,1.9983,1.99855,10.90,14.40
2007.04.17 09:54:13.525,1.9983,1.99855,10.90,13.60
2007.04.17 09:54:15.507,1.9983,1.99855,15.00,13.60
2007.04.17 09:54:16.119,1.99835,1.99855,1.20,13.60
2007.04.17 09:54:16.415,1.99835,1.99855,3.20,8.00
2007.04.17 09:54:17.834,1.99835,1.99855,3.20,8.00
2007.04.17 09:54:20.904,1.99835,1.99855,11.20,3.20
2007.04.17 09:54:21.147,1.99835,1.99865,20.50,8.80
2007.04.17 09:54:21.351,1.99835,1.99865,20.50,7.20
2007.04.17 09:54:21.563,1.9984,1.99865,19.30,4.80
2007.04.17 09:54:21.826,1.9984,1.99865,23.00,4.80
2007.04.17 09:54:22.110,1.9985,1.9987,10.20,12.00
2007.04.17 09:54:22.507,1.9985,1.9987,15.70,8.80
2007.04.17 09:54:22.769,1.9985,1.9987,15.00,8.80
2007.04.17 09:54:22.999,1.9985,1.9987,15.60,8.80
2007.04.17 09:54:23.218,1.9985,1.9987,18.30,8.80
2007.04.17 09:54:23.520,1.9985,1.9988,23.00,16.00
2007.04.17 09:54:23.759,1.9985,1.9988,22.00,16.00
2007.04.17 09:54:24.012,1.9985,1.9988,21.80,13.60
2007.04.17 09:54:24.879,1.99855,1.9988,10.00,10.40
2007.04.17 09:54:25.143,1.99855,1.99885,10.10,15.20
2007.04.17 09:54:25.363,1.99855,1.99885,10.90,19.20
2007.04.17 09:54:25.675,1.99855,1.99885,10.90,18.40
2007.04.17 09:54:26.021,1.99855,1.9988,10.90,14.40
2007.04.17 09:54:26.235,1.99855,1.99885,10.90,18.40
2007.04.17 09:54:28.485,1.99865,1.99885,3.20,15.20
2007.04.17 09:54:29.220,1.99865,1.99885,3.20,9.60
2007.04.17 09:54:29.492,1.99865,1.99885,3.20,8.80
2007.04.17 09:54:29.591,1.99865,1.99885,5.60,16.00
2007.04.17 09:54:30.880,1.99865,1.99885,6.40,8.80
2007.04.17 09:54:31.098,1.9986,1.99895,35.00,11.20
2007.04.17 09:54:31.314,1.9987,1.99895,13.00,11.20
2007.04.17 09:54:31.547,1.99865,1.99895,12.80,14.40
2007.04.17 09:54:31.787,1.9987,1.99895,9.60,12.00
2007.04.17 09:54:32.164,1.99865,1.99895,8.80,12.00
2007.04.17 09:54:32.433,1.99865,1.9989,8.20,11.20
2007.04.17 09:54:32.675,1.99865,1.9989,8.10,11.20
2007.04.17 09:54:32.957,1.99865,1.9989,16.80,10.40
2007.04.17 09:54:33.195,1.99865,1.99895,25.30,5.60
2007.04.17 09:54:33.461,1.99865,1.99895,28.70,3.20
2007.04.17 09:54:33.752,1.9987,1.99895,25.00,3.20
2007.04.17 09:54:34.016,1.9987,1.999,27.40,17.60
2007.04.17 09:54:34.477,1.99875,1.999,4.10,11.20
2007.04.17 09:54:34.681,1.99875,1.9989,4.10,3.20
2007.04.17 09:54:34.946,1.9987,1.9989,24.40,5.60
2007.04.17 09:54:35.158,1.99865,1.99895,29.30,6.40
2007.04.17 09:54:35.459,1.99865,1.9989,31.70,7.20
2007.04.17 09:54:36.079,1.99865,1.9989,31.70,6.40
2007.04.17 09:54:36.411,1.9987,1.9988,25.20,3.20
2007.04.17 09:54:36.615,1.9987,1.9988,3.90,2.40
2007.04.17 09:54:37.522,1.9987,1.9989,5.50,8.00
2007.04.17 09:54:37.728,1.9987,1.9989,6.30,7.20
2007.04.17 09:54:38.857,1.9987,1.9989,6.40,8.80
2007.04.17 09:54:39.069,1.99865,1.9988,6.40,4.00
2007.04.17 09:54:39.497,1.99865,1.9988,3.70,6.40
2007.04.17 09:54:39.777,1.99865,1.9988,3.20,6.40
2007.04.17 09:54:40.846,1.99865,1.9988,2.40,7.20
2007.04.17 09:54:41.440,1.99865,1.9988,2.40,8.80
2007.04.17 09:54:42.117,1.9986,1.9988,4.80,8.80
2007.04.17 09:54:42.330,1.99855,1.9988,8.80,8.80
2007.04.17 09:54:43.838,1.9986,1.9988,4.80,8.80
2007.04.17 09:54:47.488,1.99875,1.99885,4.00,1.60
2007.04.17 09:54:47.700,1.99875,1.9989,4.40,8.80
2007.04.17 09:54:49.817,1.9988,1.9989,1.90,8.80
2007.04.17 09:54:50.010,1.9988,1.9989,0.80,12.00
2007.04.17 09:54:50.216,1.9986,1.9989,35.30,11.20
2007.04.17 09:54:51.410,1.9988,1.9989,0.50,11.20
2007.04.17 09:54:52.021,1.99875,1.9989,2.40,8.80
2007.04.17 09:54:52.278,1.9987,1.9989,10.30,8.80
2007.04.17 09:54:52.579,1.9987,1.9989,10.30,8.80
2007.04.17 09:54:53.465,1.99875,1.9989,0.50,12.00
2007.04.17 09:54:54.457,1.99865,1.9989,6.30,12.00
2007.04.17 09:54:57.114,1.9987,1.9989,1.60,14.40
2007.04.17 09:54:59.111,1.9987,1.9989,1.00,14.40
2007.04.17 09:54:59.434,1.99865,1.9989,6.20,14.40
2007.04.17 09:55:01.760,1.9987,1.9989,1.50,14.40
2007.04.17 09:55:01.998,1.9987,1.9989,0.60,14.40
2007.04.17 09:55:02.526,1.9987,1.9988,0.90,4.80
2007.04.17 09:55:03.115,1.9987,1.9988,2.00,4.00
2007.04.17 09:55:04.109,1.9986,1.9988,31.60,4.00
2007.04.17 09:55:04.311,1.99865,1.9988,4.10,4.00
2007.04.17 09:55:04.531,1.99865,1.9988,5.10,4.00
2007.04.17 09:55:04.778,1.99865,1.9988,4.30,4.80
2007.04.17 09:55:05.766,1.9987,1.9988,0.50,0.90
2007.04.17 09:55:16.731,1.9987,1.9988,0.90,0.50
2007.04.17 09:55:19.636,1.99865,1.9989,5.80,20.00
2007.04.17 09:55:19.999,1.99865,1.9989,5.60,24.40
2007.04.17 09:55:23.045,1.9986,1.9988,12.40,13.60
2007.04.17 09:55:23.247,1.99865,1.9987,0.80,0.60
2007.04.17 09:55:23.532,1.9986,1.9987,0.80,0.70
2007.04.17 09:55:24.036,1.9985,1.99875,12.60,12.80
2007.04.17 09:55:24.505,1.9986,1.9987,0.90,0.80
2007.04.17 09:55:24.994,1.99855,1.9988,2.40,27.60
2007.04.17 09:55:26.334,1.9986,1.9987,0.90,0.90
2007.04.17 09:55:26.540,1.9986,1.9987,0.70,0.80
2007.04.17 09:55:27.281,1.9986,1.9987,1.60,0.50
2007.04.17 09:55:27.505,1.9986,1.9988,1.70,34.80
2007.04.17 09:55:27.716,1.9986,1.9987,1.60,0.50
2007.04.17 09:55:30.821,1.9986,1.9987,0.50,0.50
2007.04.17 09:55:31.027,1.9986,1.9987,0.70,0.50
2007.04.17 09:55:33.352,1.99855,1.99865,0.50,0.20
2007.04.17 09:55:34.281,1.9986,1.9987,0.80,0.50
2007.04.17 09:55:34.495,1.9986,1.9987,0.80,0.90
2007.04.17 09:55:34.729,1.9985,1.99875,15.60,11.20
2007.04.17 09:55:34.984,1.9985,1.9987,15.30,8.80
2007.04.17 09:55:35.599,1.99855,1.9987,0.90,8.00
2007.04.17 09:55:36.009,1.99855,1.9987,0.80,8.00
2007.04.17 09:55:36.459,1.9985,1.9987,1.10,8.80
2007.04.17 09:55:36.666,1.9985,1.9987,0.70,8.80
2007.04.17 09:55:37.337,1.99845,1.9987,6.60,8.80
2007.04.17 09:55:37.564,1.9985,1.9987,4.30,8.80
2007.04.17 09:55:38.102,1.9985,1.9987,0.50,12.00
2007.04.17 09:55:38.338,1.9985,1.9987,1.30,12.00
2007.04.17 09:55:38.641,1.9985,1.9987,1.20,11.20
2007.04.17 09:55:38.859,1.9985,1.9987,1.30,13.60
2007.04.17 09:55:39.553,1.9985,1.9987,0.80,15.20
2007.04.17 09:55:40.006,1.9985,1.9987,0.90,15.20
2007.04.17 09:55:40.650,1.9985,1.9987,0.30,13.60
2007.04.17 09:55:40.920,1.99845,1.9987,3.30,10.40
2007.04.17 09:55:42.345,1.9985,1.9987,0.90,13.60
2007.04.17 09:55:42.678,1.99845,1.9986,3.30,6.40
2007.04.17 09:55:42.895,1.9984,1.9986,12.40,7.20
2007.04.17 09:55:43.100,1.99845,1.9986,0.70,7.20
2007.04.17 09:55:44.998,1.9984,1.9986,12.40,8.00
2007.04.17 09:55:45.287,1.9984,1.9986,0.50,8.00
2007.04.17 09:55:45.517,1.99845,1.99865,4.80,4.00
2007.04.17 09:55:45.741,1.99845,1.9987,4.80,15.20
2007.04.17 09:55:45.970,1.99845,1.9987,4.80,20.80
2007.04.17 09:55:46.190,1.99835,1.9985,0.80,11.20
2007.04.17 09:55:46.231,1.9983,1.99855,19.90,15.20
2007.04.17 09:55:46.514,1.9983,1.99855,19.90,13.60
2007.04.17 09:55:47.324,1.99835,1.99855,3.20,14.40
2007.04.17 09:55:47.552,1.9983,1.99855,8.40,14.40
2007.04.17 09:55:48.283,1.9983,1.99855,8.40,14.40
2007.04.17 09:55:48.496,1.9983,1.99855,7.60,16.00
2007.04.17 09:55:48.989,1.99835,1.99855,2.40,11.20
2007.04.17 09:55:49.245,1.99835,1.99865,4.80,17.60
2007.04.17 09:55:49.560,1.9983,1.9985,14.00,12.80
2007.04.17 09:55:49.777,1.99825,1.99845,3.20,11.20
2007.04.17 09:55:50.272,1.99825,1.99845,5.60,11.20
2007.04.17 09:55:50.629,1.9982,1.99845,10.10,14.40
2007.04.17 09:55:50.850,1.99815,1.99845,12.00,13.60
2007.04.17 09:55:51.163,1.99815,1.99845,11.20,12.80
2007.04.17 09:55:51.426,1.99815,1.99845,12.00,13.60
2007.04.17 09:55:51.643,1.99815,1.99845,12.00,10.40
2007.04.17 09:55:52.123,1.99825,1.99845,1.20,10.40
2007.04.17 09:55:52.328,1.99825,1.9985,3.00,16.40
2007.04.17 09:55:52.589,1.99825,1.9986,16.70,27.50
2007.04.17 09:55:52.894,1.99825,1.99855,7.40,8.80
2007.04.17 09:55:53.178,1.9983,1.99855,15.60,6.40
2007.04.17 09:55:53.711,1.9983,1.9986,22.60,14.40
2007.04.17 09:55:54.233,1.9984,1.99865,9.00,13.60
2007.04.17 09:55:54.506,1.99835,1.99865,13.30,12.80
2007.04.17 09:55:54.718,1.9984,1.99865,8.80,10.40
2007.04.17 09:55:54.925,1.9984,1.99865,8.50,12.00
2007.04.17 09:55:55.135,1.99835,1.99855,6.90,6.40
2007.04.17 09:55:55.365,1.99835,1.99855,2.90,7.20
2007.04.17 09:55:55.576,1.99835,1.99855,3.60,7.20
2007.04.17 09:55:57.593,1.99835,1.9986,10.90,16.40
2007.04.17 09:55:57.814,1.99835,1.99865,15.70,13.60
2007.04.17 09:55:58.037,1.99835,1.9986,12.40,12.80
2007.04.17 09:55:58.291,1.9983,1.99855,28.50,9.60
2007.04.17 09:55:58.553,1.9983,1.99855,26.50,12.00
2007.04.17 09:55:58.962,1.99825,1.99855,29.00,12.80
2007.04.17 09:55:59.172,1.9983,1.99855,17.40,16.00
2007.04.17 09:55:59.407,1.99825,1.99855,13.30,16.00
2007.04.17 09:55:59.849,1.99825,1.99855,16.50,16.00
2007.04.17 09:56:00.173,1.99825,1.99855,15.70,16.00
2007.04.17 09:56:00.907,1.9983,1.99855,14.10,16.80
2007.04.17 09:56:01.289,1.9983,1.99855,12.50,16.80
2007.04.17 09:56:01.623,1.9983,1.99855,9.30,16.80
2007.04.17 09:56:01.954,1.9983,1.99855,9.30,16.00
2007.04.17 09:56:02.267,1.9983,1.99855,13.30,16.00
2007.04.17 09:56:03.161,1.9983,1.99845,10.90,7.20
2007.04.17 09:56:03.379,1.9983,1.99845,7.70,7.20
2007.04.17 09:56:07.555,1.9983,1.99845,7.70,3.20
2007.04.17 09:56:07.927,1.9983,1.99845,7.80,3.20
2007.04.17 09:56:08.159,1.9984,1.99855,0.60,9.60
2007.04.17 09:56:08.757,1.9984,1.99855,0.60,14.40
2007.04.17 09:56:10.798,1.9984,1.99855,0.60,10.40
2007.04.17 09:56:11.127,1.9984,1.99855,0.60,13.60
2007.04.17 09:56:11.538,1.99835,1.99855,3.00,24.80
2007.04.17 09:56:17.571,1.99835,1.99855,3.00,11.20
2007.04.17 09:56:17.887,1.99835,1.99855,3.10,11.20
2007.04.17 09:56:18.238,1.99835,1.99855,3.00,11.20
2007.04.17 09:56:18.721,1.9983,1.99845,12.60,3.20
2007.04.17 09:56:18.997,1.9983,1.99845,11.80,7.20
2007.04.17 09:56:19.238,1.99835,1.9985,3.40,10.80
2007.04.17 09:56:19.457,1.99835,1.99855,3.80,12.00
2007.04.17 09:56:19.730,1.9983,1.99855,18.60,11.20
2007.04.17 09:56:20.169,1.9983,1.99855,18.60,11.20
2007.04.17 09:56:21.227,1.9983,1.99855,14.80,12.00
2007.04.17 09:56:23.156,1.99835,1.99855,3.00,9.60
2007.04.17 09:56:23.553,1.99835,1.99855,3.00,8.80
2007.04.17 09:56:26.541,1.99835,1.99855,3.00,7.20
2007.04.17 09:56:27.544,1.9984,1.99855,5.50,7.20
2007.04.17 09:56:27.809,1.99845,1.9986,1.60,12.80
2007.04.17 09:56:28.205,1.99845,1.99865,1.60,13.60
2007.04.17 09:56:28.693,1.99845,1.99865,1.60,16.00
2007.04.17 09:56:29.220,1.99845,1.99865,1.60,13.60
2007.04.17 09:56:30.539,1.99845,1.99865,1.60,16.00
2007.04.17 09:56:34.783,1.99835,1.9986,6.30,13.60
2007.04.17 09:56:35.182,1.99835,1.9986,5.40,16.40
2007.04.17 09:56:35.847,1.9984,1.9986,4.90,15.60
2007.04.17 09:56:36.075,1.9984,1.9986,6.50,19.60
2007.04.17 09:56:36.347,1.9984,1.99855,1.50,7.20
2007.04.17 09:56:37.181,1.99835,1.99855,3.00,3.20
2007.04.17 09:56:37.645,1.99835,1.99855,3.00,7.20
2007.04.17 09:56:44.833,1.99835,1.99855,2.90,7.20
2007.04.17 09:56:45.155,1.99835,1.99855,2.90,7.20
2007.04.17 09:56:46.820,1.99835,1.99855,2.90,7.20
2007.04.17 09:56:57.783,1.99835,1.9985,2.40,4.80
2007.04.17 09:56:57.831,1.99835,1.99855,3.20,7.20
2007.04.17 09:56:58.087,1.99825,1.99855,27.50,8.80
2007.04.17 09:56:58.302,1.99825,1.99855,22.50,8.80
2007.04.17 09:56:59.107,1.99825,1.99855,23.30,9.60
2007.04.17 09:56:59.764,1.9983,1.99855,16.40,9.60
2007.04.17 09:57:01.425,1.9983,1.99855,17.20,9.60
2007.04.17 09:57:02.373,1.99835,1.99855,0.80,9.60
2007.04.17 09:57:02.753,1.9984,1.99855,0.20,4.00
2007.04.17 09:57:02.995,1.9984,1.99855,0.30,4.00
2007.04.17 09:57:03.414,1.9984,1.99855,0.50,4.00
2007.04.17 09:57:04.605,1.9983,1.99855,28.30,7.20
2007.04.17 09:57:09.728,1.9983,1.99855,24.90,7.20
2007.04.17 09:57:09.986,1.9983,1.99855,20.80,9.60
2007.04.17 09:57:10.232,1.99825,1.99855,22.50,9.60
2007.04.17 09:57:10.690,1.99825,1.99855,21.70,9.60
2007.04.17 09:57:12.418,1.99825,1.99855,21.70,9.60
2007.04.17 09:57:13.064,1.99825,1.99855,21.70,9.60
2007.04.17 09:57:13.392,1.99825,1.99855,20.90,9.60
2007.04.17 09:57:15.054,1.99825,1.99855,14.00,14.40
2007.04.17 09:57:15.316,1.9982,1.99845,28.00,8.00
2007.04.17 09:57:15.571,1.9982,1.99845,19.90,8.80
2007.04.17 09:57:17.918,1.9982,1.99845,20.30,8.00
2007.04.17 09:57:18.698,1.99825,1.9985,10.30,20.40
2007.04.17 09:57:18.958,1.99825,1.99855,10.30,16.80
2007.04.17 09:57:19.265,1.99825,1.9985,7.90,19.20
2007.04.17 09:57:19.702,1.99825,1.9985,5.50,21.20
2007.04.17 09:57:20.225,1.99825,1.9985,6.30,17.20
2007.04.17 09:57:20.703,1.99825,1.9985,8.70,17.20
2007.04.17 09:57:21.031,1.99825,1.9985,15.00,18.00
2007.04.17 09:57:21.321,1.9983,1.9985,9.00,15.60
2007.04.17 09:57:21.535,1.9983,1.99855,8.30,16.80
2007.04.17 09:57:21.775,1.99825,1.9985,8.00,15.60
2007.04.17 09:57:22.247,1.99825,1.9985,8.80,13.20
2007.04.17 09:57:22.505,1.99825,1.99855,10.40,12.80
2007.04.17 09:57:22.848,1.99825,1.99855,8.80,15.20
2007.04.17 09:57:23.333,1.99825,1.99855,9.60,15.20
2007.04.17 09:57:24.357,1.99825,1.99855,8.00,15.20
2007.04.17 09:57:26.607,1.99825,1.99855,9.60,16.00
2007.04.17 09:57:27.187,1.99825,1.99855,8.00,16.00
2007.04.17 09:57:27.884,1.99825,1.99855,8.80,16.00
2007.04.17 09:57:28.340,1.99825,1.99855,9.60,16.00
2007.04.17 09:57:28.914,1.99825,1.99855,9.20,16.00
2007.04.17 09:57:29.324,1.99825,1.99855,8.00,16.00
2007.04.17 09:57:30.001,1.99825,1.99855,8.00,16.00
2007.04.17 09:57:31.006,1.99825,1.99855,8.00,16.00
2007.04.17 09:57:31.666,1.99825,1.99855,8.00,16.00
2007.04.17 09:57:32.657,1.99825,1.9985,8.00,13.20
2007.04.17 09:57:34.654,1.99825,1.9985,8.10,15.60
2007.04.17 09:57:35.932,1.99825,1.99855,12.50,16.80
2007.04.17 09:57:36.137,1.9983,1.99855,10.90,16.00
2007.04.17 09:57:36.622,1.9983,1.99855,11.30,16.00
2007.04.17 09:57:36.868,1.9983,1.99855,11.70,16.00
2007.04.17 09:57:37.867,1.99835,1.99855,0.80,15.20
2007.04.17 09:57:38.377,1.99835,1.99855,0.80,12.80
2007.04.17 09:57:39.646,1.9983,1.99855,10.00,12.80
2007.04.17 09:57:39.970,1.99835,1.99855,0.80,12.80
2007.04.17 09:57:40.300,1.99835,1.99855,0.80,15.20
2007.04.17 09:57:40.636,1.99835,1.99855,0.80,12.80
2007.04.17 09:57:41.245,1.99835,1.99855,2.40,12.80
2007.04.17 09:57:42.298,1.99835,1.99855,0.80,12.80
2007.04.17 09:57:42.759,1.9983,1.99855,12.50,12.80
2007.04.17 09:57:43.085,1.9983,1.99855,12.40,12.80
2007.04.17 09:57:43.605,1.9983,1.99855,12.10,12.80
2007.04.17 09:57:45.298,1.99835,1.99855,0.80,13.60
2007.04.17 09:57:45.555,1.99835,1.99855,2.40,12.00
2007.04.17 09:57:47.869,1.99835,1.99855,0.80,13.60
2007.04.17 09:57:48.176,1.9983,1.99855,13.60,13.60
2007.04.17 09:57:48.402,1.9983,1.99855,13.60,13.60
2007.04.17 09:57:48.614,1.99835,1.99855,0.80,13.60
2007.04.17 09:57:49.228,1.99835,1.99855,2.40,12.00
2007.04.17 09:57:49.602,1.99835,1.99855,0.80,13.60
2007.04.17 09:57:51.483,1.9983,1.99855,13.60,13.60
2007.04.17 09:57:52.930,1.99825,1.99855,15.20,22.40
2007.04.17 09:57:53.689,1.99825,1.99855,11.20,13.60
2007.04.17 09:57:53.951,1.99825,1.99855,22.40,9.60
2007.04.17 09:57:54.304,1.9983,1.9986,24.80,33.20
2007.04.17 09:57:54.997,1.9983,1.9986,24.80,31.60
2007.04.17 09:57:56.099,1.99835,1.9986,4.80,31.60
2007.04.17 09:57:58.754,1.9983,1.9986,24.00,32.40
2007.04.17 09:57:59.345,1.9983,1.99855,23.20,4.00
2007.04.17 09:58:00.024,1.99825,1.99855,26.50,8.00
2007.04.17 09:58:02.063,1.9983,1.9985,2.90,7.20
2007.04.17 09:58:02.167,1.99825,1.99855,26.50,8.00
2007.04.17 09:58:02.419,1.9983,1.99855,22.80,4.00
2007.04.17 09:58:03.751,1.99825,1.99855,21.70,8.00
2007.04.17 09:58:08.404,1.99825,1.9985,20.90,11.20
2007.04.17 09:58:08.739,1.99825,1.9985,12.00,13.20
2007.04.17 09:58:08.957,1.99825,1.9985,7.90,20.40
2007.04.17 09:58:15.374,1.99825,1.99845,7.80,7.20
2007.04.17 09:58:15.606,1.99825,1.99845,7.60,7.20
2007.04.17 09:58:18.672,1.9982,1.99845,25.60,12.00
2007.04.17 09:58:18.978,1.9982,1.99845,24.80,12.00
2007.04.17 09:58:20.021,1.99825,1.99845,6.00,10.40
2007.04.17 09:58:20.264,1.99825,1.99845,5.20,10.40
2007.04.17 09:58:20.977,1.99825,1.99845,6.00,10.40
2007.04.17 09:58:21.712,1.9983,1.99845,4.40,10.40
2007.04.17 09:58:23.370,1.9983,1.99845,3.60,10.40
2007.04.17 09:58:24.365,1.9983,1.9985,3.60,21.20
2007.04.17 09:58:24.904,1.9983,1.9985,3.60,17.20
2007.04.17 09:58:25.364,1.9983,1.9985,11.60,10.40
2007.04.17 09:58:25.923,1.99835,1.99855,1.60,6.40
2007.04.17 09:58:28.352,1.9984,1.9986,11.40,12.00
2007.04.17 09:58:28.946,1.9984,1.9986,0.30,14.40
2007.04.17 09:58:29.664,1.99835,1.9986,1.60,14.40
2007.04.17 09:58:30.341,1.99835,1.99865,1.60,15.20
2007.04.17 09:58:30.865,1.99835,1.9986,1.60,14.40
2007.04.17 09:58:31.876,1.99835,1.9986,1.60,16.40
2007.04.17 09:58:32.170,1.9984,1.9986,0.30,16.40
2007.04.17 09:58:32.434,1.9984,1.99865,0.30,14.40
2007.04.17 09:58:33.017,1.9984,1.99865,0.30,17.60
2007.04.17 09:58:33.350,1.9984,1.9986,0.30,15.20
2007.04.17 09:58:33.680,1.9984,1.9986,4.50,15.20
2007.04.17 09:58:34.309,1.9984,1.9986,3.10,17.20
2007.04.17 09:58:35.237,1.9984,1.9985,3.20,12.80
2007.04.17 09:58:35.458,1.9984,1.9985,0.20,20.80
2007.04.17 09:58:35.674,1.9983,1.9985,7.60,28.40
2007.04.17 09:58:36.007,1.9983,1.99845,8.40,4.00
2007.04.17 09:58:36.228,1.9983,1.99845,12.20,1.60
2007.04.17 09:58:37.216,1.9983,1.99845,12.70,3.00
2007.04.17 09:58:37.497,1.9983,1.99845,11.90,3.00
2007.04.17 09:58:37.830,1.9984,1.99855,0.20,11.20
2007.04.17 09:58:38.036,1.9984,1.99855,0.20,11.20
2007.04.17 09:58:38.331,1.9984,1.99855,0.20,10.40
2007.04.17 09:58:41.983,1.9984,1.99855,0.20,10.00
2007.04.17 09:58:42.225,1.9983,1.99855,16.80,10.00
2007.04.17 09:58:42.440,1.9984,1.99855,0.20,10.00
2007.04.17 09:58:42.758,1.9984,1.99855,0.70,10.00
2007.04.17 09:58:42.978,1.9984,1.9985,0.70,14.00
2007.04.17 09:58:43.187,1.9983,1.9985,16.90,14.00
2007.04.17 09:58:43.394,1.9983,1.9985,16.80,14.00
2007.04.17 09:58:43.896,1.9983,1.9985,8.00,21.20
2007.04.17 09:58:44.124,1.9983,1.9985,6.40,22.00
2007.04.17 09:58:44.394,1.9983,1.9985,6.40,24.40
2007.04.17 09:58:45.938,1.9983,1.9985,6.40,24.00
2007.04.17 09:58:47.299,1.9983,1.9985,6.40,23.70
2007.04.17 09:58:49.930,1.9983,1.9985,6.40,22.40
2007.04.17 09:58:50.954,1.9983,1.9985,7.20,22.40
2007.04.17 09:58:51.516,1.9983,1.99855,4.80,16.80
2007.04.17 09:58:51.842,1.9983,1.99855,6.40,16.80
2007.04.17 09:58:52.536,1.9983,1.99855,8.80,15.20
2007.04.17 09:58:53.938,1.9983,1.99855,9.60,15.20
2007.04.17 09:59:00.251,1.9983,1.99855,9.60,14.40
2007.04.17 09:59:02.547,1.9983,1.9985,9.60,15.20
2007.04.17 09:59:02.861,1.9983,1.9985,8.80,15.20
2007.04.17 09:59:05.167,1.9983,1.9985,8.90,15.20
2007.04.17 09:59:05.899,1.9983,1.9985,6.50,16.00
2007.04.17 09:59:06.895,1.9983,1.9985,5.70,16.00
2007.04.17 09:59:07.442,1.9983,1.9985,4.10,18.40
2007.04.17 09:59:08.116,1.9983,1.9985,4.10,20.40
2007.04.17 09:59:09.908,1.9983,1.99845,4.10,11.60
2007.04.17 09:59:10.908,1.9983,1.99845,4.10,4.80
2007.04.17 09:59:11.458,1.9983,1.99855,4.10,15.20
2007.04.17 09:59:16.893,1.9983,1.99855,4.10,16.40
2007.04.17 09:59:17.219,1.9983,1.99855,4.90,16.40
2007.04.17 09:59:19.543,1.9983,1.99855,4.90,16.10
2007.04.17 09:59:22.012,1.9983,1.9985,4.90,13.70
2007.04.17 09:59:24.463,1.9983,1.9985,6.50,11.30
2007.04.17 09:59:25.137,1.9983,1.99855,6.50,13.70
2007.04.17 09:59:26.444,1.9983,1.99855,6.50,13.70
2007.04.17 09:59:27.209,1.9983,1.99855,6.50,13.60
2007.04.17 09:59:29.876,1.9983,1.99855,10.50,13.60
2007.04.17 09:59:30.384,1.9983,1.99855,6.50,13.60
2007.04.17 09:59:31.452,1.9983,1.99855,6.50,13.60
2007.04.17 09:59:34.299,1.9983,1.99855,6.50,13.60
2007.04.17 09:59:35.398,1.9983,1.99855,6.80,13.60
2007.04.17 09:59:38.604,1.99825,1.99855,9.20,24.00
2007.04.17 09:59:40.450,1.99825,1.99855,12.40,13.60
2007.04.17 09:59:40.771,1.99825,1.99855,13.20,13.60
2007.04.17 09:59:41.059,1.9983,1.99855,17.70,13.60
2007.04.17 09:59:41.362,1.9983,1.99855,16.00,13.60
2007.04.17 09:59:41.584,1.9983,1.99855,15.30,15.20
2007.04.17 09:59:41.821,1.9983,1.99855,20.10,15.20
2007.04.17 09:59:43.479,1.9983,1.99855,19.40,13.60
2007.04.17 09:59:43.820,1.9983,1.99855,19.00,13.60
2007.04.17 09:59:57.420,1.9984,1.9985,0.30,6.40
2007.04.17 09:59:57.450,1.99835,1.99855,2.70,11.20
2007.04.17 09:59:57.496,1.99835,1.99855,3.00,17.60
2007.04.17 09:59:59.085,1.99835,1.99855,2.60,11.20
2007.04.17 09:59:59.409,1.9983,1.99855,22.00,11.20
