2015.11.17 10:00:00.404,1.52113,1.52127,1.75,1.00
2015.11.17 10:00:00.780,1.52118,1.5213,1.00,1.87
2015.11.17 10:00:01.047,1.52121,1.5213,1.00,1.37
2015.11.17 10:00:01.976,1.52121,1.52129,1.00,1.37
2015.11.17 10:00:02.487,1.52121,1.5213,1.00,1.37
2015.11.17 10:00:02.792,1.52123,1.52129,1.00,1.37
2015.11.17 10:00:03.571,1.52123,1.5213,1.00,1.37
2015.11.17 10:00:03.874,1.52122,1.52128,1.00,1.37
2015.11.17 10:00:04.308,1.52119,1.52128,1.50,1.37
2015.11.17 10:00:04.561,1.52121,1.52131,1.00,1.37
2015.11.17 10:00:04.967,1.52122,1.52133,1.00,2.62
2015.11.17 10:00:05.481,1.52123,1.52133,1.00,1.87
2015.11.17 10:00:05.989,1.52125,1.52135,1.00,1.37
2015.11.17 10:00:06.040,1.52125,1.52135,1.00,1.50
2015.11.17 10:00:06.403,1.52123,1.52134,1.50,1.50
2015.11.17 10:00:06.505,1.52123,1.52132,1.50,1.00
2015.11.17 10:00:06.809,1.52123,1.52134,1.00,1.50
2015.11.17 10:00:06.911,1.52124,1.52132,1.00,1.00
2015.11.17 10:00:07.232,1.52126,1.52134,1.00,1.00
2015.11.17 10:00:07.741,1.52124,1.52134,1.00,1.00
2015.11.17 10:00:08.247,1.52123,1.52133,1.00,1.00
2015.11.17 10:00:09.189,1.52124,1.52133,1.00,1.00
2015.11.17 10:00:10.935,1.52125,1.52133,1.00,1.00
2015.11.17 10:00:11.191,1.52125,1.52135,1.00,1.00
2015.11.17 10:00:11.697,1.52126,1.52136,1.50,1.50
2015.11.17 10:00:11.919,1.52129,1.52137,1.00,1.00
2015.11.17 10:00:12.020,1.5213,1.52139,1.00,1.00
2015.11.17 10:00:12.191,1.52128,1.52137,1.37,1.00
2015.11.17 10:00:12.292,1.52127,1.52137,1.00,2.25
2015.11.17 10:00:12.496,1.52126,1.52134,1.37,1.00
2015.11.17 10:00:12.749,1.52125,1.52134,1.00,1.50
2015.11.17 10:00:13.421,1.52124,1.52134,1.87,1.50
2015.11.17 10:00:14.332,1.52125,1.52134,1.00,1.00
2015.11.17 10:00:14.534,1.52128,1.52134,1.00,1.00
2015.11.17 10:00:15.112,1.52125,1.52134,1.00,1.50
2015.11.17 10:00:15.163,1.52125,1.52134,1.00,5.25
2015.11.17 10:00:15.366,1.52122,1.52131,1.87,1.50
2015.11.17 10:00:15.569,1.52121,1.5213,1.00,4.50
2015.11.17 10:00:15.848,1.52119,1.52128,1.00,1.87
2015.11.17 10:00:16.002,1.52118,1.52127,1.00,1.50
2015.11.17 10:00:16.308,1.52115,1.52122,1.50,1.37
2015.11.17 10:00:16.664,1.52113,1.5212,2.25,3.75
2015.11.17 10:00:16.766,1.52115,1.52122,1.12,3.75
2015.11.17 10:00:17.440,1.52112,1.52122,1.50,3.75
2015.11.17 10:00:17.542,1.5211,1.5212,2.25,3.00
2015.11.17 10:00:17.594,1.5211,1.52119,1.12,1.37
2015.11.17 10:00:17.900,1.5211,1.52118,1.00,3.75
2015.11.17 10:00:18.768,1.52107,1.52117,1.50,2.25
2015.11.17 10:00:18.921,1.52107,1.52115,1.00,3.75
2015.11.17 10:00:19.023,1.52108,1.52117,1.00,4.50
2015.11.17 10:00:19.952,1.5211,1.52117,1.00,3.75
2015.11.17 10:00:20.004,1.5211,1.52117,1.50,1.00
2015.11.17 10:00:20.105,1.5211,1.5212,1.00,1.50
2015.11.17 10:00:20.636,1.52109,1.52118,1.37,1.00
2015.11.17 10:00:23.787,1.52111,1.5212,1.00,4.50
2015.11.17 10:00:23.946,1.52111,1.52121,1.37,1.37
2015.11.17 10:00:24.656,1.5211,1.52119,4.87,1.00
2015.11.17 10:00:24.707,1.5211,1.52119,1.87,1.12
2015.11.17 10:00:25.249,1.5211,1.5212,1.87,1.87
2015.11.17 10:00:25.755,1.52111,1.52121,1.00,1.50
2015.11.17 10:00:25.907,1.5211,1.5212,1.87,3.37
2015.11.17 10:00:26.218,1.52108,1.52117,3.75,1.87
2015.11.17 10:00:26.421,1.52108,1.52119,5.25,3.00
2015.11.17 10:00:26.523,1.52108,1.52118,2.25,4.12
2015.11.17 10:00:27.296,1.52108,1.52118,4.87,1.00
2015.11.17 10:00:29.237,1.52108,1.52118,3.00,4.12
2015.11.17 10:00:29.760,1.52108,1.52118,3.37,4.50
2015.11.17 10:00:29.811,1.52109,1.52118,1.00,1.00
2015.11.17 10:00:30.319,1.52109,1.52119,1.00,2.62
2015.11.17 10:00:30.949,1.5211,1.52119,1.50,2.62
2015.11.17 10:00:31.458,1.5211,1.52119,1.87,1.50
2015.11.17 10:00:32.019,1.52111,1.52121,1.00,1.50
2015.11.17 10:00:32.529,1.5211,1.52121,1.87,1.50
2015.11.17 10:00:34.121,1.52111,1.52121,1.00,1.50
2015.11.17 10:00:35.477,1.5211,1.52122,1.87,6.00
2015.11.17 10:00:36.163,1.52113,1.52122,1.50,5.25
2015.11.17 10:00:36.467,1.52112,1.52118,1.50,1.00
2015.11.17 10:00:37.433,1.52112,1.52119,1.00,1.00
2015.11.17 10:00:37.586,1.52109,1.52119,1.50,1.00
2015.11.17 10:00:40.147,1.52111,1.52121,1.00,1.00
2015.11.17 10:00:40.653,1.5211,1.52121,1.12,2.25
2015.11.17 10:00:41.173,1.5211,1.52121,1.50,1.12
2015.11.17 10:00:42.034,1.52109,1.5212,1.50,1.12
2015.11.17 10:00:42.550,1.52109,1.52119,1.00,1.50
2015.11.17 10:00:43.158,1.52107,1.52119,6.37,4.50
2015.11.17 10:00:43.572,1.52111,1.52119,1.00,4.50
2015.11.17 10:00:43.673,1.52112,1.52119,1.12,1.00
2015.11.17 10:00:43.724,1.52114,1.52121,1.00,4.12
2015.11.17 10:00:43.776,1.52114,1.52121,1.00,1.00
2015.11.17 10:00:43.827,1.52117,1.52125,1.00,3.75
2015.11.17 10:00:43.929,1.52114,1.52125,2.25,3.37
2015.11.17 10:00:43.980,1.52114,1.52126,2.25,2.25
2015.11.17 10:00:44.828,1.52113,1.52121,4.50,1.00
2015.11.17 10:00:44.981,1.5211,1.52121,1.87,1.87
2015.11.17 10:00:45.033,1.5211,1.52121,1.87,5.25
2015.11.17 10:00:45.439,1.52108,1.52118,1.12,1.12
2015.11.17 10:00:45.844,1.52106,1.52116,2.25,1.00
2015.11.17 10:00:46.164,1.52104,1.52114,2.62,4.87
2015.11.17 10:00:46.468,1.52108,1.52119,1.87,5.25
2015.11.17 10:00:46.721,1.52112,1.52123,2.25,1.87
2015.11.17 10:00:46.772,1.52112,1.52117,1.00,1.00
2015.11.17 10:00:46.875,1.52112,1.52122,1.50,1.50
2015.11.17 10:00:46.976,1.52111,1.52122,1.37,4.50
2015.11.17 10:00:47.543,1.52114,1.52122,1.00,3.75
2015.11.17 10:00:47.848,1.52127,1.52135,1.00,1.50
2015.11.17 10:00:48.347,1.52124,1.52135,1.00,4.50
2015.11.17 10:00:48.549,1.52122,1.52132,1.87,3.75
2015.11.17 10:00:50.528,1.5212,1.5213,3.00,1.00
2015.11.17 10:00:52.152,1.5212,1.52129,1.00,3.75
2015.11.17 10:00:52.456,1.52116,1.52127,1.00,4.12
2015.11.17 10:00:52.558,1.52115,1.52123,1.50,1.00
2015.11.17 10:00:52.964,1.52117,1.52126,1.00,1.50
2015.11.17 10:00:53.482,1.52118,1.52127,1.00,1.00
2015.11.17 10:00:53.786,1.52118,1.52125,1.12,1.00
2015.11.17 10:00:53.989,1.52115,1.52124,1.87,1.00
2015.11.17 10:00:54.192,1.52112,1.52124,4.50,6.00
2015.11.17 10:00:54.515,1.52111,1.52122,1.87,3.75
2015.11.17 10:00:55.022,1.52112,1.52122,2.25,1.50
2015.11.17 10:00:55.529,1.52112,1.52121,1.00,1.12
2015.11.17 10:00:56.042,1.52111,1.52121,2.25,1.87
2015.11.17 10:00:56.347,1.52119,1.52127,1.00,1.00
2015.11.17 10:00:56.871,1.52119,1.5213,1.00,4.87
2015.11.17 10:00:58.455,1.52121,1.5213,1.00,3.75
2015.11.17 10:00:58.960,1.52125,1.5213,1.00,3.75
2015.11.17 10:00:59.011,1.52122,1.5213,1.87,3.75
2015.11.17 10:00:59.062,1.52127,1.5213,1.00,3.75
2015.11.17 10:00:59.114,1.52124,1.52136,1.87,4.50
2015.11.17 10:00:59.183,1.52124,1.52133,1.87,3.37
2015.11.17 10:00:59.285,1.52127,1.52137,1.00,4.50
2015.11.17 10:00:59.792,1.52126,1.52137,1.00,4.50
2015.11.17 10:01:00.657,1.52125,1.52137,1.50,5.25
2015.11.17 10:01:02.020,1.52127,1.52137,1.00,6.75
2015.11.17 10:01:02.425,1.52128,1.52137,1.50,1.00
2015.11.17 10:01:02.993,1.52128,1.52138,1.50,1.12
2015.11.17 10:01:04.480,1.52129,1.52139,1.00,2.25
2015.11.17 10:01:04.986,1.52129,1.52139,2.25,1.00
2015.11.17 10:01:05.087,1.52129,1.52141,5.25,6.37
2015.11.17 10:01:05.139,1.5213,1.52141,1.50,3.00
2015.11.17 10:01:05.385,1.52134,1.52141,1.00,1.00
2015.11.17 10:01:05.689,1.52138,1.52146,1.00,5.25
2015.11.17 10:01:05.805,1.52138,1.52147,1.00,1.50
2015.11.17 10:01:05.907,1.52138,1.52149,1.50,1.12
2015.11.17 10:01:06.060,1.52138,1.52145,1.50,1.00
2015.11.17 10:01:07.240,1.52138,1.52147,2.25,1.00
2015.11.17 10:01:07.443,1.52138,1.52149,3.00,1.12
2015.11.17 10:01:08.171,1.52139,1.52149,3.00,1.12
2015.11.17 10:01:09.929,1.52142,1.52151,1.00,1.87
2015.11.17 10:01:10.738,1.5214,1.5215,2.62,3.75
2015.11.17 10:01:11.510,1.52142,1.52146,1.00,1.00
2015.11.17 10:01:11.613,1.52134,1.52142,4.50,1.00
2015.11.17 10:01:11.716,1.52132,1.52142,1.12,4.87
2015.11.17 10:01:12.241,1.52132,1.52139,1.00,1.00
2015.11.17 10:01:12.394,1.52132,1.52141,1.00,1.87
2015.11.17 10:01:12.900,1.5213,1.52141,4.12,1.87
2015.11.17 10:01:13.414,1.5213,1.52138,2.62,1.00
2015.11.17 10:01:13.722,1.52129,1.52137,1.00,3.75
2015.11.17 10:01:13.824,1.52129,1.52139,1.87,4.50
2015.11.17 10:01:14.028,1.52129,1.5214,2.25,2.62
2015.11.17 10:01:14.716,1.52131,1.5214,1.00,3.37
2015.11.17 10:01:15.429,1.52132,1.52141,1.00,1.50
2015.11.17 10:01:15.530,1.52136,1.52141,1.00,1.00
2015.11.17 10:01:15.743,1.52138,1.52146,1.87,1.12
2015.11.17 10:01:15.895,1.52141,1.52146,1.00,1.00
2015.11.17 10:01:16.351,1.52141,1.52152,1.00,2.25
2015.11.17 10:01:17.091,1.52142,1.52152,1.00,2.25
2015.11.17 10:01:17.976,1.52141,1.52152,1.87,3.00
2015.11.17 10:01:18.129,1.5214,1.52148,2.25,1.00
2015.11.17 10:01:18.231,1.5214,1.52151,1.50,1.87
2015.11.17 10:01:18.637,1.52139,1.52142,1.50,1.00
2015.11.17 10:01:18.688,1.52139,1.52145,1.00,1.00
2015.11.17 10:01:18.739,1.52136,1.52143,4.12,1.00
2015.11.17 10:01:18.841,1.52134,1.52142,1.12,1.00
2015.11.17 10:01:18.893,1.52133,1.52144,1.50,1.12
2015.11.17 10:01:19.012,1.52134,1.52144,1.00,3.75
2015.11.17 10:01:19.315,1.52138,1.52146,1.50,1.00
2015.11.17 10:01:19.821,1.52138,1.52148,1.50,1.50
2015.11.17 10:01:20.198,1.52141,1.5215,1.00,2.25
2015.11.17 10:01:20.503,1.52142,1.52153,4.50,2.25
2015.11.17 10:01:21.219,1.52144,1.52153,1.37,1.50
2015.11.17 10:01:21.563,1.5214,1.5215,4.50,1.12
2015.11.17 10:01:21.867,1.5214,1.5215,1.12,4.50
2015.11.17 10:01:22.599,1.52138,1.52149,1.12,1.50
2015.11.17 10:01:23.106,1.52138,1.52149,1.50,4.50
2015.11.17 10:01:25.241,1.52138,1.52149,1.50,1.50
2015.11.17 10:01:25.755,1.52138,1.52149,1.87,1.12
2015.11.17 10:01:26.058,1.52139,1.52149,4.12,1.12
2015.11.17 10:01:26.362,1.52141,1.52151,4.12,1.50
2015.11.17 10:01:26.869,1.52142,1.52152,4.50,1.12
2015.11.17 10:01:27.209,1.52146,1.52154,1.00,4.87
2015.11.17 10:01:27.311,1.5215,1.52157,1.00,1.50
2015.11.17 10:01:27.415,1.52151,1.52159,1.12,1.12
2015.11.17 10:01:27.568,1.52151,1.52159,4.50,1.00
2015.11.17 10:01:28.074,1.52152,1.52159,3.75,1.00
2015.11.17 10:01:29.650,1.52152,1.52161,3.75,1.12
2015.11.17 10:01:31.450,1.52151,1.52161,2.25,1.50
2015.11.17 10:01:32.311,1.5215,1.52157,3.75,1.50
2015.11.17 10:01:32.484,1.52146,1.52156,1.12,1.12
2015.11.17 10:01:32.586,1.52145,1.52156,1.37,4.50
2015.11.17 10:01:32.890,1.52142,1.5215,3.75,1.00
2015.11.17 10:01:33.042,1.5214,1.5215,4.50,1.50
2015.11.17 10:01:33.549,1.5214,1.52151,4.50,1.00
2015.11.17 10:01:34.065,1.52141,1.52152,1.12,3.75
2015.11.17 10:01:34.571,1.5214,1.5215,1.00,2.25
2015.11.17 10:01:34.875,1.52139,1.52149,1.87,3.75
2015.11.17 10:01:35.416,1.52137,1.52148,1.12,3.00
2015.11.17 10:01:35.569,1.52136,1.52146,1.12,3.75
2015.11.17 10:01:36.074,1.52135,1.52144,1.00,1.12
2015.11.17 10:01:36.613,1.52134,1.52144,1.00,1.50
2015.11.17 10:01:37.119,1.52132,1.52143,1.37,3.37
2015.11.17 10:01:37.272,1.5213,1.52141,2.25,1.12
2015.11.17 10:01:37.819,1.5213,1.5214,2.25,1.00
2015.11.17 10:01:38.580,1.52127,1.52138,6.00,1.00
2015.11.17 10:01:38.717,1.52127,1.52138,2.62,1.50
2015.11.17 10:01:38.768,1.5213,1.52139,1.00,4.50
2015.11.17 10:01:44.370,1.52129,1.52139,1.12,6.00
2015.11.17 10:01:45.393,1.52127,1.52137,3.75,1.50
2015.11.17 10:01:46.254,1.52129,1.52137,1.00,1.00
2015.11.17 10:01:46.788,1.52129,1.52138,1.00,1.00
2015.11.17 10:01:48.733,1.52128,1.52138,1.50,1.00
2015.11.17 10:01:49.051,1.52127,1.52138,1.00,4.50
2015.11.17 10:01:49.406,1.5213,1.52138,1.50,4.50
2015.11.17 10:01:49.608,1.52131,1.52141,1.50,1.50
2015.11.17 10:01:50.115,1.52132,1.52141,1.00,1.00
2015.11.17 10:01:50.976,1.52131,1.52141,3.00,1.00
2015.11.17 10:01:52.354,1.52132,1.52136,1.00,1.00
2015.11.17 10:01:52.869,1.52131,1.52136,2.25,1.00
2015.11.17 10:01:53.223,1.52126,1.52134,1.12,1.00
2015.11.17 10:01:53.933,1.52129,1.52134,1.00,1.00
2015.11.17 10:01:54.028,1.52125,1.52134,2.25,1.00
2015.11.17 10:01:54.080,1.52128,1.52135,1.00,1.00
2015.11.17 10:01:54.384,1.5213,1.52137,1.00,1.00
2015.11.17 10:01:55.257,1.52128,1.52137,1.50,1.12
2015.11.17 10:01:55.568,1.52133,1.52137,4.12,1.12
2015.11.17 10:01:55.670,1.52136,1.52142,1.00,1.12
2015.11.17 10:01:55.722,1.52136,1.52142,1.00,4.50
2015.11.17 10:01:55.823,1.52135,1.52144,1.37,1.12
2015.11.17 10:01:56.485,1.52138,1.52145,1.00,1.37
2015.11.17 10:01:56.637,1.5214,1.52149,1.00,1.00
2015.11.17 10:01:56.910,1.52139,1.52147,1.00,1.00
2015.11.17 10:01:57.214,1.5214,1.52144,2.25,1.00
2015.11.17 10:01:57.417,1.52144,1.52151,1.50,1.37
2015.11.17 10:01:57.468,1.52147,1.52151,1.00,1.37
2015.11.17 10:01:57.520,1.52147,1.52156,1.00,1.50
2015.11.17 10:01:57.722,1.52148,1.52158,1.12,1.12
2015.11.17 10:01:58.244,1.52148,1.52157,1.50,1.00
2015.11.17 10:01:58.497,1.52148,1.52154,1.12,1.00
2015.11.17 10:01:58.650,1.52145,1.52153,1.87,1.00
2015.11.17 10:01:59.177,1.52145,1.52153,1.00,1.00
2015.11.17 10:01:59.379,1.52146,1.52157,1.50,5.25
2015.11.17 10:01:59.950,1.52146,1.52151,1.50,1.00
2015.11.17 10:02:00.153,1.52146,1.52156,1.50,1.50
2015.11.17 10:02:00.285,1.52148,1.52152,1.12,1.00
2015.11.17 10:02:00.854,1.52149,1.52153,1.12,1.00
2015.11.17 10:02:02.995,1.52149,1.52153,1.50,1.00
2015.11.17 10:02:04.056,1.52152,1.52159,1.00,1.50
2015.11.17 10:02:04.595,1.52153,1.5216,1.00,1.50
2015.11.17 10:02:05.102,1.52152,1.5216,1.87,1.00
2015.11.17 10:02:05.768,1.52152,1.5216,3.00,1.00
2015.11.17 10:02:06.124,1.5216,1.52161,1.00,1.00
2015.11.17 10:02:06.225,1.5216,1.52164,1.50,1.00
2015.11.17 10:02:06.278,1.52161,1.52169,2.25,1.00
2015.11.17 10:02:06.379,1.52161,1.52172,1.37,4.50
2015.11.17 10:02:06.481,1.52163,1.52172,1.12,1.50
2015.11.17 10:02:06.785,1.52165,1.52175,1.00,5.25
2015.11.17 10:02:07.310,1.52163,1.52174,1.50,1.50
2015.11.17 10:02:07.564,1.52162,1.52172,1.12,1.12
2015.11.17 10:02:08.854,1.52162,1.52172,2.25,1.00
2015.11.17 10:02:09.359,1.52163,1.52174,1.87,1.87
2015.11.17 10:02:09.890,1.52162,1.52173,1.87,3.75
2015.11.17 10:02:10.194,1.52161,1.52171,1.50,1.50
2015.11.17 10:02:10.397,1.52161,1.52169,1.00,1.00
2015.11.17 10:02:12.128,1.52161,1.52171,1.00,1.87
2015.11.17 10:02:13.589,1.52161,1.52171,1.37,1.50
2015.11.17 10:02:14.600,1.52161,1.52171,1.00,1.50
2015.11.17 10:02:15.107,1.5216,1.5217,1.00,1.12
2015.11.17 10:02:15.311,1.52162,1.52171,1.00,1.50
2015.11.17 10:02:15.558,1.5216,1.52171,1.00,1.50
2015.11.17 10:02:16.579,1.5216,1.52163,4.50,1.50
2015.11.17 10:02:16.630,1.5216,1.52166,3.37,1.00
2015.11.17 10:02:16.682,1.52159,1.52166,1.50,1.00
2015.11.17 10:02:16.777,1.52156,1.52166,1.00,3.00
2015.11.17 10:02:16.828,1.52155,1.52163,1.87,1.00
2015.11.17 10:02:17.335,1.52154,1.52163,1.00,1.00
2015.11.17 10:02:17.640,1.52156,1.52164,1.00,1.00
2015.11.17 10:02:17.963,1.52158,1.52168,1.12,3.75
2015.11.17 10:02:18.014,1.52159,1.52169,1.00,1.50
2015.11.17 10:02:18.065,1.52159,1.52169,4.50,1.50
2015.11.17 10:02:20.573,1.52158,1.5217,5.25,4.87
2015.11.17 10:02:20.674,1.52158,1.52168,1.50,1.00
2015.11.17 10:02:21.180,1.52158,1.52169,1.50,1.12
2015.11.17 10:02:21.681,1.52159,1.52171,1.50,1.12
2015.11.17 10:02:22.188,1.52161,1.5217,1.00,1.00
2015.11.17 10:02:22.443,1.52159,1.5217,4.50,1.12
2015.11.17 10:02:22.958,1.5216,1.52169,1.00,1.75
2015.11.17 10:02:23.470,1.52159,1.52169,1.12,1.87
2015.11.17 10:02:23.976,1.52157,1.52169,1.12,5.62
2015.11.17 10:02:24.520,1.52157,1.52167,1.00,1.87
2015.11.17 10:02:25.028,1.52157,1.52168,1.37,4.50
2015.11.17 10:02:26.012,1.52157,1.52168,4.50,1.87
2015.11.17 10:02:26.265,1.52157,1.52168,1.00,4.50
2015.11.17 10:02:26.993,1.52155,1.52166,2.25,1.00
2015.11.17 10:02:27.524,1.52155,1.52165,1.50,1.00
2015.11.17 10:02:28.241,1.52155,1.52167,1.50,1.50
2015.11.17 10:02:28.596,1.52157,1.52168,1.50,3.75
2015.11.17 10:02:28.699,1.52158,1.52169,1.50,1.12
2015.11.17 10:02:30.858,1.5216,1.52169,1.00,1.50
2015.11.17 10:02:31.366,1.5216,1.52169,1.37,1.50
2015.11.17 10:02:31.874,1.52162,1.5217,1.00,4.50
2015.11.17 10:02:32.418,1.52162,1.52169,1.00,1.00
2015.11.17 10:02:32.924,1.52159,1.52169,6.00,1.50
2015.11.17 10:02:33.026,1.52159,1.52169,2.62,1.87
2015.11.17 10:02:34.390,1.52158,1.5217,1.12,5.62
2015.11.17 10:02:34.593,1.52157,1.52168,1.00,3.75
2015.11.17 10:02:34.899,1.52157,1.52166,1.00,3.75
2015.11.17 10:02:35.405,1.52156,1.52166,1.87,3.75
2015.11.17 10:02:38.001,1.52157,1.52165,1.00,1.37
2015.11.17 10:02:38.305,1.52153,1.52162,4.87,1.00
2015.11.17 10:02:39.017,1.52156,1.52162,1.00,1.00
2015.11.17 10:02:39.220,1.5216,1.52168,1.50,1.00
2015.11.17 10:02:39.728,1.5216,1.52169,1.50,1.50
2015.11.17 10:02:40.378,1.5216,1.52167,1.00,1.00
2015.11.17 10:02:41.094,1.5216,1.5217,1.50,2.25
2015.11.17 10:02:41.145,1.5216,1.5217,5.25,1.50
2015.11.17 10:02:41.297,1.5216,1.52172,5.25,3.37
2015.11.17 10:02:41.399,1.52162,1.52172,4.50,3.37
2015.11.17 10:02:45.227,1.52162,1.52172,1.12,1.12
2015.11.17 10:02:46.199,1.52162,1.52166,1.12,1.00
2015.11.17 10:02:46.756,1.52161,1.52167,1.37,1.00
2015.11.17 10:02:48.249,1.5216,1.52167,1.00,1.12
2015.11.17 10:02:48.350,1.52156,1.52166,4.50,1.12
2015.11.17 10:02:48.627,1.52156,1.52166,1.00,5.25
2015.11.17 10:02:49.830,1.52155,1.52164,1.00,1.00
2015.11.17 10:02:50.236,1.52156,1.52166,5.25,1.12
2015.11.17 10:02:50.742,1.52158,1.52168,1.50,3.75
2015.11.17 10:02:51.872,1.52157,1.52168,3.75,4.75
2015.11.17 10:02:52.333,1.5216,1.52168,4.50,1.00
2015.11.17 10:02:52.991,1.5216,1.52168,4.50,1.00
2015.11.17 10:02:53.245,1.52151,1.52163,5.25,1.12
2015.11.17 10:02:53.399,1.52151,1.52163,1.12,5.99
2015.11.17 10:02:55.929,1.52152,1.52161,3.75,1.00
2015.11.17 10:02:56.319,1.52154,1.52164,1.00,1.12
2015.11.17 10:02:56.830,1.52155,1.52164,1.50,1.00
2015.11.17 10:02:56.932,1.52153,1.52164,2.25,1.12
2015.11.17 10:02:59.930,1.52154,1.52164,1.50,1.12
2015.11.17 10:02:59.981,1.52155,1.52164,3.75,1.00
2015.11.17 10:03:00.335,1.52156,1.52166,1.50,1.00
2015.11.17 10:03:00.503,1.52158,1.52167,4.50,1.00
2015.11.17 10:03:01.016,1.52159,1.52167,3.75,1.00
2015.11.17 10:03:01.169,1.52158,1.52167,1.00,1.00
2015.11.17 10:03:01.715,1.52159,1.52166,1.12,1.00
2015.11.17 10:03:01.970,1.52157,1.52164,1.00,1.00
2015.11.17 10:03:02.122,1.52154,1.52164,2.25,1.00
2015.11.17 10:03:02.628,1.52155,1.52164,1.00,1.50
2015.11.17 10:03:03.175,1.52154,1.52163,1.00,1.12
2015.11.17 10:03:03.681,1.52153,1.52163,1.12,1.12
2015.11.17 10:03:04.106,1.52153,1.52163,1.50,1.12
2015.11.17 10:03:04.157,1.52155,1.52165,1.00,1.87
2015.11.17 10:03:04.513,1.52159,1.52166,1.50,1.50
2015.11.17 10:03:04.818,1.52161,1.52166,1.12,1.00
2015.11.17 10:03:05.378,1.5216,1.52161,1.50,1.00
2015.11.17 10:03:05.430,1.5216,1.52162,1.00,1.00
2015.11.17 10:03:05.531,1.52156,1.52159,1.00,1.00
2015.11.17 10:03:05.633,1.52152,1.52159,1.12,1.00
2015.11.17 10:03:05.836,1.5215,1.5216,2.25,1.12
2015.11.17 10:03:05.988,1.52153,1.52161,1.00,1.50
2015.11.17 10:03:06.089,1.52154,1.52162,1.00,1.12
2015.11.17 10:03:06.444,1.52155,1.52165,2.25,3.37
2015.11.17 10:03:06.495,1.52156,1.52166,3.75,1.87
2015.11.17 10:03:06.760,1.5216,1.52167,1.00,1.50
2015.11.17 10:03:08.182,1.52159,1.52167,1.12,1.00
2015.11.17 10:03:09.194,1.52159,1.52167,6.37,1.00
2015.11.17 10:03:09.585,1.52163,1.52166,1.00,1.00
2015.11.17 10:03:10.810,1.52163,1.52167,1.50,1.00
2015.11.17 10:03:13.729,1.52162,1.52167,1.12,1.00
2015.11.17 10:03:14.539,1.52161,1.52167,1.50,1.00
2015.11.17 10:03:15.069,1.52162,1.52167,1.00,1.00
2015.11.17 10:03:15.373,1.52164,1.52167,1.00,1.00
2015.11.17 10:03:18.342,1.52161,1.52167,2.62,1.00
2015.11.17 10:03:18.924,1.52161,1.52167,2.62,1.00
2015.11.17 10:03:19.533,1.52162,1.52167,1.87,1.00
2015.11.17 10:03:21.690,1.52161,1.52167,1.00,1.00
2015.11.17 10:03:22.310,1.52159,1.52167,1.50,1.00
2015.11.17 10:03:22.817,1.52159,1.52167,1.00,1.37
2015.11.17 10:03:23.550,1.52157,1.52167,2.25,1.50
2015.11.17 10:03:23.602,1.52157,1.52166,1.12,4.50
2015.11.17 10:03:24.008,1.52154,1.52164,2.25,1.00
2015.11.17 10:03:25.493,1.52155,1.52165,3.37,1.50
2015.11.17 10:03:26.001,1.52155,1.52165,3.75,1.12
2015.11.17 10:03:26.408,1.52157,1.52167,1.87,1.87
2015.11.17 10:03:26.493,1.52159,1.52166,1.00,1.00
2015.11.17 10:03:26.798,1.52159,1.5217,5.25,1.50
2015.11.17 10:03:29.635,1.52162,1.52171,1.00,1.12
2015.11.17 10:03:32.307,1.5216,1.52169,3.00,1.00
2015.11.17 10:03:32.642,1.52152,1.52163,2.62,4.12
2015.11.17 10:03:36.734,1.52152,1.52161,4.50,1.00
2015.11.17 10:03:36.836,1.52152,1.52164,5.25,1.12
2015.11.17 10:03:37.039,1.52154,1.52166,4.50,6.00
2015.11.17 10:03:38.017,1.52156,1.52166,1.37,1.50
2015.11.17 10:03:43.109,1.52159,1.52168,1.00,1.12
2015.11.17 10:03:43.262,1.52159,1.52169,4.50,1.50
2015.11.17 10:03:43.567,1.52163,1.52172,1.00,1.87
2015.11.17 10:03:44.073,1.52161,1.52169,1.00,1.00
2015.11.17 10:03:44.174,1.52159,1.52169,1.00,1.50
2015.11.17 10:03:44.549,1.52157,1.52166,4.50,1.00
2015.11.17 10:03:44.854,1.52157,1.52164,3.75,1.00
2015.11.17 10:03:45.259,1.52157,1.52164,1.00,1.00
2015.11.17 10:03:45.664,1.52157,1.52168,2.25,1.12
2015.11.17 10:03:46.335,1.52159,1.52168,1.00,1.12
2015.11.17 10:03:46.537,1.52157,1.52165,2.25,1.00
2015.11.17 10:03:46.639,1.52157,1.52167,2.25,1.00
2015.11.17 10:03:47.841,1.52157,1.52166,2.25,1.00
2015.11.17 10:03:48.347,1.52157,1.52167,2.25,1.00
2015.11.17 10:03:48.868,1.52157,1.52166,2.25,1.00
2015.11.17 10:03:49.628,1.52157,1.52167,2.25,1.00
2015.11.17 10:03:50.134,1.52159,1.52168,1.00,1.50
2015.11.17 10:03:50.299,1.52161,1.52168,1.00,1.50
2015.11.17 10:03:50.843,1.52161,1.52169,1.00,1.12
2015.11.17 10:03:50.995,1.52162,1.52171,1.50,1.12
2015.11.17 10:03:51.687,1.52159,1.5217,1.50,2.25
2015.11.17 10:03:51.991,1.52158,1.52167,4.50,1.00
2015.11.17 10:03:52.498,1.52158,1.52168,1.50,1.00
2015.11.17 10:03:52.865,1.52164,1.52173,1.50,1.37
2015.11.17 10:03:53.018,1.52164,1.52175,1.50,3.00
2015.11.17 10:03:53.676,1.52165,1.52174,1.12,1.50
2015.11.17 10:03:53.777,1.52165,1.52173,1.00,1.37
2015.11.17 10:03:53.828,1.52162,1.52173,1.12,1.37
2015.11.17 10:03:54.352,1.52162,1.52172,1.00,1.50
2015.11.17 10:03:54.554,1.52164,1.52172,1.00,1.50
2015.11.17 10:03:54.859,1.52166,1.52172,1.00,1.50
2015.11.17 10:03:56.234,1.52166,1.52175,1.00,1.50
2015.11.17 10:03:56.794,1.52168,1.52174,1.00,1.00
2015.11.17 10:03:57.301,1.52167,1.52175,1.00,1.00
2015.11.17 10:03:57.761,1.52164,1.52174,2.25,1.00
2015.11.17 10:03:58.303,1.52164,1.52173,1.50,1.00
2015.11.17 10:03:58.405,1.52164,1.52173,1.00,3.75
2015.11.17 10:03:59.012,1.52163,1.52173,1.12,4.50
2015.11.17 10:03:59.316,1.52165,1.52173,1.00,5.62
2015.11.17 10:03:59.367,1.52163,1.52171,1.12,1.00
2015.11.17 10:03:59.633,1.52161,1.52171,1.12,2.25
2015.11.17 10:03:59.785,1.52161,1.5217,1.12,1.50
2015.11.17 10:04:00.090,1.52159,1.52168,1.12,1.50
2015.11.17 10:04:00.393,1.52158,1.52165,1.00,1.00
2015.11.17 10:04:00.959,1.52159,1.52165,1.00,1.37
2015.11.17 10:04:01.464,1.52159,1.52165,1.00,1.00
2015.11.17 10:04:01.768,1.52157,1.52165,1.00,1.00
2015.11.17 10:04:04.315,1.5216,1.52165,1.00,1.00
2015.11.17 10:04:04.770,1.52156,1.52163,1.50,1.00
2015.11.17 10:04:05.125,1.52155,1.52161,1.00,1.00
2015.11.17 10:04:05.437,1.52153,1.52161,1.00,3.75
2015.11.17 10:04:05.993,1.52154,1.52161,1.00,3.37
2015.11.17 10:04:06.145,1.52155,1.52163,1.00,3.75
2015.11.17 10:04:06.196,1.52157,1.52163,1.00,3.75
2015.11.17 10:04:06.349,1.52155,1.52163,1.00,3.75
2015.11.17 10:04:06.400,1.52157,1.52163,1.00,3.75
2015.11.17 10:04:06.501,1.52156,1.52163,1.00,1.00
2015.11.17 10:04:08.001,1.52155,1.52163,1.00,1.00
2015.11.17 10:04:08.214,1.52157,1.52163,1.00,1.00
2015.11.17 10:04:09.079,1.52155,1.52163,1.00,1.00
2015.11.17 10:04:09.623,1.52154,1.52163,1.00,1.00
2015.11.17 10:04:09.725,1.52156,1.52163,1.00,1.00
2015.11.17 10:04:10.246,1.52155,1.52163,1.00,1.00
2015.11.17 10:04:11.808,1.52154,1.52163,1.00,1.00
2015.11.17 10:04:12.314,1.52155,1.52163,1.50,1.00
2015.11.17 10:04:12.794,1.52153,1.52163,2.25,1.00
2015.11.17 10:04:12.845,1.52153,1.52163,1.12,4.50
2015.11.17 10:04:13.149,1.52155,1.52161,1.00,4.50
2015.11.17 10:04:13.604,1.52153,1.52161,1.00,4.50
2015.11.17 10:04:14.117,1.52152,1.52161,1.00,4.50
2015.11.17 10:04:14.624,1.52153,1.52161,1.00,5.25
2015.11.17 10:04:15.141,1.52152,1.52161,1.00,6.00
2015.11.17 10:04:17.799,1.52149,1.52159,1.87,1.12
2015.11.17 10:04:17.850,1.52149,1.52157,1.12,1.00
2015.11.17 10:04:18.053,1.52143,1.52155,5.62,1.87
2015.11.17 10:04:18.218,1.52144,1.52153,1.00,3.75
2015.11.17 10:04:18.319,1.52142,1.52151,2.25,1.00
2015.11.17 10:04:20.063,1.52141,1.52151,1.50,1.00
2015.11.17 10:04:20.733,1.52144,1.52151,1.00,1.00
2015.11.17 10:04:21.254,1.52143,1.52154,2.25,5.25
2015.11.17 10:04:24.630,1.52143,1.52152,1.12,1.37
2015.11.17 10:04:26.395,1.52144,1.52152,1.00,1.50
2015.11.17 10:04:26.547,1.52144,1.52153,1.50,1.00
2015.11.17 10:04:27.053,1.52145,1.52155,1.50,2.25
2015.11.17 10:04:28.614,1.52148,1.52155,1.00,1.50
2015.11.17 10:04:28.921,1.52151,1.52155,1.00,1.00
2015.11.17 10:04:28.972,1.52151,1.52159,1.00,1.37
2015.11.17 10:04:29.480,1.52151,1.5216,1.00,1.37
2015.11.17 10:04:30.697,1.52151,1.52161,1.00,1.50
2015.11.17 10:04:32.596,1.52149,1.52159,1.87,1.37
2015.11.17 10:04:32.913,1.52143,1.52153,1.00,1.50
2015.11.17 10:04:33.369,1.52145,1.52153,1.00,1.50
2015.11.17 10:04:33.897,1.52145,1.52154,1.50,1.00
2015.11.17 10:04:35.503,1.52144,1.52154,2.62,1.00
2015.11.17 10:04:35.809,1.52142,1.52147,1.00,1.00
2015.11.17 10:04:36.384,1.52143,1.52147,1.00,1.00
2015.11.17 10:04:36.891,1.52142,1.52147,1.00,1.00
2015.11.17 10:04:37.398,1.52142,1.5215,1.00,3.75
2015.11.17 10:04:40.136,1.5214,1.5215,1.00,4.12
2015.11.17 10:04:40.611,1.52138,1.52148,2.25,1.12
2015.11.17 10:04:41.393,1.5214,1.52148,1.00,1.87
2015.11.17 10:04:41.552,1.52138,1.52148,1.12,2.62
2015.11.17 10:04:41.977,1.5214,1.52149,1.00,2.25
2015.11.17 10:04:42.129,1.52137,1.52149,1.50,3.00
2015.11.17 10:04:42.816,1.5214,1.52149,1.00,2.25
2015.11.17 10:04:43.374,1.52138,1.52149,1.12,2.25
2015.11.17 10:04:44.272,1.52137,1.52147,1.50,1.00
2015.11.17 10:04:45.607,1.52141,1.52149,1.00,2.62
2015.11.17 10:04:45.658,1.52137,1.52149,1.87,3.37
2015.11.17 10:04:48.224,1.5214,1.52148,1.00,1.12
2015.11.17 10:04:48.759,1.52143,1.52148,1.00,1.00
2015.11.17 10:04:48.810,1.52143,1.5215,1.00,1.12
2015.11.17 10:04:49.844,1.52142,1.5215,1.00,1.37
2015.11.17 10:04:50.155,1.5214,1.52149,1.50,1.00
2015.11.17 10:04:50.661,1.52139,1.52149,1.50,1.87
2015.11.17 10:04:52.848,1.52139,1.52149,1.87,3.75
2015.11.17 10:04:53.556,1.52138,1.52147,1.00,1.50
2015.11.17 10:04:54.102,1.52137,1.52147,1.12,1.87
2015.11.17 10:04:54.660,1.52136,1.52146,2.62,1.00
2015.11.17 10:04:54.973,1.52132,1.52139,1.00,1.12
2015.11.17 10:04:55.277,1.5213,1.52138,1.00,4.12
2015.11.17 10:04:55.783,1.52129,1.52138,1.12,2.25
2015.11.17 10:04:56.327,1.52128,1.52138,1.00,2.62
2015.11.17 10:04:57.309,1.52129,1.52138,1.00,2.25
2015.11.17 10:04:57.642,1.52137,1.52145,2.25,1.75
2015.11.17 10:04:57.743,1.52138,1.52147,1.37,3.75
2015.11.17 10:04:58.271,1.5214,1.52147,1.00,3.75
2015.11.17 10:04:58.473,1.52138,1.52147,1.00,3.75
2015.11.17 10:05:00.437,1.52139,1.52147,1.00,3.75
2015.11.17 10:05:01.490,1.52137,1.5214,1.50,1.00
2015.11.17 10:05:01.581,1.52137,1.52139,1.50,1.00
2015.11.17 10:05:01.632,1.52133,1.52135,1.50,1.00
2015.11.17 10:05:01.683,1.52131,1.52134,3.37,1.37
2015.11.17 10:05:01.736,1.52125,1.52132,1.12,1.00
2015.11.17 10:05:01.838,1.5212,1.52131,1.12,4.50
2015.11.17 10:05:02.453,1.52122,1.52129,1.00,1.12
2015.11.17 10:05:02.605,1.5212,1.52129,1.00,1.12
2015.11.17 10:05:02.706,1.52123,1.52129,1.00,1.12
2015.11.17 10:05:03.199,1.52121,1.52131,1.00,5.62
2015.11.17 10:05:03.856,1.52122,1.52131,1.00,5.25
2015.11.17 10:05:05.008,1.52121,1.52131,1.00,4.50
2015.11.17 10:05:05.059,1.52126,1.52132,1.00,4.87
2015.11.17 10:05:05.111,1.52126,1.52132,1.00,1.50
2015.11.17 10:05:05.528,1.52127,1.52136,1.00,4.50
2015.11.17 10:05:05.996,1.52125,1.52135,1.87,1.50
2015.11.17 10:05:06.098,1.52124,1.52133,1.50,3.37
2015.11.17 10:05:06.250,1.52124,1.52135,1.00,6.00
2015.11.17 10:05:06.455,1.52126,1.52136,1.00,5.62
2015.11.17 10:05:06.964,1.52126,1.52136,1.12,1.50
2015.11.17 10:05:08.400,1.52127,1.52136,1.00,1.50
2015.11.17 10:05:08.704,1.52131,1.52139,1.00,1.37
2015.11.17 10:05:09.498,1.52131,1.52141,1.50,1.50
2015.11.17 10:05:10.035,1.5213,1.52142,1.50,4.50
2015.11.17 10:05:10.541,1.52129,1.52139,3.37,1.00
2015.11.17 10:05:10.592,1.52129,1.52139,2.62,1.50
2015.11.17 10:05:11.113,1.52127,1.52138,1.37,2.62
2015.11.17 10:05:12.212,1.52129,1.52139,1.00,1.50
2015.11.17 10:05:12.871,1.5213,1.52139,1.00,1.00
2015.11.17 10:05:14.357,1.52132,1.52141,1.75,5.25
2015.11.17 10:05:14.458,1.52132,1.52141,1.87,1.00
2015.11.17 10:05:14.611,1.52137,1.52143,1.00,1.12
2015.11.17 10:05:14.864,1.52138,1.52146,1.87,1.12
2015.11.17 10:05:15.766,1.52137,1.52145,2.62,1.00
2015.11.17 10:05:15.868,1.52136,1.52145,1.00,1.50
2015.11.17 10:05:16.413,1.52135,1.52144,2.25,1.12
2015.11.17 10:05:16.913,1.52134,1.52143,1.37,2.25
2015.11.17 10:05:16.964,1.52133,1.52142,1.50,1.12
2015.11.17 10:05:17.016,1.52131,1.52141,3.75,1.37
2015.11.17 10:05:17.169,1.5213,1.52139,2.25,1.12
2015.11.17 10:05:17.675,1.52131,1.52139,1.00,1.12
2015.11.17 10:05:18.097,1.52129,1.52139,1.12,1.12
2015.11.17 10:05:18.351,1.52134,1.52139,1.00,1.12
2015.11.17 10:05:18.503,1.52133,1.52142,4.50,1.00
2015.11.17 10:05:18.605,1.52133,1.52143,1.50,4.87
2015.11.17 10:05:19.896,1.52131,1.52141,2.62,1.12
2015.11.17 10:05:20.411,1.52132,1.52142,1.00,2.25
2015.11.17 10:05:20.937,1.52131,1.52142,1.87,1.50
2015.11.17 10:05:24.486,1.52132,1.52143,1.00,6.00
2015.11.17 10:05:25.313,1.52131,1.52142,1.12,2.62
2015.11.17 10:05:27.157,1.5213,1.52141,1.12,5.62
2015.11.17 10:05:27.671,1.52128,1.52141,3.00,6.75
2015.11.17 10:05:28.177,1.5213,1.52141,1.00,6.75
2015.11.17 10:05:28.545,1.52131,1.52141,1.00,1.50
2015.11.17 10:05:29.231,1.5213,1.52142,3.00,4.50
2015.11.17 10:05:29.749,1.5213,1.52139,2.25,1.00
2015.11.17 10:05:32.277,1.5213,1.52137,1.00,1.00
2015.11.17 10:05:32.479,1.52126,1.52136,2.25,3.75
2015.11.17 10:05:32.581,1.52126,1.52135,4.87,1.00
2015.11.17 10:05:33.088,1.52128,1.52136,1.12,1.50
2015.11.17 10:05:35.488,1.52127,1.52137,1.50,1.50
2015.11.17 10:05:36.036,1.52127,1.52136,1.50,1.00
2015.11.17 10:05:36.541,1.52127,1.52136,1.12,1.37
2015.11.17 10:05:37.465,1.52126,1.52135,1.00,1.00
2015.11.17 10:05:37.769,1.52133,1.5214,1.50,1.37
2015.11.17 10:05:38.099,1.52134,1.52142,1.00,1.37
2015.11.17 10:05:38.150,1.52135,1.52144,1.00,1.87
2015.11.17 10:05:38.253,1.52135,1.52145,1.00,2.25
2015.11.17 10:05:38.779,1.52135,1.52145,1.00,1.12
2015.11.17 10:05:38.967,1.52134,1.52145,1.37,4.50
2015.11.17 10:05:39.119,1.52133,1.52143,1.12,1.00
2015.11.17 10:05:39.170,1.52133,1.52141,1.00,1.00
2015.11.17 10:05:39.474,1.52133,1.52139,1.00,1.00
2015.11.17 10:05:39.526,1.52131,1.52139,1.00,1.00
2015.11.17 10:05:40.064,1.52129,1.52138,1.50,1.00
2015.11.17 10:05:40.723,1.52129,1.52139,2.25,1.00
2015.11.17 10:05:41.077,1.52133,1.52139,1.00,1.00
2015.11.17 10:05:44.052,1.52133,1.52139,2.25,1.00
2015.11.17 10:05:47.060,1.52134,1.52141,1.00,5.25
2015.11.17 10:05:48.839,1.52134,1.52138,1.00,1.00
2015.11.17 10:05:49.993,1.5213,1.52138,2.25,1.00
2015.11.17 10:05:52.050,1.5213,1.52138,2.25,1.87
2015.11.17 10:05:52.203,1.52128,1.52138,3.00,1.87
2015.11.17 10:05:52.304,1.52128,1.52134,1.00,1.00
2015.11.17 10:05:52.609,1.52126,1.5213,1.00,1.12
2015.11.17 10:05:52.675,1.52124,1.5213,1.00,1.12
2015.11.17 10:05:52.727,1.52121,1.52131,1.00,4.50
2015.11.17 10:05:52.931,1.52123,1.52129,1.00,3.75
2015.11.17 10:05:53.032,1.52122,1.52131,2.25,1.00
2015.11.17 10:05:53.287,1.52121,1.52131,1.50,1.50
2015.11.17 10:05:53.807,1.52122,1.52131,1.00,1.50
2015.11.17 10:05:54.162,1.5212,1.52131,2.62,2.25
2015.11.17 10:05:54.618,1.5212,1.52129,1.00,3.75
2015.11.17 10:05:55.365,1.5212,1.52129,1.00,1.50
2015.11.17 10:05:56.619,1.52119,1.52128,1.50,1.00
2015.11.17 10:05:57.225,1.52119,1.52124,1.00,1.00
2015.11.17 10:05:58.331,1.52117,1.52124,1.87,1.00
2015.11.17 10:05:59.054,1.52116,1.52122,1.37,1.00
2015.11.17 10:05:59.156,1.52113,1.52121,1.12,1.00
2015.11.17 10:05:59.662,1.52112,1.5212,1.50,1.00
2015.11.17 10:06:00.262,1.52112,1.5212,1.87,1.00
2015.11.17 10:06:01.516,1.52112,1.52122,1.87,1.50
2015.11.17 10:06:01.669,1.52113,1.52122,4.50,1.00
2015.11.17 10:06:02.192,1.52113,1.52123,6.00,1.12
2015.11.17 10:06:03.948,1.52115,1.52123,1.37,1.00
2015.11.17 10:06:06.198,1.52117,1.52123,1.00,1.00
2015.11.17 10:06:06.712,1.52115,1.52125,1.87,1.37
2015.11.17 10:06:07.249,1.52115,1.52123,1.37,1.00
2015.11.17 10:06:07.451,1.52114,1.52122,1.87,2.62
2015.11.17 10:06:07.603,1.52112,1.52122,1.00,2.25
2015.11.17 10:06:10.052,1.52113,1.52122,1.00,3.00
2015.11.17 10:06:10.205,1.52114,1.5212,1.00,1.00
2015.11.17 10:06:10.408,1.52115,1.52122,1.50,1.00
2015.11.17 10:06:10.917,1.52114,1.52122,3.75,1.50
2015.11.17 10:06:13.599,1.52115,1.5212,1.50,1.00
2015.11.17 10:06:13.701,1.52115,1.52123,1.50,1.00
2015.11.17 10:06:14.775,1.52114,1.52122,3.75,1.00
2015.11.17 10:06:14.877,1.52113,1.52121,1.12,1.00
2015.11.17 10:06:14.978,1.5211,1.52119,4.50,1.00
2015.11.17 10:06:15.130,1.5211,1.52118,1.12,1.00
2015.11.17 10:06:15.279,1.52113,1.52119,4.50,1.12
2015.11.17 10:06:15.483,1.52113,1.52122,4.50,1.00
2015.11.17 10:06:15.787,1.52112,1.5212,3.75,1.00
2015.11.17 10:06:16.244,1.52112,1.52122,3.75,1.87
2015.11.17 10:06:16.461,1.52113,1.5212,1.50,1.00
2015.11.17 10:06:16.513,1.52112,1.5212,1.00,1.50
2015.11.17 10:06:17.020,1.52112,1.52119,1.00,1.00
2015.11.17 10:06:18.414,1.52112,1.52116,1.00,1.00
2015.11.17 10:06:18.465,1.5211,1.52116,3.75,1.50
2015.11.17 10:06:18.516,1.52108,1.52114,1.12,1.00
2015.11.17 10:06:18.567,1.52107,1.52111,2.25,1.00
2015.11.17 10:06:18.619,1.52104,1.52111,1.00,1.00
2015.11.17 10:06:18.771,1.521,1.5211,3.37,1.50
2015.11.17 10:06:18.866,1.52098,1.52109,6.00,1.37
2015.11.17 10:06:19.171,1.52098,1.52101,3.37,1.00
2015.11.17 10:06:19.222,1.52094,1.52101,3.75,1.00
2015.11.17 10:06:19.323,1.52093,1.52098,1.00,1.00
2015.11.17 10:06:19.854,1.52092,1.52099,1.00,2.25
2015.11.17 10:06:20.857,1.52093,1.52099,1.00,1.00
2015.11.17 10:06:22.269,1.52094,1.52098,1.00,1.00
2015.11.17 10:06:22.421,1.52094,1.52101,3.75,1.12
2015.11.17 10:06:22.523,1.52093,1.52101,1.50,1.12
2015.11.17 10:06:23.792,1.52092,1.521,3.37,1.00
2015.11.17 10:06:23.843,1.52092,1.52099,1.00,1.50
2015.11.17 10:06:23.944,1.5209,1.52097,1.50,1.12
2015.11.17 10:06:25.978,1.52092,1.52097,1.00,1.00
2015.11.17 10:06:27.166,1.52089,1.52097,1.37,1.00
2015.11.17 10:06:27.823,1.52089,1.52097,1.00,1.50
2015.11.17 10:06:28.178,1.52089,1.52095,1.00,1.00
2015.11.17 10:06:28.494,1.52082,1.52086,3.37,2.25
2015.11.17 10:06:28.545,1.52076,1.52084,3.37,1.37
2015.11.17 10:06:28.596,1.52075,1.52084,1.87,1.37
2015.11.17 10:06:28.648,1.52074,1.52081,1.87,1.00
2015.11.17 10:06:29.003,1.52073,1.52081,1.12,1.00
2015.11.17 10:06:29.761,1.52075,1.52082,1.00,1.00
2015.11.17 10:06:29.921,1.52073,1.52082,1.12,1.50
2015.11.17 10:06:30.326,1.52071,1.5208,4.12,1.00
2015.11.17 10:06:30.427,1.52071,1.5208,1.00,1.00
2015.11.17 10:06:31.185,1.52077,1.52084,1.00,5.25
2015.11.17 10:06:31.314,1.52075,1.52084,1.12,1.50
2015.11.17 10:06:31.366,1.52078,1.52084,1.00,1.50
2015.11.17 10:06:31.467,1.52078,1.52087,1.00,2.25
2015.11.17 10:06:31.873,1.52081,1.52087,1.00,1.12
2015.11.17 10:06:32.278,1.52079,1.52088,1.00,1.50
2015.11.17 10:06:33.863,1.52078,1.52087,1.50,1.50
2015.11.17 10:06:33.915,1.52078,1.52085,1.12,1.00
2015.11.17 10:06:34.217,1.52076,1.52082,1.12,1.00
2015.11.17 10:06:34.925,1.52074,1.52081,3.75,1.00
2015.11.17 10:06:35.229,1.52072,1.52078,3.75,1.00
2015.11.17 10:06:35.280,1.52072,1.5208,3.75,1.00
2015.11.17 10:06:35.805,1.52071,1.52078,4.50,1.00
2015.11.17 10:06:36.311,1.52072,1.52079,1.00,1.00
2015.11.17 10:06:37.764,1.52072,1.52079,1.50,1.00
2015.11.17 10:06:37.815,1.52072,1.52081,2.25,1.00
2015.11.17 10:06:38.333,1.52072,1.52082,2.25,1.00
2015.11.17 10:06:41.112,1.52073,1.52079,1.12,1.00
2015.11.17 10:06:41.618,1.52071,1.52078,1.87,1.00
2015.11.17 10:06:42.147,1.5207,1.52078,3.75,1.00
2015.11.17 10:06:42.653,1.52073,1.52079,1.00,1.50
2015.11.17 10:06:44.031,1.52073,1.52075,1.00,1.50
2015.11.17 10:06:44.132,1.52069,1.52074,3.37,1.00
2015.11.17 10:06:44.183,1.52065,1.52072,1.50,1.00
2015.11.17 10:06:44.284,1.52062,1.52068,1.37,1.00
2015.11.17 10:06:44.588,1.52059,1.52065,3.75,1.00
2015.11.17 10:06:47.266,1.5206,1.52066,1.50,1.00
2015.11.17 10:06:47.769,1.52059,1.52066,1.37,1.00
2015.11.17 10:06:54.997,1.52058,1.52064,3.75,1.00
2015.11.17 10:06:55.251,1.5205,1.52059,2.25,1.00
2015.11.17 10:06:55.302,1.52051,1.52056,1.00,1.00
2015.11.17 10:06:55.353,1.52049,1.52056,1.12,1.00
2015.11.17 10:06:55.658,1.52051,1.52057,1.00,1.00
2015.11.17 10:06:56.555,1.52052,1.52057,1.00,1.00
2015.11.17 10:06:56.606,1.52052,1.52061,1.00,2.25
2015.11.17 10:06:56.708,1.52057,1.52062,1.00,1.50
2015.11.17 10:06:56.810,1.52057,1.52063,1.00,1.00
2015.11.17 10:06:57.864,1.52056,1.52063,1.87,1.00
2015.11.17 10:06:58.270,1.52059,1.52065,1.00,1.00
2015.11.17 10:06:58.574,1.52062,1.52069,1.00,1.12
2015.11.17 10:07:01.130,1.52063,1.52069,1.00,1.00
2015.11.17 10:07:01.283,1.52068,1.5207,1.00,1.12
2015.11.17 10:07:01.436,1.5207,1.52075,1.00,1.12
2015.11.17 10:07:01.488,1.5207,1.52075,1.50,1.12
2015.11.17 10:07:01.633,1.52072,1.52079,1.00,1.00
2015.11.17 10:07:01.734,1.5207,1.5208,1.00,5.25
2015.11.17 10:07:02.244,1.52071,1.52077,1.00,1.00
2015.11.17 10:07:02.447,1.52069,1.52077,1.12,1.00
2015.11.17 10:07:02.964,1.52068,1.52075,3.75,1.00
2015.11.17 10:07:03.472,1.52067,1.52075,4.50,1.00
2015.11.17 10:07:03.625,1.52067,1.52075,1.00,1.00
2015.11.17 10:07:03.829,1.52065,1.52073,3.75,1.00
2015.11.17 10:07:03.946,1.52063,1.52072,1.50,1.12
2015.11.17 10:07:04.048,1.52061,1.52071,1.37,1.00
2015.11.17 10:07:04.100,1.52061,1.52069,1.87,1.00
2015.11.17 10:07:04.508,1.52061,1.52071,1.87,1.50
2015.11.17 10:07:05.022,1.52061,1.5207,1.87,1.00
2015.11.17 10:07:05.565,1.5206,1.52069,1.87,1.00
2015.11.17 10:07:06.071,1.52061,1.52071,1.12,3.75
2015.11.17 10:07:06.956,1.5206,1.52069,2.62,1.00
2015.11.17 10:07:07.462,1.52061,1.52069,1.50,1.00
2015.11.17 10:07:07.972,1.5206,1.52071,2.62,2.62
2015.11.17 10:07:09.630,1.5206,1.52065,1.12,1.00
2015.11.17 10:07:09.681,1.5206,1.52066,1.00,1.00
2015.11.17 10:07:09.732,1.5206,1.52063,1.00,1.00
2015.11.17 10:07:09.885,1.52053,1.5206,3.75,1.00
2015.11.17 10:07:09.987,1.5205,1.5206,6.00,1.50
2015.11.17 10:07:10.522,1.52052,1.52058,1.12,1.00
2015.11.17 10:07:11.130,1.52052,1.52062,1.12,5.62
2015.11.17 10:07:11.231,1.52055,1.52062,1.00,4.50
2015.11.17 10:07:11.282,1.52055,1.52062,1.00,1.12
2015.11.17 10:07:12.634,1.52053,1.52062,1.37,1.12
2015.11.17 10:07:14.207,1.52055,1.52062,1.00,1.00
2015.11.17 10:07:14.410,1.52055,1.52066,1.50,1.12
2015.11.17 10:07:15.525,1.52054,1.52065,5.25,1.00
2015.11.17 10:07:17.663,1.52054,1.52065,5.25,1.37
2015.11.17 10:07:17.917,1.52053,1.52064,1.50,1.00
2015.11.17 10:07:18.423,1.52053,1.52063,1.50,1.12
2015.11.17 10:07:19.526,1.52052,1.52063,5.25,1.37
2015.11.17 10:07:19.830,1.52052,1.5206,1.50,1.00
2015.11.17 10:07:20.335,1.52052,1.52062,1.50,2.25
2015.11.17 10:07:21.806,1.52051,1.5206,1.00,1.00
2015.11.17 10:07:22.009,1.52049,1.52057,2.25,1.50
2015.11.17 10:07:22.315,1.52041,1.5205,1.12,1.00
2015.11.17 10:07:22.822,1.52039,1.52049,4.50,1.00
2015.11.17 10:07:23.789,1.52041,1.52051,1.37,1.37
2015.11.17 10:07:23.891,1.52043,1.52052,1.00,1.00
2015.11.17 10:07:23.992,1.52046,1.52052,1.00,1.00
2015.11.17 10:07:24.245,1.52049,1.5206,2.62,3.75
2015.11.17 10:07:24.296,1.52049,1.52061,5.62,2.25
2015.11.17 10:07:24.804,1.52049,1.52062,2.25,6.37
2015.11.17 10:07:28.020,1.52049,1.52059,1.87,3.75
2015.11.17 10:07:29.149,1.52049,1.52059,1.37,5.25
2015.11.17 10:07:31.577,1.52049,1.52059,1.12,4.50
2015.11.17 10:07:32.539,1.52049,1.52058,1.12,1.50
2015.11.17 10:07:35.487,1.5205,1.52059,1.00,5.25
2015.11.17 10:07:36.016,1.52048,1.52059,2.62,5.25
2015.11.17 10:07:37.229,1.52047,1.52057,1.87,1.37
2015.11.17 10:07:37.483,1.52046,1.52056,1.00,1.00
2015.11.17 10:07:37.534,1.52045,1.52056,2.62,3.75
2015.11.17 10:07:37.838,1.52049,1.52058,1.00,5.25
2015.11.17 10:07:38.411,1.52048,1.52057,1.00,1.12
2015.11.17 10:07:39.128,1.52049,1.52059,1.00,4.50
2015.11.17 10:07:39.787,1.52047,1.52059,3.37,5.25
2015.11.17 10:07:39.889,1.52048,1.52053,1.00,1.00
2015.11.17 10:07:40.194,1.52044,1.5205,1.12,4.50
2015.11.17 10:07:40.347,1.52042,1.5205,1.00,4.50
2015.11.17 10:07:40.398,1.52047,1.52051,1.00,3.75
2015.11.17 10:07:40.703,1.52069,1.52073,1.50,7.87
2015.11.17 10:07:40.755,1.52075,1.52077,1.00,3.75
2015.11.17 10:07:40.848,1.52072,1.52077,1.50,3.75
2015.11.17 10:07:40.900,1.52076,1.52083,1.12,1.00
2015.11.17 10:07:41.053,1.52078,1.52084,1.00,1.50
2015.11.17 10:07:41.660,1.52078,1.52086,1.00,1.00
2015.11.17 10:07:42.172,1.52076,1.52085,1.50,1.37
2015.11.17 10:07:42.476,1.52069,1.52076,1.00,1.00
2015.11.17 10:07:42.797,1.52066,1.52074,1.09,4.50
2015.11.17 10:07:43.306,1.52064,1.52074,2.62,4.50
2015.11.17 10:07:44.261,1.52065,1.52074,1.00,4.50
2015.11.17 10:07:44.616,1.52066,1.52076,1.00,4.50
2015.11.17 10:07:44.667,1.52064,1.52074,3.37,1.00
2015.11.17 10:07:44.818,1.52064,1.52074,2.62,3.75
2015.11.17 10:07:45.122,1.52066,1.52073,1.00,1.37
2015.11.17 10:07:45.629,1.52065,1.52073,1.00,1.50
2015.11.17 10:07:46.148,1.52064,1.52073,1.00,1.50
2015.11.17 10:07:46.806,1.52066,1.52074,1.00,4.50
2015.11.17 10:07:47.765,1.52065,1.52074,1.50,3.75
2015.11.17 10:07:48.272,1.52064,1.52074,1.00,4.50
2015.11.17 10:07:49.834,1.52064,1.52073,1.00,4.50
2015.11.17 10:07:50.206,1.52063,1.52071,1.09,4.50
2015.11.17 10:07:51.017,1.52061,1.52071,1.00,4.50
2015.11.17 10:07:51.813,1.5206,1.52071,1.50,5.25
2015.11.17 10:07:52.320,1.52059,1.52069,1.87,1.12
2015.11.17 10:07:52.839,1.52059,1.52069,2.62,1.37
2015.11.17 10:07:53.351,1.52059,1.52069,1.87,3.37
2015.11.17 10:07:53.924,1.52059,1.52068,1.00,4.50
2015.11.17 10:07:54.430,1.52058,1.52068,2.62,4.50
2015.11.17 10:07:56.286,1.52057,1.52064,1.87,1.00
2015.11.17 10:07:56.503,1.5205,1.5206,1.00,4.50
2015.11.17 10:07:56.706,1.52048,1.52059,2.62,1.37
2015.11.17 10:07:58.183,1.52051,1.52059,1.00,1.50
2015.11.17 10:07:58.436,1.52048,1.5206,3.37,4.50
2015.11.17 10:07:58.991,1.52049,1.52058,1.00,1.00
2015.11.17 10:07:59.396,1.52048,1.52055,1.00,1.00
2015.11.17 10:07:59.599,1.52041,1.52049,1.50,1.00
2015.11.17 10:07:59.700,1.52039,1.52048,1.50,1.50
2015.11.17 10:08:00.247,1.52039,1.52048,2.25,1.50
2015.11.17 10:08:00.754,1.52039,1.52048,1.00,1.00
2015.11.17 10:08:00.805,1.52037,1.52047,1.00,1.50
2015.11.17 10:08:00.906,1.52034,1.52045,1.00,3.00
2015.11.17 10:08:01.084,1.5203,1.52041,4.50,1.50
2015.11.17 10:08:01.135,1.52029,1.5204,1.00,3.00
2015.11.17 10:08:01.236,1.52029,1.5204,1.00,1.00
2015.11.17 10:08:01.746,1.52028,1.5204,2.25,1.50
2015.11.17 10:08:01.999,1.5203,1.5204,1.00,1.00
2015.11.17 10:08:02.050,1.52028,1.5204,1.50,1.50
2015.11.17 10:08:02.215,1.52029,1.5204,1.12,2.87
2015.11.17 10:08:02.722,1.52029,1.52039,1.00,1.12
2015.11.17 10:08:03.576,1.52029,1.52039,1.00,1.00
2015.11.17 10:08:04.084,1.52028,1.52039,1.00,1.00
2015.11.17 10:08:04.388,1.52029,1.5204,1.87,2.62
2015.11.17 10:08:04.700,1.52032,1.52041,1.12,1.87
2015.11.17 10:08:04.905,1.52035,1.52044,1.50,1.00
2015.11.17 10:08:04.957,1.52035,1.52046,1.00,1.00
2015.11.17 10:08:05.008,1.52036,1.52046,1.50,3.75
2015.11.17 10:08:05.109,1.52036,1.52046,1.50,1.50
2015.11.17 10:08:05.211,1.52036,1.52045,1.50,4.50
2015.11.17 10:08:05.415,1.52033,1.52041,1.12,1.00
2015.11.17 10:08:05.517,1.5203,1.5204,2.25,4.50
2015.11.17 10:08:05.669,1.52027,1.52036,1.87,1.00
2015.11.17 10:08:05.891,1.52026,1.52034,1.12,1.00
2015.11.17 10:08:06.197,1.5202,1.5203,2.62,1.12
2015.11.17 10:08:06.502,1.5202,1.52029,1.75,1.50
2015.11.17 10:08:06.654,1.52019,1.52027,1.50,1.00
2015.11.17 10:08:07.195,1.5202,1.52027,1.00,1.00
2015.11.17 10:08:07.729,1.52019,1.52027,1.50,1.00
2015.11.17 10:08:08.274,1.52018,1.52027,1.50,1.00
2015.11.17 10:08:09.837,1.52022,1.52027,1.00,1.00
2015.11.17 10:08:12.052,1.52022,1.52028,1.00,1.00
2015.11.17 10:08:12.656,1.52022,1.52028,1.00,1.00
2015.11.17 10:08:14.371,1.52023,1.52027,1.00,1.00
2015.11.17 10:08:14.878,1.52023,1.52029,1.00,1.87
2015.11.17 10:08:15.433,1.52021,1.52029,1.00,1.50
2015.11.17 10:08:21.042,1.5202,1.52028,1.12,1.12
2015.11.17 10:08:23.514,1.5202,1.52029,1.00,1.12
2015.11.17 10:08:24.020,1.52019,1.52028,2.25,1.00
2015.11.17 10:08:24.868,1.5202,1.52028,1.00,1.00
2015.11.17 10:08:25.578,1.5202,1.5203,1.00,1.50
2015.11.17 10:08:28.333,1.52022,1.52031,1.00,5.62
2015.11.17 10:08:28.637,1.5203,1.52032,1.00,1.12
2015.11.17 10:08:28.688,1.5203,1.52038,1.50,1.00
2015.11.17 10:08:29.213,1.52031,1.5204,1.12,1.87
2015.11.17 10:08:29.921,1.52031,1.5204,1.00,1.50
2015.11.17 10:08:30.341,1.52032,1.52038,1.00,1.00
2015.11.17 10:08:37.720,1.52032,1.52039,1.00,1.00
2015.11.17 10:08:39.196,1.52031,1.52039,1.50,1.00
2015.11.17 10:08:40.006,1.52029,1.52038,4.12,1.12
2015.11.17 10:08:40.156,1.52028,1.52036,1.12,1.00
2015.11.17 10:08:40.514,1.52027,1.52036,1.00,5.25
2015.11.17 10:08:40.768,1.52024,1.52035,1.87,4.50
2015.11.17 10:08:41.274,1.52023,1.52034,3.00,6.00
2015.11.17 10:08:41.325,1.52023,1.52031,3.00,3.75
2015.11.17 10:08:41.843,1.52023,1.52031,1.50,3.75
2015.11.17 10:08:42.349,1.52021,1.52031,1.37,4.50
2015.11.17 10:08:44.491,1.52023,1.52031,1.00,4.50
2015.11.17 10:08:44.946,1.52022,1.52032,1.12,1.12
2015.11.17 10:08:45.047,1.52022,1.52033,6.00,2.25
2015.11.17 10:08:45.937,1.52022,1.52031,3.75,1.00
2015.11.17 10:08:46.444,1.52022,1.52032,3.75,1.87
2015.11.17 10:08:46.748,1.52021,1.5203,1.37,1.12
2015.11.17 10:08:54.693,1.5202,1.52029,4.50,1.00
2015.11.17 10:08:55.010,1.52015,1.52021,1.37,1.00
2015.11.17 10:08:55.213,1.52012,1.52021,1.00,1.00
2015.11.17 10:08:55.786,1.52013,1.52022,1.12,1.00
2015.11.17 10:08:56.039,1.52013,1.52024,4.50,1.87
2015.11.17 10:08:58.631,1.52017,1.52024,1.00,1.50
2015.11.17 10:08:58.733,1.52017,1.52026,1.00,1.12
2015.11.17 10:08:58.783,1.52018,1.52026,3.75,1.00
2015.11.17 10:08:58.835,1.52018,1.52028,3.75,1.50
2015.11.17 10:08:59.038,1.52019,1.5203,6.00,1.00
2015.11.17 10:08:59.478,1.52019,1.52028,4.12,1.00
2015.11.17 10:09:04.227,1.52019,1.52027,3.75,1.00
2015.11.17 10:09:04.329,1.52019,1.52029,4.12,1.12
2015.11.17 10:09:04.430,1.5202,1.52032,2.25,1.50
2015.11.17 10:09:04.582,1.52022,1.52032,5.25,1.50
2015.11.17 10:09:04.975,1.52027,1.52033,1.00,1.00
2015.11.17 10:09:05.229,1.52027,1.52038,2.25,1.87
2015.11.17 10:09:05.280,1.52027,1.52038,1.87,4.50
2015.11.17 10:09:05.583,1.52028,1.52037,3.75,1.00
2015.11.17 10:09:06.140,1.52028,1.52038,3.75,1.87
2015.11.17 10:09:08.495,1.5203,1.52039,1.87,1.00
2015.11.17 10:09:09.027,1.5203,1.5204,1.12,1.12
2015.11.17 10:09:09.533,1.52029,1.52039,2.62,1.00
2015.11.17 10:09:12.211,1.52028,1.52038,4.50,1.00
2015.11.17 10:09:12.468,1.52024,1.52034,1.12,1.50
2015.11.17 10:09:12.875,1.52022,1.52032,2.25,3.37
2015.11.17 10:09:13.290,1.5202,1.5203,1.87,1.12
2015.11.17 10:09:14.722,1.5202,1.5203,1.00,1.50
2015.11.17 10:09:14.874,1.5202,1.52029,1.00,4.12
2015.11.17 10:09:15.482,1.52017,1.52026,4.87,1.50
2015.11.17 10:09:15.744,1.52012,1.52022,1.12,1.50
2015.11.17 10:09:15.795,1.52011,1.5202,1.87,1.12
2015.11.17 10:09:16.708,1.52013,1.52022,3.75,1.00
2015.11.17 10:09:17.183,1.52014,1.52024,3.75,1.50
2015.11.17 10:09:19.005,1.52014,1.52024,1.12,3.37
2015.11.17 10:09:19.526,1.52013,1.52024,2.62,3.75
2015.11.17 10:09:20.083,1.52013,1.52024,3.00,3.75
2015.11.17 10:09:20.538,1.52014,1.52025,1.50,1.00
2015.11.17 10:09:21.028,1.52015,1.52025,3.75,1.50
2015.11.17 10:09:21.585,1.52018,1.52027,3.37,1.75
2015.11.17 10:09:22.095,1.52018,1.52026,3.75,1.00
2015.11.17 10:09:22.687,1.52017,1.52026,5.62,1.00
2015.11.17 10:09:23.193,1.52018,1.52026,3.75,1.00
2015.11.17 10:09:23.518,1.52018,1.52024,4.87,1.00
2015.11.17 10:09:24.735,1.52019,1.52025,1.50,1.00
2015.11.17 10:09:30.524,1.52019,1.52021,1.12,1.00
2015.11.17 10:09:30.575,1.52016,1.52022,1.12,1.00
2015.11.17 10:09:30.626,1.52017,1.52021,3.37,1.00
2015.11.17 10:09:30.780,1.52012,1.52021,1.00,1.50
2015.11.17 10:09:30.831,1.52012,1.52021,4.12,1.12
2015.11.17 10:09:31.338,1.52014,1.52021,1.37,1.00
2015.11.17 10:09:31.477,1.52014,1.52025,1.37,5.25
2015.11.17 10:09:31.630,1.52014,1.52025,4.12,1.87
2015.11.17 10:09:32.137,1.52017,1.52025,1.87,1.00
2015.11.17 10:09:32.189,1.52019,1.52024,1.50,1.00
2015.11.17 10:09:32.694,1.5202,1.52024,1.50,1.00
2015.11.17 10:09:33.458,1.52018,1.52025,3.75,1.00
2015.11.17 10:09:36.305,1.5202,1.52024,1.12,1.00
2015.11.17 10:09:38.642,1.5202,1.52025,1.12,1.00
2015.11.17 10:09:40.544,1.52019,1.52024,4.50,1.00
2015.11.17 10:09:41.507,1.52019,1.52025,4.50,1.00
2015.11.17 10:09:42.360,1.5202,1.52024,1.87,1.00
2015.11.17 10:09:42.664,1.52018,1.52025,1.00,1.00
2015.11.17 10:09:43.171,1.52019,1.52025,1.00,1.00
2015.11.17 10:09:43.688,1.5202,1.52024,1.12,1.00
2015.11.17 10:09:47.157,1.52019,1.52026,2.62,1.00
2015.11.17 10:09:47.678,1.52021,1.52026,1.50,1.00
2015.11.17 10:09:49.966,1.52023,1.52026,1.00,1.00
2015.11.17 10:09:50.499,1.52023,1.52027,1.00,1.00
2015.11.17 10:09:51.106,1.52021,1.52027,1.00,1.00
2015.11.17 10:09:51.157,1.52019,1.52027,1.87,1.00
2015.11.17 10:09:52.182,1.52019,1.52027,1.50,1.00
2015.11.17 10:09:53.221,1.52019,1.52027,1.50,1.12
2015.11.17 10:09:53.728,1.5202,1.52027,1.00,1.12
2015.11.17 10:09:54.286,1.52021,1.52028,1.00,1.50
2015.11.17 10:09:54.803,1.52022,1.52028,1.00,1.00
2015.11.17 10:09:55.309,1.52021,1.52028,1.12,1.00
2015.11.17 10:09:55.360,1.52023,1.52028,1.00,1.00
2015.11.17 10:09:55.462,1.52021,1.52028,1.50,1.00
2015.11.17 10:09:56.189,1.52019,1.52025,2.62,1.00
2015.11.17 10:09:56.291,1.52017,1.52025,1.00,1.50
2015.11.17 10:09:56.342,1.52017,1.52022,1.00,1.00
2015.11.17 10:09:56.444,1.52014,1.52022,1.37,1.00
2015.11.17 10:09:56.495,1.52014,1.52022,1.00,4.50
2015.11.17 10:09:56.597,1.52012,1.52022,1.37,1.12
2015.11.17 10:09:56.966,1.52012,1.52022,1.50,4.50
2015.11.17 10:09:58.365,1.52012,1.52022,1.00,4.87
2015.11.17 10:09:58.873,1.52013,1.52022,1.00,4.50
2015.11.17 10:10:00.534,1.52014,1.52022,1.00,3.75
2015.11.17 10:10:00.687,1.52014,1.52024,1.00,3.75
2015.11.17 10:10:00.789,1.52016,1.52024,1.00,3.75
2015.11.17 10:10:01.093,1.52016,1.52026,1.87,3.75
2015.11.17 10:10:01.426,1.5202,1.52029,1.00,4.50
2015.11.17 10:10:01.731,1.52024,1.5203,1.00,1.00
2015.11.17 10:10:02.037,1.52024,1.52033,1.00,1.50
2015.11.17 10:10:02.088,1.52024,1.5203,1.50,1.00
2015.11.17 10:10:02.611,1.52024,1.52033,1.00,5.25
2015.11.17 10:10:04.380,1.52022,1.52031,1.00,1.00
2015.11.17 10:10:04.910,1.5202,1.52031,3.00,3.75
2015.11.17 10:10:05.434,1.5202,1.5203,3.75,1.00
2015.11.17 10:10:05.485,1.5202,1.5203,4.12,1.00
2015.11.17 10:10:07.934,1.5202,1.52029,1.00,1.00
2015.11.17 10:10:08.087,1.52018,1.52029,1.00,1.50
2015.11.17 10:10:08.138,1.52017,1.52026,1.37,1.00
2015.11.17 10:10:08.800,1.52017,1.52026,1.37,1.00
2015.11.17 10:10:09.003,1.52017,1.52026,1.00,1.00
2015.11.17 10:10:12.740,1.52018,1.52026,1.00,1.00
2015.11.17 10:10:13.415,1.5202,1.52026,1.00,1.00
2015.11.17 10:10:13.921,1.52021,1.52029,1.00,3.75
2015.11.17 10:10:15.682,1.5202,1.52029,1.00,3.75
2015.11.17 10:10:16.191,1.5202,1.5203,1.12,3.75
2015.11.17 10:10:24.549,1.52019,1.52029,2.25,4.50
2015.11.17 10:10:25.055,1.52019,1.52029,2.25,1.50
2015.11.17 10:10:25.359,1.52014,1.52021,1.00,4.50
2015.11.17 10:10:25.886,1.52014,1.52018,1.00,1.00
2015.11.17 10:10:26.194,1.5201,1.52018,1.50,1.00
2015.11.17 10:10:27.118,1.5201,1.52018,1.12,1.00
2015.11.17 10:10:30.764,1.52009,1.52018,1.50,1.00
2015.11.17 10:10:31.270,1.52009,1.52018,1.12,1.50
2015.11.17 10:10:33.471,1.52009,1.52016,1.00,1.00
2015.11.17 10:10:33.573,1.52006,1.52013,1.87,1.00
2015.11.17 10:10:34.121,1.52004,1.52013,1.75,1.12
2015.11.17 10:10:34.728,1.52003,1.52013,1.87,1.12
2015.11.17 10:10:35.389,1.52005,1.52015,1.00,4.50
2015.11.17 10:10:35.694,1.52007,1.52016,1.00,4.50
2015.11.17 10:10:35.997,1.52007,1.52016,1.00,1.12
2015.11.17 10:10:37.625,1.52008,1.52016,1.00,1.12
2015.11.17 10:10:37.676,1.52008,1.52015,1.00,4.12
2015.11.17 10:10:37.828,1.52004,1.52013,1.00,3.75
2015.11.17 10:10:38.335,1.52003,1.52013,1.50,4.50
2015.11.17 10:10:40.123,1.52004,1.52013,1.00,4.50
2015.11.17 10:10:41.614,1.52004,1.52013,1.00,1.12
2015.11.17 10:10:42.524,1.52005,1.52013,1.00,1.12
2015.11.17 10:10:43.062,1.52004,1.52013,1.50,1.12
2015.11.17 10:10:43.573,1.52005,1.52013,1.00,1.12
2015.11.17 10:10:44.302,1.52005,1.52012,1.00,1.00
2015.11.17 10:10:44.858,1.52004,1.52012,1.50,1.00
2015.11.17 10:10:45.377,1.52005,1.52012,1.00,1.00
2015.11.17 10:10:46.397,1.52005,1.52011,1.50,1.00
2015.11.17 10:10:46.549,1.52002,1.52011,1.00,2.25
2015.11.17 10:10:47.055,1.52001,1.52011,1.00,5.25
2015.11.17 10:10:47.207,1.52003,1.5201,1.00,1.00
2015.11.17 10:10:49.828,1.52003,1.52011,1.00,3.75
2015.11.17 10:10:50.132,1.51996,1.52004,1.12,1.50
2015.11.17 10:10:50.336,1.51993,1.52003,1.37,4.87
2015.11.17 10:10:50.668,1.51992,1.52001,1.12,3.75
2015.11.17 10:10:52.048,1.51992,1.52001,1.50,3.75
2015.11.17 10:10:52.504,1.51997,1.52003,1.00,5.25
2015.11.17 10:10:52.555,1.51995,1.52003,1.00,1.50
2015.11.17 10:10:53.111,1.51993,1.52003,1.87,2.25
2015.11.17 10:10:53.263,1.51992,1.52003,1.12,2.25
2015.11.17 10:10:53.314,1.51992,1.52002,1.12,3.37
2015.11.17 10:10:55.511,1.51991,1.52001,1.87,3.37
2015.11.17 10:10:56.372,1.51992,1.52001,1.00,3.75
2015.11.17 10:10:56.922,1.51991,1.52001,1.87,3.75
2015.11.17 10:10:57.735,1.51992,1.52001,1.00,3.75
2015.11.17 10:10:59.422,1.51992,1.52001,1.00,1.50
2015.11.17 10:10:59.928,1.51994,1.52003,1.50,5.25
2015.11.17 10:11:00.465,1.51994,1.52002,1.00,3.75
2015.11.17 10:11:00.617,1.51992,1.52002,1.00,3.75
2015.11.17 10:11:02.300,1.51993,1.52002,1.00,3.75
2015.11.17 10:11:04.254,1.51994,1.52003,1.00,3.75
2015.11.17 10:11:04.305,1.51996,1.52003,1.00,3.75
2015.11.17 10:11:04.622,1.52001,1.52007,1.00,3.75
2015.11.17 10:11:04.673,1.52002,1.5201,1.00,3.75
2015.11.17 10:11:04.775,1.52001,1.52012,1.50,6.00
2015.11.17 10:11:05.282,1.52002,1.52012,1.00,1.50
2015.11.17 10:11:10.460,1.52002,1.52012,1.87,1.50
2015.11.17 10:11:10.713,1.52005,1.52011,1.00,1.00
2015.11.17 10:11:12.706,1.52003,1.52011,1.87,1.00
2015.11.17 10:11:13.264,1.52004,1.52011,1.00,1.00
2015.11.17 10:11:20.810,1.52006,1.52011,1.00,1.00
2015.11.17 10:11:21.115,1.52011,1.52015,1.50,3.37
2015.11.17 10:11:21.166,1.52011,1.5202,1.50,3.75
2015.11.17 10:11:21.217,1.52016,1.5202,1.12,3.37
2015.11.17 10:11:21.269,1.52016,1.52021,1.12,1.00
2015.11.17 10:11:21.321,1.52018,1.52023,1.50,3.37
2015.11.17 10:11:21.473,1.5202,1.52029,2.62,4.50
2015.11.17 10:11:21.575,1.5202,1.52029,2.25,1.00
2015.11.17 10:11:21.871,1.52019,1.52029,1.12,1.12
2015.11.17 10:11:22.380,1.52019,1.52027,1.00,1.00
2015.11.17 10:11:22.935,1.52018,1.52027,1.50,1.00
2015.11.17 10:11:23.241,1.52018,1.52027,4.50,1.00
2015.11.17 10:11:23.750,1.52019,1.52027,1.12,1.12
2015.11.17 10:11:24.054,1.52019,1.52029,6.00,1.00
2015.11.17 10:11:25.280,1.5202,1.52029,1.00,1.00
2015.11.17 10:11:26.839,1.5202,1.52031,3.75,1.87
2015.11.17 10:11:27.152,1.52026,1.52035,1.50,1.50
2015.11.17 10:11:27.660,1.52026,1.52035,1.00,1.50
2015.11.17 10:11:28.166,1.52026,1.52035,1.00,1.87
2015.11.17 10:11:28.715,1.52026,1.52033,1.00,1.00
2015.11.17 10:11:28.969,1.52026,1.52036,1.00,2.25
2015.11.17 10:11:37.560,1.52026,1.52035,1.00,4.50
2015.11.17 10:11:38.091,1.52026,1.52034,1.00,3.75
2015.11.17 10:11:38.395,1.52027,1.52036,1.00,4.50
2015.11.17 10:11:38.497,1.52028,1.52038,1.00,1.37
2015.11.17 10:11:38.599,1.5203,1.52038,1.00,1.00
2015.11.17 10:11:38.701,1.5203,1.5204,1.50,2.25
2015.11.17 10:11:40.555,1.52028,1.5204,5.25,4.87
2015.11.17 10:11:40.606,1.52028,1.52038,2.25,1.00
2015.11.17 10:11:42.567,1.52028,1.52038,1.12,1.50
2015.11.17 10:11:43.104,1.52027,1.52037,2.25,1.00
2015.11.17 10:11:43.611,1.52028,1.52037,1.00,1.00
2015.11.17 10:11:46.412,1.52028,1.52038,2.25,1.00
2015.11.17 10:11:46.867,1.52029,1.5204,1.37,1.12
2015.11.17 10:11:48.100,1.5203,1.52042,2.25,4.50
2015.11.17 10:11:48.606,1.52032,1.52041,1.00,1.00
2015.11.17 10:11:49.128,1.52033,1.52041,1.00,1.00
2015.11.17 10:11:51.931,1.52032,1.52041,1.12,1.00
2015.11.17 10:11:56.854,1.52033,1.52041,1.12,1.00
2015.11.17 10:11:59.966,1.52033,1.52043,2.25,1.50
2015.11.17 10:12:06.030,1.52033,1.52043,1.12,1.50
2015.11.17 10:12:08.367,1.52032,1.52042,1.50,1.00
2015.11.17 10:12:10.980,1.52032,1.52041,1.00,1.00
2015.11.17 10:12:11.687,1.52031,1.52041,1.50,1.50
2015.11.17 10:12:13.089,1.5203,1.52041,1.87,2.25
2015.11.17 10:12:13.595,1.52031,1.52041,1.00,1.50
2015.11.17 10:12:14.462,1.52031,1.52036,1.00,1.50
2015.11.17 10:12:14.564,1.52026,1.52035,1.37,1.12
2015.11.17 10:12:14.615,1.52026,1.52034,1.37,1.37
2015.11.17 10:12:14.666,1.52022,1.52033,4.50,1.50
2015.11.17 10:12:14.768,1.52022,1.5203,1.50,1.00
2015.11.17 10:12:16.726,1.52021,1.52031,1.00,1.50
2015.11.17 10:12:17.232,1.5202,1.52031,1.12,2.25
2015.11.17 10:12:17.774,1.52021,1.52031,1.00,2.25
2015.11.17 10:12:25.293,1.52021,1.52031,2.25,1.00
2015.11.17 10:12:34.279,1.52022,1.52031,1.00,1.00
2015.11.17 10:12:36.628,1.52022,1.52032,2.25,1.00
2015.11.17 10:12:37.433,1.52025,1.52032,1.00,1.00
2015.11.17 10:12:37.484,1.52025,1.52034,1.00,1.12
2015.11.17 10:12:37.738,1.52028,1.52036,1.00,1.50
2015.11.17 10:12:38.057,1.52032,1.52041,1.50,1.50
2015.11.17 10:12:38.817,1.52032,1.52042,1.50,1.50
2015.11.17 10:12:40.223,1.52033,1.52042,3.75,1.00
2015.11.17 10:12:44.297,1.52033,1.52044,4.50,1.87
2015.11.17 10:12:48.085,1.52037,1.52045,1.00,3.75
2015.11.17 10:12:48.136,1.52037,1.52045,1.00,1.00
2015.11.17 10:12:48.187,1.52039,1.52045,1.00,1.00
2015.11.17 10:12:48.491,1.52041,1.52052,6.00,1.37
2015.11.17 10:12:48.730,1.52042,1.52054,1.50,3.75
2015.11.17 10:13:00.816,1.52042,1.52052,2.25,1.12
2015.11.17 10:13:07.710,1.52042,1.52053,2.25,1.12
2015.11.17 10:13:07.986,1.5205,1.52055,1.50,1.37
2015.11.17 10:13:08.088,1.52051,1.52058,1.00,3.75
2015.11.17 10:13:08.140,1.52051,1.52058,1.37,3.75
2015.11.17 10:13:08.191,1.52051,1.52061,1.87,1.00
2015.11.17 10:13:08.495,1.52053,1.52063,4.50,1.12
2015.11.17 10:13:10.460,1.5206,1.52064,1.00,1.50
2015.11.17 10:13:10.613,1.5206,1.52068,2.25,1.12
2015.11.17 10:13:10.664,1.5206,1.52071,6.00,1.87
2015.11.17 10:13:12.668,1.5206,1.52071,6.75,1.75
2015.11.17 10:13:13.190,1.52061,1.52071,4.50,1.75
2015.11.17 10:13:15.087,1.52061,1.5207,5.25,1.00
2015.11.17 10:13:15.410,1.52061,1.52068,4.12,1.00
2015.11.17 10:13:15.613,1.52061,1.52071,4.12,1.50
2015.11.17 10:13:15.663,1.52065,1.52071,1.00,1.00
2015.11.17 10:13:15.968,1.52073,1.5208,1.00,3.75
2015.11.17 10:13:16.019,1.52071,1.52081,1.00,2.25
2015.11.17 10:13:16.309,1.52072,1.52082,4.50,1.00
2015.11.17 10:13:24.813,1.52073,1.52082,1.00,1.37
2015.11.17 10:13:25.118,1.52073,1.52077,1.00,1.00
2015.11.17 10:13:25.270,1.52073,1.52079,1.00,1.87
2015.11.17 10:13:25.422,1.52073,1.52081,1.00,1.12
2015.11.17 10:13:26.342,1.52073,1.5208,1.00,1.00
2015.11.17 10:13:26.848,1.52072,1.52079,1.00,1.00
2015.11.17 10:13:27.116,1.52072,1.52081,1.00,1.87
2015.11.17 10:13:28.129,1.52075,1.52082,1.00,1.50
2015.11.17 10:13:28.434,1.52077,1.52085,2.25,1.00
2015.11.17 10:13:28.955,1.52077,1.52083,2.62,1.00
2015.11.17 10:13:29.056,1.52074,1.52083,3.75,1.00
2015.11.17 10:13:29.259,1.52073,1.52083,1.50,1.50
2015.11.17 10:13:29.777,1.52073,1.52082,1.00,1.50
2015.11.17 10:13:31.346,1.52075,1.52082,1.00,1.00
2015.11.17 10:13:31.651,1.52077,1.52084,2.25,1.00
2015.11.17 10:13:32.706,1.52074,1.52084,1.87,1.00
2015.11.17 10:13:35.031,1.52078,1.52084,2.62,1.00
2015.11.17 10:13:35.082,1.52078,1.52086,2.62,1.00
2015.11.17 10:13:35.632,1.52078,1.52084,2.25,1.00
2015.11.17 10:13:36.340,1.52075,1.52084,1.50,1.00
2015.11.17 10:13:36.861,1.52076,1.52085,1.12,1.00
2015.11.17 10:13:36.954,1.52076,1.52086,4.87,1.12
2015.11.17 10:13:37.259,1.52084,1.52091,1.00,1.37
2015.11.17 10:13:37.360,1.52084,1.52094,1.00,4.50
2015.11.17 10:13:37.563,1.52085,1.52094,1.50,1.12
2015.11.17 10:13:38.537,1.52088,1.52095,2.25,1.50
2015.11.17 10:13:38.639,1.52088,1.52096,2.62,1.00
2015.11.17 10:13:39.146,1.52089,1.52097,1.37,1.50
2015.11.17 10:13:40.278,1.52087,1.52098,4.50,1.87
2015.11.17 10:13:41.360,1.52087,1.52098,4.50,1.00
2015.11.17 10:13:44.346,1.52089,1.52099,1.12,1.87
2015.11.17 10:13:44.397,1.52091,1.52099,1.00,1.12
2015.11.17 10:13:44.701,1.52092,1.52101,1.50,1.00
2015.11.17 10:13:45.646,1.52092,1.52101,1.50,1.50
2015.11.17 10:13:46.355,1.52091,1.52097,1.50,1.00
2015.11.17 10:13:46.457,1.52088,1.52097,4.50,1.00
2015.11.17 10:13:47.178,1.52087,1.52097,1.37,1.50
2015.11.17 10:13:47.634,1.52087,1.52095,1.37,1.00
2015.11.17 10:13:47.939,1.52085,1.52092,2.25,1.00
2015.11.17 10:13:48.091,1.52083,1.52092,1.12,1.00
2015.11.17 10:13:50.229,1.52083,1.52091,1.12,1.00
2015.11.17 10:13:50.332,1.52082,1.52089,1.37,1.00
2015.11.17 10:13:50.838,1.5208,1.52089,3.00,1.50
2015.11.17 10:13:51.373,1.5208,1.5209,3.00,3.00
2015.11.17 10:13:52.393,1.5208,1.52089,3.00,1.00
2015.11.17 10:13:52.926,1.5208,1.5209,3.00,3.00
2015.11.17 10:13:53.433,1.5208,1.5209,3.00,3.00
2015.11.17 10:13:53.964,1.5208,1.52089,3.75,1.37
2015.11.17 10:13:54.470,1.5208,1.52089,3.00,1.00
2015.11.17 10:13:54.986,1.5208,1.5209,3.00,3.00
2015.11.17 10:13:55.853,1.5208,1.52089,3.00,1.00
2015.11.17 10:13:55.904,1.5208,1.52089,1.00,1.00
2015.11.17 10:13:56.427,1.5208,1.52088,1.00,1.50
2015.11.17 10:14:00.962,1.5208,1.52087,1.00,1.00
2015.11.17 10:14:01.216,1.52077,1.52087,1.00,2.62
2015.11.17 10:14:01.571,1.52077,1.52084,1.00,1.00
2015.11.17 10:14:03.196,1.52077,1.52085,1.00,1.50
2015.11.17 10:14:03.601,1.52077,1.52083,1.00,1.87
2015.11.17 10:14:04.038,1.52075,1.52083,1.00,1.12
2015.11.17 10:14:05.559,1.52075,1.52082,1.00,1.00
2015.11.17 10:14:08.668,1.52073,1.52082,3.00,1.37
2015.11.17 10:14:10.086,1.52073,1.52082,1.50,1.37
2015.11.17 10:14:10.662,1.52073,1.52082,1.50,1.12
2015.11.17 10:14:14.662,1.52073,1.52084,1.50,1.37
2015.11.17 10:14:14.764,1.52076,1.52084,1.00,1.00
2015.11.17 10:14:15.268,1.52074,1.52085,3.75,1.87
2015.11.17 10:14:16.439,1.52075,1.52085,1.50,1.12
2015.11.17 10:14:16.743,1.52079,1.52087,3.75,1.12
2015.11.17 10:14:17.350,1.52081,1.52088,1.00,1.00
2015.11.17 10:14:17.553,1.52081,1.52091,5.25,1.87
2015.11.17 10:14:18.102,1.52082,1.52091,3.75,1.12
2015.11.17 10:14:21.498,1.52082,1.52092,3.75,1.00
2015.11.17 10:14:21.650,1.52087,1.52095,2.25,1.87
2015.11.17 10:14:21.954,1.52088,1.52098,5.25,2.25
2015.11.17 10:14:22.273,1.5209,1.52098,4.50,1.00
2015.11.17 10:14:22.780,1.5209,1.52098,1.50,1.00
2015.11.17 10:14:30.688,1.5209,1.521,1.50,1.75
2015.11.17 10:14:32.054,1.52092,1.521,1.00,1.75
2015.11.17 10:14:32.105,1.52092,1.521,1.00,1.00
2015.11.17 10:14:32.813,1.5209,1.521,1.50,1.50
2015.11.17 10:14:36.456,1.5209,1.521,1.50,2.25
2015.11.17 10:14:40.308,1.5209,1.52097,1.50,1.00
2015.11.17 10:14:40.612,1.52085,1.52092,3.37,1.87
2015.11.17 10:14:40.663,1.52083,1.52092,1.00,5.25
2015.11.17 10:14:41.246,1.52082,1.52092,1.12,5.25
2015.11.17 10:14:41.603,1.52082,1.52087,1.12,1.00
2015.11.17 10:14:42.061,1.52081,1.52084,1.12,1.00
2015.11.17 10:14:42.265,1.52077,1.52083,1.37,1.00
2015.11.17 10:14:42.316,1.52077,1.52081,1.37,1.00
2015.11.17 10:14:42.367,1.52075,1.52081,1.00,1.00
2015.11.17 10:14:42.470,1.52071,1.52082,5.25,1.00
2015.11.17 10:14:42.724,1.52074,1.52084,1.50,1.50
2015.11.17 10:14:42.826,1.52076,1.52086,1.87,4.87
2015.11.17 10:14:42.877,1.52076,1.52086,2.25,1.00
2015.11.17 10:14:43.181,1.52077,1.52087,4.50,1.12
2015.11.17 10:14:43.697,1.52077,1.52087,1.12,2.25
2015.11.17 10:14:45.543,1.52075,1.52085,5.25,1.00
2015.11.17 10:14:46.075,1.52075,1.52084,4.50,1.00
2015.11.17 10:14:50.664,1.52075,1.52083,5.25,1.00
2015.11.17 10:14:50.871,1.52075,1.52082,1.00,1.00
2015.11.17 10:14:50.924,1.52071,1.52079,4.87,1.00
2015.11.17 10:14:51.076,1.52069,1.52077,1.37,1.00
2015.11.17 10:14:51.381,1.52068,1.52079,5.62,1.50
2015.11.17 10:14:51.583,1.52068,1.52077,5.62,1.00
2015.11.17 10:14:51.952,1.52068,1.52079,5.62,1.50
2015.11.17 10:14:52.681,1.52068,1.52078,4.87,1.00
2015.11.17 10:14:53.361,1.52068,1.52076,4.87,1.00
2015.11.17 10:14:53.516,1.52068,1.52077,1.12,1.00
2015.11.17 10:14:54.030,1.52068,1.52076,1.12,1.00
2015.11.17 10:15:04.285,1.52068,1.52073,1.00,1.00
2015.11.17 10:15:04.420,1.52067,1.52075,1.00,1.00
2015.11.17 10:15:04.471,1.52068,1.52075,1.37,1.00
2015.11.17 10:15:04.774,1.52069,1.52077,4.50,1.87
2015.11.17 10:15:05.342,1.52069,1.52077,1.12,1.87
2015.11.17 10:15:05.873,1.52069,1.52077,1.12,1.50
2015.11.17 10:15:10.087,1.52069,1.52078,1.12,1.12
2015.11.17 10:15:10.985,1.52069,1.52075,1.12,1.00
2015.11.17 10:15:11.037,1.52067,1.52075,1.87,1.00
2015.11.17 10:15:11.190,1.52067,1.52077,1.12,1.12
2015.11.17 10:15:13.748,1.52065,1.52075,4.50,1.00
2015.11.17 10:15:14.254,1.52065,1.52074,4.50,1.00
2015.11.17 10:15:15.527,1.52065,1.52072,3.75,1.00
2015.11.17 10:15:15.680,1.52065,1.52072,1.00,1.00
2015.11.17 10:15:18.797,1.52065,1.52075,1.50,1.87
2015.11.17 10:15:18.949,1.52066,1.52076,5.62,1.50
2015.11.17 10:15:19.455,1.52066,1.52076,6.00,1.12
2015.11.17 10:15:20.391,1.52069,1.52076,1.00,1.00
2015.11.17 10:15:20.795,1.52066,1.52076,1.50,1.00
2015.11.17 10:15:20.998,1.52068,1.52076,3.75,1.00
2015.11.17 10:15:21.519,1.52067,1.52076,3.75,1.00
2015.11.17 10:15:22.278,1.52067,1.52077,3.75,1.12
2015.11.17 10:15:22.659,1.52067,1.52077,1.00,1.87
2015.11.17 10:15:23.166,1.52066,1.52076,2.25,1.00
2015.11.17 10:15:26.302,1.52065,1.52074,4.87,1.00
2015.11.17 10:15:26.823,1.52066,1.52075,1.12,1.37
2015.11.17 10:15:28.098,1.52065,1.52076,5.62,1.50
2015.11.17 10:15:28.857,1.52065,1.52073,3.75,1.00
2015.11.17 10:15:28.908,1.52064,1.52073,1.87,1.37
2015.11.17 10:15:29.931,1.52063,1.52071,1.37,1.00
2015.11.17 10:15:30.184,1.52064,1.5207,3.37,1.00
2015.11.17 10:15:30.235,1.52064,1.52074,3.75,1.87
2015.11.17 10:15:31.306,1.52067,1.52074,1.00,1.00
2015.11.17 10:15:31.868,1.52067,1.52073,1.00,1.00
2015.11.17 10:15:33.525,1.52067,1.52074,1.00,1.50
2015.11.17 10:15:35.901,1.52067,1.52074,1.37,1.00
2015.11.17 10:15:36.539,1.52069,1.52074,1.00,1.00
2015.11.17 10:15:36.590,1.52069,1.52076,1.00,1.00
2015.11.17 10:15:37.124,1.52069,1.52077,1.00,1.12
2015.11.17 10:15:37.630,1.52069,1.52076,1.00,1.00
2015.11.17 10:15:38.137,1.52069,1.52075,1.12,1.50
2015.11.17 10:15:38.340,1.52066,1.52075,1.87,1.50
2015.11.17 10:15:38.391,1.52066,1.52073,1.87,1.00
2015.11.17 10:15:38.653,1.52065,1.52074,1.87,1.00
2015.11.17 10:15:38.805,1.52063,1.52071,3.00,1.00
2015.11.17 10:15:39.059,1.52061,1.52069,1.50,1.00
2015.11.17 10:15:40.145,1.52061,1.52069,1.87,1.00
2015.11.17 10:15:40.652,1.52061,1.52069,1.37,1.00
2015.11.17 10:15:41.637,1.52061,1.52069,1.87,1.00
2015.11.17 10:15:41.738,1.52061,1.52069,1.50,1.00
2015.11.17 10:15:42.093,1.52061,1.52071,1.50,1.50
2015.11.17 10:15:42.446,1.52061,1.52069,1.00,1.00
2015.11.17 10:15:42.751,1.52061,1.5207,1.37,1.50
2015.11.17 10:15:43.207,1.52061,1.52068,1.37,1.00
2015.11.17 10:15:43.663,1.52061,1.5207,1.37,1.00
2015.11.17 10:15:43.801,1.52061,1.5207,1.87,1.50
2015.11.17 10:15:44.310,1.52061,1.52069,1.87,1.00
2015.11.17 10:15:45.288,1.52061,1.5207,1.50,1.50
2015.11.17 10:15:45.795,1.52061,1.5207,1.50,1.87
2015.11.17 10:15:47.409,1.5206,1.52068,1.37,1.00
2015.11.17 10:15:48.231,1.52061,1.5207,1.12,1.37
2015.11.17 10:15:48.738,1.52062,1.52071,1.00,3.75
2015.11.17 10:15:48.940,1.52062,1.52072,1.50,1.50
2015.11.17 10:15:49.814,1.52063,1.52071,1.00,1.00
2015.11.17 10:15:50.323,1.52062,1.52071,2.25,1.00
2015.11.17 10:15:51.247,1.52062,1.52071,1.12,4.12
2015.11.17 10:15:51.551,1.52053,1.52059,1.50,1.00
2015.11.17 10:15:51.755,1.52044,1.52052,2.25,1.00
2015.11.17 10:15:52.256,1.52043,1.52052,1.00,3.00
2015.11.17 10:15:52.763,1.52041,1.5205,1.12,1.50
2015.11.17 10:15:52.865,1.5204,1.52049,1.00,4.50
2015.11.17 10:15:53.199,1.52032,1.52039,1.50,1.00
2015.11.17 10:15:53.403,1.52031,1.52039,1.50,1.00
2015.11.17 10:15:53.912,1.52032,1.52041,1.00,1.50
2015.11.17 10:15:54.449,1.52032,1.52039,1.00,1.00
2015.11.17 10:15:55.115,1.52036,1.52041,1.00,1.50
2015.11.17 10:15:55.318,1.52037,1.52044,1.00,1.00
2015.11.17 10:15:55.480,1.52038,1.52047,1.12,1.37
2015.11.17 10:15:55.531,1.52041,1.52048,1.00,6.00
2015.11.17 10:15:55.582,1.52042,1.52048,1.00,2.62
2015.11.17 10:15:55.735,1.52044,1.52048,1.00,1.00
2015.11.17 10:15:56.140,1.52044,1.52051,1.00,1.12
2015.11.17 10:15:56.658,1.52044,1.52051,1.00,1.50
2015.11.17 10:15:56.912,1.52042,1.52051,1.12,1.50
2015.11.17 10:15:57.064,1.52045,1.52052,1.00,5.62
2015.11.17 10:15:57.535,1.52042,1.52051,1.12,1.50
2015.11.17 10:15:57.739,1.52039,1.52048,1.87,1.00
2015.11.17 10:15:57.791,1.52038,1.52045,1.50,1.00
2015.11.17 10:15:58.014,1.52035,1.52043,1.00,1.00
2015.11.17 10:15:58.318,1.52033,1.52041,2.62,1.12
2015.11.17 10:15:58.623,1.52031,1.52039,1.00,1.37
2015.11.17 10:15:59.181,1.52032,1.52039,1.00,1.37
2015.11.17 10:15:59.689,1.52031,1.52039,1.00,1.37
2015.11.17 10:16:00.653,1.5203,1.52039,1.12,1.37
2015.11.17 10:16:02.949,1.52035,1.52038,1.00,1.00
2015.11.17 10:16:03.000,1.52033,1.5204,1.12,3.37
2015.11.17 10:16:03.101,1.52035,1.52043,1.12,1.12
2015.11.17 10:16:03.203,1.52035,1.52043,4.50,1.00
2015.11.17 10:16:03.355,1.52037,1.52046,1.12,1.12
2015.11.17 10:16:03.467,1.52039,1.52047,1.00,2.25
2015.11.17 10:16:04.023,1.52038,1.52047,1.00,1.12
2015.11.17 10:16:04.529,1.52039,1.52048,1.00,1.87
2015.11.17 10:16:05.250,1.52039,1.52048,1.00,1.50
2015.11.17 10:16:06.459,1.52039,1.52049,1.12,1.12
2015.11.17 10:16:08.899,1.52038,1.52048,1.50,1.00
2015.11.17 10:16:09.660,1.52038,1.52048,1.37,1.37
2015.11.17 10:16:16.118,1.5204,1.52049,1.00,4.50
2015.11.17 10:16:16.638,1.5204,1.52049,1.12,1.37
2015.11.17 10:16:20.523,1.52039,1.52047,1.37,1.00
2015.11.17 10:16:20.929,1.52039,1.52046,1.00,1.37
2015.11.17 10:16:21.470,1.52039,1.52046,1.00,1.00
2015.11.17 10:16:22.009,1.52039,1.52046,1.00,1.37
2015.11.17 10:16:22.515,1.52039,1.52046,1.00,1.37
2015.11.17 10:16:23.196,1.52038,1.52046,1.00,1.37
2015.11.17 10:16:23.247,1.52036,1.52046,5.25,1.12
2015.11.17 10:16:23.754,1.52038,1.52047,1.00,4.12
2015.11.17 10:16:23.805,1.52039,1.52047,1.00,1.50
2015.11.17 10:16:26.867,1.52039,1.52048,1.00,2.62
2015.11.17 10:16:27.373,1.52039,1.52047,1.00,1.00
2015.11.17 10:16:28.212,1.52039,1.52048,1.00,1.87
2015.11.17 10:16:30.187,1.52039,1.52048,1.75,1.87
2015.11.17 10:16:33.164,1.5204,1.52048,1.00,1.87
2015.11.17 10:16:34.637,1.5204,1.52047,1.50,1.00
2015.11.17 10:16:45.133,1.52039,1.52047,1.75,1.00
2015.11.17 10:16:48.885,1.5204,1.52047,1.12,1.00
2015.11.17 10:16:53.418,1.5204,1.52048,1.12,1.12
2015.11.17 10:16:55.353,1.52039,1.52048,1.50,1.50
2015.11.17 10:16:55.657,1.52039,1.52047,1.00,3.75
2015.11.17 10:16:56.587,1.52039,1.52048,1.00,1.50
2015.11.17 10:16:58.610,1.52038,1.52048,1.50,1.87
2015.11.17 10:16:59.954,1.52044,1.52048,1.00,1.00
2015.11.17 10:17:00.005,1.52043,1.52048,1.00,1.00
2015.11.17 10:17:00.059,1.52047,1.52051,1.00,1.12
2015.11.17 10:17:00.110,1.52044,1.52051,1.00,1.50
2015.11.17 10:17:00.161,1.52042,1.52048,1.12,1.00
2015.11.17 10:17:00.263,1.52041,1.5205,3.00,1.12
2015.11.17 10:17:00.681,1.52041,1.52048,1.12,1.00
2015.11.17 10:17:00.985,1.52037,1.52044,1.50,1.00
2015.11.17 10:17:01.137,1.52036,1.52043,1.00,1.12
2015.11.17 10:17:01.946,1.52042,1.52045,1.00,3.75
2015.11.17 10:17:01.997,1.52041,1.52045,1.00,4.50
2015.11.17 10:17:02.048,1.52042,1.52046,1.87,1.00
2015.11.17 10:17:02.099,1.52042,1.52051,1.12,1.00
2015.11.17 10:17:02.631,1.52043,1.5205,1.00,1.12
2015.11.17 10:17:03.362,1.52041,1.52049,1.00,1.12
2015.11.17 10:17:03.514,1.5204,1.52047,1.00,1.00
2015.11.17 10:17:03.805,1.52035,1.52044,1.50,1.50
2015.11.17 10:17:04.311,1.52034,1.52043,1.50,1.12
2015.11.17 10:17:04.818,1.52034,1.52042,1.00,1.00
2015.11.17 10:17:05.358,1.52033,1.52043,1.87,1.12
2015.11.17 10:17:05.867,1.52034,1.52041,1.00,1.00
2015.11.17 10:17:10.235,1.52032,1.52041,1.12,1.50
2015.11.17 10:17:10.387,1.52031,1.52039,1.12,1.12
2015.11.17 10:17:10.706,1.52029,1.52038,1.50,1.00
2015.11.17 10:17:10.756,1.52029,1.52037,1.00,2.25
2015.11.17 10:17:10.959,1.52026,1.52034,1.00,1.00
2015.11.17 10:17:11.061,1.52024,1.52031,1.00,1.00
2015.11.17 10:17:11.416,1.52021,1.5203,2.62,1.00
2015.11.17 10:17:11.963,1.5202,1.52029,1.00,1.87
2015.11.17 10:17:12.014,1.52019,1.52027,1.87,1.00
2015.11.17 10:17:12.522,1.52018,1.52027,1.12,1.50
2015.11.17 10:17:15.978,1.52018,1.52025,1.12,1.00
2015.11.17 10:17:17.518,1.52017,1.52026,1.50,1.12
2015.11.17 10:17:18.093,1.52016,1.52025,3.75,1.00
2015.11.17 10:17:18.194,1.52015,1.52023,1.12,1.00
2015.11.17 10:17:18.500,1.52013,1.52022,1.00,1.12
2015.11.17 10:17:18.601,1.52013,1.52021,1.00,1.37
2015.11.17 10:17:19.108,1.52012,1.52022,1.87,5.25
2015.11.17 10:17:19.618,1.52012,1.52022,2.25,1.50
2015.11.17 10:17:21.300,1.52014,1.52022,1.00,1.50
2015.11.17 10:17:21.810,1.52012,1.52023,1.50,5.25
2015.11.17 10:17:22.333,1.52013,1.52023,1.37,1.87
2015.11.17 10:17:24.855,1.52013,1.52023,1.00,1.50
2015.11.17 10:17:25.361,1.52014,1.52022,1.00,1.50
2015.11.17 10:17:25.817,1.52011,1.52022,2.25,1.12
2015.11.17 10:17:25.919,1.52011,1.52022,2.25,4.50
2015.11.17 10:17:26.234,1.5201,1.52018,5.25,1.00
2015.11.17 10:17:26.285,1.5201,1.52017,1.00,1.00
2015.11.17 10:17:26.640,1.5201,1.52019,1.00,2.25
2015.11.17 10:17:27.161,1.52009,1.52019,1.50,2.25
2015.11.17 10:17:27.695,1.52012,1.52019,1.00,1.00
2015.11.17 10:17:28.152,1.5201,1.52019,1.00,1.00
2015.11.17 10:17:37.435,1.52015,1.52019,1.00,1.00
2015.11.17 10:17:37.536,1.52015,1.52021,1.00,1.00
2015.11.17 10:17:37.587,1.52017,1.52026,1.00,5.25
2015.11.17 10:17:37.739,1.52018,1.52026,1.00,1.50
2015.11.17 10:17:38.280,1.52018,1.52027,1.00,1.12
2015.11.17 10:17:38.914,1.52018,1.52028,1.50,1.50
2015.11.17 10:17:39.167,1.52025,1.52029,1.00,1.50
2015.11.17 10:17:39.218,1.52022,1.52029,1.50,1.50
2015.11.17 10:17:39.269,1.52024,1.52031,1.50,1.00
2015.11.17 10:17:39.370,1.52027,1.52035,1.00,1.87
2015.11.17 10:17:39.472,1.52026,1.52033,1.12,1.00
2015.11.17 10:17:39.676,1.52026,1.52036,1.50,2.25
2015.11.17 10:17:40.182,1.52026,1.52034,1.12,1.12
2015.11.17 10:17:40.738,1.52024,1.52033,4.50,1.00
2015.11.17 10:17:40.839,1.52023,1.52032,1.12,1.00
2015.11.17 10:17:40.941,1.52022,1.5203,1.50,1.00
2015.11.17 10:17:41.288,1.52028,1.52036,1.00,1.12
2015.11.17 10:17:41.541,1.52028,1.52038,1.12,3.00
2015.11.17 10:17:42.072,1.52029,1.52039,1.12,3.37
2015.11.17 10:17:43.471,1.52029,1.52037,1.12,1.00
2015.11.17 10:17:43.978,1.52029,1.52039,1.12,2.62
2015.11.17 10:17:44.500,1.5203,1.52039,1.00,1.12
2015.11.17 10:17:46.283,1.52031,1.52038,1.00,1.00
2015.11.17 10:17:46.334,1.52029,1.52038,1.50,1.00
2015.11.17 10:17:49.370,1.5203,1.52038,1.00,1.00
2015.11.17 10:17:49.876,1.52029,1.52038,1.50,1.00
2015.11.17 10:17:53.883,1.5203,1.52038,1.00,1.00
2015.11.17 10:17:54.035,1.52029,1.52036,1.12,1.00
2015.11.17 10:17:54.314,1.52029,1.52038,1.12,1.00
2015.11.17 10:17:56.433,1.5203,1.52038,1.00,1.00
2015.11.17 10:17:56.535,1.52029,1.52035,1.12,1.00
2015.11.17 10:17:56.855,1.52042,1.52049,1.00,1.87
2015.11.17 10:17:57.008,1.52043,1.52051,1.00,2.25
2015.11.17 10:17:57.514,1.52042,1.5205,1.00,1.00
2015.11.17 10:17:58.044,1.52042,1.52049,1.50,1.00
2015.11.17 10:17:58.512,1.52042,1.52051,1.50,1.50
2015.11.17 10:17:59.018,1.52043,1.5205,1.00,1.50
2015.11.17 10:17:59.120,1.52042,1.52052,1.87,2.25
2015.11.17 10:17:59.311,1.52043,1.5205,1.00,1.00
2015.11.17 10:17:59.514,1.52042,1.52052,2.25,2.25
2015.11.17 10:17:59.615,1.52042,1.5205,1.87,1.00
2015.11.17 10:17:59.818,1.52043,1.52052,1.00,1.50
2015.11.17 10:17:59.920,1.52043,1.5205,1.12,1.00
2015.11.17 10:18:00.072,1.52045,1.52054,1.00,1.50
2015.11.17 10:18:00.277,1.52047,1.52054,1.50,1.50
2015.11.17 10:18:00.480,1.52048,1.52057,1.37,1.87
2015.11.17 10:18:00.948,1.52051,1.52059,1.00,1.00
2015.11.17 10:18:01.253,1.52054,1.52063,1.50,1.12
2015.11.17 10:18:01.609,1.52056,1.52065,1.12,2.25
2015.11.17 10:18:02.028,1.52055,1.52063,2.25,1.12
2015.11.17 10:18:02.535,1.52055,1.52063,1.50,1.12
2015.11.17 10:18:03.001,1.52055,1.52061,1.00,1.00
2015.11.17 10:18:03.271,1.52052,1.5206,1.50,1.00
2015.11.17 10:18:03.525,1.52051,1.52058,4.12,1.00
2015.11.17 10:18:03.627,1.52049,1.52057,1.50,1.00
2015.11.17 10:18:04.153,1.52049,1.52057,1.50,1.00
2015.11.17 10:18:04.899,1.52048,1.52056,1.50,1.00
2015.11.17 10:18:05.512,1.52048,1.52054,1.00,1.00
2015.11.17 10:18:05.717,1.52044,1.52052,1.50,1.00
2015.11.17 10:18:05.818,1.52043,1.52052,1.00,1.50
2015.11.17 10:18:06.337,1.52043,1.52051,1.12,1.12
2015.11.17 10:18:07.148,1.52041,1.5205,3.75,1.00
2015.11.17 10:18:07.250,1.5204,1.5205,1.50,2.25
2015.11.17 10:18:08.393,1.52044,1.52049,1.00,1.12
2015.11.17 10:18:08.444,1.52045,1.52051,1.12,1.00
2015.11.17 10:18:08.495,1.52047,1.52054,1.00,1.37
2015.11.17 10:18:08.546,1.52047,1.52055,1.12,1.00
2015.11.17 10:18:08.748,1.52045,1.52053,1.50,1.00
2015.11.17 10:18:08.850,1.52044,1.52053,1.87,1.00
2015.11.17 10:18:09.372,1.52044,1.52052,1.00,1.12
2015.11.17 10:18:09.833,1.52041,1.5205,2.25,1.00
2015.11.17 10:18:10.339,1.5204,1.52049,1.12,1.00
2015.11.17 10:18:10.844,1.52041,1.52049,1.00,1.00
2015.11.17 10:18:12.701,1.52042,1.52049,1.00,1.50
2015.11.17 10:18:13.207,1.52041,1.52049,1.00,1.50
2015.11.17 10:18:13.745,1.52042,1.52049,1.00,1.50
2015.11.17 10:18:16.725,1.52042,1.52048,1.00,1.00
2015.11.17 10:18:17.435,1.52039,1.52048,5.25,1.00
2015.11.17 10:18:20.018,1.52039,1.52049,5.25,1.87
2015.11.17 10:18:20.589,1.52041,1.52049,1.37,1.87
2015.11.17 10:18:26.029,1.52042,1.52048,1.00,1.00
2015.11.17 10:18:26.686,1.52042,1.52049,1.00,1.12
2015.11.17 10:18:29.079,1.52041,1.52049,1.00,1.12
2015.11.17 10:18:45.254,1.52041,1.5205,1.00,2.62
2015.11.17 10:18:49.254,1.52041,1.52048,1.50,1.00
2015.11.17 10:18:52.227,1.52041,1.5205,1.50,1.12
2015.11.17 10:18:53.867,1.52042,1.5205,1.00,1.12
2015.11.17 10:18:54.373,1.52042,1.52049,1.00,1.00
2015.11.17 10:18:54.875,1.52043,1.52049,1.00,1.00
2015.11.17 10:18:57.939,1.52044,1.52049,1.00,1.00
2015.11.17 10:18:58.570,1.52044,1.5205,1.00,1.00
2015.11.17 10:18:59.811,1.52042,1.52049,1.50,1.00
2015.11.17 10:19:00.318,1.52041,1.5205,1.87,1.50
2015.11.17 10:19:01.541,1.52041,1.5205,1.87,1.50
2015.11.17 10:19:04.115,1.52043,1.52049,1.00,1.00
2015.11.17 10:19:05.181,1.52042,1.5205,1.50,1.50
2015.11.17 10:19:05.700,1.52043,1.52049,1.12,1.00
2015.11.17 10:19:06.233,1.52044,1.52049,1.00,1.00
2015.11.17 10:19:06.754,1.52042,1.52049,1.50,1.00
2015.11.17 10:19:09.244,1.52047,1.52051,1.12,1.12
2015.11.17 10:19:09.514,1.52046,1.52055,2.25,2.25
2015.11.17 10:19:10.323,1.52048,1.52055,1.00,1.00
2015.11.17 10:19:11.453,1.52047,1.52055,1.00,1.00
2015.11.17 10:19:11.971,1.52047,1.52056,1.00,2.25
2015.11.17 10:19:13.476,1.52046,1.52055,1.50,1.00
2015.11.17 10:19:13.579,1.52044,1.52053,4.50,1.00
2015.11.17 10:19:13.864,1.52043,1.52052,1.87,1.50
2015.11.17 10:19:14.017,1.52045,1.52052,1.00,1.50
2015.11.17 10:19:14.523,1.52046,1.52053,1.00,1.87
2015.11.17 10:19:15.257,1.52046,1.52054,1.12,1.12
2015.11.17 10:19:16.791,1.52048,1.52055,1.00,1.50
2015.11.17 10:19:17.095,1.52063,1.52069,1.00,1.50
2015.11.17 10:19:17.298,1.52065,1.52072,1.12,1.00
2015.11.17 10:19:17.551,1.52066,1.52075,1.00,4.87
2015.11.17 10:19:18.708,1.52066,1.52074,1.00,1.00
2015.11.17 10:19:19.214,1.52065,1.52074,1.50,1.50
2015.11.17 10:19:19.457,1.52063,1.52072,1.12,1.00
2015.11.17 10:19:19.963,1.52063,1.52071,1.50,1.00
2015.11.17 10:19:20.469,1.52064,1.52071,1.00,1.50
2015.11.17 10:19:20.997,1.52063,1.5207,1.50,1.00
2015.11.17 10:19:21.149,1.52064,1.52072,1.00,1.50
2015.11.17 10:19:21.655,1.52063,1.52072,1.50,2.25
2015.11.17 10:19:21.807,1.52063,1.5207,1.12,1.00
2015.11.17 10:19:22.313,1.52064,1.52071,1.00,1.00
2015.11.17 10:19:22.819,1.52063,1.52072,1.12,1.00
2015.11.17 10:19:23.173,1.52066,1.52073,1.00,1.00
2015.11.17 10:19:23.376,1.52064,1.52074,1.87,1.12
2015.11.17 10:19:23.891,1.52065,1.52074,1.00,1.12
2015.11.17 10:19:25.365,1.52066,1.52075,1.00,2.62
2015.11.17 10:19:25.870,1.52065,1.52074,1.50,1.12
2015.11.17 10:19:26.073,1.52064,1.52072,1.12,1.00
2015.11.17 10:19:26.606,1.52063,1.52072,1.12,1.87
2015.11.17 10:19:26.910,1.52065,1.52072,1.00,1.50
2015.11.17 10:19:29.857,1.52063,1.52072,1.50,1.00
2015.11.17 10:19:30.364,1.52064,1.52073,1.12,1.12
2015.11.17 10:19:30.898,1.52065,1.52073,1.00,1.00
2015.11.17 10:19:31.407,1.52063,1.52072,1.50,1.00
2015.11.17 10:19:31.913,1.52064,1.52073,1.12,1.50
2015.11.17 10:19:32.723,1.52064,1.52071,1.12,1.00
2015.11.17 10:19:33.546,1.52063,1.52071,1.00,1.50
2015.11.17 10:19:33.900,1.52062,1.52069,1.00,1.00
2015.11.17 10:19:34.424,1.52061,1.52068,1.00,1.00
2015.11.17 10:19:35.081,1.52061,1.5207,1.50,3.00
2015.11.17 10:19:35.638,1.52062,1.52071,1.00,2.25
2015.11.17 10:19:35.828,1.52064,1.52071,1.00,1.00
2015.11.17 10:19:36.737,1.52063,1.52071,1.12,1.00
2015.11.17 10:19:37.276,1.52064,1.52072,1.12,2.25
2015.11.17 10:19:40.142,1.52063,1.52071,1.87,1.00
2015.11.17 10:19:41.002,1.52064,1.52072,1.00,1.00
2015.11.17 10:19:41.205,1.52065,1.52074,1.00,2.62
2015.11.17 10:19:45.419,1.52066,1.52074,1.00,2.62
2015.11.17 10:19:45.925,1.52066,1.52073,1.00,1.00
2015.11.17 10:19:49.149,1.52066,1.52074,1.00,1.87
2015.11.17 10:19:49.892,1.52066,1.52073,1.12,1.00
2015.11.17 10:19:50.592,1.52064,1.52074,4.50,1.12
2015.11.17 10:19:51.791,1.52065,1.52072,1.37,1.00
2015.11.17 10:19:53.945,1.52064,1.52073,4.50,1.50
2015.11.17 10:19:55.987,1.52066,1.52074,1.87,3.37
2015.11.17 10:19:56.535,1.52066,1.52074,1.50,2.25
2015.11.17 10:19:59.864,1.52067,1.52074,4.50,1.00
2015.11.17 10:20:00.168,1.5207,1.52078,1.00,1.87
2015.11.17 10:20:00.370,1.52071,1.52079,4.87,1.00
2015.11.17 10:20:00.472,1.52072,1.52082,4.12,1.87
2015.11.17 10:20:00.523,1.52072,1.52082,1.12,1.87
2015.11.17 10:20:00.725,1.52071,1.52075,1.37,1.00
2015.11.17 10:20:00.928,1.52068,1.52074,3.37,1.00
2015.11.17 10:20:00.979,1.52065,1.52074,1.50,1.00
2015.11.17 10:20:01.511,1.52065,1.52073,1.50,1.00
2015.11.17 10:20:02.170,1.52064,1.52072,4.50,1.00
2015.11.17 10:20:02.337,1.52063,1.52071,2.25,1.00
2015.11.17 10:20:03.835,1.52064,1.52072,1.12,1.00
2015.11.17 10:20:03.987,1.52065,1.52074,1.50,1.87
2015.11.17 10:20:04.341,1.52067,1.52077,2.25,1.50
2015.11.17 10:20:04.870,1.52067,1.52076,1.50,1.00
2015.11.17 10:20:08.108,1.52067,1.52077,1.00,1.50
2015.11.17 10:20:08.615,1.52067,1.52077,4.50,1.12
2015.11.17 10:20:09.120,1.52066,1.52076,5.25,1.87
2015.11.17 10:20:10.488,1.52066,1.52074,4.50,1.00
2015.11.17 10:20:10.669,1.52066,1.52074,1.00,1.00
2015.11.17 10:20:11.176,1.52065,1.52073,1.00,1.12
2015.11.17 10:20:12.308,1.52064,1.52072,1.00,1.00
2015.11.17 10:20:12.815,1.52064,1.52073,1.00,1.12
2015.11.17 10:20:15.313,1.52065,1.52074,1.00,1.50
2015.11.17 10:20:15.365,1.52065,1.52075,2.25,4.87
2015.11.17 10:20:15.416,1.52065,1.52075,2.62,1.50
2015.11.17 10:20:15.720,1.52067,1.52078,2.62,2.62
2015.11.17 10:20:16.242,1.5207,1.52078,1.12,1.00
2015.11.17 10:20:16.446,1.52066,1.52076,1.12,1.87
2015.11.17 10:20:16.497,1.52068,1.52076,1.00,1.12
2015.11.17 10:20:16.801,1.52071,1.52081,2.25,4.12
2015.11.17 10:20:16.852,1.52072,1.52081,1.00,1.00
2015.11.17 10:20:17.393,1.52072,1.52082,1.50,1.50
2015.11.17 10:20:18.153,1.52072,1.5208,1.50,1.00
2015.11.17 10:20:19.256,1.52072,1.52082,1.50,1.50
2015.11.17 10:20:21.521,1.52074,1.52082,1.00,1.00
2015.11.17 10:20:21.825,1.52076,1.52086,4.50,1.87
2015.11.17 10:20:22.367,1.52077,1.52087,4.50,2.25
2015.11.17 10:20:23.126,1.52078,1.52088,1.50,1.00
2015.11.17 10:20:25.252,1.52078,1.52088,1.50,1.50
2015.11.17 10:20:28.095,1.52078,1.52086,1.50,1.00
2015.11.17 10:20:28.248,1.5208,1.52088,1.00,1.00
2015.11.17 10:20:30.829,1.52084,1.5209,1.00,2.25
2015.11.17 10:20:30.981,1.52085,1.52094,1.00,1.50
2015.11.17 10:20:31.133,1.52085,1.52095,1.87,1.00
2015.11.17 10:20:31.650,1.52086,1.52095,1.37,1.12
2015.11.17 10:20:32.409,1.52085,1.52094,5.62,1.00
2015.11.17 10:20:32.561,1.52085,1.52094,2.25,1.00
2015.11.17 10:20:36.652,1.52092,1.52096,1.00,2.25
2015.11.17 10:20:36.806,1.52093,1.52102,2.25,2.25
2015.11.17 10:20:36.858,1.52093,1.52099,1.00,3.75
2015.11.17 10:20:36.959,1.52092,1.52102,3.75,1.87
2015.11.17 10:20:37.587,1.52092,1.52101,3.75,1.00
2015.11.17 10:20:37.688,1.52091,1.52101,1.50,1.87
2015.11.17 10:20:39.445,1.52091,1.521,1.00,1.00
2015.11.17 10:20:40.241,1.5209,1.52099,1.50,1.00
2015.11.17 10:20:40.343,1.52089,1.52096,4.12,1.00
2015.11.17 10:20:40.394,1.52089,1.52095,1.12,1.00
2015.11.17 10:20:40.546,1.52084,1.52095,2.25,1.50
2015.11.17 10:20:41.515,1.52084,1.52095,1.87,1.50
2015.11.17 10:20:43.564,1.52085,1.52095,1.00,1.50
2015.11.17 10:20:44.112,1.52084,1.52095,5.25,1.00
2015.11.17 10:20:44.264,1.52084,1.52095,1.87,1.50
2015.11.17 10:20:45.277,1.52084,1.52095,1.50,4.50
2015.11.17 10:20:45.827,1.52083,1.52094,4.50,3.00
2015.11.17 10:20:46.334,1.52083,1.52092,1.00,1.00
2015.11.17 10:20:46.537,1.52081,1.52091,2.25,1.50
2015.11.17 10:20:47.082,1.52081,1.5209,1.00,1.12
2015.11.17 10:20:47.589,1.5208,1.52088,1.00,1.00
2015.11.17 10:20:47.640,1.52078,1.52088,4.12,1.00
2015.11.17 10:20:47.793,1.52078,1.52088,3.75,4.50
2015.11.17 10:20:48.376,1.52077,1.52087,1.12,1.50
2015.11.17 10:20:49.699,1.52076,1.52086,1.12,1.12
2015.11.17 10:20:50.105,1.52075,1.52084,3.37,1.00
2015.11.17 10:20:50.307,1.52075,1.52086,3.37,1.12
2015.11.17 10:20:51.070,1.52076,1.52085,1.12,1.00
2015.11.17 10:20:51.577,1.52075,1.52085,1.87,1.12
2015.11.17 10:20:53.601,1.52076,1.52085,1.00,1.12
2015.11.17 10:20:54.121,1.52075,1.52085,1.87,1.12
2015.11.17 10:20:56.189,1.52075,1.52084,2.25,1.00
2015.11.17 10:20:58.118,1.52075,1.52084,1.87,4.50
2015.11.17 10:21:05.272,1.52075,1.52084,1.50,1.12
2015.11.17 10:21:05.791,1.52075,1.52085,1.12,1.12
2015.11.17 10:21:06.399,1.52076,1.52085,1.00,1.87
2015.11.17 10:21:07.328,1.52076,1.52084,1.00,1.00
2015.11.17 10:21:07.582,1.52074,1.52082,2.25,1.00
2015.11.17 10:21:08.125,1.52074,1.52082,2.25,1.00
2015.11.17 10:21:10.025,1.52073,1.52084,2.62,2.62
2015.11.17 10:21:13.210,1.52073,1.52082,1.12,1.00
2015.11.17 10:21:13.757,1.52071,1.52081,5.25,1.37
2015.11.17 10:21:14.264,1.52072,1.52081,1.00,1.50
2015.11.17 10:21:14.771,1.52072,1.5208,1.00,1.00
2015.11.17 10:21:15.927,1.52072,1.52081,1.00,1.50
2015.11.17 10:21:16.433,1.52071,1.5208,2.25,1.00
2015.11.17 10:21:17.078,1.52071,1.52081,1.50,1.87
2015.11.17 10:21:18.393,1.5207,1.5208,1.50,1.00
2015.11.17 10:21:19.430,1.52071,1.52081,1.12,1.87
2015.11.17 10:21:19.734,1.52075,1.52084,1.00,2.62
2015.11.17 10:21:20.053,1.52079,1.52089,1.12,1.87
2015.11.17 10:21:20.359,1.52082,1.52091,1.37,1.12
2015.11.17 10:21:22.257,1.52084,1.52093,1.00,4.87
2015.11.17 10:21:22.566,1.52087,1.52095,1.00,1.12
2015.11.17 10:21:23.072,1.52085,1.52095,3.37,1.00
2015.11.17 10:21:24.014,1.52086,1.52094,1.12,1.00
2015.11.17 10:21:24.623,1.52085,1.52093,1.12,1.00
2015.11.17 10:21:25.806,1.52083,1.52092,3.75,1.00
2015.11.17 10:21:25.917,1.52082,1.52092,3.37,1.37
2015.11.17 10:21:26.462,1.52081,1.5209,4.50,1.00
2015.11.17 10:21:28.699,1.52081,1.5209,1.00,1.00
2015.11.17 10:21:29.742,1.52081,1.5209,1.87,1.87
2015.11.17 10:21:30.248,1.52081,1.5209,1.87,1.12
2015.11.17 10:21:30.763,1.52081,1.52089,1.87,1.00
2015.11.17 10:21:31.275,1.52081,1.5209,1.87,1.00
2015.11.17 10:21:32.868,1.52081,1.52091,1.87,2.25
2015.11.17 10:21:32.919,1.52082,1.52091,5.25,1.00
2015.11.17 10:21:33.195,1.52083,1.52093,5.25,1.87
2015.11.17 10:21:36.440,1.52084,1.52094,4.50,1.50
2015.11.17 10:21:37.451,1.52084,1.52093,3.75,1.00
2015.11.17 10:21:44.720,1.52091,1.52096,6.75,1.87
2015.11.17 10:21:44.771,1.52095,1.52097,1.12,1.00
2015.11.17 10:21:44.924,1.52096,1.52102,1.00,1.00
2015.11.17 10:21:45.062,1.52096,1.52105,1.00,1.00
2015.11.17 10:21:45.113,1.52096,1.52103,1.00,1.00
2015.11.17 10:21:45.619,1.52096,1.52103,1.50,1.12
2015.11.17 10:21:45.933,1.52099,1.52108,2.25,2.62
2015.11.17 10:21:46.086,1.52099,1.52109,3.00,1.87
2015.11.17 10:21:46.636,1.52099,1.52109,2.25,1.87
2015.11.17 10:21:47.142,1.52099,1.52109,1.50,1.12
2015.11.17 10:21:47.294,1.52098,1.52104,4.87,1.00
2015.11.17 10:21:47.345,1.52097,1.52104,1.87,1.00
2015.11.17 10:21:47.869,1.52096,1.52104,1.50,1.00
2015.11.17 10:21:57.659,1.52096,1.52103,3.37,1.00
2015.11.17 10:21:58.121,1.52097,1.52106,1.87,1.12
2015.11.17 10:21:58.533,1.52098,1.52102,1.00,1.00
2015.11.17 10:21:59.035,1.52098,1.52103,1.00,1.00
2015.11.17 10:22:02.846,1.52097,1.52103,1.50,1.00
2015.11.17 10:22:05.152,1.52098,1.52104,1.12,1.00
2015.11.17 10:22:05.456,1.52098,1.52102,1.12,1.00
2015.11.17 10:22:05.812,1.52098,1.52104,1.12,1.00
2015.11.17 10:22:06.331,1.52098,1.52103,1.12,1.00
2015.11.17 10:22:06.838,1.52098,1.52104,1.12,1.00
2015.11.17 10:22:07.344,1.52096,1.52103,1.87,1.00
2015.11.17 10:22:07.445,1.52096,1.52101,1.87,1.00
2015.11.17 10:22:08.849,1.52097,1.52102,1.12,1.00
2015.11.17 10:22:09.354,1.52098,1.52102,1.00,1.00
2015.11.17 10:22:13.844,1.52097,1.52103,2.62,1.00
2015.11.17 10:22:14.353,1.52097,1.52104,2.62,1.00
2015.11.17 10:22:14.950,1.52096,1.52103,5.25,1.00
2015.11.17 10:22:17.797,1.52097,1.52104,1.87,1.00
2015.11.17 10:22:18.202,1.52098,1.52102,1.12,1.00
2015.11.17 10:22:18.599,1.52098,1.52104,1.12,1.00
2015.11.17 10:22:19.207,1.52098,1.52102,1.12,1.00
2015.11.17 10:22:19.308,1.52098,1.52104,1.12,1.00
2015.11.17 10:22:19.814,1.52097,1.52103,1.87,1.00
2015.11.17 10:22:20.330,1.52098,1.52104,1.12,1.50
2015.11.17 10:22:21.088,1.52099,1.52104,1.00,1.00
2015.11.17 10:22:21.593,1.52097,1.52104,1.37,1.00
2015.11.17 10:22:21.745,1.52097,1.52104,1.37,1.37
2015.11.17 10:22:22.715,1.52097,1.52103,1.50,1.12
2015.11.17 10:22:25.221,1.52097,1.52103,1.50,1.00
2015.11.17 10:22:25.728,1.52098,1.52103,1.00,1.00
2015.11.17 10:22:26.348,1.52105,1.52107,1.00,1.00
2015.11.17 10:22:26.401,1.52104,1.52106,1.12,1.37
2015.11.17 10:22:26.607,1.52105,1.52112,1.37,1.50
2015.11.17 10:22:30.775,1.52106,1.52113,1.12,1.00
2015.11.17 10:22:37.218,1.52106,1.52112,1.00,1.00
2015.11.17 10:22:37.848,1.52106,1.52113,1.00,1.50
2015.11.17 10:22:40.005,1.52106,1.52113,1.37,1.50
2015.11.17 10:22:40.802,1.52106,1.52112,1.37,1.50
2015.11.17 10:22:40.903,1.52105,1.5211,1.75,1.00
2015.11.17 10:22:41.005,1.52104,1.52109,1.12,1.00
2015.11.17 10:22:41.360,1.52102,1.52109,1.50,1.87
2015.11.17 10:22:41.679,1.52102,1.52106,1.00,1.00
2015.11.17 10:22:41.931,1.521,1.52106,2.25,1.00
2015.11.17 10:22:42.651,1.52106,1.52108,1.00,1.00
2015.11.17 10:22:42.958,1.52102,1.5211,2.25,1.00
2015.11.17 10:22:43.468,1.52104,1.52109,1.00,1.00
2015.11.17 10:22:44.481,1.52103,1.52109,1.50,1.00
2015.11.17 10:22:44.987,1.52103,1.52106,1.00,1.00
2015.11.17 10:22:45.560,1.52103,1.52108,1.00,1.00
2015.11.17 10:22:45.713,1.52102,1.52106,1.00,1.00
2015.11.17 10:22:45.967,1.52102,1.52108,1.00,1.00
2015.11.17 10:22:46.529,1.52102,1.52106,1.00,1.00
2015.11.17 10:22:46.731,1.52102,1.52108,1.00,1.00
2015.11.17 10:22:48.157,1.52102,1.52106,1.00,1.00
2015.11.17 10:22:48.302,1.521,1.52106,1.00,1.00
2015.11.17 10:22:48.809,1.52101,1.52106,1.00,1.00
2015.11.17 10:22:48.962,1.52103,1.52106,1.00,1.00
2015.11.17 10:22:49.457,1.52103,1.52108,1.00,1.00
2015.11.17 10:22:49.508,1.52101,1.52108,1.00,1.00
2015.11.17 10:22:50.018,1.52102,1.52108,1.00,1.00
2015.11.17 10:22:52.353,1.52103,1.52109,1.00,1.00
2015.11.17 10:22:52.557,1.52101,1.52108,1.50,1.00
2015.11.17 10:22:53.079,1.52102,1.52108,1.00,1.00
2015.11.17 10:22:59.687,1.52102,1.52109,1.00,1.50
2015.11.17 10:22:59.909,1.52102,1.52107,1.00,1.00
2015.11.17 10:23:00.828,1.52102,1.52106,1.00,1.00
2015.11.17 10:23:01.907,1.52102,1.52108,1.00,1.00
2015.11.17 10:23:02.009,1.52102,1.52106,1.00,1.00
2015.11.17 10:23:02.211,1.52101,1.52109,1.00,1.00
2015.11.17 10:23:02.801,1.52103,1.52106,1.00,1.00
2015.11.17 10:23:03.228,1.52102,1.52109,1.12,1.50
2015.11.17 10:23:03.750,1.52102,1.52108,1.50,1.00
2015.11.17 10:23:04.319,1.52102,1.52107,1.12,1.00
2015.11.17 10:23:10.377,1.52101,1.52109,1.87,1.87
2015.11.17 10:23:11.050,1.52101,1.52109,1.50,1.87
2015.11.17 10:23:20.182,1.52101,1.52107,1.50,1.00
2015.11.17 10:23:22.922,1.52101,1.52108,1.50,1.12
2015.11.17 10:23:28.576,1.52101,1.52108,1.50,1.37
2015.11.17 10:23:30.172,1.52101,1.52108,1.87,1.00
2015.11.17 10:23:30.697,1.52101,1.52109,1.50,1.87
2015.11.17 10:23:31.002,1.52099,1.52104,1.75,1.00
2015.11.17 10:23:31.103,1.52094,1.52101,4.87,1.00
2015.11.17 10:23:31.154,1.52094,1.52098,3.75,1.00
2015.11.17 10:23:31.205,1.52092,1.52098,1.00,1.50
2015.11.17 10:23:32.229,1.5209,1.52098,1.00,1.00
2015.11.17 10:23:32.735,1.52091,1.52098,1.00,1.00
2015.11.17 10:23:35.186,1.52091,1.52097,1.00,1.00
2015.11.17 10:23:35.692,1.5209,1.52098,1.12,1.50
2015.11.17 10:23:36.299,1.52088,1.52096,2.25,1.00
2015.11.17 10:23:36.609,1.52087,1.52094,1.12,1.50
2015.11.17 10:23:37.116,1.52086,1.52093,1.50,1.12
2015.11.17 10:23:38.333,1.52086,1.52093,1.00,1.12
2015.11.17 10:23:40.138,1.52085,1.52093,1.12,1.12
2015.11.17 10:23:40.442,1.52082,1.52091,1.87,2.25
2015.11.17 10:23:40.954,1.52081,1.5209,1.75,1.87
2015.11.17 10:23:41.827,1.52081,1.52088,1.75,1.50
2015.11.17 10:23:42.498,1.52082,1.52088,1.00,1.50
2015.11.17 10:23:45.476,1.52083,1.52088,1.00,1.00
2015.11.17 10:23:46.293,1.52083,1.52089,1.00,1.50
2015.11.17 10:23:46.597,1.52088,1.52092,1.00,4.50
2015.11.17 10:23:46.699,1.52087,1.52093,1.37,1.50
2015.11.17 10:23:46.859,1.52087,1.52091,1.00,1.00
2015.11.17 10:23:46.910,1.52087,1.52093,1.00,1.50
2015.11.17 10:23:47.671,1.52084,1.5209,1.50,1.00
2015.11.17 10:23:47.773,1.52084,1.52093,1.50,1.00
2015.11.17 10:23:48.177,1.52084,1.52091,1.12,1.00
2015.11.17 10:23:51.547,1.52082,1.52091,1.37,1.12
2015.11.17 10:23:51.852,1.52082,1.52089,1.00,1.50
2015.11.17 10:23:52.059,1.5208,1.52088,1.50,1.00
2015.11.17 10:23:52.565,1.52081,1.52088,1.00,1.00
2015.11.17 10:24:06.699,1.52082,1.52089,1.00,2.25
2015.11.17 10:24:06.801,1.5208,1.52089,1.00,2.25
2015.11.17 10:24:07.580,1.52081,1.52089,1.00,1.00
2015.11.17 10:24:09.394,1.5208,1.52089,1.87,1.50
2015.11.17 10:24:09.849,1.52082,1.52089,1.00,1.00
2015.11.17 10:24:09.951,1.52082,1.52091,1.12,1.50
2015.11.17 10:24:10.053,1.52083,1.52091,3.37,1.12
2015.11.17 10:24:10.595,1.52085,1.52092,1.12,1.50
2015.11.17 10:24:10.900,1.52087,1.52093,1.00,1.00
2015.11.17 10:24:11.206,1.52089,1.52097,1.50,1.00
2015.11.17 10:24:11.722,1.5209,1.52097,1.00,1.00
2015.11.17 10:24:12.026,1.52093,1.52099,1.00,1.12
2015.11.17 10:24:12.532,1.52094,1.52101,1.00,1.50
2015.11.17 10:24:13.690,1.52093,1.521,1.00,1.12
2015.11.17 10:24:14.145,1.52092,1.52099,1.00,1.37
2015.11.17 10:24:14.247,1.5209,1.52098,1.12,1.12
2015.11.17 10:24:22.572,1.5209,1.52098,1.37,1.00
2015.11.17 10:24:25.176,1.5209,1.52098,1.00,1.00
2015.11.17 10:24:34.835,1.52091,1.52098,1.00,1.00
2015.11.17 10:24:35.343,1.5209,1.52098,1.00,1.00
2015.11.17 10:24:40.236,1.52092,1.52098,1.00,1.00
2015.11.17 10:24:40.692,1.5209,1.52098,1.00,1.00
2015.11.17 10:24:42.459,1.5209,1.52099,1.00,1.87
2015.11.17 10:24:43.888,1.5209,1.52097,1.00,1.00
2015.11.17 10:24:44.192,1.52093,1.52097,1.00,1.00
2015.11.17 10:24:44.243,1.52091,1.52097,1.00,1.00
2015.11.17 10:24:44.345,1.5209,1.52099,1.87,3.00
2015.11.17 10:24:44.396,1.52092,1.52099,1.00,3.00
2015.11.17 10:24:44.921,1.52093,1.52101,1.12,3.37
2015.11.17 10:24:45.278,1.52091,1.52098,1.00,1.00
2015.11.17 10:24:48.413,1.5209,1.52097,1.00,1.00
2015.11.17 10:24:48.920,1.52089,1.52097,1.00,1.50
2015.11.17 10:24:49.274,1.52089,1.52095,1.50,1.00
2015.11.17 10:24:49.477,1.52089,1.52097,1.50,1.00
2015.11.17 10:24:57.051,1.52089,1.52096,1.00,1.00
2015.11.17 10:24:59.771,1.5209,1.52096,1.00,1.50
2015.11.17 10:25:02.619,1.52089,1.52096,1.00,1.00
2015.11.17 10:25:02.771,1.52089,1.52098,1.00,1.87
2015.11.17 10:25:03.378,1.52091,1.52097,1.00,1.00
2015.11.17 10:25:03.581,1.52089,1.52098,1.50,1.00
2015.11.17 10:25:05.335,1.5209,1.52099,1.00,1.87
2015.11.17 10:25:07.722,1.5209,1.52098,1.00,1.50
2015.11.17 10:25:08.246,1.5209,1.52097,1.00,1.00
2015.11.17 10:25:08.534,1.52092,1.52097,1.00,1.00
2015.11.17 10:25:10.013,1.52092,1.52098,1.00,1.00
2015.11.17 10:25:11.944,1.52092,1.52099,1.00,1.87
2015.11.17 10:25:15.709,1.52094,1.52099,1.00,1.50
2015.11.17 10:25:16.027,1.52103,1.52107,1.12,3.75
2015.11.17 10:25:16.332,1.52108,1.5211,1.00,1.00
2015.11.17 10:25:16.383,1.52108,1.52114,1.00,1.87
2015.11.17 10:25:16.434,1.52106,1.52114,1.00,1.87
2015.11.17 10:25:16.739,1.52106,1.52112,1.00,1.87
2015.11.17 10:25:16.793,1.52104,1.52112,1.00,1.50
2015.11.17 10:25:16.895,1.52105,1.52111,1.00,5.25
2015.11.17 10:25:16.997,1.52103,1.52111,1.00,6.00
2015.11.17 10:25:17.545,1.52102,1.52111,1.00,6.00
2015.11.17 10:25:18.413,1.52099,1.52105,2.62,1.00
2015.11.17 10:25:18.565,1.52097,1.52105,1.50,1.50
2015.11.17 10:25:18.667,1.52095,1.52104,1.00,1.50
2015.11.17 10:25:18.869,1.52095,1.52102,1.00,1.87
2015.11.17 10:25:19.022,1.52093,1.52101,1.00,1.00
2015.11.17 10:25:19.527,1.52094,1.521,1.00,1.12
2015.11.17 10:25:19.629,1.52092,1.52101,1.50,2.25
2015.11.17 10:25:20.136,1.52093,1.521,1.00,1.12
2015.11.17 10:25:20.642,1.52093,1.52099,1.00,1.00
2015.11.17 10:25:21.851,1.52091,1.521,1.00,1.50
2015.11.17 10:25:23.182,1.52092,1.521,1.00,1.87
2015.11.17 10:25:23.686,1.52091,1.521,1.00,1.50
2015.11.17 10:25:24.650,1.5209,1.52098,1.00,1.00
2015.11.17 10:25:25.966,1.52091,1.52098,1.00,1.00
2015.11.17 10:25:28.664,1.5209,1.52093,1.00,1.00
2015.11.17 10:25:28.867,1.52084,1.5209,4.12,1.00
2015.11.17 10:25:28.918,1.52082,1.52089,5.25,1.00
2015.11.17 10:25:28.969,1.52082,1.52087,5.25,1.00
2015.11.17 10:25:29.020,1.52082,1.52087,1.50,1.00
2015.11.17 10:25:29.172,1.5208,1.52087,1.87,1.00
2015.11.17 10:25:29.744,1.5208,1.52088,1.87,1.00
2015.11.17 10:25:29.896,1.52082,1.52088,1.00,1.50
2015.11.17 10:25:30.422,1.52081,1.52088,1.00,1.00
2015.11.17 10:25:30.726,1.52078,1.52084,3.75,1.00
2015.11.17 10:25:30.828,1.52078,1.52084,1.00,1.00
2015.11.17 10:25:30.929,1.52075,1.52082,1.12,1.00
2015.11.17 10:25:31.133,1.52073,1.52082,2.62,1.50
2015.11.17 10:25:40.381,1.52074,1.52083,1.00,4.50
2015.11.17 10:25:40.432,1.52074,1.52083,1.12,1.00
2015.11.17 10:25:47.595,1.52073,1.52083,1.50,1.12
2015.11.17 10:25:58.738,1.52072,1.52082,2.25,1.00
2015.11.17 10:25:58.789,1.52072,1.5208,2.25,1.00
2015.11.17 10:25:58.890,1.52071,1.52079,1.12,1.00
2015.11.17 10:25:58.992,1.52069,1.52078,2.25,1.00
2015.11.17 10:25:59.508,1.5207,1.52078,1.00,1.00
2015.11.17 10:26:00.015,1.52069,1.52078,1.50,1.00
2015.11.17 10:26:03.551,1.52069,1.52076,1.50,1.00
2015.11.17 10:26:03.855,1.52067,1.52074,1.50,1.00
2015.11.17 10:26:04.008,1.52066,1.52074,1.12,1.00
2015.11.17 10:26:04.160,1.52065,1.52072,1.12,1.00
2015.11.17 10:26:04.678,1.52064,1.52074,1.12,5.25
2015.11.17 10:26:05.284,1.52064,1.52074,1.50,1.87
2015.11.17 10:26:07.679,1.52064,1.52073,1.12,1.00
2015.11.17 10:26:10.956,1.52064,1.52072,1.12,1.00
2015.11.17 10:26:11.457,1.52063,1.52073,1.50,1.00
2015.11.17 10:26:14.024,1.52062,1.5207,4.50,1.00
2015.11.17 10:26:14.226,1.5206,1.52068,2.25,1.00
2015.11.17 10:26:14.775,1.52061,1.52069,1.00,2.25
2015.11.17 10:26:14.977,1.52061,1.52071,3.00,1.50
2015.11.17 10:26:15.028,1.52062,1.52069,1.37,1.00
2015.11.17 10:26:15.129,1.52062,1.52071,1.50,1.00
2015.11.17 10:26:18.373,1.52063,1.52072,1.12,2.25
2015.11.17 10:26:27.646,1.52063,1.52073,1.37,1.00
2015.11.17 10:26:27.798,1.52064,1.52071,1.12,1.00
2015.11.17 10:26:28.304,1.52062,1.52071,1.87,1.50
2015.11.17 10:26:28.835,1.52061,1.52069,1.12,1.12
2015.11.17 10:26:31.873,1.52061,1.52068,1.12,1.00
2015.11.17 10:26:32.380,1.52059,1.52069,6.75,1.12
2015.11.17 10:26:32.823,1.52059,1.52067,1.87,1.00
2015.11.17 10:26:33.838,1.52058,1.52068,5.25,2.25
2015.11.17 10:26:40.188,1.52061,1.52069,1.00,1.00
2015.11.17 10:26:43.780,1.52061,1.5207,1.50,1.00
2015.11.17 10:26:44.286,1.52061,1.52069,1.00,1.00
2015.11.17 10:26:47.322,1.52061,1.52067,1.00,1.00
2015.11.17 10:26:51.278,1.52061,1.52068,1.50,1.00
2015.11.17 10:26:54.520,1.52059,1.52068,1.50,1.00
2015.11.17 10:26:55.118,1.52061,1.52068,1.00,1.00
2015.11.17 10:26:55.423,1.52061,1.52068,4.50,1.00
2015.11.17 10:26:55.955,1.52061,1.5207,4.50,1.00
2015.11.17 10:26:56.158,1.52061,1.52068,3.75,1.00
2015.11.17 10:26:56.209,1.5206,1.52068,1.50,1.00
2015.11.17 10:26:56.311,1.52059,1.52068,1.12,1.00
2015.11.17 10:26:56.829,1.52058,1.52067,2.25,1.00
2015.11.17 10:26:58.010,1.52057,1.52062,3.75,1.00
2015.11.17 10:26:58.113,1.52054,1.52061,3.75,1.00
2015.11.17 10:26:58.215,1.52052,1.5206,1.50,1.00
2015.11.17 10:26:58.367,1.52052,1.52058,1.37,1.00
2015.11.17 10:26:58.418,1.5205,1.52059,1.50,1.12
2015.11.17 10:26:58.634,1.52049,1.52057,1.37,1.00
2015.11.17 10:27:02.117,1.52049,1.52058,1.37,1.87
2015.11.17 10:27:02.421,1.52057,1.52064,1.00,4.12
2015.11.17 10:27:02.471,1.52057,1.52064,1.00,1.87
2015.11.17 10:27:03.864,1.52057,1.52065,1.12,1.50
2015.11.17 10:27:04.622,1.52056,1.52064,2.25,1.00
2015.11.17 10:27:09.997,1.52056,1.52063,1.37,1.00
2015.11.17 10:27:10.265,1.52053,1.5206,1.50,1.00
2015.11.17 10:27:10.316,1.52052,1.52061,2.25,1.00
2015.11.17 10:27:10.823,1.52052,1.5206,1.50,1.00
2015.11.17 10:27:11.296,1.52053,1.52062,1.37,1.12
2015.11.17 10:27:11.603,1.52056,1.52063,1.12,1.50
2015.11.17 10:27:12.144,1.52055,1.52062,1.50,1.00
2015.11.17 10:27:12.246,1.52053,1.52063,2.25,1.50
2015.11.17 10:27:12.749,1.52052,1.52062,1.50,1.12
2015.11.17 10:27:12.952,1.52053,1.5206,1.00,1.00
2015.11.17 10:27:14.538,1.52051,1.5206,1.12,1.00
2015.11.17 10:27:15.553,1.5205,1.5206,1.87,1.37
2015.11.17 10:27:19.530,1.52051,1.52061,4.12,2.25
2015.11.17 10:27:19.926,1.52056,1.52062,1.00,1.87
2015.11.17 10:27:20.028,1.52055,1.52064,1.50,1.87
2015.11.17 10:27:20.079,1.52057,1.52064,1.00,1.50
2015.11.17 10:27:20.587,1.52058,1.52066,1.00,2.25
2015.11.17 10:27:22.739,1.5206,1.52066,1.12,3.00
2015.11.17 10:27:22.943,1.52067,1.52072,1.12,1.12
2015.11.17 10:27:23.045,1.52069,1.52072,1.00,1.00
2015.11.17 10:27:23.248,1.52068,1.52077,5.25,1.50
2015.11.17 10:27:23.809,1.52068,1.52073,5.25,1.00
2015.11.17 10:27:23.860,1.52069,1.52076,1.00,1.00
2015.11.17 10:27:24.367,1.52067,1.52076,1.87,1.12
2015.11.17 10:27:24.897,1.52067,1.52075,1.37,1.00
2015.11.17 10:27:25.251,1.52065,1.52074,2.62,1.00
2015.11.17 10:27:25.454,1.52065,1.52072,1.12,1.00
2015.11.17 10:27:27.123,1.52064,1.52072,1.00,1.00
2015.11.17 10:27:27.264,1.52062,1.52071,1.00,1.12
2015.11.17 10:27:27.568,1.52062,1.52069,1.00,1.00
2015.11.17 10:27:28.074,1.52061,1.52069,1.87,1.00
2015.11.17 10:27:29.909,1.52061,1.52068,1.12,1.00
2015.11.17 10:27:33.654,1.52061,1.5207,1.12,1.37
2015.11.17 10:27:33.960,1.52063,1.52071,1.50,1.50
2015.11.17 10:27:34.264,1.52067,1.52075,1.00,1.50
2015.11.17 10:27:34.668,1.52065,1.52075,1.50,3.00
2015.11.17 10:27:38.560,1.52065,1.52074,2.25,1.00
2015.11.17 10:27:39.224,1.52065,1.52072,2.25,1.00
2015.11.17 10:27:39.376,1.52063,1.52072,1.00,1.12
2015.11.17 10:27:39.427,1.52063,1.5207,1.00,1.00
2015.11.17 10:27:39.960,1.52062,1.5207,1.12,1.12
2015.11.17 10:27:40.467,1.52062,1.52069,1.12,1.00
2015.11.17 10:27:41.012,1.5206,1.5207,4.50,1.87
2015.11.17 10:27:43.587,1.52064,1.52071,1.00,1.00
2015.11.17 10:27:44.113,1.52063,1.52073,2.25,1.00
2015.11.17 10:27:44.627,1.52063,1.52073,2.62,1.12
2015.11.17 10:27:45.284,1.52066,1.52075,1.00,5.25
2015.11.17 10:27:45.476,1.52066,1.52075,1.87,1.00
2015.11.17 10:27:48.674,1.52067,1.52075,1.00,1.00
2015.11.17 10:27:49.181,1.52066,1.52075,1.12,1.00
2015.11.17 10:27:50.349,1.52066,1.52073,1.12,1.00
2015.11.17 10:27:50.655,1.52063,1.52072,1.12,1.00
2015.11.17 10:27:51.446,1.52063,1.52071,1.00,1.00
2015.11.17 10:27:51.952,1.52062,1.52071,1.00,1.00
2015.11.17 10:27:55.118,1.52062,1.52072,1.87,1.87
2015.11.17 10:28:04.704,1.52068,1.52073,1.00,2.25
2015.11.17 10:28:04.907,1.52066,1.52075,1.50,4.12
2015.11.17 10:28:04.958,1.52066,1.52075,2.25,1.00
2015.11.17 10:28:06.131,1.52066,1.52075,1.12,1.50
2015.11.17 10:28:09.071,1.52065,1.52072,1.37,1.00
2015.11.17 10:28:09.324,1.52064,1.52072,1.12,1.50
2015.11.17 10:28:09.527,1.52062,1.52072,1.50,2.62
2015.11.17 10:28:10.802,1.52062,1.5207,1.12,1.00
2015.11.17 10:28:11.309,1.5206,1.52069,1.37,1.87
2015.11.17 10:28:11.847,1.52059,1.52068,5.25,1.00
2015.11.17 10:28:12.360,1.52059,1.52069,5.25,1.12
2015.11.17 10:28:17.308,1.52062,1.52071,1.00,4.50
2015.11.17 10:28:17.358,1.52062,1.52072,1.00,2.25
2015.11.17 10:28:17.460,1.52064,1.52071,1.00,1.12
2015.11.17 10:28:17.663,1.52063,1.52073,1.87,1.12
2015.11.17 10:28:18.779,1.52063,1.52072,1.87,1.00
2015.11.17 10:28:19.319,1.52064,1.52072,1.00,1.12
2015.11.17 10:28:22.842,1.52062,1.52072,2.25,1.12
2015.11.17 10:28:23.552,1.52063,1.52072,1.00,1.12
2015.11.17 10:28:26.657,1.52064,1.52073,1.00,1.50
2015.11.17 10:28:27.214,1.52063,1.52073,1.50,1.50
2015.11.17 10:28:29.019,1.52064,1.52071,1.50,1.00
2015.11.17 10:28:29.818,1.52065,1.52073,1.00,3.00
2015.11.17 10:28:34.706,1.52064,1.52072,1.00,1.12
2015.11.17 10:28:34.808,1.52063,1.52071,1.50,1.87
2015.11.17 10:28:35.112,1.52061,1.5207,1.00,4.50
2015.11.17 10:28:35.623,1.5206,1.52069,3.37,1.50
2015.11.17 10:28:36.139,1.5206,1.52069,3.75,1.00
2015.11.17 10:28:37.209,1.52062,1.5207,1.00,1.00
2015.11.17 10:28:37.715,1.52061,1.5207,1.87,1.00
2015.11.17 10:28:40.187,1.52062,1.52069,1.50,1.00
2015.11.17 10:28:40.533,1.52063,1.52072,1.50,1.37
2015.11.17 10:28:41.346,1.52068,1.52073,1.00,4.50
2015.11.17 10:28:41.448,1.5207,1.52076,1.00,1.50
2015.11.17 10:28:41.550,1.52072,1.52076,1.00,1.00
2015.11.17 10:28:41.693,1.52072,1.52078,1.50,1.00
2015.11.17 10:28:42.149,1.52073,1.5208,1.00,1.00
2015.11.17 10:28:42.301,1.52073,1.52082,2.25,1.87
2015.11.17 10:28:42.808,1.52074,1.52081,1.00,1.00
2015.11.17 10:28:48.601,1.52074,1.52082,1.00,1.12
2015.11.17 10:28:48.904,1.52079,1.52084,1.00,1.37
2015.11.17 10:28:48.956,1.52079,1.52085,1.00,1.50
2015.11.17 10:28:49.008,1.52081,1.52085,1.00,1.00
2015.11.17 10:28:49.059,1.5208,1.52087,1.50,1.00
2015.11.17 10:28:49.579,1.52079,1.52088,1.87,1.00
2015.11.17 10:28:49.681,1.52082,1.52088,1.00,1.00
2015.11.17 10:28:51.790,1.5208,1.52089,1.50,1.12
2015.11.17 10:28:53.417,1.52082,1.52088,1.00,1.00
2015.11.17 10:28:53.931,1.52081,1.52088,1.12,1.00
2015.11.17 10:28:54.236,1.52083,1.52087,1.00,1.00
2015.11.17 10:28:54.338,1.52084,1.52091,1.00,1.12
2015.11.17 10:28:54.845,1.52083,1.5209,1.12,1.00
2015.11.17 10:28:55.348,1.52083,1.52091,1.12,1.12
2015.11.17 10:28:57.803,1.52089,1.52093,1.00,3.75
2015.11.17 10:28:58.006,1.5209,1.52098,1.00,1.50
2015.11.17 10:28:58.107,1.52092,1.52101,1.00,3.00
2015.11.17 10:28:58.411,1.52097,1.52105,1.12,1.12
2015.11.17 10:28:58.866,1.52097,1.52103,1.00,1.00
2015.11.17 10:28:59.373,1.52093,1.52102,1.75,1.50
2015.11.17 10:28:59.475,1.52094,1.52101,1.00,1.00
2015.11.17 10:28:59.627,1.52094,1.52099,1.00,1.00
2015.11.17 10:29:00.183,1.52094,1.521,1.00,1.00
2015.11.17 10:29:00.449,1.52094,1.52102,1.00,1.50
2015.11.17 10:29:00.550,1.52093,1.521,1.75,1.00
2015.11.17 10:29:01.080,1.52093,1.52099,1.75,1.00
2015.11.17 10:29:01.537,1.52098,1.52102,1.00,1.00
2015.11.17 10:29:01.639,1.52095,1.52103,1.12,1.00
2015.11.17 10:29:01.690,1.52098,1.52106,1.00,2.25
2015.11.17 10:29:02.036,1.52101,1.52108,1.50,1.00
2015.11.17 10:29:02.342,1.52103,1.52109,1.00,1.00
2015.11.17 10:29:02.595,1.52101,1.52108,1.12,1.00
2015.11.17 10:29:04.747,1.52103,1.52111,1.00,5.25
2015.11.17 10:29:04.798,1.52103,1.52111,1.00,1.12
2015.11.17 10:29:04.900,1.52105,1.52111,1.00,1.00
2015.11.17 10:29:04.951,1.52103,1.52112,1.00,1.12
2015.11.17 10:29:06.061,1.52108,1.52114,1.00,2.25
2015.11.17 10:29:06.162,1.52106,1.52113,1.00,1.00
2015.11.17 10:29:06.264,1.52108,1.52115,1.00,1.87
2015.11.17 10:29:06.315,1.52105,1.52114,1.87,1.00
2015.11.17 10:29:06.417,1.52106,1.52113,4.50,1.00
2015.11.17 10:29:06.722,1.5211,1.52117,1.00,1.37
2015.11.17 10:29:06.926,1.52111,1.52119,1.00,1.12
2015.11.17 10:29:07.431,1.52112,1.5212,1.50,1.00
2015.11.17 10:29:07.937,1.52112,1.52121,2.25,1.00
2015.11.17 10:29:08.039,1.52114,1.5212,1.00,1.00
2015.11.17 10:29:08.630,1.52113,1.52121,1.00,1.00
2015.11.17 10:29:08.935,1.52117,1.52126,1.00,1.12
2015.11.17 10:29:09.444,1.52118,1.52124,1.00,1.00
2015.11.17 10:29:09.784,1.52116,1.52125,1.00,1.12
2015.11.17 10:29:10.406,1.52118,1.52126,1.00,2.25
2015.11.17 10:29:11.696,1.52122,1.52127,1.00,4.50
2015.11.17 10:29:11.747,1.52122,1.52127,1.00,1.00
2015.11.17 10:29:11.950,1.52122,1.52131,1.12,4.12
2015.11.17 10:29:12.001,1.52124,1.5213,1.00,1.12
2015.11.17 10:29:12.509,1.52123,1.52131,1.00,1.87
2015.11.17 10:29:13.335,1.52122,1.5213,1.00,1.12
2015.11.17 10:29:13.840,1.52122,1.52129,1.12,1.00
2015.11.17 10:29:14.043,1.5212,1.52128,1.12,1.12
2015.11.17 10:29:14.882,1.52121,1.52129,1.00,1.37
2015.11.17 10:29:14.933,1.52124,1.52129,1.00,1.37
2015.11.17 10:29:15.035,1.52124,1.5213,1.00,1.12
2015.11.17 10:29:15.540,1.52123,1.52131,1.00,2.62
2015.11.17 10:29:16.421,1.52126,1.52131,1.00,2.62
2015.11.17 10:29:16.523,1.52124,1.52131,1.00,2.62
2015.11.17 10:29:17.333,1.52122,1.5213,1.12,1.00
2015.11.17 10:29:17.839,1.52123,1.52129,1.00,1.00
2015.11.17 10:29:19.623,1.52123,1.52129,1.37,1.00
2015.11.17 10:29:20.167,1.52122,1.5213,1.50,1.00
2015.11.17 10:29:20.682,1.52122,1.5213,1.50,1.00
2015.11.17 10:29:23.045,1.52122,1.52131,1.50,1.00
2015.11.17 10:29:23.432,1.52125,1.52133,1.00,1.50
2015.11.17 10:29:23.788,1.52125,1.52134,1.37,1.87
2015.11.17 10:29:24.194,1.52128,1.52136,1.00,4.87
2015.11.17 10:29:24.347,1.52128,1.52137,1.00,1.12
2015.11.17 10:29:24.674,1.5213,1.52139,1.12,1.00
2015.11.17 10:29:25.180,1.52131,1.52138,1.50,1.00
2015.11.17 10:29:29.273,1.52131,1.52139,1.50,1.00
2015.11.17 10:29:29.780,1.52132,1.5214,1.00,1.00
2015.11.17 10:29:30.282,1.52134,1.52142,1.00,1.00
2015.11.17 10:29:30.588,1.52136,1.52143,1.00,1.00
2015.11.17 10:29:30.791,1.52136,1.52145,1.50,1.50
2015.11.17 10:29:33.501,1.52136,1.52144,1.00,1.00
2015.11.17 10:29:34.071,1.52135,1.52144,1.12,1.37
2015.11.17 10:29:38.669,1.52136,1.52145,1.00,5.25
2015.11.17 10:29:38.720,1.52137,1.52145,1.00,1.87
2015.11.17 10:29:38.923,1.52138,1.52147,1.37,2.25
2015.11.17 10:29:40.041,1.52138,1.52148,1.50,1.00
2015.11.17 10:29:40.657,1.52139,1.52149,1.87,1.12
2015.11.17 10:29:40.961,1.52147,1.52151,1.00,1.00
2015.11.17 10:29:41.114,1.52149,1.52156,1.50,1.87
2015.11.17 10:29:41.166,1.52148,1.52152,1.75,1.00
2015.11.17 10:29:41.268,1.52143,1.52151,1.00,1.00
2015.11.17 10:29:41.319,1.52141,1.5215,1.87,1.00
2015.11.17 10:29:41.423,1.5214,1.52145,1.00,1.00
2015.11.17 10:29:41.575,1.52136,1.52142,1.00,1.00
2015.11.17 10:29:41.677,1.52133,1.52142,1.00,1.00
2015.11.17 10:29:41.829,1.52132,1.5214,1.00,1.00
2015.11.17 10:29:42.083,1.5213,1.5214,2.25,1.00
2015.11.17 10:29:42.657,1.5213,1.52136,1.12,1.00
2015.11.17 10:29:42.961,1.52123,1.5213,3.75,1.00
2015.11.17 10:29:43.063,1.52121,1.5213,4.12,1.00
2015.11.17 10:29:43.266,1.52121,1.5213,1.00,1.00
2015.11.17 10:29:43.786,1.52119,1.52129,5.25,1.00
2015.11.17 10:29:44.292,1.5212,1.5213,1.50,1.00
2015.11.17 10:29:44.816,1.52119,1.52129,5.25,1.00
2015.11.17 10:29:45.339,1.52119,1.52129,1.87,1.00
2015.11.17 10:29:45.896,1.52121,1.52129,1.00,1.00
2015.11.17 10:29:46.016,1.52123,1.52129,1.00,1.00
2015.11.17 10:29:46.067,1.52123,1.52131,1.12,1.50
2015.11.17 10:29:46.574,1.52124,1.52132,1.00,1.12
2015.11.17 10:29:47.079,1.52123,1.52131,1.12,1.00
2015.11.17 10:29:50.259,1.52121,1.52131,2.25,1.12
2015.11.17 10:29:50.439,1.52121,1.52129,1.12,1.00
2015.11.17 10:29:51.988,1.52122,1.5213,1.00,1.50
2015.11.17 10:29:52.495,1.52124,1.52132,1.00,4.50
2015.11.17 10:29:52.548,1.52124,1.52132,1.50,1.12
2015.11.17 10:29:52.751,1.52126,1.52134,1.00,1.87
2015.11.17 10:29:53.875,1.52125,1.52136,2.25,2.25
2015.11.17 10:29:54.804,1.52125,1.52134,1.12,1.00
2015.11.17 10:29:56.054,1.52124,1.52135,2.25,1.12
2015.11.17 10:29:56.569,1.52126,1.52135,1.12,1.00
2015.11.17 10:29:56.923,1.52124,1.52133,1.87,1.50
2015.11.17 10:29:57.228,1.52122,1.52131,4.50,1.00
2015.11.17 10:29:57.481,1.52122,1.52131,1.12,1.87
2015.11.17 10:29:59.129,1.5212,1.52129,5.25,1.00
2015.11.17 10:29:59.636,1.52121,1.52131,1.12,1.50
2015.11.17 10:30:00.910,1.5212,1.52131,1.12,1.50
2015.11.17 10:30:03.432,1.52121,1.52131,1.00,1.50
2015.11.17 10:30:03.837,1.52128,1.52132,1.00,4.50
2015.11.17 10:30:04.141,1.52142,1.52149,1.00,1.50
2015.11.17 10:30:04.648,1.52141,1.52149,1.12,1.50
2015.11.17 10:30:05.013,1.52138,1.52145,4.50,1.00
2015.11.17 10:30:05.064,1.52137,1.52145,1.50,1.00
2015.11.17 10:30:05.268,1.52136,1.52146,1.00,1.87
2015.11.17 10:30:05.319,1.52136,1.52145,1.00,3.37
2015.11.17 10:30:05.623,1.52142,1.52146,1.00,3.75
2015.11.17 10:30:05.674,1.52141,1.52146,1.00,1.00
2015.11.17 10:30:05.775,1.52141,1.5215,1.00,2.25
2015.11.17 10:30:06.338,1.5214,1.5215,1.00,2.25
2015.11.17 10:30:08.110,1.52139,1.52147,1.12,1.37
2015.11.17 10:30:08.414,1.52136,1.52142,3.75,1.00
2015.11.17 10:30:08.584,1.52131,1.52139,1.50,1.12
2015.11.17 10:30:08.635,1.5213,1.52138,1.50,1.37
2015.11.17 10:30:08.939,1.52128,1.52137,1.12,2.25
2015.11.17 10:30:09.092,1.52126,1.52132,4.50,1.00
2015.11.17 10:30:09.143,1.52125,1.52132,1.50,1.00
2015.11.17 10:30:09.246,1.52122,1.5213,1.50,1.00
2015.11.17 10:30:09.348,1.52122,1.52127,1.00,1.12
2015.11.17 10:30:09.450,1.5212,1.52127,1.12,1.12
2015.11.17 10:30:09.973,1.52118,1.52127,1.87,1.12
2015.11.17 10:30:10.479,1.52119,1.52128,1.00,2.25
2015.11.17 10:30:10.682,1.52121,1.52128,1.00,1.50
2015.11.17 10:30:10.733,1.52122,1.52129,1.00,1.12
2015.11.17 10:30:11.088,1.52124,1.52131,1.00,1.50
2015.11.17 10:30:11.636,1.52123,1.52132,1.00,4.87
2015.11.17 10:30:12.143,1.52124,1.52131,1.00,1.50
2015.11.17 10:30:12.856,1.52122,1.52131,1.12,1.37
2015.11.17 10:30:13.009,1.52126,1.52131,1.12,1.00
2015.11.17 10:30:13.163,1.5213,1.52138,1.12,1.00
2015.11.17 10:30:13.517,1.5213,1.52139,1.12,1.87
2015.11.17 10:30:14.023,1.5213,1.52138,1.00,1.37
2015.11.17 10:30:14.793,1.52129,1.52138,1.12,1.87
2015.11.17 10:30:17.958,1.52129,1.52138,1.87,1.12
2015.11.17 10:30:18.604,1.52129,1.52137,1.50,1.00
2015.11.17 10:30:19.113,1.5213,1.52138,1.00,1.12
2015.11.17 10:30:19.446,1.52129,1.52136,1.50,1.00
2015.11.17 10:30:19.975,1.5213,1.52137,1.00,1.00
2015.11.17 10:30:22.624,1.52131,1.52138,1.00,1.87
2015.11.17 10:30:22.894,1.52129,1.52137,1.00,1.00
2015.11.17 10:30:23.415,1.52129,1.52138,1.50,1.87
2015.11.17 10:30:24.259,1.52129,1.52136,1.00,1.00
2015.11.17 10:30:24.562,1.52129,1.52138,1.12,1.00
2015.11.17 10:30:25.219,1.52129,1.52136,1.12,1.00
2015.11.17 10:30:25.270,1.52129,1.52139,1.12,1.87
2015.11.17 10:30:26.247,1.5213,1.52139,1.00,1.87
2015.11.17 10:30:31.458,1.5213,1.52137,1.00,1.00
2015.11.17 10:30:31.763,1.52126,1.52132,1.00,1.00
2015.11.17 10:30:31.931,1.52124,1.52132,1.00,1.00
2015.11.17 10:30:32.083,1.52122,1.5213,1.00,1.00
2015.11.17 10:30:32.591,1.52121,1.5213,1.50,1.00
2015.11.17 10:30:33.130,1.52122,1.5213,1.00,1.00
2015.11.17 10:30:33.637,1.52122,1.52129,1.00,1.00
2015.11.17 10:30:34.001,1.5212,1.52128,1.00,1.00
2015.11.17 10:30:34.608,1.52119,1.52128,1.12,1.00
2015.11.17 10:30:34.710,1.52121,1.52129,1.00,1.12
2015.11.17 10:30:38.723,1.5212,1.52129,1.00,1.12
2015.11.17 10:30:39.362,1.52122,1.5213,1.00,1.50
2015.11.17 10:30:39.892,1.52121,1.5213,1.00,1.12
2015.11.17 10:30:41.929,1.5212,1.52129,1.12,1.00
2015.11.17 10:30:42.727,1.5212,1.52127,1.12,1.00
2015.11.17 10:30:47.001,1.52118,1.52128,2.25,1.00
2015.11.17 10:30:48.605,1.52121,1.52128,1.00,1.50
2015.11.17 10:30:48.656,1.52119,1.52127,1.12,1.00
2015.11.17 10:30:48.707,1.52117,1.52123,1.50,1.00
2015.11.17 10:30:48.910,1.52112,1.52121,1.00,1.50
2015.11.17 10:30:49.112,1.52111,1.52119,1.00,1.12
2015.11.17 10:30:49.617,1.5211,1.5212,1.50,2.25
2015.11.17 10:30:51.229,1.5211,1.52117,1.00,1.00
2015.11.17 10:30:51.533,1.5211,1.52119,1.00,1.12
2015.11.17 10:30:51.635,1.52108,1.52117,3.00,1.00
2015.11.17 10:30:51.736,1.5211,1.52119,1.00,1.12
2015.11.17 10:30:52.111,1.52109,1.52117,1.12,1.00
2015.11.17 10:30:52.416,1.5211,1.52119,1.00,1.12
2015.11.17 10:30:52.921,1.52108,1.52117,3.00,1.00
2015.11.17 10:30:53.835,1.5211,1.52117,1.00,1.00
2015.11.17 10:30:54.756,1.5211,1.52118,1.00,1.00
2015.11.17 10:30:55.060,1.52107,1.52114,1.50,1.00
2015.11.17 10:30:55.212,1.52102,1.52112,1.50,4.87
2015.11.17 10:30:55.722,1.52102,1.5211,1.12,1.12
2015.11.17 10:30:56.734,1.52103,1.5211,1.00,1.12
2015.11.17 10:30:57.259,1.52101,1.52111,1.87,1.37
2015.11.17 10:31:03.902,1.52106,1.52112,1.00,4.50
2015.11.17 10:31:04.155,1.52106,1.52114,1.00,1.50
2015.11.17 10:31:05.611,1.52107,1.52114,1.00,1.00
2015.11.17 10:31:06.587,1.52106,1.52114,1.00,1.50
2015.11.17 10:31:06.689,1.52104,1.52114,1.50,1.50
2015.11.17 10:31:09.306,1.52104,1.52113,1.50,1.00
2015.11.17 10:31:09.811,1.52105,1.52112,1.00,1.00
2015.11.17 10:31:09.862,1.52103,1.52113,1.87,1.87
2015.11.17 10:31:09.913,1.52103,1.52111,1.87,1.00
2015.11.17 10:31:13.304,1.52101,1.5211,6.00,1.00
2015.11.17 10:31:13.833,1.52101,1.5211,2.25,1.00
2015.11.17 10:31:14.338,1.521,1.52108,1.50,1.00
2015.11.17 10:31:14.642,1.52097,1.52103,1.50,1.00
2015.11.17 10:31:15.154,1.52097,1.52103,1.12,1.00
2015.11.17 10:31:15.661,1.52097,1.52104,1.12,1.00
2015.11.17 10:31:17.087,1.52096,1.52102,1.87,1.00
2015.11.17 10:31:17.392,1.5209,1.52097,3.75,1.50
2015.11.17 10:31:17.443,1.5209,1.52097,1.00,1.50
2015.11.17 10:31:18.101,1.52089,1.52095,1.50,1.00
2015.11.17 10:31:18.253,1.52088,1.52095,1.00,1.00
2015.11.17 10:31:18.437,1.52085,1.52093,1.50,1.00
2015.11.17 10:31:18.590,1.52083,1.52092,1.87,1.00
2015.11.17 10:31:18.691,1.52083,1.52092,4.87,1.00
2015.11.17 10:31:19.198,1.52084,1.52093,1.12,1.50
2015.11.17 10:31:19.706,1.52083,1.52092,2.25,1.00
2015.11.17 10:31:20.213,1.52083,1.52091,1.00,1.00
2015.11.17 10:31:20.740,1.52083,1.52092,1.00,1.50
2015.11.17 10:31:21.045,1.52087,1.52092,1.00,1.00
2015.11.17 10:31:21.095,1.52085,1.52092,1.00,1.00
2015.11.17 10:31:21.197,1.52085,1.52094,1.12,1.00
2015.11.17 10:31:21.553,1.52084,1.52091,1.50,1.00
2015.11.17 10:31:21.948,1.52083,1.52093,1.12,1.87
2015.11.17 10:31:21.999,1.52086,1.52093,1.00,1.12
2015.11.17 10:31:22.303,1.52087,1.52094,1.12,1.00
2015.11.17 10:31:22.355,1.52085,1.52094,5.62,1.12
2015.11.17 10:31:22.558,1.52085,1.52092,2.62,1.00
2015.11.17 10:31:23.080,1.52081,1.52088,2.62,1.00
2015.11.17 10:31:23.181,1.5208,1.52087,1.00,1.00
2015.11.17 10:31:23.687,1.52079,1.52086,2.25,1.00
2015.11.17 10:31:23.739,1.52079,1.52088,2.25,1.00
2015.11.17 10:31:24.144,1.52079,1.52084,1.50,1.00
2015.11.17 10:31:24.394,1.52072,1.52079,1.00,1.00
2015.11.17 10:31:24.698,1.5207,1.52077,1.50,1.00
2015.11.17 10:31:25.559,1.52071,1.52077,1.00,1.00
2015.11.17 10:31:26.504,1.5207,1.52077,1.00,1.00
2015.11.17 10:31:27.010,1.5207,1.52078,1.00,1.00
2015.11.17 10:31:27.523,1.52071,1.52078,1.00,1.00
2015.11.17 10:31:28.963,1.52071,1.52079,1.00,1.12
2015.11.17 10:31:29.470,1.5207,1.52079,1.00,1.12
2015.11.17 10:31:29.977,1.52071,1.52079,1.00,1.12
2015.11.17 10:31:30.790,1.5207,1.52079,1.00,1.12
2015.11.17 10:31:31.296,1.52071,1.52078,1.00,1.00
2015.11.17 10:31:32.192,1.5207,1.52078,1.12,1.00
2015.11.17 10:31:33.856,1.5207,1.52079,1.12,1.12
2015.11.17 10:31:34.271,1.52072,1.52079,1.00,1.12
2015.11.17 10:31:34.322,1.5207,1.5208,1.12,2.25
2015.11.17 10:31:34.424,1.52072,1.5208,1.00,1.00
2015.11.17 10:31:35.195,1.52071,1.5208,1.12,1.50
2015.11.17 10:31:35.701,1.5207,1.52079,1.50,1.00
2015.11.17 10:31:37.474,1.52071,1.52078,1.12,1.00
2015.11.17 10:31:37.778,1.52071,1.5208,1.12,1.00
2015.11.17 10:31:38.779,1.52071,1.52078,1.12,1.00
2015.11.17 10:31:41.966,1.52071,1.52079,1.00,1.12
2015.11.17 10:31:44.334,1.52073,1.52079,1.00,1.12
2015.11.17 10:31:46.824,1.52073,1.5208,1.50,1.12
2015.11.17 10:31:47.431,1.52074,1.5208,1.00,1.00
2015.11.17 10:31:47.959,1.52074,1.52081,1.00,1.00
2015.11.17 10:31:48.265,1.52074,1.52081,1.00,4.50
2015.11.17 10:31:50.444,1.52073,1.52081,1.00,4.50
2015.11.17 10:31:53.748,1.52073,1.52081,1.00,1.50
2015.11.17 10:31:54.295,1.52073,1.5208,1.00,1.00
2015.11.17 10:31:54.396,1.52073,1.52078,1.00,1.50
2015.11.17 10:31:54.498,1.52067,1.52076,1.12,1.87
2015.11.17 10:31:54.549,1.52067,1.52075,1.00,4.50
2015.11.17 10:31:54.600,1.52065,1.52075,1.87,5.25
2015.11.17 10:31:54.651,1.52065,1.52075,6.00,1.12
2015.11.17 10:31:55.107,1.52069,1.52077,1.00,4.50
2015.11.17 10:31:55.158,1.52069,1.52077,1.00,1.00
2015.11.17 10:31:55.391,1.52069,1.52079,1.37,1.12
2015.11.17 10:31:55.545,1.52076,1.5208,1.00,5.25
2015.11.17 10:31:55.748,1.52079,1.52089,1.87,4.50
2015.11.17 10:31:55.850,1.5208,1.52089,1.50,1.00
2015.11.17 10:31:56.357,1.52081,1.5209,1.00,1.87
2015.11.17 10:31:58.146,1.52081,1.52089,1.00,1.00
2015.11.17 10:31:59.381,1.52081,1.52091,1.50,3.00
2015.11.17 10:32:02.870,1.52081,1.52089,1.00,1.00
2015.11.17 10:32:03.340,1.5208,1.52087,1.37,1.50
2015.11.17 10:32:03.897,1.5208,1.52083,1.37,1.00
2015.11.17 10:32:03.948,1.52079,1.52084,1.00,1.00
2015.11.17 10:32:04.050,1.52076,1.52084,1.50,1.87
2015.11.17 10:32:04.253,1.52075,1.52083,1.00,1.50
2015.11.17 10:32:04.354,1.52075,1.52081,1.00,1.00
2015.11.17 10:32:04.720,1.52075,1.52077,1.00,1.00
2015.11.17 10:32:05.026,1.52073,1.52077,1.00,1.00
2015.11.17 10:32:05.127,1.52073,1.5208,1.00,1.00
2015.11.17 10:32:05.636,1.52073,1.5208,1.37,1.00
2015.11.17 10:32:10.273,1.52076,1.52081,1.00,1.00
2015.11.17 10:32:10.478,1.52077,1.52085,1.37,1.00
2015.11.17 10:32:11.373,1.52076,1.52085,1.50,1.00
2015.11.17 10:32:11.887,1.52076,1.52085,2.25,1.00
2015.11.17 10:32:12.191,1.5208,1.52085,1.00,1.00
2015.11.17 10:32:12.242,1.52078,1.52085,1.50,1.00
2015.11.17 10:32:12.567,1.52077,1.52082,1.12,1.00
2015.11.17 10:32:12.871,1.52075,1.52081,1.00,1.00
2015.11.17 10:32:12.922,1.52073,1.5208,1.50,1.00
2015.11.17 10:32:13.024,1.52073,1.52078,1.00,1.00
2015.11.17 10:32:13.530,1.52073,1.52077,1.00,1.00
2015.11.17 10:32:14.707,1.52069,1.52077,2.62,1.00
2015.11.17 10:32:16.193,1.52069,1.52076,1.12,1.00
2015.11.17 10:32:16.244,1.52069,1.52074,1.00,1.00
2015.11.17 10:32:16.345,1.52067,1.52072,1.12,1.00
2015.11.17 10:32:16.760,1.52063,1.52072,1.12,1.50
2015.11.17 10:32:17.216,1.52062,1.52069,1.87,1.00
2015.11.17 10:32:17.724,1.52062,1.52069,1.00,1.50
2015.11.17 10:32:18.726,1.52062,1.5207,1.00,1.12
2015.11.17 10:32:19.232,1.52062,1.52069,1.00,1.00
2015.11.17 10:32:19.834,1.5206,1.52068,5.62,1.00
2015.11.17 10:32:20.340,1.52061,1.52067,1.12,1.00
2015.11.17 10:32:21.251,1.52062,1.52067,1.00,1.00
2015.11.17 10:32:21.353,1.52062,1.52069,1.00,1.87
2015.11.17 10:32:21.895,1.52061,1.52068,1.50,1.00
2015.11.17 10:32:22.401,1.52062,1.52068,1.00,1.00
2015.11.17 10:32:22.603,1.52062,1.52071,1.50,1.12
2015.11.17 10:32:23.010,1.52062,1.52069,1.00,1.00
2015.11.17 10:32:24.007,1.5206,1.5207,2.62,2.25
2015.11.17 10:32:24.413,1.52062,1.52071,1.00,1.87
2015.11.17 10:32:25.125,1.52063,1.5207,1.00,1.00
2015.11.17 10:32:25.176,1.52061,1.5207,3.00,1.00
2015.11.17 10:32:25.278,1.52061,1.52068,3.00,1.00
2015.11.17 10:32:26.744,1.52061,1.52064,1.12,1.00
2015.11.17 10:32:26.845,1.52061,1.52066,1.00,1.00
2015.11.17 10:32:26.898,1.52059,1.52066,1.12,1.12
2015.11.17 10:32:27.254,1.5206,1.52068,1.00,1.12
2015.11.17 10:32:27.710,1.52063,1.52068,1.00,1.00
2015.11.17 10:32:27.862,1.52062,1.5207,1.00,1.00
2015.11.17 10:32:27.964,1.52062,1.52068,1.00,1.00
2015.11.17 10:32:28.079,1.52061,1.5207,1.12,2.25
2015.11.17 10:32:28.180,1.52061,1.52068,1.00,1.00
2015.11.17 10:32:28.685,1.52062,1.52068,1.00,1.50
2015.11.17 10:32:29.780,1.5206,1.52069,3.00,1.50
2015.11.17 10:32:30.033,1.52059,1.52065,1.37,1.00
2015.11.17 10:32:30.235,1.52058,1.52065,1.00,1.00
2015.11.17 10:32:34.409,1.52057,1.52065,1.00,1.00
2015.11.17 10:32:34.918,1.52057,1.52065,1.37,1.50
2015.11.17 10:32:35.323,1.52056,1.52065,1.87,1.00
2015.11.17 10:32:40.130,1.52059,1.52066,1.00,1.87
2015.11.17 10:32:41.038,1.52058,1.52065,1.00,1.00
2015.11.17 10:32:41.544,1.52057,1.52064,1.00,1.00
2015.11.17 10:32:41.647,1.52057,1.52066,1.00,2.62
2015.11.17 10:32:41.748,1.52057,1.52064,1.00,1.37
2015.11.17 10:32:41.799,1.52055,1.52062,2.62,1.00
2015.11.17 10:32:41.901,1.52055,1.5206,1.00,1.00
2015.11.17 10:32:42.003,1.52051,1.52058,3.00,1.00
2015.11.17 10:32:42.525,1.52051,1.52057,1.00,1.00
2015.11.17 10:32:43.132,1.52049,1.52057,1.00,1.00
2015.11.17 10:32:44.373,1.52048,1.52057,1.50,1.00
2015.11.17 10:32:44.627,1.52051,1.52057,1.00,1.00
2015.11.17 10:32:45.141,1.5205,1.52057,1.00,1.00
2015.11.17 10:32:45.345,1.52051,1.52059,1.00,1.12
2015.11.17 10:32:45.851,1.5205,1.52059,1.12,1.12
2015.11.17 10:32:46.367,1.52051,1.52059,1.00,1.12
2015.11.17 10:32:46.872,1.5205,1.52059,1.12,1.12
2015.11.17 10:32:48.376,1.52051,1.52058,1.00,1.00
2015.11.17 10:32:49.712,1.5205,1.52057,1.00,1.00
2015.11.17 10:32:50.274,1.52049,1.52055,1.12,1.00
2015.11.17 10:32:50.375,1.52046,1.52055,2.25,1.00
2015.11.17 10:32:50.477,1.52047,1.52053,1.00,1.00
2015.11.17 10:32:50.990,1.52046,1.52054,1.00,1.12
2015.11.17 10:32:51.294,1.52045,1.52052,1.50,1.00
2015.11.17 10:32:51.750,1.52042,1.52051,1.00,4.12
2015.11.17 10:32:52.257,1.52041,1.52048,1.00,1.12
2015.11.17 10:32:52.740,1.52039,1.52048,1.12,1.12
2015.11.17 10:32:53.245,1.52039,1.52047,1.12,1.00
2015.11.17 10:32:54.649,1.5204,1.52047,1.00,1.00
2015.11.17 10:32:56.170,1.52042,1.52047,1.00,1.00
2015.11.17 10:32:56.323,1.52042,1.52049,1.00,1.12
2015.11.17 10:32:57.040,1.5204,1.5205,1.12,1.50
2015.11.17 10:32:57.569,1.5204,1.5205,1.00,4.50
2015.11.17 10:32:58.263,1.52041,1.5205,1.00,4.50
2015.11.17 10:32:58.415,1.52042,1.52051,1.00,1.50
2015.11.17 10:32:58.922,1.52041,1.5205,1.00,1.50
2015.11.17 10:32:59.464,1.5204,1.5205,1.00,1.50
2015.11.17 10:32:59.971,1.5204,1.52049,1.00,1.37
2015.11.17 10:33:00.427,1.52042,1.5205,1.00,3.75
2015.11.17 10:33:00.607,1.52042,1.52051,1.00,1.50
2015.11.17 10:33:01.073,1.5204,1.52049,1.12,1.00
2015.11.17 10:33:01.680,1.5204,1.52049,1.12,1.37
2015.11.17 10:33:09.290,1.5204,1.52049,1.12,1.00
2015.11.17 10:33:09.711,1.52038,1.52044,4.50,1.00
2015.11.17 10:33:09.914,1.52038,1.52047,1.00,1.12
2015.11.17 10:33:10.015,1.5204,1.52047,1.00,1.12
2015.11.17 10:33:10.570,1.52041,1.52048,1.00,1.37
2015.11.17 10:33:11.078,1.52042,1.52049,1.00,1.50
2015.11.17 10:33:11.230,1.52041,1.5205,1.12,1.00
2015.11.17 10:33:13.082,1.5204,1.52049,1.87,1.00
2015.11.17 10:33:13.183,1.52039,1.52046,1.12,1.00
2015.11.17 10:33:13.285,1.52037,1.52044,1.50,1.00
2015.11.17 10:33:13.386,1.52034,1.52043,4.87,1.37
2015.11.17 10:33:13.437,1.52034,1.52043,1.50,1.50
2015.11.17 10:33:13.975,1.52033,1.5204,1.00,1.00
2015.11.17 10:33:14.482,1.52032,1.52039,1.00,1.00
2015.11.17 10:33:14.987,1.52032,1.5204,1.00,1.00
2015.11.17 10:33:15.514,1.52031,1.5204,1.50,1.00
2015.11.17 10:33:16.282,1.52033,1.5204,1.00,1.50
2015.11.17 10:33:16.485,1.52034,1.52044,1.12,1.87
2015.11.17 10:33:16.992,1.52033,1.52042,1.50,1.00
2015.11.17 10:33:17.153,1.52032,1.52041,1.87,1.00
2015.11.17 10:33:17.508,1.52031,1.5204,1.00,1.37
2015.11.17 10:33:18.015,1.52031,1.52038,1.00,1.12
2015.11.17 10:33:18.521,1.5203,1.52038,1.50,1.12
2015.11.17 10:33:25.223,1.52029,1.52038,1.12,1.00
2015.11.17 10:33:27.431,1.52031,1.52038,1.00,1.00
2015.11.17 10:33:27.532,1.52031,1.5204,2.25,1.12
2015.11.17 10:33:27.634,1.52037,1.52042,1.00,3.75
2015.11.17 10:33:27.736,1.52038,1.52043,1.00,1.00
2015.11.17 10:33:27.787,1.5204,1.52043,1.00,1.00
2015.11.17 10:33:27.889,1.5204,1.52047,1.00,5.25
2015.11.17 10:33:27.941,1.52041,1.52049,1.00,7.87
2015.11.17 10:33:28.043,1.52042,1.52049,1.00,1.12
2015.11.17 10:33:28.144,1.5204,1.52049,1.87,1.87
2015.11.17 10:33:28.265,1.52043,1.52049,1.00,1.87
2015.11.17 10:33:28.418,1.52041,1.52049,1.00,1.87
2015.11.17 10:33:28.943,1.5204,1.52048,1.50,1.00
2015.11.17 10:33:29.449,1.5204,1.52049,1.00,2.62
2015.11.17 10:33:34.743,1.52044,1.52046,1.00,1.00
2015.11.17 10:33:34.844,1.52049,1.52055,1.00,1.00
2015.11.17 10:33:35.047,1.52049,1.52057,1.00,1.50
2015.11.17 10:33:35.199,1.52047,1.52056,1.50,1.00
2015.11.17 10:33:35.705,1.52046,1.52055,1.87,1.12
2015.11.17 10:33:37.721,1.52046,1.52054,3.37,1.00
2015.11.17 10:33:37.822,1.52045,1.52054,1.50,1.37
2015.11.17 10:33:37.924,1.52043,1.52052,1.12,1.37
2015.11.17 10:33:38.126,1.5204,1.5205,1.87,1.50
2015.11.17 10:33:38.634,1.52041,1.52049,1.00,1.12
2015.11.17 10:33:39.450,1.5204,1.52049,1.00,1.12
2015.11.17 10:33:40.464,1.52041,1.5205,1.00,1.50
2015.11.17 10:33:41.031,1.52042,1.52049,1.00,1.12
2015.11.17 10:33:41.133,1.5204,1.5205,1.00,1.50
2015.11.17 10:33:43.008,1.52042,1.52049,1.00,1.12
2015.11.17 10:33:46.793,1.52041,1.52048,1.00,1.00
2015.11.17 10:33:49.153,1.52041,1.5205,1.00,2.25
2015.11.17 10:33:49.659,1.52042,1.52049,1.00,1.12
2015.11.17 10:33:49.963,1.52049,1.52051,1.00,1.00
2015.11.17 10:33:50.014,1.5205,1.52053,1.00,1.50
2015.11.17 10:33:50.174,1.5205,1.52057,1.00,1.37
2015.11.17 10:33:50.679,1.52051,1.52058,1.12,1.37
2015.11.17 10:33:52.175,1.5205,1.52058,1.50,1.37
2015.11.17 10:33:53.153,1.5205,1.52058,1.00,1.37
2015.11.17 10:33:53.507,1.52048,1.52057,1.50,1.12
2015.11.17 10:33:55.707,1.52048,1.52053,1.00,1.00
2015.11.17 10:33:56.014,1.52044,1.5205,1.00,1.50
2015.11.17 10:33:56.065,1.52042,1.52051,1.00,5.25
2015.11.17 10:33:56.555,1.52044,1.52051,1.00,4.50
2015.11.17 10:33:57.366,1.52044,1.52052,1.00,6.00
2015.11.17 10:33:57.872,1.52043,1.52052,1.00,3.00
2015.11.17 10:33:58.387,1.52044,1.52052,1.00,3.00
2015.11.17 10:33:58.691,1.52047,1.52055,1.00,1.87
2015.11.17 10:33:58.894,1.5205,1.52055,1.00,1.00
2015.11.17 10:33:59.400,1.52049,1.52057,1.00,1.50
2015.11.17 10:34:00.101,1.5205,1.52057,1.00,1.50
2015.11.17 10:34:01.084,1.5205,1.52057,1.00,1.00
2015.11.17 10:34:01.636,1.5205,1.52058,1.00,2.25
2015.11.17 10:34:02.139,1.5205,1.52057,1.00,1.00
2015.11.17 10:34:03.387,1.5205,1.52058,1.00,2.25
2015.11.17 10:34:04.096,1.5205,1.52057,1.00,1.00
2015.11.17 10:34:04.882,1.5205,1.52058,1.00,2.25
2015.11.17 10:34:05.426,1.5205,1.52057,1.00,1.00
2015.11.17 10:34:14.757,1.5205,1.52058,1.00,1.87
2015.11.17 10:34:15.898,1.5205,1.52056,1.00,1.00
2015.11.17 10:34:16.101,1.52047,1.52055,1.12,1.00
2015.11.17 10:34:16.203,1.52044,1.52053,4.87,1.00
2015.11.17 10:34:16.304,1.52043,1.52052,1.87,1.50
2015.11.17 10:34:16.406,1.52042,1.52051,1.12,1.37
2015.11.17 10:34:16.922,1.52041,1.52049,1.50,1.00
2015.11.17 10:34:17.629,1.52042,1.52049,1.00,1.00
2015.11.17 10:34:18.135,1.52041,1.52049,1.00,1.00
2015.11.17 10:34:18.681,1.52042,1.52049,1.00,1.00
2015.11.17 10:34:25.321,1.52042,1.52051,1.00,2.62
2015.11.17 10:34:26.490,1.52042,1.52049,1.00,1.00
2015.11.17 10:34:29.193,1.52042,1.5205,1.00,1.12
2015.11.17 10:34:31.911,1.52042,1.52049,1.00,1.00
2015.11.17 10:34:32.444,1.52042,1.5205,1.00,1.50
2015.11.17 10:34:35.943,1.52042,1.52049,1.00,1.00
2015.11.17 10:34:41.511,1.5204,1.52049,1.12,1.00
2015.11.17 10:34:49.739,1.52041,1.5205,1.00,2.25
2015.11.17 10:34:50.881,1.52041,1.5205,1.00,2.25
2015.11.17 10:34:51.404,1.5204,1.52049,1.12,1.12
2015.11.17 10:34:53.166,1.52041,1.5205,1.00,2.25
2015.11.17 10:34:54.711,1.52042,1.5205,1.00,1.87
2015.11.17 10:34:55.231,1.52041,1.5205,1.00,1.12
2015.11.17 10:34:55.788,1.52043,1.5205,1.00,1.87
2015.11.17 10:34:56.042,1.52041,1.5205,1.00,1.87
2015.11.17 10:34:57.630,1.52043,1.5205,1.00,1.12
2015.11.17 10:34:58.352,1.52041,1.52051,1.00,1.50
2015.11.17 10:34:59.072,1.52042,1.52049,1.00,1.00
2015.11.17 10:35:00.064,1.52041,1.52051,1.00,2.62
2015.11.17 10:35:02.581,1.52042,1.5205,1.00,2.62
2015.11.17 10:35:04.511,1.52043,1.5205,1.00,1.12
2015.11.17 10:35:04.815,1.52044,1.52052,1.00,1.12
2015.11.17 10:35:05.070,1.52046,1.52054,1.00,4.50
2015.11.17 10:35:05.272,1.52045,1.52054,2.25,1.00
2015.11.17 10:35:06.653,1.52045,1.52053,1.50,1.00
2015.11.17 10:35:06.704,1.52044,1.52053,1.00,1.50
2015.11.17 10:35:06.755,1.52046,1.52054,1.00,3.75
2015.11.17 10:35:06.806,1.52043,1.52053,1.00,1.50
2015.11.17 10:35:06.857,1.52046,1.52054,1.00,3.75
2015.11.17 10:35:07.110,1.52044,1.52052,1.00,1.87
2015.11.17 10:35:07.211,1.52046,1.52052,1.00,1.12
2015.11.17 10:35:07.568,1.52044,1.52052,1.00,1.12
2015.11.17 10:35:07.669,1.52046,1.52052,1.00,1.12
2015.11.17 10:35:08.408,1.52044,1.52052,1.00,1.87
2015.11.17 10:35:09.360,1.52043,1.52052,1.00,1.87
2015.11.17 10:35:09.868,1.52042,1.52052,1.12,1.87
2015.11.17 10:35:10.071,1.52044,1.52052,1.00,1.12
2015.11.17 10:35:10.577,1.52043,1.52051,1.00,1.00
2015.11.17 10:35:11.118,1.52043,1.52051,1.00,1.50
2015.11.17 10:35:18.819,1.52044,1.52051,1.00,1.50
2015.11.17 10:35:19.072,1.52048,1.52056,1.00,1.37
2015.11.17 10:35:19.539,1.52048,1.52057,1.00,1.87
2015.11.17 10:35:22.671,1.52049,1.52057,1.00,1.12
2015.11.17 10:35:23.182,1.52048,1.52057,1.00,1.87
2015.11.17 10:35:23.688,1.52049,1.52056,1.00,1.00
2015.11.17 10:35:25.059,1.52049,1.52056,1.00,1.50
2015.11.17 10:35:25.919,1.52047,1.52057,1.12,4.12
2015.11.17 10:35:26.426,1.52048,1.52057,1.00,3.37
2015.11.17 10:35:26.991,1.52046,1.52055,1.87,1.12
2015.11.17 10:35:27.042,1.52044,1.52052,2.25,1.00
2015.11.17 10:35:27.548,1.52044,1.52052,1.50,1.00
2015.11.17 10:35:28.496,1.52044,1.52054,1.12,1.50
2015.11.17 10:35:32.950,1.52045,1.52055,1.00,5.25
2015.11.17 10:35:34.062,1.52046,1.52055,1.00,1.12
2015.11.17 10:35:35.558,1.52045,1.52047,1.00,1.12
2015.11.17 10:35:35.660,1.52042,1.52048,3.75,1.00
2015.11.17 10:35:35.761,1.52039,1.52046,1.00,1.50
2015.11.17 10:35:35.862,1.52039,1.52048,1.50,1.12
2015.11.17 10:35:35.964,1.52042,1.52048,1.00,1.50
2015.11.17 10:35:36.166,1.52044,1.52051,1.00,1.00
2015.11.17 10:35:36.217,1.52047,1.52051,1.00,1.00
2015.11.17 10:35:36.518,1.5205,1.52058,1.00,1.87
2015.11.17 10:35:36.619,1.5205,1.52058,1.00,1.12
2015.11.17 10:35:37.125,1.52048,1.52056,1.87,1.00
2015.11.17 10:35:37.630,1.52048,1.52057,1.37,1.12
2015.11.17 10:35:39.725,1.52048,1.52056,1.37,1.00
2015.11.17 10:35:41.224,1.52048,1.52057,1.37,1.87
2015.11.17 10:35:42.010,1.52048,1.52056,1.37,1.00
2015.11.17 10:35:45.271,1.52048,1.52056,1.00,1.00
2015.11.17 10:35:56.050,1.52047,1.52055,1.12,1.00
2015.11.17 10:35:58.059,1.52046,1.52054,1.00,1.00
2015.11.17 10:35:58.363,1.52044,1.52052,1.50,1.50
2015.11.17 10:35:59.049,1.52044,1.5205,1.00,1.00
2015.11.17 10:35:59.100,1.52042,1.5205,1.00,1.00
2015.11.17 10:35:59.253,1.5204,1.52048,2.25,1.00
2015.11.17 10:35:59.761,1.5204,1.52047,1.12,1.00
2015.11.17 10:36:00.286,1.5204,1.52048,1.12,1.12
2015.11.17 10:36:01.995,1.52039,1.52047,1.37,1.00
2015.11.17 10:36:02.923,1.52039,1.52049,1.37,1.37
2015.11.17 10:36:25.337,1.52039,1.52049,1.87,1.12
2015.11.17 10:36:29.497,1.52038,1.52048,2.25,1.00
2015.11.17 10:36:30.321,1.52039,1.52047,1.12,1.00
2015.11.17 10:36:30.827,1.52037,1.52043,4.50,1.00
2015.11.17 10:36:30.979,1.52032,1.52041,4.50,1.00
2015.11.17 10:36:31.030,1.52031,1.52039,4.50,1.00
2015.11.17 10:36:31.132,1.5203,1.5204,2.25,1.12
2015.11.17 10:36:31.648,1.5203,1.5204,1.50,1.50
2015.11.17 10:36:35.248,1.5203,1.5204,2.25,1.00
2015.11.17 10:36:39.228,1.5203,1.52041,2.25,1.12
2015.11.17 10:36:39.430,1.52033,1.52043,1.00,6.00
2015.11.17 10:36:39.732,1.52036,1.52044,1.37,1.00
2015.11.17 10:36:46.597,1.52038,1.52045,1.00,1.50
2015.11.17 10:36:47.909,1.52036,1.52046,2.25,3.75
2015.11.17 10:36:48.425,1.52038,1.52045,1.00,1.50
2015.11.17 10:36:49.677,1.52036,1.52046,2.25,3.75
2015.11.17 10:36:59.774,1.52038,1.52046,1.00,2.25
2015.11.17 10:37:00.439,1.52039,1.52046,1.00,1.00
2015.11.17 10:37:01.225,1.52039,1.52048,1.00,1.50
2015.11.17 10:37:01.933,1.52038,1.52048,1.50,1.50
2015.11.17 10:37:03.419,1.52037,1.52047,1.12,1.12
2015.11.17 10:37:04.617,1.52038,1.52047,1.00,1.87
2015.11.17 10:37:12.647,1.52038,1.52046,1.50,1.00
2015.11.17 10:37:17.285,1.52038,1.52046,1.37,1.00
2015.11.17 10:37:19.890,1.52039,1.52048,1.00,1.00
2015.11.17 10:37:19.992,1.5204,1.52048,1.37,1.00
2015.11.17 10:37:20.094,1.52042,1.5205,1.00,1.12
2015.11.17 10:37:20.196,1.52042,1.5205,4.87,1.50
2015.11.17 10:37:20.248,1.52045,1.52054,1.50,4.50
2015.11.17 10:37:20.299,1.52046,1.52054,1.37,1.37
2015.11.17 10:37:20.561,1.52043,1.52053,5.62,1.12
2015.11.17 10:37:21.068,1.52043,1.52052,1.87,1.50
2015.11.17 10:37:21.596,1.52043,1.52052,1.00,1.50
2015.11.17 10:37:21.901,1.52043,1.52048,1.00,1.00
2015.11.17 10:37:22.205,1.52043,1.52051,1.00,1.50
2015.11.17 10:37:22.459,1.52043,1.52047,1.00,1.00
2015.11.17 10:37:22.724,1.52031,1.5204,5.25,1.00
2015.11.17 10:37:22.876,1.52032,1.52038,1.00,1.00
2015.11.17 10:37:22.977,1.52032,1.5204,1.00,1.00
2015.11.17 10:37:24.476,1.52032,1.52038,1.00,1.00
2015.11.17 10:37:24.527,1.52032,1.5204,1.00,1.00
2015.11.17 10:37:25.033,1.52032,1.52039,1.00,1.00
2015.11.17 10:37:26.764,1.52032,1.52038,1.00,1.00
2015.11.17 10:37:27.326,1.52032,1.52039,1.00,1.00
2015.11.17 10:37:29.540,1.52031,1.52039,1.00,1.12
2015.11.17 10:37:31.339,1.5203,1.52038,1.37,1.00
2015.11.17 10:37:31.852,1.5203,1.52037,1.87,1.00
2015.11.17 10:37:34.134,1.5203,1.52038,1.37,1.00
2015.11.17 10:37:34.911,1.5203,1.52033,1.37,1.00
2015.11.17 10:37:34.962,1.52027,1.52029,1.00,1.00
2015.11.17 10:37:35.013,1.52026,1.52028,1.12,1.00
2015.11.17 10:37:35.115,1.5202,1.52028,3.75,1.00
2015.11.17 10:37:35.165,1.52025,1.52029,1.00,1.00
2015.11.17 10:37:35.419,1.52022,1.5203,4.50,1.00
2015.11.17 10:37:35.470,1.52022,1.5203,1.00,1.00
2015.11.17 10:37:35.521,1.52027,1.5203,1.00,1.00
2015.11.17 10:37:35.623,1.52025,1.52038,3.00,5.25
2015.11.17 10:37:35.674,1.52028,1.52038,1.00,1.87
2015.11.17 10:37:35.977,1.5203,1.52039,1.00,2.25
2015.11.17 10:37:36.483,1.52031,1.52038,1.00,1.00
2015.11.17 10:37:37.640,1.5203,1.52038,1.00,3.75
2015.11.17 10:37:37.792,1.5203,1.52038,1.00,1.50
2015.11.17 10:37:47.191,1.52034,1.52038,1.00,1.50
2015.11.17 10:37:50.161,1.52033,1.52038,1.00,1.00
2015.11.17 10:37:53.904,1.52033,1.5204,1.00,1.12
2015.11.17 10:37:53.955,1.52038,1.52041,1.00,1.50
2015.11.17 10:37:54.007,1.52039,1.52044,1.00,1.37
2015.11.17 10:37:54.058,1.5204,1.52046,1.00,1.12
2015.11.17 10:37:54.110,1.52042,1.52048,1.00,1.12
2015.11.17 10:37:54.624,1.52043,1.52049,1.00,1.00
2015.11.17 10:37:55.553,1.52045,1.52049,1.00,1.00
2015.11.17 10:37:56.068,1.52045,1.5205,1.00,1.00
2015.11.17 10:37:58.478,1.52046,1.5205,1.00,1.00
2015.11.17 10:38:02.611,1.52046,1.52051,1.00,1.00
2015.11.17 10:38:02.662,1.52046,1.52053,1.00,1.50
2015.11.17 10:38:03.167,1.52047,1.52054,1.00,1.00
2015.11.17 10:38:08.305,1.52047,1.52055,1.87,1.00
2015.11.17 10:38:08.815,1.52047,1.52054,1.87,1.00
2015.11.17 10:38:10.121,1.52047,1.52052,1.12,1.00
2015.11.17 10:38:10.628,1.52046,1.52052,1.00,1.50
2015.11.17 10:38:12.089,1.52046,1.52053,1.00,1.50
2015.11.17 10:38:12.615,1.52047,1.52053,1.00,1.50
2015.11.17 10:38:12.924,1.52047,1.52051,1.00,1.00
2015.11.17 10:38:13.329,1.52044,1.5205,1.00,1.00
2015.11.17 10:38:13.831,1.52044,1.52049,1.00,1.00
2015.11.17 10:38:14.340,1.52044,1.5205,1.00,1.00
2015.11.17 10:38:15.707,1.52044,1.52049,1.00,1.00
2015.11.17 10:38:15.859,1.52042,1.52049,1.00,1.00
2015.11.17 10:38:17.323,1.52041,1.52045,1.00,1.00
2015.11.17 10:38:17.526,1.52034,1.52043,5.25,1.50
2015.11.17 10:38:17.578,1.52034,1.52041,3.75,1.00
2015.11.17 10:38:17.629,1.52033,1.52041,1.12,1.00
2015.11.17 10:38:17.983,1.52033,1.52039,1.00,1.00
2015.11.17 10:38:20.040,1.5203,1.52039,2.25,1.00
2015.11.17 10:38:20.597,1.52031,1.5204,1.87,1.00
2015.11.17 10:38:21.002,1.52031,1.52038,1.37,1.00
2015.11.17 10:38:22.599,1.52031,1.52038,1.00,1.12
2015.11.17 10:38:23.313,1.5203,1.52038,1.12,1.12
2015.11.17 10:38:24.040,1.5203,1.52036,1.12,1.00
2015.11.17 10:38:24.343,1.5203,1.52034,1.00,1.00
2015.11.17 10:38:24.836,1.5203,1.52036,1.00,1.00
2015.11.17 10:38:26.072,1.52028,1.52036,1.00,1.00
2015.11.17 10:38:27.012,1.52029,1.52035,1.00,1.00
2015.11.17 10:38:27.773,1.52028,1.52035,1.00,1.00
2015.11.17 10:38:28.514,1.52032,1.52037,1.00,1.50
2015.11.17 10:38:31.280,1.52029,1.52037,1.00,1.50
2015.11.17 10:38:31.634,1.52029,1.52035,1.00,1.00
2015.11.17 10:38:32.058,1.52027,1.5203,1.12,1.00
2015.11.17 10:38:32.109,1.52023,1.52029,3.75,1.00
2015.11.17 10:38:32.211,1.52022,1.52028,1.00,1.00
2015.11.17 10:38:34.489,1.52021,1.52028,1.00,1.00
2015.11.17 10:38:36.694,1.52021,1.52027,1.50,1.00
2015.11.17 10:38:37.095,1.52025,1.52028,1.00,1.00
2015.11.17 10:38:37.450,1.52025,1.52031,2.25,1.00
2015.11.17 10:38:37.502,1.52029,1.52034,1.00,1.50
2015.11.17 10:38:37.707,1.52029,1.52036,6.00,1.00
2015.11.17 10:38:37.758,1.52031,1.52038,1.12,1.00
2015.11.17 10:38:38.281,1.52032,1.52039,1.00,1.00
2015.11.17 10:38:38.636,1.52034,1.52039,1.00,1.00
2015.11.17 10:38:38.788,1.52034,1.52043,2.25,1.12
2015.11.17 10:38:38.839,1.52036,1.52042,1.00,1.00
2015.11.17 10:38:39.878,1.52035,1.52042,1.00,1.00
2015.11.17 10:38:40.385,1.52034,1.52042,1.50,1.50
2015.11.17 10:38:40.995,1.52034,1.52042,1.50,1.00
2015.11.17 10:38:42.838,1.52034,1.52041,1.00,1.00
2015.11.17 10:38:46.223,1.52034,1.52039,1.00,1.00
2015.11.17 10:38:46.325,1.52031,1.52039,1.00,1.87
2015.11.17 10:38:46.409,1.52031,1.52036,1.00,1.00
2015.11.17 10:38:46.460,1.52029,1.52035,1.00,1.00
2015.11.17 10:38:46.966,1.52026,1.52034,1.87,1.00
2015.11.17 10:38:47.119,1.52026,1.52032,1.87,1.00
2015.11.17 10:38:47.371,1.52026,1.52035,1.87,1.00
2015.11.17 10:38:49.416,1.52026,1.52035,1.87,1.00
2015.11.17 10:38:49.575,1.52026,1.52033,1.87,1.00
2015.11.17 10:38:50.527,1.52026,1.52034,1.87,1.00
2015.11.17 10:38:53.947,1.52026,1.52033,1.87,1.00
2015.11.17 10:38:54.048,1.52026,1.52035,1.87,1.00
2015.11.17 10:38:54.200,1.5203,1.52036,1.00,1.87
2015.11.17 10:38:54.251,1.52028,1.52036,1.12,1.87
2015.11.17 10:38:54.403,1.5203,1.52037,1.00,1.00
2015.11.17 10:38:54.505,1.5203,1.52039,1.12,1.50
2015.11.17 10:38:54.862,1.52034,1.52039,1.00,1.00
2015.11.17 10:38:55.621,1.52034,1.52041,1.00,1.50
2015.11.17 10:38:57.163,1.52034,1.52037,1.00,1.00
2015.11.17 10:38:57.214,1.52031,1.52037,1.50,1.00
2015.11.17 10:38:58.133,1.52031,1.52038,1.00,1.00
2015.11.17 10:38:59.248,1.52031,1.52039,1.00,1.00
2015.11.17 10:39:00.525,1.52033,1.52039,1.00,1.00
2015.11.17 10:39:00.728,1.52035,1.52042,1.00,1.12
2015.11.17 10:39:00.829,1.52034,1.52044,1.12,1.12
2015.11.17 10:39:00.880,1.52036,1.52044,1.00,1.12
2015.11.17 10:39:01.395,1.52036,1.52043,1.00,1.00
2015.11.17 10:39:02.785,1.52035,1.52043,1.50,1.50
2015.11.17 10:39:04.410,1.52035,1.52042,1.00,1.00
2015.11.17 10:39:05.269,1.52034,1.52042,1.87,1.00
2015.11.17 10:39:09.650,1.52036,1.52042,1.00,1.00
2015.11.17 10:39:09.701,1.52035,1.52044,1.00,1.50
2015.11.17 10:39:10.206,1.52036,1.52044,1.12,1.00
2015.11.17 10:39:12.495,1.52035,1.52044,1.00,1.00
2015.11.17 10:39:13.001,1.52034,1.52044,3.00,1.50
2015.11.17 10:39:14.341,1.52034,1.52042,3.75,1.00
2015.11.17 10:39:14.545,1.52034,1.52037,1.00,1.00
2015.11.17 10:39:15.052,1.52034,1.52037,1.00,1.00
2015.11.17 10:39:16.607,1.52032,1.52037,1.00,1.00
2015.11.17 10:39:19.674,1.5203,1.52037,1.12,1.00
2015.11.17 10:39:20.334,1.5203,1.52036,1.12,1.00
2015.11.17 10:39:21.771,1.5203,1.52037,1.87,1.00
2015.11.17 10:39:22.025,1.5203,1.52035,1.87,1.00
2015.11.17 10:39:22.227,1.5203,1.52039,1.87,1.50
2015.11.17 10:39:22.329,1.5203,1.52036,1.87,1.00
2015.11.17 10:39:24.483,1.5203,1.52038,1.12,1.00
2015.11.17 10:39:25.598,1.52034,1.52038,1.00,1.00
2015.11.17 10:39:26.317,1.52035,1.52039,1.00,1.00
2015.11.17 10:39:26.419,1.52037,1.52042,1.00,3.37
2015.11.17 10:39:26.470,1.52037,1.52044,1.00,1.12
2015.11.17 10:39:26.976,1.52037,1.52045,1.12,1.87
2015.11.17 10:39:27.997,1.52037,1.52044,1.12,1.00
2015.11.17 10:39:28.048,1.52035,1.52041,4.50,1.00
2015.11.17 10:39:28.301,1.5203,1.52037,1.37,1.00
2015.11.17 10:39:28.403,1.52032,1.52039,1.00,1.87
2015.11.17 10:39:28.707,1.52034,1.5204,1.00,2.62
2015.11.17 10:39:31.001,1.52034,1.5204,1.00,1.50
2015.11.17 10:39:31.518,1.52034,1.52039,1.00,1.00
2015.11.17 10:39:32.680,1.52032,1.52039,1.00,1.00
2015.11.17 10:39:32.933,1.52032,1.52034,1.00,1.00
2015.11.17 10:39:32.984,1.52027,1.52036,1.50,1.50
2015.11.17 10:39:33.035,1.52025,1.52032,1.87,1.00
2015.11.17 10:39:33.339,1.52027,1.5203,1.00,1.00
2015.11.17 10:39:33.643,1.52032,1.52037,1.00,3.37
2015.11.17 10:39:33.694,1.52032,1.52039,1.00,1.12
2015.11.17 10:39:37.121,1.52031,1.52039,1.87,1.87
2015.11.17 10:39:40.495,1.5203,1.52038,1.37,1.00
2015.11.17 10:39:42.683,1.52033,1.52038,1.00,1.00
2015.11.17 10:39:42.987,1.52042,1.52046,1.00,1.37
2015.11.17 10:39:43.123,1.52044,1.5205,1.00,1.00
2015.11.17 10:39:43.225,1.52044,1.52052,1.00,3.75
2015.11.17 10:39:45.272,1.52045,1.52051,1.00,1.00
2015.11.17 10:39:48.747,1.52043,1.52052,1.50,1.50
2015.11.17 10:39:49.253,1.52043,1.52051,1.00,1.50
2015.11.17 10:39:49.720,1.52041,1.5205,1.12,1.50
2015.11.17 10:39:49.859,1.52041,1.52048,1.12,1.00
2015.11.17 10:39:49.961,1.52041,1.5205,1.12,1.50
2015.11.17 10:39:50.467,1.5204,1.52049,2.25,1.00
2015.11.17 10:39:50.973,1.52042,1.52049,1.00,1.00
2015.11.17 10:39:55.317,1.52042,1.5205,1.00,1.00
2015.11.17 10:39:55.722,1.5204,1.52047,1.87,1.00
2015.11.17 10:39:56.026,1.52032,1.52037,1.00,1.00
2015.11.17 10:39:56.128,1.52032,1.52039,1.00,1.87
2015.11.17 10:39:56.661,1.52032,1.52038,1.00,1.00
2015.11.17 10:39:57.167,1.52033,1.5204,1.00,1.12
2015.11.17 10:39:57.672,1.52034,1.52042,1.00,1.50
2015.11.17 10:39:58.191,1.52033,1.52042,1.12,2.25
2015.11.17 10:39:59.797,1.52034,1.52042,1.00,1.87
2015.11.17 10:40:04.311,1.52033,1.52042,1.12,1.87
2015.11.17 10:40:04.820,1.52032,1.52042,1.12,6.75
2015.11.17 10:40:06.575,1.52031,1.52038,1.00,1.00
2015.11.17 10:40:06.933,1.52022,1.5203,1.00,1.50
2015.11.17 10:40:07.440,1.52021,1.5203,1.12,2.25
2015.11.17 10:40:08.415,1.52026,1.5203,1.00,1.50
2015.11.17 10:40:08.627,1.52031,1.52037,1.00,1.37
2015.11.17 10:40:09.133,1.52031,1.5204,1.00,2.62
2015.11.17 10:40:09.234,1.52031,1.5204,1.00,1.87
2015.11.17 10:40:10.155,1.52032,1.5204,1.00,1.12
2015.11.17 10:40:10.611,1.52035,1.52041,1.00,1.12
2015.11.17 10:40:11.116,1.52035,1.52042,1.00,1.00
2015.11.17 10:40:12.531,1.52034,1.52041,1.00,1.00
2015.11.17 10:40:12.632,1.52032,1.5204,1.50,1.12
2015.11.17 10:40:12.835,1.52032,1.52036,1.00,1.00
2015.11.17 10:40:12.937,1.52032,1.52038,1.00,1.00
2015.11.17 10:40:14.145,1.52032,1.52039,1.00,1.00
2015.11.17 10:40:16.307,1.52031,1.52039,1.00,1.12
2015.11.17 10:40:18.765,1.52031,1.5204,1.00,1.12
2015.11.17 10:40:20.426,1.52031,1.5204,1.12,2.25
2015.11.17 10:40:20.628,1.52033,1.5204,1.00,2.25
2015.11.17 10:40:20.831,1.52031,1.5204,1.12,1.50
2015.11.17 10:40:20.983,1.52033,1.5204,1.00,1.00
2015.11.17 10:40:21.515,1.52034,1.5204,1.00,1.00
2015.11.17 10:40:21.819,1.52045,1.52049,1.00,1.87
2015.11.17 10:40:21.870,1.52045,1.52051,1.00,4.50
2015.11.17 10:40:21.921,1.52047,1.52051,1.00,1.00
2015.11.17 10:40:22.073,1.5205,1.52057,1.00,3.75
2015.11.17 10:40:22.124,1.5205,1.52058,1.50,1.50
2015.11.17 10:40:22.653,1.52051,1.52059,1.87,1.50
2015.11.17 10:40:23.704,1.52049,1.52052,1.00,1.00
2015.11.17 10:40:23.755,1.52043,1.5205,8.25,1.37
2015.11.17 10:40:23.806,1.52043,1.52047,2.25,1.00
2015.11.17 10:40:23.908,1.52041,1.52048,1.12,1.50
2015.11.17 10:40:23.959,1.5204,1.52046,1.37,1.00
2015.11.17 10:40:24.113,1.52037,1.52046,1.87,1.87
2015.11.17 10:40:24.164,1.52037,1.52044,1.87,1.00
2015.11.17 10:40:24.468,1.52036,1.52042,1.87,1.00
2015.11.17 10:40:24.822,1.52038,1.52045,1.00,1.50
2015.11.17 10:40:24.983,1.5204,1.52046,1.00,1.00
2015.11.17 10:40:25.135,1.52041,1.52049,1.00,1.00
2015.11.17 10:40:25.440,1.52042,1.5205,1.50,1.00
2015.11.17 10:40:25.949,1.52044,1.52051,1.00,1.12
2015.11.17 10:40:27.023,1.52043,1.52052,1.00,1.00
2015.11.17 10:40:27.326,1.52043,1.52046,1.00,1.00
2015.11.17 10:40:27.529,1.52035,1.5204,1.37,1.00
2015.11.17 10:40:27.631,1.52031,1.5204,1.87,1.50
2015.11.17 10:40:28.154,1.5203,1.52039,1.87,1.87
2015.11.17 10:40:28.660,1.5203,1.52039,5.25,1.00
2015.11.17 10:40:28.863,1.52034,1.52041,1.00,1.87
2015.11.17 10:40:28.966,1.52036,1.52043,1.00,1.50
2015.11.17 10:40:33.917,1.52036,1.52045,1.00,1.87
2015.11.17 10:40:34.435,1.52035,1.52044,1.12,1.00
2015.11.17 10:40:35.353,1.52034,1.5204,2.25,1.00
2015.11.17 10:40:35.547,1.52031,1.5204,1.50,1.00
2015.11.17 10:40:35.598,1.52031,1.52038,1.50,1.00
2015.11.17 10:40:35.700,1.52031,1.5204,1.50,1.50
2015.11.17 10:40:36.206,1.52032,1.52039,1.12,1.50
2015.11.17 10:40:39.588,1.5203,1.52038,4.12,1.00
2015.11.17 10:40:40.094,1.52032,1.52039,1.12,1.50
2015.11.17 10:40:40.465,1.52032,1.52041,1.87,1.50
2015.11.17 10:40:40.669,1.52032,1.5204,4.12,1.00
2015.11.17 10:40:41.176,1.52034,1.52041,1.00,1.00
2015.11.17 10:40:41.972,1.52034,1.5204,1.00,1.00
2015.11.17 10:40:42.997,1.52034,1.52042,1.00,1.50
2015.11.17 10:40:43.048,1.52035,1.52042,3.37,1.50
2015.11.17 10:40:43.555,1.52036,1.52043,3.75,1.00
2015.11.17 10:40:45.688,1.52036,1.5204,3.75,1.00
2015.11.17 10:40:45.740,1.52035,1.5204,1.37,1.00
2015.11.17 10:40:45.842,1.52033,1.5204,1.50,1.00
2015.11.17 10:40:45.944,1.52031,1.52038,5.25,1.00
2015.11.17 10:40:46.400,1.52032,1.52035,1.00,1.00
2015.11.17 10:40:46.602,1.52028,1.52033,2.25,1.00
2015.11.17 10:40:47.022,1.52028,1.52036,2.25,1.00
2015.11.17 10:40:47.226,1.52028,1.52034,2.25,1.00
2015.11.17 10:40:47.529,1.52029,1.52034,3.75,1.00
2015.11.17 10:40:50.215,1.52029,1.52032,4.12,1.00
2015.11.17 10:40:50.328,1.52026,1.5203,4.12,1.50
2015.11.17 10:40:50.379,1.52026,1.5203,1.00,1.50
2015.11.17 10:40:50.430,1.52022,1.52027,1.75,1.00
2015.11.17 10:40:50.583,1.52021,1.52027,1.00,1.00
2015.11.17 10:40:54.051,1.5202,1.52027,4.50,1.00
2015.11.17 10:40:57.863,1.52021,1.52029,1.00,5.25
2015.11.17 10:40:57.914,1.52021,1.52027,1.00,3.00
2015.11.17 10:40:57.966,1.52017,1.52025,1.00,1.12
2015.11.17 10:40:58.017,1.52014,1.5202,1.37,1.00
2015.11.17 10:40:58.068,1.52011,1.52018,1.50,1.00
2015.11.17 10:40:58.120,1.52011,1.52016,1.00,1.00
2015.11.17 10:40:58.949,1.52011,1.52016,1.75,1.00
2015.11.17 10:41:03.883,1.52013,1.52018,1.00,1.00
2015.11.17 10:41:04.186,1.52013,1.5202,2.25,1.12
2015.11.17 10:41:04.491,1.52015,1.52019,3.75,1.00
2015.11.17 10:41:05.050,1.52015,1.52022,4.50,1.37
2015.11.17 10:41:05.202,1.52014,1.52022,1.50,1.37
2015.11.17 10:41:05.518,1.52016,1.52023,1.00,1.87
2015.11.17 10:41:05.772,1.52014,1.52021,2.25,1.00
2015.11.17 10:41:06.278,1.52014,1.5202,1.12,1.00
2015.11.17 10:41:07.416,1.52014,1.52019,1.00,1.00
2015.11.17 10:41:10.670,1.52016,1.52024,1.00,1.50
2015.11.17 10:41:10.954,1.52014,1.52021,1.00,1.00
2015.11.17 10:41:11.259,1.52013,1.52019,1.00,1.00
2015.11.17 10:41:17.302,1.52013,1.52018,1.00,1.00
2015.11.17 10:41:21.350,1.52013,1.52019,1.00,1.00
2015.11.17 10:41:24.514,1.52013,1.52017,1.00,1.00
2015.11.17 10:41:24.634,1.5201,1.52016,1.50,1.00
2015.11.17 10:41:30.004,1.52009,1.52014,4.50,1.00
2015.11.17 10:41:30.257,1.52007,1.52015,4.50,2.25
2015.11.17 10:41:30.308,1.52006,1.52012,4.50,1.00
2015.11.17 10:41:30.612,1.52004,1.52007,1.00,1.00
2015.11.17 10:41:30.714,1.52001,1.52006,1.50,1.00
2015.11.17 10:41:34.139,1.52001,1.52006,1.50,1.00
2015.11.17 10:41:42.275,1.51998,1.52004,1.37,1.00
2015.11.17 10:41:42.579,1.51996,1.52002,1.50,1.00
2015.11.17 10:41:42.832,1.51994,1.52002,1.12,1.00
2015.11.17 10:41:42.884,1.51995,1.52002,3.37,1.00
2015.11.17 10:41:43.707,1.51995,1.52,3.75,1.00
2015.11.17 10:41:43.809,1.51994,1.52,1.12,1.00
2015.11.17 10:41:47.778,1.51992,1.52001,1.50,1.00
2015.11.17 10:41:48.449,1.51994,1.52,1.00,1.00
2015.11.17 10:41:49.893,1.51993,1.52,1.12,1.00
2015.11.17 10:41:53.228,1.51991,1.51998,3.75,1.00
2015.11.17 10:41:53.444,1.51989,1.51997,1.50,1.00
2015.11.17 10:41:53.952,1.51989,1.51996,1.50,1.00
2015.11.17 10:41:54.489,1.51989,1.51997,1.00,1.00
2015.11.17 10:41:55.190,1.51989,1.51995,1.00,1.00
2015.11.17 10:41:55.443,1.51989,1.51997,1.00,1.00
2015.11.17 10:41:55.949,1.51988,1.51996,1.50,1.00
2015.11.17 10:41:55.999,1.51988,1.51993,1.00,1.00
2015.11.17 10:41:56.198,1.51984,1.51992,6.00,1.00
2015.11.17 10:41:56.350,1.51983,1.51991,1.87,1.00
2015.11.17 10:41:56.452,1.51984,1.51988,1.12,1.00
2015.11.17 10:41:56.554,1.51982,1.51988,1.00,1.00
2015.11.17 10:41:57.071,1.51981,1.51989,1.12,1.00
2015.11.17 10:41:57.689,1.51982,1.51988,1.00,1.00
2015.11.17 10:41:58.855,1.5198,1.51988,1.50,1.00
2015.11.17 10:41:59.384,1.51981,1.51987,1.12,1.00
2015.11.17 10:42:01.324,1.5198,1.51987,1.00,1.00
2015.11.17 10:42:01.826,1.5198,1.51987,1.00,1.00
2015.11.17 10:42:03.292,1.51981,1.51987,1.00,1.00
2015.11.17 10:42:03.394,1.51981,1.51989,1.00,1.87
2015.11.17 10:42:03.902,1.51983,1.51991,1.00,1.87
2015.11.17 10:42:04.257,1.51982,1.51991,1.00,2.12
2015.11.17 10:42:04.559,1.51984,1.51991,1.00,2.12
2015.11.17 10:42:04.863,1.5199,1.51991,1.00,1.00
2015.11.17 10:42:04.914,1.5199,1.51993,1.00,1.12
2015.11.17 10:42:04.965,1.51989,1.51995,1.00,1.00
2015.11.17 10:42:05.371,1.51988,1.51993,1.00,1.00
2015.11.17 10:42:05.676,1.5199,1.51998,1.00,4.50
2015.11.17 10:42:06.098,1.51989,1.51996,1.00,1.00
2015.11.17 10:42:06.403,1.51987,1.51994,5.25,1.00
2015.11.17 10:42:06.454,1.51987,1.51994,1.12,1.00
2015.11.17 10:42:06.963,1.51988,1.51993,1.12,1.00
2015.11.17 10:42:07.422,1.51991,1.51994,1.00,1.50
2015.11.17 10:42:07.930,1.51991,1.51997,1.00,3.00
2015.11.17 10:42:08.919,1.51991,1.51997,1.00,1.50
2015.11.17 10:42:09.450,1.5199,1.51997,1.00,1.00
2015.11.17 10:42:09.843,1.51987,1.51995,1.87,1.00
2015.11.17 10:42:09.945,1.51987,1.51995,1.87,1.50
2015.11.17 10:42:10.198,1.51987,1.51993,1.50,1.00
2015.11.17 10:42:11.224,1.51986,1.51993,1.00,1.00
2015.11.17 10:42:14.671,1.51985,1.51993,1.87,1.00
2015.11.17 10:42:15.174,1.51986,1.51993,1.00,1.00
2015.11.17 10:42:16.201,1.51985,1.51992,1.00,1.00
2015.11.17 10:42:16.355,1.51983,1.51991,1.50,1.50
2015.11.17 10:42:16.609,1.51982,1.51989,1.87,1.00
2015.11.17 10:42:17.116,1.51982,1.5199,1.12,1.87
2015.11.17 10:42:17.687,1.51982,1.51989,1.12,1.00
2015.11.17 10:42:19.143,1.51982,1.5199,1.00,2.25
2015.11.17 10:42:20.196,1.51982,1.5199,1.87,1.12
2015.11.17 10:42:21.108,1.51983,1.51991,1.87,1.50
2015.11.17 10:42:21.633,1.51984,1.51991,1.50,1.00
2015.11.17 10:42:21.937,1.51986,1.51991,1.00,1.00
2015.11.17 10:42:22.462,1.51985,1.51991,1.50,1.00
2015.11.17 10:42:23.013,1.51985,1.51992,1.50,1.00
2015.11.17 10:42:23.893,1.51986,1.51992,1.00,1.00
2015.11.17 10:42:24.049,1.51987,1.51994,1.00,1.00
2015.11.17 10:42:24.252,1.51988,1.51996,1.00,1.50
2015.11.17 10:42:24.765,1.51989,1.51996,1.00,1.87
2015.11.17 10:42:24.971,1.51986,1.51995,1.12,1.50
2015.11.17 10:42:25.489,1.51987,1.51995,1.00,1.50
2015.11.17 10:42:30.325,1.51986,1.51995,1.00,2.25
2015.11.17 10:42:30.840,1.51987,1.51995,1.00,2.25
2015.11.17 10:42:31.358,1.51988,1.51995,1.00,1.50
2015.11.17 10:42:41.236,1.5199,1.51995,1.00,1.00
2015.11.17 10:42:42.038,1.51986,1.51994,3.75,1.00
2015.11.17 10:42:42.140,1.51986,1.51994,1.00,1.37
2015.11.17 10:42:42.646,1.51985,1.51992,1.12,1.00
2015.11.17 10:42:43.182,1.51985,1.51991,1.12,1.00
2015.11.17 10:42:43.689,1.51983,1.51992,2.62,1.00
2015.11.17 10:42:43.841,1.51983,1.51992,2.25,1.00
2015.11.17 10:42:44.372,1.51984,1.51992,1.00,1.00
2015.11.17 10:42:47.721,1.51985,1.51992,1.00,1.50
2015.11.17 10:42:49.412,1.51983,1.51992,2.25,1.00
2015.11.17 10:42:50.011,1.51983,1.51992,2.25,1.00
2015.11.17 10:42:50.163,1.51985,1.51992,1.00,1.50
2015.11.17 10:42:50.669,1.51986,1.51992,1.00,1.00
2015.11.17 10:42:51.880,1.51985,1.51992,1.00,1.00
2015.11.17 10:42:54.605,1.51987,1.51992,1.00,1.00
2015.11.17 10:42:55.121,1.51987,1.51994,1.00,1.37
2015.11.17 10:43:11.145,1.51988,1.51994,1.00,1.37
2015.11.17 10:43:17.242,1.51987,1.51995,1.00,4.87
2015.11.17 10:43:18.190,1.51988,1.51995,1.00,4.12
2015.11.17 10:43:18.292,1.51989,1.51996,1.00,1.37
2015.11.17 10:43:18.343,1.51991,1.51996,1.00,1.37
2015.11.17 10:43:18.394,1.51991,1.51997,1.00,1.87
2015.11.17 10:43:18.900,1.5199,1.51997,1.00,2.25
2015.11.17 10:43:20.115,1.5199,1.51999,1.00,3.37
2015.11.17 10:43:25.341,1.5199,1.51999,1.00,1.50
2015.11.17 10:43:34.990,1.51992,1.51999,1.00,1.50
2015.11.17 10:43:35.142,1.51991,1.52,3.75,1.12
2015.11.17 10:43:35.193,1.51999,1.52,1.00,1.12
2015.11.17 10:43:35.362,1.52003,1.52006,1.12,1.00
2015.11.17 10:43:35.565,1.52002,1.5201,3.75,1.00
2015.11.17 10:43:35.667,1.52004,1.52014,3.75,1.75
2015.11.17 10:43:36.173,1.52007,1.52013,1.12,1.50
2015.11.17 10:43:36.644,1.52005,1.52013,1.00,1.00
2015.11.17 10:43:37.203,1.52005,1.52011,1.00,1.00
2015.11.17 10:43:37.304,1.52005,1.52013,1.00,1.00
2015.11.17 10:43:39.640,1.52005,1.52011,1.00,1.00
2015.11.17 10:43:40.146,1.52007,1.52011,1.00,1.00
2015.11.17 10:43:40.197,1.52007,1.52015,1.00,1.87
2015.11.17 10:43:40.349,1.52009,1.52015,1.00,1.12
2015.11.17 10:43:40.870,1.52009,1.52014,1.00,1.00
2015.11.17 10:43:41.376,1.52009,1.52016,1.50,1.00
2015.11.17 10:43:41.427,1.5201,1.52018,1.12,1.12
2015.11.17 10:43:41.478,1.5201,1.52018,4.12,1.00
2015.11.17 10:43:42.012,1.5201,1.52017,4.50,1.00
2015.11.17 10:43:44.356,1.5201,1.52016,4.50,1.00
2015.11.17 10:43:45.232,1.52011,1.52016,1.00,1.00
2015.11.17 10:43:46.907,1.52011,1.52018,1.00,1.00
2015.11.17 10:43:47.431,1.52012,1.52018,1.00,1.50
2015.11.17 10:43:47.939,1.52011,1.52018,1.00,1.00
2015.11.17 10:43:52.706,1.5201,1.52018,1.50,1.00
2015.11.17 10:43:53.583,1.52011,1.52017,1.00,1.00
2015.11.17 10:43:54.559,1.5201,1.52017,1.50,1.00
2015.11.17 10:43:55.116,1.5201,1.52018,1.50,1.50
2015.11.17 10:43:56.023,1.52011,1.52018,1.00,1.50
2015.11.17 10:43:58.556,1.5201,1.52017,1.50,1.50
2015.11.17 10:44:00.964,1.5201,1.52016,1.50,1.00
2015.11.17 10:44:01.712,1.5201,1.52017,1.50,1.00
2015.11.17 10:44:02.218,1.5201,1.52018,1.50,1.50
2015.11.17 10:44:05.235,1.5201,1.52018,1.50,1.50
2015.11.17 10:44:08.553,1.5201,1.52015,1.37,1.00
2015.11.17 10:44:10.768,1.5201,1.52018,1.37,1.50
2015.11.17 10:44:18.202,1.52009,1.52017,3.75,1.00
2015.11.17 10:44:18.716,1.52009,1.52018,4.50,1.00
2015.11.17 10:44:20.529,1.52009,1.52019,4.50,1.87
2015.11.17 10:44:20.731,1.52009,1.52017,3.75,1.00
2015.11.17 10:44:21.237,1.5201,1.52018,1.50,1.00
2015.11.17 10:44:21.747,1.5201,1.52019,1.50,1.00
2015.11.17 10:44:23.311,1.5201,1.52019,1.50,1.00
2015.11.17 10:44:25.237,1.5201,1.52019,1.50,1.00
2015.11.17 10:44:25.943,1.5201,1.5202,1.12,1.87
2015.11.17 10:44:26.452,1.5201,1.52018,1.12,1.00
2015.11.17 10:44:32.471,1.52013,1.52018,1.00,1.00
2015.11.17 10:44:32.625,1.52016,1.52023,1.00,1.50
2015.11.17 10:44:32.980,1.52016,1.52025,1.37,1.12
2015.11.17 10:44:33.516,1.52018,1.52025,1.00,1.00
2015.11.17 10:44:33.719,1.52018,1.52027,1.00,1.50
2015.11.17 10:44:33.973,1.5202,1.52028,1.00,1.50
2015.11.17 10:44:34.532,1.5202,1.52029,1.00,3.75
2015.11.17 10:44:35.499,1.5202,1.5203,1.37,3.37
2015.11.17 10:44:35.731,1.52021,1.52031,1.50,3.00
2015.11.17 10:44:35.934,1.52021,1.52029,1.50,1.00
2015.11.17 10:44:36.491,1.52021,1.52029,1.12,1.00
2015.11.17 10:44:38.060,1.5202,1.52029,1.12,1.00
2015.11.17 10:44:38.415,1.52018,1.52027,5.25,1.00
2015.11.17 10:44:38.956,1.5202,1.52028,1.00,1.50
2015.11.17 10:44:39.462,1.52019,1.52028,1.87,1.00
2015.11.17 10:44:43.100,1.5202,1.52028,1.00,1.00
2015.11.17 10:44:43.418,1.52018,1.52026,2.25,1.12
2015.11.17 10:44:43.570,1.52016,1.52026,1.12,3.00
2015.11.17 10:44:44.541,1.52016,1.52024,1.00,1.00
2015.11.17 10:44:44.592,1.52012,1.5202,4.50,1.00
2015.11.17 10:44:44.694,1.52011,1.52019,3.00,1.00
2015.11.17 10:44:45.174,1.52012,1.52021,1.12,1.50
2015.11.17 10:44:45.685,1.52011,1.52021,5.62,1.12
2015.11.17 10:44:47.038,1.52014,1.52023,1.00,4.12
2015.11.17 10:44:47.140,1.52014,1.52024,1.12,2.25
2015.11.17 10:44:47.685,1.52014,1.52024,1.87,1.12
2015.11.17 10:44:49.713,1.52015,1.52025,1.00,1.50
2015.11.17 10:44:50.246,1.52014,1.52024,1.12,1.12
2015.11.17 10:44:52.767,1.52014,1.52023,1.12,1.00
2015.11.17 10:44:53.571,1.52014,1.52022,1.12,1.00
2015.11.17 10:44:54.093,1.52013,1.52022,1.00,1.87
2015.11.17 10:44:54.601,1.52013,1.5202,1.00,1.00
2015.11.17 10:44:55.122,1.52013,1.52021,1.50,1.12
2015.11.17 10:44:55.781,1.52014,1.52023,1.00,4.12
2015.11.17 10:44:55.832,1.52016,1.52023,1.00,1.12
2015.11.17 10:44:55.984,1.52016,1.52026,4.50,1.50
2015.11.17 10:44:56.650,1.52016,1.52026,1.50,1.87
2015.11.17 10:44:57.179,1.52016,1.52026,1.87,1.87
2015.11.17 10:44:58.689,1.52016,1.52024,1.87,1.00
2015.11.17 10:44:58.791,1.52014,1.52024,2.62,1.00
2015.11.17 10:44:59.305,1.52015,1.52023,1.00,1.00
2015.11.17 10:45:00.074,1.52014,1.52024,1.50,1.50
2015.11.17 10:45:00.126,1.52016,1.52024,1.12,1.50
2015.11.17 10:45:00.328,1.52016,1.52026,1.50,3.37
2015.11.17 10:45:00.958,1.52017,1.52026,1.00,1.12
2015.11.17 10:45:01.161,1.52019,1.52027,1.12,1.50
2015.11.17 10:45:01.695,1.52018,1.52028,2.25,1.50
2015.11.17 10:45:02.211,1.52018,1.52028,1.87,2.62
2015.11.17 10:45:02.935,1.52019,1.52028,1.00,2.62
2015.11.17 10:45:03.246,1.5202,1.52029,4.50,1.00
2015.11.17 10:45:10.300,1.52023,1.52031,1.12,1.75
2015.11.17 10:45:10.351,1.52023,1.52031,1.12,1.50
2015.11.17 10:45:10.402,1.52023,1.52031,4.12,1.50
2015.11.17 10:45:12.543,1.52024,1.52033,1.37,1.87
2015.11.17 10:45:13.685,1.52023,1.52031,4.50,1.00
2015.11.17 10:45:14.661,1.52023,1.52032,4.50,1.00
2015.11.17 10:45:16.297,1.52025,1.52034,1.12,1.50
2015.11.17 10:45:16.600,1.52026,1.52034,1.37,1.00
2015.11.17 10:45:17.124,1.52026,1.52035,1.37,2.25
2015.11.17 10:45:17.630,1.52027,1.52036,1.37,1.37
2015.11.17 10:45:20.070,1.52026,1.52034,4.50,1.00
2015.11.17 10:45:20.223,1.52026,1.52034,1.50,1.00
2015.11.17 10:45:23.693,1.52026,1.52035,1.12,1.00
2015.11.17 10:45:24.519,1.52025,1.52035,1.87,1.87
2015.11.17 10:45:24.620,1.52024,1.52034,1.12,1.12
2015.11.17 10:45:24.930,1.52024,1.52032,1.12,1.50
2015.11.17 10:45:25.982,1.52024,1.52032,1.12,2.62
2015.11.17 10:45:27.562,1.52023,1.52031,1.37,1.00
2015.11.17 10:45:28.093,1.52022,1.52032,5.25,2.62
2015.11.17 10:45:28.643,1.52022,1.52031,4.50,1.50
2015.11.17 10:45:29.727,1.52022,1.52031,1.00,2.25
2015.11.17 10:45:30.235,1.52022,1.5203,1.00,1.00
2015.11.17 10:45:33.690,1.52021,1.52031,1.37,2.62
2015.11.17 10:45:33.741,1.5202,1.52027,1.87,1.00
2015.11.17 10:45:33.793,1.5202,1.52026,1.00,1.00
2015.11.17 10:45:33.911,1.52016,1.52025,4.50,1.00
2015.11.17 10:45:34.027,1.52014,1.52023,1.87,1.12
2015.11.17 10:45:34.382,1.52014,1.52021,1.00,1.00
2015.11.17 10:45:34.586,1.52012,1.52023,1.50,2.62
2015.11.17 10:45:37.103,1.52013,1.52022,1.12,1.00
2015.11.17 10:45:37.356,1.52013,1.52017,1.00,3.37
2015.11.17 10:45:37.407,1.5201,1.52013,1.00,1.00
2015.11.17 10:45:37.458,1.5201,1.52013,3.37,1.00
2015.11.17 10:45:37.611,1.52004,1.52014,1.37,1.37
2015.11.17 10:45:40.163,1.52007,1.52015,1.50,4.50
2015.11.17 10:45:40.264,1.52007,1.52017,2.25,4.50
2015.11.17 10:45:40.315,1.52008,1.52017,1.00,1.00
2015.11.17 10:45:40.467,1.5201,1.52018,1.12,1.12
2015.11.17 10:45:40.975,1.52012,1.5202,1.00,1.50
2015.11.17 10:45:43.086,1.52012,1.52021,1.00,1.12
2015.11.17 10:45:43.592,1.52012,1.52021,1.50,1.00
2015.11.17 10:45:44.274,1.52015,1.52023,1.37,2.25
2015.11.17 10:45:44.426,1.52014,1.52024,4.50,1.12
2015.11.17 10:45:44.938,1.52017,1.52024,1.00,1.12
2015.11.17 10:45:44.989,1.52017,1.52027,1.50,1.12
2015.11.17 10:45:45.142,1.5202,1.52028,1.00,1.50
2015.11.17 10:45:45.692,1.5202,1.52028,1.12,1.12
2015.11.17 10:45:46.450,1.5202,1.52027,1.12,1.00
2015.11.17 10:45:47.021,1.52018,1.52027,1.50,1.00
2015.11.17 10:45:50.208,1.52018,1.52028,1.50,1.00
2015.11.17 10:45:52.820,1.5202,1.52029,1.00,1.12
2015.11.17 10:45:53.124,1.52024,1.52031,1.00,1.50
2015.11.17 10:45:54.444,1.52023,1.52031,1.00,1.50
2015.11.17 10:46:01.155,1.52024,1.52031,1.00,1.50
2015.11.17 10:46:01.712,1.52027,1.52031,1.00,1.00
2015.11.17 10:46:01.763,1.52027,1.52033,1.00,1.50
2015.11.17 10:46:01.865,1.52028,1.52036,1.00,1.87
2015.11.17 10:46:01.916,1.52028,1.52036,4.50,1.00
2015.11.17 10:46:02.456,1.52028,1.52035,3.75,1.00
2015.11.17 10:46:02.962,1.52029,1.52036,1.37,1.00
2015.11.17 10:46:05.115,1.52028,1.52036,1.00,1.50
2015.11.17 10:46:05.469,1.52026,1.52036,1.12,1.12
2015.11.17 10:46:05.520,1.52026,1.52036,4.12,1.00
2015.11.17 10:46:06.047,1.52027,1.52036,1.50,1.00
2015.11.17 10:46:06.351,1.52027,1.52034,1.00,1.00
2015.11.17 10:46:06.605,1.52027,1.52036,1.00,1.50
2015.11.17 10:46:08.453,1.52027,1.52034,1.00,1.00
2015.11.17 10:46:09.749,1.52028,1.52034,1.00,1.00
2015.11.17 10:46:10.367,1.52027,1.52034,1.00,1.00
2015.11.17 10:46:10.772,1.52027,1.52036,1.00,1.50
2015.11.17 10:46:11.278,1.52026,1.52036,1.00,2.25
2015.11.17 10:46:11.519,1.52025,1.52034,1.50,1.00
2015.11.17 10:46:11.824,1.52023,1.5203,1.00,1.00
2015.11.17 10:46:12.534,1.52022,1.5203,1.00,1.00
2015.11.17 10:46:13.714,1.52022,1.52031,1.50,1.12
2015.11.17 10:46:16.345,1.52022,1.52032,1.50,2.25
2015.11.17 10:46:17.793,1.52022,1.5203,1.50,1.00
2015.11.17 10:46:24.934,1.52022,1.52032,1.50,1.87
2015.11.17 10:46:25.457,1.52022,1.52032,1.50,1.12
2015.11.17 10:46:27.144,1.52022,1.52033,1.50,2.25
2015.11.17 10:46:27.723,1.52023,1.52031,1.12,1.00
2015.11.17 10:46:31.865,1.52024,1.52032,1.00,1.12
2015.11.17 10:46:32.184,1.52026,1.52036,1.50,3.00
2015.11.17 10:46:32.286,1.52026,1.52036,1.50,2.25
2015.11.17 10:46:32.792,1.52026,1.52035,1.50,1.00
2015.11.17 10:46:33.492,1.52026,1.52035,4.50,1.00
2015.11.17 10:46:34.505,1.52026,1.52036,4.50,1.00
2015.11.17 10:46:35.810,1.52026,1.52035,4.50,1.00
2015.11.17 10:46:36.142,1.52022,1.52029,1.12,1.00
2015.11.17 10:46:36.599,1.5202,1.52028,1.00,1.00
2015.11.17 10:46:36.903,1.52017,1.52027,1.50,1.87
2015.11.17 10:46:37.409,1.52017,1.52026,1.50,1.00
2015.11.17 10:46:37.959,1.52017,1.52027,1.50,2.25
2015.11.17 10:46:38.869,1.52018,1.52026,1.00,1.00
2015.11.17 10:46:40.923,1.52017,1.52027,1.00,3.00
2015.11.17 10:46:42.208,1.52017,1.52026,1.50,1.00
2015.11.17 10:46:42.715,1.52017,1.52027,1.50,2.25
2015.11.17 10:46:43.223,1.52018,1.52026,1.00,1.00
2015.11.17 10:46:43.628,1.52019,1.52028,1.12,3.75
2015.11.17 10:46:43.983,1.52017,1.52026,3.75,1.75
2015.11.17 10:46:44.135,1.52014,1.52025,4.87,1.50
2015.11.17 10:46:44.407,1.52013,1.52024,1.50,3.37
2015.11.17 10:46:44.762,1.52013,1.52023,1.12,1.87
2015.11.17 10:46:45.270,1.52014,1.52022,1.00,1.37
2015.11.17 10:46:45.625,1.52013,1.52024,1.50,1.12
2015.11.17 10:46:45.676,1.52016,1.52024,1.00,1.12
2015.11.17 10:46:46.202,1.52016,1.52026,1.50,1.50
2015.11.17 10:46:46.708,1.52016,1.52026,1.50,1.00
2015.11.17 10:46:49.573,1.52016,1.52025,1.00,1.00
2015.11.17 10:46:50.962,1.52016,1.52024,1.50,1.00
2015.11.17 10:46:51.469,1.52016,1.52024,1.00,1.50
2015.11.17 10:46:52.932,1.52016,1.52024,1.00,1.12
2015.11.17 10:46:53.452,1.52015,1.52025,1.00,1.87
2015.11.17 10:46:55.749,1.52015,1.52024,1.00,1.00
2015.11.17 10:46:56.650,1.52015,1.52026,2.25,3.00
2015.11.17 10:46:57.712,1.52015,1.52024,1.00,1.12
2015.11.17 10:46:58.247,1.52013,1.52023,2.62,1.00
2015.11.17 10:47:05.143,1.52013,1.52024,5.25,1.37
2015.11.17 10:47:05.670,1.52013,1.52024,5.25,1.00
2015.11.17 10:47:10.040,1.52017,1.52025,1.00,1.12
2015.11.17 10:47:10.367,1.5202,1.5203,1.50,1.50
2015.11.17 10:47:11.090,1.52022,1.5203,1.00,1.50
2015.11.17 10:47:11.658,1.52021,1.52031,1.12,1.87
2015.11.17 10:47:12.186,1.52021,1.5203,1.00,1.12
2015.11.17 10:47:12.916,1.5202,1.5203,1.12,1.12
2015.11.17 10:47:13.220,1.52018,1.52029,1.87,2.25
2015.11.17 10:47:14.083,1.52018,1.52028,1.12,3.75
2015.11.17 10:47:17.702,1.52019,1.52028,1.37,1.87
2015.11.17 10:47:18.218,1.5202,1.52029,1.87,1.12
2015.11.17 10:47:23.104,1.52019,1.52029,2.25,1.50
2015.11.17 10:47:23.205,1.52018,1.52029,1.87,3.00
2015.11.17 10:47:23.408,1.52018,1.52028,1.12,4.50
2015.11.17 10:47:25.304,1.52018,1.52027,1.50,1.12
2015.11.17 10:47:27.541,1.52017,1.52024,4.50,1.00
2015.11.17 10:47:27.592,1.52015,1.52024,1.50,1.00
2015.11.17 10:47:27.693,1.52013,1.52024,1.50,3.00
2015.11.17 10:47:28.111,1.52011,1.52022,2.62,3.00
2015.11.17 10:47:28.971,1.5201,1.52021,2.25,1.12
2015.11.17 10:47:31.077,1.5201,1.52021,1.50,4.87
2015.11.17 10:47:31.635,1.5201,1.52018,1.00,1.00
2015.11.17 10:47:32.141,1.52009,1.52019,1.12,1.87
2015.11.17 10:47:32.472,1.52006,1.52014,1.75,1.37
2015.11.17 10:47:32.574,1.52004,1.52014,1.87,1.37
2015.11.17 10:47:33.082,1.52004,1.52013,1.50,1.00
2015.11.17 10:47:41.410,1.52005,1.52013,1.12,1.50
2015.11.17 10:47:41.968,1.52004,1.52012,1.00,1.37
2015.11.17 10:47:42.120,1.52002,1.52011,1.50,1.50
2015.11.17 10:47:42.245,1.52002,1.52009,1.00,1.00
2015.11.17 10:47:42.751,1.52001,1.52012,1.12,6.00
2015.11.17 10:47:46.239,1.52002,1.52011,1.00,1.87
2015.11.17 10:47:52.790,1.52004,1.52011,1.00,1.37
2015.11.17 10:47:52.994,1.52005,1.52015,1.12,6.75
2015.11.17 10:47:53.401,1.52006,1.52015,1.00,1.50
2015.11.17 10:47:53.948,1.52005,1.52015,1.50,1.50
2015.11.17 10:47:54.455,1.52006,1.52014,1.00,1.00
2015.11.17 10:47:54.759,1.52004,1.52014,3.00,3.75
2015.11.17 10:48:05.819,1.52002,1.52011,5.25,1.00
2015.11.17 10:48:05.921,1.52001,1.52011,1.50,1.12
2015.11.17 10:48:06.528,1.52001,1.52011,1.50,1.50
2015.11.17 10:48:14.060,1.52002,1.52011,1.00,1.50
2015.11.17 10:48:17.149,1.52001,1.52011,1.00,1.87
2015.11.17 10:48:17.690,1.52,1.52011,1.87,1.50
2015.11.17 10:48:20.186,1.52,1.52011,2.62,1.87
2015.11.17 10:48:33.614,1.52002,1.5201,1.00,1.12
2015.11.17 10:48:34.128,1.52001,1.52012,2.25,4.87
2015.11.17 10:48:35.216,1.52002,1.52012,1.00,4.50
2015.11.17 10:48:35.378,1.52003,1.52013,1.00,3.75
2015.11.17 10:48:38.029,1.52006,1.52012,1.00,1.00
2015.11.17 10:48:38.282,1.52008,1.52016,1.50,1.00
2015.11.17 10:48:38.820,1.52008,1.52017,1.50,1.12
2015.11.17 10:48:40.132,1.52007,1.52013,1.50,1.00
2015.11.17 10:48:40.284,1.52003,1.52012,6.00,1.00
2015.11.17 10:48:40.385,1.52003,1.52012,2.62,1.37
2015.11.17 10:48:40.437,1.52003,1.52009,1.12,1.00
2015.11.17 10:48:41.365,1.52,1.52009,1.87,1.87
2015.11.17 10:48:45.316,1.51999,1.52009,2.62,1.12
2015.11.17 10:48:49.431,1.52,1.52009,1.00,1.12
2015.11.17 10:48:49.951,1.51999,1.52009,1.87,1.12
2015.11.17 10:48:50.484,1.52,1.52009,1.00,1.12
2015.11.17 10:48:51.030,1.51999,1.52009,1.87,1.12
2015.11.17 10:48:53.899,1.52001,1.52009,1.00,1.12
2015.11.17 10:48:54.405,1.52002,1.5201,1.12,1.12
2015.11.17 10:48:56.707,1.52,1.5201,2.25,1.50
2015.11.17 10:48:57.214,1.52,1.52008,2.25,1.00
2015.11.17 10:48:57.863,1.52,1.52006,2.25,1.00
2015.11.17 10:48:58.422,1.52,1.52008,1.87,1.00
2015.11.17 10:48:59.721,1.52,1.52007,2.25,1.00
2015.11.17 10:49:00.450,1.51999,1.52009,5.25,1.12
2015.11.17 10:49:01.051,1.52002,1.5201,1.00,2.25
2015.11.17 10:49:02.419,1.52001,1.5201,1.12,2.25
2015.11.17 10:49:04.609,1.52,1.52009,1.50,1.12
2015.11.17 10:49:05.115,1.51999,1.52009,1.12,1.50
2015.11.17 10:49:05.481,1.51998,1.52005,1.50,1.00
2015.11.17 10:49:05.813,1.51992,1.51993,3.37,1.00
2015.11.17 10:49:05.864,1.51987,1.51993,4.12,1.00
2015.11.17 10:49:05.966,1.51987,1.51993,1.00,1.00
2015.11.17 10:49:06.068,1.51983,1.51991,3.75,1.50
2015.11.17 10:49:06.422,1.51983,1.51989,2.62,1.00
2015.11.17 10:49:06.523,1.51983,1.51991,2.62,4.50
2015.11.17 10:49:06.574,1.51983,1.51989,2.62,1.00
2015.11.17 10:49:06.676,1.51983,1.51991,2.62,4.50
2015.11.17 10:49:06.727,1.51983,1.51991,2.62,7.87
2015.11.17 10:49:06.998,1.51985,1.51992,1.00,1.37
2015.11.17 10:49:07.049,1.51989,1.51993,1.00,3.37
2015.11.17 10:49:07.150,1.5199,1.51995,1.00,4.12
2015.11.17 10:49:07.201,1.51992,1.51995,1.00,4.12
2015.11.17 10:49:07.354,1.51995,1.52002,1.12,3.75
2015.11.17 10:49:07.456,1.51998,1.52003,1.00,4.12
2015.11.17 10:49:07.862,1.51997,1.52006,1.50,1.00
2015.11.17 10:49:08.009,1.52,1.52007,1.00,1.50
2015.11.17 10:49:08.365,1.52002,1.52007,1.00,1.00
2015.11.17 10:49:08.416,1.52002,1.5201,1.00,1.37
2015.11.17 10:49:08.468,1.52004,1.5201,1.00,3.75
2015.11.17 10:49:08.519,1.52004,1.52012,1.00,4.50
2015.11.17 10:49:08.571,1.52004,1.52012,1.37,1.50
2015.11.17 10:49:08.951,1.52004,1.52013,1.37,1.50
2015.11.17 10:49:09.786,1.52006,1.52012,1.00,1.00
2015.11.17 10:49:10.916,1.52005,1.52014,1.12,2.62
2015.11.17 10:49:11.431,1.52005,1.52014,1.37,2.62
2015.11.17 10:49:11.798,1.52005,1.52014,1.37,2.25
2015.11.17 10:49:12.305,1.52005,1.52014,1.12,1.50
2015.11.17 10:49:15.668,1.52007,1.52013,1.00,1.00
2015.11.17 10:49:31.685,1.52006,1.52014,1.00,1.50
2015.11.17 10:49:32.191,1.52006,1.52012,1.00,1.00
2015.11.17 10:49:35.141,1.52006,1.52014,1.00,2.62
2015.11.17 10:49:37.880,1.52005,1.52013,1.12,1.87
2015.11.17 10:49:39.053,1.52005,1.52013,1.37,2.25
2015.11.17 10:49:39.558,1.52005,1.52013,1.12,1.50
2015.11.17 10:49:41.430,1.52006,1.52014,1.00,1.87
2015.11.17 10:49:42.849,1.52005,1.52013,1.12,1.00
2015.11.17 10:49:43.153,1.52002,1.52004,1.00,1.00
2015.11.17 10:49:43.306,1.51993,1.51996,1.12,1.00
2015.11.17 10:49:43.381,1.51991,1.51996,3.75,1.00
2015.11.17 10:49:43.434,1.51988,1.51997,1.50,3.00
2015.11.17 10:49:43.485,1.51988,1.51996,1.12,1.37
2015.11.17 10:49:43.789,1.51986,1.51995,1.50,1.12
2015.11.17 10:49:43.890,1.51987,1.51994,1.00,3.37
2015.11.17 10:49:44.043,1.51989,1.51997,1.00,6.00
2015.11.17 10:49:44.397,1.51989,1.51997,1.12,1.12
2015.11.17 10:49:44.600,1.5199,1.51999,1.00,1.50
2015.11.17 10:49:45.226,1.51991,1.51997,1.00,1.00
2015.11.17 10:49:45.631,1.51993,1.52,1.12,1.12
2015.11.17 10:49:46.036,1.51995,1.52003,1.00,1.50
2015.11.17 10:49:46.138,1.51997,1.52004,1.37,1.87
2015.11.17 10:49:46.732,1.51996,1.52004,1.37,1.50
2015.11.17 10:49:47.240,1.51996,1.52005,1.37,3.00
2015.11.17 10:49:48.280,1.51996,1.52004,3.37,1.00
2015.11.17 10:49:48.791,1.51996,1.52005,1.37,3.75
2015.11.17 10:49:50.149,1.51996,1.52004,3.37,1.00
2015.11.17 10:49:50.849,1.51996,1.52005,1.37,4.12
2015.11.17 10:49:51.382,1.51996,1.52004,3.37,1.12
2015.11.17 10:49:51.686,1.51992,1.52,1.37,1.00
2015.11.17 10:49:51.737,1.5199,1.51996,2.62,1.00
2015.11.17 10:49:51.889,1.51989,1.51996,1.00,1.87
2015.11.17 10:49:52.395,1.51988,1.51996,1.00,1.87
2015.11.17 10:49:53.432,1.51989,1.51997,1.00,1.12
2015.11.17 10:49:53.989,1.51988,1.51997,1.00,1.87
2015.11.17 10:49:54.130,1.51993,1.51997,1.00,1.12
2015.11.17 10:49:54.232,1.51993,1.52,1.00,1.87
2015.11.17 10:49:54.739,1.51993,1.52,1.00,1.00
2015.11.17 10:49:55.398,1.51992,1.52,1.12,1.00
2015.11.17 10:49:55.550,1.51994,1.52,1.00,1.00
2015.11.17 10:49:55.763,1.51991,1.52,1.12,1.00
2015.11.17 10:49:56.298,1.51991,1.52,1.50,1.50
2015.11.17 10:49:58.117,1.5199,1.51999,4.50,1.00
2015.11.17 10:49:58.269,1.5199,1.51996,1.12,1.00
2015.11.17 10:49:58.422,1.51988,1.51996,1.12,1.12
2015.11.17 10:49:58.574,1.51986,1.51995,2.25,1.00
2015.11.17 10:50:01.536,1.51984,1.51993,6.00,1.00
2015.11.17 10:50:01.854,1.51978,1.51985,1.12,1.12
2015.11.17 10:50:02.361,1.51977,1.51986,3.37,1.50
2015.11.17 10:50:02.938,1.51979,1.51986,1.00,1.50
2015.11.17 10:50:03.488,1.5198,1.51987,1.50,1.12
2015.11.17 10:50:04.802,1.51981,1.51989,1.00,3.00
2015.11.17 10:50:04.903,1.51981,1.51989,1.12,1.00
2015.11.17 10:50:05.011,1.51986,1.5199,1.00,2.62
2015.11.17 10:50:05.112,1.51987,1.51994,1.00,1.50
2015.11.17 10:50:05.265,1.51987,1.51995,1.00,1.00
2015.11.17 10:50:05.366,1.51989,1.51996,1.00,1.00
2015.11.17 10:50:05.670,1.51992,1.51999,1.00,1.00
2015.11.17 10:50:05.923,1.51992,1.52001,1.50,1.87
2015.11.17 10:50:08.604,1.51992,1.52,1.00,1.00
2015.11.17 10:50:09.110,1.51992,1.52001,1.50,1.12
2015.11.17 10:50:10.285,1.51996,1.52002,1.00,1.87
2015.11.17 10:50:10.387,1.51997,1.52005,1.00,3.37
2015.11.17 10:50:10.641,1.51999,1.52006,1.12,1.50
2015.11.17 10:50:11.146,1.52,1.52007,1.50,1.37
2015.11.17 10:50:11.703,1.52,1.52009,1.00,1.87
2015.11.17 10:50:13.682,1.52002,1.5201,1.00,1.50
2015.11.17 10:50:13.783,1.52004,1.52012,1.12,2.25
2015.11.17 10:50:14.089,1.52003,1.52011,1.50,1.37
2015.11.17 10:50:14.596,1.52003,1.52011,1.00,1.87
2015.11.17 10:50:15.407,1.52003,1.52011,1.00,2.62
2015.11.17 10:50:15.913,1.52002,1.52009,1.00,1.50
2015.11.17 10:50:16.444,1.52001,1.52009,1.12,1.50
2015.11.17 10:50:23.413,1.52001,1.52009,1.12,1.87
2015.11.17 10:50:25.294,1.51999,1.52006,4.50,1.00
2015.11.17 10:50:25.395,1.51998,1.52005,2.25,1.50
2015.11.17 10:50:25.649,1.51995,1.52004,1.00,1.87
2015.11.17 10:50:25.750,1.51995,1.52004,1.00,4.50
2015.11.17 10:50:26.293,1.51994,1.52002,1.12,1.00
2015.11.17 10:50:26.597,1.51992,1.52,1.50,1.00
2015.11.17 10:50:26.902,1.51989,1.51999,1.87,1.50
2015.11.17 10:50:27.409,1.51989,1.51999,1.12,1.87
2015.11.17 10:50:28.049,1.5199,1.51999,1.00,1.50
2015.11.17 10:50:29.458,1.51989,1.52,2.25,3.37
2015.11.17 10:50:29.509,1.5199,1.51998,1.12,1.00
2015.11.17 10:50:30.118,1.5199,1.51999,1.87,1.00
2015.11.17 10:50:30.780,1.51991,1.52,1.00,1.00
2015.11.17 10:50:31.085,1.51992,1.52002,2.25,1.00
2015.11.17 10:50:32.119,1.51992,1.52001,1.50,1.00
2015.11.17 10:50:33.914,1.51989,1.51998,5.25,1.00
2015.11.17 10:50:34.016,1.51989,1.51997,1.87,1.00
2015.11.17 10:50:37.345,1.51987,1.51995,4.50,1.00
2015.11.17 10:50:37.649,1.51985,1.51992,1.00,1.37
2015.11.17 10:50:37.812,1.51982,1.51992,1.50,1.37
2015.11.17 10:50:38.318,1.51982,1.51992,1.50,1.12
2015.11.17 10:50:38.825,1.51983,1.51991,1.12,1.12
2015.11.17 10:50:39.087,1.51986,1.51992,1.00,1.37
2015.11.17 10:50:39.240,1.51989,1.51995,1.00,1.00
2015.11.17 10:50:39.494,1.51992,1.51996,1.00,1.12
2015.11.17 10:50:39.647,1.51991,1.52,1.37,1.50
2015.11.17 10:50:39.851,1.51993,1.52,1.50,1.00
2015.11.17 10:50:40.369,1.51994,1.52001,1.12,1.00
2015.11.17 10:50:41.551,1.51993,1.52001,1.50,1.37
2015.11.17 10:50:41.956,1.51992,1.51998,4.12,1.00
2015.11.17 10:50:42.260,1.51984,1.51992,1.75,1.75
2015.11.17 10:50:42.462,1.51986,1.51993,1.50,1.12
2015.11.17 10:50:42.564,1.51988,1.51992,1.00,1.00
2015.11.17 10:50:42.665,1.51988,1.51996,1.50,1.50
2015.11.17 10:50:42.880,1.5199,1.51996,1.12,1.12
2015.11.17 10:50:43.183,1.51993,1.51999,1.12,2.62
2015.11.17 10:50:43.285,1.51993,1.52,1.12,1.37
2015.11.17 10:50:44.546,1.51993,1.52,1.12,3.37
2015.11.17 10:50:45.052,1.51993,1.52,1.12,1.37
2015.11.17 10:50:45.658,1.51993,1.52,1.12,1.12
2015.11.17 10:50:51.152,1.51995,1.52,1.00,1.12
2015.11.17 10:50:54.457,1.51994,1.52001,1.50,1.87
2015.11.17 10:50:55.467,1.51994,1.52001,1.50,1.50
2015.11.17 10:50:55.974,1.51995,1.52001,1.00,1.12
2015.11.17 10:50:56.480,1.51995,1.52003,1.00,2.25
2015.11.17 10:50:56.794,1.52,1.52003,1.00,1.00
2015.11.17 10:50:56.846,1.52002,1.52006,1.00,1.87
2015.11.17 10:50:56.998,1.52002,1.52008,1.12,1.00
2015.11.17 10:50:57.301,1.52002,1.52011,1.12,3.00
2015.11.17 10:50:57.807,1.52001,1.52009,1.37,1.00
2015.11.17 10:50:59.486,1.52001,1.52009,1.37,1.37
2015.11.17 10:50:59.989,1.52001,1.52009,1.37,1.00
2015.11.17 10:51:02.697,1.52001,1.52008,1.37,1.00
2015.11.17 10:51:02.951,1.52001,1.5201,1.37,1.12
2015.11.17 10:51:03.902,1.52004,1.52011,1.00,1.37
2015.11.17 10:51:04.005,1.52006,1.52014,1.00,1.37
2015.11.17 10:51:04.513,1.52007,1.52014,1.00,1.00
2015.11.17 10:51:07.549,1.52011,1.52015,1.00,1.37
2015.11.17 10:51:07.702,1.52012,1.52018,1.00,1.75
2015.11.17 10:51:08.471,1.52009,1.52016,5.25,1.12
2015.11.17 10:51:08.624,1.52009,1.52013,1.00,1.00
2015.11.17 10:51:08.827,1.52006,1.52013,1.00,1.87
2015.11.17 10:51:09.334,1.52005,1.52012,1.00,1.00
2015.11.17 10:51:09.850,1.52007,1.52014,1.00,1.00
2015.11.17 10:51:10.002,1.52007,1.52016,1.12,1.87
2015.11.17 10:51:10.053,1.52009,1.52016,1.00,1.87
2015.11.17 10:51:10.560,1.52008,1.52017,1.50,1.87
2015.11.17 10:51:10.865,1.52006,1.52015,1.50,1.00
2015.11.17 10:51:12.317,1.52007,1.52017,1.12,1.87
2015.11.17 10:51:12.369,1.52009,1.52017,1.00,1.12
2015.11.17 10:51:12.894,1.5201,1.52018,1.50,1.12
2015.11.17 10:51:13.521,1.5201,1.52018,1.50,1.37
2015.11.17 10:51:18.828,1.52008,1.52018,4.50,1.50
2015.11.17 10:51:19.344,1.52008,1.52018,4.87,1.87
2015.11.17 10:51:19.862,1.52008,1.52018,4.50,3.37
2015.11.17 10:51:20.716,1.52008,1.52016,3.75,1.00
2015.11.17 10:51:21.530,1.52007,1.52013,1.37,1.00
2015.11.17 10:51:21.716,1.52001,1.5201,1.50,1.12
2015.11.17 10:51:21.919,1.52004,1.52013,1.00,1.50
2015.11.17 10:51:21.971,1.5201,1.52013,1.00,1.50
2015.11.17 10:51:22.123,1.52014,1.5202,1.00,1.37
2015.11.17 10:51:22.267,1.52014,1.52021,1.00,1.00
2015.11.17 10:51:22.623,1.52011,1.52018,1.87,1.00
2015.11.17 10:51:22.825,1.52011,1.5202,1.87,1.50
2015.11.17 10:51:23.707,1.52012,1.5202,1.00,1.00
2015.11.17 10:51:23.859,1.52013,1.52022,1.37,1.50
2015.11.17 10:51:24.215,1.52016,1.52022,1.00,1.00
2015.11.17 10:51:24.266,1.52014,1.52022,1.12,1.00
2015.11.17 10:51:24.789,1.52015,1.52022,1.00,1.00
2015.11.17 10:51:25.448,1.52013,1.52022,1.37,3.00
2015.11.17 10:51:28.107,1.52013,1.5202,1.37,1.00
2015.11.17 10:51:28.623,1.52013,1.5202,1.50,1.00
2015.11.17 10:51:29.130,1.52013,1.5202,1.50,1.00
2015.11.17 10:51:29.636,1.52013,1.52022,1.50,2.25
2015.11.17 10:51:30.512,1.52018,1.52022,1.00,1.87
2015.11.17 10:51:30.564,1.52013,1.52024,5.25,2.25
2015.11.17 10:51:30.666,1.5202,1.52027,1.00,1.50
2015.11.17 10:51:30.991,1.52022,1.52027,1.12,1.00
2015.11.17 10:51:31.042,1.52022,1.52031,1.12,1.12
2015.11.17 10:51:31.548,1.52022,1.5203,1.00,1.00
2015.11.17 10:51:31.599,1.52022,1.5203,3.75,1.00
2015.11.17 10:51:32.105,1.52021,1.5203,4.50,1.00
2015.11.17 10:51:33.867,1.52021,1.52027,3.75,1.00
2015.11.17 10:51:34.071,1.5202,1.52027,1.00,1.00
2015.11.17 10:51:34.529,1.52018,1.52025,1.50,1.00
2015.11.17 10:51:34.630,1.52018,1.52027,1.87,1.00
2015.11.17 10:51:35.135,1.52018,1.52027,1.12,1.50
2015.11.17 10:51:35.389,1.52017,1.52025,1.50,1.00
2015.11.17 10:51:35.694,1.52013,1.52021,1.12,1.00
2015.11.17 10:51:38.767,1.52012,1.52019,1.50,1.00
2015.11.17 10:51:39.301,1.5201,1.52016,4.87,1.00
2015.11.17 10:51:39.554,1.52,1.5201,5.62,1.00
2015.11.17 10:51:39.859,1.52004,1.52011,1.00,1.12
2015.11.17 10:51:40.180,1.52004,1.52012,4.50,1.37
2015.11.17 10:51:40.281,1.52004,1.52013,4.50,1.12
2015.11.17 10:51:41.574,1.52004,1.52013,4.50,1.37
2015.11.17 10:51:42.080,1.52006,1.52015,1.50,2.62
2015.11.17 10:51:42.181,1.52008,1.52014,1.00,1.00
2015.11.17 10:51:42.283,1.52008,1.52017,2.25,1.00
2015.11.17 10:51:42.334,1.52012,1.52018,1.37,1.12
2015.11.17 10:51:42.658,1.52014,1.52021,1.37,1.75
2015.11.17 10:51:42.962,1.52014,1.52022,1.37,1.87
2015.11.17 10:51:43.620,1.52013,1.52021,3.75,1.00
2015.11.17 10:51:44.121,1.52014,1.52021,3.75,1.00
2015.11.17 10:51:44.677,1.52015,1.52022,1.50,1.12
2015.11.17 10:51:49.069,1.52016,1.52023,1.50,1.00
2015.11.17 10:51:49.273,1.52017,1.52025,4.50,1.50
2015.11.17 10:51:49.837,1.52016,1.52024,4.50,1.87
2015.11.17 10:51:50.351,1.52016,1.52023,4.50,1.00
2015.11.17 10:51:50.853,1.52016,1.52022,3.75,1.00
2015.11.17 10:51:55.288,1.52016,1.52023,3.75,1.00
2015.11.17 10:51:55.844,1.52018,1.52024,1.12,1.50
2015.11.17 10:51:56.148,1.52023,1.5203,1.00,1.50
2015.11.17 10:51:56.451,1.52024,1.52031,3.75,1.87
2015.11.17 10:51:56.604,1.52024,1.52031,3.75,1.12
2015.11.17 10:51:57.937,1.52024,1.5203,3.75,1.00
2015.11.17 10:51:58.090,1.52022,1.52024,6.75,1.00
2015.11.17 10:51:58.293,1.52016,1.5202,1.00,1.00
2015.11.17 10:51:58.818,1.52014,1.52021,3.75,1.00
2015.11.17 10:51:59.325,1.52015,1.52022,1.50,1.00
2015.11.17 10:51:59.528,1.52015,1.52024,1.50,2.25
2015.11.17 10:52:00.716,1.52016,1.52024,4.50,1.00
2015.11.17 10:52:01.121,1.52022,1.52028,1.00,1.00
2015.11.17 10:52:01.203,1.52019,1.52027,1.50,1.00
2015.11.17 10:52:01.254,1.52022,1.52029,1.37,1.00
2015.11.17 10:52:01.761,1.52022,1.5203,1.50,1.00
2015.11.17 10:52:05.926,1.52021,1.52028,3.75,1.00
2015.11.17 10:52:06.189,1.52022,1.5203,1.50,1.50
2015.11.17 10:52:09.556,1.52023,1.52031,1.12,1.00
2015.11.17 10:52:09.607,1.52023,1.52031,4.50,1.00
2015.11.17 10:52:10.145,1.52023,1.5203,3.75,1.00
2015.11.17 10:52:10.630,1.52025,1.52032,1.12,1.00
2015.11.17 10:52:10.834,1.52026,1.5203,1.00,1.00
2015.11.17 10:52:15.559,1.52026,1.52031,1.00,1.00
2015.11.17 10:52:17.889,1.52026,1.52032,1.00,1.12
2015.11.17 10:52:20.942,1.52026,1.52033,1.00,1.00
2015.11.17 10:52:23.245,1.52026,1.52034,1.00,1.87
2015.11.17 10:52:23.549,1.52018,1.52023,3.75,1.50
2015.11.17 10:52:23.753,1.5201,1.52016,1.50,1.00
2015.11.17 10:52:24.146,1.52012,1.52019,1.00,2.25
2015.11.17 10:52:24.248,1.52013,1.52021,1.12,1.50
2015.11.17 10:52:24.350,1.52013,1.52021,4.50,1.00
2015.11.17 10:52:24.755,1.52015,1.52024,1.12,4.50
2015.11.17 10:52:25.275,1.52015,1.52024,1.50,3.00
2015.11.17 10:52:27.156,1.52016,1.52025,1.12,1.87
2015.11.17 10:52:27.460,1.52018,1.52025,1.00,1.12
2015.11.17 10:52:27.765,1.52024,1.52031,1.00,1.87
2015.11.17 10:52:27.868,1.52024,1.52032,1.00,1.00
2015.11.17 10:52:27.953,1.52024,1.52032,4.12,1.00
2015.11.17 10:52:28.966,1.52024,1.52033,4.50,1.87
2015.11.17 10:52:29.776,1.52024,1.52027,3.75,1.00
2015.11.17 10:52:29.827,1.52024,1.52028,3.37,1.00
2015.11.17 10:52:29.879,1.52022,1.52027,3.75,1.00
2015.11.17 10:52:29.981,1.52018,1.52027,5.25,1.00
2015.11.17 10:52:30.389,1.5202,1.52029,4.50,1.50
2015.11.17 10:52:35.852,1.5202,1.52027,3.75,1.00
2015.11.17 10:52:36.004,1.52022,1.52029,1.12,1.00
2015.11.17 10:52:36.512,1.52021,1.5203,4.50,1.00
2015.11.17 10:52:40.261,1.52021,1.52027,3.75,1.00
2015.11.17 10:52:40.312,1.52023,1.52029,1.12,1.00
2015.11.17 10:52:40.414,1.52021,1.52027,3.75,1.00
2015.11.17 10:52:40.922,1.52021,1.52028,4.50,1.00
2015.11.17 10:52:41.447,1.52021,1.52029,3.75,1.50
2015.11.17 10:52:42.955,1.52021,1.52028,3.37,1.00
2015.11.17 10:52:43.006,1.52019,1.52028,1.12,1.00
2015.11.17 10:52:43.259,1.52019,1.52026,1.12,1.00
2015.11.17 10:52:43.411,1.52017,1.52026,2.25,1.00
2015.11.17 10:52:43.513,1.52017,1.52024,1.12,1.00
2015.11.17 10:52:43.845,1.52014,1.52021,1.00,1.37
2015.11.17 10:52:44.352,1.52013,1.52021,1.00,1.37
2015.11.17 10:52:45.078,1.52012,1.52021,1.12,1.37
2015.11.17 10:52:45.597,1.52012,1.52021,1.50,1.00
2015.11.17 10:53:01.605,1.52012,1.52021,1.00,4.50
2015.11.17 10:53:02.567,1.52013,1.52021,1.00,4.50
2015.11.17 10:53:02.686,1.52013,1.52021,1.00,1.00
2015.11.17 10:53:03.195,1.52013,1.52023,1.00,1.50
2015.11.17 10:53:03.602,1.52016,1.52023,1.00,1.50
2015.11.17 10:53:03.704,1.52014,1.52024,1.00,5.62
2015.11.17 10:53:03.755,1.52011,1.52018,5.25,1.00
2015.11.17 10:53:04.064,1.52002,1.52008,1.00,1.37
2015.11.17 10:53:04.115,1.52005,1.52008,1.00,4.12
2015.11.17 10:53:04.217,1.5201,1.52013,1.00,1.00
2015.11.17 10:53:04.371,1.52012,1.5202,1.00,4.87
2015.11.17 10:53:04.524,1.52014,1.52021,1.00,1.12
2015.11.17 10:53:04.576,1.52012,1.52021,1.00,1.12
2015.11.17 10:53:04.627,1.52012,1.52019,1.50,1.00
2015.11.17 10:53:05.046,1.52014,1.52021,1.00,1.12
2015.11.17 10:53:05.579,1.52014,1.52023,1.00,2.25
2015.11.17 10:53:06.554,1.52014,1.52021,1.00,1.00
2015.11.17 10:53:06.606,1.52012,1.52021,1.87,1.00
2015.11.17 10:53:07.113,1.52013,1.5202,1.00,1.00
2015.11.17 10:53:07.640,1.52012,1.5202,1.00,1.00
2015.11.17 10:53:08.502,1.52014,1.5202,1.00,1.00
2015.11.17 10:53:09.010,1.52013,1.5202,1.00,1.00
2015.11.17 10:53:09.515,1.52013,1.52021,1.00,1.12
2015.11.17 10:53:10.021,1.52014,1.52021,1.00,1.12
2015.11.17 10:53:10.125,1.52013,1.52023,1.50,3.37
2015.11.17 10:53:10.632,1.52014,1.52023,1.00,3.00
2015.11.17 10:53:11.443,1.52014,1.52022,1.00,1.00
2015.11.17 10:53:12.116,1.52015,1.52022,1.00,1.00
2015.11.17 10:53:12.369,1.52017,1.52024,1.00,3.75
2015.11.17 10:53:12.470,1.52018,1.52026,1.00,3.75
2015.11.17 10:53:12.573,1.52019,1.52027,1.12,1.12
2015.11.17 10:53:12.776,1.52021,1.52029,1.00,1.12
2015.11.17 10:53:13.300,1.5202,1.52029,1.00,1.12
2015.11.17 10:53:13.958,1.52019,1.52026,1.12,1.00
2015.11.17 10:53:14.464,1.52019,1.52027,1.00,1.00
2015.11.17 10:53:15.000,1.5202,1.52029,1.00,2.25
2015.11.17 10:53:15.506,1.52019,1.52029,1.00,2.25
2015.11.17 10:53:16.024,1.52018,1.52026,1.12,1.00
2015.11.17 10:53:16.328,1.52015,1.52022,1.37,1.00
2015.11.17 10:53:16.834,1.52015,1.52022,1.50,1.87
2015.11.17 10:53:17.591,1.52015,1.52022,1.00,1.87
2015.11.17 10:53:18.150,1.52017,1.52022,1.00,1.37
2015.11.17 10:53:18.302,1.52017,1.52024,1.00,1.50
2015.11.17 10:53:18.430,1.52017,1.52026,1.12,1.50
2015.11.17 10:53:18.937,1.52017,1.52026,1.00,1.50
2015.11.17 10:53:18.988,1.52017,1.52024,1.00,1.00
2015.11.17 10:53:20.319,1.52017,1.52025,1.00,1.00
2015.11.17 10:53:20.624,1.52018,1.52027,1.00,1.87
2015.11.17 10:53:20.829,1.52017,1.52025,1.12,1.00
2015.11.17 10:53:21.333,1.52017,1.52024,1.00,1.00
2015.11.17 10:53:22.885,1.52017,1.52025,1.00,1.12
2015.11.17 10:53:23.190,1.5202,1.52028,1.00,3.75
2015.11.17 10:53:23.292,1.52022,1.52029,1.00,2.25
2015.11.17 10:53:23.813,1.52021,1.5203,1.50,1.12
2015.11.17 10:53:24.319,1.52021,1.52027,1.00,1.00
2015.11.17 10:53:24.522,1.52017,1.52026,5.25,1.00
2015.11.17 10:53:24.629,1.52016,1.52025,2.25,1.12
2015.11.17 10:53:24.680,1.52016,1.52023,1.12,1.00
2015.11.17 10:53:24.984,1.52016,1.52023,1.00,4.50
2015.11.17 10:53:25.389,1.52013,1.52023,1.12,4.87
2015.11.17 10:53:26.531,1.52013,1.52022,1.00,1.12
2015.11.17 10:53:28.195,1.52014,1.52023,1.00,1.50
2015.11.17 10:53:29.219,1.52015,1.52024,1.00,5.25
2015.11.17 10:53:29.372,1.52017,1.52024,1.00,1.37
2015.11.17 10:53:29.525,1.52017,1.52025,1.00,1.00
2015.11.17 10:53:30.031,1.52017,1.52026,1.50,1.00
2015.11.17 10:53:30.541,1.52017,1.52025,1.00,1.12
2015.11.17 10:53:30.996,1.52017,1.52023,1.00,1.00
2015.11.17 10:53:32.010,1.52016,1.52023,1.00,1.00
2015.11.17 10:53:32.569,1.52015,1.52023,1.12,1.00
2015.11.17 10:53:33.095,1.52015,1.52025,1.12,1.12
2015.11.17 10:53:34.737,1.52015,1.52024,1.12,1.00
2015.11.17 10:53:34.960,1.52014,1.52022,1.00,1.00
2015.11.17 10:53:36.803,1.52014,1.52021,1.00,1.00
2015.11.17 10:53:37.309,1.52015,1.52021,1.00,1.00
2015.11.17 10:53:37.856,1.52014,1.52021,1.00,1.00
2015.11.17 10:53:38.211,1.52016,1.52021,1.00,1.00
2015.11.17 10:53:38.465,1.52014,1.52021,1.00,1.00
2015.11.17 10:53:39.044,1.52013,1.52022,1.00,2.25
2015.11.17 10:53:39.550,1.52014,1.52022,1.00,1.50
2015.11.17 10:53:40.056,1.52013,1.52022,1.00,2.25
2015.11.17 10:53:40.595,1.52014,1.52022,1.00,1.50
2015.11.17 10:53:44.632,1.52013,1.52022,1.00,2.25
2015.11.17 10:53:49.957,1.52014,1.52023,1.00,5.25
2015.11.17 10:53:50.008,1.52015,1.52023,1.00,1.87
2015.11.17 10:53:50.280,1.52017,1.52024,1.00,1.00
2015.11.17 10:53:50.381,1.52017,1.52026,1.00,1.50
2015.11.17 10:53:50.903,1.52017,1.52025,1.12,1.12
2015.11.17 10:53:51.804,1.52017,1.52024,1.87,1.00
2015.11.17 10:53:52.518,1.52018,1.52025,1.00,1.12
2015.11.17 10:53:53.041,1.52017,1.52025,1.12,1.12
2015.11.17 10:53:56.534,1.52016,1.52023,2.25,1.00
2015.11.17 10:53:57.077,1.52016,1.52024,1.00,1.00
2015.11.17 10:53:57.920,1.52015,1.52022,2.25,1.00
2015.11.17 10:53:58.254,1.52013,1.5202,1.75,1.37
2015.11.17 10:53:58.371,1.52013,1.5202,1.00,1.37
2015.11.17 10:53:59.572,1.52014,1.52021,1.00,4.50
2015.11.17 10:53:59.879,1.52012,1.52021,1.00,3.75
2015.11.17 10:54:01.201,1.52013,1.52021,1.00,3.75
2015.11.17 10:54:02.624,1.52012,1.52021,1.00,3.75
2015.11.17 10:54:04.661,1.52011,1.52021,1.12,4.50
2015.11.17 10:54:06.299,1.52012,1.52021,1.00,4.50
2015.11.17 10:54:06.452,1.52012,1.52021,1.12,1.00
2015.11.17 10:54:06.958,1.52012,1.52022,1.12,1.12
2015.11.17 10:54:12.628,1.52011,1.52021,1.50,1.00
2015.11.17 10:54:17.095,1.52011,1.52021,1.00,1.50
2015.11.17 10:54:20.684,1.52011,1.52021,1.12,1.12
2015.11.17 10:54:22.942,1.5201,1.5202,2.25,1.00
2015.11.17 10:54:23.245,1.5201,1.52018,1.50,1.00
2015.11.17 10:54:23.868,1.5201,1.52017,1.00,1.00
2015.11.17 10:54:24.173,1.52008,1.52012,1.00,1.12
2015.11.17 10:54:24.478,1.52008,1.52009,1.00,1.00
2015.11.17 10:54:24.612,1.52008,1.52013,1.00,4.50
2015.11.17 10:54:24.664,1.52007,1.52013,1.00,1.12
2015.11.17 10:54:25.173,1.52007,1.52014,2.62,1.00
2015.11.17 10:54:25.780,1.52006,1.52013,1.50,1.00
2015.11.17 10:54:26.032,1.52003,1.52013,3.00,1.50
2015.11.17 10:54:26.083,1.52003,1.52011,3.00,1.00
2015.11.17 10:54:28.167,1.52003,1.5201,2.62,1.00
2015.11.17 10:54:28.471,1.52003,1.52008,1.87,1.00
2015.11.17 10:54:29.100,1.52001,1.52008,1.87,1.00
2015.11.17 10:54:29.607,1.52002,1.52007,1.12,1.00
2015.11.17 10:54:31.716,1.52002,1.52008,1.00,1.00
2015.11.17 10:54:32.595,1.52,1.52008,2.62,1.00
2015.11.17 10:54:33.222,1.52,1.52009,2.62,1.00
2015.11.17 10:54:33.754,1.52,1.52008,2.62,1.00
2015.11.17 10:54:37.721,1.52003,1.52008,1.00,1.00
2015.11.17 10:54:38.025,1.52007,1.52014,1.00,4.12
2015.11.17 10:54:38.076,1.52007,1.52014,1.12,1.00
2015.11.17 10:54:38.595,1.52007,1.52015,1.87,1.00
2015.11.17 10:54:41.727,1.52006,1.52014,1.00,1.50
2015.11.17 10:54:41.828,1.52004,1.52012,1.12,1.00
2015.11.17 10:54:42.133,1.52002,1.5201,1.75,1.00
2015.11.17 10:54:42.502,1.52002,1.5201,1.00,1.00
2015.11.17 10:54:43.008,1.52001,1.52009,1.50,1.00
2015.11.17 10:54:43.515,1.52001,1.5201,1.50,1.50
2015.11.17 10:54:44.767,1.52001,1.52011,2.25,1.50
2015.11.17 10:54:45.291,1.52001,1.52011,2.25,1.87
2015.11.17 10:54:46.649,1.52001,1.5201,2.25,1.00
2015.11.17 10:54:47.680,1.52003,1.5201,1.00,1.00
2015.11.17 10:54:48.135,1.52006,1.52013,1.00,5.25
2015.11.17 10:54:48.186,1.52006,1.52013,1.00,1.12
2015.11.17 10:54:48.288,1.52006,1.52016,1.50,2.25
2015.11.17 10:54:48.522,1.52008,1.52016,1.00,2.25
2015.11.17 10:54:48.776,1.52009,1.52017,1.00,1.12
2015.11.17 10:54:49.285,1.52009,1.52017,1.00,1.50
2015.11.17 10:54:50.196,1.52006,1.52015,1.50,1.00
2015.11.17 10:54:50.298,1.52005,1.52014,1.12,1.12
2015.11.17 10:54:50.400,1.52004,1.52013,1.00,4.50
2015.11.17 10:54:51.218,1.52004,1.52012,1.50,1.00
2015.11.17 10:54:51.269,1.52004,1.52014,1.50,1.50
2015.11.17 10:54:51.792,1.52005,1.52014,1.00,1.00
2015.11.17 10:54:52.299,1.52004,1.52013,1.00,1.50
2015.11.17 10:54:53.703,1.52004,1.52012,1.00,1.50
2015.11.17 10:54:58.516,1.52006,1.52013,1.00,1.12
2015.11.17 10:54:59.747,1.52007,1.52015,1.00,5.25
2015.11.17 10:54:59.949,1.52007,1.52015,1.00,1.87
2015.11.17 10:55:01.056,1.52007,1.52015,1.00,1.50
2015.11.17 10:55:01.810,1.52005,1.52014,1.87,1.12
2015.11.17 10:55:01.912,1.52004,1.52012,1.12,1.00
2015.11.17 10:55:02.217,1.51999,1.52006,1.87,1.00
2015.11.17 10:55:02.471,1.51993,1.52003,4.87,1.50
2015.11.17 10:55:02.573,1.51993,1.52002,1.00,1.87
2015.11.17 10:55:03.074,1.51992,1.52002,1.50,6.00
2015.11.17 10:55:06.751,1.51995,1.52002,1.00,5.25
2015.11.17 10:55:06.854,1.51995,1.52004,1.00,4.50
2015.11.17 10:55:07.310,1.51997,1.52004,1.00,3.75
2015.11.17 10:55:07.619,1.51999,1.52007,1.00,2.25
2015.11.17 10:55:08.737,1.51997,1.52006,1.50,1.12
2015.11.17 10:55:08.838,1.51996,1.52006,1.87,4.50
2015.11.17 10:55:09.351,1.51996,1.52005,1.00,3.75
2015.11.17 10:55:10.756,1.51995,1.52005,1.50,4.50
2015.11.17 10:55:11.162,1.51994,1.52002,1.87,3.75
2015.11.17 10:55:11.684,1.51993,1.52001,1.00,4.50
2015.11.17 10:55:12.213,1.51993,1.52003,1.50,1.50
2015.11.17 10:55:12.365,1.51996,1.52004,1.00,4.50
2015.11.17 10:55:12.618,1.51996,1.52004,1.00,1.12
2015.11.17 10:55:12.921,1.51998,1.52006,1.00,4.12
2015.11.17 10:55:13.225,1.52,1.52009,1.50,1.50
2015.11.17 10:55:13.750,1.52001,1.52009,1.00,1.50
2015.11.17 10:55:16.583,1.52,1.5201,1.50,4.50
2015.11.17 10:55:18.620,1.52001,1.5201,1.00,4.50
2015.11.17 10:55:19.125,1.52,1.5201,2.62,4.50
2015.11.17 10:55:19.626,1.52002,1.5201,1.00,3.75
2015.11.17 10:55:20.648,1.52001,1.5201,1.12,3.75
2015.11.17 10:55:22.319,1.52001,1.5201,1.37,3.75
2015.11.17 10:55:22.724,1.52,1.5201,1.87,4.50
2015.11.17 10:55:23.175,1.52001,1.52011,1.50,3.00
2015.11.17 10:55:23.682,1.52002,1.52011,1.00,1.00
2015.11.17 10:55:25.411,1.52004,1.52011,1.00,1.00
2015.11.17 10:55:25.614,1.52006,1.52016,2.25,4.50
2015.11.17 10:55:25.792,1.52007,1.52017,3.75,1.00
2015.11.17 10:55:26.100,1.52008,1.52018,1.50,1.50
2015.11.17 10:55:28.041,1.52009,1.52017,1.12,1.00
2015.11.17 10:55:28.412,1.52006,1.52015,1.12,1.87
2015.11.17 10:55:30.842,1.52006,1.52015,1.50,1.00
2015.11.17 10:55:34.264,1.52005,1.52014,5.25,1.00
2015.11.17 10:55:35.075,1.52005,1.52013,4.50,1.00
2015.11.17 10:55:35.279,1.52003,1.52013,5.25,1.50
2015.11.17 10:55:35.427,1.52004,1.52011,1.00,1.00
2015.11.17 10:55:35.580,1.52002,1.52011,1.12,1.00
2015.11.17 10:55:36.091,1.52002,1.5201,1.00,1.12
2015.11.17 10:55:36.597,1.52002,1.52009,1.00,1.00
2015.11.17 10:55:37.138,1.52,1.52008,4.50,1.00
2015.11.17 10:55:37.492,1.52,1.52008,1.12,1.00
2015.11.17 10:55:39.337,1.51998,1.52007,4.12,1.50
2015.11.17 10:55:39.490,1.51997,1.52007,3.00,1.50
2015.11.17 10:55:39.541,1.51997,1.52005,1.50,1.00
2015.11.17 10:55:39.694,1.51996,1.52004,1.87,1.00
2015.11.17 10:55:43.501,1.51997,1.52005,1.00,1.00
2015.11.17 10:55:43.603,1.51997,1.52007,1.50,1.00
2015.11.17 10:55:43.654,1.52,1.52008,1.00,1.12
2015.11.17 10:55:43.958,1.52001,1.52009,1.87,1.00
2015.11.17 10:55:44.321,1.52001,1.52011,1.87,1.00
2015.11.17 10:55:44.474,1.52003,1.52013,1.87,1.37
2015.11.17 10:55:44.809,1.52006,1.52013,1.00,1.00
2015.11.17 10:55:45.316,1.52005,1.52013,1.12,1.12
2015.11.17 10:55:45.619,1.52003,1.52011,5.25,1.00
2015.11.17 10:55:45.772,1.52002,1.5201,1.00,1.50
2015.11.17 10:55:46.782,1.52,1.5201,1.37,2.62
2015.11.17 10:55:47.136,1.52,1.52007,1.37,1.00
2015.11.17 10:55:47.448,1.51998,1.52004,1.00,1.12
2015.11.17 10:55:47.550,1.51994,1.52004,4.87,1.12
2015.11.17 10:55:48.057,1.51994,1.52003,3.75,1.00
2015.11.17 10:55:48.209,1.51994,1.52001,3.75,1.00
2015.11.17 10:55:48.310,1.51992,1.51999,1.50,1.00
2015.11.17 10:55:48.513,1.51991,1.51999,1.12,1.00
2015.11.17 10:55:49.357,1.5199,1.52,2.62,1.50
2015.11.17 10:55:49.926,1.51991,1.51999,1.12,1.00
2015.11.17 10:55:50.534,1.5199,1.51997,1.37,1.00
2015.11.17 10:55:50.687,1.51989,1.51997,1.00,1.00
2015.11.17 10:55:50.738,1.51994,1.51998,1.00,1.12
2015.11.17 10:55:50.842,1.51995,1.52002,1.00,4.50
2015.11.17 10:55:50.893,1.51998,1.52003,1.00,3.75
2015.11.17 10:55:50.994,1.51997,1.52006,2.25,1.87
2015.11.17 10:55:51.522,1.51996,1.52005,3.75,2.62
2015.11.17 10:55:51.623,1.51995,1.52005,1.87,3.00
2015.11.17 10:55:51.776,1.51996,1.52003,1.00,1.00
2015.11.17 10:55:52.544,1.51995,1.52003,1.12,1.00
2015.11.17 10:55:52.848,1.51993,1.52001,6.00,1.00
2015.11.17 10:55:52.899,1.51993,1.52001,1.12,1.00
2015.11.17 10:55:53.204,1.51991,1.51999,1.87,1.00
2015.11.17 10:55:54.719,1.5199,1.51999,2.62,1.00
2015.11.17 10:55:55.169,1.51992,1.52,1.75,2.62
2015.11.17 10:55:55.271,1.51992,1.52002,1.87,1.87
2015.11.17 10:55:55.885,1.51992,1.52001,1.12,1.00
2015.11.17 10:55:58.094,1.51992,1.52001,1.00,1.00
2015.11.17 10:55:58.702,1.51992,1.52,1.00,1.00
2015.11.17 10:55:58.803,1.51992,1.51998,1.00,1.00
2015.11.17 10:55:59.209,1.51992,1.52,1.50,1.12
2015.11.17 10:55:59.717,1.51993,1.52001,1.00,1.00
2015.11.17 10:56:07.643,1.51993,1.52002,1.50,1.00
2015.11.17 10:56:09.024,1.51993,1.52001,1.50,1.00
2015.11.17 10:56:10.371,1.51993,1.52002,1.00,2.25
2015.11.17 10:56:14.428,1.51993,1.52001,1.00,1.00
2015.11.17 10:56:14.936,1.51993,1.52002,1.00,2.25
2015.11.17 10:56:17.219,1.51993,1.52002,1.12,3.00
2015.11.17 10:56:25.120,1.51992,1.52001,1.00,1.00
2015.11.17 10:56:25.645,1.51992,1.52002,1.37,2.62
2015.11.17 10:56:29.833,1.51994,1.52002,1.00,2.62
2015.11.17 10:56:30.086,1.51994,1.52004,1.50,1.50
2015.11.17 10:56:36.027,1.51995,1.52005,1.00,6.00
2015.11.17 10:56:41.249,1.51994,1.52004,1.87,1.50
2015.11.17 10:56:41.762,1.51994,1.52002,1.00,1.12
2015.11.17 10:56:42.015,1.51994,1.52001,1.00,1.87
2015.11.17 10:56:43.204,1.51991,1.52,1.87,1.12
2015.11.17 10:56:45.023,1.51991,1.51999,1.87,1.00
2015.11.17 10:56:45.767,1.51991,1.52001,1.37,1.87
2015.11.17 10:56:48.573,1.51993,1.52001,1.50,1.00
2015.11.17 10:56:48.778,1.51993,1.52003,1.50,1.12
2015.11.17 10:56:49.285,1.51994,1.52004,1.12,1.87
2015.11.17 10:56:49.805,1.51993,1.52003,2.62,1.50
2015.11.17 10:56:50.613,1.51993,1.52004,2.62,1.12
2015.11.17 10:56:50.816,1.51993,1.52002,3.37,1.00
2015.11.17 10:56:51.339,1.51993,1.52001,1.00,1.12
2015.11.17 10:56:59.841,1.51991,1.52,5.25,1.00
2015.11.17 10:57:01.211,1.51991,1.52001,6.00,1.12
2015.11.17 10:57:01.663,1.51997,1.52002,1.00,1.37
2015.11.17 10:57:01.714,1.51995,1.52003,1.00,3.75
2015.11.17 10:57:01.765,1.51995,1.52005,4.87,4.50
2015.11.17 10:57:01.816,1.51996,1.52005,1.37,1.87
2015.11.17 10:57:01.967,1.51997,1.52005,4.50,1.00
2015.11.17 10:57:02.490,1.51997,1.52006,4.50,1.00
2015.11.17 10:57:03.047,1.51997,1.52006,1.37,1.00
2015.11.17 10:57:03.553,1.51997,1.52006,1.00,1.00
2015.11.17 10:57:04.150,1.51997,1.52007,1.00,3.00
2015.11.17 10:57:04.656,1.51997,1.52006,1.00,1.12
2015.11.17 10:57:05.273,1.51997,1.52006,3.75,1.00
2015.11.17 10:57:05.780,1.51997,1.52005,3.75,1.00
2015.11.17 10:57:06.083,1.51997,1.52007,5.25,2.62
2015.11.17 10:57:06.617,1.51997,1.52006,4.50,1.00
2015.11.17 10:57:07.123,1.51997,1.52007,5.25,1.87
2015.11.17 10:57:07.453,1.52,1.52008,4.12,1.00
2015.11.17 10:57:08.002,1.52002,1.52009,1.12,1.00
2015.11.17 10:57:08.509,1.52001,1.5201,3.00,1.00
2015.11.17 10:57:10.332,1.52001,1.52009,3.00,1.00
2015.11.17 10:57:12.698,1.52,1.52008,3.75,1.00
2015.11.17 10:57:12.945,1.51998,1.52005,1.50,1.00
2015.11.17 10:57:13.351,1.51996,1.52005,1.50,1.50
2015.11.17 10:57:14.354,1.51994,1.52003,5.25,1.00
2015.11.17 10:57:14.557,1.51993,1.52001,1.87,1.00
2015.11.17 10:57:15.064,1.51993,1.52,1.12,1.00
2015.11.17 10:57:15.807,1.51992,1.52001,1.37,1.00
2015.11.17 10:57:16.313,1.51992,1.52,1.37,1.00
2015.11.17 10:57:16.832,1.51992,1.51999,1.37,1.00
2015.11.17 10:57:17.302,1.51992,1.52001,1.37,1.00
2015.11.17 10:57:17.403,1.51992,1.51999,1.37,1.00
2015.11.17 10:57:18.090,1.51992,1.52001,1.37,1.00
2015.11.17 10:57:18.596,1.51994,1.52001,1.00,1.00
2015.11.17 10:57:19.227,1.51994,1.52,1.00,1.00
2015.11.17 10:57:23.757,1.51992,1.52001,1.12,1.00
2015.11.17 10:57:24.279,1.51993,1.52002,1.50,1.87
2015.11.17 10:57:24.785,1.51994,1.52002,1.50,1.12
2015.11.17 10:57:25.425,1.51994,1.52003,1.50,1.12
2015.11.17 10:57:25.950,1.51994,1.52002,1.50,1.00
2015.11.17 10:57:27.604,1.51994,1.52003,1.87,1.12
2015.11.17 10:57:29.118,1.51994,1.52004,1.12,1.50
2015.11.17 10:57:31.992,1.51994,1.52002,1.50,1.00
2015.11.17 10:57:32.527,1.51995,1.52003,1.00,1.12
2015.11.17 10:57:33.033,1.51994,1.52004,1.12,2.25
2015.11.17 10:57:33.570,1.51995,1.52004,1.12,1.50
2015.11.17 10:57:33.672,1.51997,1.52004,1.00,1.37
2015.11.17 10:57:33.723,1.51998,1.52006,1.00,2.25
2015.11.17 10:57:34.228,1.51997,1.52007,3.00,1.50
2015.11.17 10:57:34.599,1.51998,1.52005,1.00,1.00
2015.11.17 10:57:35.105,1.51997,1.52006,1.00,1.00
2015.11.17 10:57:35.460,1.51999,1.52007,1.00,1.87
2015.11.17 10:57:35.662,1.51999,1.52008,1.00,2.25
2015.11.17 10:57:36.033,1.52,1.52009,4.50,3.00
2015.11.17 10:57:36.642,1.52003,1.5201,1.00,1.00
2015.11.17 10:57:37.164,1.52002,1.5201,1.12,1.12
2015.11.17 10:57:39.406,1.52001,1.52009,1.37,1.00
2015.11.17 10:57:39.508,1.52,1.52007,4.50,1.00
2015.11.17 10:57:39.744,1.51999,1.52007,1.12,1.00
2015.11.17 10:57:41.412,1.51998,1.52006,2.25,1.00
2015.11.17 10:57:41.918,1.51999,1.52007,1.00,1.00
2015.11.17 10:57:43.128,1.51998,1.52007,1.00,1.50
2015.11.17 10:57:45.519,1.51998,1.52006,1.00,1.00
2015.11.17 10:57:45.570,1.51998,1.52004,1.00,1.00
2015.11.17 10:57:45.722,1.51995,1.52003,1.00,2.62
2015.11.17 10:57:45.975,1.51993,1.52002,1.75,4.50
2015.11.17 10:57:46.329,1.51993,1.52002,1.12,5.25
2015.11.17 10:57:48.711,1.51994,1.52002,1.00,5.25
2015.11.17 10:57:49.116,1.51991,1.52001,1.37,1.37
2015.11.17 10:57:49.910,1.51991,1.51999,1.37,1.00
2015.11.17 10:57:50.113,1.51992,1.52001,1.87,1.00
2015.11.17 10:57:50.618,1.51992,1.52,1.87,1.00
2015.11.17 10:57:50.921,1.51993,1.52002,1.00,1.87
2015.11.17 10:57:51.760,1.51992,1.52002,1.87,2.25
2015.11.17 10:57:52.633,1.51994,1.52001,1.00,1.00
2015.11.17 10:57:52.684,1.51992,1.52002,1.12,2.25
2015.11.17 10:57:55.224,1.51991,1.52001,2.25,1.00
2015.11.17 10:57:55.764,1.51993,1.52001,1.00,1.00
2015.11.17 10:57:56.270,1.51991,1.52001,2.25,1.00
2015.11.17 10:57:57.278,1.51993,1.52,1.00,1.00
2015.11.17 10:57:57.431,1.51992,1.52002,1.12,3.75
2015.11.17 10:57:58.139,1.51994,1.52001,1.00,1.00
2015.11.17 10:57:58.241,1.51992,1.52002,1.12,3.00
2015.11.17 10:57:58.649,1.51994,1.52002,1.00,1.87
2015.11.17 10:57:59.307,1.51993,1.52002,1.00,2.62
2015.11.17 10:57:59.611,1.51996,1.52004,1.00,5.25
2015.11.17 10:58:00.134,1.51995,1.52003,1.00,1.50
2015.11.17 10:58:00.641,1.51996,1.52005,1.00,4.50
2015.11.17 10:58:00.995,1.51998,1.52006,1.00,1.87
2015.11.17 10:58:01.046,1.52001,1.52007,1.00,3.00
2015.11.17 10:58:01.250,1.52002,1.5201,1.00,4.12
2015.11.17 10:58:01.301,1.52002,1.5201,1.12,1.12
2015.11.17 10:58:01.352,1.52004,1.5201,1.00,1.12
2015.11.17 10:58:01.870,1.52003,1.5201,1.00,1.00
2015.11.17 10:58:02.274,1.52003,1.52012,1.00,1.50
2015.11.17 10:58:06.429,1.52002,1.52012,1.87,2.25
2015.11.17 10:58:07.692,1.52002,1.5201,1.00,1.00
2015.11.17 10:58:08.038,1.51995,1.52004,1.75,1.12
2015.11.17 10:58:08.089,1.51995,1.52003,1.00,1.00
2015.11.17 10:58:08.596,1.51995,1.52002,1.50,1.00
2015.11.17 10:58:08.802,1.51993,1.52003,1.87,1.50
2015.11.17 10:58:09.345,1.51993,1.52002,1.50,1.00
2015.11.17 10:58:09.800,1.51993,1.52,1.87,1.00
2015.11.17 10:58:10.306,1.51993,1.52001,1.00,1.50
2015.11.17 10:58:11.925,1.51993,1.52,1.50,1.00
2015.11.17 10:58:12.331,1.51993,1.52002,1.00,2.25
2015.11.17 10:58:12.837,1.51994,1.52001,1.00,1.00
2015.11.17 10:58:13.354,1.51993,1.52002,1.50,1.50
2015.11.17 10:58:15.692,1.51994,1.52001,1.00,1.00
2015.11.17 10:58:16.195,1.51993,1.52001,1.00,1.00
2015.11.17 10:58:16.853,1.51993,1.52002,1.50,1.12
2015.11.17 10:58:17.056,1.51997,1.52004,1.00,5.25
2015.11.17 10:58:17.107,1.51994,1.52003,1.00,1.00
2015.11.17 10:58:17.479,1.51996,1.52004,1.00,2.25
2015.11.17 10:58:17.836,1.51998,1.52004,1.00,1.00
2015.11.17 10:58:18.343,1.51999,1.52005,1.00,1.00
2015.11.17 10:58:18.873,1.51997,1.52006,1.87,1.00
2015.11.17 10:58:19.177,1.51996,1.52004,5.62,1.00
2015.11.17 10:58:19.329,1.51996,1.52004,1.12,1.00
2015.11.17 10:58:19.835,1.51995,1.52003,1.00,1.00
2015.11.17 10:58:20.393,1.51994,1.52003,1.87,1.00
2015.11.17 10:58:20.545,1.51994,1.52001,1.12,1.00
2015.11.17 10:58:20.850,1.51992,1.52,1.87,1.00
2015.11.17 10:58:22.127,1.51992,1.52002,1.87,2.25
2015.11.17 10:58:22.532,1.51992,1.52,1.87,1.00
2015.11.17 10:58:23.652,1.51991,1.52,1.50,1.12
2015.11.17 10:58:27.842,1.51992,1.52,1.12,1.50
2015.11.17 10:58:29.005,1.51991,1.52001,1.50,1.50
2015.11.17 10:58:29.354,1.51991,1.51999,1.00,1.50
2015.11.17 10:58:29.862,1.51992,1.52,1.00,1.50
2015.11.17 10:58:32.249,1.51992,1.52001,1.00,1.50
2015.11.17 10:58:33.595,1.51993,1.52001,1.00,1.50
2015.11.17 10:58:34.659,1.51992,1.52001,1.00,1.12
2015.11.17 10:58:36.049,1.51992,1.52,1.00,1.00
2015.11.17 10:58:36.554,1.51991,1.52,1.50,1.00
2015.11.17 10:58:37.352,1.51991,1.52001,1.50,2.25
2015.11.17 10:58:41.649,1.51991,1.52001,2.25,1.87
2015.11.17 10:58:43.754,1.51991,1.52001,1.50,1.50
2015.11.17 10:58:44.844,1.51991,1.52001,2.25,1.50
2015.11.17 10:58:45.643,1.51992,1.51999,1.12,1.00
2015.11.17 10:58:45.745,1.51991,1.52001,2.25,2.25
2015.11.17 10:58:46.251,1.51992,1.52001,1.50,3.00
2015.11.17 10:58:46.757,1.51993,1.52002,1.12,1.00
2015.11.17 10:58:46.909,1.51996,1.52002,1.00,1.00
2015.11.17 10:58:47.246,1.51994,1.52002,1.00,1.50
2015.11.17 10:58:47.930,1.51993,1.52001,1.50,1.00
2015.11.17 10:58:48.641,1.51992,1.52002,3.00,1.50
2015.11.17 10:58:48.793,1.51992,1.52001,1.87,1.00
2015.11.17 10:58:51.938,1.51993,1.52002,1.00,2.25
2015.11.17 10:58:52.444,1.51992,1.52002,2.25,2.25
2015.11.17 10:58:52.949,1.51993,1.52002,1.00,2.25
2015.11.17 10:58:54.883,1.51993,1.52002,1.50,1.50
2015.11.17 10:58:55.617,1.51993,1.52001,1.00,1.00
2015.11.17 10:58:56.899,1.51992,1.52001,2.25,1.50
2015.11.17 10:58:59.868,1.51994,1.52001,1.00,1.12
2015.11.17 10:59:00.394,1.51993,1.52001,1.00,1.12
2015.11.17 10:59:00.907,1.51992,1.52001,1.50,1.50
2015.11.17 10:59:05.216,1.51991,1.52001,1.50,1.37
2015.11.17 10:59:09.548,1.51991,1.52001,4.87,1.12
2015.11.17 10:59:09.650,1.51991,1.52001,1.12,1.50
2015.11.17 10:59:10.156,1.51992,1.51999,1.00,1.00
2015.11.17 10:59:10.642,1.51991,1.52001,1.50,1.50
2015.11.17 10:59:14.415,1.51992,1.52001,1.00,1.12
2015.11.17 10:59:20.304,1.51997,1.52001,1.00,1.50
2015.11.17 10:59:20.355,1.51995,1.52001,1.12,1.00
2015.11.17 10:59:20.456,1.51996,1.52002,1.37,1.00
2015.11.17 10:59:20.558,1.51995,1.52002,1.00,1.00
2015.11.17 10:59:20.660,1.52,1.52003,1.00,1.00
2015.11.17 10:59:20.711,1.51998,1.52005,1.00,2.62
2015.11.17 10:59:20.762,1.52001,1.52005,1.00,1.87
2015.11.17 10:59:20.864,1.52001,1.52008,1.00,1.50
2015.11.17 10:59:21.348,1.52002,1.52009,1.12,1.00
2015.11.17 10:59:22.935,1.52003,1.52009,1.00,1.50
2015.11.17 10:59:27.977,1.52001,1.52009,1.50,1.00
2015.11.17 10:59:32.607,1.52001,1.52007,1.00,1.00
2015.11.17 10:59:33.113,1.52,1.52008,1.50,1.00
2015.11.17 10:59:33.633,1.52,1.52009,1.50,1.87
2015.11.17 10:59:49.153,1.52,1.52009,1.00,1.87
2015.11.17 10:59:49.658,1.52,1.52007,1.00,1.00
2015.11.17 10:59:50.021,1.51998,1.52006,1.00,1.50
2015.11.17 10:59:50.529,1.51997,1.52005,1.00,1.12
2015.11.17 10:59:51.144,1.52001,1.52005,1.00,1.12
2015.11.17 10:59:52.047,1.51999,1.52005,1.00,1.12
2015.11.17 10:59:52.098,1.51997,1.52005,1.00,1.12
2015.11.17 10:59:52.250,1.52001,1.52005,1.00,1.12
2015.11.17 10:59:52.351,1.51997,1.52005,2.25,1.87
2015.11.17 10:59:53.386,1.51998,1.52005,1.00,1.12
2015.11.17 10:59:53.487,1.51996,1.52004,1.00,1.00
2015.11.17 10:59:53.639,1.51994,1.52002,1.50,1.37
2015.11.17 10:59:54.159,1.51994,1.52001,1.00,1.87
2015.11.17 10:59:54.816,1.51993,1.52001,1.00,1.37
2015.11.17 10:59:55.070,1.51991,1.52,1.00,1.50
2015.11.17 10:59:55.586,1.5199,1.51998,1.50,1.50
2015.11.17 10:59:55.687,1.51993,1.51998,1.00,1.00
2015.11.17 10:59:56.193,1.51992,1.52,1.00,1.50
2015.11.17 10:59:57.177,1.51988,1.51994,3.75,1.00
2015.11.17 10:59:57.228,1.51988,1.51995,1.00,1.50
2015.11.17 10:59:57.330,1.51986,1.51993,1.87,1.00
2015.11.17 10:59:57.482,1.51984,1.51991,1.50,1.00
2015.11.17 10:59:58.003,1.51986,1.51992,1.00,1.12
2015.11.17 10:59:58.054,1.51984,1.51992,1.00,1.00
2015.11.17 10:59:58.106,1.51986,1.51993,1.00,1.50
2015.11.17 10:59:58.613,1.51987,1.51993,1.00,1.00
2015.11.17 10:59:59.586,1.51988,1.51994,1.00,1.50
