2013.06.27 22:00:00.010,1.52579,1.52592,0.75,0.19
2013.06.27 22:00:00.190,1.5258,1.5259,0.75,0.75
2013.06.27 22:00:00.550,1.5257,1.52592,0.38,0.19
2013.06.27 22:00:00.790,1.5257,1.52578,0.38,0.94
2013.06.27 22:00:01.150,1.5257,1.52577,0.38,0.94
2013.06.27 22:00:01.330,1.52564,1.52573,0.38,0.19
2013.06.27 22:00:01.389,1.52564,1.52572,0.38,0.94
2013.06.27 22:00:01.510,1.52564,1.52577,0.38,0.19
2013.06.27 22:00:01.810,1.52566,1.52588,0.19,0.38
2013.06.27 22:00:02.351,1.52567,1.52588,0.19,0.38
2013.06.27 22:00:02.891,1.52569,1.5259,0.38,0.75
2013.06.27 22:00:03.429,1.52569,1.52584,0.38,0.75
2013.06.27 22:00:03.610,1.5257,1.52586,0.19,0.75
2013.06.27 22:00:03.909,1.5257,1.52591,0.19,0.75
2013.06.27 22:00:03.969,1.52574,1.52591,0.38,0.75
2013.06.27 22:00:04.091,1.52574,1.52593,0.38,0.75
2013.06.27 22:00:04.330,1.52574,1.52584,0.38,0.19
2013.06.27 22:00:04.809,1.52574,1.52586,0.38,0.19
2013.06.27 22:00:06.120,1.52574,1.5259,0.38,0.19
2013.06.27 22:00:06.659,1.52575,1.5259,0.38,0.19
2013.06.27 22:00:07.229,1.52581,1.5259,0.15,0.19
2013.06.27 22:00:07.413,1.52581,1.52594,0.15,0.19
2013.06.27 22:00:08.309,1.52581,1.52592,0.15,0.19
2013.06.27 22:00:08.431,1.52581,1.52596,0.15,0.75
2013.06.27 22:00:08.835,1.52575,1.52588,0.38,0.19
2013.06.27 22:00:09.869,1.52575,1.52585,0.38,0.19
2013.06.27 22:00:10.049,1.52573,1.52585,0.38,0.19
2013.06.27 22:00:10.290,1.52573,1.52587,0.38,0.19
2013.06.27 22:00:10.410,1.52574,1.52599,0.19,0.19
2013.06.27 22:00:11.600,1.52573,1.52601,0.38,0.94
2013.06.27 22:00:13.129,1.52575,1.52601,0.38,0.94
2013.06.27 22:00:15.136,1.52581,1.52601,0.10,0.94
2013.06.27 22:00:15.440,1.52581,1.52599,0.10,0.19
2013.06.27 22:00:17.760,1.52581,1.52601,0.10,0.19
2013.06.27 22:00:19.140,1.52581,1.52602,0.10,0.19
2013.06.27 22:00:21.869,1.52581,1.52605,0.10,0.75
2013.06.27 22:00:28.799,1.52581,1.52599,0.10,0.75
2013.06.27 22:00:29.159,1.52581,1.52593,0.10,0.19
2013.06.27 22:00:29.842,1.52581,1.52592,0.10,0.19
2013.06.27 22:00:30.089,1.52575,1.52592,0.38,0.19
2013.06.27 22:00:30.212,1.52575,1.5259,0.38,0.75
2013.06.27 22:00:31.409,1.52574,1.5259,0.38,0.75
2013.06.27 22:00:33.969,1.52574,1.52588,0.38,0.19
2013.06.27 22:00:34.509,1.52581,1.52588,0.10,0.19
2013.06.27 22:00:37.087,1.52581,1.52591,0.10,0.19
2013.06.27 22:00:38.050,1.52581,1.52589,0.10,0.19
2013.06.27 22:00:41.201,1.52581,1.52588,0.10,0.19
2013.06.27 22:00:42.212,1.52574,1.52588,0.38,0.19
2013.06.27 22:00:42.281,1.52581,1.52594,0.10,0.75
2013.06.27 22:00:42.970,1.52574,1.52594,0.38,0.75
2013.06.27 22:00:46.430,1.52574,1.52592,0.38,0.94
2013.06.27 22:00:46.789,1.52573,1.52585,0.38,0.19
2013.06.27 22:00:47.030,1.52573,1.5259,0.38,0.75
2013.06.27 22:00:48.590,1.52573,1.52592,0.38,0.19
2013.06.27 22:00:50.329,1.52573,1.52591,0.38,0.75
2013.06.27 22:00:50.510,1.52573,1.52587,0.38,0.19
2013.06.27 22:00:50.630,1.5257,1.52587,0.38,0.19
2013.06.27 22:00:50.930,1.52567,1.52587,0.38,0.19
2013.06.27 22:00:51.530,1.52573,1.52587,0.38,0.19
2013.06.27 22:00:51.709,1.52573,1.52591,0.38,0.19
2013.06.27 22:00:52.250,1.52573,1.52592,0.38,0.19
2013.06.27 22:00:54.129,1.52572,1.52592,0.38,0.19
2013.06.27 22:00:54.189,1.52572,1.52594,0.38,0.19
2013.06.27 22:00:57.283,1.52572,1.52592,0.38,0.19
2013.06.27 22:00:59.209,1.52572,1.52594,0.38,0.19
2013.06.27 22:01:00.440,1.52572,1.52597,0.38,0.19
2013.06.27 22:01:00.500,1.52572,1.52594,0.38,0.19
2013.06.27 22:01:01.039,1.52571,1.52595,0.10,0.19
2013.06.27 22:01:01.990,1.52573,1.52595,0.38,0.19
2013.06.27 22:01:03.210,1.52573,1.52592,0.38,1.13
2013.06.27 22:01:03.569,1.52573,1.5259,0.38,0.19
2013.06.27 22:01:06.279,1.52572,1.5259,0.38,0.19
2013.06.27 22:01:14.209,1.52572,1.52592,0.38,0.57
2013.06.27 22:01:15.810,1.52573,1.52592,0.38,0.38
2013.06.27 22:01:22.540,1.52573,1.52591,0.38,0.75
2013.06.27 22:01:24.810,1.52572,1.52591,0.38,0.75
2013.06.27 22:01:26.840,1.52572,1.52592,0.38,0.38
2013.06.27 22:01:27.860,1.52573,1.52592,0.38,0.38
2013.06.27 22:01:30.820,1.52572,1.52592,0.38,0.38
2013.06.27 22:01:36.200,1.52572,1.52593,0.38,0.38
2013.06.27 22:01:36.710,1.52573,1.52593,0.38,0.38
2013.06.27 22:01:53.501,1.52572,1.52593,0.57,0.38
2013.06.27 22:01:56.590,1.52571,1.52593,0.45,0.38
2013.06.27 22:02:01.009,1.52571,1.52591,0.10,0.38
2013.06.27 22:02:01.900,1.52574,1.52593,0.38,1.13
2013.06.27 22:02:13.129,1.52574,1.52588,0.38,0.75
2013.06.27 22:02:13.670,1.52575,1.52588,0.75,0.75
2013.06.27 22:02:17.671,1.52576,1.52588,0.19,0.75
2013.06.27 22:02:19.460,1.52575,1.52588,0.75,0.75
2013.06.27 22:02:40.960,1.52573,1.52588,0.75,0.75
2013.06.27 22:03:02.701,1.52578,1.52588,0.19,0.75
2013.06.27 22:03:04.570,1.52575,1.52588,0.75,0.75
2013.06.27 22:03:13.160,1.52575,1.52589,0.75,0.38
2013.06.27 22:03:21.150,1.52573,1.52589,1.50,0.38
2013.06.27 22:03:34.920,1.52575,1.52589,0.75,0.38
2013.06.27 22:03:36.169,1.52575,1.52581,0.75,0.38
2013.06.27 22:03:36.350,1.52571,1.52579,1.95,0.38
2013.06.27 22:03:39.478,1.52572,1.52579,0.75,0.38
2013.06.27 22:03:53.720,1.52572,1.52579,0.75,0.38
2013.06.27 22:04:13.812,1.52572,1.52586,1.38,1.38
2013.06.27 22:04:13.941,1.52573,1.52585,1.19,1.38
2013.06.27 22:04:14.060,1.52572,1.52585,1.57,1.38
2013.06.27 22:04:16.189,1.52573,1.52585,1.38,1.38
2013.06.27 22:04:22.040,1.52572,1.52585,1.50,1.38
2013.06.27 22:04:22.590,1.52572,1.52585,1.13,1.38
2013.06.27 22:04:24.862,1.52572,1.52585,1.75,1.38
2013.06.27 22:04:31.517,1.52573,1.52585,2.07,1.38
2013.06.27 22:04:32.261,1.52572,1.52585,1.75,1.38
2013.06.27 22:04:35.650,1.52572,1.52583,1.75,1.00
2013.06.27 22:04:35.710,1.52572,1.52588,1.75,1.00
2013.06.27 22:04:35.770,1.52577,1.52588,1.00,1.50
2013.06.27 22:04:36.129,1.52576,1.52591,1.00,1.00
2013.06.27 22:04:36.859,1.52578,1.52589,1.00,1.00
2013.06.27 22:04:37.699,1.52578,1.52588,1.00,1.00
2013.06.27 22:04:37.778,1.52576,1.52588,1.00,1.50
2013.06.27 22:04:38.790,1.52575,1.52588,1.13,1.00
2013.06.27 22:04:40.110,1.52575,1.52588,1.38,1.00
2013.06.27 22:04:40.230,1.52573,1.52599,1.88,1.45
2013.06.27 22:04:40.470,1.52573,1.526,2.82,1.58
2013.06.27 22:04:42.061,1.52577,1.52602,1.13,1.13
2013.06.27 22:04:44.991,1.52575,1.52602,1.32,1.75
2013.06.27 22:04:49.460,1.52576,1.52601,1.32,1.32
2013.06.27 22:04:49.950,1.52576,1.52602,1.13,1.38
2013.06.27 22:04:54.144,1.52577,1.52604,1.13,1.50
2013.06.27 22:04:59.500,1.52577,1.52603,1.13,2.07
2013.06.27 22:05:01.113,1.52577,1.52602,1.13,1.13
2013.06.27 22:05:02.112,1.52577,1.52602,1.13,2.07
2013.06.27 22:05:05.162,1.52577,1.526,1.94,1.19
2013.06.27 22:05:05.760,1.52576,1.52604,2.07,2.44
2013.06.27 22:05:09.682,1.52576,1.52601,1.94,1.32
2013.06.27 22:05:11.280,1.52575,1.52602,1.32,1.69
2013.06.27 22:05:21.972,1.52577,1.52602,1.75,1.00
2013.06.27 22:05:25.070,1.52576,1.52604,2.82,2.44
2013.06.27 22:05:28.030,1.52577,1.52605,1.57,1.75
2013.06.27 22:05:34.780,1.52579,1.52599,1.57,1.19
2013.06.27 22:05:36.002,1.52577,1.526,1.57,1.25
2013.06.27 22:05:37.820,1.52575,1.52602,2.07,1.00
2013.06.27 22:05:44.220,1.52578,1.52603,1.69,2.44
2013.06.27 22:05:45.621,1.52578,1.52603,1.69,1.69
2013.06.27 22:05:46.761,1.52577,1.52603,1.13,1.69
2013.06.27 22:05:47.840,1.52578,1.52601,1.32,1.19
2013.06.27 22:05:51.220,1.52579,1.52603,1.13,1.00
2013.06.27 22:05:54.940,1.5258,1.52599,1.32,1.19
2013.06.27 22:05:57.450,1.52579,1.52602,1.13,1.19
2013.06.27 22:06:00.363,1.52582,1.52601,1.00,1.19
2013.06.27 22:06:01.090,1.52582,1.52603,1.00,1.00
2013.06.27 22:06:02.102,1.52582,1.52602,1.00,1.19
2013.06.27 22:06:03.230,1.52582,1.526,1.00,1.19
2013.06.27 22:06:06.301,1.52578,1.52603,1.13,1.13
2013.06.27 22:06:07.280,1.52582,1.52603,1.00,1.50
2013.06.27 22:06:09.801,1.52582,1.52603,1.13,1.00
2013.06.27 22:06:10.103,1.52582,1.52604,1.13,1.32
2013.06.27 22:06:11.330,1.52582,1.52605,1.13,1.69
2013.06.27 22:06:12.842,1.52582,1.52605,1.13,1.32
2013.06.27 22:06:18.061,1.52582,1.52605,1.13,2.07
2013.06.27 22:06:20.570,1.52582,1.52605,1.38,2.44
2013.06.27 22:06:20.630,1.52582,1.52598,1.38,1.00
2013.06.27 22:06:21.291,1.52577,1.52601,1.13,1.88
2013.06.27 22:06:21.794,1.52577,1.52598,1.13,1.00
2013.06.27 22:06:22.220,1.52575,1.52598,1.13,1.50
2013.06.27 22:06:23.221,1.52575,1.52597,1.88,1.00
2013.06.27 22:06:25.200,1.52575,1.52597,1.75,1.00
2013.06.27 22:06:26.971,1.52575,1.52598,1.75,1.00
2013.06.27 22:06:27.510,1.52576,1.52597,1.75,1.00
2013.06.27 22:06:41.640,1.52576,1.52597,2.44,1.00
2013.06.27 22:06:44.420,1.5258,1.52597,1.57,1.00
2013.06.27 22:06:44.840,1.52576,1.52597,1.75,1.00
2013.06.27 22:06:54.260,1.52578,1.52597,1.94,1.00
2013.06.27 22:06:55.972,1.52578,1.52597,1.57,1.00
2013.06.27 22:06:56.510,1.52574,1.52597,2.44,1.00
2013.06.27 22:06:57.890,1.52574,1.52597,2.00,1.00
2013.06.27 22:07:00.671,1.52574,1.52597,2.82,1.00
2013.06.27 22:07:08.481,1.52577,1.52598,1.94,1.50
2013.06.27 22:07:11.342,1.52579,1.52598,1.32,1.50
2013.06.27 22:07:21.698,1.52578,1.52601,1.75,1.50
2013.06.27 22:07:23.477,1.52578,1.52598,2.00,1.00
2013.06.27 22:07:24.917,1.52576,1.52598,3.19,1.00
2013.06.27 22:07:29.547,1.52576,1.52598,3.19,1.00
2013.06.27 22:07:30.107,1.52578,1.52598,2.44,1.00
2013.06.27 22:07:38.887,1.52578,1.52598,1.50,1.13
2013.06.27 22:07:42.067,1.52577,1.52598,1.94,1.13
2013.06.27 22:08:01.120,1.52577,1.52598,1.69,1.13
2013.06.27 22:08:02.347,1.52579,1.526,1.32,1.88
2013.06.27 22:08:03.009,1.52579,1.526,1.94,1.38
2013.06.27 22:08:05.908,1.52581,1.526,1.02,1.38
2013.06.27 22:08:06.578,1.52583,1.526,1.50,1.38
2013.06.27 22:08:06.937,1.52587,1.52609,1.02,1.38
2013.06.27 22:08:07.357,1.52587,1.52609,2.08,1.38
2013.06.27 22:09:36.567,1.52591,1.52606,1.29,1.50
2013.06.27 22:09:37.850,1.52588,1.52606,1.77,1.50
2013.06.27 22:09:45.687,1.52591,1.52606,1.29,1.50
2013.06.27 22:09:47.707,1.52588,1.52606,1.33,1.50
2013.06.27 22:10:00.387,1.52587,1.52605,1.00,1.94
2013.06.27 22:10:00.507,1.52582,1.52605,1.13,2.07
2013.06.27 22:10:28.237,1.52582,1.52603,2.25,2.44
2013.06.27 22:10:31.348,1.52581,1.52601,2.04,1.93
2013.06.27 22:11:02.627,1.52581,1.52599,1.02,1.68
2013.06.27 22:11:09.989,1.52585,1.52599,1.69,1.68
2013.06.27 22:11:11.377,1.52583,1.52599,1.75,1.68
2013.06.27 22:11:30.717,1.52585,1.52599,1.69,1.68
2013.06.27 22:11:39.849,1.52584,1.52599,1.94,1.68
2013.06.27 22:11:51.748,1.52582,1.52602,2.00,1.87
2013.06.27 22:11:54.757,1.52582,1.52602,1.94,1.87
2013.06.27 22:12:00.998,1.52578,1.52602,1.13,1.68
2013.06.27 22:12:06.967,1.52581,1.526,1.75,1.38
2013.06.27 22:12:11.759,1.52585,1.526,1.19,1.38
2013.06.27 22:12:12.487,1.52581,1.526,1.77,1.38
2013.06.27 22:12:13.087,1.52583,1.52603,2.44,1.38
2013.06.27 22:12:15.637,1.52583,1.52601,2.44,1.38
2013.06.27 22:12:21.327,1.52587,1.52604,1.19,1.38
2013.06.27 22:12:22.617,1.52583,1.52601,2.00,1.38
2013.06.27 22:12:24.868,1.52586,1.52603,1.32,1.38
2013.06.27 22:12:29.368,1.52588,1.52603,1.19,1.38
2013.06.27 22:12:29.968,1.52583,1.52603,1.69,1.38
2013.06.27 22:12:32.977,1.52587,1.52603,1.19,1.38
2013.06.27 22:12:42.047,1.52583,1.52603,1.00,1.88
2013.06.27 22:12:44.858,1.52583,1.52601,1.19,1.38
2013.06.27 22:12:52.457,1.52583,1.52601,1.00,1.38
2013.06.27 22:12:54.807,1.52583,1.52601,1.50,1.38
2013.06.27 22:13:01.710,1.52583,1.52601,2.07,1.38
2013.06.27 22:13:05.050,1.52589,1.52604,1.19,1.38
2013.06.27 22:14:03.638,1.52586,1.52605,1.19,1.38
2013.06.27 22:14:14.788,1.52588,1.52611,1.19,1.94
2013.06.27 22:14:22.017,1.52589,1.52609,1.19,2.44
2013.06.27 22:14:27.149,1.52585,1.52601,1.50,1.38
2013.06.27 22:14:27.688,1.52585,1.52601,1.75,1.38
2013.06.27 22:14:37.967,1.52588,1.52599,1.32,1.38
2013.06.27 22:14:46.298,1.52587,1.52599,1.50,1.38
2013.06.27 22:14:47.118,1.52588,1.52599,1.32,1.38
2013.06.27 22:14:47.357,1.5259,1.52599,1.19,1.38
2013.06.27 22:14:48.496,1.52588,1.52599,1.32,1.38
2013.06.27 22:14:50.497,1.5259,1.52599,1.19,1.38
2013.06.27 22:14:51.273,1.52587,1.52601,2.25,1.38
2013.06.27 22:14:51.469,1.52588,1.52605,1.13,1.38
2013.06.27 22:14:54.569,1.52589,1.526,2.25,1.38
2013.06.27 22:14:55.778,1.52588,1.526,2.25,1.38
2013.06.27 22:14:59.358,1.52588,1.526,1.50,1.00
2013.06.27 22:14:59.418,1.52593,1.52602,1.00,1.00
2013.06.27 22:15:01.059,1.52594,1.52602,1.00,1.00
2013.06.27 22:15:08.816,1.52593,1.52602,1.00,1.00
2013.06.27 22:15:09.118,1.52595,1.52602,1.00,1.00
2013.06.27 22:15:26.049,1.52594,1.52602,1.00,1.00
2013.06.27 22:15:35.297,1.52592,1.52602,1.00,1.00
2013.06.27 22:15:59.468,1.52592,1.52603,1.00,1.00
2013.06.27 22:16:01.078,1.52589,1.52603,1.45,1.00
2013.06.27 22:16:01.889,1.52591,1.52602,1.10,1.00
2013.06.27 22:16:02.259,1.52592,1.52605,1.00,1.00
2013.06.27 22:16:02.967,1.52593,1.52604,1.00,1.00
2013.06.27 22:16:03.718,1.52592,1.52605,1.00,1.00
2013.06.27 22:16:05.039,1.52594,1.52605,1.00,1.00
2013.06.27 22:16:24.589,1.52594,1.52609,1.00,1.50
2013.06.27 22:16:24.767,1.52594,1.52605,1.25,1.00
2013.06.27 22:16:25.350,1.52594,1.52605,1.00,1.00
2013.06.27 22:16:25.410,1.52594,1.52602,1.00,1.00
2013.06.27 22:16:25.649,1.52594,1.52605,1.00,1.00
2013.06.27 22:16:36.551,1.52594,1.52602,1.00,1.00
2013.06.27 22:17:17.438,1.52595,1.52602,1.00,1.00
2013.06.27 22:17:32.368,1.52595,1.52601,1.00,1.00
2013.06.27 22:17:32.728,1.52589,1.52597,1.08,1.00
2013.06.27 22:17:32.908,1.5259,1.52602,1.08,1.00
2013.06.27 22:17:33.212,1.52592,1.52595,1.00,1.00
2013.06.27 22:17:33.338,1.52588,1.52595,1.00,1.00
2013.06.27 22:17:33.398,1.52591,1.52601,1.10,1.00
2013.06.27 22:17:33.581,1.52593,1.52602,1.00,1.00
2013.06.27 22:17:33.938,1.52593,1.52604,1.08,1.13
2013.06.27 22:17:34.238,1.52594,1.52602,1.00,1.00
2013.06.27 22:18:04.267,1.52595,1.52602,1.00,1.00
2013.06.27 22:18:15.429,1.52595,1.52601,1.00,1.00
2013.06.27 22:18:16.300,1.52593,1.52601,1.00,1.00
2013.06.27 22:18:30.458,1.52596,1.52601,1.00,1.00
2013.06.27 22:18:33.021,1.52598,1.52601,1.00,1.00
2013.06.27 22:18:36.358,1.52597,1.52601,1.00,1.00
2013.06.27 22:18:39.432,1.52596,1.52601,1.00,1.00
2013.06.27 22:18:43.678,1.52595,1.52601,1.00,1.00
2013.06.27 22:18:46.717,1.52599,1.52601,1.00,1.00
2013.06.27 22:18:48.148,1.52593,1.52601,1.88,1.00
2013.06.27 22:18:48.208,1.52593,1.52616,1.88,1.30
2013.06.27 22:18:48.269,1.52595,1.52617,1.00,1.30
2013.06.27 22:18:48.628,1.52597,1.52619,1.38,1.43
2013.06.27 22:18:49.578,1.52603,1.52619,1.13,1.43
2013.06.27 22:18:52.438,1.52605,1.52619,1.38,1.43
2013.06.27 22:18:54.538,1.52601,1.52619,1.77,1.43
2013.06.27 22:18:55.825,1.52606,1.52619,1.13,1.43
2013.06.27 22:19:00.579,1.52606,1.52619,1.13,1.13
2013.06.27 22:19:00.700,1.5261,1.52619,1.38,1.13
2013.06.27 22:19:01.568,1.5261,1.52619,1.38,1.43
2013.06.27 22:19:02.258,1.52601,1.52619,1.85,1.43
2013.06.27 22:19:06.705,1.52601,1.52619,1.58,1.43
2013.06.27 22:19:06.888,1.52606,1.52619,1.13,1.43
2013.06.27 22:19:10.039,1.526,1.52619,2.33,1.43
2013.06.27 22:19:10.158,1.526,1.5261,2.33,1.38
2013.06.27 22:19:10.710,1.526,1.5261,1.58,1.38
2013.06.27 22:19:17.609,1.526,1.52613,1.45,1.38
2013.06.27 22:19:20.898,1.52599,1.52612,1.13,1.38
2013.06.27 22:19:21.077,1.52595,1.52612,1.13,1.38
2013.06.27 22:19:23.187,1.52597,1.52609,1.00,1.13
2013.06.27 22:19:24.438,1.52593,1.52617,1.00,1.49
2013.06.27 22:19:24.558,1.52599,1.52617,1.13,1.30
2013.06.27 22:19:27.638,1.52602,1.52618,1.13,1.30
2013.06.27 22:19:30.396,1.52606,1.52619,1.13,1.88
2013.06.27 22:19:33.058,1.52607,1.52619,1.13,1.13
2013.06.27 22:19:40.318,1.52608,1.52619,1.13,1.13
2013.06.27 22:19:42.508,1.52604,1.52619,1.38,1.13
2013.06.27 22:19:46.115,1.52604,1.52619,1.38,1.38
2013.06.27 22:19:48.558,1.52604,1.52619,1.32,1.38
2013.06.27 22:19:53.078,1.52604,1.52619,1.38,1.38
2013.06.27 22:19:57.858,1.52608,1.52619,1.13,1.38
2013.06.27 22:20:00.809,1.52609,1.52619,1.13,1.38
2013.06.27 22:20:03.099,1.52606,1.52619,1.13,1.38
2013.06.27 22:20:14.368,1.52606,1.52613,1.13,1.00
2013.06.27 22:20:14.858,1.52606,1.52619,1.13,1.38
2013.06.27 22:20:16.777,1.52608,1.52619,1.13,1.38
2013.06.27 22:20:22.189,1.52604,1.52619,1.38,1.38
2013.06.27 22:20:25.028,1.52608,1.52619,1.13,1.38
2013.06.27 22:20:27.964,1.52607,1.52619,1.13,1.38
2013.06.27 22:20:46.248,1.52607,1.52619,1.38,1.38
2013.06.27 22:20:59.258,1.52609,1.52619,1.13,1.38
2013.06.27 22:21:03.977,1.52605,1.52619,1.13,1.38
2013.06.27 22:21:24.408,1.52605,1.52622,1.32,1.38
2013.06.27 22:21:40.171,1.52598,1.5262,1.75,1.38
2013.06.27 22:21:42.463,1.52598,1.52622,2.33,1.88
2013.06.27 22:21:46.758,1.52598,1.52622,1.83,1.88
2013.06.27 22:21:51.998,1.52601,1.52622,1.29,2.82
2013.06.27 22:21:52.598,1.52599,1.52622,1.02,1.88
2013.06.27 22:21:55.418,1.52599,1.52622,1.20,1.38
2013.06.27 22:22:21.269,1.52599,1.52619,1.95,1.13
2013.06.27 22:22:24.200,1.52599,1.52619,2.14,1.13
2013.06.27 22:22:32.688,1.52599,1.52619,1.83,1.13
2013.06.27 22:22:35.778,1.52601,1.52619,2.04,1.13
2013.06.27 22:22:36.553,1.526,1.52619,1.02,1.13
2013.06.27 22:22:41.699,1.52603,1.52619,1.32,1.13
2013.06.27 22:22:42.278,1.526,1.52619,1.02,1.13
2013.06.27 22:22:43.358,1.526,1.52619,1.77,1.13
2013.06.27 22:22:44.279,1.52602,1.52619,1.19,1.13
2013.06.27 22:22:46.429,1.526,1.52619,1.02,1.13
2013.06.27 22:23:02.589,1.52605,1.52619,1.19,1.13
2013.06.27 22:23:02.650,1.526,1.52619,1.39,1.13
2013.06.27 22:23:04.209,1.52601,1.52619,1.02,1.13
2013.06.27 22:23:07.739,1.52599,1.52619,1.02,1.13
2013.06.27 22:23:16.758,1.52601,1.52619,1.02,1.13
2013.06.27 22:23:18.629,1.52605,1.52619,1.19,1.13
2013.06.27 22:23:19.868,1.52603,1.52619,1.57,1.13
2013.06.27 22:23:22.239,1.52597,1.52622,1.95,1.13
2013.06.27 22:23:23.310,1.526,1.52622,1.77,1.13
2013.06.27 22:23:24.848,1.52598,1.52619,1.77,1.00
2013.06.27 22:23:24.968,1.526,1.52619,1.27,1.00
2013.06.27 22:23:31.351,1.52599,1.52621,1.77,1.13
2013.06.27 22:23:33.578,1.52599,1.52624,1.75,1.13
2013.06.27 22:23:34.578,1.52598,1.52618,1.13,1.00
2013.06.27 22:23:35.909,1.52597,1.52618,1.75,1.00
2013.06.27 22:23:39.228,1.52597,1.52618,1.75,1.00
2013.06.27 22:23:42.312,1.52597,1.52618,2.00,1.25
2013.06.27 22:23:44.789,1.52597,1.52618,1.94,1.25
2013.06.27 22:23:46.588,1.52598,1.52618,1.32,1.25
2013.06.27 22:23:47.788,1.52605,1.52618,1.00,1.00
2013.06.27 22:23:48.028,1.52597,1.52618,1.95,1.00
2013.06.27 22:23:52.918,1.52597,1.52618,1.83,1.00
2013.06.27 22:23:55.859,1.52597,1.52618,1.20,1.00
2013.06.27 22:23:58.838,1.52598,1.52618,2.08,1.00
2013.06.27 22:24:01.919,1.52598,1.52618,1.95,1.13
2013.06.27 22:24:04.238,1.52598,1.52618,2.14,1.88
2013.06.27 22:24:05.018,1.52603,1.52618,1.19,1.88
2013.06.27 22:24:07.188,1.52598,1.52618,2.52,1.13
2013.06.27 22:24:42.748,1.52598,1.52621,1.95,1.38
2013.06.27 22:24:48.137,1.52599,1.52621,1.20,1.38
2013.06.27 22:25:04.097,1.52601,1.52622,1.02,1.38
2013.06.27 22:25:05.417,1.52603,1.52622,1.57,1.38
2013.06.27 22:25:07.097,1.52601,1.52622,1.02,1.38
2013.06.27 22:25:13.447,1.52605,1.52622,1.19,1.38
2013.06.27 22:25:18.248,1.526,1.52622,3.27,1.38
2013.06.27 22:25:18.828,1.526,1.52622,2.52,1.50
2013.06.27 22:25:19.652,1.52603,1.52622,1.19,1.50
2013.06.27 22:25:26.318,1.52605,1.52622,1.19,1.50
2013.06.27 22:25:40.327,1.52602,1.52623,1.32,1.88
2013.06.27 22:25:42.077,1.52601,1.52622,3.27,1.13
2013.06.27 22:25:42.657,1.52601,1.52622,3.27,1.13
2013.06.27 22:25:45.087,1.52602,1.52623,1.13,1.88
2013.06.27 22:25:47.787,1.52605,1.52623,1.19,1.88
2013.06.27 22:25:53.387,1.52601,1.52621,1.02,1.13
2013.06.27 22:25:55.698,1.52599,1.52618,1.77,1.38
2013.06.27 22:26:01.093,1.52599,1.52621,1.83,1.69
2013.06.27 22:26:01.669,1.526,1.52621,3.27,1.50
2013.06.27 22:26:02.238,1.526,1.52621,1.02,1.50
2013.06.27 22:26:02.358,1.52599,1.52618,1.27,1.38
2013.06.27 22:26:14.458,1.52599,1.52619,1.27,1.13
2013.06.27 22:26:17.408,1.52598,1.52618,1.27,1.13
2013.06.27 22:26:22.103,1.52599,1.52621,1.77,1.69
2013.06.27 22:27:02.158,1.52599,1.52618,1.33,1.38
2013.06.27 22:27:05.018,1.52599,1.52618,1.08,1.38
2013.06.27 22:27:20.718,1.526,1.52618,1.27,1.63
2013.06.27 22:27:21.451,1.526,1.52618,1.27,1.63
2013.06.27 22:27:22.289,1.52599,1.52621,1.83,1.50
2013.06.27 22:27:29.327,1.52598,1.52618,1.27,1.38
2013.06.27 22:27:33.737,1.52598,1.52618,1.27,1.38
2013.06.27 22:27:40.193,1.52598,1.52618,1.08,1.38
2013.06.27 22:27:42.661,1.526,1.5262,1.02,1.57
2013.06.27 22:27:50.200,1.526,1.52622,1.02,1.32
2013.06.27 22:27:50.721,1.526,1.52622,1.02,1.13
2013.06.27 22:27:57.039,1.52599,1.52618,1.27,1.38
2013.06.27 22:28:00.908,1.52598,1.52618,1.08,1.38
2013.06.27 22:28:01.858,1.52599,1.52622,1.83,1.13
2013.06.27 22:28:10.807,1.52599,1.52623,1.83,1.13
2013.06.27 22:28:13.252,1.52597,1.5262,1.75,1.50
2013.06.27 22:28:27.821,1.52597,1.52618,1.75,2.07
2013.06.27 22:28:28.339,1.52596,1.52617,1.75,1.19
2013.06.27 22:28:29.839,1.52596,1.52615,1.75,1.19
2013.06.27 22:28:31.429,1.52594,1.52616,2.63,1.19
2013.06.27 22:28:33.178,1.52594,1.52615,2.63,1.32
2013.06.27 22:28:33.358,1.52594,1.52613,1.88,1.19
2013.06.27 22:28:33.898,1.52595,1.52611,1.13,1.50
2013.06.27 22:28:34.818,1.52597,1.52609,1.00,1.00
2013.06.27 22:28:51.898,1.52598,1.52609,1.00,1.00
2013.06.27 22:29:01.919,1.526,1.52609,1.00,1.00
2013.06.27 22:29:01.979,1.52598,1.52609,1.00,1.00
2013.06.27 22:29:42.989,1.52597,1.52609,1.00,1.00
2013.06.27 22:29:43.528,1.52597,1.52609,1.19,1.00
2013.06.27 22:29:53.507,1.52597,1.52609,1.25,1.00
2013.06.27 22:30:00.419,1.52597,1.52605,1.25,1.00
2013.06.27 22:30:03.971,1.52597,1.52609,1.25,1.00
2013.06.27 22:30:06.578,1.52597,1.52605,1.25,1.00
2013.06.27 22:30:13.757,1.52597,1.52605,1.19,1.00
2013.06.27 22:30:28.550,1.52597,1.52609,1.19,1.00
2013.06.27 22:30:42.957,1.52596,1.52611,1.19,1.00
2013.06.27 22:31:00.598,1.52595,1.52611,1.69,1.00
2013.06.27 22:31:28.767,1.52595,1.52615,1.32,1.19
2013.06.27 22:32:00.601,1.52595,1.52616,1.00,1.38
2013.06.27 22:32:18.349,1.52596,1.52616,1.19,2.07
2013.06.27 22:32:21.489,1.52599,1.52616,1.00,2.07
2013.06.27 22:32:47.590,1.52599,1.52611,1.00,1.00
2013.06.27 22:32:49.738,1.52599,1.52611,1.19,1.00
2013.06.27 22:32:58.421,1.52599,1.52611,1.00,1.00
2013.06.27 22:33:04.399,1.52595,1.52608,2.44,1.00
2013.06.27 22:33:04.459,1.52594,1.52608,1.38,1.50
2013.06.27 22:33:05.619,1.52591,1.52608,1.39,1.50
2013.06.27 22:33:05.738,1.52591,1.52605,2.14,1.00
2013.06.27 22:33:07.388,1.52593,1.52604,1.25,1.00
2013.06.27 22:33:28.029,1.52591,1.52604,1.02,1.00
2013.06.27 22:33:54.598,1.52592,1.52606,1.00,1.00
2013.06.27 22:33:54.658,1.52599,1.52606,1.00,1.00
2013.06.27 22:33:54.779,1.52599,1.52609,1.50,1.00
2013.06.27 22:33:54.959,1.52599,1.52611,1.50,1.00
2013.06.27 22:33:55.499,1.52599,1.52611,1.00,1.00
2013.06.27 22:33:56.059,1.52599,1.5261,1.00,1.00
2013.06.27 22:33:56.568,1.52599,1.52609,1.00,1.00
2013.06.27 22:34:00.820,1.52599,1.52608,1.00,1.00
2013.06.27 22:34:01.359,1.52593,1.52607,2.44,1.00
2013.06.27 22:34:01.899,1.5259,1.52607,1.32,1.25
2013.06.27 22:34:02.271,1.52591,1.52605,2.00,1.00
2013.06.27 22:34:02.599,1.52591,1.52605,1.32,1.00
2013.06.27 22:34:03.839,1.52592,1.52603,1.00,1.00
2013.06.27 22:34:21.719,1.52592,1.52603,1.50,1.00
2013.06.27 22:34:24.688,1.52592,1.52603,1.38,1.00
2013.06.27 22:34:29.399,1.52592,1.52603,1.50,1.00
2013.06.27 22:34:33.479,1.52592,1.52603,1.38,1.00
2013.06.27 22:34:38.509,1.52594,1.52605,1.13,1.19
2013.06.27 22:35:00.369,1.52597,1.52605,1.00,1.19
2013.06.27 22:35:00.429,1.52597,1.52608,1.00,1.69
2013.06.27 22:35:01.861,1.52597,1.52609,1.00,1.00
2013.06.27 22:35:01.924,1.52597,1.52607,1.00,1.00
2013.06.27 22:35:10.169,1.52598,1.52607,1.00,1.00
2013.06.27 22:35:17.819,1.52597,1.52607,1.00,1.25
2013.06.27 22:35:18.360,1.52596,1.52607,1.00,1.25
2013.06.27 22:35:18.900,1.52596,1.52606,1.00,1.00
2013.06.27 22:35:19.439,1.52595,1.52606,1.13,1.00
2013.06.27 22:35:22.390,1.52593,1.52606,1.50,1.00
2013.06.27 22:35:22.630,1.5259,1.52606,1.57,1.00
2013.06.27 22:35:22.761,1.5259,1.52603,1.57,1.00
2013.06.27 22:35:22.999,1.5259,1.52606,1.57,1.00
2013.06.27 22:35:23.539,1.5259,1.52605,1.63,1.00
2013.06.27 22:35:24.649,1.52591,1.52603,1.13,1.00
2013.06.27 22:35:26.799,1.52591,1.52602,1.13,1.00
2013.06.27 22:35:31.879,1.52588,1.52601,2.18,1.00
2013.06.27 22:35:33.878,1.52588,1.526,2.18,1.00
2013.06.27 22:35:34.558,1.52588,1.526,2.18,1.00
2013.06.27 22:35:59.749,1.52588,1.52601,1.43,1.50
2013.06.27 22:36:00.289,1.52588,1.526,1.43,1.25
2013.06.27 22:36:00.899,1.52588,1.52599,1.43,1.00
2013.06.27 22:36:01.960,1.52588,1.52598,1.43,1.00
2013.06.27 22:36:02.079,1.52587,1.52598,1.05,1.00
2013.06.27 22:36:21.511,1.52588,1.52597,1.05,1.00
2013.06.27 22:37:01.879,1.52588,1.526,1.05,1.00
2013.06.27 22:37:02.059,1.52588,1.52602,1.05,1.25
2013.06.27 22:37:02.909,1.52588,1.52601,1.05,1.00
2013.06.27 22:37:04.310,1.52588,1.52599,1.43,1.00
2013.06.27 22:37:14.219,1.52588,1.52598,1.43,1.00
2013.06.27 22:37:14.759,1.52588,1.52599,1.43,1.00
2013.06.27 22:37:24.729,1.52588,1.526,2.18,1.00
2013.06.27 22:37:26.009,1.52588,1.52603,2.18,1.69
2013.06.27 22:37:29.190,1.52588,1.526,2.18,1.00
2013.06.27 22:37:39.378,1.52588,1.526,1.39,1.00
2013.06.27 22:37:42.292,1.52588,1.526,2.33,1.00
2013.06.27 22:37:46.032,1.52584,1.526,1.95,1.00
2013.06.27 22:37:46.222,1.52584,1.52599,1.02,1.19
2013.06.27 22:37:46.699,1.52583,1.52595,1.42,1.19
2013.06.27 22:37:48.740,1.52583,1.52593,1.42,1.19
2013.06.27 22:37:48.800,1.52583,1.52593,1.38,1.69
2013.06.27 22:37:49.041,1.52583,1.52591,1.00,1.19
2013.06.27 22:37:49.579,1.52584,1.52592,1.88,1.00
2013.06.27 22:37:50.059,1.52576,1.52588,1.00,1.00
2013.06.27 22:37:50.433,1.52573,1.52588,1.38,1.00
2013.06.27 22:37:51.859,1.52575,1.52588,1.00,1.00
2013.06.27 22:37:52.409,1.52572,1.52588,1.38,1.00
2013.06.27 22:37:52.471,1.52572,1.52587,1.38,1.19
2013.06.27 22:38:04.570,1.52573,1.52583,1.38,1.00
2013.06.27 22:38:05.229,1.52573,1.52584,1.38,1.00
2013.06.27 22:38:07.369,1.52573,1.52584,1.38,1.00
2013.06.27 22:38:10.642,1.52573,1.52582,1.38,1.00
2013.06.27 22:38:10.701,1.52573,1.52584,1.38,1.00
2013.06.27 22:38:24.611,1.52573,1.52584,1.38,1.00
2013.06.27 22:38:26.390,1.52573,1.52588,1.88,1.25
2013.06.27 22:38:27.769,1.52575,1.52587,1.00,1.00
2013.06.27 22:38:28.311,1.52574,1.52588,1.13,1.25
2013.06.27 22:38:32.250,1.52576,1.52587,1.00,1.00
2013.06.27 22:38:33.013,1.52576,1.52587,1.00,1.69
2013.06.27 22:38:42.469,1.52576,1.52587,1.00,1.00
2013.06.27 22:38:54.629,1.52577,1.52588,1.00,1.19
2013.06.27 22:38:56.870,1.52579,1.5259,1.00,1.69
2013.06.27 22:38:56.990,1.52579,1.5259,1.13,1.00
2013.06.27 22:39:01.189,1.52579,1.52589,1.13,1.00
2013.06.27 22:39:02.289,1.52579,1.52588,1.13,1.00
2013.06.27 22:39:04.700,1.52579,1.52588,1.13,1.19
2013.06.27 22:39:08.517,1.52579,1.52588,1.13,1.50
2013.06.27 22:39:29.468,1.52579,1.52586,1.00,1.00
2013.06.27 22:39:42.481,1.52579,1.52588,1.00,1.69
2013.06.27 22:39:42.844,1.52579,1.52588,1.00,1.69
2013.06.27 22:39:45.570,1.52579,1.52588,1.00,1.00
2013.06.27 22:39:56.947,1.52577,1.52588,1.00,1.00
2013.06.27 22:40:03.272,1.52577,1.52589,1.00,1.00
2013.06.27 22:40:03.342,1.5258,1.52591,1.00,1.19
2013.06.27 22:40:03.882,1.52581,1.52591,1.00,1.19
2013.06.27 22:40:05.980,1.5258,1.52591,1.00,1.69
2013.06.27 22:40:06.519,1.52582,1.52591,1.00,1.19
2013.06.27 22:40:07.059,1.52583,1.52591,1.00,1.00
2013.06.27 22:40:07.579,1.52583,1.5259,1.00,1.00
2013.06.27 22:40:07.880,1.52585,1.5259,1.00,1.00
2013.06.27 22:40:10.904,1.52583,1.52591,1.00,1.19
2013.06.27 22:40:12.030,1.52583,1.52592,1.00,1.19
2013.06.27 22:40:13.909,1.52583,1.52594,1.00,1.19
2013.06.27 22:40:15.530,1.52583,1.52594,1.00,1.19
2013.06.27 22:40:18.619,1.52583,1.52594,1.00,1.19
2013.06.27 22:40:19.299,1.52581,1.52594,1.00,1.19
2013.06.27 22:40:24.130,1.52582,1.52594,1.00,1.69
2013.06.27 22:40:24.639,1.52582,1.52594,1.00,1.25
2013.06.27 22:40:25.166,1.52582,1.52594,1.00,1.69
2013.06.27 22:40:28.541,1.52582,1.52594,1.00,1.69
2013.06.27 22:40:32.339,1.52582,1.52594,1.00,1.25
2013.06.27 22:40:33.647,1.52584,1.52595,1.00,1.19
2013.06.27 22:40:36.230,1.52585,1.52595,1.00,1.19
2013.06.27 22:40:36.779,1.52585,1.52594,1.00,1.19
2013.06.27 22:41:06.269,1.52584,1.52594,1.00,1.19
2013.06.27 22:41:08.611,1.52584,1.52594,1.00,1.19
2013.06.27 22:41:21.890,1.52584,1.52596,1.00,1.69
2013.06.27 22:41:25.969,1.52584,1.52595,1.00,1.19
2013.06.27 22:41:28.060,1.52581,1.52595,1.10,1.19
2013.06.27 22:41:28.119,1.52583,1.52594,1.00,1.19
2013.06.27 22:41:28.240,1.52583,1.52595,1.00,1.69
2013.06.27 22:41:28.749,1.52584,1.52598,1.00,2.82
2013.06.27 22:41:29.299,1.52584,1.52598,1.00,1.32
2013.06.27 22:41:29.359,1.52582,1.52596,2.25,1.00
2013.06.27 22:41:30.618,1.52583,1.52595,1.00,1.00
2013.06.27 22:41:31.966,1.52582,1.52595,2.25,1.00
2013.06.27 22:41:33.266,1.52583,1.52595,1.00,1.00
2013.06.27 22:41:47.786,1.52584,1.52596,1.00,1.25
2013.06.27 22:41:48.146,1.52584,1.52596,1.00,1.19
2013.06.27 22:41:48.845,1.52585,1.52596,1.00,1.19
2013.06.27 22:41:50.116,1.52586,1.52596,1.00,1.19
2013.06.27 22:41:51.096,1.52586,1.52598,1.00,2.07
2013.06.27 22:41:54.606,1.52586,1.52598,1.00,2.82
2013.06.27 22:42:04.396,1.52582,1.52598,1.50,2.07
2013.06.27 22:42:04.936,1.52582,1.52597,1.50,1.19
2013.06.27 22:42:08.577,1.52583,1.52595,1.00,1.25
2013.06.27 22:42:13.832,1.52583,1.52595,1.00,1.19
2013.06.27 22:42:20.166,1.52583,1.52595,1.00,1.00
2013.06.27 22:42:24.797,1.52584,1.52598,1.00,1.32
2013.06.27 22:42:25.388,1.52588,1.52598,1.00,1.32
2013.06.27 22:42:25.536,1.52584,1.52598,1.00,1.32
2013.06.27 22:42:26.216,1.52585,1.52598,1.00,1.32
2013.06.27 22:42:32.445,1.52586,1.52598,1.00,1.88
2013.06.27 22:42:38.646,1.52586,1.52598,1.00,2.07
2013.06.27 22:42:53.975,1.52586,1.52598,1.00,1.88
2013.06.27 22:43:22.576,1.52593,1.52598,1.00,1.88
2013.06.27 22:43:22.649,1.52594,1.52601,1.00,1.50
2013.06.27 22:43:22.829,1.52595,1.52607,1.00,1.19
2013.06.27 22:43:22.947,1.52594,1.52601,1.00,1.00
2013.06.27 22:43:23.307,1.52596,1.52601,1.00,1.00
2013.06.27 22:43:23.427,1.52596,1.52604,1.00,1.00
2013.06.27 22:43:23.488,1.52596,1.52606,1.00,1.25
2013.06.27 22:43:23.670,1.526,1.52609,1.00,1.13
2013.06.27 22:43:24.511,1.526,1.52612,1.00,2.82
2013.06.27 22:43:25.578,1.526,1.5261,1.00,1.00
2013.06.27 22:43:27.416,1.526,1.52608,1.00,1.00
2013.06.27 22:44:01.586,1.52603,1.52608,3.00,1.00
2013.06.27 22:44:06.977,1.52604,1.5261,3.00,1.00
2013.06.27 22:44:14.387,1.52606,1.5261,4.00,1.00
2013.06.27 22:44:17.456,1.52606,1.5261,3.25,1.00
2013.06.27 22:44:25.951,1.52606,1.5261,3.00,1.00
2013.06.27 22:44:36.397,1.52606,1.5261,3.25,1.00
2013.06.27 22:44:40.577,1.52606,1.5261,4.00,1.00
2013.06.27 22:44:47.057,1.52606,1.5261,3.00,1.00
2013.06.27 22:45:00.081,1.52605,1.52609,3.00,1.00
2013.06.27 22:45:33.417,1.52603,1.52609,3.25,1.00
2013.06.27 22:46:00.096,1.52604,1.52613,3.25,2.07
2013.06.27 22:46:01.407,1.52606,1.52613,4.00,2.07
2013.06.27 22:46:01.706,1.52606,1.5261,4.00,1.00
2013.06.27 22:46:05.749,1.52607,1.5261,1.50,1.00
2013.06.27 22:46:11.886,1.52606,1.5261,3.25,1.00
2013.06.27 22:46:14.187,1.52605,1.5261,3.25,1.00
2013.06.27 22:46:34.166,1.52606,1.5261,3.25,1.00
2013.06.27 22:46:56.762,1.52602,1.5261,1.00,1.00
2013.06.27 22:47:11.642,1.52602,1.52613,1.00,1.13
2013.06.27 22:47:16.506,1.52602,1.52613,1.00,1.32
2013.06.27 22:47:25.060,1.52602,1.5261,1.00,1.00
2013.06.27 22:48:00.229,1.52603,1.5261,1.00,1.00
2013.06.27 22:48:22.919,1.52603,1.52609,1.00,1.00
2013.06.27 22:48:24.265,1.52605,1.52609,1.00,1.00
2013.06.27 22:49:08.846,1.52602,1.52609,1.00,1.00
2013.06.27 22:49:09.027,1.52602,1.52608,1.00,1.69
2013.06.27 22:49:09.146,1.52597,1.52608,1.50,1.69
2013.06.27 22:49:09.267,1.52597,1.52605,1.50,1.00
2013.06.27 22:49:09.569,1.52588,1.52597,1.00,1.00
2013.06.27 22:49:10.107,1.52587,1.52598,1.00,1.00
2013.06.27 22:49:10.227,1.52585,1.52598,1.00,1.00
2013.06.27 22:49:10.826,1.52583,1.52598,1.25,1.00
2013.06.27 22:49:11.768,1.52583,1.52597,1.25,1.00
2013.06.27 22:49:13.376,1.52583,1.52596,1.69,1.00
2013.06.27 22:49:16.387,1.52583,1.52589,1.69,1.00
2013.06.27 22:49:16.567,1.52567,1.52578,1.50,1.00
2013.06.27 22:49:17.106,1.52564,1.52578,2.44,1.00
2013.06.27 22:49:18.258,1.52571,1.52584,1.00,1.00
2013.06.27 22:49:18.317,1.52573,1.52585,1.00,1.25
2013.06.27 22:49:18.905,1.52574,1.52587,1.00,1.69
2013.06.27 22:49:24.368,1.52574,1.52587,1.00,2.82
2013.06.27 22:49:24.727,1.52574,1.52576,1.00,1.13
2013.06.27 22:49:24.787,1.52566,1.52573,1.00,1.00
2013.06.27 22:49:24.847,1.52563,1.52568,1.13,1.00
2013.06.27 22:49:24.906,1.52563,1.52576,1.13,1.32
2013.06.27 22:49:25.028,1.52565,1.52576,1.00,1.13
2013.06.27 22:49:25.387,1.52573,1.52584,1.00,1.19
2013.06.27 22:49:25.976,1.52572,1.52583,1.00,1.19
2013.06.27 22:49:26.507,1.52572,1.52583,1.00,1.00
2013.06.27 22:49:26.566,1.52569,1.52585,1.00,1.13
2013.06.27 22:49:26.627,1.52573,1.52585,1.00,1.13
2013.06.27 22:49:26.866,1.52573,1.52588,1.00,1.19
2013.06.27 22:49:27.417,1.52574,1.52589,1.00,2.07
2013.06.27 22:49:27.846,1.52575,1.52584,1.00,1.00
2013.06.27 22:49:28.027,1.52569,1.52581,1.00,1.00
2013.06.27 22:49:28.087,1.52567,1.52583,1.19,1.88
2013.06.27 22:49:28.967,1.52567,1.52582,1.19,1.00
2013.06.27 22:49:30.368,1.52568,1.52582,1.00,1.00
2013.06.27 22:49:30.487,1.52571,1.52584,1.00,1.13
2013.06.27 22:49:30.727,1.52572,1.52591,2.44,2.44
2013.06.27 22:49:32.387,1.52575,1.52589,1.00,1.00
2013.06.27 22:49:33.916,1.52577,1.52588,1.00,1.00
2013.06.27 22:49:34.859,1.52573,1.52587,1.69,1.00
2013.06.27 22:49:34.917,1.52573,1.52579,1.69,1.00
2013.06.27 22:49:35.037,1.52572,1.52578,1.00,1.00
2013.06.27 22:49:35.097,1.52567,1.52578,1.19,1.00
2013.06.27 22:49:35.277,1.52571,1.52578,1.00,1.00
2013.06.27 22:49:35.397,1.52572,1.52586,1.00,2.82
2013.06.27 22:49:35.517,1.52575,1.52586,1.00,2.07
2013.06.27 22:49:35.577,1.52573,1.52586,1.00,1.32
2013.06.27 22:49:36.596,1.52575,1.52586,1.00,1.69
2013.06.27 22:49:36.718,1.52575,1.52586,1.00,1.00
2013.06.27 22:49:37.259,1.52576,1.52587,1.00,1.00
2013.06.27 22:49:44.367,1.52576,1.52579,1.00,1.00
2013.06.27 22:49:44.547,1.52574,1.52578,1.00,1.00
2013.06.27 22:49:44.607,1.52569,1.52578,1.00,1.00
2013.06.27 22:49:44.787,1.52571,1.52578,1.00,1.00
2013.06.27 22:49:44.967,1.52574,1.52582,1.50,1.13
2013.06.27 22:49:45.147,1.52576,1.52582,1.00,1.13
2013.06.27 22:49:45.578,1.52574,1.52582,1.00,1.13
2013.06.27 22:49:45.697,1.52572,1.52582,1.00,1.13
2013.06.27 22:49:45.817,1.52572,1.52586,1.00,1.00
2013.06.27 22:49:47.187,1.52573,1.52584,1.00,1.00
2013.06.27 22:49:52.226,1.52573,1.52584,1.00,1.19
2013.06.27 22:49:59.777,1.52573,1.52587,1.00,1.19
2013.06.27 22:49:59.896,1.52573,1.52588,1.00,1.00
2013.06.27 22:50:00.437,1.52574,1.5259,1.00,2.07
2013.06.27 22:50:01.318,1.52576,1.5259,1.00,2.82
2013.06.27 22:50:02.626,1.52577,1.52588,1.00,1.00
2013.06.27 22:50:07.237,1.52577,1.52589,1.00,1.25
2013.06.27 22:50:10.728,1.52577,1.52588,1.00,1.00
2013.06.27 22:50:31.217,1.52578,1.52589,1.00,1.00
2013.06.27 22:51:22.927,1.52578,1.52589,1.00,1.19
2013.06.27 22:51:23.287,1.52577,1.52586,1.00,1.00
2013.06.27 22:51:25.526,1.52577,1.52588,1.00,2.44
2013.06.27 22:51:27.507,1.52577,1.52586,1.00,1.19
2013.06.27 22:51:30.419,1.52577,1.52588,1.00,1.19
2013.06.27 22:51:31.467,1.52577,1.52586,1.00,1.00
2013.06.27 22:51:40.207,1.52575,1.52586,1.00,1.00
2013.06.27 22:51:42.957,1.52575,1.52585,1.00,1.19
2013.06.27 22:51:56.077,1.52575,1.52586,1.00,1.19
2013.06.27 22:51:57.277,1.52575,1.52587,1.00,1.19
2013.06.27 22:51:57.902,1.52575,1.52585,1.00,1.00
2013.06.27 22:51:58.775,1.52575,1.52585,1.00,1.19
2013.06.27 22:52:07.658,1.52573,1.52585,1.00,1.19
2013.06.27 22:52:08.218,1.52572,1.52585,1.00,1.00
2013.06.27 22:52:09.327,1.52573,1.52585,1.00,1.50
2013.06.27 22:52:18.067,1.52573,1.52585,1.00,1.19
2013.06.27 22:52:21.487,1.52573,1.52583,1.00,1.19
2013.06.27 22:52:25.344,1.52573,1.52584,1.00,1.25
2013.06.27 22:52:25.469,1.52571,1.52584,1.00,1.25
2013.06.27 22:52:28.958,1.52571,1.52582,1.00,1.00
2013.06.27 22:52:32.397,1.52572,1.52584,1.00,1.00
2013.06.27 22:52:32.947,1.52573,1.52584,1.00,1.69
2013.06.27 22:52:41.727,1.52573,1.52583,1.00,1.19
2013.06.27 22:53:01.347,1.52573,1.52582,1.00,1.19
2013.06.27 22:53:08.940,1.52573,1.52582,1.00,1.00
2013.06.27 22:53:09.514,1.52573,1.52583,1.00,1.00
2013.06.27 22:53:23.318,1.52573,1.52583,1.00,1.19
2013.06.27 22:53:25.399,1.52573,1.52584,1.00,1.25
2013.06.27 22:53:25.521,1.52573,1.52584,1.00,1.19
2013.06.27 22:53:30.437,1.52573,1.52584,1.00,1.00
2013.06.27 22:53:30.617,1.52572,1.52586,1.50,1.00
2013.06.27 22:53:30.677,1.52572,1.52586,1.50,1.19
2013.06.27 22:53:47.328,1.52572,1.52584,1.50,1.69
2013.06.27 22:53:50.769,1.52572,1.52583,1.50,1.19
2013.06.27 22:53:52.587,1.52572,1.52584,1.50,1.25
2013.06.27 22:53:57.247,1.52572,1.52584,1.50,1.69
2013.06.27 22:53:57.808,1.52572,1.52583,1.50,1.19
2013.06.27 22:54:00.156,1.52572,1.52584,1.50,1.69
2013.06.27 22:54:03.627,1.52572,1.5258,1.50,1.19
2013.06.27 22:54:25.438,1.52572,1.52582,1.00,1.19
2013.06.27 22:54:28.818,1.52572,1.52581,1.00,1.19
2013.06.27 22:54:30.630,1.52572,1.52584,1.50,1.00
2013.06.27 22:54:33.897,1.52572,1.52583,2.25,1.00
2013.06.27 22:54:35.467,1.52572,1.52582,2.25,1.19
2013.06.27 22:54:38.823,1.52572,1.52581,2.25,1.19
2013.06.27 22:54:41.137,1.52572,1.5258,1.50,1.19
2013.06.27 22:54:42.388,1.52572,1.52581,1.50,1.19
2013.06.27 22:54:45.488,1.52572,1.52579,1.50,1.19
2013.06.27 22:55:06.407,1.52572,1.5258,1.50,1.19
2013.06.27 22:55:12.406,1.52572,1.52581,1.50,1.19
2013.06.27 22:55:16.578,1.52572,1.5258,1.50,1.19
2013.06.27 22:55:18.837,1.52572,1.52579,1.50,1.19
2013.06.27 22:55:25.320,1.52572,1.52579,1.50,1.00
2013.06.27 22:55:25.858,1.52569,1.52579,1.00,1.00
2013.06.27 22:55:30.338,1.52571,1.52579,1.00,1.00
2013.06.27 22:55:30.397,1.52572,1.52584,1.00,4.35
2013.06.27 22:55:30.940,1.52572,1.52583,1.00,1.25
2013.06.27 22:55:41.648,1.52572,1.52582,1.00,1.19
2013.06.27 22:55:44.309,1.52572,1.5258,1.00,1.00
2013.06.27 22:55:50.757,1.52572,1.52579,1.00,1.00
2013.06.27 22:55:54.178,1.52571,1.52581,1.00,1.00
2013.06.27 22:55:54.237,1.52569,1.52581,1.00,1.00
2013.06.27 22:55:55.727,1.5257,1.52581,1.00,1.00
2013.06.27 22:55:59.038,1.5257,1.5258,1.00,1.19
2013.06.27 22:56:02.388,1.52569,1.5258,1.50,1.19
2013.06.27 22:56:06.289,1.52569,1.52579,1.50,1.19
2013.06.27 22:56:12.192,1.5257,1.52578,1.00,1.00
2013.06.27 22:56:18.331,1.5257,1.52578,1.00,1.19
2013.06.27 22:56:22.327,1.5257,1.5258,1.00,1.00
2013.06.27 22:56:25.435,1.52569,1.5258,1.00,1.00
2013.06.27 22:56:26.072,1.52568,1.52579,1.00,1.00
2013.06.27 22:56:28.924,1.52568,1.52579,1.00,1.19
2013.06.27 22:56:34.077,1.52568,1.52578,1.00,1.19
2013.06.27 22:56:39.657,1.52568,1.52579,1.00,1.50
2013.06.27 22:56:44.758,1.52568,1.52577,1.00,1.19
2013.06.27 22:56:45.298,1.52567,1.52577,1.00,1.19
2013.06.27 22:56:45.538,1.52564,1.52577,1.00,1.19
2013.06.27 22:56:45.658,1.52567,1.52577,1.00,1.19
2013.06.27 22:56:48.878,1.52567,1.52577,1.00,1.00
2013.06.27 22:56:49.578,1.52565,1.52577,1.00,1.00
2013.06.27 22:56:49.698,1.52565,1.52569,1.00,1.00
2013.06.27 22:56:49.758,1.52563,1.52568,1.00,1.00
2013.06.27 22:56:49.817,1.52561,1.52568,1.00,1.00
2013.06.27 22:56:49.997,1.52556,1.52568,1.69,1.00
2013.06.27 22:56:50.897,1.52559,1.52569,1.50,1.19
2013.06.27 22:56:52.288,1.52561,1.52569,1.00,1.19
2013.06.27 22:56:52.348,1.52559,1.52569,1.50,1.19
2013.06.27 22:56:55.496,1.52561,1.52569,1.00,1.69
2013.06.27 22:56:55.798,1.52564,1.52572,1.00,1.19
2013.06.27 22:56:56.157,1.52562,1.52572,1.00,1.19
2013.06.27 22:56:56.217,1.52561,1.52568,1.00,1.00
2013.06.27 22:57:00.148,1.52562,1.52569,1.00,1.25
2013.06.27 22:57:00.268,1.52562,1.52573,1.00,1.00
2013.06.27 22:57:06.451,1.52562,1.52571,1.50,1.19
2013.06.27 22:57:09.077,1.52562,1.52569,1.50,1.19
2013.06.27 22:57:17.567,1.52562,1.52568,1.50,1.19
2013.06.27 22:57:20.198,1.52562,1.52569,1.50,1.00
2013.06.27 22:57:22.888,1.52564,1.52569,1.00,1.00
2013.06.27 22:57:25.461,1.52564,1.52572,1.00,1.00
2013.06.27 22:57:44.210,1.52564,1.52572,1.00,1.69
2013.06.27 22:57:45.951,1.52564,1.52573,1.00,1.00
2013.06.27 22:58:08.898,1.52564,1.52572,1.00,1.00
2013.06.27 22:58:11.457,1.52564,1.52572,1.00,1.19
2013.06.27 22:58:20.518,1.52564,1.52573,1.00,1.19
2013.06.27 22:58:25.787,1.52564,1.52574,1.00,1.00
2013.06.27 22:58:31.647,1.52564,1.52574,1.00,1.69
2013.06.27 22:58:36.636,1.52561,1.52573,1.00,1.69
2013.06.27 22:58:36.697,1.52561,1.52572,1.00,1.19
2013.06.27 22:58:36.756,1.52559,1.52572,1.50,1.19
2013.06.27 22:58:39.925,1.5256,1.52572,1.00,1.69
2013.06.27 22:58:40.885,1.5256,1.5257,1.00,1.19
2013.06.27 22:58:45.326,1.5256,1.5257,1.00,1.00
2013.06.27 22:58:46.833,1.52559,1.5257,1.50,1.00
2013.06.27 22:58:47.135,1.52558,1.52568,1.00,1.00
2013.06.27 22:58:53.856,1.52558,1.52568,1.00,1.69
2013.06.27 22:59:14.296,1.52558,1.52568,1.00,1.25
2013.06.27 22:59:23.243,1.52557,1.52568,1.00,1.00
2013.06.27 22:59:31.836,1.52556,1.52568,2.25,1.25
2013.06.27 22:59:32.196,1.52564,1.52568,1.00,1.00
2013.06.27 22:59:39.356,1.52564,1.52572,1.00,1.00
2013.06.27 22:59:39.476,1.52564,1.52577,1.00,1.19
2013.06.27 22:59:39.656,1.52564,1.52579,1.00,1.32
2013.06.27 22:59:39.988,1.52566,1.52579,1.00,1.32
2013.06.27 22:59:47.156,1.52566,1.52577,1.00,2.63
2013.06.27 22:59:47.396,1.52564,1.52576,1.00,1.69
2013.06.27 22:59:47.576,1.52566,1.52577,1.00,1.13
2013.06.27 22:59:48.135,1.52564,1.52576,1.69,1.00
2013.06.27 22:59:48.626,1.52565,1.52579,1.00,1.00
2013.06.27 22:59:53.255,1.52566,1.52579,1.00,1.25
