2012.01.12 15:00:00.237,1.5335,1.53355,1.09,3.00
2012.01.12 15:00:00.465,1.53353,1.53359,1.50,2.59
2012.01.12 15:00:00.550,1.53356,1.5336,1.50,2.25
2012.01.12 15:00:00.698,1.5336,1.53367,1.84,1.50
2012.01.12 15:00:01.258,1.53366,1.53375,1.50,1.50
2012.01.12 15:00:01.388,1.5336,1.5337,1.05,1.50
2012.01.12 15:00:01.966,1.53355,1.53367,1.50,2.59
2012.01.12 15:00:02.083,1.53354,1.53364,1.50,1.50
2012.01.12 15:00:02.309,1.53354,1.53367,3.00,2.63
2012.01.12 15:00:02.387,1.53358,1.53369,1.50,1.50
2012.01.12 15:00:02.545,1.53358,1.53371,1.50,1.50
2012.01.12 15:00:02.628,1.53361,1.53371,1.50,1.50
2012.01.12 15:00:03.657,1.53359,1.53372,1.50,1.50
2012.01.12 15:00:03.984,1.53359,1.53373,1.50,2.25
2012.01.12 15:00:04.480,1.53359,1.53373,2.25,2.25
2012.01.12 15:00:05.426,1.5336,1.53373,2.25,1.50
2012.01.12 15:00:05.507,1.53362,1.53373,1.50,1.50
2012.01.12 15:00:05.823,1.53364,1.53374,1.50,1.50
2012.01.12 15:00:06.128,1.53362,1.53374,5.40,1.50
2012.01.12 15:00:06.277,1.53362,1.53376,5.55,3.00
2012.01.12 15:00:07.075,1.53364,1.53374,1.13,1.50
2012.01.12 15:00:07.166,1.53364,1.53376,2.25,1.13
2012.01.12 15:00:07.248,1.53364,1.53377,2.25,1.07
2012.01.12 15:00:07.857,1.53364,1.53377,2.25,2.57
2012.01.12 15:00:07.968,1.53362,1.53375,3.15,1.50
2012.01.12 15:00:08.253,1.53362,1.53376,4.65,2.25
2012.01.12 15:00:08.785,1.53363,1.53376,1.05,1.50
2012.01.12 15:00:09.145,1.53362,1.53376,4.50,1.50
2012.01.12 15:00:09.704,1.53362,1.53376,4.50,1.50
2012.01.12 15:00:10.814,1.53362,1.53376,4.50,1.50
2012.01.12 15:00:11.351,1.53362,1.53376,4.50,2.25
2012.01.12 15:00:11.426,1.53362,1.53376,4.50,3.00
2012.01.12 15:00:11.511,1.53362,1.53375,4.50,1.50
2012.01.12 15:00:11.653,1.5336,1.53373,3.20,1.50
2012.01.12 15:00:11.793,1.53358,1.53372,3.95,2.25
2012.01.12 15:00:12.156,1.53359,1.53365,1.05,1.50
2012.01.12 15:00:12.664,1.53359,1.53367,1.05,3.75
2012.01.12 15:00:13.394,1.53359,1.53372,2.55,1.50
2012.01.12 15:00:13.479,1.53359,1.53372,2.25,1.50
2012.01.12 15:00:14.127,1.53361,1.53372,1.50,1.50
2012.01.12 15:00:14.740,1.53359,1.53372,2.25,1.50
2012.01.12 15:00:14.883,1.53357,1.53371,1.50,2.25
2012.01.12 15:00:15.028,1.53357,1.53368,1.84,2.25
2012.01.12 15:00:15.592,1.53359,1.53373,2.25,3.00
2012.01.12 15:00:15.662,1.53359,1.53373,2.25,3.00
2012.01.12 15:00:16.088,1.53359,1.53373,3.00,3.00
2012.01.12 15:00:16.304,1.53359,1.53373,4.50,2.25
2012.01.12 15:00:16.652,1.53361,1.53375,2.25,3.00
2012.01.12 15:00:17.157,1.53364,1.53377,1.50,2.25
2012.01.12 15:00:17.239,1.53365,1.53377,2.25,2.25
2012.01.12 15:00:17.791,1.53367,1.5338,1.50,3.75
2012.01.12 15:00:20.289,1.53367,1.5338,1.50,3.75
2012.01.12 15:00:21.955,1.53367,1.5338,1.50,6.15
2012.01.12 15:00:22.313,1.53367,1.5338,3.15,5.40
2012.01.12 15:00:22.831,1.53367,1.5338,3.15,5.40
2012.01.12 15:00:23.112,1.53367,1.53379,2.25,1.88
2012.01.12 15:00:23.569,1.53367,1.53379,2.25,1.88
2012.01.12 15:00:26.280,1.53367,1.53379,2.25,2.63
2012.01.12 15:00:26.632,1.53367,1.53379,2.25,2.63
2012.01.12 15:00:27.174,1.53367,1.53379,1.50,4.13
2012.01.12 15:00:28.326,1.53367,1.53379,3.75,2.63
2012.01.12 15:00:28.831,1.53367,1.5338,3.75,2.25
2012.01.12 15:00:29.385,1.53367,1.53379,3.75,2.63
2012.01.12 15:00:30.327,1.53368,1.53381,2.59,1.50
2012.01.12 15:00:30.424,1.53374,1.53387,2.25,2.78
2012.01.12 15:00:31.572,1.53373,1.53385,2.63,1.50
2012.01.12 15:00:31.644,1.53373,1.53381,2.63,3.75
2012.01.12 15:00:31.722,1.53373,1.53381,2.63,3.75
2012.01.12 15:00:32.555,1.53373,1.53385,2.63,1.50
2012.01.12 15:00:33.561,1.53373,1.53387,4.13,5.78
2012.01.12 15:00:33.832,1.53373,1.53381,1.88,2.25
2012.01.12 15:00:34.590,1.53373,1.53382,2.63,2.25
2012.01.12 15:00:35.203,1.53376,1.53385,1.50,1.50
2012.01.12 15:00:35.351,1.53378,1.53385,1.88,3.00
2012.01.12 15:00:35.707,1.53377,1.53384,1.50,2.25
2012.01.12 15:00:36.378,1.53383,1.53392,2.25,1.88
2012.01.12 15:00:36.579,1.53383,1.53392,2.25,1.88
2012.01.12 15:00:36.990,1.53383,1.53397,4.13,3.75
2012.01.12 15:00:37.205,1.53388,1.534,1.88,5.25
2012.01.12 15:00:37.569,1.5339,1.53402,2.25,2.63
2012.01.12 15:00:38.328,1.53388,1.53402,5.63,3.38
2012.01.12 15:00:38.668,1.53388,1.534,2.63,1.50
2012.01.12 15:00:38.947,1.53388,1.53402,4.13,3.38
2012.01.12 15:00:39.500,1.53389,1.53402,2.25,1.88
2012.01.12 15:00:40.363,1.53389,1.53402,2.25,1.88
2012.01.12 15:00:40.505,1.53393,1.534,1.88,1.50
2012.01.12 15:00:40.725,1.53393,1.53404,1.88,2.25
2012.01.12 15:00:41.015,1.53395,1.53406,1.50,4.77
2012.01.12 15:00:41.580,1.53395,1.53406,1.50,3.94
2012.01.12 15:00:42.216,1.53393,1.53402,1.88,1.50
2012.01.12 15:00:46.185,1.53393,1.53402,1.88,3.00
2012.01.12 15:00:46.691,1.53393,1.53402,1.88,3.00
2012.01.12 15:00:48.299,1.53393,1.53402,1.88,2.25
2012.01.12 15:00:48.710,1.53393,1.53404,1.88,3.00
2012.01.12 15:00:49.323,1.53393,1.53402,1.88,1.50
2012.01.12 15:00:51.554,1.53393,1.53404,2.63,2.25
2012.01.12 15:00:51.635,1.53393,1.53402,2.63,1.50
2012.01.12 15:00:51.996,1.53388,1.53399,4.88,3.00
2012.01.12 15:00:52.285,1.53388,1.53397,2.25,1.88
2012.01.12 15:00:52.748,1.53388,1.53402,4.13,4.88
2012.01.12 15:00:53.598,1.5339,1.53402,2.25,3.38
2012.01.12 15:00:53.885,1.53392,1.53402,1.50,2.63
2012.01.12 15:00:54.244,1.5339,1.53402,2.25,2.63
2012.01.12 15:00:54.962,1.5339,1.53402,2.25,2.63
2012.01.12 15:00:55.775,1.5339,1.53402,3.75,1.88
2012.01.12 15:00:56.136,1.53395,1.53408,2.25,2.18
2012.01.12 15:00:56.774,1.53399,1.53409,2.25,2.81
2012.01.12 15:00:57.398,1.53398,1.53409,2.63,2.25
2012.01.12 15:00:57.784,1.53403,1.53413,2.63,1.50
2012.01.12 15:00:57.864,1.53403,1.5342,2.63,1.50
2012.01.12 15:00:58.017,1.53408,1.53416,1.88,1.50
2012.01.12 15:00:58.362,1.53408,1.53414,1.88,1.50
2012.01.12 15:00:59.146,1.53408,1.53412,1.88,1.50
2012.01.12 15:00:59.236,1.53403,1.53413,2.63,1.50
2012.01.12 15:00:59.661,1.53403,1.53415,2.63,2.25
2012.01.12 15:00:59.860,1.53403,1.53413,2.63,1.50
2012.01.12 15:01:00.360,1.53403,1.53412,1.88,1.50
2012.01.12 15:01:01.040,1.53403,1.53412,1.88,1.50
2012.01.12 15:01:01.132,1.53399,1.53407,1.50,2.63
2012.01.12 15:01:01.223,1.53396,1.53407,1.88,3.38
2012.01.12 15:01:01.384,1.53394,1.53406,1.13,2.25
2012.01.12 15:01:01.469,1.53393,1.53407,4.50,4.88
2012.01.12 15:01:01.615,1.53393,1.53407,4.50,6.38
2012.01.12 15:01:01.905,1.53394,1.53406,1.13,3.00
2012.01.12 15:01:02.579,1.53394,1.53403,1.13,2.25
2012.01.12 15:01:02.666,1.53393,1.53402,2.25,3.00
2012.01.12 15:01:02.742,1.5339,1.53397,1.13,1.88
2012.01.12 15:01:02.884,1.53389,1.53397,1.50,1.88
2012.01.12 15:01:02.971,1.53386,1.53392,2.25,1.88
2012.01.12 15:01:03.332,1.53382,1.53389,1.88,3.00
2012.01.12 15:01:04.080,1.53382,1.53387,1.50,2.63
2012.01.12 15:01:04.343,1.53374,1.53384,1.50,3.75
2012.01.12 15:01:04.492,1.53374,1.53382,1.50,1.88
2012.01.12 15:01:04.915,1.53373,1.53382,2.63,2.25
2012.01.12 15:01:05.565,1.53371,1.5338,1.88,2.25
2012.01.12 15:01:05.735,1.53369,1.53378,3.38,2.25
2012.01.12 15:01:05.883,1.53371,1.53382,1.50,3.38
2012.01.12 15:01:05.950,1.53371,1.53382,2.25,1.88
2012.01.12 15:01:06.506,1.53371,1.53382,3.75,1.88
2012.01.12 15:01:07.129,1.5338,1.53387,1.50,3.38
2012.01.12 15:01:07.214,1.53382,1.53387,1.50,1.88
2012.01.12 15:01:07.576,1.53384,1.53396,2.25,5.25
2012.01.12 15:01:07.656,1.53384,1.53395,2.25,2.25
2012.01.12 15:01:08.011,1.53388,1.53396,2.63,1.50
2012.01.12 15:01:08.224,1.53385,1.53395,3.38,3.00
2012.01.12 15:01:08.748,1.53386,1.53393,1.50,1.50
2012.01.12 15:01:09.111,1.53383,1.53393,2.63,1.50
2012.01.12 15:01:09.182,1.53383,1.53393,2.63,2.25
2012.01.12 15:01:09.740,1.53383,1.53394,2.63,1.50
2012.01.12 15:01:09.882,1.53383,1.53397,4.13,3.38
2012.01.12 15:01:10.306,1.53385,1.53396,2.25,1.50
2012.01.12 15:01:10.453,1.53385,1.53396,1.50,1.50
2012.01.12 15:01:10.525,1.53385,1.53393,1.50,2.25
2012.01.12 15:01:11.045,1.53383,1.53392,2.63,2.25
2012.01.12 15:01:11.132,1.53383,1.53397,4.13,3.38
2012.01.12 15:01:12.541,1.53385,1.53397,2.25,1.88
2012.01.12 15:01:13.621,1.53383,1.53397,4.13,4.13
2012.01.12 15:01:13.702,1.53381,1.53392,3.75,1.88
2012.01.12 15:01:14.265,1.53379,1.53391,2.25,3.00
2012.01.12 15:01:14.413,1.53378,1.53385,1.88,1.13
2012.01.12 15:01:14.484,1.53375,1.53382,3.34,2.25
2012.01.12 15:01:14.556,1.53373,1.53378,3.00,1.50
2012.01.12 15:01:14.915,1.53363,1.53375,2.25,1.45
2012.01.12 15:01:15.527,1.53361,1.53374,1.50,1.50
2012.01.12 15:01:15.848,1.53336,1.53345,1.50,1.64
2012.01.12 15:01:16.075,1.53337,1.53343,2.25,1.28
2012.01.12 15:01:16.161,1.53336,1.53342,2.25,1.28
2012.01.12 15:01:17.011,1.53335,1.53346,1.50,3.00
2012.01.12 15:01:17.294,1.53332,1.53345,3.75,3.00
2012.01.12 15:01:17.376,1.53332,1.53345,3.75,2.25
2012.01.12 15:01:17.734,1.53336,1.53346,2.25,2.25
2012.01.12 15:01:17.953,1.53336,1.53346,2.25,2.25
2012.01.12 15:01:18.548,1.53336,1.53346,2.25,2.25
2012.01.12 15:01:18.637,1.53336,1.53349,3.75,1.50
2012.01.12 15:01:18.992,1.53341,1.53354,1.50,2.95
2012.01.12 15:01:19.066,1.53341,1.53355,4.50,1.50
2012.01.12 15:01:19.717,1.53345,1.53356,2.25,1.50
2012.01.12 15:01:20.442,1.53343,1.53355,2.63,2.25
2012.01.12 15:01:20.603,1.53343,1.53352,2.63,3.00
2012.01.12 15:01:21.124,1.53338,1.53352,4.13,4.13
2012.01.12 15:01:22.056,1.53338,1.53352,4.13,4.13
2012.01.12 15:01:22.384,1.53338,1.5335,2.63,1.50
2012.01.12 15:01:22.977,1.53333,1.53344,3.34,2.25
2012.01.12 15:01:23.131,1.53333,1.53344,2.63,3.84
2012.01.12 15:01:23.931,1.53333,1.5334,2.63,2.25
2012.01.12 15:01:24.033,1.5333,1.53341,2.25,3.70
2012.01.12 15:01:24.109,1.53328,1.53337,2.25,1.88
2012.01.12 15:01:24.538,1.53326,1.53337,2.25,1.88
2012.01.12 15:01:24.820,1.53326,1.53337,2.25,1.88
2012.01.12 15:01:25.452,1.53328,1.53337,2.25,1.88
2012.01.12 15:01:25.545,1.53328,1.53337,2.25,1.88
2012.01.12 15:01:25.882,1.53328,1.53337,2.25,1.88
2012.01.12 15:01:26.094,1.53328,1.53342,4.13,4.13
2012.01.12 15:01:26.457,1.53334,1.53346,1.50,3.75
2012.01.12 15:01:26.532,1.53334,1.53346,2.25,3.75
2012.01.12 15:01:26.953,1.53334,1.53346,1.50,3.00
2012.01.12 15:01:27.387,1.53334,1.53346,2.25,3.00
2012.01.12 15:01:27.739,1.53333,1.53339,2.63,2.25
2012.01.12 15:01:28.155,1.53333,1.53344,2.63,1.50
2012.01.12 15:01:28.517,1.53334,1.53347,2.25,2.63
2012.01.12 15:01:29.200,1.53334,1.53347,2.25,1.88
2012.01.12 15:01:29.303,1.53338,1.53348,1.88,4.50
2012.01.12 15:01:29.598,1.53341,1.53352,3.75,1.88
2012.01.12 15:01:29.959,1.53346,1.53352,1.13,1.88
2012.01.12 15:01:30.320,1.53353,1.53357,3.75,1.88
2012.01.12 15:01:30.395,1.53351,1.5336,3.75,2.63
2012.01.12 15:01:31.003,1.53351,1.53357,1.50,1.88
2012.01.12 15:01:31.154,1.53351,1.53359,1.50,2.25
2012.01.12 15:01:31.297,1.53351,1.53357,1.84,1.88
2012.01.12 15:01:31.729,1.53349,1.53357,1.50,8.63
2012.01.12 15:01:32.510,1.53349,1.53353,1.50,2.25
2012.01.12 15:01:32.603,1.53345,1.53352,2.25,2.25
2012.01.12 15:01:32.680,1.53348,1.53352,1.88,2.25
2012.01.12 15:01:33.702,1.53343,1.53352,3.38,2.25
2012.01.12 15:01:33.771,1.53343,1.53354,3.38,2.25
2012.01.12 15:01:34.240,1.53346,1.53355,1.13,2.25
2012.01.12 15:01:34.866,1.53348,1.53355,4.13,2.25
2012.01.12 15:01:34.954,1.5335,1.53362,3.75,1.88
2012.01.12 15:01:35.456,1.53348,1.53361,2.63,1.50
2012.01.12 15:01:36.023,1.53353,1.53363,1.88,2.25
2012.01.12 15:01:36.704,1.53349,1.53361,2.25,2.25
2012.01.12 15:01:36.793,1.53349,1.53361,2.25,3.38
2012.01.12 15:01:37.154,1.53353,1.53363,2.25,1.07
2012.01.12 15:01:37.239,1.53352,1.53362,1.88,2.63
2012.01.12 15:01:37.714,1.53345,1.53357,2.25,1.88
2012.01.12 15:01:37.792,1.53345,1.53357,2.25,1.88
2012.01.12 15:01:38.310,1.53343,1.53352,2.25,1.88
2012.01.12 15:01:38.989,1.53341,1.53352,2.25,1.88
2012.01.12 15:01:39.341,1.53341,1.53352,2.25,1.88
2012.01.12 15:01:40.403,1.53346,1.53355,1.50,1.50
2012.01.12 15:01:40.616,1.53348,1.53357,2.63,3.00
2012.01.12 15:01:40.769,1.53353,1.53357,1.88,1.50
2012.01.12 15:01:40.915,1.53353,1.5336,1.88,3.00
2012.01.12 15:01:41.061,1.53353,1.53362,2.63,3.00
2012.01.12 15:01:41.134,1.53353,1.53362,2.63,3.75
2012.01.12 15:01:41.291,1.53353,1.53362,1.88,3.75
2012.01.12 15:01:42.167,1.53353,1.53364,2.63,1.50
2012.01.12 15:01:42.248,1.53353,1.53362,2.63,1.50
2012.01.12 15:01:43.234,1.53353,1.53364,2.63,3.00
2012.01.12 15:01:43.446,1.53353,1.53364,9.75,1.50
2012.01.12 15:01:44.103,1.53358,1.53364,1.88,1.50
2012.01.12 15:01:44.189,1.53358,1.53368,2.63,3.00
2012.01.12 15:01:44.331,1.53358,1.53366,2.63,1.50
2012.01.12 15:01:44.663,1.53356,1.53364,2.63,1.13
2012.01.12 15:01:44.807,1.53352,1.53361,2.25,1.13
2012.01.12 15:01:44.887,1.53352,1.53359,2.25,1.50
2012.01.12 15:01:44.962,1.53348,1.53359,2.63,1.50
2012.01.12 15:01:45.242,1.53348,1.53359,4.13,1.50
2012.01.12 15:01:45.312,1.53348,1.53361,4.13,3.75
2012.01.12 15:01:45.593,1.53353,1.53364,1.88,2.95
2012.01.12 15:01:45.661,1.53353,1.53362,1.88,1.50
2012.01.12 15:01:46.239,1.53348,1.53361,7.88,2.25
2012.01.12 15:01:46.316,1.53349,1.53362,2.25,1.88
2012.01.12 15:01:46.872,1.53348,1.53361,2.63,1.50
2012.01.12 15:01:47.227,1.53338,1.53346,2.25,5.22
2012.01.12 15:01:48.433,1.53337,1.53342,2.25,1.88
2012.01.12 15:01:48.520,1.5332,1.53333,2.25,1.88
2012.01.12 15:01:48.768,1.53323,1.53333,1.88,1.96
2012.01.12 15:01:48.917,1.53323,1.53333,2.63,1.13
2012.01.12 15:01:48.997,1.53323,1.53334,2.63,1.50
2012.01.12 15:01:49.930,1.53325,1.53338,2.63,7.13
2012.01.12 15:01:50.225,1.53339,1.53343,2.25,1.88
2012.01.12 15:01:50.593,1.5334,1.53344,1.09,1.50
2012.01.12 15:01:51.747,1.5334,1.5335,2.63,3.75
2012.01.12 15:01:51.834,1.53336,1.5334,1.50,1.50
2012.01.12 15:01:51.932,1.53334,1.53346,1.50,1.50
2012.01.12 15:01:52.213,1.53335,1.53343,1.50,2.25
2012.01.12 15:01:52.732,1.53336,1.53347,1.88,2.10
2012.01.12 15:01:52.871,1.53336,1.53343,1.88,2.25
2012.01.12 15:01:53.014,1.53336,1.53347,1.88,3.60
2012.01.12 15:01:53.160,1.53336,1.53343,1.88,2.25
2012.01.12 15:01:54.393,1.53336,1.53347,1.13,3.60
2012.01.12 15:01:54.534,1.53333,1.53347,4.13,3.60
2012.01.12 15:01:54.752,1.53335,1.53345,1.13,2.63
2012.01.12 15:01:55.101,1.53338,1.53342,1.88,2.25
2012.01.12 15:01:55.172,1.53338,1.53348,2.63,2.25
2012.01.12 15:01:56.049,1.53338,1.53348,2.63,2.25
2012.01.12 15:01:56.613,1.53338,1.53348,2.63,2.25
2012.01.12 15:01:57.592,1.53338,1.53348,1.88,3.00
2012.01.12 15:01:58.122,1.53338,1.53348,1.88,3.00
2012.01.12 15:01:58.622,1.53337,1.53348,3.38,3.00
2012.01.12 15:01:58.973,1.53337,1.53348,3.38,3.00
2012.01.12 15:01:59.491,1.53337,1.53348,3.38,3.00
2012.01.12 15:02:00.323,1.53337,1.53351,3.38,6.38
2012.01.12 15:02:00.460,1.53337,1.53351,3.38,6.38
2012.01.12 15:02:00.811,1.53337,1.53351,3.38,6.38
2012.01.12 15:02:01.091,1.53339,1.53351,1.50,3.00
2012.01.12 15:02:01.620,1.53339,1.53352,1.50,2.63
2012.01.12 15:02:01.869,1.53338,1.53347,1.88,1.50
2012.01.12 15:02:01.951,1.53335,1.53345,1.88,3.00
2012.01.12 15:02:02.032,1.53327,1.53339,9.00,3.00
2012.01.12 15:02:02.588,1.53326,1.53339,2.17,3.00
2012.01.12 15:02:03.096,1.53322,1.53333,1.50,1.88
2012.01.12 15:02:03.318,1.53324,1.53329,1.50,1.88
2012.01.12 15:02:03.396,1.53321,1.53328,2.25,1.50
2012.01.12 15:02:03.545,1.53318,1.53326,1.50,2.25
2012.01.12 15:02:04.146,1.53315,1.53321,1.50,3.00
2012.01.12 15:02:04.314,1.53313,1.53321,2.25,3.00
2012.01.12 15:02:04.393,1.53314,1.5332,1.50,2.25
2012.01.12 15:02:04.467,1.53313,1.53323,3.00,1.50
2012.01.12 15:02:04.985,1.53314,1.53325,1.50,1.50
2012.01.12 15:02:05.578,1.53314,1.53326,2.25,1.45
2012.01.12 15:02:05.664,1.53316,1.53325,2.25,1.50
2012.01.12 15:02:06.015,1.53321,1.53327,3.75,2.63
2012.01.12 15:02:06.546,1.5332,1.53327,1.50,2.63
2012.01.12 15:02:07.106,1.53317,1.53327,2.25,1.88
2012.01.12 15:02:07.186,1.53317,1.53327,2.25,1.88
2012.01.12 15:02:07.335,1.53315,1.53327,2.25,1.88
2012.01.12 15:02:08.012,1.53315,1.53324,2.25,2.25
2012.01.12 15:02:08.359,1.53313,1.53319,2.25,2.25
2012.01.12 15:02:08.924,1.53314,1.53323,1.13,1.50
2012.01.12 15:02:09.006,1.53313,1.53323,2.63,1.50
2012.01.12 15:02:09.087,1.53313,1.53323,1.88,2.25
2012.01.12 15:02:09.164,1.53313,1.53321,1.88,2.25
2012.01.12 15:02:09.240,1.5331,1.53321,2.25,1.50
2012.01.12 15:02:09.739,1.53315,1.53322,1.50,4.88
2012.01.12 15:02:09.827,1.53317,1.53326,1.50,1.50
2012.01.12 15:02:10.328,1.53317,1.53324,2.25,2.63
2012.01.12 15:02:10.831,1.53319,1.53329,1.13,3.03
2012.01.12 15:02:11.323,1.53328,1.53333,1.88,1.59
2012.01.12 15:02:11.780,1.53326,1.53333,2.31,1.88
2012.01.12 15:02:11.861,1.5333,1.53336,6.90,3.00
2012.01.12 15:02:11.934,1.53326,1.53336,6.73,3.38
2012.01.12 15:02:12.089,1.53332,1.53341,2.25,2.25
2012.01.12 15:02:12.237,1.53333,1.53342,2.63,3.00
2012.01.12 15:02:12.317,1.53336,1.53342,1.50,3.00
2012.01.12 15:02:13.342,1.53338,1.5335,2.63,2.25
2012.01.12 15:02:13.429,1.53343,1.53349,2.63,2.25
2012.01.12 15:02:13.723,1.53341,1.53349,3.75,2.25
2012.01.12 15:02:13.862,1.53341,1.53347,3.00,2.25
2012.01.12 15:02:13.931,1.53341,1.53349,3.00,2.25
2012.01.12 15:02:14.009,1.53343,1.53354,2.63,1.13
2012.01.12 15:02:14.088,1.53343,1.53354,2.63,1.13
2012.01.12 15:02:14.304,1.53343,1.53349,1.88,2.25
2012.01.12 15:02:14.914,1.53343,1.53351,1.88,2.25
2012.01.12 15:02:15.001,1.53343,1.53355,4.13,1.13
2012.01.12 15:02:15.144,1.53346,1.53357,1.50,3.38
2012.01.12 15:02:15.433,1.53348,1.53361,4.13,3.75
2012.01.12 15:02:15.572,1.53348,1.53354,1.88,2.25
2012.01.12 15:02:15.922,1.53348,1.53361,2.63,3.00
2012.01.12 15:02:16.247,1.53348,1.5336,1.88,1.50
2012.01.12 15:02:16.335,1.53345,1.5335,2.63,2.25
2012.01.12 15:02:16.483,1.53348,1.53352,1.88,2.25
2012.01.12 15:02:17.037,1.53348,1.53354,1.88,2.25
2012.01.12 15:02:17.128,1.53343,1.53351,1.88,2.25
2012.01.12 15:02:17.272,1.53343,1.53351,2.63,2.25
2012.01.12 15:02:17.482,1.53343,1.53355,2.63,2.25
2012.01.12 15:02:17.553,1.53343,1.53355,2.63,3.00
2012.01.12 15:02:17.696,1.53343,1.53349,2.63,2.25
2012.01.12 15:02:18.051,1.53338,1.53351,2.63,2.25
2012.01.12 15:02:18.129,1.5334,1.53352,1.13,2.25
2012.01.12 15:02:18.206,1.53339,1.53349,1.88,2.25
2012.01.12 15:02:18.356,1.5334,1.53349,2.25,2.25
2012.01.12 15:02:18.992,1.53341,1.53352,1.50,1.88
2012.01.12 15:02:19.074,1.53344,1.53353,2.25,2.25
2012.01.12 15:02:19.212,1.53344,1.53349,1.50,2.25
2012.01.12 15:02:19.770,1.53344,1.53349,2.25,2.25
2012.01.12 15:02:20.672,1.53343,1.53349,2.63,2.25
2012.01.12 15:02:21.335,1.53343,1.53355,2.63,1.13
2012.01.12 15:02:21.842,1.5334,1.5335,2.25,2.25
2012.01.12 15:02:21.985,1.5334,1.5335,2.25,2.25
2012.01.12 15:02:22.411,1.5334,1.53352,2.25,5.63
2012.01.12 15:02:22.679,1.53338,1.53351,1.50,3.38
2012.01.12 15:02:23.832,1.53337,1.53348,2.25,2.25
2012.01.12 15:02:23.895,1.53338,1.53351,1.50,3.38
2012.01.12 15:02:24.123,1.53342,1.53354,2.25,3.42
2012.01.12 15:02:24.199,1.53342,1.53351,2.25,1.88
2012.01.12 15:02:24.349,1.53344,1.53354,1.50,3.09
2012.01.12 15:02:24.782,1.5334,1.53349,2.25,3.00
2012.01.12 15:02:25.308,1.53336,1.53347,2.25,1.88
2012.01.12 15:02:25.389,1.53336,1.53343,1.50,2.25
2012.01.12 15:02:25.812,1.53334,1.53343,1.50,3.00
2012.01.12 15:02:26.167,1.53333,1.53342,2.63,3.00
2012.01.12 15:02:27.682,1.53334,1.53347,1.50,5.71
2012.01.12 15:02:28.221,1.53333,1.53346,1.88,2.25
2012.01.12 15:02:29.149,1.53334,1.53347,1.50,4.88
2012.01.12 15:02:29.606,1.53334,1.53347,1.50,4.88
2012.01.12 15:02:33.039,1.53334,1.53347,1.50,2.63
2012.01.12 15:02:33.480,1.53334,1.53347,1.58,2.63
2012.01.12 15:02:34.113,1.53334,1.53347,2.33,2.63
2012.01.12 15:02:35.023,1.53334,1.53347,4.20,2.63
2012.01.12 15:02:35.579,1.53334,1.53347,4.73,2.63
2012.01.12 15:02:36.058,1.53338,1.5335,4.88,3.70
2012.01.12 15:02:36.553,1.53338,1.53352,4.88,4.13
2012.01.12 15:02:37.312,1.53338,1.53352,4.88,4.13
2012.01.12 15:02:37.452,1.53339,1.53352,1.50,4.13
2012.01.12 15:02:37.859,1.53338,1.53352,4.88,4.13
2012.01.12 15:02:38.002,1.53338,1.53347,2.25,1.88
2012.01.12 15:02:38.742,1.53338,1.5335,4.13,3.00
2012.01.12 15:02:39.432,1.53337,1.53344,2.25,1.50
2012.01.12 15:02:39.511,1.53335,1.53346,1.50,1.59
2012.01.12 15:02:40.251,1.53335,1.53347,1.50,2.63
2012.01.12 15:02:40.322,1.53335,1.53347,1.50,2.63
2012.01.12 15:02:40.465,1.53338,1.53349,1.88,2.95
2012.01.12 15:02:41.516,1.53338,1.53347,1.88,2.25
2012.01.12 15:02:42.017,1.53338,1.53347,1.88,2.25
2012.01.12 15:02:42.561,1.53338,1.53347,1.88,2.25
2012.01.12 15:02:43.111,1.53338,1.53347,1.88,2.25
2012.01.12 15:02:44.543,1.53338,1.53347,1.88,2.25
2012.01.12 15:02:45.096,1.53338,1.53348,1.88,2.25
2012.01.12 15:02:45.173,1.53338,1.53348,1.88,2.25
2012.01.12 15:02:45.679,1.53338,1.5335,1.88,2.25
2012.01.12 15:02:46.591,1.53338,1.5335,1.88,2.25
2012.01.12 15:02:47.122,1.53338,1.53351,1.88,2.25
2012.01.12 15:02:47.721,1.53338,1.53349,1.88,2.25
2012.01.12 15:02:48.120,1.53338,1.53349,1.88,2.25
2012.01.12 15:02:51.373,1.53338,1.53345,1.88,2.25
2012.01.12 15:02:51.796,1.53333,1.53347,3.38,7.88
2012.01.12 15:02:52.390,1.53333,1.53347,3.38,6.38
2012.01.12 15:02:52.995,1.53333,1.53347,3.38,6.38
2012.01.12 15:02:53.940,1.53324,1.53334,13.50,1.50
2012.01.12 15:02:54.081,1.53324,1.53332,6.67,2.63
2012.01.12 15:02:54.152,1.53328,1.53334,1.88,1.50
2012.01.12 15:02:54.742,1.53328,1.53339,3.38,3.00
2012.01.12 15:02:54.810,1.53328,1.53339,1.88,3.00
2012.01.12 15:02:54.879,1.53328,1.53336,1.88,2.25
2012.01.12 15:02:55.096,1.53328,1.5334,1.88,2.25
2012.01.12 15:02:56.019,1.53328,1.5334,2.63,2.25
2012.01.12 15:02:56.299,1.5333,1.5334,2.25,2.25
2012.01.12 15:02:56.642,1.53334,1.53341,3.53,1.50
2012.01.12 15:02:57.186,1.53343,1.53347,1.88,2.25
2012.01.12 15:02:57.308,1.53343,1.53353,1.88,1.59
2012.01.12 15:02:57.531,1.53343,1.53354,1.88,1.59
2012.01.12 15:02:57.675,1.53344,1.53352,1.50,3.00
2012.01.12 15:02:58.113,1.53344,1.53357,2.78,2.63
2012.01.12 15:02:58.190,1.53345,1.53357,1.50,2.63
2012.01.12 15:02:58.336,1.53347,1.53357,1.50,3.38
2012.01.12 15:02:59.549,1.53345,1.53357,3.75,2.63
2012.01.12 15:02:59.897,1.53347,1.53357,1.50,2.63
2012.01.12 15:03:00.720,1.53345,1.53357,1.50,2.63
2012.01.12 15:03:02.492,1.53344,1.53357,3.38,6.38
2012.01.12 15:03:03.352,1.53345,1.53357,2.25,2.63
2012.01.12 15:03:05.243,1.53345,1.53357,1.50,2.63
2012.01.12 15:03:05.972,1.53345,1.53357,1.50,4.88
2012.01.12 15:03:06.729,1.53345,1.53357,1.50,4.88
2012.01.12 15:03:07.700,1.53344,1.53356,1.13,3.00
2012.01.12 15:03:08.806,1.53345,1.53356,2.25,3.00
2012.01.12 15:03:09.330,1.53345,1.53356,1.50,3.00
2012.01.12 15:03:09.883,1.53344,1.53356,2.63,3.00
2012.01.12 15:03:10.409,1.53344,1.53357,2.25,6.38
2012.01.12 15:03:11.235,1.53344,1.53357,1.50,6.38
2012.01.12 15:03:11.966,1.53344,1.53357,3.00,6.38
2012.01.12 15:03:12.112,1.53348,1.53357,1.58,4.88
2012.01.12 15:03:12.253,1.53348,1.53361,4.20,4.50
2012.01.12 15:03:12.665,1.53348,1.53358,2.63,3.00
2012.01.12 15:03:13.216,1.53348,1.53358,4.13,3.00
2012.01.12 15:03:13.782,1.53349,1.53358,2.25,3.00
2012.01.12 15:03:14.133,1.53351,1.5336,1.88,3.00
2012.01.12 15:03:14.345,1.53347,1.53353,1.50,1.88
2012.01.12 15:03:14.780,1.53342,1.53353,1.50,4.13
2012.01.12 15:03:14.993,1.53339,1.5335,4.43,2.25
2012.01.12 15:03:15.663,1.53339,1.5335,6.75,1.50
2012.01.12 15:03:15.804,1.53343,1.53352,1.88,2.25
2012.01.12 15:03:15.879,1.53343,1.53354,6.38,3.09
2012.01.12 15:03:16.233,1.53348,1.53356,1.88,2.25
2012.01.12 15:03:16.518,1.53348,1.53359,1.88,2.25
2012.01.12 15:03:17.091,1.53345,1.53357,2.63,2.25
2012.01.12 15:03:17.180,1.53348,1.53357,1.88,2.25
2012.01.12 15:03:18.390,1.53348,1.53357,1.88,2.25
2012.01.12 15:03:19.323,1.53348,1.53357,1.88,2.25
2012.01.12 15:03:19.601,1.53348,1.53355,1.88,1.50
2012.01.12 15:03:20.113,1.53348,1.53357,1.88,2.25
2012.01.12 15:03:20.704,1.53348,1.53357,1.88,2.25
2012.01.12 15:03:21.230,1.53348,1.53357,1.88,2.25
2012.01.12 15:03:21.770,1.53348,1.53357,1.88,2.25
2012.01.12 15:03:22.299,1.53348,1.53357,1.88,2.25
2012.01.12 15:03:24.704,1.53348,1.53357,1.88,2.25
2012.01.12 15:03:25.208,1.53348,1.53357,1.88,2.25
2012.01.12 15:03:26.193,1.53348,1.53359,1.88,2.25
2012.01.12 15:03:28.292,1.53348,1.53361,1.88,2.25
2012.01.12 15:03:28.940,1.53348,1.53358,1.88,3.00
2012.01.12 15:03:29.762,1.53345,1.53354,1.50,2.63
2012.01.12 15:03:30.263,1.53346,1.53354,3.75,1.88
2012.01.12 15:03:30.614,1.53344,1.53354,3.75,1.88
2012.01.12 15:03:31.484,1.53344,1.53354,2.25,1.88
2012.01.12 15:03:31.573,1.53345,1.53354,1.50,1.88
2012.01.12 15:03:31.645,1.53349,1.53357,1.50,2.25
2012.01.12 15:03:31.807,1.53349,1.53358,2.63,2.25
2012.01.12 15:03:32.333,1.53349,1.53359,3.00,5.63
2012.01.12 15:03:33.800,1.53349,1.53356,1.88,1.88
2012.01.12 15:03:33.943,1.53349,1.53358,1.50,2.25
2012.01.12 15:03:34.244,1.53349,1.53358,1.50,2.25
2012.01.12 15:03:34.731,1.53348,1.53355,1.50,1.88
2012.01.12 15:03:35.464,1.53344,1.53355,5.63,1.88
2012.01.12 15:03:36.110,1.53347,1.53355,1.50,1.88
2012.01.12 15:03:36.872,1.53347,1.53355,2.25,1.88
2012.01.12 15:03:36.943,1.53349,1.53355,2.25,1.88
2012.01.12 15:03:37.955,1.53347,1.53355,2.25,1.88
2012.01.12 15:03:38.730,1.53345,1.53355,1.88,1.88
2012.01.12 15:03:39.468,1.53344,1.53355,1.50,1.88
2012.01.12 15:03:39.984,1.53345,1.53355,1.50,2.63
2012.01.12 15:03:40.590,1.53343,1.53355,2.25,1.88
2012.01.12 15:03:40.665,1.53346,1.53357,1.88,2.25
2012.01.12 15:03:41.282,1.53346,1.53357,1.88,2.25
2012.01.12 15:03:41.453,1.53342,1.53355,3.75,4.13
2012.01.12 15:03:41.738,1.53342,1.53353,3.00,2.25
2012.01.12 15:03:41.951,1.53342,1.53353,3.00,2.25
2012.01.12 15:03:42.285,1.53342,1.53355,3.00,5.63
2012.01.12 15:03:43.199,1.53343,1.53355,1.50,2.63
2012.01.12 15:03:43.301,1.53343,1.53355,1.50,2.63
2012.01.12 15:03:43.587,1.53345,1.53355,1.50,2.63
2012.01.12 15:03:43.668,1.53345,1.53355,1.50,1.88
2012.01.12 15:03:43.812,1.53347,1.53355,1.50,1.88
2012.01.12 15:03:44.021,1.53349,1.5336,1.50,3.38
2012.01.12 15:03:44.230,1.53349,1.5336,1.50,3.38
2012.01.12 15:03:45.041,1.53349,1.5336,1.50,2.63
2012.01.12 15:03:45.135,1.53345,1.53355,3.00,1.88
2012.01.12 15:03:47.219,1.53347,1.5336,3.00,2.63
2012.01.12 15:03:48.733,1.53347,1.5336,3.75,2.63
2012.01.12 15:03:50.661,1.53356,1.5336,2.25,1.88
2012.01.12 15:03:50.846,1.53358,1.53365,2.25,3.38
2012.01.12 15:03:51.441,1.53362,1.53369,2.25,1.50
2012.01.12 15:03:51.573,1.53362,1.53371,2.25,2.63
2012.01.12 15:03:51.671,1.53358,1.53371,3.00,2.63
2012.01.12 15:03:51.879,1.53362,1.53372,1.88,2.25
2012.01.12 15:03:52.186,1.53362,1.53374,5.63,1.59
2012.01.12 15:03:52.277,1.53362,1.53374,5.63,1.59
2012.01.12 15:03:52.567,1.53365,1.53376,2.25,3.38
2012.01.12 15:03:52.662,1.53365,1.53376,2.25,3.38
2012.01.12 15:03:53.233,1.53367,1.53377,2.25,3.38
2012.01.12 15:03:53.316,1.53367,1.53377,2.25,4.13
2012.01.12 15:03:53.532,1.53365,1.53377,1.50,3.38
2012.01.12 15:03:53.677,1.53363,1.53377,4.13,4.88
2012.01.12 15:03:53.829,1.53365,1.53377,1.50,4.13
2012.01.12 15:03:53.976,1.53365,1.53377,4.50,3.38
2012.01.12 15:03:54.121,1.53364,1.53377,1.50,4.88
2012.01.12 15:03:54.471,1.53364,1.53377,1.50,4.88
2012.01.12 15:03:55.592,1.53365,1.53377,2.25,2.63
2012.01.12 15:03:55.792,1.53367,1.53377,2.25,1.88
2012.01.12 15:03:55.861,1.53367,1.53377,5.25,2.63
2012.01.12 15:03:56.410,1.53367,1.53379,5.63,1.50
2012.01.12 15:03:56.498,1.53367,1.53381,6.38,4.13
2012.01.12 15:03:56.582,1.53372,1.53381,1.50,2.63
2012.01.12 15:03:57.151,1.53373,1.53381,2.25,2.63
2012.01.12 15:03:57.463,1.53378,1.53386,1.88,1.50
2012.01.12 15:03:57.610,1.53378,1.53389,1.88,1.50
2012.01.12 15:03:58.172,1.53379,1.53389,2.25,1.50
2012.01.12 15:03:58.737,1.53383,1.53389,2.25,1.50
2012.01.12 15:03:58.973,1.53378,1.5339,1.88,3.00
2012.01.12 15:03:59.060,1.53378,1.5339,1.88,4.50
2012.01.12 15:03:59.617,1.53378,1.53388,1.88,2.25
2012.01.12 15:03:59.766,1.53374,1.53387,1.50,2.63
2012.01.12 15:03:59.919,1.53369,1.53382,5.92,2.25
2012.01.12 15:04:00.457,1.53369,1.53382,3.75,2.25
2012.01.12 15:04:00.603,1.53369,1.53382,3.75,2.25
2012.01.12 15:04:00.740,1.53368,1.53378,4.47,2.25
2012.01.12 15:04:01.719,1.53368,1.53378,1.88,2.25
2012.01.12 15:04:01.917,1.53363,1.53376,6.72,2.25
2012.01.12 15:04:01.999,1.53363,1.53373,4.47,2.25
2012.01.12 15:04:02.756,1.53359,1.53369,1.50,3.75
2012.01.12 15:04:02.908,1.53358,1.53369,1.88,5.25
2012.01.12 15:04:02.984,1.53355,1.53366,2.25,2.63
2012.01.12 15:04:03.194,1.53353,1.53366,3.00,2.63
2012.01.12 15:04:04.269,1.53352,1.53365,1.88,2.25
2012.01.12 15:04:04.620,1.53354,1.53365,4.50,2.25
2012.01.12 15:04:05.027,1.53354,1.53363,3.75,2.25
2012.01.12 15:04:05.515,1.53357,1.53363,2.63,1.50
2012.01.12 15:04:06.015,1.53354,1.53363,1.50,2.63
2012.01.12 15:04:06.094,1.53354,1.53363,1.50,4.13
2012.01.12 15:04:06.163,1.53351,1.53363,1.50,4.13
2012.01.12 15:04:06.603,1.53357,1.53363,1.88,1.50
2012.01.12 15:04:06.672,1.53357,1.53367,1.88,2.25
2012.01.12 15:04:06.981,1.53353,1.53366,1.50,2.63
2012.01.12 15:04:07.130,1.53352,1.53364,2.63,2.25
2012.01.12 15:04:07.449,1.53348,1.53359,1.50,2.25
2012.01.12 15:04:08.275,1.53347,1.53359,3.38,2.25
2012.01.12 15:04:08.383,1.5335,1.53361,1.50,2.63
2012.01.12 15:04:08.568,1.53347,1.53359,3.38,2.25
2012.01.12 15:04:09.124,1.53347,1.53359,2.63,2.25
2012.01.12 15:04:09.953,1.53347,1.53359,2.63,2.25
2012.01.12 15:04:10.514,1.53344,1.53357,1.50,6.38
2012.01.12 15:04:10.672,1.53343,1.53355,4.13,3.00
2012.01.12 15:04:10.972,1.53339,1.53352,2.85,3.38
2012.01.12 15:04:11.573,1.53345,1.53352,5.63,3.38
2012.01.12 15:04:11.791,1.53353,1.53362,1.88,1.50
2012.01.12 15:04:11.881,1.53355,1.53366,6.00,3.75
2012.01.12 15:04:11.954,1.53354,1.53366,1.88,2.25
2012.01.12 15:04:12.490,1.53354,1.53358,4.88,1.50
2012.01.12 15:04:12.981,1.53358,1.53368,3.38,3.00
2012.01.12 15:04:13.078,1.53355,1.53366,5.25,1.50
2012.01.12 15:04:13.365,1.53358,1.53366,2.63,1.50
2012.01.12 15:04:14.160,1.53358,1.53367,2.63,1.50
2012.01.12 15:04:14.731,1.53353,1.53364,5.63,1.50
2012.01.12 15:04:15.080,1.53353,1.53362,4.13,1.50
2012.01.12 15:04:15.436,1.53344,1.53354,3.34,1.13
2012.01.12 15:04:15.799,1.53336,1.53342,1.50,2.63
2012.01.12 15:04:15.876,1.53334,1.53342,2.25,4.13
2012.01.12 15:04:16.397,1.53328,1.53336,1.88,3.00
2012.01.12 15:04:16.498,1.53331,1.53341,2.63,1.50
2012.01.12 15:04:16.577,1.53333,1.53343,3.38,3.00
2012.01.12 15:04:16.793,1.53335,1.53344,1.50,2.25
2012.01.12 15:04:17.248,1.53338,1.53348,1.88,2.25
2012.01.12 15:04:18.373,1.53338,1.53348,1.88,3.00
2012.01.12 15:04:18.501,1.53338,1.53348,1.88,2.25
2012.01.12 15:04:18.594,1.53344,1.5335,1.50,1.50
2012.01.12 15:04:18.667,1.53342,1.53352,2.25,2.63
2012.01.12 15:04:18.812,1.5334,1.53352,2.25,2.63
2012.01.12 15:04:19.361,1.53338,1.53352,3.38,4.13
2012.01.12 15:04:20.222,1.53338,1.53348,3.38,1.50
2012.01.12 15:04:20.579,1.53339,1.53352,1.50,4.13
2012.01.12 15:04:20.825,1.53346,1.53357,1.50,1.88
2012.01.12 15:04:20.992,1.53347,1.5336,3.00,2.25
2012.01.12 15:04:21.575,1.53351,1.53364,1.50,1.50
2012.01.12 15:04:21.735,1.53361,1.53372,2.25,1.13
2012.01.12 15:04:21.813,1.5336,1.53374,1.50,1.50
2012.01.12 15:04:22.095,1.53364,1.53378,6.75,3.00
2012.01.12 15:04:22.178,1.53364,1.53376,2.25,1.50
2012.01.12 15:04:22.252,1.53364,1.53376,2.25,1.50
2012.01.12 15:04:22.466,1.53363,1.53376,4.51,1.50
2012.01.12 15:04:23.064,1.53364,1.53377,2.25,2.63
2012.01.12 15:04:23.613,1.53364,1.53377,2.25,2.63
2012.01.12 15:04:24.162,1.53365,1.53377,3.00,1.88
2012.01.12 15:04:24.696,1.53372,1.53377,1.50,1.88
2012.01.12 15:04:24.779,1.5337,1.53377,1.50,1.88
2012.01.12 15:04:25.347,1.53368,1.53377,1.50,1.88
2012.01.12 15:04:26.082,1.53366,1.53377,1.50,2.63
2012.01.12 15:04:26.181,1.53363,1.53368,1.88,1.50
2012.01.12 15:04:26.533,1.53368,1.53379,1.88,1.50
2012.01.12 15:04:26.747,1.53374,1.53382,2.25,1.88
2012.01.12 15:04:27.581,1.53374,1.53382,1.50,2.63
2012.01.12 15:04:27.670,1.53372,1.53378,1.50,1.50
2012.01.12 15:04:27.822,1.5337,1.53378,1.50,1.50
2012.01.12 15:04:27.899,1.53368,1.53382,4.88,4.13
2012.01.12 15:04:28.259,1.53368,1.53378,1.88,3.00
2012.01.12 15:04:29.140,1.53368,1.53378,1.88,3.00
2012.01.12 15:04:29.287,1.53368,1.53378,1.88,1.50
2012.01.12 15:04:29.786,1.53368,1.53379,1.88,2.25
2012.01.12 15:04:30.352,1.53368,1.53379,1.88,3.00
2012.01.12 15:04:30.960,1.53368,1.53381,1.88,2.25
2012.01.12 15:04:31.520,1.53368,1.53378,1.88,1.50
2012.01.12 15:04:32.025,1.53368,1.53377,1.88,2.25
2012.01.12 15:04:32.174,1.53366,1.53377,2.63,2.25
2012.01.12 15:04:32.746,1.53363,1.53373,3.38,3.75
2012.01.12 15:04:32.853,1.53363,1.53374,2.25,4.84
2012.01.12 15:04:32.926,1.5336,1.53371,1.88,1.50
2012.01.12 15:04:33.140,1.53355,1.53365,3.00,1.50
2012.01.12 15:04:33.286,1.5336,1.53366,1.50,1.50
2012.01.12 15:04:33.367,1.53353,1.53362,4.88,2.63
2012.01.12 15:04:33.448,1.53358,1.53366,1.50,1.50
2012.01.12 15:04:34.000,1.53354,1.53366,5.25,1.59
2012.01.12 15:04:34.562,1.53346,1.53362,11.25,2.25
2012.01.12 15:04:34.707,1.53348,1.53358,3.00,2.48
2012.01.12 15:04:34.999,1.53344,1.53356,5.59,2.25
2012.01.12 15:04:35.215,1.53344,1.53356,1.84,2.70
2012.01.12 15:04:35.505,1.53344,1.53356,2.25,3.00
2012.01.12 15:04:35.790,1.53343,1.53354,1.88,2.25
2012.01.12 15:04:36.365,1.53343,1.53354,1.88,2.33
2012.01.12 15:04:36.722,1.53345,1.53355,1.50,3.84
2012.01.12 15:04:37.818,1.53345,1.53355,2.25,3.00
2012.01.12 15:04:37.972,1.53345,1.53356,3.38,3.75
2012.01.12 15:04:38.594,1.53349,1.53356,1.50,1.50
2012.01.12 15:04:38.682,1.53349,1.53358,1.50,3.00
2012.01.12 15:04:38.757,1.53349,1.5336,1.50,1.50
2012.01.12 15:04:39.061,1.53349,1.53358,3.00,2.25
2012.01.12 15:04:39.212,1.5335,1.53361,1.50,2.25
2012.01.12 15:04:39.494,1.53353,1.53362,1.88,1.50
2012.01.12 15:04:39.578,1.53353,1.53362,3.38,1.50
2012.01.12 15:04:40.288,1.53359,1.53366,1.84,2.25
2012.01.12 15:04:40.526,1.53363,1.5337,1.50,1.50
2012.01.12 15:04:41.689,1.53363,1.53376,7.13,1.50
2012.01.12 15:04:41.779,1.53368,1.53376,1.88,1.50
2012.01.12 15:04:42.062,1.53362,1.53374,3.75,1.50
2012.01.12 15:04:42.426,1.53373,1.53382,1.88,1.50
2012.01.12 15:04:43.173,1.53368,1.53373,2.25,1.88
2012.01.12 15:04:43.420,1.53368,1.5338,2.63,1.50
2012.01.12 15:04:43.563,1.53369,1.53378,3.75,1.50
2012.01.12 15:04:43.843,1.53371,1.53378,1.50,1.50
2012.01.12 15:04:44.190,1.53373,1.53382,1.88,1.50
2012.01.12 15:04:44.267,1.53373,1.53383,1.88,1.50
2012.01.12 15:04:44.421,1.53375,1.53382,2.25,1.50
2012.01.12 15:04:44.957,1.53375,1.53387,3.00,5.63
2012.01.12 15:04:45.459,1.53376,1.53385,2.25,2.63
2012.01.12 15:04:45.606,1.53376,1.53385,2.25,2.63
2012.01.12 15:04:45.975,1.53376,1.53385,3.00,2.63
2012.01.12 15:04:47.242,1.53374,1.53385,1.65,3.38
2012.01.12 15:04:47.351,1.53383,1.53393,1.50,2.25
2012.01.12 15:04:47.510,1.53382,1.53393,4.88,2.25
2012.01.12 15:04:47.609,1.53383,1.53393,1.50,2.25
2012.01.12 15:04:49.161,1.53382,1.53393,6.38,2.25
2012.01.12 15:04:49.319,1.53389,1.53395,2.25,2.63
2012.01.12 15:04:49.461,1.53397,1.53407,3.00,2.25
2012.01.12 15:04:50.150,1.53397,1.53402,2.25,1.88
2012.01.12 15:04:50.921,1.53397,1.53407,2.25,1.88
2012.01.12 15:04:51.006,1.53408,1.53412,2.25,1.88
2012.01.12 15:04:51.203,1.53406,1.53416,2.25,2.63
2012.01.12 15:04:51.409,1.53402,1.53411,3.75,1.50
2012.01.12 15:04:52.700,1.53416,1.5342,1.50,1.50
2012.01.12 15:04:52.978,1.53422,1.53427,1.50,3.38
2012.01.12 15:04:54.461,1.53419,1.53427,1.50,2.71
2012.01.12 15:04:55.249,1.53398,1.53402,1.50,1.88
2012.01.12 15:04:55.809,1.53396,1.53407,3.75,2.63
2012.01.12 15:04:56.202,1.53392,1.53405,3.00,2.25
2012.01.12 15:04:57.230,1.5339,1.53402,2.25,2.63
2012.01.12 15:04:57.527,1.53393,1.53401,1.88,2.25
2012.01.12 15:04:58.999,1.53398,1.53407,2.25,4.13
2012.01.12 15:04:59.106,1.53391,1.53402,1.50,2.63
2012.01.12 15:04:59.721,1.53393,1.53403,2.63,2.25
2012.01.12 15:05:00.222,1.53393,1.53403,3.38,1.50
2012.01.12 15:05:00.297,1.53396,1.53403,1.50,1.50
2012.01.12 15:05:00.585,1.53393,1.53404,2.63,3.00
2012.01.12 15:05:00.665,1.53394,1.53402,1.13,2.25
2012.01.12 15:05:01.454,1.53383,1.53394,4.80,1.50
2012.01.12 15:05:02.247,1.53386,1.53392,2.25,1.88
2012.01.12 15:05:02.357,1.5338,1.53392,3.75,2.63
2012.01.12 15:05:02.445,1.5338,1.53392,3.00,2.63
2012.01.12 15:05:02.593,1.53381,1.53392,1.50,2.63
2012.01.12 15:05:04.215,1.53381,1.53392,1.50,2.63
2012.01.12 15:05:04.361,1.53376,1.53387,1.50,2.63
2012.01.12 15:05:04.479,1.53374,1.53387,3.75,2.63
2012.01.12 15:05:04.991,1.53373,1.53386,1.88,2.25
2012.01.12 15:05:05.723,1.53374,1.53387,1.50,3.32
2012.01.12 15:05:05.793,1.53377,1.53387,2.25,4.15
2012.01.12 15:05:05.863,1.53382,1.53387,2.25,3.40
2012.01.12 15:05:05.934,1.53374,1.53387,4.50,2.63
2012.01.12 15:05:06.014,1.53374,1.53387,4.50,2.63
2012.01.12 15:05:06.584,1.53374,1.53387,3.75,2.63
2012.01.12 15:05:06.738,1.53375,1.53387,1.50,2.63
2012.01.12 15:05:07.302,1.53374,1.53387,2.25,4.13
2012.01.12 15:05:07.844,1.53381,1.53387,2.25,1.88
2012.01.12 15:05:07.992,1.53376,1.53382,1.50,2.63
2012.01.12 15:05:08.064,1.53374,1.53382,2.25,2.63
2012.01.12 15:05:08.950,1.53376,1.53387,1.50,3.75
2012.01.12 15:05:09.302,1.53376,1.53387,1.50,3.00
2012.01.12 15:05:09.448,1.5338,1.53387,2.25,2.63
2012.01.12 15:05:09.666,1.53378,1.53387,1.50,2.63
2012.01.12 15:05:10.091,1.5338,1.53387,2.25,2.63
2012.01.12 15:05:10.644,1.5338,1.53387,2.25,2.63
2012.01.12 15:05:11.005,1.53378,1.53382,2.25,1.88
2012.01.12 15:05:11.228,1.53382,1.53387,1.50,4.13
2012.01.12 15:05:11.377,1.53383,1.5339,1.50,3.46
2012.01.12 15:05:11.675,1.53378,1.53387,1.50,2.63
2012.01.12 15:05:11.758,1.53376,1.53389,3.75,2.63
2012.01.12 15:05:12.340,1.53381,1.53387,1.50,2.63
2012.01.12 15:05:12.430,1.53384,1.53391,1.50,1.50
2012.01.12 15:05:12.741,1.53385,1.53397,3.00,4.13
2012.01.12 15:05:12.881,1.53385,1.53397,3.00,4.13
2012.01.12 15:05:13.166,1.53386,1.53397,1.50,2.63
2012.01.12 15:05:13.793,1.53398,1.53405,5.63,1.45
2012.01.12 15:05:14.091,1.53403,1.53408,2.63,1.50
2012.01.12 15:05:14.242,1.53404,1.53409,3.00,1.50
2012.01.12 15:05:14.390,1.53405,1.53409,2.25,1.50
2012.01.12 15:05:14.608,1.53402,1.53409,1.50,1.50
2012.01.12 15:05:15.299,1.53398,1.53409,2.63,1.50
2012.01.12 15:05:15.816,1.53398,1.53407,2.25,3.38
2012.01.12 15:05:15.963,1.53398,1.5341,9.38,1.50
2012.01.12 15:05:16.718,1.53402,1.53414,4.50,1.50
2012.01.12 15:05:16.801,1.53403,1.53415,1.88,1.50
2012.01.12 15:05:16.880,1.53403,1.53414,4.13,2.25
2012.01.12 15:05:16.958,1.53402,1.53411,1.50,1.50
2012.01.12 15:05:17.526,1.53402,1.53409,1.50,4.50
2012.01.12 15:05:18.184,1.53399,1.53403,1.50,1.88
2012.01.12 15:05:18.268,1.53395,1.53403,2.25,1.88
2012.01.12 15:05:18.576,1.53394,1.53403,2.25,1.88
2012.01.12 15:05:19.007,1.53394,1.53407,2.25,2.63
2012.01.12 15:05:19.860,1.53393,1.53402,2.63,4.50
2012.01.12 15:05:20.170,1.53392,1.53405,3.00,1.13
2012.01.12 15:05:20.675,1.53401,1.53407,2.25,2.25
2012.01.12 15:05:20.972,1.53401,1.53408,2.25,2.25
2012.01.12 15:05:21.457,1.53395,1.53406,2.92,3.75
2012.01.12 15:05:21.826,1.53398,1.5341,4.13,1.50
2012.01.12 15:05:22.053,1.534,1.53412,3.00,4.13
2012.01.12 15:05:22.350,1.53409,1.53417,3.75,1.88
2012.01.12 15:05:22.921,1.5341,1.53422,4.13,3.38
2012.01.12 15:05:23.914,1.53412,1.53422,1.50,6.38
2012.01.12 15:05:24.484,1.53408,1.53417,3.00,1.88
2012.01.12 15:05:24.579,1.53404,1.53417,4.50,2.63
2012.01.12 15:05:24.656,1.53403,1.53407,4.13,1.50
2012.01.12 15:05:24.738,1.5341,1.53414,2.25,1.50
2012.01.12 15:05:24.819,1.53404,1.53412,2.25,1.88
2012.01.12 15:05:24.970,1.53404,1.53416,3.00,3.75
2012.01.12 15:05:25.183,1.53406,1.53416,3.75,1.50
2012.01.12 15:05:25.390,1.53408,1.53417,1.50,1.88
2012.01.12 15:05:25.607,1.53412,1.53417,2.25,1.88
2012.01.12 15:05:26.179,1.53411,1.53418,3.00,1.13
2012.01.12 15:05:26.325,1.53418,1.53424,3.00,1.50
2012.01.12 15:05:26.483,1.53418,1.53426,4.88,4.88
2012.01.12 15:05:26.980,1.53412,1.53417,2.25,5.63
2012.01.12 15:05:27.070,1.53404,1.53415,3.00,1.50
2012.01.12 15:05:27.640,1.53399,1.53409,1.43,1.50
2012.01.12 15:05:27.803,1.5338,1.5339,2.25,1.88
2012.01.12 15:05:28.072,1.53377,1.53386,3.00,1.50
2012.01.12 15:05:28.389,1.53376,1.53386,3.00,1.88
2012.01.12 15:05:29.178,1.53373,1.53384,3.38,2.25
2012.01.12 15:05:29.455,1.53377,1.53388,1.50,2.25
2012.01.12 15:05:29.687,1.53378,1.53387,1.50,3.75
2012.01.12 15:05:30.045,1.53382,1.53387,1.50,1.50
2012.01.12 15:05:30.132,1.53385,1.53393,1.50,4.50
2012.01.12 15:05:30.208,1.53377,1.53388,2.25,2.25
2012.01.12 15:05:30.744,1.53377,1.53388,1.50,3.38
2012.01.12 15:05:31.212,1.53382,1.53388,1.50,1.50
2012.01.12 15:05:31.304,1.53369,1.53379,4.50,2.25
2012.01.12 15:05:31.462,1.53363,1.53374,6.00,2.25
2012.01.12 15:05:31.542,1.53363,1.53373,3.00,1.13
2012.01.12 15:05:31.627,1.5336,1.53367,1.88,4.50
2012.01.12 15:05:31.718,1.53359,1.53367,1.05,6.38
2012.01.12 15:05:32.281,1.53354,1.53365,1.50,3.00
2012.01.12 15:05:32.380,1.53357,1.53368,1.50,2.57
2012.01.12 15:05:32.459,1.53357,1.53368,1.50,4.45
2012.01.12 15:05:32.617,1.53361,1.53371,1.13,3.00
2012.01.12 15:05:32.712,1.53367,1.53376,1.50,1.88
2012.01.12 15:05:32.792,1.53367,1.5338,2.25,2.25
2012.01.12 15:05:32.870,1.53374,1.53388,1.50,3.75
2012.01.12 15:05:32.952,1.53374,1.5338,1.50,3.00
2012.01.12 15:05:33.037,1.53375,1.5338,1.50,2.25
2012.01.12 15:05:33.582,1.53376,1.53384,2.25,1.88
2012.01.12 15:05:33.679,1.53369,1.53377,4.50,4.13
2012.01.12 15:05:33.844,1.53373,1.53384,1.88,2.25
2012.01.12 15:05:34.001,1.5337,1.53378,1.50,2.25
2012.01.12 15:05:34.077,1.53368,1.53378,2.63,2.25
2012.01.12 15:05:34.367,1.53368,1.53376,1.88,2.25
2012.01.12 15:05:34.938,1.53368,1.53375,1.88,2.25
2012.01.12 15:05:35.022,1.53368,1.53377,1.88,2.25
2012.01.12 15:05:35.184,1.53368,1.53381,2.63,1.07
2012.01.12 15:05:35.256,1.53368,1.53381,2.63,1.45
2012.01.12 15:05:35.551,1.53368,1.53381,2.63,2.95
2012.01.12 15:05:36.348,1.53368,1.53382,2.63,1.88
2012.01.12 15:05:36.857,1.53369,1.53382,2.25,1.88
2012.01.12 15:05:37.283,1.53372,1.53386,1.50,3.70
2012.01.12 15:05:38.198,1.53368,1.5338,2.63,1.50
2012.01.12 15:05:38.280,1.53373,1.5338,2.25,1.50
2012.01.12 15:05:38.658,1.53376,1.53387,1.50,2.97
2012.01.12 15:05:38.753,1.53379,1.53387,1.50,4.13
2012.01.12 15:05:38.990,1.53378,1.53385,1.88,2.25
2012.01.12 15:05:39.156,1.53378,1.53383,1.88,1.50
2012.01.12 15:05:39.872,1.53373,1.53382,3.75,1.88
2012.01.12 15:05:39.957,1.53368,1.53379,4.88,1.50
2012.01.12 15:05:40.113,1.53368,1.53377,2.63,1.50
2012.01.12 15:05:40.886,1.53368,1.53377,2.63,1.50
2012.01.12 15:05:41.494,1.53368,1.53381,2.63,1.50
2012.01.12 15:05:41.861,1.53368,1.53379,2.63,1.50
2012.01.12 15:05:42.019,1.53363,1.53377,6.38,4.13
2012.01.12 15:05:42.240,1.53362,1.53372,3.00,1.88
2012.01.12 15:05:42.805,1.53362,1.53371,2.25,2.63
2012.01.12 15:05:42.901,1.53353,1.53366,2.63,6.00
2012.01.12 15:05:42.981,1.53353,1.53364,2.63,1.50
2012.01.12 15:05:43.546,1.53353,1.53364,2.63,1.50
2012.01.12 15:05:44.450,1.53353,1.53366,2.63,2.25
2012.01.12 15:05:44.780,1.53353,1.53367,1.88,2.63
2012.01.12 15:05:45.391,1.53354,1.53367,3.00,2.63
2012.01.12 15:05:46.252,1.53354,1.5337,1.50,2.25
2012.01.12 15:05:46.765,1.53358,1.53372,4.13,6.32
2012.01.12 15:05:47.053,1.53358,1.53372,4.13,4.13
2012.01.12 15:05:47.346,1.53363,1.53372,4.13,1.88
2012.01.12 15:05:48.088,1.53369,1.53377,2.25,1.50
2012.01.12 15:05:48.178,1.53369,1.53382,3.00,3.38
2012.01.12 15:05:48.326,1.53368,1.5338,1.88,1.50
2012.01.12 15:05:48.475,1.53368,1.53378,1.88,2.63
2012.01.12 15:05:48.885,1.53368,1.53378,2.63,1.13
2012.01.12 15:05:49.037,1.53368,1.53378,1.88,1.13
2012.01.12 15:05:49.112,1.53368,1.53379,1.88,3.75
2012.01.12 15:05:49.781,1.53363,1.53375,2.63,2.25
2012.01.12 15:05:50.001,1.53364,1.53376,2.25,1.50
2012.01.12 15:05:50.516,1.53367,1.53377,2.25,2.63
2012.01.12 15:05:50.594,1.53366,1.53377,1.50,2.63
2012.01.12 15:05:50.747,1.53364,1.53372,1.50,1.88
2012.01.12 15:05:51.172,1.53363,1.53377,3.00,5.63
2012.01.12 15:05:51.683,1.53368,1.53377,1.88,1.50
2012.01.12 15:05:51.762,1.53373,1.5338,1.50,1.50
2012.01.12 15:05:52.127,1.53369,1.53375,2.25,3.00
2012.01.12 15:05:52.288,1.53366,1.53372,1.50,1.88
2012.01.12 15:05:52.505,1.53367,1.53376,1.50,3.00
2012.01.12 15:05:53.368,1.53365,1.53377,1.50,6.72
2012.01.12 15:05:53.444,1.53364,1.53372,2.25,2.63
2012.01.12 15:05:53.522,1.53364,1.5337,2.25,1.50
2012.01.12 15:05:53.873,1.53364,1.53371,1.50,3.00
2012.01.12 15:05:54.249,1.53368,1.53372,2.63,2.25
2012.01.12 15:05:54.332,1.53368,1.53378,2.63,3.46
2012.01.12 15:05:54.418,1.53368,1.53372,2.63,1.50
2012.01.12 15:05:55.058,1.53368,1.53374,3.38,1.50
2012.01.12 15:05:55.175,1.53368,1.5338,4.13,2.25
2012.01.12 15:05:55.532,1.5337,1.5338,1.50,1.50
2012.01.12 15:05:55.609,1.5337,1.53382,1.50,3.38
2012.01.12 15:05:55.761,1.5337,1.53377,2.25,1.88
2012.01.12 15:05:55.848,1.5337,1.53377,3.00,1.88
2012.01.12 15:05:56.006,1.5337,1.5338,1.50,4.50
2012.01.12 15:05:56.625,1.53366,1.53377,2.25,1.88
2012.01.12 15:05:56.988,1.53368,1.53377,1.50,2.63
2012.01.12 15:05:57.332,1.53367,1.53377,1.50,2.63
2012.01.12 15:05:57.403,1.5337,1.53377,1.50,2.63
2012.01.12 15:05:57.828,1.53366,1.53377,3.00,2.63
2012.01.12 15:05:58.626,1.53368,1.53377,2.25,2.63
2012.01.12 15:05:58.844,1.53369,1.53382,1.50,5.22
2012.01.12 15:05:59.370,1.53369,1.53377,1.50,1.88
2012.01.12 15:05:59.513,1.53369,1.53377,1.50,1.88
2012.01.12 15:06:00.132,1.53368,1.53377,2.25,1.88
2012.01.12 15:06:00.346,1.53366,1.53377,3.00,1.88
2012.01.12 15:06:00.733,1.53368,1.53377,4.50,1.88
2012.01.12 15:06:01.680,1.53368,1.53377,2.25,1.88
2012.01.12 15:06:02.176,1.53368,1.53377,2.25,2.63
2012.01.12 15:06:02.481,1.53373,1.53385,4.13,1.88
2012.01.12 15:06:02.553,1.53373,1.53387,4.13,6.38
2012.01.12 15:06:02.626,1.53375,1.53387,2.25,1.88
2012.01.12 15:06:02.709,1.53378,1.53389,2.63,2.25
2012.01.12 15:06:02.785,1.53384,1.53389,2.25,1.50
2012.01.12 15:06:03.409,1.53384,1.5339,2.25,1.13
2012.01.12 15:06:03.851,1.53385,1.5339,2.25,1.13
2012.01.12 15:06:04.065,1.53388,1.53392,2.25,2.63
2012.01.12 15:06:05.159,1.53387,1.53396,3.00,1.50
2012.01.12 15:06:05.697,1.53403,1.53415,2.63,3.00
2012.01.12 15:06:05.810,1.53403,1.53415,2.63,1.50
2012.01.12 15:06:05.966,1.53401,1.53407,1.50,1.88
2012.01.12 15:06:06.118,1.53397,1.53402,1.50,1.88
2012.01.12 15:06:06.211,1.53403,1.53408,1.88,1.50
2012.01.12 15:06:06.450,1.53404,1.53412,2.25,2.25
2012.01.12 15:06:07.131,1.53403,1.53412,3.00,1.88
2012.01.12 15:06:07.267,1.53409,1.53422,3.00,4.13
2012.01.12 15:06:07.777,1.5341,1.53422,3.00,5.63
2012.01.12 15:06:08.000,1.5341,1.5342,3.00,1.50
2012.01.12 15:06:08.765,1.53413,1.53422,3.00,1.88
2012.01.12 15:06:09.011,1.53415,1.53427,2.25,1.88
2012.01.12 15:06:09.231,1.53417,1.53427,2.25,1.88
2012.01.12 15:06:10.203,1.53424,1.53432,2.25,4.13
2012.01.12 15:06:10.304,1.53424,1.53437,2.25,3.00
2012.01.12 15:06:10.406,1.53427,1.53437,1.50,1.88
2012.01.12 15:06:11.027,1.53433,1.53438,2.25,2.25
2012.01.12 15:06:11.129,1.53428,1.53438,3.38,1.50
2012.01.12 15:06:11.346,1.53423,1.53437,2.63,1.88
2012.01.12 15:06:12.112,1.53423,1.53437,2.63,1.88
2012.01.12 15:06:12.216,1.53423,1.53435,2.63,1.50
2012.01.12 15:06:12.368,1.53423,1.53435,2.63,2.25
2012.01.12 15:06:12.532,1.53423,1.53433,2.63,1.50
2012.01.12 15:06:15.023,1.53418,1.53423,2.63,3.00
2012.01.12 15:06:15.265,1.53398,1.53406,2.63,1.50
2012.01.12 15:06:15.418,1.53398,1.53406,2.63,1.50
2012.01.12 15:06:15.506,1.53394,1.53406,1.50,3.00
2012.01.12 15:06:15.741,1.53393,1.53404,1.88,1.50
2012.01.12 15:06:16.480,1.53391,1.53396,1.88,2.25
2012.01.12 15:06:16.794,1.53383,1.53389,1.88,1.50
2012.01.12 15:06:17.177,1.53378,1.53389,4.13,3.00
2012.01.12 15:06:17.368,1.53378,1.53386,2.63,1.50
2012.01.12 15:06:17.851,1.53383,1.53388,1.88,1.50
2012.01.12 15:06:17.997,1.5338,1.53391,1.50,1.50
2012.01.12 15:06:18.086,1.53383,1.53392,1.88,1.50
2012.01.12 15:06:18.458,1.53388,1.53394,1.88,1.50
2012.01.12 15:06:18.603,1.53388,1.53397,2.63,1.50
2012.01.12 15:06:18.741,1.53384,1.53397,2.25,2.63
2012.01.12 15:06:19.102,1.53382,1.53395,3.00,2.25
2012.01.12 15:06:19.712,1.53388,1.53397,1.88,1.88
2012.01.12 15:06:20.111,1.53388,1.534,1.50,7.50
2012.01.12 15:06:20.403,1.5339,1.534,1.50,7.50
2012.01.12 15:06:21.314,1.5339,1.534,1.50,2.25
2012.01.12 15:06:21.412,1.5339,1.53404,1.50,4.92
2012.01.12 15:06:21.485,1.5339,1.534,1.50,2.25
2012.01.12 15:06:21.635,1.5339,1.53404,1.50,4.17
2012.01.12 15:06:21.891,1.5339,1.534,1.50,1.50
2012.01.12 15:06:23.801,1.53386,1.53393,1.50,1.50
2012.01.12 15:06:24.014,1.53383,1.53395,2.63,1.50
2012.01.12 15:06:24.162,1.53382,1.53395,2.25,3.00
2012.01.12 15:06:24.235,1.53382,1.53395,2.25,3.00
2012.01.12 15:06:24.997,1.53383,1.53394,4.13,1.50
2012.01.12 15:06:25.575,1.53383,1.53393,2.63,1.50
2012.01.12 15:06:25.802,1.53385,1.53393,1.50,1.50
2012.01.12 15:06:26.157,1.53382,1.53393,2.25,2.25
2012.01.12 15:06:26.708,1.5338,1.53392,3.00,2.63
2012.01.12 15:06:27.208,1.5338,1.53387,2.25,2.63
2012.01.12 15:06:27.285,1.53376,1.53387,1.50,2.63
2012.01.12 15:06:27.786,1.53376,1.53387,2.25,2.63
2012.01.12 15:06:27.872,1.53376,1.53387,2.25,1.88
2012.01.12 15:06:28.438,1.53377,1.53387,1.50,1.88
2012.01.12 15:06:28.520,1.53377,1.53387,1.50,2.63
2012.01.12 15:06:28.880,1.53377,1.53384,1.50,1.50
2012.01.12 15:06:28.959,1.53372,1.5338,1.50,4.50
2012.01.12 15:06:29.524,1.53372,1.5338,1.13,4.50
2012.01.12 15:06:30.083,1.53372,1.53382,1.50,4.13
2012.01.12 15:06:30.159,1.53372,1.5338,1.50,3.00
2012.01.12 15:06:30.313,1.53366,1.5338,2.25,4.50
2012.01.12 15:06:30.392,1.53363,1.53377,4.88,1.50
2012.01.12 15:06:30.605,1.53363,1.53376,4.13,1.21
2012.01.12 15:06:31.569,1.53361,1.53372,5.25,1.88
2012.01.12 15:06:31.989,1.53361,1.53372,2.25,1.88
2012.01.12 15:06:32.506,1.53361,1.53372,2.25,1.88
2012.01.12 15:06:33.379,1.53363,1.53372,2.25,1.88
2012.01.12 15:06:33.468,1.53363,1.53372,2.25,1.88
2012.01.12 15:06:33.751,1.53361,1.53367,3.00,1.88
2012.01.12 15:06:34.114,1.53357,1.53367,1.50,1.88
2012.01.12 15:06:34.337,1.53356,1.53362,2.25,1.88
2012.01.12 15:06:35.123,1.53353,1.53362,2.25,1.88
2012.01.12 15:06:35.230,1.53353,1.53367,4.13,7.13
2012.01.12 15:06:35.583,1.53358,1.53367,1.88,2.25
2012.01.12 15:06:35.797,1.53358,1.53371,2.63,2.25
2012.01.12 15:06:36.424,1.53358,1.53371,2.63,3.75
2012.01.12 15:06:37.034,1.53359,1.53371,2.25,2.25
2012.01.12 15:06:37.321,1.53359,1.53371,2.25,2.25
2012.01.12 15:06:37.745,1.53364,1.53377,1.50,3.84
2012.01.12 15:06:38.105,1.53359,1.53371,2.25,2.25
2012.01.12 15:06:38.290,1.53358,1.53368,2.63,2.25
2012.01.12 15:06:38.938,1.53358,1.53371,2.63,1.50
2012.01.12 15:06:39.121,1.53359,1.53372,2.59,1.88
2012.01.12 15:06:39.430,1.53377,1.53382,1.50,2.25
2012.01.12 15:06:39.507,1.53377,1.53382,1.50,1.88
2012.01.12 15:06:39.661,1.53383,1.53389,1.50,1.88
2012.01.12 15:06:39.821,1.53383,1.53387,1.50,3.38
2012.01.12 15:06:40.594,1.53383,1.5339,6.00,1.50
2012.01.12 15:06:40.738,1.53383,1.53393,1.50,1.88
2012.01.12 15:06:40.830,1.53383,1.53393,1.50,1.88
2012.01.12 15:06:41.213,1.53384,1.53396,4.13,2.25
2012.01.12 15:06:41.944,1.53385,1.53396,1.50,2.25
2012.01.12 15:06:42.248,1.53382,1.53392,2.25,1.50
2012.01.12 15:06:42.675,1.53382,1.53392,1.50,1.88
2012.01.12 15:06:42.756,1.53381,1.53387,1.50,1.88
2012.01.12 15:06:43.048,1.53381,1.53391,1.50,2.25
2012.01.12 15:06:43.612,1.53381,1.53391,1.50,1.50
2012.01.12 15:06:44.116,1.53379,1.53392,2.25,2.63
2012.01.12 15:06:44.407,1.53379,1.53392,2.25,3.38
2012.01.12 15:06:44.763,1.53383,1.53396,1.50,1.17
2012.01.12 15:06:45.608,1.53382,1.53394,1.50,1.50
2012.01.12 15:06:45.969,1.53382,1.53396,1.50,2.59
2012.01.12 15:06:46.115,1.53384,1.53392,1.50,1.88
2012.01.12 15:06:46.684,1.53382,1.53392,1.50,2.63
2012.01.12 15:06:46.968,1.5338,1.53392,3.00,2.63
2012.01.12 15:06:47.489,1.5338,1.53394,2.25,1.50
2012.01.12 15:06:47.614,1.53398,1.53404,1.88,3.80
2012.01.12 15:06:48.142,1.53383,1.53402,1.13,1.50
2012.01.12 15:06:48.232,1.53378,1.53387,2.25,3.00
2012.01.12 15:06:48.326,1.53374,1.53385,3.67,1.13
2012.01.12 15:06:49.061,1.53374,1.5338,1.50,3.70
2012.01.12 15:06:49.834,1.53371,1.53376,1.50,1.50
2012.01.12 15:06:50.449,1.53378,1.53382,1.50,6.32
2012.01.12 15:06:50.917,1.53373,1.53378,1.50,1.88
2012.01.12 15:06:51.203,1.53368,1.53378,3.38,1.50
2012.01.12 15:06:52.142,1.53368,1.53378,3.38,1.50
2012.01.12 15:06:52.425,1.53374,1.53384,1.50,1.04
2012.01.12 15:06:52.613,1.5337,1.53378,2.25,3.75
2012.01.12 15:06:52.756,1.53374,1.53381,1.50,3.75
2012.01.12 15:06:53.684,1.53371,1.53376,1.50,2.25
2012.01.12 15:06:53.848,1.53368,1.53376,1.88,3.75
2012.01.12 15:06:53.995,1.53374,1.53383,1.50,2.25
2012.01.12 15:06:54.296,1.53373,1.53378,1.50,1.50
2012.01.12 15:06:54.513,1.53377,1.53385,1.50,1.21
2012.01.12 15:06:55.421,1.5338,1.53388,1.50,2.95
2012.01.12 15:06:55.637,1.5338,1.53386,1.50,2.25
2012.01.12 15:06:56.204,1.53381,1.53388,1.50,4.82
2012.01.12 15:06:56.351,1.53379,1.53386,1.50,2.25
2012.01.12 15:06:56.775,1.53376,1.53383,1.50,1.88
2012.01.12 15:06:57.268,1.53379,1.53385,1.50,1.88
2012.01.12 15:06:57.772,1.53374,1.53386,1.50,3.00
2012.01.12 15:06:58.401,1.53376,1.53382,1.50,3.38
2012.01.12 15:06:58.743,1.53373,1.53382,1.50,3.38
2012.01.12 15:06:58.810,1.53368,1.53382,4.88,3.38
2012.01.12 15:06:59.363,1.53376,1.53389,1.50,2.63
2012.01.12 15:06:59.435,1.53376,1.53389,1.50,4.50
2012.01.12 15:06:59.517,1.53373,1.53388,2.25,2.25
2012.01.12 15:06:59.740,1.53378,1.53386,2.63,3.00
2012.01.12 15:07:00.160,1.53378,1.53386,2.63,1.50
2012.01.12 15:07:00.308,1.53378,1.53386,2.63,2.25
2012.01.12 15:07:01.110,1.53375,1.5338,1.50,1.50
2012.01.12 15:07:01.993,1.53378,1.53386,2.63,1.50
2012.01.12 15:07:02.137,1.53375,1.53379,1.50,1.13
2012.01.12 15:07:02.211,1.53378,1.53384,1.88,3.00
2012.01.12 15:07:02.897,1.53378,1.53384,2.63,1.50
2012.01.12 15:07:03.202,1.53378,1.53387,2.63,2.25
2012.01.12 15:07:03.346,1.53378,1.53387,2.63,1.50
2012.01.12 15:07:03.497,1.53378,1.53386,2.63,1.50
2012.01.12 15:07:03.577,1.53378,1.53389,2.63,3.75
2012.01.12 15:07:03.945,1.53383,1.53394,2.63,1.50
2012.01.12 15:07:04.542,1.53385,1.53397,2.25,3.38
2012.01.12 15:07:04.636,1.53388,1.53399,2.63,3.38
2012.01.12 15:07:05.011,1.53388,1.53401,3.38,5.25
2012.01.12 15:07:05.227,1.53388,1.53399,2.63,2.25
2012.01.12 15:07:06.085,1.53388,1.534,2.63,1.50
2012.01.12 15:07:06.596,1.53388,1.53399,2.63,2.25
2012.01.12 15:07:07.092,1.53388,1.53398,1.88,3.00
2012.01.12 15:07:07.161,1.53388,1.53398,2.63,2.25
2012.01.12 15:07:07.232,1.53388,1.53398,2.63,2.25
2012.01.12 15:07:07.304,1.53388,1.53398,1.88,3.00
2012.01.12 15:07:07.846,1.53388,1.53396,2.63,1.50
2012.01.12 15:07:08.342,1.53388,1.53398,2.63,3.00
2012.01.12 15:07:08.896,1.53388,1.53398,2.63,3.00
2012.01.12 15:07:09.581,1.53388,1.53398,2.63,3.00
2012.01.12 15:07:09.674,1.53383,1.53392,2.63,2.25
2012.01.12 15:07:09.758,1.53383,1.5339,2.63,2.25
2012.01.12 15:07:10.115,1.53383,1.5339,1.88,2.25
2012.01.12 15:07:10.336,1.53383,1.5339,2.63,2.25
2012.01.12 15:07:10.417,1.53387,1.53394,1.50,3.34
2012.01.12 15:07:10.778,1.53381,1.53393,1.50,1.09
2012.01.12 15:07:11.309,1.5338,1.53389,1.50,2.25
2012.01.12 15:07:12.433,1.53381,1.53391,1.50,2.25
2012.01.12 15:07:13.441,1.53381,1.53391,1.50,1.50
2012.01.12 15:07:13.667,1.5338,1.53389,1.50,1.50
2012.01.12 15:07:13.747,1.53387,1.53392,1.50,1.88
2012.01.12 15:07:14.608,1.53383,1.53392,1.50,1.88
2012.01.12 15:07:14.721,1.53383,1.5339,1.50,1.09
2012.01.12 15:07:14.937,1.53383,1.53387,1.50,1.88
2012.01.12 15:07:15.046,1.5338,1.5339,1.50,5.71
2012.01.12 15:07:15.135,1.5338,1.5339,1.50,2.34
2012.01.12 15:07:15.217,1.5338,1.5339,1.50,2.63
2012.01.12 15:07:15.293,1.5338,1.5339,1.50,2.63
2012.01.12 15:07:15.366,1.53383,1.5339,2.25,1.88
2012.01.12 15:07:16.204,1.5338,1.5339,3.00,1.50
2012.01.12 15:07:16.321,1.53382,1.53392,2.25,1.88
2012.01.12 15:07:16.789,1.5338,1.53392,5.25,1.88
2012.01.12 15:07:17.006,1.5338,1.53392,1.50,1.88
2012.01.12 15:07:17.574,1.5338,1.53392,1.50,2.63
2012.01.12 15:07:17.938,1.53379,1.5339,3.00,1.50
2012.01.12 15:07:18.369,1.53375,1.53386,3.75,1.50
2012.01.12 15:07:19.224,1.53372,1.5338,1.50,1.50
2012.01.12 15:07:19.394,1.53357,1.53362,1.50,1.88
2012.01.12 15:07:19.466,1.53357,1.53362,3.00,1.88
2012.01.12 15:07:19.837,1.53358,1.53367,2.25,2.63
2012.01.12 15:07:20.058,1.5336,1.53372,2.25,2.63
2012.01.12 15:07:20.630,1.5336,1.53369,2.25,1.50
2012.01.12 15:07:21.380,1.53359,1.5337,1.50,1.50
2012.01.12 15:07:21.464,1.53358,1.53367,1.88,1.50
2012.01.12 15:07:22.787,1.53358,1.53369,1.88,1.50
2012.01.12 15:07:22.870,1.53358,1.53364,1.88,1.50
2012.01.12 15:07:22.946,1.5336,1.53367,1.50,2.63
2012.01.12 15:07:23.096,1.53354,1.53367,2.25,1.88
2012.01.12 15:07:23.444,1.53361,1.5337,3.00,1.50
2012.01.12 15:07:24.232,1.53361,1.5337,3.00,1.50
2012.01.12 15:07:24.526,1.53366,1.53373,1.50,1.50
2012.01.12 15:07:24.679,1.53363,1.53373,3.38,1.50
2012.01.12 15:07:24.904,1.53363,1.53376,3.38,2.63
2012.01.12 15:07:25.915,1.53341,1.53346,1.50,2.63
2012.01.12 15:07:26.014,1.53337,1.53348,4.88,2.25
2012.01.12 15:07:26.151,1.53335,1.53346,2.25,1.88
2012.01.12 15:07:26.294,1.53335,1.53346,1.50,2.63
2012.01.12 15:07:26.856,1.53335,1.53346,2.25,1.88
2012.01.12 15:07:27.213,1.53332,1.53345,4.88,2.25
2012.01.12 15:07:28.011,1.53334,1.53346,2.25,1.88
2012.01.12 15:07:28.365,1.53334,1.53346,3.00,1.88
2012.01.12 15:07:28.681,1.53346,1.53354,1.50,1.50
2012.01.12 15:07:28.857,1.53346,1.53354,1.50,1.50
2012.01.12 15:07:29.489,1.53342,1.53354,4.88,1.50
2012.01.12 15:07:29.754,1.53352,1.53358,1.50,1.50
2012.01.12 15:07:29.824,1.53342,1.53356,4.88,4.13
2012.01.12 15:07:30.327,1.53342,1.53354,4.88,1.50
2012.01.12 15:07:30.616,1.53343,1.53359,1.50,1.95
2012.01.12 15:07:31.134,1.53343,1.53359,1.50,1.21
2012.01.12 15:07:31.626,1.53342,1.53351,4.88,1.50
2012.01.12 15:07:31.773,1.53342,1.53355,4.88,2.25
2012.01.12 15:07:32.335,1.53342,1.53354,4.88,2.25
2012.01.12 15:07:32.830,1.53342,1.53354,4.13,1.88
2012.01.12 15:07:33.474,1.53342,1.53354,4.88,2.25
2012.01.12 15:07:34.093,1.53342,1.5335,4.13,2.25
2012.01.12 15:07:34.183,1.53342,1.53354,2.63,1.50
2012.01.12 15:07:34.952,1.53342,1.53355,4.88,1.50
2012.01.12 15:07:35.757,1.53342,1.53355,4.88,1.50
2012.01.12 15:07:35.930,1.53342,1.53353,2.63,1.50
2012.01.12 15:07:36.151,1.53342,1.53355,2.63,1.50
2012.01.12 15:07:36.826,1.53342,1.53355,2.63,1.50
2012.01.12 15:07:38.683,1.53342,1.53355,4.88,1.50
2012.01.12 15:07:38.968,1.53347,1.53355,1.88,1.50
2012.01.12 15:07:39.609,1.53343,1.53353,4.88,1.88
2012.01.12 15:07:40.322,1.53338,1.53347,1.50,1.88
2012.01.12 15:07:40.404,1.53336,1.53347,2.25,4.13
2012.01.12 15:07:40.969,1.53338,1.53345,1.50,1.50
2012.01.12 15:07:41.280,1.53338,1.53343,1.88,1.50
2012.01.12 15:07:41.373,1.53336,1.53343,2.25,1.50
2012.01.12 15:07:41.981,1.53333,1.53343,2.63,1.50
2012.01.12 15:07:42.052,1.53333,1.53345,2.63,3.00
2012.01.12 15:07:42.478,1.53334,1.53343,1.50,1.50
2012.01.12 15:07:42.559,1.53338,1.53343,1.88,1.50
2012.01.12 15:07:42.988,1.53338,1.53345,1.88,4.50
2012.01.12 15:07:43.623,1.53338,1.53347,2.63,1.50
2012.01.12 15:07:43.774,1.53338,1.53349,2.63,3.75
2012.01.12 15:07:43.845,1.53338,1.53347,1.88,2.63
2012.01.12 15:07:43.925,1.53338,1.53344,1.88,1.50
2012.01.12 15:07:44.081,1.53335,1.5334,2.63,3.75
2012.01.12 15:07:44.159,1.53334,1.53342,2.25,1.88
2012.01.12 15:07:44.234,1.53334,1.53342,2.25,1.88
2012.01.12 15:07:44.446,1.53335,1.53347,1.50,3.75
2012.01.12 15:07:44.526,1.53335,1.53345,1.50,2.25
2012.01.12 15:07:44.747,1.53335,1.53347,2.25,3.00
2012.01.12 15:07:45.494,1.5334,1.53348,1.50,1.13
2012.01.12 15:07:45.585,1.53341,1.53352,1.50,3.38
2012.01.12 15:07:45.730,1.53341,1.53352,1.50,3.38
2012.01.12 15:07:45.808,1.5334,1.53346,1.50,1.50
2012.01.12 15:07:45.959,1.53341,1.53351,1.50,4.50
2012.01.12 15:07:46.034,1.53342,1.53352,2.25,1.88
2012.01.12 15:07:46.470,1.53344,1.53352,1.50,3.38
2012.01.12 15:07:46.548,1.53344,1.53348,1.50,1.50
2012.01.12 15:07:46.695,1.53343,1.53351,1.50,2.25
2012.01.12 15:07:47.514,1.53349,1.53355,1.50,1.50
2012.01.12 15:07:47.584,1.53339,1.53348,3.75,3.00
2012.01.12 15:07:48.149,1.53339,1.53349,3.75,3.00
2012.01.12 15:07:48.300,1.53339,1.53349,2.25,1.13
2012.01.12 15:07:49.127,1.53339,1.53347,1.50,2.25
2012.01.12 15:07:49.211,1.53336,1.53347,2.25,2.25
2012.01.12 15:07:49.430,1.53336,1.53347,4.09,2.25
2012.01.12 15:07:49.741,1.53348,1.53354,1.88,2.25
2012.01.12 15:07:50.597,1.53347,1.53357,4.50,1.88
2012.01.12 15:07:50.695,1.53348,1.53356,3.38,1.50
2012.01.12 15:07:50.776,1.53346,1.53356,2.25,1.50
2012.01.12 15:07:51.349,1.53346,1.53357,3.75,2.63
2012.01.12 15:07:51.426,1.53346,1.53357,3.00,2.63
2012.01.12 15:07:52.081,1.53344,1.53356,3.90,1.88
2012.01.12 15:07:52.505,1.53341,1.53346,1.35,3.00
2012.01.12 15:07:52.706,1.53342,1.53352,2.25,1.88
2012.01.12 15:07:52.788,1.53342,1.53352,2.25,2.63
2012.01.12 15:07:53.145,1.53342,1.53352,2.25,1.88
2012.01.12 15:07:53.874,1.53342,1.53351,2.25,1.50
2012.01.12 15:07:54.377,1.53338,1.53352,4.88,4.13
2012.01.12 15:07:54.456,1.53338,1.5335,2.63,1.50
2012.01.12 15:07:55.523,1.53338,1.5335,2.63,1.50
2012.01.12 15:07:55.595,1.53339,1.53352,2.25,2.63
2012.01.12 15:07:56.151,1.53338,1.53351,2.63,1.50
2012.01.12 15:07:56.716,1.53338,1.53351,2.63,1.50
2012.01.12 15:07:57.524,1.53338,1.53348,2.63,1.50
2012.01.12 15:07:57.624,1.53338,1.53347,2.63,2.25
2012.01.12 15:07:57.854,1.53338,1.5335,2.63,3.00
2012.01.12 15:07:57.925,1.53341,1.5335,2.25,1.50
2012.01.12 15:07:58.008,1.53341,1.53352,2.25,1.88
2012.01.12 15:07:58.514,1.53339,1.53352,3.75,1.88
2012.01.12 15:07:59.220,1.53339,1.53352,2.25,2.63
2012.01.12 15:07:59.710,1.53339,1.53352,2.25,2.63
2012.01.12 15:08:00.355,1.53339,1.53352,2.25,1.88
2012.01.12 15:08:01.116,1.53342,1.53352,2.25,1.88
2012.01.12 15:08:01.635,1.53342,1.53352,2.25,2.25
2012.01.12 15:08:01.925,1.53342,1.53352,2.25,3.38
2012.01.12 15:08:02.979,1.53342,1.53352,2.25,1.88
2012.01.12 15:08:03.073,1.53348,1.53356,2.63,1.50
2012.01.12 15:08:03.318,1.53345,1.53357,2.25,2.63
2012.01.12 15:08:03.604,1.53348,1.53359,2.63,4.13
2012.01.12 15:08:04.097,1.53348,1.53359,2.63,2.25
2012.01.12 15:08:04.323,1.53353,1.53362,2.63,2.25
2012.01.12 15:08:04.839,1.53353,1.53362,3.38,1.50
2012.01.12 15:08:05.122,1.53353,1.53364,3.38,3.75
2012.01.12 15:08:05.647,1.53354,1.53362,1.50,2.25
2012.01.12 15:08:05.730,1.53354,1.53362,2.25,1.50
2012.01.12 15:08:06.271,1.53353,1.53362,4.13,2.25
2012.01.12 15:08:06.375,1.53353,1.5336,1.88,1.50
2012.01.12 15:08:07.092,1.53349,1.53361,1.50,1.50
2012.01.12 15:08:08.185,1.53353,1.53359,1.88,3.00
2012.01.12 15:08:08.747,1.53353,1.53359,1.88,2.25
2012.01.12 15:08:09.303,1.53353,1.5336,1.88,3.00
2012.01.12 15:08:09.859,1.53353,1.53359,1.88,2.25
2012.01.12 15:08:09.960,1.53348,1.53358,3.38,1.50
2012.01.12 15:08:10.320,1.53346,1.53352,1.50,4.13
2012.01.12 15:08:10.847,1.53342,1.5335,1.50,1.50
2012.01.12 15:08:10.932,1.53341,1.53352,1.50,2.63
2012.01.12 15:08:11.389,1.53339,1.53352,2.18,1.88
2012.01.12 15:08:11.552,1.53338,1.53351,2.63,1.50
2012.01.12 15:08:11.774,1.53338,1.53349,2.63,1.50
2012.01.12 15:08:12.313,1.53338,1.53349,2.63,1.50
2012.01.12 15:08:12.618,1.53338,1.53351,2.63,1.50
2012.01.12 15:08:13.424,1.53338,1.53351,2.63,1.50
2012.01.12 15:08:13.971,1.53339,1.53352,2.18,1.88
2012.01.12 15:08:14.795,1.53338,1.53351,2.63,2.25
2012.01.12 15:08:15.074,1.53339,1.53351,1.50,3.75
2012.01.12 15:08:15.711,1.53338,1.53351,2.63,3.00
2012.01.12 15:08:16.271,1.53342,1.53351,1.50,1.50
2012.01.12 15:08:16.882,1.53341,1.53352,3.00,1.88
2012.01.12 15:08:17.433,1.53344,1.53352,1.50,1.88
2012.01.12 15:08:17.852,1.53344,1.53353,1.50,3.75
2012.01.12 15:08:18.569,1.53344,1.53353,1.50,3.75
2012.01.12 15:08:19.009,1.53344,1.53352,1.50,1.88
2012.01.12 15:08:19.476,1.53344,1.5335,1.50,1.50
2012.01.12 15:08:20.397,1.53342,1.53349,1.50,1.13
2012.01.12 15:08:20.914,1.53338,1.5335,4.13,3.75
2012.01.12 15:08:21.370,1.53344,1.53351,1.50,2.25
2012.01.12 15:08:22.122,1.53342,1.53347,1.43,2.25
2012.01.12 15:08:22.282,1.53338,1.53348,2.63,2.25
2012.01.12 15:08:22.555,1.53338,1.53348,2.63,2.25
2012.01.12 15:08:24.068,1.53338,1.53342,2.63,1.50
2012.01.12 15:08:24.226,1.53338,1.53344,2.63,3.75
2012.01.12 15:08:24.381,1.53338,1.53346,2.63,1.50
2012.01.12 15:08:24.528,1.53338,1.53349,2.63,2.25
2012.01.12 15:08:24.604,1.53338,1.53351,2.63,2.25
2012.01.12 15:08:24.814,1.53338,1.53351,2.63,3.00
2012.01.12 15:08:24.883,1.53338,1.53349,2.63,1.50
2012.01.12 15:08:25.489,1.53338,1.53351,2.63,1.50
2012.01.12 15:08:25.582,1.53339,1.53352,2.18,1.88
2012.01.12 15:08:25.754,1.53339,1.53352,2.18,6.38
2012.01.12 15:08:25.829,1.53338,1.5335,2.63,1.50
2012.01.12 15:08:25.983,1.53338,1.5335,2.63,2.25
2012.01.12 15:08:26.053,1.53338,1.5335,2.63,1.50
2012.01.12 15:08:26.412,1.53338,1.5335,2.63,3.75
2012.01.12 15:08:26.488,1.53339,1.53348,2.18,2.25
2012.01.12 15:08:27.063,1.53338,1.53346,2.63,1.50
2012.01.12 15:08:27.176,1.53343,1.53349,1.88,2.25
2012.01.12 15:08:27.395,1.53343,1.53352,2.63,1.50
2012.01.12 15:08:27.474,1.53343,1.53354,2.63,2.25
2012.01.12 15:08:27.564,1.53343,1.53352,1.88,2.25
2012.01.12 15:08:27.931,1.53343,1.53349,2.63,2.25
2012.01.12 15:08:28.009,1.53343,1.53352,2.63,1.50
2012.01.12 15:08:28.653,1.53343,1.53352,2.63,1.50
2012.01.12 15:08:29.026,1.53342,1.53352,1.88,2.25
2012.01.12 15:08:29.468,1.53342,1.53352,2.63,1.88
2012.01.12 15:08:30.110,1.53342,1.53352,2.63,1.88
2012.01.12 15:08:30.276,1.53342,1.53352,2.63,1.50
2012.01.12 15:08:30.631,1.53342,1.53349,2.63,2.25
2012.01.12 15:08:31.065,1.53342,1.53352,2.63,1.50
2012.01.12 15:08:31.146,1.53342,1.53354,2.63,1.50
2012.01.12 15:08:31.363,1.53342,1.53352,4.88,1.50
2012.01.12 15:08:31.941,1.53342,1.53356,6.38,4.88
2012.01.12 15:08:32.099,1.53342,1.53354,6.38,1.50
2012.01.12 15:08:32.313,1.53342,1.53353,2.63,1.50
2012.01.12 15:08:32.523,1.53342,1.53353,4.88,1.50
2012.01.12 15:08:32.665,1.53342,1.53353,2.63,1.50
2012.01.12 15:08:33.515,1.53342,1.5335,2.63,2.25
2012.01.12 15:08:33.622,1.53343,1.53353,2.63,1.50
2012.01.12 15:08:34.125,1.53343,1.53353,2.63,1.50
2012.01.12 15:08:35.297,1.53343,1.53353,2.63,1.50
2012.01.12 15:08:35.796,1.53343,1.53353,2.63,1.50
2012.01.12 15:08:35.943,1.53343,1.5335,2.63,2.25
2012.01.12 15:08:36.723,1.53343,1.53357,4.13,6.00
2012.01.12 15:08:37.653,1.53343,1.53355,2.63,1.50
2012.01.12 15:08:37.796,1.53343,1.53352,2.63,1.50
2012.01.12 15:08:38.454,1.53338,1.53342,2.25,1.88
2012.01.12 15:08:38.653,1.53342,1.53349,1.50,1.50
2012.01.12 15:08:38.721,1.53342,1.53352,1.50,2.63
2012.01.12 15:08:38.868,1.5334,1.53352,1.50,2.63
2012.01.12 15:08:38.946,1.53338,1.5335,3.38,2.25
2012.01.12 15:08:39.046,1.53338,1.5335,2.63,2.25
2012.01.12 15:08:39.353,1.53338,1.53348,3.38,1.50
2012.01.12 15:08:40.051,1.53339,1.5335,1.50,1.50
2012.01.12 15:08:40.612,1.53341,1.53352,1.50,4.13
2012.01.12 15:08:41.761,1.53341,1.53352,1.50,3.38
2012.01.12 15:08:42.403,1.53339,1.5335,1.50,1.50
2012.01.12 15:08:42.756,1.53339,1.53347,1.50,1.88
2012.01.12 15:08:42.837,1.53337,1.53347,2.25,1.88
2012.01.12 15:08:43.335,1.53338,1.5335,2.25,1.88
2012.01.12 15:08:43.407,1.53338,1.53352,4.88,3.38
2012.01.12 15:08:43.485,1.53338,1.53352,4.88,4.13
2012.01.12 15:08:43.946,1.53341,1.53352,3.00,1.88
2012.01.12 15:08:44.024,1.53343,1.53354,1.88,2.25
2012.01.12 15:08:44.091,1.53343,1.53354,1.88,2.25
2012.01.12 15:08:44.791,1.53344,1.53357,1.50,3.75
2012.01.12 15:08:45.325,1.53343,1.53356,1.88,2.25
2012.01.12 15:08:45.545,1.53343,1.5335,1.88,2.25
2012.01.12 15:08:46.113,1.53343,1.5335,1.88,3.00
2012.01.12 15:08:46.671,1.53343,1.5335,1.88,2.25
2012.01.12 15:08:47.605,1.53343,1.53349,1.88,2.25
2012.01.12 15:08:47.821,1.53343,1.53353,1.88,2.25
2012.01.12 15:08:48.175,1.5334,1.53352,3.00,2.63
2012.01.12 15:08:48.327,1.5334,1.53351,4.50,1.50
2012.01.12 15:08:48.682,1.53342,1.53351,1.50,1.50
2012.01.12 15:08:49.617,1.53342,1.53352,1.50,1.88
2012.01.12 15:08:49.902,1.53341,1.53352,3.00,3.38
2012.01.12 15:08:50.048,1.53342,1.53352,1.50,1.88
2012.01.12 15:08:50.266,1.53346,1.53355,3.38,3.75
2012.01.12 15:08:50.424,1.53347,1.53355,3.00,1.50
2012.01.12 15:08:50.633,1.53344,1.53355,2.40,1.50
2012.01.12 15:08:50.711,1.53344,1.53357,2.40,3.75
2012.01.12 15:08:51.371,1.53344,1.53357,2.33,6.00
2012.01.12 15:08:51.457,1.53344,1.53355,2.33,1.50
2012.01.12 15:08:51.812,1.53343,1.53353,2.63,1.50
2012.01.12 15:08:52.162,1.53344,1.53353,1.50,1.50
2012.01.12 15:08:53.235,1.53347,1.53352,1.50,1.50
2012.01.12 15:08:53.460,1.53345,1.53355,2.25,3.00
2012.01.12 15:08:53.547,1.53345,1.53349,1.50,2.25
2012.01.12 15:08:53.902,1.53346,1.53353,1.50,1.50
2012.01.12 15:08:54.120,1.53344,1.53349,2.25,2.25
2012.01.12 15:08:54.674,1.53347,1.53353,1.50,1.50
2012.01.12 15:08:54.762,1.53345,1.53357,1.50,3.00
2012.01.12 15:08:55.046,1.53347,1.53357,1.50,2.25
2012.01.12 15:08:55.612,1.53347,1.53356,1.50,1.50
2012.01.12 15:08:55.895,1.53347,1.53357,3.00,1.88
2012.01.12 15:08:55.978,1.53348,1.5336,2.63,1.13
2012.01.12 15:08:56.626,1.53349,1.53361,2.25,2.25
2012.01.12 15:08:56.705,1.53349,1.53361,2.25,2.25
2012.01.12 15:08:57.675,1.53348,1.53361,2.63,4.50
2012.01.12 15:08:58.194,1.53348,1.53361,2.63,3.75
2012.01.12 15:08:59.195,1.53355,1.53361,1.50,2.25
2012.01.12 15:08:59.486,1.53355,1.53367,1.50,2.85
2012.01.12 15:08:59.561,1.53354,1.53364,3.00,1.50
2012.01.12 15:08:59.634,1.53353,1.53364,2.63,1.50
2012.01.12 15:09:01.137,1.53353,1.53362,2.63,1.50
2012.01.12 15:09:02.902,1.53348,1.53357,1.50,2.25
2012.01.12 15:09:03.467,1.53347,1.53355,1.50,1.50
2012.01.12 15:09:03.973,1.53347,1.53355,1.50,1.50
2012.01.12 15:09:04.696,1.53345,1.53355,2.25,1.50
2012.01.12 15:09:04.796,1.53346,1.53354,1.50,1.50
2012.01.12 15:09:04.883,1.53347,1.53356,1.50,2.25
2012.01.12 15:09:05.457,1.53345,1.53356,2.25,1.50
2012.01.12 15:09:06.092,1.53343,1.53355,2.63,1.50
2012.01.12 15:09:06.305,1.53343,1.53353,2.63,1.50
2012.01.12 15:09:06.454,1.53346,1.53355,1.50,1.50
2012.01.12 15:09:06.607,1.53346,1.53353,1.50,1.50
2012.01.12 15:09:06.973,1.53345,1.53355,1.50,1.50
2012.01.12 15:09:07.611,1.53345,1.53349,1.50,2.25
2012.01.12 15:09:07.692,1.53345,1.53355,1.50,2.25
2012.01.12 15:09:07.763,1.53345,1.53355,2.25,2.25
2012.01.12 15:09:08.321,1.53345,1.53354,2.25,1.50
2012.01.12 15:09:08.538,1.53346,1.53357,5.63,2.25
2012.01.12 15:09:09.173,1.53347,1.53355,1.50,1.50
2012.01.12 15:09:09.264,1.53345,1.53352,1.50,1.50
2012.01.12 15:09:10.319,1.53347,1.53352,1.50,1.50
2012.01.12 15:09:10.644,1.53353,1.53357,2.25,1.88
2012.01.12 15:09:11.220,1.53348,1.5336,2.25,1.88
2012.01.12 15:09:14.326,1.53352,1.5336,1.50,1.88
2012.01.12 15:09:15.174,1.53352,1.5336,1.50,1.88
2012.01.12 15:09:15.314,1.53352,1.5336,1.50,1.88
2012.01.12 15:09:15.773,1.53348,1.53357,3.00,1.88
2012.01.12 15:09:16.347,1.53348,1.53357,2.25,1.88
2012.01.12 15:09:17.363,1.53354,1.5336,1.50,2.25
2012.01.12 15:09:17.577,1.53358,1.53366,1.88,1.35
2012.01.12 15:09:18.007,1.53356,1.53367,1.50,3.08
2012.01.12 15:09:18.154,1.53356,1.53365,1.50,1.50
2012.01.12 15:09:18.504,1.53353,1.53363,2.63,1.50
2012.01.12 15:09:19.115,1.53353,1.53363,2.63,1.50
2012.01.12 15:09:19.627,1.53353,1.53363,1.88,2.25
2012.01.12 15:09:20.143,1.53353,1.53363,1.88,1.50
2012.01.12 15:09:20.844,1.53351,1.53362,3.00,1.88
2012.01.12 15:09:21.475,1.53348,1.53361,2.63,1.50
2012.01.12 15:09:22.047,1.53348,1.53361,2.63,1.50
2012.01.12 15:09:22.799,1.53348,1.53361,3.38,1.50
2012.01.12 15:09:23.307,1.53349,1.53362,2.25,2.63
2012.01.12 15:09:23.593,1.53349,1.53361,1.50,1.50
2012.01.12 15:09:24.207,1.53348,1.53359,2.63,1.50
2012.01.12 15:09:24.572,1.53352,1.53362,2.25,2.25
2012.01.12 15:09:24.714,1.5335,1.53362,2.25,2.25
2012.01.12 15:09:24.933,1.5335,1.53362,2.25,1.88
2012.01.12 15:09:25.484,1.5335,1.53362,2.25,1.88
2012.01.12 15:09:26.039,1.5335,1.53362,2.25,1.88
2012.01.12 15:09:26.546,1.5335,1.53362,2.25,1.88
2012.01.12 15:09:27.101,1.53348,1.53361,2.63,1.50
2012.01.12 15:09:27.529,1.53353,1.53365,2.63,2.25
2012.01.12 15:09:28.200,1.53353,1.53367,4.88,4.13
2012.01.12 15:09:28.292,1.53353,1.53367,4.88,4.13
2012.01.12 15:09:29.907,1.53352,1.53362,1.50,1.88
2012.01.12 15:09:30.034,1.53352,1.53362,1.50,1.88
2012.01.12 15:09:30.676,1.53353,1.53363,1.88,1.50
2012.01.12 15:09:31.034,1.53351,1.53362,3.00,1.88
2012.01.12 15:09:31.767,1.53353,1.53365,1.88,2.25
2012.01.12 15:09:32.113,1.53353,1.53363,2.70,1.50
2012.01.12 15:09:32.189,1.53353,1.53365,4.20,1.50
2012.01.12 15:09:32.268,1.53353,1.53367,4.20,3.75
2012.01.12 15:09:32.621,1.53353,1.53367,4.20,3.75
2012.01.12 15:09:33.178,1.53353,1.53367,4.13,3.83
2012.01.12 15:09:33.809,1.53353,1.53364,2.63,3.00
2012.01.12 15:09:33.898,1.53353,1.53362,1.88,1.88
2012.01.12 15:09:34.312,1.53353,1.53362,1.88,1.50
2012.01.12 15:09:35.257,1.53353,1.53362,2.63,1.50
2012.01.12 15:09:35.889,1.53353,1.53361,2.63,2.25
2012.01.12 15:09:35.981,1.53353,1.53364,2.63,1.50
2012.01.12 15:09:36.121,1.53353,1.53361,1.88,2.25
2012.01.12 15:09:36.671,1.53353,1.5336,1.88,2.25
2012.01.12 15:09:38.908,1.53353,1.53362,2.63,1.50
2012.01.12 15:09:39.405,1.53353,1.53359,1.88,2.25
2012.01.12 15:09:41.562,1.53353,1.5336,1.88,1.88
2012.01.12 15:09:42.151,1.53348,1.53359,4.88,7.50
2012.01.12 15:09:42.450,1.53344,1.53355,1.65,2.25
2012.01.12 15:09:42.663,1.53343,1.53352,2.25,1.88
2012.01.12 15:09:42.804,1.53343,1.53355,3.38,3.09
2012.01.12 15:09:42.873,1.53343,1.53356,2.63,3.00
2012.01.12 15:09:43.221,1.53345,1.53356,1.50,1.88
2012.01.12 15:09:43.508,1.53347,1.53356,1.50,1.50
2012.01.12 15:09:44.060,1.53347,1.53357,1.50,4.50
2012.01.12 15:09:44.534,1.53347,1.53355,1.50,1.50
2012.01.12 15:09:44.815,1.53347,1.53357,1.50,3.75
2012.01.12 15:09:45.380,1.53345,1.53356,1.50,2.25
2012.01.12 15:09:45.525,1.53345,1.53351,1.50,2.25
2012.01.12 15:09:46.163,1.53347,1.53354,1.50,1.50
2012.01.12 15:09:46.241,1.53347,1.53357,3.00,2.25
2012.01.12 15:09:46.456,1.53348,1.53357,2.63,1.13
2012.01.12 15:09:46.672,1.53348,1.53358,2.63,1.13
2012.01.12 15:09:46.817,1.53348,1.53359,2.63,2.63
2012.01.12 15:09:46.918,1.53348,1.53357,2.63,1.50
2012.01.12 15:09:47.007,1.53345,1.53355,2.25,1.50
2012.01.12 15:09:47.706,1.53348,1.53357,1.50,5.63
2012.01.12 15:09:47.851,1.53347,1.53355,1.50,1.50
2012.01.12 15:09:47.994,1.53347,1.53357,1.50,5.63
2012.01.12 15:09:48.496,1.53347,1.53356,1.50,2.25
2012.01.12 15:09:48.715,1.53345,1.53353,2.25,1.50
2012.01.12 15:09:49.561,1.53345,1.53351,1.50,2.25
2012.01.12 15:09:50.132,1.53344,1.53349,2.25,2.25
2012.01.12 15:09:50.205,1.53345,1.53351,2.25,1.50
2012.01.12 15:09:50.500,1.53345,1.53354,2.25,2.25
2012.01.12 15:09:50.580,1.53345,1.53354,1.50,1.50
2012.01.12 15:09:51.120,1.53345,1.53351,1.50,2.25
2012.01.12 15:09:51.342,1.53345,1.53353,1.50,2.25
2012.01.12 15:09:52.050,1.53345,1.53354,1.50,3.00
2012.01.12 15:09:52.129,1.53345,1.53357,2.25,4.58
2012.01.12 15:09:52.699,1.53348,1.53358,2.63,1.50
2012.01.12 15:09:53.243,1.53349,1.53361,2.25,3.00
2012.01.12 15:09:53.730,1.53353,1.53363,1.88,1.50
2012.01.12 15:09:54.957,1.53353,1.53365,2.63,3.75
2012.01.12 15:09:57.005,1.53351,1.53358,2.25,1.13
2012.01.12 15:09:57.083,1.53348,1.53358,1.88,1.13
2012.01.12 15:09:57.356,1.53349,1.53362,1.50,2.63
2012.01.12 15:09:57.914,1.53351,1.53362,1.50,2.63
2012.01.12 15:09:58.250,1.53348,1.5336,2.63,3.75
2012.01.12 15:09:58.881,1.53348,1.53358,1.88,2.25
2012.01.12 15:09:59.438,1.53348,1.5336,1.88,4.50
2012.01.12 15:10:00.113,1.53348,1.53358,1.88,1.50
2012.01.12 15:10:01.202,1.53348,1.5336,1.88,4.50
2012.01.12 15:10:02.064,1.53344,1.53353,2.25,2.25
2012.01.12 15:10:02.372,1.53343,1.53353,2.63,2.25
2012.01.12 15:10:02.749,1.53345,1.53353,1.50,2.25
2012.01.12 15:10:03.722,1.53352,1.53357,1.88,3.75
2012.01.12 15:10:03.809,1.53345,1.53355,1.50,2.25
2012.01.12 15:10:04.376,1.53348,1.53354,1.88,3.00
2012.01.12 15:10:04.727,1.53348,1.53356,2.63,1.50
2012.01.12 15:10:05.682,1.53346,1.53352,1.50,1.50
2012.01.12 15:10:05.975,1.53344,1.53349,1.50,2.25
2012.01.12 15:10:07.894,1.53345,1.53354,1.50,1.50
2012.01.12 15:10:08.667,1.53345,1.53356,3.00,2.25
2012.01.12 15:10:08.821,1.53348,1.53358,2.63,1.50
2012.01.12 15:10:09.208,1.53348,1.53358,1.88,2.25
2012.01.12 15:10:09.919,1.53344,1.53352,2.63,2.25
2012.01.12 15:10:09.996,1.53342,1.53352,2.97,1.50
2012.01.12 15:10:10.432,1.53342,1.53356,4.88,6.38
2012.01.12 15:10:10.735,1.53345,1.53351,1.50,2.25
2012.01.12 15:10:11.635,1.53343,1.53348,1.50,1.07
2012.01.12 15:10:11.742,1.53336,1.53344,6.38,1.09
2012.01.12 15:10:11.891,1.53339,1.53343,1.88,1.50
2012.01.12 15:10:12.311,1.5333,1.53336,2.25,1.88
2012.01.12 15:10:12.436,1.53333,1.53345,2.25,1.50
2012.01.12 15:10:12.521,1.53337,1.53345,1.88,1.50
2012.01.12 15:10:13.094,1.53333,1.53344,1.50,2.25
2012.01.12 15:10:13.214,1.53332,1.53342,1.88,2.25
2012.01.12 15:10:13.503,1.53332,1.53345,3.38,2.25
2012.01.12 15:10:14.226,1.53332,1.53345,2.63,3.75
2012.01.12 15:10:14.304,1.53332,1.53345,2.63,2.25
2012.01.12 15:10:14.448,1.53332,1.53345,7.13,3.00
2012.01.12 15:10:14.523,1.53337,1.53345,1.88,3.75
2012.01.12 15:10:15.121,1.53337,1.53345,1.88,3.75
2012.01.12 15:10:15.211,1.53337,1.53345,1.88,2.25
2012.01.12 15:10:15.509,1.53337,1.53347,1.88,2.25
2012.01.12 15:10:15.587,1.53337,1.53345,1.88,1.50
2012.01.12 15:10:15.809,1.53337,1.53347,2.63,3.00
2012.01.12 15:10:16.387,1.53338,1.53347,1.50,1.50
2012.01.12 15:10:17.079,1.5334,1.53352,3.00,1.88
2012.01.12 15:10:17.771,1.5334,1.53351,1.50,3.00
2012.01.12 15:10:18.122,1.53344,1.53351,1.50,3.00
2012.01.12 15:10:18.701,1.53343,1.53354,2.63,1.50
2012.01.12 15:10:18.776,1.53343,1.53351,2.63,2.25
2012.01.12 15:10:19.648,1.53342,1.53351,1.50,2.25
2012.01.12 15:10:19.788,1.53344,1.53354,2.25,1.50
2012.01.12 15:10:19.873,1.53344,1.53349,1.50,2.25
2012.01.12 15:10:20.616,1.53336,1.53341,2.25,1.50
2012.01.12 15:10:20.717,1.53337,1.53343,1.88,1.50
2012.01.12 15:10:20.794,1.53337,1.53345,1.88,3.00
2012.01.12 15:10:21.955,1.53337,1.53344,1.88,1.50
2012.01.12 15:10:24.384,1.53337,1.53343,1.88,2.25
2012.01.12 15:10:25.657,1.53337,1.53343,1.88,3.00
2012.01.12 15:10:25.747,1.53332,1.53342,2.97,3.00
2012.01.12 15:10:25.904,1.53332,1.5334,2.97,2.25
2012.01.12 15:10:26.259,1.53335,1.53345,1.50,3.00
2012.01.12 15:10:26.832,1.53338,1.53342,2.25,2.25
2012.01.12 15:10:26.920,1.53338,1.53349,1.50,3.00
2012.01.12 15:10:27.070,1.53338,1.53349,1.50,3.00
2012.01.12 15:10:27.430,1.53335,1.53345,2.25,1.50
2012.01.12 15:10:27.583,1.53338,1.53345,1.50,1.50
2012.01.12 15:10:27.726,1.53335,1.53343,1.50,1.50
2012.01.12 15:10:28.232,1.53334,1.53345,1.50,3.00
2012.01.12 15:10:28.860,1.53334,1.53339,1.50,2.25
2012.01.12 15:10:29.421,1.53334,1.53338,1.50,2.25
2012.01.12 15:10:30.072,1.53334,1.5334,1.50,2.25
2012.01.12 15:10:30.164,1.53334,1.53345,1.50,2.25
2012.01.12 15:10:30.309,1.53334,1.53345,1.50,4.50
2012.01.12 15:10:30.595,1.53333,1.53344,3.75,2.25
2012.01.12 15:10:30.893,1.53333,1.53337,2.25,2.25
2012.01.12 15:10:31.560,1.53334,1.53343,1.50,1.50
2012.01.12 15:10:32.139,1.53333,1.5334,2.25,2.25
2012.01.12 15:10:32.659,1.53333,1.53339,2.25,2.25
2012.01.12 15:10:33.424,1.53333,1.53339,1.50,2.25
2012.01.12 15:10:33.987,1.53333,1.53344,1.50,2.25
2012.01.12 15:10:34.276,1.53332,1.53344,3.38,2.25
2012.01.12 15:10:34.841,1.53332,1.53343,2.63,1.50
2012.01.12 15:10:35.134,1.53332,1.53337,1.88,2.25
2012.01.12 15:10:35.205,1.53332,1.53343,2.63,1.50
2012.01.12 15:10:35.291,1.53332,1.53343,2.63,1.50
2012.01.12 15:10:35.653,1.53332,1.53342,2.63,1.50
2012.01.12 15:10:36.152,1.5333,1.53337,1.09,2.25
2012.01.12 15:10:36.526,1.5333,1.53337,1.50,3.75
2012.01.12 15:10:36.745,1.53324,1.53328,1.50,2.25
2012.01.12 15:10:36.896,1.53328,1.53333,1.50,1.50
2012.01.12 15:10:36.971,1.53326,1.53333,2.25,1.50
2012.01.12 15:10:37.183,1.53327,1.53333,2.25,1.50
2012.01.12 15:10:37.325,1.53327,1.53335,1.50,1.50
2012.01.12 15:10:37.802,1.53326,1.53333,2.25,1.50
2012.01.12 15:10:37.932,1.53326,1.53332,3.00,1.50
2012.01.12 15:10:38.007,1.53323,1.53332,1.50,1.50
2012.01.12 15:10:38.223,1.53323,1.53329,1.50,2.25
2012.01.12 15:10:38.295,1.53324,1.53336,1.50,4.13
2012.01.12 15:10:38.449,1.53324,1.53336,1.50,4.13
2012.01.12 15:10:38.538,1.53324,1.5333,1.50,2.25
2012.01.12 15:10:38.616,1.53324,1.53333,1.50,2.25
2012.01.12 15:10:38.693,1.53324,1.53333,1.50,2.25
2012.01.12 15:10:38.843,1.53323,1.53332,1.50,1.50
2012.01.12 15:10:39.067,1.53325,1.53338,2.25,3.00
2012.01.12 15:10:39.557,1.53325,1.53336,2.25,1.88
2012.01.12 15:10:39.668,1.53327,1.5334,4.88,3.00
2012.01.12 15:10:40.026,1.53327,1.5334,5.63,2.25
2012.01.12 15:10:40.536,1.53327,1.5334,3.38,1.50
2012.01.12 15:10:41.195,1.53327,1.53336,3.38,2.25
2012.01.12 15:10:41.701,1.53327,1.53336,3.38,2.25
2012.01.12 15:10:42.293,1.53327,1.53337,3.38,2.25
2012.01.12 15:10:42.367,1.53327,1.53337,3.38,2.25
2012.01.12 15:10:42.503,1.53328,1.5334,2.25,1.50
2012.01.12 15:10:43.205,1.53327,1.53336,1.50,1.88
2012.01.12 15:10:43.309,1.53325,1.5333,1.50,2.25
2012.01.12 15:10:43.540,1.53327,1.53334,3.38,2.25
2012.01.12 15:10:43.755,1.53327,1.53336,1.50,1.88
2012.01.12 15:10:43.834,1.53327,1.53335,1.50,2.25
2012.01.12 15:10:43.978,1.53327,1.53339,3.38,1.50
2012.01.12 15:10:44.055,1.53327,1.53332,3.38,2.25
2012.01.12 15:10:44.274,1.53327,1.53334,3.38,2.25
2012.01.12 15:10:45.051,1.53327,1.53339,3.38,1.50
2012.01.12 15:10:45.473,1.53325,1.53335,1.50,3.75
2012.01.12 15:10:45.616,1.53322,1.5333,2.63,2.25
2012.01.12 15:10:45.970,1.53322,1.53328,2.63,2.25
2012.01.12 15:10:46.320,1.53324,1.53333,2.25,1.50
2012.01.12 15:10:46.883,1.53324,1.53328,2.25,2.25
2012.01.12 15:10:47.509,1.53324,1.53335,2.25,3.00
2012.01.12 15:10:47.607,1.53322,1.53327,4.88,2.25
2012.01.12 15:10:47.832,1.53324,1.53333,1.50,1.50
2012.01.12 15:10:47.909,1.53323,1.53333,1.50,1.50
2012.01.12 15:10:48.130,1.53324,1.53333,1.50,1.50
2012.01.12 15:10:48.206,1.53324,1.53335,2.25,1.50
2012.01.12 15:10:48.285,1.53324,1.53328,1.50,2.25
2012.01.12 15:10:49.443,1.53325,1.53336,1.50,1.88
2012.01.12 15:10:49.518,1.53327,1.53338,2.63,3.75
2012.01.12 15:10:49.593,1.53327,1.53338,2.63,3.75
2012.01.12 15:10:49.973,1.53327,1.53337,2.63,2.25
2012.01.12 15:10:50.471,1.53332,1.53337,1.88,2.25
2012.01.12 15:10:52.497,1.53333,1.53337,1.88,2.25
2012.01.12 15:10:53.607,1.53333,1.53342,2.63,3.00
2012.01.12 15:10:53.840,1.53334,1.53344,2.25,2.25
2012.01.12 15:10:53.984,1.53338,1.53344,1.88,2.25
2012.01.12 15:10:54.911,1.53338,1.53346,1.88,3.75
2012.01.12 15:10:55.115,1.53338,1.53344,1.88,1.50
2012.01.12 15:10:56.433,1.5334,1.53348,1.50,2.25
2012.01.12 15:10:56.967,1.5334,1.53346,2.25,2.25
2012.01.12 15:10:57.060,1.53343,1.53352,2.63,1.50
2012.01.12 15:10:57.203,1.53343,1.53354,2.63,3.75
2012.01.12 15:10:57.623,1.53343,1.53356,2.63,2.25
2012.01.12 15:10:57.906,1.53344,1.53356,2.25,1.50
2012.01.12 15:10:59.125,1.53344,1.53356,2.25,1.50
2012.01.12 15:10:59.490,1.53343,1.53353,2.63,1.50
2012.01.12 15:11:00.080,1.53343,1.53351,1.88,2.25
2012.01.12 15:11:00.164,1.53338,1.5335,1.88,2.25
2012.01.12 15:11:00.846,1.53338,1.5335,3.38,2.25
2012.01.12 15:11:00.938,1.53338,1.53351,5.63,1.50
2012.01.12 15:11:01.718,1.53338,1.53348,3.38,2.25
2012.01.12 15:11:02.737,1.53343,1.53352,2.63,1.50
2012.01.12 15:11:02.816,1.53343,1.53348,1.88,1.50
2012.01.12 15:11:03.383,1.53343,1.53352,1.88,2.25
2012.01.12 15:11:03.524,1.53343,1.53352,2.63,1.50
2012.01.12 15:11:03.668,1.53343,1.53347,1.88,2.25
2012.01.12 15:11:03.818,1.53343,1.53352,1.88,2.25
2012.01.12 15:11:04.572,1.53343,1.53352,1.88,2.25
2012.01.12 15:11:04.657,1.53343,1.53352,2.63,1.50
2012.01.12 15:11:04.731,1.53343,1.53354,2.63,3.00
2012.01.12 15:11:04.803,1.53343,1.53354,2.63,3.00
2012.01.12 15:11:05.224,1.53343,1.5335,2.63,2.25
2012.01.12 15:11:05.574,1.53343,1.53349,3.00,2.25
2012.01.12 15:11:05.713,1.53347,1.53355,1.88,2.25
2012.01.12 15:11:05.855,1.53347,1.53355,2.63,1.50
2012.01.12 15:11:06.072,1.53344,1.53355,2.25,2.25
2012.01.12 15:11:06.662,1.53344,1.53356,2.25,3.00
2012.01.12 15:11:06.735,1.53344,1.53356,2.25,2.25
2012.01.12 15:11:07.362,1.53344,1.53355,2.25,1.50
2012.01.12 15:11:07.771,1.53343,1.53355,2.63,3.75
2012.01.12 15:11:08.592,1.53343,1.53355,2.63,1.50
2012.01.12 15:11:09.370,1.53343,1.53355,2.63,1.50
2012.01.12 15:11:09.786,1.53343,1.53355,2.63,3.75
2012.01.12 15:11:10.796,1.53343,1.53355,2.63,3.75
2012.01.12 15:11:11.301,1.53343,1.53355,2.63,3.75
2012.01.12 15:11:12.285,1.53343,1.53355,2.63,3.75
2012.01.12 15:11:13.185,1.53343,1.53355,2.63,2.25
2012.01.12 15:11:13.278,1.53336,1.53345,3.75,1.50
2012.01.12 15:11:13.428,1.53333,1.53345,4.26,2.25
2012.01.12 15:11:13.574,1.53333,1.53343,2.63,1.50
2012.01.12 15:11:13.924,1.53329,1.53341,2.25,2.25
2012.01.12 15:11:14.439,1.53329,1.53341,2.25,2.25
2012.01.12 15:11:15.000,1.53329,1.53341,2.25,2.25
2012.01.12 15:11:15.433,1.53335,1.53341,1.50,2.25
2012.01.12 15:11:15.782,1.53338,1.53343,1.88,2.25
2012.01.12 15:11:16.332,1.53338,1.53344,1.88,2.25
2012.01.12 15:11:16.684,1.53343,1.53347,1.88,2.25
2012.01.12 15:11:16.895,1.53343,1.53347,1.88,2.25
2012.01.12 15:11:17.258,1.53338,1.53348,3.38,2.25
2012.01.12 15:11:17.333,1.53338,1.53345,3.38,2.25
2012.01.12 15:11:17.973,1.53336,1.53344,1.50,2.25
2012.01.12 15:11:18.093,1.53338,1.53346,2.63,2.25
2012.01.12 15:11:18.444,1.53342,1.53349,4.50,1.50
2012.01.12 15:11:18.592,1.53345,1.53354,1.50,2.25
2012.01.12 15:11:18.737,1.53344,1.53352,1.50,1.88
2012.01.12 15:11:19.727,1.53348,1.53356,2.63,3.57
2012.01.12 15:11:19.879,1.53348,1.53355,2.63,1.50
2012.01.12 15:11:20.175,1.53349,1.53361,1.50,2.25
2012.01.12 15:11:20.253,1.53348,1.53355,2.63,1.50
2012.01.12 15:11:20.538,1.53349,1.53357,2.25,1.50
2012.01.12 15:11:20.623,1.5335,1.5336,1.50,1.50
2012.01.12 15:11:20.693,1.5335,1.53357,1.50,1.50
2012.01.12 15:11:23.702,1.5335,1.53357,1.50,1.50
2012.01.12 15:11:24.269,1.5335,1.53357,1.50,1.50
2012.01.12 15:11:25.749,1.53343,1.53352,1.50,4.13
2012.01.12 15:11:26.036,1.53338,1.53349,4.88,1.50
2012.01.12 15:11:26.115,1.53343,1.53354,1.88,3.00
2012.01.12 15:11:26.621,1.5334,1.53352,2.25,1.88
2012.01.12 15:11:26.694,1.5334,1.53352,2.25,2.63
2012.01.12 15:11:27.758,1.53338,1.53352,4.88,3.38
2012.01.12 15:11:27.911,1.5334,1.53352,3.00,2.63
2012.01.12 15:11:28.267,1.53348,1.53356,2.25,2.25
2012.01.12 15:11:28.694,1.53346,1.53352,3.00,1.88
2012.01.12 15:11:29.262,1.53346,1.53352,1.50,1.88
2012.01.12 15:11:29.752,1.53344,1.53352,1.50,1.88
2012.01.12 15:11:29.900,1.53338,1.53352,4.88,3.38
2012.01.12 15:11:30.183,1.53343,1.53352,1.50,1.88
2012.01.12 15:11:31.349,1.53343,1.53352,4.13,1.88
2012.01.12 15:11:31.709,1.5335,1.53357,1.50,2.63
2012.01.12 15:11:31.926,1.5335,1.53357,3.00,2.63
2012.01.12 15:11:32.352,1.5335,1.53362,3.75,2.63
2012.01.12 15:11:32.970,1.53352,1.53362,3.00,1.88
2012.01.12 15:11:33.578,1.53352,1.53362,3.00,1.88
2012.01.12 15:11:34.113,1.53352,1.53362,3.00,1.88
2012.01.12 15:11:35.103,1.53352,1.53362,3.00,1.88
2012.01.12 15:11:35.723,1.53352,1.53362,3.00,1.88
2012.01.12 15:11:36.286,1.53352,1.53362,3.00,4.13
2012.01.12 15:11:36.433,1.53352,1.53362,1.50,4.13
2012.01.12 15:11:36.579,1.53352,1.53362,1.50,1.88
2012.01.12 15:11:37.302,1.53352,1.53362,3.75,1.88
2012.01.12 15:11:37.383,1.53352,1.53362,2.25,1.88
2012.01.12 15:11:37.590,1.5335,1.53362,2.25,1.88
2012.01.12 15:11:37.661,1.5335,1.53362,2.25,1.88
2012.01.12 15:11:38.457,1.5335,1.53362,2.25,1.88
2012.01.12 15:11:39.010,1.5335,1.53362,2.25,1.88
2012.01.12 15:11:39.940,1.5335,1.53362,2.25,1.88
2012.01.12 15:11:40.210,1.5335,1.53362,2.25,1.88
2012.01.12 15:11:40.422,1.5335,1.53361,2.25,1.88
2012.01.12 15:11:40.493,1.53348,1.5336,4.88,1.50
2012.01.12 15:11:40.831,1.5335,1.53362,2.25,2.63
2012.01.12 15:11:40.901,1.5335,1.53362,2.25,1.88
2012.01.12 15:11:41.322,1.5335,1.53362,2.25,2.63
2012.01.12 15:11:41.391,1.5335,1.53362,2.25,1.88
2012.01.12 15:11:41.995,1.5335,1.53362,2.25,1.88
2012.01.12 15:11:42.593,1.5335,1.5336,2.25,1.13
2012.01.12 15:11:42.799,1.5335,1.5336,1.50,1.88
2012.01.12 15:11:42.943,1.5335,1.53362,1.50,2.63
2012.01.12 15:11:43.450,1.5335,1.53362,2.25,2.63
2012.01.12 15:11:43.851,1.5335,1.53362,4.50,2.63
2012.01.12 15:11:44.191,1.53354,1.53362,2.25,1.88
2012.01.12 15:11:44.936,1.53352,1.53362,4.50,1.88
2012.01.12 15:11:45.473,1.53354,1.53362,1.50,1.88
2012.01.12 15:11:46.134,1.53354,1.53362,2.25,1.88
2012.01.12 15:11:46.932,1.53354,1.53362,1.35,1.88
2012.01.12 15:11:48.001,1.53354,1.53367,2.85,2.25
2012.01.12 15:11:48.430,1.53359,1.5337,1.50,4.04
2012.01.12 15:11:48.506,1.5336,1.53372,2.25,7.13
2012.01.12 15:11:48.830,1.53368,1.53376,1.88,1.50
2012.01.12 15:11:49.138,1.5337,1.5338,1.50,1.50
2012.01.12 15:11:49.682,1.5337,1.53377,1.50,1.88
2012.01.12 15:11:50.174,1.53371,1.53377,1.50,1.88
2012.01.12 15:11:50.450,1.53371,1.53377,1.50,1.88
2012.01.12 15:11:50.735,1.53371,1.53377,1.50,1.88
2012.01.12 15:11:53.657,1.53372,1.53377,1.50,1.88
2012.01.12 15:11:54.311,1.53372,1.53377,1.50,1.88
2012.01.12 15:11:54.626,1.5338,1.53386,1.50,1.50
2012.01.12 15:11:54.987,1.53381,1.53389,3.38,2.25
2012.01.12 15:11:55.131,1.53383,1.53389,2.63,1.50
2012.01.12 15:11:55.272,1.53383,1.53392,3.38,1.50
2012.01.12 15:11:55.340,1.53383,1.53394,3.38,3.00
2012.01.12 15:11:56.221,1.53387,1.53397,1.84,2.25
2012.01.12 15:11:56.780,1.53388,1.53398,3.38,3.75
2012.01.12 15:11:57.310,1.53388,1.53398,4.13,3.75
2012.01.12 15:11:57.786,1.53388,1.534,4.13,2.25
2012.01.12 15:11:58.076,1.53388,1.534,2.63,2.63
2012.01.12 15:11:58.567,1.53398,1.53402,2.63,3.46
2012.01.12 15:11:58.657,1.5339,1.534,1.50,1.88
2012.01.12 15:11:58.815,1.53396,1.53402,1.50,3.00
2012.01.12 15:11:58.892,1.53388,1.53401,4.88,2.25
2012.01.12 15:11:59.041,1.53387,1.53397,1.50,2.25
2012.01.12 15:11:59.124,1.53388,1.53396,1.50,1.50
2012.01.12 15:11:59.474,1.53388,1.53394,2.25,1.50
2012.01.12 15:12:00.051,1.53386,1.53394,1.50,1.50
2012.01.12 15:12:00.274,1.53383,1.53396,5.63,2.25
2012.01.12 15:12:00.762,1.53383,1.53392,4.13,1.50
2012.01.12 15:12:01.253,1.53383,1.53387,2.25,1.88
2012.01.12 15:12:01.325,1.5338,1.53387,1.50,1.88
2012.01.12 15:12:01.672,1.53377,1.53387,1.50,2.25
2012.01.12 15:12:02.220,1.53375,1.53387,3.00,3.00
2012.01.12 15:12:02.295,1.53376,1.53384,2.25,1.88
2012.01.12 15:12:02.519,1.53383,1.53389,4.88,1.50
2012.01.12 15:12:02.598,1.53383,1.53389,5.63,1.50
2012.01.12 15:12:02.888,1.53388,1.53402,4.13,9.03
2012.01.12 15:12:02.973,1.53388,1.53402,5.25,6.38
2012.01.12 15:12:03.046,1.53388,1.53402,5.25,4.50
2012.01.12 15:12:03.334,1.53393,1.53402,1.50,1.88
2012.01.12 15:12:04.035,1.53391,1.53402,1.50,3.38
2012.01.12 15:12:04.129,1.53391,1.53397,1.50,1.88
2012.01.12 15:12:04.974,1.53388,1.53402,4.88,5.63
2012.01.12 15:12:05.113,1.5339,1.534,1.50,1.50
2012.01.12 15:12:05.476,1.5339,1.53402,1.50,3.38
2012.01.12 15:12:06.378,1.53391,1.53402,4.09,3.38
2012.01.12 15:12:06.473,1.53398,1.53406,1.88,1.50
2012.01.12 15:12:06.686,1.53398,1.53404,1.88,1.50
2012.01.12 15:12:06.763,1.53394,1.53404,1.50,1.50
2012.01.12 15:12:07.314,1.53393,1.53402,4.13,1.50
2012.01.12 15:12:07.883,1.53393,1.53404,3.38,1.50
2012.01.12 15:12:08.465,1.5339,1.53399,2.63,1.50
2012.01.12 15:12:08.547,1.53393,1.53402,2.63,1.50
2012.01.12 15:12:08.624,1.53393,1.53402,2.63,1.88
2012.01.12 15:12:08.772,1.53393,1.53402,2.63,1.88
2012.01.12 15:12:08.915,1.53393,1.53404,3.38,1.50
2012.01.12 15:12:09.122,1.53393,1.53402,3.38,1.50
2012.01.12 15:12:09.337,1.53393,1.53404,3.38,1.50
2012.01.12 15:12:09.836,1.53393,1.53404,2.63,3.75
2012.01.12 15:12:10.418,1.53393,1.53404,2.63,2.25
2012.01.12 15:12:10.775,1.53398,1.53404,1.88,2.25
2012.01.12 15:12:10.922,1.53393,1.53405,2.63,2.25
2012.01.12 15:12:10.992,1.53394,1.53405,1.50,1.50
2012.01.12 15:12:11.477,1.53393,1.53404,3.38,1.50
2012.01.12 15:12:11.699,1.53394,1.53402,1.50,1.50
2012.01.12 15:12:11.901,1.53393,1.53405,3.38,2.25
2012.01.12 15:12:12.435,1.53393,1.53405,2.63,2.25
2012.01.12 15:12:13.027,1.53394,1.53405,1.50,1.50
2012.01.12 15:12:13.104,1.53396,1.53407,2.25,3.38
2012.01.12 15:12:13.576,1.53394,1.53405,3.00,1.50
2012.01.12 15:12:14.555,1.53393,1.53403,2.63,1.50
2012.01.12 15:12:15.156,1.53393,1.53405,2.63,1.50
2012.01.12 15:12:15.503,1.53394,1.53407,2.25,2.25
2012.01.12 15:12:16.776,1.53394,1.53407,3.75,2.25
2012.01.12 15:12:17.726,1.53394,1.53407,4.50,2.25
2012.01.12 15:12:19.006,1.53399,1.5341,1.50,1.50
2012.01.12 15:12:19.801,1.53399,1.5341,2.25,1.50
2012.01.12 15:12:19.883,1.534,1.53412,3.00,1.88
2012.01.12 15:12:20.422,1.534,1.53412,3.00,1.88
2012.01.12 15:12:21.274,1.53408,1.53416,1.50,1.50
2012.01.12 15:12:21.998,1.53419,1.53425,1.84,1.13
2012.01.12 15:12:22.121,1.53422,1.53427,1.50,2.25
2012.01.12 15:12:22.199,1.53415,1.53426,1.50,1.50
2012.01.12 15:12:22.416,1.53414,1.53422,2.25,1.50
2012.01.12 15:12:22.781,1.53417,1.53422,2.25,1.50
2012.01.12 15:12:22.925,1.53414,1.53422,2.25,1.50
2012.01.12 15:12:23.822,1.53414,1.53424,3.00,3.00
2012.01.12 15:12:24.038,1.53414,1.53422,2.25,1.50
2012.01.12 15:12:24.763,1.53414,1.53422,1.50,1.50
2012.01.12 15:12:25.122,1.53418,1.53422,1.88,1.50
2012.01.12 15:12:25.589,1.53418,1.53426,1.88,2.25
2012.01.12 15:12:25.680,1.53414,1.53426,3.00,2.25
2012.01.12 15:12:26.174,1.53415,1.53426,2.63,2.25
2012.01.12 15:12:26.739,1.53418,1.53422,1.88,1.50
2012.01.12 15:12:26.820,1.53414,1.53422,1.50,1.50
2012.01.12 15:12:27.350,1.53413,1.53422,2.97,2.25
2012.01.12 15:12:27.447,1.53408,1.53419,5.63,1.50
2012.01.12 15:12:29.690,1.53409,1.53421,1.50,3.38
2012.01.12 15:12:29.831,1.53409,1.5342,1.50,1.50
2012.01.12 15:12:31.057,1.53409,1.5342,1.50,1.50
2012.01.12 15:12:31.417,1.53413,1.53421,1.88,1.50
2012.01.12 15:12:31.915,1.53413,1.53426,4.13,2.25
2012.01.12 15:12:32.826,1.53413,1.53426,4.88,2.25
2012.01.12 15:12:33.321,1.53413,1.53424,2.63,1.50
2012.01.12 15:12:33.798,1.53413,1.53424,1.88,2.25
2012.01.12 15:12:37.294,1.53413,1.53421,3.30,2.25
2012.01.12 15:12:37.645,1.53418,1.53426,1.50,1.50
2012.01.12 15:12:37.868,1.53418,1.53424,1.88,1.50
2012.01.12 15:12:38.083,1.53418,1.53426,2.63,1.50
2012.01.12 15:12:38.156,1.53418,1.53428,2.63,1.50
2012.01.12 15:12:38.736,1.53418,1.53427,2.63,1.50
2012.01.12 15:12:39.097,1.53418,1.53427,1.88,1.50
2012.01.12 15:12:39.316,1.53418,1.53425,1.88,1.50
2012.01.12 15:12:39.911,1.53418,1.53427,1.88,1.50
2012.01.12 15:12:41.742,1.53418,1.53427,2.63,1.50
2012.01.12 15:12:42.085,1.53418,1.53425,2.63,1.50
2012.01.12 15:12:42.867,1.53418,1.53425,2.63,1.50
2012.01.12 15:12:43.164,1.5342,1.53427,1.50,3.38
2012.01.12 15:12:43.522,1.53415,1.53425,1.50,1.50
2012.01.12 15:12:43.661,1.53413,1.53425,4.13,1.50
2012.01.12 15:12:43.738,1.53413,1.53423,4.13,1.50
2012.01.12 15:12:44.092,1.53413,1.53423,2.63,2.10
2012.01.12 15:12:44.162,1.53413,1.53423,2.63,2.10
2012.01.12 15:12:44.304,1.53413,1.53423,2.63,1.50
2012.01.12 15:12:44.794,1.53413,1.53425,2.63,2.25
2012.01.12 15:12:45.268,1.53413,1.53425,2.63,1.50
2012.01.12 15:12:45.623,1.53413,1.53423,2.63,1.50
2012.01.12 15:12:46.116,1.53413,1.5342,2.63,1.13
2012.01.12 15:12:46.830,1.53405,1.53412,1.50,3.32
2012.01.12 15:12:46.918,1.534,1.53407,2.25,2.63
2012.01.12 15:12:47.007,1.53394,1.53403,1.50,1.50
2012.01.12 15:12:47.166,1.53404,1.53409,1.50,3.38
2012.01.12 15:12:47.385,1.53398,1.53406,1.13,1.50
2012.01.12 15:12:47.773,1.53393,1.53403,2.63,1.50
2012.01.12 15:12:47.846,1.53393,1.53405,4.88,1.50
2012.01.12 15:12:47.923,1.53393,1.53407,6.38,3.75
2012.01.12 15:12:48.703,1.53393,1.53407,4.88,5.63
2012.01.12 15:12:48.856,1.53393,1.53403,3.38,1.50
2012.01.12 15:12:49.005,1.53393,1.53406,3.38,1.50
2012.01.12 15:12:49.432,1.53396,1.53407,2.25,1.88
2012.01.12 15:12:50.352,1.53397,1.53408,2.63,1.50
2012.01.12 15:12:50.856,1.53398,1.53408,3.00,1.50
2012.01.12 15:12:52.232,1.53398,1.53407,3.00,1.88
2012.01.12 15:12:52.756,1.53397,1.53404,1.50,1.50
2012.01.12 15:12:52.838,1.53393,1.53404,4.88,1.50
2012.01.12 15:12:53.402,1.53393,1.53404,2.63,1.50
2012.01.12 15:12:53.533,1.53393,1.53402,2.63,1.50
2012.01.12 15:12:53.885,1.53389,1.534,1.50,1.50
2012.01.12 15:12:54.106,1.53388,1.53397,2.55,1.88
2012.01.12 15:12:54.329,1.53386,1.53397,3.00,1.88
2012.01.12 15:12:54.953,1.53388,1.53397,2.25,1.88
2012.01.12 15:12:55.033,1.53388,1.53397,2.25,1.88
2012.01.12 15:12:55.388,1.53388,1.53397,2.25,1.88
2012.01.12 15:12:56.752,1.53388,1.53397,2.25,1.88
2012.01.12 15:12:57.413,1.53386,1.53397,2.25,1.88
2012.01.12 15:12:57.627,1.53386,1.53397,2.25,1.88
2012.01.12 15:12:57.703,1.53386,1.53397,2.25,1.88
2012.01.12 15:12:58.354,1.53386,1.53397,2.25,1.88
2012.01.12 15:12:59.111,1.53388,1.53397,2.25,1.88
2012.01.12 15:12:59.453,1.53388,1.53397,2.25,1.88
2012.01.12 15:13:00.162,1.53388,1.53397,2.25,1.88
2012.01.12 15:13:01.053,1.53384,1.53397,2.25,1.88
2012.01.12 15:13:02.235,1.53384,1.53397,2.25,1.88
2012.01.12 15:13:02.379,1.53384,1.53397,2.25,1.88
2012.01.12 15:13:02.935,1.53384,1.53397,2.25,1.88
2012.01.12 15:13:03.642,1.53384,1.53397,2.25,1.88
2012.01.12 15:13:05.527,1.53386,1.53397,1.50,1.88
2012.01.12 15:13:06.739,1.53385,1.53397,1.50,1.88
2012.01.12 15:13:07.973,1.53386,1.53397,2.25,1.88
2012.01.12 15:13:08.321,1.53386,1.53392,1.50,2.25
2012.01.12 15:13:08.409,1.53384,1.53392,1.50,3.75
2012.01.12 15:13:08.492,1.53382,1.53392,1.50,5.63
2012.01.12 15:13:08.642,1.53385,1.53391,1.50,2.25
2012.01.12 15:13:09.134,1.53387,1.53394,2.63,1.50
2012.01.12 15:13:09.244,1.53383,1.53396,3.38,2.25
2012.01.12 15:13:09.534,1.53383,1.53396,3.38,3.00
2012.01.12 15:13:09.608,1.53383,1.53396,4.13,3.75
2012.01.12 15:13:09.689,1.53383,1.53396,2.63,3.00
2012.01.12 15:13:10.047,1.53382,1.53392,1.50,1.88
2012.01.12 15:13:10.669,1.53383,1.53394,2.63,1.50
2012.01.12 15:13:10.756,1.53383,1.53394,1.88,2.25
2012.01.12 15:13:11.183,1.53383,1.53394,2.63,2.25
2012.01.12 15:13:11.532,1.53383,1.53394,1.88,3.00
2012.01.12 15:13:11.884,1.53383,1.53394,2.63,1.50
2012.01.12 15:13:12.024,1.53383,1.53394,2.63,2.25
2012.01.12 15:13:12.608,1.5338,1.53394,2.25,2.25
2012.01.12 15:13:12.974,1.53378,1.53392,5.63,3.38
2012.01.12 15:13:13.393,1.53378,1.53388,4.88,1.50
2012.01.12 15:13:14.364,1.53378,1.53391,4.88,1.50
2012.01.12 15:13:14.902,1.53378,1.53389,4.88,1.50
2012.01.12 15:13:14.983,1.53378,1.53389,2.63,1.50
2012.01.12 15:13:15.253,1.53378,1.53389,4.13,1.50
2012.01.12 15:13:15.401,1.53378,1.53389,3.75,1.50
2012.01.12 15:13:15.479,1.53381,1.53392,2.25,2.57
2012.01.12 15:13:15.626,1.53378,1.53391,4.50,1.50
2012.01.12 15:13:15.984,1.5338,1.53389,1.50,1.50
2012.01.12 15:13:16.052,1.5338,1.53392,1.50,3.38
2012.01.12 15:13:17.039,1.53378,1.5339,5.63,1.50
2012.01.12 15:13:17.325,1.53378,1.53392,7.13,3.38
2012.01.12 15:13:18.021,1.53378,1.53392,7.13,3.38
2012.01.12 15:13:18.991,1.53378,1.53392,7.13,3.38
2012.01.12 15:13:19.555,1.53378,1.53392,7.13,3.38
2012.01.12 15:13:20.114,1.53379,1.53392,2.25,3.38
2012.01.12 15:13:20.610,1.53386,1.53397,1.13,1.88
2012.01.12 15:13:21.235,1.5339,1.53397,2.25,1.50
2012.01.12 15:13:21.742,1.53385,1.53399,1.50,1.50
2012.01.12 15:13:22.083,1.53383,1.53397,5.22,3.75
2012.01.12 15:13:22.484,1.53383,1.53395,2.63,1.50
2012.01.12 15:13:23.377,1.53383,1.53395,2.63,1.50
2012.01.12 15:13:23.452,1.53383,1.53397,4.13,3.75
2012.01.12 15:13:23.662,1.53383,1.53396,4.13,2.25
2012.01.12 15:13:24.191,1.53383,1.53395,2.63,1.50
2012.01.12 15:13:26.160,1.53383,1.53395,2.63,1.50
2012.01.12 15:13:26.300,1.53383,1.53393,2.63,1.50
2012.01.12 15:13:27.121,1.53383,1.53395,2.63,1.50
2012.01.12 15:13:27.851,1.53383,1.53395,2.63,1.50
2012.01.12 15:13:27.921,1.53383,1.53393,2.63,1.50
2012.01.12 15:13:28.431,1.53383,1.53393,2.63,1.50
2012.01.12 15:13:29.108,1.53383,1.53393,2.63,1.50
2012.01.12 15:13:29.703,1.53393,1.53399,2.63,4.13
2012.01.12 15:13:29.784,1.53395,1.53399,1.50,3.38
2012.01.12 15:13:29.859,1.53398,1.53403,1.88,3.00
2012.01.12 15:13:30.224,1.53396,1.53401,2.63,1.50
2012.01.12 15:13:30.301,1.53398,1.53403,1.88,1.50
2012.01.12 15:13:31.677,1.53398,1.53402,1.88,1.50
2012.01.12 15:13:31.769,1.53393,1.53402,3.00,3.38
2012.01.12 15:13:31.850,1.53393,1.53402,3.00,3.38
2012.01.12 15:13:32.204,1.53393,1.53404,1.88,1.88
2012.01.12 15:13:32.486,1.53398,1.53404,1.88,1.50
2012.01.12 15:13:32.708,1.53393,1.53402,1.88,1.50
2012.01.12 15:13:32.856,1.53393,1.53402,4.88,1.50
2012.01.12 15:13:33.864,1.53393,1.53402,4.88,1.50
2012.01.12 15:13:34.087,1.53393,1.53404,4.88,1.50
2012.01.12 15:13:34.248,1.53393,1.53406,4.88,1.50
2012.01.12 15:13:34.812,1.53395,1.53406,3.00,3.00
2012.01.12 15:13:35.507,1.53393,1.53402,2.63,1.50
2012.01.12 15:13:35.800,1.53393,1.53402,2.63,1.50
2012.01.12 15:13:36.542,1.53393,1.53402,2.63,1.50
2012.01.12 15:13:37.643,1.53394,1.53404,1.50,3.00
2012.01.12 15:13:37.718,1.53398,1.53404,1.88,1.50
2012.01.12 15:13:38.002,1.53398,1.53407,1.88,2.63
2012.01.12 15:13:38.215,1.53398,1.5341,2.63,1.50
2012.01.12 15:13:38.575,1.53398,1.53411,2.63,3.38
2012.01.12 15:13:38.652,1.53398,1.53411,2.63,2.63
2012.01.12 15:13:38.796,1.53398,1.53409,2.63,2.25
2012.01.12 15:13:39.013,1.53398,1.53411,2.63,1.50
2012.01.12 15:13:39.803,1.53398,1.53407,2.63,1.50
2012.01.12 15:13:40.156,1.53393,1.53402,2.63,1.50
2012.01.12 15:13:40.314,1.53394,1.53402,1.50,3.38
2012.01.12 15:13:40.523,1.5339,1.53402,1.13,3.38
2012.01.12 15:13:40.662,1.5339,1.53402,1.13,3.38
2012.01.12 15:13:41.372,1.53388,1.53402,4.13,4.13
2012.01.12 15:13:41.806,1.53388,1.53399,4.13,1.13
2012.01.12 15:13:41.888,1.53388,1.53399,4.13,1.13
2012.01.12 15:13:41.977,1.53388,1.53395,2.63,1.50
2012.01.12 15:13:42.335,1.53384,1.53392,2.25,1.88
2012.01.12 15:13:42.556,1.53382,1.53392,1.50,3.38
2012.01.12 15:13:43.143,1.5338,1.53392,1.50,3.38
2012.01.12 15:13:43.693,1.53378,1.53391,6.72,2.25
2012.01.12 15:13:44.185,1.53378,1.53391,3.72,3.00
2012.01.12 15:13:44.847,1.53378,1.53386,4.13,2.25
2012.01.12 15:13:44.939,1.53382,1.53392,2.25,1.88
2012.01.12 15:13:45.374,1.53382,1.53392,2.25,1.88
2012.01.12 15:13:45.803,1.53384,1.53395,2.25,1.50
2012.01.12 15:13:45.948,1.53388,1.53395,1.88,3.00
2012.01.12 15:13:46.454,1.53385,1.53395,1.50,1.50
2012.01.12 15:13:46.530,1.53388,1.53397,1.88,3.00
2012.01.12 15:13:48.415,1.53388,1.53399,2.63,1.50
2012.01.12 15:13:48.752,1.53388,1.53397,2.63,1.50
2012.01.12 15:13:49.295,1.53388,1.53397,2.63,1.50
2012.01.12 15:13:49.517,1.53388,1.53397,2.63,1.50
2012.01.12 15:13:49.963,1.53388,1.53399,2.63,1.50
2012.01.12 15:13:50.041,1.53388,1.53399,2.63,1.50
2012.01.12 15:13:51.164,1.53388,1.53399,2.63,1.50
2012.01.12 15:13:51.305,1.53388,1.53399,2.63,3.75
2012.01.12 15:13:51.387,1.53388,1.53397,2.63,4.13
2012.01.12 15:13:51.696,1.53383,1.53393,2.63,1.50
2012.01.12 15:13:51.771,1.53383,1.53395,2.63,1.50
2012.01.12 15:13:51.903,1.53382,1.53392,3.00,1.88
2012.01.12 15:13:52.181,1.53383,1.53392,2.25,1.88
2012.01.12 15:13:53.543,1.53382,1.53392,2.25,1.88
2012.01.12 15:13:53.620,1.53382,1.53392,2.25,1.88
2012.01.12 15:13:53.719,1.5338,1.53392,3.00,3.38
2012.01.12 15:13:53.802,1.5338,1.53392,1.50,9.46
2012.01.12 15:13:54.117,1.53377,1.53386,1.50,3.45
2012.01.12 15:13:54.847,1.53372,1.53377,1.50,1.88
2012.01.12 15:13:55.024,1.53374,1.5338,1.50,22.27
2012.01.12 15:13:55.455,1.53357,1.5337,1.50,4.88
2012.01.12 15:13:55.534,1.53357,1.53362,1.50,1.88
2012.01.12 15:13:56.321,1.53362,1.5337,1.50,3.75
2012.01.12 15:13:56.463,1.53358,1.53367,1.88,1.50
2012.01.12 15:13:56.548,1.53354,1.53367,2.25,4.13
2012.01.12 15:13:56.768,1.53358,1.53367,1.88,4.50
2012.01.12 15:13:57.921,1.53358,1.53367,1.88,6.00
2012.01.12 15:13:58.505,1.53358,1.53367,1.88,4.50
2012.01.12 15:13:59.086,1.53358,1.53367,1.88,4.50
2012.01.12 15:13:59.870,1.53358,1.53363,1.88,3.00
2012.01.12 15:13:59.955,1.53358,1.53367,1.88,3.00
2012.01.12 15:14:00.034,1.53355,1.53367,2.25,4.88
2012.01.12 15:14:00.594,1.53354,1.53367,2.25,5.63
2012.01.12 15:14:00.732,1.53354,1.53364,2.25,1.50
2012.01.12 15:14:00.874,1.53354,1.53366,2.25,1.50
2012.01.12 15:14:01.464,1.53355,1.53366,1.50,1.50
2012.01.12 15:14:02.671,1.53354,1.53366,2.25,3.75
2012.01.12 15:14:03.162,1.53356,1.53366,1.50,1.50
2012.01.12 15:14:03.517,1.53358,1.53366,2.63,1.50
2012.01.12 15:14:03.596,1.53358,1.53366,2.63,1.50
2012.01.12 15:14:04.145,1.53354,1.53365,2.25,1.50
2012.01.12 15:14:04.433,1.53356,1.53366,1.50,2.25
2012.01.12 15:14:04.506,1.53358,1.53368,2.63,3.75
2012.01.12 15:14:04.582,1.53358,1.53368,2.63,3.75
2012.01.12 15:14:05.093,1.53358,1.5337,2.63,3.75
2012.01.12 15:14:05.304,1.53358,1.5337,2.63,1.50
2012.01.12 15:14:06.043,1.53358,1.5337,3.38,1.50
2012.01.12 15:14:06.603,1.53361,1.5337,1.50,1.50
2012.01.12 15:14:06.678,1.53361,1.53372,1.50,3.38
2012.01.12 15:14:08.032,1.53359,1.5337,2.25,1.50
2012.01.12 15:14:08.443,1.53359,1.53372,2.25,3.38
2012.01.12 15:14:09.214,1.53361,1.53372,1.50,3.38
2012.01.12 15:14:09.284,1.53361,1.5337,1.50,1.50
2012.01.12 15:14:09.855,1.53358,1.53368,3.38,1.50
2012.01.12 15:14:09.942,1.53358,1.53368,4.13,1.50
2012.01.12 15:14:10.226,1.53358,1.53368,4.13,1.50
2012.01.12 15:14:10.381,1.53358,1.53367,3.38,1.50
2012.01.12 15:14:10.459,1.53356,1.53364,1.50,1.88
2012.01.12 15:14:10.540,1.53355,1.53362,3.75,1.88
2012.01.12 15:14:11.356,1.53355,1.53363,1.50,3.75
2012.01.12 15:14:11.447,1.53355,1.53361,1.50,1.50
2012.01.12 15:14:11.805,1.53353,1.53357,1.50,1.88
2012.01.12 15:14:12.164,1.53353,1.53359,1.50,3.75
2012.01.12 15:14:12.308,1.53349,1.53355,1.58,1.50
2012.01.12 15:14:12.458,1.53351,1.53358,1.50,2.25
2012.01.12 15:14:12.548,1.53351,1.53355,1.50,1.50
2012.01.12 15:14:13.209,1.53346,1.53355,1.50,1.50
2012.01.12 15:14:13.763,1.53341,1.53352,2.25,2.63
2012.01.12 15:14:13.836,1.53341,1.5335,3.00,2.25
2012.01.12 15:14:13.985,1.5334,1.5335,1.50,2.25
2012.01.12 15:14:14.066,1.5334,1.53345,1.50,2.25
2012.01.12 15:14:14.302,1.53339,1.53348,1.50,3.75
2012.01.12 15:14:14.382,1.53341,1.53352,1.50,3.38
2012.01.12 15:14:14.530,1.53341,1.5335,1.50,3.75
2012.01.12 15:14:15.109,1.53341,1.5335,1.50,4.50
2012.01.12 15:14:15.211,1.5334,1.53347,1.50,2.25
2012.01.12 15:14:15.439,1.53341,1.53349,1.50,1.50
2012.01.12 15:14:15.515,1.53339,1.53347,1.50,4.13
2012.01.12 15:14:16.030,1.53335,1.53342,1.50,1.50
2012.01.12 15:14:16.660,1.53339,1.53343,1.50,3.75
2012.01.12 15:14:17.026,1.53336,1.53347,1.50,2.63
2012.01.12 15:14:17.176,1.53336,1.53342,1.50,3.75
2012.01.12 15:14:17.270,1.53334,1.53339,1.50,2.25
2012.01.12 15:14:17.415,1.53336,1.53341,1.50,2.25
2012.01.12 15:14:17.719,1.53336,1.53344,1.50,3.00
2012.01.12 15:14:18.313,1.53332,1.53337,1.50,2.25
2012.01.12 15:14:18.525,1.53334,1.53342,1.50,2.63
2012.01.12 15:14:18.607,1.53333,1.53339,2.63,2.25
2012.01.12 15:14:18.968,1.53334,1.53342,2.25,2.25
2012.01.12 15:14:19.047,1.53334,1.53342,1.50,3.38
2012.01.12 15:14:19.339,1.53335,1.53345,1.50,2.25
2012.01.12 15:14:19.856,1.53338,1.53348,1.88,1.88
2012.01.12 15:14:20.225,1.53336,1.53346,2.63,3.00
2012.01.12 15:14:20.306,1.53338,1.53344,1.88,2.25
2012.01.12 15:14:20.533,1.53338,1.53346,1.88,2.25
2012.01.12 15:14:20.897,1.53338,1.5335,2.63,4.13
2012.01.12 15:14:21.458,1.53339,1.53347,1.50,1.88
2012.01.12 15:14:21.887,1.5334,1.53346,3.00,2.25
2012.01.12 15:14:21.968,1.5334,1.5335,4.50,3.00
2012.01.12 15:14:22.323,1.53344,1.53349,1.50,1.13
2012.01.12 15:14:22.392,1.53342,1.53349,1.50,1.13
2012.01.12 15:14:23.107,1.53342,1.53347,1.50,2.25
2012.01.12 15:14:23.199,1.5334,1.53347,2.25,2.25
2012.01.12 15:14:24.084,1.5334,1.53347,1.50,2.25
2012.01.12 15:14:25.051,1.5334,1.5335,1.50,3.00
2012.01.12 15:14:25.562,1.5334,1.5335,1.50,3.00
2012.01.12 15:14:26.122,1.5334,1.5335,1.50,3.00
2012.01.12 15:14:26.664,1.5334,1.5335,1.50,3.00
2012.01.12 15:14:27.670,1.53335,1.53346,2.25,3.83
2012.01.12 15:14:27.750,1.53335,1.53346,1.50,1.58
2012.01.12 15:14:27.969,1.53335,1.53347,3.00,4.88
2012.01.12 15:14:28.469,1.53335,1.53347,4.50,2.63
2012.01.12 15:14:30.349,1.53335,1.53347,3.00,1.88
2012.01.12 15:14:30.961,1.53333,1.53342,1.50,2.63
2012.01.12 15:14:31.260,1.53338,1.53345,2.63,3.75
2012.01.12 15:14:31.334,1.5334,1.53345,1.50,2.25
2012.01.12 15:14:31.686,1.53343,1.5335,1.88,3.00
2012.01.12 15:14:31.839,1.53343,1.53353,2.63,3.00
2012.01.12 15:14:31.928,1.53343,1.53349,1.50,3.75
2012.01.12 15:14:32.568,1.53335,1.53342,2.25,1.88
2012.01.12 15:14:32.643,1.53329,1.53342,5.25,1.88
2012.01.12 15:14:32.854,1.53333,1.53345,2.63,4.50
2012.01.12 15:14:32.992,1.53333,1.53345,2.63,4.13
2012.01.12 15:14:33.274,1.53329,1.53341,1.50,2.63
2012.01.12 15:14:33.343,1.53329,1.53341,1.50,1.88
2012.01.12 15:14:33.481,1.53329,1.53342,2.25,1.88
2012.01.12 15:14:33.625,1.53331,1.5334,2.25,2.25
2012.01.12 15:14:33.972,1.53333,1.5334,1.50,2.25
2012.01.12 15:14:34.115,1.53331,1.5334,2.25,2.25
2012.01.12 15:14:34.195,1.53328,1.53337,2.25,1.88
2012.01.12 15:14:34.730,1.53328,1.53337,2.25,4.13
2012.01.12 15:14:35.283,1.53328,1.53336,2.25,1.50
2012.01.12 15:14:35.554,1.53328,1.53337,2.25,1.88
2012.01.12 15:14:35.782,1.53326,1.53331,2.25,2.25
2012.01.12 15:14:36.421,1.53323,1.53332,2.63,1.50
2012.01.12 15:14:36.496,1.53323,1.53334,2.63,1.50
2012.01.12 15:14:36.862,1.53325,1.53335,2.25,2.25
2012.01.12 15:14:37.221,1.53327,1.53337,2.25,3.38
2012.01.12 15:14:37.434,1.53327,1.53335,2.25,1.50
2012.01.12 15:14:38.009,1.53327,1.53337,2.25,3.38
2012.01.12 15:14:38.514,1.53327,1.53337,2.25,2.63
2012.01.12 15:14:39.003,1.53325,1.53337,2.25,3.38
2012.01.12 15:14:39.145,1.53325,1.53337,2.25,3.38
2012.01.12 15:14:39.740,1.53323,1.53328,1.50,2.25
2012.01.12 15:14:39.898,1.53319,1.53328,3.00,2.25
2012.01.12 15:14:39.990,1.53323,1.53331,2.63,2.25
2012.01.12 15:14:40.533,1.53323,1.53332,1.88,1.50
2012.01.12 15:14:40.615,1.53318,1.53328,4.13,2.25
2012.01.12 15:14:41.270,1.53323,1.53328,1.88,2.25
2012.01.12 15:14:41.365,1.53323,1.53332,3.38,2.25
2012.01.12 15:14:41.590,1.53323,1.53331,3.38,2.25
2012.01.12 15:14:41.668,1.53323,1.53331,1.88,3.00
2012.01.12 15:14:42.168,1.53319,1.5333,1.09,3.00
2012.01.12 15:14:42.742,1.53323,1.53328,2.25,2.25
2012.01.12 15:14:42.839,1.53328,1.53336,2.25,1.50
2012.01.12 15:14:43.131,1.53326,1.53335,3.75,1.50
2012.01.12 15:14:43.695,1.53324,1.53335,2.25,1.50
2012.01.12 15:14:44.232,1.53324,1.53336,2.25,2.25
2012.01.12 15:14:44.595,1.53324,1.53335,2.25,1.88
2012.01.12 15:14:44.752,1.53322,1.53331,1.50,1.50
2012.01.12 15:14:44.981,1.53323,1.53333,1.88,2.25
2012.01.12 15:14:45.206,1.53323,1.53334,3.43,1.50
2012.01.12 15:14:45.689,1.53325,1.53337,2.30,3.38
2012.01.12 15:14:45.903,1.53323,1.53329,3.38,1.13
2012.01.12 15:14:46.336,1.53323,1.53336,4.13,1.50
2012.01.12 15:14:46.835,1.53326,1.53337,3.00,2.63
2012.01.12 15:14:47.466,1.53323,1.53336,4.13,1.50
2012.01.12 15:14:48.065,1.53323,1.53334,2.63,1.50
2012.01.12 15:14:49.244,1.53323,1.53334,2.63,1.50
2012.01.12 15:14:49.319,1.53326,1.53336,1.50,1.50
2012.01.12 15:14:49.867,1.53323,1.53336,2.63,1.50
2012.01.12 15:14:50.611,1.5332,1.53332,4.50,2.63
2012.01.12 15:14:50.901,1.5332,1.53331,2.25,1.50
2012.01.12 15:14:51.122,1.53323,1.53334,1.88,1.50
2012.01.12 15:14:51.199,1.53323,1.53335,2.63,1.50
2012.01.12 15:14:52.254,1.53323,1.53329,2.63,1.13
2012.01.12 15:14:52.536,1.53323,1.53333,2.63,1.50
2012.01.12 15:14:52.990,1.53323,1.53331,2.63,2.25
2012.01.12 15:14:54.027,1.53325,1.53333,2.63,1.50
2012.01.12 15:14:54.104,1.53325,1.53333,2.63,1.50
2012.01.12 15:14:54.319,1.53323,1.53331,2.63,2.25
2012.01.12 15:14:54.464,1.53323,1.53333,2.63,1.50
2012.01.12 15:14:54.964,1.53323,1.53336,2.63,1.50
2012.01.12 15:14:55.625,1.53324,1.53337,2.25,1.88
2012.01.12 15:14:55.753,1.53323,1.53335,2.63,3.75
2012.01.12 15:14:56.180,1.53323,1.53334,3.38,1.50
2012.01.12 15:14:56.329,1.5332,1.53331,2.25,1.50
2012.01.12 15:14:56.405,1.53323,1.53333,1.88,3.09
2012.01.12 15:14:57.183,1.53323,1.53329,2.63,1.13
2012.01.12 15:14:57.282,1.53323,1.53335,2.63,1.50
2012.01.12 15:14:57.653,1.53323,1.53331,2.63,1.13
2012.01.12 15:14:57.861,1.53323,1.53336,2.63,2.25
2012.01.12 15:14:58.506,1.53323,1.53336,2.63,3.75
2012.01.12 15:14:59.104,1.53323,1.53334,2.63,1.50
2012.01.12 15:14:59.181,1.53323,1.53336,2.63,2.25
2012.01.12 15:14:59.686,1.53323,1.53336,3.38,2.25
2012.01.12 15:15:00.809,1.53323,1.53336,2.63,1.50
2012.01.12 15:15:01.553,1.53323,1.53336,2.63,1.50
2012.01.12 15:15:03.131,1.53328,1.53336,3.00,1.50
2012.01.12 15:15:03.212,1.53324,1.53337,1.53,3.38
2012.01.12 15:15:03.760,1.53324,1.53337,1.53,4.13
2012.01.12 15:15:03.961,1.53324,1.53335,1.53,1.50
2012.01.12 15:15:05.058,1.53324,1.53337,1.53,4.88
2012.01.12 15:15:05.599,1.53323,1.53337,4.15,4.28
2012.01.12 15:15:05.685,1.53323,1.53335,2.65,1.50
2012.01.12 15:15:05.826,1.53324,1.53335,1.53,1.50
2012.01.12 15:15:07.096,1.53324,1.53335,1.53,1.88
2012.01.12 15:15:07.243,1.53324,1.53335,1.53,1.50
2012.01.12 15:15:07.527,1.53324,1.53337,1.53,5.63
2012.01.12 15:15:07.742,1.53325,1.53337,1.50,2.63
2012.01.12 15:15:08.085,1.53325,1.53337,1.50,2.63
2012.01.12 15:15:08.905,1.53323,1.53337,6.40,4.13
2012.01.12 15:15:09.418,1.53323,1.53335,2.65,2.25
2012.01.12 15:15:10.397,1.53323,1.53335,3.40,1.50
2012.01.12 15:15:10.953,1.53324,1.53337,5.28,2.63
2012.01.12 15:15:11.080,1.53323,1.53335,2.65,2.25
2012.01.12 15:15:11.623,1.53323,1.53334,3.40,2.25
2012.01.12 15:15:12.405,1.53323,1.53334,3.40,3.75
2012.01.12 15:15:12.726,1.53323,1.53332,3.38,1.13
2012.01.12 15:15:12.883,1.53323,1.5333,2.63,2.25
2012.01.12 15:15:13.122,1.53321,1.5333,1.50,2.25
2012.01.12 15:15:13.347,1.53318,1.5333,2.63,2.25
2012.01.12 15:15:13.432,1.53321,1.53328,1.50,2.25
2012.01.12 15:15:14.006,1.53321,1.53332,1.53,2.63
2012.01.12 15:15:14.451,1.53321,1.53332,1.50,4.13
2012.01.12 15:15:14.610,1.53321,1.53328,1.50,1.50
2012.01.12 15:15:15.119,1.53319,1.53328,1.50,1.50
2012.01.12 15:15:15.718,1.5332,1.53331,1.50,1.88
2012.01.12 15:15:15.862,1.53318,1.53331,3.38,2.25
2012.01.12 15:15:16.439,1.53318,1.53331,3.38,3.00
2012.01.12 15:15:16.532,1.53319,1.53331,2.28,1.50
2012.01.12 15:15:17.173,1.53319,1.53332,2.28,2.63
2012.01.12 15:15:17.859,1.53319,1.53331,2.28,1.13
2012.01.12 15:15:18.400,1.53321,1.53332,2.28,1.88
2012.01.12 15:15:18.715,1.53323,1.53335,2.65,4.50
2012.01.12 15:15:19.513,1.53323,1.53335,3.40,2.25
2012.01.12 15:15:20.408,1.53324,1.53337,1.60,6.38
2012.01.12 15:15:20.980,1.53325,1.53337,1.58,6.38
2012.01.12 15:15:21.865,1.53325,1.53337,2.33,6.38
2012.01.12 15:15:22.860,1.53325,1.53337,2.25,6.38
2012.01.12 15:15:23.187,1.53335,1.53346,2.63,3.38
2012.01.12 15:15:23.406,1.53338,1.53346,1.88,3.00
2012.01.12 15:15:23.698,1.53336,1.53342,1.09,1.88
2012.01.12 15:15:23.988,1.53338,1.53345,1.88,2.25
2012.01.12 15:15:24.576,1.53335,1.53347,2.25,2.63
2012.01.12 15:15:25.557,1.53336,1.53347,1.50,2.63
2012.01.12 15:15:25.928,1.53336,1.53347,3.00,2.63
2012.01.12 15:15:26.465,1.53336,1.53342,3.00,1.88
2012.01.12 15:15:26.553,1.5334,1.5335,1.50,1.88
2012.01.12 15:15:26.769,1.5334,1.53351,1.50,1.50
2012.01.12 15:15:26.994,1.5334,1.53352,1.50,3.38
2012.01.12 15:15:27.207,1.53339,1.53352,1.50,4.13
2012.01.12 15:15:27.563,1.53339,1.53348,1.50,1.50
2012.01.12 15:15:27.774,1.53333,1.53344,3.38,1.50
2012.01.12 15:15:28.488,1.53338,1.53346,1.50,1.50
2012.01.12 15:15:28.920,1.53336,1.53347,3.00,2.63
2012.01.12 15:15:29.484,1.53334,1.53347,2.25,2.63
2012.01.12 15:15:30.234,1.53336,1.53347,2.25,1.88
2012.01.12 15:15:30.532,1.53344,1.53349,1.50,1.88
2012.01.12 15:15:30.639,1.53344,1.53351,2.25,1.13
2012.01.12 15:15:30.995,1.53348,1.53356,1.88,2.63
2012.01.12 15:15:31.686,1.53348,1.53355,1.88,1.50
2012.01.12 15:15:31.783,1.53343,1.53353,2.25,1.88
2012.01.12 15:15:32.094,1.53345,1.53353,1.50,1.88
2012.01.12 15:15:33.958,1.53343,1.53353,4.50,1.88
2012.01.12 15:15:34.466,1.53343,1.53353,3.75,1.88
2012.01.12 15:15:34.835,1.53347,1.53353,2.25,1.88
2012.01.12 15:15:35.417,1.53345,1.53353,3.00,1.88
2012.01.12 15:15:35.505,1.53344,1.53354,1.88,2.25
2012.01.12 15:15:35.582,1.53341,1.53353,1.50,2.63
2012.01.12 15:15:36.073,1.53339,1.53352,6.38,2.25
2012.01.12 15:15:36.429,1.53343,1.53353,1.50,2.63
2012.01.12 15:15:36.503,1.53343,1.53353,1.50,2.63
2012.01.12 15:15:37.031,1.53343,1.53352,1.50,1.84
2012.01.12 15:15:37.194,1.53337,1.53348,4.50,1.88
2012.01.12 15:15:37.404,1.53339,1.53352,3.38,1.50
2012.01.12 15:15:37.473,1.53341,1.53352,1.50,1.50
2012.01.12 15:15:37.826,1.53343,1.53351,1.50,1.88
2012.01.12 15:15:37.903,1.53341,1.53353,3.00,2.63
2012.01.12 15:15:38.046,1.53341,1.53349,1.50,1.13
2012.01.12 15:15:38.128,1.53339,1.53349,4.88,1.88
2012.01.12 15:15:38.286,1.53336,1.53344,3.00,1.88
2012.01.12 15:15:38.808,1.53344,1.53349,1.88,2.25
2012.01.12 15:15:39.165,1.53344,1.53351,1.88,1.88
2012.01.12 15:15:39.378,1.53342,1.53351,3.75,1.88
2012.01.12 15:15:39.877,1.53342,1.53353,3.75,2.63
2012.01.12 15:15:40.382,1.53349,1.53357,1.88,1.50
2012.01.12 15:15:40.679,1.53349,1.53356,1.88,2.25
2012.01.12 15:15:40.758,1.53346,1.53353,1.50,1.88
2012.01.12 15:15:40.906,1.53342,1.53353,3.00,1.88
2012.01.12 15:15:41.124,1.53344,1.53353,1.50,1.88
2012.01.12 15:15:41.478,1.53346,1.53358,2.63,2.63
2012.01.12 15:15:41.956,1.53349,1.53361,2.63,4.50
2012.01.12 15:15:42.113,1.53349,1.53362,2.63,3.38
2012.01.12 15:15:42.394,1.53349,1.53362,3.38,2.63
2012.01.12 15:15:42.748,1.53354,1.53362,1.88,1.50
2012.01.12 15:15:42.896,1.53354,1.53366,1.88,3.00
2012.01.12 15:15:43.117,1.53354,1.53363,1.88,1.50
2012.01.12 15:15:43.816,1.53349,1.53358,1.88,1.50
2012.01.12 15:15:43.899,1.53349,1.53356,1.88,1.50
2012.01.12 15:15:43.978,1.53346,1.53356,1.84,1.50
2012.01.12 15:15:44.127,1.53344,1.53356,2.63,2.25
2012.01.12 15:15:44.277,1.53341,1.53353,1.50,1.88
2012.01.12 15:15:44.636,1.53339,1.53351,3.38,1.50
2012.01.12 15:15:45.449,1.53338,1.53351,3.38,3.00
2012.01.12 15:15:45.539,1.53338,1.53349,1.88,3.00
2012.01.12 15:15:45.625,1.53335,1.53347,3.00,4.13
2012.01.12 15:15:46.188,1.53335,1.53347,3.00,4.13
2012.01.12 15:15:46.753,1.53335,1.53347,2.25,2.63
2012.01.12 15:15:47.551,1.53335,1.53347,2.25,2.63
2012.01.12 15:15:48.114,1.53334,1.53347,1.50,4.13
2012.01.12 15:15:48.664,1.53333,1.53347,7.13,4.13
2012.01.12 15:15:49.458,1.53333,1.53347,7.13,4.13
2012.01.12 15:15:49.964,1.53335,1.53347,3.00,1.88
2012.01.12 15:15:50.510,1.53335,1.53347,2.25,2.63
2012.01.12 15:15:51.621,1.53333,1.53347,6.38,4.13
2012.01.12 15:15:51.971,1.53335,1.53347,3.00,2.63
2012.01.12 15:15:52.176,1.53335,1.53347,3.75,2.63
2012.01.12 15:15:52.258,1.53338,1.53349,2.63,3.00
2012.01.12 15:15:52.617,1.53335,1.53344,1.50,2.63
2012.01.12 15:15:53.226,1.53333,1.53345,5.63,2.25
2012.01.12 15:15:53.774,1.53333,1.53347,6.38,4.13
2012.01.12 15:15:54.343,1.53333,1.53347,7.13,4.13
2012.01.12 15:15:54.904,1.53336,1.53347,1.50,4.13
2012.01.12 15:15:56.095,1.53335,1.53347,1.50,4.13
2012.01.12 15:15:56.245,1.53333,1.53347,7.13,4.13
2012.01.12 15:15:56.744,1.53333,1.53345,5.63,2.25
2012.01.12 15:15:57.621,1.53333,1.53347,5.63,4.13
2012.01.12 15:15:58.181,1.53335,1.53347,1.50,4.13
2012.01.12 15:15:58.747,1.53335,1.53347,5.25,2.63
2012.01.12 15:15:59.669,1.53335,1.53347,5.25,2.63
2012.01.12 15:15:59.761,1.53332,1.53339,1.50,1.50
2012.01.12 15:16:00.257,1.5333,1.53339,1.50,4.95
2012.01.12 15:16:00.621,1.53328,1.53334,1.50,2.25
2012.01.12 15:16:01.207,1.53328,1.5334,2.63,1.59
2012.01.12 15:16:01.296,1.53331,1.53337,1.50,1.88
2012.01.12 15:16:01.447,1.53328,1.53339,2.63,1.13
2012.01.12 15:16:02.016,1.53329,1.53337,1.50,1.88
2012.01.12 15:16:02.169,1.53326,1.53337,3.75,2.63
2012.01.12 15:16:02.317,1.53326,1.53337,2.25,1.88
2012.01.12 15:16:03.098,1.53328,1.5334,4.88,1.50
2012.01.12 15:16:03.455,1.53328,1.53336,2.25,2.56
2012.01.12 15:16:03.597,1.53328,1.53337,1.50,2.63
2012.01.12 15:16:03.683,1.53326,1.53337,1.50,2.63
2012.01.12 15:16:04.046,1.53327,1.53337,3.00,2.63
2012.01.12 15:16:04.723,1.53328,1.53337,1.50,1.88
2012.01.12 15:16:04.806,1.53325,1.53337,2.25,2.63
2012.01.12 15:16:04.885,1.53325,1.53337,3.00,2.63
2012.01.12 15:16:05.099,1.53325,1.53337,1.50,4.13
2012.01.12 15:16:05.315,1.53324,1.53335,1.50,1.50
2012.01.12 15:16:07.693,1.53323,1.53335,2.63,1.50
2012.01.12 15:16:07.910,1.53324,1.53337,2.25,1.88
2012.01.12 15:16:08.421,1.53324,1.53337,3.00,1.88
2012.01.12 15:16:08.971,1.53323,1.53336,2.63,1.50
2012.01.12 15:16:09.507,1.53323,1.53336,2.63,1.50
2012.01.12 15:16:10.065,1.53324,1.53337,2.25,1.88
2012.01.12 15:16:10.721,1.53323,1.53336,2.63,1.50
2012.01.12 15:16:13.747,1.53323,1.53336,2.63,2.25
2012.01.12 15:16:14.152,1.53324,1.53336,1.50,1.50
2012.01.12 15:16:14.801,1.53324,1.53337,3.00,1.88
2012.01.12 15:16:16.283,1.53324,1.53337,3.00,1.88
2012.01.12 15:16:16.620,1.53329,1.53337,1.50,1.88
2012.01.12 15:16:16.754,1.53329,1.5334,1.50,3.75
2012.01.12 15:16:16.827,1.53329,1.5334,1.50,4.13
2012.01.12 15:16:16.973,1.53329,1.53341,1.50,1.13
2012.01.12 15:16:17.110,1.53329,1.53339,1.50,1.50
2012.01.12 15:16:18.480,1.53328,1.53339,1.88,3.00
2012.01.12 15:16:18.974,1.53328,1.53337,1.88,1.50
2012.01.12 15:16:19.060,1.53325,1.53337,3.00,1.88
2012.01.12 15:16:19.626,1.53327,1.53337,1.50,1.88
2012.01.12 15:16:19.924,1.5333,1.53337,1.09,1.88
2012.01.12 15:16:20.069,1.53333,1.53343,1.88,1.50
2012.01.12 15:16:20.222,1.53334,1.53346,1.50,3.00
2012.01.12 15:16:20.728,1.53337,1.53349,4.88,2.63
2012.01.12 15:16:20.973,1.53338,1.5335,4.13,1.50
2012.01.12 15:16:21.327,1.53338,1.53347,1.50,2.63
2012.01.12 15:16:21.407,1.53336,1.53347,1.50,2.63
2012.01.12 15:16:21.904,1.53334,1.53347,4.50,2.63
2012.01.12 15:16:22.735,1.53334,1.53347,3.00,2.63
2012.01.12 15:16:23.233,1.53334,1.53346,1.50,2.25
2012.01.12 15:16:24.502,1.53334,1.53346,1.50,1.50
2012.01.12 15:16:24.981,1.53333,1.53346,2.63,2.25
2012.01.12 15:16:25.492,1.53333,1.53346,3.38,2.25
2012.01.12 15:16:26.026,1.53333,1.53346,2.63,3.75
2012.01.12 15:16:26.781,1.53332,1.53339,1.50,1.50
2012.01.12 15:16:26.864,1.53328,1.53339,1.88,1.50
2012.01.12 15:16:27.833,1.53328,1.53339,4.13,1.13
2012.01.12 15:16:27.976,1.53333,1.53341,1.88,1.13
2012.01.12 15:16:28.051,1.53333,1.53341,1.88,1.13
2012.01.12 15:16:28.199,1.53335,1.53347,1.50,2.63
2012.01.12 15:16:28.766,1.53334,1.53347,1.50,4.13
2012.01.12 15:16:28.855,1.53333,1.53344,2.63,1.50
2012.01.12 15:16:29.064,1.53328,1.5334,4.47,1.50
2012.01.12 15:16:29.555,1.53329,1.53341,2.25,1.50
2012.01.12 15:16:29.903,1.53333,1.53342,1.50,2.63
2012.01.12 15:16:30.522,1.53331,1.53342,2.25,1.88
2012.01.12 15:16:33.406,1.53331,1.53342,2.25,2.63
2012.01.12 15:16:33.553,1.53329,1.5334,1.50,1.50
2012.01.12 15:16:34.104,1.53328,1.53339,1.88,1.50
2012.01.12 15:16:35.335,1.53328,1.53341,2.63,3.75
2012.01.12 15:16:35.414,1.53332,1.53341,2.25,3.75
2012.01.12 15:16:35.486,1.53328,1.53339,1.88,1.50
2012.01.12 15:16:41.467,1.53328,1.53337,2.63,1.50
2012.01.12 15:16:41.551,1.53328,1.53339,1.88,4.50
2012.01.12 15:16:41.625,1.53328,1.53339,2.63,2.25
2012.01.12 15:16:42.148,1.53328,1.53339,2.63,2.25
2012.01.12 15:16:43.841,1.53328,1.53339,2.63,2.25
2012.01.12 15:16:44.419,1.53328,1.53339,2.63,2.25
2012.01.12 15:16:44.637,1.53328,1.53337,2.63,1.50
2012.01.12 15:16:44.996,1.53326,1.53337,1.50,3.38
2012.01.12 15:16:45.552,1.53323,1.53337,6.38,4.13
2012.01.12 15:16:46.107,1.53321,1.53328,3.00,1.50
2012.01.12 15:16:46.259,1.53321,1.5333,1.50,1.50
2012.01.12 15:16:46.542,1.53323,1.53336,2.63,3.00
2012.01.12 15:16:46.687,1.53323,1.53336,2.25,2.25
2012.01.12 15:16:46.766,1.53324,1.53336,1.50,2.25
2012.01.12 15:16:46.986,1.53325,1.53337,1.13,2.63
2012.01.12 15:16:47.667,1.53325,1.53337,1.13,2.63
2012.01.12 15:16:47.833,1.53324,1.53336,2.25,2.25
2012.01.12 15:16:49.374,1.53324,1.53334,1.50,2.25
2012.01.12 15:16:49.463,1.53322,1.53332,1.50,3.38
2012.01.12 15:16:49.542,1.53321,1.53332,2.63,3.38
2012.01.12 15:16:50.111,1.53323,1.53334,1.88,2.25
2012.01.12 15:16:50.336,1.53323,1.53334,1.88,2.25
2012.01.12 15:16:50.953,1.53333,1.53338,1.88,2.25
2012.01.12 15:16:51.124,1.53333,1.53338,2.63,2.25
2012.01.12 15:16:51.211,1.53334,1.53345,2.25,1.50
2012.01.12 15:16:51.435,1.53336,1.53347,1.50,2.63
2012.01.12 15:16:51.574,1.53338,1.53348,2.63,1.50
2012.01.12 15:16:51.715,1.53338,1.53345,2.63,1.09
2012.01.12 15:16:52.372,1.53337,1.53342,1.50,1.88
2012.01.12 15:16:52.458,1.53332,1.53341,1.50,3.00
2012.01.12 15:16:52.542,1.53331,1.53337,1.50,1.88
2012.01.12 15:16:52.963,1.53328,1.53337,1.50,1.88
2012.01.12 15:16:53.241,1.53327,1.53337,1.50,1.88
2012.01.12 15:16:53.793,1.53328,1.53338,1.88,2.25
2012.01.12 15:16:54.749,1.53328,1.53337,2.63,2.25
2012.01.12 15:16:55.040,1.53328,1.53339,3.38,4.50
2012.01.12 15:16:55.120,1.53328,1.53339,3.38,3.00
2012.01.12 15:16:56.094,1.53328,1.53339,2.63,3.00
2012.01.12 15:16:56.301,1.53328,1.53339,1.88,3.00
2012.01.12 15:16:57.046,1.53328,1.53339,1.88,3.00
2012.01.12 15:16:57.783,1.53328,1.53339,4.88,1.50
2012.01.12 15:16:58.324,1.53328,1.53339,1.88,1.50
2012.01.12 15:16:58.886,1.53327,1.53337,2.25,2.63
2012.01.12 15:16:59.873,1.53327,1.53337,2.25,2.63
2012.01.12 15:17:00.366,1.53328,1.53339,2.63,1.50
2012.01.12 15:17:00.937,1.53327,1.53337,2.25,2.63
2012.01.12 15:17:01.914,1.53326,1.53337,1.50,2.63
2012.01.12 15:17:02.477,1.53326,1.53337,2.25,2.63
2012.01.12 15:17:03.247,1.53328,1.53337,1.50,2.63
2012.01.12 15:17:04.515,1.53326,1.53337,3.75,2.63
2012.01.12 15:17:05.239,1.53326,1.53337,1.50,2.63
2012.01.12 15:17:05.446,1.53323,1.53336,3.38,3.00
2012.01.12 15:17:06.018,1.53323,1.53336,4.13,2.25
2012.01.12 15:17:06.843,1.53323,1.53336,2.63,2.25
2012.01.12 15:17:07.627,1.53323,1.53336,3.38,2.25
2012.01.12 15:17:08.194,1.53323,1.53336,2.63,2.25
2012.01.12 15:17:08.768,1.53323,1.53336,3.38,2.25
2012.01.12 15:17:08.860,1.53322,1.53332,1.50,1.88
2012.01.12 15:17:11.364,1.53322,1.53332,1.50,1.88
2012.01.12 15:17:11.923,1.53322,1.53332,1.50,1.88
2012.01.12 15:17:12.267,1.53321,1.53327,1.50,1.88
2012.01.12 15:17:12.537,1.53316,1.53327,1.50,1.88
2012.01.12 15:17:12.613,1.53316,1.53327,1.50,1.88
2012.01.12 15:17:12.751,1.53316,1.53327,1.50,3.38
2012.01.12 15:17:13.301,1.53316,1.53327,1.50,1.88
2012.01.12 15:17:13.711,1.53316,1.53327,1.50,1.88
2012.01.12 15:17:14.276,1.53318,1.53327,2.25,1.88
2012.01.12 15:17:14.674,1.53318,1.53327,2.25,1.88
2012.01.12 15:17:17.388,1.53318,1.53327,2.25,1.88
2012.01.12 15:17:18.083,1.5332,1.53327,1.50,1.88
2012.01.12 15:17:18.165,1.53318,1.53327,3.00,1.88
2012.01.12 15:17:20.266,1.53316,1.53327,3.00,1.88
2012.01.12 15:17:20.803,1.53314,1.53327,5.25,2.63
2012.01.12 15:17:21.224,1.53313,1.53326,1.88,2.25
2012.01.12 15:17:21.784,1.53313,1.53326,1.88,3.75
2012.01.12 15:17:22.732,1.53313,1.53326,3.38,2.55
2012.01.12 15:17:23.079,1.53315,1.53327,2.25,3.38
2012.01.12 15:17:23.708,1.53315,1.53325,2.25,1.50
2012.01.12 15:17:23.784,1.53313,1.53325,3.75,1.50
2012.01.12 15:17:23.851,1.53313,1.53325,3.00,3.00
2012.01.12 15:17:23.994,1.53313,1.53325,3.00,3.75
2012.01.12 15:17:24.807,1.53313,1.53324,1.50,1.04
2012.01.12 15:17:25.254,1.53312,1.53325,4.50,5.25
2012.01.12 15:17:25.609,1.53312,1.53325,3.75,5.25
2012.01.12 15:17:25.763,1.53309,1.53322,4.69,1.13
2012.01.12 15:17:25.910,1.53309,1.53319,4.13,1.13
2012.01.12 15:17:25.989,1.53309,1.53319,3.38,1.13
2012.01.12 15:17:26.619,1.53307,1.53317,2.25,2.63
2012.01.12 15:17:26.703,1.53306,1.53317,2.25,2.63
2012.01.12 15:17:27.255,1.53307,1.53317,1.50,2.63
2012.01.12 15:17:27.619,1.53308,1.53317,1.50,2.63
2012.01.12 15:17:28.533,1.53308,1.53317,1.50,2.63
2012.01.12 15:17:28.667,1.53308,1.53317,1.50,2.63
2012.01.12 15:17:29.490,1.53306,1.53317,1.50,2.63
2012.01.12 15:17:30.043,1.53306,1.53317,1.50,2.63
2012.01.12 15:17:30.577,1.53306,1.53315,1.50,1.88
2012.01.12 15:17:30.879,1.53303,1.5331,1.88,1.50
2012.01.12 15:17:30.963,1.53305,1.5331,1.50,1.50
2012.01.12 15:17:31.110,1.53303,1.53312,1.50,2.63
2012.01.12 15:17:31.770,1.53303,1.53314,1.88,1.50
2012.01.12 15:17:31.852,1.53306,1.53314,1.50,1.50
2012.01.12 15:17:32.324,1.53304,1.53317,1.50,3.38
2012.01.12 15:17:32.468,1.53307,1.53317,1.50,3.38
2012.01.12 15:17:32.755,1.53307,1.53317,1.50,2.63
2012.01.12 15:17:33.429,1.53307,1.53317,1.50,2.63
2012.01.12 15:17:33.929,1.53307,1.53317,1.50,2.63
2012.01.12 15:17:35.194,1.53307,1.53317,1.50,2.63
2012.01.12 15:17:35.752,1.53305,1.53317,3.00,1.88
2012.01.12 15:17:36.322,1.53308,1.53317,2.25,1.88
2012.01.12 15:17:37.202,1.53308,1.53317,2.25,1.88
2012.01.12 15:17:37.761,1.53308,1.53317,2.25,1.88
2012.01.12 15:17:38.891,1.53306,1.53317,2.25,1.88
2012.01.12 15:17:39.452,1.53308,1.53317,1.50,1.88
2012.01.12 15:17:39.668,1.53304,1.53312,2.25,1.88
2012.01.12 15:17:40.340,1.53304,1.53312,2.25,1.88
2012.01.12 15:17:40.558,1.53301,1.53311,1.50,1.50
2012.01.12 15:17:40.638,1.533,1.53311,2.25,1.50
2012.01.12 15:17:40.715,1.533,1.53311,2.25,1.50
2012.01.12 15:17:41.216,1.53303,1.53313,2.25,1.50
2012.01.12 15:17:41.294,1.53303,1.53313,1.50,2.63
2012.01.12 15:17:41.572,1.53303,1.53314,1.50,1.50
2012.01.12 15:17:41.786,1.53305,1.53315,2.25,2.63
2012.01.12 15:17:42.221,1.53307,1.53315,1.50,1.88
2012.01.12 15:17:42.584,1.53307,1.53315,1.50,1.50
2012.01.12 15:17:42.797,1.53305,1.53315,1.50,4.50
2012.01.12 15:17:42.880,1.53303,1.53315,4.13,4.50
2012.01.12 15:17:43.177,1.53303,1.53316,4.13,3.00
2012.01.12 15:17:43.256,1.53305,1.53316,1.50,2.25
2012.01.12 15:17:43.824,1.53309,1.53317,1.88,1.50
2012.01.12 15:17:43.909,1.53311,1.53318,1.50,1.50
2012.01.12 15:17:44.054,1.53311,1.53322,1.50,1.50
2012.01.12 15:17:44.128,1.53309,1.53322,1.88,3.00
2012.01.12 15:17:44.683,1.53308,1.5332,4.13,1.50
2012.01.12 15:17:44.825,1.5331,1.5332,1.50,1.50
2012.01.12 15:17:45.392,1.5331,1.5332,1.50,1.50
2012.01.12 15:17:45.601,1.53308,1.5332,3.38,1.50
2012.01.12 15:17:46.066,1.5331,1.5332,1.50,1.50
2012.01.12 15:17:46.568,1.5331,1.53322,1.50,2.63
2012.01.12 15:17:46.655,1.53308,1.5332,3.38,1.50
2012.01.12 15:17:46.889,1.5331,1.5332,1.50,1.50
2012.01.12 15:17:47.033,1.5331,1.53322,3.00,2.63
2012.01.12 15:17:47.103,1.5331,1.53322,3.00,2.63
2012.01.12 15:17:47.443,1.53312,1.53322,1.50,3.38
2012.01.12 15:17:47.726,1.53312,1.53322,1.50,3.38
2012.01.12 15:17:47.804,1.5331,1.53322,3.00,4.13
2012.01.12 15:17:48.338,1.53309,1.53322,2.25,3.38
2012.01.12 15:17:48.413,1.53311,1.53322,1.50,3.38
2012.01.12 15:17:48.481,1.53309,1.53322,2.25,3.38
2012.01.12 15:17:48.897,1.53309,1.53319,2.25,1.50
2012.01.12 15:17:49.398,1.53304,1.53317,1.50,3.38
2012.01.12 15:17:51.466,1.53306,1.53316,2.25,2.25
2012.01.12 15:17:52.136,1.53303,1.53312,1.88,1.50
2012.01.12 15:17:52.299,1.53303,1.53315,2.63,4.88
2012.01.12 15:17:52.377,1.53303,1.53312,1.88,1.50
2012.01.12 15:17:52.806,1.53302,1.53315,2.63,4.88
2012.01.12 15:17:53.374,1.53303,1.53315,1.50,4.88
2012.01.12 15:17:53.923,1.53302,1.53314,2.63,3.00
2012.01.12 15:17:54.353,1.53302,1.53312,2.63,1.50
2012.01.12 15:17:54.501,1.53302,1.53313,2.63,1.50
2012.01.12 15:17:55.057,1.53302,1.53313,3.38,2.25
2012.01.12 15:17:55.279,1.53302,1.53314,3.38,2.25
2012.01.12 15:17:55.893,1.53302,1.53315,3.38,2.25
2012.01.12 15:17:56.246,1.53299,1.53312,2.59,2.25
2012.01.12 15:17:56.326,1.53303,1.53312,1.88,2.25
2012.01.12 15:17:56.403,1.53299,1.53312,1.84,4.13
2012.01.12 15:17:56.613,1.53301,1.53312,2.25,1.88
2012.01.12 15:17:56.962,1.53303,1.53314,1.88,3.00
2012.01.12 15:17:57.788,1.53303,1.53314,1.88,2.25
2012.01.12 15:17:57.884,1.53303,1.53314,2.63,1.50
2012.01.12 15:17:58.188,1.53312,1.53318,2.25,1.50
2012.01.12 15:17:58.617,1.53308,1.53317,2.25,1.88
2012.01.12 15:17:59.485,1.53307,1.53317,2.25,1.88
2012.01.12 15:17:59.567,1.53308,1.53317,2.63,1.50
2012.01.12 15:17:59.645,1.53309,1.53319,1.50,2.25
2012.01.12 15:17:59.714,1.53309,1.53317,1.50,3.38
2012.01.12 15:18:00.061,1.53303,1.53317,4.13,4.88
2012.01.12 15:18:00.132,1.53303,1.53316,4.13,1.50
2012.01.12 15:18:00.346,1.53306,1.53316,1.50,1.50
2012.01.12 15:18:00.426,1.53304,1.53316,2.25,1.50
2012.01.12 15:18:00.505,1.53306,1.53317,1.50,4.13
2012.01.12 15:18:00.860,1.53303,1.53312,2.25,1.88
2012.01.12 15:18:00.933,1.53303,1.53316,4.13,2.25
2012.01.12 15:18:01.573,1.53305,1.53317,2.25,1.88
2012.01.12 15:18:01.712,1.53305,1.53313,2.25,1.13
2012.01.12 15:18:02.065,1.53303,1.53312,2.25,1.88
2012.01.12 15:18:02.219,1.53303,1.53314,4.13,1.50
2012.01.12 15:18:02.439,1.53303,1.53314,2.63,2.25
2012.01.12 15:18:02.727,1.53302,1.53312,3.75,1.88
2012.01.12 15:18:03.083,1.53302,1.53312,2.25,1.88
2012.01.12 15:18:03.628,1.53302,1.53312,2.25,1.88
2012.01.12 15:18:03.857,1.53299,1.5331,2.25,1.88
2012.01.12 15:18:04.075,1.53297,1.53309,4.50,1.50
2012.01.12 15:18:04.143,1.53297,1.53302,4.50,1.88
2012.01.12 15:18:04.353,1.53293,1.53302,2.25,1.88
2012.01.12 15:18:04.425,1.53294,1.53302,1.50,1.88
2012.01.12 15:18:04.571,1.53292,1.53302,1.50,2.25
2012.01.12 15:18:04.719,1.53292,1.53302,2.25,4.13
2012.01.12 15:18:04.866,1.53292,1.53301,2.25,1.50
2012.01.12 15:18:05.394,1.53293,1.53304,1.88,3.00
2012.01.12 15:18:05.615,1.53293,1.53302,2.63,1.50
2012.01.12 15:18:05.822,1.53293,1.53304,2.63,2.25
2012.01.12 15:18:06.175,1.53296,1.53306,1.50,1.50
2012.01.12 15:18:06.528,1.53298,1.53307,2.25,2.63
2012.01.12 15:18:08.082,1.53298,1.53307,1.50,1.88
2012.01.12 15:18:08.836,1.53296,1.53307,2.25,1.88
2012.01.12 15:18:09.218,1.53293,1.53303,2.63,1.50
2012.01.12 15:18:09.435,1.53293,1.53305,2.63,3.75
2012.01.12 15:18:10.069,1.53298,1.53306,1.50,3.00
2012.01.12 15:18:10.621,1.53298,1.53307,1.50,2.63
2012.01.12 15:18:11.614,1.53293,1.53307,3.38,4.13
2012.01.12 15:18:12.207,1.53295,1.53307,1.50,2.63
2012.01.12 15:18:12.556,1.53298,1.53307,1.95,1.88
2012.01.12 15:18:12.843,1.53295,1.53307,1.50,2.63
2012.01.12 15:18:13.123,1.53297,1.53307,1.50,2.63
2012.01.12 15:18:13.989,1.53297,1.53307,1.50,2.63
2012.01.12 15:18:14.497,1.53298,1.53311,1.88,4.50
2012.01.12 15:18:14.927,1.53296,1.53307,1.50,2.63
2012.01.12 15:18:15.216,1.53296,1.53307,1.50,2.63
2012.01.12 15:18:15.504,1.53294,1.53307,1.50,2.63
2012.01.12 15:18:16.264,1.53296,1.53307,1.50,2.63
2012.01.12 15:18:16.620,1.53298,1.53307,1.50,2.63
2012.01.12 15:18:16.835,1.53296,1.53307,1.50,2.63
2012.01.12 15:18:17.391,1.53296,1.53307,1.50,2.63
2012.01.12 15:18:18.769,1.53296,1.53307,1.50,2.63
2012.01.12 15:18:18.994,1.53294,1.53307,1.50,2.63
2012.01.12 15:18:20.016,1.53296,1.53307,1.50,2.63
2012.01.12 15:18:20.894,1.53294,1.53307,1.50,2.63
2012.01.12 15:18:21.799,1.53294,1.53305,1.50,2.34
2012.01.12 15:18:22.696,1.53293,1.53301,1.88,1.50
2012.01.12 15:18:23.140,1.53288,1.53301,4.13,2.25
2012.01.12 15:18:23.430,1.53288,1.53302,4.13,5.63
2012.01.12 15:18:23.647,1.5329,1.53302,2.25,2.63
2012.01.12 15:18:24.186,1.5329,1.53302,1.50,3.38
2012.01.12 15:18:25.184,1.5329,1.53302,2.25,3.38
2012.01.12 15:18:26.195,1.53295,1.53302,1.88,1.50
2012.01.12 15:18:26.335,1.5329,1.53302,2.25,1.88
2012.01.12 15:18:26.691,1.53297,1.53302,2.25,1.88
2012.01.12 15:18:27.378,1.53291,1.53302,1.50,3.00
2012.01.12 15:18:27.470,1.53288,1.53297,2.25,1.88
2012.01.12 15:18:28.173,1.53288,1.53297,1.50,2.63
2012.01.12 15:18:28.919,1.53287,1.53297,2.18,2.63
2012.01.12 15:18:29.463,1.53287,1.53297,2.93,1.88
2012.01.12 15:18:29.674,1.53288,1.53301,2.63,3.75
2012.01.12 15:18:29.814,1.53292,1.53301,1.50,2.25
2012.01.12 15:18:30.304,1.5329,1.53302,1.50,2.63
2012.01.12 15:18:30.881,1.53289,1.53302,1.50,2.63
2012.01.12 15:18:31.561,1.53288,1.53301,2.63,3.75
2012.01.12 15:18:32.180,1.53288,1.53296,2.63,1.92
2012.01.12 15:18:32.779,1.53287,1.53293,2.18,1.88
2012.01.12 15:18:32.945,1.5328,1.5329,3.38,4.13
2012.01.12 15:18:33.020,1.53278,1.53287,5.63,1.88
2012.01.12 15:18:33.377,1.53282,1.53292,1.58,5.63
2012.01.12 15:18:33.457,1.53282,1.53292,1.58,3.75
2012.01.12 15:18:33.602,1.53282,1.53291,1.58,1.13
2012.01.12 15:18:34.372,1.53279,1.53288,1.50,1.88
2012.01.12 15:18:34.518,1.53279,1.53292,3.38,3.75
2012.01.12 15:18:34.672,1.53283,1.53295,2.63,3.00
2012.01.12 15:18:34.893,1.53288,1.53295,1.50,2.25
2012.01.12 15:18:35.048,1.53288,1.53299,3.38,1.13
2012.01.12 15:18:35.130,1.53288,1.53297,1.50,2.63
2012.01.12 15:18:35.216,1.53286,1.53296,1.50,1.50
2012.01.12 15:18:35.814,1.53286,1.53294,1.50,1.88
2012.01.12 15:18:35.956,1.53284,1.53294,1.50,1.88
2012.01.12 15:18:36.518,1.53283,1.53294,1.50,2.63
2012.01.12 15:18:37.577,1.53281,1.53294,2.25,2.63
2012.01.12 15:18:38.076,1.5328,1.53293,2.63,2.25
2012.01.12 15:18:39.810,1.53282,1.53294,1.50,2.63
2012.01.12 15:18:39.959,1.53284,1.53294,1.50,1.88
2012.01.12 15:18:40.697,1.53288,1.53298,1.88,1.50
2012.01.12 15:18:40.778,1.53286,1.53297,2.25,1.88
2012.01.12 15:18:41.769,1.53286,1.53297,1.50,2.63
2012.01.12 15:18:42.409,1.53286,1.53297,1.50,2.63
2012.01.12 15:18:42.989,1.53286,1.53297,2.25,1.88
2012.01.12 15:18:43.554,1.53286,1.53297,2.25,1.88
2012.01.12 15:18:44.061,1.53286,1.53297,2.25,1.88
2012.01.12 15:18:44.614,1.53286,1.53297,2.25,2.63
2012.01.12 15:18:44.824,1.53283,1.53295,4.50,3.38
2012.01.12 15:18:45.036,1.53288,1.53295,1.88,6.00
2012.01.12 15:18:45.253,1.53283,1.53295,5.63,2.25
2012.01.12 15:18:45.323,1.53285,1.53297,1.50,2.63
2012.01.12 15:18:45.771,1.53283,1.53297,3.38,4.13
2012.01.12 15:18:46.564,1.53283,1.53297,1.50,3.00
2012.01.12 15:18:47.152,1.53282,1.53293,2.25,2.25
2012.01.12 15:18:47.291,1.53282,1.53296,4.50,2.25
2012.01.12 15:18:47.364,1.53286,1.53297,1.50,1.50
2012.01.12 15:18:47.501,1.53282,1.53293,3.00,1.50
2012.01.12 15:18:47.633,1.53284,1.53298,1.50,3.75
2012.01.12 15:18:47.901,1.53282,1.53296,6.00,2.25
2012.01.12 15:18:48.391,1.53282,1.53296,5.33,2.25
2012.01.12 15:18:49.987,1.53282,1.53296,5.33,4.50
2012.01.12 15:18:50.206,1.53282,1.53294,3.08,1.50
2012.01.12 15:18:50.716,1.53282,1.53294,3.08,1.50
2012.01.12 15:18:51.073,1.53288,1.53294,2.25,1.50
2012.01.12 15:18:51.710,1.53285,1.53299,1.50,2.25
2012.01.12 15:18:51.931,1.53285,1.53295,1.50,1.50
2012.01.12 15:18:52.079,1.53283,1.53295,1.50,3.75
2012.01.12 15:18:52.233,1.53283,1.53295,2.25,2.25
2012.01.12 15:18:52.457,1.53287,1.53298,2.25,2.25
2012.01.12 15:18:52.537,1.53287,1.53298,2.25,1.50
2012.01.12 15:18:52.690,1.53287,1.53296,2.25,1.50
2012.01.12 15:18:53.252,1.53287,1.53296,2.25,2.25
2012.01.12 15:18:53.772,1.53285,1.53295,3.00,1.50
2012.01.12 15:18:54.335,1.53287,1.53295,3.00,1.50
2012.01.12 15:18:55.070,1.53287,1.53295,3.00,1.50
2012.01.12 15:18:55.162,1.53284,1.53295,4.50,1.50
2012.01.12 15:18:55.237,1.53284,1.53295,3.00,3.75
2012.01.12 15:18:55.603,1.53283,1.53296,2.25,1.50
2012.01.12 15:18:55.672,1.53283,1.53295,2.25,1.50
2012.01.12 15:18:55.885,1.53286,1.53297,2.25,1.50
2012.01.12 15:18:56.025,1.53286,1.53296,2.25,1.50
2012.01.12 15:18:56.221,1.53286,1.53299,2.25,1.50
2012.01.12 15:18:57.110,1.53285,1.53295,3.00,1.50
2012.01.12 15:18:57.611,1.53287,1.53295,3.00,1.50
2012.01.12 15:18:57.966,1.53288,1.53295,2.25,1.50
2012.01.12 15:18:58.729,1.53288,1.53295,1.50,1.50
2012.01.12 15:18:59.016,1.53286,1.53295,3.75,1.50
2012.01.12 15:18:59.307,1.53288,1.53295,1.50,1.50
2012.01.12 15:18:59.876,1.53287,1.53295,2.25,1.50
2012.01.12 15:19:00.486,1.53287,1.53295,3.75,1.50
2012.01.12 15:19:00.846,1.53291,1.53297,1.50,1.50
2012.01.12 15:19:01.137,1.53294,1.53302,1.50,1.50
2012.01.12 15:19:01.217,1.53296,1.53302,1.88,1.50
2012.01.12 15:19:01.300,1.533,1.53309,1.50,3.00
2012.01.12 15:19:01.886,1.53294,1.5331,3.00,1.50
2012.01.12 15:19:01.998,1.53296,1.53303,2.25,1.50
2012.01.12 15:19:02.083,1.53298,1.53309,1.50,3.75
2012.01.12 15:19:02.368,1.53298,1.53309,1.50,1.50
2012.01.12 15:19:02.518,1.53298,1.53308,2.25,1.50
2012.01.12 15:19:02.879,1.53302,1.5331,2.25,1.50
2012.01.12 15:19:03.500,1.53299,1.5331,3.00,1.50
2012.01.12 15:19:03.588,1.53301,1.53311,1.50,1.50
2012.01.12 15:19:03.805,1.53299,1.5331,1.50,2.25
2012.01.12 15:19:04.508,1.53299,1.53308,1.50,2.25
2012.01.12 15:19:05.218,1.53297,1.53308,2.25,3.75
2012.01.12 15:19:05.579,1.53297,1.53308,2.25,1.50
2012.01.12 15:19:06.053,1.53297,1.53308,2.25,2.25
2012.01.12 15:19:06.193,1.53296,1.53308,1.50,3.75
2012.01.12 15:19:06.605,1.53297,1.53307,2.25,1.50
2012.01.12 15:19:07.074,1.53296,1.53305,3.00,1.50
2012.01.12 15:19:07.442,1.53301,1.53305,3.75,1.50
2012.01.12 15:19:07.585,1.53306,1.53313,3.00,1.45
2012.01.12 15:19:07.662,1.53306,1.53311,2.25,1.50
2012.01.12 15:19:07.808,1.53303,1.53308,1.50,2.25
2012.01.12 15:19:07.954,1.53299,1.53307,1.50,1.50
2012.01.12 15:19:08.240,1.53297,1.53305,2.25,1.50
2012.01.12 15:19:08.317,1.53296,1.53305,4.50,1.50
2012.01.12 15:19:09.038,1.53296,1.53308,1.50,3.75
2012.01.12 15:19:09.126,1.53298,1.53312,3.00,2.25
2012.01.12 15:19:09.206,1.53302,1.53315,1.50,4.41
2012.01.12 15:19:09.566,1.533,1.53314,1.50,4.50
2012.01.12 15:19:09.721,1.533,1.53309,1.50,2.25
2012.01.12 15:19:10.922,1.53301,1.53308,1.50,2.25
2012.01.12 15:19:11.210,1.53303,1.53315,1.50,2.63
2012.01.12 15:19:11.766,1.53298,1.5331,1.50,2.25
2012.01.12 15:19:11.915,1.53299,1.5331,1.50,1.50
2012.01.12 15:19:12.862,1.53297,1.53308,4.58,1.50
2012.01.12 15:19:12.935,1.53297,1.53308,3.83,1.50
2012.01.12 15:19:13.209,1.53307,1.53311,2.25,1.50
2012.01.12 15:19:13.356,1.53307,1.53312,2.25,1.13
2012.01.12 15:19:13.438,1.53306,1.53312,1.50,1.13
2012.01.12 15:19:13.517,1.53306,1.53315,1.50,2.25
2012.01.12 15:19:13.808,1.53302,1.53313,3.00,1.50
2012.01.12 15:19:14.228,1.53302,1.53315,3.00,2.25
2012.01.12 15:19:14.961,1.53302,1.53314,2.25,2.25
2012.01.12 15:19:15.050,1.533,1.53314,2.25,3.00
2012.01.12 15:19:15.334,1.53299,1.53311,1.50,1.50
2012.01.12 15:19:15.664,1.53302,1.53311,1.88,1.50
2012.01.12 15:19:15.876,1.53303,1.53315,2.25,2.25
2012.01.12 15:19:17.380,1.53302,1.53315,1.13,4.50
2012.01.12 15:19:17.599,1.53302,1.53315,1.88,5.63
2012.01.12 15:19:17.745,1.53301,1.53314,3.00,1.50
2012.01.12 15:19:18.096,1.53297,1.53311,5.67,1.50
2012.01.12 15:19:18.453,1.53307,1.53319,2.25,2.25
2012.01.12 15:19:18.956,1.53307,1.53318,2.25,3.75
2012.01.12 15:19:19.513,1.53307,1.53318,2.25,2.25
2012.01.12 15:19:19.652,1.53307,1.53318,2.25,2.25
2012.01.12 15:19:21.131,1.53307,1.53318,2.25,3.75
2012.01.12 15:19:21.632,1.53307,1.53318,2.25,2.25
2012.01.12 15:19:22.184,1.53307,1.53318,2.25,2.25
2012.01.12 15:19:23.470,1.53307,1.53318,2.25,2.25
2012.01.12 15:19:23.982,1.53307,1.53316,2.25,1.50
2012.01.12 15:19:24.409,1.53307,1.53315,2.25,1.13
2012.01.12 15:19:24.493,1.53302,1.53315,5.63,4.50
2012.01.12 15:19:24.575,1.53302,1.53313,1.50,3.00
2012.01.12 15:19:25.212,1.53302,1.5331,2.25,5.25
2012.01.12 15:19:25.856,1.53304,1.53313,1.13,2.25
2012.01.12 15:19:26.220,1.53306,1.53314,3.38,2.25
2012.01.12 15:19:26.807,1.53309,1.53315,1.50,1.50
2012.01.12 15:19:26.964,1.53307,1.53316,3.00,1.50
2012.01.12 15:19:27.454,1.53305,1.53316,2.25,1.50
2012.01.12 15:19:27.873,1.53305,1.53315,1.50,1.88
2012.01.12 15:19:28.772,1.53305,1.53315,3.00,1.88
2012.01.12 15:19:29.408,1.53303,1.53314,1.50,1.50
2012.01.12 15:19:29.626,1.53306,1.53315,1.50,1.88
2012.01.12 15:19:29.964,1.53304,1.53313,2.25,1.50
2012.01.12 15:19:30.103,1.53304,1.53313,1.50,1.50
2012.01.12 15:19:30.178,1.53302,1.5331,1.50,1.50
2012.01.12 15:19:30.831,1.53301,1.5331,1.50,2.63
2012.01.12 15:19:31.385,1.53301,1.53315,4.13,2.67
2012.01.12 15:19:31.457,1.53306,1.53317,1.50,1.50
2012.01.12 15:19:31.538,1.53306,1.53319,2.25,4.50
2012.01.12 15:19:31.619,1.53307,1.53319,2.25,1.50
2012.01.12 15:19:31.836,1.53309,1.53323,2.25,2.25
2012.01.12 15:19:31.987,1.5331,1.5332,1.50,1.88
2012.01.12 15:19:32.768,1.5331,1.5332,1.50,2.25
2012.01.12 15:19:32.849,1.53311,1.53323,3.00,1.50
2012.01.12 15:19:33.212,1.53315,1.53325,1.50,1.50
2012.01.12 15:19:33.361,1.53316,1.53328,2.63,1.50
2012.01.12 15:19:33.504,1.53316,1.5333,4.13,2.63
2012.01.12 15:19:33.717,1.53316,1.5333,4.13,2.25
2012.01.12 15:19:34.564,1.53317,1.5333,1.50,1.50
2012.01.12 15:19:34.917,1.53316,1.53326,3.00,2.63
2012.01.12 15:19:34.997,1.53317,1.53326,1.50,2.63
2012.01.12 15:19:35.217,1.53322,1.5333,2.25,3.75
2012.01.12 15:19:35.295,1.53322,1.5333,2.25,3.00
2012.01.12 15:19:36.247,1.53317,1.5333,3.00,1.50
2012.01.12 15:19:36.329,1.53321,1.53331,3.38,1.50
2012.01.12 15:19:36.902,1.53322,1.53332,3.00,1.50
2012.01.12 15:19:37.254,1.53318,1.53329,2.63,1.50
2012.01.12 15:19:37.324,1.53318,1.53331,2.63,1.50
2012.01.12 15:19:37.535,1.53319,1.53333,2.25,1.50
2012.01.12 15:19:38.416,1.53318,1.53329,1.88,1.50
2012.01.12 15:19:39.055,1.53318,1.53331,1.88,1.50
2012.01.12 15:19:39.933,1.53318,1.53331,2.25,1.50
2012.01.12 15:19:40.969,1.53316,1.53325,2.25,1.88
2012.01.12 15:19:41.044,1.53315,1.53325,1.50,2.63
2012.01.12 15:19:41.115,1.53316,1.53325,4.50,4.88
2012.01.12 15:19:41.392,1.53322,1.53329,3.00,1.50
2012.01.12 15:19:41.605,1.53322,1.53332,3.00,1.50
2012.01.12 15:19:42.143,1.53316,1.5333,4.13,1.50
2012.01.12 15:19:43.173,1.53316,1.5333,4.13,1.50
2012.01.12 15:19:43.643,1.53318,1.53332,2.25,2.25
2012.01.12 15:19:43.718,1.53318,1.53325,1.50,1.88
2012.01.12 15:19:43.794,1.53316,1.53325,2.25,4.13
2012.01.12 15:19:43.864,1.53314,1.53325,1.50,4.13
2012.01.12 15:19:43.932,1.53314,1.53325,2.25,4.13
2012.01.12 15:19:44.443,1.53322,1.53328,2.25,1.50
2012.01.12 15:19:44.525,1.53322,1.5333,2.25,2.25
2012.01.12 15:19:44.593,1.53316,1.5333,1.50,5.63
2012.01.12 15:19:44.666,1.53316,1.53329,2.25,4.50
2012.01.12 15:19:44.884,1.53313,1.53325,1.50,5.63
2012.01.12 15:19:45.094,1.53314,1.53325,2.25,2.25
2012.01.12 15:19:45.237,1.53316,1.53327,2.63,1.50
2012.01.12 15:19:45.318,1.53316,1.53329,2.63,1.50
2012.01.12 15:19:45.955,1.53316,1.53327,1.88,1.50
2012.01.12 15:19:46.601,1.53316,1.53327,2.63,1.50
2012.01.12 15:19:46.674,1.53316,1.53329,2.63,3.00
2012.01.12 15:19:47.220,1.53316,1.53329,2.63,1.50
2012.01.12 15:19:47.801,1.53316,1.53329,2.63,2.25
2012.01.12 15:19:48.373,1.53316,1.53329,2.63,2.25
2012.01.12 15:19:48.593,1.53316,1.53329,1.88,2.25
2012.01.12 15:19:49.455,1.53314,1.53325,1.50,2.25
2012.01.12 15:19:49.611,1.53317,1.53328,2.25,2.25
2012.01.12 15:19:49.753,1.53314,1.53328,1.50,2.25
2012.01.12 15:19:50.234,1.53312,1.53326,3.75,5.07
2012.01.12 15:19:50.582,1.53312,1.5332,2.25,2.25
2012.01.12 15:19:50.653,1.5331,1.5332,1.50,2.25
2012.01.12 15:19:50.794,1.53308,1.5332,2.25,4.13
2012.01.12 15:19:50.869,1.53306,1.5332,4.50,5.63
2012.01.12 15:19:51.329,1.53308,1.5332,1.50,4.13
2012.01.12 15:19:51.884,1.53306,1.5332,2.25,5.63
2012.01.12 15:19:52.402,1.53306,1.5332,3.75,5.63
2012.01.12 15:19:52.730,1.53308,1.5332,1.50,4.13
2012.01.12 15:19:53.503,1.53305,1.53319,3.00,2.25
2012.01.12 15:19:54.050,1.53307,1.5332,2.25,4.13
2012.01.12 15:19:54.444,1.53307,1.53319,2.25,1.50
2012.01.12 15:19:54.923,1.53307,1.53319,3.00,1.50
2012.01.12 15:19:55.080,1.53312,1.53321,1.50,2.25
2012.01.12 15:19:55.297,1.53312,1.5332,2.25,2.25
2012.01.12 15:19:55.382,1.53309,1.5332,2.25,2.25
2012.01.12 15:19:55.595,1.5331,1.5332,5.25,3.00
2012.01.12 15:19:55.951,1.53317,1.53323,3.00,1.13
2012.01.12 15:19:56.027,1.53317,1.53324,3.00,1.50
2012.01.12 15:19:56.103,1.53317,1.53326,3.00,3.00
2012.01.12 15:19:56.583,1.53321,1.5333,1.88,3.75
2012.01.12 15:19:56.649,1.53313,1.53326,1.65,3.00
2012.01.12 15:19:56.796,1.53313,1.5332,1.58,1.13
2012.01.12 15:19:56.947,1.53312,1.5332,2.25,1.50
2012.01.12 15:19:57.094,1.53309,1.5332,1.50,3.38
2012.01.12 15:19:57.225,1.53307,1.53318,2.25,1.20
2012.01.12 15:19:57.433,1.53308,1.5332,2.25,1.88
2012.01.12 15:19:57.704,1.53308,1.53318,1.50,1.50
2012.01.12 15:19:57.913,1.53312,1.5332,1.50,1.50
2012.01.12 15:19:58.129,1.53314,1.53321,1.50,1.50
2012.01.12 15:19:58.582,1.53312,1.53321,3.00,1.50
2012.01.12 15:19:58.873,1.5331,1.5332,1.50,1.50
2012.01.12 15:19:59.082,1.53308,1.5332,2.25,3.75
2012.01.12 15:19:59.286,1.53306,1.53316,1.50,1.50
2012.01.12 15:19:59.504,1.53308,1.53316,1.50,1.50
2012.01.12 15:19:59.858,1.53306,1.53317,2.25,1.50
2012.01.12 15:20:00.422,1.53307,1.53317,1.50,1.50
2012.01.12 15:20:01.036,1.53305,1.53317,3.00,1.50
2012.01.12 15:20:01.184,1.53306,1.5332,2.25,6.00
2012.01.12 15:20:01.530,1.53305,1.53317,3.00,1.50
2012.01.12 15:20:01.602,1.53305,1.53317,3.00,1.50
2012.01.12 15:20:01.875,1.53301,1.53314,5.44,1.50
2012.01.12 15:20:02.238,1.53301,1.5331,3.38,1.13
2012.01.12 15:20:02.966,1.53303,1.53312,1.13,1.50
2012.01.12 15:20:03.053,1.53303,1.53315,1.13,3.00
2012.01.12 15:20:03.413,1.53304,1.53314,1.50,2.25
2012.01.12 15:20:03.871,1.53304,1.53314,1.88,1.50
2012.01.12 15:20:03.954,1.53304,1.53317,1.88,1.50
2012.01.12 15:20:04.309,1.53304,1.53315,1.88,1.50
2012.01.12 15:20:04.841,1.53304,1.53314,1.88,1.50
2012.01.12 15:20:04.984,1.53304,1.53316,1.88,1.50
2012.01.12 15:20:05.554,1.53304,1.53316,1.88,1.50
2012.01.12 15:20:05.976,1.53304,1.53315,3.38,2.25
2012.01.12 15:20:06.128,1.53307,1.53316,3.00,3.00
2012.01.12 15:20:06.680,1.53307,1.5332,2.25,6.00
2012.01.12 15:20:06.964,1.53308,1.5332,2.25,5.25
2012.01.12 15:20:08.624,1.53306,1.5332,4.50,4.50
2012.01.12 15:20:08.703,1.53306,1.5332,4.50,4.50
2012.01.12 15:20:09.487,1.53316,1.5332,2.25,2.25
2012.01.12 15:20:10.217,1.53313,1.53321,2.25,2.25
2012.01.12 15:20:10.677,1.53314,1.53321,1.50,3.00
2012.01.12 15:20:10.763,1.53315,1.53326,1.50,3.00
2012.01.12 15:20:10.911,1.53317,1.53326,3.00,1.50
2012.01.12 15:20:10.985,1.53317,1.53326,3.00,1.50
2012.01.12 15:20:11.264,1.53317,1.5333,3.00,3.38
2012.01.12 15:20:11.958,1.53317,1.5333,3.00,3.38
2012.01.12 15:20:12.974,1.53317,1.5333,3.00,3.38
2012.01.12 15:20:13.474,1.53317,1.5333,3.00,4.82
2012.01.12 15:20:14.253,1.53317,1.53325,3.00,1.50
2012.01.12 15:20:14.321,1.53315,1.53325,3.00,1.50
2012.01.12 15:20:14.481,1.53315,1.53323,2.25,1.50
2012.01.12 15:20:15.045,1.53312,1.53323,3.00,1.50
2012.01.12 15:20:16.064,1.53312,1.53323,3.00,1.50
2012.01.12 15:20:16.833,1.53312,1.53323,3.00,1.50
2012.01.12 15:20:17.162,1.53312,1.53321,3.00,1.50
2012.01.12 15:20:17.304,1.53314,1.53324,1.50,1.50
2012.01.12 15:20:17.372,1.53314,1.53324,1.50,1.50
2012.01.12 15:20:17.515,1.53315,1.53326,3.00,1.50
2012.01.12 15:20:18.071,1.53314,1.53325,3.00,1.88
2012.01.12 15:20:18.272,1.53314,1.53322,3.00,1.50
2012.01.12 15:20:18.898,1.53314,1.53324,3.00,1.50
2012.01.12 15:20:19.118,1.53314,1.53324,3.00,1.50
2012.01.12 15:20:19.340,1.53315,1.53326,3.00,3.75
2012.01.12 15:20:19.878,1.53315,1.53324,3.00,1.50
2012.01.12 15:20:19.974,1.53314,1.53324,3.00,1.50
2012.01.12 15:20:20.135,1.53309,1.53322,2.25,2.25
2012.01.12 15:20:20.211,1.53309,1.5332,1.50,1.50
2012.01.12 15:20:20.698,1.53309,1.5332,2.25,1.88
2012.01.12 15:20:21.205,1.5331,1.53324,1.50,2.25
2012.01.12 15:20:21.817,1.53308,1.53322,3.00,2.25
2012.01.12 15:20:21.959,1.5331,1.53324,3.00,2.25
2012.01.12 15:20:23.905,1.53311,1.53322,1.50,1.50
2012.01.12 15:20:24.117,1.53312,1.53319,1.50,1.50
2012.01.12 15:20:24.691,1.53307,1.53319,1.50,1.50
2012.01.12 15:20:25.246,1.53307,1.53319,1.50,1.50
2012.01.12 15:20:27.351,1.53307,1.53319,1.50,1.50
2012.01.12 15:20:28.459,1.53307,1.53319,1.50,1.50
2012.01.12 15:20:28.896,1.53307,1.5332,3.00,5.25
2012.01.12 15:20:29.516,1.5331,1.53323,2.25,2.25
2012.01.12 15:20:29.602,1.53312,1.53324,3.75,1.50
2012.01.12 15:20:29.965,1.53317,1.53324,1.50,1.50
2012.01.12 15:20:30.529,1.53317,1.53324,1.50,1.50
2012.01.12 15:20:31.570,1.53316,1.53326,1.50,3.00
2012.01.12 15:20:32.200,1.53319,1.53326,2.25,1.50
2012.01.12 15:20:32.281,1.53317,1.53326,1.50,1.50
2012.01.12 15:20:32.430,1.53317,1.53326,2.25,1.50
2012.01.12 15:20:32.510,1.53317,1.53328,2.25,1.50
2012.01.12 15:20:32.588,1.53318,1.5333,3.00,1.13
2012.01.12 15:20:33.087,1.53319,1.5333,2.25,3.38
2012.01.12 15:20:33.238,1.5332,1.5333,1.50,5.63
2012.01.12 15:20:33.440,1.5332,1.53328,1.50,1.50
2012.01.12 15:20:33.590,1.53318,1.5333,1.50,5.63
2012.01.12 15:20:34.091,1.53318,1.5333,1.88,4.13
2012.01.12 15:20:34.757,1.53318,1.53329,1.50,1.50
2012.01.12 15:20:34.843,1.53317,1.53329,1.50,1.50
2012.01.12 15:20:35.058,1.53317,1.53329,1.50,1.50
2012.01.12 15:20:35.411,1.53323,1.5333,1.50,1.88
2012.01.12 15:20:35.773,1.53327,1.53331,3.00,1.50
2012.01.12 15:20:35.921,1.53327,1.53338,3.00,1.80
2012.01.12 15:20:36.065,1.53322,1.53332,4.88,1.50
2012.01.12 15:20:36.516,1.53324,1.5333,1.50,1.50
2012.01.12 15:20:36.874,1.5332,1.53329,1.50,1.50
2012.01.12 15:20:37.375,1.53318,1.53328,1.50,2.25
2012.01.12 15:20:37.875,1.53317,1.53328,2.25,2.25
2012.01.12 15:20:38.359,1.53315,1.53325,2.25,1.50
2012.01.12 15:20:38.450,1.53315,1.53327,2.25,1.50
2012.01.12 15:20:38.883,1.53317,1.53327,1.50,1.50
2012.01.12 15:20:39.240,1.53318,1.5333,1.50,1.88
2012.01.12 15:20:40.045,1.53319,1.5333,2.25,1.88
2012.01.12 15:20:41.109,1.5332,1.5333,1.50,1.88
2012.01.12 15:20:41.194,1.53326,1.53331,1.88,1.50
2012.01.12 15:20:41.721,1.53327,1.53343,3.00,5.28
2012.01.12 15:20:41.809,1.53327,1.53338,3.75,1.50
2012.01.12 15:20:42.294,1.53327,1.53338,2.25,1.04
2012.01.12 15:20:42.648,1.53323,1.53332,1.50,2.25
2012.01.12 15:20:43.134,1.53317,1.53329,3.00,1.50
2012.01.12 15:20:43.988,1.53317,1.5333,4.50,4.13
2012.01.12 15:20:44.849,1.53317,1.5333,4.50,3.38
2012.01.12 15:20:45.409,1.53315,1.53329,3.00,1.50
2012.01.12 15:20:45.496,1.53315,1.53325,1.50,1.50
2012.01.12 15:20:45.711,1.53315,1.53327,1.50,1.50
2012.01.12 15:20:47.150,1.53315,1.53329,3.00,3.75
2012.01.12 15:20:49.828,1.53315,1.53328,3.00,2.25
2012.01.12 15:20:50.916,1.53315,1.53329,3.00,1.50
2012.01.12 15:20:51.442,1.53318,1.5333,2.25,4.13
2012.01.12 15:20:52.203,1.53316,1.5333,5.25,4.88
2012.01.12 15:20:52.721,1.53318,1.5333,2.25,3.38
2012.01.12 15:20:53.071,1.53324,1.5333,3.00,1.13
2012.01.12 15:20:53.427,1.53324,1.53335,6.00,1.88
2012.01.12 15:20:53.843,1.53324,1.53335,2.25,1.88
2012.01.12 15:20:54.477,1.53322,1.53335,2.25,2.63
2012.01.12 15:20:54.635,1.5332,1.5333,4.50,1.88
2012.01.12 15:20:54.918,1.5332,1.53332,4.50,1.50
2012.01.12 15:20:54.988,1.5332,1.53332,4.50,1.50
2012.01.12 15:20:55.339,1.53325,1.53335,3.00,1.88
2012.01.12 15:20:56.360,1.53321,1.53335,3.00,3.38
2012.01.12 15:20:57.827,1.53321,1.53335,6.75,4.13
2012.01.12 15:20:58.382,1.53321,1.53335,5.25,3.38
2012.01.12 15:20:58.745,1.53323,1.53335,3.00,1.88
2012.01.12 15:20:58.821,1.53323,1.53335,3.00,1.88
2012.01.12 15:20:58.970,1.53323,1.53335,3.00,2.63
2012.01.12 15:20:59.051,1.53323,1.53335,3.00,1.88
2012.01.12 15:20:59.482,1.53323,1.53335,2.25,1.88
2012.01.12 15:21:00.149,1.53321,1.53335,4.50,4.13
2012.01.12 15:21:00.586,1.53325,1.53335,1.50,2.63
2012.01.12 15:21:01.927,1.53325,1.53334,1.50,4.50
2012.01.12 15:21:02.498,1.53318,1.53331,3.00,2.63
2012.01.12 15:21:02.569,1.53318,1.53331,3.00,2.63
2012.01.12 15:21:02.996,1.53323,1.53333,1.50,3.00
2012.01.12 15:21:03.335,1.53323,1.53333,2.25,3.00
2012.01.12 15:21:04.114,1.53323,1.5333,3.00,1.88
2012.01.12 15:21:04.409,1.53323,1.5333,3.00,1.88
2012.01.12 15:21:04.834,1.53319,1.5333,2.25,1.88
2012.01.12 15:21:05.388,1.53319,1.5333,2.25,1.88
2012.01.12 15:21:05.857,1.53319,1.5333,2.25,1.88
2012.01.12 15:21:06.406,1.53323,1.5333,3.00,1.88
2012.01.12 15:21:06.938,1.53323,1.5333,3.00,1.88
2012.01.12 15:21:09.105,1.53323,1.53332,3.00,2.25
2012.01.12 15:21:09.388,1.53327,1.5334,2.25,2.63
2012.01.12 15:21:09.763,1.53327,1.53341,5.25,2.25
2012.01.12 15:21:09.849,1.53332,1.53343,1.50,3.00
2012.01.12 15:21:10.201,1.53328,1.53342,2.25,4.50
2012.01.12 15:21:10.749,1.53331,1.53343,1.50,3.00
2012.01.12 15:21:11.876,1.53331,1.53343,1.50,3.00
2012.01.12 15:21:11.949,1.53329,1.53343,2.25,4.50
2012.01.12 15:21:12.795,1.5333,1.53343,1.50,4.84
2012.01.12 15:21:13.419,1.53333,1.5334,2.25,1.88
2012.01.12 15:21:13.508,1.53329,1.5334,2.25,1.88
2012.01.12 15:21:14.002,1.5333,1.53343,1.50,5.59
2012.01.12 15:21:14.216,1.53333,1.53343,1.50,4.09
2012.01.12 15:21:14.427,1.53331,1.53343,3.00,3.34
2012.01.12 15:21:14.836,1.53331,1.53343,2.25,3.34
2012.01.12 15:21:15.304,1.53333,1.53343,1.50,3.34
2012.01.12 15:21:15.605,1.53341,1.5335,1.50,3.00
2012.01.12 15:21:15.746,1.53341,1.53352,1.50,1.50
2012.01.12 15:21:16.296,1.53339,1.53352,3.00,1.50
2012.01.12 15:21:17.362,1.53341,1.5335,3.00,1.88
2012.01.12 15:21:17.861,1.5334,1.5335,3.00,1.88
2012.01.12 15:21:20.077,1.53341,1.5335,2.25,1.88
2012.01.12 15:21:20.607,1.53341,1.5335,3.00,1.88
2012.01.12 15:21:20.746,1.53341,1.5335,3.00,1.88
2012.01.12 15:21:20.818,1.53339,1.5335,3.00,2.63
2012.01.12 15:21:21.366,1.53343,1.5335,3.00,2.63
2012.01.12 15:21:22.247,1.53339,1.5335,2.25,2.63
2012.01.12 15:21:22.394,1.53339,1.53348,1.50,1.50
2012.01.12 15:21:22.540,1.53337,1.53349,3.75,1.50
2012.01.12 15:21:22.828,1.53335,1.53348,1.50,1.50
2012.01.12 15:21:23.255,1.53335,1.53348,1.50,1.88
2012.01.12 15:21:23.332,1.53332,1.53345,3.00,2.25
2012.01.12 15:21:23.918,1.53332,1.53343,2.25,1.50
2012.01.12 15:21:24.071,1.5333,1.53343,1.50,1.50
2012.01.12 15:21:24.638,1.53329,1.53343,2.25,3.00
2012.01.12 15:21:24.969,1.5333,1.53343,1.50,3.00
2012.01.12 15:21:25.952,1.53331,1.5334,1.50,2.63
2012.01.12 15:21:26.169,1.53329,1.5334,2.25,1.88
2012.01.12 15:21:26.454,1.53331,1.53344,3.00,2.25
2012.01.12 15:21:26.606,1.53333,1.53345,2.25,5.63
2012.01.12 15:21:27.172,1.53332,1.53345,1.50,7.13
2012.01.12 15:21:28.090,1.53331,1.53345,3.00,6.38
2012.01.12 15:21:28.239,1.53333,1.53345,1.50,4.50
2012.01.12 15:21:28.318,1.53333,1.53345,3.75,2.25
2012.01.12 15:21:28.393,1.53335,1.53347,1.50,1.50
2012.01.12 15:21:28.960,1.53335,1.53348,3.00,1.50
2012.01.12 15:21:29.951,1.53335,1.53348,2.25,1.50
2012.01.12 15:21:30.217,1.53335,1.53347,1.50,1.50
2012.01.12 15:21:30.427,1.53337,1.53349,3.75,3.34
2012.01.12 15:21:30.783,1.53337,1.53349,3.00,2.59
2012.01.12 15:21:30.933,1.53337,1.53349,3.75,3.34
2012.01.12 15:21:31.487,1.53336,1.53347,1.50,1.50
2012.01.12 15:21:33.468,1.53334,1.53347,2.25,2.25
2012.01.12 15:21:33.934,1.53336,1.53349,1.50,3.34
2012.01.12 15:21:34.614,1.53336,1.53347,3.75,1.50
2012.01.12 15:21:35.021,1.53336,1.53345,3.75,1.50
2012.01.12 15:21:35.520,1.53334,1.53346,2.25,3.75
2012.01.12 15:21:39.066,1.53333,1.53341,3.00,4.50
2012.01.12 15:21:39.617,1.5333,1.53341,1.50,4.50
2012.01.12 15:21:40.105,1.53327,1.5334,3.00,1.50
2012.01.12 15:21:40.184,1.53327,1.5334,2.25,3.38
2012.01.12 15:21:40.998,1.53327,1.5334,2.25,3.00
2012.01.12 15:21:41.076,1.53327,1.5334,2.25,2.63
2012.01.12 15:21:41.631,1.53327,1.5334,3.00,1.88
2012.01.12 15:21:42.133,1.53332,1.53345,3.00,3.38
2012.01.12 15:21:42.421,1.53333,1.53345,1.50,2.63
2012.01.12 15:21:43.001,1.53333,1.53344,3.00,2.25
2012.01.12 15:21:43.430,1.53332,1.53344,3.75,1.50
2012.01.12 15:21:43.508,1.53332,1.53346,3.75,3.88
2012.01.12 15:21:44.029,1.53336,1.53346,3.00,2.38
2012.01.12 15:21:45.145,1.53336,1.53346,3.00,6.13
2012.01.12 15:21:48.134,1.53334,1.53345,2.25,1.50
2012.01.12 15:21:48.731,1.53332,1.53343,1.88,1.50
2012.01.12 15:21:48.808,1.53334,1.53345,1.50,1.50
2012.01.12 15:21:49.146,1.53334,1.53343,1.13,1.50
2012.01.12 15:21:49.293,1.53333,1.53343,1.88,1.50
2012.01.12 15:21:49.508,1.53334,1.53346,1.13,4.50
2012.01.12 15:21:49.651,1.53334,1.53347,1.13,1.50
2012.01.12 15:21:50.450,1.53336,1.53349,1.50,2.25
2012.01.12 15:21:50.856,1.53336,1.53349,1.50,2.25
2012.01.12 15:21:51.927,1.53336,1.53347,2.25,1.50
2012.01.12 15:21:52.142,1.53337,1.53348,1.50,1.84
2012.01.12 15:21:52.223,1.53343,1.53348,2.25,1.84
2012.01.12 15:21:52.579,1.53337,1.53349,1.50,3.75
2012.01.12 15:21:53.309,1.5334,1.53349,3.00,3.00
2012.01.12 15:21:53.518,1.5334,1.53349,3.00,3.00
2012.01.12 15:21:53.866,1.53347,1.53351,2.25,6.75
2012.01.12 15:21:54.577,1.5334,1.5335,3.00,3.00
2012.01.12 15:21:54.920,1.5334,1.5335,3.00,3.00
2012.01.12 15:21:55.600,1.5334,1.5335,3.00,2.25
2012.01.12 15:21:56.168,1.5334,1.5335,3.00,3.00
2012.01.12 15:21:56.395,1.5334,1.5335,3.00,1.88
2012.01.12 15:21:56.958,1.53341,1.5335,3.00,1.88
2012.01.12 15:21:57.917,1.53348,1.53353,2.25,3.34
2012.01.12 15:21:58.003,1.53343,1.5335,1.50,1.88
2012.01.12 15:21:58.083,1.53342,1.5335,1.50,1.88
2012.01.12 15:21:58.303,1.53342,1.5335,3.00,2.63
2012.01.12 15:21:58.875,1.53338,1.5335,3.00,2.63
2012.01.12 15:21:59.616,1.53338,1.5335,3.00,2.63
2012.01.12 15:22:00.031,1.5334,1.5335,1.88,1.88
2012.01.12 15:22:00.113,1.5334,1.53351,1.88,5.25
2012.01.12 15:22:00.258,1.5334,1.5335,1.88,1.88
2012.01.12 15:22:00.332,1.5334,1.5335,1.88,1.88
2012.01.12 15:22:01.332,1.53338,1.53349,4.05,1.84
2012.01.12 15:22:03.313,1.53338,1.53347,3.00,1.50
2012.01.12 15:22:03.853,1.53338,1.5335,3.00,7.47
2012.01.12 15:22:04.872,1.53338,1.5335,3.00,4.09
2012.01.12 15:22:05.670,1.53338,1.5335,3.00,3.00
2012.01.12 15:22:06.175,1.53338,1.53349,3.00,2.25
2012.01.12 15:22:06.726,1.53338,1.5335,4.50,2.63
2012.01.12 15:22:07.294,1.53338,1.5335,4.50,2.63
2012.01.12 15:22:07.686,1.53338,1.5335,2.25,2.63
2012.01.12 15:22:08.442,1.53338,1.5335,2.25,3.38
2012.01.12 15:22:08.985,1.53338,1.5335,2.25,3.75
2012.01.12 15:22:09.531,1.53338,1.5335,2.25,3.75
2012.01.12 15:22:10.450,1.53338,1.5335,2.25,3.38
2012.01.12 15:22:10.979,1.53338,1.5335,2.25,2.63
2012.01.12 15:22:13.406,1.53338,1.5335,2.25,1.88
2012.01.12 15:22:13.905,1.53338,1.5335,4.50,1.88
2012.01.12 15:22:15.862,1.53338,1.53344,2.25,3.75
2012.01.12 15:22:15.969,1.53336,1.5334,3.00,2.63
2012.01.12 15:22:16.699,1.53327,1.5334,5.25,1.95
2012.01.12 15:22:18.081,1.53328,1.5334,1.88,2.25
2012.01.12 15:22:18.175,1.53342,1.53348,2.25,1.17
2012.01.12 15:22:18.258,1.53342,1.53349,2.25,1.84
2012.01.12 15:22:18.338,1.53341,1.5335,2.25,4.13
2012.01.12 15:22:18.698,1.53337,1.53346,3.00,1.50
2012.01.12 15:22:19.632,1.53332,1.53345,2.25,1.88
2012.01.12 15:22:20.286,1.53331,1.53345,2.63,3.38
2012.01.12 15:22:20.647,1.53338,1.53345,2.25,1.50
2012.01.12 15:22:20.720,1.53338,1.53347,2.25,1.50
2012.01.12 15:22:21.428,1.53333,1.53347,5.25,4.13
2012.01.12 15:22:21.537,1.53344,1.5335,2.25,2.63
2012.01.12 15:22:21.831,1.53345,1.5335,2.25,3.38
2012.01.12 15:22:21.977,1.53345,1.5335,2.25,3.38
2012.01.12 15:22:22.327,1.53342,1.5335,2.25,4.13
2012.01.12 15:22:24.169,1.53347,1.53351,2.25,1.50
2012.01.12 15:22:26.135,1.53342,1.5335,3.00,3.38
2012.01.12 15:22:26.669,1.53339,1.53348,3.00,1.50
2012.01.12 15:22:27.023,1.53338,1.53347,2.25,1.50
2012.01.12 15:22:27.171,1.53337,1.53346,2.25,1.50
2012.01.12 15:22:27.637,1.53331,1.53345,2.25,3.38
2012.01.12 15:22:27.718,1.5333,1.53343,1.50,1.50
2012.01.12 15:22:28.069,1.53333,1.53346,3.00,2.25
2012.01.12 15:22:28.208,1.53335,1.53346,2.25,2.25
2012.01.12 15:22:29.293,1.53334,1.53346,1.13,2.63
2012.01.12 15:22:29.934,1.53331,1.53341,1.13,1.50
2012.01.12 15:22:30.159,1.53331,1.5334,1.13,1.50
2012.01.12 15:22:30.481,1.5333,1.5334,2.25,1.50
2012.01.12 15:22:31.039,1.53328,1.53339,2.25,1.50
2012.01.12 15:22:31.810,1.53327,1.5334,3.75,3.00
2012.01.12 15:22:32.380,1.53327,1.53338,3.75,1.50
2012.01.12 15:22:32.602,1.53327,1.53336,3.00,1.50
2012.01.12 15:22:33.171,1.53327,1.53336,2.25,3.00
2012.01.12 15:22:33.738,1.53324,1.53336,3.38,1.50
2012.01.12 15:22:34.786,1.53324,1.53335,2.63,1.13
2012.01.12 15:22:35.558,1.53324,1.53331,1.13,1.88
2012.01.12 15:22:35.862,1.53318,1.53324,1.88,1.50
2012.01.12 15:22:36.019,1.53316,1.53324,2.63,1.50
2012.01.12 15:22:36.096,1.53314,1.53326,4.50,2.25
2012.01.12 15:22:37.076,1.53314,1.53326,1.50,2.25
2012.01.12 15:22:37.644,1.53314,1.53327,3.00,1.50
2012.01.12 15:22:37.920,1.53316,1.5333,2.25,9.75
2012.01.12 15:22:38.144,1.53316,1.5333,2.25,9.38
2012.01.12 15:22:38.861,1.53316,1.5333,2.25,3.38
2012.01.12 15:22:39.362,1.53321,1.5333,2.25,3.38
2012.01.12 15:22:39.664,1.53326,1.53332,2.63,1.50
2012.01.12 15:22:40.597,1.53327,1.53334,1.50,1.50
2012.01.12 15:22:40.705,1.53332,1.53342,3.00,1.50
2012.01.12 15:22:43.041,1.53326,1.5334,2.25,5.63
2012.01.12 15:22:43.672,1.53326,1.5334,2.25,8.63
2012.01.12 15:22:43.751,1.53326,1.53339,1.50,1.50
2012.01.12 15:22:44.394,1.53322,1.53335,3.75,4.88
2012.01.12 15:22:44.678,1.53317,1.53331,3.00,1.50
2012.01.12 15:22:45.235,1.53317,1.53331,3.00,1.50
2012.01.12 15:22:45.591,1.53319,1.53333,2.25,4.50
2012.01.12 15:22:46.186,1.5332,1.53333,1.50,2.25
2012.01.12 15:22:46.337,1.53322,1.53334,3.00,1.50
2012.01.12 15:22:46.921,1.53322,1.53334,3.00,2.25
2012.01.12 15:22:47.140,1.53319,1.53332,2.25,3.75
2012.01.12 15:22:48.111,1.53317,1.5333,2.25,4.88
2012.01.12 15:22:48.605,1.53317,1.5333,2.25,1.88
2012.01.12 15:22:49.158,1.53317,1.5333,3.00,4.13
2012.01.12 15:22:49.767,1.53317,1.5333,3.00,4.13
2012.01.12 15:22:50.037,1.53319,1.53333,3.75,1.50
2012.01.12 15:22:50.504,1.53321,1.5333,2.25,4.13
2012.01.12 15:22:51.278,1.53318,1.53332,4.50,1.50
2012.01.12 15:22:51.419,1.5332,1.53334,2.25,3.00
2012.01.12 15:22:51.977,1.5332,1.53334,2.25,2.25
2012.01.12 15:22:52.870,1.5332,1.53334,2.25,1.50
2012.01.12 15:22:53.161,1.5332,1.53334,2.25,1.50
2012.01.12 15:22:53.705,1.5332,1.53334,2.25,1.50
2012.01.12 15:22:54.411,1.53322,1.53335,2.25,4.13
2012.01.12 15:22:55.037,1.53326,1.53336,1.50,1.50
2012.01.12 15:22:55.198,1.53331,1.53341,2.63,1.50
2012.01.12 15:22:55.344,1.53331,1.53341,2.63,1.50
2012.01.12 15:22:55.705,1.53332,1.53341,3.00,1.50
2012.01.12 15:22:55.784,1.53332,1.53343,3.00,1.50
2012.01.12 15:22:55.930,1.53333,1.53347,2.25,1.50
2012.01.12 15:22:56.655,1.53333,1.53347,2.25,1.50
2012.01.12 15:22:56.796,1.53332,1.53347,3.00,1.50
2012.01.12 15:22:56.938,1.53332,1.53347,3.00,2.25
2012.01.12 15:22:58.319,1.53333,1.53347,2.25,3.75
2012.01.12 15:22:58.387,1.53332,1.53345,3.00,1.50
2012.01.12 15:22:59.156,1.53332,1.53346,4.50,2.25
2012.01.12 15:22:59.506,1.53332,1.53344,4.50,1.50
2012.01.12 15:22:59.865,1.5333,1.53335,3.00,1.88
2012.01.12 15:22:59.944,1.53327,1.53335,1.05,4.88
2012.01.12 15:23:00.024,1.53324,1.5333,1.80,1.88
2012.01.12 15:23:00.170,1.53323,1.5333,3.75,4.13
2012.01.12 15:23:00.790,1.53321,1.53333,1.50,2.25
2012.01.12 15:23:00.937,1.53319,1.53333,2.25,2.25
2012.01.12 15:23:01.425,1.53321,1.53333,1.50,1.50
2012.01.12 15:23:01.642,1.53319,1.53333,2.25,1.50
2012.01.12 15:23:01.860,1.53322,1.53333,3.75,2.25
2012.01.12 15:23:02.218,1.53329,1.53341,1.50,1.59
2012.01.12 15:23:02.497,1.53327,1.53341,2.25,2.25
2012.01.12 15:23:02.917,1.53327,1.53341,2.25,1.50
2012.01.12 15:23:04.946,1.53327,1.5334,2.25,1.50
2012.01.12 15:23:05.156,1.53327,1.5334,2.25,4.88
2012.01.12 15:23:05.715,1.53327,1.5334,2.25,4.13
2012.01.12 15:23:06.288,1.53328,1.5334,2.25,4.13
2012.01.12 15:23:06.834,1.53328,1.5334,2.25,1.88
2012.01.12 15:23:07.631,1.53327,1.5334,2.25,4.13
2012.01.12 15:23:08.259,1.53326,1.5334,1.50,4.13
2012.01.12 15:23:08.756,1.53327,1.5334,2.25,4.13
2012.01.12 15:23:09.308,1.53326,1.5334,2.25,4.13
2012.01.12 15:23:10.297,1.53325,1.53339,2.25,2.25
2012.01.12 15:23:13.167,1.53323,1.53337,2.25,1.50
2012.01.12 15:23:15.195,1.53325,1.53339,2.25,2.25
2012.01.12 15:23:16.185,1.53325,1.53339,2.25,2.25
2012.01.12 15:23:17.589,1.53325,1.53339,2.25,2.25
2012.01.12 15:23:18.091,1.53327,1.53339,1.13,1.50
2012.01.12 15:23:18.174,1.53328,1.53339,1.58,1.50
2012.01.12 15:23:18.591,1.5333,1.53341,1.88,1.50
2012.01.12 15:23:18.810,1.5333,1.53343,1.88,1.50
2012.01.12 15:23:19.489,1.53331,1.53345,2.25,7.13
2012.01.12 15:23:20.368,1.53331,1.53345,2.25,6.38
2012.01.12 15:23:20.909,1.53331,1.53345,2.25,7.13
2012.01.12 15:23:21.121,1.53333,1.53345,2.25,4.88
2012.01.12 15:23:21.629,1.53337,1.53345,1.50,1.88
2012.01.12 15:23:21.792,1.53337,1.5335,2.25,4.88
2012.01.12 15:23:22.077,1.53337,1.5335,1.50,4.88
2012.01.12 15:23:22.614,1.53335,1.53349,2.25,2.25
2012.01.12 15:23:24.518,1.53335,1.53349,1.50,2.25
2012.01.12 15:23:25.243,1.53335,1.53349,1.50,2.59
2012.01.12 15:23:25.588,1.53331,1.53335,1.50,1.88
2012.01.12 15:23:25.658,1.53323,1.53335,5.25,3.38
2012.01.12 15:23:25.733,1.53321,1.53335,3.00,5.22
2012.01.12 15:23:25.811,1.53321,1.53334,2.25,1.09
2012.01.12 15:23:26.482,1.53319,1.5333,1.50,3.38
2012.01.12 15:23:26.627,1.53317,1.53329,2.25,1.50
2012.01.12 15:23:26.979,1.53319,1.5333,1.50,2.63
2012.01.12 15:23:27.341,1.53327,1.53333,2.25,1.50
2012.01.12 15:23:28.033,1.53327,1.53334,2.25,1.84
2012.01.12 15:23:28.129,1.53323,1.53334,1.50,1.84
2012.01.12 15:23:28.342,1.53321,1.53334,2.25,1.84
2012.01.12 15:23:28.906,1.53323,1.53334,1.50,1.84
2012.01.12 15:23:29.248,1.53328,1.53334,2.25,1.84
2012.01.12 15:23:29.975,1.53328,1.53334,2.25,1.09
2012.01.12 15:23:30.496,1.53327,1.53334,2.25,1.09
2012.01.12 15:23:30.910,1.53326,1.53334,2.25,1.84
2012.01.12 15:23:31.475,1.53325,1.53334,2.25,1.84
2012.01.12 15:23:31.958,1.53327,1.53334,2.25,1.84
2012.01.12 15:23:32.041,1.53323,1.53329,2.25,1.50
2012.01.12 15:23:32.186,1.53323,1.53333,2.25,1.50
2012.01.12 15:23:32.333,1.53319,1.53333,2.25,3.75
2012.01.12 15:23:32.410,1.53317,1.5333,3.00,3.00
2012.01.12 15:23:32.907,1.53314,1.53327,1.50,1.50
2012.01.12 15:23:33.118,1.53313,1.53327,3.00,1.50
2012.01.12 15:23:33.257,1.53315,1.53329,2.25,2.25
2012.01.12 15:23:33.547,1.53315,1.53329,2.25,5.25
2012.01.12 15:23:33.620,1.53313,1.53327,2.25,2.25
2012.01.12 15:23:38.429,1.53315,1.53327,2.25,2.25
2012.01.12 15:23:38.775,1.53318,1.53331,1.50,1.50
2012.01.12 15:23:39.620,1.53318,1.53331,1.50,1.50
2012.01.12 15:23:40.208,1.53318,1.53331,1.50,1.50
2012.01.12 15:23:41.154,1.53318,1.53331,1.50,1.50
2012.01.12 15:23:41.817,1.53318,1.53331,1.50,1.50
2012.01.12 15:23:42.781,1.53322,1.53333,1.50,5.25
2012.01.12 15:23:43.145,1.53327,1.53336,3.00,1.50
2012.01.12 15:23:43.897,1.53325,1.53338,2.25,2.25
2012.01.12 15:23:43.991,1.53325,1.53337,1.50,1.50
2012.01.12 15:23:44.542,1.53325,1.53338,2.25,2.25
2012.01.12 15:23:45.105,1.53325,1.53338,2.25,2.25
2012.01.12 15:23:46.032,1.53327,1.53339,1.50,1.50
2012.01.12 15:23:46.599,1.53327,1.53338,1.50,2.25
2012.01.12 15:23:47.230,1.53325,1.53338,2.25,2.25
2012.01.12 15:23:47.769,1.53325,1.53339,2.25,1.50
2012.01.12 15:23:48.511,1.53325,1.53339,2.25,1.50
2012.01.12 15:23:49.140,1.53324,1.53337,2.25,1.50
2012.01.12 15:23:49.286,1.53324,1.53337,2.25,1.50
2012.01.12 15:23:49.835,1.53323,1.53337,3.00,1.50
2012.01.12 15:23:49.967,1.53325,1.53339,2.25,1.50
2012.01.12 15:23:51.406,1.53325,1.53339,2.25,2.25
2012.01.12 15:23:51.620,1.53325,1.53339,2.25,1.50
2012.01.12 15:23:52.671,1.53325,1.53339,2.25,4.50
2012.01.12 15:23:53.206,1.53325,1.53339,2.25,3.75
2012.01.12 15:23:53.758,1.53323,1.53337,3.75,1.50
2012.01.12 15:23:54.070,1.5332,1.53327,1.13,1.50
2012.01.12 15:23:54.147,1.53318,1.53327,2.03,1.50
2012.01.12 15:23:54.705,1.53313,1.53327,2.25,1.50
2012.01.12 15:23:55.658,1.53313,1.53327,2.25,1.50
2012.01.12 15:23:55.738,1.53315,1.53329,2.25,1.50
2012.01.12 15:23:55.807,1.53313,1.53327,2.25,1.50
2012.01.12 15:23:55.947,1.53313,1.53327,2.25,2.25
2012.01.12 15:23:56.229,1.53313,1.53327,2.25,1.50
2012.01.12 15:23:57.219,1.53313,1.53327,2.25,2.25
2012.01.12 15:23:57.840,1.53313,1.53326,2.25,1.50
2012.01.12 15:23:58.119,1.53313,1.53327,3.00,3.00
2012.01.12 15:23:58.477,1.5331,1.53315,1.50,3.00
2012.01.12 15:23:58.554,1.53308,1.53314,1.05,3.00
2012.01.12 15:23:58.631,1.53307,1.53314,1.58,1.50
2012.01.12 15:23:58.706,1.53304,1.53316,2.93,3.00
2012.01.12 15:23:58.851,1.53308,1.53319,1.88,1.50
2012.01.12 15:23:58.930,1.53308,1.5332,4.13,5.97
2012.01.12 15:23:59.011,1.53312,1.53322,2.25,1.50
2012.01.12 15:23:59.591,1.53313,1.53323,1.50,2.65
2012.01.12 15:23:59.674,1.53309,1.53322,2.25,1.13
2012.01.12 15:23:59.810,1.53311,1.53323,1.50,1.45
2012.01.12 15:24:00.171,1.53313,1.53324,1.50,1.84
2012.01.12 15:24:00.728,1.53311,1.53324,2.25,1.50
2012.01.12 15:24:01.266,1.53311,1.53324,4.50,3.00
2012.01.12 15:24:01.721,1.53311,1.53324,6.00,3.00
2012.01.12 15:24:02.266,1.53313,1.53327,2.25,3.00
2012.01.12 15:24:02.677,1.53312,1.53325,1.50,2.25
2012.01.12 15:24:03.097,1.53314,1.53327,1.50,3.00
2012.01.12 15:24:04.625,1.53314,1.53325,1.50,5.22
2012.01.12 15:24:05.139,1.53313,1.53325,2.25,5.22
2012.01.12 15:24:05.678,1.53313,1.53325,2.25,5.97
2012.01.12 15:24:06.599,1.53314,1.53325,1.50,5.22
2012.01.12 15:24:06.955,1.53319,1.53329,1.88,1.50
2012.01.12 15:24:07.179,1.53323,1.53334,3.38,3.38
2012.01.12 15:24:07.393,1.53328,1.53336,3.00,3.75
2012.01.12 15:24:07.678,1.53328,1.53341,3.00,3.38
2012.01.12 15:24:08.285,1.53324,1.53331,1.50,2.25
2012.01.12 15:24:08.406,1.53323,1.5333,1.50,1.13
2012.01.12 15:24:08.553,1.53321,1.53331,1.50,3.00
2012.01.12 15:24:08.913,1.53319,1.53331,1.50,1.50
2012.01.12 15:24:09.740,1.53318,1.5333,2.63,1.13
2012.01.12 15:24:09.832,1.53316,1.53327,1.50,1.88
2012.01.12 15:24:11.812,1.53314,1.53327,2.25,4.13
2012.01.12 15:24:12.169,1.5332,1.53327,2.25,1.88
2012.01.12 15:24:12.519,1.5332,1.53327,3.00,1.88
2012.01.12 15:24:12.734,1.5332,1.53332,3.00,3.38
2012.01.12 15:24:12.952,1.53319,1.53332,2.25,4.88
2012.01.12 15:24:13.445,1.53319,1.53327,3.00,1.88
2012.01.12 15:24:13.536,1.53321,1.53332,2.25,1.88
2012.01.12 15:24:14.061,1.53322,1.53332,1.50,1.88
2012.01.12 15:24:15.195,1.53321,1.53327,1.50,1.88
2012.01.12 15:24:15.727,1.53318,1.53332,4.88,4.13
2012.01.12 15:24:15.802,1.53318,1.53332,6.38,3.38
2012.01.12 15:24:15.964,1.53326,1.53332,2.25,3.38
2012.01.12 15:24:16.175,1.5332,1.53332,1.50,3.38
2012.01.12 15:24:21.288,1.53321,1.53327,2.25,1.88
2012.01.12 15:24:22.065,1.53321,1.53332,2.25,1.88
2012.01.12 15:24:22.211,1.53319,1.53332,2.25,4.13
2012.01.12 15:24:22.715,1.53321,1.53327,4.50,1.88
2012.01.12 15:24:22.997,1.53321,1.53332,3.00,3.38
2012.01.12 15:24:23.213,1.5332,1.53327,2.25,1.88
2012.01.12 15:24:23.429,1.5332,1.53332,3.00,3.38
2012.01.12 15:24:26.096,1.53319,1.53332,2.25,2.63
2012.01.12 15:24:26.370,1.53319,1.53332,2.25,3.38
2012.01.12 15:24:26.729,1.53317,1.53327,2.25,1.88
2012.01.12 15:24:27.286,1.53316,1.53327,1.50,1.88
2012.01.12 15:24:27.973,1.53315,1.53327,2.25,1.88
2012.01.12 15:24:29.573,1.53315,1.53327,2.25,1.88
2012.01.12 15:24:30.451,1.53318,1.53328,2.63,2.25
2012.01.12 15:24:31.150,1.53318,1.53327,4.13,1.13
2012.01.12 15:24:31.444,1.53309,1.53317,1.50,1.88
2012.01.12 15:24:31.522,1.53309,1.53317,1.50,1.88
2012.01.12 15:24:31.601,1.53309,1.53322,3.00,3.46
2012.01.12 15:24:31.688,1.53313,1.53322,1.88,1.59
2012.01.12 15:24:32.539,1.53313,1.53323,1.88,2.25
2012.01.12 15:24:33.037,1.53313,1.53325,1.88,2.25
2012.01.12 15:24:33.456,1.53313,1.53321,1.88,1.50
2012.01.12 15:24:34.704,1.53309,1.53316,4.50,1.09
2012.01.12 15:24:34.797,1.53303,1.53312,1.50,1.88
2012.01.12 15:24:38.318,1.53302,1.5331,1.50,1.13
2012.01.12 15:24:38.773,1.53299,1.5331,1.13,1.50
2012.01.12 15:24:38.855,1.53298,1.5331,3.75,2.25
2012.01.12 15:24:39.007,1.53296,1.53307,4.88,1.88
2012.01.12 15:24:39.776,1.53296,1.53307,1.50,2.63
2012.01.12 15:24:39.872,1.53298,1.53307,1.50,2.63
2012.01.12 15:24:40.374,1.53298,1.53307,1.50,2.63
2012.01.12 15:24:40.798,1.53296,1.53307,1.50,2.63
2012.01.12 15:24:41.458,1.53298,1.53307,1.50,1.88
2012.01.12 15:24:41.771,1.53302,1.53312,1.50,3.75
2012.01.12 15:24:41.853,1.53302,1.53312,1.50,3.75
2012.01.12 15:24:42.551,1.53302,1.53312,1.50,1.88
2012.01.12 15:24:43.134,1.53302,1.53312,1.50,2.63
2012.01.12 15:24:43.279,1.53299,1.53312,3.00,2.63
2012.01.12 15:24:43.493,1.53299,1.53312,2.25,2.63
2012.01.12 15:24:43.852,1.53298,1.53307,3.75,1.88
2012.01.12 15:24:44.740,1.53297,1.53307,2.25,1.88
2012.01.12 15:24:44.955,1.53297,1.53302,1.50,1.88
2012.01.12 15:24:45.119,1.53295,1.53302,2.25,1.88
2012.01.12 15:24:45.623,1.53293,1.53304,4.13,1.50
2012.01.12 15:24:46.219,1.53293,1.53306,3.00,1.50
2012.01.12 15:24:46.337,1.53295,1.53307,1.50,3.38
2012.01.12 15:24:46.552,1.53293,1.53307,3.38,4.88
2012.01.12 15:24:47.105,1.53293,1.53307,4.13,4.88
2012.01.12 15:24:47.246,1.53295,1.53307,1.50,2.63
2012.01.12 15:24:48.154,1.53293,1.53307,3.38,7.13
2012.01.12 15:24:48.240,1.53293,1.53302,2.25,1.88
2012.01.12 15:24:48.453,1.53291,1.53302,2.25,1.88
2012.01.12 15:24:48.809,1.53289,1.53301,1.50,3.75
2012.01.12 15:24:49.649,1.53288,1.53299,2.63,1.50
2012.01.12 15:24:49.860,1.53288,1.53301,2.63,3.00
2012.01.12 15:24:50.294,1.53287,1.53298,3.00,3.00
2012.01.12 15:24:50.631,1.53287,1.53298,1.50,1.50
2012.01.12 15:24:50.937,1.53288,1.53299,2.25,2.25
2012.01.12 15:24:51.485,1.53294,1.533,1.50,3.38
2012.01.12 15:24:51.640,1.53294,1.53302,1.50,1.13
2012.01.12 15:24:52.279,1.53293,1.53306,4.13,2.25
2012.01.12 15:24:52.446,1.53293,1.53306,4.13,1.50
2012.01.12 15:24:53.133,1.53293,1.53306,4.13,1.50
2012.01.12 15:24:53.376,1.53291,1.53304,2.25,1.59
2012.01.12 15:24:53.454,1.53291,1.53304,2.25,1.50
2012.01.12 15:24:53.807,1.53291,1.53305,2.25,3.75
2012.01.12 15:24:53.881,1.53291,1.53305,2.25,3.75
2012.01.12 15:24:54.169,1.53293,1.53305,2.63,2.25
2012.01.12 15:24:54.759,1.53294,1.53307,1.50,4.13
2012.01.12 15:24:55.112,1.53294,1.53307,2.25,2.63
2012.01.12 15:24:55.707,1.53294,1.53307,2.25,1.88
2012.01.12 15:24:55.854,1.53294,1.53307,2.25,6.38
2012.01.12 15:24:56.211,1.53292,1.53302,2.25,1.88
2012.01.12 15:24:56.863,1.53288,1.533,3.75,1.50
2012.01.12 15:24:56.958,1.53288,1.53297,2.25,3.75
2012.01.12 15:24:57.463,1.53287,1.53297,1.50,6.38
2012.01.12 15:24:57.829,1.53288,1.533,4.13,2.63
2012.01.12 15:24:59.006,1.53293,1.53306,2.63,2.25
2012.01.12 15:24:59.546,1.53294,1.53307,2.25,1.88
2012.01.12 15:25:00.500,1.53294,1.53307,2.25,1.88
2012.01.12 15:25:01.163,1.53294,1.53307,2.25,1.88
2012.01.12 15:25:01.895,1.53294,1.53307,2.25,1.88
2012.01.12 15:25:02.315,1.53293,1.53306,2.63,1.50
2012.01.12 15:25:02.856,1.53293,1.53306,2.63,1.50
2012.01.12 15:25:03.733,1.53293,1.53302,2.63,1.50
2012.01.12 15:25:03.822,1.53293,1.53306,2.63,2.25
2012.01.12 15:25:03.899,1.53295,1.53307,2.25,4.88
2012.01.12 15:25:04.109,1.53293,1.53307,2.63,4.13
2012.01.12 15:25:04.468,1.53296,1.53304,1.88,1.50
2012.01.12 15:25:04.821,1.53297,1.53307,3.75,3.38
2012.01.12 15:25:04.973,1.53293,1.53307,4.13,4.13
2012.01.12 15:25:05.493,1.53293,1.53306,2.63,2.25
2012.01.12 15:25:05.805,1.53293,1.53306,2.63,1.50
2012.01.12 15:25:06.379,1.53293,1.53306,2.63,1.50
2012.01.12 15:25:06.941,1.53295,1.53305,1.50,1.50
2012.01.12 15:25:07.651,1.53293,1.53305,3.38,1.50
2012.01.12 15:25:08.415,1.53293,1.53305,2.63,2.25
2012.01.12 15:25:08.968,1.53293,1.53305,2.63,1.50
2012.01.12 15:25:09.114,1.53293,1.53305,1.88,2.25
2012.01.12 15:25:09.773,1.53293,1.53306,2.63,2.25
2012.01.12 15:25:10.132,1.53294,1.533,1.50,2.25
2012.01.12 15:25:10.424,1.53294,1.53302,1.50,3.38
2012.01.12 15:25:10.501,1.53294,1.53302,1.50,4.13
2012.01.12 15:25:10.874,1.53289,1.53299,1.50,1.50
2012.01.12 15:25:11.413,1.53288,1.533,2.63,1.88
2012.01.12 15:25:11.575,1.53288,1.533,2.63,1.88
2012.01.12 15:25:12.140,1.53288,1.53301,2.63,4.13
2012.01.12 15:25:12.641,1.53288,1.53301,4.13,3.75
2012.01.12 15:25:13.216,1.53294,1.53307,2.25,3.00
2012.01.12 15:25:13.350,1.53293,1.53307,2.63,2.63
2012.01.12 15:25:13.642,1.53299,1.5331,1.50,4.47
2012.01.12 15:25:13.862,1.53303,1.53312,2.63,1.50
2012.01.12 15:25:13.940,1.53303,1.5331,2.63,1.13
2012.01.12 15:25:14.091,1.53303,1.5331,1.88,1.50
2012.01.12 15:25:14.617,1.53304,1.5331,1.50,1.13
2012.01.12 15:25:14.724,1.53303,1.53312,4.13,1.13
2012.01.12 15:25:14.806,1.53303,1.53316,4.13,2.25
2012.01.12 15:25:15.366,1.53303,1.53316,2.63,2.25
2012.01.12 15:25:15.508,1.53303,1.53316,2.63,2.25
2012.01.12 15:25:16.340,1.53303,1.53314,2.63,2.25
2012.01.12 15:25:16.837,1.53303,1.53316,3.38,3.00
2012.01.12 15:25:16.983,1.53303,1.53312,1.50,1.88
2012.01.12 15:25:17.198,1.53303,1.53316,2.63,2.25
2012.01.12 15:25:17.481,1.53302,1.53312,3.00,1.88
2012.01.12 15:25:18.203,1.53304,1.53312,2.25,1.88
2012.01.12 15:25:18.707,1.53302,1.53312,1.50,1.88
2012.01.12 15:25:18.917,1.533,1.5331,2.25,2.25
2012.01.12 15:25:20.088,1.53298,1.53312,4.13,3.38
2012.01.12 15:25:20.954,1.53298,1.53307,1.50,1.88
2012.01.12 15:25:21.029,1.53298,1.53307,2.25,1.88
2012.01.12 15:25:21.105,1.53298,1.53307,2.25,1.88
2012.01.12 15:25:21.392,1.53298,1.5331,2.63,4.50
2012.01.12 15:25:22.007,1.53298,1.53306,4.13,2.25
2012.01.12 15:25:22.091,1.53298,1.53306,2.63,2.25
2012.01.12 15:25:22.453,1.53299,1.53306,1.50,2.25
2012.01.12 15:25:22.679,1.53299,1.53304,1.50,2.25
2012.01.12 15:25:22.750,1.53299,1.53308,1.50,2.25
2012.01.12 15:25:23.602,1.53298,1.53308,1.50,2.25
2012.01.12 15:25:23.691,1.53298,1.5331,1.50,1.50
2012.01.12 15:25:24.117,1.533,1.5331,1.50,1.50
2012.01.12 15:25:24.468,1.533,1.5331,1.50,1.50
2012.01.12 15:25:24.538,1.533,1.5331,1.50,1.50
2012.01.12 15:25:25.407,1.533,1.5331,1.50,1.50
2012.01.12 15:25:25.958,1.53299,1.5331,1.50,2.25
2012.01.12 15:25:26.030,1.53298,1.53309,1.50,2.25
2012.01.12 15:25:26.324,1.53299,1.53308,1.50,1.50
2012.01.12 15:25:27.206,1.53296,1.53307,2.25,1.88
2012.01.12 15:25:27.700,1.53296,1.53307,2.25,1.88
2012.01.12 15:25:28.257,1.53296,1.53307,2.25,1.88
2012.01.12 15:25:28.779,1.53296,1.53307,2.25,1.88
2012.01.12 15:25:29.182,1.53295,1.53306,2.25,1.88
2012.01.12 15:25:29.406,1.53292,1.533,1.50,2.63
2012.01.12 15:25:30.300,1.53291,1.53301,1.50,2.63
2012.01.12 15:25:30.465,1.53291,1.53302,2.25,5.25
2012.01.12 15:25:30.886,1.53291,1.53302,2.25,2.63
2012.01.12 15:25:32.329,1.5329,1.53298,1.50,2.25
2012.01.12 15:25:32.677,1.5329,1.53296,2.25,2.25
2012.01.12 15:25:32.748,1.5329,1.53298,2.25,2.25
2012.01.12 15:25:33.273,1.5329,1.53297,1.50,2.25
2012.01.12 15:25:33.558,1.53289,1.53296,3.00,2.25
2012.01.12 15:25:33.630,1.53289,1.533,3.00,2.63
2012.01.12 15:25:33.696,1.5329,1.533,1.50,2.63
2012.01.12 15:25:34.239,1.5329,1.533,1.50,2.63
2012.01.12 15:25:34.331,1.53297,1.53307,1.50,2.63
2012.01.12 15:25:34.831,1.53295,1.53307,2.25,1.88
2012.01.12 15:25:35.330,1.53293,1.53305,2.63,1.50
2012.01.12 15:25:35.889,1.53293,1.53306,4.13,1.50
2012.01.12 15:25:36.448,1.53293,1.53306,4.13,1.50
2012.01.12 15:25:36.999,1.53293,1.53306,4.13,2.25
2012.01.12 15:25:37.592,1.53293,1.53306,2.63,3.75
2012.01.12 15:25:38.096,1.53293,1.53306,2.63,3.75
2012.01.12 15:25:40.023,1.53292,1.53302,3.00,1.88
2012.01.12 15:25:40.393,1.53295,1.53302,1.50,1.88
2012.01.12 15:25:41.163,1.53294,1.53307,2.63,3.00
2012.01.12 15:25:41.238,1.53294,1.53308,1.88,2.63
2012.01.12 15:25:41.707,1.53294,1.53305,1.88,1.50
2012.01.12 15:25:41.777,1.53292,1.53304,2.25,1.50
2012.01.12 15:25:41.849,1.53289,1.53304,7.88,1.50
2012.01.12 15:25:42.405,1.53289,1.53304,4.88,1.50
2012.01.12 15:25:43.116,1.53289,1.53303,4.13,3.38
2012.01.12 15:25:44.247,1.53289,1.53303,4.13,3.38
2012.01.12 15:25:44.841,1.53289,1.53303,4.13,4.13
2012.01.12 15:25:44.929,1.53289,1.53303,4.13,3.38
2012.01.12 15:25:45.500,1.53289,1.53303,4.13,3.38
2012.01.12 15:25:46.456,1.53289,1.53303,4.13,4.13
2012.01.12 15:25:48.619,1.5329,1.53301,1.50,1.50
2012.01.12 15:25:49.924,1.53289,1.53301,2.63,1.50
2012.01.12 15:25:50.748,1.53289,1.53301,2.63,3.00
2012.01.12 15:25:50.886,1.53289,1.53301,4.13,1.50
2012.01.12 15:25:51.935,1.53289,1.53301,2.63,1.50
2012.01.12 15:25:52.568,1.53289,1.53297,1.13,3.38
2012.01.12 15:25:52.672,1.53289,1.533,3.38,1.50
2012.01.12 15:25:52.756,1.53291,1.53302,2.25,2.63
2012.01.12 15:25:53.330,1.53289,1.53302,4.88,1.88
2012.01.12 15:25:53.887,1.53289,1.53302,3.38,1.88
2012.01.12 15:25:54.636,1.53293,1.53302,3.00,1.88
2012.01.12 15:25:54.781,1.53293,1.53304,2.63,1.50
2012.01.12 15:25:55.347,1.53293,1.53305,2.63,1.50
2012.01.12 15:25:55.617,1.53293,1.53305,2.63,2.25
2012.01.12 15:25:55.970,1.53285,1.53298,1.50,1.50
2012.01.12 15:25:58.211,1.53286,1.53297,2.25,1.88
2012.01.12 15:25:58.785,1.53284,1.53297,3.00,2.63
2012.01.12 15:25:59.488,1.53284,1.53297,3.00,2.63
2012.01.12 15:25:59.708,1.53284,1.53297,3.00,2.63
2012.01.12 15:26:01.024,1.53284,1.53297,3.00,1.88
2012.01.12 15:26:01.631,1.53284,1.53297,3.00,1.88
2012.01.12 15:26:02.398,1.53284,1.53297,3.00,1.88
2012.01.12 15:26:02.469,1.53284,1.53297,3.00,1.88
2012.01.12 15:26:03.017,1.53284,1.53296,1.50,1.50
2012.01.12 15:26:04.595,1.53284,1.53297,3.00,1.88
2012.01.12 15:26:05.138,1.53284,1.53297,3.00,1.88
2012.01.12 15:26:05.658,1.53287,1.53297,2.25,1.88
2012.01.12 15:26:06.205,1.53295,1.533,2.63,3.00
2012.01.12 15:26:06.424,1.53298,1.53306,3.38,1.50
2012.01.12 15:26:07.172,1.53298,1.53311,4.13,1.50
2012.01.12 15:26:07.250,1.533,1.53312,1.50,2.63
2012.01.12 15:26:07.387,1.53298,1.53311,3.38,2.25
2012.01.12 15:26:07.801,1.533,1.53312,1.50,2.63
2012.01.12 15:26:08.159,1.53306,1.53313,1.88,1.50
2012.01.12 15:26:08.372,1.53307,1.53316,3.75,2.20
2012.01.12 15:26:08.657,1.53308,1.5332,2.63,1.13
2012.01.12 15:26:08.728,1.53313,1.5332,1.88,1.13
2012.01.12 15:26:08.804,1.53313,1.5332,1.88,1.13
2012.01.12 15:26:09.384,1.53308,1.53319,2.63,2.25
2012.01.12 15:26:10.162,1.53308,1.53319,2.63,2.25
2012.01.12 15:26:11.079,1.53308,1.53321,4.88,1.88
2012.01.12 15:26:11.607,1.53309,1.53321,1.50,1.50
2012.01.12 15:26:12.844,1.5331,1.53322,1.50,4.88
2012.01.12 15:26:14.029,1.5331,1.53322,1.50,3.38
2012.01.12 15:26:14.559,1.5331,1.5332,1.50,1.50
2012.01.12 15:26:15.826,1.5331,1.53322,1.50,3.38
2012.01.12 15:26:16.126,1.53311,1.53322,1.50,3.75
2012.01.12 15:26:16.646,1.53314,1.53325,1.50,1.13
2012.01.12 15:26:16.729,1.53314,1.53325,1.50,1.59
2012.01.12 15:26:16.803,1.53313,1.53323,4.13,2.25
2012.01.12 15:26:16.879,1.53311,1.53321,3.00,1.50
2012.01.12 15:26:17.741,1.53311,1.53322,2.25,1.88
2012.01.12 15:26:18.295,1.53311,1.53322,1.50,3.38
2012.01.12 15:26:18.814,1.53311,1.53322,1.50,3.38
2012.01.12 15:26:19.286,1.53309,1.53321,1.50,1.50
2012.01.12 15:26:19.796,1.53309,1.53322,1.50,5.63
2012.01.12 15:26:21.331,1.53309,1.53321,1.50,1.50
2012.01.12 15:26:21.692,1.53313,1.5332,1.88,2.25
2012.01.12 15:26:21.844,1.53313,1.53324,1.88,1.50
2012.01.12 15:26:21.918,1.53316,1.53325,2.63,3.00
2012.01.12 15:26:22.067,1.53316,1.53327,4.88,3.00
2012.01.12 15:26:22.285,1.53316,1.53327,3.75,1.88
2012.01.12 15:26:22.637,1.53316,1.53326,1.50,1.50
2012.01.12 15:26:23.537,1.53313,1.53326,4.13,3.75
2012.01.12 15:26:23.609,1.53313,1.53324,4.13,1.50
2012.01.12 15:26:23.752,1.53311,1.53322,3.00,1.88
2012.01.12 15:26:23.904,1.53308,1.5332,2.63,1.50
2012.01.12 15:26:24.128,1.53308,1.5332,2.63,2.63
2012.01.12 15:26:24.205,1.53307,1.53317,3.75,1.88
2012.01.12 15:26:24.353,1.53306,1.53317,3.00,1.88
2012.01.12 15:26:24.795,1.53303,1.53316,4.13,2.25
2012.01.12 15:26:25.253,1.53303,1.53312,1.50,1.88
2012.01.12 15:26:25.342,1.53301,1.53312,1.50,3.38
2012.01.12 15:26:25.487,1.53302,1.53312,3.00,2.63
2012.01.12 15:26:26.119,1.53298,1.53311,4.13,1.13
2012.01.12 15:26:26.266,1.533,1.53312,2.25,1.88
2012.01.12 15:26:26.475,1.53298,1.5331,4.13,1.13
2012.01.12 15:26:27.539,1.53298,1.5331,3.38,1.50
2012.01.12 15:26:28.111,1.53298,1.5331,4.24,2.25
2012.01.12 15:26:28.346,1.53308,1.53315,1.88,1.45
2012.01.12 15:26:28.489,1.53308,1.53318,1.88,1.50
2012.01.12 15:26:29.097,1.53308,1.53317,1.88,2.25
2012.01.12 15:26:29.243,1.53308,1.53317,1.88,2.25
2012.01.12 15:26:29.936,1.53308,1.53317,1.88,2.25
2012.01.12 15:26:30.858,1.53308,1.53317,1.88,1.50
2012.01.12 15:26:32.126,1.53308,1.53319,1.88,2.25
2012.01.12 15:26:34.474,1.53308,1.53319,1.88,2.25
2012.01.12 15:26:34.778,1.53313,1.53321,1.88,2.63
2012.01.12 15:26:35.549,1.53313,1.53323,1.88,1.88
2012.01.12 15:26:36.214,1.53313,1.53323,1.88,2.25
2012.01.12 15:26:37.360,1.53313,1.53323,3.75,1.50
2012.01.12 15:26:37.706,1.53313,1.53321,2.63,1.50
2012.01.12 15:26:37.874,1.53313,1.53323,3.38,1.50
2012.01.12 15:26:37.968,1.53315,1.53323,1.50,1.50
2012.01.12 15:26:38.563,1.53322,1.53327,2.25,3.00
2012.01.12 15:26:38.722,1.53323,1.5333,1.88,1.88
2012.01.12 15:26:38.808,1.53323,1.5333,1.88,1.13
2012.01.12 15:26:39.170,1.53323,1.53328,1.88,1.50
2012.01.12 15:26:40.207,1.53323,1.5333,1.88,1.50
2012.01.12 15:26:40.316,1.53323,1.53334,2.63,1.50
2012.01.12 15:26:40.393,1.53323,1.53332,2.63,1.50
2012.01.12 15:26:40.737,1.53323,1.53329,1.88,1.50
2012.01.12 15:26:40.809,1.53323,1.53332,1.88,1.50
2012.01.12 15:26:41.298,1.53323,1.53334,1.88,3.75
2012.01.12 15:26:41.375,1.53323,1.53332,1.88,1.50
2012.01.12 15:26:41.529,1.53323,1.53334,1.88,2.25
2012.01.12 15:26:42.626,1.53323,1.53334,4.13,2.25
2012.01.12 15:26:42.784,1.53324,1.53336,1.88,2.25
2012.01.12 15:26:43.206,1.53325,1.53337,2.25,4.13
2012.01.12 15:26:43.878,1.53328,1.53339,1.88,4.50
2012.01.12 15:26:43.986,1.53325,1.53337,1.50,4.13
2012.01.12 15:26:44.067,1.53325,1.53337,1.50,4.13
2012.01.12 15:26:44.144,1.53325,1.53335,1.50,2.25
2012.01.12 15:26:44.446,1.53323,1.53335,2.63,2.25
2012.01.12 15:26:44.665,1.53323,1.53332,1.88,1.50
2012.01.12 15:26:45.403,1.53316,1.53327,3.00,2.63
2012.01.12 15:26:45.627,1.53316,1.53325,1.50,1.50
2012.01.12 15:26:45.697,1.53314,1.53325,2.25,1.50
2012.01.12 15:26:46.244,1.53313,1.53325,3.38,1.50
2012.01.12 15:26:47.859,1.53314,1.53325,2.25,1.50
2012.01.12 15:26:48.348,1.53315,1.53323,1.50,1.50
2012.01.12 15:26:48.416,1.53315,1.53325,1.50,1.50
2012.01.12 15:26:48.485,1.53315,1.53327,1.50,1.88
2012.01.12 15:26:48.716,1.53322,1.53328,2.63,2.95
2012.01.12 15:26:48.861,1.5333,1.53336,1.50,3.38
2012.01.12 15:26:48.941,1.53333,1.5334,1.88,1.50
2012.01.12 15:26:49.231,1.53328,1.53339,3.38,1.50
2012.01.12 15:26:49.786,1.53331,1.53342,1.50,2.63
2012.01.12 15:26:49.862,1.53333,1.53344,2.63,4.50
2012.01.12 15:26:50.005,1.53334,1.53344,2.25,3.00
2012.01.12 15:26:50.217,1.53335,1.53346,1.50,1.50
2012.01.12 15:26:51.661,1.53334,1.53347,6.60,2.63
2012.01.12 15:26:52.383,1.53334,1.53345,1.50,1.13
2012.01.12 15:26:52.473,1.5333,1.53345,1.50,1.45
2012.01.12 15:26:53.098,1.5333,1.53343,1.50,1.50
2012.01.12 15:26:53.665,1.5333,1.53345,1.50,2.20
2012.01.12 15:26:54.227,1.5333,1.53342,1.50,1.88
2012.01.12 15:26:55.046,1.53329,1.53342,2.25,4.13
2012.01.12 15:26:56.298,1.53329,1.53342,2.25,1.88
2012.01.12 15:26:56.639,1.53331,1.53342,1.50,1.88
2012.01.12 15:26:58.516,1.53329,1.53342,4.24,1.88
2012.01.12 15:26:59.115,1.53328,1.53342,2.63,1.88
2012.01.12 15:27:00.389,1.53328,1.53339,1.88,2.25
2012.01.12 15:27:00.539,1.53328,1.53339,1.88,2.25
2012.01.12 15:27:01.050,1.53328,1.53335,1.88,2.25
2012.01.12 15:27:01.965,1.53328,1.53337,1.88,2.25
2012.01.12 15:27:04.819,1.53328,1.5334,2.63,2.25
2012.01.12 15:27:05.235,1.53329,1.5334,2.25,2.25
2012.01.12 15:27:08.899,1.53328,1.53341,3.38,2.25
2012.01.12 15:27:11.085,1.53329,1.5334,2.25,3.75
2012.01.12 15:27:11.769,1.53329,1.5334,2.25,2.25
2012.01.12 15:27:12.238,1.5333,1.5334,1.50,2.25
2012.01.12 15:27:12.767,1.53328,1.53338,4.13,2.25
2012.01.12 15:27:14.741,1.53328,1.53336,4.13,1.50
2012.01.12 15:27:15.266,1.53328,1.53336,1.88,1.50
2012.01.12 15:27:15.353,1.53327,1.53336,1.24,2.25
2012.01.12 15:27:15.947,1.53323,1.53336,6.75,2.25
2012.01.12 15:27:16.081,1.53316,1.53323,2.18,3.75
2012.01.12 15:27:16.380,1.53313,1.53321,2.63,2.25
2012.01.12 15:27:16.526,1.53313,1.53324,3.38,2.25
2012.01.12 15:27:17.503,1.53313,1.53322,1.88,2.25
2012.01.12 15:27:18.066,1.53313,1.53325,1.88,2.95
2012.01.12 15:27:18.419,1.53313,1.53323,1.88,2.25
2012.01.12 15:27:18.968,1.53313,1.53323,1.88,2.25
2012.01.12 15:27:19.781,1.53313,1.53323,2.63,2.25
2012.01.12 15:27:20.125,1.53314,1.53323,1.50,2.25
2012.01.12 15:27:23.577,1.53313,1.53324,4.88,1.50
2012.01.12 15:27:24.127,1.53313,1.53324,3.38,2.25
2012.01.12 15:27:25.012,1.53318,1.53326,1.88,1.50
2012.01.12 15:27:25.379,1.53318,1.53328,1.88,1.50
2012.01.12 15:27:25.665,1.53317,1.53327,3.75,2.63
2012.01.12 15:27:25.810,1.53317,1.53327,3.00,2.63
2012.01.12 15:27:26.316,1.53317,1.53324,3.00,1.50
2012.01.12 15:27:26.468,1.53316,1.53324,2.25,1.50
2012.01.12 15:27:27.095,1.53313,1.53319,1.88,1.50
2012.01.12 15:27:27.394,1.53313,1.53322,2.63,2.25
2012.01.12 15:27:27.485,1.53317,1.53322,1.88,2.25
2012.01.12 15:27:27.565,1.53317,1.53325,1.88,1.50
2012.01.12 15:27:28.015,1.53314,1.53325,5.25,2.25
2012.01.12 15:27:28.608,1.53314,1.53325,4.50,1.50
2012.01.12 15:27:28.911,1.53315,1.53322,1.50,1.50
2012.01.12 15:27:29.269,1.53313,1.53322,3.38,1.50
2012.01.12 15:27:29.477,1.53313,1.53322,1.88,1.50
2012.01.12 15:27:29.829,1.53312,1.53318,2.25,1.50
2012.01.12 15:27:30.371,1.53306,1.5331,1.50,1.88
2012.01.12 15:27:30.462,1.53298,1.53302,1.50,1.50
2012.01.12 15:27:30.638,1.53293,1.53306,1.88,1.50
2012.01.12 15:27:30.724,1.53293,1.53306,3.38,3.00
2012.01.12 15:27:32.148,1.53293,1.53302,1.88,1.50
2012.01.12 15:27:32.657,1.53293,1.53304,1.88,1.50
2012.01.12 15:27:32.730,1.53293,1.53304,1.88,1.88
2012.01.12 15:27:33.356,1.53292,1.53301,2.25,1.13
2012.01.12 15:27:33.905,1.53288,1.53294,3.75,1.50
2012.01.12 15:27:34.423,1.53288,1.53296,1.88,1.50
2012.01.12 15:27:34.731,1.53288,1.53297,1.88,3.00
2012.01.12 15:27:35.594,1.53288,1.53296,1.88,1.50
2012.01.12 15:27:36.310,1.53288,1.53297,1.88,2.25
2012.01.12 15:27:36.386,1.53288,1.53297,1.88,3.75
2012.01.12 15:27:36.668,1.53285,1.53297,2.25,4.13
2012.01.12 15:27:37.267,1.53285,1.53295,1.50,2.25
2012.01.12 15:27:37.478,1.53282,1.53295,1.50,2.25
2012.01.12 15:27:38.042,1.53281,1.53295,2.25,2.25
2012.01.12 15:27:38.667,1.53281,1.53295,2.25,2.25
2012.01.12 15:27:39.280,1.53283,1.53293,2.63,3.00
2012.01.12 15:27:39.572,1.53283,1.53295,4.13,1.50
2012.01.12 15:27:39.725,1.53283,1.53297,4.13,4.88
2012.01.12 15:27:40.225,1.53283,1.53297,4.13,4.13
2012.01.12 15:27:41.195,1.53283,1.53292,2.63,1.50
2012.01.12 15:27:41.734,1.53283,1.53292,2.63,1.50
2012.01.12 15:27:42.285,1.53283,1.53294,2.63,2.25
2012.01.12 15:27:42.814,1.53283,1.53294,1.88,3.00
2012.01.12 15:27:43.445,1.53283,1.53294,2.63,2.25
2012.01.12 15:27:44.236,1.53283,1.53294,2.63,2.25
2012.01.12 15:27:45.163,1.53283,1.53293,2.63,2.25
2012.01.12 15:27:46.790,1.53283,1.53295,2.63,2.25
2012.01.12 15:27:47.033,1.53283,1.53295,2.63,2.25
2012.01.12 15:27:47.187,1.53284,1.53295,1.50,2.25
2012.01.12 15:27:47.790,1.53285,1.53295,1.50,2.25
2012.01.12 15:27:47.889,1.53284,1.53295,3.00,2.25
2012.01.12 15:27:48.451,1.53284,1.53295,2.25,2.25
2012.01.12 15:27:49.005,1.53284,1.53297,2.25,4.13
2012.01.12 15:27:49.639,1.53284,1.53297,2.25,4.13
2012.01.12 15:27:50.072,1.53284,1.53297,2.25,4.13
2012.01.12 15:27:50.768,1.53284,1.53297,2.25,4.13
2012.01.12 15:27:51.180,1.53284,1.53297,2.25,4.13
2012.01.12 15:27:51.709,1.53285,1.53297,2.25,3.38
2012.01.12 15:27:51.806,1.53288,1.53296,2.63,1.50
2012.01.12 15:27:52.308,1.53288,1.53298,3.38,2.25
2012.01.12 15:27:53.028,1.53287,1.533,3.00,5.25
2012.01.12 15:27:53.845,1.53288,1.533,2.63,3.75
2012.01.12 15:27:53.937,1.5329,1.53302,1.13,6.38
2012.01.12 15:27:54.008,1.53293,1.53302,1.88,4.50
2012.01.12 15:27:54.366,1.53293,1.53303,1.88,1.50
2012.01.12 15:27:54.588,1.53293,1.53305,4.13,1.50
2012.01.12 15:27:54.660,1.53293,1.53305,2.63,3.00
2012.01.12 15:27:55.481,1.53293,1.53304,1.88,2.25
2012.01.12 15:27:56.015,1.53293,1.53304,1.88,1.50
2012.01.12 15:27:56.570,1.53293,1.53304,1.88,1.50
2012.01.12 15:27:57.176,1.53293,1.53302,1.88,2.25
2012.01.12 15:27:58.017,1.53293,1.53302,1.88,2.25
2012.01.12 15:27:58.590,1.53293,1.53304,1.88,2.25
2012.01.12 15:27:59.418,1.53293,1.53304,1.88,1.50
2012.01.12 15:28:00.051,1.53293,1.53302,1.88,2.25
2012.01.12 15:28:00.559,1.53293,1.53306,2.63,2.25
2012.01.12 15:28:00.630,1.53295,1.53307,1.50,2.63
2012.01.12 15:28:01.796,1.53295,1.53307,1.50,2.63
2012.01.12 15:28:02.530,1.53293,1.53307,5.85,4.13
2012.01.12 15:28:03.078,1.53294,1.53307,1.73,4.13
2012.01.12 15:28:03.659,1.53293,1.53307,5.85,4.13
2012.01.12 15:28:04.025,1.53293,1.53303,3.60,1.50
2012.01.12 15:28:04.230,1.53293,1.53305,3.60,1.50
2012.01.12 15:28:05.151,1.53293,1.53306,4.35,2.25
2012.01.12 15:28:06.868,1.53293,1.53304,2.10,2.25
2012.01.12 15:28:08.526,1.53293,1.53306,2.10,2.25
2012.01.12 15:28:09.069,1.53293,1.53306,2.10,2.25
2012.01.12 15:28:09.966,1.53293,1.53306,2.10,2.25
2012.01.12 15:28:10.897,1.53293,1.53304,2.10,2.25
2012.01.12 15:28:11.110,1.53289,1.53303,1.35,2.25
2012.01.12 15:28:11.189,1.53293,1.53303,1.88,3.00
2012.01.12 15:28:11.750,1.53293,1.53304,1.88,2.25
2012.01.12 15:28:12.458,1.53292,1.53304,2.25,1.50
2012.01.12 15:28:12.540,1.53288,1.53304,4.13,2.20
2012.01.12 15:28:12.608,1.53288,1.53305,3.38,4.07
2012.01.12 15:28:13.136,1.53288,1.53304,4.88,2.20
2012.01.12 15:28:13.208,1.53291,1.53305,1.50,4.45
2012.01.12 15:28:13.277,1.53291,1.53304,2.25,1.45
2012.01.12 15:28:13.428,1.53295,1.53302,1.50,1.88
2012.01.12 15:28:13.567,1.53293,1.53302,1.50,1.88
2012.01.12 15:28:13.713,1.53293,1.53297,1.50,1.88
2012.01.12 15:28:13.801,1.5329,1.53297,1.50,1.88
2012.01.12 15:28:13.948,1.53289,1.53297,2.25,1.88
2012.01.12 15:28:14.901,1.53288,1.53297,2.25,1.88
2012.01.12 15:28:15.665,1.53288,1.53297,2.25,1.88
2012.01.12 15:28:16.011,1.53288,1.53297,2.25,1.88
2012.01.12 15:28:16.456,1.53287,1.53297,1.35,1.88
2012.01.12 15:28:17.104,1.53283,1.53296,1.88,1.50
2012.01.12 15:28:17.872,1.53286,1.53297,1.50,2.63
2012.01.12 15:28:18.280,1.53283,1.53297,4.13,4.13
2012.01.12 15:28:20.143,1.53283,1.53297,2.63,3.38
2012.01.12 15:28:20.794,1.53282,1.53295,2.25,2.25
2012.01.12 15:28:20.938,1.53279,1.53292,4.13,2.25
2012.01.12 15:28:21.448,1.53279,1.53292,4.13,2.25
2012.01.12 15:28:22.397,1.5328,1.53293,2.25,4.88
2012.01.12 15:28:23.011,1.5328,1.53293,1.50,4.88
2012.01.12 15:28:23.557,1.53279,1.53293,3.38,4.13
2012.01.12 15:28:24.107,1.53279,1.53293,4.13,4.13
2012.01.12 15:28:25.218,1.53276,1.53287,1.50,3.46
2012.01.12 15:28:25.297,1.53276,1.53287,3.00,1.88
2012.01.12 15:28:25.512,1.53276,1.53287,3.00,1.88
2012.01.12 15:28:25.668,1.53276,1.53287,4.50,2.25
2012.01.12 15:28:26.217,1.53278,1.53287,1.50,2.95
2012.01.12 15:28:26.749,1.53274,1.53287,2.63,2.95
2012.01.12 15:28:27.250,1.53274,1.53287,3.38,2.95
2012.01.12 15:28:27.618,1.53278,1.53287,2.25,1.88
2012.01.12 15:28:27.764,1.53278,1.5329,4.13,1.13
2012.01.12 15:28:28.578,1.53278,1.5329,4.13,1.13
2012.01.12 15:28:29.067,1.53278,1.5329,4.13,1.13
2012.01.12 15:28:29.420,1.53272,1.53283,1.88,2.25
2012.01.12 15:28:29.493,1.53272,1.53283,2.63,2.25
2012.01.12 15:28:29.574,1.53272,1.53284,2.63,1.50
2012.01.12 15:28:29.792,1.53272,1.53285,2.63,1.50
2012.01.12 15:28:30.006,1.53273,1.53286,2.25,4.50
2012.01.12 15:28:30.592,1.53278,1.53289,2.63,1.50
2012.01.12 15:28:30.881,1.53278,1.53287,2.63,1.50
2012.01.12 15:28:31.448,1.53275,1.53286,1.50,2.25
2012.01.12 15:28:31.593,1.53275,1.53288,3.00,2.25
2012.01.12 15:28:32.295,1.53274,1.53286,1.50,2.25
2012.01.12 15:28:32.852,1.53274,1.53286,1.50,2.25
2012.01.12 15:28:33.012,1.53274,1.53286,1.50,2.25
2012.01.12 15:28:33.567,1.53273,1.53286,5.63,2.25
2012.01.12 15:28:33.640,1.53273,1.53286,5.63,2.25
2012.01.12 15:28:33.724,1.53273,1.53284,3.38,1.50
2012.01.12 15:28:34.254,1.53273,1.53284,2.63,1.50
2012.01.12 15:28:34.404,1.53273,1.53284,2.63,3.75
2012.01.12 15:28:34.883,1.53273,1.53284,2.63,5.25
2012.01.12 15:28:35.438,1.53271,1.53284,1.50,4.47
2012.01.12 15:28:35.590,1.5327,1.5328,3.00,2.63
2012.01.12 15:28:36.228,1.5327,1.53282,2.25,1.50
2012.01.12 15:28:36.336,1.53271,1.53282,1.13,1.50
2012.01.12 15:28:36.416,1.53273,1.53283,3.00,4.13
2012.01.12 15:28:36.492,1.53278,1.53284,1.88,2.25
2012.01.12 15:28:38.198,1.53279,1.53285,1.50,1.50
2012.01.12 15:28:38.286,1.53281,1.53287,2.59,3.00
2012.01.12 15:28:38.362,1.53283,1.5329,2.63,3.75
2012.01.12 15:28:38.799,1.53288,1.53294,1.88,1.50
2012.01.12 15:28:39.523,1.53288,1.53297,1.88,2.25
2012.01.12 15:28:39.731,1.53284,1.53292,3.34,2.63
2012.01.12 15:28:40.102,1.53288,1.53292,1.88,1.50
2012.01.12 15:28:40.183,1.53288,1.53295,1.88,1.50
2012.01.12 15:28:40.553,1.53288,1.53299,1.88,2.25
2012.01.12 15:28:40.632,1.53288,1.53299,2.63,1.50
2012.01.12 15:28:41.394,1.53289,1.53301,2.25,1.50
2012.01.12 15:28:41.711,1.53294,1.53303,1.50,1.50
2012.01.12 15:28:41.939,1.53293,1.53304,1.88,2.25
2012.01.12 15:28:42.009,1.53292,1.53302,3.75,1.88
2012.01.12 15:28:42.683,1.53291,1.53301,1.50,1.50
2012.01.12 15:28:43.000,1.53291,1.53301,1.50,1.50
2012.01.12 15:28:43.627,1.53291,1.53301,1.50,1.50
2012.01.12 15:28:43.981,1.53291,1.53297,1.50,1.88
2012.01.12 15:28:44.522,1.53291,1.53297,1.50,1.88
2012.01.12 15:28:45.077,1.53287,1.53297,2.25,1.88
2012.01.12 15:28:45.475,1.53287,1.53297,1.50,1.88
2012.01.12 15:28:46.641,1.53287,1.53297,3.75,1.88
2012.01.12 15:28:47.068,1.5329,1.53297,1.50,1.88
2012.01.12 15:28:47.701,1.5329,1.53297,1.50,1.88
2012.01.12 15:28:48.011,1.53292,1.53297,1.50,1.88
2012.01.12 15:28:48.839,1.53289,1.53297,2.25,1.88
2012.01.12 15:28:49.388,1.53287,1.53297,4.50,1.88
2012.01.12 15:28:50.617,1.53288,1.53297,1.50,1.88
2012.01.12 15:28:51.203,1.53292,1.53301,1.50,2.25
2012.01.12 15:28:51.302,1.53289,1.53297,1.50,1.88
2012.01.12 15:28:51.451,1.53289,1.53298,1.50,2.25
2012.01.12 15:28:51.605,1.53294,1.53301,1.50,1.50
2012.01.12 15:28:51.908,1.53297,1.53306,1.13,3.00
2012.01.12 15:28:51.995,1.53298,1.53306,4.13,2.25
2012.01.12 15:28:52.160,1.53302,1.53308,2.59,3.00
2012.01.12 15:28:52.758,1.53303,1.53308,3.72,2.25
2012.01.12 15:28:52.902,1.53304,1.5331,2.25,1.50
2012.01.12 15:28:52.989,1.53304,1.53316,2.25,1.50
2012.01.12 15:28:53.145,1.53303,1.53312,3.00,1.88
2012.01.12 15:28:53.291,1.53303,1.53312,3.00,1.88
2012.01.12 15:28:53.369,1.53307,1.53312,2.25,1.88
2012.01.12 15:28:53.440,1.53301,1.53312,1.13,1.88
2012.01.12 15:28:54.187,1.53301,1.53312,1.50,1.88
2012.01.12 15:28:54.275,1.53303,1.53317,1.88,2.63
2012.01.12 15:28:54.490,1.53308,1.53316,1.88,1.50
2012.01.12 15:28:54.779,1.53304,1.53316,1.50,1.50
2012.01.12 15:28:55.329,1.53303,1.53314,1.88,3.75
2012.01.12 15:28:55.471,1.533,1.53312,1.50,3.38
2012.01.12 15:28:55.550,1.53299,1.53312,1.13,4.13
2012.01.12 15:28:56.117,1.53298,1.53311,1.88,2.25
2012.01.12 15:28:58.364,1.53298,1.53309,1.88,2.25
2012.01.12 15:28:58.894,1.53298,1.53309,2.63,1.50
2012.01.12 15:28:59.131,1.53298,1.53311,2.63,3.75
2012.01.12 15:28:59.633,1.533,1.53312,1.50,2.63
2012.01.12 15:29:00.059,1.53298,1.53307,2.25,1.88
2012.01.12 15:29:00.616,1.53296,1.53307,1.50,2.63
2012.01.12 15:29:01.227,1.53296,1.53307,1.50,2.63
2012.01.12 15:29:03.018,1.53294,1.53307,2.25,2.63
2012.01.12 15:29:03.163,1.53293,1.53305,1.88,3.00
2012.01.12 15:29:03.519,1.53293,1.53302,3.75,2.63
2012.01.12 15:29:03.734,1.53291,1.53302,2.25,2.63
2012.01.12 15:29:03.951,1.53293,1.53305,4.13,2.25
2012.01.12 15:29:04.101,1.53293,1.53307,5.63,4.88
2012.01.12 15:29:04.248,1.53297,1.53307,1.50,2.63
2012.01.12 15:29:04.807,1.53303,1.53307,2.25,1.88
2012.01.12 15:29:05.161,1.53303,1.5331,4.13,1.50
2012.01.12 15:29:05.245,1.53305,1.53313,1.50,2.25
2012.01.12 15:29:05.320,1.53305,1.53314,1.50,2.34
2012.01.12 15:29:05.474,1.53308,1.53317,1.88,2.97
2012.01.12 15:29:05.832,1.53307,1.53312,1.50,2.63
2012.01.12 15:29:06.125,1.53298,1.53307,3.00,1.88
2012.01.12 15:29:06.682,1.53298,1.53307,1.50,1.88
2012.01.12 15:29:06.980,1.533,1.53309,1.50,2.25
2012.01.12 15:29:07.929,1.533,1.53312,1.50,2.63
2012.01.12 15:29:08.398,1.533,1.53307,1.50,1.88
2012.01.12 15:29:08.468,1.53298,1.53307,1.50,1.88
2012.01.12 15:29:08.610,1.53296,1.53307,2.25,2.63
2012.01.12 15:29:09.114,1.53293,1.53305,1.88,1.50
2012.01.12 15:29:09.680,1.53292,1.53302,2.25,2.63
2012.01.12 15:29:09.827,1.5329,1.53302,1.79,2.63
2012.01.12 15:29:09.973,1.53293,1.53301,1.88,1.50
2012.01.12 15:29:10.539,1.53293,1.53302,1.88,1.50
2012.01.12 15:29:11.150,1.53294,1.53307,1.50,2.63
2012.01.12 15:29:11.295,1.53294,1.53307,1.50,2.63
2012.01.12 15:29:11.859,1.53293,1.53306,1.88,2.25
2012.01.12 15:29:12.406,1.53293,1.53306,1.88,2.25
2012.01.12 15:29:13.221,1.53293,1.53306,1.88,2.25
2012.01.12 15:29:13.427,1.53293,1.53306,1.88,2.25
2012.01.12 15:29:13.572,1.53296,1.53307,5.25,3.38
2012.01.12 15:29:13.877,1.53301,1.53312,1.50,1.88
2012.01.12 15:29:14.304,1.53299,1.53312,2.25,2.63
2012.01.12 15:29:14.728,1.53298,1.53311,1.88,2.25
2012.01.12 15:29:15.294,1.53299,1.53312,1.50,2.63
2012.01.12 15:29:15.858,1.53299,1.53312,1.50,2.63
2012.01.12 15:29:16.212,1.53297,1.53307,3.00,2.63
2012.01.12 15:29:16.708,1.53297,1.53307,1.50,2.63
2012.01.12 15:29:17.482,1.53297,1.53307,1.50,2.63
2012.01.12 15:29:17.851,1.53293,1.53303,1.88,2.25
2012.01.12 15:29:18.072,1.53293,1.53303,1.88,2.25
2012.01.12 15:29:18.151,1.53293,1.53303,1.88,2.25
2012.01.12 15:29:18.368,1.53293,1.53303,1.88,2.25
2012.01.12 15:29:19.081,1.53293,1.53305,1.88,3.00
2012.01.12 15:29:19.587,1.53293,1.53305,1.88,2.25
2012.01.12 15:29:19.727,1.53292,1.53302,2.25,2.63
2012.01.12 15:29:19.941,1.53293,1.53303,1.88,3.00
2012.01.12 15:29:20.635,1.53293,1.53304,1.88,2.25
2012.01.12 15:29:21.547,1.53293,1.53302,1.88,2.25
2012.01.12 15:29:21.630,1.53289,1.53299,1.88,1.13
2012.01.12 15:29:21.794,1.53288,1.53293,3.00,2.63
2012.01.12 15:29:21.880,1.53285,1.53292,4.50,1.50
2012.01.12 15:29:22.185,1.53281,1.53286,1.50,1.50
2012.01.12 15:29:22.265,1.53273,1.53285,3.38,1.50
2012.01.12 15:29:22.812,1.53272,1.53282,3.75,2.63
2012.01.12 15:29:22.906,1.53274,1.53282,3.75,2.63
2012.01.12 15:29:23.610,1.53272,1.53282,1.50,2.63
2012.01.12 15:29:23.895,1.5327,1.53282,1.50,2.63
2012.01.12 15:29:24.232,1.53272,1.53282,1.50,2.63
2012.01.12 15:29:24.804,1.5327,1.53282,1.50,2.63
2012.01.12 15:29:25.725,1.53268,1.53281,1.88,2.25
2012.01.12 15:29:25.942,1.53265,1.53277,1.88,2.63
2012.01.12 15:29:26.603,1.53265,1.53277,1.50,4.88
2012.01.12 15:29:26.892,1.53267,1.53277,2.25,2.63
2012.01.12 15:29:26.973,1.53265,1.53277,1.50,2.63
2012.01.12 15:29:27.332,1.53267,1.53277,1.50,2.63
2012.01.12 15:29:28.141,1.53267,1.53277,1.50,1.88
2012.01.12 15:29:29.068,1.53265,1.53277,2.25,2.63
2012.01.12 15:29:29.138,1.53263,1.53277,4.88,4.13
2012.01.12 15:29:29.487,1.53265,1.53277,1.50,2.63
2012.01.12 15:29:30.739,1.53267,1.53277,1.50,2.63
2012.01.12 15:29:31.386,1.53267,1.53277,1.58,2.63
2012.01.12 15:29:31.938,1.53268,1.53279,2.63,2.25
2012.01.12 15:29:32.585,1.53267,1.53277,3.83,1.88
2012.01.12 15:29:32.883,1.53269,1.53277,1.50,2.63
2012.01.12 15:29:33.175,1.53271,1.5328,1.50,1.50
2012.01.12 15:29:33.247,1.53268,1.5328,4.50,1.50
2012.01.12 15:29:33.319,1.53268,1.53277,2.63,1.88
2012.01.12 15:29:33.460,1.53268,1.5328,4.50,3.00
2012.01.12 15:29:34.006,1.53268,1.53282,4.13,4.13
2012.01.12 15:29:35.274,1.5327,1.53282,1.50,2.63
2012.01.12 15:29:35.560,1.53268,1.53282,4.88,4.13
2012.01.12 15:29:35.644,1.53268,1.53276,4.88,2.25
2012.01.12 15:29:35.726,1.53266,1.53276,2.25,3.00
2012.01.12 15:29:36.014,1.53262,1.53275,2.25,2.25
2012.01.12 15:29:36.385,1.53254,1.53262,2.10,2.63
2012.01.12 15:29:36.911,1.53255,1.53264,1.50,3.00
2012.01.12 15:29:37.149,1.53257,1.53264,1.50,3.00
2012.01.12 15:29:37.708,1.53257,1.53265,1.50,1.50
2012.01.12 15:29:38.610,1.53258,1.53267,1.88,1.50
2012.01.12 15:29:38.698,1.53268,1.53274,1.88,1.50
2012.01.12 15:29:38.980,1.53263,1.53276,3.38,1.50
2012.01.12 15:29:39.051,1.53263,1.53275,4.13,1.50
2012.01.12 15:29:39.621,1.53264,1.53277,1.88,6.38
2012.01.12 15:29:39.699,1.53268,1.53277,1.88,3.00
2012.01.12 15:29:39.837,1.53268,1.5328,1.88,1.50
2012.01.12 15:29:40.454,1.53271,1.53282,3.00,2.63
2012.01.12 15:29:40.753,1.53273,1.53282,1.50,2.63
2012.01.12 15:29:41.109,1.53275,1.53282,1.50,1.88
2012.01.12 15:29:41.181,1.53271,1.53282,2.25,1.88
2012.01.12 15:29:41.260,1.53273,1.53282,1.50,1.88
2012.01.12 15:29:41.618,1.53278,1.53285,1.88,1.50
2012.01.12 15:29:42.280,1.53278,1.5329,1.88,4.13
2012.01.12 15:29:43.358,1.53278,1.53288,1.88,2.25
2012.01.12 15:29:43.908,1.53278,1.53288,1.88,2.25
2012.01.12 15:29:44.558,1.53278,1.53288,1.88,2.25
2012.01.12 15:29:45.078,1.53278,1.53288,1.88,2.25
2012.01.12 15:29:45.626,1.53278,1.53288,1.88,2.25
2012.01.12 15:29:45.968,1.53274,1.53282,2.25,2.63
2012.01.12 15:29:46.254,1.53273,1.53285,2.63,2.25
2012.01.12 15:29:47.429,1.53278,1.53289,1.88,2.25
2012.01.12 15:29:47.500,1.53278,1.53289,2.63,1.50
2012.01.12 15:29:48.060,1.53278,1.53291,1.88,2.25
2012.01.12 15:29:49.095,1.53278,1.53289,1.88,2.25
2012.01.12 15:29:51.160,1.53278,1.53291,1.88,2.25
2012.01.12 15:29:55.816,1.53278,1.53289,1.88,2.25
2012.01.12 15:29:56.318,1.53278,1.53289,1.88,2.25
2012.01.12 15:29:57.801,1.53278,1.53291,1.88,2.25
2012.01.12 15:30:00.445,1.53278,1.5329,1.88,1.13
2012.01.12 15:30:00.638,1.53278,1.5329,1.88,1.13
2012.01.12 15:30:00.781,1.53278,1.53287,1.88,1.50
2012.01.12 15:30:01.665,1.53278,1.53287,1.88,2.25
2012.01.12 15:30:01.761,1.53273,1.53282,2.25,2.63
2012.01.12 15:30:01.839,1.53271,1.53275,1.88,3.75
2012.01.12 15:30:01.910,1.53273,1.53281,2.25,1.09
2012.01.12 15:30:01.982,1.53271,1.53277,3.00,3.38
2012.01.12 15:30:02.892,1.53268,1.53277,4.88,2.25
2012.01.12 15:30:03.421,1.53269,1.53277,1.50,2.25
2012.01.12 15:30:04.108,1.53268,1.53275,1.88,2.25
2012.01.12 15:30:04.187,1.53268,1.53281,4.13,3.00
2012.01.12 15:30:04.329,1.53271,1.53282,1.50,2.63
2012.01.12 15:30:04.680,1.53271,1.53277,1.50,1.88
2012.01.12 15:30:05.252,1.53268,1.53277,2.25,1.88
2012.01.12 15:30:05.475,1.53266,1.53277,2.25,2.63
2012.01.12 15:30:06.180,1.53265,1.53277,3.75,2.63
2012.01.12 15:30:06.399,1.53265,1.53277,3.75,3.38
2012.01.12 15:30:07.296,1.53267,1.53277,1.50,3.38
2012.01.12 15:30:08.240,1.53267,1.53277,1.50,1.88
2012.01.12 15:30:08.447,1.53269,1.53277,1.13,1.88
2012.01.12 15:30:08.588,1.53269,1.53282,2.63,4.13
2012.01.12 15:30:08.728,1.53269,1.53277,1.50,1.88
2012.01.12 15:30:09.081,1.53269,1.53273,1.50,2.25
2012.01.12 15:30:09.650,1.53267,1.53277,1.50,2.63
2012.01.12 15:30:15.761,1.53266,1.53277,2.25,2.63
2012.01.12 15:30:15.912,1.53266,1.53277,2.25,2.63
2012.01.12 15:30:16.948,1.53264,1.53277,3.00,2.63
2012.01.12 15:30:17.446,1.53267,1.53277,1.50,2.63
2012.01.12 15:30:17.988,1.53267,1.53277,1.50,2.63
2012.01.12 15:30:18.811,1.53267,1.53277,1.50,2.63
2012.01.12 15:30:19.288,1.53265,1.53277,3.75,2.63
2012.01.12 15:30:19.746,1.53267,1.53277,1.50,2.63
2012.01.12 15:30:20.249,1.53267,1.53277,1.50,3.38
2012.01.12 15:30:20.782,1.53264,1.53276,1.50,1.50
2012.01.12 15:30:20.958,1.53263,1.53276,4.50,3.00
2012.01.12 15:30:21.389,1.53268,1.53277,2.25,2.63
2012.01.12 15:30:21.456,1.53268,1.53276,2.25,1.50
2012.01.12 15:30:21.667,1.53268,1.53276,2.25,1.50
2012.01.12 15:30:22.407,1.53268,1.53277,1.50,1.88
2012.01.12 15:30:23.887,1.53271,1.53277,1.13,1.88
2012.01.12 15:30:24.458,1.53274,1.53283,3.00,1.09
2012.01.12 15:30:24.538,1.53274,1.53287,3.00,2.63
2012.01.12 15:30:24.750,1.53274,1.53287,3.00,1.88
2012.01.12 15:30:25.257,1.53276,1.53287,3.00,1.88
2012.01.12 15:30:26.202,1.53274,1.53287,3.00,2.63
2012.01.12 15:30:26.863,1.53274,1.53287,3.00,2.63
2012.01.12 15:30:27.367,1.53274,1.53287,3.00,2.63
2012.01.12 15:30:27.968,1.53274,1.53287,3.00,2.63
2012.01.12 15:30:29.027,1.53273,1.53286,2.63,2.25
2012.01.12 15:30:29.765,1.53274,1.53287,1.50,2.63
2012.01.12 15:30:30.285,1.53274,1.53287,1.50,2.63
2012.01.12 15:30:30.787,1.53274,1.53286,1.50,2.25
2012.01.12 15:30:31.125,1.53273,1.53286,1.88,3.75
2012.01.12 15:30:31.754,1.53273,1.53286,1.88,3.75
2012.01.12 15:30:31.908,1.53273,1.53286,2.63,3.75
2012.01.12 15:30:32.107,1.53273,1.53286,1.88,3.75
2012.01.12 15:30:32.319,1.53273,1.53286,2.63,2.25
2012.01.12 15:30:33.298,1.53274,1.53287,2.25,2.63
2012.01.12 15:30:35.418,1.53273,1.53286,2.63,1.50
2012.01.12 15:30:35.719,1.53273,1.53286,2.63,1.50
2012.01.12 15:30:37.280,1.53274,1.53287,2.25,2.63
2012.01.12 15:30:37.376,1.53274,1.53287,2.25,3.38
2012.01.12 15:30:37.649,1.53273,1.53284,2.63,1.50
2012.01.12 15:30:38.861,1.53273,1.53284,2.63,1.50
2012.01.12 15:30:40.382,1.53273,1.53286,2.63,5.25
2012.01.12 15:30:40.740,1.53274,1.53287,2.25,2.97
2012.01.12 15:30:40.815,1.53274,1.53287,2.25,2.97
2012.01.12 15:30:41.514,1.53274,1.53286,1.50,2.25
2012.01.12 15:30:41.591,1.53274,1.53284,1.50,1.50
2012.01.12 15:30:41.806,1.53273,1.53286,2.63,2.25
2012.01.12 15:30:42.816,1.53273,1.53286,2.63,2.25
2012.01.12 15:30:43.374,1.53273,1.53284,2.63,1.50
2012.01.12 15:30:44.077,1.53273,1.53286,2.63,2.25
2012.01.12 15:30:44.529,1.53273,1.53284,2.63,1.50
2012.01.12 15:30:45.348,1.53273,1.53286,2.63,2.25
2012.01.12 15:30:45.971,1.53273,1.53286,2.63,1.50
2012.01.12 15:30:46.507,1.53274,1.53287,2.25,3.72
2012.01.12 15:30:47.035,1.53274,1.53287,2.25,2.97
2012.01.12 15:30:47.449,1.53273,1.53286,2.63,2.25
2012.01.12 15:30:48.624,1.53273,1.53286,2.63,2.25
2012.01.12 15:30:48.698,1.53273,1.53286,2.63,1.50
2012.01.12 15:30:49.226,1.53274,1.53287,2.25,2.97
2012.01.12 15:30:49.934,1.53273,1.53286,2.63,1.50
2012.01.12 15:30:52.617,1.53273,1.53286,2.63,2.25
2012.01.12 15:30:52.888,1.53273,1.53286,2.63,1.50
2012.01.12 15:30:53.452,1.53273,1.53287,2.63,2.97
2012.01.12 15:30:53.996,1.53273,1.53287,2.63,2.97
2012.01.12 15:30:54.409,1.53272,1.53286,4.50,2.25
2012.01.12 15:30:54.618,1.53274,1.53286,2.25,3.00
2012.01.12 15:30:54.687,1.53274,1.53286,2.25,2.25
2012.01.12 15:30:54.817,1.53274,1.53286,1.50,3.00
2012.01.12 15:30:55.448,1.53272,1.53282,2.25,1.88
2012.01.12 15:30:56.107,1.5327,1.53282,2.25,2.63
2012.01.12 15:30:57.189,1.53272,1.53282,1.50,2.63
2012.01.12 15:30:58.307,1.53272,1.53282,1.50,3.38
2012.01.12 15:30:58.660,1.53272,1.53277,1.50,1.88
2012.01.12 15:30:58.731,1.5327,1.53277,1.50,1.88
2012.01.12 15:30:58.813,1.53266,1.53277,3.75,1.88
2012.01.12 15:30:59.315,1.53265,1.53276,1.50,3.46
2012.01.12 15:31:00.344,1.53266,1.53275,1.50,1.50
2012.01.12 15:31:00.759,1.53266,1.53277,1.50,4.21
2012.01.12 15:31:00.907,1.53264,1.53277,3.00,3.46
2012.01.12 15:31:02.025,1.53263,1.53275,1.88,1.50
2012.01.12 15:31:02.521,1.53263,1.53273,1.88,1.50
2012.01.12 15:31:04.139,1.53263,1.53274,1.88,1.50
2012.01.12 15:31:04.679,1.53262,1.53272,1.50,1.88
2012.01.12 15:31:04.751,1.5326,1.53272,2.63,3.00
2012.01.12 15:31:04.900,1.5326,1.5327,2.25,1.50
2012.01.12 15:31:04.984,1.5326,1.53271,2.25,1.50
2012.01.12 15:31:05.201,1.53263,1.53271,1.88,2.25
2012.01.12 15:31:06.116,1.53263,1.53273,1.88,2.25
2012.01.12 15:31:06.702,1.53263,1.53273,1.88,3.75
2012.01.12 15:31:06.926,1.53263,1.53267,1.88,2.25
2012.01.12 15:31:08.300,1.53263,1.53273,1.88,4.50
2012.01.12 15:31:08.587,1.53263,1.53272,1.88,1.50
2012.01.12 15:31:08.936,1.53263,1.53267,1.88,2.25
2012.01.12 15:31:09.006,1.53259,1.53271,2.25,6.38
2012.01.12 15:31:09.421,1.53258,1.53268,2.63,2.25
2012.01.12 15:31:09.905,1.53258,1.53268,2.63,2.25
2012.01.12 15:31:09.988,1.53258,1.53271,3.38,1.88
2012.01.12 15:31:10.601,1.5326,1.53272,2.25,4.07
2012.01.12 15:31:11.309,1.53262,1.53271,1.50,1.13
2012.01.12 15:31:11.989,1.53258,1.5327,4.13,1.13
2012.01.12 15:31:12.536,1.53258,1.5327,3.38,2.95
2012.01.12 15:31:13.209,1.53258,1.53266,4.13,1.13
2012.01.12 15:31:13.560,1.53255,1.53262,2.25,2.63
2012.01.12 15:31:13.786,1.53253,1.53257,1.50,1.88
2012.01.12 15:31:14.358,1.53252,1.53258,1.88,2.25
2012.01.12 15:31:14.444,1.53258,1.53269,1.88,3.00
2012.01.12 15:31:14.662,1.53258,1.5327,2.63,2.25
2012.01.12 15:31:14.954,1.53258,1.5327,1.88,2.63
2012.01.12 15:31:15.239,1.53263,1.5327,1.88,1.88
2012.01.12 15:31:15.777,1.53263,1.5327,1.88,2.63
2012.01.12 15:31:16.382,1.53258,1.53267,1.88,2.25
2012.01.12 15:31:16.569,1.53253,1.53265,4.13,2.25
2012.01.12 15:31:16.993,1.53253,1.53265,2.63,2.25
2012.01.12 15:31:17.559,1.5325,1.53262,3.00,2.63
2012.01.12 15:31:18.557,1.5325,1.53262,1.50,2.63
2012.01.12 15:31:19.171,1.53248,1.53253,2.63,2.25
2012.01.12 15:31:19.320,1.53244,1.53253,3.38,2.25
2012.01.12 15:31:19.533,1.53243,1.53256,3.75,1.88
2012.01.12 15:31:19.823,1.53244,1.53252,2.25,1.88
2012.01.12 15:31:20.112,1.53242,1.53252,1.50,1.88
2012.01.12 15:31:20.332,1.53246,1.53252,1.50,1.88
2012.01.12 15:31:20.916,1.53246,1.53257,1.50,2.63
2012.01.12 15:31:20.993,1.53248,1.53258,1.88,3.00
2012.01.12 15:31:21.630,1.53245,1.53257,2.25,2.63
2012.01.12 15:31:21.769,1.53245,1.53257,3.00,2.63
2012.01.12 15:31:22.336,1.53245,1.53254,1.50,2.25
2012.01.12 15:31:22.447,1.53243,1.53254,2.63,2.25
2012.01.12 15:31:22.997,1.53243,1.53254,1.88,2.25
2012.01.12 15:31:23.562,1.53243,1.5325,1.88,1.88
2012.01.12 15:31:23.781,1.53238,1.53247,1.50,2.63
2012.01.12 15:31:24.326,1.53234,1.53247,1.50,2.63
2012.01.12 15:31:24.884,1.53234,1.53247,1.50,2.63
2012.01.12 15:31:25.547,1.53234,1.53247,1.50,2.63
2012.01.12 15:31:26.485,1.53234,1.53247,1.50,2.63
2012.01.12 15:31:27.203,1.53234,1.53247,2.25,1.88
2012.01.12 15:31:27.367,1.53236,1.53247,2.25,1.88
2012.01.12 15:31:28.180,1.53236,1.53247,2.25,1.88
2012.01.12 15:31:28.688,1.53236,1.53247,2.25,1.88
2012.01.12 15:31:29.544,1.53236,1.53247,2.25,1.88
2012.01.12 15:31:30.223,1.53246,1.53252,1.50,1.50
2012.01.12 15:31:30.312,1.53246,1.53252,1.50,2.25
2012.01.12 15:31:30.532,1.53249,1.53256,1.50,2.59
2012.01.12 15:31:30.751,1.53249,1.53257,1.50,2.63
2012.01.12 15:31:30.833,1.53247,1.53257,1.50,2.63
2012.01.12 15:31:30.910,1.53245,1.53257,2.25,2.63
2012.01.12 15:31:31.188,1.53243,1.53255,2.63,2.25
2012.01.12 15:31:32.207,1.53243,1.53255,1.88,2.25
2012.01.12 15:31:32.549,1.53242,1.53252,2.25,2.63
2012.01.12 15:31:32.761,1.53239,1.53252,1.50,4.88
2012.01.12 15:31:32.979,1.53242,1.53252,1.50,2.63
2012.01.12 15:31:33.331,1.53242,1.53252,2.25,1.88
2012.01.12 15:31:33.408,1.53247,1.53256,1.88,7.17
2012.01.12 15:31:34.097,1.53248,1.53259,1.50,1.50
2012.01.12 15:31:34.183,1.53247,1.53258,4.13,2.25
2012.01.12 15:31:34.472,1.53242,1.53252,2.25,1.88
2012.01.12 15:31:35.072,1.53242,1.53252,1.50,2.63
2012.01.12 15:31:35.491,1.5324,1.53252,1.88,2.63
2012.01.12 15:31:35.850,1.53238,1.53247,2.25,2.63
2012.01.12 15:31:36.395,1.53238,1.53247,2.25,2.63
2012.01.12 15:31:36.709,1.53242,1.53247,1.50,2.63
2012.01.12 15:31:36.922,1.53239,1.5325,1.50,1.50
2012.01.12 15:31:37.214,1.53242,1.53247,1.50,1.50
2012.01.12 15:31:37.364,1.53244,1.5325,1.50,1.50
2012.01.12 15:31:37.582,1.53245,1.53251,1.50,1.50
2012.01.12 15:31:37.662,1.53247,1.53255,1.50,1.50
2012.01.12 15:31:38.218,1.53251,1.53256,1.88,1.50
2012.01.12 15:31:38.525,1.5325,1.53257,1.50,2.25
2012.01.12 15:31:38.603,1.5325,1.53257,2.25,1.50
2012.01.12 15:31:38.688,1.5325,1.53261,1.50,2.59
2012.01.12 15:31:38.769,1.5325,1.53258,1.50,3.00
2012.01.12 15:31:38.841,1.53246,1.53257,4.50,2.63
2012.01.12 15:31:38.924,1.53247,1.53257,1.50,2.63
2012.01.12 15:31:39.591,1.53246,1.53256,2.25,1.50
2012.01.12 15:31:39.888,1.53244,1.53252,1.50,2.63
2012.01.12 15:31:40.170,1.53242,1.53252,3.00,2.63
2012.01.12 15:31:40.314,1.53242,1.53252,3.00,2.63
2012.01.12 15:31:40.768,1.5324,1.53252,1.50,2.63
2012.01.12 15:31:41.665,1.5324,1.53252,1.50,2.63
2012.01.12 15:31:43.025,1.5324,1.53252,2.25,1.88
2012.01.12 15:31:43.239,1.5324,1.53252,3.00,2.63
2012.01.12 15:31:43.486,1.5324,1.53252,2.25,2.63
2012.01.12 15:31:44.026,1.5324,1.53252,2.25,2.63
2012.01.12 15:31:44.788,1.53238,1.53247,5.25,1.88
2012.01.12 15:31:47.602,1.53246,1.53256,1.50,1.59
2012.01.12 15:31:47.681,1.53246,1.53257,1.50,3.32
2012.01.12 15:31:47.969,1.53244,1.53257,3.75,2.63
2012.01.12 15:31:48.536,1.53243,1.53254,1.88,2.25
2012.01.12 15:31:48.617,1.53243,1.53256,2.63,2.25
2012.01.12 15:31:49.249,1.53244,1.53257,1.50,3.38
2012.01.12 15:31:49.600,1.53246,1.53257,1.50,2.63
2012.01.12 15:31:50.437,1.53247,1.53258,1.88,3.75
2012.01.12 15:31:50.511,1.53247,1.53258,1.88,3.75
2012.01.12 15:31:50.593,1.53247,1.53258,4.88,3.00
2012.01.12 15:31:51.127,1.53254,1.53259,2.63,1.50
2012.01.12 15:31:51.219,1.53257,1.53262,2.25,1.13
2012.01.12 15:31:51.438,1.53254,1.53262,1.13,1.13
2012.01.12 15:31:51.718,1.53253,1.53264,2.63,2.25
2012.01.12 15:31:51.788,1.53253,1.5326,1.88,1.13
2012.01.12 15:31:52.347,1.5325,1.5326,1.50,1.13
2012.01.12 15:31:52.418,1.53249,1.5326,1.88,1.13
2012.01.12 15:31:53.132,1.5325,1.53262,1.50,2.63
2012.01.12 15:31:53.917,1.53249,1.53262,3.75,2.63
2012.01.12 15:31:54.408,1.53253,1.53263,1.88,4.50
2012.01.12 15:31:54.628,1.53255,1.53266,2.25,2.34
2012.01.12 15:31:55.100,1.53253,1.53265,1.88,2.25
2012.01.12 15:31:55.610,1.53253,1.53265,1.88,2.25
2012.01.12 15:31:55.960,1.53252,1.53262,2.25,3.38
2012.01.12 15:31:56.102,1.53249,1.53262,2.25,4.13
2012.01.12 15:31:56.248,1.53248,1.5326,2.63,1.50
2012.01.12 15:31:56.970,1.53249,1.5326,1.50,1.50
2012.01.12 15:31:57.610,1.53249,1.5326,1.50,1.88
2012.01.12 15:31:58.452,1.53249,1.5326,1.50,1.88
2012.01.12 15:31:59.020,1.53248,1.5326,2.63,1.88
2012.01.12 15:31:59.659,1.53248,1.5326,2.63,3.38
2012.01.12 15:32:00.206,1.53249,1.5326,1.50,1.88
2012.01.12 15:32:00.815,1.53248,1.5326,1.88,1.88
2012.01.12 15:32:01.367,1.53248,1.5326,1.88,1.88
2012.01.12 15:32:04.146,1.53244,1.53252,4.43,2.63
2012.01.12 15:32:04.218,1.53243,1.53253,1.88,3.00
2012.01.12 15:32:04.500,1.53241,1.53252,2.25,2.63
2012.01.12 15:32:04.580,1.53241,1.53252,2.25,2.63
2012.01.12 15:32:04.867,1.53243,1.53253,1.88,2.25
2012.01.12 15:32:05.071,1.53241,1.53252,1.50,2.63
2012.01.12 15:32:05.149,1.53239,1.53252,3.75,2.63
2012.01.12 15:32:05.546,1.53242,1.53252,1.50,2.63
2012.01.12 15:32:05.756,1.5324,1.53252,1.50,2.63
2012.01.12 15:32:07.617,1.53242,1.53252,1.50,2.63
2012.01.12 15:32:07.763,1.53243,1.53253,2.63,3.00
2012.01.12 15:32:07.913,1.53246,1.53255,1.50,1.59
2012.01.12 15:32:08.055,1.53246,1.53256,1.50,1.50
2012.01.12 15:32:08.127,1.53248,1.53257,1.50,2.63
2012.01.12 15:32:08.273,1.53246,1.53257,1.50,2.63
2012.01.12 15:32:08.837,1.53246,1.53257,1.50,2.63
2012.01.12 15:32:08.908,1.53244,1.53257,1.50,2.63
2012.01.12 15:32:09.455,1.53243,1.53256,1.88,3.00
2012.01.12 15:32:09.569,1.53241,1.53252,3.00,2.63
2012.01.12 15:32:09.640,1.53243,1.53252,1.50,2.63
2012.01.12 15:32:09.783,1.53241,1.53252,1.50,2.63
2012.01.12 15:32:10.315,1.53241,1.53252,1.50,2.63
2012.01.12 15:32:10.888,1.53241,1.53249,1.50,1.59
2012.01.12 15:32:11.333,1.53239,1.53249,3.00,1.59
2012.01.12 15:32:11.425,1.53239,1.53249,1.88,1.59
2012.01.12 15:32:12.093,1.53242,1.53251,1.88,5.00
2012.01.12 15:32:14.037,1.5324,1.53251,1.50,2.28
2012.01.12 15:32:14.728,1.53238,1.5325,6.75,1.59
2012.01.12 15:32:15.208,1.53243,1.5325,1.88,1.59
2012.01.12 15:32:15.758,1.53243,1.53251,1.88,2.28
2012.01.12 15:32:16.437,1.53242,1.53249,2.25,1.59
2012.01.12 15:32:16.515,1.53238,1.53249,3.75,1.59
2012.01.12 15:32:16.934,1.53242,1.53249,2.25,1.59
2012.01.12 15:32:17.084,1.53243,1.53252,1.88,1.53
2012.01.12 15:32:17.799,1.53244,1.53253,1.50,1.53
2012.01.12 15:32:17.867,1.53246,1.53254,1.50,2.28
2012.01.12 15:32:18.395,1.53246,1.53257,2.25,1.88
2012.01.12 15:32:18.892,1.53243,1.53254,2.63,2.25
2012.01.12 15:32:19.248,1.53247,1.53257,2.25,1.88
2012.01.12 15:32:19.619,1.53244,1.53252,2.25,1.13
2012.01.12 15:32:19.690,1.53244,1.53252,3.00,1.13
2012.01.12 15:32:19.828,1.53248,1.53253,1.50,1.59
2012.01.12 15:32:19.902,1.53248,1.53257,1.50,1.88
2012.01.12 15:32:19.981,1.53248,1.53257,2.25,1.88
2012.01.12 15:32:20.494,1.53249,1.5326,1.50,2.25
2012.01.12 15:32:20.708,1.53246,1.53257,2.25,1.88
2012.01.12 15:32:22.453,1.53249,1.53259,1.50,2.25
2012.01.12 15:32:22.674,1.53248,1.53259,4.88,2.25
2012.01.12 15:32:22.884,1.5325,1.53262,2.25,2.63
2012.01.12 15:32:23.173,1.53253,1.53257,2.25,1.88
2012.01.12 15:32:23.319,1.53248,1.53257,3.00,1.88
2012.01.12 15:32:23.390,1.53248,1.53257,1.50,1.88
2012.01.12 15:32:24.162,1.53244,1.53257,5.25,1.88
2012.01.12 15:32:24.522,1.53244,1.53252,2.25,1.88
2012.01.12 15:32:24.880,1.53243,1.53253,1.50,2.25
2012.01.12 15:32:26.068,1.53242,1.53252,2.25,1.88
2012.01.12 15:32:26.644,1.53242,1.53253,2.25,2.25
2012.01.12 15:32:27.419,1.53243,1.53253,2.63,2.25
2012.01.12 15:32:27.558,1.53245,1.53257,2.25,3.38
2012.01.12 15:32:27.697,1.53247,1.53257,2.25,3.38
2012.01.12 15:32:28.224,1.53244,1.53257,2.25,2.63
2012.01.12 15:32:28.766,1.53243,1.53256,2.63,1.50
2012.01.12 15:32:29.748,1.53243,1.53256,2.63,1.50
2012.01.12 15:32:30.326,1.53245,1.53257,2.25,2.63
2012.01.12 15:32:31.111,1.53243,1.53255,2.63,1.50
2012.01.12 15:32:31.777,1.53243,1.53255,2.63,1.50
2012.01.12 15:32:32.457,1.53243,1.53255,2.63,1.50
2012.01.12 15:32:32.715,1.53243,1.53257,4.13,4.13
2012.01.12 15:32:32.787,1.53243,1.53253,2.63,1.50
2012.01.12 15:32:32.925,1.53243,1.53255,2.63,1.50
2012.01.12 15:32:33.408,1.53244,1.53257,2.25,2.63
2012.01.12 15:32:34.058,1.53244,1.53252,2.25,1.13
2012.01.12 15:32:34.156,1.53243,1.53254,4.13,2.25
2012.01.12 15:32:34.231,1.53243,1.53257,6.38,4.13
2012.01.12 15:32:34.786,1.53245,1.53257,2.25,1.88
2012.01.12 15:32:35.357,1.53243,1.53257,6.38,4.88
2012.01.12 15:32:35.616,1.53243,1.53254,4.88,1.50
2012.01.12 15:32:36.326,1.53243,1.53254,4.88,1.50
2012.01.12 15:32:36.897,1.53238,1.53252,4.84,3.38
2012.01.12 15:32:37.402,1.53238,1.53252,4.84,3.38
2012.01.12 15:32:37.846,1.53238,1.53252,4.84,3.38
2012.01.12 15:32:38.878,1.53247,1.53253,1.50,3.00
2012.01.12 15:32:39.378,1.53242,1.53252,2.25,3.38
2012.01.12 15:32:41.301,1.53242,1.53252,1.50,1.88
2012.01.12 15:32:41.790,1.53243,1.53255,3.38,1.50
2012.01.12 15:32:41.861,1.53243,1.53257,4.88,3.38
2012.01.12 15:32:42.084,1.53245,1.53257,2.25,1.88
2012.01.12 15:32:42.230,1.53243,1.53257,4.88,4.59
2012.01.12 15:32:43.095,1.53238,1.53247,2.63,3.75
2012.01.12 15:32:43.203,1.53237,1.53247,3.00,4.85
2012.01.12 15:32:43.380,1.53234,1.53242,1.88,2.63
2012.01.12 15:32:43.940,1.53233,1.53242,1.50,2.63
2012.01.12 15:32:44.008,1.53233,1.5324,1.50,1.50
2012.01.12 15:32:44.698,1.53227,1.5324,1.50,2.25
2012.01.12 15:32:44.783,1.53227,1.53239,2.63,1.50
2012.01.12 15:32:44.860,1.53227,1.5324,2.25,1.13
2012.01.12 15:32:45.429,1.53233,1.5324,2.25,1.13
2012.01.12 15:32:46.226,1.53229,1.5324,3.75,1.13
2012.01.12 15:32:46.574,1.5323,1.53242,1.88,1.88
2012.01.12 15:32:46.868,1.5323,1.5324,1.13,1.13
2012.01.12 15:32:47.335,1.53231,1.53242,2.25,3.00
2012.01.12 15:32:48.065,1.53234,1.53242,1.50,1.13
2012.01.12 15:32:48.157,1.53238,1.53251,4.13,1.50
2012.01.12 15:32:48.237,1.53238,1.53248,3.38,2.25
2012.01.12 15:32:48.381,1.53238,1.53252,4.13,4.88
2012.01.12 15:32:48.599,1.53238,1.53252,4.13,4.88
2012.01.12 15:32:48.741,1.53238,1.53247,2.25,1.88
2012.01.12 15:32:49.287,1.53237,1.53247,1.50,1.88
2012.01.12 15:32:49.946,1.5324,1.53252,2.25,4.88
2012.01.12 15:32:50.031,1.5324,1.53252,3.00,3.00
2012.01.12 15:32:50.597,1.5324,1.53252,1.50,2.63
2012.01.12 15:32:50.951,1.5324,1.53247,1.50,1.88
2012.01.12 15:32:51.763,1.53238,1.53247,1.50,1.88
2012.01.12 15:32:52.072,1.53247,1.53255,2.25,1.88
2012.01.12 15:32:52.497,1.53245,1.53256,2.25,1.50
2012.01.12 15:32:53.057,1.53245,1.53257,2.25,2.63
2012.01.12 15:32:53.688,1.53245,1.53257,2.25,1.88
2012.01.12 15:32:54.235,1.53245,1.53257,2.25,1.88
2012.01.12 15:32:54.879,1.53245,1.53257,2.25,1.88
2012.01.12 15:32:55.096,1.53253,1.53257,2.25,1.88
2012.01.12 15:32:55.759,1.53258,1.53265,1.50,1.59
2012.01.12 15:32:55.847,1.53257,1.53266,2.25,1.50
2012.01.12 15:32:55.998,1.53257,1.53267,2.25,3.38
2012.01.12 15:32:56.208,1.53257,1.53262,2.25,1.88
2012.01.12 15:32:56.570,1.53254,1.53262,3.00,4.13
2012.01.12 15:32:56.712,1.53257,1.53262,2.25,3.38
2012.01.12 15:32:56.928,1.53257,1.53265,2.25,1.50
2012.01.12 15:32:56.999,1.53257,1.53266,2.25,1.13
2012.01.12 15:32:57.687,1.53257,1.53267,3.00,3.38
2012.01.12 15:32:57.785,1.53257,1.53262,2.25,1.88
2012.01.12 15:32:57.944,1.53257,1.53265,2.25,2.25
2012.01.12 15:32:58.305,1.53257,1.53262,2.25,1.13
2012.01.12 15:32:58.717,1.53257,1.53267,4.50,2.63
2012.01.12 15:32:59.387,1.53256,1.53267,2.25,4.88
2012.01.12 15:32:59.500,1.53253,1.53265,2.63,1.50
2012.01.12 15:32:59.574,1.53253,1.53267,4.13,3.38
2012.01.12 15:33:00.117,1.53253,1.53267,4.13,4.13
2012.01.12 15:33:00.187,1.53253,1.53265,2.63,1.50
2012.01.12 15:33:00.400,1.53253,1.53267,4.13,3.38
2012.01.12 15:33:01.270,1.53253,1.53267,4.13,4.13
2012.01.12 15:33:01.427,1.53253,1.53265,2.63,1.50
2012.01.12 15:33:01.982,1.53253,1.53267,6.38,3.38
2012.01.12 15:33:05.258,1.53256,1.53268,2.63,3.00
2012.01.12 15:33:05.335,1.5326,1.5327,1.50,3.40
2012.01.12 15:33:05.410,1.53263,1.53272,1.50,3.38
2012.01.12 15:33:05.551,1.53265,1.53275,1.88,1.45
2012.01.12 15:33:05.631,1.53265,1.53278,3.38,4.45
2012.01.12 15:33:05.838,1.53271,1.53283,3.00,1.50
2012.01.12 15:33:06.127,1.53269,1.53282,3.00,1.88
2012.01.12 15:33:06.345,1.53268,1.53281,4.13,1.50
2012.01.12 15:33:06.421,1.53268,1.53278,2.25,1.88
2012.01.12 15:33:07.057,1.53267,1.5328,3.75,2.25
2012.01.12 15:33:07.617,1.53267,1.53279,2.25,1.84
2012.01.12 15:33:07.765,1.53267,1.53277,2.25,1.88
2012.01.12 15:33:07.913,1.53267,1.53273,1.50,1.88
2012.01.12 15:33:08.631,1.53263,1.53273,1.50,5.63
2012.01.12 15:33:08.728,1.53259,1.53271,2.63,3.00
2012.01.12 15:33:09.636,1.5326,1.53271,1.50,3.00
2012.01.12 15:33:09.709,1.53263,1.53271,1.88,3.00
2012.01.12 15:33:09.993,1.53259,1.53271,2.25,1.88
2012.01.12 15:33:10.531,1.53259,1.53272,2.25,2.63
2012.01.12 15:33:11.158,1.53259,1.53272,2.25,2.25
2012.01.12 15:33:11.718,1.53259,1.53271,2.25,1.88
2012.01.12 15:33:14.478,1.53258,1.53271,2.63,3.00
2012.01.12 15:33:15.156,1.53258,1.5327,2.63,1.50
2012.01.12 15:33:15.772,1.53255,1.53267,2.25,2.63
2012.01.12 15:33:16.332,1.53257,1.53267,2.25,1.88
2012.01.12 15:33:16.886,1.53255,1.53267,2.25,1.88
2012.01.12 15:33:17.557,1.53255,1.53267,2.25,1.88
2012.01.12 15:33:18.251,1.53258,1.53267,2.25,1.88
2012.01.12 15:33:18.397,1.53256,1.53267,2.25,1.88
2012.01.12 15:33:18.946,1.53256,1.53267,1.50,2.63
2012.01.12 15:33:19.465,1.53254,1.53267,2.25,2.63
2012.01.12 15:33:20.095,1.53253,1.53266,2.63,1.50
2012.01.12 15:33:21.058,1.53252,1.53256,2.25,1.50
2012.01.12 15:33:21.285,1.53243,1.53254,2.63,2.25
2012.01.12 15:33:21.639,1.53245,1.53256,1.50,2.25
2012.01.12 15:33:21.988,1.53243,1.53252,2.25,1.88
2012.01.12 15:33:22.317,1.53243,1.53252,2.25,1.88
2012.01.12 15:33:24.820,1.53243,1.53252,2.25,1.88
2012.01.12 15:33:25.719,1.53245,1.53252,2.25,1.88
2012.01.12 15:33:26.076,1.53248,1.53252,1.50,1.88
2012.01.12 15:33:26.228,1.5325,1.53257,1.50,4.13
2012.01.12 15:33:26.444,1.53248,1.53257,2.25,1.88
2012.01.12 15:33:27.396,1.53248,1.53258,4.13,2.25
2012.01.12 15:33:27.542,1.53248,1.53262,4.88,3.38
2012.01.12 15:33:28.269,1.53252,1.53262,2.25,1.88
2012.01.12 15:33:29.956,1.53252,1.53262,2.25,1.88
2012.01.12 15:33:30.517,1.53252,1.53262,2.25,1.88
2012.01.12 15:33:30.598,1.53248,1.53262,4.13,4.13
2012.01.12 15:33:31.985,1.53248,1.53262,4.13,4.88
2012.01.12 15:33:32.525,1.53248,1.53262,4.13,4.13
2012.01.12 15:33:33.935,1.53248,1.53262,4.13,4.88
2012.01.12 15:33:34.525,1.53248,1.53262,4.13,4.13
2012.01.12 15:33:35.034,1.53248,1.53262,4.13,4.88
2012.01.12 15:33:35.909,1.53248,1.53257,2.25,1.88
2012.01.12 15:33:36.470,1.53248,1.53257,2.25,1.88
2012.01.12 15:33:37.242,1.53248,1.53257,2.25,1.88
2012.01.12 15:33:38.518,1.53246,1.53257,2.25,1.88
2012.01.12 15:33:38.867,1.53244,1.53257,2.25,1.88
2012.01.12 15:33:39.426,1.53244,1.53257,2.25,2.63
2012.01.12 15:33:40.996,1.53244,1.53257,2.25,2.63
2012.01.12 15:33:41.093,1.53243,1.53252,3.00,1.88
2012.01.12 15:33:41.448,1.53243,1.53253,4.13,2.25
2012.01.12 15:33:41.797,1.53248,1.53257,2.25,1.88
2012.01.12 15:33:43.500,1.53246,1.53257,2.25,1.88
2012.01.12 15:33:43.587,1.53242,1.5325,2.25,1.50
2012.01.12 15:33:43.949,1.53241,1.53252,1.50,5.25
2012.01.12 15:33:44.028,1.53241,1.53248,1.50,2.25
2012.01.12 15:33:44.590,1.53238,1.53252,4.13,3.38
2012.01.12 15:33:45.233,1.53244,1.53252,2.25,1.88
2012.01.12 15:33:45.847,1.53244,1.53252,2.25,1.88
2012.01.12 15:33:46.397,1.53242,1.53252,2.25,1.88
2012.01.12 15:33:46.946,1.53242,1.53252,2.25,1.88
2012.01.12 15:33:47.806,1.53244,1.53252,2.25,1.88
2012.01.12 15:33:48.025,1.53244,1.53257,2.25,4.13
2012.01.12 15:33:48.546,1.53243,1.53256,2.63,1.50
2012.01.12 15:33:49.028,1.53242,1.53252,2.25,1.88
2012.01.12 15:33:49.172,1.53242,1.53252,2.25,1.88
2012.01.12 15:33:49.878,1.53247,1.53253,4.13,2.25
2012.01.12 15:33:49.964,1.53247,1.5326,6.38,1.88
2012.01.12 15:33:50.471,1.53247,1.53259,1.88,2.25
2012.01.12 15:33:52.568,1.53247,1.53259,1.88,2.25
2012.01.12 15:33:53.109,1.53247,1.53259,1.88,2.25
2012.01.12 15:33:53.998,1.53247,1.53259,1.88,2.25
2012.01.12 15:33:54.513,1.53247,1.53259,1.88,2.25
2012.01.12 15:33:55.037,1.53247,1.53259,1.88,2.25
2012.01.12 15:33:55.613,1.53247,1.53259,1.88,2.25
2012.01.12 15:33:56.216,1.53245,1.53257,2.25,1.88
2012.01.12 15:33:56.501,1.53243,1.53257,5.63,4.13
2012.01.12 15:33:56.655,1.53243,1.53255,1.88,2.25
2012.01.12 15:33:57.373,1.53243,1.53254,1.88,3.75
2012.01.12 15:33:57.731,1.53243,1.53254,1.88,2.25
2012.01.12 15:34:00.074,1.53243,1.53256,1.88,2.25
2012.01.12 15:34:02.905,1.53242,1.53252,4.50,1.88
2012.01.12 15:34:03.471,1.5324,1.53247,2.25,1.88
2012.01.12 15:34:03.551,1.53239,1.53247,1.50,1.88
2012.01.12 15:34:03.827,1.53239,1.53252,1.50,3.38
2012.01.12 15:34:03.970,1.53238,1.53252,4.13,4.13
2012.01.12 15:34:04.181,1.53242,1.53252,1.50,1.88
2012.01.12 15:34:04.917,1.5324,1.5325,2.25,1.13
2012.01.12 15:34:05.265,1.5324,1.5325,2.25,1.13
2012.01.12 15:34:05.690,1.5324,1.5325,1.50,1.13
2012.01.12 15:34:06.240,1.53238,1.5325,4.13,1.88
2012.01.12 15:34:06.940,1.53238,1.5325,4.13,1.88
2012.01.12 15:34:07.453,1.53238,1.53249,3.38,1.50
2012.01.12 15:34:07.955,1.53238,1.53249,3.38,1.50
2012.01.12 15:34:08.310,1.53237,1.53246,2.25,1.50
2012.01.12 15:34:08.519,1.53233,1.53245,2.63,1.50
2012.01.12 15:34:08.733,1.53234,1.53246,1.50,2.25
2012.01.12 15:34:08.885,1.53238,1.53247,1.50,3.38
2012.01.12 15:34:09.816,1.53238,1.53247,1.50,2.63
2012.01.12 15:34:10.183,1.53238,1.53243,1.50,1.88
2012.01.12 15:34:10.265,1.53236,1.53243,3.00,1.88
2012.01.12 15:34:10.340,1.53232,1.53243,3.00,4.13
2012.01.12 15:34:10.411,1.53232,1.53243,2.25,4.88
2012.01.12 15:34:10.699,1.53233,1.53243,2.63,2.25
2012.01.12 15:34:10.767,1.53236,1.53246,1.50,3.75
2012.01.12 15:34:11.743,1.53238,1.53247,1.50,2.63
2012.01.12 15:34:12.439,1.53238,1.53247,1.50,2.63
2012.01.12 15:34:12.927,1.53238,1.53248,4.13,2.25
2012.01.12 15:34:13.002,1.5324,1.53252,2.25,3.38
2012.01.12 15:34:13.346,1.5324,1.53252,2.25,1.88
2012.01.12 15:34:13.690,1.53238,1.53247,3.75,1.88
2012.01.12 15:34:13.759,1.53238,1.53247,3.75,1.88
2012.01.12 15:34:15.007,1.53235,1.53247,2.25,1.88
2012.01.12 15:34:15.422,1.53235,1.53247,2.25,3.38
2012.01.12 15:34:15.889,1.53233,1.53246,4.13,1.50
2012.01.12 15:34:16.240,1.53236,1.53243,2.25,2.25
2012.01.12 15:34:16.744,1.53238,1.53247,2.25,2.63
2012.01.12 15:34:17.333,1.53238,1.53247,2.25,1.88
2012.01.12 15:34:17.720,1.53238,1.53247,2.25,1.88
2012.01.12 15:34:19.700,1.53236,1.53247,2.25,2.63
2012.01.12 15:34:20.217,1.53237,1.53247,1.50,4.13
2012.01.12 15:34:20.286,1.53233,1.53247,4.88,5.63
2012.01.12 15:34:20.500,1.53233,1.53244,2.25,2.63
2012.01.12 15:34:20.846,1.53233,1.53242,1.50,1.88
2012.01.12 15:34:21.397,1.53233,1.53242,2.25,1.88
2012.01.12 15:34:22.359,1.53233,1.53242,2.25,1.88
2012.01.12 15:34:23.921,1.53233,1.53242,2.25,1.88
2012.01.12 15:34:24.436,1.53233,1.53242,2.25,1.88
2012.01.12 15:34:25.254,1.53233,1.53242,2.25,1.88
2012.01.12 15:34:25.379,1.53233,1.53242,1.50,1.88
2012.01.12 15:34:25.955,1.53231,1.5324,1.50,2.25
2012.01.12 15:34:26.034,1.53228,1.53239,1.88,1.50
2012.01.12 15:34:26.599,1.53228,1.53237,1.88,1.50
2012.01.12 15:34:27.230,1.53228,1.5324,2.63,2.63
2012.01.12 15:34:27.442,1.53238,1.53243,1.88,3.00
2012.01.12 15:34:27.998,1.53238,1.53243,1.88,2.25
2012.01.12 15:34:28.091,1.53243,1.53249,1.50,1.50
2012.01.12 15:34:28.308,1.53241,1.53249,1.50,1.50
2012.01.12 15:34:28.381,1.53241,1.53252,1.50,3.38
2012.01.12 15:34:28.460,1.53239,1.53247,1.50,2.63
2012.01.12 15:34:28.535,1.53239,1.53247,1.88,2.63
2012.01.12 15:34:29.099,1.53235,1.53247,2.25,2.63
2012.01.12 15:34:29.171,1.53237,1.53247,1.50,2.63
2012.01.12 15:34:29.735,1.53233,1.53243,1.50,3.00
2012.01.12 15:34:30.288,1.53233,1.53244,1.50,4.88
2012.01.12 15:34:31.786,1.53231,1.53244,1.50,4.88
2012.01.12 15:34:33.259,1.53231,1.53244,2.25,4.88
2012.01.12 15:34:33.327,1.53233,1.53244,1.50,4.88
2012.01.12 15:34:36.935,1.53231,1.53244,3.75,4.88
2012.01.12 15:34:38.863,1.53233,1.53244,2.25,4.13
2012.01.12 15:34:39.224,1.53241,1.53249,2.25,3.00
2012.01.12 15:34:39.303,1.53238,1.53249,1.88,3.00
2012.01.12 15:34:39.801,1.53238,1.53249,1.88,3.00
2012.01.12 15:34:40.026,1.53233,1.53247,5.63,4.13
2012.01.12 15:34:40.589,1.53233,1.53247,7.13,4.13
2012.01.12 15:34:41.129,1.53233,1.53247,7.88,4.13
2012.01.12 15:34:41.271,1.53235,1.53247,1.50,2.63
2012.01.12 15:34:41.576,1.53233,1.53242,1.50,3.38
2012.01.12 15:34:41.654,1.53228,1.53241,3.38,3.00
2012.01.12 15:34:42.349,1.53228,1.53239,2.63,1.50
2012.01.12 15:34:42.440,1.53224,1.53237,2.25,4.13
2012.01.12 15:34:42.805,1.53228,1.53238,1.88,3.00
2012.01.12 15:34:43.227,1.53225,1.53237,1.50,2.63
2012.01.12 15:34:43.758,1.53223,1.53236,5.25,2.25
2012.01.12 15:34:44.110,1.53225,1.53235,1.50,2.63
2012.01.12 15:34:44.950,1.53228,1.53236,1.88,2.59
2012.01.12 15:34:45.089,1.53228,1.53236,1.88,1.09
2012.01.12 15:34:45.298,1.53225,1.53235,1.50,2.63
2012.01.12 15:34:46.679,1.53223,1.53235,4.13,1.88
2012.01.12 15:34:46.750,1.53223,1.53235,1.50,2.63
2012.01.12 15:34:47.099,1.53222,1.53229,1.88,2.25
2012.01.12 15:34:47.684,1.53223,1.53233,2.25,2.25
2012.01.12 15:34:48.050,1.53226,1.53233,1.50,2.25
2012.01.12 15:34:48.121,1.53226,1.53236,1.50,1.09
2012.01.12 15:34:49.220,1.53224,1.53237,2.25,2.97
2012.01.12 15:34:50.125,1.53224,1.53236,2.25,2.59
2012.01.12 15:34:50.596,1.53222,1.53234,3.38,2.25
2012.01.12 15:34:50.955,1.53224,1.53232,1.50,1.88
2012.01.12 15:34:51.032,1.53222,1.53232,2.25,1.88
2012.01.12 15:34:51.252,1.53224,1.53235,1.50,1.50
2012.01.12 15:34:51.400,1.53224,1.53237,1.50,3.38
2012.01.12 15:34:51.948,1.53223,1.53236,1.88,2.25
2012.01.12 15:34:52.672,1.53224,1.53237,1.50,2.63
2012.01.12 15:34:52.835,1.53223,1.5323,4.13,1.13
2012.01.12 15:34:53.188,1.5322,1.53227,2.25,1.88
2012.01.12 15:34:53.329,1.53216,1.53227,2.25,1.88
2012.01.12 15:34:53.537,1.53218,1.53227,1.50,1.88
2012.01.12 15:34:54.079,1.53216,1.53227,2.25,1.88
2012.01.12 15:34:56.108,1.53216,1.53227,2.25,2.63
2012.01.12 15:34:56.643,1.53214,1.53227,1.50,4.13
2012.01.12 15:34:56.719,1.53214,1.53227,2.25,4.13
2012.01.12 15:34:58.370,1.53214,1.53227,1.50,3.38
2012.01.12 15:34:58.726,1.53212,1.53222,2.25,1.88
2012.01.12 15:34:59.193,1.53215,1.53223,1.50,2.25
2012.01.12 15:34:59.268,1.53217,1.53227,1.50,4.13
2012.01.12 15:34:59.776,1.53217,1.53227,1.50,1.88
2012.01.12 15:35:00.427,1.53217,1.53227,2.25,1.88
2012.01.12 15:35:00.504,1.53221,1.5323,2.25,1.13
2012.01.12 15:35:00.654,1.53219,1.53232,1.50,3.15
2012.01.12 15:35:00.739,1.53219,1.53227,1.50,1.88
2012.01.12 15:35:01.157,1.53219,1.53227,2.25,1.88
2012.01.12 15:35:01.258,1.53217,1.53227,3.75,1.88
2012.01.12 15:35:01.548,1.53219,1.53227,1.50,2.63
2012.01.12 15:35:01.622,1.53217,1.53227,1.50,2.63
2012.01.12 15:35:02.495,1.53215,1.53227,4.50,1.88
2012.01.12 15:35:03.250,1.53215,1.53227,1.50,3.38
2012.01.12 15:35:03.531,1.53215,1.53227,1.50,3.38
2012.01.12 15:35:04.510,1.53215,1.53227,1.50,3.38
2012.01.12 15:35:04.998,1.53215,1.53226,1.50,2.25
2012.01.12 15:35:05.207,1.53215,1.53225,1.50,1.50
2012.01.12 15:35:06.066,1.53215,1.53226,1.50,1.50
2012.01.12 15:35:06.697,1.53215,1.53226,1.50,1.50
2012.01.12 15:35:06.778,1.53215,1.53226,1.50,1.50
2012.01.12 15:35:07.118,1.53213,1.5322,4.13,1.88
2012.01.12 15:35:07.470,1.53208,1.5322,3.00,4.13
2012.01.12 15:35:07.625,1.53208,1.53217,2.25,1.88
2012.01.12 15:35:07.789,1.53208,1.53212,2.25,1.88
2012.01.12 15:35:08.352,1.532,1.53211,2.25,1.50
2012.01.12 15:35:09.429,1.53203,1.53207,1.50,1.88
2012.01.12 15:35:09.570,1.53201,1.53207,2.25,1.88
2012.01.12 15:35:10.451,1.53202,1.53207,2.25,1.88
2012.01.12 15:35:10.963,1.53203,1.53212,3.00,5.97
2012.01.12 15:35:11.253,1.53204,1.53215,2.25,1.50
2012.01.12 15:35:11.398,1.53207,1.53216,1.50,1.09
2012.01.12 15:35:11.748,1.53205,1.53216,5.25,1.84
2012.01.12 15:35:12.853,1.53202,1.5321,4.50,1.13
2012.01.12 15:35:13.015,1.53202,1.5321,2.25,4.92
2012.01.12 15:35:13.232,1.53198,1.53207,1.50,2.71
2012.01.12 15:35:13.314,1.53198,1.53207,1.50,4.21
2012.01.12 15:35:13.533,1.53195,1.53206,2.25,2.25
2012.01.12 15:35:14.901,1.53195,1.53206,2.25,2.25
2012.01.12 15:35:15.119,1.53195,1.53206,2.25,2.25
2012.01.12 15:35:15.679,1.53196,1.53207,1.50,2.63
2012.01.12 15:35:16.099,1.53194,1.53207,2.25,2.63
2012.01.12 15:35:16.171,1.53194,1.53207,1.50,2.63
2012.01.12 15:35:16.853,1.53194,1.53207,1.50,2.63
2012.01.12 15:35:17.436,1.53194,1.53207,1.50,2.63
2012.01.12 15:35:17.758,1.53197,1.53207,1.50,2.63
2012.01.12 15:35:17.897,1.53197,1.53207,1.50,2.63
2012.01.12 15:35:18.405,1.53195,1.53207,1.50,2.63
2012.01.12 15:35:18.928,1.53195,1.53207,1.50,2.63
2012.01.12 15:35:19.699,1.53195,1.53207,1.50,2.63
2012.01.12 15:35:19.786,1.53198,1.53207,1.88,1.50
2012.01.12 15:35:20.356,1.53198,1.53204,1.88,1.50
2012.01.12 15:35:20.498,1.53191,1.53202,2.25,1.88
2012.01.12 15:35:20.646,1.53188,1.532,2.63,1.50
2012.01.12 15:35:21.236,1.53188,1.53202,3.38,5.63
2012.01.12 15:35:21.744,1.53188,1.53202,4.88,4.13
2012.01.12 15:35:22.437,1.53188,1.53202,5.63,4.13
2012.01.12 15:35:22.512,1.53193,1.53203,1.88,3.00
2012.01.12 15:35:23.269,1.53198,1.53207,1.88,3.75
2012.01.12 15:35:23.831,1.53198,1.53207,1.88,1.50
2012.01.12 15:35:23.912,1.53198,1.53209,1.88,2.25
2012.01.12 15:35:24.065,1.53198,1.53209,1.88,2.25
2012.01.12 15:35:24.142,1.53198,1.53209,1.88,3.75
2012.01.12 15:35:24.930,1.53198,1.53211,2.63,2.25
2012.01.12 15:35:25.653,1.53198,1.53207,1.50,1.88
2012.01.12 15:35:26.950,1.53195,1.53207,2.33,1.50
2012.01.12 15:35:27.302,1.53198,1.53207,2.70,2.25
2012.01.12 15:35:27.384,1.53198,1.53209,3.45,1.50
2012.01.12 15:35:27.460,1.53198,1.53209,1.58,1.50
2012.01.12 15:35:28.019,1.53196,1.53208,2.33,3.00
2012.01.12 15:35:31.200,1.53195,1.53207,2.25,2.63
2012.01.12 15:35:31.868,1.53194,1.53207,3.90,4.13
2012.01.12 15:35:32.276,1.53194,1.53207,1.65,3.38
2012.01.12 15:35:32.795,1.53195,1.53207,2.25,2.63
2012.01.12 15:35:33.669,1.53193,1.53207,3.53,1.88
2012.01.12 15:35:34.019,1.53193,1.53206,1.88,1.50
2012.01.12 15:35:34.526,1.53193,1.53206,1.88,1.50
2012.01.12 15:35:35.028,1.53193,1.53206,1.88,1.50
2012.01.12 15:35:36.119,1.53193,1.53206,1.88,1.50
2012.01.12 15:35:37.617,1.53192,1.53205,2.25,2.25
2012.01.12 15:35:37.889,1.53189,1.53203,2.25,3.75
2012.01.12 15:35:38.726,1.53189,1.53203,1.50,3.75
2012.01.12 15:35:40.270,1.53189,1.53203,1.50,3.75
2012.01.12 15:35:40.778,1.53189,1.53202,1.50,5.26
2012.01.12 15:35:41.456,1.53191,1.53202,1.50,2.63
2012.01.12 15:35:41.815,1.53193,1.53202,1.50,2.63
2012.01.12 15:35:41.893,1.53191,1.53202,1.50,2.63
2012.01.12 15:35:43.322,1.53191,1.53202,2.25,2.63
2012.01.12 15:35:44.221,1.53191,1.53195,1.50,1.88
2012.01.12 15:35:44.372,1.5318,1.53195,1.65,1.88
2012.01.12 15:35:44.660,1.53183,1.53197,2.63,3.38
2012.01.12 15:35:44.871,1.53187,1.53197,6.00,3.38
2012.01.12 15:35:45.090,1.53193,1.53198,2.25,2.25
2012.01.12 15:35:45.446,1.53197,1.53202,1.88,2.59
2012.01.12 15:35:45.588,1.53197,1.53207,4.13,2.25
2012.01.12 15:35:46.373,1.53194,1.53207,1.50,2.63
2012.01.12 15:35:46.586,1.53194,1.53207,2.25,2.63
2012.01.12 15:35:47.376,1.53194,1.53207,1.50,2.63
2012.01.12 15:35:48.222,1.53194,1.53207,2.25,2.63
2012.01.12 15:35:49.090,1.53193,1.53202,1.50,1.88
2012.01.12 15:35:49.162,1.53191,1.53202,2.25,1.88
2012.01.12 15:35:49.523,1.53193,1.53204,3.38,1.50
2012.01.12 15:35:49.601,1.53193,1.53207,4.88,4.13
2012.01.12 15:35:50.536,1.53194,1.53207,1.50,4.13
2012.01.12 15:35:50.819,1.53197,1.53207,2.25,4.13
2012.01.12 15:35:51.027,1.53194,1.53207,2.25,4.13
2012.01.12 15:35:52.493,1.53197,1.53207,4.50,1.88
2012.01.12 15:35:52.858,1.53199,1.53208,2.03,2.25
2012.01.12 15:35:52.934,1.532,1.53211,1.50,1.50
2012.01.12 15:35:53.085,1.53203,1.53211,4.50,1.50
2012.01.12 15:35:53.394,1.53212,1.53217,1.50,1.50
2012.01.12 15:35:54.121,1.5321,1.53221,2.78,1.50
2012.01.12 15:35:54.415,1.53224,1.5323,1.88,3.75
2012.01.12 15:35:54.493,1.53221,1.53228,4.50,3.75
2012.01.12 15:35:54.863,1.53224,1.53233,1.50,1.50
2012.01.12 15:35:55.512,1.53226,1.53235,1.50,2.25
2012.01.12 15:35:55.599,1.53227,1.53235,1.50,1.50
2012.01.12 15:35:55.739,1.53225,1.53232,1.50,1.50
2012.01.12 15:35:56.095,1.53224,1.53232,1.50,3.00
2012.01.12 15:35:56.238,1.53224,1.53229,1.50,1.50
2012.01.12 15:35:56.693,1.53219,1.53229,1.50,1.50
2012.01.12 15:35:56.897,1.53219,1.53229,1.50,1.50
2012.01.12 15:35:57.430,1.53216,1.53229,2.25,1.50
2012.01.12 15:35:58.101,1.53222,1.53229,2.25,1.50
2012.01.12 15:35:58.193,1.53222,1.53234,2.25,2.25
2012.01.12 15:35:58.973,1.53222,1.53234,2.25,2.25
2012.01.12 15:35:59.108,1.53218,1.5323,1.58,1.50
2012.01.12 15:35:59.636,1.53218,1.53232,2.33,2.25
2012.01.12 15:36:01.479,1.53218,1.53232,2.25,2.25
2012.01.12 15:36:02.038,1.53217,1.5323,3.75,2.25
2012.01.12 15:36:02.269,1.53218,1.53227,1.88,1.50
2012.01.12 15:36:03.110,1.53215,1.53222,1.50,3.38
2012.01.12 15:36:03.419,1.5321,1.53217,1.50,4.13
2012.01.12 15:36:03.563,1.53208,1.53217,1.50,3.38
2012.01.12 15:36:03.708,1.53206,1.53217,1.50,4.13
2012.01.12 15:36:04.129,1.53203,1.53217,5.63,4.13
2012.01.12 15:36:04.790,1.53205,1.53217,1.50,2.63
2012.01.12 15:36:06.827,1.53205,1.53217,1.50,2.63
2012.01.12 15:36:07.782,1.53203,1.53217,3.38,4.13
2012.01.12 15:36:08.549,1.53203,1.53217,4.13,4.13
2012.01.12 15:36:09.020,1.53205,1.53215,1.50,2.25
2012.01.12 15:36:09.706,1.53205,1.53217,1.50,2.63
2012.01.12 15:36:10.179,1.53203,1.53217,4.13,4.13
2012.01.12 15:36:10.717,1.53205,1.53217,1.50,2.63
2012.01.12 15:36:11.507,1.53205,1.53217,1.50,2.63
2012.01.12 15:36:11.838,1.53202,1.53212,2.25,2.63
2012.01.12 15:36:16.156,1.53201,1.53212,1.50,1.88
2012.01.12 15:36:17.009,1.53201,1.53212,1.50,3.38
2012.01.12 15:36:17.795,1.53209,1.53217,1.50,2.63
2012.01.12 15:36:18.139,1.53213,1.53224,2.63,1.50
2012.01.12 15:36:18.477,1.53213,1.53222,2.63,1.50
2012.01.12 15:36:19.056,1.53213,1.53222,2.63,1.50
2012.01.12 15:36:19.547,1.53213,1.53224,2.63,3.00
2012.01.12 15:36:19.762,1.53215,1.53226,1.50,1.50
2012.01.12 15:36:20.252,1.53216,1.53222,1.50,1.88
2012.01.12 15:36:20.344,1.53216,1.53227,1.50,3.38
2012.01.12 15:36:20.561,1.53216,1.53227,1.50,2.63
2012.01.12 15:36:20.770,1.5322,1.53228,1.50,2.25
2012.01.12 15:36:20.839,1.5322,1.53231,1.50,1.50
2012.01.12 15:36:20.977,1.53218,1.53231,3.38,2.25
2012.01.12 15:36:21.467,1.5322,1.53232,2.25,1.88
2012.01.12 15:36:22.231,1.5322,1.53232,1.50,3.38
2012.01.12 15:36:22.871,1.53218,1.53232,5.25,3.38
2012.01.12 15:36:23.448,1.53218,1.53232,5.25,3.38
2012.01.12 15:36:23.832,1.53219,1.53232,2.78,3.38
2012.01.12 15:36:24.503,1.53224,1.53232,2.25,1.88
2012.01.12 15:36:24.596,1.53228,1.53238,2.63,3.00
2012.01.12 15:36:24.671,1.53228,1.53238,2.63,2.25
2012.01.12 15:36:25.369,1.53228,1.53238,3.38,1.50
2012.01.12 15:36:25.723,1.53226,1.53237,1.50,1.88
2012.01.12 15:36:26.925,1.53226,1.53237,1.50,1.88
2012.01.12 15:36:27.894,1.53226,1.53237,2.25,1.88
2012.01.12 15:36:29.948,1.53226,1.53237,2.25,1.88
2012.01.12 15:36:31.345,1.53226,1.53237,1.50,1.88
2012.01.12 15:36:32.151,1.53226,1.53237,1.50,1.88
2012.01.12 15:36:32.663,1.53228,1.53237,2.25,1.88
2012.01.12 15:36:33.020,1.53224,1.53237,3.00,2.63
2012.01.12 15:36:33.438,1.53223,1.53232,1.50,1.88
2012.01.12 15:36:34.034,1.53224,1.53232,2.25,1.88
2012.01.12 15:36:34.460,1.53224,1.53232,2.25,1.88
2012.01.12 15:36:34.531,1.53224,1.53232,2.25,1.88
2012.01.12 15:36:35.077,1.53224,1.53232,2.25,1.88
2012.01.12 15:36:35.648,1.53224,1.53232,2.25,1.88
2012.01.12 15:36:36.409,1.53224,1.53232,2.25,1.88
2012.01.12 15:36:37.388,1.53224,1.53232,2.25,1.88
2012.01.12 15:36:37.911,1.53224,1.53237,2.25,4.88
2012.01.12 15:36:38.811,1.53224,1.53237,2.25,3.72
2012.01.12 15:36:38.893,1.53224,1.53232,2.25,1.88
2012.01.12 15:36:38.974,1.53222,1.53232,3.75,1.88
2012.01.12 15:36:39.510,1.53222,1.53232,2.25,1.88
2012.01.12 15:36:40.275,1.53222,1.53232,2.25,1.88
2012.01.12 15:36:41.395,1.53222,1.53232,2.25,1.88
2012.01.12 15:36:41.478,1.53222,1.53232,2.25,1.88
2012.01.12 15:36:43.702,1.53218,1.53227,2.25,1.88
2012.01.12 15:36:44.061,1.5322,1.53232,2.25,2.63
2012.01.12 15:36:44.568,1.53218,1.53232,4.88,3.38
2012.01.12 15:36:45.760,1.53218,1.53232,4.88,3.38
2012.01.12 15:36:46.705,1.53218,1.53232,4.88,3.38
2012.01.12 15:36:47.107,1.53218,1.5323,3.38,1.50
2012.01.12 15:36:47.796,1.53218,1.53232,4.88,3.38
2012.01.12 15:36:48.571,1.53218,1.53232,4.88,3.38
2012.01.12 15:36:49.460,1.53218,1.53232,4.88,3.38
2012.01.12 15:36:50.850,1.53216,1.53222,1.50,1.88
2012.01.12 15:36:50.992,1.53213,1.53222,2.25,1.88
2012.01.12 15:36:51.536,1.53213,1.53222,2.25,1.88
2012.01.12 15:36:52.009,1.53218,1.53223,1.50,2.25
2012.01.12 15:36:52.208,1.53218,1.53227,2.25,1.88
2012.01.12 15:36:52.759,1.53216,1.53227,2.25,1.88
2012.01.12 15:36:53.710,1.53216,1.53227,2.25,1.88
2012.01.12 15:36:54.577,1.53216,1.53227,2.25,1.88
2012.01.12 15:36:55.273,1.53216,1.53227,2.25,1.88
2012.01.12 15:36:56.259,1.53216,1.53227,2.25,1.88
2012.01.12 15:36:57.952,1.53216,1.53227,2.25,1.88
2012.01.12 15:37:00.120,1.53216,1.53227,2.25,1.88
2012.01.12 15:37:00.786,1.53216,1.53227,2.25,1.88
2012.01.12 15:37:02.678,1.53215,1.53227,2.25,1.88
2012.01.12 15:37:03.020,1.53216,1.53227,2.25,3.38
2012.01.12 15:37:03.234,1.53213,1.53227,4.88,3.38
2012.01.12 15:37:04.188,1.53213,1.53227,4.88,4.13
2012.01.12 15:37:04.710,1.53215,1.53227,1.50,2.63
2012.01.12 15:37:05.727,1.53217,1.53227,1.50,2.63
2012.01.12 15:37:06.084,1.53219,1.53232,1.50,2.63
2012.01.12 15:37:06.160,1.53219,1.53232,1.50,2.63
2012.01.12 15:37:06.755,1.53217,1.53227,1.50,2.63
2012.01.12 15:37:07.275,1.53215,1.53227,2.25,2.63
2012.01.12 15:37:07.355,1.53215,1.53227,1.50,2.63
2012.01.12 15:37:07.907,1.53215,1.53227,1.50,2.63
2012.01.12 15:37:12.125,1.53215,1.53227,1.50,2.63
2012.01.12 15:37:12.898,1.53215,1.53227,1.50,2.63
2012.01.12 15:37:13.445,1.53215,1.53222,1.50,1.88
2012.01.12 15:37:13.850,1.53213,1.53222,3.75,1.88
2012.01.12 15:37:14.201,1.53211,1.53217,1.50,1.88
2012.01.12 15:37:14.862,1.53211,1.53217,1.50,1.88
2012.01.12 15:37:16.697,1.5321,1.53217,1.50,1.88
2012.01.12 15:37:17.253,1.53215,1.53222,1.50,1.88
2012.01.12 15:37:17.328,1.53215,1.53222,1.50,1.88
2012.01.12 15:37:18.450,1.53213,1.53222,3.00,1.88
2012.01.12 15:37:18.998,1.53213,1.53222,2.25,1.88
2012.01.12 15:37:19.559,1.53213,1.53222,2.25,1.88
2012.01.12 15:37:20.669,1.5322,1.53229,1.95,2.25
2012.01.12 15:37:20.857,1.53222,1.53232,1.50,3.38
2012.01.12 15:37:21.155,1.53221,1.53232,2.63,1.88
2012.01.12 15:37:21.720,1.53221,1.53232,1.50,4.13
2012.01.12 15:37:22.262,1.53217,1.53227,1.50,1.88
2012.01.12 15:37:22.828,1.53218,1.53227,2.25,1.88
2012.01.12 15:37:23.739,1.53218,1.53227,2.25,1.88
2012.01.12 15:37:24.245,1.53218,1.53227,2.25,1.88
2012.01.12 15:37:24.986,1.53223,1.53227,3.00,1.88
2012.01.12 15:37:25.063,1.53218,1.53227,2.25,1.88
2012.01.12 15:37:25.278,1.53218,1.53227,2.25,1.88
2012.01.12 15:37:25.909,1.53218,1.53227,2.25,1.88
2012.01.12 15:37:26.894,1.53218,1.53227,1.50,1.88
2012.01.12 15:37:27.445,1.53213,1.53222,1.88,1.88
2012.01.12 15:37:27.782,1.53212,1.53217,2.25,1.88
2012.01.12 15:37:27.868,1.53207,1.53217,1.50,1.88
2012.01.12 15:37:28.437,1.53207,1.53217,2.25,1.88
2012.01.12 15:37:29.044,1.53207,1.53217,2.25,1.88
2012.01.12 15:37:29.616,1.53207,1.53217,2.25,1.88
2012.01.12 15:37:29.830,1.53213,1.53222,2.63,1.13
2012.01.12 15:37:30.054,1.53217,1.53222,1.50,3.00
2012.01.12 15:37:30.126,1.53215,1.53222,1.50,1.88
2012.01.12 15:37:30.953,1.53213,1.53222,2.25,1.88
2012.01.12 15:37:32.029,1.53213,1.53217,2.25,1.88
2012.01.12 15:37:32.869,1.53208,1.53218,2.25,2.25
2012.01.12 15:37:33.994,1.53208,1.53217,2.25,1.88
2012.01.12 15:37:35.736,1.53208,1.53217,2.25,1.88
2012.01.12 15:37:39.511,1.53208,1.53217,2.25,1.88
2012.01.12 15:37:39.590,1.53206,1.53217,2.25,1.88
2012.01.12 15:37:40.077,1.53203,1.53216,2.63,2.25
2012.01.12 15:37:40.614,1.53203,1.53216,2.63,3.00
2012.01.12 15:37:41.154,1.53203,1.53216,2.63,3.00
2012.01.12 15:37:41.890,1.53208,1.53214,1.50,1.13
2012.01.12 15:37:41.965,1.53208,1.53212,1.50,1.88
2012.01.12 15:37:42.038,1.53202,1.53212,2.25,1.88
2012.01.12 15:37:42.456,1.53204,1.53216,2.25,2.25
2012.01.12 15:37:42.526,1.53206,1.53216,1.50,2.25
2012.01.12 15:37:42.864,1.53204,1.53216,2.25,2.25
2012.01.12 15:37:43.547,1.53203,1.53215,2.63,1.50
2012.01.12 15:37:44.755,1.53199,1.53207,6.34,2.71
2012.01.12 15:37:45.079,1.53196,1.53204,3.75,5.10
2012.01.12 15:37:45.377,1.53193,1.53204,3.00,2.25
2012.01.12 15:37:45.899,1.53193,1.53205,3.75,4.50
2012.01.12 15:37:46.001,1.53191,1.53203,1.13,3.00
2012.01.12 15:37:46.223,1.53191,1.53202,1.50,3.38
2012.01.12 15:37:46.440,1.53189,1.53202,1.50,4.13
2012.01.12 15:37:46.590,1.53189,1.53202,1.50,3.38
2012.01.12 15:37:46.665,1.53189,1.53201,1.50,1.50
2012.01.12 15:37:47.550,1.5319,1.53198,1.50,2.25
2012.01.12 15:37:48.051,1.53189,1.53198,1.50,2.25
2012.01.12 15:37:48.475,1.53188,1.53202,4.88,4.13
2012.01.12 15:37:48.549,1.5319,1.53202,1.50,2.63
2012.01.12 15:37:49.224,1.53188,1.53202,4.13,4.13
2012.01.12 15:37:49.729,1.53188,1.53201,6.38,1.13
2012.01.12 15:37:50.159,1.53188,1.53197,3.00,1.88
2012.01.12 15:37:51.068,1.53188,1.53197,2.25,1.88
2012.01.12 15:37:51.626,1.53188,1.53197,1.50,2.63
2012.01.12 15:37:51.838,1.53186,1.53197,3.00,1.88
2012.01.12 15:37:52.619,1.53184,1.53197,2.25,2.63
2012.01.12 15:37:52.700,1.53186,1.53197,1.50,2.63
2012.01.12 15:37:53.482,1.53186,1.53196,1.50,1.65
2012.01.12 15:37:53.588,1.53179,1.53193,3.00,4.13
2012.01.12 15:37:53.659,1.53179,1.53192,2.25,3.09
2012.01.12 15:37:54.022,1.53179,1.53188,1.50,2.25
2012.01.12 15:37:54.100,1.53175,1.53188,2.25,3.75
2012.01.12 15:37:54.246,1.53178,1.53188,1.88,4.50
2012.01.12 15:37:54.526,1.53178,1.53189,1.88,1.88
2012.01.12 15:37:55.518,1.53178,1.53189,3.38,1.13
2012.01.12 15:37:55.656,1.53175,1.53186,1.50,3.00
2012.01.12 15:37:55.939,1.53179,1.53186,1.50,2.25
2012.01.12 15:37:56.254,1.53183,1.53187,1.50,2.22
2012.01.12 15:37:56.497,1.53173,1.53185,1.88,1.88
2012.01.12 15:37:57.093,1.53177,1.53185,1.50,1.50
2012.01.12 15:37:57.253,1.53177,1.53186,2.25,3.00
2012.01.12 15:37:57.336,1.53178,1.53191,4.13,1.88
2012.01.12 15:37:57.789,1.53178,1.53188,2.25,2.25
2012.01.12 15:37:58.542,1.53178,1.53188,2.25,2.25
2012.01.12 15:37:58.946,1.5318,1.53192,2.25,3.38
2012.01.12 15:37:59.368,1.5318,1.53192,2.25,2.63
2012.01.12 15:37:59.869,1.53183,1.53193,1.88,3.00
2012.01.12 15:38:00.781,1.53183,1.53194,2.63,2.25
2012.01.12 15:38:00.927,1.53178,1.53192,4.13,4.13
2012.01.12 15:38:01.351,1.53183,1.53195,1.88,2.25
2012.01.12 15:38:02.139,1.53183,1.53195,1.50,1.50
2012.01.12 15:38:02.645,1.53181,1.53193,2.25,2.25
2012.01.12 15:38:03.290,1.53181,1.53193,2.25,2.25
2012.01.12 15:38:04.153,1.53179,1.53193,2.25,3.75
2012.01.12 15:38:04.834,1.53179,1.53193,2.25,3.75
2012.01.12 15:38:05.395,1.53179,1.53193,3.75,3.75
2012.01.12 15:38:06.051,1.53181,1.53193,2.25,2.25
2012.01.12 15:38:06.746,1.53179,1.53192,2.25,1.88
2012.01.12 15:38:07.304,1.53179,1.53192,2.25,1.88
2012.01.12 15:38:08.071,1.53179,1.53192,2.25,1.88
2012.01.12 15:38:08.722,1.53179,1.53192,2.25,1.88
2012.01.12 15:38:09.276,1.53179,1.53192,2.25,1.88
2012.01.12 15:38:09.617,1.53183,1.53192,1.50,1.88
2012.01.12 15:38:10.366,1.53193,1.53202,1.88,3.75
2012.01.12 15:38:10.451,1.53193,1.53202,1.88,5.25
2012.01.12 15:38:10.736,1.53193,1.53202,1.88,2.25
2012.01.12 15:38:10.879,1.53193,1.53201,1.88,1.88
2012.01.12 15:38:11.060,1.53188,1.53197,1.50,4.13
2012.01.12 15:38:11.209,1.53184,1.53194,1.50,4.50
2012.01.12 15:38:11.427,1.53183,1.53192,1.88,2.25
2012.01.12 15:38:12.003,1.53183,1.53194,1.88,2.25
2012.01.12 15:38:12.688,1.53183,1.53194,1.88,2.25
2012.01.12 15:38:12.832,1.53183,1.53194,1.88,2.25
2012.01.12 15:38:13.261,1.53183,1.53192,1.88,2.25
2012.01.12 15:38:13.812,1.53183,1.53192,1.88,4.50
2012.01.12 15:38:14.257,1.53183,1.53192,1.88,2.25
2012.01.12 15:38:14.817,1.5318,1.53189,1.88,2.25
2012.01.12 15:38:15.166,1.53178,1.53189,5.63,2.25
2012.01.12 15:38:15.307,1.53178,1.53189,4.13,2.25
2012.01.12 15:38:15.382,1.53183,1.5319,1.88,2.25
2012.01.12 15:38:16.128,1.53178,1.53189,5.63,2.25
2012.01.12 15:38:16.221,1.53178,1.53189,4.88,2.25
2012.01.12 15:38:16.645,1.53178,1.53187,3.38,2.25
2012.01.12 15:38:16.944,1.53178,1.53189,2.63,1.50
2012.01.12 15:38:17.416,1.53178,1.53189,1.88,2.25
2012.01.12 15:38:17.700,1.53175,1.53189,1.50,1.88
2012.01.12 15:38:18.149,1.53173,1.53187,4.26,4.13
2012.01.12 15:38:18.876,1.53175,1.53187,1.50,1.88
2012.01.12 15:38:18.951,1.53173,1.53187,3.38,3.38
2012.01.12 15:38:19.527,1.53173,1.53187,4.13,3.38
2012.01.12 15:38:20.132,1.53175,1.53183,2.25,2.25
2012.01.12 15:38:20.281,1.53175,1.53185,2.25,3.00
2012.01.12 15:38:20.432,1.53175,1.53185,1.50,2.25
2012.01.12 15:38:20.998,1.53173,1.53185,2.63,2.25
2012.01.12 15:38:21.815,1.53173,1.53184,2.63,1.50
2012.01.12 15:38:22.316,1.53173,1.53185,2.63,2.25
2012.01.12 15:38:22.875,1.53173,1.53185,1.88,3.00
2012.01.12 15:38:23.748,1.53183,1.53188,1.88,3.75
2012.01.12 15:38:23.991,1.53183,1.53192,2.25,2.25
2012.01.12 15:38:24.074,1.53183,1.53192,2.25,1.88
2012.01.12 15:38:24.154,1.53183,1.53192,2.25,1.88
2012.01.12 15:38:24.512,1.53183,1.53192,2.25,3.38
2012.01.12 15:38:24.596,1.53183,1.53192,3.00,3.38
2012.01.12 15:38:24.806,1.53182,1.53192,1.50,3.38
2012.01.12 15:38:24.877,1.53181,1.53192,1.50,3.38
2012.01.12 15:38:25.452,1.53182,1.53192,2.25,1.88
2012.01.12 15:38:25.822,1.53193,1.53197,1.88,2.25
2012.01.12 15:38:25.910,1.53193,1.532,2.63,1.50
2012.01.12 15:38:26.073,1.53193,1.53205,3.38,3.00
2012.01.12 15:38:26.927,1.53194,1.53202,3.00,1.88
2012.01.12 15:38:27.362,1.53194,1.53202,3.00,1.88
2012.01.12 15:38:27.511,1.53192,1.532,2.25,2.25
2012.01.12 15:38:27.831,1.5319,1.53197,1.50,1.88
2012.01.12 15:38:28.392,1.5319,1.53197,2.25,1.88
2012.01.12 15:38:28.910,1.53188,1.53197,2.25,1.88
2012.01.12 15:38:29.495,1.53188,1.53197,3.00,1.88
2012.01.12 15:38:30.067,1.53188,1.53197,2.25,2.63
2012.01.12 15:38:30.206,1.53188,1.53197,3.00,2.63
2012.01.12 15:38:30.280,1.53188,1.53197,3.00,1.88
2012.01.12 15:38:30.787,1.53185,1.53197,1.50,1.88
2012.01.12 15:38:31.279,1.53183,1.53196,4.13,1.50
2012.01.12 15:38:31.813,1.53183,1.53195,3.38,2.25
2012.01.12 15:38:31.897,1.53183,1.53194,1.88,1.50
2012.01.12 15:38:32.454,1.53183,1.53194,1.88,2.25
2012.01.12 15:38:33.126,1.53183,1.53194,1.88,2.25
2012.01.12 15:38:33.647,1.53183,1.53194,1.88,2.25
2012.01.12 15:38:34.377,1.53183,1.53194,1.88,2.25
2012.01.12 15:38:34.987,1.53182,1.53192,1.50,2.63
2012.01.12 15:38:35.059,1.5318,1.53192,3.00,1.88
2012.01.12 15:38:36.858,1.5318,1.53192,2.25,1.88
2012.01.12 15:38:37.207,1.53187,1.53198,2.63,1.50
2012.01.12 15:38:37.764,1.53187,1.53199,2.63,2.25
2012.01.12 15:38:38.047,1.53184,1.53199,2.10,1.50
2012.01.12 15:38:40.228,1.53188,1.53195,1.88,2.25
2012.01.12 15:38:40.575,1.53187,1.53195,3.00,2.25
2012.01.12 15:38:40.645,1.53187,1.53195,1.58,2.25
2012.01.12 15:38:41.204,1.53186,1.53195,1.50,2.25
2012.01.12 15:38:41.787,1.53186,1.53195,1.50,2.63
2012.01.12 15:38:42.326,1.53175,1.5319,1.50,5.25
2012.01.12 15:38:42.563,1.53174,1.53182,2.25,1.88
2012.01.12 15:38:42.712,1.53171,1.53182,3.75,1.88
2012.01.12 15:38:43.277,1.53173,1.53185,3.38,3.00
2012.01.12 15:38:44.031,1.53173,1.53187,3.38,6.72
2012.01.12 15:38:44.704,1.53173,1.53185,3.38,3.00
2012.01.12 15:38:45.243,1.53173,1.53185,3.38,3.00
2012.01.12 15:38:45.977,1.53173,1.53183,1.88,3.00
2012.01.12 15:38:46.346,1.53178,1.53187,1.88,3.75
2012.01.12 15:38:46.416,1.53177,1.53187,1.50,3.75
2012.01.12 15:38:46.778,1.53174,1.5318,1.50,3.00
2012.01.12 15:38:48.128,1.53178,1.53187,4.13,1.50
2012.01.12 15:38:48.216,1.53178,1.53187,2.63,1.50
2012.01.12 15:38:48.647,1.53178,1.53189,2.63,4.50
2012.01.12 15:38:48.926,1.53178,1.53189,1.88,5.25
2012.01.12 15:38:49.465,1.53178,1.53189,1.88,4.50
2012.01.12 15:38:49.888,1.53175,1.53189,1.50,4.50
2012.01.12 15:38:50.219,1.53172,1.53176,1.50,2.25
2012.01.12 15:38:50.528,1.53168,1.53176,3.75,3.00
2012.01.12 15:38:51.043,1.53171,1.53176,1.13,3.00
2012.01.12 15:38:51.137,1.53169,1.53176,1.50,3.00
2012.01.12 15:38:51.280,1.53173,1.53182,1.88,3.00
2012.01.12 15:38:51.372,1.53173,1.53182,1.88,2.25
2012.01.12 15:38:51.523,1.53168,1.53175,1.88,2.25
2012.01.12 15:38:51.740,1.53173,1.5318,1.88,1.50
2012.01.12 15:38:52.173,1.53172,1.53184,1.50,3.00
2012.01.12 15:38:53.045,1.5317,1.53181,2.25,2.25
2012.01.12 15:38:53.496,1.53169,1.5318,1.50,1.50
2012.01.12 15:38:54.202,1.53169,1.5318,2.25,1.50
2012.01.12 15:38:54.791,1.53173,1.53182,2.25,2.63
2012.01.12 15:38:54.880,1.53171,1.53182,2.25,2.63
2012.01.12 15:38:55.032,1.5317,1.53181,1.50,3.00
2012.01.12 15:38:55.469,1.53173,1.53181,1.50,3.00
2012.01.12 15:38:57.467,1.53173,1.53186,3.38,3.00
2012.01.12 15:38:57.679,1.53175,1.53186,1.50,3.00
2012.01.12 15:38:58.054,1.53177,1.53186,1.50,3.00
2012.01.12 15:38:58.651,1.53177,1.53186,1.50,3.00
2012.01.12 15:38:58.797,1.53173,1.53181,1.50,2.25
2012.01.12 15:38:59.007,1.53173,1.53186,3.38,3.00
2012.01.12 15:38:59.291,1.53175,1.53186,1.50,3.00
2012.01.12 15:38:59.838,1.53175,1.53186,1.50,3.00
2012.01.12 15:39:01.994,1.53175,1.53186,1.50,3.00
2012.01.12 15:39:02.065,1.53175,1.53186,1.50,3.00
2012.01.12 15:39:03.497,1.53173,1.53186,4.13,3.00
2012.01.12 15:39:04.186,1.53173,1.53185,1.88,4.50
2012.01.12 15:39:04.733,1.53174,1.53186,2.25,3.00
2012.01.12 15:39:05.818,1.53173,1.53182,2.63,1.50
2012.01.12 15:39:06.106,1.53173,1.53182,1.88,2.25
2012.01.12 15:39:06.689,1.53173,1.53182,3.38,1.50
2012.01.12 15:39:06.767,1.53178,1.53184,1.88,1.50
2012.01.12 15:39:06.978,1.53171,1.53182,5.25,1.88
2012.01.12 15:39:07.199,1.53169,1.53181,1.50,2.25
2012.01.12 15:39:07.788,1.53169,1.53181,2.25,4.50
2012.01.12 15:39:08.297,1.53168,1.53181,2.63,2.25
2012.01.12 15:39:12.118,1.53168,1.53181,2.63,4.50
2012.01.12 15:39:12.633,1.53168,1.53181,2.63,3.75
2012.01.12 15:39:13.970,1.53172,1.53181,2.33,2.25
2012.01.12 15:39:14.324,1.53181,1.53186,1.84,2.25
2012.01.12 15:39:14.749,1.53183,1.53194,3.00,1.50
2012.01.12 15:39:14.833,1.53183,1.53192,3.00,2.25
2012.01.12 15:39:15.442,1.53186,1.53196,1.50,2.25
2012.01.12 15:39:15.525,1.53186,1.53193,1.50,2.25
2012.01.12 15:39:15.734,1.53186,1.53196,1.50,2.25
2012.01.12 15:39:15.876,1.53184,1.53196,2.25,2.25
2012.01.12 15:39:17.471,1.53183,1.53195,3.38,1.50
2012.01.12 15:39:18.164,1.53183,1.53195,2.63,2.25
2012.01.12 15:39:18.239,1.5318,1.53192,1.50,3.38
2012.01.12 15:39:18.590,1.53178,1.53188,2.25,2.25
2012.01.12 15:39:18.805,1.53178,1.53191,4.13,2.25
2012.01.12 15:39:19.019,1.53183,1.53194,2.63,1.50
2012.01.12 15:39:19.688,1.53183,1.53196,2.63,5.25
2012.01.12 15:39:19.766,1.53184,1.53194,1.50,1.50
2012.01.12 15:39:21.846,1.53183,1.53196,2.63,6.00
2012.01.12 15:39:22.495,1.53184,1.53195,2.25,1.50
2012.01.12 15:39:23.044,1.53183,1.53196,2.63,4.50
2012.01.12 15:39:23.595,1.53183,1.53196,3.38,3.75
2012.01.12 15:39:24.275,1.53185,1.53196,3.00,2.25
2012.01.12 15:39:24.809,1.53187,1.53196,1.50,2.25
2012.01.12 15:39:25.768,1.53187,1.53197,3.00,1.88
2012.01.12 15:39:26.583,1.53187,1.53197,3.00,1.88
2012.01.12 15:39:27.124,1.53187,1.53196,1.50,2.25
2012.01.12 15:39:28.807,1.53187,1.53196,3.00,2.25
2012.01.12 15:39:30.082,1.53187,1.53197,3.08,1.88
2012.01.12 15:39:30.298,1.53188,1.53196,1.50,2.25
2012.01.12 15:39:31.005,1.53188,1.53196,1.50,2.25
2012.01.12 15:39:31.083,1.53185,1.53195,1.50,1.50
2012.01.12 15:39:31.227,1.53185,1.53195,1.50,1.50
2012.01.12 15:39:31.766,1.53185,1.53196,1.50,2.25
2012.01.12 15:39:34.284,1.53185,1.53196,1.50,2.25
2012.01.12 15:39:35.017,1.53185,1.53196,1.50,2.25
2012.01.12 15:39:35.672,1.53185,1.53195,1.50,1.50
2012.01.12 15:39:36.188,1.53185,1.53196,1.50,2.25
2012.01.12 15:39:38.424,1.53185,1.53196,3.00,2.25
2012.01.12 15:39:39.580,1.53191,1.53197,1.13,4.13
2012.01.12 15:39:39.685,1.53191,1.53202,1.13,4.82
2012.01.12 15:39:39.764,1.53192,1.53202,1.50,4.07
2012.01.12 15:39:39.842,1.53193,1.53202,2.25,1.88
2012.01.12 15:39:39.921,1.53194,1.53207,1.50,4.50
2012.01.12 15:39:40.480,1.53196,1.53205,1.50,1.50
2012.01.12 15:39:41.119,1.53195,1.53207,2.25,7.13
2012.01.12 15:39:41.407,1.53196,1.53205,1.50,1.50
2012.01.12 15:39:41.965,1.53195,1.53205,1.50,1.50
2012.01.12 15:39:42.563,1.53193,1.53205,3.38,1.50
2012.01.12 15:39:43.377,1.53193,1.53205,3.38,1.50
2012.01.12 15:39:46.060,1.53193,1.53203,2.25,2.25
2012.01.12 15:39:46.142,1.53191,1.53201,1.50,1.96
2012.01.12 15:39:46.223,1.53189,1.53199,2.25,1.50
2012.01.12 15:39:46.314,1.53189,1.53195,2.25,2.25
2012.01.12 15:39:47.092,1.53182,1.53195,2.25,3.75
2012.01.12 15:39:47.198,1.53184,1.53195,1.50,3.00
2012.01.12 15:39:48.380,1.53182,1.53195,2.25,3.00
2012.01.12 15:39:49.596,1.53182,1.53195,3.00,2.25
2012.01.12 15:39:49.950,1.53184,1.53195,2.25,2.25
2012.01.12 15:39:50.516,1.53187,1.53196,3.00,2.25
2012.01.12 15:39:55.525,1.53186,1.53193,1.50,2.25
2012.01.12 15:39:56.957,1.53185,1.53192,1.50,1.50
2012.01.12 15:39:57.455,1.53185,1.53193,1.50,3.75
2012.01.12 15:39:58.862,1.53185,1.53193,1.50,5.25
2012.01.12 15:39:59.076,1.5318,1.53191,1.50,2.25
2012.01.12 15:40:00.264,1.53179,1.53191,2.25,2.25
2012.01.12 15:40:01.754,1.53179,1.53191,1.50,1.50
2012.01.12 15:40:02.276,1.53179,1.53191,1.50,2.25
2012.01.12 15:40:02.786,1.53178,1.53191,2.59,3.75
2012.01.12 15:40:03.299,1.53176,1.5319,2.25,2.63
2012.01.12 15:40:04.448,1.53178,1.53191,2.25,4.88
2012.01.12 15:40:04.803,1.53178,1.53186,1.50,1.59
2012.01.12 15:40:05.105,1.53173,1.53182,1.50,1.50
2012.01.12 15:40:06.008,1.5317,1.5318,1.50,1.13
2012.01.12 15:40:06.104,1.53166,1.53177,3.00,2.25
2012.01.12 15:40:06.657,1.53168,1.53177,1.50,3.00
2012.01.12 15:40:07.078,1.53165,1.53177,1.50,3.00
2012.01.12 15:40:07.813,1.53165,1.53177,2.25,2.25
2012.01.12 15:40:08.050,1.53165,1.53179,3.00,2.25
2012.01.12 15:40:08.693,1.53167,1.53181,1.50,2.25
2012.01.12 15:40:09.508,1.53165,1.53177,1.50,1.50
2012.01.12 15:40:09.960,1.53165,1.53177,1.50,1.50
2012.01.12 15:40:10.183,1.53162,1.53172,1.50,3.00
2012.01.12 15:40:10.688,1.53161,1.53172,1.50,1.50
2012.01.12 15:40:10.917,1.53161,1.53172,1.50,3.00
2012.01.12 15:40:11.985,1.53161,1.53172,3.75,2.63
2012.01.12 15:40:12.124,1.53161,1.53172,3.75,2.25
2012.01.12 15:40:12.596,1.53159,1.53171,2.25,1.13
2012.01.12 15:40:12.666,1.53159,1.53172,2.25,3.38
2012.01.12 15:40:13.014,1.53159,1.53172,2.25,3.75
2012.01.12 15:40:13.150,1.53157,1.53164,3.34,2.25
2012.01.12 15:40:13.626,1.53158,1.5317,1.50,2.25
2012.01.12 15:40:13.789,1.53158,1.53162,1.50,2.25
2012.01.12 15:40:14.155,1.53159,1.53166,1.50,2.63
2012.01.12 15:40:14.355,1.5315,1.53162,1.50,3.75
2012.01.12 15:40:14.566,1.5315,1.53161,1.50,2.25
2012.01.12 15:40:15.718,1.53153,1.53161,2.25,2.25
2012.01.12 15:40:16.276,1.5315,1.53161,3.75,2.25
2012.01.12 15:40:16.345,1.5315,1.53156,3.75,2.25
2012.01.12 15:40:16.489,1.53152,1.53161,1.50,2.25
2012.01.12 15:40:16.638,1.53155,1.53161,1.50,2.25
2012.01.12 15:40:17.418,1.53152,1.53161,3.00,2.25
2012.01.12 15:40:18.077,1.53155,1.53165,1.13,2.25
2012.01.12 15:40:18.177,1.53158,1.53167,3.00,2.25
2012.01.12 15:40:18.252,1.53158,1.53172,3.00,5.59
2012.01.12 15:40:18.411,1.53158,1.53167,1.50,2.25
2012.01.12 15:40:18.930,1.53157,1.53166,1.50,2.25
2012.01.12 15:40:19.705,1.53152,1.53165,3.00,1.50
2012.01.12 15:40:22.591,1.53156,1.53162,2.25,2.25
2012.01.12 15:40:23.147,1.53154,1.53161,4.50,2.25
2012.01.12 15:40:23.696,1.53156,1.53161,1.50,2.25
2012.01.12 15:40:24.671,1.53154,1.53166,1.84,3.00
2012.01.12 15:40:24.784,1.53155,1.53163,2.25,2.25
2012.01.12 15:40:25.354,1.53158,1.53162,2.63,2.25
2012.01.12 15:40:26.255,1.53154,1.53164,1.50,2.25
2012.01.12 15:40:27.068,1.53155,1.53164,1.50,2.25
2012.01.12 15:40:27.632,1.53155,1.53163,1.50,2.25
2012.01.12 15:40:28.976,1.53155,1.53163,1.50,2.25
2012.01.12 15:40:29.538,1.53155,1.53163,3.00,2.25
2012.01.12 15:40:30.989,1.53155,1.53164,3.00,2.25
2012.01.12 15:40:31.949,1.53155,1.53163,3.00,2.25
2012.01.12 15:40:32.179,1.53157,1.53165,2.25,2.25
2012.01.12 15:40:32.400,1.53157,1.53165,3.00,2.25
2012.01.12 15:40:32.620,1.53157,1.53167,2.25,4.13
2012.01.12 15:40:33.609,1.53153,1.53166,2.63,5.25
2012.01.12 15:40:33.727,1.53153,1.53161,2.63,2.25
2012.01.12 15:40:34.157,1.53156,1.53166,1.50,3.75
2012.01.12 15:40:34.365,1.53158,1.53166,1.50,3.75
2012.01.12 15:40:34.438,1.53156,1.53166,1.50,3.00
2012.01.12 15:40:34.804,1.53158,1.53167,2.25,1.88
2012.01.12 15:40:35.377,1.53158,1.53167,2.25,1.88
2012.01.12 15:40:35.704,1.53158,1.53167,2.25,1.88
2012.01.12 15:40:36.128,1.5316,1.53173,2.25,6.53
2012.01.12 15:40:36.195,1.5316,1.53173,3.00,5.78
2012.01.12 15:40:36.537,1.5316,1.53173,3.00,5.78
2012.01.12 15:40:36.821,1.53159,1.53168,2.63,1.50
2012.01.12 15:40:37.657,1.53159,1.53172,2.63,1.65
2012.01.12 15:40:37.966,1.53167,1.53173,1.88,2.40
2012.01.12 15:40:38.254,1.53164,1.53173,1.50,4.13
2012.01.12 15:40:38.418,1.53162,1.53173,1.50,4.13
2012.01.12 15:40:38.779,1.53159,1.5317,2.63,1.50
2012.01.12 15:40:39.779,1.53156,1.53168,2.25,1.88
2012.01.12 15:40:40.143,1.53158,1.53172,2.25,2.25
2012.01.12 15:40:40.365,1.53157,1.53162,1.50,2.25
2012.01.12 15:40:41.235,1.53156,1.53166,1.50,1.50
2012.01.12 15:40:41.860,1.53156,1.53167,1.50,1.88
2012.01.12 15:40:41.996,1.53156,1.53167,1.50,1.88
2012.01.12 15:40:42.070,1.53156,1.53165,1.50,2.25
2012.01.12 15:40:42.432,1.53155,1.53167,3.00,1.88
2012.01.12 15:40:42.512,1.53155,1.53167,3.00,1.88
2012.01.12 15:40:42.662,1.53155,1.53167,1.50,1.88
2012.01.12 15:40:42.742,1.53155,1.53167,1.50,1.88
2012.01.12 15:40:43.315,1.53154,1.53158,1.50,2.25
2012.01.12 15:40:43.396,1.53154,1.53166,2.25,1.50
2012.01.12 15:40:43.471,1.53154,1.53164,1.50,1.50
2012.01.12 15:40:43.825,1.53153,1.53162,4.13,2.25
2012.01.12 15:40:44.376,1.53156,1.53166,1.50,1.50
2012.01.12 15:40:44.592,1.53158,1.53163,2.63,2.25
2012.01.12 15:40:45.183,1.53159,1.5317,1.50,2.25
2012.01.12 15:40:45.305,1.53168,1.53173,7.13,2.25
2012.01.12 15:40:45.378,1.53173,1.53177,1.88,3.00
2012.01.12 15:40:46.079,1.53168,1.53177,3.38,2.25
2012.01.12 15:40:46.570,1.53168,1.53176,2.63,2.25
2012.01.12 15:40:47.097,1.53166,1.53176,1.50,3.75
2012.01.12 15:40:47.418,1.53168,1.53177,2.63,2.25
2012.01.12 15:40:47.495,1.53169,1.53179,1.50,1.50
2012.01.12 15:40:47.571,1.53169,1.53181,1.50,1.50
2012.01.12 15:40:47.859,1.53169,1.53181,1.50,1.50
2012.01.12 15:40:48.693,1.53173,1.53183,2.63,3.75
2012.01.12 15:40:48.992,1.53174,1.53181,1.50,2.25
2012.01.12 15:40:49.349,1.53176,1.53187,1.50,2.25
2012.01.12 15:40:49.640,1.53174,1.53184,1.50,2.25
2012.01.12 15:40:49.791,1.53178,1.53184,1.88,2.25
2012.01.12 15:40:50.263,1.53178,1.53186,3.38,1.50
2012.01.12 15:40:50.565,1.53178,1.53188,3.38,3.00
2012.01.12 15:40:50.641,1.53178,1.53188,2.63,1.50
2012.01.12 15:40:51.204,1.53178,1.53188,2.63,1.50
2012.01.12 15:40:51.697,1.53178,1.5319,2.63,3.75
2012.01.12 15:40:51.909,1.53176,1.53182,2.59,1.88
2012.01.12 15:40:52.409,1.53178,1.53188,2.63,1.50
2012.01.12 15:40:52.898,1.53176,1.53183,3.00,1.88
2012.01.12 15:40:53.037,1.53174,1.53183,5.25,4.13
2012.01.12 15:40:53.174,1.53176,1.53187,1.50,2.25
2012.01.12 15:40:53.389,1.53178,1.53188,2.63,1.50
2012.01.12 15:40:53.467,1.53178,1.53188,2.63,1.50
2012.01.12 15:40:53.535,1.53178,1.5319,2.63,5.25
2012.01.12 15:40:53.886,1.53178,1.53188,2.63,1.50
2012.01.12 15:40:53.959,1.53178,1.5319,2.63,5.25
2012.01.12 15:40:54.109,1.53178,1.5319,2.63,3.75
2012.01.12 15:40:54.571,1.53178,1.53186,1.88,2.25
2012.01.12 15:40:54.661,1.53178,1.53186,2.63,2.25
2012.01.12 15:40:54.739,1.53178,1.53188,2.63,1.50
2012.01.12 15:40:54.887,1.53178,1.53189,2.63,2.25
2012.01.12 15:40:55.448,1.53178,1.5319,2.63,1.50
2012.01.12 15:40:55.731,1.53183,1.53192,2.63,3.00
2012.01.12 15:40:55.881,1.53183,1.53196,2.63,4.15
2012.01.12 15:40:56.030,1.53184,1.53196,2.25,2.20
2012.01.12 15:40:57.045,1.53183,1.53196,2.63,2.20
2012.01.12 15:40:57.187,1.53182,1.53192,2.25,1.88
2012.01.12 15:40:57.741,1.5318,1.53191,1.50,1.50
2012.01.12 15:40:58.309,1.5318,1.53192,1.50,1.88
2012.01.12 15:40:58.526,1.53183,1.53195,2.63,3.00
2012.01.12 15:40:58.953,1.53185,1.53192,1.50,1.88
2012.01.12 15:40:59.501,1.53185,1.53195,1.50,1.50
2012.01.12 15:41:00.263,1.53185,1.53197,1.50,7.13
2012.01.12 15:41:00.341,1.53185,1.53197,1.50,7.13
2012.01.12 15:41:00.702,1.53188,1.53201,2.63,1.88
2012.01.12 15:41:01.453,1.5319,1.53202,1.50,3.75
2012.01.12 15:41:01.811,1.53193,1.53204,2.63,1.50
2012.01.12 15:41:01.960,1.53193,1.53202,2.63,1.50
2012.01.12 15:41:02.041,1.53193,1.53204,2.63,1.50
2012.01.12 15:41:02.268,1.53193,1.53204,2.63,1.50
2012.01.12 15:41:02.406,1.53193,1.53202,2.63,1.50
2012.01.12 15:41:03.771,1.53193,1.53202,2.63,1.50
2012.01.12 15:41:04.466,1.53193,1.532,1.88,1.13
2012.01.12 15:41:05.311,1.53193,1.53202,2.63,2.63
2012.01.12 15:41:05.455,1.53193,1.53204,2.63,1.50
2012.01.12 15:41:06.125,1.53193,1.53204,2.63,1.50
2012.01.12 15:41:06.266,1.53193,1.53202,2.63,1.50
2012.01.12 15:41:07.828,1.53193,1.53205,2.63,2.25
2012.01.12 15:41:07.970,1.53191,1.53202,1.50,1.88
2012.01.12 15:41:08.329,1.53189,1.53195,1.50,1.50
2012.01.12 15:41:08.559,1.53185,1.53193,1.50,3.75
2012.01.12 15:41:09.253,1.53183,1.53193,3.38,1.50
2012.01.12 15:41:09.347,1.53184,1.53196,1.50,2.25
2012.01.12 15:41:11.272,1.53185,1.53196,1.88,1.50
2012.01.12 15:41:11.365,1.53186,1.53198,1.13,2.25
2012.01.12 15:41:11.508,1.53188,1.53196,3.00,1.50
2012.01.12 15:41:12.072,1.53186,1.53197,2.25,4.13
2012.01.12 15:41:12.223,1.53188,1.53201,2.63,1.50
2012.01.12 15:41:12.439,1.53188,1.53201,3.38,1.50
2012.01.12 15:41:12.981,1.53189,1.53202,2.25,2.63
2012.01.12 15:41:13.066,1.53189,1.53202,2.25,1.88
2012.01.12 15:41:14.261,1.53189,1.53202,2.25,1.88
2012.01.12 15:41:15.546,1.5319,1.53202,1.50,1.88
2012.01.12 15:41:16.117,1.5319,1.53202,1.50,3.38
2012.01.12 15:41:16.720,1.5319,1.53202,1.50,3.38
2012.01.12 15:41:17.562,1.5319,1.53202,3.00,1.88
2012.01.12 15:41:18.814,1.5319,1.53202,2.25,1.88
2012.01.12 15:41:19.360,1.53188,1.53202,5.63,3.38
2012.01.12 15:41:19.810,1.53188,1.532,3.38,1.50
2012.01.12 15:41:19.930,1.53188,1.53202,5.63,4.88
2012.01.12 15:41:20.218,1.53188,1.53202,6.38,3.75
2012.01.12 15:41:20.762,1.53188,1.532,2.63,2.63
2012.01.12 15:41:20.980,1.53188,1.53198,2.63,1.50
2012.01.12 15:41:21.781,1.53186,1.53194,1.50,1.50
2012.01.12 15:41:22.000,1.53186,1.53196,1.50,3.00
2012.01.12 15:41:22.570,1.53185,1.53197,1.50,1.88
2012.01.12 15:41:23.493,1.53185,1.53196,1.50,1.50
2012.01.12 15:41:24.232,1.53185,1.53196,1.50,1.50
2012.01.12 15:41:24.777,1.53185,1.53197,1.50,1.88
2012.01.12 15:41:25.318,1.53185,1.53197,1.50,1.88
2012.01.12 15:41:26.007,1.53185,1.53197,1.50,1.88
2012.01.12 15:41:26.852,1.53185,1.53197,1.50,1.88
2012.01.12 15:41:27.403,1.53186,1.53197,1.50,1.88
2012.01.12 15:41:27.758,1.5319,1.53198,1.50,2.25
2012.01.12 15:41:27.826,1.5319,1.53202,1.50,3.38
2012.01.12 15:41:28.583,1.53188,1.53196,2.63,1.50
2012.01.12 15:41:29.147,1.53186,1.53197,1.50,1.88
2012.01.12 15:41:29.287,1.53187,1.532,4.88,2.25
2012.01.12 15:41:29.897,1.53187,1.532,4.88,2.25
2012.01.12 15:41:31.044,1.53188,1.53202,5.63,6.00
2012.01.12 15:41:31.121,1.53189,1.53202,1.50,3.38
2012.01.12 15:41:31.338,1.5319,1.53202,2.25,3.38
2012.01.12 15:41:31.616,1.5319,1.53202,1.50,4.13
2012.01.12 15:41:32.175,1.53191,1.53202,1.50,3.38
2012.01.12 15:41:33.842,1.53191,1.53202,1.50,3.38
2012.01.12 15:41:34.387,1.53192,1.53202,1.50,1.88
2012.01.12 15:41:35.056,1.53191,1.53202,1.50,1.88
2012.01.12 15:41:35.126,1.53191,1.53202,1.50,1.88
2012.01.12 15:41:35.961,1.5319,1.53202,2.25,3.38
2012.01.12 15:41:36.565,1.5319,1.53202,2.25,3.38
2012.01.12 15:41:37.104,1.53191,1.53202,1.50,1.88
2012.01.12 15:41:38.417,1.5319,1.53202,3.75,1.88
2012.01.12 15:41:39.688,1.53191,1.53202,1.50,1.88
2012.01.12 15:41:40.421,1.53193,1.53203,3.38,2.25
2012.01.12 15:41:40.504,1.53194,1.53206,1.50,2.25
2012.01.12 15:41:40.576,1.53194,1.53204,1.50,1.50
2012.01.12 15:41:40.787,1.53194,1.53206,1.50,3.75
2012.01.12 15:41:40.988,1.53193,1.53202,1.50,1.88
2012.01.12 15:41:41.541,1.53192,1.53202,2.25,1.88
2012.01.12 15:41:42.438,1.53192,1.53202,2.25,1.88
2012.01.12 15:41:43.222,1.5319,1.53202,3.75,1.88
2012.01.12 15:41:43.786,1.5319,1.53202,2.25,1.88
2012.01.12 15:41:45.391,1.53191,1.53202,1.50,1.88
2012.01.12 15:41:46.101,1.53191,1.53202,1.50,1.88
2012.01.12 15:41:46.733,1.53191,1.53202,1.50,1.88
2012.01.12 15:41:47.039,1.53193,1.53205,2.25,1.88
2012.01.12 15:41:47.122,1.53193,1.53205,2.25,1.88
2012.01.12 15:41:47.273,1.53196,1.53207,3.38,1.50
2012.01.12 15:41:47.565,1.53198,1.53208,2.63,1.50
2012.01.12 15:41:47.779,1.53198,1.5321,2.63,3.75
2012.01.12 15:41:48.065,1.53198,1.5321,2.63,1.50
2012.01.12 15:41:48.864,1.53199,1.53212,1.50,3.38
2012.01.12 15:41:49.478,1.532,1.53208,1.50,1.50
2012.01.12 15:41:49.759,1.53198,1.53207,3.38,2.25
2012.01.12 15:41:50.314,1.53198,1.5321,3.38,2.25
2012.01.12 15:41:50.879,1.53199,1.5321,1.50,1.50
2012.01.12 15:41:50.961,1.53198,1.53208,4.13,1.50
2012.01.12 15:41:52.147,1.53198,1.53208,3.38,1.50
2012.01.12 15:41:52.926,1.53198,1.53208,4.13,1.50
2012.01.12 15:41:53.433,1.53198,1.53208,3.38,1.50
2012.01.12 15:41:54.333,1.53198,1.53208,3.38,1.50
2012.01.12 15:41:55.016,1.53198,1.53208,3.38,1.50
2012.01.12 15:41:55.160,1.53198,1.5321,3.38,1.50
2012.01.12 15:41:55.715,1.53198,1.5321,3.38,2.25
2012.01.12 15:41:57.939,1.53198,1.5321,2.63,2.25
2012.01.12 15:41:59.634,1.53198,1.5321,2.63,2.25
2012.01.12 15:42:00.413,1.53198,1.5321,1.88,2.25
2012.01.12 15:42:00.503,1.53195,1.53202,1.50,1.88
2012.01.12 15:42:00.586,1.53194,1.53202,5.25,1.88
2012.01.12 15:42:01.151,1.53191,1.53202,1.50,1.88
2012.01.12 15:42:01.227,1.53191,1.53202,1.50,1.88
2012.01.12 15:42:01.572,1.53193,1.53205,1.88,2.25
2012.01.12 15:42:02.119,1.53193,1.53205,1.88,2.25
2012.01.12 15:42:02.565,1.53189,1.53196,1.50,2.25
2012.01.12 15:42:02.787,1.53186,1.53196,2.25,1.50
2012.01.12 15:42:03.068,1.53187,1.53194,1.50,1.50
2012.01.12 15:42:03.607,1.53186,1.53192,1.50,1.88
2012.01.12 15:42:03.688,1.53185,1.53194,2.25,1.50
2012.01.12 15:42:03.826,1.53186,1.53196,1.50,3.75
2012.01.12 15:42:04.596,1.53184,1.53196,1.50,3.75
2012.01.12 15:42:05.285,1.53183,1.53196,3.38,4.50
2012.01.12 15:42:05.426,1.53183,1.53194,2.63,1.50
2012.01.12 15:42:05.954,1.53183,1.53194,2.63,1.50
2012.01.12 15:42:06.505,1.53183,1.53196,2.63,4.50
2012.01.12 15:42:07.186,1.53183,1.53194,2.63,1.50
2012.01.12 15:42:07.256,1.53183,1.53194,1.88,2.25
2012.01.12 15:42:07.792,1.53183,1.53192,1.88,3.00
2012.01.12 15:42:08.605,1.53191,1.53195,1.50,2.25
2012.01.12 15:42:09.233,1.53199,1.53204,1.50,1.50
2012.01.12 15:42:09.323,1.53197,1.53202,1.50,1.88
2012.01.12 15:42:09.407,1.53195,1.53202,3.00,1.88
2012.01.12 15:42:09.759,1.53195,1.53207,2.25,4.13
2012.01.12 15:42:09.903,1.53199,1.53207,1.50,4.13
2012.01.12 15:42:10.568,1.53193,1.53197,4.88,2.25
2012.01.12 15:42:10.654,1.53193,1.53202,2.25,4.13
2012.01.12 15:42:10.731,1.53189,1.53202,2.25,4.13
2012.01.12 15:42:10.934,1.53189,1.53202,3.75,4.13
2012.01.12 15:42:11.011,1.53197,1.53202,1.50,1.88
2012.01.12 15:42:11.371,1.53191,1.53202,1.50,3.38
2012.01.12 15:42:11.595,1.53192,1.53202,1.50,1.88
2012.01.12 15:42:12.519,1.53193,1.53202,1.50,1.88
2012.01.12 15:42:13.027,1.53191,1.53202,1.50,1.88
2012.01.12 15:42:13.777,1.53192,1.53202,1.50,4.13
2012.01.12 15:42:14.745,1.53193,1.53206,3.38,2.25
2012.01.12 15:42:15.307,1.53193,1.53206,4.13,2.25
2012.01.12 15:42:15.522,1.53193,1.53204,4.13,1.50
2012.01.12 15:42:16.184,1.53193,1.53206,2.63,2.25
2012.01.12 15:42:16.596,1.53193,1.53206,2.63,2.25
2012.01.12 15:42:17.156,1.53193,1.53206,3.38,2.25
2012.01.12 15:42:18.660,1.53192,1.53197,2.25,1.88
2012.01.12 15:42:18.824,1.53189,1.53197,3.00,1.88
2012.01.12 15:42:18.901,1.53187,1.53196,1.50,2.25
2012.01.12 15:42:19.190,1.53186,1.53194,1.50,1.50
2012.01.12 15:42:19.270,1.53184,1.53194,2.25,1.50
2012.01.12 15:42:19.416,1.53184,1.53194,1.50,1.50
2012.01.12 15:42:19.631,1.53183,1.53192,1.88,1.50
2012.01.12 15:42:20.384,1.53183,1.53195,1.88,3.00
2012.01.12 15:42:20.945,1.53183,1.53195,2.63,3.00
2012.01.12 15:42:21.486,1.53183,1.53195,1.88,3.00
2012.01.12 15:42:22.147,1.53183,1.53195,2.63,3.00
2012.01.12 15:42:22.725,1.53178,1.53186,1.88,3.00
2012.01.12 15:42:22.886,1.53174,1.53182,1.88,3.38
2012.01.12 15:42:22.964,1.53174,1.53182,1.13,3.38
2012.01.12 15:42:23.498,1.53172,1.53182,2.25,1.88
2012.01.12 15:42:24.402,1.5317,1.53182,2.25,2.63
2012.01.12 15:42:24.955,1.5317,1.53182,2.25,2.63
2012.01.12 15:42:27.128,1.5317,1.53182,2.25,2.63
2012.01.12 15:42:27.673,1.5317,1.53182,2.25,2.63
2012.01.12 15:42:27.975,1.53173,1.53184,2.63,2.25
2012.01.12 15:42:28.545,1.53178,1.53186,3.38,2.25
2012.01.12 15:42:29.358,1.53178,1.53186,2.63,2.25
2012.01.12 15:42:29.914,1.53178,1.53188,2.63,4.50
2012.01.12 15:42:30.235,1.53178,1.53188,2.63,3.75
2012.01.12 15:42:30.795,1.53179,1.53188,1.50,3.75
2012.01.12 15:42:31.798,1.53183,1.53188,1.88,3.75
2012.01.12 15:42:32.220,1.53183,1.5319,1.88,2.25
2012.01.12 15:42:34.499,1.53183,1.53194,1.88,3.75
2012.01.12 15:42:35.477,1.53182,1.53192,2.25,2.63
2012.01.12 15:42:35.549,1.5318,1.53192,2.25,3.00
2012.01.12 15:42:35.623,1.53178,1.53187,4.13,1.50
2012.01.12 15:42:35.975,1.53173,1.5318,1.88,2.25
2012.01.12 15:42:36.049,1.53173,1.53182,1.88,2.25
2012.01.12 15:42:36.765,1.53168,1.53182,4.13,4.13
2012.01.12 15:42:37.985,1.53168,1.53182,4.13,4.13
2012.01.12 15:42:38.547,1.53168,1.53182,4.13,4.13
2012.01.12 15:42:39.084,1.53168,1.53182,4.13,4.13
2012.01.12 15:42:40.176,1.53173,1.53184,2.63,1.50
2012.01.12 15:42:40.521,1.5317,1.53174,1.50,2.25
2012.01.12 15:42:40.671,1.53163,1.53172,1.50,1.88
2012.01.12 15:42:40.754,1.53164,1.53173,1.50,2.25
2012.01.12 15:42:40.970,1.53163,1.53172,1.50,1.88
2012.01.12 15:42:41.607,1.53161,1.53172,1.50,1.88
2012.01.12 15:42:42.392,1.53162,1.53172,1.50,1.88
2012.01.12 15:42:43.570,1.53162,1.53172,3.00,1.88
2012.01.12 15:42:43.785,1.53162,1.53172,3.00,1.88
2012.01.12 15:42:44.704,1.53162,1.53172,1.50,1.88
2012.01.12 15:42:45.399,1.53163,1.53173,2.63,3.00
2012.01.12 15:42:45.472,1.53163,1.53174,2.63,1.50
2012.01.12 15:42:45.691,1.53163,1.53176,2.63,2.25
2012.01.12 15:42:45.770,1.53163,1.53176,2.63,2.25
2012.01.12 15:42:46.046,1.53164,1.53177,2.25,1.88
2012.01.12 15:42:46.968,1.53168,1.53178,2.63,3.75
2012.01.12 15:42:47.246,1.53168,1.53178,2.63,1.50
2012.01.12 15:42:47.927,1.53165,1.53177,1.50,1.88
2012.01.12 15:42:48.497,1.53166,1.53177,2.25,1.88
2012.01.12 15:42:49.096,1.53166,1.53174,2.25,2.25
2012.01.12 15:42:49.180,1.53164,1.53177,2.25,4.13
2012.01.12 15:42:50.484,1.53164,1.53177,2.25,4.13
2012.01.12 15:42:51.039,1.53163,1.53176,2.63,1.80
2012.01.12 15:42:51.111,1.53163,1.53172,2.63,2.25
2012.01.12 15:42:51.194,1.53161,1.53171,2.25,1.50
2012.01.12 15:42:51.272,1.53158,1.5317,6.38,1.88
2012.01.12 15:42:51.749,1.53158,1.53167,3.38,1.50
2012.01.12 15:42:52.190,1.53159,1.53169,1.50,1.50
2012.01.12 15:42:52.422,1.5316,1.53171,1.50,2.25
2012.01.12 15:42:52.576,1.53163,1.53173,1.88,1.50
2012.01.12 15:42:53.326,1.5316,1.53172,1.50,1.88
2012.01.12 15:42:53.409,1.53165,1.53172,1.50,1.88
2012.01.12 15:42:55.221,1.53161,1.53172,1.50,1.88
2012.01.12 15:42:55.353,1.53158,1.5317,2.63,1.50
2012.01.12 15:42:55.440,1.53158,1.5317,2.63,1.50
2012.01.12 15:42:56.210,1.53158,1.5317,2.63,2.25
2012.01.12 15:42:56.875,1.53158,1.5317,4.13,1.50
2012.01.12 15:42:58.001,1.53158,1.53171,4.13,2.25
2012.01.12 15:42:58.695,1.53158,1.53171,4.13,1.13
2012.01.12 15:42:59.233,1.53158,1.53171,4.13,1.13
2012.01.12 15:43:00.080,1.53158,1.5317,4.13,1.13
2012.01.12 15:43:00.710,1.53158,1.5317,1.88,4.13
2012.01.12 15:43:01.755,1.53158,1.5317,4.13,1.88
2012.01.12 15:43:02.373,1.53158,1.53171,3.38,3.00
2012.01.12 15:43:02.586,1.53158,1.53171,4.13,3.00
2012.01.12 15:43:03.150,1.53158,1.53171,4.13,2.25
2012.01.12 15:43:03.694,1.53158,1.53172,4.13,3.38
2012.01.12 15:43:05.586,1.53158,1.53165,3.38,2.25
2012.01.12 15:43:05.721,1.53158,1.53172,4.13,4.13
2012.01.12 15:43:05.869,1.53158,1.53172,4.13,4.50
2012.01.12 15:43:06.526,1.53158,1.53172,4.13,4.50
2012.01.12 15:43:07.019,1.53158,1.53172,4.13,4.88
2012.01.12 15:43:08.135,1.53158,1.53172,4.13,3.38
2012.01.12 15:43:08.935,1.53158,1.53172,4.13,3.38
2012.01.12 15:43:10.860,1.53158,1.53172,4.13,4.13
2012.01.12 15:43:11.080,1.53158,1.53172,4.13,3.38
2012.01.12 15:43:12.618,1.53158,1.5317,3.38,1.50
2012.01.12 15:43:13.925,1.53157,1.53167,4.50,1.88
2012.01.12 15:43:14.477,1.53154,1.53166,1.50,1.50
2012.01.12 15:43:16.548,1.53154,1.53166,1.50,1.50
2012.01.12 15:43:17.406,1.53153,1.53164,1.50,1.88
2012.01.12 15:43:17.826,1.53151,1.53163,1.50,2.25
2012.01.12 15:43:18.459,1.53152,1.53163,2.25,2.25
2012.01.12 15:43:18.892,1.53158,1.53168,2.63,1.50
2012.01.12 15:43:18.981,1.53159,1.53167,1.50,1.88
2012.01.12 15:43:19.294,1.53159,1.53172,3.00,5.57
2012.01.12 15:43:19.444,1.5316,1.53172,3.00,1.88
2012.01.12 15:43:20.010,1.53162,1.53172,2.25,1.88
2012.01.12 15:43:20.102,1.5316,1.53172,2.25,1.88
2012.01.12 15:43:21.157,1.53158,1.5317,2.63,1.50
2012.01.12 15:43:21.359,1.53158,1.5317,2.63,1.50
2012.01.12 15:43:21.426,1.53157,1.53167,3.00,1.88
2012.01.12 15:43:22.000,1.53153,1.53166,4.13,1.50
2012.01.12 15:43:22.086,1.53154,1.53166,1.50,1.50
2012.01.12 15:43:22.637,1.53154,1.53167,2.25,1.88
2012.01.12 15:43:23.201,1.53159,1.53172,2.25,4.13
2012.01.12 15:43:23.280,1.53159,1.53172,2.25,1.88
2012.01.12 15:43:23.883,1.53158,1.53171,2.63,1.50
2012.01.12 15:43:24.656,1.53158,1.53171,2.63,1.50
2012.01.12 15:43:25.196,1.53158,1.53171,3.38,1.50
2012.01.12 15:43:25.986,1.53158,1.53171,3.38,1.50
2012.01.12 15:43:26.596,1.53158,1.53171,3.38,1.50
2012.01.12 15:43:26.933,1.53158,1.53167,3.38,1.50
2012.01.12 15:43:27.079,1.53158,1.53171,3.38,1.50
2012.01.12 15:43:27.868,1.53158,1.53171,2.63,1.50
2012.01.12 15:43:28.616,1.53158,1.53171,2.63,1.50
2012.01.12 15:43:29.145,1.53159,1.53172,2.25,2.57
2012.01.12 15:43:29.665,1.53158,1.53171,2.63,1.50
2012.01.12 15:43:30.296,1.53158,1.53169,2.63,1.50
2012.01.12 15:43:30.943,1.53158,1.53169,2.63,1.50
2012.01.12 15:43:31.515,1.53158,1.53169,2.63,1.50
2012.01.12 15:43:33.614,1.53158,1.53169,2.63,1.50
2012.01.12 15:43:34.445,1.53157,1.53167,3.00,1.88
2012.01.12 15:43:34.535,1.53157,1.53167,3.00,3.38
2012.01.12 15:43:34.603,1.53157,1.53165,3.00,1.50
2012.01.12 15:43:34.754,1.53154,1.53163,2.25,1.50
2012.01.12 15:43:34.968,1.53153,1.53163,3.38,1.50
2012.01.12 15:43:35.932,1.53153,1.53163,2.63,1.50
2012.01.12 15:43:36.225,1.53154,1.53165,1.50,1.50
2012.01.12 15:43:36.726,1.53153,1.53163,3.38,2.25
2012.01.12 15:43:37.093,1.5315,1.53159,1.50,1.50
2012.01.12 15:43:37.647,1.53148,1.53157,2.63,1.50
2012.01.12 15:43:38.171,1.53148,1.53159,1.88,4.88
2012.01.12 15:43:39.023,1.53148,1.53157,1.88,2.25
2012.01.12 15:43:39.109,1.53148,1.5316,3.38,2.25
2012.01.12 15:43:39.600,1.53149,1.5316,4.13,1.13
2012.01.12 15:43:39.954,1.53151,1.5316,2.25,1.13
2012.01.12 15:43:40.100,1.53151,1.53162,2.25,3.00
2012.01.12 15:43:40.656,1.53151,1.53162,1.50,1.88
2012.01.12 15:43:41.356,1.53151,1.53162,1.50,1.88
2012.01.12 15:43:41.907,1.53151,1.53162,1.50,1.88
2012.01.12 15:43:42.455,1.53151,1.53161,1.50,1.50
2012.01.12 15:43:42.598,1.53149,1.53159,3.00,1.50
2012.01.12 15:43:42.946,1.53149,1.53161,1.88,1.50
2012.01.12 15:43:43.094,1.53151,1.53162,1.13,1.88
2012.01.12 15:43:43.620,1.53153,1.53166,4.13,2.25
2012.01.12 15:43:43.698,1.53158,1.53163,1.88,1.50
2012.01.12 15:43:43.979,1.53153,1.53163,2.63,1.50
2012.01.12 15:43:44.554,1.53153,1.53163,1.88,2.25
2012.01.12 15:43:45.362,1.53153,1.53159,1.88,3.00
2012.01.12 15:43:45.796,1.53149,1.53159,2.25,3.00
2012.01.12 15:43:45.936,1.53149,1.53157,1.50,2.63
2012.01.12 15:43:46.006,1.53147,1.53157,1.50,4.13
2012.01.12 15:43:46.079,1.53145,1.53155,1.13,2.25
2012.01.12 15:43:46.438,1.53139,1.53148,1.13,2.25
2012.01.12 15:43:47.848,1.53137,1.53147,1.50,2.63
2012.01.12 15:43:48.155,1.53133,1.53143,1.88,2.95
2012.01.12 15:43:48.300,1.53133,1.53143,1.88,2.95
2012.01.12 15:43:48.589,1.53129,1.53142,2.25,2.63
2012.01.12 15:43:48.741,1.53129,1.53136,1.50,1.50
2012.01.12 15:43:49.294,1.53126,1.53137,1.50,2.95
2012.01.12 15:43:50.227,1.53123,1.53137,2.25,2.95
2012.01.12 15:43:50.313,1.53122,1.53133,3.34,1.50
2012.01.12 15:43:50.897,1.53121,1.5313,2.25,2.25
2012.01.12 15:43:50.985,1.53121,1.53135,2.25,3.75
2012.01.12 15:43:51.496,1.53125,1.53135,1.13,2.25
2012.01.12 15:43:51.574,1.53127,1.53137,3.75,1.45
2012.01.12 15:43:52.150,1.53121,1.53133,4.50,2.25
2012.01.12 15:43:52.245,1.53127,1.53137,1.13,1.50
2012.01.12 15:43:52.786,1.53128,1.53139,2.63,2.20
2012.01.12 15:43:53.152,1.53127,1.53133,1.50,2.25
2012.01.12 15:43:53.512,1.53127,1.53133,1.50,2.25
2012.01.12 15:43:53.593,1.53127,1.53137,1.50,3.38
2012.01.12 15:43:54.077,1.53129,1.53137,1.50,1.88
2012.01.12 15:43:54.165,1.53126,1.53137,2.25,2.63
2012.01.12 15:43:54.669,1.53127,1.53137,1.50,4.13
2012.01.12 15:43:56.979,1.53126,1.53136,1.50,1.50
2012.01.12 15:43:57.344,1.53126,1.53136,1.50,1.50
2012.01.12 15:43:57.871,1.53126,1.53137,3.00,1.88
2012.01.12 15:43:58.937,1.53124,1.53132,2.25,1.88
2012.01.12 15:43:59.080,1.53124,1.53132,1.50,1.88
2012.01.12 15:43:59.369,1.53125,1.53137,2.25,1.88
2012.01.12 15:43:59.891,1.53127,1.53137,2.25,1.88
2012.01.12 15:44:03.796,1.53125,1.53137,3.75,1.88
2012.01.12 15:44:04.079,1.53128,1.53139,2.63,1.50
2012.01.12 15:44:04.289,1.53127,1.53137,3.00,1.88
2012.01.12 15:44:04.812,1.53123,1.53135,3.38,1.50
2012.01.12 15:44:04.974,1.53123,1.53133,2.63,1.50
2012.01.12 15:44:05.261,1.53123,1.53135,2.63,1.50
2012.01.12 15:44:06.129,1.53123,1.53135,2.63,1.50
2012.01.12 15:44:06.809,1.53124,1.53135,1.50,1.50
2012.01.12 15:44:07.357,1.53123,1.53137,4.13,4.13
2012.01.12 15:44:07.723,1.53123,1.53134,4.13,2.25
2012.01.12 15:44:07.801,1.53123,1.53134,4.13,2.25
2012.01.12 15:44:07.985,1.53123,1.53135,2.63,1.50
2012.01.12 15:44:08.756,1.53123,1.53135,2.63,3.75
2012.01.12 15:44:09.108,1.53123,1.53135,2.63,3.75
2012.01.12 15:44:09.385,1.53123,1.53135,2.63,1.50
2012.01.12 15:44:10.129,1.53123,1.53135,2.63,1.50
2012.01.12 15:44:10.744,1.53124,1.53135,6.00,2.25
2012.01.12 15:44:11.172,1.53133,1.53138,1.88,2.25
2012.01.12 15:44:11.318,1.53133,1.53138,1.88,1.50
2012.01.12 15:44:11.462,1.53128,1.5314,1.88,4.88
2012.01.12 15:44:11.612,1.53128,1.5314,2.63,1.88
2012.01.12 15:44:12.255,1.53128,1.53138,2.63,2.25
2012.01.12 15:44:12.340,1.53133,1.53144,1.88,3.70
2012.01.12 15:44:12.489,1.53133,1.53142,1.88,1.50
2012.01.12 15:44:12.991,1.53133,1.53142,2.63,1.50
2012.01.12 15:44:13.892,1.53133,1.53142,2.63,1.50
2012.01.12 15:44:13.978,1.53133,1.53144,2.63,1.50
2012.01.12 15:44:14.498,1.53133,1.53142,2.63,1.50
2012.01.12 15:44:14.571,1.53133,1.53144,2.63,1.50
2012.01.12 15:44:14.863,1.53133,1.53142,2.63,1.50
2012.01.12 15:44:15.658,1.53129,1.53137,3.00,1.88
2012.01.12 15:44:15.751,1.53126,1.53136,1.50,1.50
2012.01.12 15:44:16.260,1.53126,1.53136,1.50,1.50
2012.01.12 15:44:16.827,1.53126,1.53137,1.50,1.88
2012.01.12 15:44:17.430,1.53126,1.53137,1.50,1.88
2012.01.12 15:44:17.937,1.53125,1.53137,1.50,1.88
2012.01.12 15:44:18.482,1.53124,1.53136,2.25,1.50
2012.01.12 15:44:19.422,1.53124,1.53137,3.75,1.88
2012.01.12 15:44:20.611,1.53131,1.53137,1.09,1.88
2012.01.12 15:44:21.191,1.53133,1.53141,2.25,3.00
2012.01.12 15:44:21.291,1.53137,1.53147,4.50,1.88
2012.01.12 15:44:21.648,1.53139,1.5315,2.25,1.88
2012.01.12 15:44:22.213,1.53139,1.53152,2.25,3.75
2012.01.12 15:44:22.805,1.53139,1.53152,3.00,2.25
2012.01.12 15:44:23.301,1.53139,1.53149,1.50,1.50
2012.01.12 15:44:24.834,1.53138,1.53151,2.63,3.00
2012.01.12 15:44:25.975,1.53138,1.53151,2.63,1.50
2012.01.12 15:44:26.925,1.53138,1.5315,2.63,1.13
2012.01.12 15:44:27.015,1.53137,1.53147,3.00,1.88
2012.01.12 15:44:27.096,1.53134,1.53147,2.25,3.38
2012.01.12 15:44:27.309,1.53134,1.53145,1.50,1.50
2012.01.12 15:44:27.672,1.53133,1.53143,2.63,1.50
2012.01.12 15:44:28.169,1.53133,1.53145,2.63,1.50
2012.01.12 15:44:28.939,1.53133,1.53145,2.63,1.50
2012.01.12 15:44:29.507,1.53133,1.53145,2.63,1.50
2012.01.12 15:44:30.055,1.53133,1.53145,2.63,1.50
2012.01.12 15:44:31.227,1.53133,1.53143,2.63,1.50
2012.01.12 15:44:32.383,1.53133,1.53143,2.63,1.50
2012.01.12 15:44:32.905,1.53133,1.53143,2.63,1.50
2012.01.12 15:44:33.445,1.53133,1.53143,2.63,1.50
2012.01.12 15:44:33.979,1.53133,1.53143,2.63,1.50
2012.01.12 15:44:34.879,1.53133,1.53145,2.63,1.50
2012.01.12 15:44:38.484,1.53133,1.53143,2.63,1.50
2012.01.12 15:44:39.122,1.53133,1.53143,2.63,1.50
2012.01.12 15:44:39.484,1.53129,1.53142,1.50,4.88
2012.01.12 15:44:39.563,1.53128,1.53138,3.38,1.50
2012.01.12 15:44:40.077,1.53128,1.53138,3.38,1.50
2012.01.12 15:44:40.426,1.53125,1.53137,1.50,1.88
2012.01.12 15:44:40.917,1.53126,1.53137,2.25,1.88
2012.01.12 15:44:41.131,1.53127,1.53137,2.25,1.88
2012.01.12 15:44:41.718,1.53127,1.53137,1.50,1.88
2012.01.12 15:44:42.259,1.53127,1.53137,1.50,1.88
2012.01.12 15:44:42.814,1.53125,1.53137,3.00,1.88
2012.01.12 15:44:44.782,1.53127,1.53137,1.50,1.88
2012.01.12 15:44:45.066,1.53129,1.53141,1.50,1.50
2012.01.12 15:44:45.208,1.53133,1.53141,1.88,2.25
2012.01.12 15:44:45.557,1.53133,1.53139,1.88,2.25
2012.01.12 15:44:45.627,1.53129,1.53139,3.00,2.25
2012.01.12 15:44:45.772,1.53128,1.5314,2.63,1.50
2012.01.12 15:44:46.730,1.53127,1.53137,3.75,1.88
2012.01.12 15:44:47.304,1.53127,1.53137,1.50,1.88
2012.01.12 15:44:48.185,1.53128,1.53138,2.63,2.25
2012.01.12 15:44:48.271,1.53133,1.53142,1.88,1.50
2012.01.12 15:44:48.417,1.53133,1.53144,2.63,2.25
2012.01.12 15:44:49.053,1.53133,1.53142,2.63,1.50
2012.01.12 15:44:50.818,1.53133,1.53144,2.63,1.50
2012.01.12 15:44:50.898,1.53133,1.53144,2.63,1.50
2012.01.12 15:44:51.581,1.53139,1.53148,2.63,2.25
2012.01.12 15:44:52.331,1.53141,1.53147,1.50,1.88
2012.01.12 15:44:52.444,1.53138,1.53146,2.25,2.25
2012.01.12 15:44:52.588,1.53136,1.53146,1.50,2.25
2012.01.12 15:44:53.136,1.53136,1.53147,1.50,3.38
2012.01.12 15:44:55.066,1.53136,1.53147,1.50,1.88
2012.01.12 15:44:55.278,1.53138,1.53149,2.63,2.25
2012.01.12 15:44:56.404,1.53135,1.53147,2.25,1.88
2012.01.12 15:44:56.820,1.53135,1.53147,2.25,1.88
2012.01.12 15:44:57.250,1.53133,1.53147,4.13,4.13
2012.01.12 15:44:57.751,1.53138,1.53147,1.88,2.25
2012.01.12 15:44:58.355,1.53138,1.53149,2.63,1.50
2012.01.12 15:44:58.785,1.53138,1.53149,2.63,1.50
2012.01.12 15:44:59.277,1.53138,1.53149,2.63,1.50
2012.01.12 15:44:59.490,1.53135,1.53147,3.00,1.88
2012.01.12 15:45:00.097,1.53135,1.53147,3.00,1.88
2012.01.12 15:45:00.600,1.53133,1.53147,4.88,3.38
2012.01.12 15:45:01.206,1.53133,1.53147,4.88,3.38
2012.01.12 15:45:01.493,1.53138,1.53147,1.88,2.25
2012.01.12 15:45:02.364,1.53134,1.53147,2.25,4.13
2012.01.12 15:45:03.948,1.53133,1.53147,4.88,4.13
2012.01.12 15:45:04.823,1.53135,1.53147,1.50,4.13
2012.01.12 15:45:04.975,1.53135,1.53147,1.50,3.38
2012.01.12 15:45:06.277,1.53135,1.53147,1.50,3.38
2012.01.12 15:45:07.045,1.53134,1.53147,2.25,3.38
2012.01.12 15:45:07.143,1.53133,1.53145,3.38,1.50
2012.01.12 15:45:07.429,1.53133,1.53145,1.88,2.25
2012.01.12 15:45:07.988,1.53133,1.53145,3.38,1.50
2012.01.12 15:45:08.892,1.53133,1.53145,2.63,2.25
2012.01.12 15:45:08.985,1.53133,1.53141,1.88,1.13
2012.01.12 15:45:13.390,1.53131,1.5314,2.25,1.13
2012.01.12 15:45:13.544,1.53128,1.5314,2.63,2.63
2012.01.12 15:45:14.085,1.53123,1.53137,5.85,1.88
2012.01.12 15:45:14.430,1.53124,1.53137,2.25,1.88
2012.01.12 15:45:14.791,1.53123,1.53137,4.88,1.88
2012.01.12 15:45:15.340,1.53123,1.53137,4.13,1.88
2012.01.12 15:45:15.910,1.53123,1.53136,2.63,1.50
2012.01.12 15:45:16.609,1.53123,1.53136,2.63,2.25
2012.01.12 15:45:16.752,1.53123,1.53136,2.63,2.25
2012.01.12 15:45:17.108,1.53123,1.53133,1.88,2.25
2012.01.12 15:45:18.014,1.53123,1.53137,4.13,4.13
2012.01.12 15:45:18.370,1.53123,1.53135,4.88,1.50
2012.01.12 15:45:18.450,1.53123,1.53137,4.88,4.13
2012.01.12 15:45:18.812,1.53123,1.53137,4.88,3.38
2012.01.12 15:45:20.826,1.53128,1.53138,1.50,2.25
2012.01.12 15:45:21.179,1.53133,1.53144,3.38,4.50
2012.01.12 15:45:21.750,1.53133,1.53144,4.13,3.75
2012.01.12 15:45:22.469,1.53138,1.53144,1.88,4.50
2012.01.12 15:45:22.524,1.53134,1.53141,1.50,1.50
2012.01.12 15:45:22.613,1.53132,1.53141,1.88,1.50
2012.01.12 15:45:22.696,1.53132,1.53139,2.63,2.25
2012.01.12 15:45:23.090,1.53132,1.53141,1.88,1.50
2012.01.12 15:45:23.180,1.53127,1.53132,1.50,1.88
2012.01.12 15:45:23.460,1.53127,1.53132,1.50,1.88
2012.01.12 15:45:23.825,1.53125,1.53132,1.50,1.88
2012.01.12 15:45:23.966,1.53122,1.53132,1.50,1.88
2012.01.12 15:45:24.845,1.53122,1.53132,1.50,1.88
2012.01.12 15:45:25.385,1.53123,1.53131,1.88,2.25
2012.01.12 15:45:25.952,1.53121,1.53131,1.50,2.25
2012.01.12 15:45:26.031,1.53121,1.53131,1.50,2.25
2012.01.12 15:45:26.587,1.5312,1.53132,1.50,1.88
2012.01.12 15:45:27.189,1.5312,1.53132,1.50,4.13
2012.01.12 15:45:27.688,1.53121,1.53132,1.50,1.88
2012.01.12 15:45:27.960,1.53119,1.53131,1.50,3.75
2012.01.12 15:45:28.040,1.53118,1.53127,2.63,2.25
2012.01.12 15:45:28.398,1.53115,1.53122,1.50,3.00
2012.01.12 15:45:29.155,1.53113,1.53122,1.88,3.00
2012.01.12 15:45:29.278,1.53123,1.53128,1.88,2.25
2012.01.12 15:45:29.446,1.53123,1.53132,1.88,2.20
2012.01.12 15:45:29.521,1.53123,1.53133,1.88,2.25
2012.01.12 15:45:31.108,1.53128,1.53133,1.88,1.50
2012.01.12 15:45:33.177,1.53128,1.53135,1.88,1.50
2012.01.12 15:45:33.783,1.53128,1.53137,1.88,2.25
2012.01.12 15:45:34.522,1.53128,1.53136,1.88,1.50
2012.01.12 15:45:34.815,1.53123,1.53136,2.63,1.50
2012.01.12 15:45:35.379,1.53123,1.53136,2.63,1.50
2012.01.12 15:45:35.954,1.53123,1.53136,2.63,2.25
2012.01.12 15:45:36.191,1.53123,1.53134,2.63,2.25
2012.01.12 15:45:36.554,1.53118,1.53126,4.13,2.25
2012.01.12 15:45:38.964,1.53118,1.53126,2.63,2.25
2012.01.12 15:45:39.113,1.53121,1.53132,2.25,2.71
2012.01.12 15:45:39.658,1.53121,1.53132,2.25,1.88
2012.01.12 15:45:40.181,1.53121,1.53132,2.25,1.88
2012.01.12 15:45:41.792,1.53121,1.53132,2.25,1.88
2012.01.12 15:45:42.148,1.53128,1.53135,1.88,5.25
2012.01.12 15:45:42.696,1.53126,1.53137,2.25,4.13
2012.01.12 15:45:42.776,1.53123,1.53134,2.63,2.25
2012.01.12 15:45:44.288,1.53124,1.53134,1.13,2.25
2012.01.12 15:45:44.636,1.53133,1.53137,1.88,2.25
2012.01.12 15:45:45.099,1.53133,1.53139,1.88,2.25
2012.01.12 15:45:45.180,1.53133,1.53139,1.88,2.25
2012.01.12 15:45:45.386,1.53133,1.53143,2.63,1.50
2012.01.12 15:45:45.878,1.53133,1.53141,2.63,1.50
2012.01.12 15:45:46.018,1.53133,1.53141,1.88,1.50
2012.01.12 15:45:46.565,1.53134,1.53142,1.50,2.25
2012.01.12 15:45:47.325,1.53133,1.53142,1.88,2.25
2012.01.12 15:45:48.301,1.53133,1.53142,2.63,2.25
2012.01.12 15:45:48.662,1.53133,1.53139,2.63,2.25
2012.01.12 15:45:48.740,1.53133,1.53141,2.63,2.25
2012.01.12 15:45:48.885,1.53133,1.53144,2.63,1.50
2012.01.12 15:45:49.101,1.53133,1.53141,2.63,2.25
2012.01.12 15:45:49.667,1.5314,1.53146,1.13,1.50
2012.01.12 15:45:49.826,1.5314,1.53152,3.00,4.13
2012.01.12 15:45:50.386,1.53143,1.53152,1.50,4.13
2012.01.12 15:45:50.937,1.53142,1.53152,2.25,4.13
2012.01.12 15:45:51.494,1.53142,1.53152,2.25,4.13
2012.01.12 15:45:52.057,1.53142,1.53152,2.25,4.13
2012.01.12 15:45:52.981,1.53142,1.53152,2.25,4.13
2012.01.12 15:45:55.365,1.53142,1.53152,2.25,4.13
2012.01.12 15:45:56.127,1.53142,1.53152,2.25,1.88
2012.01.12 15:45:56.726,1.53142,1.53152,2.25,1.88
2012.01.12 15:45:57.567,1.53142,1.53152,2.25,1.88
2012.01.12 15:45:58.275,1.53142,1.53152,2.25,1.88
2012.01.12 15:45:58.955,1.53144,1.53152,2.25,1.88
2012.01.12 15:45:59.100,1.53144,1.53157,2.25,4.88
2012.01.12 15:46:00.160,1.53144,1.53157,2.25,4.88
2012.01.12 15:46:01.196,1.53144,1.53157,2.25,4.88
2012.01.12 15:46:02.374,1.53144,1.53157,2.25,4.88
2012.01.12 15:46:02.935,1.53144,1.53157,2.25,4.88
2012.01.12 15:46:03.863,1.53145,1.53157,1.50,4.88
2012.01.12 15:46:04.674,1.53146,1.53157,2.25,4.88
2012.01.12 15:46:04.756,1.53146,1.53152,2.25,1.88
2012.01.12 15:46:05.309,1.53143,1.53152,2.25,1.88
2012.01.12 15:46:06.035,1.53145,1.53157,2.25,4.88
2012.01.12 15:46:06.566,1.53145,1.53152,2.25,1.88
2012.01.12 15:46:08.012,1.53145,1.53157,2.25,4.88
2012.01.12 15:46:08.788,1.53143,1.53152,2.25,1.88
2012.01.12 15:46:09.323,1.53143,1.53157,2.25,6.38
2012.01.12 15:46:10.358,1.53143,1.53152,2.25,1.88
2012.01.12 15:46:10.713,1.53149,1.53157,1.13,3.75
2012.01.12 15:46:10.787,1.5315,1.53159,1.13,1.50
2012.01.12 15:46:10.862,1.5315,1.53162,2.63,4.13
2012.01.12 15:46:11.218,1.53153,1.53163,2.63,2.25
2012.01.12 15:46:11.707,1.53158,1.53169,2.63,2.25
2012.01.12 15:46:12.059,1.53158,1.53169,3.38,2.25
2012.01.12 15:46:12.641,1.53159,1.53172,2.25,1.88
2012.01.12 15:46:12.952,1.53168,1.53178,2.63,5.25
2012.01.12 15:46:13.041,1.53169,1.53178,1.50,3.00
2012.01.12 15:46:13.636,1.5317,1.53182,3.00,2.63
2012.01.12 15:46:13.727,1.5317,1.53182,3.00,4.13
2012.01.12 15:46:15.446,1.5317,1.53182,3.00,1.88
2012.01.12 15:46:17.577,1.53178,1.53183,1.88,2.25
2012.01.12 15:46:17.878,1.53183,1.53188,1.88,1.50
2012.01.12 15:46:18.231,1.53178,1.53187,2.63,1.50
2012.01.12 15:46:18.307,1.53178,1.53185,1.88,2.25
2012.01.12 15:46:18.379,1.53178,1.53189,3.38,2.25
2012.01.12 15:46:18.588,1.53178,1.53187,3.38,1.50
2012.01.12 15:46:18.868,1.53178,1.53189,3.38,1.50
2012.01.12 15:46:19.372,1.53183,1.53192,2.63,1.50
2012.01.12 15:46:19.728,1.53183,1.53192,2.63,1.50
2012.01.12 15:46:20.294,1.53183,1.53192,2.63,1.50
2012.01.12 15:46:20.582,1.53183,1.53192,1.88,1.50
2012.01.12 15:46:20.661,1.53183,1.5319,1.88,1.13
2012.01.12 15:46:21.195,1.53178,1.53187,2.63,1.50
2012.01.12 15:46:21.534,1.53178,1.53189,2.63,1.50
2012.01.12 15:46:22.750,1.53178,1.53187,2.63,1.50
2012.01.12 15:46:23.424,1.53173,1.53185,3.38,1.50
2012.01.12 15:46:23.933,1.53173,1.53185,2.63,1.50
2012.01.12 15:46:24.278,1.53173,1.53183,2.63,1.50
2012.01.12 15:46:24.419,1.53173,1.53185,2.63,3.00
2012.01.12 15:46:25.704,1.53173,1.53185,2.63,1.50
2012.01.12 15:46:26.336,1.53173,1.53185,2.63,1.50
2012.01.12 15:46:27.010,1.53173,1.53185,2.63,1.50
2012.01.12 15:46:27.561,1.53173,1.53185,2.63,1.50
2012.01.12 15:46:28.987,1.53173,1.53183,2.63,1.50
2012.01.12 15:46:29.274,1.53169,1.53181,4.88,2.25
2012.01.12 15:46:29.350,1.53169,1.5318,3.75,1.50
2012.01.12 15:46:29.499,1.53173,1.53182,2.63,3.00
2012.01.12 15:46:30.103,1.53173,1.53182,2.63,1.50
2012.01.12 15:46:30.537,1.5317,1.53182,1.50,3.38
2012.01.12 15:46:31.098,1.5317,1.53182,3.00,1.88
2012.01.12 15:46:32.090,1.53169,1.53182,1.50,3.38
2012.01.12 15:46:32.647,1.5317,1.53182,2.25,1.88
2012.01.12 15:46:33.397,1.53183,1.53187,1.88,3.75
2012.01.12 15:46:33.541,1.53183,1.53189,1.88,2.25
2012.01.12 15:46:33.765,1.53178,1.53189,4.88,1.50
2012.01.12 15:46:34.449,1.53178,1.53189,4.13,3.75
2012.01.12 15:46:34.554,1.53178,1.5319,2.63,1.50
2012.01.12 15:46:34.906,1.53178,1.53188,2.63,1.50
2012.01.12 15:46:36.536,1.53178,1.53188,2.63,1.50
2012.01.12 15:46:36.709,1.53178,1.5319,2.63,3.00
2012.01.12 15:46:36.845,1.53178,1.5319,2.63,1.50
2012.01.12 15:46:38.007,1.53178,1.5319,2.63,1.50
2012.01.12 15:46:38.665,1.53178,1.53192,4.88,4.88
2012.01.12 15:46:38.857,1.53181,1.53192,2.25,1.88
2012.01.12 15:46:39.011,1.53185,1.53195,1.50,1.50
2012.01.12 15:46:39.096,1.53185,1.53195,1.50,1.50
2012.01.12 15:46:39.473,1.53198,1.53202,1.88,1.50
2012.01.12 15:46:39.555,1.53198,1.53208,2.63,1.50
2012.01.12 15:46:40.136,1.53198,1.53208,2.63,1.50
2012.01.12 15:46:40.247,1.53198,1.53206,1.88,1.50
2012.01.12 15:46:40.537,1.53198,1.53206,2.63,1.50
2012.01.12 15:46:41.028,1.53198,1.5321,2.63,2.25
2012.01.12 15:46:41.237,1.53198,1.5321,2.63,1.50
2012.01.12 15:46:41.734,1.53198,1.5321,2.63,1.50
2012.01.12 15:46:41.830,1.53198,1.53208,2.63,3.00
2012.01.12 15:46:42.187,1.53197,1.53206,1.50,1.50
2012.01.12 15:46:42.688,1.53198,1.53208,2.63,1.50
2012.01.12 15:46:42.896,1.53198,1.53208,2.63,1.50
2012.01.12 15:46:43.515,1.53198,1.53208,2.63,1.50
2012.01.12 15:46:44.054,1.53195,1.53206,2.25,1.50
2012.01.12 15:46:44.407,1.53195,1.53206,2.63,1.50
2012.01.12 15:46:44.548,1.53198,1.53209,2.63,1.50
2012.01.12 15:46:44.966,1.53198,1.53212,4.13,4.50
2012.01.12 15:46:45.451,1.53198,1.53207,2.63,1.50
2012.01.12 15:46:45.613,1.53198,1.53207,2.63,2.25
2012.01.12 15:46:45.830,1.53198,1.53211,2.63,1.50
2012.01.12 15:46:46.187,1.53198,1.53211,2.63,1.50
2012.01.12 15:46:46.755,1.532,1.53212,2.25,1.88
2012.01.12 15:46:47.491,1.53208,1.53217,2.63,1.50
2012.01.12 15:46:48.649,1.53207,1.53217,4.88,1.50
2012.01.12 15:46:49.615,1.53207,1.53219,4.88,2.25
2012.01.12 15:46:49.827,1.53207,1.53217,4.88,1.50
2012.01.12 15:46:50.379,1.53211,1.53219,4.50,1.50
2012.01.12 15:46:50.600,1.53218,1.53222,1.88,1.13
2012.01.12 15:46:50.679,1.53218,1.53227,2.63,1.50
2012.01.12 15:46:50.748,1.53218,1.53225,2.63,1.50
2012.01.12 15:46:50.960,1.53218,1.53227,2.63,3.00
2012.01.12 15:46:51.248,1.53218,1.53229,3.38,3.00
2012.01.12 15:46:51.862,1.53218,1.53229,3.38,1.50
2012.01.12 15:46:52.326,1.53218,1.53229,3.38,6.00
2012.01.12 15:46:52.403,1.53218,1.53227,2.63,1.50
2012.01.12 15:46:52.481,1.53216,1.53222,2.25,1.88
2012.01.12 15:46:52.559,1.53215,1.53222,4.13,1.88
2012.01.12 15:46:52.704,1.53212,1.53222,1.50,1.88
2012.01.12 15:46:52.848,1.53214,1.53222,1.50,1.50
2012.01.12 15:46:52.919,1.53214,1.53224,2.25,3.00
2012.01.12 15:46:52.992,1.53218,1.53224,1.88,1.50
2012.01.12 15:46:53.275,1.53218,1.53228,2.63,3.00
2012.01.12 15:46:53.808,1.53218,1.53228,2.63,1.50
2012.01.12 15:46:55.295,1.53218,1.5323,2.63,3.00
2012.01.12 15:46:56.891,1.53218,1.5323,2.63,1.50
2012.01.12 15:46:57.547,1.53218,1.5323,2.63,1.50
2012.01.12 15:46:57.629,1.53218,1.5323,3.38,1.50
2012.01.12 15:46:57.772,1.53218,1.53228,2.63,1.50
2012.01.12 15:46:58.265,1.53218,1.5323,3.38,4.50
2012.01.12 15:46:58.787,1.53218,1.5323,4.13,1.50
2012.01.12 15:47:00.196,1.53218,1.53229,4.13,2.25
2012.01.12 15:47:00.745,1.53218,1.5323,2.97,1.50
2012.01.12 15:47:01.295,1.5322,1.5323,1.50,1.50
2012.01.12 15:47:01.370,1.53222,1.53232,1.20,6.38
2012.01.12 15:47:01.456,1.53226,1.53236,5.59,2.25
2012.01.12 15:47:01.809,1.53225,1.53232,3.00,1.88
2012.01.12 15:47:02.556,1.53224,1.53232,2.25,1.88
2012.01.12 15:47:02.638,1.53228,1.53236,1.88,4.50
2012.01.12 15:47:03.831,1.53228,1.53238,2.63,1.50
2012.01.12 15:47:04.491,1.53229,1.5324,2.25,1.50
2012.01.12 15:47:04.580,1.53231,1.53242,1.50,3.38
2012.01.12 15:47:07.676,1.53231,1.53242,2.25,1.88
2012.01.12 15:47:08.200,1.53231,1.53242,1.50,3.38
2012.01.12 15:47:08.276,1.53229,1.53242,1.50,4.88
2012.01.12 15:47:08.351,1.53229,1.5324,1.50,1.50
2012.01.12 15:47:08.806,1.53231,1.53242,1.50,3.38
2012.01.12 15:47:08.877,1.53231,1.53242,1.50,3.38
2012.01.12 15:47:10.542,1.53231,1.53242,1.50,3.38
2012.01.12 15:47:11.267,1.5323,1.53242,1.50,3.38
2012.01.12 15:47:11.809,1.5323,1.53244,1.50,3.75
2012.01.12 15:47:11.955,1.5323,1.53242,1.50,3.38
2012.01.12 15:47:12.605,1.53232,1.53251,3.00,3.38
2012.01.12 15:47:13.386,1.53234,1.53251,2.25,3.38
2012.01.12 15:47:13.944,1.53234,1.53251,2.25,3.38
2012.01.12 15:47:14.758,1.53232,1.53251,2.25,1.50
2012.01.12 15:47:15.600,1.53234,1.53251,2.25,1.90
2012.01.12 15:47:17.256,1.53235,1.53251,2.25,1.90
2012.01.12 15:47:17.806,1.53239,1.53251,2.25,1.90
2012.01.12 15:47:18.158,1.53231,1.53235,1.50,1.88
2012.01.12 15:47:18.362,1.5323,1.53235,3.00,1.88
2012.01.12 15:47:18.508,1.53233,1.53251,4.13,1.53
2012.01.12 15:47:18.652,1.53238,1.53251,1.50,1.90
2012.01.12 15:47:18.730,1.53238,1.53251,2.25,1.90
2012.01.12 15:47:19.557,1.53233,1.53251,6.38,3.40
2012.01.12 15:47:20.105,1.53233,1.53245,4.88,1.50
2012.01.12 15:47:20.461,1.53233,1.53245,4.88,1.50
2012.01.12 15:47:20.999,1.53233,1.53245,4.88,1.50
2012.01.12 15:47:21.729,1.53233,1.53251,6.38,4.15
2012.01.12 15:47:21.805,1.53233,1.53245,4.88,2.25
2012.01.12 15:47:21.946,1.53238,1.53245,1.88,1.50
2012.01.12 15:47:22.019,1.53238,1.53251,3.38,3.75
2012.01.12 15:47:22.356,1.53236,1.53251,2.25,1.88
2012.01.12 15:47:22.428,1.53236,1.53251,2.25,1.88
2012.01.12 15:47:22.765,1.53238,1.53251,2.63,1.50
2012.01.12 15:47:23.039,1.53238,1.53251,2.63,2.20
2012.01.12 15:47:23.320,1.53238,1.53251,2.63,1.50
2012.01.12 15:47:23.680,1.53235,1.53251,1.50,3.38
2012.01.12 15:47:24.283,1.53238,1.53251,2.63,1.50
2012.01.12 15:47:24.362,1.53243,1.53251,2.63,1.13
2012.01.12 15:47:24.440,1.53243,1.53253,2.63,4.82
2012.01.12 15:47:25.004,1.53243,1.53253,2.63,3.75
2012.01.12 15:47:25.506,1.53243,1.53251,1.88,2.25
2012.01.12 15:47:26.040,1.53243,1.53252,1.88,3.00
2012.01.12 15:47:26.544,1.53243,1.53253,1.88,2.25
2012.01.12 15:47:26.901,1.53243,1.53254,2.63,2.25
2012.01.12 15:47:27.317,1.53243,1.53257,4.13,3.38
2012.01.12 15:47:27.884,1.53243,1.53257,4.13,3.38
2012.01.12 15:47:27.974,1.53243,1.53253,2.63,1.50
2012.01.12 15:47:28.543,1.53243,1.53253,1.88,2.25
2012.01.12 15:47:28.898,1.53243,1.53252,1.88,5.25
2012.01.12 15:47:29.549,1.53238,1.53251,4.13,1.50
2012.01.12 15:47:29.982,1.53238,1.53251,1.88,1.50
2012.01.12 15:47:30.672,1.53238,1.53251,2.63,1.50
2012.01.12 15:47:31.425,1.53238,1.53251,2.63,1.50
2012.01.12 15:47:31.529,1.53244,1.53254,1.50,1.50
2012.01.12 15:47:32.158,1.53243,1.53254,2.63,1.50
2012.01.12 15:47:32.301,1.53243,1.53251,1.88,2.25
2012.01.12 15:47:33.231,1.53243,1.53252,2.63,1.50
2012.01.12 15:47:33.515,1.53243,1.53255,2.63,2.25
2012.01.12 15:47:34.069,1.53243,1.53255,2.63,1.50
2012.01.12 15:47:34.555,1.53243,1.53255,1.88,2.63
2012.01.12 15:47:35.340,1.53244,1.53256,2.25,1.50
2012.01.12 15:47:35.700,1.53243,1.53252,3.38,1.50
2012.01.12 15:47:36.265,1.53243,1.53252,1.88,1.50
2012.01.12 15:47:38.781,1.53243,1.53252,2.63,1.50
2012.01.12 15:47:39.085,1.53241,1.53251,1.50,4.82
2012.01.12 15:47:39.173,1.53236,1.53243,3.75,1.50
2012.01.12 15:47:39.247,1.53236,1.53243,1.50,1.50
2012.01.12 15:47:40.096,1.53233,1.53243,2.63,1.50
2012.01.12 15:47:40.185,1.53233,1.53243,2.63,1.50
2012.01.12 15:47:40.329,1.53233,1.53245,2.63,1.50
2012.01.12 15:47:40.725,1.53233,1.53243,2.63,1.50
2012.01.12 15:47:42.587,1.53233,1.53245,2.63,3.00
2012.01.12 15:47:43.107,1.53233,1.53245,2.63,1.50
2012.01.12 15:47:44.134,1.53233,1.53243,2.63,1.50
2012.01.12 15:47:44.488,1.53233,1.53247,4.13,5.95
2012.01.12 15:47:44.631,1.53238,1.53247,1.88,2.20
2012.01.12 15:47:45.364,1.53239,1.5325,1.50,3.70
2012.01.12 15:47:45.668,1.53238,1.53246,1.88,1.50
2012.01.12 15:47:45.736,1.53238,1.53248,1.88,2.25
2012.01.12 15:47:45.810,1.53238,1.53246,1.88,1.50
2012.01.12 15:47:46.657,1.53238,1.53246,2.63,1.50
2012.01.12 15:47:47.204,1.53238,1.53246,2.63,1.50
2012.01.12 15:47:47.717,1.53238,1.53246,2.63,1.50
2012.01.12 15:47:48.247,1.53238,1.53246,2.63,1.50
2012.01.12 15:47:48.826,1.53238,1.53246,2.63,1.50
2012.01.12 15:47:49.399,1.53238,1.53246,2.63,1.50
2012.01.12 15:47:49.848,1.53238,1.53246,2.63,1.50
2012.01.12 15:47:50.396,1.53238,1.53246,2.63,1.50
2012.01.12 15:47:50.953,1.53238,1.53246,2.63,1.50
2012.01.12 15:47:51.070,1.53233,1.53246,4.88,3.00
2012.01.12 15:47:51.150,1.53233,1.53243,2.63,1.50
2012.01.12 15:47:51.664,1.53233,1.53243,1.88,4.50
2012.01.12 15:47:52.020,1.53231,1.53241,2.29,1.50
2012.01.12 15:47:52.245,1.53239,1.53246,1.50,2.95
2012.01.12 15:47:52.329,1.53238,1.53249,2.63,2.20
2012.01.12 15:47:52.849,1.53238,1.53249,2.63,1.50
2012.01.12 15:47:52.941,1.53238,1.5325,2.63,5.20
2012.01.12 15:47:53.022,1.53238,1.53249,1.88,4.50
2012.01.12 15:47:53.538,1.53238,1.53247,1.88,1.50
2012.01.12 15:47:54.296,1.53238,1.53245,1.88,1.50
2012.01.12 15:47:54.738,1.53238,1.53249,1.88,3.00
2012.01.12 15:47:54.810,1.53238,1.53251,3.38,1.50
2012.01.12 15:47:55.146,1.53238,1.53249,3.38,1.50
2012.01.12 15:47:55.628,1.53238,1.53249,2.63,2.25
2012.01.12 15:47:55.695,1.53236,1.53242,2.25,1.88
2012.01.12 15:47:55.906,1.53238,1.53245,2.63,1.50
2012.01.12 15:47:56.121,1.53238,1.53247,2.63,1.50
2012.01.12 15:47:56.341,1.53238,1.53251,2.63,1.50
2012.01.12 15:47:57.287,1.53238,1.53247,2.63,1.50
2012.01.12 15:47:57.857,1.53238,1.53247,2.63,1.50
2012.01.12 15:47:58.478,1.53238,1.53247,1.88,1.50
2012.01.12 15:47:58.829,1.53238,1.53246,2.63,2.25
2012.01.12 15:47:59.424,1.53233,1.53241,4.13,1.50
2012.01.12 15:47:59.517,1.53231,1.53241,1.50,1.88
2012.01.12 15:47:59.595,1.53231,1.53239,1.50,1.50
2012.01.12 15:47:59.905,1.53226,1.53236,1.50,3.00
2012.01.12 15:47:59.987,1.53226,1.53232,2.25,2.25
2012.01.12 15:48:00.854,1.53223,1.53235,4.13,4.50
2012.01.12 15:48:01.695,1.53223,1.53237,4.88,6.38
2012.01.12 15:48:01.842,1.53223,1.53235,4.13,3.00
2012.01.12 15:48:02.198,1.53223,1.53232,2.63,1.50
2012.01.12 15:48:02.749,1.53223,1.53232,2.63,1.50
2012.01.12 15:48:02.827,1.53221,1.53229,1.88,1.50
2012.01.12 15:48:03.181,1.53225,1.53236,1.50,1.45
2012.01.12 15:48:03.259,1.53228,1.53236,2.63,1.45
2012.01.12 15:48:03.326,1.53228,1.53236,1.88,1.45
2012.01.12 15:48:03.399,1.53226,1.53231,2.63,1.50
2012.01.12 15:48:03.468,1.53228,1.53236,1.88,1.50
2012.01.12 15:48:03.746,1.53228,1.53238,1.88,2.25
2012.01.12 15:48:04.173,1.5323,1.53238,1.50,2.25
2012.01.12 15:48:04.725,1.53233,1.53243,1.88,2.63
2012.01.12 15:48:04.810,1.53233,1.53245,2.63,1.50
2012.01.12 15:48:05.309,1.53233,1.53245,3.38,2.25
2012.01.12 15:48:05.589,1.53233,1.53245,1.88,2.25
2012.01.12 15:48:05.669,1.53233,1.53242,2.63,2.25
2012.01.12 15:48:06.021,1.53232,1.53242,1.50,1.88
2012.01.12 15:48:06.549,1.53231,1.5324,1.13,1.50
2012.01.12 15:48:06.650,1.53235,1.53242,1.50,1.50
2012.01.12 15:48:06.877,1.53235,1.53245,1.50,2.25
2012.01.12 15:48:07.089,1.53237,1.53247,1.50,5.63
2012.01.12 15:48:07.172,1.53239,1.53247,2.97,6.38
2012.01.12 15:48:07.531,1.53245,1.53254,1.88,2.25
2012.01.12 15:48:08.164,1.53245,1.53251,1.88,1.50
2012.01.12 15:48:08.261,1.53238,1.53247,1.50,1.88
2012.01.12 15:48:08.355,1.53235,1.53242,2.25,1.50
2012.01.12 15:48:08.714,1.53229,1.5324,2.25,2.25
2012.01.12 15:48:09.211,1.53228,1.53237,1.88,3.00
2012.01.12 15:48:09.742,1.53228,1.53238,1.88,3.75
2012.01.12 15:48:10.378,1.53228,1.53238,1.88,5.25
2012.01.12 15:48:10.590,1.53228,1.53236,2.63,2.25
2012.01.12 15:48:11.383,1.53224,1.53232,1.50,1.88
2012.01.12 15:48:11.510,1.53222,1.5323,1.50,2.25
2012.01.12 15:48:11.823,1.53227,1.53237,2.25,2.63
2012.01.12 15:48:11.967,1.53224,1.53237,1.50,2.63
2012.01.12 15:48:12.326,1.53227,1.53237,2.25,1.88
2012.01.12 15:48:12.403,1.53227,1.53239,2.25,2.63
2012.01.12 15:48:13.016,1.53227,1.53241,2.25,2.25
2012.01.12 15:48:13.370,1.53227,1.53237,1.50,2.63
2012.01.12 15:48:13.520,1.53227,1.53241,3.00,2.25
2012.01.12 15:48:13.739,1.53228,1.53237,1.50,1.88
2012.01.12 15:48:14.596,1.53227,1.53237,3.00,1.88
2012.01.12 15:48:14.705,1.53227,1.53237,3.00,1.88
2012.01.12 15:48:14.802,1.53226,1.53233,3.00,1.50
2012.01.12 15:48:15.335,1.53223,1.53233,2.63,1.50
2012.01.12 15:48:15.415,1.53223,1.53233,2.63,1.50
2012.01.12 15:48:15.489,1.53223,1.53235,4.88,3.00
2012.01.12 15:48:16.534,1.53224,1.53237,2.25,1.88
2012.01.12 15:48:17.247,1.53224,1.53237,3.75,1.88
2012.01.12 15:48:17.540,1.53225,1.5324,1.13,1.88
2012.01.12 15:48:18.303,1.53238,1.53244,2.63,1.50
2012.01.12 15:48:18.387,1.5324,1.53246,1.50,1.50
2012.01.12 15:48:18.533,1.53243,1.53252,2.25,1.88
2012.01.12 15:48:19.030,1.53241,1.53252,2.63,1.88
2012.01.12 15:48:19.894,1.53241,1.53251,1.88,1.50
2012.01.12 15:48:20.428,1.53241,1.53249,1.88,1.50
2012.01.12 15:48:20.798,1.53241,1.53253,2.25,1.50
2012.01.12 15:48:21.416,1.53243,1.53256,6.00,1.50
2012.01.12 15:48:21.976,1.53244,1.53256,1.50,1.50
2012.01.12 15:48:22.545,1.53244,1.53256,1.50,1.50
2012.01.12 15:48:22.837,1.53244,1.53256,1.50,1.50
2012.01.12 15:48:23.376,1.53244,1.53257,3.00,1.88
2012.01.12 15:48:23.660,1.53243,1.53256,2.63,1.50
2012.01.12 15:48:24.023,1.53243,1.53256,4.88,1.50
2012.01.12 15:48:24.587,1.53243,1.53257,2.63,1.88
2012.01.12 15:48:25.269,1.53245,1.53257,2.25,1.88
2012.01.12 15:48:25.766,1.53244,1.53256,3.00,1.50
2012.01.12 15:48:25.910,1.53244,1.53257,1.50,3.38
2012.01.12 15:48:25.993,1.53243,1.53257,4.88,4.13
2012.01.12 15:48:26.279,1.53243,1.53253,4.88,2.25
2012.01.12 15:48:26.489,1.53243,1.53253,4.88,1.50
2012.01.12 15:48:26.877,1.53243,1.53255,4.88,2.25
2012.01.12 15:48:27.430,1.53243,1.53253,4.88,1.50
2012.01.12 15:48:27.740,1.53243,1.53255,2.63,1.50
2012.01.12 15:48:28.359,1.53243,1.53255,2.63,1.50
2012.01.12 15:48:28.708,1.53243,1.53257,4.13,3.38
2012.01.12 15:48:28.776,1.53243,1.53257,4.13,3.38
2012.01.12 15:48:29.339,1.53243,1.53257,6.38,3.38
2012.01.12 15:48:29.637,1.53245,1.53257,2.25,1.88
2012.01.12 15:48:30.190,1.53245,1.53257,2.25,1.88
2012.01.12 15:48:30.336,1.53243,1.53254,5.63,1.50
2012.01.12 15:48:30.893,1.53243,1.53254,2.63,1.50
2012.01.12 15:48:31.408,1.53243,1.53254,2.63,1.50
2012.01.12 15:48:31.515,1.53243,1.53256,3.38,1.50
2012.01.12 15:48:31.731,1.53243,1.53254,2.63,1.50
2012.01.12 15:48:32.056,1.53238,1.53244,1.65,1.50
2012.01.12 15:48:32.145,1.53237,1.53242,1.05,1.50
2012.01.12 15:48:32.252,1.53234,1.5324,1.50,2.25
2012.01.12 15:48:32.902,1.53228,1.53235,1.88,3.00
2012.01.12 15:48:33.001,1.53228,1.5324,2.63,1.50
2012.01.12 15:48:33.557,1.53228,1.5324,2.63,2.25
2012.01.12 15:48:33.890,1.53228,1.53242,4.13,4.13
2012.01.12 15:48:35.014,1.5323,1.53242,2.25,5.63
2012.01.12 15:48:35.093,1.53228,1.53238,2.63,1.50
2012.01.12 15:48:35.444,1.53224,1.53236,1.88,1.50
2012.01.12 15:48:35.946,1.53224,1.53237,2.25,1.88
2012.01.12 15:48:36.429,1.53223,1.53235,2.63,1.50
2012.01.12 15:48:36.573,1.53223,1.53235,2.63,1.50
2012.01.12 15:48:37.269,1.53223,1.53235,2.63,1.50
2012.01.12 15:48:37.686,1.53223,1.53235,1.88,2.25
2012.01.12 15:48:38.220,1.53228,1.53235,1.88,2.25
2012.01.12 15:48:38.596,1.53228,1.53237,4.13,1.50
2012.01.12 15:48:39.307,1.5323,1.53242,1.13,1.88
2012.01.12 15:48:40.173,1.53229,1.53241,2.63,3.00
2012.01.12 15:48:41.060,1.53233,1.53241,1.88,2.25
2012.01.12 15:48:41.145,1.5323,1.53242,1.13,1.88
2012.01.12 15:48:41.285,1.53229,1.53242,2.63,2.63
2012.01.12 15:48:41.848,1.5323,1.53241,1.13,2.25
2012.01.12 15:48:42.531,1.53231,1.53241,1.50,2.25
2012.01.12 15:48:43.142,1.5323,1.53242,1.13,1.88
2012.01.12 15:48:44.175,1.53231,1.53242,1.50,2.63
2012.01.12 15:48:44.451,1.53233,1.53241,2.63,2.25
2012.01.12 15:48:44.534,1.53233,1.53245,1.88,3.75
2012.01.12 15:48:45.069,1.53238,1.53243,1.88,2.25
2012.01.12 15:48:45.152,1.53238,1.53247,1.88,2.25
2012.01.12 15:48:45.864,1.53238,1.53248,1.88,3.00
2012.01.12 15:48:46.430,1.53238,1.53251,3.38,3.00
2012.01.12 15:48:46.648,1.53238,1.53252,4.13,4.13
2012.01.12 15:48:46.721,1.53238,1.53252,4.13,4.13
2012.01.12 15:48:47.346,1.5324,1.53252,2.25,1.88
2012.01.12 15:48:47.896,1.5324,1.53252,2.25,1.88
2012.01.12 15:48:48.457,1.5324,1.53252,2.25,1.88
2012.01.12 15:48:48.797,1.53242,1.53252,2.25,1.88
2012.01.12 15:48:48.939,1.53243,1.53256,2.63,2.25
2012.01.12 15:48:49.452,1.53243,1.53256,4.88,1.50
2012.01.12 15:48:50.004,1.53243,1.53256,4.88,1.50
2012.01.12 15:48:50.337,1.53243,1.53252,1.88,2.25
2012.01.12 15:48:50.625,1.53243,1.53252,1.88,1.50
2012.01.12 15:48:50.836,1.53243,1.53255,4.88,1.50
2012.01.12 15:48:51.320,1.53243,1.53257,6.38,6.38
2012.01.12 15:48:51.947,1.53244,1.53257,1.13,3.38
2012.01.12 15:48:52.307,1.53248,1.53257,3.38,1.88
2012.01.12 15:48:52.864,1.53248,1.53257,3.38,1.88
2012.01.12 15:48:53.432,1.53248,1.53257,3.38,1.88
2012.01.12 15:49:01.896,1.53248,1.53257,2.63,2.63
2012.01.12 15:49:02.660,1.53248,1.53257,3.38,2.63
2012.01.12 15:49:03.194,1.53248,1.53257,2.63,3.38
2012.01.12 15:49:04.072,1.53248,1.53257,1.88,3.38
2012.01.12 15:49:04.690,1.53248,1.53257,3.38,3.38
2012.01.12 15:49:05.416,1.53248,1.53257,1.88,3.38
2012.01.12 15:49:05.754,1.53248,1.53257,3.38,3.38
2012.01.12 15:49:06.316,1.53248,1.53257,1.88,3.38
2012.01.12 15:49:06.948,1.53243,1.53253,3.59,1.50
2012.01.12 15:49:07.508,1.53243,1.53253,4.13,2.25
2012.01.12 15:49:09.000,1.53243,1.53253,4.13,2.25
2012.01.12 15:49:09.484,1.53243,1.53253,1.88,2.25
2012.01.12 15:49:09.697,1.53239,1.53252,1.50,2.63
2012.01.12 15:49:10.348,1.53238,1.53246,1.88,3.75
2012.01.12 15:49:10.428,1.53238,1.53244,1.88,1.50
2012.01.12 15:49:11.203,1.53238,1.53246,1.88,3.00
2012.01.12 15:49:11.557,1.53238,1.53248,1.88,2.25
2012.01.12 15:49:11.626,1.53238,1.53248,1.88,2.25
2012.01.12 15:49:12.945,1.53238,1.53246,1.88,2.25
2012.01.12 15:49:14.362,1.53238,1.53244,1.88,2.25
2012.01.12 15:49:14.440,1.53233,1.53244,2.63,2.25
2012.01.12 15:49:15.299,1.53233,1.5324,1.88,1.50
2012.01.12 15:49:15.459,1.53228,1.53237,1.50,2.63
2012.01.12 15:49:15.611,1.53223,1.53233,2.63,1.50
2012.01.12 15:49:15.969,1.53223,1.53235,3.38,2.25
2012.01.12 15:49:16.864,1.53233,1.53237,1.88,1.50
2012.01.12 15:49:17.299,1.53233,1.53243,1.88,2.25
2012.01.12 15:49:17.720,1.53233,1.53243,1.88,3.75
2012.01.12 15:49:20.599,1.53233,1.53245,2.63,3.00
2012.01.12 15:49:20.746,1.53233,1.53242,2.63,1.50
2012.01.12 15:49:22.520,1.53233,1.53245,2.63,2.25
2012.01.12 15:49:22.676,1.53233,1.53242,1.88,2.25
2012.01.12 15:49:23.030,1.53233,1.53242,2.63,1.50
2012.01.12 15:49:23.586,1.53233,1.53244,2.63,2.25
2012.01.12 15:49:24.291,1.53231,1.5324,1.13,2.25
2012.01.12 15:49:24.647,1.53224,1.5323,1.13,1.50
2012.01.12 15:49:24.710,1.53222,1.53227,1.50,1.88
2012.01.12 15:49:25.200,1.5322,1.53227,1.50,4.13
2012.01.12 15:49:26.093,1.53221,1.53227,1.50,1.88
2012.01.12 15:49:26.196,1.53218,1.53231,4.88,2.25
2012.01.12 15:49:26.271,1.53221,1.53231,1.13,1.50
2012.01.12 15:49:26.630,1.53218,1.53231,3.38,2.25
2012.01.12 15:49:26.708,1.53221,1.53231,1.13,1.50
2012.01.12 15:49:26.918,1.53219,1.53231,1.13,2.25
2012.01.12 15:49:27.199,1.53218,1.53231,2.63,1.50
2012.01.12 15:49:27.409,1.53219,1.53232,3.00,1.88
2012.01.12 15:49:27.618,1.53219,1.53232,4.50,1.88
2012.01.12 15:49:28.211,1.53221,1.53232,1.13,1.88
2012.01.12 15:49:28.770,1.53219,1.53231,2.25,1.50
2012.01.12 15:49:29.408,1.53218,1.53231,5.03,1.50
2012.01.12 15:49:30.499,1.53215,1.53227,4.05,1.88
2012.01.12 15:49:32.898,1.53215,1.53227,1.05,7.88
2012.01.12 15:49:33.051,1.53213,1.53224,1.65,1.50
2012.01.12 15:49:33.129,1.53212,1.53225,2.63,4.13
2012.01.12 15:49:33.406,1.53213,1.53227,4.88,3.38
2012.01.12 15:49:33.546,1.53213,1.53227,4.88,4.13
2012.01.12 15:49:34.063,1.53213,1.53226,4.88,1.13
2012.01.12 15:49:34.141,1.53213,1.53225,4.88,1.13
2012.01.12 15:49:34.221,1.53213,1.53225,4.88,1.13
2012.01.12 15:49:34.444,1.53213,1.53224,4.13,2.25
2012.01.12 15:49:35.016,1.53213,1.53225,2.63,2.25
2012.01.12 15:49:35.160,1.53213,1.53225,2.63,1.50
2012.01.12 15:49:35.451,1.53213,1.53227,4.13,4.13
2012.01.12 15:49:36.014,1.53213,1.53225,2.63,1.50
2012.01.12 15:49:38.098,1.53213,1.53227,4.88,4.13
2012.01.12 15:49:39.515,1.53213,1.53225,3.38,1.50
2012.01.12 15:49:40.196,1.53214,1.53227,2.63,3.75
2012.01.12 15:49:41.013,1.53214,1.53228,4.13,5.63
2012.01.12 15:49:41.106,1.53214,1.53226,2.63,1.50
2012.01.12 15:49:41.179,1.53214,1.53228,4.13,4.13
2012.01.12 15:49:41.677,1.53214,1.53223,2.25,1.88
2012.01.12 15:49:41.748,1.53213,1.53223,1.50,1.88
2012.01.12 15:49:41.820,1.53213,1.53223,1.50,1.88
2012.01.12 15:49:42.386,1.53212,1.53223,2.25,1.88
2012.01.12 15:49:43.148,1.5322,1.53227,2.25,1.88
2012.01.12 15:49:43.234,1.53223,1.53228,2.63,1.50
2012.01.12 15:49:43.542,1.53223,1.53232,2.63,1.50
2012.01.12 15:49:43.767,1.53223,1.53234,1.88,4.88
2012.01.12 15:49:43.909,1.53223,1.53233,2.63,1.45
2012.01.12 15:49:44.644,1.53219,1.53227,1.80,1.88
2012.01.12 15:49:44.733,1.53223,1.53234,1.88,2.95
2012.01.12 15:49:45.224,1.53223,1.5323,1.88,1.13
2012.01.12 15:49:45.578,1.53223,1.53232,1.88,3.00
2012.01.12 15:49:46.521,1.53223,1.53234,2.63,3.70
2012.01.12 15:49:46.608,1.53223,1.53232,2.63,1.50
2012.01.12 15:49:47.523,1.53223,1.53232,2.63,1.50
2012.01.12 15:49:48.535,1.53221,1.53232,1.13,3.38
2012.01.12 15:49:48.832,1.53223,1.5323,3.38,1.50
2012.01.12 15:49:48.914,1.53223,1.53235,2.63,2.25
2012.01.12 15:49:49.201,1.53224,1.53235,1.50,2.25
2012.01.12 15:49:49.487,1.53224,1.53235,2.25,1.50
2012.01.12 15:49:50.180,1.53224,1.53233,2.25,1.50
2012.01.12 15:49:50.687,1.53224,1.53233,2.25,3.38
2012.01.12 15:49:50.763,1.53224,1.53231,1.50,1.50
2012.01.12 15:49:50.841,1.53224,1.53231,2.25,1.50
2012.01.12 15:49:51.411,1.53222,1.53233,1.50,3.38
2012.01.12 15:49:51.491,1.53222,1.53233,1.50,3.38
2012.01.12 15:49:52.212,1.53226,1.53235,1.50,1.50
2012.01.12 15:49:52.293,1.53226,1.53237,1.50,4.88
2012.01.12 15:49:52.848,1.53224,1.53237,1.50,3.38
2012.01.12 15:49:53.596,1.53223,1.53235,5.63,1.50
2012.01.12 15:49:54.455,1.53223,1.53235,5.63,1.50
2012.01.12 15:49:54.819,1.53223,1.53235,4.88,2.25
2012.01.12 15:49:55.377,1.53223,1.53235,4.88,2.25
2012.01.12 15:49:57.724,1.53224,1.53236,1.88,2.25
2012.01.12 15:49:58.336,1.53224,1.53236,1.88,2.25
2012.01.12 15:49:58.940,1.5322,1.5323,2.25,1.50
2012.01.12 15:49:59.481,1.5322,1.53232,3.75,2.63
2012.01.12 15:50:00.874,1.5322,1.53232,1.50,4.13
2012.01.12 15:50:01.430,1.53219,1.53232,5.25,2.63
2012.01.12 15:50:01.935,1.53218,1.53227,3.00,1.88
2012.01.12 15:50:02.170,1.53215,1.53227,3.00,2.63
2012.01.12 15:50:02.719,1.53215,1.53227,3.00,1.88
2012.01.12 15:50:03.290,1.53215,1.53227,3.00,1.88
2012.01.12 15:50:03.740,1.53218,1.53231,1.88,2.25
2012.01.12 15:50:04.558,1.53223,1.53233,1.88,2.25
2012.01.12 15:50:04.786,1.53223,1.53235,4.13,3.75
2012.01.12 15:50:05.582,1.53223,1.53237,5.63,4.13
2012.01.12 15:50:05.734,1.53223,1.53237,7.88,4.13
2012.01.12 15:50:06.519,1.53225,1.53237,1.50,2.63
2012.01.12 15:50:06.941,1.53225,1.53235,2.25,2.25
2012.01.12 15:50:07.169,1.53222,1.53233,2.25,3.38
2012.01.12 15:50:07.786,1.53223,1.53235,4.88,2.25
2012.01.12 15:50:08.398,1.53223,1.53233,4.88,1.50
2012.01.12 15:50:08.474,1.53223,1.53235,4.88,2.25
2012.01.12 15:50:08.762,1.53223,1.53232,2.25,2.63
2012.01.12 15:50:08.982,1.53223,1.53232,4.13,1.50
2012.01.12 15:50:09.200,1.53223,1.53236,4.88,2.25
2012.01.12 15:50:09.419,1.53223,1.53236,4.13,2.25
2012.01.12 15:50:10.137,1.5322,1.53232,4.13,2.63
2012.01.12 15:50:12.000,1.53224,1.53232,1.13,1.88
2012.01.12 15:50:12.593,1.53226,1.53234,2.25,1.50
2012.01.12 15:50:12.687,1.53228,1.53239,5.63,3.00
2012.01.12 15:50:12.758,1.53228,1.53237,5.63,1.50
2012.01.12 15:50:13.107,1.53228,1.53239,5.63,1.50
2012.01.12 15:50:13.176,1.53233,1.5324,1.88,2.25
2012.01.12 15:50:13.385,1.53233,1.53242,1.88,1.50
2012.01.12 15:50:13.947,1.53233,1.53244,1.88,2.25
2012.01.12 15:50:14.488,1.53233,1.53242,1.88,1.50
2012.01.12 15:50:15.524,1.53233,1.53242,1.88,2.25
2012.01.12 15:50:15.990,1.53228,1.53232,1.65,1.88
2012.01.12 15:50:16.068,1.53228,1.53232,1.50,1.88
2012.01.12 15:50:16.209,1.53223,1.53233,1.88,1.50
2012.01.12 15:50:16.831,1.53223,1.53235,1.88,3.75
2012.01.12 15:50:17.048,1.53228,1.53235,1.88,2.25
2012.01.12 15:50:18.049,1.53228,1.53236,1.88,2.25
2012.01.12 15:50:19.119,1.53228,1.5324,1.88,3.00
2012.01.12 15:50:19.185,1.53228,1.5324,1.88,3.00
2012.01.12 15:50:19.516,1.53228,1.5324,2.63,3.00
2012.01.12 15:50:19.657,1.5323,1.53242,2.25,2.63
2012.01.12 15:50:20.396,1.53228,1.53237,3.00,1.88
2012.01.12 15:50:20.479,1.5323,1.5324,2.25,2.25
2012.01.12 15:50:20.622,1.53232,1.53242,1.50,2.63
2012.01.12 15:50:21.188,1.53231,1.53242,3.00,1.88
2012.01.12 15:50:22.299,1.5323,1.53242,3.38,3.38
2012.01.12 15:50:22.507,1.5323,1.53241,1.13,1.50
2012.01.12 15:50:23.189,1.5323,1.53241,1.13,1.50
2012.01.12 15:50:23.260,1.53228,1.53241,4.50,1.50
2012.01.12 15:50:23.629,1.53229,1.53242,1.13,4.88
2012.01.12 15:50:24.141,1.5323,1.53242,3.00,2.63
2012.01.12 15:50:24.260,1.5323,1.53237,1.50,2.63
2012.01.12 15:50:24.413,1.53226,1.53237,2.25,2.63
2012.01.12 15:50:24.900,1.53224,1.53237,1.50,2.63
2012.01.12 15:50:25.116,1.53224,1.53234,1.50,1.50
2012.01.12 15:50:25.330,1.53218,1.53227,2.25,1.88
2012.01.12 15:50:25.479,1.53218,1.53227,2.25,1.88
2012.01.12 15:50:26.256,1.53218,1.53227,2.25,1.88
2012.01.12 15:50:26.805,1.53218,1.53227,2.25,1.88
2012.01.12 15:50:27.442,1.53216,1.53227,2.25,1.88
2012.01.12 15:50:28.132,1.53216,1.53227,2.25,1.88
2012.01.12 15:50:28.750,1.53215,1.53225,1.50,1.50
2012.01.12 15:50:28.833,1.53215,1.53227,1.50,3.38
2012.01.12 15:50:28.912,1.53214,1.53227,1.50,4.13
2012.01.12 15:50:29.202,1.53213,1.53225,3.38,2.25
2012.01.12 15:50:29.748,1.53217,1.53227,1.50,2.63
2012.01.12 15:50:29.835,1.53215,1.53227,1.50,2.63
2012.01.12 15:50:30.244,1.53213,1.53224,4.13,3.00
2012.01.12 15:50:30.876,1.53213,1.53223,4.13,2.25
2012.01.12 15:50:31.642,1.53213,1.53227,7.20,4.13
2012.01.12 15:50:32.070,1.53214,1.53227,1.50,2.63
2012.01.12 15:50:32.429,1.53214,1.53227,1.50,2.63
2012.01.12 15:50:33.249,1.53213,1.53223,5.63,1.50
2012.01.12 15:50:33.666,1.53214,1.53225,1.50,2.25
2012.01.12 15:50:33.737,1.53216,1.53227,1.50,2.63
2012.01.12 15:50:34.301,1.53214,1.53227,1.50,2.63
2012.01.12 15:50:35.215,1.53213,1.53226,2.63,2.25
2012.01.12 15:50:35.301,1.53213,1.53227,4.13,4.13
2012.01.12 15:50:36.668,1.53213,1.53222,2.25,1.88
2012.01.12 15:50:37.369,1.53211,1.53222,1.50,2.63
2012.01.12 15:50:37.986,1.53211,1.53222,1.50,4.13
2012.01.12 15:50:38.744,1.53211,1.53221,1.50,1.50
2012.01.12 15:50:39.568,1.53211,1.53222,1.50,2.63
2012.01.12 15:50:42.115,1.53211,1.53222,1.50,4.13
2012.01.12 15:50:42.648,1.53211,1.53222,3.00,2.63
2012.01.12 15:50:43.013,1.53218,1.53223,2.63,2.25
2012.01.12 15:50:43.096,1.53218,1.5323,2.25,1.50
2012.01.12 15:50:43.175,1.53217,1.53225,3.00,1.88
2012.01.12 15:50:43.495,1.53213,1.53222,2.63,1.50
2012.01.12 15:50:44.086,1.53218,1.53222,1.88,1.50
2012.01.12 15:50:44.158,1.53218,1.53225,1.88,1.50
2012.01.12 15:50:44.228,1.53213,1.53226,3.38,2.25
2012.01.12 15:50:45.940,1.53212,1.53223,2.63,2.25
2012.01.12 15:50:46.481,1.53212,1.53222,1.88,2.25
2012.01.12 15:50:46.995,1.53212,1.53223,2.25,3.00
2012.01.12 15:50:47.583,1.53212,1.53223,2.25,3.38
2012.01.12 15:50:48.155,1.5321,1.53215,2.63,2.25
2012.01.12 15:50:48.289,1.53206,1.53211,1.50,2.25
2012.01.12 15:50:48.571,1.53202,1.53212,1.50,1.88
2012.01.12 15:50:48.965,1.532,1.53207,1.13,1.88
2012.01.12 15:50:49.111,1.53197,1.53207,2.48,1.88
2012.01.12 15:50:50.229,1.53197,1.53201,2.25,2.25
2012.01.12 15:50:50.315,1.53195,1.53201,1.50,2.25
2012.01.12 15:50:50.538,1.53193,1.53205,1.88,3.00
2012.01.12 15:50:50.899,1.53197,1.53204,1.50,3.00
2012.01.12 15:50:50.980,1.53197,1.53207,1.50,2.63
2012.01.12 15:50:51.817,1.53197,1.53207,2.25,1.88
2012.01.12 15:50:51.903,1.53198,1.53211,2.25,2.25
2012.01.12 15:50:52.178,1.53197,1.53207,4.13,2.63
2012.01.12 15:50:52.321,1.53195,1.53207,3.75,2.63
2012.01.12 15:50:52.879,1.53193,1.53207,5.22,3.38
2012.01.12 15:50:53.296,1.53195,1.53207,2.25,4.88
2012.01.12 15:50:53.970,1.53195,1.53207,2.25,5.63
2012.01.12 15:50:54.053,1.53193,1.53203,1.50,3.75
2012.01.12 15:50:54.127,1.53191,1.53203,5.25,4.50
2012.01.12 15:50:54.592,1.53191,1.53203,3.75,4.50
2012.01.12 15:50:55.096,1.53191,1.53203,3.75,3.00
2012.01.12 15:50:57.828,1.53191,1.53203,4.13,3.00
2012.01.12 15:50:58.120,1.53192,1.53203,1.13,3.00
2012.01.12 15:50:58.208,1.53194,1.53203,2.70,2.25
2012.01.12 15:50:58.288,1.53198,1.53203,1.88,2.25
2012.01.12 15:50:58.372,1.532,1.53212,1.50,3.38
2012.01.12 15:50:58.451,1.532,1.53207,1.50,1.88
2012.01.12 15:50:58.970,1.532,1.53212,1.88,3.38
2012.01.12 15:50:59.044,1.532,1.53207,1.50,1.88
2012.01.12 15:50:59.322,1.53198,1.53207,1.50,1.88
2012.01.12 15:50:59.890,1.53198,1.53212,3.38,4.13
2012.01.12 15:50:59.966,1.53198,1.53207,1.50,1.88
2012.01.12 15:51:00.763,1.53195,1.53207,3.00,1.88
2012.01.12 15:51:01.634,1.53203,1.53208,3.75,2.25
2012.01.12 15:51:01.995,1.53208,1.53215,1.88,2.25
2012.01.12 15:51:02.348,1.53208,1.53217,1.88,2.25
2012.01.12 15:51:03.235,1.53205,1.53212,2.92,1.50
2012.01.12 15:51:03.398,1.53203,1.53212,2.63,1.50
2012.01.12 15:51:03.611,1.532,1.53212,2.25,4.13
2012.01.12 15:51:04.180,1.53199,1.53212,1.09,4.13
2012.01.12 15:51:04.976,1.53198,1.5321,2.63,2.25
2012.01.12 15:51:05.060,1.53198,1.53206,1.88,3.75
2012.01.12 15:51:05.198,1.53193,1.53204,2.63,1.50
2012.01.12 15:51:05.726,1.53193,1.53204,2.63,1.50
2012.01.12 15:51:06.288,1.53193,1.53204,2.63,3.00
2012.01.12 15:51:06.704,1.53193,1.53202,1.88,1.50
2012.01.12 15:51:07.354,1.53193,1.53204,2.63,2.25
2012.01.12 15:51:07.995,1.53194,1.53207,2.25,4.88
2012.01.12 15:51:08.705,1.53196,1.53207,1.50,3.38
2012.01.12 15:51:09.005,1.53193,1.53207,4.13,4.13
2012.01.12 15:51:09.364,1.53197,1.53207,1.50,2.63
2012.01.12 15:51:09.900,1.53194,1.53203,1.50,4.13
2012.01.12 15:51:10.118,1.53195,1.53207,1.50,3.38
2012.01.12 15:51:10.625,1.53197,1.53207,1.13,1.88
2012.01.12 15:51:10.714,1.53198,1.53209,3.00,2.25
2012.01.12 15:51:10.795,1.53198,1.53209,2.25,3.00
2012.01.12 15:51:11.121,1.53203,1.53211,1.88,2.25
2012.01.12 15:51:11.701,1.53203,1.53211,1.88,2.25
2012.01.12 15:51:11.786,1.53203,1.53214,1.88,2.25
2012.01.12 15:51:12.280,1.53203,1.53212,2.63,1.50
2012.01.12 15:51:12.642,1.53203,1.53209,1.88,1.50
2012.01.12 15:51:12.721,1.532,1.53209,3.75,1.50
2012.01.12 15:51:12.802,1.53199,1.53209,1.50,1.50
2012.01.12 15:51:13.375,1.53203,1.53212,1.88,2.25
2012.01.12 15:51:13.689,1.53213,1.53218,1.88,2.25
2012.01.12 15:51:13.772,1.53213,1.53218,1.88,2.25
2012.01.12 15:51:14.283,1.53213,1.53217,1.88,2.25
2012.01.12 15:51:15.032,1.53208,1.53216,3.00,2.25
2012.01.12 15:51:15.392,1.53209,1.53216,4.20,2.25
2012.01.12 15:51:15.659,1.53218,1.53224,1.88,2.25
2012.01.12 15:51:16.008,1.53215,1.53223,1.50,1.50
2012.01.12 15:51:16.808,1.53214,1.53224,1.50,3.00
2012.01.12 15:51:16.889,1.53209,1.53218,1.88,1.50
2012.01.12 15:51:16.961,1.53208,1.53218,2.63,1.50
2012.01.12 15:51:17.182,1.53207,1.53217,1.50,4.13
2012.01.12 15:51:18.657,1.53206,1.53217,2.25,1.88
2012.01.12 15:51:21.491,1.53204,1.53216,1.50,1.50
2012.01.12 15:51:21.990,1.53204,1.53216,2.25,2.25
2012.01.12 15:51:22.680,1.53204,1.53216,1.50,1.50
2012.01.12 15:51:23.181,1.53206,1.53217,3.00,1.88
2012.01.12 15:51:23.328,1.53206,1.53217,1.50,2.63
2012.01.12 15:51:23.401,1.53204,1.53214,2.25,3.00
2012.01.12 15:51:24.630,1.53204,1.53216,3.00,3.00
2012.01.12 15:51:24.698,1.53204,1.53215,3.00,3.00
2012.01.12 15:51:25.054,1.53203,1.53214,2.63,2.25
2012.01.12 15:51:25.131,1.53203,1.53214,3.38,1.50
2012.01.12 15:51:25.371,1.53203,1.53211,2.25,1.88
2012.01.12 15:51:25.661,1.53202,1.53213,3.38,2.25
2012.01.12 15:51:25.807,1.53202,1.53213,3.38,2.25
2012.01.12 15:51:25.881,1.53203,1.53215,1.50,3.75
2012.01.12 15:51:26.355,1.53204,1.53215,1.50,3.75
2012.01.12 15:51:27.089,1.53205,1.53215,1.50,4.50
2012.01.12 15:51:27.648,1.53205,1.53215,1.50,4.50
2012.01.12 15:51:28.283,1.53205,1.53215,1.50,4.50
2012.01.12 15:51:28.833,1.53205,1.53215,1.50,4.50
2012.01.12 15:51:29.135,1.53202,1.53212,2.25,1.88
2012.01.12 15:51:29.697,1.532,1.53212,3.00,2.63
2012.01.12 15:51:31.126,1.532,1.53212,2.25,2.63
2012.01.12 15:51:31.647,1.532,1.53212,3.00,2.63
2012.01.12 15:51:33.055,1.532,1.53211,1.50,2.25
2012.01.12 15:51:33.154,1.532,1.53207,1.50,2.63
2012.01.12 15:51:33.506,1.53197,1.53204,1.50,1.50
2012.01.12 15:51:33.577,1.53195,1.53204,1.50,1.50
2012.01.12 15:51:34.117,1.53195,1.53206,1.50,2.25
2012.01.12 15:51:34.409,1.53195,1.53206,1.50,3.75
2012.01.12 15:51:35.762,1.53195,1.53206,1.50,2.25
2012.01.12 15:51:36.121,1.53197,1.53207,1.62,1.88
2012.01.12 15:51:36.479,1.532,1.53208,1.50,2.25
2012.01.12 15:51:36.549,1.532,1.53212,2.25,4.88
2012.01.12 15:51:37.257,1.532,1.53206,1.50,2.25
2012.01.12 15:51:37.612,1.53197,1.53205,2.07,3.00
2012.01.12 15:51:37.757,1.53195,1.53205,1.50,3.00
2012.01.12 15:51:38.393,1.53198,1.53206,1.88,2.25
2012.01.12 15:51:38.611,1.53198,1.53203,1.88,2.25
2012.01.12 15:51:39.147,1.53196,1.53206,1.13,1.50
2012.01.12 15:51:39.283,1.53196,1.53204,1.50,3.00
2012.01.12 15:51:39.502,1.53195,1.53205,1.50,3.00
2012.01.12 15:51:40.068,1.53194,1.532,2.25,2.25
2012.01.12 15:51:40.820,1.53195,1.53202,1.50,3.00
2012.01.12 15:51:41.138,1.53203,1.5321,1.50,2.20
2012.01.12 15:51:41.211,1.53203,1.5321,1.50,1.45
2012.01.12 15:51:41.442,1.53203,1.53207,1.50,1.88
2012.01.12 15:51:41.796,1.53205,1.53212,1.50,2.63
2012.01.12 15:51:42.262,1.53206,1.53212,1.50,2.63
2012.01.12 15:51:42.421,1.53203,1.53217,4.13,6.38
2012.01.12 15:51:42.988,1.53205,1.53215,1.50,2.25
2012.01.12 15:51:43.680,1.53205,1.53215,1.50,2.25
2012.01.12 15:51:43.763,1.53205,1.53212,1.50,1.88
2012.01.12 15:51:43.847,1.53202,1.53212,3.75,1.88
2012.01.12 15:51:44.408,1.53197,1.53207,3.00,1.88
2012.01.12 15:51:44.752,1.53199,1.53208,3.00,2.25
2012.01.12 15:51:44.899,1.53199,1.53212,2.25,3.38
2012.01.12 15:51:44.975,1.53201,1.53212,1.50,2.63
2012.01.12 15:51:45.808,1.53201,1.53211,1.50,1.50
2012.01.12 15:51:46.270,1.53205,1.53216,2.22,3.75
2012.01.12 15:51:46.357,1.53215,1.53222,1.50,2.25
2012.01.12 15:51:46.430,1.53212,1.53217,1.50,2.25
2012.01.12 15:51:46.567,1.5321,1.53217,3.00,2.25
2012.01.12 15:51:46.638,1.53213,1.53223,1.88,2.25
2012.01.12 15:51:46.780,1.53215,1.53223,1.50,2.25
2012.01.12 15:51:47.068,1.53215,1.53226,1.50,3.75
2012.01.12 15:51:47.211,1.53218,1.53226,2.63,1.50
2012.01.12 15:51:47.429,1.53217,1.53227,1.50,4.88
2012.01.12 15:51:47.569,1.53215,1.53227,1.50,4.88
2012.01.12 15:51:47.777,1.53215,1.53224,1.50,1.50
2012.01.12 15:51:48.646,1.53215,1.53223,1.50,1.50
2012.01.12 15:51:48.860,1.53212,1.53222,1.50,1.88
2012.01.12 15:51:50.409,1.53212,1.53222,1.50,1.88
2012.01.12 15:51:51.156,1.53212,1.53222,1.50,1.88
2012.01.12 15:51:51.509,1.53212,1.5322,1.50,1.50
2012.01.12 15:51:52.315,1.53212,1.53222,3.00,1.88
2012.01.12 15:51:52.845,1.53212,1.53222,1.50,1.88
2012.01.12 15:51:53.383,1.53212,1.53222,1.50,1.88
2012.01.12 15:51:53.472,1.53212,1.53217,2.25,2.25
2012.01.12 15:51:53.551,1.53211,1.53217,1.50,2.25
2012.01.12 15:51:55.476,1.53212,1.53223,1.50,3.75
2012.01.12 15:51:56.321,1.53212,1.53222,1.50,1.88
2012.01.12 15:51:57.189,1.53217,1.53223,1.50,1.50
2012.01.12 15:51:57.337,1.53217,1.53225,1.50,3.00
2012.01.12 15:51:58.101,1.53217,1.53225,1.50,1.50
2012.01.12 15:51:59.315,1.53223,1.53232,2.63,4.59
2012.01.12 15:51:59.423,1.53223,1.53235,2.63,1.50
2012.01.12 15:51:59.508,1.53223,1.53233,2.63,1.50
2012.01.12 15:52:00.082,1.53226,1.53232,1.50,1.88
2012.01.12 15:52:03.234,1.53222,1.53232,1.50,1.88
2012.01.12 15:52:03.770,1.53222,1.53232,1.50,1.88
2012.01.12 15:52:03.990,1.53222,1.53232,1.50,1.88
2012.01.12 15:52:04.547,1.53222,1.53231,1.50,1.50
2012.01.12 15:52:05.177,1.53222,1.53232,1.50,1.88
2012.01.12 15:52:05.264,1.53222,1.53231,1.50,1.50
2012.01.12 15:52:05.338,1.53222,1.53229,1.50,1.50
2012.01.12 15:52:05.689,1.53222,1.53227,1.50,1.88
2012.01.12 15:52:05.900,1.5322,1.53227,1.50,1.88
2012.01.12 15:52:06.505,1.53217,1.53227,1.50,1.88
2012.01.12 15:52:07.388,1.53221,1.53232,1.13,1.88
2012.01.12 15:52:07.691,1.53223,1.53233,2.63,2.25
2012.01.12 15:52:07.773,1.53223,1.53235,2.63,1.50
2012.01.12 15:52:07.920,1.53223,1.53237,4.13,3.38
2012.01.12 15:52:08.075,1.53226,1.53235,1.50,1.50
2012.01.12 15:52:09.730,1.53222,1.53232,3.75,1.88
2012.01.12 15:52:09.943,1.53223,1.53232,1.50,1.88
2012.01.12 15:52:10.020,1.53225,1.53235,1.50,1.50
2012.01.12 15:52:14.767,1.53227,1.53237,1.50,4.13
2012.01.12 15:52:15.513,1.53227,1.5324,1.50,1.50
2012.01.12 15:52:15.726,1.53235,1.53249,2.25,8.57
2012.01.12 15:52:16.008,1.53236,1.53251,1.50,4.59
2012.01.12 15:52:16.499,1.53239,1.53253,1.50,1.21
2012.01.12 15:52:17.096,1.5324,1.53254,1.50,2.03
2012.01.12 15:52:17.181,1.53239,1.53252,1.50,4.13
2012.01.12 15:52:17.329,1.53239,1.53252,1.50,4.13
2012.01.12 15:52:17.401,1.53238,1.53251,4.13,1.50
2012.01.12 15:52:17.539,1.53238,1.53249,3.38,1.50
2012.01.12 15:52:18.098,1.53238,1.53251,3.38,1.50
2012.01.12 15:52:18.965,1.53241,1.53251,1.50,3.00
2012.01.12 15:52:19.481,1.53238,1.5325,2.63,1.88
2012.01.12 15:52:19.711,1.53237,1.53247,1.13,1.88
2012.01.12 15:52:20.508,1.53243,1.53255,2.63,1.50
2012.01.12 15:52:20.614,1.53245,1.53255,1.50,1.50
2012.01.12 15:52:20.694,1.53245,1.53255,1.50,2.25
2012.01.12 15:52:21.198,1.53244,1.53253,1.50,1.50
2012.01.12 15:52:22.074,1.53245,1.53257,3.00,2.25
2012.01.12 15:52:22.243,1.53245,1.53254,1.50,2.25
2012.01.12 15:52:22.464,1.53245,1.53254,1.50,2.25
2012.01.12 15:52:23.026,1.53245,1.53255,1.50,1.28
2012.01.12 15:52:24.096,1.53244,1.53255,2.63,1.35
2012.01.12 15:52:24.168,1.53244,1.53253,2.63,1.35
2012.01.12 15:52:24.448,1.53244,1.53255,2.63,1.35
2012.01.12 15:52:24.722,1.53244,1.53253,2.63,1.35
2012.01.12 15:52:25.047,1.53244,1.53255,2.63,2.70
2012.01.12 15:52:25.192,1.53242,1.53253,1.88,4.13
2012.01.12 15:52:25.270,1.53242,1.53253,1.88,4.13
2012.01.12 15:52:25.418,1.53242,1.53253,1.88,5.55
2012.01.12 15:52:25.559,1.53242,1.53253,1.13,5.55
2012.01.12 15:52:26.080,1.53239,1.53251,4.13,1.43
2012.01.12 15:52:26.425,1.53239,1.53249,2.63,1.43
2012.01.12 15:52:26.631,1.53239,1.53251,2.63,2.85
2012.01.12 15:52:26.985,1.53239,1.53251,2.63,2.18
2012.01.12 15:52:28.094,1.53238,1.53249,2.63,1.50
2012.01.12 15:52:28.438,1.53246,1.53251,1.88,1.50
2012.01.12 15:52:28.508,1.53246,1.53253,1.88,5.25
2012.01.12 15:52:28.650,1.53246,1.53255,1.88,1.50
2012.01.12 15:52:28.722,1.53245,1.53252,2.25,1.88
2012.01.12 15:52:29.078,1.53238,1.53247,3.38,2.25
2012.01.12 15:52:29.642,1.53243,1.5325,1.88,2.25
2012.01.12 15:52:29.790,1.53243,1.53252,1.88,2.25
2012.01.12 15:52:30.313,1.53243,1.53252,1.88,2.25
2012.01.12 15:52:31.536,1.53243,1.53252,1.88,2.25
2012.01.12 15:52:31.749,1.5324,1.53247,3.00,2.25
2012.01.12 15:52:32.296,1.53239,1.53249,3.00,2.25
2012.01.12 15:52:33.479,1.53239,1.53249,1.50,2.25
2012.01.12 15:52:34.026,1.53238,1.53249,3.38,2.25
2012.01.12 15:52:35.351,1.53238,1.53247,3.38,2.25
2012.01.12 15:52:35.433,1.53238,1.53246,2.63,1.88
2012.01.12 15:52:35.518,1.53235,1.53242,1.50,2.63
2012.01.12 15:52:35.609,1.53234,1.53241,1.63,2.25
2012.01.12 15:52:35.770,1.53228,1.53237,2.70,4.88
2012.01.12 15:52:35.847,1.53228,1.53237,2.70,4.88
2012.01.12 15:52:35.925,1.53227,1.53236,2.25,2.25
2012.01.12 15:52:36.006,1.53224,1.53234,1.50,2.25
2012.01.12 15:52:36.691,1.53227,1.53237,1.50,4.13
2012.01.12 15:52:37.189,1.53226,1.53237,2.25,2.63
2012.01.12 15:52:38.973,1.53227,1.53237,1.50,1.88
2012.01.12 15:52:39.343,1.53229,1.53237,1.50,4.13
2012.01.12 15:52:39.501,1.53227,1.53237,2.25,2.63
2012.01.12 15:52:39.856,1.53227,1.53237,1.50,2.63
2012.01.12 15:52:40.746,1.53225,1.53237,1.50,2.63
2012.01.12 15:52:41.375,1.53225,1.53237,1.50,2.63
2012.01.12 15:52:42.029,1.53226,1.53237,1.13,2.63
2012.01.12 15:52:42.110,1.53227,1.53237,1.50,2.63
2012.01.12 15:52:42.259,1.53229,1.53238,1.88,3.75
2012.01.12 15:52:43.028,1.5323,1.53238,1.50,1.50
2012.01.12 15:52:43.179,1.53228,1.53237,3.38,1.88
2012.01.12 15:52:44.338,1.53226,1.53237,1.13,2.63
2012.01.12 15:52:45.789,1.53225,1.53236,2.25,1.50
2012.01.12 15:52:47.000,1.53224,1.53232,4.88,2.63
2012.01.12 15:52:47.360,1.53217,1.53222,1.50,1.50
2012.01.12 15:52:47.890,1.53215,1.53224,1.50,2.25
2012.01.12 15:52:49.075,1.53215,1.53225,1.50,1.13
2012.01.12 15:52:49.609,1.53215,1.53224,1.50,2.25
2012.01.12 15:52:49.819,1.53215,1.53224,1.50,2.25
2012.01.12 15:52:49.963,1.53215,1.53224,1.50,2.25
2012.01.12 15:52:50.791,1.53215,1.53223,1.50,1.50
2012.01.12 15:52:51.838,1.53215,1.53225,1.50,2.63
2012.01.12 15:52:51.964,1.53215,1.53223,1.50,1.50
2012.01.12 15:52:52.156,1.53212,1.53222,2.25,1.88
2012.01.12 15:52:52.372,1.53212,1.53219,1.50,1.50
2012.01.12 15:52:52.730,1.5321,1.53216,1.50,1.50
2012.01.12 15:52:52.867,1.5321,1.53218,1.50,3.00
2012.01.12 15:52:53.714,1.5321,1.5322,1.50,2.25
2012.01.12 15:52:54.278,1.5321,1.5322,1.50,2.25
2012.01.12 15:52:54.884,1.5321,1.5322,1.50,2.25
2012.01.12 15:52:56.776,1.5322,1.53226,1.50,2.56
2012.01.12 15:52:56.918,1.53217,1.53225,2.63,2.25
2012.01.12 15:52:56.993,1.53212,1.53217,1.50,1.88
2012.01.12 15:52:57.139,1.5321,1.53217,1.50,1.88
2012.01.12 15:52:57.967,1.5321,1.53218,1.50,2.25
2012.01.12 15:52:58.487,1.5321,1.5322,1.50,2.25
2012.01.12 15:52:59.429,1.53209,1.53214,1.50,1.50
2012.01.12 15:52:59.659,1.53204,1.53211,1.50,2.25
2012.01.12 15:52:59.880,1.53203,1.5321,4.13,2.25
2012.01.12 15:53:00.048,1.53203,1.53215,1.88,5.25
2012.01.12 15:53:00.286,1.53201,1.53207,1.50,2.25
2012.01.12 15:53:01.066,1.53201,1.53212,2.25,2.63
2012.01.12 15:53:01.163,1.53203,1.53212,2.25,1.88
2012.01.12 15:53:01.662,1.53203,1.53207,1.50,1.88
2012.01.12 15:53:01.741,1.53203,1.53207,1.50,1.88
2012.01.12 15:53:02.308,1.53199,1.53208,3.00,2.25
2012.01.12 15:53:02.680,1.53203,1.53212,2.63,1.50
2012.01.12 15:53:03.257,1.53203,1.53217,4.13,4.50
2012.01.12 15:53:03.351,1.53207,1.53217,3.00,1.88
2012.01.12 15:53:03.952,1.53207,1.53217,1.50,3.38
2012.01.12 15:53:04.381,1.53207,1.53217,3.00,1.88
2012.01.12 15:53:04.954,1.53208,1.53217,1.50,1.88
2012.01.12 15:53:05.985,1.53207,1.53217,3.00,1.88
2012.01.12 15:53:06.586,1.53207,1.53217,3.00,1.88
2012.01.12 15:53:07.104,1.53207,1.53217,3.00,1.88
2012.01.12 15:53:07.727,1.53207,1.53217,3.00,1.88
2012.01.12 15:53:09.359,1.53211,1.53217,1.50,1.88
2012.01.12 15:53:09.708,1.5321,1.53217,1.50,1.88
2012.01.12 15:53:10.585,1.53208,1.53217,1.50,1.88
2012.01.12 15:53:11.238,1.53208,1.53217,1.50,1.88
2012.01.12 15:53:12.095,1.53207,1.53217,3.00,2.63
2012.01.12 15:53:12.166,1.53207,1.53213,3.00,1.88
2012.01.12 15:53:12.242,1.53208,1.53213,1.50,1.88
2012.01.12 15:53:12.534,1.53204,1.53213,2.25,4.13
2012.01.12 15:53:13.894,1.53203,1.53212,3.00,1.88
2012.01.12 15:53:14.056,1.53203,1.53212,1.50,1.88
2012.01.12 15:53:14.617,1.53202,1.53211,1.50,1.50
2012.01.12 15:53:15.175,1.53202,1.53211,1.50,1.50
2012.01.12 15:53:15.727,1.53202,1.53211,1.50,1.50
2012.01.12 15:53:16.296,1.53202,1.53212,1.50,1.88
2012.01.12 15:53:16.824,1.53202,1.53211,1.50,1.50
2012.01.12 15:53:17.506,1.53202,1.53207,1.50,1.88
2012.01.12 15:53:17.816,1.53199,1.53204,1.50,3.75
2012.01.12 15:53:17.893,1.53198,1.53204,1.50,1.50
2012.01.12 15:53:18.403,1.53197,1.53204,1.50,1.50
2012.01.12 15:53:18.956,1.53192,1.53203,3.00,2.25
2012.01.12 15:53:19.486,1.53192,1.53203,3.00,2.25
2012.01.12 15:53:21.457,1.53197,1.53206,1.50,2.25
2012.01.12 15:53:21.542,1.53197,1.53207,1.50,1.88
2012.01.12 15:53:22.109,1.53197,1.53207,1.50,1.88
2012.01.12 15:53:22.727,1.53197,1.53207,3.00,1.88
2012.01.12 15:53:23.202,1.53197,1.53207,3.00,1.88
2012.01.12 15:53:23.349,1.53197,1.53203,1.50,2.25
2012.01.12 15:53:23.423,1.53197,1.53207,1.50,1.88
2012.01.12 15:53:24.059,1.53197,1.53207,1.50,3.38
2012.01.12 15:53:24.865,1.53197,1.53207,1.50,3.38
2012.01.12 15:53:25.685,1.53199,1.53207,1.20,1.50
2012.01.12 15:53:25.905,1.532,1.53209,1.58,1.88
2012.01.12 15:53:26.405,1.532,1.53208,1.50,2.25
2012.01.12 15:53:26.546,1.532,1.53212,1.50,4.88
2012.01.12 15:53:26.618,1.53202,1.53212,1.50,4.88
2012.01.12 15:53:26.899,1.53201,1.5321,1.50,1.50
2012.01.12 15:53:27.260,1.53202,1.53206,1.50,1.50
2012.01.12 15:53:27.467,1.53198,1.53206,1.50,1.50
2012.01.12 15:53:27.539,1.53199,1.53204,1.50,1.50
2012.01.12 15:53:27.746,1.53197,1.53206,1.50,3.00
2012.01.12 15:53:28.495,1.53197,1.53206,1.50,1.50
2012.01.12 15:53:29.038,1.53197,1.53202,2.25,2.25
2012.01.12 15:53:29.390,1.53201,1.53212,1.88,6.38
2012.01.12 15:53:29.889,1.53202,1.53212,3.00,1.88
2012.01.12 15:53:30.448,1.53202,1.53212,1.50,1.88
2012.01.12 15:53:30.657,1.53207,1.53214,1.50,1.50
2012.01.12 15:53:30.931,1.53203,1.53207,2.63,1.50
2012.01.12 15:53:31.081,1.532,1.53205,3.00,2.25
2012.01.12 15:53:31.229,1.53205,1.53211,1.50,3.38
2012.01.12 15:53:31.299,1.53204,1.5321,1.50,2.25
2012.01.12 15:53:31.512,1.53205,1.53212,2.25,1.50
2012.01.12 15:53:31.800,1.53201,1.53212,1.50,1.88
2012.01.12 15:53:31.872,1.53201,1.5321,1.50,2.25
2012.01.12 15:53:32.940,1.53197,1.53207,1.50,1.88
2012.01.12 15:53:33.347,1.53197,1.53207,1.50,1.88
2012.01.12 15:53:33.887,1.53197,1.53207,1.50,1.88
2012.01.12 15:53:34.417,1.53197,1.53207,1.50,1.88
2012.01.12 15:53:34.916,1.53199,1.53207,1.17,1.88
2012.01.12 15:53:35.438,1.53201,1.53212,1.50,4.13
2012.01.12 15:53:35.522,1.53205,1.53217,2.25,1.88
2012.01.12 15:53:36.034,1.53207,1.53215,1.50,1.50
2012.01.12 15:53:37.420,1.53206,1.53215,1.50,1.50
2012.01.12 15:53:37.985,1.53207,1.53215,1.50,1.50
2012.01.12 15:53:38.588,1.53207,1.53215,1.50,1.50
2012.01.12 15:53:39.105,1.53207,1.53215,1.50,1.50
2012.01.12 15:53:39.683,1.53207,1.53212,1.50,1.88
2012.01.12 15:53:39.826,1.53203,1.53212,2.25,1.88
2012.01.12 15:53:42.025,1.53202,1.53212,1.50,1.88
2012.01.12 15:53:42.547,1.53202,1.53212,1.50,1.88
2012.01.12 15:53:43.076,1.53202,1.53212,1.50,1.88
2012.01.12 15:53:43.676,1.53202,1.53212,1.50,1.88
2012.01.12 15:53:44.061,1.53202,1.53212,1.50,1.88
2012.01.12 15:53:44.148,1.5321,1.53217,4.50,3.38
2012.01.12 15:53:44.297,1.53212,1.53217,1.09,2.25
2012.01.12 15:53:44.380,1.53216,1.53221,1.09,1.50
2012.01.12 15:53:44.921,1.53223,1.53229,1.50,2.25
2012.01.12 15:53:45.085,1.53223,1.53233,3.38,1.50
2012.01.12 15:53:45.298,1.53225,1.53233,1.50,1.50
2012.01.12 15:53:46.209,1.53223,1.53232,1.50,1.88
2012.01.12 15:53:46.419,1.53225,1.53229,1.50,1.50
2012.01.12 15:53:46.954,1.53221,1.53227,1.50,1.88
2012.01.12 15:53:47.043,1.53221,1.53227,1.50,1.50
2012.01.12 15:53:47.117,1.53221,1.53229,1.50,3.00
2012.01.12 15:53:47.328,1.53222,1.53227,1.50,1.50
2012.01.12 15:53:47.753,1.53222,1.53229,1.50,1.50
2012.01.12 15:53:47.969,1.53222,1.5323,1.50,1.50
2012.01.12 15:53:48.506,1.53218,1.5323,4.13,1.50
2012.01.12 15:53:49.025,1.53218,1.5323,4.13,2.25
2012.01.12 15:53:49.706,1.53218,1.5323,4.13,2.25
2012.01.12 15:53:49.789,1.53218,1.53232,6.38,3.38
2012.01.12 15:53:50.315,1.53218,1.53232,6.38,3.38
2012.01.12 15:53:50.678,1.53218,1.53232,5.63,6.98
2012.01.12 15:53:51.185,1.53218,1.5323,4.13,2.25
2012.01.12 15:53:51.256,1.53218,1.53232,5.63,4.73
2012.01.12 15:53:51.325,1.53218,1.53232,5.63,4.13
2012.01.12 15:53:52.306,1.53219,1.53232,1.50,3.38
2012.01.12 15:53:52.863,1.53223,1.53232,1.50,3.38
2012.01.12 15:53:53.161,1.53229,1.53237,2.25,1.50
2012.01.12 15:53:53.519,1.53228,1.53241,5.63,1.50
2012.01.12 15:53:53.596,1.53228,1.53239,4.88,2.25
2012.01.12 15:53:53.809,1.53228,1.53239,4.88,2.25
2012.01.12 15:53:54.578,1.53228,1.53232,1.50,1.88
2012.01.12 15:53:55.003,1.5323,1.53239,1.50,1.13
2012.01.12 15:53:55.224,1.53228,1.53242,4.88,5.70
2012.01.12 15:53:55.533,1.5323,1.53238,1.50,3.00
2012.01.12 15:53:56.308,1.53228,1.53237,1.50,2.63
2012.01.12 15:53:57.071,1.53226,1.53237,4.88,1.88
2012.01.12 15:53:57.219,1.53226,1.53234,3.00,1.88
2012.01.12 15:53:57.427,1.53224,1.53234,2.25,2.63
2012.01.12 15:53:57.638,1.53222,1.53234,3.00,2.63
2012.01.12 15:53:57.852,1.53225,1.53237,1.50,3.38
2012.01.12 15:53:58.512,1.53226,1.53237,2.25,2.63
2012.01.12 15:53:59.011,1.53225,1.53237,1.50,3.38
2012.01.12 15:54:01.677,1.53225,1.53233,1.50,1.88
2012.01.12 15:54:01.815,1.53223,1.53233,1.50,2.63
2012.01.12 15:54:01.888,1.53223,1.53233,1.50,2.63
2012.01.12 15:54:02.631,1.53221,1.53233,3.75,2.63
2012.01.12 15:54:03.407,1.53221,1.53233,2.25,2.63
2012.01.12 15:54:03.950,1.5322,1.53233,2.63,4.13
2012.01.12 15:54:04.501,1.53221,1.53233,2.25,2.63
2012.01.12 15:54:05.268,1.53221,1.53233,2.25,2.63
2012.01.12 15:54:05.713,1.53228,1.53235,2.63,3.00
2012.01.12 15:54:05.996,1.53231,1.53241,1.13,2.25
2012.01.12 15:54:06.210,1.53231,1.53242,1.13,2.63
2012.01.12 15:54:06.358,1.53229,1.53242,1.50,4.88
2012.01.12 15:54:06.433,1.53229,1.53237,1.50,1.88
2012.01.12 15:54:07.156,1.53231,1.53237,1.13,1.88
2012.01.12 15:54:07.381,1.53227,1.53237,1.88,1.88
2012.01.12 15:54:07.942,1.53235,1.53239,3.75,1.88
2012.01.12 15:54:08.026,1.53237,1.53241,1.88,1.50
2012.01.12 15:54:08.168,1.53237,1.53244,2.25,3.38
2012.01.12 15:54:08.380,1.53234,1.53242,2.25,1.50
2012.01.12 15:54:08.465,1.5323,1.53242,1.88,2.25
2012.01.12 15:54:09.166,1.5323,1.53241,1.88,2.25
2012.01.12 15:54:09.527,1.5323,1.53242,1.50,2.63
2012.01.12 15:54:10.077,1.5323,1.53242,1.50,2.70
2012.01.12 15:54:10.626,1.53228,1.53241,4.88,2.25
2012.01.12 15:54:10.695,1.53228,1.53241,4.13,2.25
2012.01.12 15:54:11.641,1.53228,1.53242,3.38,4.13
2012.01.12 15:54:11.938,1.53228,1.53237,2.25,2.63
2012.01.12 15:54:12.465,1.53228,1.53237,1.50,1.88
2012.01.12 15:54:13.022,1.53226,1.53237,3.75,1.88
2012.01.12 15:54:13.587,1.53228,1.53237,1.50,1.88
2012.01.12 15:54:14.008,1.53228,1.5324,3.38,3.00
2012.01.12 15:54:15.977,1.53226,1.53237,2.63,4.13
2012.01.12 15:54:16.328,1.53226,1.53237,1.88,6.38
2012.01.12 15:54:17.200,1.53226,1.53237,1.88,4.88
2012.01.12 15:54:17.759,1.53228,1.53237,2.63,3.00
2012.01.12 15:54:19.073,1.53227,1.53237,1.50,2.63
2012.01.12 15:54:19.579,1.53226,1.53237,2.25,2.63
2012.01.12 15:54:21.104,1.53227,1.53237,2.25,2.63
2012.01.12 15:54:21.669,1.53225,1.53237,3.38,2.63
2012.01.12 15:54:23.288,1.53227,1.53237,1.50,2.63
2012.01.12 15:54:23.643,1.53231,1.5324,1.13,2.25
2012.01.12 15:54:23.722,1.5323,1.5324,3.00,2.25
2012.01.12 15:54:24.087,1.53229,1.53237,2.25,1.88
2012.01.12 15:54:24.162,1.53229,1.53237,1.50,1.88
2012.01.12 15:54:24.383,1.53226,1.53237,4.50,1.88
2012.01.12 15:54:24.907,1.53226,1.53237,1.50,2.63
2012.01.12 15:54:28.458,1.53225,1.53237,1.50,2.63
2012.01.12 15:54:29.981,1.53225,1.53234,1.50,2.25
2012.01.12 15:54:30.268,1.53223,1.53234,1.50,2.25
2012.01.12 15:54:30.547,1.53221,1.53232,1.88,2.63
2012.01.12 15:54:31.034,1.53225,1.53235,2.25,3.00
2012.01.12 15:54:31.595,1.53225,1.53237,1.50,2.63
2012.01.12 15:54:31.735,1.53225,1.53237,1.50,2.63
2012.01.12 15:54:32.074,1.53226,1.53237,2.25,2.63
2012.01.12 15:54:32.344,1.53226,1.53237,2.25,2.63
2012.01.12 15:54:32.485,1.53226,1.53237,2.25,2.63
2012.01.12 15:54:32.557,1.53226,1.53237,2.25,2.63
2012.01.12 15:54:32.706,1.53225,1.53237,1.50,2.63
2012.01.12 15:54:33.552,1.53225,1.53237,1.50,2.63
2012.01.12 15:54:33.934,1.53225,1.53237,1.50,2.63
2012.01.12 15:54:34.068,1.53225,1.53237,1.50,2.63
2012.01.12 15:54:34.193,1.53225,1.53237,1.50,2.63
2012.01.12 15:54:34.306,1.53225,1.53237,1.50,2.63
2012.01.12 15:54:34.492,1.53225,1.53237,1.50,2.63
2012.01.12 15:54:40.134,1.53225,1.53237,1.50,2.63
2012.01.12 15:54:40.992,1.53225,1.53237,2.25,2.63
2012.01.12 15:54:44.662,1.53228,1.53237,1.50,3.38
2012.01.12 15:54:44.734,1.5323,1.53237,1.13,2.63
2012.01.12 15:54:44.940,1.53231,1.53239,2.63,2.25
2012.01.12 15:54:45.015,1.53231,1.53237,2.63,2.25
2012.01.12 15:54:45.148,1.53231,1.53242,1.88,1.88
2012.01.12 15:54:46.422,1.53231,1.53242,1.88,1.88
2012.01.12 15:54:51.130,1.53231,1.53242,1.88,1.88
2012.01.12 15:54:51.414,1.53232,1.53242,1.50,1.88
2012.01.12 15:54:52.846,1.53231,1.53242,2.63,1.88
2012.01.12 15:54:54.314,1.53231,1.53241,1.88,1.50
2012.01.12 15:54:54.835,1.53231,1.53242,1.50,1.88
2012.01.12 15:54:55.633,1.53231,1.53242,1.50,1.88
2012.01.12 15:54:56.685,1.53231,1.53236,1.50,1.88
2012.01.12 15:54:56.764,1.53228,1.53235,1.88,2.25
2012.01.12 15:54:56.976,1.53228,1.53238,4.13,1.50
2012.01.12 15:54:57.115,1.53228,1.53241,4.13,2.25
2012.01.12 15:54:57.466,1.53227,1.53237,3.75,1.88
2012.01.12 15:54:57.891,1.53227,1.53237,1.50,1.88
2012.01.12 15:54:58.593,1.53227,1.53237,1.50,1.88
2012.01.12 15:55:01.444,1.53225,1.53237,1.50,4.20
2012.01.12 15:55:02.185,1.53225,1.53231,1.50,3.00
2012.01.12 15:55:02.257,1.53222,1.53231,1.50,1.50
2012.01.12 15:55:02.819,1.53222,1.53232,1.50,2.63
2012.01.12 15:55:04.727,1.53222,1.53232,1.50,1.88
2012.01.12 15:55:05.542,1.53222,1.53232,1.50,1.88
2012.01.12 15:55:06.044,1.53222,1.53232,1.50,1.88
2012.01.12 15:55:06.453,1.53226,1.53233,1.88,1.50
2012.01.12 15:55:06.663,1.53227,1.53237,1.50,1.50
2012.01.12 15:55:07.310,1.53226,1.53237,2.63,2.25
2012.01.12 15:55:09.752,1.53227,1.53237,1.88,2.25
2012.01.12 15:55:11.474,1.53226,1.53237,2.63,2.25
2012.01.12 15:55:12.051,1.53226,1.53237,1.88,2.25
2012.01.12 15:55:12.687,1.53226,1.53237,1.88,2.25
2012.01.12 15:55:12.763,1.53223,1.53235,4.88,2.25
2012.01.12 15:55:13.048,1.53222,1.53232,1.50,5.63
2012.01.12 15:55:13.195,1.53223,1.53232,1.50,3.38
2012.01.12 15:55:13.545,1.53225,1.53232,1.50,2.25
2012.01.12 15:55:14.006,1.53226,1.53234,2.63,1.50
2012.01.12 15:55:14.080,1.53226,1.53237,3.38,3.75
2012.01.12 15:55:14.621,1.53226,1.53232,2.63,2.25
2012.01.12 15:55:15.114,1.53225,1.53235,1.50,1.88
2012.01.12 15:55:15.184,1.53226,1.53237,2.63,2.25
2012.01.12 15:55:16.938,1.53226,1.53235,3.38,2.25
2012.01.12 15:55:17.016,1.53225,1.53235,1.50,3.00
2012.01.12 15:55:17.156,1.53225,1.53235,1.50,4.50
2012.01.12 15:55:17.285,1.53225,1.53232,1.50,2.25
2012.01.12 15:55:19.007,1.53228,1.53235,1.50,1.50
2012.01.12 15:55:19.347,1.53231,1.53239,1.13,3.00
2012.01.12 15:55:20.561,1.53228,1.53237,1.88,1.50
2012.01.12 15:55:21.197,1.53228,1.53237,2.63,2.25
2012.01.12 15:55:21.550,1.53224,1.53232,2.25,1.88
2012.01.12 15:55:21.760,1.53225,1.53232,1.50,2.25
2012.01.12 15:55:22.047,1.53223,1.53232,1.50,1.88
2012.01.12 15:55:22.117,1.53222,1.53232,3.00,1.88
2012.01.12 15:55:22.185,1.53223,1.53234,2.63,2.25
2012.01.12 15:55:22.325,1.53223,1.53232,2.63,2.25
2012.01.12 15:55:22.657,1.53223,1.53232,2.25,1.88
2012.01.12 15:55:22.725,1.53223,1.53234,3.38,3.00
2012.01.12 15:55:22.795,1.53225,1.53232,2.25,2.25
2012.01.12 15:55:23.008,1.53223,1.53232,1.50,4.13
2012.01.12 15:55:24.114,1.53223,1.53232,2.25,1.88
2012.01.12 15:55:24.255,1.53226,1.53237,2.25,4.13
2012.01.12 15:55:24.326,1.53228,1.53237,1.50,1.88
2012.01.12 15:55:24.396,1.53228,1.53237,1.50,2.63
2012.01.12 15:55:24.606,1.53224,1.53234,1.50,1.88
2012.01.12 15:55:25.026,1.53225,1.53237,2.25,4.13
2012.01.12 15:55:25.435,1.53229,1.53237,1.13,1.88
2012.01.12 15:55:25.634,1.53229,1.53237,1.13,1.88
2012.01.12 15:55:26.135,1.53229,1.53237,1.13,1.88
2012.01.12 15:55:26.207,1.53229,1.53237,1.13,2.63
2012.01.12 15:55:26.415,1.53224,1.53234,1.13,1.88
2012.01.12 15:55:26.490,1.53224,1.53235,1.50,2.25
2012.01.12 15:55:26.569,1.53225,1.53237,3.00,1.88
2012.01.12 15:55:27.057,1.53228,1.53235,3.38,2.25
2012.01.12 15:55:27.125,1.53228,1.53242,3.38,4.13
2012.01.12 15:55:27.265,1.53229,1.53242,2.25,4.13
2012.01.12 15:55:27.335,1.53231,1.53242,3.00,2.63
2012.01.12 15:55:27.546,1.53228,1.5324,3.38,1.50
2012.01.12 15:55:27.756,1.5323,1.5324,1.50,3.00
2012.01.12 15:55:28.103,1.53228,1.53237,1.50,1.88
2012.01.12 15:55:28.174,1.53228,1.5324,3.38,3.00
2012.01.12 15:55:28.244,1.53229,1.5324,1.50,3.00
2012.01.12 15:55:28.386,1.53232,1.53242,2.25,2.63
2012.01.12 15:55:32.237,1.5323,1.53242,3.00,2.63
2012.01.12 15:55:32.633,1.53235,1.53244,1.50,4.47
2012.01.12 15:55:33.081,1.53235,1.53245,2.25,2.25
2012.01.12 15:55:33.194,1.53242,1.53249,1.50,1.13
2012.01.12 15:55:33.284,1.5324,1.53252,3.00,3.38
2012.01.12 15:55:33.516,1.53238,1.5325,3.00,4.50
2012.01.12 15:55:33.663,1.53238,1.5325,1.88,3.00
2012.01.12 15:55:33.748,1.53238,1.53252,4.13,4.88
2012.01.12 15:55:34.948,1.53238,1.53247,2.25,1.88
2012.01.12 15:55:35.030,1.53238,1.53247,1.50,1.88
2012.01.12 15:55:35.106,1.53238,1.53247,2.25,1.88
2012.01.12 15:55:35.703,1.53237,1.53247,2.25,1.88
2012.01.12 15:55:36.261,1.53238,1.53247,2.25,1.88
2012.01.12 15:55:38.954,1.53237,1.53247,2.25,1.88
2012.01.12 15:55:39.495,1.53236,1.53247,2.25,1.88
2012.01.12 15:55:40.573,1.53236,1.53247,2.25,1.88
2012.01.12 15:55:43.462,1.53236,1.53247,2.25,1.88
2012.01.12 15:55:44.215,1.53236,1.53247,2.25,1.88
2012.01.12 15:55:44.903,1.53236,1.53247,2.25,1.88
2012.01.12 15:55:45.638,1.53236,1.53247,2.25,1.88
2012.01.12 15:55:46.456,1.53233,1.53246,2.63,1.50
2012.01.12 15:55:46.810,1.53233,1.53243,2.63,1.50
2012.01.12 15:55:47.308,1.53233,1.53245,2.63,3.00
2012.01.12 15:55:47.724,1.53233,1.53242,2.63,1.50
2012.01.12 15:55:48.265,1.53233,1.53242,2.63,1.50
2012.01.12 15:55:48.457,1.53233,1.53244,2.63,1.50
2012.01.12 15:55:48.525,1.53233,1.53246,2.63,2.25
2012.01.12 15:55:48.805,1.53233,1.53246,1.88,2.25
2012.01.12 15:55:50.157,1.53232,1.53243,1.50,1.88
2012.01.12 15:55:50.854,1.53231,1.5324,1.50,1.50
2012.01.12 15:55:52.340,1.53232,1.53242,1.50,3.00
2012.01.12 15:55:52.770,1.53232,1.53242,3.00,1.88
2012.01.12 15:55:52.922,1.53233,1.53245,2.63,2.25
2012.01.12 15:55:53.067,1.53234,1.53245,2.25,2.25
2012.01.12 15:55:53.523,1.53234,1.53247,2.25,1.88
2012.01.12 15:55:54.078,1.53238,1.53246,2.63,1.50
2012.01.12 15:55:54.296,1.53238,1.53248,1.88,1.50
2012.01.12 15:55:54.504,1.53238,1.53246,1.88,1.50
2012.01.12 15:55:55.235,1.53238,1.53248,2.63,1.50
2012.01.12 15:55:55.786,1.53238,1.53248,2.63,1.50
2012.01.12 15:55:56.325,1.53238,1.53248,2.63,1.50
2012.01.12 15:55:57.556,1.53238,1.53245,1.88,1.50
2012.01.12 15:55:58.021,1.53234,1.53247,2.25,4.88
2012.01.12 15:55:58.238,1.53234,1.53245,2.25,1.50
2012.01.12 15:56:02.354,1.53233,1.53247,4.88,3.38
2012.01.12 15:56:03.074,1.53235,1.53247,2.25,1.88
2012.01.12 15:56:03.555,1.53238,1.53247,1.13,1.88
2012.01.12 15:56:03.698,1.53243,1.5325,2.63,3.00
2012.01.12 15:56:03.771,1.53243,1.53254,2.63,2.20
2012.01.12 15:56:03.848,1.53243,1.53254,2.63,2.20
2012.01.12 15:56:03.917,1.53243,1.53256,2.63,5.25
2012.01.12 15:56:04.466,1.53244,1.53256,2.25,2.25
2012.01.12 15:56:04.550,1.53243,1.53253,2.63,1.50
2012.01.12 15:56:04.630,1.53243,1.53253,2.63,1.50
2012.01.12 15:56:04.708,1.53242,1.53252,2.25,1.88
2012.01.12 15:56:04.784,1.53241,1.53252,1.13,1.88
2012.01.12 15:56:05.317,1.53241,1.53252,1.13,1.88
2012.01.12 15:56:05.457,1.53241,1.53252,1.13,1.88
2012.01.12 15:56:05.670,1.53241,1.53251,1.13,1.50
2012.01.12 15:56:06.213,1.53241,1.53252,1.13,1.88
2012.01.12 15:56:10.360,1.53241,1.53252,1.13,1.88
2012.01.12 15:56:10.442,1.53241,1.53252,1.13,1.88
2012.01.12 15:56:10.963,1.53241,1.53252,1.13,1.88
2012.01.12 15:56:11.482,1.53241,1.53252,1.13,3.38
2012.01.12 15:56:12.442,1.53241,1.53252,1.13,3.38
2012.01.12 15:56:13.913,1.53241,1.53252,1.13,1.88
2012.01.12 15:56:14.520,1.53241,1.53252,1.13,1.88
2012.01.12 15:56:15.156,1.53241,1.53252,1.13,1.88
2012.01.12 15:56:15.688,1.53241,1.53252,1.13,1.88
2012.01.12 15:56:16.528,1.53241,1.53252,1.13,1.88
2012.01.12 15:56:17.052,1.53241,1.53252,1.13,1.88
2012.01.12 15:56:17.563,1.53243,1.53254,2.63,1.50
2012.01.12 15:56:17.754,1.53244,1.53257,2.25,2.57
2012.01.12 15:56:18.273,1.53244,1.53257,2.25,1.88
2012.01.12 15:56:18.813,1.53243,1.53256,2.63,1.50
2012.01.12 15:56:18.887,1.53243,1.53256,2.63,2.25
2012.01.12 15:56:19.027,1.53242,1.53252,4.50,1.88
2012.01.12 15:56:19.096,1.53242,1.53252,2.25,2.63
2012.01.12 15:56:19.853,1.53238,1.53247,3.75,1.88
2012.01.12 15:56:20.538,1.53238,1.53247,2.25,1.88
2012.01.12 15:56:20.793,1.53238,1.53247,2.25,1.88
2012.01.12 15:56:21.757,1.53238,1.53247,2.25,1.88
2012.01.12 15:56:22.317,1.53238,1.53247,2.25,1.88
2012.01.12 15:56:22.389,1.53238,1.53247,1.50,2.63
2012.01.12 15:56:22.474,1.53236,1.53244,2.25,2.25
2012.01.12 15:56:22.776,1.53229,1.53234,1.50,2.63
2012.01.12 15:56:23.200,1.5323,1.53237,2.25,1.88
2012.01.12 15:56:23.728,1.53228,1.53237,1.50,1.88
2012.01.12 15:56:23.809,1.53227,1.53237,1.50,2.63
2012.01.12 15:56:24.355,1.53227,1.53237,1.50,1.88
2012.01.12 15:56:24.903,1.53227,1.53237,1.50,1.88
2012.01.12 15:56:25.454,1.53227,1.53237,3.00,1.88
2012.01.12 15:56:26.210,1.53227,1.53237,3.00,1.88
2012.01.12 15:56:26.738,1.53227,1.53237,3.00,1.88
2012.01.12 15:56:27.433,1.53227,1.53237,3.00,1.88
2012.01.12 15:56:27.963,1.53227,1.53237,3.00,1.88
2012.01.12 15:56:28.477,1.53227,1.53237,3.00,1.88
2012.01.12 15:56:31.583,1.53227,1.53237,3.00,1.88
2012.01.12 15:56:31.723,1.53227,1.53237,3.00,1.88
2012.01.12 15:56:32.646,1.53227,1.53237,3.00,1.88
2012.01.12 15:56:37.033,1.53227,1.53237,1.50,1.88
2012.01.12 15:56:37.858,1.53227,1.53237,1.50,5.18
2012.01.12 15:56:37.947,1.53225,1.53233,1.50,1.05
2012.01.12 15:56:38.583,1.53225,1.53232,1.50,2.55
2012.01.12 15:56:38.816,1.53225,1.53237,1.50,4.88
2012.01.12 15:56:39.378,1.53227,1.53236,1.50,2.25
2012.01.12 15:56:40.647,1.53227,1.53236,2.25,3.00
2012.01.12 15:56:41.000,1.5323,1.53242,1.50,6.45
2012.01.12 15:56:41.356,1.53227,1.53237,1.50,3.38
2012.01.12 15:56:41.425,1.53227,1.53237,1.50,3.38
2012.01.12 15:56:42.055,1.53226,1.53236,1.50,1.50
2012.01.12 15:56:44.259,1.53226,1.53235,1.50,1.50
2012.01.12 15:56:45.624,1.53227,1.53237,1.50,1.88
2012.01.12 15:56:48.956,1.53226,1.53237,1.50,4.88
2012.01.12 15:56:49.470,1.53226,1.53236,1.50,1.50
2012.01.12 15:56:49.875,1.53226,1.53237,1.50,4.13
2012.01.12 15:56:57.514,1.53226,1.53233,1.50,1.50
2012.01.12 15:56:58.305,1.53226,1.53237,1.50,4.13
2012.01.12 15:57:02.901,1.53226,1.53235,1.50,1.50
2012.01.12 15:57:03.878,1.53226,1.53237,1.50,2.63
2012.01.12 15:57:04.425,1.53226,1.53236,1.50,3.75
2012.01.12 15:57:04.571,1.53225,1.53233,1.50,2.25
2012.01.12 15:57:05.127,1.53225,1.53232,1.50,1.88
2012.01.12 15:57:05.818,1.53222,1.53232,1.50,4.13
2012.01.12 15:57:05.885,1.53223,1.53227,2.63,1.50
2012.01.12 15:57:06.374,1.53225,1.53233,1.50,2.48
2012.01.12 15:57:06.452,1.53225,1.53232,1.50,2.25
2012.01.12 15:57:07.716,1.53225,1.53231,1.50,2.25
2012.01.12 15:57:07.787,1.53222,1.5323,1.50,2.25
2012.01.12 15:57:07.862,1.53221,1.5323,1.50,2.25
2012.01.12 15:57:08.068,1.53222,1.53228,1.50,2.25
2012.01.12 15:57:08.276,1.53223,1.53231,1.50,2.25
2012.01.12 15:57:09.036,1.53221,1.53229,1.50,1.50
2012.01.12 15:57:09.574,1.53222,1.5323,3.00,2.25
2012.01.12 15:57:10.125,1.53222,1.53231,1.50,2.25
2012.01.12 15:57:10.485,1.53223,1.53232,3.00,1.88
2012.01.12 15:57:11.115,1.53227,1.53235,1.50,2.25
2012.01.12 15:57:11.198,1.53226,1.53237,1.50,1.88
2012.01.12 15:57:11.698,1.53226,1.53236,1.50,1.50
2012.01.12 15:57:12.266,1.53226,1.53236,1.50,3.00
2012.01.12 15:57:14.697,1.53227,1.53236,1.50,3.00
2012.01.12 15:57:15.641,1.53227,1.53237,1.50,3.30
2012.01.12 15:57:16.188,1.53227,1.53236,1.50,2.25
2012.01.12 15:57:16.756,1.53225,1.53236,2.25,2.63
2012.01.12 15:57:17.308,1.53225,1.53232,1.50,1.88
2012.01.12 15:57:18.344,1.53226,1.53237,1.50,5.63
2012.01.12 15:57:18.796,1.53225,1.53234,1.50,1.13
2012.01.12 15:57:19.307,1.53225,1.53233,1.50,3.31
2012.01.12 15:57:20.306,1.53225,1.53235,1.50,3.09
2012.01.12 15:57:20.376,1.53226,1.53237,1.50,1.88
2012.01.12 15:57:20.923,1.53222,1.53232,3.00,1.88
2012.01.12 15:57:22.056,1.53222,1.53232,3.00,1.88
2012.01.12 15:57:22.894,1.53222,1.53232,1.50,1.88
2012.01.12 15:57:23.595,1.53222,1.53232,1.50,1.88
2012.01.12 15:57:24.132,1.53222,1.53232,1.50,1.88
2012.01.12 15:57:24.869,1.53222,1.53232,1.50,1.88
2012.01.12 15:57:25.425,1.53221,1.53233,2.25,3.00
2012.01.12 15:57:26.034,1.53225,1.53232,1.50,1.50
2012.01.12 15:57:26.120,1.5322,1.5323,2.25,4.50
2012.01.12 15:57:27.066,1.5322,1.53229,2.25,1.50
2012.01.12 15:57:27.279,1.5322,1.53227,2.25,1.50
2012.01.12 15:57:27.617,1.5322,1.53227,1.50,1.50
2012.01.12 15:57:27.687,1.5322,1.53229,1.50,1.50
2012.01.12 15:57:28.269,1.53218,1.53229,2.63,3.75
2012.01.12 15:57:28.562,1.53218,1.53227,2.63,1.50
2012.01.12 15:57:29.129,1.53217,1.5323,4.50,4.13
2012.01.12 15:57:29.208,1.53217,1.5323,4.50,3.38
2012.01.12 15:57:29.556,1.5322,1.5323,1.50,4.13
2012.01.12 15:57:29.771,1.53217,1.53228,3.00,1.50
2012.01.12 15:57:30.308,1.53215,1.53222,2.25,1.88
2012.01.12 15:57:30.867,1.53212,1.53222,2.25,1.88
2012.01.12 15:57:31.414,1.53214,1.53222,1.50,2.63
2012.01.12 15:57:32.376,1.53212,1.53222,2.25,2.63
2012.01.12 15:57:33.777,1.53214,1.53222,1.50,2.63
2012.01.12 15:57:34.266,1.53212,1.53222,1.50,1.88
2012.01.12 15:57:34.406,1.53212,1.53217,1.50,1.88
2012.01.12 15:57:34.619,1.53209,1.53221,2.25,2.59
2012.01.12 15:57:34.698,1.53209,1.53222,2.25,5.22
2012.01.12 15:57:35.251,1.53213,1.53222,2.25,1.88
2012.01.12 15:57:36.093,1.53213,1.53222,2.25,1.88
2012.01.12 15:57:36.623,1.53213,1.53222,2.25,1.88
2012.01.12 15:57:37.246,1.53213,1.53222,2.25,1.88
2012.01.12 15:57:37.997,1.53212,1.53222,1.50,1.88
2012.01.12 15:57:38.628,1.53212,1.53222,1.50,3.72
2012.01.12 15:57:38.992,1.5321,1.53217,1.50,4.13
2012.01.12 15:57:39.470,1.53207,1.53217,1.50,4.13
2012.01.12 15:57:39.554,1.53206,1.53217,1.50,3.38
2012.01.12 15:57:41.905,1.53205,1.53212,2.25,1.88
2012.01.12 15:57:41.977,1.53205,1.53212,1.50,1.88
2012.01.12 15:57:42.121,1.53203,1.53212,1.50,1.88
2012.01.12 15:57:42.200,1.53201,1.53207,1.50,1.88
2012.01.12 15:57:42.275,1.532,1.53207,1.50,1.88
2012.01.12 15:57:42.560,1.53202,1.53211,1.50,2.25
2012.01.12 15:57:42.846,1.53203,1.53212,2.25,1.88
2012.01.12 15:57:45.259,1.53202,1.53212,1.50,1.88
2012.01.12 15:57:46.293,1.53202,1.53212,1.50,1.88
2012.01.12 15:57:47.508,1.53202,1.53212,1.50,1.88
2012.01.12 15:57:48.072,1.53202,1.53212,1.50,1.88
2012.01.12 15:57:48.889,1.53203,1.53212,2.25,1.88
2012.01.12 15:57:52.154,1.53202,1.53212,1.50,1.88
2012.01.12 15:57:53.469,1.53203,1.53212,2.25,1.88
2012.01.12 15:57:54.024,1.53202,1.53212,1.50,3.38
2012.01.12 15:57:55.534,1.53202,1.53212,3.00,1.88
2012.01.12 15:57:55.807,1.53205,1.53217,2.25,3.32
2012.01.12 15:57:56.285,1.53208,1.5322,2.63,5.95
2012.01.12 15:57:56.841,1.5321,1.53222,1.50,4.13
2012.01.12 15:57:57.689,1.53213,1.53224,1.88,2.63
2012.01.12 15:57:57.839,1.53216,1.53226,1.50,2.57
2012.01.12 15:57:57.987,1.53216,1.53227,1.50,1.88
2012.01.12 15:57:58.056,1.53214,1.53226,1.50,2.25
2012.01.12 15:58:00.656,1.53214,1.53222,1.50,1.88
2012.01.12 15:58:00.867,1.5321,1.53222,3.00,1.88
2012.01.12 15:58:00.940,1.5321,1.53222,3.00,1.88
2012.01.12 15:58:03.287,1.5321,1.53222,3.00,1.88
2012.01.12 15:58:03.574,1.5321,1.53222,2.25,2.63
2012.01.12 15:58:03.648,1.53209,1.53219,2.25,1.50
2012.01.12 15:58:04.192,1.53208,1.53217,7.13,2.25
2012.01.12 15:58:04.278,1.53212,1.53222,2.25,1.88
2012.01.12 15:58:04.804,1.53212,1.53222,2.25,1.88
2012.01.12 15:58:05.857,1.53212,1.53222,2.25,1.88
2012.01.12 15:58:06.419,1.53212,1.53222,2.25,1.88
2012.01.12 15:58:07.249,1.5321,1.53222,3.00,1.88
2012.01.12 15:58:07.806,1.5321,1.53222,3.00,1.88
2012.01.12 15:58:07.880,1.53216,1.53224,2.63,1.50
2012.01.12 15:58:08.238,1.5322,1.53227,1.50,1.88
2012.01.12 15:58:08.309,1.5322,1.53227,1.50,1.88
2012.01.12 15:58:08.386,1.53216,1.53227,1.50,1.88
2012.01.12 15:58:08.459,1.53219,1.53229,1.50,1.50
2012.01.12 15:58:08.816,1.5322,1.53227,1.50,3.38
2012.01.12 15:58:08.884,1.53217,1.53227,1.50,3.38
2012.01.12 15:58:08.954,1.53215,1.53227,2.25,4.13
2012.01.12 15:58:09.096,1.53215,1.53225,2.25,1.50
2012.01.12 15:58:09.524,1.53213,1.53225,2.63,1.50
2012.01.12 15:58:09.600,1.53215,1.53225,2.25,1.50
2012.01.12 15:58:10.330,1.53216,1.53227,1.50,3.38
2012.01.12 15:58:12.828,1.53214,1.53227,1.50,3.38
2012.01.12 15:58:14.708,1.53213,1.53227,5.63,4.13
2012.01.12 15:58:16.604,1.53215,1.53227,1.50,2.63
2012.01.12 15:58:17.283,1.53215,1.53227,2.25,2.63
2012.01.12 15:58:17.545,1.53215,1.53227,3.00,2.63
2012.01.12 15:58:18.721,1.53215,1.53227,1.50,3.38
2012.01.12 15:58:18.795,1.53213,1.53227,5.63,4.13
2012.01.12 15:58:21.694,1.53215,1.53227,1.50,2.63
2012.01.12 15:58:22.217,1.53213,1.53227,5.63,4.13
2012.01.12 15:58:23.686,1.53213,1.53225,2.63,1.50
2012.01.12 15:58:23.992,1.53213,1.53225,2.63,2.25
2012.01.12 15:58:24.479,1.53213,1.53225,1.88,2.25
2012.01.12 15:58:24.627,1.53213,1.53225,2.63,2.25
2012.01.12 15:58:25.388,1.53213,1.53225,1.88,2.25
2012.01.12 15:58:26.209,1.53213,1.53223,1.88,2.25
2012.01.12 15:58:26.773,1.53213,1.53223,1.88,2.25
2012.01.12 15:58:26.991,1.53215,1.53227,1.50,4.20
2012.01.12 15:58:27.073,1.53215,1.53227,2.25,2.70
2012.01.12 15:58:27.158,1.53215,1.53227,5.25,2.63
2012.01.12 15:58:27.233,1.53218,1.5323,2.63,3.00
2012.01.12 15:58:27.860,1.53225,1.53232,1.50,1.50
2012.01.12 15:58:28.004,1.53226,1.53237,1.50,1.88
2012.01.12 15:58:28.147,1.53226,1.53237,1.50,3.38
2012.01.12 15:58:30.239,1.53228,1.53237,1.50,3.38
2012.01.12 15:58:30.315,1.53227,1.53237,1.50,3.38
2012.01.12 15:58:31.373,1.53227,1.53237,1.50,3.38
2012.01.12 15:58:31.913,1.53227,1.53237,1.50,3.38
2012.01.12 15:58:32.370,1.53226,1.53235,1.50,1.50
2012.01.12 15:58:32.928,1.53225,1.53233,2.25,1.50
2012.01.12 15:58:34.288,1.53224,1.53233,1.50,1.50
2012.01.12 15:58:34.834,1.53223,1.53235,2.63,1.50
2012.01.12 15:58:35.574,1.53224,1.53235,1.50,1.50
2012.01.12 15:58:35.865,1.53226,1.53237,1.50,3.38
2012.01.12 15:58:35.946,1.53227,1.53237,2.25,1.88
2012.01.12 15:58:36.023,1.53229,1.53241,1.50,1.50
2012.01.12 15:58:36.601,1.53232,1.53242,2.25,1.88
2012.01.12 15:58:36.898,1.53231,1.53242,1.50,4.13
2012.01.12 15:58:37.252,1.53229,1.53237,1.50,1.88
2012.01.12 15:58:37.804,1.53226,1.53237,2.25,1.88
2012.01.12 15:58:39.437,1.53225,1.53237,1.50,1.88
2012.01.12 15:58:39.953,1.53227,1.53237,2.25,1.88
2012.01.12 15:58:40.483,1.53227,1.53237,3.00,1.88
2012.01.12 15:58:41.187,1.53227,1.53237,3.00,1.88
2012.01.12 15:58:41.538,1.53225,1.53237,3.00,1.88
2012.01.12 15:58:42.012,1.53225,1.53237,3.00,1.88
2012.01.12 15:58:43.047,1.53227,1.53237,3.00,1.88
2012.01.12 15:58:43.582,1.53227,1.53237,2.25,1.88
2012.01.12 15:58:43.938,1.53228,1.5324,2.63,2.63
2012.01.12 15:58:44.147,1.53229,1.5324,2.25,2.63
2012.01.12 15:58:44.364,1.53229,1.53242,3.75,3.38
2012.01.12 15:58:44.506,1.53231,1.53242,2.25,2.25
2012.01.12 15:58:46.095,1.53228,1.53241,2.63,1.50
2012.01.12 15:58:46.376,1.53228,1.53239,2.63,1.50
2012.01.12 15:58:46.847,1.53228,1.53239,2.63,1.50
2012.01.12 15:58:47.730,1.53228,1.53239,2.63,1.50
2012.01.12 15:58:48.703,1.53228,1.53239,2.63,1.50
2012.01.12 15:58:52.325,1.53228,1.53239,2.63,1.50
2012.01.12 15:58:52.676,1.53221,1.53233,1.61,1.88
2012.01.12 15:58:52.746,1.5322,1.53233,2.33,1.88
2012.01.12 15:58:53.293,1.53219,1.53233,4.13,3.38
2012.01.12 15:58:53.715,1.53219,1.53232,2.25,1.88
2012.01.12 15:58:54.435,1.53218,1.53228,3.38,5.25
2012.01.12 15:58:54.530,1.53216,1.53222,1.50,1.88
2012.01.12 15:58:54.892,1.53216,1.53227,1.50,2.63
2012.01.12 15:58:55.179,1.53214,1.53227,3.00,3.38
2012.01.12 15:58:55.965,1.53214,1.53227,3.75,3.38
2012.01.12 15:58:56.051,1.5322,1.5323,2.25,1.50
2012.01.12 15:58:56.409,1.5322,1.53232,3.75,2.63
2012.01.12 15:58:56.765,1.53223,1.53236,2.63,1.50
2012.01.12 15:58:57.041,1.53222,1.53234,1.50,1.50
2012.01.12 15:58:57.324,1.53222,1.53232,1.50,1.50
2012.01.12 15:58:57.540,1.53223,1.53232,2.63,1.50
2012.01.12 15:58:57.617,1.53223,1.53234,2.63,1.50
2012.01.12 15:58:58.442,1.53223,1.53234,3.38,1.50
2012.01.12 15:58:58.532,1.53228,1.53238,1.88,3.00
2012.01.12 15:58:58.607,1.53228,1.53237,1.88,2.25
2012.01.12 15:58:59.164,1.53228,1.53238,4.88,2.25
2012.01.12 15:58:59.234,1.53228,1.5324,4.88,2.25
2012.01.12 15:58:59.306,1.53228,1.53238,4.13,2.25
2012.01.12 15:58:59.863,1.53228,1.53237,2.63,1.50
2012.01.12 15:59:00.322,1.53229,1.53238,1.13,3.00
2012.01.12 15:59:01.429,1.5323,1.53239,2.97,2.25
2012.01.12 15:59:01.893,1.53233,1.53243,3.38,1.50
2012.01.12 15:59:02.787,1.53233,1.53243,2.63,1.50
2012.01.12 15:59:03.125,1.53233,1.53243,2.63,1.50
2012.01.12 15:59:04.104,1.53233,1.53243,1.88,1.50
2012.01.12 15:59:05.168,1.53233,1.53245,2.63,2.25
2012.01.12 15:59:05.310,1.53235,1.53245,2.25,2.25
2012.01.12 15:59:06.011,1.53237,1.53247,1.88,2.63
2012.01.12 15:59:06.107,1.53237,1.53247,3.75,1.88
2012.01.12 15:59:06.179,1.53238,1.53242,1.50,1.88
2012.01.12 15:59:06.538,1.53235,1.53246,2.25,1.50
2012.01.12 15:59:06.623,1.53235,1.53244,1.50,1.50
2012.01.12 15:59:06.702,1.53235,1.53247,1.50,4.88
2012.01.12 15:59:06.779,1.53235,1.53246,1.50,2.63
2012.01.12 15:59:06.931,1.53233,1.53242,2.25,1.88
2012.01.12 15:59:07.082,1.53237,1.53242,1.50,1.88
2012.01.12 15:59:07.691,1.53232,1.53242,1.50,1.88
2012.01.12 15:59:07.765,1.53232,1.53242,1.50,1.88
2012.01.12 15:59:10.005,1.53231,1.53242,1.50,4.88
2012.01.12 15:59:10.109,1.53228,1.53238,2.63,2.25
2012.01.12 15:59:10.262,1.53228,1.53239,2.63,3.00
2012.01.12 15:59:10.409,1.53229,1.53241,1.50,2.25
2012.01.12 15:59:10.631,1.53228,1.53239,2.63,1.50
2012.01.12 15:59:10.985,1.53227,1.53237,1.50,1.88
2012.01.12 15:59:11.336,1.53228,1.53239,2.63,1.50
2012.01.12 15:59:11.981,1.53228,1.53241,2.63,2.25
2012.01.12 15:59:12.198,1.5323,1.53239,1.50,1.50
2012.01.12 15:59:12.746,1.53228,1.53239,2.63,1.50
2012.01.12 15:59:13.230,1.53229,1.53241,1.50,3.00
2012.01.12 15:59:15.615,1.53229,1.53241,1.50,2.25
2012.01.12 15:59:16.305,1.53223,1.53232,1.50,1.50
2012.01.12 15:59:16.382,1.53222,1.53235,4.50,4.13
2012.01.12 15:59:16.730,1.53226,1.53237,1.50,1.88
2012.01.12 15:59:17.300,1.53227,1.53237,1.50,1.88
2012.01.12 15:59:17.853,1.53227,1.53236,1.50,1.50
2012.01.12 15:59:18.613,1.53227,1.53236,1.50,1.50
2012.01.12 15:59:19.115,1.53227,1.53236,1.50,1.50
2012.01.12 15:59:19.648,1.53227,1.53236,1.50,1.50
2012.01.12 15:59:20.503,1.53227,1.53237,1.50,1.88
2012.01.12 15:59:21.033,1.53227,1.53237,3.00,1.88
2012.01.12 15:59:21.530,1.53227,1.53237,1.50,1.88
2012.01.12 15:59:22.035,1.53227,1.53237,3.00,1.88
2012.01.12 15:59:23.668,1.53227,1.53237,3.00,2.63
2012.01.12 15:59:23.946,1.53222,1.53233,1.50,4.13
2012.01.12 15:59:24.730,1.53223,1.53233,2.25,4.13
2012.01.12 15:59:25.459,1.53223,1.53228,1.50,1.88
2012.01.12 15:59:25.540,1.53221,1.53228,2.25,1.88
2012.01.12 15:59:25.755,1.53216,1.53228,1.50,4.88
2012.01.12 15:59:25.959,1.53214,1.53228,3.38,7.13
2012.01.12 15:59:26.105,1.53214,1.53228,4.13,7.13
2012.01.12 15:59:26.179,1.53214,1.53228,4.13,7.13
2012.01.12 15:59:26.914,1.53214,1.53224,3.38,2.25
2012.01.12 15:59:27.680,1.53214,1.53224,1.88,3.00
2012.01.12 15:59:27.760,1.53212,1.53222,2.25,1.88
2012.01.12 15:59:27.841,1.53212,1.53222,1.50,1.88
2012.01.12 15:59:28.056,1.53208,1.53222,4.13,4.13
2012.01.12 15:59:28.263,1.53213,1.53222,1.50,2.63
2012.01.12 15:59:28.473,1.53211,1.53222,2.25,2.63
2012.01.12 15:59:29.206,1.53211,1.53222,2.25,2.63
2012.01.12 15:59:29.771,1.53211,1.53222,3.75,2.63
2012.01.12 15:59:30.325,1.53211,1.53222,2.25,1.88
2012.01.12 15:59:31.140,1.53212,1.53222,1.50,1.88
2012.01.12 15:59:31.242,1.53212,1.53222,1.50,1.88
2012.01.12 15:59:31.527,1.53213,1.53222,2.25,1.88
2012.01.12 15:59:31.738,1.53213,1.53222,2.25,1.88
2012.01.12 15:59:32.018,1.53212,1.53221,1.50,1.50
2012.01.12 15:59:32.368,1.5321,1.53222,1.50,3.38
2012.01.12 15:59:32.995,1.53209,1.53221,2.25,1.50
2012.01.12 15:59:33.087,1.53208,1.53221,2.63,3.75
2012.01.12 15:59:33.442,1.53208,1.5322,3.38,1.88
2012.01.12 15:59:33.938,1.53211,1.53215,1.50,2.63
2012.01.12 15:59:34.535,1.53212,1.53217,1.50,1.88
2012.01.12 15:59:34.627,1.53208,1.53213,2.25,2.25
2012.01.12 15:59:34.777,1.53211,1.53217,1.50,1.88
2012.01.12 15:59:35.130,1.53209,1.53217,1.50,1.88
2012.01.12 15:59:36.137,1.53208,1.53217,2.25,2.63
2012.01.12 15:59:36.229,1.5321,1.53217,1.50,1.88
2012.01.12 15:59:36.732,1.53208,1.53217,2.25,1.88
2012.01.12 15:59:37.291,1.53208,1.53217,2.25,1.88
2012.01.12 15:59:37.987,1.53208,1.53217,2.25,1.88
2012.01.12 15:59:38.489,1.53208,1.53217,2.25,1.88
2012.01.12 15:59:38.975,1.53208,1.53222,2.63,3.38
2012.01.12 15:59:39.056,1.53208,1.53219,3.00,2.25
2012.01.12 15:59:39.634,1.53221,1.53225,1.50,1.88
2012.01.12 15:59:39.792,1.53219,1.53225,2.25,2.63
2012.01.12 15:59:40.361,1.53218,1.53226,2.63,1.50
2012.01.12 15:59:41.083,1.53214,1.53222,1.50,1.88
2012.01.12 15:59:41.180,1.53216,1.53222,1.50,2.63
2012.01.12 15:59:41.388,1.53217,1.53225,1.88,2.25
2012.01.12 15:59:41.948,1.53217,1.5323,4.13,1.50
2012.01.12 15:59:42.569,1.53217,1.53226,2.63,1.50
2012.01.12 15:59:42.656,1.53213,1.53224,2.63,2.25
2012.01.12 15:59:42.738,1.53213,1.53222,2.63,1.50
2012.01.12 15:59:42.809,1.53213,1.53224,2.63,2.25
2012.01.12 15:59:42.959,1.53213,1.53222,1.50,1.88
2012.01.12 15:59:43.335,1.53215,1.53222,3.00,1.88
2012.01.12 15:59:44.019,1.53211,1.53216,3.00,2.25
2012.01.12 15:59:44.259,1.53218,1.53227,4.50,1.13
2012.01.12 15:59:44.354,1.53223,1.5323,1.50,1.50
2012.01.12 15:59:44.439,1.53223,1.53229,1.99,1.50
2012.01.12 15:59:44.516,1.53223,1.53232,4.92,1.50
2012.01.12 15:59:44.600,1.53228,1.53236,2.63,1.50
2012.01.12 15:59:44.692,1.53227,1.53237,3.38,2.63
2012.01.12 15:59:44.843,1.53229,1.53237,2.25,2.63
2012.01.12 15:59:45.803,1.53229,1.53237,1.50,2.63
2012.01.12 15:59:46.033,1.53223,1.53232,2.63,1.50
2012.01.12 15:59:46.390,1.53223,1.53236,2.63,2.25
2012.01.12 15:59:46.474,1.53223,1.53234,1.88,3.00
2012.01.12 15:59:46.557,1.53223,1.53234,1.88,3.00
2012.01.12 15:59:47.194,1.53216,1.53221,5.25,1.50
2012.01.12 15:59:47.302,1.53206,1.53215,3.00,2.25
2012.01.12 15:59:47.669,1.5321,1.53217,1.50,1.88
2012.01.12 15:59:47.750,1.5321,1.53224,1.13,6.34
2012.01.12 15:59:47.834,1.53208,1.53217,3.00,1.88
2012.01.12 15:59:47.915,1.53214,1.53224,1.50,6.75
2012.01.12 15:59:48.654,1.53208,1.53214,3.38,2.25
2012.01.12 15:59:48.737,1.5321,1.53214,1.50,2.25
2012.01.12 15:59:49.089,1.53214,1.53219,1.50,2.25
2012.01.12 15:59:49.243,1.53214,1.53222,1.50,3.46
2012.01.12 15:59:49.390,1.53218,1.53222,1.50,1.88
2012.01.12 15:59:49.746,1.53216,1.53228,2.25,3.00
2012.01.12 15:59:50.338,1.53214,1.5322,3.00,1.50
2012.01.12 15:59:50.562,1.53215,1.53229,1.50,2.25
2012.01.12 15:59:50.778,1.53213,1.53225,2.63,2.25
2012.01.12 15:59:50.853,1.53213,1.53224,2.63,5.25
2012.01.12 15:59:51.213,1.53207,1.53217,5.25,2.63
2012.01.12 15:59:51.773,1.53207,1.53215,3.00,2.25
2012.01.12 15:59:52.021,1.53207,1.53217,1.50,5.63
2012.01.12 15:59:52.109,1.53206,1.53219,3.00,3.38
2012.01.12 15:59:52.469,1.53208,1.53217,1.50,2.63
2012.01.12 15:59:52.620,1.53206,1.53217,1.50,3.38
2012.01.12 15:59:52.703,1.53206,1.53212,1.50,1.88
2012.01.12 15:59:53.475,1.53204,1.53212,1.50,1.88
2012.01.12 15:59:53.818,1.53203,1.53212,1.50,2.25
2012.01.12 15:59:53.966,1.53202,1.53212,3.75,2.63
2012.01.12 15:59:54.046,1.53205,1.53212,1.50,2.63
2012.01.12 15:59:54.402,1.53203,1.53208,1.50,2.25
2012.01.12 15:59:54.837,1.53203,1.53211,1.50,2.25
2012.01.12 15:59:54.922,1.532,1.53211,2.25,3.00
2012.01.12 15:59:55.291,1.53198,1.53212,4.88,4.13
2012.01.12 15:59:55.373,1.53198,1.53207,3.38,2.25
2012.01.12 15:59:55.588,1.53199,1.53209,1.50,1.50
2012.01.12 15:59:56.423,1.53202,1.5321,1.50,1.50
2012.01.12 15:59:56.509,1.532,1.53212,1.50,3.38
2012.01.12 15:59:56.802,1.53202,1.53211,1.50,2.25
2012.01.12 15:59:58.289,1.532,1.5321,3.00,1.09
2012.01.12 15:59:58.371,1.532,1.53207,1.50,1.88
2012.01.12 15:59:58.731,1.532,1.53204,1.50,1.88
2012.01.12 15:59:59.092,1.53192,1.53202,2.25,1.88
