2016.12.28 13:00:00.098,1.22081,1.22088,1.00,1.00
2016.12.28 13:00:00.351,1.22082,1.22093,3.37,2.06
2016.12.28 13:00:00.452,1.22081,1.22092,1.37,1.31
2016.12.28 13:00:00.575,1.22079,1.22089,2.25,1.27
2016.12.28 13:00:00.676,1.22077,1.22086,1.12,1.25
2016.12.28 13:00:01.182,1.22076,1.22086,1.00,1.31
2016.12.28 13:00:02.552,1.22075,1.22086,1.87,1.25
2016.12.28 13:00:02.603,1.22081,1.22089,1.00,1.87
2016.12.28 13:00:02.653,1.22081,1.2209,1.00,3.19
2016.12.28 13:00:02.704,1.22083,1.2209,1.00,2.25
2016.12.28 13:00:03.008,1.22086,1.22094,2.62,1.84
2016.12.28 13:00:03.562,1.22087,1.22098,1.00,1.69
2016.12.28 13:00:04.592,1.22087,1.22096,1.00,1.00
2016.12.28 13:00:05.106,1.22087,1.22097,2.25,1.12
2016.12.28 13:00:05.157,1.22089,1.22098,2.25,1.25
2016.12.28 13:00:05.461,1.22091,1.22098,1.12,1.25
2016.12.28 13:00:06.007,1.22088,1.22098,1.87,1.25
2016.12.28 13:00:06.517,1.22092,1.22098,1.00,1.25
2016.12.28 13:00:06.568,1.22088,1.22098,1.12,1.69
2016.12.28 13:00:06.771,1.22087,1.22098,1.84,1.25
2016.12.28 13:00:07.295,1.22087,1.22098,1.09,1.25
2016.12.28 13:00:08.156,1.22091,1.22098,1.00,1.25
2016.12.28 13:00:08.663,1.2209,1.22098,1.50,1.25
2016.12.28 13:00:09.823,1.2209,1.221,1.00,1.69
2016.12.28 13:00:11.109,1.22091,1.221,1.50,1.69
2016.12.28 13:00:11.211,1.22094,1.22103,1.00,1.25
2016.12.28 13:00:12.631,1.22091,1.22094,1.00,1.50
2016.12.28 13:00:12.682,1.22089,1.22093,1.00,1.00
2016.12.28 13:00:12.733,1.22085,1.22089,1.00,1.00
2016.12.28 13:00:12.784,1.2208,1.2209,5.25,3.37
2016.12.28 13:00:12.835,1.2208,1.22088,4.12,1.50
2016.12.28 13:00:12.886,1.22078,1.22088,1.25,3.00
2016.12.28 13:00:13.148,1.22075,1.22087,1.00,1.25
2016.12.28 13:00:13.956,1.22074,1.22086,1.69,1.50
2016.12.28 13:00:14.463,1.22074,1.22085,2.06,1.12
2016.12.28 13:00:14.819,1.22074,1.22084,1.31,2.62
2016.12.28 13:00:15.073,1.22066,1.22077,3.56,1.25
2016.12.28 13:00:17.288,1.22066,1.22076,2.06,1.12
2016.12.28 13:00:17.796,1.22066,1.22076,1.25,3.00
2016.12.28 13:00:20.211,1.22066,1.22076,1.69,1.50
2016.12.28 13:00:20.767,1.22066,1.22075,1.25,2.62
2016.12.28 13:00:21.646,1.22062,1.2207,1.31,1.50
2016.12.28 13:00:21.775,1.22063,1.22067,1.00,1.50
2016.12.28 13:00:22.028,1.22066,1.22074,1.00,1.31
2016.12.28 13:00:22.332,1.22066,1.22077,1.00,1.50
2016.12.28 13:00:22.847,1.22065,1.22076,1.69,1.12
2016.12.28 13:00:23.390,1.22066,1.22077,1.00,2.25
2016.12.28 13:00:23.542,1.22072,1.22078,1.00,1.87
2016.12.28 13:00:23.643,1.22073,1.22082,1.00,1.25
2016.12.28 13:00:26.663,1.22079,1.22084,1.00,1.00
2016.12.28 13:00:26.849,1.2208,1.22083,1.00,1.25
2016.12.28 13:00:26.900,1.22079,1.2209,2.06,2.25
2016.12.28 13:00:26.952,1.22082,1.22091,1.00,2.25
2016.12.28 13:00:27.206,1.22078,1.22088,1.12,3.19
2016.12.28 13:00:27.713,1.22077,1.22088,1.00,2.06
2016.12.28 13:00:28.092,1.22079,1.22089,1.69,1.87
2016.12.28 13:00:28.397,1.22088,1.22098,1.12,1.69
2016.12.28 13:00:28.926,1.22087,1.22098,1.25,4.69
2016.12.28 13:00:30.004,1.22087,1.22097,1.69,1.00
2016.12.28 13:00:32.788,1.22087,1.22098,2.44,3.94
2016.12.28 13:00:33.853,1.22087,1.22097,2.06,1.12
2016.12.28 13:00:34.672,1.22087,1.22097,1.25,2.25
2016.12.28 13:00:35.204,1.22087,1.22096,1.25,1.37
2016.12.28 13:00:36.013,1.22094,1.22098,2.59,1.12
2016.12.28 13:00:36.064,1.22096,1.221,1.84,1.00
2016.12.28 13:00:36.166,1.22099,1.22106,1.00,1.69
2016.12.28 13:00:36.217,1.22101,1.22106,1.00,1.00
2016.12.28 13:00:36.268,1.22101,1.22109,1.00,1.25
2016.12.28 13:00:36.783,1.22102,1.22109,1.00,1.25
2016.12.28 13:00:37.640,1.221,1.22109,1.12,1.25
2016.12.28 13:00:42.840,1.22097,1.22107,6.00,1.50
2016.12.28 13:00:43.143,1.22086,1.22098,2.06,2.62
2016.12.28 13:00:43.693,1.22086,1.22097,1.25,1.37
2016.12.28 13:00:47.163,1.22085,1.22095,1.12,2.44
2016.12.28 13:00:47.669,1.22085,1.22095,1.00,1.62
2016.12.28 13:00:48.173,1.22083,1.22094,1.50,1.19
2016.12.28 13:00:48.680,1.22083,1.22094,1.00,1.69
2016.12.28 13:00:48.832,1.22081,1.22091,1.12,1.25
2016.12.28 13:00:49.756,1.22081,1.22089,1.00,1.00
2016.12.28 13:00:49.858,1.22075,1.22085,1.12,1.19
2016.12.28 13:00:51.042,1.22078,1.22087,1.00,1.00
2016.12.28 13:00:51.143,1.22088,1.22093,1.69,5.62
2016.12.28 13:00:51.245,1.22094,1.22096,1.00,1.00
2016.12.28 13:00:51.296,1.22094,1.22098,1.00,1.12
2016.12.28 13:00:51.675,1.22094,1.22103,1.12,1.00
2016.12.28 13:00:51.827,1.22092,1.22102,2.44,1.50
2016.12.28 13:00:51.929,1.2209,1.221,1.71,1.00
2016.12.28 13:00:52.437,1.2209,1.221,1.00,1.12
2016.12.28 13:00:54.718,1.2209,1.22101,1.00,1.31
2016.12.28 13:00:55.022,1.22097,1.22106,1.00,4.12
2016.12.28 13:00:55.074,1.22095,1.22108,5.81,2.62
2016.12.28 13:00:55.125,1.22094,1.22105,5.25,1.25
2016.12.28 13:00:55.277,1.22094,1.22105,1.00,2.06
2016.12.28 13:00:55.778,1.22093,1.22105,1.12,2.06
2016.12.28 13:00:56.134,1.22094,1.22105,1.37,1.31
2016.12.28 13:00:57.074,1.22099,1.22107,1.50,1.00
2016.12.28 13:00:57.393,1.22097,1.221,7.74,1.25
2016.12.28 13:00:57.527,1.22092,1.221,1.12,1.25
2016.12.28 13:00:58.047,1.22091,1.221,1.00,1.25
2016.12.28 13:01:01.225,1.22089,1.22093,1.87,1.00
2016.12.28 13:01:01.276,1.22088,1.22095,1.75,1.25
2016.12.28 13:01:01.395,1.22088,1.2209,1.12,1.34
2016.12.28 13:01:01.446,1.2208,1.22083,4.37,1.00
2016.12.28 13:01:01.548,1.22074,1.22078,3.75,1.59
2016.12.28 13:01:01.599,1.2207,1.22077,4.12,1.12
2016.12.28 13:01:01.650,1.22068,1.22076,4.12,2.06
2016.12.28 13:01:01.701,1.22066,1.22074,4.87,1.00
2016.12.28 13:01:01.803,1.22066,1.22074,1.00,1.00
2016.12.28 13:01:02.327,1.22067,1.22076,1.00,2.06
2016.12.28 13:01:02.681,1.22067,1.22076,1.00,1.25
2016.12.28 13:01:03.035,1.22064,1.22072,1.87,1.00
2016.12.28 13:01:03.580,1.22064,1.22071,1.00,1.00
2016.12.28 13:01:03.985,1.22066,1.22071,1.00,1.00
2016.12.28 13:01:04.087,1.22068,1.22076,1.00,1.00
2016.12.28 13:01:04.139,1.22071,1.22079,1.00,4.50
2016.12.28 13:01:04.241,1.22072,1.22081,1.00,4.50
2016.12.28 13:01:04.292,1.22072,1.22082,1.00,1.37
2016.12.28 13:01:04.834,1.22072,1.22082,1.00,1.00
2016.12.28 13:01:05.346,1.22073,1.22083,1.00,1.25
2016.12.28 13:01:05.397,1.22075,1.22083,1.00,1.25
2016.12.28 13:01:05.803,1.22073,1.22084,1.00,1.69
2016.12.28 13:01:05.905,1.22072,1.22082,1.00,1.00
2016.12.28 13:01:06.209,1.22071,1.2208,1.00,1.69
2016.12.28 13:01:07.264,1.22069,1.2208,1.87,1.31
2016.12.28 13:01:07.795,1.2207,1.2208,1.00,1.31
2016.12.28 13:01:07.896,1.22075,1.22083,1.00,5.81
2016.12.28 13:01:07.998,1.22076,1.22084,2.25,1.00
2016.12.28 13:01:08.100,1.22077,1.22087,1.00,1.31
2016.12.28 13:01:08.975,1.22076,1.22087,1.00,2.81
2016.12.28 13:01:09.077,1.22074,1.22086,3.56,1.50
2016.12.28 13:01:09.128,1.22076,1.22086,1.00,1.50
2016.12.28 13:01:09.432,1.22076,1.22087,2.62,1.72
2016.12.28 13:01:09.980,1.22076,1.22087,2.25,1.29
2016.12.28 13:01:10.031,1.2208,1.22089,1.00,1.87
2016.12.28 13:01:10.133,1.22082,1.2209,1.00,1.25
2016.12.28 13:01:10.285,1.22086,1.22096,1.12,2.81
2016.12.28 13:01:10.336,1.22088,1.22096,1.00,2.06
2016.12.28 13:01:10.877,1.22089,1.22096,1.00,1.25
2016.12.28 13:01:11.268,1.22087,1.22096,1.12,1.25
2016.12.28 13:01:11.369,1.22091,1.22098,1.00,3.37
2016.12.28 13:01:11.882,1.22088,1.22091,1.25,1.00
2016.12.28 13:01:12.086,1.22072,1.22082,1.12,4.65
2016.12.28 13:01:12.188,1.22068,1.22079,2.44,1.09
2016.12.28 13:01:12.341,1.22072,1.22081,1.00,1.75
2016.12.28 13:01:12.429,1.22072,1.22082,1.00,2.44
2016.12.28 13:01:12.481,1.22069,1.22082,1.50,2.81
2016.12.28 13:01:12.685,1.22068,1.22079,1.69,1.50
2016.12.28 13:01:13.066,1.2207,1.2208,1.31,1.00
2016.12.28 13:01:13.573,1.22071,1.22081,1.00,1.69
2016.12.28 13:01:13.624,1.22073,1.22081,1.00,1.69
2016.12.28 13:01:13.776,1.22071,1.22081,1.12,1.31
2016.12.28 13:01:14.030,1.22078,1.22084,1.00,4.12
2016.12.28 13:01:14.256,1.22082,1.22093,1.31,1.31
2016.12.28 13:01:14.307,1.22085,1.22093,1.00,2.06
2016.12.28 13:01:14.460,1.22086,1.22096,1.25,4.50
2016.12.28 13:01:14.511,1.22086,1.22097,1.25,1.87
2016.12.28 13:01:14.562,1.22091,1.22097,1.00,1.50
2016.12.28 13:01:15.182,1.22087,1.22097,2.14,1.00
2016.12.28 13:01:15.537,1.22091,1.22099,1.00,1.00
2016.12.28 13:01:16.088,1.22091,1.22098,1.00,1.00
2016.12.28 13:01:16.242,1.22087,1.22098,3.19,1.00
2016.12.28 13:01:16.495,1.22093,1.221,1.69,2.25
2016.12.28 13:01:16.597,1.22094,1.22104,1.27,1.12
2016.12.28 13:01:17.111,1.22095,1.22105,1.00,1.12
2016.12.28 13:01:17.475,1.22093,1.22105,1.00,4.87
2016.12.28 13:01:18.102,1.22093,1.22104,1.00,1.12
2016.12.28 13:01:19.606,1.22094,1.22104,1.00,1.12
2016.12.28 13:01:19.927,1.22097,1.22108,1.12,1.50
2016.12.28 13:01:20.441,1.22099,1.22109,1.25,1.87
2016.12.28 13:01:20.846,1.22099,1.22105,1.25,1.00
2016.12.28 13:01:21.379,1.22099,1.22107,1.25,1.37
2016.12.28 13:01:21.975,1.22099,1.22107,1.25,1.12
2016.12.28 13:01:26.700,1.22099,1.22105,1.25,1.00
2016.12.28 13:01:27.206,1.22094,1.22104,1.62,1.87
2016.12.28 13:01:27.736,1.22094,1.22105,1.69,3.00
2016.12.28 13:01:28.275,1.22094,1.22104,1.25,1.00
2016.12.28 13:01:29.431,1.22094,1.22105,1.25,1.50
2016.12.28 13:01:29.557,1.22097,1.22107,1.25,1.50
2016.12.28 13:01:30.065,1.22098,1.22106,1.25,1.00
2016.12.28 13:01:30.597,1.22098,1.22106,1.25,1.37
2016.12.28 13:01:30.926,1.22094,1.22102,1.25,1.00
2016.12.28 13:01:31.329,1.22095,1.22104,1.12,1.00
2016.12.28 13:01:32.231,1.22097,1.22107,1.25,1.87
2016.12.28 13:01:32.738,1.22098,1.22107,2.44,1.00
2016.12.28 13:01:33.413,1.22101,1.22108,1.25,1.00
2016.12.28 13:01:33.800,1.22101,1.2211,2.44,1.00
2016.12.28 13:01:33.851,1.22104,1.22112,1.25,1.87
2016.12.28 13:01:34.054,1.22104,1.22114,1.25,1.12
2016.12.28 13:01:34.156,1.22104,1.22114,2.00,1.00
2016.12.28 13:01:34.207,1.22104,1.22116,2.44,1.87
2016.12.28 13:01:34.309,1.22108,1.22116,1.25,1.00
2016.12.28 13:01:35.170,1.22108,1.22116,1.69,1.00
2016.12.28 13:01:35.271,1.22108,1.22116,1.31,1.00
2016.12.28 13:01:35.794,1.22108,1.22115,1.31,1.00
2016.12.28 13:01:36.149,1.22108,1.22117,2.06,1.00
2016.12.28 13:01:36.351,1.22108,1.22117,2.06,1.00
2016.12.28 13:01:37.180,1.22108,1.22118,2.44,1.00
2016.12.28 13:01:40.062,1.22111,1.2212,1.00,1.50
2016.12.28 13:01:40.113,1.22117,1.22121,1.25,1.00
2016.12.28 13:01:40.164,1.22117,1.22124,1.25,1.50
2016.12.28 13:01:40.419,1.22117,1.22121,1.25,1.00
2016.12.28 13:01:41.505,1.22117,1.22123,1.25,1.00
2016.12.28 13:01:42.012,1.22117,1.22124,1.25,1.00
2016.12.28 13:01:42.063,1.22123,1.22127,1.37,1.00
2016.12.28 13:01:42.164,1.22129,1.22134,1.25,1.00
2016.12.28 13:01:42.266,1.2213,1.22137,1.00,1.00
2016.12.28 13:01:42.469,1.22129,1.22134,2.06,1.00
2016.12.28 13:01:42.632,1.22129,1.22136,2.06,1.00
2016.12.28 13:01:43.568,1.22129,1.22135,2.06,1.00
2016.12.28 13:01:43.786,1.22127,1.22135,1.69,1.00
2016.12.28 13:01:44.335,1.22128,1.22135,1.37,1.00
2016.12.28 13:01:44.649,1.22127,1.22137,2.44,1.00
2016.12.28 13:01:44.751,1.22132,1.22142,1.25,1.87
2016.12.28 13:01:44.802,1.22136,1.22143,1.25,1.37
2016.12.28 13:01:44.904,1.22137,1.22146,4.12,1.50
2016.12.28 13:01:44.955,1.22137,1.22146,1.37,1.50
2016.12.28 13:01:45.057,1.22136,1.22144,1.62,1.00
2016.12.28 13:01:45.362,1.22136,1.22142,1.25,1.00
2016.12.28 13:01:50.142,1.22136,1.22139,1.25,1.00
2016.12.28 13:01:50.193,1.22132,1.2214,1.31,1.00
2016.12.28 13:01:50.295,1.22136,1.2214,1.25,1.00
2016.12.28 13:01:50.527,1.22136,1.22146,2.44,1.00
2016.12.28 13:01:50.578,1.22137,1.22146,4.12,1.00
2016.12.28 13:01:50.781,1.22138,1.22146,1.00,1.00
2016.12.28 13:01:51.085,1.22136,1.22144,2.44,1.00
2016.12.28 13:01:51.390,1.22132,1.22136,1.62,1.00
2016.12.28 13:01:51.644,1.22129,1.22134,1.25,1.00
2016.12.28 13:01:52.156,1.22124,1.22131,4.12,1.50
2016.12.28 13:01:52.359,1.22121,1.22127,1.31,1.00
2016.12.28 13:01:52.866,1.22121,1.22126,1.25,1.00
2016.12.28 13:01:53.294,1.22121,1.22128,1.25,1.00
2016.12.28 13:01:53.346,1.22123,1.2213,1.25,1.00
2016.12.28 13:01:53.883,1.22123,1.22132,1.62,1.50
2016.12.28 13:01:56.308,1.22123,1.22131,1.62,1.00
2016.12.28 13:01:56.360,1.22121,1.22123,3.75,1.09
2016.12.28 13:01:56.512,1.22119,1.22122,1.00,1.84
2016.12.28 13:01:56.563,1.22118,1.22123,3.75,1.84
2016.12.28 13:01:56.614,1.22112,1.22123,6.19,1.09
2016.12.28 13:01:56.716,1.22112,1.22123,2.06,1.46
2016.12.28 13:01:59.150,1.22112,1.22123,1.62,1.12
2016.12.28 13:01:59.352,1.22112,1.22123,1.62,2.25
2016.12.28 13:01:59.757,1.22112,1.22123,1.62,1.12
2016.12.28 13:02:00.267,1.22112,1.22122,1.62,1.00
2016.12.28 13:02:00.790,1.22113,1.22123,1.00,1.00
2016.12.28 13:02:02.225,1.22113,1.22121,1.00,1.00
2016.12.28 13:02:02.733,1.22112,1.2212,1.69,1.00
2016.12.28 13:02:02.834,1.22112,1.22122,3.19,1.00
2016.12.28 13:02:03.426,1.22112,1.22123,3.56,1.00
2016.12.28 13:02:03.927,1.22112,1.22124,3.19,3.75
2016.12.28 13:02:05.473,1.22112,1.22119,3.19,1.00
2016.12.28 13:02:05.774,1.22108,1.22116,1.25,1.00
2016.12.28 13:02:06.180,1.2211,1.22118,1.25,1.37
2016.12.28 13:02:06.703,1.2211,1.22118,1.31,1.00
2016.12.28 13:02:08.145,1.2211,1.22119,1.31,1.50
2016.12.28 13:02:10.528,1.2211,1.2212,1.31,1.00
2016.12.28 13:02:11.466,1.2211,1.22119,1.31,1.00
2016.12.28 13:02:11.770,1.2211,1.22119,2.06,1.00
2016.12.28 13:02:12.315,1.2211,1.2212,2.06,1.00
2016.12.28 13:02:12.704,1.22114,1.22122,1.25,1.12
2016.12.28 13:02:13.289,1.22114,1.22124,1.25,1.87
2016.12.28 13:02:13.885,1.22114,1.22123,1.25,1.00
2016.12.28 13:02:17.776,1.22114,1.22124,1.25,1.00
2016.12.28 13:02:17.879,1.22116,1.22127,1.00,5.06
2016.12.28 13:02:19.791,1.22114,1.22127,2.06,4.31
2016.12.28 13:02:20.095,1.2212,1.22132,2.06,1.00
2016.12.28 13:02:20.298,1.22121,1.22134,1.50,2.81
2016.12.28 13:02:23.510,1.2212,1.22129,2.81,1.50
2016.12.28 13:02:23.815,1.22117,1.22125,1.25,1.37
2016.12.28 13:02:24.317,1.22117,1.22126,1.25,1.87
2016.12.28 13:02:27.690,1.22123,1.22128,1.25,1.75
2016.12.28 13:02:27.792,1.22124,1.22131,2.62,1.00
2016.12.28 13:02:27.843,1.22125,1.22135,1.12,3.19
2016.12.28 13:02:27.894,1.22128,1.22137,1.25,2.62
2016.12.28 13:02:28.324,1.22128,1.22132,1.25,1.00
2016.12.28 13:02:28.375,1.22128,1.22136,1.25,1.00
2016.12.28 13:02:28.426,1.22125,1.22132,1.31,1.00
2016.12.28 13:02:28.478,1.22125,1.22134,1.31,2.25
2016.12.28 13:02:28.580,1.22125,1.22131,1.25,1.00
2016.12.28 13:02:28.632,1.22125,1.22133,1.25,1.00
2016.12.28 13:02:29.754,1.22125,1.22132,1.25,1.00
2016.12.28 13:02:31.293,1.22125,1.2213,1.25,2.25
2016.12.28 13:02:31.344,1.2212,1.22129,1.50,1.50
2016.12.28 13:02:31.598,1.22118,1.22129,1.31,2.62
2016.12.28 13:02:31.750,1.22118,1.22127,1.31,1.00
2016.12.28 13:02:32.779,1.22118,1.22126,1.19,1.00
2016.12.28 13:02:35.962,1.22118,1.22127,1.19,1.50
2016.12.28 13:02:36.496,1.22118,1.22126,1.19,1.00
2016.12.28 13:02:40.220,1.22118,1.22127,1.19,1.12
2016.12.28 13:02:40.726,1.22118,1.22126,1.19,1.00
2016.12.28 13:02:41.377,1.22118,1.22126,1.19,1.37
2016.12.28 13:02:43.706,1.22122,1.22127,1.00,3.37
2016.12.28 13:02:44.010,1.22129,1.22133,1.00,1.37
2016.12.28 13:02:44.061,1.22129,1.22134,1.00,4.12
2016.12.28 13:02:44.264,1.2213,1.22134,1.00,2.25
2016.12.28 13:02:44.618,1.22129,1.22134,1.00,1.50
2016.12.28 13:02:44.767,1.22132,1.22135,1.00,1.50
2016.12.28 13:02:45.022,1.22132,1.22137,1.00,3.00
2016.12.28 13:02:45.553,1.22133,1.22137,1.00,1.50
2016.12.28 13:02:45.970,1.22133,1.22137,1.00,1.12
2016.12.28 13:02:46.173,1.22136,1.22139,1.00,2.62
2016.12.28 13:02:46.224,1.22137,1.22139,1.00,1.50
2016.12.28 13:02:46.327,1.22138,1.22142,1.00,2.25
2016.12.28 13:02:47.800,1.22139,1.22142,1.00,1.12
2016.12.28 13:02:51.901,1.22139,1.22142,1.00,1.50
2016.12.28 13:02:52.255,1.22137,1.22142,1.00,2.62
2016.12.28 13:02:52.763,1.22138,1.22142,1.00,1.37
2016.12.28 13:02:53.599,1.22135,1.22139,1.50,1.50
2016.12.28 13:02:53.709,1.22135,1.22139,1.00,1.37
2016.12.28 13:02:53.774,1.22135,1.22139,1.00,1.00
2016.12.28 13:02:56.211,1.22135,1.22141,1.00,2.25
2016.12.28 13:02:57.387,1.22136,1.22141,1.00,2.25
2016.12.28 13:02:57.903,1.22135,1.22141,1.00,2.25
2016.12.28 13:02:58.105,1.22137,1.22141,1.00,2.62
2016.12.28 13:02:58.427,1.22135,1.22137,1.00,1.00
2016.12.28 13:03:00.134,1.22136,1.22137,1.00,1.00
2016.12.28 13:03:00.535,1.22136,1.22139,1.00,1.00
2016.12.28 13:03:00.637,1.22137,1.22141,1.00,1.12
2016.12.28 13:03:00.839,1.22138,1.22142,1.00,1.87
2016.12.28 13:03:01.302,1.2214,1.22143,1.00,1.25
2016.12.28 13:03:01.932,1.2214,1.22144,1.00,1.87
2016.12.28 13:03:03.680,1.22141,1.22145,1.00,1.12
2016.12.28 13:03:03.731,1.22142,1.22145,1.00,1.00
2016.12.28 13:03:03.850,1.22139,1.22144,2.62,1.00
2016.12.28 13:03:03.902,1.22143,1.22148,1.00,1.87
2016.12.28 13:03:04.207,1.22146,1.2215,1.00,1.91
2016.12.28 13:03:04.748,1.22147,1.22151,1.00,1.54
2016.12.28 13:03:06.457,1.22146,1.2215,1.00,1.04
2016.12.28 13:03:07.002,1.22146,1.2215,1.00,3.04
2016.12.28 13:03:07.554,1.22146,1.2215,1.00,3.04
2016.12.28 13:03:07.655,1.22145,1.22151,1.00,1.91
2016.12.28 13:03:07.706,1.22148,1.22151,1.00,1.54
2016.12.28 13:03:08.011,1.22154,1.22158,1.50,1.37
2016.12.28 13:03:08.323,1.22155,1.22161,2.44,2.50
2016.12.28 13:03:08.425,1.22161,1.22166,1.00,1.00
2016.12.28 13:03:08.964,1.22161,1.22167,1.00,4.69
2016.12.28 13:03:10.238,1.22158,1.22161,1.00,1.00
2016.12.28 13:03:10.443,1.22153,1.22158,1.00,2.62
2016.12.28 13:03:12.218,1.22148,1.22153,2.44,1.00
2016.12.28 13:03:12.320,1.22147,1.2215,1.00,3.71
2016.12.28 13:03:12.473,1.22143,1.22146,1.00,1.00
2016.12.28 13:03:13.026,1.22144,1.22146,1.00,1.00
2016.12.28 13:03:13.133,1.22144,1.22148,1.00,1.00
2016.12.28 13:03:13.760,1.22145,1.22152,1.00,1.87
2016.12.28 13:03:13.820,1.22148,1.22152,1.00,1.37
2016.12.28 13:03:13.871,1.2215,1.22156,1.00,6.37
2016.12.28 13:03:13.973,1.22152,1.22156,1.00,1.50
2016.12.28 13:03:14.125,1.22153,1.22159,1.00,2.62
2016.12.28 13:03:15.149,1.22153,1.22158,1.00,1.00
2016.12.28 13:03:17.538,1.22153,1.22159,1.00,3.00
2016.12.28 13:03:20.899,1.22153,1.22158,1.00,1.00
2016.12.28 13:03:24.251,1.22153,1.22159,1.00,2.62
2016.12.28 13:03:25.022,1.22153,1.22158,1.00,2.62
2016.12.28 13:03:25.560,1.22152,1.22157,1.00,1.50
2016.12.28 13:03:25.859,1.2215,1.22157,1.00,1.12
2016.12.28 13:03:27.346,1.2215,1.22156,1.00,1.00
2016.12.28 13:03:28.591,1.22152,1.22157,1.00,1.12
2016.12.28 13:03:29.125,1.22153,1.22157,1.00,1.50
2016.12.28 13:03:29.429,1.22155,1.22159,1.00,1.50
2016.12.28 13:03:29.531,1.22153,1.22159,1.00,1.87
2016.12.28 13:03:30.037,1.22153,1.22159,1.00,1.37
2016.12.28 13:03:31.780,1.22157,1.22161,1.00,1.12
2016.12.28 13:03:31.882,1.2216,1.22164,1.00,3.75
2016.12.28 13:03:31.933,1.2216,1.22165,1.00,1.00
2016.12.28 13:03:32.034,1.2216,1.22167,1.00,3.00
2016.12.28 13:03:32.540,1.22161,1.22167,1.00,1.87
2016.12.28 13:03:32.692,1.22159,1.22163,1.19,1.37
2016.12.28 13:03:32.945,1.22145,1.22151,1.00,1.09
2016.12.28 13:03:33.148,1.22147,1.2215,1.00,1.00
2016.12.28 13:03:33.327,1.22147,1.22152,1.00,1.12
2016.12.28 13:03:34.856,1.22146,1.22152,1.00,1.12
2016.12.28 13:03:35.008,1.22147,1.22155,1.25,2.25
2016.12.28 13:03:35.211,1.22148,1.22157,1.00,1.50
2016.12.28 13:03:35.993,1.22148,1.22158,1.00,1.00
2016.12.28 13:03:37.056,1.22148,1.22157,1.00,1.50
2016.12.28 13:03:39.731,1.22148,1.22153,1.00,1.00
2016.12.28 13:03:39.833,1.22145,1.22151,1.00,1.09
2016.12.28 13:03:39.935,1.22145,1.22148,1.00,1.84
2016.12.28 13:03:40.036,1.22139,1.22148,1.25,1.84
2016.12.28 13:03:40.239,1.22138,1.22146,1.00,1.00
2016.12.28 13:03:42.219,1.22138,1.22148,1.00,3.34
2016.12.28 13:03:42.721,1.22138,1.22147,1.00,1.00
2016.12.28 13:03:43.108,1.22137,1.22146,1.00,1.87
2016.12.28 13:03:46.406,1.22136,1.22145,1.25,1.87
2016.12.28 13:03:46.508,1.22133,1.22145,1.00,4.87
2016.12.28 13:03:47.025,1.22134,1.22143,1.00,1.00
2016.12.28 13:03:48.417,1.22135,1.22145,1.00,7.12
2016.12.28 13:03:48.519,1.22135,1.22145,1.00,2.62
2016.12.28 13:03:49.061,1.22133,1.22145,1.00,1.00
2016.12.28 13:03:50.372,1.22134,1.22145,1.00,1.00
2016.12.28 13:03:50.734,1.22136,1.22145,1.00,1.00
2016.12.28 13:03:51.253,1.22136,1.22146,1.69,1.00
2016.12.28 13:03:51.775,1.22138,1.22147,1.00,2.25
2016.12.28 13:03:53.631,1.22136,1.22141,1.19,1.05
2016.12.28 13:03:53.682,1.22134,1.2214,1.50,2.92
2016.12.28 13:03:53.859,1.22129,1.22137,3.75,1.87
2016.12.28 13:03:53.925,1.22128,1.22137,1.25,1.87
2016.12.28 13:03:55.611,1.22128,1.22138,1.25,2.62
2016.12.28 13:03:56.648,1.22128,1.22137,1.25,1.50
2016.12.28 13:03:57.186,1.22128,1.22138,1.25,1.87
2016.12.28 13:03:57.701,1.22129,1.22137,1.00,1.50
2016.12.28 13:03:58.255,1.22128,1.22137,1.69,1.50
2016.12.28 13:03:59.961,1.22129,1.22137,1.00,1.50
2016.12.28 13:04:00.566,1.22128,1.22137,1.69,1.50
2016.12.28 13:04:02.669,1.22128,1.22138,1.69,1.50
2016.12.28 13:04:03.212,1.22128,1.22138,1.69,1.87
2016.12.28 13:04:03.866,1.22125,1.22133,3.00,1.00
2016.12.28 13:04:04.018,1.22121,1.22132,3.56,1.87
2016.12.28 13:04:04.120,1.22121,1.22133,3.19,6.94
2016.12.28 13:04:07.893,1.22121,1.22129,1.25,1.50
2016.12.28 13:04:08.197,1.22113,1.22124,1.25,3.37
2016.12.28 13:04:08.614,1.22115,1.22124,1.00,4.50
2016.12.28 13:04:08.868,1.22113,1.22121,1.25,1.80
2016.12.28 13:04:08.920,1.2211,1.22116,2.44,1.50
2016.12.28 13:04:09.439,1.2211,1.22117,1.25,4.50
2016.12.28 13:04:09.541,1.2211,1.22117,1.25,1.00
2016.12.28 13:04:10.054,1.2211,1.22118,1.25,1.12
2016.12.28 13:04:15.842,1.22105,1.22114,1.00,1.00
2016.12.28 13:04:16.095,1.22107,1.22116,1.69,4.50
2016.12.28 13:04:16.197,1.22107,1.22117,2.06,2.25
2016.12.28 13:04:16.703,1.22108,1.22117,1.12,1.87
2016.12.28 13:04:17.958,1.22108,1.22113,1.12,1.00
2016.12.28 13:04:18.059,1.22106,1.22116,1.25,1.87
2016.12.28 13:04:18.576,1.22107,1.22118,1.00,4.31
2016.12.28 13:04:19.687,1.22107,1.22118,1.00,3.56
2016.12.28 13:04:22.943,1.22106,1.22114,1.00,1.00
2016.12.28 13:04:23.230,1.22107,1.22116,1.00,1.12
2016.12.28 13:04:23.746,1.22108,1.22118,1.00,4.31
2016.12.28 13:04:25.045,1.22106,1.22113,1.12,1.00
2016.12.28 13:04:25.146,1.22104,1.22113,1.87,1.37
2016.12.28 13:04:25.298,1.22106,1.22113,1.00,1.12
2016.12.28 13:04:25.954,1.22104,1.22113,1.50,1.50
2016.12.28 13:04:26.469,1.22104,1.22112,1.00,1.00
2016.12.28 13:04:27.004,1.22104,1.22113,1.00,1.50
2016.12.28 13:04:27.700,1.22104,1.22112,1.00,1.00
2016.12.28 13:04:28.641,1.22104,1.22113,1.00,1.12
2016.12.28 13:04:28.983,1.22108,1.22117,1.00,3.00
2016.12.28 13:04:29.499,1.22108,1.22117,1.00,1.87
2016.12.28 13:04:35.330,1.22107,1.22118,1.12,2.81
2016.12.28 13:04:43.255,1.22114,1.22119,1.25,1.00
2016.12.28 13:04:43.407,1.22116,1.22125,1.00,1.87
2016.12.28 13:04:43.509,1.22116,1.22126,1.00,2.06
2016.12.28 13:04:44.033,1.22117,1.22127,1.25,1.37
2016.12.28 13:04:45.932,1.22118,1.22128,1.00,2.25
2016.12.28 13:04:46.042,1.2212,1.22129,1.25,2.25
2016.12.28 13:04:46.145,1.2212,1.22129,1.25,1.12
2016.12.28 13:04:46.681,1.2212,1.22131,1.25,1.50
2016.12.28 13:04:47.794,1.2212,1.22131,1.25,2.25
2016.12.28 13:04:49.513,1.22123,1.22131,1.69,1.00
2016.12.28 13:04:49.819,1.22123,1.22133,1.69,1.50
2016.12.28 13:04:50.721,1.22124,1.22133,1.00,1.00
2016.12.28 13:04:57.084,1.22124,1.22133,1.00,1.37
2016.12.28 13:04:57.337,1.22124,1.22134,1.00,1.87
2016.12.28 13:04:58.799,1.22124,1.22133,1.12,1.00
2016.12.28 13:04:59.302,1.22125,1.22133,1.00,1.87
2016.12.28 13:04:59.833,1.22125,1.22133,1.00,1.00
2016.12.28 13:05:01.090,1.22125,1.22134,1.00,1.50
2016.12.28 13:05:01.192,1.22123,1.22134,1.25,1.87
2016.12.28 13:05:01.243,1.22123,1.2213,1.25,2.55
2016.12.28 13:05:01.548,1.22118,1.22123,1.19,1.12
2016.12.28 13:05:01.849,1.22118,1.22126,2.44,1.50
2016.12.28 13:05:01.900,1.22121,1.22125,1.69,1.00
2016.12.28 13:05:02.002,1.22121,1.22129,1.69,4.12
2016.12.28 13:05:02.053,1.22121,1.22131,2.06,1.12
2016.12.28 13:05:02.616,1.22121,1.22132,2.06,1.00
2016.12.28 13:05:03.386,1.22123,1.22133,1.00,1.37
2016.12.28 13:05:03.893,1.22124,1.22133,1.00,1.12
2016.12.28 13:05:09.107,1.22122,1.22133,1.31,1.12
2016.12.28 13:05:09.360,1.22122,1.22131,1.25,1.00
2016.12.28 13:05:09.734,1.22122,1.22133,1.25,3.75
2016.12.28 13:05:10.244,1.22123,1.22133,1.09,1.87
2016.12.28 13:05:10.752,1.22121,1.22132,1.19,1.12
2016.12.28 13:05:11.957,1.22123,1.22133,1.50,1.50
2016.12.28 13:05:12.211,1.22123,1.22134,2.21,4.12
2016.12.28 13:05:12.515,1.22122,1.22133,2.44,1.12
2016.12.28 13:05:12.616,1.22121,1.22132,1.31,2.25
2016.12.28 13:05:15.984,1.2212,1.22131,1.31,1.00
2016.12.28 13:05:16.511,1.22121,1.22131,1.50,1.00
2016.12.28 13:05:19.799,1.2212,1.22131,1.31,1.00
2016.12.28 13:05:20.855,1.2212,1.2213,1.31,1.00
2016.12.28 13:05:22.553,1.22121,1.22131,2.25,1.12
2016.12.28 13:05:22.604,1.22124,1.22131,1.25,1.12
2016.12.28 13:05:23.138,1.22124,1.2213,1.25,1.00
2016.12.28 13:05:23.656,1.22124,1.22131,1.25,1.00
2016.12.28 13:05:23.899,1.22121,1.2213,1.00,1.00
2016.12.28 13:05:24.920,1.2212,1.22129,1.25,1.00
2016.12.28 13:05:25.879,1.2212,1.2213,1.25,1.00
2016.12.28 13:05:26.032,1.22124,1.22131,1.25,1.00
2016.12.28 13:05:26.235,1.22124,1.22133,2.44,1.87
2016.12.28 13:05:26.726,1.22124,1.22131,2.44,1.00
2016.12.28 13:05:27.151,1.22124,1.22133,2.44,2.62
2016.12.28 13:05:28.451,1.22124,1.22132,2.44,1.00
2016.12.28 13:05:29.075,1.22124,1.22133,2.44,2.62
2016.12.28 13:05:30.165,1.22124,1.22131,2.44,1.00
2016.12.28 13:05:30.486,1.22124,1.22133,2.44,2.62
2016.12.28 13:05:30.723,1.22124,1.22131,1.25,1.00
2016.12.28 13:05:30.926,1.22121,1.22129,1.12,1.00
2016.12.28 13:05:31.634,1.22121,1.22131,1.00,1.12
2016.12.28 13:05:31.735,1.22124,1.22131,1.25,1.12
2016.12.28 13:05:36.185,1.22124,1.22127,1.25,1.00
2016.12.28 13:05:36.236,1.22122,1.22124,1.00,2.62
2016.12.28 13:05:36.287,1.22114,1.22115,19.87,1.00
2016.12.28 13:05:36.390,1.22113,1.22115,4.50,1.34
2016.12.28 13:05:36.441,1.22104,1.22115,1.37,1.46
2016.12.28 13:05:36.684,1.22103,1.22113,1.69,1.50
2016.12.28 13:05:43.246,1.22103,1.22113,1.69,1.00
2016.12.28 13:05:43.793,1.22103,1.22114,2.06,1.00
2016.12.28 13:05:44.992,1.22103,1.22114,1.69,5.25
2016.12.28 13:05:48.266,1.22103,1.22112,1.31,1.12
2016.12.28 13:05:53.361,1.22103,1.22113,1.31,1.12
2016.12.28 13:05:53.920,1.22104,1.22114,1.00,1.50
2016.12.28 13:05:54.955,1.22104,1.22114,1.00,1.87
2016.12.28 13:05:55.634,1.22103,1.22114,3.56,1.12
2016.12.28 13:05:57.365,1.22103,1.22115,2.81,3.00
2016.12.28 13:05:57.890,1.22104,1.22115,1.50,3.00
2016.12.28 13:05:58.252,1.22106,1.22115,1.00,3.00
2016.12.28 13:05:58.971,1.22105,1.22115,1.69,1.50
2016.12.28 13:05:59.275,1.2211,1.22117,1.25,1.50
2016.12.28 13:05:59.530,1.22115,1.22124,1.25,1.50
2016.12.28 13:06:00.081,1.22115,1.22126,1.25,3.37
2016.12.28 13:06:00.816,1.22111,1.22118,2.29,1.46
2016.12.28 13:06:00.867,1.22111,1.22118,1.00,1.46
2016.12.28 13:06:00.919,1.22108,1.22116,1.56,1.50
2016.12.28 13:06:01.223,1.22108,1.22114,1.19,1.00
2016.12.28 13:06:01.724,1.22108,1.22113,1.19,1.00
2016.12.28 13:06:02.181,1.22108,1.22116,1.19,1.87
2016.12.28 13:06:02.718,1.22108,1.22116,1.19,1.00
2016.12.28 13:06:09.510,1.2211,1.22116,1.25,1.12
2016.12.28 13:06:10.348,1.22107,1.22116,1.69,1.00
2016.12.28 13:06:10.399,1.2211,1.22116,1.25,1.00
2016.12.28 13:06:11.665,1.22111,1.22116,1.25,1.12
2016.12.28 13:06:12.208,1.2211,1.22116,1.25,1.12
2016.12.28 13:06:12.599,1.22107,1.22116,1.69,1.12
2016.12.28 13:06:12.817,1.2211,1.22116,1.25,1.12
2016.12.28 13:06:15.322,1.22107,1.22116,1.19,1.37
2016.12.28 13:06:20.989,1.22111,1.22118,1.50,1.12
2016.12.28 13:06:21.242,1.22116,1.22126,1.25,1.50
2016.12.28 13:06:21.649,1.2212,1.22128,1.25,4.50
2016.12.28 13:06:21.952,1.22118,1.22126,1.25,1.00
2016.12.28 13:06:24.894,1.22118,1.22127,1.25,1.00
2016.12.28 13:06:24.945,1.2212,1.22127,1.25,1.00
2016.12.28 13:06:25.503,1.22121,1.22127,1.19,1.00
2016.12.28 13:06:25.554,1.22121,1.22129,1.69,1.00
2016.12.28 13:06:26.062,1.22122,1.2213,2.81,1.00
2016.12.28 13:06:26.667,1.22123,1.2213,1.50,1.00
2016.12.28 13:06:28.154,1.22121,1.22129,1.69,1.00
2016.12.28 13:06:28.307,1.22121,1.22126,1.25,1.00
2016.12.28 13:06:28.358,1.22117,1.22126,1.69,1.00
2016.12.28 13:06:28.460,1.22117,1.22124,1.25,1.00
2016.12.28 13:06:28.819,1.22114,1.22123,1.31,1.00
2016.12.28 13:06:28.936,1.22114,1.22121,1.31,1.00
2016.12.28 13:06:30.204,1.22114,1.22123,1.25,1.00
2016.12.28 13:06:34.078,1.22114,1.22122,1.25,1.00
2016.12.28 13:06:40.986,1.22114,1.22122,2.44,1.00
2016.12.28 13:06:41.290,1.22115,1.22125,2.62,1.00
2016.12.28 13:06:41.392,1.22118,1.22127,1.25,1.12
2016.12.28 13:06:42.986,1.22118,1.22128,1.69,1.00
2016.12.28 13:06:43.790,1.2212,1.22128,1.25,1.50
2016.12.28 13:06:49.828,1.2212,1.22127,1.25,1.00
2016.12.28 13:06:50.031,1.22117,1.22126,3.56,1.00
2016.12.28 13:06:50.542,1.22117,1.22125,1.69,1.00
2016.12.28 13:06:51.595,1.22117,1.22123,1.25,1.00
2016.12.28 13:06:52.510,1.22117,1.22125,1.25,1.00
2016.12.28 13:06:53.023,1.22117,1.22125,1.25,1.87
2016.12.28 13:06:53.327,1.22112,1.22117,2.25,1.46
2016.12.28 13:06:53.378,1.2211,1.22116,1.62,1.50
2016.12.28 13:06:53.429,1.22109,1.22114,1.50,1.87
2016.12.28 13:06:53.480,1.22105,1.22114,1.00,1.87
2016.12.28 13:06:53.632,1.22105,1.22113,1.12,4.50
2016.12.28 13:06:53.937,1.22103,1.22107,1.00,1.50
2016.12.28 13:06:53.988,1.22098,1.22104,1.19,1.00
2016.12.28 13:06:54.587,1.22098,1.22104,1.19,1.87
2016.12.28 13:06:57.301,1.22098,1.22102,1.19,1.00
2016.12.28 13:06:57.352,1.22093,1.22102,1.69,1.00
2016.12.28 13:06:57.857,1.22094,1.22102,1.00,1.12
2016.12.28 13:06:58.709,1.22093,1.22102,1.69,1.00
2016.12.28 13:06:59.246,1.22094,1.22104,1.00,1.12
2016.12.28 13:06:59.751,1.22097,1.22105,1.25,1.37
2016.12.28 13:06:59.903,1.22097,1.22107,1.25,1.37
2016.12.28 13:07:00.410,1.22097,1.22104,1.25,1.00
2016.12.28 13:07:03.059,1.22097,1.22105,1.25,1.12
2016.12.28 13:07:03.649,1.22097,1.22105,1.25,3.37
2016.12.28 13:07:04.420,1.22097,1.22104,1.25,3.37
2016.12.28 13:07:04.956,1.22097,1.22104,1.25,1.00
2016.12.28 13:07:07.350,1.22097,1.22106,1.25,4.12
2016.12.28 13:07:07.761,1.22097,1.22104,1.25,1.00
2016.12.28 13:07:09.321,1.22093,1.22101,2.44,1.00
2016.12.28 13:07:09.878,1.22094,1.22103,2.06,4.87
2016.12.28 13:07:10.031,1.22094,1.22105,2.44,3.75
2016.12.28 13:07:10.313,1.22096,1.22106,1.12,4.12
2016.12.28 13:07:11.630,1.22094,1.22101,1.69,1.00
2016.12.28 13:07:11.681,1.22093,1.22101,2.06,1.00
2016.12.28 13:07:11.885,1.22094,1.22104,1.19,3.00
2016.12.28 13:07:12.037,1.22095,1.22105,1.69,3.00
2016.12.28 13:07:12.335,1.22101,1.22106,1.25,1.00
2016.12.28 13:07:12.539,1.22104,1.22114,1.69,1.50
2016.12.28 13:07:14.158,1.22104,1.22113,1.69,3.37
2016.12.28 13:07:14.462,1.22094,1.22104,2.44,3.71
2016.12.28 13:07:14.513,1.22095,1.22106,1.69,1.00
2016.12.28 13:07:14.564,1.22095,1.22106,2.06,4.50
2016.12.28 13:07:14.867,1.22096,1.22107,1.37,2.25
2016.12.28 13:07:15.655,1.22097,1.22107,1.12,1.12
2016.12.28 13:07:16.202,1.22095,1.22107,1.69,3.00
2016.12.28 13:07:16.354,1.22094,1.22102,1.37,1.00
2016.12.28 13:07:16.405,1.22093,1.22103,1.62,1.50
2016.12.28 13:07:16.456,1.22093,1.22099,1.25,1.09
2016.12.28 13:07:16.709,1.22093,1.22101,1.25,2.62
2016.12.28 13:07:17.561,1.22099,1.22101,1.19,1.87
2016.12.28 13:07:17.612,1.22102,1.22106,1.00,4.12
2016.12.28 13:07:17.764,1.22101,1.22111,1.00,1.87
2016.12.28 13:07:18.129,1.22099,1.22109,1.69,1.50
2016.12.28 13:07:18.434,1.22104,1.22111,1.25,4.50
2016.12.28 13:07:18.536,1.22104,1.22111,1.25,1.00
2016.12.28 13:07:18.638,1.22104,1.22114,1.25,3.75
2016.12.28 13:07:21.457,1.22105,1.22114,1.19,1.12
2016.12.28 13:07:21.947,1.22101,1.22105,2.25,1.00
2016.12.28 13:07:22.050,1.22092,1.22097,1.87,1.71
2016.12.28 13:07:22.101,1.22092,1.22096,1.50,3.71
2016.12.28 13:07:22.153,1.22083,1.22092,2.06,1.00
2016.12.28 13:07:22.204,1.22085,1.22092,1.00,1.00
2016.12.28 13:07:22.510,1.2208,1.2209,2.06,1.00
2016.12.28 13:07:22.611,1.22084,1.22093,1.19,4.12
2016.12.28 13:07:22.764,1.22085,1.22095,1.25,5.25
2016.12.28 13:07:22.865,1.22085,1.22095,1.25,1.12
2016.12.28 13:07:23.369,1.22085,1.22096,1.25,1.50
2016.12.28 13:07:23.522,1.22087,1.22096,1.00,1.00
2016.12.28 13:07:23.927,1.2209,1.22097,1.00,1.00
2016.12.28 13:07:24.079,1.22091,1.221,1.00,1.50
2016.12.28 13:07:24.130,1.22089,1.221,1.00,2.62
2016.12.28 13:07:24.535,1.22089,1.22097,1.12,1.00
2016.12.28 13:07:24.738,1.22089,1.22099,1.12,1.00
2016.12.28 13:07:25.282,1.22089,1.221,1.12,2.62
2016.12.28 13:07:25.554,1.22092,1.221,1.69,1.00
2016.12.28 13:07:25.656,1.22092,1.22102,1.69,1.12
2016.12.28 13:07:26.669,1.22092,1.22102,1.19,2.25
2016.12.28 13:07:27.533,1.22092,1.22103,1.19,6.34
2016.12.28 13:07:30.798,1.22095,1.22104,1.00,8.62
2016.12.28 13:07:30.900,1.22093,1.22103,1.25,1.50
2016.12.28 13:07:31.001,1.22101,1.22104,1.00,1.00
2016.12.28 13:07:31.052,1.22099,1.22104,2.02,1.00
2016.12.28 13:07:31.103,1.22103,1.22107,1.25,4.12
2016.12.28 13:07:31.155,1.22104,1.2211,1.00,5.25
2016.12.28 13:07:31.246,1.22104,1.2211,1.31,1.50
2016.12.28 13:07:31.499,1.22106,1.22114,1.00,1.00
2016.12.28 13:07:31.601,1.22107,1.22117,1.00,3.75
2016.12.28 13:07:31.955,1.22111,1.22119,1.25,4.50
2016.12.28 13:07:32.057,1.22111,1.2212,1.25,1.37
2016.12.28 13:07:33.046,1.22114,1.22123,1.25,3.00
2016.12.28 13:07:33.181,1.22115,1.22124,1.00,1.12
2016.12.28 13:07:35.782,1.22115,1.22125,1.00,1.00
2016.12.28 13:07:36.915,1.22117,1.22127,1.25,5.62
2016.12.28 13:07:37.017,1.22117,1.22127,1.31,1.50
2016.12.28 13:07:38.536,1.22117,1.22128,1.31,3.37
2016.12.28 13:07:38.587,1.22117,1.22126,1.31,1.50
2016.12.28 13:07:38.892,1.22117,1.22126,1.25,6.37
2016.12.28 13:07:39.398,1.22117,1.22126,1.25,1.87
2016.12.28 13:07:40.006,1.22117,1.22127,1.25,1.00
2016.12.28 13:07:40.547,1.22117,1.22128,1.25,6.00
2016.12.28 13:07:40.752,1.22117,1.22126,1.25,1.00
2016.12.28 13:07:44.192,1.22117,1.22127,1.25,2.62
2016.12.28 13:07:45.102,1.22117,1.22126,1.25,1.50
2016.12.28 13:07:49.652,1.22117,1.22125,1.25,1.87
2016.12.28 13:07:49.703,1.22114,1.22125,2.06,3.00
2016.12.28 13:07:50.181,1.22117,1.22125,1.00,2.25
2016.12.28 13:07:50.692,1.22117,1.22127,1.00,6.94
2016.12.28 13:07:51.002,1.22121,1.2213,1.12,1.00
2016.12.28 13:07:51.206,1.22119,1.22129,1.69,1.50
2016.12.28 13:07:51.409,1.22119,1.22127,1.25,1.50
2016.12.28 13:07:51.460,1.22117,1.22126,1.12,1.87
2016.12.28 13:07:51.970,1.22117,1.22126,1.00,4.12
2016.12.28 13:07:59.336,1.22117,1.22127,1.00,1.00
2016.12.28 13:07:59.851,1.22116,1.22126,1.12,1.00
2016.12.28 13:08:00.956,1.22115,1.22127,2.06,1.50
2016.12.28 13:08:02.305,1.22118,1.22127,1.00,1.00
2016.12.28 13:08:02.812,1.22119,1.22128,1.31,1.00
2016.12.28 13:08:03.911,1.22119,1.2213,2.81,1.00
2016.12.28 13:08:03.962,1.22123,1.2213,1.25,1.12
2016.12.28 13:08:07.485,1.2212,1.2213,2.44,1.87
2016.12.28 13:08:08.420,1.2212,1.22129,1.25,1.50
2016.12.28 13:08:11.455,1.2212,1.2213,1.25,1.50
2016.12.28 13:08:12.427,1.2212,1.22129,1.25,1.00
2016.12.28 13:08:12.875,1.22118,1.22127,1.69,1.00
2016.12.28 13:08:13.386,1.22118,1.22127,1.25,1.00
2016.12.28 13:08:14.556,1.22118,1.22126,1.25,1.00
2016.12.28 13:08:16.833,1.22118,1.22127,1.25,2.25
2016.12.28 13:08:19.549,1.22118,1.22126,1.25,1.00
2016.12.28 13:08:26.998,1.22118,1.22127,1.25,2.25
2016.12.28 13:08:30.861,1.22118,1.22126,1.25,1.50
2016.12.28 13:08:31.617,1.22118,1.22125,1.25,1.00
2016.12.28 13:08:35.444,1.22114,1.22125,1.25,1.50
2016.12.28 13:08:36.040,1.22114,1.22124,1.69,1.12
2016.12.28 13:08:36.546,1.22114,1.22125,2.06,2.25
2016.12.28 13:08:37.052,1.22115,1.22125,1.00,2.25
2016.12.28 13:08:37.929,1.22114,1.22125,3.19,3.37
2016.12.28 13:08:44.074,1.22114,1.22124,1.25,1.00
2016.12.28 13:08:45.812,1.22114,1.22125,1.25,4.12
2016.12.28 13:08:45.863,1.22111,1.22117,1.12,1.50
2016.12.28 13:08:46.117,1.22103,1.22112,2.81,1.00
2016.12.28 13:08:46.925,1.22103,1.22111,1.25,1.00
2016.12.28 13:08:47.026,1.221,1.22109,1.50,2.25
2016.12.28 13:08:47.356,1.22098,1.22107,1.19,1.87
2016.12.28 13:08:47.587,1.22096,1.22107,1.69,1.87
2016.12.28 13:08:50.335,1.22096,1.22106,1.69,1.37
2016.12.28 13:08:50.866,1.22096,1.22105,1.25,1.50
2016.12.28 13:08:51.169,1.22098,1.22105,1.00,1.00
2016.12.28 13:08:51.324,1.22098,1.22108,1.31,3.00
2016.12.28 13:08:51.375,1.22097,1.22105,1.62,1.00
2016.12.28 13:08:51.900,1.22097,1.22105,1.25,1.00
2016.12.28 13:08:52.520,1.22097,1.22106,1.25,4.50
2016.12.28 13:08:53.125,1.22097,1.22105,1.25,1.00
2016.12.28 13:08:54.234,1.22097,1.22106,1.25,6.37
2016.12.28 13:08:54.583,1.22097,1.22106,1.25,6.37
2016.12.28 13:08:56.467,1.22097,1.22105,1.25,1.00
2016.12.28 13:08:58.695,1.22097,1.22105,1.25,1.37
2016.12.28 13:09:04.869,1.221,1.22106,1.25,1.50
2016.12.28 13:09:04.920,1.221,1.22106,1.25,1.00
2016.12.28 13:09:05.021,1.221,1.22109,1.25,1.00
2016.12.28 13:09:05.124,1.221,1.22107,1.25,1.00
2016.12.28 13:09:05.175,1.22097,1.22106,1.00,1.00
2016.12.28 13:09:05.702,1.22096,1.22105,1.25,1.87
2016.12.28 13:09:06.792,1.22096,1.22104,1.25,1.12
2016.12.28 13:09:06.843,1.22093,1.22103,2.06,1.87
2016.12.28 13:09:08.788,1.22093,1.22099,1.25,2.25
2016.12.28 13:09:09.042,1.22087,1.22095,1.19,2.62
2016.12.28 13:09:09.346,1.22087,1.22097,1.19,3.75
2016.12.28 13:09:09.876,1.22087,1.22096,1.19,1.00
2016.12.28 13:09:10.395,1.22087,1.22095,1.19,1.00
2016.12.28 13:09:10.800,1.22085,1.22094,1.25,1.50
2016.12.28 13:09:11.353,1.22085,1.22093,1.25,1.00
2016.12.28 13:09:13.270,1.22085,1.2209,1.25,2.25
2016.12.28 13:09:13.320,1.22082,1.22088,1.00,1.69
2016.12.28 13:09:13.422,1.22078,1.22085,5.06,1.00
2016.12.28 13:09:13.473,1.22078,1.22085,1.25,1.00
2016.12.28 13:09:13.524,1.22076,1.22085,1.00,1.69
2016.12.28 13:09:14.076,1.22075,1.22085,1.31,1.69
2016.12.28 13:09:14.330,1.22073,1.22077,1.00,1.09
2016.12.28 13:09:14.483,1.22064,1.22073,5.81,1.00
2016.12.28 13:09:14.661,1.22064,1.22073,1.25,1.00
2016.12.28 13:09:15.168,1.22064,1.22074,2.06,1.12
2016.12.28 13:09:16.947,1.22064,1.22075,1.69,2.25
2016.12.28 13:09:17.869,1.22064,1.22076,1.69,2.62
2016.12.28 13:09:18.388,1.22064,1.22076,2.81,3.37
2016.12.28 13:09:18.913,1.22064,1.22075,2.06,1.00
2016.12.28 13:09:22.207,1.22064,1.22076,2.81,2.62
2016.12.28 13:09:26.891,1.22069,1.22077,1.50,1.62
2016.12.28 13:09:27.043,1.22071,1.2208,1.46,1.87
2016.12.28 13:09:27.556,1.22069,1.2208,2.06,1.12
2016.12.28 13:09:28.065,1.22069,1.22079,1.37,1.25
2016.12.28 13:09:28.168,1.22071,1.22082,3.56,2.25
2016.12.28 13:09:28.693,1.22073,1.22082,1.00,2.25
2016.12.28 13:09:29.971,1.22071,1.22082,3.90,2.25
2016.12.28 13:09:30.838,1.22072,1.22083,1.12,1.37
2016.12.28 13:09:31.552,1.22072,1.22083,1.50,1.37
2016.12.28 13:09:31.705,1.22072,1.22084,1.87,3.94
2016.12.28 13:09:31.983,1.22074,1.22084,2.06,1.00
2016.12.28 13:09:32.034,1.22075,1.22086,1.12,1.69
2016.12.28 13:09:32.237,1.22077,1.22087,2.06,1.87
2016.12.28 13:09:32.744,1.22075,1.22085,1.37,1.69
2016.12.28 13:09:33.049,1.22074,1.22085,1.69,5.81
2016.12.28 13:09:33.301,1.22074,1.22085,1.69,2.06
2016.12.28 13:09:37.115,1.22074,1.22084,2.44,1.00
2016.12.28 13:09:37.217,1.22074,1.22083,1.31,2.25
2016.12.28 13:09:38.736,1.22072,1.22082,1.12,1.69
2016.12.28 13:09:38.888,1.22072,1.22081,1.12,1.50
2016.12.28 13:09:38.990,1.22072,1.22082,1.12,2.06
2016.12.28 13:09:41.226,1.22073,1.22082,1.00,1.69
2016.12.28 13:09:43.796,1.22073,1.22085,2.44,2.62
2016.12.28 13:09:48.178,1.22073,1.22078,1.69,1.00
2016.12.28 13:09:48.229,1.22068,1.22077,3.37,1.00
2016.12.28 13:09:48.332,1.22066,1.22076,1.50,3.94
2016.12.28 13:09:48.433,1.22064,1.22076,3.19,8.06
2016.12.28 13:09:48.967,1.22064,1.22074,2.06,1.12
2016.12.28 13:09:56.341,1.22065,1.22075,1.00,1.50
2016.12.28 13:09:57.750,1.22064,1.22076,2.81,7.69
2016.12.28 13:10:00.446,1.22064,1.22073,1.00,1.25
2016.12.28 13:10:00.750,1.22058,1.22065,1.00,1.00
2016.12.28 13:10:00.851,1.22056,1.22065,1.25,1.00
2016.12.28 13:10:04.033,1.2206,1.22069,1.50,1.12
2016.12.28 13:10:04.248,1.22062,1.22072,2.62,1.31
2016.12.28 13:10:04.781,1.22063,1.22072,2.25,1.25
2016.12.28 13:10:08.889,1.22063,1.22074,1.00,1.00
2016.12.28 13:10:10.171,1.22071,1.22074,1.00,1.00
2016.12.28 13:10:10.374,1.22071,1.2208,3.00,4.12
2016.12.28 13:10:10.838,1.22071,1.22081,2.25,1.25
2016.12.28 13:10:10.990,1.22071,1.22081,2.62,1.31
2016.12.28 13:10:11.294,1.22073,1.22081,1.37,1.25
2016.12.28 13:10:11.630,1.22074,1.22085,1.37,2.81
2016.12.28 13:10:12.768,1.22075,1.22085,1.50,2.44
2016.12.28 13:10:12.921,1.22079,1.22088,1.25,1.00
2016.12.28 13:10:13.162,1.2208,1.2209,6.37,1.62
2016.12.28 13:10:13.560,1.22079,1.2209,1.69,2.06
2016.12.28 13:10:14.067,1.22079,1.2209,2.44,1.62
2016.12.28 13:10:14.609,1.22079,1.2209,3.94,2.44
2016.12.28 13:10:16.203,1.22079,1.22089,2.06,3.00
2016.12.28 13:10:16.304,1.22079,1.22088,1.31,2.25
2016.12.28 13:10:16.557,1.22077,1.22086,1.37,2.25
2016.12.28 13:10:16.810,1.22074,1.22085,2.81,1.00
2016.12.28 13:10:17.013,1.22076,1.22087,1.00,1.69
2016.12.28 13:10:17.520,1.22076,1.22087,1.37,1.25
2016.12.28 13:10:18.363,1.22076,1.22087,1.12,1.25
2016.12.28 13:10:22.023,1.22081,1.22088,1.00,1.00
2016.12.28 13:10:22.075,1.22082,1.2209,1.00,1.69
2016.12.28 13:10:22.177,1.22083,1.22093,1.00,2.81
2016.12.28 13:10:22.718,1.22084,1.22094,1.12,1.50
2016.12.28 13:10:23.762,1.22084,1.22095,1.12,1.50
2016.12.28 13:10:24.268,1.22085,1.22096,1.00,2.81
2016.12.28 13:10:25.639,1.22087,1.22096,1.00,1.31
2016.12.28 13:10:26.529,1.22086,1.22096,1.00,1.31
2016.12.28 13:10:26.831,1.22088,1.22096,1.00,1.31
2016.12.28 13:10:32.655,1.22089,1.22096,1.00,1.25
2016.12.28 13:10:32.758,1.22089,1.22098,1.00,1.31
2016.12.28 13:10:33.521,1.22091,1.22098,1.00,1.25
2016.12.28 13:10:40.818,1.2209,1.22098,1.00,1.25
2016.12.28 13:10:41.122,1.22093,1.22102,1.00,2.06
2016.12.28 13:10:41.578,1.22091,1.22102,1.50,2.81
2016.12.28 13:10:41.629,1.22093,1.22102,1.00,1.62
2016.12.28 13:10:41.782,1.22094,1.22105,1.00,1.00
2016.12.28 13:10:41.833,1.22097,1.22106,1.00,2.44
2016.12.28 13:10:42.352,1.22097,1.22106,1.00,1.25
2016.12.28 13:10:43.117,1.22099,1.2211,1.00,5.06
2016.12.28 13:10:43.421,1.22102,1.2211,1.12,1.25
2016.12.28 13:10:48.527,1.22103,1.22114,2.25,1.50
2016.12.28 13:10:48.580,1.22105,1.22116,1.00,4.69
2016.12.28 13:10:48.929,1.22111,1.22119,1.12,1.25
2016.12.28 13:10:50.699,1.2211,1.22119,1.00,1.25
2016.12.28 13:10:58.947,1.22108,1.22119,1.87,2.81
2016.12.28 13:10:59.475,1.22107,1.22118,1.87,1.50
2016.12.28 13:11:00.894,1.22108,1.22119,1.37,1.69
2016.12.28 13:11:01.406,1.2211,1.22119,1.00,1.25
2016.12.28 13:11:02.639,1.22109,1.22119,1.00,1.25
2016.12.28 13:11:05.985,1.2211,1.22119,1.00,1.25
2016.12.28 13:11:07.189,1.22109,1.22119,1.00,2.44
2016.12.28 13:11:18.753,1.22107,1.22118,3.75,1.50
2016.12.28 13:11:19.269,1.22107,1.22118,1.37,1.50
2016.12.28 13:11:19.778,1.22106,1.22117,3.56,1.50
2016.12.28 13:11:19.932,1.22107,1.22117,1.00,1.50
2016.12.28 13:11:28.593,1.22107,1.22115,1.31,1.50
2016.12.28 13:11:28.695,1.22103,1.22114,2.25,1.50
2016.12.28 13:11:29.058,1.22102,1.22114,2.06,2.25
2016.12.28 13:11:31.900,1.22103,1.22115,1.00,2.44
2016.12.28 13:11:32.052,1.22104,1.22115,1.46,1.62
2016.12.28 13:11:32.557,1.22106,1.22115,1.00,1.62
2016.12.28 13:11:33.068,1.22105,1.22115,1.00,1.62
2016.12.28 13:11:34.159,1.22105,1.22115,1.12,1.25
2016.12.28 13:11:34.665,1.22106,1.22115,1.00,1.25
2016.12.28 13:11:37.201,1.22114,1.22117,1.34,1.00
2016.12.28 13:11:37.303,1.22114,1.22124,1.34,1.25
2016.12.28 13:11:37.861,1.22115,1.22124,3.34,1.25
2016.12.28 13:11:37.963,1.22116,1.22127,1.09,1.87
2016.12.28 13:11:39.641,1.22115,1.22127,2.44,3.37
2016.12.28 13:11:40.123,1.22113,1.22124,1.87,2.44
2016.12.28 13:11:40.174,1.22113,1.22124,1.87,2.44
2016.12.28 13:11:40.730,1.22112,1.22122,1.50,1.50
2016.12.28 13:11:42.346,1.2211,1.22119,1.87,1.25
2016.12.28 13:11:42.498,1.22107,1.22116,1.87,4.69
2016.12.28 13:11:42.600,1.22103,1.22115,2.44,1.37
2016.12.28 13:11:42.853,1.22105,1.22115,1.00,1.00
2016.12.28 13:11:43.413,1.22105,1.22116,1.00,3.56
2016.12.28 13:11:46.541,1.22104,1.22116,1.00,2.06
2016.12.28 13:11:50.648,1.22104,1.22116,2.25,1.69
2016.12.28 13:11:55.100,1.22114,1.22118,2.62,4.87
2016.12.28 13:11:55.201,1.22119,1.22121,1.69,1.00
2016.12.28 13:11:55.252,1.22121,1.22125,1.00,3.75
2016.12.28 13:11:55.304,1.2212,1.22129,1.50,1.00
2016.12.28 13:11:55.355,1.22122,1.22128,1.25,1.00
2016.12.28 13:11:55.528,1.22122,1.22132,4.27,1.25
2016.12.28 13:11:55.629,1.22122,1.22132,2.77,1.25
2016.12.28 13:11:55.782,1.22123,1.22135,1.25,1.12
2016.12.28 13:11:56.290,1.22123,1.22134,2.44,1.00
2016.12.28 13:11:56.543,1.22123,1.22134,2.44,1.00
2016.12.28 13:11:58.343,1.22123,1.22134,3.56,1.00
2016.12.28 13:11:59.780,1.22123,1.22133,3.00,1.31
2016.12.28 13:12:00.295,1.22123,1.22133,1.50,1.31
2016.12.28 13:12:04.163,1.22124,1.22133,1.00,1.31
2016.12.28 13:12:04.865,1.22124,1.22132,1.00,1.00
2016.12.28 13:12:04.966,1.22121,1.22132,4.69,3.37
2016.12.28 13:12:06.279,1.22122,1.22131,1.00,1.87
2016.12.28 13:12:07.197,1.22121,1.22131,3.94,1.87
2016.12.28 13:12:08.214,1.22121,1.2213,2.06,1.50
2016.12.28 13:12:08.769,1.22121,1.22131,2.06,1.87
2016.12.28 13:12:09.303,1.22121,1.2213,1.31,1.50
2016.12.28 13:12:09.819,1.22121,1.22131,1.65,1.87
2016.12.28 13:12:11.273,1.22121,1.2213,1.65,1.50
2016.12.28 13:12:11.823,1.22121,1.22131,1.65,1.87
2016.12.28 13:12:12.021,1.2212,1.22128,2.25,1.50
2016.12.28 13:12:12.174,1.22118,1.22127,1.87,2.25
2016.12.28 13:12:12.306,1.2212,1.22126,1.84,1.75
2016.12.28 13:12:12.357,1.2212,1.2213,1.84,1.37
2016.12.28 13:12:12.460,1.22123,1.22133,2.59,1.69
2016.12.28 13:12:12.563,1.22125,1.22135,1.84,1.37
2016.12.28 13:12:12.614,1.22125,1.22135,1.09,1.00
2016.12.28 13:12:13.124,1.22126,1.22137,2.25,1.69
2016.12.28 13:12:13.630,1.22124,1.22136,3.75,2.25
2016.12.28 13:12:14.145,1.22125,1.22136,1.87,1.50
2016.12.28 13:12:16.091,1.22125,1.22137,1.87,4.69
2016.12.28 13:12:17.555,1.22125,1.22136,2.25,1.50
2016.12.28 13:12:18.156,1.22125,1.22136,2.25,1.50
2016.12.28 13:12:18.664,1.22125,1.22137,1.00,5.44
2016.12.28 13:12:19.172,1.22124,1.22136,1.12,1.50
2016.12.28 13:12:24.411,1.22124,1.22135,1.12,1.00
2016.12.28 13:12:28.630,1.22125,1.22137,4.12,3.56
2016.12.28 13:12:28.934,1.22126,1.22137,1.50,1.25
2016.12.28 13:12:36.054,1.22125,1.22136,3.37,1.50
2016.12.28 13:12:36.256,1.22123,1.22135,3.56,1.50
2016.12.28 13:12:36.821,1.22123,1.22135,2.44,1.50
2016.12.28 13:12:39.764,1.22124,1.22135,1.25,1.00
2016.12.28 13:12:42.698,1.22124,1.22132,1.25,1.00
2016.12.28 13:12:43.052,1.22124,1.22135,1.50,1.87
2016.12.28 13:12:43.703,1.22123,1.22135,4.65,1.12
2016.12.28 13:12:48.205,1.22124,1.22135,1.00,1.50
2016.12.28 13:12:49.864,1.22126,1.22136,1.00,1.87
2016.12.28 13:12:50.390,1.22127,1.22137,1.37,1.62
2016.12.28 13:12:50.925,1.22127,1.22137,1.00,1.62
2016.12.28 13:12:56.371,1.22135,1.22137,2.62,1.25
2016.12.28 13:12:56.524,1.22143,1.22147,1.84,4.12
2016.12.28 13:12:56.676,1.22142,1.22151,4.09,1.50
2016.12.28 13:12:57.820,1.22142,1.2215,1.87,1.00
2016.12.28 13:12:58.342,1.22142,1.22151,1.87,1.50
2016.12.28 13:12:58.858,1.22141,1.2215,1.87,1.00
2016.12.28 13:12:59.582,1.22142,1.2215,1.87,1.00
2016.12.28 13:12:59.835,1.2214,1.22149,3.94,1.00
2016.12.28 13:13:00.351,1.22139,1.22149,1.25,2.81
2016.12.28 13:13:01.748,1.22139,1.22149,1.27,2.44
2016.12.28 13:13:01.849,1.22139,1.22149,1.65,1.69
2016.12.28 13:13:02.159,1.22139,1.22146,1.65,1.00
2016.12.28 13:13:02.412,1.22139,1.22149,3.15,1.25
2016.12.28 13:13:02.825,1.22141,1.22149,2.59,1.25
2016.12.28 13:13:03.356,1.22141,1.22149,1.09,1.25
2016.12.28 13:13:04.856,1.22145,1.22153,1.00,1.37
2016.12.28 13:13:05.009,1.22146,1.22156,1.34,1.62
2016.12.28 13:13:05.262,1.22147,1.22158,1.31,3.00
2016.12.28 13:13:05.791,1.22147,1.22159,4.69,1.37
2016.12.28 13:13:06.045,1.22147,1.22159,2.81,1.50
2016.12.28 13:13:06.634,1.22147,1.22159,2.44,1.00
2016.12.28 13:13:07.114,1.2215,1.2216,1.12,1.31
2016.12.28 13:13:08.824,1.22148,1.22159,2.25,1.87
2016.12.28 13:13:09.044,1.22147,1.22159,1.69,4.12
2016.12.28 13:13:11.091,1.22144,1.22157,1.50,2.06
2016.12.28 13:13:11.739,1.22144,1.22156,1.50,1.00
2016.12.28 13:13:13.601,1.22143,1.22156,2.44,1.87
2016.12.28 13:13:14.134,1.22145,1.22156,1.00,1.50
2016.12.28 13:13:17.845,1.22143,1.22155,2.40,1.00
2016.12.28 13:13:18.351,1.22144,1.22156,1.87,1.00
2016.12.28 13:13:18.922,1.22145,1.22156,1.00,1.00
2016.12.28 13:13:19.428,1.22146,1.22157,1.12,1.31
2016.12.28 13:13:24.156,1.22147,1.22157,1.00,1.31
2016.12.28 13:13:24.664,1.22145,1.22157,3.00,1.25
2016.12.28 13:13:25.205,1.22147,1.22157,1.00,1.25
2016.12.28 13:13:27.105,1.22147,1.22159,4.31,1.12
2016.12.28 13:13:27.257,1.22148,1.2216,1.37,1.69
2016.12.28 13:13:27.581,1.22155,1.22166,1.71,1.50
2016.12.28 13:13:28.107,1.22155,1.22166,3.71,1.00
2016.12.28 13:13:28.447,1.22158,1.22167,1.00,1.31
2016.12.28 13:13:29.305,1.22158,1.22164,1.00,2.62
2016.12.28 13:13:29.508,1.22151,1.22157,1.00,1.00
2016.12.28 13:13:29.559,1.22153,1.22157,1.00,1.37
2016.12.28 13:13:29.736,1.22156,1.22163,1.09,3.75
2016.12.28 13:13:29.787,1.22156,1.22166,1.09,1.00
2016.12.28 13:13:30.293,1.22157,1.22167,1.69,1.00
2016.12.28 13:13:31.621,1.22157,1.22168,1.25,2.62
2016.12.28 13:13:32.152,1.22157,1.22168,1.25,3.37
2016.12.28 13:13:37.118,1.22158,1.22168,1.00,1.37
2016.12.28 13:13:37.658,1.22157,1.22168,1.25,1.37
2016.12.28 13:13:38.977,1.22156,1.22166,1.25,1.25
2016.12.28 13:13:46.071,1.22156,1.22165,1.25,1.00
2016.12.28 13:13:46.594,1.22156,1.22166,1.69,1.69
2016.12.28 13:13:47.362,1.22163,1.22167,1.00,2.44
2016.12.28 13:13:47.413,1.22161,1.22168,2.06,4.12
2016.12.28 13:13:47.515,1.22157,1.22168,2.59,1.31
2016.12.28 13:13:47.617,1.22157,1.22168,2.21,2.81
2016.12.28 13:13:47.772,1.22157,1.22168,1.46,3.19
2016.12.28 13:13:48.547,1.22157,1.22168,1.12,4.69
2016.12.28 13:13:49.056,1.22157,1.22168,1.12,4.31
2016.12.28 13:13:49.684,1.22157,1.22168,1.00,4.69
2016.12.28 13:13:52.472,1.22156,1.22167,1.25,1.12
2016.12.28 13:13:52.573,1.22154,1.22164,1.00,1.00
2016.12.28 13:13:53.079,1.22153,1.22165,1.12,2.44
2016.12.28 13:13:53.605,1.22152,1.22162,1.50,1.31
2016.12.28 13:13:53.908,1.22149,1.22159,1.25,3.37
2016.12.28 13:13:55.520,1.22148,1.22159,1.00,1.12
2016.12.28 13:13:56.027,1.22147,1.22159,1.00,3.37
2016.12.28 13:13:56.552,1.22146,1.22158,1.12,1.37
2016.12.28 13:13:57.058,1.22147,1.22158,1.00,1.00
2016.12.28 13:14:00.179,1.22147,1.22158,1.12,1.37
2016.12.28 13:14:04.122,1.22146,1.22157,1.00,1.69
2016.12.28 13:14:04.425,1.22146,1.22155,1.00,1.00
2016.12.28 13:14:04.930,1.22146,1.22156,1.00,1.00
2016.12.28 13:14:06.655,1.22146,1.22157,1.00,2.06
2016.12.28 13:14:07.265,1.22147,1.22157,1.00,1.31
2016.12.28 13:14:07.467,1.22148,1.2216,1.00,4.31
2016.12.28 13:14:08.031,1.22147,1.2216,2.44,4.31
2016.12.28 13:14:08.912,1.22147,1.22158,2.44,1.00
2016.12.28 13:14:09.057,1.22147,1.22158,1.69,4.12
2016.12.28 13:14:09.411,1.22155,1.22159,1.00,1.50
2016.12.28 13:14:09.664,1.2216,1.22167,1.00,1.50
2016.12.28 13:14:09.917,1.22157,1.22167,2.81,1.50
2016.12.28 13:14:10.069,1.22159,1.22167,1.25,1.50
2016.12.28 13:14:10.432,1.22159,1.22169,1.25,2.25
2016.12.28 13:14:10.933,1.22159,1.22168,1.25,1.00
2016.12.28 13:14:11.055,1.22157,1.22168,3.00,1.00
2016.12.28 13:14:15.211,1.22157,1.22168,2.06,3.56
2016.12.28 13:14:15.745,1.22157,1.22168,1.69,3.56
2016.12.28 13:14:16.022,1.22159,1.22168,1.25,2.62
2016.12.28 13:14:17.931,1.2216,1.22168,1.00,1.12
2016.12.28 13:14:18.187,1.22162,1.22173,1.25,3.75
2016.12.28 13:14:18.730,1.22162,1.22173,1.69,1.50
2016.12.28 13:14:19.619,1.22163,1.22173,1.00,1.50
2016.12.28 13:14:20.328,1.22165,1.22174,1.00,1.87
2016.12.28 13:14:20.834,1.22165,1.22175,1.00,1.75
2016.12.28 13:14:26.997,1.22162,1.22169,2.44,1.00
2016.12.28 13:14:27.633,1.22162,1.2217,1.25,3.00
2016.12.28 13:14:28.203,1.22162,1.22172,1.69,1.00
2016.12.28 13:14:28.254,1.22164,1.22172,1.00,1.00
2016.12.28 13:14:29.653,1.22164,1.22175,1.00,2.25
2016.12.28 13:14:30.168,1.22164,1.22173,1.00,1.00
2016.12.28 13:14:30.671,1.22164,1.22174,1.00,1.00
2016.12.28 13:14:31.582,1.22167,1.22175,1.25,2.62
2016.12.28 13:14:31.835,1.22167,1.22177,1.25,2.25
2016.12.28 13:14:32.347,1.22167,1.22176,1.25,3.00
2016.12.28 13:14:32.936,1.22167,1.22176,1.25,1.00
2016.12.28 13:14:38.972,1.22167,1.22178,2.06,1.87
2016.12.28 13:14:42.199,1.22172,1.22179,1.25,1.37
2016.12.28 13:14:42.554,1.22172,1.22182,1.25,2.25
2016.12.28 13:14:45.273,1.22172,1.2218,1.25,3.37
2016.12.28 13:14:45.729,1.22173,1.22183,1.00,1.87
2016.12.28 13:14:46.248,1.22172,1.22183,1.69,3.75
2016.12.28 13:14:47.715,1.22172,1.2218,1.25,2.25
2016.12.28 13:14:48.668,1.22172,1.22182,1.69,1.12
2016.12.28 13:14:48.720,1.22176,1.22182,1.00,1.00
2016.12.28 13:14:48.840,1.22176,1.22187,1.27,4.50
2016.12.28 13:14:48.892,1.22178,1.22187,1.00,4.12
2016.12.28 13:14:48.943,1.22178,1.22188,1.00,1.50
2016.12.28 13:14:49.979,1.22178,1.22188,1.00,1.87
2016.12.28 13:14:50.735,1.22178,1.22187,1.00,1.00
2016.12.28 13:14:50.867,1.22176,1.22187,2.06,1.00
2016.12.28 13:14:52.012,1.22176,1.22188,4.31,1.87
2016.12.28 13:14:52.063,1.22178,1.22188,1.00,1.87
2016.12.28 13:14:52.367,1.2218,1.2219,1.25,1.50
2016.12.28 13:14:54.145,1.2218,1.22189,1.25,3.37
2016.12.28 13:14:54.658,1.2218,1.22187,1.25,1.12
2016.12.28 13:14:55.238,1.2218,1.22189,1.25,4.87
2016.12.28 13:14:56.327,1.2218,1.22185,1.25,1.00
2016.12.28 13:14:58.030,1.2218,1.22187,1.69,1.00
2016.12.28 13:14:58.081,1.22184,1.22187,1.25,1.00
2016.12.28 13:14:58.132,1.22181,1.22187,1.25,1.00
2016.12.28 13:14:58.233,1.22181,1.22189,1.25,1.00
2016.12.28 13:14:58.436,1.22181,1.22192,1.31,1.50
2016.12.28 13:14:58.538,1.22183,1.22192,1.25,1.37
2016.12.28 13:14:59.047,1.22183,1.22194,1.25,1.75
2016.12.28 13:14:59.596,1.22183,1.22195,1.69,2.25
2016.12.28 13:15:00.001,1.22186,1.22195,1.00,1.75
2016.12.28 13:15:00.102,1.22182,1.22191,1.50,1.12
2016.12.28 13:15:00.615,1.22181,1.2219,1.25,2.25
2016.12.28 13:15:01.314,1.22181,1.22191,1.25,1.57
2016.12.28 13:15:01.719,1.22184,1.22194,1.69,1.12
2016.12.28 13:15:01.865,1.22185,1.22195,1.00,1.00
2016.12.28 13:15:01.916,1.22189,1.22195,1.25,1.00
2016.12.28 13:15:02.017,1.22189,1.22197,1.25,3.37
2016.12.28 13:15:03.507,1.22189,1.22199,1.69,1.37
2016.12.28 13:15:03.710,1.22189,1.22193,1.25,1.00
2016.12.28 13:15:03.761,1.22185,1.22188,3.37,1.00
2016.12.28 13:15:03.863,1.22182,1.22186,1.00,1.12
2016.12.28 13:15:03.914,1.22177,1.22187,1.87,1.87
2016.12.28 13:15:04.783,1.22176,1.22186,1.69,1.12
2016.12.28 13:15:08.552,1.22177,1.22188,1.00,1.75
2016.12.28 13:15:09.101,1.22177,1.22188,1.00,1.50
2016.12.28 13:15:09.749,1.22177,1.22188,1.50,1.50
2016.12.28 13:15:10.054,1.22195,1.22199,1.00,1.00
2016.12.28 13:15:10.156,1.22195,1.22203,1.69,4.87
2016.12.28 13:15:10.287,1.22195,1.22206,2.06,1.00
2016.12.28 13:15:10.338,1.22199,1.22206,1.25,1.00
2016.12.28 13:15:11.792,1.22199,1.22205,1.25,2.62
2016.12.28 13:15:11.918,1.22194,1.22202,3.00,5.06
2016.12.28 13:15:11.970,1.22191,1.22198,1.37,2.62
2016.12.28 13:15:12.071,1.22188,1.22195,1.25,1.00
2016.12.28 13:15:12.123,1.22186,1.22197,1.31,2.62
2016.12.28 13:15:15.299,1.22186,1.22196,2.06,1.50
2016.12.28 13:15:15.351,1.22188,1.22197,1.25,1.37
2016.12.28 13:15:15.402,1.22188,1.22197,1.25,1.00
2016.12.28 13:15:15.503,1.2219,1.222,1.25,4.87
2016.12.28 13:15:15.605,1.22191,1.222,1.00,1.00
2016.12.28 13:15:15.860,1.22194,1.22202,1.25,1.50
2016.12.28 13:15:15.962,1.22194,1.22203,1.25,3.00
2016.12.28 13:15:16.115,1.22194,1.22201,1.25,1.00
2016.12.28 13:15:16.166,1.22194,1.22203,1.25,1.00
2016.12.28 13:15:16.673,1.22194,1.22204,1.25,4.50
2016.12.28 13:15:17.104,1.22194,1.22204,1.25,1.12
2016.12.28 13:15:17.611,1.22194,1.22205,1.25,1.87
2016.12.28 13:15:17.979,1.22194,1.22201,1.25,1.05
2016.12.28 13:15:18.088,1.2219,1.22198,1.69,1.00
2016.12.28 13:15:18.154,1.2219,1.22196,1.31,1.00
2016.12.28 13:15:18.205,1.22186,1.22196,1.69,1.12
2016.12.28 13:15:22.198,1.22186,1.22196,1.25,3.75
2016.12.28 13:15:24.961,1.22186,1.22194,1.25,1.00
2016.12.28 13:15:26.114,1.22182,1.22183,1.12,1.00
2016.12.28 13:15:26.267,1.22178,1.22183,1.12,1.00
2016.12.28 13:15:26.773,1.22181,1.22186,1.00,3.75
2016.12.28 13:15:26.926,1.22184,1.22192,1.65,3.75
2016.12.28 13:15:26.978,1.22184,1.22195,1.65,2.25
2016.12.28 13:15:27.483,1.22184,1.22194,2.02,1.12
2016.12.28 13:15:28.036,1.22187,1.22195,1.25,1.50
2016.12.28 13:15:28.542,1.22187,1.22195,1.25,1.00
2016.12.28 13:15:29.143,1.22187,1.22197,1.25,3.37
2016.12.28 13:15:29.447,1.22194,1.22202,1.25,1.12
2016.12.28 13:15:31.257,1.22194,1.22203,1.69,3.75
2016.12.28 13:15:31.763,1.22194,1.22202,1.25,1.50
2016.12.28 13:15:33.063,1.22194,1.22199,1.25,1.00
2016.12.28 13:15:33.122,1.22191,1.22199,1.00,1.00
2016.12.28 13:15:33.338,1.22188,1.22198,1.69,2.62
2016.12.28 13:15:33.490,1.22188,1.22196,1.31,1.00
2016.12.28 13:15:35.891,1.22191,1.22196,1.25,1.00
2016.12.28 13:15:38.270,1.22191,1.22195,1.25,1.00
2016.12.28 13:15:38.523,1.22182,1.22188,1.62,1.00
2016.12.28 13:15:38.628,1.22185,1.22191,1.25,1.12
2016.12.28 13:15:39.133,1.22185,1.22193,1.31,1.50
2016.12.28 13:15:39.658,1.22185,1.22193,1.69,1.00
2016.12.28 13:15:41.733,1.22183,1.22186,1.12,1.12
2016.12.28 13:15:41.885,1.22179,1.22184,4.12,1.00
2016.12.28 13:15:41.986,1.22182,1.22186,1.25,1.00
2016.12.28 13:15:42.088,1.22182,1.22188,1.25,1.00
2016.12.28 13:15:42.769,1.22182,1.22186,1.25,1.00
2016.12.28 13:15:42.820,1.22179,1.22186,1.69,1.00
2016.12.28 13:15:43.073,1.22182,1.22186,1.25,1.00
2016.12.28 13:15:43.124,1.22182,1.22188,1.25,1.50
2016.12.28 13:15:43.671,1.22182,1.22189,1.25,1.00
2016.12.28 13:15:44.661,1.22185,1.22186,1.25,1.00
2016.12.28 13:15:44.712,1.22182,1.22186,1.25,1.00
2016.12.28 13:15:44.814,1.22182,1.22188,1.25,1.00
2016.12.28 13:15:45.118,1.2218,1.22185,1.25,1.00
2016.12.28 13:15:45.322,1.22181,1.22187,1.25,1.00
2016.12.28 13:15:46.033,1.22181,1.22189,1.31,1.00
2016.12.28 13:15:46.134,1.22179,1.22183,1.00,1.00
2016.12.28 13:15:46.236,1.22174,1.2218,1.62,1.00
2016.12.28 13:15:46.337,1.22174,1.2218,1.25,1.00
2016.12.28 13:15:46.540,1.22174,1.22176,1.25,1.00
2016.12.28 13:15:46.692,1.22168,1.22174,3.75,1.00
2016.12.28 13:15:46.743,1.22167,1.22174,1.25,1.00
2016.12.28 13:15:47.248,1.22167,1.22173,1.25,1.00
2016.12.28 13:15:47.918,1.22167,1.22174,1.25,1.00
2016.12.28 13:15:56.140,1.22167,1.22175,1.25,1.00
2016.12.28 13:15:56.847,1.22167,1.22174,1.25,1.00
2016.12.28 13:15:57.846,1.22163,1.22167,4.50,1.84
2016.12.28 13:15:57.948,1.2216,1.22164,1.00,1.46
2016.12.28 13:15:57.999,1.2216,1.22165,1.00,2.21
2016.12.28 13:15:58.051,1.22159,1.22165,1.00,1.00
2016.12.28 13:15:58.557,1.22159,1.22166,1.12,1.00
2016.12.28 13:15:58.910,1.22163,1.2217,1.00,1.37
2016.12.28 13:15:58.962,1.22163,1.22171,1.25,1.12
2016.12.28 13:15:59.063,1.22163,1.22173,2.44,1.00
2016.12.28 13:15:59.216,1.22167,1.22175,1.25,1.87
2016.12.28 13:16:00.481,1.22168,1.22177,1.00,1.75
2016.12.28 13:16:00.532,1.2217,1.22179,1.25,1.75
2016.12.28 13:16:00.735,1.22174,1.22184,1.31,1.12
2016.12.28 13:16:02.078,1.22173,1.22183,3.56,1.50
2016.12.28 13:16:02.129,1.22173,1.22178,1.00,1.00
2016.12.28 13:16:02.410,1.22167,1.22174,1.25,1.00
2016.12.28 13:16:03.049,1.2217,1.22177,1.25,2.25
2016.12.28 13:16:03.151,1.22173,1.22182,1.25,5.25
2016.12.28 13:16:03.253,1.22173,1.22184,1.69,4.87
2016.12.28 13:16:03.355,1.22174,1.22185,1.84,1.12
2016.12.28 13:16:04.140,1.22174,1.22185,1.12,1.37
2016.12.28 13:16:06.079,1.22174,1.22182,1.00,2.25
2016.12.28 13:16:06.383,1.22172,1.2218,1.25,1.12
2016.12.28 13:16:06.918,1.22172,1.22181,1.25,1.00
2016.12.28 13:16:07.238,1.22165,1.2217,5.06,1.00
2016.12.28 13:16:07.340,1.22161,1.22167,1.25,1.00
2016.12.28 13:16:07.652,1.22161,1.22169,1.25,1.50
2016.12.28 13:16:09.648,1.22164,1.22167,1.25,1.00
2016.12.28 13:16:09.699,1.22165,1.22169,1.25,1.12
2016.12.28 13:16:09.750,1.2216,1.22169,1.25,1.12
2016.12.28 13:16:10.115,1.22158,1.22169,2.06,2.06
2016.12.28 13:16:10.166,1.22158,1.22166,1.69,1.00
2016.12.28 13:16:12.288,1.22158,1.22167,1.31,1.50
2016.12.28 13:16:14.434,1.22158,1.22165,1.31,1.00
2016.12.28 13:16:14.951,1.22158,1.22164,1.25,1.12
2016.12.28 13:16:17.784,1.2216,1.22167,1.25,1.75
2016.12.28 13:16:17.885,1.2216,1.22168,2.44,1.12
2016.12.28 13:16:17.987,1.2216,1.2217,2.44,1.12
2016.12.28 13:16:18.495,1.2216,1.2217,2.81,1.00
2016.12.28 13:16:27.723,1.2216,1.22171,2.06,1.12
2016.12.28 13:16:27.824,1.22164,1.22173,1.25,1.12
2016.12.28 13:16:27.875,1.22164,1.22174,1.25,1.37
2016.12.28 13:16:33.666,1.22164,1.22172,1.25,1.00
2016.12.28 13:16:33.717,1.22164,1.2217,1.25,1.00
2016.12.28 13:16:34.023,1.22153,1.22158,1.62,1.00
2016.12.28 13:16:34.226,1.22149,1.22158,1.31,1.00
2016.12.28 13:16:35.595,1.22149,1.22157,1.25,1.00
2016.12.28 13:16:35.945,1.22149,1.22159,1.25,3.37
2016.12.28 13:16:36.428,1.22149,1.22157,1.25,1.12
2016.12.28 13:16:36.734,1.22152,1.22159,1.50,1.00
2016.12.28 13:16:36.836,1.22152,1.22161,1.50,1.12
2016.12.28 13:16:37.380,1.22151,1.22161,1.25,1.00
2016.12.28 13:16:38.407,1.22151,1.2216,1.25,1.00
2016.12.28 13:16:40.633,1.22151,1.22161,2.44,1.00
2016.12.28 13:16:41.162,1.22151,1.22162,2.44,2.25
2016.12.28 13:16:44.445,1.2215,1.22155,1.12,1.00
2016.12.28 13:16:44.548,1.22148,1.22157,1.12,1.50
2016.12.28 13:16:44.599,1.22146,1.22157,1.25,1.50
2016.12.28 13:16:45.150,1.22146,1.22157,1.25,1.50
2016.12.28 13:16:46.346,1.22144,1.22152,3.00,1.00
2016.12.28 13:16:46.892,1.22143,1.22153,1.69,1.87
2016.12.28 13:16:57.054,1.22144,1.22154,1.00,3.75
2016.12.28 13:16:57.555,1.22143,1.22153,1.25,1.00
2016.12.28 13:17:06.394,1.22144,1.22154,1.00,3.75
2016.12.28 13:17:07.148,1.22143,1.22153,1.25,1.12
2016.12.28 13:17:07.661,1.22143,1.22153,1.25,2.25
2016.12.28 13:17:08.206,1.22143,1.22153,1.50,2.44
2016.12.28 13:17:16.709,1.22142,1.22153,5.25,1.31
2016.12.28 13:17:17.813,1.22141,1.22147,1.12,1.00
2016.12.28 13:17:17.965,1.22139,1.22149,1.00,1.69
2016.12.28 13:17:19.173,1.22137,1.22147,1.87,1.00
2016.12.28 13:17:20.651,1.22137,1.22149,2.62,2.81
2016.12.28 13:17:23.804,1.22137,1.22149,3.00,2.44
2016.12.28 13:17:25.790,1.22141,1.22149,1.50,1.25
2016.12.28 13:17:25.892,1.22141,1.22151,1.50,1.50
2016.12.28 13:17:26.094,1.22139,1.2215,1.31,1.00
2016.12.28 13:17:26.991,1.22141,1.22151,1.00,1.87
2016.12.28 13:17:27.749,1.22141,1.22153,3.00,2.44
2016.12.28 13:17:29.559,1.22142,1.22153,1.50,1.69
2016.12.28 13:17:29.863,1.22157,1.22166,2.40,1.00
2016.12.28 13:17:29.965,1.22155,1.22163,2.25,1.00
2016.12.28 13:17:32.909,1.22154,1.22164,1.87,1.25
2016.12.28 13:17:33.479,1.22154,1.22165,2.21,1.12
2016.12.28 13:17:39.501,1.22153,1.22165,3.19,1.37
2016.12.28 13:17:39.754,1.22154,1.22165,4.12,1.12
2016.12.28 13:17:41.652,1.22155,1.22167,2.62,1.69
2016.12.28 13:17:42.159,1.22154,1.22166,3.75,1.00
2016.12.28 13:17:43.133,1.22154,1.22166,3.00,1.12
2016.12.28 13:17:43.610,1.22153,1.22165,5.44,1.37
2016.12.28 13:17:45.024,1.22152,1.22161,1.69,1.00
2016.12.28 13:17:45.125,1.22149,1.22159,1.09,1.12
2016.12.28 13:17:45.637,1.22148,1.22159,1.87,1.12
2016.12.28 13:17:51.936,1.22147,1.22155,1.69,1.00
2016.12.28 13:17:52.037,1.22145,1.22155,2.25,1.00
2016.12.28 13:17:52.550,1.22145,1.22155,1.50,1.00
2016.12.28 13:17:53.056,1.22144,1.22155,3.37,1.00
2016.12.28 13:17:53.567,1.22147,1.22156,1.00,1.00
2016.12.28 13:17:54.133,1.22148,1.22157,2.25,1.69
2016.12.28 13:17:54.641,1.22146,1.22157,1.37,2.06
2016.12.28 13:17:54.944,1.22145,1.22154,1.87,1.00
2016.12.28 13:17:57.138,1.22146,1.22154,4.12,1.00
2016.12.28 13:17:57.392,1.22157,1.22166,2.21,1.25
2016.12.28 13:17:58.564,1.22156,1.22166,1.00,1.69
2016.12.28 13:17:59.552,1.22157,1.22166,1.00,1.69
2016.12.28 13:17:59.923,1.22157,1.22164,1.00,1.00
2016.12.28 13:18:00.025,1.22157,1.22166,1.00,2.06
2016.12.28 13:18:00.566,1.22156,1.22166,1.87,2.06
2016.12.28 13:18:00.718,1.22156,1.22161,1.87,1.00
2016.12.28 13:18:01.022,1.22152,1.22158,1.25,1.00
2016.12.28 13:18:01.073,1.22152,1.22155,1.25,1.00
2016.12.28 13:18:01.326,1.22148,1.22155,1.87,1.00
2016.12.28 13:18:01.871,1.22148,1.22155,1.50,1.00
2016.12.28 13:18:02.375,1.22147,1.22155,3.56,1.00
2016.12.28 13:18:03.156,1.22147,1.22153,1.25,1.00
2016.12.28 13:18:03.461,1.22144,1.22151,2.81,1.00
2016.12.28 13:18:04.030,1.22144,1.22151,4.27,1.00
2016.12.28 13:18:04.532,1.22145,1.22152,1.09,1.00
2016.12.28 13:18:05.754,1.22145,1.22152,1.34,1.00
2016.12.28 13:18:06.259,1.22145,1.22152,1.00,1.00
2016.12.28 13:18:11.398,1.22144,1.22152,3.19,1.00
2016.12.28 13:18:16.143,1.22144,1.22152,2.77,1.00
2016.12.28 13:18:16.688,1.22144,1.22152,5.77,1.00
2016.12.28 13:18:17.322,1.22145,1.22152,1.00,1.00
2016.12.28 13:18:17.840,1.22144,1.22152,3.15,1.00
2016.12.28 13:18:18.609,1.22144,1.22152,2.81,1.00
2016.12.28 13:18:19.502,1.22145,1.22152,1.84,1.00
2016.12.28 13:18:21.400,1.22147,1.22152,1.00,1.00
2016.12.28 13:18:21.950,1.22146,1.22152,1.46,1.00
2016.12.28 13:18:23.611,1.22146,1.22153,1.00,1.00
2016.12.28 13:18:24.133,1.22145,1.22153,2.21,1.00
2016.12.28 13:18:24.645,1.22146,1.22153,1.00,1.00
2016.12.28 13:18:25.188,1.22145,1.22153,2.21,1.00
2016.12.28 13:18:29.327,1.22146,1.22153,1.00,1.00
2016.12.28 13:18:29.881,1.22145,1.22153,1.87,1.00
2016.12.28 13:18:30.889,1.22144,1.22153,2.62,1.00
2016.12.28 13:18:31.230,1.22143,1.2215,5.81,1.00
2016.12.28 13:18:31.736,1.22141,1.22149,1.12,1.00
2016.12.28 13:18:31.787,1.22141,1.22147,1.00,1.00
2016.12.28 13:18:31.889,1.22139,1.22147,2.06,1.00
2016.12.28 13:18:31.940,1.22141,1.22148,1.00,1.00
2016.12.28 13:18:32.445,1.2214,1.22148,1.00,1.00
2016.12.28 13:18:34.244,1.2214,1.22149,1.00,1.00
2016.12.28 13:18:34.753,1.22141,1.22149,3.00,1.00
2016.12.28 13:18:34.804,1.22141,1.22151,3.00,1.00
2016.12.28 13:18:35.007,1.22141,1.22147,1.00,1.00
2016.12.28 13:18:35.531,1.2214,1.22147,1.12,1.00
2016.12.28 13:18:40.035,1.22139,1.22147,1.25,1.00
2016.12.28 13:18:40.575,1.22139,1.22148,1.31,1.00
2016.12.28 13:18:42.299,1.22139,1.22147,1.12,1.25
2016.12.28 13:18:42.837,1.22139,1.22148,1.12,1.00
2016.12.28 13:18:43.872,1.22141,1.22149,1.50,1.69
2016.12.28 13:18:44.176,1.22143,1.2215,1.00,1.00
2016.12.28 13:18:44.531,1.22143,1.22153,3.75,1.69
2016.12.28 13:18:45.050,1.22144,1.22152,1.50,1.00
2016.12.28 13:18:46.231,1.22144,1.22152,2.21,1.00
2016.12.28 13:18:49.652,1.22144,1.22152,2.21,1.00
2016.12.28 13:18:50.952,1.22145,1.22152,1.00,1.00
2016.12.28 13:18:55.098,1.22144,1.22151,3.34,1.00
2016.12.28 13:18:58.809,1.22143,1.22151,1.00,1.00
2016.12.28 13:18:59.113,1.22145,1.22152,1.00,1.00
2016.12.28 13:18:59.643,1.22144,1.22152,1.87,1.00
2016.12.28 13:19:00.179,1.22145,1.22152,1.00,1.00
2016.12.28 13:19:00.719,1.22144,1.22153,3.71,1.00
2016.12.28 13:19:01.244,1.22146,1.22153,1.09,1.00
2016.12.28 13:19:01.775,1.22144,1.22153,2.25,1.00
2016.12.28 13:19:05.083,1.22144,1.22153,2.62,1.00
2016.12.28 13:19:05.618,1.22144,1.22153,4.09,1.00
2016.12.28 13:19:06.136,1.22146,1.22153,1.50,1.00
2016.12.28 13:19:07.160,1.22145,1.22153,2.59,1.00
2016.12.28 13:19:07.970,1.22146,1.22153,1.00,1.00
2016.12.28 13:19:08.507,1.22145,1.22153,1.87,1.00
2016.12.28 13:19:09.020,1.22145,1.22152,1.87,1.00
2016.12.28 13:19:18.298,1.22146,1.22152,1.00,1.00
2016.12.28 13:19:18.809,1.22145,1.22152,1.50,1.00
2016.12.28 13:19:20.960,1.22146,1.22152,1.00,1.00
2016.12.28 13:19:21.221,1.22143,1.22152,2.06,1.00
2016.12.28 13:19:21.742,1.22143,1.22152,1.31,1.00
2016.12.28 13:19:22.197,1.22145,1.22153,1.00,1.00
2016.12.28 13:19:22.725,1.22145,1.22154,2.96,1.00
2016.12.28 13:19:24.155,1.22144,1.22152,2.62,1.00
2016.12.28 13:19:24.257,1.22144,1.22152,2.62,1.00
2016.12.28 13:19:28.985,1.22143,1.22153,2.81,1.12
2016.12.28 13:19:29.548,1.22143,1.22152,2.62,1.00
2016.12.28 13:19:34.206,1.22144,1.22152,1.00,1.00
2016.12.28 13:19:35.185,1.22145,1.22152,1.50,1.00
2016.12.28 13:19:35.794,1.22146,1.22152,1.00,1.00
2016.12.28 13:19:36.344,1.22145,1.22152,1.50,1.00
2016.12.28 13:19:36.890,1.22145,1.22153,1.50,1.00
2016.12.28 13:19:44.634,1.22145,1.22154,2.25,1.00
2016.12.28 13:19:45.140,1.22144,1.22153,3.00,1.00
2016.12.28 13:19:45.343,1.22143,1.22153,1.31,1.00
2016.12.28 13:19:45.394,1.22143,1.22151,1.31,1.00
2016.12.28 13:19:47.699,1.22143,1.22153,1.46,1.00
2016.12.28 13:19:47.851,1.22142,1.22146,1.37,1.00
2016.12.28 13:19:47.953,1.22141,1.22147,1.15,1.00
2016.12.28 13:19:48.055,1.22138,1.22147,2.44,1.00
2016.12.28 13:19:48.106,1.22138,1.22145,2.51,1.00
2016.12.28 13:19:48.208,1.22142,1.22149,1.50,1.00
2016.12.28 13:19:48.361,1.22143,1.22151,1.00,1.12
2016.12.28 13:19:49.275,1.22141,1.22151,3.94,1.00
2016.12.28 13:19:50.146,1.22141,1.22149,3.19,1.00
2016.12.28 13:19:54.480,1.22141,1.22148,1.31,1.00
2016.12.28 13:19:54.784,1.22134,1.2214,1.87,1.00
2016.12.28 13:19:54.835,1.22134,1.22142,1.87,1.00
2016.12.28 13:19:55.351,1.22135,1.22143,1.00,1.00
2016.12.28 13:19:57.189,1.22135,1.22144,1.00,1.00
2016.12.28 13:20:00.257,1.22142,1.22144,1.00,1.00
2016.12.28 13:20:00.310,1.22143,1.22149,1.00,1.37
2016.12.28 13:20:00.445,1.22145,1.22146,1.25,1.00
2016.12.28 13:20:00.498,1.22142,1.22149,2.21,1.00
2016.12.28 13:20:00.549,1.22142,1.22146,1.50,1.00
2016.12.28 13:20:00.600,1.22143,1.2215,1.25,1.00
2016.12.28 13:20:00.703,1.22143,1.22153,4.69,1.00
2016.12.28 13:20:00.855,1.22144,1.22151,1.00,1.00
2016.12.28 13:20:00.906,1.22144,1.22153,1.00,1.00
2016.12.28 13:20:01.008,1.22144,1.22155,1.50,1.00
2016.12.28 13:20:01.261,1.22147,1.22156,1.50,1.00
2016.12.28 13:20:01.791,1.22147,1.22156,1.62,1.00
2016.12.28 13:20:02.292,1.22147,1.22157,3.56,1.00
2016.12.28 13:20:02.646,1.22147,1.22155,2.44,1.00
2016.12.28 13:20:03.153,1.22147,1.22153,1.25,1.00
2016.12.28 13:20:04.932,1.22147,1.22157,2.77,1.00
2016.12.28 13:20:05.085,1.22149,1.22157,1.09,1.00
2016.12.28 13:20:05.442,1.2215,1.22159,2.02,1.00
2016.12.28 13:20:05.949,1.2215,1.22159,1.37,1.69
2016.12.28 13:20:06.001,1.22149,1.22155,2.62,1.00
2016.12.28 13:20:06.153,1.22147,1.22153,1.69,1.00
2016.12.28 13:20:06.356,1.22147,1.22155,1.25,1.00
2016.12.28 13:20:06.874,1.22147,1.22154,3.19,1.00
2016.12.28 13:20:08.187,1.22146,1.22152,1.50,1.00
2016.12.28 13:20:08.339,1.22144,1.22152,1.50,1.00
2016.12.28 13:20:08.846,1.22144,1.22152,1.84,1.00
2016.12.28 13:20:09.160,1.22144,1.22149,1.12,1.00
2016.12.28 13:20:09.262,1.22143,1.22151,1.37,1.00
2016.12.28 13:20:15.828,1.22141,1.2215,1.00,1.00
2016.12.28 13:20:20.079,1.22143,1.22151,1.00,1.69
2016.12.28 13:20:20.585,1.22144,1.2215,1.87,1.00
2016.12.28 13:20:22.108,1.22143,1.2215,1.27,1.00
2016.12.28 13:20:24.496,1.22143,1.22148,1.25,1.00
2016.12.28 13:20:26.558,1.2214,1.22148,3.19,1.00
2016.12.28 13:20:26.659,1.2214,1.2215,3.94,1.00
2016.12.28 13:20:27.195,1.22143,1.2215,1.25,1.00
2016.12.28 13:20:27.499,1.22144,1.22152,1.84,1.00
2016.12.28 13:20:29.160,1.22143,1.22149,1.87,1.00
2016.12.28 13:20:29.485,1.22142,1.22147,1.00,1.00
2016.12.28 13:20:29.688,1.22142,1.22149,1.00,1.00
2016.12.28 13:20:30.225,1.22142,1.2215,1.09,1.00
2016.12.28 13:20:30.829,1.22141,1.2215,1.46,1.00
2016.12.28 13:20:32.544,1.22142,1.2215,1.00,1.00
2016.12.28 13:20:33.058,1.22142,1.22149,1.12,1.00
2016.12.28 13:20:35.574,1.22141,1.22148,1.84,1.00
2016.12.28 13:20:35.675,1.2214,1.22143,1.00,1.00
2016.12.28 13:20:35.828,1.22135,1.22143,2.06,1.00
2016.12.28 13:20:36.379,1.22135,1.22143,1.69,1.00
2016.12.28 13:20:37.461,1.22135,1.22144,1.69,1.00
2016.12.28 13:20:37.992,1.22135,1.22144,1.25,1.00
2016.12.28 13:20:42.240,1.22134,1.22142,1.00,1.00
2016.12.28 13:20:44.460,1.22133,1.22142,5.81,1.00
2016.12.28 13:20:44.511,1.22133,1.22144,6.56,1.69
2016.12.28 13:20:54.642,1.22135,1.22145,1.69,1.12
2016.12.28 13:20:57.181,1.22138,1.22147,1.05,6.37
2016.12.28 13:20:57.485,1.22143,1.22152,1.84,3.75
2016.12.28 13:20:57.740,1.22143,1.22154,4.09,1.69
2016.12.28 13:20:57.841,1.22143,1.22154,5.59,1.25
2016.12.28 13:20:58.220,1.22146,1.22155,1.84,1.12
2016.12.28 13:20:58.724,1.22145,1.22157,1.84,2.81
2016.12.28 13:20:59.984,1.22144,1.22156,2.21,1.12
2016.12.28 13:21:00.496,1.22144,1.22156,1.71,1.50
2016.12.28 13:21:01.614,1.22145,1.22156,1.27,1.50
2016.12.28 13:21:02.139,1.22146,1.22158,1.65,7.12
2016.12.28 13:21:03.789,1.22145,1.22155,1.69,1.00
2016.12.28 13:21:06.426,1.22145,1.22156,2.02,1.00
2016.12.28 13:21:08.297,1.22145,1.22154,1.00,1.25
2016.12.28 13:21:08.399,1.22141,1.22153,2.44,1.12
2016.12.28 13:21:08.941,1.22141,1.22154,3.56,4.31
2016.12.28 13:21:09.144,1.22145,1.22154,1.19,1.12
2016.12.28 13:21:09.245,1.22146,1.22156,2.40,1.00
2016.12.28 13:21:09.830,1.22147,1.22157,1.46,2.25
2016.12.28 13:21:10.942,1.22146,1.22158,1.65,1.00
2016.12.28 13:21:11.447,1.22146,1.22157,1.31,1.12
2016.12.28 13:21:12.468,1.22146,1.22158,1.62,1.12
2016.12.28 13:21:12.992,1.22148,1.22158,1.00,1.00
2016.12.28 13:21:14.448,1.22148,1.22157,1.00,1.00
2016.12.28 13:21:15.006,1.22148,1.22158,1.00,1.50
2016.12.28 13:21:15.057,1.22147,1.22156,1.00,1.00
2016.12.28 13:21:15.563,1.22145,1.22156,1.69,1.00
2016.12.28 13:21:16.177,1.22145,1.22156,1.19,1.87
2016.12.28 13:21:18.185,1.22145,1.22155,1.69,2.62
2016.12.28 13:21:18.691,1.22145,1.22155,2.02,1.00
2016.12.28 13:21:19.716,1.22146,1.22157,1.20,4.12
2016.12.28 13:21:22.404,1.22145,1.22155,1.19,1.00
2016.12.28 13:21:22.963,1.22145,1.22157,1.27,3.75
2016.12.28 13:21:23.494,1.22145,1.22156,1.52,1.00
2016.12.28 13:21:23.748,1.22145,1.22155,1.12,1.00
2016.12.28 13:21:25.190,1.22145,1.22155,1.09,1.87
2016.12.28 13:21:25.735,1.22144,1.22155,1.00,3.00
2016.12.28 13:21:26.573,1.22144,1.22156,2.96,3.75
2016.12.28 13:21:27.093,1.22144,1.22157,3.34,3.19
2016.12.28 13:21:27.144,1.22146,1.22157,1.12,2.44
2016.12.28 13:21:27.307,1.22146,1.22155,1.12,1.00
2016.12.28 13:21:27.510,1.22144,1.22156,3.75,1.50
2016.12.28 13:21:29.568,1.22143,1.22156,5.81,1.87
2016.12.28 13:21:30.849,1.22146,1.22157,1.46,1.25
2016.12.28 13:21:30.900,1.22146,1.22155,1.46,1.00
2016.12.28 13:21:31.247,1.22144,1.22153,1.37,1.00
2016.12.28 13:21:31.793,1.22144,1.22153,1.00,1.00
2016.12.28 13:21:32.737,1.22144,1.22152,1.00,1.00
2016.12.28 13:21:34.710,1.22143,1.22149,1.62,1.00
2016.12.28 13:21:34.963,1.22134,1.22143,2.06,1.00
2016.12.28 13:21:35.477,1.22134,1.22143,1.25,1.00
2016.12.28 13:21:37.336,1.22134,1.22142,1.25,1.00
2016.12.28 13:21:39.244,1.22134,1.22143,1.25,1.00
2016.12.28 13:21:39.295,1.22134,1.22145,1.69,2.25
2016.12.28 13:21:45.961,1.22134,1.22144,1.25,2.62
2016.12.28 13:21:46.304,1.22118,1.22127,1.25,1.12
2016.12.28 13:21:47.460,1.22118,1.22126,1.25,1.00
2016.12.28 13:21:47.561,1.22118,1.22129,1.69,1.69
2016.12.28 13:21:47.613,1.2212,1.22129,1.00,1.31
2016.12.28 13:21:47.950,1.22118,1.22127,1.37,2.25
2016.12.28 13:21:48.052,1.22117,1.22127,1.69,1.00
2016.12.28 13:21:52.617,1.22117,1.22126,1.25,1.00
2016.12.28 13:21:56.652,1.22114,1.22123,1.87,1.25
2016.12.28 13:21:56.753,1.22113,1.22123,1.00,1.31
2016.12.28 13:21:59.018,1.22112,1.22123,3.19,1.31
2016.12.28 13:22:00.292,1.22113,1.22123,1.00,1.31
2016.12.28 13:22:06.921,1.22113,1.22123,1.00,3.56
2016.12.28 13:22:07.343,1.22108,1.22116,2.25,1.25
2016.12.28 13:22:07.394,1.22108,1.22116,1.87,1.25
2016.12.28 13:22:07.449,1.22106,1.22115,2.06,1.00
2016.12.28 13:22:08.260,1.22106,1.22116,1.69,3.19
2016.12.28 13:22:09.661,1.22105,1.22113,1.50,1.50
2016.12.28 13:22:09.968,1.22096,1.22105,1.25,1.87
2016.12.28 13:22:10.424,1.22101,1.22104,1.50,1.00
2016.12.28 13:22:10.475,1.22101,1.22108,1.50,4.12
2016.12.28 13:22:10.527,1.22099,1.22109,1.12,1.00
2016.12.28 13:22:10.578,1.22101,1.2211,1.00,1.00
2016.12.28 13:22:11.289,1.221,1.22111,1.50,1.31
2016.12.28 13:22:14.614,1.22099,1.22104,1.87,1.00
2016.12.28 13:22:14.766,1.22097,1.22103,1.00,2.44
2016.12.28 13:22:14.817,1.22097,1.22103,1.00,2.02
2016.12.28 13:22:15.020,1.22096,1.22103,1.12,3.15
2016.12.28 13:22:15.121,1.22091,1.22103,3.94,4.27
2016.12.28 13:22:15.661,1.22091,1.22101,4.31,1.12
2016.12.28 13:22:15.830,1.22092,1.22101,1.00,1.12
2016.12.28 13:22:16.573,1.22094,1.22101,1.00,1.12
2016.12.28 13:22:17.029,1.22092,1.22101,1.00,1.00
2016.12.28 13:22:17.130,1.22092,1.22099,1.00,1.12
2016.12.28 13:22:17.181,1.22089,1.22099,2.25,1.50
2016.12.28 13:22:17.232,1.22088,1.22098,1.69,1.37
2016.12.28 13:22:17.334,1.22086,1.22096,2.62,1.69
2016.12.28 13:22:17.638,1.22086,1.22096,1.50,2.81
2016.12.28 13:22:17.942,1.22082,1.22092,1.69,1.69
2016.12.28 13:22:18.252,1.22083,1.22094,1.69,1.50
2016.12.28 13:22:18.770,1.22083,1.22094,2.06,1.12
2016.12.28 13:22:20.231,1.22086,1.22094,1.00,1.00
2016.12.28 13:22:20.384,1.22087,1.22098,1.50,5.62
2016.12.28 13:22:20.435,1.22087,1.22098,1.50,1.87
2016.12.28 13:22:20.739,1.22087,1.2209,1.12,1.62
2016.12.28 13:22:20.942,1.22076,1.2208,1.00,1.87
2016.12.28 13:22:21.195,1.22074,1.22081,1.00,1.87
2016.12.28 13:22:22.010,1.22074,1.22083,2.25,1.50
2016.12.28 13:22:22.264,1.2208,1.22083,1.50,1.50
2016.12.28 13:22:22.315,1.2208,1.22087,2.25,1.87
2016.12.28 13:22:22.417,1.2208,1.22089,2.25,2.25
2016.12.28 13:22:22.518,1.22081,1.2209,1.00,2.44
2016.12.28 13:22:22.620,1.22083,1.2209,1.00,1.50
2016.12.28 13:22:22.823,1.22082,1.22092,2.81,1.50
2016.12.28 13:22:23.127,1.22085,1.22093,1.00,1.50
2016.12.28 13:22:23.644,1.22085,1.22094,1.00,1.50
2016.12.28 13:22:24.188,1.22084,1.22093,2.62,1.50
2016.12.28 13:22:26.101,1.22085,1.22093,1.00,1.50
2016.12.28 13:22:26.640,1.22084,1.22093,2.62,1.50
2016.12.28 13:22:27.554,1.22084,1.22094,1.12,1.50
2016.12.28 13:22:28.070,1.22084,1.22093,1.12,1.50
2016.12.28 13:22:29.041,1.22086,1.22092,1.50,1.50
2016.12.28 13:22:29.092,1.22086,1.22095,1.50,2.25
2016.12.28 13:22:29.610,1.22086,1.22096,3.37,1.25
2016.12.28 13:22:31.201,1.22087,1.22096,1.00,1.25
2016.12.28 13:22:31.750,1.22087,1.22097,1.12,1.50
2016.12.28 13:22:32.359,1.22087,1.22098,1.12,2.25
2016.12.28 13:22:33.448,1.22087,1.22098,1.12,4.12
2016.12.28 13:22:35.692,1.22089,1.22098,1.00,1.50
2016.12.28 13:22:36.483,1.22087,1.22098,1.87,1.50
2016.12.28 13:22:37.032,1.22087,1.22098,1.87,1.87
2016.12.28 13:22:38.920,1.22086,1.22094,2.06,1.00
2016.12.28 13:22:39.224,1.22079,1.22088,1.50,1.87
2016.12.28 13:22:40.583,1.22079,1.22088,2.25,1.87
2016.12.28 13:22:41.099,1.22079,1.22088,4.12,1.87
2016.12.28 13:22:41.150,1.22079,1.22091,2.62,1.12
2016.12.28 13:22:41.202,1.22082,1.2209,1.00,1.87
2016.12.28 13:22:41.304,1.22085,1.22094,2.25,2.81
2016.12.28 13:22:43.339,1.22085,1.22093,4.12,1.50
2016.12.28 13:22:44.535,1.22085,1.22091,1.12,1.50
2016.12.28 13:22:45.047,1.22085,1.22092,1.00,1.50
2016.12.28 13:22:45.432,1.22085,1.2209,1.00,1.50
2016.12.28 13:22:45.937,1.22084,1.2209,1.00,1.50
2016.12.28 13:22:46.443,1.22083,1.22089,1.00,1.50
2016.12.28 13:22:46.963,1.22082,1.22089,2.25,1.50
2016.12.28 13:22:48.708,1.22081,1.22089,1.25,1.50
2016.12.28 13:22:49.216,1.22082,1.2209,3.00,1.50
2016.12.28 13:22:50.670,1.22082,1.22089,1.00,1.50
2016.12.28 13:22:52.776,1.22079,1.22088,1.87,1.50
2016.12.28 13:22:52.827,1.22079,1.22088,1.50,1.50
2016.12.28 13:22:54.020,1.22078,1.22087,1.37,2.25
2016.12.28 13:22:54.071,1.22077,1.22085,1.75,1.50
2016.12.28 13:22:54.123,1.22075,1.22085,4.31,1.50
2016.12.28 13:22:54.662,1.22075,1.22084,3.56,1.50
2016.12.28 13:22:56.692,1.22075,1.22083,1.31,2.62
2016.12.28 13:22:56.923,1.22064,1.22072,1.87,1.87
2016.12.28 13:22:56.974,1.22063,1.22068,3.00,1.87
2016.12.28 13:22:57.127,1.22057,1.22064,1.25,1.50
2016.12.28 13:22:57.229,1.22057,1.22065,2.44,1.50
2016.12.28 13:22:57.533,1.22062,1.22068,1.00,1.87
2016.12.28 13:22:57.837,1.22064,1.22069,1.00,1.87
2016.12.28 13:22:57.939,1.22064,1.22071,1.00,1.50
2016.12.28 13:22:57.990,1.22063,1.22073,1.64,1.87
2016.12.28 13:22:58.396,1.22066,1.22073,1.12,1.50
2016.12.28 13:22:59.551,1.22065,1.22074,1.50,1.50
2016.12.28 13:22:59.857,1.22065,1.22072,1.50,1.50
2016.12.28 13:22:59.908,1.22067,1.22074,1.25,1.50
2016.12.28 13:22:59.959,1.22068,1.22076,1.00,1.87
2016.12.28 13:23:00.512,1.22067,1.22075,3.19,1.50
2016.12.28 13:23:00.951,1.22067,1.22075,3.19,1.50
2016.12.28 13:23:01.743,1.22067,1.22078,3.19,4.69
2016.12.28 13:23:02.261,1.22067,1.22077,3.19,1.50
2016.12.28 13:23:02.805,1.22068,1.22077,1.31,1.50
2016.12.28 13:23:03.360,1.22068,1.22076,1.31,1.50
2016.12.28 13:23:04.330,1.22068,1.22075,1.31,1.50
2016.12.28 13:23:05.249,1.22068,1.22076,1.31,1.50
2016.12.28 13:23:06.337,1.22068,1.22077,1.31,1.87
2016.12.28 13:23:11.426,1.22068,1.22078,1.31,5.25
2016.12.28 13:23:12.794,1.22068,1.22075,1.31,2.62
2016.12.28 13:23:13.098,1.22055,1.22061,2.62,1.50
2016.12.28 13:23:13.152,1.22055,1.22063,1.50,1.50
2016.12.28 13:23:13.658,1.22056,1.22064,1.69,1.50
2016.12.28 13:23:16.354,1.22059,1.22064,1.00,1.50
2016.12.28 13:23:16.607,1.22065,1.22074,2.44,2.25
2016.12.28 13:23:16.811,1.22065,1.22074,2.44,4.12
2016.12.28 13:23:17.088,1.22049,1.22058,1.12,1.84
2016.12.28 13:23:17.140,1.2205,1.22058,1.19,1.87
2016.12.28 13:23:17.342,1.22052,1.22062,1.12,1.12
2016.12.28 13:23:17.444,1.22056,1.22064,1.19,1.00
2016.12.28 13:23:17.950,1.22056,1.22066,1.19,1.37
2016.12.28 13:23:18.475,1.22056,1.22066,1.19,1.00
2016.12.28 13:23:22.646,1.2206,1.22067,2.77,1.50
2016.12.28 13:23:22.849,1.22065,1.22076,1.31,2.25
2016.12.28 13:23:28.069,1.22064,1.22076,3.00,2.06
2016.12.28 13:23:28.829,1.22065,1.22076,1.12,1.31
2016.12.28 13:23:29.507,1.22065,1.22075,1.12,1.00
2016.12.28 13:23:30.251,1.22063,1.22069,2.06,1.50
2016.12.28 13:23:30.302,1.2206,1.22068,3.00,1.00
2016.12.28 13:23:30.457,1.22057,1.22067,4.50,3.19
2016.12.28 13:23:30.508,1.22056,1.22066,4.31,1.00
2016.12.28 13:23:30.559,1.22056,1.22067,3.19,3.94
2016.12.28 13:23:31.129,1.22054,1.22062,1.12,1.00
2016.12.28 13:23:31.231,1.22052,1.22061,1.00,1.00
2016.12.28 13:23:31.753,1.22051,1.22061,2.06,1.00
2016.12.28 13:23:32.259,1.22051,1.22062,1.12,5.25
2016.12.28 13:23:32.361,1.22051,1.22062,1.50,1.87
2016.12.28 13:23:32.462,1.22051,1.2206,1.00,1.00
2016.12.28 13:23:32.513,1.22051,1.22063,1.37,3.19
2016.12.28 13:23:33.703,1.22055,1.22063,1.50,1.25
2016.12.28 13:23:33.856,1.22056,1.22066,1.00,3.00
2016.12.28 13:23:34.367,1.22056,1.22066,1.00,2.62
2016.12.28 13:23:35.059,1.22056,1.22066,1.00,3.00
2016.12.28 13:23:35.211,1.22056,1.22062,1.00,2.25
2016.12.28 13:23:35.263,1.22052,1.22059,1.12,3.19
2016.12.28 13:23:35.364,1.22051,1.22057,1.50,1.00
2016.12.28 13:23:35.669,1.2205,1.22051,0.14,1.87
2016.12.28 13:23:35.922,1.2205,1.22054,0.14,1.87
2016.12.28 13:23:36.024,1.2205,1.22057,0.14,1.87
2016.12.28 13:23:36.746,1.2205,1.22056,0.14,1.87
2016.12.28 13:23:37.257,1.2205,1.22057,0.14,1.87
2016.12.28 13:23:40.428,1.2205,1.22054,0.14,1.50
2016.12.28 13:23:40.935,1.2205,1.22053,0.14,1.50
2016.12.28 13:23:42.736,1.2205,1.22055,0.14,1.50
2016.12.28 13:23:46.686,1.2205,1.22053,0.14,2.25
2016.12.28 13:23:46.991,1.22039,1.2204,0.14,2.25
2016.12.28 13:23:47.092,1.22032,1.22037,1.00,1.50
2016.12.28 13:23:47.195,1.2203,1.22038,1.69,1.37
2016.12.28 13:23:47.246,1.2203,1.22038,3.19,2.25
2016.12.28 13:23:47.298,1.22032,1.22038,1.00,1.87
2016.12.28 13:23:47.467,1.22028,1.22036,2.06,1.50
2016.12.28 13:23:47.569,1.2203,1.22037,1.37,1.87
2016.12.28 13:23:47.721,1.2203,1.22039,1.50,1.50
2016.12.28 13:23:47.824,1.22032,1.22041,1.00,1.87
2016.12.28 13:23:47.925,1.22032,1.22042,1.00,2.25
2016.12.28 13:23:47.976,1.22032,1.2204,1.00,1.50
2016.12.28 13:23:48.280,1.22034,1.22041,1.00,1.50
2016.12.28 13:23:49.443,1.22034,1.22042,1.00,1.50
2016.12.28 13:23:49.847,1.22036,1.22042,1.00,1.50
2016.12.28 13:23:50.354,1.22037,1.22043,1.00,1.50
2016.12.28 13:23:51.243,1.22036,1.22043,1.00,1.50
2016.12.28 13:23:53.002,1.22038,1.22043,1.00,1.50
2016.12.28 13:23:53.515,1.22038,1.22044,1.00,1.50
2016.12.28 13:23:54.049,1.22038,1.22043,1.00,1.50
2016.12.28 13:23:54.665,1.22036,1.22043,1.00,1.50
2016.12.28 13:23:55.071,1.22043,1.22046,1.00,1.50
2016.12.28 13:23:55.172,1.22044,1.22051,1.37,3.75
2016.12.28 13:23:55.223,1.22045,1.22053,1.31,1.87
2016.12.28 13:23:55.325,1.22047,1.22057,1.87,3.90
2016.12.28 13:23:55.853,1.22047,1.22056,1.50,1.87
2016.12.28 13:23:56.624,1.22047,1.22056,3.37,1.87
2016.12.28 13:23:57.151,1.22047,1.22056,3.37,1.87
2016.12.28 13:23:57.688,1.22047,1.22056,1.50,2.62
2016.12.28 13:23:58.023,1.22035,1.22049,3.19,1.50
2016.12.28 13:23:58.553,1.22035,1.22047,3.56,1.50
2016.12.28 13:23:59.809,1.22035,1.22043,3.19,1.50
2016.12.28 13:23:59.974,1.22035,1.22043,3.19,1.50
2016.12.28 13:24:00.487,1.22035,1.22043,3.56,1.50
2016.12.28 13:24:01.005,1.22035,1.22042,3.56,1.50
2016.12.28 13:24:02.009,1.22035,1.22043,3.56,1.50
2016.12.28 13:24:02.549,1.22035,1.22045,2.06,1.37
2016.12.28 13:24:03.308,1.2204,1.22046,1.00,5.32
2016.12.28 13:24:03.461,1.22042,1.22049,1.00,1.50
2016.12.28 13:24:03.512,1.2204,1.22049,1.31,1.57
2016.12.28 13:24:03.563,1.22038,1.22048,1.12,1.25
2016.12.28 13:24:04.162,1.22037,1.22048,1.50,1.62
2016.12.28 13:24:05.905,1.22037,1.22048,1.87,2.44
2016.12.28 13:24:06.058,1.22036,1.22046,1.75,1.00
2016.12.28 13:24:06.211,1.22036,1.22046,1.12,1.12
2016.12.28 13:24:07.320,1.22036,1.22046,1.87,1.50
2016.12.28 13:24:08.473,1.22036,1.22048,1.87,2.14
2016.12.28 13:24:08.726,1.22038,1.22048,1.50,1.69
2016.12.28 13:24:09.138,1.22036,1.22041,1.37,1.00
2016.12.28 13:24:09.442,1.22029,1.22033,1.00,1.00
2016.12.28 13:24:09.645,1.22025,1.22031,1.37,1.87
2016.12.28 13:24:09.746,1.22024,1.22031,1.12,1.87
2016.12.28 13:24:10.485,1.22025,1.22032,1.00,1.50
2016.12.28 13:24:10.586,1.22025,1.22034,2.44,1.50
2016.12.28 13:24:11.094,1.22027,1.22036,1.50,1.50
2016.12.28 13:24:11.145,1.22029,1.22037,1.12,2.25
2016.12.28 13:24:11.398,1.22027,1.22037,1.12,1.00
2016.12.28 13:24:12.031,1.22024,1.22029,3.94,2.49
2016.12.28 13:24:12.082,1.22024,1.22029,1.75,1.87
2016.12.28 13:24:12.134,1.22023,1.22026,1.50,1.50
2016.12.28 13:24:12.185,1.22023,1.22026,1.12,1.50
2016.12.28 13:24:12.236,1.22018,1.22023,4.12,3.94
2016.12.28 13:24:12.388,1.22016,1.2202,1.00,1.87
2016.12.28 13:24:12.540,1.22014,1.2202,1.00,1.87
2016.12.28 13:24:13.048,1.22015,1.2202,1.00,1.87
2016.12.28 13:24:13.404,1.22016,1.22023,1.00,2.81
2016.12.28 13:24:13.506,1.22016,1.22025,1.00,1.87
2016.12.28 13:24:14.019,1.22016,1.22024,1.00,1.50
2016.12.28 13:24:14.529,1.22015,1.22025,2.06,1.50
2016.12.28 13:24:15.137,1.22016,1.22025,1.00,1.50
2016.12.28 13:24:15.704,1.22015,1.22024,1.31,1.50
2016.12.28 13:24:16.210,1.22014,1.22024,1.00,1.50
2016.12.28 13:24:22.338,1.22014,1.22025,1.00,2.44
2016.12.28 13:24:29.065,1.22015,1.22025,1.00,1.25
2016.12.28 13:24:30.344,1.22015,1.22024,1.00,1.87
2016.12.28 13:24:30.864,1.22015,1.22025,1.00,2.81
2016.12.28 13:24:31.343,1.22015,1.22023,1.00,1.87
2016.12.28 13:24:32.504,1.22023,1.22025,1.50,1.00
2016.12.28 13:24:32.555,1.22023,1.22027,1.00,1.87
2016.12.28 13:24:32.681,1.2202,1.22027,1.50,1.00
2016.12.28 13:24:33.198,1.22017,1.22027,1.50,1.12
2016.12.28 13:24:33.506,1.22015,1.22027,2.81,2.62
2016.12.28 13:24:34.048,1.22015,1.22027,2.81,2.62
2016.12.28 13:24:35.357,1.22015,1.22024,2.06,1.50
2016.12.28 13:24:35.863,1.22014,1.22024,1.50,1.50
2016.12.28 13:24:36.170,1.22016,1.22025,1.00,2.44
2016.12.28 13:24:36.501,1.22017,1.22023,1.00,1.50
2016.12.28 13:24:36.654,1.22019,1.22027,1.00,1.50
2016.12.28 13:24:37.195,1.22019,1.22028,1.50,1.25
2016.12.28 13:24:37.710,1.2202,1.22027,1.00,1.50
2016.12.28 13:24:37.761,1.22018,1.22027,1.00,1.87
2016.12.28 13:24:37.871,1.22019,1.22028,1.50,2.44
2016.12.28 13:24:39.339,1.22019,1.22027,1.50,1.50
2016.12.28 13:24:39.683,1.2202,1.2203,1.12,1.87
2016.12.28 13:24:39.785,1.22022,1.22029,1.00,1.50
2016.12.28 13:24:40.090,1.22019,1.22028,1.25,1.50
2016.12.28 13:24:40.619,1.22019,1.22029,1.25,1.50
2016.12.28 13:24:43.403,1.22018,1.22028,1.50,1.25
2016.12.28 13:24:46.340,1.22017,1.22026,1.00,1.50
2016.12.28 13:24:46.856,1.22017,1.22027,1.00,1.87
2016.12.28 13:24:47.860,1.22016,1.22028,1.69,3.56
2016.12.28 13:24:48.366,1.22017,1.22027,1.00,1.50
2016.12.28 13:24:48.870,1.22017,1.22028,1.00,1.25
2016.12.28 13:24:49.535,1.22017,1.22027,1.00,1.50
2016.12.28 13:24:52.827,1.22016,1.22027,2.06,1.50
2016.12.28 13:24:55.112,1.22016,1.22027,2.06,2.25
2016.12.28 13:24:56.354,1.22014,1.22025,1.00,2.44
2016.12.28 13:24:56.861,1.22013,1.22024,1.25,1.50
2016.12.28 13:24:59.545,1.22013,1.22025,1.69,5.44
2016.12.28 13:24:59.597,1.22015,1.22025,1.00,5.44
2016.12.28 13:25:00.130,1.22015,1.22025,1.00,3.94
2016.12.28 13:25:00.817,1.22014,1.22024,1.00,1.12
2016.12.28 13:25:01.320,1.22015,1.22025,1.00,2.06
2016.12.28 13:25:01.881,1.22016,1.22025,1.00,1.69
2016.12.28 13:25:02.402,1.22014,1.22024,1.12,2.25
2016.12.28 13:25:06.857,1.22015,1.22024,1.87,3.00
2016.12.28 13:25:11.117,1.22014,1.22024,1.12,2.62
2016.12.28 13:25:15.388,1.22013,1.22023,1.62,1.00
2016.12.28 13:25:15.438,1.22012,1.2202,1.87,1.25
2016.12.28 13:25:15.489,1.22012,1.22023,2.44,1.00
2016.12.28 13:25:15.541,1.22011,1.2202,1.37,2.25
2016.12.28 13:25:15.592,1.2201,1.22019,1.00,2.25
2016.12.28 13:25:15.694,1.22015,1.2202,1.25,1.00
2016.12.28 13:25:15.745,1.22011,1.22022,1.69,1.31
2016.12.28 13:25:15.797,1.22013,1.22022,1.00,1.25
2016.12.28 13:25:16.315,1.22014,1.22023,1.00,1.87
2016.12.28 13:25:16.619,1.22014,1.22024,1.87,1.87
2016.12.28 13:25:17.129,1.22014,1.22024,1.87,1.50
2016.12.28 13:25:18.469,1.22015,1.22025,2.00,1.00
2016.12.28 13:25:18.970,1.22015,1.22026,2.06,2.25
2016.12.28 13:25:23.773,1.22015,1.22026,2.00,2.25
2016.12.28 13:25:26.112,1.22015,1.22024,1.69,1.00
2016.12.28 13:25:26.163,1.22013,1.22023,3.37,1.00
2016.12.28 13:25:26.669,1.22013,1.22024,1.00,2.25
2016.12.28 13:25:29.617,1.22012,1.22023,4.31,2.25
2016.12.28 13:25:30.581,1.22013,1.22023,1.00,1.00
2016.12.28 13:25:31.409,1.22013,1.22024,1.00,3.37
2016.12.28 13:25:33.900,1.22013,1.22022,1.00,1.00
2016.12.28 13:25:34.504,1.22013,1.22023,1.00,1.50
2016.12.28 13:25:35.100,1.22013,1.22022,1.00,1.50
2016.12.28 13:25:35.353,1.22013,1.22024,1.00,1.87
2016.12.28 13:25:35.528,1.22016,1.22023,1.31,1.00
2016.12.28 13:25:35.579,1.22016,1.22025,1.31,1.50
2016.12.28 13:25:53.798,1.22015,1.22025,2.81,1.50
2016.12.28 13:25:58.807,1.22015,1.22026,2.06,3.00
2016.12.28 13:25:59.013,1.22015,1.22026,2.06,3.00
2016.12.28 13:25:59.961,1.22023,1.22026,1.00,1.00
2016.12.28 13:26:00.063,1.22024,1.22029,1.09,1.31
2016.12.28 13:26:00.199,1.22027,1.2203,1.25,1.00
2016.12.28 13:26:00.250,1.22027,1.22037,1.69,2.62
2016.12.28 13:26:00.916,1.22027,1.22035,1.25,1.00
2016.12.28 13:26:01.440,1.22027,1.22036,1.25,1.00
2016.12.28 13:26:01.973,1.22027,1.22035,1.25,1.00
2016.12.28 13:26:10.640,1.22027,1.22036,1.25,1.50
2016.12.28 13:26:11.154,1.22027,1.22036,1.25,1.87
2016.12.28 13:26:11.669,1.22028,1.22036,2.62,1.00
2016.12.28 13:26:11.771,1.22029,1.22039,2.25,2.25
2016.12.28 13:26:11.974,1.22027,1.22038,4.31,2.25
2016.12.28 13:26:12.126,1.22029,1.22038,1.87,1.87
2016.12.28 13:26:12.695,1.2203,1.2204,1.87,2.62
2016.12.28 13:26:12.797,1.2203,1.22041,3.94,3.37
2016.12.28 13:26:16.475,1.22037,1.22042,1.00,1.50
2016.12.28 13:26:16.577,1.22037,1.22045,1.00,1.87
2016.12.28 13:26:16.779,1.22037,1.22047,1.00,1.00
2016.12.28 13:26:16.931,1.22039,1.22047,1.00,2.25
2016.12.28 13:26:17.453,1.22038,1.22047,1.25,1.00
2016.12.28 13:26:18.670,1.2204,1.22047,1.00,1.00
2016.12.28 13:26:18.973,1.22049,1.22056,1.00,3.37
2016.12.28 13:26:19.075,1.2205,1.22056,1.00,1.87
2016.12.28 13:26:19.580,1.22049,1.22057,1.69,1.37
2016.12.28 13:26:19.986,1.22049,1.22053,1.69,1.00
2016.12.28 13:26:20.088,1.22045,1.22052,1.50,1.50
2016.12.28 13:26:20.139,1.22045,1.2205,1.69,2.25
2016.12.28 13:26:20.189,1.22041,1.2205,2.06,2.25
2016.12.28 13:26:20.291,1.22044,1.22051,1.00,1.00
2016.12.28 13:26:20.414,1.22044,1.22053,1.69,2.25
2016.12.28 13:26:20.632,1.22047,1.22053,1.00,2.25
2016.12.28 13:26:20.734,1.22047,1.22055,1.00,2.62
2016.12.28 13:26:20.837,1.22049,1.22056,1.00,2.25
2016.12.28 13:26:24.599,1.22048,1.22057,1.00,2.62
2016.12.28 13:26:25.267,1.22047,1.22057,1.00,3.37
2016.12.28 13:26:25.776,1.22048,1.22057,1.00,3.37
2016.12.28 13:26:32.176,1.22049,1.22057,1.00,2.62
2016.12.28 13:26:32.227,1.22047,1.22057,1.00,2.62
2016.12.28 13:26:36.160,1.2205,1.22057,1.25,1.37
2016.12.28 13:26:40.731,1.22048,1.22057,1.00,2.25
2016.12.28 13:26:41.237,1.22049,1.22058,1.00,2.62
2016.12.28 13:26:48.071,1.22046,1.22058,3.19,3.37
2016.12.28 13:26:58.467,1.22048,1.22057,1.00,3.00
2016.12.28 13:27:00.039,1.22047,1.22057,1.69,2.62
2016.12.28 13:27:00.090,1.22047,1.2205,1.25,1.00
2016.12.28 13:27:00.141,1.22044,1.22049,1.00,1.00
2016.12.28 13:27:00.192,1.22043,1.22051,1.00,1.05
2016.12.28 13:27:00.243,1.22041,1.22051,1.25,1.80
2016.12.28 13:27:00.787,1.22042,1.2205,1.00,1.72
2016.12.28 13:27:01.851,1.22044,1.22052,1.00,2.10
2016.12.28 13:27:02.105,1.22048,1.22056,1.69,2.25
2016.12.28 13:27:06.431,1.22049,1.22056,1.00,1.50
2016.12.28 13:27:06.695,1.22056,1.22058,1.00,1.50
2016.12.28 13:27:06.747,1.22054,1.22059,1.69,4.50
2016.12.28 13:27:06.849,1.22056,1.22063,1.00,4.12
2016.12.28 13:27:06.950,1.22059,1.22067,1.25,1.50
2016.12.28 13:27:15.940,1.22056,1.22061,1.00,1.00
2016.12.28 13:27:16.245,1.22049,1.22058,1.12,2.21
2016.12.28 13:27:16.346,1.22047,1.22058,2.06,2.96
2016.12.28 13:27:16.870,1.22047,1.22058,1.69,3.37
2016.12.28 13:27:20.582,1.22049,1.22057,1.00,2.25
2016.12.28 13:27:21.102,1.22048,1.22057,1.00,2.25
2016.12.28 13:27:22.615,1.22049,1.22056,1.00,2.25
2016.12.28 13:27:23.141,1.22048,1.22057,1.00,2.25
2016.12.28 13:27:26.036,1.22047,1.22056,1.69,2.25
2016.12.28 13:27:31.619,1.22047,1.22053,1.31,1.50
2016.12.28 13:27:31.822,1.22044,1.22052,1.25,2.96
2016.12.28 13:27:32.075,1.22044,1.22049,1.25,1.50
2016.12.28 13:27:32.126,1.22041,1.22049,2.06,1.87
2016.12.28 13:27:33.242,1.22046,1.22052,1.25,2.62
2016.12.28 13:27:33.344,1.22046,1.22054,1.69,1.37
2016.12.28 13:27:33.552,1.22047,1.22056,1.00,1.12
2016.12.28 13:27:34.560,1.22049,1.22057,1.25,3.00
2016.12.28 13:27:34.814,1.22055,1.22063,1.69,2.25
2016.12.28 13:27:35.340,1.22055,1.22064,1.69,1.00
2016.12.28 13:27:42.864,1.22055,1.22063,1.25,1.00
2016.12.28 13:27:42.966,1.22055,1.2206,1.25,1.00
2016.12.28 13:27:44.713,1.22051,1.22061,1.69,4.12
2016.12.28 13:27:45.140,1.22055,1.22061,1.00,1.87
2016.12.28 13:27:45.343,1.22055,1.22063,1.69,1.00
2016.12.28 13:27:53.134,1.22055,1.22064,1.69,1.50
2016.12.28 13:27:54.326,1.22055,1.22063,1.69,1.00
2016.12.28 13:27:55.030,1.22055,1.22064,1.69,1.50
2016.12.28 13:27:55.404,1.22064,1.22065,1.00,1.00
2016.12.28 13:27:55.455,1.22062,1.22068,1.00,4.87
2016.12.28 13:27:55.506,1.2206,1.22068,1.69,4.87
2016.12.28 13:27:55.557,1.2206,1.22068,2.44,1.12
2016.12.28 13:27:55.659,1.22058,1.22068,2.00,3.00
2016.12.28 13:27:55.760,1.22058,1.22068,1.25,3.00
2016.12.28 13:27:56.397,1.22059,1.22067,1.00,1.37
2016.12.28 13:27:56.999,1.22059,1.22067,1.00,2.25
2016.12.28 13:27:57.519,1.22058,1.22067,1.69,3.00
2016.12.28 13:28:02.610,1.2206,1.22067,1.25,1.50
2016.12.28 13:28:03.163,1.2206,1.22067,1.25,1.00
2016.12.28 13:28:07.522,1.2206,1.22069,1.25,1.87
2016.12.28 13:28:10.504,1.2206,1.22069,1.25,1.50
2016.12.28 13:28:10.629,1.22057,1.22064,2.25,1.50
2016.12.28 13:28:11.149,1.22056,1.22064,1.00,2.62
2016.12.28 13:28:11.673,1.22056,1.22063,1.00,1.00
2016.12.28 13:28:15.649,1.22057,1.22063,1.00,1.00
2016.12.28 13:28:17.362,1.22056,1.22063,1.00,1.50
2016.12.28 13:28:18.135,1.22055,1.22063,1.25,1.50
2016.12.28 13:28:18.287,1.22052,1.22062,1.12,2.25
2016.12.28 13:28:18.338,1.22052,1.2206,1.12,2.25
2016.12.28 13:28:18.642,1.22053,1.22062,1.00,1.00
2016.12.28 13:28:18.693,1.22055,1.22062,1.69,1.00
2016.12.28 13:28:19.199,1.22055,1.22063,1.69,1.00
2016.12.28 13:28:19.470,1.22055,1.22066,1.69,3.00
2016.12.28 13:28:19.521,1.22057,1.22066,1.00,1.12
2016.12.28 13:28:19.725,1.22057,1.22068,1.00,3.00
2016.12.28 13:28:19.827,1.22059,1.22068,1.25,3.00
2016.12.28 13:28:25.517,1.22059,1.22067,1.25,1.50
2016.12.28 13:28:26.024,1.22059,1.22068,1.25,1.12
2016.12.28 13:28:26.672,1.22059,1.22067,1.25,1.50
2016.12.28 13:28:27.206,1.22059,1.22068,1.25,2.62
2016.12.28 13:28:27.717,1.22059,1.22067,1.25,1.50
2016.12.28 13:28:28.791,1.22059,1.22066,1.25,1.00
2016.12.28 13:28:29.146,1.22059,1.22063,1.25,1.00
2016.12.28 13:28:31.919,1.22059,1.22065,1.25,1.00
2016.12.28 13:28:33.684,1.22059,1.22068,1.25,1.12
2016.12.28 13:28:33.786,1.22061,1.22068,1.25,1.12
2016.12.28 13:28:34.669,1.22062,1.22068,1.00,1.00
2016.12.28 13:28:34.874,1.22068,1.22075,1.25,1.87
2016.12.28 13:28:35.111,1.22068,1.22077,2.81,1.00
2016.12.28 13:28:37.033,1.22069,1.22078,1.00,1.00
2016.12.28 13:28:39.534,1.22069,1.22078,1.37,1.00
2016.12.28 13:28:41.800,1.22071,1.22079,1.12,1.00
2016.12.28 13:28:42.126,1.22078,1.22084,1.25,1.00
2016.12.28 13:28:45.712,1.22078,1.22085,1.31,1.00
2016.12.28 13:28:47.183,1.22078,1.22085,1.62,1.00
2016.12.28 13:28:47.716,1.22078,1.22085,1.31,1.00
2016.12.28 13:28:48.928,1.22078,1.22083,1.25,1.50
2016.12.28 13:28:48.979,1.22073,1.22083,1.50,2.25
2016.12.28 13:28:49.485,1.22075,1.22084,1.25,1.12
2016.12.28 13:28:53.072,1.22075,1.22085,1.31,1.00
2016.12.28 13:28:54.068,1.22075,1.22085,2.81,1.00
2016.12.28 13:28:55.830,1.22075,1.22084,2.06,1.00
2016.12.28 13:28:56.135,1.2208,1.22085,1.25,1.00
2016.12.28 13:28:56.642,1.2208,1.22083,1.25,1.00
2016.12.28 13:28:58.619,1.2208,1.22085,1.25,1.00
2016.12.28 13:28:58.670,1.2208,1.22083,1.25,1.00
2016.12.28 13:28:59.243,1.2208,1.22084,1.25,1.00
2016.12.28 13:29:00.003,1.2208,1.22086,1.25,1.00
2016.12.28 13:29:00.522,1.2208,1.22085,1.25,1.00
2016.12.28 13:29:03.113,1.2208,1.22086,1.25,1.00
2016.12.28 13:29:10.346,1.2208,1.22085,1.25,1.00
2016.12.28 13:29:14.580,1.2208,1.22084,1.25,1.00
2016.12.28 13:29:15.457,1.22085,1.22088,1.25,1.87
2016.12.28 13:29:15.609,1.22085,1.22091,1.25,1.00
2016.12.28 13:29:15.660,1.22085,1.22094,1.62,1.00
2016.12.28 13:29:15.762,1.22091,1.22095,1.25,1.00
2016.12.28 13:29:15.813,1.22091,1.22097,1.25,1.50
2016.12.28 13:29:16.218,1.22091,1.22094,1.25,1.00
2016.12.28 13:29:16.740,1.22091,1.22095,1.25,1.00
2016.12.28 13:29:17.454,1.22091,1.22096,1.25,1.00
2016.12.28 13:29:20.718,1.22091,1.22094,1.25,1.00
2016.12.28 13:29:20.972,1.22078,1.22086,5.06,1.12
2016.12.28 13:29:21.025,1.22078,1.22084,1.25,1.00
2016.12.28 13:29:21.536,1.22078,1.22085,1.25,1.12
2016.12.28 13:29:22.398,1.22074,1.22083,1.69,1.00
2016.12.28 13:29:23.891,1.22076,1.22085,1.25,1.00
2016.12.28 13:29:24.196,1.22083,1.22089,1.25,1.50
2016.12.28 13:29:24.297,1.2208,1.22087,1.00,1.00
2016.12.28 13:29:24.399,1.22078,1.22086,1.25,1.00
2016.12.28 13:29:24.956,1.22078,1.22085,1.25,1.00
2016.12.28 13:29:26.780,1.22078,1.22087,1.25,1.12
2016.12.28 13:29:26.831,1.22082,1.2209,1.25,2.25
2016.12.28 13:29:26.882,1.22082,1.2209,1.25,1.00
2016.12.28 13:29:26.933,1.22085,1.22093,1.25,1.50
2016.12.28 13:29:27.243,1.22085,1.22095,1.31,1.00
2016.12.28 13:29:28.409,1.22085,1.22094,1.69,2.25
2016.12.28 13:29:28.980,1.22085,1.22093,1.25,1.00
2016.12.28 13:29:30.479,1.22085,1.22092,1.00,1.00
2016.12.28 13:29:31.008,1.22085,1.22093,1.00,2.25
2016.12.28 13:29:31.443,1.22086,1.22095,1.00,1.00
2016.12.28 13:29:34.315,1.22086,1.22097,1.00,3.00
2016.12.28 13:29:34.366,1.2209,1.22098,1.05,3.37
2016.12.28 13:29:34.467,1.22091,1.221,1.50,1.00
2016.12.28 13:29:34.518,1.22092,1.22098,1.00,1.00
2016.12.28 13:29:34.620,1.2209,1.22097,1.00,1.00
2016.12.28 13:29:34.671,1.2209,1.22095,1.00,1.00
2016.12.28 13:29:34.721,1.22088,1.22095,1.12,1.00
2016.12.28 13:29:35.242,1.22086,1.22095,1.50,1.00
2016.12.28 13:29:41.050,1.22085,1.22095,2.62,2.25
2016.12.28 13:29:44.317,1.22086,1.22095,1.00,1.00
2016.12.28 13:29:45.535,1.22085,1.22095,1.87,1.00
2016.12.28 13:29:46.892,1.22085,1.22094,1.00,1.00
2016.12.28 13:29:51.043,1.22085,1.22095,2.62,1.00
2016.12.28 13:29:51.586,1.22086,1.22093,1.12,1.00
2016.12.28 13:29:51.739,1.22083,1.22091,1.00,1.00
2016.12.28 13:29:51.892,1.22083,1.22094,2.25,1.50
2016.12.28 13:29:52.146,1.22085,1.22094,1.12,1.00
2016.12.28 13:29:52.806,1.22084,1.22094,1.87,1.00
2016.12.28 13:29:53.377,1.22083,1.22094,2.62,1.00
2016.12.28 13:29:53.682,1.22082,1.22092,3.37,1.00
2016.12.28 13:29:53.935,1.22081,1.22092,3.75,1.00
2016.12.28 13:29:55.201,1.22081,1.22092,4.87,1.00
2016.12.28 13:29:56.512,1.22083,1.22093,1.00,1.12
2016.12.28 13:29:56.816,1.22085,1.22095,1.00,2.62
2016.12.28 13:29:57.330,1.22084,1.22095,3.75,2.25
2016.12.28 13:29:57.585,1.22087,1.22097,2.25,1.00
2016.12.28 13:29:58.091,1.22087,1.22098,2.25,2.62
2016.12.28 13:29:59.759,1.22088,1.22098,1.12,2.62
2016.12.28 13:30:00.164,1.2209,1.22097,1.00,1.00
2016.12.28 13:30:00.519,1.22089,1.221,4.87,1.00
2016.12.28 13:30:00.620,1.22091,1.221,1.00,1.00
2016.12.28 13:30:01.134,1.2209,1.221,1.00,1.00
2016.12.28 13:30:02.169,1.2209,1.22099,1.00,1.00
2016.12.28 13:30:02.742,1.2209,1.221,1.00,1.00
2016.12.28 13:30:04.240,1.22089,1.221,4.50,1.00
2016.12.28 13:30:04.819,1.22089,1.22099,4.50,1.50
2016.12.28 13:30:05.372,1.2209,1.22099,1.00,1.50
2016.12.28 13:30:05.835,1.22089,1.22096,2.62,1.00
2016.12.28 13:30:06.816,1.22089,1.22097,1.87,1.00
2016.12.28 13:30:07.343,1.22089,1.22098,1.87,2.62
2016.12.28 13:30:08.115,1.22087,1.22098,3.75,2.62
2016.12.28 13:30:08.743,1.22087,1.22097,3.00,1.00
2016.12.28 13:30:09.987,1.22087,1.22096,2.25,1.00
2016.12.28 13:30:11.663,1.22088,1.22097,1.00,1.00
2016.12.28 13:30:11.969,1.2209,1.22099,2.25,1.87
2016.12.28 13:30:12.180,1.22096,1.22105,1.12,1.00
2016.12.28 13:30:12.694,1.22095,1.22106,2.62,2.25
2016.12.28 13:30:13.208,1.22095,1.22105,2.62,1.00
2016.12.28 13:30:13.836,1.22097,1.22106,1.00,1.00
2016.12.28 13:30:14.960,1.22096,1.22105,1.87,1.00
2016.12.28 13:30:20.303,1.22098,1.22106,1.42,1.00
2016.12.28 13:30:20.506,1.22104,1.22113,2.25,1.00
2016.12.28 13:30:20.608,1.22103,1.22111,1.00,2.25
2016.12.28 13:30:20.882,1.22097,1.22107,3.75,1.00
2016.12.28 13:30:21.718,1.22098,1.22106,1.00,1.00
2016.12.28 13:30:22.267,1.22096,1.22106,2.62,1.00
2016.12.28 13:30:22.918,1.22097,1.22107,2.62,1.50
2016.12.28 13:30:23.020,1.22102,1.22109,1.00,1.12
2016.12.28 13:30:23.122,1.22102,1.22113,5.96,2.25
2016.12.28 13:30:23.227,1.22104,1.22115,3.00,1.00
2016.12.28 13:30:23.753,1.22105,1.22116,2.62,1.00
2016.12.28 13:30:24.296,1.22105,1.22116,4.87,1.00
2016.12.28 13:30:24.840,1.22105,1.22116,3.37,1.00
2016.12.28 13:30:25.080,1.22107,1.22117,1.50,1.50
2016.12.28 13:30:25.383,1.22108,1.22113,1.12,1.00
2016.12.28 13:30:25.536,1.22102,1.22109,1.87,1.00
2016.12.28 13:30:25.587,1.22101,1.22108,1.12,1.00
2016.12.28 13:30:26.112,1.22102,1.22108,1.00,1.00
2016.12.28 13:30:26.997,1.22102,1.22109,1.00,2.25
2016.12.28 13:30:27.053,1.22101,1.22107,1.00,1.00
2016.12.28 13:30:27.105,1.22098,1.22107,3.00,1.00
2016.12.28 13:30:27.613,1.22098,1.22107,1.00,1.00
2016.12.28 13:30:28.206,1.22098,1.22103,1.00,1.00
2016.12.28 13:30:28.257,1.22097,1.22104,1.37,1.00
2016.12.28 13:30:28.308,1.22096,1.22099,2.25,1.00
2016.12.28 13:30:28.410,1.22094,1.22096,1.12,1.00
2016.12.28 13:30:28.922,1.22088,1.22094,2.62,1.00
2016.12.28 13:30:29.125,1.22087,1.22094,3.37,1.00
2016.12.28 13:30:29.278,1.22085,1.22094,2.25,1.00
2016.12.28 13:30:29.329,1.22084,1.22087,1.00,1.00
2016.12.28 13:30:29.431,1.22078,1.22083,1.50,1.00
2016.12.28 13:30:29.483,1.22078,1.2208,1.00,1.00
2016.12.28 13:30:29.534,1.22073,1.22077,1.12,1.46
2016.12.28 13:30:29.635,1.22066,1.22075,6.37,1.00
2016.12.28 13:30:29.778,1.22066,1.22075,1.87,1.12
2016.12.28 13:30:30.642,1.22066,1.22077,3.56,1.50
2016.12.28 13:30:33.313,1.22069,1.22078,1.69,2.25
2016.12.28 13:30:33.655,1.22078,1.22084,1.69,1.00
2016.12.28 13:30:33.706,1.22079,1.22088,1.87,1.37
2016.12.28 13:30:33.810,1.22084,1.2209,1.25,1.87
2016.12.28 13:30:33.861,1.22084,1.22093,1.25,3.37
2016.12.28 13:30:35.292,1.22085,1.22093,1.00,2.25
2016.12.28 13:30:36.239,1.22084,1.22093,2.81,3.00
2016.12.28 13:30:36.442,1.22088,1.22094,2.62,1.12
2016.12.28 13:30:36.594,1.22094,1.22098,2.44,1.50
2016.12.28 13:30:36.696,1.22097,1.22098,1.00,1.00
2016.12.28 13:30:36.949,1.22097,1.22107,2.25,1.50
2016.12.28 13:30:37.151,1.22095,1.22106,2.62,1.12
2016.12.28 13:30:38.400,1.22096,1.22107,1.00,4.50
2016.12.28 13:30:38.455,1.22094,1.22103,3.94,1.00
2016.12.28 13:30:38.760,1.22091,1.22101,2.81,1.12
2016.12.28 13:30:39.685,1.22091,1.22098,1.25,1.00
2016.12.28 13:30:41.877,1.22088,1.22098,1.25,3.00
2016.12.28 13:30:42.550,1.22088,1.22098,1.25,10.12
2016.12.28 13:30:43.098,1.22084,1.22093,3.37,1.00
2016.12.28 13:30:43.645,1.22086,1.22094,1.25,1.00
2016.12.28 13:30:44.132,1.22086,1.22092,1.25,1.50
2016.12.28 13:30:44.436,1.22077,1.22085,1.62,1.87
2016.12.28 13:30:44.487,1.22077,1.22085,1.25,1.87
2016.12.28 13:30:54.510,1.22074,1.22076,1.50,1.00
2016.12.28 13:30:54.561,1.22072,1.22074,1.37,1.00
2016.12.28 13:30:54.663,1.22068,1.22072,1.57,1.34
2016.12.28 13:30:54.715,1.2207,1.22074,1.00,1.50
2016.12.28 13:30:54.926,1.22068,1.22075,1.00,1.00
2016.12.28 13:30:55.180,1.22066,1.22075,1.25,1.00
2016.12.28 13:31:00.835,1.22066,1.22073,1.25,2.25
2016.12.28 13:31:01.139,1.22059,1.22068,1.69,1.37
2016.12.28 13:31:01.190,1.22059,1.22068,1.25,1.37
2016.12.28 13:31:01.241,1.22059,1.22068,1.25,1.00
2016.12.28 13:31:04.896,1.22059,1.22067,1.25,1.00
2016.12.28 13:31:08.313,1.22064,1.2207,1.25,1.37
2016.12.28 13:31:08.517,1.22064,1.22071,1.25,1.00
2016.12.28 13:31:09.023,1.22064,1.22072,1.25,1.00
2016.12.28 13:31:09.226,1.22064,1.2207,1.25,1.50
2016.12.28 13:31:09.772,1.22064,1.22071,1.25,2.25
2016.12.28 13:31:10.298,1.22063,1.22071,1.25,2.25
2016.12.28 13:31:10.758,1.22059,1.22063,2.62,1.00
2016.12.28 13:31:11.013,1.22053,1.22062,1.50,4.09
2016.12.28 13:31:11.216,1.22053,1.22061,1.50,1.09
2016.12.28 13:31:11.741,1.22052,1.22061,3.19,1.00
2016.12.28 13:31:12.203,1.22054,1.22062,1.50,1.87
2016.12.28 13:31:12.462,1.22052,1.22061,2.44,3.37
2016.12.28 13:31:12.564,1.22051,1.22059,1.50,1.46
2016.12.28 13:31:13.091,1.22051,1.22059,1.50,1.12
2016.12.28 13:31:14.456,1.22051,1.22058,1.50,1.00
2016.12.28 13:31:14.977,1.22051,1.22057,1.50,1.00
2016.12.28 13:31:15.501,1.2205,1.22057,1.25,1.00
2016.12.28 13:31:16.466,1.2205,1.22056,1.25,1.00
2016.12.28 13:31:25.304,1.22052,1.22059,1.25,1.00
2016.12.28 13:31:25.718,1.22051,1.22056,1.50,1.00
2016.12.28 13:31:25.971,1.22049,1.22056,1.25,1.00
2016.12.28 13:31:26.022,1.22047,1.22056,2.25,1.00
2016.12.28 13:31:26.225,1.22045,1.22055,1.87,1.50
2016.12.28 13:31:26.277,1.22045,1.22053,1.87,1.00
2016.12.28 13:31:26.784,1.22051,1.22054,1.00,1.00
2016.12.28 13:31:26.835,1.22045,1.22055,3.56,1.50
2016.12.28 13:31:27.366,1.22048,1.22057,1.87,1.00
2016.12.28 13:31:27.879,1.22049,1.22057,1.87,1.00
2016.12.28 13:31:29.000,1.22048,1.22057,2.62,1.00
2016.12.28 13:31:29.548,1.22048,1.22056,2.25,1.00
2016.12.28 13:31:34.072,1.22047,1.22056,2.81,1.00
2016.12.28 13:31:37.067,1.22047,1.22057,5.06,1.00
2016.12.28 13:31:37.118,1.22055,1.22059,1.87,2.25
2016.12.28 13:31:37.221,1.22053,1.22059,1.87,1.00
2016.12.28 13:31:37.373,1.22052,1.22062,2.44,2.25
2016.12.28 13:31:37.852,1.22051,1.22055,1.87,1.25
2016.12.28 13:31:37.973,1.22045,1.22057,2.70,3.34
2016.12.28 13:31:38.075,1.22052,1.22058,1.00,1.50
2016.12.28 13:31:38.126,1.2205,1.22059,5.06,4.87
2016.12.28 13:31:38.252,1.2205,1.22059,3.56,1.00
2016.12.28 13:31:38.933,1.2205,1.2206,2.81,1.50
2016.12.28 13:31:38.984,1.22053,1.22061,1.00,1.25
2016.12.28 13:31:39.289,1.22067,1.22071,1.87,4.12
2016.12.28 13:31:39.340,1.22067,1.22076,1.87,1.00
2016.12.28 13:31:39.853,1.22067,1.22077,1.87,3.19
2016.12.28 13:31:40.237,1.22068,1.22077,3.00,1.25
2016.12.28 13:31:40.752,1.22069,1.22077,2.25,1.25
2016.12.28 13:31:41.326,1.22068,1.22077,1.50,1.25
2016.12.28 13:31:44.679,1.22068,1.22077,3.00,1.25
2016.12.28 13:31:45.340,1.2207,1.22077,1.87,1.25
2016.12.28 13:31:45.644,1.22068,1.22077,1.87,2.44
2016.12.28 13:31:45.695,1.22066,1.22077,4.50,3.94
2016.12.28 13:31:45.949,1.22067,1.22077,1.87,8.06
2016.12.28 13:31:46.270,1.22065,1.22073,2.62,1.69
2016.12.28 13:31:46.372,1.22063,1.22073,6.37,1.69
2016.12.28 13:31:46.676,1.22065,1.22073,1.50,1.25
2016.12.28 13:31:46.879,1.22063,1.22072,3.75,1.25
2016.12.28 13:31:47.386,1.22062,1.22072,1.69,2.44
2016.12.28 13:31:47.888,1.22062,1.22072,1.25,1.31
2016.12.28 13:31:51.340,1.22063,1.22072,1.50,1.31
2016.12.28 13:31:51.873,1.22064,1.22072,1.00,1.25
2016.12.28 13:31:58.779,1.22065,1.22072,1.87,1.25
2016.12.28 13:32:00.221,1.22064,1.22072,2.62,1.25
2016.12.28 13:32:03.689,1.22064,1.22069,2.62,1.00
2016.12.28 13:32:03.894,1.22054,1.22063,2.62,1.27
2016.12.28 13:32:03.945,1.22054,1.22063,1.00,2.02
2016.12.28 13:32:04.959,1.22056,1.22063,1.87,1.69
2016.12.28 13:32:06.962,1.22055,1.22063,1.87,1.25
2016.12.28 13:32:08.323,1.22054,1.22063,2.62,1.25
2016.12.28 13:32:08.671,1.22055,1.22063,3.37,1.25
2016.12.28 13:32:11.019,1.22057,1.22066,1.87,1.62
2016.12.28 13:32:11.602,1.22056,1.22066,3.00,1.25
2016.12.28 13:32:13.277,1.22055,1.22065,1.00,1.00
2016.12.28 13:32:13.778,1.22054,1.22065,2.81,1.00
2016.12.28 13:32:14.386,1.22054,1.22063,2.06,1.50
2016.12.28 13:32:14.538,1.22051,1.22061,2.06,1.00
2016.12.28 13:32:16.527,1.22051,1.2206,1.69,1.00
2016.12.28 13:32:17.517,1.22047,1.22057,2.25,2.25
2016.12.28 13:32:17.872,1.22045,1.22056,3.56,2.25
2016.12.28 13:32:18.698,1.22045,1.22056,2.81,3.37
2016.12.28 13:32:19.244,1.22045,1.22056,2.81,3.37
2016.12.28 13:32:19.596,1.22044,1.22052,2.62,1.25
2016.12.28 13:32:20.763,1.22043,1.22052,1.87,1.25
2016.12.28 13:32:23.460,1.22044,1.22054,2.62,1.50
2016.12.28 13:32:23.992,1.22045,1.22054,1.87,1.37
2016.12.28 13:32:26.625,1.22045,1.22054,1.87,1.12
2016.12.28 13:32:27.128,1.22044,1.22054,2.62,1.12
2016.12.28 13:32:27.869,1.22051,1.22056,1.50,1.37
2016.12.28 13:32:27.920,1.22053,1.22059,1.87,4.12
2016.12.28 13:32:28.072,1.22054,1.22061,1.87,1.25
2016.12.28 13:32:29.117,1.22054,1.22064,1.87,1.75
2016.12.28 13:32:29.334,1.22054,1.22061,1.87,1.87
2016.12.28 13:32:29.687,1.22048,1.22056,4.50,3.94
2016.12.28 13:32:29.738,1.22045,1.22052,1.87,1.25
2016.12.28 13:32:30.054,1.22043,1.22052,1.87,1.25
2016.12.28 13:32:31.358,1.22044,1.22054,1.87,1.50
2016.12.28 13:32:31.460,1.22045,1.22051,1.87,1.25
2016.12.28 13:32:38.329,1.22043,1.22051,2.62,1.25
2016.12.28 13:32:41.623,1.22042,1.22051,2.25,1.25
2016.12.28 13:32:42.198,1.22042,1.22051,2.25,1.25
2016.12.28 13:32:45.841,1.22042,1.22053,1.50,1.12
2016.12.28 13:32:46.045,1.22042,1.22051,3.37,1.00
2016.12.28 13:32:46.349,1.22039,1.22047,8.25,1.00
2016.12.28 13:32:46.502,1.22039,1.22047,4.50,1.00
2016.12.28 13:32:47.026,1.22039,1.22048,2.62,1.00
2016.12.28 13:32:47.825,1.22038,1.22048,2.25,1.00
2016.12.28 13:32:50.117,1.22043,1.22049,1.87,1.37
2016.12.28 13:32:50.306,1.2204,1.22048,2.62,1.00
2016.12.28 13:32:50.811,1.2204,1.22048,2.62,1.50
2016.12.28 13:32:51.667,1.2204,1.22047,1.87,1.01
2016.12.28 13:32:52.487,1.22038,1.22045,1.00,1.51
2016.12.28 13:32:52.589,1.22036,1.22045,2.62,2.64
2016.12.28 13:32:53.095,1.22035,1.22045,2.62,3.01
2016.12.28 13:32:53.601,1.22035,1.22045,2.62,3.01
2016.12.28 13:32:54.587,1.22035,1.22045,2.62,1.50
2016.12.28 13:32:55.182,1.22037,1.22045,1.25,1.50
2016.12.28 13:32:55.888,1.22037,1.22044,1.25,1.00
2016.12.28 13:32:57.100,1.22043,1.22045,1.25,1.00
2016.12.28 13:32:57.201,1.22043,1.22048,1.25,1.00
2016.12.28 13:32:57.659,1.22039,1.22047,2.25,1.00
2016.12.28 13:32:58.608,1.22038,1.22047,3.19,3.00
2016.12.28 13:32:59.131,1.22038,1.22047,1.25,3.00
2016.12.28 13:32:59.654,1.22038,1.22046,1.25,1.00
2016.12.28 13:33:10.708,1.22038,1.22047,1.25,1.00
2016.12.28 13:33:14.268,1.22038,1.22046,1.25,1.00
2016.12.28 13:33:17.224,1.22038,1.22047,1.25,1.00
2016.12.28 13:33:19.569,1.22041,1.22049,1.00,1.75
2016.12.28 13:33:19.620,1.22042,1.22051,1.27,1.37
2016.12.28 13:33:19.671,1.22042,1.22052,1.27,3.37
2016.12.28 13:33:19.803,1.22044,1.22053,1.87,1.12
2016.12.28 13:33:20.107,1.22043,1.2205,1.12,1.00
2016.12.28 13:33:20.208,1.22044,1.22052,1.87,1.50
2016.12.28 13:33:20.715,1.22045,1.22053,1.69,1.00
2016.12.28 13:33:25.927,1.22045,1.22054,1.25,1.50
2016.12.28 13:33:26.706,1.22045,1.22053,1.00,1.50
2016.12.28 13:33:26.807,1.22043,1.22052,3.56,1.00
2016.12.28 13:33:27.314,1.22043,1.22053,1.00,3.34
2016.12.28 13:33:28.256,1.22044,1.22053,1.25,3.00
2016.12.28 13:33:28.820,1.22043,1.22053,1.87,2.25
2016.12.28 13:33:29.701,1.22044,1.22053,1.25,2.25
2016.12.28 13:33:31.099,1.22043,1.22053,1.31,2.25
2016.12.28 13:33:32.160,1.22044,1.22054,1.25,4.50
2016.12.28 13:33:32.312,1.22047,1.22056,1.87,2.25
2016.12.28 13:33:36.355,1.22046,1.22056,1.12,2.25
2016.12.28 13:33:43.260,1.22046,1.22055,2.25,1.50
2016.12.28 13:33:44.271,1.22046,1.22056,1.50,1.00
2016.12.28 13:33:45.810,1.22051,1.22058,1.25,1.50
2016.12.28 13:33:46.316,1.22051,1.22059,1.25,1.87
2016.12.28 13:33:47.133,1.22051,1.22062,2.81,3.37
2016.12.28 13:33:47.184,1.22051,1.2206,3.19,1.00
2016.12.28 13:33:49.323,1.22053,1.22063,1.87,2.62
2016.12.28 13:33:49.626,1.22057,1.22065,2.81,1.50
2016.12.28 13:33:49.930,1.22054,1.22062,1.69,1.50
2016.12.28 13:33:50.082,1.22054,1.22064,1.25,1.12
2016.12.28 13:33:50.834,1.22055,1.22064,1.00,1.00
2016.12.28 13:33:51.340,1.22054,1.22064,2.44,1.50
2016.12.28 13:33:52.377,1.22056,1.22064,1.25,1.50
2016.12.28 13:33:52.918,1.22056,1.22065,1.25,3.00
2016.12.28 13:33:53.019,1.22052,1.22062,3.19,1.50
2016.12.28 13:33:53.489,1.2205,1.22061,3.00,2.62
2016.12.28 13:33:53.540,1.22049,1.22061,4.31,3.37
2016.12.28 13:33:55.217,1.22051,1.2206,1.87,3.00
2016.12.28 13:33:55.722,1.22053,1.22062,1.25,1.87
2016.12.28 13:33:56.227,1.22053,1.22062,1.25,2.25
2016.12.28 13:33:57.121,1.22051,1.2206,2.25,2.25
2016.12.28 13:33:57.663,1.2205,1.22059,1.25,2.25
2016.12.28 13:33:58.303,1.2205,1.22058,1.25,1.50
2016.12.28 13:33:59.861,1.22049,1.22056,1.00,1.50
2016.12.28 13:34:00.370,1.22048,1.22056,1.87,1.50
2016.12.28 13:34:00.894,1.22048,1.22057,1.87,1.87
2016.12.28 13:34:03.206,1.22051,1.22058,1.00,2.25
2016.12.28 13:34:03.510,1.22057,1.22063,1.00,1.50
2016.12.28 13:34:04.211,1.22057,1.22066,1.00,2.25
2016.12.28 13:34:04.721,1.22056,1.22066,1.25,2.25
2016.12.28 13:34:05.235,1.22056,1.22064,1.25,1.50
2016.12.28 13:34:06.043,1.22056,1.22066,1.25,3.00
2016.12.28 13:34:13.481,1.22056,1.22065,1.25,1.50
2016.12.28 13:34:15.381,1.22057,1.22066,1.87,1.87
2016.12.28 13:34:15.887,1.22056,1.22066,1.25,2.25
2016.12.28 13:34:16.397,1.22056,1.22064,1.25,1.50
2016.12.28 13:34:18.931,1.22056,1.22065,1.25,1.50
2016.12.28 13:34:19.440,1.22056,1.22066,1.25,1.87
2016.12.28 13:34:19.851,1.22054,1.22065,1.33,1.62
2016.12.28 13:34:20.391,1.22056,1.22065,1.24,1.25
2016.12.28 13:34:20.747,1.22057,1.22066,1.25,3.37
2016.12.28 13:34:20.848,1.22057,1.22064,1.25,1.50
2016.12.28 13:34:21.643,1.22057,1.22065,1.25,2.62
2016.12.28 13:34:21.948,1.2205,1.22058,1.25,1.50
2016.12.28 13:34:22.716,1.2205,1.2206,1.25,1.87
2016.12.28 13:34:23.307,1.2205,1.22059,1.25,1.00
2016.12.28 13:34:24.333,1.22052,1.22059,1.87,1.00
2016.12.28 13:34:24.536,1.22055,1.22064,1.00,1.00
2016.12.28 13:34:26.149,1.22055,1.22065,1.00,1.69
2016.12.28 13:34:26.251,1.22057,1.22066,1.25,1.87
2016.12.28 13:34:26.762,1.22057,1.22067,1.25,2.62
2016.12.28 13:34:28.320,1.22057,1.22065,1.25,1.50
2016.12.28 13:34:29.019,1.22057,1.22066,1.25,4.12
2016.12.28 13:34:31.520,1.22056,1.22059,1.25,1.00
2016.12.28 13:34:31.571,1.22054,1.22059,1.00,2.59
2016.12.28 13:34:31.622,1.22051,1.22057,5.06,1.50
2016.12.28 13:34:31.673,1.22051,1.22059,5.06,1.00
2016.12.28 13:34:31.825,1.22051,1.22061,1.69,2.62
2016.12.28 13:34:33.475,1.22054,1.22062,1.25,1.12
2016.12.28 13:34:33.628,1.22056,1.22065,1.00,2.25
2016.12.28 13:34:34.160,1.22055,1.22066,3.00,2.25
2016.12.28 13:34:37.055,1.22055,1.22065,1.12,1.00
2016.12.28 13:34:37.598,1.22056,1.22066,1.00,3.00
2016.12.28 13:34:39.530,1.22056,1.22064,1.00,1.00
2016.12.28 13:34:39.794,1.22054,1.22064,2.06,1.00
2016.12.28 13:34:42.040,1.22054,1.22064,1.69,1.50
2016.12.28 13:34:42.192,1.22055,1.22066,1.12,2.25
2016.12.28 13:34:42.243,1.22057,1.22066,1.00,1.50
2016.12.28 13:34:42.756,1.22058,1.22067,1.69,1.00
2016.12.28 13:34:43.107,1.2206,1.22068,1.00,1.50
2016.12.28 13:34:43.209,1.2206,1.2207,1.00,3.00
2016.12.28 13:34:43.260,1.22067,1.22071,1.00,1.12
2016.12.28 13:34:43.362,1.22067,1.22075,1.25,3.75
2016.12.28 13:34:43.419,1.22067,1.22076,1.25,3.00
2016.12.28 13:34:51.323,1.22065,1.22073,2.25,2.25
2016.12.28 13:34:51.831,1.22064,1.22074,3.94,2.25
2016.12.28 13:34:52.137,1.22066,1.22076,1.87,5.25
2016.12.28 13:34:52.240,1.22066,1.22076,1.87,4.50
2016.12.28 13:34:52.578,1.22064,1.22076,3.94,4.50
2016.12.28 13:34:53.103,1.22065,1.22075,1.87,1.87
2016.12.28 13:34:53.641,1.22064,1.22074,1.69,2.25
2016.12.28 13:34:55.451,1.22064,1.22075,2.81,3.37
2016.12.28 13:34:59.711,1.2207,1.22076,1.00,1.50
2016.12.28 13:34:59.966,1.22073,1.22082,1.87,1.50
2016.12.28 13:35:01.047,1.22072,1.2208,1.25,3.00
2016.12.28 13:35:01.351,1.2207,1.22078,2.25,1.46
2016.12.28 13:35:01.861,1.2207,1.22078,2.25,2.96
2016.12.28 13:35:02.587,1.2207,1.22077,2.25,1.09
2016.12.28 13:35:03.381,1.22069,1.22077,2.81,1.00
2016.12.28 13:35:05.709,1.22069,1.22073,1.87,1.09
2016.12.28 13:35:05.812,1.22064,1.22068,4.20,1.00
2016.12.28 13:35:05.863,1.22063,1.22064,1.00,1.00
2016.12.28 13:35:05.965,1.22054,1.22057,1.00,1.84
2016.12.28 13:35:06.118,1.22049,1.22057,4.12,1.12
2016.12.28 13:35:06.169,1.22048,1.22057,1.25,1.75
2016.12.28 13:35:06.675,1.22048,1.22056,1.25,1.50
2016.12.28 13:35:10.184,1.22048,1.22056,1.25,1.50
2016.12.28 13:35:11.004,1.22048,1.22055,1.25,1.50
2016.12.28 13:35:11.506,1.22048,1.22057,1.25,2.25
2016.12.28 13:35:12.153,1.2205,1.22058,1.00,4.50
2016.12.28 13:35:12.459,1.22058,1.22063,1.00,1.00
2016.12.28 13:35:12.511,1.22057,1.22067,1.00,1.87
2016.12.28 13:35:13.201,1.22056,1.22066,1.00,2.25
2016.12.28 13:35:14.093,1.22058,1.22063,1.00,1.00
2016.12.28 13:35:14.195,1.22058,1.22065,1.00,1.00
2016.12.28 13:35:14.296,1.22058,1.22067,1.00,1.00
2016.12.28 13:35:14.891,1.22058,1.22068,1.25,2.25
2016.12.28 13:35:15.325,1.22056,1.2206,1.50,2.25
2016.12.28 13:35:15.429,1.22051,1.22059,5.44,1.12
2016.12.28 13:35:15.480,1.22051,1.22058,1.69,1.50
2016.12.28 13:35:15.531,1.22047,1.22054,1.00,3.71
2016.12.28 13:35:15.633,1.22045,1.22053,1.50,1.50
2016.12.28 13:35:16.196,1.22045,1.22054,1.37,1.50
2016.12.28 13:35:17.008,1.22044,1.22053,2.06,1.00
2016.12.28 13:35:17.550,1.22043,1.22053,1.12,1.00
2016.12.28 13:35:17.861,1.22045,1.22053,1.00,1.50
2016.12.28 13:35:19.717,1.22043,1.22053,1.12,1.00
2016.12.28 13:35:20.220,1.22043,1.22052,1.00,1.50
2016.12.28 13:35:20.723,1.22042,1.22051,2.06,1.50
2016.12.28 13:35:21.719,1.22042,1.22049,1.31,1.00
2016.12.28 13:35:21.921,1.22043,1.22053,1.00,5.51
2016.12.28 13:35:22.451,1.22042,1.22053,1.69,4.50
2016.12.28 13:35:23.020,1.22041,1.22044,1.00,1.37
2016.12.28 13:35:23.122,1.22035,1.22043,2.62,1.00
2016.12.28 13:35:23.272,1.22034,1.22044,4.12,2.25
2016.12.28 13:35:23.778,1.22034,1.22043,3.20,1.00
2016.12.28 13:35:24.332,1.22035,1.22044,2.25,1.00
2016.12.28 13:35:24.484,1.22037,1.22045,1.00,1.00
2016.12.28 13:35:24.997,1.22036,1.22045,1.87,1.00
2016.12.28 13:35:30.141,1.22037,1.22046,1.87,1.37
2016.12.28 13:35:30.242,1.22037,1.22047,1.87,2.62
2016.12.28 13:35:30.748,1.22038,1.22047,1.87,2.62
2016.12.28 13:35:33.343,1.22037,1.22047,1.87,2.62
2016.12.28 13:35:34.437,1.22037,1.22046,1.87,1.50
2016.12.28 13:35:36.341,1.22036,1.22047,1.87,1.12
2016.12.28 13:35:38.412,1.22038,1.22048,1.25,3.00
2016.12.28 13:35:39.563,1.22038,1.22048,3.56,1.50
2016.12.28 13:35:39.715,1.22038,1.22043,2.81,1.00
2016.12.28 13:35:39.818,1.22039,1.22048,1.25,1.50
2016.12.28 13:35:39.869,1.22039,1.22046,1.00,2.25
2016.12.28 13:35:40.445,1.22037,1.22046,2.25,1.50
2016.12.28 13:35:40.956,1.22038,1.22047,2.25,1.50
2016.12.28 13:35:46.292,1.22038,1.22046,2.25,1.50
2016.12.28 13:35:47.071,1.22039,1.22048,2.81,1.50
2016.12.28 13:35:47.596,1.22039,1.22048,2.81,1.00
2016.12.28 13:35:47.901,1.22037,1.22044,1.87,1.00
2016.12.28 13:35:49.323,1.22035,1.22044,2.81,1.00
2016.12.28 13:35:49.828,1.22035,1.22044,3.19,1.00
2016.12.28 13:35:50.170,1.22041,1.22046,2.25,1.00
2016.12.28 13:35:50.423,1.22046,1.22056,1.25,1.12
2016.12.28 13:35:55.470,1.22046,1.22056,2.81,1.50
2016.12.28 13:35:59.306,1.22051,1.22058,2.81,1.50
2016.12.28 13:35:59.407,1.22053,1.22062,1.87,4.12
2016.12.28 13:35:59.458,1.22055,1.22062,1.87,3.75
2016.12.28 13:35:59.509,1.22055,1.22064,1.87,1.87
2016.12.28 13:36:00.015,1.22056,1.22064,1.25,1.87
2016.12.28 13:36:01.353,1.22056,1.22063,1.25,1.00
2016.12.28 13:36:01.455,1.22053,1.22061,1.87,1.00
2016.12.28 13:36:01.759,1.22051,1.22058,1.87,2.25
2016.12.28 13:36:01.963,1.22047,1.22055,1.25,1.00
2016.12.28 13:36:02.276,1.22047,1.22053,1.25,1.00
2016.12.28 13:36:02.716,1.22044,1.22053,3.19,1.00
2016.12.28 13:36:03.223,1.22044,1.22054,2.81,2.25
2016.12.28 13:36:03.678,1.22045,1.22051,1.87,1.00
2016.12.28 13:36:04.234,1.22044,1.22051,2.81,1.00
2016.12.28 13:36:05.189,1.22046,1.22053,1.87,1.00
2016.12.28 13:36:06.375,1.22044,1.22052,3.19,1.00
2016.12.28 13:36:06.882,1.22044,1.22051,1.31,1.00
2016.12.28 13:36:08.160,1.22045,1.22053,1.87,1.00
2016.12.28 13:36:08.680,1.22046,1.22052,1.87,1.00
2016.12.28 13:36:11.319,1.22047,1.22053,3.94,1.00
2016.12.28 13:36:11.868,1.22047,1.22053,1.25,1.00
2016.12.28 13:36:14.404,1.22047,1.22051,1.25,1.00
2016.12.28 13:36:14.456,1.22045,1.22051,1.31,1.00
2016.12.28 13:36:19.391,1.22045,1.2205,1.25,1.00
2016.12.28 13:36:21.319,1.2204,1.22047,4.31,1.00
2016.12.28 13:36:21.370,1.2204,1.22046,3.56,1.00
2016.12.28 13:36:21.572,1.2204,1.22043,1.25,1.00
2016.12.28 13:36:22.332,1.22038,1.22043,1.87,1.00
2016.12.28 13:36:22.838,1.22037,1.22043,1.25,1.00
2016.12.28 13:36:28.175,1.22037,1.22044,1.25,1.00
2016.12.28 13:36:30.553,1.22036,1.22038,2.25,1.00
2016.12.28 13:36:30.756,1.22025,1.22031,2.06,1.00
2016.12.28 13:36:31.262,1.22025,1.2203,1.25,1.00
2016.12.28 13:36:31.465,1.22021,1.2203,1.31,1.00
2016.12.28 13:36:31.760,1.22022,1.22032,1.50,1.00
2016.12.28 13:36:31.913,1.22024,1.22032,1.00,1.00
2016.12.28 13:36:32.229,1.22027,1.22035,1.25,1.00
2016.12.28 13:36:32.625,1.22025,1.22034,1.25,2.25
2016.12.28 13:36:32.676,1.22025,1.22032,1.25,1.12
2016.12.28 13:36:33.183,1.22025,1.22034,1.25,1.50
2016.12.28 13:36:33.685,1.22025,1.22032,1.25,1.50
2016.12.28 13:36:33.736,1.2202,1.22027,2.06,1.00
2016.12.28 13:36:34.243,1.2202,1.22028,1.69,1.00
2016.12.28 13:36:34.748,1.2202,1.22029,1.31,1.12
2016.12.28 13:36:35.576,1.22022,1.22031,1.25,1.50
2016.12.28 13:36:35.879,1.22024,1.22033,1.00,1.50
2016.12.28 13:36:35.981,1.22024,1.22033,1.00,1.00
2016.12.28 13:36:36.193,1.22023,1.22031,1.00,1.00
2016.12.28 13:36:36.649,1.22025,1.22033,1.00,1.00
2016.12.28 13:36:36.952,1.22027,1.22035,1.25,1.50
2016.12.28 13:36:37.468,1.22027,1.22035,1.25,1.00
2016.12.28 13:36:38.254,1.22027,1.22034,1.31,1.00
2016.12.28 13:36:38.763,1.22027,1.22035,1.25,1.50
2016.12.28 13:36:39.304,1.22027,1.22035,1.25,1.50
2016.12.28 13:36:42.215,1.2203,1.22037,1.25,1.37
2016.12.28 13:36:42.266,1.2203,1.22037,1.25,1.12
2016.12.28 13:36:44.002,1.2203,1.22036,1.25,1.12
2016.12.28 13:36:45.576,1.22027,1.22036,1.25,1.50
2016.12.28 13:36:46.457,1.22027,1.22036,2.44,1.00
2016.12.28 13:36:46.963,1.22027,1.22037,1.62,1.37
2016.12.28 13:36:47.170,1.2203,1.22038,1.25,1.50
2016.12.28 13:36:47.322,1.2203,1.22039,1.25,1.50
2016.12.28 13:36:47.836,1.2203,1.22036,1.25,1.12
2016.12.28 13:36:48.147,1.2203,1.22036,1.25,1.50
2016.12.28 13:36:48.209,1.22026,1.22035,1.69,1.37
2016.12.28 13:36:48.746,1.22026,1.22033,1.31,1.00
2016.12.28 13:36:49.606,1.22026,1.22035,1.25,3.00
2016.12.28 13:36:49.758,1.22026,1.22034,1.25,2.62
2016.12.28 13:36:50.023,1.22019,1.22027,1.25,1.12
2016.12.28 13:36:50.529,1.22019,1.22026,1.25,1.00
2016.12.28 13:36:51.045,1.22019,1.22028,1.25,1.00
2016.12.28 13:36:55.415,1.2202,1.22029,1.12,1.50
2016.12.28 13:36:55.516,1.22023,1.22031,1.25,1.87
2016.12.28 13:36:55.568,1.22023,1.22032,1.69,1.00
2016.12.28 13:36:55.619,1.22027,1.22032,1.00,1.00
2016.12.28 13:36:55.669,1.22028,1.22034,1.25,1.00
2016.12.28 13:36:56.202,1.22028,1.22035,1.25,1.50
2016.12.28 13:36:56.740,1.22028,1.22037,1.25,3.37
2016.12.28 13:36:57.309,1.22032,1.22038,1.25,1.37
2016.12.28 13:36:57.440,1.22035,1.22043,1.25,4.87
2016.12.28 13:36:57.542,1.22035,1.22044,1.25,1.50
2016.12.28 13:36:58.048,1.22035,1.22045,1.25,2.25
2016.12.28 13:36:58.816,1.22035,1.22044,1.31,2.25
2016.12.28 13:36:59.377,1.22035,1.22046,2.06,3.00
2016.12.28 13:37:00.159,1.22035,1.22044,2.06,1.50
2016.12.28 13:37:00.665,1.22035,1.22046,1.31,3.37
2016.12.28 13:37:02.121,1.22035,1.22046,1.69,2.25
2016.12.28 13:37:02.705,1.22035,1.22047,4.31,1.87
2016.12.28 13:37:02.756,1.22036,1.22047,1.37,1.87
2016.12.28 13:37:03.421,1.22035,1.22047,2.06,2.62
2016.12.28 13:37:04.419,1.22035,1.22046,1.69,1.50
2016.12.28 13:37:06.041,1.22038,1.22048,2.25,2.06
2016.12.28 13:37:06.346,1.22043,1.22054,3.00,2.25
2016.12.28 13:37:06.397,1.22043,1.22052,2.25,1.00
2016.12.28 13:37:06.498,1.22043,1.22054,1.50,3.00
2016.12.28 13:37:07.106,1.22045,1.22054,1.00,2.25
2016.12.28 13:37:11.602,1.22043,1.22047,1.37,1.00
2016.12.28 13:37:11.928,1.22034,1.22043,1.50,1.34
2016.12.28 13:37:12.242,1.22034,1.22044,1.50,2.59
2016.12.28 13:37:12.788,1.22035,1.22044,1.50,1.00
2016.12.28 13:37:13.304,1.22034,1.22045,3.94,1.25
2016.12.28 13:37:14.123,1.22036,1.22045,1.00,1.25
2016.12.28 13:37:14.629,1.22036,1.22045,2.25,1.25
2016.12.28 13:37:14.680,1.22038,1.22048,1.25,1.31
2016.12.28 13:37:14.883,1.22038,1.22047,2.81,1.00
2016.12.28 13:37:15.036,1.22038,1.22047,1.31,1.00
2016.12.28 13:37:15.087,1.22038,1.22045,1.31,1.00
2016.12.28 13:37:15.137,1.22035,1.22045,1.87,1.69
2016.12.28 13:37:15.341,1.22036,1.22047,1.25,2.44
2016.12.28 13:37:17.176,1.22036,1.22046,3.75,1.25
2016.12.28 13:37:17.718,1.22037,1.22046,1.00,1.25
2016.12.28 13:37:18.224,1.22036,1.22044,1.00,1.00
2016.12.28 13:37:18.528,1.22034,1.22042,2.62,1.25
2016.12.28 13:37:29.728,1.22033,1.22042,2.62,1.25
2016.12.28 13:37:33.153,1.22034,1.22042,1.37,1.25
2016.12.28 13:37:33.457,1.22037,1.22045,1.50,1.31
2016.12.28 13:37:34.130,1.2204,1.22048,1.00,1.69
2016.12.28 13:37:34.636,1.22039,1.22048,3.00,1.25
2016.12.28 13:37:35.090,1.22043,1.22048,1.00,1.25
2016.12.28 13:37:35.141,1.22044,1.22053,1.00,6.19
2016.12.28 13:37:35.192,1.22045,1.22053,1.00,1.69
2016.12.28 13:37:35.739,1.22044,1.22053,1.50,1.25
2016.12.28 13:37:37.429,1.22044,1.22055,2.62,1.69
2016.12.28 13:37:38.522,1.22045,1.22055,1.00,1.69
2016.12.28 13:37:39.893,1.22044,1.22055,4.12,1.69
2016.12.28 13:37:40.404,1.22045,1.22055,1.00,1.31
2016.12.28 13:37:41.104,1.22044,1.22055,3.00,1.31
2016.12.28 13:37:51.440,1.22044,1.22055,1.12,2.44
2016.12.28 13:37:52.182,1.22045,1.22055,1.00,3.19
2016.12.28 13:37:52.726,1.22044,1.22054,1.12,1.12
2016.12.28 13:37:53.568,1.22042,1.2205,1.12,1.50
2016.12.28 13:37:53.670,1.2204,1.2205,1.37,1.50
2016.12.28 13:37:53.721,1.22038,1.2205,3.94,2.25
2016.12.28 13:37:53.772,1.22038,1.22043,1.00,1.00
2016.12.28 13:37:53.948,1.22034,1.22043,1.37,1.37
2016.12.28 13:37:54.000,1.22034,1.22044,1.87,2.81
2016.12.28 13:37:54.506,1.22035,1.22044,1.00,1.25
2016.12.28 13:37:55.033,1.22034,1.22044,1.87,1.25
2016.12.28 13:37:56.033,1.22035,1.22044,1.00,1.25
2016.12.28 13:37:57.498,1.22036,1.22044,1.00,1.31
2016.12.28 13:37:57.997,1.22034,1.22044,1.12,3.19
2016.12.28 13:37:58.048,1.22034,1.22044,1.00,6.94
2016.12.28 13:37:58.251,1.22031,1.22041,3.37,1.69
2016.12.28 13:37:58.757,1.22033,1.22044,1.50,3.00
2016.12.28 13:37:59.306,1.22033,1.22044,3.00,1.50
2016.12.28 13:37:59.408,1.22032,1.22041,1.00,1.00
2016.12.28 13:37:59.709,1.22033,1.22044,6.19,2.62
2016.12.28 13:38:00.038,1.22033,1.22044,5.44,2.25
2016.12.28 13:38:00.550,1.22033,1.22044,5.06,1.37
2016.12.28 13:38:00.752,1.22033,1.22036,1.37,1.50
2016.12.28 13:38:00.803,1.22031,1.22037,1.00,1.12
2016.12.28 13:38:00.906,1.22029,1.22038,1.12,2.21
2016.12.28 13:38:00.957,1.22027,1.22037,2.25,2.62
2016.12.28 13:38:01.009,1.22027,1.22035,1.50,1.62
2016.12.28 13:38:01.111,1.22031,1.22036,1.00,1.00
2016.12.28 13:38:01.529,1.2203,1.22036,1.12,2.40
2016.12.28 13:38:01.580,1.22026,1.22036,1.75,2.40
2016.12.28 13:38:01.631,1.22027,1.22036,1.50,1.65
2016.12.28 13:38:02.138,1.22029,1.22039,1.00,2.06
2016.12.28 13:38:02.650,1.22029,1.22039,1.50,1.62
2016.12.28 13:38:03.448,1.22029,1.22039,1.00,1.62
2016.12.28 13:38:03.956,1.22028,1.22039,1.00,2.06
2016.12.28 13:38:04.502,1.22029,1.22039,1.00,2.06
2016.12.28 13:38:05.140,1.22028,1.22039,1.00,2.06
2016.12.28 13:38:05.657,1.22028,1.22038,1.50,1.31
2016.12.28 13:38:06.198,1.2203,1.22038,1.00,1.19
2016.12.28 13:38:06.249,1.22028,1.22038,1.50,1.19
2016.12.28 13:38:06.763,1.22028,1.22038,2.10,1.56
2016.12.28 13:38:11.094,1.22031,1.22038,1.50,1.19
2016.12.28 13:38:11.146,1.22033,1.2204,1.00,1.25
2016.12.28 13:38:11.197,1.22034,1.22044,1.00,1.87
2016.12.28 13:38:11.299,1.22035,1.22045,1.00,1.31
2016.12.28 13:38:12.496,1.22034,1.22045,1.35,1.31
2016.12.28 13:38:13.617,1.22032,1.22039,1.97,1.25
2016.12.28 13:38:13.820,1.22025,1.22036,3.22,2.06
2016.12.28 13:38:14.325,1.22027,1.22036,1.12,1.69
2016.12.28 13:38:15.731,1.22027,1.22035,1.30,1.00
2016.12.28 13:38:17.815,1.2203,1.22038,1.25,1.37
2016.12.28 13:38:17.916,1.22029,1.22039,1.12,2.44
2016.12.28 13:38:18.452,1.22027,1.22037,4.54,1.12
2016.12.28 13:38:18.756,1.22027,1.22037,4.16,1.12
2016.12.28 13:38:19.214,1.22028,1.22034,1.00,1.00
2016.12.28 13:38:19.762,1.22027,1.22034,1.25,1.00
2016.12.28 13:38:20.418,1.22027,1.22035,1.25,1.00
2016.12.28 13:38:21.158,1.22027,1.22036,1.25,1.50
2016.12.28 13:38:21.951,1.22028,1.22036,1.00,1.50
2016.12.28 13:38:22.475,1.22027,1.22036,1.69,1.50
2016.12.28 13:38:22.924,1.22029,1.22036,1.00,1.50
2016.12.28 13:38:23.127,1.2203,1.22039,1.00,1.31
2016.12.28 13:38:23.209,1.22033,1.22041,1.00,1.50
2016.12.28 13:38:23.469,1.22031,1.22041,3.97,1.00
2016.12.28 13:38:23.984,1.22032,1.22041,3.19,1.00
2016.12.28 13:38:24.399,1.22033,1.22043,1.00,1.12
2016.12.28 13:38:24.943,1.22035,1.22044,1.00,2.44
2016.12.28 13:38:25.462,1.22036,1.22044,1.00,1.69
2016.12.28 13:38:26.480,1.22037,1.22044,1.00,1.69
2016.12.28 13:38:27.019,1.22036,1.22044,1.00,1.69
2016.12.28 13:38:28.496,1.22034,1.22036,1.87,1.00
2016.12.28 13:38:28.547,1.2203,1.22036,2.10,1.00
2016.12.28 13:38:28.598,1.22031,1.22036,1.00,1.00
2016.12.28 13:38:29.129,1.22028,1.22036,1.16,1.00
2016.12.28 13:38:29.383,1.22025,1.22035,1.35,1.00
2016.12.28 13:38:30.132,1.22029,1.22035,1.12,1.00
2016.12.28 13:38:30.285,1.22029,1.22037,1.12,1.00
2016.12.28 13:38:30.640,1.2203,1.2204,1.12,2.44
2016.12.28 13:38:33.419,1.22031,1.22041,1.25,1.12
2016.12.28 13:38:34.136,1.22031,1.22038,1.31,1.00
2016.12.28 13:38:34.461,1.22031,1.22035,1.25,1.12
2016.12.28 13:38:36.910,1.22031,1.22037,1.25,1.12
2016.12.28 13:38:37.062,1.22031,1.22036,1.25,2.62
2016.12.28 13:38:38.439,1.22031,1.22038,1.25,3.00
2016.12.28 13:38:38.490,1.22028,1.22038,1.00,3.00
2016.12.28 13:38:39.153,1.22029,1.22038,1.00,1.87
2016.12.28 13:38:40.050,1.22031,1.22039,1.25,1.00
2016.12.28 13:38:40.101,1.22031,1.22041,1.25,1.87
2016.12.28 13:38:41.196,1.22031,1.2204,1.69,1.00
2016.12.28 13:38:41.247,1.22033,1.2204,1.50,1.00
2016.12.28 13:38:41.349,1.22037,1.22045,1.00,1.12
2016.12.28 13:38:41.400,1.22035,1.22045,3.19,1.00
2016.12.28 13:38:41.451,1.22037,1.22046,1.50,1.50
2016.12.28 13:38:42.142,1.22036,1.22046,1.50,1.00
2016.12.28 13:38:42.452,1.22042,1.22052,2.81,1.00
2016.12.28 13:38:42.756,1.22037,1.22047,5.25,2.25
2016.12.28 13:38:42.857,1.22037,1.22045,1.12,1.00
2016.12.28 13:38:43.477,1.22035,1.22045,2.06,1.00
2016.12.28 13:38:44.339,1.22036,1.22046,1.00,1.37
2016.12.28 13:38:44.859,1.22035,1.22046,2.81,1.37
2016.12.28 13:38:45.770,1.22036,1.22046,1.00,1.37
2016.12.28 13:38:46.324,1.22036,1.22046,1.00,1.12
2016.12.28 13:38:46.855,1.22035,1.22046,2.06,1.37
2016.12.28 13:38:47.375,1.22036,1.22046,1.00,1.37
2016.12.28 13:38:47.902,1.22036,1.22046,1.00,1.12
2016.12.28 13:38:48.446,1.22035,1.22046,2.06,1.12
2016.12.28 13:38:48.789,1.22037,1.22046,1.00,1.00
2016.12.28 13:38:49.105,1.22035,1.22047,3.94,3.00
2016.12.28 13:38:49.654,1.22035,1.22046,1.69,2.25
2016.12.28 13:38:49.706,1.22035,1.22046,1.69,2.25
2016.12.28 13:38:50.068,1.22035,1.22046,3.94,1.87
2016.12.28 13:38:50.603,1.22035,1.22047,3.56,1.50
2016.12.28 13:38:51.143,1.22036,1.22048,1.50,3.56
2016.12.28 13:38:51.973,1.22037,1.22048,1.00,4.31
2016.12.28 13:38:53.065,1.22039,1.22048,3.00,2.06
2016.12.28 13:38:53.319,1.22042,1.22052,2.25,1.25
2016.12.28 13:38:53.825,1.22042,1.22052,4.12,1.25
2016.12.28 13:38:54.370,1.22042,1.22052,1.87,2.06
2016.12.28 13:38:54.627,1.22039,1.22048,1.50,2.25
2016.12.28 13:38:54.930,1.22038,1.22047,1.25,3.00
2016.12.28 13:38:55.928,1.22035,1.22046,1.00,2.81
2016.12.28 13:38:58.748,1.22033,1.22039,1.00,1.00
2016.12.28 13:38:58.799,1.22031,1.22041,4.12,1.12
2016.12.28 13:38:58.852,1.2203,1.2204,2.25,3.37
2016.12.28 13:38:59.071,1.22028,1.22037,1.87,1.31
2016.12.28 13:38:59.132,1.22026,1.22035,2.81,1.12
2016.12.28 13:39:00.644,1.22027,1.22037,1.50,2.06
2016.12.28 13:39:01.150,1.22028,1.22037,1.50,1.62
2016.12.28 13:39:01.787,1.22029,1.22037,1.00,1.62
2016.12.28 13:39:02.296,1.22026,1.22037,2.06,2.81
2016.12.28 13:39:02.802,1.22026,1.22037,1.25,5.06
2016.12.28 13:39:03.341,1.22026,1.22037,1.25,5.06
2016.12.28 13:39:04.405,1.22026,1.22036,1.25,2.25
2016.12.28 13:39:04.952,1.22026,1.22036,1.25,2.25
2016.12.28 13:39:06.280,1.22026,1.22036,1.25,3.75
2016.12.28 13:39:11.446,1.22027,1.22036,1.00,3.75
2016.12.28 13:39:11.547,1.22027,1.22036,1.00,2.25
2016.12.28 13:39:15.436,1.22032,1.22037,1.00,4.31
2016.12.28 13:39:15.487,1.22035,1.2204,1.00,6.97
2016.12.28 13:39:15.538,1.22031,1.22037,1.00,1.25
2016.12.28 13:39:15.690,1.22028,1.22037,1.12,1.65
2016.12.28 13:39:16.210,1.22027,1.22037,1.50,2.06
2016.12.28 13:39:16.557,1.22027,1.22037,1.00,3.56
2016.12.28 13:39:17.212,1.22033,1.22037,1.00,1.37
2016.12.28 13:39:17.415,1.22037,1.22044,1.00,1.00
2016.12.28 13:39:17.948,1.22037,1.22045,1.00,3.19
2016.12.28 13:39:23.037,1.22038,1.22045,1.00,2.81
2016.12.28 13:39:23.599,1.22034,1.22043,1.50,1.50
2016.12.28 13:39:23.853,1.22037,1.22044,1.00,1.12
2016.12.28 13:39:24.359,1.22037,1.22045,1.00,1.25
2016.12.28 13:39:27.289,1.22035,1.22045,2.25,1.69
2016.12.28 13:39:27.542,1.22036,1.22045,1.37,1.69
2016.12.28 13:39:27.644,1.22038,1.22047,1.31,1.12
2016.12.28 13:39:28.178,1.22038,1.22046,1.25,1.00
2016.12.28 13:39:30.251,1.22038,1.22045,1.25,1.00
2016.12.28 13:39:30.303,1.22035,1.22045,1.50,1.12
2016.12.28 13:39:30.507,1.22034,1.22045,1.50,1.50
2016.12.28 13:39:30.609,1.22033,1.22042,3.56,1.00
2016.12.28 13:39:30.913,1.22028,1.22037,1.00,1.00
2016.12.28 13:39:31.459,1.22027,1.22037,1.69,1.00
2016.12.28 13:39:31.925,1.22026,1.2203,2.25,1.00
2016.12.28 13:39:31.977,1.22026,1.22033,2.25,1.50
2016.12.28 13:39:32.130,1.22024,1.22033,1.25,2.21
2016.12.28 13:39:32.642,1.22024,1.22033,1.25,2.21
2016.12.28 13:39:35.056,1.22024,1.22033,1.25,1.50
2016.12.28 13:39:35.161,1.22022,1.22026,3.00,1.00
2016.12.28 13:39:35.314,1.22016,1.22026,1.69,1.12
2016.12.28 13:39:35.835,1.22018,1.22027,1.00,2.06
2016.12.28 13:39:36.312,1.22023,1.22029,2.25,1.00
2016.12.28 13:39:36.414,1.22024,1.22033,1.50,1.62
2016.12.28 13:39:36.516,1.22025,1.22035,1.00,1.00
2016.12.28 13:39:37.306,1.22025,1.22036,1.12,1.12
2016.12.28 13:39:41.841,1.22024,1.22036,3.94,4.50
2016.12.28 13:39:42.247,1.22027,1.22036,1.00,5.62
2016.12.28 13:39:42.400,1.22028,1.22037,1.12,1.25
2016.12.28 13:39:42.911,1.22027,1.22037,2.25,1.69
2016.12.28 13:39:43.670,1.22026,1.22037,3.00,2.44
2016.12.28 13:39:44.458,1.22026,1.22037,4.12,2.44
2016.12.28 13:39:44.920,1.2203,1.2204,1.00,1.12
2016.12.28 13:39:44.971,1.2203,1.22041,1.00,1.50
2016.12.28 13:39:45.124,1.22027,1.22037,2.25,1.12
2016.12.28 13:39:45.631,1.22027,1.22038,1.50,3.94
2016.12.28 13:39:46.214,1.22026,1.22038,2.62,2.44
2016.12.28 13:39:46.535,1.22028,1.22038,1.00,2.44
2016.12.28 13:39:47.048,1.22026,1.22036,2.62,1.00
2016.12.28 13:39:48.301,1.22025,1.22036,1.25,2.62
2016.12.28 13:39:49.563,1.22026,1.22036,1.00,1.12
2016.12.28 13:39:50.119,1.22025,1.22036,1.25,1.12
2016.12.28 13:39:50.738,1.22026,1.22036,1.00,1.12
2016.12.28 13:39:51.347,1.22025,1.22036,1.69,1.50
2016.12.28 13:39:55.622,1.22032,1.22036,1.00,1.00
2016.12.28 13:39:55.673,1.22031,1.2204,2.25,1.00
2016.12.28 13:39:55.775,1.22032,1.22042,1.50,3.86
2016.12.28 13:39:56.303,1.22032,1.22041,1.50,1.00
2016.12.28 13:39:56.817,1.22032,1.22042,3.00,1.69
2016.12.28 13:39:57.512,1.22032,1.2204,2.25,1.00
2016.12.28 13:39:57.664,1.22029,1.22041,2.62,1.12
2016.12.28 13:39:58.024,1.22031,1.2204,1.00,1.00
2016.12.28 13:39:58.330,1.22029,1.22038,2.06,1.00
2016.12.28 13:39:59.396,1.22029,1.22039,2.06,1.12
2016.12.28 13:40:01.490,1.22029,1.22039,1.69,1.50
2016.12.28 13:40:02.028,1.2203,1.2204,1.00,2.62
2016.12.28 13:40:02.568,1.22029,1.22037,1.25,1.00
2016.12.28 13:40:03.534,1.22029,1.22038,1.25,3.37
2016.12.28 13:40:03.838,1.22024,1.22035,2.81,1.50
2016.12.28 13:40:04.344,1.22025,1.22035,1.00,1.87
2016.12.28 13:40:04.852,1.22024,1.22035,3.94,1.87
2016.12.28 13:40:05.498,1.22025,1.22035,1.00,1.87
2016.12.28 13:40:06.009,1.22024,1.22035,3.19,1.87
2016.12.28 13:40:07.063,1.22025,1.22033,1.00,1.12
2016.12.28 13:40:07.762,1.22024,1.22033,3.94,1.12
2016.12.28 13:40:10.168,1.22025,1.22034,1.00,1.37
2016.12.28 13:40:11.079,1.22024,1.22034,1.69,1.37
2016.12.28 13:40:11.622,1.22025,1.22035,1.00,1.37
2016.12.28 13:40:12.147,1.22024,1.22035,3.56,1.37
2016.12.28 13:40:14.128,1.22025,1.22035,1.00,1.37
2016.12.28 13:40:14.653,1.22024,1.22035,3.56,1.37
2016.12.28 13:40:16.336,1.22025,1.22035,1.00,2.62
2016.12.28 13:40:16.850,1.22024,1.22035,2.81,2.62
2016.12.28 13:40:18.549,1.22025,1.22035,1.00,2.62
2016.12.28 13:40:19.088,1.22024,1.22033,1.25,2.62
2016.12.28 13:40:20.511,1.22021,1.2203,1.00,1.12
2016.12.28 13:40:20.612,1.22018,1.22029,1.50,1.87
2016.12.28 13:40:20.714,1.2202,1.22029,1.00,1.87
2016.12.28 13:40:21.231,1.22019,1.22029,1.00,1.50
2016.12.28 13:40:21.758,1.2202,1.22029,1.00,1.12
2016.12.28 13:40:22.595,1.22019,1.22029,1.00,1.12
2016.12.28 13:40:23.118,1.2202,1.22029,1.00,1.12
2016.12.28 13:40:26.240,1.22019,1.22029,1.05,1.12
2016.12.28 13:40:26.545,1.22017,1.22025,1.25,1.00
2016.12.28 13:40:27.074,1.22017,1.22026,1.25,1.00
2016.12.28 13:40:28.531,1.22017,1.22025,1.25,1.00
2016.12.28 13:40:29.946,1.22017,1.22026,1.69,1.00
2016.12.28 13:40:31.566,1.22017,1.22027,1.25,1.12
2016.12.28 13:40:32.724,1.22018,1.22027,1.00,1.12
2016.12.28 13:40:33.256,1.22017,1.22027,1.25,1.12
2016.12.28 13:40:33.983,1.22017,1.22025,1.25,1.00
2016.12.28 13:40:35.213,1.22017,1.22023,1.25,1.00
2016.12.28 13:40:35.365,1.22013,1.22021,3.37,1.00
2016.12.28 13:40:35.568,1.22014,1.22024,1.12,3.19
2016.12.28 13:40:35.770,1.22016,1.22024,1.00,1.25
2016.12.28 13:40:37.087,1.22017,1.22024,1.00,1.25
2016.12.28 13:40:37.605,1.22016,1.22024,1.00,1.25
2016.12.28 13:40:37.981,1.22016,1.22026,1.00,1.00
2016.12.28 13:40:38.496,1.22017,1.22027,1.00,2.25
2016.12.28 13:40:38.547,1.22015,1.22027,4.87,2.25
2016.12.28 13:40:40.760,1.22016,1.22026,1.00,1.12
2016.12.28 13:40:41.309,1.22015,1.22026,3.00,1.12
2016.12.28 13:40:41.903,1.22015,1.22025,3.37,1.00
2016.12.28 13:40:42.409,1.22015,1.22026,3.37,1.00
2016.12.28 13:40:42.922,1.22019,1.22027,3.34,1.00
2016.12.28 13:40:43.229,1.22019,1.2203,2.44,2.06
2016.12.28 13:40:43.748,1.22023,1.22031,2.25,1.37
2016.12.28 13:40:43.922,1.22023,1.22032,4.46,1.12
2016.12.28 13:40:44.443,1.22023,1.22033,3.37,1.50
2016.12.28 13:40:44.948,1.22022,1.22032,1.50,1.00
2016.12.28 13:40:45.050,1.22021,1.22031,1.25,1.00
2016.12.28 13:40:45.561,1.2202,1.2203,1.00,1.69
2016.12.28 13:40:48.829,1.2202,1.22029,2.62,1.00
2016.12.28 13:40:48.930,1.22023,1.2203,1.00,1.25
2016.12.28 13:40:48.981,1.22024,1.22032,2.25,1.00
2016.12.28 13:40:49.492,1.22023,1.22033,4.69,1.00
2016.12.28 13:40:49.763,1.22022,1.2203,1.37,1.00
2016.12.28 13:40:49.814,1.2202,1.2203,2.62,1.00
2016.12.28 13:40:49.916,1.2202,1.22028,1.50,1.00
2016.12.28 13:40:50.252,1.22018,1.22022,1.37,1.00
2016.12.28 13:40:50.303,1.22018,1.22025,1.00,1.12
2016.12.28 13:40:50.506,1.22019,1.22027,1.69,1.00
2016.12.28 13:40:51.599,1.22019,1.22026,1.25,1.00
2016.12.28 13:40:51.650,1.22018,1.22024,1.00,1.00
2016.12.28 13:40:51.752,1.22016,1.22024,1.12,1.00
2016.12.28 13:40:52.282,1.22015,1.22024,3.75,1.00
2016.12.28 13:40:52.333,1.22017,1.22024,1.00,1.00
2016.12.28 13:40:52.837,1.22016,1.22024,2.25,1.00
2016.12.28 13:40:54.226,1.22018,1.22026,1.00,1.00
2016.12.28 13:40:54.328,1.22016,1.22026,1.12,1.00
2016.12.28 13:40:54.429,1.22015,1.22024,4.12,1.00
2016.12.28 13:40:54.946,1.22015,1.22024,2.62,1.00
2016.12.28 13:40:55.464,1.22015,1.22024,2.25,1.00
2016.12.28 13:40:55.925,1.22014,1.22017,2.44,1.00
2016.12.28 13:40:55.976,1.22014,1.2202,1.50,1.00
2016.12.28 13:40:56.079,1.22009,1.22017,6.75,1.00
2016.12.28 13:40:56.130,1.22009,1.22019,6.37,1.00
2016.12.28 13:40:56.181,1.22009,1.22019,3.00,1.00
2016.12.28 13:40:56.607,1.22011,1.22019,1.00,1.00
2016.12.28 13:40:57.452,1.22012,1.22019,1.00,1.00
2016.12.28 13:40:58.393,1.22011,1.22018,1.50,1.00
2016.12.28 13:40:58.911,1.2201,1.22019,1.50,1.00
2016.12.28 13:41:01.001,1.22014,1.22019,1.00,1.00
2016.12.28 13:41:01.103,1.22014,1.22021,1.50,1.25
2016.12.28 13:41:01.154,1.22014,1.22023,3.00,1.50
2016.12.28 13:41:01.205,1.22016,1.22024,1.12,1.20
2016.12.28 13:41:01.726,1.22016,1.22025,1.12,2.25
2016.12.28 13:41:02.821,1.22014,1.22017,1.75,1.00
2016.12.28 13:41:02.872,1.22014,1.22019,1.00,1.00
2016.12.28 13:41:03.253,1.22012,1.22021,1.37,1.00
2016.12.28 13:41:03.759,1.22013,1.22022,1.00,2.81
2016.12.28 13:41:03.962,1.22015,1.22024,1.37,4.12
2016.12.28 13:41:04.013,1.22015,1.22025,1.87,2.06
2016.12.28 13:41:04.116,1.22016,1.22025,1.12,5.81
2016.12.28 13:41:04.218,1.22016,1.22025,1.12,1.69
2016.12.28 13:41:14.388,1.22014,1.22023,4.87,1.00
2016.12.28 13:41:14.704,1.22015,1.22025,2.25,2.44
2016.12.28 13:41:18.469,1.22014,1.22025,2.62,2.81
2016.12.28 13:41:19.320,1.22015,1.22025,1.00,2.81
2016.12.28 13:41:20.427,1.22014,1.22025,2.25,2.81
2016.12.28 13:41:22.250,1.22015,1.22025,1.00,2.81
2016.12.28 13:41:22.802,1.22014,1.22025,3.00,2.81
2016.12.28 13:41:25.020,1.22015,1.22025,1.00,2.81
2016.12.28 13:41:25.552,1.22014,1.22025,4.46,2.81
2016.12.28 13:41:26.063,1.22015,1.22025,1.00,2.81
2016.12.28 13:41:26.924,1.22014,1.22024,1.50,1.00
2016.12.28 13:41:27.431,1.22013,1.22023,1.00,2.44
2016.12.28 13:41:28.220,1.22014,1.22023,1.00,2.81
2016.12.28 13:41:31.228,1.22015,1.22023,1.00,1.00
2016.12.28 13:41:31.782,1.22014,1.22023,2.62,1.00
2016.12.28 13:41:33.281,1.22014,1.2202,1.00,1.00
2016.12.28 13:41:33.383,1.22014,1.22022,1.00,1.69
2016.12.28 13:41:33.991,1.22014,1.22021,1.00,1.00
2016.12.28 13:41:34.228,1.22012,1.22018,1.00,1.00
2016.12.28 13:41:34.330,1.22009,1.22017,1.00,1.00
2016.12.28 13:41:34.858,1.22008,1.22017,1.00,1.00
2016.12.28 13:41:35.388,1.22008,1.22016,1.84,1.00
2016.12.28 13:41:35.542,1.22008,1.22012,1.00,1.00
2016.12.28 13:41:35.593,1.22008,1.22015,1.00,1.00
2016.12.28 13:41:36.106,1.22007,1.22015,1.27,1.12
2016.12.28 13:41:36.562,1.22013,1.22017,1.00,3.37
2016.12.28 13:41:36.664,1.2201,1.22018,1.31,1.00
2016.12.28 13:41:39.135,1.2201,1.22017,2.06,1.00
2016.12.28 13:41:39.338,1.2201,1.22019,1.25,2.25
2016.12.28 13:41:40.819,1.22007,1.22017,3.37,1.37
2016.12.28 13:41:41.388,1.22006,1.22016,2.44,1.50
2016.12.28 13:41:42.817,1.22006,1.22014,1.69,1.00
2016.12.28 13:41:44.841,1.22007,1.22014,1.00,1.00
2016.12.28 13:41:46.269,1.22007,1.22014,1.00,1.37
2016.12.28 13:41:46.781,1.22006,1.22014,2.81,1.87
2016.12.28 13:41:47.318,1.22007,1.22014,1.00,1.50
2016.12.28 13:41:48.892,1.22007,1.22015,1.00,1.00
2016.12.28 13:41:49.504,1.22006,1.22015,4.31,1.00
2016.12.28 13:41:49.807,1.22008,1.22015,1.00,1.00
2016.12.28 13:41:49.972,1.22006,1.22015,4.31,1.00
2016.12.28 13:41:50.454,1.22008,1.22015,1.00,1.00
2016.12.28 13:41:50.934,1.22006,1.22015,4.31,1.12
2016.12.28 13:41:51.035,1.22006,1.22015,1.69,1.37
2016.12.28 13:41:51.339,1.22006,1.22015,1.25,1.50
2016.12.28 13:41:53.549,1.22006,1.22015,1.25,1.50
2016.12.28 13:41:53.703,1.22008,1.22015,1.00,1.50
2016.12.28 13:41:53.979,1.22006,1.22015,2.44,1.00
2016.12.28 13:41:54.489,1.22007,1.22015,1.00,1.00
2016.12.28 13:41:54.692,1.2201,1.22015,1.50,1.00
2016.12.28 13:41:54.743,1.2201,1.22018,1.50,1.69
2016.12.28 13:41:54.845,1.22012,1.2202,1.00,1.87
2016.12.28 13:41:54.947,1.2201,1.22021,4.31,1.87
2016.12.28 13:41:55.201,1.22011,1.22018,1.00,1.00
2016.12.28 13:41:55.328,1.22009,1.22018,1.00,1.69
2016.12.28 13:41:55.863,1.2201,1.22018,1.50,1.25
2016.12.28 13:41:56.370,1.22011,1.2202,1.00,1.12
2016.12.28 13:41:56.909,1.22012,1.2202,1.50,1.12
2016.12.28 13:41:57.645,1.2201,1.2202,1.69,1.12
2016.12.28 13:41:58.150,1.2201,1.22019,1.69,1.09
2016.12.28 13:41:59.059,1.22013,1.22019,1.00,1.12
2016.12.28 13:42:00.920,1.2201,1.22019,3.56,1.12
2016.12.28 13:42:01.442,1.22011,1.2202,1.00,3.34
2016.12.28 13:42:02.077,1.22012,1.2202,1.00,3.00
2016.12.28 13:42:02.353,1.2201,1.2202,2.06,3.34
2016.12.28 13:42:02.666,1.22012,1.2202,1.00,3.34
2016.12.28 13:42:02.767,1.22013,1.22022,1.00,5.40
2016.12.28 13:42:02.991,1.22015,1.22022,1.00,3.90
2016.12.28 13:42:03.500,1.22014,1.22023,1.00,1.37
2016.12.28 13:42:04.252,1.22014,1.22023,1.12,4.46
2016.12.28 13:42:04.759,1.22014,1.22023,1.87,2.96
2016.12.28 13:42:05.284,1.22015,1.22023,1.00,3.71
2016.12.28 13:42:05.868,1.22014,1.22023,2.62,4.46
2016.12.28 13:42:06.584,1.22014,1.22023,2.62,5.96
2016.12.28 13:42:07.219,1.22014,1.22023,1.87,4.46
2016.12.28 13:42:08.296,1.22014,1.22023,1.87,6.15
2016.12.28 13:42:08.876,1.22014,1.22023,1.87,4.65
2016.12.28 13:42:09.586,1.22016,1.22023,1.00,4.65
2016.12.28 13:42:09.687,1.22016,1.22024,1.00,1.87
2016.12.28 13:42:09.738,1.22021,1.22026,1.00,3.00
2016.12.28 13:42:09.981,1.22021,1.22029,1.50,1.69
2016.12.28 13:42:10.082,1.22024,1.22032,1.00,1.31
2016.12.28 13:42:12.412,1.22023,1.22032,1.87,1.59
2016.12.28 13:42:12.927,1.22025,1.22032,1.00,1.27
2016.12.28 13:42:14.291,1.22027,1.22032,1.00,1.25
2016.12.28 13:42:14.343,1.22027,1.22035,1.00,1.00
2016.12.28 13:42:14.444,1.22029,1.22034,1.00,1.00
2016.12.28 13:42:14.596,1.22029,1.22037,1.00,1.25
2016.12.28 13:42:15.433,1.22033,1.22038,1.50,1.50
2016.12.28 13:42:15.586,1.22035,1.22043,1.00,1.50
2016.12.28 13:42:15.688,1.22036,1.22044,1.50,1.31
2016.12.28 13:42:16.193,1.22037,1.22044,1.00,1.69
2016.12.28 13:42:17.079,1.22037,1.22046,1.50,1.34
2016.12.28 13:42:17.180,1.22039,1.22047,1.00,2.59
2016.12.28 13:42:17.332,1.22037,1.22047,2.25,1.84
2016.12.28 13:42:18.080,1.22039,1.22047,1.00,1.84
2016.12.28 13:42:18.906,1.2204,1.22048,1.00,7.27
2016.12.28 13:42:19.211,1.22046,1.22053,1.00,4.12
2016.12.28 13:42:19.314,1.22047,1.22055,1.50,2.06
2016.12.28 13:42:19.860,1.22046,1.22055,1.50,4.31
2016.12.28 13:42:20.165,1.22049,1.22055,1.00,1.31
2016.12.28 13:42:20.741,1.22049,1.22055,1.00,2.40
2016.12.28 13:42:21.095,1.22047,1.22055,1.00,1.65
2016.12.28 13:42:23.444,1.22047,1.22052,1.00,1.00
2016.12.28 13:42:23.750,1.2204,1.22045,1.00,1.84
2016.12.28 13:42:23.902,1.22039,1.22047,1.00,3.34
2016.12.28 13:42:24.410,1.22039,1.22047,1.00,3.34
2016.12.28 13:42:24.873,1.22041,1.22048,1.00,2.21
2016.12.28 13:42:25.405,1.2204,1.22048,1.00,1.84
2016.12.28 13:42:26.409,1.2204,1.22048,1.00,1.84
2016.12.28 13:42:27.414,1.2204,1.22048,1.00,2.21
2016.12.28 13:42:28.947,1.22038,1.22048,1.00,3.34
2016.12.28 13:42:29.244,1.22037,1.22045,1.00,1.12
2016.12.28 13:42:29.396,1.22034,1.22045,1.37,2.96
2016.12.28 13:42:30.822,1.22035,1.22042,1.12,1.50
2016.12.28 13:42:30.923,1.22033,1.22044,4.69,1.84
2016.12.28 13:42:30.974,1.22033,1.22044,3.56,1.84
2016.12.28 13:42:31.503,1.22035,1.22043,1.00,1.00
2016.12.28 13:42:31.655,1.22035,1.22045,1.00,1.00
2016.12.28 13:42:32.173,1.22035,1.22046,1.00,4.65
2016.12.28 13:42:36.581,1.22036,1.22046,1.00,2.44
2016.12.28 13:42:37.189,1.22035,1.22046,4.12,1.69
2016.12.28 13:42:38.504,1.22036,1.22046,1.00,1.69
2016.12.28 13:42:42.210,1.22034,1.2204,1.37,1.50
2016.12.28 13:42:42.537,1.22028,1.22037,1.00,4.09
2016.12.28 13:42:42.588,1.22028,1.22037,1.00,2.59
2016.12.28 13:42:42.690,1.2203,1.22039,1.00,4.12
2016.12.28 13:42:42.741,1.2203,1.22039,1.00,1.00
2016.12.28 13:42:42.844,1.22034,1.22039,1.00,1.00
2016.12.28 13:42:42.895,1.22035,1.22042,1.00,1.50
2016.12.28 13:42:42.947,1.22035,1.22045,1.00,7.31
2016.12.28 13:42:43.029,1.22035,1.22045,1.50,1.69
2016.12.28 13:42:45.960,1.22034,1.22041,1.00,1.00
2016.12.28 13:42:47.704,1.22034,1.22042,1.00,1.84
2016.12.28 13:42:48.012,1.22036,1.22043,1.00,1.84
2016.12.28 13:42:48.550,1.22034,1.22043,2.25,1.84
2016.12.28 13:42:49.056,1.22036,1.22043,1.00,2.59
2016.12.28 13:42:49.211,1.22036,1.22043,1.00,1.00
2016.12.28 13:42:49.346,1.22044,1.22046,1.00,2.59
2016.12.28 13:42:49.471,1.22046,1.2205,1.00,4.12
2016.12.28 13:42:49.572,1.22046,1.22055,1.00,4.31
2016.12.28 13:43:01.950,1.22045,1.22055,1.00,1.25
2016.12.28 13:43:06.745,1.22044,1.22055,1.50,3.19
2016.12.28 13:43:06.797,1.22046,1.22054,1.00,1.00
2016.12.28 13:43:07.304,1.22046,1.22054,1.00,3.37
2016.12.28 13:43:08.132,1.22042,1.22049,1.50,1.00
2016.12.28 13:43:08.315,1.22037,1.22046,1.75,4.31
2016.12.28 13:43:08.417,1.22035,1.22046,1.50,3.94
2016.12.28 13:43:08.923,1.22036,1.22046,1.00,3.94
2016.12.28 13:43:09.471,1.22037,1.22046,1.00,2.81
2016.12.28 13:43:10.675,1.22038,1.22046,1.00,1.69
2016.12.28 13:43:11.030,1.22042,1.22048,1.00,1.37
2016.12.28 13:43:11.233,1.22046,1.22053,1.00,2.44
2016.12.28 13:43:12.281,1.22044,1.22053,1.12,1.25
2016.12.28 13:43:17.775,1.22045,1.22052,1.00,1.50
2016.12.28 13:43:18.135,1.22042,1.22052,2.44,2.25
2016.12.28 13:43:18.772,1.22042,1.22051,1.69,1.50
2016.12.28 13:43:18.923,1.22044,1.22051,1.25,1.50
2016.12.28 13:43:21.090,1.22044,1.22053,1.69,3.75
2016.12.28 13:43:21.596,1.22044,1.22053,1.69,1.00
2016.12.28 13:43:21.906,1.22046,1.22054,1.00,3.00
2016.12.28 13:43:27.227,1.22046,1.22053,1.00,1.50
2016.12.28 13:43:27.749,1.22044,1.22053,1.25,2.62
2016.12.28 13:43:28.255,1.22044,1.22053,1.25,3.37
2016.12.28 13:43:28.955,1.22046,1.22054,1.00,6.75
2016.12.28 13:43:29.056,1.22046,1.22054,1.00,2.25
2016.12.28 13:43:33.328,1.22044,1.22051,1.12,1.25
2016.12.28 13:43:33.379,1.22042,1.22051,1.50,2.44
2016.12.28 13:43:33.903,1.22043,1.22051,1.00,3.94
2016.12.28 13:43:38.112,1.2204,1.22047,1.12,1.50
2016.12.28 13:43:38.214,1.22037,1.22047,2.06,2.25
2016.12.28 13:43:38.316,1.22037,1.22044,1.62,1.50
2016.12.28 13:43:38.367,1.22033,1.22043,6.00,1.00
2016.12.28 13:43:38.469,1.22032,1.22043,6.19,2.25
2016.12.28 13:43:38.977,1.22034,1.22043,1.00,2.25
2016.12.28 13:43:39.899,1.22036,1.22044,1.00,3.00
2016.12.28 13:43:40.405,1.22036,1.22043,1.00,1.00
2016.12.28 13:43:41.497,1.22036,1.22044,1.00,2.62
2016.12.28 13:43:42.398,1.22036,1.22043,1.00,1.00
2016.12.28 13:43:42.960,1.22035,1.22044,1.12,1.87
2016.12.28 13:43:43.924,1.22034,1.22043,1.12,1.00
2016.12.28 13:43:44.452,1.22034,1.22042,3.75,1.00
2016.12.28 13:43:45.047,1.22035,1.22043,1.00,1.12
2016.12.28 13:43:48.817,1.22036,1.22043,1.25,1.12
2016.12.28 13:43:49.352,1.22034,1.22043,4.12,1.00
2016.12.28 13:43:52.954,1.22034,1.22043,3.75,1.00
2016.12.28 13:43:54.104,1.22033,1.22043,1.87,1.00
2016.12.28 13:43:59.022,1.22034,1.22043,1.00,1.00
2016.12.28 13:43:59.767,1.22033,1.22043,2.62,1.00
2016.12.28 13:44:03.120,1.22035,1.22043,1.00,1.00
2016.12.28 13:44:06.055,1.22035,1.22045,1.50,1.12
2016.12.28 13:44:06.106,1.22037,1.22046,1.50,3.19
2016.12.28 13:44:06.411,1.22045,1.22047,1.00,1.00
2016.12.28 13:44:06.738,1.22053,1.22057,1.50,3.75
2016.12.28 13:44:06.789,1.22058,1.22064,3.75,1.50
2016.12.28 13:44:07.699,1.22055,1.22065,1.69,3.00
2016.12.28 13:44:08.783,1.22057,1.22064,3.75,1.12
2016.12.28 13:44:09.289,1.22057,1.22065,3.75,1.50
2016.12.28 13:44:11.389,1.22057,1.22063,3.75,1.00
2016.12.28 13:44:11.491,1.22055,1.22063,2.44,1.00
2016.12.28 13:44:11.542,1.22055,1.22065,1.69,3.37
2016.12.28 13:44:12.915,1.22055,1.22063,5.44,1.00
2016.12.28 13:44:17.730,1.22056,1.22064,1.00,1.00
2016.12.28 13:44:21.669,1.22055,1.22063,4.69,2.25
2016.12.28 13:44:22.003,1.22053,1.22061,1.00,1.50
2016.12.28 13:44:22.524,1.22053,1.22063,3.75,2.25
2016.12.28 13:44:22.936,1.22055,1.22063,5.44,1.12
2016.12.28 13:44:23.088,1.22055,1.22065,5.44,1.00
2016.12.28 13:44:25.722,1.22055,1.22063,4.69,1.00
2016.12.28 13:44:26.286,1.22055,1.22065,1.25,2.25
2016.12.28 13:44:26.822,1.22056,1.22064,1.00,1.00
2016.12.28 13:44:27.646,1.22057,1.22065,1.00,1.12
2016.12.28 13:44:29.687,1.22056,1.22064,1.50,1.00
2016.12.28 13:44:32.636,1.22055,1.22063,5.44,1.00
2016.12.28 13:44:33.794,1.22054,1.22059,1.00,1.50
2016.12.28 13:44:34.019,1.22049,1.22057,1.69,1.00
2016.12.28 13:44:34.070,1.22049,1.22057,1.25,1.37
2016.12.28 13:44:34.323,1.22049,1.22057,1.69,1.12
2016.12.28 13:44:34.851,1.2205,1.22058,3.75,1.50
2016.12.28 13:44:35.460,1.22049,1.22057,1.25,1.00
2016.12.28 13:44:36.369,1.2205,1.22057,1.25,1.00
2016.12.28 13:44:36.989,1.2205,1.22056,1.25,1.00
2016.12.28 13:44:38.933,1.2205,1.22058,1.25,2.62
2016.12.28 13:44:39.601,1.2205,1.22056,1.25,1.00
2016.12.28 13:44:40.763,1.22051,1.22056,1.00,1.00
2016.12.28 13:44:40.814,1.22051,1.22058,1.25,1.00
2016.12.28 13:44:40.916,1.22052,1.22061,1.12,2.25
2016.12.28 13:44:41.775,1.22052,1.22062,1.87,1.00
2016.12.28 13:44:42.041,1.22054,1.22062,1.00,1.00
2016.12.28 13:44:42.792,1.22054,1.22063,1.00,1.12
2016.12.28 13:44:43.506,1.22055,1.22064,1.00,1.37
2016.12.28 13:44:44.040,1.22055,1.22065,1.50,3.00
2016.12.28 13:44:44.396,1.22056,1.22066,1.00,3.37
2016.12.28 13:44:44.906,1.22056,1.22065,3.75,1.00
2016.12.28 13:44:45.210,1.22059,1.22066,1.00,1.12
2016.12.28 13:44:45.515,1.22066,1.22072,1.00,1.00
2016.12.28 13:44:46.173,1.22067,1.22074,1.69,1.50
2016.12.28 13:44:46.702,1.22068,1.22075,1.00,2.25
2016.12.28 13:44:47.314,1.22068,1.22076,1.00,3.75
2016.12.28 13:44:47.832,1.22067,1.22076,4.69,2.25
2016.12.28 13:44:48.615,1.22067,1.22074,4.69,1.00
2016.12.28 13:44:49.122,1.22067,1.22073,1.25,1.00
2016.12.28 13:44:52.276,1.22067,1.22074,1.25,1.87
2016.12.28 13:44:54.326,1.22068,1.22075,2.02,1.37
2016.12.28 13:44:54.478,1.22069,1.22078,2.59,3.75
2016.12.28 13:44:54.533,1.2207,1.22078,1.00,1.00
2016.12.28 13:44:55.426,1.22069,1.22078,1.12,1.00
2016.12.28 13:44:55.910,1.2207,1.22076,3.75,1.50
2016.12.28 13:44:55.961,1.22068,1.22075,1.69,1.00
2016.12.28 13:44:56.113,1.22066,1.22074,3.37,1.00
2016.12.28 13:44:56.468,1.22068,1.22076,1.00,1.37
2016.12.28 13:44:56.519,1.22068,1.22077,1.00,2.25
2016.12.28 13:44:57.082,1.22068,1.22077,1.00,1.00
2016.12.28 13:44:57.234,1.22068,1.22074,1.00,1.00
2016.12.28 13:44:57.337,1.22066,1.22073,1.87,1.00
2016.12.28 13:44:58.621,1.22066,1.22074,1.00,1.00
2016.12.28 13:44:58.672,1.22066,1.22072,1.00,1.00
2016.12.28 13:44:58.991,1.22066,1.2207,1.00,1.00
2016.12.28 13:44:59.247,1.22057,1.22064,1.69,1.00
2016.12.28 13:44:59.752,1.22057,1.22064,1.25,1.00
2016.12.28 13:45:00.273,1.22057,1.22065,1.25,1.00
2016.12.28 13:45:03.001,1.22057,1.22064,1.25,1.00
2016.12.28 13:45:03.527,1.22057,1.22065,1.25,1.00
2016.12.28 13:45:04.057,1.22057,1.22064,1.25,1.00
2016.12.28 13:45:04.159,1.22057,1.22066,1.25,1.00
2016.12.28 13:45:04.211,1.2206,1.22067,1.00,1.00
2016.12.28 13:45:04.543,1.22067,1.22074,1.00,1.12
2016.12.28 13:45:04.998,1.22065,1.22074,2.81,1.00
2016.12.28 13:45:06.768,1.22065,1.22073,1.31,1.00
2016.12.28 13:45:07.310,1.22066,1.22072,1.00,1.00
2016.12.28 13:45:07.822,1.22065,1.22072,1.25,1.00
2016.12.28 13:45:10.080,1.22065,1.22068,1.25,1.00
2016.12.28 13:45:10.131,1.22063,1.22067,1.12,1.00
2016.12.28 13:45:10.182,1.22059,1.22067,2.89,1.00
2016.12.28 13:45:14.658,1.22059,1.22068,1.31,1.00
2016.12.28 13:45:14.709,1.22062,1.2207,1.25,1.37
2016.12.28 13:45:14.760,1.22062,1.22071,1.69,1.87
2016.12.28 13:45:15.289,1.22062,1.22072,2.81,1.00
2016.12.28 13:45:15.976,1.22063,1.22072,1.00,1.00
2016.12.28 13:45:16.729,1.22063,1.22073,1.00,1.50
2016.12.28 13:45:19.898,1.22063,1.22072,1.00,1.00
2016.12.28 13:45:20.670,1.22063,1.22073,1.00,1.87
2016.12.28 13:45:23.405,1.22064,1.22074,3.00,1.50
2016.12.28 13:45:23.471,1.22066,1.22074,1.00,1.00
2016.12.28 13:45:26.434,1.22066,1.22075,1.00,1.50
2016.12.28 13:45:26.973,1.22066,1.22074,1.00,1.00
2016.12.28 13:45:30.007,1.22066,1.22075,1.00,1.50
2016.12.28 13:45:34.946,1.22066,1.22074,1.50,1.00
2016.12.28 13:45:35.468,1.22066,1.22075,1.00,1.12
2016.12.28 13:45:36.029,1.22065,1.22075,1.69,1.87
2016.12.28 13:45:36.548,1.22065,1.22074,1.25,1.00
2016.12.28 13:45:41.786,1.22065,1.22074,2.44,1.00
2016.12.28 13:45:44.379,1.22067,1.22075,1.00,1.87
2016.12.28 13:45:44.701,1.2207,1.22075,1.80,1.12
2016.12.28 13:45:44.955,1.22076,1.22083,1.25,1.00
2016.12.28 13:45:45.157,1.22076,1.22085,1.25,2.25
2016.12.28 13:45:48.549,1.2208,1.22087,2.44,1.87
2016.12.28 13:45:48.701,1.22078,1.22085,1.00,1.00
2016.12.28 13:45:48.847,1.22076,1.22086,1.69,1.12
2016.12.28 13:45:50.838,1.22076,1.22085,1.25,1.00
2016.12.28 13:45:50.990,1.22075,1.22083,1.50,1.00
2016.12.28 13:45:51.519,1.22074,1.22083,1.25,1.50
2016.12.28 13:45:51.823,1.22071,1.22076,1.00,1.00
2016.12.28 13:45:51.874,1.22069,1.22076,1.25,1.00
2016.12.28 13:45:53.115,1.22065,1.22074,1.25,1.00
2016.12.28 13:45:53.527,1.22073,1.22076,1.34,1.50
2016.12.28 13:45:53.578,1.22072,1.22075,1.09,1.00
2016.12.28 13:45:53.731,1.22074,1.22078,1.00,3.75
2016.12.28 13:45:53.782,1.22074,1.22082,1.00,2.25
2016.12.28 13:45:55.357,1.22074,1.22083,3.00,1.87
2016.12.28 13:45:55.982,1.22075,1.22085,1.25,1.87
2016.12.28 13:45:56.900,1.22076,1.22084,1.00,1.12
2016.12.28 13:46:01.546,1.22075,1.22084,1.69,1.87
2016.12.28 13:46:02.062,1.22074,1.22083,1.69,1.50
2016.12.28 13:46:03.648,1.22074,1.22083,1.69,1.37
2016.12.28 13:46:04.200,1.22074,1.22083,1.69,1.50
2016.12.28 13:46:07.849,1.22074,1.22084,1.69,1.00
2016.12.28 13:46:11.199,1.22072,1.22079,1.00,2.62
2016.12.28 13:46:11.402,1.22073,1.22082,1.12,1.12
2016.12.28 13:46:11.932,1.22074,1.22084,1.69,7.12
2016.12.28 13:46:12.396,1.22074,1.22084,1.69,1.12
2016.12.28 13:46:21.495,1.22074,1.22083,1.69,1.00
2016.12.28 13:46:22.017,1.22074,1.22083,1.25,1.50
2016.12.28 13:46:23.778,1.22072,1.22082,1.00,1.50
2016.12.28 13:46:29.456,1.22075,1.22084,1.00,3.00
2016.12.28 13:46:29.507,1.22075,1.22085,1.00,2.25
2016.12.28 13:46:30.036,1.22076,1.22084,1.00,1.00
2016.12.28 13:46:31.775,1.22074,1.22085,3.19,3.00
2016.12.28 13:46:32.311,1.22075,1.22085,1.00,2.62
2016.12.28 13:46:34.491,1.22075,1.22084,1.00,1.00
2016.12.28 13:46:40.413,1.22076,1.22085,1.00,1.87
2016.12.28 13:46:40.767,1.22078,1.22085,1.19,1.00
2016.12.28 13:46:41.312,1.22078,1.22086,1.19,1.00
2016.12.28 13:46:41.464,1.22076,1.22085,1.25,1.00
2016.12.28 13:46:42.074,1.22076,1.22086,1.69,4.12
2016.12.28 13:46:44.375,1.22079,1.22088,1.31,3.37
2016.12.28 13:46:44.911,1.22079,1.22089,1.69,1.00
2016.12.28 13:46:46.207,1.22082,1.22091,1.19,1.50
2016.12.28 13:46:46.309,1.22082,1.22091,1.19,1.12
2016.12.28 13:46:46.814,1.22082,1.22091,1.19,1.50
2016.12.28 13:46:49.483,1.22084,1.22091,1.25,1.50
2016.12.28 13:46:49.993,1.22084,1.22091,1.25,1.00
2016.12.28 13:46:51.144,1.22082,1.22091,1.25,1.50
2016.12.28 13:46:52.316,1.22082,1.22093,3.19,1.87
2016.12.28 13:46:52.367,1.22085,1.22093,1.25,1.87
2016.12.28 13:46:52.482,1.22085,1.22094,2.02,1.00
2016.12.28 13:46:53.150,1.22085,1.22092,1.25,1.00
2016.12.28 13:46:53.219,1.22083,1.22092,1.69,1.12
2016.12.28 13:46:53.424,1.22083,1.22089,1.25,1.00
2016.12.28 13:46:53.677,1.22076,1.22083,1.25,1.00
2016.12.28 13:46:56.675,1.22076,1.22084,1.25,1.00
2016.12.28 13:46:56.777,1.22073,1.2208,1.31,1.00
2016.12.28 13:46:57.125,1.22073,1.22082,1.69,1.12
2016.12.28 13:46:57.728,1.22074,1.22083,1.00,2.25
2016.12.28 13:46:59.842,1.22073,1.22083,1.65,2.25
2016.12.28 13:47:00.096,1.22076,1.22082,1.25,1.00
2016.12.28 13:47:00.400,1.22077,1.22085,1.19,2.62
2016.12.28 13:47:00.501,1.22077,1.22086,1.19,1.12
2016.12.28 13:47:00.982,1.22077,1.22084,1.19,1.00
2016.12.28 13:47:02.309,1.22074,1.22081,1.69,1.00
2016.12.28 13:47:02.822,1.22074,1.22081,1.25,1.12
2016.12.28 13:47:03.128,1.22068,1.22074,1.31,1.00
2016.12.28 13:47:03.652,1.22068,1.22073,1.19,1.00
2016.12.28 13:47:03.838,1.22065,1.22074,1.25,1.00
2016.12.28 13:47:09.563,1.22067,1.22074,1.80,1.00
2016.12.28 13:47:09.614,1.22072,1.22077,1.00,1.00
2016.12.28 13:47:09.716,1.22072,1.22081,2.25,3.75
2016.12.28 13:47:09.767,1.22072,1.22083,1.50,1.50
2016.12.28 13:47:09.969,1.22071,1.22081,3.75,1.00
2016.12.28 13:47:10.276,1.22075,1.22084,1.19,1.50
2016.12.28 13:47:11.082,1.22075,1.22083,4.31,1.00
2016.12.28 13:47:11.133,1.22076,1.22085,1.20,1.00
2016.12.28 13:47:11.184,1.22077,1.22085,1.27,1.00
2016.12.28 13:47:11.602,1.22078,1.22087,1.25,1.00
2016.12.28 13:47:11.906,1.22078,1.22084,1.31,1.00
2016.12.28 13:47:12.058,1.22077,1.22087,2.44,1.00
2016.12.28 13:47:14.749,1.22077,1.22085,1.31,1.00
2016.12.28 13:47:15.298,1.22077,1.22084,1.19,1.00
2016.12.28 13:47:15.809,1.22077,1.22084,1.25,1.00
2016.12.28 13:47:17.101,1.22077,1.22085,1.31,1.00
2016.12.28 13:47:17.603,1.22077,1.22084,1.25,1.50
2016.12.28 13:47:20.370,1.22073,1.22084,6.19,1.00
2016.12.28 13:47:22.643,1.22077,1.22084,1.25,1.00
2016.12.28 13:47:23.057,1.22073,1.22084,5.40,1.50
2016.12.28 13:47:33.430,1.22073,1.22084,3.19,3.75
2016.12.28 13:47:33.481,1.22073,1.22081,1.69,1.00
2016.12.28 13:47:33.532,1.22073,1.22081,1.25,1.00
2016.12.28 13:47:34.094,1.22073,1.22083,2.44,6.00
2016.12.28 13:47:34.234,1.22074,1.22084,2.21,2.25
2016.12.28 13:47:40.726,1.22073,1.22083,2.77,1.87
2016.12.28 13:47:41.032,1.22077,1.22084,1.25,1.00
2016.12.28 13:47:46.501,1.22075,1.22081,1.00,1.00
2016.12.28 13:47:46.805,1.22069,1.22074,2.89,1.00
2016.12.28 13:47:46.957,1.22068,1.22074,1.19,1.00
2016.12.28 13:47:47.315,1.22067,1.22074,1.50,1.00
2016.12.28 13:47:47.908,1.22066,1.22073,1.25,1.00
2016.12.28 13:47:51.413,1.22063,1.22073,1.69,1.00
2016.12.28 13:47:51.464,1.22063,1.22072,1.31,1.50
2016.12.28 13:47:51.974,1.22063,1.22071,1.25,1.00
2016.12.28 13:47:52.521,1.22063,1.2207,1.25,1.00
2016.12.28 13:47:52.572,1.22063,1.22068,1.25,1.00
2016.12.28 13:47:52.623,1.2206,1.22068,1.31,1.00
2016.12.28 13:47:57.055,1.2206,1.22069,1.25,1.12
2016.12.28 13:47:58.362,1.2206,1.22068,1.25,1.00
2016.12.28 13:48:03.270,1.2206,1.2207,2.44,1.00
2016.12.28 13:48:03.422,1.22063,1.22071,1.00,1.00
2016.12.28 13:48:03.971,1.22063,1.22072,1.25,1.00
2016.12.28 13:48:04.507,1.22063,1.22071,1.25,1.00
2016.12.28 13:48:07.827,1.22063,1.2207,1.25,1.00
2016.12.28 13:48:08.181,1.22063,1.22068,1.25,1.00
2016.12.28 13:48:08.586,1.22059,1.22068,2.40,1.00
2016.12.28 13:48:09.190,1.22059,1.22068,2.02,1.00
2016.12.28 13:48:10.003,1.2206,1.22069,1.50,1.00
2016.12.28 13:48:10.054,1.22061,1.2207,1.84,1.00
2016.12.28 13:48:10.459,1.22061,1.22068,1.84,1.00
2016.12.28 13:48:10.560,1.22059,1.22068,4.27,1.00
2016.12.28 13:48:12.608,1.22059,1.22069,1.62,1.00
2016.12.28 13:48:15.984,1.22058,1.22066,1.00,2.25
2016.12.28 13:48:16.288,1.22056,1.22064,1.25,1.12
2016.12.28 13:48:16.798,1.22056,1.22065,1.69,1.12
2016.12.28 13:48:18.719,1.22056,1.22064,1.25,1.00
2016.12.28 13:48:20.569,1.22053,1.22061,1.00,1.00
2016.12.28 13:48:21.101,1.22053,1.22062,1.00,3.00
2016.12.28 13:48:21.682,1.22054,1.22064,1.00,1.50
2016.12.28 13:48:21.995,1.22056,1.22064,1.25,1.50
2016.12.28 13:48:24.191,1.22056,1.22063,1.25,1.00
2016.12.28 13:48:25.409,1.22056,1.22064,1.25,1.50
2016.12.28 13:48:26.088,1.22056,1.22062,1.25,1.00
2016.12.28 13:48:26.190,1.22051,1.2206,2.06,1.00
2016.12.28 13:48:26.342,1.22053,1.22063,2.25,1.87
2016.12.28 13:48:26.393,1.22055,1.22063,1.25,1.37
2016.12.28 13:48:26.545,1.22055,1.22064,1.25,1.00
2016.12.28 13:48:31.049,1.22055,1.22065,1.69,1.50
2016.12.28 13:48:31.404,1.22056,1.22067,3.00,1.00
2016.12.28 13:48:31.607,1.2206,1.22068,1.25,1.50
2016.12.28 13:48:39.992,1.2206,1.2207,2.44,2.25
2016.12.28 13:48:40.498,1.2206,1.22069,1.25,1.00
2016.12.28 13:48:43.558,1.22061,1.22069,1.00,1.12
2016.12.28 13:48:43.609,1.2206,1.22071,1.69,1.12
2016.12.28 13:48:44.457,1.22061,1.22071,1.50,1.12
2016.12.28 13:48:44.993,1.2206,1.22071,3.19,2.62
2016.12.28 13:48:45.213,1.2206,1.22069,3.19,1.00
2016.12.28 13:48:45.416,1.22061,1.22072,1.00,2.44
2016.12.28 13:48:45.622,1.22063,1.22072,1.25,1.12
2016.12.28 13:48:45.935,1.22067,1.22077,1.27,4.50
2016.12.28 13:48:46.442,1.22068,1.22077,1.31,1.00
2016.12.28 13:48:47.717,1.22067,1.22076,1.31,1.00
2016.12.28 13:48:48.792,1.22067,1.22075,1.19,1.00
2016.12.28 13:48:54.115,1.22067,1.22077,1.19,1.00
2016.12.28 13:48:55.087,1.22067,1.22076,1.19,1.00
2016.12.28 13:48:58.976,1.22067,1.22074,1.19,1.00
2016.12.28 13:49:03.011,1.22063,1.22072,1.87,1.00
2016.12.28 13:49:03.113,1.22061,1.2207,3.56,1.00
2016.12.28 13:49:03.265,1.2206,1.22068,2.81,1.00
2016.12.28 13:49:08.018,1.2206,1.2207,2.44,1.50
2016.12.28 13:49:11.439,1.22061,1.22071,1.31,1.12
2016.12.28 13:49:11.870,1.22063,1.22072,1.00,1.87
2016.12.28 13:49:12.275,1.22064,1.22073,2.02,1.00
2016.12.28 13:49:12.428,1.22066,1.22074,1.00,1.00
2016.12.28 13:49:12.969,1.22065,1.22074,2.21,1.00
2016.12.28 13:49:13.538,1.22065,1.22073,1.87,1.00
2016.12.28 13:49:16.815,1.22067,1.22077,1.00,2.25
2016.12.28 13:49:16.866,1.22067,1.22075,1.19,1.00
2016.12.28 13:49:18.779,1.22067,1.22075,1.00,1.00
2016.12.28 13:49:20.539,1.22072,1.2208,3.00,3.00
2016.12.28 13:49:20.792,1.22066,1.22075,4.69,1.00
2016.12.28 13:49:20.944,1.22066,1.22073,1.31,1.00
2016.12.28 13:49:22.251,1.22064,1.22074,4.69,1.00
2016.12.28 13:49:22.763,1.22065,1.22072,1.37,1.00
2016.12.28 13:49:23.016,1.22065,1.22075,2.62,1.00
2016.12.28 13:49:23.118,1.22068,1.22076,1.50,2.06
2016.12.28 13:49:23.671,1.22068,1.22077,1.12,1.00
2016.12.28 13:49:27.706,1.22067,1.22075,3.19,1.00
2016.12.28 13:49:27.757,1.22067,1.22077,1.62,1.00
2016.12.28 13:49:27.808,1.22067,1.22075,1.31,1.00
2016.12.28 13:49:28.122,1.22065,1.22072,1.50,1.00
2016.12.28 13:49:29.001,1.22064,1.22072,1.31,1.00
2016.12.28 13:49:32.975,1.22064,1.2207,1.25,1.00
2016.12.28 13:49:33.729,1.22064,1.22067,1.25,1.00
2016.12.28 13:49:33.830,1.22058,1.22066,1.75,1.00
2016.12.28 13:49:33.881,1.22057,1.22066,1.25,1.00
2016.12.28 13:49:34.108,1.22058,1.22068,1.00,2.25
2016.12.28 13:49:34.210,1.2206,1.22069,1.00,3.19
2016.12.28 13:49:34.312,1.22057,1.22069,3.19,4.69
2016.12.28 13:49:34.772,1.22057,1.22066,1.00,1.31
2016.12.28 13:49:34.925,1.22055,1.22066,2.06,2.81
2016.12.28 13:49:35.436,1.22056,1.22066,1.00,1.69
2016.12.28 13:49:42.527,1.22054,1.22062,1.50,1.25
2016.12.28 13:49:42.730,1.22048,1.22057,1.00,1.87
2016.12.28 13:49:42.832,1.22048,1.22057,1.00,6.00
2016.12.28 13:49:42.933,1.22047,1.22058,1.69,3.94
2016.12.28 13:49:43.116,1.22046,1.22054,1.00,1.25
2016.12.28 13:49:43.667,1.22047,1.22054,1.00,1.25
2016.12.28 13:49:44.173,1.22052,1.22057,1.00,1.12
2016.12.28 13:49:44.377,1.22056,1.22065,1.00,1.00
2016.12.28 13:49:46.729,1.22054,1.22062,1.25,1.00
2016.12.28 13:49:47.034,1.22048,1.22057,1.12,5.62
2016.12.28 13:49:51.784,1.22046,1.22056,1.00,1.87
2016.12.28 13:49:56.245,1.22047,1.22056,1.00,2.25
2016.12.28 13:49:56.552,1.22049,1.22058,1.00,7.12
2016.12.28 13:49:58.195,1.2205,1.22058,1.00,6.00
2016.12.28 13:50:00.131,1.22053,1.22059,1.00,4.50
2016.12.28 13:50:00.233,1.22053,1.2206,1.84,1.00
2016.12.28 13:50:00.774,1.22053,1.22062,1.50,2.44
2016.12.28 13:50:02.198,1.22053,1.22062,1.00,1.25
2016.12.28 13:50:03.361,1.22054,1.22062,1.00,1.25
2016.12.28 13:50:04.958,1.22053,1.22062,2.25,1.69
2016.12.28 13:50:05.059,1.22055,1.22062,1.00,1.25
2016.12.28 13:50:06.865,1.22054,1.22062,1.00,1.25
2016.12.28 13:50:07.151,1.22053,1.22064,1.50,2.62
2016.12.28 13:50:07.436,1.22055,1.22064,1.00,1.87
2016.12.28 13:50:08.026,1.22062,1.22064,1.00,1.12
2016.12.28 13:50:08.332,1.22069,1.22072,1.00,2.25
2016.12.28 13:50:08.433,1.22069,1.22076,1.00,3.19
2016.12.28 13:50:09.165,1.22068,1.22076,1.50,1.25
2016.12.28 13:50:09.772,1.22072,1.22076,1.00,1.69
2016.12.28 13:50:09.892,1.22067,1.22076,1.50,2.06
2016.12.28 13:50:10.167,1.22069,1.22076,1.00,1.69
2016.12.28 13:50:10.370,1.22067,1.22076,1.00,2.06
2016.12.28 13:50:10.890,1.22066,1.22076,1.87,1.31
2016.12.28 13:50:11.439,1.22066,1.22075,1.50,1.00
2016.12.28 13:50:16.783,1.22066,1.22074,1.00,2.25
2016.12.28 13:50:16.935,1.22066,1.22071,1.00,1.31
2016.12.28 13:50:16.986,1.22064,1.2207,1.00,1.50
2016.12.28 13:50:17.037,1.22064,1.22068,1.00,3.37
2016.12.28 13:50:17.088,1.2206,1.22067,1.12,1.12
2016.12.28 13:50:17.645,1.22056,1.22066,1.00,3.00
2016.12.28 13:50:17.696,1.22056,1.22064,1.00,1.31
2016.12.28 13:50:17.899,1.22054,1.22064,2.06,1.50
2016.12.28 13:50:18.152,1.22051,1.22057,1.87,1.50
2016.12.28 13:50:18.204,1.22048,1.22057,3.56,2.62
2016.12.28 13:50:18.305,1.22046,1.22056,1.00,1.50
2016.12.28 13:50:19.014,1.22046,1.22055,1.00,1.50
2016.12.28 13:50:20.318,1.22046,1.22057,1.00,4.69
2016.12.28 13:50:22.667,1.22045,1.22049,1.25,1.00
2016.12.28 13:50:22.718,1.22042,1.22049,2.06,1.00
2016.12.28 13:50:22.871,1.22041,1.22046,1.19,1.00
2016.12.28 13:50:22.922,1.22038,1.22046,1.00,1.50
2016.12.28 13:50:23.108,1.22037,1.22044,2.44,1.00
2016.12.28 13:50:23.159,1.22037,1.22046,2.44,1.12
2016.12.28 13:50:26.481,1.22038,1.22046,2.25,1.00
2016.12.28 13:50:26.533,1.22045,1.22051,1.00,4.50
2016.12.28 13:50:26.584,1.22045,1.22053,1.50,1.62
2016.12.28 13:50:26.838,1.22047,1.22055,1.69,1.50
2016.12.28 13:50:26.991,1.22049,1.22055,1.00,1.50
2016.12.28 13:50:27.447,1.22048,1.22057,1.00,2.62
2016.12.28 13:50:27.498,1.2205,1.22057,1.00,2.62
2016.12.28 13:50:27.881,1.22048,1.22057,1.00,1.50
2016.12.28 13:50:28.137,1.22048,1.22059,1.09,4.50
2016.12.28 13:50:28.423,1.22047,1.22057,3.56,1.00
2016.12.28 13:50:28.932,1.22047,1.22058,2.06,1.50
2016.12.28 13:50:29.469,1.22047,1.22058,3.15,2.62
2016.12.28 13:50:29.985,1.22047,1.22057,3.56,1.00
2016.12.28 13:50:30.568,1.22048,1.22058,1.12,3.37
2016.12.28 13:50:34.911,1.22047,1.22053,1.12,3.00
2016.12.28 13:50:34.963,1.22047,1.2205,1.00,1.69
2016.12.28 13:50:35.014,1.22043,1.22052,1.00,1.00
2016.12.28 13:50:35.065,1.22046,1.22054,1.00,1.37
2016.12.28 13:50:35.587,1.22047,1.22055,1.00,1.50
2016.12.28 13:50:35.841,1.2205,1.22059,1.00,2.62
2016.12.28 13:50:35.892,1.2205,1.22059,1.00,1.50
2016.12.28 13:50:35.943,1.22048,1.22057,1.12,1.00
2016.12.28 13:50:36.470,1.22047,1.22058,3.75,4.69
2016.12.28 13:50:37.692,1.22047,1.22057,3.00,1.50
2016.12.28 13:50:39.745,1.22047,1.22056,1.00,1.00
2016.12.28 13:50:40.049,1.22045,1.22052,1.00,1.00
2016.12.28 13:50:40.457,1.22047,1.22054,1.00,1.75
2016.12.28 13:50:40.660,1.22048,1.22056,1.00,1.37
2016.12.28 13:50:40.913,1.22046,1.22053,1.00,1.50
2016.12.28 13:50:41.255,1.22043,1.22052,1.00,2.25
2016.12.28 13:50:41.559,1.2205,1.22057,1.12,4.12
2016.12.28 13:50:41.610,1.22052,1.22059,1.00,1.25
2016.12.28 13:50:42.117,1.2205,1.22061,1.00,2.62
2016.12.28 13:50:43.281,1.22048,1.22058,1.12,1.25
2016.12.28 13:50:43.534,1.22047,1.22058,1.12,8.81
2016.12.28 13:50:44.092,1.22048,1.22058,1.00,8.06
2016.12.28 13:50:44.503,1.22048,1.22058,1.00,2.81
2016.12.28 13:50:45.044,1.22048,1.22058,1.37,2.81
2016.12.28 13:50:45.502,1.22047,1.22055,1.00,1.50
2016.12.28 13:50:46.261,1.22046,1.22055,1.00,3.19
2016.12.28 13:50:49.899,1.22047,1.22055,1.00,1.25
2016.12.28 13:50:50.712,1.22047,1.22054,1.00,1.00
2016.12.28 13:50:51.259,1.22046,1.22055,1.00,1.25
2016.12.28 13:50:59.339,1.22044,1.22053,3.00,1.00
2016.12.28 13:50:59.643,1.22046,1.22055,1.00,2.81
2016.12.28 13:51:00.430,1.22047,1.22055,1.00,1.31
2016.12.28 13:51:00.836,1.22048,1.22058,1.00,1.00
2016.12.28 13:51:00.887,1.22051,1.22059,1.00,2.81
2016.12.28 13:51:00.939,1.22048,1.22058,1.00,1.50
2016.12.28 13:51:01.040,1.22047,1.22055,1.00,1.00
2016.12.28 13:51:01.562,1.22047,1.22056,1.00,4.87
2016.12.28 13:51:01.932,1.22044,1.22055,1.12,3.94
2016.12.28 13:51:02.470,1.22044,1.22055,1.50,5.25
2016.12.28 13:51:03.291,1.22043,1.22052,1.50,1.25
2016.12.28 13:51:03.595,1.22038,1.22049,1.50,5.81
2016.12.28 13:51:03.646,1.22038,1.22049,1.87,1.69
2016.12.28 13:51:03.697,1.22038,1.22047,1.00,1.00
2016.12.28 13:51:04.153,1.22039,1.22049,1.00,1.69
2016.12.28 13:51:04.254,1.22037,1.22044,1.00,1.25
2016.12.28 13:51:04.335,1.22034,1.22044,2.06,1.25
2016.12.28 13:51:04.665,1.22037,1.22044,1.00,1.62
2016.12.28 13:51:05.171,1.22035,1.22044,1.12,1.25
2016.12.28 13:51:06.306,1.22036,1.22044,1.12,1.25
2016.12.28 13:51:06.812,1.22035,1.22044,1.00,1.25
2016.12.28 13:51:07.621,1.22037,1.22048,1.00,4.12
2016.12.28 13:51:07.925,1.22033,1.22044,1.12,5.40
2016.12.28 13:51:08.270,1.22032,1.22039,2.25,1.00
2016.12.28 13:51:08.725,1.22032,1.22041,1.00,3.19
2016.12.28 13:51:09.434,1.22033,1.22043,2.25,3.75
2016.12.28 13:51:10.887,1.22033,1.22043,2.25,1.00
2016.12.28 13:51:11.424,1.22033,1.22044,3.00,5.40
2016.12.28 13:51:16.660,1.22034,1.22044,1.50,3.19
2016.12.28 13:51:17.245,1.22033,1.22044,1.00,3.19
2016.12.28 13:51:18.583,1.22035,1.22044,1.00,2.06
2016.12.28 13:51:18.887,1.2204,1.22046,1.00,1.12
2016.12.28 13:51:18.938,1.22038,1.22045,1.00,2.44
2016.12.28 13:51:19.040,1.22034,1.22043,3.45,1.00
2016.12.28 13:51:19.091,1.22034,1.22043,2.25,1.50
2016.12.28 13:51:25.737,1.22035,1.22043,1.00,1.50
2016.12.28 13:51:25.839,1.22033,1.22041,1.00,1.12
2016.12.28 13:51:26.864,1.22034,1.22042,1.00,2.81
2016.12.28 13:51:27.068,1.22034,1.22043,1.50,2.25
2016.12.28 13:51:27.332,1.22033,1.22041,1.12,1.25
2016.12.28 13:51:27.637,1.22031,1.22041,1.69,2.44
2016.12.28 13:51:28.143,1.22031,1.22041,1.69,3.56
2016.12.28 13:51:28.371,1.22028,1.22036,1.85,2.44
2016.12.28 13:51:28.422,1.22027,1.22036,1.57,1.25
2016.12.28 13:51:28.574,1.22026,1.22034,1.50,1.00
2016.12.28 13:51:28.727,1.22026,1.22034,1.50,1.00
2016.12.28 13:51:29.666,1.22026,1.22035,1.50,2.25
2016.12.28 13:51:30.127,1.22028,1.22036,1.00,1.69
2016.12.28 13:51:30.431,1.22032,1.22041,1.00,2.06
2016.12.28 13:51:30.979,1.22032,1.22041,1.00,2.06
2016.12.28 13:51:31.410,1.2203,1.22038,1.69,2.25
2016.12.28 13:51:31.648,1.22028,1.22037,1.50,1.25
2016.12.28 13:51:34.140,1.22029,1.22037,1.00,1.25
2016.12.28 13:51:35.222,1.22029,1.2204,1.69,2.44
2016.12.28 13:51:35.447,1.22032,1.2204,1.00,2.44
2016.12.28 13:51:35.786,1.22034,1.22043,1.00,1.00
2016.12.28 13:51:36.935,1.22034,1.22043,1.84,1.00
2016.12.28 13:51:36.986,1.22036,1.22043,2.89,1.00
2016.12.28 13:51:37.037,1.22039,1.22046,2.25,1.50
2016.12.28 13:51:37.189,1.2204,1.22049,1.00,1.69
2016.12.28 13:51:37.291,1.22039,1.22047,1.00,1.00
2016.12.28 13:51:37.596,1.22036,1.22047,3.94,1.12
2016.12.28 13:51:39.352,1.22036,1.22046,3.19,1.00
2016.12.28 13:51:39.708,1.22036,1.22047,4.31,1.00
2016.12.28 13:51:41.473,1.22036,1.22047,5.81,1.12
2016.12.28 13:51:42.231,1.22036,1.22045,5.44,1.00
2016.12.28 13:51:44.224,1.22038,1.22045,1.00,1.00
2016.12.28 13:51:45.157,1.22036,1.22045,2.81,1.00
2016.12.28 13:51:45.258,1.2204,1.22046,1.00,1.00
2016.12.28 13:51:45.309,1.2204,1.22049,1.00,2.44
2016.12.28 13:51:45.461,1.22042,1.22049,1.00,1.69
2016.12.28 13:51:46.695,1.2204,1.22049,1.00,2.06
2016.12.28 13:51:46.865,1.22043,1.22049,1.00,1.25
2016.12.28 13:51:46.917,1.22043,1.22052,1.00,1.62
2016.12.28 13:51:46.969,1.22042,1.22053,1.37,2.25
2016.12.28 13:51:47.123,1.22042,1.22051,1.50,1.00
2016.12.28 13:51:47.225,1.22042,1.22051,1.00,1.00
2016.12.28 13:51:47.530,1.22043,1.22052,1.37,1.25
2016.12.28 13:51:47.783,1.22042,1.22052,1.12,1.25
2016.12.28 13:51:48.202,1.22044,1.22051,1.00,1.00
2016.12.28 13:51:48.406,1.22046,1.22055,1.00,1.69
2016.12.28 13:51:48.948,1.22045,1.22055,1.50,1.69
2016.12.28 13:51:49.486,1.22044,1.22055,4.69,1.69
2016.12.28 13:51:50.013,1.22045,1.22055,1.25,1.00
2016.12.28 13:51:51.135,1.22043,1.22053,1.00,1.00
2016.12.28 13:51:51.441,1.22039,1.22045,1.19,1.00
2016.12.28 13:51:51.947,1.22039,1.22046,1.19,1.12
2016.12.28 13:51:52.164,1.22036,1.22044,1.50,1.00
2016.12.28 13:51:52.672,1.22035,1.22044,2.06,1.00
2016.12.28 13:51:53.768,1.22035,1.22046,2.06,1.50
2016.12.28 13:51:55.588,1.22035,1.22044,1.69,1.00
2016.12.28 13:51:57.027,1.22035,1.22043,1.31,1.00
2016.12.28 13:51:57.550,1.22035,1.22042,1.25,1.12
2016.12.28 13:51:57.601,1.22032,1.22042,1.00,1.12
2016.12.28 13:51:58.145,1.22032,1.22041,1.00,1.00
2016.12.28 13:51:58.694,1.22031,1.22041,1.12,1.00
2016.12.28 13:52:01.637,1.2203,1.22039,1.37,2.06
2016.12.28 13:52:01.962,1.22032,1.22035,3.00,1.00
2016.12.28 13:52:02.063,1.22032,1.22041,4.46,4.12
2016.12.28 13:52:02.166,1.22034,1.22043,1.00,1.00
2016.12.28 13:52:02.378,1.22041,1.22046,1.00,4.50
2016.12.28 13:52:02.429,1.22041,1.22047,1.00,1.62
2016.12.28 13:52:02.532,1.22043,1.2205,1.00,3.75
2016.12.28 13:52:02.583,1.22042,1.22052,1.00,2.06
2016.12.28 13:52:02.938,1.22039,1.22047,1.75,1.00
2016.12.28 13:52:03.227,1.22034,1.22044,1.50,1.37
2016.12.28 13:52:03.278,1.22034,1.22044,1.50,1.00
2016.12.28 13:52:03.379,1.22036,1.22045,1.00,1.31
2016.12.28 13:52:03.683,1.22038,1.22045,1.00,1.69
2016.12.28 13:52:03.835,1.22035,1.22045,1.87,1.31
2016.12.28 13:52:03.936,1.22037,1.22045,1.00,1.25
2016.12.28 13:52:04.493,1.22035,1.22045,1.00,1.69
2016.12.28 13:52:04.595,1.22039,1.22045,1.00,1.25
2016.12.28 13:52:04.884,1.22035,1.22045,1.87,1.25
2016.12.28 13:52:04.935,1.22035,1.22043,1.50,1.00
2016.12.28 13:52:05.239,1.22038,1.22045,1.00,1.25
2016.12.28 13:52:06.050,1.22035,1.22045,1.12,1.69
2016.12.28 13:52:06.152,1.22037,1.22047,1.00,3.00
2016.12.28 13:52:06.450,1.22043,1.22053,1.12,1.12
2016.12.28 13:52:06.501,1.22045,1.22053,1.00,1.00
2016.12.28 13:52:06.552,1.22043,1.22054,1.12,3.37
2016.12.28 13:52:06.603,1.22045,1.22053,1.00,1.00
2016.12.28 13:52:07.161,1.22044,1.22052,1.00,1.00
2016.12.28 13:52:07.465,1.2204,1.2205,1.00,1.69
2016.12.28 13:52:07.516,1.22038,1.22049,1.50,1.00
2016.12.28 13:52:07.567,1.22045,1.22051,1.00,1.37
2016.12.28 13:52:07.668,1.22046,1.22052,1.00,1.12
2016.12.28 13:52:07.821,1.22047,1.22054,1.00,1.50
2016.12.28 13:52:08.796,1.22045,1.22055,1.00,1.37
2016.12.28 13:52:08.898,1.22044,1.22052,1.25,1.00
2016.12.28 13:52:08.999,1.22041,1.22051,1.12,1.12
2016.12.28 13:52:09.100,1.22046,1.2205,1.00,1.00
2016.12.28 13:52:09.258,1.22046,1.22052,1.00,1.12
2016.12.28 13:52:09.764,1.22045,1.22051,1.00,1.00
2016.12.28 13:52:10.201,1.2204,1.2205,1.69,1.00
2016.12.28 13:52:13.631,1.22041,1.22051,1.00,1.00
2016.12.28 13:52:14.129,1.22043,1.22051,1.00,1.00
2016.12.28 13:52:14.586,1.22044,1.22054,1.69,1.00
2016.12.28 13:52:14.745,1.22046,1.22054,1.00,1.00
2016.12.28 13:52:17.834,1.22046,1.22055,1.00,1.00
2016.12.28 13:52:22.467,1.22046,1.22057,1.00,3.56
2016.12.28 13:52:23.144,1.22046,1.22055,1.00,1.50
2016.12.28 13:52:23.474,1.22049,1.22055,1.00,1.87
2016.12.28 13:52:23.722,1.22049,1.22057,1.00,3.37
2016.12.28 13:52:24.266,1.22049,1.22056,1.00,1.87
2016.12.28 13:52:24.772,1.22049,1.22057,1.00,1.00
2016.12.28 13:52:25.305,1.22047,1.22057,2.40,1.00
2016.12.28 13:52:25.817,1.22052,1.22059,1.00,1.87
2016.12.28 13:52:25.869,1.2205,1.22059,1.00,1.12
2016.12.28 13:52:26.384,1.2205,1.2206,3.00,2.44
2016.12.28 13:52:26.916,1.2205,1.2206,1.50,2.44
2016.12.28 13:52:28.610,1.2205,1.22059,1.50,1.50
2016.12.28 13:52:29.963,1.22051,1.22059,1.00,1.50
2016.12.28 13:52:31.150,1.2205,1.22059,1.50,1.50
2016.12.28 13:52:34.320,1.22049,1.22059,1.00,2.62
2016.12.28 13:52:34.835,1.22048,1.22059,1.00,3.00
2016.12.28 13:52:34.886,1.2205,1.22058,1.00,1.00
2016.12.28 13:52:35.486,1.2205,1.22059,2.62,1.50
2016.12.28 13:52:37.430,1.2205,1.2206,1.87,1.25
2016.12.28 13:52:37.967,1.22052,1.2206,1.00,1.25
2016.12.28 13:52:40.990,1.22051,1.2206,1.00,1.25
2016.12.28 13:52:41.768,1.22051,1.22059,1.00,1.25
2016.12.28 13:52:44.890,1.22052,1.22059,1.00,1.25
2016.12.28 13:52:45.515,1.22051,1.22059,1.00,1.25
2016.12.28 13:52:51.203,1.22053,1.22059,1.00,1.25
2016.12.28 13:52:51.255,1.22051,1.22059,1.00,1.25
2016.12.28 13:52:54.675,1.22052,1.22059,1.00,1.25
2016.12.28 13:52:55.192,1.22051,1.2206,1.00,1.25
2016.12.28 13:52:55.703,1.2205,1.2206,1.12,1.25
2016.12.28 13:53:05.506,1.2205,1.22061,2.06,1.12
2016.12.28 13:53:05.670,1.2205,1.22058,1.31,3.37
2016.12.28 13:53:05.974,1.22046,1.22055,1.69,2.62
2016.12.28 13:53:07.068,1.22045,1.22054,1.00,2.62
2016.12.28 13:53:07.119,1.22043,1.22052,1.69,2.25
2016.12.28 13:53:07.657,1.22043,1.22052,1.25,4.12
2016.12.28 13:53:08.173,1.22043,1.22052,1.25,4.12
2016.12.28 13:53:08.713,1.22046,1.22052,1.00,1.00
2016.12.28 13:53:08.764,1.22046,1.22055,1.00,1.00
2016.12.28 13:53:09.939,1.22045,1.22054,1.46,1.00
2016.12.28 13:53:10.141,1.22043,1.22052,1.25,1.12
2016.12.28 13:53:10.647,1.22043,1.22051,1.25,2.62
2016.12.28 13:53:11.187,1.22043,1.22052,1.25,3.00
2016.12.28 13:53:12.332,1.22044,1.22052,1.00,3.37
2016.12.28 13:53:12.637,1.22046,1.22056,1.09,5.62
2016.12.28 13:53:17.614,1.22052,1.22056,1.00,4.12
2016.12.28 13:53:17.716,1.22052,1.22059,1.00,1.37
2016.12.28 13:53:17.969,1.2205,1.22061,1.12,2.62
2016.12.28 13:53:18.020,1.22051,1.22061,1.00,1.50
2016.12.28 13:53:18.333,1.22055,1.22063,1.69,5.62
2016.12.28 13:53:18.486,1.22055,1.22063,1.69,1.00
2016.12.28 13:53:19.683,1.22055,1.22061,1.25,1.50
2016.12.28 13:53:19.734,1.22052,1.2206,1.00,1.00
2016.12.28 13:53:19.802,1.2205,1.22061,1.69,1.12
2016.12.28 13:53:19.853,1.22055,1.22061,1.00,1.12
2016.12.28 13:53:20.125,1.22054,1.22063,2.06,3.00
2016.12.28 13:53:20.278,1.22054,1.22061,1.56,1.00
2016.12.28 13:53:20.870,1.22051,1.22061,1.00,1.00
2016.12.28 13:53:20.921,1.22055,1.2206,1.00,1.00
2016.12.28 13:53:21.073,1.22056,1.22062,1.00,3.00
2016.12.28 13:53:21.620,1.22056,1.22061,1.00,1.50
2016.12.28 13:53:21.915,1.22052,1.22062,1.00,2.62
2016.12.28 13:53:22.325,1.2205,1.2206,1.12,1.87
2016.12.28 13:53:25.334,1.2205,1.22061,1.00,2.25
2016.12.28 13:53:25.847,1.2205,1.2206,1.00,1.50
2016.12.28 13:53:26.570,1.2205,1.22059,1.12,1.00
2016.12.28 13:53:26.971,1.2205,1.22061,2.92,1.00
2016.12.28 13:53:27.509,1.22051,1.22062,1.00,1.50
2016.12.28 13:53:32.406,1.22052,1.22062,1.00,1.00
2016.12.28 13:53:32.951,1.22053,1.22062,1.25,1.00
2016.12.28 13:53:33.899,1.22054,1.22064,1.00,6.00
2016.12.28 13:53:35.460,1.22053,1.22063,1.25,1.12
2016.12.28 13:53:36.915,1.22053,1.22062,1.25,1.50
2016.12.28 13:53:38.017,1.22052,1.22058,1.69,1.00
2016.12.28 13:53:38.119,1.22047,1.22056,1.00,1.50
2016.12.28 13:53:38.423,1.22046,1.22056,2.44,2.62
2016.12.28 13:53:38.943,1.22047,1.22056,1.00,1.87
2016.12.28 13:53:38.994,1.22047,1.22056,1.00,1.50
2016.12.28 13:53:39.525,1.22048,1.22057,1.00,1.12
2016.12.28 13:53:40.070,1.22048,1.22058,1.00,1.87
2016.12.28 13:53:40.969,1.22046,1.22057,2.06,1.00
2016.12.28 13:53:41.476,1.22047,1.22057,1.00,1.00
2016.12.28 13:53:42.361,1.22048,1.22057,1.00,1.00
2016.12.28 13:53:43.276,1.22049,1.22057,1.19,1.00
2016.12.28 13:53:43.787,1.22049,1.22058,1.69,1.00
2016.12.28 13:53:44.590,1.22051,1.22061,1.25,5.62
2016.12.28 13:53:44.641,1.22052,1.22061,1.00,1.00
2016.12.28 13:53:45.097,1.22054,1.22062,1.00,1.00
2016.12.28 13:53:45.637,1.22054,1.22063,1.00,2.62
2016.12.28 13:53:46.160,1.22053,1.22062,1.00,1.50
2016.12.28 13:53:51.541,1.22051,1.22062,1.25,1.12
2016.12.28 13:53:52.299,1.2205,1.22059,2.06,1.50
2016.12.28 13:53:52.805,1.2205,1.2206,1.69,1.50
2016.12.28 13:53:59.318,1.22052,1.2206,1.00,1.12
2016.12.28 13:54:06.202,1.2205,1.22061,1.69,1.37
2016.12.28 13:54:07.628,1.22052,1.22062,1.00,4.87
2016.12.28 13:54:07.932,1.22058,1.22067,1.25,1.37
2016.12.28 13:54:08.172,1.22057,1.22068,2.81,1.00
2016.12.28 13:54:09.125,1.22059,1.22068,1.00,2.25
2016.12.28 13:54:09.822,1.22058,1.22068,1.25,2.25
2016.12.28 13:54:10.722,1.22059,1.22068,1.69,1.00
2016.12.28 13:54:11.389,1.22059,1.2207,2.44,1.87
2016.12.28 13:54:11.931,1.22059,1.22069,2.44,1.50
2016.12.28 13:54:12.629,1.2206,1.22068,1.00,1.25
2016.12.28 13:54:13.153,1.22061,1.22068,1.00,1.25
2016.12.28 13:54:14.639,1.22062,1.22068,1.00,1.25
2016.12.28 13:54:15.163,1.22063,1.22068,1.00,1.25
2016.12.28 13:54:15.824,1.22063,1.22071,1.00,1.25
2016.12.28 13:54:15.875,1.22065,1.22072,1.00,1.00
2016.12.28 13:54:16.178,1.22069,1.22076,1.00,1.69
2016.12.28 13:54:16.739,1.22067,1.22076,1.50,1.69
2016.12.28 13:54:17.140,1.22069,1.22076,1.00,1.69
2016.12.28 13:54:17.723,1.22069,1.22078,1.00,2.44
2016.12.28 13:54:18.294,1.2207,1.22078,1.00,1.69
2016.12.28 13:54:19.260,1.22069,1.22078,1.00,2.44
2016.12.28 13:54:20.543,1.22071,1.22078,1.00,1.69
2016.12.28 13:54:21.134,1.2207,1.22078,1.00,1.69
2016.12.28 13:54:21.764,1.22073,1.22078,1.00,1.69
2016.12.28 13:54:21.865,1.22071,1.22078,1.00,1.25
2016.12.28 13:54:22.711,1.2207,1.22078,1.00,1.25
2016.12.28 13:54:24.168,1.22071,1.22078,1.00,2.06
2016.12.28 13:54:25.036,1.2207,1.22078,1.50,1.31
2016.12.28 13:54:26.196,1.2207,1.22077,1.00,1.00
2016.12.28 13:54:26.721,1.22069,1.22076,1.00,1.50
2016.12.28 13:54:26.772,1.22066,1.22076,1.12,2.44
2016.12.28 13:54:27.156,1.22068,1.22076,1.00,2.44
2016.12.28 13:54:27.661,1.22069,1.22077,1.00,1.50
2016.12.28 13:54:29.244,1.22071,1.22077,1.00,1.50
2016.12.28 13:54:29.530,1.22069,1.22076,1.00,1.12
2016.12.28 13:54:30.061,1.2207,1.22076,1.00,1.12
2016.12.28 13:54:33.523,1.22068,1.22077,1.00,2.25
2016.12.28 13:54:34.880,1.22068,1.22077,1.00,1.75
2016.12.28 13:54:37.606,1.22068,1.22076,1.50,1.87
2016.12.28 13:54:47.664,1.22068,1.22075,1.00,1.00
2016.12.28 13:54:48.775,1.22068,1.22077,1.00,2.25
2016.12.28 13:54:51.205,1.22068,1.22075,1.00,1.00
2016.12.28 13:54:51.256,1.22066,1.22075,1.69,1.50
2016.12.28 13:54:51.762,1.22068,1.22075,1.00,1.00
2016.12.28 13:54:52.051,1.22066,1.22075,1.69,1.00
2016.12.28 13:54:52.569,1.22066,1.22076,1.25,2.25
2016.12.28 13:54:53.078,1.22066,1.22077,1.69,1.50
2016.12.28 13:54:53.180,1.22068,1.22077,1.00,1.50
2016.12.28 13:54:54.793,1.22067,1.22077,1.00,1.00
2016.12.28 13:54:55.351,1.22066,1.22077,1.69,1.00
2016.12.28 13:54:57.091,1.22067,1.22077,1.00,1.00
2016.12.28 13:54:57.866,1.22066,1.22077,1.69,1.00
2016.12.28 13:54:58.173,1.22071,1.22077,1.25,1.00
2016.12.28 13:54:59.318,1.22068,1.22077,1.00,1.00
2016.12.28 13:54:59.369,1.22066,1.22075,2.44,1.00
2016.12.28 13:55:00.489,1.22066,1.22076,1.69,1.00
2016.12.28 13:55:01.052,1.22066,1.22075,1.69,1.00
2016.12.28 13:55:01.388,1.22066,1.22073,1.25,1.00
2016.12.28 13:55:01.582,1.22064,1.22072,1.00,1.00
2016.12.28 13:55:01.936,1.22065,1.22075,1.12,1.87
2016.12.28 13:55:02.442,1.22067,1.22074,1.00,1.00
2016.12.28 13:55:02.848,1.22069,1.22075,1.00,1.50
2016.12.28 13:55:02.974,1.22067,1.22077,1.00,2.62
2016.12.28 13:55:03.506,1.22066,1.22075,1.25,1.00
2016.12.28 13:55:04.029,1.22066,1.22076,1.69,1.00
2016.12.28 13:55:04.182,1.22064,1.22074,2.06,1.00
2016.12.28 13:55:04.526,1.22065,1.22071,1.00,1.00
2016.12.28 13:55:04.880,1.22065,1.22073,1.00,1.50
2016.12.28 13:55:05.387,1.22063,1.22073,1.19,2.62
2016.12.28 13:55:07.284,1.22065,1.22073,1.50,1.50
2016.12.28 13:55:07.825,1.22065,1.22072,1.50,1.00
2016.12.28 13:55:08.098,1.22067,1.22072,1.00,1.00
2016.12.28 13:55:08.752,1.22067,1.22073,1.00,1.00
2016.12.28 13:55:08.853,1.22067,1.22075,1.00,2.62
2016.12.28 13:55:09.106,1.22064,1.22074,1.00,1.12
2016.12.28 13:55:09.157,1.22064,1.22073,1.00,1.37
2016.12.28 13:55:09.461,1.22063,1.2207,1.25,1.00
2016.12.28 13:55:09.967,1.2206,1.2207,2.44,1.00
2016.12.28 13:55:10.359,1.2206,1.22068,1.69,1.50
2016.12.28 13:55:10.546,1.22057,1.22067,2.06,1.12
2016.12.28 13:55:11.052,1.22057,1.22066,1.25,1.00
2016.12.28 13:55:11.558,1.22058,1.22066,1.00,1.00
2016.12.28 13:55:12.081,1.22057,1.22066,1.25,1.00
2016.12.28 13:55:17.552,1.22057,1.22067,1.25,1.12
2016.12.28 13:55:17.885,1.22057,1.22065,1.25,1.00
2016.12.28 13:55:18.758,1.22057,1.22064,1.25,1.00
2016.12.28 13:55:19.063,1.22048,1.22056,1.25,1.00
2016.12.28 13:55:20.288,1.22048,1.22057,2.77,1.87
2016.12.28 13:55:20.931,1.22048,1.22057,2.77,1.50
2016.12.28 13:55:22.629,1.22048,1.22057,1.59,1.50
2016.12.28 13:55:23.404,1.22048,1.22057,2.77,1.50
2016.12.28 13:55:24.145,1.22048,1.22056,1.59,1.00
2016.12.28 13:55:24.689,1.22048,1.22057,1.59,1.50
2016.12.28 13:55:25.978,1.22055,1.22059,1.00,1.37
2016.12.28 13:55:26.079,1.22055,1.22062,1.52,1.12
2016.12.28 13:55:26.310,1.22056,1.22066,1.25,1.50
2016.12.28 13:55:27.070,1.22062,1.22066,1.87,1.00
2016.12.28 13:55:27.273,1.22065,1.22075,2.02,1.00
2016.12.28 13:55:27.728,1.22065,1.22073,1.19,1.00
2016.12.28 13:55:27.779,1.22065,1.22075,1.19,1.00
2016.12.28 13:55:28.815,1.22065,1.22074,1.19,1.00
2016.12.28 13:55:29.839,1.22065,1.22073,1.19,1.00
2016.12.28 13:55:29.941,1.22064,1.22073,1.00,1.50
2016.12.28 13:55:30.480,1.22063,1.22072,2.44,1.00
2016.12.28 13:55:33.123,1.22062,1.22064,1.12,1.50
2016.12.28 13:55:33.254,1.2206,1.22063,1.00,1.50
2016.12.28 13:55:33.308,1.22063,1.22067,1.12,1.00
2016.12.28 13:55:33.409,1.22064,1.2207,1.00,1.00
2016.12.28 13:55:33.460,1.22064,1.22073,1.00,2.25
2016.12.28 13:55:34.640,1.22064,1.22072,1.00,1.00
2016.12.28 13:55:34.792,1.22061,1.22072,2.06,1.00
2016.12.28 13:55:34.894,1.22061,1.2207,1.31,1.00
2016.12.28 13:55:35.420,1.22061,1.22069,2.06,1.00
2016.12.28 13:55:36.502,1.22061,1.2207,1.31,1.00
2016.12.28 13:55:37.767,1.22061,1.22071,1.69,2.25
2016.12.28 13:55:38.123,1.22061,1.22069,1.69,1.00
2016.12.28 13:55:38.883,1.22061,1.22071,1.69,1.00
2016.12.28 13:55:39.385,1.22063,1.22071,1.00,1.50
2016.12.28 13:55:40.332,1.22064,1.22072,1.00,1.50
2016.12.28 13:55:40.536,1.22062,1.22072,1.25,1.50
2016.12.28 13:55:41.042,1.22063,1.22071,1.00,1.00
2016.12.28 13:55:41.552,1.22061,1.22071,1.69,1.00
2016.12.28 13:55:42.969,1.22063,1.22072,1.00,1.12
2016.12.28 13:55:43.525,1.22063,1.22073,1.00,1.87
2016.12.28 13:55:43.909,1.22062,1.22071,1.25,1.00
2016.12.28 13:55:44.238,1.22057,1.22065,1.19,1.00
2016.12.28 13:55:44.574,1.22062,1.22072,1.69,3.37
2016.12.28 13:55:44.626,1.2206,1.2207,2.06,1.00
2016.12.28 13:55:45.132,1.2206,1.22069,2.06,1.00
2016.12.28 13:55:45.656,1.22059,1.22069,1.12,1.00
2016.12.28 13:55:46.370,1.2206,1.2207,1.00,2.06
2016.12.28 13:55:46.472,1.2206,1.2207,1.00,2.06
2016.12.28 13:55:47.129,1.2206,1.2207,1.00,3.94
2016.12.28 13:55:48.070,1.22059,1.22069,1.00,1.12
2016.12.28 13:55:48.645,1.22058,1.22069,1.00,1.00
2016.12.28 13:55:48.850,1.2206,1.2207,1.00,2.44
2016.12.28 13:55:51.504,1.2206,1.22068,1.00,1.00
2016.12.28 13:55:51.555,1.2206,1.2207,1.00,2.44
2016.12.28 13:55:52.072,1.2206,1.22069,1.00,1.50
2016.12.28 13:55:58.817,1.2206,1.2207,1.00,2.81
2016.12.28 13:56:00.490,1.22064,1.2207,1.00,1.31
2016.12.28 13:56:00.592,1.22063,1.22073,1.00,2.44
2016.12.28 13:56:00.744,1.22065,1.22073,1.00,1.69
2016.12.28 13:56:00.795,1.22063,1.22073,1.00,2.44
2016.12.28 13:56:01.297,1.22064,1.22073,1.00,1.31
2016.12.28 13:56:01.570,1.22062,1.22071,1.00,1.00
2016.12.28 13:56:02.076,1.22061,1.22071,1.69,1.00
2016.12.28 13:56:02.509,1.2206,1.22068,1.00,2.25
2016.12.28 13:56:02.662,1.22057,1.22066,1.00,1.00
2016.12.28 13:56:03.188,1.22056,1.22066,1.12,1.00
2016.12.28 13:56:05.898,1.22056,1.22066,1.12,5.25
2016.12.28 13:56:06.404,1.22054,1.22064,1.25,1.12
2016.12.28 13:56:06.910,1.22055,1.22065,1.00,3.00
2016.12.28 13:56:07.012,1.22057,1.22065,1.00,3.37
2016.12.28 13:56:07.879,1.22057,1.22062,1.25,1.00
2016.12.28 13:56:08.306,1.22053,1.2206,1.25,1.00
2016.12.28 13:56:08.408,1.22052,1.22055,1.00,1.00
2016.12.28 13:56:08.509,1.2205,1.22054,1.00,1.00
2016.12.28 13:56:09.018,1.22049,1.22053,1.25,1.00
2016.12.28 13:56:09.526,1.22049,1.22052,1.25,1.00
2016.12.28 13:56:11.725,1.22047,1.22052,1.12,1.00
2016.12.28 13:56:13.284,1.22047,1.22053,1.12,1.00
2016.12.28 13:56:13.538,1.22047,1.22051,1.12,1.00
2016.12.28 13:56:14.399,1.22047,1.22053,2.21,1.00
2016.12.28 13:56:14.573,1.22047,1.22052,2.96,1.00
2016.12.28 13:56:14.876,1.22047,1.22052,2.21,1.00
2016.12.28 13:56:15.401,1.22047,1.22052,2.21,1.00
2016.12.28 13:56:15.503,1.22046,1.22052,1.25,1.00
2016.12.28 13:56:15.812,1.22047,1.22054,2.59,1.00
2016.12.28 13:56:15.914,1.22048,1.22056,5.40,1.00
2016.12.28 13:56:17.241,1.2205,1.22056,1.84,1.00
2016.12.28 13:56:17.777,1.22049,1.22056,4.46,1.00
2016.12.28 13:56:18.948,1.22049,1.22056,3.34,1.00
2016.12.28 13:56:19.484,1.22049,1.22056,1.84,1.00
2016.12.28 13:56:25.844,1.2205,1.22056,2.21,1.00
2016.12.28 13:56:26.351,1.22049,1.22056,1.84,1.00
2016.12.28 13:56:37.116,1.2205,1.22053,1.00,1.50
2016.12.28 13:56:37.350,1.22044,1.22054,2.25,1.00
2016.12.28 13:56:37.401,1.22045,1.22054,1.00,1.00
2016.12.28 13:56:37.502,1.22044,1.22054,1.87,1.00
2016.12.28 13:56:37.857,1.22048,1.22054,1.84,1.00
2016.12.28 13:56:38.391,1.2205,1.22054,1.00,1.00
2016.12.28 13:56:39.728,1.22048,1.22054,1.09,1.00
2016.12.28 13:56:40.610,1.22047,1.22055,3.52,1.00
2016.12.28 13:56:40.762,1.22044,1.22054,3.90,1.00
2016.12.28 13:56:40.863,1.22044,1.22054,2.81,1.00
2016.12.28 13:56:41.039,1.22044,1.22052,2.06,1.00
2016.12.28 13:56:41.342,1.22045,1.22051,1.84,1.00
2016.12.28 13:56:41.444,1.22044,1.22051,1.31,1.00
2016.12.28 13:56:43.571,1.22042,1.22051,1.12,1.00
2016.12.28 13:56:43.723,1.2204,1.22045,1.75,1.00
2016.12.28 13:56:43.875,1.22037,1.22044,1.69,1.00
2016.12.28 13:56:45.792,1.22037,1.22045,1.69,1.00
2016.12.28 13:56:45.843,1.22044,1.22047,1.00,1.00
2016.12.28 13:56:45.944,1.22044,1.2205,1.00,1.00
2016.12.28 13:56:46.046,1.22044,1.22053,1.09,1.25
2016.12.28 13:56:48.612,1.22044,1.22053,1.34,1.25
2016.12.28 13:56:49.863,1.22044,1.22053,1.09,1.25
2016.12.28 13:56:53.118,1.22044,1.22053,1.34,1.25
2016.12.28 13:56:53.659,1.22044,1.22053,1.00,1.25
2016.12.28 13:56:57.107,1.22045,1.22053,1.00,1.25
2016.12.28 13:56:57.158,1.22047,1.22055,5.81,1.00
2016.12.28 13:56:57.260,1.22047,1.22057,7.65,1.00
2016.12.28 13:56:57.312,1.22049,1.22058,1.00,2.06
2016.12.28 13:56:58.132,1.22048,1.22058,1.12,1.00
2016.12.28 13:56:58.385,1.22045,1.22056,3.56,1.12
2016.12.28 13:56:58.436,1.22048,1.22056,1.00,1.50
2016.12.28 13:56:58.755,1.22051,1.2206,1.12,1.12
2016.12.28 13:56:59.624,1.22048,1.22059,4.87,3.19
2016.12.28 13:56:59.675,1.22048,1.22056,1.12,1.00
2016.12.28 13:57:00.029,1.22051,1.22058,1.00,1.31
2016.12.28 13:57:00.080,1.22049,1.2206,1.00,7.12
2016.12.28 13:57:00.182,1.22046,1.22056,1.50,1.00
2016.12.28 13:57:00.715,1.22046,1.22056,1.00,1.00
2016.12.28 13:57:01.128,1.22053,1.2206,1.00,1.87
2016.12.28 13:57:01.281,1.22051,1.2206,1.00,1.12
2016.12.28 13:57:01.499,1.22049,1.22057,1.12,1.00
2016.12.28 13:57:02.283,1.22053,1.2206,1.00,1.37
2016.12.28 13:57:02.385,1.22053,1.22061,3.00,1.00
2016.12.28 13:57:02.487,1.22053,1.22063,2.25,1.69
2016.12.28 13:57:02.641,1.22056,1.22063,1.00,2.44
2016.12.28 13:57:03.294,1.22056,1.22062,1.00,1.00
2016.12.28 13:57:03.833,1.22056,1.22063,1.34,1.25
2016.12.28 13:57:03.884,1.22056,1.22066,1.09,1.00
2016.12.28 13:57:04.401,1.22056,1.22065,1.84,1.00
2016.12.28 13:57:04.949,1.22056,1.22065,2.21,1.00
2016.12.28 13:57:10.977,1.22056,1.22064,1.12,1.00
2016.12.28 13:57:12.042,1.22056,1.22066,1.12,1.00
2016.12.28 13:57:12.244,1.22061,1.22068,1.00,1.00
2016.12.28 13:57:12.295,1.22061,1.2207,1.50,1.00
2016.12.28 13:57:12.346,1.22063,1.2207,1.84,1.00
2016.12.28 13:57:12.397,1.22063,1.22072,2.21,1.69
2016.12.28 13:57:13.307,1.22063,1.22072,1.12,1.25
2016.12.28 13:57:13.410,1.22061,1.22069,1.00,2.25
2016.12.28 13:57:13.969,1.2206,1.22068,1.12,1.00
2016.12.28 13:57:14.731,1.22058,1.22067,1.12,2.25
2016.12.28 13:57:14.782,1.22057,1.22066,1.37,1.00
2016.12.28 13:57:14.985,1.22059,1.22068,1.00,1.50
2016.12.28 13:57:15.036,1.22062,1.22069,1.00,1.12
2016.12.28 13:57:15.290,1.22063,1.22072,1.00,2.81
2016.12.28 13:57:15.820,1.22063,1.22072,1.12,1.69
2016.12.28 13:57:18.314,1.2206,1.22066,1.12,1.50
2016.12.28 13:57:18.416,1.22056,1.22066,2.25,1.12
2016.12.28 13:57:18.466,1.22059,1.22068,1.00,3.56
2016.12.28 13:57:18.720,1.22056,1.22066,2.25,1.00
2016.12.28 13:57:19.567,1.22058,1.22068,1.25,2.25
2016.12.28 13:57:19.871,1.22061,1.22069,1.00,1.00
2016.12.28 13:57:20.563,1.22058,1.22068,2.25,2.25
2016.12.28 13:57:20.715,1.22056,1.22066,1.50,1.12
2016.12.28 13:57:20.917,1.22058,1.22067,1.00,1.87
2016.12.28 13:57:21.120,1.22059,1.22069,2.06,1.87
2016.12.28 13:57:21.934,1.22058,1.22069,1.87,2.81
2016.12.28 13:57:21.985,1.22058,1.22065,1.00,1.00
2016.12.28 13:57:22.188,1.22059,1.22069,1.00,3.19
2016.12.28 13:57:22.239,1.22061,1.22068,1.00,4.12
2016.12.28 13:57:22.341,1.22061,1.22069,1.00,1.00
2016.12.28 13:57:23.211,1.22062,1.22072,1.00,2.06
2016.12.28 13:57:23.263,1.22065,1.22073,1.00,1.87
2016.12.28 13:57:23.567,1.22059,1.22068,1.12,1.12
2016.12.28 13:57:23.618,1.22058,1.22067,1.00,1.31
2016.12.28 13:57:23.720,1.2206,1.22067,1.00,1.12
2016.12.28 13:57:24.099,1.2206,1.22069,2.44,1.87
2016.12.28 13:57:24.605,1.22061,1.22069,1.00,1.50
2016.12.28 13:57:24.816,1.22063,1.22072,1.25,2.62
2016.12.28 13:57:24.918,1.2206,1.2207,1.00,1.00
2016.12.28 13:57:25.171,1.2206,1.22068,1.00,1.00
2016.12.28 13:57:25.222,1.22057,1.22068,1.12,2.25
2016.12.28 13:57:25.592,1.22061,1.22068,1.00,1.00
2016.12.28 13:57:25.739,1.22061,1.22071,1.00,1.00
2016.12.28 13:57:26.230,1.2206,1.22067,1.50,1.00
2016.12.28 13:57:26.331,1.22057,1.22067,1.75,2.25
2016.12.28 13:57:26.433,1.22057,1.22067,1.00,1.87
2016.12.28 13:57:26.686,1.22061,1.22068,1.00,1.75
2016.12.28 13:57:26.787,1.22063,1.22069,1.25,2.25
2016.12.28 13:57:26.990,1.22064,1.22073,1.00,3.75
2016.12.28 13:57:27.528,1.22063,1.22072,1.25,1.12
2016.12.28 13:57:27.752,1.22063,1.22068,1.25,1.12
2016.12.28 13:57:27.803,1.22059,1.22067,1.50,1.00
2016.12.28 13:57:27.955,1.22058,1.22068,1.25,2.25
2016.12.28 13:57:28.107,1.22061,1.22068,1.00,1.75
2016.12.28 13:57:28.209,1.22062,1.2207,1.25,1.50
2016.12.28 13:57:28.361,1.22062,1.22072,1.25,2.25
2016.12.28 13:57:29.096,1.22062,1.22069,1.25,1.00
2016.12.28 13:57:29.148,1.22058,1.22069,3.19,1.00
2016.12.28 13:57:29.226,1.22059,1.22068,1.25,2.62
2016.12.28 13:57:29.534,1.22065,1.2207,1.00,1.12
2016.12.28 13:57:29.588,1.22062,1.2207,1.69,1.00
2016.12.28 13:57:29.639,1.22064,1.22073,1.00,1.87
2016.12.28 13:57:29.943,1.22067,1.22075,1.25,1.87
2016.12.28 13:57:30.096,1.22065,1.22074,1.25,1.50
2016.12.28 13:57:30.502,1.22064,1.22072,1.69,1.00
2016.12.28 13:57:30.629,1.22061,1.22071,1.00,1.50
2016.12.28 13:57:31.160,1.2206,1.2207,1.25,1.00
2016.12.28 13:57:31.212,1.2206,1.22068,1.69,1.00
2016.12.28 13:57:31.598,1.2206,1.22071,1.69,1.87
2016.12.28 13:57:32.478,1.22062,1.22071,1.00,1.12
2016.12.28 13:57:33.359,1.22062,1.22072,1.00,1.50
2016.12.28 13:57:34.601,1.22061,1.22068,1.00,1.50
2016.12.28 13:57:35.158,1.22064,1.22068,1.00,1.00
2016.12.28 13:57:35.260,1.22069,1.22073,1.00,4.12
2016.12.28 13:57:35.362,1.2207,1.22074,1.00,1.00
2016.12.28 13:57:35.602,1.22072,1.22076,1.00,1.50
2016.12.28 13:57:35.705,1.22073,1.22078,1.00,1.50
2016.12.28 13:57:35.807,1.2207,1.22078,1.00,2.62
2016.12.28 13:57:36.213,1.22069,1.22079,1.25,3.00
2016.12.28 13:57:36.417,1.22069,1.22078,1.25,1.87
2016.12.28 13:57:40.186,1.22068,1.22077,1.19,3.37
2016.12.28 13:57:40.863,1.22067,1.22077,1.00,4.12
2016.12.28 13:57:41.405,1.22067,1.22077,1.00,1.87
2016.12.28 13:57:42.154,1.22067,1.22076,1.00,1.87
2016.12.28 13:57:42.356,1.22067,1.22077,1.00,1.87
2016.12.28 13:57:43.173,1.22067,1.22077,1.00,3.00
2016.12.28 13:57:43.748,1.22067,1.22076,1.00,1.50
2016.12.28 13:57:44.327,1.22068,1.22076,1.00,1.50
2016.12.28 13:57:45.046,1.22067,1.22076,1.00,1.87
2016.12.28 13:57:47.004,1.22067,1.22077,2.62,2.25
2016.12.28 13:57:47.352,1.22067,1.22075,2.62,1.50
2016.12.28 13:57:47.858,1.22066,1.22075,1.69,1.87
2016.12.28 13:57:48.168,1.22069,1.22077,1.00,1.50
2016.12.28 13:57:48.800,1.2207,1.22081,1.00,2.62
2016.12.28 13:57:48.851,1.22074,1.22081,1.00,5.62
2016.12.28 13:57:49.078,1.22077,1.22085,1.00,1.00
2016.12.28 13:57:49.181,1.22076,1.22083,1.25,1.00
2016.12.28 13:57:49.688,1.22076,1.22082,1.25,1.00
2016.12.28 13:57:50.198,1.22076,1.22082,1.25,1.50
2016.12.28 13:57:51.034,1.22072,1.22082,1.00,2.25
2016.12.28 13:57:51.560,1.22072,1.22082,1.00,1.75
2016.12.28 13:57:54.946,1.22073,1.22081,1.00,3.37
2016.12.28 13:57:54.997,1.22071,1.22081,1.25,1.50
2016.12.28 13:57:55.251,1.22072,1.22082,1.00,1.12
2016.12.28 13:57:55.801,1.22072,1.22082,1.00,1.37
2016.12.28 13:58:01.155,1.22071,1.2208,1.25,2.25
2016.12.28 13:58:01.677,1.22072,1.2208,1.00,1.00
2016.12.28 13:58:02.817,1.22071,1.2208,1.25,1.50
2016.12.28 13:58:03.070,1.22071,1.22078,1.25,1.00
2016.12.28 13:58:06.585,1.22071,1.2208,1.25,1.00
2016.12.28 13:58:07.103,1.22072,1.22082,1.00,1.37
2016.12.28 13:58:07.155,1.22075,1.22082,1.19,1.00
2016.12.28 13:58:07.410,1.22067,1.22076,1.25,1.50
2016.12.28 13:58:07.512,1.22071,1.22076,1.00,1.00
2016.12.28 13:58:07.796,1.22065,1.22075,1.25,3.37
2016.12.28 13:58:08.370,1.22065,1.22073,1.25,1.00
2016.12.28 13:58:11.425,1.22065,1.22075,1.25,3.75
2016.12.28 13:58:13.280,1.22063,1.22071,1.12,1.00
2016.12.28 13:58:13.381,1.22063,1.22074,1.50,4.12
2016.12.28 13:58:13.887,1.22063,1.22072,1.00,1.50
2016.12.28 13:58:15.260,1.22061,1.22072,2.06,1.50
2016.12.28 13:58:23.079,1.22061,1.2207,1.25,1.00
2016.12.28 13:58:23.130,1.22058,1.22064,1.94,3.00
2016.12.28 13:58:23.333,1.2205,1.22057,1.31,1.09
2016.12.28 13:58:23.637,1.22053,1.22058,1.00,1.00
2016.12.28 13:58:23.688,1.22053,1.22062,1.00,1.00
2016.12.28 13:58:38.554,1.22054,1.22064,1.25,1.87
2016.12.28 13:58:38.605,1.22054,1.22064,1.31,1.87
2016.12.28 13:58:38.858,1.22054,1.22062,1.25,1.00
2016.12.28 13:58:40.598,1.22054,1.22061,1.25,1.00
2016.12.28 13:58:41.260,1.22054,1.22061,1.25,1.50
2016.12.28 13:58:41.808,1.22054,1.22061,1.25,1.12
2016.12.28 13:58:43.729,1.22054,1.22063,1.25,2.25
2016.12.28 13:58:44.548,1.22054,1.22064,1.69,1.12
2016.12.28 13:58:47.862,1.22055,1.22064,1.00,1.12
2016.12.28 13:58:48.621,1.22054,1.22064,3.19,1.12
2016.12.28 13:58:49.234,1.22055,1.22064,1.00,1.12
2016.12.28 13:58:49.840,1.22054,1.22064,2.44,1.12
2016.12.28 13:58:50.411,1.22054,1.22063,1.25,1.00
2016.12.28 13:58:50.715,1.22054,1.22062,1.25,1.37
2016.12.28 13:58:50.816,1.22052,1.22062,1.25,1.37
2016.12.28 13:58:52.841,1.22053,1.22062,1.00,2.62
2016.12.28 13:58:53.272,1.2205,1.2206,2.62,1.25
2016.12.28 13:58:53.977,1.22052,1.2206,1.00,1.25
2016.12.28 13:58:54.028,1.22055,1.22063,1.00,3.00
2016.12.28 13:58:54.129,1.22054,1.22065,2.62,7.31
2016.12.28 13:58:54.180,1.22055,1.22065,1.00,3.19
2016.12.28 13:58:54.435,1.22053,1.22063,1.50,2.25
2016.12.28 13:58:54.936,1.22053,1.22063,1.00,2.25
2016.12.28 13:58:55.441,1.22054,1.22063,1.00,1.00
2016.12.28 13:58:55.960,1.22053,1.22064,1.50,3.00
2016.12.28 13:58:56.992,1.22054,1.22064,1.00,3.00
2016.12.28 13:58:57.297,1.22058,1.22065,1.00,2.06
2016.12.28 13:58:57.550,1.22062,1.22072,1.69,1.37
2016.12.28 13:58:57.785,1.2206,1.22069,1.87,1.00
2016.12.28 13:58:57.991,1.22055,1.22066,6.00,1.00
2016.12.28 13:58:58.143,1.22056,1.22066,1.87,1.00
2016.12.28 13:58:58.295,1.22058,1.22068,1.00,1.12
2016.12.28 13:58:58.801,1.22058,1.22067,1.50,1.00
2016.12.28 13:58:59.357,1.22057,1.22069,1.69,2.81
2016.12.28 13:58:59.923,1.22058,1.22069,1.00,2.81
2016.12.28 13:59:00.024,1.22061,1.22069,1.00,2.81
2016.12.28 13:59:00.328,1.22064,1.22073,1.87,1.50
2016.12.28 13:59:00.379,1.22066,1.22073,1.00,3.00
2016.12.28 13:59:00.899,1.22065,1.22073,1.50,1.50
2016.12.28 13:59:01.001,1.22065,1.22075,1.00,1.87
2016.12.28 13:59:01.658,1.22067,1.22075,1.00,1.50
2016.12.28 13:59:02.720,1.22067,1.22076,1.00,2.44
2016.12.28 13:59:03.056,1.22065,1.22076,2.25,2.44
2016.12.28 13:59:03.569,1.22068,1.22076,1.00,1.31
2016.12.28 13:59:03.873,1.22066,1.22076,1.00,1.69
2016.12.28 13:59:03.978,1.22068,1.22076,1.00,1.00
2016.12.28 13:59:04.080,1.22069,1.2208,1.00,1.69
2016.12.28 13:59:04.243,1.22072,1.22082,1.25,2.06
2016.12.28 13:59:05.153,1.22072,1.22082,1.25,2.06
2016.12.28 13:59:05.255,1.22069,1.2208,1.12,1.00
2016.12.28 13:59:05.408,1.22067,1.22078,4.31,1.00
2016.12.28 13:59:05.485,1.22067,1.22077,1.25,1.50
2016.12.28 13:59:05.588,1.22065,1.22076,1.87,2.06
2016.12.28 13:59:06.160,1.22065,1.22076,1.00,2.44
2016.12.28 13:59:07.216,1.22066,1.22076,1.87,1.31
2016.12.28 13:59:07.770,1.22066,1.22077,2.06,1.50
2016.12.28 13:59:08.357,1.22066,1.22076,1.31,1.12
2016.12.28 13:59:08.775,1.22068,1.22076,1.00,1.12
2016.12.28 13:59:09.281,1.22066,1.22076,1.62,1.00
2016.12.28 13:59:09.825,1.22066,1.22077,2.44,1.50
2016.12.28 13:59:10.128,1.22066,1.22075,1.69,1.00
2016.12.28 13:59:10.432,1.22076,1.22082,1.00,1.69
2016.12.28 13:59:10.701,1.22079,1.22089,1.42,2.06
2016.12.28 13:59:10.752,1.2208,1.22089,1.80,2.06
2016.12.28 13:59:10.803,1.22082,1.22089,1.12,1.69
2016.12.28 13:59:11.312,1.22083,1.22092,1.00,1.00
2016.12.28 13:59:11.923,1.22081,1.2209,1.50,1.00
2016.12.28 13:59:11.974,1.22082,1.22092,1.00,1.00
2016.12.28 13:59:12.025,1.22081,1.2209,3.56,1.00
2016.12.28 13:59:12.983,1.22082,1.22091,1.00,1.00
2016.12.28 13:59:13.514,1.2208,1.22091,2.55,1.00
2016.12.28 13:59:14.020,1.22081,1.22089,1.31,1.00
2016.12.28 13:59:14.985,1.22082,1.22093,3.19,3.19
2016.12.28 13:59:15.036,1.22082,1.22091,1.25,1.00
2016.12.28 13:59:15.560,1.22081,1.2209,1.50,1.00
2016.12.28 13:59:16.413,1.22081,1.22089,1.50,1.12
2016.12.28 13:59:17.943,1.2208,1.22089,1.12,1.50
2016.12.28 13:59:18.798,1.22078,1.22087,2.14,1.00
2016.12.28 13:59:19.102,1.22076,1.22085,1.87,2.62
2016.12.28 13:59:19.309,1.22079,1.22084,1.25,1.00
2016.12.28 13:59:19.360,1.22076,1.22084,1.50,1.00
2016.12.28 13:59:20.606,1.22075,1.22084,1.69,1.50
2016.12.28 13:59:27.845,1.22075,1.22083,1.00,1.12
2016.12.28 13:59:28.647,1.22075,1.22084,1.00,1.00
2016.12.28 13:59:30.064,1.22075,1.22086,1.12,2.44
2016.12.28 13:59:30.339,1.22073,1.22084,1.37,1.31
2016.12.28 13:59:30.643,1.22073,1.22082,1.00,1.00
2016.12.28 13:59:34.614,1.22072,1.22081,1.12,1.00
2016.12.28 13:59:35.259,1.22072,1.22083,1.37,1.00
2016.12.28 13:59:35.991,1.22072,1.22082,2.25,1.00
2016.12.28 13:59:36.674,1.22072,1.22083,2.25,1.00
2016.12.28 13:59:38.762,1.22072,1.22082,1.37,1.00
2016.12.28 13:59:39.268,1.22072,1.22083,2.25,1.00
2016.12.28 13:59:39.808,1.22072,1.22083,1.50,1.12
2016.12.28 13:59:41.086,1.22075,1.22083,1.31,1.00
2016.12.28 13:59:43.310,1.22075,1.22084,1.25,1.00
2016.12.28 13:59:43.718,1.22073,1.22084,1.87,1.69
2016.12.28 13:59:44.308,1.22073,1.22083,1.00,1.00
2016.12.28 13:59:44.503,1.22072,1.22081,1.87,1.00
2016.12.28 13:59:45.033,1.22072,1.22081,1.50,1.12
2016.12.28 13:59:46.495,1.22072,1.2208,1.50,1.00
2016.12.28 13:59:47.006,1.22072,1.22081,1.50,1.12
2016.12.28 13:59:47.534,1.22071,1.2208,1.25,1.00
2016.12.28 13:59:47.839,1.22065,1.22073,1.12,1.00
2016.12.28 13:59:48.258,1.22063,1.22073,1.25,1.00
2016.12.28 13:59:49.230,1.22064,1.22073,1.12,1.00
2016.12.28 13:59:49.766,1.22064,1.22073,1.50,1.00
2016.12.28 13:59:50.725,1.22064,1.22075,3.37,1.50
2016.12.28 13:59:50.826,1.22067,1.22074,1.00,1.12
2016.12.28 13:59:51.130,1.22067,1.22072,1.00,1.00
2016.12.28 13:59:51.181,1.22063,1.22072,3.19,1.00
2016.12.28 13:59:51.232,1.22063,1.22072,2.06,1.00
2016.12.28 13:59:51.737,1.22064,1.22073,1.50,1.00
2016.12.28 13:59:52.268,1.22065,1.22074,1.00,1.00
2016.12.28 13:59:52.807,1.22064,1.22073,1.12,1.00
2016.12.28 13:59:55.415,1.22063,1.22073,1.00,1.00
2016.12.28 13:59:57.271,1.22063,1.22072,1.00,1.00
2016.12.28 13:59:57.373,1.22062,1.2207,1.62,1.00
2016.12.28 13:59:57.911,1.22062,1.22069,1.25,1.00
2016.12.28 13:59:58.456,1.22062,1.2207,1.25,1.00
2016.12.28 13:59:58.536,1.22062,1.22072,1.25,1.12
2016.12.28 13:59:59.055,1.22063,1.22072,1.00,1.00
