2010.04.28 21:00:00.360,1.52065,1.52105,1.00,1.00
2010.04.28 21:00:08.937,1.52065,1.52105,1.00,1.00
2010.04.28 21:00:09.166,1.52065,1.52105,1.70,1.00
2010.04.28 21:00:19.024,1.52065,1.52105,1.00,1.00
2010.04.28 21:00:19.624,1.52065,1.52105,1.00,1.00
2010.04.28 21:00:21.423,1.5206,1.52105,4.20,1.00
2010.04.28 21:00:22.443,1.52065,1.52105,1.90,1.00
2010.04.28 21:00:23.028,1.52065,1.5211,1.90,1.00
2010.04.28 21:00:24.723,1.52075,1.5211,1.00,1.00
2010.04.28 21:00:25.409,1.5207,1.5211,1.00,1.00
2010.04.28 21:00:26.345,1.52055,1.52095,1.00,1.00
2010.04.28 21:00:28.385,1.5206,1.52105,1.60,1.00
2010.04.28 21:00:30.403,1.52065,1.52105,1.00,1.00
2010.04.28 21:00:32.672,1.52065,1.52105,1.00,1.00
2010.04.28 21:00:34.372,1.52065,1.52095,1.00,1.00
2010.04.28 21:00:35.392,1.5206,1.52095,1.00,1.00
2010.04.28 21:00:35.692,1.5206,1.52095,1.00,1.00
2010.04.28 21:00:36.917,1.5205,1.52095,1.80,1.00
2010.04.28 21:00:38.619,1.52065,1.52095,1.00,1.00
2010.04.28 21:00:40.289,1.52055,1.52095,1.00,1.00
2010.04.28 21:00:41.499,1.5205,1.52095,1.10,1.00
2010.04.28 21:00:42.180,1.52045,1.5209,1.80,1.00
2010.04.28 21:00:42.859,1.52045,1.5209,1.80,1.00
2010.04.28 21:00:45.641,1.52055,1.5209,1.00,1.00
2010.04.28 21:00:50.558,1.52045,1.5209,1.80,1.00
2010.04.28 21:00:53.306,1.5205,1.52085,1.00,1.00
2010.04.28 21:00:58.814,1.5205,1.52095,1.00,1.00
2010.04.28 21:00:59.156,1.5205,1.521,1.10,1.00
2010.04.28 21:00:59.834,1.5205,1.521,1.10,1.00
2010.04.28 21:01:00.516,1.5205,1.5209,1.10,1.00
2010.04.28 21:01:03.104,1.52055,1.521,1.00,1.00
2010.04.28 21:01:04.903,1.5205,1.52095,1.00,1.00
2010.04.28 21:01:06.730,1.52045,1.5209,1.80,1.00
2010.04.28 21:01:07.417,1.52045,1.521,1.80,1.00
2010.04.28 21:01:08.773,1.52055,1.521,1.00,1.00
2010.04.28 21:01:09.794,1.5205,1.521,1.10,1.00
2010.04.28 21:01:10.853,1.52055,1.52095,1.00,1.00
2010.04.28 21:01:11.531,1.52055,1.52095,1.00,1.00
2010.04.28 21:01:13.572,1.5205,1.52095,1.10,1.00
2010.04.28 21:01:15.620,1.5206,1.52095,1.00,1.00
2010.04.28 21:01:21.203,1.5205,1.521,1.00,1.00
2010.04.28 21:01:22.560,1.52045,1.5209,1.10,1.00
2010.04.28 21:01:24.891,1.52045,1.52085,1.10,1.00
2010.04.28 21:01:26.342,1.5204,1.52085,1.00,1.00
2010.04.28 21:01:29.647,1.52035,1.5208,1.80,1.00
2010.04.28 21:01:31.037,1.52045,1.52085,1.00,1.00
2010.04.28 21:01:32.729,1.52045,1.52085,1.00,1.00
2010.04.28 21:01:47.684,1.5204,1.52085,1.00,1.00
2010.04.28 21:01:50.372,1.52035,1.5208,1.80,1.00
2010.04.28 21:02:01.622,1.5204,1.5208,1.00,1.00
2010.04.28 21:02:16.407,1.5204,1.52075,1.00,1.00
2010.04.28 21:02:28.836,1.5204,1.5207,1.00,2.40
2010.04.28 21:02:29.153,1.52,1.5206,1.00,1.00
2010.04.28 21:02:30.539,1.5201,1.5206,1.00,1.00
2010.04.28 21:02:30.777,1.5201,1.52055,1.00,1.00
2010.04.28 21:02:31.013,1.5201,1.52055,1.00,1.00
2010.04.28 21:02:31.253,1.5201,1.52055,1.00,1.00
2010.04.28 21:02:33.507,1.5201,1.5205,1.00,1.00
2010.04.28 21:02:36.381,1.5201,1.52055,1.00,1.00
2010.04.28 21:02:36.622,1.52015,1.52055,1.00,1.00
2010.04.28 21:02:37.941,1.52015,1.52055,1.00,1.00
2010.04.28 21:02:39.680,1.5202,1.52055,1.00,1.00
2010.04.28 21:02:46.497,1.52025,1.52075,1.00,1.00
2010.04.28 21:02:47.159,1.5202,1.52075,1.00,1.00
2010.04.28 21:02:54.917,1.5202,1.52075,1.00,1.00
2010.04.28 21:02:56.536,1.52025,1.52075,1.00,1.00
2010.04.28 21:02:56.876,1.52025,1.52085,1.00,1.00
2010.04.28 21:02:57.097,1.52015,1.52065,1.00,1.00
2010.04.28 21:02:57.317,1.5201,1.52065,1.80,1.00
2010.04.28 21:02:58.636,1.5201,1.52065,1.80,1.00
2010.04.28 21:02:59.535,1.5201,1.5206,1.80,1.00
2010.04.28 21:03:00.505,1.5201,1.52055,1.80,1.00
2010.04.28 21:03:15.827,1.5201,1.52055,1.00,1.00
2010.04.28 21:03:16.111,1.52015,1.52055,1.00,1.00
2010.04.28 21:03:17.990,1.52015,1.52055,1.00,1.00
2010.04.28 21:03:18.332,1.52015,1.52055,1.00,1.00
2010.04.28 21:03:18.672,1.5201,1.52055,1.00,1.00
2010.04.28 21:03:20.391,1.5201,1.5205,1.00,1.00
2010.04.28 21:03:25.930,1.52015,1.52055,1.00,1.00
2010.04.28 21:03:27.519,1.52015,1.52055,1.00,1.00
2010.04.28 21:03:29.197,1.52015,1.52055,1.00,1.00
2010.04.28 21:03:29.678,1.52005,1.52055,1.80,1.00
2010.04.28 21:03:30.610,1.5201,1.5206,1.00,1.00
2010.04.28 21:03:30.830,1.52015,1.5207,2.80,1.00
2010.04.28 21:03:31.505,1.52025,1.5207,1.00,1.00
2010.04.28 21:03:31.849,1.52025,1.52065,1.00,1.00
2010.04.28 21:03:34.960,1.5201,1.5206,1.70,1.00
2010.04.28 21:03:36.488,1.5201,1.5206,1.70,1.00
2010.04.28 21:03:37.144,1.5201,1.52055,1.70,1.00
2010.04.28 21:03:39.997,1.5201,1.5205,1.70,1.00
2010.04.28 21:04:48.365,1.52,1.5205,1.00,1.00
2010.04.28 21:04:51.820,1.52,1.5205,1.00,1.00
2010.04.28 21:04:53.031,1.5201,1.5205,1.60,1.00
2010.04.28 21:04:55.629,1.5201,1.5205,1.70,1.00
2010.04.28 21:04:57.438,1.5201,1.52045,1.00,1.00
2010.04.28 21:04:57.679,1.51995,1.52045,1.00,3.60
2010.04.28 21:04:57.969,1.51985,1.5204,3.40,1.00
2010.04.28 21:04:59.667,1.5199,1.52035,1.00,1.00
2010.04.28 21:05:00.508,1.5199,1.5203,1.00,1.00
2010.04.28 21:05:00.847,1.51995,1.5204,1.00,1.00
2010.04.28 21:05:01.188,1.51995,1.5205,3.20,1.00
2010.04.28 21:05:02.038,1.52,1.52055,1.00,1.00
2010.04.28 21:05:02.301,1.52015,1.5206,1.00,1.00
2010.04.28 21:05:05.786,1.52015,1.5207,1.00,1.00
2010.04.28 21:05:06.326,1.52015,1.52075,1.00,1.00
2010.04.28 21:05:06.806,1.52015,1.52075,1.00,1.00
2010.04.28 21:05:07.413,1.52015,1.52065,1.00,1.00
2010.04.28 21:05:07.938,1.52,1.52055,1.00,2.00
2010.04.28 21:05:08.197,1.5201,1.52055,1.00,2.00
2010.04.28 21:05:08.507,1.52,1.52055,1.00,2.00
2010.04.28 21:05:08.816,1.5201,1.52055,1.00,2.00
2010.04.28 21:05:09.996,1.5201,1.52055,1.00,2.10
2010.04.28 21:05:11.295,1.5202,1.52055,1.00,2.00
2010.04.28 21:05:12.620,1.52025,1.52055,1.00,2.00
2010.04.28 21:05:19.104,1.5202,1.52055,1.00,2.00
2010.04.28 21:05:19.545,1.5202,1.52055,1.00,2.00
2010.04.28 21:05:20.145,1.5202,1.52055,1.00,2.00
2010.04.28 21:05:21.607,1.52025,1.52055,1.00,2.00
2010.04.28 21:05:23.723,1.5202,1.52055,1.00,2.00
2010.04.28 21:05:24.562,1.5202,1.52055,1.00,2.10
2010.04.28 21:06:07.847,1.5202,1.52055,1.00,2.00
2010.04.28 21:06:09.957,1.52025,1.52055,1.00,2.00
2010.04.28 21:06:13.952,1.5202,1.52055,1.00,2.00
2010.04.28 21:06:15.574,1.5202,1.52055,1.00,2.10
2010.04.28 21:06:21.367,1.5202,1.52055,1.00,2.10
2010.04.28 21:06:22.029,1.5202,1.52055,1.00,2.00
2010.04.28 21:06:23.509,1.5202,1.52055,1.00,2.00
2010.04.28 21:06:24.418,1.5202,1.52055,1.00,2.10
2010.04.28 21:06:31.195,1.5202,1.52055,1.00,1.00
2010.04.28 21:06:31.478,1.52025,1.5207,1.00,1.00
2010.04.28 21:06:33.676,1.52025,1.5207,1.00,1.00
2010.04.28 21:06:34.795,1.52015,1.52065,1.00,1.00
2010.04.28 21:06:35.166,1.52015,1.52065,1.00,1.00
2010.04.28 21:06:35.967,1.5202,1.52065,1.00,1.00
2010.04.28 21:06:36.646,1.5202,1.5207,1.00,1.00
2010.04.28 21:06:36.986,1.52035,1.5208,1.00,1.00
2010.04.28 21:06:37.665,1.52025,1.5208,1.70,1.00
2010.04.28 21:06:38.830,1.52015,1.5207,2.30,1.00
2010.04.28 21:06:39.525,1.52015,1.52065,2.30,1.00
2010.04.28 21:06:41.095,1.52025,1.5207,1.00,1.00
2010.04.28 21:06:41.387,1.52025,1.5207,1.00,1.00
2010.04.28 21:06:41.583,1.52025,1.5207,1.00,1.00
2010.04.28 21:06:43.385,1.52025,1.5207,1.00,1.00
2010.04.28 21:06:50.966,1.5202,1.52055,1.00,2.00
2010.04.28 21:06:53.594,1.5202,1.52055,1.00,2.10
2010.04.28 21:06:54.060,1.5202,1.52055,1.00,2.10
2010.04.28 21:06:54.702,1.5202,1.52055,1.00,2.00
2010.04.28 21:06:55.901,1.5203,1.52055,1.00,2.00
2010.04.28 21:06:57.692,1.5203,1.52055,1.00,2.00
2010.04.28 21:07:07.456,1.5204,1.5206,2.40,1.00
2010.04.28 21:07:07.799,1.52065,1.52085,1.00,1.00
2010.04.28 21:07:09.157,1.5206,1.52085,1.80,1.00
2010.04.28 21:07:09.698,1.5205,1.52085,1.80,1.00
2010.04.28 21:07:11.022,1.52025,1.52085,1.80,1.60
2010.04.28 21:07:12.737,1.52055,1.52085,1.00,1.00
2010.04.28 21:07:13.310,1.5205,1.52085,1.00,1.00
2010.04.28 21:07:14.691,1.52045,1.52065,1.60,1.60
2010.04.28 21:07:14.857,1.52025,1.52065,1.80,2.00
2010.04.28 21:07:17.380,1.5203,1.52055,1.00,2.00
2010.04.28 21:07:22.535,1.52025,1.52055,1.00,2.00
2010.04.28 21:07:23.108,1.5202,1.52055,1.00,2.00
2010.04.28 21:07:23.384,1.5201,1.52055,1.00,2.00
2010.04.28 21:07:24.504,1.5202,1.52055,1.00,2.10
2010.04.28 21:07:24.753,1.5201,1.52055,1.00,2.10
2010.04.28 21:07:25.822,1.5202,1.52055,1.00,2.10
2010.04.28 21:07:26.207,1.5201,1.52055,1.00,2.10
2010.04.28 21:07:26.540,1.5201,1.52055,1.00,2.00
2010.04.28 21:07:30.453,1.5201,1.52055,1.00,2.10
2010.04.28 21:07:31.225,1.52,1.52055,1.70,2.40
2010.04.28 21:07:31.772,1.52,1.52055,1.60,2.50
2010.04.28 21:07:32.051,1.52,1.5205,1.20,1.00
2010.04.28 21:07:33.747,1.52,1.52045,1.20,1.00
2010.04.28 21:07:33.911,1.52,1.52045,1.20,1.00
2010.04.28 21:07:34.359,1.52,1.5204,1.20,1.00
2010.04.28 21:07:36.471,1.52,1.5204,1.60,1.00
2010.04.28 21:07:36.662,1.52,1.52045,1.60,1.00
2010.04.28 21:07:37.479,1.52,1.52045,1.70,1.00
2010.04.28 21:07:38.163,1.52,1.52045,1.20,1.00
2010.04.28 21:07:39.702,1.52,1.5204,1.20,1.00
2010.04.28 21:07:40.343,1.52,1.5204,1.20,1.00
2010.04.28 21:07:40.439,1.52,1.5204,1.20,1.00
2010.04.28 21:07:44.129,1.52,1.52045,1.20,1.00
2010.04.28 21:07:44.248,1.52,1.52045,1.60,1.00
2010.04.28 21:07:45.803,1.52,1.52045,1.70,1.00
2010.04.28 21:07:46.141,1.52005,1.52045,1.00,1.00
2010.04.28 21:07:46.789,1.52,1.52045,1.00,1.00
2010.04.28 21:07:46.988,1.52,1.52045,1.20,1.00
2010.04.28 21:07:47.740,1.5202,1.52055,1.00,2.00
2010.04.28 21:07:49.048,1.5202,1.5205,1.00,2.40
2010.04.28 21:07:49.342,1.52,1.52035,1.20,1.00
2010.04.28 21:07:49.630,1.52,1.5204,1.20,1.00
2010.04.28 21:07:50.550,1.52,1.52035,1.20,1.00
2010.04.28 21:07:51.499,1.52,1.5204,1.20,1.00
2010.04.28 21:07:52.466,1.52,1.5204,1.00,1.00
2010.04.28 21:07:54.226,1.52,1.52035,1.00,1.00
2010.04.28 21:07:57.586,1.52,1.5203,1.00,1.00
2010.04.28 21:07:58.139,1.52,1.52035,1.00,1.00
2010.04.28 21:08:23.209,1.52,1.5204,1.00,1.00
2010.04.28 21:08:25.067,1.52,1.5204,1.00,1.00
2010.04.28 21:08:26.617,1.52,1.52035,1.00,1.00
2010.04.28 21:08:27.299,1.52,1.5204,1.00,1.00
2010.04.28 21:08:29.581,1.52,1.5204,1.20,1.00
2010.04.28 21:08:29.816,1.52,1.5204,1.00,1.00
2010.04.28 21:08:32.837,1.52,1.52035,1.00,1.00
2010.04.28 21:08:35.379,1.52,1.5203,1.00,1.00
2010.04.28 21:08:36.074,1.52,1.5204,1.00,1.00
2010.04.28 21:08:39.488,1.52,1.52045,1.00,1.00
2010.04.28 21:08:40.173,1.52,1.52045,1.20,1.00
2010.04.28 21:08:40.863,1.52,1.5204,1.20,1.00
2010.04.28 21:08:42.645,1.52,1.5205,1.20,1.00
2010.04.28 21:08:44.652,1.52,1.52045,1.20,1.00
2010.04.28 21:08:47.074,1.52,1.5205,1.20,1.00
2010.04.28 21:08:48.067,1.52,1.52055,1.30,2.10
2010.04.28 21:08:49.542,1.52005,1.52055,1.00,2.10
2010.04.28 21:08:50.434,1.52,1.52055,1.20,2.10
2010.04.28 21:08:51.153,1.52015,1.52055,1.00,2.10
2010.04.28 21:08:51.493,1.52,1.5205,1.20,1.00
2010.04.28 21:08:52.093,1.52,1.52045,1.20,1.00
2010.04.28 21:08:52.383,1.52,1.52045,1.20,1.00
2010.04.28 21:08:52.673,1.52,1.52055,1.00,2.10
2010.04.28 21:08:53.711,1.52,1.52055,1.00,2.10
2010.04.28 21:08:53.960,1.52005,1.52055,1.00,2.10
2010.04.28 21:08:55.435,1.5201,1.52055,1.00,2.10
2010.04.28 21:08:55.541,1.52,1.52055,1.00,2.10
2010.04.28 21:08:56.492,1.52,1.5205,1.00,1.00
2010.04.28 21:08:57.730,1.52,1.5205,1.00,1.00
2010.04.28 21:08:58.129,1.52005,1.52055,1.00,2.10
2010.04.28 21:08:58.330,1.5201,1.52055,1.00,2.10
2010.04.28 21:08:58.530,1.52,1.52055,1.00,2.10
2010.04.28 21:08:59.600,1.52,1.5205,1.00,1.00
2010.04.28 21:09:00.478,1.52,1.5205,1.00,1.00
2010.04.28 21:09:01.449,1.52005,1.5205,1.00,1.00
2010.04.28 21:09:01.648,1.52,1.5205,1.00,1.00
2010.04.28 21:09:09.585,1.52,1.5205,1.30,1.00
2010.04.28 21:09:10.557,1.52005,1.5205,1.00,1.00
2010.04.28 21:09:12.856,1.5201,1.5205,1.00,1.00
2010.04.28 21:09:13.197,1.5201,1.52055,1.60,2.10
2010.04.28 21:09:13.877,1.5201,1.52055,1.60,1.00
2010.04.28 21:09:14.217,1.5202,1.52055,1.00,1.00
2010.04.28 21:09:17.219,1.5202,1.52055,1.00,2.10
2010.04.28 21:09:17.438,1.52015,1.52055,1.00,2.10
2010.04.28 21:09:18.629,1.52015,1.5205,1.00,1.00
2010.04.28 21:09:18.842,1.52015,1.52055,1.00,2.10
2010.04.28 21:09:23.485,1.52015,1.5205,1.00,1.00
2010.04.28 21:09:25.793,1.52015,1.52055,1.00,2.10
2010.04.28 21:09:26.990,1.5203,1.5206,1.00,1.00
2010.04.28 21:09:31.636,1.52015,1.52055,1.00,2.00
2010.04.28 21:09:32.066,1.52015,1.52055,1.00,2.10
2010.04.28 21:09:32.423,1.5201,1.52055,1.00,2.10
2010.04.28 21:09:34.451,1.5201,1.5205,1.00,1.00
2010.04.28 21:09:36.733,1.5201,1.5205,1.00,1.70
2010.04.28 21:09:36.961,1.52005,1.5205,1.00,3.30
2010.04.28 21:09:37.872,1.52005,1.52045,1.00,1.00
2010.04.28 21:09:39.603,1.52015,1.52045,1.00,1.00
2010.04.28 21:09:39.750,1.5201,1.52045,1.00,1.00
2010.04.28 21:09:41.500,1.5201,1.52045,1.00,1.00
2010.04.28 21:09:47.053,1.5201,1.52045,1.70,1.00
2010.04.28 21:09:49.423,1.5201,1.5205,1.70,1.00
2010.04.28 21:09:50.647,1.52015,1.5205,1.00,1.00
2010.04.28 21:09:50.947,1.5201,1.5205,1.70,1.00
2010.04.28 21:09:55.383,1.52015,1.5205,1.00,1.00
2010.04.28 21:10:01.706,1.52015,1.5205,1.00,1.00
2010.04.28 21:10:02.016,1.52015,1.5205,1.00,1.00
2010.04.28 21:10:04.130,1.52015,1.52055,1.00,1.00
2010.04.28 21:10:04.395,1.52015,1.52055,1.00,1.00
2010.04.28 21:10:04.734,1.52015,1.52055,1.00,1.00
2010.04.28 21:10:05.474,1.52015,1.52055,1.70,1.00
2010.04.28 21:10:07.435,1.5202,1.52055,1.00,1.00
2010.04.28 21:10:09.924,1.5202,1.5206,1.00,2.80
2010.04.28 21:10:10.319,1.5203,1.5206,1.00,2.80
2010.04.28 21:10:10.504,1.5203,1.5206,1.00,2.00
2010.04.28 21:10:12.260,1.5203,1.5206,1.00,2.80
2010.04.28 21:10:12.552,1.5203,1.5206,1.00,2.80
2010.04.28 21:10:12.842,1.5203,1.5206,1.00,2.80
2010.04.28 21:10:13.142,1.5202,1.5206,1.00,2.80
2010.04.28 21:10:14.529,1.5202,1.52055,1.00,1.00
2010.04.28 21:10:14.684,1.5202,1.52055,1.00,1.00
2010.04.28 21:10:19.651,1.5202,1.5206,1.00,2.10
2010.04.28 21:10:19.994,1.52025,1.5206,1.00,2.10
2010.04.28 21:10:22.202,1.52025,1.52065,1.00,2.10
2010.04.28 21:10:23.774,1.52025,1.52065,1.00,1.00
2010.04.28 21:10:24.022,1.52025,1.52065,1.70,1.00
2010.04.28 21:10:25.410,1.5203,1.52065,1.00,1.00
2010.04.28 21:10:26.695,1.5203,1.5207,1.00,2.10
2010.04.28 21:10:28.470,1.5203,1.52065,1.00,1.00
2010.04.28 21:10:28.950,1.52035,1.5207,1.00,1.00
2010.04.28 21:10:29.190,1.5204,1.52085,1.00,1.00
2010.04.28 21:10:29.430,1.5204,1.5209,1.00,2.80
2010.04.28 21:10:30.045,1.52045,1.5209,2.40,2.00
2010.04.28 21:10:30.283,1.5204,1.5209,1.30,2.00
2010.04.28 21:10:30.514,1.5204,1.5209,1.30,2.10
2010.04.28 21:10:30.738,1.52045,1.5209,1.00,1.00
2010.04.28 21:10:31.899,1.52025,1.52065,1.10,2.00
2010.04.28 21:10:32.870,1.52025,1.52065,1.10,1.00
2010.04.28 21:10:33.188,1.52025,1.5207,1.90,2.40
2010.04.28 21:10:34.409,1.5203,1.52065,1.00,1.70
2010.04.28 21:10:34.547,1.5203,1.52065,1.00,2.90
2010.04.28 21:10:38.432,1.5202,1.52065,1.00,2.90
2010.04.28 21:10:39.211,1.5202,1.5206,1.60,1.00
2010.04.28 21:10:40.392,1.5202,1.5206,1.70,1.00
2010.04.28 21:10:42.554,1.5202,1.52055,1.70,1.00
2010.04.28 21:10:58.811,1.5202,1.5206,1.70,1.00
2010.04.28 21:11:00.413,1.52025,1.5206,1.00,1.00
2010.04.28 21:11:01.443,1.5202,1.5206,1.70,1.00
2010.04.28 21:11:03.570,1.5202,1.52055,1.70,1.00
2010.04.28 21:11:19.816,1.5202,1.52055,1.00,1.00
2010.04.28 21:11:25.016,1.5202,1.52055,1.70,1.00
2010.04.28 21:11:25.514,1.5202,1.5206,1.70,1.00
2010.04.28 21:11:25.734,1.52025,1.5206,1.00,1.00
2010.04.28 21:11:26.850,1.52025,1.5206,1.00,1.00
2010.04.28 21:11:34.833,1.52025,1.5206,1.70,1.00
2010.04.28 21:12:10.431,1.52025,1.52065,1.70,1.00
2010.04.28 21:12:12.525,1.5203,1.52065,1.00,1.00
2010.04.28 21:12:15.714,1.52025,1.52065,1.70,1.00
2010.04.28 21:12:18.514,1.52025,1.5206,1.70,1.00
2010.04.28 21:12:21.103,1.52025,1.52065,1.70,1.00
2010.04.28 21:12:21.310,1.5203,1.52065,1.00,1.00
2010.04.28 21:12:22.350,1.5203,1.52065,1.00,1.00
2010.04.28 21:12:31.883,1.5203,1.5207,1.00,1.00
2010.04.28 21:12:33.569,1.5203,1.52065,1.00,1.00
2010.04.28 21:12:33.759,1.5203,1.5207,1.00,1.00
2010.04.28 21:12:35.107,1.52035,1.5207,1.00,1.00
2010.04.28 21:12:35.502,1.52035,1.5207,1.00,1.70
2010.04.28 21:12:35.889,1.52035,1.5207,1.00,2.10
2010.04.28 21:12:36.749,1.52035,1.5207,1.00,2.00
2010.04.28 21:12:38.463,1.52035,1.5207,1.00,2.10
2010.04.28 21:12:44.166,1.52035,1.5207,1.00,1.00
2010.04.28 21:12:45.545,1.52035,1.5207,1.00,1.30
2010.04.28 21:12:48.429,1.52035,1.52065,1.00,1.00
2010.04.28 21:12:49.516,1.52025,1.52065,1.70,1.00
2010.04.28 21:12:49.775,1.52025,1.52065,1.70,1.20
2010.04.28 21:12:51.368,1.52025,1.52065,1.70,1.30
2010.04.28 21:12:52.415,1.52025,1.5206,1.70,1.00
2010.04.28 21:13:02.064,1.52025,1.5206,1.60,1.00
2010.04.28 21:13:06.441,1.52025,1.52055,1.60,1.00
2010.04.28 21:13:07.035,1.52025,1.52055,1.60,1.00
2010.04.28 21:13:09.583,1.52025,1.5206,1.60,1.00
2010.04.28 21:13:14.609,1.52025,1.52055,1.60,1.00
2010.04.28 21:13:24.191,1.5202,1.52055,1.60,1.00
2010.04.28 21:13:25.866,1.5202,1.5205,1.60,1.00
2010.04.28 21:13:27.546,1.5202,1.52045,1.60,1.00
2010.04.28 21:14:30.242,1.52006,1.52026,4.00,1.20
2010.04.28 21:14:30.529,1.52002,1.52022,5.70,1.00
2010.04.28 21:14:46.008,1.51999,1.52019,6.50,1.00
2010.04.28 21:14:47.554,1.51998,1.52018,1.60,1.00
2010.04.28 21:14:47.916,1.52001,1.52016,6.40,1.00
2010.04.28 21:14:51.726,1.52,1.5202,4.00,1.00
2010.04.28 21:14:52.847,1.52003,1.52018,2.40,1.00
2010.04.28 21:14:53.810,1.52001,1.52021,2.40,1.00
2010.04.28 21:14:55.068,1.52,1.5202,12.00,1.20
2010.04.28 21:14:55.187,1.51998,1.52018,2.40,1.00
2010.04.28 21:14:58.656,1.52,1.5202,4.00,1.00
2010.04.28 21:14:59.216,1.51999,1.52019,2.40,1.00
2010.04.28 21:14:59.474,1.51999,1.52014,12.00,1.20
2010.04.28 21:14:59.734,1.51993,1.52013,4.00,1.20
2010.04.28 21:15:06.304,1.52015,1.52045,3.20,1.00
2010.04.28 21:15:15.380,1.52015,1.5204,3.20,1.00
2010.04.28 21:15:19.405,1.52015,1.52045,4.00,1.00
2010.04.28 21:15:22.549,1.52015,1.52045,4.00,1.00
2010.04.28 21:15:22.750,1.52015,1.52045,4.00,1.00
2010.04.28 21:15:25.441,1.52005,1.5202,1.60,1.00
2010.04.28 21:15:25.691,1.52005,1.52035,1.60,1.00
2010.04.28 21:15:26.077,1.52,1.52035,2.40,2.00
2010.04.28 21:15:26.100,1.52,1.52035,1.00,1.60
2010.04.28 21:15:27.458,1.52,1.52035,1.00,1.70
2010.04.28 21:15:29.467,1.52,1.52035,1.00,1.70
2010.04.28 21:15:33.659,1.52,1.52035,1.00,1.60
2010.04.28 21:15:36.436,1.52005,1.52035,1.00,1.60
2010.04.28 21:16:00.620,1.52,1.52035,1.00,1.60
2010.04.28 21:16:01.178,1.52,1.5203,1.00,1.60
2010.04.28 21:16:01.227,1.51995,1.52025,1.00,1.60
2010.04.28 21:16:04.478,1.51995,1.52025,1.00,1.60
2010.04.28 21:16:06.388,1.52,1.52025,1.00,1.60
2010.04.28 21:16:07.820,1.51995,1.52025,1.00,1.60
2010.04.28 21:16:08.113,1.51995,1.5202,1.00,2.40
2010.04.28 21:16:08.410,1.51995,1.5202,1.00,1.60
2010.04.28 21:16:09.991,1.52,1.5202,1.00,1.60
2010.04.28 21:16:10.237,1.52,1.5202,1.00,1.60
2010.04.28 21:16:12.668,1.52,1.52025,1.00,1.60
2010.04.28 21:16:12.908,1.52,1.5203,1.00,3.20
2010.04.28 21:16:13.153,1.52,1.52025,1.00,1.60
2010.04.28 21:16:13.501,1.52,1.5203,1.00,3.20
2010.04.28 21:16:13.844,1.52,1.52035,1.00,3.20
2010.04.28 21:16:14.361,1.51995,1.52035,2.50,3.20
2010.04.28 21:16:14.590,1.52005,1.5204,3.20,1.20
2010.04.28 21:16:14.816,1.5201,1.52045,1.00,4.00
2010.04.28 21:16:16.118,1.5201,1.5204,1.00,1.60
2010.04.28 21:16:19.475,1.52015,1.5204,1.00,1.60
2010.04.28 21:16:21.177,1.5201,1.5204,1.00,1.60
2010.04.28 21:16:21.390,1.52005,1.5204,2.50,3.20
2010.04.28 21:16:21.557,1.5201,1.5204,1.00,3.20
2010.04.28 21:16:22.056,1.5201,1.52045,1.00,4.80
2010.04.28 21:16:23.605,1.5201,1.52045,1.00,4.80
2010.04.28 21:16:23.823,1.5201,1.52045,1.00,4.80
2010.04.28 21:16:24.264,1.5201,1.52045,1.00,4.80
2010.04.28 21:16:26.375,1.52015,1.52045,1.00,4.80
2010.04.28 21:16:27.483,1.52015,1.5204,1.00,1.60
2010.04.28 21:16:28.058,1.52005,1.5204,2.50,1.60
2010.04.28 21:16:29.464,1.5201,1.52045,1.00,4.80
2010.04.28 21:16:30.513,1.5201,1.52045,1.00,4.80
2010.04.28 21:16:33.433,1.52015,1.52045,1.00,4.80
2010.04.28 21:16:33.651,1.52015,1.52045,1.00,4.80
2010.04.28 21:16:37.673,1.5201,1.5204,1.00,1.60
2010.04.28 21:16:38.190,1.5201,1.52035,1.00,3.20
2010.04.28 21:16:39.972,1.5201,1.52035,1.00,3.20
2010.04.28 21:16:41.747,1.52015,1.52035,1.00,3.20
2010.04.28 21:16:41.852,1.5201,1.52035,1.00,3.20
2010.04.28 21:16:43.724,1.52,1.5203,1.00,1.60
2010.04.28 21:16:46.509,1.5201,1.5203,1.00,1.60
2010.04.28 21:16:46.543,1.5201,1.52035,1.00,3.20
2010.04.28 21:16:48.589,1.5201,1.52035,1.00,3.20
2010.04.28 21:16:49.069,1.5201,1.52035,1.00,3.20
2010.04.28 21:16:49.278,1.52005,1.52035,1.00,3.20
2010.04.28 21:16:50.920,1.5201,1.52035,1.00,3.20
2010.04.28 21:16:52.868,1.5201,1.52035,1.00,3.20
2010.04.28 21:16:54.456,1.52015,1.52035,1.00,3.20
2010.04.28 21:17:00.683,1.52015,1.52035,1.00,1.60
2010.04.28 21:17:01.275,1.52015,1.52035,1.00,1.60
2010.04.28 21:17:02.875,1.52015,1.52035,1.00,1.60
2010.04.28 21:17:07.794,1.5201,1.52035,1.00,1.60
2010.04.28 21:17:10.492,1.5201,1.5204,1.00,1.00
2010.04.28 21:17:13.176,1.5201,1.52045,1.00,4.90
2010.04.28 21:17:34.581,1.5201,1.52045,1.00,4.80
2010.04.28 21:17:36.100,1.52015,1.52045,1.00,4.80
2010.04.28 21:17:51.745,1.52015,1.52045,1.00,4.80
2010.04.28 21:17:54.330,1.52015,1.52045,1.00,4.80
2010.04.28 21:17:54.581,1.52015,1.52045,1.00,4.80
2010.04.28 21:17:58.300,1.5202,1.52045,1.00,4.80
2010.04.28 21:17:58.500,1.5202,1.52045,1.00,4.00
2010.04.28 21:18:23.199,1.52015,1.52045,1.00,4.00
2010.04.28 21:18:24.474,1.52015,1.52045,1.00,4.00
2010.04.28 21:18:25.250,1.52015,1.5205,1.00,4.00
2010.04.28 21:18:27.395,1.5202,1.5205,1.00,4.00
2010.04.28 21:18:30.233,1.52015,1.5205,1.00,4.00
2010.04.28 21:18:32.553,1.5202,1.5205,1.00,4.00
2010.04.28 21:18:36.362,1.5202,1.5205,1.00,4.80
2010.04.28 21:18:36.392,1.5202,1.52045,1.00,1.60
2010.04.28 21:18:36.423,1.5202,1.52045,1.00,2.40
2010.04.28 21:18:36.453,1.5202,1.52045,1.00,4.00
2010.04.28 21:18:36.885,1.52015,1.52045,1.00,4.00
2010.04.28 21:18:43.912,1.5201,1.52045,1.00,4.00
2010.04.28 21:18:45.199,1.52015,1.52045,1.00,4.00
2010.04.28 21:18:45.519,1.52015,1.52045,1.00,1.00
2010.04.28 21:18:45.581,1.52015,1.5205,1.00,4.00
2010.04.28 21:18:46.040,1.52015,1.5205,1.00,4.00
2010.04.28 21:18:48.409,1.5202,1.5205,1.00,4.00
2010.04.28 21:18:50.868,1.5202,1.5205,1.00,4.00
2010.04.28 21:18:55.132,1.5202,1.5205,1.00,2.10
2010.04.28 21:18:57.157,1.5202,1.52045,1.00,3.20
2010.04.28 21:18:57.887,1.52025,1.52045,1.00,3.20
2010.04.28 21:19:00.156,1.5202,1.52045,1.00,3.20
2010.04.28 21:19:01.235,1.5202,1.52045,1.00,3.20
2010.04.28 21:19:01.346,1.52015,1.5204,1.00,1.60
2010.04.28 21:19:01.455,1.52015,1.5204,1.00,3.20
2010.04.28 21:19:04.216,1.5202,1.5204,1.00,3.20
2010.04.28 21:19:06.308,1.5202,1.5204,1.00,3.20
2010.04.28 21:19:06.405,1.5202,1.5204,1.00,3.20
2010.04.28 21:19:07.364,1.52025,1.5204,1.00,3.20
2010.04.28 21:19:11.613,1.52025,1.52045,1.00,3.20
2010.04.28 21:19:49.274,1.5201,1.52035,1.00,1.60
2010.04.28 21:19:49.866,1.5201,1.52035,1.00,1.60
2010.04.28 21:19:50.063,1.5201,1.52035,1.00,1.60
2010.04.28 21:19:55.769,1.52005,1.52035,1.00,1.60
2010.04.28 21:19:59.072,1.5201,1.5204,1.00,1.60
2010.04.28 21:20:00.364,1.5201,1.5204,1.00,1.60
2010.04.28 21:20:02.561,1.52015,1.5204,1.00,1.60
2010.04.28 21:20:08.049,1.5201,1.5204,1.00,1.60
2010.04.28 21:20:08.239,1.5201,1.52045,1.00,1.00
2010.04.28 21:20:11.978,1.5201,1.5205,1.00,3.90
2010.04.28 21:20:12.113,1.5201,1.5205,1.00,4.70
2010.04.28 21:20:14.277,1.5201,1.52045,1.00,1.00
2010.04.28 21:20:16.535,1.52005,1.52045,1.00,4.10
2010.04.28 21:20:18.311,1.52,1.5204,1.00,2.40
2010.04.28 21:20:19.009,1.52,1.5204,1.00,2.40
2010.04.28 21:20:19.208,1.51995,1.5204,1.00,1.60
2010.04.28 21:20:21.462,1.52005,1.5204,1.00,1.60
2010.04.28 21:20:23.816,1.52005,1.5204,1.00,1.60
2010.04.28 21:20:24.769,1.52005,1.5204,1.00,1.60
2010.04.28 21:20:25.005,1.52005,1.5204,1.00,1.60
2010.04.28 21:20:31.257,1.52005,1.5204,1.00,1.60
2010.04.28 21:20:31.438,1.52005,1.5204,1.00,1.60
2010.04.28 21:20:31.529,1.5201,1.5204,1.00,1.60
2010.04.28 21:20:31.624,1.5201,1.52045,1.00,1.60
2010.04.28 21:20:33.664,1.5201,1.52045,1.00,1.70
2010.04.28 21:20:34.703,1.5201,1.52045,1.00,1.60
2010.04.28 21:20:36.583,1.52015,1.52045,1.00,1.60
2010.04.28 21:20:37.165,1.5201,1.52045,1.00,1.60
2010.04.28 21:20:37.702,1.52005,1.52045,1.00,1.70
2010.04.28 21:20:49.520,1.52005,1.52045,1.00,1.70
2010.04.28 21:20:49.831,1.52,1.5204,1.00,1.60
2010.04.28 21:20:50.190,1.52,1.52035,1.00,1.00
2010.04.28 21:20:52.001,1.52,1.5204,1.70,2.50
2010.04.28 21:20:53.520,1.52,1.52035,1.70,1.00
2010.04.28 21:20:55.102,1.52,1.5204,1.70,2.40
2010.04.28 21:20:55.661,1.52005,1.52045,1.60,1.00
2010.04.28 21:20:56.444,1.52005,1.52045,1.70,1.00
2010.04.28 21:20:57.398,1.52005,1.52045,1.60,1.00
2010.04.28 21:20:57.618,1.52005,1.52045,1.70,1.00
2010.04.28 21:21:00.984,1.52005,1.52045,1.60,1.00
2010.04.28 21:21:01.085,1.52005,1.52045,1.70,1.00
2010.04.28 21:21:02.401,1.5201,1.52045,1.00,1.00
2010.04.28 21:21:05.654,1.5201,1.52045,1.00,2.50
2010.04.28 21:21:05.887,1.5201,1.5204,1.00,1.60
2010.04.28 21:21:21.902,1.52005,1.5204,4.90,1.60
2010.04.28 21:21:24.400,1.5201,1.5204,1.00,1.60
2010.04.28 21:21:34.589,1.52015,1.5204,1.00,1.60
2010.04.28 21:21:53.974,1.5201,1.5204,1.00,1.60
2010.04.28 21:21:55.336,1.52015,1.5204,1.00,1.60
2010.04.28 21:21:59.320,1.5201,1.5204,1.00,1.60
2010.04.28 21:22:00.748,1.5201,1.52045,2.50,4.00
2010.04.28 21:22:03.542,1.52015,1.52045,1.00,4.00
2010.04.28 21:22:04.296,1.5202,1.52045,1.00,1.60
2010.04.28 21:22:04.557,1.5202,1.52045,1.00,1.00
2010.04.28 21:22:07.359,1.52015,1.52045,1.00,1.00
2010.04.28 21:22:07.802,1.5201,1.52045,1.00,1.00
2010.04.28 21:22:09.021,1.52015,1.52045,1.00,1.00
2010.04.28 21:22:10.973,1.52015,1.52045,1.00,1.00
2010.04.28 21:22:12.322,1.5202,1.52055,1.00,1.20
2010.04.28 21:22:13.341,1.5202,1.52055,1.00,1.20
2010.04.28 21:22:13.889,1.5202,1.52055,1.00,1.20
2010.04.28 21:22:14.362,1.52025,1.52055,1.00,1.00
2010.04.28 21:22:24.210,1.52025,1.5206,1.00,2.50
2010.04.28 21:22:40.394,1.52025,1.5206,1.00,2.40
2010.04.28 21:22:40.524,1.52025,1.5206,1.00,2.50
2010.04.28 21:23:01.408,1.52025,1.52055,1.00,1.00
2010.04.28 21:23:04.545,1.52025,1.52055,1.70,1.00
2010.04.28 21:23:22.137,1.52025,1.52055,1.00,1.00
2010.04.28 21:23:34.878,1.52035,1.5208,1.00,2.40
2010.04.28 21:23:34.901,1.52035,1.5208,1.50,2.40
2010.04.28 21:23:35.054,1.5203,1.5208,3.50,2.40
2010.04.28 21:23:35.503,1.5203,1.5208,7.10,2.40
2010.04.28 21:23:35.654,1.5203,1.52085,8.00,4.00
2010.04.28 21:23:35.802,1.5203,1.52085,8.00,4.00
2010.04.28 21:23:35.952,1.5203,1.52085,7.30,4.00
2010.04.28 21:23:36.263,1.5203,1.52085,7.30,2.40
2010.04.28 21:23:36.573,1.52035,1.52085,5.00,1.60
2010.04.28 21:23:41.320,1.52035,1.52085,4.20,2.40
2010.04.28 21:23:41.535,1.5205,1.52085,1.00,2.50
2010.04.28 21:23:41.792,1.5205,1.52085,3.00,2.50
2010.04.28 21:23:42.053,1.52045,1.52085,5.40,1.00
2010.04.28 21:23:42.313,1.5205,1.52085,3.40,1.00
2010.04.28 21:23:42.578,1.5205,1.52085,2.50,1.00
2010.04.28 21:23:43.234,1.5205,1.52095,4.20,1.00
2010.04.28 21:23:43.753,1.52045,1.52095,9.40,1.00
2010.04.28 21:23:44.093,1.5205,1.52095,3.70,1.00
2010.04.28 21:23:44.432,1.52055,1.52095,1.00,1.00
2010.04.28 21:23:44.772,1.52055,1.52095,1.30,1.00
2010.04.28 21:23:45.080,1.52055,1.52095,1.00,1.00
2010.04.28 21:23:45.623,1.52055,1.52095,1.00,1.00
2010.04.28 21:23:45.940,1.52055,1.5209,1.20,1.00
2010.04.28 21:23:46.020,1.52055,1.52085,1.00,1.00
2010.04.28 21:23:46.100,1.5205,1.52085,3.60,1.00
2010.04.28 21:23:46.178,1.52055,1.52085,1.00,1.00
2010.04.28 21:23:46.339,1.52055,1.52085,1.20,1.00
2010.04.28 21:23:46.498,1.52055,1.52085,1.00,1.00
2010.04.28 21:23:46.660,1.5205,1.52085,2.30,1.00
2010.04.28 21:23:46.738,1.5205,1.52085,3.10,1.00
2010.04.28 21:23:47.201,1.5205,1.52085,3.30,1.00
2010.04.28 21:23:47.541,1.5205,1.52085,2.60,1.00
2010.04.28 21:23:47.880,1.5205,1.52085,2.90,1.00
2010.04.28 21:23:48.220,1.5205,1.52085,3.30,1.00
2010.04.28 21:23:48.479,1.5205,1.52085,3.60,1.00
2010.04.28 21:23:48.745,1.5205,1.52085,5.20,1.00
2010.04.28 21:23:49.011,1.5205,1.52085,2.60,1.00
2010.04.28 21:23:49.272,1.5205,1.52085,4.40,1.00
2010.04.28 21:23:49.582,1.52045,1.52085,6.30,1.00
2010.04.28 21:23:49.890,1.5205,1.52085,4.20,1.00
2010.04.28 21:23:50.572,1.52045,1.52085,6.50,1.00
2010.04.28 21:23:50.731,1.5205,1.52085,4.10,1.00
2010.04.28 21:23:50.890,1.5205,1.5209,4.40,1.00
2010.04.28 21:23:51.190,1.5205,1.5209,4.40,1.00
2010.04.28 21:23:51.458,1.5205,1.5209,5.20,1.00
2010.04.28 21:23:51.615,1.52055,1.5209,1.00,1.00
2010.04.28 21:23:51.903,1.5207,1.5209,1.00,1.00
2010.04.28 21:23:52.192,1.5205,1.5209,3.60,1.00
2010.04.28 21:23:52.695,1.5205,1.5209,4.40,1.00
2010.04.28 21:23:52.920,1.52065,1.5209,1.00,1.00
2010.04.28 21:23:53.589,1.5205,1.5209,3.30,1.00
2010.04.28 21:23:53.808,1.5205,1.5209,5.00,1.00
2010.04.28 21:23:55.846,1.5207,1.5209,1.00,1.00
2010.04.28 21:23:56.187,1.52055,1.5209,1.00,1.00
2010.04.28 21:23:56.357,1.52055,1.5209,1.60,1.00
2010.04.28 21:23:56.870,1.52055,1.5209,1.00,1.00
2010.04.28 21:24:01.407,1.52055,1.5209,1.50,1.00
2010.04.28 21:24:01.526,1.52055,1.5209,1.60,1.00
2010.04.28 21:24:01.647,1.5207,1.5209,1.00,1.00
2010.04.28 21:24:01.896,1.5205,1.5209,3.60,1.00
2010.04.28 21:24:02.147,1.52065,1.5209,1.00,1.00
2010.04.28 21:24:02.395,1.5205,1.5209,3.50,1.00
2010.04.28 21:24:02.646,1.52065,1.5209,1.00,1.00
2010.04.28 21:24:03.558,1.5205,1.5209,4.10,1.00
2010.04.28 21:24:03.911,1.5205,1.5209,3.70,1.00
2010.04.28 21:24:04.137,1.52065,1.5209,1.00,1.00
2010.04.28 21:24:05.016,1.5205,1.5209,4.40,1.00
2010.04.28 21:24:05.235,1.52065,1.5209,1.00,1.00
2010.04.28 21:24:05.435,1.5205,1.5209,3.60,1.00
2010.04.28 21:24:05.635,1.52065,1.5209,1.00,1.00
2010.04.28 21:24:06.035,1.52055,1.5209,1.00,1.00
2010.04.28 21:24:06.114,1.5207,1.5209,1.00,1.00
2010.04.28 21:24:06.433,1.52055,1.5209,1.40,1.00
2010.04.28 21:24:06.906,1.5207,1.5209,1.00,1.00
2010.04.28 21:24:06.983,1.5205,1.5209,5.20,1.00
2010.04.28 21:24:07.064,1.52065,1.5209,1.00,1.00
2010.04.28 21:24:07.605,1.5205,1.5209,4.40,1.00
2010.04.28 21:24:07.877,1.5205,1.5209,3.60,1.00
2010.04.28 21:24:08.144,1.52065,1.5209,1.00,1.00
2010.04.28 21:24:08.625,1.52065,1.5209,1.00,1.00
2010.04.28 21:24:08.865,1.52065,1.5211,1.00,4.40
2010.04.28 21:24:09.104,1.52065,1.52105,1.00,1.00
2010.04.28 21:24:09.344,1.52065,1.5211,1.00,4.00
2010.04.28 21:24:09.585,1.52065,1.52105,1.00,1.00
2010.04.28 21:24:09.865,1.5205,1.52105,8.10,3.20
2010.04.28 21:24:10.526,1.5205,1.52105,7.70,1.00
2010.04.28 21:24:10.665,1.52065,1.52105,1.00,1.00
2010.04.28 21:24:10.803,1.52065,1.5211,1.00,4.10
2010.04.28 21:24:10.945,1.5207,1.52105,1.00,3.30
2010.04.28 21:24:11.084,1.52055,1.52105,2.10,1.00
2010.04.28 21:24:11.223,1.52055,1.52105,2.10,1.00
2010.04.28 21:24:11.364,1.52055,1.52105,2.00,1.00
2010.04.28 21:24:11.645,1.5207,1.52105,1.00,1.00
2010.04.28 21:24:11.986,1.52055,1.52105,1.80,4.10
2010.04.28 21:24:12.334,1.52065,1.52105,1.00,1.00
2010.04.28 21:24:13.045,1.52065,1.52105,1.00,4.10
2010.04.28 21:24:13.203,1.52065,1.52105,1.00,3.30
2010.04.28 21:24:13.363,1.5205,1.52105,8.90,1.00
2010.04.28 21:24:13.522,1.5205,1.52105,8.90,1.00
2010.04.28 21:24:13.683,1.52065,1.52105,1.00,1.00
2010.04.28 21:24:13.964,1.5205,1.52105,8.10,3.30
2010.04.28 21:24:14.244,1.52065,1.52105,1.00,1.00
2010.04.28 21:24:14.523,1.5205,1.52105,7.90,1.00
2010.04.28 21:24:14.803,1.52065,1.52105,1.00,1.00
2010.04.28 21:24:15.083,1.52055,1.52105,2.10,4.10
2010.04.28 21:24:15.363,1.52055,1.52105,1.30,1.00
2010.04.28 21:24:15.642,1.5207,1.52105,1.00,1.00
2010.04.28 21:24:16.465,1.5207,1.52105,1.00,1.00
2010.04.28 21:24:17.001,1.52055,1.52105,1.90,2.50
2010.04.28 21:24:17.202,1.5207,1.52105,1.00,1.00
2010.04.28 21:24:17.402,1.52065,1.52105,1.00,1.00
2010.04.28 21:24:17.600,1.5205,1.52105,9.00,1.00
2010.04.28 21:24:17.803,1.52065,1.52105,1.00,1.00
2010.04.28 21:24:18.002,1.5205,1.52105,8.10,4.10
2010.04.28 21:24:18.322,1.5205,1.52105,7.80,4.10
2010.04.28 21:24:18.641,1.52065,1.52105,1.00,2.50
2010.04.28 21:24:18.963,1.5205,1.52105,8.00,1.00
2010.04.28 21:24:19.141,1.52065,1.52105,1.00,1.00
2010.04.28 21:24:19.322,1.52055,1.52105,1.30,1.00
2010.04.28 21:24:19.779,1.52055,1.52105,2.00,1.90
2010.04.28 21:24:19.965,1.52055,1.52105,1.70,1.00
2010.04.28 21:24:20.221,1.5207,1.52105,1.00,1.00
2010.04.28 21:24:20.471,1.5207,1.52105,1.00,4.10
2010.04.28 21:24:20.721,1.5207,1.52105,1.00,1.90
2010.04.28 21:24:20.972,1.52055,1.52105,1.70,1.00
2010.04.28 21:24:21.223,1.52055,1.52105,2.10,1.00
2010.04.28 21:24:21.314,1.5207,1.52105,1.00,1.00
2010.04.28 21:24:21.419,1.52055,1.52105,1.90,1.00
2010.04.28 21:24:21.823,1.52055,1.52105,1.90,1.00
2010.04.28 21:24:21.916,1.5207,1.52105,1.00,1.00
2010.04.28 21:24:22.009,1.52055,1.52105,1.60,1.00
2010.04.28 21:24:22.354,1.5207,1.52105,1.00,1.00
2010.04.28 21:24:23.043,1.5205,1.52105,8.10,1.00
2010.04.28 21:24:23.321,1.52065,1.52105,1.00,1.00
2010.04.28 21:24:23.600,1.5205,1.52105,8.20,4.10
2010.04.28 21:24:24.311,1.52065,1.52105,1.00,1.00
2010.04.28 21:24:24.491,1.5205,1.52105,8.00,4.10
2010.04.28 21:24:24.839,1.5205,1.52105,7.80,4.10
2010.04.28 21:24:25.019,1.5205,1.52105,8.60,4.10
2010.04.28 21:24:25.200,1.52065,1.52105,1.00,1.00
2010.04.28 21:24:25.461,1.52055,1.52105,2.00,1.00
2010.04.28 21:24:25.721,1.5207,1.52105,1.00,1.00
2010.04.28 21:24:25.981,1.52055,1.52105,2.10,4.10
2010.04.28 21:24:26.241,1.5207,1.52105,1.00,1.00
2010.04.28 21:24:27.038,1.52055,1.52105,1.70,3.50
2010.04.28 21:24:27.149,1.52055,1.52105,2.50,2.50
2010.04.28 21:24:27.258,1.52055,1.52105,2.10,1.00
2010.04.28 21:24:27.510,1.52055,1.52105,2.00,1.00
2010.04.28 21:24:27.760,1.5207,1.52105,1.00,1.00
2010.04.28 21:24:28.009,1.52065,1.52105,1.00,3.50
2010.04.28 21:24:28.260,1.5205,1.52105,8.70,1.00
2010.04.28 21:24:28.599,1.5205,1.52105,8.20,1.00
2010.04.28 21:24:28.940,1.52065,1.52105,1.00,1.00
2010.04.28 21:24:29.620,1.5205,1.52105,7.80,1.00
2010.04.28 21:24:29.850,1.52065,1.52105,1.00,1.00
2010.04.28 21:24:30.307,1.52065,1.52105,1.00,1.00
2010.04.28 21:24:30.551,1.52055,1.52105,1.30,1.00
2010.04.28 21:24:30.729,1.52055,1.52105,1.70,1.00
2010.04.28 21:24:30.909,1.52055,1.52105,1.60,1.90
2010.04.28 21:24:31.088,1.52055,1.52105,1.60,4.10
2010.04.28 21:24:31.269,1.52055,1.52105,1.70,3.50
2010.04.28 21:24:31.449,1.52055,1.521,1.50,1.00
2010.04.28 21:24:31.629,1.52055,1.521,1.00,1.00
2010.04.28 21:24:31.879,1.5207,1.521,1.00,1.00
2010.04.28 21:24:32.129,1.52055,1.521,2.10,1.00
2010.04.28 21:24:32.378,1.5207,1.521,1.00,1.00
2010.04.28 21:24:33.025,1.52055,1.521,1.70,1.00
2010.04.28 21:24:33.201,1.52065,1.521,1.00,1.00
2010.04.28 21:24:33.548,1.5205,1.521,5.30,1.00
2010.04.28 21:24:33.719,1.52065,1.521,1.00,1.00
2010.04.28 21:24:34.058,1.5205,1.521,5.60,1.00
2010.04.28 21:24:34.400,1.5205,1.521,5.30,1.00
2010.04.28 21:24:34.740,1.52065,1.521,1.00,1.00
2010.04.28 21:24:35.088,1.5205,1.521,5.20,1.00
2010.04.28 21:24:35.248,1.52065,1.521,1.00,1.00
2010.04.28 21:24:36.057,1.5205,1.521,5.40,1.00
2010.04.28 21:24:36.217,1.52065,1.521,1.00,1.00
2010.04.28 21:24:36.516,1.5205,1.521,5.10,1.00
2010.04.28 21:24:36.666,1.5205,1.521,5.00,1.00
2010.04.28 21:24:36.748,1.52065,1.521,1.00,1.00
2010.04.28 21:24:36.895,1.5205,1.521,5.40,1.00
2010.04.28 21:24:36.978,1.5205,1.521,5.00,1.00
2010.04.28 21:24:37.125,1.5205,1.521,5.30,1.00
2010.04.28 21:24:37.428,1.52065,1.521,1.00,1.00
2010.04.28 21:24:37.727,1.5205,1.521,5.40,1.00
2010.04.28 21:24:38.028,1.52055,1.521,1.00,1.00
2010.04.28 21:24:38.328,1.5207,1.52105,1.00,1.00
2010.04.28 21:24:38.823,1.52065,1.52105,1.00,1.00
2010.04.28 21:24:39.038,1.52065,1.52105,1.00,4.10
2010.04.28 21:24:39.248,1.52065,1.52105,1.00,1.00
2010.04.28 21:24:39.458,1.5205,1.52105,8.10,1.00
2010.04.28 21:24:39.656,1.52065,1.52105,1.00,1.00
2010.04.28 21:24:39.858,1.52065,1.52105,1.00,1.00
2010.04.28 21:24:40.057,1.5205,1.52105,7.90,4.10
2010.04.28 21:24:40.256,1.52065,1.52105,1.00,4.10
2010.04.28 21:24:40.467,1.52065,1.52105,1.00,1.00
2010.04.28 21:24:40.676,1.5205,1.52105,5.30,1.00
2010.04.28 21:24:41.277,1.52065,1.52105,1.00,1.00
2010.04.28 21:24:41.617,1.5205,1.521,5.70,1.00
2010.04.28 21:24:41.957,1.5205,1.521,6.90,1.70
2010.04.28 21:24:42.297,1.5205,1.521,7.60,1.70
2010.04.28 21:24:42.557,1.5205,1.521,6.60,1.70
2010.04.28 21:24:42.817,1.52065,1.521,1.00,1.70
2010.04.28 21:24:44.076,1.5207,1.52095,1.00,1.60
2010.04.28 21:24:44.637,1.5205,1.52095,7.30,1.60
2010.04.28 21:24:44.897,1.52065,1.521,1.00,1.70
2010.04.28 21:24:45.155,1.5205,1.521,8.10,1.70
2010.04.28 21:24:45.416,1.52065,1.521,1.00,1.70
2010.04.28 21:24:45.687,1.5205,1.52095,7.00,1.60
2010.04.28 21:24:46.391,1.52065,1.521,1.00,1.70
2010.04.28 21:24:46.671,1.5205,1.52095,7.00,1.60
2010.04.28 21:24:46.870,1.52065,1.52095,1.00,1.60
2010.04.28 21:24:47.067,1.5205,1.52095,7.30,1.60
2010.04.28 21:24:47.265,1.5205,1.52095,7.20,1.60
2010.04.28 21:24:48.109,1.5205,1.52095,6.90,1.60
2010.04.28 21:24:48.378,1.5207,1.521,1.00,1.70
2010.04.28 21:24:48.649,1.52055,1.52095,4.90,1.60
2010.04.28 21:24:48.918,1.5207,1.521,1.00,1.70
2010.04.28 21:24:49.226,1.52055,1.52095,4.90,1.60
2010.04.28 21:24:49.537,1.5205,1.52095,7.60,1.60
2010.04.28 21:24:49.847,1.52065,1.521,1.00,1.70
2010.04.28 21:24:51.212,1.5205,1.521,6.80,1.70
2010.04.28 21:24:51.303,1.5205,1.52095,6.80,1.60
2010.04.28 21:24:51.473,1.5205,1.52095,6.60,1.60
2010.04.28 21:24:51.953,1.52055,1.52095,4.90,1.60
2010.04.28 21:24:52.043,1.5207,1.521,1.00,1.70
2010.04.28 21:24:52.213,1.52055,1.521,4.70,1.70
2010.04.28 21:24:52.515,1.5207,1.52095,1.00,1.60
2010.04.28 21:24:52.814,1.52055,1.52095,4.80,1.60
2010.04.28 21:24:53.115,1.5207,1.52095,1.00,1.60
2010.04.28 21:24:53.549,1.5207,1.521,1.00,1.70
2010.04.28 21:24:53.697,1.5207,1.52095,1.00,1.60
2010.04.28 21:24:53.854,1.52055,1.52095,4.70,1.60
2010.04.28 21:24:54.004,1.52055,1.52095,4.90,1.60
2010.04.28 21:24:54.155,1.5207,1.52095,1.00,1.60
2010.04.28 21:24:54.305,1.52055,1.521,1.60,1.00
2010.04.28 21:24:54.454,1.5205,1.521,6.10,1.00
2010.04.28 21:24:54.605,1.52065,1.521,1.00,1.00
2010.04.28 21:24:54.945,1.5205,1.521,6.20,1.00
2010.04.28 21:24:55.631,1.52065,1.521,1.00,1.00
2010.04.28 21:24:55.835,1.5205,1.521,5.20,1.00
2010.04.28 21:24:56.231,1.5205,1.521,6.80,1.00
2010.04.28 21:24:56.633,1.52065,1.521,1.00,1.00
2010.04.28 21:24:56.922,1.5205,1.521,4.60,1.00
2010.04.28 21:24:57.213,1.52065,1.521,1.00,4.10
2010.04.28 21:25:01.206,1.5208,1.52105,1.00,1.10
2010.04.28 21:25:01.465,1.5207,1.521,1.00,4.00
2010.04.28 21:25:01.721,1.5206,1.521,1.00,4.00
2010.04.28 21:25:02.460,1.5206,1.521,1.00,4.10
2010.04.28 21:25:04.854,1.52065,1.521,1.00,3.30
2010.04.28 21:25:04.999,1.52065,1.521,1.00,1.70
2010.04.28 21:25:05.139,1.52065,1.521,1.00,1.00
2010.04.28 21:25:05.279,1.5206,1.521,1.00,1.00
2010.04.28 21:25:05.418,1.5207,1.521,1.00,1.00
2010.04.28 21:25:13.647,1.5206,1.521,1.00,1.00
2010.04.28 21:25:13.868,1.5205,1.5209,6.50,2.40
2010.04.28 21:25:14.367,1.5205,1.5209,6.50,2.40
2010.04.28 21:25:14.695,1.5204,1.5208,1.00,1.00
2010.04.28 21:25:15.017,1.5204,1.52085,1.00,2.10
2010.04.28 21:25:15.977,1.52035,1.52085,4.00,2.10
2010.04.28 21:25:17.557,1.52035,1.5208,4.00,1.00
2010.04.28 21:25:30.993,1.5204,1.5208,4.00,1.00
2010.04.28 21:25:33.397,1.52035,1.5208,5.70,1.00
2010.04.28 21:25:33.585,1.52035,1.5208,5.70,1.00
2010.04.28 21:25:35.591,1.5204,1.5208,4.90,1.00
2010.04.28 21:25:36.612,1.5204,1.5208,4.00,1.00
2010.04.28 21:25:39.513,1.5204,1.5208,4.80,1.00
2010.04.28 21:25:39.741,1.5204,1.5208,4.80,1.00
2010.04.28 21:25:41.481,1.5204,1.5208,4.90,1.00
2010.04.28 21:25:44.298,1.52045,1.5208,1.00,1.00
2010.04.28 21:25:45.439,1.52035,1.5208,5.70,1.00
2010.04.28 21:25:52.478,1.5204,1.5208,4.90,1.00
2010.04.28 21:25:55.810,1.52045,1.5208,1.00,1.00
2010.04.28 21:25:59.096,1.5205,1.5208,1.60,1.00
2010.04.28 21:25:59.667,1.52045,1.5208,3.20,1.00
2010.04.28 21:26:03.639,1.5205,1.5208,3.20,1.00
2010.04.28 21:26:03.759,1.5205,1.52085,3.20,1.60
2010.04.28 21:26:15.858,1.5205,1.5208,1.60,1.00
2010.04.28 21:26:16.077,1.52045,1.52085,3.20,3.30
2010.04.28 21:26:16.295,1.5204,1.5208,4.00,1.60
2010.04.28 21:26:17.826,1.5204,1.5208,4.00,1.70
2010.04.28 21:26:22.591,1.5204,1.5208,2.40,1.00
2010.04.28 21:26:32.177,1.5204,1.52085,2.40,1.00
2010.04.28 21:26:44.505,1.5204,1.5208,2.40,1.00
2010.04.28 21:26:50.547,1.5204,1.5208,1.60,1.00
2010.04.28 21:26:50.739,1.52035,1.5208,4.40,1.00
2010.04.28 21:26:52.380,1.5203,1.52075,4.90,1.00
2010.04.28 21:26:52.514,1.5203,1.52075,4.90,1.00
2010.04.28 21:26:56.824,1.52035,1.52075,4.00,1.00
2010.04.28 21:26:56.914,1.52035,1.52075,4.40,1.00
2010.04.28 21:26:58.348,1.5204,1.5208,1.00,1.00
2010.04.28 21:26:58.576,1.52035,1.52085,4.40,1.00
2010.04.28 21:27:14.419,1.5205,1.52085,1.00,1.00
2010.04.28 21:27:22.817,1.5205,1.5208,1.00,1.00
2010.04.28 21:27:41.017,1.52075,1.5208,1.00,1.00
2010.04.28 21:27:41.202,1.52045,1.5208,1.00,1.00
2010.04.28 21:27:41.772,1.52045,1.52085,1.00,1.00
2010.04.28 21:27:41.961,1.52045,1.52085,1.00,1.00
2010.04.28 21:27:42.851,1.52045,1.52085,2.40,1.70
2010.04.28 21:27:43.061,1.52045,1.52085,4.00,3.30
2010.04.28 21:27:45.530,1.5205,1.5208,1.00,1.00
2010.04.28 21:28:03.887,1.5205,1.52085,1.00,3.30
2010.04.28 21:28:05.508,1.52045,1.52085,2.40,1.70
2010.04.28 21:28:05.948,1.52045,1.52085,1.00,1.00
2010.04.28 21:28:24.994,1.5205,1.5208,1.00,1.00
2010.04.28 21:28:25.923,1.52045,1.52085,1.00,1.00
2010.04.28 21:28:38.439,1.52055,1.5208,1.00,1.00
2010.04.28 21:28:40.148,1.52055,1.5208,1.00,1.00
2010.04.28 21:28:41.310,1.52055,1.5208,1.00,1.00
2010.04.28 21:28:41.447,1.52055,1.5208,1.00,1.00
2010.04.28 21:28:45.855,1.5206,1.52085,1.00,1.00
2010.04.28 21:28:49.495,1.52055,1.5208,1.00,1.00
2010.04.28 21:29:07.927,1.5206,1.52085,1.00,1.00
2010.04.28 21:29:11.502,1.5206,1.5208,1.00,1.00
2010.04.28 21:29:21.727,1.52055,1.5208,1.00,1.00
2010.04.28 21:29:29.896,1.52055,1.52085,1.00,1.00
2010.04.28 21:29:40.990,1.5206,1.52085,1.60,1.00
2010.04.28 21:29:47.844,1.5206,1.52085,3.20,1.00
2010.04.28 21:29:48.060,1.5206,1.52085,1.60,1.00
2010.04.28 21:29:50.364,1.52055,1.52075,4.00,1.00
2010.04.28 21:29:53.372,1.5205,1.52075,4.00,1.00
2010.04.28 21:30:09.875,1.52055,1.52075,4.00,1.00
2010.04.28 21:30:10.108,1.5205,1.5208,4.00,1.00
2010.04.28 21:30:10.976,1.52055,1.5208,4.00,1.00
2010.04.28 21:30:12.836,1.52055,1.5208,4.00,1.00
2010.04.28 21:30:13.360,1.52055,1.5208,4.00,1.00
2010.04.28 21:30:13.407,1.52055,1.5209,4.00,1.00
2010.04.28 21:30:13.675,1.5206,1.5209,4.00,1.00
2010.04.28 21:30:18.144,1.52065,1.52085,1.60,1.00
2010.04.28 21:30:19.533,1.5206,1.52085,4.00,1.00
2010.04.28 21:30:22.443,1.52065,1.5208,1.60,1.00
2010.04.28 21:30:27.490,1.52065,1.52085,1.60,1.00
2010.04.28 21:30:27.667,1.5206,1.5209,4.00,1.00
2010.04.28 21:30:29.642,1.5206,1.52085,4.00,1.00
2010.04.28 21:30:47.970,1.52065,1.5209,1.60,1.00
2010.04.28 21:31:00.916,1.52065,1.52085,1.60,1.00
2010.04.28 21:31:01.973,1.52055,1.52085,4.80,1.00
2010.04.28 21:31:02.774,1.52055,1.52085,4.00,1.00
2010.04.28 21:31:02.914,1.52055,1.52085,4.00,1.00
2010.04.28 21:31:09.923,1.5206,1.52085,1.60,1.00
2010.04.28 21:31:22.416,1.5206,1.52085,1.60,1.00
2010.04.28 21:31:32.228,1.5206,1.52085,1.60,1.00
2010.04.28 21:31:44.876,1.5206,1.52085,1.60,1.00
2010.04.28 21:31:48.408,1.52055,1.5208,3.20,1.00
2010.04.28 21:31:49.583,1.5205,1.5208,4.00,1.00
2010.04.28 21:32:21.163,1.52055,1.5207,3.20,1.00
2010.04.28 21:32:23.465,1.5205,1.5207,4.00,1.00
2010.04.28 21:32:30.850,1.52055,1.5207,3.20,1.00
2010.04.28 21:32:31.131,1.5205,1.5208,4.00,1.00
2010.04.28 21:32:45.481,1.52055,1.5208,3.20,1.00
2010.04.28 21:32:47.388,1.5205,1.5208,4.00,1.00
2010.04.28 21:32:47.729,1.5205,1.5208,4.00,1.00
2010.04.28 21:32:56.064,1.52055,1.5208,3.20,1.00
2010.04.28 21:33:05.393,1.52055,1.52075,3.20,1.00
2010.04.28 21:33:08.206,1.52055,1.52075,3.20,1.00
2010.04.28 21:33:09.381,1.52055,1.5207,3.20,1.00
2010.04.28 21:33:16.679,1.52055,1.52075,3.20,1.00
2010.04.28 21:33:16.759,1.5205,1.52075,4.00,1.00
2010.04.28 21:33:16.841,1.5205,1.52075,4.00,1.00
2010.04.28 21:33:24.274,1.52055,1.5208,4.00,1.00
2010.04.28 21:33:26.617,1.5205,1.52075,4.00,1.00
2010.04.28 21:33:27.236,1.5205,1.52075,4.00,1.00
2010.04.28 21:33:27.798,1.52055,1.52075,4.00,1.00
2010.04.28 21:33:33.606,1.52055,1.52075,2.40,1.00
2010.04.28 21:33:39.336,1.52055,1.5208,2.40,1.00
2010.04.28 21:33:40.063,1.5205,1.5208,4.00,1.00
2010.04.28 21:33:56.444,1.52055,1.5208,2.40,1.00
2010.04.28 21:33:59.831,1.5205,1.5208,4.00,1.00
2010.04.28 21:34:18.485,1.52055,1.5208,2.40,1.00
2010.04.28 21:34:21.819,1.5205,1.5208,4.00,1.00
2010.04.28 21:34:40.519,1.52055,1.5208,2.40,1.00
2010.04.28 21:34:43.924,1.5205,1.5208,4.00,1.00
2010.04.28 21:34:51.220,1.52055,1.5208,2.40,1.00
2010.04.28 21:34:51.399,1.5205,1.52075,4.00,1.00
2010.04.28 21:34:52.018,1.52045,1.52075,4.80,1.00
2010.04.28 21:35:02.424,1.5205,1.52075,4.00,1.00
2010.04.28 21:35:05.974,1.5205,1.52075,4.00,1.00
2010.04.28 21:35:24.525,1.5205,1.52075,4.00,1.00
2010.04.28 21:35:27.878,1.5205,1.52075,4.00,1.00
2010.04.28 21:35:46.553,1.5205,1.52075,4.00,1.00
2010.04.28 21:35:47.616,1.5205,1.52075,4.00,1.00
2010.04.28 21:35:47.629,1.5205,1.52075,4.00,1.00
2010.04.28 21:35:48.384,1.5205,1.52075,4.00,1.00
2010.04.28 21:35:48.493,1.5205,1.52075,4.00,1.00
2010.04.28 21:35:49.955,1.5205,1.52075,4.00,1.00
2010.04.28 21:36:08.323,1.5205,1.52075,4.00,1.00
2010.04.28 21:36:11.905,1.5205,1.52075,4.00,1.00
2010.04.28 21:36:28.604,1.5205,1.52075,4.00,1.00
2010.04.28 21:36:34.024,1.5205,1.52075,4.00,1.00
2010.04.28 21:36:39.341,1.5205,1.5208,4.00,1.00
2010.04.28 21:36:39.451,1.52045,1.5208,4.80,1.00
2010.04.28 21:36:39.573,1.5205,1.52085,4.00,1.00
2010.04.28 21:36:39.823,1.5205,1.5208,4.00,1.00
2010.04.28 21:36:40.075,1.5205,1.52075,4.00,1.00
2010.04.28 21:36:42.350,1.52055,1.52075,1.70,1.00
2010.04.28 21:36:44.592,1.52055,1.5208,1.70,1.00
2010.04.28 21:36:45.000,1.5205,1.52085,4.20,1.00
2010.04.28 21:36:45.183,1.5205,1.5208,4.00,1.00
2010.04.28 21:36:46.172,1.52045,1.5208,2.40,1.00
2010.04.28 21:36:46.837,1.5204,1.52065,5.60,1.00
2010.04.28 21:36:47.017,1.52045,1.52055,1.00,1.00
2010.04.28 21:36:47.201,1.52035,1.52055,4.20,1.00
2010.04.28 21:36:47.942,1.52035,1.5206,5.60,1.00
2010.04.28 21:36:48.624,1.52035,1.5205,2.40,1.00
2010.04.28 21:36:48.974,1.5203,1.5205,3.20,1.00
2010.04.28 21:36:50.856,1.5203,1.52045,3.20,1.00
2010.04.28 21:36:51.502,1.5203,1.5204,3.20,1.00
2010.04.28 21:36:52.486,1.52025,1.52035,4.00,1.00
2010.04.28 21:36:53.325,1.5203,1.52035,1.60,1.00
2010.04.28 21:36:54.049,1.5203,1.5204,1.60,1.00
2010.04.28 21:36:54.353,1.52025,1.5203,4.00,1.00
2010.04.28 21:36:54.695,1.5202,1.5203,5.20,1.00
2010.04.28 21:36:55.032,1.5204,1.52045,1.60,1.10
2010.04.28 21:36:57.321,1.52015,1.52025,10.60,1.00
2010.04.28 21:36:58.051,1.52015,1.52025,2.00,1.00
2010.04.28 21:37:05.191,1.52015,1.52065,3.20,1.00
2010.04.28 21:37:05.315,1.5202,1.52065,1.00,1.00
2010.04.28 21:37:05.502,1.52035,1.52065,1.00,1.00
2010.04.28 21:37:07.596,1.52035,1.5204,1.00,1.00
2010.04.28 21:37:08.605,1.52025,1.52035,1.60,1.00
2010.04.28 21:37:09.852,1.52025,1.5203,1.60,1.00
2010.04.28 21:37:10.338,1.5204,1.52045,1.60,1.10
2010.04.28 21:37:10.553,1.5204,1.52085,4.00,1.00
2010.04.28 21:37:12.319,1.52035,1.52065,4.00,1.00
2010.04.28 21:37:13.234,1.5204,1.5207,4.00,1.00
2010.04.28 21:37:13.427,1.5204,1.5207,2.40,1.00
2010.04.28 21:37:13.616,1.5204,1.52055,1.60,1.00
2010.04.28 21:37:15.638,1.52045,1.52075,1.00,1.60
2010.04.28 21:37:16.246,1.52045,1.5208,3.20,1.60
2010.04.28 21:37:16.505,1.5204,1.52085,4.00,3.20
2010.04.28 21:37:17.994,1.52045,1.52085,3.20,3.20
2010.04.28 21:37:23.449,1.5205,1.52085,1.70,3.20
2010.04.28 21:37:24.912,1.5205,1.52085,1.90,3.20
2010.04.28 21:37:25.729,1.5205,1.52085,1.90,5.60
2010.04.28 21:37:25.941,1.52045,1.52085,3.20,5.60
2010.04.28 21:37:26.082,1.52045,1.5208,3.20,1.00
2010.04.28 21:37:26.629,1.5205,1.52085,1.60,3.20
2010.04.28 21:37:26.772,1.52055,1.52095,1.60,4.50
2010.04.28 21:37:26.915,1.52055,1.52095,1.60,4.10
2010.04.28 21:37:27.264,1.5206,1.5209,1.60,1.00
2010.04.28 21:37:28.846,1.52065,1.5209,1.60,1.00
2010.04.28 21:37:31.580,1.5206,1.52095,3.20,1.00
2010.04.28 21:37:32.129,1.52055,1.52095,4.00,1.00
2010.04.28 21:37:32.332,1.52055,1.52085,3.20,1.00
2010.04.28 21:37:49.127,1.52065,1.52095,1.60,1.00
2010.04.28 21:37:51.328,1.5206,1.52095,3.40,1.00
2010.04.28 21:37:51.587,1.5206,1.52095,3.20,1.00
2010.04.28 21:37:53.554,1.52065,1.52095,1.60,1.00
2010.04.28 21:37:54.328,1.52065,1.5209,1.60,1.00
2010.04.28 21:37:54.434,1.52065,1.5209,1.60,1.00
2010.04.28 21:38:09.871,1.52065,1.52095,1.60,1.00
2010.04.28 21:38:12.260,1.5206,1.52095,3.40,1.00
2010.04.28 21:38:12.740,1.52065,1.52095,1.60,1.00
2010.04.28 21:38:14.372,1.52065,1.52095,1.60,1.00
2010.04.28 21:38:15.363,1.52065,1.5209,1.60,1.00
2010.04.28 21:38:16.615,1.5206,1.52095,3.20,1.00
2010.04.28 21:38:18.577,1.5206,1.52095,3.40,1.00
2010.04.28 21:38:22.331,1.5207,1.52095,1.00,1.00
2010.04.28 21:38:26.927,1.5207,1.5209,1.00,1.00
2010.04.28 21:38:27.421,1.52075,1.5209,1.00,1.00
2010.04.28 21:38:36.753,1.52065,1.5209,3.20,1.00
2010.04.28 21:38:39.651,1.5206,1.5209,4.20,1.00
2010.04.28 21:38:40.562,1.5207,1.5209,1.00,1.00
2010.04.28 21:38:41.563,1.52075,1.5209,1.00,1.00
2010.04.28 21:38:58.907,1.52065,1.5209,3.20,1.00
2010.04.28 21:39:01.518,1.5206,1.5209,4.20,1.00
2010.04.28 21:39:02.462,1.52065,1.5209,3.50,1.00
2010.04.28 21:39:03.666,1.52075,1.5209,1.00,1.00
2010.04.28 21:39:06.694,1.5206,1.5209,4.00,1.00
2010.04.28 21:39:06.875,1.5206,1.5209,4.00,1.00
2010.04.28 21:39:09.697,1.5206,1.5209,4.20,1.00
2010.04.28 21:39:10.494,1.52065,1.5209,3.50,1.00
2010.04.28 21:39:11.408,1.5207,1.5209,1.00,1.00
2010.04.28 21:39:18.414,1.5206,1.5209,4.00,1.00
2010.04.28 21:39:18.772,1.5206,1.5209,4.00,1.00
2010.04.28 21:39:18.892,1.5206,1.5209,4.00,1.00
2010.04.28 21:39:19.012,1.5206,1.5209,4.00,1.00
2010.04.28 21:39:23.649,1.52065,1.5209,4.00,1.00
2010.04.28 21:39:23.850,1.5206,1.5209,4.00,1.00
2010.04.28 21:39:44.456,1.52065,1.5209,4.00,1.00
2010.04.28 21:40:08.750,1.52065,1.52095,4.00,1.60
2010.04.28 21:40:09.821,1.5206,1.5209,4.00,1.00
2010.04.28 21:40:14.249,1.52065,1.5209,4.00,1.00
2010.04.28 21:40:14.438,1.5206,1.5209,4.00,1.00
2010.04.28 21:40:26.546,1.52065,1.5209,4.00,1.00
2010.04.28 21:40:27.137,1.52055,1.5209,4.00,1.00
2010.04.28 21:40:27.857,1.52055,1.5209,4.00,1.00
2010.04.28 21:40:30.726,1.5206,1.52095,2.40,4.00
2010.04.28 21:40:32.494,1.5206,1.52095,2.50,4.00
2010.04.28 21:40:33.544,1.52065,1.52095,1.00,4.00
2010.04.28 21:40:34.894,1.52065,1.52095,1.00,4.00
2010.04.28 21:40:35.014,1.52065,1.5208,1.00,1.00
2010.04.28 21:40:45.963,1.5206,1.5208,2.40,1.00
2010.04.28 21:40:46.733,1.52055,1.52085,4.00,1.00
2010.04.28 21:40:48.190,1.52055,1.52085,4.20,1.00
2010.04.28 21:40:49.513,1.5206,1.52085,2.70,1.00
2010.04.28 21:40:50.730,1.5207,1.52085,1.00,1.00
2010.04.28 21:41:06.836,1.5206,1.52085,2.40,1.00
2010.04.28 21:41:10.807,1.52055,1.5208,4.00,1.00
2010.04.28 21:41:14.524,1.5206,1.5208,1.60,1.00
2010.04.28 21:41:14.605,1.5205,1.5208,4.00,1.00
2010.04.28 21:41:17.324,1.5205,1.5208,4.00,1.00
2010.04.28 21:42:04.269,1.5205,1.5208,2.40,1.00
2010.04.28 21:42:04.388,1.52045,1.5208,4.00,1.00
2010.04.28 21:42:04.504,1.5204,1.52075,6.40,1.00
2010.04.28 21:42:04.927,1.5204,1.5208,6.40,2.40
2010.04.28 21:42:05.278,1.5204,1.5208,6.00,1.60
2010.04.28 21:42:06.492,1.5204,1.52085,6.10,3.20
2010.04.28 21:42:08.371,1.5204,1.52085,6.20,3.20
2010.04.28 21:42:18.667,1.5204,1.52075,2.80,3.20
2010.04.28 21:42:18.968,1.52035,1.52075,3.20,3.20
2010.04.28 21:42:19.267,1.52035,1.5207,1.60,1.60
2010.04.28 21:42:20.237,1.52035,1.5207,3.20,1.60
2010.04.28 21:42:21.562,1.52035,1.52065,3.20,1.00
2010.04.28 21:42:22.315,1.52035,1.52065,1.60,1.00
2010.04.28 21:42:22.758,1.5203,1.5206,3.20,1.00
2010.04.28 21:42:22.918,1.5203,1.52065,3.20,1.60
2010.04.28 21:42:24.511,1.52025,1.52065,4.00,3.20
2010.04.28 21:42:25.030,1.52025,1.5206,3.20,3.20
2010.04.28 21:42:25.160,1.52025,1.52055,1.60,1.00
2010.04.28 21:42:25.290,1.52025,1.52055,1.60,2.40
2010.04.28 21:42:25.419,1.5202,1.52055,2.50,4.20
2010.04.28 21:42:26.439,1.5202,1.5205,1.00,1.60
2010.04.28 21:42:28.778,1.5202,1.5204,1.00,1.00
2010.04.28 21:42:28.878,1.5202,1.5204,1.00,1.60
2010.04.28 21:42:28.979,1.52015,1.5204,1.60,2.40
2010.04.28 21:42:29.079,1.5201,1.52035,1.00,1.00
2010.04.28 21:42:29.178,1.5201,1.52035,1.00,1.60
2010.04.28 21:42:29.278,1.52005,1.52035,3.20,1.60
2010.04.28 21:42:29.378,1.51995,1.5203,1.00,3.20
2010.04.28 21:42:29.479,1.5199,1.5203,3.20,3.20
2010.04.28 21:42:29.778,1.5199,1.5203,1.60,3.20
2010.04.28 21:42:30.219,1.5199,1.52025,1.60,3.20
2010.04.28 21:42:30.560,1.51985,1.5202,3.20,1.60
2010.04.28 21:42:31.239,1.51985,1.5202,1.60,3.20
2010.04.28 21:42:33.706,1.5198,1.52015,4.10,1.60
2010.04.28 21:42:33.809,1.5198,1.5199,3.30,1.00
2010.04.28 21:42:33.997,1.5198,1.5199,1.70,1.00
2010.04.28 21:42:34.097,1.5198,1.5201,1.00,3.20
2010.04.28 21:42:34.655,1.5198,1.5199,1.00,1.20
2010.04.28 21:42:34.763,1.5197,1.51975,1.50,1.00
2010.04.28 21:42:35.108,1.5197,1.51975,1.50,1.20
2010.04.28 21:42:35.448,1.51975,1.51995,1.00,3.60
2010.04.28 21:42:36.586,1.5198,1.51995,1.00,3.60
2010.04.28 21:42:38.237,1.5198,1.51995,1.00,3.60
2010.04.28 21:42:38.434,1.5198,1.51995,1.00,3.60
2010.04.28 21:42:39.217,1.51975,1.51995,1.00,3.60
2010.04.28 21:42:39.697,1.51965,1.5197,1.10,1.20
2010.04.28 21:42:40.014,1.51965,1.51975,1.00,2.00
2010.04.28 21:42:40.768,1.51945,1.52,1.00,6.40
2010.04.28 21:42:41.081,1.51945,1.52,4.80,5.60
2010.04.28 21:42:41.391,1.5195,1.52,2.30,4.10
2010.04.28 21:42:41.696,1.51945,1.52,2.30,3.80
2010.04.28 21:42:42.545,1.51945,1.5199,2.30,1.00
2010.04.28 21:42:43.459,1.51945,1.5198,2.30,1.00
2010.04.28 21:42:43.945,1.5195,1.5198,1.00,1.00
2010.04.28 21:42:44.054,1.5195,1.51995,1.00,3.20
2010.04.28 21:42:44.439,1.5195,1.5199,1.00,1.00
2010.04.28 21:42:44.555,1.5195,1.5199,1.00,2.40
2010.04.28 21:42:44.766,1.5195,1.5199,1.00,2.20
2010.04.28 21:42:44.986,1.5195,1.5199,1.00,2.00
2010.04.28 21:42:45.327,1.5195,1.5199,1.00,3.80
2010.04.28 21:42:48.286,1.51945,1.51985,1.60,1.60
2010.04.28 21:42:49.462,1.51945,1.5199,1.60,3.70
2010.04.28 21:42:50.846,1.51945,1.51985,1.60,3.30
2010.04.28 21:42:57.854,1.51945,1.5198,1.60,3.20
2010.04.28 21:43:00.602,1.5194,1.51985,3.20,3.20
2010.04.28 21:43:01.685,1.5194,1.51975,3.30,1.60
2010.04.28 21:43:03.875,1.5194,1.51975,3.20,1.60
2010.04.28 21:43:04.134,1.5194,1.51975,3.30,1.60
2010.04.28 21:43:05.461,1.51945,1.51975,1.00,1.60
2010.04.28 21:43:06.111,1.5194,1.5198,3.20,3.20
2010.04.28 21:43:08.028,1.5194,1.5198,3.30,3.20
2010.04.28 21:43:08.339,1.5194,1.5198,3.20,3.20
2010.04.28 21:43:12.393,1.51945,1.51975,1.00,1.60
2010.04.28 21:43:20.351,1.5194,1.51975,1.70,3.20
2010.04.28 21:43:23.295,1.5194,1.5198,1.60,3.20
2010.04.28 21:43:23.414,1.5194,1.5198,1.70,3.20
2010.04.28 21:43:36.181,1.5194,1.5197,1.00,3.20
2010.04.28 21:43:37.923,1.51935,1.51975,1.00,3.20
2010.04.28 21:43:38.846,1.5193,1.5197,3.90,3.20
2010.04.28 21:43:39.053,1.5193,1.5197,3.20,3.20
2010.04.28 21:43:39.457,1.51935,1.5197,3.20,1.60
2010.04.28 21:43:40.219,1.51935,1.5197,1.60,1.60
2010.04.28 21:43:40.902,1.51935,1.5197,1.60,3.20
2010.04.28 21:43:41.953,1.51935,1.5197,1.60,1.60
2010.04.28 21:43:48.719,1.51935,1.51975,3.20,3.20
2010.04.28 21:43:55.661,1.5194,1.51975,1.60,1.60
2010.04.28 21:44:06.051,1.5194,1.5198,1.60,3.20
2010.04.28 21:44:12.384,1.5194,1.51975,1.60,3.20
2010.04.28 21:44:14.353,1.51935,1.51975,3.20,3.20
2010.04.28 21:44:15.486,1.51935,1.5196,1.60,2.40
2010.04.28 21:44:15.841,1.51915,1.51935,1.00,1.00
2010.04.28 21:44:16.573,1.51895,1.5193,1.20,1.00
2010.04.28 21:44:16.914,1.5184,1.51845,2.40,1.00
2010.04.28 21:44:17.258,1.51805,1.5188,3.20,4.00
2010.04.28 21:44:18.311,1.5184,1.5192,1.00,1.60
2010.04.28 21:44:18.565,1.5184,1.5192,1.00,1.60
2010.04.28 21:44:19.517,1.5186,1.51895,3.60,1.60
2010.04.28 21:44:19.940,1.51865,1.51905,1.60,3.60
2010.04.28 21:44:20.662,1.5187,1.51905,1.60,3.20
2010.04.28 21:44:21.010,1.51885,1.5192,1.60,1.60
2010.04.28 21:44:21.360,1.5189,1.51925,1.60,1.60
2010.04.28 21:44:22.099,1.5189,1.5193,1.60,1.60
2010.04.28 21:44:22.447,1.51915,1.5194,1.00,3.20
2010.04.28 21:44:22.798,1.51915,1.51955,1.00,1.60
2010.04.28 21:44:23.444,1.5191,1.51955,1.00,1.60
2010.04.28 21:44:23.743,1.5193,1.5197,3.70,1.60
2010.04.28 21:44:24.087,1.51945,1.5196,2.40,1.00
2010.04.28 21:44:24.777,1.51945,1.51965,1.60,1.00
2010.04.28 21:44:25.140,1.51935,1.5197,1.60,3.20
2010.04.28 21:44:25.861,1.51915,1.51965,2.40,1.60
2010.04.28 21:44:26.193,1.51925,1.51965,1.60,1.60
2010.04.28 21:44:27.156,1.51925,1.5197,1.60,3.20
2010.04.28 21:44:28.356,1.51915,1.51985,1.00,4.20
2010.04.28 21:44:29.344,1.51915,1.51985,1.00,4.40
2010.04.28 21:44:29.691,1.5191,1.51985,2.00,4.00
2010.04.28 21:44:31.801,1.51915,1.5198,1.00,1.00
2010.04.28 21:44:32.536,1.5194,1.51985,1.00,2.60
2010.04.28 21:44:33.762,1.5192,1.51985,1.00,1.00
2010.04.28 21:44:34.457,1.51925,1.51985,2.80,1.00
2010.04.28 21:44:34.609,1.5193,1.51985,1.00,1.00
2010.04.28 21:44:35.323,1.51945,1.51985,1.00,1.00
2010.04.28 21:44:35.478,1.51945,1.51985,1.00,1.00
2010.04.28 21:44:36.941,1.51955,1.51985,1.00,1.00
2010.04.28 21:44:37.456,1.5196,1.51985,1.00,1.00
2010.04.28 21:44:40.178,1.5195,1.51985,1.00,1.00
2010.04.28 21:44:40.790,1.51955,1.51985,1.00,1.00
2010.04.28 21:44:41.849,1.5195,1.51985,1.00,1.00
2010.04.28 21:44:44.286,1.5193,1.51985,1.00,1.00
2010.04.28 21:44:45.526,1.5193,1.51985,1.00,1.00
2010.04.28 21:44:46.597,1.5194,1.51985,1.00,1.00
2010.04.28 21:44:47.345,1.5194,1.51985,1.00,1.00
2010.04.28 21:44:47.458,1.5194,1.51985,1.00,1.00
2010.04.28 21:44:47.873,1.51945,1.51985,1.00,1.00
2010.04.28 21:44:48.069,1.51945,1.51985,1.00,1.00
2010.04.28 21:44:48.645,1.51945,1.51985,1.00,1.00
2010.04.28 21:44:48.843,1.51935,1.5198,1.00,1.00
2010.04.28 21:44:49.175,1.51935,1.51985,1.00,1.10
2010.04.28 21:44:51.550,1.51935,1.51985,2.50,1.10
2010.04.28 21:44:51.760,1.5194,1.51985,1.00,1.00
2010.04.28 21:44:52.166,1.51945,1.51985,1.00,1.00
2010.04.28 21:44:53.643,1.5195,1.51985,1.00,1.00
2010.04.28 21:44:53.814,1.5195,1.51985,1.00,1.00
2010.04.28 21:44:53.979,1.51965,1.51985,1.00,1.10
2010.04.28 21:44:54.144,1.5196,1.51985,1.00,1.10
2010.04.28 21:44:55.230,1.5196,1.51985,1.00,1.10
2010.04.28 21:44:56.723,1.51965,1.51985,1.00,1.10
2010.04.28 21:44:57.167,1.5197,1.51985,1.00,1.10
2010.04.28 21:44:57.418,1.5197,1.5198,1.00,1.00
2010.04.28 21:44:58.142,1.5197,1.5198,1.00,1.00
2010.04.28 21:44:59.076,1.51965,1.51985,1.00,1.00
2010.04.28 21:44:59.614,1.51965,1.51985,1.00,1.00
2010.04.28 21:44:59.848,1.5196,1.51985,1.00,1.00
2010.04.28 21:45:02.027,1.5196,1.51985,1.00,1.00
2010.04.28 21:45:02.264,1.5195,1.51975,1.00,1.00
2010.04.28 21:45:02.493,1.5195,1.51975,1.00,1.00
2010.04.28 21:45:02.714,1.51945,1.51975,1.00,1.00
2010.04.28 21:45:03.311,1.51945,1.51975,1.00,1.00
2010.04.28 21:45:03.653,1.51945,1.51975,1.00,1.00
2010.04.28 21:45:04.672,1.5195,1.51975,1.00,1.00
2010.04.28 21:45:04.944,1.5195,1.51975,1.00,1.00
2010.04.28 21:45:06.199,1.51945,1.51975,1.00,1.00
2010.04.28 21:45:06.433,1.51945,1.51975,1.00,1.00
2010.04.28 21:45:08.391,1.5195,1.51975,1.00,1.00
2010.04.28 21:45:08.992,1.5195,1.51975,1.00,1.00
2010.04.28 21:45:09.570,1.51955,1.51975,1.00,1.00
2010.04.28 21:45:09.721,1.51955,1.51975,1.00,1.00
2010.04.28 21:45:10.591,1.51945,1.51975,1.00,1.00
2010.04.28 21:45:11.770,1.51945,1.5199,1.00,3.80
2010.04.28 21:45:11.990,1.51945,1.52,1.00,4.10
2010.04.28 21:45:12.419,1.51945,1.52,1.00,4.00
2010.04.28 21:45:12.839,1.5195,1.52,1.00,3.90
2010.04.28 21:45:15.818,1.5195,1.52,1.00,3.70
2010.04.28 21:45:15.977,1.5195,1.52,1.00,2.10
2010.04.28 21:45:17.406,1.51955,1.52,1.00,2.10
2010.04.28 21:45:24.660,1.51955,1.51995,1.00,1.30
2010.04.28 21:45:26.385,1.51955,1.51995,1.00,1.50
2010.04.28 21:45:27.404,1.51955,1.51995,1.00,1.50
2010.04.28 21:45:31.035,1.51955,1.51995,1.00,2.30
2010.04.28 21:45:31.246,1.51955,1.51995,1.00,1.00
2010.04.28 21:45:42.519,1.5195,1.51995,1.00,1.00
2010.04.28 21:45:42.650,1.51955,1.51995,1.00,1.00
2010.04.28 21:45:42.880,1.5195,1.51995,1.00,1.00
2010.04.28 21:45:43.331,1.51955,1.51995,1.00,1.00
2010.04.28 21:45:44.131,1.5195,1.51995,1.00,1.00
2010.04.28 21:45:53.468,1.51945,1.51995,1.00,1.00
2010.04.28 21:45:55.159,1.5194,1.51995,1.00,1.70
2010.04.28 21:45:56.516,1.5194,1.5199,1.00,1.00
2010.04.28 21:45:58.030,1.51935,1.5199,4.90,1.00
2010.04.28 21:45:59.387,1.5194,1.5199,1.00,1.00
2010.04.28 21:45:59.922,1.51935,1.5199,7.30,1.00
2010.04.28 21:45:59.968,1.5194,1.5199,2.00,1.00
2010.04.28 21:46:00.084,1.51945,1.5199,1.00,1.00
2010.04.28 21:46:02.428,1.51945,1.5199,1.00,1.00
2010.04.28 21:46:02.620,1.51945,1.5199,1.00,1.00
2010.04.28 21:46:04.547,1.51945,1.5199,1.00,1.00
2010.04.28 21:46:05.966,1.51945,1.5198,1.00,1.00
2010.04.28 21:46:06.738,1.51945,1.5198,1.00,1.00
2010.04.28 21:46:09.077,1.51945,1.5199,1.00,1.00
2010.04.28 21:46:10.496,1.5194,1.5198,4.90,3.20
2010.04.28 21:46:11.839,1.5194,1.5198,4.90,3.30
2010.04.28 21:46:12.046,1.5194,1.51975,4.00,1.00
2010.04.28 21:46:12.256,1.5194,1.51975,4.00,1.00
2010.04.28 21:46:13.208,1.5194,1.51975,4.80,1.00
2010.04.28 21:46:15.064,1.5194,1.51975,4.90,1.00
2010.04.28 21:46:17.833,1.5194,1.51975,4.10,1.00
2010.04.28 21:46:18.542,1.5194,1.51975,4.10,1.00
2010.04.28 21:46:20.981,1.5194,1.51975,4.00,1.00
2010.04.28 21:46:21.212,1.5194,1.51975,4.90,1.00
2010.04.28 21:46:23.593,1.5194,1.51975,4.80,1.00
2010.04.28 21:46:23.721,1.5194,1.51975,4.00,1.00
2010.04.28 21:46:23.852,1.5194,1.51975,1.60,1.70
2010.04.28 21:46:24.417,1.51935,1.51975,1.60,1.60
2010.04.28 21:46:24.557,1.5195,1.51975,1.60,1.00
2010.04.28 21:46:25.354,1.5195,1.5198,1.60,3.30
2010.04.28 21:46:46.443,1.5195,1.5198,1.60,4.10
2010.04.28 21:47:08.631,1.5195,1.5198,1.60,4.00
2010.04.28 21:47:08.841,1.5195,1.51985,2.40,1.00
2010.04.28 21:47:09.050,1.5195,1.51985,1.60,1.00
2010.04.28 21:47:09.260,1.5195,1.51985,2.40,1.00
2010.04.28 21:47:11.342,1.5195,1.51985,2.50,1.00
2010.04.28 21:47:14.273,1.5195,1.51985,2.50,1.00
2010.04.28 21:47:18.014,1.5195,1.51985,1.70,1.70
2010.04.28 21:47:24.216,1.5195,1.51985,2.50,1.00
2010.04.28 21:47:32.658,1.5195,1.51985,1.70,1.00
2010.04.28 21:47:32.875,1.51975,1.52005,1.00,3.20
2010.04.28 21:47:33.005,1.51975,1.51995,1.00,1.00
2010.04.28 21:47:33.155,1.5201,1.5207,1.00,1.00
2010.04.28 21:47:33.650,1.52005,1.52085,1.30,2.50
2010.04.28 21:47:33.791,1.5202,1.5208,2.10,1.00
2010.04.28 21:47:34.816,1.52025,1.5206,1.30,1.00
2010.04.28 21:47:35.075,1.52015,1.5206,2.90,1.00
2010.04.28 21:47:36.546,1.52015,1.52055,2.90,1.00
2010.04.28 21:47:37.782,1.52015,1.5205,1.00,1.00
2010.04.28 21:47:38.587,1.5201,1.52045,2.00,1.00
2010.04.28 21:47:38.857,1.5198,1.52035,1.60,1.00
2010.04.28 21:47:39.949,1.51985,1.5204,4.80,1.00
2010.04.28 21:47:40.164,1.51995,1.5204,2.50,1.00
2010.04.28 21:47:40.715,1.52005,1.5204,2.10,1.00
2010.04.28 21:47:49.620,1.5201,1.52035,1.00,1.00
2010.04.28 21:47:56.004,1.52005,1.52035,2.00,1.00
2010.04.28 21:48:01.226,1.52025,1.52045,1.00,1.00
2010.04.28 21:48:01.430,1.5203,1.52045,1.50,1.00
2010.04.28 21:48:02.742,1.52025,1.5205,1.00,1.00
2010.04.28 21:48:02.954,1.52015,1.52045,1.00,1.10
2010.04.28 21:48:03.160,1.51995,1.52045,4.50,1.10
2010.04.28 21:48:04.010,1.52,1.5204,3.20,1.00
2010.04.28 21:48:16.063,1.52,1.5204,1.60,1.00
2010.04.28 21:48:16.684,1.52,1.5205,1.60,1.00
2010.04.28 21:48:16.934,1.51995,1.5206,6.90,1.00
2010.04.28 21:48:17.183,1.51995,1.5206,6.90,1.00
2010.04.28 21:48:20.342,1.52,1.5206,1.70,1.00
2010.04.28 21:48:24.262,1.52,1.5206,2.10,1.00
2010.04.28 21:48:25.751,1.52,1.5206,2.60,1.00
2010.04.28 21:48:26.910,1.52005,1.5206,2.40,1.00
2010.04.28 21:48:27.252,1.52015,1.52065,1.60,1.00
2010.04.28 21:48:29.331,1.52015,1.52065,1.80,1.00
2010.04.28 21:48:30.111,1.52015,1.5207,1.80,5.20
2010.04.28 21:48:30.232,1.52015,1.5207,4.80,1.20
2010.04.28 21:48:30.352,1.5202,1.5207,1.30,1.00
2010.04.28 21:48:30.623,1.5202,1.5208,5.00,1.70
2010.04.28 21:48:34.189,1.5202,1.5208,5.80,1.70
2010.04.28 21:48:34.410,1.52025,1.5208,1.10,1.70
2010.04.28 21:48:34.889,1.52025,1.5208,1.70,1.70
2010.04.28 21:48:36.460,1.52025,1.5208,6.40,1.70
2010.04.28 21:48:36.580,1.5203,1.5208,6.10,1.00
2010.04.28 21:48:38.680,1.5203,1.5208,7.80,1.00
2010.04.28 21:48:40.288,1.52035,1.5208,1.30,1.00
2010.04.28 21:48:40.988,1.5203,1.5208,8.60,1.00
2010.04.28 21:49:30.216,1.52035,1.5208,1.00,1.00
2010.04.28 21:49:30.739,1.5203,1.52075,7.40,1.00
2010.04.28 21:49:31.342,1.5203,1.52075,7.40,1.00
2010.04.28 21:49:52.637,1.5203,1.5206,4.80,1.60
2010.04.28 21:49:52.765,1.52035,1.5206,1.60,1.60
2010.04.28 21:49:52.883,1.52035,1.5206,3.20,1.00
2010.04.28 21:49:53.005,1.52035,1.5206,2.40,1.00
2010.04.28 21:49:53.463,1.5203,1.52065,5.70,1.00
2010.04.28 21:49:53.582,1.5203,1.52075,4.90,1.00
2010.04.28 21:49:54.951,1.5203,1.52075,4.80,1.00
2010.04.28 21:49:55.031,1.5203,1.52075,4.80,1.00
2010.04.28 21:49:55.111,1.5203,1.5206,4.00,1.00
2010.04.28 21:49:55.191,1.52025,1.5206,6.50,1.00
2010.04.28 21:49:55.327,1.52025,1.5206,6.50,1.60
2010.04.28 21:49:57.413,1.5203,1.5206,8.00,1.60
2010.04.28 21:49:59.030,1.52035,1.5206,1.60,1.70
2010.04.28 21:50:00.237,1.5203,1.5206,10.40,1.60
2010.04.28 21:50:00.451,1.52035,1.52075,4.80,2.50
2010.04.28 21:50:06.699,1.52035,1.52075,4.00,4.10
2010.04.28 21:50:06.928,1.52035,1.5207,4.00,1.00
2010.04.28 21:50:13.816,1.52035,1.5207,4.00,1.00
2010.04.28 21:50:15.385,1.52035,1.52065,4.00,1.00
2010.04.28 21:50:21.287,1.5204,1.52065,1.60,1.00
2010.04.28 21:50:21.577,1.52035,1.52065,4.00,1.00
2010.04.28 21:50:28.603,1.5204,1.5207,3.20,1.00
2010.04.28 21:50:30.633,1.52035,1.52065,4.00,1.00
2010.04.28 21:50:47.618,1.5204,1.52075,3.20,1.60
2010.04.28 21:50:53.430,1.52045,1.5208,1.60,3.30
2010.04.28 21:50:53.949,1.5204,1.5208,1.40,3.30
2010.04.28 21:50:54.066,1.52035,1.52075,2.40,1.60
2010.04.28 21:50:54.765,1.52035,1.52075,3.10,1.60
2010.04.28 21:50:56.714,1.5204,1.52075,2.70,1.60
2010.04.28 21:50:56.825,1.5204,1.52075,3.10,1.60
2010.04.28 21:50:58.894,1.5204,1.52075,3.10,1.60
2010.04.28 21:50:59.005,1.5204,1.52075,3.20,1.60
2010.04.28 21:51:13.579,1.52035,1.52075,4.10,4.80
2010.04.28 21:51:13.826,1.52035,1.52075,4.00,4.80
2010.04.28 21:51:14.691,1.52035,1.52075,4.00,4.90
2010.04.28 21:51:16.291,1.52035,1.52075,4.80,4.80
2010.04.28 21:51:18.349,1.52035,1.52075,4.80,4.90
2010.04.28 21:51:19.345,1.52035,1.5207,4.80,1.00
2010.04.28 21:51:20.864,1.52035,1.52075,4.00,4.90
2010.04.28 21:51:21.369,1.5204,1.5207,1.00,1.00
2010.04.28 21:51:21.550,1.52045,1.5207,1.00,1.00
2010.04.28 21:51:22.340,1.52045,1.52075,1.00,1.60
2010.04.28 21:51:25.331,1.52045,1.52075,1.00,1.70
2010.04.28 21:51:30.927,1.52045,1.52075,2.40,1.00
2010.04.28 21:51:40.877,1.5206,1.52075,1.00,1.00
2010.04.28 21:51:40.977,1.52055,1.5208,1.60,1.60
2010.04.28 21:51:41.076,1.52045,1.52085,6.40,1.60
2010.04.28 21:51:41.176,1.5205,1.5209,6.40,6.40
2010.04.28 21:51:41.673,1.52045,1.5209,4.90,4.00
2010.04.28 21:51:42.017,1.5205,1.52085,1.60,4.00
2010.04.28 21:51:43.114,1.5205,1.52085,3.20,1.60
2010.04.28 21:51:43.426,1.5205,1.52085,3.20,3.20
2010.04.28 21:51:47.375,1.5205,1.52085,1.60,3.20
2010.04.28 21:51:47.505,1.5205,1.52085,1.60,4.00
2010.04.28 21:51:47.674,1.52045,1.5208,4.10,1.60
2010.04.28 21:51:48.373,1.5205,1.5208,2.40,1.60
2010.04.28 21:51:48.552,1.5205,1.52085,7.20,3.20
2010.04.28 21:51:52.341,1.52055,1.52085,1.70,3.20
2010.04.28 21:51:53.251,1.52055,1.52085,1.60,3.20
2010.04.28 21:51:53.381,1.52055,1.52085,1.00,3.20
2010.04.28 21:51:59.411,1.52055,1.52085,1.00,3.30
2010.04.28 21:52:18.835,1.52055,1.52085,1.00,3.20
2010.04.28 21:52:20.520,1.52055,1.52085,1.00,3.20
2010.04.28 21:52:22.279,1.52055,1.52085,1.00,4.00
2010.04.28 21:52:22.461,1.52055,1.52085,1.00,4.00
2010.04.28 21:52:23.021,1.52055,1.52085,1.60,3.20
2010.04.28 21:52:23.277,1.52055,1.52085,1.60,1.60
2010.04.28 21:52:23.534,1.52055,1.5209,1.60,4.10
2010.04.28 21:52:28.974,1.52055,1.5209,1.60,4.00
2010.04.28 21:52:30.441,1.52055,1.5209,1.70,4.00
2010.04.28 21:52:31.291,1.52055,1.5209,1.60,4.00
2010.04.28 21:52:31.482,1.52055,1.5209,1.70,4.00
2010.04.28 21:52:32.472,1.52055,1.5209,4.90,2.40
2010.04.28 21:52:32.701,1.52055,1.5209,4.90,1.60
2010.04.28 21:52:32.861,1.52055,1.5209,3.30,1.60
2010.04.28 21:52:34.849,1.52055,1.5209,3.30,4.00
2010.04.28 21:52:55.228,1.52055,1.5209,3.30,2.40
2010.04.28 21:52:55.468,1.52055,1.52095,4.90,5.70
2010.04.28 21:52:56.576,1.5205,1.5209,8.20,1.60
2010.04.28 21:52:57.046,1.5205,1.5209,9.00,3.20
2010.04.28 21:53:31.598,1.52055,1.5209,3.20,3.20
2010.04.28 21:53:31.882,1.5205,1.52085,8.80,1.60
2010.04.28 21:53:34.020,1.5205,1.52085,8.10,1.60
2010.04.28 21:53:34.126,1.5205,1.5209,8.10,4.10
2010.04.28 21:53:34.225,1.5205,1.5209,8.10,4.10
2010.04.28 21:53:34.997,1.52055,1.52085,1.00,1.60
2010.04.28 21:53:35.819,1.52055,1.52085,1.00,2.40
2010.04.28 21:53:37.485,1.52055,1.52085,1.00,2.50
2010.04.28 21:53:37.908,1.52055,1.52085,1.00,4.10
2010.04.28 21:53:38.418,1.5204,1.5207,4.80,1.60
2010.04.28 21:53:38.822,1.5204,1.5207,3.20,1.60
2010.04.28 21:53:39.126,1.52015,1.52055,3.40,3.20
2010.04.28 21:53:39.442,1.52015,1.52045,3.40,1.00
2010.04.28 21:53:39.750,1.52015,1.52045,1.00,3.30
2010.04.28 21:53:40.061,1.52005,1.5204,1.60,1.00
2010.04.28 21:53:40.375,1.5199,1.5202,1.60,1.00
2010.04.28 21:53:40.819,1.51995,1.52025,1.60,3.20
2010.04.28 21:53:40.989,1.51995,1.5203,1.60,1.00
2010.04.28 21:53:43.438,1.51995,1.52035,1.60,4.10
2010.04.28 21:53:43.646,1.52,1.52035,1.60,4.10
2010.04.28 21:53:48.827,1.52,1.52035,1.60,3.20
2010.04.28 21:53:50.354,1.52,1.5202,1.60,1.00
2010.04.28 21:53:50.644,1.52,1.5202,1.60,1.00
2010.04.28 21:53:51.313,1.52,1.52015,1.60,1.00
2010.04.28 21:53:52.535,1.52,1.5204,3.20,4.10
2010.04.28 21:53:53.115,1.52,1.5204,3.20,3.20
2010.04.28 21:53:54.575,1.52,1.52025,3.20,1.00
2010.04.28 21:53:55.593,1.52,1.52015,3.20,1.00
2010.04.28 21:53:56.339,1.52,1.5201,3.20,1.00
2010.04.28 21:53:56.697,1.52,1.52035,3.20,1.60
2010.04.28 21:53:58.393,1.52,1.5202,3.20,1.00
2010.04.28 21:53:59.280,1.5201,1.52045,3.20,2.40
2010.04.28 21:53:59.517,1.5201,1.52045,3.60,1.60
2010.04.28 21:53:59.755,1.5201,1.5205,4.10,3.20
2010.04.28 21:54:00.382,1.52015,1.52055,3.20,3.20
2010.04.28 21:54:00.665,1.5203,1.52055,1.00,1.60
2010.04.28 21:54:01.234,1.5202,1.52055,1.60,1.60
2010.04.28 21:54:02.532,1.5202,1.52055,1.70,1.60
2010.04.28 21:54:05.010,1.52025,1.52055,1.00,1.60
2010.04.28 21:54:05.151,1.52025,1.5206,1.00,1.60
2010.04.28 21:54:07.523,1.5203,1.5206,1.00,1.60
2010.04.28 21:54:12.634,1.52025,1.5206,1.00,1.60
2010.04.28 21:54:15.037,1.52025,1.5206,1.20,1.60
2010.04.28 21:54:15.404,1.52025,1.5206,1.30,1.60
2010.04.28 21:54:16.403,1.5203,1.5206,1.00,1.60
2010.04.28 21:54:17.336,1.5203,1.5206,1.00,1.60
2010.04.28 21:54:17.436,1.5203,1.5206,1.00,1.60
2010.04.28 21:54:20.827,1.52025,1.5206,1.20,1.60
2010.04.28 21:54:21.166,1.52025,1.5206,1.00,1.60
2010.04.28 21:54:21.418,1.52025,1.52055,1.00,1.00
2010.04.28 21:54:21.674,1.52025,1.5206,1.00,1.60
2010.04.28 21:54:21.928,1.52025,1.5206,1.60,1.60
2010.04.28 21:54:23.526,1.52025,1.5205,1.60,1.00
2010.04.28 21:54:24.566,1.52025,1.5204,1.60,1.00
2010.04.28 21:54:24.809,1.52025,1.5204,1.00,1.00
2010.04.28 21:54:25.325,1.52025,1.5206,1.00,1.70
2010.04.28 21:54:25.477,1.52025,1.5206,1.00,2.50
2010.04.28 21:54:26.339,1.52025,1.52045,1.00,1.00
2010.04.28 21:54:27.727,1.52025,1.5205,1.00,1.00
2010.04.28 21:54:30.038,1.52025,1.5206,1.00,1.60
2010.04.28 21:54:30.736,1.52025,1.5206,1.00,1.70
2010.04.28 21:54:32.500,1.52025,1.5206,1.00,1.60
2010.04.28 21:54:34.156,1.52025,1.5206,1.00,1.70
2010.04.28 21:54:34.902,1.52025,1.5206,1.00,1.60
2010.04.28 21:54:35.117,1.52015,1.5205,3.20,1.60
2010.04.28 21:54:38.482,1.52015,1.5205,3.20,1.70
2010.04.28 21:54:41.231,1.52015,1.5205,3.20,1.00
2010.04.28 21:54:50.971,1.52015,1.5205,3.20,1.70
2010.04.28 21:54:51.546,1.52015,1.5205,3.20,2.50
2010.04.28 21:54:51.732,1.52015,1.5204,3.20,1.00
2010.04.28 21:54:51.906,1.5201,1.5204,1.60,1.00
2010.04.28 21:54:52.084,1.52005,1.5204,4.00,1.00
2010.04.28 21:54:52.264,1.52005,1.52035,4.00,1.00
2010.04.28 21:54:52.792,1.52,1.52035,3.20,1.00
2010.04.28 21:54:53.154,1.52,1.5203,3.20,1.00
2010.04.28 21:54:53.504,1.52,1.5203,1.60,1.00
2010.04.28 21:54:54.194,1.52,1.52035,1.60,1.00
2010.04.28 21:54:55.502,1.5201,1.52045,1.60,4.00
2010.04.28 21:54:55.750,1.5201,1.5205,1.60,4.00
2010.04.28 21:54:56.000,1.5201,1.5205,1.60,3.20
2010.04.28 21:54:56.231,1.52015,1.5205,1.60,3.30
2010.04.28 21:54:56.876,1.5202,1.5205,1.60,1.00
2010.04.28 21:54:58.761,1.5202,1.5203,1.60,1.00
2010.04.28 21:54:59.598,1.5202,1.52025,1.60,1.00
2010.04.28 21:55:00.787,1.5202,1.5205,1.60,1.00
2010.04.28 21:55:05.306,1.5202,1.5205,1.60,1.00
2010.04.28 21:55:05.525,1.5202,1.5205,1.60,1.00
2010.04.28 21:55:15.767,1.52015,1.5205,1.60,1.70
2010.04.28 21:55:17.024,1.5201,1.5205,3.20,3.30
2010.04.28 21:55:17.172,1.5201,1.5205,1.60,3.30
2010.04.28 21:55:17.324,1.5201,1.52045,1.60,3.20
2010.04.28 21:55:32.541,1.52005,1.5204,4.10,1.60
2010.04.28 21:55:34.586,1.52005,1.5204,3.20,1.60
2010.04.28 21:55:35.262,1.52005,1.52035,1.00,1.60
2010.04.28 21:55:36.149,1.52,1.52035,4.80,1.60
2010.04.28 21:55:38.058,1.52,1.52035,4.00,1.60
2010.04.28 21:55:38.158,1.52,1.52035,2.40,1.60
2010.04.28 21:55:38.259,1.52,1.52035,2.50,1.60
2010.04.28 21:55:38.659,1.52,1.52035,2.50,2.40
2010.04.28 21:55:39.389,1.52,1.5203,2.40,1.00
2010.04.28 21:55:40.628,1.52,1.52035,2.40,2.50
2010.04.28 21:55:44.289,1.52,1.52035,2.40,2.40
2010.04.28 21:55:44.506,1.52,1.52035,2.50,2.50
2010.04.28 21:55:46.218,1.52,1.52035,3.30,1.60
2010.04.28 21:55:54.137,1.52005,1.52035,1.00,1.60
2010.04.28 21:55:55.434,1.52005,1.52035,1.00,1.60
2010.04.28 21:56:17.549,1.5201,1.52035,1.00,1.60
2010.04.28 21:56:18.336,1.5202,1.52035,1.00,1.60
2010.04.28 21:56:18.806,1.5201,1.52035,1.00,1.60
2010.04.28 21:56:25.060,1.5201,1.52035,1.00,1.60
2010.04.28 21:56:25.427,1.52005,1.52035,1.00,1.60
2010.04.28 21:56:54.790,1.52015,1.52045,1.00,1.60
2010.04.28 21:56:55.052,1.52005,1.52045,4.20,1.60
2010.04.28 21:56:55.719,1.52005,1.52045,2.50,3.20
2010.04.28 21:56:55.941,1.52,1.52035,3.20,1.60
2010.04.28 21:56:56.165,1.51995,1.52025,1.00,1.00
2010.04.28 21:56:56.976,1.52,1.52035,1.00,3.20
2010.04.28 21:56:57.619,1.51995,1.52035,4.00,3.20
2010.04.28 21:56:57.959,1.51995,1.5203,4.00,1.60
2010.04.28 21:56:58.934,1.51995,1.5203,4.10,1.60
2010.04.28 21:57:02.167,1.51995,1.52035,4.10,3.20
2010.04.28 21:57:05.358,1.52005,1.52035,1.00,3.20
2010.04.28 21:57:06.428,1.52005,1.52035,1.00,3.20
2010.04.28 21:57:06.549,1.52005,1.52035,1.00,3.20
2010.04.28 21:57:07.545,1.51995,1.52035,4.10,3.20
2010.04.28 21:57:08.656,1.52,1.52035,1.00,3.20
2010.04.28 21:57:09.448,1.51995,1.52035,4.90,4.00
2010.04.28 21:57:10.256,1.52,1.5204,3.20,4.00
2010.04.28 21:57:10.594,1.52,1.5204,1.60,4.00
2010.04.28 21:57:11.246,1.52,1.52035,1.60,1.60
2010.04.28 21:57:12.463,1.52,1.52035,1.70,1.60
2010.04.28 21:57:12.683,1.52,1.52035,1.60,1.60
2010.04.28 21:57:14.567,1.52,1.52035,1.60,2.40
2010.04.28 21:57:14.668,1.51995,1.52035,4.10,4.00
2010.04.28 21:57:14.866,1.51995,1.52035,4.90,4.80
2010.04.28 21:57:16.034,1.51995,1.52035,4.10,4.00
2010.04.28 21:57:16.623,1.52,1.52035,1.00,4.00
2010.04.28 21:57:16.834,1.51995,1.52035,4.10,4.00
2010.04.28 21:57:17.956,1.52005,1.52035,1.00,2.40
2010.04.28 21:57:18.642,1.51995,1.5203,4.10,1.60
2010.04.28 21:57:19.661,1.51995,1.5203,4.10,2.40
2010.04.28 21:57:19.912,1.51995,1.5203,1.00,4.00
2010.04.28 21:57:20.416,1.51995,1.52025,1.00,1.60
2010.04.28 21:57:20.754,1.5199,1.52025,7.30,1.60
2010.04.28 21:57:20.997,1.5199,1.52025,7.30,2.40
2010.04.28 21:57:21.121,1.5199,1.52025,6.50,4.00
2010.04.28 21:57:21.237,1.5199,1.52025,6.50,4.80
2010.04.28 21:57:22.071,1.5199,1.52025,6.50,3.60
2010.04.28 21:57:23.207,1.5199,1.52025,6.50,4.80
2010.04.28 21:57:23.861,1.5199,1.52025,8.10,3.20
2010.04.28 21:57:24.151,1.52005,1.52025,1.00,1.00
2010.04.28 21:57:25.020,1.52,1.52025,1.00,1.00
2010.04.28 21:57:25.499,1.52,1.52025,1.00,1.00
2010.04.28 21:57:27.363,1.52005,1.52025,1.00,1.00
2010.04.28 21:57:33.185,1.52,1.52025,1.00,1.00
2010.04.28 21:57:41.267,1.52,1.52025,1.00,1.00
2010.04.28 21:57:41.345,1.52,1.52025,1.00,1.00
2010.04.28 21:57:42.840,1.52005,1.52025,1.00,1.00
2010.04.28 21:57:43.238,1.52,1.52025,4.00,1.00
2010.04.28 21:57:43.632,1.52,1.5203,4.00,1.00
2010.04.28 21:57:43.835,1.52015,1.5205,3.20,1.60
2010.04.28 21:57:47.447,1.52015,1.5205,3.20,1.70
2010.04.28 21:57:48.618,1.5202,1.5205,1.00,1.60
2010.04.28 21:57:52.463,1.52015,1.5205,3.20,1.60
2010.04.28 21:58:00.990,1.52015,1.52055,3.20,4.00
2010.04.28 21:58:02.360,1.52015,1.5205,3.20,1.00
2010.04.28 21:58:16.987,1.52015,1.5205,4.00,1.00
2010.04.28 21:58:17.072,1.5202,1.5205,1.60,1.00
2010.04.28 21:58:59.487,1.5202,1.5204,1.60,1.00
2010.04.28 21:59:18.163,1.5202,1.52055,1.60,3.20
2010.04.28 21:59:23.897,1.5202,1.52055,3.20,3.20
2010.04.28 21:59:28.601,1.5202,1.52055,3.20,3.30
2010.04.28 21:59:30.197,1.5202,1.5205,3.20,1.00
2010.04.28 21:59:30.731,1.5202,1.52055,3.20,3.20
2010.04.28 21:59:31.781,1.5202,1.52055,3.20,1.60
2010.04.28 21:59:36.428,1.5202,1.5206,3.20,3.20
2010.04.28 21:59:44.836,1.52025,1.5206,1.60,3.20
2010.04.28 21:59:46.732,1.52025,1.5206,1.60,1.60
2010.04.28 21:59:46.827,1.52025,1.5206,3.20,1.60
2010.04.28 21:59:57.418,1.52025,1.5206,1.60,1.60
2010.04.28 21:59:57.958,1.52025,1.5206,1.60,3.20
