2014.06.04 08:00:00.244,1.67081,1.67091,1.00,1.39
2014.06.04 08:00:00.446,1.67078,1.6709,2.25,1.50
2014.06.04 08:00:00.700,1.6708,1.6709,1.50,1.50
2014.06.04 08:00:00.903,1.67078,1.6709,2.25,1.50
2014.06.04 08:00:00.954,1.67081,1.67091,1.00,1.00
2014.06.04 08:00:01.462,1.67083,1.67092,1.50,1.00
2014.06.04 08:00:01.970,1.67085,1.67095,1.00,1.00
2014.06.04 08:00:02.482,1.67086,1.67096,1.00,1.00
2014.06.04 08:00:04.241,1.67085,1.67095,1.00,1.00
2014.06.04 08:00:04.948,1.67085,1.67093,1.00,1.00
2014.06.04 08:00:05.150,1.67083,1.67092,1.00,1.00
2014.06.04 08:00:05.201,1.67081,1.67092,1.50,1.00
2014.06.04 08:00:05.707,1.67081,1.67091,1.00,1.50
2014.06.04 08:00:06.951,1.67081,1.67092,3.00,1.13
2014.06.04 08:00:07.477,1.67081,1.6709,1.00,1.00
2014.06.04 08:00:07.680,1.67078,1.67088,1.00,1.00
2014.06.04 08:00:07.731,1.67078,1.67086,1.00,1.00
2014.06.04 08:00:07.934,1.67079,1.67088,1.50,1.50
2014.06.04 08:00:08.201,1.67077,1.67085,1.00,1.00
2014.06.04 08:00:08.303,1.67075,1.67085,1.50,1.50
2014.06.04 08:00:08.556,1.67075,1.67083,1.00,1.00
2014.06.04 08:00:08.962,1.67076,1.67085,1.00,1.00
2014.06.04 08:00:09.494,1.67076,1.67086,1.00,1.25
2014.06.04 08:00:09.797,1.67078,1.67087,1.00,2.25
2014.06.04 08:00:10.327,1.67078,1.67088,1.00,1.25
2014.06.04 08:00:10.631,1.67078,1.67088,1.13,1.25
2014.06.04 08:00:12.727,1.67078,1.67086,1.50,1.00
2014.06.04 08:00:12.881,1.67078,1.67086,1.20,1.00
2014.06.04 08:00:16.328,1.67076,1.67085,1.88,1.10
2014.06.04 08:00:16.581,1.67077,1.67087,1.15,1.00
2014.06.04 08:00:18.565,1.67075,1.67087,4.17,1.88
2014.06.04 08:00:19.072,1.67075,1.67085,2.40,1.58
2014.06.04 08:00:20.727,1.67076,1.67086,1.58,1.58
2014.06.04 08:00:21.139,1.67076,1.67085,2.52,1.19
2014.06.04 08:00:21.291,1.67082,1.67089,1.08,1.10
2014.06.04 08:00:21.443,1.67083,1.67091,1.02,1.02
2014.06.04 08:00:21.595,1.67083,1.67091,1.32,1.25
2014.06.04 08:00:21.646,1.67084,1.67094,1.09,1.84
2014.06.04 08:00:22.172,1.67083,1.67092,1.39,1.00
2014.06.04 08:00:24.738,1.67082,1.67089,1.50,1.00
2014.06.04 08:00:24.790,1.67079,1.67088,3.64,1.00
2014.06.04 08:00:24.891,1.67079,1.67087,1.84,1.25
2014.06.04 08:00:26.116,1.67078,1.67087,2.97,1.25
2014.06.04 08:00:26.470,1.67082,1.67091,1.95,3.57
2014.06.04 08:00:26.723,1.67084,1.67093,1.29,2.52
2014.06.04 08:00:27.855,1.67083,1.67092,1.39,1.02
2014.06.04 08:00:28.872,1.67081,1.67087,1.18,1.00
2014.06.04 08:00:29.074,1.6707,1.67078,1.00,1.29
2014.06.04 08:00:29.226,1.67071,1.67078,1.58,1.19
2014.06.04 08:00:29.378,1.67072,1.67082,1.84,1.84
2014.06.04 08:00:29.479,1.67075,1.67084,1.25,1.50
2014.06.04 08:00:30.026,1.67075,1.67085,1.02,2.14
2014.06.04 08:00:30.539,1.67075,1.67084,1.77,1.33
2014.06.04 08:00:32.176,1.67075,1.67085,1.10,2.14
2014.06.04 08:00:33.229,1.67075,1.67085,1.77,2.46
2014.06.04 08:00:38.228,1.67075,1.67085,1.02,3.27
2014.06.04 08:00:39.149,1.67072,1.67079,2.33,1.00
2014.06.04 08:00:39.301,1.67069,1.67078,2.07,1.58
2014.06.04 08:00:39.353,1.67069,1.67074,1.88,1.13
2014.06.04 08:00:39.455,1.67064,1.67074,1.10,2.52
2014.06.04 08:00:39.708,1.67065,1.67075,1.58,1.77
2014.06.04 08:00:40.031,1.67068,1.67077,1.19,1.64
2014.06.04 08:00:40.335,1.67073,1.67079,1.00,2.25
2014.06.04 08:00:40.386,1.67073,1.67083,1.00,3.75
2014.06.04 08:00:40.891,1.67073,1.67083,2.07,1.63
2014.06.04 08:00:40.942,1.67073,1.67083,2.07,1.33
2014.06.04 08:00:41.732,1.67075,1.67084,1.00,1.32
2014.06.04 08:00:43.064,1.67076,1.67085,1.00,3.57
2014.06.04 08:00:43.115,1.67076,1.67085,1.10,2.59
2014.06.04 08:00:45.362,1.67076,1.67085,2.14,2.59
2014.06.04 08:00:46.361,1.67076,1.67085,1.39,1.65
2014.06.04 08:00:50.415,1.67077,1.67085,1.25,1.84
2014.06.04 08:00:54.419,1.67077,1.67084,1.19,1.58
2014.06.04 08:00:55.500,1.67076,1.67084,1.77,1.77
2014.06.04 08:00:56.024,1.67076,1.67083,1.77,1.50
2014.06.04 08:00:56.531,1.67076,1.67083,1.02,1.50
2014.06.04 08:00:57.401,1.67076,1.67084,1.02,1.77
2014.06.04 08:00:57.452,1.67077,1.67084,1.19,1.10
2014.06.04 08:00:59.707,1.67077,1.67086,2.22,2.44
2014.06.04 08:00:59.808,1.67077,1.67086,2.07,2.89
2014.06.04 08:00:59.910,1.67077,1.67086,2.22,2.44
2014.06.04 08:01:00.760,1.67078,1.67085,1.25,1.00
2014.06.04 08:01:01.319,1.67078,1.67084,1.25,1.00
2014.06.04 08:01:05.016,1.67078,1.67085,1.25,1.00
2014.06.04 08:01:05.286,1.67079,1.67085,1.19,1.00
2014.06.04 08:01:06.196,1.6708,1.67085,1.69,1.00
2014.06.04 08:01:06.247,1.6708,1.67087,1.69,1.20
2014.06.04 08:01:07.624,1.67082,1.67087,1.19,1.20
2014.06.04 08:01:07.978,1.67084,1.67089,1.32,1.13
2014.06.04 08:01:08.180,1.67084,1.67092,1.39,1.25
2014.06.04 08:01:08.347,1.67084,1.6709,1.39,1.00
2014.06.04 08:01:08.551,1.67084,1.67092,1.77,1.25
2014.06.04 08:01:09.680,1.67084,1.67094,1.77,1.02
2014.06.04 08:01:10.190,1.67084,1.6709,1.77,1.00
2014.06.04 08:01:10.845,1.67085,1.67093,1.40,1.69
2014.06.04 08:01:11.362,1.67085,1.67093,1.09,1.00
2014.06.04 08:01:13.830,1.67086,1.67089,1.77,1.00
2014.06.04 08:01:14.034,1.67083,1.67088,1.10,1.00
2014.06.04 08:01:14.136,1.67082,1.67089,1.47,1.00
2014.06.04 08:01:14.187,1.67082,1.67089,1.77,1.00
2014.06.04 08:01:14.407,1.67084,1.67092,1.08,1.19
2014.06.04 08:01:14.458,1.67085,1.67093,1.29,1.02
2014.06.04 08:01:15.065,1.67086,1.67094,1.69,1.20
2014.06.04 08:01:15.593,1.67086,1.67093,1.69,1.00
2014.06.04 08:01:17.682,1.67086,1.67091,1.69,1.00
2014.06.04 08:01:18.270,1.67086,1.67092,1.84,1.00
2014.06.04 08:01:18.798,1.67086,1.67091,1.65,1.00
2014.06.04 08:01:19.322,1.67086,1.6709,1.65,1.00
2014.06.04 08:01:19.632,1.67086,1.67092,2.59,1.00
2014.06.04 08:01:19.885,1.67086,1.67091,2.59,1.00
2014.06.04 08:01:20.394,1.67085,1.67091,2.33,1.00
2014.06.04 08:01:20.705,1.67085,1.67091,1.00,1.00
2014.06.04 08:01:20.857,1.67083,1.67089,1.84,1.00
2014.06.04 08:01:21.371,1.67083,1.67088,1.25,1.00
2014.06.04 08:01:21.674,1.67083,1.67086,1.25,1.00
2014.06.04 08:01:22.047,1.67082,1.67089,1.69,1.00
2014.06.04 08:01:22.555,1.67083,1.6709,1.19,1.00
2014.06.04 08:01:23.082,1.67083,1.67089,1.19,1.00
2014.06.04 08:01:26.079,1.67082,1.67089,1.37,1.00
2014.06.04 08:01:26.616,1.67081,1.67089,2.22,1.00
2014.06.04 08:01:27.121,1.67081,1.67088,2.22,1.00
2014.06.04 08:01:27.587,1.67081,1.6709,2.22,1.77
2014.06.04 08:01:28.163,1.67081,1.67089,2.22,1.00
2014.06.04 08:01:28.846,1.67081,1.6709,1.28,1.02
2014.06.04 08:01:29.048,1.67081,1.67088,1.28,1.00
2014.06.04 08:01:29.594,1.67081,1.67089,1.28,1.00
2014.06.04 08:01:30.130,1.67081,1.67091,1.28,1.84
2014.06.04 08:01:30.658,1.6708,1.67086,1.47,1.50
2014.06.04 08:01:30.962,1.67076,1.67082,1.19,1.08
2014.06.04 08:01:31.063,1.67075,1.67081,1.50,1.10
2014.06.04 08:01:31.361,1.67074,1.67079,1.69,1.00
2014.06.04 08:01:31.514,1.67071,1.67076,1.34,1.50
2014.06.04 08:01:31.565,1.6707,1.67074,1.99,1.00
2014.06.04 08:01:31.717,1.67068,1.67071,1.00,1.00
2014.06.04 08:01:31.768,1.67066,1.67071,1.02,1.00
2014.06.04 08:01:31.819,1.67066,1.67074,1.02,1.10
2014.06.04 08:01:31.870,1.67066,1.67074,1.25,1.20
2014.06.04 08:01:32.374,1.67066,1.67073,1.00,1.69
2014.06.04 08:01:33.544,1.67066,1.67074,1.00,1.00
2014.06.04 08:01:34.096,1.67066,1.67076,1.00,2.22
2014.06.04 08:01:34.400,1.67067,1.67076,1.18,1.39
2014.06.04 08:01:34.927,1.67068,1.67076,1.02,1.39
2014.06.04 08:01:35.988,1.67069,1.67078,1.00,2.89
2014.06.04 08:01:36.505,1.67069,1.67078,1.69,2.89
2014.06.04 08:01:38.604,1.67069,1.67078,1.69,2.14
2014.06.04 08:01:39.124,1.67068,1.67076,1.77,1.02
2014.06.04 08:01:39.630,1.67068,1.67075,1.02,1.00
2014.06.04 08:01:40.135,1.67068,1.67076,1.02,1.39
2014.06.04 08:01:40.647,1.67068,1.67075,1.02,1.13
2014.06.04 08:01:41.136,1.67069,1.67078,1.19,2.14
2014.06.04 08:01:41.287,1.67069,1.67078,1.84,1.32
2014.06.04 08:01:42.090,1.67069,1.67076,1.84,1.00
2014.06.04 08:01:42.715,1.67068,1.67076,1.40,1.25
2014.06.04 08:01:45.425,1.67069,1.67078,1.84,2.44
2014.06.04 08:01:46.137,1.67069,1.67078,1.09,1.00
2014.06.04 08:01:46.472,1.67068,1.67077,1.84,1.32
2014.06.04 08:01:47.022,1.67068,1.67076,1.00,1.69
2014.06.04 08:01:49.543,1.67068,1.67077,1.69,2.22
2014.06.04 08:01:54.740,1.67069,1.67077,1.00,1.39
2014.06.04 08:01:55.245,1.67068,1.67077,2.44,1.39
2014.06.04 08:01:56.574,1.67068,1.67077,1.50,1.09
2014.06.04 08:01:57.373,1.67068,1.67077,1.88,1.09
2014.06.04 08:01:57.676,1.67073,1.67078,1.19,1.00
2014.06.04 08:01:58.740,1.67074,1.67081,1.25,1.65
2014.06.04 08:01:59.615,1.67072,1.67081,1.19,2.40
2014.06.04 08:02:01.608,1.67073,1.67082,1.69,1.84
2014.06.04 08:02:02.540,1.67073,1.6708,1.69,1.00
2014.06.04 08:02:05.093,1.67074,1.67082,1.25,1.84
2014.06.04 08:02:06.119,1.67074,1.67082,1.25,1.25
2014.06.04 08:02:06.631,1.67077,1.67082,1.25,1.50
2014.06.04 08:02:06.948,1.67079,1.67082,1.69,1.00
2014.06.04 08:02:07.454,1.67075,1.67081,2.44,1.00
2014.06.04 08:02:07.505,1.67075,1.67081,1.27,1.00
2014.06.04 08:02:07.809,1.67075,1.67078,1.19,1.00
2014.06.04 08:02:08.566,1.67074,1.67081,2.52,1.00
2014.06.04 08:02:08.934,1.67074,1.67079,1.19,1.00
2014.06.04 08:02:09.584,1.67074,1.67079,1.25,1.00
2014.06.04 08:02:10.142,1.67074,1.6708,1.25,1.00
2014.06.04 08:02:12.872,1.67074,1.67082,2.44,1.47
2014.06.04 08:02:13.471,1.67074,1.67083,2.52,3.72
2014.06.04 08:02:17.273,1.67075,1.67083,1.19,1.55
2014.06.04 08:02:17.727,1.67073,1.67081,1.02,2.14
2014.06.04 08:02:18.322,1.67073,1.67081,1.10,1.25
2014.06.04 08:02:18.625,1.67073,1.67083,1.77,1.58
2014.06.04 08:02:22.653,1.67075,1.67083,1.00,1.20
2014.06.04 08:02:26.715,1.67073,1.67083,2.52,1.20
2014.06.04 08:02:27.624,1.67074,1.67083,1.19,2.14
2014.06.04 08:02:28.631,1.67073,1.67083,2.52,1.20
2014.06.04 08:02:28.834,1.67073,1.67083,2.44,1.50
2014.06.04 08:02:33.133,1.67075,1.67083,1.00,1.58
2014.06.04 08:02:33.602,1.67075,1.67083,1.00,1.28
2014.06.04 08:02:36.332,1.67074,1.67084,1.39,2.89
2014.06.04 08:02:36.555,1.67074,1.67084,1.69,2.22
2014.06.04 08:02:37.218,1.67074,1.67081,1.25,1.00
2014.06.04 08:02:37.614,1.67075,1.67081,1.19,1.00
2014.06.04 08:02:37.878,1.67075,1.67084,1.19,2.59
2014.06.04 08:02:39.587,1.67076,1.67084,2.44,1.25
2014.06.04 08:02:40.098,1.67076,1.67083,1.25,1.00
2014.06.04 08:02:41.069,1.67076,1.67081,1.25,1.00
2014.06.04 08:02:42.591,1.67075,1.67081,1.25,1.00
2014.06.04 08:02:42.743,1.67075,1.67084,2.44,1.15
2014.06.04 08:02:43.147,1.67077,1.67085,1.00,2.44
2014.06.04 08:02:44.472,1.67077,1.67085,1.50,1.77
2014.06.04 08:02:45.465,1.67076,1.67085,1.58,1.33
2014.06.04 08:02:45.819,1.6708,1.67086,1.25,1.20
2014.06.04 08:02:45.921,1.67081,1.67089,1.77,1.77
2014.06.04 08:02:46.023,1.67082,1.67091,3.34,1.38
2014.06.04 08:02:46.368,1.67084,1.67091,1.84,1.00
2014.06.04 08:02:46.673,1.67085,1.6709,1.95,1.00
2014.06.04 08:02:49.170,1.67085,1.6709,2.52,1.13
2014.06.04 08:02:51.437,1.67085,1.67092,2.44,1.38
2014.06.04 08:02:52.386,1.67085,1.67092,2.44,1.38
2014.06.04 08:02:54.577,1.67085,1.67093,2.44,1.25
2014.06.04 08:02:55.021,1.67085,1.67093,2.89,1.25
2014.06.04 08:02:57.319,1.67085,1.67094,2.89,1.69
2014.06.04 08:02:59.572,1.67085,1.67095,1.39,1.39
2014.06.04 08:03:00.474,1.67085,1.67092,1.39,1.00
2014.06.04 08:03:00.992,1.67083,1.67093,3.57,1.00
2014.06.04 08:03:01.312,1.67083,1.67089,2.52,1.00
2014.06.04 08:03:01.822,1.67084,1.6709,1.09,1.00
2014.06.04 08:03:02.237,1.67084,1.67093,1.09,1.77
2014.06.04 08:03:02.750,1.67083,1.67092,2.14,1.19
2014.06.04 08:03:03.731,1.67083,1.67092,4.39,1.25
2014.06.04 08:03:05.724,1.67085,1.67094,1.77,1.47
2014.06.04 08:03:05.876,1.67085,1.67094,2.07,1.29
2014.06.04 08:03:06.758,1.67085,1.67095,3.57,1.69
2014.06.04 08:03:10.075,1.67088,1.67095,1.13,1.69
2014.06.04 08:03:10.731,1.67088,1.67095,1.00,1.25
2014.06.04 08:03:12.461,1.67087,1.67094,1.02,1.00
2014.06.04 08:03:13.357,1.67087,1.67096,1.02,2.44
2014.06.04 08:03:13.458,1.67087,1.67092,1.02,1.00
2014.06.04 08:03:13.789,1.67085,1.6709,2.14,1.00
2014.06.04 08:03:14.357,1.67086,1.67096,2.07,1.32
2014.06.04 08:03:14.660,1.67086,1.67093,1.30,1.00
2014.06.04 08:03:14.867,1.67086,1.67096,1.30,1.39
2014.06.04 08:03:15.272,1.67086,1.67095,1.77,1.19
2014.06.04 08:03:16.284,1.67086,1.67096,1.30,1.39
2014.06.04 08:03:17.292,1.67086,1.67095,2.14,1.19
2014.06.04 08:03:19.194,1.67086,1.67095,2.52,1.25
2014.06.04 08:03:21.000,1.6709,1.67095,1.38,1.00
2014.06.04 08:03:21.152,1.67091,1.67099,2.52,1.69
2014.06.04 08:03:21.455,1.67092,1.67099,2.59,1.00
2014.06.04 08:03:21.960,1.67093,1.67101,1.10,1.29
2014.06.04 08:03:22.465,1.67093,1.67101,1.02,1.02
2014.06.04 08:03:23.152,1.67092,1.671,2.59,1.00
2014.06.04 08:03:23.695,1.67092,1.67101,3.34,1.02
2014.06.04 08:03:24.930,1.67094,1.67102,1.00,1.84
2014.06.04 08:03:27.623,1.67095,1.67102,1.00,1.84
2014.06.04 08:03:28.869,1.67096,1.67102,1.00,1.84
2014.06.04 08:03:29.519,1.67094,1.67103,1.69,2.89
2014.06.04 08:03:29.672,1.67096,1.67105,1.69,2.89
2014.06.04 08:03:29.812,1.67097,1.67106,1.19,1.39
2014.06.04 08:03:30.317,1.67097,1.67106,2.89,1.25
2014.06.04 08:03:30.823,1.67097,1.67106,2.44,1.02
2014.06.04 08:03:31.775,1.67097,1.67106,1.69,1.10
2014.06.04 08:03:32.280,1.67098,1.67107,1.00,2.59
2014.06.04 08:03:33.119,1.67097,1.67107,1.69,2.59
2014.06.04 08:03:35.411,1.67096,1.67104,1.39,1.00
2014.06.04 08:03:35.916,1.67096,1.67103,1.29,1.00
2014.06.04 08:03:36.368,1.67096,1.67105,1.29,1.50
2014.06.04 08:03:37.400,1.67095,1.67103,1.09,1.00
2014.06.04 08:03:37.804,1.67095,1.67105,1.84,1.69
2014.06.04 08:03:38.309,1.67096,1.67105,1.77,1.69
2014.06.04 08:03:39.134,1.67096,1.67104,1.29,1.00
2014.06.04 08:03:39.648,1.67096,1.67105,2.59,2.44
2014.06.04 08:03:39.699,1.67096,1.67105,2.89,2.44
2014.06.04 08:03:40.948,1.67098,1.67106,1.58,1.19
2014.06.04 08:03:40.999,1.67099,1.67107,1.28,1.00
2014.06.04 08:03:41.100,1.67099,1.67105,2.22,1.00
2014.06.04 08:03:41.555,1.67099,1.67108,2.59,1.19
2014.06.04 08:03:41.656,1.67099,1.67103,1.02,1.00
2014.06.04 08:03:41.959,1.67092,1.67099,1.75,1.00
2014.06.04 08:03:42.062,1.67093,1.671,1.39,1.00
2014.06.04 08:03:42.112,1.67093,1.67096,1.39,1.00
2014.06.04 08:03:42.266,1.67092,1.67097,1.84,1.00
2014.06.04 08:03:42.595,1.67093,1.67097,1.95,1.00
2014.06.04 08:03:42.647,1.67094,1.67101,1.08,1.19
2014.06.04 08:03:42.698,1.67094,1.67103,2.44,1.25
2014.06.04 08:03:43.204,1.67095,1.67104,2.14,1.25
2014.06.04 08:03:44.013,1.67096,1.67105,1.69,1.19
2014.06.04 08:03:44.316,1.67098,1.67106,1.09,1.25
2014.06.04 08:03:44.367,1.67102,1.67106,1.00,1.25
2014.06.04 08:03:44.468,1.67102,1.6711,1.10,1.02
2014.06.04 08:03:44.570,1.67104,1.6711,1.10,1.10
2014.06.04 08:03:44.873,1.67107,1.67117,1.69,3.64
2014.06.04 08:03:45.025,1.6711,1.67118,1.63,1.84
2014.06.04 08:03:45.229,1.67112,1.6712,1.25,1.84
2014.06.04 08:03:45.280,1.67115,1.6712,1.00,1.09
2014.06.04 08:03:45.432,1.67115,1.67122,1.69,1.10
2014.06.04 08:03:45.635,1.67117,1.67124,1.25,1.10
2014.06.04 08:03:46.191,1.67117,1.67124,1.33,1.25
2014.06.04 08:03:46.393,1.67117,1.67122,1.39,1.00
2014.06.04 08:03:47.188,1.67116,1.67119,3.00,1.00
2014.06.04 08:03:47.493,1.67102,1.6711,5.26,1.00
2014.06.04 08:03:47.548,1.671,1.67104,3.75,1.50
2014.06.04 08:03:47.955,1.67091,1.67099,1.50,1.88
2014.06.04 08:03:48.335,1.67085,1.67099,1.93,1.88
2014.06.04 08:03:48.560,1.67085,1.67094,1.93,1.00
2014.06.04 08:03:48.864,1.67093,1.67099,1.00,1.84
2014.06.04 08:03:49.124,1.67093,1.671,2.44,1.10
2014.06.04 08:03:49.479,1.67093,1.67104,4.02,1.33
2014.06.04 08:03:50.621,1.67095,1.67105,1.77,1.20
2014.06.04 08:03:51.057,1.67099,1.67106,1.00,1.70
2014.06.04 08:03:51.108,1.67099,1.67106,1.10,1.69
2014.06.04 08:03:51.160,1.67101,1.67106,1.00,1.00
2014.06.04 08:03:51.311,1.67101,1.6711,2.14,1.69
2014.06.04 08:03:51.463,1.67105,1.6711,1.69,1.00
2014.06.04 08:03:52.026,1.67105,1.6711,1.02,1.00
2014.06.04 08:03:52.279,1.67104,1.67114,2.59,1.25
2014.06.04 08:03:53.144,1.67105,1.67114,1.39,1.69
2014.06.04 08:03:53.410,1.67105,1.67112,1.39,1.00
2014.06.04 08:03:53.713,1.67106,1.67112,2.14,1.00
2014.06.04 08:03:53.864,1.67106,1.67115,2.14,1.00
2014.06.04 08:03:54.824,1.67106,1.67113,3.27,1.00
2014.06.04 08:03:55.041,1.67108,1.67115,1.39,1.00
2014.06.04 08:03:55.091,1.6711,1.67115,1.00,1.00
2014.06.04 08:03:55.142,1.67108,1.67115,1.77,1.00
2014.06.04 08:03:55.650,1.67107,1.67116,1.37,1.58
2014.06.04 08:03:56.182,1.67109,1.67115,1.00,1.00
2014.06.04 08:03:56.385,1.6711,1.67119,1.29,1.37
2014.06.04 08:03:56.588,1.67115,1.67119,1.77,1.00
2014.06.04 08:03:56.689,1.6712,1.67123,1.00,1.10
2014.06.04 08:03:57.044,1.67118,1.67125,1.29,1.00
2014.06.04 08:03:57.145,1.67118,1.67122,1.29,1.00
2014.06.04 08:03:57.247,1.67116,1.67122,1.02,1.00
2014.06.04 08:03:57.371,1.67112,1.67119,1.50,1.00
2014.06.04 08:03:57.882,1.67113,1.6712,1.19,1.00
2014.06.04 08:03:59.740,1.67113,1.67121,1.37,1.00
2014.06.04 08:04:00.523,1.67113,1.67121,1.19,1.08
2014.06.04 08:04:00.827,1.6711,1.67114,1.69,1.00
2014.06.04 08:04:00.929,1.67109,1.67112,1.10,1.00
2014.06.04 08:04:01.081,1.67106,1.67112,1.37,1.00
2014.06.04 08:04:01.600,1.67106,1.67111,1.37,1.00
2014.06.04 08:04:03.078,1.67106,1.67115,1.37,2.89
2014.06.04 08:04:03.335,1.67106,1.67113,1.37,1.00
2014.06.04 08:04:03.588,1.67106,1.67115,1.37,2.89
2014.06.04 08:04:04.108,1.67106,1.67114,1.37,1.00
2014.06.04 08:04:04.653,1.67106,1.67115,1.37,2.52
2014.06.04 08:04:05.163,1.67106,1.67114,1.37,1.00
2014.06.04 08:04:05.871,1.67106,1.67115,1.37,1.77
2014.06.04 08:04:08.060,1.67106,1.67114,1.09,1.00
2014.06.04 08:04:08.839,1.67106,1.6711,1.09,1.00
2014.06.04 08:04:08.992,1.67103,1.67108,1.63,1.20
2014.06.04 08:04:09.044,1.67103,1.67108,1.38,1.50
2014.06.04 08:04:09.095,1.671,1.67105,1.13,1.00
2014.06.04 08:04:09.348,1.67097,1.67105,1.09,1.00
2014.06.04 08:04:09.399,1.67096,1.67103,1.84,1.00
2014.06.04 08:04:09.907,1.67095,1.67106,2.59,1.39
2014.06.04 08:04:11.082,1.67096,1.67105,2.89,1.18
2014.06.04 08:04:13.627,1.67099,1.67106,1.25,1.20
2014.06.04 08:04:13.678,1.67099,1.67106,1.25,1.00
2014.06.04 08:04:13.779,1.671,1.67106,1.13,1.00
2014.06.04 08:04:14.082,1.67107,1.67111,1.19,1.00
2014.06.04 08:04:14.133,1.67107,1.67113,1.19,1.00
2014.06.04 08:04:14.641,1.67106,1.67113,1.19,1.00
2014.06.04 08:04:15.647,1.67106,1.67114,1.19,1.10
2014.06.04 08:04:20.277,1.67108,1.67116,1.25,3.27
2014.06.04 08:04:21.257,1.67108,1.67114,1.29,1.00
2014.06.04 08:04:23.266,1.67109,1.67114,1.19,1.00
2014.06.04 08:04:24.384,1.67111,1.67114,1.19,1.00
2014.06.04 08:04:24.637,1.67114,1.67122,2.07,1.09
2014.06.04 08:04:24.688,1.67115,1.67122,1.19,1.18
2014.06.04 08:04:24.839,1.67117,1.67124,1.25,1.00
2014.06.04 08:04:25.193,1.67117,1.67122,1.25,1.00
2014.06.04 08:04:26.579,1.67113,1.67122,1.47,1.00
2014.06.04 08:04:27.108,1.67112,1.67123,3.27,1.25
2014.06.04 08:04:27.578,1.67112,1.67121,2.89,1.25
2014.06.04 08:04:29.679,1.67113,1.67122,1.09,1.27
2014.06.04 08:04:30.994,1.67113,1.67124,1.29,3.94
2014.06.04 08:04:31.112,1.67113,1.67124,2.59,1.84
2014.06.04 08:04:31.356,1.67113,1.67122,2.59,1.00
2014.06.04 08:04:31.964,1.67113,1.67123,2.59,1.00
2014.06.04 08:04:32.462,1.67113,1.67122,2.59,1.33
2014.06.04 08:04:32.613,1.67115,1.67123,1.02,1.02
2014.06.04 08:04:32.766,1.67115,1.67121,1.02,1.00
2014.06.04 08:04:32.969,1.67113,1.67121,1.32,1.08
2014.06.04 08:04:33.272,1.67113,1.67122,2.89,1.10
2014.06.04 08:04:33.626,1.67115,1.67124,1.19,2.07
2014.06.04 08:04:33.677,1.67115,1.67124,1.27,1.77
2014.06.04 08:04:33.779,1.67115,1.67121,1.27,1.00
2014.06.04 08:04:34.126,1.67116,1.67124,1.25,3.94
2014.06.04 08:04:34.329,1.67116,1.67121,1.25,1.00
2014.06.04 08:04:34.846,1.67114,1.67121,1.29,1.00
2014.06.04 08:04:35.100,1.67112,1.67119,1.20,1.00
2014.06.04 08:04:35.201,1.67111,1.67119,1.10,1.00
2014.06.04 08:04:35.657,1.67111,1.67117,1.10,1.00
2014.06.04 08:04:35.859,1.67111,1.6712,1.10,1.25
2014.06.04 08:04:36.537,1.67111,1.67121,1.02,1.77
2014.06.04 08:04:37.110,1.6711,1.67116,3.34,1.50
2014.06.04 08:04:37.416,1.67106,1.67113,1.29,1.00
2014.06.04 08:04:37.921,1.67107,1.67115,1.10,1.29
2014.06.04 08:04:38.073,1.67109,1.67116,1.25,1.18
2014.06.04 08:04:38.585,1.67109,1.67116,1.25,1.10
2014.06.04 08:04:39.138,1.67109,1.67118,1.69,1.40
2014.06.04 08:04:39.644,1.67109,1.67118,2.59,1.02
2014.06.04 08:04:40.156,1.6711,1.67119,1.39,2.14
2014.06.04 08:04:40.459,1.67108,1.67116,2.14,1.50
2014.06.04 08:04:40.713,1.67107,1.67114,1.02,1.00
2014.06.04 08:04:40.966,1.67105,1.67113,1.69,1.18
2014.06.04 08:04:41.168,1.67105,1.67114,1.69,1.84
2014.06.04 08:04:41.623,1.67108,1.67116,1.10,1.77
2014.06.04 08:04:42.500,1.67108,1.67116,1.25,1.09
2014.06.04 08:04:42.904,1.67107,1.67114,1.33,1.00
2014.06.04 08:04:43.408,1.67107,1.67116,2.89,1.02
2014.06.04 08:04:44.830,1.67108,1.67114,1.02,1.00
2014.06.04 08:04:45.083,1.67105,1.67114,2.70,1.50
2014.06.04 08:04:45.151,1.67107,1.67114,1.00,1.10
2014.06.04 08:04:45.708,1.67107,1.67116,1.77,1.84
2014.06.04 08:04:45.960,1.67109,1.67117,1.02,1.77
2014.06.04 08:04:49.213,1.67108,1.67115,1.10,1.00
2014.06.04 08:04:49.745,1.67107,1.67116,1.33,1.58
2014.06.04 08:04:50.455,1.67107,1.67113,1.27,1.00
2014.06.04 08:04:50.838,1.67107,1.67116,1.29,2.59
2014.06.04 08:04:51.816,1.67107,1.67116,1.37,2.52
2014.06.04 08:04:52.566,1.67107,1.67116,1.29,1.77
2014.06.04 08:04:54.350,1.67106,1.67116,2.89,1.77
2014.06.04 08:04:54.871,1.67106,1.67116,2.59,3.27
2014.06.04 08:04:55.348,1.67106,1.67116,5.82,2.52
2014.06.04 08:04:56.005,1.67107,1.67116,5.82,1.00
2014.06.04 08:04:56.276,1.67113,1.67122,2.44,1.69
2014.06.04 08:04:56.478,1.67115,1.67125,2.25,3.19
2014.06.04 08:04:57.033,1.67116,1.67125,3.19,1.19
2014.06.04 08:04:57.559,1.67116,1.67125,2.44,1.19
2014.06.04 08:04:58.064,1.67115,1.67125,1.50,1.19
2014.06.04 08:04:58.619,1.67115,1.67124,1.20,1.19
2014.06.04 08:04:58.858,1.67114,1.6712,1.50,1.00
2014.06.04 08:04:59.162,1.6711,1.67113,1.00,1.25
2014.06.04 08:04:59.264,1.67105,1.67113,1.08,1.25
2014.06.04 08:04:59.365,1.67103,1.67113,1.27,1.33
2014.06.04 08:04:59.820,1.67106,1.67114,1.00,2.89
2014.06.04 08:05:00.326,1.67106,1.67114,1.18,2.07
2014.06.04 08:05:00.630,1.67108,1.67112,1.00,1.08
2014.06.04 08:05:00.731,1.67106,1.67114,1.10,1.29
2014.06.04 08:05:01.002,1.67107,1.67114,1.20,1.19
2014.06.04 08:05:01.514,1.67107,1.67114,1.28,1.19
2014.06.04 08:05:01.936,1.67111,1.67118,1.00,1.18
2014.06.04 08:05:01.987,1.67111,1.6712,1.15,1.00
2014.06.04 08:05:02.241,1.67113,1.67123,1.20,1.77
2014.06.04 08:05:02.545,1.6711,1.67119,1.84,1.58
2014.06.04 08:05:03.076,1.67112,1.67119,1.00,1.77
2014.06.04 08:05:03.899,1.67111,1.67119,1.02,1.77
2014.06.04 08:05:04.203,1.67107,1.67115,3.00,2.82
2014.06.04 08:05:04.305,1.67107,1.67115,1.00,4.39
2014.06.04 08:05:04.457,1.67105,1.67113,1.35,1.77
2014.06.04 08:05:04.567,1.67105,1.67111,1.35,1.00
2014.06.04 08:05:04.669,1.67105,1.67113,1.35,1.77
2014.06.04 08:05:05.127,1.67107,1.67113,1.00,1.25
2014.06.04 08:05:05.652,1.67105,1.67114,2.10,1.25
2014.06.04 08:05:06.182,1.67107,1.67116,1.32,3.27
2014.06.04 08:05:06.939,1.67107,1.67114,1.09,1.00
2014.06.04 08:05:07.041,1.67106,1.67114,3.00,1.00
2014.06.04 08:05:07.582,1.67107,1.67114,1.65,1.69
2014.06.04 08:05:08.371,1.67107,1.67114,1.95,1.69
2014.06.04 08:05:09.494,1.67106,1.67116,2.70,1.00
2014.06.04 08:05:09.596,1.67106,1.67111,2.70,1.00
2014.06.04 08:05:09.798,1.67105,1.67112,1.20,1.50
2014.06.04 08:05:10.353,1.67103,1.67108,2.29,1.00
2014.06.04 08:05:10.455,1.67103,1.6711,1.54,1.00
2014.06.04 08:05:10.602,1.67103,1.67114,1.99,1.34
2014.06.04 08:05:10.908,1.67105,1.67113,3.00,1.19
2014.06.04 08:05:11.578,1.67107,1.67113,1.95,1.19
2014.06.04 08:05:11.730,1.67107,1.67115,1.95,1.19
2014.06.04 08:05:12.235,1.67107,1.67115,1.20,1.19
2014.06.04 08:05:14.237,1.67107,1.67114,1.20,1.19
2014.06.04 08:05:15.713,1.67107,1.67114,2.33,1.19
2014.06.04 08:05:16.240,1.67107,1.67114,1.10,1.19
2014.06.04 08:05:16.756,1.67108,1.67114,1.10,1.25
2014.06.04 08:05:17.512,1.67108,1.67116,1.10,1.77
2014.06.04 08:05:18.545,1.67107,1.67115,2.40,1.19
2014.06.04 08:05:20.426,1.67107,1.67114,2.40,1.19
2014.06.04 08:05:22.242,1.67107,1.67114,1.95,1.19
2014.06.04 08:05:22.955,1.67107,1.67116,1.95,1.19
2014.06.04 08:05:23.056,1.67108,1.67116,1.50,1.19
2014.06.04 08:05:23.578,1.67108,1.67116,1.95,1.19
2014.06.04 08:05:24.949,1.67108,1.67117,1.95,1.19
2014.06.04 08:05:25.454,1.67108,1.67115,1.95,1.25
2014.06.04 08:05:26.314,1.67108,1.67115,1.00,1.25
2014.06.04 08:05:26.870,1.67107,1.67116,2.89,2.07
2014.06.04 08:05:29.414,1.67108,1.67116,1.84,1.25
2014.06.04 08:05:29.464,1.67109,1.67116,3.83,1.25
2014.06.04 08:05:29.515,1.6711,1.67118,2.63,1.32
2014.06.04 08:05:29.667,1.67112,1.67121,1.50,1.19
2014.06.04 08:05:29.768,1.67116,1.67122,1.00,1.00
2014.06.04 08:05:29.819,1.67116,1.67122,1.75,1.00
2014.06.04 08:05:29.869,1.67116,1.67125,1.75,1.69
2014.06.04 08:05:30.223,1.67119,1.67128,1.20,1.77
2014.06.04 08:05:30.746,1.67118,1.67127,1.20,1.25
2014.06.04 08:05:30.798,1.67118,1.67125,1.13,1.25
2014.06.04 08:05:30.849,1.67118,1.67125,1.10,1.25
2014.06.04 08:05:31.354,1.67116,1.67125,2.44,1.69
2014.06.04 08:05:31.708,1.67116,1.67125,1.84,1.02
2014.06.04 08:05:32.379,1.67116,1.67125,1.69,1.29
2014.06.04 08:05:32.908,1.67116,1.67124,1.25,1.25
2014.06.04 08:05:33.416,1.67116,1.67124,1.09,1.25
2014.06.04 08:05:35.518,1.67116,1.67124,1.09,1.02
2014.06.04 08:05:36.944,1.67116,1.67125,1.08,1.29
2014.06.04 08:05:37.485,1.67116,1.67125,1.10,1.37
2014.06.04 08:05:40.634,1.67116,1.67123,1.20,1.25
2014.06.04 08:05:41.140,1.67117,1.67124,1.00,1.25
2014.06.04 08:05:41.932,1.67117,1.67126,1.00,2.22
2014.06.04 08:05:42.943,1.67117,1.67126,1.00,1.84
2014.06.04 08:05:43.554,1.67117,1.67126,1.18,1.77
2014.06.04 08:05:46.006,1.67116,1.67125,2.14,1.25
2014.06.04 08:05:47.965,1.67116,1.67126,3.17,1.02
2014.06.04 08:05:48.981,1.67117,1.67126,2.59,1.29
2014.06.04 08:05:49.991,1.67117,1.67126,1.18,1.02
2014.06.04 08:05:54.543,1.67117,1.67127,1.02,1.84
2014.06.04 08:05:55.353,1.67117,1.67127,1.25,2.22
2014.06.04 08:05:56.023,1.67117,1.67127,1.25,2.59
2014.06.04 08:05:57.098,1.67117,1.67125,1.25,1.00
2014.06.04 08:05:59.219,1.67117,1.67126,1.00,1.09
2014.06.04 08:05:59.767,1.67116,1.67125,1.84,1.13
2014.06.04 08:06:00.279,1.67116,1.67125,1.39,2.82
2014.06.04 08:06:04.402,1.67116,1.67125,1.39,2.07
2014.06.04 08:06:05.128,1.67116,1.67124,1.39,1.00
2014.06.04 08:06:09.093,1.67116,1.67125,1.39,2.07
2014.06.04 08:06:12.077,1.67116,1.67125,1.39,1.69
2014.06.04 08:06:12.889,1.67116,1.67125,1.27,2.89
2014.06.04 08:06:12.941,1.67115,1.67119,1.20,1.00
2014.06.04 08:06:13.344,1.67109,1.67118,2.63,2.25
2014.06.04 08:06:13.496,1.67108,1.67117,2.44,1.25
2014.06.04 08:06:14.017,1.67108,1.67117,1.84,1.32
2014.06.04 08:06:14.422,1.67108,1.67117,1.69,1.69
2014.06.04 08:06:14.888,1.67108,1.67117,1.40,1.69
2014.06.04 08:06:15.141,1.67108,1.67112,1.09,1.00
2014.06.04 08:06:15.244,1.67107,1.67111,1.10,1.10
2014.06.04 08:06:15.295,1.67105,1.67111,1.00,1.20
2014.06.04 08:06:15.598,1.67103,1.67111,1.28,1.28
2014.06.04 08:06:15.700,1.67104,1.67111,1.19,1.65
2014.06.04 08:06:16.104,1.67107,1.67116,1.19,3.64
2014.06.04 08:06:16.155,1.67107,1.67116,1.19,2.59
2014.06.04 08:06:17.067,1.67108,1.67118,2.52,1.95
2014.06.04 08:06:17.224,1.67111,1.6712,1.25,3.64
2014.06.04 08:06:18.107,1.67112,1.6712,1.00,1.19
2014.06.04 08:06:18.158,1.67113,1.67122,1.25,1.00
2014.06.04 08:06:18.259,1.67115,1.67124,1.25,2.89
2014.06.04 08:06:18.663,1.67117,1.67124,1.25,1.08
2014.06.04 08:06:18.866,1.67117,1.67125,1.77,2.52
2014.06.04 08:06:19.371,1.67117,1.67125,1.69,2.97
2014.06.04 08:06:19.649,1.67119,1.67125,1.00,2.78
2014.06.04 08:06:19.851,1.67117,1.67125,1.02,1.00
2014.06.04 08:06:20.547,1.67118,1.67125,1.25,1.10
2014.06.04 08:06:21.091,1.67118,1.67125,1.25,1.58
2014.06.04 08:06:21.605,1.67117,1.67125,1.77,2.14
2014.06.04 08:06:23.142,1.67118,1.67125,1.10,1.39
2014.06.04 08:06:23.496,1.67119,1.67126,1.08,1.25
2014.06.04 08:06:24.032,1.67119,1.67126,1.00,1.47
2014.06.04 08:06:24.537,1.67118,1.67126,1.84,1.25
2014.06.04 08:06:25.983,1.67118,1.67127,1.20,1.63
2014.06.04 08:06:26.507,1.67117,1.67126,2.14,1.13
2014.06.04 08:06:27.029,1.67117,1.67125,2.14,1.50
2014.06.04 08:06:27.534,1.67117,1.67126,2.14,1.00
2014.06.04 08:06:28.171,1.67117,1.67126,2.14,1.38
2014.06.04 08:06:28.687,1.67117,1.67125,1.27,1.88
2014.06.04 08:06:28.998,1.67115,1.67123,1.64,1.00
2014.06.04 08:06:29.212,1.67117,1.67126,1.39,3.57
2014.06.04 08:06:29.595,1.67117,1.67123,1.09,1.00
2014.06.04 08:06:29.797,1.67114,1.67122,2.22,1.50
2014.06.04 08:06:31.790,1.67114,1.67123,1.77,1.10
2014.06.04 08:06:31.841,1.67116,1.67123,1.37,1.00
2014.06.04 08:06:31.993,1.67116,1.67125,1.39,2.44
2014.06.04 08:06:32.650,1.67117,1.67126,1.09,1.10
2014.06.04 08:06:32.953,1.67118,1.67127,2.25,1.25
2014.06.04 08:06:33.466,1.67118,1.67127,1.48,3.57
2014.06.04 08:06:33.661,1.67119,1.67125,1.02,1.50
2014.06.04 08:06:34.438,1.67119,1.67127,1.02,2.14
2014.06.04 08:06:34.943,1.67118,1.67128,1.50,4.02
2014.06.04 08:06:35.448,1.67118,1.67127,1.18,1.69
2014.06.04 08:06:35.957,1.67117,1.67126,1.39,1.00
2014.06.04 08:06:37.387,1.67117,1.67127,1.20,3.19
2014.06.04 08:06:38.145,1.67117,1.67121,1.69,1.00
2014.06.04 08:06:38.347,1.67112,1.67117,1.37,1.00
2014.06.04 08:06:38.550,1.67109,1.67116,1.10,1.00
2014.06.04 08:06:40.186,1.67109,1.67116,1.39,1.00
2014.06.04 08:06:40.439,1.67112,1.6712,1.08,1.69
2014.06.04 08:06:40.490,1.67114,1.67122,1.00,1.09
2014.06.04 08:06:40.541,1.67114,1.67124,1.88,2.07
2014.06.04 08:06:40.591,1.67115,1.67125,1.69,1.69
2014.06.04 08:06:40.844,1.67117,1.67125,1.39,1.25
2014.06.04 08:06:41.349,1.67116,1.67125,2.14,1.25
2014.06.04 08:06:41.856,1.67118,1.67125,1.18,1.25
2014.06.04 08:06:42.372,1.67118,1.67127,1.18,2.14
2014.06.04 08:06:43.240,1.67118,1.67126,1.10,1.02
2014.06.04 08:06:43.341,1.67116,1.67125,1.84,1.00
2014.06.04 08:06:43.392,1.67116,1.67124,1.20,1.19
2014.06.04 08:06:43.847,1.67113,1.67119,1.39,1.00
2014.06.04 08:06:44.191,1.6711,1.67115,2.25,1.25
2014.06.04 08:06:44.546,1.67107,1.67115,1.32,1.25
2014.06.04 08:06:45.093,1.67108,1.67116,1.00,2.44
2014.06.04 08:06:45.599,1.67108,1.67116,1.08,1.69
2014.06.04 08:06:46.105,1.6711,1.67117,1.00,1.02
2014.06.04 08:06:47.138,1.6711,1.67116,1.00,1.25
2014.06.04 08:06:47.665,1.67108,1.67116,1.77,1.25
2014.06.04 08:06:48.611,1.67108,1.67116,1.77,1.02
2014.06.04 08:06:48.662,1.6711,1.67116,1.00,1.02
2014.06.04 08:06:48.837,1.67108,1.67116,1.69,1.25
2014.06.04 08:06:49.391,1.67108,1.67115,1.00,1.25
2014.06.04 08:06:50.028,1.67108,1.67115,1.18,1.25
2014.06.04 08:06:50.737,1.67108,1.67116,1.10,1.77
2014.06.04 08:06:51.259,1.67107,1.67115,1.39,1.25
2014.06.04 08:06:52.607,1.67108,1.67115,1.10,1.32
2014.06.04 08:06:53.142,1.67108,1.67115,1.10,1.19
2014.06.04 08:06:53.830,1.67109,1.67115,1.00,1.19
2014.06.04 08:06:54.333,1.67109,1.67115,1.00,1.25
2014.06.04 08:06:54.384,1.67106,1.67115,2.59,1.25
2014.06.04 08:06:54.895,1.67109,1.67115,1.00,1.25
2014.06.04 08:06:55.439,1.67111,1.67117,1.00,2.14
2014.06.04 08:06:57.139,1.67111,1.67113,1.00,1.00
2014.06.04 08:06:57.190,1.67106,1.67113,1.95,1.00
2014.06.04 08:06:57.241,1.67106,1.67113,1.10,1.13
2014.06.04 08:06:57.443,1.67104,1.67111,1.00,1.09
2014.06.04 08:06:57.967,1.67105,1.67109,1.00,1.00
2014.06.04 08:06:58.270,1.67105,1.67111,1.00,1.25
2014.06.04 08:06:58.574,1.67106,1.67113,1.10,1.25
2014.06.04 08:06:58.877,1.67106,1.67115,1.18,1.50
2014.06.04 08:07:01.698,1.67108,1.67115,1.00,1.47
2014.06.04 08:07:03.089,1.67107,1.67115,1.00,1.47
2014.06.04 08:07:04.603,1.67107,1.67115,1.00,1.47
2014.06.04 08:07:05.242,1.67107,1.67115,1.00,1.77
2014.06.04 08:07:05.399,1.67109,1.67115,1.00,1.77
2014.06.04 08:07:05.988,1.67107,1.67114,1.00,1.40
2014.06.04 08:07:08.640,1.67111,1.67116,1.00,5.07
2014.06.04 08:07:10.021,1.67108,1.67116,1.00,5.07
2014.06.04 08:07:10.572,1.67107,1.67116,1.00,5.07
2014.06.04 08:07:11.106,1.67107,1.67116,1.00,3.27
2014.06.04 08:07:11.614,1.67106,1.67116,3.00,2.97
2014.06.04 08:07:12.216,1.67106,1.67115,3.08,1.33
2014.06.04 08:07:12.751,1.67105,1.67115,2.82,1.47
2014.06.04 08:07:12.954,1.67105,1.67115,2.07,1.77
2014.06.04 08:07:14.344,1.67106,1.67115,1.00,1.69
2014.06.04 08:07:14.921,1.67106,1.67115,1.00,1.69
2014.06.04 08:07:15.442,1.67105,1.67115,2.14,2.14
2014.06.04 08:07:16.152,1.67105,1.67115,2.07,1.84
2014.06.04 08:07:16.456,1.67105,1.67115,1.77,1.77
2014.06.04 08:07:16.779,1.67105,1.67114,2.52,1.19
2014.06.04 08:07:17.642,1.67106,1.67115,1.33,2.14
2014.06.04 08:07:19.428,1.67106,1.67115,2.07,2.07
2014.06.04 08:07:19.529,1.67106,1.67115,1.84,1.77
2014.06.04 08:07:20.859,1.67108,1.67115,1.25,1.00
2014.06.04 08:07:21.373,1.67108,1.67116,1.69,1.77
2014.06.04 08:07:21.906,1.67108,1.67116,1.84,1.50
2014.06.04 08:07:22.479,1.67108,1.67116,1.77,1.58
2014.06.04 08:07:23.148,1.67108,1.67116,3.19,1.50
2014.06.04 08:07:24.290,1.67108,1.67116,1.10,1.10
2014.06.04 08:07:24.795,1.67109,1.67116,1.00,1.09
2014.06.04 08:07:25.382,1.67108,1.67116,1.25,1.09
2014.06.04 08:07:26.339,1.67108,1.67116,1.10,1.10
2014.06.04 08:07:27.492,1.67109,1.67117,1.00,2.22
2014.06.04 08:07:28.022,1.67109,1.67117,1.00,2.59
2014.06.04 08:07:28.528,1.67107,1.67116,4.09,1.02
2014.06.04 08:07:29.671,1.67111,1.67116,1.00,1.09
2014.06.04 08:07:31.994,1.6711,1.67117,1.00,3.27
2014.06.04 08:07:32.354,1.67107,1.67116,2.44,1.70
2014.06.04 08:07:33.783,1.67107,1.67115,1.25,1.08
2014.06.04 08:07:33.981,1.67106,1.67112,1.29,1.00
2014.06.04 08:07:34.486,1.67106,1.67112,1.19,1.18
2014.06.04 08:07:34.992,1.67106,1.67112,1.19,1.00
2014.06.04 08:07:35.591,1.67105,1.67112,3.57,1.00
2014.06.04 08:07:36.426,1.67106,1.67113,1.25,1.50
2014.06.04 08:07:38.178,1.67106,1.67114,1.25,1.84
2014.06.04 08:07:39.190,1.67106,1.67115,2.82,1.39
2014.06.04 08:07:39.695,1.67106,1.67115,2.52,1.19
2014.06.04 08:07:40.704,1.67107,1.67116,1.25,1.20
2014.06.04 08:07:42.236,1.67107,1.67116,1.69,1.95
2014.06.04 08:07:42.779,1.67108,1.67115,1.25,1.28
2014.06.04 08:07:44.743,1.67107,1.67115,1.25,1.09
2014.06.04 08:07:47.079,1.67107,1.67113,1.25,1.00
2014.06.04 08:07:47.283,1.67107,1.6711,1.25,1.00
2014.06.04 08:07:47.587,1.67099,1.67104,1.50,1.02
2014.06.04 08:07:47.740,1.67096,1.67104,1.25,1.02
2014.06.04 08:07:48.274,1.67097,1.67106,1.25,2.59
2014.06.04 08:07:49.149,1.67097,1.67105,1.69,1.39
2014.06.04 08:07:50.683,1.67098,1.67105,1.00,1.84
2014.06.04 08:07:51.092,1.671,1.67105,1.00,1.39
2014.06.04 08:07:52.325,1.67102,1.67105,1.00,1.19
2014.06.04 08:07:52.529,1.671,1.67105,1.00,1.19
2014.06.04 08:07:53.352,1.671,1.67106,1.00,1.29
2014.06.04 08:07:54.349,1.671,1.67106,1.00,1.09
2014.06.04 08:07:54.898,1.67097,1.67106,2.82,1.09
2014.06.04 08:07:55.637,1.671,1.67106,1.00,1.09
2014.06.04 08:07:56.183,1.67101,1.67106,1.00,1.09
2014.06.04 08:07:56.688,1.671,1.67107,1.00,2.44
2014.06.04 08:07:56.854,1.67098,1.67107,2.44,2.44
2014.06.04 08:07:57.359,1.67099,1.67107,1.00,1.69
2014.06.04 08:07:57.870,1.671,1.67109,1.00,3.38
2014.06.04 08:07:57.921,1.67101,1.67109,1.20,1.38
2014.06.04 08:07:57.972,1.67101,1.67109,1.20,1.69
2014.06.04 08:07:58.427,1.67105,1.67111,1.00,1.32
2014.06.04 08:07:59.714,1.67107,1.6711,1.00,2.14
2014.06.04 08:07:59.866,1.67101,1.67107,1.50,1.27
2014.06.04 08:08:00.120,1.67099,1.67106,1.00,2.14
2014.06.04 08:08:00.677,1.67099,1.67105,1.00,1.33
2014.06.04 08:08:01.948,1.67098,1.67105,1.00,1.77
2014.06.04 08:08:02.347,1.671,1.67105,1.00,1.84
2014.06.04 08:08:02.599,1.67097,1.67104,1.00,1.02
2014.06.04 08:08:02.751,1.67097,1.67104,1.00,1.77
2014.06.04 08:08:03.057,1.67098,1.67104,1.00,2.44
2014.06.04 08:08:03.361,1.67096,1.67103,1.00,1.39
2014.06.04 08:08:03.887,1.67096,1.67103,1.00,1.19
2014.06.04 08:08:04.400,1.67097,1.67103,1.00,1.39
2014.06.04 08:08:05.006,1.67097,1.67103,1.00,1.29
2014.06.04 08:08:05.318,1.67099,1.67103,1.00,1.19
2014.06.04 08:08:05.824,1.67098,1.67103,1.00,1.29
2014.06.04 08:08:05.935,1.67094,1.67103,1.77,1.47
2014.06.04 08:08:06.458,1.67094,1.67103,1.84,1.29
2014.06.04 08:08:07.690,1.67095,1.67104,1.10,1.99
2014.06.04 08:08:08.135,1.67097,1.67104,1.00,2.37
2014.06.04 08:08:08.440,1.67099,1.67102,1.00,1.00
2014.06.04 08:08:08.593,1.67095,1.67101,1.00,2.89
2014.06.04 08:08:08.799,1.67097,1.67101,1.00,2.52
2014.06.04 08:08:09.254,1.67095,1.67101,1.00,2.89
2014.06.04 08:08:09.356,1.67097,1.67101,1.00,2.59
2014.06.04 08:08:09.666,1.67097,1.67101,1.00,2.59
2014.06.04 08:08:09.868,1.67098,1.67103,1.00,1.54
2014.06.04 08:08:10.475,1.67099,1.67104,1.00,2.14
2014.06.04 08:08:11.996,1.67099,1.67104,1.00,1.37
2014.06.04 08:08:12.562,1.67099,1.67105,1.00,2.82
2014.06.04 08:08:13.323,1.67098,1.67104,1.00,2.14
2014.06.04 08:08:13.425,1.67096,1.67104,1.25,2.52
2014.06.04 08:08:13.930,1.67097,1.67104,1.00,4.77
2014.06.04 08:08:15.223,1.67097,1.67101,1.00,1.25
2014.06.04 08:08:15.629,1.67094,1.67101,1.00,3.12
2014.06.04 08:08:15.831,1.67096,1.67101,1.00,3.12
2014.06.04 08:08:16.357,1.67097,1.67101,1.00,2.22
2014.06.04 08:08:17.309,1.67097,1.67102,1.00,1.24
2014.06.04 08:08:17.612,1.67098,1.67103,1.00,1.92
2014.06.04 08:08:19.236,1.67098,1.67103,1.00,1.92
2014.06.04 08:08:20.355,1.67098,1.67104,1.00,1.77
2014.06.04 08:08:20.982,1.67098,1.67104,1.00,1.02
2014.06.04 08:08:28.199,1.671,1.67105,1.00,1.84
2014.06.04 08:08:28.967,1.67099,1.67105,1.00,1.19
2014.06.04 08:08:29.488,1.67097,1.67105,1.02,1.02
2014.06.04 08:08:29.593,1.67096,1.67103,2.44,1.10
2014.06.04 08:08:30.098,1.67095,1.67104,2.52,3.34
2014.06.04 08:08:30.807,1.67097,1.67105,1.00,2.70
2014.06.04 08:08:32.142,1.67097,1.67105,1.00,1.84
2014.06.04 08:08:32.243,1.67095,1.67105,3.34,1.84
2014.06.04 08:08:32.294,1.67095,1.67105,3.34,2.14
2014.06.04 08:08:32.597,1.67097,1.67105,1.00,1.84
2014.06.04 08:08:33.159,1.67097,1.67105,1.00,2.14
2014.06.04 08:08:33.668,1.67097,1.67105,1.00,1.77
2014.06.04 08:08:34.276,1.67095,1.67105,2.52,2.70
2014.06.04 08:08:34.785,1.67096,1.67105,1.00,1.95
2014.06.04 08:08:34.947,1.67098,1.67105,1.00,1.95
2014.06.04 08:08:36.157,1.67095,1.67105,2.52,2.70
2014.06.04 08:08:36.670,1.67096,1.67105,1.00,1.95
2014.06.04 08:08:37.191,1.67096,1.67105,1.18,1.77
2014.06.04 08:08:37.494,1.67101,1.67109,1.00,1.75
2014.06.04 08:08:37.596,1.67103,1.6711,1.00,1.40
2014.06.04 08:08:37.647,1.67105,1.67113,1.19,4.20
2014.06.04 08:08:37.697,1.67105,1.67113,1.69,1.20
2014.06.04 08:08:37.799,1.67105,1.67115,1.27,2.33
2014.06.04 08:08:38.001,1.67108,1.67115,1.25,1.58
2014.06.04 08:08:38.576,1.67107,1.67115,1.50,1.58
2014.06.04 08:08:38.879,1.67106,1.67113,1.00,1.27
2014.06.04 08:08:39.385,1.67105,1.67113,1.69,1.19
2014.06.04 08:08:39.537,1.67105,1.67114,2.52,1.25
2014.06.04 08:08:40.052,1.67107,1.67114,1.10,1.25
2014.06.04 08:08:40.560,1.67106,1.67115,4.02,1.02
2014.06.04 08:08:42.209,1.67107,1.67114,1.77,1.00
2014.06.04 08:08:43.112,1.67107,1.67115,1.77,1.02
2014.06.04 08:08:43.431,1.67107,1.67115,1.77,1.25
2014.06.04 08:08:43.955,1.67107,1.67115,1.47,1.25
2014.06.04 08:08:48.977,1.67107,1.67114,1.00,1.10
2014.06.04 08:08:49.282,1.67105,1.67115,4.02,1.77
2014.06.04 08:08:49.860,1.67105,1.67114,1.84,1.20
2014.06.04 08:08:50.366,1.67107,1.67114,1.50,1.10
2014.06.04 08:08:50.893,1.67105,1.67114,1.33,1.28
2014.06.04 08:08:51.566,1.67105,1.67114,1.02,1.28
2014.06.04 08:08:51.819,1.67107,1.67114,1.00,1.20
2014.06.04 08:08:52.362,1.67106,1.67115,2.40,2.89
2014.06.04 08:08:53.156,1.67104,1.67114,4.09,1.28
2014.06.04 08:08:53.700,1.67106,1.67114,1.00,1.20
2014.06.04 08:08:54.207,1.67106,1.67114,1.00,1.18
2014.06.04 08:08:54.511,1.67101,1.67109,1.10,1.39
2014.06.04 08:08:54.663,1.67103,1.67105,1.00,1.25
2014.06.04 08:08:54.764,1.67096,1.67105,3.19,1.39
2014.06.04 08:08:55.169,1.67094,1.67103,1.92,1.84
2014.06.04 08:08:55.674,1.67096,1.67103,1.00,1.84
2014.06.04 08:08:55.977,1.67098,1.67103,1.00,1.84
2014.06.04 08:08:56.955,1.67099,1.67103,1.00,1.84
2014.06.04 08:08:57.110,1.67095,1.67103,1.69,1.09
2014.06.04 08:08:57.640,1.67093,1.67101,1.69,1.00
2014.06.04 08:08:58.379,1.67093,1.67101,1.02,1.29
2014.06.04 08:08:59.088,1.67091,1.67097,1.28,1.00
2014.06.04 08:08:59.855,1.67091,1.67101,1.39,2.52
2014.06.04 08:09:00.675,1.67092,1.67101,1.33,2.52
2014.06.04 08:09:01.615,1.67094,1.67102,1.32,1.50
2014.06.04 08:09:02.165,1.67095,1.67103,1.25,2.22
2014.06.04 08:09:02.670,1.67096,1.67103,1.00,2.52
2014.06.04 08:09:02.873,1.67096,1.67103,1.00,2.14
2014.06.04 08:09:03.555,1.67095,1.67103,1.77,2.14
2014.06.04 08:09:03.909,1.67098,1.67103,1.00,1.50
2014.06.04 08:09:04.610,1.67098,1.67104,1.00,1.25
2014.06.04 08:09:06.044,1.67098,1.67105,1.00,2.22
2014.06.04 08:09:06.549,1.67099,1.67104,1.00,1.25
2014.06.04 08:09:06.853,1.67101,1.67103,1.00,1.50
2014.06.04 08:09:06.910,1.67096,1.67103,1.50,1.50
2014.06.04 08:09:07.012,1.67096,1.671,1.00,1.50
2014.06.04 08:09:07.163,1.67091,1.67098,1.37,1.50
2014.06.04 08:09:07.216,1.6709,1.67096,1.10,1.19
2014.06.04 08:09:07.722,1.67089,1.67095,1.00,1.50
2014.06.04 08:09:08.126,1.67091,1.67095,1.00,1.00
2014.06.04 08:09:08.582,1.67089,1.67096,1.10,1.25
2014.06.04 08:09:09.114,1.67089,1.67097,1.02,1.39
2014.06.04 08:09:09.655,1.67089,1.67097,1.33,1.25
2014.06.04 08:09:10.217,1.67088,1.67098,2.52,1.02
2014.06.04 08:09:11.297,1.67088,1.67099,2.14,4.39
2014.06.04 08:09:11.746,1.67092,1.67099,1.00,3.64
2014.06.04 08:09:11.898,1.67088,1.67095,1.02,1.00
2014.06.04 08:09:11.949,1.67087,1.67091,1.58,1.50
2014.06.04 08:09:12.051,1.67084,1.67091,2.07,1.65
2014.06.04 08:09:12.562,1.67085,1.67091,1.00,1.65
2014.06.04 08:09:13.067,1.67085,1.67091,1.00,2.44
2014.06.04 08:09:14.091,1.67087,1.67091,1.00,2.44
2014.06.04 08:09:14.294,1.67089,1.67095,1.00,1.77
2014.06.04 08:09:14.396,1.67092,1.67095,1.00,1.25
2014.06.04 08:09:14.649,1.6709,1.67095,1.00,1.25
2014.06.04 08:09:15.356,1.6709,1.67097,1.00,2.97
2014.06.04 08:09:15.760,1.67092,1.67097,1.00,2.22
2014.06.04 08:09:16.376,1.67088,1.67097,1.02,1.77
2014.06.04 08:09:16.918,1.67088,1.67094,1.02,1.00
2014.06.04 08:09:17.391,1.67089,1.67097,1.00,2.14
2014.06.04 08:09:17.896,1.6709,1.67097,1.00,2.14
2014.06.04 08:09:23.675,1.67089,1.67096,1.00,1.25
2014.06.04 08:09:24.557,1.6709,1.67096,1.00,1.25
2014.06.04 08:09:24.811,1.67092,1.67096,1.00,1.25
2014.06.04 08:09:25.342,1.6709,1.67096,1.10,1.25
2014.06.04 08:09:26.326,1.67091,1.67096,1.00,1.25
2014.06.04 08:09:28.524,1.6709,1.67096,1.00,1.25
2014.06.04 08:09:34.354,1.67094,1.67097,1.00,1.00
2014.06.04 08:09:34.709,1.67096,1.67102,1.50,2.25
2014.06.04 08:09:34.760,1.67099,1.67104,1.00,1.32
2014.06.04 08:09:34.811,1.67096,1.67104,2.33,1.19
2014.06.04 08:09:34.918,1.67099,1.67105,1.00,1.19
2014.06.04 08:09:35.129,1.67097,1.67105,1.25,1.19
2014.06.04 08:09:35.384,1.67099,1.67105,1.00,1.19
2014.06.04 08:09:36.609,1.671,1.67105,1.00,1.19
2014.06.04 08:09:36.978,1.67097,1.67105,1.25,1.25
2014.06.04 08:09:37.552,1.67098,1.67105,1.00,1.25
2014.06.04 08:09:38.070,1.67099,1.67105,1.00,1.25
2014.06.04 08:09:38.234,1.67099,1.67102,1.00,1.00
2014.06.04 08:09:38.436,1.6709,1.67097,1.69,1.13
2014.06.04 08:09:38.588,1.67089,1.67093,5.40,1.25
2014.06.04 08:09:38.945,1.67087,1.67093,1.00,1.84
2014.06.04 08:09:39.149,1.67084,1.67093,1.77,1.65
2014.06.04 08:09:39.607,1.67087,1.67093,1.00,1.18
2014.06.04 08:09:39.810,1.67086,1.67094,1.10,1.10
2014.06.04 08:09:39.861,1.67086,1.67095,1.20,1.69
2014.06.04 08:09:40.370,1.6709,1.67095,1.00,1.25
2014.06.04 08:09:41.119,1.67087,1.67095,1.08,2.82
2014.06.04 08:09:41.272,1.67086,1.67093,1.18,1.19
2014.06.04 08:09:41.577,1.67083,1.67088,1.38,1.69
2014.06.04 08:09:41.679,1.67083,1.67088,1.00,1.84
2014.06.04 08:09:41.931,1.67085,1.67088,1.00,1.77
2014.06.04 08:09:42.084,1.67084,1.67088,1.00,1.77
2014.06.04 08:09:43.507,1.67084,1.67087,1.00,1.19
2014.06.04 08:09:43.608,1.6708,1.67087,2.25,1.19
2014.06.04 08:09:44.687,1.67079,1.67082,1.58,1.00
2014.06.04 08:09:44.790,1.67073,1.67081,1.44,1.58
2014.06.04 08:09:44.993,1.67073,1.67081,1.59,2.89
2014.06.04 08:09:45.314,1.67076,1.6708,1.00,1.65
2014.06.04 08:09:45.573,1.67074,1.6708,1.09,1.65
2014.06.04 08:09:46.078,1.67075,1.67081,1.00,1.25
2014.06.04 08:09:46.129,1.67077,1.67081,1.00,1.25
2014.06.04 08:09:46.230,1.67079,1.67085,1.00,1.84
2014.06.04 08:09:46.331,1.67077,1.67085,1.10,1.02
2014.06.04 08:09:46.543,1.67079,1.67085,1.00,1.02
2014.06.04 08:09:49.665,1.67082,1.67085,1.00,1.25
2014.06.04 08:09:50.238,1.67082,1.67087,1.00,1.84
2014.06.04 08:09:50.888,1.67083,1.67087,1.00,1.84
2014.06.04 08:09:51.722,1.67076,1.67083,2.33,1.13
2014.06.04 08:09:51.874,1.67074,1.67082,3.15,1.83
2014.06.04 08:09:52.076,1.67075,1.67081,1.00,2.52
2014.06.04 08:09:52.581,1.67072,1.6708,2.78,1.58
2014.06.04 08:09:52.834,1.67068,1.67077,2.33,1.18
2014.06.04 08:09:53.188,1.67072,1.67078,1.00,1.77
2014.06.04 08:09:53.491,1.67076,1.67081,1.00,2.63
2014.06.04 08:09:53.643,1.67076,1.67083,1.25,1.48
2014.06.04 08:09:54.200,1.67079,1.67084,1.00,1.84
2014.06.04 08:09:54.986,1.67077,1.67084,1.00,1.09
2014.06.04 08:09:55.239,1.67078,1.67086,1.00,1.84
2014.06.04 08:09:55.643,1.67082,1.67086,1.00,1.10
2014.06.04 08:09:56.152,1.67083,1.67088,1.00,1.69
2014.06.04 08:09:56.304,1.67079,1.67087,1.00,1.39
2014.06.04 08:09:56.658,1.67081,1.67087,1.00,1.39
2014.06.04 08:09:56.860,1.67077,1.67084,2.14,1.00
2014.06.04 08:09:56.962,1.67076,1.67083,1.29,1.38
2014.06.04 08:09:57.265,1.67072,1.67079,1.38,1.33
2014.06.04 08:09:57.417,1.67072,1.6708,1.00,1.84
2014.06.04 08:09:57.927,1.67073,1.67079,1.00,1.25
2014.06.04 08:09:59.273,1.67074,1.67079,1.00,1.00
2014.06.04 08:09:59.945,1.67074,1.67081,1.00,1.29
2014.06.04 08:10:00.450,1.67072,1.67081,1.84,1.77
2014.06.04 08:10:00.501,1.6707,1.67076,2.55,2.66
2014.06.04 08:10:00.703,1.67057,1.67069,3.17,6.07
2014.06.04 08:10:00.754,1.67057,1.67064,1.58,1.27
2014.06.04 08:10:01.158,1.6706,1.67064,1.00,1.39
2014.06.04 08:10:01.514,1.67059,1.67065,1.00,1.40
2014.06.04 08:10:01.565,1.67061,1.67065,1.00,1.40
2014.06.04 08:10:01.717,1.67057,1.67065,1.69,2.59
2014.06.04 08:10:05.717,1.67057,1.67065,1.50,1.25
2014.06.04 08:10:09.497,1.67057,1.67065,1.95,1.00
2014.06.04 08:10:10.203,1.67058,1.67067,1.18,1.39
2014.06.04 08:10:10.405,1.6706,1.6707,1.13,2.14
2014.06.04 08:10:10.507,1.67061,1.67069,1.69,1.25
2014.06.04 08:10:10.709,1.67061,1.6707,1.40,1.19
2014.06.04 08:10:10.911,1.67063,1.6707,1.08,1.19
2014.06.04 08:10:11.480,1.67063,1.67071,1.40,1.19
2014.06.04 08:10:12.354,1.67063,1.67074,2.82,3.27
2014.06.04 08:10:12.860,1.67067,1.67074,1.20,1.25
2014.06.04 08:10:12.911,1.67067,1.67074,1.20,1.25
2014.06.04 08:10:13.466,1.67069,1.67076,1.10,2.07
2014.06.04 08:10:13.979,1.67068,1.67076,1.20,1.25
2014.06.04 08:10:14.292,1.67068,1.67076,1.02,1.25
2014.06.04 08:10:14.960,1.67068,1.67076,1.39,1.69
2014.06.04 08:10:16.273,1.67068,1.67076,1.02,1.69
2014.06.04 08:10:17.063,1.67068,1.67075,1.02,1.00
2014.06.04 08:10:22.077,1.67068,1.67077,1.77,1.69
2014.06.04 08:10:23.069,1.67068,1.67077,1.02,1.25
2014.06.04 08:10:23.321,1.67068,1.67074,1.02,1.00
2014.06.04 08:10:23.649,1.67068,1.67078,1.02,2.89
2014.06.04 08:10:25.799,1.67068,1.67078,2.52,2.39
2014.06.04 08:10:27.817,1.67068,1.67077,1.77,1.69
2014.06.04 08:10:32.237,1.6707,1.67077,1.00,1.25
2014.06.04 08:10:34.832,1.6707,1.67078,1.25,1.02
2014.06.04 08:10:38.438,1.67069,1.67077,1.00,2.07
2014.06.04 08:10:38.749,1.67067,1.67074,1.10,4.17
2014.06.04 08:10:39.936,1.67067,1.67073,1.00,1.25
2014.06.04 08:10:41.948,1.67068,1.67073,1.00,1.25
2014.06.04 08:10:42.460,1.67068,1.67072,1.00,1.50
2014.06.04 08:10:43.056,1.67067,1.67072,1.00,2.44
2014.06.04 08:10:43.157,1.67064,1.67072,1.25,2.44
2014.06.04 08:10:44.264,1.67067,1.67072,1.00,1.69
2014.06.04 08:10:45.223,1.67066,1.67072,1.00,2.44
2014.06.04 08:10:47.137,1.67066,1.67072,1.00,2.52
2014.06.04 08:10:47.650,1.67066,1.67071,1.00,1.09
2014.06.04 08:10:48.164,1.67065,1.67072,1.00,2.97
2014.06.04 08:10:48.743,1.67064,1.67072,1.25,2.97
2014.06.04 08:10:49.047,1.67064,1.67069,1.00,1.28
2014.06.04 08:10:49.350,1.67062,1.67069,1.19,1.58
2014.06.04 08:10:49.401,1.67061,1.67068,1.00,1.28
2014.06.04 08:10:50.167,1.67061,1.67068,1.00,3.27
2014.06.04 08:10:51.149,1.67061,1.67068,1.00,2.97
2014.06.04 08:10:51.857,1.6706,1.67068,1.00,2.14
2014.06.04 08:10:52.414,1.67059,1.67068,1.77,2.14
2014.06.04 08:10:53.524,1.67059,1.67067,1.02,1.29
2014.06.04 08:10:53.978,1.67058,1.67066,1.00,2.52
2014.06.04 08:10:54.496,1.67058,1.67066,1.00,2.97
2014.06.04 08:10:54.799,1.6706,1.67066,1.00,2.89
2014.06.04 08:10:55.455,1.6706,1.67066,1.00,4.32
2014.06.04 08:10:55.959,1.6706,1.67065,1.00,1.00
2014.06.04 08:10:57.920,1.67058,1.67066,1.00,4.47
2014.06.04 08:10:58.072,1.67058,1.67066,1.00,4.84
2014.06.04 08:10:58.577,1.67058,1.67064,1.00,2.44
2014.06.04 08:10:59.327,1.67057,1.67062,1.00,1.57
2014.06.04 08:10:59.633,1.67049,1.67059,1.77,1.58
2014.06.04 08:10:59.684,1.67052,1.67059,1.00,1.58
2014.06.04 08:11:00.204,1.67053,1.67058,1.00,1.39
2014.06.04 08:11:00.257,1.67046,1.67053,1.84,1.00
2014.06.04 08:11:00.307,1.67046,1.67053,1.54,1.00
2014.06.04 08:11:00.409,1.6705,1.67055,1.00,1.20
2014.06.04 08:11:00.762,1.67046,1.67055,1.92,28.88
2014.06.04 08:11:00.864,1.67046,1.67053,1.13,1.00
2014.06.04 08:11:01.167,1.67045,1.6705,1.00,1.57
2014.06.04 08:11:01.469,1.67043,1.67048,1.00,1.29
2014.06.04 08:11:01.983,1.67042,1.67048,1.00,1.39
2014.06.04 08:11:02.311,1.67039,1.67047,1.29,1.10
2014.06.04 08:11:02.413,1.6704,1.6705,1.00,2.63
2014.06.04 08:11:02.563,1.6704,1.67051,2.09,2.22
2014.06.04 08:11:02.668,1.6704,1.67051,2.02,2.07
2014.06.04 08:11:02.895,1.6704,1.67051,2.45,2.07
2014.06.04 08:11:03.406,1.67041,1.67051,2.69,2.07
2014.06.04 08:11:03.660,1.67041,1.67051,3.07,1.69
2014.06.04 08:11:04.024,1.67041,1.67051,3.22,1.09
2014.06.04 08:11:04.074,1.67043,1.67051,1.00,1.09
2014.06.04 08:11:04.580,1.67043,1.67053,2.58,1.50
2014.06.04 08:11:05.828,1.67045,1.67054,1.19,1.77
2014.06.04 08:11:05.879,1.67045,1.67054,1.29,1.09
2014.06.04 08:11:06.411,1.67047,1.67054,1.00,1.09
2014.06.04 08:11:07.286,1.67046,1.67054,1.25,1.09
2014.06.04 08:11:07.787,1.67046,1.67055,1.25,1.84
2014.06.04 08:11:07.939,1.67048,1.67055,1.00,1.37
2014.06.04 08:11:08.374,1.67046,1.67055,2.52,2.59
2014.06.04 08:11:08.786,1.67047,1.67053,1.00,1.09
2014.06.04 08:11:09.192,1.67047,1.67056,1.00,3.27
2014.06.04 08:11:09.699,1.67048,1.67056,1.00,1.47
2014.06.04 08:11:14.063,1.67046,1.67055,2.44,1.02
2014.06.04 08:11:15.299,1.67047,1.67057,2.00,2.97
2014.06.04 08:11:15.602,1.67051,1.67057,1.00,1.77
2014.06.04 08:11:15.904,1.67049,1.67057,1.00,1.77
2014.06.04 08:11:16.417,1.6705,1.67057,1.00,1.09
2014.06.04 08:11:16.672,1.67052,1.67057,1.00,1.09
2014.06.04 08:11:17.197,1.67053,1.67057,1.00,1.09
2014.06.04 08:11:17.602,1.67052,1.67061,2.52,1.02
2014.06.04 08:11:17.754,1.67055,1.67062,1.19,1.08
2014.06.04 08:11:18.012,1.67055,1.67063,1.77,1.10
2014.06.04 08:11:18.574,1.67057,1.67064,1.00,1.09
2014.06.04 08:11:19.750,1.67056,1.67065,1.19,1.02
2014.06.04 08:11:20.744,1.67056,1.67065,1.29,1.09
2014.06.04 08:11:21.524,1.67057,1.67065,1.25,2.14
2014.06.04 08:11:21.626,1.67056,1.6706,1.19,1.00
2014.06.04 08:11:21.829,1.67051,1.67058,1.69,1.20
2014.06.04 08:11:21.931,1.67051,1.67058,1.69,1.10
2014.06.04 08:11:21.981,1.67054,1.67058,1.00,1.10
2014.06.04 08:11:22.261,1.67054,1.67062,1.69,1.18
2014.06.04 08:11:22.365,1.67054,1.67063,1.84,1.69
2014.06.04 08:11:22.871,1.67055,1.67064,1.19,3.34
2014.06.04 08:11:23.124,1.67057,1.67064,1.00,1.39
2014.06.04 08:11:23.629,1.67058,1.67065,1.25,1.50
2014.06.04 08:11:23.832,1.67058,1.67066,1.25,1.77
2014.06.04 08:11:24.236,1.67057,1.67064,1.00,2.14
2014.06.04 08:11:24.796,1.67056,1.67063,1.69,1.65
2014.06.04 08:11:26.910,1.67056,1.67064,1.00,4.32
2014.06.04 08:11:27.213,1.67055,1.67064,1.00,6.94
2014.06.04 08:11:27.516,1.67057,1.67063,1.00,2.25
2014.06.04 08:11:28.823,1.67054,1.67061,1.25,1.20
2014.06.04 08:11:28.925,1.67052,1.67056,2.03,1.50
2014.06.04 08:11:29.077,1.67047,1.67055,1.00,1.18
2014.06.04 08:11:29.127,1.67046,1.67055,1.02,1.45
2014.06.04 08:11:29.431,1.67045,1.67054,1.19,2.25
2014.06.04 08:11:30.197,1.67045,1.67053,1.00,1.45
2014.06.04 08:11:30.818,1.67045,1.67054,1.50,2.52
2014.06.04 08:11:31.568,1.67046,1.67054,1.19,2.33
2014.06.04 08:11:32.107,1.67048,1.67055,1.00,3.64
2014.06.04 08:11:32.410,1.67052,1.67057,1.00,2.07
2014.06.04 08:11:32.778,1.67051,1.67058,1.25,3.00
2014.06.04 08:11:32.829,1.67054,1.67058,1.00,2.70
2014.06.04 08:11:32.883,1.67055,1.67058,1.00,2.40
2014.06.04 08:11:33.085,1.67055,1.67059,1.00,1.50
2014.06.04 08:11:33.136,1.67053,1.67059,1.00,1.45
2014.06.04 08:11:33.187,1.67053,1.67061,1.00,2.07
2014.06.04 08:11:33.339,1.67055,1.67061,1.00,2.07
2014.06.04 08:11:33.882,1.67054,1.67061,1.00,2.07
2014.06.04 08:11:34.630,1.67054,1.6706,1.00,2.52
2014.06.04 08:11:34.991,1.67055,1.67059,1.00,1.20
2014.06.04 08:11:35.144,1.67052,1.67059,1.00,1.60
2014.06.04 08:11:35.349,1.67049,1.67059,1.77,1.30
2014.06.04 08:11:35.813,1.67051,1.67059,1.19,1.95
2014.06.04 08:11:36.238,1.67053,1.6706,1.00,1.84
2014.06.04 08:11:36.808,1.67053,1.6706,1.10,1.69
2014.06.04 08:11:37.625,1.67056,1.6706,1.00,1.69
2014.06.04 08:11:38.396,1.67054,1.6706,1.10,1.25
2014.06.04 08:11:38.952,1.67053,1.67061,1.39,1.69
2014.06.04 08:11:39.256,1.67052,1.67061,1.84,1.69
2014.06.04 08:11:39.812,1.67052,1.67061,2.44,1.69
2014.06.04 08:11:40.560,1.67051,1.67058,2.44,1.00
2014.06.04 08:11:40.712,1.67049,1.67055,1.48,1.00
2014.06.04 08:11:40.814,1.67052,1.67055,1.00,1.00
2014.06.04 08:11:40.916,1.67046,1.67055,1.09,1.88
2014.06.04 08:11:41.169,1.67047,1.67055,2.07,1.69
2014.06.04 08:11:41.677,1.67047,1.67055,1.69,1.25
2014.06.04 08:11:42.182,1.67049,1.67056,1.20,1.00
2014.06.04 08:11:42.718,1.67047,1.67057,2.00,1.69
2014.06.04 08:11:43.224,1.67051,1.67058,1.18,1.69
2014.06.04 08:11:44.140,1.67051,1.67059,1.18,2.03
2014.06.04 08:11:44.673,1.67053,1.67059,1.10,2.03
2014.06.04 08:11:45.186,1.67052,1.67059,1.18,1.28
2014.06.04 08:11:45.700,1.67052,1.67061,2.07,1.84
2014.06.04 08:11:45.802,1.67052,1.67062,2.82,2.44
2014.06.04 08:11:46.309,1.67054,1.67063,2.14,1.19
2014.06.04 08:11:48.317,1.67056,1.67065,1.10,3.19
2014.06.04 08:11:48.570,1.67058,1.67065,1.00,3.34
2014.06.04 08:11:49.075,1.67058,1.67063,1.00,1.19
2014.06.04 08:11:49.125,1.67055,1.67063,1.09,1.19
2014.06.04 08:11:49.630,1.67054,1.67063,2.14,1.29
2014.06.04 08:11:49.862,1.67054,1.6706,1.27,1.50
2014.06.04 08:11:50.015,1.67053,1.67059,1.02,1.50
2014.06.04 08:11:50.066,1.67051,1.67058,1.20,1.38
2014.06.04 08:11:50.117,1.67051,1.67056,1.20,1.25
2014.06.04 08:11:50.334,1.67048,1.67056,1.02,3.27
2014.06.04 08:11:50.966,1.67049,1.67056,1.00,1.77
2014.06.04 08:11:51.320,1.6705,1.67058,1.02,2.52
2014.06.04 08:11:52.186,1.6705,1.67058,1.25,2.89
2014.06.04 08:11:52.388,1.67053,1.67058,1.00,1.20
2014.06.04 08:11:52.792,1.67052,1.67055,1.00,1.50
2014.06.04 08:11:53.096,1.67042,1.6705,1.69,2.82
2014.06.04 08:11:53.399,1.67039,1.67047,1.19,5.25
2014.06.04 08:11:53.501,1.67039,1.67047,1.19,5.25
2014.06.04 08:11:53.855,1.67037,1.67044,1.25,2.63
2014.06.04 08:11:54.006,1.67035,1.67041,2.44,2.25
2014.06.04 08:11:54.108,1.67033,1.67041,1.25,2.25
2014.06.04 08:11:54.324,1.67031,1.6704,2.25,3.19
2014.06.04 08:11:54.375,1.67027,1.67036,2.40,1.18
2014.06.04 08:11:54.431,1.67027,1.67036,2.40,2.14
2014.06.04 08:11:54.532,1.67027,1.67036,2.40,1.84
2014.06.04 08:11:55.038,1.67029,1.67037,1.69,1.09
2014.06.04 08:11:55.599,1.67029,1.67037,1.25,1.39
2014.06.04 08:11:55.852,1.67031,1.67039,1.25,1.69
2014.06.04 08:11:56.054,1.67031,1.67039,1.25,1.39
2014.06.04 08:11:56.307,1.67034,1.6704,1.00,1.94
2014.06.04 08:11:56.786,1.67035,1.6704,1.00,1.39
2014.06.04 08:11:57.342,1.67035,1.6704,1.00,1.18
2014.06.04 08:11:57.854,1.67035,1.6704,1.00,1.00
2014.06.04 08:11:58.705,1.67035,1.67041,1.00,1.39
2014.06.04 08:11:59.036,1.67035,1.6704,1.00,1.19
2014.06.04 08:11:59.238,1.67028,1.67036,1.10,1.20
2014.06.04 08:11:59.390,1.67032,1.67036,1.00,1.20
2014.06.04 08:11:59.693,1.67034,1.67037,1.00,1.13
2014.06.04 08:11:59.743,1.67034,1.6704,1.00,1.85
2014.06.04 08:12:00.175,1.67033,1.6704,1.77,1.00
2014.06.04 08:12:00.277,1.67035,1.67042,1.02,1.50
2014.06.04 08:12:00.378,1.67039,1.67042,1.00,1.00
2014.06.04 08:12:00.530,1.67036,1.67045,1.77,3.34
2014.06.04 08:12:00.631,1.67038,1.67045,1.18,1.69
2014.06.04 08:12:00.952,1.67037,1.67044,1.00,2.22
2014.06.04 08:12:01.256,1.67036,1.67045,2.44,1.32
2014.06.04 08:12:01.995,1.67036,1.67043,2.44,1.00
2014.06.04 08:12:02.298,1.67028,1.67036,4.13,1.63
2014.06.04 08:12:02.349,1.67028,1.67038,4.69,1.50
2014.06.04 08:12:02.450,1.67034,1.6704,1.00,1.10
2014.06.04 08:12:02.501,1.67034,1.67043,1.20,1.69
2014.06.04 08:12:03.007,1.67035,1.67044,1.25,3.34
2014.06.04 08:12:03.675,1.67035,1.67044,1.29,1.84
2014.06.04 08:12:06.757,1.67036,1.67044,1.02,1.09
2014.06.04 08:12:07.264,1.67037,1.67044,1.10,1.25
2014.06.04 08:12:07.672,1.67039,1.67046,1.00,2.22
2014.06.04 08:12:08.003,1.67042,1.67046,1.00,1.69
2014.06.04 08:12:08.339,1.6704,1.67046,1.00,1.25
2014.06.04 08:12:08.390,1.6704,1.67048,1.13,1.19
2014.06.04 08:12:08.593,1.67044,1.67053,1.39,1.69
2014.06.04 08:12:09.098,1.67049,1.67053,1.00,1.69
2014.06.04 08:12:09.611,1.6705,1.67054,1.00,1.77
2014.06.04 08:12:09.662,1.67048,1.67054,1.00,1.77
2014.06.04 08:12:09.923,1.67047,1.67049,1.00,1.25
2014.06.04 08:12:10.142,1.67042,1.67048,1.00,1.39
2014.06.04 08:12:10.649,1.67041,1.67048,1.00,2.44
2014.06.04 08:12:11.187,1.67041,1.67046,1.00,1.39
2014.06.04 08:12:11.392,1.6704,1.67044,1.00,1.08
2014.06.04 08:12:11.443,1.67036,1.67043,1.10,1.58
2014.06.04 08:12:11.948,1.67034,1.67042,1.29,1.10
2014.06.04 08:12:12.472,1.67033,1.67042,1.09,1.77
2014.06.04 08:12:12.784,1.67033,1.67039,1.25,1.50
2014.06.04 08:12:12.885,1.67033,1.67041,2.07,1.69
2014.06.04 08:12:13.087,1.67036,1.67043,1.00,2.59
2014.06.04 08:12:13.341,1.67039,1.6705,2.93,3.83
2014.06.04 08:12:13.543,1.67041,1.6705,1.37,1.02
2014.06.04 08:12:14.099,1.67044,1.6705,1.00,1.09
2014.06.04 08:12:14.604,1.67045,1.6705,1.00,1.25
2014.06.04 08:12:14.908,1.67041,1.67047,1.00,3.94
2014.06.04 08:12:15.060,1.67038,1.67047,1.69,5.44
2014.06.04 08:12:15.386,1.67041,1.67046,1.00,1.13
2014.06.04 08:12:15.941,1.67041,1.67045,1.00,1.33
2014.06.04 08:12:16.248,1.67035,1.67041,1.20,1.00
2014.06.04 08:12:16.299,1.67031,1.6704,1.38,1.50
2014.06.04 08:12:16.605,1.67028,1.67034,1.50,1.09
2014.06.04 08:12:16.707,1.67026,1.67034,1.25,1.70
2014.06.04 08:12:17.061,1.67027,1.67034,1.00,1.02
2014.06.04 08:12:19.161,1.67028,1.67035,1.00,1.47
2014.06.04 08:12:19.363,1.67026,1.67029,1.10,1.30
2014.06.04 08:12:19.466,1.67019,1.67028,1.00,4.95
2014.06.04 08:12:19.567,1.67022,1.67024,1.00,1.25
2014.06.04 08:12:19.771,1.67022,1.67028,1.00,3.83
2014.06.04 08:12:19.876,1.67024,1.67031,1.53,1.95
2014.06.04 08:12:20.130,1.67028,1.67035,1.00,1.25
2014.06.04 08:12:20.590,1.6703,1.67035,1.00,1.25
2014.06.04 08:12:21.013,1.6703,1.67037,1.00,1.09
2014.06.04 08:12:21.417,1.67031,1.67041,1.02,1.39
2014.06.04 08:12:21.782,1.67033,1.67042,1.25,1.69
2014.06.04 08:12:22.102,1.67035,1.67042,1.00,1.69
2014.06.04 08:12:22.607,1.67037,1.67042,1.38,1.13
2014.06.04 08:12:22.759,1.67037,1.67047,1.88,1.47
2014.06.04 08:12:22.860,1.67037,1.67046,1.77,1.25
2014.06.04 08:12:23.392,1.67039,1.67046,1.00,1.69
2014.06.04 08:12:23.594,1.67041,1.67046,1.00,1.84
2014.06.04 08:12:24.368,1.6704,1.67046,1.00,1.84
2014.06.04 08:12:24.917,1.67039,1.67045,1.00,1.32
2014.06.04 08:12:24.972,1.67037,1.67045,1.25,1.25
2014.06.04 08:12:25.501,1.67037,1.67045,1.25,1.33
2014.06.04 08:12:25.603,1.67036,1.67039,1.19,1.00
2014.06.04 08:12:25.705,1.67031,1.67036,1.08,1.33
2014.06.04 08:12:25.807,1.67031,1.67036,1.00,1.63
2014.06.04 08:12:25.908,1.67027,1.67034,1.00,1.32
2014.06.04 08:12:26.261,1.67028,1.67036,1.00,2.59
2014.06.04 08:12:26.581,1.67031,1.67035,1.00,1.50
2014.06.04 08:12:27.126,1.67032,1.67035,1.00,1.50
2014.06.04 08:12:27.667,1.67031,1.67034,1.00,1.50
2014.06.04 08:12:27.869,1.67028,1.67037,1.00,3.64
2014.06.04 08:12:28.123,1.67028,1.67037,1.69,3.34
2014.06.04 08:12:28.628,1.6703,1.67037,1.00,3.34
2014.06.04 08:12:29.781,1.6703,1.67037,1.00,2.22
2014.06.04 08:12:34.725,1.6703,1.67038,1.10,1.84
2014.06.04 08:12:34.849,1.67033,1.67038,1.00,1.77
2014.06.04 08:12:34.951,1.67033,1.67039,1.00,1.77
2014.06.04 08:12:35.457,1.67033,1.67041,1.58,1.29
2014.06.04 08:12:36.063,1.67033,1.67042,2.52,1.37
2014.06.04 08:12:36.484,1.67034,1.67043,1.77,1.37
2014.06.04 08:12:36.737,1.67035,1.67044,1.09,2.33
2014.06.04 08:12:37.664,1.67035,1.67044,1.09,2.33
2014.06.04 08:12:38.118,1.67037,1.67043,1.00,1.29
2014.06.04 08:12:38.220,1.67037,1.67044,1.00,2.25
2014.06.04 08:12:38.726,1.67036,1.67044,1.00,2.40
2014.06.04 08:12:42.365,1.67036,1.67043,1.00,1.19
2014.06.04 08:12:42.416,1.67034,1.67043,1.84,1.19
2014.06.04 08:12:42.568,1.67035,1.67044,1.19,3.34
2014.06.04 08:12:42.870,1.67034,1.67041,1.39,1.00
2014.06.04 08:12:43.022,1.67031,1.6704,1.69,1.39
2014.06.04 08:12:43.124,1.67034,1.6704,1.00,1.39
2014.06.04 08:12:43.629,1.67034,1.67039,1.00,1.09
2014.06.04 08:12:44.852,1.67029,1.67038,1.84,2.52
2014.06.04 08:12:45.416,1.67031,1.67038,1.00,2.52
2014.06.04 08:12:48.079,1.67035,1.67039,1.00,1.93
2014.06.04 08:12:48.586,1.67035,1.67039,1.00,1.28
2014.06.04 08:12:49.095,1.67035,1.67039,1.00,1.20
2014.06.04 08:12:52.336,1.67035,1.67039,1.00,1.02
2014.06.04 08:12:53.984,1.67035,1.6704,1.00,1.47
2014.06.04 08:12:54.138,1.67034,1.6704,1.18,1.25
2014.06.04 08:12:54.341,1.67038,1.67041,1.00,2.07
2014.06.04 08:12:54.971,1.67037,1.67041,1.00,2.07
2014.06.04 08:12:55.125,1.67035,1.67039,1.00,1.77
2014.06.04 08:12:55.328,1.67031,1.67041,2.93,2.40
2014.06.04 08:12:55.429,1.67034,1.67041,1.02,1.50
2014.06.04 08:12:55.732,1.67035,1.67043,2.14,1.50
2014.06.04 08:12:56.252,1.67035,1.67044,1.77,1.02
2014.06.04 08:12:56.775,1.67037,1.67044,1.10,1.25
2014.06.04 08:12:57.442,1.6704,1.67044,1.00,1.02
2014.06.04 08:12:57.645,1.67037,1.67044,1.50,1.02
2014.06.04 08:12:58.063,1.67039,1.67044,1.00,1.25
2014.06.04 08:12:58.589,1.67039,1.67045,1.00,2.44
2014.06.04 08:13:00.615,1.6704,1.67046,1.00,1.10
2014.06.04 08:13:00.918,1.67042,1.67047,1.00,1.77
2014.06.04 08:13:01.423,1.67043,1.67047,1.00,1.84
2014.06.04 08:13:01.876,1.67041,1.67047,1.00,1.84
2014.06.04 08:13:02.421,1.67042,1.67047,1.00,1.84
2014.06.04 08:13:03.572,1.67043,1.67047,1.00,1.09
2014.06.04 08:13:05.213,1.67041,1.67047,1.00,1.84
2014.06.04 08:13:05.524,1.67038,1.67047,1.69,2.14
2014.06.04 08:13:06.081,1.67036,1.67045,1.39,1.50
2014.06.04 08:13:06.629,1.67035,1.67044,4.02,1.25
2014.06.04 08:13:07.326,1.67036,1.67045,1.37,1.02
2014.06.04 08:13:07.731,1.67039,1.67045,1.00,2.52
2014.06.04 08:13:08.236,1.67036,1.67042,1.27,1.50
2014.06.04 08:13:08.742,1.67035,1.67041,3.27,1.50
2014.06.04 08:13:08.843,1.67035,1.67043,3.27,1.50
2014.06.04 08:13:09.348,1.67035,1.67042,3.27,1.00
2014.06.04 08:13:10.120,1.67036,1.67043,1.33,2.25
2014.06.04 08:13:11.539,1.67035,1.67042,3.27,1.50
2014.06.04 08:13:11.590,1.67035,1.67044,3.72,1.25
2014.06.04 08:13:11.692,1.67036,1.67045,1.77,1.25
2014.06.04 08:13:12.198,1.67036,1.67045,1.37,1.02
2014.06.04 08:13:13.019,1.67036,1.67043,1.37,1.00
2014.06.04 08:13:13.121,1.67035,1.67042,2.25,1.25
2014.06.04 08:13:13.424,1.67035,1.67039,1.00,1.00
2014.06.04 08:13:14.040,1.67033,1.67039,1.84,1.00
2014.06.04 08:13:14.454,1.67033,1.67041,1.69,1.09
2014.06.04 08:13:14.959,1.67032,1.67041,1.29,1.09
2014.06.04 08:13:15.466,1.67034,1.67041,1.00,1.09
2014.06.04 08:13:15.981,1.67032,1.67041,2.89,1.09
2014.06.04 08:13:17.827,1.67032,1.67041,4.39,1.02
2014.06.04 08:13:18.162,1.67035,1.67041,1.00,1.25
2014.06.04 08:13:18.667,1.67035,1.67043,1.00,1.39
2014.06.04 08:13:20.100,1.67034,1.67043,1.10,1.39
2014.06.04 08:13:20.650,1.67035,1.67042,1.00,1.02
2014.06.04 08:13:21.187,1.67036,1.67042,1.00,1.02
2014.06.04 08:13:22.345,1.67031,1.6704,2.48,2.25
2014.06.04 08:13:22.649,1.67031,1.6704,1.08,2.82
2014.06.04 08:13:22.902,1.67029,1.6704,3.19,3.19
2014.06.04 08:13:23.307,1.67032,1.6704,1.00,2.14
2014.06.04 08:13:23.610,1.67034,1.67038,1.00,1.33
2014.06.04 08:13:23.840,1.6703,1.67038,1.69,1.33
2014.06.04 08:13:24.108,1.67034,1.6704,1.00,1.45
2014.06.04 08:13:24.159,1.67034,1.67041,1.10,1.13
2014.06.04 08:13:24.210,1.67034,1.67041,1.10,2.07
2014.06.04 08:13:24.463,1.67037,1.67043,1.50,1.10
2014.06.04 08:13:24.766,1.67037,1.67046,2.25,1.09
2014.06.04 08:13:24.867,1.67037,1.67044,2.25,1.00
2014.06.04 08:13:25.069,1.67038,1.67046,1.00,1.25
2014.06.04 08:13:25.617,1.67038,1.67043,1.00,1.00
2014.06.04 08:13:25.770,1.67035,1.67043,1.39,1.58
2014.06.04 08:13:26.226,1.67037,1.67045,1.09,1.02
2014.06.04 08:13:26.660,1.67038,1.67047,3.34,2.14
2014.06.04 08:13:27.166,1.67042,1.67048,1.50,1.09
2014.06.04 08:13:27.671,1.67042,1.67049,1.50,2.89
2014.06.04 08:13:27.924,1.6704,1.67048,1.69,1.39
2014.06.04 08:13:28.815,1.6704,1.67048,1.69,1.20
2014.06.04 08:13:29.265,1.6704,1.67048,2.52,1.10
2014.06.04 08:13:29.417,1.67043,1.67051,1.32,1.65
2014.06.04 08:13:29.723,1.67044,1.67053,2.52,1.10
2014.06.04 08:13:30.228,1.67046,1.67055,1.00,3.64
2014.06.04 08:13:30.683,1.67047,1.67056,1.20,2.14
2014.06.04 08:13:30.734,1.67048,1.67056,1.19,2.14
2014.06.04 08:13:30.936,1.67047,1.67056,1.09,1.69
2014.06.04 08:13:32.014,1.67047,1.67057,1.25,3.57
2014.06.04 08:13:32.663,1.67046,1.67057,3.34,4.77
2014.06.04 08:13:33.472,1.67046,1.67057,1.69,5.44
2014.06.04 08:13:33.975,1.67046,1.67057,1.69,5.82
2014.06.04 08:13:36.203,1.67047,1.67054,1.00,1.13
2014.06.04 08:13:36.254,1.67047,1.67054,1.00,2.33
2014.06.04 08:13:37.134,1.67046,1.67053,1.00,1.18
2014.06.04 08:13:38.393,1.67046,1.67052,1.00,1.29
2014.06.04 08:13:39.405,1.67046,1.67052,1.00,1.02
2014.06.04 08:13:39.630,1.67044,1.67052,1.58,1.02
2014.06.04 08:13:39.731,1.67043,1.67052,2.25,3.27
2014.06.04 08:13:40.034,1.67045,1.67052,1.00,3.27
2014.06.04 08:13:40.085,1.67043,1.67052,1.50,3.27
2014.06.04 08:13:40.596,1.67042,1.67052,2.52,3.27
2014.06.04 08:13:45.892,1.67042,1.67051,3.27,1.33
2014.06.04 08:13:49.242,1.67044,1.6705,1.00,1.02
2014.06.04 08:13:50.314,1.67042,1.6705,3.27,1.02
2014.06.04 08:13:50.365,1.67042,1.6705,1.69,2.44
2014.06.04 08:13:50.668,1.6704,1.67047,1.50,2.52
2014.06.04 08:13:50.719,1.67037,1.67047,1.84,2.52
2014.06.04 08:13:51.641,1.67037,1.67045,1.69,1.95
2014.06.04 08:13:53.443,1.67036,1.67043,1.10,1.25
2014.06.04 08:13:53.950,1.67036,1.67045,1.77,1.77
2014.06.04 08:13:54.523,1.67037,1.67045,1.00,1.77
2014.06.04 08:13:59.467,1.67037,1.67043,1.00,1.02
2014.06.04 08:13:59.971,1.67035,1.67043,2.44,1.09
2014.06.04 08:14:00.493,1.67035,1.67043,1.50,1.84
2014.06.04 08:14:02.760,1.67035,1.67044,2.59,1.77
2014.06.04 08:14:02.861,1.67038,1.67044,1.00,1.77
2014.06.04 08:14:03.380,1.67036,1.67044,1.10,1.29
2014.06.04 08:14:03.886,1.67037,1.67045,1.00,1.40
2014.06.04 08:14:04.498,1.67037,1.67045,1.02,1.10
2014.06.04 08:14:04.599,1.67037,1.67045,1.39,1.00
2014.06.04 08:14:05.285,1.67038,1.67045,1.10,1.00
2014.06.04 08:14:05.792,1.67038,1.67046,1.18,1.88
2014.06.04 08:14:06.095,1.67037,1.67043,1.25,1.00
2014.06.04 08:14:06.348,1.67037,1.67046,1.25,4.28
2014.06.04 08:14:06.697,1.67037,1.67043,1.25,1.10
2014.06.04 08:14:07.252,1.67037,1.67046,1.25,4.77
2014.06.04 08:14:07.772,1.67037,1.67046,2.44,3.64
2014.06.04 08:14:07.874,1.67037,1.67046,2.44,3.27
2014.06.04 08:14:08.379,1.67037,1.67045,2.44,1.00
2014.06.04 08:14:09.296,1.67037,1.67044,2.44,1.00
2014.06.04 08:14:10.747,1.67037,1.67046,2.52,3.72
2014.06.04 08:14:11.701,1.67037,1.67046,2.44,2.44
2014.06.04 08:14:12.210,1.67037,1.67046,1.69,1.88
2014.06.04 08:14:12.260,1.67039,1.67046,1.00,1.88
2014.06.04 08:14:13.342,1.67038,1.67046,1.00,1.88
2014.06.04 08:14:13.889,1.67036,1.67045,2.44,1.65
2014.06.04 08:14:14.970,1.67037,1.67043,1.00,1.38
2014.06.04 08:14:15.122,1.67034,1.67042,1.00,1.50
2014.06.04 08:14:15.173,1.67034,1.67036,1.00,1.50
2014.06.04 08:14:15.476,1.67028,1.67035,1.13,1.10
2014.06.04 08:14:15.998,1.67029,1.67038,2.44,2.89
2014.06.04 08:14:16.049,1.67029,1.67038,2.44,2.59
2014.06.04 08:14:16.555,1.67029,1.67036,2.44,1.00
2014.06.04 08:14:16.657,1.6703,1.67038,1.19,1.65
2014.06.04 08:14:17.162,1.6703,1.67037,2.07,1.00
2014.06.04 08:14:17.733,1.6703,1.6704,2.22,1.84
2014.06.04 08:14:18.239,1.6703,1.6704,2.22,1.69
2014.06.04 08:14:18.751,1.67032,1.6704,1.25,1.84
2014.06.04 08:14:19.451,1.67032,1.67039,1.25,1.00
2014.06.04 08:14:20.088,1.67031,1.67036,1.19,1.50
2014.06.04 08:14:20.291,1.6703,1.67037,1.25,1.20
2014.06.04 08:14:20.647,1.6703,1.67034,1.25,1.00
2014.06.04 08:14:21.144,1.6703,1.67039,1.25,3.72
2014.06.04 08:14:21.708,1.6703,1.6704,2.22,1.84
2014.06.04 08:14:22.221,1.6703,1.6704,2.14,1.77
2014.06.04 08:14:23.537,1.67032,1.6704,2.14,1.00
2014.06.04 08:14:24.049,1.67033,1.67041,1.10,1.10
2014.06.04 08:14:24.402,1.67034,1.67043,1.69,3.27
2014.06.04 08:14:24.554,1.67035,1.67043,1.02,1.02
2014.06.04 08:14:24.655,1.67038,1.67045,1.00,1.88
2014.06.04 08:14:24.958,1.67038,1.67046,1.00,1.84
2014.06.04 08:14:25.312,1.67039,1.67047,1.69,1.15
2014.06.04 08:14:25.927,1.67041,1.67047,1.69,1.10
2014.06.04 08:14:26.460,1.67042,1.6705,1.25,1.78
2014.06.04 08:14:26.864,1.67042,1.67044,1.25,1.50
2014.06.04 08:14:26.915,1.67039,1.67044,1.00,1.88
2014.06.04 08:14:27.118,1.67035,1.67042,1.29,1.38
2014.06.04 08:14:27.169,1.67035,1.67044,1.77,1.50
2014.06.04 08:14:27.219,1.67037,1.67044,2.44,1.00
2014.06.04 08:14:27.472,1.67038,1.67046,1.84,1.00
2014.06.04 08:14:27.624,1.6704,1.67048,1.19,1.00
2014.06.04 08:14:28.243,1.6704,1.67048,1.39,1.00
2014.06.04 08:14:28.771,1.67041,1.67049,1.02,1.39
2014.06.04 08:14:29.276,1.6704,1.67049,1.33,1.84
2014.06.04 08:14:29.579,1.67043,1.6705,1.37,1.00
2014.06.04 08:14:29.731,1.67045,1.67054,1.33,2.52
2014.06.04 08:14:30.263,1.67045,1.67052,1.33,1.00
2014.06.04 08:14:30.364,1.67045,1.67048,1.33,1.00
2014.06.04 08:14:30.519,1.6704,1.67047,1.69,1.08
2014.06.04 08:14:30.570,1.67038,1.67046,1.02,1.77
2014.06.04 08:14:31.109,1.67038,1.67044,1.25,1.00
2014.06.04 08:14:31.622,1.67037,1.67044,1.10,1.25
2014.06.04 08:14:32.127,1.67036,1.67044,1.39,1.25
2014.06.04 08:14:32.910,1.67036,1.67045,1.84,1.29
2014.06.04 08:14:33.468,1.67036,1.67045,2.44,2.14
2014.06.04 08:14:33.985,1.67036,1.67045,2.33,1.84
2014.06.04 08:14:34.728,1.67037,1.67045,1.50,1.84
2014.06.04 08:14:37.356,1.67037,1.67046,1.65,1.77
2014.06.04 08:14:37.862,1.67037,1.67046,1.65,1.77
2014.06.04 08:14:38.387,1.67037,1.67046,1.58,1.84
2014.06.04 08:14:39.591,1.67037,1.67046,1.29,1.84
2014.06.04 08:14:40.124,1.67037,1.67046,1.27,1.77
2014.06.04 08:14:40.363,1.67037,1.67042,1.19,1.00
2014.06.04 08:14:40.414,1.67036,1.67042,1.20,1.50
2014.06.04 08:14:40.717,1.67033,1.67041,2.25,1.10
2014.06.04 08:14:40.818,1.67033,1.67039,1.25,1.00
2014.06.04 08:14:41.122,1.67031,1.67039,1.25,2.52
2014.06.04 08:14:41.526,1.67032,1.6704,1.19,1.20
2014.06.04 08:14:41.630,1.67033,1.67042,1.69,2.89
2014.06.04 08:14:41.690,1.67033,1.67042,3.27,1.84
2014.06.04 08:14:41.892,1.67037,1.67043,1.00,1.25
2014.06.04 08:14:42.044,1.67037,1.67046,2.89,1.32
2014.06.04 08:14:42.590,1.6704,1.67048,1.69,1.09
2014.06.04 08:14:42.691,1.6704,1.67045,1.69,1.00
2014.06.04 08:14:42.894,1.67037,1.67045,2.44,1.20
2014.06.04 08:14:43.856,1.67037,1.67046,4.39,1.37
2014.06.04 08:14:46.339,1.67037,1.67041,2.89,1.00
2014.06.04 08:14:46.642,1.67031,1.67039,1.32,1.18
2014.06.04 08:14:46.900,1.67034,1.67039,1.19,1.00
2014.06.04 08:14:47.204,1.67034,1.67043,1.19,2.52
2014.06.04 08:14:48.646,1.67037,1.67043,1.50,1.39
2014.06.04 08:14:48.799,1.67039,1.67045,1.10,1.50
2014.06.04 08:14:49.305,1.6704,1.67046,1.77,1.00
2014.06.04 08:14:49.410,1.6704,1.67048,1.69,1.09
2014.06.04 08:14:49.562,1.67039,1.67047,2.44,1.20
2014.06.04 08:14:50.068,1.67039,1.67047,1.69,2.89
2014.06.04 08:14:50.647,1.67039,1.67047,1.69,1.84
2014.06.04 08:14:51.144,1.67037,1.67046,2.44,1.20
2014.06.04 08:14:51.682,1.67037,1.67045,2.44,1.00
2014.06.04 08:14:52.188,1.67037,1.67046,2.44,1.20
2014.06.04 08:14:53.136,1.67037,1.67046,3.19,2.14
2014.06.04 08:14:53.339,1.67036,1.67046,1.58,2.52
2014.06.04 08:14:53.642,1.67036,1.67043,3.00,1.08
2014.06.04 08:14:53.895,1.67036,1.67046,3.08,3.27
2014.06.04 08:14:54.412,1.67037,1.67046,1.50,2.22
2014.06.04 08:14:54.513,1.67037,1.67044,1.50,1.33
2014.06.04 08:14:54.743,1.67034,1.67043,2.52,1.08
2014.06.04 08:14:55.311,1.67034,1.67038,2.52,1.00
2014.06.04 08:14:55.564,1.67033,1.67043,1.69,2.14
2014.06.04 08:14:55.766,1.67037,1.67043,1.50,1.84
2014.06.04 08:14:55.828,1.67035,1.67043,1.50,1.84
2014.06.04 08:14:56.361,1.67036,1.67043,1.50,2.59
2014.06.04 08:14:57.225,1.67036,1.67044,2.25,2.52
2014.06.04 08:14:57.986,1.67036,1.67043,1.00,1.09
2014.06.04 08:14:58.188,1.67034,1.67041,1.10,1.19
2014.06.04 08:14:58.491,1.67033,1.67038,1.00,1.00
2014.06.04 08:14:58.815,1.67027,1.67035,1.88,2.44
2014.06.04 08:14:59.120,1.67026,1.67034,1.74,1.33
2014.06.04 08:14:59.425,1.67025,1.67031,1.80,1.18
2014.06.04 08:14:59.527,1.67025,1.67032,2.07,1.18
2014.06.04 08:15:00.033,1.67027,1.67034,1.00,1.25
2014.06.04 08:15:00.286,1.67027,1.67034,1.20,1.25
2014.06.04 08:15:00.791,1.67028,1.67034,1.00,1.25
2014.06.04 08:15:01.044,1.67028,1.67036,1.18,1.69
2014.06.04 08:15:01.596,1.67027,1.67035,1.20,1.00
2014.06.04 08:15:02.113,1.67028,1.67036,1.10,1.02
2014.06.04 08:15:02.646,1.67028,1.67036,1.28,1.25
2014.06.04 08:15:03.720,1.67028,1.67037,1.58,1.19
2014.06.04 08:15:04.227,1.67029,1.67037,1.50,1.19
2014.06.04 08:15:05.004,1.67029,1.67039,2.25,1.69
2014.06.04 08:15:05.940,1.67029,1.67039,1.58,2.14
2014.06.04 08:15:06.902,1.67029,1.67039,1.65,2.14
2014.06.04 08:15:07.420,1.67029,1.67038,1.95,1.25
2014.06.04 08:15:08.014,1.67029,1.67037,1.84,1.25
2014.06.04 08:15:08.520,1.67029,1.67037,1.39,1.25
2014.06.04 08:15:08.723,1.67029,1.67036,1.08,1.19
2014.06.04 08:15:09.228,1.67029,1.67036,1.00,1.19
2014.06.04 08:15:10.765,1.67029,1.67037,1.20,1.69
2014.06.04 08:15:12.130,1.6703,1.67037,1.00,1.02
2014.06.04 08:15:12.333,1.6703,1.67038,1.77,1.25
2014.06.04 08:15:12.871,1.67031,1.67038,1.58,1.25
2014.06.04 08:15:13.175,1.67031,1.67036,1.28,1.50
2014.06.04 08:15:13.327,1.67026,1.67033,1.19,1.50
2014.06.04 08:15:13.852,1.67026,1.67034,1.84,1.25
2014.06.04 08:15:13.953,1.67026,1.67035,3.19,1.25
2014.06.04 08:15:14.499,1.67029,1.67037,1.09,1.69
2014.06.04 08:15:14.904,1.67029,1.67038,2.14,1.69
2014.06.04 08:15:15.258,1.67029,1.67036,1.10,1.25
2014.06.04 08:15:16.634,1.67029,1.67036,1.08,1.25
2014.06.04 08:15:17.149,1.67029,1.67036,1.10,1.25
2014.06.04 08:15:17.832,1.67029,1.67036,1.00,1.33
2014.06.04 08:15:18.085,1.67026,1.67035,2.59,1.39
2014.06.04 08:15:18.287,1.67028,1.67037,1.20,2.97
2014.06.04 08:15:18.839,1.67028,1.67037,1.28,1.69
2014.06.04 08:15:19.056,1.67027,1.67034,1.47,1.00
2014.06.04 08:15:19.562,1.67028,1.67035,1.00,4.02
2014.06.04 08:15:19.865,1.67029,1.67036,1.15,3.07
2014.06.04 08:15:19.967,1.67031,1.67038,1.20,1.25
2014.06.04 08:15:20.169,1.67031,1.67037,1.20,1.25
2014.06.04 08:15:20.331,1.67031,1.67039,1.39,1.25
2014.06.04 08:15:20.483,1.6703,1.67039,2.59,1.02
2014.06.04 08:15:20.585,1.6703,1.67039,2.89,1.25
2014.06.04 08:15:21.457,1.6703,1.67039,3.64,1.25
2014.06.04 08:15:22.325,1.6703,1.67038,2.33,1.69
2014.06.04 08:15:22.578,1.67027,1.67037,1.84,1.18
2014.06.04 08:15:22.680,1.67027,1.67037,2.44,1.00
2014.06.04 08:15:23.185,1.67027,1.67037,1.39,2.70
2014.06.04 08:15:23.489,1.67027,1.67036,1.39,1.69
2014.06.04 08:15:25.055,1.67028,1.67035,1.45,1.00
2014.06.04 08:15:26.686,1.67028,1.67035,1.84,1.00
2014.06.04 08:15:26.895,1.67031,1.67036,1.39,1.00
2014.06.04 08:15:27.249,1.67032,1.6704,1.39,1.25
2014.06.04 08:15:27.832,1.67033,1.67041,1.19,1.00
2014.06.04 08:15:28.338,1.67034,1.67043,1.02,1.47
2014.06.04 08:15:28.878,1.67033,1.67043,2.14,1.39
2014.06.04 08:15:30.309,1.67033,1.67042,2.14,1.25
2014.06.04 08:15:30.828,1.67033,1.67042,1.29,1.33
2014.06.04 08:15:31.359,1.67033,1.67042,1.69,1.39
2014.06.04 08:15:32.401,1.67033,1.67042,1.25,2.89
2014.06.04 08:15:32.935,1.67033,1.67039,1.09,1.00
2014.06.04 08:15:34.523,1.67032,1.6704,1.39,1.00
2014.06.04 08:15:35.184,1.67032,1.67041,1.39,2.44
2014.06.04 08:15:35.717,1.67032,1.6704,1.39,1.00
2014.06.04 08:15:37.419,1.67031,1.67039,1.88,1.00
2014.06.04 08:15:37.520,1.6703,1.67038,3.00,2.07
2014.06.04 08:15:37.864,1.67028,1.67035,2.25,1.27
2014.06.04 08:15:37.915,1.67027,1.67035,1.25,1.27
2014.06.04 08:15:39.549,1.67025,1.67034,1.77,1.25
2014.06.04 08:15:42.662,1.67026,1.67034,1.09,1.25
2014.06.04 08:15:43.201,1.67026,1.67034,1.02,1.02
2014.06.04 08:15:43.801,1.67026,1.67029,1.10,1.00
2014.06.04 08:15:44.306,1.67023,1.67029,2.14,1.00
2014.06.04 08:15:44.357,1.67023,1.67032,2.14,2.82
2014.06.04 08:15:44.509,1.67023,1.67029,1.25,1.10
2014.06.04 08:15:44.813,1.6702,1.67028,4.13,1.69
2014.06.04 08:15:45.167,1.67021,1.67029,2.44,1.25
2014.06.04 08:15:45.420,1.67022,1.67031,1.02,2.59
2014.06.04 08:15:47.226,1.67022,1.67031,1.32,1.19
2014.06.04 08:15:47.921,1.67022,1.67031,1.39,1.25
2014.06.04 08:15:48.801,1.67022,1.6703,1.39,1.00
2014.06.04 08:15:49.348,1.67022,1.67029,1.39,1.00
2014.06.04 08:15:49.859,1.67022,1.67031,1.39,1.69
2014.06.04 08:15:50.311,1.67022,1.67028,1.39,1.00
2014.06.04 08:15:50.514,1.67019,1.67028,2.52,2.44
2014.06.04 08:15:53.793,1.6702,1.67028,1.15,1.00
2014.06.04 08:15:56.305,1.67021,1.67027,1.39,1.00
2014.06.04 08:15:56.406,1.67023,1.67029,1.10,1.00
2014.06.04 08:15:56.559,1.67023,1.67029,1.20,1.00
2014.06.04 08:15:58.390,1.67024,1.67029,2.14,1.00
2014.06.04 08:15:58.542,1.67024,1.67029,1.10,1.00
2014.06.04 08:15:58.744,1.67023,1.67027,1.10,1.00
2014.06.04 08:15:58.946,1.67023,1.67029,2.14,1.00
2014.06.04 08:15:58.997,1.67023,1.67029,2.52,1.00
2014.06.04 08:15:59.149,1.67024,1.67031,1.32,1.00
2014.06.04 08:15:59.251,1.67025,1.67029,1.50,1.00
2014.06.04 08:15:59.352,1.67025,1.67032,1.50,1.00
2014.06.04 08:15:59.403,1.67025,1.67032,1.50,1.00
2014.06.04 08:16:00.949,1.67025,1.67031,2.44,1.00
2014.06.04 08:16:02.093,1.67025,1.67031,4.32,1.00
2014.06.04 08:16:02.538,1.67026,1.67031,1.37,1.00
2014.06.04 08:16:03.655,1.67025,1.6703,2.14,1.00
2014.06.04 08:16:05.825,1.67026,1.67033,1.09,2.25
2014.06.04 08:16:07.145,1.67025,1.6703,2.14,1.00
2014.06.04 08:16:07.661,1.67025,1.6703,1.84,1.00
2014.06.04 08:16:07.814,1.67025,1.67032,1.84,1.00
2014.06.04 08:16:08.331,1.67025,1.67031,1.84,1.00
2014.06.04 08:16:10.918,1.67025,1.67034,1.47,1.58
2014.06.04 08:16:11.653,1.67025,1.67031,1.47,1.00
2014.06.04 08:16:12.007,1.67025,1.67034,1.09,1.58
2014.06.04 08:16:12.616,1.67025,1.67033,1.09,1.50
2014.06.04 08:16:13.419,1.67023,1.67032,1.69,1.25
2014.06.04 08:16:13.672,1.67023,1.67028,1.32,1.00
2014.06.04 08:16:13.824,1.67021,1.67028,2.14,1.00
2014.06.04 08:16:14.026,1.67021,1.67031,2.89,1.27
2014.06.04 08:16:14.329,1.67022,1.67033,1.09,4.47
2014.06.04 08:16:14.380,1.67024,1.67032,1.00,1.33
2014.06.04 08:16:14.532,1.67025,1.67033,1.50,2.59
2014.06.04 08:16:15.058,1.67025,1.67034,2.44,2.59
2014.06.04 08:16:15.251,1.67025,1.67034,2.44,2.89
2014.06.04 08:16:15.302,1.67024,1.67032,1.50,1.37
2014.06.04 08:16:15.916,1.67025,1.67032,1.00,1.29
2014.06.04 08:16:16.621,1.67026,1.67032,1.00,1.37
2014.06.04 08:16:17.555,1.67026,1.67034,1.00,2.59
2014.06.04 08:16:21.599,1.67026,1.67033,1.00,1.09
2014.06.04 08:16:22.438,1.67027,1.67033,1.00,1.09
2014.06.04 08:16:22.590,1.67024,1.67034,1.28,2.59
2014.06.04 08:16:23.134,1.67024,1.67034,1.20,4.02
2014.06.04 08:16:23.651,1.67026,1.67033,1.00,1.02
2014.06.04 08:16:24.572,1.67026,1.67034,1.25,2.59
2014.06.04 08:16:28.174,1.67026,1.67034,1.25,4.32
2014.06.04 08:16:28.703,1.67025,1.67034,1.25,4.32
2014.06.04 08:16:29.057,1.67027,1.67034,1.00,2.82
2014.06.04 08:16:29.360,1.67025,1.67034,2.52,2.82
2014.06.04 08:16:29.411,1.67025,1.67034,2.89,2.44
2014.06.04 08:16:29.927,1.67025,1.67034,2.59,1.58
2014.06.04 08:16:30.455,1.67027,1.67035,1.00,2.52
2014.06.04 08:16:30.971,1.67027,1.67035,1.00,2.52
2014.06.04 08:16:31.990,1.67028,1.67035,1.00,2.52
2014.06.04 08:16:38.697,1.67029,1.67035,1.00,2.89
2014.06.04 08:16:40.387,1.67025,1.67034,3.64,1.02
2014.06.04 08:16:41.492,1.67025,1.67033,1.77,1.50
2014.06.04 08:16:41.543,1.67025,1.67033,1.69,1.88
2014.06.04 08:16:42.398,1.67025,1.67033,1.69,1.65
2014.06.04 08:16:42.601,1.67025,1.67034,2.59,1.02
2014.06.04 08:16:43.163,1.67025,1.67034,3.64,1.09
2014.06.04 08:16:44.859,1.67027,1.67035,1.00,2.89
2014.06.04 08:16:49.062,1.67028,1.67035,1.00,3.27
2014.06.04 08:16:49.615,1.67028,1.67035,1.00,2.97
2014.06.04 08:16:50.122,1.67028,1.67035,1.00,3.27
2014.06.04 08:16:50.592,1.67025,1.67035,2.52,3.27
2014.06.04 08:16:51.525,1.67027,1.67035,1.00,3.27
2014.06.04 08:16:52.225,1.67027,1.67035,1.00,2.97
2014.06.04 08:16:52.952,1.67026,1.67034,1.32,1.02
2014.06.04 08:16:53.462,1.67026,1.67033,1.32,1.00
2014.06.04 08:16:54.073,1.67026,1.67035,1.69,2.97
2014.06.04 08:17:00.347,1.67027,1.67035,1.00,2.14
2014.06.04 08:17:01.673,1.67026,1.67035,1.77,2.14
2014.06.04 08:17:02.664,1.67028,1.67035,1.00,1.77
2014.06.04 08:17:03.175,1.67029,1.67035,1.00,1.77
2014.06.04 08:17:03.680,1.67028,1.67035,1.00,2.14
2014.06.04 08:17:03.848,1.67026,1.67035,1.69,2.89
2014.06.04 08:17:09.696,1.67027,1.67035,1.00,1.37
2014.06.04 08:17:10.128,1.67029,1.67035,1.00,1.37
2014.06.04 08:17:10.467,1.67027,1.67035,1.00,1.39
2014.06.04 08:17:11.068,1.67026,1.67035,2.44,1.39
2014.06.04 08:17:11.675,1.67026,1.67036,1.69,3.72
2014.06.04 08:17:13.658,1.67027,1.67036,1.25,2.97
2014.06.04 08:17:14.679,1.67026,1.67036,1.69,2.97
2014.06.04 08:17:16.660,1.67028,1.67036,1.00,2.97
2014.06.04 08:17:17.197,1.67027,1.67036,1.00,2.97
2014.06.04 08:17:18.218,1.67028,1.67036,1.00,2.97
2014.06.04 08:17:18.320,1.67026,1.67036,2.44,2.97
2014.06.04 08:17:18.421,1.67026,1.67036,1.69,4.32
2014.06.04 08:17:19.171,1.67026,1.67035,4.02,1.27
2014.06.04 08:17:19.681,1.67027,1.67035,1.00,1.19
2014.06.04 08:17:21.398,1.67026,1.67032,1.02,1.00
2014.06.04 08:17:21.551,1.67023,1.67032,2.22,1.10
2014.06.04 08:17:21.974,1.67026,1.67034,1.00,2.89
2014.06.04 08:17:22.177,1.67026,1.67034,3.75,1.25
2014.06.04 08:17:22.698,1.67027,1.67034,1.00,1.02
2014.06.04 08:17:23.932,1.67029,1.67035,1.00,1.27
2014.06.04 08:17:25.392,1.67028,1.67035,1.00,1.27
2014.06.04 08:17:25.933,1.67027,1.67035,1.00,1.27
2014.06.04 08:17:27.787,1.67028,1.67035,1.00,1.27
2014.06.04 08:17:28.767,1.67029,1.67035,1.00,1.27
2014.06.04 08:17:29.123,1.67026,1.67035,4.77,1.27
2014.06.04 08:17:31.908,1.67026,1.67032,2.52,1.00
2014.06.04 08:17:32.073,1.67023,1.67032,3.72,1.10
2014.06.04 08:17:32.275,1.67026,1.67034,1.00,1.39
2014.06.04 08:17:32.780,1.67025,1.67034,1.00,2.14
2014.06.04 08:17:33.285,1.67026,1.67034,1.50,1.63
2014.06.04 08:17:33.336,1.67026,1.67034,1.58,1.02
2014.06.04 08:17:33.870,1.67025,1.67034,1.58,1.09
2014.06.04 08:17:34.635,1.67025,1.67034,2.52,1.29
2014.06.04 08:17:35.197,1.67026,1.67035,3.34,1.29
2014.06.04 08:17:35.914,1.67026,1.67035,4.09,1.02
2014.06.04 08:17:36.342,1.67029,1.67035,1.00,1.02
2014.06.04 08:17:37.092,1.67027,1.67035,1.77,1.02
2014.06.04 08:17:37.327,1.67031,1.67037,1.25,1.20
2014.06.04 08:17:37.429,1.67035,1.67042,1.88,1.28
2014.06.04 08:17:37.530,1.67035,1.67042,2.07,1.00
2014.06.04 08:17:37.632,1.67037,1.67044,1.25,1.65
2014.06.04 08:17:38.145,1.67036,1.67044,1.50,1.20
2014.06.04 08:17:38.681,1.67037,1.67044,1.00,1.18
2014.06.04 08:17:39.263,1.67036,1.67044,2.25,1.18
2014.06.04 08:17:42.722,1.67036,1.67044,2.63,1.00
2014.06.04 08:17:43.454,1.67036,1.67044,1.50,1.58
2014.06.04 08:17:44.321,1.67036,1.67044,1.58,1.10
2014.06.04 08:17:44.879,1.67036,1.67042,1.58,1.00
2014.06.04 08:17:45.411,1.67034,1.67044,2.59,1.28
2014.06.04 08:17:46.017,1.67035,1.67044,3.34,1.77
2014.06.04 08:17:47.756,1.67035,1.67044,1.84,2.44
2014.06.04 08:17:48.795,1.67035,1.67044,1.84,2.44
2014.06.04 08:17:49.675,1.67035,1.67044,1.84,2.44
2014.06.04 08:17:50.247,1.67035,1.67043,1.84,1.00
2014.06.04 08:17:50.757,1.67035,1.67042,1.69,1.00
2014.06.04 08:17:50.908,1.67035,1.67044,1.69,2.59
2014.06.04 08:17:51.885,1.67035,1.67043,1.69,1.00
2014.06.04 08:17:52.475,1.67035,1.67044,1.69,1.84
2014.06.04 08:17:53.795,1.67035,1.67044,1.77,2.59
2014.06.04 08:17:56.619,1.67036,1.67043,1.77,1.00
2014.06.04 08:17:58.173,1.67036,1.67045,2.52,1.33
2014.06.04 08:18:00.328,1.67036,1.67045,1.84,1.77
2014.06.04 08:18:00.378,1.67036,1.67043,1.84,1.00
2014.06.04 08:18:00.903,1.67036,1.67043,2.14,1.00
2014.06.04 08:18:01.108,1.67036,1.67045,1.77,1.02
2014.06.04 08:18:02.641,1.67036,1.67044,1.77,1.25
2014.06.04 08:18:03.203,1.67036,1.67044,1.77,1.02
2014.06.04 08:18:10.709,1.67036,1.67045,1.69,1.84
2014.06.04 08:18:11.406,1.67036,1.67043,1.69,1.00
2014.06.04 08:18:11.934,1.67036,1.67045,1.69,1.39
2014.06.04 08:18:12.693,1.67036,1.67045,1.69,1.39
2014.06.04 08:18:13.683,1.67036,1.67045,1.69,1.39
2014.06.04 08:18:17.698,1.67036,1.67045,1.69,1.39
2014.06.04 08:18:18.692,1.67036,1.67046,1.25,2.97
2014.06.04 08:18:19.955,1.67036,1.67046,1.09,2.97
2014.06.04 08:18:20.477,1.67035,1.67045,2.29,1.10
2014.06.04 08:18:20.995,1.67035,1.67045,2.29,1.18
2014.06.04 08:18:21.924,1.67035,1.67045,2.59,1.10
2014.06.04 08:18:22.437,1.67035,1.67043,2.29,1.00
2014.06.04 08:18:24.387,1.67035,1.67044,2.29,1.00
2014.06.04 08:18:25.729,1.67035,1.67044,2.22,1.00
2014.06.04 08:18:26.244,1.67035,1.67045,2.22,1.02
2014.06.04 08:18:26.557,1.67035,1.67045,2.52,1.02
2014.06.04 08:18:26.938,1.67035,1.67045,2.14,1.39
2014.06.04 08:18:27.596,1.67035,1.67045,2.22,2.59
2014.06.04 08:18:28.160,1.67035,1.67045,2.07,2.59
2014.06.04 08:18:28.696,1.67035,1.67045,3.04,1.09
2014.06.04 08:18:29.480,1.67036,1.67045,1.29,1.84
2014.06.04 08:18:31.451,1.6704,1.67045,1.00,1.84
2014.06.04 08:18:31.503,1.6704,1.67049,1.69,1.20
2014.06.04 08:18:31.604,1.67042,1.6705,1.77,2.70
2014.06.04 08:18:32.009,1.67043,1.67047,1.84,1.00
2014.06.04 08:18:32.110,1.67043,1.67049,1.84,1.00
2014.06.04 08:18:32.566,1.67042,1.67052,1.39,1.10
2014.06.04 08:18:33.021,1.67045,1.67052,2.22,1.25
2014.06.04 08:18:33.533,1.67044,1.67052,2.59,1.25
2014.06.04 08:18:34.056,1.67045,1.67053,2.07,1.00
2014.06.04 08:18:34.590,1.67045,1.67053,1.69,1.00
2014.06.04 08:18:35.190,1.67045,1.67051,2.44,1.00
2014.06.04 08:18:35.722,1.67045,1.6705,2.44,1.00
2014.06.04 08:18:36.235,1.67045,1.6705,2.14,1.00
2014.06.04 08:18:36.646,1.67045,1.6705,1.25,1.00
2014.06.04 08:18:38.827,1.67044,1.6705,1.69,1.00
2014.06.04 08:18:39.535,1.67045,1.6705,1.00,1.00
2014.06.04 08:18:40.040,1.67044,1.6705,1.69,1.00
2014.06.04 08:18:40.544,1.67044,1.6705,2.07,1.00
2014.06.04 08:18:41.632,1.67044,1.6705,1.25,1.00
2014.06.04 08:18:42.373,1.67045,1.6705,1.00,1.00
2014.06.04 08:18:44.223,1.67044,1.6705,1.25,1.00
2014.06.04 08:18:44.766,1.67045,1.6705,1.02,1.00
2014.06.04 08:18:47.892,1.67045,1.67048,1.69,1.00
2014.06.04 08:18:48.095,1.67043,1.67049,1.19,1.10
2014.06.04 08:18:48.316,1.67043,1.67046,1.19,1.00
2014.06.04 08:18:49.463,1.67043,1.67047,1.19,1.00
2014.06.04 08:18:49.648,1.67043,1.67049,1.19,1.10
2014.06.04 08:18:49.698,1.67042,1.67047,1.69,1.13
2014.06.04 08:18:50.002,1.6703,1.67033,2.72,2.25
2014.06.04 08:18:50.219,1.67022,1.6703,1.10,2.52
2014.06.04 08:18:50.321,1.67024,1.67032,1.00,1.69
2014.06.04 08:18:50.473,1.67026,1.67032,1.00,1.09
2014.06.04 08:18:52.538,1.67025,1.67034,1.69,1.09
2014.06.04 08:18:54.334,1.67026,1.67035,1.63,2.14
2014.06.04 08:18:54.739,1.67026,1.67034,1.10,1.10
2014.06.04 08:18:55.143,1.67025,1.67031,2.82,1.00
2014.06.04 08:18:55.397,1.67025,1.67034,2.82,1.20
2014.06.04 08:18:56.006,1.67026,1.67034,1.50,1.20
2014.06.04 08:18:56.554,1.67025,1.67034,2.97,1.00
2014.06.04 08:19:00.818,1.67025,1.67034,2.97,1.00
2014.06.04 08:19:01.341,1.67025,1.67034,2.59,1.00
2014.06.04 08:19:01.392,1.67025,1.67034,2.97,1.00
2014.06.04 08:19:01.745,1.67028,1.67036,1.32,1.09
2014.06.04 08:19:02.275,1.67027,1.67035,2.59,1.00
2014.06.04 08:19:02.326,1.6703,1.67036,1.00,1.02
2014.06.04 08:19:07.264,1.67031,1.67037,1.00,1.84
2014.06.04 08:19:08.374,1.6703,1.67036,1.00,1.02
2014.06.04 08:19:09.285,1.67028,1.67037,2.14,1.84
2014.06.04 08:19:10.071,1.67028,1.67037,2.07,2.14
2014.06.04 08:19:10.572,1.67029,1.67037,1.00,1.84
2014.06.04 08:19:11.584,1.67027,1.67037,2.22,1.84
2014.06.04 08:19:12.722,1.67028,1.67037,1.13,2.89
2014.06.04 08:19:14.105,1.67028,1.67037,1.13,2.59
2014.06.04 08:19:14.634,1.67027,1.67037,2.22,1.84
2014.06.04 08:19:15.848,1.67027,1.67035,1.84,1.00
2014.06.04 08:19:22.931,1.67028,1.67036,1.69,1.25
2014.06.04 08:19:23.235,1.67027,1.67033,2.52,1.00
2014.06.04 08:19:23.538,1.67027,1.67031,1.19,1.00
2014.06.04 08:19:23.589,1.67027,1.67034,1.19,1.00
2014.06.04 08:19:24.057,1.67027,1.67032,1.37,1.00
2014.06.04 08:19:24.737,1.67026,1.67033,3.27,1.00
2014.06.04 08:19:25.638,1.67026,1.67033,2.59,1.00
2014.06.04 08:19:26.229,1.67027,1.67034,1.02,1.00
2014.06.04 08:19:27.363,1.67026,1.67033,1.77,1.00
2014.06.04 08:19:28.066,1.67026,1.67032,1.77,1.13
2014.06.04 08:19:29.225,1.67026,1.67033,1.69,1.00
2014.06.04 08:19:29.735,1.67026,1.67033,1.25,1.00
2014.06.04 08:19:30.038,1.67025,1.67034,1.19,4.20
2014.06.04 08:19:30.291,1.67023,1.67031,1.39,1.00
2014.06.04 08:19:31.295,1.67025,1.67031,1.19,1.00
2014.06.04 08:19:32.340,1.67024,1.67033,1.29,2.52
2014.06.04 08:19:33.259,1.67024,1.67033,1.02,2.52
2014.06.04 08:19:34.177,1.67024,1.67031,1.02,1.00
2014.06.04 08:19:34.880,1.67024,1.67033,1.25,1.84
2014.06.04 08:19:38.305,1.67025,1.67033,1.50,1.77
2014.06.04 08:19:40.414,1.67025,1.67033,1.50,1.58
2014.06.04 08:19:41.415,1.67025,1.67033,1.50,1.58
2014.06.04 08:19:42.154,1.67025,1.67033,1.50,1.00
2014.06.04 08:19:42.683,1.67025,1.67035,4.09,3.14
2014.06.04 08:19:43.188,1.67027,1.67035,1.77,2.24
2014.06.04 08:19:45.391,1.67026,1.67034,2.59,1.25
2014.06.04 08:19:46.682,1.67025,1.67034,1.84,1.25
2014.06.04 08:19:47.856,1.67027,1.67034,1.50,1.69
2014.06.04 08:19:51.762,1.67027,1.67036,1.50,4.47
2014.06.04 08:19:52.511,1.67028,1.67036,1.00,3.34
2014.06.04 08:19:52.662,1.67032,1.67041,1.58,1.77
2014.06.04 08:19:52.865,1.67033,1.67041,1.09,1.25
2014.06.04 08:19:53.169,1.67036,1.67043,1.58,1.69
2014.06.04 08:19:54.359,1.67035,1.67043,3.19,1.00
2014.06.04 08:19:54.668,1.67037,1.67043,1.50,1.50
2014.06.04 08:19:54.720,1.67034,1.67043,2.52,1.50
2014.06.04 08:19:55.334,1.67034,1.67042,2.52,1.00
2014.06.04 08:20:01.066,1.67035,1.67043,1.69,1.25
2014.06.04 08:20:01.574,1.67035,1.67044,2.52,1.29
2014.06.04 08:20:02.164,1.67035,1.67045,1.84,2.82
2014.06.04 08:20:02.369,1.67034,1.67043,3.27,1.00
2014.06.04 08:20:02.909,1.67034,1.67042,1.84,1.00
2014.06.04 08:20:03.416,1.67034,1.67042,3.65,1.00
2014.06.04 08:20:07.200,1.67034,1.67043,1.39,1.50
2014.06.04 08:20:10.744,1.67035,1.67043,1.02,1.69
2014.06.04 08:20:11.264,1.67035,1.67042,1.25,1.00
2014.06.04 08:20:11.824,1.67035,1.67041,1.25,1.00
2014.06.04 08:20:12.944,1.67035,1.67041,1.09,1.00
2014.06.04 08:20:13.474,1.67034,1.67042,1.39,1.00
2014.06.04 08:20:17.155,1.67035,1.67043,1.37,1.00
2014.06.04 08:20:18.261,1.67036,1.67043,1.29,1.00
2014.06.04 08:20:21.099,1.67036,1.67044,1.37,1.00
2014.06.04 08:20:21.407,1.67036,1.6704,1.02,1.00
2014.06.04 08:20:21.559,1.67036,1.67043,1.02,1.00
2014.06.04 08:20:21.661,1.67036,1.67041,1.02,1.00
2014.06.04 08:20:21.868,1.67036,1.67043,1.02,1.50
2014.06.04 08:20:22.070,1.67036,1.67044,1.39,1.25
2014.06.04 08:20:22.720,1.67036,1.67045,1.27,4.02
2014.06.04 08:20:23.986,1.67036,1.67045,1.39,3.94
2014.06.04 08:20:25.304,1.67036,1.67042,1.39,1.00
2014.06.04 08:20:25.517,1.67035,1.67042,1.34,1.00
2014.06.04 08:20:26.038,1.67035,1.67043,1.34,1.00
2014.06.04 08:20:26.913,1.67035,1.67044,1.34,2.07
2014.06.04 08:20:27.015,1.67036,1.67044,1.39,1.25
2014.06.04 08:20:27.874,1.67037,1.67045,1.39,2.82
2014.06.04 08:20:28.077,1.67041,1.6705,1.20,2.07
2014.06.04 08:20:28.279,1.67039,1.67049,2.82,1.38
2014.06.04 08:20:28.330,1.67039,1.67049,1.50,1.48
2014.06.04 08:20:28.482,1.67039,1.67047,1.00,2.82
2014.06.04 08:20:28.735,1.67039,1.67047,1.25,1.84
2014.06.04 08:20:28.972,1.67038,1.67047,1.00,4.39
2014.06.04 08:20:29.225,1.67036,1.67045,2.44,1.58
2014.06.04 08:20:30.341,1.67036,1.67045,1.69,4.69
2014.06.04 08:20:30.493,1.67036,1.67043,1.25,1.20
2014.06.04 08:20:31.016,1.67035,1.67041,1.19,1.18
2014.06.04 08:20:31.947,1.67034,1.67043,1.69,1.88
2014.06.04 08:20:32.947,1.67034,1.67041,1.25,1.18
2014.06.04 08:20:33.568,1.67034,1.6704,3.04,1.10
2014.06.04 08:20:34.074,1.67034,1.6704,1.25,1.10
2014.06.04 08:20:34.970,1.67034,1.6704,1.19,1.10
2014.06.04 08:20:35.670,1.67032,1.6704,1.77,1.10
2014.06.04 08:20:35.721,1.67032,1.67038,1.77,1.00
2014.06.04 08:20:35.923,1.67032,1.6704,1.77,1.10
2014.06.04 08:20:36.075,1.67034,1.6704,1.19,1.10
2014.06.04 08:20:36.838,1.67033,1.6704,1.19,1.00
2014.06.04 08:20:37.344,1.67033,1.67042,1.19,1.54
2014.06.04 08:20:37.881,1.67033,1.67042,1.19,1.20
2014.06.04 08:20:41.004,1.67034,1.67042,1.19,1.20
2014.06.04 08:20:41.615,1.67034,1.67041,1.19,1.00
2014.06.04 08:20:41.980,1.67033,1.67041,1.25,1.08
2014.06.04 08:20:42.492,1.67033,1.67041,1.02,1.10
2014.06.04 08:20:43.898,1.67033,1.67041,1.09,1.00
2014.06.04 08:20:44.485,1.67034,1.67042,1.25,1.20
2014.06.04 08:20:45.018,1.67035,1.67042,1.00,1.10
2014.06.04 08:20:45.550,1.67035,1.67042,1.69,1.18
2014.06.04 08:20:45.983,1.67036,1.67045,1.77,2.97
2014.06.04 08:20:46.286,1.67036,1.67043,1.19,1.88
2014.06.04 08:20:47.114,1.67035,1.67043,1.19,1.58
2014.06.04 08:20:47.771,1.67033,1.67042,1.77,1.84
2014.06.04 08:20:49.099,1.67033,1.67039,1.29,1.00
2014.06.04 08:20:49.614,1.67032,1.67037,1.32,1.00
2014.06.04 08:20:49.828,1.67032,1.67039,1.32,1.00
2014.06.04 08:20:50.670,1.67032,1.6704,1.39,1.10
2014.06.04 08:20:52.384,1.67033,1.67042,1.77,1.84
2014.06.04 08:20:52.993,1.67033,1.6704,1.02,1.00
2014.06.04 08:20:53.525,1.67033,1.67041,1.02,1.02
2014.06.04 08:20:54.073,1.67033,1.6704,1.02,1.00
2014.06.04 08:20:55.574,1.67033,1.67038,1.29,1.00
2014.06.04 08:20:56.691,1.67033,1.6704,1.02,1.00
2014.06.04 08:20:58.337,1.67033,1.67041,1.25,1.02
2014.06.04 08:20:58.843,1.67033,1.67041,1.19,1.09
2014.06.04 08:20:59.650,1.67032,1.67041,1.32,1.20
2014.06.04 08:21:02.424,1.67033,1.67042,1.00,1.84
2014.06.04 08:21:02.576,1.67034,1.67042,1.19,1.40
2014.06.04 08:21:03.083,1.67034,1.67043,2.22,1.29
2014.06.04 08:21:03.618,1.67034,1.67043,2.14,1.18
2014.06.04 08:21:04.227,1.67034,1.67043,2.14,1.10
2014.06.04 08:21:05.354,1.67034,1.67041,2.14,1.00
2014.06.04 08:21:05.837,1.67036,1.67043,1.19,1.20
2014.06.04 08:21:06.292,1.67035,1.67042,1.25,1.00
2014.06.04 08:21:06.863,1.67035,1.67044,1.25,4.32
2014.06.04 08:21:07.369,1.67034,1.67043,1.19,1.69
2014.06.04 08:21:08.090,1.67034,1.67043,1.57,2.07
2014.06.04 08:21:08.192,1.67036,1.67043,1.63,1.20
2014.06.04 08:21:08.344,1.67036,1.67041,1.00,1.00
2014.06.04 08:21:08.547,1.67033,1.67041,2.07,1.40
2014.06.04 08:21:08.888,1.67033,1.67042,1.69,2.07
2014.06.04 08:21:09.141,1.67032,1.6704,1.25,1.39
2014.06.04 08:21:09.193,1.67032,1.6704,1.25,2.07
2014.06.04 08:21:09.951,1.6703,1.67037,1.29,1.08
2014.06.04 08:21:10.330,1.67027,1.67033,2.52,1.00
2014.06.04 08:21:10.635,1.67025,1.67033,1.25,1.40
2014.06.04 08:21:10.888,1.67024,1.67028,1.25,1.00
2014.06.04 08:21:11.862,1.67023,1.67028,1.25,1.00
2014.06.04 08:21:13.832,1.67023,1.6703,1.25,1.10
2014.06.04 08:21:14.380,1.67023,1.67032,2.82,1.50
2014.06.04 08:21:14.484,1.67027,1.67034,1.25,1.50
2014.06.04 08:21:14.585,1.67025,1.67034,1.00,3.38
2014.06.04 08:21:14.745,1.67018,1.67025,1.34,2.45
2014.06.04 08:21:14.799,1.67018,1.67024,1.08,1.25
2014.06.04 08:21:15.028,1.6702,1.6703,1.00,2.82
2014.06.04 08:21:15.382,1.6702,1.6703,1.00,2.44
2014.06.04 08:21:15.836,1.6702,1.67023,1.00,1.38
2014.06.04 08:21:15.889,1.67015,1.67022,5.25,1.88
2014.06.04 08:21:15.990,1.67013,1.6702,1.48,35.03
2014.06.04 08:21:16.496,1.67015,1.6702,1.20,35.03
2014.06.04 08:21:16.547,1.67015,1.6702,1.00,35.40
2014.06.04 08:21:16.648,1.67012,1.6702,2.52,35.22
2014.06.04 08:21:16.908,1.67012,1.6702,1.25,36.04
2014.06.04 08:21:17.425,1.67012,1.6702,1.09,1.25
2014.06.04 08:21:17.984,1.6701,1.67019,2.89,1.00
2014.06.04 08:21:18.289,1.6701,1.67019,2.44,1.20
2014.06.04 08:21:18.695,1.6701,1.67019,2.44,1.50
2014.06.04 08:21:18.998,1.67014,1.6702,1.84,67.47
2014.06.04 08:21:19.503,1.67014,1.6702,1.84,33.45
2014.06.04 08:21:20.654,1.67014,1.6702,1.84,1.69
2014.06.04 08:21:21.539,1.67014,1.6702,1.84,34.20
2014.06.04 08:21:22.058,1.67014,1.6702,1.84,34.43
2014.06.04 08:21:22.518,1.67014,1.6702,1.84,37.81
2014.06.04 08:21:22.620,1.67012,1.6702,1.00,69.42
2014.06.04 08:21:22.734,1.6701,1.6702,3.19,38.63
2014.06.04 08:21:23.138,1.67009,1.67016,1.65,1.00
2014.06.04 08:21:23.441,1.67008,1.67018,1.25,3.19
2014.06.04 08:21:23.946,1.67008,1.67018,2.07,2.44
2014.06.04 08:21:25.122,1.67006,1.67015,2.22,1.10
2014.06.04 08:21:25.960,1.67006,1.67015,1.10,2.89
2014.06.04 08:21:26.468,1.67007,1.67015,1.10,2.89
2014.06.04 08:21:26.973,1.67007,1.67015,1.00,2.89
2014.06.04 08:21:27.276,1.67006,1.67015,1.25,3.94
2014.06.04 08:21:27.780,1.67006,1.67015,1.25,3.64
2014.06.04 08:21:28.135,1.67008,1.67014,1.00,1.19
2014.06.04 08:21:28.237,1.67007,1.67015,1.25,1.25
2014.06.04 08:21:28.388,1.67007,1.67015,1.39,1.25
2014.06.04 08:21:28.908,1.67007,1.67015,1.77,1.25
2014.06.04 08:21:29.452,1.67007,1.67016,1.77,1.47
2014.06.04 08:21:29.967,1.67007,1.67016,1.09,1.39
2014.06.04 08:21:30.472,1.67009,1.67018,3.64,1.25
2014.06.04 08:21:30.989,1.67012,1.6702,1.25,1.84
2014.06.04 08:21:31.520,1.67013,1.67021,1.00,1.32
2014.06.04 08:21:31.571,1.67013,1.67022,1.77,2.33
2014.06.04 08:21:32.025,1.67014,1.67024,1.25,5.22
2014.06.04 08:21:33.583,1.67015,1.67024,1.25,3.34
2014.06.04 08:21:34.622,1.67015,1.67022,1.25,1.00
2014.06.04 08:21:35.149,1.67015,1.67024,1.25,2.59
2014.06.04 08:21:36.424,1.67016,1.67024,1.00,1.84
2014.06.04 08:21:37.384,1.67015,1.67024,1.77,2.59
2014.06.04 08:21:39.618,1.67015,1.67024,1.77,2.59
2014.06.04 08:21:41.828,1.67015,1.67024,2.22,1.25
2014.06.04 08:21:45.689,1.67016,1.67025,1.39,1.77
2014.06.04 08:21:46.234,1.67016,1.67025,1.27,1.10
2014.06.04 08:21:47.002,1.67016,1.67025,1.29,1.08
2014.06.04 08:21:47.053,1.67016,1.67021,1.29,1.00
2014.06.04 08:21:47.105,1.67015,1.67021,2.89,1.00
2014.06.04 08:21:47.156,1.67015,1.67024,1.77,1.65
2014.06.04 08:21:47.308,1.67015,1.67021,1.77,1.00
2014.06.04 08:21:47.410,1.67016,1.67023,1.50,1.10
2014.06.04 08:21:47.715,1.67017,1.67025,1.50,1.25
2014.06.04 08:21:47.817,1.67017,1.67023,1.50,1.00
2014.06.04 08:21:48.615,1.67017,1.67026,1.50,2.59
2014.06.04 08:21:49.100,1.67017,1.67026,2.89,2.44
2014.06.04 08:21:51.052,1.67018,1.67026,1.02,1.77
2014.06.04 08:21:52.327,1.67018,1.67025,1.02,1.00
2014.06.04 08:21:52.862,1.67018,1.67025,1.29,1.00
2014.06.04 08:21:53.490,1.67018,1.67026,1.29,1.10
2014.06.04 08:21:53.794,1.67022,1.67026,1.84,1.00
2014.06.04 08:21:53.845,1.67022,1.6703,1.84,1.00
2014.06.04 08:21:54.986,1.67022,1.6703,4.02,1.00
2014.06.04 08:21:55.137,1.67024,1.67032,1.29,1.10
2014.06.04 08:21:55.390,1.67027,1.67034,1.50,1.40
2014.06.04 08:21:55.921,1.67027,1.67034,1.50,1.02
2014.06.04 08:21:56.456,1.67027,1.67035,2.25,2.14
2014.06.04 08:21:56.981,1.67026,1.67034,1.25,1.20
2014.06.04 08:21:57.495,1.67025,1.67032,1.77,1.00
2014.06.04 08:21:57.809,1.67027,1.67032,1.50,1.00
2014.06.04 08:21:58.319,1.67026,1.67032,1.50,1.00
2014.06.04 08:21:58.825,1.67027,1.67033,1.50,1.33
2014.06.04 08:21:59.362,1.67026,1.67033,1.50,2.22
2014.06.04 08:22:02.138,1.67026,1.67033,1.88,1.18
2014.06.04 08:22:02.290,1.67027,1.67034,1.48,1.00
2014.06.04 08:22:02.341,1.67027,1.67034,1.10,1.00
2014.06.04 08:22:02.644,1.67026,1.67033,2.25,1.09
2014.06.04 08:22:03.159,1.67025,1.67032,2.44,1.10
2014.06.04 08:22:05.672,1.67025,1.67033,2.44,1.09
2014.06.04 08:22:07.667,1.67025,1.67033,1.69,1.18
2014.06.04 08:22:08.074,1.67025,1.67033,1.69,1.45
2014.06.04 08:22:10.074,1.67025,1.67033,1.25,1.39
2014.06.04 08:22:10.569,1.67025,1.67033,1.25,3.98
2014.06.04 08:22:10.671,1.6702,1.67027,3.38,2.97
2014.06.04 08:22:10.722,1.67016,1.67024,1.13,4.70
2014.06.04 08:22:10.848,1.67014,1.67023,8.78,5.59
2014.06.04 08:22:11.398,1.67013,1.67022,1.84,1.58
2014.06.04 08:22:11.650,1.67016,1.67022,1.50,1.10
2014.06.04 08:22:11.802,1.67017,1.67024,1.39,1.00
2014.06.04 08:22:12.308,1.67017,1.67026,1.77,1.37
2014.06.04 08:22:12.814,1.67017,1.67025,1.02,1.29
2014.06.04 08:22:13.815,1.67018,1.67026,1.25,1.09
2014.06.04 08:22:14.320,1.67017,1.67025,1.77,1.02
2014.06.04 08:22:14.573,1.67017,1.67023,1.02,1.00
2014.06.04 08:22:14.827,1.67017,1.67025,1.02,1.77
2014.06.04 08:22:14.986,1.67016,1.67025,2.59,1.77
2014.06.04 08:22:15.522,1.67016,1.67025,2.59,1.77
2014.06.04 08:22:16.103,1.67016,1.67023,1.84,1.00
2014.06.04 08:22:16.356,1.67016,1.67025,1.18,1.02
2014.06.04 08:22:16.559,1.67016,1.67023,1.18,1.00
2014.06.04 08:22:17.013,1.67015,1.67023,1.25,1.00
2014.06.04 08:22:17.537,1.67014,1.67023,2.48,1.00
2014.06.04 08:22:18.128,1.67014,1.67023,2.48,1.69
2014.06.04 08:22:18.606,1.67016,1.67022,1.38,1.00
2014.06.04 08:22:18.657,1.67016,1.67024,2.07,1.02
2014.06.04 08:22:18.860,1.67016,1.67024,4.02,1.25
2014.06.04 08:22:19.113,1.67016,1.67021,1.25,1.00
2014.06.04 08:22:19.166,1.67013,1.67021,4.80,1.00
2014.06.04 08:22:21.381,1.67016,1.67021,1.02,1.00
2014.06.04 08:22:21.511,1.67016,1.67024,1.02,2.07
2014.06.04 08:22:21.816,1.67014,1.67023,2.14,1.69
2014.06.04 08:22:22.758,1.67013,1.67022,2.07,1.19
2014.06.04 08:22:23.330,1.67013,1.67022,1.39,1.19
2014.06.04 08:22:25.077,1.67013,1.67022,1.25,1.39
2014.06.04 08:22:25.619,1.67013,1.67022,1.33,1.29
2014.06.04 08:22:26.269,1.67012,1.67021,1.73,1.09
2014.06.04 08:22:26.774,1.67012,1.67021,1.73,1.37
2014.06.04 08:22:28.337,1.67011,1.67021,3.23,1.25
2014.06.04 08:22:28.907,1.67012,1.67021,1.73,1.19
2014.06.04 08:22:32.400,1.67012,1.67021,1.28,1.29
2014.06.04 08:22:32.607,1.67012,1.67021,1.73,1.19
2014.06.04 08:22:34.890,1.67012,1.67019,1.73,1.00
2014.06.04 08:22:35.201,1.67011,1.67014,1.80,1.00
2014.06.04 08:22:35.302,1.67011,1.67014,1.28,1.00
2014.06.04 08:22:35.405,1.6701,1.67013,1.00,1.00
2014.06.04 08:22:35.607,1.67007,1.67013,3.30,1.00
2014.06.04 08:22:35.865,1.67008,1.67016,1.39,1.25
2014.06.04 08:22:37.111,1.67007,1.67016,3.30,1.69
2014.06.04 08:22:37.262,1.67006,1.67012,1.17,1.00
2014.06.04 08:22:37.364,1.67005,1.67013,2.33,1.29
2014.06.04 08:22:37.616,1.67003,1.67009,1.33,1.00
2014.06.04 08:22:37.718,1.67002,1.67009,1.77,1.00
2014.06.04 08:22:37.870,1.67003,1.67013,1.10,2.89
2014.06.04 08:22:38.377,1.67003,1.67012,1.18,1.25
2014.06.04 08:22:38.479,1.67002,1.6701,1.73,1.00
2014.06.04 08:22:38.580,1.67001,1.6701,2.55,1.77
2014.06.04 08:22:38.631,1.67,1.67009,5.52,2.44
2014.06.04 08:22:39.036,1.67002,1.6701,1.29,1.10
2014.06.04 08:22:39.288,1.67004,1.67008,1.25,1.00
2014.06.04 08:22:39.339,1.67001,1.67008,1.05,1.00
2014.06.04 08:22:39.592,1.67002,1.67006,1.25,1.00
2014.06.04 08:22:39.846,1.67002,1.67009,1.32,1.10
2014.06.04 08:22:40.149,1.67001,1.6701,2.07,1.75
2014.06.04 08:22:40.200,1.67001,1.67008,1.25,1.20
2014.06.04 08:22:40.503,1.66999,1.67008,1.25,2.89
2014.06.04 08:22:40.807,1.66998,1.67003,1.39,1.00
2014.06.04 08:22:41.370,1.66996,1.67002,1.48,1.00
2014.06.04 08:22:41.422,1.66995,1.67002,2.59,1.00
2014.06.04 08:22:41.625,1.66992,1.67001,1.95,3.00
2014.06.04 08:22:41.676,1.66992,1.66998,1.13,1.10
2014.06.04 08:22:42.089,1.66989,1.66998,2.18,1.00
2014.06.04 08:22:42.653,1.6699,1.66998,1.28,1.00
2014.06.04 08:22:42.756,1.66992,1.66998,1.29,1.00
2014.06.04 08:22:43.076,1.66995,1.66999,1.19,1.00
2014.06.04 08:22:43.278,1.66996,1.67005,2.07,12.34
2014.06.04 08:22:45.187,1.66997,1.67004,1.02,1.00
2014.06.04 08:22:45.724,1.66997,1.67005,1.02,1.02
2014.06.04 08:22:48.212,1.66998,1.67005,1.25,1.10
2014.06.04 08:22:49.200,1.66997,1.67006,2.14,1.27
2014.06.04 08:22:49.705,1.66997,1.67006,2.22,1.19
2014.06.04 08:22:49.822,1.66998,1.67007,1.39,2.44
2014.06.04 08:22:49.974,1.66999,1.67007,1.39,1.69
2014.06.04 08:22:50.227,1.66999,1.67007,1.02,1.77
2014.06.04 08:22:52.124,1.66997,1.67007,1.09,1.69
2014.06.04 08:22:52.647,1.66996,1.67006,1.77,1.20
2014.06.04 08:22:53.232,1.66997,1.67006,1.25,1.77
2014.06.04 08:22:53.790,1.66997,1.67005,2.07,1.25
2014.06.04 08:22:56.709,1.66996,1.67006,2.89,1.50
2014.06.04 08:22:57.284,1.66997,1.67001,1.08,1.00
2014.06.04 08:22:57.387,1.66994,1.66999,1.84,1.00
2014.06.04 08:22:57.488,1.66994,1.67003,1.84,1.95
2014.06.04 08:22:57.791,1.66996,1.67005,2.40,1.02
2014.06.04 08:22:58.464,1.66995,1.67004,1.39,1.00
2014.06.04 08:22:58.565,1.66995,1.67005,1.77,2.89
2014.06.04 08:22:58.969,1.66995,1.67006,2.44,3.27
2014.06.04 08:22:59.282,1.66995,1.67004,1.77,1.08
2014.06.04 08:22:59.787,1.66995,1.67002,1.00,1.00
2014.06.04 08:22:59.838,1.66995,1.67001,1.00,1.18
2014.06.04 08:22:59.889,1.66993,1.66999,1.00,1.25
2014.06.04 08:23:00.394,1.66992,1.66998,1.00,1.10
2014.06.04 08:23:00.554,1.6699,1.66998,1.10,1.10
2014.06.04 08:23:01.871,1.6699,1.66998,1.29,1.10
2014.06.04 08:23:02.387,1.66992,1.66999,1.00,1.47
2014.06.04 08:23:02.892,1.66992,1.66999,1.00,1.25
2014.06.04 08:23:03.346,1.66995,1.66999,1.00,1.69
2014.06.04 08:23:03.851,1.66994,1.66999,1.00,1.02
2014.06.04 08:23:04.400,1.66994,1.66998,1.00,1.25
2014.06.04 08:23:06.067,1.66994,1.66998,1.00,1.19
2014.06.04 08:23:06.431,1.66992,1.66998,1.00,1.19
2014.06.04 08:23:07.187,1.6699,1.66998,1.18,1.32
2014.06.04 08:23:07.732,1.66992,1.66998,1.00,1.47
2014.06.04 08:23:08.054,1.66994,1.66998,1.00,1.47
2014.06.04 08:23:09.089,1.66993,1.66999,1.00,2.89
2014.06.04 08:23:09.393,1.66991,1.66999,2.25,2.89
2014.06.04 08:23:09.904,1.66992,1.66999,1.00,2.89
2014.06.04 08:23:10.825,1.66994,1.66999,1.00,2.14
2014.06.04 08:23:11.156,1.66991,1.66999,1.00,2.14
2014.06.04 08:23:11.661,1.6699,1.66999,1.69,4.02
2014.06.04 08:23:12.850,1.66991,1.66999,1.00,2.52
2014.06.04 08:23:13.972,1.6699,1.66999,1.69,3.27
2014.06.04 08:23:14.832,1.66991,1.66999,1.00,2.14
2014.06.04 08:23:15.388,1.6699,1.66999,1.25,2.89
2014.06.04 08:23:16.160,1.66991,1.66999,1.00,2.14
2014.06.04 08:23:17.387,1.66994,1.66999,1.00,2.14
2014.06.04 08:23:17.938,1.66994,1.66999,1.00,1.69
2014.06.04 08:23:18.450,1.66993,1.66998,1.00,1.25
2014.06.04 08:23:19.013,1.66995,1.66998,1.00,1.25
2014.06.04 08:23:19.225,1.66995,1.67001,1.00,2.14
2014.06.04 08:23:19.327,1.66998,1.67002,1.00,2.07
2014.06.04 08:23:19.480,1.66999,1.67004,1.00,1.25
2014.06.04 08:23:19.581,1.66997,1.67005,2.40,49.32
2014.06.04 08:23:19.893,1.66996,1.67003,1.00,1.28
2014.06.04 08:23:20.298,1.66993,1.67002,3.15,1.02
2014.06.04 08:23:21.352,1.66994,1.67003,1.20,1.69
2014.06.04 08:23:23.136,1.66995,1.67004,1.27,1.77
2014.06.04 08:23:24.162,1.66999,1.67004,1.00,1.77
2014.06.04 08:23:25.146,1.66998,1.67004,1.00,1.10
2014.06.04 08:23:26.121,1.67001,1.67004,1.00,1.00
2014.06.04 08:23:26.324,1.66998,1.67006,1.10,1.29
2014.06.04 08:23:26.830,1.66999,1.67006,1.00,1.29
2014.06.04 08:23:27.980,1.66998,1.67006,1.10,1.29
2014.06.04 08:23:29.766,1.66998,1.67004,1.10,1.69
2014.06.04 08:23:29.867,1.66994,1.67,1.00,1.10
2014.06.04 08:23:30.373,1.66993,1.67002,1.20,2.07
2014.06.04 08:23:31.474,1.66993,1.67001,1.02,1.02
2014.06.04 08:23:33.231,1.66993,1.66999,1.10,1.00
2014.06.04 08:23:33.332,1.6699,1.66998,2.33,1.69
2014.06.04 08:23:33.435,1.6699,1.66997,1.08,1.19
2014.06.04 08:23:33.890,1.66988,1.66997,1.09,1.29
2014.06.04 08:23:34.396,1.66987,1.66996,2.14,1.69
2014.06.04 08:23:34.497,1.66987,1.66996,1.77,1.84
2014.06.04 08:23:34.548,1.66987,1.66996,1.69,2.44
2014.06.04 08:23:35.756,1.66991,1.66995,1.00,1.39
2014.06.04 08:23:35.908,1.66988,1.66995,1.00,1.39
2014.06.04 08:23:36.515,1.66988,1.66995,1.00,1.25
2014.06.04 08:23:38.225,1.66988,1.66995,1.18,1.25
2014.06.04 08:23:41.318,1.66987,1.66996,1.39,1.69
2014.06.04 08:23:41.933,1.66987,1.66996,1.19,1.77
2014.06.04 08:23:42.446,1.66989,1.66997,1.69,1.47
2014.06.04 08:23:42.965,1.6699,1.66997,1.00,1.47
2014.06.04 08:23:43.479,1.6699,1.66997,1.00,2.59
2014.06.04 08:23:44.080,1.66989,1.66997,1.25,3.34
2014.06.04 08:23:45.234,1.66987,1.66997,1.69,4.10
2014.06.04 08:23:46.185,1.66987,1.66997,1.69,3.72
2014.06.04 08:23:46.935,1.66989,1.66997,1.00,3.34
2014.06.04 08:23:51.709,1.66988,1.66996,1.00,1.20
2014.06.04 08:23:52.980,1.66987,1.66996,1.32,1.20
2014.06.04 08:23:53.507,1.66987,1.66996,2.14,1.18
2014.06.04 08:23:55.100,1.66986,1.66995,2.22,1.10
2014.06.04 08:23:58.762,1.66987,1.66997,1.32,2.59
2014.06.04 08:23:59.159,1.66986,1.66994,1.69,1.00
2014.06.04 08:24:05.660,1.66987,1.66996,1.77,1.25
2014.06.04 08:24:09.254,1.66988,1.66996,1.39,1.00
2014.06.04 08:24:09.378,1.66991,1.67,1.08,1.77
2014.06.04 08:24:09.479,1.66994,1.67002,1.10,1.10
2014.06.04 08:24:09.984,1.66995,1.67004,1.69,1.39
2014.06.04 08:24:11.843,1.66995,1.67003,2.07,1.18
2014.06.04 08:24:11.995,1.66995,1.67004,2.97,1.02
2014.06.04 08:24:12.248,1.66996,1.67004,1.77,1.25
2014.06.04 08:24:12.887,1.66996,1.67005,2.52,1.25
2014.06.04 08:24:14.889,1.66996,1.67006,1.77,1.02
2014.06.04 08:24:16.358,1.66997,1.67006,1.27,2.52
2014.06.04 08:24:16.510,1.66997,1.67006,1.27,2.14
2014.06.04 08:24:17.016,1.66997,1.67006,1.27,1.77
2014.06.04 08:24:17.911,1.66997,1.67006,1.77,1.77
2014.06.04 08:24:21.023,1.66999,1.67006,1.00,1.02
2014.06.04 08:24:21.427,1.67002,1.67006,1.00,1.25
2014.06.04 08:24:21.997,1.67001,1.67007,1.00,1.69
2014.06.04 08:24:22.638,1.67,1.67007,1.10,1.69
2014.06.04 08:24:23.163,1.66999,1.67007,1.28,1.00
2014.06.04 08:24:23.316,1.66997,1.67007,2.97,1.18
2014.06.04 08:24:24.522,1.66997,1.67006,1.84,1.29
2014.06.04 08:24:25.418,1.66998,1.67007,1.29,2.22
2014.06.04 08:24:29.108,1.67,1.67008,1.00,1.77
2014.06.04 08:24:29.209,1.67002,1.67009,1.00,1.20
2014.06.04 08:24:29.541,1.67006,1.67013,1.19,1.18
2014.06.04 08:24:29.592,1.67007,1.67016,2.52,1.84
2014.06.04 08:24:34.370,1.67009,1.67016,1.19,1.18
2014.06.04 08:24:35.392,1.67009,1.67016,1.25,1.18
2014.06.04 08:24:35.883,1.67012,1.67016,1.19,1.00
2014.06.04 08:24:35.934,1.67012,1.67018,1.32,1.00
2014.06.04 08:24:36.137,1.67014,1.67022,1.25,2.33
2014.06.04 08:24:36.187,1.67016,1.67022,1.25,2.33
2014.06.04 08:24:36.491,1.67016,1.67026,1.09,1.09
2014.06.04 08:24:36.693,1.67018,1.67026,2.52,1.10
2014.06.04 08:24:37.364,1.67019,1.67027,1.39,1.58
2014.06.04 08:24:37.667,1.67025,1.67031,1.50,1.00
2014.06.04 08:24:37.972,1.67028,1.67033,1.02,1.00
2014.06.04 08:24:38.387,1.67028,1.67035,1.02,1.00
2014.06.04 08:24:38.935,1.67028,1.67036,1.02,1.20
2014.06.04 08:24:39.420,1.67028,1.67036,1.25,1.58
2014.06.04 08:24:39.959,1.67027,1.67036,3.19,2.03
2014.06.04 08:24:40.473,1.67027,1.67036,3.19,1.58
2014.06.04 08:24:40.980,1.67026,1.67036,2.59,3.53
2014.06.04 08:24:41.506,1.67027,1.67034,1.25,1.00
2014.06.04 08:24:42.340,1.67027,1.67036,1.25,4.47
2014.06.04 08:24:42.931,1.67025,1.67036,1.47,4.47
2014.06.04 08:24:43.921,1.67025,1.67034,1.84,1.00
2014.06.04 08:24:45.912,1.67025,1.67036,1.84,5.22
2014.06.04 08:24:46.417,1.67026,1.67035,1.39,1.25
2014.06.04 08:24:47.339,1.67027,1.67034,1.25,1.00
2014.06.04 08:24:47.878,1.67028,1.67035,1.25,1.00
2014.06.04 08:24:48.394,1.67028,1.67035,1.25,1.20
2014.06.04 08:24:53.319,1.67028,1.67035,1.25,1.08
2014.06.04 08:24:53.848,1.67028,1.67035,1.25,1.00
2014.06.04 08:24:54.517,1.67028,1.67034,1.25,1.00
2014.06.04 08:24:54.568,1.67028,1.67036,1.25,2.59
2014.06.04 08:24:54.775,1.67028,1.67033,1.25,1.00
2014.06.04 08:24:55.303,1.67028,1.67032,1.25,1.00
2014.06.04 08:24:55.854,1.67028,1.67034,1.25,1.00
2014.06.04 08:24:56.107,1.67028,1.67032,2.44,1.00
2014.06.04 08:24:57.635,1.67028,1.67034,2.59,1.00
2014.06.04 08:24:57.838,1.67028,1.67032,2.59,1.00
2014.06.04 08:24:58.810,1.67028,1.67032,1.09,1.00
2014.06.04 08:24:59.325,1.67028,1.67031,1.25,1.00
2014.06.04 08:24:59.850,1.67028,1.67031,1.19,1.00
2014.06.04 08:25:00.206,1.67028,1.67033,1.19,1.00
2014.06.04 08:25:00.359,1.67026,1.67033,1.37,1.00
2014.06.04 08:25:00.864,1.67026,1.67034,1.84,1.00
2014.06.04 08:25:01.636,1.67027,1.67034,1.25,1.13
2014.06.04 08:25:02.152,1.67026,1.67033,1.25,1.65
2014.06.04 08:25:02.727,1.67025,1.67033,1.29,1.10
2014.06.04 08:25:03.344,1.67025,1.6703,1.39,1.13
2014.06.04 08:25:03.446,1.67023,1.67029,1.38,1.00
2014.06.04 08:25:03.607,1.67021,1.67027,1.39,1.00
2014.06.04 08:25:03.658,1.67021,1.67027,1.39,1.00
2014.06.04 08:25:04.535,1.6702,1.67029,2.97,1.00
2014.06.04 08:25:05.544,1.67021,1.67029,1.77,1.00
2014.06.04 08:25:05.848,1.67023,1.67029,1.77,1.00
2014.06.04 08:25:06.101,1.67023,1.67032,1.77,1.69
2014.06.04 08:25:06.633,1.67023,1.67032,1.69,1.09
2014.06.04 08:25:07.137,1.67023,1.67031,1.69,1.25
2014.06.04 08:25:07.814,1.67024,1.67033,1.00,2.59
2014.06.04 08:25:08.364,1.67024,1.67033,1.25,1.34
2014.06.04 08:25:09.248,1.67024,1.67031,1.25,1.00
2014.06.04 08:25:09.755,1.67025,1.67031,1.00,1.00
2014.06.04 08:25:09.907,1.67023,1.67031,1.69,1.25
2014.06.04 08:25:10.730,1.67023,1.6703,1.00,1.25
2014.06.04 08:25:10.781,1.67021,1.6703,2.40,1.39
2014.06.04 08:25:11.287,1.67021,1.67029,3.57,1.18
2014.06.04 08:25:12.141,1.67023,1.67031,1.32,1.32
2014.06.04 08:25:12.445,1.67027,1.67032,1.00,1.57
2014.06.04 08:25:12.649,1.67028,1.67032,1.00,1.19
2014.06.04 08:25:12.801,1.67026,1.67032,1.00,1.19
2014.06.04 08:25:13.308,1.67027,1.67031,1.00,1.32
2014.06.04 08:25:13.845,1.67027,1.67031,1.00,2.07
2014.06.04 08:25:14.369,1.67026,1.67031,1.00,2.07
2014.06.04 08:25:15.954,1.67026,1.67029,1.00,1.00
2014.06.04 08:25:16.106,1.67026,1.67029,1.00,1.00
2014.06.04 08:25:16.619,1.67027,1.67031,1.00,1.19
2014.06.04 08:25:17.395,1.67027,1.67031,1.00,1.19
2014.06.04 08:25:17.961,1.67027,1.67033,1.00,2.22
2014.06.04 08:25:18.656,1.67027,1.67033,1.00,2.14
2014.06.04 08:25:19.330,1.67026,1.67033,1.00,2.14
2014.06.04 08:25:19.459,1.67026,1.6703,1.00,1.00
2014.06.04 08:25:20.513,1.67026,1.6703,1.00,1.69
2014.06.04 08:25:20.665,1.67024,1.67029,1.00,1.69
2014.06.04 08:25:20.868,1.67022,1.67029,1.00,1.84
2014.06.04 08:25:21.378,1.67019,1.67027,1.09,1.25
2014.06.04 08:25:21.833,1.6702,1.67029,3.34,1.50
2014.06.04 08:25:21.935,1.67022,1.67029,1.50,1.00
2014.06.04 08:25:21.986,1.67024,1.67031,2.22,1.00
2014.06.04 08:25:23.840,1.67024,1.67031,1.28,2.07
2014.06.04 08:25:23.992,1.67024,1.67029,1.20,1.48
2014.06.04 08:25:24.198,1.67022,1.67029,1.00,1.48
2014.06.04 08:25:24.704,1.67022,1.67029,1.00,1.10
2014.06.04 08:25:25.209,1.67023,1.67028,1.00,1.50
2014.06.04 08:25:25.724,1.67022,1.67028,1.00,1.50
2014.06.04 08:25:26.574,1.67024,1.67028,1.00,1.88
2014.06.04 08:25:26.722,1.67021,1.67028,2.14,1.88
2014.06.04 08:25:31.104,1.67019,1.67027,2.14,1.25
2014.06.04 08:25:31.808,1.67019,1.67027,2.14,1.25
2014.06.04 08:25:31.910,1.67022,1.67031,1.64,2.40
2014.06.04 08:25:32.011,1.67025,1.67032,1.00,1.18
2014.06.04 08:25:32.113,1.67025,1.67033,1.40,1.25
2014.06.04 08:25:32.264,1.67025,1.67032,2.00,1.00
2014.06.04 08:25:32.366,1.67023,1.67031,1.45,1.00
2014.06.04 08:25:32.467,1.67023,1.6703,1.18,1.25
2014.06.04 08:25:34.381,1.67021,1.67031,3.27,1.02
2014.06.04 08:25:37.610,1.67024,1.67032,2.14,1.25
2014.06.04 08:25:38.112,1.67025,1.67032,1.25,1.18
2014.06.04 08:25:38.315,1.67023,1.67031,1.02,1.02
2014.06.04 08:25:39.628,1.67026,1.67033,1.38,1.13
2014.06.04 08:25:39.679,1.67026,1.67035,1.48,2.97
2014.06.04 08:25:39.830,1.67027,1.67035,1.09,1.25
2014.06.04 08:25:39.982,1.67024,1.67035,3.64,3.73
2014.06.04 08:25:40.847,1.67024,1.67031,2.89,1.00
2014.06.04 08:25:43.951,1.67024,1.67033,3.27,1.50
2014.06.04 08:25:46.040,1.67028,1.67033,1.84,1.00
2014.06.04 08:25:46.701,1.67027,1.67035,1.37,1.00
2014.06.04 08:25:47.589,1.67026,1.67036,4.35,1.10
2014.06.04 08:25:48.106,1.67028,1.67037,1.37,2.44
2014.06.04 08:25:48.782,1.6703,1.67038,2.07,1.25
2014.06.04 08:25:48.934,1.6703,1.67039,2.52,2.44
2014.06.04 08:25:49.440,1.67032,1.6704,1.33,1.69
2014.06.04 08:25:49.592,1.67033,1.6704,1.39,1.00
2014.06.04 08:25:51.793,1.67034,1.6704,1.25,1.10
2014.06.04 08:25:52.308,1.6703,1.67037,3.98,1.00
2014.06.04 08:25:52.561,1.6703,1.67037,1.02,1.00
2014.06.04 08:25:53.796,1.67032,1.67037,1.25,1.00
2014.06.04 08:25:54.102,1.67034,1.67039,1.29,1.00
2014.06.04 08:25:55.794,1.67035,1.67043,1.63,1.09
2014.06.04 08:25:55.844,1.67037,1.67043,3.15,1.65
2014.06.04 08:25:56.047,1.67037,1.67045,2.78,1.20
2014.06.04 08:25:56.563,1.67038,1.67044,1.38,1.00
2014.06.04 08:25:56.898,1.67038,1.67044,1.00,1.50
2014.06.04 08:25:57.151,1.67036,1.67043,1.00,1.25
2014.06.04 08:25:57.253,1.67035,1.67041,1.84,1.20
2014.06.04 08:25:57.608,1.67032,1.67041,1.84,1.20
2014.06.04 08:25:58.031,1.6703,1.67039,1.77,3.64
2014.06.04 08:25:58.549,1.67029,1.67037,1.20,1.00
2014.06.04 08:25:58.954,1.67029,1.67037,1.20,1.10
2014.06.04 08:26:00.139,1.67028,1.67035,1.18,1.25
2014.06.04 08:26:00.291,1.67026,1.67034,3.15,1.02
2014.06.04 08:26:00.696,1.67026,1.67034,2.03,2.07
2014.06.04 08:26:01.050,1.67028,1.67034,1.00,2.44
2014.06.04 08:26:01.173,1.67026,1.67034,2.03,2.14
2014.06.04 08:26:01.226,1.67026,1.67034,2.03,1.84
2014.06.04 08:26:01.736,1.67026,1.67033,1.99,1.25
2014.06.04 08:26:02.287,1.67026,1.67034,1.99,1.25
2014.06.04 08:26:04.231,1.67026,1.67034,1.84,1.33
2014.06.04 08:26:04.751,1.67026,1.67032,1.84,1.00
2014.06.04 08:26:05.252,1.67026,1.67033,1.84,1.10
2014.06.04 08:26:11.552,1.67026,1.67035,1.92,3.64
2014.06.04 08:26:16.096,1.67026,1.67035,3.53,2.14
2014.06.04 08:26:16.602,1.67026,1.67032,2.03,1.00
2014.06.04 08:26:22.613,1.67026,1.67033,2.78,1.10
2014.06.04 08:26:23.812,1.67026,1.67032,2.78,1.00
2014.06.04 08:26:24.344,1.67026,1.67031,2.78,1.00
2014.06.04 08:26:26.109,1.67026,1.67033,1.84,1.10
2014.06.04 08:26:27.005,1.67026,1.67032,1.84,1.00
2014.06.04 08:26:27.514,1.67026,1.67034,2.78,1.39
2014.06.04 08:26:29.832,1.67026,1.67032,1.28,1.00
2014.06.04 08:26:30.338,1.67024,1.67032,1.77,1.25
2014.06.04 08:26:30.493,1.67024,1.67032,2.44,1.25
2014.06.04 08:26:31.174,1.67024,1.67031,1.50,1.00
2014.06.04 08:26:31.568,1.67024,1.6703,1.08,1.00
2014.06.04 08:26:31.770,1.6702,1.67029,1.77,3.00
2014.06.04 08:26:31.821,1.6702,1.67029,2.14,3.94
2014.06.04 08:26:34.040,1.67018,1.67027,3.27,1.19
2014.06.04 08:26:34.091,1.67019,1.67028,1.37,1.25
2014.06.04 08:26:34.142,1.67019,1.67026,1.37,1.00
2014.06.04 08:26:34.648,1.67017,1.67025,1.77,1.25
2014.06.04 08:26:35.903,1.67017,1.67027,1.58,1.77
2014.06.04 08:26:37.213,1.67017,1.67027,2.33,2.89
2014.06.04 08:26:37.722,1.67017,1.67027,3.08,1.29
2014.06.04 08:26:38.729,1.67019,1.67027,1.48,1.02
2014.06.04 08:26:39.251,1.67019,1.67027,1.48,1.02
2014.06.04 08:26:39.660,1.67017,1.67026,3.27,1.19
2014.06.04 08:26:40.634,1.67017,1.67027,2.33,1.77
2014.06.04 08:26:41.174,1.67018,1.67027,1.74,1.02
2014.06.04 08:26:42.683,1.67018,1.67027,1.74,1.77
2014.06.04 08:26:43.217,1.67019,1.67028,1.77,1.00
2014.06.04 08:26:43.723,1.67021,1.6703,4.09,1.27
2014.06.04 08:26:44.228,1.67022,1.67031,2.59,1.29
2014.06.04 08:26:45.680,1.67023,1.67032,1.02,2.59
2014.06.04 08:26:46.686,1.67023,1.67032,1.29,1.84
2014.06.04 08:26:51.839,1.67024,1.6703,1.25,1.00
2014.06.04 08:26:52.379,1.67023,1.6703,1.02,1.00
2014.06.04 08:26:52.882,1.67022,1.67029,1.69,1.13
2014.06.04 08:26:53.628,1.6702,1.67026,1.63,1.00
2014.06.04 08:26:53.949,1.67019,1.67024,2.07,1.00
2014.06.04 08:26:54.454,1.67019,1.67026,2.07,1.08
2014.06.04 08:26:54.758,1.67019,1.67027,2.14,1.20
2014.06.04 08:26:55.428,1.67019,1.67026,2.14,1.00
2014.06.04 08:26:56.086,1.67017,1.67024,7.02,1.00
2014.06.04 08:26:56.592,1.6702,1.67027,1.63,1.10
2014.06.04 08:26:57.097,1.6702,1.67028,2.22,1.25
2014.06.04 08:26:57.913,1.6702,1.67027,1.38,1.02
2014.06.04 08:26:59.449,1.67018,1.67026,1.47,1.00
2014.06.04 08:27:00.030,1.67018,1.67026,2.22,1.00
2014.06.04 08:27:00.546,1.6702,1.67026,1.25,1.00
2014.06.04 08:27:01.051,1.6702,1.67028,1.25,1.09
2014.06.04 08:27:02.578,1.67019,1.67027,1.39,1.02
2014.06.04 08:27:03.083,1.6702,1.67028,1.25,1.09
2014.06.04 08:27:03.852,1.6702,1.67029,1.19,2.89
2014.06.04 08:27:04.573,1.67019,1.67028,1.20,1.47
2014.06.04 08:27:04.674,1.67019,1.67026,1.10,1.69
2014.06.04 08:27:05.541,1.67018,1.67027,1.84,1.10
2014.06.04 08:27:05.592,1.67018,1.67027,2.44,1.00
2014.06.04 08:27:05.896,1.67022,1.67028,2.22,1.00
2014.06.04 08:27:05.998,1.67022,1.67027,1.84,1.00
2014.06.04 08:27:06.705,1.67025,1.67027,1.50,1.00
2014.06.04 08:27:06.807,1.67025,1.67033,2.33,1.58
2014.06.04 08:27:06.858,1.67027,1.67033,1.57,1.10
2014.06.04 08:27:06.959,1.67028,1.67035,1.39,1.00
2014.06.04 08:27:08.122,1.67028,1.67034,2.89,1.00
2014.06.04 08:27:09.308,1.67028,1.67035,2.89,1.00
2014.06.04 08:27:09.852,1.67028,1.67033,2.89,1.00
2014.06.04 08:27:10.365,1.67029,1.67034,1.88,1.00
2014.06.04 08:27:10.940,1.67027,1.67033,1.19,1.00
2014.06.04 08:27:11.522,1.67025,1.67033,2.52,1.00
2014.06.04 08:27:15.338,1.67025,1.67032,2.33,1.00
2014.06.04 08:27:16.681,1.67025,1.67031,1.58,1.00
2014.06.04 08:27:17.238,1.67026,1.67032,1.58,1.00
2014.06.04 08:27:18.199,1.67027,1.67032,1.00,1.00
2014.06.04 08:27:19.185,1.67026,1.67035,3.27,1.39
2014.06.04 08:27:19.720,1.67026,1.67034,3.27,1.02
2014.06.04 08:27:22.548,1.67026,1.67033,1.58,1.00
2014.06.04 08:27:24.562,1.67026,1.67035,1.58,2.14
2014.06.04 08:27:27.102,1.67025,1.67033,1.77,1.00
2014.06.04 08:27:28.188,1.67026,1.67033,1.20,1.00
2014.06.04 08:27:28.492,1.67029,1.67034,2.00,1.00
2014.06.04 08:27:28.644,1.67031,1.67036,2.44,1.00
2014.06.04 08:27:28.745,1.67032,1.67041,1.63,1.58
2014.06.04 08:27:29.049,1.67037,1.67041,6.19,4.13
2014.06.04 08:27:29.353,1.6704,1.67048,2.82,1.25
2014.06.04 08:27:29.757,1.67041,1.67048,2.00,1.00
2014.06.04 08:27:29.909,1.6704,1.67048,1.69,1.00
2014.06.04 08:27:30.237,1.6704,1.67046,1.69,1.00
2014.06.04 08:27:30.689,1.6704,1.67049,1.69,2.44
2014.06.04 08:27:30.790,1.6704,1.67049,1.27,2.52
2014.06.04 08:27:31.043,1.6704,1.67047,1.27,1.00
2014.06.04 08:27:31.818,1.67038,1.67048,1.45,1.13
2014.06.04 08:27:32.142,1.67041,1.67046,1.68,1.00
2014.06.04 08:27:32.196,1.67041,1.67045,1.20,1.00
2014.06.04 08:27:32.348,1.6704,1.67048,1.50,1.00
2014.06.04 08:27:32.854,1.6704,1.67047,1.50,1.00
2014.06.04 08:27:33.371,1.6704,1.67048,2.25,1.00
2014.06.04 08:27:33.573,1.67042,1.67047,1.88,1.00
2014.06.04 08:27:33.878,1.67041,1.6705,1.88,1.00
2014.06.04 08:27:34.030,1.67046,1.6705,1.08,1.00
2014.06.04 08:27:34.301,1.67043,1.67049,1.58,1.00
2014.06.04 08:27:34.403,1.67043,1.6705,1.00,1.20
2014.06.04 08:27:34.454,1.6704,1.6705,1.10,1.95
2014.06.04 08:27:34.606,1.6704,1.6705,1.20,1.58
2014.06.04 08:27:35.543,1.6704,1.67048,1.58,1.00
2014.06.04 08:27:35.746,1.67037,1.67048,4.88,1.10
2014.06.04 08:27:35.797,1.67037,1.67048,4.28,1.20
2014.06.04 08:27:36.302,1.67039,1.67045,1.00,1.00
2014.06.04 08:27:36.795,1.67042,1.67045,1.00,1.00
2014.06.04 08:27:37.049,1.67043,1.67047,1.18,1.00
2014.06.04 08:27:37.102,1.67044,1.67053,1.13,1.50
2014.06.04 08:27:37.203,1.67049,1.67054,1.88,1.00
2014.06.04 08:27:37.356,1.67046,1.67054,1.65,1.00
2014.06.04 08:27:37.457,1.67042,1.67051,2.63,1.88
2014.06.04 08:27:37.509,1.6704,1.67051,4.62,2.40
2014.06.04 08:27:37.610,1.67038,1.6705,2.52,1.95
2014.06.04 08:27:38.117,1.67037,1.67047,2.59,1.00
2014.06.04 08:27:38.541,1.6704,1.67049,1.84,2.40
2014.06.04 08:27:39.250,1.6704,1.67049,3.42,1.65
2014.06.04 08:27:39.553,1.6704,1.67048,3.34,1.18
2014.06.04 08:27:40.780,1.67043,1.67049,1.13,1.18
2014.06.04 08:27:40.881,1.67043,1.67051,1.20,1.47
2014.06.04 08:27:41.084,1.67043,1.6705,3.42,1.00
2014.06.04 08:27:41.589,1.67043,1.67051,4.54,1.00
2014.06.04 08:27:42.382,1.67042,1.67051,1.65,1.10
2014.06.04 08:27:42.433,1.67042,1.67049,1.65,1.00
2014.06.04 08:27:42.535,1.67041,1.67049,1.02,1.10
2014.06.04 08:27:42.642,1.67041,1.6705,1.69,1.00
2014.06.04 08:27:43.524,1.67044,1.67051,1.10,1.00
2014.06.04 08:27:43.937,1.67041,1.67048,1.58,1.00
2014.06.04 08:27:44.242,1.67036,1.67043,1.18,1.00
2014.06.04 08:27:44.444,1.67037,1.67045,2.33,1.58
2014.06.04 08:27:44.596,1.67037,1.67045,2.63,1.50
2014.06.04 08:27:45.101,1.67037,1.67046,2.70,1.00
2014.06.04 08:27:46.080,1.67037,1.67043,2.70,1.00
2014.06.04 08:27:46.236,1.67034,1.67043,1.45,1.50
2014.06.04 08:27:46.595,1.67033,1.67041,1.75,1.00
2014.06.04 08:27:47.605,1.67036,1.67042,1.15,1.00
2014.06.04 08:27:47.656,1.67036,1.67044,1.15,1.00
2014.06.04 08:27:47.960,1.67037,1.67047,1.50,3.34
2014.06.04 08:27:48.465,1.67037,1.67044,1.50,1.00
2014.06.04 08:27:48.618,1.67037,1.67046,1.50,1.28
2014.06.04 08:27:49.164,1.67037,1.67045,1.50,1.00
2014.06.04 08:27:50.622,1.67037,1.67044,1.50,1.00
2014.06.04 08:27:50.886,1.67033,1.67041,1.75,1.00
2014.06.04 08:27:52.156,1.67035,1.67043,2.74,1.00
2014.06.04 08:27:52.258,1.67037,1.67045,1.50,1.50
2014.06.04 08:27:55.686,1.67037,1.67046,1.88,1.20
2014.06.04 08:27:59.857,1.67037,1.67047,1.95,1.95
2014.06.04 08:28:00.380,1.67039,1.67047,2.29,1.10
2014.06.04 08:28:00.684,1.67037,1.67046,1.95,1.88
2014.06.04 08:28:00.735,1.67037,1.67046,1.58,1.95
2014.06.04 08:28:00.786,1.67034,1.67043,1.58,1.00
2014.06.04 08:28:00.887,1.67037,1.67045,1.58,1.20
2014.06.04 08:28:01.392,1.67037,1.67045,1.65,1.00
2014.06.04 08:28:05.590,1.67036,1.67045,2.29,1.18
2014.06.04 08:28:06.207,1.67036,1.67046,2.37,1.38
2014.06.04 08:28:06.308,1.67036,1.67046,5.59,1.13
2014.06.04 08:28:06.814,1.67036,1.67047,6.72,1.13
2014.06.04 08:28:06.965,1.67036,1.67047,4.54,1.20
2014.06.04 08:28:09.101,1.67039,1.67049,1.50,1.00
2014.06.04 08:28:09.506,1.6704,1.67051,2.85,1.58
2014.06.04 08:28:09.658,1.67039,1.67051,3.75,4.84
2014.06.04 08:28:09.759,1.67038,1.67049,1.00,3.38
2014.06.04 08:28:09.861,1.67037,1.67046,2.03,1.00
2014.06.04 08:28:09.912,1.67035,1.67043,1.50,1.00
2014.06.04 08:28:10.064,1.67034,1.67044,1.58,1.20
2014.06.04 08:28:10.165,1.67037,1.67044,1.50,1.18
2014.06.04 08:28:10.417,1.67037,1.67045,1.58,1.10
2014.06.04 08:28:13.886,1.67035,1.67045,3.08,1.20
2014.06.04 08:28:15.008,1.67034,1.67042,1.95,1.00
2014.06.04 08:28:15.513,1.67035,1.67045,1.58,1.13
2014.06.04 08:28:15.715,1.67036,1.67047,1.13,2.14
2014.06.04 08:28:17.406,1.67038,1.67049,2.78,1.58
2014.06.04 08:28:17.659,1.67041,1.6705,1.95,2.22
2014.06.04 08:28:19.317,1.67042,1.67052,1.88,1.84
2014.06.04 08:28:19.368,1.67046,1.67052,1.00,1.50
2014.06.04 08:28:19.571,1.67049,1.67059,1.40,1.50
2014.06.04 08:28:20.076,1.67048,1.6706,2.25,1.84
2014.06.04 08:28:20.127,1.67048,1.67058,1.50,1.13
2014.06.04 08:28:20.249,1.67048,1.67058,1.20,1.28
2014.06.04 08:28:20.755,1.67047,1.67057,1.15,1.25
2014.06.04 08:28:21.895,1.6705,1.67057,1.88,1.00
2014.06.04 08:28:22.400,1.67052,1.67058,1.50,1.20
2014.06.04 08:28:24.441,1.67051,1.67059,1.95,1.10
2014.06.04 08:28:25.246,1.67051,1.67056,1.95,1.00
2014.06.04 08:28:25.449,1.67051,1.67061,2.63,1.40
2014.06.04 08:28:25.853,1.67052,1.67061,1.65,1.10
2014.06.04 08:28:30.327,1.67052,1.67061,1.50,1.50
2014.06.04 08:28:30.450,1.67052,1.67062,2.63,2.78
2014.06.04 08:28:32.339,1.6705,1.6706,3.15,1.09
2014.06.04 08:28:32.845,1.67052,1.6706,1.50,1.47
2014.06.04 08:28:33.104,1.67052,1.6706,1.95,1.13
2014.06.04 08:28:33.624,1.67052,1.67062,2.70,1.39
2014.06.04 08:28:35.551,1.67052,1.67061,1.88,1.50
2014.06.04 08:28:35.855,1.67054,1.67061,1.00,1.20
2014.06.04 08:28:35.906,1.67055,1.67065,1.10,7.50
2014.06.04 08:28:35.957,1.67055,1.67065,1.10,3.45
2014.06.04 08:28:36.311,1.67051,1.67061,4.13,1.00
2014.06.04 08:28:36.615,1.67053,1.67061,1.88,1.18
2014.06.04 08:28:36.918,1.6705,1.67059,1.38,2.70
2014.06.04 08:28:37.070,1.67053,1.67059,1.50,2.70
2014.06.04 08:28:37.171,1.67049,1.67056,1.48,1.00
2014.06.04 08:28:37.424,1.67046,1.67056,2.03,2.59
2014.06.04 08:28:37.940,1.67046,1.67055,1.88,1.65
2014.06.04 08:28:39.273,1.67046,1.67056,2.33,1.39
2014.06.04 08:28:39.778,1.67048,1.67056,1.50,1.18
2014.06.04 08:28:39.829,1.67048,1.67056,1.88,1.18
2014.06.04 08:28:42.421,1.6705,1.67053,1.50,1.38
2014.06.04 08:28:42.573,1.67046,1.67049,1.00,1.00
2014.06.04 08:28:42.675,1.67041,1.67047,1.97,1.00
2014.06.04 08:28:42.878,1.67037,1.67047,2.70,1.77
2014.06.04 08:28:43.389,1.67036,1.67046,4.13,1.09
2014.06.04 08:28:43.596,1.67037,1.67047,1.00,1.45
2014.06.04 08:28:43.698,1.67037,1.67047,1.18,1.18
2014.06.04 08:28:45.739,1.67035,1.67045,4.69,1.00
2014.06.04 08:28:46.267,1.67036,1.67046,1.20,1.10
2014.06.04 08:28:47.615,1.67036,1.67043,1.20,1.00
2014.06.04 08:28:47.818,1.67035,1.67043,1.10,1.00
2014.06.04 08:28:47.919,1.67035,1.67045,2.33,1.20
2014.06.04 08:28:48.431,1.67036,1.67046,1.13,1.65
2014.06.04 08:28:50.924,1.67037,1.67047,1.10,1.10
2014.06.04 08:28:51.177,1.67042,1.67047,1.00,1.10
2014.06.04 08:28:51.381,1.67046,1.67055,2.14,1.88
2014.06.04 08:28:51.693,1.67046,1.67058,2.14,1.58
2014.06.04 08:28:51.964,1.67046,1.67058,1.95,2.14
2014.06.04 08:28:52.570,1.67046,1.67056,1.18,1.09
2014.06.04 08:28:56.127,1.67044,1.67054,1.50,1.00
2014.06.04 08:28:56.329,1.67044,1.67054,1.18,1.18
2014.06.04 08:29:02.889,1.67044,1.67054,1.10,1.20
2014.06.04 08:29:03.770,1.67041,1.67054,2.22,1.95
2014.06.04 08:29:04.327,1.67041,1.67052,2.03,1.10
2014.06.04 08:29:04.631,1.67043,1.67051,1.88,1.20
2014.06.04 08:29:04.985,1.67042,1.67051,1.95,1.00
2014.06.04 08:29:05.490,1.67045,1.67051,1.50,1.00
2014.06.04 08:29:07.315,1.67043,1.67051,1.88,1.00
2014.06.04 08:29:07.680,1.67046,1.67051,1.50,1.00
2014.06.04 08:29:07.882,1.67043,1.67052,1.88,1.00
2014.06.04 08:29:11.172,1.67044,1.67052,1.50,1.00
2014.06.04 08:29:11.683,1.67045,1.67051,1.50,1.50
2014.06.04 08:29:12.294,1.67042,1.67051,1.95,1.00
2014.06.04 08:29:12.822,1.67044,1.67051,1.50,1.00
2014.06.04 08:29:13.290,1.67044,1.67053,1.50,1.00
2014.06.04 08:29:13.564,1.67044,1.67053,1.50,1.38
2014.06.04 08:29:14.071,1.67042,1.67051,1.88,1.00
2014.06.04 08:29:14.615,1.67044,1.67051,1.50,1.00
2014.06.04 08:29:15.149,1.67044,1.67052,1.50,1.00
2014.06.04 08:29:15.522,1.67049,1.67055,1.38,2.97
2014.06.04 08:29:15.623,1.67053,1.67057,2.67,1.00
2014.06.04 08:29:15.675,1.67055,1.6706,1.39,1.00
2014.06.04 08:29:15.726,1.67055,1.67065,1.39,1.00
2014.06.04 08:29:15.929,1.67055,1.67062,1.18,1.00
2014.06.04 08:29:16.233,1.67055,1.67064,1.00,1.58
2014.06.04 08:29:16.435,1.67055,1.67062,1.00,1.00
2014.06.04 08:29:16.947,1.67055,1.67064,1.00,1.58
2014.06.04 08:29:17.479,1.67054,1.67064,1.00,1.10
2014.06.04 08:29:17.806,1.67052,1.67062,2.33,1.00
2014.06.04 08:29:18.366,1.67052,1.67062,1.00,1.10
2014.06.04 08:29:22.340,1.67052,1.67064,1.00,1.39
2014.06.04 08:29:22.842,1.67052,1.67064,1.08,1.32
2014.06.04 08:29:24.529,1.67053,1.67065,1.58,2.52
2014.06.04 08:29:24.846,1.67055,1.67065,2.33,1.50
2014.06.04 08:29:26.897,1.67057,1.67065,1.50,1.00
2014.06.04 08:29:28.437,1.67055,1.67065,1.10,1.00
2014.06.04 08:29:30.168,1.67056,1.67068,1.00,2.59
2014.06.04 08:29:30.270,1.67056,1.67068,3.38,2.82
2014.06.04 08:29:30.789,1.67056,1.67068,3.38,2.07
2014.06.04 08:29:31.298,1.67057,1.67068,4.13,1.61
2014.06.04 08:29:31.399,1.67058,1.67068,2.25,1.00
2014.06.04 08:29:31.602,1.67058,1.67069,1.93,2.25
2014.06.04 08:29:31.905,1.67059,1.67067,1.50,1.13
2014.06.04 08:29:32.209,1.67051,1.67061,1.84,1.95
2014.06.04 08:29:32.564,1.67051,1.6706,2.03,1.18
2014.06.04 08:29:33.506,1.67051,1.67061,2.78,1.08
2014.06.04 08:29:34.040,1.67051,1.67061,2.78,1.00
2014.06.04 08:29:35.450,1.67051,1.6706,2.59,1.00
2014.06.04 08:29:35.653,1.67049,1.6706,1.25,1.65
2014.06.04 08:29:35.805,1.67051,1.67061,1.00,1.39
2014.06.04 08:29:36.007,1.67049,1.67059,1.50,1.00
2014.06.04 08:29:36.528,1.6705,1.6706,1.00,1.09
2014.06.04 08:29:36.680,1.67052,1.67061,1.08,1.32
2014.06.04 08:29:36.783,1.67053,1.67064,1.88,1.00
2014.06.04 08:29:37.037,1.67055,1.67067,2.25,1.88
2014.06.04 08:29:39.687,1.67055,1.67059,2.25,1.00
2014.06.04 08:29:39.839,1.67048,1.67058,1.20,1.00
2014.06.04 08:29:41.231,1.67048,1.6706,1.20,1.88
2014.06.04 08:29:41.282,1.67048,1.67058,1.20,1.00
2014.06.04 08:29:41.792,1.6705,1.6706,1.18,1.13
2014.06.04 08:29:42.096,1.67052,1.67062,1.00,1.00
2014.06.04 08:29:42.286,1.6705,1.67059,1.34,1.00
2014.06.04 08:29:42.591,1.67046,1.67054,1.48,1.00
2014.06.04 08:29:42.642,1.67046,1.67054,1.18,1.00
2014.06.04 08:29:42.743,1.67044,1.67059,1.50,1.39
2014.06.04 08:29:42.845,1.67044,1.67053,1.50,1.19
2014.06.04 08:29:42.946,1.67044,1.67058,1.50,1.50
2014.06.04 08:29:44.563,1.67047,1.67058,1.10,1.00
2014.06.04 08:29:44.614,1.67047,1.67058,1.20,1.00
2014.06.04 08:29:44.817,1.67047,1.67058,1.00,1.18
2014.06.04 08:29:45.322,1.67041,1.67056,1.00,1.00
2014.06.04 08:29:45.827,1.67037,1.67056,2.44,1.19
2014.06.04 08:29:46.231,1.67042,1.67056,1.00,1.19
2014.06.04 08:29:46.902,1.67042,1.67055,1.00,1.69
2014.06.04 08:29:47.206,1.67045,1.67055,1.00,1.00
2014.06.04 08:29:47.511,1.67045,1.67055,1.75,1.00
2014.06.04 08:29:47.814,1.67045,1.67062,2.25,1.19
2014.06.04 08:29:47.915,1.67045,1.67064,2.25,1.00
2014.06.04 08:29:48.271,1.6705,1.67064,1.50,1.00
2014.06.04 08:29:48.598,1.67056,1.67064,1.00,1.00
2014.06.04 08:29:49.125,1.67057,1.67064,1.00,1.00
2014.06.04 08:29:49.277,1.67057,1.67069,1.25,1.00
2014.06.04 08:29:50.163,1.67055,1.67071,1.19,1.19
2014.06.04 08:29:50.416,1.67052,1.6707,1.00,1.00
2014.06.04 08:29:50.467,1.67051,1.67073,1.20,1.22
2014.06.04 08:29:50.921,1.67051,1.6708,1.50,1.13
2014.06.04 08:29:51.224,1.67055,1.67081,1.20,1.50
2014.06.04 08:29:51.817,1.67049,1.67081,4.20,3.00
2014.06.04 08:29:52.322,1.67049,1.67081,3.98,3.75
2014.06.04 08:29:53.238,1.67049,1.67082,1.38,4.95
2014.06.04 08:29:53.491,1.67051,1.67081,1.00,2.25
2014.06.04 08:29:53.643,1.67056,1.67081,1.00,2.25
2014.06.04 08:29:53.998,1.67052,1.67081,1.00,1.88
2014.06.04 08:29:54.100,1.67055,1.67081,1.00,1.88
2014.06.04 08:29:54.302,1.67055,1.6708,1.00,1.00
2014.06.04 08:29:54.830,1.67054,1.6708,1.20,1.00
2014.06.04 08:29:54.931,1.67053,1.67082,1.20,1.50
2014.06.04 08:29:55.636,1.67053,1.67068,1.20,1.22
2014.06.04 08:29:55.738,1.6705,1.67068,1.00,1.97
2014.06.04 08:29:55.941,1.67056,1.67071,1.00,1.00
2014.06.04 08:29:56.244,1.67059,1.67071,1.00,1.00
2014.06.04 08:29:56.295,1.6706,1.67081,1.00,1.50
2014.06.04 08:29:56.346,1.67065,1.67081,1.00,1.50
2014.06.04 08:29:56.448,1.67061,1.67081,1.00,1.50
2014.06.04 08:29:56.549,1.67058,1.67074,1.58,1.00
2014.06.04 08:29:56.897,1.67047,1.67069,2.25,1.18
2014.06.04 08:29:56.948,1.67055,1.6707,1.00,1.00
2014.06.04 08:29:56.999,1.67055,1.67075,1.00,1.00
2014.06.04 08:29:57.101,1.67058,1.67075,1.00,1.00
2014.06.04 08:29:57.202,1.67055,1.67075,1.13,1.00
2014.06.04 08:29:57.253,1.67049,1.67075,1.50,1.00
2014.06.04 08:29:57.405,1.67049,1.67082,1.00,2.63
2014.06.04 08:29:57.506,1.67045,1.67082,1.88,2.63
2014.06.04 08:29:57.556,1.67044,1.67082,1.68,2.63
2014.06.04 08:29:57.916,1.67051,1.67081,1.00,2.63
2014.06.04 08:29:58.219,1.67039,1.67071,1.88,1.50
2014.06.04 08:29:58.320,1.67048,1.67082,3.75,1.88
2014.06.04 08:29:58.844,1.67049,1.67081,3.00,1.50
2014.06.04 08:29:58.996,1.67055,1.67081,1.00,1.88
2014.06.04 08:29:59.097,1.67045,1.67082,1.13,1.88
2014.06.04 08:29:59.148,1.67049,1.67082,1.00,1.88
2014.06.04 08:30:00.135,1.67059,1.67082,1.13,1.58
2014.06.04 08:30:00.439,1.67064,1.67082,1.95,1.50
2014.06.04 08:30:00.541,1.67064,1.67091,1.95,1.50
2014.06.04 08:30:00.996,1.67061,1.67091,1.50,1.88
2014.06.04 08:30:01.098,1.67065,1.67091,1.00,1.88
2014.06.04 08:30:01.400,1.67084,1.67096,2.44,2.40
2014.06.04 08:30:01.453,1.67095,1.67102,2.44,4.50
2014.06.04 08:30:01.505,1.6707,1.67154,1.13,11.12
2014.06.04 08:30:01.562,1.6707,1.67221,1.13,0.75
2014.06.04 08:30:01.613,1.6719,1.67235,1.00,1.38
2014.06.04 08:30:01.918,1.67187,1.67219,3.86,1.17
2014.06.04 08:30:02.125,1.67209,1.6723,1.88,0.75
2014.06.04 08:30:02.176,1.67209,1.67239,2.25,1.00
2014.06.04 08:30:02.226,1.6722,1.67239,2.25,0.75
2014.06.04 08:30:02.379,1.67221,1.67239,1.15,0.75
2014.06.04 08:30:02.480,1.67222,1.67239,1.13,1.00
2014.06.04 08:30:02.700,1.67229,1.67258,2.43,1.00
2014.06.04 08:30:02.801,1.67233,1.67272,1.95,2.25
2014.06.04 08:30:02.903,1.67245,1.67269,1.10,1.00
2014.06.04 08:30:03.005,1.6723,1.67267,1.50,1.00
2014.06.04 08:30:03.107,1.67244,1.67267,1.50,1.00
2014.06.04 08:30:03.157,1.67244,1.673,1.50,1.13
2014.06.04 08:30:03.209,1.67246,1.67275,1.48,1.13
2014.06.04 08:30:03.310,1.67262,1.67292,1.75,2.25
2014.06.04 08:30:03.361,1.67262,1.67295,1.75,1.88
2014.06.04 08:30:03.411,1.67259,1.67287,1.00,3.00
2014.06.04 08:30:03.462,1.67266,1.67287,1.00,4.00
2014.06.04 08:30:03.766,1.67259,1.67287,1.50,3.00
2014.06.04 08:30:04.102,1.67271,1.67287,1.38,3.00
2014.06.04 08:30:04.355,1.67263,1.67287,1.19,2.63
2014.06.04 08:30:04.405,1.67269,1.67287,1.00,2.63
2014.06.04 08:30:04.708,1.6728,1.67287,1.00,2.63
2014.06.04 08:30:04.809,1.67275,1.67287,1.00,2.63
2014.06.04 08:30:04.860,1.67272,1.67287,1.50,2.63
2014.06.04 08:30:04.962,1.67269,1.67286,0.75,1.00
2014.06.04 08:30:05.063,1.67259,1.67287,1.13,2.63
2014.06.04 08:30:05.164,1.67271,1.67287,0.38,2.63
2014.06.04 08:30:05.265,1.67264,1.67287,1.50,2.63
2014.06.04 08:30:05.518,1.67259,1.67282,1.13,1.20
2014.06.04 08:30:05.569,1.67257,1.67282,1.50,1.20
2014.06.04 08:30:05.620,1.6727,1.67282,1.50,1.20
2014.06.04 08:30:05.923,1.67268,1.67273,2.25,1.22
2014.06.04 08:30:05.974,1.67266,1.67273,1.00,1.22
2014.06.04 08:30:06.025,1.67265,1.67267,1.00,1.00
2014.06.04 08:30:06.126,1.67258,1.67268,5.03,1.22
2014.06.04 08:30:06.177,1.67256,1.67268,1.00,1.22
2014.06.04 08:30:06.228,1.67255,1.67268,1.00,3.47
2014.06.04 08:30:06.279,1.67249,1.67268,2.93,3.47
2014.06.04 08:30:06.330,1.67255,1.67268,1.13,2.72
2014.06.04 08:30:06.532,1.67257,1.67277,1.26,1.00
2014.06.04 08:30:06.633,1.67252,1.6728,3.94,1.00
2014.06.04 08:30:06.734,1.67252,1.67275,1.97,1.13
2014.06.04 08:30:06.785,1.67247,1.67273,1.00,1.22
2014.06.04 08:30:06.936,1.67247,1.6727,1.13,1.00
2014.06.04 08:30:07.267,1.67252,1.67266,1.00,1.38
2014.06.04 08:30:07.318,1.67244,1.67264,1.75,1.00
2014.06.04 08:30:07.470,1.67241,1.67266,1.88,1.94
2014.06.04 08:30:07.571,1.6724,1.67264,1.88,1.13
2014.06.04 08:30:07.672,1.67237,1.67258,1.38,1.00
2014.06.04 08:30:07.773,1.67237,1.6726,1.00,1.69
2014.06.04 08:30:07.824,1.67243,1.6726,1.00,1.69
2014.06.04 08:30:08.077,1.67245,1.67263,1.00,1.00
2014.06.04 08:30:08.128,1.67245,1.67261,1.00,1.00
2014.06.04 08:30:08.229,1.67237,1.67261,1.50,1.50
2014.06.04 08:30:08.280,1.67238,1.67258,2.25,1.00
2014.06.04 08:30:08.583,1.6724,1.67257,1.88,1.00
2014.06.04 08:30:08.634,1.67238,1.67256,1.13,1.00
2014.06.04 08:30:09.038,1.67239,1.67261,1.00,1.13
2014.06.04 08:30:09.140,1.67237,1.67259,1.22,1.50
2014.06.04 08:30:09.241,1.67236,1.67253,1.95,1.00
2014.06.04 08:30:09.544,1.67233,1.67255,1.75,1.58
2014.06.04 08:30:09.747,1.67233,1.67252,1.00,1.00
2014.06.04 08:30:09.848,1.67226,1.6725,1.50,1.38
2014.06.04 08:30:10.151,1.67234,1.67245,1.00,1.88
2014.06.04 08:30:10.454,1.67234,1.67245,1.00,1.58
2014.06.04 08:30:10.505,1.67234,1.67245,1.00,1.28
2014.06.04 08:30:10.556,1.67236,1.67245,1.50,1.25
2014.06.04 08:30:10.806,1.67242,1.67255,2.82,1.28
2014.06.04 08:30:10.910,1.67242,1.67255,1.50,1.58
2014.06.04 08:30:11.214,1.6723,1.6724,1.43,3.76
2014.06.04 08:30:11.467,1.67237,1.67247,2.18,2.25
2014.06.04 08:30:11.619,1.67233,1.67247,1.27,2.33
2014.06.04 08:30:11.771,1.67234,1.67247,2.25,1.29
2014.06.04 08:30:11.923,1.67236,1.67251,2.63,1.25
2014.06.04 08:30:11.974,1.67239,1.67253,2.25,3.66
2014.06.04 08:30:12.177,1.67231,1.67246,1.32,2.44
2014.06.04 08:30:12.431,1.67232,1.67241,1.19,2.25
2014.06.04 08:30:12.532,1.67234,1.6725,1.94,1.32
2014.06.04 08:30:12.634,1.67232,1.67248,1.77,2.33
2014.06.04 08:30:12.940,1.67248,1.67255,2.25,1.38
2014.06.04 08:30:12.991,1.67248,1.67264,2.25,1.57
2014.06.04 08:30:13.093,1.67253,1.67266,1.13,1.27
2014.06.04 08:30:13.194,1.6725,1.67266,1.69,1.57
2014.06.04 08:30:13.498,1.67251,1.67265,2.25,1.27
2014.06.04 08:30:13.852,1.67246,1.67264,3.19,2.25
2014.06.04 08:30:14.157,1.67247,1.67262,1.32,2.44
2014.06.04 08:30:14.462,1.67245,1.67255,1.19,2.25
2014.06.04 08:30:14.513,1.67245,1.67261,1.57,3.19
2014.06.04 08:30:14.695,1.6725,1.67259,2.25,1.38
2014.06.04 08:30:14.746,1.67242,1.67259,2.63,2.00
2014.06.04 08:30:14.847,1.67244,1.67256,2.63,1.19
2014.06.04 08:30:14.949,1.67236,1.67252,2.34,3.57
2014.06.04 08:30:15.001,1.67236,1.67246,1.97,2.25
2014.06.04 08:30:15.153,1.67235,1.67248,1.10,3.57
2014.06.04 08:30:15.255,1.67228,1.67241,1.19,2.63
2014.06.04 08:30:15.407,1.67223,1.67241,1.57,3.57
2014.06.04 08:30:15.458,1.67221,1.67239,2.98,3.57
2014.06.04 08:30:15.762,1.67225,1.67231,1.25,2.63
2014.06.04 08:30:16.066,1.6722,1.67227,3.00,1.95
2014.06.04 08:30:16.117,1.67222,1.67229,2.11,4.43
2014.06.04 08:30:16.421,1.67222,1.67226,2.11,2.55
2014.06.04 08:30:16.472,1.67221,1.67226,1.00,2.55
2014.06.04 08:30:16.574,1.67217,1.67229,1.25,4.43
2014.06.04 08:30:16.877,1.67217,1.67226,1.25,4.50
2014.06.04 08:30:17.080,1.67215,1.67222,2.63,2.18
2014.06.04 08:30:17.131,1.67213,1.67221,2.82,2.25
2014.06.04 08:30:17.334,1.67216,1.67225,1.25,4.50
2014.06.04 08:30:17.435,1.67213,1.67222,1.57,2.63
2014.06.04 08:30:17.970,1.67213,1.67221,1.57,2.63
2014.06.04 08:30:18.145,1.67211,1.67221,1.19,2.63
2014.06.04 08:30:18.196,1.67211,1.67217,1.25,2.63
2014.06.04 08:30:18.501,1.67209,1.67219,1.19,2.63
2014.06.04 08:30:18.661,1.67209,1.67222,1.19,2.25
2014.06.04 08:30:19.066,1.67209,1.67219,1.19,2.33
2014.06.04 08:30:19.219,1.67212,1.67223,3.57,1.50
2014.06.04 08:30:19.270,1.67214,1.67223,2.63,1.50
2014.06.04 08:30:19.422,1.67217,1.67225,1.39,1.00
2014.06.04 08:30:19.473,1.67217,1.67228,1.39,1.50
2014.06.04 08:30:19.525,1.67218,1.67228,2.52,1.50
2014.06.04 08:30:19.626,1.6722,1.6723,2.00,1.00
2014.06.04 08:30:19.728,1.67222,1.6723,1.70,1.00
2014.06.04 08:30:19.779,1.67223,1.67235,1.39,1.75
2014.06.04 08:30:19.830,1.67223,1.67235,1.64,1.75
2014.06.04 08:30:19.881,1.67225,1.67238,1.69,2.40
2014.06.04 08:30:19.932,1.67225,1.67238,3.57,2.40
2014.06.04 08:30:20.033,1.67227,1.67242,2.70,1.64
2014.06.04 08:30:20.084,1.67229,1.67243,1.20,1.45
2014.06.04 08:30:20.135,1.67231,1.67244,2.33,3.36
2014.06.04 08:30:20.337,1.67226,1.67242,2.82,1.69
2014.06.04 08:30:20.388,1.67228,1.67243,4.02,1.13
2014.06.04 08:30:20.709,1.67231,1.67242,1.57,2.25
2014.06.04 08:30:20.759,1.6723,1.67245,5.07,2.18
2014.06.04 08:30:20.810,1.67233,1.67246,1.08,2.55
2014.06.04 08:30:20.861,1.6723,1.67244,1.58,1.50
2014.06.04 08:30:20.912,1.6723,1.67236,1.50,2.25
2014.06.04 08:30:21.064,1.67227,1.67236,1.50,2.63
2014.06.04 08:30:21.166,1.67227,1.67245,1.65,1.75
2014.06.04 08:30:21.217,1.67232,1.67245,1.19,1.75
2014.06.04 08:30:21.521,1.67226,1.67234,1.19,2.63
2014.06.04 08:30:21.622,1.67224,1.67234,1.19,2.63
2014.06.04 08:30:21.673,1.67226,1.67235,1.38,2.63
2014.06.04 08:30:21.724,1.67226,1.67237,1.88,2.63
2014.06.04 08:30:21.774,1.67226,1.67235,1.88,2.63
2014.06.04 08:30:21.876,1.67225,1.67235,1.25,2.63
2014.06.04 08:30:22.109,1.67225,1.67237,2.07,2.78
2014.06.04 08:30:22.160,1.67225,1.67239,2.07,2.82
2014.06.04 08:30:22.312,1.67222,1.67239,1.39,2.63
2014.06.04 08:30:22.363,1.67223,1.6724,2.52,2.70
2014.06.04 08:30:22.565,1.67224,1.6724,1.39,2.82
2014.06.04 08:30:22.880,1.67221,1.67237,1.94,3.27
2014.06.04 08:30:23.184,1.6723,1.67241,1.10,2.33
2014.06.04 08:30:23.488,1.67232,1.67246,2.63,2.14
2014.06.04 08:30:23.640,1.6723,1.67246,6.38,2.44
2014.06.04 08:30:23.943,1.67233,1.67245,3.27,1.10
2014.06.04 08:30:24.096,1.67236,1.6725,1.67,1.65
2014.06.04 08:30:24.146,1.67236,1.6725,1.94,1.28
2014.06.04 08:30:24.298,1.67242,1.67252,2.25,1.20
2014.06.04 08:30:24.400,1.6724,1.67253,2.25,1.60
2014.06.04 08:30:24.602,1.67242,1.67254,2.25,1.57
2014.06.04 08:30:24.704,1.67237,1.67253,1.69,2.82
2014.06.04 08:30:24.805,1.67241,1.67252,2.25,1.57
2014.06.04 08:30:24.906,1.67236,1.67252,2.07,1.69
2014.06.04 08:30:25.058,1.67238,1.67252,2.33,1.32
2014.06.04 08:30:25.362,1.6724,1.67252,2.63,1.19
2014.06.04 08:30:25.665,1.67242,1.67252,4.50,1.19
2014.06.04 08:30:26.170,1.67242,1.67251,4.50,1.25
2014.06.04 08:30:26.524,1.6724,1.67251,4.50,1.25
2014.06.04 08:30:27.143,1.67239,1.67251,2.63,1.25
2014.06.04 08:30:27.345,1.67238,1.67251,2.63,1.64
2014.06.04 08:30:27.497,1.6723,1.67247,1.88,4.32
2014.06.04 08:30:27.548,1.6723,1.67243,1.58,1.67
2014.06.04 08:30:27.599,1.6723,1.67243,1.20,1.69
2014.06.04 08:30:27.700,1.67226,1.67238,1.75,2.25
2014.06.04 08:30:27.802,1.67225,1.6724,1.02,4.94
2014.06.04 08:30:27.903,1.67225,1.67237,2.40,1.69
2014.06.04 08:30:28.106,1.67224,1.67235,1.65,2.14
2014.06.04 08:30:28.410,1.67224,1.67235,1.38,1.75
2014.06.04 08:30:28.512,1.67225,1.67235,1.45,1.58
2014.06.04 08:30:28.667,1.67222,1.67236,2.14,1.69
2014.06.04 08:30:28.718,1.67222,1.67236,1.58,2.00
2014.06.04 08:30:28.871,1.67224,1.67234,2.25,1.27
2014.06.04 08:30:29.023,1.67224,1.67235,2.63,1.25
2014.06.04 08:30:29.834,1.67226,1.67236,2.63,1.19
2014.06.04 08:30:30.391,1.67225,1.67235,4.32,1.50
2014.06.04 08:30:30.860,1.67225,1.67235,1.13,1.58
2014.06.04 08:30:31.063,1.67224,1.67232,1.95,2.25
2014.06.04 08:30:31.114,1.67222,1.67232,1.19,2.63
2014.06.04 08:30:31.722,1.67221,1.67231,2.07,2.63
2014.06.04 08:30:32.361,1.6722,1.67231,1.69,2.63
2014.06.04 08:30:32.766,1.67216,1.67227,2.00,2.63
2014.06.04 08:30:32.868,1.67215,1.67227,2.82,2.63
2014.06.04 08:30:33.172,1.67215,1.67224,1.50,2.63
2014.06.04 08:30:33.426,1.67211,1.67224,1.29,2.63
2014.06.04 08:30:33.629,1.6721,1.67224,2.79,2.82
2014.06.04 08:30:33.833,1.67212,1.67224,1.36,2.63
2014.06.04 08:30:33.985,1.67212,1.67226,2.19,2.17
2014.06.04 08:30:34.087,1.67213,1.67224,1.20,1.45
2014.06.04 08:30:34.542,1.67208,1.67219,3.00,1.19
2014.06.04 08:30:34.592,1.67208,1.67219,1.13,1.19
2014.06.04 08:30:35.157,1.67206,1.67219,1.11,1.39
2014.06.04 08:30:35.663,1.6721,1.67222,1.22,3.08
2014.06.04 08:30:35.714,1.6721,1.67221,2.49,1.08
2014.06.04 08:30:36.157,1.67215,1.67224,1.00,2.63
2014.06.04 08:30:36.259,1.67214,1.67226,1.58,3.57
2014.06.04 08:30:36.310,1.67214,1.67226,1.65,1.69
2014.06.04 08:30:36.462,1.67215,1.67226,1.08,1.39
2014.06.04 08:30:36.564,1.67214,1.67229,2.14,1.69
2014.06.04 08:30:37.394,1.67217,1.67229,1.00,1.69
2014.06.04 08:30:37.901,1.67218,1.67229,1.13,2.07
2014.06.04 08:30:38.508,1.67217,1.67228,1.13,1.30
2014.06.04 08:30:38.907,1.67217,1.6723,1.38,2.07
2014.06.04 08:30:39.365,1.67224,1.6723,1.38,1.13
2014.06.04 08:30:39.517,1.67224,1.67236,2.52,8.63
2014.06.04 08:30:39.719,1.67225,1.67235,1.09,2.25
2014.06.04 08:30:39.871,1.67225,1.67235,1.65,1.13
2014.06.04 08:30:39.973,1.67224,1.67235,2.63,1.10
2014.06.04 08:30:40.226,1.67222,1.67235,3.94,1.63
2014.06.04 08:30:40.277,1.67222,1.67235,1.77,1.69
2014.06.04 08:30:40.327,1.67222,1.67235,1.47,2.82
2014.06.04 08:30:40.849,1.6722,1.67235,1.77,4.32
2014.06.04 08:30:41.354,1.6722,1.67234,1.32,4.69
2014.06.04 08:30:41.558,1.6722,1.67235,2.97,3.94
2014.06.04 08:30:41.912,1.67219,1.67233,2.08,1.47
2014.06.04 08:30:42.216,1.67219,1.67233,1.69,2.44
2014.06.04 08:30:42.520,1.67223,1.67234,1.69,1.20
2014.06.04 08:30:43.025,1.67223,1.67235,2.52,1.95
2014.06.04 08:30:43.581,1.67224,1.67235,1.32,1.00
2014.06.04 08:30:43.632,1.67223,1.67235,2.82,1.88
2014.06.04 08:30:44.156,1.67224,1.67235,2.14,1.95
2014.06.04 08:30:44.510,1.67224,1.67235,2.07,1.58
2014.06.04 08:30:45.017,1.67224,1.67235,2.14,1.38
2014.06.04 08:30:45.170,1.67225,1.67235,1.13,1.25
2014.06.04 08:30:45.696,1.67225,1.67239,1.94,1.82
2014.06.04 08:30:46.202,1.67224,1.67239,3.87,2.07
2014.06.04 08:30:46.253,1.67224,1.67238,1.84,1.13
2014.06.04 08:30:46.773,1.67223,1.67236,1.17,1.58
2014.06.04 08:30:46.824,1.67222,1.67236,2.22,1.88
2014.06.04 08:30:47.470,1.67225,1.67238,2.29,1.50
2014.06.04 08:30:47.773,1.67227,1.67238,2.07,1.10
2014.06.04 08:30:47.875,1.67226,1.67238,1.84,1.15
2014.06.04 08:30:48.128,1.67226,1.67238,1.77,3.08
2014.06.04 08:30:48.592,1.67225,1.67235,1.20,1.13
2014.06.04 08:30:49.014,1.67224,1.67232,1.15,1.08
2014.06.04 08:30:49.217,1.67224,1.67235,2.37,1.15
2014.06.04 08:30:49.768,1.67224,1.67235,1.24,1.15
2014.06.04 08:30:50.611,1.67224,1.67237,1.99,1.60
2014.06.04 08:30:51.119,1.67224,1.67235,1.02,1.48
2014.06.04 08:30:51.322,1.67219,1.67233,2.82,1.50
2014.06.04 08:30:51.474,1.6722,1.67233,2.33,1.20
2014.06.04 08:30:51.930,1.67217,1.6723,3.94,1.50
2014.06.04 08:30:51.981,1.67217,1.6723,1.77,1.88
2014.06.04 08:30:52.032,1.67218,1.67231,2.52,1.77
2014.06.04 08:30:52.537,1.67217,1.6723,2.82,1.20
2014.06.04 08:30:52.639,1.67218,1.6723,1.20,1.28
2014.06.04 08:30:52.790,1.67216,1.6723,1.64,3.08
2014.06.04 08:30:52.841,1.67215,1.67229,1.39,1.69
2014.06.04 08:30:53.246,1.67212,1.67228,8.14,2.52
2014.06.04 08:30:53.297,1.67212,1.67228,7.84,2.82
2014.06.04 08:30:53.711,1.67213,1.67228,2.04,2.63
2014.06.04 08:30:54.015,1.67219,1.6723,1.94,4.50
2014.06.04 08:30:54.552,1.67219,1.6723,1.39,5.03
2014.06.04 08:30:54.867,1.67225,1.6723,1.19,4.88
2014.06.04 08:30:55.171,1.6723,1.67235,1.55,6.00
2014.06.04 08:30:55.425,1.67229,1.6724,1.50,3.83
2014.06.04 08:30:55.527,1.67224,1.67238,2.82,1.38
2014.06.04 08:30:55.781,1.6723,1.67241,1.50,1.13
2014.06.04 08:30:55.883,1.6723,1.67243,1.88,2.04
2014.06.04 08:30:56.035,1.67228,1.67241,1.13,1.02
2014.06.04 08:30:56.341,1.67227,1.67239,1.13,1.47
2014.06.04 08:30:56.392,1.67224,1.67239,3.78,1.47
2014.06.04 08:30:56.597,1.67223,1.67232,1.95,1.00
2014.06.04 08:30:56.902,1.6722,1.67232,3.19,1.55
2014.06.04 08:30:57.054,1.67219,1.67229,1.65,1.25
2014.06.04 08:30:57.156,1.67217,1.67228,3.23,1.37
2014.06.04 08:30:57.661,1.67213,1.67227,2.55,2.67
2014.06.04 08:30:57.762,1.67212,1.67221,2.48,1.64
2014.06.04 08:30:57.813,1.67207,1.6722,1.09,1.17
2014.06.04 08:30:58.143,1.67225,1.67231,2.63,1.88
2014.06.04 08:30:58.295,1.6723,1.6724,1.19,1.50
2014.06.04 08:30:58.801,1.67231,1.67242,1.32,2.63
2014.06.04 08:30:58.902,1.67231,1.67244,1.39,2.63
2014.06.04 08:30:59.408,1.6723,1.67243,1.09,5.44
2014.06.04 08:30:59.862,1.67229,1.67237,2.40,1.75
2014.06.04 08:30:59.913,1.67225,1.67235,1.10,1.20
2014.06.04 08:30:59.964,1.67222,1.67227,1.00,2.48
2014.06.04 08:31:00.015,1.6722,1.67227,3.38,2.48
2014.06.04 08:31:00.319,1.6722,1.67229,3.38,1.90
2014.06.04 08:31:00.421,1.67215,1.67224,5.70,1.00
2014.06.04 08:31:00.522,1.6721,1.67222,1.00,1.19
2014.06.04 08:31:00.887,1.67206,1.67221,1.97,1.19
2014.06.04 08:31:01.191,1.67206,1.67221,2.18,4.69
2014.06.04 08:31:01.293,1.67209,1.67222,1.47,1.75
2014.06.04 08:31:01.395,1.67216,1.67223,1.13,1.69
2014.06.04 08:31:01.599,1.67219,1.67225,1.65,1.69
2014.06.04 08:31:01.651,1.67223,1.67225,1.84,1.00
2014.06.04 08:31:02.056,1.67224,1.67239,1.79,7.32
2014.06.04 08:31:02.511,1.6722,1.67236,4.32,3.57
2014.06.04 08:31:03.734,1.6722,1.67234,1.45,2.85
2014.06.04 08:31:03.937,1.6722,1.67232,1.20,3.19
2014.06.04 08:31:04.038,1.6722,1.67235,2.82,1.80
2014.06.04 08:31:04.341,1.67219,1.67233,3.04,2.00
2014.06.04 08:31:04.645,1.67217,1.67231,1.67,1.50
2014.06.04 08:31:04.746,1.67217,1.6723,1.39,1.13
2014.06.04 08:31:04.949,1.67217,1.6723,1.64,1.08
2014.06.04 08:31:05.910,1.67222,1.67233,1.00,2.63
2014.06.04 08:31:06.139,1.67219,1.6723,1.88,1.10
2014.06.04 08:31:07.827,1.67221,1.67234,1.72,1.48
2014.06.04 08:31:07.878,1.67221,1.67235,1.77,1.95
2014.06.04 08:31:08.535,1.67221,1.67236,1.77,2.82
2014.06.04 08:31:08.964,1.67225,1.67236,1.09,1.58
2014.06.04 08:31:10.247,1.67225,1.67238,1.09,1.13
2014.06.04 08:31:10.803,1.67225,1.67238,3.27,1.13
2014.06.04 08:31:11.338,1.67226,1.67239,1.30,1.32
2014.06.04 08:31:13.323,1.67227,1.6724,1.32,1.77
2014.06.04 08:31:13.627,1.67228,1.67242,1.32,1.77
2014.06.04 08:31:13.678,1.67228,1.67242,1.27,2.22
2014.06.04 08:31:13.729,1.6723,1.67242,1.20,1.47
2014.06.04 08:31:14.285,1.67234,1.67243,1.19,2.63
2014.06.04 08:31:14.336,1.67234,1.67245,1.19,3.94
2014.06.04 08:31:14.387,1.6724,1.67245,1.13,3.00
2014.06.04 08:31:14.438,1.6724,1.67246,1.13,1.18
2014.06.04 08:31:14.590,1.67233,1.67245,1.78,1.15
2014.06.04 08:31:14.967,1.67232,1.67243,2.14,1.17
2014.06.04 08:31:15.272,1.67232,1.67245,2.07,3.23
2014.06.04 08:31:15.574,1.67235,1.67245,2.44,2.59
2014.06.04 08:31:16.381,1.67235,1.67244,1.58,2.37
2014.06.04 08:31:16.432,1.67235,1.67244,1.20,3.12
2014.06.04 08:31:17.685,1.67235,1.67244,1.29,1.62
2014.06.04 08:31:18.710,1.67234,1.67244,1.84,1.62
2014.06.04 08:31:18.963,1.67233,1.67242,1.77,1.20
2014.06.04 08:31:19.368,1.67234,1.67244,1.84,1.28
2014.06.04 08:31:19.823,1.67237,1.67247,1.69,4.13
2014.06.04 08:31:19.976,1.67237,1.67247,1.29,1.20
2014.06.04 08:31:20.174,1.67237,1.67245,1.29,1.48
2014.06.04 08:31:20.427,1.67235,1.67246,1.19,3.19
2014.06.04 08:31:21.323,1.67233,1.67243,1.25,1.58
2014.06.04 08:31:22.727,1.67233,1.67242,1.25,1.13
2014.06.04 08:31:23.030,1.67232,1.67239,1.19,1.20
2014.06.04 08:31:23.283,1.67232,1.67239,1.29,1.00
2014.06.04 08:31:23.384,1.67232,1.6724,1.19,1.75
2014.06.04 08:31:23.485,1.67232,1.67242,1.69,1.62
2014.06.04 08:31:24.002,1.67231,1.67241,2.14,1.20
2014.06.04 08:31:24.154,1.67234,1.67242,1.57,1.65
2014.06.04 08:31:24.357,1.67235,1.67245,1.00,1.65
2014.06.04 08:31:24.458,1.67233,1.67243,1.00,1.28
2014.06.04 08:31:24.862,1.67231,1.6724,1.32,1.00
2014.06.04 08:31:24.913,1.6723,1.6724,7.39,1.00
2014.06.04 08:31:25.419,1.6723,1.6724,7.02,1.08
2014.06.04 08:31:26.646,1.67232,1.67241,1.00,1.20
2014.06.04 08:31:27.179,1.6723,1.67239,5.14,1.10
2014.06.04 08:31:27.741,1.67232,1.6724,1.08,1.00
2014.06.04 08:31:28.095,1.67233,1.67243,2.44,1.13
2014.06.04 08:31:28.500,1.67233,1.67243,2.22,1.65
2014.06.04 08:31:29.418,1.67234,1.67244,1.47,2.97
2014.06.04 08:31:29.721,1.67235,1.67245,1.58,1.84
2014.06.04 08:31:29.822,1.67235,1.67245,1.88,1.19
2014.06.04 08:31:30.185,1.67235,1.67245,1.08,1.27
2014.06.04 08:31:30.689,1.67235,1.67246,1.10,2.07
2014.06.04 08:31:31.144,1.67234,1.67244,1.00,2.89
2014.06.04 08:31:31.801,1.67234,1.67244,1.39,1.39
2014.06.04 08:31:32.256,1.67234,1.67244,1.09,1.47
2014.06.04 08:31:32.615,1.67234,1.67244,1.47,1.02
2014.06.04 08:31:32.918,1.67237,1.67249,2.52,2.33
2014.06.04 08:31:32.969,1.67243,1.67251,1.00,2.07
2014.06.04 08:31:33.020,1.67243,1.67252,1.00,1.75
2014.06.04 08:31:33.121,1.67243,1.67252,1.00,1.00
2014.06.04 08:31:33.172,1.67245,1.67255,3.00,2.70
2014.06.04 08:31:33.476,1.67252,1.6726,1.19,1.38
2014.06.04 08:31:33.527,1.67252,1.6726,1.19,1.00
2014.06.04 08:31:33.629,1.67252,1.67262,1.69,1.10
2014.06.04 08:31:33.832,1.67252,1.67261,1.19,1.13
2014.06.04 08:31:34.186,1.67252,1.67257,1.19,1.00
2014.06.04 08:31:34.287,1.67246,1.67256,1.25,1.00
2014.06.04 08:31:34.692,1.67248,1.67257,1.19,1.10
2014.06.04 08:31:34.905,1.6725,1.6726,1.69,1.08
2014.06.04 08:31:34.956,1.67252,1.6726,1.00,1.10
2014.06.04 08:31:35.260,1.67255,1.67264,1.10,1.77
2014.06.04 08:31:35.578,1.67256,1.67265,1.20,1.25
2014.06.04 08:31:35.730,1.67256,1.67266,1.20,1.84
2014.06.04 08:31:36.235,1.67256,1.67266,1.10,2.52
2014.06.04 08:31:36.790,1.67255,1.67263,1.09,1.00
2014.06.04 08:31:36.907,1.67251,1.6726,2.33,1.00
2014.06.04 08:31:36.958,1.6725,1.6726,3.72,1.00
2014.06.04 08:31:37.464,1.67252,1.67262,1.15,1.69
2014.06.04 08:31:38.020,1.67252,1.67262,1.39,1.02
2014.06.04 08:31:38.122,1.67253,1.67263,1.45,1.69
2014.06.04 08:31:38.223,1.67253,1.67265,1.69,1.02
2014.06.04 08:31:38.678,1.67257,1.67267,1.95,1.32
2014.06.04 08:31:38.982,1.67258,1.67267,1.88,1.32
2014.06.04 08:31:39.033,1.67258,1.67267,1.20,1.39
2014.06.04 08:31:39.564,1.67258,1.67267,1.13,1.08
2014.06.04 08:31:39.717,1.67261,1.67269,1.13,2.07
2014.06.04 08:31:39.869,1.67259,1.67269,2.59,1.18
2014.06.04 08:31:40.021,1.67261,1.6727,1.47,2.33
2014.06.04 08:31:40.664,1.67261,1.67269,1.39,1.10
2014.06.04 08:31:40.918,1.6726,1.67265,1.19,1.00
2014.06.04 08:31:40.969,1.67258,1.67265,1.19,1.10
2014.06.04 08:31:41.078,1.67257,1.67267,1.60,1.32
2014.06.04 08:31:41.586,1.67256,1.67268,3.64,2.33
2014.06.04 08:31:41.822,1.67257,1.67263,1.39,1.00
2014.06.04 08:31:41.873,1.67256,1.67263,1.29,1.00
2014.06.04 08:31:42.379,1.67256,1.67264,1.37,1.00
2014.06.04 08:31:42.430,1.67261,1.67265,1.20,1.00
2014.06.04 08:31:42.480,1.67261,1.6727,1.20,4.32
2014.06.04 08:31:42.632,1.67259,1.67269,3.19,1.00
2014.06.04 08:31:43.290,1.67259,1.67269,3.19,1.00
2014.06.04 08:31:43.543,1.67261,1.67272,1.39,1.39
2014.06.04 08:31:44.066,1.67262,1.67272,1.39,1.02
2014.06.04 08:31:44.529,1.67264,1.67274,1.58,1.10
2014.06.04 08:31:45.034,1.67267,1.67275,1.00,1.18
2014.06.04 08:31:45.388,1.67267,1.67275,2.89,1.00
2014.06.04 08:31:45.692,1.67271,1.67275,1.10,1.00
2014.06.04 08:31:46.247,1.67273,1.67276,1.00,1.00
2014.06.04 08:31:46.753,1.67274,1.67276,1.25,1.00
2014.06.04 08:31:47.158,1.67272,1.6728,2.07,7.88
2014.06.04 08:31:47.260,1.67272,1.6728,1.30,5.63
2014.06.04 08:31:47.462,1.67272,1.6728,1.00,5.07
2014.06.04 08:31:47.513,1.67269,1.6728,2.52,5.07
2014.06.04 08:31:47.715,1.67267,1.67277,1.02,1.02
2014.06.04 08:31:47.766,1.67267,1.67272,1.02,1.50
2014.06.04 08:31:47.918,1.67259,1.67268,1.28,1.48
2014.06.04 08:31:48.019,1.67259,1.67266,1.00,1.39
2014.06.04 08:31:48.322,1.67256,1.67266,1.20,2.59
2014.06.04 08:31:48.524,1.67254,1.67266,4.32,2.52
2014.06.04 08:31:48.905,1.67254,1.67266,4.02,2.52
2014.06.04 08:31:49.361,1.67255,1.67257,1.05,2.63
2014.06.04 08:31:49.665,1.67252,1.67254,1.88,2.52
2014.06.04 08:31:49.869,1.67248,1.67252,1.00,1.19
2014.06.04 08:31:50.021,1.67248,1.67258,1.18,1.18
2014.06.04 08:31:50.325,1.67247,1.67259,2.14,2.14
2014.06.04 08:31:50.427,1.67248,1.67259,1.58,1.09
2014.06.04 08:31:50.680,1.67249,1.67259,1.20,1.20
2014.06.04 08:31:50.730,1.67249,1.67259,1.50,1.00
2014.06.04 08:31:51.257,1.67248,1.67258,2.07,1.00
2014.06.04 08:31:51.560,1.6725,1.67259,1.33,1.00
2014.06.04 08:31:52.065,1.67249,1.67259,2.52,1.10
2014.06.04 08:31:52.610,1.6725,1.6726,2.14,1.10
2014.06.04 08:31:52.914,1.67253,1.67263,1.69,1.88
2014.06.04 08:31:53.066,1.67253,1.67263,2.14,1.10
2014.06.04 08:31:53.511,1.67253,1.67262,1.20,1.69
2014.06.04 08:31:53.815,1.67251,1.67262,2.59,2.14
2014.06.04 08:31:54.472,1.67251,1.67261,1.77,1.20
2014.06.04 08:31:55.014,1.67251,1.67261,1.10,1.58
2014.06.04 08:31:55.577,1.6725,1.67259,1.58,1.28
2014.06.04 08:31:56.142,1.67249,1.67259,1.20,3.72
2014.06.04 08:31:56.450,1.67247,1.67258,3.27,1.02
2014.06.04 08:31:56.967,1.67247,1.67258,2.52,1.72
2014.06.04 08:31:57.490,1.67247,1.67258,2.22,1.77
2014.06.04 08:31:57.946,1.67247,1.67255,1.88,1.09
2014.06.04 08:31:58.251,1.67244,1.6725,1.00,1.13
2014.06.04 08:31:58.554,1.6724,1.67248,1.00,1.39
2014.06.04 08:31:58.907,1.67242,1.67248,1.00,1.27
2014.06.04 08:31:59.312,1.67243,1.6725,1.00,1.02
2014.06.04 08:31:59.868,1.67244,1.67251,1.00,1.29
2014.06.04 08:32:00.273,1.67246,1.67252,1.00,1.29
2014.06.04 08:32:00.678,1.67245,1.67254,1.02,1.37
2014.06.04 08:32:01.038,1.67245,1.67254,2.59,1.19
2014.06.04 08:32:01.544,1.67245,1.67254,2.00,2.89
2014.06.04 08:32:01.595,1.67242,1.67252,1.58,2.10
2014.06.04 08:32:01.697,1.67239,1.67247,1.35,1.00
2014.06.04 08:32:01.799,1.67238,1.67245,1.13,1.10
2014.06.04 08:32:02.305,1.67237,1.67245,1.02,1.02
2014.06.04 08:32:02.609,1.67239,1.67246,1.00,1.84
2014.06.04 08:32:02.912,1.6724,1.67248,4.13,1.00
2014.06.04 08:32:02.962,1.6724,1.67245,2.63,1.00
2014.06.04 08:32:03.495,1.67237,1.67245,1.02,1.77
2014.06.04 08:32:03.546,1.67237,1.67245,1.32,1.25
2014.06.04 08:32:03.697,1.67237,1.67247,2.14,1.02
2014.06.04 08:32:04.010,1.6724,1.67249,1.19,2.07
2014.06.04 08:32:05.503,1.6724,1.67249,1.25,3.64
2014.06.04 08:32:05.707,1.6724,1.67249,1.02,3.34
2014.06.04 08:32:05.917,1.6724,1.67249,1.25,3.94
2014.06.04 08:32:06.707,1.6724,1.67249,1.69,3.19
2014.06.04 08:32:07.061,1.6724,1.67249,1.69,1.95
2014.06.04 08:32:07.616,1.6724,1.67249,1.69,2.25
2014.06.04 08:32:08.097,1.67242,1.67249,1.19,2.25
2014.06.04 08:32:08.198,1.67244,1.67253,1.25,2.14
2014.06.04 08:32:08.705,1.67244,1.67253,1.25,2.44
2014.06.04 08:32:09.216,1.67244,1.67253,1.25,2.44
2014.06.04 08:32:09.621,1.67242,1.67251,1.77,1.47
2014.06.04 08:32:09.823,1.67242,1.6725,1.25,2.00
2014.06.04 08:32:10.328,1.67241,1.67249,1.25,1.69
2014.06.04 08:32:11.448,1.6724,1.67249,1.69,1.39
2014.06.04 08:32:13.614,1.6724,1.67248,1.32,1.00
2014.06.04 08:32:13.918,1.67239,1.67243,1.77,1.50
2014.06.04 08:32:14.120,1.67241,1.67248,1.00,3.34
2014.06.04 08:32:14.347,1.67241,1.67248,1.39,2.44
2014.06.04 08:32:14.501,1.6724,1.67248,2.97,1.50
2014.06.04 08:32:14.653,1.67242,1.67248,1.69,1.50
2014.06.04 08:32:14.964,1.67242,1.67248,2.14,1.50
2014.06.04 08:32:15.239,1.67242,1.67251,2.14,1.25
2014.06.04 08:32:15.441,1.67244,1.67253,1.77,1.25
2014.06.04 08:32:15.946,1.67246,1.67255,1.02,3.64
2014.06.04 08:32:16.450,1.67246,1.67255,1.25,3.27
2014.06.04 08:32:16.955,1.67245,1.67255,1.02,3.27
2014.06.04 08:32:18.134,1.67245,1.67255,1.69,2.82
2014.06.04 08:32:18.679,1.67245,1.67253,1.77,1.10
2014.06.04 08:32:19.336,1.67245,1.67253,1.69,1.15
2014.06.04 08:32:20.037,1.67245,1.67253,1.25,1.39
2014.06.04 08:32:20.745,1.67244,1.6725,1.19,1.00
2014.06.04 08:32:20.846,1.6724,1.67249,1.20,1.88
2014.06.04 08:32:20.948,1.67239,1.67248,1.29,2.89
2014.06.04 08:32:21.251,1.67238,1.67244,1.25,1.50
2014.06.04 08:32:23.455,1.67237,1.67244,2.14,1.50
2014.06.04 08:32:23.557,1.67237,1.67246,2.14,1.25
2014.06.04 08:32:23.760,1.67237,1.67246,1.29,3.57
2014.06.04 08:32:24.265,1.67237,1.67246,1.33,3.64
2014.06.04 08:32:24.966,1.67237,1.67246,1.39,1.84
2014.06.04 08:32:26.976,1.67236,1.67244,2.22,1.50
2014.06.04 08:32:27.704,1.67237,1.67245,1.02,1.77
2014.06.04 08:32:28.008,1.67237,1.67243,1.25,1.50
2014.06.04 08:32:29.186,1.67236,1.67243,1.02,1.50
2014.06.04 08:32:29.973,1.67234,1.67243,1.20,2.07
2014.06.04 08:32:30.125,1.67229,1.6724,1.20,2.22
2014.06.04 08:32:30.228,1.67229,1.67236,1.13,1.37
2014.06.04 08:32:30.279,1.67227,1.67236,1.02,1.84
2014.06.04 08:32:30.805,1.67227,1.67236,1.77,1.84
2014.06.04 08:32:30.907,1.67232,1.67239,1.57,1.88
2014.06.04 08:32:31.172,1.67233,1.67241,1.50,1.09
2014.06.04 08:32:31.223,1.67233,1.67238,1.00,1.58
2014.06.04 08:32:31.325,1.6723,1.67238,1.25,4.09
2014.06.04 08:32:31.426,1.67229,1.67237,1.19,1.45
2014.06.04 08:32:31.932,1.67229,1.67237,1.69,1.50
2014.06.04 08:32:32.288,1.67227,1.67236,2.52,1.33
2014.06.04 08:32:32.491,1.6723,1.67236,1.00,1.25
2014.06.04 08:32:32.796,1.6723,1.67239,1.77,1.84
2014.06.04 08:32:33.327,1.6723,1.67239,2.52,1.69
2014.06.04 08:32:33.890,1.67231,1.67239,1.13,1.00
2014.06.04 08:32:34.195,1.67243,1.67246,2.75,2.25
2014.06.04 08:32:34.410,1.67243,1.67247,1.02,6.76
2014.06.04 08:32:34.579,1.6724,1.67245,1.39,4.51
2014.06.04 08:32:35.122,1.6724,1.67244,1.29,3.38
2014.06.04 08:32:35.227,1.6724,1.67246,1.29,1.50
2014.06.04 08:32:35.329,1.6724,1.67248,2.89,2.33
2014.06.04 08:32:36.108,1.67242,1.67249,1.19,1.18
2014.06.04 08:32:36.412,1.67247,1.67251,1.00,1.50
2014.06.04 08:32:36.920,1.67249,1.67252,1.00,1.77
2014.06.04 08:32:39.155,1.67246,1.67252,1.00,1.02
2014.06.04 08:32:40.164,1.67246,1.67251,1.00,1.25
2014.06.04 08:32:40.670,1.67246,1.67252,1.00,1.69
2014.06.04 08:32:41.139,1.67248,1.67252,1.00,1.84
2014.06.04 08:32:41.444,1.67246,1.67251,1.00,3.27
2014.06.04 08:32:41.545,1.67243,1.67251,1.00,3.27
2014.06.04 08:32:42.051,1.67237,1.67244,1.53,1.00
2014.06.04 08:32:42.102,1.67235,1.67244,1.75,2.47
2014.06.04 08:32:42.253,1.67232,1.67239,1.50,2.09
2014.06.04 08:32:42.406,1.67229,1.67238,1.00,4.94
2014.06.04 08:32:42.911,1.67231,1.67236,1.00,4.67
2014.06.04 08:32:43.416,1.67231,1.67236,1.00,1.39
2014.06.04 08:32:43.776,1.67227,1.67236,1.13,1.39
2014.06.04 08:32:44.490,1.67227,1.67236,1.38,1.39
2014.06.04 08:32:44.642,1.67227,1.67236,2.03,1.25
2014.06.04 08:32:44.743,1.67228,1.67237,1.39,1.00
2014.06.04 08:32:45.047,1.67235,1.67242,1.00,1.77
2014.06.04 08:32:45.098,1.67235,1.67244,1.20,1.50
2014.06.04 08:32:45.207,1.67237,1.67246,1.50,2.44
2014.06.04 08:32:45.519,1.67239,1.67247,1.69,1.00
2014.06.04 08:32:45.874,1.67239,1.67249,2.44,1.25
2014.06.04 08:32:47.381,1.67239,1.67249,2.44,1.69
2014.06.04 08:32:48.858,1.67241,1.67249,1.30,1.25
2014.06.04 08:32:49.010,1.67241,1.67251,2.07,2.44
2014.06.04 08:32:49.733,1.67242,1.6725,1.69,1.00
2014.06.04 08:32:50.123,1.67241,1.67249,1.39,1.00
2014.06.04 08:32:50.225,1.67241,1.67247,1.37,1.00
2014.06.04 08:32:50.580,1.67241,1.6725,1.34,1.25
2014.06.04 08:32:50.782,1.67241,1.6725,1.69,1.25
2014.06.04 08:32:51.086,1.67241,1.6725,1.47,1.25
2014.06.04 08:32:51.592,1.67241,1.6725,1.47,1.29
2014.06.04 08:32:52.602,1.67242,1.6725,1.02,1.02
2014.06.04 08:32:53.107,1.67242,1.67248,2.52,1.00
2014.06.04 08:32:53.663,1.6724,1.67249,2.59,1.77
2014.06.04 08:32:54.197,1.6724,1.67249,2.52,1.25
2014.06.04 08:32:54.746,1.6724,1.67249,2.14,1.02
2014.06.04 08:32:55.261,1.6724,1.67249,1.20,1.69
2014.06.04 08:32:56.265,1.67238,1.67249,4.69,3.19
2014.06.04 08:32:56.737,1.67238,1.67245,3.64,1.00
2014.06.04 08:32:56.937,1.67238,1.67248,3.64,1.10
2014.06.04 08:32:57.035,1.67238,1.67246,3.64,1.00
2014.06.04 08:32:57.564,1.67239,1.67246,1.02,1.00
2014.06.04 08:32:57.867,1.67238,1.67244,1.09,1.00
2014.06.04 08:32:58.020,1.67236,1.67244,1.39,1.00
2014.06.04 08:32:58.122,1.67236,1.67242,1.27,1.38
2014.06.04 08:32:58.223,1.67233,1.67241,1.37,2.07
2014.06.04 08:32:58.375,1.67231,1.67241,1.40,1.25
2014.06.04 08:32:58.891,1.67231,1.67241,1.69,1.25
2014.06.04 08:32:59.419,1.67234,1.67242,1.37,1.50
2014.06.04 08:33:01.086,1.67234,1.67242,1.39,1.00
2014.06.04 08:33:01.591,1.67235,1.67244,1.02,1.84
2014.06.04 08:33:01.920,1.67235,1.67244,1.69,1.69
2014.06.04 08:33:02.324,1.67235,1.67243,1.02,1.02
2014.06.04 08:33:02.830,1.67235,1.67243,1.33,1.25
2014.06.04 08:33:03.504,1.67235,1.67243,1.25,1.25
2014.06.04 08:33:04.536,1.67235,1.67244,2.52,1.19
2014.06.04 08:33:04.637,1.67235,1.67244,2.22,1.69
2014.06.04 08:33:05.143,1.67235,1.67244,2.22,1.29
2014.06.04 08:33:05.648,1.67235,1.67245,1.84,2.18
2014.06.04 08:33:06.158,1.67235,1.67245,2.22,2.18
2014.06.04 08:33:06.259,1.67235,1.67243,2.22,1.00
2014.06.04 08:33:06.563,1.67241,1.67244,1.00,1.00
2014.06.04 08:33:06.914,1.67244,1.67251,2.65,1.00
2014.06.04 08:33:06.967,1.67247,1.67248,1.00,1.00
2014.06.04 08:33:07.073,1.67247,1.67251,1.00,1.00
2014.06.04 08:33:07.904,1.67245,1.67251,1.25,1.00
2014.06.04 08:33:08.441,1.67245,1.67251,1.29,1.00
2014.06.04 08:33:09.462,1.67246,1.67251,2.14,1.00
2014.06.04 08:33:09.513,1.67247,1.67253,1.39,1.50
2014.06.04 08:33:10.144,1.67247,1.67256,1.29,2.97
2014.06.04 08:33:10.685,1.67246,1.67255,1.84,1.29
2014.06.04 08:33:10.838,1.67246,1.67254,1.18,1.57
2014.06.04 08:33:11.049,1.67244,1.67252,2.14,1.63
2014.06.04 08:33:11.100,1.67244,1.67252,1.77,1.25
2014.06.04 08:33:11.202,1.67248,1.67255,1.00,2.33
2014.06.04 08:33:11.568,1.67249,1.67259,1.29,1.20
2014.06.04 08:33:11.821,1.67251,1.6726,1.10,1.84
2014.06.04 08:33:12.235,1.67248,1.67257,1.38,1.13
2014.06.04 08:33:12.286,1.67248,1.67257,1.00,1.50
2014.06.04 08:33:12.438,1.67248,1.67257,1.77,1.10
2014.06.04 08:33:12.745,1.67249,1.67254,1.02,1.00
2014.06.04 08:33:13.050,1.67249,1.67253,1.00,1.95
2014.06.04 08:33:13.101,1.67244,1.67252,1.19,1.00
2014.06.04 08:33:13.424,1.67245,1.67254,3.27,1.02
2014.06.04 08:33:13.526,1.67246,1.67254,2.07,1.02
2014.06.04 08:33:13.628,1.67247,1.67257,1.50,2.44
2014.06.04 08:33:13.729,1.67251,1.67259,1.00,1.84
2014.06.04 08:33:14.238,1.6725,1.67258,1.10,1.10
2014.06.04 08:33:14.763,1.67248,1.67257,3.64,1.69
2014.06.04 08:33:15.331,1.67248,1.67257,2.14,1.69
2014.06.04 08:33:15.837,1.67247,1.67256,1.10,1.84
2014.06.04 08:33:16.969,1.67245,1.67255,2.22,1.09
2014.06.04 08:33:17.917,1.67248,1.67257,1.77,2.44
2014.06.04 08:33:18.220,1.67251,1.67258,1.25,1.10
2014.06.04 08:33:18.598,1.67251,1.6726,1.39,3.57
2014.06.04 08:33:19.223,1.67252,1.6726,1.33,2.82
2014.06.04 08:33:19.728,1.67252,1.67261,2.89,1.88
2014.06.04 08:33:20.032,1.67256,1.67263,1.84,1.50
2014.06.04 08:33:20.537,1.67255,1.67263,1.40,1.63
2014.06.04 08:33:20.739,1.67253,1.67259,1.84,1.00
2014.06.04 08:33:21.263,1.67253,1.6726,1.02,1.13
2014.06.04 08:33:21.718,1.67251,1.67259,1.19,1.95
2014.06.04 08:33:22.031,1.67251,1.67256,1.19,1.08
2014.06.04 08:33:22.085,1.67248,1.67256,1.69,1.18
2014.06.04 08:33:22.542,1.67248,1.67256,1.88,1.20
2014.06.04 08:33:22.845,1.6725,1.67258,1.63,1.95
2014.06.04 08:33:23.668,1.6725,1.67258,2.07,1.20
2014.06.04 08:33:24.399,1.6725,1.67256,2.07,1.00
2014.06.04 08:33:24.904,1.67252,1.67257,1.10,1.00
2014.06.04 08:33:25.421,1.67252,1.67258,1.20,1.00
2014.06.04 08:33:25.936,1.67252,1.67259,2.14,1.00
2014.06.04 08:33:26.449,1.67252,1.6726,2.14,1.02
2014.06.04 08:33:26.855,1.67252,1.6726,1.69,2.89
2014.06.04 08:33:27.752,1.67252,1.67259,1.25,3.83
2014.06.04 08:33:27.803,1.67249,1.67258,1.08,1.84
2014.06.04 08:33:27.854,1.67249,1.67258,1.00,2.14
2014.06.04 08:33:28.107,1.67246,1.67255,2.07,1.10
2014.06.04 08:33:28.631,1.67246,1.67254,1.32,1.00
2014.06.04 08:33:30.098,1.67247,1.67255,1.13,1.02
2014.06.04 08:33:30.351,1.67247,1.67254,1.25,1.48
2014.06.04 08:33:30.885,1.67247,1.67255,1.25,1.39
2014.06.04 08:33:31.188,1.67252,1.67261,2.52,1.88
2014.06.04 08:33:31.239,1.67252,1.67263,3.27,1.09
2014.06.04 08:33:31.549,1.67252,1.67261,2.52,1.19
2014.06.04 08:33:32.813,1.67252,1.67261,1.19,2.89
2014.06.04 08:33:33.117,1.67252,1.67257,1.00,1.95
2014.06.04 08:33:33.218,1.67247,1.67256,1.39,1.27
2014.06.04 08:33:34.134,1.67246,1.67256,1.69,1.00
2014.06.04 08:33:34.641,1.67246,1.67257,2.44,2.44
2014.06.04 08:33:34.824,1.67246,1.67255,2.82,1.00
2014.06.04 08:33:35.784,1.67248,1.67255,1.08,1.25
2014.06.04 08:33:36.089,1.67251,1.67259,1.84,2.25
2014.06.04 08:33:36.545,1.67251,1.67257,1.00,1.02
2014.06.04 08:33:36.849,1.6725,1.67257,1.00,1.39
2014.06.04 08:33:37.253,1.67247,1.67256,1.29,1.84
2014.06.04 08:33:37.760,1.67247,1.67256,1.19,1.39
2014.06.04 08:33:38.186,1.67247,1.67256,2.52,1.10
2014.06.04 08:33:38.576,1.67248,1.67258,2.69,3.75
2014.06.04 08:33:38.678,1.67248,1.67258,1.00,3.34
2014.06.04 08:33:39.090,1.67248,1.67256,1.69,1.50
2014.06.04 08:33:40.449,1.67248,1.67257,2.89,1.19
2014.06.04 08:33:40.500,1.67251,1.67259,1.00,1.65
2014.06.04 08:33:40.810,1.67253,1.67258,1.25,1.50
2014.06.04 08:33:40.861,1.67254,1.67261,1.00,1.47
2014.06.04 08:33:41.447,1.67254,1.67263,1.69,3.94
2014.06.04 08:33:44.308,1.67256,1.67263,1.19,3.00
2014.06.04 08:33:44.460,1.67256,1.67265,1.19,1.39
2014.06.04 08:33:45.017,1.67256,1.67264,1.19,3.08
2014.06.04 08:33:45.707,1.67254,1.67263,1.69,1.39
2014.06.04 08:33:46.212,1.67254,1.67263,1.77,1.47
2014.06.04 08:33:46.717,1.67254,1.67263,1.25,1.84
2014.06.04 08:33:47.746,1.67252,1.67263,2.97,2.59
2014.06.04 08:33:49.756,1.67254,1.67263,1.25,1.47
2014.06.04 08:33:51.131,1.67253,1.67261,1.18,1.19
2014.06.04 08:33:51.435,1.67249,1.67255,1.25,1.92
2014.06.04 08:33:51.739,1.67246,1.67255,1.69,2.93
2014.06.04 08:33:52.675,1.67247,1.67255,1.39,2.67
2014.06.04 08:33:53.225,1.67247,1.67255,1.39,1.84
2014.06.04 08:33:54.339,1.67246,1.67255,1.33,2.59
2014.06.04 08:33:54.750,1.67252,1.67255,1.00,1.84
2014.06.04 08:33:55.863,1.67254,1.67256,1.25,1.84
2014.06.04 08:33:56.168,1.67258,1.67261,1.00,1.00
2014.06.04 08:33:56.271,1.6726,1.67262,2.44,1.00
2014.06.04 08:33:56.372,1.6726,1.67268,2.52,1.58
2014.06.04 08:33:56.625,1.6726,1.67268,2.82,3.45
2014.06.04 08:33:56.980,1.67259,1.67267,1.25,1.09
2014.06.04 08:33:57.348,1.67259,1.67264,1.25,1.00
2014.06.04 08:33:57.521,1.67255,1.67263,3.27,1.50
2014.06.04 08:33:58.030,1.67254,1.67262,1.19,1.13
2014.06.04 08:33:58.638,1.67254,1.67263,1.37,1.77
2014.06.04 08:34:00.328,1.67255,1.67264,1.25,3.08
2014.06.04 08:34:00.795,1.67255,1.67264,1.25,2.78
2014.06.04 08:34:00.897,1.67255,1.67264,1.25,3.08
2014.06.04 08:34:01.627,1.67256,1.67264,1.19,3.27
2014.06.04 08:34:02.133,1.67256,1.67264,1.19,2.89
2014.06.04 08:34:02.650,1.67255,1.67264,1.25,2.78
2014.06.04 08:34:03.486,1.67255,1.67264,1.25,2.78
2014.06.04 08:34:04.028,1.67255,1.67264,1.19,3.72
2014.06.04 08:34:04.314,1.67255,1.67264,1.19,4.02
2014.06.04 08:34:04.820,1.67255,1.67264,1.19,4.02
2014.06.04 08:34:05.701,1.67255,1.67264,1.19,4.02
2014.06.04 08:34:05.812,1.67255,1.67264,1.19,4.02
2014.06.04 08:34:05.863,1.67254,1.67261,1.00,1.10
2014.06.04 08:34:06.388,1.67253,1.67261,1.77,1.20
2014.06.04 08:34:06.696,1.6725,1.6726,1.65,1.65
2014.06.04 08:34:07.001,1.67249,1.67258,1.29,1.28
2014.06.04 08:34:07.304,1.67247,1.67255,1.69,1.02
2014.06.04 08:34:08.246,1.67246,1.67255,1.25,1.10
2014.06.04 08:34:10.145,1.67247,1.67255,1.25,1.02
2014.06.04 08:34:12.961,1.67246,1.67254,1.19,1.00
2014.06.04 08:34:13.474,1.67246,1.67255,1.19,2.52
2014.06.04 08:34:14.186,1.67246,1.67255,1.25,2.52
2014.06.04 08:34:18.439,1.67246,1.67255,1.09,2.14
2014.06.04 08:34:18.964,1.67246,1.67255,1.25,2.14
2014.06.04 08:34:20.110,1.67246,1.67254,1.25,2.59
2014.06.04 08:34:20.415,1.67244,1.67253,1.13,1.09
2014.06.04 08:34:20.952,1.67244,1.67253,1.28,1.02
2014.06.04 08:34:21.485,1.67244,1.67252,1.09,2.44
2014.06.04 08:34:22.014,1.67244,1.67252,1.25,3.34
2014.06.04 08:34:22.526,1.67243,1.67251,1.39,1.02
2014.06.04 08:34:23.448,1.67243,1.67251,1.02,1.29
2014.06.04 08:34:25.103,1.67242,1.67251,2.89,2.07
2014.06.04 08:34:25.154,1.67241,1.67249,1.58,1.10
2014.06.04 08:34:25.256,1.67239,1.67247,1.25,1.40
2014.06.04 08:34:25.564,1.67239,1.67243,1.00,1.02
2014.06.04 08:34:25.666,1.67236,1.67243,1.00,1.09
2014.06.04 08:34:26.474,1.67236,1.67244,1.00,1.02
2014.06.04 08:34:27.867,1.67235,1.67242,1.13,2.52
2014.06.04 08:34:27.968,1.67233,1.67241,2.63,2.52
2014.06.04 08:34:28.999,1.67233,1.67241,2.52,1.02
2014.06.04 08:34:30.994,1.67233,1.67242,4.39,1.33
2014.06.04 08:34:31.499,1.67233,1.67242,4.47,1.02
2014.06.04 08:34:35.982,1.67234,1.67243,1.32,1.34
2014.06.04 08:34:36.969,1.67234,1.67244,2.14,2.14
2014.06.04 08:34:37.474,1.67234,1.67244,2.07,3.19
2014.06.04 08:34:41.038,1.67234,1.67243,2.07,1.39
2014.06.04 08:34:41.140,1.67233,1.6724,1.58,1.50
2014.06.04 08:34:41.645,1.67233,1.6724,1.20,1.50
2014.06.04 08:34:42.576,1.67233,1.67241,1.20,2.44
2014.06.04 08:34:43.081,1.67234,1.67242,1.02,1.29
2014.06.04 08:34:46.284,1.67234,1.67242,1.02,1.02
2014.06.04 08:34:46.866,1.67235,1.67244,1.19,1.39
2014.06.04 08:34:47.486,1.67235,1.67244,1.19,1.84
2014.06.04 08:34:48.011,1.67235,1.67244,1.29,1.84
2014.06.04 08:34:49.578,1.67235,1.67244,1.25,3.34
2014.06.04 08:34:50.960,1.67234,1.67243,2.97,1.08
2014.06.04 08:34:51.506,1.67234,1.67243,1.69,1.20
2014.06.04 08:34:51.936,1.67234,1.67239,1.69,1.00
2014.06.04 08:34:52.464,1.67234,1.67243,1.69,2.89
2014.06.04 08:34:52.987,1.67234,1.67243,1.69,2.70
2014.06.04 08:34:54.760,1.67232,1.67243,2.59,3.64
2014.06.04 08:34:55.603,1.67233,1.67242,1.29,1.37
2014.06.04 08:34:56.658,1.67233,1.67243,1.39,1.33
2014.06.04 08:34:57.171,1.67232,1.67243,2.97,1.09
2014.06.04 08:34:57.493,1.67232,1.67243,2.97,1.39
2014.06.04 08:34:58.673,1.67234,1.67243,1.25,1.39
2014.06.04 08:34:59.343,1.67234,1.67243,1.02,1.27
2014.06.04 08:35:02.724,1.67234,1.67243,1.29,1.27
2014.06.04 08:35:08.680,1.67234,1.67243,1.02,1.27
2014.06.04 08:35:10.013,1.67232,1.67242,1.09,2.97
2014.06.04 08:35:10.386,1.67231,1.67239,1.58,1.25
2014.06.04 08:35:10.589,1.6723,1.67239,1.25,2.22
2014.06.04 08:35:11.120,1.6723,1.67239,1.00,4.02
2014.06.04 08:35:12.709,1.67228,1.67237,1.77,1.08
2014.06.04 08:35:13.214,1.67228,1.67237,1.77,1.77
2014.06.04 08:35:15.137,1.67227,1.67235,1.32,1.25
2014.06.04 08:35:15.188,1.67226,1.67234,1.84,1.50
2014.06.04 08:35:15.290,1.67225,1.67234,1.19,2.89
2014.06.04 08:35:15.795,1.67225,1.67234,1.29,2.89
2014.06.04 08:35:16.297,1.67225,1.67234,1.02,2.89
2014.06.04 08:35:17.065,1.67223,1.67232,3.27,1.25
2014.06.04 08:35:17.369,1.67223,1.67229,1.13,1.25
2014.06.04 08:35:17.471,1.67222,1.67228,1.00,1.69
2014.06.04 08:35:17.572,1.67218,1.67227,1.69,1.39
2014.06.04 08:35:17.881,1.67215,1.67224,1.77,1.25
2014.06.04 08:35:18.383,1.67215,1.67224,2.52,1.25
2014.06.04 08:35:18.917,1.67215,1.67223,2.52,1.50
2014.06.04 08:35:19.441,1.67216,1.67225,1.69,1.69
2014.06.04 08:35:19.784,1.67216,1.67225,1.69,1.19
2014.06.04 08:35:20.294,1.67217,1.67226,1.39,1.69
2014.06.04 08:35:20.864,1.67217,1.67226,1.09,1.69
2014.06.04 08:35:21.675,1.67217,1.67226,1.77,2.44
2014.06.04 08:35:22.182,1.67217,1.67226,1.33,2.52
2014.06.04 08:35:24.396,1.67216,1.67224,1.39,2.44
2014.06.04 08:35:24.549,1.67215,1.67224,1.29,2.52
2014.06.04 08:35:25.365,1.67215,1.67224,1.77,2.52
2014.06.04 08:35:26.336,1.67215,1.67224,2.14,1.27
2014.06.04 08:35:27.857,1.67215,1.67223,1.25,1.33
2014.06.04 08:35:29.107,1.67214,1.67222,1.10,1.39
2014.06.04 08:35:29.364,1.67211,1.6722,2.18,1.02
2014.06.04 08:35:29.911,1.67211,1.67219,1.53,1.18
2014.06.04 08:35:30.416,1.6721,1.67218,1.15,2.44
2014.06.04 08:35:30.770,1.67209,1.67216,1.00,1.02
2014.06.04 08:35:30.821,1.67209,1.67215,1.00,2.44
2014.06.04 08:35:31.023,1.67204,1.67213,3.64,1.25
2014.06.04 08:35:31.531,1.67204,1.67213,2.59,3.19
2014.06.04 08:35:32.049,1.67204,1.67213,1.84,3.94
2014.06.04 08:35:32.587,1.67204,1.67213,1.77,3.94
2014.06.04 08:35:33.092,1.67204,1.67213,1.10,2.44
2014.06.04 08:35:33.193,1.67204,1.67213,1.45,2.44
2014.06.04 08:35:33.512,1.67204,1.67213,1.15,2.44
2014.06.04 08:35:34.021,1.67204,1.67213,1.20,2.44
2014.06.04 08:35:34.526,1.67204,1.67213,1.50,2.44
2014.06.04 08:35:34.577,1.67204,1.67213,1.18,2.44
2014.06.04 08:35:37.941,1.67204,1.67212,1.09,2.44
2014.06.04 08:35:38.948,1.67204,1.67213,1.18,1.25
2014.06.04 08:35:39.456,1.67204,1.6721,1.18,1.25
2014.06.04 08:35:39.761,1.67201,1.67209,1.27,1.00
2014.06.04 08:35:40.064,1.67202,1.67212,1.77,1.02
2014.06.04 08:35:40.115,1.67202,1.67212,2.44,1.25
2014.06.04 08:35:40.983,1.67203,1.67213,1.55,2.59
2014.06.04 08:35:41.496,1.67204,1.67213,2.33,1.09
2014.06.04 08:35:41.800,1.67207,1.67213,1.10,1.02
2014.06.04 08:35:42.305,1.67206,1.67214,1.28,2.44
2014.06.04 08:35:42.609,1.67206,1.67215,2.52,2.44
2014.06.04 08:35:43.113,1.67206,1.67213,1.20,1.25
2014.06.04 08:35:43.915,1.67206,1.67215,1.77,2.44
2014.06.04 08:35:45.281,1.67206,1.67213,1.20,1.25
2014.06.04 08:35:47.833,1.67205,1.67214,2.82,2.44
2014.06.04 08:35:48.845,1.67205,1.67214,1.40,2.52
2014.06.04 08:35:50.892,1.67205,1.67213,1.39,1.25
2014.06.04 08:35:51.401,1.67205,1.67213,1.50,1.19
2014.06.04 08:35:51.624,1.67204,1.67213,1.84,1.39
2014.06.04 08:35:51.675,1.67204,1.67212,1.00,1.69
2014.06.04 08:35:51.776,1.67204,1.67212,1.00,1.40
2014.06.04 08:35:52.293,1.67203,1.67212,1.00,1.47
2014.06.04 08:35:52.832,1.67203,1.6721,1.00,1.25
2014.06.04 08:35:53.036,1.67202,1.67209,1.17,1.57
2014.06.04 08:35:53.340,1.672,1.67204,1.13,1.25
2014.06.04 08:35:53.811,1.67197,1.67204,1.00,1.39
2014.06.04 08:35:54.346,1.67197,1.67203,1.00,1.25
2014.06.04 08:35:54.864,1.67196,1.67204,1.02,2.89
2014.06.04 08:35:55.081,1.67198,1.67204,1.00,2.52
2014.06.04 08:35:55.587,1.67199,1.67204,1.00,1.25
2014.06.04 08:35:55.638,1.67199,1.67208,1.25,1.77
2014.06.04 08:35:55.840,1.67199,1.67205,1.20,1.38
2014.06.04 08:35:55.998,1.67195,1.67202,1.55,1.13
2014.06.04 08:35:56.099,1.67194,1.67202,1.10,2.14
2014.06.04 08:35:56.604,1.67193,1.67202,2.52,1.77
2014.06.04 08:35:57.344,1.67194,1.67202,1.10,1.58
2014.06.04 08:35:57.849,1.67194,1.67205,1.84,2.52
2014.06.04 08:35:58.110,1.67194,1.67203,1.02,1.13
2014.06.04 08:35:58.414,1.67193,1.67202,1.69,1.13
2014.06.04 08:35:59.070,1.67193,1.67203,1.69,3.57
2014.06.04 08:35:59.373,1.67191,1.672,1.69,1.69
2014.06.04 08:35:59.883,1.67191,1.67199,1.69,1.84
2014.06.04 08:36:00.389,1.67194,1.672,1.00,3.45
2014.06.04 08:36:00.440,1.67194,1.672,1.13,1.10
2014.06.04 08:36:00.591,1.67197,1.672,1.00,1.00
2014.06.04 08:36:00.743,1.67197,1.67202,1.10,1.00
2014.06.04 08:36:00.794,1.67197,1.67207,1.10,1.77
2014.06.04 08:36:01.271,1.67199,1.67207,1.00,1.77
2014.06.04 08:36:01.423,1.67201,1.67211,1.02,2.14
2014.06.04 08:36:01.527,1.67203,1.67211,1.25,2.14
2014.06.04 08:36:01.882,1.67196,1.67207,3.75,2.03
2014.06.04 08:36:02.186,1.67195,1.67204,1.32,1.84
2014.06.04 08:36:02.742,1.67195,1.67204,1.09,2.89
2014.06.04 08:36:03.053,1.67195,1.67204,1.09,2.89
2014.06.04 08:36:03.155,1.67192,1.67203,1.39,2.59
2014.06.04 08:36:03.660,1.67193,1.67201,2.82,1.00
2014.06.04 08:36:03.711,1.67195,1.67201,1.39,1.00
2014.06.04 08:36:03.761,1.67196,1.67204,1.18,1.19
2014.06.04 08:36:03.863,1.67195,1.67202,1.39,1.38
2014.06.04 08:36:03.967,1.67193,1.67202,1.77,3.94
2014.06.04 08:36:04.119,1.67193,1.67199,1.39,1.00
2014.06.04 08:36:04.629,1.67193,1.672,1.39,1.00
2014.06.04 08:36:04.730,1.67197,1.67205,1.08,1.00
2014.06.04 08:36:04.933,1.67197,1.67206,1.69,1.50
2014.06.04 08:36:05.384,1.67199,1.67208,2.44,3.19
2014.06.04 08:36:05.928,1.67199,1.67206,2.14,1.50
2014.06.04 08:36:06.130,1.67199,1.67208,2.14,1.50
2014.06.04 08:36:06.484,1.67199,1.67207,1.25,1.08
2014.06.04 08:36:06.787,1.67197,1.67203,1.00,2.22
2014.06.04 08:36:06.889,1.67197,1.67203,1.00,1.39
2014.06.04 08:36:07.041,1.67196,1.67206,2.33,2.89
2014.06.04 08:36:07.546,1.67196,1.67206,1.84,1.32
2014.06.04 08:36:08.051,1.67196,1.67206,1.84,1.47
2014.06.04 08:36:08.558,1.67198,1.67206,1.25,1.47
2014.06.04 08:36:09.164,1.67198,1.67206,1.02,1.39
2014.06.04 08:36:09.375,1.67198,1.67206,1.25,1.77
2014.06.04 08:36:09.887,1.67198,1.67206,1.25,1.39
2014.06.04 08:36:10.401,1.67197,1.67201,1.29,1.50
2014.06.04 08:36:10.553,1.6719,1.67197,2.18,1.00
2014.06.04 08:36:10.654,1.67189,1.67197,3.57,1.10
2014.06.04 08:36:11.161,1.67191,1.67197,1.25,1.20
2014.06.04 08:36:11.666,1.67191,1.672,1.69,1.50
2014.06.04 08:36:11.768,1.67194,1.672,1.00,1.50
2014.06.04 08:36:12.527,1.67193,1.672,1.00,2.82
2014.06.04 08:36:12.729,1.67193,1.67203,1.69,3.00
2014.06.04 08:36:13.032,1.67196,1.67203,1.25,1.00
2014.06.04 08:36:13.286,1.67197,1.67206,1.84,1.13
2014.06.04 08:36:13.423,1.67197,1.67207,3.19,1.25
2014.06.04 08:36:13.727,1.67197,1.67207,1.09,2.22
2014.06.04 08:36:14.235,1.67195,1.67203,1.77,1.10
2014.06.04 08:36:14.791,1.67195,1.67204,1.19,3.64
2014.06.04 08:36:14.842,1.67193,1.67204,1.19,3.64
2014.06.04 08:36:15.669,1.67193,1.67203,1.29,1.77
2014.06.04 08:36:15.771,1.67195,1.67203,1.19,1.40
2014.06.04 08:36:16.094,1.67194,1.67201,1.25,3.83
2014.06.04 08:36:16.397,1.6719,1.672,1.25,2.07
2014.06.04 08:36:16.549,1.6719,1.672,1.02,1.33
2014.06.04 08:36:16.803,1.6719,1.67201,1.02,2.97
2014.06.04 08:36:17.363,1.6719,1.67201,1.39,2.97
2014.06.04 08:36:17.902,1.6719,1.67201,1.37,3.27
2014.06.04 08:36:18.312,1.6719,1.67199,1.25,2.52
2014.06.04 08:36:18.716,1.67188,1.67196,1.09,1.02
2014.06.04 08:36:18.919,1.67187,1.67195,1.10,1.29
2014.06.04 08:36:19.223,1.67187,1.67195,2.25,1.19
2014.06.04 08:36:19.324,1.67191,1.67197,1.84,1.00
2014.06.04 08:36:19.375,1.67192,1.672,1.08,1.05
2014.06.04 08:36:19.527,1.67193,1.67203,1.39,2.74
2014.06.04 08:36:20.043,1.67195,1.67203,2.44,1.92
2014.06.04 08:36:20.267,1.67195,1.672,2.44,1.00
2014.06.04 08:36:20.522,1.67196,1.67205,1.00,4.32
2014.06.04 08:36:20.573,1.67196,1.67205,1.38,4.32
2014.06.04 08:36:20.776,1.67196,1.67206,1.13,2.44
2014.06.04 08:36:21.282,1.67195,1.67205,2.89,1.25
2014.06.04 08:36:21.535,1.67195,1.67203,1.09,1.02
2014.06.04 08:36:21.838,1.67193,1.67201,1.33,1.69
2014.06.04 08:36:22.344,1.67193,1.67201,1.25,1.84
2014.06.04 08:36:23.043,1.67191,1.67202,2.97,2.52
2014.06.04 08:36:23.346,1.67194,1.67203,1.00,5.14
2014.06.04 08:36:23.654,1.67191,1.672,2.52,1.33
2014.06.04 08:36:24.193,1.67191,1.672,2.44,1.09
2014.06.04 08:36:24.632,1.67193,1.67203,2.82,1.50
2014.06.04 08:36:25.163,1.67194,1.67204,2.44,1.70
2014.06.04 08:36:25.264,1.67194,1.67205,2.52,2.07
2014.06.04 08:36:25.567,1.67197,1.67205,1.00,1.37
2014.06.04 08:36:26.241,1.67196,1.67206,1.58,2.14
2014.06.04 08:36:27.071,1.67196,1.67206,2.52,2.14
2014.06.04 08:36:28.187,1.67197,1.67205,1.00,1.77
2014.06.04 08:36:28.492,1.67195,1.67203,1.69,2.14
2014.06.04 08:36:28.998,1.67195,1.67202,1.25,1.20
2014.06.04 08:36:29.048,1.67197,1.67203,1.00,1.84
2014.06.04 08:36:29.402,1.67195,1.67203,1.69,2.14
2014.06.04 08:36:30.164,1.67196,1.67204,1.00,3.00
2014.06.04 08:36:30.569,1.67197,1.67205,1.00,1.77
2014.06.04 08:36:30.620,1.67195,1.67205,1.77,1.77
2014.06.04 08:36:30.823,1.67195,1.67205,2.22,1.09
2014.06.04 08:36:31.227,1.67195,1.67205,1.77,1.39
2014.06.04 08:36:31.733,1.67195,1.67205,2.52,2.14
2014.06.04 08:36:32.477,1.67195,1.67205,1.77,2.14
2014.06.04 08:36:32.831,1.67195,1.67204,1.25,3.12
2014.06.04 08:36:32.882,1.67192,1.67202,1.65,3.19
2014.06.04 08:36:33.236,1.67196,1.67204,1.00,3.19
2014.06.04 08:36:33.438,1.67198,1.67206,1.00,1.20
2014.06.04 08:36:33.489,1.67198,1.67206,2.82,1.10
2014.06.04 08:36:33.641,1.67198,1.67205,2.44,1.00
2014.06.04 08:36:34.162,1.67198,1.67204,1.00,1.10
2014.06.04 08:36:34.691,1.67197,1.67205,1.25,1.09
2014.06.04 08:36:36.304,1.67196,1.67205,1.77,2.22
2014.06.04 08:36:36.660,1.67195,1.67201,1.10,1.38
2014.06.04 08:36:37.014,1.67196,1.67204,1.00,1.84
2014.06.04 08:36:37.571,1.67196,1.67203,1.00,1.20
2014.06.04 08:36:37.622,1.67193,1.67202,2.14,1.77
2014.06.04 08:36:37.775,1.67193,1.67202,1.32,3.27
2014.06.04 08:36:38.086,1.6719,1.67199,4.32,1.39
2014.06.04 08:36:38.187,1.6719,1.67199,5.22,1.02
2014.06.04 08:36:38.289,1.67193,1.67199,1.50,1.02
2014.06.04 08:36:38.441,1.67193,1.67202,2.59,1.10
2014.06.04 08:36:38.846,1.67196,1.67202,1.00,1.45
2014.06.04 08:36:39.160,1.67199,1.67202,1.00,1.00
2014.06.04 08:36:39.465,1.67201,1.67203,1.00,1.00
2014.06.04 08:36:39.984,1.672,1.67204,1.20,1.12
2014.06.04 08:36:40.591,1.67197,1.67202,2.44,1.00
2014.06.04 08:36:40.929,1.67197,1.67202,1.32,1.00
2014.06.04 08:36:40.981,1.67194,1.67202,1.54,1.00
2014.06.04 08:36:41.469,1.67194,1.67202,1.35,1.02
2014.06.04 08:36:41.973,1.67194,1.67201,2.10,1.00
2014.06.04 08:36:43.359,1.67197,1.67201,1.00,1.77
2014.06.04 08:36:43.521,1.67195,1.67201,1.00,1.77
2014.06.04 08:36:43.624,1.67197,1.67201,1.00,1.77
2014.06.04 08:36:43.779,1.67193,1.67201,4.35,2.52
2014.06.04 08:36:43.830,1.67197,1.67201,1.00,2.52
2014.06.04 08:36:43.931,1.67193,1.67201,1.35,2.52
2014.06.04 08:36:44.551,1.67192,1.67201,1.84,2.52
2014.06.04 08:36:44.703,1.67192,1.67199,1.18,1.00
2014.06.04 08:36:48.019,1.67191,1.67199,1.39,1.50
2014.06.04 08:36:48.806,1.67191,1.67198,1.20,1.25
2014.06.04 08:36:49.108,1.67185,1.67193,1.00,3.30
2014.06.04 08:36:49.312,1.67182,1.67191,2.59,2.89
2014.06.04 08:36:49.838,1.67182,1.67191,3.19,2.52
2014.06.04 08:36:50.298,1.67183,1.67191,1.25,1.77
2014.06.04 08:36:52.018,1.67183,1.67192,1.19,2.14
2014.06.04 08:36:52.171,1.67183,1.67189,1.19,1.50
2014.06.04 08:36:52.677,1.67183,1.6719,1.19,2.25
2014.06.04 08:36:52.982,1.67178,1.67184,1.00,1.54
2014.06.04 08:36:53.234,1.67177,1.67186,1.77,1.37
2014.06.04 08:36:53.285,1.67178,1.67187,1.19,2.14
2014.06.04 08:36:53.802,1.67178,1.67187,1.84,1.19
2014.06.04 08:36:54.752,1.67178,1.67187,1.00,1.39
2014.06.04 08:36:55.107,1.67178,1.67189,1.77,3.64
2014.06.04 08:36:55.209,1.67179,1.67189,2.02,2.89
2014.06.04 08:36:55.380,1.67179,1.67189,2.14,2.89
2014.06.04 08:36:55.828,1.67179,1.67189,3.14,3.64
2014.06.04 08:36:56.233,1.67176,1.67186,3.19,1.50
2014.06.04 08:36:56.536,1.67176,1.67185,1.77,2.25
2014.06.04 08:36:57.147,1.67181,1.67185,1.10,1.58
2014.06.04 08:36:57.400,1.67181,1.67187,1.18,1.50
2014.06.04 08:36:57.652,1.6718,1.67185,1.84,1.50
2014.06.04 08:36:57.854,1.67183,1.67188,1.00,1.69
2014.06.04 08:36:58.391,1.6718,1.67188,2.59,1.69
2014.06.04 08:36:58.795,1.67185,1.67188,1.00,1.69
2014.06.04 08:36:58.998,1.67185,1.67192,1.40,1.00
2014.06.04 08:36:59.100,1.67185,1.67194,1.40,1.10
2014.06.04 08:36:59.222,1.67188,1.67193,1.00,1.50
2014.06.04 08:36:59.323,1.67188,1.67195,1.08,2.44
2014.06.04 08:36:59.834,1.67187,1.67194,1.08,1.50
2014.06.04 08:37:00.444,1.67186,1.67197,2.52,3.64
2014.06.04 08:37:00.950,1.67187,1.67196,3.55,1.69
2014.06.04 08:37:01.103,1.67187,1.67194,3.52,1.50
2014.06.04 08:37:01.457,1.67187,1.67196,3.64,1.69
2014.06.04 08:37:01.936,1.67188,1.67197,3.27,2.44
2014.06.04 08:37:02.247,1.67193,1.67203,4.67,1.77
2014.06.04 08:37:02.752,1.67194,1.67204,4.02,1.69
2014.06.04 08:37:03.257,1.67195,1.67204,1.39,1.25
2014.06.04 08:37:04.353,1.67198,1.67204,1.00,1.25
2014.06.04 08:37:04.555,1.67198,1.67206,1.20,1.19
2014.06.04 08:37:05.162,1.67196,1.67204,1.75,1.00
2014.06.04 08:37:05.263,1.67196,1.67204,1.20,1.00
2014.06.04 08:37:05.314,1.67196,1.67204,1.20,1.00
2014.06.04 08:37:05.567,1.67194,1.67203,2.44,2.14
2014.06.04 08:37:05.870,1.67194,1.67202,1.00,3.57
2014.06.04 08:37:05.920,1.67192,1.67202,1.69,3.57
2014.06.04 08:37:06.454,1.67192,1.67202,1.69,2.00
2014.06.04 08:37:06.767,1.67194,1.67203,1.00,4.13
2014.06.04 08:37:07.071,1.67208,1.6721,1.00,2.63
2014.06.04 08:37:07.172,1.67205,1.6721,1.69,2.63
2014.06.04 08:37:07.577,1.67202,1.67212,1.29,3.27
2014.06.04 08:37:07.780,1.67202,1.67208,1.19,1.00
2014.06.04 08:37:08.286,1.67201,1.67208,1.19,1.08
2014.06.04 08:37:08.725,1.67201,1.67209,1.19,1.25
2014.06.04 08:37:08.776,1.67201,1.67209,1.19,1.63
2014.06.04 08:37:09.029,1.672,1.67209,1.25,3.19
2014.06.04 08:37:09.636,1.67199,1.67207,1.25,1.77
2014.06.04 08:37:09.737,1.67196,1.67206,3.19,1.47
2014.06.04 08:37:09.788,1.67196,1.67206,3.49,1.77
2014.06.04 08:37:11.183,1.67196,1.67205,2.44,1.69
2014.06.04 08:37:11.690,1.67195,1.67205,1.13,3.19
2014.06.04 08:37:12.838,1.67197,1.67205,1.13,2.44
2014.06.04 08:37:12.888,1.67197,1.67205,1.13,2.07
2014.06.04 08:37:13.494,1.67197,1.67206,1.20,1.39
2014.06.04 08:37:13.949,1.67198,1.67207,1.19,1.13
2014.06.04 08:37:14.050,1.67201,1.67209,1.02,1.77
2014.06.04 08:37:14.707,1.672,1.67209,1.32,1.25
2014.06.04 08:37:15.222,1.67201,1.67208,1.33,1.00
2014.06.04 08:37:15.728,1.67201,1.67208,1.02,1.00
2014.06.04 08:37:16.264,1.67201,1.67207,1.08,1.00
2014.06.04 08:37:16.366,1.67201,1.67209,1.08,1.25
2014.06.04 08:37:16.900,1.67201,1.67209,1.00,1.25
2014.06.04 08:37:17.304,1.67202,1.67211,1.28,3.19
2014.06.04 08:37:18.044,1.67203,1.67211,1.00,1.25
2014.06.04 08:37:18.564,1.67203,1.67211,1.25,1.19
2014.06.04 08:37:19.199,1.67203,1.67212,1.00,1.84
2014.06.04 08:37:19.467,1.67202,1.6721,2.22,1.00
2014.06.04 08:37:19.904,1.67205,1.67212,1.00,1.09
2014.06.04 08:37:20.280,1.67205,1.67215,1.10,1.37
2014.06.04 08:37:20.873,1.67205,1.67216,1.77,3.27
2014.06.04 08:37:21.902,1.67206,1.67214,1.00,1.08
2014.06.04 08:37:23.963,1.67205,1.67213,1.00,1.09
2014.06.04 08:37:24.562,1.67205,1.67214,1.47,1.10
2014.06.04 08:37:24.613,1.67207,1.67216,1.19,2.89
2014.06.04 08:37:24.917,1.67206,1.67211,1.18,1.00
2014.06.04 08:37:25.221,1.67205,1.6721,1.69,1.00
2014.06.04 08:37:25.767,1.67205,1.67211,1.25,1.10
2014.06.04 08:37:26.276,1.67205,1.6721,1.00,1.00
2014.06.04 08:37:26.802,1.67205,1.67213,1.00,1.20
2014.06.04 08:37:27.369,1.67204,1.67214,1.65,3.19
2014.06.04 08:37:27.883,1.67203,1.67212,3.60,1.00
2014.06.04 08:37:28.085,1.67206,1.67214,1.00,3.94
2014.06.04 08:37:28.613,1.67206,1.67213,1.25,1.10
2014.06.04 08:37:29.139,1.67206,1.67212,1.00,1.00
2014.06.04 08:37:30.218,1.67204,1.67212,2.93,1.00
2014.06.04 08:37:30.370,1.67206,1.67212,1.29,1.00
2014.06.04 08:37:30.420,1.67207,1.67215,1.25,1.63
2014.06.04 08:37:30.471,1.67209,1.67217,1.39,1.58
2014.06.04 08:37:30.573,1.6721,1.67219,1.13,2.89
2014.06.04 08:37:30.977,1.67208,1.67218,2.25,1.00
2014.06.04 08:37:31.028,1.67209,1.67218,1.43,2.82
2014.06.04 08:37:31.383,1.67207,1.67216,1.25,1.95
2014.06.04 08:37:33.108,1.67206,1.67216,1.19,2.14
2014.06.04 08:37:33.617,1.67206,1.67214,1.25,1.95
2014.06.04 08:37:35.162,1.67205,1.67213,1.00,1.65
2014.06.04 08:37:36.053,1.67205,1.67213,1.00,1.95
2014.06.04 08:37:39.085,1.67205,1.67214,1.00,2.89
2014.06.04 08:37:40.804,1.67205,1.67214,1.00,2.89
2014.06.04 08:37:41.344,1.67203,1.6721,2.52,1.00
2014.06.04 08:37:41.598,1.67204,1.67214,1.29,2.14
2014.06.04 08:37:42.219,1.67204,1.67213,2.44,2.44
2014.06.04 08:37:42.973,1.67204,1.67214,3.94,1.32
2014.06.04 08:37:43.074,1.67206,1.67215,1.33,1.29
2014.06.04 08:37:43.478,1.67209,1.67217,1.00,1.29
2014.06.04 08:37:44.208,1.67208,1.67217,1.33,1.29
2014.06.04 08:37:44.726,1.6721,1.67217,1.00,1.29
2014.06.04 08:37:45.054,1.67212,1.67221,2.03,1.00
2014.06.04 08:37:45.155,1.67215,1.67222,1.00,1.00
2014.06.04 08:37:45.256,1.67216,1.67225,1.39,1.27
2014.06.04 08:37:45.408,1.67218,1.67225,1.00,1.19
2014.06.04 08:37:46.220,1.67218,1.67226,1.00,3.34
2014.06.04 08:37:48.202,1.67218,1.67226,1.00,1.69
2014.06.04 08:37:49.215,1.67218,1.67226,1.00,2.44
2014.06.04 08:37:49.659,1.67217,1.67224,1.10,2.07
2014.06.04 08:37:50.013,1.67217,1.67225,1.65,1.88
2014.06.04 08:37:50.542,1.67218,1.67227,1.39,1.84
2014.06.04 08:37:51.047,1.67218,1.67227,1.32,2.14
2014.06.04 08:37:52.212,1.67218,1.67227,1.25,2.14
2014.06.04 08:37:52.455,1.67219,1.67227,1.57,1.20
2014.06.04 08:37:52.556,1.67221,1.67227,1.20,1.00
2014.06.04 08:37:52.607,1.67226,1.67228,0.20,1.50
2014.06.04 08:37:52.709,1.67226,1.67231,0.20,1.10
2014.06.04 08:37:52.861,1.67226,1.67234,1.28,1.29
2014.06.04 08:37:53.400,1.67228,1.67234,1.00,1.19
2014.06.04 08:37:54.030,1.67228,1.67235,1.00,1.69
2014.06.04 08:37:54.844,1.67228,1.67237,1.69,1.84
2014.06.04 08:37:55.756,1.67228,1.67237,2.44,1.39
2014.06.04 08:37:57.968,1.67228,1.67236,1.77,1.02
2014.06.04 08:37:58.922,1.67228,1.67237,1.69,2.07
2014.06.04 08:37:59.226,1.67226,1.67235,2.20,2.89
2014.06.04 08:37:59.386,1.67228,1.67235,1.00,2.52
2014.06.04 08:37:59.739,1.67231,1.67237,1.10,1.19
2014.06.04 08:37:59.841,1.67231,1.67238,1.10,2.78
2014.06.04 08:37:59.891,1.67235,1.67238,0.20,2.78
2014.06.04 08:38:00.421,1.67235,1.67239,0.20,1.50
2014.06.04 08:38:00.682,1.67235,1.67242,0.20,1.40
2014.06.04 08:38:01.198,1.67235,1.67242,0.45,1.20
2014.06.04 08:38:01.951,1.67235,1.67242,1.05,1.08
2014.06.04 08:38:02.103,1.67236,1.67244,1.25,1.09
2014.06.04 08:38:02.619,1.67236,1.67245,1.77,3.34
2014.06.04 08:38:03.135,1.67237,1.67245,1.09,1.69
2014.06.04 08:38:03.884,1.67237,1.67244,1.09,1.50
2014.06.04 08:38:04.828,1.67237,1.67244,1.25,1.50
2014.06.04 08:38:05.206,1.67237,1.67246,1.84,1.39
2014.06.04 08:38:05.864,1.67237,1.67245,1.39,1.30
2014.06.04 08:38:06.391,1.67236,1.67245,1.34,3.04
2014.06.04 08:38:07.138,1.67235,1.67244,1.63,1.30
2014.06.04 08:38:10.143,1.67235,1.67244,3.40,1.30
2014.06.04 08:38:11.219,1.67236,1.67244,1.10,1.30
2014.06.04 08:38:12.292,1.67236,1.67246,1.10,1.77
2014.06.04 08:38:12.767,1.67235,1.67246,3.80,2.37
2014.06.04 08:38:13.075,1.67235,1.67244,3.00,1.19
2014.06.04 08:38:13.540,1.67238,1.67246,1.58,1.02
2014.06.04 08:38:13.642,1.6724,1.67248,1.18,1.32
2014.06.04 08:38:13.945,1.67237,1.67245,1.25,1.84
2014.06.04 08:38:14.249,1.67235,1.67245,1.00,2.07
2014.06.04 08:38:14.784,1.67235,1.67244,1.69,1.52
2014.06.04 08:38:15.320,1.67234,1.67243,3.19,1.34
2014.06.04 08:38:16.334,1.67234,1.67242,2.44,1.33
2014.06.04 08:38:16.839,1.67235,1.67242,1.10,1.02
2014.06.04 08:38:17.119,1.67235,1.67245,1.95,2.89
2014.06.04 08:38:17.735,1.67235,1.67245,1.69,2.22
2014.06.04 08:38:18.250,1.67235,1.67244,2.44,1.39
2014.06.04 08:38:22.269,1.67236,1.67243,1.00,1.25
2014.06.04 08:38:22.607,1.67239,1.67243,1.00,1.25
2014.06.04 08:38:23.366,1.67237,1.67244,1.00,2.52
2014.06.04 08:38:23.467,1.67235,1.67244,1.25,2.52
2014.06.04 08:38:23.721,1.67235,1.6724,1.00,1.38
2014.06.04 08:38:23.924,1.67231,1.67237,1.50,1.69
2014.06.04 08:38:23.975,1.67227,1.67235,1.20,1.19
2014.06.04 08:38:24.076,1.67227,1.67233,1.10,1.25
2014.06.04 08:38:24.582,1.67224,1.67233,1.39,1.00
2014.06.04 08:38:25.090,1.67224,1.67234,2.07,1.25
2014.06.04 08:38:26.098,1.67224,1.67232,2.07,1.00
2014.06.04 08:38:26.618,1.67224,1.67231,1.77,1.00
2014.06.04 08:38:26.770,1.67224,1.67233,1.77,2.25
2014.06.04 08:38:27.274,1.67224,1.67233,2.52,3.19
2014.06.04 08:38:28.617,1.67224,1.67231,2.14,1.00
2014.06.04 08:38:28.870,1.67224,1.67231,1.69,1.00
2014.06.04 08:38:29.072,1.67222,1.67231,1.77,3.19
2014.06.04 08:38:29.173,1.67219,1.67229,1.09,1.20
2014.06.04 08:38:29.325,1.67216,1.67225,2.82,1.19
2014.06.04 08:38:29.527,1.67216,1.67225,1.69,1.77
2014.06.04 08:38:30.052,1.67217,1.67225,1.00,1.39
2014.06.04 08:38:31.338,1.67217,1.67225,1.10,1.39
2014.06.04 08:38:32.333,1.67217,1.67225,1.10,1.77
2014.06.04 08:38:36.017,1.67217,1.67225,1.65,1.19
2014.06.04 08:38:39.008,1.67217,1.67225,1.20,1.29
2014.06.04 08:38:39.059,1.67216,1.67223,1.28,1.19
2014.06.04 08:38:39.514,1.67216,1.67224,1.65,1.00
2014.06.04 08:38:40.480,1.67216,1.67223,1.18,1.25
2014.06.04 08:38:42.445,1.67216,1.67224,1.18,1.00
2014.06.04 08:38:43.162,1.67215,1.67223,1.20,1.19
2014.06.04 08:38:43.387,1.67214,1.67223,3.34,1.29
2014.06.04 08:38:44.802,1.67214,1.67222,1.09,1.19
2014.06.04 08:38:50.231,1.67214,1.67222,1.10,1.29
2014.06.04 08:38:51.095,1.67213,1.67222,1.25,3.27
2014.06.04 08:38:51.145,1.67211,1.6722,3.34,1.63
2014.06.04 08:38:51.297,1.67209,1.67217,1.09,1.13
2014.06.04 08:38:51.348,1.67208,1.67216,1.02,1.33
2014.06.04 08:38:51.651,1.67207,1.67216,1.19,2.44
2014.06.04 08:38:51.903,1.67207,1.67216,1.19,2.59
2014.06.04 08:38:52.409,1.67207,1.67215,1.19,1.08
2014.06.04 08:38:52.510,1.67206,1.67215,1.77,1.77
2014.06.04 08:38:53.449,1.67205,1.67215,1.25,2.59
2014.06.04 08:38:53.979,1.67206,1.67215,1.95,1.84
2014.06.04 08:38:54.282,1.67208,1.67217,1.20,1.77
2014.06.04 08:38:54.383,1.67211,1.6722,1.10,3.34
2014.06.04 08:38:54.485,1.67212,1.6722,1.08,1.77
2014.06.04 08:38:54.991,1.67213,1.67221,1.09,1.19
2014.06.04 08:38:55.447,1.67216,1.67224,1.00,1.64
2014.06.04 08:38:55.701,1.67217,1.67224,1.00,1.37
2014.06.04 08:38:55.803,1.67214,1.67223,1.08,2.14
2014.06.04 08:38:55.855,1.67212,1.67223,2.82,2.44
2014.06.04 08:38:56.369,1.67213,1.67223,1.25,4.69
2014.06.04 08:38:56.702,1.67215,1.67223,1.00,1.63
2014.06.04 08:38:56.753,1.67215,1.67223,1.00,1.33
2014.06.04 08:38:56.905,1.67217,1.67223,1.00,1.39
2014.06.04 08:38:57.108,1.67214,1.67221,1.00,1.37
2014.06.04 08:38:57.413,1.67214,1.67222,2.82,1.84
2014.06.04 08:38:57.745,1.67213,1.67222,1.77,2.59
2014.06.04 08:38:58.402,1.67213,1.67222,1.84,2.52
2014.06.04 08:38:58.957,1.67216,1.67222,1.00,1.39
2014.06.04 08:38:59.110,1.67214,1.67223,1.88,1.39
2014.06.04 08:38:59.211,1.67213,1.67222,1.77,2.52
2014.06.04 08:38:59.716,1.67212,1.6722,1.00,1.39
2014.06.04 08:39:00.755,1.67212,1.6722,1.00,1.33
2014.06.04 08:39:01.318,1.67212,1.6722,1.10,1.02
2014.06.04 08:39:01.826,1.67213,1.6722,1.00,1.02
2014.06.04 08:39:02.130,1.67207,1.67215,1.50,1.25
2014.06.04 08:39:02.685,1.67207,1.67215,1.20,1.25
2014.06.04 08:39:03.932,1.67207,1.67216,1.69,1.84
2014.06.04 08:39:04.437,1.67207,1.67215,1.00,1.39
2014.06.04 08:39:04.963,1.67207,1.67215,1.00,1.19
2014.06.04 08:39:05.468,1.67207,1.67213,1.00,1.00
2014.06.04 08:39:05.987,1.67207,1.67215,1.00,1.77
2014.06.04 08:39:07.133,1.67206,1.67214,1.69,1.39
2014.06.04 08:39:07.674,1.67205,1.67214,2.07,1.39
2014.06.04 08:39:09.060,1.67206,1.67214,1.00,1.39
2014.06.04 08:39:09.731,1.67205,1.67214,2.82,1.39
2014.06.04 08:39:10.998,1.67205,1.67216,3.64,2.44
2014.06.04 08:39:11.049,1.67205,1.67216,4.02,2.07
2014.06.04 08:39:11.301,1.67207,1.67216,1.20,1.69
2014.06.04 08:39:11.403,1.67207,1.67216,1.20,1.69
2014.06.04 08:39:14.668,1.67207,1.67216,1.84,1.19
2014.06.04 08:39:15.477,1.67207,1.67216,1.32,1.39
2014.06.04 08:39:15.984,1.67205,1.67216,4.77,1.29
2014.06.04 08:39:16.520,1.67205,1.67216,4.02,1.77
2014.06.04 08:39:17.509,1.67206,1.67215,1.77,1.25
2014.06.04 08:39:20.496,1.67207,1.67215,1.77,1.25
2014.06.04 08:39:21.057,1.67208,1.67215,1.20,1.25
2014.06.04 08:39:22.115,1.67208,1.67216,1.09,1.25
2014.06.04 08:39:22.620,1.67208,1.67216,1.39,1.25
2014.06.04 08:39:25.137,1.67208,1.67216,1.02,1.25
2014.06.04 08:39:25.671,1.67208,1.67216,1.09,1.25
2014.06.04 08:39:26.528,1.67209,1.67218,1.47,1.19
2014.06.04 08:39:26.629,1.67213,1.6722,1.00,1.33
2014.06.04 08:39:26.801,1.67214,1.67222,1.10,2.52
2014.06.04 08:39:27.307,1.67213,1.67221,1.10,1.29
2014.06.04 08:39:27.459,1.67209,1.6722,2.52,3.94
2014.06.04 08:39:28.066,1.67208,1.67217,1.77,1.39
2014.06.04 08:39:28.520,1.67212,1.67217,1.00,1.00
2014.06.04 08:39:28.824,1.67214,1.67219,2.52,1.00
2014.06.04 08:39:29.127,1.6721,1.67217,2.25,1.69
2014.06.04 08:39:29.228,1.67207,1.67216,1.38,1.33
2014.06.04 08:39:29.330,1.67207,1.67216,1.00,1.39
2014.06.04 08:39:29.835,1.67206,1.67216,1.84,1.09
2014.06.04 08:39:31.269,1.67207,1.67216,1.09,1.29
2014.06.04 08:39:37.348,1.67205,1.67215,5.22,1.00
2014.06.04 08:39:37.500,1.67206,1.67214,1.39,1.39
2014.06.04 08:39:38.208,1.67204,1.67214,2.63,1.34
2014.06.04 08:39:39.219,1.67203,1.67213,1.95,2.14
2014.06.04 08:39:39.371,1.67203,1.67212,1.50,1.09
2014.06.04 08:39:39.472,1.67202,1.67212,2.48,1.39
2014.06.04 08:39:39.996,1.67203,1.67212,1.58,1.47
2014.06.04 08:39:40.541,1.67203,1.67212,2.52,2.59
2014.06.04 08:39:41.760,1.67207,1.67212,1.50,1.84
2014.06.04 08:39:41.963,1.67207,1.67214,1.50,2.59
2014.06.04 08:39:42.089,1.67207,1.67214,1.50,2.89
2014.06.04 08:39:42.620,1.67206,1.67214,1.50,2.14
2014.06.04 08:39:45.627,1.67207,1.67212,1.19,1.00
2014.06.04 08:39:45.779,1.6721,1.67215,1.50,1.00
2014.06.04 08:39:45.830,1.67208,1.67215,1.69,1.00
2014.06.04 08:39:46.667,1.67208,1.67217,2.82,1.77
2014.06.04 08:39:46.719,1.6721,1.67217,1.50,1.77
2014.06.04 08:39:47.652,1.6721,1.67217,1.50,2.52
2014.06.04 08:39:47.961,1.67208,1.67215,1.32,1.00
2014.06.04 08:39:48.214,1.67208,1.67217,1.69,1.77
2014.06.04 08:39:48.631,1.67207,1.67216,1.77,1.57
2014.06.04 08:39:48.935,1.672,1.67206,2.25,3.19
2014.06.04 08:39:49.238,1.67195,1.67203,1.00,3.57
2014.06.04 08:39:49.390,1.67194,1.67201,1.13,3.57
2014.06.04 08:39:49.693,1.6719,1.67197,2.25,5.50
2014.06.04 08:39:49.899,1.67188,1.67193,1.50,8.45
2014.06.04 08:39:50.615,1.67187,1.6719,3.76,1.25
2014.06.04 08:39:50.827,1.67186,1.67191,1.88,4.69
2014.06.04 08:39:50.882,1.67185,1.67191,6.38,4.69
2014.06.04 08:39:50.990,1.67185,1.67191,7.38,2.82
2014.06.04 08:39:51.251,1.67182,1.67191,1.00,3.19
2014.06.04 08:39:52.309,1.67182,1.67191,1.25,2.89
2014.06.04 08:39:52.663,1.67182,1.67192,2.44,1.60
2014.06.04 08:39:52.879,1.67192,1.67199,1.69,1.95
2014.06.04 08:39:52.981,1.67194,1.672,1.19,1.08
2014.06.04 08:39:53.488,1.67194,1.67202,1.19,1.20
2014.06.04 08:39:54.387,1.67194,1.67203,1.19,3.19
2014.06.04 08:39:54.805,1.67193,1.67201,1.25,2.14
2014.06.04 08:39:54.907,1.67193,1.67201,1.25,1.84
2014.06.04 08:39:55.008,1.67193,1.67201,1.25,2.89
2014.06.04 08:39:55.542,1.67193,1.67201,1.25,1.77
2014.06.04 08:39:56.047,1.67192,1.67202,1.02,1.39
2014.06.04 08:39:56.379,1.67195,1.67202,3.00,1.39
2014.06.04 08:39:56.481,1.67194,1.67202,2.70,1.25
2014.06.04 08:39:56.735,1.67193,1.67203,1.47,1.65
2014.06.04 08:39:57.252,1.67193,1.67201,1.77,1.58
2014.06.04 08:39:57.759,1.67193,1.67203,1.39,2.03
2014.06.04 08:39:58.985,1.67193,1.67202,1.47,1.19
2014.06.04 08:39:59.956,1.67193,1.67202,1.09,1.19
2014.06.04 08:40:01.373,1.67194,1.67202,1.20,1.19
2014.06.04 08:40:01.931,1.67194,1.67202,1.28,1.19
2014.06.04 08:40:02.704,1.67194,1.67203,2.22,1.58
2014.06.04 08:40:04.146,1.67196,1.67204,1.32,2.40
2014.06.04 08:40:04.247,1.67196,1.67204,4.02,1.00
2014.06.04 08:40:04.764,1.67196,1.67204,1.09,1.50
2014.06.04 08:40:05.274,1.67195,1.67203,1.02,1.77
2014.06.04 08:40:05.830,1.67195,1.67204,1.09,3.27
2014.06.04 08:40:06.491,1.67195,1.67204,1.02,3.64
2014.06.04 08:40:06.631,1.67195,1.67201,1.02,1.50
2014.06.04 08:40:07.137,1.67194,1.67201,1.02,1.50
2014.06.04 08:40:08.930,1.67193,1.67202,1.84,3.27
2014.06.04 08:40:09.234,1.67193,1.67199,1.84,2.25
2014.06.04 08:40:09.578,1.67193,1.67197,1.84,1.00
2014.06.04 08:40:10.299,1.67193,1.67199,1.09,2.25
2014.06.04 08:40:11.722,1.67193,1.67198,1.09,1.00
2014.06.04 08:40:13.144,1.67196,1.67202,1.00,1.69
2014.06.04 08:40:13.348,1.67193,1.67198,1.25,1.00
2014.06.04 08:40:13.449,1.67193,1.672,1.25,2.25
2014.06.04 08:40:13.954,1.67193,1.67201,1.02,1.02
2014.06.04 08:40:16.171,1.67192,1.67201,1.37,1.29
2014.06.04 08:40:16.424,1.67198,1.67202,1.00,1.18
2014.06.04 08:40:16.577,1.67199,1.67205,1.00,2.25
2014.06.04 08:40:16.830,1.67199,1.67204,1.20,1.50
2014.06.04 08:40:17.134,1.67201,1.67208,1.20,1.50
2014.06.04 08:40:17.337,1.67203,1.67211,1.09,1.25
2014.06.04 08:40:17.843,1.67203,1.6721,1.39,1.00
2014.06.04 08:40:18.348,1.67203,1.67212,1.39,2.59
2014.06.04 08:40:20.170,1.67203,1.67212,1.39,2.59
2014.06.04 08:40:21.395,1.67202,1.67209,2.22,1.00
2014.06.04 08:40:21.699,1.67204,1.67211,1.27,1.00
2014.06.04 08:40:23.149,1.67204,1.67213,1.29,3.72
2014.06.04 08:40:23.452,1.67204,1.67209,1.29,1.00
2014.06.04 08:40:23.604,1.67204,1.67211,1.29,2.25
2014.06.04 08:40:24.657,1.67204,1.67213,1.39,2.07
2014.06.04 08:40:25.160,1.67205,1.67213,1.25,1.32
2014.06.04 08:40:25.626,1.67206,1.67213,1.19,1.00
2014.06.04 08:40:26.081,1.67206,1.67211,1.19,1.00
2014.06.04 08:40:26.132,1.67205,1.67211,1.25,1.00
2014.06.04 08:40:26.637,1.67205,1.67213,1.25,2.97
2014.06.04 08:40:27.172,1.67204,1.67211,1.29,1.50
2014.06.04 08:40:27.719,1.67204,1.67213,1.29,3.72
2014.06.04 08:40:29.149,1.67206,1.67213,1.19,1.58
2014.06.04 08:40:29.555,1.67205,1.67211,1.25,1.50
2014.06.04 08:40:29.706,1.67205,1.67213,1.25,2.52
2014.06.04 08:40:31.372,1.67205,1.67211,1.25,1.00
2014.06.04 08:40:33.374,1.67204,1.67212,1.69,1.00
2014.06.04 08:40:35.583,1.67203,1.67212,1.02,1.18
2014.06.04 08:40:36.445,1.67203,1.67212,1.33,1.20
2014.06.04 08:40:36.957,1.67203,1.67212,1.39,1.84
2014.06.04 08:40:44.024,1.67203,1.67212,1.19,1.84
2014.06.04 08:40:45.325,1.67205,1.67212,1.25,1.00
2014.06.04 08:40:45.902,1.67205,1.67213,1.02,1.02
2014.06.04 08:40:45.953,1.67205,1.67211,1.02,1.00
2014.06.04 08:40:47.049,1.67205,1.67213,1.02,1.09
2014.06.04 08:40:50.139,1.67204,1.67213,1.39,1.33
2014.06.04 08:40:50.644,1.67204,1.67213,1.27,1.02
2014.06.04 08:40:55.831,1.67205,1.67211,1.02,1.00
2014.06.04 08:40:56.573,1.67203,1.67211,1.29,1.10
2014.06.04 08:40:57.085,1.67203,1.67211,1.02,1.02
2014.06.04 08:40:57.621,1.67203,1.6721,1.02,1.00
2014.06.04 08:40:59.085,1.67202,1.6721,2.14,1.00
2014.06.04 08:40:59.601,1.67202,1.6721,1.77,1.00
2014.06.04 08:41:00.256,1.67202,1.67208,1.77,1.00
2014.06.04 08:41:00.882,1.67202,1.67209,1.84,1.00
2014.06.04 08:41:01.427,1.67202,1.67208,1.77,1.00
2014.06.04 08:41:01.630,1.67202,1.6721,1.77,1.10
2014.06.04 08:41:02.028,1.672,1.67208,1.54,1.69
2014.06.04 08:41:02.180,1.67196,1.67206,2.44,2.03
2014.06.04 08:41:02.302,1.67196,1.67205,3.19,1.39
2014.06.04 08:41:03.031,1.67196,1.67205,1.77,2.22
2014.06.04 08:41:03.537,1.67197,1.67206,1.69,1.40
2014.06.04 08:41:04.988,1.67197,1.67205,1.25,1.09
2014.06.04 08:41:05.291,1.67197,1.67204,1.00,1.19
2014.06.04 08:41:05.443,1.67195,1.67203,1.10,1.70
2014.06.04 08:41:05.948,1.67195,1.67204,2.82,1.77
2014.06.04 08:41:06.717,1.67195,1.67205,2.82,1.09
2014.06.04 08:41:07.343,1.67196,1.67206,1.00,3.27
2014.06.04 08:41:08.904,1.67197,1.67206,1.00,2.14
2014.06.04 08:41:10.637,1.67198,1.67206,1.00,1.39
2014.06.04 08:41:11.167,1.67197,1.67206,1.00,1.39
2014.06.04 08:41:11.672,1.67196,1.67206,2.14,1.39
2014.06.04 08:41:12.138,1.67199,1.67206,1.00,1.20
2014.06.04 08:41:13.200,1.67199,1.67207,1.25,1.77
2014.06.04 08:41:21.182,1.67202,1.67208,1.00,1.38
2014.06.04 08:41:21.284,1.67202,1.67208,1.00,1.00
2014.06.04 08:41:21.386,1.67202,1.67211,1.10,3.34
2014.06.04 08:41:21.639,1.672,1.67205,1.13,1.00
2014.06.04 08:41:21.690,1.67197,1.67203,1.00,1.10
2014.06.04 08:41:21.740,1.67197,1.67201,1.00,1.19
2014.06.04 08:41:22.044,1.6719,1.67196,1.88,1.39
2014.06.04 08:41:22.149,1.67188,1.67194,1.00,1.29
2014.06.04 08:41:22.300,1.67186,1.67194,1.69,1.19
2014.06.04 08:41:22.828,1.67186,1.67196,1.02,4.73
2014.06.04 08:41:25.976,1.67185,1.67195,1.25,2.10
2014.06.04 08:41:26.431,1.67184,1.67195,3.19,2.40
2014.06.04 08:41:26.942,1.67184,1.67193,1.69,2.44
2014.06.04 08:41:29.602,1.67183,1.67192,1.29,4.02
2014.06.04 08:41:29.703,1.67181,1.6719,1.19,2.89
2014.06.04 08:41:29.804,1.6718,1.67188,1.00,1.77
2014.06.04 08:41:31.210,1.67182,1.6719,1.25,1.84
2014.06.04 08:41:31.311,1.67182,1.67189,1.18,1.19
2014.06.04 08:41:31.515,1.67182,1.67191,1.18,1.77
2014.06.04 08:41:32.275,1.67182,1.67191,1.10,1.84
2014.06.04 08:41:33.139,1.67182,1.67189,1.77,1.00
2014.06.04 08:41:33.679,1.67182,1.67189,1.77,1.00
2014.06.04 08:41:34.410,1.67183,1.67189,1.19,1.00
2014.06.04 08:41:34.612,1.67182,1.67188,1.84,1.00
2014.06.04 08:41:35.015,1.67178,1.67189,2.22,4.77
2014.06.04 08:41:35.528,1.67179,1.67187,1.09,1.69
2014.06.04 08:41:36.034,1.67178,1.67187,1.29,1.84
2014.06.04 08:41:36.839,1.67177,1.67186,2.97,1.02
2014.06.04 08:41:37.355,1.67177,1.67183,1.69,1.00
2014.06.04 08:41:37.860,1.67177,1.67182,1.19,1.00
2014.06.04 08:41:38.112,1.67177,1.67185,1.19,1.00
2014.06.04 08:41:38.264,1.67176,1.67185,1.09,1.69
2014.06.04 08:41:40.268,1.67175,1.67184,2.10,1.39
2014.06.04 08:41:41.254,1.67175,1.67184,2.10,1.39
2014.06.04 08:41:41.506,1.67177,1.67184,1.00,1.39
2014.06.04 08:41:42.012,1.67176,1.67185,1.19,2.97
2014.06.04 08:41:42.946,1.67175,1.67184,2.10,1.02
2014.06.04 08:41:43.949,1.67175,1.67184,2.10,1.29
2014.06.04 08:41:45.098,1.67175,1.67185,2.07,1.28
2014.06.04 08:41:46.069,1.67177,1.67185,1.25,1.09
2014.06.04 08:41:47.094,1.67175,1.67185,2.97,1.18
2014.06.04 08:41:48.507,1.67177,1.67185,1.50,1.18
2014.06.04 08:41:50.140,1.67179,1.67186,1.00,1.20
2014.06.04 08:41:50.494,1.6718,1.67189,1.69,4.32
2014.06.04 08:41:50.545,1.67181,1.67189,1.25,1.63
2014.06.04 08:41:50.646,1.67181,1.6719,1.10,1.18
2014.06.04 08:41:51.151,1.67182,1.67191,1.25,3.19
2014.06.04 08:41:51.914,1.67182,1.67191,1.77,2.14
2014.06.04 08:41:52.015,1.67182,1.67191,2.14,1.69
2014.06.04 08:41:52.623,1.67182,1.67191,1.70,1.00
2014.06.04 08:41:53.423,1.67181,1.67189,2.07,1.25
2014.06.04 08:41:53.474,1.67181,1.67189,1.09,1.32
2014.06.04 08:41:53.575,1.6718,1.67188,1.69,1.13
2014.06.04 08:41:53.828,1.67175,1.67182,1.33,1.13
2014.06.04 08:41:55.143,1.67175,1.67185,1.77,4.00
2014.06.04 08:41:55.479,1.67177,1.67185,2.59,1.39
2014.06.04 08:41:56.288,1.67177,1.67185,2.52,1.39
2014.06.04 08:41:56.793,1.67177,1.67186,1.58,2.52
2014.06.04 08:41:57.558,1.67177,1.67186,1.58,1.39
2014.06.04 08:41:58.175,1.67177,1.67187,1.95,1.27
2014.06.04 08:41:58.680,1.67177,1.67186,2.25,1.25
2014.06.04 08:41:59.186,1.67177,1.67187,1.95,1.69
2014.06.04 08:42:01.029,1.67178,1.67187,1.09,1.19
2014.06.04 08:42:03.644,1.67177,1.67187,1.40,1.25
2014.06.04 08:42:05.087,1.67179,1.67187,1.19,1.00
2014.06.04 08:42:05.390,1.67181,1.6719,1.27,2.52
2014.06.04 08:42:05.694,1.67176,1.67185,1.69,2.44
2014.06.04 08:42:05.796,1.67176,1.67183,1.02,1.00
2014.06.04 08:42:06.301,1.67176,1.67183,1.33,1.88
2014.06.04 08:42:06.352,1.67175,1.67182,1.02,1.00
2014.06.04 08:42:07.800,1.67175,1.67182,2.59,1.00
2014.06.04 08:42:07.952,1.67176,1.67184,2.52,1.00
2014.06.04 08:42:08.003,1.67182,1.67188,1.20,1.75
2014.06.04 08:42:08.054,1.67182,1.67188,1.20,1.00
2014.06.04 08:42:08.458,1.67182,1.67189,1.20,1.25
2014.06.04 08:42:10.954,1.67181,1.6719,1.84,1.25
2014.06.04 08:42:11.056,1.67181,1.6719,2.97,1.25
2014.06.04 08:42:11.208,1.67185,1.67193,1.33,1.08
2014.06.04 08:42:11.612,1.67183,1.67191,1.28,1.00
2014.06.04 08:42:12.211,1.67183,1.67193,1.00,2.59
2014.06.04 08:42:12.719,1.67183,1.67191,1.25,1.25
2014.06.04 08:42:14.006,1.67183,1.6719,1.25,1.00
2014.06.04 08:42:15.391,1.67183,1.6719,1.69,1.00
2014.06.04 08:42:16.400,1.67183,1.6719,1.25,1.00
2014.06.04 08:42:18.412,1.67183,1.67188,1.69,1.00
2014.06.04 08:42:19.119,1.67184,1.67188,1.10,1.00
2014.06.04 08:42:19.372,1.67185,1.67193,1.69,1.25
2014.06.04 08:42:20.364,1.67188,1.67194,1.00,1.00
2014.06.04 08:42:20.415,1.67189,1.67194,1.32,1.00
2014.06.04 08:42:20.618,1.67191,1.67197,1.13,1.00
2014.06.04 08:42:20.921,1.67193,1.67199,2.07,1.00
2014.06.04 08:42:21.923,1.67194,1.67199,1.19,1.00
2014.06.04 08:42:22.231,1.67194,1.67201,1.19,1.00
2014.06.04 08:42:22.332,1.67194,1.67203,1.32,1.09
2014.06.04 08:42:22.838,1.67194,1.67203,2.52,1.25
2014.06.04 08:42:23.343,1.67196,1.67204,1.18,1.19
2014.06.04 08:42:23.849,1.67196,1.67204,1.10,1.29
2014.06.04 08:42:24.355,1.67194,1.67205,2.22,2.52
2014.06.04 08:42:25.443,1.67195,1.67204,1.09,1.77
2014.06.04 08:42:25.848,1.67195,1.67206,3.72,1.39
2014.06.04 08:42:25.949,1.67197,1.67206,1.58,1.29
2014.06.04 08:42:26.454,1.67197,1.67206,1.58,1.37
2014.06.04 08:42:26.958,1.67197,1.67206,1.58,1.02
2014.06.04 08:42:29.663,1.67198,1.67206,2.70,1.02
2014.06.04 08:42:29.966,1.67202,1.6721,3.34,1.00
2014.06.04 08:42:30.869,1.67203,1.67208,1.77,1.00
2014.06.04 08:42:31.420,1.67203,1.67212,2.59,1.77
2014.06.04 08:42:32.086,1.67203,1.67212,2.52,1.84
2014.06.04 08:42:32.187,1.67203,1.67209,2.52,1.00
2014.06.04 08:42:32.389,1.67203,1.67212,2.52,1.84
2014.06.04 08:42:32.966,1.67203,1.67209,1.02,1.00
2014.06.04 08:42:33.168,1.67203,1.67212,1.02,1.84
2014.06.04 08:42:33.914,1.67203,1.67212,1.29,1.84
2014.06.04 08:42:35.802,1.67203,1.67209,1.29,1.00
2014.06.04 08:42:36.826,1.67203,1.6721,1.29,1.00
2014.06.04 08:42:37.281,1.67204,1.67213,1.02,1.08
2014.06.04 08:42:37.433,1.67204,1.67214,1.47,1.84
2014.06.04 08:42:38.148,1.67204,1.67214,2.14,1.39
2014.06.04 08:42:39.022,1.67204,1.67214,1.84,1.84
2014.06.04 08:42:39.545,1.67204,1.67214,1.77,2.14
2014.06.04 08:42:40.187,1.67204,1.67213,2.14,1.09
2014.06.04 08:42:42.003,1.67204,1.67213,2.14,1.02
2014.06.04 08:42:42.610,1.67204,1.67214,2.14,1.39
2014.06.04 08:42:44.244,1.67204,1.67213,1.77,1.09
2014.06.04 08:42:44.939,1.67204,1.67213,1.84,1.02
2014.06.04 08:42:45.464,1.67205,1.67214,1.25,2.14
2014.06.04 08:42:47.098,1.67204,1.6721,1.77,1.00
2014.06.04 08:42:47.422,1.67204,1.67212,2.14,1.10
2014.06.04 08:42:47.980,1.67204,1.67211,2.14,1.00
2014.06.04 08:42:48.081,1.67204,1.67213,2.22,1.02
2014.06.04 08:42:48.587,1.67205,1.67213,2.59,1.69
2014.06.04 08:42:51.302,1.67205,1.67213,1.02,1.77
2014.06.04 08:42:52.468,1.67205,1.67213,3.34,1.25
2014.06.04 08:42:53.222,1.67205,1.67213,3.27,1.02
2014.06.04 08:42:53.740,1.67205,1.67212,1.77,1.00
2014.06.04 08:43:00.561,1.67204,1.6721,2.52,1.00
2014.06.04 08:43:01.108,1.67204,1.67213,2.52,1.77
2014.06.04 08:43:01.629,1.67205,1.67212,1.02,1.00
2014.06.04 08:43:02.148,1.67205,1.67213,1.02,1.02
2014.06.04 08:43:05.325,1.67206,1.67214,1.00,1.37
2014.06.04 08:43:05.858,1.67205,1.67214,1.02,1.84
2014.06.04 08:43:07.913,1.67205,1.67213,1.25,2.14
2014.06.04 08:43:09.295,1.67203,1.67212,2.52,2.22
2014.06.04 08:43:09.851,1.67203,1.67212,1.77,2.07
2014.06.04 08:43:10.395,1.67203,1.67212,1.77,2.22
2014.06.04 08:43:11.034,1.67203,1.67212,1.84,1.02
2014.06.04 08:43:11.541,1.67204,1.67213,3.27,1.84
2014.06.04 08:43:11.858,1.67207,1.67215,1.69,1.28
2014.06.04 08:43:12.010,1.67212,1.67221,1.18,1.02
2014.06.04 08:43:12.791,1.67213,1.67222,1.25,2.89
2014.06.04 08:43:13.314,1.67213,1.67222,1.19,2.89
2014.06.04 08:43:13.667,1.67212,1.67218,1.65,1.00
2014.06.04 08:43:13.769,1.6721,1.67218,1.47,2.03
2014.06.04 08:43:13.972,1.67207,1.67215,1.25,1.84
2014.06.04 08:43:14.275,1.67205,1.67214,1.69,1.39
2014.06.04 08:43:14.779,1.67204,1.67213,1.02,1.37
2014.06.04 08:43:14.981,1.67202,1.67211,1.29,1.33
2014.06.04 08:43:15.631,1.67202,1.67211,1.69,1.09
2014.06.04 08:43:16.388,1.67201,1.6721,1.02,1.27
2014.06.04 08:43:16.792,1.67199,1.67208,1.20,1.32
2014.06.04 08:43:16.945,1.67197,1.67207,2.52,1.58
2014.06.04 08:43:17.249,1.67194,1.672,3.57,1.00
2014.06.04 08:43:17.684,1.67193,1.672,1.57,1.00
2014.06.04 08:43:17.785,1.67191,1.672,1.77,1.08
2014.06.04 08:43:17.891,1.67193,1.672,1.25,1.00
2014.06.04 08:43:19.135,1.67193,1.67201,1.20,1.10
2014.06.04 08:43:19.439,1.67194,1.67201,1.19,1.00
2014.06.04 08:43:19.490,1.67193,1.67201,1.69,1.33
2014.06.04 08:43:19.761,1.67195,1.672,1.19,1.10
2014.06.04 08:43:20.067,1.67204,1.67205,4.13,1.00
2014.06.04 08:43:20.169,1.67204,1.67207,4.13,2.50
2014.06.04 08:43:20.375,1.67206,1.6721,1.00,6.75
2014.06.04 08:43:20.429,1.67206,1.67214,1.00,1.00
2014.06.04 08:43:20.479,1.67212,1.67214,1.08,1.00
2014.06.04 08:43:20.581,1.67213,1.67221,2.33,2.25
2014.06.04 08:43:20.683,1.67219,1.67221,1.19,1.00
2014.06.04 08:43:20.936,1.67217,1.67222,1.09,1.00
2014.06.04 08:43:21.391,1.67221,1.67228,1.50,2.89
2014.06.04 08:43:21.644,1.67224,1.67228,1.50,1.00
2014.06.04 08:43:22.149,1.67223,1.6723,1.50,1.84
2014.06.04 08:43:24.345,1.67221,1.67227,1.58,1.00
2014.06.04 08:43:24.650,1.67219,1.67223,1.20,1.00
2014.06.04 08:43:25.008,1.67215,1.67221,1.53,1.00
2014.06.04 08:43:25.464,1.67212,1.67219,1.75,2.44
2014.06.04 08:43:25.970,1.67207,1.67214,2.44,1.00
2014.06.04 08:43:26.023,1.67207,1.67213,2.52,1.00
2014.06.04 08:43:26.124,1.67207,1.67212,2.14,1.00
2014.06.04 08:43:26.647,1.67207,1.67215,1.37,1.25
2014.06.04 08:43:26.952,1.67212,1.67215,1.00,1.00
2014.06.04 08:43:27.104,1.67212,1.67217,2.97,1.00
2014.06.04 08:43:27.407,1.67212,1.6722,2.52,1.00
2014.06.04 08:43:27.912,1.67212,1.67221,1.77,1.10
2014.06.04 08:43:28.417,1.67214,1.67221,1.25,1.10
2014.06.04 08:43:29.215,1.67214,1.67221,1.19,1.00
2014.06.04 08:43:29.620,1.67212,1.67216,1.20,1.13
2014.06.04 08:43:29.773,1.67205,1.67214,6.15,1.10
2014.06.04 08:43:29.875,1.67205,1.67212,6.08,1.25
2014.06.04 08:43:30.383,1.67205,1.67213,1.18,1.69
2014.06.04 08:43:31.326,1.67205,1.67214,1.09,1.02
2014.06.04 08:43:31.782,1.67204,1.6721,1.84,1.00
2014.06.04 08:43:32.095,1.67204,1.67214,1.84,1.09
2014.06.04 08:43:32.601,1.67205,1.67214,1.25,2.52
2014.06.04 08:43:34.558,1.67205,1.67214,1.25,3.72
2014.06.04 08:43:36.584,1.67204,1.67212,1.84,1.00
2014.06.04 08:43:37.090,1.67204,1.67212,2.14,1.00
2014.06.04 08:43:38.246,1.67205,1.6721,1.09,1.00
2014.06.04 08:43:38.783,1.67204,1.67211,2.14,1.00
2014.06.04 08:43:39.272,1.67204,1.67209,1.84,1.00
2014.06.04 08:43:39.373,1.67204,1.67211,1.84,1.00
2014.06.04 08:43:39.790,1.67204,1.67209,1.84,1.00
2014.06.04 08:43:40.153,1.67204,1.67207,1.09,1.00
2014.06.04 08:43:40.712,1.67203,1.67207,1.09,1.00
2014.06.04 08:43:41.568,1.67203,1.67208,1.09,1.00
2014.06.04 08:43:43.859,1.67202,1.67207,1.77,1.00
2014.06.04 08:43:48.156,1.67203,1.67208,1.37,1.00
2014.06.04 08:43:48.707,1.67203,1.67209,1.47,1.00
2014.06.04 08:43:49.034,1.67203,1.67207,1.37,1.00
2014.06.04 08:43:50.441,1.67203,1.67207,1.39,1.00
2014.06.04 08:43:50.492,1.67203,1.67212,1.39,1.69
2014.06.04 08:43:50.998,1.67205,1.67214,1.77,1.19
2014.06.04 08:43:51.742,1.67205,1.67214,1.47,1.19
2014.06.04 08:43:52.433,1.67206,1.67215,1.25,1.39
2014.06.04 08:43:53.406,1.67206,1.67215,1.19,1.84
2014.06.04 08:43:54.443,1.67206,1.67214,1.50,1.00
2014.06.04 08:43:55.378,1.67205,1.67213,1.09,1.00
2014.06.04 08:43:56.158,1.67206,1.67214,1.50,1.00
2014.06.04 08:43:56.883,1.67206,1.67216,1.50,3.34
2014.06.04 08:43:58.313,1.67206,1.67214,1.50,1.00
2014.06.04 08:43:58.863,1.67205,1.67216,1.09,3.34
2014.06.04 08:43:59.398,1.67206,1.67216,1.50,3.34
2014.06.04 08:44:01.445,1.67205,1.67215,1.09,1.84
2014.06.04 08:44:01.496,1.67205,1.67215,1.09,2.89
2014.06.04 08:44:02.025,1.67204,1.67213,1.29,1.08
2014.06.04 08:44:07.403,1.67205,1.67214,1.25,2.89
2014.06.04 08:44:07.619,1.67206,1.67214,1.50,2.59
2014.06.04 08:44:08.131,1.67205,1.67212,2.44,1.00
2014.06.04 08:44:10.645,1.67205,1.67211,1.69,1.00
2014.06.04 08:44:11.152,1.67206,1.67211,1.50,1.00
2014.06.04 08:44:11.868,1.67206,1.67213,1.50,1.39
2014.06.04 08:44:16.254,1.67205,1.67213,1.50,1.10
2014.06.04 08:44:18.029,1.67205,1.67212,1.50,1.25
2014.06.04 08:44:18.536,1.67205,1.67213,1.50,2.52
2014.06.04 08:44:18.739,1.67203,1.6721,1.09,1.00
2014.06.04 08:44:19.271,1.67203,1.67209,1.02,1.00
2014.06.04 08:44:19.806,1.67203,1.6721,1.02,1.00
2014.06.04 08:44:20.693,1.67203,1.67209,1.09,1.00
2014.06.04 08:44:22.376,1.67203,1.6721,1.20,1.00
2014.06.04 08:44:22.797,1.67203,1.67212,1.20,1.25
2014.06.04 08:44:23.304,1.67203,1.67213,1.65,3.72
2014.06.04 08:44:23.940,1.67203,1.67212,2.59,1.29
2014.06.04 08:44:24.965,1.67203,1.67212,1.18,1.02
2014.06.04 08:44:26.979,1.67203,1.67212,1.84,1.77
2014.06.04 08:44:27.514,1.67203,1.6721,1.84,1.00
2014.06.04 08:44:28.721,1.67203,1.67211,1.84,1.00
2014.06.04 08:44:30.803,1.67203,1.67211,1.10,1.10
2014.06.04 08:44:31.917,1.67203,1.67212,1.08,1.09
2014.06.04 08:44:33.692,1.67203,1.67212,1.69,2.59
2014.06.04 08:44:34.861,1.67203,1.67212,1.69,2.89
2014.06.04 08:44:35.381,1.67203,1.67211,1.77,1.02
2014.06.04 08:44:37.601,1.67203,1.67212,1.84,1.77
2014.06.04 08:44:38.656,1.67205,1.67212,1.00,1.84
2014.06.04 08:44:38.916,1.67203,1.67212,1.69,1.20
2014.06.04 08:44:39.778,1.67203,1.67212,1.84,1.10
2014.06.04 08:44:40.245,1.67204,1.67211,1.10,1.57
2014.06.04 08:44:40.551,1.67201,1.67205,1.00,1.10
2014.06.04 08:44:40.652,1.67199,1.67205,1.00,1.10
2014.06.04 08:44:41.158,1.67197,1.67205,1.77,1.10
2014.06.04 08:44:42.179,1.67199,1.67205,1.00,1.69
2014.06.04 08:44:42.684,1.672,1.67206,1.00,1.02
2014.06.04 08:44:42.887,1.67203,1.67206,1.00,1.10
2014.06.04 08:44:43.242,1.67205,1.67213,1.09,1.25
2014.06.04 08:44:43.771,1.67207,1.67214,1.00,2.07
2014.06.04 08:44:44.285,1.67211,1.67216,1.00,1.88
2014.06.04 08:44:44.588,1.67215,1.67221,1.77,2.63
2014.06.04 08:44:44.843,1.67216,1.67221,1.33,2.25
2014.06.04 08:44:44.994,1.67216,1.67224,1.33,1.50
2014.06.04 08:44:45.502,1.67214,1.67224,1.50,1.69
2014.06.04 08:44:46.108,1.67214,1.67222,1.69,1.25
2014.06.04 08:44:47.144,1.67214,1.67223,2.82,1.69
2014.06.04 08:44:47.665,1.67214,1.67223,1.84,1.69
2014.06.04 08:44:49.555,1.67214,1.67221,1.18,1.25
2014.06.04 08:44:49.657,1.67212,1.67221,1.20,1.37
2014.06.04 08:44:49.759,1.6721,1.67218,2.52,1.00
2014.06.04 08:44:52.575,1.67212,1.67218,1.19,1.00
2014.06.04 08:44:52.676,1.67214,1.67221,1.25,1.20
2014.06.04 08:44:53.084,1.67214,1.67222,1.39,1.69
2014.06.04 08:44:53.590,1.67213,1.67221,2.14,1.32
2014.06.04 08:44:54.096,1.67212,1.67221,2.59,2.44
2014.06.04 08:44:54.298,1.67214,1.67222,1.88,1.00
2014.06.04 08:44:54.812,1.67214,1.67223,3.34,1.32
2014.06.04 08:44:54.964,1.67214,1.67223,2.44,2.38
2014.06.04 08:44:55.481,1.67214,1.67223,2.44,2.32
2014.06.04 08:44:56.666,1.67214,1.67223,2.44,1.25
2014.06.04 08:44:57.033,1.67215,1.67223,1.33,1.25
2014.06.04 08:44:57.235,1.67216,1.67224,1.50,1.69
2014.06.04 08:44:57.336,1.67215,1.67224,3.94,1.69
2014.06.04 08:44:57.589,1.67214,1.67223,1.20,3.07
2014.06.04 08:44:57.691,1.67213,1.67222,1.40,3.88
2014.06.04 08:44:57.896,1.67213,1.67222,1.69,4.32
2014.06.04 08:44:58.202,1.67217,1.67222,2.25,1.00
2014.06.04 08:44:58.455,1.67218,1.67225,1.09,1.00
2014.06.04 08:44:58.760,1.67219,1.67225,1.20,1.00
2014.06.04 08:44:58.863,1.67219,1.67225,3.57,1.00
2014.06.04 08:44:59.910,1.67217,1.67225,2.14,2.44
2014.06.04 08:45:00.295,1.67217,1.67223,1.77,1.00
2014.06.04 08:45:00.801,1.67214,1.67221,1.69,1.00
2014.06.04 08:45:01.208,1.67213,1.67219,2.52,1.00
2014.06.04 08:45:01.317,1.67214,1.67221,1.50,1.25
2014.06.04 08:45:01.671,1.67215,1.67224,1.29,2.44
2014.06.04 08:45:02.318,1.67218,1.67224,1.00,1.69
2014.06.04 08:45:02.672,1.67216,1.67225,1.69,1.69
2014.06.04 08:45:03.089,1.67216,1.67221,1.39,1.00
2014.06.04 08:45:03.140,1.67216,1.67221,1.09,1.00
2014.06.04 08:45:03.690,1.67215,1.67221,1.29,1.00
2014.06.04 08:45:03.943,1.67215,1.67223,1.29,1.00
2014.06.04 08:45:04.786,1.67215,1.67221,1.29,1.00
2014.06.04 08:45:04.997,1.67215,1.67224,1.29,1.69
2014.06.04 08:45:05.575,1.67215,1.67222,1.29,1.00
2014.06.04 08:45:05.917,1.67215,1.67224,1.29,2.44
2014.06.04 08:45:06.663,1.67216,1.67224,1.39,1.00
2014.06.04 08:45:06.916,1.67218,1.67225,1.95,1.25
2014.06.04 08:45:07.421,1.67216,1.67225,1.69,2.07
2014.06.04 08:45:07.767,1.67216,1.67225,2.00,2.07
2014.06.04 08:45:08.120,1.67216,1.67224,1.69,1.25
2014.06.04 08:45:08.930,1.67217,1.67225,1.45,1.19
2014.06.04 08:45:09.485,1.67216,1.67224,1.69,1.25
2014.06.04 08:45:10.058,1.67216,1.67223,1.69,1.00
2014.06.04 08:45:10.381,1.67216,1.67223,1.94,1.00
2014.06.04 08:45:11.199,1.67216,1.67222,1.94,1.00
2014.06.04 08:45:11.374,1.67216,1.67225,1.94,1.25
2014.06.04 08:45:11.526,1.6722,1.67227,1.20,1.00
2014.06.04 08:45:11.577,1.67224,1.67228,2.29,1.50
2014.06.04 08:45:11.628,1.67226,1.67232,1.17,1.00
2014.06.04 08:45:11.729,1.67228,1.67235,1.88,1.10
2014.06.04 08:45:11.780,1.67228,1.67236,3.19,1.10
2014.06.04 08:45:12.088,1.67228,1.67234,1.33,1.00
2014.06.04 08:45:12.604,1.67226,1.67234,2.14,1.00
2014.06.04 08:45:13.380,1.67225,1.67232,2.44,1.00
2014.06.04 08:45:14.123,1.67225,1.67234,2.44,1.69
2014.06.04 08:45:14.682,1.67228,1.67235,1.10,2.07
2014.06.04 08:45:14.733,1.67228,1.67235,1.38,1.69
2014.06.04 08:45:14.884,1.67229,1.67235,1.20,1.69
2014.06.04 08:45:14.935,1.67228,1.67234,1.45,1.00
2014.06.04 08:45:15.189,1.67228,1.67233,1.10,1.25
2014.06.04 08:45:15.707,1.67224,1.67233,4.28,1.69
2014.06.04 08:45:16.218,1.67224,1.67233,2.59,1.69
2014.06.04 08:45:16.675,1.67224,1.67229,2.59,1.00
2014.06.04 08:45:16.827,1.67224,1.67229,2.59,1.00
2014.06.04 08:45:16.929,1.67224,1.67232,2.29,1.00
2014.06.04 08:45:17.131,1.67224,1.6723,2.59,1.00
2014.06.04 08:45:17.635,1.67224,1.67231,1.24,1.69
2014.06.04 08:45:17.940,1.67224,1.67231,1.09,1.25
2014.06.04 08:45:18.143,1.67225,1.67235,2.14,4.32
2014.06.04 08:45:18.667,1.67226,1.67235,1.28,1.25
2014.06.04 08:45:18.819,1.67227,1.67236,1.77,2.44
2014.06.04 08:45:19.329,1.67227,1.67236,3.57,1.19
2014.06.04 08:45:20.243,1.67227,1.67236,2.82,1.19
2014.06.04 08:45:20.787,1.67227,1.67236,2.52,1.69
2014.06.04 08:45:21.784,1.67227,1.67235,1.77,1.25
2014.06.04 08:45:24.038,1.67225,1.67235,4.32,1.25
2014.06.04 08:45:24.709,1.67227,1.67236,1.15,1.32
2014.06.04 08:45:25.333,1.67231,1.67236,1.00,1.32
2014.06.04 08:45:25.434,1.67231,1.67238,1.20,1.77
2014.06.04 08:45:25.536,1.67232,1.67238,1.20,1.19
2014.06.04 08:45:25.587,1.67232,1.6724,1.69,1.25
2014.06.04 08:45:25.842,1.67232,1.67243,3.27,2.14
2014.06.04 08:45:26.368,1.67232,1.67243,2.14,3.64
2014.06.04 08:45:26.721,1.67232,1.6724,1.20,1.19
2014.06.04 08:45:27.052,1.67231,1.67237,1.25,1.00
2014.06.04 08:45:27.590,1.6723,1.67238,1.77,1.02
2014.06.04 08:45:27.894,1.67228,1.67237,1.20,1.32
2014.06.04 08:45:28.450,1.67229,1.67237,1.39,1.00
2014.06.04 08:45:29.836,1.67232,1.67238,1.13,1.77
2014.06.04 08:45:30.141,1.67233,1.67242,2.52,2.44
2014.06.04 08:45:30.673,1.67233,1.67242,1.84,2.52
2014.06.04 08:45:31.178,1.67232,1.67241,2.89,1.19
2014.06.04 08:45:31.681,1.67232,1.67241,2.59,1.29
2014.06.04 08:45:32.499,1.67233,1.67241,1.02,1.02
2014.06.04 08:45:32.650,1.67233,1.67242,1.77,1.69
2014.06.04 08:45:33.157,1.67236,1.67242,1.00,1.69
2014.06.04 08:45:33.663,1.67237,1.67242,1.00,1.02
2014.06.04 08:45:33.970,1.67239,1.67244,1.00,1.29
2014.06.04 08:45:34.256,1.67236,1.67245,4.02,1.33
2014.06.04 08:45:35.129,1.67236,1.67245,4.02,1.02
2014.06.04 08:45:35.925,1.67236,1.67245,3.27,1.47
2014.06.04 08:45:36.446,1.67236,1.67244,1.50,1.77
2014.06.04 08:45:36.952,1.67236,1.67244,1.50,1.27
2014.06.04 08:45:37.457,1.67236,1.67244,1.58,1.19
2014.06.04 08:45:37.979,1.67236,1.67244,1.77,1.69
2014.06.04 08:45:39.558,1.67236,1.67244,1.69,1.25
2014.06.04 08:45:39.862,1.67234,1.67243,2.97,1.19
2014.06.04 08:45:40.748,1.67234,1.67244,1.84,1.09
2014.06.04 08:45:41.268,1.67234,1.67243,2.40,1.29
2014.06.04 08:45:42.251,1.67234,1.67243,3.34,1.02
2014.06.04 08:45:42.913,1.67237,1.67243,1.00,1.02
2014.06.04 08:45:44.286,1.67237,1.67245,1.25,1.69
2014.06.04 08:45:45.246,1.67237,1.67245,1.32,1.25
2014.06.04 08:45:46.259,1.67236,1.67244,1.77,1.25
2014.06.04 08:45:46.764,1.67236,1.67244,1.77,1.25
2014.06.04 08:45:47.347,1.67236,1.67245,2.44,1.29
2014.06.04 08:45:47.947,1.67236,1.67245,2.97,1.29
2014.06.04 08:45:48.453,1.67236,1.67245,3.27,1.25
2014.06.04 08:45:48.786,1.67236,1.67242,1.13,1.77
2014.06.04 08:45:49.152,1.67233,1.67241,1.00,1.37
2014.06.04 08:45:49.204,1.67232,1.67241,2.07,1.69
2014.06.04 08:45:49.306,1.67234,1.67241,1.00,1.02
2014.06.04 08:45:49.812,1.67232,1.67241,1.84,1.25
2014.06.04 08:45:50.020,1.67232,1.67239,1.29,1.00
2014.06.04 08:45:50.540,1.67231,1.67239,4.32,1.15
2014.06.04 08:45:51.048,1.67232,1.67239,1.25,1.20
2014.06.04 08:45:51.352,1.67231,1.67238,2.25,1.69
2014.06.04 08:45:51.655,1.67225,1.67233,1.58,1.00
2014.06.04 08:45:51.706,1.67225,1.67233,1.58,1.69
2014.06.04 08:45:53.732,1.67226,1.67235,1.84,1.29
2014.06.04 08:45:54.587,1.67227,1.67235,1.20,1.29
2014.06.04 08:45:54.890,1.67227,1.67235,1.69,1.32
2014.06.04 08:45:55.855,1.67229,1.67235,1.48,1.25
2014.06.04 08:45:57.285,1.67227,1.67235,2.44,1.25
2014.06.04 08:45:57.790,1.67227,1.67235,1.69,1.19
2014.06.04 08:45:58.671,1.67227,1.67235,1.69,1.25
2014.06.04 08:45:59.115,1.67227,1.67235,1.69,1.25
2014.06.04 08:46:02.117,1.67227,1.67234,1.20,1.00
2014.06.04 08:46:02.646,1.67227,1.67235,1.20,2.07
2014.06.04 08:46:03.352,1.67225,1.67234,3.57,1.00
2014.06.04 08:46:03.403,1.67225,1.67234,2.63,1.38
2014.06.04 08:46:03.504,1.67225,1.67229,1.13,2.07
2014.06.04 08:46:03.607,1.67224,1.67227,1.50,1.19
2014.06.04 08:46:03.910,1.67218,1.67225,2.63,1.25
2014.06.04 08:46:04.277,1.67218,1.67225,1.88,1.25
2014.06.04 08:46:05.780,1.67219,1.67226,1.75,1.19
2014.06.04 08:46:05.884,1.6722,1.67227,1.13,1.00
2014.06.04 08:46:05.990,1.67223,1.67231,2.63,2.03
2014.06.04 08:46:06.092,1.67225,1.67233,2.00,3.19
2014.06.04 08:46:06.598,1.67225,1.67234,4.69,1.19
2014.06.04 08:46:07.115,1.67224,1.67233,5.07,1.25
2014.06.04 08:46:07.826,1.67224,1.67231,3.38,1.25
2014.06.04 08:46:08.130,1.67222,1.67227,2.25,1.69
2014.06.04 08:46:08.232,1.67219,1.67227,1.18,2.07
2014.06.04 08:46:09.046,1.6722,1.67227,1.10,1.25
2014.06.04 08:46:09.647,1.67222,1.67227,1.00,1.25
2014.06.04 08:46:10.434,1.67219,1.67227,1.09,1.25
2014.06.04 08:46:10.979,1.67219,1.67227,1.39,1.25
2014.06.04 08:46:11.499,1.67218,1.67226,1.15,1.13
2014.06.04 08:46:14.360,1.67218,1.67225,1.65,1.25
2014.06.04 08:46:14.902,1.67219,1.67226,1.20,1.32
2014.06.04 08:46:15.622,1.67219,1.67227,1.39,1.25
2014.06.04 08:46:15.926,1.67224,1.67233,3.38,1.88
2014.06.04 08:46:16.178,1.67226,1.67235,3.19,1.25
2014.06.04 08:46:16.229,1.67228,1.67235,2.63,1.25
2014.06.04 08:46:16.836,1.67228,1.67236,2.82,1.25
2014.06.04 08:46:17.388,1.67228,1.67235,2.82,1.00
2014.06.04 08:46:17.742,1.67227,1.67235,2.44,1.13
2014.06.04 08:46:19.481,1.67227,1.67234,2.00,1.00
2014.06.04 08:46:20.023,1.67227,1.67237,2.44,3.57
2014.06.04 08:46:25.430,1.67227,1.67234,1.75,1.00
2014.06.04 08:46:28.338,1.67227,1.67237,2.00,2.07
2014.06.04 08:46:28.389,1.67228,1.67237,1.50,1.25
2014.06.04 08:46:28.441,1.67228,1.67237,3.38,1.25
2014.06.04 08:46:29.325,1.6723,1.6724,1.88,2.78
2014.06.04 08:46:29.830,1.67229,1.67237,2.00,1.00
2014.06.04 08:46:30.367,1.67229,1.67236,2.44,1.00
2014.06.04 08:46:31.062,1.67229,1.67235,2.00,1.00
2014.06.04 08:46:31.367,1.67228,1.67237,3.57,1.00
2014.06.04 08:46:32.486,1.67228,1.67238,4.32,2.82
2014.06.04 08:46:33.102,1.67228,1.67234,1.70,1.00
2014.06.04 08:46:33.618,1.67226,1.67236,6.57,2.07
2014.06.04 08:46:34.124,1.67226,1.67236,5.82,1.32
2014.06.04 08:46:34.427,1.67226,1.67234,5.82,1.00
2014.06.04 08:46:36.416,1.67226,1.67235,6.57,1.00
2014.06.04 08:46:36.922,1.67226,1.67236,6.57,1.25
2014.06.04 08:46:38.338,1.67228,1.67236,1.45,1.19
2014.06.04 08:46:39.324,1.67228,1.67236,1.70,1.25
2014.06.04 08:46:40.142,1.67233,1.67236,1.00,1.25
2014.06.04 08:46:40.192,1.67233,1.6724,1.00,1.17
2014.06.04 08:46:40.345,1.67234,1.67241,1.10,1.00
2014.06.04 08:46:40.901,1.67235,1.67241,1.00,1.00
2014.06.04 08:46:41.437,1.67236,1.67242,1.00,2.52
2014.06.04 08:46:42.456,1.67236,1.67242,1.00,1.77
2014.06.04 08:46:42.990,1.67235,1.67242,1.10,1.69
2014.06.04 08:46:46.402,1.67236,1.67242,1.00,1.25
2014.06.04 08:46:46.848,1.67236,1.67244,1.57,1.00
2014.06.04 08:46:47.000,1.67237,1.67245,2.52,1.00
2014.06.04 08:46:47.512,1.67238,1.67246,1.37,1.00
2014.06.04 08:46:48.462,1.67239,1.67247,1.02,1.69
2014.06.04 08:46:49.900,1.67239,1.67246,1.02,1.00
2014.06.04 08:46:50.409,1.6724,1.67246,1.00,1.00
2014.06.04 08:46:51.335,1.6724,1.67245,1.00,1.00
2014.06.04 08:46:51.851,1.67237,1.67244,1.39,1.00
2014.06.04 08:46:53.634,1.67237,1.67245,1.39,1.69
2014.06.04 08:46:54.290,1.67236,1.67242,3.19,1.00
2014.06.04 08:46:54.758,1.67236,1.67244,2.82,1.25
2014.06.04 08:46:56.443,1.67237,1.67245,4.39,1.00
2014.06.04 08:46:56.948,1.67237,1.67246,4.39,1.69
2014.06.04 08:46:57.636,1.67237,1.67245,2.14,1.00
2014.06.04 08:46:59.455,1.67236,1.67245,4.69,2.07
2014.06.04 08:46:59.987,1.67236,1.67243,4.69,1.00
2014.06.04 08:47:04.923,1.67236,1.67244,3.19,1.25
2014.06.04 08:47:08.380,1.67236,1.67245,4.69,1.69
2014.06.04 08:47:08.885,1.67236,1.67244,2.44,1.00
2014.06.04 08:47:09.845,1.67236,1.67242,2.44,1.00
2014.06.04 08:47:10.361,1.67236,1.67241,2.44,1.00
2014.06.04 08:47:10.527,1.67236,1.67244,2.44,1.25
2014.06.04 08:47:11.165,1.67236,1.67243,2.44,1.00
2014.06.04 08:47:13.520,1.67236,1.67242,1.69,1.00
2014.06.04 08:47:13.622,1.67236,1.67244,1.69,1.00
2014.06.04 08:47:13.723,1.67235,1.67242,3.19,1.00
2014.06.04 08:47:14.228,1.67235,1.67244,2.89,1.69
2014.06.04 08:47:14.349,1.67235,1.67242,2.89,1.00
2014.06.04 08:47:15.447,1.67236,1.67243,1.39,1.00
2014.06.04 08:47:17.612,1.67236,1.67244,1.39,1.00
2014.06.04 08:47:18.075,1.67236,1.67246,2.14,2.52
2014.06.04 08:47:19.110,1.67236,1.67246,2.89,2.14
2014.06.04 08:47:20.790,1.67237,1.67244,1.33,1.00
2014.06.04 08:47:21.934,1.67236,1.67245,2.89,1.32
2014.06.04 08:47:22.542,1.67236,1.67244,2.14,1.25
2014.06.04 08:47:40.876,1.67236,1.67243,2.89,1.00
2014.06.04 08:47:43.066,1.67236,1.67241,2.89,1.00
2014.06.04 08:47:43.167,1.67235,1.67241,1.58,1.00
2014.06.04 08:47:44.386,1.67234,1.67242,1.20,1.13
2014.06.04 08:47:47.375,1.67234,1.67239,2.14,1.00
2014.06.04 08:47:48.893,1.67235,1.67243,1.33,1.63
2014.06.04 08:47:49.850,1.67235,1.67243,1.33,1.25
2014.06.04 08:47:50.422,1.67236,1.67245,1.77,1.77
2014.06.04 08:47:50.941,1.67237,1.67245,1.00,1.77
2014.06.04 08:47:52.857,1.67241,1.67247,2.25,1.50
2014.06.04 08:47:52.909,1.67244,1.67251,4.34,4.20
2014.06.04 08:47:53.012,1.67252,1.67256,1.00,1.88
2014.06.04 08:47:53.064,1.67255,1.67258,3.53,1.00
2014.06.04 08:47:53.114,1.67257,1.67262,1.00,1.45
2014.06.04 08:47:53.216,1.67255,1.67262,3.00,1.13
2014.06.04 08:47:53.266,1.67255,1.67264,3.45,1.88
2014.06.04 08:47:53.418,1.67261,1.67267,1.00,1.58
2014.06.04 08:47:53.469,1.67261,1.67268,1.10,2.25
2014.06.04 08:47:53.520,1.67263,1.67268,1.00,1.50
2014.06.04 08:47:53.722,1.67267,1.67273,1.00,1.00
2014.06.04 08:47:53.773,1.6727,1.67276,1.25,1.20
2014.06.04 08:47:54.076,1.67268,1.67274,1.25,1.00
2014.06.04 08:47:54.631,1.67268,1.67276,1.25,1.84
2014.06.04 08:47:55.137,1.67267,1.67275,1.63,1.25
2014.06.04 08:47:59.434,1.67267,1.67273,1.63,1.00
2014.06.04 08:47:59.485,1.67266,1.67273,1.20,1.00
2014.06.04 08:47:59.586,1.67264,1.67274,1.25,1.40
2014.06.04 08:47:59.789,1.67262,1.67271,4.05,1.25
2014.06.04 08:48:00.142,1.67262,1.67269,4.05,1.00
2014.06.04 08:48:00.573,1.67262,1.67272,7.29,1.00
2014.06.04 08:48:00.827,1.67265,1.67275,2.90,2.89
2014.06.04 08:48:00.877,1.67267,1.67275,3.65,1.50
2014.06.04 08:48:00.929,1.67268,1.67277,2.82,2.14
2014.06.04 08:48:01.434,1.67268,1.67277,3.65,1.25
2014.06.04 08:48:02.177,1.67268,1.67274,5.15,1.00
2014.06.04 08:48:02.683,1.67266,1.67271,1.58,1.00
2014.06.04 08:48:03.189,1.67263,1.67271,1.95,1.77
2014.06.04 08:48:03.341,1.67263,1.67271,1.20,1.77
2014.06.04 08:48:03.392,1.67263,1.67269,1.20,1.00
2014.06.04 08:48:05.508,1.6726,1.67268,2.07,1.00
2014.06.04 08:48:05.559,1.6726,1.67268,1.47,1.00
2014.06.04 08:48:05.763,1.67262,1.6727,1.50,1.77
2014.06.04 08:48:05.915,1.67262,1.67271,2.52,1.25
2014.06.04 08:48:06.852,1.67262,1.67271,2.52,1.19
2014.06.04 08:48:09.863,1.67263,1.67272,2.52,2.44
2014.06.04 08:48:10.397,1.67265,1.67271,1.28,1.00
2014.06.04 08:48:10.720,1.67265,1.67269,1.18,1.00
2014.06.04 08:48:11.023,1.67263,1.67269,2.22,1.13
2014.06.04 08:48:11.125,1.67263,1.67269,1.28,1.38
2014.06.04 08:48:11.709,1.67261,1.67267,1.58,1.13
2014.06.04 08:48:12.280,1.6726,1.67266,1.77,1.00
2014.06.04 08:48:13.159,1.6726,1.67266,2.33,1.00
2014.06.04 08:48:13.500,1.67264,1.67269,1.00,2.07
2014.06.04 08:48:13.653,1.67265,1.6727,2.07,1.00
2014.06.04 08:48:13.761,1.67266,1.6727,1.39,1.00
2014.06.04 08:48:13.862,1.67268,1.67276,1.09,1.25
2014.06.04 08:48:15.229,1.67269,1.67278,1.33,1.20
2014.06.04 08:48:15.587,1.67274,1.67278,1.00,1.39
2014.06.04 08:48:15.890,1.67277,1.6728,1.88,1.00
2014.06.04 08:48:16.093,1.6728,1.67285,1.00,4.09
2014.06.04 08:48:16.244,1.67278,1.67286,1.09,1.69
2014.06.04 08:48:16.649,1.67281,1.67285,1.50,1.00
2014.06.04 08:48:16.750,1.67281,1.67288,1.50,1.33
2014.06.04 08:48:16.902,1.67282,1.6729,2.44,1.38
2014.06.04 08:48:17.154,1.67283,1.6729,1.25,1.13
2014.06.04 08:48:17.357,1.67284,1.67291,1.25,1.58
2014.06.04 08:48:17.865,1.67283,1.67289,1.00,1.47
2014.06.04 08:48:18.321,1.67285,1.6729,1.10,1.88
2014.06.04 08:48:18.372,1.67285,1.6729,1.10,1.88
2014.06.04 08:48:18.625,1.67287,1.67292,1.00,1.38
2014.06.04 08:48:19.130,1.67287,1.67293,1.00,1.10
2014.06.04 08:48:19.209,1.67289,1.67293,1.00,1.10
2014.06.04 08:48:19.718,1.67289,1.67295,1.00,1.58
2014.06.04 08:48:20.252,1.6729,1.67295,1.00,2.33
2014.06.04 08:48:20.775,1.6729,1.67295,1.00,2.33
2014.06.04 08:48:21.030,1.6729,1.67295,1.00,2.25
2014.06.04 08:48:21.588,1.67291,1.67295,1.00,1.08
2014.06.04 08:48:21.893,1.67291,1.67296,1.00,1.20
2014.06.04 08:48:22.147,1.67289,1.67295,1.00,1.18
2014.06.04 08:48:22.350,1.67291,1.67295,1.00,1.08
2014.06.04 08:48:22.453,1.67292,1.67298,1.00,1.58
2014.06.04 08:48:22.557,1.67294,1.67298,1.00,1.58
2014.06.04 08:48:22.812,1.67292,1.673,1.25,2.44
2014.06.04 08:48:22.914,1.67295,1.673,1.00,2.52
2014.06.04 08:48:23.680,1.67293,1.673,1.00,2.82
2014.06.04 08:48:24.185,1.67293,1.673,3.19,1.58
2014.06.04 08:48:24.499,1.67293,1.67298,3.19,1.00
2014.06.04 08:48:24.858,1.67292,1.67298,1.69,1.65
2014.06.04 08:48:25.643,1.67291,1.67298,1.69,1.18
2014.06.04 08:48:26.426,1.67293,1.67298,1.00,1.18
2014.06.04 08:48:26.866,1.67291,1.67298,1.25,1.18
2014.06.04 08:48:27.430,1.67292,1.67298,1.00,1.18
2014.06.04 08:48:27.959,1.67291,1.67298,1.00,1.47
2014.06.04 08:48:30.399,1.67292,1.67299,1.00,4.02
2014.06.04 08:48:30.922,1.67291,1.67298,1.25,2.22
2014.06.04 08:48:31.788,1.6729,1.67298,1.69,2.22
2014.06.04 08:48:31.889,1.6729,1.67295,1.25,1.00
2014.06.04 08:48:32.399,1.67288,1.67296,4.32,2.03
2014.06.04 08:48:32.932,1.6729,1.67295,1.00,1.00
2014.06.04 08:48:33.447,1.6729,1.67296,1.00,1.13
2014.06.04 08:48:34.598,1.6729,1.67297,1.00,1.10
2014.06.04 08:48:35.376,1.67288,1.67297,2.97,1.10
2014.06.04 08:48:35.958,1.67289,1.67297,1.20,1.48
2014.06.04 08:48:36.652,1.67289,1.67297,1.20,1.10
2014.06.04 08:48:38.123,1.67289,1.67295,1.20,1.00
2014.06.04 08:48:39.089,1.67288,1.67295,1.09,1.38
2014.06.04 08:48:39.443,1.67286,1.67294,1.28,1.38
2014.06.04 08:48:41.643,1.67285,1.6729,1.25,1.13
2014.06.04 08:48:41.694,1.67285,1.67288,1.25,1.00
2014.06.04 08:48:41.847,1.67283,1.67288,1.00,1.00
2014.06.04 08:48:41.949,1.67279,1.67288,1.88,1.25
2014.06.04 08:48:43.180,1.67279,1.67288,1.88,1.63
2014.06.04 08:48:43.685,1.67279,1.67288,1.88,1.32
2014.06.04 08:48:44.190,1.67279,1.67287,1.69,1.13
2014.06.04 08:48:44.695,1.67279,1.67288,1.69,1.69
2014.06.04 08:48:45.099,1.67282,1.6729,1.25,1.25
2014.06.04 08:48:45.311,1.67282,1.67288,1.25,1.00
2014.06.04 08:48:45.665,1.67279,1.67288,1.39,1.69
2014.06.04 08:48:46.367,1.67279,1.67288,1.84,2.07
2014.06.04 08:48:46.929,1.6728,1.67288,1.25,1.32
2014.06.04 08:48:47.536,1.67283,1.67288,1.84,1.32
2014.06.04 08:48:47.840,1.67296,1.67304,1.50,2.38
2014.06.04 08:48:47.892,1.67294,1.67304,1.10,2.38
2014.06.04 08:48:48.095,1.67294,1.67304,1.43,1.26
2014.06.04 08:48:48.247,1.67294,1.67305,1.88,1.24
2014.06.04 08:48:48.499,1.67294,1.67305,1.88,1.00
2014.06.04 08:48:48.672,1.67296,1.67306,1.00,1.00
2014.06.04 08:48:48.975,1.67296,1.67306,4.13,1.00
2014.06.04 08:48:50.474,1.67299,1.67307,2.14,1.39
2014.06.04 08:48:51.011,1.67299,1.67307,2.14,1.02
2014.06.04 08:48:51.515,1.67299,1.67307,1.47,1.69
2014.06.04 08:48:52.631,1.67302,1.67307,1.00,1.50
2014.06.04 08:48:52.833,1.67302,1.6731,2.44,1.20
2014.06.04 08:48:52.884,1.67307,1.6731,1.00,1.00
2014.06.04 08:48:52.986,1.67309,1.67314,1.25,1.00
2014.06.04 08:48:53.036,1.67311,1.67314,1.02,1.00
2014.06.04 08:48:53.341,1.67314,1.67319,2.90,1.84
2014.06.04 08:48:53.646,1.67318,1.67323,4.39,2.25
2014.06.04 08:48:53.701,1.6732,1.67323,3.19,2.25
2014.06.04 08:48:53.754,1.67322,1.67325,3.57,3.00
2014.06.04 08:48:54.059,1.67325,1.6733,2.69,2.25
2014.06.04 08:48:54.365,1.67331,1.67332,1.50,1.00
2014.06.04 08:48:54.908,1.67329,1.67344,1.00,13.26
2014.06.04 08:48:54.959,1.67325,1.67343,1.13,12.97
2014.06.04 08:48:55.060,1.6733,1.67342,2.25,18.88
2014.06.04 08:48:55.212,1.6733,1.67343,2.25,9.66
2014.06.04 08:48:55.566,1.67342,1.67352,1.00,1.00
2014.06.04 08:48:55.667,1.67346,1.67354,1.00,1.43
2014.06.04 08:48:55.920,1.67341,1.6735,2.25,5.41
2014.06.04 08:48:55.970,1.67346,1.6735,1.05,2.63
2014.06.04 08:48:56.021,1.67346,1.67352,4.62,1.00
2014.06.04 08:48:56.123,1.67351,1.67355,1.00,1.00
2014.06.04 08:48:56.377,1.67355,1.67361,2.55,1.88
2014.06.04 08:48:56.579,1.6736,1.67361,1.13,1.00
2014.06.04 08:48:56.788,1.6736,1.67364,1.28,1.00
2014.06.04 08:48:56.890,1.67364,1.6737,1.13,1.50
2014.06.04 08:48:57.194,1.67364,1.67367,3.57,1.00
2014.06.04 08:48:57.519,1.67362,1.6737,1.25,2.70
2014.06.04 08:48:57.621,1.6736,1.67367,1.00,1.00
2014.06.04 08:48:57.926,1.6736,1.67364,1.00,1.00
2014.06.04 08:48:57.977,1.67357,1.67363,2.44,1.00
2014.06.04 08:48:58.484,1.67358,1.67364,1.25,1.00
2014.06.04 08:48:58.799,1.6736,1.67365,1.00,1.50
2014.06.04 08:48:59.103,1.67353,1.67359,1.50,1.13
2014.06.04 08:48:59.154,1.67351,1.67355,1.00,1.00
2014.06.04 08:48:59.459,1.67345,1.67351,1.08,1.69
2014.06.04 08:48:59.713,1.6735,1.67354,1.00,1.95
2014.06.04 08:48:59.764,1.67347,1.67354,1.57,1.08
2014.06.04 08:48:59.866,1.6735,1.67354,1.00,1.00
2014.06.04 08:49:00.170,1.6735,1.67353,1.00,1.00
2014.06.04 08:49:00.322,1.67344,1.67353,3.19,1.00
2014.06.04 08:49:00.423,1.67349,1.67353,1.00,1.00
2014.06.04 08:49:00.662,1.67347,1.67355,1.00,1.20
2014.06.04 08:49:00.878,1.67346,1.67352,1.00,2.14
2014.06.04 08:49:01.098,1.67344,1.67352,1.00,2.14
2014.06.04 08:49:01.300,1.67347,1.6735,1.00,1.00
2014.06.04 08:49:01.654,1.67344,1.6735,1.25,1.00
2014.06.04 08:49:01.856,1.67346,1.6735,1.00,1.00
2014.06.04 08:49:02.066,1.67344,1.6735,1.25,1.00
2014.06.04 08:49:02.269,1.67343,1.67353,2.44,1.72
2014.06.04 08:49:02.370,1.67342,1.67351,1.20,2.07
2014.06.04 08:49:02.724,1.67338,1.67345,3.38,1.08
2014.06.04 08:49:02.876,1.67336,1.67342,1.13,1.28
2014.06.04 08:49:02.927,1.67334,1.67342,1.20,1.28
2014.06.04 08:49:04.057,1.67334,1.67341,1.20,1.19
2014.06.04 08:49:04.462,1.67334,1.67343,2.22,2.03
2014.06.04 08:49:04.616,1.67336,1.67343,1.00,1.53
2014.06.04 08:49:04.818,1.67334,1.67343,2.22,1.53
2014.06.04 08:49:05.324,1.67332,1.6734,1.08,1.00
2014.06.04 08:49:05.779,1.67336,1.67343,1.00,3.60
2014.06.04 08:49:06.083,1.67338,1.67343,1.00,3.23
2014.06.04 08:49:06.538,1.67338,1.67344,1.00,1.40
2014.06.04 08:49:06.842,1.6734,1.67344,1.00,1.09
2014.06.04 08:49:07.346,1.6734,1.67345,1.00,3.27
2014.06.04 08:49:07.397,1.67336,1.67345,1.25,2.52
2014.06.04 08:49:07.650,1.67339,1.67344,1.00,1.84
2014.06.04 08:49:07.953,1.67339,1.67345,1.88,1.88
2014.06.04 08:49:08.207,1.67341,1.67348,1.00,2.63
2014.06.04 08:49:08.557,1.67343,1.6735,1.50,1.70
2014.06.04 08:49:08.868,1.67342,1.67352,1.47,1.47
2014.06.04 08:49:08.919,1.67342,1.67348,1.47,1.50
2014.06.04 08:49:09.020,1.67342,1.67351,1.47,1.58
2014.06.04 08:49:09.917,1.67344,1.67352,1.32,1.77
2014.06.04 08:49:10.946,1.67344,1.67353,2.82,2.22
2014.06.04 08:49:11.193,1.67349,1.67353,1.00,1.84
2014.06.04 08:49:11.345,1.67346,1.67353,1.28,2.78
2014.06.04 08:49:11.396,1.67344,1.6735,2.89,1.00
2014.06.04 08:49:11.548,1.67343,1.67349,1.00,1.50
2014.06.04 08:49:11.649,1.67343,1.67347,1.00,1.50
2014.06.04 08:49:11.952,1.67341,1.67347,1.25,1.50
2014.06.04 08:49:12.407,1.67341,1.6735,1.09,2.44
2014.06.04 08:49:12.912,1.67341,1.6735,1.25,4.39
2014.06.04 08:49:13.435,1.6734,1.67349,1.02,2.14
2014.06.04 08:49:13.755,1.67339,1.67347,1.13,1.08
2014.06.04 08:49:14.110,1.67341,1.67348,1.00,2.89
2014.06.04 08:49:14.211,1.67341,1.67348,1.00,2.59
2014.06.04 08:49:14.321,1.67343,1.67348,1.00,1.77
2014.06.04 08:49:14.876,1.67342,1.67349,1.00,1.84
2014.06.04 08:49:15.080,1.67344,1.67351,1.13,2.52
2014.06.04 08:49:15.585,1.67344,1.6735,1.13,1.00
2014.06.04 08:49:15.738,1.67344,1.67348,1.13,1.50
2014.06.04 08:49:15.897,1.67342,1.67348,1.00,1.50
2014.06.04 08:49:16.399,1.67342,1.6735,1.50,1.50
2014.06.04 08:49:16.931,1.67343,1.6735,1.00,2.82
2014.06.04 08:49:17.120,1.6734,1.67347,1.18,2.25
2014.06.04 08:49:17.222,1.67339,1.67347,1.50,3.19
2014.06.04 08:49:17.323,1.67343,1.67347,2.13,4.39
2014.06.04 08:49:17.375,1.67344,1.67347,1.00,2.33
2014.06.04 08:49:17.477,1.67343,1.67351,1.13,2.52
2014.06.04 08:49:17.999,1.67342,1.67349,1.02,1.00
2014.06.04 08:49:18.532,1.67341,1.67348,1.00,1.10
2014.06.04 08:49:19.038,1.67341,1.67347,1.00,1.32
2014.06.04 08:49:19.139,1.67338,1.67343,1.00,1.50
2014.06.04 08:49:19.644,1.67337,1.67343,1.25,1.58
2014.06.04 08:49:19.998,1.67339,1.67345,1.20,1.13
2014.06.04 08:49:20.048,1.67339,1.67345,1.20,1.00
2014.06.04 08:49:20.305,1.67343,1.67348,1.13,1.58
2014.06.04 08:49:20.407,1.67346,1.67352,1.13,1.45
2014.06.04 08:49:20.458,1.67346,1.67352,1.13,1.00
2014.06.04 08:49:20.610,1.67346,1.67354,3.57,1.58
2014.06.04 08:49:21.121,1.67346,1.67354,1.20,1.00
2014.06.04 08:49:21.628,1.67346,1.67354,1.13,1.84
2014.06.04 08:49:21.831,1.67349,1.67354,1.13,1.84
2014.06.04 08:49:22.033,1.67349,1.67356,1.13,1.10
2014.06.04 08:49:23.419,1.67349,1.67356,1.13,1.39
2014.06.04 08:49:23.891,1.67352,1.67356,1.00,1.00
2014.06.04 08:49:24.194,1.6735,1.67358,1.00,1.38
2014.06.04 08:49:24.738,1.67349,1.67358,2.70,1.38
2014.06.04 08:49:25.447,1.67349,1.67358,1.13,1.30
2014.06.04 08:49:26.405,1.67349,1.67359,1.20,3.23
2014.06.04 08:49:28.487,1.67349,1.67358,1.18,1.54
2014.06.04 08:49:28.993,1.67348,1.67356,1.33,1.00
2014.06.04 08:49:29.498,1.67348,1.67357,1.33,1.95
2014.06.04 08:49:30.003,1.67348,1.67357,2.14,1.95
2014.06.04 08:49:30.307,1.67357,1.67358,1.13,1.00
2014.06.04 08:49:30.409,1.67357,1.67364,1.20,1.88
2014.06.04 08:49:30.460,1.67358,1.67366,1.32,1.38
2014.06.04 08:49:30.796,1.67362,1.6737,1.13,2.33
2014.06.04 08:49:31.049,1.67362,1.6737,3.64,1.10
2014.06.04 08:49:31.576,1.67362,1.67372,4.47,1.18
2014.06.04 08:49:31.980,1.67365,1.67374,2.07,2.63
2014.06.04 08:49:32.081,1.67365,1.67374,2.14,1.65
2014.06.04 08:49:32.335,1.67365,1.67373,2.44,1.00
2014.06.04 08:49:32.487,1.67366,1.67376,2.40,1.18
2014.06.04 08:49:32.757,1.67368,1.67376,2.22,1.00
2014.06.04 08:49:32.960,1.67373,1.67382,1.20,1.62
2014.06.04 08:49:33.465,1.67374,1.67382,1.25,1.58
2014.06.04 08:49:34.071,1.67373,1.67382,1.39,1.08
2014.06.04 08:49:35.090,1.67374,1.67381,1.25,1.10
2014.06.04 08:49:35.625,1.67375,1.67382,1.13,1.58
2014.06.04 08:49:37.769,1.67375,1.67383,1.00,1.13
2014.06.04 08:49:37.819,1.67375,1.67383,2.47,1.00
2014.06.04 08:49:37.922,1.67377,1.67387,3.10,1.50
2014.06.04 08:49:37.973,1.67378,1.67388,7.89,1.10
2014.06.04 08:49:38.074,1.67384,1.67393,2.77,1.00
2014.06.04 08:49:38.175,1.67384,1.67394,2.52,1.10
2014.06.04 08:49:38.226,1.67386,1.67394,2.75,1.10
2014.06.04 08:49:38.531,1.6739,1.67397,3.07,1.48
2014.06.04 08:49:38.792,1.67397,1.67403,1.47,1.20
2014.06.04 08:49:38.894,1.67398,1.67404,1.84,1.50
2014.06.04 08:49:39.349,1.67399,1.67408,1.00,4.88
2014.06.04 08:49:39.450,1.67401,1.67405,1.00,3.75
2014.06.04 08:49:39.551,1.67399,1.67409,1.00,4.51
2014.06.04 08:49:39.861,1.674,1.67415,3.00,2.63
2014.06.04 08:49:40.012,1.6741,1.67415,1.00,2.63
2014.06.04 08:49:40.315,1.67417,1.67423,9.01,1.00
2014.06.04 08:49:40.417,1.67422,1.67425,1.00,1.00
2014.06.04 08:49:40.468,1.67418,1.67426,1.75,3.25
2014.06.04 08:49:40.880,1.67422,1.67425,1.00,1.00
2014.06.04 08:49:41.184,1.67423,1.67427,1.00,5.25
2014.06.04 08:49:41.235,1.67424,1.67429,1.19,6.75
2014.06.04 08:49:41.434,1.67425,1.67429,1.69,1.00
2014.06.04 08:49:41.485,1.67425,1.67429,1.69,2.50
2014.06.04 08:49:41.587,1.67425,1.67428,2.07,2.25
2014.06.04 08:49:41.689,1.6742,1.67426,2.63,1.13
2014.06.04 08:49:41.791,1.67424,1.67426,1.10,1.13
2014.06.04 08:49:42.095,1.6742,1.67425,1.88,1.88
2014.06.04 08:49:42.399,1.67414,1.67421,2.25,1.00
2014.06.04 08:49:42.603,1.67418,1.6742,1.00,1.00
2014.06.04 08:49:42.705,1.67414,1.67419,1.65,1.00
2014.06.04 08:49:42.857,1.67415,1.67419,3.25,1.00
2014.06.04 08:49:43.011,1.67413,1.67418,3.38,1.00
2014.06.04 08:49:43.366,1.67408,1.67417,4.65,1.00
2014.06.04 08:49:43.417,1.67408,1.67414,2.40,1.00
2014.06.04 08:49:43.771,1.67405,1.67414,1.47,1.58
2014.06.04 08:49:44.553,1.67406,1.67414,1.58,2.88
2014.06.04 08:49:45.009,1.67406,1.67409,1.50,1.00
2014.06.04 08:49:45.312,1.67398,1.67401,1.00,1.00
2014.06.04 08:49:45.464,1.67391,1.67398,2.40,1.00
2014.06.04 08:49:45.718,1.67388,1.67395,1.13,1.00
2014.06.04 08:49:45.870,1.67386,1.67395,2.78,1.10
2014.06.04 08:49:46.492,1.67387,1.67397,2.33,1.58
2014.06.04 08:49:46.543,1.67386,1.67395,2.33,1.00
2014.06.04 08:49:46.847,1.67386,1.67391,1.65,1.00
2014.06.04 08:49:47.151,1.6738,1.67386,1.13,1.00
2014.06.04 08:49:47.254,1.67384,1.67386,1.00,1.00
2014.06.04 08:49:47.305,1.67382,1.67386,1.00,1.00
2014.06.04 08:49:47.406,1.67375,1.67389,8.25,3.08
2014.06.04 08:49:47.599,1.67373,1.67385,1.00,1.00
2014.06.04 08:49:48.074,1.67375,1.67384,1.00,1.50
2014.06.04 08:49:48.377,1.67378,1.67386,1.00,1.00
2014.06.04 08:49:48.682,1.6738,1.67388,1.50,1.50
2014.06.04 08:49:49.201,1.6738,1.67389,1.50,1.00
2014.06.04 08:49:49.707,1.67382,1.67386,1.50,1.00
2014.06.04 08:49:50.010,1.67387,1.6739,1.88,1.00
2014.06.04 08:49:50.264,1.67388,1.67393,1.50,1.00
2014.06.04 08:49:50.315,1.67384,1.67393,1.00,1.00
2014.06.04 08:49:50.416,1.67386,1.67394,1.50,1.50
2014.06.04 08:49:51.258,1.67386,1.67395,1.50,1.00
2014.06.04 08:49:51.934,1.67385,1.6739,1.00,1.00
2014.06.04 08:49:51.986,1.67383,1.6739,1.00,1.38
2014.06.04 08:49:52.188,1.67381,1.67388,1.00,1.00
2014.06.04 08:49:52.391,1.67379,1.67387,1.50,1.50
2014.06.04 08:49:54.253,1.67382,1.67388,1.50,1.88
2014.06.04 08:49:54.571,1.6738,1.67387,1.50,1.13
2014.06.04 08:49:55.072,1.67379,1.67387,1.50,1.13
2014.06.04 08:49:55.300,1.67379,1.67384,1.50,1.00
2014.06.04 08:49:55.503,1.67376,1.67384,2.70,1.18
2014.06.04 08:49:56.046,1.67376,1.67384,1.20,1.10
2014.06.04 08:49:56.607,1.67375,1.67384,1.93,1.10
2014.06.04 08:49:56.760,1.67378,1.67387,1.10,1.55
2014.06.04 08:49:57.238,1.67379,1.67388,1.18,1.58
2014.06.04 08:49:57.544,1.67373,1.67384,1.88,1.50
2014.06.04 08:49:57.847,1.67371,1.67376,3.00,1.38
2014.06.04 08:49:57.898,1.67369,1.67375,1.08,1.20
2014.06.04 08:49:57.999,1.67365,1.67375,3.90,2.03
2014.06.04 08:49:58.505,1.67367,1.67376,2.25,1.13
2014.06.04 08:49:58.825,1.67367,1.67378,2.33,2.33
2014.06.04 08:49:59.717,1.67367,1.67378,2.33,2.33
2014.06.04 08:50:00.380,1.67367,1.67378,2.70,2.33
2014.06.04 08:50:00.930,1.6737,1.67378,1.20,1.10
2014.06.04 08:50:01.234,1.67374,1.6738,1.50,1.00
2014.06.04 08:50:01.335,1.67374,1.67384,1.75,1.00
2014.06.04 08:50:01.640,1.67377,1.67386,1.65,1.58
2014.06.04 08:50:02.006,1.67377,1.67387,1.95,1.58
2014.06.04 08:50:02.362,1.6738,1.67388,1.20,1.00
2014.06.04 08:50:02.514,1.6738,1.6739,1.20,1.35
2014.06.04 08:50:03.034,1.67382,1.67391,1.18,1.65
2014.06.04 08:50:03.569,1.67384,1.67394,1.13,1.73
2014.06.04 08:50:03.671,1.67385,1.67395,1.08,2.52
2014.06.04 08:50:03.873,1.67384,1.67395,3.45,1.00
2014.06.04 08:50:04.561,1.67384,1.67395,2.25,1.08
2014.06.04 08:50:05.291,1.67384,1.67393,1.95,1.00
2014.06.04 08:50:05.672,1.67384,1.67395,1.58,1.50
2014.06.04 08:50:06.482,1.67384,1.67395,1.65,1.48
2014.06.04 08:50:06.533,1.67384,1.67395,1.95,1.18
2014.06.04 08:50:07.001,1.6739,1.67395,1.00,1.18
2014.06.04 08:50:07.052,1.6739,1.67396,1.38,1.09
2014.06.04 08:50:07.103,1.67393,1.67396,1.00,1.09
2014.06.04 08:50:07.407,1.67396,1.67403,1.00,1.65
2014.06.04 08:50:07.509,1.67396,1.67404,1.10,1.10
2014.06.04 08:50:07.823,1.67396,1.67404,2.70,1.00
2014.06.04 08:50:08.330,1.67397,1.67405,2.40,1.00
2014.06.04 08:50:08.482,1.67397,1.67407,3.38,1.00
2014.06.04 08:50:09.001,1.67397,1.67406,3.45,1.00
2014.06.04 08:50:09.508,1.67398,1.67406,1.13,1.00
2014.06.04 08:50:09.964,1.674,1.6741,1.95,1.79
2014.06.04 08:50:10.267,1.67402,1.67411,1.48,1.38
2014.06.04 08:50:10.903,1.67403,1.67413,1.13,1.65
2014.06.04 08:50:11.153,1.67404,1.67413,2.14,1.10
2014.06.04 08:50:11.662,1.67406,1.67413,1.50,1.00
2014.06.04 08:50:12.136,1.67404,1.67414,2.97,1.20
2014.06.04 08:50:12.663,1.67405,1.67413,1.88,1.00
2014.06.04 08:50:12.815,1.67406,1.67416,3.38,2.33
2014.06.04 08:50:13.321,1.67407,1.67416,1.65,1.58
2014.06.04 08:50:13.826,1.67407,1.67416,1.58,1.95
2014.06.04 08:50:14.052,1.67407,1.67412,1.50,1.00
2014.06.04 08:50:14.628,1.67407,1.67413,1.50,1.00
2014.06.04 08:50:15.084,1.67407,1.67415,1.58,1.00
2014.06.04 08:50:17.077,1.67407,1.67415,1.50,1.18
2014.06.04 08:50:17.178,1.67407,1.67411,1.50,1.00
2014.06.04 08:50:17.280,1.67405,1.67411,1.50,1.00
2014.06.04 08:50:17.483,1.67404,1.67409,1.58,1.10
2014.06.04 08:50:17.939,1.674,1.67408,3.08,1.10
2014.06.04 08:50:18.192,1.674,1.67407,1.88,1.18
2014.06.04 08:50:18.394,1.67397,1.67407,2.40,1.18
2014.06.04 08:50:18.720,1.67401,1.67407,1.50,1.65
2014.06.04 08:50:19.783,1.67402,1.67408,1.00,1.13
2014.06.04 08:50:19.834,1.67402,1.67408,1.08,1.00
2014.06.04 08:50:19.936,1.67398,1.67408,1.58,1.10
2014.06.04 08:50:19.987,1.67398,1.67406,1.58,1.00
2014.06.04 08:50:20.369,1.67397,1.67404,2.25,1.00
2014.06.04 08:50:20.470,1.67397,1.67405,1.58,1.58
2014.06.04 08:50:20.893,1.67397,1.67402,1.58,1.00
2014.06.04 08:50:21.318,1.67397,1.67405,1.95,1.58
2014.06.04 08:50:22.430,1.67397,1.67404,1.95,1.00
2014.06.04 08:50:22.980,1.67396,1.67405,1.55,1.58
2014.06.04 08:50:23.709,1.67396,1.67404,1.55,1.00
2014.06.04 08:50:24.241,1.67396,1.67405,1.55,1.58
2014.06.04 08:50:24.796,1.67397,1.67405,1.48,1.10
2014.06.04 08:50:24.847,1.67397,1.67405,1.75,1.00
2014.06.04 08:50:25.150,1.67402,1.67407,1.05,1.00
2014.06.04 08:50:25.302,1.67402,1.67408,1.93,1.00
2014.06.04 08:50:25.353,1.67401,1.6741,5.18,1.00
2014.06.04 08:50:25.607,1.67399,1.67409,3.38,1.00
2014.06.04 08:50:25.764,1.674,1.67411,1.45,2.33
2014.06.04 08:50:25.916,1.67402,1.67414,3.00,1.50
2014.06.04 08:50:26.068,1.67402,1.67412,1.88,1.08
2014.06.04 08:50:26.170,1.67402,1.67412,1.50,1.50
2014.06.04 08:50:26.381,1.67405,1.67413,1.00,1.75
2014.06.04 08:50:26.685,1.67405,1.67408,1.00,1.00
2014.06.04 08:50:26.736,1.674,1.67408,1.39,1.00
2014.06.04 08:50:26.888,1.674,1.67408,2.25,1.00
2014.06.04 08:50:26.991,1.674,1.67408,1.13,1.20
2014.06.04 08:50:27.395,1.67398,1.67408,1.10,1.95
2014.06.04 08:50:27.901,1.67398,1.67408,1.00,1.65
2014.06.04 08:50:28.456,1.67397,1.67407,3.90,1.20
2014.06.04 08:50:28.962,1.67398,1.67408,1.00,1.15
2014.06.04 08:50:29.509,1.67398,1.67408,1.00,2.40
2014.06.04 08:50:29.812,1.67397,1.67403,1.20,1.00
2014.06.04 08:50:29.967,1.67397,1.67405,1.20,1.00
2014.06.04 08:50:30.495,1.67397,1.67404,1.20,1.00
2014.06.04 08:50:30.798,1.67397,1.67404,1.58,1.00
2014.06.04 08:50:31.129,1.67393,1.67398,1.00,2.59
2014.06.04 08:50:31.180,1.6739,1.67393,5.63,1.00
2014.06.04 08:50:31.332,1.67385,1.67393,1.30,1.10
2014.06.04 08:50:31.484,1.67388,1.67396,1.00,1.18
2014.06.04 08:50:31.789,1.67388,1.67397,1.28,1.10
2014.06.04 08:50:32.194,1.67389,1.67399,1.48,1.95
2014.06.04 08:50:33.196,1.6739,1.674,1.38,2.44
2014.06.04 08:50:33.501,1.67394,1.67402,1.45,1.38
2014.06.04 08:50:33.552,1.67395,1.67404,1.58,1.50
2014.06.04 08:50:34.076,1.67397,1.67405,1.58,1.00
2014.06.04 08:50:34.357,1.67397,1.67407,1.58,1.58
2014.06.04 08:50:35.430,1.67398,1.67407,1.48,1.13
2014.06.04 08:50:35.481,1.67398,1.67407,1.20,1.13
2014.06.04 08:50:35.684,1.674,1.67406,1.88,1.08
2014.06.04 08:50:35.786,1.674,1.67408,1.88,1.20
2014.06.04 08:50:35.889,1.67404,1.67408,1.20,1.13
2014.06.04 08:50:35.990,1.67404,1.67408,1.18,1.00
2014.06.04 08:50:36.092,1.67404,1.67412,1.18,1.00
2014.06.04 08:50:36.193,1.67405,1.67414,1.13,1.10
2014.06.04 08:50:36.497,1.67405,1.67415,1.50,1.00
2014.06.04 08:50:36.851,1.67406,1.67416,1.15,1.08
2014.06.04 08:50:38.593,1.67405,1.67415,1.95,1.48
2014.06.04 08:50:38.644,1.67405,1.6741,1.20,1.00
2014.06.04 08:50:38.697,1.67404,1.6741,2.03,1.00
2014.06.04 08:50:38.849,1.67404,1.67414,1.18,2.78
2014.06.04 08:50:38.951,1.67406,1.67415,2.59,1.50
2014.06.04 08:50:39.052,1.67408,1.67416,1.18,1.50
2014.06.04 08:50:39.593,1.67408,1.67415,1.65,1.00
2014.06.04 08:50:40.047,1.67408,1.67417,2.44,1.00
2014.06.04 08:50:40.553,1.67411,1.67418,1.28,1.00
2014.06.04 08:50:40.603,1.67411,1.6742,1.28,1.00
2014.06.04 08:50:41.009,1.67411,1.67418,1.10,2.63
2014.06.04 08:50:41.111,1.67408,1.67413,1.00,1.20
2014.06.04 08:50:41.162,1.67408,1.67411,1.00,1.00
2014.06.04 08:50:41.313,1.67404,1.6741,2.25,1.00
2014.06.04 08:50:41.364,1.67403,1.67411,1.65,1.00
2014.06.04 08:50:41.466,1.67406,1.67411,1.00,1.00
2014.06.04 08:50:42.622,1.67402,1.67409,2.40,1.00
2014.06.04 08:50:42.675,1.67401,1.67407,1.20,1.00
2014.06.04 08:50:42.878,1.67398,1.67407,1.55,1.10
2014.06.04 08:50:43.393,1.674,1.67408,1.00,1.18
2014.06.04 08:50:43.898,1.674,1.67406,1.28,1.00
2014.06.04 08:50:44.407,1.67399,1.67405,2.33,1.00
2014.06.04 08:50:44.616,1.67399,1.67405,1.00,1.00
2014.06.04 08:50:45.652,1.67399,1.67404,1.00,1.00
2014.06.04 08:50:46.174,1.67398,1.67403,1.13,1.00
2014.06.04 08:50:47.170,1.67394,1.67403,2.63,1.88
2014.06.04 08:50:47.221,1.67394,1.67403,1.88,2.33
2014.06.04 08:50:47.524,1.67395,1.67403,1.95,1.10
2014.06.04 08:50:48.281,1.67397,1.67403,1.38,1.00
2014.06.04 08:50:48.685,1.67399,1.67406,1.50,1.00
2014.06.04 08:50:49.142,1.67398,1.67402,1.00,2.13
2014.06.04 08:50:49.195,1.67398,1.67402,1.20,1.00
2014.06.04 08:50:49.298,1.67395,1.67401,1.13,1.00
2014.06.04 08:50:49.806,1.67396,1.67401,1.00,1.00
2014.06.04 08:50:50.151,1.67396,1.67404,1.10,1.10
2014.06.04 08:50:50.927,1.67396,1.67402,1.10,1.00
2014.06.04 08:50:51.475,1.67396,1.67403,1.10,1.00
2014.06.04 08:50:51.779,1.67393,1.67401,1.13,1.00
2014.06.04 08:50:51.931,1.67392,1.67401,2.22,1.10
2014.06.04 08:50:52.133,1.67392,1.67398,2.22,1.00
2014.06.04 08:50:52.537,1.67394,1.674,1.50,1.00
2014.06.04 08:50:52.639,1.67394,1.674,1.95,1.00
2014.06.04 08:50:52.942,1.67394,1.67398,1.18,1.00
2014.06.04 08:50:53.096,1.67393,1.67397,1.00,1.00
2014.06.04 08:50:53.635,1.6739,1.67397,2.52,1.00
2014.06.04 08:50:54.180,1.6739,1.67395,1.95,1.00
2014.06.04 08:50:54.431,1.6739,1.67396,1.58,1.00
2014.06.04 08:50:54.532,1.6739,1.67394,1.58,1.00
2014.06.04 08:50:55.108,1.6739,1.67395,1.10,1.00
2014.06.04 08:50:55.412,1.67387,1.6739,1.19,1.00
2014.06.04 08:50:55.563,1.67381,1.6739,1.34,1.50
2014.06.04 08:50:55.614,1.67384,1.6739,1.18,1.00
2014.06.04 08:50:56.069,1.67381,1.6739,1.47,1.00
2014.06.04 08:50:56.170,1.67381,1.6739,1.00,1.20
2014.06.04 08:50:56.901,1.67382,1.6739,1.18,1.00
2014.06.04 08:50:57.424,1.67383,1.67391,1.10,1.10
2014.06.04 08:50:57.728,1.67384,1.67394,1.18,1.28
2014.06.04 08:50:58.032,1.67384,1.67393,1.00,1.20
2014.06.04 08:50:58.787,1.67382,1.67394,2.59,3.75
2014.06.04 08:50:59.091,1.67382,1.67392,1.77,1.48
2014.06.04 08:50:59.243,1.67383,1.67392,1.02,1.18
2014.06.04 08:50:59.647,1.67384,1.67389,1.13,1.00
2014.06.04 08:50:59.951,1.67378,1.67384,5.44,1.00
2014.06.04 08:51:00.003,1.67379,1.67387,1.02,1.18
2014.06.04 08:51:00.509,1.6738,1.67389,1.09,1.50
2014.06.04 08:51:01.014,1.67381,1.67391,1.18,3.90
2014.06.04 08:51:01.548,1.67381,1.67389,1.69,1.20
2014.06.04 08:51:02.238,1.67381,1.67391,2.22,1.20
2014.06.04 08:51:02.339,1.67383,1.67392,1.08,1.10
2014.06.04 08:51:02.703,1.67383,1.6739,1.08,1.00
2014.06.04 08:51:02.908,1.67383,1.67392,1.08,2.33
2014.06.04 08:51:06.614,1.67386,1.67394,1.00,1.95
2014.06.04 08:51:06.817,1.67389,1.67397,1.10,2.29
2014.06.04 08:51:06.918,1.67391,1.67397,1.00,1.92
2014.06.04 08:51:07.272,1.67391,1.67401,4.02,2.33
2014.06.04 08:51:07.475,1.67393,1.67402,1.00,2.25
2014.06.04 08:51:08.008,1.67391,1.67401,1.35,1.77
2014.06.04 08:51:08.311,1.67391,1.674,1.28,1.45
2014.06.04 08:51:08.362,1.67389,1.67399,1.77,1.20
2014.06.04 08:51:08.463,1.67389,1.67398,1.00,1.50
2014.06.04 08:51:09.700,1.67389,1.67394,1.00,1.00
2014.06.04 08:51:10.155,1.67386,1.67392,1.18,1.00
2014.06.04 08:51:10.357,1.67386,1.67395,1.18,1.10
2014.06.04 08:51:10.862,1.67387,1.67395,1.48,1.10
2014.06.04 08:51:11.385,1.67387,1.67396,1.58,1.88
2014.06.04 08:51:11.890,1.67387,1.67395,2.33,1.00
2014.06.04 08:51:13.141,1.67387,1.67396,2.33,1.00
2014.06.04 08:51:14.851,1.67387,1.67394,1.20,1.00
2014.06.04 08:51:15.155,1.67385,1.67392,1.95,1.00
2014.06.04 08:51:15.662,1.67385,1.67393,1.95,1.50
2014.06.04 08:51:15.967,1.67387,1.67394,2.33,1.50
2014.06.04 08:51:16.069,1.67387,1.67396,2.33,1.50
2014.06.04 08:51:16.641,1.67388,1.67395,1.18,1.50
2014.06.04 08:51:17.317,1.67388,1.67397,1.18,2.33
2014.06.04 08:51:17.570,1.67391,1.67397,1.00,1.50
2014.06.04 08:51:17.621,1.67391,1.67399,1.00,1.00
2014.06.04 08:51:17.722,1.67391,1.67402,1.95,3.83
2014.06.04 08:51:18.026,1.67391,1.67399,1.20,1.50
2014.06.04 08:51:18.683,1.67394,1.67399,1.00,1.50
2014.06.04 08:51:18.734,1.67394,1.67402,1.00,2.52
2014.06.04 08:51:19.037,1.67395,1.67403,1.20,2.33
2014.06.04 08:51:19.240,1.67395,1.674,1.20,1.50
2014.06.04 08:51:19.493,1.67391,1.674,1.50,1.95
2014.06.04 08:51:19.598,1.67393,1.67399,1.00,1.18
2014.06.04 08:51:19.800,1.67391,1.67397,1.00,1.20
2014.06.04 08:51:20.329,1.67391,1.67398,1.50,1.10
2014.06.04 08:51:20.733,1.67391,1.67399,1.95,1.50
2014.06.04 08:51:21.239,1.67392,1.67399,1.20,1.00
2014.06.04 08:51:21.442,1.67394,1.67404,1.13,3.72
2014.06.04 08:51:22.099,1.67395,1.67404,1.18,1.10
2014.06.04 08:51:23.939,1.67396,1.67404,2.25,2.25
2014.06.04 08:51:24.142,1.67395,1.67403,1.18,1.00
2014.06.04 08:51:24.649,1.67395,1.67404,1.18,3.08
2014.06.04 08:51:24.750,1.67394,1.674,2.03,1.13
2014.06.04 08:51:25.054,1.6739,1.67396,2.25,1.10
2014.06.04 08:51:25.205,1.67387,1.67396,2.40,1.10
2014.06.04 08:51:25.509,1.67389,1.67398,1.00,1.02
2014.06.04 08:51:26.047,1.67388,1.67398,1.25,1.60
2014.06.04 08:51:26.405,1.67388,1.67399,1.84,3.64
2014.06.04 08:51:27.093,1.67387,1.67396,1.39,2.07
2014.06.04 08:51:27.194,1.67386,1.67396,1.77,3.27
2014.06.04 08:51:27.651,1.67389,1.67396,1.00,1.02
2014.06.04 08:51:28.612,1.67391,1.67397,1.25,1.18
2014.06.04 08:51:29.143,1.67391,1.67397,1.69,1.00
2014.06.04 08:51:30.333,1.67392,1.67397,1.25,1.00
2014.06.04 08:51:30.880,1.67393,1.67401,1.19,3.75
2014.06.04 08:51:30.982,1.67396,1.67401,1.25,1.58
2014.06.04 08:51:31.530,1.67392,1.67401,3.19,1.95
2014.06.04 08:51:31.834,1.67391,1.67398,1.00,4.13
2014.06.04 08:51:32.340,1.6739,1.67396,1.00,3.91
2014.06.04 08:51:32.871,1.67389,1.67395,1.00,3.64
2014.06.04 08:51:33.538,1.6739,1.67395,1.00,5.14
2014.06.04 08:51:33.872,1.67385,1.67395,1.05,4.39
2014.06.04 08:51:34.126,1.67383,1.67393,2.37,2.02
2014.06.04 08:51:34.329,1.6738,1.67391,1.84,4.72
2014.06.04 08:51:34.913,1.6738,1.6739,1.77,4.40
2014.06.04 08:51:35.648,1.67381,1.6739,1.25,4.02
2014.06.04 08:51:36.867,1.6738,1.67386,1.10,1.00
2014.06.04 08:51:37.372,1.67379,1.67388,1.13,1.84
2014.06.04 08:51:37.901,1.67379,1.67388,2.89,1.65
2014.06.04 08:51:38.243,1.6738,1.67384,1.00,3.38
2014.06.04 08:51:38.294,1.67378,1.67384,1.00,3.75
2014.06.04 08:51:38.396,1.67374,1.67379,1.00,1.50
2014.06.04 08:51:38.920,1.67372,1.6738,1.69,2.40
2014.06.04 08:51:39.466,1.67372,1.67379,1.19,1.00
2014.06.04 08:51:39.998,1.67372,1.67378,1.19,1.50
2014.06.04 08:51:40.604,1.67372,1.6738,1.37,3.00
2014.06.04 08:51:40.926,1.67372,1.67378,1.37,1.00
2014.06.04 08:51:41.109,1.67372,1.6738,1.37,1.50
2014.06.04 08:51:41.417,1.67371,1.67378,1.39,1.50
2014.06.04 08:51:41.621,1.6737,1.67378,1.77,2.07
2014.06.04 08:51:42.136,1.67369,1.67377,2.14,1.00
2014.06.04 08:51:42.653,1.6737,1.67378,1.08,2.82
2014.06.04 08:51:43.724,1.67369,1.67378,1.58,2.89
2014.06.04 08:51:44.234,1.6737,1.67378,1.00,2.59
2014.06.04 08:51:44.335,1.6737,1.67375,1.00,1.88
2014.06.04 08:51:44.436,1.67367,1.67371,1.50,1.50
2014.06.04 08:51:44.538,1.67365,1.67371,1.00,1.65
2014.06.04 08:51:44.992,1.67365,1.67372,1.39,1.00
2014.06.04 08:51:45.397,1.67362,1.6737,3.08,2.25
2014.06.04 08:51:45.700,1.67362,1.6737,3.27,3.00
2014.06.04 08:51:45.824,1.67362,1.6737,1.37,2.50
2014.06.04 08:51:46.177,1.67362,1.67371,2.59,1.02
2014.06.04 08:51:46.430,1.67364,1.67373,1.19,2.33
2014.06.04 08:51:46.582,1.67364,1.67373,1.34,1.00
2014.06.04 08:51:46.785,1.67363,1.67373,1.77,2.89
2014.06.04 08:51:47.327,1.67366,1.67373,1.00,2.89
2014.06.04 08:51:47.643,1.67362,1.67373,2.52,4.65
2014.06.04 08:51:48.959,1.67364,1.67372,1.19,1.08
2014.06.04 08:51:49.364,1.67366,1.67372,1.33,1.00
2014.06.04 08:51:49.567,1.67365,1.67374,1.69,1.77
2014.06.04 08:51:50.287,1.67368,1.67374,1.00,1.77
2014.06.04 08:51:50.440,1.67366,1.67374,1.69,1.02
2014.06.04 08:51:50.975,1.67365,1.67373,1.25,1.25
2014.06.04 08:51:51.539,1.67365,1.67374,1.00,1.10
2014.06.04 08:51:51.671,1.67365,1.67372,1.00,1.00
2014.06.04 08:51:51.974,1.67365,1.67371,1.00,1.20
2014.06.04 08:51:52.176,1.67363,1.67371,1.13,1.20
2014.06.04 08:51:52.489,1.67365,1.67372,1.00,1.50
2014.06.04 08:51:53.002,1.67364,1.67372,1.00,1.50
2014.06.04 08:51:53.895,1.67363,1.67372,1.13,1.50
2014.06.04 08:51:54.456,1.67363,1.67372,1.00,4.50
2014.06.04 08:51:54.633,1.6736,1.6737,1.00,2.63
2014.06.04 08:51:54.684,1.6736,1.6737,1.00,4.50
2014.06.04 08:51:54.988,1.67357,1.67362,1.00,1.50
2014.06.04 08:51:55.039,1.67354,1.67364,1.39,1.65
2014.06.04 08:51:55.141,1.67357,1.67366,1.00,3.19
2014.06.04 08:51:55.394,1.6736,1.67369,2.40,1.58
2014.06.04 08:51:55.596,1.67358,1.67368,2.03,1.20
2014.06.04 08:51:55.647,1.67358,1.67368,1.95,1.48
2014.06.04 08:51:55.952,1.67352,1.67362,2.70,1.58
2014.06.04 08:51:56.154,1.67351,1.67363,3.27,3.45
2014.06.04 08:51:56.721,1.67352,1.67363,1.00,3.45
2014.06.04 08:51:57.409,1.67353,1.67363,1.00,2.70
2014.06.04 08:51:57.511,1.67351,1.67361,1.77,1.10
2014.06.04 08:51:57.865,1.67351,1.67359,1.02,1.00
2014.06.04 08:51:58.168,1.67351,1.67357,1.02,1.00
2014.06.04 08:51:58.335,1.67351,1.6736,1.02,1.08
2014.06.04 08:51:59.045,1.67351,1.6736,1.00,1.20
2014.06.04 08:51:59.345,1.67351,1.6736,1.08,1.10
2014.06.04 08:51:59.956,1.67352,1.67359,1.02,1.00
2014.06.04 08:52:00.108,1.67353,1.67362,1.38,1.20
2014.06.04 08:52:00.158,1.67353,1.67363,1.95,1.10
2014.06.04 08:52:00.361,1.67355,1.67358,1.02,1.00
2014.06.04 08:52:00.775,1.67354,1.67363,1.39,3.08
2014.06.04 08:52:01.128,1.67354,1.67358,1.27,1.00
2014.06.04 08:52:01.556,1.67354,1.67363,1.39,3.08
2014.06.04 08:52:01.708,1.67355,1.67363,1.30,1.50
2014.06.04 08:52:02.724,1.67356,1.67364,1.09,3.75
2014.06.04 08:52:03.401,1.67356,1.67363,1.09,1.00
2014.06.04 08:52:04.178,1.67356,1.67364,2.22,1.00
2014.06.04 08:52:04.482,1.67354,1.67364,1.13,1.00
2014.06.04 08:52:04.583,1.67354,1.67364,1.77,1.10
2014.06.04 08:52:04.634,1.67354,1.67361,1.77,1.00
2014.06.04 08:52:04.735,1.67353,1.67359,1.09,1.00
2014.06.04 08:52:05.259,1.67353,1.6736,1.09,1.50
2014.06.04 08:52:05.765,1.67354,1.67361,1.69,1.00
2014.06.04 08:52:05.866,1.67354,1.67363,2.14,2.25
2014.06.04 08:52:06.848,1.67355,1.67363,1.25,1.58
2014.06.04 08:52:08.329,1.67355,1.67361,1.25,1.00
2014.06.04 08:52:08.532,1.67353,1.67362,1.25,3.53
2014.06.04 08:52:08.887,1.67354,1.67362,1.29,1.10
2014.06.04 08:52:09.680,1.67354,1.67362,1.10,1.10
2014.06.04 08:52:13.154,1.67352,1.67362,2.52,1.00
2014.06.04 08:52:13.306,1.67352,1.67362,2.14,1.08
2014.06.04 08:52:14.646,1.67358,1.67361,1.00,1.10
2014.06.04 08:52:14.798,1.67355,1.67361,1.00,1.00
2014.06.04 08:52:15.337,1.67355,1.67362,1.00,1.58
2014.06.04 08:52:15.886,1.67353,1.67358,1.27,1.00
2014.06.04 08:52:15.987,1.67352,1.67358,1.20,1.00
2014.06.04 08:52:17.313,1.67351,1.67361,1.18,1.18
2014.06.04 08:52:17.464,1.67354,1.67362,1.00,1.20
2014.06.04 08:52:17.970,1.67352,1.67362,1.39,1.20
2014.06.04 08:52:18.553,1.67353,1.67363,1.20,1.95
2014.06.04 08:52:19.058,1.67353,1.67363,1.28,1.18
2014.06.04 08:52:19.388,1.67349,1.67354,4.43,1.88
2014.06.04 08:52:19.490,1.67349,1.67353,1.88,3.38
2014.06.04 08:52:19.795,1.67344,1.6735,1.20,1.00
2014.06.04 08:52:19.998,1.67342,1.6735,1.03,1.00
2014.06.04 08:52:20.201,1.67343,1.67351,1.14,1.00
2014.06.04 08:52:20.353,1.67344,1.67352,1.10,2.33
2014.06.04 08:52:20.656,1.67346,1.67352,1.20,1.50
2014.06.04 08:52:20.909,1.67346,1.67355,1.20,1.00
2014.06.04 08:52:21.162,1.67348,1.67355,1.13,1.00
2014.06.04 08:52:21.403,1.67346,1.67354,2.22,1.00
2014.06.04 08:52:21.656,1.67347,1.67356,1.50,1.20
2014.06.04 08:52:21.707,1.67347,1.67359,2.63,4.69
2014.06.04 08:52:21.809,1.67347,1.67357,1.50,1.15
2014.06.04 08:52:22.749,1.67347,1.67357,1.88,1.15
2014.06.04 08:52:22.866,1.67347,1.67357,1.88,1.15
2014.06.04 08:52:23.781,1.67348,1.67358,1.00,1.50
2014.06.04 08:52:23.882,1.67348,1.67358,1.58,1.10
2014.06.04 08:52:29.291,1.67348,1.6736,3.15,1.13
2014.06.04 08:52:29.393,1.67349,1.67363,3.57,1.88
2014.06.04 08:52:29.899,1.67349,1.67359,3.57,1.50
2014.06.04 08:52:34.180,1.67349,1.67359,4.02,1.58
2014.06.04 08:52:34.281,1.67349,1.67359,1.50,2.63
2014.06.04 08:52:34.787,1.67348,1.67358,1.10,1.20
2014.06.04 08:52:35.835,1.67348,1.67358,1.48,1.20
2014.06.04 08:52:35.987,1.67348,1.67358,1.53,1.00
2014.06.04 08:52:36.361,1.67349,1.67359,1.48,2.70
2014.06.04 08:52:39.106,1.6735,1.67359,1.08,1.58
2014.06.04 08:52:39.609,1.6735,1.67359,1.25,1.58
2014.06.04 08:52:39.912,1.6735,1.67359,1.39,1.50
2014.06.04 08:52:40.542,1.67353,1.67359,1.08,1.00
2014.06.04 08:52:40.593,1.67353,1.67363,1.18,2.40
2014.06.04 08:52:41.132,1.67354,1.67363,1.77,1.65
2014.06.04 08:52:41.509,1.67351,1.6736,2.44,1.00
2014.06.04 08:52:41.661,1.6735,1.67359,2.14,1.50
2014.06.04 08:52:42.537,1.67352,1.67361,1.58,2.40
2014.06.04 08:52:42.950,1.67354,1.67361,1.00,2.40
2014.06.04 08:52:43.253,1.67352,1.67359,1.10,2.25
2014.06.04 08:52:43.357,1.67348,1.67359,1.69,2.78
2014.06.04 08:52:43.458,1.67347,1.67357,1.58,1.28
2014.06.04 08:52:43.983,1.67347,1.67355,1.18,1.50
2014.06.04 08:52:44.134,1.67344,1.67354,1.88,1.48
2014.06.04 08:52:44.236,1.67344,1.67355,1.13,4.65
2014.06.04 08:52:44.337,1.67345,1.67355,1.32,4.65
2014.06.04 08:52:44.388,1.67348,1.67355,1.00,3.75
2014.06.04 08:52:44.893,1.67349,1.67357,1.20,3.45
2014.06.04 08:52:45.196,1.67351,1.6736,2.07,2.63
2014.06.04 08:52:45.348,1.67351,1.67356,1.02,1.00
2014.06.04 08:52:45.474,1.67346,1.67354,1.09,2.63
2014.06.04 08:52:45.575,1.67347,1.67354,1.15,1.50
2014.06.04 08:52:45.627,1.67347,1.67356,1.65,1.00
2014.06.04 08:52:45.779,1.67349,1.67356,1.95,1.00
2014.06.04 08:52:46.081,1.67349,1.67357,1.75,1.00
2014.06.04 08:52:46.590,1.67351,1.67358,1.20,1.00
2014.06.04 08:52:47.047,1.67352,1.67361,1.18,1.54
2014.06.04 08:52:48.933,1.67353,1.67362,1.20,2.40
2014.06.04 08:52:49.035,1.67354,1.67362,1.38,2.40
2014.06.04 08:52:49.288,1.67355,1.67364,1.13,1.20
2014.06.04 08:52:49.439,1.67355,1.67364,1.58,1.00
2014.06.04 08:52:49.945,1.67355,1.67363,1.58,1.00
2014.06.04 08:52:50.147,1.67351,1.6736,1.99,1.00
2014.06.04 08:52:50.350,1.67351,1.67358,1.84,1.00
2014.06.04 08:52:50.979,1.6735,1.67359,2.33,2.25
2014.06.04 08:52:52.118,1.67352,1.67358,1.10,1.00
2014.06.04 08:52:52.523,1.67349,1.67358,1.28,1.10
2014.06.04 08:52:53.070,1.67349,1.67357,1.55,1.00
2014.06.04 08:52:54.090,1.67348,1.67354,1.20,1.00
2014.06.04 08:52:54.243,1.67347,1.67354,1.18,1.00
2014.06.04 08:52:54.748,1.67347,1.67355,1.18,1.00
2014.06.04 08:52:55.326,1.67348,1.67356,1.10,1.10
2014.06.04 08:52:55.630,1.67348,1.67356,1.48,1.20
2014.06.04 08:52:56.160,1.67348,1.67355,1.38,1.20
2014.06.04 08:52:56.693,1.67349,1.67355,1.38,1.13
2014.06.04 08:52:56.845,1.67351,1.67355,1.38,1.00
2014.06.04 08:52:56.896,1.67351,1.67357,1.38,1.13
2014.06.04 08:52:57.410,1.67351,1.6736,1.50,1.20
2014.06.04 08:52:57.917,1.67351,1.67359,1.88,1.18
2014.06.04 08:52:58.431,1.67351,1.67359,1.50,1.18
2014.06.04 08:52:58.952,1.67349,1.67358,1.10,1.88
2014.06.04 08:52:59.104,1.67347,1.67355,1.69,1.18
2014.06.04 08:52:59.206,1.67347,1.67355,1.50,1.18
2014.06.04 08:52:59.462,1.67347,1.67355,1.13,1.18
2014.06.04 08:52:59.717,1.67345,1.67353,1.10,1.10
2014.06.04 08:52:59.886,1.67344,1.67353,1.32,4.13
2014.06.04 08:52:59.988,1.67344,1.67353,1.32,1.95
2014.06.04 08:53:00.196,1.67344,1.67353,1.63,1.95
2014.06.04 08:53:00.349,1.67345,1.67355,1.38,2.25
2014.06.04 08:53:01.518,1.67345,1.67353,1.38,1.20
2014.06.04 08:53:01.927,1.67346,1.67353,1.10,1.00
2014.06.04 08:53:02.248,1.67346,1.67353,1.50,1.00
2014.06.04 08:53:02.876,1.67346,1.67352,1.58,1.00
2014.06.04 08:53:02.978,1.67346,1.67354,1.58,1.00
2014.06.04 08:53:03.549,1.67346,1.67353,1.20,1.00
2014.06.04 08:53:04.445,1.67346,1.67352,1.20,1.00
2014.06.04 08:53:04.647,1.67346,1.67354,1.20,1.00
2014.06.04 08:53:05.538,1.67346,1.67352,1.20,1.00
2014.06.04 08:53:05.841,1.67345,1.67354,1.20,1.10
2014.06.04 08:53:06.366,1.67346,1.67354,1.02,1.10
2014.06.04 08:53:07.468,1.67346,1.67355,1.02,1.65
2014.06.04 08:53:08.323,1.67346,1.67354,1.69,1.38
2014.06.04 08:53:08.828,1.67345,1.67353,1.88,2.25
2014.06.04 08:53:09.132,1.67343,1.67352,2.44,2.63
2014.06.04 08:53:09.183,1.67343,1.67353,2.44,2.25
2014.06.04 08:53:09.286,1.67343,1.67352,2.07,2.63
2014.06.04 08:53:09.387,1.67343,1.67353,1.38,1.50
2014.06.04 08:53:11.448,1.67345,1.67354,1.00,2.63
2014.06.04 08:53:11.752,1.67343,1.67351,1.13,1.50
2014.06.04 08:53:11.803,1.67343,1.67351,1.13,3.38
2014.06.04 08:53:12.006,1.67343,1.67351,1.13,1.88
2014.06.04 08:53:12.439,1.67341,1.67351,1.58,1.65
2014.06.04 08:53:12.994,1.67341,1.67351,1.20,1.20
2014.06.04 08:53:13.594,1.67342,1.67351,1.13,1.20
2014.06.04 08:53:14.105,1.67343,1.67351,1.00,1.20
2014.06.04 08:53:14.928,1.67343,1.67353,1.08,1.20
2014.06.04 08:53:15.030,1.67344,1.67356,1.13,3.19
2014.06.04 08:53:15.543,1.67345,1.67355,3.90,1.18
2014.06.04 08:53:17.588,1.67346,1.67356,1.48,2.14
2014.06.04 08:53:17.993,1.67344,1.67353,1.69,3.00
2014.06.04 08:53:18.196,1.67343,1.67353,1.88,3.75
2014.06.04 08:53:18.651,1.67343,1.67352,1.38,1.20
2014.06.04 08:53:18.753,1.67343,1.67353,1.50,3.00
2014.06.04 08:53:22.346,1.67343,1.67352,1.00,1.83
2014.06.04 08:53:22.851,1.67342,1.67352,1.50,1.88
2014.06.04 08:53:24.464,1.67342,1.67351,1.58,1.55
2014.06.04 08:53:27.149,1.67343,1.67353,1.00,2.63
2014.06.04 08:53:27.679,1.67342,1.67353,2.52,3.38
2014.06.04 08:53:28.228,1.67342,1.6735,1.58,1.10
2014.06.04 08:53:30.152,1.67342,1.6735,1.58,1.48
2014.06.04 08:53:30.455,1.67342,1.6735,1.00,1.88
2014.06.04 08:53:30.809,1.67339,1.67348,1.00,1.13
2014.06.04 08:53:30.860,1.67337,1.67346,5.07,1.20
2014.06.04 08:53:31.113,1.67336,1.67346,1.77,1.95
2014.06.04 08:53:31.944,1.67338,1.67348,1.25,2.63
2014.06.04 08:53:32.045,1.6734,1.67349,1.00,1.45
2014.06.04 08:53:32.409,1.6734,1.67349,1.00,3.75
2014.06.04 08:53:32.941,1.6734,1.67349,1.00,1.88
2014.06.04 08:53:33.453,1.67339,1.67348,1.00,1.13
2014.06.04 08:53:33.967,1.6734,1.67349,1.00,1.58
2014.06.04 08:53:34.509,1.6734,1.67349,1.18,1.48
2014.06.04 08:53:35.045,1.67339,1.67349,1.08,1.75
2014.06.04 08:53:35.298,1.67337,1.67345,1.29,1.20
2014.06.04 08:53:35.349,1.67335,1.67345,2.52,1.45
2014.06.04 08:53:35.450,1.67335,1.67343,2.07,1.20
2014.06.04 08:53:35.754,1.67333,1.67342,1.10,1.45
2014.06.04 08:53:35.805,1.67331,1.67342,1.09,1.75
2014.06.04 08:53:36.634,1.67331,1.67341,1.77,1.58
2014.06.04 08:53:38.709,1.67331,1.67342,2.82,2.33
2014.06.04 08:53:39.239,1.67331,1.67342,2.89,1.95
2014.06.04 08:53:41.162,1.67339,1.67343,1.00,1.50
2014.06.04 08:53:41.212,1.6734,1.67347,1.00,2.40
2014.06.04 08:53:41.315,1.67341,1.67347,1.00,2.25
2014.06.04 08:53:41.416,1.6734,1.67349,1.18,1.48
2014.06.04 08:53:41.629,1.67343,1.6735,1.00,1.58
2014.06.04 08:53:41.832,1.67343,1.6735,1.10,1.00
2014.06.04 08:53:42.136,1.67344,1.67353,1.10,1.08
2014.06.04 08:53:42.642,1.67344,1.67354,1.08,2.33
2014.06.04 08:53:43.160,1.67345,1.67354,1.10,2.78
2014.06.04 08:53:46.295,1.67345,1.67354,1.00,2.78
2014.06.04 08:53:46.398,1.67344,1.67351,1.69,1.50
2014.06.04 08:53:46.550,1.67348,1.67355,1.00,1.13
2014.06.04 08:53:46.752,1.6735,1.67356,1.00,1.00
2014.06.04 08:53:47.266,1.6735,1.67356,1.65,1.00
2014.06.04 08:53:47.596,1.67354,1.67356,1.00,1.00
2014.06.04 08:53:47.649,1.67352,1.67356,1.00,1.00
2014.06.04 08:53:49.085,1.67352,1.67356,1.08,1.00
2014.06.04 08:53:49.624,1.67354,1.67356,1.00,1.00
2014.06.04 08:53:50.668,1.67355,1.67358,1.10,1.00
2014.06.04 08:53:50.770,1.67355,1.67361,1.10,1.38
2014.06.04 08:53:51.276,1.67353,1.67362,1.95,1.88
2014.06.04 08:53:51.827,1.67353,1.67362,2.40,1.95
2014.06.04 08:53:51.878,1.67356,1.67366,1.50,3.08
2014.06.04 08:53:51.979,1.67356,1.67366,1.50,2.78
2014.06.04 08:53:52.434,1.67356,1.67364,1.95,1.13
2014.06.04 08:53:52.737,1.67357,1.67364,1.50,1.00
2014.06.04 08:53:53.212,1.67357,1.67363,2.63,1.00
2014.06.04 08:53:53.625,1.67358,1.67363,2.63,1.38
2014.06.04 08:53:53.675,1.67356,1.6736,2.03,1.50
2014.06.04 08:53:53.778,1.67353,1.67359,1.50,1.50
2014.06.04 08:53:53.981,1.67356,1.67361,1.08,1.00
2014.06.04 08:53:54.284,1.67358,1.67363,1.65,1.00
2014.06.04 08:53:54.587,1.67358,1.67366,2.59,1.00
2014.06.04 08:53:54.739,1.67358,1.67366,2.89,1.00
2014.06.04 08:53:55.373,1.67358,1.67363,1.65,1.00
2014.06.04 08:53:55.474,1.67357,1.67362,1.65,1.50
2014.06.04 08:53:55.844,1.67357,1.67367,1.20,2.40
2014.06.04 08:53:56.361,1.67357,1.67366,1.20,1.00
2014.06.04 08:53:57.028,1.67357,1.67367,1.20,2.40
2014.06.04 08:53:57.748,1.67358,1.67367,1.08,2.33
2014.06.04 08:53:58.255,1.67358,1.67367,1.09,2.33
2014.06.04 08:53:58.560,1.67358,1.67367,3.27,1.00
2014.06.04 08:53:59.301,1.6736,1.67367,1.18,1.50
2014.06.04 08:53:59.605,1.6736,1.67365,1.10,1.50
2014.06.04 08:53:59.656,1.6736,1.67367,1.10,1.88
2014.06.04 08:53:59.707,1.6736,1.67365,1.10,1.00
2014.06.04 08:54:00.011,1.67354,1.67363,2.18,2.33
2014.06.04 08:54:00.264,1.67357,1.67365,1.00,1.00
2014.06.04 08:54:00.415,1.67359,1.67365,1.00,1.00
2014.06.04 08:54:00.719,1.67361,1.67367,1.20,1.00
2014.06.04 08:54:00.972,1.67361,1.67372,3.00,1.00
2014.06.04 08:54:01.272,1.67361,1.67372,3.00,1.00
2014.06.04 08:54:01.493,1.67361,1.67373,3.00,3.83
2014.06.04 08:54:02.644,1.67361,1.6737,2.25,1.00
2014.06.04 08:54:03.434,1.67361,1.6737,2.25,1.00
2014.06.04 08:54:04.210,1.67361,1.6737,2.63,1.00
2014.06.04 08:54:04.749,1.67361,1.6737,2.63,1.00
2014.06.04 08:54:05.285,1.67361,1.6737,2.33,1.00
2014.06.04 08:54:06.477,1.67361,1.67371,3.08,1.10
2014.06.04 08:54:10.033,1.67361,1.6737,1.95,1.00
2014.06.04 08:54:10.337,1.67359,1.67366,1.50,1.00
2014.06.04 08:54:10.388,1.67359,1.67366,1.20,1.00
2014.06.04 08:54:10.591,1.67356,1.67365,2.22,1.10
2014.06.04 08:54:10.996,1.67356,1.67363,2.22,1.00
2014.06.04 08:54:11.453,1.67357,1.67363,1.13,1.00
2014.06.04 08:54:11.657,1.67359,1.67367,1.20,2.25
2014.06.04 08:54:11.708,1.67359,1.67367,1.20,2.25
2014.06.04 08:54:11.911,1.67359,1.67367,2.33,2.25
2014.06.04 08:54:12.114,1.67359,1.67371,2.33,5.52
2014.06.04 08:54:12.164,1.67359,1.67371,2.63,5.22
2014.06.04 08:54:12.719,1.6736,1.67371,2.33,2.70
2014.06.04 08:54:13.023,1.67358,1.67368,1.20,1.10
2014.06.04 08:54:13.326,1.67353,1.67363,2.89,1.58
2014.06.04 08:54:14.445,1.67353,1.67363,1.20,1.20
2014.06.04 08:54:15.121,1.67353,1.6736,1.20,1.00
2014.06.04 08:54:15.626,1.67353,1.6736,1.28,1.00
2014.06.04 08:54:17.152,1.67353,1.6736,1.20,1.00
2014.06.04 08:54:17.456,1.67352,1.67357,1.32,1.00
2014.06.04 08:54:17.609,1.67351,1.67356,1.13,1.00
2014.06.04 08:54:17.660,1.67348,1.67356,1.58,1.00
2014.06.04 08:54:17.941,1.67348,1.67354,1.00,1.00
2014.06.04 08:54:18.247,1.67346,1.6735,1.58,1.00
2014.06.04 08:54:18.753,1.67346,1.6735,1.65,1.00
2014.06.04 08:54:18.905,1.67345,1.67351,1.10,1.00
2014.06.04 08:54:19.411,1.67343,1.6735,1.84,1.00
2014.06.04 08:54:19.926,1.67343,1.67351,1.10,1.10
2014.06.04 08:54:20.431,1.67344,1.67351,1.10,1.00
2014.06.04 08:54:22.135,1.67344,1.67352,1.10,1.10
2014.06.04 08:54:22.896,1.67344,1.6735,1.10,1.00
2014.06.04 08:54:23.361,1.67343,1.67352,1.55,1.10
2014.06.04 08:54:23.919,1.67343,1.67349,1.55,1.00
2014.06.04 08:54:24.461,1.67343,1.67351,1.55,1.00
2014.06.04 08:54:25.890,1.67343,1.67349,2.03,1.00
2014.06.04 08:54:26.894,1.67343,1.67353,2.03,1.65
2014.06.04 08:54:27.630,1.67343,1.67353,2.03,1.65
2014.06.04 08:54:28.283,1.67343,1.67351,1.28,1.00
2014.06.04 08:54:28.789,1.67343,1.67351,1.13,1.15
2014.06.04 08:54:29.294,1.67343,1.67353,1.39,1.20
2014.06.04 08:54:29.799,1.67343,1.67353,1.32,1.15
2014.06.04 08:54:30.341,1.67343,1.67352,1.63,1.20
2014.06.04 08:54:31.636,1.67345,1.67353,1.10,1.18
2014.06.04 08:54:35.828,1.67345,1.67354,1.00,2.33
2014.06.04 08:54:36.573,1.67345,1.67352,1.00,1.00
2014.06.04 08:54:39.695,1.67345,1.67353,1.10,1.20
2014.06.04 08:54:40.244,1.67345,1.67352,1.10,1.00
2014.06.04 08:54:41.800,1.67342,1.67352,3.08,1.10
2014.06.04 08:54:42.106,1.67338,1.67344,1.00,1.00
2014.06.04 08:54:42.157,1.67338,1.67343,1.00,1.00
2014.06.04 08:54:42.438,1.67339,1.67346,1.00,1.00
2014.06.04 08:54:42.539,1.67341,1.67346,1.10,1.00
2014.06.04 08:54:43.048,1.67341,1.67345,1.00,1.00
2014.06.04 08:54:43.502,1.67341,1.67351,1.18,4.13
2014.06.04 08:54:43.553,1.67341,1.67351,1.50,3.83
2014.06.04 08:54:44.597,1.67343,1.67349,1.58,1.00
2014.06.04 08:54:44.900,1.67343,1.67346,1.00,1.00
2014.06.04 08:54:44.951,1.6734,1.67346,1.58,1.00
2014.06.04 08:54:45.053,1.67338,1.67346,1.20,1.08
2014.06.04 08:54:45.558,1.67338,1.67344,1.00,1.00
2014.06.04 08:54:46.069,1.67338,1.67342,1.00,1.00
2014.06.04 08:54:46.272,1.67333,1.67341,1.77,1.10
2014.06.04 08:54:46.373,1.67332,1.67339,2.52,1.00
2014.06.04 08:54:46.726,1.67332,1.67339,2.07,1.10
2014.06.04 08:54:48.148,1.67332,1.67341,1.32,1.58
2014.06.04 08:54:48.249,1.67331,1.67341,2.89,1.95
2014.06.04 08:54:48.704,1.67331,1.67337,2.07,1.00
2014.06.04 08:54:49.209,1.67331,1.67339,2.07,1.20
2014.06.04 08:54:49.733,1.67332,1.67339,1.50,1.20
2014.06.04 08:54:51.432,1.6733,1.67341,2.07,1.88
2014.06.04 08:54:51.782,1.67327,1.67337,2.40,1.65
2014.06.04 08:54:51.898,1.67327,1.67335,2.07,1.00
2014.06.04 08:54:52.406,1.67327,1.67335,1.25,1.18
2014.06.04 08:54:53.646,1.67326,1.67333,1.13,1.50
2014.06.04 08:54:53.748,1.67324,1.67333,1.20,1.65
2014.06.04 08:54:53.857,1.67324,1.67331,1.00,1.18
2014.06.04 08:54:54.162,1.67325,1.67328,1.00,1.00
2014.06.04 08:54:54.314,1.67325,1.67332,1.00,1.10
2014.06.04 08:54:54.819,1.67325,1.67331,1.00,1.00
2014.06.04 08:54:56.093,1.67325,1.67333,1.13,1.65
2014.06.04 08:54:57.677,1.67325,1.67331,1.00,1.00
2014.06.04 08:54:57.880,1.67325,1.67329,1.00,1.00
2014.06.04 08:54:58.416,1.67324,1.6733,1.10,1.00
2014.06.04 08:54:58.939,1.67324,1.67331,1.10,1.00
2014.06.04 08:54:59.724,1.67324,1.67332,1.10,1.10
2014.06.04 08:55:00.256,1.67325,1.67332,1.08,1.00
2014.06.04 08:55:00.803,1.67325,1.67332,1.58,1.00
2014.06.04 08:55:01.144,1.67325,1.6733,1.10,1.00
2014.06.04 08:55:01.195,1.67325,1.67332,1.10,1.00
2014.06.04 08:55:01.599,1.67325,1.6733,1.10,1.00
2014.06.04 08:55:02.142,1.67325,1.67334,1.00,1.20
2014.06.04 08:55:03.387,1.67325,1.67334,1.10,1.15
2014.06.04 08:55:03.539,1.67325,1.67331,1.10,1.00
2014.06.04 08:55:03.842,1.67325,1.67333,1.10,1.10
2014.06.04 08:55:04.606,1.67325,1.67336,1.13,2.52
2014.06.04 08:55:05.128,1.67325,1.67334,1.95,1.10
2014.06.04 08:55:05.794,1.67325,1.67336,1.95,1.88
2014.06.04 08:55:06.362,1.67325,1.67335,2.03,1.20
2014.06.04 08:55:06.413,1.67325,1.67333,2.03,1.00
2014.06.04 08:55:07.338,1.67325,1.67333,1.95,1.00
2014.06.04 08:55:07.864,1.67325,1.67335,2.03,1.18
2014.06.04 08:55:08.430,1.67325,1.67335,2.03,1.00
2014.06.04 08:55:08.973,1.67325,1.67335,2.03,1.18
2014.06.04 08:55:09.276,1.67328,1.67336,2.25,1.20
2014.06.04 08:55:09.580,1.67332,1.67341,1.10,1.58
2014.06.04 08:55:09.682,1.67333,1.67343,1.13,3.15
2014.06.04 08:55:09.834,1.67331,1.67341,1.88,1.08
2014.06.04 08:55:09.885,1.67331,1.67341,1.10,2.14
2014.06.04 08:55:10.391,1.67332,1.67338,1.00,1.00
2014.06.04 08:55:10.897,1.67332,1.67341,1.00,1.20
2014.06.04 08:55:11.410,1.67332,1.67341,1.10,1.18
2014.06.04 08:55:11.924,1.67333,1.67341,1.00,1.18
2014.06.04 08:55:12.440,1.67333,1.67341,1.00,1.20
2014.06.04 08:55:12.642,1.67333,1.67341,1.00,1.10
2014.06.04 08:55:13.185,1.67334,1.67343,1.50,1.15
2014.06.04 08:55:13.540,1.67333,1.67337,1.58,1.10
2014.06.04 08:55:13.793,1.67325,1.67336,1.57,2.25
2014.06.04 08:55:14.147,1.67324,1.6733,3.27,1.00
2014.06.04 08:55:14.298,1.67324,1.67335,3.27,1.18
2014.06.04 08:55:14.860,1.67324,1.67335,3.38,1.00
2014.06.04 08:55:15.790,1.67326,1.67331,1.65,1.00
2014.06.04 08:55:16.123,1.67326,1.67332,1.95,1.00
2014.06.04 08:55:16.569,1.67326,1.67336,1.95,1.95
2014.06.04 08:55:16.672,1.67325,1.67336,1.08,2.33
2014.06.04 08:55:17.200,1.67326,1.67336,1.00,2.63
2014.06.04 08:55:17.732,1.67324,1.67334,5.59,1.10
2014.06.04 08:55:18.243,1.67324,1.67333,1.15,1.00
2014.06.04 08:55:18.294,1.67324,1.67331,1.15,1.13
2014.06.04 08:55:18.497,1.67322,1.67332,2.63,1.08
2014.06.04 08:55:18.650,1.67321,1.67331,1.20,2.33
2014.06.04 08:55:18.751,1.67323,1.67331,1.50,3.75
2014.06.04 08:55:18.802,1.67321,1.6733,1.13,1.75
2014.06.04 08:55:19.308,1.67319,1.67329,2.78,2.25
2014.06.04 08:55:19.510,1.67319,1.67328,1.34,3.00
2014.06.04 08:55:19.611,1.67318,1.67326,1.00,1.45
2014.06.04 08:55:19.663,1.67316,1.67324,1.50,1.15
2014.06.04 08:55:19.713,1.67315,1.67324,2.25,1.45
2014.06.04 08:55:19.916,1.67315,1.67325,2.63,1.75
2014.06.04 08:55:20.270,1.67315,1.67323,1.50,1.48
2014.06.04 08:55:20.573,1.67314,1.67322,2.03,1.20
2014.06.04 08:55:27.564,1.67314,1.67318,2.29,1.00
2014.06.04 08:55:27.767,1.67311,1.67317,1.00,1.08
2014.06.04 08:55:28.283,1.6731,1.67319,1.00,1.95
2014.06.04 08:55:28.435,1.6731,1.67319,1.00,1.65
2014.06.04 08:55:28.961,1.6731,1.67319,1.00,1.65
2014.06.04 08:55:29.116,1.6731,1.67319,1.00,2.25
2014.06.04 08:55:30.975,1.67312,1.67319,1.13,1.50
2014.06.04 08:55:31.127,1.67312,1.67319,1.13,1.00
2014.06.04 08:55:31.662,1.67312,1.67318,1.32,1.00
2014.06.04 08:55:34.267,1.67312,1.67322,1.32,2.40
2014.06.04 08:55:34.877,1.67313,1.67322,1.50,1.65
2014.06.04 08:55:35.382,1.67314,1.67321,1.58,1.00
2014.06.04 08:55:35.919,1.67317,1.67324,1.00,1.00
2014.06.04 08:55:36.021,1.67318,1.67327,1.20,1.13
2014.06.04 08:55:36.320,1.67318,1.67327,1.77,1.00
2014.06.04 08:55:36.850,1.67321,1.67328,1.00,1.10
2014.06.04 08:55:37.153,1.67321,1.6733,1.18,1.10
2014.06.04 08:55:37.557,1.6732,1.67329,1.25,1.10
2014.06.04 08:55:37.912,1.67317,1.67323,1.13,1.00
2014.06.04 08:55:37.963,1.67317,1.67323,1.00,1.00
2014.06.04 08:55:38.115,1.67317,1.67321,1.10,1.00
2014.06.04 08:55:38.318,1.67314,1.67323,1.95,1.10
2014.06.04 08:55:38.975,1.67314,1.67323,1.58,1.00
2014.06.04 08:55:39.904,1.67314,1.67322,1.58,1.00
2014.06.04 08:55:40.441,1.67314,1.67322,1.20,1.00
2014.06.04 08:55:40.990,1.67314,1.67324,1.20,1.08
2014.06.04 08:55:41.495,1.67314,1.67325,1.58,1.28
2014.06.04 08:55:42.572,1.67314,1.67326,3.75,1.00
2014.06.04 08:55:43.077,1.67318,1.67327,1.18,1.10
2014.06.04 08:55:43.582,1.67321,1.67328,1.00,1.18
2014.06.04 08:55:44.738,1.67321,1.67329,1.00,1.28
2014.06.04 08:55:45.270,1.67318,1.67326,1.10,1.10
2014.06.04 08:55:45.322,1.67317,1.67323,1.18,1.00
2014.06.04 08:55:45.474,1.67313,1.67322,2.52,1.00
2014.06.04 08:55:46.007,1.67313,1.67321,5.07,1.00
2014.06.04 08:55:47.318,1.67313,1.67318,1.95,1.00
2014.06.04 08:55:47.368,1.67313,1.67318,1.65,1.00
2014.06.04 08:55:47.520,1.67311,1.67316,1.50,1.00
2014.06.04 08:55:47.774,1.67308,1.67315,1.84,1.00
2014.06.04 08:55:47.875,1.67308,1.67317,1.20,1.00
2014.06.04 08:55:48.029,1.67308,1.67317,1.20,1.00
2014.06.04 08:55:48.384,1.67307,1.67315,2.63,1.00
2014.06.04 08:55:48.637,1.67307,1.67319,3.00,3.45
2014.06.04 08:55:48.840,1.67307,1.67317,3.00,1.00
2014.06.04 08:55:50.162,1.6731,1.67317,1.95,1.00
2014.06.04 08:55:50.466,1.67314,1.67319,2.25,1.00
2014.06.04 08:55:50.617,1.67315,1.67325,1.95,1.00
2014.06.04 08:55:51.375,1.67315,1.67326,1.50,1.95
2014.06.04 08:55:52.614,1.67314,1.67321,2.33,1.13
2014.06.04 08:55:52.665,1.67314,1.67321,2.33,1.13
2014.06.04 08:55:53.097,1.67315,1.67323,1.20,1.00
2014.06.04 08:55:53.502,1.67317,1.67325,1.65,1.00
2014.06.04 08:55:54.836,1.67314,1.67324,3.83,1.00
2014.06.04 08:55:55.140,1.67315,1.67327,2.78,2.89
2014.06.04 08:55:55.192,1.67316,1.67327,1.95,2.89
2014.06.04 08:55:55.699,1.67316,1.67325,1.95,1.00
2014.06.04 08:55:56.245,1.67316,1.67325,1.65,1.10
2014.06.04 08:55:57.724,1.67316,1.67325,1.95,1.00
2014.06.04 08:55:58.230,1.67316,1.67325,1.65,1.10
2014.06.04 08:56:01.778,1.67319,1.67325,1.00,1.25
2014.06.04 08:56:02.495,1.67319,1.67326,1.08,2.44
2014.06.04 08:56:02.964,1.67317,1.67326,1.84,1.69
2014.06.04 08:56:03.862,1.67318,1.67326,1.18,1.69
2014.06.04 08:56:04.398,1.67318,1.67326,1.20,1.69
2014.06.04 08:56:05.310,1.67318,1.67326,1.09,1.69
2014.06.04 08:56:05.640,1.67316,1.67325,2.44,1.19
2014.06.04 08:56:05.945,1.67317,1.67326,1.37,2.52
2014.06.04 08:56:06.467,1.67318,1.67327,2.59,1.25
2014.06.04 08:56:07.063,1.6732,1.67327,1.00,1.25
2014.06.04 08:56:07.165,1.67322,1.67327,1.00,1.25
2014.06.04 08:56:07.691,1.67322,1.6733,1.32,1.08
2014.06.04 08:56:07.742,1.67322,1.67331,3.19,2.07
2014.06.04 08:56:07.793,1.67322,1.67331,3.57,1.69
2014.06.04 08:56:08.814,1.67325,1.67331,1.09,1.00
2014.06.04 08:56:09.320,1.67325,1.67333,1.34,1.50
2014.06.04 08:56:09.854,1.67325,1.67334,1.29,1.32
2014.06.04 08:56:09.955,1.67325,1.67334,1.29,1.63
2014.06.04 08:56:10.460,1.67324,1.67335,1.47,4.39
2014.06.04 08:56:11.564,1.67324,1.67334,1.02,1.57
2014.06.04 08:56:11.877,1.67324,1.67334,4.63,1.57
2014.06.04 08:56:12.393,1.67324,1.67335,4.69,2.89
2014.06.04 08:56:14.075,1.67325,1.67334,2.89,1.63
2014.06.04 08:56:14.392,1.67326,1.67334,1.09,1.63
2014.06.04 08:56:15.143,1.67326,1.67332,1.09,1.38
2014.06.04 08:56:15.497,1.67324,1.67332,1.02,1.39
2014.06.04 08:56:16.779,1.67322,1.67331,3.23,1.63
2014.06.04 08:56:17.548,1.67322,1.67331,3.98,1.63
2014.06.04 08:56:18.052,1.67324,1.67333,1.29,1.74
2014.06.04 08:56:18.522,1.67324,1.67333,1.39,1.64
2014.06.04 08:56:19.028,1.67324,1.67333,2.44,1.63
2014.06.04 08:56:19.857,1.67325,1.67334,1.39,2.07
2014.06.04 08:56:20.370,1.67328,1.67336,1.84,1.39
2014.06.04 08:56:20.421,1.67329,1.67336,1.77,1.00
2014.06.04 08:56:20.471,1.67329,1.67336,2.89,1.00
2014.06.04 08:56:20.984,1.67331,1.6734,1.84,1.63
2014.06.04 08:56:21.288,1.6733,1.67338,1.77,1.38
2014.06.04 08:56:21.642,1.67326,1.67335,3.19,1.25
2014.06.04 08:56:21.743,1.67326,1.67335,3.19,1.25
2014.06.04 08:56:22.068,1.67328,1.67335,1.50,1.25
2014.06.04 08:56:22.381,1.67329,1.67338,2.14,1.57
2014.06.04 08:56:22.893,1.67329,1.67338,2.14,1.57
2014.06.04 08:56:23.436,1.6733,1.67339,1.27,2.14
2014.06.04 08:56:23.945,1.67331,1.6734,1.39,2.07
2014.06.04 08:56:24.464,1.67331,1.6734,1.39,2.07
2014.06.04 08:56:25.007,1.67333,1.67341,1.09,1.63
2014.06.04 08:56:25.058,1.67333,1.67341,1.09,1.32
2014.06.04 08:56:25.210,1.67335,1.67343,1.39,1.48
2014.06.04 08:56:25.261,1.67335,1.67343,1.69,1.00
2014.06.04 08:56:25.413,1.67335,1.67345,2.44,1.25
2014.06.04 08:56:25.615,1.67339,1.67346,1.08,2.44
2014.06.04 08:56:26.120,1.6734,1.67346,2.14,1.00
2014.06.04 08:56:26.663,1.67341,1.67346,1.39,1.00
2014.06.04 08:56:27.122,1.67341,1.67346,1.69,1.00
2014.06.04 08:56:27.656,1.67342,1.67346,1.20,1.00
2014.06.04 08:56:27.859,1.67339,1.67348,4.32,1.25
2014.06.04 08:56:28.366,1.67339,1.67348,1.69,1.32
2014.06.04 08:56:28.568,1.67339,1.67348,3.57,1.32
2014.06.04 08:56:29.024,1.67343,1.67351,1.02,1.10
2014.06.04 08:56:29.125,1.67343,1.67353,2.07,1.28
2014.06.04 08:56:29.632,1.67343,1.67352,1.84,1.25
2014.06.04 08:56:29.936,1.67347,1.67354,1.18,1.19
2014.06.04 08:56:30.037,1.67347,1.67355,1.39,1.25
2014.06.04 08:56:30.618,1.67347,1.67356,1.37,1.35
2014.06.04 08:56:31.213,1.67347,1.67356,1.39,1.65
2014.06.04 08:56:32.754,1.67347,1.67356,2.89,1.28
2014.06.04 08:56:34.083,1.67348,1.67356,1.02,1.20
2014.06.04 08:56:34.588,1.67348,1.67356,1.40,1.20
2014.06.04 08:56:35.952,1.67347,1.67355,1.39,1.00
2014.06.04 08:56:36.468,1.67347,1.67355,1.69,1.00
2014.06.04 08:56:37.538,1.67347,1.67355,1.40,1.00
2014.06.04 08:56:38.063,1.67348,1.67356,1.09,1.28
2014.06.04 08:56:38.740,1.67348,1.67357,1.84,2.40
2014.06.04 08:56:40.445,1.67348,1.67354,1.25,1.00
2014.06.04 08:56:41.333,1.67347,1.67354,1.09,1.00
2014.06.04 08:56:41.846,1.67347,1.67356,1.09,2.78
2014.06.04 08:56:43.418,1.67346,1.67353,1.33,1.00
2014.06.04 08:56:43.928,1.67346,1.67355,1.77,1.29
2014.06.04 08:56:44.469,1.67346,1.67355,2.14,1.19
2014.06.04 08:56:44.997,1.67346,1.67355,2.14,1.25
2014.06.04 08:56:45.958,1.67346,1.67355,1.84,1.02
2014.06.04 08:56:46.603,1.67346,1.67355,1.77,1.09
2014.06.04 08:56:47.123,1.67346,1.67355,1.77,1.37
2014.06.04 08:56:47.797,1.67346,1.67355,2.22,1.77
2014.06.04 08:56:48.322,1.67346,1.67354,2.22,1.02
2014.06.04 08:56:48.897,1.67346,1.67354,2.07,1.09
2014.06.04 08:56:54.963,1.67346,1.67354,1.69,1.09
2014.06.04 08:56:55.905,1.67346,1.67353,1.25,1.10
2014.06.04 08:56:58.412,1.67345,1.67353,1.02,1.25
2014.06.04 08:57:00.535,1.67345,1.67352,1.25,1.00
2014.06.04 08:57:01.043,1.67345,1.67353,1.25,1.25
2014.06.04 08:57:01.696,1.67345,1.67353,1.33,1.25
2014.06.04 08:57:02.201,1.67345,1.67352,1.33,1.00
2014.06.04 08:57:02.421,1.67342,1.67349,1.10,1.00
2014.06.04 08:57:02.623,1.6734,1.67348,2.03,2.14
2014.06.04 08:57:02.927,1.67336,1.67345,1.95,1.77
2014.06.04 08:57:03.179,1.67336,1.67345,1.84,1.29
2014.06.04 08:57:03.717,1.67336,1.67344,2.14,1.25
2014.06.04 08:57:04.398,1.67336,1.67345,1.84,1.29
2014.06.04 08:57:04.752,1.67334,1.67344,1.47,1.69
2014.06.04 08:57:05.156,1.67334,1.67343,1.09,3.19
2014.06.04 08:57:05.510,1.67334,1.67342,1.39,1.25
2014.06.04 08:57:06.178,1.67335,1.67344,1.33,2.14
2014.06.04 08:57:06.721,1.67335,1.67343,1.39,1.25
2014.06.04 08:57:07.227,1.67335,1.67344,4.32,1.19
2014.06.04 08:57:07.693,1.67335,1.67344,2.97,1.19
2014.06.04 08:57:08.076,1.67336,1.67345,1.33,2.59
2014.06.04 08:57:08.598,1.67336,1.67344,1.25,1.33
2014.06.04 08:57:10.627,1.67335,1.67344,1.69,1.39
2014.06.04 08:57:11.140,1.67335,1.67344,1.69,1.39
2014.06.04 08:57:12.101,1.67335,1.67343,1.25,1.39
2014.06.04 08:57:12.509,1.67335,1.67343,1.33,1.25
2014.06.04 08:57:13.216,1.67335,1.67343,1.19,1.08
2014.06.04 08:57:13.904,1.67334,1.67344,1.77,1.39
2014.06.04 08:57:16.419,1.67335,1.67345,1.00,2.44
2014.06.04 08:57:17.894,1.67335,1.67345,1.00,2.82
2014.06.04 08:57:18.198,1.67333,1.67343,2.59,3.64
2014.06.04 08:57:18.746,1.67333,1.67343,1.77,3.27
2014.06.04 08:57:19.258,1.67334,1.67343,2.97,1.25
2014.06.04 08:57:19.823,1.67334,1.67343,2.97,1.33
2014.06.04 08:57:20.332,1.67335,1.67344,1.32,2.14
2014.06.04 08:57:20.623,1.67335,1.67344,2.14,1.09
2014.06.04 08:57:22.975,1.67334,1.67344,2.22,1.18
2014.06.04 08:57:23.611,1.67336,1.67344,1.10,1.10
2014.06.04 08:57:23.914,1.67336,1.67345,1.58,1.25
2014.06.04 08:57:24.217,1.67337,1.67345,1.70,1.25
2014.06.04 08:57:24.318,1.67337,1.67345,1.09,1.25
2014.06.04 08:57:24.587,1.67337,1.67343,1.33,1.00
2014.06.04 08:57:24.916,1.67329,1.67336,1.13,1.00
2014.06.04 08:57:25.423,1.67327,1.67336,1.84,1.02
2014.06.04 08:57:28.800,1.67328,1.67337,1.09,1.77
2014.06.04 08:57:30.128,1.67328,1.67337,1.02,2.52
2014.06.04 08:57:31.532,1.67328,1.67334,1.02,1.00
2014.06.04 08:57:32.535,1.67327,1.67334,1.02,1.00
2014.06.04 08:57:32.802,1.67327,1.67337,1.39,2.52
2014.06.04 08:57:33.972,1.67329,1.67338,1.10,1.77
2014.06.04 08:57:34.275,1.67332,1.67339,1.28,1.00
2014.06.04 08:57:34.427,1.67336,1.67343,1.00,1.95
2014.06.04 08:57:34.478,1.67338,1.67345,1.00,1.95
2014.06.04 08:57:34.528,1.67338,1.67345,1.77,1.50
2014.06.04 08:57:34.630,1.67338,1.67348,2.18,1.18
2014.06.04 08:57:34.681,1.67341,1.67349,1.00,1.95
2014.06.04 08:57:34.731,1.67341,1.67349,1.20,1.50
2014.06.04 08:57:34.832,1.67343,1.67349,1.25,1.00
2014.06.04 08:57:35.237,1.6734,1.67349,2.52,1.08
2014.06.04 08:57:35.821,1.67339,1.67347,3.27,1.10
2014.06.04 08:57:36.350,1.6734,1.67349,1.77,3.64
2014.06.04 08:57:37.323,1.6734,1.67348,1.58,1.29
2014.06.04 08:57:48.646,1.6734,1.67345,1.58,1.00
2014.06.04 08:57:49.535,1.67342,1.67345,1.00,1.00
2014.06.04 08:57:49.687,1.67346,1.67352,2.25,1.10
2014.06.04 08:57:49.890,1.67347,1.67355,1.77,1.58
2014.06.04 08:57:49.991,1.67349,1.67355,1.25,1.58
2014.06.04 08:57:50.395,1.67347,1.67353,1.02,1.00
2014.06.04 08:57:50.924,1.67347,1.67352,1.02,1.00
2014.06.04 08:57:52.943,1.67347,1.67354,1.10,1.00
2014.06.04 08:57:58.347,1.67347,1.67356,1.10,2.89
2014.06.04 08:57:59.781,1.67346,1.67355,2.44,1.20
2014.06.04 08:57:59.832,1.67346,1.67353,2.44,1.00
2014.06.04 08:58:00.135,1.67346,1.67351,1.09,1.00
2014.06.04 08:58:00.388,1.67346,1.67354,2.52,1.77
2014.06.04 08:58:00.921,1.67346,1.67354,1.25,1.77
2014.06.04 08:58:05.930,1.67345,1.67354,3.27,1.84
2014.06.04 08:58:06.284,1.67346,1.67354,1.08,1.69
2014.06.04 08:58:06.639,1.67347,1.67349,1.50,1.00
2014.06.04 08:58:06.691,1.67344,1.67349,1.19,1.00
2014.06.04 08:58:06.834,1.67343,1.67348,2.14,1.00
2014.06.04 08:58:07.088,1.67343,1.6735,2.14,1.00
2014.06.04 08:58:07.190,1.67343,1.67348,1.10,1.19
2014.06.04 08:58:07.291,1.6734,1.67348,1.00,1.47
2014.06.04 08:58:07.494,1.67339,1.67346,1.00,1.13
2014.06.04 08:58:07.798,1.67335,1.67338,1.00,2.00
2014.06.04 08:58:08.326,1.67333,1.67337,1.50,1.69
2014.06.04 08:58:09.034,1.67333,1.67338,1.50,2.22
2014.06.04 08:58:09.285,1.67329,1.67338,1.50,2.82
2014.06.04 08:58:09.386,1.67329,1.67338,1.50,2.22
2014.06.04 08:58:09.681,1.67329,1.67337,1.50,2.14
2014.06.04 08:58:09.884,1.67326,1.67335,2.52,1.09
2014.06.04 08:58:10.491,1.67326,1.67335,2.59,1.32
2014.06.04 08:58:14.608,1.67326,1.67335,2.89,1.25
2014.06.04 08:58:15.353,1.67326,1.67334,2.89,1.00
2014.06.04 08:58:15.955,1.67326,1.67335,2.89,1.69
2014.06.04 08:58:20.793,1.67329,1.67337,1.29,1.25
2014.06.04 08:58:20.945,1.67332,1.67341,1.95,1.15
2014.06.04 08:58:20.996,1.67336,1.67343,1.00,1.45
2014.06.04 08:58:21.047,1.67337,1.67344,1.00,1.13
2014.06.04 08:58:21.098,1.67338,1.67347,1.69,1.28
2014.06.04 08:58:21.250,1.6734,1.67349,2.07,1.08
2014.06.04 08:58:21.301,1.67343,1.67351,1.10,1.29
2014.06.04 08:58:21.453,1.67344,1.67352,2.07,1.02
2014.06.04 08:58:21.961,1.67345,1.67354,3.64,1.19
2014.06.04 08:58:22.487,1.67345,1.67353,1.20,1.69
2014.06.04 08:58:23.276,1.67345,1.67348,1.13,1.00
2014.06.04 08:58:23.481,1.6734,1.67345,1.00,1.25
2014.06.04 08:58:23.583,1.67337,1.67345,2.59,1.25
2014.06.04 08:58:23.836,1.67336,1.67342,3.00,1.00
2014.06.04 08:58:23.937,1.67335,1.67342,1.50,1.25
2014.06.04 08:58:24.139,1.67336,1.67344,1.20,1.00
2014.06.04 08:58:24.190,1.67336,1.67344,1.20,1.00
2014.06.04 08:58:24.735,1.67336,1.67344,1.70,1.25
2014.06.04 08:58:24.938,1.67336,1.67344,1.09,1.25
2014.06.04 08:58:29.421,1.67337,1.67344,1.13,1.25
2014.06.04 08:58:30.193,1.67337,1.67346,1.20,3.19
2014.06.04 08:58:30.706,1.67336,1.67345,1.39,1.00
2014.06.04 08:58:31.212,1.67336,1.67345,2.14,1.69
2014.06.04 08:58:39.199,1.67338,1.67345,1.10,1.69
2014.06.04 08:58:40.680,1.6734,1.67345,1.00,1.69
2014.06.04 08:58:41.215,1.67338,1.67345,1.18,1.69
2014.06.04 08:58:41.762,1.67338,1.67345,1.10,1.69
2014.06.04 08:58:43.276,1.67339,1.67345,1.00,1.25
2014.06.04 08:58:43.800,1.67338,1.67345,1.20,1.25
2014.06.04 08:58:44.313,1.67339,1.67345,1.00,1.25
2014.06.04 08:58:44.829,1.67336,1.67345,2.89,1.25
2014.06.04 08:58:48.741,1.67337,1.67345,1.18,1.69
2014.06.04 08:58:49.292,1.67338,1.67345,1.18,1.69
2014.06.04 08:58:49.853,1.67338,1.67345,1.18,1.69
2014.06.04 08:58:51.713,1.67336,1.67345,2.14,2.07
2014.06.04 08:58:52.239,1.67336,1.67345,1.18,1.32
2014.06.04 08:58:52.542,1.67336,1.67342,1.18,1.19
2014.06.04 08:58:52.846,1.67334,1.67341,1.18,1.25
2014.06.04 08:58:53.048,1.67333,1.67341,1.69,1.09
2014.06.04 08:58:53.557,1.67332,1.67341,1.77,1.37
2014.06.04 08:58:54.074,1.67331,1.67339,1.25,1.25
2014.06.04 08:58:54.905,1.67331,1.6734,1.08,1.02
2014.06.04 08:58:56.719,1.67331,1.67341,1.39,1.29
2014.06.04 08:58:57.316,1.67332,1.67341,1.39,1.19
2014.06.04 08:58:57.882,1.67332,1.67341,1.33,1.29
2014.06.04 08:58:58.330,1.67331,1.6734,1.20,2.75
2014.06.04 08:58:58.381,1.67331,1.6734,1.00,2.90
2014.06.04 08:58:58.906,1.6733,1.6734,1.77,3.50
2014.06.04 08:58:59.472,1.6733,1.6734,1.88,2.83
2014.06.04 08:59:00.138,1.67333,1.67342,1.02,1.77
2014.06.04 08:59:01.655,1.67332,1.67341,1.65,1.25
2014.06.04 08:59:02.144,1.67333,1.67343,1.63,1.84
2014.06.04 08:59:02.682,1.67333,1.67343,1.39,3.64
2014.06.04 08:59:02.986,1.67333,1.67343,1.09,2.22
2014.06.04 08:59:03.037,1.67334,1.67343,1.19,1.84
2014.06.04 08:59:03.832,1.67334,1.67341,1.69,1.00
2014.06.04 08:59:04.339,1.67332,1.67341,2.07,1.02
2014.06.04 08:59:05.198,1.67332,1.67341,1.84,1.33
2014.06.04 08:59:05.834,1.67332,1.67341,1.10,1.33
2014.06.04 08:59:07.188,1.67334,1.67342,1.25,1.84
2014.06.04 08:59:07.494,1.67332,1.67339,1.18,1.19
2014.06.04 08:59:07.899,1.67333,1.67341,1.00,2.97
2014.06.04 08:59:08.418,1.6733,1.67339,2.14,1.25
2014.06.04 08:59:08.929,1.67332,1.67342,1.02,2.14
2014.06.04 08:59:09.436,1.6733,1.67338,1.69,1.25
2014.06.04 08:59:09.740,1.67326,1.67335,1.77,1.69
2014.06.04 08:59:10.755,1.67326,1.67335,1.09,1.25
2014.06.04 08:59:11.588,1.67326,1.67335,1.84,1.69
2014.06.04 08:59:12.913,1.67324,1.67333,1.77,1.29
2014.06.04 08:59:13.319,1.67324,1.6733,1.00,1.19
2014.06.04 08:59:13.522,1.67321,1.6733,1.84,1.19
2014.06.04 08:59:14.028,1.67321,1.6733,1.84,1.29
2014.06.04 08:59:14.235,1.67322,1.67331,1.27,2.52
2014.06.04 08:59:14.387,1.67325,1.67331,1.13,1.00
2014.06.04 08:59:14.835,1.67325,1.67333,1.29,1.10
2014.06.04 08:59:15.341,1.67327,1.67334,1.18,1.25
2014.06.04 08:59:15.867,1.67327,1.67335,1.18,2.07
2014.06.04 08:59:17.282,1.67327,1.67335,1.09,1.02
2014.06.04 08:59:19.482,1.67327,1.67335,1.02,1.29
2014.06.04 08:59:20.039,1.67327,1.67335,1.33,1.19
2014.06.04 08:59:20.563,1.67327,1.67335,1.02,1.29
2014.06.04 08:59:21.085,1.67325,1.67334,2.22,1.29
2014.06.04 08:59:21.590,1.67327,1.67334,1.00,1.29
2014.06.04 08:59:22.093,1.67327,1.67334,1.00,1.02
2014.06.04 08:59:26.205,1.67326,1.67335,2.14,2.59
2014.06.04 08:59:26.710,1.67326,1.67335,1.69,2.89
2014.06.04 08:59:30.169,1.67325,1.67333,1.39,1.58
2014.06.04 08:59:30.625,1.67325,1.67334,1.19,2.44
2014.06.04 08:59:30.991,1.67325,1.67334,1.77,1.33
2014.06.04 08:59:31.524,1.67325,1.67334,1.69,1.39
2014.06.04 08:59:32.101,1.67325,1.67334,1.69,1.37
2014.06.04 08:59:33.176,1.67325,1.67335,2.07,1.65
2014.06.04 08:59:33.479,1.6733,1.67336,1.00,1.84
2014.06.04 08:59:33.581,1.67326,1.67336,2.82,1.09
2014.06.04 08:59:33.733,1.67326,1.67336,2.07,2.14
2014.06.04 08:59:34.245,1.67326,1.67336,2.22,2.44
2014.06.04 08:59:35.122,1.67326,1.67336,1.09,2.59
2014.06.04 08:59:35.875,1.67326,1.67336,1.02,3.27
2014.06.04 08:59:36.401,1.67326,1.67334,1.00,1.37
2014.06.04 08:59:36.939,1.67325,1.67334,1.02,1.37
2014.06.04 08:59:41.047,1.67324,1.67333,1.29,3.34
2014.06.04 08:59:42.018,1.67324,1.67333,1.19,1.02
2014.06.04 08:59:42.841,1.67324,1.67333,1.32,1.69
2014.06.04 08:59:44.190,1.67324,1.67333,1.32,2.07
2014.06.04 08:59:44.493,1.6732,1.6733,2.82,2.00
2014.06.04 08:59:44.979,1.6732,1.67329,1.25,1.19
2014.06.04 08:59:45.821,1.67319,1.6733,1.19,2.44
2014.06.04 08:59:47.216,1.67319,1.6733,1.19,2.89
2014.06.04 08:59:47.723,1.67319,1.67329,1.19,1.10
2014.06.04 08:59:48.077,1.67319,1.67328,1.25,1.19
2014.06.04 08:59:48.381,1.67317,1.67326,1.50,1.69
2014.06.04 08:59:49.369,1.67317,1.67326,2.44,2.44
2014.06.04 08:59:50.354,1.67317,1.67326,2.44,1.19
2014.06.04 08:59:50.859,1.67317,1.67326,2.44,2.89
2014.06.04 08:59:52.635,1.67318,1.67328,1.00,3.75
2014.06.04 08:59:52.686,1.67318,1.67328,1.00,3.75
2014.06.04 08:59:53.627,1.67318,1.67326,1.00,1.20
2014.06.04 08:59:54.082,1.67318,1.67326,1.00,3.38
2014.06.04 08:59:54.133,1.67314,1.67326,3.89,4.88
2014.06.04 08:59:54.511,1.67314,1.67325,3.75,1.20
2014.06.04 08:59:55.042,1.67315,1.67325,1.00,1.08
2014.06.04 08:59:55.199,1.67315,1.67327,1.00,2.25
2014.06.04 08:59:56.133,1.67315,1.67326,1.00,1.00
2014.06.04 08:59:56.645,1.67315,1.67325,1.00,1.00
2014.06.04 08:59:57.995,1.67315,1.67326,1.00,1.00
2014.06.04 08:59:58.518,1.67315,1.67324,1.00,1.00
2014.06.04 08:59:58.620,1.67315,1.67326,1.00,1.00
2014.06.04 08:59:59.134,1.67315,1.67325,1.00,1.50
2014.06.04 08:59:59.286,1.67315,1.67323,1.00,1.50
2014.06.04 08:59:59.791,1.67316,1.67323,1.00,1.50
