2011.03.22 01:00:00.965,1.63131,1.63154,1.13,2.25
2011.03.22 01:00:01.496,1.63131,1.63154,1.13,2.25
2011.03.22 01:00:02.154,1.63131,1.63154,1.13,2.25
2011.03.22 01:00:03.606,1.63131,1.63154,1.13,2.25
2011.03.22 01:00:04.295,1.63131,1.63152,1.13,2.25
2011.03.22 01:00:05.018,1.63131,1.63152,1.13,2.25
2011.03.22 01:00:05.686,1.63131,1.63153,1.13,1.37
2011.03.22 01:00:06.419,1.63131,1.63153,1.13,1.37
2011.03.22 01:00:07.104,1.63131,1.63153,1.13,1.37
2011.03.22 01:00:07.876,1.63133,1.63153,1.50,1.37
2011.03.22 01:00:08.674,1.63133,1.63153,1.50,1.37
2011.03.22 01:00:09.276,1.63133,1.63153,1.50,2.87
2011.03.22 01:00:09.826,1.63133,1.63153,1.50,2.87
2011.03.22 01:00:10.446,1.63133,1.63153,1.50,2.87
2011.03.22 01:00:13.787,1.63132,1.63152,1.50,1.13
2011.03.22 01:00:14.346,1.63132,1.63152,1.50,1.13
2011.03.22 01:00:14.896,1.63132,1.63152,1.50,1.37
2011.03.22 01:00:15.447,1.63132,1.63152,1.50,1.37
2011.03.22 01:00:15.995,1.63132,1.63152,1.50,1.13
2011.03.22 01:00:16.655,1.63133,1.63152,1.50,1.13
2011.03.22 01:00:17.646,1.63133,1.63152,1.50,1.13
2011.03.22 01:00:18.195,1.63131,1.63152,1.13,1.37
2011.03.22 01:00:19.429,1.6313,1.63144,1.50,1.50
2011.03.22 01:00:19.660,1.63124,1.63138,1.13,1.50
2011.03.22 01:00:19.777,1.63116,1.63138,2.33,2.54
2011.03.22 01:00:20.529,1.63116,1.63142,1.50,1.13
2011.03.22 01:00:20.647,1.63116,1.63139,1.50,1.13
2011.03.22 01:00:21.195,1.63116,1.63139,1.50,1.13
2011.03.22 01:00:22.516,1.63116,1.63141,1.88,3.24
2011.03.22 01:00:22.627,1.63118,1.63141,1.50,2.25
2011.03.22 01:00:22.738,1.63118,1.63141,1.50,2.25
2011.03.22 01:00:23.067,1.63118,1.63139,1.50,1.13
2011.03.22 01:00:23.396,1.63118,1.63139,1.50,1.13
2011.03.22 01:00:24.826,1.63118,1.63139,1.50,1.13
2011.03.22 01:00:25.486,1.63118,1.63139,1.50,1.13
2011.03.22 01:00:33.645,1.63118,1.63139,1.50,1.13
2011.03.22 01:00:37.586,1.63116,1.63139,1.50,1.37
2011.03.22 01:00:37.915,1.63116,1.63135,1.50,1.02
2011.03.22 01:00:38.354,1.63114,1.63135,1.50,1.04
2011.03.22 01:00:38.906,1.63113,1.63136,1.13,2.72
2011.03.22 01:00:40.720,1.63113,1.63135,1.13,1.29
2011.03.22 01:00:41.167,1.63113,1.63136,1.13,2.72
2011.03.22 01:00:41.718,1.63113,1.63136,1.13,2.72
2011.03.22 01:00:42.295,1.63113,1.63137,1.13,2.72
2011.03.22 01:00:52.746,1.63113,1.63137,2.63,2.25
2011.03.22 01:00:53.318,1.63113,1.63137,2.63,2.25
2011.03.22 01:00:54.755,1.63114,1.63139,2.25,2.63
2011.03.22 01:00:55.305,1.63114,1.63139,2.25,2.63
2011.03.22 01:00:58.745,1.63114,1.63139,3.00,2.63
2011.03.22 01:00:59.445,1.63114,1.63139,3.00,1.13
2011.03.22 01:01:00.394,1.63114,1.63139,3.00,1.13
2011.03.22 01:01:01.050,1.63114,1.63139,3.00,1.13
2011.03.22 01:01:07.465,1.63115,1.63139,1.50,1.13
2011.03.22 01:01:08.235,1.63115,1.63139,1.50,2.63
2011.03.22 01:01:09.457,1.63115,1.63139,1.50,2.63
2011.03.22 01:01:10.007,1.63115,1.63139,1.50,1.13
2011.03.22 01:01:19.466,1.63115,1.63139,1.50,1.13
2011.03.22 01:01:20.895,1.63115,1.63138,1.50,1.14
2011.03.22 01:01:21.665,1.63115,1.63138,1.50,1.14
2011.03.22 01:01:22.215,1.63113,1.63135,1.88,1.05
2011.03.22 01:01:22.764,1.63113,1.63138,1.88,2.64
2011.03.22 01:01:28.045,1.63115,1.63139,2.25,1.37
2011.03.22 01:01:28.704,1.63115,1.63139,2.25,1.37
2011.03.22 01:01:34.867,1.63115,1.63139,3.00,1.37
2011.03.22 01:01:35.482,1.63115,1.63139,3.00,1.37
2011.03.22 01:01:35.816,1.63115,1.63139,1.50,2.87
2011.03.22 01:01:41.857,1.63115,1.63139,1.50,2.87
2011.03.22 01:01:42.405,1.63115,1.63139,1.50,2.87
2011.03.22 01:01:51.699,1.63115,1.63134,1.50,1.13
2011.03.22 01:01:52.475,1.63113,1.63131,1.13,2.49
2011.03.22 01:01:53.025,1.63113,1.63132,1.13,2.49
2011.03.22 01:02:03.576,1.63113,1.63132,1.13,1.74
2011.03.22 01:02:03.907,1.63113,1.63132,1.13,1.50
2011.03.22 01:02:13.455,1.63113,1.63132,1.13,1.50
2011.03.22 01:02:13.981,1.63113,1.63131,1.13,2.49
2011.03.22 01:02:14.535,1.63113,1.63131,1.13,2.49
2011.03.22 01:02:19.376,1.63113,1.63131,1.13,2.49
2011.03.22 01:02:20.168,1.63113,1.63131,1.13,2.49
2011.03.22 01:02:24.466,1.63113,1.6313,1.13,2.49
2011.03.22 01:02:35.335,1.63113,1.63132,1.13,2.49
2011.03.22 01:02:45.455,1.63113,1.63132,1.13,2.49
2011.03.22 01:02:46.115,1.63113,1.63132,1.13,2.25
2011.03.22 01:02:48.453,1.63113,1.63132,1.13,2.25
2011.03.22 01:02:49.005,1.63113,1.63132,1.13,2.25
2011.03.22 01:02:58.793,1.63113,1.63132,1.13,1.50
2011.03.22 01:02:59.236,1.63113,1.63134,1.13,1.74
2011.03.22 01:03:00.006,1.63113,1.63134,1.13,1.74
2011.03.22 01:03:00.585,1.63113,1.63134,1.13,1.74
2011.03.22 01:03:01.615,1.63113,1.63134,1.13,1.74
2011.03.22 01:03:02.385,1.63113,1.63134,1.13,1.74
2011.03.22 01:03:02.935,1.63113,1.63134,1.13,1.74
2011.03.22 01:03:03.638,1.63113,1.63134,1.13,1.74
2011.03.22 01:03:07.485,1.63113,1.63134,1.13,1.50
2011.03.22 01:03:07.594,1.63113,1.63134,1.13,1.50
2011.03.22 01:03:12.699,1.63116,1.63134,1.09,1.50
2011.03.22 01:03:13.255,1.63116,1.63134,1.09,1.50
2011.03.22 01:03:15.145,1.63116,1.63134,1.09,1.50
2011.03.22 01:03:15.990,1.63116,1.63134,1.09,1.50
2011.03.22 01:03:16.547,1.63116,1.63134,1.09,1.50
2011.03.22 01:03:17.135,1.63116,1.63134,1.09,1.50
2011.03.22 01:03:20.207,1.63118,1.63134,1.09,1.50
2011.03.22 01:03:20.316,1.6312,1.63134,1.09,1.50
2011.03.22 01:03:20.645,1.63115,1.63133,1.84,1.09
2011.03.22 01:03:21.194,1.63115,1.63133,1.09,1.09
2011.03.22 01:03:21.526,1.63115,1.63133,1.09,1.09
2011.03.22 01:03:22.128,1.63115,1.63133,1.09,1.09
2011.03.22 01:03:22.685,1.63115,1.63133,1.09,1.09
2011.03.22 01:03:23.817,1.63115,1.63133,1.09,1.09
2011.03.22 01:03:24.364,1.63115,1.63133,1.09,2.59
2011.03.22 01:03:24.915,1.63115,1.63133,1.09,2.59
2011.03.22 01:03:31.756,1.63115,1.63133,1.09,1.09
2011.03.22 01:03:32.265,1.63115,1.63133,1.09,1.09
2011.03.22 01:03:38.515,1.63115,1.63133,1.09,1.09
2011.03.22 01:03:39.595,1.63115,1.63133,1.09,1.09
2011.03.22 01:03:58.218,1.63114,1.63134,1.58,1.50
2011.03.22 01:04:02.748,1.63113,1.63135,1.20,2.49
2011.03.22 01:04:03.297,1.63113,1.63136,1.20,4.74
2011.03.22 01:04:03.845,1.63113,1.63136,1.20,5.49
2011.03.22 01:04:06.106,1.63113,1.63133,1.20,1.37
2011.03.22 01:04:15.449,1.63113,1.63134,1.20,1.13
2011.03.22 01:04:17.946,1.63113,1.63134,1.20,1.13
2011.03.22 01:04:18.739,1.63113,1.63134,1.20,1.13
2011.03.22 01:04:19.416,1.63113,1.63134,1.20,1.13
2011.03.22 01:04:19.965,1.63113,1.63134,1.20,1.13
2011.03.22 01:04:20.476,1.63113,1.63134,1.20,1.13
2011.03.22 01:04:25.785,1.63113,1.63134,1.20,1.37
2011.03.22 01:04:26.558,1.63113,1.63134,1.20,1.37
2011.03.22 01:04:32.167,1.63113,1.63135,1.20,1.37
2011.03.22 01:04:32.716,1.63113,1.63136,1.20,6.09
2011.03.22 01:04:33.266,1.63113,1.63135,1.20,1.37
2011.03.22 01:04:34.256,1.63113,1.63133,1.20,1.13
2011.03.22 01:04:34.807,1.63113,1.63133,1.20,1.13
2011.03.22 01:04:35.356,1.63113,1.63133,1.20,1.13
2011.03.22 01:04:35.909,1.63113,1.63133,1.20,1.13
2011.03.22 01:04:36.466,1.63113,1.63133,1.20,1.37
2011.03.22 01:04:37.555,1.63113,1.63133,1.20,1.13
2011.03.22 01:04:38.675,1.63113,1.63133,1.20,1.13
2011.03.22 01:04:39.009,1.63113,1.63133,1.20,1.13
2011.03.22 01:04:39.845,1.63113,1.63133,1.20,1.13
2011.03.22 01:04:40.490,1.63113,1.63133,1.20,1.13
2011.03.22 01:04:41.045,1.63113,1.63133,1.20,1.37
2011.03.22 01:04:41.705,1.63113,1.63133,1.20,1.13
2011.03.22 01:04:42.588,1.63113,1.63133,1.20,1.13
2011.03.22 01:04:42.916,1.63113,1.63133,1.20,1.37
2011.03.22 01:04:43.699,1.63113,1.63133,1.20,1.37
2011.03.22 01:04:44.256,1.63113,1.63129,1.20,1.13
2011.03.22 01:04:53.407,1.63113,1.63131,1.13,4.59
2011.03.22 01:04:53.955,1.63113,1.63131,1.13,4.59
2011.03.22 01:04:55.056,1.63113,1.63131,1.13,4.59
2011.03.22 01:05:02.189,1.63111,1.63131,1.50,4.59
2011.03.22 01:05:02.636,1.63113,1.63129,1.13,1.37
2011.03.22 01:05:02.856,1.63112,1.63129,1.13,2.12
2011.03.22 01:05:03.187,1.6311,1.63129,1.88,1.37
2011.03.22 01:05:03.627,1.63106,1.63122,1.32,1.50
2011.03.22 01:05:04.066,1.63098,1.63122,3.00,1.50
2011.03.22 01:05:04.615,1.63098,1.63122,3.00,1.74
2011.03.22 01:05:05.169,1.63098,1.63122,3.00,2.49
2011.03.22 01:05:07.405,1.63098,1.63119,1.50,1.13
2011.03.22 01:05:07.739,1.63089,1.63109,5.25,1.13
2011.03.22 01:05:08.076,1.63089,1.63112,1.50,3.34
2011.03.22 01:05:08.406,1.63088,1.63109,1.50,1.13
2011.03.22 01:05:08.959,1.63084,1.63104,1.50,1.13
2011.03.22 01:05:09.556,1.63082,1.63102,1.50,1.50
2011.03.22 01:05:10.107,1.63083,1.63099,1.13,1.13
2011.03.22 01:05:10.656,1.63083,1.63099,1.13,1.37
2011.03.22 01:05:11.206,1.63083,1.63098,1.13,1.37
2011.03.22 01:05:13.456,1.63083,1.63097,1.13,1.13
2011.03.22 01:05:14.017,1.63083,1.63098,1.13,1.37
2011.03.22 01:05:19.545,1.63083,1.63098,1.13,1.13
2011.03.22 01:05:21.567,1.63083,1.63098,1.13,1.37
2011.03.22 01:05:22.458,1.63085,1.63101,1.09,3.69
2011.03.22 01:05:22.787,1.63082,1.63101,1.13,5.53
2011.03.22 01:05:23.075,1.63083,1.63101,1.13,5.53
2011.03.22 01:05:23.405,1.63083,1.631,1.13,2.25
2011.03.22 01:05:32.075,1.63083,1.63099,1.13,1.50
2011.03.22 01:05:32.189,1.63083,1.63096,1.13,1.65
2011.03.22 01:05:32.526,1.63071,1.63095,1.88,2.12
2011.03.22 01:05:32.898,1.63071,1.63095,1.88,2.12
2011.03.22 01:05:33.337,1.63071,1.63095,1.13,2.49
2011.03.22 01:05:34.496,1.63071,1.63095,1.13,2.72
2011.03.22 01:05:35.046,1.63071,1.63095,1.13,2.49
2011.03.22 01:05:36.565,1.63071,1.63096,1.13,6.09
2011.03.22 01:05:37.117,1.63071,1.63095,1.13,1.37
2011.03.22 01:05:37.996,1.63071,1.63095,1.13,1.22
2011.03.22 01:05:39.106,1.63071,1.63095,1.13,1.22
2011.03.22 01:05:39.656,1.63071,1.63095,1.13,1.22
2011.03.22 01:05:40.216,1.63071,1.63096,1.13,6.09
2011.03.22 01:05:41.239,1.63081,1.63096,1.47,1.35
2011.03.22 01:05:41.469,1.63081,1.63098,1.09,1.95
2011.03.22 01:05:41.807,1.63072,1.63095,3.75,1.09
2011.03.22 01:05:42.355,1.63072,1.63095,3.75,1.09
2011.03.22 01:05:43.614,1.63072,1.63097,3.75,2.22
2011.03.22 01:05:44.060,1.6308,1.63098,1.50,1.13
2011.03.22 01:05:44.177,1.63073,1.63096,2.25,1.13
2011.03.22 01:05:44.837,1.63073,1.63094,2.25,1.50
2011.03.22 01:05:45.606,1.63072,1.63094,1.50,1.50
2011.03.22 01:05:46.156,1.63072,1.63096,1.50,1.37
2011.03.22 01:05:47.190,1.63072,1.63089,1.50,1.13
2011.03.22 01:05:47.530,1.6307,1.63086,1.50,1.13
2011.03.22 01:05:48.088,1.63071,1.63093,1.13,3.23
2011.03.22 01:05:48.310,1.63071,1.63087,1.13,1.50
2011.03.22 01:05:48.537,1.6307,1.63087,1.50,1.50
2011.03.22 01:05:48.866,1.63068,1.63086,2.25,1.13
2011.03.22 01:05:49.416,1.63068,1.63087,1.50,1.50
2011.03.22 01:05:50.296,1.63068,1.63085,1.50,1.13
2011.03.22 01:05:51.505,1.63068,1.63088,1.50,1.74
2011.03.22 01:05:52.056,1.63068,1.63092,1.50,3.00
2011.03.22 01:05:55.309,1.63072,1.6309,1.50,1.50
2011.03.22 01:05:55.430,1.63071,1.63093,1.09,3.62
2011.03.22 01:05:55.549,1.6307,1.63091,1.84,1.09
2011.03.22 01:05:55.887,1.6307,1.63089,1.09,1.13
2011.03.22 01:05:56.218,1.6307,1.63091,1.09,2.59
2011.03.22 01:05:56.545,1.6307,1.63091,1.09,2.59
2011.03.22 01:05:57.478,1.63072,1.63091,1.84,1.50
2011.03.22 01:05:57.698,1.63072,1.63091,1.50,1.09
2011.03.22 01:05:58.026,1.6307,1.63091,1.09,1.09
2011.03.22 01:06:00.697,1.6307,1.63091,1.09,1.09
2011.03.22 01:06:01.864,1.6307,1.63091,1.09,2.59
2011.03.22 01:06:02.415,1.6307,1.63091,1.09,2.59
2011.03.22 01:06:03.075,1.6307,1.63091,1.09,2.59
2011.03.22 01:06:03.627,1.6307,1.63091,1.09,3.34
2011.03.22 01:06:04.397,1.6307,1.63088,1.09,1.50
2011.03.22 01:06:04.836,1.63067,1.63088,1.58,1.33
2011.03.22 01:06:05.169,1.63068,1.63091,1.50,2.87
2011.03.22 01:06:05.726,1.63068,1.63091,1.50,1.74
2011.03.22 01:06:06.275,1.63068,1.63091,1.50,1.50
2011.03.22 01:06:08.377,1.63068,1.63091,1.50,1.50
2011.03.22 01:06:08.927,1.63068,1.63089,1.50,1.13
2011.03.22 01:06:09.257,1.63064,1.63089,3.00,1.88
2011.03.22 01:06:09.697,1.63064,1.63089,1.50,2.29
2011.03.22 01:06:10.246,1.63063,1.63085,4.13,1.05
2011.03.22 01:06:10.797,1.63063,1.63088,4.13,1.73
2011.03.22 01:06:11.128,1.63064,1.63089,1.50,1.54
2011.03.22 01:06:11.675,1.63064,1.63089,1.50,1.54
2011.03.22 01:06:12.336,1.63064,1.63089,1.50,1.54
2011.03.22 01:06:13.455,1.63068,1.63089,1.50,1.17
2011.03.22 01:06:13.897,1.63068,1.63091,1.50,1.14
2011.03.22 01:06:14.666,1.63068,1.63089,1.50,1.09
2011.03.22 01:06:15.435,1.63068,1.63089,1.50,1.17
2011.03.22 01:06:15.985,1.63068,1.63089,1.50,1.17
2011.03.22 01:06:16.538,1.63068,1.63085,1.50,1.05
2011.03.22 01:06:17.086,1.63068,1.63085,1.50,1.05
2011.03.22 01:06:17.746,1.63068,1.63089,1.50,1.09
2011.03.22 01:06:18.076,1.63068,1.63089,1.50,1.09
2011.03.22 01:06:18.625,1.63068,1.63089,1.50,1.09
2011.03.22 01:06:19.507,1.63068,1.63089,1.50,1.17
2011.03.22 01:06:20.188,1.63068,1.63089,1.50,1.09
2011.03.22 01:06:21.846,1.63068,1.63089,1.50,1.09
2011.03.22 01:06:22.396,1.63068,1.63089,1.50,1.09
2011.03.22 01:06:22.726,1.63068,1.63085,1.50,1.13
2011.03.22 01:06:23.165,1.63068,1.63089,1.50,1.09
2011.03.22 01:06:23.511,1.63068,1.63089,1.50,1.09
2011.03.22 01:06:24.066,1.63068,1.63089,1.50,1.20
2011.03.22 01:06:24.506,1.63068,1.6309,1.50,1.17
2011.03.22 01:06:24.946,1.63068,1.63089,1.50,1.24
2011.03.22 01:06:25.496,1.63068,1.6309,1.50,1.17
2011.03.22 01:06:26.197,1.63068,1.63089,1.50,1.17
2011.03.22 01:06:28.876,1.63067,1.63089,1.50,2.01
2011.03.22 01:06:29.427,1.63067,1.63084,1.50,1.50
2011.03.22 01:06:29.758,1.63063,1.63078,1.13,1.13
2011.03.22 01:06:29.870,1.63063,1.63086,1.13,1.14
2011.03.22 01:06:30.096,1.63063,1.63084,1.13,1.13
2011.03.22 01:06:33.315,1.63063,1.63082,1.13,1.50
2011.03.22 01:06:33.647,1.63063,1.63078,1.13,1.84
2011.03.22 01:06:33.758,1.63063,1.63081,1.13,1.33
2011.03.22 01:06:33.977,1.63063,1.63082,1.13,1.84
2011.03.22 01:06:34.416,1.63063,1.63077,1.13,1.09
2011.03.22 01:06:34.746,1.63063,1.63078,1.13,1.84
2011.03.22 01:06:35.117,1.63063,1.63081,1.13,2.08
2011.03.22 01:06:35.342,1.63063,1.6308,1.13,1.09
2011.03.22 01:06:36.336,1.63063,1.6308,1.13,1.09
2011.03.22 01:06:37.436,1.63063,1.6308,1.13,1.09
2011.03.22 01:06:37.986,1.63063,1.6308,1.13,1.09
2011.03.22 01:06:39.988,1.63063,1.63082,1.13,1.50
2011.03.22 01:06:41.846,1.63063,1.63081,1.13,8.19
2011.03.22 01:06:42.396,1.63063,1.63081,1.13,6.69
2011.03.22 01:06:53.347,1.63059,1.63079,1.88,1.37
2011.03.22 01:06:54.315,1.63059,1.63079,1.88,1.13
2011.03.22 01:07:00.117,1.63059,1.63079,1.88,1.13
2011.03.22 01:07:01.435,1.63059,1.63079,1.13,1.13
2011.03.22 01:07:03.897,1.63058,1.63079,1.69,1.37
2011.03.22 01:07:04.448,1.63058,1.63079,1.69,1.13
2011.03.22 01:07:06.307,1.63058,1.63079,1.69,1.13
2011.03.22 01:07:15.970,1.63058,1.63081,1.69,5.04
2011.03.22 01:07:50.295,1.63058,1.63081,1.69,5.04
2011.03.22 01:08:24.818,1.63061,1.63081,1.50,1.50
2011.03.22 01:08:25.696,1.63061,1.6308,1.13,1.50
2011.03.22 01:08:27.008,1.63058,1.63079,2.44,2.25
2011.03.22 01:08:27.557,1.63058,1.63081,2.44,3.99
2011.03.22 01:08:28.218,1.63058,1.63079,1.69,2.97
2011.03.22 01:08:28.900,1.63058,1.63079,1.69,2.97
2011.03.22 01:08:29.777,1.63058,1.63079,1.69,2.97
2011.03.22 01:08:31.996,1.63058,1.63078,1.69,2.49
2011.03.22 01:08:35.738,1.63058,1.63078,1.69,1.50
2011.03.22 01:08:36.286,1.63058,1.63079,1.69,2.46
2011.03.22 01:08:40.977,1.63058,1.63079,1.69,2.46
2011.03.22 01:08:41.527,1.63058,1.63079,1.69,3.21
2011.03.22 01:08:42.186,1.63058,1.63079,1.69,2.46
2011.03.22 01:08:42.740,1.63058,1.63079,1.69,2.46
2011.03.22 01:08:43.547,1.63058,1.63079,1.69,2.46
2011.03.22 01:08:44.547,1.63058,1.63079,1.69,2.46
2011.03.22 01:08:45.096,1.63058,1.63078,1.69,2.49
2011.03.22 01:08:47.107,1.63058,1.63077,1.69,1.74
2011.03.22 01:08:47.657,1.63058,1.63077,1.69,1.74
2011.03.22 01:08:48.167,1.63058,1.63076,1.69,1.74
2011.03.22 01:08:48.716,1.63053,1.63076,1.88,2.72
2011.03.22 01:08:49.267,1.63053,1.63079,1.88,4.59
2011.03.22 01:08:50.606,1.63053,1.63077,1.88,1.22
2011.03.22 01:08:51.156,1.63053,1.63075,1.13,1.50
2011.03.22 01:08:51.816,1.63053,1.63072,1.13,1.50
2011.03.22 01:08:52.366,1.63053,1.63072,1.13,1.74
2011.03.22 01:08:56.379,1.63052,1.63072,1.13,1.74
2011.03.22 01:08:56.938,1.63051,1.63071,1.50,5.34
2011.03.22 01:08:57.267,1.63049,1.63066,2.63,1.09
2011.03.22 01:08:57.599,1.63049,1.63066,3.38,1.09
2011.03.22 01:08:58.268,1.63049,1.63062,1.88,1.09
2011.03.22 01:08:58.380,1.63045,1.63062,1.50,1.09
2011.03.22 01:08:58.498,1.63044,1.63061,1.50,1.09
2011.03.22 01:08:58.937,1.6304,1.63061,1.50,1.50
2011.03.22 01:09:00.639,1.63039,1.63061,4.50,1.50
2011.03.22 01:09:01.197,1.63042,1.63061,1.13,3.24
2011.03.22 01:09:01.537,1.63043,1.63061,1.13,3.24
2011.03.22 01:09:02.990,1.63043,1.63058,1.13,1.24
2011.03.22 01:09:03.217,1.63033,1.63054,2.63,1.74
2011.03.22 01:09:03.766,1.63033,1.63054,1.13,1.74
2011.03.22 01:09:04.916,1.63033,1.63054,1.13,1.74
2011.03.22 01:09:05.838,1.63033,1.63054,1.13,1.74
2011.03.22 01:09:06.717,1.63033,1.63054,1.13,1.74
2011.03.22 01:09:09.208,1.63031,1.63053,1.13,1.50
2011.03.22 01:09:09.430,1.63028,1.63044,1.50,1.13
2011.03.22 01:09:10.876,1.63023,1.63042,1.88,1.50
2011.03.22 01:09:11.427,1.63023,1.63042,1.88,1.50
2011.03.22 01:09:11.537,1.63023,1.63042,1.88,1.50
2011.03.22 01:09:11.867,1.63023,1.63042,1.88,1.50
2011.03.22 01:09:12.196,1.63023,1.63042,1.88,1.50
2011.03.22 01:09:12.773,1.63023,1.63042,1.88,1.50
2011.03.22 01:09:13.329,1.63023,1.63042,1.88,1.50
2011.03.22 01:09:13.998,1.63023,1.63042,1.88,1.50
2011.03.22 01:09:14.657,1.63023,1.63042,1.88,1.50
2011.03.22 01:09:15.217,1.63023,1.63042,1.88,1.50
2011.03.22 01:09:15.876,1.63023,1.63042,1.88,1.50
2011.03.22 01:09:16.426,1.63023,1.63042,1.88,1.50
2011.03.22 01:09:17.048,1.63023,1.63042,1.88,1.50
2011.03.22 01:09:19.286,1.63023,1.63042,1.88,1.50
2011.03.22 01:09:19.918,1.63023,1.63042,1.88,1.50
2011.03.22 01:09:21.196,1.63023,1.63043,1.88,2.49
2011.03.22 01:09:21.443,1.63023,1.63045,2.63,1.74
2011.03.22 01:09:21.998,1.63023,1.63045,1.88,1.50
2011.03.22 01:09:22.218,1.63029,1.63045,1.09,1.50
2011.03.22 01:09:22.766,1.63025,1.63045,1.84,1.50
2011.03.22 01:09:23.209,1.63031,1.63047,1.09,1.50
2011.03.22 01:09:23.756,1.63031,1.63048,1.09,1.74
2011.03.22 01:09:25.078,1.63031,1.6305,1.09,2.08
2011.03.22 01:09:25.738,1.63031,1.6305,1.09,2.08
2011.03.22 01:09:26.069,1.63031,1.63052,2.22,2.25
2011.03.22 01:09:26.626,1.63031,1.63052,1.84,1.50
2011.03.22 01:09:26.959,1.63031,1.63051,1.13,1.84
2011.03.22 01:09:27.780,1.63035,1.63051,1.09,1.50
2011.03.22 01:09:28.336,1.63035,1.63053,1.09,2.25
2011.03.22 01:09:28.889,1.63035,1.63054,1.09,1.50
2011.03.22 01:09:29.548,1.63031,1.63054,2.63,3.00
2011.03.22 01:09:29.988,1.63036,1.63054,1.13,2.25
2011.03.22 01:09:30.426,1.63036,1.63056,1.50,2.40
2011.03.22 01:09:30.647,1.63036,1.63056,1.50,2.40
2011.03.22 01:09:31.196,1.63034,1.63056,1.50,2.40
2011.03.22 01:09:31.946,1.63034,1.63056,1.50,2.40
2011.03.22 01:09:33.106,1.63034,1.63056,1.50,2.40
2011.03.22 01:09:33.989,1.63034,1.63056,2.25,2.40
2011.03.22 01:09:34.488,1.63031,1.63053,2.63,2.25
2011.03.22 01:09:35.367,1.63031,1.63056,2.63,3.54
2011.03.22 01:09:36.135,1.63031,1.63056,1.13,4.44
2011.03.22 01:09:36.736,1.63031,1.63056,1.13,4.44
2011.03.22 01:09:37.498,1.6304,1.63056,1.47,1.44
2011.03.22 01:09:37.720,1.6304,1.63056,2.25,1.24
2011.03.22 01:09:37.949,1.63033,1.63056,1.84,1.48
2011.03.22 01:09:38.497,1.63033,1.63056,1.09,2.14
2011.03.22 01:09:39.708,1.63034,1.63056,2.25,1.73
2011.03.22 01:09:40.856,1.63035,1.63057,1.50,1.65
2011.03.22 01:09:41.468,1.63035,1.63057,1.50,1.65
2011.03.22 01:09:42.007,1.63034,1.63056,1.50,1.05
2011.03.22 01:09:43.400,1.63034,1.63057,1.50,1.73
2011.03.22 01:09:43.915,1.63034,1.63057,1.50,2.48
2011.03.22 01:09:44.748,1.63034,1.63057,1.50,1.65
2011.03.22 01:09:46.507,1.63034,1.63056,1.50,2.40
2011.03.22 01:09:47.057,1.63034,1.63056,1.50,2.40
2011.03.22 01:09:49.319,1.63034,1.63057,1.50,1.65
2011.03.22 01:09:49.868,1.63034,1.63057,1.50,1.65
2011.03.22 01:09:50.307,1.63038,1.63057,1.50,1.65
2011.03.22 01:09:50.637,1.63038,1.6306,1.50,3.15
2011.03.22 01:09:51.076,1.63038,1.6306,1.50,3.15
2011.03.22 01:09:52.087,1.63038,1.63058,1.50,2.40
2011.03.22 01:09:54.647,1.63038,1.63061,1.50,2.40
2011.03.22 01:09:55.199,1.63038,1.63059,1.50,2.44
2011.03.22 01:09:55.733,1.63038,1.63057,1.50,2.25
2011.03.22 01:09:55.959,1.63038,1.63056,1.50,1.13
2011.03.22 01:09:56.727,1.63038,1.63057,1.50,1.05
2011.03.22 01:09:57.636,1.63038,1.63056,1.50,1.05
2011.03.22 01:09:58.606,1.63038,1.63057,1.50,1.05
2011.03.22 01:09:59.708,1.63039,1.63059,1.50,2.67
2011.03.22 01:10:00.256,1.6304,1.63059,1.50,2.40
2011.03.22 01:10:01.567,1.63038,1.63059,3.00,2.40
2011.03.22 01:10:02.706,1.63038,1.63062,2.25,1.65
2011.03.22 01:10:03.476,1.63038,1.6306,2.25,2.40
2011.03.22 01:10:04.026,1.63038,1.6306,2.25,2.40
2011.03.22 01:10:10.687,1.63038,1.6306,2.25,4.17
2011.03.22 01:10:14.420,1.63038,1.6306,1.50,4.22
2011.03.22 01:10:14.976,1.63038,1.6306,1.50,3.98
2011.03.22 01:10:15.526,1.63038,1.6306,1.50,3.98
2011.03.22 01:10:16.186,1.63038,1.6306,1.50,4.22
2011.03.22 01:10:16.716,1.63038,1.6306,1.50,4.22
2011.03.22 01:10:17.317,1.63038,1.6306,1.50,4.22
2011.03.22 01:10:20.105,1.63038,1.6306,1.50,3.98
2011.03.22 01:10:20.687,1.63038,1.6306,1.50,3.98
2011.03.22 01:10:24.627,1.63038,1.6306,1.50,3.98
2011.03.22 01:10:26.936,1.63038,1.6306,1.50,3.98
2011.03.22 01:10:32.447,1.63038,1.6306,1.50,3.98
2011.03.22 01:10:34.445,1.63038,1.6306,1.50,3.98
2011.03.22 01:10:35.219,1.63038,1.6306,1.50,3.98
2011.03.22 01:10:35.756,1.63038,1.6306,1.50,3.98
2011.03.22 01:10:36.306,1.63038,1.6306,1.50,3.98
2011.03.22 01:10:36.966,1.63038,1.6306,1.50,3.98
2011.03.22 01:10:37.517,1.63038,1.6306,1.50,3.98
2011.03.22 01:10:37.847,1.63038,1.6306,1.50,3.83
2011.03.22 01:10:38.396,1.63038,1.6306,1.50,2.25
2011.03.22 01:10:38.948,1.63038,1.63062,1.50,1.50
2011.03.22 01:10:39.807,1.63039,1.63062,1.50,2.25
2011.03.22 01:10:42.107,1.63039,1.6306,1.50,1.50
2011.03.22 01:10:43.456,1.63038,1.63061,1.50,2.25
2011.03.22 01:10:44.005,1.63038,1.63061,1.50,2.25
2011.03.22 01:10:44.555,1.63038,1.63061,1.50,2.25
2011.03.22 01:10:45.715,1.63038,1.63061,1.50,2.25
2011.03.22 01:10:46.289,1.63038,1.63061,1.50,2.25
2011.03.22 01:10:48.137,1.63039,1.63059,1.50,2.25
2011.03.22 01:10:48.467,1.63039,1.63059,1.50,2.25
2011.03.22 01:10:49.345,1.63039,1.63061,1.50,2.25
2011.03.22 01:10:49.896,1.63039,1.63061,1.50,2.25
2011.03.22 01:10:50.445,1.63039,1.63061,1.50,2.25
2011.03.22 01:10:52.085,1.63039,1.63059,1.50,2.25
2011.03.22 01:10:53.005,1.63039,1.63059,1.50,2.25
2011.03.22 01:10:53.658,1.63039,1.63059,1.50,2.25
2011.03.22 01:10:55.455,1.63038,1.63059,1.50,2.25
2011.03.22 01:10:56.015,1.63038,1.63059,1.50,2.25
2011.03.22 01:10:58.086,1.63038,1.63059,1.50,2.25
2011.03.22 01:11:00.585,1.63038,1.63059,1.50,2.25
2011.03.22 01:11:01.605,1.63038,1.63059,1.50,2.25
2011.03.22 01:11:02.486,1.63038,1.63059,1.50,2.25
2011.03.22 01:11:03.178,1.63038,1.63059,1.50,2.25
2011.03.22 01:11:15.337,1.63038,1.63059,1.50,2.25
2011.03.22 01:11:16.098,1.63038,1.63059,1.50,2.25
2011.03.22 01:11:17.107,1.63036,1.63058,1.50,1.50
2011.03.22 01:11:21.326,1.63034,1.63059,3.00,1.47
2011.03.22 01:11:21.769,1.63035,1.63059,3.00,1.71
2011.03.22 01:11:22.208,1.63035,1.63058,1.50,1.74
2011.03.22 01:11:23.176,1.63034,1.63058,3.08,1.74
2011.03.22 01:11:24.517,1.63034,1.63058,4.58,2.49
2011.03.22 01:11:25.145,1.63034,1.63058,3.08,2.49
2011.03.22 01:11:26.276,1.63034,1.63058,3.08,1.74
2011.03.22 01:11:26.826,1.63034,1.63059,4.50,3.21
2011.03.22 01:11:42.536,1.63034,1.63057,3.00,1.50
2011.03.22 01:11:43.195,1.63032,1.63058,3.00,2.49
2011.03.22 01:11:43.746,1.63033,1.63058,2.25,2.49
2011.03.22 01:11:44.577,1.63034,1.63059,1.58,2.87
2011.03.22 01:11:45.733,1.63039,1.63061,1.50,4.14
2011.03.22 01:11:50.295,1.63039,1.63062,1.50,1.50
2011.03.22 01:11:51.186,1.63039,1.63062,1.50,1.50
2011.03.22 01:11:52.177,1.6304,1.63062,2.25,1.50
2011.03.22 01:11:53.057,1.63046,1.63064,3.52,2.12
2011.03.22 01:11:53.416,1.63047,1.63062,1.88,1.50
2011.03.22 01:11:53.527,1.63049,1.63062,1.50,1.50
2011.03.22 01:11:54.077,1.63049,1.63066,2.25,2.49
2011.03.22 01:11:54.600,1.63049,1.63066,2.25,2.49
2011.03.22 01:11:55.377,1.63049,1.63066,2.25,2.49
2011.03.22 01:11:55.817,1.63046,1.63066,2.25,2.49
2011.03.22 01:11:56.367,1.63047,1.63066,1.50,2.25
2011.03.22 01:11:56.699,1.6305,1.63066,1.13,1.50
2011.03.22 01:11:56.810,1.63051,1.63066,1.13,1.50
2011.03.22 01:11:57.029,1.63052,1.6307,1.50,1.50
2011.03.22 01:11:57.247,1.63057,1.63077,1.50,1.89
2011.03.22 01:11:57.469,1.63058,1.63077,1.50,1.65
2011.03.22 01:11:57.786,1.6306,1.63082,1.50,3.24
2011.03.22 01:11:58.123,1.63063,1.63082,1.50,2.25
2011.03.22 01:11:58.678,1.6307,1.6309,1.50,3.08
2011.03.22 01:11:59.230,1.63069,1.63089,2.25,1.88
2011.03.22 01:12:00.116,1.63069,1.63087,2.25,1.50
2011.03.22 01:12:00.559,1.63067,1.63082,1.50,1.50
2011.03.22 01:12:00.787,1.63067,1.63082,1.50,1.50
2011.03.22 01:12:01.118,1.63066,1.63082,1.50,1.50
2011.03.22 01:12:02.243,1.63065,1.63082,2.25,1.50
2011.03.22 01:12:02.797,1.63066,1.63082,1.50,1.50
2011.03.22 01:12:04.368,1.63065,1.63082,2.25,1.50
2011.03.22 01:12:05.027,1.63066,1.63082,1.50,1.50
2011.03.22 01:12:05.581,1.63065,1.63082,2.25,1.50
2011.03.22 01:12:05.920,1.63067,1.63088,2.25,2.25
2011.03.22 01:12:07.228,1.63069,1.63089,1.50,1.50
2011.03.22 01:12:07.996,1.63073,1.63092,1.50,1.50
2011.03.22 01:12:12.600,1.63073,1.63089,1.50,1.13
2011.03.22 01:12:13.158,1.6307,1.63089,1.50,1.13
2011.03.22 01:12:13.707,1.6307,1.63089,1.88,1.13
2011.03.22 01:12:14.256,1.6307,1.63089,1.50,1.13
2011.03.22 01:12:14.608,1.6307,1.63089,1.50,1.13
2011.03.22 01:12:15.516,1.6307,1.63089,1.50,1.13
2011.03.22 01:12:16.067,1.6307,1.63089,1.50,1.13
2011.03.22 01:12:16.951,1.63073,1.63092,1.50,1.50
2011.03.22 01:12:17.069,1.63074,1.63096,1.50,1.20
2011.03.22 01:12:17.618,1.63076,1.63096,2.63,1.20
2011.03.22 01:12:17.908,1.63076,1.63096,1.50,1.20
2011.03.22 01:12:18.022,1.63075,1.63096,2.25,1.20
2011.03.22 01:12:18.247,1.63075,1.63096,1.50,1.20
2011.03.22 01:12:18.357,1.63076,1.63096,1.50,1.20
2011.03.22 01:12:18.797,1.63076,1.63096,1.50,1.20
2011.03.22 01:12:19.346,1.63076,1.63096,1.50,1.20
2011.03.22 01:12:20.007,1.63076,1.63096,1.50,1.20
2011.03.22 01:12:20.516,1.63076,1.63096,1.50,1.20
2011.03.22 01:12:21.208,1.63076,1.63091,1.50,1.88
2011.03.22 01:12:21.429,1.63071,1.63091,1.88,3.99
2011.03.22 01:12:21.538,1.63074,1.63091,1.50,2.49
2011.03.22 01:12:22.092,1.63073,1.63094,1.13,1.13
2011.03.22 01:12:22.978,1.63074,1.63094,2.25,1.13
2011.03.22 01:12:23.198,1.63074,1.63095,2.25,1.13
2011.03.22 01:12:23.418,1.63074,1.63096,2.25,1.20
2011.03.22 01:12:23.955,1.63074,1.63094,1.50,1.13
2011.03.22 01:12:24.290,1.63073,1.63094,2.63,1.13
2011.03.22 01:12:25.618,1.63071,1.63092,2.25,1.50
2011.03.22 01:12:26.167,1.63069,1.63089,1.50,1.13
2011.03.22 01:12:27.047,1.63069,1.63089,1.50,1.13
2011.03.22 01:12:27.619,1.63069,1.63089,1.50,1.13
2011.03.22 01:12:29.737,1.63069,1.63089,1.50,1.28
2011.03.22 01:12:29.962,1.63068,1.63086,1.50,1.65
2011.03.22 01:12:30.302,1.63063,1.63081,2.25,1.50
2011.03.22 01:12:30.651,1.63055,1.63074,2.25,1.37
2011.03.22 01:12:30.878,1.63052,1.63072,2.25,1.74
2011.03.22 01:12:31.099,1.63052,1.63071,2.25,2.49
2011.03.22 01:12:31.547,1.6305,1.63071,3.75,1.74
2011.03.22 01:12:32.247,1.6305,1.63071,3.75,1.74
2011.03.22 01:12:32.901,1.6305,1.63071,2.25,1.74
2011.03.22 01:12:33.022,1.6305,1.63071,2.25,1.74
2011.03.22 01:12:35.448,1.63056,1.63071,1.88,1.74
2011.03.22 01:12:35.558,1.63058,1.63071,1.50,1.50
2011.03.22 01:12:35.668,1.63058,1.63076,1.50,2.49
2011.03.22 01:12:35.779,1.63054,1.63076,1.50,2.49
2011.03.22 01:12:36.328,1.63051,1.63076,1.88,3.39
2011.03.22 01:12:37.096,1.63051,1.63074,1.13,1.74
2011.03.22 01:12:37.537,1.6305,1.63074,1.50,2.12
2011.03.22 01:12:40.698,1.63053,1.63074,1.50,1.50
2011.03.22 01:12:41.028,1.63053,1.63074,1.50,1.50
2011.03.22 01:12:41.908,1.63051,1.63074,1.88,1.50
2011.03.22 01:12:42.239,1.63054,1.63074,1.50,1.50
2011.03.22 01:12:42.567,1.63054,1.63076,1.50,1.89
2011.03.22 01:12:43.338,1.63055,1.63076,1.50,1.89
2011.03.22 01:12:45.677,1.63055,1.63078,3.00,1.50
2011.03.22 01:12:54.198,1.63059,1.63079,2.25,1.13
2011.03.22 01:12:55.191,1.63059,1.63079,2.25,1.13
2011.03.22 01:12:56.077,1.63059,1.63079,2.25,1.13
2011.03.22 01:12:56.519,1.63059,1.63081,1.50,2.25
2011.03.22 01:12:56.961,1.63064,1.63082,2.25,1.50
2011.03.22 01:12:57.544,1.63065,1.63082,2.25,1.50
2011.03.22 01:13:00.626,1.63065,1.63082,2.25,1.50
2011.03.22 01:13:01.617,1.63065,1.63082,2.25,1.50
2011.03.22 01:13:02.439,1.63065,1.63082,2.25,1.50
2011.03.22 01:13:06.092,1.63061,1.6308,2.25,1.47
2011.03.22 01:13:06.648,1.63066,1.63088,1.50,2.49
2011.03.22 01:13:06.980,1.63078,1.63093,1.50,2.53
2011.03.22 01:13:07.099,1.63078,1.63093,1.50,1.88
2011.03.22 01:13:07.318,1.63078,1.63099,1.50,1.22
2011.03.22 01:13:08.108,1.6308,1.63098,1.50,1.73
2011.03.22 01:13:08.327,1.63078,1.63098,4.50,1.73
2011.03.22 01:13:08.549,1.63075,1.63097,1.50,1.73
2011.03.22 01:13:09.097,1.63074,1.63098,1.50,1.73
2011.03.22 01:13:09.867,1.63074,1.63097,1.50,1.32
2011.03.22 01:13:11.168,1.63071,1.63089,4.50,1.13
2011.03.22 01:13:11.498,1.63072,1.6309,2.25,1.74
2011.03.22 01:13:11.719,1.63071,1.63094,2.25,1.37
2011.03.22 01:13:12.501,1.63074,1.63096,1.50,1.13
2011.03.22 01:13:13.388,1.63075,1.63096,1.50,1.13
2011.03.22 01:13:13.937,1.63075,1.63099,1.50,1.54
2011.03.22 01:13:16.657,1.63075,1.63099,1.50,1.54
2011.03.22 01:13:17.154,1.63078,1.63099,1.50,1.54
2011.03.22 01:13:17.710,1.63075,1.63099,1.50,1.54
2011.03.22 01:13:18.162,1.63074,1.63098,1.50,1.22
2011.03.22 01:13:18.697,1.63074,1.63098,1.50,1.22
2011.03.22 01:13:19.246,1.63074,1.63098,1.50,1.22
2011.03.22 01:13:21.296,1.63074,1.63098,1.50,1.22
2011.03.22 01:13:21.848,1.63074,1.63098,1.50,1.22
2011.03.22 01:13:22.407,1.63074,1.63098,1.50,1.22
2011.03.22 01:13:22.963,1.63074,1.63098,1.50,1.22
2011.03.22 01:13:24.413,1.63074,1.63099,1.50,1.37
2011.03.22 01:13:24.969,1.63078,1.631,1.50,1.97
2011.03.22 01:13:25.524,1.63077,1.63099,1.50,1.32
2011.03.22 01:13:28.227,1.63075,1.63099,2.25,1.32
2011.03.22 01:13:28.777,1.63075,1.63099,1.50,1.32
2011.03.22 01:13:29.436,1.63075,1.63099,1.50,1.32
2011.03.22 01:13:30.696,1.63075,1.63099,1.50,1.37
2011.03.22 01:13:31.030,1.63074,1.63096,2.25,1.20
2011.03.22 01:13:31.468,1.63073,1.63096,1.50,2.94
2011.03.22 01:13:32.021,1.63071,1.63094,1.50,1.37
2011.03.22 01:13:33.240,1.63071,1.63095,1.88,1.50
2011.03.22 01:13:33.577,1.63071,1.63096,1.13,1.20
2011.03.22 01:13:34.019,1.63071,1.63096,3.38,1.13
2011.03.22 01:13:34.568,1.63074,1.63099,1.50,1.28
2011.03.22 01:13:35.117,1.63073,1.63099,2.25,1.28
2011.03.22 01:13:35.779,1.63074,1.63099,1.50,1.28
2011.03.22 01:13:36.329,1.63078,1.63099,1.50,1.28
2011.03.22 01:13:37.867,1.63079,1.63099,1.50,1.28
2011.03.22 01:13:38.526,1.6308,1.63099,1.50,1.28
2011.03.22 01:13:39.064,1.63079,1.63099,1.50,1.28
2011.03.22 01:13:39.606,1.63078,1.63099,1.50,1.28
2011.03.22 01:13:40.156,1.63079,1.63099,1.50,1.28
2011.03.22 01:13:40.707,1.63078,1.63099,1.50,1.28
2011.03.22 01:13:42.768,1.63077,1.63099,1.50,1.47
2011.03.22 01:13:42.877,1.63077,1.63096,1.50,1.65
2011.03.22 01:13:44.180,1.63077,1.63096,1.50,1.65
2011.03.22 01:13:44.727,1.63077,1.63096,1.50,1.50
2011.03.22 01:13:45.278,1.63077,1.63099,1.50,2.12
2011.03.22 01:13:45.830,1.63072,1.63094,1.50,1.13
2011.03.22 01:13:46.387,1.63071,1.63094,1.50,1.13
2011.03.22 01:13:47.266,1.63071,1.63094,1.50,1.37
2011.03.22 01:13:49.137,1.6307,1.63094,2.25,1.37
2011.03.22 01:13:49.468,1.6307,1.63093,1.50,1.74
2011.03.22 01:13:50.349,1.63068,1.63089,1.50,1.13
2011.03.22 01:13:51.274,1.63067,1.63089,3.00,1.13
2011.03.22 01:13:51.720,1.63067,1.63092,3.00,1.50
2011.03.22 01:13:52.277,1.63067,1.63092,2.25,1.50
2011.03.22 01:13:52.498,1.63067,1.63092,3.00,1.50
2011.03.22 01:13:53.048,1.63071,1.63089,1.50,1.13
2011.03.22 01:13:53.379,1.63072,1.63092,2.25,1.50
2011.03.22 01:13:54.040,1.63077,1.63096,1.50,2.48
2011.03.22 01:13:54.598,1.63077,1.63096,1.50,2.87
2011.03.22 01:13:54.927,1.63077,1.63096,1.50,1.73
2011.03.22 01:13:55.257,1.63077,1.63096,1.50,3.47
2011.03.22 01:13:56.797,1.63075,1.63096,1.50,3.47
2011.03.22 01:13:57.238,1.63071,1.63094,1.13,1.50
2011.03.22 01:13:57.462,1.63069,1.63089,2.25,1.13
2011.03.22 01:13:57.690,1.63068,1.63079,1.50,1.13
2011.03.22 01:13:58.087,1.63067,1.6308,1.50,1.50
2011.03.22 01:13:58.201,1.63067,1.6308,1.50,1.47
2011.03.22 01:13:59.087,1.63062,1.63076,1.50,1.09
2011.03.22 01:13:59.197,1.63059,1.63076,2.25,1.09
2011.03.22 01:14:02.017,1.63059,1.63076,2.25,1.09
2011.03.22 01:14:02.610,1.63059,1.63076,1.50,1.63
2011.03.22 01:14:02.728,1.63049,1.63062,2.25,1.50
2011.03.22 01:14:02.838,1.63047,1.63062,1.13,1.50
2011.03.22 01:14:02.952,1.63051,1.6306,1.50,1.50
2011.03.22 01:14:03.071,1.63055,1.63061,1.50,1.50
2011.03.22 01:14:03.301,1.63056,1.63075,1.58,1.74
2011.03.22 01:14:03.418,1.63061,1.63078,1.50,3.24
2011.03.22 01:14:04.300,1.6307,1.63083,1.50,2.49
2011.03.22 01:14:04.638,1.63065,1.63077,1.50,1.09
2011.03.22 01:14:04.968,1.63061,1.63076,1.50,1.09
2011.03.22 01:14:07.057,1.63061,1.63076,1.50,1.09
2011.03.22 01:14:07.278,1.63058,1.63076,1.50,1.09
2011.03.22 01:14:08.706,1.63056,1.63076,2.25,1.09
2011.03.22 01:14:09.758,1.63056,1.63076,2.25,1.09
2011.03.22 01:14:10.537,1.63056,1.63076,1.50,1.09
2011.03.22 01:14:11.066,1.63056,1.63076,1.50,1.09
2011.03.22 01:14:11.900,1.63056,1.63076,1.50,1.09
2011.03.22 01:14:12.560,1.63056,1.63076,1.50,1.09
2011.03.22 01:14:13.240,1.63056,1.63076,1.50,1.09
2011.03.22 01:14:14.707,1.63056,1.63076,1.50,1.09
2011.03.22 01:14:15.256,1.63056,1.63076,1.50,1.09
2011.03.22 01:14:24.287,1.63056,1.63077,1.50,1.69
2011.03.22 01:14:24.838,1.63056,1.63077,1.50,1.69
2011.03.22 01:14:25.608,1.63056,1.63078,1.50,1.69
2011.03.22 01:14:26.240,1.63056,1.63078,1.50,1.69
2011.03.22 01:14:26.907,1.63056,1.63079,1.50,2.07
2011.03.22 01:14:27.678,1.63056,1.63079,1.50,1.32
2011.03.22 01:14:28.806,1.63057,1.63079,2.25,1.32
2011.03.22 01:14:29.657,1.63057,1.63079,2.25,1.32
2011.03.22 01:14:31.447,1.63057,1.63079,2.25,1.32
2011.03.22 01:14:32.086,1.63057,1.63079,2.25,1.32
2011.03.22 01:14:32.649,1.63057,1.63079,2.25,1.32
2011.03.22 01:14:33.308,1.63057,1.63079,2.25,1.32
2011.03.22 01:14:34.060,1.63057,1.63078,2.25,1.69
2011.03.22 01:14:34.398,1.63057,1.63077,2.25,1.18
2011.03.22 01:14:34.618,1.63057,1.63077,2.25,1.14
2011.03.22 01:14:38.338,1.63057,1.63077,1.50,1.89
2011.03.22 01:14:38.559,1.63052,1.63069,3.00,1.13
2011.03.22 01:14:38.669,1.63053,1.63069,1.50,1.13
2011.03.22 01:14:38.779,1.63049,1.63066,2.25,1.74
2011.03.22 01:14:39.328,1.63051,1.63064,1.50,1.88
2011.03.22 01:14:39.658,1.63046,1.63062,2.25,2.22
2011.03.22 01:14:39.878,1.63046,1.63059,2.25,1.13
2011.03.22 01:14:41.528,1.63045,1.63061,2.25,2.46
2011.03.22 01:14:41.749,1.63045,1.63062,2.25,1.50
2011.03.22 01:14:41.968,1.63046,1.63062,2.25,1.50
2011.03.22 01:14:42.846,1.63046,1.63062,2.25,1.50
2011.03.22 01:14:43.776,1.63046,1.63062,2.25,1.50
2011.03.22 01:14:44.640,1.63046,1.63062,2.25,1.50
2011.03.22 01:14:44.979,1.63051,1.63068,2.25,3.62
2011.03.22 01:14:45.089,1.63051,1.63068,2.25,2.25
2011.03.22 01:14:45.308,1.63053,1.63071,2.25,1.50
2011.03.22 01:14:46.949,1.63053,1.63071,2.25,1.50
2011.03.22 01:14:47.497,1.63053,1.63071,2.25,1.50
2011.03.22 01:14:48.048,1.63053,1.63071,2.25,1.50
2011.03.22 01:14:48.797,1.63053,1.63071,2.25,1.50
2011.03.22 01:14:49.577,1.63053,1.63071,2.25,1.50
2011.03.22 01:14:50.349,1.63053,1.63073,2.25,1.09
2011.03.22 01:14:50.457,1.63053,1.63073,2.25,1.09
2011.03.22 01:14:51.228,1.63053,1.63072,2.25,1.13
2011.03.22 01:14:51.887,1.63051,1.63069,2.25,1.13
2011.03.22 01:14:54.297,1.63051,1.63072,2.25,1.50
2011.03.22 01:14:54.626,1.63051,1.63072,2.25,1.50
2011.03.22 01:14:56.726,1.63051,1.63072,2.25,1.50
2011.03.22 01:14:57.426,1.63051,1.63072,2.25,1.50
2011.03.22 01:14:58.047,1.63051,1.63073,2.25,2.25
2011.03.22 01:14:58.487,1.63051,1.63076,2.63,2.49
2011.03.22 01:14:59.257,1.63053,1.63079,2.25,3.62
2011.03.22 01:14:59.778,1.63053,1.63079,2.25,3.62
2011.03.22 01:15:01.358,1.63053,1.63079,2.25,2.87
2011.03.22 01:15:02.499,1.63053,1.63079,2.25,2.87
2011.03.22 01:15:03.049,1.63051,1.63075,1.13,1.74
2011.03.22 01:15:03.598,1.63051,1.63075,2.63,1.74
2011.03.22 01:15:04.181,1.63053,1.63075,2.25,1.74
2011.03.22 01:15:07.907,1.63053,1.63076,2.25,2.72
2011.03.22 01:15:08.567,1.63057,1.63077,1.50,1.73
2011.03.22 01:15:09.117,1.6306,1.63078,1.50,1.74
2011.03.22 01:15:24.049,1.63053,1.63075,2.25,1.74
2011.03.22 01:15:29.389,1.63053,1.63076,2.25,3.24
2011.03.22 01:15:35.240,1.63054,1.63075,2.25,1.74
2011.03.22 01:15:35.817,1.63054,1.63075,2.25,1.74
2011.03.22 01:15:37.276,1.63054,1.63075,2.25,1.74
2011.03.22 01:15:37.820,1.63054,1.63075,2.25,1.74
2011.03.22 01:15:38.364,1.63054,1.63075,2.25,1.74
2011.03.22 01:15:38.917,1.63054,1.63075,2.25,1.74
2011.03.22 01:15:41.409,1.63054,1.63075,2.25,1.74
2011.03.22 01:15:41.847,1.63051,1.63074,2.63,2.49
2011.03.22 01:15:45.009,1.6305,1.63066,1.13,1.38
2011.03.22 01:15:45.120,1.63049,1.63066,3.75,2.43
2011.03.22 01:15:45.229,1.63049,1.63066,3.75,1.43
2011.03.22 01:15:45.449,1.63048,1.63066,1.50,1.43
2011.03.22 01:15:45.776,1.63045,1.63066,1.50,2.42
2011.03.22 01:15:50.666,1.63045,1.63066,2.25,2.42
2011.03.22 01:15:51.327,1.63045,1.63067,2.25,2.83
2011.03.22 01:15:51.657,1.63045,1.63067,2.25,2.59
2011.03.22 01:15:53.666,1.63046,1.63067,2.25,2.59
2011.03.22 01:15:54.647,1.63051,1.63067,1.13,2.59
2011.03.22 01:15:54.979,1.63051,1.63071,1.13,2.49
2011.03.22 01:15:55.969,1.6305,1.63071,1.13,1.50
2011.03.22 01:15:56.997,1.63051,1.63071,1.13,1.50
2011.03.22 01:15:57.519,1.6305,1.63071,1.13,1.50
2011.03.22 01:15:58.210,1.63051,1.63071,1.13,1.50
2011.03.22 01:16:00.296,1.6305,1.63071,1.13,1.50
2011.03.22 01:16:00.847,1.63051,1.63071,1.13,1.50
2011.03.22 01:16:01.617,1.63051,1.63071,1.13,1.50
2011.03.22 01:16:07.226,1.63051,1.63071,1.13,1.50
2011.03.22 01:16:09.208,1.63051,1.63071,2.63,1.50
2011.03.22 01:16:09.867,1.63051,1.63071,3.38,1.50
2011.03.22 01:16:10.417,1.63051,1.63071,3.38,1.50
2011.03.22 01:16:15.468,1.6305,1.63071,2.25,1.50
2011.03.22 01:16:16.017,1.6305,1.63071,2.25,1.50
2011.03.22 01:16:27.366,1.6305,1.63071,2.25,1.50
2011.03.22 01:16:27.988,1.6305,1.63071,2.25,1.50
2011.03.22 01:16:33.668,1.6305,1.63071,2.25,1.50
2011.03.22 01:16:34.988,1.6305,1.63071,2.25,1.50
2011.03.22 01:16:35.536,1.63051,1.63071,2.25,2.25
2011.03.22 01:16:36.086,1.63048,1.63071,3.30,2.25
2011.03.22 01:16:41.409,1.63048,1.63069,3.00,1.50
2011.03.22 01:16:42.098,1.63048,1.63069,3.00,1.50
2011.03.22 01:16:42.758,1.63048,1.63069,3.00,1.50
2011.03.22 01:16:43.877,1.63048,1.63069,3.00,1.50
2011.03.22 01:16:44.432,1.63048,1.63069,3.00,1.50
2011.03.22 01:17:00.568,1.63048,1.63069,1.50,1.50
2011.03.22 01:17:01.447,1.63049,1.63072,2.25,2.25
2011.03.22 01:17:16.985,1.63048,1.63072,3.00,3.00
2011.03.22 01:17:19.358,1.63048,1.63069,3.00,1.50
2011.03.22 01:17:19.907,1.63048,1.63071,3.00,2.25
2011.03.22 01:17:20.237,1.63048,1.63069,3.00,1.50
2011.03.22 01:17:22.087,1.63048,1.63069,3.00,1.50
2011.03.22 01:17:22.638,1.63048,1.63069,1.50,1.50
2011.03.22 01:17:23.186,1.63048,1.63069,1.50,1.50
2011.03.22 01:17:27.787,1.63048,1.63069,1.50,1.50
2011.03.22 01:17:28.337,1.63048,1.63069,1.50,1.50
2011.03.22 01:17:28.666,1.63048,1.63069,1.50,1.50
2011.03.22 01:17:28.997,1.63048,1.63069,1.50,1.50
2011.03.22 01:17:31.267,1.63048,1.63069,1.50,1.50
2011.03.22 01:17:32.039,1.63048,1.63069,1.50,1.65
2011.03.22 01:17:32.367,1.63048,1.63069,1.50,1.84
2011.03.22 01:17:32.917,1.63048,1.63071,1.50,2.25
2011.03.22 01:17:34.446,1.63048,1.63071,1.50,2.25
2011.03.22 01:17:37.279,1.63048,1.63071,1.50,2.25
2011.03.22 01:17:45.038,1.63048,1.63071,1.50,1.50
2011.03.22 01:17:46.026,1.63048,1.63071,1.50,1.50
2011.03.22 01:17:46.606,1.63048,1.63071,1.50,1.50
2011.03.22 01:17:47.720,1.63048,1.63071,1.50,2.25
2011.03.22 01:17:48.397,1.63048,1.63071,1.50,1.50
2011.03.22 01:17:48.929,1.63048,1.63071,3.00,2.25
2011.03.22 01:17:49.476,1.63048,1.63071,3.00,1.50
2011.03.22 01:17:53.506,1.63048,1.63071,3.00,2.25
2011.03.22 01:17:54.058,1.63048,1.63071,3.00,1.50
2011.03.22 01:17:55.329,1.6305,1.63071,2.25,1.50
2011.03.22 01:17:55.987,1.63049,1.63071,2.25,1.50
2011.03.22 01:17:57.798,1.63048,1.63071,1.50,1.50
2011.03.22 01:18:00.658,1.6305,1.63072,2.25,1.50
2011.03.22 01:18:01.796,1.6305,1.63072,2.25,2.25
2011.03.22 01:18:05.227,1.63048,1.63072,3.00,1.50
2011.03.22 01:18:06.269,1.63048,1.63071,3.00,1.50
2011.03.22 01:18:11.518,1.63048,1.63072,3.00,1.74
2011.03.22 01:18:12.173,1.63048,1.63072,3.00,1.50
2011.03.22 01:18:17.557,1.63048,1.63072,1.50,1.50
2011.03.22 01:18:18.155,1.63048,1.63072,1.50,1.50
2011.03.22 01:18:35.866,1.63048,1.63071,1.50,1.50
2011.03.22 01:18:36.416,1.63048,1.63071,1.50,1.50
2011.03.22 01:18:40.418,1.63048,1.63072,1.50,1.50
2011.03.22 01:18:40.969,1.63049,1.63072,2.25,1.50
2011.03.22 01:18:41.637,1.63049,1.63072,3.75,1.50
2011.03.22 01:18:42.517,1.6305,1.63072,2.25,1.50
2011.03.22 01:18:42.848,1.6305,1.63072,2.25,1.84
2011.03.22 01:18:43.397,1.63051,1.63072,1.50,1.84
2011.03.22 01:18:44.377,1.63051,1.63072,1.50,1.84
2011.03.22 01:18:44.927,1.63051,1.63072,1.50,1.84
2011.03.22 01:18:45.556,1.63051,1.63072,1.50,1.84
2011.03.22 01:18:45.976,1.63051,1.63072,1.50,1.84
2011.03.22 01:18:46.526,1.63051,1.63072,1.50,1.84
2011.03.22 01:18:47.077,1.63051,1.63072,1.50,1.84
2011.03.22 01:18:47.836,1.63051,1.63072,1.50,1.84
2011.03.22 01:18:48.656,1.63051,1.63072,1.50,1.84
2011.03.22 01:18:49.206,1.63051,1.63072,1.50,1.84
2011.03.22 01:18:49.756,1.63051,1.63072,1.50,1.84
2011.03.22 01:18:50.306,1.63051,1.63072,1.50,1.84
2011.03.22 01:18:50.858,1.63057,1.63074,1.50,1.50
2011.03.22 01:18:50.970,1.63064,1.63078,1.50,1.50
2011.03.22 01:18:51.200,1.63067,1.63082,1.13,1.84
2011.03.22 01:18:51.638,1.63061,1.63083,1.13,1.50
2011.03.22 01:18:52.957,1.63061,1.63083,1.13,1.50
2011.03.22 01:18:53.618,1.63061,1.63083,1.13,1.50
2011.03.22 01:18:54.167,1.63058,1.63081,3.75,1.50
2011.03.22 01:18:58.508,1.63058,1.63081,3.75,1.50
2011.03.22 01:18:59.098,1.63058,1.63081,3.98,1.50
2011.03.22 01:18:59.426,1.63058,1.6308,1.50,1.74
2011.03.22 01:19:03.957,1.63058,1.63081,1.50,3.69
2011.03.22 01:19:04.957,1.63058,1.63081,1.50,3.69
2011.03.22 01:19:10.307,1.63058,1.63081,1.50,3.69
2011.03.22 01:19:18.627,1.63058,1.63081,1.50,3.69
2011.03.22 01:19:20.187,1.63058,1.63081,1.50,3.69
2011.03.22 01:19:20.738,1.63058,1.63081,1.50,3.69
2011.03.22 01:19:21.239,1.63058,1.63081,1.50,3.69
2011.03.22 01:19:21.909,1.63058,1.63081,1.50,3.69
2011.03.22 01:19:22.458,1.63058,1.63081,1.50,3.69
2011.03.22 01:19:25.514,1.63058,1.63081,1.50,3.69
2011.03.22 01:19:25.921,1.63056,1.63076,1.88,6.24
2011.03.22 01:19:26.042,1.63057,1.63076,1.50,6.24
2011.03.22 01:19:26.379,1.63055,1.63076,1.13,6.24
2011.03.22 01:19:26.927,1.63051,1.63073,1.88,1.50
2011.03.22 01:19:27.476,1.63051,1.63073,1.88,1.50
2011.03.22 01:19:28.077,1.63051,1.63073,1.88,1.50
2011.03.22 01:19:29.409,1.63051,1.63073,1.88,1.50
2011.03.22 01:19:29.956,1.63051,1.63073,1.88,1.50
2011.03.22 01:19:31.388,1.63051,1.63073,1.88,1.50
2011.03.22 01:19:31.937,1.63051,1.63073,1.88,1.50
2011.03.22 01:19:36.510,1.63058,1.63076,1.50,4.50
2011.03.22 01:19:36.849,1.63058,1.63076,1.50,4.50
2011.03.22 01:19:37.289,1.63058,1.63076,1.50,4.50
2011.03.22 01:19:49.948,1.63058,1.63076,1.50,4.13
2011.03.22 01:19:50.499,1.63058,1.63076,1.50,4.13
2011.03.22 01:19:52.148,1.63058,1.63076,1.50,3.38
2011.03.22 01:19:52.697,1.63058,1.63076,1.50,3.38
2011.03.22 01:20:00.877,1.63058,1.63076,2.25,3.38
2011.03.22 01:20:01.318,1.63058,1.63076,2.25,2.40
2011.03.22 01:20:02.247,1.63058,1.63076,1.50,2.40
2011.03.22 01:20:02.921,1.63058,1.63076,1.50,2.40
2011.03.22 01:20:03.929,1.63058,1.63076,1.50,2.40
2011.03.22 01:20:04.479,1.63057,1.63076,1.13,2.40
2011.03.22 01:20:06.158,1.63057,1.63076,1.13,2.40
2011.03.22 01:20:06.488,1.63056,1.6308,1.13,1.88
2011.03.22 01:20:06.598,1.63058,1.6308,1.50,1.88
2011.03.22 01:20:08.908,1.63058,1.6308,1.50,1.13
2011.03.22 01:20:09.458,1.63051,1.63077,4.13,2.40
2011.03.22 01:20:15.089,1.63051,1.63077,1.88,1.74
2011.03.22 01:20:15.578,1.63051,1.63077,1.88,1.74
2011.03.22 01:20:16.127,1.63058,1.63078,1.88,1.50
2011.03.22 01:20:16.680,1.6306,1.63078,1.13,1.50
2011.03.22 01:20:17.352,1.6306,1.63078,1.13,1.50
2011.03.22 01:20:18.018,1.6306,1.63078,1.13,1.50
2011.03.22 01:20:19.763,1.6306,1.63078,1.13,1.50
2011.03.22 01:20:20.818,1.6306,1.63078,1.13,1.50
2011.03.22 01:20:21.368,1.6306,1.63078,1.13,1.50
2011.03.22 01:20:22.807,1.6306,1.63078,1.13,1.50
2011.03.22 01:20:23.359,1.6306,1.63078,1.13,1.50
2011.03.22 01:20:23.952,1.6306,1.63078,1.13,1.50
2011.03.22 01:20:24.567,1.6306,1.63078,1.13,1.50
2011.03.22 01:20:29.884,1.6306,1.63078,1.13,1.50
2011.03.22 01:20:30.708,1.6306,1.63078,1.13,1.50
2011.03.22 01:20:32.770,1.63061,1.63081,1.13,1.50
2011.03.22 01:20:33.109,1.63066,1.63086,1.13,2.25
2011.03.22 01:20:33.657,1.63066,1.63086,1.13,1.50
2011.03.22 01:20:35.228,1.63066,1.63086,1.13,1.50
2011.03.22 01:20:37.168,1.63066,1.63086,1.13,1.50
2011.03.22 01:20:37.500,1.63071,1.63088,1.13,2.25
2011.03.22 01:20:37.611,1.63071,1.63086,1.13,1.50
2011.03.22 01:20:38.168,1.63071,1.63091,1.13,1.50
2011.03.22 01:20:38.499,1.63076,1.63091,1.13,1.50
2011.03.22 01:20:39.048,1.63078,1.63096,1.50,4.73
2011.03.22 01:20:39.590,1.63077,1.63096,1.50,4.73
2011.03.22 01:20:41.349,1.63078,1.63099,1.50,1.97
2011.03.22 01:20:41.569,1.63078,1.63096,1.50,1.13
2011.03.22 01:20:41.788,1.63079,1.63099,1.09,3.47
2011.03.22 01:20:42.337,1.63079,1.63099,1.09,1.97
2011.03.22 01:20:42.929,1.63079,1.63099,1.09,1.97
2011.03.22 01:20:43.718,1.63079,1.63096,1.09,1.13
2011.03.22 01:20:44.159,1.63079,1.63094,1.09,1.13
2011.03.22 01:20:44.270,1.63076,1.63092,3.00,2.25
2011.03.22 01:20:44.390,1.63072,1.63086,1.50,1.74
2011.03.22 01:20:44.510,1.63072,1.63086,1.50,1.74
2011.03.22 01:20:44.618,1.6307,1.63086,1.47,2.49
2011.03.22 01:20:44.839,1.63068,1.63081,1.50,2.49
2011.03.22 01:20:44.949,1.63061,1.63074,1.13,1.13
2011.03.22 01:20:45.170,1.63058,1.63074,1.50,1.13
2011.03.22 01:20:45.279,1.63056,1.63074,3.38,1.88
2011.03.22 01:20:45.828,1.63057,1.63077,1.13,1.89
2011.03.22 01:20:46.388,1.63057,1.63077,1.13,1.74
2011.03.22 01:20:46.827,1.63057,1.63076,1.13,3.24
2011.03.22 01:20:47.488,1.63059,1.63079,1.13,1.37
2011.03.22 01:20:48.389,1.63059,1.63081,1.13,3.24
2011.03.22 01:20:48.830,1.63061,1.63082,1.13,1.50
2011.03.22 01:20:49.160,1.63063,1.63085,1.13,1.50
2011.03.22 01:20:49.274,1.63068,1.63088,1.13,3.00
2011.03.22 01:20:49.553,1.63068,1.63088,1.13,1.50
2011.03.22 01:20:49.900,1.63065,1.63088,2.63,1.50
2011.03.22 01:20:50.131,1.63066,1.6309,1.50,1.50
2011.03.22 01:20:50.251,1.63066,1.63089,1.13,1.13
2011.03.22 01:20:50.588,1.63067,1.63086,1.13,1.50
2011.03.22 01:20:53.439,1.63067,1.63086,1.13,1.50
2011.03.22 01:20:54.008,1.63067,1.63086,1.13,1.50
2011.03.22 01:20:55.128,1.63067,1.63086,1.13,1.50
2011.03.22 01:20:57.247,1.63067,1.63086,1.13,1.50
2011.03.22 01:20:57.797,1.63065,1.63086,1.13,2.49
2011.03.22 01:21:09.977,1.63065,1.63086,1.13,3.24
2011.03.22 01:21:11.778,1.63061,1.63086,2.25,7.14
2011.03.22 01:21:12.557,1.63061,1.63086,2.25,7.14
2011.03.22 01:21:13.109,1.63061,1.63086,2.25,7.14
2011.03.22 01:21:13.910,1.63061,1.63086,2.25,7.14
2011.03.22 01:21:14.567,1.63061,1.63086,2.25,7.14
2011.03.22 01:21:15.523,1.63061,1.63086,2.25,7.14
2011.03.22 01:21:16.117,1.63061,1.63086,2.25,7.14
2011.03.22 01:21:16.676,1.63061,1.63086,2.25,7.14
2011.03.22 01:21:17.009,1.63061,1.63081,1.13,2.49
2011.03.22 01:21:17.339,1.6306,1.63076,1.09,1.50
2011.03.22 01:21:18.988,1.63057,1.63079,1.13,1.37
2011.03.22 01:21:19.591,1.63057,1.63079,1.13,1.37
2011.03.22 01:21:20.128,1.63057,1.63079,1.13,1.13
2011.03.22 01:21:20.458,1.63055,1.63074,2.63,1.13
2011.03.22 01:21:20.569,1.63055,1.63074,2.63,1.13
2011.03.22 01:21:27.750,1.63053,1.63073,3.00,1.50
2011.03.22 01:21:28.300,1.63052,1.63073,2.25,1.50
2011.03.22 01:21:32.258,1.63052,1.63073,2.25,1.50
2011.03.22 01:21:32.808,1.63052,1.63072,2.25,1.50
2011.03.22 01:21:33.358,1.63052,1.63073,2.25,1.50
2011.03.22 01:21:33.468,1.63052,1.63073,2.25,1.50
2011.03.22 01:21:34.018,1.63052,1.63073,2.25,1.50
2011.03.22 01:21:35.008,1.63052,1.63072,2.25,1.50
2011.03.22 01:21:35.810,1.63052,1.63073,2.25,1.50
2011.03.22 01:21:38.340,1.63052,1.63074,2.25,1.88
2011.03.22 01:21:42.629,1.63058,1.63078,1.50,2.12
2011.03.22 01:21:43.179,1.63057,1.63073,1.13,1.74
2011.03.22 01:21:43.823,1.63057,1.6307,1.13,1.13
2011.03.22 01:21:43.942,1.63048,1.63071,2.25,2.49
2011.03.22 01:21:44.499,1.63051,1.63076,1.13,7.29
2011.03.22 01:21:47.231,1.63051,1.63073,1.47,1.74
2011.03.22 01:21:49.379,1.63051,1.63073,1.47,1.50
2011.03.22 01:21:49.600,1.63051,1.63076,1.84,4.37
2011.03.22 01:21:51.909,1.63051,1.63076,1.84,2.48
2011.03.22 01:21:52.458,1.63051,1.63076,1.47,2.48
2011.03.22 01:21:53.227,1.63051,1.63076,1.47,2.48
2011.03.22 01:21:53.777,1.63051,1.63076,1.47,2.48
2011.03.22 01:21:58.357,1.63051,1.63076,1.47,2.25
2011.03.22 01:21:58.688,1.63058,1.63078,1.50,1.74
2011.03.22 01:21:59.238,1.63059,1.63078,1.09,1.50
2011.03.22 01:22:02.538,1.6306,1.6308,1.09,1.50
2011.03.22 01:22:03.750,1.63056,1.63073,1.50,1.50
2011.03.22 01:22:03.969,1.63052,1.63073,1.50,1.50
2011.03.22 01:22:04.392,1.63052,1.63069,1.50,1.50
2011.03.22 01:22:04.513,1.63047,1.63068,1.50,1.50
2011.03.22 01:22:05.178,1.63046,1.63068,1.13,1.74
2011.03.22 01:22:05.996,1.63046,1.63068,1.13,1.74
2011.03.22 01:22:06.547,1.63046,1.63068,1.13,1.74
2011.03.22 01:22:07.099,1.63046,1.63068,1.13,1.74
2011.03.22 01:22:08.197,1.63046,1.63068,1.13,1.74
2011.03.22 01:22:10.300,1.63047,1.63069,1.13,2.12
2011.03.22 01:22:10.957,1.63046,1.63068,1.13,1.74
2011.03.22 01:22:11.547,1.63046,1.63068,1.13,1.74
2011.03.22 01:22:12.568,1.63046,1.63068,1.13,1.74
2011.03.22 01:22:13.263,1.63046,1.63068,1.13,1.74
2011.03.22 01:22:14.198,1.63046,1.63069,2.63,2.12
2011.03.22 01:22:16.798,1.63046,1.63069,2.63,2.12
2011.03.22 01:22:17.588,1.63046,1.63068,1.13,1.74
2011.03.22 01:22:18.137,1.63046,1.63068,1.13,1.74
2011.03.22 01:22:20.627,1.63046,1.63068,1.13,1.74
2011.03.22 01:22:22.507,1.63046,1.63068,1.13,1.74
2011.03.22 01:22:23.111,1.63046,1.63068,1.13,1.74
2011.03.22 01:22:28.888,1.63046,1.63068,1.13,1.74
2011.03.22 01:22:30.618,1.63046,1.63068,1.13,1.74
2011.03.22 01:22:38.919,1.63045,1.63068,1.50,1.74
2011.03.22 01:22:51.037,1.63048,1.63071,1.50,1.50
2011.03.22 01:22:51.582,1.63048,1.63071,1.50,1.50
2011.03.22 01:23:04.869,1.63048,1.63068,1.50,1.50
2011.03.22 01:23:10.417,1.63047,1.63068,1.13,1.50
2011.03.22 01:23:18.368,1.63045,1.63068,4.13,1.50
2011.03.22 01:23:20.697,1.63045,1.63069,2.25,2.12
2011.03.22 01:23:23.258,1.63045,1.63069,1.50,2.12
2011.03.22 01:23:23.807,1.63045,1.63068,1.50,1.50
2011.03.22 01:23:24.357,1.63045,1.63068,1.50,1.50
2011.03.22 01:23:26.177,1.63045,1.63068,1.50,1.50
2011.03.22 01:23:33.057,1.63045,1.63067,1.50,1.50
2011.03.22 01:23:33.609,1.63057,1.63071,1.13,3.24
2011.03.22 01:23:33.830,1.6305,1.63068,1.13,1.50
2011.03.22 01:23:34.048,1.63055,1.63069,1.13,1.13
2011.03.22 01:23:34.268,1.6305,1.63068,1.50,1.50
2011.03.22 01:23:37.258,1.63047,1.63068,1.50,1.17
2011.03.22 01:23:37.807,1.63047,1.63068,1.50,1.17
2011.03.22 01:23:45.768,1.63045,1.63068,1.50,1.41
2011.03.22 01:23:47.038,1.63045,1.63068,1.50,1.41
2011.03.22 01:23:48.028,1.63045,1.63068,1.50,1.41
2011.03.22 01:23:48.578,1.63045,1.63068,1.50,1.41
2011.03.22 01:23:49.347,1.63045,1.63068,1.50,1.41
2011.03.22 01:23:49.910,1.63045,1.63068,1.50,1.41
2011.03.22 01:23:50.461,1.63045,1.63068,1.50,1.41
2011.03.22 01:23:51.088,1.63045,1.63068,1.50,1.41
2011.03.22 01:23:51.747,1.63045,1.63068,1.50,1.41
2011.03.22 01:23:52.307,1.63045,1.63068,1.50,1.41
2011.03.22 01:23:52.881,1.63045,1.63068,1.50,1.41
2011.03.22 01:23:53.947,1.63045,1.63068,1.50,1.41
2011.03.22 01:23:54.686,1.63045,1.63068,1.50,1.41
2011.03.22 01:23:55.240,1.63045,1.63068,1.50,1.41
2011.03.22 01:23:55.851,1.63045,1.63068,1.50,1.41
2011.03.22 01:23:56.687,1.63045,1.63068,1.50,1.74
2011.03.22 01:23:57.497,1.63045,1.63068,1.50,1.74
2011.03.22 01:23:58.926,1.63045,1.63068,1.50,1.74
2011.03.22 01:24:02.448,1.63048,1.63068,1.13,1.74
2011.03.22 01:24:23.169,1.63054,1.63069,1.13,1.37
2011.03.22 01:24:23.498,1.63052,1.63072,2.63,2.63
2011.03.22 01:24:24.047,1.63053,1.63072,1.13,1.88
2011.03.22 01:24:24.557,1.63053,1.63072,1.13,2.63
2011.03.22 01:24:25.111,1.63053,1.63072,1.13,1.88
2011.03.22 01:24:25.426,1.63053,1.63071,1.13,1.13
2011.03.22 01:24:25.648,1.63053,1.63072,1.13,1.13
2011.03.22 01:24:26.198,1.63053,1.63071,1.13,1.13
2011.03.22 01:24:26.818,1.63053,1.63072,1.13,1.88
2011.03.22 01:24:27.368,1.63053,1.63071,1.13,1.13
2011.03.22 01:24:28.138,1.63053,1.63072,1.13,1.13
2011.03.22 01:24:28.687,1.63053,1.63071,1.13,1.13
2011.03.22 01:24:29.457,1.63053,1.63072,1.13,1.88
2011.03.22 01:24:29.957,1.63053,1.63072,1.13,1.13
2011.03.22 01:24:30.127,1.63053,1.63071,1.13,1.13
2011.03.22 01:24:30.677,1.63053,1.63072,1.13,1.88
2011.03.22 01:24:31.280,1.63053,1.63071,1.13,1.13
2011.03.22 01:24:34.136,1.63053,1.63072,1.13,1.88
2011.03.22 01:24:34.686,1.63053,1.63071,1.13,1.13
2011.03.22 01:24:36.916,1.63053,1.63072,1.13,1.88
2011.03.22 01:24:37.507,1.63053,1.63071,1.13,1.13
2011.03.22 01:24:38.576,1.63053,1.63072,1.13,1.88
2011.03.22 01:24:39.117,1.63053,1.63071,1.13,1.13
2011.03.22 01:24:40.597,1.63053,1.63072,1.13,1.13
2011.03.22 01:24:41.147,1.63053,1.63072,1.13,1.88
2011.03.22 01:24:41.726,1.63053,1.63072,1.13,1.13
2011.03.22 01:24:42.276,1.63053,1.63072,1.13,1.13
2011.03.22 01:24:46.116,1.63051,1.63072,1.88,1.13
2011.03.22 01:24:47.317,1.63054,1.63072,1.13,1.13
2011.03.22 01:24:47.916,1.63053,1.63072,3.00,1.13
2011.03.22 01:24:48.487,1.63053,1.63072,3.00,1.13
2011.03.22 01:24:49.527,1.63053,1.63072,3.00,1.88
2011.03.22 01:24:50.749,1.63053,1.63074,3.00,2.25
2011.03.22 01:24:50.859,1.63053,1.63076,3.00,1.13
2011.03.22 01:24:50.970,1.63057,1.63077,1.50,1.50
2011.03.22 01:24:51.089,1.63057,1.63078,1.50,1.50
2011.03.22 01:24:51.419,1.63061,1.63079,1.50,1.50
2011.03.22 01:24:51.968,1.63061,1.63081,1.50,1.50
2011.03.22 01:24:54.217,1.63061,1.63081,1.50,1.50
2011.03.22 01:24:54.548,1.63065,1.63083,1.13,1.50
2011.03.22 01:24:55.099,1.63065,1.63083,1.13,1.50
2011.03.22 01:24:56.970,1.63065,1.63082,1.13,1.50
2011.03.22 01:24:57.520,1.6306,1.63078,1.13,1.50
2011.03.22 01:24:58.397,1.63054,1.63074,2.25,1.88
2011.03.22 01:24:59.061,1.63053,1.63073,1.13,1.50
2011.03.22 01:24:59.617,1.63053,1.63074,1.13,1.88
2011.03.22 01:25:01.027,1.63051,1.63074,3.75,1.88
2011.03.22 01:25:12.480,1.6305,1.63074,4.13,1.88
2011.03.22 01:25:13.691,1.6305,1.63073,4.13,1.50
2011.03.22 01:25:15.340,1.6305,1.63074,4.13,1.88
2011.03.22 01:25:18.608,1.6305,1.63073,4.13,1.50
2011.03.22 01:25:35.307,1.6305,1.63074,4.13,1.88
2011.03.22 01:25:35.638,1.6305,1.63069,1.13,1.13
2011.03.22 01:25:38.737,1.63048,1.63069,2.25,1.13
2011.03.22 01:25:40.728,1.6305,1.6307,1.13,1.13
2011.03.22 01:25:43.358,1.6305,1.63071,1.13,1.50
2011.03.22 01:25:43.907,1.63051,1.63071,1.09,1.50
2011.03.22 01:26:06.749,1.63051,1.63071,2.59,1.50
2011.03.22 01:26:07.298,1.63051,1.63072,1.09,1.50
2011.03.22 01:26:08.066,1.63051,1.63072,1.09,1.50
2011.03.22 01:26:08.617,1.63051,1.63072,1.09,1.50
2011.03.22 01:26:10.610,1.63051,1.63072,1.09,1.50
2011.03.22 01:26:11.197,1.63051,1.63072,1.09,1.50
2011.03.22 01:26:11.748,1.63051,1.63072,2.97,1.50
2011.03.22 01:26:12.478,1.63052,1.63072,2.25,1.50
2011.03.22 01:26:13.518,1.63052,1.63072,2.25,1.50
2011.03.22 01:26:14.286,1.63052,1.63072,2.25,1.50
2011.03.22 01:26:14.840,1.63053,1.63072,1.13,1.50
2011.03.22 01:26:15.167,1.63053,1.63072,1.13,1.50
2011.03.22 01:26:15.500,1.63052,1.63072,1.13,1.50
2011.03.22 01:26:25.517,1.63053,1.63072,1.13,1.50
2011.03.22 01:26:26.087,1.63053,1.63072,1.88,1.50
2011.03.22 01:26:26.890,1.63053,1.63072,1.88,1.50
2011.03.22 01:26:27.328,1.63057,1.63076,2.59,2.25
2011.03.22 01:26:27.877,1.63057,1.63076,2.59,1.50
2011.03.22 01:26:32.830,1.63057,1.63076,2.59,1.50
2011.03.22 01:26:33.455,1.63063,1.63076,1.09,1.50
2011.03.22 01:26:33.575,1.63066,1.63087,1.88,1.50
2011.03.22 01:26:33.689,1.63067,1.63087,1.13,2.25
2011.03.22 01:26:35.338,1.63067,1.63087,1.13,2.25
2011.03.22 01:26:35.888,1.63067,1.63086,2.63,1.74
2011.03.22 01:26:38.078,1.63065,1.63086,1.09,1.74
2011.03.22 01:26:38.522,1.63063,1.63081,2.63,1.50
2011.03.22 01:26:38.859,1.63059,1.63081,1.88,2.49
2011.03.22 01:26:38.970,1.63063,1.63081,1.50,2.49
2011.03.22 01:26:39.407,1.6306,1.63081,1.88,2.49
2011.03.22 01:26:41.348,1.6306,1.63081,1.88,2.49
2011.03.22 01:26:42.185,1.63058,1.63081,1.88,2.49
2011.03.22 01:26:42.316,1.63061,1.63081,1.88,2.49
2011.03.22 01:26:43.288,1.63058,1.63081,1.88,2.49
2011.03.22 01:26:44.310,1.6306,1.63081,1.88,2.49
2011.03.22 01:26:46.848,1.63056,1.63081,2.63,2.49
2011.03.22 01:26:47.068,1.63056,1.63081,2.63,2.49
2011.03.22 01:26:48.189,1.63056,1.63081,1.13,2.49
2011.03.22 01:26:49.279,1.63056,1.63081,1.13,2.49
2011.03.22 01:26:54.718,1.63057,1.63081,2.25,1.74
2011.03.22 01:26:55.928,1.63057,1.63081,2.25,1.74
2011.03.22 01:26:58.659,1.63058,1.63081,2.25,1.74
2011.03.22 01:26:58.879,1.63057,1.63081,2.25,1.74
2011.03.22 01:27:02.128,1.63057,1.63081,2.25,1.74
2011.03.22 01:27:05.545,1.63061,1.63082,1.13,1.50
2011.03.22 01:27:06.099,1.63061,1.63082,2.63,1.50
2011.03.22 01:27:49.030,1.63061,1.63086,1.13,3.24
2011.03.22 01:27:49.360,1.6306,1.63081,3.75,2.49
2011.03.22 01:27:49.479,1.63057,1.63081,4.13,1.74
2011.03.22 01:27:49.588,1.63057,1.63076,4.13,1.74
2011.03.22 01:27:51.248,1.63057,1.63079,2.25,1.37
2011.03.22 01:27:56.308,1.63057,1.63079,2.25,1.37
2011.03.22 01:28:00.408,1.63057,1.63079,2.25,1.37
2011.03.22 01:28:00.958,1.63057,1.63079,2.25,1.37
2011.03.22 01:28:02.308,1.63057,1.63079,2.25,1.37
2011.03.22 01:28:05.258,1.63057,1.63079,2.25,1.37
2011.03.22 01:28:05.807,1.63057,1.63079,2.25,2.12
2011.03.22 01:28:09.992,1.63055,1.63079,2.25,2.87
2011.03.22 01:28:11.711,1.63055,1.63079,2.25,2.12
2011.03.22 01:28:12.851,1.63055,1.63079,2.25,2.12
2011.03.22 01:28:13.410,1.63056,1.63079,4.13,1.37
2011.03.22 01:28:13.628,1.63056,1.63079,2.25,1.37
2011.03.22 01:28:14.309,1.63056,1.63079,2.25,1.37
2011.03.22 01:28:15.081,1.63056,1.63079,2.25,1.37
2011.03.22 01:28:15.430,1.63056,1.63079,2.25,1.37
2011.03.22 01:28:22.540,1.63056,1.63079,2.25,1.37
2011.03.22 01:28:23.154,1.63056,1.63076,2.25,1.74
2011.03.22 01:28:31.572,1.63053,1.63079,2.25,2.12
2011.03.22 01:28:32.411,1.63053,1.63076,2.25,1.74
2011.03.22 01:28:33.938,1.63053,1.63079,2.25,2.87
2011.03.22 01:28:34.448,1.63053,1.63079,2.25,2.12
2011.03.22 01:28:35.819,1.63053,1.63079,2.25,2.12
2011.03.22 01:28:36.548,1.63051,1.63076,4.88,1.74
2011.03.22 01:28:37.378,1.63056,1.63079,1.13,1.74
2011.03.22 01:28:49.131,1.63056,1.63079,1.13,1.50
2011.03.22 01:28:52.329,1.63056,1.63079,1.13,1.50
2011.03.22 01:28:57.858,1.63056,1.63079,1.13,1.50
2011.03.22 01:28:58.187,1.63056,1.63079,1.13,1.74
2011.03.22 01:29:03.907,1.63056,1.63079,1.13,1.74
2011.03.22 01:29:04.567,1.63056,1.63079,1.13,1.74
2011.03.22 01:29:09.497,1.63056,1.63079,1.13,1.74
2011.03.22 01:29:20.617,1.63056,1.63079,1.13,1.50
2011.03.22 01:29:21.242,1.63056,1.63079,1.13,1.50
2011.03.22 01:29:33.339,1.63052,1.63079,1.13,2.87
2011.03.22 01:29:52.418,1.63053,1.63079,2.25,2.87
2011.03.22 01:29:52.967,1.63053,1.63079,2.25,2.87
2011.03.22 01:29:59.597,1.63053,1.63079,2.25,2.63
2011.03.22 01:30:00.147,1.63055,1.63079,2.25,2.63
2011.03.22 01:30:35.006,1.63051,1.63079,3.38,2.87
2011.03.22 01:30:47.577,1.63051,1.63079,3.38,2.87
2011.03.22 01:30:48.177,1.63051,1.63079,3.38,2.87
2011.03.22 01:30:49.956,1.63051,1.63079,3.38,2.87
2011.03.22 01:30:50.727,1.63051,1.63079,3.38,2.87
2011.03.22 01:30:57.538,1.63051,1.63079,1.88,4.37
2011.03.22 01:30:58.088,1.63051,1.63079,1.88,4.37
2011.03.22 01:30:58.636,1.63051,1.63079,1.88,4.37
2011.03.22 01:31:03.727,1.63051,1.63079,1.98,4.37
2011.03.22 01:31:04.287,1.63051,1.63079,1.98,4.37
2011.03.22 01:31:04.837,1.63051,1.63079,2.73,4.37
2011.03.22 01:31:17.988,1.63054,1.63079,1.07,2.63
2011.03.22 01:31:18.587,1.63054,1.63079,1.07,2.63
2011.03.22 01:31:19.189,1.63054,1.63079,1.07,2.63
2011.03.22 01:31:19.890,1.63054,1.63079,1.07,2.63
2011.03.22 01:31:20.378,1.63061,1.63079,1.50,1.88
2011.03.22 01:31:20.711,1.63076,1.63086,1.13,2.78
2011.03.22 01:31:21.268,1.63076,1.63086,1.88,3.53
2011.03.22 01:31:23.858,1.63076,1.63086,1.88,3.53
2011.03.22 01:31:24.298,1.63076,1.63086,1.88,3.53
2011.03.22 01:31:25.178,1.63068,1.63086,2.25,3.53
2011.03.22 01:31:25.290,1.63067,1.63086,1.13,3.53
2011.03.22 01:31:25.400,1.63065,1.63083,1.47,1.50
2011.03.22 01:31:25.838,1.63061,1.63083,4.57,1.50
2011.03.22 01:31:26.389,1.63061,1.63083,1.23,1.50
2011.03.22 01:31:26.499,1.63061,1.63083,1.23,1.50
2011.03.22 01:31:27.088,1.63061,1.63083,1.23,1.50
2011.03.22 01:31:27.670,1.63061,1.63083,1.23,1.50
2011.03.22 01:31:28.441,1.63071,1.63086,1.13,5.93
2011.03.22 01:31:28.782,1.6307,1.63084,1.50,1.88
2011.03.22 01:31:28.900,1.63061,1.63082,1.61,1.50
2011.03.22 01:31:29.010,1.63059,1.63082,1.07,1.50
2011.03.22 01:31:29.559,1.63059,1.63082,1.07,1.50
2011.03.22 01:31:30.108,1.63055,1.63079,1.61,1.13
2011.03.22 01:31:31.808,1.63054,1.63079,1.07,1.13
2011.03.22 01:31:32.395,1.63054,1.63079,1.07,1.13
2011.03.22 01:31:33.067,1.63054,1.6308,1.07,1.13
2011.03.22 01:31:33.510,1.63062,1.63081,1.50,1.50
2011.03.22 01:31:33.730,1.63062,1.63083,1.50,1.50
2011.03.22 01:31:34.281,1.63064,1.63085,1.50,1.50
2011.03.22 01:31:34.953,1.63064,1.63085,2.25,1.50
2011.03.22 01:31:36.087,1.63064,1.63085,2.57,1.50
2011.03.22 01:31:36.309,1.63064,1.63083,1.07,1.50
2011.03.22 01:31:36.639,1.63064,1.63082,1.07,2.25
2011.03.22 01:31:38.748,1.63058,1.63082,1.61,2.25
2011.03.22 01:31:39.297,1.63058,1.63082,1.61,2.25
2011.03.22 01:31:41.537,1.63058,1.63082,1.61,2.25
2011.03.22 01:31:42.090,1.63058,1.63082,2.36,2.25
2011.03.22 01:31:42.637,1.63058,1.63082,2.36,2.25
2011.03.22 01:31:45.778,1.63059,1.63082,1.07,2.49
2011.03.22 01:31:46.451,1.63058,1.63082,1.61,2.49
2011.03.22 01:31:49.138,1.63058,1.63081,1.61,2.25
2011.03.22 01:31:49.578,1.63058,1.63079,1.61,1.13
2011.03.22 01:31:50.129,1.63053,1.63076,1.61,1.74
2011.03.22 01:31:51.230,1.63051,1.63076,1.57,1.89
2011.03.22 01:31:51.453,1.63051,1.63073,1.57,1.50
2011.03.22 01:31:51.679,1.6305,1.63072,1.61,1.58
2011.03.22 01:31:52.229,1.63048,1.63072,1.71,1.82
2011.03.22 01:31:53.287,1.63048,1.63072,1.61,1.82
2011.03.22 01:31:56.792,1.63048,1.6307,1.61,1.13
2011.03.22 01:31:56.912,1.63048,1.6307,1.61,1.07
2011.03.22 01:31:58.108,1.63048,1.6307,1.61,1.07
2011.03.22 01:31:58.768,1.63048,1.6307,1.61,1.89
2011.03.22 01:31:59.429,1.63048,1.63068,1.61,1.14
2011.03.22 01:31:59.979,1.63048,1.6307,1.61,2.64
2011.03.22 01:32:00.421,1.63048,1.6307,1.61,2.64
2011.03.22 01:32:01.970,1.63052,1.63072,1.13,3.00
2011.03.22 01:32:03.091,1.63054,1.63072,1.13,2.25
2011.03.22 01:32:03.860,1.63054,1.63072,1.13,1.50
2011.03.22 01:32:08.109,1.63054,1.63072,1.07,1.50
2011.03.22 01:32:08.672,1.63051,1.63072,1.23,1.50
2011.03.22 01:32:09.988,1.63051,1.63072,2.73,1.50
2011.03.22 01:32:10.777,1.63051,1.63072,2.73,1.50
2011.03.22 01:32:11.368,1.63051,1.63072,2.73,1.50
2011.03.22 01:32:12.138,1.63053,1.63072,1.13,1.50
2011.03.22 01:32:13.018,1.63054,1.63072,1.07,1.50
2011.03.22 01:32:14.007,1.63054,1.63072,1.07,1.50
2011.03.22 01:32:14.558,1.63051,1.63072,2.36,1.50
2011.03.22 01:32:15.381,1.63051,1.63072,2.36,1.50
2011.03.22 01:32:16.868,1.63051,1.63072,3.11,1.50
2011.03.22 01:32:17.418,1.63051,1.63072,3.11,1.50
2011.03.22 01:32:22.862,1.63052,1.63072,1.61,1.50
2011.03.22 01:32:23.750,1.63056,1.63074,1.88,1.74
2011.03.22 01:32:24.082,1.63058,1.63076,2.44,4.74
2011.03.22 01:32:24.310,1.63069,1.63082,1.13,1.50
2011.03.22 01:32:24.421,1.63071,1.63088,1.13,1.50
2011.03.22 01:32:24.749,1.63073,1.63091,2.63,1.50
2011.03.22 01:32:25.079,1.63078,1.63091,1.50,1.50
2011.03.22 01:32:25.628,1.63073,1.63092,1.13,1.50
2011.03.22 01:32:25.881,1.63073,1.63091,1.13,1.50
2011.03.22 01:32:26.123,1.63073,1.63092,1.13,1.50
2011.03.22 01:32:26.458,1.63073,1.63093,1.13,1.50
2011.03.22 01:32:35.322,1.63072,1.63091,1.50,1.50
2011.03.22 01:32:35.825,1.63072,1.63091,1.50,1.37
2011.03.22 01:32:36.268,1.63071,1.6309,1.50,1.37
2011.03.22 01:32:36.819,1.63071,1.63091,1.50,2.12
2011.03.22 01:32:37.337,1.63071,1.6309,1.50,1.37
2011.03.22 01:32:42.359,1.63071,1.6309,1.50,2.25
2011.03.22 01:32:43.598,1.63071,1.6309,1.50,2.25
2011.03.22 01:32:44.259,1.63068,1.63089,1.69,3.99
2011.03.22 01:32:44.807,1.63068,1.63088,1.69,1.37
2011.03.22 01:32:45.358,1.63068,1.63089,1.69,3.99
2011.03.22 01:32:46.170,1.63068,1.63089,1.69,3.99
2011.03.22 01:32:46.938,1.63068,1.63089,1.69,3.75
2011.03.22 01:32:47.488,1.63068,1.63089,1.69,3.75
2011.03.22 01:32:48.038,1.63068,1.63089,1.69,3.75
2011.03.22 01:32:51.659,1.63068,1.63089,1.69,3.90
2011.03.22 01:32:53.718,1.63068,1.63089,1.69,3.90
2011.03.22 01:32:55.139,1.63068,1.63089,1.69,3.53
2011.03.22 01:32:55.950,1.63069,1.63089,1.50,1.28
2011.03.22 01:32:57.729,1.63069,1.63089,1.50,2.03
2011.03.22 01:32:58.328,1.63069,1.63089,1.50,1.28
2011.03.22 01:32:58.951,1.63069,1.63089,1.50,2.03
2011.03.22 01:33:06.462,1.63072,1.63091,1.50,2.49
2011.03.22 01:33:06.799,1.63072,1.63092,1.50,1.65
2011.03.22 01:33:07.349,1.63074,1.63092,1.05,1.65
2011.03.22 01:33:07.896,1.63074,1.63092,1.24,1.65
2011.03.22 01:33:08.013,1.63074,1.63092,1.24,1.65
2011.03.22 01:33:11.013,1.63074,1.63092,1.24,1.65
2011.03.22 01:33:11.571,1.6307,1.63091,3.00,1.50
2011.03.22 01:33:11.689,1.6307,1.63091,2.25,1.50
2011.03.22 01:33:12.020,1.6307,1.63091,2.25,2.22
2011.03.22 01:33:12.568,1.63069,1.6309,2.25,1.47
2011.03.22 01:33:13.511,1.63069,1.63089,2.25,1.28
2011.03.22 01:33:13.849,1.63071,1.63093,1.50,2.49
2011.03.22 01:33:14.399,1.63071,1.63092,1.50,1.50
2011.03.22 01:33:15.169,1.63071,1.63091,1.50,1.50
2011.03.22 01:33:15.721,1.63071,1.63092,1.50,2.12
2011.03.22 01:33:16.488,1.63071,1.63091,1.50,1.74
2011.03.22 01:33:17.480,1.63071,1.63092,1.50,2.12
2011.03.22 01:33:18.269,1.63071,1.63091,1.50,1.50
2011.03.22 01:33:18.818,1.63071,1.63092,1.50,1.74
2011.03.22 01:33:20.139,1.63071,1.63086,1.50,1.05
2011.03.22 01:33:20.510,1.63064,1.63081,1.07,2.49
2011.03.22 01:33:20.843,1.63056,1.63076,4.13,1.74
2011.03.22 01:33:21.071,1.63058,1.6308,2.25,1.82
2011.03.22 01:33:21.727,1.63058,1.6308,2.25,1.82
2011.03.22 01:33:22.170,1.63061,1.63083,1.13,1.74
2011.03.22 01:33:22.719,1.63061,1.63084,1.13,1.50
2011.03.22 01:33:23.270,1.63064,1.63084,2.25,1.50
2011.03.22 01:33:23.818,1.63064,1.63087,2.25,1.50
2011.03.22 01:33:24.368,1.63065,1.63087,2.25,1.50
2011.03.22 01:33:24.903,1.63065,1.63087,2.25,1.50
2011.03.22 01:33:25.517,1.63065,1.63087,2.25,1.50
2011.03.22 01:33:27.168,1.63065,1.63087,2.25,1.50
2011.03.22 01:33:28.267,1.63065,1.63087,2.25,1.50
2011.03.22 01:33:29.258,1.63069,1.63087,2.25,1.50
2011.03.22 01:33:29.807,1.63069,1.63087,2.25,1.50
2011.03.22 01:33:31.150,1.6307,1.63087,1.13,1.50
2011.03.22 01:33:31.702,1.6307,1.63089,1.13,1.88
2011.03.22 01:33:32.039,1.63069,1.63089,2.25,1.88
2011.03.22 01:33:32.588,1.63067,1.63089,2.25,2.12
2011.03.22 01:33:34.591,1.63067,1.63086,2.25,1.50
2011.03.22 01:33:36.809,1.63067,1.63084,2.25,1.13
2011.03.22 01:33:37.359,1.63066,1.63084,2.25,1.50
2011.03.22 01:33:38.240,1.63066,1.63086,2.25,1.50
2011.03.22 01:33:38.789,1.63065,1.63086,2.25,1.50
2011.03.22 01:33:39.452,1.63065,1.63074,1.50,1.13
2011.03.22 01:33:39.879,1.63058,1.63071,1.84,3.00
2011.03.22 01:33:40.099,1.63058,1.63071,2.59,2.03
2011.03.22 01:33:40.430,1.63061,1.63076,1.09,1.05
2011.03.22 01:33:40.538,1.63061,1.63081,1.09,3.99
2011.03.22 01:33:40.648,1.63062,1.63082,1.09,1.74
2011.03.22 01:33:40.761,1.63062,1.63084,1.09,3.62
2011.03.22 01:33:40.980,1.63062,1.63084,1.09,1.50
2011.03.22 01:33:41.198,1.63062,1.63083,1.09,1.50
2011.03.22 01:33:41.748,1.63062,1.63086,1.09,1.50
2011.03.22 01:33:44.529,1.63062,1.63086,1.09,1.50
2011.03.22 01:33:45.079,1.63062,1.63086,1.09,1.50
2011.03.22 01:33:48.208,1.63062,1.63086,1.09,1.50
2011.03.22 01:33:48.751,1.63062,1.63086,1.09,1.50
2011.03.22 01:33:49.411,1.63062,1.63086,1.09,1.50
2011.03.22 01:33:51.971,1.63062,1.63086,3.34,1.50
2011.03.22 01:33:52.548,1.63062,1.63086,3.34,1.50
2011.03.22 01:34:05.408,1.63062,1.63083,3.34,2.25
2011.03.22 01:34:05.967,1.63062,1.63086,3.34,3.00
2011.03.22 01:34:22.420,1.63062,1.63086,3.34,2.25
2011.03.22 01:34:33.667,1.63067,1.63088,1.50,2.25
2011.03.22 01:34:52.639,1.63067,1.63088,1.50,2.25
2011.03.22 01:34:53.300,1.63067,1.63088,1.50,2.25
2011.03.22 01:34:53.847,1.63067,1.63088,1.50,2.25
2011.03.22 01:34:54.617,1.63067,1.63088,1.50,2.25
2011.03.22 01:34:55.387,1.63067,1.63088,1.50,2.25
2011.03.22 01:34:56.157,1.63067,1.63088,1.50,2.25
2011.03.22 01:34:56.678,1.63067,1.63088,1.50,2.25
2011.03.22 01:34:57.957,1.63067,1.63088,1.50,2.25
2011.03.22 01:35:01.184,1.63067,1.63088,1.50,2.25
2011.03.22 01:35:01.737,1.63067,1.63088,1.50,2.25
2011.03.22 01:35:02.338,1.63067,1.63088,1.50,2.25
2011.03.22 01:35:09.326,1.63067,1.63087,1.50,2.25
2011.03.22 01:35:09.987,1.63067,1.63087,1.50,2.25
2011.03.22 01:35:10.498,1.63067,1.63087,1.50,2.25
2011.03.22 01:35:10.937,1.63067,1.63087,1.50,1.50
2011.03.22 01:35:17.639,1.63064,1.63087,2.25,2.25
2011.03.22 01:35:18.518,1.63063,1.63087,1.50,2.25
2011.03.22 01:35:19.067,1.63062,1.63087,3.00,2.25
2011.03.22 01:35:22.228,1.63062,1.63087,2.25,2.25
2011.03.22 01:35:29.937,1.63062,1.63087,2.25,2.25
2011.03.22 01:35:49.729,1.63066,1.63088,1.50,1.50
2011.03.22 01:35:50.278,1.63064,1.63088,2.25,1.50
2011.03.22 01:35:52.400,1.63064,1.63088,3.75,1.50
2011.03.22 01:35:52.948,1.63066,1.63088,1.50,1.50
2011.03.22 01:35:53.388,1.63066,1.63089,1.88,2.25
2011.03.22 01:35:53.609,1.63066,1.63089,1.88,3.00
2011.03.22 01:35:54.307,1.63067,1.63089,1.50,3.00
2011.03.22 01:35:54.858,1.63068,1.63088,1.50,1.50
2011.03.22 01:36:00.461,1.63065,1.63084,1.50,1.13
2011.03.22 01:36:00.570,1.63064,1.63084,1.50,1.88
2011.03.22 01:36:00.680,1.63062,1.63082,1.88,1.50
2011.03.22 01:36:01.228,1.63059,1.63082,3.00,1.50
2011.03.22 01:36:12.509,1.63059,1.63082,1.50,1.50
2011.03.22 01:36:13.060,1.6306,1.63082,1.50,1.50
2011.03.22 01:36:13.609,1.63062,1.63082,1.50,1.50
2011.03.22 01:36:14.134,1.63062,1.63082,1.50,1.50
2011.03.22 01:36:14.959,1.63062,1.63082,1.50,1.50
2011.03.22 01:36:15.567,1.63062,1.63082,1.50,1.50
2011.03.22 01:36:16.118,1.6306,1.63082,1.50,1.50
2011.03.22 01:36:17.369,1.6306,1.63082,1.50,1.50
2011.03.22 01:36:22.030,1.6306,1.63082,1.50,1.50
2011.03.22 01:36:26.558,1.63059,1.63082,1.50,1.50
2011.03.22 01:36:26.668,1.63059,1.63082,1.50,1.50
2011.03.22 01:36:27.229,1.6306,1.63082,1.50,1.50
2011.03.22 01:36:28.818,1.63062,1.63082,1.88,1.50
2011.03.22 01:36:31.575,1.63064,1.63082,2.25,1.50
2011.03.22 01:36:32.834,1.63062,1.63082,3.00,1.50
2011.03.22 01:36:33.708,1.63062,1.63082,3.00,1.50
2011.03.22 01:36:34.281,1.63062,1.63082,3.00,1.50
2011.03.22 01:36:35.309,1.63062,1.63082,3.00,1.50
2011.03.22 01:36:35.858,1.63062,1.63082,3.00,1.50
2011.03.22 01:36:38.678,1.63062,1.63082,3.00,1.50
2011.03.22 01:36:39.699,1.63062,1.63082,3.00,1.50
2011.03.22 01:36:41.712,1.63062,1.63082,1.50,1.50
2011.03.22 01:36:42.269,1.63062,1.63082,1.50,1.50
2011.03.22 01:36:43.208,1.63062,1.63082,1.50,1.50
2011.03.22 01:36:43.688,1.63062,1.63082,1.50,1.50
2011.03.22 01:36:44.208,1.63062,1.63082,1.50,1.50
2011.03.22 01:36:45.668,1.63062,1.63082,1.50,1.50
2011.03.22 01:36:46.218,1.63062,1.63082,1.50,1.50
2011.03.22 01:36:48.909,1.63062,1.63082,1.50,1.50
2011.03.22 01:36:50.258,1.63062,1.63082,1.50,1.50
2011.03.22 01:36:54.348,1.63062,1.63082,3.00,1.50
2011.03.22 01:36:54.901,1.63063,1.63082,1.13,1.50
2011.03.22 01:36:55.898,1.63065,1.63082,3.00,1.50
2011.03.22 01:36:56.437,1.63066,1.63082,1.50,1.50
2011.03.22 01:36:56.938,1.63065,1.63082,3.00,1.50
2011.03.22 01:36:57.548,1.63065,1.63082,2.25,1.50
2011.03.22 01:36:58.100,1.63065,1.63082,2.25,1.50
2011.03.22 01:36:58.649,1.63065,1.63082,2.25,1.50
2011.03.22 01:36:59.580,1.63065,1.63082,2.25,1.50
2011.03.22 01:37:00.348,1.63064,1.63082,2.25,1.50
2011.03.22 01:37:00.682,1.63071,1.63084,1.50,1.50
2011.03.22 01:37:00.909,1.63073,1.63088,1.50,1.13
2011.03.22 01:37:01.459,1.63073,1.63092,1.13,2.25
2011.03.22 01:37:03.128,1.63073,1.63092,1.13,2.25
2011.03.22 01:37:05.611,1.63074,1.63094,3.83,2.63
2011.03.22 01:37:05.953,1.63079,1.63097,1.50,5.25
2011.03.22 01:37:06.070,1.63079,1.63097,2.25,1.50
2011.03.22 01:37:06.619,1.63079,1.63099,2.25,2.25
2011.03.22 01:37:07.168,1.63081,1.63099,1.50,2.25
2011.03.22 01:37:07.989,1.63081,1.631,1.50,1.50
2011.03.22 01:37:11.499,1.63084,1.63102,1.50,4.50
2011.03.22 01:37:12.599,1.63083,1.63102,1.50,4.50
2011.03.22 01:37:16.000,1.63082,1.63102,2.63,4.50
2011.03.22 01:37:19.828,1.63083,1.63102,1.50,4.50
2011.03.22 01:37:22.452,1.63085,1.63102,1.50,4.50
2011.03.22 01:37:23.248,1.63084,1.63102,1.50,4.50
2011.03.22 01:37:23.838,1.63085,1.63102,1.50,4.50
2011.03.22 01:37:24.399,1.63084,1.63102,1.50,4.50
2011.03.22 01:37:25.459,1.63085,1.63102,1.50,4.50
2011.03.22 01:37:26.960,1.63086,1.63102,1.50,4.50
2011.03.22 01:37:27.549,1.63085,1.63102,1.50,4.50
2011.03.22 01:37:29.449,1.63086,1.63102,1.50,4.50
2011.03.22 01:37:30.695,1.63085,1.63102,1.50,4.50
2011.03.22 01:37:31.729,1.63086,1.63102,1.50,4.50
2011.03.22 01:37:32.500,1.63086,1.63102,3.00,4.50
2011.03.22 01:37:32.723,1.63088,1.63102,1.50,4.50
2011.03.22 01:37:33.278,1.63087,1.63102,1.50,4.50
2011.03.22 01:37:42.308,1.63086,1.63102,1.50,4.50
2011.03.22 01:37:45.029,1.63086,1.63102,1.50,4.50
2011.03.22 01:37:48.009,1.63086,1.63102,1.50,4.50
2011.03.22 01:37:49.499,1.63086,1.63102,1.50,3.75
2011.03.22 01:37:50.709,1.63086,1.63102,1.50,3.75
2011.03.22 01:37:52.297,1.63086,1.63102,1.50,3.75
2011.03.22 01:37:53.021,1.63086,1.63102,1.50,3.75
2011.03.22 01:37:54.233,1.63086,1.63102,1.50,3.75
2011.03.22 01:37:55.003,1.63086,1.63102,1.50,3.75
2011.03.22 01:37:55.559,1.63086,1.63102,1.50,3.75
2011.03.22 01:37:56.158,1.63087,1.63102,1.50,3.75
2011.03.22 01:38:01.022,1.6309,1.63104,1.50,3.00
2011.03.22 01:38:01.139,1.6309,1.63104,1.50,3.00
2011.03.22 01:38:01.908,1.6309,1.63104,1.50,2.25
2011.03.22 01:38:02.568,1.6309,1.63104,1.50,2.25
2011.03.22 01:38:03.999,1.63089,1.63105,1.50,1.50
2011.03.22 01:38:20.018,1.6309,1.63106,1.50,1.84
2011.03.22 01:38:20.348,1.63093,1.63106,1.50,1.09
2011.03.22 01:38:20.809,1.63093,1.63106,1.50,1.09
2011.03.22 01:38:21.384,1.63093,1.63107,1.50,1.84
2011.03.22 01:38:22.588,1.63093,1.63106,1.50,1.09
2011.03.22 01:38:23.140,1.63093,1.63107,1.50,1.84
2011.03.22 01:38:23.688,1.63093,1.63106,1.50,1.84
2011.03.22 01:38:24.271,1.63093,1.63106,1.50,1.09
2011.03.22 01:38:24.719,1.63093,1.63107,1.50,1.09
2011.03.22 01:38:25.487,1.63093,1.63107,1.50,1.09
2011.03.22 01:38:26.101,1.63093,1.63108,1.50,1.84
2011.03.22 01:38:27.379,1.63093,1.63107,1.50,1.09
2011.03.22 01:38:28.161,1.63093,1.63108,1.50,1.84
2011.03.22 01:38:29.463,1.63093,1.63107,1.50,1.09
2011.03.22 01:38:30.013,1.63093,1.63108,1.50,1.84
2011.03.22 01:38:30.608,1.63093,1.63107,1.50,1.09
2011.03.22 01:38:31.170,1.63093,1.63106,1.50,1.09
2011.03.22 01:38:31.753,1.63093,1.63107,1.50,1.09
2011.03.22 01:38:32.101,1.6309,1.63105,1.50,1.09
2011.03.22 01:38:32.979,1.6309,1.63105,1.50,1.09
2011.03.22 01:38:33.419,1.63089,1.63105,1.50,1.09
2011.03.22 01:38:41.506,1.63087,1.63105,1.09,1.09
2011.03.22 01:38:42.388,1.63087,1.63104,1.09,1.50
2011.03.22 01:38:43.041,1.63087,1.63104,1.09,1.50
2011.03.22 01:38:43.609,1.63087,1.63104,1.09,1.50
2011.03.22 01:38:44.275,1.63087,1.63104,1.09,1.50
2011.03.22 01:38:44.610,1.63082,1.63101,2.97,1.09
2011.03.22 01:38:44.723,1.63082,1.631,2.97,1.09
2011.03.22 01:38:45.281,1.63085,1.631,1.50,1.09
2011.03.22 01:38:45.501,1.63086,1.63102,1.50,1.50
2011.03.22 01:38:46.501,1.63085,1.63106,1.50,1.24
2011.03.22 01:38:46.721,1.63086,1.63102,1.50,1.50
2011.03.22 01:38:49.790,1.63086,1.63102,1.50,1.50
2011.03.22 01:38:50.120,1.63086,1.63109,1.50,1.74
2011.03.22 01:38:51.048,1.63086,1.63106,1.84,1.09
2011.03.22 01:38:51.805,1.63086,1.63106,1.84,1.09
2011.03.22 01:38:52.141,1.63086,1.63106,1.09,1.84
2011.03.22 01:38:52.469,1.63084,1.631,1.50,1.09
2011.03.22 01:38:55.589,1.63085,1.63101,1.13,1.09
2011.03.22 01:38:57.898,1.63085,1.63101,2.63,1.09
2011.03.22 01:38:58.228,1.63085,1.63102,2.63,1.50
2011.03.22 01:38:58.779,1.63085,1.63102,2.63,1.50
2011.03.22 01:38:59.531,1.63085,1.63102,2.63,1.50
2011.03.22 01:38:59.822,1.63085,1.63104,2.63,1.50
2011.03.22 01:39:00.158,1.63086,1.63106,1.84,1.84
2011.03.22 01:39:00.268,1.63086,1.63106,1.84,1.84
2011.03.22 01:39:09.708,1.63086,1.63106,1.84,1.84
2011.03.22 01:39:18.099,1.63086,1.63106,1.84,1.84
2011.03.22 01:39:18.429,1.6309,1.6311,2.59,1.09
2011.03.22 01:39:18.649,1.63092,1.63108,1.09,1.50
2011.03.22 01:39:18.759,1.63092,1.63108,1.09,1.50
2011.03.22 01:39:19.308,1.63092,1.63108,1.09,1.50
2011.03.22 01:39:24.550,1.63088,1.63108,1.84,1.50
2011.03.22 01:39:25.449,1.63088,1.63108,1.84,1.50
2011.03.22 01:39:26.132,1.63088,1.63108,1.84,1.50
2011.03.22 01:39:26.892,1.63088,1.63108,1.84,1.50
2011.03.22 01:39:32.048,1.63088,1.63108,1.84,1.50
2011.03.22 01:39:35.360,1.63088,1.63108,3.34,1.50
2011.03.22 01:39:39.451,1.63088,1.63108,1.50,1.50
2011.03.22 01:39:39.781,1.63082,1.63105,1.50,2.49
2011.03.22 01:39:40.110,1.63082,1.63102,1.50,1.50
2011.03.22 01:39:49.788,1.63079,1.63102,4.88,1.50
2011.03.22 01:39:50.339,1.63079,1.63102,4.88,1.50
2011.03.22 01:39:51.220,1.63081,1.63102,1.13,1.50
2011.03.22 01:39:51.548,1.63079,1.63102,3.38,1.50
2011.03.22 01:39:52.319,1.63078,1.63102,4.65,1.50
2011.03.22 01:39:56.200,1.63078,1.63102,4.65,1.50
2011.03.22 01:39:56.750,1.63078,1.63102,4.65,1.50
2011.03.22 01:40:01.791,1.63078,1.63102,4.65,1.50
2011.03.22 01:40:02.339,1.63078,1.63102,4.65,1.50
2011.03.22 01:40:04.853,1.63078,1.63102,4.65,1.74
2011.03.22 01:40:05.300,1.63078,1.63101,4.65,2.49
2011.03.22 01:40:06.068,1.63078,1.63101,4.65,2.49
2011.03.22 01:40:06.618,1.63078,1.63101,4.65,2.49
2011.03.22 01:40:07.287,1.63078,1.63101,4.65,2.49
2011.03.22 01:40:07.799,1.63078,1.63101,3.90,2.49
2011.03.22 01:40:08.310,1.63078,1.63101,3.53,2.49
2011.03.22 01:40:08.639,1.63078,1.63101,3.53,2.49
2011.03.22 01:40:09.189,1.63078,1.63101,3.53,2.49
2011.03.22 01:40:10.388,1.63078,1.63101,3.53,1.74
2011.03.22 01:40:11.860,1.63078,1.63101,4.28,1.74
2011.03.22 01:40:16.538,1.63078,1.63102,2.03,3.24
2011.03.22 01:40:35.220,1.63078,1.63101,1.84,1.74
2011.03.22 01:40:36.242,1.63078,1.63101,1.84,1.74
2011.03.22 01:40:36.918,1.63078,1.63101,1.84,1.74
2011.03.22 01:40:37.617,1.63078,1.63101,1.84,1.74
2011.03.22 01:40:38.188,1.63078,1.63101,1.84,1.74
2011.03.22 01:40:38.971,1.63078,1.63101,1.84,1.74
2011.03.22 01:40:39.928,1.63078,1.63101,1.50,1.74
2011.03.22 01:40:40.478,1.63078,1.63101,1.50,1.74
2011.03.22 01:40:41.188,1.63078,1.63101,1.50,1.74
2011.03.22 01:40:41.938,1.63078,1.63101,1.50,1.74
2011.03.22 01:40:42.837,1.63078,1.63101,1.50,1.74
2011.03.22 01:40:46.058,1.63078,1.63102,1.50,1.74
2011.03.22 01:40:48.778,1.63078,1.63102,1.50,1.50
2011.03.22 01:40:50.920,1.63078,1.63102,1.50,1.74
2011.03.22 01:40:51.249,1.63078,1.63102,1.50,1.74
2011.03.22 01:41:12.338,1.63078,1.631,1.50,1.50
2011.03.22 01:41:12.887,1.63078,1.631,1.50,1.50
2011.03.22 01:41:13.809,1.63078,1.631,1.50,1.50
2011.03.22 01:41:14.249,1.63078,1.63101,1.80,1.50
2011.03.22 01:41:14.578,1.63078,1.631,3.00,1.50
2011.03.22 01:41:15.140,1.63078,1.631,3.00,1.50
2011.03.22 01:41:23.708,1.63078,1.631,3.00,1.50
2011.03.22 01:41:24.281,1.63078,1.631,3.00,1.50
2011.03.22 01:41:25.060,1.63078,1.63098,3.00,1.50
2011.03.22 01:41:25.610,1.63076,1.63094,2.25,1.50
2011.03.22 01:41:26.159,1.63076,1.63093,2.25,1.50
2011.03.22 01:41:26.739,1.63076,1.63093,2.25,1.50
2011.03.22 01:41:28.420,1.63079,1.63095,1.09,1.74
2011.03.22 01:41:28.639,1.63079,1.63096,1.09,1.50
2011.03.22 01:41:29.189,1.63079,1.63097,1.09,1.50
2011.03.22 01:41:31.898,1.63079,1.63098,1.09,2.25
2011.03.22 01:41:32.341,1.63079,1.63099,2.59,1.50
2011.03.22 01:41:32.889,1.63079,1.631,2.59,1.50
2011.03.22 01:41:34.118,1.63079,1.63096,2.25,1.09
2011.03.22 01:41:34.339,1.63079,1.63096,2.25,1.09
2011.03.22 01:41:34.780,1.63079,1.63098,2.25,1.84
2011.03.22 01:41:35.329,1.63079,1.63097,2.25,1.09
2011.03.22 01:41:35.880,1.63079,1.63096,2.25,1.09
2011.03.22 01:41:36.428,1.63079,1.63097,2.25,1.09
2011.03.22 01:41:36.980,1.63079,1.63098,2.25,1.84
2011.03.22 01:41:37.310,1.63082,1.63099,1.09,1.50
2011.03.22 01:41:37.870,1.63082,1.631,1.09,1.84
2011.03.22 01:41:38.429,1.63082,1.631,1.09,1.09
2011.03.22 01:41:41.558,1.63082,1.63101,1.09,1.09
2011.03.22 01:41:45.259,1.63082,1.63102,1.09,2.59
2011.03.22 01:41:45.831,1.63082,1.63101,1.09,1.09
2011.03.22 01:41:46.379,1.63082,1.63102,1.09,2.59
2011.03.22 01:41:46.599,1.63082,1.631,1.09,1.09
2011.03.22 01:41:47.152,1.63082,1.631,1.09,1.09
2011.03.22 01:41:49.921,1.63082,1.631,1.09,1.09
2011.03.22 01:41:50.839,1.63082,1.63101,1.09,1.09
2011.03.22 01:41:51.389,1.63082,1.631,1.09,1.09
2011.03.22 01:41:52.069,1.63082,1.63101,1.09,1.09
2011.03.22 01:41:52.398,1.63082,1.631,1.09,1.09
2011.03.22 01:41:52.961,1.63082,1.631,1.09,1.09
2011.03.22 01:41:55.210,1.63081,1.63102,2.25,2.25
2011.03.22 01:41:56.779,1.63081,1.63102,2.25,2.25
2011.03.22 01:41:57.330,1.63081,1.63102,2.25,2.25
2011.03.22 01:41:57.990,1.63081,1.63102,2.25,2.25
2011.03.22 01:41:58.538,1.63081,1.63102,2.25,2.25
2011.03.22 01:42:03.261,1.63081,1.63102,2.25,1.50
2011.03.22 01:42:03.819,1.63081,1.63102,2.25,1.50
2011.03.22 01:42:06.379,1.63081,1.63102,2.25,1.50
2011.03.22 01:42:06.958,1.63081,1.63102,2.25,1.50
2011.03.22 01:42:11.338,1.63081,1.63102,2.25,1.50
2011.03.22 01:42:12.000,1.63081,1.63102,4.13,1.50
2011.03.22 01:42:12.578,1.63081,1.63102,4.13,1.50
2011.03.22 01:42:16.789,1.63081,1.63102,2.63,1.50
2011.03.22 01:42:17.659,1.63081,1.63102,2.63,1.50
2011.03.22 01:42:18.252,1.63081,1.63102,2.63,1.50
2011.03.22 01:42:20.081,1.63081,1.63102,2.63,1.50
2011.03.22 01:42:21.178,1.63081,1.63102,2.63,1.50
2011.03.22 01:42:21.731,1.63081,1.63102,3.38,1.50
2011.03.22 01:42:28.830,1.63081,1.63102,2.63,1.50
2011.03.22 01:42:29.429,1.63081,1.63102,2.63,1.50
2011.03.22 01:42:29.978,1.63081,1.63102,2.63,1.50
2011.03.22 01:42:37.091,1.63081,1.63102,1.13,1.50
2011.03.22 01:42:37.648,1.63081,1.63102,1.88,1.50
2011.03.22 01:42:40.049,1.63081,1.63102,2.63,1.50
2011.03.22 01:42:40.599,1.63083,1.63102,1.50,1.50
2011.03.22 01:42:40.930,1.63083,1.63104,3.08,2.25
2011.03.22 01:42:41.480,1.63085,1.63106,1.54,2.59
2011.03.22 01:42:41.982,1.63085,1.63106,2.29,2.59
2011.03.22 01:42:46.898,1.63085,1.63106,2.29,2.59
2011.03.22 01:42:52.471,1.63086,1.63106,1.58,1.84
2011.03.22 01:42:53.329,1.63086,1.63106,1.58,1.84
2011.03.22 01:42:54.042,1.63086,1.63106,1.58,1.84
2011.03.22 01:42:54.703,1.63086,1.63106,1.58,1.84
2011.03.22 01:42:55.469,1.63086,1.63106,1.58,1.84
2011.03.22 01:42:57.849,1.63086,1.63106,1.58,1.84
2011.03.22 01:42:58.373,1.63086,1.63106,1.58,1.84
2011.03.22 01:42:59.033,1.63086,1.63106,1.58,1.84
2011.03.22 01:42:59.578,1.63086,1.63106,1.50,1.84
2011.03.22 01:43:00.599,1.63087,1.63106,1.50,1.09
2011.03.22 01:43:01.479,1.63087,1.63106,1.58,1.84
2011.03.22 01:43:02.290,1.63087,1.63106,1.58,1.84
2011.03.22 01:43:05.548,1.63087,1.63106,1.58,1.84
2011.03.22 01:43:06.250,1.63087,1.63106,1.58,1.84
2011.03.22 01:43:06.761,1.63087,1.63106,1.58,1.84
2011.03.22 01:43:09.210,1.63085,1.63096,2.70,1.84
2011.03.22 01:43:09.319,1.63085,1.63095,1.20,1.09
2011.03.22 01:43:09.430,1.63085,1.63094,1.20,1.09
2011.03.22 01:43:09.539,1.63084,1.63094,1.58,1.09
2011.03.22 01:43:09.759,1.63082,1.63094,2.25,1.09
2011.03.22 01:43:13.670,1.63081,1.63094,1.50,1.09
2011.03.22 01:43:14.391,1.63081,1.63094,1.50,1.09
2011.03.22 01:43:14.721,1.63082,1.631,1.50,1.74
2011.03.22 01:43:15.268,1.63081,1.63102,2.25,1.84
2011.03.22 01:43:20.750,1.63081,1.63102,1.50,1.84
2011.03.22 01:43:21.529,1.63081,1.63102,2.25,1.84
2011.03.22 01:43:22.079,1.6308,1.63102,3.00,1.84
2011.03.22 01:43:22.190,1.63079,1.63102,1.50,1.84
2011.03.22 01:43:32.659,1.63079,1.63102,1.50,1.50
2011.03.22 01:43:33.209,1.63079,1.63102,1.50,1.50
2011.03.22 01:43:38.040,1.63079,1.63102,1.50,1.50
2011.03.22 01:43:38.680,1.63079,1.63102,1.50,1.50
2011.03.22 01:43:39.449,1.63079,1.63102,1.50,1.50
2011.03.22 01:43:39.980,1.6308,1.63102,1.50,1.50
2011.03.22 01:43:40.093,1.6308,1.63102,1.50,1.50
2011.03.22 01:43:40.731,1.6308,1.63102,1.50,1.50
2011.03.22 01:43:43.380,1.6308,1.63102,2.25,1.50
2011.03.22 01:43:43.929,1.6308,1.63102,2.25,1.50
2011.03.22 01:43:47.819,1.6308,1.63102,1.50,1.50
2011.03.22 01:43:48.368,1.6308,1.63102,1.50,1.50
2011.03.22 01:43:48.918,1.6308,1.63102,1.50,1.50
2011.03.22 01:43:51.189,1.6308,1.63102,1.50,1.50
2011.03.22 01:44:00.249,1.6308,1.63102,1.50,1.50
2011.03.22 01:44:05.581,1.63079,1.63102,3.00,1.50
2011.03.22 01:44:10.500,1.6308,1.63102,1.50,1.50
2011.03.22 01:44:16.641,1.63081,1.63102,1.50,1.50
2011.03.22 01:44:17.299,1.63081,1.63102,1.50,1.50
2011.03.22 01:44:17.848,1.63081,1.63102,1.50,1.50
2011.03.22 01:44:18.379,1.63081,1.63102,1.50,1.50
2011.03.22 01:44:18.941,1.63081,1.63102,1.50,1.50
2011.03.22 01:44:20.080,1.63081,1.63102,1.50,1.50
2011.03.22 01:44:20.640,1.63081,1.63102,1.50,1.74
2011.03.22 01:44:21.529,1.63081,1.63102,1.50,1.74
2011.03.22 01:44:22.090,1.63081,1.63102,1.50,1.74
2011.03.22 01:44:22.639,1.63081,1.63102,1.50,1.74
2011.03.22 01:44:27.028,1.63079,1.63102,1.50,1.50
2011.03.22 01:44:31.769,1.6308,1.63102,2.25,1.50
2011.03.22 01:44:44.650,1.6308,1.63102,2.25,1.50
2011.03.22 01:44:45.239,1.6308,1.63102,2.25,1.50
2011.03.22 01:44:58.259,1.63079,1.63102,1.50,1.50
2011.03.22 01:44:59.269,1.63079,1.63102,1.50,1.50
2011.03.22 01:44:59.988,1.63079,1.63102,1.50,1.50
2011.03.22 01:45:02.561,1.63079,1.63102,1.50,1.50
2011.03.22 01:45:03.108,1.63079,1.63102,1.50,1.50
2011.03.22 01:45:03.792,1.63079,1.63102,1.50,1.50
2011.03.22 01:45:04.599,1.63079,1.63102,1.50,1.50
2011.03.22 01:45:08.459,1.63079,1.63102,1.50,2.25
2011.03.22 01:45:09.059,1.63079,1.63102,1.50,2.25
2011.03.22 01:45:09.589,1.63079,1.63102,1.50,1.50
2011.03.22 01:45:11.018,1.63079,1.63102,1.50,1.50
2011.03.22 01:45:11.678,1.63079,1.63102,1.50,1.50
2011.03.22 01:45:12.010,1.63079,1.63102,1.50,1.50
2011.03.22 01:45:13.242,1.63079,1.63101,1.50,1.50
2011.03.22 01:45:13.691,1.63079,1.63099,1.50,1.50
2011.03.22 01:45:13.802,1.63079,1.63099,1.50,1.84
2011.03.22 01:45:14.033,1.63078,1.63101,1.50,4.74
2011.03.22 01:45:14.591,1.63079,1.631,2.63,1.74
2011.03.22 01:45:20.379,1.63079,1.63093,1.88,1.50
2011.03.22 01:45:20.711,1.63073,1.63086,1.13,1.09
2011.03.22 01:45:20.930,1.63075,1.63088,1.13,1.84
2011.03.22 01:45:21.479,1.63074,1.63088,3.00,1.84
2011.03.22 01:45:22.070,1.63074,1.63088,3.00,1.84
2011.03.22 01:45:22.580,1.63074,1.63088,3.00,1.84
2011.03.22 01:45:23.140,1.63074,1.63088,3.00,1.84
2011.03.22 01:45:25.150,1.63074,1.63087,2.25,1.09
2011.03.22 01:45:26.489,1.63074,1.63088,1.50,2.59
2011.03.22 01:45:27.040,1.63074,1.63088,1.50,1.84
2011.03.22 01:45:27.590,1.63074,1.63088,1.50,2.59
2011.03.22 01:45:28.722,1.63069,1.63086,1.50,1.09
2011.03.22 01:45:29.279,1.63067,1.63086,1.50,1.09
2011.03.22 01:45:31.041,1.63066,1.63086,2.25,1.09
2011.03.22 01:45:31.593,1.63067,1.63086,1.50,1.09
2011.03.22 01:45:32.479,1.63066,1.63086,1.50,1.09
2011.03.22 01:45:34.242,1.63076,1.63091,1.09,1.74
2011.03.22 01:45:34.353,1.63072,1.63091,1.50,1.84
2011.03.22 01:45:34.471,1.63072,1.63091,1.50,2.59
2011.03.22 01:45:34.691,1.63076,1.63093,1.09,1.74
2011.03.22 01:45:34.911,1.63073,1.63093,2.59,1.74
2011.03.22 01:45:35.020,1.63069,1.63092,1.50,1.33
2011.03.22 01:45:35.239,1.63069,1.63092,1.50,2.08
2011.03.22 01:45:38.189,1.63068,1.63091,3.00,1.74
2011.03.22 01:45:39.940,1.63068,1.63092,3.00,1.84
2011.03.22 01:45:40.599,1.63068,1.63092,3.75,1.84
2011.03.22 01:45:41.582,1.63068,1.63092,3.00,1.84
2011.03.22 01:45:45.541,1.63068,1.63092,1.50,2.08
2011.03.22 01:45:46.740,1.63068,1.63092,1.50,1.84
2011.03.22 01:45:47.289,1.63068,1.63092,2.25,1.84
2011.03.22 01:45:47.839,1.63068,1.63092,1.50,1.84
2011.03.22 01:45:48.499,1.63068,1.63092,1.50,1.84
2011.03.22 01:45:49.050,1.63068,1.63092,1.50,1.84
2011.03.22 01:45:49.599,1.63069,1.63092,1.50,1.84
2011.03.22 01:45:52.699,1.63068,1.63092,1.50,2.08
2011.03.22 01:45:53.249,1.63068,1.63092,1.50,2.08
2011.03.22 01:45:53.909,1.63068,1.63092,1.50,2.08
2011.03.22 01:45:54.689,1.63068,1.63092,1.50,2.08
2011.03.22 01:45:55.239,1.63068,1.63092,1.50,2.08
2011.03.22 01:45:57.111,1.63068,1.63092,1.50,2.08
2011.03.22 01:45:57.820,1.63068,1.63092,1.50,2.08
2011.03.22 01:45:58.590,1.63068,1.63092,1.50,2.08
2011.03.22 01:45:59.139,1.63068,1.63092,1.50,2.08
2011.03.22 01:46:02.840,1.63068,1.63091,2.25,1.74
2011.03.22 01:46:03.389,1.63068,1.63092,2.25,2.08
2011.03.22 01:46:06.290,1.63068,1.63086,1.50,1.50
2011.03.22 01:46:07.929,1.63068,1.63087,1.50,2.25
2011.03.22 01:46:10.619,1.63068,1.63087,1.50,1.50
2011.03.22 01:46:15.320,1.63068,1.63087,1.50,1.50
2011.03.22 01:46:16.199,1.63068,1.63087,3.00,1.50
2011.03.22 01:46:16.750,1.63068,1.63087,3.00,1.50
2011.03.22 01:46:17.291,1.63068,1.63087,3.00,1.50
2011.03.22 01:46:17.840,1.63068,1.63089,3.00,2.49
2011.03.22 01:46:18.390,1.63068,1.63087,3.00,1.50
2011.03.22 01:46:19.160,1.63068,1.63087,3.00,1.50
2011.03.22 01:46:19.712,1.63068,1.63087,3.00,2.25
2011.03.22 01:46:20.041,1.63068,1.63087,1.50,2.25
2011.03.22 01:46:20.589,1.63068,1.63087,1.50,2.25
2011.03.22 01:46:21.139,1.63068,1.63087,1.50,2.25
2011.03.22 01:46:22.252,1.63068,1.63087,1.50,1.50
2011.03.22 01:46:22.699,1.63071,1.63087,1.09,1.50
2011.03.22 01:46:23.480,1.63071,1.63087,1.09,1.50
2011.03.22 01:46:23.590,1.63068,1.63085,1.50,1.50
2011.03.22 01:46:23.921,1.63067,1.63083,1.50,1.74
2011.03.22 01:46:24.688,1.63067,1.63083,1.50,1.50
2011.03.22 01:46:25.191,1.63067,1.63083,1.50,1.74
2011.03.22 01:46:25.520,1.63067,1.63081,1.50,2.49
2011.03.22 01:46:26.290,1.63067,1.63081,1.50,1.50
2011.03.22 01:46:27.810,1.63067,1.63079,1.50,1.74
2011.03.22 01:46:28.380,1.63067,1.63079,1.50,1.74
2011.03.22 01:46:28.929,1.63067,1.63078,1.50,1.74
2011.03.22 01:46:29.039,1.63067,1.63078,1.50,1.74
2011.03.22 01:46:29.371,1.63067,1.63078,1.50,1.50
2011.03.22 01:46:29.920,1.63067,1.63079,1.50,1.50
2011.03.22 01:46:30.470,1.63067,1.63079,1.50,1.50
2011.03.22 01:46:30.691,1.63067,1.63085,1.50,1.74
2011.03.22 01:46:31.021,1.63067,1.63086,1.50,3.39
2011.03.22 01:46:33.610,1.63067,1.63086,1.50,2.64
2011.03.22 01:46:34.900,1.63067,1.63086,1.50,2.64
2011.03.22 01:46:35.119,1.63067,1.63085,1.50,1.74
2011.03.22 01:46:38.309,1.63067,1.63085,1.50,1.74
2011.03.22 01:46:39.233,1.63066,1.63085,1.50,1.74
2011.03.22 01:46:39.791,1.63066,1.63085,1.50,2.49
2011.03.22 01:46:40.339,1.63066,1.63085,1.50,1.74
2011.03.22 01:46:42.649,1.63066,1.63085,1.50,1.74
2011.03.22 01:46:43.169,1.63067,1.63086,1.50,4.14
2011.03.22 01:46:43.280,1.63067,1.63086,1.50,3.39
2011.03.22 01:46:43.779,1.63067,1.63084,1.50,1.74
2011.03.22 01:46:44.359,1.63067,1.63084,1.50,1.74
2011.03.22 01:46:47.251,1.63067,1.63084,1.50,1.74
2011.03.22 01:46:47.803,1.63067,1.63084,1.50,1.74
2011.03.22 01:46:48.581,1.63067,1.63085,1.50,1.74
2011.03.22 01:46:49.820,1.63067,1.63085,1.50,1.74
2011.03.22 01:46:50.409,1.63067,1.63085,1.50,1.74
2011.03.22 01:46:50.979,1.63066,1.63085,1.50,1.74
2011.03.22 01:46:54.340,1.63066,1.63085,1.50,1.74
2011.03.22 01:46:56.489,1.63067,1.63084,1.50,1.74
2011.03.22 01:46:57.039,1.63067,1.63084,1.50,1.74
2011.03.22 01:46:57.730,1.63067,1.63084,1.50,1.74
2011.03.22 01:46:58.329,1.63067,1.63084,1.50,1.74
2011.03.22 01:46:59.179,1.63067,1.63084,1.50,1.74
2011.03.22 01:46:59.509,1.63067,1.63084,1.50,2.49
2011.03.22 01:46:59.619,1.63067,1.63084,1.50,2.49
2011.03.22 01:47:04.889,1.63067,1.63084,1.50,2.49
2011.03.22 01:47:05.442,1.63067,1.63086,1.50,3.24
2011.03.22 01:47:11.110,1.63067,1.63085,1.50,2.49
2011.03.22 01:47:11.990,1.63067,1.63085,1.50,2.49
2011.03.22 01:47:12.571,1.63067,1.63085,1.50,2.49
2011.03.22 01:47:13.135,1.63067,1.63085,1.50,2.49
2011.03.22 01:47:13.250,1.63067,1.63085,1.50,2.49
2011.03.22 01:47:13.579,1.63061,1.63081,1.09,2.49
2011.03.22 01:47:14.369,1.63061,1.63081,1.09,3.99
2011.03.22 01:47:17.641,1.63061,1.63081,1.09,3.99
2011.03.22 01:47:18.322,1.63061,1.63081,1.09,3.99
2011.03.22 01:47:21.320,1.63061,1.63081,1.09,3.99
2011.03.22 01:47:28.621,1.63063,1.63084,1.50,2.49
2011.03.22 01:47:32.280,1.63063,1.63084,2.25,2.49
2011.03.22 01:47:38.049,1.63059,1.63079,3.75,1.50
2011.03.22 01:47:38.611,1.63061,1.63081,2.25,1.74
2011.03.22 01:47:39.163,1.63061,1.63081,2.25,1.74
2011.03.22 01:47:39.843,1.63061,1.63081,2.25,1.74
2011.03.22 01:47:40.521,1.63061,1.63081,2.25,1.74
2011.03.22 01:47:41.194,1.63061,1.63081,2.25,1.74
2011.03.22 01:47:41.819,1.63061,1.63082,2.25,2.25
2011.03.22 01:47:44.462,1.6306,1.6308,2.25,1.50
2011.03.22 01:47:44.582,1.63057,1.63078,2.63,1.50
2011.03.22 01:47:44.813,1.63058,1.63078,1.50,1.50
2011.03.22 01:47:45.372,1.63058,1.63076,1.50,1.02
2011.03.22 01:47:45.480,1.63058,1.63076,1.50,1.02
2011.03.22 01:47:46.489,1.63058,1.63076,1.50,1.02
2011.03.22 01:47:47.039,1.63058,1.63076,1.50,1.02
2011.03.22 01:47:47.590,1.63058,1.63076,1.50,1.02
2011.03.22 01:47:48.139,1.63058,1.63076,1.50,1.02
2011.03.22 01:47:48.689,1.63058,1.63076,1.50,1.02
2011.03.22 01:47:49.761,1.63058,1.63076,1.50,1.02
2011.03.22 01:47:50.333,1.63058,1.63076,1.50,1.02
2011.03.22 01:47:50.889,1.63058,1.63076,1.50,1.02
2011.03.22 01:47:51.441,1.63058,1.63076,1.50,1.02
2011.03.22 01:47:53.360,1.63058,1.63076,1.50,1.02
2011.03.22 01:47:53.985,1.63058,1.63076,1.50,1.02
2011.03.22 01:47:54.334,1.63062,1.63079,1.09,1.74
2011.03.22 01:47:57.191,1.63058,1.63079,3.34,1.74
2011.03.22 01:47:57.740,1.63058,1.63079,1.84,1.74
2011.03.22 01:47:58.183,1.63058,1.63077,1.09,1.50
2011.03.22 01:47:58.520,1.63057,1.63076,1.50,1.74
2011.03.22 01:48:00.389,1.63059,1.63077,1.09,2.49
2011.03.22 01:48:00.831,1.63057,1.63076,1.50,1.50
2011.03.22 01:48:00.940,1.63057,1.63076,1.50,1.50
2011.03.22 01:48:01.599,1.63057,1.63077,1.50,1.50
2011.03.22 01:48:02.149,1.63058,1.63079,1.84,1.74
2011.03.22 01:48:03.087,1.63058,1.63079,1.84,1.74
2011.03.22 01:48:03.469,1.63058,1.63079,1.84,1.74
2011.03.22 01:48:04.169,1.63058,1.63079,1.84,1.50
2011.03.22 01:48:04.721,1.63058,1.6308,1.84,1.74
2011.03.22 01:48:05.489,1.63058,1.6308,1.84,3.24
2011.03.22 01:48:05.821,1.63053,1.63074,1.09,1.50
2011.03.22 01:48:06.151,1.63048,1.63066,1.65,1.50
2011.03.22 01:48:06.479,1.63049,1.63072,3.00,1.50
2011.03.22 01:48:07.029,1.63049,1.63072,2.25,1.50
2011.03.22 01:48:07.580,1.63048,1.63071,1.84,1.50
2011.03.22 01:48:08.130,1.63048,1.63072,3.34,2.25
2011.03.22 01:48:09.839,1.63048,1.63071,4.84,1.50
2011.03.22 01:48:10.391,1.63048,1.63069,1.84,1.50
2011.03.22 01:48:16.440,1.63048,1.6307,1.84,1.50
2011.03.22 01:48:17.040,1.63048,1.6307,1.84,1.50
2011.03.22 01:48:20.901,1.63048,1.63069,1.84,1.50
2011.03.22 01:48:21.451,1.63048,1.6307,1.84,1.50
2011.03.22 01:48:22.058,1.63048,1.6307,1.84,1.50
2011.03.22 01:48:22.772,1.63048,1.6307,1.84,1.50
2011.03.22 01:48:26.018,1.63048,1.63072,1.84,2.25
2011.03.22 01:48:26.843,1.63048,1.63072,1.84,2.25
2011.03.22 01:48:27.949,1.63048,1.63071,1.84,1.50
2011.03.22 01:48:28.466,1.63048,1.63071,1.84,1.50
2011.03.22 01:48:29.213,1.63048,1.63071,1.84,1.50
2011.03.22 01:48:30.417,1.63048,1.63071,1.84,1.50
2011.03.22 01:48:31.510,1.63048,1.63072,1.84,1.74
2011.03.22 01:48:32.389,1.63049,1.63072,2.25,1.50
2011.03.22 01:48:35.182,1.63055,1.63072,1.50,1.50
2011.03.22 01:48:35.513,1.63056,1.63079,1.09,3.00
2011.03.22 01:48:35.861,1.63056,1.63079,1.84,1.50
2011.03.22 01:48:36.189,1.63056,1.63079,1.09,1.50
2011.03.22 01:48:37.660,1.63056,1.63079,1.09,1.50
2011.03.22 01:48:38.892,1.63058,1.6308,1.50,1.50
2011.03.22 01:48:39.221,1.63054,1.63079,4.09,1.50
2011.03.22 01:48:43.053,1.63054,1.63079,2.59,1.50
2011.03.22 01:48:43.959,1.63054,1.6308,3.34,1.50
2011.03.22 01:48:44.509,1.63054,1.6308,3.34,1.50
2011.03.22 01:48:45.569,1.63054,1.6308,3.34,1.50
2011.03.22 01:48:46.120,1.63058,1.63081,1.84,1.50
2011.03.22 01:48:46.670,1.63058,1.63082,1.84,1.50
2011.03.22 01:48:47.219,1.63058,1.63082,1.84,1.50
2011.03.22 01:48:47.770,1.63058,1.63082,1.84,1.50
2011.03.22 01:48:48.560,1.63058,1.63082,1.84,1.50
2011.03.22 01:49:01.069,1.63058,1.63079,1.84,1.50
2011.03.22 01:49:06.110,1.63058,1.63081,1.84,1.50
2011.03.22 01:49:06.879,1.63058,1.6308,1.84,1.50
2011.03.22 01:49:07.828,1.63058,1.6308,1.84,1.50
2011.03.22 01:49:08.448,1.63058,1.6308,1.84,1.50
2011.03.22 01:49:09.289,1.63058,1.6308,1.84,1.50
2011.03.22 01:49:10.868,1.63058,1.6308,3.34,1.50
2011.03.22 01:49:11.311,1.63058,1.63082,3.72,2.25
2011.03.22 01:49:12.080,1.63059,1.63082,5.25,1.50
2011.03.22 01:49:13.352,1.63061,1.63082,1.50,1.50
2011.03.22 01:49:13.684,1.63062,1.63082,2.25,1.50
2011.03.22 01:49:14.022,1.63064,1.63084,1.09,1.50
2011.03.22 01:49:14.254,1.63064,1.63083,1.09,1.50
2011.03.22 01:49:14.812,1.63064,1.63083,1.09,1.50
2011.03.22 01:49:23.726,1.63064,1.63088,1.09,1.50
2011.03.22 01:49:34.561,1.63064,1.63085,1.09,1.50
2011.03.22 01:49:38.910,1.63064,1.63084,1.09,1.50
2011.03.22 01:49:39.679,1.63064,1.63084,1.09,1.50
2011.03.22 01:49:40.379,1.63064,1.63084,1.09,1.50
2011.03.22 01:49:40.900,1.63064,1.63085,1.09,1.50
2011.03.22 01:49:41.500,1.63064,1.63084,1.09,1.50
2011.03.22 01:49:43.640,1.63064,1.63085,1.09,1.50
2011.03.22 01:49:44.189,1.63064,1.63085,1.09,1.50
2011.03.22 01:49:45.111,1.63061,1.63086,1.84,1.50
2011.03.22 01:49:45.222,1.63061,1.63082,1.50,1.50
2011.03.22 01:49:45.854,1.63058,1.63081,1.50,2.49
2011.03.22 01:49:46.409,1.63058,1.63081,1.50,2.49
2011.03.22 01:49:47.290,1.63058,1.63081,1.50,1.50
2011.03.22 01:49:48.500,1.63058,1.63082,2.25,1.50
2011.03.22 01:49:57.459,1.63058,1.63082,1.50,1.50
2011.03.22 01:49:58.011,1.63058,1.63082,1.50,1.50
2011.03.22 01:50:08.681,1.63058,1.63081,1.50,1.50
2011.03.22 01:50:09.232,1.63058,1.63079,1.50,1.09
2011.03.22 01:50:09.603,1.63055,1.63079,1.50,1.09
2011.03.22 01:50:11.483,1.63054,1.6308,2.25,1.74
2011.03.22 01:50:20.650,1.63052,1.63077,3.75,1.50
2011.03.22 01:50:22.412,1.63052,1.63072,1.50,1.50
2011.03.22 01:50:23.211,1.63052,1.63073,1.50,1.50
2011.03.22 01:50:23.761,1.63052,1.63076,2.25,1.50
2011.03.22 01:50:29.240,1.63054,1.63081,1.50,3.58
2011.03.22 01:50:29.790,1.63053,1.63081,3.00,4.33
2011.03.22 01:50:32.499,1.63053,1.63081,3.75,3.58
2011.03.22 01:50:33.049,1.63053,1.63081,3.75,3.58
2011.03.22 01:50:33.821,1.63054,1.63081,1.50,2.83
2011.03.22 01:50:35.301,1.63053,1.63081,3.75,3.58
2011.03.22 01:50:35.859,1.63053,1.63081,3.75,3.58
2011.03.22 01:50:36.410,1.63054,1.63081,1.50,2.83
2011.03.22 01:50:38.030,1.63054,1.63081,1.50,3.58
2011.03.22 01:50:39.299,1.63054,1.63081,1.50,3.58
2011.03.22 01:50:39.849,1.63054,1.63081,1.50,3.58
2011.03.22 01:50:40.399,1.63053,1.63081,3.00,4.33
2011.03.22 01:50:40.960,1.63053,1.63081,3.00,4.33
2011.03.22 01:50:41.509,1.63053,1.63081,3.00,4.33
2011.03.22 01:50:42.059,1.63054,1.63081,1.50,3.58
2011.03.22 01:50:42.840,1.63053,1.63081,3.00,4.33
2011.03.22 01:50:43.499,1.63053,1.63081,3.00,4.33
2011.03.22 01:50:44.053,1.63058,1.63081,1.50,2.49
2011.03.22 01:50:44.391,1.63058,1.63082,1.50,2.25
2011.03.22 01:50:52.480,1.63058,1.63081,1.50,1.50
2011.03.22 01:50:53.272,1.63058,1.6308,1.50,2.49
2011.03.22 01:50:53.952,1.63058,1.63081,1.50,2.49
2011.03.22 01:50:54.283,1.63062,1.63082,1.50,2.49
2011.03.22 01:50:54.620,1.63059,1.63081,2.25,1.74
2011.03.22 01:50:55.504,1.63062,1.63081,1.50,2.49
2011.03.22 01:50:55.842,1.63059,1.63082,1.50,3.00
2011.03.22 01:50:56.610,1.63061,1.6308,1.09,1.50
2011.03.22 01:50:56.941,1.6306,1.63081,1.50,1.50
2011.03.22 01:50:57.051,1.63059,1.63081,3.75,1.74
2011.03.22 01:50:57.600,1.63058,1.6308,1.50,1.50
2011.03.22 01:50:58.280,1.63062,1.63081,1.50,2.49
2011.03.22 01:50:58.503,1.63059,1.63082,4.50,4.50
2011.03.22 01:50:59.610,1.63058,1.63082,1.50,1.50
2011.03.22 01:51:01.040,1.63058,1.63082,1.50,2.25
2011.03.22 01:51:05.200,1.63058,1.6308,1.50,1.50
2011.03.22 01:51:05.970,1.63058,1.63082,1.50,3.75
2011.03.22 01:51:06.979,1.63058,1.63082,1.50,3.75
2011.03.22 01:51:07.530,1.63058,1.63081,1.50,1.50
2011.03.22 01:51:11.181,1.63056,1.63078,1.84,1.50
2011.03.22 01:51:11.588,1.63052,1.63072,3.00,1.50
2011.03.22 01:51:12.150,1.63056,1.63078,1.50,1.50
2011.03.22 01:51:12.572,1.63056,1.63078,1.84,1.50
2011.03.22 01:51:12.923,1.63062,1.63086,2.25,3.24
2011.03.22 01:51:13.481,1.63062,1.63084,1.50,1.74
2011.03.22 01:51:13.922,1.63057,1.6308,3.00,1.74
2011.03.22 01:51:14.359,1.63056,1.6308,2.25,1.74
2011.03.22 01:51:14.890,1.63056,1.6308,2.25,1.74
2011.03.22 01:51:15.441,1.63054,1.63073,1.50,1.50
2011.03.22 01:51:15.771,1.63052,1.63072,2.25,1.50
2011.03.22 01:51:16.541,1.63052,1.63072,2.25,1.50
2011.03.22 01:51:17.140,1.63052,1.63072,2.25,1.50
2011.03.22 01:51:17.690,1.63052,1.63072,2.25,1.50
2011.03.22 01:51:18.269,1.63052,1.63072,2.25,1.50
2011.03.22 01:51:18.960,1.63052,1.63072,2.25,1.50
2011.03.22 01:51:19.890,1.63052,1.63073,3.00,1.50
2011.03.22 01:51:20.222,1.63052,1.63072,2.25,1.50
2011.03.22 01:51:20.549,1.63052,1.63078,2.25,1.50
2011.03.22 01:51:32.511,1.63054,1.63073,1.50,1.50
2011.03.22 01:51:32.621,1.63052,1.63072,2.25,1.50
2011.03.22 01:51:32.732,1.63052,1.63072,2.25,1.50
2011.03.22 01:51:37.380,1.63052,1.63073,3.00,2.25
2011.03.22 01:51:37.711,1.63057,1.6308,1.50,1.74
2011.03.22 01:51:37.931,1.63058,1.63081,3.00,2.49
2011.03.22 01:51:39.009,1.63058,1.63081,3.00,1.74
2011.03.22 01:51:39.617,1.63058,1.63081,3.00,1.74
2011.03.22 01:51:40.281,1.63058,1.63081,3.00,1.74
2011.03.22 01:51:40.972,1.63058,1.63081,3.00,1.74
2011.03.22 01:51:41.531,1.63055,1.6308,2.25,1.74
2011.03.22 01:51:41.860,1.63055,1.63081,2.25,3.99
2011.03.22 01:51:47.751,1.63055,1.63073,1.50,1.50
2011.03.22 01:51:47.970,1.63052,1.63072,2.25,1.50
2011.03.22 01:51:51.501,1.63052,1.63072,2.25,1.50
2011.03.22 01:51:52.159,1.63052,1.63072,2.25,1.50
2011.03.22 01:51:52.959,1.63052,1.63072,2.25,1.50
2011.03.22 01:51:53.639,1.63052,1.63072,2.25,1.50
2011.03.22 01:51:54.359,1.63052,1.63072,2.25,1.50
2011.03.22 01:51:55.430,1.63052,1.63072,2.25,1.50
2011.03.22 01:51:56.277,1.63052,1.63072,2.25,1.50
2011.03.22 01:51:59.520,1.63052,1.63072,2.25,2.25
2011.03.22 01:52:02.230,1.63049,1.63072,2.25,1.74
2011.03.22 01:52:02.560,1.63049,1.63072,2.25,1.50
2011.03.22 01:52:03.541,1.6305,1.63072,2.25,1.50
2011.03.22 01:52:05.741,1.6305,1.63071,2.25,1.50
2011.03.22 01:52:06.842,1.6305,1.63072,2.25,2.25
2011.03.22 01:52:09.470,1.6305,1.63072,2.25,1.50
2011.03.22 01:52:09.910,1.63052,1.63072,3.00,1.50
2011.03.22 01:52:14.291,1.63055,1.63078,2.25,3.00
2011.03.22 01:52:14.841,1.63058,1.63078,3.34,1.50
2011.03.22 01:52:14.952,1.6306,1.63078,1.09,1.50
2011.03.22 01:52:15.171,1.63056,1.63075,1.09,1.09
2011.03.22 01:52:15.722,1.63056,1.63075,1.09,1.09
2011.03.22 01:52:17.402,1.63056,1.63075,1.09,1.09
2011.03.22 01:52:17.951,1.63056,1.63075,1.09,1.09
2011.03.22 01:52:18.509,1.63056,1.63075,1.09,1.09
2011.03.22 01:52:30.730,1.63054,1.63077,2.25,1.50
2011.03.22 01:52:31.060,1.63054,1.63077,2.25,1.50
2011.03.22 01:52:41.332,1.63057,1.6308,1.50,1.74
2011.03.22 01:52:41.660,1.63058,1.6308,1.50,1.50
2011.03.22 01:52:45.281,1.63058,1.6308,1.50,1.50
2011.03.22 01:52:48.322,1.63058,1.63082,1.50,3.24
2011.03.22 01:52:50.003,1.63058,1.63081,1.50,1.50
2011.03.22 01:52:50.552,1.63058,1.63081,1.50,1.50
2011.03.22 01:52:51.119,1.63058,1.6308,1.50,1.50
2011.03.22 01:52:55.190,1.63058,1.6308,1.50,1.50
2011.03.22 01:52:55.913,1.63058,1.6308,1.50,1.50
2011.03.22 01:53:02.150,1.63056,1.63079,1.50,1.50
2011.03.22 01:53:02.372,1.63054,1.63079,3.75,1.84
2011.03.22 01:53:02.482,1.63054,1.63079,2.25,2.08
2011.03.22 01:53:32.041,1.63056,1.63078,2.25,1.50
2011.03.22 01:53:32.372,1.63056,1.63078,2.25,1.50
2011.03.22 01:53:39.474,1.63055,1.63079,2.25,1.74
2011.03.22 01:53:40.036,1.63058,1.6308,1.50,1.50
2011.03.22 01:53:40.590,1.63058,1.6308,1.50,1.50
2011.03.22 01:53:40.919,1.63062,1.63082,1.13,3.24
2011.03.22 01:53:41.579,1.63063,1.63082,1.13,3.24
2011.03.22 01:53:42.180,1.63062,1.63082,1.13,3.24
2011.03.22 01:53:43.640,1.63063,1.63082,1.13,3.24
2011.03.22 01:53:44.520,1.63062,1.63082,1.13,3.24
2011.03.22 01:53:45.529,1.6306,1.63082,1.13,3.24
2011.03.22 01:53:45.859,1.63058,1.63076,1.50,1.13
2011.03.22 01:53:46.081,1.63058,1.63076,1.50,1.13
2011.03.22 01:53:46.642,1.63056,1.63076,2.25,1.13
2011.03.22 01:53:47.985,1.63058,1.63076,1.50,1.13
2011.03.22 01:54:03.862,1.63058,1.63081,1.50,1.50
2011.03.22 01:54:06.465,1.63058,1.63081,1.50,1.50
2011.03.22 01:54:10.501,1.63058,1.63081,1.50,1.50
2011.03.22 01:54:11.050,1.63058,1.6308,1.50,1.50
2011.03.22 01:54:16.049,1.63058,1.63082,1.50,3.24
2011.03.22 01:54:16.380,1.63063,1.63082,1.13,3.24
2011.03.22 01:54:22.581,1.63062,1.63082,1.13,2.25
2011.03.22 01:54:22.801,1.63065,1.63081,1.13,1.50
2011.03.22 01:54:23.022,1.63063,1.63082,1.13,2.25
2011.03.22 01:54:23.582,1.63062,1.63081,1.13,1.50
2011.03.22 01:54:24.300,1.63063,1.63081,1.13,1.50
2011.03.22 01:54:24.850,1.63062,1.63081,1.13,1.50
2011.03.22 01:54:25.400,1.63063,1.63081,1.13,1.50
2011.03.22 01:54:25.950,1.63062,1.63081,1.13,1.50
2011.03.22 01:54:26.501,1.63063,1.6308,1.13,1.50
2011.03.22 01:54:29.520,1.63061,1.63082,1.13,2.25
2011.03.22 01:54:29.740,1.63058,1.63082,2.25,4.74
2011.03.22 01:54:30.293,1.63058,1.63082,2.25,4.74
2011.03.22 01:54:30.971,1.63058,1.63082,2.25,5.49
2011.03.22 01:54:31.849,1.63058,1.63081,1.50,2.49
2011.03.22 01:54:32.071,1.63057,1.63077,1.50,3.00
2011.03.22 01:54:32.621,1.63056,1.63077,2.25,3.00
2011.03.22 01:54:33.171,1.63056,1.63077,2.25,3.75
2011.03.22 01:54:33.964,1.63056,1.63077,2.25,3.75
2011.03.22 01:54:36.040,1.63056,1.63077,2.25,3.75
2011.03.22 01:54:36.598,1.63055,1.63072,2.25,1.50
2011.03.22 01:54:36.932,1.63056,1.63078,2.25,1.33
2011.03.22 01:54:37.261,1.63054,1.63076,2.25,1.74
2011.03.22 01:54:37.812,1.63057,1.63073,1.50,2.25
2011.03.22 01:54:37.922,1.63057,1.63073,2.25,2.25
2011.03.22 01:54:38.141,1.63057,1.63078,2.25,2.83
2011.03.22 01:54:38.470,1.63058,1.63079,1.50,1.74
2011.03.22 01:54:48.170,1.63058,1.63081,1.50,1.74
2011.03.22 01:54:48.830,1.63058,1.63081,1.50,1.74
2011.03.22 01:54:49.600,1.63058,1.63081,1.50,1.74
2011.03.22 01:54:51.621,1.63058,1.63081,1.50,1.74
2011.03.22 01:54:52.151,1.63058,1.63081,1.50,1.74
2011.03.22 01:55:03.050,1.63058,1.63081,1.50,1.74
2011.03.22 01:55:03.603,1.63062,1.63082,1.50,4.74
2011.03.22 01:55:03.931,1.63059,1.6308,2.25,1.74
2011.03.22 01:55:04.541,1.63059,1.6308,2.25,1.74
2011.03.22 01:55:06.800,1.63059,1.63081,2.25,1.74
2011.03.22 01:55:07.130,1.63059,1.63082,2.25,3.99
2011.03.22 01:55:18.531,1.63059,1.63081,2.25,2.49
2011.03.22 01:55:21.344,1.63058,1.63081,1.50,3.24
2011.03.22 01:55:22.129,1.63058,1.63081,1.50,3.24
2011.03.22 01:55:26.955,1.63058,1.63081,1.50,3.24
2011.03.22 01:55:28.879,1.63058,1.63081,1.50,3.24
2011.03.22 01:55:29.482,1.63057,1.63076,2.25,1.74
2011.03.22 01:55:29.946,1.63055,1.63076,3.00,1.74
2011.03.22 01:55:30.500,1.63055,1.63076,1.50,1.74
2011.03.22 01:55:32.721,1.63055,1.63076,1.50,1.74
2011.03.22 01:55:33.270,1.63055,1.63076,1.50,1.74
2011.03.22 01:55:35.031,1.6306,1.63076,1.09,1.74
2011.03.22 01:55:35.580,1.63061,1.6308,1.09,2.08
2011.03.22 01:55:36.131,1.63061,1.6308,1.09,2.08
2011.03.22 01:55:38.233,1.63061,1.6308,1.09,2.08
2011.03.22 01:55:38.794,1.63061,1.6308,1.09,2.08
2011.03.22 01:55:39.463,1.63061,1.6308,1.09,2.08
2011.03.22 01:55:39.991,1.63061,1.6308,1.09,2.08
2011.03.22 01:55:40.540,1.63061,1.6308,1.09,2.08
2011.03.22 01:55:41.901,1.63053,1.63075,2.25,1.50
2011.03.22 01:55:42.230,1.63053,1.63075,2.25,1.50
2011.03.22 01:55:43.109,1.63053,1.63075,2.25,2.49
2011.03.22 01:55:43.941,1.63056,1.63075,1.09,2.83
2011.03.22 01:55:47.331,1.63056,1.63075,1.09,2.83
2011.03.22 01:55:48.179,1.63056,1.63075,1.09,2.83
2011.03.22 01:55:48.949,1.63056,1.63075,1.09,2.83
2011.03.22 01:55:52.143,1.63056,1.63075,1.09,2.83
2011.03.22 01:55:56.200,1.63056,1.63075,1.09,2.83
2011.03.22 01:56:00.300,1.63056,1.63073,1.09,1.50
2011.03.22 01:56:00.636,1.63051,1.63069,1.09,1.09
2011.03.22 01:56:01.247,1.63051,1.63069,1.09,1.09
2011.03.22 01:56:01.800,1.63051,1.63069,1.09,1.09
2011.03.22 01:56:04.761,1.63051,1.63069,1.09,1.09
2011.03.22 01:56:05.951,1.63051,1.63069,1.09,1.09
2011.03.22 01:56:08.390,1.63051,1.63069,1.09,1.09
2011.03.22 01:56:10.520,1.63051,1.63069,1.09,1.09
2011.03.22 01:56:11.101,1.63051,1.63069,1.09,1.09
2011.03.22 01:56:11.870,1.63051,1.63069,1.09,1.09
2011.03.22 01:56:13.211,1.63051,1.63069,1.09,1.09
2011.03.22 01:56:14.310,1.63051,1.63069,1.09,1.09
2011.03.22 01:56:21.130,1.63051,1.63069,1.09,1.09
2011.03.22 01:56:29.930,1.63055,1.63071,1.09,1.74
2011.03.22 01:56:30.643,1.63055,1.63073,1.09,1.74
2011.03.22 01:56:31.192,1.63052,1.6307,1.84,1.50
2011.03.22 01:56:31.521,1.63051,1.6307,1.09,1.09
2011.03.22 01:56:32.880,1.63051,1.6307,1.09,1.09
2011.03.22 01:56:33.479,1.63051,1.6307,1.09,1.09
2011.03.22 01:56:35.010,1.63051,1.6307,1.09,1.09
2011.03.22 01:56:45.711,1.63051,1.6307,1.09,1.41
2011.03.22 01:56:52.419,1.63053,1.6307,2.25,1.09
2011.03.22 01:56:54.360,1.63053,1.6307,2.25,1.09
2011.03.22 01:56:58.191,1.63053,1.6307,2.25,1.09
2011.03.22 01:56:58.740,1.63055,1.6307,2.25,1.09
2011.03.22 01:56:59.315,1.63054,1.6307,2.25,1.09
2011.03.22 01:56:59.872,1.63054,1.6307,2.25,1.09
2011.03.22 01:57:00.421,1.63056,1.63072,2.25,1.50
2011.03.22 01:57:02.080,1.63056,1.63073,1.50,1.50
2011.03.22 01:57:02.920,1.63056,1.63073,2.25,1.50
2011.03.22 01:57:03.472,1.63056,1.63073,1.50,1.50
2011.03.22 01:57:04.550,1.63056,1.63073,1.50,1.50
2011.03.22 01:57:06.280,1.63056,1.63073,1.50,1.50
2011.03.22 01:57:09.362,1.63056,1.63073,1.50,2.25
2011.03.22 01:57:09.470,1.63054,1.63073,2.25,2.25
2011.03.22 01:57:10.020,1.63054,1.63072,1.50,1.50
2011.03.22 01:57:11.980,1.63054,1.63072,2.25,1.50
2011.03.22 01:57:12.527,1.63054,1.63072,1.50,1.50
2011.03.22 01:57:13.031,1.63054,1.63072,2.25,1.50
2011.03.22 01:57:13.739,1.63054,1.63072,1.50,1.50
2011.03.22 01:57:14.181,1.63054,1.63073,3.00,1.50
2011.03.22 01:57:22.675,1.63054,1.63076,2.25,1.09
2011.03.22 01:57:23.222,1.63051,1.6307,2.59,1.09
2011.03.22 01:57:23.990,1.63051,1.6307,2.59,1.09
2011.03.22 01:57:24.653,1.63051,1.6307,2.59,1.09
2011.03.22 01:57:35.031,1.63051,1.6307,2.59,1.09
2011.03.22 01:57:40.001,1.63051,1.6307,2.59,1.09
2011.03.22 01:57:40.971,1.63051,1.6307,2.59,1.09
2011.03.22 01:57:44.222,1.63051,1.6307,2.59,1.09
2011.03.22 01:57:45.210,1.63051,1.6307,2.59,1.09
2011.03.22 01:57:45.760,1.63051,1.6307,2.59,1.09
2011.03.22 01:57:47.010,1.63051,1.6307,1.09,1.09
2011.03.22 01:57:48.460,1.63051,1.6307,1.09,1.09
2011.03.22 01:58:01.650,1.63049,1.6307,3.34,1.09
2011.03.22 01:58:01.834,1.63049,1.63066,3.00,1.09
2011.03.22 01:58:01.957,1.6305,1.63071,1.09,4.33
2011.03.22 01:58:02.180,1.6305,1.63071,1.09,2.08
2011.03.22 01:58:02.730,1.6305,1.63071,1.09,1.09
2011.03.22 01:58:17.992,1.6305,1.63071,1.09,1.09
2011.03.22 01:58:18.539,1.6305,1.63071,1.09,1.09
2011.03.22 01:58:22.760,1.6305,1.63071,1.09,1.09
2011.03.22 01:58:24.061,1.6305,1.63071,1.09,3.58
2011.03.22 01:58:25.411,1.6305,1.63071,1.09,2.83
2011.03.22 01:58:28.842,1.6305,1.6307,1.09,1.74
2011.03.22 01:58:29.880,1.6305,1.63071,1.09,3.58
2011.03.22 01:58:30.319,1.6305,1.63071,1.09,3.58
2011.03.22 01:58:30.831,1.6305,1.63071,1.09,3.58
2011.03.22 01:58:31.630,1.6305,1.63071,1.09,3.58
2011.03.22 01:58:40.252,1.6305,1.63071,1.09,3.58
2011.03.22 01:58:40.813,1.6305,1.63071,1.09,3.58
2011.03.22 01:58:57.902,1.63052,1.63071,1.13,2.08
2011.03.22 01:58:58.451,1.63048,1.63065,1.50,1.74
2011.03.22 01:58:58.783,1.63046,1.63061,1.13,2.49
2011.03.22 01:58:58.893,1.63044,1.6306,2.25,1.74
2011.03.22 01:59:00.440,1.63042,1.63061,1.13,3.24
2011.03.22 01:59:02.453,1.63042,1.63064,1.88,2.08
2011.03.22 01:59:02.571,1.63046,1.63064,1.50,1.74
2011.03.22 01:59:03.671,1.63047,1.63065,1.13,1.50
2011.03.22 01:59:04.268,1.63047,1.63065,1.13,1.74
2011.03.22 01:59:06.880,1.63047,1.63064,1.13,1.74
2011.03.22 01:59:07.430,1.63047,1.63064,1.13,1.74
2011.03.22 01:59:08.082,1.63047,1.63064,1.13,1.74
2011.03.22 01:59:08.191,1.63047,1.63065,1.13,1.74
2011.03.22 01:59:08.744,1.63047,1.63063,1.13,1.74
2011.03.22 01:59:10.141,1.63047,1.63063,1.13,1.74
2011.03.22 01:59:10.944,1.63047,1.63064,1.13,1.74
2011.03.22 01:59:11.281,1.63047,1.63065,1.13,1.74
2011.03.22 01:59:13.762,1.63047,1.63061,1.13,2.59
2011.03.22 01:59:16.012,1.63043,1.63062,1.13,2.08
2011.03.22 01:59:16.911,1.63043,1.63062,1.13,2.08
2011.03.22 01:59:17.570,1.63043,1.63062,1.13,1.33
2011.03.22 01:59:18.121,1.63043,1.63062,1.13,2.08
2011.03.22 01:59:18.344,1.63045,1.63063,1.88,1.74
2011.03.22 01:59:18.463,1.63045,1.63064,3.38,1.74
2011.03.22 01:59:18.802,1.63045,1.63066,2.63,3.99
2011.03.22 01:59:18.912,1.63045,1.63066,2.63,2.49
2011.03.22 01:59:19.460,1.63045,1.63066,2.63,2.49
2011.03.22 01:59:19.981,1.63045,1.63066,2.63,2.49
2011.03.22 01:59:20.760,1.63045,1.63066,2.63,3.24
2011.03.22 01:59:21.310,1.63045,1.63066,2.63,2.49
2011.03.22 01:59:21.970,1.63045,1.63066,2.63,2.49
2011.03.22 01:59:22.520,1.63046,1.63066,2.63,3.24
2011.03.22 01:59:23.620,1.63046,1.63066,2.63,2.49
2011.03.22 01:59:23.950,1.63046,1.63066,2.63,2.49
2011.03.22 01:59:24.541,1.63046,1.63066,2.63,2.49
2011.03.22 01:59:24.653,1.63046,1.63066,2.63,2.49
2011.03.22 01:59:26.414,1.63051,1.6307,2.59,2.08
2011.03.22 01:59:26.761,1.63051,1.63066,2.63,2.59
2011.03.22 01:59:27.312,1.63051,1.63072,1.13,2.49
2011.03.22 01:59:27.533,1.63051,1.63071,1.13,1.50
2011.03.22 01:59:34.586,1.63048,1.6307,1.50,1.50
2011.03.22 01:59:35.253,1.63048,1.6307,1.50,1.50
2011.03.22 01:59:37.512,1.63048,1.63067,1.50,1.50
2011.03.22 01:59:38.061,1.63046,1.63067,2.25,1.74
2011.03.22 01:59:42.262,1.63048,1.63068,2.25,1.74
2011.03.22 01:59:42.811,1.63048,1.63067,2.25,1.74
2011.03.22 01:59:45.632,1.63048,1.63067,2.25,1.74
2011.03.22 01:59:46.731,1.63048,1.63069,2.63,1.74
2011.03.22 01:59:47.421,1.63048,1.63069,2.63,1.74
2011.03.22 01:59:48.410,1.63048,1.63067,2.63,1.50
2011.03.22 01:59:48.990,1.63048,1.63067,2.63,1.50
2011.03.22 01:59:49.552,1.63048,1.63067,2.63,1.50
2011.03.22 01:59:52.142,1.63048,1.63067,2.63,1.50
