2012.12.13 02:00:00.113,1.61285,1.61301,1.75,2.25
2012.12.13 02:00:00.299,1.61284,1.613,1.20,1.73
2012.12.13 02:00:11.847,1.61289,1.613,1.52,2.48
2012.12.13 02:00:13.978,1.61283,1.613,2.50,2.48
2012.12.13 02:00:31.027,1.61284,1.613,1.37,3.23
2012.12.13 02:00:31.346,1.61286,1.61304,1.50,2.63
2012.12.13 02:00:31.411,1.61284,1.61304,2.87,2.85
2012.12.13 02:00:31.477,1.61284,1.61301,2.12,1.73
2012.12.13 02:00:31.776,1.61286,1.61298,1.50,1.50
2012.12.13 02:00:31.836,1.61286,1.613,1.50,1.50
2012.12.13 02:00:33.076,1.61286,1.61307,1.52,3.75
2012.12.13 02:00:38.585,1.61286,1.61307,1.52,3.75
2012.12.13 02:00:39.926,1.61287,1.61301,1.15,1.50
2012.12.13 02:00:40.442,1.61287,1.61301,1.13,3.98
2012.12.13 02:00:50.145,1.61282,1.613,1.75,1.73
2012.12.13 02:01:03.196,1.61282,1.613,1.75,1.73
2012.12.13 02:01:07.135,1.61282,1.61298,1.73,1.50
2012.12.13 02:01:13.080,1.61282,1.61298,1.73,1.50
2012.12.13 02:01:14.590,1.61282,1.61298,1.73,2.25
2012.12.13 02:01:14.897,1.61281,1.61289,1.50,1.50
2012.12.13 02:01:16.596,1.61282,1.61297,1.73,4.50
2012.12.13 02:01:17.134,1.61279,1.61295,1.35,3.98
2012.12.13 02:01:17.256,1.61279,1.61294,1.35,1.73
2012.12.13 02:01:33.616,1.61279,1.61295,1.73,6.23
2012.12.13 02:01:33.917,1.61282,1.61295,1.50,3.23
2012.12.13 02:01:34.098,1.61283,1.61299,1.73,4.62
2012.12.13 02:01:34.658,1.61283,1.61297,1.73,2.25
2012.12.13 02:01:35.788,1.61283,1.61299,2.48,2.25
2012.12.13 02:01:36.267,1.61283,1.61298,2.48,1.13
2012.12.13 02:01:36.327,1.61283,1.61299,2.48,3.00
2012.12.13 02:01:38.937,1.61283,1.61299,2.48,3.00
2012.12.13 02:01:39.059,1.61283,1.61299,2.48,3.00
2012.12.13 02:01:43.456,1.61283,1.61299,2.48,4.13
2012.12.13 02:01:43.763,1.61278,1.6129,1.73,1.50
2012.12.13 02:01:43.827,1.61278,1.6129,1.73,1.88
2012.12.13 02:01:44.366,1.61278,1.61293,2.48,1.88
2012.12.13 02:01:46.727,1.61279,1.61292,1.73,1.50
2012.12.13 02:01:46.918,1.61283,1.61292,1.50,1.50
2012.12.13 02:01:47.439,1.61283,1.61292,2.48,1.50
2012.12.13 02:01:48.387,1.61283,1.61292,2.48,1.50
2012.12.13 02:01:49.156,1.61283,1.61297,2.48,1.50
2012.12.13 02:01:49.299,1.61283,1.61301,2.48,3.98
2012.12.13 02:02:16.217,1.61283,1.61301,2.48,3.98
2012.12.13 02:02:16.586,1.61288,1.61303,2.48,1.88
2012.12.13 02:02:16.707,1.61286,1.61303,1.73,1.88
2012.12.13 02:02:16.767,1.61286,1.61301,1.50,3.23
2012.12.13 02:02:17.396,1.61283,1.61301,2.48,4.73
2012.12.13 02:02:27.856,1.61283,1.613,2.48,1.73
2012.12.13 02:02:39.668,1.61283,1.613,2.48,2.48
2012.12.13 02:02:45.203,1.61283,1.613,2.48,2.48
2012.12.13 02:02:45.626,1.61283,1.61298,2.48,1.50
2012.12.13 02:02:45.927,1.61289,1.61302,1.50,3.23
2012.12.13 02:02:46.446,1.61284,1.613,1.73,2.48
2012.12.13 02:02:51.468,1.61284,1.613,1.73,2.48
2012.12.13 02:02:52.116,1.61284,1.613,1.73,2.48
2012.12.13 02:02:52.297,1.61284,1.613,1.73,2.48
2012.12.13 02:02:52.607,1.61284,1.613,1.73,2.48
2012.12.13 02:02:52.727,1.61284,1.61297,1.73,1.50
2012.12.13 02:02:52.976,1.61284,1.61299,1.73,1.50
2012.12.13 02:03:02.137,1.61283,1.61299,2.48,1.50
2012.12.13 02:03:19.968,1.61283,1.61299,2.48,2.25
2012.12.13 02:03:49.075,1.61283,1.613,1.73,3.23
2012.12.13 02:04:06.518,1.61283,1.61299,1.73,2.25
2012.12.13 02:04:16.465,1.61284,1.613,1.35,3.23
2012.12.13 02:04:16.586,1.61282,1.613,1.73,3.23
2012.12.13 02:04:16.647,1.61286,1.613,1.50,2.48
2012.12.13 02:04:17.007,1.61283,1.61301,6.98,1.50
2012.12.13 02:04:17.127,1.61283,1.61301,2.48,1.73
2012.12.13 02:04:17.724,1.61283,1.61301,2.48,2.48
2012.12.13 02:04:20.582,1.61284,1.61302,1.73,5.48
2012.12.13 02:04:21.097,1.61284,1.61302,1.73,6.23
2012.12.13 02:04:26.850,1.61286,1.61301,1.47,1.73
2012.12.13 02:04:27.169,1.61292,1.61304,1.50,1.73
2012.12.13 02:04:27.418,1.61289,1.61304,1.73,3.23
2012.12.13 02:04:27.598,1.61289,1.61306,1.73,2.03
2012.12.13 02:04:28.147,1.61289,1.61306,2.48,2.48
2012.12.13 02:04:28.802,1.61289,1.61306,2.48,2.48
2012.12.13 02:04:29.858,1.61289,1.61306,2.48,1.73
2012.12.13 02:04:30.528,1.61289,1.61306,2.48,1.73
2012.12.13 02:04:36.826,1.61289,1.61306,2.48,1.73
2012.12.13 02:04:38.838,1.61289,1.61306,3.23,2.48
2012.12.13 02:04:44.077,1.61291,1.61306,3.23,1.73
2012.12.13 02:04:44.387,1.61293,1.6131,2.48,2.85
2012.12.13 02:04:44.896,1.61293,1.6131,2.48,2.48
2012.12.13 02:04:50.328,1.61293,1.6131,1.73,2.48
2012.12.13 02:04:51.101,1.61293,1.6131,1.73,1.73
2012.12.13 02:04:51.367,1.61293,1.6131,2.48,1.73
2012.12.13 02:05:17.718,1.61293,1.6131,2.48,1.73
2012.12.13 02:05:20.546,1.61293,1.6131,2.48,1.73
2012.12.13 02:05:24.770,1.61293,1.61311,2.48,3.23
2012.12.13 02:05:25.807,1.61293,1.61311,2.48,1.73
2012.12.13 02:05:27.517,1.61293,1.61311,2.48,1.73
2012.12.13 02:05:31.253,1.61293,1.61311,2.48,1.73
2012.12.13 02:05:43.227,1.61293,1.6131,2.48,1.73
2012.12.13 02:05:43.537,1.61293,1.6131,1.73,2.48
2012.12.13 02:05:43.698,1.61293,1.6131,2.48,1.73
2012.12.13 02:05:52.457,1.61293,1.6131,2.48,2.48
2012.12.13 02:05:53.986,1.61293,1.6131,2.48,1.73
2012.12.13 02:05:54.177,1.61293,1.6131,3.60,1.73
2012.12.13 02:05:54.723,1.61293,1.61312,3.62,1.73
2012.12.13 02:05:56.221,1.61293,1.61312,4.37,1.73
2012.12.13 02:05:58.309,1.61293,1.61311,4.35,3.23
2012.12.13 02:05:58.560,1.61293,1.6131,3.23,1.73
2012.12.13 02:05:59.046,1.61293,1.61309,3.98,1.50
2012.12.13 02:05:59.596,1.61293,1.61311,3.98,3.23
2012.12.13 02:06:00.647,1.61293,1.61311,4.35,2.48
2012.12.13 02:06:01.220,1.61293,1.61311,4.13,3.23
2012.12.13 02:06:01.914,1.61293,1.61309,3.98,1.50
2012.12.13 02:06:04.976,1.61293,1.61309,3.98,1.50
2012.12.13 02:06:06.116,1.61293,1.61311,3.98,5.48
2012.12.13 02:06:06.624,1.61293,1.61311,3.23,3.98
2012.12.13 02:06:13.187,1.61293,1.6131,3.23,1.73
2012.12.13 02:06:15.927,1.61293,1.61309,3.23,2.25
2012.12.13 02:06:16.926,1.61293,1.61309,3.23,1.50
2012.12.13 02:06:17.572,1.61293,1.6131,3.23,1.73
2012.12.13 02:06:22.736,1.61293,1.6131,3.23,1.73
2012.12.13 02:06:33.956,1.61293,1.6131,3.23,1.73
2012.12.13 02:07:12.776,1.61293,1.61311,3.23,1.73
2012.12.13 02:07:13.380,1.61293,1.61313,3.62,3.83
2012.12.13 02:07:13.473,1.613,1.61315,1.73,2.48
2012.12.13 02:07:13.776,1.613,1.61312,1.73,1.50
2012.12.13 02:07:14.136,1.61298,1.6131,1.73,1.50
2012.12.13 02:07:14.457,1.61293,1.6131,3.23,3.23
2012.12.13 02:07:15.030,1.61293,1.6131,3.23,2.48
2012.12.13 02:07:15.708,1.61293,1.6131,3.23,2.48
2012.12.13 02:07:18.858,1.61293,1.6131,3.23,3.23
2012.12.13 02:07:18.917,1.61293,1.61308,3.23,1.50
2012.12.13 02:07:22.957,1.61293,1.61308,3.23,1.50
2012.12.13 02:07:23.017,1.61293,1.6131,3.23,2.48
2012.12.13 02:07:25.260,1.61295,1.61311,2.25,2.48
2012.12.13 02:07:37.672,1.61293,1.61311,3.98,3.98
2012.12.13 02:07:38.178,1.61293,1.61309,3.23,1.50
2012.12.13 02:07:38.377,1.61293,1.61309,3.23,2.25
2012.12.13 02:07:38.998,1.61293,1.61309,3.23,2.25
2012.12.13 02:07:39.702,1.61294,1.61309,1.73,1.50
2012.12.13 02:07:41.322,1.61293,1.61309,3.23,1.50
2012.12.13 02:07:58.412,1.61293,1.6131,3.23,3.23
2012.12.13 02:08:12.139,1.61293,1.6131,3.23,3.23
2012.12.13 02:08:33.881,1.61293,1.6131,3.23,3.23
2012.12.13 02:08:44.185,1.61293,1.61311,2.48,2.48
2012.12.13 02:08:47.835,1.61293,1.61311,2.48,2.48
2012.12.13 02:08:48.696,1.61293,1.61311,2.48,2.48
2012.12.13 02:08:51.548,1.61293,1.61311,2.48,2.48
2012.12.13 02:09:03.736,1.61293,1.61311,3.23,3.98
2012.12.13 02:10:01.757,1.61293,1.61311,2.94,3.23
2012.12.13 02:10:05.217,1.61293,1.61311,2.27,3.23
2012.12.13 02:10:05.745,1.61292,1.6131,1.73,2.48
2012.12.13 02:10:10.276,1.61291,1.6131,2.48,2.48
2012.12.13 02:10:13.407,1.61291,1.61308,3.23,2.25
2012.12.13 02:10:19.363,1.61291,1.61308,2.48,2.33
2012.12.13 02:10:22.106,1.61291,1.61308,3.23,2.33
2012.12.13 02:11:23.076,1.61288,1.61308,1.75,2.33
2012.12.13 02:11:48.176,1.61291,1.61308,4.73,2.33
2012.12.13 02:11:50.149,1.61291,1.61308,3.98,3.08
2012.12.13 02:11:50.338,1.61289,1.61304,2.48,3.23
2012.12.13 02:11:50.399,1.61291,1.61304,3.23,3.00
2012.12.13 02:11:50.468,1.61291,1.61304,4.73,1.50
2012.12.13 02:11:50.977,1.61292,1.61306,1.73,1.50
2012.12.13 02:11:51.735,1.61292,1.61308,1.73,2.33
2012.12.13 02:11:54.257,1.61293,1.61308,1.73,2.33
2012.12.13 02:11:56.687,1.61293,1.61309,1.73,1.65
2012.12.13 02:11:57.048,1.61293,1.6131,1.73,3.38
2012.12.13 02:11:57.118,1.61293,1.6131,1.73,3.38
2012.12.13 02:11:57.177,1.61293,1.6131,1.73,3.30
2012.12.13 02:11:57.729,1.61297,1.6131,1.50,2.48
2012.12.13 02:11:57.798,1.61293,1.6131,1.73,3.23
2012.12.13 02:11:57.987,1.61293,1.6131,1.73,3.98
2012.12.13 02:11:58.569,1.61294,1.61308,1.73,1.50
2012.12.13 02:12:04.207,1.61293,1.61308,1.73,2.25
2012.12.13 02:12:08.327,1.61293,1.61309,1.73,1.50
2012.12.13 02:12:08.889,1.61293,1.61309,1.73,1.50
2012.12.13 02:12:21.417,1.61293,1.61309,1.73,1.50
2012.12.13 02:12:24.463,1.61293,1.6131,1.73,2.48
2012.12.13 02:12:35.137,1.61293,1.6131,1.73,2.48
2012.12.13 02:12:48.247,1.61293,1.6131,1.73,2.48
2012.12.13 02:12:48.748,1.61293,1.6131,1.73,2.48
2012.12.13 02:13:12.816,1.61292,1.6131,1.75,2.48
2012.12.13 02:13:24.736,1.61291,1.61311,1.75,3.23
2012.12.13 02:13:26.088,1.61293,1.61311,1.13,2.48
2012.12.13 02:13:26.409,1.61298,1.61314,2.25,3.98
2012.12.13 02:13:26.717,1.61298,1.61315,2.85,1.73
2012.12.13 02:13:32.139,1.61298,1.61314,2.10,1.73
2012.12.13 02:13:32.440,1.61296,1.61311,3.23,1.50
2012.12.13 02:13:32.628,1.61294,1.61309,1.20,1.50
2012.12.13 02:13:32.688,1.61294,1.61309,1.20,2.25
2012.12.13 02:13:34.043,1.61293,1.61309,1.73,1.50
2012.12.13 02:13:35.628,1.61293,1.6131,1.73,2.48
2012.12.13 02:13:45.144,1.61293,1.6131,1.73,2.48
2012.12.13 02:13:56.880,1.61296,1.6131,2.25,1.73
2012.12.13 02:13:57.208,1.61298,1.61315,2.12,1.92
2012.12.13 02:13:57.837,1.61298,1.61312,2.12,1.50
2012.12.13 02:13:58.138,1.61296,1.61312,1.50,1.73
2012.12.13 02:13:58.732,1.61293,1.61312,2.35,1.73
2012.12.13 02:14:08.830,1.61298,1.61312,1.50,1.73
2012.12.13 02:14:08.958,1.61298,1.61312,1.90,1.73
2012.12.13 02:14:09.030,1.61298,1.61314,2.50,1.73
2012.12.13 02:14:09.339,1.61298,1.61315,4.00,2.48
2012.12.13 02:14:09.468,1.61298,1.61315,4.00,2.48
2012.12.13 02:14:09.587,1.61298,1.61315,2.48,1.73
2012.12.13 02:14:10.460,1.61298,1.61316,2.48,4.73
2012.12.13 02:14:10.829,1.61298,1.61316,2.48,4.73
2012.12.13 02:14:12.187,1.61298,1.61316,2.40,4.73
2012.12.13 02:14:13.355,1.61298,1.61316,2.48,3.98
2012.12.13 02:14:13.687,1.61301,1.61316,1.73,3.23
2012.12.13 02:14:14.218,1.61298,1.61316,2.48,3.98
2012.12.13 02:14:14.348,1.61298,1.61316,2.48,3.98
2012.12.13 02:14:14.578,1.61299,1.61316,1.73,3.23
2012.12.13 02:14:15.088,1.61298,1.61316,2.48,3.98
2012.12.13 02:14:15.618,1.61298,1.61316,2.48,3.98
2012.12.13 02:14:17.875,1.61298,1.61316,2.48,3.98
2012.12.13 02:14:18.316,1.61298,1.61316,2.85,3.23
2012.12.13 02:14:18.848,1.61298,1.61316,2.48,3.23
2012.12.13 02:14:27.529,1.61298,1.61314,2.10,1.73
2012.12.13 02:14:27.867,1.61298,1.61314,2.33,1.73
2012.12.13 02:14:28.879,1.61298,1.61315,2.33,1.73
2012.12.13 02:14:30.847,1.61298,1.61316,2.33,3.23
2012.12.13 02:14:30.912,1.61298,1.6131,2.33,1.50
2012.12.13 02:14:31.522,1.61298,1.6131,2.48,1.50
2012.12.13 02:14:32.991,1.61298,1.61314,1.45,1.73
2012.12.13 02:14:33.419,1.61296,1.61316,7.13,3.98
2012.12.13 02:14:33.547,1.61298,1.61316,2.12,3.98
2012.12.13 02:14:33.868,1.61298,1.61316,2.35,3.98
2012.12.13 02:14:40.255,1.61298,1.61316,2.12,3.98
2012.12.13 02:14:45.697,1.61298,1.61316,2.12,3.98
2012.12.13 02:14:46.697,1.61298,1.61315,2.12,1.73
2012.12.13 02:14:53.247,1.61298,1.61316,2.12,3.98
2012.12.13 02:14:55.238,1.61298,1.61316,2.12,3.23
2012.12.13 02:15:15.288,1.61298,1.61316,3.70,3.98
2012.12.13 02:15:36.497,1.61298,1.61316,1.52,3.98
2012.12.13 02:15:36.618,1.61298,1.61316,1.37,3.98
2012.12.13 02:15:37.356,1.61298,1.61316,1.37,3.98
2012.12.13 02:15:37.945,1.61298,1.61316,1.37,3.23
2012.12.13 02:16:11.165,1.61298,1.61316,3.85,2.48
2012.12.13 02:16:36.353,1.61298,1.61316,2.42,2.48
2012.12.13 02:16:48.907,1.61303,1.61316,1.50,2.48
2012.12.13 02:16:49.147,1.61303,1.61319,1.73,1.50
2012.12.13 02:16:49.597,1.61301,1.61319,4.75,1.50
2012.12.13 02:16:58.248,1.61303,1.6132,1.75,1.73
2012.12.13 02:17:03.129,1.61302,1.61319,1.75,1.50
2012.12.13 02:17:32.158,1.61303,1.61319,1.73,1.50
2012.12.13 02:18:21.689,1.61301,1.61317,1.75,1.50
2012.12.13 02:18:21.997,1.61303,1.6132,1.73,1.73
2012.12.13 02:18:22.555,1.61301,1.61319,2.50,1.50
2012.12.13 02:18:30.428,1.61301,1.61319,2.50,1.50
2012.12.13 02:19:05.162,1.61301,1.61319,2.50,1.50
2012.12.13 02:19:16.053,1.61301,1.61319,2.50,1.50
2012.12.13 02:19:16.238,1.61301,1.61318,1.75,1.50
2012.12.13 02:19:16.298,1.61301,1.61318,1.75,1.50
2012.12.13 02:19:17.113,1.61301,1.61319,2.50,1.50
2012.12.13 02:19:52.858,1.61303,1.6132,1.73,1.73
2012.12.13 02:19:53.360,1.61301,1.61319,2.50,1.50
2012.12.13 02:20:16.717,1.61303,1.61319,1.73,2.25
2012.12.13 02:20:22.347,1.61303,1.61319,1.73,2.25
2012.12.13 02:20:34.132,1.61303,1.61319,1.73,1.50
2012.12.13 02:21:00.069,1.61303,1.61319,1.73,3.00
2012.12.13 02:21:13.928,1.61303,1.61319,1.73,1.50
2012.12.13 02:21:18.087,1.61303,1.61319,1.73,1.50
2012.12.13 02:21:20.175,1.61303,1.61317,1.73,1.50
2012.12.13 02:21:20.240,1.61302,1.6132,2.48,2.48
2012.12.13 02:21:20.799,1.61302,1.61316,1.73,1.50
2012.12.13 02:21:21.138,1.61301,1.61319,4.73,3.00
2012.12.13 02:21:22.911,1.61301,1.61317,3.98,1.50
2012.12.13 02:21:22.980,1.61302,1.61319,1.73,3.00
2012.12.13 02:21:23.492,1.61303,1.61319,1.73,2.25
2012.12.13 02:21:24.038,1.61303,1.61319,1.73,1.50
2012.12.13 02:21:30.830,1.61303,1.6132,1.73,1.73
2012.12.13 02:21:35.799,1.61303,1.6132,3.23,1.73
2012.12.13 02:21:47.017,1.61303,1.6132,2.48,1.88
2012.12.13 02:21:49.417,1.61303,1.6132,2.25,1.65
2012.12.13 02:22:11.082,1.61303,1.6132,1.50,2.40
2012.12.13 02:22:11.804,1.61302,1.6132,1.52,2.40
2012.12.13 02:22:14.938,1.61302,1.6132,1.52,1.65
2012.12.13 02:22:24.227,1.61302,1.6132,1.52,2.40
2012.12.13 02:23:00.300,1.61303,1.61321,1.50,6.15
2012.12.13 02:23:28.228,1.61303,1.6132,2.25,2.03
2012.12.13 02:23:44.617,1.61303,1.61319,2.25,2.40
2012.12.13 02:24:29.157,1.61303,1.6132,1.50,3.53
2012.12.13 02:24:57.104,1.61303,1.61318,1.50,1.58
2012.12.13 02:25:02.847,1.61303,1.61318,1.50,1.58
2012.12.13 02:25:04.916,1.61301,1.61318,1.50,1.50
2012.12.13 02:25:16.567,1.61301,1.61317,1.50,1.50
2012.12.13 02:25:17.256,1.61301,1.61319,1.50,1.50
2012.12.13 02:25:44.063,1.61301,1.61319,1.50,1.50
2012.12.13 02:25:44.997,1.61301,1.61319,1.50,2.25
2012.12.13 02:25:50.658,1.61301,1.61319,1.50,1.50
2012.12.13 02:25:59.101,1.61307,1.61321,1.50,2.85
2012.12.13 02:25:59.648,1.61308,1.61319,1.50,1.50
2012.12.13 02:25:59.889,1.61303,1.61319,1.73,2.25
2012.12.13 02:26:00.440,1.61303,1.61319,1.73,2.25
2012.12.13 02:26:00.688,1.61306,1.61319,1.50,1.50
2012.12.13 02:26:02.459,1.61303,1.61319,1.73,2.25
2012.12.13 02:26:11.729,1.61303,1.61319,2.48,2.25
2012.12.13 02:26:15.719,1.61303,1.61317,1.73,2.25
2012.12.13 02:26:16.248,1.61303,1.61317,2.48,2.25
2012.12.13 02:26:26.549,1.61303,1.61315,2.48,1.50
2012.12.13 02:26:26.852,1.61301,1.61314,1.73,1.13
2012.12.13 02:26:26.989,1.61296,1.6131,1.88,2.48
2012.12.13 02:26:27.109,1.61294,1.6131,2.10,2.48
2012.12.13 02:26:27.428,1.61294,1.61306,1.73,1.50
2012.12.13 02:26:27.548,1.61294,1.61308,1.73,2.25
2012.12.13 02:26:44.931,1.61293,1.61305,1.73,1.13
2012.12.13 02:26:45.181,1.61289,1.61301,1.73,1.50
2012.12.13 02:26:45.495,1.61286,1.61298,1.73,1.50
2012.12.13 02:26:45.559,1.61285,1.61298,1.50,1.50
2012.12.13 02:26:46.630,1.61286,1.613,1.50,2.48
2012.12.13 02:26:55.139,1.61286,1.613,1.50,3.98
2012.12.13 02:26:55.449,1.61283,1.61297,1.50,2.48
2012.12.13 02:26:56.010,1.61283,1.61298,2.25,3.98
2012.12.13 02:26:56.069,1.61283,1.61298,2.48,3.75
2012.12.13 02:26:56.189,1.61283,1.61298,2.48,2.25
2012.12.13 02:26:56.369,1.61283,1.613,2.48,2.48
2012.12.13 02:26:56.979,1.61283,1.613,2.48,2.48
2012.12.13 02:26:57.500,1.61285,1.613,1.50,2.48
2012.12.13 02:26:57.629,1.61285,1.613,1.50,2.48
2012.12.13 02:26:57.810,1.61285,1.613,1.50,3.23
2012.12.13 02:26:58.119,1.61284,1.61297,1.50,3.23
2012.12.13 02:26:58.480,1.61285,1.61299,1.13,2.78
2012.12.13 02:26:58.789,1.61288,1.61302,1.88,2.25
2012.12.13 02:26:58.910,1.61293,1.61305,1.50,1.50
2012.12.13 02:26:58.979,1.61293,1.61307,1.50,3.09
2012.12.13 02:26:59.040,1.61293,1.61308,1.73,2.25
2012.12.13 02:26:59.780,1.61293,1.61308,2.48,2.25
2012.12.13 02:27:00.179,1.61293,1.61306,2.48,1.50
2012.12.13 02:27:13.070,1.61293,1.61308,1.73,3.75
2012.12.13 02:27:25.253,1.61293,1.61308,1.73,1.50
2012.12.13 02:27:33.388,1.61293,1.61308,1.73,2.25
2012.12.13 02:27:45.319,1.61293,1.61308,1.73,2.25
2012.12.13 02:27:46.769,1.61293,1.61305,1.73,1.50
2012.12.13 02:27:55.660,1.61292,1.61307,1.73,2.25
2012.12.13 02:28:16.487,1.61292,1.61308,2.48,2.25
2012.12.13 02:28:27.217,1.61292,1.61308,1.73,2.25
2012.12.13 02:28:41.489,1.61292,1.6131,2.48,3.23
2012.12.13 02:28:45.190,1.61292,1.61309,1.73,1.50
2012.12.13 02:28:48.501,1.61292,1.61309,2.48,1.50
2012.12.13 02:28:49.073,1.61292,1.61309,1.73,1.50
2012.12.13 02:28:57.430,1.61292,1.61309,1.73,2.25
2012.12.13 02:29:09.909,1.61293,1.61309,1.73,3.75
2012.12.13 02:29:10.526,1.61293,1.61307,1.73,1.50
2012.12.13 02:29:13.915,1.61293,1.61309,1.73,3.75
2012.12.13 02:29:41.930,1.61293,1.61305,1.73,1.13
2012.12.13 02:29:42.299,1.6129,1.61303,1.73,1.13
2012.12.13 02:29:43.328,1.61289,1.61303,1.73,2.25
2012.12.13 02:29:48.068,1.6129,1.61303,1.73,1.88
2012.12.13 02:29:49.210,1.6129,1.61303,1.73,1.50
2012.12.13 02:29:57.140,1.61286,1.61301,2.48,2.25
2012.12.13 02:29:57.319,1.61286,1.61301,1.50,5.48
2012.12.13 02:30:04.751,1.61283,1.613,2.48,1.73
2012.12.13 02:30:07.079,1.61283,1.61301,2.48,5.48
2012.12.13 02:30:10.862,1.61285,1.61301,1.50,5.48
2012.12.13 02:30:26.919,1.61286,1.61301,1.50,2.48
2012.12.13 02:30:27.471,1.61286,1.61301,1.50,3.23
2012.12.13 02:30:28.220,1.61286,1.61302,2.25,2.59
2012.12.13 02:30:28.530,1.61288,1.61301,1.50,1.73
2012.12.13 02:30:28.720,1.61288,1.61305,2.25,2.07
2012.12.13 02:30:30.698,1.61288,1.61305,2.25,2.07
2012.12.13 02:30:38.067,1.61288,1.61305,2.25,2.82
2012.12.13 02:30:38.369,1.61294,1.61309,1.73,1.50
2012.12.13 02:30:38.919,1.61295,1.61311,2.48,3.75
2012.12.13 02:31:08.865,1.61282,1.61298,1.50,1.88
2012.12.13 02:31:09.467,1.61281,1.61296,1.50,1.20
2012.12.13 02:31:10.246,1.6128,1.61295,1.50,1.05
2012.12.13 02:31:10.549,1.61282,1.61296,1.50,2.25
2012.12.13 02:31:16.496,1.61284,1.61298,1.50,2.85
2012.12.13 02:31:20.941,1.61288,1.61303,1.50,1.95
2012.12.13 02:31:24.907,1.61288,1.61302,1.50,2.85
2012.12.13 02:31:25.027,1.61284,1.613,2.25,1.65
2012.12.13 02:31:26.566,1.6128,1.61294,1.50,1.05
2012.12.13 02:31:26.685,1.61279,1.61293,1.50,1.50
2012.12.13 02:31:27.896,1.61276,1.6129,1.50,2.55
2012.12.13 02:31:28.076,1.61274,1.61288,1.50,1.50
2012.12.13 02:31:28.636,1.61269,1.61284,1.50,1.65
2012.12.13 02:31:30.786,1.61269,1.61283,1.50,1.65
2012.12.13 02:31:37.646,1.61272,1.61287,1.50,1.50
2012.12.13 02:31:38.166,1.61277,1.61291,1.50,1.95
2012.12.13 02:31:38.414,1.6128,1.61294,2.25,1.65
2012.12.13 02:31:38.594,1.61281,1.61293,1.50,1.65
2012.12.13 02:31:38.836,1.61278,1.61293,1.50,2.85
2012.12.13 02:31:38.896,1.61277,1.61291,1.50,2.85
2012.12.13 02:31:38.956,1.61275,1.6129,1.50,1.05
2012.12.13 02:31:45.853,1.61278,1.61289,1.50,1.50
2012.12.13 02:31:46.134,1.61279,1.61291,1.50,1.65
2012.12.13 02:31:49.546,1.61281,1.61292,1.50,1.65
2012.12.13 02:31:51.356,1.61281,1.61295,1.50,3.38
2012.12.13 02:31:52.776,1.61283,1.61293,1.50,3.90
2012.12.13 02:32:14.860,1.61297,1.61311,1.73,2.25
2012.12.13 02:32:15.594,1.61298,1.61314,1.73,3.98
2012.12.13 02:32:20.989,1.61298,1.61313,1.73,1.50
2012.12.13 02:32:24.259,1.61298,1.61312,1.73,1.13
2012.12.13 02:32:24.768,1.61296,1.6131,2.48,2.37
2012.12.13 02:32:26.689,1.61297,1.61312,1.73,2.48
2012.12.13 02:32:27.350,1.61296,1.6131,1.73,1.50
2012.12.13 02:32:32.379,1.61295,1.6131,3.23,2.25
2012.12.13 02:32:33.249,1.61296,1.6131,1.73,2.48
2012.12.13 02:32:33.491,1.61295,1.61309,1.73,1.50
2012.12.13 02:32:34.038,1.61295,1.6131,2.48,2.48
2012.12.13 02:32:35.999,1.61296,1.6131,1.73,1.62
2012.12.13 02:32:36.660,1.61294,1.61308,1.95,2.25
2012.12.13 02:32:36.900,1.61294,1.61308,1.73,3.00
2012.12.13 02:32:37.089,1.61293,1.61306,1.73,1.50
2012.12.13 02:32:37.626,1.61293,1.61308,1.73,1.50
2012.12.13 02:32:42.576,1.61293,1.61309,1.73,3.00
2012.12.13 02:32:57.748,1.61293,1.61308,1.73,1.50
2012.12.13 02:33:16.919,1.61293,1.61309,1.73,3.00
2012.12.13 02:33:36.826,1.61293,1.6131,1.73,2.85
2012.12.13 02:33:40.712,1.61293,1.6131,1.73,1.35
2012.12.13 02:33:43.199,1.61293,1.61311,1.73,5.10
2012.12.13 02:33:59.708,1.61293,1.6131,1.73,2.10
2012.12.13 02:34:09.548,1.61293,1.61312,1.73,4.35
2012.12.13 02:34:09.670,1.61293,1.61311,1.73,2.48
2012.12.13 02:34:14.339,1.61293,1.6131,1.73,2.48
2012.12.13 02:34:14.519,1.61293,1.6131,1.73,2.55
2012.12.13 02:34:14.638,1.61293,1.6131,1.73,2.48
2012.12.13 02:34:16.218,1.61293,1.6131,1.73,2.48
2012.12.13 02:34:19.019,1.61293,1.6131,1.73,2.48
2012.12.13 02:34:22.090,1.61293,1.6131,1.73,2.48
2012.12.13 02:34:28.101,1.61293,1.6131,1.73,2.48
2012.12.13 02:34:28.740,1.61293,1.61311,2.48,1.73
2012.12.13 02:34:30.201,1.61293,1.61311,2.48,1.73
2012.12.13 02:34:32.020,1.61293,1.61311,2.48,3.60
2012.12.13 02:34:41.419,1.61293,1.61309,2.10,1.50
2012.12.13 02:35:11.002,1.61293,1.61309,1.73,1.50
2012.12.13 02:35:11.130,1.61293,1.61311,1.73,3.34
2012.12.13 02:35:11.737,1.61293,1.61311,1.73,2.48
2012.12.13 02:35:19.840,1.61293,1.61311,1.73,2.48
2012.12.13 02:35:20.501,1.61293,1.61311,1.73,3.23
2012.12.13 02:35:21.092,1.61293,1.61311,1.73,3.98
2012.12.13 02:35:24.929,1.61295,1.6131,1.50,1.73
2012.12.13 02:35:35.038,1.61295,1.6131,1.50,3.23
2012.12.13 02:35:38.069,1.61294,1.61309,1.73,1.50
2012.12.13 02:35:38.604,1.61295,1.61309,1.50,1.50
2012.12.13 02:35:46.030,1.61295,1.6131,1.50,3.23
2012.12.13 02:35:47.939,1.61295,1.6131,1.50,2.48
2012.12.13 02:35:48.448,1.61295,1.6131,1.50,2.48
2012.12.13 02:35:49.224,1.61295,1.6131,1.50,2.48
2012.12.13 02:36:28.499,1.61295,1.61309,1.50,1.50
2012.12.13 02:36:35.441,1.61295,1.61309,1.73,1.50
2012.12.13 02:36:45.920,1.61293,1.6131,1.73,2.48
2012.12.13 02:36:47.419,1.61293,1.6131,1.73,2.48
2012.12.13 02:36:47.943,1.61293,1.6131,1.73,2.48
2012.12.13 02:36:50.119,1.61293,1.6131,1.73,2.48
2012.12.13 02:36:50.658,1.61293,1.6131,1.73,2.48
2012.12.13 02:37:06.089,1.61293,1.61307,1.73,1.50
2012.12.13 02:37:26.459,1.61295,1.61308,1.50,2.25
2012.12.13 02:37:47.469,1.61295,1.61307,1.50,1.50
2012.12.13 02:38:00.050,1.6129,1.61309,2.10,2.25
2012.12.13 02:38:26.323,1.61292,1.61309,1.73,1.50
2012.12.13 02:38:27.248,1.61291,1.61309,1.17,1.50
2012.12.13 02:38:45.565,1.61293,1.61311,2.48,4.73
2012.12.13 02:38:46.079,1.61293,1.61311,3.23,3.98
2012.12.13 02:38:46.378,1.61293,1.61309,3.42,2.25
2012.12.13 02:39:51.477,1.61293,1.6131,3.25,1.20
2012.12.13 02:39:53.579,1.61295,1.61311,1.50,4.73
2012.12.13 02:39:59.081,1.61294,1.61311,1.73,4.73
2012.12.13 02:40:13.329,1.61295,1.61311,1.73,3.00
2012.12.13 02:40:47.969,1.61294,1.6131,1.73,1.73
2012.12.13 02:40:56.128,1.61293,1.6131,2.48,1.73
2012.12.13 02:41:00.219,1.61293,1.6131,2.48,1.73
2012.12.13 02:41:02.929,1.61295,1.61311,1.50,1.73
2012.12.13 02:41:03.048,1.61295,1.61311,1.73,1.50
2012.12.13 02:41:03.169,1.61295,1.61311,1.73,1.50
2012.12.13 02:41:23.129,1.61295,1.6131,1.73,1.50
2012.12.13 02:41:23.368,1.61295,1.61309,1.50,1.50
2012.12.13 02:41:57.589,1.61294,1.61309,1.73,1.50
2012.12.13 02:41:58.200,1.61295,1.6131,1.50,1.73
2012.12.13 02:41:58.259,1.61295,1.6131,1.73,1.50
2012.12.13 02:42:02.160,1.61295,1.61311,1.73,3.00
2012.12.13 02:42:53.531,1.61295,1.61311,1.73,2.25
2012.12.13 02:42:53.843,1.61293,1.61311,3.42,2.48
2012.12.13 02:42:53.972,1.61293,1.61311,3.42,3.00
2012.12.13 02:42:54.423,1.61293,1.61311,3.42,3.23
2012.12.13 02:42:55.716,1.61293,1.6131,3.42,1.73
2012.12.13 02:42:56.689,1.61293,1.61311,4.17,2.48
2012.12.13 02:42:57.500,1.61293,1.6131,3.60,2.48
2012.12.13 02:43:13.459,1.61293,1.6131,3.23,3.23
2012.12.13 02:43:16.121,1.61293,1.61309,3.23,1.50
2012.12.13 02:43:39.329,1.61293,1.6131,3.15,3.23
2012.12.13 02:43:49.928,1.61293,1.6131,2.40,3.23
2012.12.13 02:43:55.748,1.61293,1.6131,2.40,3.23
2012.12.13 02:44:13.533,1.61293,1.6131,2.40,3.23
2012.12.13 02:44:16.759,1.61293,1.61309,2.40,1.50
2012.12.13 02:44:17.555,1.61293,1.6131,2.40,2.48
2012.12.13 02:45:16.758,1.61293,1.61311,2.55,2.70
2012.12.13 02:45:17.297,1.61293,1.61311,2.55,2.70
2012.12.13 02:45:21.520,1.61293,1.61311,3.30,2.70
2012.12.13 02:45:22.102,1.61293,1.61311,3.30,2.70
2012.12.13 02:45:23.398,1.61293,1.61311,3.30,1.95
2012.12.13 02:45:45.609,1.61293,1.61311,3.30,2.70
2012.12.13 02:45:46.119,1.61293,1.61311,3.30,1.95
2012.12.13 02:46:11.870,1.61293,1.6131,3.68,1.95
2012.12.13 02:46:12.476,1.61293,1.6131,3.68,1.20
2012.12.13 02:46:13.197,1.61293,1.6131,3.68,1.20
2012.12.13 02:46:13.733,1.61294,1.6131,2.10,1.20
2012.12.13 02:46:37.209,1.61293,1.6131,3.68,1.20
2012.12.13 02:46:52.168,1.61293,1.6131,2.55,1.73
2012.12.13 02:46:53.599,1.61293,1.6131,2.55,2.48
2012.12.13 02:46:54.020,1.61293,1.61308,2.55,1.88
2012.12.13 02:46:54.635,1.61293,1.6131,2.55,2.48
2012.12.13 02:47:05.871,1.61294,1.61308,2.10,2.25
2012.12.13 02:47:05.930,1.61294,1.61307,2.10,2.25
2012.12.13 02:47:06.495,1.61293,1.61307,1.58,3.98
2012.12.13 02:47:15.710,1.61293,1.61307,2.70,2.48
2012.12.13 02:47:15.830,1.61293,1.61307,2.93,2.25
2012.12.13 02:47:20.639,1.61293,1.61307,3.68,1.50
2012.12.13 02:47:28.391,1.61293,1.61307,3.30,2.25
2012.12.13 02:47:32.042,1.61293,1.61307,1.58,4.73
2012.12.13 02:47:55.621,1.61291,1.61306,1.13,3.23
2012.12.13 02:47:56.337,1.61291,1.61306,1.88,3.23
2012.12.13 02:47:56.401,1.61291,1.61306,1.88,3.23
2012.12.13 02:48:05.170,1.61281,1.61297,1.11,1.50
2012.12.13 02:48:05.719,1.61281,1.61296,1.11,2.25
2012.12.13 02:48:27.930,1.6128,1.61294,1.11,1.50
2012.12.13 02:48:33.940,1.6128,1.61295,1.11,2.25
2012.12.13 02:48:35.069,1.61279,1.61293,1.11,1.50
2012.12.13 02:48:35.579,1.61277,1.61294,1.11,1.50
2012.12.13 02:48:38.019,1.61276,1.61292,1.11,1.50
2012.12.13 02:48:38.779,1.61275,1.6129,1.11,1.50
2012.12.13 02:48:41.167,1.61274,1.61292,1.11,1.50
2012.12.13 02:48:41.879,1.61274,1.61291,1.11,2.25
2012.12.13 02:48:56.479,1.61273,1.61289,1.73,2.25
2012.12.13 02:49:06.571,1.61291,1.61304,1.35,1.73
2012.12.13 02:49:06.750,1.61289,1.61306,1.05,1.73
2012.12.13 02:49:13.450,1.61289,1.61306,1.35,1.73
2012.12.13 02:49:13.791,1.61287,1.61303,1.73,3.00
2012.12.13 02:49:13.971,1.61287,1.61301,1.13,1.73
2012.12.13 02:49:14.522,1.61285,1.613,1.68,2.48
2012.12.13 02:50:01.430,1.61284,1.61299,1.13,1.50
2012.12.13 02:50:13.898,1.61284,1.61301,1.88,4.73
2012.12.13 02:50:38.310,1.61284,1.61299,3.00,1.50
2012.12.13 02:50:57.312,1.61284,1.613,3.00,1.73
2012.12.13 02:51:15.171,1.61284,1.61301,1.88,4.73
2012.12.13 02:51:19.447,1.61284,1.61301,1.88,3.23
2012.12.13 02:51:27.815,1.61284,1.61301,1.13,4.73
2012.12.13 02:51:34.470,1.61284,1.61301,3.00,4.73
2012.12.13 02:51:49.751,1.61284,1.61299,3.00,1.50
2012.12.13 02:51:53.691,1.61284,1.61301,2.25,6.23
2012.12.13 02:52:02.115,1.61285,1.61301,1.28,4.73
2012.12.13 02:52:26.051,1.61284,1.61299,2.63,1.50
2012.12.13 02:52:55.060,1.61284,1.61298,1.88,1.50
2012.12.13 02:52:56.603,1.61284,1.61298,1.88,1.50
2012.12.13 02:52:59.763,1.61284,1.61298,1.88,1.50
2012.12.13 02:53:02.514,1.61284,1.61298,2.63,1.50
2012.12.13 02:53:15.279,1.61284,1.613,2.63,1.73
2012.12.13 02:53:26.092,1.61284,1.61301,1.88,3.23
2012.12.13 02:53:52.900,1.61284,1.613,2.63,1.73
2012.12.13 02:54:00.964,1.61284,1.61299,2.63,1.50
2012.12.13 02:54:19.773,1.61284,1.61299,1.65,1.50
2012.12.13 02:54:20.260,1.61284,1.61299,1.50,1.50
2012.12.13 02:54:41.171,1.61284,1.613,2.25,1.50
2012.12.13 02:54:42.011,1.61284,1.61299,1.50,1.50
2012.12.13 02:55:01.090,1.61284,1.613,2.25,1.50
2012.12.13 02:55:01.650,1.61284,1.613,1.50,1.50
2012.12.13 02:55:03.583,1.61283,1.61299,2.06,1.50
2012.12.13 02:55:05.713,1.61283,1.61299,2.06,1.50
2012.12.13 02:55:07.850,1.61283,1.61299,2.08,1.50
2012.12.13 02:55:18.033,1.61283,1.61299,2.81,1.50
2012.12.13 02:55:22.892,1.61284,1.61301,1.50,4.50
2012.12.13 02:55:23.538,1.61284,1.613,1.50,1.50
2012.12.13 02:55:24.174,1.61284,1.613,1.73,1.73
2012.12.13 02:55:38.034,1.61284,1.61299,1.73,1.50
2012.12.13 02:55:38.881,1.61284,1.613,1.73,1.73
2012.12.13 02:55:40.394,1.61284,1.61299,1.73,1.50
2012.12.13 02:55:46.447,1.61283,1.613,2.28,1.73
2012.12.13 02:55:49.030,1.61283,1.61299,1.53,1.50
2012.12.13 02:55:49.561,1.61283,1.61299,1.53,1.50
2012.12.13 02:55:50.842,1.61283,1.61299,2.28,1.50
2012.12.13 02:55:51.920,1.61283,1.61299,2.28,1.50
2012.12.13 02:56:25.135,1.61283,1.61301,2.48,2.48
2012.12.13 02:57:25.141,1.61283,1.61301,1.73,1.73
2012.12.13 02:58:28.282,1.61283,1.613,1.73,2.48
2012.12.13 02:58:28.852,1.61284,1.613,1.73,3.23
2012.12.13 02:58:29.369,1.61284,1.613,1.73,3.23
2012.12.13 02:58:32.152,1.61284,1.61299,1.73,1.50
2012.12.13 02:58:32.781,1.61284,1.61299,1.73,1.50
2012.12.13 02:58:33.362,1.61284,1.61299,1.73,1.50
2012.12.13 02:58:33.863,1.61284,1.613,1.73,1.50
2012.12.13 02:58:34.313,1.61284,1.61299,1.73,1.50
2012.12.13 02:58:34.741,1.61284,1.613,1.73,1.50
2012.12.13 02:58:35.294,1.61284,1.61299,1.73,1.50
2012.12.13 02:58:35.421,1.61284,1.61299,1.73,1.50
2012.12.13 02:58:35.761,1.61284,1.613,1.73,1.50
2012.12.13 02:58:36.172,1.61284,1.61299,1.73,1.50
2012.12.13 02:58:36.841,1.61284,1.613,1.73,1.50
2012.12.13 02:58:37.304,1.61284,1.61299,1.73,1.50
2012.12.13 02:58:37.971,1.61284,1.613,1.73,1.50
2012.12.13 02:58:39.117,1.61284,1.613,1.73,1.50
2012.12.13 02:58:55.551,1.61284,1.613,1.73,1.50
2012.12.13 02:58:57.022,1.61284,1.613,1.73,1.73
2012.12.13 02:58:57.082,1.61284,1.61299,1.73,1.50
2012.12.13 02:58:57.793,1.61284,1.61299,1.73,1.50
2012.12.13 02:59:26.552,1.61284,1.61301,2.48,2.48
2012.12.13 02:59:26.612,1.61284,1.61301,2.48,2.48
2012.12.13 02:59:27.644,1.61284,1.613,1.73,1.73
2012.12.13 02:59:28.162,1.61284,1.613,1.73,1.73
2012.12.13 02:59:39.181,1.61284,1.61298,1.73,1.50
2012.12.13 02:59:42.831,1.61284,1.61298,1.73,1.50
2012.12.13 02:59:48.972,1.61284,1.61299,1.73,1.50
