2015.04.06 03:00:00.128,1.49213,1.49224,1.10,1.57
2015.04.06 03:00:00.482,1.49213,1.49223,1.10,1.27
2015.04.06 03:00:00.785,1.49212,1.49222,1.50,2.62
2015.04.06 03:00:00.887,1.49212,1.49222,1.15,2.62
2015.04.06 03:00:01.398,1.4921,1.49222,1.07,3.37
2015.04.06 03:00:01.908,1.49213,1.49223,1.00,1.25
2015.04.06 03:00:34.288,1.49213,1.49225,1.00,1.42
2015.04.06 03:00:35.505,1.49213,1.49225,1.00,1.42
2015.04.06 03:00:36.635,1.49214,1.49225,1.00,1.42
2015.04.06 03:00:37.148,1.49214,1.49226,1.00,2.29
2015.04.06 03:00:54.801,1.49214,1.49225,1.00,1.22
2015.04.06 03:00:55.302,1.49214,1.49224,1.00,1.15
2015.04.06 03:00:57.474,1.49213,1.49224,1.00,1.15
2015.04.06 03:01:02.502,1.49212,1.49224,1.00,1.15
2015.04.06 03:01:02.806,1.49211,1.49223,1.45,1.17
2015.04.06 03:01:03.311,1.49213,1.49224,1.10,1.27
2015.04.06 03:01:27.013,1.49211,1.49224,1.00,2.21
2015.04.06 03:01:27.215,1.49211,1.49223,1.00,1.22
2015.04.06 03:01:27.317,1.49211,1.49224,1.00,2.85
2015.04.06 03:01:27.368,1.49209,1.49221,1.17,1.07
2015.04.06 03:01:27.772,1.49207,1.4922,1.10,1.57
2015.04.06 03:02:06.376,1.49207,1.4922,1.00,2.02
2015.04.06 03:02:10.496,1.49207,1.4922,1.00,2.32
2015.04.06 03:02:12.633,1.49207,1.4922,1.00,2.02
2015.04.06 03:02:26.827,1.49207,1.49219,1.00,2.10
2015.04.06 03:02:26.980,1.49204,1.49218,1.01,1.22
2015.04.06 03:02:27.485,1.49204,1.49215,1.00,1.07
2015.04.06 03:02:34.549,1.49204,1.49215,1.07,1.07
2015.04.06 03:02:35.559,1.49204,1.49215,1.00,1.27
2015.04.06 03:02:46.799,1.49204,1.49215,1.00,2.20
2015.04.06 03:03:26.802,1.49204,1.49215,1.17,1.50
2015.04.06 03:03:27.665,1.49199,1.49215,2.06,1.82
2015.04.06 03:03:27.771,1.49199,1.49214,1.76,1.22
2015.04.06 03:03:28.285,1.49199,1.49215,1.76,1.60
2015.04.06 03:03:39.445,1.49199,1.49215,1.87,1.27
2015.04.06 03:03:39.950,1.49199,1.49215,1.57,1.65
2015.04.06 03:03:44.828,1.49199,1.49215,2.06,1.27
2015.04.06 03:03:48.876,1.49199,1.49216,2.06,2.77
2015.04.06 03:04:00.677,1.49198,1.49216,1.76,1.97
2015.04.06 03:04:01.857,1.492,1.49216,1.60,1.52
2015.04.06 03:04:05.834,1.49199,1.49216,1.31,1.84
2015.04.06 03:04:15.706,1.49198,1.49215,1.46,1.32
2015.04.06 03:04:32.774,1.49198,1.49216,1.46,3.07
2015.04.06 03:04:34.545,1.49198,1.49213,1.27,1.22
2015.04.06 03:04:34.849,1.49199,1.49211,1.17,1.65
2015.04.06 03:04:35.558,1.49202,1.49213,1.00,1.15
2015.04.06 03:04:35.760,1.49202,1.49214,1.00,1.75
2015.04.06 03:04:55.841,1.49202,1.49213,1.00,1.12
2015.04.06 03:05:35.624,1.49197,1.49213,1.46,1.20
2015.04.06 03:05:36.039,1.49198,1.49214,1.57,1.95
2015.04.06 03:05:46.112,1.49198,1.49215,1.57,3.52
2015.04.06 03:05:47.457,1.492,1.49213,1.50,1.10
2015.04.06 03:05:47.761,1.492,1.49213,1.00,1.20
2015.04.06 03:05:48.014,1.492,1.49214,1.10,1.27
2015.04.06 03:05:48.065,1.49202,1.49215,1.00,3.64
2015.04.06 03:05:48.620,1.49202,1.49215,1.00,3.04
2015.04.06 03:06:26.891,1.49202,1.49214,1.00,1.20
2015.04.06 03:06:48.072,1.49198,1.49215,1.37,2.02
2015.04.06 03:06:48.582,1.49198,1.49215,1.37,2.02
2015.04.06 03:06:54.056,1.49204,1.49214,1.00,1.47
2015.04.06 03:07:06.188,1.49204,1.49214,1.00,1.95
2015.04.06 03:07:11.528,1.49203,1.49214,1.00,1.87
2015.04.06 03:07:19.785,1.49201,1.49214,1.00,2.25
2015.04.06 03:07:20.379,1.49203,1.49214,1.00,2.70
2015.04.06 03:07:46.895,1.49203,1.49215,1.00,2.70
2015.04.06 03:07:49.052,1.49206,1.49215,1.37,1.50
2015.04.06 03:07:49.103,1.49206,1.49218,1.37,1.32
2015.04.06 03:07:49.609,1.49208,1.49217,1.00,1.10
2015.04.06 03:07:49.660,1.49208,1.49221,1.00,2.47
2015.04.06 03:07:50.199,1.49208,1.49221,1.00,2.77
2015.04.06 03:08:13.947,1.4921,1.49221,1.00,1.27
2015.04.06 03:08:14.453,1.4921,1.4922,1.00,1.15
2015.04.06 03:08:14.756,1.4921,1.4922,1.00,1.20
2015.04.06 03:08:15.060,1.4921,1.49223,1.00,2.21
2015.04.06 03:08:15.600,1.49211,1.49223,1.00,2.32
2015.04.06 03:08:16.105,1.49212,1.49222,1.00,1.20
2015.04.06 03:08:16.889,1.49211,1.49221,1.00,1.15
2015.04.06 03:08:17.041,1.49211,1.49221,1.00,1.50
2015.04.06 03:08:17.747,1.49211,1.49222,1.12,1.50
2015.04.06 03:08:17.798,1.49213,1.49222,1.00,1.20
2015.04.06 03:08:17.950,1.49213,1.49223,1.00,1.57
2015.04.06 03:08:18.253,1.49213,1.49224,1.00,1.10
2015.04.06 03:08:18.523,1.49211,1.49224,1.00,1.10
2015.04.06 03:08:18.675,1.49211,1.49221,1.00,1.00
2015.04.06 03:08:19.080,1.49208,1.49221,1.00,1.27
2015.04.06 03:08:19.585,1.49208,1.49221,1.00,1.25
2015.04.06 03:08:20.133,1.49208,1.49221,1.00,1.27
2015.04.06 03:08:23.201,1.49208,1.49221,1.00,1.30
2015.04.06 03:09:04.357,1.49208,1.49223,1.15,3.04
2015.04.06 03:09:04.859,1.49208,1.49223,1.00,3.34
2015.04.06 03:09:13.085,1.49207,1.4922,1.20,1.39
2015.04.06 03:09:13.389,1.49207,1.4922,1.00,1.76
2015.04.06 03:09:14.245,1.49207,1.4922,1.12,1.84
2015.04.06 03:09:14.757,1.49207,1.4922,1.20,1.76
2015.04.06 03:09:21.092,1.49208,1.49221,1.00,1.27
2015.04.06 03:09:33.846,1.49208,1.49222,1.00,1.65
2015.04.06 03:09:50.362,1.49211,1.49222,1.00,1.27
2015.04.06 03:09:51.172,1.49211,1.49221,1.00,1.15
2015.04.06 03:09:51.757,1.49211,1.49221,1.00,1.17
2015.04.06 03:09:52.560,1.49211,1.49221,1.00,1.15
2015.04.06 03:09:59.525,1.49211,1.49222,1.00,2.81
2015.04.06 03:10:00.064,1.49211,1.49221,1.00,1.12
2015.04.06 03:10:34.545,1.4921,1.4922,1.00,1.12
2015.04.06 03:10:35.051,1.4921,1.4922,1.00,2.25
2015.04.06 03:10:35.557,1.4921,1.49221,1.00,1.75
2015.04.06 03:10:55.006,1.4921,1.49221,1.00,1.20
2015.04.06 03:10:57.776,1.4921,1.49221,1.00,1.87
2015.04.06 03:11:29.465,1.49208,1.49219,1.00,1.57
2015.04.06 03:11:30.005,1.49209,1.49219,1.00,1.45
2015.04.06 03:11:36.333,1.49209,1.49219,1.00,1.87
2015.04.06 03:11:36.384,1.49207,1.49219,1.00,1.87
2015.04.06 03:11:36.638,1.49206,1.49218,1.12,1.27
2015.04.06 03:11:36.688,1.49208,1.49219,1.00,1.95
2015.04.06 03:11:37.396,1.49206,1.49213,1.00,1.37
2015.04.06 03:11:37.599,1.49201,1.49214,1.00,1.55
2015.04.06 03:11:37.700,1.49202,1.49216,1.00,1.87
2015.04.06 03:11:37.802,1.49206,1.49216,1.00,1.45
2015.04.06 03:11:37.903,1.49206,1.49217,1.10,1.10
2015.04.06 03:11:38.055,1.49206,1.49217,1.10,1.47
2015.04.06 03:11:38.258,1.49203,1.49216,1.17,1.37
2015.04.06 03:11:38.962,1.49203,1.49214,1.20,1.37
2015.04.06 03:11:40.467,1.49203,1.49214,1.17,1.37
2015.04.06 03:11:42.327,1.492,1.49213,1.20,1.10
2015.04.06 03:11:42.378,1.492,1.49214,1.20,2.40
2015.04.06 03:11:42.531,1.492,1.49213,1.00,1.45
2015.04.06 03:11:42.887,1.492,1.49214,1.20,2.77
2015.04.06 03:11:43.393,1.492,1.49214,1.17,1.95
2015.04.06 03:11:43.545,1.49201,1.49214,1.45,1.00
2015.04.06 03:11:44.051,1.49203,1.49215,1.20,1.00
2015.04.06 03:11:44.375,1.49203,1.49215,1.50,1.00
2015.04.06 03:11:47.077,1.49203,1.49215,1.45,1.37
2015.04.06 03:11:47.381,1.49201,1.49207,1.50,1.00
2015.04.06 03:11:47.432,1.49201,1.49209,1.20,1.12
2015.04.06 03:11:47.533,1.49196,1.49208,1.09,1.00
2015.04.06 03:11:48.072,1.49196,1.49208,1.25,1.17
2015.04.06 03:11:48.579,1.49196,1.49208,1.10,1.55
2015.04.06 03:11:48.630,1.49196,1.49208,1.10,1.55
2015.04.06 03:11:49.175,1.49196,1.49208,1.15,1.57
2015.04.06 03:11:50.070,1.49196,1.49208,1.15,2.02
2015.04.06 03:11:50.576,1.49192,1.49204,1.75,1.37
2015.04.06 03:11:50.627,1.49192,1.49206,1.75,1.87
2015.04.06 03:11:51.327,1.49194,1.49206,1.12,1.87
2015.04.06 03:11:51.479,1.49193,1.49205,2.25,1.37
2015.04.06 03:11:51.682,1.49196,1.49208,1.12,2.62
2015.04.06 03:11:51.834,1.49194,1.49208,1.87,1.87
2015.04.06 03:11:51.986,1.49196,1.49208,1.12,2.62
2015.04.06 03:11:52.502,1.49195,1.49208,1.12,1.87
2015.04.06 03:11:52.778,1.49194,1.49208,1.50,1.87
2015.04.06 03:11:54.005,1.49194,1.49208,1.75,2.62
2015.04.06 03:11:54.411,1.49195,1.49208,1.50,1.87
2015.04.06 03:11:55.956,1.49196,1.49208,1.75,1.87
2015.04.06 03:11:57.645,1.49196,1.49208,1.12,2.62
2015.04.06 03:12:00.267,1.49198,1.49208,1.12,1.50
2015.04.06 03:12:04.745,1.49197,1.49207,1.12,1.37
2015.04.06 03:12:04.897,1.49195,1.49207,1.12,1.37
2015.04.06 03:12:04.999,1.49194,1.49207,1.75,1.37
2015.04.06 03:12:05.533,1.49194,1.49207,1.87,1.87
2015.04.06 03:12:06.193,1.49195,1.49207,1.12,1.87
2015.04.06 03:12:08.655,1.49195,1.49207,1.12,1.87
2015.04.06 03:12:15.709,1.49195,1.49207,1.12,1.69
2015.04.06 03:12:21.678,1.49194,1.49207,1.87,1.50
2015.04.06 03:12:22.190,1.49194,1.49208,1.75,2.25
2015.04.06 03:12:23.584,1.49194,1.49208,1.75,2.25
2015.04.06 03:12:25.527,1.49196,1.49208,1.57,2.25
2015.04.06 03:12:25.963,1.49196,1.49208,1.75,2.32
2015.04.06 03:12:28.639,1.49196,1.49206,1.87,1.37
2015.04.06 03:12:31.497,1.49196,1.49206,1.75,1.37
2015.04.06 03:12:38.648,1.49196,1.49206,1.75,1.37
2015.04.06 03:12:40.844,1.49196,1.49206,1.10,1.37
2015.04.06 03:12:41.919,1.49196,1.49206,1.37,1.37
2015.04.06 03:12:47.327,1.49196,1.49206,1.10,1.37
2015.04.06 03:12:55.600,1.49196,1.49206,1.00,1.37
2015.04.06 03:13:00.336,1.49196,1.49207,1.00,1.01
2015.04.06 03:13:00.538,1.49198,1.49212,1.12,3.94
2015.04.06 03:13:00.691,1.49196,1.49211,2.62,1.39
2015.04.06 03:13:01.532,1.49196,1.49211,3.00,1.50
2015.04.06 03:13:04.599,1.49198,1.49212,1.12,5.32
2015.04.06 03:13:05.106,1.492,1.49211,1.12,1.50
2015.04.06 03:13:05.258,1.49198,1.49212,1.75,4.50
2015.04.06 03:13:05.511,1.49196,1.49212,3.37,4.65
2015.04.06 03:13:06.520,1.49196,1.49211,2.32,1.20
2015.04.06 03:13:11.841,1.49196,1.49211,2.32,1.84
2015.04.06 03:13:13.632,1.49196,1.49211,2.32,1.20
2015.04.06 03:13:14.184,1.49196,1.49211,2.62,1.65
2015.04.06 03:13:18.567,1.49196,1.49211,3.07,1.50
2015.04.06 03:13:20.784,1.49196,1.49211,2.62,1.95
2015.04.06 03:13:20.885,1.49197,1.49211,1.12,1.75
2015.04.06 03:13:23.622,1.49197,1.49211,1.12,2.00
2015.04.06 03:13:38.582,1.49197,1.49211,1.12,2.44
2015.04.06 03:13:40.562,1.49197,1.49211,1.12,1.75
2015.04.06 03:13:42.522,1.49196,1.4921,3.00,1.12
2015.04.06 03:13:43.029,1.49196,1.4921,2.62,1.39
2015.04.06 03:13:46.172,1.49196,1.4921,2.62,1.20
2015.04.06 03:14:01.476,1.49196,1.49212,1.75,3.64
2015.04.06 03:14:01.785,1.49196,1.49211,1.12,1.82
2015.04.06 03:14:02.462,1.49195,1.49209,1.95,1.45
2015.04.06 03:14:08.612,1.49194,1.49209,1.50,1.45
2015.04.06 03:14:11.231,1.49197,1.49209,1.00,1.85
2015.04.06 03:14:11.755,1.49197,1.49209,1.00,1.57
2015.04.06 03:14:23.574,1.49197,1.49209,1.00,1.57
2015.04.06 03:14:25.465,1.49195,1.49209,2.40,1.95
2015.04.06 03:14:26.187,1.49195,1.49209,3.00,1.65
2015.04.06 03:14:35.576,1.49195,1.4921,2.06,2.25
2015.04.06 03:14:36.092,1.49195,1.49209,1.39,3.00
2015.04.06 03:14:38.649,1.49195,1.49209,1.57,3.00
2015.04.06 03:14:43.591,1.49195,1.49209,1.47,3.00
2015.04.06 03:14:48.685,1.49195,1.49209,1.85,3.00
2015.04.06 03:14:50.665,1.49195,1.49209,1.47,3.00
2015.04.06 03:14:59.000,1.49196,1.49209,1.17,1.57
2015.04.06 03:15:19.714,1.49195,1.49209,1.57,1.57
2015.04.06 03:15:21.359,1.49196,1.49209,1.17,1.57
2015.04.06 03:15:22.753,1.49195,1.49209,1.95,1.57
2015.04.06 03:15:34.961,1.49195,1.49209,1.67,1.47
2015.04.06 03:15:52.671,1.49197,1.4921,1.27,2.25
2015.04.06 03:15:57.499,1.49197,1.4921,1.57,2.25
2015.04.06 03:16:02.600,1.49196,1.49211,2.32,3.52
2015.04.06 03:16:02.660,1.49196,1.49211,2.32,3.52
2015.04.06 03:16:20.810,1.49197,1.4921,1.95,1.50
2015.04.06 03:16:23.306,1.49197,1.4921,1.87,1.57
2015.04.06 03:16:25.560,1.49197,1.4921,1.50,1.57
2015.04.06 03:16:37.887,1.49196,1.4921,2.62,2.32
2015.04.06 03:16:38.428,1.49196,1.4921,3.00,2.32
2015.04.06 03:16:38.529,1.49196,1.4921,2.62,2.32
2015.04.06 03:16:39.112,1.49196,1.4921,2.62,2.32
2015.04.06 03:16:39.646,1.49196,1.4921,2.62,3.00
2015.04.06 03:16:40.297,1.49196,1.4921,3.00,2.70
2015.04.06 03:16:40.449,1.49196,1.4921,1.95,2.70
2015.04.06 03:16:41.049,1.49196,1.4921,2.25,2.70
2015.04.06 03:16:50.114,1.49196,1.4921,3.00,2.59
2015.04.06 03:16:50.949,1.49196,1.4921,2.62,2.89
2015.04.06 03:16:51.000,1.49196,1.4921,2.32,2.89
2015.04.06 03:16:51.693,1.49196,1.4921,2.62,2.32
2015.04.06 03:16:52.223,1.49196,1.49209,2.62,1.50
2015.04.06 03:17:09.334,1.49197,1.49209,1.47,3.19
2015.04.06 03:17:09.891,1.49197,1.49208,1.75,1.62
2015.04.06 03:17:10.144,1.49197,1.49208,1.00,1.46
2015.04.06 03:17:10.563,1.49197,1.49208,1.47,1.47
2015.04.06 03:17:11.067,1.49197,1.49209,1.75,3.00
2015.04.06 03:17:16.293,1.49196,1.49208,1.87,1.37
2015.04.06 03:17:17.050,1.49196,1.49209,2.25,2.25
2015.04.06 03:17:17.404,1.49196,1.49209,1.27,2.40
2015.04.06 03:17:17.459,1.49196,1.49209,1.57,2.40
2015.04.06 03:17:18.154,1.49196,1.49208,2.62,1.37
2015.04.06 03:17:18.509,1.49196,1.49206,1.50,1.37
2015.04.06 03:17:18.610,1.49196,1.49206,1.00,1.52
2015.04.06 03:17:21.562,1.49196,1.49206,1.47,1.37
2015.04.06 03:17:34.972,1.49196,1.49206,1.10,1.50
2015.04.06 03:17:38.094,1.49194,1.49205,1.20,1.37
2015.04.06 03:17:57.671,1.49194,1.49206,1.20,1.50
2015.04.06 03:18:00.498,1.49194,1.49206,1.20,1.65
2015.04.06 03:18:11.495,1.49194,1.49206,1.10,1.20
2015.04.06 03:18:12.023,1.49194,1.49204,1.00,1.12
2015.04.06 03:18:12.579,1.49194,1.49203,1.00,1.07
2015.04.06 03:18:13.127,1.49194,1.49205,1.00,1.12
2015.04.06 03:18:14.587,1.49194,1.49206,1.00,1.57
2015.04.06 03:18:33.813,1.49194,1.49206,1.00,1.87
2015.04.06 03:18:38.206,1.49194,1.49206,1.07,1.87
2015.04.06 03:18:53.618,1.49194,1.49207,1.09,2.25
2015.04.06 03:18:55.597,1.49194,1.49207,1.09,2.25
2015.04.06 03:19:10.352,1.49194,1.49208,1.57,1.95
2015.04.06 03:19:10.453,1.49198,1.49208,1.00,1.65
2015.04.06 03:19:12.768,1.49196,1.49208,1.15,1.95
2015.04.06 03:19:13.340,1.49196,1.49208,1.00,2.25
2015.04.06 03:19:28.156,1.49196,1.49208,1.00,1.50
2015.04.06 03:19:44.657,1.49196,1.49208,1.00,1.50
2015.04.06 03:19:50.756,1.49196,1.49208,1.00,2.25
2015.04.06 03:20:08.681,1.49196,1.49208,1.10,1.92
2015.04.06 03:20:17.350,1.49198,1.49209,1.00,1.95
2015.04.06 03:20:23.632,1.49198,1.49209,1.00,1.95
2015.04.06 03:20:40.651,1.49198,1.49209,1.00,1.95
2015.04.06 03:20:53.627,1.49198,1.49209,1.00,1.20
2015.04.06 03:21:08.621,1.49198,1.49209,1.00,1.20
2015.04.06 03:21:10.566,1.49198,1.4921,1.00,1.92
2015.04.06 03:21:17.541,1.49193,1.4921,3.00,1.92
2015.04.06 03:21:23.906,1.49197,1.4921,1.00,1.92
2015.04.06 03:21:44.468,1.49197,1.49208,1.00,1.92
2015.04.06 03:21:49.837,1.49197,1.49208,1.00,1.92
2015.04.06 03:22:05.040,1.49197,1.49206,1.00,1.07
2015.04.06 03:22:11.854,1.49197,1.49206,1.00,1.12
2015.04.06 03:22:25.574,1.49194,1.49206,1.10,1.87
2015.04.06 03:22:28.280,1.49194,1.49204,1.00,1.07
2015.04.06 03:22:59.083,1.49194,1.49206,1.10,1.12
2015.04.06 03:23:09.831,1.49194,1.49207,1.95,1.20
2015.04.06 03:23:09.882,1.49194,1.49207,2.25,1.20
2015.04.06 03:23:14.807,1.49194,1.49206,2.02,1.82
2015.04.06 03:23:15.692,1.49194,1.49207,2.62,1.12
2015.04.06 03:23:16.385,1.49195,1.49208,1.07,1.20
2015.04.06 03:23:18.461,1.49194,1.49207,2.62,1.12
2015.04.06 03:23:19.015,1.49194,1.49206,2.32,1.20
2015.04.06 03:23:19.522,1.49194,1.49206,2.32,1.45
2015.04.06 03:23:20.025,1.49195,1.49207,1.45,1.50
2015.04.06 03:23:20.769,1.49194,1.49206,1.95,1.50
2015.04.06 03:23:21.079,1.49194,1.49206,2.62,1.12
2015.04.06 03:23:21.730,1.49194,1.49204,2.32,1.07
2015.04.06 03:23:22.719,1.49195,1.49207,1.07,1.20
2015.04.06 03:23:35.924,1.49195,1.49206,1.12,1.50
2015.04.06 03:23:36.479,1.49195,1.49207,1.57,1.20
2015.04.06 03:23:39.576,1.49195,1.49206,1.12,1.50
2015.04.06 03:23:41.286,1.49194,1.49207,2.62,1.50
2015.04.06 03:23:41.839,1.49194,1.49207,2.62,1.82
2015.04.06 03:23:47.025,1.49196,1.49207,1.00,1.45
2015.04.06 03:23:47.127,1.49197,1.49209,1.50,2.25
2015.04.06 03:23:47.381,1.49196,1.49207,1.57,1.07
2015.04.06 03:23:47.484,1.49196,1.49207,1.50,1.75
2015.04.06 03:23:47.586,1.49196,1.49207,1.50,1.12
2015.04.06 03:23:47.687,1.49196,1.49208,1.57,1.45
2015.04.06 03:23:56.014,1.49196,1.49208,1.57,1.20
2015.04.06 03:24:23.532,1.49196,1.49206,1.50,1.07
2015.04.06 03:24:27.537,1.49196,1.49206,1.50,1.00
2015.04.06 03:24:43.360,1.49196,1.49209,1.57,1.82
2015.04.06 03:24:53.773,1.49196,1.49209,1.45,1.82
2015.04.06 03:24:54.323,1.49198,1.4921,1.12,1.95
2015.04.06 03:25:11.600,1.49198,1.4921,1.10,2.25
2015.04.06 03:25:17.809,1.49198,1.49209,1.00,1.20
2015.04.06 03:25:25.832,1.49198,1.4921,1.00,2.25
2015.04.06 03:25:53.831,1.49195,1.4921,1.20,1.75
2015.04.06 03:25:55.592,1.49195,1.4921,1.20,1.75
2015.04.06 03:25:59.920,1.49196,1.4921,1.12,1.95
2015.04.06 03:26:08.572,1.49197,1.49211,1.07,1.92
2015.04.06 03:26:10.661,1.49195,1.49211,2.62,1.92
2015.04.06 03:26:25.655,1.49197,1.49211,1.07,1.92
2015.04.06 03:26:38.309,1.49195,1.4921,1.69,1.85
2015.04.06 03:26:57.111,1.49196,1.49211,1.12,2.00
2015.04.06 03:27:14.574,1.49196,1.49211,2.25,1.75
2015.04.06 03:27:21.208,1.49197,1.49208,1.07,1.00
2015.04.06 03:27:23.570,1.49196,1.4921,1.20,1.75
2015.04.06 03:27:25.660,1.49197,1.49208,1.07,1.00
2015.04.06 03:27:27.861,1.49195,1.49211,1.50,1.85
2015.04.06 03:27:40.841,1.49197,1.49208,1.07,1.00
2015.04.06 03:27:46.069,1.49196,1.49208,1.20,1.00
2015.04.06 03:27:59.131,1.49196,1.49211,1.20,1.37
2015.04.06 03:27:59.732,1.49195,1.49211,2.14,1.37
2015.04.06 03:28:04.599,1.49196,1.49211,1.45,1.37
2015.04.06 03:28:08.559,1.49196,1.49211,1.64,1.37
2015.04.06 03:28:09.712,1.49196,1.49211,1.64,1.37
2015.04.06 03:28:10.318,1.49196,1.49211,1.64,1.37
2015.04.06 03:28:11.865,1.49196,1.49211,1.45,1.37
2015.04.06 03:28:19.103,1.49195,1.49211,1.20,1.37
2015.04.06 03:28:29.569,1.49195,1.49211,1.20,1.37
2015.04.06 03:28:38.603,1.49195,1.49211,1.20,1.37
2015.04.06 03:28:40.568,1.49195,1.49211,1.20,1.37
2015.04.06 03:28:44.920,1.49196,1.49209,2.14,1.37
2015.04.06 03:28:45.224,1.49196,1.49205,1.45,1.00
2015.04.06 03:28:45.527,1.49196,1.49205,1.37,1.57
2015.04.06 03:28:53.674,1.49196,1.49205,1.37,1.20
2015.04.06 03:28:54.194,1.49196,1.49205,1.37,1.17
2015.04.06 03:29:07.890,1.49196,1.49206,1.37,2.02
2015.04.06 03:29:32.501,1.49196,1.49205,1.37,1.10
2015.04.06 03:29:34.967,1.49196,1.49205,1.37,1.20
2015.04.06 03:29:45.577,1.49191,1.49205,1.69,1.27
2015.04.06 03:29:53.860,1.49195,1.49205,1.00,1.17
2015.04.06 03:29:58.184,1.49195,1.49206,1.00,1.95
2015.04.06 03:30:16.877,1.49195,1.49207,1.00,1.92
2015.04.06 03:30:17.426,1.49195,1.49207,1.07,1.82
2015.04.06 03:30:17.964,1.49195,1.49207,1.10,1.95
2015.04.06 03:30:18.546,1.49195,1.49207,1.10,1.95
2015.04.06 03:30:18.648,1.49197,1.49207,1.00,1.45
2015.04.06 03:30:19.157,1.49196,1.49206,1.00,1.12
2015.04.06 03:30:19.682,1.49196,1.49206,1.10,1.10
2015.04.06 03:30:20.321,1.49196,1.49207,1.10,1.95
2015.04.06 03:30:24.169,1.49196,1.49207,1.20,1.07
2015.04.06 03:30:24.675,1.49197,1.49207,1.00,1.12
2015.04.06 03:30:28.778,1.49197,1.49207,1.00,1.07
2015.04.06 03:30:34.388,1.49197,1.49206,1.00,1.07
2015.04.06 03:30:34.893,1.49197,1.49206,1.00,1.87
2015.04.06 03:30:35.196,1.49197,1.49206,1.00,2.25
2015.04.06 03:30:35.349,1.49197,1.49206,1.00,1.57
2015.04.06 03:30:38.708,1.49197,1.49206,1.00,2.25
2015.04.06 03:30:45.562,1.49197,1.49206,1.00,1.87
2015.04.06 03:30:49.343,1.49197,1.49206,1.00,1.12
2015.04.06 03:30:49.394,1.49197,1.49206,1.00,1.12
2015.04.06 03:30:50.524,1.49197,1.49207,1.00,2.25
2015.04.06 03:30:50.625,1.49197,1.49205,1.00,1.12
2015.04.06 03:30:51.288,1.49197,1.49207,1.00,2.25
2015.04.06 03:30:51.793,1.49197,1.49205,1.00,1.12
2015.04.06 03:30:56.606,1.49197,1.49206,1.00,1.45
2015.04.06 03:30:56.810,1.49197,1.49205,1.00,1.12
2015.04.06 03:31:00.319,1.49197,1.49206,1.12,3.00
2015.04.06 03:31:00.825,1.49197,1.49206,1.12,1.87
2015.04.06 03:31:00.977,1.49197,1.49206,1.12,1.12
2015.04.06 03:31:01.483,1.49197,1.49206,1.12,1.87
2015.04.06 03:31:04.601,1.49197,1.49206,1.12,1.87
2015.04.06 03:31:05.044,1.49197,1.49206,1.12,1.20
2015.04.06 03:31:15.276,1.49197,1.49206,1.00,1.45
2015.04.06 03:31:22.962,1.49197,1.49206,1.10,1.12
2015.04.06 03:31:24.028,1.49197,1.49206,1.10,1.31
2015.04.06 03:31:24.593,1.49197,1.49206,1.10,1.12
2015.04.06 03:31:34.255,1.49192,1.49207,1.12,1.90
2015.04.06 03:31:34.708,1.49192,1.49206,1.12,1.20
2015.04.06 03:31:55.657,1.49193,1.49207,1.12,1.57
2015.04.06 03:31:56.110,1.49194,1.49207,1.12,1.57
2015.04.06 03:31:56.864,1.49193,1.49207,1.12,1.57
2015.04.06 03:31:56.965,1.49192,1.49207,1.57,1.57
2015.04.06 03:31:57.564,1.49192,1.49207,1.57,1.57
2015.04.06 03:32:21.945,1.49192,1.49205,1.55,1.00
2015.04.06 03:32:27.716,1.49192,1.49205,1.57,1.00
2015.04.06 03:32:28.019,1.49192,1.49205,1.87,1.00
2015.04.06 03:32:28.976,1.49192,1.49205,1.57,1.10
2015.04.06 03:32:29.491,1.49192,1.49205,1.87,1.00
2015.04.06 03:32:30.076,1.49192,1.49205,1.52,1.00
2015.04.06 03:32:39.487,1.49192,1.49206,2.40,1.57
2015.04.06 03:32:57.640,1.49192,1.49207,1.09,1.52
2015.04.06 03:33:00.264,1.49192,1.49207,1.84,2.02
2015.04.06 03:33:00.766,1.49192,1.49207,1.69,2.62
2015.04.06 03:33:01.423,1.49197,1.49208,1.12,1.75
2015.04.06 03:33:01.966,1.49197,1.49208,1.12,1.50
2015.04.06 03:33:14.537,1.49197,1.49209,1.00,1.45
2015.04.06 03:33:19.798,1.49197,1.49209,1.20,1.12
2015.04.06 03:33:20.895,1.49197,1.49209,1.00,1.45
2015.04.06 03:33:32.639,1.49197,1.49209,1.12,1.45
2015.04.06 03:33:43.664,1.49197,1.49208,1.00,1.10
2015.04.06 03:33:54.147,1.49198,1.49208,1.00,1.10
2015.04.06 03:33:55.098,1.49198,1.49208,1.17,1.00
2015.04.06 03:33:55.610,1.49198,1.4921,1.17,1.75
2015.04.06 03:33:56.132,1.49198,1.4921,1.10,1.85
2015.04.06 03:34:08.584,1.49198,1.49208,1.10,1.00
2015.04.06 03:34:42.513,1.49198,1.49211,1.12,2.96
2015.04.06 03:34:45.347,1.49198,1.49211,1.50,2.70
2015.04.06 03:34:45.702,1.49201,1.49209,1.12,1.12
2015.04.06 03:34:45.803,1.49199,1.49209,2.25,1.12
2015.04.06 03:34:46.208,1.49201,1.49211,1.12,1.50
2015.04.06 03:34:46.713,1.49199,1.49209,2.25,1.12
2015.04.06 03:34:47.219,1.49199,1.49209,1.75,1.50
2015.04.06 03:34:53.573,1.49199,1.49209,1.50,1.50
2015.04.06 03:35:00.796,1.49199,1.49211,1.87,2.25
2015.04.06 03:35:02.404,1.49202,1.49211,1.12,2.25
2015.04.06 03:35:03.112,1.492,1.49211,1.12,2.25
2015.04.06 03:35:03.637,1.49201,1.49211,1.12,2.25
2015.04.06 03:35:04.421,1.49199,1.49208,1.87,1.00
2015.04.06 03:35:04.954,1.492,1.4921,1.12,1.75
2015.04.06 03:35:05.384,1.49199,1.49208,1.20,1.00
2015.04.06 03:35:07.546,1.49199,1.4921,1.20,1.75
2015.04.06 03:35:08.087,1.49197,1.49208,1.87,1.37
2015.04.06 03:35:17.823,1.49198,1.49208,1.12,1.37
2015.04.06 03:35:31.249,1.49197,1.49209,2.62,2.25
2015.04.06 03:35:37.629,1.49199,1.49208,1.75,1.00
2015.04.06 03:35:43.128,1.49199,1.49209,1.10,1.57
2015.04.06 03:35:44.224,1.49199,1.49209,1.20,1.50
2015.04.06 03:35:48.403,1.49199,1.49208,1.50,1.00
2015.04.06 03:35:50.718,1.49199,1.4921,1.50,1.75
2015.04.06 03:35:52.828,1.49199,1.4921,1.50,1.75
2015.04.06 03:36:00.479,1.49199,1.49208,1.50,1.00
2015.04.06 03:36:09.223,1.49199,1.4921,1.12,1.47
2015.04.06 03:36:33.734,1.49199,1.4921,1.12,1.10
2015.04.06 03:36:33.937,1.49199,1.4921,1.87,1.00
2015.04.06 03:36:34.443,1.49199,1.4921,1.57,1.00
2015.04.06 03:36:36.867,1.49201,1.4921,1.07,1.00
2015.04.06 03:36:37.174,1.49201,1.49212,1.12,1.57
2015.04.06 03:36:37.377,1.492,1.49212,1.37,1.20
2015.04.06 03:36:37.479,1.492,1.49212,1.87,1.12
2015.04.06 03:36:37.580,1.492,1.49212,1.45,1.12
2015.04.06 03:36:37.784,1.49201,1.49212,1.12,1.12
2015.04.06 03:36:38.087,1.49202,1.49212,1.37,1.12
2015.04.06 03:36:38.683,1.49202,1.49213,1.37,1.95
2015.04.06 03:36:39.126,1.49202,1.49213,1.37,1.30
2015.04.06 03:36:40.932,1.49202,1.49213,1.37,1.27
2015.04.06 03:36:41.697,1.49202,1.49213,1.37,1.27
2015.04.06 03:36:45.917,1.492,1.49213,1.37,1.95
2015.04.06 03:36:45.968,1.492,1.49212,1.87,1.50
2015.04.06 03:36:46.070,1.492,1.49213,1.37,1.95
2015.04.06 03:36:49.995,1.492,1.49213,1.37,1.95
2015.04.06 03:36:51.426,1.492,1.49213,1.37,1.65
2015.04.06 03:37:00.798,1.492,1.49214,1.37,3.15
2015.04.06 03:37:01.305,1.49202,1.49214,1.12,1.37
2015.04.06 03:37:05.488,1.49205,1.49215,1.07,1.95
2015.04.06 03:37:05.640,1.49202,1.49215,1.20,1.47
2015.04.06 03:37:05.843,1.49201,1.49215,1.57,1.47
2015.04.06 03:37:06.028,1.49201,1.49214,1.50,1.82
2015.04.06 03:37:06.536,1.492,1.49212,1.39,1.12
2015.04.06 03:37:07.730,1.492,1.49214,1.47,2.47
2015.04.06 03:37:08.236,1.492,1.49214,1.55,2.47
2015.04.06 03:37:12.621,1.492,1.49214,1.55,2.10
2015.04.06 03:37:21.575,1.49202,1.49215,1.37,3.15
2015.04.06 03:37:21.626,1.49202,1.49215,1.69,1.65
2015.04.06 03:37:22.143,1.49205,1.49216,1.37,2.62
2015.04.06 03:37:22.345,1.49205,1.49216,1.37,1.87
2015.04.06 03:37:22.902,1.49205,1.49216,1.47,1.20
2015.04.06 03:37:23.545,1.49205,1.49215,1.47,1.00
2015.04.06 03:37:23.849,1.49205,1.49215,1.37,1.50
2015.04.06 03:37:24.538,1.49205,1.49215,1.37,1.75
2015.04.06 03:37:25.088,1.49204,1.49215,1.37,2.25
2015.04.06 03:37:25.189,1.49203,1.49215,1.87,2.92
2015.04.06 03:37:25.392,1.49201,1.49215,1.57,3.90
2015.04.06 03:37:25.701,1.49201,1.49214,1.50,1.50
2015.04.06 03:37:32.140,1.49201,1.49215,1.50,3.22
2015.04.06 03:37:39.164,1.49201,1.49213,1.37,1.65
2015.04.06 03:37:39.802,1.49201,1.49213,1.37,1.95
2015.04.06 03:37:58.297,1.49201,1.49213,1.37,1.62
2015.04.06 03:37:59.711,1.49201,1.49213,1.37,1.55
2015.04.06 03:38:00.269,1.49201,1.49213,1.37,1.55
2015.04.06 03:38:03.126,1.49201,1.49213,1.00,1.55
2015.04.06 03:38:25.323,1.49197,1.49213,2.51,1.55
2015.04.06 03:38:35.972,1.49197,1.49213,2.32,1.55
2015.04.06 03:38:45.759,1.49196,1.49213,1.46,1.62
2015.04.06 03:38:58.300,1.49196,1.49212,1.46,1.55
2015.04.06 03:38:58.502,1.49196,1.49214,2.44,1.72
2015.04.06 03:38:59.014,1.49197,1.49214,1.45,2.00
2015.04.06 03:38:59.699,1.49197,1.49214,1.45,1.70
2015.04.06 03:39:00.732,1.49196,1.49214,1.77,2.02
2015.04.06 03:39:01.659,1.49196,1.49214,1.77,2.02
2015.04.06 03:39:04.206,1.49196,1.49214,1.77,2.02
2015.04.06 03:39:04.308,1.49197,1.49214,1.07,1.72
2015.04.06 03:39:04.979,1.49196,1.49214,2.06,2.02
2015.04.06 03:39:05.667,1.49196,1.49214,2.44,1.72
2015.04.06 03:39:06.519,1.49197,1.49214,1.07,2.00
2015.04.06 03:39:08.541,1.49195,1.49214,2.51,2.66
2015.04.06 03:39:12.846,1.49197,1.49213,1.07,1.62
2015.04.06 03:39:14.940,1.49198,1.49213,1.45,2.02
2015.04.06 03:39:15.445,1.49198,1.49213,1.50,2.10
2015.04.06 03:39:16.710,1.49198,1.49213,1.50,2.10
2015.04.06 03:39:21.158,1.49198,1.49213,2.06,2.02
2015.04.06 03:39:23.060,1.49198,1.49213,1.50,1.62
2015.04.06 03:39:30.754,1.492,1.49213,1.20,1.37
2015.04.06 03:39:31.754,1.492,1.49213,1.20,1.37
2015.04.06 03:39:34.690,1.492,1.49213,1.17,1.37
2015.04.06 03:39:37.906,1.492,1.49213,1.17,1.37
2015.04.06 03:39:38.108,1.492,1.49213,1.50,1.37
2015.04.06 03:39:51.537,1.492,1.49213,2.25,1.37
2015.04.06 03:39:53.886,1.49204,1.49213,1.20,1.00
2015.04.06 03:39:54.190,1.49214,1.49228,1.17,4.57
2015.04.06 03:39:54.242,1.49216,1.49228,1.00,1.10
2015.04.06 03:39:54.343,1.49218,1.49228,1.00,1.10
2015.04.06 03:39:54.798,1.49214,1.49228,2.06,1.50
2015.04.06 03:39:55.317,1.49215,1.49228,1.12,1.57
2015.04.06 03:39:55.621,1.49214,1.49225,1.75,1.55
2015.04.06 03:39:55.722,1.49213,1.49225,1.20,1.55
2015.04.06 03:39:55.924,1.49213,1.49225,1.75,1.55
2015.04.06 03:39:56.385,1.49213,1.49225,1.17,1.55
2015.04.06 03:39:56.618,1.49213,1.49225,1.45,1.55
2015.04.06 03:39:57.132,1.49213,1.49225,1.87,1.55
2015.04.06 03:40:04.306,1.49213,1.49224,1.12,1.37
2015.04.06 03:40:04.861,1.49213,1.49226,1.12,2.02
2015.04.06 03:40:05.720,1.49212,1.49226,2.25,2.02
2015.04.06 03:40:06.259,1.49213,1.49224,1.75,1.37
2015.04.06 03:40:07.070,1.49214,1.49225,1.12,1.37
2015.04.06 03:40:08.889,1.49213,1.49225,1.12,1.87
2015.04.06 03:40:12.993,1.49213,1.49225,1.75,1.87
2015.04.06 03:40:14.098,1.49213,1.49225,2.25,1.37
2015.04.06 03:41:00.921,1.49214,1.49225,1.12,1.94
2015.04.06 03:41:01.275,1.49214,1.49228,1.50,3.15
2015.04.06 03:41:01.377,1.49214,1.49228,1.17,1.92
2015.04.06 03:41:01.883,1.49214,1.49228,1.20,2.47
2015.04.06 03:41:02.388,1.49214,1.49228,1.50,2.05
2015.04.06 03:41:02.490,1.49214,1.49228,1.50,1.80
2015.04.06 03:41:02.711,1.49214,1.49228,1.75,1.95
2015.04.06 03:41:03.951,1.49214,1.49228,1.75,1.46
2015.04.06 03:41:05.475,1.49215,1.49229,1.75,2.06
2015.04.06 03:41:05.678,1.49214,1.49226,1.75,1.37
2015.04.06 03:41:05.981,1.49214,1.49226,1.75,1.87
2015.04.06 03:41:06.487,1.49214,1.49226,1.87,1.87
2015.04.06 03:41:06.996,1.49214,1.49226,1.87,1.87
2015.04.06 03:41:08.797,1.49214,1.49226,1.87,1.87
2015.04.06 03:41:10.406,1.49214,1.49226,1.87,1.87
2015.04.06 03:41:10.929,1.49214,1.49226,1.50,1.87
2015.04.06 03:41:15.699,1.49214,1.49226,1.87,2.70
2015.04.06 03:41:15.903,1.49214,1.49226,1.50,2.70
2015.04.06 03:41:16.653,1.49214,1.49226,1.87,2.70
2015.04.06 03:41:24.830,1.49215,1.49226,1.12,1.95
2015.04.06 03:41:27.742,1.49215,1.49226,1.12,1.95
2015.04.06 03:41:28.794,1.49214,1.49226,1.87,1.57
2015.04.06 03:41:28.895,1.49214,1.49226,1.87,1.10
2015.04.06 03:41:29.452,1.49216,1.49226,1.12,1.10
2015.04.06 03:41:29.654,1.49214,1.49226,1.87,1.10
2015.04.06 03:41:29.755,1.49216,1.49226,1.12,1.10
2015.04.06 03:41:30.445,1.49215,1.49226,1.12,1.20
2015.04.06 03:41:30.547,1.49214,1.49226,1.50,1.20
2015.04.06 03:41:30.648,1.49215,1.49226,1.75,1.20
2015.04.06 03:41:31.154,1.49215,1.49226,1.75,1.57
2015.04.06 03:41:31.407,1.49212,1.49226,2.25,2.32
2015.04.06 03:41:32.450,1.49212,1.49226,1.87,2.32
2015.04.06 03:41:32.754,1.49212,1.49226,1.20,2.77
2015.04.06 03:41:33.260,1.49212,1.49226,1.15,2.47
2015.04.06 03:41:33.920,1.49212,1.49226,1.45,2.47
2015.04.06 03:41:36.704,1.49212,1.49226,1.87,2.40
2015.04.06 03:41:40.764,1.49212,1.49226,1.87,2.02
2015.04.06 03:41:40.865,1.49216,1.49226,1.12,1.95
2015.04.06 03:41:41.017,1.49214,1.49226,1.12,1.95
2015.04.06 03:41:41.270,1.49214,1.49227,1.12,1.87
2015.04.06 03:41:41.321,1.49213,1.49227,1.75,1.87
2015.04.06 03:41:41.423,1.49214,1.49227,1.12,1.87
2015.04.06 03:41:41.524,1.49213,1.49227,1.75,1.87
2015.04.06 03:41:42.030,1.49213,1.49227,1.50,1.87
2015.04.06 03:41:42.283,1.49213,1.49227,1.87,1.87
2015.04.06 03:41:48.265,1.49213,1.49227,2.25,1.37
2015.04.06 03:41:48.615,1.49216,1.49227,1.75,1.37
2015.04.06 03:41:54.429,1.49215,1.49227,1.12,1.37
2015.04.06 03:41:59.665,1.49214,1.49227,1.12,1.37
2015.04.06 03:42:00.190,1.49213,1.49227,1.75,1.37
2015.04.06 03:42:01.983,1.49213,1.49227,1.20,1.87
2015.04.06 03:42:06.272,1.49215,1.49227,1.15,1.37
2015.04.06 03:42:11.774,1.49215,1.49227,1.50,1.37
2015.04.06 03:42:13.832,1.49215,1.49227,1.87,1.00
2015.04.06 03:42:13.993,1.49215,1.49227,2.14,1.00
2015.04.06 03:42:14.044,1.49216,1.4923,1.62,1.37
2015.04.06 03:42:14.095,1.49218,1.4923,1.12,1.37
2015.04.06 03:42:14.197,1.4922,1.49232,1.00,1.00
2015.04.06 03:42:14.299,1.49221,1.49233,1.75,1.87
2015.04.06 03:42:14.553,1.49217,1.49231,1.20,1.95
2015.04.06 03:42:14.806,1.49216,1.4923,1.50,1.37
2015.04.06 03:42:15.973,1.49213,1.49227,1.50,1.37
2015.04.06 03:42:16.955,1.49213,1.49227,1.20,1.37
2015.04.06 03:42:17.708,1.49213,1.49227,1.00,1.47
2015.04.06 03:42:18.030,1.49214,1.49228,1.07,1.57
2015.04.06 03:42:18.359,1.49214,1.49228,1.45,1.37
2015.04.06 03:42:19.705,1.49214,1.49228,1.75,1.37
2015.04.06 03:42:21.806,1.49216,1.49228,1.75,1.87
2015.04.06 03:42:22.315,1.49216,1.49228,1.50,1.87
2015.04.06 03:42:23.877,1.49215,1.49228,1.75,1.37
2015.04.06 03:42:24.383,1.49215,1.49228,1.75,1.12
2015.04.06 03:42:26.603,1.49215,1.49228,1.75,1.37
2015.04.06 03:42:27.109,1.49216,1.49229,1.20,1.47
2015.04.06 03:42:27.650,1.49216,1.49229,1.50,1.47
2015.04.06 03:42:27.701,1.49216,1.49229,1.50,1.47
2015.04.06 03:42:28.413,1.49218,1.4923,1.20,2.06
2015.04.06 03:42:30.705,1.49218,1.4923,1.17,1.87
2015.04.06 03:42:31.093,1.4922,1.49232,1.00,1.56
2015.04.06 03:42:31.296,1.4922,1.49231,1.00,1.37
2015.04.06 03:42:31.802,1.49217,1.49231,1.20,2.06
2015.04.06 03:42:37.491,1.49217,1.49231,1.20,2.06
2015.04.06 03:42:44.138,1.49217,1.4923,1.45,1.37
2015.04.06 03:42:49.663,1.49217,1.49231,1.45,2.44
2015.04.06 03:42:52.497,1.49219,1.49233,1.00,2.36
2015.04.06 03:42:52.856,1.49218,1.4923,1.17,1.37
2015.04.06 03:42:53.008,1.49221,1.49232,1.07,1.39
2015.04.06 03:42:53.261,1.49219,1.49231,1.10,1.37
2015.04.06 03:42:53.312,1.49222,1.49234,1.00,2.14
2015.04.06 03:42:53.616,1.49218,1.4923,1.15,1.37
2015.04.06 03:42:54.120,1.49218,1.4923,1.17,1.37
2015.04.06 03:42:55.335,1.49217,1.49231,1.17,2.32
2015.04.06 03:42:56.481,1.49216,1.49228,1.20,1.37
2015.04.06 03:42:58.637,1.49216,1.49228,1.50,1.37
2015.04.06 03:43:04.327,1.49216,1.49228,1.50,1.00
2015.04.06 03:43:08.008,1.49216,1.49228,1.75,1.00
2015.04.06 03:43:08.563,1.49216,1.49228,1.75,1.00
2015.04.06 03:43:10.166,1.49216,1.49228,1.50,1.00
2015.04.06 03:43:10.766,1.49216,1.49228,1.20,1.00
2015.04.06 03:43:11.953,1.49216,1.49228,1.50,1.00
2015.04.06 03:43:12.510,1.49216,1.49228,1.50,1.00
2015.04.06 03:43:13.262,1.49216,1.49228,1.75,1.00
2015.04.06 03:43:13.768,1.49216,1.49228,1.75,1.00
2015.04.06 03:43:15.130,1.49216,1.49228,1.20,1.00
2015.04.06 03:43:19.648,1.49216,1.49228,1.20,1.00
2015.04.06 03:43:23.484,1.49216,1.49228,1.20,1.00
2015.04.06 03:43:23.788,1.49217,1.4923,1.17,1.00
2015.04.06 03:43:24.360,1.49217,1.49229,1.17,1.00
2015.04.06 03:43:24.665,1.49217,1.49231,1.17,1.12
2015.04.06 03:43:24.918,1.4922,1.49234,1.00,2.96
2015.04.06 03:43:25.424,1.49219,1.49233,1.00,2.21
2015.04.06 03:43:25.576,1.49216,1.4923,1.15,1.50
2015.04.06 03:43:26.082,1.49218,1.49231,1.00,1.10
2015.04.06 03:43:26.588,1.49218,1.4923,1.20,1.00
2015.04.06 03:43:35.164,1.49218,1.4923,1.17,1.00
2015.04.06 03:43:40.441,1.49218,1.4923,1.00,1.00
2015.04.06 03:43:41.529,1.49218,1.4923,1.17,1.00
2015.04.06 03:43:42.077,1.49218,1.4923,1.00,1.00
2015.04.06 03:43:42.945,1.49218,1.4923,1.07,1.00
2015.04.06 03:43:43.937,1.49218,1.49231,1.07,1.39
2015.04.06 03:43:44.140,1.49222,1.49233,1.00,1.64
2015.04.06 03:43:44.507,1.4922,1.49232,1.10,1.12
2015.04.06 03:43:45.046,1.49218,1.49232,1.20,1.87
2015.04.06 03:43:55.925,1.49217,1.49231,1.45,1.20
2015.04.06 03:44:09.611,1.49217,1.49231,1.45,1.39
2015.04.06 03:44:11.435,1.49217,1.4923,1.45,1.76
2015.04.06 03:44:11.941,1.49217,1.4923,1.75,1.76
2015.04.06 03:44:20.475,1.49217,1.4923,1.20,2.14
2015.04.06 03:44:22.935,1.49217,1.49229,1.20,1.36
2015.04.06 03:44:23.668,1.49216,1.49229,1.20,1.36
2015.04.06 03:44:30.033,1.49216,1.49228,1.15,1.69
2015.04.06 03:44:31.092,1.49216,1.49227,1.17,1.34
2015.04.06 03:44:35.075,1.49216,1.49227,1.17,1.34
2015.04.06 03:44:38.896,1.49216,1.49226,1.17,1.19
2015.04.06 03:44:39.099,1.49214,1.49226,1.00,2.29
2015.04.06 03:44:39.605,1.49214,1.49226,1.07,2.21
2015.04.06 03:44:40.123,1.49214,1.49226,1.07,2.21
2015.04.06 03:44:40.629,1.49214,1.49224,1.00,1.31
2015.04.06 03:44:41.482,1.4921,1.49224,1.50,2.14
2015.04.06 03:44:41.634,1.4921,1.49222,1.20,1.31
2015.04.06 03:44:41.938,1.4921,1.49222,1.20,1.39
2015.04.06 03:44:42.243,1.49209,1.4922,1.15,1.19
2015.04.06 03:44:42.786,1.49206,1.49219,1.75,1.19
2015.04.06 03:44:43.293,1.49206,1.49219,1.75,1.19
2015.04.06 03:44:44.281,1.49205,1.49219,1.50,2.14
2015.04.06 03:44:44.789,1.49205,1.49217,2.25,1.19
2015.04.06 03:44:47.653,1.49205,1.49217,1.75,1.19
2015.04.06 03:44:48.406,1.49204,1.49215,1.75,1.31
2015.04.06 03:44:48.659,1.49204,1.49215,1.07,1.56
2015.04.06 03:44:49.525,1.49204,1.49215,1.00,1.56
2015.04.06 03:44:49.604,1.49204,1.49215,1.37,1.56
2015.04.06 03:44:50.404,1.49204,1.49215,1.50,1.56
2015.04.06 03:44:50.919,1.49204,1.49215,1.50,1.56
2015.04.06 03:44:51.631,1.49203,1.49214,1.00,1.56
2015.04.06 03:44:51.837,1.49203,1.49214,1.00,1.31
2015.04.06 03:44:54.803,1.49203,1.49215,1.20,1.56
2015.04.06 03:44:55.107,1.49204,1.49215,1.07,1.19
2015.04.06 03:44:55.613,1.49204,1.49215,1.10,1.19
2015.04.06 03:44:55.766,1.49204,1.49217,1.37,1.39
2015.04.06 03:44:56.221,1.49204,1.49217,1.87,1.31
2015.04.06 03:44:59.112,1.49204,1.49217,1.87,1.29
2015.04.06 03:45:00.164,1.49204,1.49217,1.87,1.39
2015.04.06 03:45:01.394,1.49205,1.49217,1.87,1.19
2015.04.06 03:45:03.124,1.49205,1.49217,1.87,1.19
2015.04.06 03:45:05.129,1.49205,1.49217,2.25,1.19
2015.04.06 03:45:06.140,1.49207,1.49217,1.50,1.19
2015.04.06 03:45:08.741,1.49206,1.49217,1.75,1.19
2015.04.06 03:45:09.893,1.49206,1.49216,1.50,1.19
2015.04.06 03:45:09.956,1.49206,1.49216,1.50,1.19
2015.04.06 03:45:10.654,1.49206,1.49216,1.75,1.19
2015.04.06 03:45:12.676,1.49206,1.49216,1.75,1.19
2015.04.06 03:45:14.674,1.49206,1.49216,1.75,1.19
2015.04.06 03:45:15.649,1.49206,1.49216,1.75,1.19
2015.04.06 03:45:16.690,1.49206,1.49216,1.75,1.19
2015.04.06 03:45:18.240,1.49206,1.49218,1.50,2.06
2015.04.06 03:45:18.764,1.49206,1.49218,1.50,2.06
2015.04.06 03:45:19.350,1.49206,1.49218,1.75,2.06
2015.04.06 03:45:19.863,1.49206,1.49218,1.50,2.06
2015.04.06 03:45:20.367,1.49206,1.49218,1.50,2.06
2015.04.06 03:45:20.898,1.49206,1.49218,1.50,2.21
2015.04.06 03:45:21.202,1.49206,1.49218,1.75,2.02
2015.04.06 03:45:21.731,1.49206,1.49218,1.45,2.21
2015.04.06 03:45:22.269,1.49206,1.49218,1.50,3.15
2015.04.06 03:45:23.862,1.49206,1.49218,1.20,2.21
2015.04.06 03:45:24.255,1.49206,1.49218,1.45,2.02
2015.04.06 03:45:26.299,1.49206,1.49218,1.50,2.21
2015.04.06 03:45:26.401,1.49208,1.49219,1.07,1.25
2015.04.06 03:45:26.504,1.49209,1.49222,1.07,1.26
2015.04.06 03:45:26.605,1.49209,1.49222,1.17,1.19
2015.04.06 03:45:27.111,1.49211,1.49224,1.00,1.34
2015.04.06 03:45:27.264,1.49211,1.49224,1.20,1.29
2015.04.06 03:45:28.771,1.49211,1.49224,1.50,1.19
2015.04.06 03:45:29.884,1.49211,1.49224,1.75,1.46
2015.04.06 03:45:30.075,1.49211,1.49222,1.20,1.19
2015.04.06 03:45:30.126,1.49211,1.49222,1.10,1.19
2015.04.06 03:45:30.632,1.49211,1.49222,1.00,1.29
2015.04.06 03:45:31.189,1.4921,1.49222,1.10,1.19
2015.04.06 03:45:31.695,1.4921,1.49222,1.10,1.29
2015.04.06 03:45:32.219,1.4921,1.49222,1.45,1.29
2015.04.06 03:45:32.722,1.4921,1.49222,1.20,1.29
2015.04.06 03:45:34.091,1.4921,1.49222,1.20,1.29
2015.04.06 03:45:35.115,1.49212,1.49222,1.00,1.29
2015.04.06 03:45:37.105,1.49212,1.49222,1.00,1.29
2015.04.06 03:45:39.101,1.49212,1.49222,1.20,1.29
2015.04.06 03:45:40.012,1.4921,1.49221,1.00,1.61
2015.04.06 03:45:40.114,1.49208,1.49221,1.00,1.94
2015.04.06 03:45:40.217,1.49206,1.49218,1.10,1.39
2015.04.06 03:45:40.331,1.49206,1.49218,1.75,1.29
2015.04.06 03:45:40.988,1.49206,1.49217,1.10,1.29
2015.04.06 03:45:41.494,1.49206,1.49217,1.10,1.29
2015.04.06 03:45:41.646,1.49206,1.49217,1.75,1.29
2015.04.06 03:45:42.245,1.49206,1.49217,1.75,1.29
2015.04.06 03:45:42.346,1.49206,1.49217,1.17,1.29
2015.04.06 03:45:42.751,1.49206,1.49215,1.50,1.19
2015.04.06 03:45:44.211,1.49206,1.49215,1.50,1.19
2015.04.06 03:45:46.554,1.49206,1.49215,1.50,1.19
2015.04.06 03:45:47.060,1.49206,1.49215,1.75,1.19
2015.04.06 03:45:51.659,1.49206,1.49215,1.75,1.19
2015.04.06 03:45:55.634,1.49206,1.49215,1.75,1.19
2015.04.06 03:45:57.381,1.49207,1.49218,1.12,1.36
2015.04.06 03:45:57.583,1.49208,1.49219,1.75,1.00
2015.04.06 03:45:57.634,1.49208,1.49219,1.15,1.00
2015.04.06 03:45:57.685,1.49209,1.49223,1.20,1.32
2015.04.06 03:45:57.737,1.49209,1.49223,1.20,1.07
2015.04.06 03:45:57.838,1.4921,1.49224,1.17,1.76
2015.04.06 03:45:58.247,1.4921,1.49224,1.45,1.69
2015.04.06 03:45:58.551,1.49211,1.49224,1.75,1.25
2015.04.06 03:45:58.854,1.49212,1.49225,1.12,1.50
2015.04.06 03:45:59.431,1.49211,1.49225,1.87,1.50
2015.04.06 03:46:01.446,1.49212,1.49225,1.75,1.00
2015.04.06 03:46:02.174,1.49212,1.49226,1.87,1.20
2015.04.06 03:46:02.510,1.49217,1.49229,1.00,1.75
2015.04.06 03:46:02.560,1.49217,1.4923,1.00,2.00
2015.04.06 03:46:03.066,1.49217,1.4923,1.00,1.69
2015.04.06 03:46:03.319,1.49215,1.49229,1.87,1.10
2015.04.06 03:46:03.421,1.49222,1.49235,1.00,2.89
2015.04.06 03:46:03.472,1.49222,1.49235,1.00,2.51
2015.04.06 03:46:03.573,1.49223,1.49235,1.00,1.16
2015.04.06 03:46:04.079,1.49223,1.49235,1.00,2.21
2015.04.06 03:46:05.402,1.49223,1.49235,1.00,1.72
2015.04.06 03:46:05.959,1.49223,1.49235,1.50,1.57
2015.04.06 03:46:07.306,1.49223,1.49235,1.20,1.76
2015.04.06 03:46:07.859,1.49223,1.49235,1.17,1.76
2015.04.06 03:46:12.224,1.49223,1.49235,1.20,1.76
2015.04.06 03:46:22.697,1.49223,1.49235,1.00,2.32
2015.04.06 03:46:23.346,1.49223,1.49235,1.00,1.72
2015.04.06 03:46:25.150,1.49223,1.49233,1.00,1.00
2015.04.06 03:46:25.657,1.49223,1.49233,1.00,1.32
2015.04.06 03:46:34.328,1.49223,1.49231,1.00,1.31
2015.04.06 03:46:34.430,1.49217,1.49229,1.75,1.00
2015.04.06 03:46:34.937,1.49215,1.49229,1.75,1.15
2015.04.06 03:46:43.505,1.49215,1.49229,1.87,1.15
2015.04.06 03:46:49.885,1.49215,1.49229,1.75,1.15
2015.04.06 03:46:54.942,1.49215,1.49229,1.75,1.01
2015.04.06 03:47:14.915,1.49215,1.49229,1.75,1.17
2015.04.06 03:47:23.171,1.49213,1.49227,1.87,1.76
2015.04.06 03:47:23.273,1.49213,1.49224,1.87,1.00
2015.04.06 03:47:23.324,1.49213,1.49224,1.50,1.00
2015.04.06 03:47:23.830,1.49213,1.49224,1.20,1.00
2015.04.06 03:47:24.286,1.49212,1.49222,1.50,1.00
2015.04.06 03:47:24.388,1.49212,1.49222,1.15,1.00
2015.04.06 03:47:24.742,1.4921,1.49222,1.17,1.00
2015.04.06 03:47:25.046,1.49208,1.4922,1.20,1.10
2015.04.06 03:47:25.198,1.49208,1.4922,1.00,1.20
2015.04.06 03:47:27.211,1.49209,1.49221,1.00,1.65
2015.04.06 03:47:28.381,1.49209,1.49223,1.50,1.84
2015.04.06 03:47:28.789,1.49209,1.49223,1.00,1.99
2015.04.06 03:47:29.125,1.49209,1.49223,1.20,1.99
2015.04.06 03:47:29.226,1.49209,1.49223,1.00,1.99
2015.04.06 03:47:29.328,1.49209,1.49223,1.12,1.72
2015.04.06 03:47:29.631,1.49209,1.49223,1.50,1.65
2015.04.06 03:47:29.985,1.49209,1.49223,1.50,1.65
2015.04.06 03:47:33.849,1.49208,1.49222,1.75,1.20
2015.04.06 03:47:33.950,1.49208,1.49222,1.75,1.20
2015.04.06 03:47:35.310,1.49208,1.49222,1.20,1.20
2015.04.06 03:47:40.344,1.49208,1.49222,1.75,1.20
2015.04.06 03:47:40.851,1.49208,1.49222,1.50,1.20
2015.04.06 03:47:51.919,1.49208,1.49222,1.45,1.27
2015.04.06 03:47:52.231,1.49208,1.49221,1.45,1.07
2015.04.06 03:47:52.687,1.49208,1.49222,1.45,1.17
2015.04.06 03:47:53.192,1.49208,1.49222,1.75,1.07
2015.04.06 03:47:56.753,1.49207,1.49221,1.50,1.10
2015.04.06 03:48:00.376,1.49207,1.49221,1.75,1.10
2015.04.06 03:48:03.133,1.49207,1.49221,1.75,1.10
2015.04.06 03:48:03.869,1.49207,1.49221,1.87,1.10
2015.04.06 03:48:05.720,1.49211,1.49224,1.17,1.10
2015.04.06 03:48:06.221,1.49211,1.49224,1.20,1.00
2015.04.06 03:48:06.727,1.49212,1.49226,1.45,1.56
2015.04.06 03:48:07.233,1.49216,1.49228,1.00,1.69
2015.04.06 03:48:07.537,1.49216,1.49227,1.00,1.31
2015.04.06 03:48:07.983,1.49216,1.49228,1.00,1.45
2015.04.06 03:48:08.535,1.49216,1.4923,1.10,2.51
2015.04.06 03:48:08.942,1.49216,1.4923,1.17,2.21
2015.04.06 03:48:10.798,1.49216,1.4923,1.20,1.91
2015.04.06 03:48:11.051,1.49216,1.4923,1.75,1.76
2015.04.06 03:48:14.099,1.49216,1.4923,1.75,1.76
2015.04.06 03:48:14.980,1.49216,1.4923,1.50,1.84
2015.04.06 03:48:15.500,1.49216,1.4923,1.20,1.84
2015.04.06 03:48:16.302,1.49216,1.4923,1.20,1.84
2015.04.06 03:48:18.309,1.49216,1.4923,1.20,1.84
2015.04.06 03:48:21.313,1.49216,1.4923,1.20,1.65
2015.04.06 03:48:23.098,1.49219,1.49232,1.00,1.52
2015.04.06 03:48:23.402,1.49217,1.49231,1.75,1.76
2015.04.06 03:48:23.706,1.49216,1.4923,1.75,1.17
2015.04.06 03:48:24.211,1.49216,1.4923,1.75,1.17
2015.04.06 03:48:24.717,1.49216,1.4923,1.75,1.17
2015.04.06 03:48:27.622,1.49217,1.4923,1.12,1.27
2015.04.06 03:48:57.304,1.49217,1.49229,1.50,1.00
2015.04.06 03:48:57.810,1.49216,1.49229,1.12,1.50
2015.04.06 03:48:58.315,1.49215,1.49229,2.25,1.50
2015.04.06 03:48:58.417,1.49217,1.49229,1.12,1.50
2015.04.06 03:48:58.934,1.49216,1.49229,1.12,1.50
2015.04.06 03:49:00.287,1.49216,1.49229,1.12,2.32
2015.04.06 03:49:04.911,1.49217,1.49229,1.12,2.32
2015.04.06 03:49:06.359,1.49216,1.49229,1.75,2.32
2015.04.06 03:49:14.416,1.49216,1.49229,1.75,1.00
2015.04.06 03:49:14.619,1.49219,1.49232,1.00,1.39
2015.04.06 03:49:14.872,1.49218,1.49232,1.15,1.54
2015.04.06 03:49:14.923,1.49218,1.49232,1.45,1.46
2015.04.06 03:49:15.479,1.49218,1.49232,1.20,1.46
2015.04.06 03:49:16.003,1.49218,1.49232,1.17,1.54
2015.04.06 03:49:22.212,1.49218,1.49232,1.17,1.84
2015.04.06 03:49:25.235,1.49218,1.49232,1.17,1.54
2015.04.06 03:49:34.517,1.49218,1.49232,1.50,1.84
2015.04.06 03:49:46.248,1.49218,1.49232,1.50,1.84
2015.04.06 03:49:46.733,1.49218,1.49232,1.17,1.84
2015.04.06 03:49:53.120,1.49218,1.49232,1.45,1.74
2015.04.06 03:49:57.368,1.49218,1.49232,1.45,1.74
2015.04.06 03:50:04.620,1.49218,1.49232,1.15,2.21
2015.04.06 03:50:08.406,1.49218,1.49232,1.07,2.21
2015.04.06 03:50:13.420,1.49218,1.49232,1.07,2.21
2015.04.06 03:50:21.161,1.49218,1.49232,1.00,2.21
2015.04.06 03:50:23.616,1.49218,1.49232,1.20,2.14
2015.04.06 03:50:25.609,1.49218,1.49232,1.20,2.14
2015.04.06 03:50:29.491,1.49218,1.49232,1.00,2.29
2015.04.06 03:50:30.494,1.49218,1.49232,1.20,1.95
2015.04.06 03:50:33.617,1.4922,1.49232,1.00,1.47
2015.04.06 03:50:33.771,1.49218,1.49232,1.72,1.47
2015.04.06 03:50:34.026,1.49218,1.4923,1.95,1.00
2015.04.06 03:50:34.556,1.49217,1.49229,1.20,1.00
2015.04.06 03:50:40.369,1.49218,1.49231,1.17,1.20
2015.04.06 03:50:40.825,1.4922,1.49232,1.20,1.12
2015.04.06 03:50:41.079,1.49217,1.49231,1.39,1.12
2015.04.06 03:50:41.595,1.49218,1.49232,1.17,1.31
2015.04.06 03:50:41.747,1.49218,1.49232,1.45,1.31
2015.04.06 03:50:42.020,1.49217,1.49231,1.20,1.12
2015.04.06 03:50:49.648,1.49217,1.4923,1.20,1.31
2015.04.06 03:50:50.588,1.49217,1.4923,1.20,1.31
2015.04.06 03:50:51.581,1.49216,1.4923,1.75,2.21
2015.04.06 03:50:52.383,1.49216,1.4923,1.20,2.21
2015.04.06 03:50:52.687,1.49216,1.4923,1.50,2.21
2015.04.06 03:50:53.216,1.49216,1.4923,1.50,2.21
2015.04.06 03:50:55.363,1.49216,1.4923,1.20,2.21
2015.04.06 03:50:56.329,1.49216,1.49229,1.15,1.29
2015.04.06 03:50:57.880,1.49216,1.49229,1.20,1.76
2015.04.06 03:51:00.300,1.49216,1.49229,1.10,1.84
2015.04.06 03:51:03.345,1.49216,1.4923,1.10,1.84
2015.04.06 03:51:03.451,1.49216,1.4923,1.07,1.01
2015.04.06 03:51:03.962,1.49216,1.4923,1.50,1.25
2015.04.06 03:51:04.926,1.49216,1.4923,1.50,1.00
2015.04.06 03:51:07.710,1.49216,1.4923,1.50,1.37
2015.04.06 03:51:10.169,1.49217,1.49231,1.57,1.37
2015.04.06 03:51:10.574,1.4922,1.49234,1.00,1.47
2015.04.06 03:51:10.625,1.49222,1.49236,1.00,2.21
2015.04.06 03:51:11.148,1.49222,1.49236,1.00,2.21
2015.04.06 03:51:11.401,1.49223,1.49237,1.20,1.57
2015.04.06 03:51:11.452,1.49223,1.49237,1.10,1.95
2015.04.06 03:51:11.958,1.49223,1.49234,1.00,1.35
2015.04.06 03:51:12.060,1.49221,1.49231,1.00,1.10
2015.04.06 03:51:12.414,1.49217,1.49231,1.17,1.50
2015.04.06 03:51:12.928,1.49216,1.4923,1.07,1.10
2015.04.06 03:51:13.461,1.49216,1.4923,1.20,1.25
2015.04.06 03:51:20.327,1.49216,1.4923,1.50,1.00
2015.04.06 03:51:20.874,1.49216,1.4923,1.87,1.00
2015.04.06 03:51:21.208,1.49218,1.49232,1.45,1.57
2015.04.06 03:51:21.309,1.49217,1.49231,1.69,1.00
2015.04.06 03:51:21.814,1.49217,1.49231,1.69,1.17
2015.04.06 03:51:22.067,1.49218,1.49232,1.65,1.12
2015.04.06 03:51:22.219,1.49218,1.49232,1.00,1.20
2015.04.06 03:51:22.270,1.49222,1.49234,1.00,2.14
2015.04.06 03:51:22.422,1.49222,1.49234,1.00,1.84
2015.04.06 03:51:22.625,1.49224,1.49234,1.00,1.16
2015.04.06 03:51:22.726,1.4922,1.49232,1.00,1.10
2015.04.06 03:51:23.232,1.49217,1.49231,1.39,1.00
2015.04.06 03:51:23.283,1.49217,1.49231,1.09,1.00
2015.04.06 03:51:24.089,1.49217,1.49231,1.10,1.10
2015.04.06 03:51:24.651,1.49217,1.49231,1.17,1.00
2015.04.06 03:51:27.696,1.49218,1.4923,1.00,1.00
2015.04.06 03:51:28.237,1.49217,1.49229,1.00,1.00
2015.04.06 03:51:30.692,1.49217,1.49229,1.07,1.00
2015.04.06 03:51:31.234,1.49217,1.49229,1.20,1.00
2015.04.06 03:51:37.141,1.49217,1.49229,1.07,1.00
2015.04.06 03:51:37.344,1.49217,1.49229,1.07,1.19
2015.04.06 03:51:38.338,1.49217,1.49229,1.07,3.19
2015.04.06 03:51:38.844,1.49217,1.49229,1.00,1.84
2015.04.06 03:51:40.371,1.49217,1.49229,1.00,1.84
2015.04.06 03:51:46.347,1.49217,1.49229,1.00,1.76
2015.04.06 03:51:47.349,1.49217,1.49229,1.00,1.76
2015.04.06 03:51:50.209,1.49215,1.49229,1.10,1.76
2015.04.06 03:51:51.558,1.49215,1.49229,1.07,1.84
2015.04.06 03:51:52.469,1.49215,1.49229,1.15,1.76
2015.04.06 03:51:52.975,1.49215,1.49229,1.10,1.91
2015.04.06 03:52:00.549,1.49213,1.49228,1.07,1.26
2015.04.06 03:52:01.055,1.49213,1.49228,1.10,1.39
2015.04.06 03:52:07.961,1.49213,1.49227,1.00,1.31
2015.04.06 03:52:10.047,1.49213,1.49228,1.00,2.81
2015.04.06 03:52:11.016,1.49213,1.49228,1.00,2.81
2015.04.06 03:52:15.025,1.49213,1.49228,1.00,2.81
2015.04.06 03:52:21.263,1.49213,1.49227,1.00,1.31
2015.04.06 03:52:21.769,1.49213,1.49228,1.00,2.81
2015.04.06 03:52:23.475,1.49213,1.49227,1.00,1.31
2015.04.06 03:52:25.132,1.49213,1.49228,1.10,2.81
2015.04.06 03:52:26.088,1.49213,1.49228,1.10,2.81
2015.04.06 03:52:29.075,1.49213,1.49228,1.10,2.06
2015.04.06 03:52:37.292,1.49212,1.49225,1.00,1.36
2015.04.06 03:52:37.444,1.49214,1.49227,1.00,1.69
2015.04.06 03:52:37.949,1.49213,1.49228,1.20,2.51
2015.04.06 03:52:38.960,1.49213,1.49228,1.00,2.51
2015.04.06 03:52:40.101,1.49213,1.49226,1.00,1.54
2015.04.06 03:52:41.062,1.49213,1.49226,1.20,2.14
2015.04.06 03:52:41.113,1.49213,1.49226,1.20,2.14
2015.04.06 03:52:41.618,1.49213,1.49226,1.75,1.39
2015.04.06 03:52:44.274,1.49213,1.49226,1.20,1.39
2015.04.06 03:52:45.090,1.49213,1.49226,1.20,1.39
2015.04.06 03:52:46.131,1.49213,1.49226,1.20,1.39
2015.04.06 03:52:47.099,1.49213,1.49226,1.20,1.39
2015.04.06 03:52:48.097,1.49213,1.49226,1.20,1.39
2015.04.06 03:52:49.099,1.49213,1.49226,1.20,1.39
2015.04.06 03:52:50.101,1.49213,1.49226,1.20,1.39
2015.04.06 03:52:50.399,1.49213,1.49226,1.10,1.39
2015.04.06 03:52:52.092,1.49213,1.49226,1.20,1.39
2015.04.06 03:52:52.396,1.49213,1.49226,1.47,1.39
2015.04.06 03:52:52.498,1.49213,1.49226,1.17,1.39
2015.04.06 03:52:52.614,1.49213,1.49226,1.45,1.39
2015.04.06 03:52:52.816,1.49213,1.49226,1.17,1.39
2015.04.06 03:52:53.321,1.49213,1.49226,1.17,1.39
2015.04.06 03:52:54.050,1.49213,1.49226,1.10,1.46
2015.04.06 03:52:54.555,1.49213,1.49226,1.10,1.46
2015.04.06 03:52:55.134,1.49213,1.49226,1.10,1.46
2015.04.06 03:52:56.153,1.49213,1.49226,1.10,1.46
2015.04.06 03:53:02.487,1.49213,1.49226,1.07,1.46
2015.04.06 03:53:06.172,1.49213,1.49226,1.07,1.46
2015.04.06 03:53:07.135,1.49213,1.49226,1.07,1.46
2015.04.06 03:53:08.439,1.49213,1.49226,1.17,1.46
2015.04.06 03:53:09.440,1.49213,1.49226,1.17,1.46
2015.04.06 03:53:10.447,1.49213,1.49226,1.17,1.46
2015.04.06 03:53:11.067,1.49213,1.49225,1.10,1.39
2015.04.06 03:53:12.455,1.49213,1.49225,1.10,1.39
2015.04.06 03:53:13.448,1.49213,1.49225,1.10,1.39
2015.04.06 03:53:28.082,1.49213,1.49225,1.10,1.39
2015.04.06 03:53:29.228,1.49213,1.49226,1.20,1.54
2015.04.06 03:53:33.066,1.49213,1.49226,1.20,1.61
2015.04.06 03:53:33.117,1.49213,1.49226,1.20,1.61
2015.04.06 03:53:35.422,1.49213,1.49226,1.20,1.91
2015.04.06 03:53:35.625,1.49213,1.49226,1.20,1.34
2015.04.06 03:53:36.151,1.49214,1.49227,1.10,3.19
2015.04.06 03:53:36.465,1.49213,1.49226,1.12,1.34
2015.04.06 03:53:37.441,1.49213,1.49227,1.87,2.44
2015.04.06 03:53:37.949,1.49214,1.49229,1.75,2.89
2015.04.06 03:53:38.254,1.49215,1.49228,1.12,1.27
2015.04.06 03:53:38.356,1.49215,1.49228,1.12,1.46
2015.04.06 03:53:38.710,1.49215,1.49228,1.12,1.46
2015.04.06 03:53:39.739,1.49215,1.49228,1.12,1.46
2015.04.06 03:53:40.704,1.49215,1.49228,1.12,1.46
2015.04.06 03:53:43.156,1.49213,1.49226,1.57,1.01
2015.04.06 03:53:43.209,1.49213,1.49226,1.07,2.51
2015.04.06 03:53:44.559,1.49213,1.49226,1.07,2.89
2015.04.06 03:53:45.535,1.49213,1.49226,1.07,2.89
2015.04.06 03:53:47.304,1.49211,1.49226,1.55,3.64
2015.04.06 03:53:48.192,1.49211,1.49226,1.50,3.34
2015.04.06 03:53:48.773,1.49211,1.49226,1.87,3.04
2015.04.06 03:53:50.651,1.49211,1.49226,1.87,3.04
2015.04.06 03:53:51.333,1.49211,1.49223,1.00,1.46
2015.04.06 03:53:52.350,1.49211,1.49223,1.00,1.46
2015.04.06 03:53:53.356,1.49211,1.49223,1.00,1.46
2015.04.06 03:53:54.365,1.49211,1.49223,1.10,1.29
2015.04.06 03:53:55.367,1.49211,1.49223,1.10,1.29
2015.04.06 03:53:57.374,1.49211,1.49223,1.10,1.29
2015.04.06 03:53:58.380,1.49211,1.49223,1.00,1.76
2015.04.06 03:54:03.454,1.4921,1.49222,1.00,1.34
2015.04.06 03:54:04.365,1.4921,1.49222,1.10,1.19
2015.04.06 03:54:04.905,1.4921,1.49222,1.10,1.19
2015.04.06 03:54:05.894,1.4921,1.49222,1.00,1.29
2015.04.06 03:54:08.868,1.4921,1.49222,1.00,1.29
2015.04.06 03:54:09.172,1.4921,1.49222,1.50,1.19
2015.04.06 03:54:09.875,1.4921,1.49222,1.50,1.19
2015.04.06 03:54:12.876,1.4921,1.49222,1.50,1.19
2015.04.06 03:54:12.977,1.4921,1.49222,1.50,1.19
2015.04.06 03:54:16.022,1.4921,1.49224,1.50,2.21
2015.04.06 03:54:17.998,1.4921,1.49224,1.50,1.46
2015.04.06 03:54:18.099,1.4921,1.49224,1.50,1.46
2015.04.06 03:54:18.200,1.4921,1.49224,1.10,1.91
2015.04.06 03:54:19.990,1.4921,1.49224,1.10,1.91
2015.04.06 03:54:21.028,1.4921,1.49224,1.10,1.91
2015.04.06 03:54:25.531,1.4921,1.49224,1.10,1.91
2015.04.06 03:54:41.595,1.4921,1.49224,1.37,1.74
2015.04.06 03:54:43.715,1.4921,1.49224,1.20,2.21
2015.04.06 03:54:44.830,1.4921,1.49223,1.45,1.46
2015.04.06 03:54:46.224,1.4921,1.49223,1.15,1.46
2015.04.06 03:54:47.674,1.4921,1.49223,1.10,1.54
2015.04.06 03:54:53.701,1.4921,1.49224,1.10,1.81
2015.04.06 03:54:57.665,1.4921,1.49224,1.07,1.86
2015.04.06 03:54:58.179,1.4921,1.49222,1.00,1.44
2015.04.06 03:55:02.686,1.4921,1.49222,1.00,1.36
2015.04.06 03:55:07.702,1.4921,1.49222,1.00,1.19
2015.04.06 03:55:14.125,1.49206,1.49224,1.12,1.81
2015.04.06 03:55:14.176,1.49206,1.49223,1.50,1.46
2015.04.06 03:55:14.731,1.49209,1.49223,1.20,1.64
2015.04.06 03:55:15.289,1.49209,1.49223,1.50,1.64
2015.04.06 03:55:15.923,1.49209,1.49223,1.45,1.64
2015.04.06 03:55:16.450,1.49209,1.49223,1.45,1.74
2015.04.06 03:55:16.720,1.49209,1.49223,1.45,1.74
2015.04.06 03:55:16.822,1.49209,1.49223,1.00,1.79
2015.04.06 03:55:18.758,1.49209,1.49223,1.00,1.79
2015.04.06 03:55:33.646,1.4921,1.49223,1.00,1.41
2015.04.06 03:55:34.771,1.4921,1.49224,1.00,1.09
2015.04.06 03:55:34.872,1.49208,1.49217,1.00,1.19
2015.04.06 03:55:34.974,1.49203,1.49215,1.00,1.50
2015.04.06 03:55:35.025,1.49203,1.49216,1.00,1.09
2015.04.06 03:55:35.076,1.49204,1.49217,1.37,1.46
2015.04.06 03:55:35.431,1.49204,1.49215,1.20,1.26
2015.04.06 03:55:37.093,1.49204,1.49215,1.20,1.39
2015.04.06 03:55:37.606,1.49204,1.49215,1.17,2.14
2015.04.06 03:55:39.097,1.49204,1.49215,1.17,2.14
2015.04.06 03:55:39.938,1.492,1.49215,1.87,2.89
2015.04.06 03:55:40.454,1.492,1.49215,1.87,2.89
2015.04.06 03:55:40.786,1.49202,1.49215,1.12,2.89
2015.04.06 03:55:42.767,1.49201,1.49215,1.12,2.89
2015.04.06 03:55:44.068,1.49201,1.49215,1.12,2.89
2015.04.06 03:55:46.105,1.49201,1.49213,1.12,1.01
2015.04.06 03:55:46.417,1.49198,1.4921,1.20,1.19
2015.04.06 03:55:48.399,1.49196,1.49211,1.87,2.14
2015.04.06 03:55:49.527,1.49196,1.49211,1.87,2.14
2015.04.06 03:55:50.509,1.49196,1.49211,1.87,2.14
2015.04.06 03:55:51.503,1.49196,1.49211,1.87,2.14
2015.04.06 03:55:53.318,1.49198,1.4921,1.20,1.19
2015.04.06 03:55:53.470,1.49198,1.49211,1.10,1.76
2015.04.06 03:55:54.559,1.49196,1.49208,1.50,1.19
2015.04.06 03:55:54.610,1.49196,1.49208,1.50,1.56
2015.04.06 03:55:54.762,1.49193,1.49207,1.20,1.76
2015.04.06 03:55:54.813,1.49193,1.49207,1.55,1.39
2015.04.06 03:55:54.966,1.49197,1.49209,1.00,1.36
2015.04.06 03:55:55.469,1.49197,1.49212,1.12,2.06
2015.04.06 03:55:55.774,1.492,1.49213,1.10,2.29
2015.04.06 03:55:56.432,1.49198,1.49209,1.00,1.19
2015.04.06 03:55:57.160,1.49197,1.49211,1.00,1.91
2015.04.06 03:55:57.676,1.49197,1.4921,1.00,1.31
2015.04.06 03:55:58.249,1.49197,1.49208,1.00,2.29
2015.04.06 03:55:58.401,1.49193,1.49208,1.47,3.04
2015.04.06 03:55:59.363,1.49195,1.49208,1.37,2.29
2015.04.06 03:56:01.668,1.49195,1.49208,1.00,1.46
2015.04.06 03:56:01.951,1.49195,1.49208,1.20,1.84
2015.04.06 03:56:02.255,1.49196,1.49209,1.00,1.16
2015.04.06 03:56:03.262,1.49196,1.4921,1.00,2.96
2015.04.06 03:56:04.250,1.49196,1.4921,1.00,3.26
2015.04.06 03:56:04.970,1.49195,1.49207,1.00,1.29
2015.04.06 03:56:05.173,1.49195,1.49207,1.07,1.29
2015.04.06 03:56:05.681,1.49195,1.49207,1.00,1.29
2015.04.06 03:56:06.029,1.49195,1.49207,1.37,1.29
2015.04.06 03:56:06.549,1.49195,1.49207,1.37,1.34
2015.04.06 03:56:07.348,1.49196,1.49207,1.10,1.29
2015.04.06 03:56:07.896,1.49196,1.49207,1.47,1.29
2015.04.06 03:56:08.563,1.49196,1.49207,1.47,1.29
2015.04.06 03:56:09.383,1.49196,1.49207,1.47,1.29
2015.04.06 03:56:09.788,1.49198,1.49211,1.12,1.69
2015.04.06 03:56:09.839,1.492,1.49213,1.00,2.81
2015.04.06 03:56:10.478,1.49201,1.49214,1.50,1.39
2015.04.06 03:56:10.731,1.49203,1.49211,1.00,1.20
2015.04.06 03:56:11.186,1.49202,1.49215,1.00,1.39
2015.04.06 03:56:16.709,1.49202,1.49215,1.00,1.39
2015.04.06 03:56:18.682,1.49202,1.49215,1.20,1.69
2015.04.06 03:56:22.684,1.49202,1.49215,1.20,1.69
2015.04.06 03:56:22.836,1.49202,1.49215,1.20,1.69
2015.04.06 03:56:24.187,1.49202,1.49215,1.20,1.69
2015.04.06 03:56:28.370,1.49201,1.49214,1.17,1.19
2015.04.06 03:56:28.898,1.49201,1.49214,1.17,1.19
2015.04.06 03:56:32.600,1.49201,1.49214,1.17,1.19
2015.04.06 03:56:33.359,1.49201,1.49214,1.47,1.19
2015.04.06 03:56:33.719,1.49201,1.49214,1.10,1.19
2015.04.06 03:56:33.922,1.49201,1.49214,1.10,1.19
2015.04.06 03:56:41.303,1.49201,1.49214,1.07,1.29
2015.04.06 03:56:48.568,1.49201,1.49214,1.07,1.10
2015.04.06 03:56:49.080,1.49201,1.49214,1.50,1.00
2015.04.06 03:56:50.787,1.49202,1.49215,1.27,1.00
2015.04.06 03:56:50.888,1.49204,1.49215,1.47,1.00
2015.04.06 03:56:50.990,1.49206,1.4922,1.37,1.31
2015.04.06 03:56:51.243,1.49208,1.49221,1.00,1.12
2015.04.06 03:56:51.294,1.49208,1.49222,1.12,1.85
2015.04.06 03:56:51.446,1.49204,1.49219,2.96,1.57
2015.04.06 03:56:51.958,1.49203,1.49218,2.10,1.27
2015.04.06 03:56:53.417,1.49205,1.49218,1.00,1.27
2015.04.06 03:56:53.519,1.49202,1.49215,1.20,1.10
2015.04.06 03:56:54.732,1.49202,1.49215,1.15,1.00
2015.04.06 03:56:55.587,1.49202,1.49215,1.20,1.00
2015.04.06 03:57:08.150,1.49202,1.49215,1.09,1.27
2015.04.06 03:57:08.656,1.49202,1.49215,1.00,1.27
2015.04.06 03:57:09.080,1.49202,1.49215,1.00,1.57
2015.04.06 03:57:09.282,1.49202,1.49215,1.10,1.20
2015.04.06 03:57:11.021,1.49202,1.49215,1.17,1.00
2015.04.06 03:57:32.242,1.49202,1.49215,1.50,1.00
2015.04.06 03:57:36.958,1.49202,1.49215,1.45,1.00
2015.04.06 03:57:41.809,1.49202,1.49215,1.20,1.00
2015.04.06 03:57:53.542,1.492,1.49218,1.31,1.57
2015.04.06 03:58:04.635,1.492,1.49218,1.87,1.76
2015.04.06 03:58:05.617,1.492,1.49218,1.87,1.46
2015.04.06 03:58:07.781,1.49201,1.49218,1.12,1.76
2015.04.06 03:58:11.647,1.49201,1.49219,1.12,2.14
2015.04.06 03:58:42.878,1.49203,1.49218,1.75,1.10
2015.04.06 03:58:43.396,1.49203,1.49218,1.50,1.00
2015.04.06 03:59:07.681,1.49203,1.49218,1.87,1.00
2015.04.06 03:59:40.064,1.49203,1.49218,1.75,1.00
2015.04.06 03:59:42.916,1.49202,1.49221,3.19,2.14
2015.04.06 03:59:53.912,1.49204,1.49217,1.45,1.00
