2010.09.10 14:00:00.060,1.53985,1.54005,1.60,1.20
2010.09.10 14:00:00.282,1.53985,1.54005,1.60,1.00
2010.09.10 14:00:01.222,1.53985,1.53995,1.60,1.00
2010.09.10 14:00:01.505,1.53985,1.53995,1.60,1.00
2010.09.10 14:00:01.938,1.53985,1.53995,1.60,1.00
2010.09.10 14:00:02.098,1.53985,1.53995,1.60,1.00
2010.09.10 14:00:02.258,1.5398,1.53985,6.40,1.00
2010.09.10 14:00:02.952,1.53975,1.5399,2.40,1.60
2010.09.10 14:00:03.310,1.5396,1.5398,9.60,2.40
2010.09.10 14:00:04.092,1.5396,1.5398,9.60,2.50
2010.09.10 14:00:04.353,1.5395,1.5397,4.00,1.60
2010.09.10 14:00:04.688,1.53955,1.5397,2.40,1.60
2010.09.10 14:00:05.311,1.5396,1.5397,1.20,1.00
2010.09.10 14:00:05.665,1.53965,1.53985,10.00,6.00
2010.09.10 14:00:06.368,1.53965,1.5398,10.00,1.00
2010.09.10 14:00:06.942,1.5397,1.5398,1.00,1.00
2010.09.10 14:00:07.177,1.53965,1.5398,3.20,1.00
2010.09.10 14:00:07.415,1.53965,1.5398,3.20,1.50
2010.09.10 14:00:07.753,1.53965,1.5398,3.20,1.00
2010.09.10 14:00:08.149,1.5396,1.5398,6.40,4.00
2010.09.10 14:00:08.412,1.5396,1.53975,1.00,1.60
2010.09.10 14:00:09.004,1.53955,1.53975,1.00,2.40
2010.09.10 14:00:09.312,1.53955,1.53975,2.40,2.40
2010.09.10 14:00:09.613,1.53955,1.53975,2.40,2.50
2010.09.10 14:00:10.471,1.5395,1.5397,10.20,1.00
2010.09.10 14:00:10.823,1.53955,1.5397,1.00,2.40
2010.09.10 14:00:11.497,1.5395,1.5397,4.60,3.20
2010.09.10 14:00:11.824,1.5395,1.5397,9.40,3.20
2010.09.10 14:00:12.539,1.5395,1.5397,10.00,3.20
2010.09.10 14:00:13.043,1.53955,1.5397,1.00,1.00
2010.09.10 14:00:14.368,1.53955,1.5397,1.00,2.40
2010.09.10 14:00:16.880,1.53955,1.5397,1.00,1.60
2010.09.10 14:00:17.181,1.53955,1.53975,1.00,15.70
2010.09.10 14:00:18.189,1.53955,1.53975,1.60,15.60
2010.09.10 14:00:18.970,1.53955,1.53975,1.60,15.70
2010.09.10 14:00:19.312,1.53955,1.5397,1.00,2.40
2010.09.10 14:00:20.396,1.53955,1.53975,1.00,16.00
2010.09.10 14:00:21.676,1.53955,1.5397,1.00,1.00
2010.09.10 14:00:25.637,1.5395,1.5397,1.60,3.20
2010.09.10 14:00:25.933,1.5395,1.5397,1.60,3.30
2010.09.10 14:00:26.621,1.5395,1.5397,1.60,3.20
2010.09.10 14:00:26.978,1.53955,1.5397,1.00,1.00
2010.09.10 14:00:27.940,1.5395,1.5397,2.00,3.20
2010.09.10 14:00:28.279,1.5395,1.5397,1.60,3.20
2010.09.10 14:00:29.115,1.53965,1.5398,1.00,1.60
2010.09.10 14:00:29.468,1.53965,1.53985,4.00,14.20
2010.09.10 14:00:29.824,1.53965,1.53985,1.60,9.00
2010.09.10 14:00:30.177,1.53965,1.53985,1.60,6.60
2010.09.10 14:00:30.865,1.53965,1.53985,1.60,6.80
2010.09.10 14:00:31.514,1.53965,1.5398,1.00,1.00
2010.09.10 14:00:32.138,1.5396,1.5398,13.80,1.60
2010.09.10 14:00:32.439,1.5396,1.5398,10.90,3.30
2010.09.10 14:00:33.098,1.5396,1.5398,10.10,4.10
2010.09.10 14:00:33.749,1.5396,1.5398,5.00,4.10
2010.09.10 14:00:33.968,1.5396,1.5398,3.20,4.70
2010.09.10 14:00:34.180,1.5396,1.53975,1.00,1.60
2010.09.10 14:00:35.411,1.5396,1.53975,4.50,1.60
2010.09.10 14:00:35.710,1.5396,1.5398,10.10,2.40
2010.09.10 14:00:37.710,1.5396,1.5398,6.80,2.40
2010.09.10 14:00:37.951,1.5396,1.53975,9.60,1.00
2010.09.10 14:00:38.182,1.5396,1.5398,9.60,4.00
2010.09.10 14:00:39.076,1.5396,1.5398,7.20,4.00
2010.09.10 14:00:39.363,1.5395,1.5397,3.20,5.40
2010.09.10 14:00:39.988,1.53945,1.5397,1.60,11.80
2010.09.10 14:00:40.277,1.53945,1.53965,1.60,2.00
2010.09.10 14:00:40.630,1.53945,1.53965,1.60,5.00
2010.09.10 14:00:40.987,1.5394,1.53955,9.20,1.00
2010.09.10 14:00:41.353,1.53935,1.5395,4.00,1.00
2010.09.10 14:00:42.030,1.53935,1.5395,1.00,1.60
2010.09.10 14:00:42.375,1.53935,1.5395,1.60,1.00
2010.09.10 14:00:42.725,1.53935,1.53955,4.00,2.40
2010.09.10 14:00:43.081,1.53935,1.53955,6.40,2.40
2010.09.10 14:00:43.439,1.5394,1.53955,1.00,1.60
2010.09.10 14:00:44.678,1.5394,1.53955,1.00,1.00
2010.09.10 14:00:44.976,1.5394,1.53955,1.00,1.00
2010.09.10 14:00:45.762,1.53935,1.5395,1.00,3.20
2010.09.10 14:00:46.116,1.53935,1.5395,1.00,1.00
2010.09.10 14:00:46.779,1.5393,1.53945,7.20,1.00
2010.09.10 14:00:47.037,1.5393,1.53945,4.80,1.00
2010.09.10 14:00:50.532,1.5393,1.53945,1.00,2.40
2010.09.10 14:00:50.884,1.53925,1.53945,14.80,3.20
2010.09.10 14:00:51.224,1.53925,1.53945,14.00,3.60
2010.09.10 14:00:51.576,1.53925,1.53945,14.80,3.60
2010.09.10 14:00:51.915,1.53925,1.53945,14.80,2.50
2010.09.10 14:00:52.238,1.5393,1.53945,4.00,1.30
2010.09.10 14:00:52.840,1.5394,1.53945,7.20,1.00
2010.09.10 14:00:53.167,1.53945,1.53965,4.00,5.50
2010.09.10 14:00:53.446,1.53945,1.53965,10.40,4.50
2010.09.10 14:00:54.251,1.53945,1.53965,15.20,4.50
2010.09.10 14:00:54.606,1.5397,1.53975,5.20,8.00
2010.09.10 14:00:55.190,1.5397,1.53975,3.60,8.00
2010.09.10 14:00:55.539,1.5399,1.53995,1.00,4.80
2010.09.10 14:00:56.051,1.5399,1.53995,1.00,4.80
2010.09.10 14:00:56.403,1.53985,1.54,6.00,1.60
2010.09.10 14:00:56.709,1.53985,1.54005,8.00,2.50
2010.09.10 14:00:57.055,1.53985,1.54005,8.00,1.00
2010.09.10 14:00:57.356,1.53985,1.54005,8.00,1.20
2010.09.10 14:00:58.315,1.53985,1.54005,8.00,2.80
2010.09.10 14:00:58.352,1.53985,1.54005,8.00,1.20
2010.09.10 14:00:58.706,1.53985,1.54005,8.00,1.70
2010.09.10 14:00:58.909,1.53985,1.54005,8.00,1.00
2010.09.10 14:01:00.202,1.5399,1.54005,1.00,1.00
2010.09.10 14:01:00.557,1.53985,1.54005,1.00,3.20
2010.09.10 14:01:01.405,1.53985,1.54005,1.00,3.30
2010.09.10 14:01:01.684,1.5398,1.53995,2.40,7.50
2010.09.10 14:01:01.923,1.5397,1.53995,4.40,11.90
2010.09.10 14:01:02.515,1.5397,1.5399,4.80,1.60
2010.09.10 14:01:02.744,1.5397,1.5399,2.60,1.60
2010.09.10 14:01:03.789,1.5397,1.5399,3.00,1.60
2010.09.10 14:01:05.453,1.5397,1.5399,3.00,1.60
2010.09.10 14:01:06.131,1.53965,1.5397,1.00,1.80
2010.09.10 14:01:06.460,1.5394,1.53955,4.80,11.60
2010.09.10 14:01:06.776,1.5393,1.53945,7.20,1.60
2010.09.10 14:01:07.385,1.53925,1.5394,1.60,1.40
2010.09.10 14:01:07.682,1.5392,1.53935,1.00,1.20
2010.09.10 14:01:07.967,1.53925,1.53935,1.60,2.70
2010.09.10 14:01:08.757,1.53925,1.53935,5.60,2.80
2010.09.10 14:01:09.000,1.53925,1.5394,8.40,1.00
2010.09.10 14:01:09.243,1.53925,1.5394,8.80,1.00
2010.09.10 14:01:09.839,1.53925,1.5394,11.60,1.00
2010.09.10 14:01:10.184,1.53925,1.5394,5.60,1.60
2010.09.10 14:01:10.532,1.5392,1.5394,16.80,2.40
2010.09.10 14:01:11.203,1.5392,1.5394,17.70,1.60
2010.09.10 14:01:11.555,1.5393,1.53945,5.20,1.00
2010.09.10 14:01:11.867,1.5393,1.5395,11.00,1.00
2010.09.10 14:01:12.226,1.53935,1.53955,3.20,4.20
2010.09.10 14:01:12.577,1.53935,1.53955,4.80,2.40
2010.09.10 14:01:12.927,1.53935,1.53955,4.00,3.20
2010.09.10 14:01:13.532,1.53935,1.53955,4.00,3.30
2010.09.10 14:01:13.830,1.53935,1.53955,1.60,7.50
2010.09.10 14:01:14.129,1.53935,1.53955,1.60,6.70
2010.09.10 14:01:15.146,1.53935,1.53945,1.00,1.00
2010.09.10 14:01:15.327,1.5393,1.53945,5.00,1.00
2010.09.10 14:01:15.701,1.5393,1.53945,4.80,1.00
2010.09.10 14:01:15.884,1.5393,1.5395,4.00,2.40
2010.09.10 14:01:16.055,1.5393,1.5395,7.20,1.60
2010.09.10 14:01:16.701,1.5393,1.5395,2.40,3.00
2010.09.10 14:01:17.323,1.5393,1.5395,1.00,3.00
2010.09.10 14:01:19.099,1.5393,1.53945,1.00,1.00
2010.09.10 14:01:19.556,1.5393,1.53945,1.00,1.00
2010.09.10 14:01:19.917,1.5392,1.53935,6.00,1.00
2010.09.10 14:01:20.268,1.5392,1.53935,1.00,2.30
2010.09.10 14:01:20.738,1.5392,1.53935,1.00,3.90
2010.09.10 14:01:21.052,1.53915,1.5393,3.70,1.00
2010.09.10 14:01:21.362,1.53915,1.5393,3.30,1.00
2010.09.10 14:01:22.350,1.5391,1.53925,2.00,1.00
2010.09.10 14:01:22.516,1.5391,1.53925,1.20,1.00
2010.09.10 14:01:23.012,1.5391,1.53925,1.00,1.00
2010.09.10 14:01:23.175,1.5391,1.53925,3.20,1.20
2010.09.10 14:01:23.332,1.5391,1.53925,1.00,1.20
2010.09.10 14:01:23.804,1.5391,1.53925,1.60,1.00
2010.09.10 14:01:23.848,1.5391,1.53925,4.80,1.00
2010.09.10 14:01:24.195,1.5391,1.53925,4.80,1.00
2010.09.10 14:01:24.546,1.53915,1.5393,1.00,1.00
2010.09.10 14:01:25.203,1.53915,1.53935,3.20,13.00
2010.09.10 14:01:25.522,1.53915,1.53935,10.40,1.00
2010.09.10 14:01:26.251,1.5392,1.53935,1.00,1.00
2010.09.10 14:01:26.607,1.53915,1.53935,1.60,12.80
2010.09.10 14:01:26.801,1.53915,1.53935,1.60,14.50
2010.09.10 14:01:27.082,1.53915,1.5393,1.60,1.00
2010.09.10 14:01:27.607,1.5391,1.5393,3.20,1.00
2010.09.10 14:01:27.816,1.5391,1.5393,1.60,1.00
2010.09.10 14:01:33.142,1.5391,1.5393,3.20,1.00
2010.09.10 14:01:33.318,1.5391,1.5393,3.20,1.60
2010.09.10 14:01:33.853,1.5391,1.5393,1.60,1.60
2010.09.10 14:01:34.044,1.5391,1.53925,1.60,1.30
2010.09.10 14:01:34.317,1.5391,1.53925,1.00,2.20
2010.09.10 14:01:34.591,1.53905,1.5392,4.00,1.00
2010.09.10 14:01:35.279,1.53905,1.5392,1.60,1.00
2010.09.10 14:01:37.853,1.53905,1.5392,2.40,1.00
2010.09.10 14:01:38.521,1.53905,1.5392,1.60,1.00
2010.09.10 14:01:38.797,1.539,1.5392,9.60,1.00
2010.09.10 14:01:39.833,1.539,1.5392,12.80,1.00
2010.09.10 14:01:40.163,1.53905,1.5392,1.00,1.00
2010.09.10 14:01:41.394,1.539,1.53915,1.00,3.20
2010.09.10 14:01:41.748,1.53895,1.53915,4.00,4.10
2010.09.10 14:01:42.249,1.53895,1.5391,1.60,2.40
2010.09.10 14:01:42.457,1.5389,1.5391,5.60,21.40
2010.09.10 14:01:42.658,1.5389,1.5391,4.80,23.80
2010.09.10 14:01:42.854,1.53885,1.539,1.20,1.40
2010.09.10 14:01:43.571,1.53885,1.5389,1.00,1.00
2010.09.10 14:01:43.930,1.53875,1.5389,4.80,1.00
2010.09.10 14:01:44.498,1.53875,1.5389,2.50,1.00
2010.09.10 14:01:44.781,1.53875,1.5389,4.10,1.00
2010.09.10 14:01:45.767,1.53875,1.5389,4.00,1.00
2010.09.10 14:01:46.117,1.5388,1.53895,4.80,1.60
2010.09.10 14:01:46.817,1.5388,1.539,8.00,1.00
2010.09.10 14:01:47.166,1.53885,1.539,1.00,1.00
2010.09.10 14:01:49.478,1.53885,1.539,1.60,1.00
2010.09.10 14:01:50.098,1.5389,1.53905,5.60,1.00
2010.09.10 14:01:50.383,1.53895,1.5391,7.20,1.00
2010.09.10 14:01:50.733,1.539,1.53915,1.00,1.00
2010.09.10 14:01:53.106,1.53895,1.53915,1.00,3.90
2010.09.10 14:01:53.302,1.53895,1.53915,1.00,4.70
2010.09.10 14:01:53.501,1.5389,1.5391,9.60,1.00
2010.09.10 14:01:53.954,1.5389,1.5391,6.40,3.20
2010.09.10 14:01:54.322,1.5389,1.53905,6.40,1.00
2010.09.10 14:01:54.588,1.53885,1.539,4.00,1.00
2010.09.10 14:01:55.267,1.53885,1.539,1.00,1.00
2010.09.10 14:01:57.677,1.53885,1.53895,1.00,1.00
2010.09.10 14:01:57.935,1.5388,1.539,4.80,3.20
2010.09.10 14:01:58.181,1.5388,1.539,5.60,1.60
2010.09.10 14:01:58.434,1.5388,1.539,5.60,1.00
2010.09.10 14:01:59.055,1.5389,1.5391,4.00,6.80
2010.09.10 14:01:59.342,1.5389,1.5391,4.00,1.60
2010.09.10 14:02:00.135,1.5389,1.5391,4.80,3.20
2010.09.10 14:02:01.084,1.5389,1.5391,4.80,1.60
2010.09.10 14:02:03.109,1.5389,1.5391,5.60,1.60
2010.09.10 14:02:03.678,1.5389,1.5391,6.40,1.60
2010.09.10 14:02:03.736,1.5389,1.5391,5.60,3.20
2010.09.10 14:02:04.145,1.5389,1.53905,4.80,1.00
2010.09.10 14:02:04.847,1.5389,1.5391,5.60,8.00
2010.09.10 14:02:05.187,1.53895,1.5391,1.00,1.00
2010.09.10 14:02:06.237,1.5389,1.5391,1.60,4.00
2010.09.10 14:02:06.587,1.5389,1.5391,4.80,8.00
2010.09.10 14:02:07.230,1.5389,1.5391,4.80,5.60
2010.09.10 14:02:07.587,1.5389,1.5391,4.80,3.20
2010.09.10 14:02:08.133,1.5389,1.5391,7.20,3.20
2010.09.10 14:02:08.311,1.5389,1.5391,5.60,1.20
2010.09.10 14:02:08.758,1.53895,1.53915,1.00,11.30
2010.09.10 14:02:09.009,1.53895,1.53915,1.00,8.80
2010.09.10 14:02:09.254,1.53895,1.53915,1.00,8.90
2010.09.10 14:02:12.166,1.53895,1.53915,1.00,9.10
2010.09.10 14:02:12.417,1.53895,1.53915,1.00,9.60
2010.09.10 14:02:12.527,1.53895,1.5391,1.00,1.00
2010.09.10 14:02:14.985,1.53895,1.53915,10.80,9.00
2010.09.10 14:02:15.416,1.53895,1.53915,10.80,6.60
2010.09.10 14:02:15.526,1.53895,1.53915,15.60,4.20
2010.09.10 14:02:17.522,1.53895,1.53915,15.70,4.20
2010.09.10 14:02:17.751,1.53895,1.53915,15.70,3.40
2010.09.10 14:02:18.735,1.53895,1.53915,15.80,3.40
2010.09.10 14:02:21.855,1.53895,1.53915,15.80,1.80
2010.09.10 14:02:22.376,1.53895,1.53915,15.80,2.60
2010.09.10 14:02:22.478,1.53895,1.53915,15.80,4.20
2010.09.10 14:02:24.898,1.53895,1.53915,15.00,4.20
2010.09.10 14:02:25.188,1.53895,1.53915,14.90,5.80
2010.09.10 14:02:25.333,1.53895,1.53915,10.10,6.60
2010.09.10 14:02:25.935,1.53895,1.53915,10.10,6.70
2010.09.10 14:02:26.081,1.5389,1.539,2.80,1.00
2010.09.10 14:02:26.568,1.53885,1.539,1.00,1.00
2010.09.10 14:02:27.266,1.53885,1.539,1.00,1.60
2010.09.10 14:02:29.380,1.5388,1.539,1.60,4.80
2010.09.10 14:02:32.718,1.5388,1.539,1.60,3.20
2010.09.10 14:02:34.485,1.5388,1.539,1.00,3.20
2010.09.10 14:02:35.243,1.5388,1.539,1.00,5.00
2010.09.10 14:02:35.569,1.53875,1.53895,1.60,1.60
2010.09.10 14:02:36.866,1.53875,1.5389,1.00,1.00
2010.09.10 14:02:37.233,1.5387,1.5389,1.00,2.40
2010.09.10 14:02:37.803,1.53865,1.53885,7.20,1.00
2010.09.10 14:02:38.335,1.5387,1.5389,1.00,7.20
2010.09.10 14:02:38.694,1.5387,1.5389,1.00,3.00
2010.09.10 14:02:39.055,1.5387,1.5389,5.60,4.00
2010.09.10 14:02:39.322,1.5387,1.5389,5.60,1.60
2010.09.10 14:02:40.171,1.53875,1.5389,1.00,1.00
2010.09.10 14:02:40.730,1.53875,1.53895,4.00,9.60
2010.09.10 14:02:41.078,1.53875,1.53895,15.70,1.00
2010.09.10 14:02:41.421,1.5388,1.539,1.60,1.60
2010.09.10 14:02:42.117,1.5388,1.539,3.20,1.60
2010.09.10 14:02:43.254,1.5388,1.539,1.60,1.60
2010.09.10 14:02:48.800,1.5388,1.539,2.40,1.60
2010.09.10 14:02:50.749,1.5388,1.539,1.60,1.60
2010.09.10 14:02:51.648,1.5388,1.539,1.60,2.40
2010.09.10 14:02:51.952,1.5388,1.539,1.60,1.60
2010.09.10 14:02:52.259,1.5388,1.53895,1.60,1.00
2010.09.10 14:02:52.871,1.5388,1.53895,1.60,1.80
2010.09.10 14:02:53.471,1.5388,1.53895,1.00,2.20
2010.09.10 14:02:54.743,1.53875,1.53885,1.60,1.00
2010.09.10 14:02:55.059,1.53875,1.53885,1.60,1.00
2010.09.10 14:02:55.393,1.53875,1.53885,1.00,1.00
2010.09.10 14:02:55.712,1.5387,1.53885,1.00,1.10
2010.09.10 14:02:56.700,1.53865,1.53885,3.20,1.90
2010.09.10 14:02:57.053,1.53865,1.53885,3.20,2.70
2010.09.10 14:02:57.999,1.53865,1.53885,12.80,1.00
2010.09.10 14:02:58.197,1.5387,1.5389,4.00,5.60
2010.09.10 14:02:58.396,1.5387,1.5389,4.00,3.20
2010.09.10 14:02:59.036,1.5387,1.5389,4.80,3.20
2010.09.10 14:03:00.733,1.5387,1.5389,4.80,2.40
2010.09.10 14:03:01.043,1.5387,1.5389,5.60,2.40
2010.09.10 14:03:07.077,1.5387,1.5389,7.20,2.40
2010.09.10 14:03:09.704,1.5387,1.5389,5.60,2.40
2010.09.10 14:03:11.303,1.5387,1.5389,7.20,2.40
2010.09.10 14:03:11.654,1.5387,1.5389,7.60,2.40
2010.09.10 14:03:14.669,1.5387,1.5389,7.60,1.60
2010.09.10 14:03:15.428,1.5387,1.5389,7.70,1.60
2010.09.10 14:03:16.550,1.5387,1.5389,7.60,1.60
2010.09.10 14:03:17.679,1.5387,1.5389,7.20,1.60
2010.09.10 14:03:18.183,1.5387,1.5389,4.80,1.60
2010.09.10 14:03:18.442,1.5387,1.5389,4.00,2.40
2010.09.10 14:03:19.026,1.5387,1.5389,4.00,1.60
2010.09.10 14:03:19.292,1.5387,1.5389,5.60,1.60
2010.09.10 14:03:19.503,1.5387,1.5389,4.80,1.60
2010.09.10 14:03:19.710,1.5387,1.5389,4.00,1.60
2010.09.10 14:03:20.613,1.5387,1.5389,4.00,2.40
2010.09.10 14:03:20.963,1.5387,1.5389,4.00,2.80
2010.09.10 14:03:21.309,1.5387,1.5389,4.00,2.40
2010.09.10 14:03:23.187,1.5387,1.5389,4.00,3.00
2010.09.10 14:03:23.320,1.5387,1.5389,4.00,5.40
2010.09.10 14:03:23.448,1.5387,1.5389,4.00,10.20
2010.09.10 14:03:27.818,1.5387,1.5389,3.20,10.20
2010.09.10 14:03:29.516,1.5387,1.5389,3.20,9.60
2010.09.10 14:03:29.803,1.5387,1.5389,3.20,2.80
2010.09.10 14:03:30.080,1.5387,1.5389,3.20,2.40
2010.09.10 14:03:30.964,1.5387,1.5389,1.60,2.40
2010.09.10 14:03:31.316,1.5387,1.5389,2.00,2.40
2010.09.10 14:03:31.666,1.5387,1.5389,5.60,2.40
2010.09.10 14:03:32.462,1.53875,1.5389,1.00,1.00
2010.09.10 14:03:34.100,1.5388,1.53895,1.00,3.20
2010.09.10 14:03:34.237,1.5388,1.539,1.60,2.40
2010.09.10 14:03:34.368,1.5388,1.539,2.40,2.40
2010.09.10 14:03:34.499,1.5388,1.539,2.80,2.40
2010.09.10 14:03:35.736,1.5388,1.539,2.40,2.40
2010.09.10 14:03:36.813,1.5388,1.539,3.20,1.60
2010.09.10 14:03:37.186,1.5388,1.539,3.60,1.60
2010.09.10 14:03:37.969,1.5388,1.539,3.20,1.60
2010.09.10 14:03:38.229,1.5388,1.539,2.40,1.60
2010.09.10 14:03:41.837,1.5388,1.539,4.00,1.60
2010.09.10 14:03:42.520,1.53885,1.539,2.60,1.60
2010.09.10 14:03:42.593,1.5389,1.53905,1.00,12.00
2010.09.10 14:03:43.170,1.53895,1.53905,1.00,1.00
2010.09.10 14:03:43.520,1.53895,1.53915,3.20,8.90
2010.09.10 14:03:44.168,1.539,1.5392,1.60,10.40
2010.09.10 14:03:44.517,1.539,1.5392,2.00,1.60
2010.09.10 14:03:44.861,1.539,1.5392,1.60,3.20
2010.09.10 14:03:45.176,1.539,1.5392,2.80,1.60
2010.09.10 14:03:45.816,1.539,1.5392,4.00,1.60
2010.09.10 14:03:46.103,1.53905,1.5392,1.60,1.00
2010.09.10 14:03:49.300,1.53905,1.5392,1.00,1.00
2010.09.10 14:03:54.360,1.53905,1.5392,1.00,2.40
2010.09.10 14:03:56.519,1.53905,1.5392,1.30,1.00
2010.09.10 14:03:57.006,1.5391,1.53925,1.00,19.60
2010.09.10 14:03:57.215,1.5391,1.53925,1.00,16.80
2010.09.10 14:03:57.618,1.5391,1.53925,1.00,16.60
2010.09.10 14:03:57.919,1.5391,1.53925,1.60,15.80
2010.09.10 14:03:59.001,1.5391,1.53925,1.60,16.00
2010.09.10 14:03:59.419,1.5391,1.53925,1.60,14.40
2010.09.10 14:04:00.550,1.5391,1.53925,1.00,14.50
2010.09.10 14:04:00.905,1.53905,1.53925,3.20,15.30
2010.09.10 14:04:01.278,1.53905,1.53925,2.40,14.50
2010.09.10 14:04:03.110,1.53905,1.53925,2.40,14.40
2010.09.10 14:04:03.609,1.53905,1.53925,2.40,14.50
2010.09.10 14:04:05.132,1.53905,1.53925,2.40,16.10
2010.09.10 14:04:06.078,1.53905,1.53925,2.40,16.00
2010.09.10 14:04:14.076,1.53905,1.53925,1.60,15.20
2010.09.10 14:04:14.288,1.53905,1.53925,1.80,15.00
2010.09.10 14:04:14.863,1.53905,1.53925,1.60,15.20
2010.09.10 14:04:18.781,1.53905,1.53925,1.60,15.30
2010.09.10 14:04:19.469,1.53905,1.5392,1.00,1.00
2010.09.10 14:04:22.026,1.53905,1.53915,1.00,1.80
2010.09.10 14:04:22.375,1.53895,1.53915,15.30,2.00
2010.09.10 14:04:22.741,1.53895,1.5391,2.40,1.40
2010.09.10 14:04:22.942,1.5389,1.5391,3.60,5.40
2010.09.10 14:04:23.138,1.5389,1.5391,3.20,10.20
2010.09.10 14:04:23.522,1.5389,1.5391,3.20,11.00
2010.09.10 14:04:24.257,1.5389,1.5391,2.40,11.00
2010.09.10 14:04:25.400,1.539,1.5391,7.20,7.20
2010.09.10 14:04:25.419,1.539,1.5391,7.20,4.80
2010.09.10 14:04:25.770,1.53895,1.5391,1.60,10.20
2010.09.10 14:04:26.098,1.5389,1.5391,4.80,7.20
2010.09.10 14:04:26.708,1.5389,1.5391,8.80,4.80
2010.09.10 14:04:27.019,1.5389,1.5391,11.20,2.40
2010.09.10 14:04:27.327,1.5389,1.5391,8.80,2.40
2010.09.10 14:04:27.583,1.5389,1.5391,6.40,2.40
2010.09.10 14:04:27.840,1.5389,1.5391,6.40,3.20
2010.09.10 14:04:28.417,1.5389,1.5391,3.20,3.20
2010.09.10 14:04:28.644,1.539,1.53915,2.80,7.60
2010.09.10 14:04:28.871,1.53895,1.53915,1.20,16.40
2010.09.10 14:04:29.106,1.5389,1.5391,3.20,2.40
2010.09.10 14:04:29.332,1.5389,1.5391,5.60,2.40
2010.09.10 14:04:29.886,1.5389,1.5391,6.40,7.20
2010.09.10 14:04:30.145,1.5389,1.5391,6.40,3.20
2010.09.10 14:04:30.394,1.5389,1.5391,6.80,3.20
2010.09.10 14:04:30.650,1.53895,1.5391,6.40,1.00
2010.09.10 14:04:31.016,1.53895,1.53915,6.40,11.40
2010.09.10 14:04:31.346,1.539,1.53915,1.00,1.00
2010.09.10 14:04:32.722,1.53895,1.53915,10.50,5.20
2010.09.10 14:04:33.745,1.53895,1.53915,10.60,5.20
2010.09.10 14:04:34.072,1.53895,1.53915,9.80,6.00
2010.09.10 14:04:35.646,1.53895,1.53915,9.80,6.00
2010.09.10 14:04:37.154,1.53895,1.53915,9.80,4.80
2010.09.10 14:04:37.339,1.53895,1.53915,14.60,4.80
2010.09.10 14:04:37.860,1.53895,1.53915,14.60,3.70
2010.09.10 14:04:38.054,1.53895,1.53915,15.40,4.50
2010.09.10 14:04:38.581,1.53895,1.53915,15.40,5.60
2010.09.10 14:04:38.931,1.53895,1.53915,12.90,5.60
2010.09.10 14:04:39.289,1.53895,1.53915,1.60,6.00
2010.09.10 14:04:39.590,1.53895,1.53915,1.60,5.90
2010.09.10 14:04:39.738,1.53895,1.53915,1.60,5.50
2010.09.10 14:04:39.887,1.53895,1.53915,1.60,5.10
2010.09.10 14:04:40.039,1.53895,1.53915,1.60,5.00
2010.09.10 14:04:40.188,1.53895,1.53915,1.00,5.00
2010.09.10 14:04:42.189,1.53895,1.5391,1.00,1.00
2010.09.10 14:04:42.825,1.5389,1.53905,1.00,2.40
2010.09.10 14:04:43.064,1.53885,1.539,2.00,1.40
2010.09.10 14:04:43.468,1.53885,1.539,1.20,1.40
2010.09.10 14:04:43.725,1.53885,1.53895,1.00,1.00
2010.09.10 14:04:44.080,1.53875,1.5389,11.20,1.00
2010.09.10 14:04:44.638,1.53875,1.5389,1.00,1.60
2010.09.10 14:04:44.991,1.5387,1.5389,5.60,4.80
2010.09.10 14:04:45.644,1.5388,1.5389,4.00,2.40
2010.09.10 14:04:46.007,1.5388,1.53895,4.00,1.00
2010.09.10 14:04:46.669,1.53885,1.539,1.00,3.20
2010.09.10 14:04:47.009,1.5389,1.53905,3.20,2.40
2010.09.10 14:04:47.324,1.5389,1.5391,5.60,4.00
2010.09.10 14:04:47.645,1.5389,1.5391,5.60,2.40
2010.09.10 14:04:50.309,1.5389,1.5391,4.80,3.20
2010.09.10 14:04:52.169,1.5389,1.5391,4.80,2.40
2010.09.10 14:04:54.228,1.5389,1.5391,4.80,3.20
2010.09.10 14:04:54.528,1.5389,1.5391,4.80,2.40
2010.09.10 14:04:56.251,1.5389,1.5391,2.40,2.40
2010.09.10 14:04:56.395,1.5389,1.53905,1.60,1.00
2010.09.10 14:04:56.818,1.5389,1.53905,1.00,1.70
2010.09.10 14:04:57.266,1.5389,1.539,1.00,1.00
2010.09.10 14:04:57.617,1.53885,1.539,1.00,1.00
2010.09.10 14:04:58.642,1.53885,1.539,1.00,1.20
2010.09.10 14:04:58.949,1.5388,1.53895,4.80,1.00
2010.09.10 14:05:01.752,1.5388,1.539,6.40,2.40
2010.09.10 14:05:02.099,1.5388,1.539,6.40,1.60
2010.09.10 14:05:04.223,1.5388,1.539,4.80,2.40
2010.09.10 14:05:04.409,1.5388,1.53895,1.60,4.50
2010.09.10 14:05:04.589,1.5388,1.53895,1.00,4.40
2010.09.10 14:05:05.279,1.5388,1.53895,1.00,3.20
2010.09.10 14:05:05.624,1.5388,1.53895,1.00,2.20
2010.09.10 14:05:06.412,1.5388,1.539,6.40,2.40
2010.09.10 14:05:07.125,1.5388,1.53895,6.40,1.00
2010.09.10 14:05:07.491,1.5388,1.53895,1.60,1.00
2010.09.10 14:05:08.164,1.5388,1.53895,1.00,2.60
2010.09.10 14:05:08.518,1.5388,1.53895,1.00,2.80
2010.09.10 14:05:08.868,1.5388,1.53895,1.00,3.20
2010.09.10 14:05:09.871,1.5388,1.53895,1.00,3.10
2010.09.10 14:05:10.460,1.5388,1.53895,1.00,2.70
2010.09.10 14:05:10.751,1.5388,1.53895,1.00,2.20
2010.09.10 14:05:11.668,1.5388,1.53895,1.00,2.40
2010.09.10 14:05:12.212,1.5388,1.53895,1.00,3.20
2010.09.10 14:05:14.663,1.5388,1.53895,1.00,3.40
2010.09.10 14:05:14.869,1.5388,1.53895,1.00,3.50
2010.09.10 14:05:15.402,1.53875,1.53895,5.60,4.50
2010.09.10 14:05:15.585,1.53875,1.53895,10.40,4.50
2010.09.10 14:05:15.764,1.53875,1.53895,10.40,4.60
2010.09.10 14:05:16.444,1.53875,1.5389,1.60,1.00
2010.09.10 14:05:17.278,1.53875,1.5389,1.00,1.00
2010.09.10 14:05:17.562,1.53865,1.53875,1.00,1.80
2010.09.10 14:05:17.847,1.5386,1.53875,1.00,3.00
2010.09.10 14:05:18.484,1.53855,1.5387,1.60,1.00
2010.09.10 14:05:18.838,1.53855,1.53865,1.00,1.00
2010.09.10 14:05:19.310,1.5385,1.5387,16.20,2.40
2010.09.10 14:05:19.663,1.5385,1.5387,16.00,1.60
2010.09.10 14:05:20.698,1.5385,1.5387,11.20,7.20
2010.09.10 14:05:20.970,1.5385,1.53865,4.40,1.70
2010.09.10 14:05:21.393,1.53845,1.5386,8.00,1.00
2010.09.10 14:05:21.994,1.5384,1.5386,3.20,1.00
2010.09.10 14:05:22.243,1.5384,1.53855,6.40,1.00
2010.09.10 14:05:22.486,1.5385,1.5386,4.00,1.00
2010.09.10 14:05:22.723,1.5385,1.53865,6.00,4.00
2010.09.10 14:05:22.963,1.5385,1.53865,1.60,1.00
2010.09.10 14:05:23.529,1.5385,1.53865,4.80,1.00
2010.09.10 14:05:23.864,1.5385,1.5387,4.80,1.60
2010.09.10 14:05:24.185,1.5385,1.5387,5.60,1.60
2010.09.10 14:05:24.564,1.5385,1.5387,5.60,1.00
2010.09.10 14:05:25.026,1.53855,1.53875,4.00,14.60
2010.09.10 14:05:25.238,1.53855,1.53875,7.60,7.20
2010.09.10 14:05:25.435,1.53855,1.53875,8.40,4.00
2010.09.10 14:05:25.941,1.53855,1.53875,9.60,2.40
2010.09.10 14:05:26.143,1.53855,1.5387,8.40,1.00
2010.09.10 14:05:26.335,1.53855,1.5387,1.00,1.00
2010.09.10 14:05:30.610,1.5385,1.53865,8.80,1.00
2010.09.10 14:05:30.877,1.5385,1.5387,14.80,1.20
2010.09.10 14:05:31.472,1.53855,1.53875,2.40,6.40
2010.09.10 14:05:31.741,1.53855,1.53875,8.40,4.80
2010.09.10 14:05:32.770,1.53855,1.5387,1.00,1.00
2010.09.10 14:05:34.738,1.5385,1.53865,1.00,2.10
2010.09.10 14:05:35.619,1.53845,1.53865,15.20,4.00
2010.09.10 14:05:35.808,1.53845,1.53865,15.20,4.80
2010.09.10 14:05:36.103,1.53845,1.53865,15.20,4.80
2010.09.10 14:05:36.403,1.53845,1.53865,15.20,3.60
2010.09.10 14:05:37.048,1.53845,1.53865,15.20,3.70
2010.09.10 14:05:37.280,1.53845,1.53865,16.00,3.60
2010.09.10 14:05:37.959,1.53845,1.53865,16.10,3.60
2010.09.10 14:05:39.099,1.53845,1.53865,16.00,3.60
2010.09.10 14:05:39.329,1.53845,1.53865,16.00,2.80
2010.09.10 14:05:39.920,1.53845,1.53865,16.00,3.00
2010.09.10 14:05:40.145,1.53845,1.53865,16.20,3.00
2010.09.10 14:05:40.764,1.53845,1.53865,16.10,3.00
2010.09.10 14:05:41.868,1.53845,1.53865,15.30,3.00
2010.09.10 14:05:42.595,1.53845,1.53865,15.30,2.90
2010.09.10 14:05:44.599,1.53845,1.53865,16.10,2.90
2010.09.10 14:05:45.911,1.53845,1.53865,16.10,3.10
2010.09.10 14:05:46.764,1.53845,1.53865,16.00,3.00
2010.09.10 14:05:46.922,1.53845,1.53865,16.00,2.60
2010.09.10 14:05:47.604,1.5385,1.53865,1.00,1.00
2010.09.10 14:05:47.942,1.5385,1.53865,1.00,2.00
2010.09.10 14:05:48.283,1.53845,1.53865,16.50,2.90
2010.09.10 14:05:48.621,1.53845,1.53865,16.60,2.90
2010.09.10 14:05:48.951,1.53845,1.53865,15.80,3.00
2010.09.10 14:05:49.509,1.5385,1.5387,1.00,4.00
2010.09.10 14:05:49.930,1.5385,1.5387,1.00,2.40
2010.09.10 14:05:51.410,1.5385,1.5387,1.00,3.20
2010.09.10 14:05:53.647,1.5385,1.53865,1.00,1.00
2010.09.10 14:05:54.299,1.53845,1.5386,1.60,1.00
2010.09.10 14:05:54.582,1.53845,1.5386,1.00,1.00
2010.09.10 14:05:54.749,1.53845,1.5386,1.00,1.60
2010.09.10 14:05:55.759,1.53845,1.5386,1.00,1.00
2010.09.10 14:05:56.148,1.53845,1.5386,2.40,1.00
2010.09.10 14:05:56.267,1.53845,1.5386,9.20,1.00
2010.09.10 14:05:57.639,1.53845,1.53865,10.00,3.80
2010.09.10 14:05:57.849,1.53845,1.53865,14.80,3.80
2010.09.10 14:05:58.587,1.53845,1.53865,14.80,4.00
2010.09.10 14:05:59.640,1.53845,1.53865,15.00,4.00
2010.09.10 14:06:00.444,1.53845,1.53865,15.00,4.40
2010.09.10 14:06:00.788,1.53845,1.53865,15.00,4.80
2010.09.10 14:06:02.418,1.53845,1.53865,15.00,4.00
2010.09.10 14:06:02.678,1.53845,1.53865,15.00,4.40
2010.09.10 14:06:02.759,1.53845,1.53865,15.00,4.80
2010.09.10 14:06:04.738,1.53845,1.53865,14.90,4.80
2010.09.10 14:06:05.157,1.53845,1.53865,14.90,5.00
2010.09.10 14:06:05.532,1.53845,1.53865,14.80,5.00
2010.09.10 14:06:06.079,1.53845,1.53865,10.80,5.00
2010.09.10 14:06:06.396,1.53845,1.53865,1.60,4.80
2010.09.10 14:06:06.713,1.53845,1.53865,1.60,4.80
2010.09.10 14:06:07.336,1.5385,1.53865,1.00,4.00
2010.09.10 14:06:07.691,1.53855,1.53875,1.60,4.80
2010.09.10 14:06:08.037,1.53855,1.53875,1.60,3.00
2010.09.10 14:06:08.386,1.53855,1.53875,5.60,3.00
2010.09.10 14:06:08.739,1.53855,1.53875,15.60,1.90
2010.09.10 14:06:09.769,1.53855,1.53875,15.60,2.70
2010.09.10 14:06:10.329,1.53855,1.53875,13.20,2.80
2010.09.10 14:06:10.469,1.53855,1.5387,6.80,1.00
2010.09.10 14:06:10.830,1.53855,1.5387,6.40,1.00
2010.09.10 14:06:10.928,1.53855,1.5387,1.00,1.00
2010.09.10 14:06:11.092,1.5385,1.5387,3.20,1.00
2010.09.10 14:06:11.470,1.5385,1.5387,5.60,1.00
2010.09.10 14:06:11.559,1.5385,1.5387,7.20,1.00
2010.09.10 14:06:11.638,1.5385,1.5387,7.60,1.00
2010.09.10 14:06:11.819,1.5385,1.5387,10.00,1.00
2010.09.10 14:06:12.160,1.5385,1.5387,12.50,1.00
2010.09.10 14:06:13.075,1.53855,1.5387,2.40,1.00
2010.09.10 14:06:13.266,1.53855,1.5387,4.80,1.00
2010.09.10 14:06:13.605,1.53855,1.53875,5.60,3.90
2010.09.10 14:06:13.803,1.53855,1.53875,15.60,2.30
2010.09.10 14:06:13.992,1.53855,1.53875,15.60,1.90
2010.09.10 14:06:14.341,1.5386,1.53875,1.00,1.00
2010.09.10 14:06:15.148,1.5386,1.5387,1.00,1.00
2010.09.10 14:06:15.333,1.53855,1.5387,6.10,1.00
2010.09.10 14:06:15.512,1.53855,1.5387,3.30,1.00
2010.09.10 14:06:16.589,1.53855,1.53875,3.30,2.70
2010.09.10 14:06:16.911,1.53865,1.53885,11.00,2.40
2010.09.10 14:06:17.789,1.53865,1.53885,4.80,2.40
2010.09.10 14:06:18.078,1.53865,1.5388,2.40,1.00
2010.09.10 14:06:18.608,1.5386,1.5388,10.00,1.00
2010.09.10 14:06:18.958,1.5386,1.5388,7.20,1.60
2010.09.10 14:06:23.559,1.5386,1.53875,1.60,1.60
2010.09.10 14:06:23.724,1.53855,1.5387,14.10,1.00
2010.09.10 14:06:24.122,1.53855,1.5387,12.10,1.00
2010.09.10 14:06:24.410,1.53855,1.5387,1.60,1.00
2010.09.10 14:06:26.293,1.53855,1.5387,1.00,1.00
2010.09.10 14:06:30.389,1.53855,1.53865,1.00,1.00
2010.09.10 14:06:30.475,1.53855,1.53865,1.00,1.30
2010.09.10 14:06:30.549,1.53855,1.53865,1.00,1.70
2010.09.10 14:06:30.634,1.5385,1.53865,1.60,2.10
2010.09.10 14:06:31.321,1.5385,1.53865,1.60,2.00
2010.09.10 14:06:31.663,1.5385,1.53865,1.60,1.60
2010.09.10 14:06:32.017,1.5385,1.53865,3.20,1.10
2010.09.10 14:06:32.426,1.5385,1.53865,3.20,1.00
2010.09.10 14:06:32.879,1.5385,1.53865,3.20,1.00
2010.09.10 14:06:33.913,1.5385,1.5387,4.00,1.60
2010.09.10 14:06:37.489,1.5385,1.53865,3.20,1.00
2010.09.10 14:06:37.638,1.5385,1.5387,3.20,2.00
2010.09.10 14:06:37.970,1.5385,1.5387,3.20,1.60
2010.09.10 14:06:38.979,1.5385,1.5387,4.00,1.60
2010.09.10 14:06:39.660,1.5386,1.5387,2.40,1.60
2010.09.10 14:06:39.795,1.5386,1.5387,4.80,1.00
2010.09.10 14:06:40.237,1.53865,1.53875,1.00,6.40
2010.09.10 14:06:40.381,1.53865,1.53885,8.00,3.00
2010.09.10 14:06:40.511,1.53865,1.53885,6.40,3.80
2010.09.10 14:06:40.863,1.53865,1.5388,3.20,1.00
2010.09.10 14:06:41.274,1.53865,1.5388,1.00,1.00
2010.09.10 14:06:41.637,1.5386,1.53875,2.40,1.00
2010.09.10 14:06:41.887,1.5386,1.53875,1.60,2.00
2010.09.10 14:06:42.432,1.5386,1.5387,1.00,1.00
2010.09.10 14:06:43.027,1.53855,1.5387,1.60,1.00
2010.09.10 14:06:44.791,1.53855,1.5387,2.40,1.00
2010.09.10 14:06:46.139,1.53855,1.53875,3.20,4.10
2010.09.10 14:06:46.388,1.53855,1.53875,3.20,4.00
2010.09.10 14:06:48.669,1.53855,1.53875,3.20,4.80
2010.09.10 14:06:49.280,1.53855,1.53875,3.20,4.90
2010.09.10 14:06:51.641,1.53855,1.53875,3.20,4.80
2010.09.10 14:06:51.890,1.5386,1.5388,2.00,4.80
2010.09.10 14:06:52.135,1.53865,1.5388,1.00,2.40
2010.09.10 14:06:52.376,1.5386,1.5388,9.60,2.40
2010.09.10 14:06:53.055,1.5386,1.5388,11.20,1.60
2010.09.10 14:06:55.627,1.5386,1.5388,8.80,1.60
2010.09.10 14:06:55.739,1.5386,1.5388,8.80,2.40
2010.09.10 14:06:55.850,1.5386,1.5388,9.60,1.60
2010.09.10 14:06:55.958,1.5386,1.5388,11.20,1.60
2010.09.10 14:06:56.316,1.5386,1.5388,8.80,1.60
2010.09.10 14:06:56.675,1.53865,1.5388,1.00,1.00
2010.09.10 14:06:57.198,1.5386,1.5388,8.40,1.60
2010.09.10 14:06:58.357,1.5386,1.53875,6.80,1.00
2010.09.10 14:06:58.654,1.5386,1.5388,6.80,1.60
2010.09.10 14:06:59.319,1.5386,1.5388,8.40,1.60
2010.09.10 14:07:03.584,1.5386,1.53875,8.00,1.00
2010.09.10 14:07:05.888,1.53865,1.53875,1.00,1.00
2010.09.10 14:07:06.015,1.53865,1.53875,1.60,1.00
2010.09.10 14:07:06.445,1.53875,1.5388,1.00,1.60
2010.09.10 14:07:06.807,1.53865,1.5388,1.60,1.00
2010.09.10 14:07:07.153,1.53865,1.5388,2.40,1.00
2010.09.10 14:07:08.121,1.53865,1.5388,1.60,1.00
2010.09.10 14:07:09.660,1.53865,1.53875,1.60,1.00
2010.09.10 14:07:12.021,1.53865,1.5388,1.60,1.00
2010.09.10 14:07:12.272,1.53865,1.53875,1.60,1.00
2010.09.10 14:07:12.995,1.5386,1.53875,1.60,2.70
2010.09.10 14:07:13.152,1.5386,1.53875,1.60,2.30
2010.09.10 14:07:13.311,1.5386,1.53875,1.60,2.10
2010.09.10 14:07:14.691,1.5386,1.53875,2.00,1.00
2010.09.10 14:07:15.051,1.53875,1.53885,1.60,2.40
2010.09.10 14:07:15.695,1.53885,1.53895,1.00,7.40
2010.09.10 14:07:16.025,1.5388,1.53895,4.40,1.00
2010.09.10 14:07:16.694,1.5388,1.53895,2.00,3.30
2010.09.10 14:07:17.050,1.53875,1.5389,7.60,1.00
2010.09.10 14:07:17.302,1.53875,1.5389,2.80,1.00
2010.09.10 14:07:18.936,1.53875,1.5389,2.90,1.00
2010.09.10 14:07:19.501,1.53875,1.53895,3.70,6.40
2010.09.10 14:07:19.649,1.5388,1.53895,1.00,6.40
2010.09.10 14:07:20.544,1.5388,1.53895,1.00,5.30
2010.09.10 14:07:20.877,1.5388,1.53895,1.00,5.50
2010.09.10 14:07:21.438,1.5388,1.53895,1.00,5.20
2010.09.10 14:07:23.490,1.53875,1.5389,6.00,1.00
2010.09.10 14:07:23.879,1.53875,1.5389,3.60,1.00
2010.09.10 14:07:24.126,1.53875,1.5389,2.00,1.40
2010.09.10 14:07:24.374,1.53875,1.5389,3.20,5.80
2010.09.10 14:07:24.624,1.5388,1.5389,1.00,4.00
2010.09.10 14:07:24.830,1.5388,1.53895,1.00,5.40
2010.09.10 14:07:25.513,1.5388,1.53895,1.00,6.20
2010.09.10 14:07:25.727,1.5388,1.53895,1.00,6.40
2010.09.10 14:07:26.569,1.53875,1.5389,3.60,1.00
2010.09.10 14:07:26.782,1.53875,1.5389,2.80,1.00
2010.09.10 14:07:29.689,1.53875,1.5389,2.00,2.20
2010.09.10 14:07:29.900,1.53875,1.5389,2.00,6.60
2010.09.10 14:07:30.053,1.53875,1.5389,2.00,3.60
2010.09.10 14:07:30.203,1.53875,1.5389,2.00,3.20
2010.09.10 14:07:30.545,1.53875,1.5389,2.00,1.00
2010.09.10 14:07:31.283,1.53875,1.5389,1.20,4.20
2010.09.10 14:07:31.566,1.53875,1.5389,1.00,8.40
2010.09.10 14:07:32.119,1.53875,1.5389,1.60,6.40
2010.09.10 14:07:32.364,1.5388,1.53895,2.00,10.80
2010.09.10 14:07:32.606,1.5388,1.53895,2.80,6.00
2010.09.10 14:07:32.946,1.5388,1.53895,2.80,3.60
2010.09.10 14:07:33.207,1.5388,1.5389,1.60,1.00
2010.09.10 14:07:33.557,1.53875,1.5389,3.20,1.00
2010.09.10 14:07:34.243,1.53875,1.5389,1.60,1.40
2010.09.10 14:07:34.528,1.5388,1.53895,1.00,5.60
2010.09.10 14:07:34.813,1.53875,1.5389,6.80,1.00
2010.09.10 14:07:35.447,1.53875,1.5389,1.00,1.00
2010.09.10 14:07:36.455,1.53875,1.5389,1.60,1.00
2010.09.10 14:07:36.804,1.53875,1.5389,1.00,1.00
2010.09.10 14:07:37.150,1.53875,1.5389,1.00,1.40
2010.09.10 14:07:37.493,1.5387,1.5389,4.40,10.00
2010.09.10 14:07:37.681,1.5387,1.5389,3.60,10.40
2010.09.10 14:07:37.869,1.5387,1.5389,3.60,1.60
2010.09.10 14:07:38.991,1.5387,1.5389,2.80,2.20
2010.09.10 14:07:39.220,1.5387,1.5389,3.20,5.20
2010.09.10 14:07:39.452,1.5387,1.5389,3.60,10.40
2010.09.10 14:07:40.004,1.5387,1.5389,3.60,1.60
2010.09.10 14:07:40.223,1.5387,1.5389,5.20,1.60
2010.09.10 14:07:40.433,1.53875,1.5389,1.00,1.00
2010.09.10 14:07:40.646,1.53875,1.53895,2.80,9.80
2010.09.10 14:07:40.772,1.5388,1.53895,1.00,6.60
2010.09.10 14:07:40.892,1.5388,1.53895,1.00,1.60
2010.09.10 14:07:41.980,1.53875,1.5389,1.00,10.00
2010.09.10 14:07:42.697,1.53875,1.5389,1.00,2.40
2010.09.10 14:07:42.993,1.53875,1.53895,1.00,15.80
2010.09.10 14:07:43.625,1.53875,1.53895,1.00,16.00
2010.09.10 14:07:43.927,1.53875,1.53895,1.00,16.80
2010.09.10 14:07:44.236,1.53875,1.53895,1.60,16.60
2010.09.10 14:07:44.535,1.53875,1.53895,1.00,12.20
2010.09.10 14:07:44.835,1.53875,1.5389,1.00,3.20
2010.09.10 14:07:45.404,1.5388,1.53895,11.20,4.40
2010.09.10 14:07:45.631,1.5388,1.53895,12.00,2.40
2010.09.10 14:07:45.861,1.5388,1.539,1.00,17.40
2010.09.10 14:07:46.089,1.5388,1.53895,1.00,1.00
2010.09.10 14:07:46.319,1.5388,1.539,1.60,10.20
2010.09.10 14:07:46.844,1.5388,1.5389,1.00,1.80
2010.09.10 14:07:47.198,1.53875,1.5389,4.40,9.00
2010.09.10 14:07:47.893,1.5387,1.5389,4.80,4.80
2010.09.10 14:07:48.266,1.5387,1.5389,6.40,2.40
2010.09.10 14:07:48.476,1.5387,1.5389,7.60,2.40
2010.09.10 14:07:49.366,1.5387,1.5389,9.20,2.40
2010.09.10 14:07:49.724,1.53875,1.5389,2.00,1.00
2010.09.10 14:07:50.125,1.53875,1.53895,2.00,11.00
2010.09.10 14:07:50.438,1.53875,1.53895,2.00,3.80
2010.09.10 14:07:50.750,1.53875,1.53895,2.00,4.60
2010.09.10 14:07:51.059,1.53875,1.53895,2.00,4.80
2010.09.10 14:07:51.673,1.53875,1.53895,2.00,4.80
2010.09.10 14:07:52.003,1.5388,1.53895,1.60,1.00
2010.09.10 14:07:52.245,1.5388,1.539,4.00,4.00
2010.09.10 14:07:52.487,1.5388,1.539,5.60,2.40
2010.09.10 14:07:53.038,1.5388,1.539,7.60,2.40
2010.09.10 14:07:53.326,1.5388,1.539,9.30,1.60
2010.09.10 14:07:54.175,1.5388,1.539,9.40,1.60
2010.09.10 14:07:54.744,1.5388,1.539,9.30,1.60
2010.09.10 14:07:55.811,1.53885,1.539,1.00,1.60
2010.09.10 14:07:57.152,1.5388,1.53895,9.20,1.00
2010.09.10 14:07:57.352,1.5388,1.53895,4.40,1.00
2010.09.10 14:07:57.711,1.5388,1.53895,4.40,1.00
2010.09.10 14:07:58.069,1.5388,1.53895,2.40,1.00
2010.09.10 14:07:58.753,1.5388,1.539,2.40,3.20
2010.09.10 14:08:01.567,1.5388,1.539,2.80,3.20
2010.09.10 14:08:01.738,1.5388,1.53895,2.80,1.00
2010.09.10 14:08:05.350,1.5388,1.539,2.80,3.20
2010.09.10 14:08:05.854,1.53885,1.539,1.00,3.20
2010.09.10 14:08:06.653,1.5388,1.539,2.40,3.20
2010.09.10 14:08:07.940,1.5388,1.539,2.40,2.40
2010.09.10 14:08:08.129,1.5388,1.539,6.00,2.40
2010.09.10 14:08:09.482,1.5388,1.539,6.40,2.40
2010.09.10 14:08:09.825,1.5389,1.539,1.00,1.00
2010.09.10 14:08:09.969,1.5389,1.539,1.60,1.00
2010.09.10 14:08:10.398,1.5389,1.53905,1.60,9.60
2010.09.10 14:08:10.545,1.5389,1.53905,1.60,2.40
2010.09.10 14:08:11.888,1.5389,1.53905,1.00,1.60
2010.09.10 14:08:12.206,1.5389,1.53905,1.00,2.40
2010.09.10 14:08:12.522,1.5389,1.53905,1.60,1.60
2010.09.10 14:08:12.848,1.53895,1.53905,1.00,1.00
2010.09.10 14:08:13.462,1.53895,1.53905,1.60,1.00
2010.09.10 14:08:13.760,1.53895,1.5391,1.60,2.40
2010.09.10 14:08:14.180,1.53895,1.5391,1.60,1.60
2010.09.10 14:08:14.390,1.53895,1.5391,2.40,1.60
2010.09.10 14:08:14.602,1.53895,1.5391,2.80,1.60
2010.09.10 14:08:15.127,1.53895,1.5391,2.40,1.60
2010.09.10 14:08:15.299,1.539,1.5391,1.00,1.00
2010.09.10 14:08:15.462,1.539,1.5391,1.00,1.00
2010.09.10 14:08:15.631,1.539,1.53915,1.00,3.20
2010.09.10 14:08:15.954,1.539,1.53915,2.40,1.00
2010.09.10 14:08:16.594,1.539,1.5392,2.40,9.60
2010.09.10 14:08:16.911,1.539,1.53915,2.40,1.00
2010.09.10 14:08:17.480,1.539,1.5392,2.40,9.60
2010.09.10 14:08:17.670,1.539,1.5392,3.20,8.80
2010.09.10 14:08:19.800,1.539,1.53915,2.40,1.00
2010.09.10 14:08:20.018,1.539,1.53915,2.40,1.00
2010.09.10 14:08:20.130,1.539,1.53915,1.60,1.10
2010.09.10 14:08:20.240,1.539,1.53915,1.60,6.40
2010.09.10 14:08:20.671,1.539,1.53915,1.60,6.80
2010.09.10 14:08:20.898,1.539,1.53915,1.60,9.20
2010.09.10 14:08:21.698,1.539,1.53915,1.60,8.40
2010.09.10 14:08:21.899,1.539,1.53915,1.60,8.30
2010.09.10 14:08:23.410,1.539,1.53915,1.60,8.40
2010.09.10 14:08:23.650,1.539,1.53915,1.60,10.40
2010.09.10 14:08:24.588,1.53895,1.5391,1.60,2.40
2010.09.10 14:08:24.944,1.53895,1.5391,1.60,4.80
2010.09.10 14:08:25.117,1.53895,1.5391,1.60,4.00
2010.09.10 14:08:25.596,1.53895,1.53915,3.20,1.60
2010.09.10 14:08:25.771,1.539,1.5392,5.60,6.00
2010.09.10 14:08:25.943,1.539,1.5392,8.00,2.40
2010.09.10 14:08:26.289,1.53905,1.5392,1.00,1.00
2010.09.10 14:08:27.414,1.53905,1.5392,1.60,1.00
2010.09.10 14:08:27.820,1.53905,1.53925,1.60,11.60
2010.09.10 14:08:28.030,1.53905,1.53925,1.60,13.60
2010.09.10 14:08:28.241,1.53905,1.53925,4.80,7.60
2010.09.10 14:08:28.442,1.53905,1.53925,9.60,6.90
2010.09.10 14:08:28.863,1.53905,1.5392,4.00,1.00
2010.09.10 14:08:29.270,1.53905,1.5392,1.60,1.00
2010.09.10 14:08:38.452,1.53905,1.53925,1.60,18.10
2010.09.10 14:08:38.689,1.53905,1.53925,1.60,18.00
2010.09.10 14:08:38.867,1.53905,1.53925,1.60,18.20
2010.09.10 14:08:39.228,1.53905,1.53925,1.60,18.60
2010.09.10 14:08:39.408,1.53905,1.53925,1.60,19.60
2010.09.10 14:08:39.591,1.53905,1.53925,1.60,20.40
2010.09.10 14:08:40.038,1.53905,1.53925,1.60,20.30
2010.09.10 14:08:40.476,1.53905,1.5392,1.60,1.00
2010.09.10 14:08:41.969,1.539,1.5392,3.20,4.80
2010.09.10 14:08:42.219,1.539,1.5392,3.20,1.60
2010.09.10 14:08:45.410,1.539,1.53915,2.40,1.00
2010.09.10 14:08:45.864,1.539,1.53915,2.40,1.00
2010.09.10 14:08:46.002,1.539,1.53915,2.40,1.20
2010.09.10 14:08:46.132,1.539,1.53915,2.40,1.40
2010.09.10 14:08:46.262,1.539,1.53915,2.40,1.30
2010.09.10 14:08:46.936,1.539,1.53915,2.40,1.00
2010.09.10 14:08:47.287,1.539,1.53915,2.40,1.00
2010.09.10 14:08:48.172,1.539,1.53915,3.20,1.00
2010.09.10 14:08:50.458,1.539,1.53915,2.40,1.00
2010.09.10 14:08:51.699,1.539,1.5392,2.40,13.80
2010.09.10 14:08:52.320,1.539,1.5392,2.40,13.00
2010.09.10 14:08:53.618,1.539,1.53915,2.40,1.00
2010.09.10 14:08:54.544,1.539,1.53915,2.40,2.50
2010.09.10 14:08:54.929,1.539,1.5392,2.40,13.40
2010.09.10 14:08:55.235,1.539,1.5392,2.40,13.00
2010.09.10 14:08:55.509,1.53905,1.5392,1.00,7.10
2010.09.10 14:08:56.112,1.53905,1.5392,3.60,1.00
2010.09.10 14:08:56.370,1.53905,1.53925,2.80,16.60
2010.09.10 14:08:57.167,1.53905,1.53925,1.60,18.20
2010.09.10 14:08:57.869,1.539,1.5391,1.60,4.80
2010.09.10 14:08:58.061,1.539,1.5391,1.60,2.40
2010.09.10 14:08:58.252,1.539,1.53915,2.40,1.00
2010.09.10 14:08:58.877,1.53905,1.53915,1.00,1.00
2010.09.10 14:08:59.762,1.53905,1.53915,1.00,1.00
2010.09.10 14:09:00.416,1.539,1.53915,1.60,1.00
2010.09.10 14:09:00.656,1.539,1.53915,1.60,4.90
2010.09.10 14:09:01.101,1.539,1.53915,1.60,4.80
2010.09.10 14:09:01.362,1.539,1.53915,1.60,4.90
2010.09.10 14:09:01.919,1.539,1.53915,1.60,4.80
2010.09.10 14:09:02.184,1.539,1.53915,1.60,4.90
2010.09.10 14:09:02.420,1.539,1.53915,1.60,4.80
2010.09.10 14:09:02.667,1.539,1.53915,3.20,4.80
2010.09.10 14:09:03.222,1.539,1.53915,3.20,2.40
2010.09.10 14:09:03.437,1.539,1.5392,4.40,4.80
2010.09.10 14:09:03.632,1.539,1.5392,5.60,4.80
2010.09.10 14:09:03.971,1.539,1.5392,6.00,4.80
2010.09.10 14:09:04.180,1.53905,1.5392,1.00,4.80
2010.09.10 14:09:04.375,1.53905,1.5392,1.60,4.80
2010.09.10 14:09:05.040,1.53905,1.5392,4.80,2.40
2010.09.10 14:09:05.385,1.5391,1.53925,1.00,4.50
2010.09.10 14:09:05.653,1.5391,1.53925,1.00,5.40
2010.09.10 14:09:05.924,1.5391,1.53925,1.00,8.00
2010.09.10 14:09:06.353,1.5391,1.53925,1.00,5.60
2010.09.10 14:09:06.630,1.53915,1.53925,2.00,2.40
2010.09.10 14:09:06.964,1.53915,1.53925,2.40,2.40
2010.09.10 14:09:07.309,1.5392,1.53925,1.60,2.40
2010.09.10 14:09:08.176,1.53915,1.53935,3.60,13.40
2010.09.10 14:09:08.414,1.53915,1.5393,2.40,2.40
2010.09.10 14:09:09.049,1.53915,1.53935,2.40,16.70
2010.09.10 14:09:09.260,1.53915,1.53935,2.40,17.50
2010.09.10 14:09:09.590,1.53915,1.53935,2.40,16.70
2010.09.10 14:09:09.773,1.53915,1.5393,2.40,2.40
2010.09.10 14:09:09.948,1.53915,1.53935,2.40,17.50
2010.09.10 14:09:10.133,1.53915,1.53935,2.40,16.80
2010.09.10 14:09:11.220,1.53915,1.5393,1.60,1.00
2010.09.10 14:09:11.561,1.53915,1.5393,1.00,1.00
2010.09.10 14:09:13.230,1.53915,1.5393,1.00,3.20
2010.09.10 14:09:15.847,1.53915,1.5393,1.00,3.30
2010.09.10 14:09:15.928,1.53915,1.5393,1.00,3.20
2010.09.10 14:09:16.158,1.53915,1.5393,1.00,1.00
2010.09.10 14:09:16.737,1.53915,1.5393,1.00,3.20
2010.09.10 14:09:17.140,1.53915,1.5393,1.00,1.00
2010.09.10 14:09:17.901,1.53915,1.5393,1.60,1.00
2010.09.10 14:09:18.363,1.53915,1.5393,2.40,1.00
2010.09.10 14:09:19.449,1.53915,1.53935,3.20,7.30
2010.09.10 14:09:19.793,1.53915,1.53935,3.40,7.30
2010.09.10 14:09:20.141,1.53915,1.53935,3.40,7.30
2010.09.10 14:09:20.723,1.53915,1.53935,2.40,9.90
2010.09.10 14:09:20.990,1.53915,1.53935,1.00,17.70
2010.09.10 14:09:21.255,1.53915,1.53935,1.00,18.00
2010.09.10 14:09:21.851,1.53915,1.53935,1.00,16.40
2010.09.10 14:09:22.174,1.53915,1.53935,1.00,12.60
2010.09.10 14:09:22.813,1.53915,1.5393,1.00,1.00
2010.09.10 14:09:24.735,1.53915,1.53935,1.00,19.20
2010.09.10 14:09:24.998,1.53915,1.53935,1.00,18.30
2010.09.10 14:09:25.262,1.53915,1.53935,1.00,13.60
2010.09.10 14:09:25.523,1.53915,1.53935,1.00,19.20
2010.09.10 14:09:26.577,1.53915,1.53935,1.00,19.20
2010.09.10 14:09:26.860,1.5391,1.5393,3.20,3.20
2010.09.10 14:09:27.089,1.5391,1.53925,1.60,8.00
2010.09.10 14:09:27.623,1.5391,1.53925,1.60,5.60
2010.09.10 14:09:27.860,1.53915,1.53925,1.00,2.40
2010.09.10 14:09:28.204,1.53915,1.5393,2.00,1.00
2010.09.10 14:09:29.035,1.53915,1.5393,1.60,1.00
2010.09.10 14:09:29.383,1.5391,1.5393,2.40,2.20
2010.09.10 14:09:30.081,1.5391,1.5393,1.60,10.20
2010.09.10 14:09:30.712,1.5391,1.5393,2.40,1.60
2010.09.10 14:09:31.014,1.53915,1.5393,1.20,1.00
2010.09.10 14:09:31.305,1.53915,1.5393,2.00,1.00
2010.09.10 14:09:32.871,1.53915,1.5393,2.80,1.00
2010.09.10 14:09:33.132,1.53915,1.5393,5.20,1.00
2010.09.10 14:09:33.709,1.53915,1.5393,5.60,1.00
2010.09.10 14:09:34.044,1.53915,1.5393,5.70,1.00
2010.09.10 14:09:34.703,1.53915,1.5393,5.80,1.00
2010.09.10 14:09:34.884,1.5392,1.5393,2.80,1.00
2010.09.10 14:09:35.397,1.5392,1.5393,1.00,1.00
2010.09.10 14:09:36.315,1.5392,1.53935,1.00,1.00
2010.09.10 14:09:36.532,1.53925,1.53935,1.20,1.00
2010.09.10 14:09:37.588,1.53925,1.5394,1.00,2.40
2010.09.10 14:09:37.933,1.5392,1.5394,3.60,7.20
2010.09.10 14:09:38.284,1.53925,1.5394,2.00,6.40
2010.09.10 14:09:38.938,1.5393,1.5394,1.00,1.60
2010.09.10 14:09:39.974,1.5393,1.5394,1.00,2.40
2010.09.10 14:09:40.099,1.5393,1.5394,1.00,4.80
2010.09.10 14:09:40.230,1.5392,1.5394,6.00,2.40
2010.09.10 14:09:40.363,1.53925,1.5394,1.00,1.60
2010.09.10 14:09:40.709,1.53925,1.5394,1.60,1.00
2010.09.10 14:09:40.862,1.5393,1.53945,1.00,2.40
2010.09.10 14:09:41.929,1.53925,1.53945,2.00,15.20
2010.09.10 14:09:42.276,1.53925,1.5394,1.20,1.00
2010.09.10 14:09:42.722,1.53925,1.5394,1.00,3.20
2010.09.10 14:09:43.077,1.53925,1.53935,1.00,1.00
2010.09.10 14:09:43.407,1.5392,1.53935,1.60,1.00
2010.09.10 14:09:46.585,1.5392,1.53935,2.00,1.00
2010.09.10 14:09:46.788,1.5392,1.5394,2.40,7.20
2010.09.10 14:09:47.467,1.5392,1.5394,4.80,2.40
2010.09.10 14:09:47.814,1.5392,1.5394,4.80,4.80
2010.09.10 14:09:48.219,1.5392,1.5394,4.80,4.00
2010.09.10 14:09:48.566,1.53925,1.5394,1.00,4.00
2010.09.10 14:09:48.912,1.53925,1.5394,1.00,4.80
2010.09.10 14:09:49.618,1.5392,1.5394,2.00,4.80
2010.09.10 14:09:49.914,1.5392,1.5394,4.00,4.80
2010.09.10 14:09:50.567,1.5392,1.5394,3.20,4.00
2010.09.10 14:09:51.547,1.5392,1.5394,4.80,4.00
2010.09.10 14:09:52.122,1.53925,1.5394,1.00,3.20
2010.09.10 14:09:52.345,1.53925,1.5394,2.00,2.40
2010.09.10 14:09:52.566,1.5393,1.53945,1.00,7.00
2010.09.10 14:09:53.109,1.53925,1.53945,4.80,12.60
2010.09.10 14:09:53.414,1.53925,1.53945,4.40,15.00
2010.09.10 14:09:56.558,1.53925,1.53945,4.40,11.80
2010.09.10 14:09:56.822,1.53925,1.53945,4.40,15.00
2010.09.10 14:09:57.085,1.53925,1.53945,1.60,15.00
2010.09.10 14:09:57.985,1.53925,1.53945,1.60,16.00
2010.09.10 14:09:58.330,1.53925,1.53945,1.60,16.40
2010.09.10 14:09:58.993,1.53925,1.53945,1.60,16.00
2010.09.10 14:09:59.344,1.53925,1.53945,1.60,15.20
2010.09.10 14:10:02.921,1.53925,1.5394,1.00,1.00
2010.09.10 14:10:03.125,1.53925,1.5394,1.00,1.00
2010.09.10 14:10:03.313,1.5392,1.5394,5.20,1.60
2010.09.10 14:10:05.738,1.5392,1.53935,2.40,1.00
2010.09.10 14:10:06.369,1.53915,1.5393,5.00,1.00
2010.09.10 14:10:06.667,1.53915,1.5393,1.00,1.60
2010.09.10 14:10:06.963,1.5391,1.53925,2.40,2.20
2010.09.10 14:10:07.560,1.53905,1.53915,2.40,9.40
2010.09.10 14:10:07.909,1.539,1.5391,1.20,1.00
2010.09.10 14:10:08.257,1.53895,1.5391,5.60,1.40
2010.09.10 14:10:08.605,1.5389,1.53905,1.60,1.10
2010.09.10 14:10:09.208,1.53885,1.539,3.20,1.00
2010.09.10 14:10:13.366,1.53885,1.539,1.60,1.00
2010.09.10 14:10:15.505,1.53885,1.53905,11.20,1.60
2010.09.10 14:10:15.611,1.5389,1.5391,6.00,4.80
2010.09.10 14:10:16.051,1.5389,1.5391,6.80,4.00
2010.09.10 14:10:16.406,1.5389,1.5391,11.60,1.60
2010.09.10 14:10:17.093,1.5389,1.5391,13.60,1.60
2010.09.10 14:10:17.456,1.5389,1.53905,6.40,1.10
2010.09.10 14:10:18.130,1.5389,1.53905,3.20,1.00
2010.09.10 14:10:18.474,1.5389,1.53905,1.00,1.60
2010.09.10 14:10:19.171,1.5389,1.53905,1.00,1.00
2010.09.10 14:10:19.529,1.5389,1.53905,4.80,1.00
2010.09.10 14:10:19.879,1.5389,1.5391,7.60,1.60
2010.09.10 14:10:20.532,1.5389,1.5391,10.00,1.60
2010.09.10 14:10:20.863,1.53895,1.5391,1.00,1.00
2010.09.10 14:10:23.672,1.53895,1.5391,1.00,3.20
2010.09.10 14:10:23.915,1.539,1.5391,1.00,3.20
2010.09.10 14:10:24.154,1.539,1.53915,1.00,3.50
2010.09.10 14:10:24.733,1.539,1.53915,1.00,2.30
2010.09.10 14:10:25.371,1.539,1.53915,1.00,4.70
2010.09.10 14:10:25.694,1.539,1.53915,1.00,1.20
2010.09.10 14:10:26.394,1.53905,1.53925,10.00,8.80
2010.09.10 14:10:26.741,1.53905,1.53925,13.20,4.80
2010.09.10 14:10:27.311,1.53905,1.53925,16.90,1.00
2010.09.10 14:10:27.642,1.5391,1.5393,4.80,1.60
2010.09.10 14:10:27.979,1.5391,1.5393,2.40,4.00
2010.09.10 14:10:28.342,1.5391,1.5393,2.40,1.60
2010.09.10 14:10:28.678,1.5391,1.5393,6.80,1.60
2010.09.10 14:10:29.012,1.5391,1.5393,7.20,4.00
2010.09.10 14:10:29.681,1.5391,1.5393,8.40,4.00
2010.09.10 14:10:30.030,1.5391,1.5393,6.00,1.60
2010.09.10 14:10:30.254,1.5391,1.5393,1.20,2.40
2010.09.10 14:10:30.830,1.53905,1.5393,3.60,11.80
2010.09.10 14:10:31.054,1.53905,1.53925,3.70,1.00
2010.09.10 14:10:31.389,1.53905,1.53925,9.00,1.00
2010.09.10 14:10:31.994,1.5391,1.53925,1.00,1.00
2010.09.10 14:10:32.345,1.5391,1.5393,4.00,4.00
2010.09.10 14:10:32.696,1.5391,1.5393,4.80,1.60
2010.09.10 14:10:33.396,1.5391,1.5393,6.00,1.60
2010.09.10 14:10:34.085,1.5391,1.5393,6.80,1.60
2010.09.10 14:10:35.018,1.5391,1.53925,4.00,1.00
2010.09.10 14:10:35.340,1.53905,1.53925,4.80,4.40
2010.09.10 14:10:35.495,1.53905,1.53925,4.80,7.60
2010.09.10 14:10:35.652,1.53905,1.5392,1.60,1.00
2010.09.10 14:10:36.153,1.53905,1.5392,2.40,1.00
2010.09.10 14:10:36.321,1.53905,1.53925,4.90,2.40
2010.09.10 14:10:37.048,1.5391,1.53925,1.00,1.60
2010.09.10 14:10:37.400,1.5391,1.5393,2.00,2.40
2010.09.10 14:10:38.028,1.5391,1.5393,6.80,4.80
2010.09.10 14:10:38.383,1.5391,1.5393,4.40,2.40
2010.09.10 14:10:39.033,1.5391,1.5393,1.60,2.40
2010.09.10 14:10:39.394,1.5391,1.53925,1.00,1.60
2010.09.10 14:10:40.501,1.53915,1.5393,6.40,1.00
2010.09.10 14:10:40.787,1.53915,1.53935,6.80,6.60
2010.09.10 14:10:41.063,1.53915,1.53935,6.80,6.50
2010.09.10 14:10:41.674,1.53915,1.53935,9.20,4.60
2010.09.10 14:10:41.917,1.53915,1.53935,11.60,3.80
2010.09.10 14:10:42.398,1.53915,1.53935,9.20,6.20
2010.09.10 14:10:42.940,1.53915,1.53935,14.00,3.80
2010.09.10 14:10:43.285,1.5392,1.53935,1.00,2.40
2010.09.10 14:10:43.634,1.5392,1.53935,1.00,1.60
2010.09.10 14:10:45.946,1.5392,1.53935,1.20,1.60
2010.09.10 14:10:48.918,1.5392,1.53935,1.00,1.60
2010.09.10 14:10:49.538,1.53915,1.53935,14.80,1.60
2010.09.10 14:10:49.747,1.53915,1.53935,15.60,1.60
2010.09.10 14:10:51.592,1.53915,1.53935,16.50,1.60
2010.09.10 14:10:51.811,1.5392,1.5394,1.00,2.40
2010.09.10 14:10:56.678,1.5392,1.5394,1.60,1.60
2010.09.10 14:10:56.820,1.5392,1.5394,2.00,1.60
2010.09.10 14:10:57.043,1.5392,1.5394,4.40,1.60
2010.09.10 14:10:57.489,1.5392,1.5394,4.40,1.60
2010.09.10 14:10:59.450,1.5392,1.5394,5.30,1.60
2010.09.10 14:10:59.958,1.5392,1.5394,3.60,4.00
2010.09.10 14:11:00.166,1.5392,1.5394,5.60,1.60
2010.09.10 14:11:00.974,1.5392,1.5394,5.20,1.60
2010.09.10 14:11:01.598,1.5392,1.5394,1.00,11.20
2010.09.10 14:11:01.890,1.5392,1.5394,1.20,2.40
2010.09.10 14:11:02.173,1.5392,1.5394,1.20,4.00
2010.09.10 14:11:02.697,1.5392,1.5394,1.20,2.40
2010.09.10 14:11:03.063,1.5392,1.5394,1.20,2.80
2010.09.10 14:11:03.412,1.5392,1.5394,1.20,3.20
2010.09.10 14:11:03.998,1.5392,1.53935,1.00,1.00
2010.09.10 14:11:04.289,1.53915,1.53935,15.60,1.00
2010.09.10 14:11:05.139,1.53915,1.53935,17.20,1.00
2010.09.10 14:11:05.407,1.53915,1.53935,12.00,3.20
2010.09.10 14:11:06.309,1.53915,1.53935,14.80,1.00
2010.09.10 14:11:06.951,1.53915,1.53935,12.40,3.20
2010.09.10 14:11:07.558,1.53915,1.53935,15.20,1.00
2010.09.10 14:11:08.143,1.53915,1.53935,12.00,4.00
2010.09.10 14:11:09.346,1.53915,1.53935,15.20,1.60
2010.09.10 14:11:09.956,1.53915,1.53935,14.40,1.60
2010.09.10 14:11:10.144,1.53915,1.53935,12.00,4.00
2010.09.10 14:11:10.870,1.5392,1.53935,1.00,1.00
2010.09.10 14:11:11.682,1.5392,1.53935,1.20,1.00
2010.09.10 14:11:12.038,1.53915,1.53935,7.60,6.40
2010.09.10 14:11:12.677,1.53915,1.53935,16.40,1.60
2010.09.10 14:11:12.979,1.53915,1.53935,12.00,3.20
2010.09.10 14:11:13.288,1.53915,1.53935,12.00,2.40
2010.09.10 14:11:13.635,1.53915,1.53935,12.00,4.00
2010.09.10 14:11:13.992,1.53915,1.53935,16.00,2.40
2010.09.10 14:11:14.945,1.53915,1.53935,17.60,2.40
2010.09.10 14:11:15.634,1.53915,1.53935,17.60,1.00
2010.09.10 14:11:17.389,1.53915,1.53935,17.70,1.00
2010.09.10 14:11:19.122,1.53915,1.53935,16.00,1.00
2010.09.10 14:11:19.737,1.53915,1.53935,19.60,1.00
2010.09.10 14:11:20.046,1.53915,1.53935,18.00,1.60
2010.09.10 14:11:21.207,1.53915,1.53935,18.00,1.00
2010.09.10 14:11:21.904,1.53915,1.53935,18.20,1.00
2010.09.10 14:11:25.200,1.53915,1.53935,17.40,1.00
2010.09.10 14:11:25.619,1.53915,1.53935,17.40,1.00
2010.09.10 14:11:26.105,1.53915,1.53935,17.60,1.00
2010.09.10 14:11:26.391,1.53915,1.53935,17.50,1.00
2010.09.10 14:11:26.679,1.53915,1.53935,17.40,1.00
2010.09.10 14:11:26.959,1.53915,1.53935,17.20,1.00
2010.09.10 14:11:27.585,1.53915,1.53935,15.60,1.00
2010.09.10 14:11:28.276,1.53915,1.53935,16.10,1.00
2010.09.10 14:11:28.857,1.53915,1.53935,16.00,1.00
2010.09.10 14:11:29.282,1.53915,1.5393,12.60,1.60
2010.09.10 14:11:29.573,1.53915,1.5393,2.00,2.80
2010.09.10 14:11:29.852,1.53915,1.5393,1.00,1.60
2010.09.10 14:11:30.459,1.53915,1.5393,1.00,1.00
2010.09.10 14:11:30.778,1.53915,1.5393,1.00,1.00
2010.09.10 14:11:31.093,1.53915,1.53935,1.00,4.10
2010.09.10 14:11:31.413,1.53915,1.53935,1.00,8.90
2010.09.10 14:11:32.008,1.53915,1.53935,1.00,9.10
2010.09.10 14:11:32.270,1.53915,1.53935,1.00,9.90
2010.09.10 14:11:32.529,1.53915,1.53925,1.00,1.00
2010.09.10 14:11:33.057,1.5391,1.53925,2.80,1.00
2010.09.10 14:11:33.398,1.5391,1.53925,1.00,2.90
2010.09.10 14:11:33.731,1.53905,1.53925,4.00,3.10
2010.09.10 14:11:34.291,1.53905,1.53925,2.40,6.30
2010.09.10 14:11:34.822,1.53905,1.5392,1.60,10.40
2010.09.10 14:11:34.971,1.539,1.53915,2.80,1.60
2010.09.10 14:11:35.115,1.539,1.53915,1.00,1.00
2010.09.10 14:11:35.981,1.539,1.53915,2.00,1.00
2010.09.10 14:11:36.335,1.539,1.5392,2.00,3.20
2010.09.10 14:11:36.680,1.539,1.5392,1.60,3.20
2010.09.10 14:11:40.261,1.539,1.5392,1.60,6.40
2010.09.10 14:11:41.032,1.539,1.5392,1.00,6.80
2010.09.10 14:11:41.322,1.539,1.5392,1.00,6.40
2010.09.10 14:11:42.428,1.539,1.5392,1.00,6.50
2010.09.10 14:11:42.868,1.539,1.5392,1.00,6.40
2010.09.10 14:11:43.751,1.539,1.5392,1.00,6.80
2010.09.10 14:11:43.900,1.539,1.5392,1.00,7.30
2010.09.10 14:11:44.162,1.539,1.53915,1.00,1.00
2010.09.10 14:11:44.303,1.539,1.5391,1.00,2.40
2010.09.10 14:11:44.788,1.5389,1.539,1.60,5.60
2010.09.10 14:11:45.142,1.5389,1.53895,2.40,2.40
2010.09.10 14:11:45.815,1.5389,1.539,3.20,1.00
2010.09.10 14:11:46.047,1.53885,1.5391,16.70,4.00
2010.09.10 14:11:46.286,1.5389,1.5391,4.00,4.80
2010.09.10 14:11:46.716,1.5389,1.5391,4.00,4.00
2010.09.10 14:11:48.852,1.5389,1.5391,4.00,2.40
2010.09.10 14:11:49.131,1.5389,1.5391,4.80,2.40
2010.09.10 14:11:49.407,1.5389,1.5391,8.40,1.60
2010.09.10 14:11:50.032,1.53905,1.53915,5.70,1.00
2010.09.10 14:11:50.307,1.5391,1.5392,1.00,3.20
2010.09.10 14:11:51.036,1.539,1.5392,7.60,7.20
2010.09.10 14:11:51.387,1.539,1.5392,7.20,11.20
2010.09.10 14:11:52.273,1.539,1.5392,7.20,11.30
2010.09.10 14:11:53.229,1.539,1.5392,7.20,11.20
2010.09.10 14:11:53.577,1.539,1.5392,7.20,11.30
2010.09.10 14:11:53.908,1.539,1.5392,8.00,8.00
2010.09.10 14:11:54.583,1.5391,1.53925,1.00,5.20
2010.09.10 14:11:54.940,1.5391,1.53925,1.00,11.20
2010.09.10 14:11:55.636,1.53905,1.53925,1.00,10.40
2010.09.10 14:11:55.957,1.53905,1.53925,1.60,2.40
2010.09.10 14:11:57.251,1.53905,1.53915,1.00,1.50
2010.09.10 14:11:57.913,1.539,1.5391,2.40,1.00
2010.09.10 14:11:58.261,1.5389,1.53905,1.60,2.00
2010.09.10 14:11:58.909,1.5389,1.53905,4.00,1.30
2010.09.10 14:11:59.256,1.5389,1.53905,1.00,1.00
2010.09.10 14:11:59.944,1.5389,1.53905,1.00,1.00
2010.09.10 14:12:00.275,1.5389,1.53905,1.00,1.00
2010.09.10 14:12:00.927,1.53885,1.539,1.80,4.80
2010.09.10 14:12:01.253,1.53885,1.539,1.20,8.00
2010.09.10 14:12:02.410,1.53885,1.539,1.00,8.00
2010.09.10 14:12:02.648,1.53885,1.53895,1.00,2.40
2010.09.10 14:12:02.883,1.53885,1.53895,1.00,4.80
2010.09.10 14:12:03.434,1.53885,1.53895,1.60,4.80
2010.09.10 14:12:03.748,1.53885,1.53895,1.00,4.80
2010.09.10 14:12:04.065,1.53885,1.539,6.80,8.00
2010.09.10 14:12:04.697,1.53885,1.53905,7.90,4.50
2010.09.10 14:12:04.988,1.5389,1.53905,1.00,4.10
2010.09.10 14:12:05.273,1.5389,1.53905,1.00,11.30
2010.09.10 14:12:05.786,1.53885,1.539,4.50,1.00
2010.09.10 14:12:06.145,1.53885,1.539,1.00,4.80
2010.09.10 14:12:07.009,1.53885,1.539,1.00,2.40
2010.09.10 14:12:07.325,1.53885,1.539,1.00,1.60
2010.09.10 14:12:13.669,1.53885,1.539,4.10,1.60
2010.09.10 14:12:14.014,1.53885,1.539,4.90,1.00
2010.09.10 14:12:14.370,1.5389,1.53905,3.20,1.60
2010.09.10 14:12:14.716,1.5389,1.53905,4.00,1.00
2010.09.10 14:12:16.826,1.5389,1.53905,4.80,1.00
2010.09.10 14:12:17.681,1.5389,1.53905,1.00,1.00
2010.09.10 14:12:18.752,1.53885,1.53905,12.10,2.50
2010.09.10 14:12:18.948,1.53885,1.53905,12.10,4.10
2010.09.10 14:12:19.470,1.53885,1.53905,9.70,4.80
2010.09.10 14:12:19.670,1.53885,1.539,1.00,3.80
2010.09.10 14:12:19.866,1.53885,1.539,1.00,7.00
2010.09.10 14:12:20.548,1.53885,1.53895,1.00,1.60
2010.09.10 14:12:20.898,1.53875,1.53895,2.40,1.60
2010.09.10 14:12:21.471,1.53875,1.53895,1.60,4.00
2010.09.10 14:12:21.734,1.53875,1.53895,1.00,5.80
2010.09.10 14:12:21.972,1.53875,1.5389,1.00,1.00
2010.09.10 14:12:26.531,1.53875,1.53895,1.00,5.20
2010.09.10 14:12:26.811,1.53875,1.53895,1.00,4.00
2010.09.10 14:12:27.968,1.53875,1.53895,1.60,4.00
2010.09.10 14:12:28.287,1.53875,1.53895,3.20,1.60
2010.09.10 14:12:28.901,1.53875,1.53895,3.20,3.20
2010.09.10 14:12:29.555,1.5388,1.539,1.00,6.40
2010.09.10 14:12:29.831,1.5388,1.539,1.00,3.20
2010.09.10 14:12:30.406,1.5388,1.539,1.60,3.20
2010.09.10 14:12:30.676,1.5388,1.539,2.00,6.40
2010.09.10 14:12:31.362,1.5388,1.53895,2.40,2.40
2010.09.10 14:12:32.054,1.53875,1.53895,13.20,4.80
2010.09.10 14:12:32.432,1.53875,1.53895,4.20,5.20
2010.09.10 14:12:32.623,1.53875,1.5389,1.60,2.40
2010.09.10 14:12:33.794,1.53875,1.5389,1.60,2.40
2010.09.10 14:12:34.131,1.53875,1.5389,2.00,2.40
2010.09.10 14:12:34.389,1.53875,1.5389,1.80,2.40
2010.09.10 14:12:35.090,1.53875,1.5389,1.00,2.40
2010.09.10 14:12:35.360,1.5387,1.5389,3.60,5.60
2010.09.10 14:12:35.985,1.5387,1.53885,1.20,1.60
2010.09.10 14:12:36.286,1.53865,1.53885,14.00,1.60
2010.09.10 14:12:36.551,1.53865,1.53885,13.40,3.20
2010.09.10 14:12:37.124,1.53865,1.53885,12.00,3.20
2010.09.10 14:12:37.401,1.5387,1.53885,1.00,1.60
2010.09.10 14:12:37.759,1.5387,1.53885,2.80,1.00
2010.09.10 14:12:38.735,1.5387,1.53885,3.20,1.00
2010.09.10 14:12:39.025,1.5387,1.53885,4.00,1.00
2010.09.10 14:12:39.499,1.5387,1.5389,4.00,4.90
2010.09.10 14:12:39.847,1.5387,1.5389,6.40,4.00
2010.09.10 14:12:40.192,1.5387,1.5389,3.60,4.00
2010.09.10 14:12:40.559,1.5387,1.5389,3.60,5.60
2010.09.10 14:12:40.907,1.5387,1.5388,1.00,2.40
2010.09.10 14:12:41.253,1.53865,1.5388,6.00,4.80
2010.09.10 14:12:41.933,1.53865,1.53875,1.00,4.80
2010.09.10 14:12:42.244,1.53865,1.5388,1.00,4.00
2010.09.10 14:12:42.855,1.53865,1.5388,1.00,4.00
2010.09.10 14:12:43.424,1.53865,1.53875,1.00,2.40
2010.09.10 14:12:43.933,1.5386,1.53875,2.80,2.40
2010.09.10 14:12:44.257,1.5386,1.5388,3.60,11.20
2010.09.10 14:12:44.622,1.5386,1.5388,3.60,8.80
2010.09.10 14:12:44.950,1.53865,1.5388,1.00,3.20
2010.09.10 14:12:45.473,1.53865,1.5388,1.00,1.00
2010.09.10 14:12:46.374,1.53865,1.5388,3.20,1.00
2010.09.10 14:12:46.681,1.53865,1.53885,6.60,2.80
2010.09.10 14:12:47.078,1.5387,1.53885,2.00,1.60
2010.09.10 14:12:47.250,1.5387,1.5389,1.00,9.20
2010.09.10 14:12:47.594,1.5387,1.5389,1.60,6.40
2010.09.10 14:12:48.246,1.5387,1.53885,1.60,1.00
2010.09.10 14:12:48.482,1.5387,1.53885,1.00,2.70
2010.09.10 14:12:49.353,1.5387,1.53885,2.00,1.60
2010.09.10 14:12:49.708,1.5387,1.5389,2.80,6.80
2010.09.10 14:12:50.051,1.5387,1.5389,2.40,6.40
2010.09.10 14:12:51.527,1.5387,1.5389,1.60,6.40
2010.09.10 14:12:51.687,1.5387,1.5389,2.00,2.40
2010.09.10 14:12:52.213,1.53875,1.5389,1.00,1.00
2010.09.10 14:12:53.558,1.53875,1.53895,5.90,4.80
2010.09.10 14:12:54.070,1.53875,1.53895,15.00,2.40
2010.09.10 14:12:54.368,1.5388,1.53895,1.00,1.00
2010.09.10 14:12:55.427,1.53875,1.53895,7.60,3.20
2010.09.10 14:12:55.676,1.53875,1.53895,2.80,3.20
2010.09.10 14:12:57.227,1.53875,1.53895,2.00,3.90
2010.09.10 14:12:57.442,1.53875,1.53895,2.00,13.90
2010.09.10 14:12:57.660,1.53875,1.53895,2.00,16.30
2010.09.10 14:13:00.465,1.53875,1.5389,1.00,3.20
2010.09.10 14:13:00.816,1.5387,1.5389,4.00,1.00
2010.09.10 14:13:05.086,1.5387,1.5389,5.60,1.00
2010.09.10 14:13:05.290,1.53875,1.5389,1.00,1.00
2010.09.10 14:13:05.360,1.53875,1.5389,1.00,4.00
2010.09.10 14:13:05.814,1.5387,1.5389,4.00,11.20
2010.09.10 14:13:05.881,1.5387,1.5389,4.00,12.00
2010.09.10 14:13:05.948,1.5387,1.53885,4.00,2.40
2010.09.10 14:13:06.079,1.5387,1.5389,4.00,13.60
2010.09.10 14:13:06.421,1.5387,1.53885,4.00,2.40
2010.09.10 14:13:11.168,1.5387,1.53885,3.20,4.80
2010.09.10 14:13:11.232,1.5387,1.53885,2.80,4.80
2010.09.10 14:13:11.289,1.5387,1.53885,2.00,5.60
2010.09.10 14:13:11.348,1.5387,1.5388,1.00,2.40
2010.09.10 14:13:11.460,1.53865,1.5388,2.90,2.40
2010.09.10 14:13:11.521,1.53865,1.5388,2.00,4.80
2010.09.10 14:13:11.579,1.53865,1.5388,2.00,7.20
2010.09.10 14:13:12.298,1.53865,1.5388,1.60,9.60
2010.09.10 14:13:12.645,1.53865,1.5388,1.60,7.20
2010.09.10 14:13:12.831,1.53865,1.5388,2.40,4.80
2010.09.10 14:13:13.022,1.5387,1.5388,1.00,4.80
2010.09.10 14:13:13.209,1.5387,1.5388,1.20,2.40
2010.09.10 14:13:13.670,1.5387,1.53885,1.20,3.20
2010.09.10 14:13:13.870,1.53865,1.53885,2.80,3.20
2010.09.10 14:13:14.064,1.53865,1.53885,8.80,4.80
2010.09.10 14:13:14.250,1.53865,1.53885,8.00,2.40
2010.09.10 14:13:14.442,1.53865,1.53885,4.80,4.80
2010.09.10 14:13:14.965,1.5387,1.53885,1.20,4.00
2010.09.10 14:13:15.240,1.5387,1.53885,3.20,1.00
2010.09.10 14:13:15.781,1.5387,1.5389,3.20,8.80
2010.09.10 14:13:16.496,1.5387,1.5388,1.20,3.20
2010.09.10 14:13:16.812,1.53865,1.53875,1.60,1.00
2010.09.10 14:13:17.131,1.5386,1.53875,1.20,1.00
2010.09.10 14:13:17.641,1.53855,1.53875,13.40,1.00
2010.09.10 14:13:17.947,1.5385,1.5388,28.60,6.80
2010.09.10 14:13:18.560,1.5385,1.5388,28.60,6.80
2010.09.10 14:13:19.110,1.53855,1.5388,15.60,4.90
2010.09.10 14:13:19.460,1.53855,1.5388,23.20,2.40
2010.09.10 14:13:19.803,1.53855,1.5388,24.00,2.40
2010.09.10 14:13:20.039,1.53855,1.5388,22.80,2.40
2010.09.10 14:13:20.637,1.53855,1.5388,22.80,1.60
2010.09.10 14:13:20.886,1.53855,1.5388,22.80,1.60
2010.09.10 14:13:21.133,1.53855,1.5388,25.20,1.60
2010.09.10 14:13:22.111,1.53855,1.5388,23.60,1.60
2010.09.10 14:13:22.821,1.5386,1.5388,6.40,1.60
2010.09.10 14:13:23.102,1.5386,1.5388,7.20,1.60
2010.09.10 14:13:23.748,1.5386,1.5388,3.20,1.60
2010.09.10 14:13:25.613,1.5386,1.5388,3.20,1.60
2010.09.10 14:13:26.872,1.5386,1.5388,3.20,1.60
2010.09.10 14:13:28.588,1.5386,1.5388,4.00,1.60
2010.09.10 14:13:30.301,1.5386,1.5388,3.60,1.60
2010.09.10 14:13:31.444,1.5386,1.5388,5.20,1.60
2010.09.10 14:13:31.905,1.53865,1.5388,1.00,1.00
2010.09.10 14:13:32.072,1.5387,1.53885,1.20,14.00
2010.09.10 14:13:32.407,1.5387,1.53885,2.80,10.00
2010.09.10 14:13:32.581,1.5387,1.53885,2.80,1.00
2010.09.10 14:13:32.924,1.5387,1.53885,3.60,1.00
2010.09.10 14:13:33.270,1.5387,1.5389,4.40,4.80
2010.09.10 14:13:34.066,1.5387,1.5389,4.40,4.80
2010.09.10 14:13:34.374,1.5387,1.5389,4.00,1.60
2010.09.10 14:13:34.664,1.5387,1.5389,7.60,1.60
2010.09.10 14:13:34.892,1.5387,1.5389,9.60,1.60
2010.09.10 14:13:35.435,1.5387,1.5389,12.00,1.60
2010.09.10 14:13:35.670,1.5387,1.5389,4.00,1.60
2010.09.10 14:13:35.815,1.5387,1.5389,4.40,1.60
2010.09.10 14:13:36.424,1.5387,1.5389,6.00,1.60
2010.09.10 14:13:36.582,1.53875,1.5389,1.60,1.00
2010.09.10 14:13:37.411,1.5388,1.53895,1.00,1.60
2010.09.10 14:13:37.762,1.53885,1.53905,4.20,5.40
2010.09.10 14:13:38.080,1.53885,1.53905,1.00,4.00
2010.09.10 14:13:38.732,1.53885,1.53905,1.60,2.40
2010.09.10 14:13:39.076,1.53885,1.53905,4.80,4.80
2010.09.10 14:13:39.743,1.5389,1.53905,1.00,4.80
2010.09.10 14:13:39.977,1.5389,1.5391,1.60,5.60
2010.09.10 14:13:40.216,1.5389,1.5391,2.00,5.60
2010.09.10 14:13:40.443,1.5389,1.5391,2.40,1.60
2010.09.10 14:13:40.970,1.5389,1.5391,2.80,4.00
2010.09.10 14:13:41.280,1.5389,1.5391,4.00,1.60
2010.09.10 14:13:42.215,1.5389,1.5391,5.60,1.60
2010.09.10 14:13:42.568,1.53895,1.5391,1.00,1.60
2010.09.10 14:13:45.788,1.53895,1.5391,1.00,1.00
2010.09.10 14:13:46.488,1.53895,1.53915,1.00,15.20
2010.09.10 14:13:47.860,1.53895,1.53915,1.00,15.00
2010.09.10 14:13:48.119,1.539,1.53915,1.00,1.60
2010.09.10 14:13:48.680,1.539,1.5392,6.00,10.40
2010.09.10 14:13:48.919,1.53905,1.5392,1.60,1.00
2010.09.10 14:13:49.268,1.53905,1.53925,8.80,7.20
2010.09.10 14:13:49.701,1.53905,1.53925,9.20,4.80
2010.09.10 14:13:50.059,1.53905,1.5392,1.60,1.00
2010.09.10 14:13:51.712,1.53905,1.53925,1.60,7.20
2010.09.10 14:13:51.994,1.53905,1.53925,2.40,7.20
2010.09.10 14:13:52.271,1.53905,1.53925,2.40,6.40
2010.09.10 14:13:52.794,1.53905,1.53925,4.00,6.40
2010.09.10 14:13:53.107,1.53905,1.53925,2.40,6.40
2010.09.10 14:13:54.139,1.5391,1.53925,2.40,1.00
2010.09.10 14:13:54.382,1.5391,1.5393,3.20,2.40
2010.09.10 14:13:54.756,1.5391,1.5393,3.20,1.60
2010.09.10 14:13:55.113,1.53915,1.53935,1.60,12.10
2010.09.10 14:13:55.792,1.53915,1.53935,2.50,7.10
2010.09.10 14:13:56.107,1.53915,1.53935,2.50,6.70
2010.09.10 14:13:56.417,1.53915,1.53935,2.50,4.40
2010.09.10 14:13:57.023,1.53915,1.53935,2.50,3.60
2010.09.10 14:13:57.382,1.53915,1.5393,1.00,8.70
2010.09.10 14:13:58.063,1.5391,1.53925,1.00,3.80
2010.09.10 14:13:58.419,1.53905,1.53925,3.20,4.60
2010.09.10 14:13:58.923,1.53905,1.5392,3.20,1.00
2010.09.10 14:13:59.541,1.53905,1.5392,3.30,1.00
2010.09.10 14:13:59.899,1.53905,1.5392,1.00,1.20
2010.09.10 14:14:00.259,1.539,1.53915,6.90,1.00
2010.09.10 14:14:00.612,1.539,1.53915,5.60,1.90
2010.09.10 14:14:01.280,1.539,1.53915,3.20,2.40
2010.09.10 14:14:01.621,1.539,1.53915,2.40,1.60
2010.09.10 14:14:02.682,1.539,1.53915,1.00,1.00
2010.09.10 14:14:02.941,1.539,1.53915,1.00,1.00
2010.09.10 14:14:03.595,1.539,1.53915,1.00,8.80
2010.09.10 14:14:04.538,1.53895,1.53915,1.60,14.80
2010.09.10 14:14:04.888,1.53895,1.53915,1.60,14.90
2010.09.10 14:14:05.429,1.53895,1.53915,1.60,14.60
2010.09.10 14:14:06.186,1.53895,1.53915,4.00,9.60
2010.09.10 14:14:06.430,1.53895,1.53915,8.00,1.60
2010.09.10 14:14:06.806,1.53895,1.53915,8.20,1.60
2010.09.10 14:14:07.076,1.539,1.53915,3.20,1.00
2010.09.10 14:14:07.426,1.539,1.5392,5.70,1.60
2010.09.10 14:14:08.259,1.539,1.5392,6.10,1.60
2010.09.10 14:14:09.287,1.539,1.5392,5.30,1.60
2010.09.10 14:14:10.246,1.539,1.5392,6.10,1.60
2010.09.10 14:14:10.568,1.539,1.5392,3.70,4.00
2010.09.10 14:14:10.905,1.539,1.5392,5.70,2.40
2010.09.10 14:14:11.814,1.539,1.53915,1.20,3.30
2010.09.10 14:14:12.164,1.53895,1.53915,15.30,4.20
2010.09.10 14:14:12.896,1.53895,1.53915,12.50,4.20
2010.09.10 14:14:13.243,1.53895,1.53915,14.90,4.00
2010.09.10 14:14:13.742,1.53895,1.53915,14.90,4.00
2010.09.10 14:14:14.353,1.53895,1.53915,14.90,3.00
2010.09.10 14:14:15.715,1.53895,1.53915,13.30,3.20
2010.09.10 14:14:17.041,1.53895,1.53915,13.30,4.00
2010.09.10 14:14:17.346,1.53895,1.53915,17.70,4.20
2010.09.10 14:14:17.651,1.53895,1.53915,21.70,4.00
2010.09.10 14:14:18.289,1.539,1.53915,7.60,1.00
2010.09.10 14:14:18.632,1.539,1.53915,10.80,1.00
2010.09.10 14:14:19.322,1.539,1.5392,8.00,2.40
2010.09.10 14:14:20.014,1.539,1.5392,4.80,2.40
2010.09.10 14:14:22.753,1.539,1.5392,3.20,2.40
2010.09.10 14:14:24.101,1.539,1.53915,3.20,1.00
2010.09.10 14:14:24.666,1.539,1.5391,1.00,1.00
2010.09.10 14:14:24.920,1.53895,1.5391,2.80,1.00
2010.09.10 14:14:25.304,1.53895,1.5391,2.40,1.00
2010.09.10 14:14:25.578,1.53895,1.5391,1.00,1.00
2010.09.10 14:14:26.786,1.53895,1.53915,1.00,16.30
2010.09.10 14:14:27.063,1.53895,1.53915,1.00,16.40
2010.09.10 14:14:27.344,1.53895,1.53915,1.00,11.50
2010.09.10 14:14:27.625,1.53895,1.53915,5.60,6.40
2010.09.10 14:14:28.241,1.539,1.5392,8.40,2.40
2010.09.10 14:14:28.868,1.539,1.5392,8.40,3.20
2010.09.10 14:14:29.148,1.539,1.5392,10.40,2.40
2010.09.10 14:14:30.172,1.539,1.5392,14.00,2.40
2010.09.10 14:14:30.799,1.5391,1.53925,1.00,1.00
2010.09.10 14:14:32.627,1.5391,1.53925,2.80,1.00
2010.09.10 14:14:32.877,1.5391,1.5393,3.60,2.40
2010.09.10 14:14:33.122,1.5391,1.53925,1.20,1.00
2010.09.10 14:14:33.666,1.53905,1.53925,7.60,1.60
2010.09.10 14:14:33.813,1.53905,1.53925,7.60,2.50
2010.09.10 14:14:35.163,1.53905,1.53925,5.20,3.00
2010.09.10 14:14:35.465,1.53905,1.53925,2.00,10.90
2010.09.10 14:14:36.297,1.53905,1.53925,3.40,10.20
2010.09.10 14:14:36.918,1.5391,1.5393,1.00,9.80
2010.09.10 14:14:37.176,1.5391,1.5393,1.00,5.40
2010.09.10 14:14:37.750,1.5391,1.5393,2.80,3.00
2010.09.10 14:14:38.015,1.5391,1.5393,3.60,3.40
2010.09.10 14:14:38.363,1.5391,1.5393,2.00,3.00
2010.09.10 14:14:38.716,1.5391,1.5393,3.70,3.00
2010.09.10 14:14:39.070,1.5391,1.53925,6.90,1.00
2010.09.10 14:14:39.423,1.5391,1.53925,2.00,3.00
2010.09.10 14:14:39.780,1.5391,1.53925,2.40,1.00
2010.09.10 14:14:40.144,1.5391,1.5393,3.20,6.40
2010.09.10 14:14:40.489,1.5391,1.5393,4.00,3.00
2010.09.10 14:14:40.819,1.5391,1.5393,6.40,2.40
2010.09.10 14:14:41.456,1.5391,1.5393,7.60,2.40
2010.09.10 14:14:41.690,1.5391,1.53925,8.80,1.00
2010.09.10 14:14:41.916,1.5391,1.53925,1.60,1.60
2010.09.10 14:14:42.475,1.53905,1.53925,7.60,1.60
2010.09.10 14:14:43.167,1.53905,1.53925,4.80,4.80
2010.09.10 14:14:43.536,1.53905,1.53925,4.80,6.40
2010.09.10 14:14:43.831,1.539,1.5392,13.10,1.60
2010.09.10 14:14:45.329,1.539,1.5392,10.00,1.60
2010.09.10 14:14:45.667,1.539,1.5392,10.00,3.00
2010.09.10 14:14:45.866,1.539,1.5392,3.20,2.40
2010.09.10 14:14:46.375,1.539,1.5392,3.30,2.40
2010.09.10 14:14:46.578,1.539,1.5392,3.20,2.40
2010.09.10 14:14:48.500,1.539,1.5392,6.40,2.40
2010.09.10 14:14:48.706,1.53905,1.5392,1.00,1.60
2010.09.10 14:14:49.577,1.53905,1.53925,1.20,4.60
2010.09.10 14:14:49.919,1.53905,1.53925,1.20,7.00
2010.09.10 14:14:50.163,1.53905,1.53925,1.00,7.80
2010.09.10 14:14:50.535,1.53905,1.53925,1.00,8.00
2010.09.10 14:14:50.799,1.539,1.5392,9.30,1.00
2010.09.10 14:14:51.047,1.53905,1.5392,1.60,1.00
2010.09.10 14:14:51.720,1.53905,1.53925,4.80,1.60
2010.09.10 14:14:52.070,1.5391,1.53925,1.00,5.30
2010.09.10 14:14:52.358,1.53905,1.5392,1.60,1.60
2010.09.10 14:14:52.976,1.539,1.53915,6.40,3.60
2010.09.10 14:14:53.261,1.539,1.53915,2.80,3.00
2010.09.10 14:14:54.633,1.539,1.53915,2.80,2.80
2010.09.10 14:14:56.300,1.539,1.53915,1.00,2.80
2010.09.10 14:14:56.647,1.539,1.53915,1.00,3.50
2010.09.10 14:14:56.911,1.53895,1.53915,1.60,16.20
2010.09.10 14:14:57.160,1.53895,1.5391,1.00,1.00
2010.09.10 14:14:57.878,1.53895,1.5391,1.00,1.60
2010.09.10 14:14:58.222,1.53895,1.53905,1.00,1.00
2010.09.10 14:14:58.573,1.5389,1.5391,8.80,2.40
2010.09.10 14:14:58.804,1.5389,1.5391,8.80,2.40
2010.09.10 14:14:59.672,1.53895,1.5391,1.00,1.60
2010.09.10 14:15:00.499,1.53895,1.5391,7.00,1.60
2010.09.10 14:15:00.791,1.53895,1.53915,12.20,4.10
2010.09.10 14:15:01.055,1.53895,1.53915,9.80,4.10
2010.09.10 14:15:02.811,1.53895,1.53915,11.40,4.10
2010.09.10 14:15:03.155,1.539,1.53915,2.80,2.60
2010.09.10 14:15:04.147,1.539,1.53915,4.40,1.00
2010.09.10 14:15:04.483,1.539,1.5392,4.40,2.40
2010.09.10 14:15:06.079,1.539,1.5392,5.60,2.40
2010.09.10 14:15:10.414,1.539,1.5392,8.10,1.60
2010.09.10 14:15:11.204,1.539,1.5392,8.00,1.60
2010.09.10 14:15:11.556,1.53905,1.5392,1.00,1.00
2010.09.10 14:15:11.907,1.53905,1.5392,1.00,1.00
2010.09.10 14:15:12.252,1.5391,1.53925,2.40,8.70
2010.09.10 14:15:12.895,1.5391,1.53925,2.40,3.20
2010.09.10 14:15:13.218,1.5391,1.53925,3.20,1.00
2010.09.10 14:15:13.667,1.5391,1.53925,1.00,1.00
2010.09.10 14:15:14.173,1.53905,1.5392,7.60,1.00
2010.09.10 14:15:14.305,1.53905,1.5392,11.60,1.00
2010.09.10 14:15:14.757,1.53905,1.53925,15.60,2.40
2010.09.10 14:15:15.112,1.53905,1.53925,18.00,2.20
2010.09.10 14:15:15.787,1.53905,1.53925,18.00,2.00
2010.09.10 14:15:16.135,1.53905,1.53925,15.60,2.00
2010.09.10 14:15:16.486,1.53905,1.53925,6.60,2.80
2010.09.10 14:15:16.619,1.53905,1.5392,6.60,1.00
2010.09.10 14:15:17.341,1.53905,1.5392,10.60,1.00
2010.09.10 14:15:17.487,1.5391,1.53925,2.40,1.00
2010.09.10 14:15:17.822,1.5391,1.53925,3.20,1.00
2010.09.10 14:15:18.161,1.5391,1.53925,4.00,1.00
2010.09.10 14:15:19.351,1.5391,1.5393,8.40,1.60
2010.09.10 14:15:19.575,1.53915,1.5393,4.20,3.80
2010.09.10 14:15:20.258,1.53915,1.5393,3.40,2.40
2010.09.10 14:15:20.611,1.53915,1.5393,5.20,1.00
2010.09.10 14:15:20.814,1.53915,1.53935,6.40,3.20
2010.09.10 14:15:21.166,1.53915,1.53935,8.00,3.20
2010.09.10 14:15:21.382,1.53915,1.53935,7.20,3.20
2010.09.10 14:15:21.586,1.53915,1.53935,7.40,3.40
2010.09.10 14:15:22.122,1.53915,1.53935,7.20,2.60
2010.09.10 14:15:22.472,1.53915,1.53935,6.80,2.80
2010.09.10 14:15:22.828,1.53915,1.53935,6.80,3.80
2010.09.10 14:15:23.348,1.53915,1.53935,6.90,3.70
2010.09.10 14:15:24.038,1.53915,1.5393,4.80,2.00
2010.09.10 14:15:24.723,1.5391,1.53925,6.00,1.70
2010.09.10 14:15:25.051,1.53905,1.53925,14.00,2.40
2010.09.10 14:15:25.732,1.53905,1.5392,5.60,1.60
2010.09.10 14:15:26.080,1.53905,1.5392,2.40,1.60
2010.09.10 14:15:27.498,1.53905,1.53915,1.00,1.00
2010.09.10 14:15:27.711,1.539,1.53915,4.40,1.00
2010.09.10 14:15:27.920,1.539,1.53915,2.40,1.10
2010.09.10 14:15:28.595,1.53895,1.53915,6.00,2.10
2010.09.10 14:15:28.953,1.53895,1.53915,2.00,6.90
2010.09.10 14:15:29.585,1.53895,1.53915,2.80,6.50
2010.09.10 14:15:29.863,1.53895,1.53915,2.40,4.00
2010.09.10 14:15:30.125,1.53895,1.53915,2.40,6.40
2010.09.10 14:15:30.723,1.53895,1.53915,2.40,6.50
2010.09.10 14:15:31.013,1.53905,1.53915,3.80,1.00
2010.09.10 14:15:31.297,1.539,1.53915,3.60,1.00
2010.09.10 14:15:31.921,1.539,1.53915,4.40,1.00
2010.09.10 14:15:32.271,1.539,1.53915,4.40,3.20
2010.09.10 14:15:32.619,1.539,1.53915,3.60,1.00
2010.09.10 14:15:33.861,1.53895,1.53915,4.80,5.60
2010.09.10 14:15:36.323,1.539,1.53915,2.40,5.60
2010.09.10 14:15:36.483,1.539,1.53915,4.00,1.00
2010.09.10 14:15:37.110,1.539,1.53915,5.60,1.00
2010.09.10 14:15:37.784,1.539,1.5392,6.40,2.40
2010.09.10 14:15:38.710,1.539,1.5392,6.40,2.40
2010.09.10 14:15:40.151,1.539,1.5392,6.50,2.40
2010.09.10 14:15:40.732,1.539,1.5392,4.10,4.80
2010.09.10 14:15:40.801,1.539,1.53915,4.00,1.00
2010.09.10 14:15:41.374,1.539,1.53915,6.40,1.00
2010.09.10 14:15:41.974,1.539,1.5392,6.40,2.40
2010.09.10 14:15:44.133,1.539,1.5392,6.40,2.40
2010.09.10 14:15:44.260,1.539,1.5392,6.40,4.80
2010.09.10 14:15:44.785,1.539,1.5392,6.40,7.20
2010.09.10 14:15:45.486,1.539,1.5392,4.80,4.80
2010.09.10 14:15:46.527,1.539,1.5392,4.80,2.40
2010.09.10 14:15:48.270,1.539,1.5392,4.00,2.40
2010.09.10 14:15:48.633,1.539,1.5392,3.20,2.40
2010.09.10 14:15:49.118,1.53905,1.5392,2.60,2.40
2010.09.10 14:15:49.432,1.53905,1.5392,2.60,1.60
2010.09.10 14:15:50.201,1.53905,1.5392,9.80,1.00
2010.09.10 14:15:50.471,1.53905,1.5392,9.60,1.00
2010.09.10 14:15:51.064,1.5391,1.53925,1.20,3.00
2010.09.10 14:15:51.336,1.5391,1.53925,3.20,3.20
2010.09.10 14:15:52.007,1.5391,1.53925,1.60,1.00
2010.09.10 14:15:52.366,1.5391,1.5393,1.60,7.80
2010.09.10 14:15:52.715,1.5391,1.5393,1.60,10.20
2010.09.10 14:15:53.068,1.5391,1.53925,2.40,1.00
2010.09.10 14:15:53.421,1.53905,1.53925,7.20,8.40
2010.09.10 14:15:53.704,1.53905,1.53925,1.60,13.20
2010.09.10 14:15:53.982,1.53905,1.53925,1.60,13.30
2010.09.10 14:15:54.262,1.53905,1.53925,1.00,13.30
2010.09.10 14:15:54.542,1.53905,1.53925,2.40,13.30
2010.09.10 14:15:55.341,1.53905,1.53925,1.00,8.70
2010.09.10 14:15:55.649,1.53905,1.5392,1.00,1.00
2010.09.10 14:15:57.483,1.53905,1.5392,1.20,1.00
2010.09.10 14:15:58.797,1.53905,1.53925,1.20,11.20
2010.09.10 14:15:59.197,1.53905,1.53925,1.30,11.10
2010.09.10 14:15:59.592,1.53905,1.53925,1.40,10.80
2010.09.10 14:16:00.474,1.53905,1.53925,2.10,10.80
2010.09.10 14:16:00.821,1.5391,1.53925,1.20,9.40
2010.09.10 14:16:06.455,1.5391,1.53925,1.20,11.80
2010.09.10 14:16:07.089,1.53905,1.53925,3.60,10.20
2010.09.10 14:16:09.136,1.53905,1.53925,3.60,10.40
2010.09.10 14:16:09.512,1.53905,1.53925,2.80,10.40
2010.09.10 14:16:09.862,1.53905,1.5392,1.00,1.00
2010.09.10 14:16:10.996,1.53905,1.5392,1.00,1.60
2010.09.10 14:16:12.784,1.53905,1.5392,1.00,1.60
2010.09.10 14:16:13.084,1.53905,1.5392,1.20,1.00
2010.09.10 14:16:13.557,1.53905,1.53925,3.60,11.20
2010.09.10 14:16:13.873,1.53905,1.53925,2.00,13.60
2010.09.10 14:16:14.213,1.53905,1.53925,1.20,13.60
2010.09.10 14:16:14.851,1.5391,1.53925,1.00,13.20
2010.09.10 14:16:15.200,1.5391,1.53925,1.00,13.30
2010.09.10 14:16:16.372,1.5391,1.53925,1.00,13.50
2010.09.10 14:16:19.636,1.53905,1.5392,1.00,1.00
2010.09.10 14:16:19.989,1.53905,1.53915,1.00,1.00
2010.09.10 14:16:22.014,1.53905,1.5392,1.00,1.00
2010.09.10 14:16:23.540,1.53905,1.5392,1.60,1.60
2010.09.10 14:16:25.027,1.539,1.5392,6.80,1.60
2010.09.10 14:16:25.376,1.539,1.5392,8.40,1.00
2010.09.10 14:16:26.042,1.53905,1.53925,1.00,16.00
2010.09.10 14:16:30.023,1.53905,1.5392,1.00,1.00
2010.09.10 14:16:30.721,1.539,1.5391,7.30,1.00
2010.09.10 14:16:30.814,1.539,1.53915,7.30,3.90
2010.09.10 14:16:30.907,1.539,1.53905,4.00,1.00
2010.09.10 14:16:31.316,1.539,1.53905,1.00,1.00
2010.09.10 14:16:31.671,1.5389,1.53905,4.00,1.00
2010.09.10 14:16:32.016,1.5389,1.53905,3.20,1.00
2010.09.10 14:16:32.727,1.5389,1.53905,1.60,1.00
2010.09.10 14:16:35.236,1.5389,1.53905,3.20,1.00
2010.09.10 14:16:35.880,1.5389,1.5391,3.20,7.80
2010.09.10 14:16:36.118,1.5389,1.5391,3.20,8.20
2010.09.10 14:16:36.350,1.5389,1.5391,3.20,8.60
2010.09.10 14:16:36.588,1.5389,1.53905,1.60,1.00
2010.09.10 14:16:37.109,1.53885,1.53905,3.20,1.70
2010.09.10 14:16:37.382,1.53885,1.53905,4.00,1.60
2010.09.10 14:16:37.650,1.53885,1.53905,3.20,1.60
2010.09.10 14:16:38.283,1.53885,1.53905,4.00,1.70
2010.09.10 14:16:38.979,1.53885,1.53905,4.10,1.70
2010.09.10 14:16:39.612,1.5389,1.53905,2.40,1.70
2010.09.10 14:16:39.962,1.5389,1.53905,2.40,1.00
2010.09.10 14:16:40.922,1.5389,1.53905,4.80,1.00
2010.09.10 14:16:41.170,1.5389,1.5391,9.80,1.60
2010.09.10 14:16:41.418,1.5389,1.5391,4.10,1.60
2010.09.10 14:16:42.285,1.53895,1.5391,1.00,1.00
2010.09.10 14:16:43.385,1.53895,1.5391,1.00,3.80
2010.09.10 14:16:43.771,1.53895,1.5391,1.00,6.20
2010.09.10 14:16:43.974,1.5389,1.53905,1.00,7.80
2010.09.10 14:16:44.171,1.53885,1.53905,3.20,13.40
2010.09.10 14:16:44.837,1.53885,1.53905,3.20,8.60
2010.09.10 14:16:45.191,1.53885,1.53905,3.20,9.40
2010.09.10 14:16:45.408,1.53885,1.53905,3.20,9.60
2010.09.10 14:16:45.626,1.53885,1.53905,3.20,10.40
2010.09.10 14:16:46.278,1.53885,1.53905,1.60,15.20
2010.09.10 14:16:46.596,1.53885,1.53905,1.60,15.20
2010.09.10 14:16:47.380,1.53885,1.539,1.60,1.00
2010.09.10 14:16:47.690,1.5388,1.53895,1.60,1.00
2010.09.10 14:16:47.995,1.5388,1.53895,1.30,1.00
2010.09.10 14:16:48.634,1.5388,1.539,3.30,1.60
2010.09.10 14:16:48.985,1.53885,1.539,1.00,1.60
2010.09.10 14:16:49.875,1.53885,1.5389,1.00,1.00
2010.09.10 14:16:50.324,1.5388,1.5389,1.60,7.00
2010.09.10 14:16:50.534,1.53875,1.5389,1.00,1.00
2010.09.10 14:16:51.219,1.53875,1.5389,1.00,1.00
2010.09.10 14:16:51.693,1.5388,1.5389,1.00,1.00
2010.09.10 14:16:51.952,1.53875,1.53885,1.60,1.00
2010.09.10 14:16:52.219,1.53875,1.53885,1.70,1.00
2010.09.10 14:16:52.783,1.53875,1.53885,3.30,1.00
2010.09.10 14:16:53.110,1.53875,1.5389,1.00,1.40
2010.09.10 14:16:55.101,1.53875,1.5389,1.00,1.40
2010.09.10 14:16:55.930,1.53875,1.5389,2.50,1.40
2010.09.10 14:16:56.184,1.53875,1.5389,2.40,1.40
2010.09.10 14:16:56.433,1.53875,1.5389,1.00,1.40
2010.09.10 14:17:00.823,1.53875,1.5389,2.40,1.40
2010.09.10 14:17:01.171,1.53875,1.5389,4.00,1.40
2010.09.10 14:17:02.580,1.53875,1.5389,2.40,1.40
2010.09.10 14:17:02.834,1.53875,1.5389,4.00,1.40
2010.09.10 14:17:04.752,1.53875,1.5389,4.10,1.40
2010.09.10 14:17:07.014,1.53875,1.5389,4.20,1.40
2010.09.10 14:17:10.873,1.53875,1.53895,4.20,16.20
2010.09.10 14:17:11.053,1.53875,1.53895,8.00,9.40
2010.09.10 14:17:11.578,1.5388,1.53895,1.60,4.60
2010.09.10 14:17:13.871,1.5388,1.53895,1.60,4.30
2010.09.10 14:17:15.490,1.5388,1.53895,1.60,4.40
2010.09.10 14:17:17.724,1.5388,1.53895,1.60,4.30
2010.09.10 14:17:19.150,1.5388,1.53895,1.60,4.20
2010.09.10 14:17:19.293,1.5388,1.53895,6.20,1.00
2010.09.10 14:17:19.426,1.5388,1.53895,6.00,1.00
2010.09.10 14:17:20.103,1.53885,1.539,2.40,1.00
2010.09.10 14:17:20.454,1.5389,1.53905,1.60,10.90
2010.09.10 14:17:20.719,1.5389,1.53905,1.60,11.00
2010.09.10 14:17:21.111,1.5389,1.53905,1.60,13.40
2010.09.10 14:17:21.381,1.5389,1.53905,1.60,7.00
2010.09.10 14:17:21.647,1.5389,1.53905,1.60,14.20
2010.09.10 14:17:23.261,1.5389,1.53905,1.60,11.00
2010.09.10 14:17:24.207,1.5389,1.53905,1.60,13.40
2010.09.10 14:17:24.569,1.5389,1.53905,1.60,14.20
2010.09.10 14:17:24.770,1.5389,1.53905,1.60,7.00
2010.09.10 14:17:28.492,1.5389,1.53905,1.60,7.30
2010.09.10 14:17:28.702,1.53885,1.539,2.60,1.00
2010.09.10 14:17:29.954,1.53885,1.539,2.50,1.00
2010.09.10 14:17:30.087,1.53885,1.539,2.40,1.00
2010.09.10 14:17:30.436,1.53885,1.539,2.60,1.00
2010.09.10 14:17:30.786,1.53885,1.53895,2.60,1.00
2010.09.10 14:17:31.643,1.53885,1.53895,2.40,1.00
2010.09.10 14:17:31.816,1.53885,1.53895,3.20,1.00
2010.09.10 14:17:32.846,1.53885,1.53895,3.20,1.00
2010.09.10 14:17:33.982,1.53885,1.539,3.20,1.00
2010.09.10 14:17:35.245,1.53885,1.53895,3.20,1.00
2010.09.10 14:17:35.414,1.53885,1.53895,2.40,1.00
2010.09.10 14:17:36.260,1.53885,1.53895,2.40,1.00
2010.09.10 14:17:36.529,1.53885,1.53895,2.40,1.60
2010.09.10 14:17:36.804,1.5388,1.53895,3.20,1.60
2010.09.10 14:17:37.365,1.5388,1.53895,3.20,1.60
2010.09.10 14:17:37.685,1.5388,1.53895,3.20,1.60
2010.09.10 14:17:38.005,1.5388,1.53895,3.30,1.30
2010.09.10 14:17:38.331,1.53885,1.53895,1.00,1.00
2010.09.10 14:17:38.656,1.53885,1.53895,1.60,1.00
2010.09.10 14:17:39.625,1.53885,1.539,1.60,1.00
2010.09.10 14:17:40.442,1.53885,1.53895,1.60,1.00
2010.09.10 14:17:41.183,1.53885,1.53895,1.60,1.00
2010.09.10 14:17:41.335,1.53885,1.53895,1.00,1.00
2010.09.10 14:17:43.956,1.5388,1.53895,3.20,1.00
2010.09.10 14:17:44.059,1.5388,1.53895,3.20,1.30
2010.09.10 14:17:44.246,1.5388,1.53895,3.20,1.00
2010.09.10 14:17:44.668,1.5388,1.53895,3.20,1.10
2010.09.10 14:17:44.770,1.5388,1.53895,3.20,1.00
2010.09.10 14:17:48.662,1.5388,1.53895,3.20,1.00
2010.09.10 14:17:49.793,1.5388,1.53895,3.20,2.60
2010.09.10 14:17:49.853,1.5388,1.53895,3.20,2.50
2010.09.10 14:17:49.901,1.5388,1.53895,3.20,2.60
2010.09.10 14:17:51.802,1.5388,1.53895,3.20,2.00
2010.09.10 14:17:52.181,1.5388,1.53895,3.20,2.20
2010.09.10 14:17:52.313,1.5388,1.53895,3.20,2.40
2010.09.10 14:17:52.443,1.5388,1.53895,3.20,2.20
2010.09.10 14:17:53.051,1.53875,1.53885,2.00,1.00
2010.09.10 14:17:53.399,1.5387,1.53885,2.40,1.30
2010.09.10 14:17:54.897,1.5387,1.5389,4.80,1.60
2010.09.10 14:17:55.424,1.5387,1.5389,4.80,1.60
2010.09.10 14:17:56.067,1.53875,1.5389,1.60,1.00
2010.09.10 14:17:56.358,1.53875,1.5389,4.00,1.00
2010.09.10 14:17:56.558,1.53875,1.5389,6.40,1.00
2010.09.10 14:17:56.954,1.53875,1.5389,8.00,1.00
2010.09.10 14:17:57.646,1.53875,1.53885,1.00,1.00
2010.09.10 14:17:57.809,1.53875,1.53885,3.20,1.00
2010.09.10 14:17:58.299,1.53875,1.5389,6.40,1.00
2010.09.10 14:17:58.772,1.53875,1.5389,8.00,1.00
2010.09.10 14:17:59.066,1.5388,1.5389,1.00,1.00
2010.09.10 14:17:59.364,1.5388,1.5389,1.00,1.00
2010.09.10 14:18:00.201,1.5388,1.5389,1.00,1.00
2010.09.10 14:18:02.856,1.53875,1.5389,8.00,1.00
2010.09.10 14:18:03.140,1.53875,1.5389,3.20,1.00
2010.09.10 14:18:03.547,1.5388,1.5389,1.60,1.00
2010.09.10 14:18:04.803,1.5388,1.5389,1.70,1.00
2010.09.10 14:18:05.149,1.5388,1.5389,1.60,1.00
2010.09.10 14:18:05.393,1.5388,1.5389,4.00,1.00
2010.09.10 14:18:05.634,1.5388,1.5389,4.90,1.00
2010.09.10 14:18:06.160,1.5388,1.5389,10.00,1.00
2010.09.10 14:18:06.433,1.53885,1.539,1.00,1.00
2010.09.10 14:18:06.698,1.53885,1.539,1.00,1.00
2010.09.10 14:18:07.544,1.53885,1.539,1.00,1.00
2010.09.10 14:18:07.836,1.5389,1.539,1.00,1.00
2010.09.10 14:18:08.416,1.5389,1.539,1.00,1.00
2010.09.10 14:18:09.303,1.5389,1.53905,1.00,4.80
2010.09.10 14:18:09.427,1.5389,1.53905,1.60,2.40
2010.09.10 14:18:09.546,1.53885,1.539,4.80,1.00
2010.09.10 14:18:09.666,1.53885,1.539,5.60,1.00
2010.09.10 14:18:09.786,1.53885,1.539,4.80,1.00
2010.09.10 14:18:10.193,1.53885,1.539,3.40,1.00
2010.09.10 14:18:10.320,1.53885,1.539,2.40,1.00
2010.09.10 14:18:12.219,1.53885,1.539,2.50,1.00
2010.09.10 14:18:13.534,1.53885,1.539,2.40,1.00
2010.09.10 14:18:14.117,1.5389,1.53905,4.00,2.40
2010.09.10 14:18:14.408,1.5389,1.53905,1.60,1.00
2010.09.10 14:18:14.811,1.5389,1.53905,3.20,1.00
2010.09.10 14:18:14.982,1.5389,1.53905,9.20,1.00
2010.09.10 14:18:15.467,1.53895,1.5391,1.60,1.60
2010.09.10 14:18:15.785,1.53895,1.5391,2.40,1.60
2010.09.10 14:18:16.867,1.53895,1.53905,2.40,1.00
2010.09.10 14:18:17.131,1.53895,1.53905,1.60,1.00
2010.09.10 14:18:17.381,1.5389,1.53905,3.20,1.00
2010.09.10 14:18:17.908,1.5389,1.53905,3.30,1.00
2010.09.10 14:18:18.939,1.5389,1.53905,7.40,1.00
2010.09.10 14:18:19.088,1.53895,1.5391,1.00,9.40
2010.09.10 14:18:19.449,1.53895,1.5391,1.00,8.80
2010.09.10 14:18:19.602,1.53895,1.5391,1.00,3.20
2010.09.10 14:18:19.758,1.53895,1.5391,1.60,1.00
2010.09.10 14:18:20.563,1.53895,1.5391,3.20,1.00
2010.09.10 14:18:21.651,1.53895,1.5391,3.30,1.00
2010.09.10 14:18:21.982,1.53895,1.5391,3.20,1.00
2010.09.10 14:18:22.302,1.53895,1.5391,4.80,1.00
2010.09.10 14:18:23.643,1.539,1.5391,1.00,1.00
2010.09.10 14:18:25.423,1.539,1.53905,1.00,1.00
2010.09.10 14:18:25.965,1.53895,1.5391,3.20,1.00
2010.09.10 14:18:26.112,1.53895,1.5391,2.40,1.00
2010.09.10 14:18:29.461,1.53895,1.5391,2.50,1.00
2010.09.10 14:18:29.858,1.53895,1.5391,4.10,1.00
2010.09.10 14:18:30.165,1.539,1.53915,4.80,2.10
2010.09.10 14:18:30.794,1.53905,1.53915,1.00,2.10
2010.09.10 14:18:31.091,1.53905,1.53915,2.60,2.10
2010.09.10 14:18:31.435,1.539,1.53915,7.20,2.10
2010.09.10 14:18:32.095,1.539,1.53915,6.50,2.10
2010.09.10 14:18:32.678,1.539,1.53915,6.50,2.30
2010.09.10 14:18:32.979,1.539,1.5391,4.80,1.00
2010.09.10 14:18:33.778,1.539,1.5391,4.90,1.00
2010.09.10 14:18:34.093,1.539,1.53915,4.90,2.40
2010.09.10 14:18:34.410,1.539,1.53915,2.50,2.40
2010.09.10 14:18:34.967,1.539,1.5391,1.70,1.00
2010.09.10 14:18:35.703,1.539,1.5391,1.60,1.00
2010.09.10 14:18:38.882,1.53895,1.5391,4.80,1.00
2010.09.10 14:18:40.725,1.53895,1.5391,4.90,1.00
2010.09.10 14:18:40.907,1.53895,1.5391,4.80,1.00
2010.09.10 14:18:41.751,1.53895,1.5391,4.90,1.00
2010.09.10 14:18:43.063,1.53895,1.5391,4.80,1.00
2010.09.10 14:18:44.590,1.53895,1.5391,4.90,1.00
2010.09.10 14:18:46.973,1.539,1.5391,1.00,1.00
2010.09.10 14:18:47.228,1.53895,1.5391,4.90,1.00
2010.09.10 14:18:47.476,1.53895,1.5391,4.80,1.00
2010.09.10 14:18:50.404,1.539,1.5391,1.60,1.00
2010.09.10 14:18:50.522,1.539,1.53915,5.60,4.10
2010.09.10 14:18:50.642,1.53905,1.53915,1.00,2.40
2010.09.10 14:18:51.038,1.53905,1.53915,3.60,2.40
2010.09.10 14:18:51.201,1.53905,1.5392,4.80,1.00
2010.09.10 14:18:53.156,1.5391,1.53925,1.60,1.60
2010.09.10 14:18:53.409,1.5391,1.53925,8.80,1.00
2010.09.10 14:18:53.660,1.5391,1.53925,12.00,1.00
2010.09.10 14:18:53.905,1.5391,1.5393,12.00,2.40
2010.09.10 14:18:55.109,1.5391,1.53925,10.40,1.00
2010.09.10 14:18:55.380,1.5391,1.53925,7.20,2.20
2010.09.10 14:18:55.466,1.5391,1.53925,2.40,2.20
2010.09.10 14:18:55.541,1.53905,1.53925,4.80,2.20
2010.09.10 14:18:55.622,1.53905,1.53925,4.80,3.00
2010.09.10 14:18:55.701,1.53905,1.53925,4.80,7.80
2010.09.10 14:18:55.783,1.53905,1.5392,4.80,1.00
2010.09.10 14:18:56.243,1.53905,1.5392,4.00,1.00
2010.09.10 14:18:58.734,1.53905,1.5392,4.00,1.00
2010.09.10 14:18:58.889,1.53905,1.5392,5.30,1.00
2010.09.10 14:18:59.015,1.53915,1.53925,2.40,2.40
2010.09.10 14:18:59.762,1.53915,1.5393,2.40,1.00
2010.09.10 14:19:00.793,1.53915,1.53935,4.80,5.10
2010.09.10 14:19:01.073,1.53915,1.53935,4.80,5.00
2010.09.10 14:19:01.344,1.53915,1.53935,4.90,5.00
2010.09.10 14:19:02.762,1.53915,1.53935,5.00,5.00
2010.09.10 14:19:03.971,1.53915,1.53935,4.90,5.00
2010.09.10 14:19:04.511,1.53915,1.53935,2.50,9.80
2010.09.10 14:19:05.645,1.53915,1.5393,2.50,1.00
2010.09.10 14:19:06.707,1.53915,1.53935,2.50,10.00
2010.09.10 14:19:07.064,1.53915,1.5393,6.40,1.00
2010.09.10 14:19:07.414,1.53915,1.53925,1.60,1.00
2010.09.10 14:19:08.074,1.5392,1.5393,1.00,1.60
2010.09.10 14:19:08.425,1.5392,1.53935,2.40,1.00
2010.09.10 14:19:10.163,1.5392,1.53935,2.40,1.00
2010.09.10 14:19:10.550,1.5392,1.53935,2.40,1.00
2010.09.10 14:19:11.121,1.5392,1.5393,1.00,1.00
2010.09.10 14:19:11.357,1.53915,1.5393,4.80,1.00
2010.09.10 14:19:11.734,1.5392,1.5393,1.00,1.00
2010.09.10 14:19:11.974,1.53915,1.53925,3.20,1.00
2010.09.10 14:19:12.323,1.53915,1.53925,1.60,1.00
2010.09.10 14:19:12.707,1.53915,1.53925,1.60,1.70
2010.09.10 14:19:13.061,1.5391,1.53925,1.60,1.90
2010.09.10 14:19:13.413,1.5391,1.53925,1.60,1.80
2010.09.10 14:19:14.072,1.53905,1.5392,4.80,1.00
2010.09.10 14:19:14.375,1.539,1.5391,4.00,1.00
2010.09.10 14:19:14.670,1.539,1.5391,1.60,1.00
2010.09.10 14:19:15.023,1.539,1.5391,3.20,1.00
2010.09.10 14:19:15.331,1.539,1.5391,4.00,1.00
2010.09.10 14:19:15.680,1.539,1.53915,4.00,1.20
2010.09.10 14:19:16.035,1.53905,1.53915,1.60,1.00
2010.09.10 14:19:16.394,1.53905,1.5392,1.60,1.60
2010.09.10 14:19:16.706,1.53905,1.5392,2.40,1.60
2010.09.10 14:19:17.664,1.53905,1.5392,4.00,1.60
2010.09.10 14:19:17.936,1.53905,1.53915,4.00,1.00
2010.09.10 14:19:18.204,1.53905,1.53915,4.10,1.00
2010.09.10 14:19:19.350,1.53905,1.53915,4.10,1.00
2010.09.10 14:19:21.187,1.53905,1.53915,3.20,1.00
2010.09.10 14:19:21.534,1.53905,1.53915,1.60,1.00
2010.09.10 14:19:22.393,1.53905,1.53915,1.60,1.00
2010.09.10 14:19:23.132,1.53905,1.5392,3.20,2.40
2010.09.10 14:19:23.314,1.53905,1.5392,3.20,1.00
2010.09.10 14:19:23.801,1.53905,1.5392,4.00,1.00
2010.09.10 14:19:23.982,1.53905,1.5392,4.80,1.00
2010.09.10 14:19:24.326,1.53905,1.5392,4.90,1.00
2010.09.10 14:19:24.766,1.53905,1.5392,3.20,1.00
2010.09.10 14:19:25.122,1.53905,1.5392,4.00,1.00
2010.09.10 14:19:26.003,1.53905,1.5392,4.10,1.00
2010.09.10 14:19:31.515,1.53905,1.5392,4.00,1.00
2010.09.10 14:19:32.965,1.53905,1.53915,4.80,1.00
2010.09.10 14:19:33.165,1.53905,1.53915,4.00,1.00
2010.09.10 14:19:33.896,1.53905,1.5392,4.00,1.60
2010.09.10 14:19:34.246,1.53905,1.5392,4.80,1.00
2010.09.10 14:19:34.902,1.53905,1.5392,5.60,1.00
2010.09.10 14:19:35.234,1.53905,1.5392,3.20,1.00
2010.09.10 14:19:35.556,1.53905,1.5392,1.60,1.00
2010.09.10 14:19:35.817,1.53905,1.5392,3.20,1.00
2010.09.10 14:19:50.356,1.53905,1.53925,4.00,5.30
2010.09.10 14:19:50.494,1.53905,1.53925,4.00,3.70
2010.09.10 14:19:50.653,1.53905,1.53925,4.00,3.60
2010.09.10 14:19:54.870,1.53905,1.53925,4.00,3.40
2010.09.10 14:19:55.532,1.53905,1.53925,4.00,3.20
2010.09.10 14:19:56.652,1.53905,1.53925,6.40,3.20
2010.09.10 14:19:56.837,1.53905,1.53925,16.40,3.20
2010.09.10 14:19:57.015,1.53905,1.53925,16.50,3.20
2010.09.10 14:19:57.135,1.53905,1.53925,16.50,3.40
2010.09.10 14:19:57.255,1.5391,1.53925,1.60,3.40
2010.09.10 14:19:59.334,1.53905,1.53925,10.40,3.40
2010.09.10 14:19:59.781,1.53905,1.53925,8.00,3.40
2010.09.10 14:20:00.005,1.53905,1.53915,4.00,1.00
2010.09.10 14:20:00.218,1.53905,1.53915,8.40,1.00
2010.09.10 14:20:00.561,1.53905,1.5392,4.00,1.00
2010.09.10 14:20:01.229,1.53905,1.5392,3.20,2.40
2010.09.10 14:20:02.046,1.53905,1.5392,3.20,7.80
2010.09.10 14:20:02.686,1.539,1.5392,2.40,16.20
2010.09.10 14:20:02.990,1.539,1.53915,2.40,1.00
2010.09.10 14:20:09.100,1.539,1.53915,2.80,1.00
2010.09.10 14:20:09.400,1.539,1.5392,2.80,16.20
2010.09.10 14:20:09.601,1.539,1.5392,3.20,16.20
2010.09.10 14:20:10.464,1.539,1.5392,3.60,16.20
2010.09.10 14:20:10.594,1.539,1.5392,3.20,16.20
2010.09.10 14:20:10.721,1.539,1.5392,2.80,16.20
2010.09.10 14:20:11.397,1.539,1.5392,2.80,15.80
2010.09.10 14:20:11.751,1.539,1.53915,2.80,1.00
2010.09.10 14:20:12.589,1.539,1.5392,5.20,2.40
2010.09.10 14:20:13.095,1.539,1.5392,6.00,2.40
2010.09.10 14:20:13.841,1.539,1.5392,5.70,2.40
2010.09.10 14:20:14.966,1.539,1.5392,5.30,2.40
2010.09.10 14:20:15.308,1.539,1.5392,6.10,1.60
2010.09.10 14:20:16.493,1.539,1.5392,6.00,1.60
2010.09.10 14:20:17.498,1.539,1.5391,1.20,1.40
2010.09.10 14:20:17.770,1.5389,1.53905,4.80,1.00
2010.09.10 14:20:18.324,1.5389,1.53905,2.40,1.00
2010.09.10 14:20:18.669,1.5389,1.53905,1.00,1.80
2010.09.10 14:20:19.022,1.53885,1.53905,5.70,4.20
2010.09.10 14:20:19.650,1.53885,1.53905,4.90,4.20
2010.09.10 14:20:19.953,1.5389,1.53905,2.40,1.00
2010.09.10 14:20:20.248,1.5389,1.53905,3.20,1.00
2010.09.10 14:20:21.156,1.5389,1.53905,4.80,1.00
2010.09.10 14:20:21.462,1.5389,1.5391,4.80,8.60
2010.09.10 14:20:21.943,1.5389,1.5391,4.80,11.00
2010.09.10 14:20:22.489,1.5389,1.5391,4.80,10.60
2010.09.10 14:20:22.704,1.53895,1.5391,1.60,4.60
2010.09.10 14:20:22.899,1.53895,1.5391,1.60,6.40
2010.09.10 14:20:23.250,1.53895,1.5391,1.60,1.60
2010.09.10 14:20:24.035,1.53895,1.5391,1.60,7.00
2010.09.10 14:20:24.222,1.53895,1.5391,1.60,10.20
2010.09.10 14:20:25.430,1.53895,1.53905,1.60,1.00
2010.09.10 14:20:25.708,1.5389,1.53905,3.20,1.60
2010.09.10 14:20:25.975,1.5389,1.53905,3.20,1.70
2010.09.10 14:20:26.583,1.5389,1.53905,3.20,1.80
2010.09.10 14:20:26.888,1.5389,1.53905,1.60,1.80
2010.09.10 14:20:27.484,1.5389,1.53905,1.60,1.60
2010.09.10 14:20:27.665,1.5389,1.53905,3.20,1.00
2010.09.10 14:20:27.844,1.5389,1.53905,1.60,1.00
2010.09.10 14:20:28.368,1.5389,1.53905,3.20,1.00
2010.09.10 14:20:30.080,1.53895,1.53905,1.60,1.00
2010.09.10 14:20:30.295,1.5389,1.53905,3.20,1.00
2010.09.10 14:20:30.812,1.53895,1.5391,2.40,8.80
2010.09.10 14:20:31.085,1.53895,1.5391,4.90,1.00
2010.09.10 14:20:31.683,1.53895,1.53915,8.20,1.60
2010.09.10 14:20:31.969,1.539,1.5391,1.60,1.40
2010.09.10 14:20:32.673,1.53895,1.5391,9.00,8.00
2010.09.10 14:20:33.025,1.539,1.53915,3.20,1.00
2010.09.10 14:20:33.381,1.539,1.5392,4.80,2.40
2010.09.10 14:20:34.484,1.539,1.5392,4.80,2.80
2010.09.10 14:20:34.734,1.539,1.5392,4.80,3.20
2010.09.10 14:20:35.344,1.539,1.5392,4.80,2.80
2010.09.10 14:20:35.662,1.539,1.5392,3.20,3.20
2010.09.10 14:20:35.975,1.539,1.5392,4.80,3.20
2010.09.10 14:20:36.613,1.539,1.5392,5.20,2.80
2010.09.10 14:20:36.869,1.53905,1.5392,1.60,2.40
2010.09.10 14:20:37.109,1.53905,1.5392,3.20,1.00
2010.09.10 14:20:37.380,1.5391,1.5392,4.80,1.00
2010.09.10 14:20:38.929,1.53905,1.5392,4.80,1.00
2010.09.10 14:20:39.280,1.53905,1.5392,3.30,1.00
2010.09.10 14:20:40.285,1.5391,1.53925,1.60,4.80
2010.09.10 14:20:40.533,1.53915,1.53925,1.00,1.60
2010.09.10 14:20:41.092,1.53915,1.53925,1.00,1.00
2010.09.10 14:20:41.335,1.53915,1.5393,8.80,1.00
2010.09.10 14:20:41.693,1.53915,1.5393,14.40,1.00
2010.09.10 14:20:42.322,1.5392,1.5393,1.00,1.00
2010.09.10 14:20:43.405,1.5392,1.5393,2.40,1.00
2010.09.10 14:20:43.764,1.5392,1.53935,1.60,6.50
2010.09.10 14:20:44.107,1.5392,1.53935,1.00,6.50
2010.09.10 14:20:44.731,1.5392,1.53935,1.60,6.50
2010.09.10 14:20:45.045,1.53915,1.53935,4.80,7.60
2010.09.10 14:20:45.349,1.53915,1.53935,4.80,7.90
2010.09.10 14:20:45.725,1.53915,1.5393,4.80,1.00
2010.09.10 14:20:48.562,1.53915,1.53935,6.40,7.60
2010.09.10 14:20:48.914,1.5392,1.53935,1.00,6.50
2010.09.10 14:20:49.263,1.5392,1.53935,1.60,6.50
2010.09.10 14:20:49.468,1.5392,1.53935,3.20,6.50
2010.09.10 14:20:50.296,1.5392,1.53935,4.00,5.70
2010.09.10 14:20:50.536,1.5392,1.53935,4.00,1.00
2010.09.10 14:20:51.163,1.5392,1.53935,2.40,3.40
2010.09.10 14:20:51.410,1.5392,1.53935,1.60,6.50
2010.09.10 14:20:51.739,1.5392,1.53935,1.60,6.70
2010.09.10 14:20:52.407,1.5392,1.5393,1.60,1.00
2010.09.10 14:20:53.921,1.5392,1.5393,1.00,1.00
2010.09.10 14:20:54.220,1.53915,1.5393,4.80,1.00
2010.09.10 14:20:55.344,1.53915,1.5393,4.00,1.00
2010.09.10 14:20:55.485,1.53915,1.53925,2.40,1.00
2010.09.10 14:20:55.839,1.53915,1.53925,4.00,1.00
2010.09.10 14:20:56.184,1.53915,1.53925,4.00,1.00
2010.09.10 14:20:56.655,1.53915,1.5393,4.00,1.00
2010.09.10 14:21:01.754,1.53915,1.53925,4.00,1.00
2010.09.10 14:21:01.924,1.53915,1.53925,4.00,1.00
2010.09.10 14:21:02.096,1.53915,1.53925,2.40,1.00
2010.09.10 14:21:02.951,1.53905,1.5392,6.40,1.00
2010.09.10 14:21:04.369,1.5391,1.53925,2.00,1.00
2010.09.10 14:21:04.654,1.5391,1.53925,2.80,1.00
2010.09.10 14:21:05.841,1.5391,1.5393,7.60,9.60
2010.09.10 14:21:06.046,1.5391,1.5393,10.80,2.80
2010.09.10 14:21:06.587,1.53915,1.5393,1.60,2.00
2010.09.10 14:21:06.802,1.53915,1.5393,1.60,4.00
2010.09.10 14:21:07.149,1.53915,1.5393,1.60,1.60
2010.09.10 14:21:07.504,1.53915,1.5393,6.40,1.60
2010.09.10 14:21:07.852,1.53915,1.5393,7.20,1.60
2010.09.10 14:21:08.107,1.53915,1.5393,2.40,1.60
2010.09.10 14:21:08.625,1.53915,1.5393,2.40,4.00
2010.09.10 14:21:08.884,1.53915,1.5393,1.60,6.40
2010.09.10 14:21:10.925,1.53915,1.5393,1.60,4.00
2010.09.10 14:21:11.089,1.53915,1.5393,1.60,1.60
2010.09.10 14:21:13.145,1.53925,1.53935,2.40,1.60
2010.09.10 14:21:13.355,1.53925,1.5394,5.60,9.60
2010.09.10 14:21:13.618,1.53925,1.53945,8.00,3.00
2010.09.10 14:21:13.878,1.5393,1.53945,2.40,1.70
2010.09.10 14:21:14.203,1.5393,1.53945,4.00,1.70
2010.09.10 14:21:14.464,1.5393,1.5395,6.80,9.90
2010.09.10 14:21:14.667,1.5393,1.5395,4.40,10.60
2010.09.10 14:21:14.871,1.5393,1.53945,3.20,1.00
2010.09.10 14:21:15.082,1.5393,1.5395,2.40,14.60
2010.09.10 14:21:15.835,1.5393,1.5395,2.40,15.40
2010.09.10 14:21:16.056,1.5393,1.53945,2.40,1.00
2010.09.10 14:21:16.274,1.5393,1.53945,3.60,1.00
2010.09.10 14:21:16.704,1.5393,1.53945,5.20,1.00
2010.09.10 14:21:16.913,1.5393,1.53945,4.80,1.00
2010.09.10 14:21:17.407,1.5393,1.53945,4.00,3.20
2010.09.10 14:21:17.623,1.5393,1.53945,4.80,4.80
2010.09.10 14:21:17.837,1.5393,1.53945,3.20,4.80
2010.09.10 14:21:18.047,1.5393,1.53945,2.40,5.70
2010.09.10 14:21:19.454,1.5393,1.53945,1.60,6.70
2010.09.10 14:21:19.733,1.5393,1.53945,1.60,6.80
2010.09.10 14:21:20.091,1.5393,1.53945,1.60,6.80
2010.09.10 14:21:20.836,1.5393,1.53945,1.60,7.60
2010.09.10 14:21:21.434,1.5393,1.53945,1.60,7.60
2010.09.10 14:21:22.078,1.53925,1.5394,1.00,1.00
2010.09.10 14:21:22.273,1.5392,1.5394,8.40,1.60
2010.09.10 14:21:22.467,1.5392,1.5394,8.80,1.60
2010.09.10 14:21:23.352,1.5392,1.5394,8.40,1.00
2010.09.10 14:21:23.698,1.5392,1.5394,9.20,1.00
2010.09.10 14:21:24.773,1.5392,1.5394,8.80,3.20
2010.09.10 14:21:25.015,1.5392,1.5394,7.60,1.00
2010.09.10 14:21:25.266,1.5392,1.5394,5.20,1.00
2010.09.10 14:21:25.515,1.5392,1.5394,7.60,1.00
2010.09.10 14:21:27.629,1.5392,1.5394,8.40,1.00
2010.09.10 14:21:28.852,1.5392,1.5394,8.00,1.00
2010.09.10 14:21:29.139,1.5392,1.5394,7.60,1.00
2010.09.10 14:21:30.533,1.5392,1.5394,5.60,1.60
2010.09.10 14:21:30.789,1.5392,1.5394,3.60,3.00
2010.09.10 14:21:31.039,1.53925,1.5394,1.00,1.60
2010.09.10 14:21:31.229,1.53925,1.53935,1.00,1.60
2010.09.10 14:21:31.953,1.53915,1.53935,16.80,1.00
2010.09.10 14:21:32.138,1.53915,1.53935,19.20,1.00
2010.09.10 14:21:32.816,1.5392,1.53935,1.60,1.00
2010.09.10 14:21:33.173,1.53915,1.53935,8.00,1.70
2010.09.10 14:21:33.510,1.53915,1.53935,5.60,1.70
2010.09.10 14:21:34.166,1.53915,1.53935,5.60,4.00
2010.09.10 14:21:34.453,1.5392,1.53935,1.60,1.00
2010.09.10 14:21:37.282,1.5392,1.53935,1.60,1.00
2010.09.10 14:21:37.454,1.5392,1.53935,1.60,1.00
2010.09.10 14:21:41.306,1.5392,1.5394,3.60,3.80
2010.09.10 14:21:41.629,1.5392,1.5394,3.60,3.20
2010.09.10 14:21:42.539,1.5392,1.5394,3.60,2.40
2010.09.10 14:21:44.734,1.5392,1.5394,4.00,2.40
2010.09.10 14:21:44.892,1.5392,1.5394,4.00,3.00
2010.09.10 14:21:45.273,1.5392,1.5394,3.20,5.40
2010.09.10 14:21:45.442,1.5392,1.53935,1.60,1.00
2010.09.10 14:21:45.612,1.5392,1.5394,2.40,4.80
2010.09.10 14:21:46.058,1.5392,1.5394,2.40,5.40
2010.09.10 14:21:46.415,1.5392,1.53935,2.40,1.00
2010.09.10 14:21:47.342,1.5392,1.53935,1.60,1.00
2010.09.10 14:21:47.892,1.5392,1.5393,1.60,1.00
2010.09.10 14:21:48.177,1.53915,1.53925,4.00,1.00
2010.09.10 14:21:48.736,1.53915,1.53925,1.60,1.00
2010.09.10 14:21:49.040,1.53915,1.53925,1.60,1.40
2010.09.10 14:21:50.291,1.53915,1.53925,1.60,1.00
2010.09.10 14:21:50.593,1.5392,1.53925,3.20,1.00
2010.09.10 14:21:51.217,1.53925,1.53935,2.40,3.50
2010.09.10 14:21:51.604,1.5393,1.53935,1.60,2.20
2010.09.10 14:21:51.885,1.5392,1.53935,4.00,1.00
2010.09.10 14:21:52.325,1.5392,1.53935,2.40,1.00
2010.09.10 14:21:52.665,1.53925,1.53935,1.60,4.80
2010.09.10 14:21:52.998,1.53925,1.53935,1.60,2.40
2010.09.10 14:21:53.552,1.53925,1.53935,1.60,4.80
2010.09.10 14:21:53.900,1.5392,1.53935,1.60,9.60
2010.09.10 14:21:54.246,1.5392,1.53935,1.60,9.60
2010.09.10 14:21:55.731,1.5392,1.53935,1.60,10.30
2010.09.10 14:21:55.803,1.5392,1.53935,1.60,10.80
2010.09.10 14:21:55.947,1.53915,1.53935,2.40,12.40
2010.09.10 14:21:56.021,1.53915,1.53935,2.40,12.70
2010.09.10 14:21:56.371,1.53915,1.5393,2.40,1.00
2010.09.10 14:21:56.442,1.53915,1.5393,1.00,1.00
2010.09.10 14:21:56.858,1.5391,1.5393,6.80,1.60
2010.09.10 14:21:58.175,1.5391,1.5393,7.20,1.60
2010.09.10 14:21:59.336,1.5391,1.5393,8.00,1.60
2010.09.10 14:21:59.771,1.5392,1.5393,1.60,1.00
2010.09.10 14:22:02.734,1.5392,1.53925,1.60,1.00
2010.09.10 14:22:04.313,1.5392,1.5393,1.60,5.60
2010.09.10 14:22:07.687,1.5392,1.5393,1.60,4.80
2010.09.10 14:22:08.182,1.5392,1.53935,1.60,9.70
2010.09.10 14:22:08.511,1.5392,1.53935,1.60,3.20
2010.09.10 14:22:08.841,1.5392,1.53935,1.60,10.40
2010.09.10 14:22:09.620,1.5392,1.5393,1.60,1.00
2010.09.10 14:22:10.854,1.5392,1.5393,1.60,1.20
2010.09.10 14:22:11.153,1.5392,1.5393,1.00,1.00
2010.09.10 14:22:14.085,1.5392,1.5393,1.00,5.60
2010.09.10 14:22:17.576,1.5392,1.5393,1.00,1.00
2010.09.10 14:22:19.268,1.5392,1.53935,1.60,8.60
2010.09.10 14:22:19.481,1.5393,1.5394,1.60,3.60
2010.09.10 14:22:19.687,1.5393,1.53945,1.60,2.30
2010.09.10 14:22:20.535,1.5393,1.53945,1.60,7.10
2010.09.10 14:22:20.813,1.5393,1.5394,1.60,1.00
2010.09.10 14:22:21.076,1.5393,1.5394,1.60,1.40
2010.09.10 14:22:21.351,1.5393,1.53935,1.60,1.00
2010.09.10 14:22:21.907,1.53925,1.53935,1.60,1.00
2010.09.10 14:22:22.369,1.53925,1.53935,1.60,1.00
2010.09.10 14:22:22.605,1.53925,1.53935,1.60,1.00
2010.09.10 14:22:23.742,1.53925,1.53935,1.60,1.00
2010.09.10 14:22:24.090,1.53925,1.53935,1.60,2.60
2010.09.10 14:22:24.228,1.53925,1.53935,1.00,5.60
2010.09.10 14:22:24.359,1.5392,1.53935,1.60,10.40
2010.09.10 14:22:24.784,1.5392,1.5393,1.60,1.00
2010.09.10 14:22:32.505,1.5392,1.53935,1.60,8.50
2010.09.10 14:22:32.945,1.5392,1.53935,1.60,3.70
2010.09.10 14:22:33.244,1.5392,1.53935,1.60,1.00
2010.09.10 14:22:33.919,1.53925,1.53935,1.00,1.50
2010.09.10 14:22:34.179,1.5392,1.53935,1.60,1.50
2010.09.10 14:22:34.805,1.5392,1.53935,1.60,2.00
2010.09.10 14:22:35.163,1.53915,1.53925,1.00,1.00
2010.09.10 14:22:36.136,1.5391,1.53925,3.20,1.00
2010.09.10 14:22:37.075,1.5391,1.53925,3.20,1.00
2010.09.10 14:22:37.377,1.5391,1.53925,3.20,1.00
2010.09.10 14:22:38.965,1.5391,1.5393,3.20,1.60
2010.09.10 14:22:39.598,1.5391,1.5393,3.20,1.00
2010.09.10 14:22:39.819,1.5391,1.5393,4.80,1.60
2010.09.10 14:22:40.771,1.5391,1.5393,4.80,1.00
2010.09.10 14:22:41.120,1.5391,1.5393,4.80,1.60
2010.09.10 14:22:42.159,1.5391,1.5393,4.80,1.00
2010.09.10 14:22:42.509,1.5391,1.5393,4.80,1.60
2010.09.10 14:22:44.376,1.5391,1.53925,4.80,1.00
2010.09.10 14:22:44.788,1.5391,1.53925,4.80,1.00
2010.09.10 14:22:45.596,1.5391,1.53925,3.20,1.00
2010.09.10 14:22:46.405,1.5391,1.53925,3.20,1.00
2010.09.10 14:22:46.893,1.5391,1.53925,1.60,1.00
2010.09.10 14:22:47.492,1.5391,1.53925,1.60,1.10
2010.09.10 14:22:48.862,1.5391,1.53925,1.60,1.00
2010.09.10 14:22:52.192,1.5391,1.53925,1.60,1.20
2010.09.10 14:22:52.746,1.53905,1.5392,1.60,9.20
2010.09.10 14:22:52.851,1.539,1.5392,6.40,6.80
2010.09.10 14:22:53.460,1.53905,1.5392,1.00,4.40
2010.09.10 14:22:53.767,1.53905,1.5392,1.60,1.00
2010.09.10 14:22:58.604,1.53905,1.5392,1.00,1.00
2010.09.10 14:22:59.780,1.53905,1.5392,1.00,1.60
2010.09.10 14:23:01.626,1.53905,1.53915,1.00,1.00
2010.09.10 14:23:02.430,1.53905,1.5392,1.00,6.40
2010.09.10 14:23:05.703,1.53905,1.5392,1.00,8.80
2010.09.10 14:23:05.814,1.539,1.53915,3.20,4.80
2010.09.10 14:23:06.814,1.539,1.5392,7.60,6.40
2010.09.10 14:23:07.152,1.539,1.5392,7.20,6.40
2010.09.10 14:23:07.500,1.539,1.5392,8.80,6.40
2010.09.10 14:23:07.822,1.539,1.5392,8.00,6.40
2010.09.10 14:23:09.692,1.539,1.5392,6.40,6.40
2010.09.10 14:23:14.219,1.539,1.5392,8.00,6.40
2010.09.10 14:23:15.366,1.539,1.5392,8.80,6.40
2010.09.10 14:23:16.047,1.539,1.5392,9.20,6.40
2010.09.10 14:23:17.022,1.539,1.5392,9.20,4.00
2010.09.10 14:23:17.332,1.539,1.5392,9.20,1.60
2010.09.10 14:23:17.990,1.53905,1.5392,1.00,1.00
2010.09.10 14:23:19.633,1.53905,1.5392,1.00,3.20
2010.09.10 14:23:22.007,1.53905,1.5392,1.00,5.60
2010.09.10 14:23:22.244,1.53905,1.53925,2.40,9.80
2010.09.10 14:23:22.481,1.53905,1.53925,9.20,1.60
2010.09.10 14:23:22.717,1.53905,1.53925,10.80,1.60
2010.09.10 14:23:23.258,1.53905,1.53925,15.60,1.60
2010.09.10 14:23:23.560,1.53905,1.53925,18.00,1.60
2010.09.10 14:23:24.789,1.5391,1.53925,1.00,1.60
2010.09.10 14:23:26.502,1.5391,1.53925,1.00,1.70
2010.09.10 14:23:26.779,1.5391,1.53925,1.00,1.60
2010.09.10 14:23:27.355,1.5391,1.5392,1.00,1.00
2010.09.10 14:23:27.512,1.53905,1.5392,2.00,1.00
2010.09.10 14:23:28.211,1.53905,1.5392,1.60,3.20
2010.09.10 14:23:28.548,1.53905,1.5392,1.00,3.20
2010.09.10 14:23:28.901,1.53905,1.5392,2.40,1.00
2010.09.10 14:23:35.586,1.539,1.5392,9.60,1.60
2010.09.10 14:23:35.798,1.539,1.5392,4.80,1.60
2010.09.10 14:23:36.064,1.539,1.5392,4.80,4.00
2010.09.10 14:23:36.721,1.539,1.5392,4.80,6.40
2010.09.10 14:23:37.253,1.539,1.5392,8.80,6.40
2010.09.10 14:23:37.393,1.539,1.5392,13.60,4.00
2010.09.10 14:23:37.816,1.539,1.5392,16.00,1.60
2010.09.10 14:23:37.961,1.53905,1.5392,1.60,1.60
2010.09.10 14:23:41.157,1.53905,1.5392,5.60,1.00
2010.09.10 14:23:41.812,1.5391,1.53925,1.60,3.60
2010.09.10 14:23:42.274,1.5391,1.53925,1.60,3.20
2010.09.10 14:23:43.898,1.5391,1.5392,1.60,1.00
2010.09.10 14:23:44.110,1.53905,1.5392,5.60,1.00
2010.09.10 14:23:44.330,1.53905,1.5392,3.20,1.00
2010.09.10 14:23:44.901,1.53905,1.5392,7.60,1.00
2010.09.10 14:23:45.250,1.53905,1.5392,10.00,1.00
2010.09.10 14:23:45.596,1.5391,1.53925,1.60,2.80
2010.09.10 14:23:46.369,1.5391,1.5392,1.60,1.00
2010.09.10 14:23:47.263,1.53905,1.5392,3.20,1.00
2010.09.10 14:23:49.366,1.53905,1.53925,17.20,1.90
2010.09.10 14:23:49.642,1.5391,1.53925,1.60,1.60
2010.09.10 14:23:50.238,1.5391,1.5393,4.00,2.40
2010.09.10 14:23:53.762,1.5391,1.5393,3.60,2.60
2010.09.10 14:23:53.882,1.5391,1.53925,3.60,1.00
2010.09.10 14:23:54.270,1.5391,1.53925,2.40,3.30
2010.09.10 14:23:54.575,1.5391,1.5392,1.60,1.00
2010.09.10 14:23:54.872,1.5391,1.53925,3.60,1.80
2010.09.10 14:23:55.432,1.5391,1.53925,4.40,1.00
2010.09.10 14:23:56.710,1.5391,1.5393,4.80,4.80
2010.09.10 14:23:57.330,1.5391,1.5393,6.80,4.80
2010.09.10 14:24:04.003,1.5391,1.5393,7.20,4.80
2010.09.10 14:24:04.573,1.5391,1.5393,7.20,2.40
2010.09.10 14:24:05.844,1.5391,1.5393,6.80,2.40
2010.09.10 14:24:06.855,1.5391,1.5393,6.40,2.40
2010.09.10 14:24:07.396,1.5391,1.5393,6.70,2.40
2010.09.10 14:24:07.880,1.5391,1.5393,7.40,1.60
2010.09.10 14:24:08.025,1.5391,1.5393,8.20,1.60
2010.09.10 14:24:09.137,1.53915,1.5393,2.00,1.00
2010.09.10 14:24:09.932,1.53915,1.5393,3.60,1.00
2010.09.10 14:24:10.187,1.53915,1.5393,4.40,1.00
2010.09.10 14:24:11.543,1.53915,1.5393,4.40,1.00
2010.09.10 14:24:12.146,1.53915,1.53935,5.20,2.50
2010.09.10 14:24:12.726,1.53915,1.53935,5.20,2.50
2010.09.10 14:24:13.510,1.53915,1.53935,5.20,2.40
2010.09.10 14:24:13.787,1.53915,1.53935,5.20,2.40
2010.09.10 14:24:14.915,1.53915,1.53935,5.30,2.50
2010.09.10 14:24:15.432,1.53915,1.53935,5.30,2.40
2010.09.10 14:24:20.305,1.53915,1.53935,5.30,2.50
2010.09.10 14:24:20.407,1.53915,1.53935,4.90,2.50
2010.09.10 14:24:20.591,1.53915,1.53935,4.90,2.40
2010.09.10 14:24:24.075,1.53915,1.53935,4.90,2.50
2010.09.10 14:24:25.468,1.53915,1.53935,4.80,2.50
2010.09.10 14:24:25.667,1.5392,1.53935,6.00,1.00
2010.09.10 14:24:25.873,1.53925,1.5394,4.80,3.20
2010.09.10 14:24:26.400,1.53925,1.53945,8.00,2.10
2010.09.10 14:24:26.720,1.5393,1.53945,1.60,2.00
2010.09.10 14:24:27.044,1.5393,1.53945,1.60,2.60
2010.09.10 14:24:27.684,1.5393,1.53945,1.60,2.50
2010.09.10 14:24:28.005,1.5393,1.53945,1.60,2.00
2010.09.10 14:24:28.258,1.5393,1.53945,2.40,1.20
2010.09.10 14:24:28.768,1.5393,1.53945,3.20,1.20
2010.09.10 14:24:29.123,1.5393,1.5395,5.60,3.00
2010.09.10 14:24:29.804,1.5393,1.5395,5.60,2.20
2010.09.10 14:24:30.920,1.5393,1.5395,5.60,4.60
2010.09.10 14:24:31.007,1.5393,1.5395,5.60,4.90
2010.09.10 14:24:31.093,1.5393,1.53945,3.20,1.00
2010.09.10 14:24:31.190,1.5393,1.53945,1.60,1.00
2010.09.10 14:24:31.354,1.5393,1.53945,1.00,1.00
2010.09.10 14:24:32.727,1.53925,1.53945,6.80,1.60
2010.09.10 14:24:33.582,1.53925,1.53945,6.90,1.60
2010.09.10 14:24:33.763,1.53925,1.53945,6.80,1.60
2010.09.10 14:24:34.284,1.53925,1.53945,6.80,1.60
2010.09.10 14:24:36.633,1.53925,1.53945,6.80,1.60
2010.09.10 14:24:37.551,1.53925,1.53945,6.90,1.60
2010.09.10 14:24:37.935,1.53925,1.53945,6.80,1.60
2010.09.10 14:24:42.304,1.53925,1.53945,5.60,1.60
2010.09.10 14:24:42.677,1.53925,1.5394,5.60,1.00
2010.09.10 14:24:42.759,1.53925,1.53945,3.60,10.00
2010.09.10 14:24:42.883,1.53925,1.53945,3.60,11.00
2010.09.10 14:24:43.317,1.53925,1.5394,2.40,1.00
2010.09.10 14:24:43.673,1.53925,1.5394,2.40,1.00
2010.09.10 14:24:44.017,1.53925,1.53935,4.00,1.00
2010.09.10 14:24:44.353,1.53925,1.53945,4.00,1.60
2010.09.10 14:24:44.694,1.53925,1.53945,4.40,1.60
2010.09.10 14:24:45.354,1.53925,1.53945,4.40,1.80
2010.09.10 14:24:45.862,1.53925,1.53945,4.40,2.00
2010.09.10 14:24:46.801,1.53925,1.53945,4.40,1.70
2010.09.10 14:24:47.234,1.53925,1.53945,6.00,1.70
2010.09.10 14:24:47.378,1.53925,1.53945,6.40,1.70
2010.09.10 14:24:48.529,1.53925,1.53945,4.00,2.40
2010.09.10 14:24:49.750,1.53925,1.53945,4.00,2.30
2010.09.10 14:24:50.102,1.53925,1.5394,3.20,1.00
2010.09.10 14:24:50.450,1.53925,1.5394,1.60,1.00
2010.09.10 14:24:50.811,1.53925,1.5394,1.00,1.00
2010.09.10 14:24:55.913,1.53925,1.53945,1.00,12.90
2010.09.10 14:24:56.314,1.53925,1.53945,1.00,13.10
2010.09.10 14:24:57.100,1.53925,1.53945,1.00,13.00
2010.09.10 14:24:57.674,1.53925,1.53945,1.00,12.80
2010.09.10 14:24:57.864,1.53925,1.53945,1.00,12.80
2010.09.10 14:24:58.378,1.53925,1.53945,1.00,15.20
2010.09.10 14:24:58.658,1.53925,1.53945,1.00,14.90
2010.09.10 14:24:58.937,1.53925,1.53945,1.00,13.30
2010.09.10 14:24:59.234,1.53925,1.53945,1.00,13.50
2010.09.10 14:25:00.424,1.53925,1.5394,1.00,1.00
2010.09.10 14:25:06.894,1.53925,1.53935,1.00,1.00
2010.09.10 14:25:07.204,1.5392,1.53935,3.20,1.10
2010.09.10 14:25:07.391,1.5392,1.53935,4.00,1.00
2010.09.10 14:25:07.912,1.5392,1.53935,5.60,1.00
2010.09.10 14:25:08.105,1.5392,1.5394,5.60,1.60
2010.09.10 14:25:09.595,1.5392,1.5394,4.80,1.60
2010.09.10 14:25:09.902,1.53925,1.5394,1.00,1.60
2010.09.10 14:25:10.539,1.53925,1.53935,1.00,1.00
2010.09.10 14:25:10.801,1.5392,1.53935,3.20,1.00
2010.09.10 14:25:11.056,1.5392,1.53935,4.00,1.00
2010.09.10 14:25:12.156,1.5392,1.5394,3.20,2.20
2010.09.10 14:25:12.483,1.5392,1.5394,2.40,10.20
2010.09.10 14:25:13.413,1.5392,1.53935,2.40,4.80
2010.09.10 14:25:13.694,1.5392,1.53935,1.60,5.70
2010.09.10 14:25:14.291,1.5392,1.53935,1.60,4.20
2010.09.10 14:25:14.642,1.5392,1.53935,1.60,9.00
2010.09.10 14:25:14.989,1.5392,1.53935,1.60,6.60
2010.09.10 14:25:15.669,1.5392,1.53935,1.60,6.40
2010.09.10 14:25:16.028,1.5392,1.53935,1.60,4.00
2010.09.10 14:25:16.341,1.5392,1.53935,1.60,3.20
2010.09.10 14:25:16.681,1.5392,1.53935,1.60,5.60
2010.09.10 14:25:17.004,1.5392,1.53935,1.60,1.00
2010.09.10 14:25:19.391,1.5392,1.5394,2.40,5.40
2010.09.10 14:25:19.734,1.53915,1.53935,10.80,7.00
2010.09.10 14:25:20.065,1.53915,1.53935,5.60,11.80
2010.09.10 14:25:21.040,1.53915,1.53935,4.80,12.60
2010.09.10 14:25:21.866,1.53915,1.53935,3.20,12.60
2010.09.10 14:25:22.805,1.53915,1.5393,1.60,11.20
2010.09.10 14:25:22.909,1.53915,1.5393,4.00,6.40
2010.09.10 14:25:23.332,1.53915,1.5393,5.60,4.00
2010.09.10 14:25:23.429,1.53915,1.53935,5.60,11.80
2010.09.10 14:25:23.703,1.53915,1.53935,5.60,12.60
2010.09.10 14:25:24.053,1.53915,1.53935,5.60,12.80
2010.09.10 14:25:24.412,1.53915,1.53935,5.60,11.80
2010.09.10 14:25:24.767,1.53915,1.53935,5.60,8.80
2010.09.10 14:25:25.303,1.53915,1.53935,9.20,2.40
2010.09.10 14:25:25.551,1.5392,1.5394,1.60,10.20
2010.09.10 14:25:26.511,1.5392,1.53935,1.60,1.60
2010.09.10 14:25:28.081,1.5392,1.53935,1.60,2.50
2010.09.10 14:25:28.331,1.53915,1.5393,1.60,1.00
2010.09.10 14:25:28.456,1.53915,1.5393,1.00,1.00
2010.09.10 14:25:28.801,1.5391,1.53925,8.00,1.00
2010.09.10 14:25:28.936,1.5391,1.53925,3.20,1.40
2010.09.10 14:25:29.292,1.5391,1.53925,2.40,1.00
2010.09.10 14:25:29.637,1.5391,1.5393,4.80,7.20
2010.09.10 14:25:30.297,1.5391,1.53925,3.20,1.00
2010.09.10 14:25:30.621,1.5391,1.53925,3.20,1.10
2010.09.10 14:25:32.296,1.5391,1.53925,4.80,1.10
2010.09.10 14:25:32.650,1.5391,1.53925,3.20,1.20
2010.09.10 14:25:35.333,1.5391,1.5392,2.40,1.00
2010.09.10 14:25:35.500,1.5391,1.5392,1.00,1.00
2010.09.10 14:25:35.664,1.53905,1.5392,4.80,1.00
2010.09.10 14:25:36.156,1.53905,1.53925,6.40,1.00
2010.09.10 14:25:36.443,1.5391,1.53925,2.40,1.00
2010.09.10 14:25:37.628,1.5391,1.53925,2.40,1.00
2010.09.10 14:25:37.942,1.5391,1.53925,2.40,1.00
2010.09.10 14:25:38.116,1.5391,1.53925,2.40,1.20
2010.09.10 14:25:39.226,1.5391,1.53925,2.40,1.30
2010.09.10 14:25:39.525,1.5391,1.53915,1.00,1.00
2010.09.10 14:25:39.820,1.539,1.53915,5.60,1.00
2010.09.10 14:25:40.533,1.539,1.53915,1.00,1.00
2010.09.10 14:25:40.883,1.539,1.53915,1.00,8.30
2010.09.10 14:25:41.487,1.539,1.53915,1.00,5.90
2010.09.10 14:25:44.105,1.539,1.53915,1.00,6.00
2010.09.10 14:25:44.275,1.539,1.53915,1.00,3.60
2010.09.10 14:25:44.444,1.539,1.53915,1.00,1.20
2010.09.10 14:25:44.614,1.539,1.53915,1.00,1.40
2010.09.10 14:25:47.143,1.539,1.53915,1.00,1.00
2010.09.10 14:25:47.422,1.539,1.53915,1.00,1.60
2010.09.10 14:25:47.872,1.539,1.53915,1.60,9.20
2010.09.10 14:25:48.413,1.539,1.5391,1.60,1.00
2010.09.10 14:25:48.696,1.53895,1.5391,13.60,1.00
2010.09.10 14:25:48.984,1.53895,1.5391,16.00,1.00
2010.09.10 14:25:49.540,1.539,1.5391,1.60,1.00
2010.09.10 14:25:50.071,1.539,1.53915,1.60,2.40
2010.09.10 14:25:50.161,1.539,1.53915,2.40,1.60
2010.09.10 14:25:51.959,1.539,1.53915,2.40,1.90
2010.09.10 14:25:53.774,1.539,1.53915,2.40,1.60
2010.09.10 14:25:54.319,1.539,1.53915,4.00,1.60
2010.09.10 14:25:54.517,1.53905,1.53915,1.00,1.00
2010.09.10 14:25:54.718,1.53905,1.53925,6.50,10.00
2010.09.10 14:25:55.375,1.53905,1.53925,8.10,7.60
2010.09.10 14:25:55.719,1.53905,1.5392,4.80,1.00
2010.09.10 14:25:56.719,1.53905,1.5392,3.20,1.00
2010.09.10 14:25:57.010,1.53905,1.53915,3.20,1.00
2010.09.10 14:25:57.649,1.539,1.53915,3.20,1.40
2010.09.10 14:25:58.897,1.539,1.53915,3.20,1.00
2010.09.10 14:25:59.230,1.539,1.53915,4.80,1.00
2010.09.10 14:26:00.108,1.539,1.5392,4.80,1.00
2010.09.10 14:26:00.455,1.53905,1.53925,4.80,7.60
2010.09.10 14:26:00.800,1.53905,1.5392,7.20,1.00
2010.09.10 14:26:01.462,1.53905,1.5392,8.80,1.00
2010.09.10 14:26:02.127,1.53905,1.53925,8.80,4.80
2010.09.10 14:26:02.334,1.53905,1.53925,8.80,4.70
2010.09.10 14:26:03.555,1.53905,1.53925,8.80,4.80
2010.09.10 14:26:03.651,1.53905,1.53925,8.80,4.80
2010.09.10 14:26:04.888,1.53905,1.53925,9.00,4.80
2010.09.10 14:26:05.312,1.53905,1.53925,9.00,4.50
2010.09.10 14:26:05.392,1.53905,1.53925,13.80,4.40
2010.09.10 14:26:05.632,1.53905,1.53925,9.00,4.40
2010.09.10 14:26:06.142,1.53905,1.53925,10.50,4.10
2010.09.10 14:26:06.224,1.53905,1.53925,12.90,2.80
2010.09.10 14:26:06.568,1.5391,1.53925,1.20,2.00
2010.09.10 14:26:07.270,1.5391,1.53925,1.00,2.40
2010.09.10 14:26:07.626,1.5391,1.53925,1.00,2.60
2010.09.10 14:26:08.029,1.5391,1.53925,1.00,2.40
2010.09.10 14:26:08.596,1.5391,1.53925,1.00,2.50
2010.09.10 14:26:09.200,1.53905,1.53925,10.50,6.50
2010.09.10 14:26:09.493,1.53905,1.5392,3.20,1.00
2010.09.10 14:26:11.120,1.53905,1.53915,1.60,1.10
2010.09.10 14:26:12.534,1.53905,1.5392,7.20,1.00
2010.09.10 14:26:12.857,1.53905,1.53925,8.80,4.80
2010.09.10 14:26:13.275,1.53905,1.53925,13.60,4.70
2010.09.10 14:26:13.716,1.53905,1.53925,15.20,4.70
2010.09.10 14:26:14.048,1.53905,1.53925,10.40,4.60
2010.09.10 14:26:14.370,1.5391,1.53925,1.00,1.00
2010.09.10 14:26:14.686,1.53915,1.5393,2.40,1.60
2010.09.10 14:26:15.007,1.53915,1.53935,3.20,7.20
2010.09.10 14:26:15.560,1.53915,1.53935,7.20,3.20
2010.09.10 14:26:15.814,1.53915,1.5393,2.40,1.00
2010.09.10 14:26:16.142,1.53915,1.5393,1.60,1.00
2010.09.10 14:26:20.262,1.5391,1.5393,13.20,1.00
2010.09.10 14:26:21.917,1.5391,1.5393,13.20,1.00
2010.09.10 14:26:22.162,1.5391,1.5393,13.20,1.10
2010.09.10 14:26:22.548,1.5391,1.5393,14.40,1.10
2010.09.10 14:26:22.652,1.5391,1.5393,14.80,1.00
2010.09.10 14:26:23.489,1.5391,1.5393,15.20,1.00
2010.09.10 14:26:23.625,1.5391,1.5393,16.80,1.00
2010.09.10 14:26:24.799,1.53915,1.5393,1.60,1.00
2010.09.10 14:26:25.474,1.53915,1.5393,4.00,1.00
2010.09.10 14:26:25.687,1.5392,1.5394,4.00,2.40
2010.09.10 14:26:26.550,1.53925,1.5394,1.60,2.40
2010.09.10 14:26:26.821,1.53925,1.53945,8.00,1.70
2010.09.10 14:26:27.389,1.53925,1.53945,11.20,1.70
2010.09.10 14:26:27.744,1.5393,1.53945,1.00,1.70
2010.09.10 14:26:28.413,1.5393,1.53945,1.00,1.00
2010.09.10 14:26:28.749,1.53925,1.53945,10.90,1.00
2010.09.10 14:26:29.089,1.53925,1.53945,12.50,1.00
2010.09.10 14:26:29.471,1.5393,1.53945,1.00,1.00
2010.09.10 14:26:29.833,1.5393,1.53945,1.00,1.80
2010.09.10 14:26:30.177,1.5393,1.53945,1.00,2.90
2010.09.10 14:26:30.750,1.5393,1.53945,1.00,2.50
2010.09.10 14:26:31.017,1.5393,1.53945,1.00,1.70
2010.09.10 14:26:31.269,1.5393,1.53945,1.00,1.80
2010.09.10 14:26:31.966,1.53925,1.53935,8.40,1.00
2010.09.10 14:26:32.331,1.5392,1.53925,4.80,1.00
2010.09.10 14:26:32.894,1.53915,1.53925,4.80,1.00
2010.09.10 14:26:33.151,1.53915,1.5393,4.80,1.00
2010.09.10 14:26:33.735,1.53915,1.53935,8.00,5.20
2010.09.10 14:26:34.092,1.53915,1.53935,4.80,1.70
2010.09.10 14:26:34.443,1.53915,1.53935,4.80,2.70
2010.09.10 14:26:35.090,1.53915,1.53935,4.80,2.80
2010.09.10 14:26:35.639,1.53915,1.5393,4.80,1.00
2010.09.10 14:26:38.185,1.53915,1.53935,6.40,2.50
2010.09.10 14:26:39.488,1.5392,1.5394,2.40,7.80
2010.09.10 14:26:39.844,1.5392,1.5394,5.60,2.40
2010.09.10 14:26:40.314,1.5392,1.5394,3.20,2.40
2010.09.10 14:26:40.669,1.5392,1.5394,7.20,2.40
2010.09.10 14:26:40.849,1.5392,1.5394,7.20,7.20
2010.09.10 14:26:41.198,1.5392,1.5394,5.60,7.20
2010.09.10 14:26:41.560,1.5392,1.5394,5.60,1.60
2010.09.10 14:26:42.793,1.5392,1.5394,3.20,1.60
2010.09.10 14:26:43.082,1.5392,1.5394,2.40,7.80
2010.09.10 14:26:43.346,1.5392,1.5394,1.00,10.20
2010.09.10 14:26:43.941,1.5392,1.53935,1.00,1.00
2010.09.10 14:26:44.233,1.53915,1.53935,6.40,1.00
2010.09.10 14:26:44.873,1.53915,1.53935,5.60,1.00
2010.09.10 14:26:45.085,1.53915,1.53935,4.80,2.20
2010.09.10 14:26:45.594,1.53915,1.53935,3.20,5.00
2010.09.10 14:26:45.900,1.53915,1.53935,3.20,15.40
2010.09.10 14:26:47.496,1.53915,1.53935,1.60,10.60
2010.09.10 14:26:47.691,1.53915,1.53935,1.60,5.80
2010.09.10 14:26:47.876,1.53915,1.53935,1.60,3.40
2010.09.10 14:26:48.357,1.53915,1.53935,1.60,3.20
2010.09.10 14:26:48.710,1.53915,1.53935,3.20,1.60
2010.09.10 14:26:49.952,1.53915,1.53935,4.00,1.60
2010.09.10 14:26:50.310,1.53915,1.5393,3.20,1.00
2010.09.10 14:26:50.663,1.53915,1.5393,1.60,1.00
2010.09.10 14:26:51.454,1.53915,1.53935,3.20,2.40
2010.09.10 14:26:53.977,1.53915,1.53935,2.40,2.40
2010.09.10 14:26:54.475,1.53915,1.53935,2.40,2.50
2010.09.10 14:26:55.528,1.53915,1.53935,2.40,2.40
2010.09.10 14:26:56.917,1.53915,1.53935,2.40,4.80
2010.09.10 14:26:57.074,1.53915,1.53935,2.40,7.30
2010.09.10 14:26:58.273,1.5391,1.5393,6.00,2.40
2010.09.10 14:26:58.490,1.53905,1.53925,1.60,5.20
2010.09.10 14:26:58.682,1.53905,1.53925,1.00,11.60
2010.09.10 14:26:59.025,1.53905,1.53925,1.00,13.20
2010.09.10 14:26:59.225,1.539,1.53915,2.40,1.10
2010.09.10 14:26:59.424,1.539,1.53915,2.40,1.00
2010.09.10 14:27:00.113,1.539,1.53915,2.40,1.00
2010.09.10 14:27:00.463,1.539,1.5392,6.40,1.60
2010.09.10 14:27:01.051,1.539,1.5392,6.40,1.00
2010.09.10 14:27:01.324,1.539,1.5392,7.20,1.00
2010.09.10 14:27:02.835,1.539,1.5392,6.90,1.00
2010.09.10 14:27:02.973,1.539,1.53925,20.60,4.80
2010.09.10 14:27:03.239,1.53905,1.53925,1.60,4.80
2010.09.10 14:27:03.378,1.53905,1.53925,3.60,3.70
2010.09.10 14:27:03.806,1.5391,1.53925,1.00,3.20
2010.09.10 14:27:03.955,1.5391,1.53925,2.00,1.00
2010.09.10 14:27:04.314,1.5391,1.53925,1.00,1.00
2010.09.10 14:27:05.187,1.5391,1.5393,1.00,1.60
2010.09.10 14:27:06.815,1.53915,1.5393,1.00,2.40
2010.09.10 14:27:07.142,1.53915,1.53925,1.00,1.00
2010.09.10 14:27:09.131,1.53915,1.5393,1.00,2.40
2010.09.10 14:27:09.486,1.53915,1.53925,1.00,3.80
2010.09.10 14:27:09.829,1.53905,1.53925,2.00,9.80
2010.09.10 14:27:10.169,1.5391,1.53925,3.20,2.40
2010.09.10 14:27:10.518,1.5391,1.53925,4.80,2.40
2010.09.10 14:27:10.839,1.5391,1.5393,6.40,1.60
2010.09.10 14:27:11.137,1.5391,1.5393,8.40,1.60
2010.09.10 14:27:11.439,1.5391,1.5393,10.00,1.60
2010.09.10 14:27:11.939,1.5391,1.5393,14.10,1.60
2010.09.10 14:27:12.158,1.5391,1.5393,12.50,1.60
2010.09.10 14:27:12.375,1.5391,1.5393,15.70,1.60
2010.09.10 14:27:12.596,1.53915,1.5393,1.60,1.60
2010.09.10 14:27:13.256,1.53915,1.5393,2.40,1.00
2010.09.10 14:27:15.933,1.5391,1.5393,6.40,1.60
2010.09.10 14:27:17.457,1.5391,1.5393,6.80,1.60
2010.09.10 14:27:17.710,1.5391,1.5393,6.40,1.60
2010.09.10 14:27:19.266,1.53915,1.5393,1.60,1.60
2010.09.10 14:27:22.937,1.53915,1.5393,1.60,2.40
2010.09.10 14:27:23.287,1.53915,1.5393,1.60,2.80
2010.09.10 14:27:23.544,1.53915,1.5393,1.60,3.20
2010.09.10 14:27:24.371,1.53915,1.5393,1.60,11.00
2010.09.10 14:27:24.629,1.5391,1.53925,1.00,1.00
2010.09.10 14:27:27.713,1.5391,1.53925,1.00,1.40
2010.09.10 14:27:27.810,1.5391,1.53925,1.00,3.80
2010.09.10 14:27:27.904,1.53905,1.53925,3.20,7.40
2010.09.10 14:27:27.992,1.53905,1.53925,3.20,9.80
2010.09.10 14:27:30.474,1.53905,1.53925,4.00,9.20
2010.09.10 14:27:30.684,1.53905,1.53925,4.00,4.00
2010.09.10 14:27:31.154,1.53905,1.53925,4.00,1.60
2010.09.10 14:27:31.314,1.53905,1.53925,6.40,1.60
2010.09.10 14:27:33.067,1.53905,1.53925,6.50,1.60
2010.09.10 14:27:33.202,1.53905,1.53925,6.40,1.60
2010.09.10 14:27:34.669,1.53905,1.53925,4.80,1.60
2010.09.10 14:27:35.342,1.53905,1.53925,4.90,1.60
2010.09.10 14:27:35.672,1.53905,1.53925,3.30,1.70
2010.09.10 14:27:35.998,1.53905,1.53925,3.20,1.70
2010.09.10 14:27:36.649,1.53905,1.53925,3.20,1.60
2010.09.10 14:27:36.977,1.53905,1.53925,10.40,1.80
2010.09.10 14:27:37.304,1.53905,1.53925,2.40,7.40
2010.09.10 14:27:39.435,1.539,1.53915,5.60,1.00
2010.09.10 14:27:39.701,1.53895,1.53915,3.20,1.00
2010.09.10 14:27:40.043,1.53895,1.53915,3.20,1.20
2010.09.10 14:27:40.315,1.53895,1.53915,3.20,1.70
2010.09.10 14:27:40.579,1.53895,1.53915,3.20,2.20
2010.09.10 14:27:41.375,1.53895,1.53915,14.40,1.00
2010.09.10 14:27:41.719,1.539,1.5392,1.60,2.40
2010.09.10 14:27:41.991,1.539,1.5392,2.80,2.40
2010.09.10 14:27:42.365,1.539,1.5392,2.80,2.40
2010.09.10 14:27:42.970,1.539,1.5392,2.40,7.20
2010.09.10 14:27:43.972,1.539,1.5392,1.00,7.20
2010.09.10 14:27:46.078,1.53895,1.53915,11.20,1.00
2010.09.10 14:27:46.585,1.53895,1.53915,11.20,3.20
2010.09.10 14:27:46.969,1.539,1.5392,1.00,4.80
2010.09.10 14:27:47.197,1.539,1.5392,1.00,2.40
2010.09.10 14:27:47.548,1.539,1.53915,1.00,5.60
2010.09.10 14:27:47.902,1.53895,1.53915,10.40,3.20
2010.09.10 14:27:48.248,1.53895,1.53915,11.20,1.00
2010.09.10 14:27:48.486,1.53895,1.53915,16.00,1.00
2010.09.10 14:27:48.728,1.53895,1.53915,18.40,1.00
2010.09.10 14:27:49.308,1.53895,1.53915,11.20,1.00
2010.09.10 14:27:50.133,1.53895,1.53915,16.00,1.00
2010.09.10 14:27:50.404,1.53895,1.53915,11.20,1.00
2010.09.10 14:27:52.401,1.53895,1.53915,12.00,1.00
2010.09.10 14:27:52.481,1.53895,1.5392,12.00,7.20
2010.09.10 14:27:52.829,1.539,1.5392,1.00,7.20
2010.09.10 14:27:53.015,1.539,1.5392,4.00,4.80
2010.09.10 14:27:53.205,1.539,1.5392,1.60,7.20
2010.09.10 14:27:54.900,1.539,1.5392,1.00,7.20
2010.09.10 14:27:57.125,1.539,1.53915,1.00,1.00
2010.09.10 14:27:57.255,1.539,1.53915,1.00,3.20
2010.09.10 14:27:57.384,1.53895,1.53915,9.60,9.60
2010.09.10 14:27:57.816,1.53895,1.53915,9.60,7.20
2010.09.10 14:27:57.963,1.53895,1.53915,16.00,1.60
2010.09.10 14:27:58.308,1.53895,1.53915,16.80,1.60
2010.09.10 14:27:58.987,1.53895,1.53915,6.40,1.60
2010.09.10 14:27:59.290,1.53895,1.53915,4.00,1.60
2010.09.10 14:27:59.901,1.53895,1.53915,4.00,2.50
2010.09.10 14:28:00.371,1.53895,1.53915,3.20,2.50
2010.09.10 14:28:00.683,1.5389,1.5391,22.40,1.00
2010.09.10 14:28:00.989,1.5389,1.5391,14.40,1.00
2010.09.10 14:28:01.289,1.5389,1.5391,5.20,1.60
2010.09.10 14:28:01.587,1.5389,1.5391,3.20,2.40
2010.09.10 14:28:01.744,1.5389,1.5391,2.40,4.80
2010.09.10 14:28:02.387,1.5389,1.5391,1.60,7.20
2010.09.10 14:28:02.548,1.5389,1.5391,1.60,2.40
2010.09.10 14:28:02.974,1.5389,1.53905,1.60,1.00
2010.09.10 14:28:03.065,1.5389,1.53905,1.60,1.00
2010.09.10 14:28:03.490,1.53885,1.539,6.40,2.40
2010.09.10 14:28:03.592,1.5388,1.539,2.40,2.40
2010.09.10 14:28:03.946,1.5388,1.539,6.40,2.40
2010.09.10 14:28:04.407,1.5388,1.539,4.80,2.40
2010.09.10 14:28:04.765,1.5388,1.53895,1.00,1.00
2010.09.10 14:28:05.111,1.5388,1.539,1.00,4.80
2010.09.10 14:28:05.776,1.5388,1.539,2.40,4.00
2010.09.10 14:28:06.031,1.5388,1.539,3.20,4.00
2010.09.10 14:28:06.534,1.5388,1.539,4.00,4.00
2010.09.10 14:28:08.018,1.5388,1.539,4.00,3.20
2010.09.10 14:28:08.541,1.5388,1.539,5.60,3.20
2010.09.10 14:28:10.874,1.5388,1.539,5.60,2.40
2010.09.10 14:28:11.038,1.53885,1.53905,2.40,14.40
2010.09.10 14:28:11.197,1.53885,1.53905,5.60,5.60
2010.09.10 14:28:11.438,1.53885,1.5389,3.20,1.00
2010.09.10 14:28:12.189,1.5388,1.53885,4.00,2.40
2010.09.10 14:28:12.345,1.53865,1.53885,18.90,1.60
2010.09.10 14:28:12.497,1.53865,1.53885,16.50,1.60
2010.09.10 14:28:13.267,1.53865,1.53885,16.50,2.40
2010.09.10 14:28:13.544,1.53865,1.53885,10.40,3.20
2010.09.10 14:28:13.805,1.53865,1.53885,2.40,3.20
2010.09.10 14:28:15.225,1.5386,1.5387,6.60,1.00
2010.09.10 14:28:15.502,1.53855,1.5387,4.80,8.50
2010.09.10 14:28:15.666,1.53845,1.5387,7.20,14.40
2010.09.10 14:28:16.155,1.53845,1.53865,4.80,8.00
2010.09.10 14:28:16.326,1.53845,1.53865,4.00,5.60
2010.09.10 14:28:17.165,1.53845,1.53865,4.00,8.00
2010.09.10 14:28:18.230,1.53845,1.53865,4.00,3.20
2010.09.10 14:28:18.417,1.53845,1.53865,4.10,1.00
2010.09.10 14:28:18.609,1.5384,1.5386,23.10,1.00
2010.09.10 14:28:19.169,1.5384,1.5386,22.90,1.00
2010.09.10 14:28:19.967,1.5384,1.5386,23.20,1.60
2010.09.10 14:28:20.267,1.5384,1.5386,9.60,4.20
2010.09.10 14:28:20.566,1.5384,1.5386,6.40,4.20
2010.09.10 14:28:21.884,1.53835,1.53855,21.70,2.40
2010.09.10 14:28:22.023,1.53835,1.53855,21.70,2.80
2010.09.10 14:28:22.164,1.53835,1.53855,19.20,3.60
2010.09.10 14:28:22.711,1.53835,1.53845,1.30,1.00
2010.09.10 14:28:22.898,1.53835,1.5385,1.00,8.80
2010.09.10 14:28:23.087,1.53825,1.5385,14.50,8.80
2010.09.10 14:28:23.427,1.53825,1.5385,14.50,7.20
2010.09.10 14:28:23.623,1.53825,1.5385,17.60,7.20
2010.09.10 14:28:23.971,1.53825,1.53845,16.80,1.00
2010.09.10 14:28:24.318,1.53825,1.53845,18.50,1.00
2010.09.10 14:28:25.082,1.5383,1.53845,1.60,1.00
2010.09.10 14:28:25.300,1.5383,1.53845,1.60,1.60
2010.09.10 14:28:25.838,1.53825,1.53845,12.00,1.60
2010.09.10 14:28:26.055,1.5383,1.53845,1.60,1.60
2010.09.10 14:28:27.139,1.5383,1.53845,1.60,1.00
2010.09.10 14:28:28.987,1.5383,1.5385,8.00,2.40
2010.09.10 14:28:29.356,1.5383,1.5385,8.80,1.60
2010.09.10 14:28:29.880,1.5383,1.5385,10.40,1.60
2010.09.10 14:28:30.081,1.53835,1.5385,1.00,1.60
2010.09.10 14:28:32.282,1.53835,1.5385,1.60,1.00
2010.09.10 14:28:32.828,1.53835,1.5385,4.80,1.00
2010.09.10 14:28:33.035,1.5384,1.53855,1.60,1.00
2010.09.10 14:28:33.239,1.5384,1.5386,2.40,1.60
2010.09.10 14:28:33.484,1.5384,1.5386,4.80,1.60
2010.09.10 14:28:34.056,1.5384,1.5386,5.60,1.60
2010.09.10 14:28:34.651,1.5385,1.53865,1.60,10.40
2010.09.10 14:28:35.296,1.5385,1.53865,1.60,2.40
2010.09.10 14:28:35.739,1.5385,1.5387,7.60,5.60
2010.09.10 14:28:35.960,1.5385,1.5387,10.00,1.60
2010.09.10 14:28:36.542,1.5385,1.5387,8.80,1.00
2010.09.10 14:28:36.862,1.5385,1.5387,9.60,1.00
2010.09.10 14:28:37.476,1.5385,1.5387,9.60,3.40
2010.09.10 14:28:37.822,1.5385,1.5387,9.60,1.00
2010.09.10 14:28:38.160,1.5385,1.5387,4.80,1.60
2010.09.10 14:28:38.774,1.5385,1.5387,10.40,4.00
2010.09.10 14:28:39.072,1.5385,1.5387,9.60,1.00
2010.09.10 14:28:40.615,1.5385,1.5387,6.40,1.00
2010.09.10 14:28:40.955,1.5385,1.5387,4.80,1.00
2010.09.10 14:28:42.998,1.5385,1.5387,4.80,1.20
2010.09.10 14:28:43.266,1.5385,1.5387,5.20,1.60
2010.09.10 14:28:43.536,1.53855,1.5387,4.40,1.00
2010.09.10 14:28:44.105,1.5386,1.53875,1.60,3.20
2010.09.10 14:28:44.372,1.5386,1.53875,1.60,3.10
2010.09.10 14:28:45.392,1.5385,1.53855,2.40,1.60
2010.09.10 14:28:45.621,1.5384,1.53855,2.40,1.60
2010.09.10 14:28:45.850,1.5384,1.5385,1.60,1.00
2010.09.10 14:28:46.857,1.53845,1.5386,7.20,1.60
2010.09.10 14:28:47.169,1.5385,1.53865,1.00,2.40
2010.09.10 14:28:47.825,1.5385,1.5387,6.40,2.40
2010.09.10 14:28:48.064,1.5385,1.5387,4.00,1.60
2010.09.10 14:28:48.436,1.5385,1.5387,4.80,1.60
2010.09.10 14:28:48.697,1.5385,1.5387,8.80,4.80
2010.09.10 14:28:48.946,1.5385,1.5386,3.20,6.90
2010.09.10 14:28:49.578,1.53845,1.5386,8.00,1.00
2010.09.10 14:28:49.934,1.53845,1.53865,8.80,3.20
2010.09.10 14:28:50.219,1.53845,1.53865,8.90,3.20
2010.09.10 14:28:51.094,1.5385,1.53865,1.60,1.00
2010.09.10 14:28:51.282,1.5385,1.5387,3.60,2.40
2010.09.10 14:28:52.510,1.5385,1.53855,1.00,2.40
2010.09.10 14:28:52.809,1.5384,1.5385,2.80,1.00
2010.09.10 14:28:53.100,1.53835,1.5385,8.00,1.00
2010.09.10 14:28:53.389,1.53835,1.5385,4.80,1.60
2010.09.10 14:28:53.991,1.5384,1.5385,9.60,1.60
2010.09.10 14:28:54.250,1.5384,1.5386,16.80,1.00
2010.09.10 14:28:54.530,1.5384,1.5386,15.60,1.60
2010.09.10 14:28:55.009,1.5384,1.5386,17.20,1.60
2010.09.10 14:28:55.284,1.53845,1.5386,7.20,1.00
2010.09.10 14:28:55.949,1.53845,1.53865,8.80,1.60
2010.09.10 14:28:56.297,1.5385,1.53865,1.00,1.00
2010.09.10 14:28:56.545,1.5385,1.5387,1.60,10.00
2010.09.10 14:28:56.779,1.5385,1.5386,1.60,1.00
2010.09.10 14:28:57.018,1.53845,1.5386,4.20,4.40
2010.09.10 14:28:57.257,1.53845,1.5386,4.00,2.40
2010.09.10 14:28:57.607,1.53845,1.53865,4.80,4.80
2010.09.10 14:28:57.918,1.5385,1.53865,1.00,2.50
2010.09.10 14:28:58.221,1.5385,1.53865,1.00,2.40
2010.09.10 14:28:58.872,1.5385,1.5387,1.00,11.70
2010.09.10 14:29:00.553,1.5385,1.5387,1.00,14.10
2010.09.10 14:29:00.791,1.5385,1.5387,1.00,14.90
2010.09.10 14:29:01.029,1.5385,1.5387,1.00,12.10
2010.09.10 14:29:01.551,1.5385,1.5387,1.00,11.70
2010.09.10 14:29:01.945,1.5385,1.5387,1.00,11.70
2010.09.10 14:29:02.931,1.5385,1.5387,1.00,11.70
2010.09.10 14:29:03.124,1.5385,1.5387,3.30,11.70
2010.09.10 14:29:03.316,1.5385,1.5387,3.30,4.80
2010.09.10 14:29:03.507,1.53855,1.5387,1.00,1.00
2010.09.10 14:29:06.221,1.53855,1.53875,1.60,14.60
2010.09.10 14:29:06.562,1.53855,1.53875,1.60,14.40
2010.09.10 14:29:06.837,1.53855,1.53875,3.40,14.30
2010.09.10 14:29:07.106,1.53855,1.53875,3.40,14.00
2010.09.10 14:29:07.774,1.53855,1.5387,2.60,1.00
2010.09.10 14:29:07.973,1.53855,1.5387,1.60,1.00
2010.09.10 14:29:09.083,1.53855,1.53875,1.60,12.60
2010.09.10 14:29:09.612,1.53855,1.53875,1.60,11.70
2010.09.10 14:29:09.965,1.53855,1.53875,3.20,8.50
2010.09.10 14:29:10.479,1.53855,1.53875,3.20,3.70
2010.09.10 14:29:10.834,1.53855,1.53875,6.40,3.70
2010.09.10 14:29:11.180,1.53855,1.53875,8.00,3.70
2010.09.10 14:29:11.527,1.53855,1.5387,3.20,1.00
2010.09.10 14:29:12.102,1.53855,1.5387,3.20,2.40
2010.09.10 14:29:12.419,1.53855,1.5387,2.40,5.60
2010.09.10 14:29:12.729,1.53855,1.53875,3.20,11.70
2010.09.10 14:29:13.284,1.53855,1.5387,3.20,1.00
2010.09.10 14:29:13.542,1.53855,1.53875,1.60,11.70
2010.09.10 14:29:14.119,1.5386,1.53875,1.60,6.80
2010.09.10 14:29:14.796,1.5386,1.53875,2.40,1.20
2010.09.10 14:29:16.361,1.53865,1.5388,1.60,11.70
2010.09.10 14:29:16.555,1.53865,1.5388,1.60,1.00
2010.09.10 14:29:18.454,1.53865,1.53875,1.60,1.00
2010.09.10 14:29:19.153,1.5386,1.53875,3.20,1.00
2010.09.10 14:29:19.658,1.5386,1.53875,3.30,1.00
2010.09.10 14:29:20.484,1.5386,1.53875,3.20,1.00
2010.09.10 14:29:22.056,1.5386,1.53875,3.20,1.70
2010.09.10 14:29:22.370,1.5386,1.53875,1.60,2.90
2010.09.10 14:29:22.608,1.5386,1.53875,1.60,8.10
2010.09.10 14:29:23.160,1.5386,1.53875,1.60,3.30
2010.09.10 14:29:25.106,1.5386,1.53875,1.60,2.90
2010.09.10 14:29:25.415,1.5386,1.53875,1.60,8.10
2010.09.10 14:29:25.726,1.5386,1.5387,1.60,1.20
2010.09.10 14:29:25.956,1.5386,1.53865,1.60,1.00
2010.09.10 14:29:26.531,1.53855,1.53865,1.00,1.00
2010.09.10 14:29:26.772,1.53855,1.53865,1.60,1.00
2010.09.10 14:29:27.000,1.53855,1.5387,3.20,1.00
2010.09.10 14:29:27.614,1.53855,1.5387,3.30,1.00
2010.09.10 14:29:29.065,1.53855,1.5387,3.20,1.00
2010.09.10 14:29:30.866,1.53855,1.5387,3.30,1.00
2010.09.10 14:29:31.761,1.53855,1.5387,3.20,1.00
2010.09.10 14:29:37.064,1.53855,1.5387,3.30,1.00
2010.09.10 14:29:37.337,1.53855,1.53865,3.30,1.00
2010.09.10 14:29:37.770,1.5385,1.53865,11.20,1.00
2010.09.10 14:29:37.881,1.5385,1.53865,1.00,4.40
2010.09.10 14:29:38.064,1.5385,1.53865,1.00,6.50
2010.09.10 14:29:38.154,1.5385,1.5386,1.00,1.00
2010.09.10 14:29:39.861,1.53845,1.5386,2.50,1.00
2010.09.10 14:29:40.170,1.5385,1.5386,1.00,1.00
2010.09.10 14:29:40.477,1.53845,1.5386,3.20,1.00
2010.09.10 14:29:40.777,1.53845,1.5386,2.40,1.00
2010.09.10 14:29:42.016,1.53845,1.5386,3.30,1.00
2010.09.10 14:29:42.227,1.53845,1.5386,3.20,1.00
2010.09.10 14:29:42.915,1.5385,1.5386,1.00,1.00
2010.09.10 14:29:43.210,1.5385,1.5386,4.00,1.00
2010.09.10 14:29:43.499,1.5385,1.5386,7.20,1.00
2010.09.10 14:29:44.087,1.5385,1.53865,5.70,1.70
2010.09.10 14:29:44.340,1.5385,1.53865,7.30,1.70
2010.09.10 14:29:44.593,1.5385,1.53865,2.50,1.60
2010.09.10 14:29:45.472,1.5385,1.53865,2.40,1.60
2010.09.10 14:29:45.822,1.5385,1.53865,1.00,5.20
2010.09.10 14:29:46.065,1.5385,1.53865,1.00,5.30
2010.09.10 14:29:48.434,1.5385,1.53855,1.00,1.40
2010.09.10 14:29:48.485,1.5385,1.53855,1.00,2.20
2010.09.10 14:29:48.538,1.5385,1.53855,1.00,3.10
2010.09.10 14:29:48.637,1.53845,1.5385,1.60,1.00
2010.09.10 14:29:49.195,1.5384,1.5385,3.60,1.00
2010.09.10 14:29:49.396,1.53835,1.53845,6.40,1.00
2010.09.10 14:29:49.592,1.53835,1.53845,10.40,1.00
2010.09.10 14:29:50.090,1.5384,1.53845,1.00,1.00
2010.09.10 14:29:50.283,1.5384,1.5385,1.00,1.00
2010.09.10 14:29:52.656,1.5384,1.53845,1.00,1.00
2010.09.10 14:29:52.766,1.5384,1.53845,1.00,1.00
2010.09.10 14:29:52.827,1.53835,1.53845,7.20,1.00
2010.09.10 14:29:53.203,1.53835,1.53845,7.20,1.60
2010.09.10 14:29:53.268,1.53835,1.53845,2.40,3.20
2010.09.10 14:29:53.325,1.53835,1.53845,2.40,4.00
2010.09.10 14:29:53.385,1.5383,1.53845,6.50,4.00
2010.09.10 14:29:53.436,1.5383,1.53845,6.40,4.00
2010.09.10 14:29:53.806,1.5383,1.53845,5.60,4.00
2010.09.10 14:29:54.165,1.53825,1.53845,6.00,6.00
2010.09.10 14:29:54.513,1.53825,1.5384,2.50,1.00
2010.09.10 14:29:55.157,1.53825,1.53835,1.00,1.40
2010.09.10 14:29:55.465,1.5382,1.53835,1.00,1.60
2010.09.10 14:29:56.352,1.53815,1.53835,9.70,1.50
2010.09.10 14:29:56.639,1.5381,1.53835,24.80,1.40
2010.09.10 14:29:57.304,1.5381,1.53835,24.50,3.00
2010.09.10 14:29:57.648,1.5381,1.5383,9.60,1.00
2010.09.10 14:29:57.866,1.5381,1.53825,5.60,1.00
2010.09.10 14:29:58.426,1.53805,1.53825,13.70,2.40
2010.09.10 14:29:58.651,1.53805,1.53825,10.60,2.80
2010.09.10 14:29:58.950,1.53805,1.53825,16.50,2.80
2010.09.10 14:29:59.751,1.53805,1.53825,13.80,2.80
2010.09.10 14:30:00.437,1.5381,1.53825,1.60,2.60
2010.09.10 14:30:00.779,1.5381,1.53825,1.70,1.60
2010.09.10 14:30:01.027,1.5381,1.5383,3.60,2.40
2010.09.10 14:30:01.639,1.5382,1.5384,6.40,5.20
2010.09.10 14:30:02.236,1.5382,1.5384,4.00,4.80
2010.09.10 14:30:02.560,1.53825,1.5384,1.00,4.80
2010.09.10 14:30:03.192,1.53825,1.5384,1.00,2.40
2010.09.10 14:30:03.541,1.53825,1.5384,1.00,1.00
2010.09.10 14:30:03.893,1.53825,1.5384,1.00,1.00
2010.09.10 14:30:04.840,1.5382,1.5383,1.60,1.00
2010.09.10 14:30:05.147,1.53815,1.5383,2.00,1.60
2010.09.10 14:30:05.861,1.53815,1.5383,1.00,1.00
2010.09.10 14:30:06.308,1.53815,1.53825,1.00,1.00
2010.09.10 14:30:06.844,1.53815,1.5383,1.00,1.20
2010.09.10 14:30:07.085,1.53815,1.5383,1.00,1.00
2010.09.10 14:30:07.646,1.53815,1.5383,1.00,1.00
2010.09.10 14:30:08.609,1.5382,1.53835,1.70,1.30
2010.09.10 14:30:08.875,1.5382,1.53835,6.50,1.20
2010.09.10 14:30:09.575,1.5382,1.53835,6.40,1.60
2010.09.10 14:30:10.795,1.5382,1.5383,1.70,1.00
2010.09.10 14:30:11.076,1.5382,1.5383,1.00,1.00
2010.09.10 14:30:11.366,1.5382,1.5383,1.00,1.00
2010.09.10 14:30:12.488,1.53825,1.53835,5.30,1.00
2010.09.10 14:30:12.788,1.5383,1.53845,1.00,1.00
2010.09.10 14:30:13.005,1.53835,1.53845,1.00,1.00
2010.09.10 14:30:13.204,1.53835,1.53845,1.60,1.00
2010.09.10 14:30:13.821,1.53835,1.5385,1.60,9.60
2010.09.10 14:30:14.098,1.53835,1.5385,1.60,3.20
2010.09.10 14:30:14.369,1.53835,1.5385,1.60,1.00
2010.09.10 14:30:14.639,1.5384,1.5385,1.00,1.00
2010.09.10 14:30:15.351,1.5384,1.5385,1.60,1.00
2010.09.10 14:30:15.707,1.5384,1.5385,1.00,2.40
2010.09.10 14:30:16.246,1.53845,1.5385,1.00,3.20
2010.09.10 14:30:16.495,1.53845,1.53855,1.60,1.60
2010.09.10 14:30:17.058,1.5385,1.5386,1.00,2.40
2010.09.10 14:30:17.414,1.53855,1.53865,1.00,1.60
2010.09.10 14:30:18.802,1.53855,1.5387,1.00,2.00
2010.09.10 14:30:18.976,1.5386,1.5387,1.00,1.00
2010.09.10 14:30:19.635,1.5386,1.5387,1.60,1.00
2010.09.10 14:30:19.816,1.5386,1.53875,1.60,10.80
2010.09.10 14:30:20.168,1.5386,1.53875,1.60,12.50
2010.09.10 14:30:20.519,1.5386,1.53875,1.60,17.40
2010.09.10 14:30:20.869,1.5386,1.5387,1.00,11.30
2010.09.10 14:30:21.341,1.5386,1.5387,1.00,16.10
2010.09.10 14:30:21.552,1.53855,1.53865,1.60,8.90
2010.09.10 14:30:21.759,1.53855,1.53865,1.00,8.00
2010.09.10 14:30:21.957,1.53855,1.53865,1.00,1.00
2010.09.10 14:30:22.137,1.53855,1.53865,1.60,1.00
2010.09.10 14:30:22.322,1.53855,1.5387,1.60,9.20
2010.09.10 14:30:22.751,1.53855,1.5387,1.60,8.80
2010.09.10 14:30:23.123,1.5386,1.53875,1.00,17.50
2010.09.10 14:30:23.671,1.53865,1.53875,1.60,8.00
2010.09.10 14:30:23.895,1.53865,1.5388,1.60,1.00
2010.09.10 14:30:24.622,1.5387,1.5388,1.00,1.00
2010.09.10 14:30:27.712,1.5387,1.5388,1.00,2.40
2010.09.10 14:30:28.063,1.53865,1.53875,1.60,1.60
2010.09.10 14:30:28.751,1.53865,1.53875,1.00,1.60
2010.09.10 14:30:30.027,1.53865,1.53875,1.00,5.30
2010.09.10 14:30:30.343,1.5386,1.53875,1.60,10.50
2010.09.10 14:30:30.983,1.5386,1.53875,1.60,12.10
2010.09.10 14:30:31.293,1.5386,1.53875,1.60,7.30
2010.09.10 14:30:31.890,1.5386,1.53875,1.60,9.70
2010.09.10 14:30:32.173,1.5386,1.53875,1.60,12.10
2010.09.10 14:30:35.155,1.5386,1.53875,2.80,1.20
2010.09.10 14:30:35.501,1.5386,1.53875,2.80,1.00
2010.09.10 14:30:36.077,1.5386,1.5388,6.00,3.20
2010.09.10 14:30:36.298,1.5386,1.5388,6.80,3.20
2010.09.10 14:30:36.519,1.5386,1.5388,3.20,3.60
2010.09.10 14:30:36.993,1.5386,1.5388,2.40,3.60
2010.09.10 14:30:37.355,1.5386,1.53875,1.60,1.60
2010.09.10 14:30:38.714,1.5386,1.5388,1.60,6.10
2010.09.10 14:30:39.606,1.5386,1.5388,2.40,5.60
2010.09.10 14:30:39.963,1.5386,1.5388,2.40,4.80
2010.09.10 14:30:40.280,1.5386,1.5388,2.40,3.20
2010.09.10 14:30:40.896,1.5386,1.5388,2.50,3.20
2010.09.10 14:30:41.209,1.5386,1.5388,2.90,3.20
2010.09.10 14:30:41.669,1.53865,1.5388,1.00,2.40
2010.09.10 14:30:41.876,1.53875,1.5389,8.80,2.40
2010.09.10 14:30:42.406,1.5388,1.53895,1.60,4.80
2010.09.10 14:30:42.748,1.5388,1.53895,2.40,1.60
2010.09.10 14:30:43.079,1.5388,1.53895,2.40,6.40
2010.09.10 14:30:43.731,1.5388,1.53895,1.60,7.20
2010.09.10 14:30:44.023,1.5388,1.53895,1.60,4.80
2010.09.10 14:30:44.310,1.5388,1.53895,1.60,7.20
2010.09.10 14:30:45.217,1.53875,1.53895,1.60,7.60
2010.09.10 14:30:45.515,1.53875,1.5389,1.00,2.40
2010.09.10 14:30:46.419,1.53875,1.5389,2.40,7.20
2010.09.10 14:30:46.734,1.53875,1.5389,1.60,1.00
2010.09.10 14:30:47.675,1.53875,1.5389,1.00,2.40
2010.09.10 14:30:47.992,1.5387,1.53885,1.60,1.00
2010.09.10 14:30:48.891,1.5387,1.5389,3.20,3.20
2010.09.10 14:30:49.168,1.53875,1.5389,1.00,2.40
2010.09.10 14:30:50.688,1.53875,1.5389,1.00,2.40
2010.09.10 14:30:51.354,1.53875,1.5389,1.00,2.40
2010.09.10 14:30:52.594,1.53875,1.53885,1.00,1.00
2010.09.10 14:30:53.218,1.53865,1.5388,3.20,1.00
2010.09.10 14:30:53.375,1.53865,1.5388,1.60,1.00
2010.09.10 14:30:54.205,1.53865,1.53875,1.00,1.10
2010.09.10 14:30:54.546,1.5386,1.53875,1.60,1.10
2010.09.10 14:30:55.532,1.5387,1.5388,3.20,2.50
2010.09.10 14:30:55.842,1.53875,1.53885,1.00,1.60
2010.09.10 14:30:56.415,1.5388,1.5389,2.00,2.40
2010.09.10 14:30:56.664,1.5388,1.539,7.20,5.60
2010.09.10 14:30:57.003,1.5388,1.539,8.00,3.20
2010.09.10 14:30:57.594,1.53885,1.53895,1.60,1.60
2010.09.10 14:30:58.957,1.53885,1.539,1.60,2.40
2010.09.10 14:31:01.570,1.53885,1.539,1.60,1.00
2010.09.10 14:31:04.172,1.53885,1.539,1.00,2.40
2010.09.10 14:31:04.488,1.5388,1.539,4.40,2.40
2010.09.10 14:31:05.511,1.5388,1.539,4.40,1.00
2010.09.10 14:31:06.389,1.5388,1.539,1.60,11.70
2010.09.10 14:31:06.748,1.5389,1.539,5.60,6.40
2010.09.10 14:31:07.435,1.5388,1.539,12.80,3.20
2010.09.10 14:31:07.744,1.5388,1.53895,4.40,1.00
2010.09.10 14:31:08.054,1.5388,1.53895,4.80,1.00
2010.09.10 14:31:08.637,1.5388,1.53895,1.60,1.00
2010.09.10 14:31:08.893,1.5388,1.539,1.60,1.60
2010.09.10 14:31:09.146,1.5388,1.539,1.00,4.50
2010.09.10 14:31:09.397,1.5388,1.539,1.20,4.50
2010.09.10 14:31:09.650,1.5388,1.539,5.60,11.20
2010.09.10 14:31:10.097,1.5388,1.539,6.40,9.60
2010.09.10 14:31:10.456,1.5389,1.539,1.00,1.00
2010.09.10 14:31:10.813,1.53885,1.53905,4.00,3.20
2010.09.10 14:31:11.807,1.53885,1.53905,2.40,3.20
2010.09.10 14:31:11.947,1.53885,1.53905,9.60,3.20
2010.09.10 14:31:12.083,1.53885,1.53905,9.60,3.30
2010.09.10 14:31:13.225,1.53885,1.53905,10.40,1.70
2010.09.10 14:31:13.569,1.5389,1.53905,1.20,1.00
2010.09.10 14:31:13.923,1.5389,1.53905,1.20,2.40
2010.09.10 14:31:14.205,1.5389,1.53905,1.20,4.50
2010.09.10 14:31:14.483,1.53885,1.53905,9.60,8.90
2010.09.10 14:31:14.761,1.53885,1.53905,2.40,10.50
2010.09.10 14:31:15.380,1.53885,1.53905,1.60,10.50
2010.09.10 14:31:15.733,1.53885,1.53905,1.60,10.70
2010.09.10 14:31:16.084,1.53885,1.53905,1.00,10.50
2010.09.10 14:31:16.765,1.53885,1.53905,1.60,4.40
2010.09.10 14:31:17.083,1.5389,1.53905,1.00,4.00
2010.09.10 14:31:18.636,1.539,1.53905,2.40,4.00
2010.09.10 14:31:19.228,1.539,1.5391,7.20,1.00
2010.09.10 14:31:19.459,1.539,1.5391,4.80,1.00
2010.09.10 14:31:20.738,1.53905,1.53915,4.80,2.40
2010.09.10 14:31:20.858,1.539,1.53915,2.40,1.00
2010.09.10 14:31:20.977,1.539,1.5392,6.40,5.60
2010.09.10 14:31:21.411,1.539,1.5392,6.40,3.20
2010.09.10 14:31:21.432,1.539,1.5392,4.00,3.20
2010.09.10 14:31:22.177,1.539,1.53915,4.00,1.60
2010.09.10 14:31:23.124,1.53895,1.53905,2.40,2.80
2010.09.10 14:31:23.387,1.5389,1.53905,1.00,3.50
2010.09.10 14:31:23.864,1.53885,1.53905,11.20,3.50
2010.09.10 14:31:24.214,1.53885,1.53905,15.60,4.60
2010.09.10 14:31:24.562,1.53885,1.539,1.00,2.40
2010.09.10 14:31:25.272,1.53885,1.539,1.00,3.20
2010.09.10 14:31:25.625,1.5388,1.539,14.00,3.20
2010.09.10 14:31:26.326,1.53885,1.539,11.60,1.00
2010.09.10 14:31:26.683,1.53885,1.539,3.60,1.00
2010.09.10 14:31:27.195,1.53885,1.539,1.00,1.00
2010.09.10 14:31:27.551,1.53875,1.53895,12.80,1.00
2010.09.10 14:31:27.901,1.53875,1.53895,11.20,1.60
2010.09.10 14:31:28.399,1.53875,1.53895,6.40,1.60
2010.09.10 14:31:28.707,1.53875,1.53895,1.60,6.80
2010.09.10 14:31:29.010,1.53875,1.53895,1.60,4.00
2010.09.10 14:31:29.352,1.53875,1.53895,1.60,1.60
2010.09.10 14:31:29.664,1.5388,1.539,1.00,10.40
2010.09.10 14:31:30.110,1.5388,1.539,1.00,4.00
2010.09.10 14:31:30.724,1.5388,1.539,7.20,1.60
2010.09.10 14:31:30.986,1.5389,1.539,4.80,1.00
2010.09.10 14:31:31.240,1.53885,1.53905,5.60,6.50
2010.09.10 14:31:32.208,1.5388,1.539,8.00,1.00
2010.09.10 14:31:32.481,1.5388,1.539,1.60,3.20
2010.09.10 14:31:32.758,1.5388,1.539,1.70,3.20
2010.09.10 14:31:33.431,1.5388,1.539,7.20,1.00
2010.09.10 14:31:33.769,1.5388,1.539,4.80,1.00
2010.09.10 14:31:34.362,1.5388,1.539,6.90,1.00
2010.09.10 14:31:34.722,1.53885,1.539,1.00,1.00
2010.09.10 14:31:35.071,1.53885,1.539,1.60,1.00
2010.09.10 14:31:35.730,1.53885,1.539,1.70,1.00
2010.09.10 14:31:36.039,1.53885,1.539,1.60,1.00
2010.09.10 14:31:36.350,1.53885,1.539,1.70,1.00
2010.09.10 14:31:36.998,1.5389,1.539,2.40,1.00
2010.09.10 14:31:37.357,1.5389,1.539,4.80,1.00
2010.09.10 14:31:37.716,1.5389,1.539,1.00,1.00
2010.09.10 14:31:38.536,1.53895,1.5391,1.60,1.00
2010.09.10 14:31:38.754,1.539,1.53915,1.60,3.40
2010.09.10 14:31:39.318,1.539,1.53915,6.40,2.80
2010.09.10 14:31:39.528,1.539,1.53915,6.40,1.20
2010.09.10 14:31:40.228,1.539,1.53915,5.60,1.20
2010.09.10 14:31:40.881,1.539,1.53915,1.00,1.20
2010.09.10 14:31:41.237,1.539,1.53915,1.00,1.40
2010.09.10 14:31:41.542,1.539,1.5391,1.00,1.00
2010.09.10 14:31:41.890,1.53895,1.5391,8.80,1.00
2010.09.10 14:31:42.240,1.53895,1.53915,12.00,5.20
2010.09.10 14:31:42.604,1.53895,1.53915,9.60,5.20
2010.09.10 14:31:42.811,1.539,1.53915,2.80,5.40
2010.09.10 14:31:43.015,1.539,1.53915,2.80,3.80
2010.09.10 14:31:43.414,1.539,1.53915,2.80,3.60
2010.09.10 14:31:43.616,1.539,1.53915,2.80,2.80
2010.09.10 14:31:43.915,1.539,1.53915,2.80,2.30
2010.09.10 14:31:44.572,1.539,1.53915,2.80,2.00
2010.09.10 14:31:45.766,1.539,1.53915,2.90,2.00
2010.09.10 14:31:46.698,1.539,1.53915,3.60,1.20
2010.09.10 14:31:46.910,1.539,1.53915,3.70,1.20
2010.09.10 14:31:47.260,1.539,1.53915,6.00,1.00
2010.09.10 14:31:47.941,1.53905,1.5392,3.20,4.80
2010.09.10 14:31:48.196,1.5391,1.5392,2.00,1.00
2010.09.10 14:31:48.768,1.5391,1.5392,6.00,1.00
2010.09.10 14:31:49.013,1.5391,1.53925,3.60,1.00
2010.09.10 14:31:49.360,1.5391,1.53925,3.60,1.00
2010.09.10 14:31:50.080,1.5391,1.53925,4.50,1.00
2010.09.10 14:31:51.061,1.5391,1.5393,8.40,8.00
2010.09.10 14:31:51.339,1.53915,1.5393,1.00,10.40
2010.09.10 14:31:51.615,1.53915,1.5393,1.00,8.00
2010.09.10 14:31:51.886,1.53915,1.5393,1.00,4.80
2010.09.10 14:31:52.256,1.53915,1.5393,1.00,2.40
2010.09.10 14:31:52.561,1.5391,1.53925,9.70,1.00
2010.09.10 14:31:52.839,1.5391,1.5393,4.10,3.20
2010.09.10 14:31:53.529,1.5391,1.53925,4.00,1.00
2010.09.10 14:31:53.876,1.5391,1.53925,3.20,1.00
2010.09.10 14:31:54.609,1.5391,1.53925,2.40,1.00
2010.09.10 14:31:56.491,1.5391,1.53925,1.00,4.20
2010.09.10 14:31:56.916,1.5391,1.53925,1.00,6.00
2010.09.10 14:31:57.494,1.53905,1.53925,3.20,6.80
2010.09.10 14:31:57.658,1.53905,1.53915,3.20,1.00
2010.09.10 14:31:57.829,1.53905,1.53915,1.00,1.00
2010.09.10 14:31:58.317,1.539,1.53915,11.70,1.20
2010.09.10 14:31:58.483,1.539,1.53915,10.10,1.20
2010.09.10 14:31:58.980,1.539,1.53915,10.00,1.60
2010.09.10 14:31:59.464,1.539,1.53915,8.80,1.80
2010.09.10 14:31:59.710,1.539,1.53915,5.60,1.80
2010.09.10 14:31:59.958,1.539,1.53915,3.20,1.80
2010.09.10 14:32:00.753,1.539,1.53915,3.20,1.60
2010.09.10 14:32:01.026,1.539,1.53915,3.20,1.40
2010.09.10 14:32:01.479,1.539,1.53915,3.20,1.60
2010.09.10 14:32:02.404,1.539,1.53915,3.20,1.50
2010.09.10 14:32:04.026,1.539,1.53915,1.60,3.20
2010.09.10 14:32:04.225,1.539,1.53915,1.60,4.80
2010.09.10 14:32:04.833,1.53895,1.5391,1.00,1.20
2010.09.10 14:32:05.110,1.5389,1.5391,7.20,1.00
2010.09.10 14:32:05.715,1.5389,1.5391,7.20,2.40
2010.09.10 14:32:06.067,1.5389,1.5391,13.20,1.60
2010.09.10 14:32:06.732,1.5389,1.5391,11.60,1.60
2010.09.10 14:32:06.750,1.5389,1.5391,9.20,1.60
2010.09.10 14:32:07.048,1.5389,1.5391,8.00,2.40
2010.09.10 14:32:10.832,1.53895,1.5391,1.60,3.20
2010.09.10 14:32:11.023,1.53895,1.5391,2.80,3.20
2010.09.10 14:32:11.715,1.53895,1.5391,2.80,4.00
2010.09.10 14:32:11.903,1.53895,1.5391,1.00,4.00
2010.09.10 14:32:12.255,1.53895,1.53915,11.60,5.00
2010.09.10 14:32:12.605,1.53895,1.53915,17.20,5.20
2010.09.10 14:32:13.220,1.53895,1.53905,3.20,1.00
2010.09.10 14:32:13.474,1.5389,1.5391,9.60,4.00
2010.09.10 14:32:14.050,1.5389,1.5391,3.20,4.80
2010.09.10 14:32:14.371,1.5389,1.5391,2.40,4.00
2010.09.10 14:32:17.408,1.5389,1.5391,5.60,4.00
2010.09.10 14:32:18.046,1.5389,1.5391,6.40,3.20
2010.09.10 14:32:18.373,1.5389,1.5391,6.40,1.60
2010.09.10 14:32:20.079,1.5389,1.5391,3.20,3.20
2010.09.10 14:32:20.601,1.5389,1.5391,3.20,1.60
2010.09.10 14:32:23.242,1.5389,1.5391,3.20,2.00
2010.09.10 14:32:23.303,1.5389,1.5391,3.20,2.40
2010.09.10 14:32:23.422,1.5389,1.5391,3.20,2.00
2010.09.10 14:32:23.482,1.5389,1.5391,3.20,1.60
2010.09.10 14:32:26.384,1.5389,1.5391,6.40,1.60
2010.09.10 14:32:26.862,1.5389,1.5391,3.20,1.60
2010.09.10 14:32:30.693,1.5389,1.5391,7.20,1.60
2010.09.10 14:32:30.832,1.5389,1.5391,6.40,1.60
2010.09.10 14:32:32.652,1.5389,1.5391,6.80,1.60
2010.09.10 14:32:33.335,1.5389,1.5391,11.60,1.60
2010.09.10 14:32:33.496,1.5389,1.5391,13.60,1.60
2010.09.10 14:32:33.663,1.53895,1.5391,7.20,1.00
2010.09.10 14:32:33.820,1.53895,1.5391,10.80,1.00
2010.09.10 14:32:34.415,1.539,1.53915,1.00,2.40
2010.09.10 14:32:34.767,1.539,1.53915,2.40,1.60
2010.09.10 14:32:35.439,1.539,1.53915,7.20,1.00
2010.09.10 14:32:35.744,1.539,1.5392,16.90,1.00
2010.09.10 14:32:36.643,1.539,1.5392,17.70,1.00
2010.09.10 14:32:36.928,1.53905,1.5392,1.00,1.00
2010.09.10 14:32:38.791,1.539,1.5392,15.30,1.00
2010.09.10 14:32:39.273,1.539,1.5392,15.40,1.00
2010.09.10 14:32:39.590,1.53905,1.5392,1.00,1.60
2010.09.10 14:32:40.929,1.53905,1.5392,1.00,1.60
2010.09.10 14:32:43.687,1.53905,1.5392,2.50,1.60
2010.09.10 14:32:45.307,1.5391,1.5392,1.00,1.00
2010.09.10 14:32:46.831,1.53905,1.5392,9.30,1.00
2010.09.10 14:32:47.168,1.53905,1.5392,4.40,1.00
2010.09.10 14:32:47.385,1.53905,1.5392,2.80,1.60
2010.09.10 14:32:47.547,1.53905,1.5392,2.80,1.20
2010.09.10 14:32:47.715,1.53905,1.5392,2.80,1.00
2010.09.10 14:32:48.174,1.53905,1.53925,2.80,3.40
2010.09.10 14:32:49.918,1.53905,1.5392,2.80,1.00
2010.09.10 14:32:56.378,1.53905,1.5392,5.20,1.00
2010.09.10 14:32:56.731,1.53905,1.5392,14.40,1.00
2010.09.10 14:32:57.327,1.53905,1.5392,12.00,1.00
2010.09.10 14:32:57.602,1.53905,1.53915,11.20,1.00
2010.09.10 14:32:57.868,1.53905,1.53915,2.80,1.00
2010.09.10 14:32:58.408,1.53905,1.53915,2.40,4.20
2010.09.10 14:32:58.767,1.5389,1.53905,8.90,1.00
2010.09.10 14:32:59.117,1.5389,1.5391,7.30,2.40
2010.09.10 14:32:59.799,1.5389,1.5391,6.50,2.00
2010.09.10 14:33:00.152,1.5389,1.5391,6.60,1.60
2010.09.10 14:33:01.087,1.5389,1.5391,6.60,2.00
2010.09.10 14:33:01.331,1.5389,1.5391,6.40,2.40
2010.09.10 14:33:01.565,1.5389,1.53905,6.40,1.00
2010.09.10 14:33:02.806,1.5389,1.5391,6.40,2.40
2010.09.10 14:33:03.873,1.5389,1.5391,6.60,2.40
2010.09.10 14:33:04.505,1.5389,1.5391,6.40,2.00
2010.09.10 14:33:04.585,1.5389,1.5391,6.40,1.60
2010.09.10 14:33:05.854,1.5389,1.53905,6.40,1.00
2010.09.10 14:33:06.024,1.5389,1.53905,2.40,1.00
2010.09.10 14:33:06.193,1.5389,1.53905,2.40,1.40
2010.09.10 14:33:06.857,1.5389,1.53905,1.60,2.60
2010.09.10 14:33:07.212,1.53885,1.53905,1.00,3.50
2010.09.10 14:33:07.642,1.53885,1.53905,1.00,3.60
2010.09.10 14:33:07.992,1.53885,1.53905,1.00,3.70
2010.09.10 14:33:08.264,1.53885,1.53905,1.00,3.80
2010.09.10 14:33:09.550,1.53885,1.53905,1.00,3.60
2010.09.10 14:33:12.757,1.53885,1.53905,1.00,3.50
2010.09.10 14:33:13.133,1.53885,1.53905,1.00,3.00
2010.09.10 14:33:15.936,1.53885,1.53905,4.80,3.00
2010.09.10 14:33:16.160,1.53885,1.53905,17.60,1.00
2010.09.10 14:33:16.373,1.53885,1.53905,12.00,1.90
2010.09.10 14:33:16.586,1.53885,1.53905,5.60,2.80
2010.09.10 14:33:17.256,1.53885,1.539,1.00,1.00
2010.09.10 14:33:17.911,1.53885,1.53905,1.60,2.50
2010.09.10 14:33:18.465,1.53885,1.53905,5.60,1.70
2010.09.10 14:33:20.611,1.5389,1.53905,5.60,1.00
2010.09.10 14:33:20.822,1.5389,1.53905,6.00,1.00
2010.09.10 14:33:21.349,1.53895,1.5391,6.40,2.40
2010.09.10 14:33:21.621,1.53895,1.53915,18.80,2.40
2010.09.10 14:33:21.888,1.539,1.53915,4.40,1.00
2010.09.10 14:33:22.157,1.539,1.5392,12.00,1.60
2010.09.10 14:33:22.750,1.539,1.5392,14.40,1.60
2010.09.10 14:33:23.097,1.539,1.5392,8.80,1.60
2010.09.10 14:33:23.439,1.539,1.5392,8.00,1.60
2010.09.10 14:33:23.803,1.539,1.5392,8.80,1.60
2010.09.10 14:33:24.474,1.539,1.5392,8.40,1.60
2010.09.10 14:33:24.677,1.539,1.5392,4.00,1.60
2010.09.10 14:33:24.876,1.539,1.5392,3.20,2.40
2010.09.10 14:33:25.275,1.539,1.5392,4.00,2.40
2010.09.10 14:33:25.474,1.539,1.5392,6.00,2.40
2010.09.10 14:33:25.869,1.539,1.5392,5.20,2.40
2010.09.10 14:33:26.148,1.539,1.5392,7.60,1.60
2010.09.10 14:33:26.415,1.539,1.5392,8.80,1.60
2010.09.10 14:33:27.681,1.539,1.5392,10.10,1.60
2010.09.10 14:33:28.545,1.539,1.5392,10.00,4.80
2010.09.10 14:33:28.665,1.539,1.5392,9.20,5.20
2010.09.10 14:33:28.808,1.539,1.5392,6.80,5.20
2010.09.10 14:33:29.142,1.539,1.5392,6.00,5.20
2010.09.10 14:33:29.294,1.539,1.5392,4.80,2.40
2010.09.10 14:33:29.433,1.539,1.5392,3.20,2.40
2010.09.10 14:33:30.608,1.53905,1.5392,1.00,1.60
2010.09.10 14:33:30.764,1.53905,1.53925,16.40,1.60
2010.09.10 14:33:30.903,1.53905,1.53925,17.20,1.60
2010.09.10 14:33:31.437,1.53905,1.53925,19.60,1.60
2010.09.10 14:33:31.594,1.5391,1.53925,1.00,1.00
2010.09.10 14:33:32.188,1.5391,1.5393,2.00,1.60
2010.09.10 14:33:32.541,1.5391,1.5393,5.60,1.60
2010.09.10 14:33:33.543,1.5391,1.5393,10.40,1.60
2010.09.10 14:33:33.879,1.5391,1.5393,12.90,1.60
2010.09.10 14:33:34.722,1.53915,1.5393,1.00,1.00
2010.09.10 14:33:35.232,1.53915,1.53935,8.00,6.70
2010.09.10 14:33:35.898,1.5392,1.53935,2.40,9.20
2010.09.10 14:33:36.194,1.5392,1.5393,2.90,1.00
2010.09.10 14:33:36.483,1.5392,1.5393,1.00,1.00
2010.09.10 14:33:37.142,1.53915,1.5393,1.60,1.00
2010.09.10 14:33:37.474,1.5391,1.53925,1.70,4.80
2010.09.10 14:33:37.800,1.5391,1.5393,1.70,10.90
2010.09.10 14:33:38.425,1.5391,1.5393,1.00,8.50
2010.09.10 14:33:38.643,1.53905,1.53925,6.40,1.00
2010.09.10 14:33:38.860,1.53905,1.53925,4.00,6.50
2010.09.10 14:33:39.234,1.53905,1.53925,4.00,7.30
2010.09.10 14:33:40.150,1.53905,1.53925,1.60,7.30
2010.09.10 14:33:40.620,1.53905,1.53925,2.40,7.30
2010.09.10 14:33:40.864,1.5391,1.53925,1.00,5.60
2010.09.10 14:33:41.097,1.5391,1.53925,1.00,1.00
2010.09.10 14:33:41.338,1.5391,1.5393,3.70,12.50
2010.09.10 14:33:41.859,1.5391,1.5393,9.30,4.00
2010.09.10 14:33:42.121,1.53915,1.5393,1.00,1.00
2010.09.10 14:33:42.379,1.53915,1.53935,1.00,8.80
2010.09.10 14:33:42.636,1.53915,1.53935,1.00,8.90
2010.09.10 14:33:43.214,1.53915,1.53935,1.00,7.30
2010.09.10 14:33:43.544,1.53915,1.53935,1.00,7.50
2010.09.10 14:33:43.874,1.5391,1.5393,4.80,1.00
2010.09.10 14:33:45.209,1.5391,1.5393,4.80,1.60
2010.09.10 14:33:45.920,1.53905,1.5392,1.60,1.00
2010.09.10 14:33:46.201,1.539,1.5392,6.00,1.00
2010.09.10 14:33:46.479,1.53905,1.5392,4.80,1.00
2010.09.10 14:33:47.065,1.53905,1.5392,6.40,1.00
2010.09.10 14:33:47.545,1.53905,1.5392,6.50,1.00
2010.09.10 14:33:47.984,1.53905,1.5392,4.10,1.00
2010.09.10 14:33:48.210,1.53905,1.5392,4.00,1.00
2010.09.10 14:33:48.717,1.53905,1.5392,3.20,1.00
2010.09.10 14:33:48.943,1.53905,1.5392,1.00,1.00
2010.09.10 14:33:51.381,1.539,1.5392,4.40,5.20
2010.09.10 14:33:51.558,1.539,1.5392,4.40,2.80
2010.09.10 14:33:51.735,1.539,1.5392,4.40,1.00
2010.09.10 14:33:53.305,1.539,1.5392,4.40,1.60
2010.09.10 14:33:53.574,1.539,1.53905,1.60,1.00
2010.09.10 14:33:54.149,1.5389,1.53905,2.80,1.00
2010.09.10 14:33:54.392,1.5389,1.53905,2.40,1.00
2010.09.10 14:33:54.981,1.5389,1.5391,3.20,2.40
2010.09.10 14:33:55.705,1.5389,1.5391,3.60,2.40
2010.09.10 14:33:58.269,1.53885,1.5391,8.80,7.30
2010.09.10 14:33:58.469,1.53885,1.5391,4.00,13.70
2010.09.10 14:33:58.666,1.53885,1.5391,4.00,13.70
2010.09.10 14:33:59.905,1.53885,1.5391,3.20,14.10
2010.09.10 14:34:00.877,1.53885,1.53905,1.60,2.90
2010.09.10 14:34:01.230,1.53885,1.53905,1.00,12.00
2010.09.10 14:34:01.657,1.53885,1.539,1.00,1.00
2010.09.10 14:34:02.067,1.5388,1.539,4.40,1.60
2010.09.10 14:34:02.227,1.5388,1.53895,1.00,1.60
2010.09.10 14:34:02.531,1.53875,1.53895,8.10,1.60
2010.09.10 14:34:03.283,1.53875,1.53895,2.40,4.10
2010.09.10 14:34:03.551,1.5387,1.5389,6.80,1.00
2010.09.10 14:34:04.660,1.5387,1.5389,4.40,1.60
2010.09.10 14:34:04.947,1.53875,1.53895,7.30,11.20
2010.09.10 14:34:05.223,1.53875,1.53895,11.30,4.00
2010.09.10 14:34:05.817,1.5388,1.53895,1.00,1.00
2010.09.10 14:34:07.456,1.5388,1.539,1.00,2.40
2010.09.10 14:34:07.740,1.5388,1.539,1.00,2.40
2010.09.10 14:34:08.019,1.5388,1.539,2.00,2.40
2010.09.10 14:34:08.236,1.5388,1.539,4.00,2.40
2010.09.10 14:34:08.732,1.5388,1.539,4.00,1.60
2010.09.10 14:34:08.962,1.53885,1.539,1.00,1.00
2010.09.10 14:34:09.377,1.53885,1.539,1.60,1.00
2010.09.10 14:34:10.869,1.53885,1.539,1.60,1.00
2010.09.10 14:34:11.059,1.53885,1.539,1.60,1.00
2010.09.10 14:34:11.454,1.53885,1.539,1.00,1.00
2010.09.10 14:34:14.207,1.5389,1.53905,1.00,2.50
2010.09.10 14:34:14.529,1.5389,1.53905,1.00,1.60
2010.09.10 14:34:14.787,1.5389,1.53905,1.00,1.00
2010.09.10 14:34:15.381,1.5389,1.5391,8.40,1.60
2010.09.10 14:34:15.644,1.53895,1.5391,1.00,1.00
2010.09.10 14:34:16.303,1.53895,1.5391,1.60,1.00
2010.09.10 14:34:16.615,1.53895,1.5391,4.00,1.00
2010.09.10 14:34:17.918,1.53895,1.53915,4.00,2.00
2010.09.10 14:34:18.232,1.539,1.53915,1.00,1.60
2010.09.10 14:34:18.559,1.539,1.53915,2.00,2.40
2010.09.10 14:34:18.914,1.539,1.53915,2.40,2.40
2010.09.10 14:34:19.174,1.539,1.5392,5.70,1.60
2010.09.10 14:34:19.420,1.539,1.5392,5.60,1.60
2010.09.10 14:34:20.344,1.539,1.5392,5.70,1.60
2010.09.10 14:34:21.371,1.539,1.5392,5.60,1.60
2010.09.10 14:34:21.687,1.539,1.5392,4.80,1.60
2010.09.10 14:34:22.311,1.539,1.5392,2.40,1.60
2010.09.10 14:34:22.634,1.53895,1.53915,12.80,1.60
2010.09.10 14:34:22.933,1.539,1.53915,1.00,1.60
2010.09.10 14:34:23.747,1.539,1.5392,1.00,2.40
2010.09.10 14:34:24.060,1.539,1.5392,1.00,3.30
2010.09.10 14:34:24.571,1.539,1.53915,1.00,1.60
2010.09.10 14:34:25.214,1.539,1.53915,16.60,1.00
2010.09.10 14:34:25.823,1.539,1.5392,23.00,1.60
2010.09.10 14:34:26.799,1.53905,1.5392,1.00,1.60
2010.09.10 14:34:27.714,1.53905,1.5392,1.00,1.00
2010.09.10 14:34:29.438,1.53905,1.5392,1.60,1.00
2010.09.10 14:34:29.556,1.53905,1.5392,3.20,1.00
2010.09.10 14:34:29.674,1.53905,1.53925,6.50,3.00
2010.09.10 14:34:29.784,1.53905,1.53925,16.10,2.20
2010.09.10 14:34:29.893,1.53905,1.53925,18.50,1.60
2010.09.10 14:34:30.114,1.53905,1.53925,18.60,1.60
2010.09.10 14:34:30.334,1.53905,1.53925,20.20,1.60
2010.09.10 14:34:30.585,1.5391,1.53925,1.00,1.00
2010.09.10 14:34:31.277,1.5391,1.53925,1.00,1.00
2010.09.10 14:34:31.528,1.5391,1.53925,1.00,1.00
2010.09.10 14:34:32.035,1.5391,1.53925,3.30,1.00
2010.09.10 14:34:32.206,1.53915,1.5393,1.00,1.60
2010.09.10 14:34:32.787,1.53915,1.5393,1.00,1.00
2010.09.10 14:34:32.980,1.53915,1.5393,1.60,1.00
2010.09.10 14:34:33.169,1.53915,1.5393,1.70,1.00
2010.09.10 14:34:34.249,1.53915,1.5393,7.30,1.00
2010.09.10 14:34:34.604,1.5392,1.53935,8.00,2.50
2010.09.10 14:34:35.107,1.5392,1.5393,1.60,1.00
2010.09.10 14:34:35.419,1.53915,1.5393,1.70,1.00
2010.09.10 14:34:36.010,1.53915,1.53925,1.00,1.00
2010.09.10 14:34:36.650,1.5391,1.53925,3.20,1.00
2010.09.10 14:34:37.249,1.5391,1.53925,6.50,1.00
2010.09.10 14:34:37.551,1.53915,1.5393,6.80,1.60
2010.09.10 14:34:38.137,1.53915,1.5393,7.60,1.00
2010.09.10 14:34:39.211,1.53915,1.5393,7.70,1.00
2010.09.10 14:34:39.527,1.53915,1.5393,1.00,1.00
2010.09.10 14:34:40.945,1.53915,1.53935,1.60,2.40
2010.09.10 14:34:42.472,1.53915,1.5393,1.00,1.00
2010.09.10 14:34:42.764,1.5391,1.53925,15.60,1.00
2010.09.10 14:34:43.381,1.5391,1.53925,5.60,1.00
2010.09.10 14:34:43.707,1.5391,1.53925,1.00,1.60
2010.09.10 14:34:50.887,1.5391,1.53925,1.00,1.70
2010.09.10 14:34:51.985,1.5391,1.53925,1.00,1.60
2010.09.10 14:34:53.051,1.5391,1.53925,1.00,1.00
2010.09.10 14:34:53.885,1.5391,1.53925,1.00,1.60
2010.09.10 14:34:55.082,1.5391,1.53925,1.00,1.60
2010.09.10 14:34:55.468,1.53905,1.53925,4.90,5.50
2010.09.10 14:34:55.704,1.53905,1.53925,3.30,9.50
2010.09.10 14:34:55.935,1.53905,1.53925,3.30,13.50
2010.09.10 14:34:56.164,1.53905,1.53925,3.20,13.50
2010.09.10 14:34:56.723,1.53905,1.5392,1.00,1.60
2010.09.10 14:34:56.914,1.539,1.53915,2.40,1.00
2010.09.10 14:34:57.427,1.539,1.53915,1.00,1.60
2010.09.10 14:34:58.623,1.539,1.53915,1.00,2.40
2010.09.10 14:34:58.871,1.539,1.53915,1.00,2.40
2010.09.10 14:35:01.184,1.539,1.53915,1.00,1.00
2010.09.10 14:35:01.361,1.539,1.53915,1.70,1.00
2010.09.10 14:35:01.633,1.539,1.5392,2.50,4.80
2010.09.10 14:35:02.883,1.539,1.5392,2.50,4.00
2010.09.10 14:35:03.314,1.539,1.5392,4.10,4.00
2010.09.10 14:35:03.399,1.539,1.5392,4.00,4.00
2010.09.10 14:35:06.326,1.539,1.5392,2.40,4.00
2010.09.10 14:35:09.370,1.53905,1.5392,1.00,3.20
2010.09.10 14:35:09.579,1.53905,1.5392,1.00,2.40
2010.09.10 14:35:09.784,1.5391,1.5392,1.00,2.40
2010.09.10 14:35:09.992,1.53915,1.53925,1.00,1.60
2010.09.10 14:35:10.385,1.53915,1.53925,1.00,1.00
2010.09.10 14:35:10.743,1.5391,1.5393,3.20,2.40
2010.09.10 14:35:11.092,1.5391,1.5393,1.60,2.40
2010.09.10 14:35:11.714,1.5391,1.53925,1.60,1.00
2010.09.10 14:35:11.942,1.5391,1.5393,1.60,3.20
2010.09.10 14:35:12.169,1.5391,1.5393,2.40,2.40
2010.09.10 14:35:13.127,1.53915,1.5393,1.00,1.00
2010.09.10 14:35:17.620,1.53915,1.53935,1.00,17.60
2010.09.10 14:35:18.518,1.53915,1.53935,1.00,17.80
2010.09.10 14:35:19.740,1.53915,1.5393,1.00,1.00
2010.09.10 14:35:20.334,1.53915,1.53935,1.60,18.00
2010.09.10 14:35:20.574,1.53915,1.53935,1.60,16.90
2010.09.10 14:35:21.053,1.53915,1.5393,1.00,1.00
2010.09.10 14:35:22.403,1.5391,1.5393,5.60,1.00
2010.09.10 14:35:24.295,1.5391,1.5393,4.00,1.00
2010.09.10 14:35:24.751,1.5391,1.5393,3.20,2.40
2010.09.10 14:35:24.954,1.5391,1.5393,4.10,2.40
2010.09.10 14:35:25.146,1.5391,1.5393,5.70,1.60
2010.09.10 14:35:25.621,1.5391,1.5393,5.60,1.60
2010.09.10 14:35:25.810,1.53915,1.5393,1.00,1.00
2010.09.10 14:35:26.969,1.5392,1.53935,1.00,1.60
2010.09.10 14:35:27.634,1.5392,1.5394,1.60,9.30
2010.09.10 14:35:27.978,1.5392,1.5394,3.20,4.00
2010.09.10 14:35:28.308,1.5392,1.5394,1.60,4.50
2010.09.10 14:35:28.705,1.5392,1.5394,1.60,6.10
2010.09.10 14:35:29.053,1.5392,1.5394,1.60,4.50
2010.09.10 14:35:31.090,1.5392,1.53935,1.60,1.00
2010.09.10 14:35:31.736,1.5392,1.53935,1.60,1.60
2010.09.10 14:35:32.037,1.5392,1.53935,1.00,1.60
2010.09.10 14:35:32.656,1.53915,1.53935,4.00,2.40
2010.09.10 14:35:33.118,1.53915,1.53935,4.00,2.40
2010.09.10 14:35:34.897,1.53915,1.53935,4.00,3.20
2010.09.10 14:35:37.798,1.53915,1.53935,4.00,3.20
2010.09.10 14:35:38.764,1.53915,1.53935,6.40,3.20
2010.09.10 14:35:39.753,1.53915,1.53935,6.50,3.20
2010.09.10 14:35:40.683,1.5392,1.53935,1.00,3.20
2010.09.10 14:35:40.915,1.5392,1.53935,1.00,2.40
2010.09.10 14:35:41.144,1.5392,1.53935,1.00,1.20
2010.09.10 14:35:45.951,1.5392,1.53935,1.00,2.10
2010.09.10 14:35:46.263,1.53915,1.5393,1.60,1.60
2010.09.10 14:35:46.781,1.53915,1.5393,1.00,1.00
2010.09.10 14:35:47.090,1.5391,1.5393,4.10,1.00
2010.09.10 14:35:47.700,1.5391,1.5393,4.00,1.00
2010.09.10 14:35:48.005,1.53915,1.5393,1.60,1.00
2010.09.10 14:35:49.357,1.53915,1.53935,1.60,10.20
2010.09.10 14:35:49.635,1.53915,1.53935,1.60,10.40
2010.09.10 14:35:50.195,1.53915,1.53935,1.60,10.10
2010.09.10 14:35:50.748,1.5392,1.53935,1.00,10.10
2010.09.10 14:35:51.349,1.5392,1.53935,1.00,10.40
2010.09.10 14:35:51.546,1.5392,1.5393,1.00,1.00
2010.09.10 14:35:54.000,1.5392,1.53935,1.00,6.00
2010.09.10 14:35:54.234,1.53925,1.5394,1.00,2.40
2010.09.10 14:35:55.786,1.5392,1.5394,1.60,16.10
2010.09.10 14:36:00.034,1.5392,1.5394,1.60,16.10
2010.09.10 14:36:04.796,1.5392,1.5394,1.60,13.20
2010.09.10 14:36:05.017,1.53925,1.5394,1.00,7.60
2010.09.10 14:36:05.233,1.53925,1.5394,1.00,3.60
2010.09.10 14:36:06.097,1.53925,1.5394,1.00,2.40
2010.09.10 14:36:11.274,1.53925,1.53935,1.00,1.00
2010.09.10 14:36:11.474,1.5392,1.53935,1.00,1.00
2010.09.10 14:36:11.674,1.5392,1.53935,1.00,1.00
2010.09.10 14:36:19.685,1.5392,1.53935,1.00,1.00
2010.09.10 14:36:20.224,1.5392,1.53935,1.00,1.40
2010.09.10 14:36:20.545,1.5392,1.53935,1.00,1.20
2010.09.10 14:36:21.034,1.5392,1.53935,1.00,1.30
2010.09.10 14:36:21.344,1.5392,1.53935,1.00,1.20
2010.09.10 14:36:22.431,1.5392,1.53935,1.00,1.40
2010.09.10 14:36:22.738,1.5392,1.53935,1.00,1.30
2010.09.10 14:36:22.781,1.5392,1.53935,1.00,1.20
2010.09.10 14:36:22.878,1.5392,1.53935,1.00,1.20
2010.09.10 14:36:25.515,1.5392,1.53935,1.00,1.20
2010.09.10 14:36:26.029,1.5392,1.53935,1.00,1.20
2010.09.10 14:36:28.315,1.5392,1.53935,1.00,1.00
2010.09.10 14:36:28.949,1.5392,1.53935,3.30,1.00
2010.09.10 14:36:29.742,1.5392,1.5394,4.10,4.00
2010.09.10 14:36:30.601,1.5392,1.53935,4.10,1.00
2010.09.10 14:36:30.951,1.5392,1.5394,4.10,4.40
2010.09.10 14:36:31.236,1.5392,1.5394,4.10,4.00
2010.09.10 14:36:32.514,1.5392,1.5394,4.30,4.00
2010.09.10 14:36:33.177,1.5392,1.5394,6.70,4.00
2010.09.10 14:36:33.570,1.5392,1.5394,4.90,4.00
2010.09.10 14:36:34.607,1.5392,1.5393,4.10,1.70
2010.09.10 14:36:34.912,1.53915,1.5393,2.40,11.60
2010.09.10 14:36:35.218,1.53915,1.5393,1.00,7.70
2010.09.10 14:36:35.836,1.5391,1.5393,3.30,4.50
2010.09.10 14:36:36.894,1.53915,1.5393,2.40,4.50
2010.09.10 14:36:37.397,1.5391,1.5393,8.70,3.20
2010.09.10 14:36:37.560,1.5391,1.5393,8.30,1.60
2010.09.10 14:36:37.909,1.5391,1.5393,4.00,1.60
2010.09.10 14:36:38.258,1.5391,1.5393,3.40,1.60
2010.09.10 14:36:38.923,1.5391,1.5393,5.00,1.60
2010.09.10 14:36:39.108,1.5392,1.5393,2.40,4.00
2010.09.10 14:36:39.476,1.5392,1.5393,2.40,1.60
2010.09.10 14:36:39.656,1.53915,1.5393,1.00,1.60
2010.09.10 14:36:40.158,1.53915,1.5393,2.60,1.60
2010.09.10 14:36:40.336,1.5392,1.53935,1.00,4.00
2010.09.10 14:36:40.509,1.5392,1.53935,1.00,4.00
2010.09.10 14:36:40.677,1.5392,1.53935,1.00,1.60
2010.09.10 14:36:41.027,1.5392,1.53935,1.20,1.60
2010.09.10 14:36:41.383,1.53925,1.53935,1.00,1.00
2010.09.10 14:36:43.622,1.5392,1.53935,4.00,1.00
2010.09.10 14:36:44.975,1.5392,1.53935,3.60,1.00
2010.09.10 14:36:45.190,1.5392,1.53935,1.00,1.00
2010.09.10 14:36:46.081,1.5392,1.53935,1.00,1.60
2010.09.10 14:36:46.625,1.5392,1.53935,1.20,1.60
2010.09.10 14:36:46.991,1.53925,1.5394,1.00,1.60
2010.09.10 14:36:47.927,1.53925,1.5394,1.00,1.00
2010.09.10 14:36:49.824,1.53925,1.53945,2.40,5.50
2010.09.10 14:36:50.243,1.53925,1.5394,1.00,1.00
2010.09.10 14:36:50.446,1.5392,1.53935,1.60,1.00
2010.09.10 14:36:50.640,1.53915,1.53935,7.20,1.90
2010.09.10 14:36:51.307,1.53915,1.53935,16.40,1.90
2010.09.10 14:36:51.662,1.5392,1.53935,1.60,1.00
2010.09.10 14:36:51.911,1.5392,1.53935,2.00,1.00
2010.09.10 14:36:52.950,1.5392,1.5394,2.00,4.50
2010.09.10 14:36:54.013,1.5392,1.53935,2.00,1.00
2010.09.10 14:36:54.056,1.5392,1.53935,1.00,1.00
2010.09.10 14:36:54.408,1.53915,1.53935,20.60,1.00
2010.09.10 14:36:54.746,1.53915,1.53935,20.60,1.10
2010.09.10 14:36:55.441,1.53915,1.53935,20.60,1.00
2010.09.10 14:36:55.786,1.53915,1.53935,20.60,1.00
2010.09.10 14:36:57.079,1.53915,1.53935,20.80,1.00
2010.09.10 14:36:57.268,1.53915,1.53935,21.10,1.00
2010.09.10 14:36:57.455,1.5392,1.53935,1.60,1.00
2010.09.10 14:36:57.952,1.53925,1.53935,2.50,1.00
2010.09.10 14:36:58.304,1.53925,1.5394,1.00,1.00
2010.09.10 14:36:58.977,1.5392,1.5394,7.30,2.10
2010.09.10 14:36:59.322,1.5392,1.5394,7.20,2.90
2010.09.10 14:37:00.337,1.5392,1.5394,7.70,2.90
2010.09.10 14:37:00.667,1.5392,1.5394,8.50,2.90
2010.09.10 14:37:01.329,1.5392,1.5394,8.00,2.90
2010.09.10 14:37:01.581,1.5392,1.5394,7.20,2.90
2010.09.10 14:37:02.086,1.5392,1.5394,9.60,2.90
2010.09.10 14:37:02.435,1.5392,1.5394,10.40,2.90
2010.09.10 14:37:02.759,1.53925,1.5394,2.50,1.60
2010.09.10 14:37:04.407,1.53925,1.5394,6.60,1.60
2010.09.10 14:37:04.845,1.53925,1.53945,13.80,1.60
2010.09.10 14:37:04.950,1.53925,1.53945,13.00,1.60
2010.09.10 14:37:05.044,1.53925,1.53945,13.00,1.70
2010.09.10 14:37:05.148,1.53925,1.53945,13.00,2.50
2010.09.10 14:37:05.251,1.53925,1.53945,13.00,2.80
2010.09.10 14:37:05.776,1.53925,1.53945,3.30,3.30
2010.09.10 14:37:06.118,1.5392,1.5394,13.60,1.00
2010.09.10 14:37:06.469,1.5392,1.5394,10.40,1.00
2010.09.10 14:37:07.370,1.53925,1.5394,1.60,1.00
2010.09.10 14:37:09.599,1.53925,1.53945,8.80,4.00
2010.09.10 14:37:09.947,1.53925,1.53945,8.80,2.40
2010.09.10 14:37:10.166,1.53925,1.53945,10.80,2.40
2010.09.10 14:37:13.656,1.5393,1.53945,1.60,1.60
2010.09.10 14:37:13.814,1.53925,1.53945,10.80,1.60
2010.09.10 14:37:13.964,1.53925,1.53945,10.90,1.60
2010.09.10 14:37:14.938,1.5393,1.53945,1.00,1.60
2010.09.10 14:37:16.575,1.5393,1.53945,1.00,2.00
2010.09.10 14:37:16.866,1.5393,1.53945,1.00,2.80
2010.09.10 14:37:17.406,1.53925,1.53945,1.00,10.10
2010.09.10 14:37:17.653,1.53925,1.5394,1.00,1.00
2010.09.10 14:37:18.171,1.5392,1.5394,6.40,2.40
2010.09.10 14:37:18.448,1.53925,1.5394,1.00,2.40
2010.09.10 14:37:19.975,1.53925,1.5394,1.00,1.60
2010.09.10 14:37:20.615,1.53925,1.5394,1.00,5.70
2010.09.10 14:37:20.754,1.5392,1.5394,4.80,16.10
2010.09.10 14:37:20.895,1.5392,1.53935,4.80,1.60
2010.09.10 14:37:21.398,1.53925,1.5394,1.00,20.10
2010.09.10 14:37:21.753,1.53925,1.5394,1.00,4.00
2010.09.10 14:37:22.575,1.53925,1.5394,1.00,6.40
2010.09.10 14:37:23.297,1.53925,1.5394,1.00,5.20
2010.09.10 14:37:23.485,1.53925,1.5394,1.00,4.40
2010.09.10 14:37:26.398,1.53925,1.5394,1.00,5.20
2010.09.10 14:37:28.587,1.53925,1.5394,1.00,4.00
2010.09.10 14:37:28.767,1.53925,1.5394,1.60,4.00
2010.09.10 14:37:30.212,1.53925,1.5394,1.00,4.00
2010.09.10 14:37:30.372,1.53925,1.5394,1.00,6.40
2010.09.10 14:37:30.537,1.53925,1.5394,1.00,10.00
2010.09.10 14:37:30.706,1.53925,1.5394,1.00,12.90
2010.09.10 14:37:31.197,1.53925,1.5394,1.00,5.20
2010.09.10 14:37:31.449,1.53925,1.5394,1.00,4.00
2010.09.10 14:37:31.946,1.53925,1.5394,1.60,4.00
2010.09.10 14:37:32.444,1.53925,1.5394,1.60,3.20
2010.09.10 14:37:33.496,1.53925,1.5394,1.00,3.20
2010.09.10 14:37:35.883,1.53925,1.5394,1.00,4.00
2010.09.10 14:37:36.084,1.53925,1.5394,1.00,4.80
2010.09.10 14:37:41.813,1.53925,1.5394,1.00,3.20
2010.09.10 14:37:46.445,1.53925,1.5394,1.00,3.20
2010.09.10 14:37:46.630,1.5393,1.5394,1.20,2.40
2010.09.10 14:37:46.808,1.5393,1.5394,1.60,1.00
2010.09.10 14:37:46.986,1.5393,1.53945,1.60,4.80
2010.09.10 14:37:47.387,1.5393,1.53945,3.60,4.00
2010.09.10 14:37:48.984,1.5393,1.53945,4.00,4.00
2010.09.10 14:37:49.927,1.5393,1.53945,3.60,4.00
2010.09.10 14:37:52.285,1.5393,1.53945,4.00,3.20
2010.09.10 14:37:52.759,1.5393,1.53945,4.00,1.60
2010.09.10 14:37:52.823,1.5393,1.53945,6.40,1.60
2010.09.10 14:37:52.878,1.53935,1.53945,1.00,1.60
2010.09.10 14:37:53.297,1.53935,1.53945,1.00,1.00
2010.09.10 14:37:53.660,1.53935,1.53945,1.00,1.00
2010.09.10 14:37:55.014,1.5394,1.53945,3.60,1.00
2010.09.10 14:37:55.284,1.5394,1.5395,1.60,2.10
2010.09.10 14:37:55.645,1.5394,1.5395,1.60,2.10
2010.09.10 14:37:55.945,1.53935,1.5395,1.00,7.30
2010.09.10 14:37:56.520,1.53935,1.53945,1.00,1.00
2010.09.10 14:37:57.173,1.53935,1.53945,1.60,1.00
2010.09.10 14:37:59.101,1.53935,1.53945,4.00,1.00
2010.09.10 14:37:59.355,1.53935,1.5395,4.00,6.40
2010.09.10 14:38:01.050,1.53935,1.5395,4.10,6.40
2010.09.10 14:38:01.309,1.53935,1.5395,4.10,4.00
2010.09.10 14:38:01.459,1.53935,1.5395,4.00,3.70
2010.09.10 14:38:01.606,1.53935,1.5395,1.60,6.00
2010.09.10 14:38:01.757,1.53935,1.5395,4.00,8.00
2010.09.10 14:38:02.198,1.53935,1.5395,1.70,8.00
2010.09.10 14:38:02.353,1.53935,1.5395,1.70,3.20
2010.09.10 14:38:02.681,1.53935,1.5395,1.70,3.70
2010.09.10 14:38:03.349,1.5394,1.5395,2.80,1.60
2010.09.10 14:38:03.704,1.5394,1.5396,10.50,8.00
2010.09.10 14:38:04.049,1.53945,1.5396,1.00,2.40
2010.09.10 14:38:04.712,1.53945,1.5396,1.60,1.60
2010.09.10 14:38:06.450,1.53945,1.5396,1.60,1.60
2010.09.10 14:38:08.386,1.53945,1.5396,3.20,1.60
2010.09.10 14:38:08.694,1.53945,1.53965,4.80,7.20
2010.09.10 14:38:09.511,1.53945,1.5397,4.80,14.20
2010.09.10 14:38:11.616,1.5395,1.5397,1.00,14.90
2010.09.10 14:38:11.777,1.53945,1.53965,3.20,6.90
2010.09.10 14:38:11.946,1.53945,1.5396,1.00,6.80
2010.09.10 14:38:12.470,1.5394,1.5396,2.80,16.40
2010.09.10 14:38:12.673,1.5394,1.5396,1.00,29.00
2010.09.10 14:38:12.868,1.5394,1.53955,2.80,10.00
2010.09.10 14:38:13.189,1.5394,1.53955,2.40,5.20
2010.09.10 14:38:13.511,1.5394,1.53955,2.00,2.80
2010.09.10 14:38:14.127,1.5394,1.53955,1.60,2.80
2010.09.10 14:38:14.528,1.53935,1.53955,4.10,2.80
2010.09.10 14:38:15.080,1.53935,1.53955,4.90,2.80
2010.09.10 14:38:18.846,1.53935,1.53955,12.20,1.60
2010.09.10 14:38:19.204,1.5394,1.53955,1.60,1.60
2010.09.10 14:38:19.374,1.5394,1.5396,2.40,3.20
2010.09.10 14:38:19.534,1.5394,1.5396,3.20,3.20
2010.09.10 14:38:21.314,1.5394,1.5396,4.00,3.20
2010.09.10 14:38:21.585,1.5394,1.5396,6.40,3.20
2010.09.10 14:38:21.673,1.5394,1.5396,8.00,3.20
2010.09.10 14:38:22.252,1.5394,1.5396,8.00,2.40
2010.09.10 14:38:22.358,1.5394,1.53955,7.20,1.00
2010.09.10 14:38:22.669,1.5394,1.53955,2.80,1.00
2010.09.10 14:38:23.289,1.53935,1.53955,4.50,2.80
2010.09.10 14:38:23.596,1.5394,1.53955,4.80,8.00
2010.09.10 14:38:24.225,1.5394,1.5396,6.40,5.60
2010.09.10 14:38:24.577,1.5394,1.5396,7.60,1.60
2010.09.10 14:38:24.828,1.5394,1.5396,8.40,1.60
2010.09.10 14:38:25.519,1.5394,1.5396,8.00,1.60
2010.09.10 14:38:26.171,1.5394,1.5396,7.60,1.60
2010.09.10 14:38:26.511,1.5394,1.5396,6.00,1.60
2010.09.10 14:38:27.149,1.5394,1.5396,7.60,1.60
2010.09.10 14:38:27.325,1.5394,1.5396,4.00,14.50
2010.09.10 14:38:27.672,1.53935,1.53955,4.90,1.60
2010.09.10 14:38:28.346,1.53935,1.53955,4.90,2.40
2010.09.10 14:38:28.659,1.5394,1.53955,2.80,2.40
2010.09.10 14:38:28.978,1.5394,1.53955,3.20,2.40
2010.09.10 14:38:29.866,1.5394,1.5395,1.20,1.00
2010.09.10 14:38:30.074,1.53935,1.5395,5.00,1.60
2010.09.10 14:38:30.279,1.53945,1.5395,1.00,1.60
2010.09.10 14:38:30.867,1.5394,1.53955,3.20,1.60
2010.09.10 14:38:31.912,1.5394,1.53955,3.20,1.00
2010.09.10 14:38:32.186,1.5395,1.53955,2.40,1.00
2010.09.10 14:38:32.451,1.53935,1.5395,1.80,1.00
2010.09.10 14:38:33.031,1.53935,1.5395,3.20,1.00
2010.09.10 14:38:33.729,1.53935,1.5395,1.60,1.00
2010.09.10 14:38:34.081,1.53935,1.53955,4.00,3.20
2010.09.10 14:38:34.705,1.53935,1.53955,4.00,3.70
2010.09.10 14:38:34.877,1.53935,1.53955,3.20,9.90
2010.09.10 14:38:35.046,1.53935,1.53955,1.00,12.30
2010.09.10 14:38:35.396,1.53935,1.53955,4.80,6.90
2010.09.10 14:38:35.746,1.53935,1.53955,8.20,4.00
2010.09.10 14:38:36.096,1.53935,1.53955,9.00,4.00
2010.09.10 14:38:41.919,1.53935,1.53955,4.20,2.90
2010.09.10 14:38:42.255,1.53935,1.53955,3.20,3.50
2010.09.10 14:38:42.424,1.53935,1.53955,3.20,12.30
2010.09.10 14:38:42.586,1.53935,1.53955,3.20,13.90
2010.09.10 14:38:45.632,1.5394,1.53955,7.40,9.60
2010.09.10 14:38:45.858,1.5394,1.53955,6.60,2.40
2010.09.10 14:38:46.186,1.5394,1.53955,5.00,2.40
2010.09.10 14:38:46.505,1.5394,1.53955,4.20,1.60
2010.09.10 14:38:46.663,1.5394,1.53955,3.40,1.00
2010.09.10 14:38:47.002,1.5394,1.53955,1.00,1.00
2010.09.10 14:38:47.203,1.5394,1.53955,3.80,1.00
2010.09.10 14:38:47.398,1.5394,1.53955,1.40,1.00
2010.09.10 14:38:47.596,1.5394,1.53955,1.00,1.60
2010.09.10 14:38:48.290,1.53935,1.53955,7.60,1.60
2010.09.10 14:38:50.735,1.5394,1.53955,1.00,1.00
2010.09.10 14:38:50.938,1.5394,1.5396,1.00,12.40
2010.09.10 14:38:51.483,1.5394,1.5396,1.00,10.00
2010.09.10 14:38:51.732,1.5394,1.5396,3.20,4.80
2010.09.10 14:38:51.979,1.5394,1.5396,3.20,2.40
2010.09.10 14:38:52.726,1.5394,1.5396,6.80,2.40
2010.09.10 14:38:53.283,1.5394,1.5396,7.60,1.60
2010.09.10 14:38:53.539,1.5394,1.5396,8.00,1.60
2010.09.10 14:38:54.741,1.5394,1.5396,4.00,1.60
2010.09.10 14:38:55.270,1.5394,1.5396,4.00,6.40
2010.09.10 14:38:56.143,1.5394,1.5396,3.20,6.40
2010.09.10 14:38:56.315,1.5394,1.53955,3.20,2.40
2010.09.10 14:38:56.858,1.5394,1.5396,2.80,6.40
2010.09.10 14:38:57.027,1.5394,1.5396,2.80,1.60
2010.09.10 14:38:57.194,1.5394,1.5396,3.60,1.60
2010.09.10 14:38:58.359,1.5394,1.5396,5.20,1.60
2010.09.10 14:38:59.734,1.5394,1.5396,5.60,1.60
2010.09.10 14:39:00.836,1.5394,1.5396,2.80,1.60
2010.09.10 14:39:00.926,1.5394,1.5396,1.60,1.60
2010.09.10 14:39:01.024,1.5394,1.5396,1.60,4.00
2010.09.10 14:39:01.116,1.5394,1.5396,1.60,6.40
2010.09.10 14:39:03.025,1.5394,1.5396,1.60,7.20
2010.09.10 14:39:03.612,1.5394,1.5396,1.60,9.60
2010.09.10 14:39:03.926,1.5394,1.5396,1.60,2.40
2010.09.10 14:39:04.235,1.5394,1.5396,1.60,7.20
2010.09.10 14:39:05.537,1.5394,1.5396,1.60,8.80
2010.09.10 14:39:05.902,1.5394,1.53955,1.60,1.00
2010.09.10 14:39:07.854,1.5394,1.5396,2.00,8.80
2010.09.10 14:39:08.316,1.5394,1.5396,8.40,3.20
2010.09.10 14:39:08.618,1.5394,1.5396,4.00,1.60
2010.09.10 14:39:12.003,1.5394,1.5396,4.40,1.60
2010.09.10 14:39:12.532,1.5394,1.5396,6.00,1.60
2010.09.10 14:39:12.659,1.5394,1.5396,6.80,1.00
2010.09.10 14:39:15.904,1.5394,1.5396,6.80,1.60
2010.09.10 14:39:16.337,1.5394,1.5396,8.80,1.60
2010.09.10 14:39:16.578,1.5394,1.5396,10.40,1.60
2010.09.10 14:39:16.853,1.5394,1.5396,10.40,1.00
2010.09.10 14:39:17.044,1.5394,1.5396,12.80,1.00
2010.09.10 14:39:17.233,1.53945,1.5396,1.00,1.00
2010.09.10 14:39:18.178,1.53945,1.53965,1.00,10.80
2010.09.10 14:39:18.766,1.53945,1.5397,1.00,16.90
2010.09.10 14:39:19.817,1.53945,1.53965,1.00,17.10
2010.09.10 14:39:20.346,1.5395,1.53965,2.40,19.90
2010.09.10 14:39:20.409,1.5395,1.5397,2.40,13.90
2010.09.10 14:39:20.614,1.5395,1.5397,2.40,13.40
2010.09.10 14:39:20.794,1.53945,1.5397,4.20,13.60
2010.09.10 14:39:20.853,1.53945,1.5397,4.20,16.00
2010.09.10 14:39:20.912,1.53945,1.5397,3.20,15.60
2010.09.10 14:39:21.304,1.5395,1.5397,2.40,15.60
2010.09.10 14:39:21.379,1.53955,1.5397,3.00,13.20
2010.09.10 14:39:21.739,1.5395,1.5397,1.00,17.40
2010.09.10 14:39:22.415,1.53945,1.53965,1.00,6.40
2010.09.10 14:39:22.716,1.53945,1.53965,1.00,7.30
2010.09.10 14:39:25.396,1.53945,1.53965,2.40,7.30
2010.09.10 14:39:25.475,1.53945,1.53965,4.80,7.30
2010.09.10 14:39:25.552,1.5395,1.53965,2.40,4.90
2010.09.10 14:39:25.954,1.53945,1.5397,4.00,11.40
2010.09.10 14:39:26.336,1.53945,1.5397,4.00,13.60
2010.09.10 14:39:26.718,1.53945,1.5397,2.40,15.80
2010.09.10 14:39:26.909,1.53945,1.53965,1.60,7.30
2010.09.10 14:39:27.452,1.53945,1.53965,1.00,11.20
2010.09.10 14:39:29.274,1.53945,1.5396,1.00,1.60
2010.09.10 14:39:31.286,1.53945,1.5396,1.60,1.60
2010.09.10 14:39:33.045,1.53945,1.5396,1.00,1.60
2010.09.10 14:39:34.803,1.53945,1.53955,1.00,1.00
2010.09.10 14:39:36.857,1.53945,1.5396,1.00,1.60
2010.09.10 14:39:41.637,1.5394,1.5396,12.50,1.60
2010.09.10 14:39:41.724,1.5394,1.5396,9.20,1.60
2010.09.10 14:39:41.884,1.5394,1.5396,8.40,1.60
2010.09.10 14:39:41.965,1.5394,1.5396,6.80,2.40
2010.09.10 14:39:42.484,1.5394,1.5396,5.20,2.40
2010.09.10 14:39:43.636,1.5394,1.5396,5.80,2.40
2010.09.10 14:39:43.969,1.5394,1.5396,6.60,2.40
2010.09.10 14:39:44.169,1.5394,1.5396,9.40,2.40
2010.09.10 14:39:45.905,1.5394,1.5396,5.60,2.40
2010.09.10 14:39:47.168,1.5394,1.53955,5.60,1.00
2010.09.10 14:39:47.428,1.5394,1.53955,4.80,1.00
2010.09.10 14:39:51.149,1.5394,1.53955,5.00,1.00
2010.09.10 14:39:51.582,1.5394,1.53955,5.20,1.00
2010.09.10 14:39:53.559,1.5394,1.53955,4.80,1.00
2010.09.10 14:40:00.077,1.5394,1.53955,4.80,1.00
2010.09.10 14:40:00.425,1.5394,1.53955,4.80,1.90
2010.09.10 14:40:00.677,1.53935,1.53955,12.20,3.40
2010.09.10 14:40:01.288,1.5393,1.5395,9.60,2.90
2010.09.10 14:40:01.588,1.5393,1.5395,4.80,2.90
2010.09.10 14:40:02.515,1.5393,1.5395,4.80,3.70
2010.09.10 14:40:03.174,1.5393,1.5395,4.80,5.30
2010.09.10 14:40:05.282,1.5393,1.5395,5.00,4.90
2010.09.10 14:40:05.402,1.5393,1.5395,5.20,4.50
2010.09.10 14:40:09.378,1.5393,1.5395,5.20,4.50
2010.09.10 14:40:09.735,1.53935,1.5395,1.00,4.80
2010.09.10 14:40:09.977,1.53935,1.5395,1.00,2.40
2010.09.10 14:40:11.237,1.53935,1.53945,1.00,1.00
2010.09.10 14:40:11.435,1.5393,1.53945,1.60,1.00
2010.09.10 14:40:11.835,1.5393,1.53945,1.60,1.00
2010.09.10 14:40:12.034,1.5393,1.53945,1.00,1.00
2010.09.10 14:40:12.194,1.5393,1.53945,3.20,1.00
2010.09.10 14:40:12.354,1.5393,1.53945,4.20,1.00
2010.09.10 14:40:33.480,1.5393,1.53945,4.20,1.00
2010.09.10 14:40:33.528,1.5393,1.53945,4.20,2.60
2010.09.10 14:40:33.964,1.5393,1.53945,1.00,3.40
2010.09.10 14:40:34.318,1.5392,1.53935,4.00,1.00
2010.09.10 14:40:34.672,1.5392,1.53935,3.40,1.20
2010.09.10 14:40:35.365,1.5392,1.53935,3.40,2.00
2010.09.10 14:40:35.713,1.5392,1.53935,3.40,1.70
2010.09.10 14:40:36.076,1.5392,1.53935,3.40,1.60
2010.09.10 14:40:36.382,1.53925,1.5394,1.00,9.60
2010.09.10 14:40:36.691,1.53925,1.5394,1.00,8.80
2010.09.10 14:40:36.999,1.53925,1.5394,1.00,4.80
2010.09.10 14:40:37.545,1.53925,1.5394,1.00,2.40
2010.09.10 14:40:39.495,1.53925,1.5394,1.00,1.60
2010.09.10 14:40:39.583,1.53925,1.5394,1.00,1.60
2010.09.10 14:40:39.766,1.5393,1.5394,1.00,1.60
2010.09.10 14:40:41.097,1.53925,1.5394,1.00,1.60
2010.09.10 14:40:41.408,1.53925,1.5394,1.00,1.60
2010.09.10 14:40:42.002,1.5393,1.53945,6.80,3.20
2010.09.10 14:40:42.255,1.53935,1.5395,1.00,3.20
2010.09.10 14:40:42.667,1.53935,1.5395,1.00,2.40
2010.09.10 14:40:43.867,1.53935,1.5395,1.00,2.40
2010.09.10 14:40:44.201,1.5394,1.53955,1.00,10.50
2010.09.10 14:40:44.647,1.5394,1.53955,1.00,8.10
2010.09.10 14:40:44.926,1.5394,1.53955,1.00,6.40
2010.09.10 14:40:48.649,1.5395,1.53955,1.00,6.40
2010.09.10 14:40:48.816,1.5394,1.53955,1.00,6.40
2010.09.10 14:40:50.270,1.5394,1.53955,4.80,1.60
2010.09.10 14:40:50.548,1.5394,1.53955,6.00,1.60
2010.09.10 14:40:50.894,1.5394,1.53955,6.60,1.60
2010.09.10 14:40:50.964,1.5394,1.53955,6.60,1.00
2010.09.10 14:40:51.103,1.5394,1.53955,7.00,1.00
2010.09.10 14:40:51.244,1.53945,1.53955,1.00,1.00
2010.09.10 14:40:51.663,1.53945,1.53955,1.00,1.00
2010.09.10 14:40:52.390,1.5394,1.53955,6.40,1.00
2010.09.10 14:40:52.577,1.5394,1.53955,1.20,1.00
2010.09.10 14:40:52.771,1.5394,1.53955,1.20,1.60
2010.09.10 14:40:53.387,1.5394,1.53955,1.20,1.60
2010.09.10 14:40:53.571,1.5394,1.53955,1.00,1.60
2010.09.10 14:40:53.747,1.5394,1.53955,1.00,1.60
2010.09.10 14:40:55.080,1.5394,1.53955,1.00,5.70
2010.09.10 14:40:55.242,1.53935,1.53955,1.00,12.00
2010.09.10 14:40:55.406,1.53935,1.53955,1.00,15.20
2010.09.10 14:40:55.567,1.53935,1.53955,1.00,16.80
2010.09.10 14:40:55.727,1.53935,1.53955,1.00,16.80
2010.09.10 14:40:55.889,1.53935,1.53955,1.00,18.20
2010.09.10 14:40:56.535,1.53935,1.5395,1.00,1.00
2010.09.10 14:40:56.815,1.5393,1.53945,4.80,1.00
2010.09.10 14:40:57.088,1.5393,1.53945,2.00,1.60
2010.09.10 14:40:57.522,1.5393,1.53945,1.00,1.60
2010.09.10 14:40:57.808,1.5393,1.53945,1.00,1.60
2010.09.10 14:40:59.347,1.53935,1.53945,1.00,1.60
2010.09.10 14:41:03.497,1.53935,1.53945,1.00,1.00
2010.09.10 14:41:03.732,1.53935,1.53945,1.00,1.00
2010.09.10 14:41:03.969,1.53935,1.53945,1.00,1.00
2010.09.10 14:41:06.279,1.5393,1.53945,1.00,1.00
2010.09.10 14:41:07.899,1.5393,1.53945,1.00,1.60
2010.09.10 14:41:08.142,1.5393,1.53945,1.00,1.60
2010.09.10 14:41:09.765,1.53935,1.53945,1.00,1.60
2010.09.10 14:41:10.667,1.5393,1.53945,1.00,1.60
2010.09.10 14:41:10.916,1.5393,1.53945,1.00,1.70
2010.09.10 14:41:11.373,1.53925,1.53945,4.00,1.70
2010.09.10 14:41:11.499,1.53925,1.53945,4.00,6.50
2010.09.10 14:41:11.625,1.53925,1.53945,4.00,6.40
2010.09.10 14:41:11.972,1.5393,1.53945,1.00,4.00
2010.09.10 14:41:12.446,1.5393,1.53945,1.00,1.60
2010.09.10 14:41:12.799,1.5393,1.53945,1.00,1.60
2010.09.10 14:41:13.029,1.53925,1.53945,5.60,1.60
2010.09.10 14:41:13.566,1.5393,1.53945,1.00,1.60
2010.09.10 14:41:13.800,1.5393,1.53945,1.00,14.50
2010.09.10 14:41:14.153,1.53925,1.53945,3.20,16.30
2010.09.10 14:41:14.823,1.53925,1.53945,3.20,16.10
2010.09.10 14:41:15.456,1.5393,1.53945,1.00,14.70
2010.09.10 14:41:15.777,1.5393,1.53945,1.00,14.50
2010.09.10 14:41:16.101,1.53925,1.53945,3.20,14.70
2010.09.10 14:41:16.621,1.53925,1.53945,5.60,6.90
2010.09.10 14:41:16.806,1.5393,1.53945,1.00,1.60
2010.09.10 14:41:17.967,1.5393,1.53945,1.00,1.60
2010.09.10 14:41:19.727,1.5393,1.53945,1.00,1.00
2010.09.10 14:41:20.348,1.53935,1.5395,1.80,9.20
2010.09.10 14:41:20.559,1.5394,1.53955,1.00,2.90
2010.09.10 14:41:20.760,1.5394,1.53955,3.40,2.40
2010.09.10 14:41:21.440,1.5394,1.5396,3.60,4.00
2010.09.10 14:41:21.779,1.5394,1.5396,3.20,4.00
2010.09.10 14:41:22.385,1.5394,1.5396,3.60,4.00
2010.09.10 14:41:22.658,1.5394,1.5396,8.40,3.20
2010.09.10 14:41:23.013,1.53945,1.5396,3.40,1.00
2010.09.10 14:41:23.292,1.5394,1.5396,19.60,1.00
2010.09.10 14:41:23.680,1.5394,1.5396,19.60,1.60
2010.09.10 14:41:25.045,1.5394,1.5396,19.90,1.60
2010.09.10 14:41:26.514,1.5394,1.5396,20.00,1.60
2010.09.10 14:41:28.160,1.5394,1.5396,19.20,1.60
2010.09.10 14:41:29.575,1.5394,1.5396,19.90,1.60
2010.09.10 14:41:29.895,1.5394,1.5396,17.20,1.60
2010.09.10 14:41:31.314,1.5395,1.5396,1.00,1.60
2010.09.10 14:41:31.606,1.5395,1.5396,1.00,1.00
2010.09.10 14:41:32.184,1.5395,1.53965,8.00,1.60
2010.09.10 14:41:32.451,1.5395,1.53975,14.80,10.00
2010.09.10 14:41:32.708,1.5395,1.53975,9.20,14.80
2010.09.10 14:41:33.703,1.5395,1.5397,3.20,2.90
2010.09.10 14:41:34.353,1.5395,1.5397,1.60,4.50
2010.09.10 14:41:34.611,1.53945,1.5397,5.60,9.30
2010.09.10 14:41:36.012,1.53945,1.53965,4.00,1.60
2010.09.10 14:41:37.992,1.53945,1.53965,4.00,1.60
2010.09.10 14:41:38.276,1.5395,1.53965,2.40,1.60
2010.09.10 14:41:38.754,1.5395,1.5397,9.00,6.90
2010.09.10 14:41:39.103,1.5395,1.53975,14.90,7.00
2010.09.10 14:41:40.288,1.5395,1.53975,15.70,7.00
2010.09.10 14:41:41.772,1.5395,1.53975,15.90,7.00
2010.09.10 14:41:43.601,1.5395,1.5397,15.80,3.20
2010.09.10 14:41:44.722,1.5395,1.53975,15.70,6.90
2010.09.10 14:41:45.222,1.5395,1.53975,10.50,12.90
2010.09.10 14:41:45.466,1.5395,1.53975,2.10,21.70
2010.09.10 14:41:46.328,1.5395,1.53975,1.30,21.70
2010.09.10 14:41:48.495,1.5395,1.5397,1.10,8.50
2010.09.10 14:41:50.044,1.5395,1.53965,1.10,1.00
2010.09.10 14:41:50.525,1.5395,1.5397,1.00,8.50
2010.09.10 14:41:50.826,1.5395,1.5397,1.00,17.70
2010.09.10 14:41:51.028,1.53945,1.5397,1.60,23.90
2010.09.10 14:41:51.133,1.53945,1.5397,1.60,23.90
2010.09.10 14:41:51.549,1.53945,1.5397,1.00,23.90
2010.09.10 14:41:51.788,1.5394,1.5396,5.20,6.40
2010.09.10 14:41:52.426,1.5394,1.5396,4.40,7.20
2010.09.10 14:41:56.215,1.5394,1.53955,3.60,1.00
2010.09.10 14:41:56.346,1.5394,1.53955,1.60,1.70
2010.09.10 14:41:56.487,1.53935,1.5395,1.60,1.00
2010.09.10 14:41:56.970,1.5393,1.53945,18.80,1.00
2010.09.10 14:41:57.128,1.5393,1.53945,1.00,1.00
2010.09.10 14:41:57.281,1.5393,1.53945,1.00,1.60
2010.09.10 14:41:58.069,1.5393,1.53945,1.00,1.90
2010.09.10 14:41:58.419,1.53925,1.53945,20.00,1.60
2010.09.10 14:41:58.957,1.53925,1.53945,19.20,1.00
2010.09.10 14:42:02.181,1.53925,1.5394,4.80,9.30
2010.09.10 14:42:02.695,1.5392,1.5394,3.20,13.60
2010.09.10 14:42:02.713,1.5392,1.5394,3.20,12.00
2010.09.10 14:42:03.033,1.5392,1.5394,6.00,3.20
2010.09.10 14:42:03.351,1.5392,1.5394,6.80,3.20
2010.09.10 14:42:08.773,1.5392,1.5394,6.80,2.40
2010.09.10 14:42:11.196,1.5392,1.5394,6.80,3.20
2010.09.10 14:42:11.343,1.5392,1.5394,6.40,3.20
2010.09.10 14:42:14.346,1.5392,1.5394,6.00,3.20
2010.09.10 14:42:14.802,1.5392,1.5394,5.60,3.20
2010.09.10 14:42:15.452,1.5392,1.5394,4.80,3.20
2010.09.10 14:42:17.704,1.5392,1.5394,4.00,3.20
2010.09.10 14:42:18.410,1.5392,1.5394,3.20,3.20
2010.09.10 14:42:20.037,1.5392,1.5394,1.60,3.20
2010.09.10 14:42:20.170,1.5392,1.53935,1.00,1.00
2010.09.10 14:42:20.289,1.5392,1.53935,1.00,1.10
2010.09.10 14:42:20.406,1.5392,1.53935,1.00,1.00
2010.09.10 14:42:20.528,1.5392,1.53935,2.40,1.00
2010.09.10 14:42:20.991,1.5392,1.53935,4.00,1.00
2010.09.10 14:42:21.116,1.5392,1.5394,4.00,3.20
2010.09.10 14:42:21.461,1.53925,1.5394,2.40,2.40
2010.09.10 14:42:22.367,1.53925,1.5394,2.40,1.00
2010.09.10 14:42:26.810,1.53925,1.5394,1.00,1.00
2010.09.10 14:42:26.979,1.53925,1.5394,2.40,1.00
2010.09.10 14:42:30.543,1.53925,1.5394,1.00,1.00
2010.09.10 14:42:38.280,1.53925,1.53945,2.00,4.80
2010.09.10 14:42:38.525,1.5393,1.53945,1.60,2.40
2010.09.10 14:42:38.760,1.5393,1.53945,4.00,1.00
2010.09.10 14:42:39.346,1.5393,1.5395,1.00,4.00
2010.09.10 14:42:42.679,1.5393,1.5395,1.60,3.20
2010.09.10 14:42:42.750,1.53935,1.5395,1.00,3.20
2010.09.10 14:42:42.813,1.53935,1.5395,1.00,3.20
2010.09.10 14:42:43.024,1.53935,1.5395,1.00,3.20
2010.09.10 14:42:52.680,1.53935,1.5395,1.00,3.20
2010.09.10 14:42:54.044,1.5393,1.5395,4.80,3.70
2010.09.10 14:42:55.342,1.5393,1.5395,4.00,3.70
2010.09.10 14:42:55.628,1.5393,1.5395,2.40,3.70
2010.09.10 14:42:55.918,1.5393,1.5395,2.40,3.20
2010.09.10 14:42:59.442,1.5393,1.53945,1.00,1.00
2010.09.10 14:42:59.711,1.5393,1.53945,1.00,1.00
2010.09.10 14:42:59.978,1.5393,1.53945,1.00,1.60
2010.09.10 14:43:03.536,1.53925,1.53945,3.20,1.60
2010.09.10 14:43:04.776,1.53925,1.5394,3.20,1.00
2010.09.10 14:43:15.423,1.53925,1.53945,4.00,3.20
2010.09.10 14:43:17.832,1.53925,1.53945,3.20,3.20
2010.09.10 14:43:19.819,1.53925,1.53945,4.00,3.20
2010.09.10 14:43:20.134,1.5393,1.53945,1.40,2.40
2010.09.10 14:43:20.354,1.5393,1.53945,1.50,2.40
2010.09.10 14:43:20.575,1.5393,1.53945,1.00,3.20
2010.09.10 14:43:21.018,1.5393,1.53945,1.00,1.00
2010.09.10 14:43:21.495,1.5393,1.53945,2.50,1.00
2010.09.10 14:43:23.727,1.5393,1.5395,4.10,3.20
2010.09.10 14:43:24.166,1.53935,1.5395,1.00,2.40
2010.09.10 14:43:26.362,1.53935,1.5395,1.00,3.20
2010.09.10 14:43:34.492,1.53935,1.5395,1.00,3.70
2010.09.10 14:43:34.686,1.5393,1.5395,1.00,11.70
2010.09.10 14:43:35.106,1.5393,1.53945,1.00,1.00
2010.09.10 14:43:42.935,1.5393,1.53945,1.00,1.00
2010.09.10 14:43:43.162,1.5393,1.53945,1.00,1.00
2010.09.10 14:43:48.103,1.5393,1.5394,1.00,1.00
2010.09.10 14:43:48.283,1.53925,1.5394,3.20,1.00
2010.09.10 14:43:48.457,1.53925,1.5394,3.30,1.00
2010.09.10 14:43:51.797,1.53925,1.53945,4.10,6.90
2010.09.10 14:43:51.985,1.5393,1.53945,4.80,3.70
2010.09.10 14:43:52.360,1.5393,1.53945,4.80,1.30
2010.09.10 14:43:52.556,1.5393,1.53945,5.70,1.00
2010.09.10 14:43:53.732,1.5393,1.53945,5.80,1.00
2010.09.10 14:43:56.933,1.5393,1.53945,3.40,1.30
2010.09.10 14:43:56.978,1.5393,1.53945,5.70,1.30
2010.09.10 14:43:57.942,1.5393,1.53945,5.80,1.30
2010.09.10 14:43:57.976,1.5393,1.53945,5.90,1.00
2010.09.10 14:44:02.279,1.5393,1.53945,5.90,1.30
2010.09.10 14:44:02.643,1.5393,1.53945,5.80,1.30
2010.09.10 14:44:02.743,1.5393,1.53945,6.60,1.30
2010.09.10 14:44:02.843,1.5393,1.53945,7.50,1.30
2010.09.10 14:44:03.249,1.5393,1.53945,7.90,1.30
2010.09.10 14:44:03.367,1.5393,1.53945,9.80,1.30
2010.09.10 14:44:03.575,1.5393,1.53945,9.00,1.30
2010.09.10 14:44:04.591,1.5393,1.53945,8.00,1.50
2010.09.10 14:44:04.948,1.53925,1.5394,9.60,1.00
2010.09.10 14:44:05.056,1.53925,1.5394,6.40,1.00
2010.09.10 14:44:05.516,1.53925,1.5394,8.00,2.40
2010.09.10 14:44:05.967,1.53925,1.53935,8.00,1.00
2010.09.10 14:44:06.657,1.5392,1.5393,1.60,54.10
2010.09.10 14:44:06.990,1.53915,1.5393,1.00,1.00
2010.09.10 14:44:07.590,1.53915,1.5393,1.60,1.00
2010.09.10 14:44:07.725,1.53915,1.5393,5.60,1.00
2010.09.10 14:44:08.395,1.53915,1.53935,10.80,5.30
2010.09.10 14:44:08.744,1.5392,1.53935,1.00,2.00
2010.09.10 14:44:09.083,1.5392,1.53935,1.00,2.00
2010.09.10 14:44:09.417,1.5392,1.53935,1.00,1.80
2010.09.10 14:44:10.217,1.5392,1.53935,1.00,2.00
2010.09.10 14:44:10.679,1.5392,1.53935,1.00,2.00
2010.09.10 14:44:11.255,1.5392,1.53935,1.00,2.00
2010.09.10 14:44:12.064,1.5392,1.53935,3.20,2.10
2010.09.10 14:44:12.606,1.5392,1.5393,1.00,1.00
2010.09.10 14:44:12.844,1.53915,1.5393,3.30,1.00
2010.09.10 14:44:13.077,1.53915,1.5393,3.20,1.00
2010.09.10 14:44:13.538,1.53915,1.5393,3.30,1.00
2010.09.10 14:44:14.131,1.53915,1.5393,3.20,1.00
2010.09.10 14:44:14.448,1.53915,1.5393,1.60,1.00
2010.09.10 14:44:14.767,1.53915,1.5393,1.60,2.40
2010.09.10 14:44:16.038,1.53915,1.5393,4.00,2.40
2010.09.10 14:44:16.296,1.53915,1.5393,1.60,2.40
2010.09.10 14:44:17.067,1.53915,1.53925,1.00,1.00
2010.09.10 14:44:17.238,1.53915,1.53925,1.00,1.00
2010.09.10 14:44:17.588,1.5391,1.5393,3.20,2.40
2010.09.10 14:44:18.073,1.53915,1.5393,1.00,2.80
2010.09.10 14:44:18.420,1.53915,1.5393,1.00,2.40
2010.09.10 14:44:19.142,1.53915,1.5393,1.00,1.60
2010.09.10 14:44:19.526,1.53915,1.53935,1.00,10.30
2010.09.10 14:44:19.822,1.53915,1.53935,10.80,4.20
2010.09.10 14:44:20.109,1.53915,1.53935,10.80,3.40
2010.09.10 14:44:20.714,1.53915,1.53935,10.80,4.20
2010.09.10 14:44:21.029,1.53915,1.53935,10.90,4.20
2010.09.10 14:44:21.651,1.53915,1.5393,7.60,1.00
2010.09.10 14:44:21.958,1.53915,1.5393,3.20,1.00
2010.09.10 14:44:23.513,1.53915,1.5393,5.70,1.00
2010.09.10 14:44:23.596,1.53915,1.5393,8.90,1.00
2010.09.10 14:44:23.675,1.53915,1.53935,8.90,4.00
2010.09.10 14:44:23.836,1.53915,1.53935,10.90,4.00
2010.09.10 14:44:24.570,1.53915,1.53935,11.00,4.20
2010.09.10 14:44:24.905,1.53915,1.5393,3.30,1.00
2010.09.10 14:44:31.255,1.53915,1.5393,5.80,1.00
2010.09.10 14:44:31.386,1.53915,1.5393,6.60,1.00
2010.09.10 14:44:31.425,1.53915,1.53935,6.60,4.10
2010.09.10 14:44:31.784,1.53915,1.53935,7.00,4.10
2010.09.10 14:44:31.950,1.5392,1.53935,8.40,1.00
2010.09.10 14:44:32.098,1.53925,1.53935,2.40,1.00
2010.09.10 14:44:32.247,1.53925,1.5394,2.40,1.60
2010.09.10 14:44:32.546,1.53925,1.53945,2.40,8.00
2010.09.10 14:44:33.127,1.53925,1.53945,3.20,8.00
2010.09.10 14:44:33.424,1.5393,1.53945,1.20,2.40
2010.09.10 14:44:33.713,1.5393,1.53945,1.20,1.00
2010.09.10 14:44:34.393,1.5393,1.53945,2.40,1.00
2010.09.10 14:44:34.897,1.5393,1.5395,2.40,4.50
2010.09.10 14:44:36.377,1.53935,1.5395,1.00,2.40
2010.09.10 14:44:36.886,1.53935,1.5395,2.40,2.40
2010.09.10 14:44:37.314,1.53935,1.53955,6.80,4.00
2010.09.10 14:44:37.945,1.5394,1.53955,1.00,2.40
2010.09.10 14:44:39.130,1.5394,1.5396,4.00,4.80
2010.09.10 14:44:39.469,1.5394,1.53955,3.20,1.00
2010.09.10 14:44:40.116,1.5394,1.53955,5.60,1.00
2010.09.10 14:44:40.459,1.5394,1.5396,5.60,3.20
2010.09.10 14:44:40.806,1.53945,1.5396,1.60,3.20
2010.09.10 14:44:41.806,1.53945,1.5396,2.40,2.40
2010.09.10 14:44:42.269,1.53945,1.5396,1.00,2.40
2010.09.10 14:44:42.507,1.5394,1.5396,3.90,3.70
2010.09.10 14:44:42.746,1.5394,1.5396,3.50,4.50
2010.09.10 14:44:44.227,1.5394,1.53955,3.50,1.00
2010.09.10 14:44:47.755,1.5394,1.53955,1.60,1.00
2010.09.10 14:44:47.962,1.53935,1.5395,5.60,1.00
2010.09.10 14:44:48.521,1.53935,1.5395,1.00,1.30
2010.09.10 14:44:48.871,1.5393,1.5394,2.40,1.00
2010.09.10 14:44:49.503,1.5393,1.5394,1.60,1.00
2010.09.10 14:44:49.860,1.53925,1.5394,4.00,1.00
2010.09.10 14:44:50.184,1.53925,1.5394,3.20,1.00
2010.09.10 14:44:56.472,1.53925,1.53935,3.20,1.60
2010.09.10 14:44:57.023,1.53925,1.53935,2.40,1.20
2010.09.10 14:44:57.246,1.5392,1.53935,2.40,1.20
2010.09.10 14:44:57.491,1.5392,1.5393,2.40,1.00
2010.09.10 14:44:58.310,1.5392,1.5393,1.00,1.00
2010.09.10 14:45:01.446,1.5392,1.5393,2.40,1.00
2010.09.10 14:45:01.728,1.53915,1.53925,1.00,1.00
2010.09.10 14:45:02.245,1.5391,1.53925,3.20,1.00
2010.09.10 14:45:02.442,1.5391,1.53925,3.20,1.40
2010.09.10 14:45:03.156,1.53915,1.53925,1.60,1.40
2010.09.10 14:45:04.051,1.5391,1.53925,3.20,1.40
2010.09.10 14:45:04.268,1.5391,1.53925,3.30,1.60
2010.09.10 14:45:04.927,1.5391,1.53925,2.40,1.60
2010.09.10 14:45:05.745,1.5391,1.53915,2.40,1.00
2010.09.10 14:45:06.284,1.53905,1.5392,5.60,2.80
2010.09.10 14:45:06.730,1.53905,1.5392,8.00,2.80
2010.09.10 14:45:06.922,1.53905,1.5392,3.30,2.70
2010.09.10 14:45:07.744,1.53905,1.5392,5.70,2.70
2010.09.10 14:45:08.722,1.53905,1.5392,5.60,2.70
2010.09.10 14:45:09.957,1.53905,1.5392,5.70,2.40
2010.09.10 14:45:10.310,1.53905,1.5392,3.20,2.00
2010.09.10 14:45:10.654,1.53905,1.5392,3.30,2.00
2010.09.10 14:45:10.884,1.53905,1.5392,8.10,2.00
2010.09.10 14:45:11.003,1.53905,1.5392,5.70,2.00
2010.09.10 14:45:11.577,1.53905,1.5392,3.20,2.00
2010.09.10 14:45:12.193,1.53905,1.5392,6.20,1.20
2010.09.10 14:45:12.735,1.53905,1.5392,9.00,1.00
2010.09.10 14:45:13.019,1.53905,1.5392,3.20,1.00
2010.09.10 14:45:16.524,1.53905,1.5392,3.30,1.00
2010.09.10 14:45:19.565,1.53905,1.5392,3.20,1.00
2010.09.10 14:45:20.101,1.53905,1.5392,3.30,1.00
2010.09.10 14:45:20.411,1.53905,1.53915,2.40,1.00
2010.09.10 14:45:20.714,1.53905,1.53915,1.00,1.60
2010.09.10 14:45:21.060,1.53905,1.53915,1.00,1.60
2010.09.10 14:45:21.365,1.53905,1.53915,1.00,1.60
2010.09.10 14:45:21.707,1.53905,1.53915,1.00,1.40
2010.09.10 14:45:22.591,1.53905,1.53915,1.00,1.00
2010.09.10 14:45:22.801,1.53905,1.5392,2.40,4.80
2010.09.10 14:45:23.011,1.53905,1.5392,3.20,1.00
2010.09.10 14:45:24.748,1.53905,1.5392,3.20,1.00
2010.09.10 14:45:25.520,1.53905,1.5392,3.20,1.00
2010.09.10 14:45:28.828,1.53905,1.5392,1.60,1.00
2010.09.10 14:45:31.014,1.53905,1.5392,1.00,1.00
2010.09.10 14:45:32.166,1.53905,1.5392,2.40,1.00
2010.09.10 14:45:34.226,1.53905,1.53915,1.00,1.00
2010.09.10 14:45:34.675,1.53905,1.53915,1.00,1.00
2010.09.10 14:45:35.036,1.53905,1.53915,1.00,1.00
2010.09.10 14:45:35.382,1.53905,1.53915,2.40,1.00
2010.09.10 14:45:35.948,1.53905,1.53915,3.20,1.00
2010.09.10 14:45:37.877,1.53905,1.5392,3.20,1.60
2010.09.10 14:45:38.173,1.53905,1.5392,3.20,1.20
2010.09.10 14:45:38.234,1.53905,1.5392,5.60,1.20
2010.09.10 14:45:38.274,1.53905,1.5392,6.00,1.00
2010.09.10 14:45:38.672,1.53905,1.5392,6.80,1.00
2010.09.10 14:45:40.267,1.5391,1.5392,1.00,1.00
2010.09.10 14:45:43.155,1.53905,1.5392,6.80,1.00
2010.09.10 14:45:45.675,1.5391,1.5392,1.00,1.00
2010.09.10 14:45:45.829,1.5391,1.5392,1.00,1.00
2010.09.10 14:45:48.238,1.5391,1.53925,1.30,3.70
2010.09.10 14:45:48.373,1.5391,1.53925,2.10,2.10
2010.09.10 14:45:50.603,1.5391,1.53925,2.10,2.00
2010.09.10 14:45:51.895,1.5391,1.53925,1.30,2.00
2010.09.10 14:45:56.997,1.5391,1.5392,1.00,1.00
2010.09.10 14:45:57.033,1.5391,1.5392,1.00,1.00
2010.09.10 14:45:58.275,1.5391,1.53925,1.00,1.80
2010.09.10 14:45:58.375,1.5391,1.53925,1.00,1.60
2010.09.10 14:45:59.515,1.5391,1.53925,1.00,1.20
2010.09.10 14:46:01.960,1.53905,1.53915,1.00,1.00
2010.09.10 14:46:02.249,1.53905,1.53915,2.40,1.00
2010.09.10 14:46:03.576,1.53905,1.5392,2.40,1.00
2010.09.10 14:46:07.977,1.53905,1.5392,1.00,1.00
2010.09.10 14:46:08.206,1.53905,1.5392,2.40,1.00
2010.09.10 14:46:09.193,1.53905,1.5392,1.00,1.00
2010.09.10 14:46:14.416,1.53905,1.5392,2.40,1.00
2010.09.10 14:46:17.279,1.53905,1.5392,1.00,1.00
2010.09.10 14:46:17.469,1.53905,1.5392,1.00,1.00
2010.09.10 14:46:17.654,1.53905,1.5392,1.00,1.00
2010.09.10 14:46:21.018,1.53905,1.5392,1.00,1.00
2010.09.10 14:46:23.090,1.53905,1.5392,1.00,1.60
2010.09.10 14:46:23.713,1.53905,1.5392,1.00,2.00
2010.09.10 14:46:23.773,1.539,1.53915,4.10,1.00
2010.09.10 14:46:24.508,1.539,1.53915,3.30,1.00
2010.09.10 14:46:25.185,1.539,1.53915,1.70,1.00
2010.09.10 14:46:26.558,1.539,1.53915,1.00,1.00
2010.09.10 14:46:26.873,1.539,1.53915,1.00,1.10
2010.09.10 14:46:27.284,1.539,1.53915,1.00,1.20
2010.09.10 14:46:27.746,1.539,1.53915,1.00,1.20
2010.09.10 14:46:28.374,1.539,1.53915,1.00,1.00
2010.09.10 14:46:28.540,1.539,1.53915,1.00,1.00
2010.09.10 14:46:28.709,1.539,1.53915,1.00,1.00
2010.09.10 14:46:30.207,1.539,1.53915,1.00,1.00
2010.09.10 14:46:31.880,1.539,1.53915,1.00,1.00
2010.09.10 14:46:34.704,1.539,1.53915,1.00,1.00
2010.09.10 14:46:35.728,1.539,1.53915,10.10,1.00
2010.09.10 14:46:35.784,1.539,1.53915,11.60,1.00
2010.09.10 14:46:35.844,1.539,1.53915,10.00,1.00
2010.09.10 14:46:35.903,1.539,1.53915,7.60,1.00
2010.09.10 14:46:35.964,1.539,1.53915,4.40,1.00
2010.09.10 14:46:36.025,1.539,1.53915,2.00,1.00
2010.09.10 14:46:36.085,1.539,1.53915,1.00,1.00
2010.09.10 14:46:36.143,1.53895,1.53915,6.00,1.00
2010.09.10 14:46:36.203,1.53895,1.53915,2.80,1.00
2010.09.10 14:46:36.313,1.53895,1.53915,6.50,1.00
2010.09.10 14:46:36.375,1.53895,1.53915,8.10,1.00
2010.09.10 14:46:36.434,1.539,1.53915,1.00,1.00
2010.09.10 14:46:36.495,1.539,1.53915,1.00,1.20
2010.09.10 14:46:36.785,1.539,1.53915,1.60,1.20
2010.09.10 14:46:37.757,1.539,1.53915,1.60,1.20
2010.09.10 14:46:38.718,1.539,1.53915,1.60,1.20
2010.09.10 14:46:43.905,1.539,1.53915,1.60,1.20
2010.09.10 14:46:44.636,1.539,1.53915,1.60,1.20
2010.09.10 14:46:46.077,1.539,1.53915,1.70,1.20
2010.09.10 14:46:46.671,1.539,1.53915,1.60,1.20
2010.09.10 14:46:46.896,1.539,1.53915,1.70,1.20
2010.09.10 14:46:48.054,1.53895,1.53915,12.40,2.10
2010.09.10 14:46:48.326,1.53895,1.53915,10.80,2.80
2010.09.10 14:46:48.880,1.53895,1.53915,10.80,3.60
2010.09.10 14:46:49.233,1.53895,1.53915,10.80,3.20
2010.09.10 14:46:49.581,1.53895,1.53915,12.40,3.20
2010.09.10 14:46:49.997,1.53895,1.5391,7.60,1.00
2010.09.10 14:46:50.356,1.53895,1.5391,1.60,1.00
2010.09.10 14:46:53.517,1.53895,1.5391,1.60,1.00
2010.09.10 14:46:53.727,1.53895,1.5391,1.60,1.00
2010.09.10 14:46:53.938,1.53895,1.5391,3.20,1.00
2010.09.10 14:46:54.151,1.53895,1.5391,1.60,1.00
2010.09.10 14:46:54.931,1.53895,1.5391,3.20,1.00
2010.09.10 14:46:55.586,1.53895,1.5391,3.30,1.00
2010.09.10 14:46:56.272,1.53895,1.5391,5.60,1.00
2010.09.10 14:46:56.616,1.53895,1.5391,8.00,1.00
2010.09.10 14:46:56.894,1.53895,1.5391,10.40,1.00
2010.09.10 14:46:58.204,1.53895,1.5391,8.00,1.00
2010.09.10 14:46:58.925,1.53895,1.5391,10.40,1.00
2010.09.10 14:46:59.736,1.53895,1.5391,10.50,1.00
2010.09.10 14:47:00.216,1.53895,1.5391,10.40,1.00
2010.09.10 14:47:00.356,1.539,1.5392,2.40,4.00
2010.09.10 14:47:00.615,1.539,1.5392,3.20,4.00
2010.09.10 14:47:01.584,1.539,1.5392,3.30,4.00
2010.09.10 14:47:01.823,1.539,1.5392,4.10,4.00
2010.09.10 14:47:02.286,1.539,1.5392,4.00,4.00
2010.09.10 14:47:03.057,1.539,1.5392,4.00,3.20
2010.09.10 14:47:03.711,1.539,1.5392,5.20,2.40
2010.09.10 14:47:05.824,1.539,1.5392,5.20,2.40
2010.09.10 14:47:06.105,1.539,1.5392,5.50,2.40
2010.09.10 14:47:07.894,1.53905,1.5392,1.00,2.40
2010.09.10 14:47:09.363,1.539,1.5392,4.90,3.20
2010.09.10 14:47:11.194,1.539,1.53915,1.60,1.30
2010.09.10 14:47:11.457,1.539,1.53915,1.00,3.90
2010.09.10 14:47:12.039,1.53895,1.5391,1.60,1.60
2010.09.10 14:47:12.454,1.53895,1.5391,1.60,2.40
2010.09.10 14:47:12.617,1.53895,1.5391,1.00,2.40
2010.09.10 14:47:15.564,1.53895,1.5391,1.00,2.40
2010.09.10 14:47:16.377,1.53895,1.5391,1.00,2.40
2010.09.10 14:47:16.812,1.53895,1.5391,1.00,2.90
2010.09.10 14:47:16.884,1.53895,1.5391,1.00,4.50
2010.09.10 14:47:17.025,1.53895,1.5391,1.00,4.80
2010.09.10 14:47:17.304,1.53895,1.5391,1.60,3.20
2010.09.10 14:47:17.373,1.53895,1.5391,1.60,2.40
2010.09.10 14:47:17.897,1.53895,1.5391,2.00,2.40
2010.09.10 14:47:18.417,1.53895,1.5391,1.60,2.40
2010.09.10 14:47:19.855,1.53895,1.5391,1.60,2.90
2010.09.10 14:47:20.115,1.53895,1.53905,1.00,1.00
2010.09.10 14:47:20.370,1.53895,1.5391,1.00,3.70
2010.09.10 14:47:21.197,1.53895,1.5391,4.10,2.40
2010.09.10 14:47:21.497,1.539,1.5391,1.00,2.40
2010.09.10 14:47:22.682,1.53895,1.5391,10.10,2.40
2010.09.10 14:47:22.957,1.53895,1.5391,10.20,2.40
2010.09.10 14:47:23.232,1.53895,1.5391,6.80,4.00
2010.09.10 14:47:23.575,1.53895,1.5391,1.20,4.00
2010.09.10 14:47:23.865,1.5389,1.5391,17.60,5.60
2010.09.10 14:47:24.150,1.5389,1.5391,17.70,5.60
2010.09.10 14:47:25.080,1.5389,1.5391,8.00,6.50
2010.09.10 14:47:25.385,1.53885,1.539,4.10,3.20
2010.09.10 14:47:25.679,1.53885,1.539,1.70,4.00
2010.09.10 14:47:26.729,1.53885,1.539,6.50,4.00
2010.09.10 14:47:26.989,1.53885,1.539,6.40,4.00
2010.09.10 14:47:27.921,1.53885,1.539,1.60,4.00
2010.09.10 14:47:31.817,1.53885,1.539,1.70,4.00
2010.09.10 14:47:32.670,1.53885,1.539,1.90,4.00
2010.09.10 14:47:32.846,1.53885,1.539,2.30,4.00
2010.09.10 14:47:35.055,1.53885,1.539,2.20,4.00
2010.09.10 14:47:35.176,1.53885,1.539,2.00,4.00
2010.09.10 14:47:35.235,1.53885,1.539,1.20,4.40
2010.09.10 14:47:35.648,1.5388,1.5389,4.40,1.60
2010.09.10 14:47:35.718,1.5388,1.5389,2.00,1.60
2010.09.10 14:47:35.785,1.5388,1.5389,1.00,1.60
2010.09.10 14:47:36.507,1.53875,1.5389,5.20,1.60
2010.09.10 14:47:36.853,1.53875,1.5389,7.60,1.60
2010.09.10 14:47:37.636,1.53875,1.53885,5.20,1.00
2010.09.10 14:47:37.859,1.53875,1.5388,1.60,1.60
2010.09.10 14:47:38.710,1.53875,1.5388,1.00,1.60
2010.09.10 14:47:38.831,1.5387,1.5388,1.20,1.60
2010.09.10 14:47:39.425,1.5387,1.5388,2.80,1.60
2010.09.10 14:47:39.544,1.5387,1.5388,2.40,1.60
2010.09.10 14:47:40.077,1.5387,1.5388,1.00,1.60
2010.09.10 14:47:41.800,1.5387,1.5388,1.60,1.60
2010.09.10 14:47:42.079,1.53875,1.53885,1.00,1.00
2010.09.10 14:47:42.459,1.53875,1.53885,2.00,1.00
2010.09.10 14:47:42.740,1.53875,1.53885,5.60,1.00
2010.09.10 14:47:43.009,1.53875,1.5389,6.80,2.40
2010.09.10 14:47:43.284,1.53875,1.53885,3.20,1.00
2010.09.10 14:47:43.766,1.53875,1.53885,1.00,1.00
2010.09.10 14:47:44.083,1.53865,1.53885,5.20,2.20
2010.09.10 14:47:44.710,1.53865,1.53885,6.00,2.00
2010.09.10 14:47:45.013,1.53865,1.53885,6.00,2.00
2010.09.10 14:47:45.359,1.53865,1.53885,6.00,2.00
2010.09.10 14:47:46.389,1.5387,1.5389,5.20,12.50
2010.09.10 14:47:46.678,1.53875,1.5389,1.00,2.40
2010.09.10 14:47:47.714,1.5387,1.5389,12.40,4.50
2010.09.10 14:47:47.942,1.5387,1.5389,9.20,6.10
2010.09.10 14:47:48.898,1.5387,1.5389,6.80,6.10
2010.09.10 14:47:49.203,1.5387,1.5389,4.40,6.10
2010.09.10 14:47:54.008,1.5387,1.5389,3.60,6.10
2010.09.10 14:47:54.756,1.5387,1.5389,3.60,6.10
2010.09.10 14:47:55.434,1.5387,1.5389,3.60,6.10
2010.09.10 14:47:56.826,1.5387,1.5389,3.60,6.50
2010.09.10 14:47:57.066,1.5387,1.5389,3.60,6.90
2010.09.10 14:47:57.586,1.5387,1.5389,3.60,6.50
2010.09.10 14:47:57.729,1.5387,1.5389,3.60,6.10
2010.09.10 14:47:58.843,1.5387,1.53885,3.60,1.00
2010.09.10 14:47:58.974,1.5387,1.53885,3.60,1.10
2010.09.10 14:48:00.037,1.5387,1.53885,4.40,1.10
2010.09.10 14:48:00.731,1.53875,1.53885,1.20,1.00
2010.09.10 14:48:01.148,1.53875,1.5389,2.00,4.00
2010.09.10 14:48:01.269,1.5388,1.5389,1.30,1.60
2010.09.10 14:48:01.722,1.5388,1.53895,2.90,2.00
2010.09.10 14:48:02.075,1.5388,1.539,3.70,6.50
2010.09.10 14:48:02.421,1.5388,1.539,2.10,6.10
2010.09.10 14:48:02.847,1.5388,1.53895,2.10,1.00
2010.09.10 14:48:03.470,1.5388,1.53895,1.00,1.00
2010.09.10 14:48:03.887,1.5388,1.53895,1.00,1.20
2010.09.10 14:48:04.238,1.53875,1.5389,7.60,1.60
2010.09.10 14:48:04.590,1.5388,1.53895,1.00,1.00
2010.09.10 14:48:04.939,1.5388,1.53895,1.00,1.00
2010.09.10 14:48:06.090,1.5388,1.53895,2.00,1.00
2010.09.10 14:48:06.307,1.5388,1.53895,2.80,1.00
2010.09.10 14:48:06.791,1.5388,1.539,2.80,4.50
2010.09.10 14:48:07.017,1.53875,1.5389,7.60,1.00
2010.09.10 14:48:07.376,1.53875,1.53885,1.60,1.20
2010.09.10 14:48:07.839,1.53875,1.53885,1.60,1.30
2010.09.10 14:48:08.198,1.5387,1.53885,3.20,1.00
2010.09.10 14:48:08.843,1.5387,1.5389,4.40,3.20
2010.09.10 14:48:09.501,1.5387,1.5389,2.80,3.20
2010.09.10 14:48:10.103,1.5387,1.5389,1.60,3.20
2010.09.10 14:48:10.449,1.53875,1.5389,1.00,3.20
2010.09.10 14:48:11.277,1.53875,1.5389,1.00,3.20
2010.09.10 14:48:13.465,1.53875,1.5389,1.00,3.20
2010.09.10 14:48:14.973,1.53875,1.5389,1.00,3.20
2010.09.10 14:48:16.602,1.53875,1.5389,1.00,5.60
2010.09.10 14:48:17.548,1.53875,1.5389,1.00,4.80
2010.09.10 14:48:25.337,1.5387,1.5389,1.60,6.00
2010.09.10 14:48:25.657,1.5387,1.5389,1.60,6.40
2010.09.10 14:48:26.221,1.5387,1.5389,2.00,5.60
2010.09.10 14:48:26.479,1.5387,1.5389,3.20,5.60
2010.09.10 14:48:28.287,1.5387,1.5389,3.20,3.20
2010.09.10 14:48:28.491,1.5387,1.5389,3.60,3.20
2010.09.10 14:48:28.687,1.5387,1.5389,3.20,3.20
2010.09.10 14:48:30.082,1.5387,1.5389,3.20,4.00
2010.09.10 14:48:31.444,1.5387,1.5389,6.00,4.00
2010.09.10 14:48:31.576,1.5387,1.5389,6.00,3.20
2010.09.10 14:48:32.153,1.5387,1.5389,10.00,1.60
2010.09.10 14:48:32.441,1.53875,1.53895,1.60,5.20
2010.09.10 14:48:32.713,1.53875,1.5389,1.00,2.40
2010.09.10 14:48:33.391,1.53875,1.5389,1.00,4.00
2010.09.10 14:48:35.178,1.5387,1.5389,1.60,14.10
2010.09.10 14:48:35.503,1.5387,1.5389,1.00,13.30
2010.09.10 14:48:36.401,1.53865,1.5388,4.80,5.60
2010.09.10 14:48:36.601,1.53865,1.53875,1.00,1.30
2010.09.10 14:48:37.284,1.53865,1.5388,1.00,1.30
2010.09.10 14:48:37.635,1.53865,1.5388,1.00,2.90
2010.09.10 14:48:37.979,1.5386,1.5388,3.20,6.10
2010.09.10 14:48:38.675,1.5386,1.5388,1.60,11.30
2010.09.10 14:48:39.020,1.5386,1.5388,1.60,10.90
2010.09.10 14:48:40.588,1.5386,1.53875,1.60,1.60
2010.09.10 14:48:45.279,1.5386,1.5388,1.60,10.40
2010.09.10 14:48:45.396,1.5386,1.5388,1.60,8.00
2010.09.10 14:48:45.843,1.53865,1.5388,1.00,5.60
2010.09.10 14:48:47.645,1.53865,1.5388,1.00,4.80
2010.09.10 14:48:51.498,1.53865,1.5388,1.00,2.40
2010.09.10 14:48:52.435,1.53865,1.5388,1.00,2.40
2010.09.10 14:48:52.557,1.53865,1.5388,1.00,4.00
2010.09.10 14:48:52.929,1.53865,1.5388,1.60,4.00
2010.09.10 14:48:53.118,1.5387,1.5388,1.00,2.40
2010.09.10 14:48:53.736,1.53865,1.5388,1.60,1.60
2010.09.10 14:48:53.895,1.5387,1.5388,1.00,1.60
2010.09.10 14:48:54.056,1.5387,1.5388,1.00,6.40
2010.09.10 14:48:54.215,1.53865,1.5388,1.00,8.80
2010.09.10 14:48:54.377,1.53865,1.5388,1.00,4.00
2010.09.10 14:48:54.749,1.5387,1.5388,1.00,5.60
2010.09.10 14:48:55.102,1.53865,1.5388,1.00,3.20
2010.09.10 14:48:56.346,1.53865,1.5388,1.00,4.80
2010.09.10 14:48:56.575,1.5386,1.53875,1.60,1.00
2010.09.10 14:48:57.506,1.53865,1.5388,1.00,1.60
2010.09.10 14:48:57.848,1.53865,1.53885,2.40,5.60
2010.09.10 14:48:59.038,1.53865,1.53885,4.00,5.60
2010.09.10 14:49:00.232,1.53865,1.5388,1.00,1.00
2010.09.10 14:49:00.457,1.5386,1.5388,4.80,6.40
2010.09.10 14:49:01.000,1.5386,1.5388,4.00,4.80
2010.09.10 14:49:01.218,1.53865,1.5388,1.00,4.00
2010.09.10 14:49:08.036,1.53865,1.5388,1.20,2.40
2010.09.10 14:49:08.689,1.53865,1.53885,3.20,2.90
2010.09.10 14:49:09.276,1.53865,1.5388,1.60,1.60
2010.09.10 14:49:09.626,1.53865,1.5388,1.60,4.00
2010.09.10 14:49:09.967,1.53865,1.5388,1.00,4.00
2010.09.10 14:49:12.856,1.53865,1.5388,1.00,6.40
2010.09.10 14:49:13.147,1.53865,1.5388,1.00,8.80
2010.09.10 14:49:14.787,1.53865,1.5388,1.00,9.60
2010.09.10 14:49:17.238,1.53865,1.5388,1.00,12.80
2010.09.10 14:49:17.844,1.5386,1.5388,1.60,16.00
2010.09.10 14:49:18.117,1.5386,1.5388,1.60,16.10
2010.09.10 14:49:18.599,1.5386,1.5388,1.60,16.00
2010.09.10 14:49:19.146,1.5386,1.5388,1.60,17.60
2010.09.10 14:49:21.605,1.5386,1.5388,1.60,16.00
2010.09.10 14:49:24.316,1.5386,1.53875,1.60,1.00
2010.09.10 14:49:24.932,1.5386,1.53875,1.60,1.00
2010.09.10 14:49:25.109,1.5386,1.53875,1.60,10.50
2010.09.10 14:49:25.288,1.53855,1.53875,9.40,8.90
2010.09.10 14:49:25.788,1.53855,1.53875,11.80,4.30
2010.09.10 14:49:26.140,1.53855,1.53875,11.80,1.80
2010.09.10 14:49:26.485,1.53855,1.53875,11.80,1.70
2010.09.10 14:49:28.858,1.5386,1.53875,1.60,1.00
2010.09.10 14:49:30.765,1.5386,1.5388,1.60,5.60
2010.09.10 14:49:31.007,1.5386,1.5388,3.20,5.60
2010.09.10 14:49:31.983,1.5386,1.5388,3.20,5.20
2010.09.10 14:49:32.114,1.5386,1.5388,3.20,4.80
2010.09.10 14:49:38.567,1.5386,1.5388,1.60,4.00
2010.09.10 14:49:40.128,1.5386,1.5388,3.20,4.00
2010.09.10 14:49:40.797,1.5386,1.5388,3.20,3.20
2010.09.10 14:49:41.237,1.5386,1.5388,3.20,3.60
2010.09.10 14:49:41.583,1.5386,1.5388,3.20,4.00
2010.09.10 14:49:47.318,1.5386,1.5387,1.60,1.30
2010.09.10 14:49:47.754,1.53855,1.5387,13.00,5.30
2010.09.10 14:49:47.807,1.5386,1.53875,5.60,2.10
2010.09.10 14:49:47.895,1.5386,1.53875,4.80,2.90
2010.09.10 14:49:47.936,1.5386,1.53875,4.80,5.30
2010.09.10 14:49:47.974,1.5386,1.53875,1.60,7.70
2010.09.10 14:49:48.018,1.53855,1.53875,11.40,7.70
2010.09.10 14:49:48.107,1.53855,1.53875,9.00,10.10
2010.09.10 14:49:48.534,1.53855,1.53875,5.40,6.40
2010.09.10 14:49:48.582,1.5386,1.53875,1.00,5.60
2010.09.10 14:49:48.667,1.5386,1.53875,1.00,8.50
2010.09.10 14:49:49.036,1.5386,1.53875,1.00,10.10
2010.09.10 14:49:49.407,1.5386,1.53875,1.00,4.80
2010.09.10 14:49:49.752,1.5386,1.53875,1.00,4.00
2010.09.10 14:49:50.377,1.5386,1.53875,1.00,3.70
2010.09.10 14:49:50.734,1.53855,1.53875,3.00,13.70
2010.09.10 14:49:51.076,1.53855,1.5387,3.80,1.60
2010.09.10 14:49:51.417,1.53855,1.5387,4.20,1.60
2010.09.10 14:49:51.686,1.53855,1.5387,3.00,1.60
2010.09.10 14:49:54.626,1.53855,1.5387,3.00,2.90
2010.09.10 14:49:54.817,1.53855,1.5387,2.20,8.90
2010.09.10 14:49:55.331,1.53855,1.5387,1.40,8.00
2010.09.10 14:49:55.538,1.53855,1.5387,2.20,1.60
2010.09.10 14:49:56.324,1.53855,1.5387,3.00,1.60
2010.09.10 14:49:59.823,1.53855,1.5387,3.10,1.60
2010.09.10 14:50:00.264,1.5386,1.53875,9.60,6.80
2010.09.10 14:50:00.403,1.53865,1.53885,4.00,5.20
2010.09.10 14:50:00.538,1.53865,1.53885,9.60,3.40
2010.09.10 14:50:00.667,1.53865,1.53885,10.40,3.40
2010.09.10 14:50:01.747,1.53865,1.53885,10.40,3.60
2010.09.10 14:50:01.994,1.53865,1.53885,6.00,3.60
2010.09.10 14:50:02.278,1.53865,1.53885,2.00,3.60
2010.09.10 14:50:02.950,1.53865,1.53885,2.00,5.20
2010.09.10 14:50:03.607,1.53865,1.53885,2.00,5.10
2010.09.10 14:50:07.288,1.5386,1.5388,5.20,2.10
2010.09.10 14:50:07.598,1.5386,1.5388,2.40,3.70
2010.09.10 14:50:08.233,1.5386,1.5388,1.00,9.30
2010.09.10 14:50:08.553,1.5386,1.5388,1.00,9.70
2010.09.10 14:50:08.868,1.5386,1.5388,1.00,9.30
2010.09.10 14:50:09.821,1.5386,1.53875,1.00,1.60
2010.09.10 14:50:12.059,1.5386,1.53875,2.40,1.60
2010.09.10 14:50:12.272,1.5386,1.5388,2.40,6.90
2010.09.10 14:50:12.632,1.5386,1.5388,2.40,4.50
2010.09.10 14:50:13.661,1.5386,1.5388,2.40,9.30
2010.09.10 14:50:14.008,1.5386,1.5388,2.40,11.70
2010.09.10 14:50:14.549,1.5386,1.5388,2.40,9.30
2010.09.10 14:50:16.186,1.5386,1.5388,2.40,11.70
2010.09.10 14:50:16.880,1.5386,1.5388,2.40,13.30
2010.09.10 14:50:17.046,1.5386,1.5388,1.00,10.90
2010.09.10 14:50:18.310,1.5386,1.5388,8.80,6.10
2010.09.10 14:50:18.587,1.5386,1.5388,18.40,3.20
2010.09.10 14:50:18.854,1.5386,1.5388,20.00,3.20
2010.09.10 14:50:19.332,1.5386,1.5388,16.00,3.70
2010.09.10 14:50:19.490,1.5386,1.5388,2.40,6.90
2010.09.10 14:50:19.645,1.5386,1.5388,1.00,9.30
2010.09.10 14:50:20.255,1.5386,1.5388,1.00,10.90
2010.09.10 14:50:21.224,1.5386,1.5388,2.40,10.90
2010.09.10 14:50:21.796,1.5386,1.5388,1.00,10.90
2010.09.10 14:50:22.674,1.5386,1.5388,1.00,13.30
2010.09.10 14:50:23.555,1.5386,1.5388,1.00,14.90
2010.09.10 14:50:25.194,1.5386,1.5388,1.00,15.30
2010.09.10 14:50:25.344,1.5386,1.5388,1.00,15.70
2010.09.10 14:50:26.427,1.5386,1.53875,1.00,1.00
2010.09.10 14:50:26.764,1.5386,1.53875,1.00,1.00
2010.09.10 14:50:27.669,1.5386,1.53875,1.00,5.80
2010.09.10 14:50:27.821,1.53855,1.53875,4.60,6.80
2010.09.10 14:50:27.971,1.53855,1.53875,3.00,4.30
2010.09.10 14:50:28.443,1.53855,1.53875,3.00,6.70
2010.09.10 14:50:28.593,1.53855,1.53875,3.00,3.50
2010.09.10 14:50:29.292,1.53855,1.53875,3.00,8.00
2010.09.10 14:50:29.955,1.53855,1.53875,3.00,5.60
2010.09.10 14:50:30.233,1.53855,1.53875,3.00,1.60
2010.09.10 14:50:30.509,1.53855,1.53875,4.60,1.60
2010.09.10 14:50:32.187,1.5386,1.53875,1.00,1.60
2010.09.10 14:50:32.367,1.5386,1.53875,1.00,1.00
2010.09.10 14:50:32.912,1.5386,1.5388,1.00,9.30
2010.09.10 14:50:33.260,1.5386,1.5388,1.00,11.70
2010.09.10 14:50:34.183,1.5386,1.5388,1.00,11.90
2010.09.10 14:50:34.457,1.5386,1.5387,1.00,2.40
2010.09.10 14:50:35.034,1.53855,1.5387,1.40,3.20
2010.09.10 14:50:35.318,1.53855,1.5387,1.10,2.40
2010.09.10 14:50:36.632,1.53855,1.5387,1.00,2.40
2010.09.10 14:50:36.968,1.53845,1.53855,5.50,1.00
2010.09.10 14:50:37.295,1.5384,1.53855,1.00,1.40
2010.09.10 14:50:37.894,1.53835,1.53855,2.80,4.00
2010.09.10 14:50:38.184,1.53835,1.53855,2.40,4.80
2010.09.10 14:50:38.473,1.53835,1.53855,2.40,4.40
2010.09.10 14:50:39.233,1.53835,1.53855,4.00,4.40
2010.09.10 14:50:39.463,1.53835,1.53855,4.00,4.40
2010.09.10 14:50:41.320,1.53835,1.53855,4.00,4.00
2010.09.10 14:50:43.098,1.53835,1.53855,2.40,4.00
2010.09.10 14:50:43.356,1.53835,1.53855,2.40,4.10
2010.09.10 14:50:44.004,1.53835,1.53855,1.60,4.10
2010.09.10 14:50:44.587,1.53835,1.53855,1.60,4.00
2010.09.10 14:50:45.728,1.53835,1.53855,2.40,4.00
2010.09.10 14:50:46.015,1.53835,1.53855,2.40,4.40
2010.09.10 14:50:46.687,1.53835,1.53855,2.40,4.60
2010.09.10 14:50:47.170,1.53835,1.53855,2.40,4.70
2010.09.10 14:50:47.303,1.5383,1.53845,7.20,1.60
2010.09.10 14:50:47.419,1.5383,1.53845,4.80,1.60
2010.09.10 14:50:47.843,1.5383,1.53845,2.40,3.20
2010.09.10 14:50:48.198,1.5383,1.53845,1.60,1.00
2010.09.10 14:50:49.317,1.5383,1.53845,1.00,1.00
2010.09.10 14:50:56.908,1.5383,1.53845,1.00,1.00
2010.09.10 14:51:03.683,1.5383,1.53845,1.00,1.00
2010.09.10 14:51:04.243,1.5383,1.53845,1.00,1.70
2010.09.10 14:51:04.486,1.53825,1.53845,5.60,5.10
2010.09.10 14:51:04.712,1.53825,1.53845,1.60,14.70
2010.09.10 14:51:05.390,1.53825,1.53845,1.60,12.00
2010.09.10 14:51:05.743,1.53825,1.53845,3.20,7.20
2010.09.10 14:51:06.557,1.53825,1.53845,3.20,6.60
2010.09.10 14:51:07.927,1.5382,1.53835,6.80,1.00
2010.09.10 14:51:08.055,1.5382,1.53835,2.40,1.30
2010.09.10 14:51:08.168,1.5382,1.53835,1.60,2.90
2010.09.10 14:51:08.279,1.53815,1.53835,10.00,4.50
2010.09.10 14:51:08.674,1.53815,1.53835,6.00,4.50
2010.09.10 14:51:08.993,1.53815,1.53835,3.20,5.30
2010.09.10 14:51:09.862,1.53815,1.53835,4.80,2.90
2010.09.10 14:51:10.169,1.53815,1.53835,1.80,14.40
2010.09.10 14:51:11.327,1.53815,1.5383,1.00,1.60
2010.09.10 14:51:11.552,1.53815,1.53835,4.00,16.40
2010.09.10 14:51:11.779,1.53815,1.53835,2.40,16.10
2010.09.10 14:51:12.361,1.53815,1.53835,4.00,16.10
2010.09.10 14:51:16.575,1.53815,1.53835,3.20,17.20
2010.09.10 14:51:16.635,1.53815,1.53835,3.20,17.00
2010.09.10 14:51:17.210,1.53815,1.53835,3.20,16.90
2010.09.10 14:51:18.318,1.53815,1.53835,4.00,6.10
2010.09.10 14:51:18.673,1.53815,1.53835,4.00,16.50
2010.09.10 14:51:24.086,1.53815,1.53835,4.00,14.90
2010.09.10 14:51:24.927,1.53815,1.53835,4.20,14.90
2010.09.10 14:51:25.166,1.53815,1.53835,4.40,14.90
2010.09.10 14:51:25.964,1.53815,1.53835,4.00,14.90
2010.09.10 14:51:27.561,1.53815,1.53835,1.60,15.10
2010.09.10 14:51:27.686,1.53815,1.53835,1.60,15.50
2010.09.10 14:51:27.813,1.53815,1.53835,1.60,15.90
2010.09.10 14:51:28.195,1.53815,1.53835,1.60,15.80
2010.09.10 14:51:29.289,1.5381,1.5383,4.00,1.60
2010.09.10 14:51:29.505,1.5381,1.5383,4.80,1.60
2010.09.10 14:51:32.932,1.5381,1.5383,3.20,1.60
2010.09.10 14:51:34.652,1.5381,1.5383,2.40,1.60
2010.09.10 14:51:35.309,1.5381,1.53825,1.60,1.00
2010.09.10 14:51:36.373,1.5381,1.53825,1.00,1.00
2010.09.10 14:51:36.788,1.5381,1.53825,1.00,1.00
2010.09.10 14:51:37.368,1.5381,1.5383,1.00,4.00
2010.09.10 14:51:42.552,1.5381,1.5383,1.00,6.40
2010.09.10 14:51:42.659,1.5381,1.53825,1.00,1.00
2010.09.10 14:51:43.352,1.53805,1.53825,4.00,2.00
2010.09.10 14:51:43.701,1.5381,1.53825,1.00,1.00
2010.09.10 14:51:44.366,1.5381,1.5383,1.00,4.00
2010.09.10 14:51:47.285,1.5381,1.5383,1.00,6.40
2010.09.10 14:51:47.345,1.5381,1.53825,1.00,1.00
2010.09.10 14:51:47.756,1.5381,1.53825,1.00,1.20
2010.09.10 14:51:47.879,1.53805,1.53825,15.20,1.80
2010.09.10 14:51:47.937,1.53805,1.53825,11.20,1.80
2010.09.10 14:51:48.324,1.5381,1.53825,2.40,1.80
2010.09.10 14:51:48.675,1.5381,1.5383,20.40,1.00
2010.09.10 14:51:50.667,1.5381,1.5383,19.60,1.00
2010.09.10 14:51:51.464,1.5381,1.5383,16.80,1.60
2010.09.10 14:51:51.685,1.5381,1.5383,11.60,1.60
2010.09.10 14:51:51.901,1.5381,1.5383,8.00,1.60
2010.09.10 14:51:52.369,1.5381,1.5383,5.60,1.60
2010.09.10 14:51:52.582,1.5381,1.5383,2.40,1.60
2010.09.10 14:51:52.930,1.5381,1.5383,4.80,1.60
2010.09.10 14:51:54.021,1.5381,1.5383,2.40,1.60
2010.09.10 14:51:56.734,1.5381,1.5383,2.40,1.70
2010.09.10 14:51:58.807,1.5381,1.5383,2.40,1.60
2010.09.10 14:51:58.955,1.5381,1.5383,4.80,2.00
2010.09.10 14:51:59.115,1.5381,1.5383,9.20,1.60
2010.09.10 14:51:59.533,1.53815,1.5383,1.00,1.60
2010.09.10 14:51:59.825,1.53815,1.5383,1.40,1.00
2010.09.10 14:52:00.110,1.53815,1.5383,1.00,1.00
2010.09.10 14:52:00.719,1.5381,1.53825,2.40,1.00
2010.09.10 14:52:01.076,1.5381,1.53825,1.00,1.80
2010.09.10 14:52:01.420,1.5381,1.53825,3.20,2.00
2010.09.10 14:52:01.767,1.5381,1.53825,1.00,2.00
2010.09.10 14:52:02.331,1.5381,1.53825,4.00,1.20
2010.09.10 14:52:02.553,1.5381,1.5383,4.00,1.60
2010.09.10 14:52:03.874,1.5381,1.5383,4.40,1.60
2010.09.10 14:52:04.615,1.5381,1.5383,9.20,1.00
2010.09.10 14:52:04.755,1.5381,1.5383,13.20,1.00
2010.09.10 14:52:05.126,1.53815,1.53835,1.00,10.20
2010.09.10 14:52:05.325,1.53815,1.53835,4.20,6.50
2010.09.10 14:52:06.963,1.5382,1.53835,2.80,5.60
2010.09.10 14:52:07.175,1.5382,1.53835,3.20,1.00
2010.09.10 14:52:07.506,1.5382,1.5384,4.00,6.80
2010.09.10 14:52:07.745,1.5382,1.5384,7.20,1.60
2010.09.10 14:52:08.329,1.5382,1.5384,6.40,1.60
2010.09.10 14:52:09.780,1.5382,1.5384,2.00,2.40
2010.09.10 14:52:11.000,1.5382,1.5384,1.60,2.80
2010.09.10 14:52:11.302,1.5382,1.5384,1.60,3.20
2010.09.10 14:52:11.599,1.5382,1.5384,1.60,2.40
2010.09.10 14:52:13.396,1.5382,1.5384,1.60,4.00
2010.09.10 14:52:14.610,1.5382,1.5384,1.60,5.30
2010.09.10 14:52:14.880,1.5382,1.53835,1.00,1.00
2010.09.10 14:52:18.646,1.5382,1.53835,1.00,1.20
2010.09.10 14:52:20.128,1.5382,1.53835,1.00,1.20
2010.09.10 14:52:26.382,1.5382,1.53835,10.20,1.00
2010.09.10 14:52:26.619,1.5382,1.53835,8.80,1.00
2010.09.10 14:52:26.852,1.53825,1.53835,1.60,1.00
2010.09.10 14:52:27.204,1.53825,1.5384,4.00,2.40
2010.09.10 14:52:27.529,1.5383,1.53845,2.40,1.00
2010.09.10 14:52:30.152,1.5383,1.5385,4.00,4.00
2010.09.10 14:52:30.500,1.5383,1.5385,4.40,4.00
2010.09.10 14:52:30.854,1.5383,1.5385,3.60,6.80
2010.09.10 14:52:31.201,1.5383,1.5385,3.80,5.60
2010.09.10 14:52:31.729,1.5383,1.5385,3.80,4.00
2010.09.10 14:52:31.952,1.5383,1.5385,4.60,4.00
2010.09.10 14:52:34.777,1.5383,1.5385,4.80,4.00
2010.09.10 14:52:35.747,1.53835,1.5385,2.40,3.20
2010.09.10 14:52:35.959,1.53835,1.5385,3.40,2.40
2010.09.10 14:52:36.472,1.53835,1.53855,3.40,6.60
2010.09.10 14:52:36.626,1.53835,1.53855,4.20,6.60
2010.09.10 14:52:38.225,1.53835,1.53855,5.60,4.00
2010.09.10 14:52:38.385,1.5384,1.53855,1.00,4.00
2010.09.10 14:52:38.813,1.53845,1.5386,4.80,19.70
2010.09.10 14:52:38.986,1.53845,1.53865,11.00,2.40
2010.09.10 14:52:39.065,1.53845,1.53865,11.40,2.40
2010.09.10 14:52:39.146,1.53845,1.53865,16.40,2.40
2010.09.10 14:52:39.226,1.5385,1.53865,2.40,2.40
2010.09.10 14:52:39.306,1.5385,1.53865,3.20,1.60
2010.09.10 14:52:39.464,1.5385,1.5387,3.20,6.00
2010.09.10 14:52:39.545,1.5385,1.5387,3.20,5.60
2010.09.10 14:52:40.028,1.5385,1.5387,3.20,6.40
2010.09.10 14:52:41.687,1.5385,1.53865,3.20,1.00
2010.09.10 14:52:42.466,1.5385,1.53865,3.20,1.00
2010.09.10 14:52:42.708,1.5385,1.53865,3.20,1.00
2010.09.10 14:52:45.994,1.5385,1.5386,3.20,1.00
2010.09.10 14:52:46.188,1.5385,1.53855,1.00,1.00
2010.09.10 14:52:46.378,1.53845,1.53855,1.00,2.50
2010.09.10 14:52:47.066,1.5384,1.53855,1.00,2.50
2010.09.10 14:52:47.286,1.5384,1.53855,1.00,2.40
2010.09.10 14:52:53.408,1.5384,1.53855,1.20,2.40
2010.09.10 14:52:53.520,1.5384,1.53855,1.30,2.40
2010.09.10 14:52:53.834,1.5384,1.53855,1.00,2.40
2010.09.10 14:52:54.537,1.5384,1.53855,1.00,2.90
2010.09.10 14:52:54.695,1.5384,1.53855,1.00,5.90
2010.09.10 14:52:55.211,1.5384,1.53855,1.00,10.70
2010.09.10 14:52:55.486,1.5384,1.53855,1.00,13.90
2010.09.10 14:52:59.017,1.5384,1.53855,1.00,12.00
2010.09.10 14:52:59.290,1.5384,1.53855,6.60,3.20
2010.09.10 14:52:59.367,1.5384,1.53855,5.80,1.00
2010.09.10 14:52:59.756,1.5384,1.5386,7.40,3.20
2010.09.10 14:52:59.998,1.53845,1.5386,1.00,1.60
2010.09.10 14:53:00.074,1.53845,1.5386,1.00,1.60
2010.09.10 14:53:00.920,1.53845,1.5386,1.00,6.40
2010.09.10 14:53:01.338,1.53845,1.5386,1.00,6.40
2010.09.10 14:53:02.044,1.5384,1.5386,7.20,6.40
2010.09.10 14:53:02.115,1.5384,1.5386,6.40,6.40
2010.09.10 14:53:03.180,1.5384,1.5386,8.80,1.60
2010.09.10 14:53:03.503,1.53845,1.53865,1.00,12.80
2010.09.10 14:53:04.943,1.53845,1.53865,3.20,12.80
2010.09.10 14:53:05.149,1.53845,1.53865,4.00,12.80
2010.09.10 14:53:05.351,1.53845,1.53865,4.00,10.40
2010.09.10 14:53:05.705,1.53845,1.53865,4.00,8.80
2010.09.10 14:53:05.906,1.53845,1.53865,3.20,10.40
2010.09.10 14:53:06.252,1.53845,1.53865,1.00,10.40
2010.09.10 14:53:08.005,1.53845,1.53865,1.00,8.80
2010.09.10 14:53:08.575,1.53845,1.53865,6.60,4.00
2010.09.10 14:53:08.609,1.53845,1.53865,11.40,1.00
2010.09.10 14:53:08.878,1.5385,1.5387,4.00,9.60
2010.09.10 14:53:09.134,1.5385,1.5387,4.00,4.00
2010.09.10 14:53:09.753,1.5385,1.5387,4.80,3.20
2010.09.10 14:53:10.716,1.5385,1.5387,4.40,3.20
2010.09.10 14:53:12.192,1.5385,1.5387,4.00,3.20
2010.09.10 14:53:12.305,1.5385,1.5387,4.00,4.80
2010.09.10 14:53:12.676,1.5385,1.5387,3.20,5.60
2010.09.10 14:53:13.128,1.5385,1.5387,6.40,5.60
2010.09.10 14:53:13.631,1.5385,1.5387,7.20,5.60
2010.09.10 14:53:13.759,1.5385,1.5387,8.80,1.60
2010.09.10 14:53:13.876,1.53855,1.5387,1.00,1.00
2010.09.10 14:53:16.460,1.53855,1.5387,3.00,1.00
2010.09.10 14:53:16.818,1.5386,1.53875,2.40,14.00
2010.09.10 14:53:17.177,1.5386,1.53875,2.40,2.40
2010.09.10 14:53:18.286,1.53855,1.53875,9.00,2.40
2010.09.10 14:53:18.764,1.53855,1.5387,3.80,1.00
2010.09.10 14:53:18.926,1.5385,1.53865,4.00,1.00
2010.09.10 14:53:19.487,1.53845,1.53865,20.20,1.00
2010.09.10 14:53:19.703,1.53845,1.53865,20.20,1.70
2010.09.10 14:53:19.943,1.53845,1.53865,20.20,3.20
2010.09.10 14:53:20.289,1.53845,1.53865,20.20,1.00
2010.09.10 14:53:21.466,1.53845,1.53865,19.20,2.40
2010.09.10 14:53:21.724,1.53845,1.53865,12.00,3.30
2010.09.10 14:53:22.115,1.53845,1.53865,9.60,3.30
2010.09.10 14:53:22.426,1.53845,1.53865,16.80,1.60
2010.09.10 14:53:23.334,1.5385,1.53865,2.40,2.50
2010.09.10 14:53:23.681,1.5385,1.53865,2.40,1.60
2010.09.10 14:53:24.019,1.5385,1.53865,2.40,1.00
2010.09.10 14:53:24.543,1.5385,1.53865,2.40,1.00
2010.09.10 14:53:25.698,1.5385,1.53865,2.40,1.00
2010.09.10 14:53:27.834,1.5385,1.53865,2.40,1.70
2010.09.10 14:53:28.815,1.5385,1.53865,2.40,1.00
2010.09.10 14:53:28.990,1.5385,1.53865,2.40,1.00
2010.09.10 14:53:29.331,1.5385,1.53865,1.00,1.00
2010.09.10 14:53:29.815,1.5385,1.53865,1.00,1.60
2010.09.10 14:53:31.571,1.5385,1.53865,1.60,1.60
2010.09.10 14:53:31.772,1.5385,1.53865,6.60,1.00
2010.09.10 14:53:31.968,1.5385,1.53865,5.80,1.00
2010.09.10 14:53:32.591,1.5385,1.53865,6.00,1.00
2010.09.10 14:53:32.945,1.5385,1.5387,5.90,11.70
2010.09.10 14:53:34.284,1.5385,1.53865,5.90,1.00
2010.09.10 14:53:34.448,1.5385,1.53865,6.00,1.00
2010.09.10 14:53:34.620,1.5385,1.53865,5.80,1.00
2010.09.10 14:53:35.633,1.5385,1.53865,4.00,1.70
2010.09.10 14:53:35.987,1.5384,1.53845,9.80,1.00
2010.09.10 14:53:36.378,1.5384,1.53845,2.60,1.00
2010.09.10 14:53:36.738,1.53835,1.5384,4.80,1.00
2010.09.10 14:53:37.417,1.5383,1.5384,4.80,1.00
2010.09.10 14:53:37.773,1.53825,1.5384,7.20,1.00
2010.09.10 14:53:38.124,1.53825,1.5384,4.80,1.00
2010.09.10 14:53:38.794,1.53825,1.5384,2.40,1.00
2010.09.10 14:53:39.103,1.53825,1.5384,1.00,1.00
2010.09.10 14:53:39.407,1.53825,1.5384,2.40,1.00
2010.09.10 14:53:41.852,1.53835,1.53845,3.00,6.80
2010.09.10 14:53:42.203,1.5383,1.53845,3.20,1.00
2010.09.10 14:53:42.781,1.5383,1.53845,1.00,1.60
2010.09.10 14:53:43.086,1.5383,1.53845,4.80,1.00
2010.09.10 14:53:43.378,1.5383,1.5385,5.60,11.20
2010.09.10 14:53:43.999,1.53835,1.5385,2.60,3.20
2010.09.10 14:53:44.287,1.5383,1.53845,3.20,1.00
2010.09.10 14:53:45.132,1.5383,1.5385,3.20,16.80
2010.09.10 14:53:45.715,1.5383,1.5385,5.60,8.80
2010.09.10 14:53:46.004,1.5383,1.5385,5.60,4.00
2010.09.10 14:53:47.734,1.5383,1.5385,5.70,4.00
2010.09.10 14:53:48.606,1.5383,1.5385,11.70,1.60
2010.09.10 14:53:49.108,1.53835,1.5385,2.40,1.00
2010.09.10 14:53:49.322,1.5383,1.5385,5.60,1.60
2010.09.10 14:53:49.755,1.5383,1.5385,5.70,1.60
2010.09.10 14:53:49.986,1.5383,1.5385,5.60,1.60
2010.09.10 14:53:52.466,1.5383,1.5385,5.70,1.60
2010.09.10 14:53:53.089,1.5383,1.5385,5.60,1.60
2010.09.10 14:53:53.476,1.5383,1.5385,5.60,1.60
2010.09.10 14:53:54.004,1.5383,1.5385,6.80,1.60
2010.09.10 14:53:54.572,1.53835,1.5385,2.40,1.00
2010.09.10 14:53:58.154,1.53835,1.5385,1.60,1.00
2010.09.10 14:54:00.391,1.53835,1.5385,5.00,1.00
2010.09.10 14:54:00.877,1.53835,1.53855,2.60,13.70
2010.09.10 14:54:01.574,1.53835,1.5385,2.60,1.60
2010.09.10 14:54:01.933,1.53835,1.5385,1.00,4.50
2010.09.10 14:54:02.289,1.5383,1.5385,7.60,11.20
2010.09.10 14:54:02.642,1.53835,1.5385,1.00,7.20
2010.09.10 14:54:02.988,1.53835,1.5385,1.00,2.40
2010.09.10 14:54:03.329,1.53835,1.5385,2.40,2.40
2010.09.10 14:54:03.635,1.53835,1.5385,2.40,1.60
2010.09.10 14:54:03.934,1.53835,1.53855,2.40,4.40
2010.09.10 14:54:04.438,1.53835,1.53855,2.40,4.40
2010.09.10 14:54:04.687,1.53835,1.53855,2.40,6.80
2010.09.10 14:54:04.935,1.53835,1.53855,2.40,9.20
2010.09.10 14:54:06.566,1.53835,1.53855,2.50,9.20
2010.09.10 14:54:07.379,1.53835,1.53855,2.40,9.20
2010.09.10 14:54:07.995,1.5384,1.53855,2.40,9.20
2010.09.10 14:54:08.096,1.5384,1.53855,4.80,8.40
2010.09.10 14:54:08.444,1.5384,1.53855,4.80,1.60
2010.09.10 14:54:08.872,1.5384,1.53855,3.20,1.60
2010.09.10 14:54:09.230,1.53835,1.5385,2.40,1.00
2010.09.10 14:54:09.916,1.53835,1.5385,2.50,1.00
2010.09.10 14:54:10.396,1.53835,1.53855,2.50,3.20
2010.09.10 14:54:11.234,1.5384,1.53855,2.40,1.00
2010.09.10 14:54:11.356,1.5384,1.5386,3.20,8.80
2010.09.10 14:54:11.476,1.5384,1.5386,3.20,6.40
2010.09.10 14:54:12.266,1.5384,1.5386,4.80,4.80
2010.09.10 14:54:12.614,1.5384,1.5386,9.60,2.40
2010.09.10 14:54:13.127,1.53845,1.5386,1.60,1.00
2010.09.10 14:54:13.492,1.53845,1.53865,7.00,6.40
2010.09.10 14:54:13.768,1.5385,1.5387,3.20,5.60
2010.09.10 14:54:15.284,1.5385,1.53865,1.00,1.60
2010.09.10 14:54:15.940,1.53845,1.53865,3.20,1.60
2010.09.10 14:54:16.178,1.5385,1.53865,1.60,1.00
2010.09.10 14:54:16.418,1.5385,1.53865,4.80,1.00
2010.09.10 14:54:16.657,1.5385,1.5387,5.60,4.00
2010.09.10 14:54:17.442,1.5385,1.5387,5.60,3.20
2010.09.10 14:54:18.724,1.5385,1.5387,4.80,3.20
2010.09.10 14:54:19.132,1.5385,1.5387,5.20,3.20
2010.09.10 14:54:19.692,1.5385,1.5387,6.00,3.20
2010.09.10 14:54:19.900,1.5385,1.5387,5.60,3.20
2010.09.10 14:54:22.199,1.5385,1.53865,4.00,1.00
2010.09.10 14:54:22.525,1.5385,1.53865,1.60,1.00
2010.09.10 14:54:30.738,1.5385,1.53865,1.60,2.40
2010.09.10 14:54:32.709,1.5385,1.53865,1.00,2.40
2010.09.10 14:54:32.897,1.53845,1.53865,2.50,2.40
2010.09.10 14:54:33.335,1.53845,1.53865,2.50,3.20
2010.09.10 14:54:33.557,1.53845,1.53865,2.80,3.20
2010.09.10 14:54:33.776,1.53845,1.53865,2.50,3.20
2010.09.10 14:54:34.218,1.53845,1.53865,2.40,3.20
2010.09.10 14:54:35.086,1.53845,1.53865,4.60,3.20
2010.09.10 14:54:35.408,1.53845,1.53865,4.20,3.20
2010.09.10 14:54:35.667,1.53845,1.53865,11.10,1.60
2010.09.10 14:54:36.049,1.53845,1.53865,11.30,1.60
2010.09.10 14:54:36.312,1.5385,1.53865,4.00,1.00
2010.09.10 14:54:38.356,1.5385,1.5387,4.00,4.00
2010.09.10 14:54:38.704,1.5385,1.5387,3.20,4.00
2010.09.10 14:54:40.259,1.5385,1.5387,3.30,4.00
2010.09.10 14:54:43.155,1.5385,1.5387,3.20,4.00
2010.09.10 14:54:44.669,1.5385,1.5387,3.20,4.00
2010.09.10 14:54:44.986,1.5385,1.5387,3.30,4.00
2010.09.10 14:54:45.607,1.53855,1.5387,2.60,4.00
2010.09.10 14:54:45.858,1.53855,1.5387,2.60,3.20
2010.09.10 14:54:46.691,1.53855,1.5387,3.70,2.40
2010.09.10 14:54:46.976,1.53855,1.5387,4.60,1.60
2010.09.10 14:54:47.608,1.53855,1.5387,3.60,1.00
2010.09.10 14:54:47.898,1.53855,1.5387,1.00,1.00
2010.09.10 14:54:48.789,1.53855,1.53875,1.60,17.30
2010.09.10 14:54:49.142,1.53855,1.53875,5.00,4.00
2010.09.10 14:54:50.239,1.53855,1.53875,5.00,5.60
2010.09.10 14:54:51.613,1.53855,1.53875,5.80,4.80
2010.09.10 14:54:51.849,1.53855,1.53875,5.00,3.20
2010.09.10 14:54:53.469,1.53855,1.53875,5.60,3.20
2010.09.10 14:54:53.655,1.5386,1.53875,4.80,1.00
2010.09.10 14:54:54.561,1.5386,1.5388,4.80,3.20
2010.09.10 14:54:54.832,1.5386,1.5388,4.00,4.80
2010.09.10 14:54:55.566,1.5386,1.5388,4.00,3.20
2010.09.10 14:54:57.165,1.5386,1.5388,4.00,4.80
2010.09.10 14:54:57.843,1.5386,1.53875,4.00,1.00
2010.09.10 14:54:58.129,1.5386,1.53875,4.00,1.20
2010.09.10 14:54:58.392,1.5386,1.53875,4.00,1.20
2010.09.10 14:54:58.670,1.5386,1.5388,4.00,8.80
2010.09.10 14:54:59.302,1.5386,1.5388,4.00,4.80
2010.09.10 14:55:00.406,1.5386,1.5388,1.60,4.80
2010.09.10 14:55:01.261,1.5386,1.5388,1.60,6.40
2010.09.10 14:55:03.407,1.5386,1.5388,1.60,5.60
2010.09.10 14:55:07.328,1.5386,1.5388,1.60,6.00
2010.09.10 14:55:07.642,1.5386,1.5388,1.60,6.40
2010.09.10 14:55:08.795,1.5386,1.53875,1.60,1.00
2010.09.10 14:55:09.030,1.53855,1.53875,10.40,3.30
2010.09.10 14:55:09.395,1.53855,1.53875,8.00,3.30
2010.09.10 14:55:09.640,1.5386,1.53875,1.60,3.20
2010.09.10 14:55:09.994,1.53855,1.53875,2.80,5.60
2010.09.10 14:55:10.340,1.53855,1.53875,2.40,4.00
2010.09.10 14:55:10.691,1.53855,1.53875,2.40,5.60
2010.09.10 14:55:11.032,1.53855,1.53875,2.40,5.70
2010.09.10 14:55:11.369,1.53855,1.53865,1.00,1.00
2010.09.10 14:55:11.707,1.53855,1.5387,1.00,10.40
2010.09.10 14:55:12.280,1.53855,1.53875,9.60,6.80
2010.09.10 14:55:12.599,1.53855,1.53875,1.00,10.40
2010.09.10 14:55:13.516,1.53855,1.53875,1.00,11.30
2010.09.10 14:55:13.802,1.5385,1.53865,1.60,1.00
2010.09.10 14:55:15.335,1.5385,1.5387,2.00,8.80
2010.09.10 14:55:15.977,1.53855,1.5387,1.00,4.80
2010.09.10 14:55:16.287,1.53855,1.53875,1.00,8.00
2010.09.10 14:55:16.621,1.53855,1.53875,2.40,5.60
2010.09.10 14:55:17.223,1.53855,1.53875,2.40,5.30
2010.09.10 14:55:17.440,1.53855,1.5387,1.60,1.00
2010.09.10 14:55:17.866,1.53855,1.5387,1.00,1.00
2010.09.10 14:55:18.990,1.5385,1.53855,1.60,1.00
2010.09.10 14:55:19.341,1.5384,1.5385,1.60,1.00
2010.09.10 14:55:19.727,1.5384,1.53845,1.60,1.00
2010.09.10 14:55:20.010,1.5383,1.5384,3.20,1.00
2010.09.10 14:55:20.295,1.5383,1.53845,1.00,1.60
2010.09.10 14:55:21.250,1.5383,1.5385,1.00,5.60
2010.09.10 14:55:21.599,1.5383,1.5385,1.60,5.60
2010.09.10 14:55:23.744,1.5383,1.5385,2.40,4.80
2010.09.10 14:55:24.062,1.5383,1.5385,2.40,3.20
2010.09.10 14:55:25.033,1.53835,1.5385,1.00,2.40
2010.09.10 14:55:26.668,1.5384,1.5385,4.00,1.60
2010.09.10 14:55:27.198,1.53835,1.53855,4.00,7.70
2010.09.10 14:55:27.323,1.53835,1.53855,4.00,8.90
2010.09.10 14:55:27.448,1.53835,1.53855,8.00,8.40
2010.09.10 14:55:27.567,1.5384,1.53855,1.00,5.20
2010.09.10 14:55:27.687,1.5384,1.53855,1.00,4.80
2010.09.10 14:55:27.805,1.5384,1.53855,1.00,2.40
2010.09.10 14:55:29.053,1.5384,1.5386,1.00,4.00
2010.09.10 14:55:31.866,1.5384,1.5386,2.40,4.00
2010.09.10 14:55:32.105,1.5384,1.5386,2.40,4.50
2010.09.10 14:55:32.348,1.5384,1.53855,1.00,1.00
2010.09.10 14:55:33.019,1.5384,1.5386,1.00,8.80
2010.09.10 14:55:33.143,1.5384,1.5386,1.00,5.60
2010.09.10 14:55:39.235,1.5384,1.5386,1.00,6.00
2010.09.10 14:55:39.426,1.5384,1.5386,1.00,6.40
2010.09.10 14:55:41.195,1.5384,1.53855,1.00,1.00
2010.09.10 14:55:42.038,1.5384,1.53855,1.00,1.00
2010.09.10 14:55:42.263,1.5384,1.53855,1.00,1.20
2010.09.10 14:55:51.719,1.5384,1.53855,1.00,1.00
2010.09.10 14:55:57.369,1.5384,1.53855,1.00,2.20
2010.09.10 14:55:57.459,1.53835,1.53855,10.80,2.20
2010.09.10 14:55:57.637,1.53835,1.53855,10.80,3.00
2010.09.10 14:55:57.850,1.53835,1.53855,10.80,3.60
2010.09.10 14:55:58.835,1.53835,1.53855,10.00,3.90
2010.09.10 14:55:59.091,1.53835,1.53855,10.00,3.80
2010.09.10 14:55:59.369,1.53835,1.53855,10.00,5.30
2010.09.10 14:56:00.708,1.53835,1.5385,1.60,1.00
2010.09.10 14:56:04.788,1.53835,1.5385,1.00,1.00
2010.09.10 14:56:10.584,1.5383,1.5385,13.80,1.00
2010.09.10 14:56:10.932,1.5383,1.5385,11.40,1.00
2010.09.10 14:56:11.422,1.5383,1.5385,9.00,1.00
2010.09.10 14:56:11.739,1.5383,1.5385,8.20,1.00
2010.09.10 14:56:15.895,1.5383,1.5385,10.60,1.00
2010.09.10 14:56:16.935,1.5383,1.5385,8.20,1.00
2010.09.10 14:56:17.638,1.5383,1.5385,10.60,1.00
2010.09.10 14:56:17.820,1.5383,1.5385,13.00,1.00
2010.09.10 14:56:18.047,1.5383,1.5385,10.60,1.00
2010.09.10 14:56:18.682,1.5383,1.5385,8.20,1.00
2010.09.10 14:56:20.645,1.5383,1.5385,8.30,1.00
2010.09.10 14:56:22.306,1.5383,1.5385,8.30,1.60
2010.09.10 14:56:24.456,1.5383,1.5385,8.20,1.60
2010.09.10 14:56:24.677,1.5383,1.5385,10.60,1.60
2010.09.10 14:56:24.757,1.5383,1.5385,13.40,1.60
2010.09.10 14:56:24.839,1.5383,1.5385,15.40,1.60
2010.09.10 14:56:24.927,1.5383,1.5385,13.00,1.60
2010.09.10 14:56:25.006,1.5383,1.5385,10.60,1.60
2010.09.10 14:56:25.561,1.5383,1.5385,8.20,1.60
2010.09.10 14:56:26.029,1.5383,1.53845,8.20,2.40
2010.09.10 14:56:26.380,1.5383,1.53845,2.50,2.40
2010.09.10 14:56:27.435,1.5383,1.53845,1.70,2.40
2010.09.10 14:56:28.876,1.5383,1.5385,1.70,12.80
2010.09.10 14:56:31.754,1.5382,1.5384,7.20,6.40
2010.09.10 14:56:32.045,1.5382,1.5384,1.00,6.40
2010.09.10 14:56:32.440,1.5382,1.5384,1.00,8.00
2010.09.10 14:56:32.739,1.5382,1.53835,4.00,1.00
2010.09.10 14:56:33.062,1.5382,1.5384,4.00,4.00
2010.09.10 14:56:33.388,1.5382,1.5384,4.00,6.40
2010.09.10 14:56:34.060,1.5382,1.5384,4.00,4.00
2010.09.10 14:56:35.920,1.5382,1.5384,1.00,4.00
2010.09.10 14:56:36.897,1.5382,1.5384,1.00,5.60
2010.09.10 14:56:37.514,1.53815,1.5384,15.60,5.60
2010.09.10 14:56:37.675,1.53815,1.5384,15.60,6.00
2010.09.10 14:56:37.837,1.53815,1.5384,13.20,8.40
2010.09.10 14:56:37.997,1.53815,1.53835,13.20,1.00
2010.09.10 14:56:38.377,1.53815,1.53835,10.80,1.00
2010.09.10 14:56:38.604,1.53815,1.5383,1.00,5.60
2010.09.10 14:56:38.821,1.5381,1.5383,9.60,5.60
2010.09.10 14:56:39.043,1.5381,1.5383,9.20,5.60
2010.09.10 14:56:40.099,1.5381,1.5383,9.20,6.40
2010.09.10 14:56:40.396,1.5381,1.5383,9.20,8.80
2010.09.10 14:56:41.716,1.5381,1.5383,5.20,10.40
2010.09.10 14:56:41.916,1.5381,1.5383,3.60,11.20
2010.09.10 14:56:42.117,1.5381,1.5383,3.60,10.80
2010.09.10 14:56:42.500,1.5381,1.5383,3.60,9.20
2010.09.10 14:56:42.803,1.53815,1.5383,1.00,2.40
2010.09.10 14:56:43.436,1.53815,1.5383,1.20,1.00
2010.09.10 14:56:43.738,1.5381,1.5383,4.80,8.80
2010.09.10 14:56:44.092,1.53815,1.5383,3.60,3.20
2010.09.10 14:56:44.442,1.5382,1.53835,1.00,2.40
2010.09.10 14:56:44.788,1.5382,1.53835,1.00,4.00
2010.09.10 14:56:44.996,1.5382,1.53835,1.00,2.40
2010.09.10 14:56:45.206,1.5382,1.5384,1.00,9.20
2010.09.10 14:56:45.415,1.5382,1.5384,1.00,10.00
2010.09.10 14:56:45.625,1.5382,1.53835,1.00,1.60
2010.09.10 14:56:45.837,1.5382,1.5384,1.00,10.00
2010.09.10 14:56:46.046,1.5382,1.5384,1.00,9.20
2010.09.10 14:56:49.291,1.5382,1.5384,1.00,9.20
2010.09.10 14:56:49.392,1.5382,1.5384,1.30,9.20
2010.09.10 14:56:49.515,1.5382,1.5384,2.10,8.40
2010.09.10 14:56:51.380,1.5382,1.5384,1.70,8.40
2010.09.10 14:56:51.623,1.5382,1.5384,1.70,9.20
2010.09.10 14:56:51.746,1.5382,1.5384,2.50,9.20
2010.09.10 14:56:53.429,1.5382,1.5384,2.90,6.80
2010.09.10 14:56:53.611,1.5382,1.5384,2.90,4.80
2010.09.10 14:56:53.782,1.5382,1.53835,4.20,1.00
2010.09.10 14:56:54.246,1.5382,1.53835,1.00,1.60
2010.09.10 14:56:54.428,1.5382,1.53835,1.00,6.00
2010.09.10 14:56:54.599,1.53815,1.53835,2.40,9.20
2010.09.10 14:56:55.585,1.53815,1.5383,2.40,1.00
2010.09.10 14:56:55.797,1.53815,1.5383,1.60,1.00
2010.09.10 14:56:57.424,1.53815,1.5383,1.00,5.60
2010.09.10 14:56:57.649,1.5381,1.5383,3.20,6.40
2010.09.10 14:56:57.888,1.5381,1.5383,3.20,8.00
2010.09.10 14:56:58.127,1.5381,1.5383,2.40,8.00
2010.09.10 14:56:58.358,1.5381,1.5383,1.60,8.80
2010.09.10 14:56:58.695,1.5381,1.5383,1.60,10.40
2010.09.10 14:56:59.511,1.5381,1.5383,1.60,5.60
2010.09.10 14:57:00.710,1.5381,1.5383,5.60,5.60
2010.09.10 14:57:00.930,1.5381,1.5383,10.40,3.20
2010.09.10 14:57:01.151,1.5381,1.5383,18.40,1.60
2010.09.10 14:57:01.368,1.5381,1.5383,22.40,1.60
2010.09.10 14:57:01.721,1.5381,1.5383,20.00,1.60
2010.09.10 14:57:02.068,1.5381,1.5383,7.20,2.40
2010.09.10 14:57:02.413,1.5381,1.5383,4.80,4.00
2010.09.10 14:57:03.064,1.5381,1.5383,2.50,4.00
2010.09.10 14:57:04.695,1.5381,1.5383,3.30,4.00
2010.09.10 14:57:07.599,1.5381,1.5383,2.50,4.00
2010.09.10 14:57:10.118,1.53815,1.5383,2.40,4.00
2010.09.10 14:57:10.791,1.5381,1.5383,2.50,4.00
2010.09.10 14:57:11.625,1.53815,1.5383,2.40,4.00
2010.09.10 14:57:12.045,1.5381,1.5383,2.50,4.00
2010.09.10 14:57:15.339,1.5381,1.53825,2.50,1.00
2010.09.10 14:57:15.582,1.5381,1.53825,1.00,1.00
2010.09.10 14:57:16.138,1.5381,1.5383,4.90,6.00
2010.09.10 14:57:16.441,1.5381,1.5383,11.30,1.60
2010.09.10 14:57:16.738,1.5381,1.5383,6.50,1.60
2010.09.10 14:57:17.725,1.5381,1.5383,7.30,1.60
2010.09.10 14:57:18.608,1.5381,1.5383,4.90,2.00
2010.09.10 14:57:18.808,1.5381,1.5383,2.50,5.60
2010.09.10 14:57:19.007,1.5381,1.5383,4.90,4.00
2010.09.10 14:57:19.387,1.5381,1.5383,5.30,4.00
2010.09.10 14:57:19.817,1.5381,1.5383,2.90,4.00
2010.09.10 14:57:20.078,1.5381,1.53825,1.00,1.00
2010.09.10 14:57:20.340,1.5381,1.53825,1.00,1.60
2010.09.10 14:57:20.602,1.5381,1.53825,1.00,3.20
2010.09.10 14:57:21.153,1.5381,1.53825,1.00,1.00
2010.09.10 14:57:21.659,1.5381,1.5383,1.00,6.00
2010.09.10 14:57:24.200,1.5381,1.5383,1.00,5.60
2010.09.10 14:57:25.315,1.5381,1.5383,1.00,4.00
2010.09.10 14:57:26.061,1.5381,1.5383,1.00,6.40
2010.09.10 14:57:27.356,1.5381,1.5383,1.00,4.00
2010.09.10 14:57:27.531,1.5381,1.5383,1.00,4.40
2010.09.10 14:57:27.715,1.5381,1.5383,1.00,4.80
2010.09.10 14:57:27.891,1.5381,1.5383,5.70,4.00
2010.09.10 14:57:28.406,1.5381,1.5383,11.90,4.00
2010.09.10 14:57:29.760,1.5381,1.5383,11.50,4.00
2010.09.10 14:57:30.065,1.53825,1.53835,8.40,2.40
2010.09.10 14:57:30.468,1.53825,1.53845,9.80,2.80
2010.09.10 14:57:30.828,1.53825,1.53845,4.10,1.60
2010.09.10 14:57:31.153,1.5383,1.53845,1.00,5.60
2010.09.10 14:57:31.823,1.5383,1.53845,1.00,3.20
2010.09.10 14:57:32.173,1.5383,1.53845,1.00,5.60
2010.09.10 14:57:32.523,1.5383,1.53845,1.00,4.80
2010.09.10 14:57:33.361,1.5383,1.5385,1.00,14.10
2010.09.10 14:57:33.618,1.5383,1.53845,1.00,1.00
2010.09.10 14:57:33.883,1.5383,1.53845,1.00,3.20
2010.09.10 14:57:34.470,1.5383,1.53845,1.00,5.60
2010.09.10 14:57:35.697,1.53825,1.53845,2.60,9.50
2010.09.10 14:57:35.928,1.53825,1.5384,2.60,4.00
2010.09.10 14:57:36.283,1.53825,1.5384,5.00,4.00
2010.09.10 14:57:36.950,1.5383,1.5384,2.40,4.00
2010.09.10 14:57:37.300,1.5383,1.53845,1.60,4.80
2010.09.10 14:57:37.656,1.5383,1.53845,1.00,1.00
2010.09.10 14:57:38.359,1.53825,1.53845,2.40,6.40
2010.09.10 14:57:38.645,1.53825,1.53845,1.60,6.40
2010.09.10 14:57:39.542,1.53825,1.53845,1.60,6.50
2010.09.10 14:57:39.851,1.53825,1.5384,1.60,1.00
2010.09.10 14:57:40.159,1.53825,1.5384,1.00,1.60
2010.09.10 14:57:40.468,1.5382,1.5384,1.70,1.60
2010.09.10 14:57:40.823,1.5382,1.5384,1.00,4.50
2010.09.10 14:57:41.189,1.53825,1.5384,1.00,6.40
2010.09.10 14:57:41.879,1.5383,1.5384,1.00,6.40
2010.09.10 14:57:42.141,1.5383,1.5384,1.00,1.60
2010.09.10 14:57:42.953,1.5383,1.53845,1.00,3.20
2010.09.10 14:57:43.305,1.5383,1.53845,2.50,3.20
2010.09.10 14:57:44.811,1.5383,1.5385,4.10,3.20
2010.09.10 14:57:45.433,1.5383,1.5385,6.50,2.40
2010.09.10 14:57:45.729,1.53835,1.53855,1.00,11.40
2010.09.10 14:57:46.087,1.53835,1.5385,1.00,1.00
2010.09.10 14:57:46.438,1.5383,1.5385,5.70,1.00
2010.09.10 14:57:46.806,1.5383,1.5385,3.30,2.40
2010.09.10 14:57:47.099,1.5383,1.5385,2.90,2.40
2010.09.10 14:57:47.993,1.5383,1.5385,2.90,4.00
2010.09.10 14:57:48.980,1.5383,1.5385,2.90,6.90
2010.09.10 14:57:49.534,1.5383,1.53845,1.00,1.00
2010.09.10 14:57:49.699,1.5383,1.53845,1.00,8.00
2010.09.10 14:57:49.855,1.53825,1.53845,1.60,10.90
2010.09.10 14:57:50.560,1.53825,1.5384,2.40,1.60
2010.09.10 14:57:50.913,1.53825,1.53845,3.20,2.40
2010.09.10 14:57:52.274,1.53825,1.53845,2.40,3.30
2010.09.10 14:57:52.429,1.53825,1.53845,2.40,8.40
2010.09.10 14:57:53.052,1.53825,1.5384,1.60,2.40
2010.09.10 14:57:53.214,1.53825,1.5384,3.20,1.60
2010.09.10 14:57:53.370,1.53825,1.5384,5.60,1.60
2010.09.10 14:57:53.732,1.5383,1.5384,1.00,1.60
2010.09.10 14:57:54.082,1.5383,1.53845,1.00,3.20
2010.09.10 14:57:55.073,1.5383,1.53845,1.00,2.40
2010.09.10 14:57:55.394,1.5383,1.53845,1.00,1.60
2010.09.10 14:57:56.041,1.5383,1.53845,1.00,7.30
2010.09.10 14:57:56.399,1.5383,1.53845,1.00,8.40
2010.09.10 14:57:57.753,1.5383,1.53845,1.00,3.20
2010.09.10 14:57:58.795,1.5383,1.53845,1.00,2.40
2010.09.10 14:57:59.781,1.5383,1.53845,1.60,2.40
2010.09.10 14:57:59.923,1.5383,1.5385,3.20,10.40
2010.09.10 14:58:00.405,1.5383,1.5385,3.20,3.20
2010.09.10 14:58:01.347,1.5383,1.5385,2.80,3.20
2010.09.10 14:58:01.950,1.5383,1.5385,3.20,3.20
2010.09.10 14:58:02.336,1.5383,1.5385,2.80,3.20
2010.09.10 14:58:04.919,1.53835,1.5385,1.00,2.40
2010.09.10 14:58:05.152,1.53835,1.5385,1.00,1.00
2010.09.10 14:58:06.300,1.53835,1.5385,3.30,5.60
2010.09.10 14:58:06.492,1.53835,1.5385,1.00,1.00
2010.09.10 14:58:08.854,1.53835,1.5385,1.00,8.50
2010.09.10 14:58:09.136,1.53835,1.5385,7.60,8.00
2010.09.10 14:58:09.496,1.53835,1.5385,9.20,1.00
2010.09.10 14:58:09.891,1.53835,1.53855,7.60,1.80
2010.09.10 14:58:10.153,1.53835,1.53855,2.40,1.80
2010.09.10 14:58:10.498,1.53835,1.53855,1.60,6.60
2010.09.10 14:58:11.067,1.53835,1.53855,1.60,10.00
2010.09.10 14:58:11.414,1.53835,1.5385,1.60,1.60
2010.09.10 14:58:14.848,1.53835,1.5385,1.60,2.40
2010.09.10 14:58:15.796,1.53835,1.5385,2.40,1.60
2010.09.10 14:58:16.032,1.53835,1.53855,2.40,11.00
2010.09.10 14:58:16.265,1.53835,1.53855,2.40,3.60
2010.09.10 14:58:16.818,1.53835,1.53855,2.40,3.80
2010.09.10 14:58:17.093,1.53835,1.53855,2.50,4.00
2010.09.10 14:58:17.371,1.53835,1.53855,8.20,4.80
2010.09.10 14:58:17.640,1.53835,1.53855,12.20,3.20
2010.09.10 14:58:18.849,1.53835,1.5385,4.90,1.00
2010.09.10 14:58:19.491,1.53835,1.5385,1.00,1.60
2010.09.10 14:58:19.845,1.53835,1.5385,1.00,4.90
2010.09.10 14:58:20.192,1.5383,1.53845,1.00,1.00
2010.09.10 14:58:20.741,1.5383,1.53845,1.00,3.90
2010.09.10 14:58:21.009,1.53825,1.53845,2.40,14.00
2010.09.10 14:58:21.272,1.5383,1.53845,1.00,9.10
2010.09.10 14:58:21.932,1.5383,1.53845,1.00,10.30
2010.09.10 14:58:26.457,1.5383,1.53845,1.00,9.70
2010.09.10 14:58:26.636,1.5383,1.53845,1.00,4.90
2010.09.10 14:58:27.080,1.5383,1.53845,1.00,2.50
2010.09.10 14:58:27.267,1.5383,1.53845,1.00,2.40
2010.09.10 14:58:30.726,1.5383,1.53845,6.40,2.40
2010.09.10 14:58:30.863,1.5383,1.53845,8.00,1.00
2010.09.10 14:58:31.313,1.53835,1.53845,1.60,1.00
2010.09.10 14:58:31.457,1.53835,1.5385,1.60,1.00
2010.09.10 14:58:32.189,1.53835,1.5385,1.00,3.70
2010.09.10 14:58:32.537,1.5383,1.5385,1.60,9.30
2010.09.10 14:58:33.304,1.5383,1.5385,5.60,1.60
2010.09.10 14:58:33.470,1.53835,1.5385,1.00,1.00
2010.09.10 14:58:33.790,1.53835,1.5385,3.20,1.00
2010.09.10 14:58:34.679,1.53835,1.5385,4.00,1.00
2010.09.10 14:58:34.964,1.5384,1.53855,2.40,7.30
2010.09.10 14:58:35.244,1.5384,1.53855,1.00,4.90
2010.09.10 14:58:35.981,1.5384,1.5386,5.90,8.00
2010.09.10 14:58:36.181,1.53845,1.53855,1.00,1.00
2010.09.10 14:58:37.196,1.53845,1.53855,3.20,1.00
2010.09.10 14:58:37.362,1.53845,1.5386,1.00,8.00
2010.09.10 14:58:37.518,1.53845,1.5386,1.00,4.80
2010.09.10 14:58:37.681,1.53845,1.5386,1.60,1.00
2010.09.10 14:58:38.036,1.53845,1.53865,2.40,9.80
2010.09.10 14:58:38.206,1.5385,1.53865,1.00,6.00
2010.09.10 14:58:39.571,1.5385,1.53865,1.00,6.10
2010.09.10 14:58:41.172,1.5385,1.53865,8.10,3.70
2010.09.10 14:58:41.514,1.53855,1.5387,4.00,1.00
2010.09.10 14:58:41.640,1.5386,1.5387,2.40,1.00
2010.09.10 14:58:41.758,1.5386,1.5387,4.80,1.00
2010.09.10 14:58:41.876,1.5386,1.53875,4.80,2.20
2010.09.10 14:58:42.549,1.53855,1.53875,13.00,2.20
2010.09.10 14:58:42.819,1.53855,1.53875,12.20,2.30
2010.09.10 14:58:43.088,1.53855,1.5387,4.20,1.00
2010.09.10 14:58:43.358,1.53855,1.5387,1.90,1.00
2010.09.10 14:58:44.356,1.53855,1.5387,4.30,1.00
2010.09.10 14:58:44.608,1.53855,1.5387,1.90,1.00
2010.09.10 14:58:45.335,1.53855,1.53875,1.90,6.70
2010.09.10 14:58:46.264,1.53855,1.53875,1.80,6.60
2010.09.10 14:58:47.355,1.53855,1.53875,6.60,4.50
2010.09.10 14:58:47.611,1.5387,1.53885,5.60,1.00
2010.09.10 14:58:47.855,1.5387,1.5389,11.80,5.60
2010.09.10 14:58:48.250,1.53875,1.5389,1.00,4.00
2010.09.10 14:58:48.570,1.5388,1.53895,1.00,3.20
2010.09.10 14:58:48.884,1.5388,1.53895,1.00,1.60
2010.09.10 14:58:49.241,1.5388,1.53895,1.00,2.40
2010.09.10 14:58:49.606,1.5387,1.5389,5.70,1.60
2010.09.10 14:58:50.065,1.5387,1.5389,1.70,3.20
2010.09.10 14:58:50.453,1.53875,1.5389,1.00,1.00
2010.09.10 14:58:50.717,1.53875,1.53895,3.20,8.80
2010.09.10 14:58:51.261,1.53875,1.53895,3.20,4.00
2010.09.10 14:58:52.286,1.53875,1.53895,4.00,3.20
2010.09.10 14:58:52.890,1.53875,1.53895,3.20,4.00
2010.09.10 14:58:53.904,1.53875,1.53895,3.30,4.00
2010.09.10 14:58:54.530,1.53875,1.53895,4.00,4.00
2010.09.10 14:58:55.237,1.5388,1.53895,1.00,3.20
2010.09.10 14:58:55.809,1.5388,1.53895,2.50,1.60
2010.09.10 14:58:56.056,1.5388,1.539,8.90,4.00
2010.09.10 14:58:56.301,1.5388,1.539,9.70,4.00
2010.09.10 14:58:57.348,1.5388,1.539,9.80,4.00
2010.09.10 14:58:57.555,1.5388,1.539,3.30,4.80
2010.09.10 14:58:58.083,1.5388,1.53895,1.00,2.70
2010.09.10 14:58:58.298,1.53875,1.53895,16.80,3.60
2010.09.10 14:58:58.659,1.53875,1.5389,1.00,1.00
2010.09.10 14:58:59.358,1.53875,1.53895,8.80,2.50
2010.09.10 14:58:59.628,1.53875,1.53895,5.60,4.70
2010.09.10 14:59:00.195,1.53875,1.53895,3.20,6.00
2010.09.10 14:59:00.462,1.53875,1.5389,3.20,1.00
2010.09.10 14:59:00.816,1.5387,1.5389,4.00,1.60
2010.09.10 14:59:01.161,1.5387,1.53885,4.00,1.60
2010.09.10 14:59:01.518,1.5387,1.53885,1.00,2.90
2010.09.10 14:59:01.825,1.5387,1.53885,1.00,6.90
2010.09.10 14:59:02.131,1.5387,1.53885,1.00,6.10
2010.09.10 14:59:02.945,1.53865,1.5388,1.00,1.00
2010.09.10 14:59:04.062,1.5386,1.53875,5.60,1.00
2010.09.10 14:59:04.647,1.5386,1.53875,2.40,1.00
2010.09.10 14:59:04.996,1.5386,1.5388,2.40,12.00
2010.09.10 14:59:05.343,1.5386,1.5388,2.40,6.80
2010.09.10 14:59:05.697,1.5386,1.5388,3.20,6.00
2010.09.10 14:59:06.060,1.5386,1.5388,3.20,2.40
2010.09.10 14:59:06.749,1.5386,1.53875,1.00,1.00
2010.09.10 14:59:07.105,1.53865,1.5388,1.00,9.30
2010.09.10 14:59:07.456,1.5386,1.5388,5.60,11.60
2010.09.10 14:59:07.823,1.5386,1.5388,3.20,4.00
2010.09.10 14:59:08.178,1.5386,1.5388,1.00,4.00
2010.09.10 14:59:09.684,1.5386,1.53875,1.00,1.00
2010.09.10 14:59:09.870,1.5386,1.53875,1.00,5.30
2010.09.10 14:59:10.053,1.53855,1.53875,4.00,6.70
2010.09.10 14:59:10.237,1.53855,1.53875,3.20,8.40
2010.09.10 14:59:11.069,1.53855,1.53875,3.20,10.40
2010.09.10 14:59:11.368,1.53855,1.53875,3.20,12.80
2010.09.10 14:59:12.069,1.53855,1.53875,3.20,12.80
2010.09.10 14:59:12.328,1.53855,1.53875,3.20,11.10
2010.09.10 14:59:12.588,1.53855,1.53875,3.20,8.70
2010.09.10 14:59:12.846,1.53855,1.53875,5.60,5.30
2010.09.10 14:59:13.777,1.53855,1.53875,8.00,5.30
2010.09.10 14:59:14.020,1.53855,1.53875,11.20,1.00
2010.09.10 14:59:15.019,1.53855,1.53875,12.90,1.00
2010.09.10 14:59:15.297,1.53855,1.53875,12.90,3.10
2010.09.10 14:59:15.563,1.53855,1.53875,12.10,5.60
2010.09.10 14:59:15.836,1.53855,1.5387,2.40,1.00
2010.09.10 14:59:16.447,1.5385,1.5387,3.20,1.00
2010.09.10 14:59:16.791,1.53855,1.53875,3.20,5.00
2010.09.10 14:59:17.463,1.53855,1.53875,3.20,2.50
2010.09.10 14:59:17.928,1.53855,1.53875,3.20,2.40
2010.09.10 14:59:19.260,1.53855,1.53875,3.20,2.50
2010.09.10 14:59:19.680,1.53855,1.53875,3.20,2.40
2010.09.10 14:59:20.059,1.53855,1.53875,2.00,2.60
2010.09.10 14:59:20.283,1.53855,1.53875,3.60,1.60
2010.09.10 14:59:20.510,1.53855,1.53875,4.40,1.60
2010.09.10 14:59:21.658,1.53855,1.53875,2.80,1.60
2010.09.10 14:59:22.001,1.53855,1.53875,4.40,1.60
2010.09.10 14:59:22.169,1.53855,1.53875,4.40,1.00
2010.09.10 14:59:25.657,1.5386,1.53875,1.00,1.00
2010.09.10 14:59:28.003,1.5386,1.53875,2.40,1.00
2010.09.10 14:59:28.312,1.5386,1.53875,4.00,1.00
2010.09.10 14:59:29.122,1.53865,1.5388,1.00,15.70
2010.09.10 14:59:29.365,1.53865,1.5388,1.00,2.40
2010.09.10 14:59:31.353,1.5386,1.5388,7.60,3.20
2010.09.10 14:59:31.683,1.5386,1.5388,6.40,3.20
2010.09.10 14:59:32.030,1.5386,1.53875,6.40,1.00
2010.09.10 14:59:32.761,1.53855,1.53875,4.80,4.00
2010.09.10 14:59:33.036,1.53855,1.53875,3.60,10.10
2010.09.10 14:59:33.415,1.53855,1.53875,3.60,11.70
2010.09.10 14:59:33.949,1.53855,1.53875,3.60,14.10
2010.09.10 14:59:35.529,1.53855,1.5387,3.60,1.60
2010.09.10 14:59:36.170,1.53855,1.5387,3.60,2.10
2010.09.10 14:59:36.490,1.5385,1.53865,3.20,2.10
2010.09.10 14:59:37.653,1.5385,1.53865,1.00,4.10
2010.09.10 14:59:37.897,1.5385,1.53865,3.20,1.60
2010.09.10 14:59:38.447,1.5385,1.53865,3.20,2.50
2010.09.10 14:59:38.475,1.5385,1.53865,3.20,2.60
2010.09.10 14:59:38.724,1.53845,1.5386,7.20,4.00
2010.09.10 14:59:39.073,1.53845,1.5386,6.40,2.40
2010.09.10 14:59:39.433,1.53845,1.5386,6.40,1.60
2010.09.10 14:59:39.789,1.53845,1.53865,4.00,4.00
2010.09.10 14:59:41.650,1.53845,1.53865,4.00,3.30
2010.09.10 14:59:41.987,1.53845,1.53865,4.00,2.50
2010.09.10 14:59:42.209,1.53845,1.53865,4.00,2.40
2010.09.10 14:59:42.431,1.53845,1.53865,4.00,2.50
2010.09.10 14:59:43.173,1.53845,1.53865,4.00,4.10
2010.09.10 14:59:44.416,1.53845,1.53865,1.60,4.10
2010.09.10 14:59:44.723,1.53845,1.5386,1.00,6.90
2010.09.10 14:59:44.979,1.5384,1.53855,4.40,1.60
2010.09.10 14:59:46.124,1.5384,1.53855,1.60,1.70
2010.09.10 14:59:46.478,1.5384,1.53855,1.00,3.00
2010.09.10 14:59:46.958,1.53835,1.53855,5.60,4.30
2010.09.10 14:59:47.142,1.5383,1.5385,9.20,10.50
2010.09.10 14:59:47.320,1.5383,1.53845,9.20,1.60
2010.09.10 14:59:47.792,1.5383,1.53845,12.40,1.60
2010.09.10 14:59:48.146,1.53835,1.53855,1.60,7.10
2010.09.10 14:59:48.494,1.53835,1.53855,1.60,4.70
2010.09.10 14:59:48.840,1.5383,1.53855,25.20,4.70
2010.09.10 14:59:49.186,1.5383,1.53855,24.80,4.60
2010.09.10 14:59:49.531,1.5383,1.5385,22.40,1.00
2010.09.10 14:59:50.195,1.5383,1.53845,11.20,1.00
2010.09.10 14:59:50.477,1.5383,1.53845,1.00,3.10
2010.09.10 14:59:51.352,1.5383,1.53845,1.00,2.80
2010.09.10 14:59:51.708,1.5383,1.53845,1.00,2.70
2010.09.10 14:59:52.392,1.5383,1.53845,2.40,2.70
2010.09.10 14:59:52.751,1.53825,1.5384,3.20,1.00
2010.09.10 14:59:53.641,1.53825,1.5384,2.40,1.00
2010.09.10 14:59:53.890,1.5382,1.53835,5.60,1.70
2010.09.10 14:59:54.139,1.5382,1.53835,3.20,3.20
2010.09.10 14:59:54.903,1.5382,1.53835,1.00,3.00
2010.09.10 14:59:55.252,1.5382,1.53835,2.40,3.00
2010.09.10 14:59:55.953,1.5382,1.53835,1.00,3.00
2010.09.10 14:59:56.308,1.5382,1.53835,2.40,2.70
2010.09.10 14:59:56.965,1.5382,1.53835,2.40,2.50
2010.09.10 14:59:57.307,1.53815,1.53835,6.40,3.30
2010.09.10 14:59:57.625,1.53815,1.53835,4.00,3.40
2010.09.10 14:59:57.982,1.5382,1.53835,1.60,3.40
2010.09.10 14:59:58.300,1.5381,1.53825,4.40,1.60
2010.09.10 14:59:58.982,1.5381,1.53825,4.00,2.40
2010.09.10 14:59:59.340,1.5381,1.53825,4.40,1.00
2010.09.10 14:59:59.600,1.53815,1.5383,1.60,20.10
