2008.05.20 02:00:20.614,1.95175,1.952,0.80,3.30
2008.05.20 02:00:20.623,1.9517,1.952,2.00,4.10
2008.05.20 02:00:20.803,1.9516,1.952,11.30,4.10
2008.05.20 02:00:21.602,1.9516,1.952,11.30,4.80
2008.05.20 02:00:23.673,1.9516,1.952,10.70,4.80
2008.05.20 02:00:27.563,1.95165,1.952,0.60,4.80
2008.05.20 02:00:27.599,1.9517,1.952,4.70,7.10
2008.05.20 02:00:27.702,1.9517,1.952,6.70,7.10
2008.05.20 02:00:27.798,1.9517,1.952,7.50,7.10
2008.05.20 02:00:27.988,1.9517,1.952,7.70,7.10
2008.05.20 02:00:28.061,1.9517,1.952,10.10,7.10
2008.05.20 02:00:31.651,1.9517,1.952,10.20,7.10
2008.05.20 02:01:18.113,1.9517,1.952,10.00,6.60
2008.05.20 02:01:18.256,1.9517,1.952,4.40,3.00
2008.05.20 02:01:18.372,1.9517,1.9521,2.00,3.40
2008.05.20 02:01:18.488,1.9516,1.9521,8.90,1.40
2008.05.20 02:01:18.717,1.9516,1.9521,19.30,1.40
2008.05.20 02:01:19.068,1.9519,1.9521,2.40,1.40
2008.05.20 02:01:19.184,1.9519,1.9521,5.60,1.40
2008.05.20 02:01:19.270,1.9519,1.9521,9.80,1.40
2008.05.20 02:01:19.333,1.95195,1.9522,0.80,2.80
2008.05.20 02:01:19.554,1.95195,1.9522,0.80,3.20
2008.05.20 02:01:19.703,1.952,1.95225,3.00,0.80
2008.05.20 02:01:19.781,1.952,1.9523,3.80,2.00
2008.05.20 02:01:19.892,1.952,1.9524,5.80,1.40
2008.05.20 02:01:19.966,1.952,1.9524,8.20,1.40
2008.05.20 02:01:20.042,1.952,1.9524,5.80,1.40
2008.05.20 02:01:20.116,1.952,1.9524,5.90,1.40
2008.05.20 02:01:20.761,1.952,1.9524,6.50,1.40
2008.05.20 02:01:26.742,1.952,1.95225,6.50,0.80
2008.05.20 02:01:30.680,1.952,1.95225,6.10,0.80
2008.05.20 02:01:30.738,1.952,1.95225,5.50,0.80
2008.05.20 02:01:30.793,1.952,1.95225,3.10,0.80
2008.05.20 02:01:30.849,1.952,1.95225,2.90,0.80
2008.05.20 02:01:31.012,1.952,1.95225,0.90,0.80
2008.05.20 02:01:31.286,1.952,1.95225,0.90,3.20
2008.05.20 02:01:32.623,1.952,1.95225,0.90,0.80
2008.05.20 02:01:32.908,1.952,1.9524,0.90,8.80
2008.05.20 02:01:35.987,1.952,1.9523,0.90,8.00
2008.05.20 02:01:36.192,1.952,1.95225,0.90,0.80
2008.05.20 02:01:36.602,1.952,1.9524,0.90,8.80
2008.05.20 02:01:40.302,1.952,1.9524,0.90,0.80
2008.05.20 02:01:40.466,1.952,1.95245,0.90,0.60
2008.05.20 02:01:42.233,1.952,1.9524,0.90,8.00
2008.05.20 02:01:42.448,1.952,1.9524,0.90,8.80
2008.05.20 02:01:46.131,1.952,1.9524,0.90,11.20
2008.05.20 02:01:46.195,1.952,1.9523,0.90,2.80
2008.05.20 02:01:46.260,1.9519,1.9523,2.30,3.60
2008.05.20 02:01:46.326,1.9519,1.9523,0.90,1.20
2008.05.20 02:01:46.666,1.95185,1.9523,0.60,4.70
2008.05.20 02:01:47.356,1.9518,1.9523,2.90,15.10
2008.05.20 02:01:47.540,1.9518,1.9523,0.90,15.10
2008.05.20 02:01:47.908,1.9518,1.9523,0.90,15.80
2008.05.20 02:01:49.384,1.9518,1.9523,0.90,15.10
2008.05.20 02:01:51.998,1.9518,1.9523,0.90,7.10
2008.05.20 02:01:52.184,1.95185,1.9523,0.80,9.50
2008.05.20 02:01:53.716,1.95185,1.9523,0.80,9.10
2008.05.20 02:01:53.827,1.95185,1.9523,0.80,1.40
2008.05.20 02:01:54.372,1.9518,1.9523,0.90,1.40
2008.05.20 02:01:55.221,1.9518,1.9522,0.90,2.40
2008.05.20 02:01:55.361,1.9518,1.9522,0.90,2.80
2008.05.20 02:01:55.504,1.95175,1.9522,0.80,1.80
2008.05.20 02:01:56.026,1.95175,1.9522,0.80,4.70
2008.05.20 02:01:56.375,1.95175,1.9522,0.80,12.70
2008.05.20 02:01:56.551,1.9517,1.9522,0.90,12.70
2008.05.20 02:02:01.376,1.9517,1.9522,0.90,13.00
2008.05.20 02:02:03.703,1.9517,1.9522,0.90,12.50
2008.05.20 02:02:03.819,1.9517,1.9522,0.90,1.70
2008.05.20 02:02:06.090,1.9517,1.9522,0.90,2.10
2008.05.20 02:02:06.209,1.9517,1.952,0.90,2.40
2008.05.20 02:02:06.274,1.9517,1.952,0.90,2.80
2008.05.20 02:02:06.292,1.9516,1.952,0.80,4.20
2008.05.20 02:02:06.481,1.9516,1.952,0.80,4.90
2008.05.20 02:02:06.717,1.9516,1.952,0.80,7.30
2008.05.20 02:02:06.823,1.9516,1.952,0.80,7.80
2008.05.20 02:02:08.061,1.9515,1.952,12.50,7.80
2008.05.20 02:02:08.163,1.9515,1.952,8.30,7.80
2008.05.20 02:02:09.183,1.9515,1.952,8.30,10.20
2008.05.20 02:02:11.658,1.9515,1.952,8.30,7.80
2008.05.20 02:02:11.784,1.9517,1.952,6.40,5.40
2008.05.20 02:02:11.953,1.95175,1.952,0.80,3.90
2008.05.20 02:02:15.257,1.9518,1.952,0.20,3.40
2008.05.20 02:02:15.281,1.9518,1.952,0.20,2.80
2008.05.20 02:02:15.333,1.9518,1.952,5.00,0.50
2008.05.20 02:02:15.353,1.9518,1.95205,7.80,0.80
2008.05.20 02:02:15.443,1.9518,1.95205,5.40,0.80
2008.05.20 02:02:15.486,1.9518,1.9521,6.20,2.00
2008.05.20 02:02:15.539,1.9518,1.9521,8.60,2.00
2008.05.20 02:02:15.675,1.9518,1.9522,10.60,1.70
2008.05.20 02:02:15.689,1.9518,1.9522,10.70,0.30
2008.05.20 02:02:15.765,1.9518,1.9522,8.30,3.00
2008.05.20 02:02:15.839,1.9518,1.9522,8.30,3.60
2008.05.20 02:02:15.895,1.9518,1.9522,8.30,4.40
2008.05.20 02:02:16.171,1.9518,1.9522,8.30,4.00
2008.05.20 02:02:16.277,1.9518,1.9522,5.90,4.00
2008.05.20 02:02:16.519,1.9518,1.9522,2.90,0.30
2008.05.20 02:02:16.758,1.9518,1.9522,0.90,0.30
2008.05.20 02:02:18.546,1.9518,1.9522,8.90,0.30
2008.05.20 02:02:18.819,1.95185,1.9522,0.80,0.30
2008.05.20 02:02:19.244,1.9518,1.9522,0.90,0.30
2008.05.20 02:02:27.322,1.952,1.9522,2.80,0.30
2008.05.20 02:02:27.476,1.952,1.9522,1.20,0.30
2008.05.20 02:02:27.641,1.952,1.9522,3.20,0.30
2008.05.20 02:02:27.806,1.952,1.9522,3.50,0.30
2008.05.20 02:02:27.971,1.952,1.9522,5.90,0.30
2008.05.20 02:02:30.816,1.952,1.9522,5.50,0.60
2008.05.20 02:02:30.966,1.952,1.9522,4.60,0.60
2008.05.20 02:02:31.140,1.952,1.9522,2.60,0.60
2008.05.20 02:02:31.504,1.95195,1.9522,0.80,3.50
2008.05.20 02:02:33.730,1.95195,1.9522,0.80,3.90
2008.05.20 02:02:33.825,1.95195,1.952,0.80,5.60
2008.05.20 02:02:33.911,1.95195,1.952,0.80,8.70
2008.05.20 02:02:33.996,1.9519,1.952,2.00,9.50
2008.05.20 02:02:34.098,1.9517,1.952,1.60,9.50
2008.05.20 02:02:34.182,1.9517,1.952,1.60,10.20
2008.05.20 02:02:34.266,1.9517,1.952,1.60,7.40
2008.05.20 02:02:34.351,1.9517,1.952,3.60,7.40
2008.05.20 02:02:34.530,1.9517,1.952,3.60,6.70
2008.05.20 02:02:34.669,1.9517,1.952,5.60,6.70
2008.05.20 02:02:34.810,1.9517,1.952,2.80,7.10
2008.05.20 02:02:35.099,1.9517,1.95195,0.80,0.60
2008.05.20 02:02:36.011,1.9516,1.95195,3.30,0.60
2008.05.20 02:02:36.064,1.9516,1.95195,0.90,0.60
2008.05.20 02:02:38.091,1.9516,1.95195,0.80,0.60
2008.05.20 02:02:38.655,1.9516,1.95195,3.20,0.60
2008.05.20 02:02:58.841,1.95175,1.95195,0.80,0.60
2008.05.20 02:03:05.354,1.95175,1.95195,3.20,0.60
2008.05.20 02:03:05.896,1.95175,1.9519,0.80,3.00
2008.05.20 02:03:06.044,1.9517,1.9519,3.20,3.00
2008.05.20 02:03:06.324,1.9517,1.9519,3.20,3.50
2008.05.20 02:03:06.399,1.9517,1.9519,3.20,5.90
2008.05.20 02:03:15.293,1.9517,1.9519,3.20,3.50
2008.05.20 02:03:15.361,1.9517,1.9519,3.20,3.00
2008.05.20 02:03:15.398,1.95175,1.95195,0.80,0.60
2008.05.20 02:03:21.317,1.95175,1.95195,3.20,0.60
2008.05.20 02:03:21.379,1.9518,1.95195,0.80,0.60
2008.05.20 02:03:21.440,1.9518,1.952,0.80,2.40
2008.05.20 02:03:21.474,1.9518,1.9521,0.80,12.20
2008.05.20 02:03:21.690,1.9518,1.9521,0.80,10.20
2008.05.20 02:03:21.864,1.9518,1.9521,0.80,9.50
2008.05.20 02:03:21.903,1.95185,1.9521,0.80,9.50
2008.05.20 02:03:21.912,1.95185,1.9521,0.80,8.60
2008.05.20 02:03:21.959,1.95185,1.9521,0.80,1.40
2008.05.20 02:03:30.611,1.9517,1.9521,3.20,1.40
2008.05.20 02:03:35.525,1.9517,1.9521,11.20,1.40
2008.05.20 02:03:35.735,1.95185,1.9521,0.80,1.40
2008.05.20 02:03:39.184,1.95185,1.9521,3.20,1.40
2008.05.20 02:03:41.020,1.95185,1.9521,2.40,1.40
2008.05.20 02:03:41.105,1.9517,1.9521,3.20,1.40
2008.05.20 02:03:43.238,1.95185,1.9521,0.80,1.40
2008.05.20 02:03:47.667,1.9517,1.9521,3.20,1.40
2008.05.20 02:03:50.985,1.9517,1.9521,4.00,1.40
2008.05.20 02:03:51.105,1.9517,1.9521,12.00,1.40
2008.05.20 02:03:51.227,1.95185,1.9521,0.80,1.40
2008.05.20 02:04:05.071,1.95185,1.9521,3.20,1.40
2008.05.20 02:04:05.147,1.9519,1.9521,0.80,1.40
2008.05.20 02:04:09.103,1.9519,1.9521,3.20,1.40
2008.05.20 02:04:10.753,1.9519,1.9521,4.00,1.40
2008.05.20 02:04:10.829,1.952,1.9521,0.80,1.40
2008.05.20 02:04:15.566,1.95185,1.9521,3.20,1.40
2008.05.20 02:04:20.186,1.95185,1.9521,3.20,3.80
2008.05.20 02:04:32.649,1.95175,1.9521,3.20,1.40
2008.05.20 02:04:32.998,1.95175,1.9522,3.20,12.50
2008.05.20 02:04:33.173,1.95175,1.9522,3.20,10.20
2008.05.20 02:04:36.410,1.95175,1.9522,3.20,9.50
2008.05.20 02:04:47.568,1.9518,1.9522,0.50,9.50
2008.05.20 02:04:47.663,1.9518,1.9522,2.80,9.50
2008.05.20 02:04:47.800,1.9518,1.9522,3.70,8.80
2008.05.20 02:04:47.887,1.9518,1.9522,5.70,8.80
2008.05.20 02:04:48.031,1.9518,1.9522,8.10,6.40
2008.05.20 02:04:48.207,1.9518,1.9522,10.70,6.40
2008.05.20 02:04:49.655,1.9518,1.9522,13.10,6.40
2008.05.20 02:05:01.460,1.95185,1.9522,0.80,6.40
2008.05.20 02:05:04.012,1.9518,1.9522,13.10,6.40
2008.05.20 02:05:04.330,1.95185,1.9522,0.80,6.40
2008.05.20 02:05:04.519,1.9518,1.9522,13.10,6.40
2008.05.20 02:05:17.986,1.95185,1.9522,0.80,6.40
2008.05.20 02:05:23.161,1.95185,1.9522,3.20,6.40
2008.05.20 02:05:25.320,1.95185,1.9522,2.40,6.40
2008.05.20 02:05:25.342,1.9518,1.9522,13.10,6.40
2008.05.20 02:05:31.367,1.95185,1.9522,0.80,6.40
2008.05.20 02:05:39.316,1.95185,1.9522,3.20,6.40
2008.05.20 02:06:06.781,1.95185,1.9522,3.20,4.00
2008.05.20 02:06:06.944,1.95195,1.9522,0.80,3.20
2008.05.20 02:06:09.327,1.95195,1.9522,3.20,3.20
2008.05.20 02:06:41.530,1.95195,1.9522,0.80,3.20
2008.05.20 02:06:41.646,1.95195,1.9522,3.20,3.20
2008.05.20 02:06:45.528,1.95195,1.9522,0.80,3.20
2008.05.20 02:06:45.598,1.95185,1.9522,3.20,4.00
2008.05.20 02:06:58.993,1.95185,1.9522,3.20,6.40
2008.05.20 02:06:59.820,1.95195,1.9522,0.80,3.20
2008.05.20 02:07:02.847,1.9519,1.9522,7.60,4.00
2008.05.20 02:07:02.891,1.9519,1.9522,4.40,4.00
2008.05.20 02:07:02.933,1.9519,1.9522,2.00,4.00
2008.05.20 02:07:03.113,1.95185,1.9522,3.20,4.00
2008.05.20 02:07:09.285,1.95185,1.9522,3.20,6.40
2008.05.20 02:07:50.000,1.95185,1.9522,3.20,4.00
2008.05.20 02:07:50.154,1.95195,1.9522,0.80,3.20
2008.05.20 02:07:51.904,1.95185,1.9522,3.20,4.00
2008.05.20 02:08:04.875,1.95185,1.9522,2.40,4.00
2008.05.20 02:08:04.953,1.9518,1.9522,13.10,6.40
2008.05.20 02:09:00.041,1.95145,1.95195,3.80,3.80
2008.05.20 02:09:00.258,1.95146,1.95196,2.80,0.90
2008.05.20 02:09:01.274,1.95146,1.95196,6.70,0.90
2008.05.20 02:09:01.452,1.95152,1.95187,2.80,3.80
2008.05.20 02:09:01.653,1.95153,1.95188,6.70,13.40
2008.05.20 02:09:01.843,1.9515,1.95195,2.80,9.60
2008.05.20 02:09:02.639,1.95154,1.95194,2.80,3.80
2008.05.20 02:09:02.775,1.95154,1.95194,3.80,13.40
2008.05.20 02:09:02.819,1.95153,1.95193,2.80,9.60
2008.05.20 02:09:02.952,1.95148,1.95193,3.80,9.60
2008.05.20 02:09:03.014,1.95154,1.95189,6.70,9.60
2008.05.20 02:09:49.161,1.95149,1.95199,2.80,3.80
2008.05.20 02:09:58.970,1.95159,1.95195,2.80,3.80
2008.05.20 02:10:09.641,1.9518,1.95215,13.10,0.80
2008.05.20 02:10:11.334,1.9518,1.9522,13.10,6.40
2008.05.20 02:10:19.688,1.9518,1.95215,13.10,0.80
2008.05.20 02:10:21.290,1.9518,1.9522,13.10,6.40
2008.05.20 02:10:26.237,1.9518,1.9522,13.10,14.40
2008.05.20 02:10:26.307,1.9518,1.9522,8.10,14.00
2008.05.20 02:10:26.347,1.9518,1.9522,4.40,17.00
2008.05.20 02:10:26.387,1.9518,1.9522,2.00,14.60
2008.05.20 02:10:26.546,1.9516,1.9521,8.90,1.40
2008.05.20 02:10:26.764,1.9516,1.9521,9.30,1.40
2008.05.20 02:10:26.844,1.9516,1.9521,11.70,1.40
2008.05.20 02:10:27.085,1.9516,1.9521,13.70,1.40
2008.05.20 02:10:27.164,1.9516,1.9521,13.30,1.40
2008.05.20 02:10:27.280,1.9516,1.9521,10.90,1.40
2008.05.20 02:10:27.579,1.9516,1.9521,8.90,1.40
2008.05.20 02:10:40.270,1.9516,1.952,3.30,2.80
2008.05.20 02:10:40.414,1.9516,1.952,3.20,4.20
2008.05.20 02:10:48.538,1.9516,1.952,0.80,6.60
2008.05.20 02:10:48.670,1.9515,1.952,8.70,6.60
2008.05.20 02:10:49.792,1.9515,1.9519,8.10,2.80
2008.05.20 02:10:49.982,1.9515,1.9519,8.10,3.60
2008.05.20 02:10:50.360,1.9515,1.9519,8.10,6.40
2008.05.20 02:10:59.331,1.9516,1.9519,0.80,8.80
2008.05.20 02:11:00.434,1.9516,1.9519,0.80,6.00
2008.05.20 02:11:09.474,1.9516,1.9519,3.20,6.00
2008.05.20 02:11:10.967,1.9516,1.9519,3.20,8.80
2008.05.20 02:11:12.865,1.9516,1.9519,8.80,3.20
2008.05.20 02:11:12.890,1.9516,1.9519,8.80,0.80
2008.05.20 02:11:12.963,1.9516,1.952,8.80,3.40
2008.05.20 02:11:13.056,1.9516,1.952,8.80,1.40
2008.05.20 02:11:13.282,1.9516,1.952,0.80,1.40
2008.05.20 02:11:13.297,1.9516,1.952,3.20,1.40
2008.05.20 02:11:13.684,1.9516,1.952,3.20,3.80
2008.05.20 02:11:13.951,1.9516,1.952,3.20,4.20
2008.05.20 02:11:14.463,1.9516,1.952,3.20,7.10
2008.05.20 02:11:18.809,1.9516,1.952,3.20,4.70
2008.05.20 02:11:18.826,1.9516,1.952,3.20,4.20
2008.05.20 02:11:18.886,1.9516,1.952,3.20,1.40
2008.05.20 02:11:55.894,1.9515,1.952,13.70,1.40
2008.05.20 02:11:56.030,1.9515,1.952,16.10,1.40
2008.05.20 02:11:56.248,1.9516,1.952,0.80,1.40
2008.05.20 02:12:09.454,1.9516,1.952,3.20,1.40
2008.05.20 02:12:11.937,1.9517,1.952,0.80,1.40
2008.05.20 02:12:20.900,1.9517,1.952,0.80,4.20
2008.05.20 02:12:20.970,1.9517,1.952,0.80,5.60
2008.05.20 02:12:21.354,1.9517,1.952,0.80,6.00
2008.05.20 02:12:21.424,1.9517,1.952,3.20,8.40
2008.05.20 02:12:24.896,1.9517,1.952,3.20,10.80
2008.05.20 02:13:20.820,1.9517,1.952,3.20,9.40
2008.05.20 02:13:20.871,1.9517,1.952,3.20,6.60
2008.05.20 02:13:20.920,1.9517,1.952,3.20,8.00
2008.05.20 02:13:20.971,1.9517,1.952,3.20,9.40
2008.05.20 02:13:21.192,1.9517,1.952,3.20,10.80
2008.05.20 02:13:24.858,1.9517,1.952,3.20,11.30
2008.05.20 02:13:24.985,1.9517,1.952,3.20,13.70
2008.05.20 02:13:29.791,1.9517,1.952,0.80,13.70
2008.05.20 02:13:29.844,1.9516,1.952,3.20,13.70
2008.05.20 02:13:32.697,1.9517,1.952,0.80,13.70
2008.05.20 02:13:33.898,1.9516,1.952,3.20,13.70
2008.05.20 02:13:37.476,1.9517,1.952,0.80,13.70
2008.05.20 02:13:39.456,1.9517,1.952,3.20,13.70
2008.05.20 02:14:12.310,1.9517,1.952,0.80,13.70
2008.05.20 02:14:12.556,1.9516,1.952,3.20,13.70
2008.05.20 02:14:16.378,1.9517,1.952,0.80,13.70
2008.05.20 02:14:19.629,1.9516,1.952,3.20,13.70
2008.05.20 02:14:21.103,1.9516,1.952,3.20,12.30
2008.05.20 02:14:21.328,1.9516,1.952,3.20,13.70
2008.05.20 02:14:21.777,1.9516,1.952,3.20,5.60
2008.05.20 02:14:22.241,1.9516,1.952,11.20,5.60
2008.05.20 02:14:22.449,1.9517,1.952,0.80,5.60
2008.05.20 02:14:22.675,1.9517,1.952,0.80,8.00
2008.05.20 02:14:22.768,1.9517,1.952,0.80,8.40
2008.05.20 02:14:25.939,1.9517,1.952,0.80,10.80
2008.05.20 02:14:26.017,1.9516,1.952,3.20,10.80
2008.05.20 02:14:28.970,1.9517,1.952,0.80,10.80
2008.05.20 02:14:36.344,1.9517,1.952,0.80,11.30
2008.05.20 02:14:36.384,1.9517,1.952,0.80,13.70
2008.05.20 02:14:39.683,1.9517,1.952,3.20,13.70
2008.05.20 02:14:40.901,1.9517,1.952,0.80,13.70
2008.05.20 02:14:41.000,1.9516,1.952,3.20,13.70
2008.05.20 02:14:43.759,1.9517,1.952,0.80,13.70
2008.05.20 02:14:45.766,1.9516,1.952,3.20,13.70
2008.05.20 02:14:56.740,1.9517,1.952,0.80,13.70
2008.05.20 02:15:09.506,1.9517,1.952,3.20,13.70
2008.05.20 02:15:21.073,1.9517,1.952,3.20,12.30
2008.05.20 02:15:21.092,1.9517,1.952,3.20,10.90
2008.05.20 02:15:21.121,1.9517,1.952,3.20,9.50
2008.05.20 02:15:22.258,1.9517,1.952,3.20,10.90
2008.05.20 02:15:22.278,1.9517,1.952,3.20,13.70
2008.05.20 02:15:42.936,1.9517,1.952,3.20,11.30
2008.05.20 02:15:43.152,1.95175,1.952,0.80,11.30
2008.05.20 02:15:58.449,1.95175,1.952,3.20,11.30
2008.05.20 02:15:58.587,1.95175,1.952,0.80,11.30
2008.05.20 02:15:58.657,1.9516,1.952,3.20,11.30
2008.05.20 02:15:59.274,1.9516,1.952,3.20,13.70
2008.05.20 02:15:59.360,1.9517,1.952,0.80,13.70
2008.05.20 02:16:08.015,1.9517,1.952,3.20,13.70
2008.05.20 02:16:08.100,1.95175,1.952,0.80,13.70
2008.05.20 02:16:08.175,1.95175,1.952,0.80,11.30
2008.05.20 02:16:08.326,1.95175,1.952,0.80,9.90
2008.05.20 02:16:08.400,1.95175,1.952,0.80,8.50
2008.05.20 02:16:08.475,1.95175,1.952,0.80,7.10
2008.05.20 02:16:08.550,1.95175,1.952,0.80,5.60
2008.05.20 02:16:08.883,1.95175,1.952,0.80,2.40
2008.05.20 02:16:09.123,1.95185,1.9521,0.80,3.40
2008.05.20 02:16:09.362,1.95185,1.9521,0.80,1.40
2008.05.20 02:16:11.306,1.95185,1.9521,0.80,2.80
2008.05.20 02:16:11.400,1.95185,1.9521,0.80,4.20
2008.05.20 02:16:11.495,1.95185,1.9521,0.80,5.60
2008.05.20 02:16:11.802,1.95185,1.9521,0.80,8.00
2008.05.20 02:16:11.898,1.9518,1.9521,3.20,8.40
2008.05.20 02:16:12.095,1.9518,1.9521,3.20,9.00
2008.05.20 02:16:13.368,1.9518,1.9521,3.20,6.20
2008.05.20 02:16:13.472,1.9518,1.9521,3.20,4.90
2008.05.20 02:16:13.502,1.9518,1.9521,3.20,4.20
2008.05.20 02:16:13.850,1.9518,1.9521,3.20,1.80
2008.05.20 02:16:13.948,1.95185,1.9521,0.80,1.40
2008.05.20 02:16:17.715,1.9517,1.9521,3.20,1.40
2008.05.20 02:16:19.819,1.9517,1.9521,11.20,1.40
2008.05.20 02:16:20.111,1.95185,1.9521,0.80,1.40
2008.05.20 02:16:22.014,1.95185,1.9522,0.80,8.90
2008.05.20 02:16:22.118,1.95185,1.9522,0.80,4.90
2008.05.20 02:16:22.346,1.95185,1.9522,0.80,7.30
2008.05.20 02:16:22.995,1.95185,1.9522,0.80,9.00
2008.05.20 02:16:23.081,1.95185,1.9521,0.80,1.40
2008.05.20 02:16:30.108,1.95185,1.9521,3.20,1.40
2008.05.20 02:16:34.986,1.95195,1.9521,0.80,1.40
2008.05.20 02:16:38.054,1.95185,1.9521,3.20,1.40
2008.05.20 02:16:47.700,1.95195,1.9521,0.80,1.40
2008.05.20 02:16:52.855,1.95195,1.9521,3.20,1.40
2008.05.20 02:17:41.448,1.95195,1.9521,4.00,1.40
2008.05.20 02:17:41.554,1.952,1.9521,0.80,1.40
2008.05.20 02:17:43.069,1.95195,1.9521,3.20,1.40
2008.05.20 02:18:09.771,1.95195,1.9522,3.20,1.80
2008.05.20 02:18:10.025,1.95195,1.9522,3.20,0.50
2008.05.20 02:18:18.809,1.95205,1.9522,0.80,0.50
2008.05.20 02:18:18.926,1.95205,1.9522,1.60,0.50
2008.05.20 02:18:19.155,1.95205,1.9522,1.60,3.20
2008.05.20 02:18:19.272,1.95205,1.9522,0.80,5.60
2008.05.20 02:18:20.639,1.952,1.9522,3.20,5.60
2008.05.20 02:18:22.979,1.952,1.9522,0.80,5.60
2008.05.20 02:18:23.175,1.95195,1.9522,3.20,5.60
2008.05.20 02:18:26.449,1.952,1.9522,0.80,5.60
2008.05.20 02:18:39.093,1.95195,1.9522,3.20,5.60
2008.05.20 02:18:39.407,1.952,1.9522,0.80,5.60
2008.05.20 02:18:44.778,1.95195,1.9522,3.20,5.60
2008.05.20 02:18:51.859,1.952,1.9522,0.80,5.60
2008.05.20 02:18:55.924,1.95195,1.9522,3.20,5.60
2008.05.20 02:18:58.381,1.95185,1.9522,3.20,6.40
2008.05.20 02:19:00.961,1.9518,1.9522,10.70,8.80
2008.05.20 02:19:28.870,1.95185,1.9522,0.80,8.80
2008.05.20 02:19:34.746,1.95185,1.9522,0.80,6.40
2008.05.20 02:19:34.857,1.95185,1.9522,0.80,0.60
2008.05.20 02:19:34.971,1.95185,1.9523,0.80,3.40
2008.05.20 02:19:35.081,1.95185,1.9523,0.80,1.40
2008.05.20 02:19:37.231,1.9518,1.9523,18.70,1.40
2008.05.20 02:19:50.193,1.9519,1.9523,0.90,1.40
2008.05.20 02:20:28.924,1.95185,1.9522,3.20,3.60
2008.05.20 02:20:29.363,1.95185,1.9522,3.20,6.00
2008.05.20 02:20:29.508,1.95185,1.9522,3.20,6.40
2008.05.20 02:20:36.587,1.95185,1.9522,3.20,8.80
2008.05.20 02:20:46.563,1.95185,1.9522,3.20,6.40
2008.05.20 02:20:46.628,1.95195,1.9522,0.80,5.60
2008.05.20 02:20:51.161,1.95195,1.9522,3.20,5.60
2008.05.20 02:20:59.718,1.95195,1.9522,0.80,5.60
2008.05.20 02:20:59.756,1.95185,1.9522,3.20,6.40
2008.05.20 02:21:09.754,1.95185,1.9522,3.20,8.80
2008.05.20 02:21:15.078,1.9518,1.9522,10.70,8.80
2008.05.20 02:21:15.975,1.9519,1.9522,4.80,6.40
2008.05.20 02:21:16.223,1.9519,1.9522,5.60,6.40
2008.05.20 02:21:16.357,1.9519,1.9522,7.60,6.40
2008.05.20 02:21:16.487,1.9519,1.9522,10.00,6.40
2008.05.20 02:21:16.616,1.9519,1.9522,10.20,6.40
2008.05.20 02:21:32.106,1.9519,1.9522,12.60,6.40
2008.05.20 02:21:45.441,1.9519,1.9522,10.20,8.80
2008.05.20 02:21:45.577,1.9519,1.9522,2.00,8.80
2008.05.20 02:21:45.770,1.95185,1.9522,3.20,8.80
2008.05.20 02:21:59.783,1.95185,1.9522,3.20,10.40
2008.05.20 02:22:20.166,1.95185,1.9522,0.80,10.40
2008.05.20 02:22:20.330,1.9518,1.9522,10.70,10.40
2008.05.20 02:22:22.075,1.95185,1.9522,0.80,10.40
2008.05.20 02:22:39.769,1.95185,1.9522,3.20,10.40
2008.05.20 02:22:41.601,1.95185,1.9522,0.80,10.40
2008.05.20 02:22:46.725,1.95185,1.9522,0.80,11.10
2008.05.20 02:23:00.073,1.95185,1.9522,3.20,11.10
2008.05.20 02:23:07.905,1.95185,1.9522,3.20,9.50
2008.05.20 02:23:12.223,1.95195,1.9522,0.80,6.30
2008.05.20 02:23:20.924,1.95195,1.9522,3.20,6.30
2008.05.20 02:23:24.871,1.95185,1.9522,3.20,7.10
2008.05.20 02:23:31.578,1.95185,1.9522,3.20,9.50
2008.05.20 02:23:34.844,1.95185,1.9522,3.20,7.10
2008.05.20 02:23:35.103,1.95195,1.9522,0.80,6.30
2008.05.20 02:23:36.200,1.95195,1.9522,0.80,5.60
2008.05.20 02:23:36.351,1.95195,1.9522,0.80,2.80
2008.05.20 02:23:39.710,1.952,1.9522,2.40,2.80
2008.05.20 02:23:39.881,1.952,1.95225,8.70,2.40
2008.05.20 02:23:40.051,1.952,1.9525,8.30,10.20
2008.05.20 02:23:40.610,1.952,1.9525,8.90,10.20
2008.05.20 02:23:41.176,1.952,1.9525,8.90,9.50
2008.05.20 02:24:07.367,1.952,1.9525,11.30,9.50
2008.05.20 02:24:15.481,1.952,1.9525,11.30,9.70
2008.05.20 02:24:27.256,1.952,1.9525,11.30,17.70
2008.05.20 02:24:27.549,1.952,1.9524,11.30,0.80
2008.05.20 02:24:30.359,1.952,1.9525,11.30,9.70
2008.05.20 02:24:43.585,1.952,1.9525,11.30,17.70
2008.05.20 02:24:43.736,1.952,1.9524,11.30,0.80
2008.05.20 02:24:48.755,1.952,1.9524,11.30,8.80
2008.05.20 02:24:48.795,1.952,1.9524,8.90,11.20
2008.05.20 02:24:48.847,1.952,1.95225,8.90,0.80
2008.05.20 02:24:52.285,1.952,1.95225,8.90,3.20
2008.05.20 02:24:52.586,1.952,1.9522,8.90,0.80
2008.05.20 02:24:53.250,1.952,1.9522,8.30,0.80
2008.05.20 02:24:57.576,1.952,1.9522,5.90,0.80
2008.05.20 02:24:57.722,1.952,1.95225,5.90,3.20
2008.05.20 02:24:57.936,1.952,1.95225,6.50,2.40
2008.05.20 02:24:58.116,1.952,1.9524,6.50,0.80
2008.05.20 02:24:58.305,1.952,1.9525,6.50,12.70
2008.05.20 02:25:02.507,1.952,1.9524,6.50,0.80
2008.05.20 02:25:02.557,1.952,1.9524,8.90,0.80
2008.05.20 02:25:07.709,1.952,1.9525,8.90,12.70
2008.05.20 02:25:09.395,1.952,1.9524,7.60,1.40
2008.05.20 02:25:09.545,1.952,1.9524,2.00,1.40
2008.05.20 02:25:09.694,1.9519,1.9524,0.90,3.80
2008.05.20 02:25:09.911,1.9519,1.9524,0.90,1.40
2008.05.20 02:25:11.389,1.952,1.9524,2.80,1.40
2008.05.20 02:25:11.516,1.952,1.95245,3.70,0.60
2008.05.20 02:25:11.764,1.952,1.95245,3.30,0.60
2008.05.20 02:25:11.903,1.952,1.95245,5.70,0.60
2008.05.20 02:25:12.033,1.952,1.95245,8.30,0.60
2008.05.20 02:25:13.873,1.952,1.9523,8.30,2.40
2008.05.20 02:25:14.002,1.952,1.9523,10.60,3.20
2008.05.20 02:25:14.526,1.952,1.9523,10.60,6.00
2008.05.20 02:25:18.432,1.952,1.9523,10.60,8.40
2008.05.20 02:25:28.855,1.952,1.9523,13.00,6.00
2008.05.20 02:25:28.928,1.952,1.9523,13.10,5.20
2008.05.20 02:25:28.988,1.952,1.9524,13.10,5.20
2008.05.20 02:25:29.018,1.952,1.9524,10.70,2.00
2008.05.20 02:25:29.157,1.952,1.9524,8.30,2.00
2008.05.20 02:25:29.237,1.952,1.95245,8.30,0.60
2008.05.20 02:25:29.272,1.952,1.95245,10.70,0.60
2008.05.20 02:25:29.994,1.952,1.9523,8.20,5.60
2008.05.20 02:25:30.135,1.952,1.9523,8.20,8.40
2008.05.20 02:25:36.095,1.952,1.9523,4.40,2.40
2008.05.20 02:25:36.259,1.952,1.9524,2.00,11.40
2008.05.20 02:25:36.425,1.9519,1.9524,0.90,9.40
2008.05.20 02:25:44.818,1.9519,1.9524,0.90,11.80
2008.05.20 02:25:44.843,1.9519,1.9523,0.90,8.00
2008.05.20 02:25:45.132,1.9519,1.95225,0.90,0.80
2008.05.20 02:25:50.449,1.9519,1.95225,0.90,3.20
2008.05.20 02:26:18.017,1.952,1.95225,2.40,3.20
2008.05.20 02:26:18.091,1.952,1.95225,5.20,3.20
2008.05.20 02:26:18.200,1.952,1.95225,6.10,3.20
2008.05.20 02:26:18.398,1.952,1.95225,8.10,3.20
2008.05.20 02:26:18.457,1.952,1.95225,5.70,3.20
2008.05.20 02:26:18.517,1.952,1.95225,10.70,3.20
2008.05.20 02:26:21.064,1.952,1.95225,8.30,3.20
2008.05.20 02:26:21.472,1.952,1.95225,7.40,3.20
2008.05.20 02:26:21.612,1.952,1.95225,2.00,3.20
2008.05.20 02:26:21.801,1.9519,1.95225,0.90,3.20
2008.05.20 02:26:35.037,1.9519,1.95225,0.90,0.80
2008.05.20 02:26:35.454,1.9519,1.9524,0.90,9.40
2008.05.20 02:26:44.964,1.9519,1.9523,0.90,8.00
2008.05.20 02:26:45.125,1.9519,1.95225,0.90,0.80
2008.05.20 02:26:57.268,1.9519,1.9523,0.90,8.00
2008.05.20 02:26:57.304,1.9519,1.9524,0.90,9.40
2008.05.20 02:27:13.274,1.9519,1.9524,0.90,11.80
2008.05.20 02:27:13.330,1.9519,1.95225,0.90,0.80
2008.05.20 02:27:13.606,1.9519,1.9524,0.90,9.40
2008.05.20 02:28:07.221,1.9519,1.9523,0.90,8.00
2008.05.20 02:28:07.371,1.9519,1.95225,0.90,0.80
2008.05.20 02:28:09.941,1.9519,1.95225,0.90,3.20
2008.05.20 02:28:47.269,1.9519,1.95225,0.90,0.80
2008.05.20 02:28:47.600,1.9519,1.9524,0.90,11.00
2008.05.20 02:28:47.736,1.9519,1.9524,0.90,13.40
2008.05.20 02:28:47.816,1.9519,1.95225,0.90,0.80
2008.05.20 02:28:50.790,1.9519,1.95225,0.90,3.20
2008.05.20 02:28:50.865,1.9519,1.95215,0.90,0.80
2008.05.20 02:29:09.373,1.9518,1.95215,12.70,0.80
2008.05.20 02:29:09.409,1.9518,1.95215,11.30,0.80
2008.05.20 02:29:09.506,1.9518,1.95215,10.70,0.80
2008.05.20 02:29:09.891,1.9518,1.95215,10.70,3.20
2008.05.20 02:29:38.330,1.9518,1.95215,10.70,2.40
2008.05.20 02:29:38.383,1.9518,1.95225,10.70,3.20
2008.05.20 02:29:42.513,1.9518,1.95225,11.30,3.20
2008.05.20 02:29:57.823,1.9518,1.95215,11.30,0.80
2008.05.20 02:30:06.711,1.9518,1.95225,11.30,3.20
2008.05.20 02:30:07.984,1.952,1.95225,2.40,3.20
2008.05.20 02:30:08.233,1.95195,1.95225,0.80,3.20
2008.05.20 02:30:08.358,1.952,1.95225,2.40,3.20
2008.05.20 02:30:08.482,1.952,1.95225,2.60,3.20
2008.05.20 02:30:08.611,1.952,1.95225,5.00,3.20
2008.05.20 02:30:09.432,1.952,1.9522,5.00,2.40
2008.05.20 02:30:09.472,1.952,1.9521,4.40,0.60
2008.05.20 02:30:09.553,1.952,1.95205,2.00,1.60
2008.05.20 02:30:09.764,1.9519,1.95205,4.00,1.60
2008.05.20 02:30:11.031,1.952,1.95215,5.00,0.80
2008.05.20 02:30:11.228,1.952,1.9522,2.60,2.00
2008.05.20 02:30:11.423,1.952,1.95225,5.00,3.20
2008.05.20 02:30:18.742,1.952,1.95225,5.00,0.80
2008.05.20 02:30:18.921,1.952,1.9523,5.80,10.80
2008.05.20 02:30:33.435,1.952,1.9523,8.20,10.80
2008.05.20 02:30:48.701,1.952,1.9523,5.80,10.80
2008.05.20 02:30:53.846,1.952,1.9523,5.80,11.50
2008.05.20 02:30:55.253,1.952,1.9523,6.60,11.50
2008.05.20 02:31:00.281,1.952,1.9523,7.40,11.50
2008.05.20 02:31:05.308,1.952,1.9523,8.20,11.50
2008.05.20 02:31:12.133,1.952,1.9523,8.80,10.80
2008.05.20 02:31:12.804,1.95205,1.9523,0.60,10.80
2008.05.20 02:31:13.003,1.95205,1.9523,1.40,7.60
2008.05.20 02:31:13.606,1.95205,1.9523,1.40,2.80
2008.05.20 02:31:17.739,1.9521,1.9524,4.50,2.00
2008.05.20 02:31:17.957,1.9521,1.9524,6.50,0.80
2008.05.20 02:31:20.497,1.9521,1.9524,6.50,3.20
2008.05.20 02:31:20.830,1.9521,1.95235,6.50,0.80
2008.05.20 02:31:21.228,1.9521,1.9524,6.50,3.20
2008.05.20 02:31:39.933,1.9521,1.9524,8.90,3.20
2008.05.20 02:32:18.665,1.9521,1.9524,8.30,3.20
2008.05.20 02:32:18.692,1.9521,1.9524,5.50,3.20
2008.05.20 02:32:18.775,1.9521,1.9524,5.30,3.20
2008.05.20 02:32:18.802,1.9521,1.9524,2.00,3.20
2008.05.20 02:32:19.035,1.952,1.9524,0.90,3.20
2008.05.20 02:32:19.132,1.952,1.9524,6.50,3.20
2008.05.20 02:32:19.157,1.952,1.9524,7.10,3.20
2008.05.20 02:32:19.208,1.952,1.9524,11.10,3.20
2008.05.20 02:32:19.402,1.9521,1.9524,1.20,3.20
2008.05.20 02:32:19.598,1.9521,1.9524,3.90,3.20
2008.05.20 02:32:19.793,1.9521,1.9524,4.10,3.20
2008.05.20 02:32:19.989,1.9521,1.9524,6.50,3.20
2008.05.20 02:32:32.314,1.9521,1.9524,8.90,0.80
2008.05.20 02:32:32.452,1.9521,1.9525,8.90,11.20
2008.05.20 02:32:32.737,1.9521,1.9525,10.50,8.80
2008.05.20 02:32:32.768,1.9522,1.9525,0.80,8.80
2008.05.20 02:32:32.807,1.9522,1.9525,1.40,8.80
2008.05.20 02:32:32.838,1.9522,1.9525,3.80,8.80
2008.05.20 02:32:33.032,1.9522,1.9525,5.80,8.80
2008.05.20 02:32:33.342,1.9522,1.9525,8.40,8.80
2008.05.20 02:32:34.526,1.9522,1.95245,7.60,0.80
2008.05.20 02:32:35.857,1.9522,1.9524,7.60,0.80
2008.05.20 02:32:36.348,1.9522,1.9523,2.00,0.80
2008.05.20 02:32:36.756,1.952,1.9523,8.90,0.80
2008.05.20 02:32:37.767,1.9521,1.9524,3.40,3.20
2008.05.20 02:32:37.966,1.9521,1.9524,6.20,3.20
2008.05.20 02:32:38.176,1.9521,1.9524,6.30,3.20
2008.05.20 02:32:38.366,1.9521,1.9524,8.90,3.20
2008.05.20 02:32:39.928,1.9521,1.9524,11.30,3.20
2008.05.20 02:32:59.059,1.9521,1.9524,8.90,3.20
2008.05.20 02:32:59.159,1.9521,1.95235,8.90,0.80
2008.05.20 02:33:00.213,1.9521,1.9524,8.90,3.20
2008.05.20 02:33:08.558,1.9521,1.95235,8.90,0.80
2008.05.20 02:33:10.005,1.9521,1.95235,8.90,3.20
2008.05.20 02:33:37.778,1.9521,1.95235,8.30,3.20
2008.05.20 02:33:37.823,1.9521,1.95235,5.90,3.20
2008.05.20 02:33:37.868,1.9521,1.95235,5.70,3.20
2008.05.20 02:33:37.912,1.9521,1.95235,3.30,3.20
2008.05.20 02:33:37.957,1.9521,1.95235,2.90,3.20
2008.05.20 02:33:38.015,1.9521,1.9523,2.00,0.80
2008.05.20 02:33:38.190,1.952,1.9523,11.30,0.80
2008.05.20 02:33:38.312,1.952,1.9523,8.90,0.80
2008.05.20 02:33:39.956,1.952,1.9523,8.90,3.20
2008.05.20 02:33:53.365,1.952,1.9523,7.90,0.80
2008.05.20 02:33:53.465,1.952,1.9523,2.90,0.80
2008.05.20 02:33:53.565,1.952,1.9524,2.00,3.80
2008.05.20 02:33:53.665,1.95195,1.9524,3.20,3.80
2008.05.20 02:33:53.863,1.9521,1.9524,2.80,3.80
2008.05.20 02:33:54.061,1.9521,1.9524,3.60,3.20
2008.05.20 02:33:54.260,1.9521,1.9524,5.70,3.20
2008.05.20 02:33:54.415,1.9521,1.9524,8.30,3.20
2008.05.20 02:34:09.979,1.9521,1.9524,10.70,3.20
2008.05.20 02:34:48.438,1.9521,1.9524,11.30,3.20
2008.05.20 02:34:56.529,1.9521,1.9524,10.80,3.60
2008.05.20 02:34:56.779,1.9521,1.9524,10.80,4.00
2008.05.20 02:34:56.816,1.9521,1.9524,10.80,6.40
2008.05.20 02:34:57.684,1.9521,1.9524,10.80,7.10
2008.05.20 02:34:59.378,1.9521,1.9524,8.40,7.10
2008.05.20 02:34:59.428,1.9521,1.9524,7.80,7.10
2008.05.20 02:34:59.458,1.9521,1.9524,7.80,6.60
2008.05.20 02:34:59.519,1.9521,1.9524,7.90,6.60
2008.05.20 02:34:59.584,1.9521,1.9524,7.90,4.20
2008.05.20 02:34:59.657,1.9521,1.9524,7.90,3.60
2008.05.20 02:34:59.751,1.9521,1.9524,8.30,3.20
2008.05.20 02:35:25.214,1.9521,1.9524,8.30,0.80
2008.05.20 02:35:25.300,1.9521,1.9524,8.90,0.80
2008.05.20 02:35:25.420,1.9521,1.9525,8.90,11.20
2008.05.20 02:35:25.520,1.9521,1.9525,8.90,8.80
2008.05.20 02:35:25.569,1.9521,1.9525,7.90,14.40
2008.05.20 02:35:25.721,1.9521,1.9525,2.00,15.10
2008.05.20 02:35:25.870,1.952,1.9525,0.90,15.10
2008.05.20 02:35:26.020,1.952,1.9525,1.30,7.10
2008.05.20 02:35:26.171,1.952,1.9525,4.30,9.50
2008.05.20 02:35:26.319,1.952,1.9525,6.30,9.50
2008.05.20 02:35:26.470,1.952,1.9525,3.30,11.90
2008.05.20 02:35:26.619,1.952,1.9525,2.90,15.10
2008.05.20 02:35:26.925,1.952,1.9525,0.90,15.10
2008.05.20 02:35:27.241,1.952,1.9525,4.30,9.50
2008.05.20 02:35:27.545,1.952,1.9525,3.90,9.50
2008.05.20 02:35:27.855,1.952,1.9525,2.90,15.10
2008.05.20 02:35:27.911,1.952,1.9525,0.90,15.10
2008.05.20 02:35:27.983,1.952,1.9525,1.30,9.50
2008.05.20 02:35:28.037,1.952,1.9525,1.30,10.20
2008.05.20 02:35:28.147,1.952,1.9525,3.70,10.20
2008.05.20 02:35:28.201,1.952,1.9525,4.30,9.50
2008.05.20 02:35:28.303,1.952,1.9525,6.30,9.50
2008.05.20 02:35:28.519,1.952,1.9525,5.30,17.50
2008.05.20 02:35:28.573,1.952,1.9525,2.90,17.50
2008.05.20 02:35:28.628,1.952,1.9525,2.90,15.10
2008.05.20 02:35:28.853,1.952,1.9525,0.90,15.10
2008.05.20 02:35:29.078,1.952,1.9525,3.70,17.50
2008.05.20 02:35:29.303,1.952,1.9525,3.70,9.50
2008.05.20 02:35:29.528,1.952,1.9525,3.30,9.50
2008.05.20 02:35:29.753,1.952,1.9525,2.90,7.10
2008.05.20 02:35:29.859,1.952,1.9525,0.90,7.10
2008.05.20 02:35:30.009,1.9521,1.9525,2.80,7.10
2008.05.20 02:35:30.085,1.9521,1.9525,5.20,7.80
2008.05.20 02:35:30.233,1.9521,1.9525,6.10,7.10
2008.05.20 02:35:30.308,1.9521,1.9525,8.10,6.40
2008.05.20 02:35:30.538,1.9522,1.9525,2.40,8.80
2008.05.20 02:35:30.764,1.9522,1.9525,3.20,8.80
2008.05.20 02:35:31.015,1.9522,1.9525,5.20,8.80
2008.05.20 02:35:31.242,1.9522,1.9525,7.80,8.80
2008.05.20 02:35:31.482,1.9522,1.9525,8.40,8.80
2008.05.20 02:35:34.476,1.9523,1.9525,0.20,8.80
2008.05.20 02:36:10.164,1.9523,1.9524,0.20,0.50
2008.05.20 02:36:10.607,1.9523,1.9524,0.20,0.80
2008.05.20 02:36:10.671,1.9523,1.9524,0.20,3.20
2008.05.20 02:36:23.133,1.9523,1.9524,0.20,0.80
2008.05.20 02:36:23.172,1.9523,1.9524,0.20,0.60
2008.05.20 02:36:23.197,1.9523,1.95245,0.20,0.80
2008.05.20 02:36:23.351,1.9523,1.9525,0.20,13.20
2008.05.20 02:36:23.385,1.9523,1.9525,0.20,11.20
2008.05.20 02:36:24.775,1.9523,1.9524,0.20,0.80
2008.05.20 02:36:24.860,1.9523,1.9524,0.20,4.80
2008.05.20 02:36:25.111,1.9523,1.95235,0.20,1.60
2008.05.20 02:36:25.197,1.9523,1.95235,0.20,2.00
2008.05.20 02:36:25.616,1.9523,1.95235,0.20,3.50
2008.05.20 02:36:25.701,1.9523,1.95235,0.20,3.50
2008.05.20 02:36:25.746,1.9523,1.95235,0.20,3.50
2008.05.20 02:36:25.901,1.9523,1.95235,0.20,2.70
2008.05.20 02:36:26.129,1.9523,1.95235,0.20,2.70
2008.05.20 02:36:26.174,1.9523,1.95235,0.20,2.70
2008.05.20 02:36:26.320,1.9523,1.95235,0.20,2.70
2008.05.20 02:36:26.371,1.9523,1.95235,0.20,2.70
2008.05.20 02:36:27.797,1.9521,1.9523,3.20,6.00
2008.05.20 02:36:29.249,1.9521,1.9523,3.20,2.80
2008.05.20 02:36:37.197,1.9523,1.95235,0.20,1.60
2008.05.20 02:36:41.591,1.9521,1.95235,16.00,1.60
2008.05.20 02:37:21.669,1.95215,1.95235,0.80,1.60
2008.05.20 02:37:21.690,1.95215,1.95235,1.40,1.60
2008.05.20 02:37:21.774,1.9522,1.9524,2.40,4.40
2008.05.20 02:37:21.793,1.9522,1.9524,2.60,4.00
2008.05.20 02:37:21.830,1.9522,1.95245,2.60,3.20
2008.05.20 02:37:22.050,1.9522,1.95245,5.20,3.20
2008.05.20 02:37:22.734,1.9522,1.95245,7.60,3.20
2008.05.20 02:37:23.714,1.9522,1.95245,5.20,3.20
2008.05.20 02:37:23.808,1.9522,1.9524,5.20,0.50
2008.05.20 02:37:24.023,1.9522,1.9524,3.20,0.50
2008.05.20 02:37:24.227,1.9522,1.9524,0.80,0.50
2008.05.20 02:37:24.327,1.9522,1.9524,0.60,3.20
2008.05.20 02:37:26.082,1.95215,1.9524,1.40,3.20
2008.05.20 02:37:32.527,1.95215,1.9524,3.80,3.20
2008.05.20 02:38:22.904,1.95215,1.9524,3.80,5.60
2008.05.20 02:38:30.348,1.95215,1.9524,3.80,5.20
2008.05.20 02:38:30.428,1.9522,1.9524,0.80,2.40
2008.05.20 02:38:30.508,1.9522,1.95245,3.20,3.20
2008.05.20 02:38:30.666,1.9522,1.95245,5.20,3.20
2008.05.20 02:38:32.323,1.9522,1.95245,4.60,3.20
2008.05.20 02:38:32.505,1.9522,1.9524,4.60,4.00
2008.05.20 02:38:32.613,1.9522,1.9524,4.60,4.80
2008.05.20 02:38:32.793,1.9522,1.95235,4.60,1.60
2008.05.20 02:38:32.858,1.9522,1.95235,4.40,1.60
2008.05.20 02:38:32.902,1.9522,1.95235,2.00,1.60
2008.05.20 02:38:33.207,1.95215,1.95235,0.60,1.60
2008.05.20 02:38:53.415,1.95215,1.9524,1.40,6.00
2008.05.20 02:38:53.495,1.9522,1.9524,5.00,3.20
2008.05.20 02:38:53.549,1.9522,1.9524,5.00,2.40
2008.05.20 02:38:53.604,1.9522,1.95245,5.00,3.20
2008.05.20 02:38:53.766,1.9522,1.95245,7.00,3.20
2008.05.20 02:38:54.919,1.9522,1.95245,4.60,3.20
2008.05.20 02:38:55.059,1.9522,1.95245,5.20,3.20
2008.05.20 02:39:18.764,1.9522,1.95245,3.20,3.20
2008.05.20 02:39:18.898,1.9522,1.95245,0.80,3.20
2008.05.20 02:39:18.951,1.9522,1.9524,0.60,0.60
2008.05.20 02:39:19.104,1.9522,1.9524,0.60,2.80
2008.05.20 02:39:29.031,1.9522,1.9524,0.80,2.40
2008.05.20 02:39:29.062,1.9522,1.95245,3.20,3.20
2008.05.20 02:39:29.303,1.9522,1.95245,5.20,3.20
2008.05.20 02:39:38.044,1.9522,1.9524,5.20,0.80
2008.05.20 02:39:38.592,1.9522,1.9524,7.60,0.80
2008.05.20 02:39:40.249,1.9522,1.9524,7.60,3.20
2008.05.20 02:39:40.853,1.9522,1.9524,7.60,0.80
2008.05.20 02:39:40.933,1.9522,1.95245,7.60,3.20
2008.05.20 02:39:41.995,1.9522,1.95245,5.20,3.20
2008.05.20 02:39:58.644,1.9522,1.9524,5.20,0.80
2008.05.20 02:39:58.972,1.9522,1.9524,7.60,0.80
2008.05.20 02:40:10.161,1.9522,1.9524,7.60,3.20
2008.05.20 02:40:43.627,1.9522,1.95235,7.60,0.80
2008.05.20 02:40:57.675,1.9522,1.95235,7.60,3.20
2008.05.20 02:40:59.811,1.9522,1.95235,7.60,0.80
2008.05.20 02:40:59.888,1.9522,1.95245,7.60,3.20
2008.05.20 02:41:00.753,1.9522,1.95245,5.20,3.20
2008.05.20 02:41:21.971,1.9522,1.9524,5.20,0.80
2008.05.20 02:41:22.188,1.9522,1.9524,7.60,0.80
2008.05.20 02:41:23.757,1.9522,1.95245,7.60,3.20
2008.05.20 02:41:24.144,1.9522,1.95245,5.20,3.20
2008.05.20 02:41:56.715,1.9522,1.95245,5.60,3.20
2008.05.20 02:41:56.785,1.9522,1.95245,8.00,3.20
2008.05.20 02:41:56.856,1.9522,1.95245,9.80,3.20
2008.05.20 02:41:56.996,1.9522,1.95245,10.70,3.20
2008.05.20 02:41:57.141,1.9522,1.95245,12.10,3.20
2008.05.20 02:41:57.371,1.9523,1.95245,0.90,3.20
2008.05.20 02:42:00.236,1.9523,1.95245,0.90,0.80
2008.05.20 02:42:00.313,1.9523,1.9528,0.90,1.40
2008.05.20 02:42:01.238,1.9523,1.9528,1.50,1.40
2008.05.20 02:42:01.425,1.9523,1.9528,14.70,1.40
2008.05.20 02:42:01.590,1.9523,1.9528,16.90,1.40
2008.05.20 02:42:01.939,1.9523,1.9528,2.90,3.80
2008.05.20 02:42:02.114,1.9523,1.9528,0.90,3.80
2008.05.20 02:42:02.290,1.9523,1.9528,14.10,1.40
2008.05.20 02:42:02.466,1.9523,1.9528,14.70,1.40
2008.05.20 02:42:02.651,1.9523,1.9528,16.70,1.40
2008.05.20 02:42:02.837,1.9523,1.9528,5.30,1.40
2008.05.20 02:42:03.021,1.9523,1.9528,2.90,1.40
2008.05.20 02:42:03.205,1.9523,1.9528,0.90,1.40
2008.05.20 02:42:03.390,1.9523,1.9528,14.10,1.40
2008.05.20 02:42:03.615,1.9523,1.9528,16.10,1.40
2008.05.20 02:42:03.783,1.9523,1.9528,13.70,2.60
2008.05.20 02:42:03.868,1.9523,1.9528,13.70,5.00
2008.05.20 02:42:03.953,1.9523,1.95275,2.90,0.60
2008.05.20 02:42:04.188,1.9523,1.95275,0.90,0.60
2008.05.20 02:42:04.274,1.9523,1.95275,3.30,0.60
2008.05.20 02:42:04.358,1.9523,1.95275,6.10,0.60
2008.05.20 02:42:04.537,1.9523,1.95275,8.10,0.60
2008.05.20 02:42:04.818,1.9523,1.95275,5.30,0.60
2008.05.20 02:42:04.913,1.9523,1.95275,2.90,0.60
2008.05.20 02:42:05.100,1.9523,1.95275,0.90,0.60
2008.05.20 02:42:05.288,1.9523,1.95275,3.70,0.60
2008.05.20 02:42:05.575,1.9523,1.95275,5.70,0.60
2008.05.20 02:42:05.778,1.9524,1.95275,2.80,0.60
2008.05.20 02:42:05.973,1.9524,1.95275,5.70,0.60
2008.05.20 02:42:06.362,1.9525,1.95275,0.80,0.60
2008.05.20 02:42:06.739,1.9525,1.95275,2.80,0.60
2008.05.20 02:42:06.934,1.9525,1.95275,5.40,0.60
2008.05.20 02:42:10.172,1.9525,1.95275,7.80,0.60
2008.05.20 02:42:12.847,1.9525,1.9528,10.20,3.60
2008.05.20 02:42:12.895,1.9525,1.9528,10.60,0.80
2008.05.20 02:42:12.958,1.9525,1.95285,10.60,0.60
2008.05.20 02:42:13.253,1.9525,1.95285,8.20,0.60
2008.05.20 02:42:13.324,1.9525,1.9529,8.20,18.20
2008.05.20 02:42:13.373,1.9525,1.9529,5.80,15.80
2008.05.20 02:42:13.432,1.9525,1.95285,5.20,0.60
2008.05.20 02:42:13.493,1.9525,1.9528,2.00,2.10
2008.05.20 02:42:13.577,1.9523,1.9528,0.90,2.10
2008.05.20 02:42:13.708,1.9523,1.9528,0.90,4.50
2008.05.20 02:42:14.281,1.9523,1.9528,9.30,4.50
2008.05.20 02:42:14.442,1.9523,1.9528,14.10,1.40
2008.05.20 02:42:14.601,1.9523,1.9528,16.10,1.40
2008.05.20 02:42:14.762,1.9523,1.9528,2.90,2.10
2008.05.20 02:42:15.057,1.9523,1.9528,0.90,2.10
2008.05.20 02:42:15.219,1.9523,1.9528,3.30,2.10
2008.05.20 02:42:15.288,1.9523,1.9528,14.10,1.40
2008.05.20 02:42:15.569,1.9523,1.9528,16.10,1.40
2008.05.20 02:42:15.750,1.9523,1.9528,13.70,1.40
2008.05.20 02:42:15.820,1.9523,1.9528,2.90,3.80
2008.05.20 02:42:15.974,1.9523,1.9528,2.90,4.50
2008.05.20 02:42:16.202,1.9523,1.9528,0.90,4.50
2008.05.20 02:42:17.259,1.9523,1.9528,3.70,2.50
2008.05.20 02:42:17.383,1.9523,1.9528,6.10,2.50
2008.05.20 02:42:17.739,1.9523,1.9528,8.10,2.50
2008.05.20 02:42:17.859,1.9523,1.9528,2.90,13.40
2008.05.20 02:42:17.979,1.9523,1.9528,2.90,7.80
2008.05.20 02:42:18.101,1.95235,1.9528,0.80,7.80
2008.05.20 02:42:18.422,1.9524,1.95275,6.00,0.60
2008.05.20 02:42:18.600,1.9524,1.95275,6.10,0.60
2008.05.20 02:42:18.791,1.9524,1.9528,5.70,4.00
2008.05.20 02:42:18.980,1.9524,1.9528,2.90,9.50
2008.05.20 02:42:19.170,1.95235,1.9528,0.80,10.20
2008.05.20 02:42:19.558,1.95235,1.9525,0.80,0.20
2008.05.20 02:42:19.756,1.9524,1.9525,2.40,0.20
2008.05.20 02:42:19.856,1.9524,1.9525,3.60,0.20
2008.05.20 02:42:19.956,1.9524,1.9525,6.00,0.20
2008.05.20 02:42:20.196,1.9524,1.9525,8.10,0.20
2008.05.20 02:42:20.381,1.9524,1.9525,2.00,0.20
2008.05.20 02:42:20.556,1.95235,1.9525,3.20,0.20
2008.05.20 02:42:21.309,1.9524,1.9525,5.20,0.20
2008.05.20 02:42:21.368,1.9524,1.9525,6.10,0.20
2008.05.20 02:42:21.581,1.9524,1.9525,8.10,0.20
2008.05.20 02:42:21.817,1.9524,1.9525,2.90,0.20
2008.05.20 02:42:21.879,1.9524,1.9525,2.00,0.20
2008.05.20 02:42:22.092,1.95235,1.9525,3.20,0.20
2008.05.20 02:42:22.329,1.9524,1.9525,5.20,0.20
2008.05.20 02:42:22.388,1.9524,1.9525,6.10,0.20
2008.05.20 02:42:22.726,1.9524,1.9525,5.70,0.20
2008.05.20 02:42:22.896,1.9524,1.9525,2.00,0.20
2008.05.20 02:42:23.110,1.95235,1.9525,3.20,0.20
2008.05.20 02:42:23.291,1.9524,1.9525,2.40,0.20
2008.05.20 02:42:23.461,1.9524,1.9525,6.10,0.20
2008.05.20 02:42:23.630,1.9524,1.9525,8.10,0.20
2008.05.20 02:42:23.768,1.9524,1.9525,2.90,0.20
2008.05.20 02:42:23.914,1.9524,1.9525,2.00,0.20
2008.05.20 02:42:24.050,1.95235,1.9525,3.20,0.20
2008.05.20 02:42:24.326,1.9524,1.9525,2.40,0.20
2008.05.20 02:42:24.396,1.9524,1.9525,6.10,0.20
2008.05.20 02:42:24.713,1.9524,1.9525,8.10,0.20
2008.05.20 02:42:24.785,1.9524,1.9525,5.70,0.20
2008.05.20 02:42:24.923,1.9524,1.9525,4.80,0.20
2008.05.20 02:42:25.002,1.9524,1.9525,2.00,0.20
2008.05.20 02:42:25.071,1.95235,1.9525,3.20,0.20
2008.05.20 02:42:25.278,1.9524,1.9525,0.50,0.20
2008.05.20 02:42:25.347,1.9524,1.9525,2.80,0.20
2008.05.20 02:42:25.417,1.9524,1.9525,6.00,0.20
2008.05.20 02:42:25.576,1.9524,1.9525,8.00,0.20
2008.05.20 02:42:25.645,1.9524,1.9525,8.10,0.20
2008.05.20 02:42:25.783,1.9524,1.9525,7.70,0.20
2008.05.20 02:42:25.854,1.9524,1.9525,5.30,0.20
2008.05.20 02:42:26.003,1.9524,1.9525,2.00,0.20
2008.05.20 02:42:26.152,1.95235,1.9525,3.20,0.20
2008.05.20 02:42:26.451,1.9524,1.9525,6.10,0.20
2008.05.20 02:42:26.750,1.9524,1.9525,8.10,0.20
2008.05.20 02:42:26.900,1.9524,1.9525,2.90,0.20
2008.05.20 02:42:27.035,1.95235,1.9525,3.20,0.20
2008.05.20 02:42:27.829,1.9524,1.9525,2.40,0.20
2008.05.20 02:42:27.907,1.9524,1.9525,5.20,0.20
2008.05.20 02:42:27.959,1.9524,1.9525,6.10,0.20
2008.05.20 02:42:28.083,1.9524,1.9525,8.10,0.20
2008.05.20 02:42:28.290,1.9524,1.9525,5.70,0.20
2008.05.20 02:42:28.354,1.9524,1.9525,5.30,0.20
2008.05.20 02:42:28.491,1.9524,1.9525,2.00,0.20
2008.05.20 02:42:28.604,1.95235,1.9525,3.20,0.20
2008.05.20 02:42:28.833,1.9524,1.9525,2.80,0.20
2008.05.20 02:42:29.017,1.9524,1.9525,6.10,0.20
2008.05.20 02:42:29.136,1.9524,1.9525,8.10,0.20
2008.05.20 02:42:29.373,1.9524,1.9525,2.90,0.20
2008.05.20 02:42:29.493,1.9524,1.9525,2.00,0.20
2008.05.20 02:42:29.745,1.95235,1.9525,3.20,0.20
2008.05.20 02:42:29.865,1.9524,1.9525,5.20,0.20
2008.05.20 02:42:30.058,1.9524,1.9525,6.10,0.20
2008.05.20 02:42:30.132,1.9524,1.9525,8.10,0.20
2008.05.20 02:42:30.355,1.9524,1.9525,5.30,0.20
2008.05.20 02:42:30.429,1.9524,1.9525,2.90,0.20
2008.05.20 02:42:30.577,1.9524,1.9525,2.00,0.20
2008.05.20 02:42:30.651,1.95235,1.9525,3.20,0.20
2008.05.20 02:42:31.249,1.9524,1.9525,2.40,0.20
2008.05.20 02:42:31.457,1.9524,1.9525,5.20,0.20
2008.05.20 02:42:31.561,1.9524,1.9525,6.10,0.20
2008.05.20 02:42:31.666,1.9524,1.9525,8.10,0.20
2008.05.20 02:42:31.771,1.9524,1.9525,5.70,0.20
2008.05.20 02:42:31.979,1.9524,1.9525,2.90,0.20
2008.05.20 02:42:32.084,1.9524,1.9525,2.00,0.20
2008.05.20 02:42:32.189,1.95235,1.9525,3.20,0.20
2008.05.20 02:42:32.294,1.9524,1.9525,2.40,0.20
2008.05.20 02:42:32.449,1.9524,1.9525,5.20,0.20
2008.05.20 02:42:32.606,1.9524,1.9525,6.10,0.20
2008.05.20 02:42:32.761,1.9524,1.9525,5.70,0.20
2008.05.20 02:42:32.916,1.9524,1.9525,2.90,0.20
2008.05.20 02:42:33.070,1.9524,1.9525,2.00,0.20
2008.05.20 02:42:33.225,1.95235,1.9525,3.20,0.20
2008.05.20 02:42:33.380,1.9524,1.9525,6.00,0.20
2008.05.20 02:42:33.563,1.9524,1.9525,6.10,0.20
2008.05.20 02:42:33.694,1.9524,1.9525,8.10,0.20
2008.05.20 02:42:33.812,1.9524,1.9525,5.30,0.20
2008.05.20 02:42:33.872,1.9524,1.9525,2.90,0.20
2008.05.20 02:42:34.071,1.9524,1.9525,2.00,0.20
2008.05.20 02:42:34.129,1.95235,1.9525,3.20,0.20
2008.05.20 02:42:34.306,1.9524,1.9525,3.20,0.20
2008.05.20 02:42:34.424,1.9524,1.9525,6.00,0.20
2008.05.20 02:42:34.599,1.9524,1.9525,6.10,0.20
2008.05.20 02:42:34.658,1.9524,1.9525,8.10,0.20
2008.05.20 02:42:34.865,1.9524,1.9525,2.90,0.20
2008.05.20 02:42:35.153,1.95235,1.9525,3.20,0.20
2008.05.20 02:42:35.357,1.9524,1.9525,6.00,0.20
2008.05.20 02:42:35.634,1.9524,1.9525,6.10,0.20
2008.05.20 02:42:35.774,1.9524,1.9525,8.10,0.20
2008.05.20 02:42:35.914,1.9524,1.9525,2.00,0.20
2008.05.20 02:42:36.069,1.95235,1.9525,3.20,0.20
2008.05.20 02:42:36.347,1.9524,1.9525,6.10,0.20
2008.05.20 02:42:36.722,1.9524,1.9525,8.10,0.20
2008.05.20 02:42:36.782,1.9524,1.9525,5.70,0.20
2008.05.20 02:42:36.845,1.9524,1.9525,2.00,0.20
2008.05.20 02:42:37.197,1.95235,1.9525,3.20,0.20
2008.05.20 02:42:37.314,1.9524,1.9525,2.80,0.20
2008.05.20 02:42:37.374,1.9524,1.9525,3.60,0.20
2008.05.20 02:42:37.435,1.9524,1.9525,6.00,0.20
2008.05.20 02:42:37.574,1.9524,1.9525,6.10,0.20
2008.05.20 02:42:37.714,1.9524,1.9525,8.10,0.20
2008.05.20 02:42:37.855,1.9524,1.9525,5.30,0.20
2008.05.20 02:42:37.995,1.9524,1.9525,2.00,0.20
2008.05.20 02:42:38.134,1.95235,1.9525,3.20,0.20
2008.05.20 02:42:38.893,1.9524,1.9525,2.80,0.20
2008.05.20 02:42:39.031,1.9524,1.9525,6.10,0.20
2008.05.20 02:42:39.091,1.9524,1.9525,8.10,0.20
2008.05.20 02:42:39.267,1.9524,1.9525,8.30,0.20
2008.05.20 02:42:39.387,1.9524,1.9525,4.40,0.20
2008.05.20 02:42:39.446,1.9524,1.9525,2.00,0.20
2008.05.20 02:42:39.700,1.95235,1.9525,3.20,0.20
2008.05.20 02:42:40.344,1.9524,1.9525,2.40,0.20
2008.05.20 02:42:40.449,1.9524,1.9525,6.10,0.20
2008.05.20 02:42:40.658,1.9524,1.9525,8.10,0.20
2008.05.20 02:42:40.871,1.9524,1.9525,2.90,0.20
2008.05.20 02:42:40.977,1.9524,1.9525,2.00,0.20
2008.05.20 02:42:41.084,1.95235,1.9525,3.20,0.20
2008.05.20 02:42:41.941,1.9524,1.9525,6.10,0.20
2008.05.20 02:42:42.290,1.95245,1.9525,0.60,0.20
2008.05.20 02:42:42.620,1.9525,1.95275,2.80,0.60
2008.05.20 02:42:42.938,1.9525,1.95275,5.40,0.60
2008.05.20 02:42:46.004,1.9525,1.9528,7.80,11.90
2008.05.20 02:43:43.451,1.9525,1.9528,5.20,9.50
2008.05.20 02:43:43.560,1.9525,1.9528,2.80,8.80
2008.05.20 02:43:43.670,1.9525,1.9528,2.00,9.50
2008.05.20 02:43:43.789,1.95245,1.9525,3.20,0.20
2008.05.20 02:43:43.951,1.9525,1.95275,2.40,0.60
2008.05.20 02:43:44.186,1.9525,1.95275,3.20,0.60
2008.05.20 02:43:44.285,1.9525,1.95275,5.60,0.60
2008.05.20 02:43:44.385,1.95245,1.9525,2.40,0.20
2008.05.20 02:43:44.485,1.9525,1.95275,7.80,0.60
2008.05.20 02:43:44.584,1.9525,1.95275,10.20,0.60
2008.05.20 02:43:47.714,1.9525,1.95275,12.60,0.60
2008.05.20 02:43:53.951,1.9525,1.95275,10.20,0.60
2008.05.20 02:44:44.576,1.9525,1.95275,9.20,0.60
2008.05.20 02:44:44.698,1.9525,1.9528,2.00,9.50
2008.05.20 02:44:44.874,1.95245,1.9525,3.20,0.20
2008.05.20 02:44:45.056,1.9525,1.9528,0.80,9.50
2008.05.20 02:44:45.078,1.95245,1.9525,2.40,0.20
2008.05.20 02:44:45.352,1.95245,1.9525,2.40,0.20
2008.05.20 02:44:45.697,1.95245,1.9525,3.00,0.20
2008.05.20 02:44:45.766,1.9525,1.9528,7.80,9.50
2008.05.20 02:45:07.765,1.9525,1.9528,10.20,9.50
2008.05.20 02:45:20.637,1.95255,1.9528,0.80,8.70
2008.05.20 02:45:20.664,1.95255,1.9528,0.80,8.70
2008.05.20 02:45:20.673,1.95255,1.9528,0.80,6.30
2008.05.20 02:45:21.073,1.95255,1.9528,0.80,3.90
2008.05.20 02:45:21.203,1.95255,1.9528,0.80,7.10
2008.05.20 02:45:21.306,1.95255,1.9528,0.80,7.80
2008.05.20 02:45:21.375,1.95255,1.9528,0.80,10.20
2008.05.20 02:45:21.585,1.95255,1.9528,0.80,7.80
2008.05.20 02:45:21.649,1.95255,1.9528,0.80,5.40
2008.05.20 02:45:21.904,1.95255,1.9528,0.80,3.90
2008.05.20 02:45:22.271,1.95255,1.9528,0.80,3.90
2008.05.20 02:45:23.227,1.95255,1.9528,0.80,3.90
2008.05.20 02:45:40.198,1.95255,1.9528,3.20,3.90
2008.05.20 02:46:22.735,1.95255,1.9528,3.20,3.20
2008.05.20 02:46:22.930,1.95255,1.9528,3.20,3.20
2008.05.20 02:46:24.137,1.95255,1.9528,3.20,3.20
2008.05.20 02:46:27.723,1.95255,1.9528,3.20,4.30
2008.05.20 02:46:27.878,1.9525,1.9528,19.60,5.10
2008.05.20 02:46:28.033,1.9525,1.9528,21.00,5.90
2008.05.20 02:46:28.343,1.9525,1.9527,7.00,5.20
2008.05.20 02:46:28.519,1.9525,1.9527,2.00,8.00
2008.05.20 02:46:28.693,1.95245,1.9527,3.20,9.50
2008.05.20 02:46:28.879,1.95245,1.9527,3.20,5.40
2008.05.20 02:46:29.054,1.95245,1.9527,3.20,3.90
2008.05.20 02:46:29.997,1.95245,1.9527,3.20,3.20
2008.05.20 02:46:30.634,1.95245,1.9527,3.20,3.90
2008.05.20 02:46:34.961,1.95245,1.9527,3.20,3.20
2008.05.20 02:46:51.370,1.9525,1.9527,0.20,2.80
2008.05.20 02:46:51.410,1.9525,1.9527,0.20,2.40
2008.05.20 02:46:51.528,1.9525,1.9528,3.40,13.90
2008.05.20 02:46:51.710,1.9525,1.9528,5.40,11.90
2008.05.20 02:46:52.747,1.9525,1.9527,4.60,0.80
2008.05.20 02:46:52.945,1.9525,1.9527,4.60,2.40
2008.05.20 02:46:53.106,1.9525,1.9527,2.00,5.20
2008.05.20 02:46:53.266,1.9524,1.9527,18.00,5.20
2008.05.20 02:46:53.427,1.9524,1.9527,14.20,5.90
2008.05.20 02:46:53.586,1.9524,1.9527,10.60,8.30
2008.05.20 02:46:53.748,1.9524,1.95265,10.60,0.60
2008.05.20 02:46:53.853,1.9524,1.95265,8.20,0.60
2008.05.20 02:46:54.060,1.9524,1.9527,5.80,10.70
2008.05.20 02:46:54.165,1.9524,1.95265,5.00,0.80
2008.05.20 02:46:55.088,1.9524,1.95265,8.20,0.80
2008.05.20 02:46:55.252,1.9524,1.95265,9.80,0.80
2008.05.20 02:46:56.993,1.9524,1.95265,9.80,3.20
2008.05.20 02:46:57.132,1.9524,1.95265,10.40,3.20
2008.05.20 02:47:31.329,1.9524,1.95265,8.80,3.20
2008.05.20 02:47:31.386,1.9524,1.95265,8.80,2.40
2008.05.20 02:47:31.449,1.9524,1.95265,9.20,2.40
2008.05.20 02:47:31.473,1.9524,1.95265,8.60,2.40
2008.05.20 02:47:31.488,1.9524,1.9527,8.60,2.40
2008.05.20 02:47:31.508,1.9524,1.9527,8.60,2.00
2008.05.20 02:47:31.664,1.9524,1.9527,8.70,2.00
2008.05.20 02:47:31.677,1.9524,1.9528,10.70,7.10
2008.05.20 02:47:31.864,1.9524,1.9528,9.80,7.80
2008.05.20 02:47:31.884,1.9524,1.9528,7.00,18.20
2008.05.20 02:47:31.904,1.9524,1.9528,4.60,18.20
2008.05.20 02:47:31.933,1.9524,1.9528,4.40,18.20
2008.05.20 02:47:31.988,1.9524,1.9528,2.00,18.20
2008.05.20 02:47:32.203,1.9523,1.9528,0.90,18.20
2008.05.20 02:47:32.933,1.9523,1.9528,1.30,12.60
2008.05.20 02:47:33.262,1.9523,1.95275,5.70,0.60
2008.05.20 02:47:33.594,1.9523,1.9528,2.90,15.80
2008.05.20 02:47:33.691,1.9523,1.9528,0.90,15.80
2008.05.20 02:47:34.327,1.9523,1.9528,1.30,7.80
2008.05.20 02:47:34.477,1.9523,1.9528,3.70,7.80
2008.05.20 02:47:34.558,1.9523,1.9528,3.70,10.20
2008.05.20 02:47:34.658,1.9523,1.9528,5.70,10.20
2008.05.20 02:47:34.796,1.95235,1.9528,0.60,10.20
2008.05.20 02:47:34.867,1.95235,1.9528,0.60,7.80
2008.05.20 02:47:34.902,1.9524,1.9528,2.80,7.80
2008.05.20 02:47:34.970,1.9524,1.9528,3.70,7.10
2008.05.20 02:47:35.004,1.9524,1.9528,6.10,7.10
2008.05.20 02:47:35.192,1.9524,1.9528,8.10,7.10
2008.05.20 02:47:35.402,1.9524,1.9528,5.70,7.10
2008.05.20 02:47:35.438,1.9524,1.9528,5.30,15.10
2008.05.20 02:47:35.472,1.9524,1.9528,4.40,15.80
2008.05.20 02:47:35.508,1.9524,1.95275,4.40,0.60
2008.05.20 02:47:35.637,1.9523,1.95275,0.90,0.60
2008.05.20 02:47:35.894,1.9523,1.95275,3.70,0.60
2008.05.20 02:47:36.281,1.9523,1.95275,5.70,0.60
2008.05.20 02:47:36.422,1.9523,1.9528,2.90,15.10
2008.05.20 02:47:36.679,1.9523,1.9528,2.90,15.80
2008.05.20 02:47:36.763,1.9523,1.9528,0.90,15.80
2008.05.20 02:47:36.849,1.9523,1.9526,0.90,2.80
2008.05.20 02:47:36.945,1.9523,1.9526,0.90,3.20
2008.05.20 02:47:37.029,1.9522,1.9526,5.30,4.00
2008.05.20 02:47:37.196,1.9522,1.9526,3.30,7.10
2008.05.20 02:47:37.283,1.9522,1.9526,3.30,4.70
2008.05.20 02:47:37.370,1.9522,1.9526,8.90,7.10
2008.05.20 02:47:37.455,1.9523,1.9526,2.80,6.70
2008.05.20 02:47:37.539,1.9523,1.9526,3.60,6.70
2008.05.20 02:47:37.624,1.9523,1.9526,4.20,6.70
2008.05.20 02:47:37.710,1.9523,1.9526,6.20,4.30
2008.05.20 02:47:37.903,1.9523,1.9526,6.20,6.70
2008.05.20 02:47:38.087,1.9523,1.9526,8.80,6.70
2008.05.20 02:47:40.227,1.9523,1.9526,11.20,9.10
2008.05.20 02:48:38.000,1.9523,1.9526,10.40,6.70
2008.05.20 02:48:38.094,1.9523,1.9526,5.20,7.10
2008.05.20 02:48:38.190,1.9523,1.9526,2.00,7.10
2008.05.20 02:48:38.285,1.9522,1.9526,13.10,7.10
2008.05.20 02:48:38.474,1.9522,1.9526,12.70,7.10
2008.05.20 02:48:38.569,1.9522,1.9526,7.70,9.50
2008.05.20 02:48:38.689,1.9522,1.9526,2.00,11.90
2008.05.20 02:48:38.809,1.9522,1.9526,2.00,10.20
2008.05.20 02:48:38.929,1.9521,1.9526,3.30,10.20
2008.05.20 02:48:39.049,1.9522,1.9526,5.20,7.80
2008.05.20 02:48:39.288,1.9522,1.9526,6.10,7.10
2008.05.20 02:48:39.409,1.9522,1.9526,8.10,7.10
2008.05.20 02:48:39.530,1.9522,1.9526,2.90,9.50
2008.05.20 02:48:39.750,1.9522,1.9526,2.00,7.80
2008.05.20 02:48:39.842,1.9521,1.9526,13.10,7.80
2008.05.20 02:48:39.979,1.9521,1.9526,12.70,7.80
2008.05.20 02:48:40.048,1.9521,1.9526,7.70,10.20
2008.05.20 02:48:40.119,1.9521,1.9526,5.30,10.20
2008.05.20 02:48:40.323,1.9521,1.9526,3.30,10.20
2008.05.20 02:48:40.461,1.9521,1.9526,3.30,7.80
2008.05.20 02:48:40.531,1.9522,1.9526,5.20,7.80
2008.05.20 02:48:40.647,1.9522,1.9526,2.80,7.80
2008.05.20 02:48:40.771,1.9522,1.9526,6.10,7.10
2008.05.20 02:48:40.875,1.9522,1.9526,8.10,7.10
2008.05.20 02:48:40.990,1.9522,1.9526,9.70,9.50
2008.05.20 02:48:41.105,1.95225,1.9526,0.60,9.10
2008.05.20 02:48:41.219,1.9523,1.9526,0.50,11.50
2008.05.20 02:48:41.334,1.9523,1.9526,1.20,11.50
2008.05.20 02:48:41.449,1.9523,1.9526,3.20,11.50
2008.05.20 02:48:41.563,1.9523,1.9526,5.80,11.50
2008.05.20 02:48:46.999,1.9523,1.9526,10.60,6.70
2008.05.20 02:48:47.089,1.9523,1.9526,10.70,3.00
2008.05.20 02:48:47.123,1.9523,1.9527,13.10,3.40
2008.05.20 02:48:47.191,1.9523,1.9527,10.70,3.40
2008.05.20 02:48:47.226,1.9523,1.9527,8.30,3.40
2008.05.20 02:48:47.337,1.9523,1.9527,8.30,1.40
2008.05.20 02:48:47.371,1.9523,1.95275,8.30,3.20
2008.05.20 02:48:47.499,1.9523,1.95275,3.30,0.80
2008.05.20 02:48:47.534,1.9523,1.95275,2.90,0.80
2008.05.20 02:48:47.840,1.9523,1.95275,0.90,0.80
2008.05.20 02:48:48.611,1.9523,1.95275,1.30,3.20
2008.05.20 02:48:48.835,1.9523,1.95275,3.30,3.80
2008.05.20 02:48:49.062,1.9524,1.95275,2.80,3.80
2008.05.20 02:48:49.287,1.9524,1.95275,3.70,3.20
2008.05.20 02:48:49.513,1.9524,1.95275,5.70,3.20
2008.05.20 02:48:49.572,1.9524,1.95275,8.30,3.20
2008.05.20 02:48:54.479,1.9524,1.95275,8.90,3.20
2008.05.20 02:48:54.615,1.9524,1.9527,8.90,4.80
2008.05.20 02:48:54.674,1.9524,1.9527,8.80,5.60
2008.05.20 02:48:55.024,1.9524,1.9527,8.80,6.00
2008.05.20 02:48:55.083,1.9524,1.9527,8.80,8.40
2008.05.20 02:48:55.796,1.9524,1.9527,8.80,9.10
2008.05.20 02:48:58.222,1.9524,1.9527,8.20,9.10
2008.05.20 02:48:59.043,1.9524,1.9527,10.60,6.70
2008.05.20 02:48:59.153,1.9524,1.9527,17.00,6.70
2008.05.20 02:48:59.265,1.9524,1.9527,19.20,6.00
2008.05.20 02:48:59.374,1.95245,1.9527,0.80,5.20
2008.05.20 02:48:59.983,1.95245,1.9527,1.40,5.20
2008.05.20 02:49:04.540,1.9525,1.9527,2.40,5.20
2008.05.20 02:49:04.595,1.9525,1.9527,2.60,4.80
2008.05.20 02:49:04.650,1.9525,1.95275,5.40,0.80
2008.05.20 02:49:04.773,1.9525,1.9528,6.20,11.10
2008.05.20 02:49:04.855,1.9525,1.9528,8.20,9.10
2008.05.20 02:49:05.514,1.9525,1.9528,5.80,11.50
2008.05.20 02:49:08.300,1.9525,1.9528,8.20,11.50
2008.05.20 02:49:09.087,1.9525,1.9528,5.80,13.10
2008.05.20 02:49:09.283,1.9525,1.95275,5.00,0.80
2008.05.20 02:49:09.406,1.9525,1.95275,3.00,0.80
2008.05.20 02:49:09.550,1.9525,1.95275,3.00,2.40
2008.05.20 02:49:09.669,1.9525,1.9527,0.50,2.80
2008.05.20 02:49:10.553,1.95245,1.9527,3.20,2.80
2008.05.20 02:49:18.584,1.9525,1.9527,2.60,2.40
2008.05.20 02:49:18.665,1.9525,1.95275,5.40,0.80
2008.05.20 02:49:18.857,1.9525,1.9528,6.20,11.10
2008.05.20 02:49:18.982,1.9525,1.9528,8.20,9.10
2008.05.20 02:49:38.547,1.9525,1.9528,5.80,11.50
2008.05.20 02:49:40.396,1.9525,1.9528,8.20,11.50
2008.05.20 02:49:42.115,1.9525,1.9528,10.60,9.10
2008.05.20 02:49:43.877,1.9525,1.9528,8.20,9.10
2008.05.20 02:49:45.513,1.9525,1.9528,10.60,9.10
2008.05.20 02:50:00.146,1.9525,1.9528,10.40,9.10
2008.05.20 02:50:00.176,1.9525,1.9528,4.80,11.50
2008.05.20 02:50:00.238,1.9525,1.9528,4.40,9.50
2008.05.20 02:50:00.267,1.9525,1.9528,2.00,9.50
2008.05.20 02:50:00.438,1.9524,1.9528,10.70,9.50
2008.05.20 02:50:00.669,1.9524,1.9528,5.50,11.90
2008.05.20 02:50:00.734,1.9524,1.9528,4.60,12.60
2008.05.20 02:50:00.799,1.9524,1.95275,2.20,0.60
2008.05.20 02:50:00.863,1.9524,1.95275,2.00,0.60
2008.05.20 02:50:00.992,1.95235,1.95275,3.20,0.60
2008.05.20 02:50:01.184,1.9524,1.95275,0.90,0.60
2008.05.20 02:50:01.259,1.9524,1.95275,3.70,0.60
2008.05.20 02:50:01.424,1.9524,1.95275,5.70,0.60
2008.05.20 02:50:01.601,1.9524,1.95275,2.90,0.60
2008.05.20 02:50:01.959,1.9524,1.95275,2.00,0.60
2008.05.20 02:50:02.044,1.95235,1.95275,3.20,0.60
2008.05.20 02:50:02.129,1.9524,1.95275,2.80,0.60
2008.05.20 02:50:02.214,1.9524,1.95275,3.70,0.60
2008.05.20 02:50:02.466,1.9524,1.95275,5.70,0.60
2008.05.20 02:50:02.718,1.9524,1.95275,5.30,0.60
2008.05.20 02:50:02.804,1.9524,1.95275,2.90,0.60
2008.05.20 02:50:02.954,1.9524,1.95275,2.00,0.60
2008.05.20 02:50:03.104,1.9523,1.95275,12.30,0.60
2008.05.20 02:50:03.255,1.9524,1.95275,3.60,0.60
2008.05.20 02:50:03.553,1.9524,1.95275,5.70,0.60
2008.05.20 02:50:03.702,1.9524,1.95275,2.90,0.60
2008.05.20 02:50:03.852,1.9524,1.95275,2.00,0.60
2008.05.20 02:50:04.002,1.95235,1.95275,3.20,0.60
2008.05.20 02:50:04.494,1.95235,1.9528,3.20,10.20
2008.05.20 02:50:04.824,1.9524,1.9528,3.60,10.20
2008.05.20 02:50:04.988,1.9524,1.95275,5.70,0.60
2008.05.20 02:50:05.154,1.9524,1.95275,11.30,0.60
2008.05.20 02:50:05.209,1.9525,1.95275,2.40,0.60
2008.05.20 02:50:05.263,1.9525,1.95275,4.80,0.60
2008.05.20 02:50:05.318,1.9525,1.95275,5.60,0.60
2008.05.20 02:50:05.426,1.9525,1.95275,7.60,0.60
2008.05.20 02:50:05.788,1.9525,1.95275,7.80,0.60
2008.05.20 02:50:05.843,1.9525,1.95275,10.20,0.60
2008.05.20 02:50:05.898,1.9525,1.9528,10.20,7.10
2008.05.20 02:50:10.513,1.9525,1.9528,12.60,7.10
2008.05.20 02:50:16.684,1.9525,1.9528,10.20,11.10
2008.05.20 02:50:16.724,1.9525,1.95275,9.40,0.80
2008.05.20 02:50:16.803,1.9525,1.95275,7.00,0.80
2008.05.20 02:50:16.967,1.9525,1.95275,5.00,0.80
2008.05.20 02:50:17.220,1.9525,1.9528,6.20,7.20
2008.05.20 02:50:17.300,1.9525,1.9528,6.20,2.40
2008.05.20 02:50:17.340,1.9525,1.9528,6.20,2.00
2008.05.20 02:50:17.531,1.9525,1.95285,8.20,0.60
2008.05.20 02:50:17.608,1.9525,1.95285,7.80,0.60
2008.05.20 02:50:17.734,1.9525,1.95285,2.00,0.60
2008.05.20 02:50:18.072,1.9524,1.95285,13.10,0.60
2008.05.20 02:50:18.802,1.9524,1.95285,2.90,0.60
2008.05.20 02:50:18.962,1.9524,1.9528,2.00,1.40
2008.05.20 02:50:19.006,1.95235,1.9528,0.80,1.40
2008.05.20 02:50:19.406,1.95235,1.9528,0.80,2.10
2008.05.20 02:50:19.666,1.9524,1.9528,2.40,2.10
2008.05.20 02:50:19.730,1.9524,1.9528,5.20,2.10
2008.05.20 02:50:19.775,1.9524,1.9528,6.00,1.40
2008.05.20 02:50:20.047,1.9524,1.95285,8.10,0.60
2008.05.20 02:50:20.212,1.9525,1.95285,2.80,0.60
2008.05.20 02:50:20.378,1.9525,1.95285,3.60,0.60
2008.05.20 02:50:20.542,1.9525,1.95285,5.60,0.60
2008.05.20 02:50:20.708,1.9525,1.95285,2.80,0.60
2008.05.20 02:50:20.886,1.9525,1.9528,2.00,2.10
2008.05.20 02:50:21.005,1.9524,1.9528,0.90,2.10
2008.05.20 02:50:21.142,1.9524,1.9528,3.30,2.10
2008.05.20 02:50:21.211,1.9524,1.9528,6.10,2.10
2008.05.20 02:50:21.330,1.9524,1.9528,6.10,0.60
2008.05.20 02:50:21.390,1.9524,1.95285,6.10,0.60
2008.05.20 02:50:21.508,1.9524,1.95285,8.10,0.60
2008.05.20 02:50:21.669,1.9524,1.95285,5.70,0.60
2008.05.20 02:50:21.729,1.9524,1.9528,4.80,1.40
2008.05.20 02:50:21.788,1.9524,1.9528,2.00,1.40
2008.05.20 02:50:21.986,1.95235,1.9528,0.80,1.40
2008.05.20 02:50:22.279,1.9524,1.9528,6.00,1.40
2008.05.20 02:50:22.561,1.9524,1.95285,8.10,0.60
2008.05.20 02:50:22.701,1.9524,1.9528,2.90,0.80
2008.05.20 02:50:22.842,1.9524,1.95275,2.90,0.60
2008.05.20 02:50:23.011,1.9524,1.95275,0.90,0.60
2008.05.20 02:50:23.182,1.95235,1.95275,3.20,0.60
2008.05.20 02:50:23.353,1.95235,1.9527,3.20,0.60
2008.05.20 02:50:23.863,1.9524,1.95275,3.70,0.60
2008.05.20 02:50:24.033,1.9524,1.95275,5.70,0.60
2008.05.20 02:50:24.128,1.9524,1.95275,7.30,0.60
2008.05.20 02:50:24.223,1.9525,1.95275,5.20,0.60
2008.05.20 02:50:24.411,1.9525,1.95275,6.00,0.60
2008.05.20 02:50:24.505,1.9525,1.95275,8.00,0.60
2008.05.20 02:50:24.738,1.9525,1.95275,10.40,0.60
2008.05.20 02:50:24.834,1.9525,1.95275,10.60,0.60
2008.05.20 02:50:25.233,1.9525,1.95275,8.20,0.60
2008.05.20 02:50:25.372,1.9525,1.9528,8.20,6.70
2008.05.20 02:50:40.394,1.9525,1.9528,10.60,9.10
2008.05.20 02:50:44.289,1.9525,1.9528,8.20,6.70
2008.05.20 02:50:55.462,1.9525,1.9528,10.60,9.10
2008.05.20 02:51:15.250,1.9525,1.9528,13.00,6.70
2008.05.20 02:51:15.331,1.95255,1.9528,0.80,5.90
2008.05.20 02:51:15.345,1.95255,1.9528,0.80,3.50
2008.05.20 02:51:15.844,1.9525,1.9528,13.00,4.30
2008.05.20 02:51:16.282,1.9525,1.9528,10.60,6.70
2008.05.20 02:51:16.710,1.9525,1.95275,10.60,0.60
2008.05.20 02:51:16.925,1.9525,1.9528,13.00,4.30
2008.05.20 02:51:17.354,1.9525,1.9528,10.60,6.70
2008.05.20 02:51:30.480,1.9525,1.9528,10.60,9.10
2008.05.20 02:51:32.792,1.9525,1.9528,13.00,6.70
2008.05.20 02:51:33.834,1.9525,1.9528,10.60,9.10
2008.05.20 02:52:03.326,1.9525,1.9528,13.00,6.70
2008.05.20 02:52:17.504,1.9525,1.9528,10.60,9.10
2008.05.20 02:52:18.391,1.9525,1.9528,13.00,6.70
2008.05.20 02:52:39.373,1.9525,1.9528,13.10,6.70
2008.05.20 02:52:39.463,1.9525,1.9528,10.70,6.70
2008.05.20 02:52:39.552,1.9525,1.9528,13.10,6.70
2008.05.20 02:53:04.150,1.95237,1.95262,7.60,0.70
2008.05.20 02:53:14.255,1.95238,1.95263,5.20,0.70
2008.05.20 02:53:14.544,1.95236,1.95271,2.80,0.60
2008.05.20 02:53:14.915,1.9524,1.9527,1.90,0.70
2008.05.20 02:53:44.015,1.95237,1.95272,5.20,0.70
2008.05.20 02:53:44.130,1.95234,1.95269,5.20,0.70
2008.05.20 02:53:44.368,1.95238,1.95263,7.60,0.70
2008.05.20 02:53:51.173,1.95237,1.95257,7.60,0.70
2008.05.20 02:53:54.622,1.9523,1.9525,2.40,0.60
2008.05.20 02:53:54.713,1.95225,1.95245,0.60,0.60
2008.05.20 02:54:04.133,1.9525,1.9528,13.90,6.70
2008.05.20 02:54:04.242,1.95255,1.9528,0.80,2.80
2008.05.20 02:54:10.509,1.95255,1.9528,3.20,2.80
2008.05.20 02:54:11.213,1.9526,1.9528,2.40,2.80
2008.05.20 02:54:11.841,1.9526,1.9529,4.10,13.20
2008.05.20 02:54:12.051,1.9526,1.9529,8.90,8.40
2008.05.20 02:54:12.246,1.9526,1.9529,6.50,10.80
2008.05.20 02:54:12.634,1.9526,1.9529,6.50,8.40
2008.05.20 02:54:12.829,1.9526,1.9529,8.90,8.40
2008.05.20 02:54:18.100,1.9526,1.9529,6.50,10.80
2008.05.20 02:54:18.290,1.95265,1.9529,0.60,10.80
2008.05.20 02:54:18.613,1.95265,1.9529,0.60,6.00
2008.05.20 02:54:18.651,1.9527,1.9529,0.90,5.20
2008.05.20 02:54:18.703,1.9527,1.9529,0.90,2.80
2008.05.20 02:54:18.961,1.9527,1.953,0.90,0.20
2008.05.20 02:54:19.217,1.9528,1.953,0.90,0.20
2008.05.20 02:54:20.193,1.9528,1.953,0.60,0.20
2008.05.20 02:54:20.432,1.9528,1.953,0.60,0.50
2008.05.20 02:54:20.609,1.95275,1.953,1.40,0.50
2008.05.20 02:54:28.885,1.9528,1.953,0.20,0.50
2008.05.20 02:54:29.009,1.9528,1.953,2.60,0.50
2008.05.20 02:54:42.185,1.9528,1.953,2.60,2.90
2008.05.20 02:54:42.296,1.9528,1.953,0.20,7.70
2008.05.20 02:54:42.406,1.9527,1.953,2.00,4.20
2008.05.20 02:54:42.517,1.9526,1.953,11.30,6.60
2008.05.20 02:54:42.745,1.9526,1.953,13.70,4.20
2008.05.20 02:54:44.230,1.9526,1.9529,11.30,2.40
2008.05.20 02:54:44.425,1.9526,1.9529,11.30,3.20
2008.05.20 02:54:44.706,1.9526,1.9529,13.70,1.20
2008.05.20 02:54:44.831,1.9526,1.9529,13.10,4.30
2008.05.20 02:54:53.467,1.9526,1.9529,13.10,6.70
2008.05.20 02:55:15.856,1.9526,1.9529,13.70,6.00
2008.05.20 02:55:16.378,1.9526,1.953,11.30,11.00
2008.05.20 02:55:16.607,1.9526,1.953,11.30,9.00
2008.05.20 02:55:28.758,1.9526,1.953,11.30,8.40
2008.05.20 02:55:31.437,1.9526,1.953,6.50,8.40
2008.05.20 02:56:16.360,1.9526,1.953,8.90,8.40
2008.05.20 02:56:16.405,1.9526,1.95295,8.90,0.60
2008.05.20 02:56:16.450,1.9526,1.9529,8.90,0.80
2008.05.20 02:56:16.855,1.9526,1.9529,6.50,6.00
2008.05.20 02:56:16.976,1.9526,1.9529,5.90,6.70
2008.05.20 02:56:40.493,1.9526,1.9529,5.90,9.10
2008.05.20 02:56:41.946,1.9526,1.9529,5.90,6.70
2008.05.20 02:56:46.556,1.9526,1.9529,5.90,9.10
2008.05.20 02:56:56.403,1.9526,1.9529,3.50,9.10
2008.05.20 02:56:56.486,1.9526,1.95285,3.50,0.80
2008.05.20 02:56:56.566,1.9526,1.9528,0.90,2.80
2008.05.20 02:56:56.647,1.95255,1.9528,4.40,3.60
2008.05.20 02:56:56.765,1.95255,1.9528,2.40,3.60
2008.05.20 02:56:59.168,1.9526,1.9528,2.40,3.60
2008.05.20 02:56:59.369,1.95255,1.9528,2.80,3.60
2008.05.20 02:56:59.425,1.9526,1.9528,0.90,3.60
2008.05.20 02:56:59.590,1.95255,1.9528,2.40,3.60
2008.05.20 02:56:59.661,1.95255,1.9528,4.00,3.60
2008.05.20 02:57:00.700,1.95255,1.9528,2.40,3.60
2008.05.20 02:57:04.019,1.9526,1.95285,2.60,4.60
2008.05.20 02:57:04.104,1.9526,1.95285,2.60,3.80
2008.05.20 02:57:04.961,1.9526,1.95285,2.60,1.40
2008.05.20 02:57:05.010,1.9526,1.95285,3.50,0.60
2008.05.20 02:57:05.061,1.9526,1.9529,3.50,9.10
2008.05.20 02:57:05.159,1.9526,1.9529,3.50,6.70
2008.05.20 02:57:05.257,1.9526,1.9529,3.50,9.10
2008.05.20 02:57:05.479,1.9526,1.9529,5.90,6.70
2008.05.20 02:57:05.529,1.9526,1.9529,5.90,5.90
2008.05.20 02:57:05.578,1.9526,1.9529,5.90,0.60
2008.05.20 02:57:06.719,1.9526,1.953,6.50,6.70
2008.05.20 02:57:09.478,1.9526,1.9529,4.10,3.00
2008.05.20 02:57:09.616,1.9526,1.95285,3.20,0.80
2008.05.20 02:57:09.686,1.9526,1.95285,2.60,0.80
2008.05.20 02:57:10.197,1.9526,1.95285,2.60,1.40
2008.05.20 02:57:29.504,1.9526,1.95285,2.60,3.80
2008.05.20 02:58:05.309,1.9526,1.9528,2.60,0.60
2008.05.20 02:59:07.404,1.9526,1.9528,2.60,1.40
2008.05.20 02:59:07.701,1.9526,1.9528,2.40,1.90
2008.05.20 02:59:07.746,1.9525,1.9528,8.30,4.30
2008.05.20 02:59:10.592,1.9525,1.9528,8.30,6.70
