2008.05.21 15:00:02.322,1.9641,1.96425,0.10,1.00
2008.05.21 15:00:02.380,1.9641,1.96425,0.10,0.20
2008.05.21 15:00:02.582,1.9641,1.9643,0.30,1.30
2008.05.21 15:00:04.110,1.96425,1.96435,0.10,11.60
2008.05.21 15:00:04.325,1.96425,1.96435,0.10,1.00
2008.05.21 15:00:04.525,1.96425,1.96445,2.80,5.10
2008.05.21 15:00:04.739,1.96425,1.96445,3.10,5.10
2008.05.21 15:00:05.139,1.96425,1.96445,3.10,2.00
2008.05.21 15:00:05.355,1.9643,1.96445,0.20,2.00
2008.05.21 15:00:06.112,1.96435,1.9645,3.10,0.20
2008.05.21 15:00:06.695,1.96435,1.96445,0.20,2.00
2008.05.21 15:00:07.188,1.96435,1.96445,0.20,1.00
2008.05.21 15:00:07.517,1.96435,1.9645,0.30,0.20
2008.05.21 15:00:07.689,1.96435,1.96455,3.10,5.10
2008.05.21 15:00:08.806,1.96435,1.96455,3.10,2.20
2008.05.21 15:00:09.115,1.9644,1.96455,0.20,2.20
2008.05.21 15:00:12.067,1.9644,1.96455,0.20,1.30
2008.05.21 15:00:12.187,1.9644,1.96455,0.20,2.20
2008.05.21 15:00:12.490,1.9644,1.96455,0.20,1.30
2008.05.21 15:00:12.955,1.9644,1.9645,0.20,1.00
2008.05.21 15:00:13.107,1.96435,1.9645,0.20,1.00
2008.05.21 15:00:13.556,1.96435,1.96455,0.30,4.20
2008.05.21 15:00:13.707,1.96435,1.96455,3.10,1.30
2008.05.21 15:00:14.006,1.96435,1.96445,3.00,1.00
2008.05.21 15:00:14.157,1.96435,1.96445,0.20,1.00
2008.05.21 15:00:14.509,1.96435,1.9645,0.20,1.00
2008.05.21 15:00:15.462,1.96435,1.96455,0.30,5.10
2008.05.21 15:00:15.606,1.9644,1.96455,0.20,4.90
2008.05.21 15:00:16.061,1.9644,1.96455,0.20,3.90
2008.05.21 15:00:16.138,1.9644,1.96455,0.20,1.00
2008.05.21 15:00:16.280,1.9644,1.96455,0.20,1.30
2008.05.21 15:00:19.192,1.9644,1.96455,0.20,4.20
2008.05.21 15:00:19.394,1.9644,1.96455,0.20,5.10
2008.05.21 15:00:19.594,1.9644,1.96455,0.20,2.20
2008.05.21 15:00:19.994,1.96445,1.96455,0.10,0.20
2008.05.21 15:00:20.195,1.96445,1.9646,0.30,0.20
2008.05.21 15:00:20.395,1.96445,1.9646,3.10,0.20
2008.05.21 15:00:20.874,1.96445,1.9646,0.30,0.20
2008.05.21 15:00:21.539,1.96445,1.9646,0.20,1.30
2008.05.21 15:00:21.726,1.9644,1.9646,0.30,1.30
2008.05.21 15:00:23.064,1.9644,1.96455,0.20,1.30
2008.05.21 15:00:23.209,1.9644,1.96455,0.20,2.20
2008.05.21 15:00:23.774,1.9644,1.96455,0.20,5.10
2008.05.21 15:00:24.138,1.96435,1.9645,0.30,0.20
2008.05.21 15:00:24.516,1.96435,1.96445,0.20,1.00
2008.05.21 15:00:24.822,1.96425,1.96445,3.10,1.30
2008.05.21 15:00:25.129,1.9643,1.9645,0.10,1.30
2008.05.21 15:00:25.712,1.96435,1.9645,0.10,0.20
2008.05.21 15:00:26.060,1.96425,1.96445,9.80,1.00
2008.05.21 15:00:26.237,1.96425,1.96445,4.00,1.30
2008.05.21 15:00:26.412,1.96425,1.96445,3.10,1.30
2008.05.21 15:00:26.589,1.9643,1.96445,0.10,0.20
2008.05.21 15:00:27.718,1.96415,1.96435,4.60,1.00
2008.05.21 15:00:27.849,1.96415,1.96435,3.10,1.30
2008.05.21 15:00:28.312,1.96415,1.96435,4.00,1.30
2008.05.21 15:00:28.572,1.96415,1.96435,3.10,1.30
2008.05.21 15:00:28.780,1.96415,1.9643,3.80,0.20
2008.05.21 15:00:28.986,1.96415,1.9643,3.80,1.30
2008.05.21 15:00:29.191,1.9641,1.9643,4.40,1.00
2008.05.21 15:00:29.396,1.9641,1.9643,2.80,1.00
2008.05.21 15:00:29.602,1.96415,1.96435,2.80,3.20
2008.05.21 15:00:29.823,1.96415,1.9643,2.80,0.20
2008.05.21 15:00:30.058,1.96415,1.9643,2.80,1.30
2008.05.21 15:00:30.280,1.9641,1.9643,2.80,1.30
2008.05.21 15:00:30.719,1.9641,1.9643,0.10,1.30
2008.05.21 15:00:31.224,1.9641,1.96425,0.10,0.20
2008.05.21 15:00:31.967,1.96405,1.96425,12.70,1.30
2008.05.21 15:00:32.209,1.96405,1.9642,5.70,0.20
2008.05.21 15:00:32.706,1.964,1.9642,0.10,1.30
2008.05.21 15:00:34.075,1.96405,1.9642,2.80,1.30
2008.05.21 15:00:34.236,1.964,1.9642,0.10,1.30
2008.05.21 15:00:35.427,1.96405,1.9642,2.80,0.20
2008.05.21 15:00:36.601,1.96405,1.9642,2.80,1.30
2008.05.21 15:00:37.287,1.964,1.9642,0.30,1.30
2008.05.21 15:00:37.566,1.96405,1.9642,0.10,0.20
2008.05.21 15:00:37.706,1.96405,1.9642,3.10,0.20
2008.05.21 15:00:37.849,1.96405,1.9642,0.30,0.20
2008.05.21 15:00:39.134,1.964,1.9642,0.10,1.30
2008.05.21 15:00:39.686,1.96395,1.96415,8.80,1.30
2008.05.21 15:00:39.865,1.96395,1.96415,6.00,1.30
2008.05.21 15:00:40.032,1.964,1.96415,0.10,0.20
2008.05.21 15:00:40.308,1.964,1.9642,0.10,1.30
2008.05.21 15:00:40.583,1.96395,1.96415,0.30,3.90
2008.05.21 15:00:40.873,1.96395,1.96415,0.30,4.80
2008.05.21 15:00:41.161,1.96395,1.96415,0.30,4.90
2008.05.21 15:00:41.684,1.96405,1.9642,0.10,0.20
2008.05.21 15:00:42.195,1.964,1.9642,0.10,1.30
2008.05.21 15:00:43.691,1.964,1.9642,0.30,1.00
2008.05.21 15:00:44.478,1.96405,1.96425,0.10,7.50
2008.05.21 15:00:44.690,1.96405,1.96425,0.10,4.50
2008.05.21 15:00:44.791,1.96405,1.96425,0.30,4.50
2008.05.21 15:00:44.989,1.96405,1.96425,3.10,1.60
2008.05.21 15:00:45.089,1.96405,1.96425,3.10,1.30
2008.05.21 15:00:45.457,1.9641,1.96425,0.10,0.20
2008.05.21 15:00:45.718,1.9641,1.9643,0.10,1.30
2008.05.21 15:00:47.221,1.9641,1.9643,0.10,4.20
2008.05.21 15:00:47.383,1.9641,1.9643,0.10,1.30
2008.05.21 15:00:48.193,1.96415,1.9643,0.30,0.20
2008.05.21 15:00:48.632,1.96415,1.96425,0.20,1.00
2008.05.21 15:00:48.858,1.9641,1.96425,0.20,1.00
2008.05.21 15:00:49.080,1.9641,1.9643,0.30,1.30
2008.05.21 15:00:53.197,1.9641,1.9643,0.30,1.00
2008.05.21 15:00:55.153,1.9641,1.9643,0.30,1.30
2008.05.21 15:00:59.180,1.96415,1.9643,0.20,1.00
2008.05.21 15:01:00.095,1.96425,1.96435,0.10,8.70
2008.05.21 15:01:00.316,1.96425,1.9644,0.10,1.40
2008.05.21 15:01:00.543,1.9642,1.9644,2.10,1.30
2008.05.21 15:01:00.766,1.9642,1.9644,0.30,1.00
2008.05.21 15:01:11.562,1.9642,1.96435,0.20,1.00
2008.05.21 15:01:11.885,1.9642,1.96435,0.20,3.90
2008.05.21 15:01:12.158,1.9642,1.96435,0.20,4.90
2008.05.21 15:01:12.509,1.9642,1.96435,0.30,3.80
2008.05.21 15:01:12.820,1.9642,1.9644,0.10,1.00
2008.05.21 15:01:14.016,1.96425,1.96445,0.10,1.80
2008.05.21 15:01:14.653,1.9642,1.9644,0.10,1.00
2008.05.21 15:01:15.126,1.9643,1.96445,0.10,0.60
2008.05.21 15:01:15.946,1.9643,1.96445,0.10,1.00
2008.05.21 15:01:16.122,1.96425,1.96435,5.80,1.00
2008.05.21 15:01:16.298,1.96425,1.96435,3.00,3.90
2008.05.21 15:01:16.474,1.96425,1.96435,0.20,3.90
2008.05.21 15:01:16.650,1.96425,1.96435,0.20,2.80
2008.05.21 15:01:16.839,1.96425,1.9644,0.20,1.00
2008.05.21 15:01:17.262,1.96425,1.96445,0.10,1.50
2008.05.21 15:01:18.107,1.9643,1.96445,0.10,0.60
2008.05.21 15:01:21.816,1.9643,1.96445,0.30,0.60
2008.05.21 15:01:22.506,1.9643,1.96445,0.30,0.90
2008.05.21 15:01:22.686,1.9643,1.96445,0.20,2.00
2008.05.21 15:01:23.476,1.9643,1.96445,0.20,2.20
2008.05.21 15:01:24.731,1.96425,1.96445,0.30,2.20
2008.05.21 15:01:25.197,1.9643,1.96445,0.20,2.20
2008.05.21 15:01:25.788,1.9643,1.96445,0.20,2.00
2008.05.21 15:01:26.375,1.9643,1.96445,0.20,1.00
2008.05.21 15:01:28.049,1.9643,1.9645,0.30,4.20
2008.05.21 15:01:28.174,1.9643,1.9645,0.30,3.90
2008.05.21 15:01:28.302,1.9643,1.9645,0.30,1.00
2008.05.21 15:01:29.091,1.9643,1.96445,0.30,0.70
2008.05.21 15:01:29.223,1.9643,1.96445,0.20,1.40
2008.05.21 15:01:29.352,1.9643,1.96445,0.20,1.80
2008.05.21 15:01:30.109,1.9643,1.96445,0.20,1.00
2008.05.21 15:01:32.241,1.9643,1.9645,0.30,3.90
2008.05.21 15:01:32.364,1.9643,1.9645,0.30,1.00
2008.05.21 15:01:35.127,1.9643,1.96445,0.20,1.00
2008.05.21 15:01:35.231,1.9643,1.96445,0.20,3.90
2008.05.21 15:01:36.282,1.96425,1.96445,1.20,4.20
2008.05.21 15:01:36.723,1.96425,1.96445,0.30,4.20
2008.05.21 15:01:38.085,1.9642,1.96425,1.70,1.00
2008.05.21 15:01:38.208,1.96415,1.96425,10.60,1.00
2008.05.21 15:01:38.245,1.96415,1.96425,3.00,1.00
2008.05.21 15:01:38.326,1.9641,1.96425,1.50,1.30
2008.05.21 15:01:38.458,1.96405,1.96425,4.00,1.30
2008.05.21 15:01:38.771,1.96405,1.9642,4.00,0.20
2008.05.21 15:01:39.070,1.96405,1.9642,3.90,1.30
2008.05.21 15:01:39.337,1.964,1.9642,0.10,1.30
2008.05.21 15:01:39.867,1.964,1.9642,0.30,1.30
2008.05.21 15:01:40.153,1.96405,1.9642,0.10,0.20
2008.05.21 15:01:40.249,1.96405,1.9642,3.80,0.20
2008.05.21 15:01:40.345,1.96405,1.96425,4.00,1.30
2008.05.21 15:01:40.451,1.96405,1.96425,3.10,1.30
2008.05.21 15:01:40.654,1.96405,1.96415,3.00,1.00
2008.05.21 15:01:40.857,1.96395,1.96415,14.20,1.00
2008.05.21 15:01:41.184,1.96395,1.96415,6.20,1.00
2008.05.21 15:01:41.509,1.964,1.96415,0.20,1.00
2008.05.21 15:01:41.838,1.9641,1.96425,0.10,5.80
2008.05.21 15:01:42.163,1.96415,1.9643,1.90,1.30
2008.05.21 15:01:42.312,1.96415,1.9643,1.90,1.00
2008.05.21 15:01:45.200,1.96415,1.9643,0.80,1.00
2008.05.21 15:01:45.291,1.96415,1.9643,0.80,2.40
2008.05.21 15:01:45.392,1.9641,1.96425,0.10,0.70
2008.05.21 15:01:45.668,1.964,1.9642,0.30,1.00
2008.05.21 15:01:48.083,1.96405,1.96425,0.10,5.40
2008.05.21 15:01:48.284,1.96405,1.96425,0.30,8.10
2008.05.21 15:01:48.485,1.96405,1.96425,0.30,7.00
2008.05.21 15:01:48.686,1.964,1.9642,0.30,1.00
2008.05.21 15:01:50.773,1.964,1.9642,0.30,3.90
2008.05.21 15:01:50.957,1.964,1.96415,0.30,2.80
2008.05.21 15:01:51.307,1.964,1.9642,0.30,1.00
2008.05.21 15:01:51.633,1.96405,1.96425,0.10,7.00
2008.05.21 15:01:51.831,1.96405,1.96425,0.10,3.90
2008.05.21 15:01:51.932,1.96405,1.96425,0.10,1.00
2008.05.21 15:01:52.134,1.964,1.9642,0.10,1.00
2008.05.21 15:01:52.430,1.964,1.9642,0.30,1.00
2008.05.21 15:01:54.081,1.96405,1.96425,0.10,4.20
2008.05.21 15:01:54.334,1.96405,1.96425,0.30,3.90
2008.05.21 15:01:54.944,1.96405,1.96425,0.30,4.20
2008.05.21 15:01:57.586,1.96405,1.96415,0.20,1.00
2008.05.21 15:01:57.651,1.964,1.96415,2.00,1.00
2008.05.21 15:01:57.818,1.964,1.96415,0.20,1.00
2008.05.21 15:01:58.201,1.964,1.96415,0.20,1.30
2008.05.21 15:01:58.319,1.964,1.96415,0.20,5.20
2008.05.21 15:01:58.541,1.964,1.96415,0.20,5.10
2008.05.21 15:01:58.650,1.964,1.96405,0.20,1.00
2008.05.21 15:01:59.030,1.9639,1.96405,0.90,4.20
2008.05.21 15:01:59.217,1.9639,1.964,0.90,1.00
2008.05.21 15:01:59.403,1.9638,1.964,0.10,1.30
2008.05.21 15:01:59.980,1.9638,1.96395,0.10,0.20
2008.05.21 15:02:00.188,1.96375,1.96395,6.90,1.30
2008.05.21 15:02:00.395,1.96375,1.96395,0.10,1.00
2008.05.21 15:02:00.804,1.9637,1.9639,0.10,1.00
2008.05.21 15:02:01.817,1.9637,1.9639,0.30,1.30
2008.05.21 15:02:02.207,1.9637,1.96385,0.20,1.00
2008.05.21 15:02:02.398,1.96365,1.96385,4.00,4.20
2008.05.21 15:02:02.589,1.96365,1.96385,3.10,4.30
2008.05.21 15:02:02.780,1.96365,1.9638,3.00,1.00
2008.05.21 15:02:03.005,1.9636,1.9638,0.10,1.30
2008.05.21 15:02:06.936,1.9636,1.96375,0.10,0.20
2008.05.21 15:02:07.166,1.96355,1.9637,8.70,1.00
2008.05.21 15:02:07.283,1.96355,1.9637,5.80,1.00
2008.05.21 15:02:07.413,1.9635,1.9637,1.50,1.00
2008.05.21 15:02:07.530,1.9635,1.9637,0.10,1.00
2008.05.21 15:02:08.434,1.9635,1.9637,0.10,1.30
2008.05.21 15:02:08.896,1.9634,1.9636,0.10,1.00
2008.05.21 15:02:09.287,1.96335,1.96355,0.10,1.00
2008.05.21 15:02:09.618,1.9633,1.9635,1.50,1.00
2008.05.21 15:02:09.797,1.96335,1.96355,0.10,1.00
2008.05.21 15:02:09.963,1.96335,1.96355,0.10,3.00
2008.05.21 15:02:10.130,1.96335,1.96355,0.10,1.00
2008.05.21 15:02:10.295,1.9633,1.9635,0.10,1.00
2008.05.21 15:02:10.735,1.96325,1.9634,0.90,1.00
2008.05.21 15:02:10.844,1.9632,1.9634,1.80,1.00
2008.05.21 15:02:11.063,1.9632,1.9634,0.30,1.00
2008.05.21 15:02:16.783,1.9632,1.9634,0.10,3.90
2008.05.21 15:02:16.992,1.9632,1.9634,0.10,4.20
2008.05.21 15:02:18.215,1.9632,1.9634,0.10,6.60
2008.05.21 15:02:18.525,1.9632,1.9634,0.10,5.70
2008.05.21 15:02:19.108,1.9632,1.9634,0.10,8.60
2008.05.21 15:02:19.266,1.9632,1.96335,0.10,0.10
2008.05.21 15:02:19.423,1.96315,1.96335,6.00,4.00
2008.05.21 15:02:19.578,1.96315,1.96335,4.00,4.00
2008.05.21 15:02:19.734,1.96315,1.9633,1.00,1.00
2008.05.21 15:02:19.875,1.9631,1.9633,0.10,1.20
2008.05.21 15:02:20.791,1.96315,1.9633,0.10,0.10
2008.05.21 15:02:20.956,1.96315,1.96335,0.10,3.90
2008.05.21 15:02:21.532,1.96315,1.96335,0.10,1.00
2008.05.21 15:02:21.821,1.9632,1.9634,0.10,4.00
2008.05.21 15:02:22.047,1.9632,1.9634,0.10,1.20
2008.05.21 15:02:22.508,1.9632,1.9634,0.10,1.00
2008.05.21 15:02:22.734,1.9633,1.96345,0.10,7.80
2008.05.21 15:02:22.960,1.9633,1.96345,0.10,0.20
2008.05.21 15:02:24.009,1.9633,1.9635,0.10,1.30
2008.05.21 15:02:24.864,1.96325,1.96335,2.80,1.00
2008.05.21 15:02:25.081,1.9632,1.96335,0.20,1.00
2008.05.21 15:02:25.362,1.9632,1.96335,0.20,1.30
2008.05.21 15:02:25.487,1.9632,1.96335,0.20,4.20
2008.05.21 15:02:25.764,1.9632,1.9633,0.20,1.00
2008.05.21 15:02:25.901,1.9631,1.9633,0.30,1.00
2008.05.21 15:02:28.197,1.96315,1.96335,0.10,4.20
2008.05.21 15:02:28.305,1.96315,1.96335,0.30,4.20
2008.05.21 15:02:28.524,1.96315,1.96335,0.10,4.20
2008.05.21 15:02:30.146,1.9631,1.9633,0.30,1.00
2008.05.21 15:02:30.336,1.9631,1.9633,0.10,1.00
2008.05.21 15:02:31.113,1.9631,1.9633,0.30,1.00
2008.05.21 15:02:31.237,1.9631,1.96325,0.20,1.00
2008.05.21 15:02:31.793,1.9631,1.9633,0.30,1.30
2008.05.21 15:02:31.888,1.9631,1.9633,0.30,1.00
2008.05.21 15:02:32.475,1.9631,1.9633,0.30,1.30
2008.05.21 15:02:32.565,1.96315,1.9633,2.80,1.30
2008.05.21 15:02:33.450,1.96315,1.9633,2.80,1.00
2008.05.21 15:02:33.682,1.96315,1.96325,2.80,1.00
2008.05.21 15:02:33.915,1.9631,1.96325,2.00,1.00
2008.05.21 15:02:34.542,1.9631,1.96325,2.00,1.30
2008.05.21 15:02:34.761,1.96315,1.96325,2.80,1.30
2008.05.21 15:02:38.283,1.96315,1.96325,4.80,1.30
2008.05.21 15:02:38.441,1.96325,1.96335,2.80,8.60
2008.05.21 15:02:38.712,1.96325,1.9634,5.70,1.00
2008.05.21 15:02:38.848,1.96325,1.96345,5.70,1.00
2008.05.21 15:02:39.385,1.9633,1.9635,0.10,1.00
2008.05.21 15:02:39.790,1.96335,1.9635,2.80,1.00
2008.05.21 15:02:40.332,1.96335,1.96355,2.80,1.30
2008.05.21 15:02:40.604,1.96335,1.96355,3.10,2.20
2008.05.21 15:02:40.741,1.96335,1.96355,5.00,2.20
2008.05.21 15:02:40.879,1.96345,1.96355,2.80,1.30
2008.05.21 15:02:42.751,1.96345,1.96355,2.80,0.20
2008.05.21 15:02:42.928,1.96345,1.9636,2.80,1.00
2008.05.21 15:02:43.291,1.9635,1.96365,0.10,3.90
2008.05.21 15:02:43.469,1.9635,1.9637,0.10,2.20
2008.05.21 15:02:43.643,1.9635,1.9637,0.10,1.30
2008.05.21 15:02:44.866,1.9635,1.9637,0.10,1.00
2008.05.21 15:02:45.543,1.96355,1.9637,2.80,1.00
2008.05.21 15:02:45.916,1.96355,1.96375,2.80,1.00
2008.05.21 15:02:46.406,1.96355,1.9637,2.80,1.00
2008.05.21 15:02:46.652,1.9635,1.9637,0.10,1.00
2008.05.21 15:02:48.475,1.9635,1.9637,0.30,1.00
2008.05.21 15:02:48.597,1.9635,1.96365,0.30,0.60
2008.05.21 15:02:48.835,1.96345,1.96355,3.90,1.00
2008.05.21 15:02:49.131,1.96335,1.96355,3.10,4.20
2008.05.21 15:02:49.427,1.9634,1.96355,0.10,3.00
2008.05.21 15:02:50.021,1.96345,1.9636,2.80,1.30
2008.05.21 15:02:50.526,1.96345,1.9636,2.80,1.00
2008.05.21 15:02:50.857,1.96345,1.96365,2.80,1.00
2008.05.21 15:02:51.732,1.9635,1.9637,0.10,1.30
2008.05.21 15:02:52.439,1.9635,1.96365,0.10,4.90
2008.05.21 15:02:52.829,1.96345,1.96365,2.80,6.10
2008.05.21 15:02:53.024,1.96345,1.96365,2.80,4.20
2008.05.21 15:02:53.159,1.96345,1.96365,2.80,3.90
2008.05.21 15:02:53.294,1.96345,1.96365,2.80,1.00
2008.05.21 15:02:53.719,1.9635,1.9637,0.10,1.30
2008.05.21 15:02:54.452,1.9635,1.9637,0.10,1.00
2008.05.21 15:02:55.445,1.9635,1.9637,0.10,1.30
2008.05.21 15:02:55.757,1.9635,1.96365,0.10,0.20
2008.05.21 15:02:55.914,1.96345,1.96365,2.80,1.30
2008.05.21 15:02:56.068,1.96345,1.96365,2.80,4.30
2008.05.21 15:02:56.225,1.96335,1.9634,10.50,1.00
2008.05.21 15:02:56.534,1.9633,1.9634,1.50,1.00
2008.05.21 15:02:56.702,1.96325,1.9634,3.80,2.80
2008.05.21 15:02:56.845,1.96325,1.9634,3.10,1.80
2008.05.21 15:02:57.002,1.96335,1.9634,2.80,1.80
2008.05.21 15:02:57.274,1.96335,1.9634,2.80,1.00
2008.05.21 15:02:57.813,1.96325,1.9634,2.80,1.00
2008.05.21 15:02:58.689,1.96325,1.96335,2.80,0.20
2008.05.21 15:02:58.905,1.96325,1.96335,2.80,3.00
2008.05.21 15:02:59.101,1.96325,1.96335,2.80,5.20
2008.05.21 15:02:59.372,1.96315,1.96325,3.00,1.00
2008.05.21 15:02:59.644,1.96305,1.96325,3.10,3.90
2008.05.21 15:02:59.914,1.96305,1.9632,3.00,1.00
2008.05.21 15:03:00.185,1.96305,1.9632,2.80,1.00
2008.05.21 15:03:02.369,1.96305,1.96325,2.80,4.20
2008.05.21 15:03:02.486,1.96305,1.96325,5.70,1.30
2008.05.21 15:03:02.611,1.96305,1.96325,2.80,4.20
2008.05.21 15:03:03.779,1.96305,1.9632,5.70,1.00
2008.05.21 15:03:04.338,1.96305,1.96325,5.70,0.20
2008.05.21 15:03:04.620,1.96305,1.96325,2.80,2.80
2008.05.21 15:03:04.816,1.96315,1.96335,0.10,5.80
2008.05.21 15:03:05.011,1.96315,1.96335,2.80,2.80
2008.05.21 15:03:05.206,1.96315,1.9634,2.80,2.60
2008.05.21 15:03:05.403,1.9632,1.9634,0.10,2.60
2008.05.21 15:03:05.599,1.9632,1.9634,0.10,1.00
2008.05.21 15:03:05.869,1.96325,1.96345,0.10,6.80
2008.05.21 15:03:06.156,1.96325,1.9634,0.10,2.10
2008.05.21 15:03:06.413,1.96315,1.96335,4.80,3.90
2008.05.21 15:03:06.683,1.96315,1.96335,2.80,4.20
2008.05.21 15:03:07.043,1.96315,1.9633,2.80,0.20
2008.05.21 15:03:09.739,1.96315,1.9632,2.80,1.00
2008.05.21 15:03:09.922,1.9631,1.9632,0.20,1.00
2008.05.21 15:03:10.013,1.963,1.9632,1.60,1.00
2008.05.21 15:03:10.104,1.963,1.9632,0.20,1.00
2008.05.21 15:03:10.486,1.963,1.9632,0.20,1.30
2008.05.21 15:03:10.715,1.963,1.96315,0.20,2.80
2008.05.21 15:03:11.047,1.963,1.9632,0.20,1.30
2008.05.21 15:03:11.674,1.96295,1.96315,4.00,3.00
2008.05.21 15:03:12.000,1.96295,1.96315,6.90,0.20
2008.05.21 15:03:12.438,1.9631,1.96325,0.10,12.00
2008.05.21 15:03:12.632,1.9631,1.9633,0.10,0.20
2008.05.21 15:03:14.835,1.9631,1.96335,0.90,7.00
2008.05.21 15:03:14.991,1.96315,1.96335,1.00,5.10
2008.05.21 15:03:15.161,1.96315,1.96335,4.80,5.10
2008.05.21 15:03:15.331,1.96315,1.96335,3.90,5.10
2008.05.21 15:03:15.503,1.9633,1.96335,0.10,0.90
2008.05.21 15:03:15.844,1.9634,1.96345,0.10,6.40
2008.05.21 15:03:16.023,1.9634,1.96355,0.10,7.60
2008.05.21 15:03:16.330,1.9634,1.96355,0.10,2.80
2008.05.21 15:03:16.636,1.9634,1.9636,0.10,1.20
2008.05.21 15:03:16.943,1.9634,1.96355,0.10,2.80
2008.05.21 15:03:17.381,1.96345,1.96355,0.10,2.80
2008.05.21 15:03:18.040,1.96345,1.96365,0.10,6.00
2008.05.21 15:03:18.550,1.96335,1.96345,7.80,0.90
2008.05.21 15:03:18.807,1.96335,1.96345,3.00,2.80
2008.05.21 15:03:19.297,1.96335,1.96345,3.10,2.80
2008.05.21 15:03:19.735,1.96335,1.96345,2.80,2.80
2008.05.21 15:03:19.969,1.96335,1.9635,2.80,1.20
2008.05.21 15:03:20.190,1.96335,1.96355,3.00,5.00
2008.05.21 15:03:20.405,1.96335,1.96355,3.00,5.10
2008.05.21 15:03:21.050,1.96335,1.96355,3.00,6.10
2008.05.21 15:03:21.366,1.96335,1.96355,3.00,5.10
2008.05.21 15:03:21.565,1.96335,1.96355,3.00,5.60
2008.05.21 15:03:21.781,1.96335,1.96355,3.10,4.40
2008.05.21 15:03:22.002,1.96335,1.96355,2.80,3.30
2008.05.21 15:03:22.463,1.96335,1.96355,3.00,5.70
2008.05.21 15:03:22.993,1.96335,1.9635,3.00,1.00
2008.05.21 15:03:24.091,1.96335,1.9635,2.80,1.00
2008.05.21 15:03:25.327,1.9634,1.96355,0.10,3.00
2008.05.21 15:03:25.432,1.9634,1.96355,1.90,3.00
2008.05.21 15:03:25.544,1.96345,1.96355,3.00,2.80
2008.05.21 15:03:25.754,1.96345,1.9635,3.00,1.00
2008.05.21 15:03:25.858,1.96345,1.9635,0.20,1.00
2008.05.21 15:03:25.966,1.96335,1.9635,3.00,1.00
2008.05.21 15:03:26.925,1.96335,1.96355,3.10,3.90
2008.05.21 15:03:27.457,1.96345,1.96355,0.30,2.80
2008.05.21 15:03:27.596,1.9635,1.96365,1.90,9.00
2008.05.21 15:03:27.737,1.9635,1.96365,1.90,9.20
2008.05.21 15:03:27.877,1.9635,1.9636,1.90,1.00
2008.05.21 15:03:28.019,1.9635,1.96355,0.10,2.80
2008.05.21 15:03:28.161,1.9635,1.96365,0.10,4.80
2008.05.21 15:03:28.301,1.9635,1.96365,0.10,4.20
2008.05.21 15:03:28.443,1.96345,1.96355,2.80,4.90
2008.05.21 15:03:28.619,1.9634,1.96355,0.20,3.90
2008.05.21 15:03:28.970,1.96335,1.9635,3.00,1.00
2008.05.21 15:03:29.982,1.96355,1.96365,0.10,16.80
2008.05.21 15:03:30.148,1.96355,1.96365,2.80,0.20
2008.05.21 15:03:30.315,1.96355,1.96365,2.80,0.20
2008.05.21 15:03:30.487,1.96355,1.9637,2.80,1.30
2008.05.21 15:03:30.683,1.96355,1.9637,2.80,1.00
2008.05.21 15:03:31.458,1.9636,1.96375,0.10,0.20
2008.05.21 15:03:31.614,1.9636,1.9638,0.10,3.90
2008.05.21 15:03:31.768,1.9636,1.9638,0.10,4.90
2008.05.21 15:03:31.923,1.9636,1.96375,0.10,2.80
2008.05.21 15:03:32.385,1.9636,1.96375,0.10,4.80
2008.05.21 15:03:32.789,1.96355,1.96375,2.80,5.80
2008.05.21 15:03:32.869,1.96355,1.96375,2.80,3.90
2008.05.21 15:03:33.792,1.9636,1.96375,0.10,2.80
2008.05.21 15:03:34.309,1.96355,1.9637,2.80,1.00
2008.05.21 15:03:34.767,1.96355,1.9637,3.00,1.00
2008.05.21 15:03:35.348,1.9636,1.96375,0.10,5.80
2008.05.21 15:03:35.422,1.9636,1.96375,0.10,3.00
2008.05.21 15:03:35.509,1.9636,1.96375,0.10,2.80
2008.05.21 15:03:35.574,1.9636,1.9638,0.10,2.00
2008.05.21 15:03:35.722,1.9636,1.9638,0.10,1.00
2008.05.21 15:03:36.512,1.96365,1.96385,0.10,7.80
2008.05.21 15:03:36.761,1.96365,1.96385,2.80,3.90
2008.05.21 15:03:36.997,1.9637,1.96385,0.10,2.80
2008.05.21 15:03:37.795,1.9637,1.9639,0.10,1.00
2008.05.21 15:03:39.657,1.96375,1.9639,0.20,1.00
2008.05.21 15:03:39.879,1.96375,1.9639,3.00,1.00
2008.05.21 15:03:41.105,1.96375,1.9639,2.80,1.00
2008.05.21 15:03:41.296,1.96375,1.96385,2.80,1.00
2008.05.21 15:03:41.865,1.96375,1.96385,2.80,3.90
2008.05.21 15:03:42.055,1.9637,1.96385,0.20,3.90
2008.05.21 15:03:43.432,1.96365,1.96375,3.90,3.90
2008.05.21 15:03:43.553,1.96365,1.96375,0.20,3.90
2008.05.21 15:03:43.792,1.96365,1.96375,0.30,2.80
2008.05.21 15:03:44.032,1.96365,1.96385,3.10,3.90
2008.05.21 15:03:44.351,1.9637,1.96385,0.10,2.80
2008.05.21 15:03:45.344,1.96365,1.96385,3.10,3.90
2008.05.21 15:03:45.439,1.96365,1.96385,3.10,4.20
2008.05.21 15:03:45.907,1.96365,1.9638,2.80,1.00
2008.05.21 15:03:46.002,1.96365,1.96385,2.80,5.80
2008.05.21 15:03:46.099,1.96365,1.96385,2.80,3.90
2008.05.21 15:03:46.374,1.96365,1.9638,2.80,1.00
2008.05.21 15:03:46.941,1.96365,1.96385,2.80,3.90
2008.05.21 15:03:47.137,1.96365,1.96385,0.10,7.80
2008.05.21 15:03:47.420,1.9636,1.9638,0.10,1.00
2008.05.21 15:03:48.976,1.96365,1.96385,0.10,6.80
2008.05.21 15:03:49.284,1.96365,1.96385,0.10,3.90
2008.05.21 15:03:49.753,1.96365,1.96385,2.80,3.90
2008.05.21 15:03:49.990,1.9637,1.96385,0.10,2.80
2008.05.21 15:03:50.940,1.96365,1.9638,2.80,1.00
2008.05.21 15:03:51.110,1.96365,1.9638,3.00,1.00
2008.05.21 15:03:51.282,1.96365,1.96385,3.10,6.80
2008.05.21 15:03:51.450,1.96365,1.96385,3.10,3.90
2008.05.21 15:03:51.611,1.96365,1.96385,2.80,3.90
2008.05.21 15:03:51.931,1.96365,1.9638,3.00,1.00
2008.05.21 15:03:55.058,1.96365,1.9638,2.80,1.00
2008.05.21 15:03:55.510,1.96365,1.96375,2.80,1.00
2008.05.21 15:03:55.711,1.96355,1.96375,3.10,1.00
2008.05.21 15:03:56.113,1.96355,1.96365,3.00,1.00
2008.05.21 15:03:56.514,1.96355,1.9636,0.20,1.00
2008.05.21 15:03:56.790,1.9635,1.9636,0.20,1.00
2008.05.21 15:03:57.068,1.96345,1.9636,3.00,1.00
2008.05.21 15:03:58.047,1.9635,1.9636,0.20,1.00
2008.05.21 15:04:01.378,1.9635,1.96365,0.30,2.80
2008.05.21 15:04:01.471,1.9635,1.96365,0.10,2.80
2008.05.21 15:04:01.547,1.9635,1.9637,0.10,1.00
2008.05.21 15:04:01.697,1.96355,1.9637,2.80,1.00
2008.05.21 15:04:01.846,1.96355,1.96375,2.80,1.00
2008.05.21 15:04:02.070,1.96355,1.96375,0.10,1.00
2008.05.21 15:04:03.003,1.96355,1.96375,2.80,2.00
2008.05.21 15:04:03.329,1.96355,1.96375,2.80,8.80
2008.05.21 15:04:03.508,1.9636,1.96375,0.10,4.80
2008.05.21 15:04:05.269,1.9636,1.96375,0.10,1.90
2008.05.21 15:04:05.433,1.9636,1.9638,0.10,4.20
2008.05.21 15:04:06.100,1.9636,1.9638,0.10,1.30
2008.05.21 15:04:06.346,1.96365,1.9638,0.10,0.20
2008.05.21 15:04:06.616,1.96365,1.9638,2.80,0.20
2008.05.21 15:04:06.887,1.96365,1.9638,2.80,1.30
2008.05.21 15:04:07.164,1.96365,1.9638,2.80,1.00
2008.05.21 15:04:07.599,1.96365,1.9638,3.00,1.30
2008.05.21 15:04:07.929,1.96365,1.9638,2.80,1.00
2008.05.21 15:04:08.467,1.96365,1.9638,2.80,1.30
2008.05.21 15:04:10.141,1.96365,1.9638,2.80,4.20
2008.05.21 15:04:10.543,1.96365,1.96375,2.80,1.00
2008.05.21 15:04:10.678,1.96365,1.96375,2.80,4.20
2008.05.21 15:04:10.964,1.9636,1.96375,0.20,4.20
2008.05.21 15:04:11.221,1.96355,1.96375,3.10,4.20
2008.05.21 15:04:11.626,1.96355,1.96375,4.00,4.20
2008.05.21 15:04:11.976,1.96355,1.96375,1.20,4.20
2008.05.21 15:04:13.914,1.96355,1.96375,0.30,4.20
2008.05.21 15:04:14.003,1.96355,1.96375,1.20,4.20
2008.05.21 15:04:14.184,1.96355,1.96375,0.30,4.20
2008.05.21 15:04:15.490,1.96355,1.96375,2.10,4.20
2008.05.21 15:04:19.895,1.96355,1.96375,3.10,4.20
2008.05.21 15:04:20.326,1.96355,1.96375,2.10,4.20
2008.05.21 15:04:20.615,1.96355,1.96375,2.10,5.10
2008.05.21 15:04:21.053,1.96355,1.96375,2.10,4.20
2008.05.21 15:04:21.289,1.9636,1.96375,0.20,3.90
2008.05.21 15:04:21.524,1.96355,1.96375,2.10,4.20
2008.05.21 15:04:21.993,1.96355,1.9637,0.20,1.00
2008.05.21 15:04:22.229,1.9635,1.9637,0.30,1.00
2008.05.21 15:04:28.906,1.9636,1.9637,0.20,1.00
2008.05.21 15:04:29.067,1.9636,1.96375,0.20,7.00
2008.05.21 15:04:29.228,1.9636,1.96375,0.20,4.20
2008.05.21 15:04:29.618,1.96355,1.96375,2.10,4.20
2008.05.21 15:04:30.193,1.96355,1.96375,5.00,4.20
2008.05.21 15:04:30.425,1.96355,1.9637,4.90,1.00
2008.05.21 15:04:30.606,1.96355,1.9637,2.80,1.00
2008.05.21 15:04:35.668,1.96355,1.9637,2.80,1.30
2008.05.21 15:04:35.984,1.96355,1.9636,2.80,1.00
2008.05.21 15:04:36.205,1.96345,1.9636,2.80,1.00
2008.05.21 15:04:36.620,1.96345,1.96355,2.80,1.00
2008.05.21 15:04:36.834,1.9634,1.96355,0.20,1.00
2008.05.21 15:04:37.036,1.9634,1.9635,0.20,1.00
2008.05.21 15:04:37.192,1.96335,1.9635,2.80,1.00
2008.05.21 15:04:38.057,1.96335,1.9635,3.00,1.00
2008.05.21 15:04:40.686,1.96335,1.9635,3.90,1.00
2008.05.21 15:04:41.013,1.96335,1.9635,3.00,1.00
2008.05.21 15:04:41.123,1.96335,1.9635,2.80,1.00
2008.05.21 15:04:41.612,1.9633,1.9635,0.10,1.00
2008.05.21 15:04:45.029,1.96325,1.9634,6.30,1.00
2008.05.21 15:04:45.719,1.96325,1.9634,6.80,1.00
2008.05.21 15:04:45.937,1.96325,1.9634,6.90,1.00
2008.05.21 15:04:46.156,1.96325,1.9634,3.00,1.00
2008.05.21 15:04:48.870,1.96325,1.9634,3.20,1.00
2008.05.21 15:04:49.793,1.96325,1.9634,3.00,1.00
2008.05.21 15:04:50.825,1.96325,1.9634,3.30,1.00
2008.05.21 15:04:51.055,1.96325,1.9634,3.30,1.00
2008.05.21 15:04:51.763,1.96325,1.9634,3.40,1.00
2008.05.21 15:04:52.430,1.96325,1.96345,3.60,1.00
2008.05.21 15:04:52.615,1.9633,1.96345,0.20,1.00
2008.05.21 15:04:54.012,1.9633,1.96345,0.20,3.90
2008.05.21 15:04:54.480,1.9633,1.9634,0.20,1.00
2008.05.21 15:04:54.581,1.96325,1.9634,3.90,1.00
2008.05.21 15:04:55.042,1.9633,1.96345,0.20,3.90
2008.05.21 15:04:55.152,1.96325,1.96345,4.00,4.20
2008.05.21 15:04:55.486,1.96325,1.9634,3.90,1.00
2008.05.21 15:04:55.598,1.96325,1.9634,2.80,1.00
2008.05.21 15:04:59.437,1.96325,1.96345,2.80,6.80
2008.05.21 15:04:59.796,1.96325,1.96345,3.10,7.00
2008.05.21 15:04:59.982,1.96325,1.9634,3.00,1.00
2008.05.21 15:05:00.185,1.96325,1.9634,2.80,1.00
2008.05.21 15:05:01.070,1.96325,1.9634,3.00,1.00
2008.05.21 15:05:01.477,1.9633,1.9634,0.20,1.00
2008.05.21 15:05:01.662,1.96325,1.9634,3.00,1.00
2008.05.21 15:05:04.019,1.96325,1.96345,3.10,7.30
2008.05.21 15:05:04.141,1.96325,1.96345,3.10,7.00
2008.05.21 15:05:06.469,1.96325,1.96345,3.10,4.20
2008.05.21 15:05:06.972,1.96325,1.96345,3.10,5.10
2008.05.21 15:05:07.679,1.96325,1.96345,3.10,2.20
2008.05.21 15:05:09.388,1.96325,1.96345,3.10,1.30
2008.05.21 15:05:09.934,1.96325,1.96345,3.10,4.20
2008.05.21 15:05:10.354,1.96325,1.96345,3.10,5.10
2008.05.21 15:05:10.633,1.96325,1.96345,6.00,2.20
2008.05.21 15:05:10.876,1.96325,1.96345,6.00,2.40
2008.05.21 15:05:11.118,1.96325,1.96345,4.00,4.20
2008.05.21 15:05:11.360,1.96325,1.96345,3.10,4.20
2008.05.21 15:05:11.600,1.96325,1.9634,3.00,1.00
2008.05.21 15:05:11.864,1.96325,1.96335,0.20,2.80
2008.05.21 15:05:12.124,1.9632,1.96335,0.20,3.90
2008.05.21 15:05:12.395,1.9632,1.96335,0.20,1.00
2008.05.21 15:05:12.656,1.96315,1.9633,3.00,1.00
2008.05.21 15:05:13.313,1.96315,1.9633,2.80,1.00
2008.05.21 15:05:13.478,1.96315,1.96325,2.80,1.00
2008.05.21 15:05:13.643,1.9631,1.9633,0.30,1.00
2008.05.21 15:05:17.236,1.9631,1.9633,0.30,1.30
2008.05.21 15:05:17.993,1.9631,1.96325,0.20,1.00
2008.05.21 15:05:18.211,1.9631,1.96325,0.20,3.90
2008.05.21 15:05:20.216,1.9631,1.96325,0.20,4.20
2008.05.21 15:05:23.337,1.9631,1.96325,0.20,1.30
2008.05.21 15:05:24.006,1.9631,1.96325,0.30,0.20
2008.05.21 15:05:24.328,1.9631,1.9633,0.30,1.00
2008.05.21 15:05:25.506,1.9631,1.96325,0.20,1.00
2008.05.21 15:05:25.598,1.9631,1.9633,0.30,1.00
2008.05.21 15:05:25.688,1.9631,1.9633,0.10,1.00
2008.05.21 15:05:26.366,1.9631,1.9633,0.30,1.00
2008.05.21 15:05:26.857,1.9631,1.9633,0.10,1.00
2008.05.21 15:05:27.623,1.9631,1.9633,0.30,1.00
2008.05.21 15:05:27.984,1.96315,1.96335,0.10,16.60
2008.05.21 15:05:28.147,1.96315,1.96335,0.10,8.00
2008.05.21 15:05:28.290,1.96315,1.96335,0.30,8.00
2008.05.21 15:05:28.658,1.96315,1.96335,0.30,7.00
2008.05.21 15:05:28.798,1.9632,1.96335,0.20,4.20
2008.05.21 15:05:29.661,1.9632,1.9634,0.30,1.00
2008.05.21 15:05:32.629,1.96325,1.9634,0.20,1.00
2008.05.21 15:05:36.021,1.96325,1.96345,0.30,8.00
2008.05.21 15:05:36.228,1.96325,1.96345,0.10,1.00
2008.05.21 15:05:36.434,1.96325,1.96345,2.80,1.00
2008.05.21 15:05:36.559,1.9633,1.9635,0.10,1.00
2008.05.21 15:05:37.663,1.9632,1.9634,0.30,1.00
2008.05.21 15:05:38.326,1.9632,1.9634,0.10,1.00
2008.05.21 15:05:42.553,1.96315,1.96335,8.80,1.00
2008.05.21 15:05:42.720,1.96315,1.96335,6.90,3.90
2008.05.21 15:05:42.886,1.9632,1.96335,0.20,3.90
2008.05.21 15:05:43.721,1.96315,1.96335,0.30,4.20
2008.05.21 15:05:47.719,1.9632,1.96335,0.10,3.00
2008.05.21 15:05:48.732,1.9632,1.96335,0.10,0.20
2008.05.21 15:05:52.553,1.96315,1.96335,5.00,1.30
2008.05.21 15:05:52.744,1.96315,1.96335,0.30,4.20
2008.05.21 15:05:58.024,1.96325,1.96335,0.10,3.00
2008.05.21 15:05:58.129,1.9632,1.96335,0.10,3.00
2008.05.21 15:05:58.259,1.9632,1.9634,0.10,1.00
2008.05.21 15:06:14.771,1.9632,1.9634,0.10,1.30
2008.05.21 15:06:16.590,1.96315,1.96325,7.80,1.00
2008.05.21 15:06:16.832,1.96315,1.96325,3.00,1.00
2008.05.21 15:06:16.917,1.96315,1.96325,0.20,3.90
2008.05.21 15:06:17.372,1.9631,1.96325,0.20,3.90
2008.05.21 15:06:17.932,1.9631,1.96325,0.20,1.00
2008.05.21 15:06:18.221,1.9631,1.96325,0.20,1.30
2008.05.21 15:06:18.366,1.9631,1.96325,0.20,4.20
2008.05.21 15:06:19.568,1.9631,1.96325,0.30,3.00
2008.05.21 15:06:19.682,1.9631,1.96325,0.30,0.20
2008.05.21 15:06:19.747,1.9631,1.9633,0.30,1.30
2008.05.21 15:06:20.129,1.96315,1.9633,0.10,0.20
2008.05.21 15:06:20.202,1.9631,1.9633,0.30,1.30
2008.05.21 15:06:20.264,1.9631,1.9633,0.10,1.00
2008.05.21 15:06:22.329,1.9631,1.9633,0.30,1.00
2008.05.21 15:06:23.220,1.96315,1.96335,0.10,1.30
2008.05.21 15:06:23.499,1.96315,1.96335,0.10,1.00
2008.05.21 15:06:24.088,1.9632,1.9634,0.10,1.00
2008.05.21 15:06:24.220,1.9632,1.9634,0.10,1.30
2008.05.21 15:06:24.728,1.9632,1.9634,0.10,1.00
2008.05.21 15:06:26.194,1.96325,1.96345,0.10,1.00
2008.05.21 15:06:26.385,1.96325,1.96345,0.10,3.00
2008.05.21 15:06:26.576,1.96325,1.96345,0.10,1.00
2008.05.21 15:06:26.766,1.9633,1.9635,0.10,1.30
2008.05.21 15:06:26.983,1.9633,1.96345,0.10,0.20
2008.05.21 15:06:28.017,1.9633,1.9635,0.10,1.30
2008.05.21 15:06:29.362,1.9633,1.9635,0.10,1.00
2008.05.21 15:06:30.148,1.96325,1.96345,0.10,1.00
2008.05.21 15:06:31.780,1.9633,1.9635,0.10,1.00
2008.05.21 15:06:32.149,1.96325,1.96345,0.10,1.00
2008.05.21 15:06:32.659,1.9633,1.9635,0.10,2.00
2008.05.21 15:06:33.732,1.9633,1.96345,0.10,2.80
2008.05.21 15:06:38.346,1.9633,1.9635,0.10,2.00
2008.05.21 15:06:38.380,1.9633,1.9635,0.10,1.00
2008.05.21 15:06:39.755,1.9634,1.96355,0.10,4.80
2008.05.21 15:06:39.941,1.9634,1.9636,0.10,4.20
2008.05.21 15:06:41.679,1.9634,1.9636,0.30,4.20
2008.05.21 15:06:41.858,1.9634,1.9636,0.30,1.30
2008.05.21 15:06:41.949,1.9634,1.9636,0.30,1.00
2008.05.21 15:06:47.698,1.96345,1.96365,0.10,14.70
2008.05.21 15:06:47.818,1.96345,1.96365,0.10,6.80
2008.05.21 15:06:47.949,1.96345,1.96365,0.10,1.00
2008.05.21 15:06:49.211,1.9635,1.9637,0.10,3.90
2008.05.21 15:06:49.746,1.9634,1.9636,0.30,1.00
2008.05.21 15:06:49.896,1.96345,1.9636,0.20,1.00
2008.05.21 15:06:51.339,1.96345,1.96365,0.30,5.10
2008.05.21 15:06:51.489,1.96345,1.96365,0.30,4.90
2008.05.21 15:06:51.789,1.96345,1.9636,0.20,1.00
2008.05.21 15:06:51.940,1.9634,1.9636,0.30,1.00
2008.05.21 15:06:52.242,1.9634,1.96355,0.30,2.80
2008.05.21 15:06:52.393,1.9634,1.96355,0.20,4.90
2008.05.21 15:06:52.573,1.9634,1.96355,0.20,3.90
2008.05.21 15:06:52.763,1.9634,1.96355,0.30,2.80
2008.05.21 15:06:52.943,1.9634,1.9636,0.30,1.00
2008.05.21 15:06:53.301,1.96345,1.96365,0.10,3.90
2008.05.21 15:06:55.456,1.96345,1.96365,0.10,1.00
2008.05.21 15:06:55.668,1.9635,1.9637,0.10,1.00
2008.05.21 15:06:58.908,1.9636,1.96375,0.20,8.00
2008.05.21 15:06:58.985,1.9636,1.96375,0.20,7.80
2008.05.21 15:06:59.366,1.9636,1.96375,0.20,6.80
2008.05.21 15:06:59.408,1.9636,1.96375,0.20,3.90
2008.05.21 15:06:59.727,1.9636,1.96375,0.30,2.80
2008.05.21 15:06:59.771,1.96365,1.96375,0.20,2.80
2008.05.21 15:06:59.850,1.96365,1.9638,0.20,3.90
2008.05.21 15:07:00.180,1.96365,1.96385,0.30,5.10
2008.05.21 15:07:01.185,1.96365,1.9638,0.20,1.00
2008.05.21 15:07:01.356,1.9636,1.9638,0.30,1.00
2008.05.21 15:07:07.185,1.96365,1.96385,0.10,8.00
2008.05.21 15:07:07.458,1.96365,1.9638,0.30,0.20
2008.05.21 15:07:07.778,1.9636,1.9638,0.10,1.30
2008.05.21 15:07:07.938,1.9636,1.9638,0.30,1.00
2008.05.21 15:07:11.843,1.9636,1.9638,3.10,1.00
2008.05.21 15:07:12.894,1.9636,1.9638,4.00,1.00
2008.05.21 15:07:14.206,1.96365,1.96385,0.10,5.10
2008.05.21 15:07:14.249,1.9637,1.96385,0.20,5.10
2008.05.21 15:07:14.491,1.9637,1.96385,0.20,4.90
2008.05.21 15:07:14.521,1.9637,1.96385,0.20,3.90
2008.05.21 15:07:14.716,1.9637,1.96385,0.30,2.80
2008.05.21 15:07:14.806,1.9637,1.9639,0.30,1.30
2008.05.21 15:07:14.837,1.9637,1.9639,0.30,1.00
2008.05.21 15:07:17.744,1.9637,1.96385,0.20,1.00
2008.05.21 15:07:17.869,1.9637,1.96385,0.20,3.90
2008.05.21 15:07:21.357,1.9637,1.96385,0.20,4.90
2008.05.21 15:07:21.681,1.9637,1.96385,0.30,3.80
2008.05.21 15:07:21.799,1.9637,1.96385,3.10,3.80
2008.05.21 15:07:21.920,1.9637,1.9639,3.10,1.30
2008.05.21 15:07:22.030,1.9637,1.9639,3.10,1.00
2008.05.21 15:07:26.746,1.9637,1.9639,4.00,1.00
2008.05.21 15:07:28.668,1.9637,1.9639,3.10,1.00
2008.05.21 15:07:34.771,1.9637,1.9639,4.00,1.00
2008.05.21 15:07:37.963,1.96375,1.9639,2.80,1.00
2008.05.21 15:07:38.769,1.9638,1.96395,0.10,7.80
2008.05.21 15:07:38.947,1.9638,1.964,2.80,1.00
2008.05.21 15:07:39.469,1.9638,1.964,3.10,1.00
2008.05.21 15:07:41.303,1.9638,1.964,4.00,1.00
2008.05.21 15:07:41.479,1.96385,1.964,0.20,1.00
2008.05.21 15:07:41.868,1.9639,1.96405,0.10,3.90
2008.05.21 15:07:41.957,1.9639,1.9641,0.10,1.00
2008.05.21 15:07:42.396,1.96395,1.96415,0.10,6.60
2008.05.21 15:07:42.496,1.96395,1.96415,0.10,1.80
2008.05.21 15:07:42.595,1.96395,1.96415,0.10,1.50
2008.05.21 15:07:44.263,1.9639,1.9641,0.10,1.00
2008.05.21 15:07:45.801,1.96385,1.96405,0.10,1.00
2008.05.21 15:07:46.239,1.9639,1.9641,0.10,1.00
2008.05.21 15:07:47.852,1.96395,1.9641,0.30,0.20
2008.05.21 15:07:47.999,1.96395,1.96415,0.30,9.40
2008.05.21 15:07:48.224,1.96395,1.9641,0.20,1.00
2008.05.21 15:07:48.523,1.9639,1.9641,3.10,1.00
2008.05.21 15:07:49.014,1.9639,1.9641,2.80,1.30
2008.05.21 15:07:49.566,1.96395,1.9641,2.80,1.30
2008.05.21 15:07:49.751,1.96395,1.9641,2.80,1.00
2008.05.21 15:07:54.475,1.96395,1.9641,2.80,1.30
2008.05.21 15:07:55.811,1.96395,1.96405,2.80,1.00
2008.05.21 15:07:55.904,1.9639,1.96405,3.80,1.00
2008.05.21 15:07:55.994,1.9639,1.96405,3.80,5.10
2008.05.21 15:07:56.173,1.9639,1.96405,2.80,5.10
2008.05.21 15:07:56.603,1.96385,1.96405,4.00,5.10
2008.05.21 15:07:56.727,1.96385,1.96405,3.10,5.10
2008.05.21 15:07:57.500,1.96385,1.964,2.80,1.00
2008.05.21 15:07:59.530,1.9638,1.964,4.00,1.00
2008.05.21 15:07:59.662,1.9638,1.964,3.10,1.00
2008.05.21 15:07:59.873,1.96375,1.96385,8.70,1.00
2008.05.21 15:07:59.942,1.96375,1.96385,5.80,1.00
2008.05.21 15:08:00.006,1.96375,1.96385,1.00,1.00
2008.05.21 15:08:00.072,1.96375,1.96385,1.00,3.90
2008.05.21 15:08:00.139,1.9637,1.96385,3.00,3.90
2008.05.21 15:08:00.772,1.9637,1.96385,3.10,2.80
2008.05.21 15:08:01.006,1.9637,1.96385,0.10,2.80
2008.05.21 15:08:01.432,1.9637,1.9639,0.10,1.30
2008.05.21 15:08:03.513,1.9637,1.9639,0.10,1.00
2008.05.21 15:08:03.777,1.96375,1.96395,0.10,1.00
2008.05.21 15:08:05.329,1.9638,1.964,0.10,1.00
2008.05.21 15:08:07.826,1.96375,1.96395,2.80,1.00
2008.05.21 15:08:10.125,1.96375,1.96395,0.10,1.00
2008.05.21 15:08:15.798,1.96375,1.96395,0.30,1.00
2008.05.21 15:08:16.025,1.96375,1.96395,1.20,1.00
2008.05.21 15:08:16.420,1.9638,1.964,0.30,1.00
2008.05.21 15:08:16.522,1.9638,1.964,0.10,1.30
2008.05.21 15:08:23.527,1.9638,1.964,0.30,1.30
2008.05.21 15:08:23.642,1.9638,1.964,0.30,1.00
2008.05.21 15:08:25.939,1.9638,1.96395,0.20,1.00
2008.05.21 15:08:26.021,1.96375,1.96395,4.00,1.30
2008.05.21 15:08:26.102,1.96375,1.96395,0.30,4.20
2008.05.21 15:08:26.496,1.96375,1.96395,0.10,4.20
2008.05.21 15:08:26.687,1.96375,1.96395,0.30,4.20
2008.05.21 15:08:27.079,1.96375,1.96395,0.10,1.00
2008.05.21 15:08:28.867,1.9637,1.9639,0.10,1.00
2008.05.21 15:08:29.007,1.9637,1.9639,0.30,1.00
2008.05.21 15:08:29.432,1.96375,1.96395,0.10,4.20
2008.05.21 15:08:29.513,1.96375,1.96395,0.10,3.90
2008.05.21 15:08:29.594,1.96375,1.96395,0.10,1.00
2008.05.21 15:08:34.332,1.96375,1.96395,0.10,1.20
2008.05.21 15:08:34.358,1.9637,1.9639,0.30,1.00
2008.05.21 15:08:34.641,1.96375,1.9639,0.20,1.00
2008.05.21 15:08:35.415,1.9637,1.9639,0.30,1.00
2008.05.21 15:08:35.923,1.9638,1.9639,0.20,1.00
2008.05.21 15:08:36.470,1.96375,1.9639,3.90,1.00
2008.05.21 15:08:36.562,1.96375,1.9639,0.70,1.00
2008.05.21 15:08:36.608,1.96375,1.9639,0.20,1.00
2008.05.21 15:08:36.884,1.9638,1.9639,0.20,1.00
2008.05.21 15:08:37.452,1.96375,1.9639,3.90,1.00
2008.05.21 15:08:37.532,1.96375,1.9639,0.60,1.00
2008.05.21 15:08:37.832,1.96375,1.9639,0.70,1.00
2008.05.21 15:08:37.984,1.9639,1.96395,0.20,2.80
2008.05.21 15:08:38.136,1.96385,1.964,0.10,0.20
2008.05.21 15:08:38.436,1.96385,1.964,0.30,0.20
2008.05.21 15:08:39.046,1.96385,1.964,0.60,0.20
2008.05.21 15:08:39.137,1.96385,1.964,0.70,0.20
2008.05.21 15:08:39.299,1.96385,1.964,3.30,0.20
2008.05.21 15:08:39.516,1.96385,1.964,0.70,0.20
2008.05.21 15:08:40.213,1.96385,1.964,0.30,0.20
2008.05.21 15:08:40.409,1.96385,1.964,0.70,0.20
2008.05.21 15:08:41.494,1.96385,1.964,0.60,0.20
2008.05.21 15:08:42.089,1.96385,1.96405,0.60,4.20
2008.05.21 15:08:42.793,1.96385,1.96405,0.70,4.20
2008.05.21 15:08:44.987,1.96385,1.96405,1.60,4.20
2008.05.21 15:08:45.781,1.96385,1.96405,1.20,4.20
2008.05.21 15:08:46.174,1.96385,1.96405,0.30,4.20
2008.05.21 15:08:47.408,1.96385,1.964,0.20,1.00
2008.05.21 15:08:48.056,1.9639,1.964,0.20,1.00
2008.05.21 15:08:48.187,1.96385,1.964,0.20,1.30
2008.05.21 15:08:48.559,1.9638,1.964,0.30,1.30
2008.05.21 15:08:48.779,1.9638,1.964,0.30,1.00
2008.05.21 15:08:51.146,1.96385,1.964,2.80,1.00
2008.05.21 15:08:51.497,1.9638,1.964,0.30,1.00
2008.05.21 15:08:52.530,1.9638,1.964,0.10,1.00
2008.05.21 15:08:54.031,1.9638,1.964,0.10,2.00
2008.05.21 15:08:54.453,1.9637,1.9639,0.30,1.00
2008.05.21 15:08:54.467,1.96375,1.9639,0.20,1.00
2008.05.21 15:08:54.693,1.9637,1.9639,0.30,1.00
2008.05.21 15:08:54.914,1.9637,1.9639,0.10,1.00
2008.05.21 15:08:55.065,1.96365,1.96385,5.70,1.00
2008.05.21 15:08:55.215,1.96365,1.96385,2.80,1.00
2008.05.21 15:08:55.515,1.9637,1.9639,0.10,1.00
2008.05.21 15:08:59.231,1.9637,1.9639,0.10,2.00
2008.05.21 15:09:01.436,1.9637,1.9639,0.10,1.00
2008.05.21 15:09:02.058,1.96375,1.9639,2.80,1.00
2008.05.21 15:09:02.224,1.9637,1.9639,0.10,1.00
2008.05.21 15:09:04.086,1.9637,1.9639,0.30,1.00
2008.05.21 15:09:08.020,1.96375,1.96395,0.10,5.10
2008.05.21 15:09:08.120,1.96375,1.96395,0.30,5.10
2008.05.21 15:09:08.527,1.96375,1.96395,0.30,4.20
2008.05.21 15:09:08.577,1.96375,1.96395,0.30,1.30
2008.05.21 15:09:09.482,1.96375,1.96395,0.30,2.20
2008.05.21 15:09:10.024,1.96375,1.96395,0.30,1.30
2008.05.21 15:09:10.435,1.9638,1.96395,0.10,0.20
2008.05.21 15:09:10.549,1.96385,1.964,2.80,1.30
2008.05.21 15:09:10.938,1.96385,1.9639,2.80,1.00
2008.05.21 15:09:11.056,1.96375,1.96395,0.30,1.00
2008.05.21 15:09:11.173,1.96375,1.96395,0.10,3.00
2008.05.21 15:09:11.689,1.96375,1.96395,2.80,3.00
2008.05.21 15:09:12.039,1.9638,1.96395,0.10,1.90
2008.05.21 15:09:12.422,1.96375,1.96395,2.80,3.00
2008.05.21 15:09:15.005,1.9638,1.96395,0.10,1.90
2008.05.21 15:09:15.507,1.96385,1.96395,2.80,1.90
2008.05.21 15:09:15.673,1.9638,1.96395,0.10,1.90
2008.05.21 15:09:16.033,1.96385,1.96395,2.80,1.90
2008.05.21 15:09:17.674,1.96385,1.964,2.80,1.30
2008.05.21 15:09:18.149,1.9638,1.964,0.30,1.30
2008.05.21 15:09:21.267,1.9638,1.964,0.10,1.30
2008.05.21 15:09:22.020,1.96385,1.964,0.10,0.20
2008.05.21 15:09:22.437,1.9638,1.964,0.30,1.30
2008.05.21 15:09:22.553,1.9638,1.964,0.10,1.30
2008.05.21 15:09:28.723,1.9638,1.964,0.30,1.30
2008.05.21 15:09:32.606,1.9638,1.964,0.10,1.30
2008.05.21 15:09:39.983,1.96385,1.964,0.10,0.20
2008.05.21 15:09:41.016,1.9638,1.964,2.10,1.30
2008.05.21 15:09:41.198,1.9638,1.964,0.10,1.30
2008.05.21 15:09:43.541,1.96385,1.964,0.10,0.20
2008.05.21 15:09:46.651,1.9638,1.964,0.30,1.30
2008.05.21 15:09:46.843,1.9638,1.964,0.10,1.30
2008.05.21 15:10:01.748,1.96385,1.964,2.80,1.30
2008.05.21 15:10:02.267,1.9638,1.964,0.10,1.30
2008.05.21 15:10:03.101,1.96385,1.964,2.80,1.30
2008.05.21 15:10:03.248,1.9638,1.964,0.10,1.30
2008.05.21 15:10:11.802,1.9638,1.96395,0.10,0.20
2008.05.21 15:10:12.101,1.96375,1.96395,4.00,1.30
2008.05.21 15:10:12.251,1.96375,1.96395,1.20,1.30
2008.05.21 15:10:13.340,1.96375,1.96395,0.30,2.20
2008.05.21 15:10:14.717,1.96375,1.96395,0.30,1.30
2008.05.21 15:10:15.572,1.9637,1.96375,2.50,1.00
2008.05.21 15:10:15.736,1.96365,1.96375,1.00,1.00
2008.05.21 15:10:16.055,1.96365,1.96375,0.20,1.00
2008.05.21 15:10:16.216,1.9637,1.96385,0.10,5.70
2008.05.21 15:10:16.377,1.9637,1.9639,0.10,1.00
2008.05.21 15:10:16.711,1.96365,1.96385,0.10,1.00
2008.05.21 15:10:17.061,1.96365,1.96385,0.10,1.30
2008.05.21 15:10:18.685,1.96365,1.96385,0.10,1.00
2008.05.21 15:10:20.042,1.9636,1.9638,0.10,1.00
2008.05.21 15:10:20.757,1.9636,1.9638,0.30,1.00
2008.05.21 15:10:22.723,1.9636,1.9638,0.30,1.30
2008.05.21 15:10:23.803,1.9636,1.96375,0.30,1.60
2008.05.21 15:10:24.064,1.9636,1.96375,0.20,2.80
2008.05.21 15:10:24.149,1.9636,1.96375,0.20,3.00
2008.05.21 15:10:24.328,1.9636,1.96375,0.20,5.70
2008.05.21 15:10:24.496,1.9636,1.96375,0.20,6.70
2008.05.21 15:10:24.677,1.96355,1.96375,0.30,6.70
2008.05.21 15:10:24.764,1.96355,1.96375,0.30,6.90
2008.05.21 15:10:25.246,1.96355,1.9637,0.30,0.20
2008.05.21 15:10:26.566,1.96355,1.9637,0.20,1.30
2008.05.21 15:10:26.764,1.9635,1.9637,0.30,1.00
2008.05.21 15:10:27.259,1.9635,1.9637,0.10,1.00
2008.05.21 15:10:28.565,1.96345,1.96365,16.50,1.00
2008.05.21 15:10:28.641,1.96345,1.96365,16.50,1.30
2008.05.21 15:10:28.730,1.9635,1.96365,0.20,1.00
2008.05.21 15:10:30.186,1.9635,1.9637,0.10,1.00
2008.05.21 15:10:30.641,1.96355,1.96375,0.10,2.00
2008.05.21 15:10:31.730,1.96355,1.96375,0.10,1.00
2008.05.21 15:10:39.584,1.9635,1.9637,0.30,1.00
2008.05.21 15:10:39.778,1.96355,1.9637,0.20,1.00
2008.05.21 15:10:41.408,1.9635,1.9637,0.30,1.00
2008.05.21 15:10:50.142,1.96355,1.96375,0.10,6.10
2008.05.21 15:10:50.403,1.96355,1.96375,0.30,5.70
2008.05.21 15:10:50.995,1.96355,1.96375,0.30,5.10
2008.05.21 15:10:51.306,1.9636,1.96375,0.20,4.90
2008.05.21 15:10:52.069,1.9636,1.96375,0.20,3.90
2008.05.21 15:10:52.179,1.9636,1.96375,0.30,2.80
2008.05.21 15:10:52.292,1.9636,1.9638,0.10,1.30
2008.05.21 15:10:53.081,1.9636,1.96375,0.10,0.70
2008.05.21 15:10:53.271,1.9636,1.96375,0.10,0.60
2008.05.21 15:10:53.462,1.9636,1.96375,0.10,0.20
2008.05.21 15:10:53.842,1.9636,1.9638,0.10,1.30
2008.05.21 15:10:54.452,1.9636,1.9638,0.30,1.00
2008.05.21 15:10:55.230,1.96365,1.96385,0.10,5.50
2008.05.21 15:10:55.394,1.96365,1.96385,2.80,1.40
2008.05.21 15:10:55.743,1.96365,1.9637,2.80,1.00
2008.05.21 15:10:55.920,1.9636,1.9637,0.20,1.00
2008.05.21 15:10:56.169,1.9636,1.96375,0.30,5.70
2008.05.21 15:10:56.294,1.9636,1.96375,0.10,4.80
2008.05.21 15:10:56.419,1.9636,1.9638,0.10,1.30
2008.05.21 15:10:56.793,1.9636,1.9638,0.30,1.00
2008.05.21 15:10:57.442,1.9636,1.9638,0.10,1.30
2008.05.21 15:10:58.403,1.96355,1.96375,3.10,5.10
2008.05.21 15:10:58.599,1.96355,1.96375,3.10,4.20
2008.05.21 15:10:58.794,1.96355,1.96375,0.30,4.20
2008.05.21 15:10:59.332,1.9636,1.96375,0.20,3.90
2008.05.21 15:11:00.857,1.9636,1.96375,0.20,4.90
2008.05.21 15:11:01.464,1.9636,1.96375,0.20,4.20
2008.05.21 15:11:03.555,1.9636,1.96375,0.20,5.10
2008.05.21 15:11:03.824,1.9636,1.9637,0.20,1.00
2008.05.21 15:11:03.959,1.96355,1.9637,0.20,1.30
2008.05.21 15:11:04.363,1.9635,1.9637,5.00,1.00
2008.05.21 15:11:04.528,1.9635,1.9637,0.30,1.00
2008.05.21 15:11:07.257,1.9635,1.96365,0.20,1.00
2008.05.21 15:11:07.664,1.9635,1.9637,0.30,1.00
2008.05.21 15:11:07.839,1.96355,1.9637,0.20,1.00
2008.05.21 15:11:08.190,1.96355,1.96375,0.30,4.90
2008.05.21 15:11:08.366,1.96355,1.96375,0.10,1.00
2008.05.21 15:11:08.773,1.9636,1.9638,0.10,1.00
2008.05.21 15:11:11.798,1.9636,1.9638,0.30,1.00
2008.05.21 15:11:14.699,1.96365,1.96385,0.10,8.00
2008.05.21 15:11:14.743,1.96365,1.96385,0.30,5.10
2008.05.21 15:11:14.832,1.96365,1.96385,0.30,4.20
2008.05.21 15:11:15.232,1.96365,1.9638,0.20,1.00
2008.05.21 15:11:15.400,1.9636,1.9638,1.80,1.00
2008.05.21 15:11:15.586,1.9636,1.9638,0.30,1.00
2008.05.21 15:11:16.714,1.9636,1.96375,0.20,1.00
2008.05.21 15:11:16.851,1.96365,1.96375,0.20,3.90
2008.05.21 15:11:17.120,1.96365,1.96375,0.20,1.00
2008.05.21 15:11:18.258,1.9636,1.96375,0.20,1.00
2008.05.21 15:11:19.644,1.9637,1.9638,0.10,0.20
2008.05.21 15:11:19.815,1.9637,1.96385,0.10,6.80
2008.05.21 15:11:19.885,1.9637,1.96385,0.10,1.00
2008.05.21 15:11:19.954,1.9637,1.96385,0.10,0.20
2008.05.21 15:11:20.863,1.96365,1.96385,3.10,1.30
2008.05.21 15:11:21.099,1.96365,1.96385,0.30,4.20
2008.05.21 15:11:21.335,1.9636,1.9638,1.80,1.00
2008.05.21 15:11:21.573,1.9636,1.9638,0.30,1.00
2008.05.21 15:11:21.728,1.96365,1.96385,0.10,4.20
2008.05.21 15:11:21.896,1.96365,1.96385,0.10,1.00
2008.05.21 15:11:22.348,1.9636,1.9638,1.80,1.00
2008.05.21 15:11:22.503,1.9636,1.9638,0.30,1.00
2008.05.21 15:11:27.138,1.96365,1.96385,0.10,6.10
2008.05.21 15:11:27.369,1.96365,1.96385,0.10,4.20
2008.05.21 15:11:27.389,1.96365,1.96385,0.30,4.20
2008.05.21 15:11:28.179,1.96365,1.96385,3.10,1.30
2008.05.21 15:11:30.239,1.96365,1.96375,3.00,1.00
2008.05.21 15:11:30.307,1.9636,1.9638,0.30,1.30
2008.05.21 15:11:30.361,1.9636,1.9638,0.30,1.00
2008.05.21 15:11:35.194,1.96365,1.96385,0.10,8.00
2008.05.21 15:11:35.367,1.96365,1.96385,0.10,4.20
2008.05.21 15:11:35.454,1.96365,1.96385,0.10,1.00
2008.05.21 15:11:37.172,1.9636,1.9638,0.30,1.00
2008.05.21 15:11:39.339,1.96365,1.96385,0.10,1.00
2008.05.21 15:11:39.755,1.9636,1.9638,0.30,1.00
2008.05.21 15:11:40.313,1.96365,1.96385,0.10,1.00
2008.05.21 15:11:40.417,1.96365,1.96385,1.90,1.00
2008.05.21 15:11:40.523,1.96365,1.96385,0.10,1.00
2008.05.21 15:11:41.238,1.9637,1.9639,0.10,1.00
2008.05.21 15:11:46.554,1.9637,1.9639,0.30,1.00
2008.05.21 15:11:49.191,1.96375,1.9639,0.20,1.00
2008.05.21 15:11:51.190,1.96375,1.9639,3.00,1.00
2008.05.21 15:11:51.336,1.9638,1.9639,0.20,1.00
2008.05.21 15:11:51.825,1.9638,1.96395,0.20,4.90
2008.05.21 15:11:52.001,1.9638,1.96395,0.20,1.00
2008.05.21 15:11:52.351,1.9638,1.96405,0.30,11.80
2008.05.21 15:11:52.885,1.9638,1.96405,0.30,13.50
2008.05.21 15:11:53.107,1.9638,1.964,0.30,0.20
2008.05.21 15:12:08.520,1.9638,1.964,0.10,0.20
2008.05.21 15:12:12.332,1.9638,1.964,0.10,1.30
2008.05.21 15:12:12.591,1.9638,1.964,0.10,1.00
2008.05.21 15:12:12.880,1.96375,1.964,0.10,1.00
2008.05.21 15:12:18.854,1.9637,1.96395,0.30,1.00
2008.05.21 15:12:18.990,1.9637,1.96395,0.30,8.00
2008.05.21 15:12:20.374,1.9637,1.96395,0.30,9.90
2008.05.21 15:12:28.536,1.9637,1.96395,0.30,7.00
2008.05.21 15:12:28.582,1.9637,1.96395,0.30,6.80
2008.05.21 15:12:28.715,1.9637,1.96395,0.30,3.90
2008.05.21 15:12:28.761,1.96375,1.96395,0.10,2.70
2008.05.21 15:12:28.832,1.96375,1.96395,2.80,2.70
2008.05.21 15:12:28.866,1.9638,1.96395,0.10,2.70
2008.05.21 15:12:28.955,1.9638,1.96395,0.10,1.80
2008.05.21 15:12:29.007,1.9638,1.964,0.10,1.00
2008.05.21 15:12:29.243,1.96385,1.964,1.90,1.00
2008.05.21 15:12:29.854,1.96385,1.96405,1.90,13.00
2008.05.21 15:12:29.991,1.96385,1.96405,1.90,13.30
2008.05.21 15:12:30.125,1.96385,1.96405,1.90,11.80
2008.05.21 15:12:30.397,1.96385,1.96405,2.80,9.00
2008.05.21 15:12:30.532,1.9638,1.96405,0.30,11.80
2008.05.21 15:12:30.912,1.9638,1.96405,0.30,9.00
2008.05.21 15:12:31.083,1.9638,1.96405,0.30,11.80
2008.05.21 15:12:31.403,1.96385,1.96405,0.20,11.80
2008.05.21 15:12:32.384,1.96385,1.96405,0.20,9.00
2008.05.21 15:12:32.508,1.96385,1.96405,0.20,11.80
2008.05.21 15:12:36.651,1.9638,1.96405,0.30,11.80
2008.05.21 15:12:36.741,1.9638,1.96405,0.30,9.00
2008.05.21 15:12:37.420,1.9638,1.96405,0.30,11.80
2008.05.21 15:12:38.860,1.9638,1.96405,0.30,9.00
2008.05.21 15:12:39.483,1.9638,1.96405,0.30,11.80
2008.05.21 15:12:40.422,1.9638,1.96405,3.10,9.00
2008.05.21 15:12:40.473,1.9638,1.96405,3.10,8.00
2008.05.21 15:12:41.560,1.96385,1.96405,0.20,8.00
2008.05.21 15:12:42.375,1.96385,1.96405,0.20,5.10
2008.05.21 15:12:42.510,1.96385,1.96405,0.20,8.00
2008.05.21 15:12:43.287,1.96385,1.96405,0.30,6.80
2008.05.21 15:12:43.463,1.96385,1.9641,3.10,1.30
2008.05.21 15:12:44.231,1.96385,1.96405,3.10,0.20
2008.05.21 15:12:45.517,1.96405,1.9641,0.90,1.10
2008.05.21 15:12:45.709,1.96405,1.9641,0.80,1.30
2008.05.21 15:12:45.900,1.9641,1.96415,0.10,12.30
2008.05.21 15:12:46.091,1.96415,1.9642,11.60,1.20
2008.05.21 15:12:46.282,1.96425,1.96435,0.10,0.30
2008.05.21 15:12:46.473,1.9642,1.9644,0.30,0.20
2008.05.21 15:12:46.654,1.9642,1.96435,0.10,0.20
2008.05.21 15:12:47.013,1.9642,1.96435,0.10,3.00
2008.05.21 15:12:48.445,1.9642,1.96435,0.10,2.80
2008.05.21 15:12:48.596,1.9642,1.9644,0.10,0.20
2008.05.21 15:12:51.882,1.9642,1.9644,0.30,0.20
2008.05.21 15:12:52.929,1.9642,1.96445,0.30,11.80
2008.05.21 15:12:53.978,1.9642,1.9644,0.30,0.20
2008.05.21 15:12:55.163,1.9642,1.9644,0.10,0.20
2008.05.21 15:12:56.832,1.96425,1.9644,0.10,0.20
2008.05.21 15:12:56.983,1.96425,1.9644,2.80,0.20
2008.05.21 15:12:57.788,1.96425,1.9644,2.80,0.20
2008.05.21 15:12:57.938,1.96425,1.96445,2.80,8.00
2008.05.21 15:12:58.058,1.9642,1.96445,0.10,10.90
2008.05.21 15:12:58.587,1.9642,1.96445,0.30,10.90
2008.05.21 15:12:59.376,1.9642,1.9644,0.30,0.20
2008.05.21 15:13:00.418,1.9642,1.9644,0.10,0.20
2008.05.21 15:13:01.393,1.96425,1.9644,0.10,0.20
2008.05.21 15:13:01.548,1.96425,1.96435,0.10,0.20
2008.05.21 15:13:01.814,1.9642,1.96435,0.10,0.20
2008.05.21 15:13:07.032,1.9642,1.9644,0.10,0.20
2008.05.21 15:13:08.862,1.96415,1.9644,6.40,1.30
2008.05.21 15:13:09.026,1.96415,1.9644,6.20,1.00
2008.05.21 15:13:09.192,1.96415,1.9644,0.10,1.00
2008.05.21 15:13:12.405,1.96415,1.96435,0.30,0.20
2008.05.21 15:13:12.505,1.96415,1.9643,0.20,1.00
2008.05.21 15:13:12.946,1.96415,1.96435,0.30,10.60
2008.05.21 15:13:13.062,1.96415,1.9644,0.10,2.40
2008.05.21 15:13:13.176,1.96415,1.9644,0.10,1.00
2008.05.21 15:13:16.027,1.96415,1.9644,0.30,1.00
2008.05.21 15:13:16.444,1.96415,1.9644,0.10,1.00
2008.05.21 15:13:17.465,1.96415,1.9644,0.30,1.00
2008.05.21 15:13:17.752,1.96415,1.9644,1.20,1.00
2008.05.21 15:13:18.007,1.96415,1.9644,2.10,1.00
2008.05.21 15:13:18.127,1.96415,1.9644,6.30,1.30
2008.05.21 15:13:18.484,1.9642,1.9644,0.10,0.20
2008.05.21 15:13:19.542,1.96415,1.9644,0.30,1.30
2008.05.21 15:13:19.818,1.96415,1.9644,0.10,1.00
2008.05.21 15:13:22.947,1.9641,1.96435,0.30,1.00
2008.05.21 15:13:23.026,1.9641,1.96435,0.30,1.30
2008.05.21 15:13:23.770,1.9641,1.96435,0.30,2.20
2008.05.21 15:13:24.985,1.96415,1.96435,0.20,2.00
2008.05.21 15:13:25.117,1.96415,1.96435,0.20,4.90
2008.05.21 15:13:25.433,1.96415,1.96435,0.20,2.00
2008.05.21 15:13:25.689,1.9641,1.96435,0.30,2.20
2008.05.21 15:13:27.714,1.9641,1.96435,0.30,1.30
2008.05.21 15:13:28.023,1.96415,1.96435,3.00,1.30
2008.05.21 15:13:28.466,1.96415,1.9643,3.00,0.20
2008.05.21 15:13:28.723,1.9641,1.96435,0.10,2.20
2008.05.21 15:13:28.979,1.9641,1.96435,0.30,1.30
2008.05.21 15:13:30.924,1.9642,1.96435,0.10,0.20
2008.05.21 15:13:30.988,1.96425,1.96435,1.90,0.20
2008.05.21 15:13:31.117,1.96425,1.96435,4.80,0.20
2008.05.21 15:13:31.327,1.96425,1.96435,1.90,0.20
2008.05.21 15:13:31.647,1.96415,1.96435,9.20,0.20
2008.05.21 15:13:31.806,1.96415,1.96435,9.30,0.20
2008.05.21 15:13:31.900,1.96415,1.96435,8.40,0.20
2008.05.21 15:13:32.219,1.96415,1.96435,7.40,0.20
2008.05.21 15:13:32.314,1.96415,1.96435,6.10,0.20
2008.05.21 15:13:32.457,1.96415,1.96435,5.20,0.20
2008.05.21 15:13:32.563,1.96415,1.96435,5.20,0.20
2008.05.21 15:13:32.890,1.96415,1.96435,5.20,0.20
2008.05.21 15:13:33.051,1.96415,1.96435,3.20,0.20
2008.05.21 15:13:33.212,1.96415,1.96435,0.10,0.20
2008.05.21 15:13:33.373,1.9641,1.96435,0.30,3.20
2008.05.21 15:13:33.533,1.9641,1.96435,0.30,6.10
2008.05.21 15:13:35.559,1.9641,1.96435,0.30,3.20
2008.05.21 15:13:35.640,1.9641,1.96435,0.30,1.30
2008.05.21 15:13:38.932,1.96415,1.96435,0.10,0.20
2008.05.21 15:13:39.059,1.96425,1.9644,2.00,0.90
2008.05.21 15:13:39.153,1.96425,1.96445,2.80,4.90
2008.05.21 15:13:39.492,1.96425,1.96445,2.80,6.10
2008.05.21 15:13:39.608,1.9642,1.96445,0.30,4.20
2008.05.21 15:13:39.951,1.9643,1.96445,0.10,3.00
2008.05.21 15:13:40.066,1.9643,1.96455,0.10,15.10
2008.05.21 15:13:40.181,1.9643,1.96455,0.10,11.80
2008.05.21 15:13:40.435,1.9643,1.96455,0.10,7.00
2008.05.21 15:13:40.549,1.9643,1.9645,0.10,0.90
2008.05.21 15:13:41.886,1.9643,1.9645,0.10,2.00
2008.05.21 15:13:46.507,1.9643,1.9645,0.10,1.00
2008.05.21 15:13:46.983,1.96445,1.96455,0.10,12.60
2008.05.21 15:13:47.112,1.96445,1.96455,1.90,4.90
2008.05.21 15:13:47.219,1.96445,1.9646,1.90,0.20
2008.05.21 15:13:47.727,1.9645,1.9647,0.10,0.20
2008.05.21 15:13:48.263,1.9645,1.96475,0.30,5.10
2008.05.21 15:13:48.687,1.9645,1.9647,0.10,0.20
2008.05.21 15:13:49.959,1.96455,1.9647,0.20,0.20
2008.05.21 15:13:50.390,1.96455,1.96475,0.20,5.10
2008.05.21 15:13:50.600,1.9645,1.96475,0.10,5.10
2008.05.21 15:13:50.656,1.9645,1.9647,0.10,0.20
2008.05.21 15:13:50.958,1.96445,1.9647,13.30,1.30
2008.05.21 15:13:51.004,1.96445,1.96465,13.30,0.20
2008.05.21 15:13:51.104,1.96445,1.96465,6.00,3.90
2008.05.21 15:13:51.200,1.96445,1.96465,5.40,3.90
2008.05.21 15:13:51.244,1.96445,1.96465,5.40,3.80
2008.05.21 15:13:51.858,1.96445,1.96465,2.50,3.80
2008.05.21 15:13:52.726,1.96445,1.96465,3.10,2.80
2008.05.21 15:13:53.062,1.9645,1.96465,0.30,2.80
2008.05.21 15:13:53.208,1.9645,1.96475,0.30,6.10
2008.05.21 15:13:53.375,1.9645,1.96475,0.30,5.10
2008.05.21 15:13:54.671,1.96455,1.96475,0.60,4.90
2008.05.21 15:13:54.801,1.96455,1.96475,0.60,4.90
2008.05.21 15:13:55.380,1.96455,1.96475,0.20,4.90
2008.05.21 15:13:55.781,1.96455,1.96475,0.20,2.00
2008.05.21 15:13:56.466,1.96455,1.96475,0.30,0.90
2008.05.21 15:13:56.664,1.96455,1.9648,3.10,1.30
2008.05.21 15:13:57.084,1.96455,1.96475,5.00,2.80
2008.05.21 15:13:57.194,1.9646,1.96475,0.20,0.90
2008.05.21 15:13:58.475,1.9646,1.96475,0.20,2.00
2008.05.21 15:13:58.627,1.9646,1.96475,0.20,4.90
2008.05.21 15:13:58.777,1.96455,1.96475,0.20,4.90
2008.05.21 15:13:59.082,1.96455,1.96475,0.20,2.00
2008.05.21 15:13:59.502,1.96455,1.9647,0.20,1.00
2008.05.21 15:14:02.170,1.96465,1.96475,1.90,0.70
2008.05.21 15:14:02.550,1.96465,1.96475,1.90,0.70
2008.05.21 15:14:02.676,1.9646,1.96475,0.30,0.70
2008.05.21 15:14:02.931,1.9646,1.96475,0.20,1.60
2008.05.21 15:14:03.182,1.9646,1.96475,0.20,4.50
2008.05.21 15:14:07.016,1.9646,1.96475,0.20,4.80
2008.05.21 15:14:07.507,1.9646,1.9647,0.20,1.00
2008.05.21 15:14:07.568,1.96455,1.9647,1.90,1.00
2008.05.21 15:14:07.687,1.9645,1.9647,0.30,1.00
2008.05.21 15:14:09.962,1.9645,1.96465,0.20,1.00
2008.05.21 15:14:10.199,1.9645,1.96465,0.20,3.90
2008.05.21 15:14:14.269,1.9645,1.96465,0.20,4.20
2008.05.21 15:14:17.372,1.96445,1.96465,0.30,4.20
2008.05.21 15:14:18.063,1.96445,1.96465,1.20,4.20
2008.05.21 15:14:18.155,1.96445,1.96465,0.30,4.20
2008.05.21 15:14:27.661,1.96445,1.96465,0.30,5.10
2008.05.21 15:14:27.779,1.96445,1.96465,0.30,4.80
2008.05.21 15:14:27.988,1.96445,1.96465,0.30,4.20
2008.05.21 15:14:28.545,1.96445,1.9646,0.20,1.00
2008.05.21 15:14:28.721,1.9644,1.9646,0.10,1.00
2008.05.21 15:14:29.083,1.96435,1.96455,0.30,1.00
2008.05.21 15:14:29.245,1.96435,1.96455,0.10,1.00
2008.05.21 15:14:29.997,1.9644,1.9646,0.10,1.00
2008.05.21 15:14:31.318,1.9644,1.96455,0.10,1.90
2008.05.21 15:14:31.531,1.9644,1.96455,0.10,1.90
2008.05.21 15:14:31.623,1.9644,1.96445,0.10,4.80
2008.05.21 15:14:31.976,1.96435,1.96445,0.10,4.80
2008.05.21 15:14:37.063,1.9643,1.96445,0.10,4.80
2008.05.21 15:14:38.177,1.9643,1.96445,0.10,7.60
2008.05.21 15:14:38.710,1.9643,1.96445,0.10,4.80
2008.05.21 15:14:40.328,1.9643,1.96445,0.10,7.60
2008.05.21 15:14:40.498,1.9643,1.96445,0.10,4.80
2008.05.21 15:14:40.835,1.9643,1.9645,0.10,1.30
2008.05.21 15:14:41.373,1.9643,1.96445,0.10,2.80
2008.05.21 15:14:41.508,1.9643,1.9645,0.10,1.30
2008.05.21 15:14:41.777,1.9643,1.96445,0.10,2.80
2008.05.21 15:14:43.948,1.9643,1.9645,0.10,1.30
2008.05.21 15:14:46.426,1.9643,1.96445,0.10,2.80
2008.05.21 15:14:51.905,1.9643,1.9645,0.10,1.30
2008.05.21 15:14:56.975,1.9643,1.96445,0.10,2.80
2008.05.21 15:14:57.093,1.96425,1.96435,3.00,1.00
2008.05.21 15:14:57.336,1.96425,1.96435,0.20,3.90
2008.05.21 15:14:57.564,1.96425,1.96435,0.20,2.80
2008.05.21 15:14:57.840,1.9642,1.9644,0.10,1.00
2008.05.21 15:14:58.116,1.96415,1.96425,8.00,1.00
2008.05.21 15:14:58.405,1.96415,1.96425,0.20,3.90
2008.05.21 15:14:59.109,1.96415,1.9642,0.20,1.00
2008.05.21 15:14:59.267,1.96405,1.9642,0.40,1.00
2008.05.21 15:15:00.129,1.96405,1.96425,0.60,3.90
2008.05.21 15:15:00.321,1.96405,1.96425,3.10,1.00
2008.05.21 15:15:00.510,1.96405,1.96425,0.60,1.00
2008.05.21 15:15:00.700,1.9641,1.9643,0.10,1.00
2008.05.21 15:15:01.659,1.96415,1.96435,0.10,1.30
2008.05.21 15:15:01.934,1.96415,1.96435,0.10,1.00
2008.05.21 15:15:03.047,1.9642,1.9644,0.10,1.00
2008.05.21 15:15:05.109,1.96425,1.96445,0.10,4.20
2008.05.21 15:15:05.397,1.96425,1.96445,0.10,5.10
2008.05.21 15:15:05.687,1.96425,1.96445,0.10,4.90
2008.05.21 15:15:05.989,1.96425,1.96445,0.10,3.90
2008.05.21 15:15:06.166,1.9642,1.9644,0.10,1.00
2008.05.21 15:15:06.343,1.9642,1.9644,0.30,1.00
2008.05.21 15:15:06.693,1.9642,1.96435,0.20,1.00
2008.05.21 15:15:06.869,1.96415,1.96435,0.10,1.00
2008.05.21 15:15:07.165,1.9641,1.9643,0.30,1.00
2008.05.21 15:15:07.756,1.9641,1.9643,0.10,1.30
2008.05.21 15:15:08.224,1.9641,1.96425,0.10,0.20
2008.05.21 15:15:08.399,1.9641,1.96425,0.10,3.00
2008.05.21 15:15:08.749,1.96405,1.96425,0.60,4.20
2008.05.21 15:15:09.699,1.96405,1.9642,0.40,1.00
2008.05.21 15:15:09.894,1.96405,1.96415,0.06,0.20
2008.05.21 15:15:10.367,1.96405,1.96415,0.06,2.80
2008.05.21 15:15:10.770,1.96405,1.9642,0.06,1.00
2008.05.21 15:15:11.771,1.9641,1.9643,0.10,1.30
2008.05.21 15:15:11.912,1.9641,1.9643,0.10,1.00
2008.05.21 15:15:12.267,1.96405,1.96425,0.10,1.00
2008.05.21 15:15:14.778,1.96405,1.96425,0.60,1.00
2008.05.21 15:15:14.991,1.96405,1.96425,1.40,1.00
2008.05.21 15:15:15.164,1.9641,1.9643,0.10,1.00
2008.05.21 15:15:15.379,1.9641,1.9643,0.30,1.00
2008.05.21 15:15:15.591,1.9642,1.96435,0.10,3.00
2008.05.21 15:15:15.791,1.9642,1.96435,0.10,0.20
2008.05.21 15:15:15.990,1.9642,1.9644,0.10,1.00
2008.05.21 15:15:16.528,1.9642,1.9644,0.30,1.00
2008.05.21 15:15:16.865,1.9643,1.96445,0.10,2.80
2008.05.21 15:15:17.764,1.9643,1.9645,0.10,1.00
2008.05.21 15:15:19.091,1.9643,1.9645,0.30,1.00
2008.05.21 15:15:20.736,1.96445,1.96455,0.10,7.00
2008.05.21 15:15:20.903,1.96445,1.96455,0.10,0.20
2008.05.21 15:15:21.223,1.9644,1.96455,1.90,1.30
2008.05.21 15:15:22.649,1.9644,1.9645,1.90,1.00
2008.05.21 15:15:22.690,1.96435,1.9645,0.20,1.00
2008.05.21 15:15:23.184,1.9644,1.96455,0.10,3.00
2008.05.21 15:15:23.341,1.9644,1.9646,0.10,1.00
2008.05.21 15:15:23.632,1.96435,1.96455,0.10,1.00
2008.05.21 15:15:24.294,1.9644,1.9646,0.10,1.30
2008.05.21 15:15:24.957,1.96435,1.96455,2.80,1.00
2008.05.21 15:15:25.256,1.96435,1.9645,2.80,1.00
2008.05.21 15:15:25.869,1.9643,1.9645,0.10,1.00
2008.05.21 15:15:26.189,1.96425,1.9644,2.80,1.00
2008.05.21 15:15:32.137,1.9642,1.9644,0.10,1.00
2008.05.21 15:15:34.847,1.96415,1.96435,0.10,1.00
2008.05.21 15:15:35.186,1.9642,1.9644,0.10,1.00
2008.05.21 15:15:35.675,1.96415,1.96435,0.30,1.00
2008.05.21 15:15:36.718,1.96415,1.9643,0.20,1.00
2008.05.21 15:15:36.996,1.96415,1.9643,0.10,1.00
2008.05.21 15:15:40.759,1.96415,1.96435,0.20,3.90
2008.05.21 15:15:41.338,1.9642,1.96435,0.10,2.80
2008.05.21 15:15:44.174,1.9641,1.9643,0.30,1.00
2008.05.21 15:15:44.819,1.96415,1.9643,2.80,1.00
2008.05.21 15:15:48.071,1.96415,1.9643,3.00,1.00
2008.05.21 15:15:48.270,1.96415,1.96435,3.10,9.60
2008.05.21 15:15:48.370,1.96415,1.96435,6.00,4.20
2008.05.21 15:15:48.471,1.96415,1.96435,6.00,2.20
2008.05.21 15:15:48.571,1.96415,1.96435,6.20,1.30
2008.05.21 15:15:48.773,1.9642,1.96435,0.20,1.30
2008.05.21 15:15:48.868,1.9642,1.96435,2.00,1.30
2008.05.21 15:15:49.859,1.9642,1.96435,2.00,1.00
2008.05.21 15:15:51.856,1.9642,1.96435,2.00,1.30
2008.05.21 15:15:51.992,1.9642,1.96435,1.90,1.30
2008.05.21 15:15:52.158,1.9642,1.96435,1.90,0.20
2008.05.21 15:15:52.187,1.9642,1.9644,1.90,1.30
2008.05.21 15:15:52.369,1.96425,1.9644,2.80,1.30
2008.05.21 15:15:53.174,1.96425,1.9644,2.80,1.00
2008.05.21 15:15:54.440,1.9642,1.9644,1.90,1.00
2008.05.21 15:15:56.310,1.96425,1.96435,0.10,2.80
2008.05.21 15:15:56.737,1.9642,1.96435,1.90,2.80
2008.05.21 15:15:57.640,1.9642,1.96435,0.10,2.80
2008.05.21 15:15:57.950,1.9641,1.9643,0.30,1.00
2008.05.21 15:15:59.296,1.9641,1.9643,0.10,1.00
2008.05.21 15:16:02.247,1.96415,1.96435,0.10,3.90
2008.05.21 15:16:03.781,1.9642,1.96435,0.10,2.80
2008.05.21 15:16:04.205,1.9642,1.9644,0.10,1.00
2008.05.21 15:16:09.559,1.9642,1.96435,0.10,2.80
2008.05.21 15:16:10.336,1.9642,1.9644,0.10,1.00
2008.05.21 15:16:15.185,1.96415,1.96435,3.10,1.00
2008.05.21 15:16:15.352,1.96415,1.96435,2.80,1.00
2008.05.21 15:16:16.236,1.9642,1.9644,0.10,1.00
2008.05.21 15:16:20.519,1.9642,1.9644,0.30,1.00
2008.05.21 15:16:21.020,1.9643,1.9645,0.10,1.00
2008.05.21 15:16:27.025,1.9643,1.9645,0.30,1.00
2008.05.21 15:16:31.992,1.96435,1.9645,0.20,1.00
2008.05.21 15:16:38.234,1.9644,1.96455,0.10,6.80
2008.05.21 15:16:38.296,1.96445,1.96455,1.90,3.00
2008.05.21 15:16:38.433,1.96445,1.96455,1.90,0.20
2008.05.21 15:16:38.718,1.96445,1.9645,1.90,1.00
2008.05.21 15:16:38.842,1.96435,1.9645,8.60,1.00
2008.05.21 15:16:39.103,1.96435,1.9645,5.70,1.00
2008.05.21 15:16:39.270,1.96435,1.9645,2.80,1.00
2008.05.21 15:16:39.434,1.9643,1.9645,0.30,1.00
2008.05.21 15:16:46.411,1.9644,1.96455,0.10,2.00
2008.05.21 15:16:46.492,1.96445,1.96455,1.90,1.00
2008.05.21 15:16:46.789,1.96445,1.9646,1.90,1.30
2008.05.21 15:16:47.028,1.9644,1.9646,0.10,1.30
2008.05.21 15:16:47.934,1.9644,1.9646,0.10,1.00
2008.05.21 15:16:48.872,1.96435,1.96445,11.50,1.00
2008.05.21 15:16:48.993,1.96435,1.96445,0.20,1.00
2008.05.21 15:16:49.130,1.96435,1.96445,0.20,3.90
2008.05.21 15:16:49.294,1.96435,1.9644,0.20,1.00
2008.05.21 15:16:49.533,1.9643,1.9644,0.20,1.00
2008.05.21 15:16:49.821,1.9643,1.96445,0.20,2.00
2008.05.21 15:16:49.991,1.96425,1.96445,0.10,1.20
2008.05.21 15:16:50.157,1.96425,1.96445,0.10,3.90
2008.05.21 15:16:50.323,1.96425,1.96445,0.10,1.00
2008.05.21 15:16:54.716,1.9642,1.9644,0.10,1.00
2008.05.21 15:17:00.523,1.9642,1.9644,0.30,1.00
2008.05.21 15:17:00.867,1.96425,1.9644,2.80,1.00
2008.05.21 15:17:00.995,1.96425,1.9644,3.00,1.00
2008.05.21 15:17:01.340,1.9643,1.96445,0.10,0.20
2008.05.21 15:17:01.632,1.9643,1.9645,0.10,1.30
2008.05.21 15:17:02.516,1.96425,1.96445,0.10,1.00
2008.05.21 15:17:03.832,1.96425,1.96445,0.30,1.00
2008.05.21 15:17:04.079,1.96425,1.9644,0.20,1.00
2008.05.21 15:17:04.954,1.9642,1.9644,0.10,1.00
2008.05.21 15:17:05.747,1.96425,1.96445,0.10,1.00
2008.05.21 15:17:06.396,1.9642,1.9644,0.10,1.00
2008.05.21 15:17:08.961,1.9642,1.9644,0.30,1.00
2008.05.21 15:17:12.914,1.9642,1.96435,0.20,1.00
2008.05.21 15:17:13.181,1.96415,1.96435,0.10,1.00
2008.05.21 15:17:13.437,1.9642,1.9644,0.10,1.00
2008.05.21 15:17:13.981,1.96415,1.96435,0.10,1.00
2008.05.21 15:17:23.345,1.9642,1.9644,0.10,1.00
2008.05.21 15:17:25.821,1.96425,1.96445,0.10,10.90
2008.05.21 15:17:25.971,1.9642,1.9644,0.10,1.00
2008.05.21 15:17:26.319,1.96425,1.96445,0.10,1.00
2008.05.21 15:17:27.009,1.9642,1.9644,0.30,1.00
2008.05.21 15:17:29.447,1.9642,1.9644,0.10,1.00
2008.05.21 15:17:31.919,1.9642,1.9644,0.30,1.00
2008.05.21 15:17:33.829,1.96425,1.96445,0.10,5.10
2008.05.21 15:17:33.991,1.9642,1.9644,0.30,1.00
2008.05.21 15:17:34.152,1.9642,1.9644,0.10,1.00
2008.05.21 15:17:38.157,1.9642,1.9644,0.30,1.00
2008.05.21 15:17:41.377,1.9642,1.96435,0.20,1.00
2008.05.21 15:17:42.587,1.9642,1.96435,0.20,3.90
2008.05.21 15:17:44.728,1.9642,1.96435,0.20,4.90
2008.05.21 15:17:44.845,1.9642,1.96435,0.20,6.00
2008.05.21 15:17:45.160,1.9642,1.96435,0.20,6.90
2008.05.21 15:17:47.781,1.9642,1.96435,0.20,5.00
2008.05.21 15:17:47.872,1.9642,1.96435,0.20,4.90
2008.05.21 15:17:47.961,1.9642,1.96435,0.20,3.90
2008.05.21 15:17:52.484,1.9642,1.96435,0.20,4.90
2008.05.21 15:17:52.575,1.9642,1.96435,0.20,3.90
2008.05.21 15:17:53.351,1.9642,1.96435,0.20,4.90
2008.05.21 15:17:53.476,1.9642,1.96435,0.20,3.90
2008.05.21 15:17:54.874,1.9642,1.9643,0.20,1.00
2008.05.21 15:17:55.044,1.9641,1.9643,1.80,1.00
2008.05.21 15:17:55.112,1.9641,1.9643,0.30,1.00
2008.05.21 15:18:01.654,1.9641,1.9643,0.30,1.30
2008.05.21 15:18:03.077,1.9641,1.9643,0.30,1.00
2008.05.21 15:18:33.522,1.96415,1.9643,0.20,1.00
2008.05.21 15:18:51.637,1.9642,1.9643,0.20,1.00
2008.05.21 15:18:51.757,1.96415,1.9643,0.20,1.00
2008.05.21 15:18:52.165,1.9641,1.9643,0.30,1.00
2008.05.21 15:18:52.550,1.9642,1.9643,0.20,1.00
2008.05.21 15:18:52.851,1.96415,1.9643,0.20,1.00
2008.05.21 15:18:53.028,1.9641,1.9643,0.30,1.00
2008.05.21 15:18:53.667,1.9642,1.9643,0.20,1.00
2008.05.21 15:18:53.801,1.96415,1.9643,0.20,1.00
2008.05.21 15:18:54.148,1.9641,1.9643,0.30,1.00
2008.05.21 15:18:54.751,1.96415,1.9643,0.20,1.00
2008.05.21 15:18:59.963,1.96415,1.96425,0.20,1.00
2008.05.21 15:19:00.087,1.96415,1.96425,0.20,3.90
2008.05.21 15:19:00.532,1.96415,1.96435,0.30,12.80
2008.05.21 15:19:00.654,1.9642,1.96435,0.20,6.10
2008.05.21 15:19:00.774,1.96415,1.96435,0.60,3.90
2008.05.21 15:19:01.142,1.96415,1.96435,1.20,3.90
2008.05.21 15:19:01.365,1.9642,1.96435,0.20,3.90
2008.05.21 15:19:04.932,1.9642,1.96435,0.20,3.30
2008.05.21 15:19:05.129,1.9642,1.96435,0.20,1.00
2008.05.21 15:19:06.557,1.9642,1.96435,2.00,1.00
2008.05.21 15:19:07.039,1.96425,1.9644,0.10,0.20
2008.05.21 15:19:07.055,1.96425,1.9644,0.30,0.20
2008.05.21 15:19:07.294,1.96425,1.96445,0.30,6.10
2008.05.21 15:19:07.379,1.96425,1.96445,0.30,4.20
2008.05.21 15:19:07.548,1.9643,1.96445,0.10,3.00
2008.05.21 15:19:07.690,1.9643,1.9645,0.10,1.30
2008.05.21 15:19:09.252,1.9643,1.9645,0.30,1.30
2008.05.21 15:19:09.340,1.9643,1.9645,0.30,1.00
2008.05.21 15:19:09.488,1.96435,1.9645,0.20,1.00
2008.05.21 15:19:09.902,1.96435,1.9645,0.60,1.00
2008.05.21 15:19:10.136,1.96435,1.9645,0.20,1.00
2008.05.21 15:19:11.206,1.9644,1.96455,0.10,3.80
2008.05.21 15:19:11.407,1.9644,1.9646,0.10,1.30
2008.05.21 15:19:11.806,1.9644,1.96455,0.10,2.80
2008.05.21 15:19:12.065,1.9643,1.9645,0.30,1.00
2008.05.21 15:19:12.196,1.96435,1.9645,0.20,1.00
2008.05.21 15:19:12.584,1.96435,1.96455,0.30,9.10
2008.05.21 15:19:12.715,1.96435,1.96455,0.30,8.10
2008.05.21 15:19:12.900,1.96435,1.96455,0.30,5.10
2008.05.21 15:19:13.085,1.9644,1.96455,0.10,3.90
2008.05.21 15:19:13.272,1.9644,1.9646,0.10,1.30
2008.05.21 15:19:14.253,1.9644,1.9646,0.10,1.00
2008.05.21 15:19:16.203,1.96445,1.9646,3.00,1.00
2008.05.21 15:19:16.821,1.96445,1.9646,5.80,1.00
2008.05.21 15:19:17.991,1.96445,1.96465,6.00,5.20
2008.05.21 15:19:19.052,1.96445,1.9646,5.80,1.00
2008.05.21 15:19:19.886,1.96445,1.9646,8.70,1.00
2008.05.21 15:19:20.684,1.96445,1.96455,5.80,3.90
2008.05.21 15:19:20.815,1.9644,1.96455,0.20,3.90
2008.05.21 15:19:20.946,1.9644,1.96455,0.20,4.90
2008.05.21 15:19:21.128,1.9644,1.96455,0.20,2.00
2008.05.21 15:19:21.320,1.9644,1.96455,0.20,2.20
2008.05.21 15:19:23.666,1.9644,1.96455,0.20,1.30
2008.05.21 15:19:25.770,1.96435,1.96455,0.30,1.30
2008.05.21 15:19:27.057,1.96435,1.9645,0.20,1.00
2008.05.21 15:19:27.278,1.9643,1.9645,3.10,1.00
2008.05.21 15:19:27.804,1.96435,1.9645,0.20,1.00
2008.05.21 15:19:28.693,1.9643,1.9645,3.10,1.00
2008.05.21 15:19:30.718,1.9643,1.9645,0.30,1.00
2008.05.21 15:19:31.200,1.9643,1.9645,0.30,1.30
2008.05.21 15:19:32.123,1.9643,1.9644,0.20,1.00
2008.05.21 15:19:32.284,1.96425,1.9644,6.80,1.00
2008.05.21 15:19:32.649,1.96425,1.96445,6.90,1.00
2008.05.21 15:19:34.057,1.9643,1.9645,0.10,1.30
2008.05.21 15:19:36.351,1.96435,1.9645,0.10,0.20
2008.05.21 15:19:38.542,1.96425,1.96445,6.90,1.00
2008.05.21 15:19:38.657,1.96425,1.9644,6.70,0.20
2008.05.21 15:19:38.692,1.96425,1.9644,3.80,0.20
2008.05.21 15:19:38.738,1.96425,1.9644,2.80,0.20
2008.05.21 15:19:38.786,1.96425,1.9644,0.10,0.20
2008.05.21 15:19:39.155,1.96425,1.96435,0.10,2.80
2008.05.21 15:19:39.218,1.96425,1.96435,0.30,2.80
2008.05.21 15:19:39.606,1.96425,1.96435,0.20,3.90
2008.05.21 15:19:39.769,1.96415,1.96435,0.30,5.80
2008.05.21 15:19:40.244,1.96415,1.96435,0.30,6.10
2008.05.21 15:19:42.004,1.96415,1.96435,0.10,6.10
2008.05.21 15:19:45.676,1.96415,1.96435,0.10,4.20
2008.05.21 15:19:46.882,1.96415,1.96435,0.10,3.90
2008.05.21 15:19:48.188,1.96415,1.96435,0.30,3.90
2008.05.21 15:19:51.088,1.9642,1.96435,0.10,2.80
2008.05.21 15:19:51.163,1.9642,1.96435,0.30,2.80
2008.05.21 15:19:51.224,1.9642,1.9644,0.30,1.30
2008.05.21 15:19:51.285,1.9642,1.96435,0.10,0.20
2008.05.21 15:19:52.125,1.96415,1.96435,0.30,1.30
2008.05.21 15:19:52.234,1.96415,1.96435,0.30,4.20
2008.05.21 15:19:52.438,1.96415,1.96435,0.10,4.20
2008.05.21 15:19:53.064,1.96415,1.96435,0.30,4.20
2008.05.21 15:19:54.301,1.96415,1.96435,0.10,4.20
2008.05.21 15:19:59.202,1.9642,1.96435,0.10,3.00
2008.05.21 15:19:59.324,1.9642,1.9643,0.10,0.20
2008.05.21 15:19:59.602,1.96415,1.9643,0.30,0.20
2008.05.21 15:19:59.842,1.96415,1.96435,0.10,5.20
2008.05.21 15:20:00.001,1.96415,1.96435,0.10,7.20
2008.05.21 15:20:00.161,1.9641,1.9643,0.30,1.00
2008.05.21 15:20:00.322,1.9641,1.96425,0.10,2.80
2008.05.21 15:20:00.798,1.9641,1.9643,0.10,1.30
2008.05.21 15:20:01.197,1.9642,1.9643,0.10,0.20
2008.05.21 15:20:01.795,1.9641,1.9643,0.10,1.30
2008.05.21 15:20:01.881,1.9641,1.96425,0.10,2.80
2008.05.21 15:20:01.966,1.9641,1.96425,0.10,3.20
2008.05.21 15:20:02.133,1.96405,1.96425,0.30,4.30
2008.05.21 15:20:02.219,1.96405,1.96425,0.10,1.40
2008.05.21 15:20:02.571,1.96405,1.96425,0.10,1.90
2008.05.21 15:20:02.742,1.96405,1.96425,0.10,4.90
2008.05.21 15:20:02.840,1.96405,1.96425,0.10,5.10
2008.05.21 15:20:03.116,1.96405,1.96425,0.10,5.20
2008.05.21 15:20:03.501,1.96405,1.96425,0.10,7.20
2008.05.21 15:20:04.646,1.96405,1.96425,0.10,7.00
2008.05.21 15:20:04.824,1.96405,1.96425,0.10,5.10
2008.05.21 15:20:05.185,1.96405,1.96425,0.10,5.20
2008.05.21 15:20:05.347,1.96405,1.96425,0.10,7.20
2008.05.21 15:20:05.711,1.96405,1.96425,0.10,7.30
2008.05.21 15:20:05.870,1.96405,1.96425,0.10,5.40
2008.05.21 15:20:06.191,1.96405,1.96425,0.10,7.30
2008.05.21 15:20:06.322,1.96405,1.96425,0.10,6.90
2008.05.21 15:20:06.817,1.96405,1.96425,0.10,5.10
2008.05.21 15:20:06.961,1.96405,1.96425,0.10,5.00
2008.05.21 15:20:07.119,1.96405,1.96425,0.10,4.20
2008.05.21 15:20:07.279,1.96405,1.96425,0.10,1.30
2008.05.21 15:20:07.359,1.96405,1.96425,0.10,1.00
2008.05.21 15:20:08.715,1.9641,1.9643,0.10,1.00
2008.05.21 15:20:09.139,1.96415,1.96435,0.10,11.60
2008.05.21 15:20:09.214,1.96415,1.96435,0.10,10.60
2008.05.21 15:20:09.288,1.96415,1.96435,0.10,1.90
2008.05.21 15:20:09.364,1.96415,1.96435,0.10,6.70
2008.05.21 15:20:09.657,1.9641,1.9643,0.10,1.00
2008.05.21 15:20:17.699,1.9641,1.96425,0.10,2.80
2008.05.21 15:20:17.756,1.96405,1.96425,0.10,3.90
2008.05.21 15:20:17.813,1.96405,1.96425,0.30,4.20
2008.05.21 15:20:19.312,1.96405,1.96425,0.10,4.20
2008.05.21 15:20:23.619,1.9641,1.96425,0.10,3.00
2008.05.21 15:20:23.989,1.9641,1.9642,0.10,0.20
2008.05.21 15:20:24.368,1.9641,1.96425,0.30,0.20
2008.05.21 15:20:25.342,1.9641,1.9642,0.10,0.20
2008.05.21 15:20:25.913,1.9641,1.96425,0.30,0.20
2008.05.21 15:20:30.495,1.9641,1.9643,0.30,1.30
2008.05.21 15:20:32.230,1.96415,1.9643,0.10,0.20
2008.05.21 15:20:32.294,1.96415,1.96435,0.10,12.90
2008.05.21 15:20:32.360,1.96415,1.96435,0.10,11.80
2008.05.21 15:20:32.831,1.96415,1.96435,0.10,14.70
2008.05.21 15:20:34.736,1.9641,1.9643,0.30,1.00
2008.05.21 15:20:34.822,1.9641,1.96425,0.30,2.80
2008.05.21 15:20:34.991,1.9641,1.96425,0.30,3.00
2008.05.21 15:20:35.256,1.9641,1.96425,0.20,4.20
2008.05.21 15:20:35.492,1.96405,1.96425,0.30,4.30
2008.05.21 15:20:35.826,1.9641,1.96425,0.10,3.00
2008.05.21 15:20:35.986,1.9641,1.9643,0.10,1.00
2008.05.21 15:20:37.743,1.96415,1.96435,0.10,11.70
2008.05.21 15:20:37.864,1.96415,1.96435,0.10,11.50
2008.05.21 15:20:37.984,1.96415,1.96435,0.10,7.50
2008.05.21 15:20:38.105,1.96415,1.96435,0.10,6.80
2008.05.21 15:20:38.344,1.96415,1.96435,0.10,5.80
2008.05.21 15:20:38.938,1.96415,1.96435,0.10,1.00
2008.05.21 15:20:39.475,1.96415,1.96435,0.10,5.80
2008.05.21 15:20:40.901,1.96415,1.96435,0.10,1.00
2008.05.21 15:20:43.340,1.96415,1.96435,0.10,3.00
2008.05.21 15:20:43.717,1.96415,1.96435,0.10,5.80
2008.05.21 15:20:43.839,1.96415,1.96435,0.10,3.90
2008.05.21 15:20:43.912,1.96415,1.96435,0.10,1.00
2008.05.21 15:20:45.232,1.9642,1.9644,0.10,1.30
2008.05.21 15:20:45.522,1.9642,1.9644,0.10,1.00
2008.05.21 15:20:46.743,1.96425,1.96445,0.10,13.80
2008.05.21 15:20:46.995,1.96425,1.96445,0.10,5.80
2008.05.21 15:20:47.362,1.96425,1.96445,0.10,3.90
2008.05.21 15:20:47.662,1.96425,1.96445,0.10,1.00
2008.05.21 15:20:47.809,1.96425,1.96445,2.80,1.00
2008.05.21 15:20:48.333,1.9643,1.9645,0.10,1.00
2008.05.21 15:20:49.956,1.96435,1.9645,2.80,1.00
2008.05.21 15:20:53.474,1.9643,1.9645,0.10,1.00
2008.05.21 15:20:55.413,1.96435,1.9645,1.90,1.00
2008.05.21 15:20:56.332,1.96435,1.9645,0.80,1.00
2008.05.21 15:20:57.376,1.9643,1.9645,0.10,1.00
2008.05.21 15:20:58.028,1.9643,1.96445,0.10,0.30
2008.05.21 15:20:58.268,1.96425,1.96445,2.80,1.40
2008.05.21 15:20:58.332,1.96425,1.96445,2.80,5.20
2008.05.21 15:20:58.378,1.96425,1.96445,2.80,5.40
2008.05.21 15:20:58.672,1.96425,1.96445,2.80,9.40
2008.05.21 15:20:58.965,1.96425,1.96445,2.80,11.50
2008.05.21 15:20:59.269,1.96425,1.9644,2.80,0.20
2008.05.21 15:20:59.561,1.96425,1.96435,0.10,2.80
2008.05.21 15:20:59.711,1.9642,1.96435,0.10,2.80
2008.05.21 15:21:00.360,1.9642,1.96435,0.10,3.80
2008.05.21 15:21:01.294,1.9642,1.96435,0.10,0.90
2008.05.21 15:21:01.667,1.9642,1.96435,0.30,0.90
2008.05.21 15:21:01.813,1.96435,1.9644,0.10,0.20
2008.05.21 15:21:02.093,1.96435,1.9644,0.10,0.20
2008.05.21 15:21:03.085,1.96435,1.9645,0.10,0.20
2008.05.21 15:21:03.865,1.96435,1.96455,0.10,8.00
2008.05.21 15:21:05.243,1.9644,1.96455,0.10,6.80
2008.05.21 15:21:05.360,1.9644,1.96455,0.10,3.90
2008.05.21 15:21:12.782,1.96435,1.96455,0.30,5.10
2008.05.21 15:21:12.930,1.96435,1.96455,0.30,9.90
2008.05.21 15:21:13.000,1.96435,1.96455,0.10,9.90
2008.05.21 15:21:13.070,1.96435,1.96455,0.10,8.00
2008.05.21 15:21:14.376,1.9643,1.9645,0.30,1.00
2008.05.21 15:21:14.636,1.9643,1.96445,0.30,2.80
2008.05.21 15:21:14.893,1.9643,1.96445,0.10,2.80
2008.05.21 15:21:18.905,1.9643,1.96445,0.10,3.80
2008.05.21 15:21:18.984,1.9643,1.96445,0.10,3.90
2008.05.21 15:21:21.041,1.9643,1.96445,0.10,0.90
2008.05.21 15:21:21.496,1.9643,1.9645,0.10,1.30
2008.05.21 15:21:28.856,1.96425,1.96445,6.00,1.00
2008.05.21 15:21:29.026,1.96425,1.96445,3.10,4.90
2008.05.21 15:21:36.420,1.96435,1.96445,2.80,3.80
2008.05.21 15:21:36.582,1.96435,1.96445,2.80,0.90
2008.05.21 15:21:36.913,1.96435,1.9645,2.80,1.30
2008.05.21 15:21:39.110,1.96435,1.9645,2.80,1.00
2008.05.21 15:21:41.067,1.9643,1.9645,0.30,1.00
2008.05.21 15:21:52.804,1.96435,1.96455,0.10,8.00
2008.05.21 15:21:52.869,1.96435,1.96455,0.10,5.10
2008.05.21 15:21:52.946,1.96435,1.96455,0.30,5.10
2008.05.21 15:21:53.529,1.96435,1.96455,5.00,5.10
2008.05.21 15:21:59.048,1.96435,1.96455,7.90,2.20
2008.05.21 15:21:59.235,1.96435,1.96455,8.10,2.20
2008.05.21 15:21:59.390,1.9644,1.96455,0.10,1.00
2008.05.21 15:21:59.545,1.9644,1.9646,0.30,1.30
2008.05.21 15:21:59.702,1.9644,1.9646,0.30,1.00
2008.05.21 15:21:59.858,1.96445,1.96465,0.10,11.00
2008.05.21 15:22:00.015,1.96445,1.96465,0.10,6.90
2008.05.21 15:22:00.506,1.9645,1.96465,0.10,2.80
2008.05.21 15:22:01.625,1.9645,1.9647,0.10,1.20
2008.05.21 15:22:02.005,1.9645,1.9647,0.10,1.00
2008.05.21 15:22:02.198,1.9645,1.9647,0.30,1.00
2008.05.21 15:22:07.303,1.9645,1.96465,0.20,1.00
2008.05.21 15:22:17.374,1.9645,1.9647,0.30,1.30
2008.05.21 15:22:17.544,1.9645,1.9647,0.30,1.00
2008.05.21 15:22:18.310,1.96455,1.96475,0.10,5.10
2008.05.21 15:22:18.466,1.96455,1.96475,0.10,2.20
2008.05.21 15:22:18.601,1.96455,1.96475,0.30,2.00
2008.05.21 15:22:18.913,1.96455,1.96475,0.30,1.00
2008.05.21 15:22:19.049,1.96455,1.96475,2.10,1.30
2008.05.21 15:22:19.286,1.96455,1.96475,2.10,2.20
2008.05.21 15:22:19.982,1.96455,1.96475,2.10,1.30
2008.05.21 15:22:20.697,1.96455,1.96475,2.10,2.20
2008.05.21 15:22:23.260,1.96455,1.96475,5.00,2.20
2008.05.21 15:22:23.434,1.96455,1.96475,5.00,1.30
2008.05.21 15:22:23.607,1.96455,1.96475,2.10,1.30
2008.05.21 15:22:28.040,1.96455,1.96475,5.00,1.30
2008.05.21 15:22:29.043,1.96455,1.96475,2.10,1.30
2008.05.21 15:22:30.244,1.96455,1.96475,5.00,1.30
2008.05.21 15:22:30.633,1.96455,1.96475,7.90,1.00
2008.05.21 15:22:31.491,1.9646,1.9648,0.10,1.30
2008.05.21 15:22:32.014,1.96465,1.9648,0.10,0.20
2008.05.21 15:22:32.190,1.96465,1.96485,0.10,8.00
2008.05.21 15:22:32.365,1.96465,1.96485,0.10,5.10
2008.05.21 15:22:32.750,1.96465,1.96485,0.10,1.00
2008.05.21 15:22:35.511,1.96465,1.96485,0.30,1.00
2008.05.21 15:22:35.619,1.96465,1.96485,5.00,1.00
2008.05.21 15:22:35.880,1.96465,1.96485,7.90,1.00
2008.05.21 15:22:35.966,1.9647,1.9649,0.10,1.30
2008.05.21 15:22:38.947,1.96465,1.96485,10.80,1.00
2008.05.21 15:22:40.399,1.96465,1.96485,10.80,1.50
2008.05.21 15:22:40.525,1.96465,1.96485,7.90,4.50
2008.05.21 15:22:40.656,1.96465,1.96485,7.60,4.80
2008.05.21 15:22:40.780,1.96465,1.96485,7.60,5.70
2008.05.21 15:22:40.905,1.96465,1.96485,4.80,5.70
2008.05.21 15:22:41.032,1.96465,1.96485,4.80,6.00
2008.05.21 15:22:41.159,1.96465,1.96485,5.00,6.20
2008.05.21 15:22:41.446,1.96465,1.9647,0.20,1.00
2008.05.21 15:22:41.729,1.9646,1.96475,0.10,3.00
2008.05.21 15:22:42.010,1.9645,1.9647,0.30,1.00
2008.05.21 15:22:42.523,1.9646,1.96475,0.10,3.00
2008.05.21 15:22:42.755,1.9646,1.9648,0.10,1.00
2008.05.21 15:22:45.106,1.96465,1.96485,0.10,4.20
2008.05.21 15:22:45.338,1.96465,1.96485,2.80,1.30
2008.05.21 15:22:45.456,1.96465,1.9648,2.80,1.00
2008.05.21 15:22:45.563,1.9646,1.9648,1.80,1.00
2008.05.21 15:22:45.608,1.9646,1.9648,1.50,1.00
2008.05.21 15:22:45.698,1.9646,1.9648,0.10,1.00
2008.05.21 15:22:48.912,1.96455,1.96475,0.10,1.00
2008.05.21 15:22:53.024,1.96455,1.9648,0.10,1.00
2008.05.21 15:22:56.030,1.96455,1.9648,2.80,1.00
2008.05.21 15:22:56.103,1.96455,1.9648,3.10,1.00
2008.05.21 15:22:56.520,1.96455,1.9648,3.10,1.30
2008.05.21 15:23:00.051,1.96455,1.9648,6.00,1.30
2008.05.21 15:23:00.390,1.9646,1.9648,0.10,0.20
2008.05.21 15:23:07.026,1.96455,1.9648,8.80,1.30
2008.05.21 15:23:07.068,1.96455,1.9648,3.10,1.30
2008.05.21 15:23:07.088,1.96455,1.9648,0.30,1.30
2008.05.21 15:23:07.262,1.96455,1.9648,0.10,1.00
2008.05.21 15:23:09.751,1.96455,1.9648,3.30,1.30
2008.05.21 15:23:10.467,1.96455,1.9648,6.20,1.30
2008.05.21 15:23:12.366,1.96455,1.9648,6.00,1.30
2008.05.21 15:23:14.672,1.96455,1.96475,0.30,5.00
2008.05.21 15:23:14.773,1.96455,1.96475,0.30,2.80
2008.05.21 15:23:15.055,1.96455,1.96475,0.10,2.80
2008.05.21 15:23:15.212,1.96455,1.9648,0.10,1.00
2008.05.21 15:23:15.539,1.9645,1.96475,0.30,1.00
2008.05.21 15:23:15.989,1.9645,1.96475,0.10,1.00
2008.05.21 15:23:16.737,1.96455,1.96475,2.80,0.20
2008.05.21 15:23:17.321,1.96455,1.96475,3.10,0.20
2008.05.21 15:23:18.498,1.96455,1.96475,3.00,1.30
2008.05.21 15:23:18.723,1.96455,1.96475,2.80,1.30
2008.05.21 15:23:18.949,1.96455,1.96475,2.80,2.20
2008.05.21 15:23:19.507,1.96455,1.96475,0.10,3.00
2008.05.21 15:23:19.820,1.96455,1.9648,0.10,1.00
2008.05.21 15:23:25.501,1.9645,1.9647,1.60,1.00
2008.05.21 15:23:25.932,1.9645,1.9647,0.20,1.00
2008.05.21 15:23:29.120,1.9645,1.9647,0.20,1.30
2008.05.21 15:23:36.480,1.9645,1.9647,0.30,0.20
2008.05.21 15:23:36.997,1.96455,1.9647,0.10,0.20
2008.05.21 15:23:37.127,1.96455,1.96475,0.10,3.90
2008.05.21 15:23:37.387,1.96455,1.96475,0.10,0.20
2008.05.21 15:23:51.493,1.9645,1.96475,1.80,1.30
2008.05.21 15:23:51.612,1.9645,1.96475,1.80,4.20
2008.05.21 15:23:51.661,1.9645,1.96475,1.80,4.30
2008.05.21 15:23:51.710,1.9645,1.96475,0.30,4.30
2008.05.21 15:23:51.882,1.96455,1.96475,0.20,4.20
2008.05.21 15:23:56.630,1.9645,1.96475,0.30,4.20
2008.05.21 15:23:56.822,1.9645,1.96475,0.30,4.30
2008.05.21 15:24:01.024,1.9645,1.9647,0.20,1.00
2008.05.21 15:24:01.488,1.9645,1.9647,0.20,1.30
2008.05.21 15:24:04.556,1.9645,1.9647,0.30,0.20
2008.05.21 15:24:04.847,1.9645,1.96475,0.30,4.30
2008.05.21 15:24:05.070,1.96455,1.96475,0.10,3.20
2008.05.21 15:24:05.182,1.96455,1.96475,0.10,3.00
2008.05.21 15:24:05.207,1.96455,1.96475,0.10,0.20
2008.05.21 15:24:34.154,1.96455,1.96475,0.40,0.20
2008.05.21 15:24:34.535,1.96455,1.96475,0.60,0.20
2008.05.21 15:24:34.708,1.96455,1.96475,0.40,0.20
2008.05.21 15:24:35.008,1.96455,1.9648,0.40,1.00
2008.05.21 15:24:36.185,1.96455,1.9648,0.60,1.00
2008.05.21 15:24:36.498,1.96455,1.9648,0.10,1.00
2008.05.21 15:24:36.828,1.96455,1.9648,0.60,1.00
2008.05.21 15:24:38.246,1.96455,1.9648,0.10,1.00
2008.05.21 15:24:38.414,1.96455,1.9648,0.30,1.00
2008.05.21 15:24:38.575,1.96455,1.9648,0.60,1.00
2008.05.21 15:24:38.736,1.96455,1.9648,0.10,1.00
2008.05.21 15:24:51.729,1.96455,1.9648,0.70,1.00
2008.05.21 15:24:54.472,1.96455,1.9648,0.40,1.00
2008.05.21 15:25:01.466,1.9646,1.9648,0.10,1.00
2008.05.21 15:25:06.236,1.96455,1.96475,0.10,1.00
2008.05.21 15:25:10.683,1.9646,1.9648,0.10,1.30
2008.05.21 15:25:13.410,1.9646,1.9648,0.10,1.00
2008.05.21 15:25:13.839,1.96465,1.96485,0.10,13.80
2008.05.21 15:25:14.044,1.96465,1.9648,0.10,0.20
2008.05.21 15:25:15.292,1.9646,1.9648,0.10,1.30
2008.05.21 15:25:19.839,1.9646,1.96475,0.10,2.80
2008.05.21 15:25:20.615,1.9646,1.9648,0.10,2.20
2008.05.21 15:25:20.944,1.9646,1.9648,0.10,1.30
2008.05.21 15:25:21.509,1.9646,1.96475,0.10,0.90
2008.05.21 15:25:21.701,1.9646,1.96475,0.10,3.80
2008.05.21 15:25:21.791,1.9645,1.9647,0.10,1.00
2008.05.21 15:25:21.985,1.9645,1.9647,0.30,1.30
2008.05.21 15:25:26.477,1.9645,1.9647,0.30,1.00
2008.05.21 15:25:27.419,1.96455,1.96475,0.10,6.10
2008.05.21 15:25:27.690,1.96455,1.96475,0.10,4.20
2008.05.21 15:25:31.780,1.96455,1.96475,0.10,4.30
2008.05.21 15:25:33.593,1.96455,1.96475,0.10,4.40
2008.05.21 15:25:34.167,1.96455,1.96475,0.10,4.50
2008.05.21 15:25:34.260,1.96455,1.96475,0.10,4.20
2008.05.21 15:25:38.174,1.96455,1.96475,0.10,4.30
2008.05.21 15:25:38.488,1.96455,1.96475,0.10,4.20
2008.05.21 15:25:39.018,1.96455,1.96475,0.10,4.30
2008.05.21 15:25:39.639,1.96455,1.96475,0.10,4.80
2008.05.21 15:25:41.135,1.96455,1.96475,0.10,4.20
2008.05.21 15:25:41.251,1.96455,1.96475,0.10,4.30
2008.05.21 15:25:42.435,1.96455,1.96475,0.10,4.60
2008.05.21 15:25:43.036,1.96455,1.96475,0.10,4.30
2008.05.21 15:25:43.252,1.96455,1.96475,0.10,4.80
2008.05.21 15:25:43.761,1.96455,1.96475,0.10,5.60
2008.05.21 15:25:44.231,1.96455,1.9647,0.10,0.20
2008.05.21 15:25:54.376,1.9645,1.9647,0.10,1.30
2008.05.21 15:25:54.450,1.9645,1.96465,0.10,2.80
2008.05.21 15:25:54.539,1.9645,1.96465,0.10,0.20
2008.05.21 15:25:54.762,1.96455,1.96465,0.10,0.20
2008.05.21 15:25:54.839,1.96455,1.96465,0.10,3.00
2008.05.21 15:25:55.066,1.96455,1.9647,0.10,0.20
2008.05.21 15:26:05.488,1.96455,1.96475,0.10,1.00
2008.05.21 15:26:07.501,1.96455,1.96475,0.10,4.20
2008.05.21 15:26:09.799,1.96465,1.96475,0.10,3.00
2008.05.21 15:26:09.955,1.96465,1.9648,0.10,0.20
2008.05.21 15:26:10.113,1.96465,1.96475,0.10,0.20
2008.05.21 15:26:10.422,1.96455,1.96475,2.80,1.30
2008.05.21 15:26:10.577,1.96455,1.96475,0.10,1.30
2008.05.21 15:26:10.885,1.96455,1.96475,0.10,1.00
2008.05.21 15:26:11.428,1.96455,1.9647,0.10,0.20
2008.05.21 15:26:11.539,1.96455,1.96475,0.10,4.20
2008.05.21 15:26:11.830,1.96455,1.96475,2.80,4.20
2008.05.21 15:26:11.884,1.96455,1.96475,10.80,4.20
2008.05.21 15:26:11.968,1.96455,1.96475,15.60,1.30
2008.05.21 15:26:12.086,1.96455,1.96475,18.40,1.30
2008.05.21 15:26:12.143,1.96455,1.96475,21.30,1.30
2008.05.21 15:26:12.199,1.96455,1.96475,23.20,1.30
2008.05.21 15:26:12.262,1.96455,1.96475,20.40,1.30
2008.05.21 15:26:12.388,1.9646,1.96475,0.10,0.20
2008.05.21 15:26:12.496,1.9646,1.9648,0.10,1.30
2008.05.21 15:26:13.092,1.9646,1.9648,0.30,1.30
2008.05.21 15:26:15.105,1.96465,1.9648,2.80,1.30
2008.05.21 15:26:15.494,1.9646,1.9648,3.10,1.30
2008.05.21 15:26:15.798,1.9647,1.9648,0.10,0.20
2008.05.21 15:26:15.918,1.96465,1.9648,0.10,0.20
2008.05.21 15:26:16.190,1.96465,1.96485,0.10,1.30
2008.05.21 15:26:16.462,1.96465,1.96485,0.10,1.40
2008.05.21 15:26:17.002,1.9647,1.96485,0.10,0.20
2008.05.21 15:26:17.201,1.9647,1.9648,0.10,0.20
2008.05.21 15:26:24.022,1.9647,1.96485,0.10,3.90
2008.05.21 15:26:24.158,1.9647,1.96485,0.10,0.20
2008.05.21 15:26:27.485,1.9647,1.96485,0.10,3.90
2008.05.21 15:26:27.703,1.9647,1.96485,0.10,3.00
2008.05.21 15:26:29.379,1.9647,1.9648,0.10,0.20
2008.05.21 15:26:30.367,1.96465,1.9648,0.10,0.20
2008.05.21 15:26:30.493,1.9646,1.9648,2.80,1.30
2008.05.21 15:26:30.742,1.9646,1.9648,0.10,1.30
2008.05.21 15:26:30.992,1.9646,1.9648,0.10,1.00
2008.05.21 15:26:34.419,1.96465,1.96485,0.10,9.90
2008.05.21 15:26:34.625,1.96465,1.96485,0.10,9.00
2008.05.21 15:26:34.982,1.96465,1.9648,0.10,0.20
2008.05.21 15:26:35.819,1.9646,1.9648,0.10,1.30
2008.05.21 15:26:36.009,1.9646,1.96475,0.10,0.20
2008.05.21 15:26:36.868,1.96465,1.96475,0.10,0.20
2008.05.21 15:26:36.994,1.96465,1.9648,0.10,0.20
2008.05.21 15:26:37.354,1.9646,1.9648,0.10,1.30
2008.05.21 15:26:37.686,1.9646,1.9648,0.10,1.00
2008.05.21 15:26:37.915,1.96465,1.96485,0.10,10.90
2008.05.21 15:26:38.147,1.96465,1.9648,0.10,0.20
2008.05.21 15:26:41.458,1.9646,1.9648,0.10,1.30
2008.05.21 15:26:41.534,1.9646,1.9648,0.10,1.00
2008.05.21 15:26:43.880,1.96465,1.96485,0.10,10.90
2008.05.21 15:26:44.049,1.96465,1.96485,0.10,9.90
2008.05.21 15:26:44.105,1.96465,1.96485,0.10,8.00
2008.05.21 15:27:02.044,1.96465,1.96485,0.30,8.00
2008.05.21 15:27:02.488,1.96465,1.96485,0.10,8.00
2008.05.21 15:27:06.009,1.9646,1.9648,0.30,1.00
2008.05.21 15:27:06.210,1.9646,1.9648,0.10,1.00
2008.05.21 15:27:09.965,1.96455,1.96475,0.10,1.00
2008.05.21 15:27:10.099,1.96455,1.96475,0.10,3.90
2008.05.21 15:27:10.244,1.96455,1.96475,0.30,4.20
2008.05.21 15:27:10.574,1.96455,1.96475,0.30,9.00
2008.05.21 15:27:10.740,1.96455,1.96475,0.30,9.90
2008.05.21 15:27:11.096,1.96455,1.96475,0.10,9.90
2008.05.21 15:27:11.261,1.96455,1.96475,0.10,8.00
2008.05.21 15:27:11.567,1.96455,1.96475,0.10,9.90
2008.05.21 15:27:12.730,1.96455,1.96475,0.10,8.00
2008.05.21 15:27:14.708,1.96455,1.96475,0.30,7.00
2008.05.21 15:27:14.925,1.96455,1.96475,0.30,4.20
2008.05.21 15:27:15.140,1.96455,1.96475,0.30,9.90
2008.05.21 15:27:15.356,1.96455,1.96475,0.10,9.90
2008.05.21 15:27:19.589,1.96455,1.96475,0.10,8.00
2008.05.21 15:27:24.128,1.96455,1.96475,0.30,8.00
2008.05.21 15:27:25.662,1.96455,1.96475,0.30,7.80
2008.05.21 15:27:25.949,1.96455,1.96475,1.20,7.80
2008.05.21 15:27:26.108,1.96455,1.96475,0.10,7.80
2008.05.21 15:27:26.521,1.96455,1.96475,0.30,7.80
2008.05.21 15:27:26.885,1.9646,1.96475,0.10,6.70
2008.05.21 15:27:27.071,1.9646,1.96475,0.10,5.70
2008.05.21 15:27:27.126,1.9646,1.9648,0.10,1.30
2008.05.21 15:27:27.197,1.9646,1.9648,0.10,1.00
2008.05.21 15:27:28.478,1.9645,1.9647,0.30,1.00
2008.05.21 15:27:28.899,1.96455,1.96475,0.10,17.60
2008.05.21 15:27:29.043,1.96455,1.96475,0.10,12.80
2008.05.21 15:27:29.139,1.96455,1.96475,0.10,6.10
2008.05.21 15:27:29.224,1.96455,1.96475,0.10,9.00
2008.05.21 15:27:29.497,1.9646,1.96475,0.10,6.80
2008.05.21 15:27:29.595,1.9646,1.96475,0.10,6.70
2008.05.21 15:27:29.680,1.9646,1.9648,0.10,1.00
2008.05.21 15:27:38.655,1.96455,1.9648,0.10,1.00
2008.05.21 15:27:39.912,1.9646,1.9648,0.10,1.00
2008.05.21 15:27:51.941,1.9645,1.9647,0.20,1.00
2008.05.21 15:27:52.478,1.96455,1.96475,0.10,14.50
2008.05.21 15:27:52.569,1.9646,1.96475,0.20,13.50
2008.05.21 15:27:52.673,1.9646,1.96475,0.20,0.20
2008.05.21 15:27:52.765,1.96455,1.9648,3.10,2.60
2008.05.21 15:27:52.855,1.96455,1.9648,3.10,1.30
2008.05.21 15:27:53.101,1.9646,1.9648,0.10,1.30
2008.05.21 15:27:53.227,1.9646,1.9648,0.10,1.00
2008.05.21 15:27:57.579,1.96455,1.9648,0.60,1.00
2008.05.21 15:27:57.927,1.96455,1.9648,3.30,1.30
2008.05.21 15:27:58.221,1.9646,1.9648,0.10,1.00
2008.05.21 15:28:09.170,1.96455,1.96475,0.20,4.90
2008.05.21 15:28:09.419,1.96455,1.96475,0.20,3.90
2008.05.21 15:28:09.528,1.96455,1.96475,0.20,7.80
2008.05.21 15:28:09.748,1.96455,1.96475,0.20,8.00
2008.05.21 15:28:10.184,1.9645,1.96475,0.30,8.00
2008.05.21 15:28:10.294,1.9645,1.96475,0.30,9.00
2008.05.21 15:28:10.577,1.9645,1.96475,0.30,8.00
2008.05.21 15:28:10.751,1.9645,1.96475,0.30,9.00
2008.05.21 15:28:11.479,1.96455,1.96475,0.20,9.00
2008.05.21 15:28:12.760,1.9645,1.96475,0.30,9.00
2008.05.21 15:28:13.679,1.9645,1.96475,0.30,8.00
2008.05.21 15:28:14.871,1.9645,1.96475,0.30,9.70
2008.05.21 15:28:15.040,1.9645,1.96465,0.20,1.00
2008.05.21 15:28:17.641,1.9645,1.9647,0.30,0.20
2008.05.21 15:28:17.792,1.9645,1.96475,0.10,2.00
2008.05.21 15:28:17.942,1.9645,1.96475,0.10,1.00
2008.05.21 15:28:18.092,1.96455,1.96475,0.10,1.00
2008.05.21 15:28:18.567,1.96455,1.9648,0.10,1.30
2008.05.21 15:28:20.126,1.9646,1.9648,0.10,1.30
2008.05.21 15:28:20.337,1.9646,1.9648,0.10,1.00
2008.05.21 15:28:20.540,1.96455,1.9648,0.10,1.00
2008.05.21 15:28:21.076,1.9646,1.9648,0.10,1.00
2008.05.21 15:28:23.081,1.9645,1.96475,0.30,1.00
2008.05.21 15:28:23.181,1.9645,1.96475,0.30,3.90
2008.05.21 15:28:23.300,1.96455,1.96475,0.20,4.20
2008.05.21 15:28:23.656,1.9646,1.96475,0.20,3.90
2008.05.21 15:28:23.927,1.96455,1.96475,3.10,3.80
2008.05.21 15:28:24.197,1.96455,1.96475,0.30,5.70
2008.05.21 15:28:24.467,1.96455,1.96475,0.30,3.00
2008.05.21 15:28:24.869,1.96455,1.96475,3.10,0.20
2008.05.21 15:28:25.794,1.96455,1.96475,0.30,3.00
2008.05.21 15:28:26.013,1.96455,1.96475,3.10,0.20
2008.05.21 15:28:33.749,1.96455,1.96475,4.00,0.20
2008.05.21 15:28:35.231,1.96455,1.96475,1.20,3.00
2008.05.21 15:28:35.586,1.96455,1.96475,1.00,4.20
2008.05.21 15:28:35.634,1.96455,1.96475,0.90,4.20
2008.05.21 15:28:35.678,1.96455,1.96475,0.90,5.10
2008.05.21 15:28:35.724,1.9645,1.96475,3.10,5.10
2008.05.21 15:28:35.850,1.9645,1.96475,0.30,9.90
2008.05.21 15:28:36.114,1.9645,1.9647,0.20,1.00
2008.05.21 15:28:36.228,1.96445,1.9647,6.90,1.00
2008.05.21 15:28:36.468,1.96445,1.9647,6.90,1.30
2008.05.21 15:28:40.047,1.96445,1.96465,6.80,1.00
2008.05.21 15:28:40.142,1.96445,1.96465,3.90,1.00
2008.05.21 15:28:40.311,1.96445,1.9646,1.40,0.20
2008.05.21 15:28:40.476,1.96445,1.96465,1.40,4.20
2008.05.21 15:28:40.827,1.96445,1.96465,0.20,4.20
2008.05.21 15:28:43.690,1.96445,1.96465,1.00,4.20
2008.05.21 15:28:44.635,1.96445,1.96465,1.00,5.10
2008.05.21 15:28:44.771,1.9644,1.9646,0.30,2.00
2008.05.21 15:28:47.690,1.9644,1.9646,0.30,0.20
2008.05.21 15:28:47.885,1.96445,1.96465,1.00,8.00
2008.05.21 15:28:48.274,1.96445,1.96465,1.00,7.00
2008.05.21 15:28:48.381,1.96445,1.96465,1.00,4.20
2008.05.21 15:28:48.644,1.96445,1.96465,3.90,1.30
2008.05.21 15:28:48.749,1.96445,1.96465,4.20,1.30
2008.05.21 15:28:49.122,1.9645,1.96465,0.10,0.20
2008.05.21 15:28:49.272,1.9645,1.9647,0.30,0.20
2008.05.21 15:28:50.152,1.9645,1.96475,0.30,8.00
2008.05.21 15:28:53.244,1.9645,1.96475,0.30,9.00
2008.05.21 15:28:54.612,1.96455,1.96475,0.10,7.80
2008.05.21 15:28:54.814,1.96455,1.96475,0.30,6.80
2008.05.21 15:28:55.213,1.96455,1.96475,0.20,8.00
2008.05.21 15:28:55.414,1.9645,1.96475,0.30,8.00
2008.05.21 15:28:55.614,1.9645,1.96475,0.30,9.00
2008.05.21 15:28:58.251,1.9645,1.96475,0.30,8.00
2008.05.21 15:29:01.164,1.9646,1.96475,0.20,8.00
2008.05.21 15:29:01.404,1.96455,1.96475,0.20,8.00
2008.05.21 15:29:01.698,1.96455,1.96475,0.20,7.00
2008.05.21 15:29:01.864,1.96455,1.96475,0.20,4.20
2008.05.21 15:29:02.280,1.96455,1.96475,0.20,6.10
2008.05.21 15:29:03.312,1.96455,1.96475,0.20,4.20
2008.05.21 15:29:03.445,1.96455,1.96475,0.20,5.10
2008.05.21 15:29:03.727,1.96455,1.96475,0.20,4.20
2008.05.21 15:29:05.295,1.96455,1.96475,3.00,1.30
2008.05.21 15:29:06.033,1.96455,1.96475,3.30,1.30
2008.05.21 15:29:06.239,1.96455,1.96475,0.60,4.20
2008.05.21 15:29:06.756,1.96455,1.96475,0.70,4.20
2008.05.21 15:29:07.052,1.9646,1.96475,0.20,3.90
2008.05.21 15:29:07.349,1.9646,1.9648,0.30,1.00
2008.05.21 15:29:07.645,1.96465,1.96485,0.10,13.80
2008.05.21 15:29:07.884,1.96465,1.96485,0.10,11.80
2008.05.21 15:29:08.294,1.96465,1.96485,0.30,11.80
2008.05.21 15:29:12.553,1.96465,1.96485,0.60,11.80
2008.05.21 15:29:12.629,1.96465,1.96485,0.40,11.80
2008.05.21 15:29:12.657,1.96465,1.96485,0.20,11.80
2008.05.21 15:29:13.833,1.9646,1.96485,0.30,13.80
2008.05.21 15:29:14.219,1.9646,1.9648,0.20,1.00
2008.05.21 15:29:14.869,1.9646,1.9648,0.20,1.30
2008.05.21 15:29:17.611,1.9646,1.9648,0.30,1.30
2008.05.21 15:29:17.730,1.9646,1.96475,0.30,2.80
2008.05.21 15:29:18.140,1.9646,1.96475,0.20,2.80
2008.05.21 15:29:18.234,1.9646,1.9648,0.20,1.30
2008.05.21 15:29:18.365,1.9646,1.9648,0.20,1.00
2008.05.21 15:29:19.094,1.9646,1.9648,0.20,1.30
2008.05.21 15:29:19.848,1.9646,1.96475,0.20,2.80
2008.05.21 15:29:24.663,1.96465,1.96475,0.10,2.80
2008.05.21 15:29:24.838,1.96465,1.96485,0.10,15.70
2008.05.21 15:29:24.893,1.96465,1.96485,0.10,9.90
2008.05.21 15:29:24.958,1.96465,1.96485,0.10,9.00
2008.05.21 15:29:25.014,1.96465,1.96485,0.30,9.00
2008.05.21 15:29:28.183,1.96465,1.9648,0.20,1.00
2008.05.21 15:29:28.256,1.96465,1.96475,0.20,2.80
2008.05.21 15:29:28.795,1.96465,1.96485,0.20,14.70
2008.05.21 15:29:28.923,1.96465,1.96485,0.20,12.80
2008.05.21 15:29:29.048,1.96465,1.96485,0.20,11.80
2008.05.21 15:29:29.295,1.9646,1.96485,0.30,11.80
2008.05.21 15:29:29.419,1.9646,1.96485,0.30,13.80
2008.05.21 15:29:29.680,1.96465,1.96485,0.10,13.80
2008.05.21 15:29:29.899,1.96465,1.96485,0.10,11.80
2008.05.21 15:29:30.073,1.96465,1.9649,0.10,14.50
2008.05.21 15:29:30.399,1.96465,1.96485,0.30,11.80
2008.05.21 15:29:31.458,1.96465,1.96485,0.30,9.00
2008.05.21 15:29:31.942,1.96465,1.96485,0.30,11.80
2008.05.21 15:29:33.232,1.96465,1.96485,0.20,11.80
2008.05.21 15:29:33.253,1.96465,1.96485,0.20,10.90
2008.05.21 15:29:33.294,1.96465,1.96485,0.20,8.00
2008.05.21 15:29:33.769,1.96465,1.96485,0.20,9.10
2008.05.21 15:29:33.986,1.9646,1.96485,0.30,10.90
2008.05.21 15:29:34.416,1.96465,1.96485,0.30,9.00
2008.05.21 15:29:36.283,1.96465,1.96485,0.30,11.80
2008.05.21 15:29:36.371,1.96465,1.96485,0.30,9.00
2008.05.21 15:29:37.908,1.96465,1.96485,0.30,11.80
2008.05.21 15:29:42.169,1.96465,1.96485,0.30,10.60
2008.05.21 15:29:42.254,1.9647,1.96485,0.20,7.80
2008.05.21 15:29:42.336,1.96465,1.96485,0.30,7.60
2008.05.21 15:29:42.445,1.96465,1.96485,0.30,6.70
2008.05.21 15:29:42.657,1.96465,1.96485,3.10,3.80
2008.05.21 15:29:42.807,1.96465,1.96485,3.10,2.80
2008.05.21 15:29:42.836,1.96465,1.9649,3.10,1.30
2008.05.21 15:29:42.979,1.96465,1.96485,3.10,0.20
2008.05.21 15:29:42.992,1.96465,1.96485,3.30,0.20
2008.05.21 15:29:43.295,1.96465,1.96485,4.30,0.20
2008.05.21 15:29:43.465,1.96465,1.96485,5.40,0.20
2008.05.21 15:29:43.647,1.96465,1.96485,5.40,1.00
2008.05.21 15:29:43.892,1.9647,1.96485,0.20,1.00
2008.05.21 15:29:44.172,1.9647,1.96485,0.30,1.00
2008.05.21 15:29:44.341,1.9647,1.96495,0.30,13.30
2008.05.21 15:29:44.682,1.9647,1.96495,0.30,12.30
2008.05.21 15:29:47.157,1.96475,1.96495,0.10,11.10
2008.05.21 15:29:47.279,1.96475,1.96495,0.10,8.10
2008.05.21 15:29:47.287,1.96475,1.96495,0.10,7.20
2008.05.21 15:29:47.312,1.96475,1.96495,0.10,6.20
2008.05.21 15:29:47.376,1.96475,1.96495,0.10,3.30
2008.05.21 15:29:50.286,1.9648,1.96495,0.10,3.30
2008.05.21 15:29:51.136,1.96475,1.96495,0.10,3.30
2008.05.21 15:29:55.892,1.96475,1.96495,0.10,2.80
2008.05.21 15:29:56.078,1.96485,1.96495,0.60,2.80
2008.05.21 15:29:56.169,1.96485,1.96495,0.30,2.80
2008.05.21 15:29:56.385,1.96475,1.965,0.10,1.00
2008.05.21 15:29:58.658,1.9648,1.965,0.10,1.00
2008.05.21 15:29:59.187,1.96475,1.965,0.10,1.00
2008.05.21 15:30:03.163,1.9648,1.965,0.10,1.00
2008.05.21 15:30:06.795,1.9648,1.965,0.30,1.00
2008.05.21 15:30:07.198,1.9648,1.96505,0.30,12.80
2008.05.21 15:30:07.378,1.9648,1.96505,0.30,10.90
2008.05.21 15:30:07.449,1.9648,1.96505,0.30,2.20
2008.05.21 15:30:07.518,1.9648,1.96505,0.30,1.30
2008.05.21 15:30:07.589,1.9648,1.96505,0.30,1.00
2008.05.21 15:30:07.744,1.96485,1.9651,0.10,2.20
2008.05.21 15:30:09.068,1.96485,1.9651,4.80,2.20
2008.05.21 15:30:09.884,1.96485,1.9651,1.90,2.20
2008.05.21 15:30:09.950,1.96485,1.96505,1.90,0.90
2008.05.21 15:30:10.017,1.96485,1.96505,4.80,0.90
2008.05.21 15:30:10.276,1.96485,1.96505,4.80,2.00
2008.05.21 15:30:10.468,1.96485,1.96505,4.80,1.00
2008.05.21 15:30:10.605,1.96485,1.96505,4.80,1.00
2008.05.21 15:30:10.711,1.96485,1.9651,4.80,2.20
2008.05.21 15:30:10.775,1.96485,1.9651,4.80,1.30
2008.05.21 15:30:11.048,1.96485,1.9651,4.80,1.00
2008.05.21 15:30:12.903,1.96495,1.9651,0.90,1.00
2008.05.21 15:30:12.962,1.96495,1.9651,2.10,1.00
2008.05.21 15:30:13.171,1.96495,1.9651,3.20,1.00
2008.05.21 15:30:13.303,1.96495,1.96515,3.30,12.60
2008.05.21 15:30:13.404,1.96495,1.96515,1.90,9.70
2008.05.21 15:30:13.504,1.96495,1.96515,1.20,6.80
2008.05.21 15:30:13.604,1.96495,1.96515,1.20,3.90
2008.05.21 15:30:13.854,1.96495,1.96515,1.00,8.00
2008.05.21 15:30:13.954,1.9649,1.96515,0.30,8.00
2008.05.21 15:30:14.152,1.9649,1.96515,0.30,7.80
2008.05.21 15:30:14.410,1.96495,1.96515,0.20,7.80
2008.05.21 15:30:17.243,1.965,1.96515,0.10,6.70
2008.05.21 15:30:17.410,1.965,1.9652,0.10,2.00
2008.05.21 15:30:17.584,1.965,1.9652,0.10,1.00
2008.05.21 15:30:18.107,1.965,1.9652,0.30,1.00
2008.05.21 15:30:18.290,1.965,1.96525,0.30,13.80
2008.05.21 15:30:18.361,1.965,1.96525,0.30,11.80
2008.05.21 15:30:18.874,1.96505,1.96525,0.20,11.80
2008.05.21 15:30:21.741,1.9651,1.96525,0.10,10.60
2008.05.21 15:30:21.800,1.9651,1.96525,0.10,10.50
2008.05.21 15:30:21.851,1.9651,1.96525,0.10,9.60
2008.05.21 15:30:21.891,1.9651,1.96525,0.10,2.80
2008.05.21 15:30:21.948,1.9651,1.9653,0.10,1.00
2008.05.21 15:30:22.314,1.96505,1.9653,5.00,1.00
2008.05.21 15:30:23.451,1.96505,1.9653,4.80,1.00
2008.05.21 15:30:26.284,1.96515,1.9653,0.20,1.00
2008.05.21 15:30:26.490,1.96515,1.9653,0.20,0.90
2008.05.21 15:30:26.512,1.9651,1.9653,0.20,0.90
2008.05.21 15:30:26.810,1.9651,1.96535,0.30,9.80
2008.05.21 15:30:26.938,1.9651,1.96535,0.30,6.90
2008.05.21 15:30:27.618,1.96515,1.96535,0.20,6.90
2008.05.21 15:30:27.912,1.96515,1.96535,0.20,5.00
2008.05.21 15:30:29.261,1.96515,1.9653,0.20,0.90
2008.05.21 15:30:29.407,1.9651,1.9653,0.20,1.20
2008.05.21 15:30:30.349,1.9651,1.96525,0.20,0.90
2008.05.21 15:30:30.774,1.9651,1.96525,0.20,1.90
2008.05.21 15:30:30.916,1.96505,1.96525,4.90,0.90
2008.05.21 15:30:31.056,1.96505,1.96525,2.00,3.80
2008.05.21 15:30:35.041,1.96505,1.96525,2.20,3.80
2008.05.21 15:30:36.438,1.96505,1.96525,2.20,3.90
2008.05.21 15:30:36.761,1.96505,1.96525,2.20,4.00
2008.05.21 15:30:38.334,1.96505,1.96525,5.10,1.20
2008.05.21 15:30:38.453,1.96505,1.96525,2.20,4.00
2008.05.21 15:30:42.571,1.96505,1.96525,2.40,4.00
2008.05.21 15:30:42.664,1.96505,1.96525,3.10,3.90
2008.05.21 15:30:42.859,1.96505,1.96525,3.20,2.80
2008.05.21 15:30:42.886,1.96505,1.96525,3.30,2.80
2008.05.21 15:30:42.992,1.9651,1.96525,0.20,2.80
2008.05.21 15:30:43.782,1.9651,1.9653,0.20,1.30
2008.05.21 15:30:44.036,1.9651,1.96525,0.20,3.80
2008.05.21 15:30:44.877,1.9651,1.96525,0.30,0.90
2008.05.21 15:30:45.034,1.9651,1.96535,0.30,13.80
2008.05.21 15:30:45.188,1.9651,1.96535,0.30,11.80
2008.05.21 15:30:48.917,1.96515,1.96535,0.20,11.80
2008.05.21 15:30:54.602,1.96515,1.96535,0.40,11.80
2008.05.21 15:30:54.880,1.96515,1.96535,0.40,9.00
2008.05.21 15:30:55.282,1.96515,1.96535,0.40,11.80
2008.05.21 15:30:55.752,1.96515,1.96535,0.20,11.80
2008.05.21 15:30:56.466,1.96515,1.96535,0.20,8.00
2008.05.21 15:30:57.028,1.96515,1.96535,0.20,7.80
2008.05.21 15:30:57.515,1.96515,1.96535,0.20,8.70
2008.05.21 15:30:57.903,1.96515,1.96535,0.40,8.70
2008.05.21 15:31:01.496,1.96515,1.96535,0.20,8.70
2008.05.21 15:31:01.861,1.96515,1.96535,0.30,7.60
2008.05.21 15:31:01.986,1.96515,1.96535,0.30,7.80
2008.05.21 15:31:02.585,1.96515,1.96535,0.30,3.90
2008.05.21 15:31:04.487,1.9652,1.96535,0.10,1.00
2008.05.21 15:31:04.622,1.9652,1.96535,0.10,0.90
2008.05.21 15:31:04.762,1.9652,1.9654,0.10,0.20
2008.05.21 15:31:05.573,1.9652,1.96545,0.30,11.80
2008.05.21 15:31:07.909,1.9652,1.96545,0.30,9.00
2008.05.21 15:31:08.382,1.9652,1.9654,0.20,1.00
2008.05.21 15:31:08.605,1.9652,1.9654,0.20,1.30
2008.05.21 15:31:08.812,1.9652,1.9654,0.30,0.20
2008.05.21 15:31:09.045,1.9652,1.96545,0.30,14.70
2008.05.21 15:31:09.150,1.9652,1.96545,0.30,13.80
2008.05.21 15:31:10.490,1.9652,1.96545,0.30,11.80
2008.05.21 15:31:12.414,1.9653,1.96545,0.20,11.80
2008.05.21 15:31:12.440,1.9653,1.96545,0.20,9.00
2008.05.21 15:31:12.545,1.9653,1.96545,0.20,6.10
2008.05.21 15:31:12.603,1.9653,1.96545,0.20,5.10
2008.05.21 15:31:12.643,1.9653,1.96545,0.20,2.20
2008.05.21 15:31:15.157,1.9653,1.96545,0.20,1.30
2008.05.21 15:31:15.354,1.96535,1.96545,0.10,0.20
2008.05.21 15:31:15.539,1.96535,1.96555,0.10,11.60
2008.05.21 15:31:15.633,1.96535,1.96555,0.10,1.00
2008.05.21 15:31:15.946,1.9654,1.9656,0.10,2.40
2008.05.21 15:31:16.051,1.9654,1.9656,0.10,2.00
2008.05.21 15:31:16.754,1.9654,1.9656,0.10,1.00
2008.05.21 15:31:16.976,1.9654,1.96565,0.10,13.50
2008.05.21 15:31:17.088,1.96545,1.96565,0.20,13.50
2008.05.21 15:31:17.199,1.96545,1.96565,0.20,11.60
2008.05.21 15:31:17.420,1.96545,1.96565,0.60,10.50
2008.05.21 15:31:17.532,1.96545,1.96565,1.40,0.90
2008.05.21 15:31:17.643,1.96545,1.9657,1.80,2.20
2008.05.21 15:31:17.904,1.96545,1.9657,5.40,1.00
2008.05.21 15:31:18.180,1.9655,1.96575,0.30,11.80
2008.05.21 15:31:19.141,1.96555,1.96575,0.40,11.60
2008.05.21 15:31:19.287,1.96555,1.96575,0.90,11.60
2008.05.21 15:31:19.577,1.96555,1.96575,0.40,11.60
2008.05.21 15:31:19.966,1.96555,1.96575,0.90,11.60
2008.05.21 15:31:20.132,1.96555,1.96575,0.90,11.60
2008.05.21 15:31:20.297,1.96555,1.96575,2.80,11.60
2008.05.21 15:31:20.637,1.96555,1.96575,1.90,11.60
2008.05.21 15:31:20.985,1.96555,1.96575,0.90,11.60
2008.05.21 15:31:21.509,1.96555,1.96575,0.90,13.50
2008.05.21 15:31:21.684,1.96555,1.96575,0.90,14.50
2008.05.21 15:31:21.859,1.96555,1.9657,0.90,1.00
2008.05.21 15:31:22.905,1.96555,1.96575,0.90,14.50
2008.05.21 15:31:22.981,1.96555,1.96575,0.90,9.90
2008.05.21 15:31:23.058,1.96555,1.96575,0.90,5.10
2008.05.21 15:31:23.135,1.96555,1.96575,0.90,3.90
2008.05.21 15:31:23.269,1.96555,1.96575,0.90,1.00
2008.05.21 15:31:23.419,1.9656,1.9658,0.10,1.00
2008.05.21 15:31:26.868,1.96565,1.96585,0.10,12.40
2008.05.21 15:31:27.027,1.96565,1.96585,0.10,9.60
2008.05.21 15:31:27.091,1.96565,1.9658,0.10,0.20
2008.05.21 15:31:27.413,1.9656,1.9658,0.30,0.20
2008.05.21 15:31:27.666,1.9656,1.96585,0.30,13.50
2008.05.21 15:31:27.738,1.9656,1.96585,0.30,10.60
2008.05.21 15:31:28.005,1.9656,1.96585,0.30,8.70
2008.05.21 15:31:29.083,1.9656,1.9658,0.20,1.00
2008.05.21 15:31:29.169,1.9656,1.9658,0.20,1.30
2008.05.21 15:31:29.370,1.9656,1.96575,0.20,2.80
2008.05.21 15:31:29.536,1.96555,1.96575,1.30,3.00
2008.05.21 15:31:29.676,1.96555,1.96575,1.30,3.80
2008.05.21 15:31:30.427,1.96555,1.9657,1.20,1.00
2008.05.21 15:31:30.649,1.96555,1.96565,0.10,3.60
2008.05.21 15:31:31.089,1.96555,1.9657,0.10,1.30
2008.05.21 15:31:31.311,1.96555,1.9657,0.30,1.00
2008.05.21 15:31:31.402,1.96555,1.96575,0.30,10.50
2008.05.21 15:31:31.639,1.96555,1.96575,0.30,10.60
2008.05.21 15:31:32.350,1.96555,1.9657,0.30,1.00
2008.05.21 15:31:32.409,1.96555,1.9657,0.30,1.30
2008.05.21 15:31:32.547,1.96555,1.96565,0.10,3.60
2008.05.21 15:31:32.666,1.96555,1.96565,0.20,3.60
2008.05.21 15:31:32.950,1.96555,1.96565,0.60,3.60
2008.05.21 15:31:33.092,1.96555,1.96565,0.20,3.60
2008.05.21 15:31:33.523,1.96555,1.96575,0.20,14.50
2008.05.21 15:31:33.593,1.96555,1.96575,0.20,10.60
2008.05.21 15:31:33.673,1.96555,1.96575,0.20,8.70
2008.05.21 15:31:36.371,1.96555,1.9657,0.20,1.00
2008.05.21 15:31:36.470,1.96555,1.96565,0.20,2.80
2008.05.21 15:31:36.612,1.96555,1.96565,0.20,3.60
2008.05.21 15:31:36.750,1.96555,1.96565,0.20,2.80
2008.05.21 15:31:37.072,1.96555,1.96565,0.10,2.80
2008.05.21 15:31:37.719,1.96555,1.96565,0.10,3.60
2008.05.21 15:31:38.534,1.96555,1.96565,0.10,2.80
2008.05.21 15:31:38.660,1.96555,1.96565,0.10,3.60
2008.05.21 15:31:38.886,1.96555,1.96565,0.10,4.80
2008.05.21 15:31:38.988,1.96555,1.96565,0.10,6.70
2008.05.21 15:31:39.121,1.96555,1.96565,0.10,4.80
2008.05.21 15:31:39.299,1.96555,1.96565,0.10,3.90
2008.05.21 15:31:39.425,1.96555,1.9656,0.10,1.00
2008.05.21 15:31:39.550,1.9654,1.9656,0.20,1.30
2008.05.21 15:31:39.609,1.96555,1.9656,0.10,1.30
2008.05.21 15:31:39.815,1.9654,1.96555,0.20,0.60
2008.05.21 15:31:40.011,1.9654,1.96555,0.20,0.70
2008.05.21 15:31:42.398,1.96545,1.96555,0.10,0.70
2008.05.21 15:31:42.570,1.9655,1.9656,0.20,0.20
2008.05.21 15:31:42.740,1.9655,1.96565,0.20,0.60
2008.05.21 15:31:43.038,1.9655,1.96565,0.20,3.40
2008.05.21 15:31:48.074,1.9655,1.96565,0.20,0.60
2008.05.21 15:31:49.308,1.9655,1.96565,0.20,0.70
2008.05.21 15:31:50.466,1.96545,1.96565,3.10,0.70
2008.05.21 15:31:50.672,1.96545,1.96565,3.10,0.90
2008.05.21 15:31:54.950,1.96545,1.96565,2.80,2.00
2008.05.21 15:31:55.045,1.96545,1.96565,2.80,4.90
2008.05.21 15:31:55.133,1.9654,1.96565,3.10,4.90
2008.05.21 15:31:55.487,1.96545,1.96565,0.20,4.90
2008.05.21 15:31:55.558,1.96545,1.96565,0.20,7.80
2008.05.21 15:31:55.716,1.96545,1.96565,0.20,7.60
2008.05.21 15:31:59.251,1.96545,1.96565,0.20,7.80
2008.05.21 15:32:01.471,1.96545,1.96565,0.30,6.70
2008.05.21 15:32:01.506,1.96545,1.96565,0.30,2.80
2008.05.21 15:32:01.545,1.96545,1.9657,0.30,2.20
2008.05.21 15:32:01.580,1.96545,1.9657,0.10,2.00
2008.05.21 15:32:01.724,1.96545,1.9657,0.10,1.00
2008.05.21 15:32:02.424,1.9655,1.96575,0.10,15.10
2008.05.21 15:32:03.208,1.9655,1.9657,0.10,0.20
2008.05.21 15:32:09.173,1.9655,1.96575,0.30,11.80
2008.05.21 15:32:09.569,1.9655,1.96575,0.30,9.00
2008.05.21 15:32:09.710,1.9656,1.96575,0.20,6.10
2008.05.21 15:32:10.266,1.96555,1.96575,3.00,2.20
2008.05.21 15:32:10.771,1.96555,1.96575,3.00,1.30
2008.05.21 15:32:10.950,1.96555,1.96575,4.20,1.30
2008.05.21 15:32:11.263,1.96555,1.96575,4.30,1.30
2008.05.21 15:32:11.370,1.96555,1.96575,5.20,1.30
2008.05.21 15:32:11.476,1.96555,1.96575,4.20,1.30
2008.05.21 15:32:11.581,1.96565,1.96575,0.10,0.20
2008.05.21 15:32:11.801,1.96565,1.9659,0.10,2.60
2008.05.21 15:32:12.022,1.9657,1.9659,0.10,1.30
2008.05.21 15:32:12.256,1.9657,1.9659,0.10,1.00
2008.05.21 15:32:15.000,1.96565,1.9659,0.10,1.00
2008.05.21 15:32:15.292,1.96565,1.9659,0.30,1.00
2008.05.21 15:32:16.033,1.9657,1.9659,0.10,1.00
2008.05.21 15:32:17.057,1.96565,1.9659,0.10,1.00
2008.05.21 15:32:17.894,1.96565,1.9659,0.30,1.00
2008.05.21 15:32:18.203,1.96565,1.9659,0.30,2.40
2008.05.21 15:32:18.264,1.96565,1.9659,0.40,2.40
2008.05.21 15:32:18.718,1.96565,1.96585,0.40,2.80
2008.05.21 15:32:18.827,1.96565,1.96585,0.60,2.80
2008.05.21 15:32:19.088,1.96565,1.96585,0.10,2.80
2008.05.21 15:32:20.465,1.96575,1.96585,0.10,2.80
2008.05.21 15:32:20.550,1.96575,1.9659,0.10,1.20
2008.05.21 15:32:20.638,1.96575,1.9659,0.10,1.40
2008.05.21 15:32:20.806,1.96575,1.9659,0.10,0.20
2008.05.21 15:32:20.991,1.96565,1.96585,9.90,1.00
2008.05.21 15:32:21.132,1.96565,1.96585,9.90,3.90
2008.05.21 15:32:21.271,1.96565,1.96585,0.20,4.90
2008.05.21 15:32:21.815,1.9656,1.96585,0.30,5.10
2008.05.21 15:32:25.013,1.9656,1.9658,0.30,0.20
2008.05.21 15:32:25.088,1.9656,1.9658,0.20,1.30
2008.05.21 15:32:25.182,1.9656,1.96575,0.20,3.80
2008.05.21 15:32:25.480,1.9656,1.96575,0.20,4.90
2008.05.21 15:32:25.931,1.96555,1.96575,0.20,4.20
2008.05.21 15:32:26.383,1.96555,1.96575,0.20,3.90
2008.05.21 15:32:28.550,1.9656,1.96575,0.10,2.80
2008.05.21 15:32:28.649,1.9656,1.96585,0.10,9.70
2008.05.21 15:32:28.698,1.9656,1.96585,0.10,4.90
2008.05.21 15:32:28.758,1.9656,1.96585,0.10,2.00
2008.05.21 15:32:29.058,1.96565,1.96585,0.10,2.00
2008.05.21 15:32:29.724,1.9656,1.96585,0.10,11.60
2008.05.21 15:32:29.882,1.9656,1.96585,0.10,2.00
2008.05.21 15:32:30.550,1.96565,1.96585,0.10,2.00
2008.05.21 15:32:31.146,1.9657,1.96585,0.10,0.90
2008.05.21 15:32:31.296,1.9657,1.9659,0.10,0.20
2008.05.21 15:32:33.780,1.96575,1.9659,0.10,0.20
2008.05.21 15:32:41.096,1.96575,1.96595,0.10,11.80
2008.05.21 15:32:43.018,1.9657,1.9659,0.30,1.00
2008.05.21 15:32:43.202,1.96575,1.96585,0.20,3.80
2008.05.21 15:32:43.502,1.96575,1.96585,0.30,3.80
2008.05.21 15:32:43.681,1.96575,1.96595,0.30,14.50
2008.05.21 15:32:43.772,1.96575,1.96595,0.30,11.60
2008.05.21 15:32:59.169,1.96575,1.96595,0.30,8.70
2008.05.21 15:32:59.454,1.96575,1.96595,0.30,5.80
2008.05.21 15:32:59.493,1.96575,1.96595,0.30,4.90
2008.05.21 15:32:59.883,1.96575,1.96595,0.30,5.10
2008.05.21 15:33:07.249,1.96575,1.96595,3.10,2.20
2008.05.21 15:33:07.627,1.96575,1.96595,3.30,2.20
2008.05.21 15:33:07.742,1.96575,1.96595,0.60,5.10
2008.05.21 15:33:07.856,1.96575,1.96595,0.70,5.10
2008.05.21 15:33:08.046,1.96575,1.96595,3.30,2.20
2008.05.21 15:33:08.227,1.96575,1.96595,3.10,2.20
2008.05.21 15:33:08.407,1.96575,1.96595,0.30,5.10
2008.05.21 15:33:08.968,1.96575,1.96595,3.10,2.20
2008.05.21 15:33:09.179,1.96575,1.9659,3.00,1.00
2008.05.21 15:33:09.286,1.9657,1.96585,0.30,0.90
2008.05.21 15:33:09.923,1.9657,1.96585,0.30,3.80
2008.05.21 15:33:11.151,1.96575,1.96585,0.10,3.80
2008.05.21 15:33:11.206,1.96575,1.96585,0.10,0.90
2008.05.21 15:33:11.263,1.96575,1.96595,0.10,11.80
2008.05.21 15:33:11.322,1.96575,1.96595,0.10,9.00
2008.05.21 15:33:11.376,1.96575,1.96595,0.10,8.00
2008.05.21 15:33:12.117,1.96575,1.96595,0.10,5.10
2008.05.21 15:33:12.425,1.96575,1.96595,0.30,4.90
2008.05.21 15:33:12.721,1.96575,1.96595,0.10,7.80
2008.05.21 15:33:13.311,1.9658,1.966,0.30,1.00
2008.05.21 15:33:13.576,1.96585,1.96605,0.10,9.90
2008.05.21 15:33:13.659,1.96585,1.96605,0.10,8.00
2008.05.21 15:33:15.164,1.96585,1.96605,0.10,5.10
2008.05.21 15:33:15.251,1.96585,1.96605,0.10,4.20
2008.05.21 15:33:15.316,1.96585,1.966,0.10,0.20
2008.05.21 15:33:15.713,1.96585,1.96605,0.10,4.20
2008.05.21 15:33:15.782,1.96585,1.96605,0.10,5.10
2008.05.21 15:33:15.852,1.96585,1.96605,0.10,8.00
2008.05.21 15:33:16.583,1.9658,1.966,0.30,1.00
2008.05.21 15:33:16.698,1.9658,1.966,0.10,1.00
2008.05.21 15:33:24.128,1.96585,1.96605,0.10,10.60
2008.05.21 15:33:24.260,1.96585,1.96605,0.10,11.60
2008.05.21 15:33:24.330,1.96585,1.96605,0.10,11.80
2008.05.21 15:33:24.460,1.96585,1.96605,0.10,9.00
2008.05.21 15:33:24.589,1.96585,1.96605,0.10,8.00
2008.05.21 15:33:24.856,1.96585,1.96605,0.10,4.20
2008.05.21 15:33:24.986,1.96585,1.96605,0.10,8.00
2008.05.21 15:33:25.278,1.96585,1.96605,0.30,8.00
2008.05.21 15:33:27.986,1.96585,1.96605,0.30,5.10
2008.05.21 15:33:28.137,1.96585,1.96605,0.30,2.20
2008.05.21 15:33:28.212,1.96585,1.96605,0.30,1.30
2008.05.21 15:33:28.316,1.96585,1.96605,0.30,4.20
2008.05.21 15:33:29.006,1.96585,1.96605,0.30,8.00
2008.05.21 15:33:29.265,1.96585,1.96605,0.10,8.00
2008.05.21 15:33:29.397,1.96585,1.96605,0.10,5.10
2008.05.21 15:33:29.537,1.96585,1.96605,0.10,4.20
2008.05.21 15:33:29.667,1.96595,1.96605,0.10,3.00
2008.05.21 15:33:32.160,1.96595,1.96605,0.30,3.00
2008.05.21 15:33:32.302,1.96595,1.96605,0.10,2.80
2008.05.21 15:33:32.442,1.96595,1.9661,0.10,0.20
2008.05.21 15:33:32.765,1.96595,1.96605,0.10,2.80
2008.05.21 15:33:33.282,1.96595,1.9661,0.10,0.20
2008.05.21 15:33:33.413,1.96595,1.96605,0.10,0.20
2008.05.21 15:33:33.704,1.96595,1.96605,0.10,3.00
2008.05.21 15:33:34.349,1.96595,1.96615,0.10,1.00
2008.05.21 15:33:34.776,1.966,1.9662,0.10,2.40
2008.05.21 15:33:35.006,1.966,1.9662,0.10,1.00
2008.05.21 15:33:36.145,1.96595,1.96615,0.10,1.00
2008.05.21 15:33:36.265,1.966,1.9662,0.10,1.00
2008.05.21 15:33:37.154,1.96605,1.96625,0.10,13.30
2008.05.21 15:33:37.450,1.96605,1.9662,0.10,0.20
2008.05.21 15:33:38.041,1.96605,1.96615,0.10,3.00
2008.05.21 15:33:38.402,1.966,1.9662,0.10,1.00
2008.05.21 15:33:39.771,1.96605,1.96625,0.10,13.30
2008.05.21 15:33:39.911,1.96605,1.9662,0.10,0.20
2008.05.21 15:33:42.698,1.96605,1.96615,0.10,2.80
2008.05.21 15:33:42.944,1.96605,1.96615,0.10,3.00
2008.05.21 15:33:45.671,1.96605,1.96615,0.10,0.20
2008.05.21 15:33:45.795,1.96605,1.96615,0.10,3.00
2008.05.21 15:33:46.312,1.96605,1.96615,0.10,0.20
2008.05.21 15:33:46.630,1.96605,1.96615,0.10,3.00
2008.05.21 15:33:46.779,1.96605,1.96625,0.10,8.50
2008.05.21 15:33:46.941,1.96605,1.96625,0.10,7.50
2008.05.21 15:33:47.725,1.96605,1.96625,0.10,6.60
2008.05.21 15:33:47.925,1.96605,1.96625,0.10,7.50
2008.05.21 15:33:48.125,1.96605,1.9662,0.10,0.20
2008.05.21 15:33:55.196,1.966,1.9662,0.10,1.30
2008.05.21 15:33:55.260,1.966,1.96615,0.10,0.20
2008.05.21 15:33:58.869,1.966,1.96615,0.30,0.20
2008.05.21 15:33:59.865,1.966,1.96615,0.30,1.00
2008.05.21 15:34:00.413,1.966,1.96615,0.30,0.20
2008.05.21 15:34:02.749,1.966,1.9662,0.30,1.30
2008.05.21 15:34:02.891,1.96605,1.9662,0.10,0.20
2008.05.21 15:34:13.228,1.96595,1.9661,12.60,1.00
2008.05.21 15:34:13.332,1.96595,1.9661,3.00,1.00
2008.05.21 15:34:13.428,1.96595,1.9661,0.20,1.00
2008.05.21 15:34:14.552,1.9659,1.9661,0.30,1.30
2008.05.21 15:34:18.183,1.96595,1.9661,0.10,0.20
2008.05.21 15:34:18.220,1.96595,1.96615,0.10,16.60
2008.05.21 15:34:18.268,1.96595,1.96615,0.10,9.90
2008.05.21 15:34:18.287,1.96595,1.96615,0.10,7.00
2008.05.21 15:34:18.306,1.96595,1.96615,0.10,6.10
2008.05.21 15:34:18.363,1.96595,1.96615,0.10,4.20
2008.05.21 15:34:18.448,1.96595,1.96615,0.30,4.20
2008.05.21 15:34:18.712,1.96605,1.96615,0.10,3.00
2008.05.21 15:34:18.799,1.96605,1.96615,0.10,0.20
2008.05.21 15:34:18.880,1.96605,1.96625,0.10,10.90
2008.05.21 15:34:18.900,1.96605,1.96625,0.10,8.00
2008.05.21 15:34:19.572,1.96605,1.9662,0.10,0.20
2008.05.21 15:34:20.392,1.96605,1.96615,0.10,0.80
2008.05.21 15:34:20.551,1.96605,1.96615,0.10,0.10
2008.05.21 15:34:20.711,1.96595,1.9661,10.60,1.00
2008.05.21 15:34:20.874,1.96595,1.9661,1.00,1.00
2008.05.21 15:34:20.956,1.9659,1.9661,3.10,1.30
2008.05.21 15:34:21.231,1.96595,1.9661,0.10,0.20
2008.05.21 15:34:22.235,1.96595,1.96605,0.10,0.20
2008.05.21 15:34:26.725,1.9659,1.96605,2.80,0.20
2008.05.21 15:34:26.877,1.9659,1.96605,0.10,3.00
2008.05.21 15:34:27.687,1.9659,1.966,0.10,0.20
2008.05.21 15:34:27.724,1.96585,1.966,2.80,0.20
2008.05.21 15:34:27.816,1.96585,1.966,5.70,0.20
2008.05.21 15:34:28.474,1.96585,1.966,2.80,0.20
2008.05.21 15:34:28.696,1.96585,1.966,2.80,1.30
2008.05.21 15:34:28.917,1.96585,1.96605,0.10,8.00
2008.05.21 15:34:29.101,1.96585,1.96605,0.10,9.00
2008.05.21 15:34:29.381,1.96585,1.96605,0.10,6.10
2008.05.21 15:34:29.798,1.9659,1.96605,0.10,3.90
2008.05.21 15:34:29.940,1.9659,1.96605,0.10,6.80
2008.05.21 15:34:30.100,1.9659,1.966,0.10,0.20
2008.05.21 15:34:30.419,1.9658,1.966,0.10,1.00
2008.05.21 15:34:31.788,1.96575,1.96595,5.70,1.00
2008.05.21 15:34:31.954,1.96575,1.96595,2.80,3.90
2008.05.21 15:34:33.277,1.96575,1.96595,2.80,4.20
2008.05.21 15:34:35.468,1.96575,1.9659,2.80,0.20
2008.05.21 15:34:35.888,1.96575,1.96585,0.10,0.20
2008.05.21 15:34:36.619,1.96575,1.9659,0.10,0.20
2008.05.21 15:34:36.883,1.96575,1.96585,0.10,3.00
2008.05.21 15:34:37.402,1.96575,1.96585,0.10,0.20
2008.05.21 15:34:37.578,1.96575,1.9659,0.10,0.20
2008.05.21 15:34:40.386,1.9658,1.9659,0.10,0.20
2008.05.21 15:34:41.214,1.96575,1.9659,3.10,0.20
2008.05.21 15:34:41.517,1.96575,1.9659,2.80,0.20
2008.05.21 15:34:42.024,1.96575,1.96595,2.80,4.20
2008.05.21 15:34:47.311,1.96575,1.96595,3.10,4.20
2008.05.21 15:34:47.481,1.96575,1.96595,2.80,4.20
2008.05.21 15:34:47.821,1.9657,1.9659,4.00,1.00
2008.05.21 15:34:48.344,1.9657,1.9659,3.10,1.30
2008.05.21 15:34:55.473,1.9657,1.96585,3.10,2.80
2008.05.21 15:35:01.365,1.9657,1.96585,2.80,2.80
2008.05.21 15:35:01.449,1.9657,1.9659,2.80,1.30
2008.05.21 15:35:01.605,1.9657,1.96585,2.80,0.20
2008.05.21 15:35:05.786,1.96575,1.96585,0.10,0.20
2008.05.21 15:35:05.994,1.96575,1.96595,0.10,4.20
2008.05.21 15:35:06.834,1.9658,1.96595,0.10,3.00
2008.05.21 15:35:10.850,1.9658,1.96595,2.80,3.00
2008.05.21 15:35:11.266,1.9659,1.96595,0.10,3.00
2008.05.21 15:35:11.412,1.9659,1.96595,0.10,0.20
2008.05.21 15:35:11.605,1.9659,1.966,0.10,0.20
2008.05.21 15:35:11.785,1.96585,1.966,0.10,0.20
2008.05.21 15:35:12.019,1.96585,1.96605,0.10,12.80
2008.05.21 15:35:12.211,1.96585,1.96605,2.80,5.10
2008.05.21 15:35:13.155,1.96585,1.966,2.80,0.20
2008.05.21 15:35:13.296,1.96585,1.966,0.10,0.20
2008.05.21 15:35:13.382,1.9658,1.966,4.00,1.30
2008.05.21 15:35:13.467,1.9658,1.96595,3.80,3.00
2008.05.21 15:35:13.553,1.9658,1.96595,2.80,3.00
2008.05.21 15:35:13.933,1.9658,1.96595,0.10,3.00
2008.05.21 15:35:14.371,1.96575,1.96595,2.80,4.20
2008.05.21 15:35:14.879,1.96575,1.9659,2.80,1.00
2008.05.21 15:35:15.049,1.9657,1.9659,0.90,1.00
2008.05.21 15:35:15.218,1.9657,1.9659,0.10,1.00
2008.05.21 15:35:16.343,1.96575,1.96595,0.10,10.90
2008.05.21 15:35:16.459,1.96575,1.96595,0.10,5.10
2008.05.21 15:35:16.573,1.96575,1.96595,0.10,4.20
2008.05.21 15:35:16.871,1.96585,1.96595,0.10,3.00
2008.05.21 15:35:17.296,1.96575,1.9659,3.80,1.00
2008.05.21 15:35:17.533,1.9657,1.9659,1.50,1.00
2008.05.21 15:35:17.820,1.9657,1.9659,0.10,1.00
2008.05.21 15:35:18.057,1.96565,1.96585,2.80,4.20
2008.05.21 15:35:18.742,1.96565,1.9658,2.80,0.20
2008.05.21 15:35:18.991,1.96565,1.96575,0.10,2.80
2008.05.21 15:35:19.117,1.96565,1.96575,0.10,3.00
2008.05.21 15:35:20.330,1.9656,1.96575,2.80,3.00
2008.05.21 15:35:22.522,1.96555,1.96575,2.80,4.20
2008.05.21 15:35:24.480,1.96555,1.9657,2.80,0.20
2008.05.21 15:35:24.596,1.96555,1.96575,2.80,4.20
2008.05.21 15:35:25.009,1.96555,1.96575,2.80,5.10
2008.05.21 15:35:25.695,1.96555,1.9657,2.80,0.20
2008.05.21 15:35:25.871,1.96565,1.9657,0.10,0.20
2008.05.21 15:35:26.059,1.96565,1.9658,0.10,0.20
2008.05.21 15:35:26.490,1.96565,1.96585,0.10,6.20
2008.05.21 15:35:27.490,1.96565,1.96585,0.10,4.20
2008.05.21 15:35:28.471,1.96565,1.96585,0.10,5.10
2008.05.21 15:35:28.597,1.96565,1.9658,0.10,0.20
2008.05.21 15:35:30.943,1.9656,1.9658,0.90,1.30
2008.05.21 15:35:31.095,1.9656,1.9658,0.10,1.30
2008.05.21 15:35:31.623,1.9656,1.9658,0.10,1.00
2008.05.21 15:35:32.344,1.9657,1.96585,0.10,12.60
2008.05.21 15:35:32.418,1.9657,1.96585,0.10,9.70
2008.05.21 15:35:32.494,1.9657,1.96585,0.10,7.00
2008.05.21 15:35:32.569,1.9657,1.9658,0.10,0.20
2008.05.21 15:35:33.296,1.9656,1.9658,0.30,1.30
2008.05.21 15:35:33.544,1.9656,1.9658,0.10,1.00
2008.05.21 15:35:35.330,1.96565,1.96585,0.10,13.90
2008.05.21 15:35:35.454,1.96565,1.96585,0.10,12.90
2008.05.21 15:35:35.514,1.96565,1.96585,0.10,11.00
2008.05.21 15:35:35.574,1.96565,1.96585,0.10,8.00
2008.05.21 15:35:35.634,1.96565,1.9658,0.10,0.20
2008.05.21 15:35:39.295,1.96565,1.9658,2.80,0.20
2008.05.21 15:35:41.324,1.9657,1.9658,0.10,0.20
2008.05.21 15:35:43.364,1.96565,1.9658,4.00,0.20
2008.05.21 15:35:43.459,1.96565,1.9658,3.80,0.20
2008.05.21 15:35:43.555,1.96565,1.9658,2.80,0.20
2008.05.21 15:35:46.055,1.96565,1.96585,2.80,1.30
2008.05.21 15:35:46.549,1.9657,1.9659,0.10,2.60
2008.05.21 15:35:47.062,1.9657,1.9659,0.10,1.30
2008.05.21 15:35:49.371,1.96565,1.96585,2.80,1.00
2008.05.21 15:35:49.849,1.96565,1.96585,2.80,3.90
2008.05.21 15:35:50.568,1.96565,1.96585,2.80,4.20
2008.05.21 15:35:51.393,1.96565,1.96585,2.80,1.30
2008.05.21 15:35:52.809,1.96565,1.96585,2.80,4.20
2008.05.21 15:35:53.055,1.96575,1.96585,0.10,3.00
2008.05.21 15:35:53.441,1.96575,1.96585,0.10,0.20
2008.05.21 15:35:54.588,1.96575,1.9659,0.10,0.20
2008.05.21 15:35:55.757,1.96575,1.9659,2.80,0.20
2008.05.21 15:35:56.516,1.96575,1.9659,0.10,0.20
2008.05.21 15:35:56.566,1.96575,1.96595,0.10,4.20
2008.05.21 15:35:57.066,1.96575,1.96595,0.10,5.10
2008.05.21 15:35:59.027,1.96575,1.96595,0.10,4.20
2008.05.21 15:36:01.339,1.9658,1.96595,0.10,3.00
2008.05.21 15:36:01.507,1.96575,1.96595,0.10,4.20
2008.05.21 15:36:01.592,1.96575,1.96595,0.10,1.30
2008.05.21 15:36:01.637,1.96575,1.96595,0.10,1.00
2008.05.21 15:36:04.868,1.96575,1.96595,0.10,3.90
2008.05.21 15:36:06.083,1.96575,1.96595,0.10,6.80
2008.05.21 15:36:06.429,1.96575,1.96595,0.10,3.90
2008.05.21 15:36:06.832,1.96575,1.96595,0.10,1.00
2008.05.21 15:36:08.953,1.96585,1.966,0.10,0.20
2008.05.21 15:36:09.262,1.96585,1.96595,0.10,0.20
2008.05.21 15:36:09.443,1.9658,1.96595,0.10,0.20
2008.05.21 15:36:09.536,1.9658,1.966,0.10,1.00
2008.05.21 15:36:14.592,1.9658,1.96595,0.10,3.00
2008.05.21 15:36:15.832,1.9658,1.96595,0.10,2.80
2008.05.21 15:36:16.132,1.96565,1.9658,12.20,1.00
2008.05.21 15:36:16.307,1.96565,1.9658,8.70,1.00
2008.05.21 15:36:16.483,1.96565,1.9658,0.20,1.00
2008.05.21 15:36:17.005,1.9657,1.96585,0.10,13.50
2008.05.21 15:36:17.182,1.9657,1.96585,0.10,1.90
2008.05.21 15:36:17.347,1.9657,1.9659,0.10,2.60
2008.05.21 15:36:17.513,1.96565,1.96585,0.10,1.00
2008.05.21 15:36:17.682,1.96565,1.96585,0.30,3.90
2008.05.21 15:36:18.395,1.96565,1.96585,0.10,4.20
2008.05.21 15:36:18.603,1.96565,1.96585,0.10,3.90
2008.05.21 15:36:18.808,1.96565,1.96585,0.10,1.00
2008.05.21 15:36:19.013,1.96575,1.9659,0.10,1.40
2008.05.21 15:36:19.219,1.96575,1.96585,0.10,0.20
2008.05.21 15:36:19.696,1.96575,1.9659,0.10,0.20
2008.05.21 15:36:19.935,1.9658,1.9659,0.10,0.20
2008.05.21 15:36:20.056,1.96575,1.96595,0.10,3.90
2008.05.21 15:36:20.189,1.96575,1.96595,0.10,1.00
2008.05.21 15:36:20.455,1.9657,1.9659,0.10,1.00
2008.05.21 15:36:20.547,1.9657,1.96585,0.30,2.80
2008.05.21 15:36:20.724,1.9657,1.96585,0.10,2.80
2008.05.21 15:36:21.239,1.9657,1.96585,0.10,3.00
2008.05.21 15:36:23.526,1.96565,1.9658,0.20,1.00
2008.05.21 15:36:23.723,1.9656,1.9658,0.10,1.30
2008.05.21 15:36:24.123,1.9656,1.96575,0.10,0.20
2008.05.21 15:36:25.505,1.96555,1.96575,2.70,0.20
2008.05.21 15:36:25.528,1.96555,1.96575,2.70,0.20
2008.05.21 15:36:26.994,1.96565,1.96575,0.10,0.20
2008.05.21 15:36:27.332,1.96565,1.96585,0.10,13.80
2008.05.21 15:36:27.683,1.9657,1.9659,0.10,2.40
2008.05.21 15:36:28.003,1.96575,1.9659,0.10,1.20
2008.05.21 15:36:28.325,1.96575,1.96595,0.10,1.30
2008.05.21 15:36:28.644,1.96575,1.96595,0.10,1.00
2008.05.21 15:36:29.035,1.9658,1.966,0.10,2.60
2008.05.21 15:36:29.425,1.96585,1.966,0.10,1.40
2008.05.21 15:36:29.763,1.96585,1.96605,0.10,14.70
2008.05.21 15:36:30.053,1.96575,1.9659,6.70,1.00
2008.05.21 15:36:30.198,1.96575,1.9659,0.20,1.00
2008.05.21 15:36:30.631,1.96575,1.9659,0.20,1.30
2008.05.21 15:36:30.745,1.9657,1.9659,0.30,1.30
2008.05.21 15:36:30.974,1.9657,1.9659,0.10,1.30
2008.05.21 15:36:31.089,1.96565,1.96585,0.70,3.90
2008.05.21 15:36:31.205,1.96565,1.96585,0.30,3.90
2008.05.21 15:36:32.226,1.96565,1.96585,0.30,5.10
2008.05.21 15:36:32.504,1.96565,1.9658,0.20,1.00
2008.05.21 15:36:33.281,1.96565,1.9658,0.20,1.30
2008.05.21 15:36:33.520,1.96565,1.9658,0.30,0.20
2008.05.21 15:36:33.640,1.96565,1.96585,3.10,7.00
2008.05.21 15:36:33.759,1.96565,1.96585,3.10,2.20
2008.05.21 15:36:34.431,1.9657,1.96585,0.20,2.20
2008.05.21 15:36:37.915,1.9657,1.96585,0.20,2.40
2008.05.21 15:36:37.963,1.96565,1.9657,2.50,1.00
2008.05.21 15:36:38.095,1.96565,1.9657,2.80,1.00
2008.05.21 15:36:38.137,1.96555,1.9657,1.00,1.00
2008.05.21 15:36:38.340,1.96555,1.9657,0.20,1.00
2008.05.21 15:36:38.512,1.9656,1.96575,0.10,7.80
2008.05.21 15:36:38.593,1.9656,1.96575,0.10,4.90
2008.05.21 15:36:38.670,1.9656,1.96575,0.10,4.80
2008.05.21 15:36:38.714,1.9656,1.9658,0.10,2.40
2008.05.21 15:36:39.199,1.9657,1.9658,0.10,0.20
2008.05.21 15:36:39.511,1.96565,1.96585,3.10,6.20
2008.05.21 15:36:39.822,1.96565,1.96585,0.30,6.20
2008.05.21 15:36:40.503,1.96565,1.9658,0.20,1.00
2008.05.21 15:36:40.627,1.9656,1.9658,0.10,1.00
2008.05.21 15:36:44.102,1.96555,1.96575,0.10,1.00
2008.05.21 15:36:46.457,1.96555,1.96575,1.00,1.00
2008.05.21 15:36:46.551,1.9656,1.9658,0.10,1.30
2008.05.21 15:36:46.789,1.9656,1.9658,0.10,1.00
2008.05.21 15:36:48.825,1.9656,1.96585,0.10,7.00
2008.05.21 15:36:50.673,1.9656,1.96585,0.10,11.30
2008.05.21 15:36:54.139,1.96555,1.96575,0.10,4.20
2008.05.21 15:37:01.488,1.96555,1.96575,0.10,7.00
2008.05.21 15:37:02.761,1.96555,1.96575,0.10,1.00
2008.05.21 15:37:03.028,1.96555,1.9657,0.10,0.20
2008.05.21 15:37:03.154,1.9656,1.9657,0.10,0.20
2008.05.21 15:37:03.279,1.9656,1.96575,0.10,5.80
2008.05.21 15:37:03.404,1.9656,1.96575,0.10,6.80
2008.05.21 15:37:03.530,1.96555,1.96575,0.10,9.00
2008.05.21 15:37:03.655,1.96555,1.96575,0.10,11.80
2008.05.21 15:37:03.781,1.96555,1.96575,0.10,10.90
2008.05.21 15:37:04.652,1.96555,1.96575,0.10,8.00
2008.05.21 15:37:04.791,1.96555,1.96575,0.30,2.00
2008.05.21 15:37:04.926,1.96555,1.96575,0.40,2.00
2008.05.21 15:37:05.060,1.9656,1.96575,0.10,0.90
2008.05.21 15:37:07.645,1.96555,1.9657,0.20,1.00
2008.05.21 15:37:07.875,1.96555,1.96565,0.20,0.90
2008.05.21 15:37:08.021,1.96555,1.96565,0.30,0.90
2008.05.21 15:37:08.202,1.96555,1.96565,0.10,0.90
2008.05.21 15:37:10.119,1.96555,1.96575,0.20,7.00
2008.05.21 15:37:10.815,1.96555,1.96575,0.10,7.00
2008.05.21 15:37:10.947,1.96555,1.96575,0.10,9.90
2008.05.21 15:37:11.071,1.9656,1.96575,0.10,8.70
2008.05.21 15:37:11.197,1.9656,1.9658,0.10,2.40
2008.05.21 15:37:12.158,1.9656,1.9658,0.10,1.00
2008.05.21 15:37:15.047,1.9656,1.9658,0.10,1.30
2008.05.21 15:37:18.004,1.9656,1.9658,0.10,1.00
2008.05.21 15:37:20.112,1.96565,1.96585,0.10,20.60
2008.05.21 15:37:20.310,1.96565,1.9658,0.10,0.20
2008.05.21 15:37:31.011,1.9656,1.9658,0.10,1.30
2008.05.21 15:37:31.282,1.9656,1.9658,0.10,1.00
2008.05.21 15:37:35.071,1.96565,1.96585,0.10,17.70
2008.05.21 15:37:35.324,1.96565,1.9658,0.10,0.20
2008.05.21 15:37:47.132,1.96555,1.96575,12.70,1.00
2008.05.21 15:37:47.166,1.96555,1.96575,10.80,1.00
2008.05.21 15:37:47.201,1.96555,1.96575,7.90,1.00
2008.05.21 15:37:47.356,1.96555,1.96575,0.10,1.00
2008.05.21 15:37:47.819,1.96555,1.96575,0.10,1.30
2008.05.21 15:37:48.282,1.9655,1.9657,0.10,1.00
2008.05.21 15:37:49.335,1.9655,1.9657,0.10,1.30
2008.05.21 15:37:50.091,1.96545,1.96565,0.10,1.00
2008.05.21 15:37:54.140,1.9655,1.9657,0.10,1.30
2008.05.21 15:37:56.255,1.9655,1.9657,0.10,1.00
2008.05.21 15:37:57.229,1.9655,1.9657,0.10,3.90
2008.05.21 15:37:57.589,1.96545,1.96565,0.10,1.00
2008.05.21 15:37:58.483,1.96545,1.96565,0.10,3.90
2008.05.21 15:37:58.613,1.9654,1.9656,0.10,1.00
2008.05.21 15:37:59.170,1.96535,1.96555,0.30,1.00
2008.05.21 15:37:59.581,1.96535,1.96555,0.10,1.00
2008.05.21 15:38:03.467,1.96535,1.96555,0.10,1.30
2008.05.21 15:38:04.004,1.96535,1.96555,0.10,1.40
2008.05.21 15:38:04.140,1.96525,1.96545,6.90,1.00
2008.05.21 15:38:04.275,1.96525,1.96545,0.10,1.00
2008.05.21 15:38:04.735,1.96515,1.96535,6.70,1.30
2008.05.21 15:38:04.927,1.96515,1.96535,0.30,3.90
2008.05.21 15:38:05.116,1.96515,1.96535,0.10,4.20
2008.05.21 15:38:05.495,1.96515,1.9653,0.10,0.20
2008.05.21 15:38:06.232,1.96515,1.96535,0.10,9.90
2008.05.21 15:38:06.417,1.96515,1.96535,0.10,4.20
2008.05.21 15:38:07.608,1.9651,1.9653,0.30,1.00
2008.05.21 15:38:07.964,1.9651,1.96525,0.10,0.20
2008.05.21 15:38:11.172,1.96505,1.96525,5.00,1.30
2008.05.21 15:38:11.336,1.96505,1.96525,2.10,4.20
2008.05.21 15:38:11.481,1.96505,1.96525,1.90,4.20
2008.05.21 15:38:11.801,1.96505,1.9652,1.20,0.20
2008.05.21 15:38:12.110,1.96505,1.9652,2.10,0.20
2008.05.21 15:38:12.267,1.96505,1.96525,1.20,10.60
2008.05.21 15:38:12.553,1.96505,1.96525,1.20,7.60
2008.05.21 15:38:12.840,1.96505,1.9652,0.10,0.20
2008.05.21 15:38:13.126,1.96505,1.9652,0.90,0.20
2008.05.21 15:38:13.413,1.96505,1.96525,0.90,9.00
2008.05.21 15:38:13.711,1.96505,1.96525,0.10,9.00
2008.05.21 15:38:13.848,1.965,1.96515,0.10,0.20
2008.05.21 15:38:15.062,1.965,1.96515,0.10,0.60
2008.05.21 15:38:15.289,1.965,1.96515,0.10,3.30
2008.05.21 15:38:15.400,1.965,1.96515,0.10,3.00
2008.05.21 15:38:15.725,1.96495,1.9651,0.20,1.00
2008.05.21 15:38:16.369,1.96495,1.96505,0.20,1.00
2008.05.21 15:38:16.794,1.96485,1.96505,8.60,3.90
2008.05.21 15:38:17.005,1.96485,1.96505,0.10,4.20
2008.05.21 15:38:17.439,1.96485,1.96505,0.10,1.00
2008.05.21 15:38:18.048,1.96485,1.96505,1.00,1.00
2008.05.21 15:38:18.657,1.9649,1.9651,0.10,1.30
2008.05.21 15:38:18.871,1.9649,1.9651,0.10,1.00
2008.05.21 15:38:19.282,1.96495,1.96515,0.10,11.80
2008.05.21 15:38:19.501,1.96495,1.9651,0.10,0.20
2008.05.21 15:38:19.881,1.965,1.9652,0.10,2.60
2008.05.21 15:38:20.056,1.965,1.9652,0.10,1.30
2008.05.21 15:38:22.750,1.96495,1.96515,0.10,1.00
2008.05.21 15:38:23.196,1.96505,1.9652,0.10,0.20
2008.05.21 15:38:23.431,1.96505,1.96525,0.10,1.30
2008.05.21 15:38:24.845,1.96505,1.96525,0.10,1.00
2008.05.21 15:38:25.279,1.9651,1.9653,0.10,2.60
2008.05.21 15:38:25.425,1.9651,1.9653,0.10,1.00
2008.05.21 15:38:26.716,1.96505,1.9652,0.40,1.00
2008.05.21 15:38:26.888,1.96505,1.9652,0.20,1.00
2008.05.21 15:38:27.122,1.96505,1.96525,0.30,11.60
2008.05.21 15:38:27.268,1.96505,1.96525,0.30,6.80
2008.05.21 15:38:27.399,1.96505,1.96525,0.30,3.90
2008.05.21 15:38:27.876,1.9651,1.96525,0.20,3.90
2008.05.21 15:38:28.395,1.96505,1.96525,0.30,4.90
2008.05.21 15:38:30.742,1.96505,1.96525,0.30,7.80
2008.05.21 15:38:31.440,1.96505,1.96525,0.30,8.70
2008.05.21 15:38:32.024,1.96505,1.96525,0.30,7.80
2008.05.21 15:38:35.282,1.96505,1.96525,0.30,6.80
2008.05.21 15:38:35.392,1.96505,1.96525,0.30,7.80
2008.05.21 15:38:49.190,1.96505,1.9652,0.20,1.00
2008.05.21 15:38:50.242,1.96505,1.96525,0.30,18.60
2008.05.21 15:38:50.450,1.96505,1.96525,0.30,10.90
2008.05.21 15:38:50.557,1.96505,1.96525,0.30,8.90
2008.05.21 15:38:50.785,1.96505,1.96525,0.30,10.60
2008.05.21 15:38:51.835,1.96505,1.96525,0.30,7.80
2008.05.21 15:38:52.047,1.9651,1.96525,0.20,5.10
2008.05.21 15:38:52.455,1.96505,1.96525,0.30,7.80
2008.05.21 15:38:55.856,1.96505,1.96525,0.30,8.70
2008.05.21 15:38:57.270,1.96505,1.96525,0.30,7.80
2008.05.21 15:39:02.028,1.96505,1.96525,0.30,10.60
2008.05.21 15:39:04.265,1.96505,1.96525,0.30,7.80
2008.05.21 15:39:04.442,1.96505,1.96525,0.30,8.70
2008.05.21 15:39:04.741,1.96505,1.9652,0.20,1.00
2008.05.21 15:39:05.254,1.9651,1.96525,0.10,17.40
2008.05.21 15:39:05.285,1.9651,1.96525,0.30,15.40
2008.05.21 15:39:05.377,1.9651,1.96525,0.30,14.50
2008.05.21 15:39:05.457,1.9651,1.96525,0.30,0.20
2008.05.21 15:39:05.536,1.9651,1.9653,0.10,4.20
2008.05.21 15:39:05.996,1.9651,1.9653,0.30,4.20
2008.05.21 15:39:07.233,1.96515,1.9653,0.10,3.00
2008.05.21 15:39:07.354,1.96515,1.9653,0.10,2.80
2008.05.21 15:39:07.577,1.96515,1.96535,0.10,11.80
2008.05.21 15:39:08.011,1.96515,1.96535,0.10,8.00
2008.05.21 15:39:08.353,1.96515,1.96535,0.10,5.10
2008.05.21 15:39:08.903,1.96515,1.96535,0.10,8.00
2008.05.21 15:39:09.099,1.96515,1.96535,0.30,8.00
2008.05.21 15:39:09.294,1.9652,1.96535,0.10,6.80
2008.05.21 15:39:09.491,1.9652,1.96535,0.10,3.90
2008.05.21 15:39:09.703,1.9652,1.96535,0.30,3.90
2008.05.21 15:39:09.915,1.96525,1.96535,0.10,1.00
2008.05.21 15:39:10.104,1.96525,1.96545,0.10,11.80
2008.05.21 15:39:10.307,1.96525,1.96545,0.10,10.90
2008.05.21 15:39:10.519,1.96525,1.96545,0.10,9.00
2008.05.21 15:39:10.720,1.96525,1.96545,0.10,8.00
2008.05.21 15:39:10.921,1.96525,1.96545,0.10,5.10
2008.05.21 15:39:11.320,1.9653,1.96545,0.10,3.90
2008.05.21 15:39:11.535,1.9653,1.9654,0.10,0.20
2008.05.21 15:39:11.980,1.9653,1.9655,0.10,1.00
2008.05.21 15:39:12.281,1.96535,1.96555,0.10,13.80
2008.05.21 15:39:12.427,1.96535,1.96555,0.10,11.80
2008.05.21 15:39:13.117,1.96535,1.96555,0.10,10.90
2008.05.21 15:39:13.833,1.96535,1.96555,2.80,5.10
2008.05.21 15:39:13.935,1.96535,1.96555,2.80,1.30
2008.05.21 15:39:14.273,1.96545,1.96555,0.10,0.20
2008.05.21 15:39:14.359,1.9654,1.96555,0.10,0.20
2008.05.21 15:39:14.558,1.9654,1.9656,0.30,1.00
2008.05.21 15:39:15.840,1.96545,1.96565,0.10,9.00
2008.05.21 15:39:16.350,1.96545,1.96565,0.10,9.00
2008.05.21 15:39:16.522,1.96545,1.96565,0.10,11.80
2008.05.21 15:39:16.934,1.9654,1.9656,0.30,1.00
2008.05.21 15:39:17.414,1.96545,1.96565,0.10,11.80
2008.05.21 15:39:17.656,1.96545,1.96565,0.10,10.90
2008.05.21 15:39:17.825,1.96545,1.96565,0.10,11.80
2008.05.21 15:39:17.995,1.96545,1.96565,0.10,8.00
2008.05.21 15:39:19.496,1.96545,1.96565,0.10,11.80
2008.05.21 15:39:19.674,1.96545,1.96565,0.10,8.00
2008.05.21 15:39:21.329,1.96545,1.96565,0.30,8.00
2008.05.21 15:39:21.469,1.96545,1.96565,3.10,5.10
2008.05.21 15:39:22.033,1.96545,1.96565,3.10,2.20
2008.05.21 15:39:22.203,1.96545,1.96565,3.10,1.30
2008.05.21 15:39:22.374,1.9655,1.96565,0.10,0.20
2008.05.21 15:39:22.880,1.96545,1.96565,0.10,7.80
2008.05.21 15:39:23.326,1.96545,1.96565,0.10,4.90
2008.05.21 15:39:23.446,1.96545,1.96565,0.10,2.00
2008.05.21 15:39:23.566,1.96545,1.96565,0.30,1.00
2008.05.21 15:39:23.804,1.96545,1.96565,0.70,1.00
2008.05.21 15:39:23.938,1.96555,1.9657,0.10,0.20
2008.05.21 15:39:24.059,1.96555,1.96575,0.10,1.30
2008.05.21 15:39:24.249,1.96565,1.96575,0.10,0.20
2008.05.21 15:39:24.440,1.9656,1.96575,0.10,0.20
2008.05.21 15:39:25.899,1.96565,1.96575,0.10,0.20
2008.05.21 15:39:27.347,1.9656,1.96575,0.10,0.20
2008.05.21 15:39:29.554,1.9656,1.9658,0.10,1.00
2008.05.21 15:39:29.920,1.9656,1.9658,0.30,1.00
2008.05.21 15:39:36.488,1.9656,1.9658,0.10,1.30
2008.05.21 15:39:36.881,1.96555,1.96575,0.10,1.00
2008.05.21 15:39:40.832,1.9656,1.9658,0.10,1.00
2008.05.21 15:39:42.795,1.9655,1.9657,0.30,1.00
2008.05.21 15:39:42.911,1.9655,1.96565,0.30,2.80
2008.05.21 15:39:43.223,1.96555,1.96565,0.20,2.80
2008.05.21 15:39:43.613,1.9655,1.96565,0.30,2.80
2008.05.21 15:39:44.017,1.9655,1.96565,0.20,3.90
2008.05.21 15:39:44.213,1.96545,1.96565,0.30,3.90
2008.05.21 15:39:50.178,1.96545,1.96565,0.30,4.20
2008.05.21 15:39:59.572,1.96545,1.96565,0.30,3.90
2008.05.21 15:40:03.339,1.96555,1.96565,0.10,2.80
2008.05.21 15:40:03.474,1.96555,1.9657,0.10,1.00
2008.05.21 15:40:03.610,1.96555,1.9657,0.10,0.90
2008.05.21 15:40:03.745,1.96555,1.96575,0.10,1.00
2008.05.21 15:40:03.892,1.9656,1.9658,0.10,2.60
2008.05.21 15:40:04.576,1.96565,1.96585,0.10,1.30
2008.05.21 15:40:09.826,1.9656,1.9658,0.10,1.00
2008.05.21 15:40:14.864,1.96565,1.96585,0.10,16.60
2008.05.21 15:40:15.084,1.96565,1.96585,0.10,14.70
2008.05.21 15:40:15.625,1.96565,1.9658,0.10,0.20
2008.05.21 15:40:15.791,1.96565,1.96575,0.10,2.80
2008.05.21 15:40:16.119,1.96565,1.9658,0.10,0.20
2008.05.21 15:40:17.033,1.96565,1.9658,0.10,3.00
2008.05.21 15:40:17.339,1.96565,1.9658,0.10,0.20
2008.05.21 15:40:17.419,1.9656,1.9658,0.10,1.30
2008.05.21 15:40:17.514,1.9656,1.9658,0.10,1.00
2008.05.21 15:40:20.429,1.9656,1.9658,0.10,3.90
2008.05.21 15:40:21.973,1.9655,1.9657,0.30,1.00
2008.05.21 15:40:22.184,1.96555,1.9657,0.20,1.00
2008.05.21 15:40:22.588,1.96555,1.9657,0.20,1.30
2008.05.21 15:40:23.925,1.9656,1.9657,0.10,0.20
2008.05.21 15:40:24.002,1.9656,1.96575,0.10,3.80
2008.05.21 15:40:24.089,1.9656,1.9658,0.10,2.40
2008.05.21 15:40:24.237,1.9656,1.9658,0.10,1.00
2008.05.21 15:40:25.406,1.96565,1.96585,0.10,16.60
2008.05.21 15:40:25.480,1.96565,1.96585,0.10,14.70
2008.05.21 15:40:29.420,1.9656,1.9658,0.30,1.00
2008.05.21 15:40:29.486,1.9656,1.9658,0.30,1.30
2008.05.21 15:40:29.552,1.9656,1.96575,0.30,2.80
2008.05.21 15:40:29.837,1.9656,1.96575,0.20,3.90
2008.05.21 15:40:35.441,1.9656,1.96575,0.20,1.00
2008.05.21 15:40:36.365,1.9657,1.9658,0.10,0.20
2008.05.21 15:40:38.467,1.9656,1.9658,0.30,1.30
2008.05.21 15:40:38.632,1.9656,1.9658,0.10,1.00
2008.05.21 15:40:38.898,1.96555,1.96575,0.10,1.00
2008.05.21 15:40:39.999,1.9657,1.9658,0.10,0.20
2008.05.21 15:40:40.405,1.96555,1.96575,17.80,1.00
2008.05.21 15:40:40.505,1.96555,1.96575,11.10,1.00
2008.05.21 15:40:40.605,1.96555,1.96575,1.50,1.00
2008.05.21 15:40:40.656,1.96555,1.96575,0.10,1.00
2008.05.21 15:40:40.934,1.9655,1.9657,1.50,1.00
2008.05.21 15:40:41.178,1.9655,1.9657,0.10,1.00
2008.05.21 15:40:41.537,1.96555,1.96575,0.10,1.30
2008.05.21 15:40:43.002,1.96555,1.96575,0.10,11.00
2008.05.21 15:40:43.113,1.96555,1.96565,0.10,0.30
2008.05.21 15:40:43.420,1.96555,1.96565,0.10,0.60
2008.05.21 15:40:43.529,1.96545,1.9656,3.80,1.00
2008.05.21 15:40:43.641,1.96545,1.9656,1.90,1.00
2008.05.21 15:40:43.753,1.9654,1.96555,0.10,0.70
2008.05.21 15:40:43.971,1.9653,1.9655,0.30,1.00
2008.05.21 15:40:44.192,1.9653,1.9655,0.10,1.00
2008.05.21 15:40:44.304,1.9653,1.9655,0.10,2.40
2008.05.21 15:40:44.944,1.9653,1.96545,0.10,2.80
2008.05.21 15:40:45.255,1.96525,1.96545,0.10,3.90
2008.05.21 15:40:45.571,1.96525,1.96545,0.10,1.00
2008.05.21 15:40:45.955,1.9653,1.9655,0.10,1.30
2008.05.21 15:40:47.540,1.96535,1.9655,1.90,1.30
2008.05.21 15:40:47.809,1.96535,1.9655,1.90,1.00
2008.05.21 15:40:48.082,1.96535,1.9655,0.90,1.00
2008.05.21 15:40:48.485,1.96535,1.96555,0.90,6.10
2008.05.21 15:40:48.627,1.96535,1.96555,0.90,1.30
2008.05.21 15:40:48.766,1.96535,1.96555,0.90,1.00
2008.05.21 15:40:49.450,1.9654,1.9656,0.10,2.60
2008.05.21 15:40:49.591,1.9654,1.9656,0.10,1.00
2008.05.21 15:40:50.258,1.9654,1.9656,0.10,1.30
2008.05.21 15:40:57.457,1.96545,1.96565,0.10,6.10
2008.05.21 15:40:57.686,1.96545,1.96565,0.10,4.20
2008.05.21 15:40:57.957,1.9655,1.96565,0.10,3.00
2008.05.21 15:40:58.187,1.9655,1.96565,0.10,2.80
2008.05.21 15:40:58.449,1.9655,1.9657,0.10,1.30
2008.05.21 15:40:58.714,1.9655,1.9657,0.10,1.00
2008.05.21 15:41:06.598,1.9655,1.9657,0.30,1.00
2008.05.21 15:41:16.054,1.9655,1.96565,0.20,1.00
2008.05.21 15:41:17.188,1.96545,1.96565,6.00,1.00
2008.05.21 15:41:17.628,1.96545,1.96565,3.10,1.00
2008.05.21 15:41:17.823,1.9655,1.96565,0.20,1.30
2008.05.21 15:41:18.253,1.96545,1.96565,0.10,1.30
2008.05.21 15:41:18.656,1.9654,1.9656,0.10,1.00
2008.05.21 15:41:20.597,1.96545,1.96565,0.10,3.20
2008.05.21 15:41:20.753,1.96545,1.96565,2.80,1.30
2008.05.21 15:41:21.186,1.96535,1.96555,1.20,1.00
2008.05.21 15:41:22.460,1.96545,1.9656,0.10,0.20
2008.05.21 15:41:22.569,1.9654,1.9656,0.10,1.30
2008.05.21 15:41:22.801,1.9654,1.9656,0.10,1.00
2008.05.21 15:41:22.985,1.96545,1.96565,0.10,3.20
2008.05.21 15:41:23.181,1.96545,1.96565,2.80,3.20
2008.05.21 15:41:23.388,1.96545,1.96565,2.80,1.30
2008.05.21 15:41:23.583,1.96545,1.96565,2.80,1.00
2008.05.21 15:41:24.904,1.96545,1.96565,2.80,1.40
2008.05.21 15:41:24.991,1.96545,1.9656,2.80,1.00
2008.05.21 15:41:25.117,1.9654,1.9656,0.10,1.00
2008.05.21 15:41:28.840,1.9654,1.96555,0.10,0.20
2008.05.21 15:41:29.071,1.96535,1.96555,0.10,1.30
2008.05.21 15:41:29.277,1.96535,1.96555,0.10,1.60
2008.05.21 15:41:29.687,1.96535,1.96555,0.10,6.60
2008.05.21 15:41:29.893,1.96535,1.96555,0.10,4.60
2008.05.21 15:41:30.113,1.9653,1.9655,0.30,1.00
2008.05.21 15:41:31.210,1.9653,1.9655,0.10,1.00
2008.05.21 15:41:31.524,1.96535,1.96555,0.10,5.80
2008.05.21 15:41:31.674,1.96535,1.96555,0.10,1.00
2008.05.21 15:41:33.641,1.96535,1.96555,2.80,1.00
2008.05.21 15:41:34.050,1.96535,1.96555,0.10,1.00
2008.05.21 15:41:37.048,1.9654,1.9656,0.10,1.30
2008.05.21 15:41:37.329,1.9654,1.9656,0.10,1.00
2008.05.21 15:41:40.538,1.96545,1.96565,0.10,13.50
2008.05.21 15:41:40.719,1.96545,1.96565,0.10,10.60
2008.05.21 15:41:40.984,1.96545,1.96565,0.10,10.90
2008.05.21 15:41:41.249,1.96545,1.96565,0.10,7.00
2008.05.21 15:41:43.082,1.96545,1.96565,0.10,4.20
2008.05.21 15:41:43.342,1.96545,1.96565,3.10,1.30
2008.05.21 15:41:43.588,1.9655,1.9657,0.10,4.20
2008.05.21 15:41:43.835,1.9655,1.9657,0.10,1.30
2008.05.21 15:41:43.977,1.96555,1.9657,0.10,0.20
2008.05.21 15:41:44.256,1.96555,1.96575,0.10,7.00
2008.05.21 15:41:44.590,1.96555,1.96575,0.10,4.20
2008.05.21 15:41:44.732,1.96555,1.96575,2.80,1.30
2008.05.21 15:41:45.230,1.96555,1.96575,0.10,4.20
2008.05.21 15:41:48.467,1.96555,1.96575,0.10,7.00
2008.05.21 15:41:48.648,1.96555,1.96575,0.10,8.00
2008.05.21 15:41:48.829,1.96555,1.96575,0.10,5.10
2008.05.21 15:41:49.185,1.96555,1.96575,3.10,1.30
2008.05.21 15:41:49.360,1.96555,1.96575,3.10,2.20
2008.05.21 15:41:49.535,1.96555,1.96575,4.30,1.30
2008.05.21 15:41:49.711,1.96565,1.96575,0.10,0.20
2008.05.21 15:41:49.888,1.96565,1.96585,0.10,8.00
2008.05.21 15:41:50.307,1.9657,1.96585,0.10,3.80
2008.05.21 15:41:50.564,1.96575,1.9659,0.10,0.20
2008.05.21 15:41:51.252,1.96575,1.96595,0.10,5.10
2008.05.21 15:41:51.652,1.9658,1.96595,0.10,3.90
2008.05.21 15:41:51.854,1.9658,1.96595,0.10,0.90
2008.05.21 15:41:52.208,1.96575,1.96595,0.30,1.30
2008.05.21 15:41:52.364,1.96575,1.96595,0.30,2.20
2008.05.21 15:41:52.519,1.96575,1.96595,0.30,5.10
2008.05.21 15:41:53.521,1.96575,1.96595,0.30,8.00
2008.05.21 15:41:53.879,1.96575,1.96595,0.30,5.10
2008.05.21 15:41:54.367,1.96575,1.96595,0.10,5.10
2008.05.21 15:41:54.800,1.96575,1.96595,0.10,5.20
2008.05.21 15:41:55.399,1.96575,1.96595,0.10,5.10
2008.05.21 15:41:56.079,1.96575,1.96595,0.10,8.00
2008.05.21 15:41:56.713,1.96575,1.96595,0.10,8.10
2008.05.21 15:41:57.119,1.96575,1.96595,0.10,8.00
2008.05.21 15:42:00.363,1.96575,1.96595,0.10,5.10
2008.05.21 15:42:00.589,1.96575,1.96595,0.10,1.30
2008.05.21 15:42:00.815,1.96575,1.96595,0.10,2.20
2008.05.21 15:42:01.000,1.96575,1.96595,0.10,5.10
2008.05.21 15:42:01.676,1.9657,1.96575,0.30,0.20
2008.05.21 15:42:02.593,1.96565,1.96575,9.80,0.20
2008.05.21 15:42:02.776,1.9656,1.96575,1.50,3.10
2008.05.21 15:42:03.021,1.9656,1.96575,0.10,3.10
2008.05.21 15:42:03.261,1.96555,1.96575,2.80,1.30
2008.05.21 15:42:03.731,1.9656,1.96575,0.10,0.40
2008.05.21 15:42:03.999,1.9656,1.96575,0.10,0.20
2008.05.21 15:42:08.208,1.9656,1.96575,0.10,0.40
2008.05.21 15:42:08.318,1.9656,1.96575,0.10,0.60
2008.05.21 15:42:08.494,1.9656,1.96575,0.10,0.70
2008.05.21 15:42:08.637,1.96555,1.96575,2.80,1.90
2008.05.21 15:42:08.692,1.96555,1.96575,2.80,2.10
2008.05.21 15:42:08.747,1.96555,1.96575,0.10,2.50
2008.05.21 15:42:08.811,1.96555,1.96575,0.10,5.40
2008.05.21 15:42:08.866,1.96555,1.96575,0.10,6.30
2008.05.21 15:42:09.095,1.9656,1.96575,0.10,5.10
2008.05.21 15:42:09.231,1.9656,1.96575,0.10,6.00
2008.05.21 15:42:09.500,1.9656,1.96575,0.10,6.20
2008.05.21 15:42:09.770,1.9656,1.96575,0.10,2.40
2008.05.21 15:42:10.231,1.96555,1.96575,0.10,7.60
2008.05.21 15:42:12.697,1.96555,1.9657,0.10,0.20
2008.05.21 15:42:13.352,1.96555,1.96565,0.10,0.20
2008.05.21 15:42:13.594,1.96555,1.9657,0.10,0.20
2008.05.21 15:42:14.309,1.96555,1.96575,0.10,5.20
2008.05.21 15:42:14.789,1.96555,1.96575,2.80,1.30
2008.05.21 15:42:15.029,1.96555,1.96575,2.80,1.00
2008.05.21 15:42:15.271,1.9656,1.9658,0.10,4.20
2008.05.21 15:42:15.403,1.9656,1.96575,0.10,1.20
2008.05.21 15:42:15.532,1.9656,1.9658,0.10,4.20
2008.05.21 15:42:15.663,1.96555,1.96565,0.10,0.20
2008.05.21 15:42:15.794,1.96555,1.96565,0.10,0.70
2008.05.21 15:42:15.925,1.96555,1.96565,0.10,0.60
2008.05.21 15:42:16.196,1.9655,1.96565,0.30,0.60
2008.05.21 15:42:16.326,1.9655,1.96565,0.30,0.70
2008.05.21 15:42:16.663,1.96545,1.96565,0.30,4.40
2008.05.21 15:42:16.998,1.96545,1.96565,0.10,8.60
2008.05.21 15:42:17.811,1.96545,1.96565,0.10,8.70
2008.05.21 15:42:18.222,1.96545,1.96565,0.10,8.80
2008.05.21 15:42:18.423,1.96545,1.96565,0.10,8.40
2008.05.21 15:42:18.668,1.96545,1.96565,0.10,8.60
2008.05.21 15:42:18.915,1.96545,1.96565,0.10,8.40
2008.05.21 15:42:19.160,1.9654,1.9656,0.30,1.00
2008.05.21 15:42:22.121,1.96545,1.96565,0.10,14.70
2008.05.21 15:42:22.250,1.96545,1.96565,0.10,12.80
2008.05.21 15:42:22.310,1.96545,1.96565,0.10,11.80
2008.05.21 15:42:24.287,1.96545,1.96565,0.10,12.80
2008.05.21 15:42:24.497,1.96545,1.96565,0.10,11.80
2008.05.21 15:42:24.605,1.9654,1.9656,0.10,1.00
2008.05.21 15:42:27.957,1.96545,1.9656,0.20,1.00
2008.05.21 15:42:28.156,1.96555,1.96565,0.10,12.40
2008.05.21 15:42:28.511,1.96555,1.96565,0.10,4.80
2008.05.21 15:42:28.848,1.96565,1.96585,0.10,8.70
2008.05.21 15:42:29.186,1.96575,1.96585,0.10,2.80
2008.05.21 15:42:29.355,1.96575,1.9659,0.10,1.40
2008.05.21 15:42:29.521,1.96575,1.9659,0.10,1.20
2008.05.21 15:42:29.688,1.9658,1.9659,0.10,1.20
2008.05.21 15:42:29.853,1.9658,1.96595,0.10,3.00
2008.05.21 15:42:30.196,1.96575,1.96595,0.10,4.20
2008.05.21 15:42:30.539,1.96575,1.96595,0.10,3.90
2008.05.21 15:42:30.878,1.9657,1.9659,0.10,1.00
2008.05.21 15:42:32.607,1.96575,1.96595,0.10,13.60
2008.05.21 15:42:32.749,1.96575,1.96595,0.10,7.20
2008.05.21 15:42:32.885,1.96575,1.96595,0.10,6.40
2008.05.21 15:42:33.155,1.96575,1.96595,0.10,6.70
2008.05.21 15:42:33.291,1.96575,1.96595,0.10,7.40
2008.05.21 15:42:33.466,1.96575,1.96595,0.10,10.30
2008.05.21 15:42:33.706,1.96575,1.96595,0.10,8.80
2008.05.21 15:42:33.881,1.96575,1.96595,0.10,9.80
2008.05.21 15:42:34.056,1.96575,1.96595,0.10,9.70
2008.05.21 15:42:34.243,1.9657,1.9659,0.10,1.00
2008.05.21 15:42:35.635,1.96575,1.96595,0.10,3.00
2008.05.21 15:42:35.642,1.96575,1.966,0.10,5.20
2008.05.21 15:42:35.810,1.96575,1.966,0.10,3.50
2008.05.21 15:42:41.187,1.96575,1.966,0.10,2.70
2008.05.21 15:42:41.467,1.96575,1.966,0.10,3.50
2008.05.21 15:42:42.137,1.96585,1.966,0.10,1.40
2008.05.21 15:42:42.737,1.96585,1.96595,0.10,2.70
2008.05.21 15:42:42.950,1.96585,1.966,0.10,7.00
2008.05.21 15:42:46.749,1.96585,1.966,0.10,4.10
2008.05.21 15:42:46.855,1.96585,1.96605,0.10,12.50
2008.05.21 15:42:49.808,1.96585,1.966,0.10,6.90
2008.05.21 15:42:50.215,1.96585,1.966,0.10,3.00
2008.05.21 15:42:50.360,1.96585,1.96605,0.10,12.70
2008.05.21 15:42:51.203,1.96575,1.9659,6.80,1.90
2008.05.21 15:42:51.340,1.96575,1.9659,1.90,2.10
2008.05.21 15:42:51.478,1.96565,1.9659,1.30,5.00
2008.05.21 15:42:51.747,1.9657,1.9659,0.10,5.00
2008.05.21 15:42:51.882,1.9657,1.96595,0.10,16.50
2008.05.21 15:42:52.016,1.9657,1.9659,0.10,1.30
2008.05.21 15:42:52.222,1.96565,1.9659,1.30,5.30
2008.05.21 15:42:52.429,1.96565,1.9659,1.00,6.40
2008.05.21 15:42:53.215,1.96565,1.96585,0.90,4.50
2008.05.21 15:42:53.284,1.96565,1.9658,0.10,1.30
2008.05.21 15:42:53.392,1.9656,1.9658,0.10,1.30
2008.05.21 15:42:53.827,1.9656,1.96575,0.10,0.40
2008.05.21 15:42:56.624,1.96555,1.96575,6.00,1.30
2008.05.21 15:42:56.783,1.96555,1.96575,3.10,3.70
2008.05.21 15:42:56.836,1.96555,1.96575,0.30,6.90
2008.05.21 15:42:56.886,1.96555,1.9658,0.10,12.30
2008.05.21 15:42:57.297,1.96555,1.9658,0.10,9.40
2008.05.21 15:42:57.348,1.96555,1.9658,0.10,7.70
2008.05.21 15:42:59.649,1.9655,1.96575,0.30,4.50
2008.05.21 15:42:59.869,1.9655,1.96575,0.30,9.60
2008.05.21 15:43:00.186,1.96555,1.96575,0.10,8.50
2008.05.21 15:43:00.287,1.96555,1.9658,0.10,13.40
2008.05.21 15:43:00.387,1.96555,1.9658,0.10,10.50
2008.05.21 15:43:00.487,1.96555,1.9658,0.10,7.70
2008.05.21 15:43:00.757,1.96555,1.9658,0.10,8.60
2008.05.21 15:43:01.041,1.9655,1.96575,0.40,5.10
2008.05.21 15:43:01.365,1.96555,1.9658,0.10,8.60
2008.05.21 15:43:02.734,1.9655,1.9657,0.30,1.00
2008.05.21 15:43:03.683,1.96555,1.96575,0.10,5.10
2008.05.21 15:43:05.032,1.96555,1.96575,0.10,4.20
2008.05.21 15:43:05.690,1.9655,1.9657,0.30,1.00
2008.05.21 15:43:06.363,1.9655,1.96565,0.20,1.00
2008.05.21 15:43:07.201,1.9655,1.9657,0.30,1.30
2008.05.21 15:43:07.420,1.9655,1.9657,0.30,1.00
2008.05.21 15:43:17.308,1.9655,1.96565,0.20,1.00
2008.05.21 15:43:17.723,1.9655,1.9657,0.30,1.30
2008.05.21 15:43:19.733,1.9655,1.96575,0.30,10.30
2008.05.21 15:43:21.200,1.96555,1.9657,0.10,0.20
2008.05.21 15:43:21.740,1.9655,1.9657,0.30,1.30
2008.05.21 15:43:39.229,1.9655,1.96565,0.20,1.00
2008.05.21 15:43:39.534,1.9655,1.96565,0.20,3.90
2008.05.21 15:43:41.266,1.9655,1.96565,0.20,1.00
2008.05.21 15:43:43.067,1.9655,1.96565,0.20,3.90
2008.05.21 15:43:44.557,1.9655,1.96565,0.20,1.00
2008.05.21 15:43:47.879,1.96545,1.96565,0.30,1.30
2008.05.21 15:43:49.292,1.96555,1.96565,0.10,0.20
2008.05.21 15:43:50.970,1.96555,1.9657,0.10,0.20
2008.05.21 15:43:53.230,1.9655,1.9657,0.10,1.30
2008.05.21 15:43:53.465,1.9655,1.96565,0.10,2.80
2008.05.21 15:43:53.748,1.9654,1.9656,2.80,1.00
2008.05.21 15:43:53.814,1.9654,1.9656,0.10,1.00
2008.05.21 15:43:53.879,1.96545,1.9656,0.20,1.00
2008.05.21 15:43:54.280,1.9655,1.96565,0.10,10.60
2008.05.21 15:43:54.409,1.96545,1.96565,0.10,6.10
2008.05.21 15:43:54.473,1.96545,1.96565,0.10,4.20
2008.05.21 15:43:54.538,1.96545,1.96565,0.10,3.90
2008.05.21 15:43:56.519,1.96545,1.96565,0.10,4.20
2008.05.21 15:43:56.892,1.96545,1.96565,0.10,7.00
2008.05.21 15:43:56.937,1.96545,1.96565,0.10,8.00
2008.05.21 15:43:58.201,1.96545,1.96565,0.10,9.00
2008.05.21 15:43:58.505,1.96545,1.96565,0.10,8.00
2008.05.21 15:44:00.063,1.96545,1.96565,0.10,8.10
2008.05.21 15:44:01.200,1.96545,1.96565,0.10,8.00
2008.05.21 15:44:05.264,1.9655,1.96565,0.10,6.80
2008.05.21 15:44:05.481,1.9655,1.96565,0.10,3.90
2008.05.21 15:44:05.874,1.96555,1.96565,0.10,3.90
2008.05.21 15:44:06.007,1.96555,1.96575,0.10,6.80
2008.05.21 15:44:06.137,1.96555,1.96575,0.10,3.90
2008.05.21 15:44:06.563,1.96555,1.96575,0.10,4.20
2008.05.21 15:44:06.925,1.9656,1.96575,0.10,3.00
2008.05.21 15:44:07.365,1.9656,1.96575,0.10,2.80
2008.05.21 15:44:09.991,1.9656,1.96575,0.30,2.80
2008.05.21 15:44:10.071,1.9656,1.9658,0.30,1.30
2008.05.21 15:44:10.418,1.9656,1.9657,0.20,1.00
2008.05.21 15:44:10.775,1.9656,1.96575,0.20,7.00
2008.05.21 15:44:11.158,1.9656,1.96575,0.20,5.10
2008.05.21 15:44:11.768,1.9656,1.96575,0.20,4.20
2008.05.21 15:44:12.074,1.9656,1.96575,0.20,1.30
2008.05.21 15:44:12.430,1.96555,1.96575,2.10,1.00
2008.05.21 15:44:12.829,1.9656,1.9658,0.10,1.30
2008.05.21 15:44:12.937,1.9656,1.9658,0.30,1.30
2008.05.21 15:44:13.524,1.9656,1.9658,0.30,1.00
2008.05.21 15:44:14.785,1.9657,1.96585,0.10,15.40
2008.05.21 15:44:14.911,1.96565,1.96585,0.10,10.90
2008.05.21 15:44:15.037,1.96565,1.96585,0.10,3.90
2008.05.21 15:44:20.789,1.9657,1.96585,0.10,2.80
2008.05.21 15:44:33.991,1.96575,1.96595,0.10,5.10
2008.05.21 15:44:34.141,1.96575,1.96595,0.10,4.20
2008.05.21 15:44:34.293,1.9657,1.9659,0.10,1.00
2008.05.21 15:44:34.591,1.9657,1.96585,0.10,2.80
2008.05.21 15:44:37.292,1.96575,1.96585,0.10,2.80
2008.05.21 15:44:37.527,1.96575,1.96595,0.10,5.80
2008.05.21 15:44:37.579,1.96575,1.96595,0.10,3.90
2008.05.21 15:44:38.915,1.96575,1.96595,0.10,5.80
2008.05.21 15:44:39.000,1.9657,1.96585,0.10,2.80
2008.05.21 15:44:42.810,1.96575,1.96585,0.10,2.80
2008.05.21 15:44:43.004,1.96575,1.96595,0.10,6.10
2008.05.21 15:44:43.035,1.96575,1.96595,0.10,4.20
2008.05.21 15:44:45.077,1.96575,1.96595,0.10,3.90
2008.05.21 15:44:54.602,1.96575,1.96595,0.10,1.30
2008.05.21 15:44:57.939,1.9657,1.9659,1.20,1.00
2008.05.21 15:44:57.957,1.9657,1.9659,1.20,1.30
2008.05.21 15:44:58.169,1.96575,1.9659,0.20,1.30
2008.05.21 15:44:59.829,1.96575,1.96585,0.20,1.00
2008.05.21 15:45:00.000,1.96575,1.96585,0.20,3.90
2008.05.21 15:45:00.079,1.96575,1.96585,0.20,4.90
2008.05.21 15:45:00.379,1.9657,1.96585,0.20,4.90
2008.05.21 15:45:00.949,1.96565,1.9658,0.20,1.00
2008.05.21 15:45:01.425,1.96565,1.96575,0.20,1.00
2008.05.21 15:45:01.616,1.9656,1.96575,0.20,1.00
2008.05.21 15:45:02.007,1.96555,1.96575,6.90,3.90
2008.05.21 15:45:02.186,1.96555,1.96575,0.30,3.90
2008.05.21 15:45:02.491,1.9656,1.96575,0.10,2.80
2008.05.21 15:45:03.933,1.96555,1.96575,0.10,3.90
2008.05.21 15:45:05.976,1.96555,1.96575,1.90,3.90
2008.05.21 15:45:05.995,1.9656,1.96575,0.10,2.80
2008.05.21 15:45:06.066,1.9656,1.9658,0.10,1.30
2008.05.21 15:45:06.101,1.9656,1.9658,0.10,1.00
2008.05.21 15:45:06.170,1.9656,1.96575,0.10,2.80
2008.05.21 15:45:07.638,1.96565,1.96585,0.10,4.20
2008.05.21 15:45:09.160,1.96565,1.96585,0.10,3.90
2008.05.21 15:45:09.948,1.9657,1.96585,0.10,2.80
2008.05.21 15:45:16.490,1.9657,1.9659,0.10,1.00
2008.05.21 15:45:16.792,1.9657,1.9659,0.10,1.30
2008.05.21 15:45:17.094,1.9657,1.9659,0.10,1.00
2008.05.21 15:45:17.395,1.9657,1.96585,0.10,2.80
2008.05.21 15:45:20.998,1.9657,1.96585,0.30,2.80
2008.05.21 15:45:21.058,1.9657,1.9659,0.30,1.00
2008.05.21 15:45:21.261,1.9657,1.9659,0.10,1.00
2008.05.21 15:45:21.452,1.9657,1.9659,0.30,1.00
2008.05.21 15:45:21.886,1.96585,1.96595,0.10,2.00
2008.05.21 15:45:22.053,1.96585,1.96595,0.10,0.20
2008.05.21 15:45:24.719,1.96585,1.966,0.10,0.20
2008.05.21 15:45:29.715,1.96585,1.96605,0.10,11.80
2008.05.21 15:45:33.655,1.96585,1.966,0.10,0.20
2008.05.21 15:45:34.786,1.96585,1.96605,0.10,12.80
2008.05.21 15:45:41.068,1.96585,1.966,0.10,2.80
2008.05.21 15:45:43.900,1.96585,1.96595,0.10,0.30
2008.05.21 15:45:44.015,1.96585,1.96595,0.10,0.90
2008.05.21 15:45:44.134,1.96575,1.9658,1.90,1.00
2008.05.21 15:45:44.250,1.96565,1.9658,0.20,1.00
2008.05.21 15:45:44.678,1.9656,1.96575,0.10,0.70
2008.05.21 15:45:44.793,1.9656,1.96575,0.10,1.40
2008.05.21 15:45:45.081,1.96555,1.96565,0.20,1.00
2008.05.21 15:45:45.227,1.96545,1.96565,6.00,1.00
2008.05.21 15:45:48.702,1.96545,1.96565,3.10,1.00
2008.05.21 15:45:48.738,1.96545,1.96565,0.30,3.90
2008.05.21 15:45:49.704,1.96545,1.96565,0.30,4.20
2008.05.21 15:45:49.880,1.96545,1.96565,0.30,1.30
2008.05.21 15:45:50.263,1.96545,1.96565,0.30,1.00
2008.05.21 15:45:50.697,1.96545,1.96565,0.30,1.30
2008.05.21 15:45:51.339,1.96545,1.96565,0.30,4.20
2008.05.21 15:45:53.623,1.96545,1.9656,0.20,1.00
2008.05.21 15:45:53.705,1.96545,1.9656,0.20,1.30
2008.05.21 15:45:55.443,1.96545,1.9656,0.30,0.20
2008.05.21 15:45:55.599,1.96545,1.9656,0.10,0.20
2008.05.21 15:45:55.908,1.96545,1.96565,0.10,9.00
2008.05.21 15:45:56.116,1.96545,1.96565,0.10,8.00
2008.05.21 15:45:57.457,1.96545,1.96565,0.10,8.80
2008.05.21 15:45:57.979,1.96545,1.96565,0.10,8.00
2008.05.21 15:46:07.457,1.9655,1.96565,0.10,6.80
2008.05.21 15:46:07.731,1.9655,1.96565,0.10,3.90
2008.05.21 15:46:07.931,1.9655,1.96565,0.10,3.00
2008.05.21 15:46:07.970,1.9656,1.96565,0.10,3.00
2008.05.21 15:46:08.036,1.9656,1.96565,0.10,0.20
2008.05.21 15:46:08.079,1.96555,1.96565,0.10,0.20
2008.05.21 15:46:08.502,1.9656,1.96565,0.10,0.20
2008.05.21 15:46:08.630,1.9656,1.9658,0.10,4.20
2008.05.21 15:46:08.761,1.9656,1.9658,0.10,1.30
2008.05.21 15:46:09.290,1.9656,1.9658,0.10,1.00
2008.05.21 15:46:09.567,1.96565,1.96585,0.10,16.60
2008.05.21 15:46:09.642,1.96565,1.96585,0.10,10.60
2008.05.21 15:46:09.728,1.96565,1.96585,0.10,1.00
2008.05.21 15:46:09.991,1.96555,1.96575,8.00,1.00
2008.05.21 15:46:10.162,1.96555,1.96575,6.10,4.90
2008.05.21 15:46:10.247,1.96555,1.96575,0.30,4.90
2008.05.21 15:46:10.503,1.96565,1.96575,0.10,3.80
2008.05.21 15:46:10.696,1.96565,1.96575,0.10,2.80
2008.05.21 15:46:10.807,1.96565,1.96585,0.10,1.00
2008.05.21 15:46:11.137,1.9657,1.9659,0.10,1.30
2008.05.21 15:46:11.247,1.9657,1.9659,0.10,1.00
2008.05.21 15:46:12.022,1.96575,1.96595,0.10,6.10
2008.05.21 15:46:12.188,1.96575,1.96595,0.10,4.20
2008.05.21 15:46:12.355,1.96575,1.96595,0.10,1.30
2008.05.21 15:46:14.022,1.9657,1.9659,0.10,1.00
2008.05.21 15:46:18.550,1.96575,1.96595,0.10,13.80
2008.05.21 15:46:18.681,1.96575,1.96595,0.10,16.60
2008.05.21 15:46:18.746,1.96575,1.96595,0.10,14.70
2008.05.21 15:46:18.822,1.96575,1.9659,0.10,0.20
2008.05.21 15:46:21.135,1.9657,1.9659,0.30,1.30
2008.05.21 15:46:21.231,1.9657,1.96585,0.30,3.00
2008.05.21 15:46:21.337,1.9657,1.96585,0.10,3.00
2008.05.21 15:46:22.751,1.9656,1.9658,0.10,1.00
2008.05.21 15:46:24.994,1.96565,1.96585,0.10,10.60
2008.05.21 15:46:25.330,1.96565,1.96585,0.10,11.80
2008.05.21 15:46:25.646,1.96565,1.96585,0.10,10.90
2008.05.21 15:46:34.513,1.96565,1.96585,0.30,10.90
2008.05.21 15:46:34.676,1.96565,1.96585,0.10,10.90
2008.05.21 15:46:38.715,1.96565,1.9658,0.10,0.20
2008.05.21 15:46:39.010,1.9657,1.9658,0.10,0.20
2008.05.21 15:46:40.256,1.9657,1.96585,0.10,0.20
2008.05.21 15:46:40.712,1.96575,1.96585,0.10,0.20
2008.05.21 15:46:40.869,1.96575,1.9659,0.10,0.20
2008.05.21 15:46:42.758,1.96575,1.96595,0.10,11.80
2008.05.21 15:46:43.261,1.96575,1.96595,0.10,10.90
2008.05.21 15:46:44.065,1.96575,1.96595,0.10,11.10
2008.05.21 15:46:44.442,1.96575,1.96595,0.10,12.40
2008.05.21 15:46:45.004,1.96575,1.9659,0.10,0.20
2008.05.21 15:46:45.700,1.96575,1.96595,0.10,6.80
2008.05.21 15:46:45.752,1.96575,1.96595,0.10,3.90
2008.05.21 15:46:49.435,1.96575,1.96595,0.10,1.00
2008.05.21 15:46:50.976,1.9658,1.966,0.10,1.30
2008.05.21 15:46:51.102,1.9658,1.966,0.10,1.00
2008.05.21 15:47:02.143,1.96585,1.96605,0.10,13.80
2008.05.21 15:47:02.767,1.96585,1.96605,0.10,10.90
2008.05.21 15:47:02.942,1.96585,1.96605,0.10,11.80
2008.05.21 15:47:03.291,1.96585,1.96605,0.10,10.90
2008.05.21 15:47:04.217,1.96585,1.966,0.10,0.20
2008.05.21 15:47:06.290,1.9659,1.966,0.10,0.20
2008.05.21 15:47:06.557,1.9659,1.96605,0.10,10.60
2008.05.21 15:47:06.823,1.96595,1.966,0.10,0.20
2008.05.21 15:47:09.642,1.96595,1.96605,0.10,3.50
2008.05.21 15:47:10.674,1.9659,1.96605,0.10,5.90
2008.05.21 15:47:11.278,1.96585,1.966,3.30,0.20
2008.05.21 15:47:11.764,1.96585,1.966,0.20,0.90
2008.05.21 15:47:11.851,1.96585,1.96605,0.20,10.50
2008.05.21 15:47:12.252,1.9659,1.966,0.10,0.10
2008.05.21 15:47:14.692,1.96595,1.966,0.10,0.10
2008.05.21 15:47:18.186,1.9659,1.966,0.10,0.10
2008.05.21 15:47:19.669,1.96595,1.966,0.10,0.10
2008.05.21 15:47:20.654,1.96595,1.96605,1.20,0.10
2008.05.21 15:47:20.937,1.966,1.9662,0.10,1.00
2008.05.21 15:47:24.231,1.96605,1.96625,0.10,6.10
2008.05.21 15:47:24.282,1.96605,1.96625,0.10,1.30
2008.05.21 15:47:26.750,1.966,1.9662,0.10,1.00
2008.05.21 15:47:27.674,1.966,1.9662,0.30,1.00
2008.05.21 15:47:27.705,1.96605,1.96625,0.10,10.80
2008.05.21 15:47:27.739,1.96605,1.96625,0.10,7.90
2008.05.21 15:47:27.908,1.96605,1.9662,0.10,0.20
2008.05.21 15:47:31.304,1.96605,1.96625,0.10,7.90
2008.05.21 15:47:32.199,1.966,1.9662,0.30,1.00
2008.05.21 15:47:36.749,1.966,1.9661,0.20,1.00
2008.05.21 15:47:38.146,1.96605,1.96615,0.10,2.80
2008.05.21 15:47:38.247,1.966,1.96615,0.20,3.90
2008.05.21 15:47:38.290,1.966,1.96615,0.20,3.00
2008.05.21 15:47:38.339,1.96595,1.96615,4.30,3.00
2008.05.21 15:47:38.380,1.96595,1.96615,3.30,3.00
2008.05.21 15:47:38.421,1.96595,1.96615,6.20,1.00
2008.05.21 15:47:38.663,1.966,1.9662,0.10,1.00
2008.05.21 15:47:39.044,1.966,1.9662,0.30,1.00
2008.05.21 15:47:40.321,1.96605,1.96625,0.10,12.90
2008.05.21 15:47:40.411,1.96605,1.96625,0.10,11.00
2008.05.21 15:47:40.501,1.96605,1.96625,0.10,8.10
2008.05.21 15:47:40.774,1.96605,1.96625,0.10,8.20
2008.05.21 15:47:41.264,1.966,1.96615,0.20,1.00
2008.05.21 15:47:41.459,1.96595,1.96615,0.10,1.00
2008.05.21 15:47:42.746,1.966,1.9662,0.10,1.00
2008.05.21 15:47:43.288,1.96605,1.96625,0.10,13.90
2008.05.21 15:47:43.429,1.96605,1.9662,0.10,0.40
2008.05.21 15:47:46.287,1.9661,1.9662,0.10,0.40
2008.05.21 15:47:46.735,1.96615,1.9662,0.10,0.40
2008.05.21 15:47:46.886,1.96615,1.96635,0.10,1.40
2008.05.21 15:47:47.611,1.96615,1.96635,0.10,1.00
2008.05.21 15:47:48.212,1.9661,1.9663,0.10,1.00
2008.05.21 15:47:48.270,1.96615,1.9663,0.20,1.40
2008.05.21 15:47:48.320,1.96615,1.96625,0.20,0.90
2008.05.21 15:47:48.419,1.9661,1.96625,0.30,0.90
2008.05.21 15:47:48.517,1.9661,1.9663,0.30,1.40
2008.05.21 15:47:48.675,1.96615,1.9663,0.10,0.40
2008.05.21 15:47:48.967,1.96615,1.96635,0.10,1.90
2008.05.21 15:47:49.267,1.96615,1.96635,0.10,1.50
2008.05.21 15:47:49.367,1.96615,1.96635,0.10,1.40
2008.05.21 15:47:49.494,1.96615,1.96635,0.10,1.80
2008.05.21 15:47:50.921,1.96615,1.9664,0.10,2.70
2008.05.21 15:47:53.988,1.96615,1.96635,0.10,1.40
2008.05.21 15:47:54.507,1.96615,1.96635,0.10,1.00
2008.05.21 15:47:54.877,1.9662,1.9664,0.10,1.20
2008.05.21 15:47:55.447,1.9662,1.9664,0.10,1.00
2008.05.21 15:47:56.765,1.9662,1.9664,0.30,1.00
2008.05.21 15:47:56.876,1.96625,1.96645,0.10,14.50
2008.05.21 15:47:57.095,1.96625,1.9664,0.10,0.10
2008.05.21 15:47:57.283,1.96625,1.9664,0.60,0.10
2008.05.21 15:47:57.503,1.9662,1.96645,0.20,7.90
2008.05.21 15:47:57.613,1.9662,1.96645,0.20,9.80
2008.05.21 15:48:01.293,1.9662,1.96645,0.20,7.90
2008.05.21 15:48:01.965,1.9662,1.96645,0.20,5.00
2008.05.21 15:48:02.322,1.9662,1.96645,0.20,5.10
2008.05.21 15:48:02.685,1.9662,1.9664,0.20,1.00
2008.05.21 15:48:02.989,1.9662,1.9664,0.20,1.30
2008.05.21 15:48:03.226,1.9662,1.9664,0.20,0.20
2008.05.21 15:48:03.373,1.9662,1.96645,0.20,7.00
2008.05.21 15:48:03.448,1.9662,1.96645,0.20,5.10
2008.05.21 15:48:04.669,1.9662,1.96645,0.20,3.90
2008.05.21 15:48:04.765,1.9662,1.96645,0.20,1.00
2008.05.21 15:48:04.851,1.96625,1.96645,2.80,1.00
2008.05.21 15:48:04.922,1.96625,1.96645,2.80,0.20
2008.05.21 15:48:04.991,1.96625,1.96645,3.00,0.20
2008.05.21 15:48:08.227,1.9662,1.96645,3.20,0.20
2008.05.21 15:48:08.312,1.9662,1.96645,5.00,0.20
2008.05.21 15:48:08.369,1.96625,1.96655,5.30,17.40
2008.05.21 15:48:08.423,1.96625,1.96655,5.30,14.50
2008.05.21 15:48:08.478,1.96625,1.96655,5.30,13.50
2008.05.21 15:48:08.690,1.96625,1.96655,5.30,13.40
2008.05.21 15:48:09.060,1.96625,1.96655,6.00,13.00
2008.05.21 15:48:09.462,1.96625,1.96655,7.80,11.10
2008.05.21 15:48:11.892,1.96625,1.96655,7.70,13.00
2008.05.21 15:48:12.450,1.96625,1.96655,10.10,11.10
2008.05.21 15:48:12.824,1.96625,1.96655,8.50,13.00
2008.05.21 15:48:17.431,1.96625,1.96655,10.20,11.10
2008.05.21 15:48:20.566,1.96635,1.96655,0.20,11.00
2008.05.21 15:48:20.895,1.96635,1.96655,0.20,8.10
2008.05.21 15:48:21.037,1.96635,1.96655,0.20,5.20
2008.05.21 15:48:21.137,1.9663,1.96655,0.40,5.20
2008.05.21 15:48:21.227,1.9663,1.96655,0.40,8.10
2008.05.21 15:48:21.394,1.9663,1.96655,3.20,2.50
2008.05.21 15:48:21.739,1.9663,1.96655,3.20,1.50
2008.05.21 15:48:21.904,1.9663,1.96655,3.20,0.60
2008.05.21 15:48:22.071,1.9663,1.96655,3.20,1.40
2008.05.21 15:48:22.237,1.9663,1.96655,3.20,2.50
2008.05.21 15:48:22.398,1.96625,1.96655,12.10,5.20
2008.05.21 15:48:22.698,1.96625,1.96655,12.20,4.90
2008.05.21 15:48:22.848,1.9663,1.96655,0.50,3.80
2008.05.21 15:48:23.000,1.96635,1.96655,8.80,2.80
2008.05.21 15:48:23.766,1.96635,1.9667,18.50,1.00
2008.05.21 15:48:24.764,1.96635,1.96665,14.10,1.00
2008.05.21 15:48:25.042,1.9663,1.96665,16.20,1.00
2008.05.21 15:48:29.510,1.9663,1.96665,16.20,1.50
2008.05.21 15:48:29.982,1.9663,1.96665,16.20,1.90
2008.05.21 15:48:30.087,1.9663,1.96665,16.20,1.90
2008.05.21 15:48:30.198,1.96635,1.96665,14.70,1.90
2008.05.21 15:48:30.480,1.96635,1.9666,3.00,1.00
2008.05.21 15:48:30.746,1.9663,1.9666,1.50,1.00
2008.05.21 15:48:31.026,1.9663,1.9666,1.60,1.00
2008.05.21 15:48:32.010,1.96635,1.96665,8.40,1.30
2008.05.21 15:48:32.370,1.96635,1.96665,8.60,1.30
2008.05.21 15:48:32.615,1.96635,1.96665,11.50,1.80
2008.05.21 15:48:33.360,1.96635,1.96665,14.40,5.20
2008.05.21 15:48:33.510,1.96635,1.9666,10.60,0.20
2008.05.21 15:48:35.229,1.96635,1.96655,0.20,1.00
2008.05.21 15:48:37.209,1.9663,1.96655,1.60,1.00
2008.05.21 15:48:37.318,1.9663,1.9666,1.60,1.30
2008.05.21 15:48:37.390,1.9663,1.96665,5.30,6.90
2008.05.21 15:48:37.453,1.9663,1.96665,9.50,6.90
2008.05.21 15:48:37.496,1.9663,1.96665,9.50,9.80
2008.05.21 15:48:37.549,1.96635,1.96665,5.00,9.80
2008.05.21 15:48:37.590,1.96635,1.96665,5.00,7.90
2008.05.21 15:48:37.978,1.96635,1.96665,6.60,8.80
2008.05.21 15:48:38.594,1.9664,1.96665,0.20,10.80
2008.05.21 15:48:38.932,1.96635,1.96665,3.00,7.90
2008.05.21 15:48:39.269,1.96635,1.96665,1.90,1.00
2008.05.21 15:48:39.528,1.96635,1.96665,0.20,5.80
2008.05.21 15:48:40.379,1.9665,1.96665,0.20,4.80
2008.05.21 15:48:40.521,1.96645,1.9667,16.30,0.20
2008.05.21 15:48:40.800,1.96645,1.9667,16.40,0.20
2008.05.21 15:48:40.942,1.96645,1.9667,16.60,0.20
2008.05.21 15:48:41.081,1.96645,1.9667,19.50,0.20
2008.05.21 15:48:41.563,1.96655,1.96675,0.20,3.00
2008.05.21 15:48:41.769,1.96655,1.96675,3.00,0.20
2008.05.21 15:48:41.974,1.96655,1.96675,0.20,3.00
2008.05.21 15:48:42.382,1.9665,1.96675,0.20,7.00
2008.05.21 15:48:42.571,1.9665,1.96675,0.20,8.10
2008.05.21 15:48:42.774,1.9665,1.96675,0.20,10.00
2008.05.21 15:48:43.340,1.9665,1.9667,0.20,1.00
2008.05.21 15:48:43.531,1.96645,1.96665,3.20,3.90
2008.05.21 15:48:43.715,1.96645,1.96665,3.20,3.00
2008.05.21 15:48:43.892,1.9665,1.96665,0.10,0.20
2008.05.21 15:48:44.286,1.96645,1.9666,3.00,0.90
2008.05.21 15:48:44.463,1.9664,1.9666,0.10,0.90
2008.05.21 15:48:44.819,1.96635,1.96655,0.30,0.90
2008.05.21 15:48:44.933,1.96635,1.96655,0.30,3.80
2008.05.21 15:48:45.422,1.96635,1.96655,0.10,4.00
2008.05.21 15:48:45.504,1.9663,1.96655,0.40,4.00
2008.05.21 15:48:45.513,1.9663,1.96655,0.40,6.00
2008.05.21 15:48:47.535,1.96625,1.9665,8.70,0.90
2008.05.21 15:48:47.625,1.96625,1.9665,8.70,1.20
2008.05.21 15:48:48.357,1.9663,1.9665,0.50,0.90
2008.05.21 15:48:48.448,1.96645,1.96655,0.20,8.80
2008.05.21 15:48:48.551,1.96645,1.9666,0.20,0.20
2008.05.21 15:48:49.318,1.9665,1.9666,0.20,0.20
2008.05.21 15:48:49.429,1.9665,1.96665,0.20,0.20
2008.05.21 15:48:50.819,1.9664,1.96655,4.20,0.90
2008.05.21 15:48:50.990,1.96635,1.96655,4.20,5.70
2008.05.21 15:48:51.139,1.9663,1.96655,0.40,6.00
2008.05.21 15:48:51.505,1.9663,1.9665,0.40,0.20
2008.05.21 15:48:54.415,1.9663,1.9665,2.00,0.20
2008.05.21 15:48:54.500,1.9663,1.9665,1.00,0.20
2008.05.21 15:48:54.867,1.9663,1.9664,1.00,0.20
2008.05.21 15:48:54.925,1.96625,1.9664,5.30,0.20
2008.05.21 15:48:55.437,1.9662,1.9664,2.90,0.20
2008.05.21 15:48:55.538,1.9662,1.9664,0.40,0.20
2008.05.21 15:48:56.367,1.96615,1.9664,7.90,1.30
2008.05.21 15:48:56.560,1.96615,1.96635,3.70,3.00
2008.05.21 15:48:56.939,1.9661,1.96635,3.70,4.20
2008.05.21 15:48:57.131,1.9661,1.96635,0.40,4.20
2008.05.21 15:48:58.117,1.9661,1.96635,0.20,6.10
2008.05.21 15:48:58.282,1.9661,1.9663,0.20,0.20
2008.05.21 15:48:58.323,1.96605,1.9663,10.90,1.30
2008.05.21 15:48:58.584,1.96605,1.9663,0.20,1.00
2008.05.21 15:49:00.371,1.966,1.96625,0.40,1.00
2008.05.21 15:49:00.520,1.966,1.96625,0.40,3.90
2008.05.21 15:49:01.425,1.966,1.96625,0.40,5.80
2008.05.21 15:49:03.361,1.96595,1.9662,11.10,1.00
2008.05.21 15:49:03.422,1.96595,1.96615,8.70,0.20
2008.05.21 15:49:03.483,1.96595,1.96615,3.90,3.00
2008.05.21 15:49:04.422,1.96595,1.96615,1.20,4.20
2008.05.21 15:49:04.505,1.96595,1.96615,2.80,1.30
2008.05.21 15:49:04.615,1.9659,1.96615,5.70,1.30
2008.05.21 15:49:04.904,1.96595,1.96615,3.10,3.20
2008.05.21 15:49:08.340,1.96595,1.9661,3.00,1.00
2008.05.21 15:49:08.502,1.96595,1.9661,0.20,1.00
2008.05.21 15:49:08.566,1.9659,1.9661,0.30,1.30
2008.05.21 15:49:13.445,1.9659,1.96605,0.10,0.20
2008.05.21 15:49:14.130,1.9659,1.966,0.10,0.20
2008.05.21 15:49:14.407,1.96585,1.966,6.00,0.20
2008.05.21 15:49:14.548,1.96585,1.966,0.10,0.20
2008.05.21 15:49:14.687,1.96585,1.96605,0.10,3.20
2008.05.21 15:49:15.403,1.96595,1.96605,0.10,2.00
2008.05.21 15:49:15.598,1.96595,1.96615,0.10,1.30
2008.05.21 15:49:15.766,1.96595,1.96615,0.10,1.00
2008.05.21 15:49:18.343,1.966,1.9662,0.10,1.30
2008.05.21 15:49:18.610,1.966,1.9662,0.10,1.00
2008.05.21 15:49:18.926,1.96595,1.96615,0.10,1.00
2008.05.21 15:49:20.950,1.96595,1.96615,0.10,3.00
2008.05.21 15:49:21.125,1.96595,1.9661,0.10,0.20
2008.05.21 15:49:21.872,1.9659,1.9661,0.10,1.30
2008.05.21 15:49:22.042,1.9659,1.9661,0.10,1.00
2008.05.21 15:49:32.507,1.96595,1.96615,0.10,13.60
2008.05.21 15:49:32.837,1.96595,1.9661,0.10,0.20
2008.05.21 15:49:33.338,1.9661,1.96615,0.10,10.40
2008.05.21 15:49:33.675,1.9661,1.96615,0.10,0.20
2008.05.21 15:49:33.907,1.96595,1.96615,15.60,1.30
2008.05.21 15:49:33.963,1.96595,1.96615,14.60,1.30
2008.05.21 15:49:34.036,1.96595,1.96615,12.40,1.30
2008.05.21 15:49:34.107,1.96595,1.96615,0.10,4.20
2008.05.21 15:49:34.632,1.96595,1.96615,0.10,1.30
2008.05.21 15:49:36.378,1.9661,1.96615,0.10,0.20
2008.05.21 15:49:36.905,1.96595,1.96615,16.50,1.30
2008.05.21 15:49:37.035,1.96595,1.9661,16.30,0.20
2008.05.21 15:49:37.166,1.96595,1.96615,2.80,4.20
2008.05.21 15:49:37.266,1.96595,1.96615,0.10,4.20
2008.05.21 15:49:37.564,1.96595,1.96615,0.10,1.00
2008.05.21 15:49:38.381,1.966,1.9662,0.10,1.30
2008.05.21 15:49:39.050,1.9661,1.9662,0.10,0.20
2008.05.21 15:49:39.425,1.96605,1.9662,0.20,0.20
2008.05.21 15:49:39.592,1.96605,1.96615,0.20,0.20
2008.05.21 15:49:39.897,1.96595,1.96615,14.30,0.20
2008.05.21 15:49:40.125,1.96595,1.9662,0.20,1.00
2008.05.21 15:49:43.950,1.9659,1.96615,0.40,1.00
2008.05.21 15:49:44.483,1.96595,1.9662,0.20,1.30
2008.05.21 15:49:45.413,1.9659,1.96615,0.20,1.00
2008.05.21 15:49:45.572,1.9659,1.96615,0.20,4.20
2008.05.21 15:49:45.619,1.96585,1.96615,18.10,4.20
2008.05.21 15:49:45.669,1.96585,1.96615,18.30,4.20
2008.05.21 15:49:46.029,1.96585,1.96615,16.70,6.10
2008.05.21 15:49:49.620,1.96585,1.96615,16.70,9.00
2008.05.21 15:49:51.934,1.96585,1.9661,16.60,1.00
2008.05.21 15:49:52.102,1.9658,1.96605,19.80,0.20
2008.05.21 15:49:52.397,1.9658,1.96605,17.50,0.20
2008.05.21 15:49:52.693,1.9658,1.96605,14.30,0.20
2008.05.21 15:49:54.640,1.9658,1.966,14.10,0.20
2008.05.21 15:49:58.023,1.9658,1.966,14.60,0.20
2008.05.21 15:49:58.228,1.9658,1.966,15.20,0.20
2008.05.21 15:49:58.433,1.9658,1.966,14.10,0.20
2008.05.21 15:49:58.814,1.9658,1.96605,14.30,0.20
2008.05.21 15:49:59.828,1.96585,1.9661,10.80,1.30
2008.05.21 15:49:59.989,1.96585,1.96615,10.90,17.50
2008.05.21 15:50:00.148,1.96585,1.96615,12.70,11.70
2008.05.21 15:50:00.308,1.96585,1.96615,12.70,10.80
2008.05.21 15:50:03.513,1.96585,1.96615,11.10,12.70
2008.05.21 15:50:04.600,1.96585,1.96615,13.60,9.80
2008.05.21 15:50:05.217,1.9659,1.9661,0.40,1.00
2008.05.21 15:50:05.475,1.9659,1.96615,0.50,12.70
2008.05.21 15:50:05.709,1.9659,1.96615,0.50,7.90
2008.05.21 15:50:08.054,1.9659,1.96615,3.30,6.00
2008.05.21 15:50:08.082,1.96595,1.96615,2.70,5.70
2008.05.21 15:50:08.493,1.96595,1.96615,2.70,4.90
2008.05.21 15:50:08.674,1.96595,1.96615,2.70,2.00
2008.05.21 15:50:08.789,1.96595,1.96615,2.70,1.00
2008.05.21 15:50:09.250,1.96595,1.96615,0.40,3.90
2008.05.21 15:50:09.481,1.966,1.96615,0.20,1.00
2008.05.21 15:50:11.892,1.966,1.96615,0.20,2.00
2008.05.21 15:50:13.182,1.966,1.96615,0.20,2.20
2008.05.21 15:50:13.531,1.966,1.96615,0.20,4.20
2008.05.21 15:50:14.565,1.966,1.96615,0.20,2.20
2008.05.21 15:50:14.674,1.966,1.96615,0.20,1.30
2008.05.21 15:50:15.150,1.966,1.96615,0.20,3.20
2008.05.21 15:50:16.559,1.966,1.96615,0.20,6.10
2008.05.21 15:50:16.692,1.9659,1.96615,0.30,6.10
2008.05.21 15:50:22.047,1.9659,1.96615,0.30,4.20
2008.05.21 15:50:23.010,1.9659,1.9661,0.30,0.20
2008.05.21 15:50:23.061,1.9659,1.9661,0.20,1.30
2008.05.21 15:50:23.464,1.9659,1.9661,0.30,0.20
2008.05.21 15:50:23.677,1.9659,1.96615,0.30,9.90
2008.05.21 15:50:23.771,1.9659,1.96615,0.30,7.00
2008.05.21 15:50:24.103,1.9659,1.96615,0.30,8.00
2008.05.21 15:50:24.199,1.9659,1.96615,0.30,9.90
2008.05.21 15:50:24.627,1.9659,1.96615,0.30,8.00
2008.05.21 15:50:29.395,1.96595,1.96615,1.90,8.00
2008.05.21 15:50:31.512,1.96595,1.96615,1.90,5.10
2008.05.21 15:50:31.674,1.96595,1.96615,1.90,4.20
2008.05.21 15:50:36.599,1.96595,1.96615,1.90,1.30
2008.05.21 15:50:37.644,1.96595,1.96615,1.90,4.20
2008.05.21 15:50:40.140,1.96595,1.96615,2.00,4.20
2008.05.21 15:50:42.032,1.966,1.96615,0.20,4.20
2008.05.21 15:50:42.136,1.966,1.96615,0.20,1.30
2008.05.21 15:50:42.345,1.966,1.96615,0.20,4.20
2008.05.21 15:50:42.648,1.966,1.96615,0.20,6.10
2008.05.21 15:50:42.755,1.96595,1.96615,1.30,6.10
2008.05.21 15:50:43.118,1.96595,1.96615,1.30,7.00
2008.05.21 15:50:43.223,1.96595,1.96615,1.00,9.90
2008.05.21 15:50:43.462,1.96595,1.96615,1.00,9.00
2008.05.21 15:50:43.783,1.96595,1.96615,1.00,9.90
2008.05.21 15:50:46.233,1.96595,1.96615,1.00,10.00
2008.05.21 15:50:46.462,1.9659,1.96615,0.30,10.20
2008.05.21 15:50:46.699,1.9659,1.96605,0.20,3.00
2008.05.21 15:50:46.934,1.96585,1.96605,11.00,2.80
2008.05.21 15:50:47.171,1.96585,1.96605,10.50,4.20
2008.05.21 15:50:47.406,1.96585,1.96605,7.60,4.20
2008.05.21 15:50:47.642,1.96585,1.96605,7.60,6.10
2008.05.21 15:50:48.623,1.96585,1.96605,7.60,4.90
2008.05.21 15:50:48.766,1.96585,1.96605,10.50,1.90
2008.05.21 15:50:48.906,1.96585,1.9661,10.50,1.00
2008.05.21 15:50:49.048,1.9659,1.9661,0.10,1.00
2008.05.21 15:50:49.646,1.96585,1.9661,10.50,1.00
2008.05.21 15:50:51.109,1.9659,1.96615,0.10,14.10
2008.05.21 15:50:51.236,1.9659,1.96615,0.10,13.90
2008.05.21 15:50:51.362,1.9659,1.9661,0.10,0.20
2008.05.21 15:50:53.001,1.96595,1.9661,0.10,0.20
2008.05.21 15:50:53.674,1.96595,1.9661,0.30,0.20
2008.05.21 15:50:55.296,1.96595,1.9661,1.20,0.20
2008.05.21 15:50:57.489,1.96595,1.9661,1.00,0.20
2008.05.21 15:50:57.594,1.96595,1.9661,0.90,0.20
2008.05.21 15:50:57.701,1.96595,1.9661,3.80,0.20
2008.05.21 15:50:57.920,1.96595,1.9661,2.80,0.20
2008.05.21 15:51:00.809,1.96595,1.9661,3.80,0.20
2008.05.21 15:51:00.900,1.966,1.96615,2.80,5.10
2008.05.21 15:51:01.212,1.966,1.96615,2.80,3.90
2008.05.21 15:51:01.420,1.966,1.9662,2.80,0.20
2008.05.21 15:51:02.365,1.966,1.9662,4.00,0.20
2008.05.21 15:51:05.188,1.966,1.9662,3.10,0.20
2008.05.21 15:51:07.770,1.966,1.9662,4.00,0.20
2008.05.21 15:51:11.309,1.96605,1.9662,2.80,0.20
2008.05.21 15:51:12.279,1.96605,1.96625,2.80,3.90
2008.05.21 15:51:12.873,1.966,1.96625,0.10,3.90
2008.05.21 15:51:14.588,1.96605,1.96625,0.10,2.80
2008.05.21 15:51:16.704,1.96605,1.9663,0.10,1.30
2008.05.21 15:51:16.900,1.96605,1.9663,2.80,1.30
2008.05.21 15:51:18.971,1.96605,1.9663,3.20,1.30
2008.05.21 15:51:19.051,1.96605,1.9663,2.80,1.30
2008.05.21 15:51:19.799,1.96605,1.96625,2.80,1.00
2008.05.21 15:51:20.022,1.96605,1.96625,2.80,1.30
2008.05.21 15:51:20.221,1.96605,1.9662,2.80,1.00
2008.05.21 15:51:20.433,1.96595,1.9662,5.70,1.00
2008.05.21 15:51:21.275,1.966,1.96625,0.10,3.20
2008.05.21 15:51:22.786,1.96605,1.96625,2.80,1.00
2008.05.21 15:51:23.802,1.96605,1.96625,2.80,1.30
2008.05.21 15:51:24.128,1.96605,1.96615,2.80,0.20
2008.05.21 15:51:24.298,1.966,1.96615,0.10,0.20
2008.05.21 15:51:24.483,1.966,1.9662,0.10,0.20
2008.05.21 15:51:26.717,1.96595,1.9661,3.80,1.30
2008.05.21 15:51:26.858,1.96595,1.9661,0.20,1.00
2008.05.21 15:51:27.217,1.96595,1.96615,0.30,5.80
2008.05.21 15:51:27.359,1.96595,1.9662,2.80,1.00
2008.05.21 15:51:28.953,1.96595,1.9662,5.70,1.00
2008.05.21 15:51:31.048,1.96595,1.9662,6.00,1.00
2008.05.21 15:51:31.686,1.966,1.9662,0.10,1.00
2008.05.21 15:51:32.665,1.96605,1.96625,2.80,7.60
2008.05.21 15:51:32.745,1.96605,1.96625,3.00,7.60
2008.05.21 15:51:32.825,1.966,1.96625,0.30,6.00
2008.05.21 15:51:33.676,1.966,1.96625,3.10,6.00
2008.05.21 15:51:34.231,1.966,1.96625,3.10,5.10
2008.05.21 15:51:34.296,1.966,1.96625,3.10,2.20
2008.05.21 15:51:35.950,1.966,1.96625,4.00,2.20
2008.05.21 15:51:38.203,1.96615,1.96625,0.10,1.00
2008.05.21 15:51:38.369,1.96615,1.96625,0.10,0.20
2008.05.21 15:51:38.722,1.96615,1.9663,0.10,0.20
2008.05.21 15:51:42.665,1.9661,1.9663,2.80,0.20
2008.05.21 15:51:42.734,1.9661,1.9663,0.10,0.20
2008.05.21 15:51:43.608,1.96605,1.9663,9.10,1.30
2008.05.21 15:51:43.715,1.9661,1.9663,0.10,1.30
2008.05.21 15:51:43.771,1.9661,1.9663,0.10,1.00
2008.05.21 15:51:44.658,1.96605,1.9663,2.80,1.00
2008.05.21 15:51:45.186,1.96615,1.96635,0.10,9.60
2008.05.21 15:51:45.306,1.96615,1.96635,0.10,4.80
2008.05.21 15:51:45.402,1.96615,1.9663,0.10,0.20
2008.05.21 15:51:45.500,1.96615,1.9663,0.20,0.20
2008.05.21 15:51:47.832,1.96615,1.96635,0.40,3.80
2008.05.21 15:51:47.936,1.96615,1.96635,0.40,5.70
2008.05.21 15:51:48.737,1.96615,1.96635,0.40,4.90
2008.05.21 15:51:48.972,1.96615,1.96635,0.40,2.00
2008.05.21 15:51:50.668,1.96625,1.96635,0.10,2.00
2008.05.21 15:51:50.829,1.96625,1.96635,0.10,0.20
2008.05.21 15:51:52.405,1.96625,1.9664,0.10,0.20
2008.05.21 15:51:55.112,1.9662,1.9664,3.10,0.20
2008.05.21 15:51:55.320,1.9662,1.96645,0.30,7.90
2008.05.21 15:51:57.624,1.96625,1.96645,0.10,6.70
2008.05.21 15:51:57.809,1.96625,1.96645,0.30,4.80
2008.05.21 15:51:58.263,1.9662,1.96645,0.30,6.00
2008.05.21 15:51:58.515,1.9662,1.96645,0.30,7.90
2008.05.21 15:51:58.776,1.9662,1.9664,0.30,0.20
2008.05.21 15:51:59.252,1.9662,1.9664,0.10,0.20
2008.05.21 15:52:00.190,1.96615,1.9664,3.20,1.30
2008.05.21 15:52:00.257,1.96615,1.9664,0.40,1.30
2008.05.21 15:52:00.385,1.9662,1.9664,0.20,1.30
2008.05.21 15:52:00.688,1.96615,1.9664,0.40,1.30
2008.05.21 15:52:00.916,1.96615,1.96635,0.40,0.20
2008.05.21 15:52:01.153,1.9662,1.96635,0.10,0.20
2008.05.21 15:52:01.317,1.9662,1.9664,0.10,0.20
2008.05.21 15:52:14.183,1.96615,1.9664,6.10,1.30
2008.05.21 15:52:14.243,1.96615,1.9664,6.00,1.30
2008.05.21 15:52:14.285,1.96615,1.9664,3.10,1.30
2008.05.21 15:52:14.445,1.96615,1.9664,3.10,1.00
2008.05.21 15:52:16.323,1.96615,1.9664,4.00,1.00
2008.05.21 15:52:17.813,1.96615,1.9664,4.20,1.00
2008.05.21 15:52:17.909,1.9662,1.96645,0.10,10.80
2008.05.21 15:52:18.240,1.9662,1.9664,0.10,0.20
2008.05.21 15:52:26.045,1.9662,1.9664,2.80,0.20
2008.05.21 15:52:27.024,1.9662,1.9664,3.80,0.20
2008.05.21 15:52:31.187,1.9662,1.9664,4.00,0.20
2008.05.21 15:52:31.706,1.96625,1.9664,0.10,0.20
2008.05.21 15:52:31.815,1.96625,1.9664,2.80,0.20
2008.05.21 15:52:31.869,1.96625,1.96645,5.70,2.80
2008.05.21 15:52:31.935,1.96625,1.9665,5.70,1.00
2008.05.21 15:52:32.376,1.9663,1.9665,0.10,1.00
2008.05.21 15:52:32.756,1.96635,1.96655,0.10,7.90
2008.05.21 15:52:32.958,1.96635,1.96655,2.80,1.00
2008.05.21 15:52:33.700,1.96635,1.96655,2.80,1.00
2008.05.21 15:52:33.941,1.9663,1.96655,0.30,1.00
2008.05.21 15:52:34.228,1.96635,1.9666,0.10,1.00
2008.05.21 15:52:34.771,1.9664,1.9666,0.10,1.00
2008.05.21 15:52:35.265,1.9664,1.96665,0.10,7.90
2008.05.21 15:52:35.489,1.9664,1.96665,0.10,1.00
2008.05.21 15:52:35.592,1.96645,1.96665,2.80,1.00
2008.05.21 15:52:35.804,1.96645,1.96665,2.80,1.00
2008.05.21 15:52:36.234,1.9664,1.96665,2.90,1.00
2008.05.21 15:52:36.248,1.9664,1.9667,2.90,1.30
2008.05.21 15:52:36.365,1.9664,1.9667,0.20,1.30
2008.05.21 15:52:36.674,1.9664,1.9667,0.40,1.00
2008.05.21 15:52:36.828,1.96645,1.9667,0.40,1.00
2008.05.21 15:52:37.292,1.96645,1.96675,4.90,7.90
2008.05.21 15:52:37.447,1.96645,1.96675,7.00,6.00
2008.05.21 15:52:38.063,1.9665,1.96675,0.50,6.00
2008.05.21 15:52:38.369,1.96645,1.9667,2.00,1.00
2008.05.21 15:52:38.618,1.96645,1.9667,0.50,1.30
2008.05.21 15:52:38.765,1.96645,1.9667,0.60,0.20
2008.05.21 15:52:39.034,1.96645,1.96675,4.70,6.00
2008.05.21 15:52:39.661,1.96645,1.96675,4.70,8.80
2008.05.21 15:52:39.931,1.96645,1.96675,5.50,7.90
2008.05.21 15:52:40.241,1.96655,1.96675,0.20,6.70
2008.05.21 15:52:40.311,1.96655,1.96675,0.20,3.80
2008.05.21 15:52:40.384,1.96655,1.96675,0.20,0.20
2008.05.21 15:52:40.529,1.96655,1.9668,0.20,1.00
2008.05.21 15:52:40.818,1.96655,1.96685,0.20,11.70
2008.05.21 15:52:41.039,1.96655,1.96685,0.20,6.80
2008.05.21 15:52:41.259,1.9666,1.96685,0.20,6.80
2008.05.21 15:52:41.479,1.9666,1.9668,0.20,2.80
2008.05.21 15:52:41.908,1.9666,1.96685,0.20,2.00
2008.05.21 15:52:42.015,1.9666,1.96685,0.20,1.00
2008.05.21 15:52:42.430,1.9666,1.9669,0.40,2.40
2008.05.21 15:52:42.535,1.9666,1.9669,0.40,1.00
2008.05.21 15:52:42.781,1.96665,1.9669,0.20,1.00
2008.05.21 15:52:46.022,1.96655,1.9669,20.80,1.00
2008.05.21 15:52:46.218,1.9666,1.9669,1.60,1.00
2008.05.21 15:52:46.936,1.9666,1.9669,3.20,1.00
2008.05.21 15:52:48.240,1.96665,1.9669,0.60,1.00
2008.05.21 15:52:48.314,1.96665,1.9669,1.00,1.00
2008.05.21 15:52:48.552,1.96665,1.9669,0.90,1.00
2008.05.21 15:52:48.706,1.96665,1.96695,0.90,10.80
2008.05.21 15:52:48.864,1.96665,1.96695,5.80,10.80
2008.05.21 15:52:49.014,1.9667,1.96695,0.20,11.70
2008.05.21 15:52:49.485,1.9667,1.96695,0.20,11.70
2008.05.21 15:52:51.402,1.9667,1.96695,1.50,13.60
2008.05.21 15:52:53.540,1.9667,1.96695,2.00,13.60
2008.05.21 15:52:54.299,1.9667,1.96695,1.70,13.60
2008.05.21 15:52:54.378,1.9667,1.96695,0.80,11.70
2008.05.21 15:52:54.469,1.9668,1.96695,0.90,11.70
2008.05.21 15:52:54.624,1.9668,1.96695,3.80,11.00
2008.05.21 15:52:55.223,1.9668,1.96695,2.70,9.80
2008.05.21 15:52:55.519,1.9668,1.96695,1.00,6.90
2008.05.21 15:52:55.997,1.9668,1.96695,2.10,3.20
2008.05.21 15:52:57.208,1.9668,1.96695,4.10,3.20
2008.05.21 15:52:57.463,1.9668,1.96695,3.10,4.30
2008.05.21 15:52:57.718,1.9668,1.96695,5.20,4.30
2008.05.21 15:52:57.986,1.9668,1.96695,1.90,1.30
2008.05.21 15:52:58.095,1.9668,1.96695,0.90,1.00
2008.05.21 15:52:58.279,1.9668,1.967,3.80,1.00
2008.05.21 15:52:59.618,1.9668,1.96695,4.10,4.80
2008.05.21 15:52:59.802,1.9668,1.96685,1.70,0.90
2008.05.21 15:52:59.974,1.9667,1.96675,7.70,2.80
2008.05.21 15:53:00.145,1.9668,1.96685,1.10,17.50
2008.05.21 15:53:00.325,1.9666,1.9667,5.80,0.20
2008.05.21 15:53:00.506,1.9666,1.9667,2.10,0.20
2008.05.21 15:53:00.686,1.9666,1.9667,0.90,0.20
2008.05.21 15:53:00.867,1.96655,1.9667,1.40,0.20
2008.05.21 15:53:01.050,1.96655,1.9667,0.90,0.20
2008.05.21 15:53:01.265,1.9665,1.9667,3.70,0.20
2008.05.21 15:53:02.332,1.96645,1.9667,3.60,0.20
2008.05.21 15:53:02.753,1.96645,1.9667,3.30,0.20
2008.05.21 15:53:02.888,1.96645,1.9667,2.70,0.20
2008.05.21 15:53:03.023,1.96645,1.9667,3.10,0.20
2008.05.21 15:53:05.148,1.96645,1.9667,1.70,1.30
2008.05.21 15:53:05.247,1.96645,1.9667,3.60,1.30
2008.05.21 15:53:05.863,1.96645,1.96665,3.20,1.00
2008.05.21 15:53:05.950,1.96645,1.9666,2.60,0.20
2008.05.21 15:53:06.035,1.96645,1.9666,1.00,0.20
2008.05.21 15:53:06.246,1.96645,1.96655,1.00,1.00
2008.05.21 15:53:06.441,1.96645,1.96655,0.20,1.00
2008.05.21 15:53:06.551,1.96635,1.96655,0.90,4.20
2008.05.21 15:53:06.662,1.96635,1.96655,0.90,4.20
2008.05.21 15:53:06.771,1.96635,1.96655,0.90,4.20
2008.05.21 15:53:06.882,1.96635,1.96655,0.10,1.30
2008.05.21 15:53:07.447,1.96625,1.9665,6.50,1.30
2008.05.21 15:53:07.604,1.9663,1.9665,0.10,1.00
2008.05.21 15:53:09.511,1.96625,1.9665,2.90,1.30
2008.05.21 15:53:09.745,1.96625,1.9665,4.80,0.20
2008.05.21 15:53:09.881,1.96635,1.9665,0.10,0.20
2008.05.21 15:53:10.110,1.9663,1.9665,0.10,0.20
2008.05.21 15:53:10.286,1.9663,1.9665,0.10,1.30
2008.05.21 15:53:10.313,1.96625,1.9665,7.20,1.30
2008.05.21 15:53:10.329,1.96625,1.9665,7.60,1.30
2008.05.21 15:53:10.421,1.96625,1.9665,5.00,1.30
2008.05.21 15:53:10.515,1.96625,1.9665,3.70,1.30
2008.05.21 15:53:11.807,1.96625,1.9665,2.50,1.30
2008.05.21 15:53:12.539,1.96625,1.9665,3.20,1.30
2008.05.21 15:53:13.805,1.96625,1.96645,1.40,1.00
2008.05.21 15:53:13.900,1.96625,1.96645,0.90,1.00
2008.05.21 15:53:15.256,1.96625,1.9665,2.90,0.20
2008.05.21 15:53:15.353,1.96625,1.9665,3.40,0.20
2008.05.21 15:53:15.372,1.96625,1.9665,4.60,0.20
2008.05.21 15:53:15.387,1.9663,1.9665,0.20,0.20
2008.05.21 15:53:16.413,1.96635,1.9665,1.40,0.20
2008.05.21 15:53:17.553,1.9663,1.9665,0.20,0.20
2008.05.21 15:53:17.888,1.9663,1.96645,0.20,1.00
2008.05.21 15:53:18.049,1.96625,1.96645,0.70,1.00
2008.05.21 15:53:19.764,1.96625,1.96645,2.60,1.00
2008.05.21 15:53:20.402,1.96625,1.96645,1.30,1.00
2008.05.21 15:53:21.264,1.96625,1.9664,0.70,1.00
2008.05.21 15:53:21.379,1.96625,1.9664,1.20,1.00
2008.05.21 15:53:22.040,1.96625,1.9664,0.20,1.00
2008.05.21 15:53:22.333,1.96625,1.9664,0.30,1.00
2008.05.21 15:53:22.679,1.96625,1.9664,3.10,1.00
2008.05.21 15:53:23.317,1.96625,1.9664,0.30,1.00
2008.05.21 15:53:27.372,1.96625,1.9664,1.20,1.00
2008.05.21 15:53:27.547,1.96625,1.9664,0.30,1.30
2008.05.21 15:53:28.418,1.9662,1.96635,2.80,1.30
2008.05.21 15:53:28.524,1.96615,1.96635,1.20,4.20
2008.05.21 15:53:28.930,1.96615,1.96635,6.00,0.20
2008.05.21 15:53:29.121,1.96615,1.96635,3.80,0.20
2008.05.21 15:53:29.499,1.96615,1.9664,6.70,1.30
2008.05.21 15:53:29.691,1.96615,1.9664,6.90,1.30
2008.05.21 15:53:30.161,1.96615,1.9664,4.00,1.30
2008.05.21 15:53:30.857,1.96615,1.9664,6.90,1.30
2008.05.21 15:53:31.304,1.96615,1.96635,6.90,1.00
2008.05.21 15:53:31.490,1.96615,1.96635,3.10,1.30
2008.05.21 15:53:31.675,1.96615,1.96635,2.80,1.30
2008.05.21 15:53:32.187,1.96615,1.9663,2.80,0.20
2008.05.21 15:53:33.423,1.9661,1.9663,3.20,0.20
2008.05.21 15:53:34.336,1.9661,1.9663,3.20,1.30
2008.05.21 15:53:34.456,1.96605,1.9663,21.80,1.30
2008.05.21 15:53:34.576,1.96605,1.9663,9.30,1.30
2008.05.21 15:53:34.939,1.96605,1.9663,12.20,0.20
2008.05.21 15:53:35.061,1.96605,1.9664,20.10,1.30
2008.05.21 15:53:35.191,1.9661,1.9664,0.40,1.00
2008.05.21 15:53:35.520,1.96615,1.9664,5.10,1.00
2008.05.21 15:53:35.611,1.96615,1.96635,5.10,0.80
2008.05.21 15:53:35.700,1.96615,1.9664,2.20,1.00
2008.05.21 15:53:35.793,1.96615,1.9662,2.20,1.00
2008.05.21 15:53:35.973,1.96605,1.9662,5.80,1.00
2008.05.21 15:53:36.063,1.96605,1.9662,1.90,1.00
2008.05.21 15:53:36.153,1.96605,1.9662,0.40,1.00
2008.05.21 15:53:39.865,1.966,1.9662,0.40,1.00
2008.05.21 15:53:40.344,1.966,1.96625,0.40,6.10
2008.05.21 15:53:40.414,1.9661,1.96625,0.40,6.10
2008.05.21 15:53:40.435,1.9661,1.96625,0.40,4.20
2008.05.21 15:53:40.466,1.9661,1.96625,0.40,1.30
2008.05.21 15:53:40.632,1.96605,1.96625,3.20,1.30
2008.05.21 15:53:42.395,1.96605,1.96625,2.80,1.30
2008.05.21 15:53:43.498,1.966,1.9662,0.10,1.00
2008.05.21 15:53:44.377,1.966,1.96615,0.10,1.00
2008.05.21 15:53:45.269,1.966,1.96615,0.10,3.90
2008.05.21 15:53:45.379,1.966,1.96615,0.10,2.80
2008.05.21 15:53:45.600,1.966,1.9662,0.10,1.00
2008.05.21 15:53:45.916,1.966,1.96625,0.10,13.90
2008.05.21 15:53:46.017,1.96595,1.9662,3.80,1.00
2008.05.21 15:53:46.119,1.96595,1.9662,8.80,1.00
2008.05.21 15:53:46.219,1.96595,1.9662,6.90,1.00
2008.05.21 15:53:46.438,1.96595,1.9662,6.00,1.00
2008.05.21 15:53:46.537,1.96595,1.9662,7.90,1.00
2008.05.21 15:53:46.914,1.96595,1.96625,7.90,1.00
2008.05.21 15:53:47.056,1.96595,1.96625,9.80,1.00
2008.05.21 15:53:47.478,1.96595,1.96625,13.60,1.00
2008.05.21 15:53:47.619,1.96595,1.96625,9.80,1.50
2008.05.21 15:53:47.759,1.966,1.96625,0.10,1.50
2008.05.21 15:53:47.909,1.966,1.96625,0.10,0.60
2008.05.21 15:53:48.051,1.966,1.96625,0.10,1.50
2008.05.21 15:53:49.003,1.96595,1.96625,16.50,1.50
2008.05.21 15:53:49.062,1.96595,1.96625,15.60,1.50
2008.05.21 15:53:49.914,1.96595,1.96625,26.40,1.00
2008.05.21 15:53:50.061,1.96595,1.96625,28.40,1.00
2008.05.21 15:53:50.420,1.96595,1.9663,28.40,1.30
2008.05.21 15:53:50.510,1.966,1.9663,0.10,1.30
2008.05.21 15:53:50.699,1.966,1.9663,0.10,1.00
2008.05.21 15:53:53.871,1.966,1.9663,0.20,1.00
2008.05.21 15:53:55.928,1.96605,1.9663,2.80,1.00
2008.05.21 15:53:55.962,1.9661,1.9663,0.20,1.00
2008.05.21 15:53:56.169,1.96605,1.9663,3.00,1.30
2008.05.21 15:53:57.440,1.96605,1.96625,3.00,1.00
2008.05.21 15:53:57.501,1.96605,1.96625,5.80,1.00
2008.05.21 15:53:57.639,1.9661,1.96625,0.20,1.30
2008.05.21 15:53:57.966,1.9661,1.9663,0.20,1.30
2008.05.21 15:54:00.070,1.96605,1.9663,6.80,1.30
2008.05.21 15:54:05.229,1.96605,1.9663,5.80,1.30
2008.05.21 15:54:05.511,1.96605,1.9663,7.80,1.30
2008.05.21 15:54:05.931,1.96605,1.9663,5.80,1.30
2008.05.21 15:54:05.994,1.96605,1.9663,6.80,1.30
2008.05.21 15:54:11.302,1.9661,1.9663,2.80,1.30
2008.05.21 15:54:12.737,1.9661,1.9663,3.00,1.30
2008.05.21 15:54:13.005,1.9661,1.9663,3.00,1.00
2008.05.21 15:54:13.672,1.9661,1.9663,0.20,1.00
2008.05.21 15:54:14.093,1.96605,1.9663,5.80,1.30
2008.05.21 15:54:17.069,1.96605,1.9663,7.80,1.30
2008.05.21 15:54:17.585,1.96605,1.9663,5.80,1.30
2008.05.21 15:54:18.500,1.96605,1.9663,6.80,1.30
2008.05.21 15:54:18.676,1.96605,1.9663,7.80,1.30
2008.05.21 15:54:19.038,1.96605,1.9663,5.80,1.30
2008.05.21 15:54:21.540,1.96615,1.9663,2.80,0.20
2008.05.21 15:54:23.436,1.96615,1.9663,3.00,0.20
2008.05.21 15:54:23.595,1.96615,1.9664,3.00,1.30
2008.05.21 15:54:23.639,1.96615,1.9664,4.90,1.30
2008.05.21 15:54:24.226,1.9662,1.9664,0.20,1.30
2008.05.21 15:54:25.675,1.9662,1.9664,0.20,1.00
2008.05.21 15:54:28.617,1.96625,1.9664,0.20,1.00
2008.05.21 15:54:28.988,1.96625,1.96645,0.20,4.80
2008.05.21 15:54:29.074,1.96625,1.96645,3.90,4.80
2008.05.21 15:54:29.146,1.9663,1.96645,0.20,0.90
2008.05.21 15:54:29.226,1.9663,1.9665,0.20,1.00
2008.05.21 15:54:34.969,1.9663,1.96655,0.20,9.60
2008.05.21 15:54:35.002,1.96635,1.96655,0.20,9.60
2008.05.21 15:54:35.071,1.96635,1.96655,0.40,8.70
2008.05.21 15:54:35.103,1.96635,1.96655,5.10,3.90
2008.05.21 15:54:35.135,1.9664,1.96655,0.20,3.90
2008.05.21 15:54:35.165,1.9664,1.96655,0.20,0.20
2008.05.21 15:54:35.227,1.9664,1.9666,0.20,1.00
2008.05.21 15:54:35.257,1.9664,1.9666,0.20,0.20
2008.05.21 15:54:41.345,1.9664,1.9666,3.00,0.20
2008.05.21 15:54:42.140,1.96645,1.96665,2.80,0.60
2008.05.21 15:54:42.296,1.96645,1.96665,2.80,1.00
2008.05.21 15:54:47.031,1.96645,1.96665,5.70,1.00
2008.05.21 15:54:47.302,1.96645,1.96665,5.80,1.00
2008.05.21 15:54:47.332,1.96645,1.96665,5.80,0.20
2008.05.21 15:54:47.489,1.96645,1.96665,5.70,0.20
2008.05.21 15:54:47.746,1.9664,1.96655,1.60,1.00
2008.05.21 15:54:48.001,1.9664,1.9666,1.60,0.20
2008.05.21 15:54:48.258,1.96645,1.96665,2.80,1.30
2008.05.21 15:54:48.513,1.96645,1.9667,3.00,1.30
2008.05.21 15:54:49.020,1.96645,1.9667,0.20,1.30
2008.05.21 15:54:49.369,1.96645,1.9667,0.40,1.30
2008.05.21 15:54:49.709,1.96645,1.9667,1.00,1.30
2008.05.21 15:54:49.966,1.96645,1.9667,1.20,1.30
2008.05.21 15:54:50.051,1.9665,1.9667,0.20,1.30
2008.05.21 15:54:56.506,1.9664,1.9667,1.60,1.30
2008.05.21 15:54:56.739,1.9664,1.9667,1.60,1.00
2008.05.21 15:54:56.772,1.9664,1.9667,0.20,1.00
2008.05.21 15:54:57.276,1.96645,1.9667,1.00,1.00
2008.05.21 15:54:58.520,1.96645,1.96655,1.00,1.00
2008.05.21 15:54:58.594,1.96645,1.96655,0.60,1.00
2008.05.21 15:54:58.679,1.96645,1.96655,0.20,1.00
2008.05.21 15:54:59.059,1.96645,1.96665,0.20,11.80
2008.05.21 15:54:59.139,1.9664,1.96665,0.20,9.90
2008.05.21 15:54:59.224,1.96635,1.96665,11.10,1.00
2008.05.21 15:54:59.972,1.9664,1.96665,0.20,1.00
2008.05.21 15:55:00.477,1.9664,1.9667,0.20,1.00
2008.05.21 15:55:00.534,1.96645,1.9667,0.20,1.00
2008.05.21 15:55:00.718,1.96645,1.9667,0.20,1.30
2008.05.21 15:55:01.411,1.96645,1.9667,0.40,1.30
2008.05.21 15:55:03.158,1.96645,1.9667,3.20,1.30
2008.05.21 15:55:11.769,1.9665,1.9667,0.20,1.30
2008.05.21 15:55:20.421,1.96645,1.9667,2.90,1.30
2008.05.21 15:55:38.672,1.96645,1.9667,9.00,1.00
2008.05.21 15:55:39.188,1.9665,1.9667,0.40,1.00
2008.05.21 15:55:42.053,1.9665,1.96675,0.40,10.40
2008.05.21 15:55:42.105,1.9665,1.96675,0.40,7.50
2008.05.21 15:55:42.196,1.9665,1.96675,0.40,6.70
2008.05.21 15:55:42.347,1.9665,1.96675,0.40,2.80
2008.05.21 15:55:42.368,1.96645,1.96675,17.90,2.80
2008.05.21 15:55:42.425,1.96645,1.9668,20.30,3.90
2008.05.21 15:55:42.623,1.9665,1.9668,2.10,2.80
2008.05.21 15:55:42.725,1.9665,1.9668,4.00,2.80
2008.05.21 15:55:42.815,1.9665,1.9668,6.90,2.80
2008.05.21 15:55:42.906,1.9665,1.9668,8.20,2.80
2008.05.21 15:55:43.447,1.9665,1.9668,9.20,2.80
2008.05.21 15:55:43.538,1.9665,1.9668,10.50,2.80
2008.05.21 15:55:43.734,1.9665,1.96685,10.30,5.10
2008.05.21 15:55:43.929,1.96655,1.96685,9.10,4.20
2008.05.21 15:55:44.327,1.96655,1.96685,11.60,1.00
2008.05.21 15:55:44.677,1.96655,1.9669,11.60,3.90
2008.05.21 15:55:45.163,1.96655,1.96675,12.70,1.00
2008.05.21 15:55:45.307,1.9666,1.96675,0.40,1.00
2008.05.21 15:55:45.462,1.9666,1.96675,0.40,3.90
2008.05.21 15:55:45.618,1.9666,1.9667,0.40,1.00
2008.05.21 15:55:45.813,1.9665,1.9667,0.40,1.00
2008.05.21 15:55:46.203,1.9665,1.96675,0.40,1.00
2008.05.21 15:55:46.412,1.96645,1.96675,11.70,1.00
2008.05.21 15:55:46.718,1.9665,1.9668,0.40,3.90
2008.05.21 15:55:46.829,1.9665,1.9668,7.60,1.00
2008.05.21 15:55:46.940,1.9665,1.9668,8.60,1.00
2008.05.21 15:55:47.051,1.9665,1.9668,8.90,1.00
2008.05.21 15:55:47.162,1.96655,1.96685,6.60,1.00
2008.05.21 15:55:47.646,1.96655,1.9668,11.90,1.00
2008.05.21 15:55:48.163,1.96655,1.96675,6.90,1.00
2008.05.21 15:55:48.680,1.96655,1.9668,5.30,1.00
2008.05.21 15:55:48.957,1.96645,1.9668,19.90,1.00
2008.05.21 15:55:49.218,1.9665,1.96685,2.70,13.40
2008.05.21 15:55:49.479,1.9666,1.96685,0.20,11.70
2008.05.21 15:55:49.754,1.9666,1.96685,0.20,10.80
2008.05.21 15:55:50.622,1.96665,1.96685,0.70,10.80
2008.05.21 15:55:50.796,1.9666,1.96685,0.20,10.80
2008.05.21 15:55:50.967,1.9666,1.96685,0.20,11.70
2008.05.21 15:55:51.473,1.9666,1.96685,9.70,11.70
2008.05.21 15:55:51.644,1.9666,1.96685,9.70,10.50
2008.05.21 15:55:51.814,1.96665,1.96685,3.30,0.20
2008.05.21 15:55:51.985,1.96665,1.9669,4.60,1.00
2008.05.21 15:55:52.075,1.96665,1.9669,4.80,1.00
2008.05.21 15:55:52.257,1.96665,1.9669,7.20,1.00
2008.05.21 15:55:52.359,1.96665,1.9669,11.10,1.00
2008.05.21 15:55:52.715,1.96665,1.96695,11.10,1.00
2008.05.21 15:55:52.803,1.96665,1.96695,13.30,1.00
2008.05.21 15:55:52.894,1.9667,1.96695,0.20,1.00
2008.05.21 15:55:53.429,1.9667,1.96695,0.20,5.10
2008.05.21 15:55:55.571,1.96675,1.96695,0.20,5.10
2008.05.21 15:55:56.005,1.96675,1.96695,0.20,8.00
2008.05.21 15:55:56.378,1.96675,1.96695,0.30,8.00
2008.05.21 15:55:57.026,1.96675,1.96695,0.60,8.00
2008.05.21 15:55:57.255,1.96675,1.96695,0.70,5.10
2008.05.21 15:55:57.554,1.96675,1.96695,0.70,3.90
2008.05.21 15:55:57.739,1.96675,1.967,3.60,1.30
2008.05.21 15:55:57.924,1.96675,1.967,3.40,1.30
2008.05.21 15:55:58.200,1.96675,1.967,3.70,1.30
2008.05.21 15:55:59.123,1.96675,1.9669,3.70,0.20
2008.05.21 15:55:59.209,1.96675,1.9669,0.80,0.20
2008.05.21 15:55:59.294,1.96675,1.9669,0.70,0.20
2008.05.21 15:55:59.430,1.96675,1.96695,0.70,5.10
2008.05.21 15:55:59.565,1.96675,1.96695,0.70,4.20
2008.05.21 15:56:00.753,1.96675,1.96695,0.70,5.10
2008.05.21 15:56:03.930,1.96675,1.96695,0.80,5.10
2008.05.21 15:56:04.291,1.96675,1.96695,0.60,5.10
2008.05.21 15:56:05.722,1.96675,1.96695,0.70,5.10
2008.05.21 15:56:07.822,1.96675,1.96695,0.60,5.10
2008.05.21 15:56:09.088,1.96675,1.96695,0.20,5.10
2008.05.21 15:56:16.181,1.96675,1.96685,0.20,1.00
2008.05.21 15:56:17.087,1.96675,1.96695,0.20,11.80
2008.05.21 15:56:17.178,1.96675,1.96695,0.20,9.90
2008.05.21 15:56:17.213,1.96675,1.96695,0.20,7.00
2008.05.21 15:56:17.304,1.96675,1.96695,0.20,5.10
2008.05.21 15:56:22.186,1.96675,1.96685,0.20,1.00
2008.05.21 15:56:22.410,1.9667,1.96685,0.20,1.00
2008.05.21 15:56:22.886,1.96665,1.96685,5.20,3.90
2008.05.21 15:56:23.244,1.96665,1.96685,5.10,3.90
2008.05.21 15:56:23.364,1.96665,1.96685,2.20,3.90
2008.05.21 15:56:23.510,1.9667,1.96685,0.20,3.90
2008.05.21 15:56:30.681,1.9667,1.96685,0.20,2.80
2008.05.21 15:56:30.791,1.9667,1.9669,0.20,1.30
2008.05.21 15:56:30.863,1.9667,1.9669,3.00,1.30
2008.05.21 15:56:30.898,1.9667,1.9669,2.80,1.00
2008.05.21 15:56:31.863,1.9667,1.9669,3.80,1.00
2008.05.21 15:56:35.646,1.9667,1.96685,3.80,1.00
2008.05.21 15:56:35.760,1.9667,1.96685,3.80,4.20
2008.05.21 15:56:35.908,1.9667,1.96685,2.80,4.20
2008.05.21 15:56:36.233,1.9667,1.96675,2.80,1.00
2008.05.21 15:56:36.272,1.96665,1.96675,3.80,1.00
2008.05.21 15:56:36.410,1.96665,1.96675,2.80,1.00
2008.05.21 15:56:36.688,1.96665,1.9668,2.80,1.30
2008.05.21 15:56:37.630,1.96665,1.9668,2.80,0.20
2008.05.21 15:56:38.013,1.96665,1.96685,2.80,4.20
2008.05.21 15:56:46.643,1.96665,1.96685,2.80,3.00
2008.05.21 15:56:46.721,1.96665,1.96685,2.80,2.80
2008.05.21 15:56:46.879,1.96665,1.96685,3.10,2.80
2008.05.21 15:56:48.872,1.96665,1.96685,3.20,2.80
2008.05.21 15:56:49.269,1.96665,1.96685,4.80,2.80
2008.05.21 15:56:49.325,1.96665,1.96685,5.70,2.80
2008.05.21 15:56:49.914,1.9667,1.96685,0.20,2.80
2008.05.21 15:56:49.952,1.9667,1.96695,0.20,8.80
2008.05.21 15:56:50.442,1.9667,1.96685,0.20,0.60
2008.05.21 15:56:51.933,1.9667,1.96685,1.00,0.60
2008.05.21 15:56:55.269,1.96675,1.96685,2.80,0.60
2008.05.21 15:56:55.300,1.96675,1.96695,2.80,8.80
2008.05.21 15:56:55.490,1.96675,1.96695,2.80,7.90
2008.05.21 15:56:57.807,1.96675,1.96695,2.80,7.00
2008.05.21 15:56:57.858,1.96675,1.96695,2.80,4.20
2008.05.21 15:56:57.926,1.96675,1.96695,2.80,3.90
2008.05.21 15:56:58.285,1.96675,1.96685,2.80,2.80
2008.05.21 15:56:58.398,1.96675,1.96695,2.80,3.90
2008.05.21 15:56:58.487,1.96675,1.96695,2.80,4.20
2008.05.21 15:56:58.727,1.96675,1.96685,2.80,2.80
2008.05.21 15:56:58.966,1.9667,1.96685,0.90,2.80
2008.05.21 15:56:59.204,1.96665,1.9669,11.10,1.00
2008.05.21 15:56:59.422,1.96665,1.96685,8.00,2.80
2008.05.21 15:56:59.653,1.96665,1.9669,6.10,1.30
2008.05.21 15:56:59.813,1.96665,1.96685,6.10,3.90
2008.05.21 15:56:59.972,1.9667,1.96685,2.80,3.90
2008.05.21 15:57:00.133,1.9667,1.96685,2.80,1.30
2008.05.21 15:57:00.294,1.9667,1.9668,2.80,1.00
2008.05.21 15:57:00.455,1.9667,1.9668,2.80,1.30
2008.05.21 15:57:00.779,1.9667,1.9668,2.80,0.20
2008.05.21 15:57:00.945,1.96665,1.96685,3.80,4.20
2008.05.21 15:57:02.195,1.96665,1.96675,3.80,1.00
2008.05.21 15:57:02.315,1.96665,1.96675,0.90,1.00
2008.05.21 15:57:03.455,1.9666,1.96675,12.60,1.00
2008.05.21 15:57:03.752,1.9666,1.9668,12.60,0.20
2008.05.21 15:57:04.870,1.9666,1.9668,13.50,0.20
2008.05.21 15:57:05.894,1.9667,1.9668,2.80,0.20
2008.05.21 15:57:06.442,1.9667,1.9669,2.80,1.30
2008.05.21 15:57:06.786,1.9667,1.9669,2.80,0.20
2008.05.21 15:57:07.059,1.9667,1.9669,3.00,0.20
2008.05.21 15:57:07.328,1.9667,1.9669,3.90,0.20
2008.05.21 15:57:07.465,1.96675,1.9669,2.80,0.20
2008.05.21 15:57:08.791,1.96675,1.96685,2.80,1.00
2008.05.21 15:57:08.877,1.96675,1.96685,2.80,3.90
2008.05.21 15:57:08.963,1.9667,1.96685,3.00,3.90
2008.05.21 15:57:10.474,1.9667,1.96685,3.00,1.00
2008.05.21 15:57:11.392,1.9667,1.96685,3.00,3.90
2008.05.21 15:57:12.231,1.9667,1.96685,3.00,2.80
2008.05.21 15:57:12.441,1.9667,1.9669,2.80,1.30
2008.05.21 15:57:12.547,1.9667,1.96685,2.80,0.60
2008.05.21 15:57:13.434,1.9667,1.96685,2.80,3.30
2008.05.21 15:57:13.549,1.9667,1.96685,3.80,3.30
2008.05.21 15:57:13.891,1.96675,1.96685,2.80,3.30
2008.05.21 15:57:13.951,1.96675,1.96685,2.80,0.10
2008.05.21 15:57:23.288,1.9667,1.96685,0.90,0.10
2008.05.21 15:57:23.422,1.96665,1.96685,11.60,0.10
2008.05.21 15:57:23.446,1.96665,1.96685,9.60,0.10
2008.05.21 15:57:23.534,1.96665,1.96685,12.40,0.10
2008.05.21 15:57:23.847,1.96665,1.96685,12.30,0.10
2008.05.21 15:57:23.958,1.96665,1.96685,12.40,0.10
2008.05.21 15:57:24.168,1.96665,1.96685,12.30,0.10
2008.05.21 15:57:24.483,1.96665,1.96685,13.40,0.10
2008.05.21 15:57:24.688,1.96665,1.96685,13.30,0.10
2008.05.21 15:57:24.893,1.96665,1.96685,13.40,0.10
2008.05.21 15:57:25.099,1.96665,1.96685,13.50,0.10
2008.05.21 15:57:25.304,1.96665,1.96685,14.60,0.10
2008.05.21 15:57:25.365,1.9667,1.96685,0.90,0.10
2008.05.21 15:57:26.477,1.96665,1.96685,13.90,0.10
2008.05.21 15:57:26.870,1.96665,1.96685,16.80,0.10
2008.05.21 15:57:27.916,1.96665,1.96685,17.70,0.10
2008.05.21 15:57:28.930,1.9667,1.96685,0.90,0.10
2008.05.21 15:57:29.837,1.9667,1.96695,0.90,1.00
2008.05.21 15:57:29.949,1.96675,1.967,2.80,1.30
2008.05.21 15:57:30.059,1.96675,1.96695,2.80,0.20
2008.05.21 15:57:31.091,1.96675,1.96695,3.80,0.20
2008.05.21 15:57:32.097,1.9667,1.96695,3.00,0.20
2008.05.21 15:57:32.395,1.9667,1.9669,3.00,1.00
2008.05.21 15:57:32.708,1.9667,1.9669,2.80,1.00
2008.05.21 15:57:32.859,1.9667,1.96695,2.80,1.00
2008.05.21 15:57:33.020,1.96675,1.96695,2.80,1.00
2008.05.21 15:57:33.498,1.96675,1.96695,2.80,4.20
2008.05.21 15:57:34.942,1.96675,1.96695,2.80,8.00
2008.05.21 15:57:35.040,1.96675,1.9669,2.80,0.20
2008.05.21 15:57:42.729,1.96665,1.9669,13.90,0.20
2008.05.21 15:57:46.250,1.96665,1.9669,13.90,1.30
2008.05.21 15:57:46.347,1.96665,1.9669,11.00,1.30
2008.05.21 15:57:46.392,1.96665,1.9669,9.10,1.30
2008.05.21 15:57:46.770,1.96665,1.9669,9.10,0.20
2008.05.21 15:57:46.949,1.96665,1.9669,13.90,0.20
2008.05.21 15:57:51.104,1.96665,1.9669,14.80,0.20
2008.05.21 15:57:51.723,1.96665,1.9669,12.00,0.20
2008.05.21 15:57:52.017,1.9667,1.9669,0.90,0.20
2008.05.21 15:57:54.091,1.9667,1.96695,1.00,4.20
2008.05.21 15:57:54.448,1.96675,1.96695,3.00,4.20
2008.05.21 15:57:54.533,1.96675,1.96695,3.00,1.30
2008.05.21 15:57:54.886,1.96675,1.96695,3.00,4.20
2008.05.21 15:57:55.652,1.9668,1.967,2.80,1.30
2008.05.21 15:57:55.941,1.96675,1.967,2.80,1.30
2008.05.21 15:57:56.319,1.96675,1.96695,2.80,0.20
2008.05.21 15:57:58.490,1.96675,1.96695,3.30,0.20
2008.05.21 15:57:58.535,1.96675,1.96695,4.30,0.20
2008.05.21 15:57:58.692,1.96675,1.96695,4.60,0.20
2008.05.21 15:57:58.856,1.96675,1.96695,4.90,0.20
2008.05.21 15:57:59.012,1.96675,1.96695,4.80,0.20
2008.05.21 15:57:59.517,1.96675,1.96695,4.80,0.20
2008.05.21 15:57:59.941,1.96675,1.96695,3.00,0.20
2008.05.21 15:58:00.221,1.96675,1.96695,2.80,0.20
2008.05.21 15:58:00.506,1.9668,1.967,0.20,0.20
2008.05.21 15:58:00.779,1.9668,1.96695,0.20,0.20
2008.05.21 15:58:01.551,1.9668,1.967,0.20,0.20
2008.05.21 15:58:06.513,1.96685,1.96705,0.20,4.20
2008.05.21 15:58:07.396,1.96685,1.967,0.20,1.00
2008.05.21 15:58:07.516,1.9668,1.967,0.20,1.00
2008.05.21 15:58:08.965,1.9668,1.96695,0.20,1.30
2008.05.21 15:58:09.102,1.9668,1.96695,0.20,1.00
2008.05.21 15:58:09.370,1.9668,1.967,0.20,1.30
2008.05.21 15:58:09.506,1.9668,1.967,0.20,1.00
2008.05.21 15:58:10.310,1.9668,1.96705,0.20,7.00
2008.05.21 15:58:10.376,1.9668,1.96705,0.20,4.20
2008.05.21 15:58:10.470,1.9668,1.96705,0.20,1.30
2008.05.21 15:58:10.553,1.96685,1.96705,0.20,1.30
2008.05.21 15:58:10.692,1.96685,1.96705,0.20,4.20
2008.05.21 15:58:13.300,1.96685,1.967,0.20,1.00
2008.05.21 15:58:13.565,1.9668,1.967,0.20,1.00
2008.05.21 15:58:21.461,1.96675,1.967,6.60,1.30
2008.05.21 15:58:21.506,1.96675,1.967,7.50,1.30
2008.05.21 15:58:21.589,1.96675,1.967,7.00,1.30
2008.05.21 15:58:22.225,1.96675,1.967,6.10,1.30
2008.05.21 15:58:22.540,1.96675,1.967,9.00,1.30
2008.05.21 15:58:22.748,1.96675,1.967,9.10,1.30
2008.05.21 15:58:22.854,1.96675,1.967,9.60,1.30
2008.05.21 15:58:22.959,1.96675,1.967,8.40,1.30
2008.05.21 15:58:23.887,1.96675,1.96695,8.40,1.00
2008.05.21 15:58:23.966,1.9668,1.96695,0.20,3.90
2008.05.21 15:58:24.095,1.96675,1.96695,3.20,4.20
2008.05.21 15:58:24.303,1.96675,1.9669,3.20,1.00
2008.05.21 15:58:24.410,1.96675,1.9669,3.00,1.00
2008.05.21 15:58:24.517,1.96665,1.9669,13.40,1.00
2008.05.21 15:58:24.568,1.96665,1.9669,11.00,1.00
2008.05.21 15:58:24.636,1.96665,1.9669,10.00,1.00
2008.05.21 15:58:24.686,1.9667,1.9669,0.20,1.00
2008.05.21 15:58:25.875,1.9667,1.96695,0.20,4.20
2008.05.21 15:58:25.951,1.9667,1.96695,0.20,3.00
2008.05.21 15:58:26.216,1.9667,1.96695,0.20,2.80
2008.05.21 15:58:26.858,1.96675,1.96695,0.20,2.80
2008.05.21 15:58:26.959,1.96675,1.96695,0.30,2.80
2008.05.21 15:58:34.347,1.9667,1.96695,0.20,2.80
2008.05.21 15:58:39.456,1.9668,1.96695,0.20,2.80
2008.05.21 15:58:39.501,1.9668,1.967,0.20,1.00
2008.05.21 15:58:39.674,1.96675,1.967,0.20,1.30
2008.05.21 15:58:40.259,1.96675,1.967,2.00,1.30
2008.05.21 15:58:40.364,1.96675,1.96695,2.00,1.00
2008.05.21 15:58:40.467,1.9668,1.96695,0.20,1.00
2008.05.21 15:58:40.539,1.9668,1.96695,0.20,3.90
2008.05.21 15:58:42.536,1.9667,1.96695,0.20,3.90
2008.05.21 15:58:44.405,1.96675,1.96695,0.20,3.90
2008.05.21 15:58:47.764,1.96675,1.96695,0.20,6.80
2008.05.21 15:58:48.058,1.96675,1.9669,0.20,1.00
2008.05.21 15:58:48.540,1.96675,1.96695,0.20,6.80
2008.05.21 15:58:49.023,1.96675,1.9669,0.20,1.00
2008.05.21 15:58:49.260,1.9667,1.9669,0.20,1.00
2008.05.21 15:58:49.497,1.96665,1.96685,7.60,1.00
2008.05.21 15:58:49.735,1.96665,1.96685,0.80,3.90
2008.05.21 15:58:52.917,1.96665,1.96685,0.80,2.80
2008.05.21 15:58:53.232,1.96665,1.96685,0.90,2.80
2008.05.21 15:58:53.610,1.9667,1.9669,0.20,1.00
2008.05.21 15:58:53.948,1.9667,1.96695,0.20,12.70
2008.05.21 15:58:54.084,1.9667,1.96695,0.20,10.80
2008.05.21 15:58:54.374,1.9667,1.9669,0.20,1.00
2008.05.21 15:58:54.901,1.9667,1.96685,0.20,1.00
2008.05.21 15:58:55.050,1.96665,1.9669,1.80,1.00
2008.05.21 15:58:55.203,1.96665,1.96685,0.90,2.80
2008.05.21 15:58:56.548,1.96665,1.96685,0.80,2.80
2008.05.21 15:58:57.227,1.96665,1.9669,3.70,1.00
2008.05.21 15:58:57.869,1.96665,1.9669,3.80,1.00
2008.05.21 15:58:58.105,1.96665,1.9669,3.70,1.00
2008.05.21 15:58:58.916,1.96665,1.9669,3.80,1.00
2008.05.21 15:58:59.129,1.9667,1.9669,0.20,1.00
2008.05.21 15:58:59.510,1.9667,1.96695,0.20,12.70
2008.05.21 15:58:59.732,1.9667,1.96695,0.20,10.80
2008.05.21 15:58:59.952,1.9667,1.96695,9.70,10.80
2008.05.21 15:59:01.667,1.9667,1.9669,9.70,1.00
2008.05.21 15:59:04.160,1.9667,1.96675,5.20,1.00
2008.05.21 15:59:04.344,1.9667,1.96675,4.80,1.00
2008.05.21 15:59:04.531,1.9667,1.96685,4.80,15.30
2008.05.21 15:59:04.730,1.9667,1.96685,4.80,3.00
2008.05.21 15:59:04.931,1.9667,1.96685,4.80,2.80
2008.05.21 15:59:05.530,1.9667,1.96685,5.00,2.80
2008.05.21 15:59:05.732,1.9667,1.96695,5.00,13.60
2008.05.21 15:59:10.945,1.9667,1.9668,5.00,1.00
2008.05.21 15:59:11.084,1.9667,1.9668,4.00,1.00
2008.05.21 15:59:11.110,1.9667,1.9668,3.80,1.00
2008.05.21 15:59:12.178,1.9667,1.9668,3.80,1.30
2008.05.21 15:59:13.001,1.9667,1.96675,3.80,2.80
2008.05.21 15:59:14.069,1.9667,1.96675,2.80,2.80
2008.05.21 15:59:14.576,1.9667,1.96675,1.90,2.80
2008.05.21 15:59:16.145,1.9667,1.96685,1.90,11.50
2008.05.21 15:59:16.170,1.9667,1.96685,1.90,7.60
2008.05.21 15:59:16.233,1.9667,1.96685,1.90,2.80
2008.05.21 15:59:16.282,1.9667,1.96685,0.90,2.80
2008.05.21 15:59:16.598,1.9667,1.96685,0.10,2.80
2008.05.21 15:59:39.613,1.9667,1.96685,0.30,2.80
2008.05.21 15:59:39.752,1.9667,1.9669,0.30,0.20
2008.05.21 15:59:40.704,1.9667,1.96695,0.30,13.60
2008.05.21 15:59:41.153,1.9667,1.96695,0.30,11.70
2008.05.21 15:59:48.671,1.9667,1.96695,0.30,13.60
2008.05.21 15:59:49.773,1.9667,1.96695,0.30,11.70
2008.05.21 15:59:51.301,1.9667,1.96695,0.20,11.70
2008.05.21 15:59:52.088,1.9667,1.9669,0.20,1.00
2008.05.21 15:59:52.143,1.9667,1.9669,0.20,1.30
2008.05.21 15:59:52.505,1.9667,1.9669,0.20,0.20
2008.05.21 15:59:52.595,1.9667,1.96695,0.20,17.50
2008.05.21 15:59:52.684,1.9667,1.96695,0.20,12.70
2008.05.21 15:59:53.590,1.9667,1.96695,0.20,10.80
