2007.05.04 09:00:00.227,1.9861,1.9862,5.20,0.50
2007.05.04 09:00:01.673,1.9861,1.98635,33.90,8.40
2007.05.04 09:00:01.879,1.9861,1.9863,33.90,0.80
2007.05.04 09:00:02.093,1.9861,1.9864,33.90,42.90
2007.05.04 09:00:02.577,1.9862,1.9863,2.40,0.90
2007.05.04 09:00:03.073,1.9862,1.9864,5.60,0.80
2007.05.04 09:00:04.025,1.9862,1.98645,7.20,33.40
2007.05.04 09:00:04.611,1.9862,1.98645,7.20,29.40
2007.05.04 09:00:05.356,1.9862,1.9864,24.30,0.90
2007.05.04 09:00:05.657,1.9862,1.98645,23.50,14.20
2007.05.04 09:00:06.018,1.9862,1.98645,23.50,14.00
2007.05.04 09:00:07.585,1.9862,1.98645,23.50,18.00
2007.05.04 09:00:09.602,1.9862,1.9864,23.50,0.60
2007.05.04 09:00:11.213,1.9862,1.98645,5.20,30.70
2007.05.04 09:00:11.539,1.9862,1.9863,5.20,0.70
2007.05.04 09:00:12.016,1.9862,1.9864,5.20,0.60
2007.05.04 09:00:12.662,1.9862,1.98645,5.20,35.20
2007.05.04 09:00:13.007,1.9862,1.98645,5.20,39.20
2007.05.04 09:00:13.991,1.9862,1.98645,5.20,35.20
2007.05.04 09:00:14.993,1.9862,1.9864,5.20,0.80
2007.05.04 09:00:15.985,1.9862,1.98645,2.80,36.60
2007.05.04 09:00:16.278,1.9864,1.9865,2.80,11.20
2007.05.04 09:00:16.570,1.9864,1.9866,2.80,39.10
2007.05.04 09:00:17.660,1.9864,1.9866,2.00,41.30
2007.05.04 09:00:17.864,1.9863,1.98655,2.40,31.90
2007.05.04 09:00:18.644,1.9863,1.9865,2.40,30.20
2007.05.04 09:00:18.932,1.9863,1.9865,2.40,0.80
2007.05.04 09:00:19.310,1.9863,1.9865,2.40,0.70
2007.05.04 09:00:19.615,1.9863,1.9865,2.40,0.90
2007.05.04 09:00:19.972,1.9863,1.98655,6.40,32.60
2007.05.04 09:00:20.252,1.9863,1.9864,4.00,0.90
2007.05.04 09:00:20.499,1.9862,1.9865,19.60,38.90
2007.05.04 09:00:20.831,1.9862,1.9864,14.40,0.70
2007.05.04 09:00:21.567,1.9862,1.9864,10.40,0.50
2007.05.04 09:00:22.071,1.9862,1.9865,14.40,35.00
2007.05.04 09:00:22.298,1.9862,1.9864,18.40,0.50
2007.05.04 09:00:22.523,1.9862,1.9865,14.40,30.00
2007.05.04 09:00:22.961,1.9862,1.9864,18.40,0.90
2007.05.04 09:00:23.231,1.9863,1.98655,6.40,20.00
2007.05.04 09:00:23.802,1.9863,1.9865,6.40,0.70
2007.05.04 09:00:24.115,1.9863,1.9866,6.50,47.00
2007.05.04 09:00:24.387,1.9863,1.9866,11.30,43.60
2007.05.04 09:00:24.624,1.9863,1.9865,11.30,0.90
2007.05.04 09:00:24.950,1.9863,1.9866,14.10,43.60
2007.05.04 09:00:25.837,1.9863,1.9866,14.10,43.50
2007.05.04 09:00:26.502,1.9863,1.9865,16.50,0.80
2007.05.04 09:00:27.795,1.9864,1.9866,19.50,17.20
2007.05.04 09:00:28.019,1.9864,1.98665,24.30,20.40
2007.05.04 09:00:28.564,1.9864,1.98665,24.30,16.40
2007.05.04 09:00:34.591,1.9864,1.9866,24.30,0.90
2007.05.04 09:00:36.585,1.9864,1.98665,24.30,20.80
2007.05.04 09:00:37.579,1.9864,1.98665,24.30,20.50
2007.05.04 09:00:38.163,1.9864,1.98665,24.30,16.50
2007.05.04 09:00:41.234,1.9864,1.9865,11.60,0.80
2007.05.04 09:00:41.453,1.9864,1.98655,5.20,2.40
2007.05.04 09:00:45.754,1.9863,1.9864,21.60,0.90
2007.05.04 09:00:45.980,1.9863,1.9864,13.20,0.70
2007.05.04 09:00:46.418,1.9863,1.9866,6.40,49.20
2007.05.04 09:00:46.706,1.9864,1.98665,21.50,27.40
2007.05.04 09:00:46.934,1.9864,1.98665,24.30,26.50
2007.05.04 09:00:47.182,1.9864,1.98665,20.30,26.50
2007.05.04 09:00:47.425,1.9864,1.98665,20.30,26.60
2007.05.04 09:00:47.656,1.9864,1.9865,15.50,0.80
2007.05.04 09:00:47.877,1.9863,1.9864,2.80,0.80
2007.05.04 09:00:48.090,1.9863,1.9864,4.80,0.70
2007.05.04 09:00:48.337,1.9863,1.9865,8.00,31.80
2007.05.04 09:00:48.599,1.9863,1.9864,4.00,0.90
2007.05.04 09:00:49.153,1.9863,1.9865,8.00,31.80
2007.05.04 09:00:49.525,1.9863,1.9864,4.00,0.60
2007.05.04 09:00:55.169,1.9861,1.9862,12.80,4.00
2007.05.04 09:00:56.499,1.9863,1.9864,4.00,2.00
2007.05.04 09:00:59.153,1.9863,1.9864,4.00,0.80
2007.05.04 09:00:59.374,1.9863,1.9865,11.90,26.00
2007.05.04 09:01:01.483,1.9863,1.9864,4.00,0.80
2007.05.04 09:01:02.129,1.9863,1.9864,4.00,0.60
2007.05.04 09:01:03.475,1.9863,1.9865,4.00,31.80
2007.05.04 09:01:13.276,1.9863,1.98655,22.70,20.10
2007.05.04 09:01:13.496,1.9863,1.9865,22.70,0.80
2007.05.04 09:01:13.824,1.9863,1.98655,22.70,16.40
2007.05.04 09:01:14.030,1.9863,1.98655,22.70,20.40
2007.05.04 09:01:15.485,1.9863,1.9865,22.70,0.60
2007.05.04 09:01:15.817,1.9863,1.98655,28.30,16.40
2007.05.04 09:01:16.051,1.9865,1.98655,1.60,10.80
2007.05.04 09:01:16.310,1.9865,1.98655,2.40,4.70
2007.05.04 09:01:16.608,1.9865,1.9867,6.00,41.90
2007.05.04 09:01:16.819,1.9864,1.9866,16.30,23.60
2007.05.04 09:01:17.151,1.9864,1.9865,15.50,0.80
2007.05.04 09:01:17.568,1.9864,1.9866,12.70,19.60
2007.05.04 09:01:17.900,1.9864,1.9866,16.70,19.60
2007.05.04 09:01:18.561,1.9864,1.9865,12.70,0.90
2007.05.04 09:01:18.894,1.9864,1.9866,14.30,23.60
2007.05.04 09:01:20.969,1.9864,1.9866,10.30,23.10
2007.05.04 09:01:21.773,1.9864,1.98665,21.50,22.30
2007.05.04 09:01:21.985,1.9864,1.98665,24.30,22.20
2007.05.04 09:01:23.212,1.9864,1.98665,24.30,22.10
2007.05.04 09:01:24.083,1.9864,1.98665,28.30,22.10
2007.05.04 09:01:27.182,1.9865,1.98665,4.00,22.10
2007.05.04 09:01:28.525,1.9864,1.9866,24.30,14.80
2007.05.04 09:01:30.519,1.9864,1.9866,28.30,14.80
2007.05.04 09:01:31.850,1.9864,1.9866,28.30,15.20
2007.05.04 09:01:32.136,1.9864,1.9866,29.90,15.20
2007.05.04 09:01:32.513,1.9864,1.9866,29.90,14.80
2007.05.04 09:01:33.507,1.9864,1.9866,29.90,15.20
2007.05.04 09:01:34.174,1.9864,1.9866,25.90,19.20
2007.05.04 09:01:34.480,1.9864,1.9866,11.60,35.20
2007.05.04 09:01:36.124,1.9864,1.9866,7.60,35.20
2007.05.04 09:01:37.096,1.9864,1.9866,7.60,39.20
2007.05.04 09:01:38.491,1.9864,1.9866,7.60,35.20
2007.05.04 09:01:38.826,1.9864,1.9866,6.80,35.20
2007.05.04 09:01:39.828,1.9865,1.9866,3.20,13.20
2007.05.04 09:01:40.078,1.9865,1.9867,6.80,41.60
2007.05.04 09:01:41.916,1.9865,1.9867,6.00,41.60
2007.05.04 09:01:42.455,1.9865,1.9867,20.30,24.00
2007.05.04 09:01:43.061,1.9865,1.9867,20.30,24.20
2007.05.04 09:01:43.468,1.9865,1.9867,20.30,24.00
2007.05.04 09:01:45.124,1.9865,1.9866,20.30,0.80
2007.05.04 09:01:46.098,1.9865,1.9867,20.30,26.70
2007.05.04 09:01:46.401,1.9865,1.98665,20.30,0.80
2007.05.04 09:01:48.124,1.9865,1.98665,24.30,0.80
2007.05.04 09:01:48.454,1.9865,1.9867,20.30,16.80
2007.05.04 09:01:51.426,1.9865,1.98675,20.30,24.10
2007.05.04 09:01:52.339,1.9866,1.9867,2.40,0.50
2007.05.04 09:01:52.551,1.9866,1.98675,5.20,6.70
2007.05.04 09:01:52.769,1.9866,1.98675,7.60,6.60
2007.05.04 09:01:52.972,1.9866,1.9868,20.30,0.90
2007.05.04 09:01:53.772,1.9866,1.9868,21.10,0.70
2007.05.04 09:01:53.981,1.9867,1.98685,2.40,16.00
2007.05.04 09:01:54.214,1.9867,1.9868,2.40,0.90
2007.05.04 09:01:54.430,1.9867,1.9868,1.60,0.70
2007.05.04 09:01:54.762,1.9867,1.9868,1.60,0.90
2007.05.04 09:01:54.972,1.9866,1.98685,23.50,24.10
2007.05.04 09:01:55.335,1.9866,1.9868,9.50,23.20
2007.05.04 09:01:56.077,1.9866,1.9868,13.50,23.20
2007.05.04 09:01:56.422,1.9866,1.9867,9.50,0.70
2007.05.04 09:01:58.682,1.9866,1.9868,5.60,31.10
2007.05.04 09:01:59.498,1.9866,1.9868,2.40,34.40
2007.05.04 09:01:59.952,1.9866,1.98675,2.40,14.00
2007.05.04 09:02:00.408,1.9866,1.9867,2.40,0.50
2007.05.04 09:02:00.738,1.9866,1.98675,2.40,9.40
2007.05.04 09:02:01.052,1.9866,1.98675,2.40,15.30
2007.05.04 09:02:04.399,1.9866,1.98675,2.40,15.20
2007.05.04 09:02:04.941,1.9865,1.98675,13.50,27.40
2007.05.04 09:02:05.153,1.9865,1.9866,13.50,0.60
2007.05.04 09:02:05.960,1.9865,1.98675,27.50,20.10
2007.05.04 09:02:06.167,1.9865,1.9867,31.50,0.80
2007.05.04 09:02:06.472,1.9865,1.9867,10.00,0.60
2007.05.04 09:02:06.716,1.9865,1.9866,10.00,0.80
2007.05.04 09:02:07.050,1.9865,1.9867,6.00,40.90
2007.05.04 09:02:09.972,1.9865,1.9867,5.20,40.30
2007.05.04 09:02:10.272,1.9865,1.9866,5.20,0.70
2007.05.04 09:02:10.540,1.9865,1.9866,2.80,0.80
2007.05.04 09:02:10.753,1.9865,1.98665,2.80,30.10
2007.05.04 09:02:10.979,1.9865,1.98665,2.80,31.80
2007.05.04 09:02:11.363,1.9864,1.9865,10.40,0.90
2007.05.04 09:02:14.452,1.9865,1.98665,2.80,29.10
2007.05.04 09:02:14.755,1.9865,1.98665,2.80,29.20
2007.05.04 09:02:15.760,1.9865,1.9866,2.80,0.50
2007.05.04 09:02:16.430,1.9865,1.9866,2.80,31.70
2007.05.04 09:02:18.746,1.9864,1.9866,9.20,35.70
2007.05.04 09:02:26.021,1.9865,1.9866,1.70,33.50
2007.05.04 09:02:29.971,1.9864,1.9865,9.20,4.00
2007.05.04 09:02:30.237,1.9864,1.9865,13.20,4.10
2007.05.04 09:02:30.656,1.9864,1.9865,13.20,4.00
2007.05.04 09:02:31.408,1.9865,1.9866,0.90,28.90
2007.05.04 09:02:32.610,1.9865,1.98655,0.70,3.30
2007.05.04 09:02:33.405,1.9865,1.98655,0.80,3.30
2007.05.04 09:02:33.640,1.9865,1.9866,0.80,9.60
2007.05.04 09:02:34.099,1.9864,1.9865,6.80,12.40
2007.05.04 09:02:34.330,1.9864,1.9865,6.80,9.10
2007.05.04 09:02:34.583,1.9865,1.9866,0.80,12.00
2007.05.04 09:02:36.063,1.9864,1.9865,6.80,16.50
2007.05.04 09:02:37.169,1.9864,1.9865,6.80,12.50
2007.05.04 09:02:37.390,1.9863,1.9864,3.20,4.00
2007.05.04 09:02:37.596,1.98635,1.9864,6.80,4.00
2007.05.04 09:02:39.277,1.98635,1.9864,4.00,4.00
2007.05.04 09:02:39.830,1.9863,1.9864,4.60,4.00
2007.05.04 09:02:40.649,1.98625,1.9864,19.60,4.00
2007.05.04 09:02:41.040,1.98625,1.9864,15.60,4.00
2007.05.04 09:02:41.625,1.9863,1.9864,6.40,4.00
2007.05.04 09:02:42.630,1.98625,1.9864,15.60,4.00
2007.05.04 09:03:26.532,1.9863,1.9864,5.20,4.00
2007.05.04 09:03:40.237,1.9863,1.9864,5.20,8.00
2007.05.04 09:03:40.922,1.9863,1.9864,5.20,4.00
2007.05.04 09:03:44.897,1.9863,1.9864,7.60,4.00
2007.05.04 09:03:45.481,1.9863,1.9864,5.20,4.00
2007.05.04 09:03:49.131,1.9863,1.9864,5.20,8.00
2007.05.04 09:03:49.555,1.9863,1.9864,5.20,4.00
2007.05.04 09:03:53.071,1.9863,1.9865,5.20,38.10
2007.05.04 09:04:24.529,1.9863,1.9864,7.60,4.00
2007.05.04 09:04:26.378,1.9863,1.9865,7.60,30.70
2007.05.04 09:04:29.110,1.9863,1.98655,19.50,18.90
2007.05.04 09:04:29.355,1.9863,1.98655,21.90,9.70
2007.05.04 09:04:29.601,1.9864,1.9866,2.40,24.80
2007.05.04 09:04:30.109,1.9864,1.9866,2.40,20.00
2007.05.04 09:04:30.698,1.9864,1.9866,2.40,36.00
2007.05.04 09:04:34.180,1.9863,1.9865,17.90,0.80
2007.05.04 09:04:34.418,1.9863,1.9864,15.50,0.50
2007.05.04 09:04:37.143,1.9863,1.9865,17.10,22.90
2007.05.04 09:04:42.283,1.9864,1.9865,2.40,0.50
2007.05.04 09:04:42.823,1.9864,1.9865,2.40,0.70
2007.05.04 09:04:43.030,1.9864,1.9866,2.40,42.60
2007.05.04 09:04:43.278,1.9864,1.9866,2.40,41.70
2007.05.04 09:04:48.454,1.9863,1.9866,13.20,46.10
2007.05.04 09:04:49.069,1.9863,1.9866,17.20,38.50
2007.05.04 09:04:49.782,1.9863,1.9865,9.20,0.60
2007.05.04 09:04:49.994,1.9863,1.98655,9.20,34.50
2007.05.04 09:04:50.278,1.9863,1.9865,9.20,0.80
2007.05.04 09:04:50.842,1.9864,1.98655,2.80,29.60
2007.05.04 09:04:54.444,1.9864,1.9865,0.50,0.90
2007.05.04 09:04:57.111,1.9864,1.9865,1.00,32.00
2007.05.04 09:04:57.443,1.9864,1.9865,1.60,28.00
2007.05.04 09:04:58.107,1.9863,1.9865,8.40,27.20
2007.05.04 09:04:58.399,1.9863,1.9865,8.40,24.40
2007.05.04 09:04:58.611,1.9864,1.9865,1.50,6.50
2007.05.04 09:04:58.820,1.9864,1.9865,1.00,4.10
2007.05.04 09:04:59.076,1.9864,1.9865,2.30,6.50
2007.05.04 09:04:59.328,1.98635,1.9865,7.60,4.10
2007.05.04 09:05:00.646,1.98635,1.9865,7.60,8.10
2007.05.04 09:05:01.097,1.98635,1.9865,7.60,4.10
2007.05.04 09:05:02.098,1.98635,1.9865,5.20,19.20
2007.05.04 09:05:02.345,1.9864,1.9865,0.50,16.10
2007.05.04 09:05:10.064,1.9864,1.9865,1.50,16.10
2007.05.04 09:05:17.260,1.98635,1.9865,5.10,10.40
2007.05.04 09:05:19.022,1.98635,1.9865,5.10,14.40
2007.05.04 09:05:21.013,1.98635,1.9864,5.10,4.00
2007.05.04 09:05:22.628,1.98635,1.9865,5.10,10.30
2007.05.04 09:05:23.003,1.9864,1.9865,0.60,10.40
2007.05.04 09:05:23.559,1.98635,1.9865,7.50,8.00
2007.05.04 09:05:26.322,1.9864,1.9865,4.30,8.80
2007.05.04 09:05:26.540,1.9863,1.9864,15.10,2.00
2007.05.04 09:05:28.949,1.9864,1.9865,2.40,8.00
2007.05.04 09:05:29.317,1.9863,1.9865,13.10,20.50
2007.05.04 09:05:32.726,1.98625,1.9865,15.50,20.50
2007.05.04 09:05:35.953,1.98625,1.9865,15.50,24.50
2007.05.04 09:05:36.283,1.98625,1.9865,30.70,20.40
2007.05.04 09:05:38.945,1.9863,1.9865,4.60,16.40
2007.05.04 09:05:47.518,1.98625,1.9864,34.70,0.50
2007.05.04 09:05:49.118,1.9863,1.9864,4.80,0.20
2007.05.04 09:05:51.124,1.98625,1.9864,30.70,0.20
2007.05.04 09:05:51.849,1.9863,1.9865,7.70,15.60
2007.05.04 09:05:53.220,1.98625,1.9865,30.70,16.40
2007.05.04 09:05:53.666,1.9863,1.9865,6.50,15.60
2007.05.04 09:06:00.523,1.9863,1.9865,24.30,14.00
2007.05.04 09:06:11.812,1.9864,1.9865,3.60,6.40
2007.05.04 09:06:12.400,1.9863,1.9865,24.30,14.00
2007.05.04 09:06:12.668,1.98635,1.9865,1.60,14.00
2007.05.04 09:06:12.907,1.9864,1.9865,3.60,8.80
2007.05.04 09:06:13.808,1.9864,1.9865,2.80,11.20
2007.05.04 09:06:14.022,1.9863,1.9865,24.30,14.00
2007.05.04 09:06:16.128,1.9863,1.9865,24.30,18.00
2007.05.04 09:06:16.459,1.9863,1.9865,24.30,14.00
2007.05.04 09:06:17.790,1.9863,1.9865,24.30,22.50
2007.05.04 09:06:19.123,1.9863,1.9865,24.30,23.50
2007.05.04 09:06:21.745,1.9863,1.9865,28.30,23.50
2007.05.04 09:06:24.764,1.9863,1.9865,29.90,20.50
2007.05.04 09:06:24.979,1.9864,1.9865,3.60,13.00
2007.05.04 09:06:28.156,1.98635,1.9865,5.20,13.00
2007.05.04 09:06:31.613,1.9864,1.9865,3.60,16.00
2007.05.04 09:06:31.817,1.9863,1.9865,29.10,24.50
2007.05.04 09:06:32.073,1.9863,1.9865,26.70,25.50
2007.05.04 09:06:34.075,1.9863,1.9865,22.70,25.50
2007.05.04 09:06:36.387,1.9863,1.9865,26.70,15.50
2007.05.04 09:06:36.664,1.9863,1.9865,26.70,13.00
2007.05.04 09:06:36.990,1.9863,1.9865,29.10,13.00
2007.05.04 09:06:38.058,1.9863,1.9865,33.10,13.00
2007.05.04 09:06:39.047,1.9863,1.9865,29.10,14.00
2007.05.04 09:06:39.626,1.9863,1.9865,33.10,14.00
2007.05.04 09:06:42.364,1.9863,1.9865,33.10,14.20
2007.05.04 09:06:42.642,1.9863,1.9865,30.70,14.20
2007.05.04 09:06:43.363,1.9863,1.9865,30.70,14.00
2007.05.04 09:06:43.923,1.9863,1.9865,11.60,17.00
2007.05.04 09:06:44.173,1.9863,1.9865,9.20,17.00
2007.05.04 09:06:44.918,1.9863,1.9865,5.20,22.30
2007.05.04 09:06:45.593,1.9863,1.9865,13.10,17.00
2007.05.04 09:06:46.023,1.9863,1.9865,15.50,17.00
2007.05.04 09:06:47.295,1.9863,1.9865,15.50,17.30
2007.05.04 09:06:47.556,1.9863,1.9865,13.10,17.30
2007.05.04 09:06:49.678,1.9863,1.9865,17.10,17.30
2007.05.04 09:06:54.317,1.9863,1.9865,24.30,17.30
2007.05.04 09:06:54.545,1.9863,1.9865,30.70,14.30
2007.05.04 09:06:55.592,1.9863,1.9865,26.70,14.30
2007.05.04 09:06:58.299,1.9863,1.9865,26.70,14.00
2007.05.04 09:06:58.960,1.9863,1.9865,30.70,14.00
2007.05.04 09:06:59.627,1.9863,1.9865,26.70,14.00
2007.05.04 09:07:13.904,1.9864,1.9865,2.40,10.00
2007.05.04 09:07:15.544,1.9864,1.9865,15.60,5.00
2007.05.04 09:07:15.780,1.9864,1.9865,16.40,5.00
2007.05.04 09:07:16.895,1.9864,1.9865,28.30,5.00
2007.05.04 09:07:17.789,1.9864,1.9865,30.70,5.00
2007.05.04 09:07:18.003,1.9864,1.9865,33.90,5.00
2007.05.04 09:07:19.431,1.9864,1.9865,13.50,10.00
2007.05.04 09:07:19.649,1.9864,1.9865,17.50,10.00
2007.05.04 09:07:20.217,1.9864,1.9865,13.50,10.00
2007.05.04 09:07:20.557,1.9864,1.9865,17.50,10.00
2007.05.04 09:07:21.548,1.9864,1.9865,13.50,10.00
2007.05.04 09:07:25.521,1.9864,1.9865,5.50,5.00
2007.05.04 09:07:28.672,1.9864,1.9865,11.90,5.00
2007.05.04 09:07:32.184,1.9864,1.9865,7.90,5.00
2007.05.04 09:07:33.099,1.9864,1.9865,7.90,15.00
2007.05.04 09:07:35.280,1.9863,1.9865,27.40,15.00
2007.05.04 09:07:42.578,1.98645,1.9865,9.80,5.00
2007.05.04 09:07:42.840,1.98645,1.9865,14.00,5.00
2007.05.04 09:07:43.935,1.98645,1.9865,21.20,5.00
2007.05.04 09:07:44.196,1.98645,1.9865,36.30,5.00
2007.05.04 09:07:45.128,1.98645,1.9865,36.30,5.00
2007.05.04 09:07:47.562,1.98645,1.9865,40.30,5.00
2007.05.04 09:07:48.890,1.98645,1.9865,36.30,5.00
2007.05.04 09:07:49.143,1.98645,1.9865,29.90,5.00
2007.05.04 09:07:51.337,1.98645,1.9865,57.60,5.00
2007.05.04 09:07:53.106,1.98645,1.9865,33.90,5.00
2007.05.04 09:07:53.542,1.98645,1.9865,33.90,5.00
2007.05.04 09:07:55.084,1.98645,1.9865,19.80,5.00
2007.05.04 09:07:59.783,1.98645,1.9865,22.30,5.00
2007.05.04 09:08:03.504,1.98645,1.9865,26.00,5.00
2007.05.04 09:08:03.837,1.9865,1.9867,7.50,6.80
2007.05.04 09:08:04.505,1.9865,1.9867,25.90,10.80
2007.05.04 09:08:08.491,1.9865,1.9867,25.90,10.80
2007.05.04 09:08:08.750,1.9865,1.9867,25.90,8.40
2007.05.04 09:08:09.697,1.9865,1.9867,28.30,8.40
2007.05.04 09:08:10.128,1.9865,1.9867,28.30,4.40
2007.05.04 09:08:13.128,1.9865,1.9867,32.30,4.40
2007.05.04 09:08:14.008,1.9866,1.9867,0.20,24.60
2007.05.04 09:08:14.884,1.9866,1.9867,0.20,24.80
2007.05.04 09:08:16.456,1.9865,1.9866,9.20,0.20
2007.05.04 09:08:16.715,1.9865,1.9866,2.80,4.90
2007.05.04 09:08:16.946,1.9865,1.9866,2.80,4.80
2007.05.04 09:08:25.112,1.9864,1.9865,12.00,4.00
2007.05.04 09:08:25.337,1.9864,1.9865,4.00,4.00
2007.05.04 09:08:26.059,1.9863,1.9865,21.90,10.40
2007.05.04 09:08:26.277,1.9863,1.9865,17.10,10.40
2007.05.04 09:08:27.169,1.9863,1.9865,13.10,10.40
2007.05.04 09:08:28.545,1.9863,1.9865,13.10,10.60
2007.05.04 09:08:28.828,1.9863,1.9865,10.70,10.60
2007.05.04 09:08:29.190,1.9863,1.9865,13.10,10.60
2007.05.04 09:08:29.439,1.9863,1.9865,10.70,10.60
2007.05.04 09:08:29.536,1.98625,1.9865,13.10,10.60
2007.05.04 09:08:33.115,1.98625,1.9865,17.10,10.60
2007.05.04 09:08:34.481,1.9863,1.9865,1.50,14.60
2007.05.04 09:08:35.120,1.98625,1.9865,13.10,10.60
2007.05.04 09:08:37.500,1.98625,1.9865,5.20,10.60
2007.05.04 09:08:38.821,1.9862,1.9865,38.00,10.60
2007.05.04 09:08:39.493,1.9862,1.9865,34.00,14.60
2007.05.04 09:08:40.099,1.9863,1.9865,2.70,10.60
2007.05.04 09:08:41.059,1.9862,1.9864,35.60,4.00
2007.05.04 09:08:41.263,1.98625,1.9864,5.20,8.10
2007.05.04 09:08:42.104,1.98625,1.9864,5.20,12.10
2007.05.04 09:08:43.102,1.98625,1.9864,5.20,8.10
2007.05.04 09:08:44.014,1.98625,1.9864,5.20,12.10
2007.05.04 09:08:45.586,1.98625,1.9864,5.20,8.10
2007.05.04 09:08:45.801,1.98625,1.9864,5.20,8.00
2007.05.04 09:08:55.436,1.98625,1.9864,9.20,8.00
2007.05.04 09:08:58.082,1.9863,1.9864,1.80,8.00
2007.05.04 09:09:03.736,1.9864,1.9865,2.80,37.40
2007.05.04 09:09:06.826,1.9862,1.9863,3.20,8.00
2007.05.04 09:09:07.061,1.9862,1.9863,13.20,8.00
2007.05.04 09:09:07.267,1.9863,1.9864,12.00,2.00
2007.05.04 09:09:11.649,1.9863,1.9864,8.00,2.00
2007.05.04 09:09:15.367,1.9863,1.9865,10.00,25.30
2007.05.04 09:09:15.862,1.9863,1.9865,10.00,24.50
2007.05.04 09:09:15.896,1.9863,1.9865,10.00,0.70
2007.05.04 09:09:18.150,1.9863,1.9864,4.40,0.90
2007.05.04 09:09:18.400,1.9863,1.9865,2.40,47.00
2007.05.04 09:09:20.452,1.9863,1.9864,4.40,0.80
2007.05.04 09:09:20.804,1.9863,1.9865,10.50,48.30
2007.05.04 09:09:26.123,1.9864,1.9865,2.80,32.30
2007.05.04 09:09:26.395,1.9863,1.98655,20.50,35.70
2007.05.04 09:09:26.657,1.9863,1.9865,16.50,0.90
2007.05.04 09:09:30.321,1.9863,1.98655,16.50,38.00
2007.05.04 09:09:30.860,1.9863,1.98655,16.50,67.90
2007.05.04 09:09:31.101,1.9863,1.9865,16.50,0.50
2007.05.04 09:09:31.645,1.9863,1.9865,16.50,0.90
2007.05.04 09:09:32.068,1.9863,1.98655,16.50,34.10
2007.05.04 09:09:32.717,1.9863,1.98655,21.50,34.10
2007.05.04 09:09:33.408,1.9863,1.98655,21.50,34.00
2007.05.04 09:09:51.346,1.9863,1.98655,21.50,34.00
2007.05.04 09:09:55.673,1.9863,1.98655,21.50,34.00
2007.05.04 09:09:56.104,1.9863,1.98655,21.50,59.90
2007.05.04 09:10:03.095,1.9863,1.9865,16.50,29.90
2007.05.04 09:10:10.400,1.9863,1.9865,16.50,30.70
2007.05.04 09:10:10.733,1.9863,1.9865,11.50,45.20
2007.05.04 09:10:10.943,1.9863,1.9864,6.00,10.00
2007.05.04 09:10:12.078,1.9863,1.9864,5.00,10.80
2007.05.04 09:10:23.120,1.9863,1.9864,0.80,10.80
2007.05.04 09:10:44.933,1.9863,1.9865,10.00,31.10
2007.05.04 09:10:48.592,1.9863,1.9865,10.00,30.90
2007.05.04 09:10:50.698,1.9863,1.9865,10.00,37.30
2007.05.04 09:10:50.953,1.9863,1.9864,0.80,10.80
2007.05.04 09:10:51.235,1.9863,1.9864,1.60,10.00
2007.05.04 09:10:53.685,1.9863,1.9864,5.60,10.00
2007.05.04 09:10:53.915,1.9863,1.9865,10.00,30.90
2007.05.04 09:10:55.358,1.9863,1.9865,10.00,30.10
2007.05.04 09:10:56.360,1.9863,1.9864,3.60,4.00
2007.05.04 09:10:56.572,1.9863,1.9864,1.60,6.00
2007.05.04 09:10:57.906,1.9863,1.9864,8.00,2.00
2007.05.04 09:10:58.179,1.9863,1.9865,10.00,26.90
2007.05.04 09:10:58.646,1.9863,1.9865,10.00,26.10
2007.05.04 09:10:59.347,1.9863,1.9865,10.00,26.90
2007.05.04 09:11:03.968,1.9863,1.9865,10.00,26.70
2007.05.04 09:11:05.273,1.9863,1.9865,10.00,25.90
2007.05.04 09:11:05.498,1.9863,1.9865,22.70,8.00
2007.05.04 09:11:05.984,1.9863,1.9865,14.80,15.90
2007.05.04 09:11:07.934,1.9863,1.9865,16.40,15.90
2007.05.04 09:11:11.584,1.9863,1.9865,17.20,15.90
2007.05.04 09:11:12.572,1.9863,1.9865,20.40,15.90
2007.05.04 09:11:13.573,1.9863,1.9865,16.40,15.90
2007.05.04 09:11:18.160,1.9863,1.9865,20.40,15.90
2007.05.04 09:11:19.213,1.9863,1.9865,26.00,15.90
2007.05.04 09:11:19.457,1.9864,1.9865,9.20,4.00
2007.05.04 09:11:21.874,1.9864,1.9865,2.00,12.30
2007.05.04 09:11:22.135,1.9863,1.9865,24.40,12.30
2007.05.04 09:11:22.546,1.9863,1.9865,28.40,12.30
2007.05.04 09:11:23.097,1.9863,1.9865,25.20,4.00
2007.05.04 09:11:23.542,1.9863,1.9865,25.20,8.00
2007.05.04 09:11:24.691,1.9863,1.9865,25.20,4.00
2007.05.04 09:11:24.955,1.9863,1.9865,28.40,4.10
2007.05.04 09:11:25.505,1.9863,1.9865,29.20,4.10
2007.05.04 09:11:26.061,1.9863,1.9865,24.40,4.30
2007.05.04 09:11:27.864,1.9863,1.9865,24.40,12.20
2007.05.04 09:11:28.522,1.9863,1.9865,25.20,12.30
2007.05.04 09:11:30.412,1.9863,1.9865,25.20,13.10
2007.05.04 09:11:30.914,1.9863,1.9865,14.00,24.80
2007.05.04 09:11:31.170,1.9863,1.9865,10.00,25.60
2007.05.04 09:11:31.436,1.9863,1.9865,14.00,24.70
2007.05.04 09:11:31.645,1.9863,1.9865,22.00,12.30
2007.05.04 09:11:32.444,1.9863,1.9865,22.80,16.30
2007.05.04 09:11:37.056,1.9863,1.98655,22.80,17.10
2007.05.04 09:11:37.794,1.9863,1.9865,22.80,0.90
2007.05.04 09:11:38.088,1.9863,1.98655,22.80,13.00
2007.05.04 09:11:41.464,1.9863,1.98655,25.20,13.00
2007.05.04 09:11:43.922,1.9865,1.98655,4.00,12.40
2007.05.04 09:11:44.534,1.9865,1.98655,4.00,4.90
2007.05.04 09:11:44.790,1.9865,1.98655,4.00,4.80
2007.05.04 09:11:46.140,1.9863,1.9865,25.20,0.50
2007.05.04 09:11:55.989,1.9863,1.98655,25.20,5.00
2007.05.04 09:11:56.218,1.9863,1.98655,25.20,5.10
2007.05.04 09:11:56.755,1.9863,1.9865,25.20,0.80
2007.05.04 09:11:56.992,1.9863,1.98655,28.40,5.20
2007.05.04 09:11:57.447,1.9863,1.9866,29.20,46.40
2007.05.04 09:11:58.014,1.9863,1.9865,28.40,0.80
2007.05.04 09:11:58.511,1.9863,1.9866,29.20,46.40
2007.05.04 09:11:59.203,1.9863,1.9866,29.20,46.70
2007.05.04 09:11:59.492,1.9863,1.9866,29.20,46.50
2007.05.04 09:11:59.702,1.9863,1.9866,29.20,46.80
2007.05.04 09:12:00.478,1.9863,1.9865,26.00,0.60
2007.05.04 09:12:01.073,1.9863,1.98655,30.70,10.10
2007.05.04 09:12:01.400,1.9863,1.9865,30.70,0.80
2007.05.04 09:12:01.719,1.9863,1.98655,30.70,4.90
2007.05.04 09:12:02.201,1.9863,1.98655,26.70,4.90
2007.05.04 09:12:04.137,1.9863,1.98655,30.70,4.90
2007.05.04 09:12:07.139,1.9863,1.9865,26.70,4.10
2007.05.04 09:12:11.463,1.9863,1.9865,29.10,4.10
2007.05.04 09:12:14.083,1.9863,1.9865,29.10,0.70
2007.05.04 09:12:15.058,1.9864,1.9866,2.20,46.80
2007.05.04 09:12:15.354,1.9864,1.9865,6.80,0.90
2007.05.04 09:12:15.526,1.98635,1.9866,10.80,41.10
2007.05.04 09:12:15.604,1.98635,1.98665,13.20,20.90
2007.05.04 09:12:15.852,1.9864,1.9866,0.70,0.80
2007.05.04 09:12:16.101,1.9864,1.9866,0.70,0.70
2007.05.04 09:12:16.432,1.9864,1.9866,0.50,0.50
2007.05.04 09:12:17.088,1.98635,1.98665,4.80,18.60
2007.05.04 09:12:17.299,1.98635,1.98665,0.80,18.90
2007.05.04 09:12:18.086,1.9863,1.98655,18.80,31.60
2007.05.04 09:12:19.127,1.9863,1.98655,14.80,31.60
2007.05.04 09:12:19.456,1.9863,1.9865,12.40,0.80
2007.05.04 09:12:19.696,1.9863,1.98655,11.60,35.70
2007.05.04 09:12:20.553,1.9863,1.98655,7.60,35.70
2007.05.04 09:12:23.176,1.9863,1.9865,0.80,0.70
2007.05.04 09:12:31.155,1.9863,1.9865,0.80,0.70
2007.05.04 09:12:33.574,1.9863,1.9864,0.50,0.70
2007.05.04 09:12:33.812,1.98625,1.98645,3.60,18.50
2007.05.04 09:12:35.666,1.98625,1.98645,3.60,22.50
2007.05.04 09:12:36.001,1.98625,1.98645,3.60,18.50
2007.05.04 09:12:38.992,1.9862,1.98645,27.50,20.50
2007.05.04 09:12:41.213,1.9862,1.98645,19.60,28.40
2007.05.04 09:12:41.420,1.9863,1.9864,0.80,0.90
2007.05.04 09:12:43.990,1.9862,1.98645,15.60,28.50
2007.05.04 09:12:45.576,1.9863,1.9864,0.80,23.50
2007.05.04 09:12:46.706,1.9862,1.98645,15.60,28.40
2007.05.04 09:12:47.136,1.98625,1.98645,3.60,9.70
2007.05.04 09:12:47.406,1.9863,1.9864,0.50,0.50
2007.05.04 09:12:50.770,1.98625,1.9865,6.00,40.70
2007.05.04 09:12:51.037,1.9863,1.9864,0.70,0.90
2007.05.04 09:12:51.253,1.9863,1.9865,0.50,0.60
2007.05.04 09:12:51.891,1.9863,1.9865,2.80,31.20
2007.05.04 09:12:53.113,1.9863,1.9865,2.80,40.20
2007.05.04 09:12:53.553,1.9863,1.9865,2.80,40.10
2007.05.04 09:12:53.761,1.9863,1.9865,9.20,30.50
2007.05.04 09:12:53.990,1.9863,1.98655,9.20,36.90
2007.05.04 09:12:54.217,1.9863,1.9865,10.00,0.50
2007.05.04 09:12:54.437,1.9863,1.9865,10.00,0.50
2007.05.04 09:12:54.650,1.9863,1.9865,14.00,0.60
2007.05.04 09:12:54.880,1.9863,1.98655,14.00,36.50
2007.05.04 09:12:55.474,1.9863,1.9865,14.80,0.80
2007.05.04 09:12:56.118,1.9863,1.98655,14.80,32.50
2007.05.04 09:12:57.114,1.9863,1.9865,14.00,0.70
2007.05.04 09:12:57.829,1.9863,1.98655,14.00,32.50
2007.05.04 09:12:58.136,1.9863,1.9865,14.80,0.50
2007.05.04 09:12:59.504,1.9863,1.9865,1.60,36.20
2007.05.04 09:12:59.792,1.9863,1.9865,1.60,39.40
2007.05.04 09:13:00.464,1.9863,1.9865,5.60,35.40
2007.05.04 09:13:00.700,1.9863,1.9864,8.00,0.60
2007.05.04 09:13:00.940,1.9863,1.98655,10.00,32.90
2007.05.04 09:13:01.678,1.9863,1.9865,10.00,0.50
2007.05.04 09:13:01.957,1.9863,1.9865,10.80,0.90
2007.05.04 09:13:02.523,1.9863,1.9865,10.80,0.70
2007.05.04 09:13:07.614,1.98625,1.98655,14.80,32.90
2007.05.04 09:13:13.146,1.98625,1.98655,17.20,31.30
2007.05.04 09:13:15.474,1.9863,1.9865,0.70,0.50
2007.05.04 09:13:15.707,1.98625,1.98655,33.10,8.50
2007.05.04 09:13:15.946,1.98625,1.98655,33.10,10.10
2007.05.04 09:13:16.162,1.98625,1.9866,39.50,46.80
2007.05.04 09:13:16.471,1.98625,1.9866,43.50,42.80
2007.05.04 09:13:17.073,1.9863,1.9866,43.50,17.90
2007.05.04 09:13:18.130,1.98645,1.98665,10.40,4.40
2007.05.04 09:13:18.355,1.98645,1.9867,16.40,31.20
2007.05.04 09:13:18.637,1.9865,1.98665,0.50,0.80
2007.05.04 09:13:18.859,1.9864,1.98665,45.10,3.20
2007.05.04 09:13:19.660,1.9864,1.98665,45.10,7.20
2007.05.04 09:13:20.083,1.9865,1.98665,0.80,0.50
2007.05.04 09:13:20.290,1.9865,1.9867,0.60,0.50
2007.05.04 09:13:20.496,1.98645,1.98675,16.40,32.80
2007.05.04 09:13:21.118,1.9865,1.9867,0.50,0.50
2007.05.04 09:13:21.647,1.98645,1.98675,22.80,36.60
2007.05.04 09:13:22.785,1.98645,1.98675,22.80,32.60
2007.05.04 09:13:24.432,1.98645,1.98675,22.80,36.60
2007.05.04 09:13:25.361,1.98645,1.98675,22.80,36.40
2007.05.04 09:13:31.909,1.98645,1.98675,23.60,36.40
2007.05.04 09:13:32.187,1.9865,1.9867,0.90,0.50
2007.05.04 09:13:33.073,1.98645,1.98675,25.20,30.80
2007.05.04 09:13:35.838,1.98645,1.98675,33.10,7.20
2007.05.04 09:13:38.049,1.9865,1.9867,26.70,0.50
2007.05.04 09:13:39.614,1.9865,1.98675,30.70,7.20
2007.05.04 09:13:42.612,1.9865,1.9867,28.30,0.50
2007.05.04 09:13:43.617,1.9866,1.98675,0.20,7.20
2007.05.04 09:13:43.868,1.9866,1.98675,0.20,12.40
2007.05.04 09:13:44.156,1.9866,1.9867,0.20,0.80
2007.05.04 09:13:50.005,1.9866,1.98675,0.20,22.90
2007.05.04 09:13:50.269,1.9866,1.98675,0.20,5.60
2007.05.04 09:13:56.640,1.9866,1.9867,0.20,6.40
2007.05.04 09:13:57.649,1.9866,1.9867,0.20,2.40
2007.05.04 09:13:57.968,1.9865,1.9866,30.70,4.00
2007.05.04 09:14:04.602,1.9866,1.9867,0.20,14.80
2007.05.04 09:14:08.573,1.9866,1.9867,0.20,18.80
2007.05.04 09:14:09.799,1.9866,1.9867,0.20,6.50
2007.05.04 09:14:10.262,1.9866,1.9867,0.20,6.40
2007.05.04 09:14:10.923,1.9866,1.9867,0.20,2.40
2007.05.04 09:14:11.915,1.9865,1.9867,30.90,2.40
2007.05.04 09:14:12.253,1.9866,1.9867,0.20,10.00
2007.05.04 09:14:12.498,1.9865,1.9867,29.50,14.80
2007.05.04 09:14:13.598,1.98655,1.9867,1.00,12.40
2007.05.04 09:14:15.843,1.98655,1.9868,38.80,9.00
2007.05.04 09:14:16.079,1.98655,1.9868,39.20,6.40
2007.05.04 09:14:16.615,1.98655,1.9868,39.20,2.40
2007.05.04 09:14:17.894,1.98655,1.9868,39.40,2.40
2007.05.04 09:14:18.458,1.98655,1.9868,39.40,2.40
2007.05.04 09:14:19.016,1.98655,1.9868,39.40,2.40
2007.05.04 09:14:20.018,1.98655,1.9868,39.40,2.40
2007.05.04 09:14:20.339,1.9866,1.9868,0.50,2.40
2007.05.04 09:14:21.009,1.9866,1.9868,9.70,2.40
2007.05.04 09:14:21.350,1.98655,1.9868,39.40,2.40
2007.05.04 09:14:21.671,1.98655,1.9868,39.20,2.40
2007.05.04 09:14:22.347,1.9866,1.9868,20.30,6.40
2007.05.04 09:14:22.645,1.9866,1.9868,20.30,4.00
2007.05.04 09:14:23.242,1.9867,1.98685,1.40,0.80
2007.05.04 09:14:23.471,1.98665,1.98685,16.40,0.80
2007.05.04 09:14:24.995,1.98665,1.98685,17.20,0.80
2007.05.04 09:14:26.301,1.98665,1.98685,27.20,0.80
2007.05.04 09:14:26.527,1.98665,1.98685,34.70,0.80
2007.05.04 09:14:26.789,1.9867,1.98685,3.00,0.80
2007.05.04 09:14:27.650,1.98665,1.98685,33.90,0.80
2007.05.04 09:14:27.912,1.98675,1.98685,12.80,0.80
2007.05.04 09:14:28.110,1.98675,1.9869,12.80,2.00
2007.05.04 09:14:28.321,1.9868,1.9869,2.80,2.80
2007.05.04 09:14:29.978,1.9868,1.9869,1.10,2.80
2007.05.04 09:14:30.312,1.98675,1.9869,4.00,2.80
2007.05.04 09:14:30.516,1.9868,1.9869,1.10,3.60
2007.05.04 09:14:30.806,1.9868,1.9869,0.60,6.00
2007.05.04 09:14:31.103,1.9868,1.9869,1.50,9.20
2007.05.04 09:14:31.315,1.9867,1.9869,36.00,9.20
2007.05.04 09:14:31.875,1.9869,1.987,0.80,27.10
2007.05.04 09:14:32.244,1.98685,1.987,4.00,13.20
2007.05.04 09:14:32.498,1.98685,1.987,5.60,6.00
2007.05.04 09:14:32.713,1.9869,1.987,0.90,2.00
2007.05.04 09:14:37.287,1.98685,1.987,21.50,2.00
2007.05.04 09:14:37.512,1.98685,1.9871,31.50,15.60
2007.05.04 09:14:37.947,1.98695,1.9871,0.80,15.60
2007.05.04 09:14:38.620,1.98695,1.9871,0.80,19.60
2007.05.04 09:14:39.617,1.9869,1.9871,23.50,15.60
2007.05.04 09:14:40.608,1.98695,1.9871,0.80,19.60
2007.05.04 09:14:41.901,1.98695,1.9871,0.80,15.60
2007.05.04 09:14:44.852,1.98695,1.9871,0.80,11.60
2007.05.04 09:14:45.359,1.987,1.9871,2.40,4.40
2007.05.04 09:14:46.151,1.987,1.9871,6.40,4.40
2007.05.04 09:14:46.615,1.987,1.9871,2.40,4.40
2007.05.04 09:14:47.911,1.9871,1.9873,2.40,36.90
2007.05.04 09:14:48.200,1.9871,1.9873,2.40,36.60
2007.05.04 09:14:48.443,1.9871,1.9872,12.40,4.00
2007.05.04 09:14:48.942,1.9871,1.9873,12.40,22.70
2007.05.04 09:14:49.830,1.9871,1.9873,3.20,26.70
2007.05.04 09:14:50.050,1.9871,1.9873,2.40,26.70
2007.05.04 09:14:50.471,1.9871,1.9873,6.40,29.10
2007.05.04 09:14:50.744,1.9871,1.9873,2.40,33.10
2007.05.04 09:14:51.483,1.987,1.9873,34.70,40.30
2007.05.04 09:14:51.687,1.987,1.9872,32.30,4.00
2007.05.04 09:14:52.591,1.987,1.9872,36.30,4.00
2007.05.04 09:14:53.154,1.987,1.9872,32.30,4.00
2007.05.04 09:14:53.588,1.987,1.9872,36.30,4.00
2007.05.04 09:14:54.217,1.987,1.9872,32.30,4.00
2007.05.04 09:14:56.122,1.987,1.9872,36.40,4.00
2007.05.04 09:14:56.435,1.987,1.9872,36.20,4.00
2007.05.04 09:14:56.744,1.987,1.9873,38.60,28.30
2007.05.04 09:14:57.228,1.98705,1.9873,0.80,28.30
2007.05.04 09:14:59.567,1.98705,1.9873,0.80,30.70
2007.05.04 09:14:59.900,1.9871,1.9873,0.20,30.70
2007.05.04 09:15:00.562,1.98705,1.9873,0.80,30.70
2007.05.04 09:15:00.906,1.98705,1.9873,0.80,32.30
2007.05.04 09:15:01.124,1.98705,1.9873,0.80,29.90
2007.05.04 09:15:01.431,1.98705,1.9872,0.80,4.00
2007.05.04 09:15:02.036,1.98705,1.9873,0.80,41.90
2007.05.04 09:15:02.891,1.9871,1.98735,0.30,37.20
2007.05.04 09:15:03.173,1.9871,1.98735,0.30,41.20
2007.05.04 09:15:03.464,1.9871,1.98735,1.10,41.20
2007.05.04 09:15:03.704,1.9871,1.98735,3.50,41.20
2007.05.04 09:15:03.938,1.9871,1.98735,5.50,41.20
2007.05.04 09:15:04.214,1.9871,1.98735,11.60,37.20
2007.05.04 09:15:04.454,1.9871,1.98735,10.80,33.20
2007.05.04 09:15:04.894,1.9871,1.98735,0.30,37.20
2007.05.04 09:15:05.211,1.98715,1.9873,1.60,0.60
2007.05.04 09:15:05.417,1.9872,1.98735,3.60,9.60
2007.05.04 09:15:05.880,1.9872,1.9874,2.80,56.20
2007.05.04 09:15:16.831,1.9872,1.9874,2.80,52.20
2007.05.04 09:15:17.079,1.9872,1.9873,2.80,0.90
2007.05.04 09:15:17.556,1.9872,1.98735,2.80,10.40
2007.05.04 09:15:20.481,1.9871,1.98735,22.40,23.50
2007.05.04 09:15:20.790,1.98715,1.9873,0.80,0.90
2007.05.04 09:15:21.484,1.9871,1.9873,13.30,0.50
2007.05.04 09:15:21.815,1.9871,1.9873,13.30,25.90
2007.05.04 09:15:22.023,1.9871,1.9873,2.40,39.50
2007.05.04 09:15:22.478,1.9871,1.9873,6.40,39.50
2007.05.04 09:15:23.472,1.9871,1.9873,2.40,39.50
2007.05.04 09:15:25.802,1.9871,1.9872,2.40,0.50
2007.05.04 09:15:26.019,1.98705,1.98725,0.80,25.90
2007.05.04 09:15:29.120,1.987,1.9871,10.80,0.70
2007.05.04 09:15:29.360,1.987,1.9872,10.00,29.20
2007.05.04 09:15:29.794,1.987,1.9872,3.20,33.70
2007.05.04 09:15:30.006,1.9869,1.9872,33.10,47.70
2007.05.04 09:15:30.215,1.9869,1.9872,35.50,47.50
2007.05.04 09:15:30.450,1.9869,1.987,15.20,6.80
2007.05.04 09:15:30.661,1.9869,1.987,0.80,6.80
2007.05.04 09:15:30.957,1.9868,1.987,32.30,6.80
2007.05.04 09:15:31.378,1.9868,1.987,15.10,8.00
2007.05.04 09:15:31.587,1.9869,1.987,4.00,12.40
2007.05.04 09:15:31.840,1.9869,1.987,4.00,15.80
2007.05.04 09:15:32.087,1.9868,1.987,11.90,15.80
2007.05.04 09:15:32.558,1.9867,1.987,33.50,34.10
2007.05.04 09:15:32.750,1.9867,1.987,33.50,35.00
2007.05.04 09:15:33.010,1.9868,1.987,7.90,19.90
2007.05.04 09:15:33.277,1.9867,1.987,27.90,40.80
2007.05.04 09:15:33.480,1.9867,1.9869,17.50,18.40
2007.05.04 09:15:33.725,1.9867,1.9869,19.90,14.40
2007.05.04 09:15:34.017,1.9867,1.9869,33.50,4.00
2007.05.04 09:15:34.601,1.9867,1.987,37.50,33.80
2007.05.04 09:15:35.445,1.9867,1.987,42.70,39.00
2007.05.04 09:15:36.075,1.9867,1.987,40.30,39.00
2007.05.04 09:15:36.459,1.9868,1.987,10.00,29.10
2007.05.04 09:15:37.435,1.9868,1.987,10.00,33.10
2007.05.04 09:15:39.152,1.9868,1.987,10.00,29.10
2007.05.04 09:15:40.241,1.9869,1.987,2.40,26.70
2007.05.04 09:15:40.464,1.987,1.98705,0.80,7.30
2007.05.04 09:15:40.710,1.9869,1.987,2.30,21.10
2007.05.04 09:15:41.008,1.9869,1.987,7.90,21.10
2007.05.04 09:15:41.222,1.9869,1.9871,14.00,29.10
2007.05.04 09:15:41.532,1.9869,1.987,15.00,4.00
2007.05.04 09:15:42.055,1.9869,1.987,16.50,4.00
2007.05.04 09:15:42.331,1.98695,1.987,1.60,4.00
2007.05.04 09:15:42.559,1.987,1.9871,0.80,10.80
2007.05.04 09:15:42.861,1.98695,1.9871,0.80,10.80
2007.05.04 09:15:43.154,1.987,1.9871,0.80,10.80
2007.05.04 09:15:43.552,1.987,1.9872,13.20,29.10
2007.05.04 09:15:44.150,1.987,1.9872,12.40,29.10
2007.05.04 09:15:44.534,1.987,1.9872,11.60,29.10
2007.05.04 09:15:45.178,1.987,1.9872,19.50,17.20
2007.05.04 09:15:46.537,1.987,1.9872,11.60,25.90
2007.05.04 09:15:47.533,1.987,1.9872,15.60,25.90
2007.05.04 09:15:48.861,1.987,1.9872,11.60,25.90
2007.05.04 09:15:49.123,1.98695,1.9872,20.40,25.90
2007.05.04 09:15:49.524,1.9872,1.98725,1.60,8.10
2007.05.04 09:15:50.188,1.987,1.9872,4.80,25.90
2007.05.04 09:15:51.545,1.98695,1.9872,24.40,25.90
2007.05.04 09:15:52.201,1.987,1.9872,6.70,24.30
2007.05.04 09:15:52.536,1.98695,1.9872,22.00,24.30
2007.05.04 09:15:53.092,1.987,1.9872,17.20,24.30
2007.05.04 09:15:54.215,1.987,1.9872,13.20,24.30
2007.05.04 09:15:54.863,1.987,1.9872,13.20,25.10
2007.05.04 09:15:55.855,1.987,1.9871,13.20,4.00
2007.05.04 09:15:56.168,1.98695,1.9871,0.80,11.60
2007.05.04 09:15:56.492,1.98695,1.9871,0.80,15.60
2007.05.04 09:15:57.468,1.98695,1.9871,0.80,11.60
2007.05.04 09:15:58.463,1.9869,1.9871,33.40,11.60
2007.05.04 09:16:00.395,1.98695,1.9871,0.80,21.90
2007.05.04 09:16:00.848,1.9869,1.9871,26.10,15.50
2007.05.04 09:16:01.061,1.987,1.9871,4.00,4.00
2007.05.04 09:16:03.485,1.987,1.98715,4.00,4.80
2007.05.04 09:16:03.842,1.9869,1.9871,28.70,0.90
2007.05.04 09:16:04.145,1.9869,1.9871,26.30,0.80
2007.05.04 09:16:04.445,1.987,1.9871,0.80,0.90
2007.05.04 09:16:12.444,1.987,1.98725,14.00,36.60
2007.05.04 09:16:12.711,1.987,1.98725,14.00,36.50
2007.05.04 09:16:13.185,1.987,1.98725,14.00,32.50
2007.05.04 09:16:13.837,1.987,1.98725,14.00,26.00
2007.05.04 09:16:14.044,1.987,1.9872,25.90,0.70
2007.05.04 09:16:16.765,1.987,1.98725,28.30,4.80
2007.05.04 09:16:17.860,1.987,1.98725,28.40,4.80
2007.05.04 09:16:18.108,1.987,1.9872,32.40,0.50
2007.05.04 09:16:18.851,1.987,1.98725,30.00,4.80
2007.05.04 09:16:20.846,1.987,1.98725,29.90,4.80
2007.05.04 09:16:21.105,1.987,1.98725,25.90,4.80
2007.05.04 09:16:21.414,1.987,1.9872,25.90,0.60
2007.05.04 09:16:21.813,1.987,1.9872,29.90,0.60
2007.05.04 09:16:22.124,1.987,1.9872,25.90,0.90
2007.05.04 09:16:22.432,1.987,1.98725,25.90,4.80
2007.05.04 09:16:22.686,1.987,1.98725,26.00,4.80
2007.05.04 09:16:22.942,1.987,1.98725,29.90,4.80
2007.05.04 09:16:23.171,1.987,1.98725,30.00,4.80
2007.05.04 09:16:24.092,1.987,1.9872,28.40,0.80
2007.05.04 09:16:24.499,1.987,1.9872,18.10,0.80
2007.05.04 09:16:25.498,1.987,1.98725,18.00,32.40
2007.05.04 09:16:25.760,1.987,1.9872,14.00,0.50
2007.05.04 09:16:27.977,1.98695,1.98725,22.80,32.40
2007.05.04 09:16:29.522,1.98695,1.98725,14.80,32.40
2007.05.04 09:16:29.855,1.98695,1.98725,14.80,34.00
2007.05.04 09:16:30.848,1.98695,1.98725,14.80,33.90
2007.05.04 09:16:31.149,1.98695,1.98725,14.80,38.00
2007.05.04 09:16:31.510,1.987,1.9872,0.90,0.50
2007.05.04 09:16:33.043,1.98695,1.9872,29.10,8.00
2007.05.04 09:16:33.295,1.98695,1.9871,26.40,2.80
2007.05.04 09:16:33.503,1.987,1.9871,2.60,2.80
2007.05.04 09:16:33.759,1.98695,1.9871,28.00,2.80
2007.05.04 09:16:34.500,1.98695,1.9871,24.00,2.80
2007.05.04 09:16:36.498,1.98695,1.9871,16.10,2.80
2007.05.04 09:16:37.031,1.987,1.9871,4.80,2.80
2007.05.04 09:16:38.483,1.987,1.9871,3.20,2.80
2007.05.04 09:16:40.513,1.987,1.9871,3.70,2.80
2007.05.04 09:16:41.510,1.98695,1.9871,9.60,2.80
2007.05.04 09:16:43.839,1.987,1.9871,3.40,2.70
2007.05.04 09:16:52.461,1.98695,1.9871,5.60,2.70
2007.05.04 09:16:52.867,1.987,1.9871,1.20,6.70
2007.05.04 09:16:53.127,1.9869,1.9871,35.60,10.70
2007.05.04 09:16:56.438,1.98695,1.9871,18.30,10.70
2007.05.04 09:16:56.693,1.987,1.9872,1.10,10.00
2007.05.04 09:16:57.019,1.987,1.9872,13.20,28.30
2007.05.04 09:16:57.246,1.987,1.9871,2.40,2.80
2007.05.04 09:16:57.811,1.9869,1.9871,39.60,6.80
2007.05.04 09:16:58.135,1.9869,1.9871,36.40,13.20
2007.05.04 09:16:58.373,1.9869,1.9871,20.40,25.90
2007.05.04 09:16:58.618,1.9869,1.9871,16.40,25.10
2007.05.04 09:17:01.043,1.98695,1.9871,0.80,15.50
2007.05.04 09:17:01.302,1.98695,1.9871,0.80,7.60
2007.05.04 09:17:04.488,1.987,1.9871,15.10,3.60
2007.05.04 09:17:04.730,1.987,1.9872,25.10,18.00
2007.05.04 09:17:05.029,1.987,1.9871,9.60,2.80
2007.05.04 09:17:05.275,1.987,1.9871,5.60,2.80
2007.05.04 09:17:06.244,1.987,1.9871,2.00,2.80
2007.05.04 09:17:06.840,1.98695,1.9872,17.20,30.70
2007.05.04 09:17:09.115,1.98695,1.9872,17.20,29.90
2007.05.04 09:17:09.495,1.987,1.9871,2.20,4.00
2007.05.04 09:17:09.718,1.98695,1.9871,3.20,6.80
2007.05.04 09:17:15.154,1.98695,1.9871,0.80,7.60
2007.05.04 09:17:18.070,1.987,1.9871,2.40,3.60
2007.05.04 09:17:18.275,1.987,1.9872,6.00,34.70
2007.05.04 09:17:18.543,1.987,1.9872,8.40,34.70
2007.05.04 09:17:19.260,1.987,1.9872,4.30,34.70
2007.05.04 09:17:19.555,1.987,1.9872,1.50,1.80
2007.05.04 09:17:19.671,1.987,1.9872,2.90,2.50
2007.05.04 09:17:20.062,1.987,1.9871,0.80,10.80
2007.05.04 09:17:20.353,1.98695,1.9871,0.80,11.60
2007.05.04 09:17:21.090,1.987,1.9871,2.60,0.80
2007.05.04 09:17:21.367,1.98695,1.9872,10.80,34.70
2007.05.04 09:17:21.609,1.98695,1.9872,17.20,34.70
2007.05.04 09:17:22.101,1.98695,1.9872,17.20,30.70
2007.05.04 09:17:23.440,1.98695,1.9872,21.20,30.70
2007.05.04 09:17:24.425,1.98695,1.9872,17.20,30.70
2007.05.04 09:17:28.084,1.987,1.9872,1.30,30.70
2007.05.04 09:17:29.080,1.98695,1.9872,10.80,34.70
2007.05.04 09:17:30.078,1.987,1.9872,2.90,30.70
2007.05.04 09:17:33.715,1.98695,1.9871,0.80,7.60
2007.05.04 09:17:35.869,1.98695,1.9872,10.80,34.70
2007.05.04 09:17:37.051,1.98695,1.9872,10.80,30.70
2007.05.04 09:17:37.613,1.98695,1.9872,10.80,34.70
2007.05.04 09:17:38.715,1.98695,1.9871,8.00,2.80
2007.05.04 09:17:39.132,1.98685,1.9871,33.20,11.60
2007.05.04 09:17:39.396,1.9869,1.9871,31.60,11.60
2007.05.04 09:17:40.642,1.98695,1.98715,7.60,0.80
2007.05.04 09:17:40.991,1.98695,1.9872,8.40,34.70
2007.05.04 09:17:41.270,1.9869,1.9871,39.60,7.60
2007.05.04 09:17:41.523,1.9869,1.9871,39.60,7.60
2007.05.04 09:17:43.361,1.98685,1.9871,41.00,7.60
2007.05.04 09:17:43.593,1.9869,1.9871,39.40,3.60
2007.05.04 09:17:43.872,1.987,1.98715,2.50,0.80
2007.05.04 09:17:44.097,1.987,1.9872,1.90,34.80
2007.05.04 09:17:44.685,1.98695,1.9872,10.00,34.70
2007.05.04 09:17:46.370,1.987,1.9872,2.10,33.90
2007.05.04 09:17:46.688,1.98695,1.9871,5.60,6.80
2007.05.04 09:17:46.955,1.98695,1.9871,7.20,6.80
2007.05.04 09:17:47.163,1.987,1.9871,0.80,10.80
2007.05.04 09:18:07.721,1.9869,1.9871,31.40,11.60
2007.05.04 09:18:07.947,1.9869,1.9871,31.50,11.60
2007.05.04 09:18:08.613,1.9869,1.9871,31.40,11.60
2007.05.04 09:18:09.605,1.987,1.9871,0.80,10.80
2007.05.04 09:18:11.591,1.9869,1.9871,28.40,14.00
2007.05.04 09:18:11.730,1.98685,1.9871,33.20,14.00
2007.05.04 09:18:11.927,1.98685,1.9871,20.30,25.90
2007.05.04 09:18:12.711,1.98685,1.9871,24.30,25.90
2007.05.04 09:18:13.641,1.98685,1.9871,20.30,25.90
2007.05.04 09:18:17.639,1.98685,1.9871,24.30,25.90
2007.05.04 09:18:19.310,1.98685,1.9871,24.00,25.90
2007.05.04 09:18:19.515,1.9869,1.9871,2.70,29.90
2007.05.04 09:18:20.237,1.98685,1.9871,21.60,29.90
2007.05.04 09:18:20.465,1.9869,1.9871,4.70,29.90
2007.05.04 09:18:20.672,1.98685,1.9871,15.10,29.90
2007.05.04 09:18:21.254,1.9869,1.987,1.10,4.00
2007.05.04 09:18:21.755,1.9868,1.987,38.20,4.00
2007.05.04 09:18:25.580,1.9868,1.987,17.40,8.00
2007.05.04 09:18:26.995,1.98675,1.987,37.20,4.00
2007.05.04 09:18:27.657,1.98675,1.987,37.10,4.00
2007.05.04 09:18:27.863,1.98675,1.987,37.10,4.00
2007.05.04 09:18:28.077,1.98675,1.987,36.70,4.00
2007.05.04 09:18:28.656,1.9868,1.987,14.10,4.00
2007.05.04 09:18:28.989,1.98675,1.987,36.70,4.00
2007.05.04 09:18:29.983,1.9868,1.987,6.70,4.00
2007.05.04 09:18:30.611,1.98675,1.987,36.70,4.00
2007.05.04 09:18:33.641,1.9868,1.987,5.30,8.00
2007.05.04 09:18:34.961,1.98675,1.987,40.70,4.00
2007.05.04 09:18:35.627,1.9868,1.987,8.60,4.00
2007.05.04 09:18:38.201,1.9868,1.987,1.40,28.30
2007.05.04 09:18:41.606,1.9868,1.987,10.80,32.30
2007.05.04 09:18:42.938,1.9868,1.987,2.70,32.30
2007.05.04 09:18:47.717,1.98675,1.987,22.80,28.30
2007.05.04 09:18:48.041,1.98675,1.987,18.80,28.30
2007.05.04 09:18:58.675,1.9869,1.987,0.50,28.30
2007.05.04 09:18:59.334,1.9869,1.987,0.90,25.90
2007.05.04 09:19:10.234,1.9869,1.987,0.80,31.90
2007.05.04 09:19:11.632,1.9868,1.9869,5.20,11.90
2007.05.04 09:19:11.915,1.98665,1.9868,18.80,3.80
2007.05.04 09:19:12.841,1.9867,1.9868,5.20,3.80
2007.05.04 09:19:14.616,1.9867,1.9868,9.20,3.80
2007.05.04 09:19:16.597,1.9867,1.9868,5.20,3.80
2007.05.04 09:19:17.558,1.9867,1.9868,5.20,4.00
2007.05.04 09:19:19.483,1.9867,1.9868,2.80,4.00
2007.05.04 09:19:20.045,1.9867,1.9868,1.40,4.00
2007.05.04 09:19:22.417,1.9867,1.9868,22.00,4.00
2007.05.04 09:19:23.214,1.9867,1.9868,22.00,11.90
2007.05.04 09:19:23.530,1.9867,1.9868,19.20,14.70
2007.05.04 09:19:23.889,1.9867,1.9868,19.20,6.80
2007.05.04 09:19:24.091,1.9867,1.9868,15.60,4.00
2007.05.04 09:19:24.397,1.9867,1.9868,19.60,4.00
2007.05.04 09:19:24.611,1.98675,1.9868,0.80,4.00
2007.05.04 09:19:25.230,1.9867,1.9868,25.20,4.00
2007.05.04 09:19:25.463,1.9868,1.9869,2.40,20.30
2007.05.04 09:19:25.734,1.9868,1.9869,3.20,20.30
2007.05.04 09:19:25.948,1.9868,1.9869,6.00,17.50
2007.05.04 09:19:27.048,1.98675,1.9868,0.80,6.40
2007.05.04 09:19:27.255,1.9867,1.9868,26.80,14.30
2007.05.04 09:19:27.555,1.9867,1.9868,22.00,7.90
2007.05.04 09:19:27.840,1.9867,1.9868,4.00,16.30
2007.05.04 09:19:28.100,1.9867,1.9868,2.80,14.80
2007.05.04 09:19:28.365,1.9866,1.9868,32.50,17.10
2007.05.04 09:19:28.666,1.9866,1.9868,32.50,7.60
2007.05.04 09:19:28.881,1.9867,1.9868,3.20,2.00
2007.05.04 09:19:29.166,1.9867,1.9869,6.00,32.00
2007.05.04 09:19:29.518,1.9867,1.98685,10.00,0.80
2007.05.04 09:19:30.109,1.9867,1.9869,6.00,36.00
2007.05.04 09:19:30.400,1.9867,1.9869,6.00,37.60
2007.05.04 09:19:30.621,1.9867,1.9868,3.20,2.80
2007.05.04 09:19:33.425,1.9867,1.9868,2.40,6.80
2007.05.04 09:19:35.410,1.9867,1.9868,3.20,2.80
2007.05.04 09:19:35.770,1.9867,1.9868,0.80,10.80
2007.05.04 09:19:36.037,1.9866,1.9868,24.10,10.80
2007.05.04 09:19:36.292,1.9866,1.9868,2.50,14.90
2007.05.04 09:19:36.523,1.9866,1.9868,6.50,6.90
2007.05.04 09:19:36.734,1.9866,1.9868,21.60,4.00
2007.05.04 09:19:36.964,1.9866,1.9868,14.40,8.00
2007.05.04 09:19:37.184,1.9866,1.9868,10.40,14.80
2007.05.04 09:19:37.852,1.9866,1.9867,10.40,2.80
2007.05.04 09:19:39.425,1.9866,1.9867,13.60,2.80
2007.05.04 09:19:39.894,1.9866,1.9867,10.40,2.80
2007.05.04 09:19:40.518,1.9865,1.9866,40.10,2.50
2007.05.04 09:19:40.745,1.9865,1.9866,39.20,2.80
2007.05.04 09:19:41.011,1.9866,1.9867,7.90,6.40
2007.05.04 09:19:41.257,1.9866,1.9867,11.90,6.40
2007.05.04 09:19:41.508,1.9866,1.9867,7.90,2.40
2007.05.04 09:19:43.506,1.9865,1.9866,10.40,2.80
2007.05.04 09:19:43.831,1.9865,1.9866,5.60,0.80
2007.05.04 09:19:44.039,1.9866,1.9867,6.40,10.80
2007.05.04 09:19:44.417,1.9866,1.9867,6.40,6.80
2007.05.04 09:19:45.072,1.9866,1.9867,7.90,6.80
2007.05.04 09:19:46.157,1.9865,1.9867,20.10,6.80
2007.05.04 09:19:46.478,1.9865,1.9867,24.10,6.80
2007.05.04 09:19:46.827,1.9865,1.9867,23.90,6.80
2007.05.04 09:19:47.494,1.9865,1.9867,10.40,10.80
2007.05.04 09:19:47.819,1.9865,1.9867,22.30,10.80
2007.05.04 09:19:48.068,1.9865,1.9867,23.10,10.80
2007.05.04 09:19:48.276,1.9865,1.9866,21.50,2.80
2007.05.04 09:19:48.488,1.9865,1.9866,6.40,2.80
2007.05.04 09:19:48.728,1.9865,1.9866,4.00,2.80
2007.05.04 09:19:50.035,1.9865,1.9866,4.00,10.80
2007.05.04 09:19:50.479,1.9864,1.9866,25.50,10.80
2007.05.04 09:19:50.811,1.9865,1.9866,2.40,10.80
2007.05.04 09:19:51.112,1.9865,1.9866,6.40,10.80
2007.05.04 09:19:51.385,1.9865,1.9866,27.90,2.00
2007.05.04 09:19:51.633,1.9865,1.9867,33.90,7.60
2007.05.04 09:19:52.473,1.9865,1.9867,33.90,11.60
2007.05.04 09:19:52.803,1.9865,1.9867,27.50,14.00
2007.05.04 09:19:53.099,1.9865,1.9866,1.60,10.80
2007.05.04 09:19:53.401,1.9865,1.9866,6.40,2.80
2007.05.04 09:19:53.676,1.9865,1.9866,5.60,2.80
2007.05.04 09:19:54.416,1.9865,1.9866,17.50,2.80
2007.05.04 09:19:56.416,1.9865,1.9866,5.60,2.80
2007.05.04 09:20:01.116,1.9865,1.9866,3.20,2.80
2007.05.04 09:20:01.905,1.9865,1.9866,0.80,6.80
2007.05.04 09:20:02.118,1.9865,1.9866,3.60,4.00
2007.05.04 09:20:02.617,1.9865,1.9866,3.60,8.00
2007.05.04 09:20:03.090,1.9865,1.9866,3.60,4.00
2007.05.04 09:20:05.285,1.9865,1.9866,3.60,0.90
2007.05.04 09:20:05.432,1.98645,1.9865,1.60,0.80
2007.05.04 09:20:05.637,1.9864,1.9866,7.60,49.20
2007.05.04 09:20:06.122,1.9864,1.9866,4.40,50.40
2007.05.04 09:20:06.347,1.9864,1.9865,3.60,0.60
2007.05.04 09:20:07.594,1.9864,1.9865,4.40,0.90
2007.05.04 09:20:07.902,1.9864,1.9866,3.60,51.00
2007.05.04 09:20:08.108,1.9864,1.9865,4.40,0.50
2007.05.04 09:20:08.383,1.9864,1.98655,3.60,4.80
2007.05.04 09:20:08.752,1.9864,1.9865,6.00,0.80
2007.05.04 09:20:09.197,1.9864,1.9865,8.40,0.50
2007.05.04 09:20:09.421,1.9864,1.98665,14.00,34.70
2007.05.04 09:20:09.749,1.9864,1.98665,10.00,34.00
2007.05.04 09:20:09.959,1.9864,1.98665,10.00,41.20
2007.05.04 09:20:10.648,1.9864,1.9866,10.00,0.70
2007.05.04 09:20:11.409,1.9864,1.9865,10.00,0.50
2007.05.04 09:20:12.702,1.9864,1.9866,7.20,42.90
2007.05.04 09:20:12.961,1.9864,1.98655,7.20,5.20
2007.05.04 09:20:14.063,1.9864,1.9865,7.20,0.60
2007.05.04 09:20:14.937,1.9864,1.98655,6.90,17.10
2007.05.04 09:20:15.325,1.9864,1.98655,6.40,17.10
2007.05.04 09:20:17.392,1.9864,1.98655,19.20,17.10
2007.05.04 09:20:17.625,1.9864,1.9865,23.20,0.50
2007.05.04 09:20:17.919,1.9864,1.9866,26.00,30.00
2007.05.04 09:20:19.684,1.9864,1.9865,30.00,0.90
2007.05.04 09:20:20.041,1.9864,1.9865,30.80,0.60
2007.05.04 09:20:20.612,1.9864,1.9865,26.80,0.60
2007.05.04 09:20:21.035,1.9864,1.9865,26.80,0.90
2007.05.04 09:20:21.478,1.9865,1.98665,3.20,21.20
2007.05.04 09:20:21.706,1.9865,1.9866,3.20,0.60
2007.05.04 09:20:22.629,1.9865,1.98665,3.20,17.10
2007.05.04 09:20:26.348,1.9865,1.9866,3.20,14.90
2007.05.04 09:20:27.343,1.98645,1.9866,1.60,18.80
2007.05.04 09:20:27.632,1.9864,1.9866,23.20,24.40
2007.05.04 09:20:28.000,1.9864,1.9866,11.20,37.90
2007.05.04 09:20:28.671,1.9864,1.9866,7.20,39.50
2007.05.04 09:20:30.881,1.9864,1.9865,7.20,0.50
2007.05.04 09:20:35.314,1.9864,1.9865,6.40,14.80
2007.05.04 09:20:35.574,1.9863,1.9865,16.00,14.80
2007.05.04 09:20:35.963,1.9863,1.9865,8.00,21.20
2007.05.04 09:20:36.214,1.9863,1.9865,10.80,18.40
2007.05.04 09:20:36.525,1.9863,1.9865,22.70,6.40
2007.05.04 09:20:36.976,1.9863,1.9865,10.80,23.50
2007.05.04 09:20:37.178,1.9863,1.9864,2.80,4.00
2007.05.04 09:20:38.967,1.9863,1.9864,2.80,11.90
2007.05.04 09:20:40.102,1.9863,1.9864,2.80,4.00
2007.05.04 09:20:40.440,1.9863,1.9864,10.00,11.90
2007.05.04 09:20:40.688,1.9863,1.9864,14.00,11.90
2007.05.04 09:20:42.189,1.9863,1.9864,10.00,11.90
2007.05.04 09:20:43.626,1.9863,1.9864,10.00,12.00
2007.05.04 09:20:45.502,1.9863,1.9864,14.00,12.00
2007.05.04 09:20:45.762,1.9863,1.9864,12.40,12.00
2007.05.04 09:20:47.606,1.9863,1.9864,16.40,12.00
2007.05.04 09:20:48.937,1.9863,1.9864,12.40,12.00
2007.05.04 09:20:51.921,1.9863,1.9864,10.00,12.00
2007.05.04 09:21:01.536,1.9863,1.9864,12.40,12.00
2007.05.04 09:21:01.740,1.9863,1.9864,14.00,12.00
2007.05.04 09:21:04.690,1.98625,1.9864,20.40,12.00
2007.05.04 09:21:05.532,1.98625,1.9864,12.40,12.00
2007.05.04 09:21:06.074,1.9861,1.98615,13.20,3.30
2007.05.04 09:21:06.286,1.986,1.9861,11.00,23.00
2007.05.04 09:21:06.529,1.9859,1.986,0.80,4.00
2007.05.04 09:21:06.748,1.98575,1.986,27.10,6.40
2007.05.04 09:21:07.014,1.9859,1.986,1.60,6.30
2007.05.04 09:21:07.242,1.9859,1.986,2.00,6.40
2007.05.04 09:21:07.542,1.98575,1.986,25.50,6.40
2007.05.04 09:21:07.799,1.9858,1.986,7.90,6.40
2007.05.04 09:21:08.087,1.9858,1.986,1.00,6.50
2007.05.04 09:21:08.368,1.9858,1.986,8.70,6.80
2007.05.04 09:21:08.589,1.9858,1.986,22.30,6.40
2007.05.04 09:21:09.076,1.98575,1.986,35.10,7.30
2007.05.04 09:21:09.330,1.9858,1.986,9.80,4.20
2007.05.04 09:21:09.608,1.9858,1.986,1.70,21.70
2007.05.04 09:21:10.629,1.9857,1.9859,10.70,4.10
2007.05.04 09:21:10.844,1.98565,1.9859,35.90,4.10
2007.05.04 09:21:11.050,1.9856,1.9858,35.90,4.00
2007.05.04 09:21:11.442,1.98555,1.9858,37.50,4.00
2007.05.04 09:21:12.004,1.98555,1.9858,28.80,11.90
2007.05.04 09:21:12.831,1.98555,1.9858,24.80,11.90
2007.05.04 09:21:13.050,1.9856,1.9858,10.70,11.90
2007.05.04 09:21:13.470,1.98555,1.9858,29.60,11.90
2007.05.04 09:21:14.496,1.9857,1.9858,0.90,11.90
2007.05.04 09:21:14.780,1.98565,1.9858,16.80,11.90
2007.05.04 09:21:15.491,1.98565,1.9857,6.40,4.00
2007.05.04 09:21:15.800,1.9856,1.9857,21.60,4.00
2007.05.04 09:21:16.065,1.9856,1.9858,29.50,8.20
2007.05.04 09:21:16.371,1.98565,1.9858,2.40,8.10
2007.05.04 09:21:16.602,1.98565,1.9858,2.40,8.20
2007.05.04 09:21:17.126,1.9857,1.9858,2.40,8.20
2007.05.04 09:21:17.489,1.98565,1.9858,2.40,8.20
2007.05.04 09:21:17.709,1.98565,1.9858,2.40,8.40
2007.05.04 09:21:18.045,1.9857,1.9858,0.80,8.30
2007.05.04 09:21:18.487,1.98565,1.9858,2.40,8.00
2007.05.04 09:21:19.136,1.98565,1.9859,8.80,40.70
2007.05.04 09:21:19.379,1.98565,1.9859,30.70,15.90
2007.05.04 09:21:19.595,1.98565,1.9857,4.00,13.20
2007.05.04 09:21:19.816,1.9856,1.9857,3.60,0.70
2007.05.04 09:21:22.101,1.98575,1.9859,10.80,4.80
2007.05.04 09:21:22.673,1.9858,1.9859,0.80,10.40
2007.05.04 09:21:24.160,1.9857,1.9859,28.30,14.40
2007.05.04 09:21:24.699,1.9858,1.9859,1.30,10.40
2007.05.04 09:21:27.767,1.9858,1.9859,0.90,9.60
2007.05.04 09:21:28.085,1.98575,1.9859,10.80,0.80
2007.05.04 09:21:28.657,1.98575,1.9859,10.80,4.80
2007.05.04 09:21:29.358,1.9858,1.9859,3.20,0.80
2007.05.04 09:21:30.119,1.98565,1.9859,33.10,10.80
2007.05.04 09:21:30.388,1.98565,1.9859,32.30,10.80
2007.05.04 09:21:31.129,1.98565,1.9859,24.40,22.90
2007.05.04 09:21:31.369,1.9857,1.9859,1.80,26.90
2007.05.04 09:21:31.675,1.98565,1.9859,20.40,26.90
2007.05.04 09:21:32.123,1.98565,1.9859,20.40,30.90
2007.05.04 09:21:34.077,1.9857,1.9858,5.20,8.80
2007.05.04 09:21:34.318,1.9857,1.9858,2.80,8.80
2007.05.04 09:21:41.424,1.9857,1.9858,3.60,8.00
2007.05.04 09:21:47.107,1.9857,1.9858,6.00,8.00
2007.05.04 09:21:47.585,1.9857,1.9858,8.40,4.00
2007.05.04 09:21:47.802,1.9857,1.98585,12.40,0.80
2007.05.04 09:21:48.027,1.9857,1.9859,8.40,26.70
2007.05.04 09:21:48.233,1.9857,1.9859,6.00,30.90
2007.05.04 09:21:49.790,1.9857,1.9859,6.00,30.70
2007.05.04 09:21:50.071,1.9857,1.9859,6.00,31.00
2007.05.04 09:21:52.442,1.9857,1.9859,6.00,30.80
2007.05.04 09:21:53.437,1.9857,1.9859,6.00,38.00
2007.05.04 09:21:53.731,1.9857,1.9858,3.60,8.00
2007.05.04 09:21:53.942,1.9857,1.9858,7.60,8.00
2007.05.04 09:21:54.639,1.9857,1.9858,3.60,8.00
2007.05.04 09:21:58.883,1.9857,1.98585,3.60,8.80
2007.05.04 09:22:07.050,1.9857,1.9858,6.00,0.50
2007.05.04 09:22:07.650,1.9857,1.98595,8.40,32.50
2007.05.04 09:22:07.909,1.9857,1.98595,12.40,32.50
2007.05.04 09:22:08.278,1.9857,1.98595,8.40,39.80
2007.05.04 09:22:08.914,1.9857,1.98595,8.40,39.60
2007.05.04 09:22:09.139,1.9857,1.98595,8.40,35.60
2007.05.04 09:22:09.380,1.9857,1.98595,10.00,34.00
2007.05.04 09:22:10.635,1.9857,1.98595,10.00,38.00
2007.05.04 09:22:11.985,1.9857,1.9859,10.00,0.60
2007.05.04 09:22:13.696,1.9857,1.9859,3.60,46.30
2007.05.04 09:22:16.020,1.9857,1.9859,7.60,47.90
2007.05.04 09:22:16.273,1.9857,1.9859,11.60,44.50
2007.05.04 09:22:16.635,1.9858,1.98595,3.60,8.80
2007.05.04 09:22:17.024,1.9858,1.98595,3.60,4.80
2007.05.04 09:22:21.006,1.9858,1.98595,2.80,18.50
2007.05.04 09:22:21.224,1.9857,1.98595,10.00,38.80
2007.05.04 09:22:22.001,1.9857,1.9859,14.00,0.60
2007.05.04 09:22:22.654,1.9857,1.9859,10.00,0.70
2007.05.04 09:22:23.621,1.9857,1.98595,10.00,36.40
2007.05.04 09:22:23.960,1.9857,1.98595,10.00,36.40
2007.05.04 09:22:24.655,1.9857,1.98595,10.00,36.40
2007.05.04 09:22:29.523,1.9857,1.9859,1.50,1.20
2007.05.04 09:22:29.636,1.9858,1.9859,0.80,1.10
2007.05.04 09:22:29.847,1.98575,1.98595,5.20,10.40
2007.05.04 09:22:30.107,1.98575,1.98595,5.20,8.80
2007.05.04 09:22:31.627,1.98575,1.98595,10.00,23.10
2007.05.04 09:22:31.835,1.98575,1.98595,6.40,26.70
2007.05.04 09:22:32.132,1.98575,1.98595,6.40,25.90
2007.05.04 09:22:32.351,1.9857,1.986,33.10,40.50
2007.05.04 09:22:32.625,1.98565,1.986,37.10,47.90
2007.05.04 09:22:33.621,1.98565,1.986,37.10,47.90
2007.05.04 09:22:34.157,1.98565,1.986,41.10,44.00
2007.05.04 09:22:34.953,1.9857,1.9859,1.40,1.80
2007.05.04 09:22:35.612,1.98565,1.986,37.10,48.00
2007.05.04 09:22:35.947,1.98565,1.986,37.10,48.00
2007.05.04 09:22:36.724,1.9857,1.9859,1.10,0.70
2007.05.04 09:22:37.223,1.9858,1.986,1.40,1.00
2007.05.04 09:22:37.569,1.9858,1.986,1.20,0.70
2007.05.04 09:22:37.811,1.98575,1.986,5.20,47.60
2007.05.04 09:22:39.599,1.9858,1.986,0.70,0.70
2007.05.04 09:22:39.802,1.98575,1.98605,17.20,39.60
2007.05.04 09:22:41.238,1.9858,1.986,0.60,0.60
2007.05.04 09:22:42.590,1.9858,1.986,0.90,2.10
2007.05.04 09:22:42.919,1.9858,1.98605,14.00,31.50
2007.05.04 09:22:43.150,1.9859,1.986,0.60,0.70
2007.05.04 09:22:43.543,1.9859,1.986,1.70,1.90
2007.05.04 09:22:43.813,1.98585,1.98605,5.20,4.80
2007.05.04 09:22:44.787,1.9859,1.986,1.10,0.08
2007.05.04 09:22:45.046,1.98585,1.9861,14.00,38.98
2007.05.04 09:22:45.265,1.9859,1.986,1.30,0.08
2007.05.04 09:22:45.898,1.9859,1.986,1.70,1.40
2007.05.04 09:22:47.489,1.9859,1.986,0.90,1.10
2007.05.04 09:22:47.904,1.9858,1.98605,50.30,3.10
2007.05.04 09:22:48.167,1.9858,1.98605,43.50,3.10
2007.05.04 09:22:48.397,1.9859,1.9861,1.50,0.80
2007.05.04 09:22:48.703,1.9859,1.9861,1.10,1.80
2007.05.04 09:22:49.037,1.9859,1.9861,1.60,2.40
2007.05.04 09:22:49.252,1.986,1.9861,0.70,1.10
2007.05.04 09:22:50.531,1.986,1.9861,0.90,1.20
2007.05.04 09:22:50.744,1.9859,1.9861,11.60,28.10
2007.05.04 09:22:51.382,1.98585,1.9861,9.20,31.10
2007.05.04 09:22:51.696,1.98585,1.9861,6.80,31.90
2007.05.04 09:22:52.736,1.98585,1.9861,9.20,30.90
2007.05.04 09:22:52.954,1.9859,1.9861,1.80,0.60
2007.05.04 09:22:53.172,1.9859,1.98615,13.20,31.60
2007.05.04 09:22:53.446,1.986,1.9861,0.90,25.90
2007.05.04 09:22:53.727,1.986,1.9861,1.50,19.10
2007.05.04 09:22:54.016,1.9859,1.9861,28.40,10.80
2007.05.04 09:22:54.225,1.9859,1.9861,34.70,10.80
2007.05.04 09:22:54.508,1.98585,1.9861,33.90,10.80
2007.05.04 09:22:54.801,1.98585,1.9861,34.80,10.80
2007.05.04 09:22:55.177,1.9859,1.9861,4.20,4.00
2007.05.04 09:22:55.837,1.9858,1.9861,42.60,4.00
2007.05.04 09:22:56.236,1.9858,1.9862,77.40,46.80
2007.05.04 09:22:56.322,1.98585,1.9862,34.80,46.80
2007.05.04 09:22:56.854,1.98585,1.9862,37.20,46.80
2007.05.04 09:22:57.146,1.98585,1.9862,37.20,46.80
2007.05.04 09:22:57.457,1.9859,1.9861,0.50,0.70
2007.05.04 09:22:57.705,1.9859,1.9862,39.60,43.00
2007.05.04 09:23:00.607,1.9859,1.9862,31.60,47.00
2007.05.04 09:23:01.169,1.9859,1.9862,35.60,43.00
2007.05.04 09:23:02.491,1.98585,1.9862,37.20,47.00
2007.05.04 09:23:04.188,1.98585,1.9862,41.10,43.20
2007.05.04 09:23:04.852,1.98585,1.9862,41.10,44.00
2007.05.04 09:23:05.191,1.98585,1.9862,16.40,44.00
2007.05.04 09:23:05.396,1.98585,1.9862,11.20,44.00
2007.05.04 09:23:07.184,1.9859,1.9861,0.50,0.60
2007.05.04 09:23:08.509,1.98585,1.9862,11.20,44.00
2007.05.04 09:23:09.126,1.9859,1.9861,0.70,0.80
2007.05.04 09:23:13.604,1.98585,1.9862,7.20,48.00
2007.05.04 09:23:17.438,1.9859,1.9861,0.80,0.60
2007.05.04 09:23:17.705,1.9859,1.9861,6.40,43.50
2007.05.04 09:23:17.955,1.98585,1.9861,0.80,47.60
2007.05.04 09:23:18.230,1.9858,1.9861,36.40,47.60
2007.05.04 09:23:18.742,1.9858,1.9861,21.20,47.00
2007.05.04 09:23:20.113,1.9858,1.9861,25.20,43.00
2007.05.04 09:23:20.777,1.9858,1.9861,17.30,42.80
2007.05.04 09:23:21.129,1.9858,1.9861,13.30,46.80
2007.05.04 09:23:21.461,1.9858,1.986,17.30,0.80
2007.05.04 09:23:22.120,1.9858,1.9861,13.30,46.80
2007.05.04 09:23:24.116,1.9858,1.9861,17.30,42.80
2007.05.04 09:23:25.887,1.9858,1.986,17.20,4.00
2007.05.04 09:23:26.351,1.9858,1.986,17.30,8.00
2007.05.04 09:23:26.830,1.9858,1.986,17.30,4.00
2007.05.04 09:23:27.278,1.9858,1.986,17.30,8.00
2007.05.04 09:23:27.768,1.9858,1.986,32.40,8.00
2007.05.04 09:23:28.995,1.9859,1.9861,13.50,12.20
2007.05.04 09:23:29.299,1.98585,1.9861,0.80,16.20
2007.05.04 09:23:29.630,1.98585,1.986,0.80,4.00
2007.05.04 09:23:30.165,1.9859,1.986,2.40,4.00
2007.05.04 09:23:33.285,1.9859,1.986,4.00,4.00
2007.05.04 09:23:33.512,1.9859,1.986,8.00,4.00
2007.05.04 09:23:34.037,1.9859,1.986,4.00,4.00
2007.05.04 09:23:42.379,1.9859,1.9861,12.70,24.40
2007.05.04 09:23:42.709,1.9859,1.986,4.80,4.00
2007.05.04 09:23:42.977,1.9859,1.986,4.00,4.00
2007.05.04 09:23:43.238,1.98585,1.986,0.80,4.00
2007.05.04 09:23:43.534,1.98585,1.986,0.80,4.00
2007.05.04 09:23:43.701,1.9858,1.986,5.60,4.00
2007.05.04 09:23:45.028,1.9858,1.986,14.50,4.00
2007.05.04 09:23:45.615,1.98575,1.986,31.70,4.00
2007.05.04 09:23:46.252,1.9858,1.9861,38.00,23.70
2007.05.04 09:23:46.482,1.98585,1.9861,13.90,27.70
2007.05.04 09:23:46.688,1.9859,1.9861,7.80,20.40
2007.05.04 09:23:47.023,1.9859,1.9861,6.00,20.40
2007.05.04 09:23:47.626,1.9859,1.9861,3.90,24.40
2007.05.04 09:23:47.840,1.9859,1.986,4.90,4.00
2007.05.04 09:23:48.117,1.9859,1.986,3.70,4.00
2007.05.04 09:23:49.928,1.98585,1.986,12.70,4.00
2007.05.04 09:23:51.012,1.98585,1.986,8.70,4.00
2007.05.04 09:23:54.005,1.9859,1.986,11.90,4.00
2007.05.04 09:23:55.552,1.986,1.9861,4.80,25.10
2007.05.04 09:23:56.344,1.9859,1.986,13.20,4.00
2007.05.04 09:23:56.617,1.98585,1.986,11.60,4.00
2007.05.04 09:23:56.822,1.98595,1.9861,0.70,18.10
2007.05.04 09:23:57.029,1.9859,1.9861,31.50,8.00
2007.05.04 09:23:57.993,1.9859,1.9861,29.10,12.00
2007.05.04 09:23:58.662,1.9859,1.9861,29.10,8.00
2007.05.04 09:23:59.989,1.986,1.9861,0.80,8.80
2007.05.04 09:24:22.363,1.986,1.9861,0.90,8.00
2007.05.04 09:24:22.636,1.9859,1.9861,33.10,8.80
2007.05.04 09:24:23.562,1.986,1.9861,0.70,9.60
2007.05.04 09:24:23.993,1.9859,1.9861,31.50,8.80
2007.05.04 09:24:26.642,1.98595,1.986,5.20,4.00
2007.05.04 09:24:27.179,1.98595,1.9861,5.20,9.60
2007.05.04 09:24:30.010,1.986,1.9861,1.40,13.60
2007.05.04 09:24:31.001,1.986,1.9861,2.80,9.60
2007.05.04 09:24:32.328,1.986,1.9861,2.80,27.40
2007.05.04 09:24:32.548,1.9859,1.986,5.20,8.00
2007.05.04 09:24:32.802,1.9859,1.986,2.40,8.10
2007.05.04 09:24:33.068,1.98585,1.986,2.40,8.10
2007.05.04 09:24:33.326,1.98585,1.986,2.40,8.20
2007.05.04 09:24:33.679,1.9858,1.986,4.00,12.20
2007.05.04 09:24:34.010,1.98575,1.986,2.40,12.20
2007.05.04 09:24:34.341,1.98575,1.9859,2.40,4.00
2007.05.04 09:24:35.116,1.9858,1.9859,4.00,4.00
2007.05.04 09:24:35.643,1.98575,1.9859,2.40,4.00
2007.05.04 09:24:38.004,1.9858,1.9859,4.00,4.00
2007.05.04 09:24:38.990,1.98575,1.9859,2.40,4.00
2007.05.04 09:24:44.531,1.9857,1.9858,11.60,8.00
2007.05.04 09:24:44.816,1.98575,1.9858,0.80,8.00
2007.05.04 09:24:45.109,1.9857,1.9858,9.20,4.00
2007.05.04 09:24:45.342,1.9857,1.9858,4.00,4.00
2007.05.04 09:24:46.968,1.98565,1.9858,3.20,4.00
2007.05.04 09:24:47.292,1.98565,1.9858,2.40,4.00
2007.05.04 09:24:48.938,1.98565,1.9858,3.20,4.00
2007.05.04 09:24:51.615,1.9857,1.9858,4.00,4.00
2007.05.04 09:24:52.611,1.98565,1.9858,3.20,4.00
2007.05.04 09:24:53.490,1.9856,1.9857,4.40,8.00
2007.05.04 09:24:53.951,1.9856,1.9858,10.00,34.30
2007.05.04 09:24:54.270,1.9856,1.9858,30.30,8.00
2007.05.04 09:24:54.605,1.98565,1.9858,0.80,8.00
2007.05.04 09:24:54.941,1.98565,1.9858,3.20,8.00
2007.05.04 09:24:55.090,1.98565,1.9858,3.20,0.90
2007.05.04 09:24:55.172,1.98565,1.9859,2.40,34.30
2007.05.04 09:24:55.931,1.98565,1.9859,6.40,33.50
2007.05.04 09:24:56.235,1.9857,1.9859,2.40,41.10
2007.05.04 09:24:58.057,1.98565,1.9859,6.40,44.30
2007.05.04 09:24:58.277,1.9857,1.9858,4.00,21.50
2007.05.04 09:24:58.919,1.98565,1.9857,3.20,0.80
2007.05.04 09:25:00.144,1.9857,1.9858,2.40,21.50
2007.05.04 09:25:00.911,1.9857,1.9858,7.20,15.90
2007.05.04 09:25:01.169,1.9857,1.9858,15.60,0.90
2007.05.04 09:25:14.712,1.9857,1.9859,17.20,33.80
2007.05.04 09:25:16.515,1.9857,1.9859,14.80,33.80
2007.05.04 09:25:16.801,1.9857,1.9858,17.20,0.50
2007.05.04 09:25:17.113,1.9857,1.9859,21.20,33.80
2007.05.04 09:25:18.509,1.9857,1.9859,17.20,33.80
2007.05.04 09:25:19.172,1.9857,1.9859,14.80,33.80
2007.05.04 09:25:19.461,1.9857,1.9859,17.20,33.80
2007.05.04 09:25:21.825,1.98575,1.9859,0.80,33.80
2007.05.04 09:25:24.023,1.9857,1.9858,14.80,0.90
2007.05.04 09:25:24.812,1.98575,1.9858,0.80,11.90
2007.05.04 09:25:28.476,1.9857,1.9858,14.80,11.90
2007.05.04 09:25:29.074,1.98575,1.9858,0.80,11.90
2007.05.04 09:25:30.037,1.9857,1.9858,17.20,11.90
2007.05.04 09:25:30.681,1.98575,1.9858,0.80,11.90
2007.05.04 09:25:32.782,1.9858,1.9859,2.80,16.70
2007.05.04 09:25:33.759,1.98575,1.9858,3.60,11.90
2007.05.04 09:25:38.110,1.9858,1.9859,0.90,24.70
2007.05.04 09:25:39.372,1.9857,1.9858,24.40,4.00
2007.05.04 09:25:48.066,1.9858,1.9859,16.40,7.20
2007.05.04 09:25:48.315,1.98585,1.9859,3.60,3.20
2007.05.04 09:25:49.064,1.9858,1.9859,7.60,13.50
2007.05.04 09:25:49.390,1.98575,1.9859,6.00,16.70
2007.05.04 09:25:49.605,1.98575,1.9859,6.00,3.20
2007.05.04 09:25:50.090,1.9858,1.9859,1.00,4.00
2007.05.04 09:25:51.379,1.98575,1.9859,3.60,0.80
2007.05.04 09:25:51.595,1.9858,1.986,5.40,25.90
2007.05.04 09:25:51.963,1.9858,1.986,4.70,25.10
2007.05.04 09:25:53.373,1.98575,1.986,21.20,25.90
2007.05.04 09:25:53.619,1.98575,1.986,21.20,21.90
2007.05.04 09:25:57.642,1.9858,1.986,1.80,25.90
2007.05.04 09:25:58.690,1.9858,1.986,7.10,26.00
2007.05.04 09:26:00.648,1.98575,1.986,21.20,22.00
2007.05.04 09:26:01.682,1.9858,1.986,14.80,22.00
2007.05.04 09:26:01.997,1.9858,1.986,17.40,22.00
2007.05.04 09:26:03.943,1.9858,1.986,17.20,22.00
2007.05.04 09:26:06.057,1.9858,1.986,17.20,21.90
2007.05.04 09:26:13.754,1.9858,1.986,14.80,21.90
2007.05.04 09:26:15.413,1.9858,1.986,14.80,25.90
2007.05.04 09:26:19.996,1.9858,1.986,14.80,26.00
2007.05.04 09:26:21.639,1.9858,1.9859,6.80,11.90
2007.05.04 09:26:33.000,1.9858,1.9859,6.80,12.70
2007.05.04 09:26:33.335,1.9858,1.9859,5.20,11.90
2007.05.04 09:26:33.547,1.9858,1.9859,2.40,11.90
2007.05.04 09:26:33.793,1.98575,1.9859,0.80,15.90
2007.05.04 09:26:35.131,1.9857,1.9859,20.60,15.90
2007.05.04 09:26:37.987,1.98575,1.9858,0.80,0.80
2007.05.04 09:26:38.313,1.9857,1.9859,16.20,15.90
2007.05.04 09:26:39.648,1.9857,1.9859,6.50,15.90
2007.05.04 09:26:39.946,1.98565,1.9859,21.20,15.90
2007.05.04 09:26:47.921,1.98565,1.9859,21.20,15.90
2007.05.04 09:26:50.462,1.9857,1.9859,1.90,15.90
2007.05.04 09:26:52.250,1.9858,1.9859,2.90,11.90
2007.05.04 09:26:52.860,1.9858,1.9859,2.50,11.90
2007.05.04 09:26:55.567,1.98575,1.9859,10.80,11.90
2007.05.04 09:26:57.574,1.9858,1.9859,6.80,8.00
2007.05.04 09:26:57.809,1.98585,1.9859,3.20,8.00
2007.05.04 09:26:58.200,1.98585,1.9859,3.20,4.00
2007.05.04 09:27:00.548,1.9858,1.9859,18.00,11.90
2007.05.04 09:27:00.831,1.98575,1.9859,11.60,11.90
2007.05.04 09:27:02.541,1.9858,1.9859,3.20,4.00
2007.05.04 09:27:02.747,1.98575,1.9859,0.80,4.00
2007.05.04 09:27:03.202,1.9858,1.986,5.20,32.80
2007.05.04 09:27:03.493,1.9858,1.986,5.20,30.40
2007.05.04 09:27:03.728,1.9858,1.986,5.20,34.40
2007.05.04 09:27:04.868,1.9858,1.986,5.20,30.40
2007.05.04 09:27:06.197,1.98575,1.9858,2.40,4.00
2007.05.04 09:27:06.525,1.9857,1.9858,7.60,4.00
2007.05.04 09:27:06.817,1.9857,1.9859,18.00,22.80
2007.05.04 09:27:07.039,1.9857,1.9859,32.30,10.00
2007.05.04 09:27:07.316,1.9857,1.9859,29.90,10.10
2007.05.04 09:27:07.539,1.9857,1.9859,25.90,10.40
2007.05.04 09:27:07.780,1.9857,1.9859,11.90,17.00
2007.05.04 09:27:08.212,1.9857,1.9858,4.00,4.00
2007.05.04 09:27:09.329,1.9857,1.9859,4.00,35.40
2007.05.04 09:27:10.527,1.9858,1.9859,0.80,12.70
2007.05.04 09:27:10.803,1.9858,1.98595,3.60,10.40
2007.05.04 09:27:11.203,1.9857,1.9858,6.40,0.70
2007.05.04 09:27:11.496,1.9857,1.98585,4.00,22.00
2007.05.04 09:27:12.192,1.9857,1.98585,4.00,27.70
2007.05.04 09:27:12.699,1.9857,1.9858,4.00,0.70
2007.05.04 09:27:13.353,1.9857,1.9858,4.00,0.50
2007.05.04 09:27:21.162,1.9857,1.98585,4.00,22.00
2007.05.04 09:27:24.776,1.9857,1.98585,7.60,5.60
2007.05.04 09:27:25.466,1.9858,1.98595,3.60,12.00
2007.05.04 09:27:25.912,1.9858,1.98595,3.60,8.80
2007.05.04 09:27:26.716,1.9858,1.98605,6.00,40.40
2007.05.04 09:27:27.806,1.9858,1.98605,6.00,39.60
2007.05.04 09:27:30.757,1.9858,1.98595,3.60,8.80
2007.05.04 09:27:32.023,1.9858,1.98595,2.80,9.60
2007.05.04 09:27:32.272,1.98575,1.98595,0.80,13.20
2007.05.04 09:27:32.484,1.9857,1.98595,32.40,16.40
2007.05.04 09:27:32.738,1.9857,1.98595,31.50,16.40
2007.05.04 09:27:33.082,1.9857,1.9859,27.50,0.60
2007.05.04 09:27:33.318,1.9858,1.98595,2.80,18.40
2007.05.04 09:27:34.289,1.9858,1.98595,2.80,29.60
2007.05.04 09:27:34.494,1.9857,1.98595,9.20,30.80
2007.05.04 09:27:34.800,1.9857,1.98595,6.80,38.10
2007.05.04 09:27:35.006,1.9857,1.98595,6.00,38.10
2007.05.04 09:27:41.785,1.9857,1.9859,6.00,30.70
2007.05.04 09:27:42.308,1.9857,1.9859,9.20,29.90
2007.05.04 09:27:45.725,1.9857,1.9859,8.40,29.90
2007.05.04 09:27:48.425,1.9857,1.9859,9.20,29.90
2007.05.04 09:27:52.078,1.9857,1.9859,13.20,29.90
2007.05.04 09:27:52.679,1.9857,1.9859,9.20,29.90
2007.05.04 09:27:53.741,1.9857,1.9858,4.40,4.00
2007.05.04 09:27:53.961,1.9857,1.9858,4.40,8.00
2007.05.04 09:27:55.396,1.9857,1.9858,3.60,8.00
2007.05.04 09:27:56.404,1.9857,1.9858,4.40,8.00
2007.05.04 09:27:56.609,1.9859,1.98595,4.00,1.60
2007.05.04 09:28:01.051,1.9857,1.9858,3.60,8.00
2007.05.04 09:28:01.717,1.9857,1.9858,2.80,18.30
2007.05.04 09:28:01.943,1.9856,1.9858,17.20,21.90
2007.05.04 09:28:02.332,1.9856,1.9858,17.20,25.90
2007.05.04 09:28:02.964,1.9856,1.9858,14.80,25.90
2007.05.04 09:28:03.306,1.9856,1.9858,14.00,25.90
2007.05.04 09:28:03.641,1.9856,1.9858,10.80,29.90
2007.05.04 09:28:03.918,1.9856,1.9858,18.70,22.00
2007.05.04 09:28:04.347,1.9857,1.9858,2.40,10.80
2007.05.04 09:28:04.566,1.9857,1.9859,10.00,31.50
2007.05.04 09:28:04.823,1.9857,1.9859,12.40,30.70
2007.05.04 09:28:05.034,1.9857,1.9859,12.40,26.70
2007.05.04 09:28:08.677,1.9857,1.9859,12.40,30.70
2007.05.04 09:28:09.020,1.9857,1.9859,12.40,26.70
2007.05.04 09:28:09.464,1.9857,1.98595,12.40,34.00
2007.05.04 09:28:15.647,1.9857,1.98595,14.00,32.40
2007.05.04 09:28:19.258,1.9858,1.9859,0.80,0.50
2007.05.04 09:28:19.484,1.9858,1.98595,3.60,6.40
2007.05.04 09:28:19.795,1.9858,1.98595,10.00,0.80
2007.05.04 09:28:23.241,1.9858,1.98595,4.40,28.70
2007.05.04 09:28:23.467,1.9858,1.9859,2.40,0.80
2007.05.04 09:28:24.615,1.9858,1.98595,2.40,37.20
2007.05.04 09:28:24.893,1.98565,1.9858,2.40,0.80
2007.05.04 09:28:25.204,1.9856,1.98585,19.60,25.90
2007.05.04 09:28:25.478,1.9856,1.9858,15.60,0.60
2007.05.04 09:28:25.890,1.9856,1.98585,14.80,32.40
2007.05.04 09:28:26.098,1.9856,1.9858,10.80,0.80
2007.05.04 09:28:26.877,1.9856,1.9858,5.20,40.30
2007.05.04 09:28:28.878,1.9857,1.9858,2.80,0.90
2007.05.04 09:28:29.102,1.9857,1.98585,2.80,11.20
2007.05.04 09:28:29.597,1.9857,1.98585,3.60,10.40
2007.05.04 09:28:39.141,1.9857,1.9858,7.60,8.00
2007.05.04 09:28:40.597,1.9857,1.9858,3.60,8.00
2007.05.04 09:28:46.954,1.9857,1.9858,4.40,8.00
2007.05.04 09:28:47.651,1.9857,1.9858,3.60,8.00
2007.05.04 09:28:47.868,1.9857,1.9858,2.80,8.80
2007.05.04 09:28:48.882,1.9856,1.9858,20.80,21.90
2007.05.04 09:28:49.301,1.9856,1.9858,14.10,21.90
2007.05.04 09:28:49.537,1.9856,1.9858,14.00,21.90
2007.05.04 09:28:49.918,1.9856,1.9858,11.60,25.90
2007.05.04 09:28:50.136,1.9856,1.9858,10.80,25.90
2007.05.04 09:28:50.486,1.9856,1.9858,13.20,25.90
2007.05.04 09:28:50.875,1.9856,1.9858,14.00,25.90
2007.05.04 09:28:51.633,1.9856,1.9858,14.00,29.90
2007.05.04 09:28:52.519,1.9856,1.9858,14.00,26.70
2007.05.04 09:28:53.625,1.9856,1.9858,14.00,25.90
2007.05.04 09:28:53.930,1.9856,1.9858,23.80,19.50
2007.05.04 09:28:54.178,1.9857,1.9858,2.80,9.60
2007.05.04 09:28:54.566,1.9857,1.9858,2.80,8.80
2007.05.04 09:28:54.968,1.98565,1.9857,0.80,8.00
2007.05.04 09:28:55.204,1.9856,1.9857,5.20,8.00
2007.05.04 09:28:55.961,1.9856,1.9857,12.40,4.00
2007.05.04 09:28:56.506,1.9856,1.9857,14.00,4.00
2007.05.04 09:28:56.808,1.9856,1.9858,14.00,26.90
2007.05.04 09:28:57.133,1.9856,1.9858,10.00,26.90
2007.05.04 09:28:57.341,1.9856,1.9858,12.40,26.90
2007.05.04 09:28:57.855,1.9857,1.9858,2.80,23.30
2007.05.04 09:28:58.810,1.9856,1.9858,16.40,23.30
2007.05.04 09:28:59.615,1.9856,1.9858,20.40,23.20
2007.05.04 09:28:59.932,1.9856,1.9858,20.40,23.10
2007.05.04 09:29:00.582,1.9856,1.9858,22.80,21.50
2007.05.04 09:29:03.686,1.9857,1.9858,1.60,25.50
2007.05.04 09:29:04.597,1.9857,1.9858,1.40,21.50
2007.05.04 09:29:06.887,1.98565,1.9858,3.60,8.80
2007.05.04 09:29:12.046,1.98565,1.98585,6.40,11.20
2007.05.04 09:29:15.676,1.9857,1.9858,0.90,1.10
2007.05.04 09:29:16.341,1.9857,1.9858,1.20,1.30
2007.05.04 09:29:16.589,1.9856,1.9858,3.10,0.50
2007.05.04 09:29:17.009,1.9856,1.9858,1.10,3.10
2007.05.04 09:29:17.342,1.98555,1.98585,23.60,32.40
2007.05.04 09:29:18.596,1.9856,1.9858,0.70,2.20
2007.05.04 09:29:19.993,1.98555,1.98585,27.60,32.40
2007.05.04 09:29:20.975,1.98555,1.98585,46.40,56.70
2007.05.04 09:29:21.006,1.98555,1.98585,27.60,32.40
2007.05.04 09:29:21.546,1.9856,1.9858,0.80,0.70
2007.05.04 09:29:21.825,1.9856,1.9858,0.80,0.60
2007.05.04 09:29:22.102,1.98555,1.98585,30.40,29.10
2007.05.04 09:29:22.315,1.9856,1.9858,0.90,0.80
2007.05.04 09:29:22.543,1.98555,1.98585,30.40,26.70
2007.05.04 09:29:24.187,1.98555,1.98585,26.40,26.70
2007.05.04 09:29:26.961,1.98555,1.98585,26.30,29.10
2007.05.04 09:29:27.196,1.9856,1.98585,18.30,32.40
2007.05.04 09:29:27.601,1.9856,1.98585,18.30,36.40
2007.05.04 09:29:27.902,1.9856,1.98585,15.60,36.40
2007.05.04 09:29:28.959,1.9857,1.9858,2.80,0.70
2007.05.04 09:29:29.289,1.9857,1.98585,3.60,6.40
2007.05.04 09:29:29.586,1.9857,1.9858,4.40,0.80
2007.05.04 09:29:33.602,1.9857,1.98585,4.40,8.80
2007.05.04 09:29:37.408,1.9857,1.9859,5.30,50.80
2007.05.04 09:29:38.893,1.9857,1.9858,0.50,0.50
2007.05.04 09:29:38.920,1.9857,1.9858,0.80,0.60
2007.05.04 09:29:44.907,1.98565,1.9859,9.20,50.80
2007.05.04 09:29:53.936,1.9857,1.9858,0.90,0.50
2007.05.04 09:29:55.185,1.98565,1.9859,9.60,46.80
2007.05.04 09:29:58.518,1.98565,1.98595,9.60,38.80
2007.05.04 09:29:58.968,1.98565,1.98595,10.60,35.60
2007.05.04 09:29:59.180,1.9857,1.9859,0.80,0.80
2007.05.04 09:29:59.443,1.98565,1.98595,41.20,8.40
2007.05.04 09:29:59.680,1.9857,1.9859,0.50,0.80
2007.05.04 09:29:59.947,1.9857,1.9859,0.80,0.50
2007.05.04 09:30:00.442,1.9858,1.9859,0.90,0.70
2007.05.04 09:30:00.669,1.98575,1.98605,14.00,32.40
2007.05.04 09:30:01.168,1.9858,1.986,0.60,0.60
2007.05.04 09:30:01.479,1.9858,1.9859,0.60,0.80
2007.05.04 09:30:01.738,1.98575,1.98595,6.30,10.40
2007.05.04 09:30:02.495,1.9858,1.9859,0.80,0.50
2007.05.04 09:30:02.699,1.9858,1.986,0.80,0.50
2007.05.04 09:30:02.996,1.98575,1.98605,19.10,32.40
2007.05.04 09:30:03.271,1.9858,1.986,0.50,0.60
2007.05.04 09:30:03.524,1.9858,1.986,0.80,0.50
2007.05.04 09:30:03.753,1.98575,1.98605,22.70,31.60
2007.05.04 09:30:04.056,1.9858,1.986,0.50,0.60
2007.05.04 09:30:04.422,1.9858,1.986,0.80,0.90
2007.05.04 09:30:04.636,1.98575,1.98605,23.60,24.30
2007.05.04 09:30:05.782,1.9858,1.986,0.50,0.50
2007.05.04 09:30:09.804,1.9858,1.986,17.60,0.50
2007.05.04 09:30:10.044,1.9858,1.98605,20.80,31.60
2007.05.04 09:30:10.463,1.9858,1.986,16.80,0.90
2007.05.04 09:30:10.969,1.9858,1.986,12.80,0.60
2007.05.04 09:30:11.643,1.9858,1.986,12.80,0.70
2007.05.04 09:30:12.125,1.9858,1.98605,12.80,32.40
2007.05.04 09:30:12.757,1.9858,1.98605,12.80,36.40
2007.05.04 09:30:15.050,1.9859,1.98605,0.80,16.40
2007.05.04 09:30:15.340,1.9859,1.986,3.60,12.80
2007.05.04 09:30:15.604,1.9859,1.986,3.60,8.80
2007.05.04 09:30:15.900,1.9859,1.986,3.60,8.00
2007.05.04 09:30:27.081,1.98585,1.9859,4.80,4.00
2007.05.04 09:30:34.051,1.9859,1.986,3.60,8.00
2007.05.04 09:30:50.705,1.9859,1.9861,10.00,30.70
2007.05.04 09:30:51.299,1.9859,1.9861,12.40,30.70
2007.05.04 09:30:51.947,1.9859,1.9861,10.00,31.50
2007.05.04 09:30:52.771,1.9859,1.9861,10.00,27.50
2007.05.04 09:30:52.981,1.9859,1.9861,10.00,26.70
2007.05.04 09:30:53.768,1.9859,1.9861,12.40,26.70
2007.05.04 09:30:54.222,1.9859,1.9861,12.40,30.70
2007.05.04 09:30:54.686,1.9859,1.986,2.80,8.80
2007.05.04 09:30:56.920,1.9859,1.986,2.80,9.60
2007.05.04 09:30:57.197,1.9858,1.986,20.70,19.90
2007.05.04 09:30:57.421,1.9858,1.986,15.90,22.70
2007.05.04 09:30:57.636,1.9858,1.986,7.10,36.30
2007.05.04 09:30:57.847,1.9858,1.986,3.10,36.30
2007.05.04 09:30:58.417,1.9858,1.9859,3.10,8.00
2007.05.04 09:31:01.626,1.9858,1.9859,3.10,12.00
2007.05.04 09:31:02.738,1.9858,1.9859,2.80,8.00
2007.05.04 09:31:03.219,1.9859,1.986,6.80,10.40
2007.05.04 09:31:03.471,1.9859,1.986,6.80,9.60
2007.05.04 09:31:03.743,1.98585,1.9859,2.40,4.00
2007.05.04 09:31:03.993,1.9858,1.9859,8.40,8.00
2007.05.04 09:31:04.243,1.9858,1.986,30.70,4.00
2007.05.04 09:31:04.511,1.9858,1.986,32.70,4.00
2007.05.04 09:31:04.728,1.9858,1.986,34.40,4.00
2007.05.04 09:31:05.021,1.9858,1.986,39.20,4.00
2007.05.04 09:31:05.384,1.9858,1.986,39.30,4.00
2007.05.04 09:31:06.496,1.9859,1.986,4.00,4.00
2007.05.04 09:31:06.725,1.9859,1.9861,10.00,30.70
2007.05.04 09:31:07.050,1.9859,1.9861,6.00,37.90
2007.05.04 09:31:07.314,1.9859,1.986,2.80,8.80
2007.05.04 09:31:11.669,1.9859,1.98605,21.10,1.60
2007.05.04 09:31:11.922,1.986,1.9861,2.80,13.60
2007.05.04 09:31:12.186,1.986,1.9861,2.80,9.60
2007.05.04 09:31:13.031,1.986,1.9861,2.80,8.80
2007.05.04 09:31:15.021,1.986,1.9861,5.20,8.80
2007.05.04 09:31:15.264,1.986,1.9862,10.00,31.00
2007.05.04 09:31:15.573,1.986,1.9862,10.80,31.00
2007.05.04 09:31:18.004,1.986,1.9862,13.20,31.00
2007.05.04 09:31:18.292,1.986,1.9862,13.20,26.70
2007.05.04 09:31:19.004,1.986,1.9862,28.10,17.90
2007.05.04 09:31:19.279,1.9861,1.9862,4.40,14.70
2007.05.04 09:31:19.511,1.9861,1.9862,2.40,14.70
2007.05.04 09:31:19.981,1.9861,1.9862,5.20,11.90
2007.05.04 09:31:20.240,1.9861,1.9862,2.40,4.00
2007.05.04 09:31:20.744,1.9861,1.9862,6.00,4.00
2007.05.04 09:31:20.996,1.9861,1.9863,10.00,29.90
2007.05.04 09:31:21.230,1.9861,1.9863,15.60,29.90
2007.05.04 09:31:21.470,1.9861,1.9863,14.80,27.10
2007.05.04 09:31:21.715,1.9861,1.9863,14.80,29.90
2007.05.04 09:31:22.656,1.9861,1.9863,14.80,25.90
2007.05.04 09:31:23.220,1.9861,1.9863,15.00,25.90
2007.05.04 09:31:23.616,1.9861,1.9863,17.00,21.90
2007.05.04 09:31:23.850,1.9862,1.9863,2.80,8.80
2007.05.04 09:31:24.093,1.9862,1.9863,2.80,12.80
2007.05.04 09:31:24.655,1.9862,1.9863,2.80,20.70
2007.05.04 09:31:25.350,1.98615,1.9863,4.00,17.50
2007.05.04 09:31:25.675,1.9862,1.9863,2.40,6.40
2007.05.04 09:31:25.909,1.98615,1.9862,4.00,4.00
2007.05.04 09:31:26.203,1.9861,1.9862,5.30,4.00
2007.05.04 09:31:26.443,1.9861,1.9862,4.50,4.00
2007.05.04 09:31:26.775,1.9861,1.9862,5.30,4.00
2007.05.04 09:31:27.112,1.9862,1.9863,3.20,14.80
2007.05.04 09:31:27.363,1.9862,1.9864,13.20,29.90
2007.05.04 09:31:27.752,1.9862,1.9864,15.20,25.90
2007.05.04 09:31:28.035,1.9862,1.9864,18.50,25.90
2007.05.04 09:31:28.273,1.9862,1.9864,31.30,12.00
2007.05.04 09:31:28.669,1.9863,1.9864,2.40,12.00
2007.05.04 09:31:28.967,1.9863,1.9864,2.40,8.00
2007.05.04 09:31:29.189,1.9863,1.9865,9.60,29.90
2007.05.04 09:31:29.438,1.9863,1.9865,9.60,27.10
2007.05.04 09:31:30.099,1.9863,1.9865,9.60,23.10
2007.05.04 09:31:30.768,1.9863,1.9865,9.60,19.10
2007.05.04 09:31:31.060,1.9863,1.9865,10.40,19.10
2007.05.04 09:31:31.427,1.9863,1.9865,9.60,19.10
2007.05.04 09:31:31.657,1.9863,1.9865,13.60,19.10
2007.05.04 09:31:32.093,1.9863,1.9865,9.60,23.10
2007.05.04 09:31:32.420,1.9863,1.9865,10.40,23.10
2007.05.04 09:31:32.680,1.98635,1.9865,1.60,12.80
2007.05.04 09:31:32.932,1.9864,1.9865,0.80,12.00
2007.05.04 09:31:33.057,1.98635,1.9865,3.20,12.00
2007.05.04 09:31:33.283,1.98635,1.9865,3.20,8.00
2007.05.04 09:31:34.987,1.98635,1.9865,3.20,7.60
2007.05.04 09:31:40.394,1.9864,1.9865,0.80,8.00
2007.05.04 09:31:40.704,1.98625,1.9865,21.40,21.90
2007.05.04 09:31:40.964,1.98625,1.9865,23.00,21.90
2007.05.04 09:31:41.335,1.98625,1.9865,23.00,21.50
2007.05.04 09:31:42.315,1.98625,1.9865,22.80,21.50
2007.05.04 09:31:45.040,1.9863,1.9865,3.90,25.50
2007.05.04 09:31:47.697,1.9863,1.9865,2.00,28.30
2007.05.04 09:31:48.366,1.98625,1.9865,26.80,24.30
2007.05.04 09:31:48.938,1.9863,1.9865,3.30,21.90
2007.05.04 09:31:49.323,1.9863,1.9865,7.60,21.90
2007.05.04 09:31:50.670,1.98625,1.9865,30.40,21.90
2007.05.04 09:31:51.350,1.98625,1.9865,30.40,19.10
2007.05.04 09:31:52.020,1.98625,1.9865,26.40,23.10
2007.05.04 09:31:53.344,1.9863,1.9865,4.80,19.10
2007.05.04 09:31:53.558,1.98625,1.9865,24.60,21.50
2007.05.04 09:31:53.818,1.98625,1.9865,23.80,21.50
2007.05.04 09:31:54.313,1.9863,1.9865,5.20,24.30
2007.05.04 09:31:54.600,1.9863,1.9865,2.90,24.30
2007.05.04 09:31:55.010,1.9863,1.9865,5.20,24.30
2007.05.04 09:31:59.632,1.98625,1.9865,27.80,24.30
2007.05.04 09:32:00.318,1.9863,1.9865,3.40,21.50
2007.05.04 09:32:01.313,1.98625,1.9865,27.80,21.50
2007.05.04 09:32:01.758,1.98625,1.9865,27.70,21.50
2007.05.04 09:32:01.974,1.98625,1.9865,23.70,21.50
2007.05.04 09:32:02.634,1.98625,1.9865,27.70,21.50
2007.05.04 09:32:03.975,1.98625,1.9865,23.70,21.50
2007.05.04 09:32:04.257,1.98625,1.9865,23.70,24.30
2007.05.04 09:32:04.961,1.98625,1.9865,22.90,24.30
2007.05.04 09:32:08.614,1.98625,1.9865,22.90,28.30
2007.05.04 09:32:10.276,1.9863,1.9865,2.10,25.50
2007.05.04 09:32:11.936,1.98625,1.9865,22.90,21.50
2007.05.04 09:32:12.932,1.9863,1.9865,1.60,21.50
2007.05.04 09:32:13.596,1.9863,1.9865,8.20,21.50
2007.05.04 09:32:14.259,1.98625,1.9865,22.90,24.30
2007.05.04 09:32:20.360,1.98625,1.9865,22.90,21.50
2007.05.04 09:32:23.023,1.98625,1.9865,26.90,21.50
2007.05.04 09:32:24.252,1.98625,1.9865,26.90,24.30
2007.05.04 09:32:25.616,1.98625,1.9865,22.90,24.30
2007.05.04 09:32:30.320,1.9863,1.9865,16.50,21.50
2007.05.04 09:32:31.612,1.9863,1.9865,17.30,21.50
2007.05.04 09:32:32.428,1.9863,1.98655,16.50,27.20
2007.05.04 09:32:32.429,1.9863,1.98655,17.30,27.20
2007.05.04 09:32:33.299,1.9863,1.98655,15.70,27.20
2007.05.04 09:32:33.953,1.9863,1.98655,16.50,27.20
2007.05.04 09:32:34.267,1.9863,1.9865,16.50,0.50
2007.05.04 09:32:34.968,1.9863,1.98655,20.50,30.00
2007.05.04 09:32:35.631,1.98625,1.9863,5.60,0.60
2007.05.04 09:32:36.960,1.9863,1.98655,16.50,30.00
2007.05.04 09:32:40.274,1.9863,1.98655,16.50,27.20
2007.05.04 09:32:42.606,1.9863,1.98655,26.20,19.30
2007.05.04 09:32:42.860,1.9864,1.9865,2.80,0.70
2007.05.04 09:32:44.707,1.98635,1.9864,2.40,0.50
2007.05.04 09:32:45.591,1.9864,1.98655,2.80,7.20
2007.05.04 09:32:54.436,1.9864,1.9866,14.00,0.60
2007.05.04 09:32:57.843,1.9864,1.9866,24.60,0.60
2007.05.04 09:32:58.155,1.9864,1.9865,26.70,0.80
2007.05.04 09:32:58.384,1.9864,1.9865,6.80,0.60
2007.05.04 09:32:58.609,1.9864,1.9866,4.40,42.80
2007.05.04 09:32:58.871,1.9864,1.9866,5.20,42.80
2007.05.04 09:32:59.195,1.9864,1.9867,6.00,53.20
2007.05.04 09:32:59.421,1.9864,1.98665,25.60,8.80
2007.05.04 09:32:59.631,1.9864,1.98665,25.60,12.80
2007.05.04 09:32:59.865,1.9865,1.9867,4.00,46.70
2007.05.04 09:33:00.474,1.9865,1.9867,4.00,46.70
2007.05.04 09:33:01.146,1.9865,1.9866,4.00,12.00
2007.05.04 09:33:01.523,1.9865,1.9866,4.00,8.00
2007.05.04 09:33:02.846,1.9865,1.9866,3.90,8.00
2007.05.04 09:33:03.176,1.9865,1.9866,4.00,8.00
2007.05.04 09:33:07.370,1.9864,1.9866,28.80,21.10
2007.05.04 09:33:07.628,1.9864,1.9866,28.80,21.90
2007.05.04 09:33:08.488,1.9864,1.9866,24.00,21.90
2007.05.04 09:33:09.520,1.9866,1.98665,2.80,0.80
2007.05.04 09:33:09.830,1.9865,1.9866,19.90,4.00
2007.05.04 09:33:10.055,1.9865,1.9866,9.20,4.00
2007.05.04 09:33:10.478,1.9865,1.9866,6.80,4.00
2007.05.04 09:33:11.811,1.9865,1.9866,2.80,14.30
2007.05.04 09:33:12.019,1.9865,1.9866,2.80,19.10
2007.05.04 09:33:13.049,1.9865,1.9866,6.80,19.10
2007.05.04 09:33:14.113,1.9865,1.9866,2.80,19.10
2007.05.04 09:33:16.116,1.9865,1.9866,6.70,19.10
2007.05.04 09:33:16.456,1.9865,1.9866,2.70,19.10
2007.05.04 09:33:16.997,1.9864,1.9865,10.00,8.00
2007.05.04 09:33:17.784,1.9864,1.9865,9.20,8.00
2007.05.04 09:33:18.114,1.9864,1.9865,5.20,8.00
2007.05.04 09:33:18.665,1.9864,1.9865,9.20,8.00
2007.05.04 09:33:19.113,1.9864,1.9865,5.20,8.00
2007.05.04 09:33:19.663,1.9864,1.9865,5.20,0.90
2007.05.04 09:33:28.073,1.9864,1.9865,4.40,0.80
2007.05.04 09:33:53.438,1.9864,1.9865,5.20,8.00
2007.05.04 09:33:53.978,1.9864,1.9865,4.40,8.00
2007.05.04 09:33:55.385,1.9864,1.9865,2.80,19.10
2007.05.04 09:33:56.363,1.98635,1.9865,0.80,19.10
2007.05.04 09:33:57.411,1.9864,1.9865,4.00,8.00
2007.05.04 09:33:59.403,1.9863,1.9865,28.80,21.90
2007.05.04 09:33:59.621,1.9863,1.9865,22.90,24.30
2007.05.04 09:33:59.855,1.9863,1.9865,18.10,21.50
2007.05.04 09:34:00.401,1.9863,1.9865,18.20,32.30
2007.05.04 09:34:00.618,1.9863,1.9865,7.80,32.30
2007.05.04 09:34:01.114,1.9863,1.9864,7.80,4.00
2007.05.04 09:34:01.362,1.9863,1.9864,10.00,4.00
2007.05.04 09:34:03.117,1.98625,1.9864,14.80,4.00
2007.05.04 09:34:03.393,1.9863,1.9865,21.30,25.50
2007.05.04 09:34:03.595,1.9863,1.9865,19.70,24.30
2007.05.04 09:34:03.872,1.9863,1.9865,4.40,24.30
2007.05.04 09:34:04.715,1.9863,1.9865,3.50,24.30
2007.05.04 09:34:05.605,1.9863,1.9865,1.70,24.30
2007.05.04 09:34:06.048,1.98625,1.9865,27.70,24.30
2007.05.04 09:34:07.602,1.98625,1.9865,23.70,24.30
2007.05.04 09:34:09.076,1.98635,1.9865,1.30,24.30
2007.05.04 09:34:09.292,1.9865,1.98655,1.50,3.30
2007.05.04 09:34:09.520,1.98635,1.9865,14.80,8.00
2007.05.04 09:34:09.779,1.9864,1.9865,0.90,8.00
2007.05.04 09:34:10.027,1.98635,1.9865,17.20,8.00
2007.05.04 09:34:10.656,1.98635,1.9865,13.20,8.00
2007.05.04 09:34:11.355,1.98635,1.9865,9.20,8.00
2007.05.04 09:34:12.019,1.98635,1.9865,9.20,8.00
2007.05.04 09:34:12.992,1.9864,1.9865,1.10,8.00
2007.05.04 09:34:13.266,1.9863,1.9865,23.20,15.90
2007.05.04 09:34:13.510,1.9863,1.9865,8.70,15.90
2007.05.04 09:34:13.812,1.98625,1.9865,24.70,16.70
2007.05.04 09:34:14.019,1.9863,1.9865,4.20,25.90
2007.05.04 09:34:14.234,1.9863,1.9865,1.30,25.90
2007.05.04 09:34:14.487,1.98625,1.9865,30.20,14.70
2007.05.04 09:34:14.723,1.98625,1.9865,30.20,11.90
2007.05.04 09:34:15.012,1.98625,1.9865,32.00,11.90
2007.05.04 09:34:15.215,1.9864,1.9865,0.90,11.90
2007.05.04 09:34:15.546,1.98635,1.9864,5.10,4.00
2007.05.04 09:34:15.752,1.98625,1.9864,27.60,4.00
2007.05.04 09:34:16.011,1.98625,1.9864,26.80,4.00
2007.05.04 09:34:16.562,1.98625,1.9864,18.00,4.00
2007.05.04 09:34:17.558,1.9863,1.9865,19.60,23.10
2007.05.04 09:34:17.912,1.9863,1.9864,15.80,4.00
2007.05.04 09:34:18.146,1.98625,1.9864,5.20,4.40
2007.05.04 09:34:18.430,1.98625,1.9864,3.60,4.00
2007.05.04 09:34:18.995,1.98625,1.98645,18.00,0.80
2007.05.04 09:34:19.242,1.98625,1.9865,22.00,29.90
2007.05.04 09:34:19.524,1.98625,1.9865,22.00,25.90
2007.05.04 09:34:19.999,1.98625,1.9865,22.00,29.90
2007.05.04 09:34:20.322,1.98625,1.9865,22.00,29.90
2007.05.04 09:34:20.639,1.98625,1.9865,22.00,25.90
2007.05.04 09:34:20.857,1.9863,1.9865,0.90,25.90
2007.05.04 09:34:21.162,1.9863,1.9865,0.90,0.50
2007.05.04 09:34:23.314,1.9863,1.9865,0.90,0.60
2007.05.04 09:34:23.643,1.98625,1.98655,26.10,31.60
2007.05.04 09:34:23.868,1.98625,1.98655,26.00,31.60
2007.05.04 09:34:24.648,1.9863,1.9865,0.70,0.80
2007.05.04 09:34:24.981,1.98625,1.9865,14.80,41.10
2007.05.04 09:34:25.225,1.9863,1.9864,0.80,0.50
2007.05.04 09:34:25.699,1.98625,1.9865,10.00,44.40
2007.05.04 09:34:25.977,1.9863,1.98645,0.70,0.80
2007.05.04 09:34:26.205,1.9863,1.98645,0.50,0.80
2007.05.04 09:34:26.931,1.98625,1.9865,14.80,30.70
2007.05.04 09:34:29.076,1.9863,1.9865,0.70,0.70
2007.05.04 09:34:30.553,1.98625,1.9865,14.80,26.70
2007.05.04 09:34:31.283,1.98625,1.98655,14.80,31.60
2007.05.04 09:34:32.156,1.98625,1.98655,14.80,35.60
2007.05.04 09:34:33.518,1.9863,1.9865,13.20,0.80
2007.05.04 09:34:33.959,1.9863,1.98655,13.20,31.60
2007.05.04 09:34:34.205,1.9863,1.9865,10.80,0.50
2007.05.04 09:34:35.263,1.9863,1.98655,13.20,31.60
2007.05.04 09:34:35.546,1.9863,1.98655,10.80,35.60
2007.05.04 09:34:36.534,1.9863,1.98655,13.20,35.60
2007.05.04 09:34:36.788,1.9863,1.98655,15.60,35.60
2007.05.04 09:34:37.076,1.9863,1.98655,15.60,31.60
2007.05.04 09:34:37.601,1.9863,1.98655,15.60,35.60
2007.05.04 09:34:38.170,1.9863,1.98655,15.60,31.60
2007.05.04 09:34:38.562,1.9863,1.98655,22.40,24.30
2007.05.04 09:34:38.927,1.9863,1.98655,22.40,24.30
2007.05.04 09:34:39.258,1.9863,1.9865,20.00,0.50
2007.05.04 09:34:39.560,1.9863,1.98655,15.90,31.60
2007.05.04 09:34:40.153,1.9863,1.98655,19.90,31.60
2007.05.04 09:34:40.547,1.9863,1.98655,24.00,24.30
2007.05.04 09:34:41.123,1.9864,1.9865,2.80,0.50
2007.05.04 09:34:41.660,1.9864,1.9865,2.80,0.70
2007.05.04 09:34:42.578,1.9864,1.98655,2.80,7.20
2007.05.04 09:34:45.898,1.9864,1.98655,2.80,7.20
2007.05.04 09:34:46.516,1.9864,1.9865,2.80,0.80
2007.05.04 09:34:49.224,1.9864,1.98655,2.70,7.20
2007.05.04 09:34:49.553,1.9864,1.9865,2.70,0.50
2007.05.04 09:34:50.105,1.9864,1.9865,3.50,0.50
2007.05.04 09:34:50.355,1.9864,1.98655,3.50,5.60
2007.05.04 09:34:51.155,1.9864,1.9865,2.70,4.80
2007.05.04 09:34:52.100,1.9864,1.9865,2.70,5.60
2007.05.04 09:34:52.876,1.9864,1.98645,2.70,0.80
2007.05.04 09:34:53.842,1.9864,1.9865,2.70,5.60
2007.05.04 09:34:54.205,1.9864,1.9865,2.70,6.40
2007.05.04 09:34:54.868,1.9864,1.9865,2.70,5.60
2007.05.04 09:34:55.200,1.9864,1.9865,3.50,5.60
2007.05.04 09:34:55.736,1.9864,1.9865,4.30,4.80
2007.05.04 09:34:56.062,1.9864,1.9865,2.70,6.40
2007.05.04 09:34:56.503,1.9864,1.98645,2.70,0.80
2007.05.04 09:34:59.761,1.9864,1.9865,2.70,6.40
2007.05.04 09:35:00.302,1.9864,1.9865,2.70,10.40
2007.05.04 09:35:01.607,1.98635,1.9864,2.40,4.80
2007.05.04 09:35:01.865,1.9863,1.9864,4.40,4.80
2007.05.04 09:35:02.876,1.9863,1.9864,4.40,4.00
2007.05.04 09:35:05.275,1.9863,1.9864,3.60,4.00
2007.05.04 09:35:12.928,1.9863,1.9864,2.80,4.00
2007.05.04 09:35:13.202,1.9863,1.9864,2.80,10.40
2007.05.04 09:35:13.598,1.9863,1.9864,2.80,11.20
2007.05.04 09:35:14.375,1.9862,1.9864,29.50,13.60
2007.05.04 09:35:14.593,1.9862,1.9864,27.60,13.60
2007.05.04 09:35:14.857,1.9862,1.9864,26.00,13.60
2007.05.04 09:35:15.062,1.9862,1.9864,18.10,20.40
2007.05.04 09:35:15.381,1.9862,1.9864,18.10,17.60
2007.05.04 09:35:15.545,1.98615,1.9864,22.90,17.60
2007.05.04 09:35:15.916,1.9862,1.9864,6.70,21.60
2007.05.04 09:35:16.251,1.9862,1.9864,4.10,21.60
2007.05.04 09:35:16.592,1.9862,1.9864,3.80,17.60
2007.05.04 09:35:18.579,1.9862,1.9864,4.60,17.60
2007.05.04 09:35:19.237,1.98615,1.9864,26.70,18.40
2007.05.04 09:35:19.573,1.9862,1.9864,5.40,22.40
2007.05.04 09:35:19.836,1.98615,1.9864,22.70,25.20
2007.05.04 09:35:21.132,1.98615,1.9864,22.70,21.20
2007.05.04 09:35:21.533,1.98615,1.9864,22.70,20.40
2007.05.04 09:35:21.896,1.9862,1.9864,5.30,17.60
2007.05.04 09:35:25.214,1.98615,1.9864,22.70,20.40
2007.05.04 09:35:25.521,1.98615,1.9864,26.70,21.20
2007.05.04 09:35:26.541,1.9862,1.9864,6.80,25.20
2007.05.04 09:35:28.538,1.9862,1.9864,6.00,21.20
2007.05.04 09:35:35.843,1.98615,1.98635,22.70,0.80
2007.05.04 09:35:37.412,1.9862,1.9864,5.60,24.40
2007.05.04 09:35:37.832,1.98615,1.9864,22.70,25.20
2007.05.04 09:35:38.495,1.9862,1.9864,7.30,21.20
2007.05.04 09:35:50.110,1.9862,1.9864,22.80,17.20
2007.05.04 09:35:50.404,1.9862,1.9864,23.60,17.20
2007.05.04 09:35:50.616,1.9863,1.9864,4.00,17.20
2007.05.04 09:35:52.096,1.9862,1.9864,23.60,17.20
2007.05.04 09:35:54.763,1.9862,1.9864,23.50,17.20
2007.05.04 09:35:55.453,1.9862,1.9864,20.00,25.10
2007.05.04 09:35:55.826,1.9862,1.9864,17.20,25.10
2007.05.04 09:35:56.043,1.9862,1.98635,17.20,0.80
2007.05.04 09:35:56.534,1.9862,1.9864,18.00,24.30
2007.05.04 09:35:56.876,1.9862,1.9864,18.00,25.10
2007.05.04 09:35:57.193,1.9862,1.9864,17.20,25.90
2007.05.04 09:35:57.867,1.9862,1.9864,18.00,25.10
2007.05.04 09:35:59.132,1.9862,1.9864,17.20,25.90
2007.05.04 09:36:00.520,1.9862,1.9864,26.10,17.20
2007.05.04 09:36:01.156,1.9862,1.9864,27.80,17.20
2007.05.04 09:36:01.365,1.9862,1.9864,28.60,17.20
2007.05.04 09:36:01.801,1.9862,1.9864,28.70,17.20
2007.05.04 09:36:02.512,1.9862,1.9864,20.80,25.10
2007.05.04 09:36:04.468,1.9862,1.9864,18.00,25.10
2007.05.04 09:36:05.174,1.9862,1.9864,17.20,25.10
2007.05.04 09:36:08.091,1.9862,1.9864,17.20,25.90
2007.05.04 09:36:08.485,1.9862,1.9864,17.20,25.10
2007.05.04 09:36:09.485,1.9862,1.9864,17.20,25.90
2007.05.04 09:36:09.811,1.9862,1.9864,17.20,25.10
2007.05.04 09:36:10.757,1.9862,1.9864,25.30,17.20
2007.05.04 09:36:10.791,1.9862,1.9864,13.00,17.20
2007.05.04 09:36:11.036,1.98615,1.9864,31.70,17.20
2007.05.04 09:36:11.478,1.98615,1.9864,34.20,17.20
2007.05.04 09:36:12.717,1.98615,1.9864,34.30,17.20
2007.05.04 09:36:12.939,1.98615,1.9864,26.40,25.10
2007.05.04 09:36:14.796,1.98615,1.9864,23.60,25.10
2007.05.04 09:36:15.789,1.98615,1.9864,23.60,25.10
2007.05.04 09:36:17.119,1.9862,1.9864,2.70,25.10
2007.05.04 09:36:18.414,1.98615,1.9864,29.60,25.10
2007.05.04 09:36:18.640,1.98615,1.9864,30.40,22.70
2007.05.04 09:36:19.106,1.9862,1.9864,8.70,22.70
2007.05.04 09:36:21.102,1.98615,1.9864,26.40,22.70
2007.05.04 09:36:22.098,1.9862,1.9864,26.50,22.70
2007.05.04 09:36:22.303,1.98625,1.9864,6.00,8.80
2007.05.04 09:36:23.100,1.9863,1.9864,1.60,12.80
2007.05.04 09:36:23.641,1.98625,1.9864,8.40,8.80
2007.05.04 09:36:25.759,1.98625,1.9864,9.20,8.80
2007.05.04 09:36:27.684,1.9863,1.9864,1.80,8.80
2007.05.04 09:36:28.079,1.98625,1.9864,7.60,16.70
2007.05.04 09:36:28.281,1.98625,1.9864,0.80,22.70
2007.05.04 09:36:28.495,1.98615,1.9864,27.60,25.10
2007.05.04 09:36:29.407,1.98615,1.9864,23.60,25.10
2007.05.04 09:36:32.062,1.9862,1.9864,2.60,25.10
2007.05.04 09:36:34.061,1.9862,1.9864,8.00,29.10
2007.05.04 09:36:39.037,1.9862,1.9864,18.00,25.10
2007.05.04 09:36:42.954,1.9862,1.9864,28.70,17.20
2007.05.04 09:36:43.357,1.9862,1.9864,26.00,17.20
2007.05.04 09:36:43.579,1.9862,1.9864,18.00,25.10
2007.05.04 09:36:43.810,1.9862,1.9864,28.70,17.20
2007.05.04 09:36:44.345,1.9862,1.9864,19.60,25.10
2007.05.04 09:36:44.592,1.9862,1.9864,18.00,25.10
2007.05.04 09:36:46.976,1.9862,1.9864,28.70,17.20
2007.05.04 09:36:47.343,1.9862,1.9864,20.80,25.10
2007.05.04 09:36:47.669,1.9862,1.9864,18.00,25.10
2007.05.04 09:36:48.340,1.9862,1.9864,15.80,25.10
2007.05.04 09:36:48.588,1.9862,1.9864,25.50,17.20
2007.05.04 09:36:48.807,1.9862,1.9864,24.70,17.20
2007.05.04 09:36:49.046,1.9862,1.9864,26.30,17.20
2007.05.04 09:36:49.355,1.9862,1.9864,24.70,17.20
2007.05.04 09:36:49.563,1.9862,1.9864,15.60,25.10
2007.05.04 09:36:52.985,1.9862,1.9864,15.60,29.10
2007.05.04 09:36:56.923,1.9862,1.9864,15.60,25.10
2007.05.04 09:36:57.176,1.9862,1.9864,14.80,25.10
2007.05.04 09:36:57.411,1.9862,1.9864,15.60,25.10
2007.05.04 09:36:57.696,1.9862,1.9864,16.40,25.10
2007.05.04 09:36:57.912,1.9862,1.9864,18.40,25.10
2007.05.04 09:36:58.255,1.9862,1.9864,17.60,25.10
2007.05.04 09:36:58.632,1.9862,1.9864,16.40,25.10
2007.05.04 09:36:58.918,1.9862,1.9864,15.60,25.10
2007.05.04 09:36:59.312,1.9862,1.9864,14.80,25.10
2007.05.04 09:36:59.627,1.9862,1.9864,14.80,25.90
2007.05.04 09:37:00.623,1.9862,1.9864,15.60,25.90
2007.05.04 09:37:01.249,1.9862,1.9864,14.80,25.90
2007.05.04 09:37:01.621,1.9862,1.9864,15.60,25.10
2007.05.04 09:37:02.218,1.9862,1.9863,7.60,4.00
2007.05.04 09:37:02.949,1.9862,1.9863,6.80,4.00
2007.05.04 09:37:03.183,1.9863,1.98635,4.00,0.80
2007.05.04 09:37:04.609,1.9862,1.9863,6.80,4.00
2007.05.04 09:37:06.939,1.9862,1.9863,7.60,4.00
2007.05.04 09:37:08.300,1.9862,1.9863,7.60,0.70
2007.05.04 09:37:08.562,1.9862,1.98635,7.60,0.80
2007.05.04 09:37:08.935,1.9862,1.9864,15.00,25.90
2007.05.04 09:37:09.170,1.9862,1.98645,15.00,32.40
2007.05.04 09:37:09.441,1.9862,1.98645,14.80,32.40
2007.05.04 09:37:09.787,1.9862,1.9864,14.80,0.90
2007.05.04 09:37:16.247,1.9862,1.98645,14.80,32.40
2007.05.04 09:37:16.482,1.9862,1.98645,14.80,33.20
2007.05.04 09:37:17.048,1.9862,1.9864,14.80,0.70
2007.05.04 09:37:17.908,1.9862,1.98645,14.00,33.20
2007.05.04 09:37:19.868,1.9862,1.98645,14.80,33.30
2007.05.04 09:37:20.233,1.9862,1.98645,16.80,33.20
2007.05.04 09:37:20.569,1.9862,1.9864,22.50,0.70
2007.05.04 09:37:20.837,1.9862,1.98645,21.70,27.50
2007.05.04 09:37:21.053,1.9862,1.9864,21.70,0.60
2007.05.04 09:37:21.350,1.9862,1.9864,15.00,0.60
2007.05.04 09:37:21.787,1.9862,1.9864,14.80,0.70
2007.05.04 09:37:22.181,1.9862,1.9864,14.80,0.80
2007.05.04 09:37:22.429,1.9862,1.98645,14.00,37.20
2007.05.04 09:37:22.980,1.9862,1.9864,14.00,0.80
2007.05.04 09:37:25.234,1.9862,1.9863,14.00,0.50
2007.05.04 09:37:27.557,1.9862,1.9864,14.00,0.80
2007.05.04 09:37:29.345,1.98615,1.98645,22.80,33.20
2007.05.04 09:37:30.121,1.9862,1.9864,0.80,0.70
2007.05.04 09:37:33.775,1.9862,1.9864,0.60,0.90
2007.05.04 09:37:34.163,1.9862,1.9864,0.50,0.90
2007.05.04 09:37:36.188,1.98615,1.98645,23.60,36.50
2007.05.04 09:37:36.433,1.98615,1.9864,23.60,28.40
2007.05.04 09:37:36.853,1.9862,1.9864,6.60,29.20
2007.05.04 09:37:37.517,1.98615,1.9864,23.60,28.40
2007.05.04 09:37:39.177,1.98615,1.9864,23.60,29.20
2007.05.04 09:37:39.454,1.9862,1.9864,6.70,29.10
2007.05.04 09:37:40.058,1.98615,1.9864,23.60,29.90
2007.05.04 09:37:41.419,1.98615,1.9864,23.60,28.30
2007.05.04 09:37:41.747,1.9862,1.9864,4.80,28.30
2007.05.04 09:37:42.447,1.9862,1.9864,0.70,28.30
2007.05.04 09:37:43.076,1.98615,1.9864,23.80,24.30
2007.05.04 09:37:44.496,1.9862,1.9864,5.30,24.30
2007.05.04 09:37:44.756,1.9862,1.9864,2.30,24.30
2007.05.04 09:37:45.588,1.9862,1.9864,6.70,24.30
2007.05.04 09:37:46.458,1.98615,1.9864,23.80,24.30
2007.05.04 09:37:46.715,1.98615,1.9864,23.80,24.40
2007.05.04 09:37:47.461,1.98615,1.98645,39.60,30.90
2007.05.04 09:37:47.712,1.98615,1.9864,19.60,29.20
2007.05.04 09:37:47.926,1.98615,1.9864,1.60,45.30
2007.05.04 09:37:55.450,1.98615,1.98635,3.20,3.60
2007.05.04 09:37:55.651,1.98615,1.9864,4.80,45.30
2007.05.04 09:37:56.772,1.98615,1.98635,4.80,6.80
2007.05.04 09:37:57.017,1.98615,1.98635,4.00,8.40
2007.05.04 09:37:59.429,1.9862,1.9863,0.80,0.60
2007.05.04 09:37:59.984,1.9862,1.9863,0.80,0.60
2007.05.04 09:38:00.252,1.9861,1.9863,0.80,0.80
2007.05.04 09:38:00.601,1.98605,1.98635,18.90,38.80
2007.05.04 09:38:00.867,1.9861,1.9863,0.60,0.80
2007.05.04 09:38:01.095,1.9861,1.9862,0.90,0.70
2007.05.04 09:38:01.426,1.98605,1.9863,12.40,40.30
2007.05.04 09:38:04.625,1.9861,1.9862,0.60,0.70
2007.05.04 09:38:05.750,1.9861,1.9862,0.80,0.60
2007.05.04 09:38:08.148,1.9861,1.98625,6.80,4.80
2007.05.04 09:38:08.366,1.9861,1.98625,0.80,24.30
2007.05.04 09:38:08.593,1.9861,1.98625,0.80,34.00
2007.05.04 09:38:08.856,1.986,1.98625,16.80,34.80
2007.05.04 09:38:09.114,1.986,1.9862,14.40,0.80
2007.05.04 09:38:10.519,1.986,1.98625,18.40,37.20
2007.05.04 09:38:11.184,1.986,1.9862,14.40,0.50
2007.05.04 09:38:12.202,1.986,1.9862,14.40,0.60
2007.05.04 09:38:14.503,1.986,1.98625,14.40,38.00
2007.05.04 09:38:15.507,1.986,1.98625,13.60,37.20
2007.05.04 09:38:15.756,1.986,1.9862,10.80,0.50
2007.05.04 09:38:16.070,1.986,1.98625,11.60,36.40
2007.05.04 09:38:16.502,1.986,1.98625,11.60,37.20
2007.05.04 09:38:16.754,1.986,1.9862,10.90,29.90
2007.05.04 09:38:17.345,1.986,1.9862,12.00,29.10
2007.05.04 09:38:17.617,1.986,1.9862,13.60,29.10
2007.05.04 09:38:18.066,1.986,1.9862,14.40,29.10
2007.05.04 09:38:20.481,1.986,1.9862,18.40,29.10
2007.05.04 09:38:22.141,1.986,1.9862,14.40,33.10
2007.05.04 09:38:22.478,1.986,1.9862,12.50,33.10
2007.05.04 09:38:22.695,1.986,1.9862,11.70,33.10
2007.05.04 09:38:22.967,1.986,1.9862,10.90,33.90
2007.05.04 09:38:23.660,1.986,1.9862,10.90,29.90
2007.05.04 09:38:25.795,1.986,1.9862,10.80,29.90
2007.05.04 09:38:26.059,1.986,1.9861,3.20,10.00
2007.05.04 09:38:26.374,1.986,1.9861,2.40,10.00
2007.05.04 09:38:27.396,1.986,1.9861,1.60,10.00
2007.05.04 09:38:30.441,1.9859,1.986,31.70,4.00
2007.05.04 09:38:30.680,1.9859,1.986,2.40,6.00
2007.05.04 09:38:31.022,1.9859,1.9861,10.00,35.60
2007.05.04 09:38:31.260,1.9859,1.9861,10.00,29.90
2007.05.04 09:38:31.473,1.9859,1.986,6.90,4.00
2007.05.04 09:38:31.733,1.9859,1.986,6.80,4.00
2007.05.04 09:38:32.445,1.9859,1.986,6.00,4.00
2007.05.04 09:38:34.430,1.9858,1.9859,18.40,4.00
2007.05.04 09:38:34.703,1.9858,1.9859,10.10,8.00
2007.05.04 09:38:34.944,1.9858,1.9859,18.00,4.00
2007.05.04 09:38:35.151,1.9858,1.98595,33.10,0.80
2007.05.04 09:38:35.382,1.9858,1.98595,37.10,0.80
2007.05.04 09:38:35.649,1.9858,1.986,29.10,6.80
2007.05.04 09:38:35.896,1.9858,1.986,29.10,4.00
2007.05.04 09:38:36.233,1.9858,1.986,33.10,4.00
2007.05.04 09:38:36.471,1.9858,1.986,36.30,4.00
2007.05.04 09:38:36.753,1.9858,1.986,35.50,4.00
2007.05.04 09:38:37.012,1.9858,1.986,38.30,4.00
2007.05.04 09:38:37.673,1.9858,1.986,38.30,8.00
2007.05.04 09:38:38.746,1.9858,1.986,42.30,4.00
2007.05.04 09:38:39.638,1.9858,1.986,38.30,4.00
2007.05.04 09:38:39.702,1.9857,1.986,50.60,4.00
2007.05.04 09:38:46.370,1.98575,1.986,39.20,7.60
2007.05.04 09:38:46.589,1.9859,1.986,0.50,2.00
2007.05.04 09:38:46.995,1.98585,1.9861,14.80,33.90
2007.05.04 09:38:47.219,1.9859,1.98605,3.50,0.80
2007.05.04 09:38:50.039,1.98585,1.98605,18.80,0.80
2007.05.04 09:38:51.374,1.98585,1.9861,18.80,29.90
2007.05.04 09:38:51.703,1.9859,1.9861,1.50,30.70
2007.05.04 09:38:53.130,1.98585,1.9861,14.80,30.70
2007.05.04 09:38:57.021,1.98585,1.9861,14.80,34.70
2007.05.04 09:38:59.014,1.9859,1.9861,1.10,30.70
2007.05.04 09:39:00.944,1.98585,1.9861,16.40,29.10
2007.05.04 09:39:12.011,1.9859,1.98605,9.20,0.80
2007.05.04 09:39:15.183,1.9859,1.98605,9.20,1.60
2007.05.04 09:39:15.513,1.9859,1.98605,5.20,1.60
2007.05.04 09:39:17.085,1.9859,1.98605,9.20,0.80
2007.05.04 09:39:17.515,1.9859,1.986,9.20,11.90
2007.05.04 09:39:17.809,1.9859,1.986,7.20,14.70
2007.05.04 09:39:18.115,1.9859,1.986,3.20,17.90
2007.05.04 09:39:18.376,1.9859,1.986,0.80,18.70
2007.05.04 09:39:18.782,1.9858,1.9859,20.40,4.00
2007.05.04 09:39:18.991,1.9858,1.9859,6.80,4.00
2007.05.04 09:39:19.509,1.9858,1.9859,2.80,4.00
2007.05.04 09:39:19.714,1.9858,1.9859,6.80,4.00
2007.05.04 09:39:19.949,1.9858,1.98595,9.20,1.60
2007.05.04 09:39:20.156,1.9858,1.986,9.20,29.90
2007.05.04 09:39:20.503,1.9858,1.986,25.90,21.20
2007.05.04 09:39:20.730,1.9858,1.986,26.10,16.30
2007.05.04 09:39:20.967,1.9858,1.986,26.10,15.50
2007.05.04 09:39:21.479,1.9858,1.986,22.10,16.30
2007.05.04 09:39:21.723,1.9858,1.986,22.10,12.30
2007.05.04 09:39:22.132,1.9858,1.986,26.10,11.50
2007.05.04 09:39:26.497,1.9858,1.986,22.10,11.50
2007.05.04 09:39:26.830,1.9858,1.986,22.10,15.50
2007.05.04 09:39:27.052,1.9858,1.986,21.90,15.50
2007.05.04 09:39:27.707,1.9858,1.986,21.90,11.50
2007.05.04 09:39:28.112,1.9858,1.986,10.00,29.00
2007.05.04 09:39:28.469,1.9858,1.986,10.00,33.00
2007.05.04 09:39:29.488,1.9858,1.986,10.00,29.00
2007.05.04 09:39:32.101,1.9858,1.986,6.00,29.00
2007.05.04 09:39:34.140,1.9858,1.986,6.00,33.00
2007.05.04 09:39:35.467,1.9858,1.986,10.00,33.00
2007.05.04 09:39:35.797,1.9858,1.986,9.20,33.00
2007.05.04 09:39:36.460,1.9858,1.986,9.20,29.00
2007.05.04 09:39:37.070,1.9858,1.986,25.90,7.50
2007.05.04 09:39:39.142,1.9858,1.986,26.10,7.50
2007.05.04 09:39:40.132,1.9858,1.986,7.10,7.50
2007.05.04 09:39:40.472,1.98575,1.986,33.30,14.70
2007.05.04 09:39:40.704,1.98575,1.986,17.30,29.00
2007.05.04 09:39:42.465,1.98575,1.986,17.20,29.00
2007.05.04 09:39:50.135,1.9858,1.98595,3.60,0.80
2007.05.04 09:39:51.386,1.9858,1.986,4.00,28.20
2007.05.04 09:39:51.616,1.9858,1.986,0.90,29.00
2007.05.04 09:39:54.121,1.98575,1.986,17.20,33.00
2007.05.04 09:39:55.114,1.98575,1.986,17.20,32.20
2007.05.04 09:39:55.753,1.98575,1.986,17.20,32.20
2007.05.04 09:39:58.103,1.9858,1.9859,0.60,15.90
2007.05.04 09:39:58.360,1.98575,1.9859,0.80,28.30
2007.05.04 09:39:58.596,1.98575,1.9859,8.00,10.00
2007.05.04 09:39:58.824,1.98575,1.98595,14.80,0.80
2007.05.04 09:39:59.038,1.98575,1.9859,14.90,4.00
2007.05.04 09:39:59.249,1.9858,1.9859,3.70,8.00
2007.05.04 09:39:59.761,1.98575,1.9859,12.40,8.00
2007.05.04 09:40:00.643,1.98575,1.9859,14.00,8.00
2007.05.04 09:40:03.115,1.98575,1.98595,17.20,0.80
2007.05.04 09:40:03.691,1.98575,1.986,17.20,28.30
2007.05.04 09:40:05.041,1.9858,1.986,5.00,28.30
2007.05.04 09:40:05.416,1.9858,1.986,4.70,28.30
2007.05.04 09:40:06.045,1.9858,1.986,4.30,34.70
2007.05.04 09:40:06.265,1.9858,1.9859,1.80,4.00
2007.05.04 09:40:08.099,1.98575,1.98595,28.30,0.80
2007.05.04 09:40:08.337,1.98575,1.986,39.10,6.80
2007.05.04 09:40:08.605,1.98575,1.986,39.90,6.80
2007.05.04 09:40:08.921,1.9858,1.986,14.60,7.60
2007.05.04 09:40:09.157,1.9859,1.986,0.60,7.60
2007.05.04 09:40:09.428,1.9859,1.98595,4.00,0.80
2007.05.04 09:40:11.095,1.98585,1.9859,4.00,4.00
2007.05.04 09:40:11.300,1.9858,1.9859,32.60,4.00
2007.05.04 09:40:11.532,1.9858,1.9859,22.00,4.00
2007.05.04 09:40:12.681,1.9858,1.9859,26.00,4.00
2007.05.04 09:40:12.919,1.9858,1.98595,26.00,0.80
2007.05.04 09:40:13.124,1.9858,1.986,22.10,7.60
2007.05.04 09:40:13.412,1.9858,1.986,22.10,8.40
2007.05.04 09:40:13.628,1.9858,1.986,22.10,7.60
2007.05.04 09:40:14.215,1.9858,1.986,23.90,11.60
2007.05.04 09:40:14.438,1.9858,1.986,26.00,10.80
2007.05.04 09:40:14.739,1.9858,1.986,26.80,6.80
2007.05.04 09:40:15.098,1.9858,1.986,22.80,6.80
2007.05.04 09:40:15.353,1.9858,1.986,22.00,6.80
2007.05.04 09:40:16.390,1.9858,1.986,22.20,6.80
2007.05.04 09:40:16.764,1.9858,1.986,26.20,6.80
2007.05.04 09:40:17.032,1.9858,1.986,27.00,6.80
2007.05.04 09:40:17.421,1.9858,1.986,26.20,6.80
2007.05.04 09:40:20.743,1.9858,1.986,26.00,6.80
2007.05.04 09:40:21.074,1.9858,1.986,30.00,6.80
2007.05.04 09:40:21.640,1.9858,1.986,25.20,6.80
2007.05.04 09:40:22.364,1.9858,1.986,25.20,0.80
2007.05.04 09:40:22.976,1.9858,1.98605,25.20,10.80
2007.05.04 09:40:23.217,1.9858,1.98605,21.20,20.50
2007.05.04 09:40:23.482,1.9858,1.98605,13.20,34.80
2007.05.04 09:40:24.635,1.9858,1.98605,9.20,34.80
2007.05.04 09:40:26.507,1.9858,1.98605,9.40,34.80
2007.05.04 09:40:27.052,1.9858,1.986,9.40,0.80
2007.05.04 09:40:27.382,1.9858,1.98605,10.20,38.80
2007.05.04 09:40:27.714,1.9858,1.986,10.00,0.90
2007.05.04 09:40:27.948,1.9858,1.98605,11.00,38.80
2007.05.04 09:40:31.238,1.9858,1.98605,10.80,38.80
2007.05.04 09:40:31.626,1.9858,1.98605,10.80,34.80
2007.05.04 09:40:32.249,1.9858,1.98605,10.00,34.80
2007.05.04 09:40:32.938,1.9858,1.98605,10.00,34.80
2007.05.04 09:40:33.237,1.9858,1.98595,10.00,0.80
2007.05.04 09:40:35.018,1.9858,1.986,14.00,29.10
2007.05.04 09:40:35.296,1.9858,1.98605,14.00,34.00
2007.05.04 09:40:35.679,1.9858,1.986,14.00,0.60
2007.05.04 09:40:39.008,1.9858,1.98605,14.80,34.80
2007.05.04 09:40:45.974,1.9858,1.98605,13.20,34.80
2007.05.04 09:40:47.265,1.9858,1.986,10.00,0.50
2007.05.04 09:40:47.485,1.9858,1.98605,11.20,34.80
2007.05.04 09:40:47.801,1.9858,1.98605,10.20,34.00
2007.05.04 09:40:48.109,1.9858,1.98605,12.70,34.80
2007.05.04 09:40:48.325,1.9858,1.98605,11.90,34.80
2007.05.04 09:40:49.295,1.9858,1.986,11.10,29.10
2007.05.04 09:40:49.535,1.9858,1.986,10.00,29.10
2007.05.04 09:40:49.746,1.9858,1.98605,10.00,34.80
2007.05.04 09:40:49.955,1.9858,1.98605,9.20,34.80
2007.05.04 09:40:50.209,1.9858,1.98605,9.20,34.00
2007.05.04 09:40:53.284,1.9858,1.986,9.20,28.30
2007.05.04 09:40:53.811,1.9858,1.986,9.20,27.50
2007.05.04 09:40:57.200,1.9858,1.986,13.20,27.50
2007.05.04 09:40:58.259,1.9858,1.986,13.20,28.30
2007.05.04 09:40:58.551,1.9858,1.986,9.20,28.30
2007.05.04 09:40:59.210,1.9858,1.9859,2.80,8.00
2007.05.04 09:41:04.783,1.9857,1.9859,14.90,30.70
2007.05.04 09:41:05.075,1.9857,1.9859,11.00,30.70
2007.05.04 09:41:05.292,1.9858,1.9859,0.80,18.70
2007.05.04 09:41:05.565,1.9858,1.9859,3.60,4.00
2007.05.04 09:41:06.634,1.9858,1.9859,3.60,8.00
2007.05.04 09:41:07.221,1.9858,1.9859,2.80,8.00
2007.05.04 09:41:07.555,1.9858,1.9859,2.80,4.00
2007.05.04 09:41:19.424,1.9858,1.9859,3.60,4.00
2007.05.04 09:41:20.510,1.9858,1.9859,2.80,4.00
2007.05.04 09:41:20.748,1.9858,1.9859,5.20,4.00
2007.05.04 09:41:21.001,1.9858,1.986,9.20,27.50
2007.05.04 09:41:21.221,1.9858,1.986,9.20,28.30
2007.05.04 09:41:21.508,1.9858,1.986,9.20,32.30
2007.05.04 09:41:22.167,1.9858,1.986,9.20,28.30
2007.05.04 09:41:24.524,1.9858,1.986,9.20,27.50
2007.05.04 09:41:24.945,1.9858,1.986,10.00,27.50
2007.05.04 09:41:25.543,1.9858,1.986,9.20,27.50
2007.05.04 09:41:27.275,1.9858,1.9859,5.20,4.00
2007.05.04 09:41:27.526,1.9858,1.9859,2.80,4.00
2007.05.04 09:41:31.175,1.9858,1.9859,2.80,4.80
2007.05.04 09:41:35.572,1.9858,1.9859,3.60,4.00
2007.05.04 09:41:36.238,1.9858,1.9859,2.80,4.00
2007.05.04 09:41:49.195,1.9858,1.9859,2.80,4.80
2007.05.04 09:41:49.534,1.9858,1.9859,2.80,5.60
2007.05.04 09:41:50.855,1.9858,1.9859,2.80,4.80
2007.05.04 09:41:55.955,1.9858,1.9859,2.80,0.80
2007.05.04 09:41:59.488,1.9858,1.9859,2.80,0.60
2007.05.04 09:42:00.500,1.9858,1.9859,2.80,0.80
2007.05.04 09:42:00.819,1.9858,1.98595,2.80,4.80
2007.05.04 09:42:04.468,1.9858,1.98595,6.80,4.80
2007.05.04 09:42:05.134,1.9858,1.98595,2.80,4.80
2007.05.04 09:42:05.805,1.9858,1.986,2.80,47.60
2007.05.04 09:42:11.121,1.986,1.98605,4.00,1.60
2007.05.04 09:42:11.772,1.9858,1.9859,2.80,5.60
2007.05.04 09:42:13.765,1.9858,1.986,2.80,46.00
2007.05.04 09:42:15.663,1.9858,1.9859,3.60,0.90
2007.05.04 09:42:17.641,1.9858,1.986,3.60,50.80
2007.05.04 09:42:23.619,1.9858,1.986,3.60,50.80
2007.05.04 09:42:35.689,1.9858,1.9859,3.60,4.00
2007.05.04 09:42:36.611,1.9858,1.9859,2.80,4.00
2007.05.04 09:42:39.343,1.9858,1.9859,2.80,6.40
2007.05.04 09:42:39.564,1.98575,1.9859,0.80,25.10
2007.05.04 09:42:40.200,1.98575,1.9859,0.80,25.90
2007.05.04 09:42:40.991,1.9857,1.9859,9.20,25.90
2007.05.04 09:42:41.187,1.9857,1.9859,9.20,29.90
2007.05.04 09:42:42.002,1.9857,1.9859,9.20,25.90
2007.05.04 09:42:45.646,1.9857,1.9859,9.20,29.90
2007.05.04 09:42:45.872,1.9857,1.9859,10.80,29.90
2007.05.04 09:42:47.375,1.98575,1.9859,1.60,18.00
2007.05.04 09:42:47.731,1.9858,1.9859,3.60,4.00
2007.05.04 09:42:47.935,1.9858,1.9859,3.60,4.80
2007.05.04 09:42:48.146,1.9858,1.9859,2.80,4.80
2007.05.04 09:42:48.704,1.9858,1.9859,2.80,4.00
2007.05.04 09:42:51.438,1.9858,1.98595,2.80,0.80
2007.05.04 09:42:51.644,1.9858,1.98595,9.20,0.80
2007.05.04 09:42:55.858,1.9858,1.986,9.20,29.10
2007.05.04 09:42:57.072,1.9858,1.986,9.20,0.80
2007.05.04 09:42:57.295,1.9858,1.986,9.20,0.70
2007.05.04 09:42:57.501,1.9858,1.98605,11.60,36.40
2007.05.04 09:42:57.734,1.9858,1.98605,11.60,31.60
2007.05.04 09:42:57.949,1.9858,1.98605,9.20,37.20
2007.05.04 09:43:00.026,1.9858,1.98605,25.10,25.30
2007.05.04 09:43:00.225,1.9858,1.98605,25.10,24.50
2007.05.04 09:43:02.161,1.9858,1.986,9.20,0.70
2007.05.04 09:43:02.640,1.9858,1.98605,13.20,34.80
2007.05.04 09:43:03.380,1.98585,1.98605,2.40,26.90
2007.05.04 09:43:03.584,1.9859,1.986,1.60,0.80
2007.05.04 09:43:11.021,1.9859,1.986,1.60,0.60
2007.05.04 09:43:15.329,1.9859,1.98605,1.60,11.60
2007.05.04 09:43:16.998,1.9859,1.9861,20.70,30.90
2007.05.04 09:43:17.267,1.9859,1.9861,29.10,19.60
2007.05.04 09:43:17.478,1.98595,1.9861,1.60,14.80
2007.05.04 09:43:17.714,1.986,1.9861,3.20,6.70
2007.05.04 09:43:18.442,1.986,1.98605,6.00,4.30
2007.05.04 09:43:18.858,1.986,1.98605,4.20,4.30
2007.05.04 09:43:19.104,1.986,1.98605,24.10,4.00
2007.05.04 09:43:20.664,1.986,1.98605,26.60,4.80
2007.05.04 09:43:20.980,1.986,1.9861,33.00,5.30
2007.05.04 09:43:22.314,1.986,1.9861,30.40,6.30
2007.05.04 09:43:22.639,1.986,1.9862,26.50,10.80
2007.05.04 09:43:22.936,1.986,1.9861,20.10,0.70
2007.05.04 09:43:23.209,1.986,1.9862,24.10,10.80
2007.05.04 09:43:24.170,1.98595,1.9861,26.50,2.80
2007.05.04 09:43:25.618,1.986,1.9861,9.20,2.80
2007.05.04 09:43:26.284,1.98595,1.9861,26.40,2.80
2007.05.04 09:43:27.947,1.9861,1.9862,6.80,4.00
2007.05.04 09:43:28.276,1.986,1.9862,26.00,4.00
2007.05.04 09:43:28.568,1.986,1.9862,26.00,4.00
2007.05.04 09:43:28.863,1.98595,1.9862,30.80,4.00
2007.05.04 09:43:36.252,1.986,1.9862,24.40,4.00
2007.05.04 09:43:37.328,1.9861,1.9862,0.60,4.00
2007.05.04 09:43:37.706,1.98595,1.9862,32.50,4.00
2007.05.04 09:43:42.028,1.986,1.9862,14.40,4.00
2007.05.04 09:43:44.017,1.9861,1.9863,2.00,33.10
2007.05.04 09:43:45.013,1.9861,1.9862,3.50,6.40
2007.05.04 09:43:45.318,1.98605,1.9862,4.00,12.40
2007.05.04 09:43:55.971,1.9861,1.9862,18.30,12.40
2007.05.04 09:43:56.193,1.9862,1.9863,0.80,17.20
2007.05.04 09:43:56.487,1.9862,1.9863,0.80,13.20
2007.05.04 09:43:56.749,1.9862,1.98635,3.60,0.80
2007.05.04 09:43:57.879,1.9862,1.9863,0.80,2.00
2007.05.04 09:43:58.095,1.9862,1.9863,0.80,14.00
2007.05.04 09:43:59.958,1.9862,1.9863,0.80,13.20
2007.05.04 09:44:02.612,1.9862,1.9863,0.80,4.40
2007.05.04 09:44:02.830,1.9862,1.9864,3.60,30.70
2007.05.04 09:44:03.129,1.9862,1.9864,6.00,30.70
2007.05.04 09:44:03.669,1.9862,1.9864,6.00,29.90
2007.05.04 09:44:03.902,1.9862,1.9864,8.70,29.90
2007.05.04 09:44:04.100,1.9862,1.9864,11.10,25.90
2007.05.04 09:44:05.273,1.9862,1.9863,11.10,0.20
2007.05.04 09:44:14.893,1.9862,1.9863,9.20,0.20
2007.05.04 09:44:15.158,1.9862,1.9863,6.00,0.20
2007.05.04 09:44:18.433,1.9862,1.9863,6.00,0.20
2007.05.04 09:44:21.181,1.9861,1.9864,39.20,40.40
2007.05.04 09:44:21.529,1.9861,1.9864,33.90,40.40
2007.05.04 09:44:23.526,1.9861,1.98635,16.40,8.90
2007.05.04 09:44:23.772,1.9861,1.9863,12.00,0.70
2007.05.04 09:44:30.169,1.9861,1.9863,8.00,0.80
2007.05.04 09:44:30.494,1.9861,1.98635,6.40,12.90
2007.05.04 09:44:32.148,1.9861,1.98635,6.40,8.90
2007.05.04 09:44:39.461,1.98605,1.98635,0.80,16.20
2007.05.04 09:44:40.126,1.986,1.9863,41.30,33.60
2007.05.04 09:44:40.367,1.986,1.9863,35.70,45.40
2007.05.04 09:44:40.668,1.986,1.9862,39.70,0.60
2007.05.04 09:44:40.909,1.986,1.98625,38.90,4.80
2007.05.04 09:44:41.128,1.986,1.98625,18.30,8.80
2007.05.04 09:44:41.337,1.986,1.9862,14.30,0.50
2007.05.04 09:44:41.646,1.986,1.98625,18.30,8.80
2007.05.04 09:44:43.662,1.9862,1.98635,22.30,10.10
2007.05.04 09:44:43.915,1.9863,1.98635,0.80,1.00
2007.05.04 09:44:44.361,1.9863,1.98635,0.80,8.20
2007.05.04 09:44:44.572,1.9861,1.98635,8.40,16.20
2007.05.04 09:44:44.784,1.9861,1.9863,11.60,0.90
2007.05.04 09:44:45.767,1.9861,1.9863,34.70,0.60
2007.05.04 09:44:47.212,1.9861,1.9863,6.00,0.90
2007.05.04 09:44:50.754,1.9861,1.9863,32.30,4.10
2007.05.04 09:44:51.528,1.9861,1.9863,36.30,4.10
2007.05.04 09:44:53.790,1.9861,1.9863,32.30,4.10
2007.05.04 09:44:54.519,1.9861,1.9863,36.30,4.10
2007.05.04 09:44:56.842,1.9861,1.9863,37.10,4.10
2007.05.04 09:44:57.183,1.9862,1.9863,5.60,4.10
2007.05.04 09:44:57.461,1.9862,1.9863,8.40,0.20
2007.05.04 09:45:00.170,1.9861,1.9863,39.50,4.10
2007.05.04 09:45:00.505,1.9861,1.9863,38.70,4.10
2007.05.04 09:45:01.061,1.9861,1.9862,38.70,0.20
2007.05.04 09:45:01.489,1.9861,1.9862,34.70,0.20
2007.05.04 09:45:02.620,1.9861,1.9863,34.80,4.00
2007.05.04 09:45:03.302,1.9861,1.9863,38.80,4.00
2007.05.04 09:45:03.636,1.9861,1.9863,23.60,4.00
2007.05.04 09:45:04.149,1.9862,1.9864,6.40,20.00
2007.05.04 09:45:04.385,1.9862,1.9864,20.40,12.70
2007.05.04 09:45:04.767,1.9862,1.9864,3.40,12.70
2007.05.04 09:45:05.752,1.98615,1.9864,22.00,19.50
2007.05.04 09:45:06.206,1.98615,1.98635,10.00,0.80
2007.05.04 09:45:06.470,1.98615,1.98635,12.40,0.80
2007.05.04 09:45:09.123,1.98615,1.98635,20.40,0.80
2007.05.04 09:45:10.129,1.98615,1.9864,33.90,16.40
2007.05.04 09:45:10.392,1.9862,1.9864,35.50,11.60
2007.05.04 09:45:10.762,1.9862,1.9863,0.60,4.00
2007.05.04 09:45:10.972,1.9862,1.9863,2.20,4.00
2007.05.04 09:45:11.219,1.9861,1.9863,12.40,4.00
2007.05.04 09:45:11.691,1.98605,1.9863,13.20,8.00
2007.05.04 09:45:11.902,1.9861,1.9863,3.60,12.00
2007.05.04 09:45:12.661,1.98605,1.9863,12.40,12.00
2007.05.04 09:45:12.897,1.9861,1.9863,1.50,12.00
2007.05.04 09:45:13.380,1.98605,1.9863,5.20,12.00
2007.05.04 09:45:13.665,1.98605,1.9862,5.20,4.00
2007.05.04 09:45:22.405,1.9861,1.9862,1.30,4.00
2007.05.04 09:45:23.382,1.986,1.9862,31.50,4.00
2007.05.04 09:45:25.973,1.9861,1.9862,0.80,4.00
2007.05.04 09:45:26.682,1.98605,1.9863,11.60,12.00
2007.05.04 09:45:26.938,1.98605,1.9863,9.20,12.00
2007.05.04 09:45:28.202,1.98605,1.9863,5.20,16.00
2007.05.04 09:45:28.472,1.98605,1.9863,5.20,19.30
2007.05.04 09:45:30.654,1.98605,1.9863,5.20,15.30
2007.05.04 09:45:34.833,1.9861,1.9863,0.60,15.30
2007.05.04 09:45:35.264,1.9861,1.9863,1.70,15.30
2007.05.04 09:45:36.116,1.9861,1.9863,4.50,12.00
2007.05.04 09:45:36.356,1.98605,1.9863,20.30,12.00
2007.05.04 09:45:42.115,1.9861,1.9863,4.20,16.00
2007.05.04 09:45:47.098,1.98605,1.9863,24.30,12.00
2007.05.04 09:45:50.338,1.9861,1.9863,5.20,12.00
2007.05.04 09:45:52.415,1.9861,1.9863,2.80,12.00
2007.05.04 09:46:00.056,1.98605,1.9863,20.30,16.00
2007.05.04 09:46:00.383,1.98605,1.9863,21.90,14.40
2007.05.04 09:46:01.381,1.98605,1.9863,21.90,14.40
2007.05.04 09:46:01.947,1.98605,1.9863,21.90,12.00
2007.05.04 09:46:02.216,1.9861,1.9863,21.10,12.00
2007.05.04 09:46:02.463,1.9861,1.9863,21.90,12.00
2007.05.04 09:46:03.650,1.9861,1.9863,21.90,8.00
2007.05.04 09:46:04.614,1.9861,1.9863,25.90,8.00
2007.05.04 09:46:05.026,1.9861,1.9863,21.90,8.00
2007.05.04 09:46:06.026,1.9861,1.9863,25.90,8.00
2007.05.04 09:46:12.636,1.9861,1.9863,21.90,8.00
2007.05.04 09:46:13.995,1.9863,1.9864,4.00,39.60
2007.05.04 09:46:15.981,1.9861,1.9863,20.50,8.00
2007.05.04 09:46:25.051,1.9861,1.9863,24.50,8.00
2007.05.04 09:46:31.676,1.9862,1.9863,4.00,8.00
2007.05.04 09:46:37.013,1.9861,1.9863,19.70,8.00
2007.05.04 09:46:41.002,1.9861,1.9863,23.70,8.00
2007.05.04 09:46:42.751,1.9862,1.9863,7.90,4.00
2007.05.04 09:46:42.999,1.98615,1.9863,3.20,7.60
2007.05.04 09:46:43.740,1.98615,1.9863,2.40,7.60
2007.05.04 09:46:48.640,1.98615,1.9863,2.40,8.00
2007.05.04 09:46:49.951,1.9862,1.9864,8.40,34.70
2007.05.04 09:46:51.050,1.9862,1.9864,8.40,30.70
2007.05.04 09:46:53.813,1.9862,1.9864,12.40,30.70
2007.05.04 09:46:59.021,1.9862,1.9864,8.40,34.70
2007.05.04 09:47:00.018,1.9862,1.9864,10.80,34.70
2007.05.04 09:47:00.682,1.9862,1.9864,12.40,33.10
2007.05.04 09:47:02.015,1.9862,1.9864,12.40,29.10
2007.05.04 09:47:04.703,1.9862,1.9864,5.50,29.10
2007.05.04 09:47:12.218,1.9862,1.9864,10.50,21.20
2007.05.04 09:47:12.752,1.98615,1.9864,18.80,29.10
2007.05.04 09:47:19.374,1.98615,1.9864,18.90,29.10
2007.05.04 09:47:20.674,1.9862,1.9864,5.30,29.10
2007.05.04 09:47:20.953,1.98615,1.9864,22.80,29.10
2007.05.04 09:47:23.044,1.98615,1.9864,18.80,29.10
2007.05.04 09:47:24.983,1.9862,1.9863,2.30,8.00
2007.05.04 09:47:46.577,1.9862,1.9863,5.20,8.00
2007.05.04 09:47:49.044,1.98615,1.9862,2.40,4.00
2007.05.04 09:47:49.253,1.9861,1.9862,5.20,8.00
2007.05.04 09:47:49.607,1.9861,1.9862,2.80,8.00
2007.05.04 09:47:51.915,1.98605,1.9862,6.00,8.00
2007.05.04 09:47:51.932,1.98605,1.9862,5.20,12.00
2007.05.04 09:47:53.133,1.98605,1.9862,5.20,16.00
2007.05.04 09:47:53.929,1.98605,1.9862,5.20,12.00
2007.05.04 09:47:56.923,1.9862,1.98625,1.00,3.30
2007.05.04 09:47:57.155,1.98615,1.9863,10.00,8.00
2007.05.04 09:47:57.664,1.9862,1.9863,1.00,27.10
2007.05.04 09:47:57.868,1.986,1.9862,44.00,4.00
2007.05.04 09:47:58.355,1.98605,1.9862,13.20,4.00
2007.05.04 09:47:58.589,1.9861,1.9862,3.10,8.00
2007.05.04 09:47:58.852,1.98605,1.9862,5.20,8.00
2007.05.04 09:48:05.819,1.9861,1.9862,3.40,8.00
2007.05.04 09:48:06.143,1.98605,1.9862,9.20,4.00
2007.05.04 09:48:07.661,1.98605,1.9862,5.20,8.00
2007.05.04 09:48:08.920,1.98605,1.9862,13.20,8.00
2007.05.04 09:48:10.987,1.98605,1.9862,5.20,8.00
2007.05.04 09:48:13.189,1.9861,1.9862,2.20,8.00
2007.05.04 09:48:14.175,1.986,1.9862,26.70,12.00
2007.05.04 09:48:14.570,1.98605,1.9862,5.20,12.00
2007.05.04 09:48:14.931,1.986,1.9862,22.70,14.40
2007.05.04 09:48:15.516,1.986,1.9862,17.10,12.00
2007.05.04 09:48:15.835,1.986,1.9862,17.10,8.00
2007.05.04 09:48:16.137,1.986,1.9862,21.10,12.00
2007.05.04 09:48:16.615,1.986,1.9862,17.10,12.00
2007.05.04 09:48:16.968,1.986,1.9862,31.00,4.00
2007.05.04 09:48:17.543,1.9861,1.9863,2.30,30.80
2007.05.04 09:48:17.826,1.98605,1.9863,5.20,30.80
2007.05.04 09:48:18.071,1.9861,1.9862,1.70,4.00
2007.05.04 09:48:19.002,1.98605,1.9863,5.20,34.00
2007.05.04 09:48:19.599,1.98605,1.9863,5.20,40.40
2007.05.04 09:48:20.182,1.9861,1.9862,0.90,0.70
2007.05.04 09:48:20.570,1.98605,1.9863,5.20,45.50
2007.05.04 09:48:28.202,1.9861,1.9863,6.80,41.40
2007.05.04 09:48:28.541,1.9861,1.9862,6.80,0.80
2007.05.04 09:48:30.190,1.9861,1.9863,2.80,34.00
2007.05.04 09:48:31.476,1.986,1.9862,38.90,0.90
2007.05.04 09:48:31.746,1.986,1.9862,37.30,0.60
2007.05.04 09:48:32.041,1.986,1.9863,36.50,31.60
2007.05.04 09:48:32.254,1.9861,1.9863,2.80,34.40
2007.05.04 09:48:33.247,1.98605,1.9862,2.40,0.60
2007.05.04 09:48:33.539,1.986,1.9863,39.70,34.80
2007.05.04 09:48:33.908,1.986,1.9863,36.50,38.00
2007.05.04 09:48:34.139,1.986,1.9863,32.30,42.50
2007.05.04 09:48:34.411,1.986,1.98625,24.30,12.40
2007.05.04 09:48:34.623,1.986,1.98625,20.50,12.50
2007.05.04 09:48:35.094,1.986,1.9862,20.50,0.70
2007.05.04 09:48:35.897,1.986,1.98625,20.50,12.50
2007.05.04 09:48:36.900,1.986,1.9862,20.50,0.50
2007.05.04 09:48:37.460,1.986,1.9862,20.50,0.50
2007.05.04 09:48:38.842,1.9861,1.9862,2.80,0.50
2007.05.04 09:48:41.546,1.9861,1.9862,2.80,0.80
2007.05.04 09:48:44.097,1.9861,1.9862,2.80,0.50
2007.05.04 09:48:44.317,1.9861,1.9862,0.60,0.50
2007.05.04 09:48:45.156,1.986,1.98625,16.60,32.80
2007.05.04 09:48:46.856,1.986,1.9862,0.50,0.80
2007.05.04 09:48:47.093,1.98595,1.98625,15.00,35.60
2007.05.04 09:48:47.521,1.986,1.9862,0.80,0.70
2007.05.04 09:48:51.501,1.98595,1.98625,17.40,39.60
2007.05.04 09:48:52.501,1.98595,1.98625,17.40,39.60
2007.05.04 09:48:53.156,1.986,1.9861,0.70,0.90
2007.05.04 09:48:55.157,1.986,1.9861,0.90,0.90
2007.05.04 09:48:56.165,1.986,1.9861,0.90,0.80
2007.05.04 09:48:56.594,1.986,1.9861,0.70,0.60
2007.05.04 09:48:56.822,1.98595,1.98615,3.80,9.60
2007.05.04 09:49:08.103,1.986,1.9861,0.30,0.80
2007.05.04 09:49:08.362,1.986,1.9861,0.60,0.80
2007.05.04 09:49:08.646,1.9859,1.9861,7.80,40.00
2007.05.04 09:49:09.435,1.986,1.9861,0.80,42.70
2007.05.04 09:49:09.967,1.9858,1.986,0.90,0.70
2007.05.04 09:49:10.200,1.98585,1.98615,14.00,35.70
2007.05.04 09:49:10.430,1.9859,1.9861,0.90,0.50
2007.05.04 09:49:10.665,1.98595,1.98615,4.40,16.80
2007.05.04 09:49:10.907,1.986,1.9861,0.70,0.70
2007.05.04 09:49:18.705,1.986,1.9861,3.60,12.00
2007.05.04 09:49:20.066,1.986,1.9861,3.60,8.00
2007.05.04 09:49:24.716,1.986,1.9861,5.00,8.00
2007.05.04 09:49:24.922,1.986,1.9861,8.20,8.00
2007.05.04 09:49:25.160,1.986,1.9861,9.00,8.00
2007.05.04 09:49:25.378,1.986,1.9861,10.60,8.00
2007.05.04 09:49:29.435,1.986,1.9861,10.80,8.00
2007.05.04 09:49:29.801,1.986,1.9861,10.70,8.00
2007.05.04 09:49:30.136,1.986,1.9861,10.60,8.00
2007.05.04 09:49:33.721,1.9861,1.9862,0.80,19.60
2007.05.04 09:49:33.938,1.9861,1.9862,2.80,12.80
2007.05.04 09:49:34.238,1.98605,1.9862,0.80,29.90
2007.05.04 09:49:34.458,1.986,1.9862,20.40,29.90
2007.05.04 09:49:34.702,1.986,1.9862,19.60,30.70
2007.05.04 09:49:35.320,1.986,1.9862,20.20,29.90
2007.05.04 09:49:35.627,1.986,1.9862,24.20,25.90
2007.05.04 09:49:36.118,1.986,1.9862,20.20,25.90
2007.05.04 09:49:36.546,1.98595,1.9862,21.80,25.90
2007.05.04 09:49:36.659,1.98595,1.9862,21.90,25.90
2007.05.04 09:49:37.763,1.98595,1.9862,22.00,25.90
2007.05.04 09:49:38.097,1.98595,1.9862,22.00,25.90
2007.05.04 09:49:38.429,1.986,1.9862,2.60,25.90
2007.05.04 09:49:39.057,1.986,1.9862,1.30,29.90
2007.05.04 09:49:40.095,1.98595,1.9862,22.00,25.90
2007.05.04 09:49:40.689,1.98595,1.9862,22.00,25.90
2007.05.04 09:49:41.430,1.98595,1.9862,20.40,25.90
2007.05.04 09:49:41.672,1.986,1.9862,40.40,4.80
2007.05.04 09:49:48.395,1.98605,1.9862,9.20,4.00
2007.05.04 09:49:56.365,1.9861,1.9862,1.70,4.00
2007.05.04 09:49:56.661,1.9861,1.9862,1.60,4.80
2007.05.04 09:49:56.965,1.98605,1.9862,7.60,4.00
2007.05.04 09:49:57.191,1.98605,1.9862,9.20,4.00
2007.05.04 09:50:00.683,1.98605,1.9863,11.60,39.50
2007.05.04 09:50:00.905,1.9861,1.9863,2.00,27.90
2007.05.04 09:50:04.994,1.9861,1.9863,12.40,27.90
2007.05.04 09:50:10.635,1.9862,1.9863,2.80,27.90
2007.05.04 09:50:10.927,1.9861,1.9863,12.40,27.90
2007.05.04 09:50:14.954,1.9861,1.9863,8.40,27.90
2007.05.04 09:50:16.611,1.9861,1.9863,8.40,31.90
2007.05.04 09:50:17.855,1.9862,1.9863,2.80,31.90
2007.05.04 09:50:18.277,1.9861,1.9863,8.40,31.90
2007.05.04 09:50:18.608,1.9863,1.98635,4.00,4.90
2007.05.04 09:50:19.604,1.9861,1.9863,8.40,27.90
2007.05.04 09:50:19.833,1.9862,1.9863,2.80,27.90
2007.05.04 09:50:20.038,1.9862,1.9863,2.80,30.30
2007.05.04 09:50:20.264,1.9862,1.9863,0.80,30.30
2007.05.04 09:50:20.469,1.9861,1.9863,16.40,26.30
2007.05.04 09:50:21.799,1.9862,1.9863,2.80,26.30
2007.05.04 09:50:30.349,1.9861,1.9863,12.40,26.30
2007.05.04 09:50:32.012,1.9861,1.9863,8.40,30.30
2007.05.04 09:50:34.002,1.9861,1.9863,8.40,26.30
2007.05.04 09:50:34.777,1.9862,1.98625,2.80,0.80
2007.05.04 09:50:36.328,1.9861,1.9862,3.60,8.00
2007.05.04 09:50:38.054,1.9861,1.98625,3.60,8.80
2007.05.04 09:50:38.984,1.9861,1.9862,7.60,0.80
2007.05.04 09:50:40.277,1.9861,1.98625,3.60,8.80
2007.05.04 09:51:16.130,1.9861,1.9862,3.60,12.00
2007.05.04 09:51:19.519,1.98605,1.9862,9.20,12.00
2007.05.04 09:51:23.143,1.98605,1.9862,9.20,8.00
2007.05.04 09:51:24.425,1.9861,1.9863,26.70,20.40
2007.05.04 09:51:24.644,1.98615,1.9863,5.20,9.60
2007.05.04 09:51:25.442,1.98615,1.9863,5.20,4.80
2007.05.04 09:51:26.682,1.98615,1.9863,5.20,8.80
2007.05.04 09:51:27.472,1.98615,1.9863,5.20,4.80
2007.05.04 09:51:30.042,1.98615,1.9863,10.80,4.00
2007.05.04 09:51:34.145,1.98615,1.9863,14.80,4.00
2007.05.04 09:51:34.897,1.98615,1.98635,27.60,0.80
2007.05.04 09:51:35.150,1.9863,1.98635,1.50,0.80
2007.05.04 09:51:37.210,1.98615,1.98635,23.60,0.80
2007.05.04 09:51:37.556,1.98615,1.98635,27.60,0.80
2007.05.04 09:51:38.890,1.98615,1.9864,35.50,13.20
2007.05.04 09:51:40.141,1.98615,1.9864,35.50,13.20
2007.05.04 09:51:40.542,1.9862,1.9864,1.70,13.20
2007.05.04 09:51:41.546,1.98615,1.9864,35.50,13.20
2007.05.04 09:51:42.541,1.9862,1.9864,2.00,13.20
2007.05.04 09:51:44.501,1.9862,1.98635,10.90,0.80
2007.05.04 09:51:46.850,1.9862,1.9863,2.30,2.80
2007.05.04 09:51:47.105,1.98615,1.9863,5.60,2.80
2007.05.04 09:51:49.839,1.9862,1.9863,7.20,2.80
2007.05.04 09:51:50.465,1.9862,1.9863,7.20,10.80
2007.05.04 09:51:51.506,1.9862,1.9863,3.20,10.80
2007.05.04 09:51:52.592,1.9862,1.9863,0.60,10.80
2007.05.04 09:51:53.825,1.98615,1.9863,10.40,10.80
2007.05.04 09:51:54.032,1.98615,1.9864,42.30,9.20
2007.05.04 09:51:54.609,1.9862,1.9864,11.60,8.40
2007.05.04 09:51:54.810,1.98615,1.9864,44.70,7.60
2007.05.04 09:51:55.114,1.98615,1.9864,44.70,11.60
2007.05.04 09:51:55.486,1.98615,1.9864,42.30,11.60
2007.05.04 09:51:55.506,1.98615,1.98645,82.20,14.00
2007.05.04 09:51:55.817,1.98615,1.98645,40.70,10.00
2007.05.04 09:51:56.493,1.9862,1.9864,0.90,0.80
2007.05.04 09:51:57.061,1.98615,1.98645,22.80,36.40
2007.05.04 09:51:57.480,1.9861,1.98635,42.50,8.40
2007.05.04 09:51:58.062,1.98605,1.98635,44.90,8.40
2007.05.04 09:51:59.809,1.9861,1.98635,38.50,10.00
2007.05.04 09:52:00.465,1.98615,1.98645,12.40,40.40
2007.05.04 09:52:00.749,1.98615,1.98645,16.40,40.40
2007.05.04 09:52:01.751,1.98615,1.98645,18.80,36.40
2007.05.04 09:52:07.450,1.9862,1.9864,0.80,0.50
2007.05.04 09:52:10.093,1.98615,1.98645,22.80,36.40
2007.05.04 09:52:14.065,1.9861,1.9862,21.60,0.50
2007.05.04 09:52:14.315,1.9861,1.9863,4.80,43.60
2007.05.04 09:52:14.579,1.9861,1.9863,19.10,14.00
2007.05.04 09:52:14.791,1.9861,1.98635,31.90,5.80
2007.05.04 09:52:14.995,1.9862,1.9863,0.60,0.60
2007.05.04 09:52:15.565,1.9861,1.9863,0.90,0.50
2007.05.04 09:52:15.820,1.98605,1.98635,8.80,15.20
2007.05.04 09:52:16.414,1.986,1.98635,45.20,24.90
2007.05.04 09:52:16.633,1.98605,1.9862,0.80,0.70
2007.05.04 09:52:16.837,1.98605,1.9862,0.80,0.60
2007.05.04 09:52:17.632,1.986,1.9863,33.10,44.30
2007.05.04 09:52:19.600,1.98605,1.9863,4.80,42.70
2007.05.04 09:52:20.023,1.98595,1.98625,22.00,24.70
2007.05.04 09:52:20.277,1.986,1.9862,0.80,0.50
2007.05.04 09:52:20.639,1.98595,1.98625,22.00,26.70
2007.05.04 09:52:21.384,1.98605,1.9862,0.80,0.90
2007.05.04 09:52:22.377,1.986,1.98625,22.00,27.50
2007.05.04 09:52:22.669,1.986,1.98625,18.00,27.50
2007.05.04 09:52:25.910,1.986,1.9862,18.00,0.50
2007.05.04 09:52:26.631,1.986,1.98625,22.00,27.50
2007.05.04 09:52:26.875,1.986,1.9862,19.20,29.90
2007.05.04 09:52:27.577,1.986,1.9861,19.10,0.90
2007.05.04 09:52:28.353,1.986,1.9861,19.20,0.50
2007.05.04 09:52:28.630,1.986,1.9861,15.20,0.50
2007.05.04 09:52:29.867,1.986,1.9861,15.30,0.50
2007.05.04 09:52:30.558,1.986,1.9862,15.20,29.90
2007.05.04 09:52:31.007,1.986,1.9861,14.90,0.60
2007.05.04 09:52:32.335,1.986,1.9861,12.80,0.70
2007.05.04 09:52:32.628,1.986,1.9862,8.00,29.90
2007.05.04 09:52:41.006,1.986,1.9862,7.20,29.90
2007.05.04 09:52:41.427,1.986,1.9862,15.10,22.00
2007.05.04 09:52:41.652,1.986,1.9861,19.10,0.60
2007.05.04 09:52:44.750,1.986,1.9861,19.90,0.60
2007.05.04 09:52:44.994,1.986,1.9863,25.10,52.20
2007.05.04 09:52:45.746,1.986,1.9863,29.10,48.20
2007.05.04 09:52:45.952,1.986,1.9863,25.10,49.80
2007.05.04 09:52:48.074,1.986,1.9863,25.10,49.80
2007.05.04 09:52:48.666,1.986,1.9863,29.10,45.80
2007.05.04 09:52:50.959,1.98595,1.9863,34.70,53.80
2007.05.04 09:52:53.601,1.98605,1.98635,8.40,35.80
2007.05.04 09:52:54.129,1.98605,1.98635,10.00,38.20
2007.05.04 09:52:54.386,1.98605,1.98635,10.00,38.00
2007.05.04 09:52:55.381,1.98605,1.9862,7.60,4.00
2007.05.04 09:52:55.635,1.98595,1.9862,37.20,4.00
2007.05.04 09:52:56.653,1.986,1.9862,6.20,4.00
2007.05.04 09:52:58.039,1.986,1.9862,11.30,4.00
2007.05.04 09:52:59.702,1.986,1.9862,9.40,6.80
2007.05.04 09:53:00.032,1.986,1.9862,14.20,6.80
2007.05.04 09:53:01.025,1.98595,1.9862,44.60,2.80
2007.05.04 09:53:01.303,1.98595,1.9862,45.40,2.80
2007.05.04 09:53:02.111,1.98595,1.9862,49.40,2.80
2007.05.04 09:53:02.354,1.98595,1.9862,48.60,2.80
2007.05.04 09:53:02.573,1.986,1.9862,11.30,2.80
2007.05.04 09:53:03.351,1.98595,1.9862,42.70,2.80
2007.05.04 09:53:06.010,1.98595,1.9862,46.70,2.80
2007.05.04 09:53:06.338,1.98595,1.9862,46.70,2.80
2007.05.04 09:53:06.896,1.986,1.9862,5.60,2.80
2007.05.04 09:53:08.680,1.986,1.9862,1.70,6.80
2007.05.04 09:53:09.117,1.98595,1.9862,47.50,2.80
2007.05.04 09:53:10.755,1.986,1.9863,41.90,36.80
2007.05.04 09:53:11.029,1.98605,1.9863,5.20,33.60
2007.05.04 09:53:15.093,1.986,1.9863,37.90,37.60
2007.05.04 09:53:15.639,1.986,1.9863,26.00,36.00
2007.05.04 09:53:16.423,1.986,1.9863,26.00,36.80
2007.05.04 09:53:17.650,1.98605,1.9863,5.20,32.80
2007.05.04 09:53:18.305,1.9861,1.9863,2.80,36.80
2007.05.04 09:53:24.728,1.986,1.9862,37.50,2.80
2007.05.04 09:53:26.059,1.986,1.9862,41.50,2.80
2007.05.04 09:53:27.649,1.986,1.9862,37.50,2.80
2007.05.04 09:53:27.886,1.9861,1.9863,2.80,36.80
2007.05.04 09:53:29.042,1.9861,1.9863,2.80,32.80
2007.05.04 09:53:30.375,1.9861,1.9863,5.20,32.00
2007.05.04 09:53:30.700,1.9861,1.9863,6.00,32.00
2007.05.04 09:53:31.606,1.9861,1.9863,6.00,36.00
2007.05.04 09:53:32.029,1.9861,1.9863,6.00,32.00
2007.05.04 09:53:32.365,1.9861,1.9863,0.80,32.00
2007.05.04 09:53:32.616,1.9861,1.9863,0.80,32.80
2007.05.04 09:53:32.831,1.986,1.9863,40.70,32.80
2007.05.04 09:53:33.178,1.98595,1.9863,46.30,32.80
2007.05.04 09:53:34.027,1.98595,1.9863,42.30,36.80
2007.05.04 09:53:35.647,1.98595,1.9862,42.30,4.00
2007.05.04 09:53:37.681,1.986,1.9863,10.70,36.80
2007.05.04 09:53:38.677,1.98595,1.9861,42.30,4.00
2007.05.04 09:53:40.005,1.986,1.9861,4.80,4.00
2007.05.04 09:53:40.305,1.98605,1.9861,18.80,4.00
2007.05.04 09:53:40.997,1.98605,1.9863,18.80,28.40
2007.05.04 09:53:43.654,1.9861,1.9863,0.80,32.40
2007.05.04 09:53:49.635,1.9862,1.9863,0.80,15.60
2007.05.04 09:53:51.663,1.98615,1.9863,2.40,11.60
2007.05.04 09:53:58.053,1.98615,1.9863,2.40,15.60
2007.05.04 09:53:58.638,1.9862,1.9863,2.20,11.60
2007.05.04 09:54:01.288,1.9862,1.9863,0.70,11.60
2007.05.04 09:54:01.712,1.9861,1.9863,15.60,29.20
2007.05.04 09:54:03.273,1.9861,1.9863,9.20,29.20
2007.05.04 09:54:05.031,1.9861,1.9862,14.00,4.00
2007.05.04 09:54:05.283,1.9861,1.9862,4.80,10.80
2007.05.04 09:54:06.027,1.9861,1.9862,0.80,10.80
2007.05.04 09:54:06.359,1.9861,1.9862,1.60,10.80
2007.05.04 09:54:08.352,1.9861,1.9862,4.40,8.00
2007.05.04 09:54:08.687,1.9861,1.9862,6.00,8.00
2007.05.04 09:54:09.221,1.9861,1.9862,12.40,4.00
2007.05.04 09:54:09.627,1.9861,1.9863,14.80,32.60
2007.05.04 09:54:10.893,1.9861,1.9863,10.00,33.40
2007.05.04 09:54:11.190,1.9861,1.9863,10.00,29.40
2007.05.04 09:54:12.647,1.9861,1.9863,14.00,29.40
2007.05.04 09:54:14.003,1.9861,1.9863,10.00,29.40
2007.05.04 09:54:15.206,1.9861,1.9862,0.80,4.00
2007.05.04 09:54:15.450,1.986,1.9862,37.10,4.00
2007.05.04 09:54:15.772,1.986,1.9862,33.10,4.00
2007.05.04 09:54:17.188,1.986,1.9862,29.10,4.00
2007.05.04 09:54:18.195,1.986,1.9862,29.10,8.00
2007.05.04 09:54:18.635,1.986,1.9862,29.10,4.00
2007.05.04 09:54:19.634,1.986,1.9862,33.10,4.00
2007.05.04 09:54:22.626,1.9861,1.9862,4.00,4.00
2007.05.04 09:54:23.178,1.986,1.9862,33.10,4.00
2007.05.04 09:54:25.608,1.9861,1.9863,2.40,41.00
2007.05.04 09:54:25.812,1.9861,1.9863,6.00,29.40
2007.05.04 09:54:27.528,1.9861,1.9863,6.00,29.30
2007.05.04 09:54:28.261,1.9861,1.9863,6.00,33.30
2007.05.04 09:54:28.596,1.9861,1.9863,6.00,28.50
2007.05.04 09:54:28.866,1.9861,1.9863,6.00,28.40
2007.05.04 09:54:29.600,1.9861,1.9863,6.00,28.50
2007.05.04 09:54:29.846,1.9861,1.9863,6.00,29.30
2007.05.04 09:54:30.147,1.9861,1.9863,6.00,33.30
2007.05.04 09:54:30.493,1.9861,1.9863,6.00,32.50
2007.05.04 09:54:30.873,1.9861,1.9863,6.00,34.10
2007.05.04 09:54:31.279,1.9861,1.98635,6.00,42.20
2007.05.04 09:54:33.572,1.9861,1.98635,6.00,38.20
2007.05.04 09:54:40.327,1.9861,1.98635,6.00,38.30
2007.05.04 09:54:48.469,1.9861,1.9863,9.20,0.70
2007.05.04 09:54:48.772,1.9861,1.98635,9.20,35.70
2007.05.04 09:54:48.985,1.9861,1.98635,12.40,35.70
2007.05.04 09:54:53.160,1.9861,1.98635,16.40,35.70
2007.05.04 09:54:57.744,1.9861,1.9863,14.00,40.50
2007.05.04 09:54:57.948,1.9861,1.9863,11.60,44.10
2007.05.04 09:54:58.789,1.9861,1.98635,16.40,35.90
2007.05.04 09:54:59.144,1.9861,1.9863,12.40,0.50
2007.05.04 09:54:59.807,1.9861,1.9863,10.00,0.50
2007.05.04 09:55:01.057,1.9861,1.9863,10.00,34.20
2007.05.04 09:55:01.477,1.9861,1.9863,7.60,30.20
2007.05.04 09:55:02.135,1.9861,1.9863,6.80,31.00
2007.05.04 09:55:02.365,1.9861,1.9863,6.00,30.00
2007.05.04 09:55:06.122,1.9861,1.9863,6.00,30.20
2007.05.04 09:55:06.371,1.9861,1.9863,6.00,31.00
2007.05.04 09:55:07.112,1.9861,1.9863,6.00,30.90
2007.05.04 09:55:11.548,1.9861,1.9863,10.00,30.90
2007.05.04 09:55:18.187,1.9861,1.9862,7.60,4.00
2007.05.04 09:55:18.395,1.9861,1.9862,4.80,10.80
2007.05.04 09:55:19.517,1.9861,1.9862,0.80,10.80
2007.05.04 09:55:19.653,1.98605,1.9862,3.20,10.80
2007.05.04 09:55:20.437,1.9861,1.9863,3.00,34.90
2007.05.04 09:55:20.852,1.98605,1.9861,2.40,6.00
2007.05.04 09:55:21.080,1.98595,1.9861,7.20,6.80
2007.05.04 09:55:21.323,1.986,1.9862,10.50,9.40
2007.05.04 09:55:21.607,1.986,1.9862,9.80,7.00
2007.05.04 09:55:22.180,1.98595,1.9862,29.10,7.20
2007.05.04 09:55:22.399,1.986,1.9862,5.30,11.50
2007.05.04 09:55:22.661,1.98595,1.9862,25.10,7.20
2007.05.04 09:55:23.287,1.986,1.9862,4.60,11.20
2007.05.04 09:55:23.491,1.98595,1.9862,29.10,7.20
2007.05.04 09:55:23.835,1.98605,1.9863,7.60,34.90
2007.05.04 09:55:24.049,1.98605,1.9863,8.40,34.10
2007.05.04 09:55:24.492,1.98605,1.9863,7.60,30.10
2007.05.04 09:55:24.722,1.9861,1.9863,1.70,30.10
2007.05.04 09:55:24.971,1.98605,1.9863,10.80,34.10
2007.05.04 09:55:25.218,1.98605,1.9863,10.80,34.40
2007.05.04 09:55:26.378,1.9861,1.9863,2.30,30.40
2007.05.04 09:55:26.828,1.9861,1.9863,2.50,31.20
2007.05.04 09:55:27.160,1.98605,1.9863,10.80,35.20
2007.05.04 09:55:27.502,1.98605,1.9863,10.80,35.20
2007.05.04 09:55:28.483,1.9861,1.9863,1.30,31.20
2007.05.04 09:55:31.382,1.98605,1.9862,5.20,30.10
2007.05.04 09:55:31.588,1.986,1.9862,15.60,33.10
2007.05.04 09:55:31.807,1.98595,1.9862,22.00,33.10
2007.05.04 09:55:32.097,1.98595,1.9862,22.00,33.90
2007.05.04 09:55:32.409,1.986,1.9861,1.00,6.80
2007.05.04 09:55:32.654,1.986,1.9861,1.80,6.80
2007.05.04 09:55:33.312,1.98595,1.9861,3.20,6.80
2007.05.04 09:55:33.670,1.986,1.9861,1.30,6.80
2007.05.04 09:55:34.128,1.98595,1.9861,3.20,6.80
2007.05.04 09:55:36.450,1.98595,1.9861,3.20,6.80
2007.05.04 09:55:39.773,1.98595,1.9861,7.20,2.80
2007.05.04 09:55:39.979,1.986,1.9861,6.70,2.00
2007.05.04 09:55:41.049,1.986,1.9862,3.10,4.10
2007.05.04 09:55:41.401,1.986,1.9861,7.60,0.80
2007.05.04 09:55:41.712,1.986,1.9861,0.80,6.80
2007.05.04 09:55:41.993,1.98595,1.9861,3.40,6.80
2007.05.04 09:55:45.368,1.98585,1.9861,9.20,31.50
2007.05.04 09:55:45.590,1.9859,1.986,0.80,2.80
2007.05.04 09:55:45.878,1.98595,1.986,0.70,2.80
2007.05.04 09:55:46.121,1.98595,1.9861,1.10,19.60
2007.05.04 09:55:46.419,1.98595,1.9861,0.80,19.60
2007.05.04 09:55:46.719,1.98595,1.9861,0.80,0.90
2007.05.04 09:55:46.741,1.9859,1.98615,18.70,26.00
2007.05.04 09:55:47.047,1.9859,1.98615,18.70,33.30
2007.05.04 09:55:47.406,1.98595,1.9861,0.80,0.90
2007.05.04 09:55:47.635,1.98595,1.9861,0.80,0.60
2007.05.04 09:55:48.401,1.9859,1.98615,18.70,29.30
2007.05.04 09:55:50.026,1.9859,1.9861,10.80,0.80
2007.05.04 09:55:50.402,1.9859,1.9861,4.40,39.50
2007.05.04 09:55:50.613,1.9859,1.9861,1.60,45.50
2007.05.04 09:55:50.828,1.9859,1.9861,2.40,43.90
2007.05.04 09:55:51.063,1.986,1.9861,0.80,0.70
2007.05.04 09:55:51.399,1.986,1.9861,0.80,0.70
2007.05.04 09:55:51.637,1.986,1.98615,0.80,16.40
2007.05.04 09:55:52.719,1.98595,1.98615,2.40,23.80
2007.05.04 09:55:52.963,1.9859,1.9861,6.00,49.30
2007.05.04 09:55:53.172,1.9859,1.9861,5.60,48.50
2007.05.04 09:55:53.382,1.9859,1.9861,5.60,44.50
2007.05.04 09:55:53.632,1.9859,1.986,1.60,0.60
2007.05.04 09:55:54.375,1.9859,1.9861,18.70,0.60
2007.05.04 09:55:54.676,1.9859,1.98615,18.70,31.70
2007.05.04 09:55:55.045,1.9859,1.9861,18.70,0.90
2007.05.04 09:55:56.381,1.9859,1.9861,16.30,0.90
2007.05.04 09:55:56.595,1.9859,1.9861,1.60,34.90
2007.05.04 09:55:56.822,1.98595,1.986,0.80,0.60
2007.05.04 09:55:57.040,1.98595,1.98615,0.80,22.00
2007.05.04 09:55:57.387,1.98595,1.98615,0.80,15.60
2007.05.04 09:55:57.583,1.986,1.9862,0.80,57.90
2007.05.04 09:55:58.366,1.986,1.9861,0.80,0.80
2007.05.04 09:55:58.601,1.9859,1.9861,18.70,0.50
2007.05.04 09:55:59.033,1.9859,1.9861,10.80,0.60
2007.05.04 09:55:59.368,1.98595,1.98615,0.80,30.00
2007.05.04 09:55:59.586,1.98595,1.98615,0.80,27.60
2007.05.04 09:55:59.852,1.9859,1.98615,14.80,27.60
2007.05.04 09:56:00.683,1.98595,1.9861,0.80,0.70
2007.05.04 09:56:01.909,1.98595,1.9861,0.80,0.80
2007.05.04 09:56:02.914,1.98595,1.9862,0.80,24.40
2007.05.04 09:56:03.973,1.98595,1.9862,0.80,20.50
2007.05.04 09:56:04.952,1.98595,1.98615,0.80,30.00
2007.05.04 09:56:05.671,1.98595,1.98615,2.40,30.00
2007.05.04 09:56:05.927,1.986,1.9862,1.60,50.00
2007.05.04 09:56:09.202,1.986,1.9862,0.80,54.00
2007.05.04 09:56:09.662,1.986,1.98605,0.80,0.10
2007.05.04 09:56:14.309,1.986,1.9862,0.80,54.00
2007.05.04 09:56:17.961,1.986,1.9861,0.80,7.60
2007.05.04 09:56:18.908,1.986,1.9861,0.80,7.60
2007.05.04 09:56:21.286,1.98595,1.9861,0.80,7.60
2007.05.04 09:56:21.954,1.9859,1.9861,39.50,7.60
2007.05.04 09:56:24.160,1.9861,1.98615,1.30,1.60
2007.05.04 09:56:30.135,1.9861,1.98615,1.80,1.60
2007.05.04 09:56:31.023,1.9859,1.9861,40.50,6.80
2007.05.04 09:56:33.347,1.986,1.9861,0.80,6.80
2007.05.04 09:56:33.681,1.9859,1.9861,40.50,7.60
2007.05.04 09:56:37.003,1.9859,1.9861,40.50,6.80
2007.05.04 09:56:39.991,1.986,1.9861,28.00,2.80
2007.05.04 09:56:40.209,1.986,1.98615,41.10,0.10
2007.05.04 09:56:40.651,1.986,1.98615,41.10,4.80
2007.05.04 09:56:44.309,1.986,1.9862,41.10,7.60
2007.05.04 09:56:46.631,1.98605,1.9862,3.20,6.80
2007.05.04 09:56:51.613,1.98605,1.9862,0.80,7.60
2007.05.04 09:56:54.160,1.98605,1.9862,0.80,11.60
2007.05.04 09:56:54.600,1.9861,1.9862,0.80,10.80
2007.05.04 09:56:55.152,1.9861,1.9862,0.80,6.80
2007.05.04 09:56:56.080,1.9861,1.9862,0.80,10.80
2007.05.04 09:56:56.303,1.9861,1.9862,0.80,6.80
2007.05.04 09:57:10.179,1.9861,1.9862,0.80,10.80
2007.05.04 09:57:24.150,1.9861,1.9862,0.80,6.80
2007.05.04 09:57:25.115,1.9861,1.9862,3.20,2.80
2007.05.04 09:57:26.549,1.9861,1.9862,25.50,2.80
2007.05.04 09:57:28.527,1.9862,1.9863,2.40,7.20
2007.05.04 09:57:28.745,1.9862,1.9863,3.20,6.80
2007.05.04 09:57:29.027,1.9862,1.9863,6.00,4.00
2007.05.04 09:57:29.545,1.9862,1.9864,6.00,30.90
2007.05.04 09:57:29.754,1.9862,1.9864,8.40,30.90
2007.05.04 09:57:30.567,1.9862,1.9864,10.00,33.30
2007.05.04 09:57:31.155,1.9862,1.9864,10.00,29.30
2007.05.04 09:57:33.591,1.9862,1.9864,10.00,26.70
2007.05.04 09:57:33.890,1.9862,1.9864,10.00,25.90
2007.05.04 09:57:35.160,1.9862,1.9864,10.00,29.90
2007.05.04 09:57:36.205,1.9862,1.9864,14.00,25.90
2007.05.04 09:57:37.739,1.9862,1.9864,10.00,25.90
2007.05.04 09:57:39.537,1.9862,1.9864,10.00,29.90
2007.05.04 09:57:48.504,1.9862,1.9864,10.80,29.90
2007.05.04 09:57:49.116,1.9862,1.9864,10.80,25.90
2007.05.04 09:57:49.715,1.9862,1.9864,10.00,28.40
2007.05.04 09:57:51.486,1.9862,1.9864,10.00,32.40
2007.05.04 09:57:52.156,1.9862,1.9864,10.00,28.40
2007.05.04 09:57:53.133,1.9862,1.9864,14.00,28.40
2007.05.04 09:57:53.692,1.9862,1.9864,14.00,28.30
2007.05.04 09:57:57.620,1.9862,1.98645,14.00,36.40
2007.05.04 09:57:58.020,1.9862,1.98645,14.80,36.40
2007.05.04 09:57:58.710,1.9862,1.9864,14.80,0.80
2007.05.04 09:58:04.695,1.9862,1.98645,14.80,31.00
2007.05.04 09:58:07.091,1.9862,1.98645,10.80,31.00
2007.05.04 09:58:07.646,1.9862,1.9864,29.20,0.50
2007.05.04 09:58:07.886,1.98625,1.9864,0.80,0.90
2007.05.04 09:58:08.652,1.98625,1.9864,0.80,0.80
2007.05.04 09:58:09.643,1.98625,1.98645,0.80,9.50
2007.05.04 09:58:10.639,1.98625,1.98645,0.80,13.50
2007.05.04 09:58:11.627,1.98625,1.98645,0.80,9.50
2007.05.04 09:58:25.657,1.98625,1.9864,0.80,0.90
2007.05.04 09:58:26.017,1.98625,1.9864,0.80,0.60
2007.05.04 09:58:30.241,1.9863,1.9864,0.80,7.10
2007.05.04 09:58:30.476,1.9863,1.9864,1.60,7.10
2007.05.04 09:58:31.084,1.9863,1.9864,0.80,7.10
2007.05.04 09:58:33.767,1.9863,1.9864,0.80,11.10
2007.05.04 09:58:34.094,1.9863,1.9864,0.80,7.10
2007.05.04 09:58:34.648,1.9863,1.9864,0.80,11.10
2007.05.04 09:58:36.703,1.9863,1.9864,0.80,11.10
2007.05.04 09:58:38.046,1.98625,1.9864,3.20,11.10
2007.05.04 09:58:38.403,1.98625,1.9864,3.20,7.10
2007.05.04 09:58:39.695,1.98625,1.9864,4.80,2.80
2007.05.04 09:58:39.909,1.9863,1.9865,7.60,43.00
2007.05.04 09:58:40.116,1.98625,1.9864,14.80,0.10
2007.05.04 09:58:40.386,1.98635,1.9865,5.20,8.00
2007.05.04 09:58:41.272,1.98625,1.9865,17.20,33.90
2007.05.04 09:58:41.670,1.98625,1.9865,14.80,30.10
2007.05.04 09:58:42.160,1.9863,1.9865,2.10,34.10
2007.05.04 09:58:42.728,1.98625,1.9865,10.80,34.00
2007.05.04 09:58:43.059,1.98625,1.9865,10.80,30.00
2007.05.04 09:58:50.038,1.98625,1.9865,14.80,30.00
2007.05.04 09:58:59.009,1.98625,1.9865,10.80,30.00
2007.05.04 09:59:02.336,1.9863,1.9865,3.40,30.00
2007.05.04 09:59:02.653,1.9863,1.9865,3.30,34.00
2007.05.04 09:59:06.662,1.9863,1.9865,6.80,30.00
2007.05.04 09:59:08.090,1.9863,1.9865,6.80,34.00
2007.05.04 09:59:09.996,1.9863,1.9865,1.40,34.00
2007.05.04 09:59:20.668,1.98625,1.9864,10.80,4.00
2007.05.04 09:59:23.035,1.98625,1.9865,10.80,34.00
2007.05.04 09:59:37.642,1.9863,1.9865,6.80,30.00
2007.05.04 09:59:46.276,1.9863,1.9865,6.80,30.10
2007.05.04 09:59:55.596,1.9863,1.9865,6.00,30.10
2007.05.04 09:59:56.372,1.9863,1.9865,6.00,30.20
2007.05.04 09:59:57.352,1.9863,1.9865,6.00,30.10
2007.05.04 09:59:58.324,1.9863,1.9865,1.50,30.10
