2015.07.08 02:00:00.200,1.54391,1.544,1.12,1.57
2015.07.08 02:00:00.252,1.54388,1.54399,1.12,1.57
2015.07.08 02:00:00.506,1.54386,1.54399,2.62,4.12
2015.07.08 02:00:01.015,1.54386,1.54398,1.87,2.25
2015.07.08 02:00:01.548,1.54386,1.54397,1.00,2.25
2015.07.08 02:00:02.180,1.54386,1.54394,1.00,1.00
2015.07.08 02:00:03.278,1.54386,1.54395,1.00,1.12
2015.07.08 02:00:04.316,1.54385,1.54395,1.50,1.00
2015.07.08 02:00:06.438,1.54385,1.54396,1.00,1.57
2015.07.08 02:00:06.967,1.54386,1.54395,1.00,1.00
2015.07.08 02:00:07.675,1.54385,1.54395,1.10,1.50
2015.07.08 02:00:15.257,1.54384,1.54395,1.00,1.00
2015.07.08 02:00:22.776,1.54386,1.54396,1.00,1.87
2015.07.08 02:00:26.672,1.54384,1.54396,4.27,2.25
2015.07.08 02:00:28.704,1.54384,1.54396,3.75,2.77
2015.07.08 02:00:29.674,1.54384,1.54396,3.75,2.40
2015.07.08 02:00:35.495,1.54386,1.54396,1.00,1.50
2015.07.08 02:00:38.151,1.54386,1.54395,1.00,1.00
2015.07.08 02:00:39.646,1.54386,1.54396,1.00,1.50
2015.07.08 02:00:41.899,1.54386,1.54396,1.00,1.37
2015.07.08 02:00:44.944,1.54384,1.54395,1.12,1.87
2015.07.08 02:00:51.076,1.54385,1.54395,1.00,1.57
2015.07.08 02:00:53.111,1.54387,1.54395,1.00,1.00
2015.07.08 02:00:53.163,1.54387,1.54398,1.09,1.20
2015.07.08 02:00:59.553,1.54387,1.54399,2.32,1.95
2015.07.08 02:01:03.165,1.54387,1.54399,3.45,1.07
2015.07.08 02:01:03.568,1.54387,1.54399,4.09,1.00
2015.07.08 02:01:04.099,1.54388,1.544,1.12,1.10
2015.07.08 02:01:07.911,1.54388,1.544,1.12,1.57
2015.07.08 02:01:12.236,1.54388,1.544,1.00,1.57
2015.07.08 02:01:15.485,1.54387,1.54399,3.00,1.27
2015.07.08 02:01:16.177,1.54387,1.54399,2.25,1.27
2015.07.08 02:01:17.061,1.54387,1.54399,1.84,1.20
2015.07.08 02:01:17.584,1.54387,1.54399,2.21,1.15
2015.07.08 02:01:18.093,1.54387,1.54399,2.21,1.10
2015.07.08 02:01:18.554,1.54387,1.54399,2.21,1.17
2015.07.08 02:01:20.092,1.54387,1.54399,2.21,1.17
2015.07.08 02:01:22.706,1.54388,1.54399,1.09,1.17
2015.07.08 02:01:23.021,1.54388,1.54399,1.00,1.50
2015.07.08 02:01:23.810,1.54388,1.54398,1.00,1.65
2015.07.08 02:01:24.335,1.54389,1.54399,1.00,1.27
2015.07.08 02:01:24.865,1.54389,1.54399,1.00,1.57
2015.07.08 02:01:26.742,1.54389,1.54399,1.00,1.65
2015.07.08 02:01:27.454,1.54389,1.54399,1.12,1.57
2015.07.08 02:01:27.611,1.54389,1.54399,1.12,1.65
2015.07.08 02:01:28.122,1.54389,1.54399,1.12,1.65
2015.07.08 02:01:29.832,1.54389,1.54398,1.00,1.20
2015.07.08 02:01:30.205,1.54387,1.54398,1.87,1.65
2015.07.08 02:01:33.594,1.54386,1.54398,1.46,1.65
2015.07.08 02:01:34.550,1.54386,1.54398,1.46,1.65
2015.07.08 02:01:36.512,1.54386,1.54395,1.00,1.00
2015.07.08 02:01:37.022,1.54385,1.54395,1.00,1.00
2015.07.08 02:01:37.633,1.54383,1.54394,1.65,1.00
2015.07.08 02:01:38.024,1.54383,1.54392,1.00,1.50
2015.07.08 02:01:38.568,1.54383,1.54391,1.00,1.00
2015.07.08 02:01:41.689,1.54382,1.54391,1.00,1.00
2015.07.08 02:01:42.834,1.54382,1.54393,1.00,2.40
2015.07.08 02:01:44.402,1.54382,1.54392,1.00,1.00
2015.07.08 02:01:44.554,1.54382,1.54392,1.00,1.95
2015.07.08 02:01:44.997,1.5438,1.54389,2.25,1.10
2015.07.08 02:01:45.099,1.5438,1.54382,1.50,1.00
2015.07.08 02:01:45.150,1.54378,1.54384,1.00,1.00
2015.07.08 02:01:45.202,1.54375,1.54381,1.57,1.37
2015.07.08 02:01:45.551,1.5437,1.54381,1.00,1.95
2015.07.08 02:01:46.060,1.5437,1.54381,1.00,1.57
2015.07.08 02:01:48.200,1.54369,1.54377,1.00,1.00
2015.07.08 02:01:48.651,1.54361,1.5437,1.00,1.00
2015.07.08 02:01:49.058,1.54359,1.5437,1.00,1.10
2015.07.08 02:01:49.654,1.54358,1.5437,2.25,1.10
2015.07.08 02:01:50.422,1.54359,1.54371,1.00,1.65
2015.07.08 02:01:55.813,1.54359,1.54371,1.87,1.17
2015.07.08 02:01:55.864,1.54362,1.54374,1.50,3.37
2015.07.08 02:01:56.068,1.54362,1.54374,2.62,1.00
2015.07.08 02:01:56.170,1.54365,1.54376,1.00,1.00
2015.07.08 02:01:56.708,1.54366,1.54378,1.50,2.40
2015.07.08 02:01:58.793,1.54366,1.54376,1.50,1.00
2015.07.08 02:01:59.097,1.54361,1.5437,1.00,1.10
2015.07.08 02:01:59.300,1.54359,1.5437,1.00,1.50
2015.07.08 02:02:00.426,1.54359,1.5437,1.00,1.57
2015.07.08 02:02:00.935,1.54359,1.5437,1.00,1.87
2015.07.08 02:02:02.460,1.5436,1.5437,1.00,1.00
2015.07.08 02:02:03.063,1.54361,1.54371,1.00,1.00
2015.07.08 02:02:03.573,1.5436,1.54371,1.00,1.37
2015.07.08 02:02:04.081,1.54361,1.54371,1.50,1.37
2015.07.08 02:02:04.608,1.5436,1.54371,1.50,1.87
2015.07.08 02:02:09.547,1.54362,1.54372,1.00,1.00
2015.07.08 02:02:10.222,1.54363,1.54372,1.00,1.00
2015.07.08 02:02:10.324,1.54363,1.54374,2.25,1.20
2015.07.08 02:02:13.158,1.54365,1.54374,1.00,1.10
2015.07.08 02:02:13.651,1.54363,1.54374,2.25,1.00
2015.07.08 02:02:14.307,1.54363,1.54374,2.62,1.00
2015.07.08 02:02:17.923,1.54364,1.54375,1.12,1.20
2015.07.08 02:02:17.974,1.54369,1.54377,1.00,1.55
2015.07.08 02:02:18.076,1.54369,1.54378,1.00,1.17
2015.07.08 02:02:18.177,1.54367,1.54378,1.50,1.10
2015.07.08 02:02:18.381,1.54369,1.54379,1.00,1.17
2015.07.08 02:02:18.482,1.54367,1.54379,1.50,1.17
2015.07.08 02:02:20.006,1.54368,1.5438,2.25,1.65
2015.07.08 02:02:20.159,1.54369,1.5438,1.12,1.57
2015.07.08 02:02:20.362,1.54371,1.5438,1.00,1.50
2015.07.08 02:02:20.667,1.54371,1.54382,1.50,1.65
2015.07.08 02:02:21.272,1.54372,1.54383,1.50,1.00
2015.07.08 02:02:27.942,1.54372,1.54383,1.37,1.00
2015.07.08 02:02:29.874,1.54372,1.54383,1.00,1.00
2015.07.08 02:02:31.194,1.54372,1.54383,1.00,1.20
2015.07.08 02:02:34.738,1.54372,1.54384,1.50,1.20
2015.07.08 02:02:35.255,1.54372,1.54384,1.50,1.17
2015.07.08 02:02:45.764,1.54372,1.54384,2.25,1.50
2015.07.08 02:02:53.450,1.54371,1.54381,2.62,1.00
2015.07.08 02:02:55.567,1.54371,1.54383,3.37,2.77
2015.07.08 02:03:01.353,1.54371,1.54383,3.37,3.07
2015.07.08 02:03:13.668,1.54374,1.54383,1.00,2.62
2015.07.08 02:03:13.821,1.54373,1.54383,1.20,1.12
2015.07.08 02:03:13.973,1.54373,1.54383,1.95,1.00
2015.07.08 02:03:15.361,1.54373,1.54384,1.20,1.00
2015.07.08 02:03:20.057,1.54373,1.54384,1.55,1.10
2015.07.08 02:03:20.903,1.54372,1.54384,2.77,1.95
2015.07.08 02:03:24.605,1.54372,1.54384,3.37,1.27
2015.07.08 02:03:25.117,1.54372,1.54384,2.62,1.87
2015.07.08 02:03:30.210,1.54371,1.5438,1.37,1.00
2015.07.08 02:03:30.551,1.54366,1.54374,2.32,1.84
2015.07.08 02:03:30.704,1.54359,1.54366,1.65,1.37
2015.07.08 02:03:30.856,1.54356,1.54365,1.00,1.12
2015.07.08 02:03:31.611,1.54358,1.54368,1.00,1.65
2015.07.08 02:03:32.665,1.54358,1.54368,1.07,1.57
2015.07.08 02:03:33.301,1.54355,1.54367,2.40,1.50
2015.07.08 02:03:33.910,1.54355,1.54367,2.32,1.57
2015.07.08 02:03:35.446,1.54355,1.54366,2.32,1.00
2015.07.08 02:03:37.768,1.54355,1.54366,1.57,1.57
2015.07.08 02:03:38.296,1.54356,1.54366,1.00,1.57
2015.07.08 02:03:39.490,1.54356,1.54366,1.00,1.50
2015.07.08 02:03:40.628,1.54355,1.54366,1.20,1.50
2015.07.08 02:03:51.611,1.54355,1.54366,1.20,2.70
2015.07.08 02:03:59.622,1.54355,1.54366,1.17,1.00
2015.07.08 02:04:00.132,1.54356,1.54366,1.00,1.07
2015.07.08 02:04:00.873,1.54354,1.54365,1.55,1.10
2015.07.08 02:04:00.975,1.54354,1.54366,1.55,1.95
2015.07.08 02:04:01.280,1.54357,1.54366,1.00,1.20
2015.07.08 02:04:02.292,1.54357,1.54366,1.00,1.20
2015.07.08 02:04:02.495,1.54356,1.54366,1.00,1.20
2015.07.08 02:04:03.036,1.54355,1.54365,1.00,1.20
2015.07.08 02:04:03.545,1.54354,1.54365,1.55,1.55
2015.07.08 02:04:04.482,1.54354,1.54365,1.55,1.87
2015.07.08 02:04:05.934,1.54354,1.54365,1.55,1.20
2015.07.08 02:04:06.463,1.54354,1.54365,1.55,1.87
2015.07.08 02:04:07.912,1.54354,1.54365,1.55,1.57
2015.07.08 02:04:08.456,1.54354,1.54365,1.55,1.87
2015.07.08 02:04:08.997,1.54354,1.54366,1.00,2.62
2015.07.08 02:04:09.761,1.54354,1.54366,1.00,2.62
2015.07.08 02:04:17.023,1.54354,1.54365,1.50,1.85
2015.07.08 02:04:19.539,1.54354,1.54365,1.50,1.55
2015.07.08 02:04:21.197,1.54354,1.54365,1.50,1.20
2015.07.08 02:04:23.197,1.54354,1.54365,1.50,1.47
2015.07.08 02:04:24.171,1.54354,1.54365,1.50,1.10
2015.07.08 02:04:25.002,1.54354,1.54363,1.00,1.00
2015.07.08 02:04:25.552,1.54353,1.54363,1.10,1.00
2015.07.08 02:04:28.078,1.54355,1.54365,1.00,1.95
2015.07.08 02:04:28.130,1.54353,1.54365,1.10,1.20
2015.07.08 02:04:28.484,1.54353,1.54365,2.25,1.87
2015.07.08 02:04:28.991,1.54356,1.54366,1.00,1.47
2015.07.08 02:04:29.347,1.54357,1.54367,1.07,2.25
2015.07.08 02:04:29.398,1.54358,1.54368,1.10,1.47
2015.07.08 02:04:29.551,1.54356,1.54366,1.00,1.00
2015.07.08 02:04:33.216,1.54354,1.54364,1.65,1.00
2015.07.08 02:04:33.727,1.54354,1.54364,1.20,1.00
2015.07.08 02:04:34.233,1.54353,1.54365,1.00,1.12
2015.07.08 02:04:35.387,1.54354,1.54365,1.00,1.00
2015.07.08 02:04:36.097,1.54354,1.54366,1.00,2.70
2015.07.08 02:04:48.979,1.54354,1.54362,1.00,1.50
2015.07.08 02:04:49.081,1.54352,1.54364,1.10,1.87
2015.07.08 02:04:49.607,1.54352,1.54364,1.07,1.95
2015.07.08 02:04:54.350,1.54352,1.54364,1.12,1.20
2015.07.08 02:04:55.075,1.54352,1.54364,1.12,1.47
2015.07.08 02:04:57.082,1.54352,1.54364,1.12,1.10
2015.07.08 02:04:57.878,1.54354,1.54364,1.00,1.17
2015.07.08 02:05:00.600,1.54354,1.54365,1.50,1.17
2015.07.08 02:05:01.239,1.54354,1.54365,1.50,1.10
2015.07.08 02:05:09.082,1.54356,1.54366,1.00,1.27
2015.07.08 02:05:10.111,1.54354,1.54366,1.50,1.20
2015.07.08 02:05:10.619,1.54354,1.54366,1.17,1.37
2015.07.08 02:05:11.126,1.54354,1.54366,1.10,1.45
2015.07.08 02:05:12.047,1.54354,1.54366,1.00,1.55
2015.07.08 02:05:12.098,1.54357,1.54366,1.00,1.17
2015.07.08 02:05:12.403,1.54363,1.54375,3.07,1.57
2015.07.08 02:05:12.555,1.54365,1.54376,1.00,1.00
2015.07.08 02:05:18.886,1.54364,1.54376,1.10,1.57
2015.07.08 02:05:19.938,1.54364,1.54376,1.20,1.95
2015.07.08 02:05:21.639,1.54364,1.54376,1.20,1.87
2015.07.08 02:05:22.147,1.54363,1.54375,1.57,1.50
2015.07.08 02:05:24.033,1.54363,1.54375,1.12,1.00
2015.07.08 02:05:24.692,1.54363,1.54375,1.17,1.00
2015.07.08 02:05:25.801,1.54366,1.54376,1.00,1.57
2015.07.08 02:05:28.217,1.54367,1.54377,1.50,1.00
2015.07.08 02:05:29.338,1.54367,1.54378,1.50,1.00
2015.07.08 02:05:29.870,1.54368,1.5438,1.57,2.62
2015.07.08 02:05:30.175,1.54372,1.54383,1.50,1.87
2015.07.08 02:05:31.727,1.54372,1.54384,1.50,2.32
2015.07.08 02:05:35.066,1.54373,1.54384,1.00,1.87
2015.07.08 02:05:35.472,1.54374,1.54385,1.07,2.62
2015.07.08 02:05:35.979,1.54374,1.54385,1.50,1.12
2015.07.08 02:05:36.735,1.54376,1.54386,1.00,1.47
2015.07.08 02:05:36.887,1.54377,1.54389,1.20,1.12
2015.07.08 02:05:36.938,1.54377,1.54389,1.10,1.12
2015.07.08 02:05:37.244,1.54378,1.5439,1.07,3.37
2015.07.08 02:05:37.699,1.54376,1.54386,1.47,1.00
2015.07.08 02:05:37.751,1.54376,1.54386,1.17,1.50
2015.07.08 02:05:37.904,1.54373,1.54385,1.00,1.07
2015.07.08 02:05:38.109,1.54371,1.54383,1.57,1.07
2015.07.08 02:05:38.890,1.54375,1.54385,1.00,2.25
2015.07.08 02:05:41.487,1.54375,1.54387,1.50,1.57
2015.07.08 02:05:54.650,1.54375,1.54387,1.65,1.50
2015.07.08 02:05:55.466,1.54376,1.54388,1.20,1.00
2015.07.08 02:06:00.881,1.54376,1.54388,1.20,1.87
2015.07.08 02:06:01.866,1.54373,1.54384,1.20,1.00
2015.07.08 02:06:02.019,1.54373,1.54384,1.00,1.10
2015.07.08 02:06:02.120,1.54373,1.54384,1.00,1.17
2015.07.08 02:06:05.730,1.54373,1.54385,1.00,2.02
2015.07.08 02:06:10.670,1.54374,1.54386,1.00,2.77
2015.07.08 02:06:11.177,1.54374,1.54386,1.12,2.77
2015.07.08 02:06:11.724,1.54374,1.54386,1.20,2.70
2015.07.08 02:06:14.547,1.54374,1.54386,1.12,2.77
2015.07.08 02:06:24.104,1.54379,1.54386,1.00,1.57
2015.07.08 02:06:24.358,1.54381,1.54393,1.87,1.75
2015.07.08 02:06:24.612,1.54382,1.54394,2.02,1.00
2015.07.08 02:06:24.815,1.54385,1.54395,1.37,1.00
2015.07.08 02:06:25.193,1.54389,1.54399,1.50,1.37
2015.07.08 02:06:25.244,1.54389,1.54401,1.87,3.15
2015.07.08 02:06:25.295,1.54389,1.54401,1.87,3.07
2015.07.08 02:06:25.758,1.54389,1.54401,1.50,3.45
2015.07.08 02:06:26.996,1.54389,1.544,1.50,1.00
2015.07.08 02:06:27.301,1.54389,1.54398,1.87,1.00
2015.07.08 02:06:27.645,1.54385,1.54395,1.20,1.00
2015.07.08 02:06:27.848,1.54385,1.54395,1.10,1.00
2015.07.08 02:06:34.567,1.54385,1.54395,1.07,1.12
2015.07.08 02:06:35.670,1.54385,1.54397,2.32,2.32
2015.07.08 02:06:37.147,1.54394,1.54402,3.00,1.87
2015.07.08 02:06:37.301,1.544,1.54409,1.00,3.37
2015.07.08 02:06:37.759,1.544,1.54409,1.00,2.62
2015.07.08 02:06:38.318,1.544,1.54409,1.00,1.57
2015.07.08 02:06:38.859,1.544,1.54406,1.00,1.00
2015.07.08 02:06:39.062,1.54396,1.54406,1.00,1.12
2015.07.08 02:06:39.265,1.54394,1.54406,1.00,1.27
2015.07.08 02:06:39.418,1.54394,1.54406,1.00,1.57
2015.07.08 02:06:39.621,1.54394,1.54406,1.50,1.20
2015.07.08 02:06:39.673,1.54396,1.54406,1.00,1.20
2015.07.08 02:06:40.214,1.54396,1.54406,1.00,1.27
2015.07.08 02:06:40.963,1.54394,1.54406,1.50,2.02
2015.07.08 02:06:41.065,1.54394,1.54406,1.50,2.32
2015.07.08 02:06:41.761,1.54394,1.54406,1.57,2.70
2015.07.08 02:06:42.101,1.54396,1.54406,1.00,1.20
2015.07.08 02:06:49.400,1.54396,1.54406,1.00,1.47
2015.07.08 02:06:49.757,1.54394,1.54404,1.00,1.20
2015.07.08 02:06:50.269,1.54394,1.54404,1.00,1.07
2015.07.08 02:06:50.995,1.54395,1.54404,1.00,1.07
2015.07.08 02:06:51.046,1.54395,1.54406,1.50,1.15
2015.07.08 02:06:51.555,1.54394,1.54406,1.10,1.65
2015.07.08 02:06:52.056,1.54394,1.54406,1.00,1.95
2015.07.08 02:06:56.575,1.54394,1.54406,1.87,1.95
2015.07.08 02:06:56.779,1.54401,1.54406,1.00,2.02
2015.07.08 02:06:57.084,1.54406,1.54413,1.00,1.75
2015.07.08 02:06:57.135,1.54406,1.54415,1.00,1.87
2015.07.08 02:06:57.445,1.54405,1.54415,1.00,2.62
2015.07.08 02:06:57.598,1.54403,1.54413,1.50,1.00
2015.07.08 02:07:00.765,1.54404,1.54413,1.00,1.12
2015.07.08 02:07:01.352,1.54405,1.54415,1.00,1.95
2015.07.08 02:07:05.132,1.54405,1.54415,1.00,1.95
2015.07.08 02:07:06.167,1.54405,1.54415,1.00,1.95
2015.07.08 02:07:06.806,1.54405,1.54415,1.00,2.32
2015.07.08 02:07:08.223,1.54405,1.54415,1.00,2.02
2015.07.08 02:07:09.168,1.54405,1.54415,1.00,1.55
2015.07.08 02:07:11.143,1.54405,1.54415,1.00,1.27
2015.07.08 02:07:12.174,1.5441,1.54415,1.50,1.17
2015.07.08 02:07:12.428,1.54413,1.54425,1.37,2.25
2015.07.08 02:07:12.582,1.54417,1.54426,1.00,1.65
2015.07.08 02:07:12.886,1.54417,1.54429,1.57,2.32
2015.07.08 02:07:13.349,1.5442,1.5443,1.12,1.50
2015.07.08 02:07:13.405,1.54421,1.54433,1.00,1.87
2015.07.08 02:07:13.508,1.54423,1.54431,1.50,1.00
2015.07.08 02:07:13.924,1.54421,1.54431,1.00,2.32
2015.07.08 02:07:14.178,1.54421,1.5443,1.00,1.87
2015.07.08 02:07:14.229,1.54419,1.5443,1.00,1.87
2015.07.08 02:07:14.382,1.54419,1.5443,1.00,2.25
2015.07.08 02:07:14.927,1.5442,1.54431,1.00,1.50
2015.07.08 02:07:15.786,1.5442,1.54426,1.50,1.00
2015.07.08 02:07:15.939,1.54416,1.54426,1.20,2.59
2015.07.08 02:07:16.041,1.54412,1.54424,2.77,1.34
2015.07.08 02:07:16.775,1.54412,1.54424,1.50,2.02
2015.07.08 02:07:17.283,1.54413,1.54425,1.00,1.57
2015.07.08 02:07:17.886,1.54413,1.54425,1.20,1.45
2015.07.08 02:07:24.971,1.54415,1.54425,1.00,1.65
2015.07.08 02:07:29.125,1.54415,1.54425,1.57,1.12
2015.07.08 02:07:35.444,1.54414,1.54426,1.12,2.02
2015.07.08 02:07:38.113,1.54414,1.54426,1.00,2.02
2015.07.08 02:07:41.211,1.54414,1.54426,1.00,2.70
2015.07.08 02:07:41.721,1.54414,1.54426,1.07,1.95
2015.07.08 02:07:42.291,1.54414,1.54426,1.00,1.95
2015.07.08 02:07:42.820,1.54414,1.54426,1.00,2.32
2015.07.08 02:07:45.559,1.54414,1.54426,2.62,1.20
2015.07.08 02:07:45.881,1.54415,1.54426,1.47,1.00
2015.07.08 02:07:46.388,1.54416,1.54428,1.12,2.02
2015.07.08 02:07:49.974,1.54414,1.54426,3.52,1.00
2015.07.08 02:07:50.278,1.54414,1.54424,1.95,1.00
2015.07.08 02:07:51.295,1.54414,1.54424,1.87,1.00
2015.07.08 02:07:54.677,1.54414,1.54426,1.87,2.70
2015.07.08 02:08:00.342,1.54414,1.54425,1.87,1.20
2015.07.08 02:08:04.396,1.54417,1.54427,1.50,1.45
2015.07.08 02:08:04.782,1.54418,1.5443,1.00,1.87
2015.07.08 02:08:04.889,1.54418,1.5443,1.00,1.20
2015.07.08 02:08:10.272,1.54418,1.5443,1.12,1.87
2015.07.08 02:08:11.434,1.54416,1.54428,1.87,1.17
2015.07.08 02:08:11.920,1.54415,1.54425,1.37,1.07
2015.07.08 02:08:12.429,1.54416,1.54427,1.12,1.12
2015.07.08 02:08:12.480,1.54416,1.54428,1.12,2.32
2015.07.08 02:08:13.205,1.54415,1.54427,1.37,2.02
2015.07.08 02:08:13.712,1.54414,1.54426,2.62,1.20
2015.07.08 02:08:15.108,1.54416,1.54428,1.12,1.95
2015.07.08 02:08:15.612,1.54416,1.54428,1.12,2.32
2015.07.08 02:08:16.454,1.54414,1.54426,3.37,1.45
2015.07.08 02:08:17.012,1.54417,1.54426,1.00,1.45
2015.07.08 02:08:17.164,1.54417,1.54426,1.00,1.15
2015.07.08 02:08:17.671,1.54416,1.54426,1.00,1.17
2015.07.08 02:08:19.743,1.54417,1.54426,1.00,1.17
2015.07.08 02:08:19.794,1.54419,1.54429,1.00,1.75
2015.07.08 02:08:19.845,1.54419,1.54431,1.00,4.12
2015.07.08 02:08:20.150,1.54421,1.54433,1.00,3.00
2015.07.08 02:08:20.404,1.54421,1.54433,1.00,3.00
2015.07.08 02:08:22.003,1.54421,1.54431,1.00,2.32
2015.07.08 02:08:22.510,1.5442,1.5443,1.00,1.87
2015.07.08 02:08:23.037,1.54421,1.5443,1.00,1.12
2015.07.08 02:08:23.544,1.54419,1.54431,2.62,3.37
2015.07.08 02:08:24.064,1.54421,1.54431,1.00,2.62
2015.07.08 02:08:25.978,1.5442,1.5443,1.50,2.32
2015.07.08 02:08:26.479,1.54419,1.5443,1.00,1.57
2015.07.08 02:08:27.046,1.54422,1.5443,1.00,1.57
2015.07.08 02:08:27.249,1.5442,1.54429,1.00,1.45
2015.07.08 02:08:27.351,1.54417,1.54427,1.20,1.00
2015.07.08 02:08:27.756,1.54415,1.54425,1.87,1.00
2015.07.08 02:08:27.960,1.54415,1.54427,1.87,1.57
2015.07.08 02:08:28.468,1.54419,1.54428,1.00,1.00
2015.07.08 02:08:28.874,1.54421,1.54431,1.00,1.12
2015.07.08 02:08:29.408,1.5442,1.54432,1.50,4.12
2015.07.08 02:08:29.833,1.5442,1.54432,2.25,2.62
2015.07.08 02:08:31.712,1.54421,1.54432,1.00,1.95
2015.07.08 02:08:32.812,1.5442,1.54432,1.50,1.95
2015.07.08 02:08:33.470,1.5442,1.54429,1.00,1.00
2015.07.08 02:08:33.968,1.54417,1.54427,1.00,1.00
2015.07.08 02:08:34.121,1.54415,1.54427,1.87,1.12
2015.07.08 02:08:34.781,1.54415,1.54426,1.37,1.50
2015.07.08 02:08:36.078,1.54418,1.54428,1.00,1.57
2015.07.08 02:08:36.231,1.54418,1.5443,1.00,1.20
2015.07.08 02:08:36.485,1.5442,1.54431,1.00,1.57
2015.07.08 02:08:37.034,1.54421,1.54431,1.00,1.57
2015.07.08 02:08:37.695,1.54422,1.54431,1.00,1.20
2015.07.08 02:08:38.141,1.54425,1.54436,1.50,1.10
2015.07.08 02:08:38.246,1.54427,1.54438,1.00,1.20
2015.07.08 02:08:38.551,1.54429,1.54439,1.00,1.20
2015.07.08 02:08:38.857,1.54431,1.54441,2.25,1.17
2015.07.08 02:08:39.374,1.54431,1.54441,1.50,1.20
2015.07.08 02:08:40.493,1.54431,1.54437,1.50,1.00
2015.07.08 02:08:40.544,1.54427,1.54437,2.62,1.00
2015.07.08 02:08:41.052,1.54426,1.54436,1.00,1.10
2015.07.08 02:08:43.762,1.54427,1.54437,1.00,1.57
2015.07.08 02:08:44.273,1.54426,1.54436,1.00,1.00
2015.07.08 02:08:44.781,1.54428,1.54436,1.00,1.00
2015.07.08 02:08:45.134,1.54433,1.54443,1.12,1.10
2015.07.08 02:08:45.287,1.54437,1.54443,1.00,1.15
2015.07.08 02:08:45.442,1.54437,1.54447,1.00,1.47
2015.07.08 02:08:45.494,1.54437,1.54447,1.00,1.10
2015.07.08 02:08:46.312,1.54436,1.54447,1.00,1.10
2015.07.08 02:08:46.612,1.54436,1.54445,1.00,1.00
2015.07.08 02:08:46.916,1.54433,1.54444,1.87,2.25
2015.07.08 02:08:49.231,1.54439,1.54444,1.50,1.45
2015.07.08 02:08:49.434,1.54442,1.54453,1.37,3.07
2015.07.08 02:08:49.536,1.54442,1.54453,1.37,3.75
2015.07.08 02:08:49.588,1.54442,1.54453,1.00,3.75
2015.07.08 02:08:49.791,1.54447,1.54453,1.00,2.25
2015.07.08 02:08:50.243,1.54447,1.54457,1.00,1.57
2015.07.08 02:08:50.395,1.54447,1.54457,1.00,2.25
2015.07.08 02:08:50.446,1.54444,1.54455,1.00,1.20
2015.07.08 02:08:50.802,1.54442,1.54453,1.87,1.15
2015.07.08 02:08:51.341,1.54441,1.54451,1.00,1.00
2015.07.08 02:08:51.444,1.54439,1.54449,1.87,1.00
2015.07.08 02:08:51.755,1.54438,1.54449,1.37,1.50
2015.07.08 02:08:52.363,1.54438,1.54449,1.00,1.50
2015.07.08 02:08:52.871,1.54438,1.5445,1.00,1.65
2015.07.08 02:08:53.418,1.54439,1.54448,1.00,1.00
2015.07.08 02:08:53.957,1.54439,1.5445,1.00,1.65
2015.07.08 02:08:58.124,1.54438,1.54448,1.00,1.00
2015.07.08 02:08:58.226,1.54436,1.54445,1.00,1.00
2015.07.08 02:08:58.277,1.54433,1.54445,3.90,2.25
2015.07.08 02:08:58.785,1.54433,1.54444,1.00,1.00
2015.07.08 02:08:58.937,1.54431,1.54442,1.65,1.00
2015.07.08 02:08:59.281,1.5443,1.5444,1.10,1.00
2015.07.08 02:08:59.332,1.54428,1.5444,2.62,1.57
2015.07.08 02:08:59.434,1.54428,1.54437,1.12,1.00
2015.07.08 02:08:59.588,1.54423,1.54435,2.32,1.00
2015.07.08 02:08:59.639,1.54423,1.54432,1.47,1.00
2015.07.08 02:08:59.995,1.54422,1.54433,1.00,1.00
2015.07.08 02:09:00.343,1.54423,1.54433,1.00,1.12
2015.07.08 02:09:00.755,1.54421,1.5443,1.00,1.00
2015.07.08 02:09:00.858,1.5442,1.54428,1.00,1.12
2015.07.08 02:09:00.909,1.54418,1.54428,1.00,1.20
2015.07.08 02:09:01.524,1.54416,1.54428,1.87,1.15
2015.07.08 02:09:02.032,1.54418,1.54428,1.00,1.17
2015.07.08 02:09:03.652,1.54417,1.54427,1.00,1.10
2015.07.08 02:09:06.883,1.54417,1.54429,1.00,1.15
2015.07.08 02:09:07.570,1.54426,1.5443,1.00,1.20
2015.07.08 02:09:07.723,1.54426,1.54434,2.96,1.00
2015.07.08 02:09:07.775,1.54427,1.54438,1.37,1.17
2015.07.08 02:09:07.826,1.54427,1.54439,1.12,1.50
2015.07.08 02:09:08.160,1.54425,1.54435,1.87,1.00
2015.07.08 02:09:08.364,1.54425,1.54435,1.00,1.10
2015.07.08 02:09:10.830,1.54425,1.54435,1.37,1.10
2015.07.08 02:09:11.831,1.54425,1.54435,1.12,1.10
2015.07.08 02:09:13.166,1.54424,1.54434,1.12,1.00
2015.07.08 02:09:13.422,1.54424,1.5443,1.00,1.10
2015.07.08 02:09:13.483,1.54418,1.5443,1.95,1.00
2015.07.08 02:09:13.788,1.54418,1.54428,1.07,1.00
2015.07.08 02:09:14.316,1.54418,1.54428,1.00,1.10
2015.07.08 02:09:16.028,1.54418,1.54428,1.12,1.00
2015.07.08 02:09:16.130,1.54418,1.5443,1.95,1.00
2015.07.08 02:09:16.674,1.54419,1.54431,2.62,1.00
2015.07.08 02:09:17.572,1.54419,1.54431,2.62,1.00
2015.07.08 02:09:22.382,1.5442,1.54432,2.62,1.57
2015.07.08 02:09:22.668,1.54421,1.54433,1.37,1.95
2015.07.08 02:09:23.597,1.54421,1.54433,1.87,1.50
2015.07.08 02:09:26.174,1.5442,1.54432,2.62,1.00
2015.07.08 02:09:26.500,1.5442,1.5443,1.00,1.50
2015.07.08 02:09:27.103,1.54418,1.5443,2.62,1.50
2015.07.08 02:09:28.524,1.54418,1.5443,2.25,1.50
2015.07.08 02:09:30.720,1.5442,1.5443,1.00,1.00
2015.07.08 02:09:32.913,1.54418,1.5443,2.62,1.00
2015.07.08 02:09:34.373,1.54418,1.5443,2.62,1.50
2015.07.08 02:09:35.375,1.54418,1.5443,2.25,1.50
2015.07.08 02:09:39.418,1.54418,1.5443,1.87,1.50
2015.07.08 02:09:41.438,1.54418,1.54428,1.12,1.00
2015.07.08 02:09:41.946,1.54417,1.54429,1.37,1.00
2015.07.08 02:09:42.453,1.54417,1.54429,1.12,1.00
2015.07.08 02:09:46.921,1.54417,1.54429,3.37,1.00
2015.07.08 02:09:48.645,1.54417,1.54427,1.12,1.00
2015.07.08 02:09:57.473,1.54417,1.54427,1.37,1.00
2015.07.08 02:09:59.164,1.54418,1.54428,1.12,1.00
2015.07.08 02:09:59.671,1.54416,1.54428,1.87,1.00
2015.07.08 02:10:02.483,1.54416,1.54428,1.50,1.00
2015.07.08 02:10:04.267,1.54418,1.54429,1.00,1.00
2015.07.08 02:10:04.902,1.54418,1.5443,1.00,1.10
2015.07.08 02:10:05.211,1.54417,1.54427,1.00,1.00
2015.07.08 02:10:09.912,1.54418,1.54428,1.00,1.00
2015.07.08 02:10:10.724,1.54419,1.54428,1.00,1.00
2015.07.08 02:10:10.978,1.5442,1.5443,1.00,1.50
2015.07.08 02:10:11.081,1.54419,1.54428,1.00,1.00
2015.07.08 02:10:15.603,1.54419,1.5443,1.00,1.87
2015.07.08 02:10:16.158,1.54421,1.5443,1.00,1.87
2015.07.08 02:10:16.673,1.54422,1.5443,1.00,1.00
2015.07.08 02:10:22.471,1.54421,1.5443,1.00,1.00
2015.07.08 02:10:28.905,1.54422,1.5443,1.00,1.00
2015.07.08 02:10:35.465,1.54422,1.54431,1.00,1.12
2015.07.08 02:10:35.943,1.54421,1.54428,1.00,1.50
2015.07.08 02:10:37.607,1.5442,1.54428,1.00,1.50
2015.07.08 02:10:39.923,1.5442,1.54427,1.00,1.00
2015.07.08 02:10:40.270,1.54417,1.54425,1.00,1.00
2015.07.08 02:10:51.440,1.54418,1.54426,1.00,1.50
2015.07.08 02:10:55.359,1.54418,1.54425,1.00,1.50
2015.07.08 02:10:57.038,1.54414,1.54425,1.87,1.50
2015.07.08 02:10:57.853,1.54414,1.54424,2.62,1.00
2015.07.08 02:10:58.119,1.54414,1.54424,3.00,1.00
2015.07.08 02:10:58.374,1.54414,1.54423,1.45,1.50
2015.07.08 02:10:58.880,1.54412,1.54422,1.95,1.00
2015.07.08 02:11:00.151,1.54417,1.54422,1.00,1.00
2015.07.08 02:11:01.681,1.54417,1.54424,1.00,1.50
2015.07.08 02:11:02.087,1.54417,1.54426,1.00,1.00
2015.07.08 02:11:02.189,1.54414,1.54426,1.87,1.50
2015.07.08 02:11:02.393,1.54416,1.54428,1.50,1.50
2015.07.08 02:11:02.798,1.54413,1.54424,1.37,1.00
2015.07.08 02:11:04.559,1.54416,1.54424,1.00,1.00
2015.07.08 02:11:09.626,1.54416,1.54427,1.00,1.50
2015.07.08 02:11:09.780,1.54422,1.54427,1.00,1.00
2015.07.08 02:11:09.933,1.54421,1.54429,1.00,1.00
2015.07.08 02:11:10.238,1.54421,1.54427,1.00,1.00
2015.07.08 02:11:10.641,1.54414,1.54426,1.95,1.50
2015.07.08 02:11:10.692,1.54414,1.54426,1.37,1.50
2015.07.08 02:11:10.743,1.54414,1.54424,1.37,1.00
2015.07.08 02:11:12.222,1.54412,1.54423,2.77,1.00
2015.07.08 02:11:12.425,1.54412,1.54423,1.87,1.00
2015.07.08 02:11:12.680,1.54411,1.54422,1.50,1.00
2015.07.08 02:11:12.731,1.54411,1.5442,1.00,1.00
2015.07.08 02:11:13.226,1.54409,1.54419,1.12,1.00
2015.07.08 02:11:14.780,1.54409,1.54419,1.37,1.00
2015.07.08 02:11:16.592,1.5441,1.54419,1.87,1.00
2015.07.08 02:11:16.643,1.54411,1.54423,1.12,1.00
2015.07.08 02:11:17.008,1.54413,1.54423,1.00,1.00
2015.07.08 02:11:21.800,1.54414,1.54423,1.00,1.00
2015.07.08 02:11:21.852,1.54415,1.54426,1.00,1.12
2015.07.08 02:11:22.055,1.54417,1.54428,1.00,1.87
2015.07.08 02:11:22.452,1.54417,1.54424,1.00,1.00
2015.07.08 02:11:22.716,1.54414,1.54424,1.00,1.00
2015.07.08 02:11:25.348,1.54417,1.54424,1.00,1.00
2015.07.08 02:11:35.468,1.54417,1.54426,1.00,1.00
2015.07.08 02:11:39.622,1.54416,1.54426,1.00,1.00
2015.07.08 02:11:39.774,1.54416,1.54424,1.00,1.50
2015.07.08 02:11:40.684,1.54416,1.54426,1.00,1.12
2015.07.08 02:11:40.786,1.54418,1.54426,1.00,1.12
2015.07.08 02:11:41.091,1.54421,1.54427,1.00,1.37
2015.07.08 02:11:45.140,1.54418,1.54426,1.00,1.00
2015.07.08 02:11:51.658,1.54417,1.54426,1.00,1.00
2015.07.08 02:11:52.187,1.54417,1.54425,1.00,1.50
2015.07.08 02:11:52.737,1.54417,1.54426,1.00,1.50
2015.07.08 02:11:53.695,1.54417,1.54428,1.00,1.00
2015.07.08 02:11:55.398,1.54417,1.54427,1.00,1.00
2015.07.08 02:11:55.703,1.54417,1.54425,1.00,1.00
2015.07.08 02:11:56.136,1.54417,1.54428,1.00,1.50
2015.07.08 02:11:56.288,1.54419,1.54428,1.00,1.00
2015.07.08 02:11:56.441,1.54419,1.5443,1.00,1.87
2015.07.08 02:11:56.645,1.54421,1.5443,1.00,1.00
2015.07.08 02:11:56.747,1.54421,1.54432,1.00,1.00
2015.07.08 02:11:56.900,1.54425,1.54432,1.00,1.00
2015.07.08 02:11:57.453,1.54425,1.54435,1.00,1.50
2015.07.08 02:11:57.658,1.54423,1.54435,1.50,1.50
2015.07.08 02:11:59.017,1.54423,1.54433,1.00,1.00
2015.07.08 02:12:00.134,1.54426,1.54433,1.00,1.00
2015.07.08 02:12:03.884,1.54424,1.54433,1.00,1.50
2015.07.08 02:12:03.986,1.54423,1.54431,1.00,1.00
2015.07.08 02:12:04.493,1.54423,1.5443,1.00,1.00
2015.07.08 02:12:04.595,1.54421,1.5443,1.00,1.00
2015.07.08 02:12:05.102,1.54421,1.54429,1.00,1.00
2015.07.08 02:12:06.583,1.54417,1.54429,1.37,1.00
2015.07.08 02:12:06.736,1.54415,1.54427,1.87,1.00
2015.07.08 02:12:07.062,1.54415,1.54427,1.37,1.00
2015.07.08 02:12:07.670,1.54415,1.54427,1.00,1.00
2015.07.08 02:12:07.873,1.54415,1.54425,1.00,1.00
2015.07.08 02:12:08.077,1.54412,1.54424,1.50,1.50
2015.07.08 02:12:09.212,1.54413,1.54424,1.00,1.00
2015.07.08 02:12:09.263,1.54415,1.54425,1.00,1.00
2015.07.08 02:12:11.826,1.54414,1.54424,1.00,1.00
2015.07.08 02:12:12.404,1.54417,1.54424,1.00,1.00
2015.07.08 02:12:15.540,1.54417,1.54425,1.00,1.00
2015.07.08 02:12:17.840,1.54416,1.54425,1.00,1.00
2015.07.08 02:12:24.045,1.54416,1.54423,1.00,1.00
2015.07.08 02:12:28.520,1.54416,1.54424,1.00,1.50
2015.07.08 02:12:32.239,1.54416,1.54423,1.00,1.00
2015.07.08 02:12:33.200,1.54415,1.54423,1.00,1.00
2015.07.08 02:12:33.527,1.54415,1.5442,1.00,1.00
2015.07.08 02:12:34.036,1.54414,1.5442,1.00,1.00
2015.07.08 02:12:34.844,1.54413,1.54419,1.00,1.00
2015.07.08 02:12:35.706,1.5441,1.54419,1.00,1.00
2015.07.08 02:12:39.443,1.54411,1.54419,1.00,1.00
2015.07.08 02:12:39.950,1.54411,1.5442,1.00,1.00
2015.07.08 02:12:41.647,1.54411,1.54418,1.00,1.00
2015.07.08 02:12:42.154,1.5441,1.54418,1.00,1.00
2015.07.08 02:12:45.428,1.5441,1.5442,1.00,1.00
2015.07.08 02:12:46.307,1.54412,1.5442,1.00,1.00
2015.07.08 02:12:47.696,1.54413,1.5442,1.00,1.00
2015.07.08 02:12:47.849,1.54414,1.54423,1.00,1.87
2015.07.08 02:12:48.358,1.54414,1.54423,1.00,1.50
2015.07.08 02:12:48.900,1.54417,1.54424,1.00,1.00
2015.07.08 02:12:50.259,1.54417,1.54422,1.00,1.00
2015.07.08 02:12:51.553,1.54414,1.54422,1.00,1.00
2015.07.08 02:12:51.654,1.54411,1.54421,1.12,1.00
2015.07.08 02:12:51.996,1.54411,1.54419,1.00,1.00
2015.07.08 02:12:52.300,1.54406,1.54411,1.00,1.00
2015.07.08 02:12:55.345,1.54406,1.54412,1.00,1.50
2015.07.08 02:12:55.549,1.54406,1.54415,1.00,1.00
2015.07.08 02:12:55.753,1.54408,1.54414,1.00,1.50
2015.07.08 02:12:55.854,1.54408,1.54417,1.00,1.00
2015.07.08 02:12:56.058,1.54408,1.54414,1.00,1.00
2015.07.08 02:12:56.433,1.54408,1.54416,1.00,1.00
2015.07.08 02:12:56.855,1.5441,1.54416,1.00,1.00
2015.07.08 02:12:57.393,1.5441,1.54415,1.00,1.00
2015.07.08 02:12:57.693,1.54405,1.54415,2.62,1.00
2015.07.08 02:12:57.919,1.54405,1.54415,2.62,1.00
2015.07.08 02:12:58.908,1.54405,1.54415,2.62,1.00
2015.07.08 02:13:00.907,1.54405,1.54415,2.62,1.00
2015.07.08 02:13:02.671,1.54408,1.54415,1.00,1.00
2015.07.08 02:13:06.855,1.54408,1.54416,1.00,1.50
2015.07.08 02:13:07.722,1.54409,1.54416,1.00,1.00
2015.07.08 02:13:08.055,1.54406,1.54416,1.87,1.00
2015.07.08 02:13:11.108,1.54406,1.54418,2.62,1.50
2015.07.08 02:13:11.615,1.54408,1.54418,1.00,1.00
2015.07.08 02:13:15.484,1.54406,1.54418,3.37,1.00
2015.07.08 02:13:15.968,1.54406,1.54418,3.37,1.00
2015.07.08 02:13:16.859,1.54406,1.54418,3.37,1.00
2015.07.08 02:13:18.842,1.54406,1.54418,2.62,1.00
2015.07.08 02:13:19.349,1.54408,1.54418,1.00,1.00
2015.07.08 02:13:25.261,1.5441,1.54418,1.00,1.00
2015.07.08 02:13:35.041,1.5441,1.54416,1.00,1.00
2015.07.08 02:13:35.797,1.54408,1.54416,1.00,1.00
2015.07.08 02:13:35.951,1.54408,1.54414,1.00,1.00
2015.07.08 02:13:36.002,1.54406,1.54413,1.12,1.00
2015.07.08 02:13:36.510,1.54406,1.54412,1.12,1.00
2015.07.08 02:13:38.531,1.54406,1.54413,1.00,1.50
2015.07.08 02:13:39.522,1.54406,1.54411,1.00,1.50
2015.07.08 02:13:40.620,1.54411,1.54414,1.00,1.50
2015.07.08 02:13:40.671,1.5441,1.54412,1.00,1.50
2015.07.08 02:13:40.722,1.5441,1.54416,1.00,1.50
2015.07.08 02:13:40.878,1.54408,1.54417,1.00,1.50
2015.07.08 02:13:41.031,1.54408,1.54415,1.00,1.00
2015.07.08 02:13:41.533,1.54408,1.54416,1.00,1.00
2015.07.08 02:13:43.238,1.54408,1.54418,1.12,1.50
2015.07.08 02:13:43.662,1.54408,1.54416,1.12,1.00
2015.07.08 02:13:47.430,1.5441,1.54416,1.00,1.00
2015.07.08 02:13:51.247,1.54408,1.54415,1.12,1.50
2015.07.08 02:13:51.349,1.54408,1.54413,1.00,1.00
2015.07.08 02:13:51.654,1.54408,1.54411,1.00,1.00
2015.07.08 02:13:53.983,1.54408,1.5441,1.00,1.00
2015.07.08 02:13:54.491,1.54408,1.54411,1.00,1.00
2015.07.08 02:14:00.870,1.54408,1.54412,1.00,1.50
2015.07.08 02:14:02.394,1.54405,1.54412,1.00,1.00
2015.07.08 02:14:08.756,1.54406,1.54412,1.00,1.00
2015.07.08 02:14:11.894,1.54403,1.54412,1.00,1.00
2015.07.08 02:14:11.996,1.544,1.54408,1.10,1.00
2015.07.08 02:14:12.301,1.544,1.54404,1.00,1.00
2015.07.08 02:14:12.880,1.54399,1.54403,1.00,1.00
2015.07.08 02:14:13.083,1.54399,1.54405,1.00,1.00
2015.07.08 02:14:13.236,1.54402,1.54405,1.00,1.00
2015.07.08 02:14:13.287,1.54402,1.54407,1.00,1.00
2015.07.08 02:14:13.389,1.54402,1.5441,1.00,1.00
2015.07.08 02:14:17.624,1.54399,1.5441,1.37,1.00
2015.07.08 02:14:26.438,1.54403,1.5441,1.00,1.00
2015.07.08 02:14:27.527,1.54407,1.54411,1.00,1.00
2015.07.08 02:14:27.781,1.54407,1.54413,1.00,1.12
2015.07.08 02:14:30.339,1.54407,1.54414,1.00,1.87
2015.07.08 02:14:30.890,1.54404,1.54414,1.00,1.00
2015.07.08 02:14:30.942,1.54406,1.54416,1.00,1.00
2015.07.08 02:14:31.246,1.54404,1.54414,1.12,1.00
2015.07.08 02:14:32.768,1.54404,1.54414,1.17,1.00
2015.07.08 02:14:34.161,1.54404,1.54415,2.02,1.00
2015.07.08 02:14:34.676,1.54404,1.54416,1.87,1.00
2015.07.08 02:14:34.984,1.54408,1.54417,1.00,1.00
2015.07.08 02:14:35.490,1.54408,1.54418,1.46,1.00
2015.07.08 02:14:36.082,1.54408,1.54418,1.46,1.00
2015.07.08 02:14:37.074,1.54408,1.54418,1.47,1.00
2015.07.08 02:14:45.105,1.54408,1.54418,1.12,1.00
2015.07.08 02:14:47.025,1.54414,1.54418,1.00,1.00
2015.07.08 02:14:49.374,1.54408,1.54418,1.87,1.00
2015.07.08 02:14:50.981,1.54408,1.54418,1.87,1.00
2015.07.08 02:14:52.045,1.54408,1.54418,2.21,1.00
2015.07.08 02:14:55.412,1.54408,1.54416,2.21,1.00
2015.07.08 02:14:58.406,1.54413,1.54416,1.00,1.00
2015.07.08 02:15:15.408,1.54413,1.54418,1.00,1.50
2015.07.08 02:15:17.941,1.54413,1.54419,1.00,1.50
2015.07.08 02:15:29.422,1.54412,1.54415,1.00,1.84
2015.07.08 02:15:29.780,1.54407,1.54411,1.00,1.84
2015.07.08 02:15:29.883,1.54406,1.54408,1.50,1.84
2015.07.08 02:15:30.180,1.54397,1.544,1.50,1.84
2015.07.08 02:15:30.232,1.54397,1.54398,1.00,1.84
2015.07.08 02:15:30.283,1.54397,1.54399,1.00,1.84
2015.07.08 02:15:30.385,1.54395,1.54397,1.00,1.84
2015.07.08 02:15:30.436,1.54392,1.54396,1.12,1.84
2015.07.08 02:15:30.538,1.54392,1.54402,1.12,1.87
2015.07.08 02:15:30.589,1.54394,1.54402,1.00,1.87
2015.07.08 02:15:30.640,1.54391,1.54402,1.50,1.87
2015.07.08 02:15:30.743,1.5439,1.544,1.00,1.87
2015.07.08 02:15:31.047,1.54385,1.54386,1.00,1.84
2015.07.08 02:15:31.641,1.54385,1.54386,1.00,1.84
2015.07.08 02:15:31.794,1.54383,1.54386,1.00,1.84
2015.07.08 02:15:33.215,1.54382,1.54385,1.00,1.84
2015.07.08 02:15:33.723,1.54382,1.54386,1.00,1.84
2015.07.08 02:15:34.523,1.54383,1.54388,1.00,1.00
2015.07.08 02:15:34.884,1.54387,1.54389,1.00,1.00
2015.07.08 02:15:34.986,1.54387,1.54393,1.00,1.00
2015.07.08 02:15:35.239,1.54387,1.54395,1.00,1.12
2015.07.08 02:15:35.746,1.54387,1.54394,1.00,1.00
2015.07.08 02:15:36.608,1.54386,1.54394,1.00,1.00
2015.07.08 02:15:36.659,1.54388,1.54394,1.00,1.00
2015.07.08 02:15:37.166,1.54388,1.54395,1.00,1.00
2015.07.08 02:15:38.922,1.54389,1.54395,1.00,1.00
2015.07.08 02:15:39.228,1.54393,1.54398,1.00,1.12
2015.07.08 02:15:40.225,1.54393,1.544,1.00,1.12
2015.07.08 02:15:40.664,1.5439,1.544,1.00,1.12
2015.07.08 02:15:40.867,1.54393,1.544,1.00,1.00
2015.07.08 02:15:40.970,1.54395,1.54403,1.00,1.00
2015.07.08 02:15:41.124,1.54396,1.54405,1.50,1.00
2015.07.08 02:15:41.175,1.54397,1.54409,1.00,2.62
2015.07.08 02:15:41.434,1.54398,1.54409,1.12,2.25
2015.07.08 02:15:41.486,1.54402,1.54411,1.00,1.87
2015.07.08 02:15:41.589,1.54402,1.54413,1.00,1.00
2015.07.08 02:15:44.096,1.54401,1.54413,1.00,1.37
2015.07.08 02:15:45.174,1.54401,1.54412,1.00,1.87
2015.07.08 02:15:46.234,1.544,1.54411,1.50,1.12
2015.07.08 02:15:49.892,1.544,1.5441,1.50,1.00
2015.07.08 02:15:50.197,1.544,1.54408,1.00,1.00
2015.07.08 02:15:50.400,1.54398,1.54408,1.50,1.00
2015.07.08 02:15:50.502,1.54398,1.5441,1.50,1.87
2015.07.08 02:15:52.838,1.54398,1.54409,1.50,1.00
2015.07.08 02:15:54.453,1.54398,1.54408,1.50,1.00
2015.07.08 02:15:55.144,1.54398,1.54409,1.50,1.00
2015.07.08 02:16:00.341,1.54398,1.54405,1.00,1.00
2015.07.08 02:16:00.493,1.54395,1.54405,1.37,1.00
2015.07.08 02:16:00.790,1.54394,1.54405,2.62,1.00
2015.07.08 02:16:01.247,1.54394,1.54403,1.00,1.50
2015.07.08 02:16:01.298,1.54391,1.54402,1.37,1.00
2015.07.08 02:16:01.805,1.54392,1.54403,1.20,1.00
2015.07.08 02:16:02.756,1.54394,1.54403,1.00,1.00
2015.07.08 02:16:03.263,1.54394,1.54404,1.00,1.50
2015.07.08 02:16:03.758,1.54392,1.54402,1.87,1.00
2015.07.08 02:16:03.809,1.54393,1.54404,1.12,1.00
2015.07.08 02:16:05.177,1.54393,1.54405,1.00,2.25
2015.07.08 02:16:05.472,1.54393,1.54403,1.00,1.00
2015.07.08 02:16:11.599,1.54394,1.54403,1.00,1.00
2015.07.08 02:16:11.904,1.54396,1.54405,1.00,1.00
2015.07.08 02:16:12.208,1.54396,1.54399,1.00,1.50
2015.07.08 02:16:12.311,1.54387,1.54396,1.87,1.00
2015.07.08 02:16:12.413,1.54388,1.54398,1.00,1.87
2015.07.08 02:16:12.464,1.54388,1.54398,1.00,1.50
2015.07.08 02:16:12.515,1.54388,1.544,1.57,3.75
2015.07.08 02:16:12.718,1.54386,1.54398,3.82,1.50
2015.07.08 02:16:13.067,1.54386,1.54396,1.95,1.00
2015.07.08 02:16:13.576,1.54385,1.54397,1.87,2.25
2015.07.08 02:16:13.728,1.54387,1.54399,1.87,1.50
2015.07.08 02:16:14.791,1.54387,1.54398,1.12,1.00
2015.07.08 02:16:15.407,1.54387,1.54399,1.12,1.50
2015.07.08 02:16:17.590,1.54387,1.54397,1.00,1.00
2015.07.08 02:16:19.645,1.54386,1.54397,1.12,1.50
2015.07.08 02:16:23.018,1.54386,1.54396,1.12,1.00
2015.07.08 02:16:23.530,1.54387,1.54396,1.00,1.00
2015.07.08 02:16:23.885,1.54385,1.54395,1.00,1.00
2015.07.08 02:16:24.514,1.54383,1.54394,1.37,2.25
2015.07.08 02:16:25.021,1.54383,1.54393,1.37,1.00
2015.07.08 02:16:25.782,1.54383,1.54394,1.37,2.25
2015.07.08 02:16:26.992,1.54383,1.54394,1.12,2.25
2015.07.08 02:16:27.517,1.54383,1.54393,1.12,1.00
2015.07.08 02:16:29.085,1.54383,1.54393,1.37,1.00
2015.07.08 02:16:29.592,1.54385,1.54394,1.00,1.00
2015.07.08 02:16:30.154,1.54384,1.54394,1.12,1.00
2015.07.08 02:16:30.256,1.54383,1.54392,1.37,1.00
2015.07.08 02:16:30.358,1.54384,1.54394,1.37,1.00
2015.07.08 02:16:30.865,1.54383,1.54393,1.87,1.50
2015.07.08 02:16:31.112,1.54383,1.54393,1.87,1.50
2015.07.08 02:16:32.865,1.54384,1.54393,1.00,1.00
2015.07.08 02:16:34.549,1.54382,1.54393,2.62,1.00
2015.07.08 02:16:34.753,1.54385,1.54393,1.00,1.00
2015.07.08 02:16:35.755,1.54385,1.54395,1.12,1.00
2015.07.08 02:16:36.263,1.54384,1.54394,1.37,1.50
2015.07.08 02:16:37.260,1.54384,1.54394,1.00,1.50
2015.07.08 02:16:44.670,1.54384,1.54395,1.12,1.50
2015.07.08 02:16:45.305,1.54385,1.54395,1.50,1.00
2015.07.08 02:16:48.370,1.54386,1.54395,1.00,1.00
2015.07.08 02:16:48.421,1.54386,1.54395,1.37,1.00
2015.07.08 02:16:48.574,1.54389,1.54397,1.00,1.50
2015.07.08 02:16:49.081,1.54387,1.54396,1.37,2.25
2015.07.08 02:16:49.914,1.54384,1.54396,2.70,2.25
2015.07.08 02:16:53.929,1.54384,1.54396,2.70,2.25
2015.07.08 02:16:55.457,1.54386,1.54396,1.00,1.50
2015.07.08 02:16:56.933,1.54386,1.54396,1.95,1.50
2015.07.08 02:16:59.936,1.54386,1.54396,1.95,1.50
2015.07.08 02:17:01.800,1.54386,1.54395,1.95,1.00
2015.07.08 02:17:02.307,1.54386,1.54396,1.95,1.50
2015.07.08 02:17:02.940,1.54386,1.54396,1.95,1.50
2015.07.08 02:17:03.042,1.54386,1.54396,1.10,2.21
2015.07.08 02:17:03.347,1.54382,1.5439,1.00,1.00
2015.07.08 02:17:03.449,1.54381,1.54391,1.95,1.00
2015.07.08 02:17:03.500,1.54381,1.54393,2.70,1.00
2015.07.08 02:17:04.466,1.54384,1.54393,1.37,1.00
2015.07.08 02:17:05.376,1.54382,1.54392,1.00,1.37
2015.07.08 02:17:06.075,1.54382,1.5439,1.10,1.00
2015.07.08 02:17:09.172,1.54382,1.54391,1.00,1.12
2015.07.08 02:17:09.325,1.5438,1.5439,2.32,1.00
2015.07.08 02:17:14.573,1.54381,1.5439,1.12,1.50
2015.07.08 02:17:16.220,1.54381,1.54391,1.12,1.00
2015.07.08 02:17:16.727,1.54381,1.54391,1.37,1.00
2015.07.08 02:17:32.391,1.54381,1.54391,1.12,1.00
2015.07.08 02:17:33.955,1.54382,1.54393,1.37,1.00
2015.07.08 02:17:34.463,1.54383,1.54394,1.87,1.50
2015.07.08 02:17:46.565,1.54384,1.54392,1.12,1.00
2015.07.08 02:17:50.872,1.54382,1.54393,1.87,1.00
2015.07.08 02:17:51.867,1.54382,1.54392,1.37,1.00
2015.07.08 02:17:52.399,1.54383,1.54393,1.12,1.00
2015.07.08 02:18:00.465,1.54383,1.54393,1.37,1.00
2015.07.08 02:18:02.468,1.54383,1.54393,1.12,1.00
2015.07.08 02:18:05.279,1.54384,1.54393,1.00,1.00
2015.07.08 02:18:09.622,1.54384,1.54394,1.12,1.50
2015.07.08 02:18:10.142,1.54383,1.54394,1.12,1.00
2015.07.08 02:18:11.501,1.54384,1.54394,1.50,1.00
2015.07.08 02:18:14.372,1.54384,1.54394,1.87,1.00
2015.07.08 02:18:16.990,1.54384,1.54394,1.10,1.50
2015.07.08 02:18:22.468,1.54385,1.54394,1.00,1.00
2015.07.08 02:18:22.519,1.54387,1.54397,1.00,2.62
2015.07.08 02:18:22.571,1.54389,1.54397,1.00,1.87
2015.07.08 02:18:22.622,1.54389,1.54399,1.12,1.00
2015.07.08 02:18:22.724,1.5439,1.54401,1.12,1.00
2015.07.08 02:18:23.122,1.54391,1.54402,1.87,1.00
2015.07.08 02:18:23.630,1.54391,1.54402,3.37,1.00
2015.07.08 02:18:24.035,1.54394,1.54405,2.25,1.00
2015.07.08 02:18:24.188,1.54394,1.54403,1.00,1.00
2015.07.08 02:18:24.486,1.54391,1.54403,1.87,1.50
2015.07.08 02:18:24.899,1.54391,1.54401,2.25,1.00
2015.07.08 02:18:25.406,1.54391,1.54402,1.50,2.25
2015.07.08 02:18:27.003,1.54391,1.54403,2.25,1.50
2015.07.08 02:18:27.307,1.54395,1.54405,1.00,3.00
2015.07.08 02:18:27.611,1.54395,1.54403,1.00,1.00
2015.07.08 02:18:27.713,1.54392,1.54403,1.37,1.00
2015.07.08 02:18:28.795,1.54391,1.54403,2.62,1.50
2015.07.08 02:18:31.822,1.54391,1.54403,2.62,1.50
2015.07.08 02:18:34.927,1.54392,1.54404,1.00,1.50
2015.07.08 02:18:35.455,1.54391,1.54403,1.87,1.00
2015.07.08 02:18:37.310,1.54392,1.54403,1.00,1.00
2015.07.08 02:18:37.361,1.54393,1.54405,1.00,1.50
2015.07.08 02:18:38.065,1.54393,1.54404,1.00,1.00
2015.07.08 02:18:39.459,1.54393,1.54405,1.00,1.50
2015.07.08 02:18:39.560,1.54392,1.54403,1.12,1.00
2015.07.08 02:18:41.659,1.54392,1.54403,1.37,1.00
2015.07.08 02:18:42.203,1.54392,1.54402,1.37,1.00
2015.07.08 02:18:42.760,1.54392,1.54402,1.12,1.00
2015.07.08 02:18:44.717,1.54391,1.54402,1.12,1.00
2015.07.08 02:18:45.167,1.54388,1.54398,1.50,1.00
2015.07.08 02:18:45.781,1.54387,1.54395,1.00,1.00
2015.07.08 02:18:45.833,1.54384,1.54395,1.12,1.50
2015.07.08 02:18:46.038,1.54383,1.54393,1.37,1.00
2015.07.08 02:18:46.445,1.54381,1.54391,1.37,1.50
2015.07.08 02:18:47.001,1.54381,1.54389,1.37,1.00
2015.07.08 02:18:47.508,1.54381,1.5439,1.37,1.00
2015.07.08 02:18:47.560,1.54382,1.54392,1.37,1.00
2015.07.08 02:18:47.763,1.54381,1.5439,1.37,1.00
2015.07.08 02:18:50.251,1.54381,1.54391,1.37,1.50
2015.07.08 02:18:50.353,1.54381,1.5439,1.00,1.00
2015.07.08 02:18:50.404,1.54379,1.54389,1.50,1.00
2015.07.08 02:18:50.912,1.54378,1.54388,1.37,1.00
2015.07.08 02:18:51.492,1.54378,1.54388,1.00,1.00
2015.07.08 02:18:55.460,1.54378,1.54389,1.00,1.50
2015.07.08 02:19:01.267,1.54379,1.54389,1.00,1.50
2015.07.08 02:19:29.731,1.5438,1.54389,1.00,1.50
2015.07.08 02:19:32.733,1.5438,1.54388,1.00,1.00
2015.07.08 02:19:35.499,1.5438,1.54387,1.00,1.00
2015.07.08 02:19:42.886,1.54382,1.54387,1.00,1.50
2015.07.08 02:19:43.190,1.54384,1.54389,1.00,1.50
2015.07.08 02:19:44.396,1.54383,1.54389,1.00,1.50
2015.07.08 02:19:46.072,1.54383,1.54388,1.00,1.00
2015.07.08 02:19:46.478,1.54382,1.54391,1.00,1.50
2015.07.08 02:19:46.529,1.54385,1.54391,1.00,1.50
2015.07.08 02:19:47.338,1.54385,1.54392,1.00,1.50
2015.07.08 02:19:47.592,1.54386,1.54397,1.00,2.25
2015.07.08 02:19:47.643,1.54386,1.54394,1.00,1.00
2015.07.08 02:19:47.948,1.54387,1.54396,1.00,1.00
2015.07.08 02:19:48.050,1.54389,1.54397,1.00,1.00
2015.07.08 02:19:50.340,1.54389,1.54396,1.00,1.00
2015.07.08 02:19:52.877,1.54389,1.54397,1.00,1.00
2015.07.08 02:19:53.247,1.54387,1.54397,2.62,1.00
2015.07.08 02:19:59.154,1.54389,1.54397,1.00,1.00
2015.07.08 02:20:02.682,1.54389,1.54398,1.00,1.00
2015.07.08 02:20:02.987,1.54391,1.54398,1.00,1.00
2015.07.08 02:20:03.517,1.5439,1.54398,1.00,1.00
2015.07.08 02:20:07.303,1.54392,1.54398,1.00,1.00
2015.07.08 02:20:09.283,1.5439,1.54398,1.00,1.00
2015.07.08 02:20:09.616,1.54392,1.54398,1.00,1.00
2015.07.08 02:20:10.946,1.54392,1.544,1.00,1.00
2015.07.08 02:20:11.049,1.5439,1.54399,1.50,1.00
2015.07.08 02:20:11.610,1.5439,1.544,1.50,1.00
2015.07.08 02:20:12.360,1.5439,1.544,1.50,1.37
2015.07.08 02:20:12.667,1.54392,1.544,1.00,1.00
2015.07.08 02:20:13.124,1.54394,1.54404,1.00,1.12
2015.07.08 02:20:13.226,1.54397,1.54407,1.00,1.50
2015.07.08 02:20:13.530,1.54399,1.54407,1.00,1.00
2015.07.08 02:20:14.356,1.54399,1.54409,1.00,2.25
2015.07.08 02:20:14.863,1.54398,1.54408,1.50,1.00
2015.07.08 02:20:15.016,1.54398,1.54406,1.00,1.00
2015.07.08 02:20:15.523,1.54397,1.54407,1.50,1.00
2015.07.08 02:20:16.053,1.54397,1.54408,1.00,1.00
2015.07.08 02:20:16.376,1.54399,1.54408,1.00,1.00
2015.07.08 02:20:16.428,1.54396,1.54408,1.87,1.00
2015.07.08 02:20:16.934,1.54396,1.54403,1.50,1.00
2015.07.08 02:20:17.241,1.54393,1.544,1.00,1.50
2015.07.08 02:20:17.292,1.5439,1.544,1.00,1.50
2015.07.08 02:20:17.393,1.54392,1.544,1.00,1.50
2015.07.08 02:20:17.698,1.54396,1.54402,1.00,1.00
2015.07.08 02:20:18.053,1.54395,1.54404,1.00,1.87
2015.07.08 02:20:18.154,1.54397,1.54404,1.00,1.00
2015.07.08 02:20:18.552,1.54399,1.54406,1.00,1.00
2015.07.08 02:20:19.106,1.54399,1.54407,1.00,1.00
2015.07.08 02:20:19.245,1.54397,1.54407,1.00,1.50
2015.07.08 02:20:19.499,1.54397,1.54405,1.00,1.00
2015.07.08 02:20:20.054,1.54397,1.54404,1.00,1.00
2015.07.08 02:20:21.917,1.54396,1.54404,1.00,1.00
2015.07.08 02:20:22.222,1.54395,1.54402,1.00,1.00
2015.07.08 02:20:22.772,1.54395,1.54405,1.00,1.12
2015.07.08 02:20:24.929,1.54396,1.54405,1.00,1.00
2015.07.08 02:20:25.654,1.54395,1.54405,1.00,1.00
2015.07.08 02:20:27.208,1.54395,1.54404,1.00,1.00
2015.07.08 02:20:27.711,1.54395,1.54403,1.00,1.00
2015.07.08 02:20:28.268,1.54395,1.54405,1.00,1.00
2015.07.08 02:20:30.369,1.54395,1.54404,1.00,1.00
2015.07.08 02:20:31.785,1.54396,1.54404,1.00,1.00
2015.07.08 02:20:32.476,1.54396,1.54402,1.00,1.00
2015.07.08 02:20:32.578,1.54397,1.54404,1.00,1.00
2015.07.08 02:20:34.741,1.54397,1.54402,1.00,1.00
2015.07.08 02:20:34.798,1.54394,1.54402,1.37,1.50
2015.07.08 02:20:35.306,1.54394,1.54403,1.00,1.50
2015.07.08 02:20:35.813,1.54394,1.54404,1.00,1.00
2015.07.08 02:20:36.365,1.54395,1.54403,1.00,1.00
2015.07.08 02:20:36.872,1.54395,1.54404,1.00,1.00
2015.07.08 02:20:38.101,1.54396,1.54404,1.00,1.00
2015.07.08 02:20:40.067,1.54397,1.54405,1.00,1.00
2015.07.08 02:20:40.391,1.544,1.54406,1.00,1.00
2015.07.08 02:20:40.448,1.544,1.54409,1.00,1.87
2015.07.08 02:20:40.702,1.54398,1.54409,1.50,1.12
2015.07.08 02:20:40.805,1.54398,1.54407,1.50,1.00
2015.07.08 02:20:41.312,1.54397,1.54407,1.00,1.50
2015.07.08 02:20:42.569,1.54398,1.54405,1.00,1.00
2015.07.08 02:20:44.324,1.54397,1.54405,1.00,1.00
2015.07.08 02:20:45.270,1.54396,1.54405,1.00,1.00
2015.07.08 02:20:45.880,1.54397,1.54405,1.00,1.50
2015.07.08 02:20:46.392,1.54396,1.54405,1.00,1.50
2015.07.08 02:20:46.970,1.54398,1.54407,1.00,2.25
2015.07.08 02:20:47.276,1.54398,1.54405,1.00,1.00
2015.07.08 02:20:48.681,1.54396,1.54405,1.00,1.50
2015.07.08 02:20:49.189,1.54397,1.54405,1.00,1.50
2015.07.08 02:20:49.732,1.54396,1.54406,1.00,1.00
2015.07.08 02:20:49.834,1.54398,1.54406,1.00,1.00
2015.07.08 02:20:50.287,1.54396,1.54405,1.00,1.00
2015.07.08 02:20:50.792,1.54396,1.54404,1.00,1.00
2015.07.08 02:20:50.944,1.54398,1.54404,1.00,1.00
2015.07.08 02:20:50.995,1.54398,1.54406,1.00,1.00
2015.07.08 02:20:51.401,1.54396,1.54405,1.00,1.00
2015.07.08 02:20:51.889,1.54398,1.54404,1.00,1.00
2015.07.08 02:20:51.990,1.54398,1.54407,1.00,1.87
2015.07.08 02:20:52.498,1.54396,1.54406,1.00,1.00
2015.07.08 02:20:53.017,1.54397,1.54406,1.00,1.00
2015.07.08 02:20:53.561,1.54398,1.54407,1.00,1.50
2015.07.08 02:20:54.068,1.54397,1.54407,1.00,2.25
2015.07.08 02:20:54.618,1.54397,1.54404,1.00,1.00
2015.07.08 02:20:55.366,1.54398,1.54404,1.00,1.00
2015.07.08 02:20:55.519,1.54398,1.54406,1.00,1.00
2015.07.08 02:20:55.925,1.54396,1.54406,1.50,1.50
2015.07.08 02:20:56.432,1.54397,1.54406,1.00,1.00
2015.07.08 02:20:56.966,1.54397,1.54407,1.00,1.50
2015.07.08 02:20:57.514,1.54396,1.54405,1.00,1.00
2015.07.08 02:20:57.819,1.544,1.5441,2.25,1.00
2015.07.08 02:20:58.123,1.54402,1.54412,1.00,1.37
2015.07.08 02:20:58.327,1.54403,1.54413,1.00,1.50
2015.07.08 02:20:58.839,1.54404,1.54413,1.00,1.00
2015.07.08 02:20:59.242,1.54405,1.54415,1.00,1.87
2015.07.08 02:21:05.255,1.54405,1.54415,1.00,1.87
2015.07.08 02:21:06.386,1.54405,1.54413,1.00,1.00
2015.07.08 02:21:06.588,1.54402,1.54412,1.87,1.00
2015.07.08 02:21:07.105,1.54402,1.54411,1.27,1.00
2015.07.08 02:21:07.765,1.54402,1.54411,1.20,1.00
2015.07.08 02:21:08.187,1.54402,1.54411,1.27,1.00
2015.07.08 02:21:08.542,1.54403,1.54413,1.17,1.50
2015.07.08 02:21:10.763,1.54403,1.54413,1.00,1.50
2015.07.08 02:21:12.775,1.54403,1.54412,1.00,1.00
2015.07.08 02:21:24.385,1.54403,1.54412,1.27,1.00
2015.07.08 02:21:24.892,1.54403,1.54412,1.20,1.00
2015.07.08 02:21:25.399,1.54403,1.54413,1.12,1.50
2015.07.08 02:21:27.746,1.54403,1.54411,1.12,1.00
2015.07.08 02:21:28.024,1.544,1.5441,2.70,1.00
2015.07.08 02:21:28.177,1.544,1.54408,1.17,1.00
2015.07.08 02:21:28.330,1.54398,1.54408,1.37,1.00
2015.07.08 02:21:28.636,1.54397,1.54406,1.57,1.00
2015.07.08 02:21:29.158,1.54397,1.54406,1.12,1.00
2015.07.08 02:21:30.534,1.54396,1.54406,1.12,1.00
2015.07.08 02:21:31.925,1.54396,1.54405,1.12,1.00
2015.07.08 02:21:32.434,1.54396,1.54406,1.87,1.50
2015.07.08 02:21:33.903,1.54396,1.54405,1.87,1.00
2015.07.08 02:21:34.180,1.54395,1.54403,1.37,1.00
2015.07.08 02:21:34.231,1.54393,1.54402,1.37,1.00
2015.07.08 02:21:35.194,1.54393,1.54402,1.12,1.00
2015.07.08 02:21:40.915,1.54393,1.54404,1.87,1.00
2015.07.08 02:21:40.967,1.54396,1.54404,1.50,1.00
2015.07.08 02:21:41.019,1.54396,1.54406,1.50,1.50
2015.07.08 02:21:41.070,1.54399,1.54408,1.00,1.57
2015.07.08 02:21:41.668,1.54399,1.54409,1.57,1.00
2015.07.08 02:21:42.186,1.54399,1.54409,1.50,1.00
2015.07.08 02:21:44.053,1.54399,1.54407,1.50,1.00
2015.07.08 02:21:45.397,1.54399,1.54407,1.37,1.00
2015.07.08 02:21:45.906,1.54397,1.54406,1.47,1.50
2015.07.08 02:21:46.374,1.54397,1.54405,1.00,1.00
2015.07.08 02:21:47.023,1.54396,1.54405,1.20,1.50
2015.07.08 02:21:47.530,1.54395,1.54405,2.02,1.50
2015.07.08 02:21:48.382,1.54395,1.54405,2.02,1.50
2015.07.08 02:21:52.829,1.54394,1.54405,1.37,1.50
2015.07.08 02:21:52.880,1.54393,1.54403,1.95,1.00
2015.07.08 02:21:53.184,1.54393,1.54401,1.37,1.00
2015.07.08 02:21:54.051,1.54392,1.54402,1.37,1.50
2015.07.08 02:21:54.615,1.54393,1.54402,1.12,1.50
2015.07.08 02:22:10.381,1.54391,1.54401,1.87,1.00
2015.07.08 02:22:10.686,1.5439,1.54398,1.47,1.00
2015.07.08 02:22:11.424,1.5439,1.54399,1.37,1.50
2015.07.08 02:22:11.627,1.5439,1.54399,1.00,1.50
2015.07.08 02:22:15.414,1.5439,1.54398,1.00,1.00
2015.07.08 02:22:19.578,1.5439,1.54397,1.00,1.00
2015.07.08 02:22:24.167,1.5439,1.54399,1.00,1.50
2015.07.08 02:22:24.599,1.5439,1.54396,1.00,1.00
2015.07.08 02:22:24.933,1.54387,1.54397,1.10,1.00
2015.07.08 02:22:25.445,1.54386,1.54396,1.12,1.00
2015.07.08 02:22:29.261,1.54386,1.54396,1.37,1.00
2015.07.08 02:22:35.436,1.54386,1.54397,1.37,1.00
2015.07.08 02:22:37.447,1.54387,1.54398,1.12,1.87
2015.07.08 02:22:37.549,1.54389,1.54398,1.00,1.12
2015.07.08 02:22:38.057,1.54389,1.54399,1.50,1.00
2015.07.08 02:22:40.857,1.54391,1.54399,1.00,1.00
2015.07.08 02:22:41.364,1.5439,1.54399,1.00,1.00
2015.07.08 02:22:44.923,1.54388,1.54399,1.87,1.00
2015.07.08 02:22:45.648,1.54389,1.54398,1.12,1.00
2015.07.08 02:22:47.680,1.54388,1.54398,1.00,1.00
2015.07.08 02:22:49.949,1.54388,1.54399,1.00,1.00
2015.07.08 02:22:51.233,1.54388,1.54398,1.00,1.00
2015.07.08 02:22:51.741,1.54386,1.54398,1.87,1.00
2015.07.08 02:22:52.847,1.54385,1.54397,3.37,1.00
2015.07.08 02:22:53.945,1.54388,1.54397,1.00,1.00
2015.07.08 02:22:54.457,1.54388,1.54398,1.00,1.87
2015.07.08 02:22:55.376,1.54387,1.54398,1.12,1.00
2015.07.08 02:23:01.049,1.54386,1.54396,1.87,1.00
2015.07.08 02:23:01.455,1.54387,1.54399,1.87,2.62
2015.07.08 02:23:01.962,1.54385,1.54397,1.87,1.50
2015.07.08 02:23:02.591,1.54386,1.54398,1.37,1.12
2015.07.08 02:23:02.845,1.54386,1.54398,1.87,1.00
2015.07.08 02:23:02.947,1.54388,1.544,1.37,1.87
2015.07.08 02:23:03.150,1.54391,1.544,1.00,1.00
2015.07.08 02:23:03.253,1.54392,1.54403,1.00,1.00
2015.07.08 02:23:03.755,1.54392,1.54402,1.50,1.00
2015.07.08 02:23:03.857,1.5439,1.54401,1.50,1.00
2015.07.08 02:23:03.960,1.54388,1.54398,2.62,1.00
2015.07.08 02:23:04.818,1.54388,1.544,3.37,1.50
2015.07.08 02:23:04.869,1.54386,1.54398,2.62,1.50
2015.07.08 02:23:05.396,1.54385,1.54397,1.47,1.00
2015.07.08 02:23:05.751,1.54385,1.54395,1.20,1.00
2015.07.08 02:23:06.005,1.54385,1.54397,1.12,1.50
2015.07.08 02:23:06.464,1.54383,1.54395,4.20,1.50
2015.07.08 02:23:06.965,1.54386,1.54396,1.00,1.00
2015.07.08 02:23:07.918,1.54386,1.54396,1.37,1.00
2015.07.08 02:23:08.731,1.54386,1.54396,1.87,1.00
2015.07.08 02:23:08.782,1.54387,1.54398,1.00,1.00
2015.07.08 02:23:09.330,1.54386,1.54398,1.12,1.50
2015.07.08 02:23:13.648,1.54386,1.54397,1.12,1.00
2015.07.08 02:23:14.344,1.54386,1.54396,1.12,1.00
2015.07.08 02:23:14.879,1.54387,1.54397,1.00,2.62
2015.07.08 02:23:15.492,1.54385,1.54397,2.62,3.37
2015.07.08 02:23:16.080,1.54385,1.54397,2.62,3.00
2015.07.08 02:23:18.765,1.54387,1.54399,1.50,3.37
2015.07.08 02:23:23.216,1.54387,1.54398,1.50,1.00
2015.07.08 02:23:25.403,1.54386,1.54397,1.12,1.50
2015.07.08 02:23:29.815,1.54387,1.54399,1.00,2.62
2015.07.08 02:23:30.481,1.5439,1.54399,1.00,1.00
2015.07.08 02:23:30.735,1.54388,1.54398,1.00,1.00
2015.07.08 02:23:31.141,1.54389,1.544,1.50,1.87
2015.07.08 02:23:31.243,1.54391,1.54403,1.50,1.37
2015.07.08 02:23:31.294,1.54391,1.54403,1.87,1.00
2015.07.08 02:23:31.838,1.54392,1.54402,1.50,1.00
2015.07.08 02:23:32.412,1.54392,1.54402,1.87,1.50
2015.07.08 02:23:32.919,1.54393,1.54401,1.37,1.00
2015.07.08 02:23:34.872,1.54393,1.54404,1.87,1.00
2015.07.08 02:23:35.902,1.54395,1.54404,1.37,1.00
2015.07.08 02:23:36.412,1.54399,1.54404,1.00,1.00
2015.07.08 02:23:36.717,1.54397,1.54404,1.12,1.00
2015.07.08 02:23:37.234,1.54395,1.54404,1.87,1.00
2015.07.08 02:23:38.099,1.54395,1.54404,1.12,1.00
2015.07.08 02:23:38.201,1.54395,1.54402,1.12,1.00
2015.07.08 02:23:40.440,1.54393,1.54402,1.37,1.00
2015.07.08 02:23:41.201,1.54393,1.54402,1.37,1.00
2015.07.08 02:23:42.194,1.54392,1.54402,1.87,1.00
2015.07.08 02:23:44.300,1.54394,1.54402,1.00,1.00
2015.07.08 02:23:47.773,1.54394,1.54404,1.34,1.50
2015.07.08 02:23:48.098,1.54399,1.54407,1.00,1.00
2015.07.08 02:23:48.149,1.54399,1.54409,1.00,1.50
2015.07.08 02:23:48.353,1.54401,1.54409,1.00,1.00
2015.07.08 02:23:49.802,1.54401,1.54411,1.00,1.50
2015.07.08 02:23:49.866,1.54405,1.54412,1.00,1.00
2015.07.08 02:23:49.968,1.54407,1.54415,1.00,1.00
2015.07.08 02:23:50.121,1.54407,1.54417,1.50,1.12
2015.07.08 02:23:50.425,1.54409,1.54417,1.12,1.00
2015.07.08 02:23:50.730,1.54411,1.54419,1.00,1.00
2015.07.08 02:24:15.321,1.54412,1.54419,1.00,1.00
2015.07.08 02:24:22.167,1.54412,1.54418,1.00,1.00
2015.07.08 02:24:28.166,1.54412,1.54417,1.00,1.00
2015.07.08 02:24:28.715,1.54413,1.54417,1.50,1.00
2015.07.08 02:24:31.940,1.54411,1.54417,1.50,1.00
2015.07.08 02:24:32.449,1.54412,1.54417,1.00,1.00
2015.07.08 02:24:40.315,1.54412,1.54417,1.37,1.00
2015.07.08 02:24:40.366,1.54412,1.54419,1.37,1.00
2015.07.08 02:24:40.570,1.54414,1.54421,1.00,1.00
2015.07.08 02:24:43.163,1.54415,1.54421,1.00,1.00
2015.07.08 02:24:46.902,1.54416,1.54423,1.00,1.00
2015.07.08 02:24:47.106,1.54418,1.54423,1.00,1.00
2015.07.08 02:24:47.208,1.54418,1.54426,1.00,1.00
2015.07.08 02:24:47.523,1.5442,1.54426,1.00,1.00
2015.07.08 02:24:48.335,1.5442,1.54428,1.00,1.00
2015.07.08 02:24:48.386,1.54422,1.54428,1.00,1.00
2015.07.08 02:24:49.143,1.54421,1.54428,1.00,1.00
2015.07.08 02:24:49.398,1.54421,1.5443,1.50,1.00
2015.07.08 02:24:50.513,1.54422,1.5443,1.00,1.00
2015.07.08 02:24:50.943,1.54424,1.5443,1.00,1.00
2015.07.08 02:24:51.837,1.54424,1.54432,1.00,1.12
2015.07.08 02:24:52.809,1.54423,1.54432,1.00,1.12
2015.07.08 02:24:53.323,1.54424,1.54432,1.00,1.00
2015.07.08 02:24:57.855,1.54423,1.54432,1.50,1.00
2015.07.08 02:24:58.531,1.54424,1.54432,1.00,1.12
2015.07.08 02:25:03.845,1.54425,1.54432,1.00,1.00
2015.07.08 02:25:03.896,1.54425,1.54434,1.00,1.00
2015.07.08 02:25:03.947,1.54427,1.54435,1.00,1.12
2015.07.08 02:25:04.253,1.5443,1.54439,1.00,1.75
2015.07.08 02:25:04.558,1.54431,1.54439,1.00,1.00
2015.07.08 02:25:04.872,1.54434,1.5444,1.00,1.00
2015.07.08 02:25:04.974,1.54432,1.5444,1.50,1.00
2015.07.08 02:25:06.236,1.54434,1.54444,1.57,1.87
2015.07.08 02:25:06.388,1.54436,1.54444,1.00,1.50
2015.07.08 02:25:06.897,1.54437,1.54444,1.00,1.00
2015.07.08 02:25:06.949,1.54435,1.54444,2.25,1.00
2015.07.08 02:25:07.153,1.54437,1.54444,1.00,1.00
2015.07.08 02:25:07.401,1.54435,1.54444,2.62,1.00
2015.07.08 02:25:09.206,1.54435,1.54445,1.50,1.50
2015.07.08 02:25:10.985,1.54435,1.54446,2.25,1.00
2015.07.08 02:25:11.188,1.54435,1.54444,1.50,1.00
2015.07.08 02:25:11.393,1.54433,1.54444,1.00,1.50
2015.07.08 02:25:12.046,1.54434,1.54444,1.00,1.50
2015.07.08 02:25:12.554,1.54433,1.54444,1.00,1.12
2015.07.08 02:25:15.063,1.54434,1.54444,1.00,1.12
2015.07.08 02:25:15.578,1.54435,1.54444,1.00,1.12
2015.07.08 02:25:16.085,1.54435,1.54443,1.00,1.00
2015.07.08 02:25:20.143,1.54435,1.54442,1.00,1.00
2015.07.08 02:25:20.655,1.54434,1.54442,1.00,1.00
2015.07.08 02:25:21.949,1.54434,1.54443,1.00,2.25
2015.07.08 02:25:24.299,1.54435,1.54444,1.00,1.00
2015.07.08 02:25:24.401,1.54436,1.54446,1.00,1.00
2015.07.08 02:25:24.606,1.54439,1.54447,1.00,1.12
2015.07.08 02:25:25.113,1.54439,1.54448,1.00,1.00
2015.07.08 02:25:25.414,1.54442,1.54449,1.00,2.66
2015.07.08 02:25:25.518,1.54442,1.54451,1.00,1.00
2015.07.08 02:25:30.531,1.54444,1.54453,1.00,1.87
2015.07.08 02:25:31.041,1.54444,1.54455,1.00,1.87
2015.07.08 02:25:31.741,1.54444,1.54455,1.00,1.87
2015.07.08 02:25:32.291,1.54445,1.54455,1.00,1.37
2015.07.08 02:25:34.300,1.54445,1.54453,1.00,1.00
2015.07.08 02:25:41.769,1.54445,1.54455,1.00,3.37
2015.07.08 02:25:42.961,1.54445,1.54455,1.00,2.62
2015.07.08 02:25:43.803,1.54445,1.54455,1.00,2.62
2015.07.08 02:25:47.945,1.54445,1.54454,1.00,1.87
2015.07.08 02:25:48.798,1.54445,1.54454,1.00,1.87
2015.07.08 02:25:49.797,1.54445,1.54454,1.00,1.87
2015.07.08 02:25:57.649,1.54445,1.54455,1.00,2.62
2015.07.08 02:25:59.395,1.54445,1.54454,1.00,1.00
2015.07.08 02:26:00.630,1.54445,1.54454,1.00,1.37
2015.07.08 02:26:01.645,1.54445,1.54455,1.00,1.12
2015.07.08 02:26:02.639,1.54445,1.54455,1.00,1.37
2015.07.08 02:26:03.784,1.54445,1.54455,1.00,1.00
2015.07.08 02:26:05.021,1.54445,1.54456,1.50,1.12
2015.07.08 02:26:05.669,1.54445,1.54456,1.50,1.37
2015.07.08 02:26:06.674,1.54445,1.54456,1.50,1.12
2015.07.08 02:26:07.486,1.54446,1.54456,1.00,1.87
2015.07.08 02:26:07.740,1.54446,1.54456,1.00,2.62
2015.07.08 02:26:08.744,1.54446,1.54456,1.00,1.87
2015.07.08 02:26:11.631,1.54445,1.54456,1.50,1.37
2015.07.08 02:26:12.265,1.54446,1.54457,1.00,2.62
2015.07.08 02:26:12.571,1.54448,1.54457,1.00,1.37
2015.07.08 02:26:14.442,1.54448,1.54457,1.00,1.37
2015.07.08 02:26:15.449,1.54448,1.54457,1.00,1.12
2015.07.08 02:26:17.994,1.54448,1.54456,1.00,1.00
2015.07.08 02:26:20.966,1.54447,1.54456,1.00,1.12
2015.07.08 02:26:21.474,1.54446,1.54456,1.50,1.12
2015.07.08 02:26:22.023,1.54446,1.54456,1.50,1.37
2015.07.08 02:26:25.684,1.54446,1.54456,1.50,1.87
2015.07.08 02:26:26.701,1.54446,1.54456,1.50,1.87
2015.07.08 02:26:28.692,1.54446,1.54456,1.50,1.87
2015.07.08 02:26:32.233,1.54447,1.54456,1.00,1.87
2015.07.08 02:26:32.842,1.54448,1.54457,1.00,1.37
2015.07.08 02:26:32.995,1.5445,1.54458,1.00,1.12
2015.07.08 02:26:33.291,1.54453,1.54464,1.00,1.00
2015.07.08 02:26:33.443,1.54455,1.54464,1.00,1.00
2015.07.08 02:26:33.952,1.54455,1.54465,1.00,1.00
2015.07.08 02:26:34.414,1.54454,1.54462,1.00,1.00
2015.07.08 02:26:34.923,1.54453,1.54463,1.00,1.00
2015.07.08 02:26:35.662,1.54453,1.54462,1.00,1.00
2015.07.08 02:26:36.186,1.54452,1.54462,1.00,1.50
2015.07.08 02:26:36.693,1.54452,1.54463,1.00,1.00
2015.07.08 02:26:37.055,1.54456,1.54466,1.00,1.50
2015.07.08 02:26:37.361,1.54454,1.54464,2.62,1.00
2015.07.08 02:26:38.587,1.54453,1.54463,1.00,1.00
2015.07.08 02:26:38.891,1.54453,1.54461,1.00,1.00
2015.07.08 02:26:40.656,1.54454,1.54461,1.00,1.00
2015.07.08 02:26:40.758,1.54452,1.54461,1.00,1.00
2015.07.08 02:26:41.259,1.54452,1.54462,1.50,1.00
2015.07.08 02:26:44.682,1.54454,1.54462,1.00,1.00
2015.07.08 02:26:44.784,1.54452,1.54462,1.50,1.00
2015.07.08 02:26:45.363,1.54453,1.54462,1.00,1.00
2015.07.08 02:26:45.897,1.54453,1.54463,1.00,1.12
2015.07.08 02:26:46.517,1.54454,1.54463,1.00,1.87
2015.07.08 02:26:48.169,1.54453,1.54463,1.00,1.87
2015.07.08 02:26:49.741,1.54455,1.54464,1.50,1.37
2015.07.08 02:26:50.151,1.54453,1.54463,1.50,1.00
2015.07.08 02:26:53.386,1.54452,1.54463,1.00,1.00
2015.07.08 02:26:55.472,1.54452,1.54462,1.65,1.00
2015.07.08 02:26:56.034,1.54452,1.54461,1.65,1.00
2015.07.08 02:26:56.693,1.54451,1.5446,1.12,1.00
2015.07.08 02:26:57.205,1.54451,1.5446,1.50,1.00
2015.07.08 02:26:58.841,1.54453,1.5446,1.00,1.00
2015.07.08 02:26:59.349,1.54452,1.5446,1.00,1.00
2015.07.08 02:27:02.986,1.54452,1.54461,1.00,1.00
2015.07.08 02:27:03.495,1.54453,1.54461,1.50,1.00
2015.07.08 02:27:04.196,1.54454,1.54461,1.00,1.00
2015.07.08 02:27:04.247,1.54455,1.54463,1.50,1.00
2015.07.08 02:27:04.349,1.54457,1.54465,1.00,1.00
2015.07.08 02:27:04.857,1.54458,1.54465,1.00,1.00
2015.07.08 02:27:05.534,1.54457,1.54465,1.00,1.00
2015.07.08 02:27:11.595,1.54457,1.54466,1.50,1.12
2015.07.08 02:27:14.339,1.54457,1.54466,1.00,1.27
2015.07.08 02:27:14.889,1.54456,1.54464,1.00,1.10
2015.07.08 02:27:15.556,1.54454,1.54464,1.00,2.25
2015.07.08 02:27:15.759,1.54453,1.54462,1.00,1.00
2015.07.08 02:27:17.713,1.5445,1.54462,2.62,1.00
2015.07.08 02:27:18.224,1.54451,1.54462,1.00,1.00
2015.07.08 02:27:19.569,1.54451,1.54461,1.00,1.00
2015.07.08 02:27:21.654,1.5445,1.54461,1.00,1.50
2015.07.08 02:27:22.177,1.54451,1.54461,1.00,1.50
2015.07.08 02:27:22.684,1.5445,1.54461,1.50,1.50
2015.07.08 02:27:27.573,1.54451,1.54461,1.00,1.50
2015.07.08 02:27:27.675,1.54453,1.54461,1.00,1.00
2015.07.08 02:27:27.776,1.54453,1.54463,1.00,1.00
2015.07.08 02:27:28.312,1.54453,1.54465,2.62,3.37
2015.07.08 02:27:28.364,1.54455,1.54465,1.00,1.87
2015.07.08 02:27:28.870,1.54457,1.54466,1.00,1.50
2015.07.08 02:27:29.175,1.54457,1.54468,1.00,2.25
2015.07.08 02:27:29.698,1.54457,1.54469,2.25,1.87
2015.07.08 02:27:30.104,1.54459,1.54469,1.00,1.50
2015.07.08 02:27:30.612,1.54459,1.5447,1.00,1.50
2015.07.08 02:27:31.155,1.5446,1.54471,1.50,2.40
2015.07.08 02:27:31.612,1.54462,1.54472,1.00,1.12
2015.07.08 02:27:32.119,1.54463,1.54472,1.00,1.00
2015.07.08 02:27:32.635,1.54462,1.54472,1.00,2.25
2015.07.08 02:27:34.171,1.54462,1.54471,1.00,1.00
2015.07.08 02:27:34.686,1.54462,1.54472,1.00,1.00
2015.07.08 02:27:35.420,1.54462,1.54471,1.00,1.00
2015.07.08 02:27:35.944,1.54462,1.54472,1.00,1.50
2015.07.08 02:27:36.698,1.5446,1.54467,1.57,1.00
2015.07.08 02:27:36.800,1.54458,1.54469,1.10,1.87
2015.07.08 02:27:37.462,1.54459,1.54468,1.00,1.00
2015.07.08 02:27:38.094,1.54459,1.54469,1.00,1.87
2015.07.08 02:27:38.298,1.54457,1.54467,1.10,1.00
2015.07.08 02:27:39.293,1.54456,1.54467,1.87,1.50
2015.07.08 02:27:39.395,1.54457,1.54469,1.00,1.87
2015.07.08 02:27:40.825,1.54458,1.54468,1.00,1.00
2015.07.08 02:27:41.373,1.54458,1.54468,1.00,1.37
2015.07.08 02:27:42.929,1.54458,1.54466,1.00,1.00
2015.07.08 02:27:43.476,1.54457,1.54466,1.50,1.00
2015.07.08 02:27:44.845,1.54456,1.54466,1.50,1.50
2015.07.08 02:27:44.998,1.54455,1.54464,1.10,1.00
2015.07.08 02:27:45.526,1.54454,1.54464,1.00,1.50
2015.07.08 02:27:46.034,1.54454,1.54464,1.00,1.87
2015.07.08 02:27:47.251,1.54454,1.54464,1.00,1.50
2015.07.08 02:27:47.556,1.54456,1.54466,1.50,1.00
2015.07.08 02:27:47.862,1.54456,1.54468,3.00,1.50
2015.07.08 02:27:48.369,1.54457,1.54469,1.50,1.87
2015.07.08 02:27:49.515,1.54457,1.54468,1.50,1.00
2015.07.08 02:27:49.566,1.54457,1.54468,1.50,1.37
2015.07.08 02:27:49.617,1.54455,1.54466,2.25,1.12
2015.07.08 02:27:49.719,1.54454,1.54464,1.50,1.00
2015.07.08 02:27:50.359,1.54455,1.54463,1.00,1.12
2015.07.08 02:27:53.167,1.54455,1.54464,1.00,1.87
2015.07.08 02:27:57.546,1.54454,1.54464,1.00,2.62
2015.07.08 02:27:57.851,1.54455,1.54462,1.00,1.00
2015.07.08 02:27:57.953,1.54455,1.54464,1.00,1.12
2015.07.08 02:28:01.489,1.54455,1.54464,1.00,1.37
2015.07.08 02:28:03.491,1.54455,1.54464,1.50,1.12
2015.07.08 02:28:08.713,1.54455,1.54464,1.50,1.37
2015.07.08 02:28:14.487,1.54455,1.54464,1.50,1.00
2015.07.08 02:28:15.005,1.54456,1.54465,1.50,1.12
2015.07.08 02:28:15.538,1.54457,1.54466,1.00,1.87
2015.07.08 02:28:16.075,1.54458,1.54467,1.00,1.37
2015.07.08 02:28:16.177,1.54459,1.5447,1.50,2.32
2015.07.08 02:28:16.279,1.54462,1.54471,1.00,1.50
2015.07.08 02:28:16.482,1.54459,1.54471,2.25,3.07
2015.07.08 02:28:16.584,1.54461,1.54471,1.00,1.50
2015.07.08 02:28:18.083,1.54461,1.54471,1.00,1.00
2015.07.08 02:28:19.344,1.5446,1.54471,1.50,1.12
2015.07.08 02:28:19.851,1.5446,1.54471,1.00,2.77
2015.07.08 02:28:25.805,1.54459,1.5447,2.25,1.00
2015.07.08 02:28:26.131,1.54459,1.5447,2.50,1.00
2015.07.08 02:28:26.667,1.54459,1.54471,2.50,1.87
2015.07.08 02:28:28.108,1.54459,1.54471,2.50,1.87
2015.07.08 02:28:28.615,1.5446,1.54471,1.50,1.37
2015.07.08 02:28:29.151,1.54461,1.54471,1.50,1.12
2015.07.08 02:28:31.916,1.54462,1.54472,1.00,1.87
2015.07.08 02:28:32.657,1.54462,1.54472,1.00,1.87
2015.07.08 02:28:35.470,1.54461,1.54472,1.50,1.87
2015.07.08 02:28:35.979,1.54461,1.54471,1.00,1.37
2015.07.08 02:28:42.161,1.54462,1.54472,1.00,1.87
2015.07.08 02:28:42.539,1.54464,1.54472,1.00,1.00
2015.07.08 02:28:43.123,1.54464,1.54474,1.00,1.95
2015.07.08 02:28:43.670,1.54464,1.54474,1.00,1.87
2015.07.08 02:28:43.848,1.54462,1.54474,1.00,1.12
2015.07.08 02:28:43.951,1.54462,1.54472,1.50,1.12
2015.07.08 02:28:44.490,1.54461,1.54472,1.50,1.12
2015.07.08 02:28:44.950,1.54461,1.54472,1.50,1.37
2015.07.08 02:28:45.978,1.54461,1.54472,1.50,1.12
2015.07.08 02:28:48.872,1.54462,1.54472,1.00,1.12
2015.07.08 02:28:49.380,1.54461,1.54472,1.50,1.00
2015.07.08 02:28:49.887,1.54461,1.54473,1.50,2.70
2015.07.08 02:28:53.336,1.54462,1.54473,1.00,1.95
2015.07.08 02:28:53.984,1.54463,1.54473,1.00,1.50
2015.07.08 02:28:54.529,1.54462,1.54473,1.50,1.50
2015.07.08 02:28:55.060,1.54462,1.54473,1.50,1.87
2015.07.08 02:28:58.489,1.54462,1.54473,1.50,1.87
2015.07.08 02:29:06.253,1.54462,1.54474,1.50,1.87
2015.07.08 02:29:11.034,1.54462,1.54474,1.50,1.87
2015.07.08 02:29:11.607,1.54463,1.54474,1.00,1.12
2015.07.08 02:29:12.114,1.54462,1.54474,1.50,1.12
2015.07.08 02:29:13.288,1.54463,1.54474,1.00,1.12
2015.07.08 02:29:16.321,1.54463,1.54475,1.00,2.70
2015.07.08 02:29:16.577,1.54462,1.54473,1.00,1.00
2015.07.08 02:29:17.085,1.54462,1.54474,1.50,1.87
2015.07.08 02:29:17.588,1.54462,1.54472,1.50,1.00
2015.07.08 02:29:22.351,1.5446,1.54471,2.25,1.00
2015.07.08 02:29:22.937,1.5446,1.54472,1.50,3.37
2015.07.08 02:29:23.405,1.5446,1.54469,1.00,1.00
2015.07.08 02:29:23.710,1.54455,1.54465,1.27,1.00
2015.07.08 02:29:24.115,1.54453,1.54464,1.12,1.00
2015.07.08 02:29:25.311,1.54452,1.54462,1.00,1.00
2015.07.08 02:29:25.863,1.54451,1.54461,1.12,1.00
2015.07.08 02:29:28.685,1.54451,1.54458,1.00,1.00
2015.07.08 02:29:29.003,1.54447,1.54455,1.87,1.00
2015.07.08 02:29:29.207,1.5445,1.54457,1.12,1.00
2015.07.08 02:29:29.309,1.54451,1.54461,1.00,2.62
2015.07.08 02:29:29.461,1.54449,1.54458,1.57,1.00
2015.07.08 02:29:29.987,1.54447,1.54457,2.62,1.00
2015.07.08 02:29:30.461,1.54447,1.54457,2.62,1.00
2015.07.08 02:29:31.619,1.54447,1.54456,1.87,1.00
2015.07.08 02:29:31.720,1.54444,1.54456,1.87,2.25
2015.07.08 02:29:32.068,1.54443,1.54453,1.50,1.00
2015.07.08 02:29:35.530,1.54444,1.54454,1.00,1.00
2015.07.08 02:29:39.389,1.54445,1.54454,1.00,1.00
2015.07.08 02:29:40.299,1.54445,1.54456,1.00,2.25
2015.07.08 02:29:44.749,1.54446,1.54456,1.00,2.62
2015.07.08 02:29:44.850,1.54451,1.54458,1.00,1.37
2015.07.08 02:29:44.901,1.54452,1.54459,1.00,1.37
2015.07.08 02:29:45.003,1.54453,1.54462,1.00,1.52
2015.07.08 02:29:45.206,1.54456,1.54463,1.00,1.55
2015.07.08 02:29:45.635,1.54456,1.54464,1.00,1.12
2015.07.08 02:29:45.738,1.54459,1.54467,1.00,2.25
2015.07.08 02:29:46.094,1.54459,1.54467,1.50,1.37
2015.07.08 02:29:46.601,1.54459,1.54467,1.00,1.50
2015.07.08 02:29:46.856,1.54457,1.54465,1.00,1.00
2015.07.08 02:29:46.907,1.54457,1.54467,1.00,1.50
2015.07.08 02:29:47.449,1.54456,1.54467,1.00,1.50
2015.07.08 02:29:48.590,1.54456,1.54467,1.00,1.87
2015.07.08 02:29:51.587,1.54456,1.54467,1.00,1.87
2015.07.08 02:29:52.618,1.54456,1.54467,1.00,1.87
2015.07.08 02:29:53.698,1.54456,1.54467,1.00,1.87
2015.07.08 02:29:55.601,1.54455,1.54467,1.00,2.62
2015.07.08 02:29:57.873,1.54454,1.54463,1.00,1.00
2015.07.08 02:29:58.177,1.54456,1.54463,1.00,1.00
2015.07.08 02:29:58.330,1.54454,1.54463,1.00,1.00
2015.07.08 02:29:58.432,1.54452,1.54462,1.00,1.00
2015.07.08 02:29:58.857,1.54451,1.5446,1.00,1.00
2015.07.08 02:29:58.959,1.54449,1.54459,1.12,1.00
2015.07.08 02:29:59.466,1.54448,1.54458,1.37,1.00
2015.07.08 02:29:59.770,1.54447,1.54457,1.12,1.50
2015.07.08 02:30:00.324,1.54446,1.54456,1.37,1.00
2015.07.08 02:30:00.902,1.54446,1.54456,1.00,1.00
2015.07.08 02:30:01.433,1.54447,1.54457,1.00,1.00
2015.07.08 02:30:06.050,1.54447,1.54457,1.00,1.27
2015.07.08 02:30:06.560,1.54445,1.54457,1.00,2.62
2015.07.08 02:30:06.816,1.54445,1.54457,1.00,2.62
2015.07.08 02:30:07.544,1.54446,1.54453,1.00,1.00
2015.07.08 02:30:11.272,1.54444,1.54453,1.00,1.87
2015.07.08 02:30:11.929,1.54445,1.54453,1.00,1.57
2015.07.08 02:30:12.434,1.54445,1.54453,1.00,1.95
2015.07.08 02:30:13.622,1.54445,1.54453,1.00,1.95
2015.07.08 02:30:15.497,1.54443,1.54453,1.00,1.57
2015.07.08 02:30:16.048,1.54442,1.54452,1.00,1.00
2015.07.08 02:30:22.914,1.54441,1.54451,1.12,1.00
2015.07.08 02:30:24.096,1.54442,1.54451,1.00,1.00
2015.07.08 02:30:24.603,1.54442,1.54452,1.50,1.00
2015.07.08 02:30:24.891,1.54443,1.54455,1.00,3.07
2015.07.08 02:30:25.426,1.54444,1.54455,1.00,2.32
2015.07.08 02:30:26.933,1.54444,1.54455,1.00,2.40
2015.07.08 02:30:29.495,1.54443,1.54455,1.50,3.52
2015.07.08 02:30:30.499,1.54443,1.54455,1.00,2.77
2015.07.08 02:30:31.482,1.54443,1.54454,1.00,1.57
2015.07.08 02:30:32.489,1.54443,1.54454,1.00,1.27
2015.07.08 02:30:42.900,1.54443,1.54455,1.00,2.62
2015.07.08 02:30:44.152,1.54443,1.54454,1.00,1.00
2015.07.08 02:30:44.517,1.54443,1.54452,1.00,1.00
2015.07.08 02:30:44.568,1.54441,1.54452,1.50,1.00
2015.07.08 02:30:45.117,1.5444,1.54452,1.87,1.87
2015.07.08 02:30:45.956,1.5444,1.54451,1.12,1.00
2015.07.08 02:30:54.268,1.54441,1.54451,1.00,1.00
2015.07.08 02:30:54.774,1.5444,1.5445,1.12,1.00
2015.07.08 02:30:55.498,1.5444,1.54449,1.00,1.00
2015.07.08 02:30:55.550,1.54438,1.54449,1.87,1.00
2015.07.08 02:30:56.108,1.54437,1.54449,2.62,2.25
2015.07.08 02:30:57.102,1.54438,1.54449,1.00,1.00
2015.07.08 02:30:59.464,1.5444,1.54449,1.00,1.00
2015.07.08 02:31:00.899,1.54438,1.54449,1.50,1.00
2015.07.08 02:31:01.001,1.5444,1.54447,1.00,1.50
2015.07.08 02:31:01.204,1.54437,1.54446,1.50,1.00
2015.07.08 02:31:01.712,1.54436,1.54446,1.00,1.00
2015.07.08 02:31:01.966,1.54436,1.54444,1.00,1.00
2015.07.08 02:31:02.363,1.54434,1.54444,1.00,1.00
2015.07.08 02:31:02.414,1.54437,1.54444,1.00,1.00
2015.07.08 02:31:02.769,1.54437,1.54447,1.00,1.57
2015.07.08 02:31:04.667,1.54436,1.54447,1.12,1.57
2015.07.08 02:31:05.215,1.54437,1.54447,1.00,1.57
2015.07.08 02:31:06.704,1.54437,1.54446,1.00,1.00
2015.07.08 02:31:11.017,1.54439,1.54448,1.00,1.87
2015.07.08 02:31:14.801,1.5444,1.5445,1.00,2.62
2015.07.08 02:31:15.623,1.54441,1.5445,1.00,1.37
2015.07.08 02:31:15.971,1.54444,1.54454,1.50,1.50
2015.07.08 02:31:16.480,1.54445,1.54454,1.00,1.37
2015.07.08 02:31:17.846,1.54445,1.54454,1.00,1.00
2015.07.08 02:31:18.353,1.54444,1.54454,1.00,1.00
2015.07.08 02:31:19.006,1.54443,1.54454,2.25,1.12
2015.07.08 02:31:21.222,1.54443,1.54452,2.25,1.00
2015.07.08 02:31:21.864,1.54443,1.54452,1.00,1.37
2015.07.08 02:31:22.849,1.54443,1.54452,1.00,1.00
2015.07.08 02:31:25.325,1.54441,1.54452,3.00,1.12
2015.07.08 02:31:25.844,1.54441,1.54451,1.50,1.50
2015.07.08 02:31:27.108,1.54442,1.54451,1.00,1.12
2015.07.08 02:31:28.195,1.54442,1.54453,1.50,1.87
2015.07.08 02:31:29.124,1.54442,1.54453,1.50,1.87
2015.07.08 02:31:31.849,1.54442,1.54453,1.00,1.87
2015.07.08 02:31:32.458,1.54443,1.54453,1.00,1.87
2015.07.08 02:31:32.559,1.54443,1.54453,1.50,1.87
2015.07.08 02:31:33.942,1.54444,1.54453,1.00,1.50
2015.07.08 02:31:34.758,1.54445,1.54453,1.00,1.00
2015.07.08 02:31:38.188,1.54445,1.54455,1.50,2.25
2015.07.08 02:31:41.568,1.54445,1.54455,1.50,2.25
2015.07.08 02:31:42.584,1.54445,1.54455,1.50,2.25
2015.07.08 02:31:43.720,1.54443,1.54454,1.00,1.87
2015.07.08 02:31:43.771,1.54443,1.54452,1.00,1.00
2015.07.08 02:31:45.437,1.54443,1.54451,1.00,1.00
2015.07.08 02:31:45.944,1.54443,1.54452,1.00,1.00
2015.07.08 02:31:50.727,1.54443,1.54453,1.00,1.00
2015.07.08 02:31:57.518,1.54442,1.54453,1.00,2.25
2015.07.08 02:31:57.826,1.54441,1.54451,2.25,1.00
2015.07.08 02:31:58.651,1.54441,1.54452,1.00,1.50
2015.07.08 02:31:59.466,1.54441,1.5445,1.00,1.00
2015.07.08 02:32:00.946,1.5444,1.5445,1.00,1.50
2015.07.08 02:32:01.290,1.5444,1.54448,1.00,1.00
2015.07.08 02:32:04.648,1.54439,1.54448,1.00,2.62
2015.07.08 02:32:04.851,1.54437,1.54447,1.12,2.25
2015.07.08 02:32:04.903,1.54437,1.54445,1.12,1.00
2015.07.08 02:32:05.410,1.54437,1.54444,1.00,1.50
2015.07.08 02:32:05.795,1.54431,1.54438,1.00,1.00
2015.07.08 02:32:05.898,1.54426,1.54435,1.12,1.50
2015.07.08 02:32:06.424,1.54425,1.54435,1.00,1.50
2015.07.08 02:32:06.782,1.54425,1.54437,1.50,1.50
2015.07.08 02:32:07.443,1.54426,1.54437,1.00,1.50
2015.07.08 02:32:08.845,1.54429,1.5444,1.00,1.50
2015.07.08 02:32:11.167,1.5443,1.5444,1.00,1.50
2015.07.08 02:32:13.281,1.54429,1.5444,1.00,1.87
2015.07.08 02:32:13.586,1.54433,1.54441,1.00,1.00
2015.07.08 02:32:14.063,1.54429,1.5444,1.12,1.50
2015.07.08 02:32:15.481,1.54429,1.54438,1.00,1.00
2015.07.08 02:32:16.027,1.54429,1.54439,1.00,1.00
2015.07.08 02:32:19.838,1.54429,1.54438,1.50,1.00
2015.07.08 02:32:26.181,1.54428,1.54438,1.50,1.12
2015.07.08 02:32:26.486,1.54426,1.54435,1.00,1.00
2015.07.08 02:32:26.791,1.54426,1.54433,1.00,1.00
2015.07.08 02:32:27.329,1.54425,1.54433,1.00,1.00
2015.07.08 02:32:29.981,1.54427,1.54433,1.00,1.00
2015.07.08 02:32:30.489,1.54427,1.54434,1.00,1.00
2015.07.08 02:32:33.807,1.54425,1.54434,1.00,1.00
2015.07.08 02:32:34.314,1.54425,1.54435,1.00,1.00
2015.07.08 02:32:35.025,1.54425,1.54434,1.00,1.00
2015.07.08 02:32:36.486,1.54427,1.54434,1.00,1.00
2015.07.08 02:32:39.305,1.54428,1.54434,1.00,1.00
2015.07.08 02:32:39.356,1.54428,1.54436,1.00,1.00
2015.07.08 02:32:41.526,1.54427,1.54436,2.25,1.00
2015.07.08 02:32:43.542,1.54426,1.54436,1.50,1.50
2015.07.08 02:32:44.063,1.54427,1.54436,1.00,1.00
2015.07.08 02:32:44.455,1.54428,1.54438,1.00,1.50
2015.07.08 02:32:44.557,1.5443,1.54438,1.00,1.00
2015.07.08 02:32:45.090,1.5443,1.5444,1.00,1.37
2015.07.08 02:32:45.598,1.54431,1.5444,1.00,1.00
2015.07.08 02:32:46.108,1.5443,1.5444,2.25,1.00
2015.07.08 02:32:51.593,1.54431,1.5444,1.00,1.00
2015.07.08 02:32:52.912,1.5443,1.5444,2.25,1.00
2015.07.08 02:32:53.436,1.54431,1.5444,1.00,1.00
2015.07.08 02:32:54.979,1.54431,1.54443,1.50,1.87
2015.07.08 02:32:55.490,1.54431,1.54441,2.25,1.00
2015.07.08 02:32:55.794,1.54432,1.54443,1.50,1.00
2015.07.08 02:32:56.495,1.54431,1.54442,1.50,1.00
2015.07.08 02:32:57.128,1.5443,1.54441,1.00,1.00
2015.07.08 02:32:58.935,1.5443,1.5444,1.00,1.00
2015.07.08 02:32:59.036,1.54429,1.54438,1.50,1.00
2015.07.08 02:32:59.189,1.54426,1.54436,1.12,1.00
2015.07.08 02:32:59.697,1.54425,1.54436,1.87,1.12
2015.07.08 02:33:00.250,1.54426,1.54436,1.00,1.12
2015.07.08 02:33:00.758,1.54427,1.54437,1.00,1.00
2015.07.08 02:33:01.284,1.54428,1.54437,1.00,1.00
2015.07.08 02:33:03.232,1.54432,1.54437,1.00,1.00
2015.07.08 02:33:03.537,1.54434,1.54439,1.00,1.00
2015.07.08 02:33:03.791,1.54435,1.54442,1.00,2.25
2015.07.08 02:33:04.315,1.54436,1.54442,1.00,2.25
2015.07.08 02:33:04.822,1.54435,1.54441,1.00,1.00
2015.07.08 02:33:06.212,1.54437,1.54441,1.00,1.00
2015.07.08 02:33:06.466,1.54435,1.54441,1.00,1.00
2015.07.08 02:33:06.976,1.54436,1.54441,1.00,1.00
2015.07.08 02:33:08.455,1.54437,1.54441,1.00,1.00
2015.07.08 02:33:08.512,1.54435,1.54441,1.00,1.00
2015.07.08 02:33:08.627,1.54433,1.54441,1.00,1.00
2015.07.08 02:33:09.134,1.54434,1.54441,1.00,1.00
2015.07.08 02:33:10.393,1.54435,1.54441,1.00,1.00
2015.07.08 02:33:10.495,1.54433,1.54441,1.00,1.00
2015.07.08 02:33:10.990,1.54436,1.54441,1.00,1.12
2015.07.08 02:33:11.091,1.54433,1.54441,1.00,1.12
2015.07.08 02:33:11.193,1.54433,1.54439,1.00,1.00
2015.07.08 02:33:12.408,1.54435,1.54439,1.00,1.00
2015.07.08 02:33:12.510,1.54433,1.54439,1.00,1.00
2015.07.08 02:33:12.978,1.54436,1.54439,1.00,1.00
2015.07.08 02:33:13.029,1.54433,1.54439,1.00,1.00
2015.07.08 02:33:14.393,1.54436,1.54439,1.00,1.00
2015.07.08 02:33:14.495,1.54434,1.54439,1.00,1.00
2015.07.08 02:33:16.477,1.54433,1.54439,1.00,1.00
2015.07.08 02:33:18.426,1.54437,1.54439,1.00,1.00
2015.07.08 02:33:18.528,1.54437,1.54444,1.00,1.00
2015.07.08 02:33:19.037,1.54437,1.54447,1.00,1.37
2015.07.08 02:33:19.649,1.54437,1.54447,1.00,1.37
2015.07.08 02:33:20.158,1.54438,1.54445,1.00,1.00
2015.07.08 02:33:20.464,1.54438,1.54442,1.00,1.00
2015.07.08 02:33:20.803,1.54436,1.5444,1.00,1.50
2015.07.08 02:33:21.056,1.54434,1.5444,1.00,1.50
2015.07.08 02:33:21.209,1.54432,1.54437,1.00,1.00
2015.07.08 02:33:24.299,1.54434,1.54437,1.00,1.00
2015.07.08 02:33:24.571,1.54432,1.54437,1.00,1.00
2015.07.08 02:33:25.209,1.54431,1.54437,1.00,1.00
2015.07.08 02:33:26.903,1.54433,1.54437,1.00,1.00
2015.07.08 02:33:27.004,1.54431,1.54437,1.00,1.00
2015.07.08 02:33:27.553,1.54431,1.54438,1.00,1.50
2015.07.08 02:33:28.883,1.54432,1.54438,1.00,1.50
2015.07.08 02:33:31.392,1.54433,1.54438,1.00,1.50
2015.07.08 02:33:34.972,1.54433,1.54437,1.00,1.00
2015.07.08 02:33:35.023,1.54431,1.54437,1.00,1.00
2015.07.08 02:33:35.479,1.54431,1.54435,1.00,1.00
2015.07.08 02:33:37.136,1.54429,1.54433,1.00,1.00
2015.07.08 02:33:37.238,1.54425,1.54431,1.00,1.00
2015.07.08 02:33:37.340,1.54425,1.54429,1.00,1.00
2015.07.08 02:33:37.442,1.54425,1.54431,1.00,1.50
2015.07.08 02:33:37.759,1.54424,1.54429,1.00,1.00
2015.07.08 02:33:38.115,1.54422,1.5443,1.00,1.00
2015.07.08 02:33:38.470,1.54425,1.5443,1.00,1.00
2015.07.08 02:33:39.231,1.54424,1.5443,1.00,1.00
2015.07.08 02:33:43.409,1.54426,1.5443,1.00,1.00
2015.07.08 02:33:43.561,1.54426,1.54432,1.00,1.50
2015.07.08 02:33:44.028,1.54429,1.54432,1.00,1.50
2015.07.08 02:33:47.912,1.54426,1.54432,1.00,1.50
2015.07.08 02:33:48.430,1.54427,1.54432,1.00,1.50
2015.07.08 02:33:49.109,1.54428,1.54432,1.00,1.00
2015.07.08 02:33:49.616,1.54428,1.54433,1.00,1.00
2015.07.08 02:33:50.352,1.54429,1.54433,1.00,1.00
2015.07.08 02:33:55.497,1.54429,1.54432,1.00,1.00
2015.07.08 02:34:03.651,1.54428,1.54432,1.00,1.00
2015.07.08 02:34:04.848,1.54429,1.54432,1.00,1.00
2015.07.08 02:34:10.431,1.54429,1.54436,1.00,1.12
2015.07.08 02:34:10.489,1.54433,1.5444,1.00,1.50
2015.07.08 02:34:10.794,1.54435,1.54442,1.00,1.00
2015.07.08 02:34:20.794,1.54435,1.54443,1.00,1.00
2015.07.08 02:34:21.140,1.54437,1.54443,1.00,1.00
2015.07.08 02:34:22.124,1.54437,1.54442,1.00,1.00
2015.07.08 02:34:22.328,1.54434,1.54441,1.00,1.00
2015.07.08 02:34:22.852,1.54434,1.54442,1.00,2.25
2015.07.08 02:34:26.273,1.54434,1.54439,1.00,1.00
2015.07.08 02:34:27.421,1.54433,1.54439,1.00,1.00
2015.07.08 02:34:27.821,1.54431,1.54438,1.00,1.00
2015.07.08 02:34:28.227,1.54431,1.54436,1.00,1.00
2015.07.08 02:34:28.936,1.54431,1.54435,1.00,1.00
2015.07.08 02:34:29.038,1.54429,1.54435,1.00,1.00
2015.07.08 02:34:31.458,1.54423,1.54435,3.37,1.00
2015.07.08 02:34:31.712,1.54423,1.54433,1.87,1.00
2015.07.08 02:34:31.865,1.54421,1.54433,3.00,1.50
2015.07.08 02:34:31.916,1.54421,1.5443,1.00,1.00
2015.07.08 02:34:32.018,1.54421,1.54432,1.00,1.00
2015.07.08 02:34:32.684,1.54422,1.54432,1.00,1.00
2015.07.08 02:34:34.135,1.5442,1.54431,1.12,1.00
2015.07.08 02:34:34.719,1.54421,1.54431,1.00,1.00
2015.07.08 02:34:36.887,1.54421,1.54431,1.37,1.00
2015.07.08 02:34:37.866,1.54421,1.54431,1.12,1.00
2015.07.08 02:34:40.918,1.54419,1.5443,1.37,1.00
2015.07.08 02:34:41.906,1.54418,1.5443,2.62,1.00
2015.07.08 02:34:42.160,1.54417,1.54428,1.12,1.50
2015.07.08 02:34:42.464,1.54414,1.54424,3.37,1.00
2015.07.08 02:34:42.668,1.54412,1.54422,2.25,1.00
2015.07.08 02:34:43.192,1.54411,1.54421,1.12,1.00
2015.07.08 02:34:48.635,1.54409,1.54421,1.37,1.00
2015.07.08 02:34:48.940,1.54408,1.5442,3.07,1.12
2015.07.08 02:34:49.447,1.54408,1.54419,1.50,1.00
2015.07.08 02:34:49.900,1.54407,1.54416,1.00,1.00
2015.07.08 02:34:50.410,1.54404,1.54416,2.62,1.50
2015.07.08 02:34:50.960,1.54404,1.54416,2.62,1.50
2015.07.08 02:34:51.754,1.54405,1.54416,1.00,1.50
2015.07.08 02:34:53.911,1.54405,1.54416,1.37,1.00
2015.07.08 02:34:56.972,1.54405,1.54416,1.00,1.00
2015.07.08 02:35:00.940,1.54405,1.54416,1.37,1.00
2015.07.08 02:35:01.449,1.54405,1.54417,2.62,2.32
2015.07.08 02:35:03.840,1.5441,1.54419,1.00,1.37
2015.07.08 02:35:04.348,1.54409,1.5442,1.00,1.37
2015.07.08 02:35:04.894,1.54409,1.5442,1.00,1.37
2015.07.08 02:35:05.335,1.5441,1.54421,1.00,1.10
2015.07.08 02:35:05.844,1.54411,1.54422,1.00,1.00
2015.07.08 02:35:06.481,1.5441,1.5442,2.25,1.00
2015.07.08 02:35:07.902,1.5441,1.54422,1.50,2.25
2015.07.08 02:35:10.399,1.54412,1.54422,1.00,1.20
2015.07.08 02:35:11.851,1.54412,1.54423,1.50,1.00
2015.07.08 02:35:12.155,1.54414,1.54426,1.50,2.77
2015.07.08 02:35:12.603,1.54417,1.54426,1.00,1.37
2015.07.08 02:35:13.113,1.54417,1.54428,1.00,2.70
2015.07.08 02:35:13.619,1.54416,1.54428,1.00,2.32
2015.07.08 02:35:14.120,1.54417,1.54428,1.00,1.57
2015.07.08 02:35:17.951,1.54417,1.54427,1.00,1.00
2015.07.08 02:35:18.473,1.54416,1.54426,1.00,1.50
2015.07.08 02:35:20.096,1.54416,1.54428,1.50,1.87
2015.07.08 02:35:24.099,1.54417,1.54427,1.00,1.50
2015.07.08 02:35:25.482,1.54415,1.54425,1.87,1.00
2015.07.08 02:35:32.103,1.54414,1.54426,1.12,1.00
2015.07.08 02:35:32.639,1.54415,1.54425,1.00,1.00
2015.07.08 02:35:37.946,1.54413,1.54424,1.12,1.00
2015.07.08 02:35:38.200,1.5441,1.54422,2.62,1.50
2015.07.08 02:35:39.009,1.5441,1.54421,1.12,1.50
2015.07.08 02:35:44.714,1.5441,1.54422,3.00,2.40
2015.07.08 02:35:47.128,1.5441,1.54422,3.37,2.77
2015.07.08 02:35:47.886,1.54412,1.54422,1.00,2.02
2015.07.08 02:35:50.138,1.54412,1.54424,1.50,2.77
2015.07.08 02:35:51.262,1.54414,1.54424,1.00,1.65
2015.07.08 02:35:51.465,1.54415,1.54425,1.00,1.12
2015.07.08 02:35:51.972,1.54416,1.54426,1.00,1.37
2015.07.08 02:35:52.436,1.54414,1.54425,1.00,1.00
2015.07.08 02:36:01.250,1.54415,1.54425,1.00,1.10
2015.07.08 02:36:01.960,1.54415,1.54424,1.00,1.00
2015.07.08 02:36:02.505,1.54414,1.54423,1.00,1.00
2015.07.08 02:36:02.607,1.54412,1.54423,1.12,1.00
2015.07.08 02:36:03.115,1.54412,1.54422,1.00,1.00
2015.07.08 02:36:03.687,1.54412,1.54421,1.00,1.00
2015.07.08 02:36:05.219,1.5441,1.54421,1.12,1.00
2015.07.08 02:36:07.861,1.5441,1.54421,1.37,1.00
2015.07.08 02:36:13.123,1.5441,1.54418,1.37,1.00
2015.07.08 02:36:13.174,1.54409,1.54418,1.00,1.46
2015.07.08 02:36:13.225,1.54407,1.54415,1.12,1.00
2015.07.08 02:36:13.378,1.54404,1.54415,1.12,1.87
2015.07.08 02:36:13.734,1.54403,1.54413,1.37,1.00
2015.07.08 02:36:14.089,1.54402,1.54413,1.00,2.62
2015.07.08 02:36:14.140,1.54402,1.54411,1.00,1.00
2015.07.08 02:36:16.659,1.54399,1.54411,2.62,1.00
2015.07.08 02:36:17.976,1.54401,1.54413,1.00,2.25
2015.07.08 02:36:19.122,1.54401,1.54413,1.37,1.10
2015.07.08 02:36:20.319,1.54401,1.54412,1.50,1.12
2015.07.08 02:36:20.471,1.54399,1.54411,2.25,3.71
2015.07.08 02:36:20.934,1.54399,1.54409,2.25,1.09
2015.07.08 02:36:24.856,1.544,1.54409,1.00,1.09
2015.07.08 02:36:33.813,1.54399,1.54409,1.00,1.00
2015.07.08 02:36:34.343,1.54398,1.54409,1.50,1.00
2015.07.08 02:36:35.503,1.54399,1.54409,1.00,1.84
2015.07.08 02:36:40.533,1.54399,1.54408,1.00,1.00
2015.07.08 02:36:40.890,1.54397,1.54408,1.12,1.00
2015.07.08 02:36:42.548,1.54397,1.54404,1.10,1.00
2015.07.08 02:36:43.055,1.54395,1.54403,1.37,1.00
2015.07.08 02:36:43.764,1.54395,1.54403,1.12,1.00
2015.07.08 02:36:44.857,1.54395,1.54405,1.12,1.00
2015.07.08 02:36:45.363,1.54395,1.54404,1.12,1.00
2015.07.08 02:36:46.319,1.54393,1.54402,2.25,1.00
2015.07.08 02:36:46.625,1.54392,1.544,1.57,1.00
2015.07.08 02:36:46.779,1.5439,1.54396,1.12,1.00
2015.07.08 02:36:46.932,1.54389,1.54394,1.00,1.00
2015.07.08 02:36:47.460,1.54386,1.54391,1.00,1.00
2015.07.08 02:36:47.561,1.54381,1.54391,1.20,1.87
2015.07.08 02:36:47.612,1.5438,1.54389,1.57,1.00
2015.07.08 02:36:47.917,1.54377,1.54386,2.02,1.00
2015.07.08 02:36:48.324,1.54377,1.54385,1.00,1.50
2015.07.08 02:36:48.681,1.54375,1.54384,1.00,1.00
2015.07.08 02:36:48.885,1.54373,1.54382,2.62,1.00
2015.07.08 02:36:48.987,1.54373,1.54382,1.12,2.25
2015.07.08 02:36:49.089,1.54369,1.54375,2.62,1.00
2015.07.08 02:36:49.140,1.54369,1.54378,1.12,1.00
2015.07.08 02:36:49.191,1.5437,1.5438,1.50,1.50
2015.07.08 02:36:49.445,1.54367,1.54377,1.95,1.00
2015.07.08 02:36:49.648,1.54367,1.54375,1.00,1.00
2015.07.08 02:36:49.750,1.54365,1.54375,1.87,1.00
2015.07.08 02:36:50.205,1.54364,1.54373,1.37,1.50
2015.07.08 02:36:50.512,1.5436,1.54371,1.37,1.00
2015.07.08 02:36:50.665,1.54359,1.54371,1.95,1.00
2015.07.08 02:36:51.668,1.54363,1.54371,1.37,1.00
2015.07.08 02:36:51.871,1.54363,1.54374,1.37,1.50
2015.07.08 02:36:52.684,1.54365,1.54375,1.37,1.50
2015.07.08 02:36:53.893,1.54365,1.54373,1.12,1.00
2015.07.08 02:36:54.406,1.54363,1.54372,1.37,1.00
2015.07.08 02:36:55.981,1.54365,1.54373,1.95,1.00
2015.07.08 02:36:56.235,1.54365,1.54375,1.95,1.00
2015.07.08 02:36:56.642,1.54365,1.54373,1.20,1.00
2015.07.08 02:36:57.150,1.54363,1.54371,1.37,1.00
2015.07.08 02:36:57.657,1.54363,1.54372,1.37,1.50
2015.07.08 02:36:58.360,1.54363,1.54374,1.87,1.00
2015.07.08 02:36:58.875,1.54364,1.54374,1.37,1.50
2015.07.08 02:36:59.623,1.54364,1.54373,1.37,1.00
2015.07.08 02:37:01.582,1.54364,1.54374,1.87,1.50
2015.07.08 02:37:03.929,1.54364,1.54374,1.87,1.50
2015.07.08 02:37:06.104,1.54364,1.54374,2.70,1.00
2015.07.08 02:37:13.424,1.54364,1.54374,1.87,1.00
2015.07.08 02:37:14.286,1.54365,1.54374,1.00,1.00
2015.07.08 02:37:14.797,1.54364,1.54374,1.87,1.50
2015.07.08 02:37:14.899,1.54363,1.54372,1.37,1.00
2015.07.08 02:37:15.450,1.54363,1.54372,1.12,1.00
2015.07.08 02:37:15.501,1.54363,1.54374,1.12,2.25
2015.07.08 02:37:16.051,1.54362,1.54374,2.62,2.32
2015.07.08 02:37:17.989,1.54362,1.54374,2.62,2.25
2015.07.08 02:37:18.965,1.54362,1.54374,2.62,2.25
2015.07.08 02:37:19.774,1.54364,1.54372,1.12,1.00
2015.07.08 02:37:19.876,1.54362,1.54372,1.50,1.12
2015.07.08 02:37:20.382,1.54361,1.54372,1.00,1.46
2015.07.08 02:37:21.092,1.54361,1.54373,1.17,1.71
2015.07.08 02:37:21.620,1.54361,1.54371,1.17,1.12
2015.07.08 02:37:21.990,1.54361,1.54371,1.10,1.12
2015.07.08 02:37:22.498,1.54362,1.54371,1.00,1.12
2015.07.08 02:37:22.650,1.54363,1.54374,1.12,1.50
2015.07.08 02:37:22.853,1.54363,1.54373,1.87,1.50
2015.07.08 02:37:23.362,1.54362,1.54373,1.45,1.87
2015.07.08 02:37:23.515,1.54359,1.5437,1.57,1.00
2015.07.08 02:37:23.566,1.54359,1.5437,1.57,1.00
2015.07.08 02:37:23.921,1.54358,1.54368,1.37,1.00
2015.07.08 02:37:24.074,1.5436,1.5437,1.87,1.00
2015.07.08 02:37:25.158,1.5436,1.54371,2.62,1.50
2015.07.08 02:37:25.666,1.54361,1.54371,1.50,1.00
2015.07.08 02:37:28.131,1.54361,1.54371,1.95,1.00
2015.07.08 02:37:30.144,1.54361,1.54371,1.95,1.00
2015.07.08 02:37:30.246,1.54363,1.54371,1.00,1.00
2015.07.08 02:37:32.870,1.54363,1.54372,1.00,1.00
2015.07.08 02:37:34.972,1.54362,1.54372,1.00,1.00
2015.07.08 02:37:35.500,1.5436,1.5437,1.00,1.00
2015.07.08 02:37:36.400,1.5436,1.5437,1.37,1.00
2015.07.08 02:37:37.612,1.5436,1.54368,1.37,1.00
2015.07.08 02:37:38.386,1.54362,1.54368,1.00,1.00
2015.07.08 02:37:38.437,1.54362,1.5437,1.00,1.00
2015.07.08 02:37:39.441,1.54362,1.54371,1.00,2.25
2015.07.08 02:37:40.409,1.54361,1.54371,1.00,2.21
2015.07.08 02:37:41.451,1.54359,1.5437,1.50,1.12
2015.07.08 02:37:42.112,1.54361,1.54371,1.12,2.25
2015.07.08 02:37:42.620,1.54362,1.54372,1.00,1.50
2015.07.08 02:37:47.375,1.54362,1.54371,1.12,1.00
2015.07.08 02:37:50.075,1.5436,1.5437,1.12,1.50
2015.07.08 02:37:50.646,1.54361,1.54369,1.12,1.50
2015.07.08 02:37:55.536,1.54361,1.54368,1.12,1.00
2015.07.08 02:37:57.465,1.54359,1.54368,1.47,1.00
2015.07.08 02:37:57.517,1.54353,1.54364,2.77,1.00
2015.07.08 02:37:58.024,1.54354,1.54365,1.87,1.00
2015.07.08 02:37:58.531,1.54354,1.54364,1.95,1.00
2015.07.08 02:37:59.793,1.54353,1.54364,1.10,2.25
2015.07.08 02:38:00.149,1.54354,1.54362,1.00,1.00
2015.07.08 02:38:00.551,1.54351,1.54362,1.37,2.25
2015.07.08 02:38:01.064,1.54351,1.54361,1.37,1.00
2015.07.08 02:38:01.571,1.54351,1.54361,1.12,1.00
2015.07.08 02:38:08.740,1.54351,1.54362,1.12,2.62
2015.07.08 02:38:11.216,1.54351,1.54361,1.12,1.00
2015.07.08 02:38:11.495,1.54351,1.54363,1.87,1.50
2015.07.08 02:38:12.311,1.54351,1.54361,1.37,1.00
2015.07.08 02:38:13.123,1.5435,1.54361,1.37,1.00
2015.07.08 02:38:14.242,1.54352,1.54361,1.00,1.00
2015.07.08 02:38:15.410,1.54352,1.5436,1.00,1.00
2015.07.08 02:38:34.670,1.54348,1.54359,1.50,1.87
2015.07.08 02:38:34.772,1.54348,1.54356,1.12,1.50
2015.07.08 02:38:34.823,1.54345,1.54355,1.15,1.50
2015.07.08 02:38:35.140,1.54342,1.54354,1.00,1.50
2015.07.08 02:38:35.683,1.54341,1.54353,1.57,1.00
2015.07.08 02:38:36.204,1.54342,1.54353,1.10,1.00
2015.07.08 02:38:36.978,1.54343,1.54353,1.00,1.00
2015.07.08 02:38:37.636,1.54342,1.54353,1.10,1.50
2015.07.08 02:38:38.977,1.54341,1.54352,1.00,1.00
2015.07.08 02:38:39.181,1.5434,1.5435,1.00,1.00
2015.07.08 02:38:39.755,1.54343,1.5435,1.00,1.00
2015.07.08 02:38:39.818,1.54344,1.54354,1.00,1.20
2015.07.08 02:38:40.281,1.54346,1.54355,1.00,1.07
2015.07.08 02:38:40.332,1.54347,1.54356,1.00,1.27
2015.07.08 02:38:40.839,1.54348,1.54356,1.00,1.12
2015.07.08 02:38:41.745,1.54345,1.54355,1.00,1.00
2015.07.08 02:38:45.499,1.54347,1.54355,1.00,1.00
2015.07.08 02:38:49.298,1.54344,1.54355,1.12,1.00
2015.07.08 02:38:49.810,1.54344,1.54356,1.12,2.25
2015.07.08 02:38:50.299,1.54344,1.54354,1.12,1.00
2015.07.08 02:38:50.810,1.54343,1.54353,1.87,1.00
2015.07.08 02:38:51.267,1.54343,1.54355,2.25,2.25
2015.07.08 02:38:53.629,1.54341,1.54344,1.50,1.00
2015.07.08 02:38:53.782,1.54335,1.54342,2.02,1.00
2015.07.08 02:38:53.833,1.54335,1.54342,1.87,1.00
2015.07.08 02:38:54.036,1.54334,1.54345,1.87,1.12
2015.07.08 02:38:54.088,1.54334,1.54343,1.50,1.00
2015.07.08 02:38:54.291,1.54331,1.54343,1.37,1.50
2015.07.08 02:38:54.342,1.54331,1.54341,1.37,1.00
2015.07.08 02:38:54.966,1.5433,1.5434,1.87,1.00
2015.07.08 02:38:55.501,1.5433,1.54341,1.87,1.00
2015.07.08 02:38:56.010,1.5433,1.54341,1.50,1.00
2015.07.08 02:38:56.716,1.54331,1.54341,1.00,1.00
2015.07.08 02:38:59.636,1.54331,1.54342,1.50,1.50
2015.07.08 02:39:02.293,1.54331,1.5434,1.50,1.00
2015.07.08 02:39:02.801,1.54329,1.54339,1.12,1.50
2015.07.08 02:39:03.156,1.5433,1.54341,1.50,1.00
2015.07.08 02:39:03.561,1.54332,1.54341,1.00,1.00
2015.07.08 02:39:03.715,1.54328,1.5434,1.37,1.00
2015.07.08 02:39:03.816,1.54331,1.54341,1.00,1.50
2015.07.08 02:39:04.324,1.54332,1.54341,1.50,1.00
2015.07.08 02:39:06.909,1.54333,1.54341,1.50,1.00
2015.07.08 02:39:09.106,1.54334,1.54341,1.00,1.00
2015.07.08 02:39:09.646,1.54334,1.54343,1.00,1.00
2015.07.08 02:39:09.698,1.54336,1.54345,1.00,1.00
2015.07.08 02:39:10.002,1.54339,1.54346,1.50,1.50
2015.07.08 02:39:10.357,1.5434,1.54348,1.50,1.00
2015.07.08 02:39:10.509,1.54342,1.54348,1.00,1.00
2015.07.08 02:39:10.982,1.54342,1.54346,1.00,1.00
2015.07.08 02:39:11.491,1.54341,1.54346,1.00,1.00
2015.07.08 02:39:15.614,1.54339,1.54346,1.00,1.00
2015.07.08 02:39:17.457,1.54339,1.54347,1.00,1.00
2015.07.08 02:39:17.770,1.54339,1.54344,1.00,1.00
2015.07.08 02:39:17.923,1.54335,1.54341,1.00,1.50
2015.07.08 02:39:17.974,1.54333,1.54341,1.10,1.87
2015.07.08 02:39:18.663,1.54332,1.54341,1.50,1.87
2015.07.08 02:39:20.637,1.54331,1.54341,1.00,2.62
2015.07.08 02:39:20.841,1.54329,1.54341,1.50,1.87
2015.07.08 02:39:21.146,1.54329,1.54338,1.00,1.00
2015.07.08 02:39:21.674,1.54328,1.54338,1.00,1.50
2015.07.08 02:39:22.436,1.54327,1.54338,1.50,2.25
2015.07.08 02:39:22.761,1.5433,1.54338,1.00,1.50
2015.07.08 02:39:23.479,1.54327,1.54338,1.00,1.50
2015.07.08 02:39:23.530,1.54329,1.54338,1.00,1.50
2015.07.08 02:39:24.038,1.54329,1.54339,1.50,1.00
2015.07.08 02:39:24.373,1.54329,1.54337,1.50,1.00
2015.07.08 02:39:25.770,1.54329,1.54336,1.50,1.00
2015.07.08 02:39:26.075,1.54322,1.54331,1.00,1.00
2015.07.08 02:39:26.478,1.5432,1.5433,1.50,1.00
2015.07.08 02:39:26.989,1.54319,1.5433,1.00,1.00
2015.07.08 02:39:27.537,1.54319,1.54329,1.00,1.00
2015.07.08 02:39:27.694,1.54319,1.54331,1.00,2.25
2015.07.08 02:39:31.256,1.54321,1.54331,1.00,1.00
2015.07.08 02:39:32.316,1.54321,1.5433,1.00,1.00
2015.07.08 02:39:32.824,1.5432,1.5433,1.00,1.00
2015.07.08 02:39:35.182,1.54319,1.5433,1.00,1.00
2015.07.08 02:39:35.501,1.54321,1.5433,1.00,1.00
2015.07.08 02:39:36.038,1.54321,1.54331,1.00,2.25
2015.07.08 02:39:36.626,1.54321,1.5433,1.00,1.00
2015.07.08 02:39:37.138,1.5432,1.54326,1.00,1.00
2015.07.08 02:39:37.189,1.54317,1.54326,1.12,1.00
2015.07.08 02:39:37.240,1.54317,1.54324,1.00,1.00
2015.07.08 02:39:37.292,1.54313,1.54323,1.00,1.00
2015.07.08 02:39:37.343,1.54313,1.54321,1.00,1.00
2015.07.08 02:39:37.864,1.54312,1.54321,1.00,1.50
2015.07.08 02:39:38.377,1.54311,1.54321,1.12,1.50
2015.07.08 02:39:38.882,1.54311,1.54321,1.37,1.50
2015.07.08 02:39:39.434,1.54311,1.54321,1.12,1.50
2015.07.08 02:39:41.085,1.54312,1.54321,1.00,1.50
2015.07.08 02:39:42.199,1.54312,1.54319,1.00,1.00
2015.07.08 02:39:42.814,1.54314,1.54324,1.00,1.50
2015.07.08 02:39:43.172,1.54316,1.54325,1.00,1.00
2015.07.08 02:39:43.528,1.54318,1.54326,1.00,1.00
2015.07.08 02:39:44.800,1.54317,1.54326,1.00,1.00
2015.07.08 02:39:46.490,1.54318,1.54326,1.50,1.00
2015.07.08 02:39:47.842,1.54318,1.54328,2.25,1.00
2015.07.08 02:39:48.166,1.54321,1.54328,1.00,1.00
2015.07.08 02:39:48.268,1.54321,1.54332,1.00,1.50
2015.07.08 02:39:48.522,1.54323,1.54332,1.00,1.00
2015.07.08 02:39:48.573,1.54323,1.54335,1.00,2.62
2015.07.08 02:39:48.726,1.54325,1.54335,1.00,1.12
2015.07.08 02:39:49.030,1.5433,1.54338,1.00,1.00
2015.07.08 02:39:49.552,1.5433,1.54339,1.00,1.00
2015.07.08 02:39:50.866,1.54335,1.5434,1.00,1.00
2015.07.08 02:39:50.917,1.54337,1.54345,1.00,1.00
2015.07.08 02:39:51.019,1.54335,1.54342,1.50,1.00
2015.07.08 02:39:51.121,1.54337,1.54347,1.00,1.00
2015.07.08 02:39:51.426,1.5434,1.54348,1.00,1.00
2015.07.08 02:39:51.528,1.54338,1.54348,1.00,1.00
2015.07.08 02:39:51.579,1.54338,1.54346,1.00,1.00
2015.07.08 02:39:51.860,1.54332,1.54342,1.87,1.00
2015.07.08 02:39:52.372,1.54332,1.5434,1.00,1.00
2015.07.08 02:39:52.424,1.54329,1.54339,1.00,1.00
2015.07.08 02:39:55.379,1.5433,1.54339,1.00,1.00
2015.07.08 02:39:55.887,1.54331,1.5434,1.00,1.00
2015.07.08 02:39:56.039,1.54333,1.54342,1.00,1.37
2015.07.08 02:39:57.256,1.54333,1.54342,1.00,1.00
2015.07.08 02:39:58.162,1.54333,1.54344,1.00,1.87
2015.07.08 02:39:58.822,1.54335,1.54344,1.00,1.87
2015.07.08 02:39:59.406,1.54336,1.54346,1.00,1.50
2015.07.08 02:39:59.661,1.54333,1.54345,2.25,2.25
2015.07.08 02:40:00.168,1.54333,1.54344,2.25,1.00
2015.07.08 02:40:00.321,1.54335,1.54344,1.00,1.00
2015.07.08 02:40:02.085,1.54334,1.54344,1.00,1.50
2015.07.08 02:40:09.419,1.54334,1.54345,1.50,1.00
2015.07.08 02:40:09.825,1.54337,1.54346,1.00,1.50
2015.07.08 02:40:10.588,1.54338,1.54346,1.00,1.00
2015.07.08 02:40:10.639,1.54335,1.54345,1.00,1.00
2015.07.08 02:40:10.842,1.54335,1.54347,1.50,4.12
2015.07.08 02:40:11.146,1.54337,1.54346,1.00,1.00
2015.07.08 02:40:11.349,1.54338,1.54348,1.00,1.12
2015.07.08 02:40:11.853,1.54338,1.54349,1.50,1.00
2015.07.08 02:40:11.904,1.54341,1.54349,1.00,1.00
2015.07.08 02:40:12.160,1.54339,1.54349,1.00,1.00
2015.07.08 02:40:15.388,1.5434,1.54349,1.00,1.00
2015.07.08 02:40:15.894,1.54339,1.5435,1.00,3.00
2015.07.08 02:40:16.402,1.5434,1.5435,1.00,1.50
2015.07.08 02:40:17.671,1.54339,1.5435,1.50,1.50
2015.07.08 02:40:19.249,1.5434,1.5435,1.00,1.00
2015.07.08 02:40:19.352,1.54342,1.54351,1.00,1.00
2015.07.08 02:40:19.859,1.54343,1.54351,1.00,1.00
2015.07.08 02:40:20.619,1.54342,1.54351,1.00,1.00
2015.07.08 02:40:21.128,1.54341,1.5435,1.00,1.00
2015.07.08 02:40:28.141,1.54341,1.54348,1.00,1.12
2015.07.08 02:40:28.194,1.54339,1.54348,1.50,1.87
2015.07.08 02:40:28.245,1.54339,1.54346,1.50,1.12
2015.07.08 02:40:28.297,1.54334,1.54346,1.57,2.62
2015.07.08 02:40:28.578,1.54334,1.54343,1.50,1.00
2015.07.08 02:40:29.086,1.54333,1.54343,1.00,1.00
2015.07.08 02:40:29.593,1.54333,1.54342,1.00,1.00
2015.07.08 02:40:31.498,1.54334,1.54344,1.00,1.00
2015.07.08 02:40:32.048,1.54335,1.54345,1.00,1.00
2015.07.08 02:40:33.888,1.54334,1.54343,1.00,1.00
2015.07.08 02:40:34.040,1.54331,1.54343,2.25,1.50
2015.07.08 02:40:34.092,1.54331,1.5434,1.00,1.00
2015.07.08 02:40:34.397,1.54324,1.54336,3.82,1.50
2015.07.08 02:40:34.449,1.54324,1.54335,1.65,1.00
2015.07.08 02:40:34.804,1.54322,1.54333,1.87,1.00
2015.07.08 02:40:36.528,1.54324,1.54334,1.50,1.00
2015.07.08 02:40:36.630,1.54325,1.54336,1.00,2.25
2015.07.08 02:40:36.733,1.54327,1.54337,1.00,1.00
2015.07.08 02:40:37.038,1.54329,1.54339,1.00,1.00
2015.07.08 02:40:37.578,1.54328,1.5434,1.50,2.25
2015.07.08 02:40:40.696,1.54329,1.5434,1.50,1.00
2015.07.08 02:40:41.261,1.54329,1.54341,1.50,2.25
2015.07.08 02:40:42.890,1.5433,1.54341,1.00,2.25
2015.07.08 02:40:44.899,1.54331,1.54342,1.00,2.62
2015.07.08 02:40:45.228,1.54333,1.54342,1.00,1.12
2015.07.08 02:40:46.993,1.54333,1.54343,1.00,2.25
2015.07.08 02:40:51.478,1.54333,1.54345,1.00,2.62
2015.07.08 02:40:51.782,1.54336,1.54345,1.00,1.37
2015.07.08 02:40:52.088,1.54336,1.54346,1.00,2.62
2015.07.08 02:40:55.057,1.54336,1.54346,1.00,1.87
2015.07.08 02:40:55.949,1.54337,1.54346,1.00,2.62
2015.07.08 02:40:56.101,1.54337,1.54346,1.00,2.62
2015.07.08 02:40:57.060,1.54337,1.54346,1.00,1.37
2015.07.08 02:40:58.250,1.54342,1.54347,1.00,1.87
2015.07.08 02:40:58.301,1.54343,1.54347,1.00,1.50
2015.07.08 02:40:58.582,1.54344,1.54349,1.00,1.00
2015.07.08 02:40:59.090,1.54344,1.54353,2.25,1.37
2015.07.08 02:41:04.048,1.54341,1.5435,1.50,2.21
2015.07.08 02:41:04.317,1.54341,1.54346,1.00,1.37
2015.07.08 02:41:04.368,1.54337,1.54345,1.00,1.12
2015.07.08 02:41:04.878,1.54338,1.54347,1.50,1.00
2015.07.08 02:41:05.386,1.54339,1.54349,1.50,1.37
2015.07.08 02:41:07.995,1.54339,1.54348,1.50,1.37
2015.07.08 02:41:10.665,1.54337,1.54348,1.50,1.87
2015.07.08 02:41:10.716,1.5434,1.54348,1.00,1.37
2015.07.08 02:41:15.128,1.54345,1.54348,1.00,1.00
2015.07.08 02:41:15.179,1.54347,1.54353,1.00,1.37
2015.07.08 02:41:15.332,1.54345,1.54357,1.87,3.00
2015.07.08 02:41:15.687,1.54348,1.54358,1.00,1.00
2015.07.08 02:41:16.230,1.54348,1.54357,1.00,1.00
2015.07.08 02:41:17.444,1.54348,1.54359,1.00,1.37
2015.07.08 02:41:18.788,1.54348,1.5436,1.00,2.62
2015.07.08 02:41:19.325,1.54348,1.54359,1.00,1.37
2015.07.08 02:41:20.038,1.54348,1.54357,1.00,1.00
2015.07.08 02:41:20.936,1.54348,1.54359,1.00,1.00
2015.07.08 02:41:21.444,1.54348,1.5436,1.00,2.62
2015.07.08 02:41:25.017,1.54348,1.5436,1.00,2.62
2015.07.08 02:41:25.924,1.54348,1.5436,1.00,2.62
2015.07.08 02:41:32.556,1.54348,1.54356,1.00,1.00
2015.07.08 02:41:32.861,1.54346,1.54356,1.00,1.87
2015.07.08 02:41:33.320,1.54344,1.54356,1.50,2.62
2015.07.08 02:41:33.372,1.54344,1.54356,1.50,2.62
2015.07.08 02:41:33.731,1.54347,1.54356,1.00,1.12
2015.07.08 02:41:34.239,1.54348,1.54357,1.00,1.37
2015.07.08 02:41:34.784,1.54348,1.54357,1.00,1.37
2015.07.08 02:41:35.333,1.54354,1.54365,1.50,1.00
2015.07.08 02:41:35.587,1.54356,1.54367,1.00,1.00
2015.07.08 02:41:35.891,1.5436,1.54372,1.00,1.87
2015.07.08 02:41:36.398,1.54361,1.54371,1.00,1.00
2015.07.08 02:41:36.602,1.54359,1.54371,2.25,1.00
2015.07.08 02:41:40.812,1.5436,1.54372,1.00,1.50
2015.07.08 02:41:42.697,1.5436,1.54372,1.00,1.37
2015.07.08 02:41:43.683,1.5436,1.54372,1.00,1.12
2015.07.08 02:41:44.270,1.5436,1.5437,1.00,1.00
2015.07.08 02:41:49.173,1.5436,1.5437,1.00,1.87
2015.07.08 02:41:49.224,1.54358,1.54368,1.00,1.00
2015.07.08 02:41:49.325,1.54356,1.54367,1.12,1.00
2015.07.08 02:41:49.834,1.54354,1.54364,1.37,1.00
2015.07.08 02:41:50.341,1.54355,1.54365,1.37,1.00
2015.07.08 02:41:50.645,1.54355,1.54363,1.87,1.00
2015.07.08 02:41:50.746,1.54355,1.54366,1.37,1.00
2015.07.08 02:41:51.253,1.54355,1.54365,1.00,1.00
2015.07.08 02:41:51.355,1.54355,1.54363,1.00,1.00
2015.07.08 02:41:51.672,1.54355,1.54365,1.00,1.00
2015.07.08 02:41:51.723,1.54355,1.54367,2.25,3.00
2015.07.08 02:41:52.230,1.54355,1.54366,1.00,1.50
2015.07.08 02:41:52.737,1.54355,1.54365,1.00,1.00
2015.07.08 02:41:53.450,1.54353,1.54365,2.62,1.00
2015.07.08 02:41:53.653,1.54353,1.54362,1.00,1.00
2015.07.08 02:41:54.058,1.54354,1.54365,1.50,1.12
2015.07.08 02:41:54.765,1.54354,1.54365,1.50,1.37
2015.07.08 02:41:55.559,1.54355,1.54365,1.00,1.87
2015.07.08 02:41:59.319,1.54355,1.54365,1.00,1.50
2015.07.08 02:41:59.429,1.54353,1.54365,2.25,2.25
2015.07.08 02:41:59.941,1.54353,1.54365,3.00,2.62
2015.07.08 02:42:00.891,1.54353,1.54365,3.00,2.62
2015.07.08 02:42:02.980,1.54353,1.54365,3.00,2.62
2015.07.08 02:42:05.325,1.54353,1.54365,3.00,2.62
2015.07.08 02:42:05.847,1.54354,1.54365,1.00,1.50
2015.07.08 02:42:07.266,1.54355,1.54365,1.00,1.00
2015.07.08 02:42:08.122,1.54359,1.54369,1.00,1.00
2015.07.08 02:42:08.174,1.54357,1.54369,1.00,1.00
2015.07.08 02:42:08.276,1.54356,1.54367,1.00,1.50
2015.07.08 02:42:08.583,1.54348,1.5436,2.02,1.00
2015.07.08 02:42:08.634,1.54348,1.54359,1.00,1.50
2015.07.08 02:42:08.686,1.54347,1.54357,1.00,1.00
2015.07.08 02:42:08.788,1.54344,1.54356,2.25,1.50
2015.07.08 02:42:08.890,1.54344,1.54354,1.50,1.00
2015.07.08 02:42:08.992,1.54341,1.54353,1.12,1.00
2015.07.08 02:42:09.043,1.54344,1.54351,1.00,1.00
2015.07.08 02:42:09.368,1.5434,1.54347,1.00,1.00
2015.07.08 02:42:09.977,1.5434,1.54346,1.00,1.00
2015.07.08 02:42:10.130,1.54338,1.54345,1.00,1.00
2015.07.08 02:42:10.654,1.54338,1.54343,1.00,1.50
2015.07.08 02:42:16.325,1.54337,1.54343,1.00,1.50
2015.07.08 02:42:16.833,1.54337,1.54344,1.00,1.50
2015.07.08 02:42:17.357,1.54338,1.54345,1.00,1.00
2015.07.08 02:42:17.873,1.54338,1.54346,1.00,1.00
2015.07.08 02:42:24.990,1.54338,1.54345,1.00,1.00
2015.07.08 02:42:27.733,1.54337,1.54345,1.00,1.00
2015.07.08 02:42:28.190,1.54334,1.54343,1.00,1.00
2015.07.08 02:42:28.292,1.54334,1.5434,1.00,1.00
2015.07.08 02:42:28.495,1.54331,1.54341,1.00,1.50
2015.07.08 02:42:29.197,1.54331,1.54337,1.00,1.00
2015.07.08 02:42:29.709,1.5433,1.54338,1.00,1.50
2015.07.08 02:42:30.450,1.54331,1.54339,1.00,1.00
2015.07.08 02:42:30.959,1.54332,1.54338,1.00,1.00
2015.07.08 02:42:31.011,1.54332,1.5434,1.00,1.00
2015.07.08 02:42:31.113,1.54335,1.54341,1.00,1.00
2015.07.08 02:42:31.215,1.54335,1.54344,1.00,1.00
2015.07.08 02:42:31.368,1.54338,1.54344,1.00,1.00
2015.07.08 02:42:31.812,1.54336,1.54345,1.00,1.12
2015.07.08 02:42:33.025,1.54336,1.54344,1.00,1.00
2015.07.08 02:42:33.910,1.54335,1.54344,1.00,1.00
2015.07.08 02:42:35.387,1.54335,1.54345,1.00,1.12
2015.07.08 02:42:35.916,1.54336,1.54345,1.00,1.12
2015.07.08 02:42:36.068,1.54334,1.54345,1.50,1.12
2015.07.08 02:42:37.180,1.54334,1.54345,1.50,1.37
2015.07.08 02:42:38.195,1.54334,1.54345,1.50,1.00
2015.07.08 02:42:38.551,1.54336,1.54345,1.00,1.00
2015.07.08 02:42:39.513,1.54336,1.54346,1.00,1.50
2015.07.08 02:42:39.919,1.54338,1.54345,1.00,1.00
2015.07.08 02:42:40.072,1.54338,1.54348,1.00,1.12
2015.07.08 02:42:40.754,1.54338,1.54347,1.00,1.00
2015.07.08 02:42:41.264,1.5434,1.54347,1.00,1.00
2015.07.08 02:42:41.771,1.5434,1.54348,1.00,1.00
2015.07.08 02:42:42.310,1.5434,1.54347,1.00,1.12
2015.07.08 02:42:43.304,1.54342,1.54348,1.00,1.87
2015.07.08 02:42:43.457,1.54342,1.54351,1.00,2.70
2015.07.08 02:42:43.878,1.5434,1.5435,1.50,2.21
2015.07.08 02:42:43.980,1.54338,1.54349,2.25,1.87
2015.07.08 02:42:44.133,1.5434,1.54348,1.00,1.00
2015.07.08 02:42:44.640,1.5434,1.5435,1.00,1.37
2015.07.08 02:42:45.124,1.54338,1.54348,1.00,1.00
2015.07.08 02:42:45.176,1.5434,1.54348,1.00,1.00
2015.07.08 02:42:45.684,1.5434,1.54349,1.50,1.12
2015.07.08 02:42:49.860,1.5434,1.54348,1.00,1.12
2015.07.08 02:42:50.393,1.5434,1.54348,1.00,1.50
2015.07.08 02:42:50.905,1.5434,1.54348,1.00,1.87
2015.07.08 02:42:52.054,1.5434,1.54348,1.00,1.00
2015.07.08 02:42:52.105,1.54338,1.54348,1.00,1.00
2015.07.08 02:42:53.818,1.5434,1.54349,1.00,2.32
2015.07.08 02:42:54.123,1.54345,1.54351,1.00,1.12
2015.07.08 02:42:54.225,1.54345,1.54353,3.37,1.12
2015.07.08 02:42:54.277,1.54346,1.54357,1.87,1.00
2015.07.08 02:42:54.683,1.54346,1.54358,1.12,3.37
2015.07.08 02:42:54.937,1.54347,1.54359,1.50,1.27
2015.07.08 02:42:55.486,1.54347,1.54358,1.00,1.65
2015.07.08 02:42:55.538,1.54347,1.54358,1.00,1.91
2015.07.08 02:42:55.895,1.54345,1.54357,1.87,1.57
2015.07.08 02:42:56.595,1.54345,1.54357,1.87,1.95
2015.07.08 02:42:57.102,1.54345,1.54357,1.87,1.95
2015.07.08 02:42:57.646,1.54345,1.54357,1.87,1.65
2015.07.08 02:43:00.692,1.54346,1.54357,1.00,1.27
2015.07.08 02:43:01.201,1.54347,1.54357,1.00,1.07
2015.07.08 02:43:02.163,1.54348,1.54357,1.00,1.07
2015.07.08 02:43:02.265,1.54349,1.5436,1.00,1.27
2015.07.08 02:43:02.772,1.54349,1.5436,1.00,1.20
2015.07.08 02:43:03.038,1.54351,1.5436,1.00,1.12
2015.07.08 02:43:04.158,1.54351,1.54361,1.00,1.20
2015.07.08 02:43:05.350,1.54352,1.54362,1.00,1.57
2015.07.08 02:43:05.846,1.54358,1.54365,1.87,1.50
2015.07.08 02:43:06.000,1.54361,1.54372,1.00,1.00
2015.07.08 02:43:06.203,1.54362,1.54374,1.50,1.87
2015.07.08 02:43:06.458,1.54364,1.54376,1.50,2.62
2015.07.08 02:43:06.763,1.54366,1.54376,1.00,1.87
2015.07.08 02:43:10.285,1.54366,1.54376,1.00,1.87
2015.07.08 02:43:12.743,1.54354,1.54364,1.10,1.50
2015.07.08 02:43:13.763,1.54364,1.54365,1.00,1.00
2015.07.08 02:43:13.815,1.54366,1.54373,1.37,1.00
2015.07.08 02:43:14.018,1.54366,1.54375,1.37,1.50
2015.07.08 02:43:14.527,1.54366,1.54376,2.62,1.00
2015.07.08 02:43:15.180,1.54367,1.54377,1.87,1.00
2015.07.08 02:43:19.401,1.54368,1.54377,1.12,1.00
2015.07.08 02:43:19.502,1.54368,1.54379,1.95,1.50
2015.07.08 02:43:20.010,1.54368,1.54378,1.12,1.00
2015.07.08 02:43:20.594,1.54367,1.54377,1.37,1.50
2015.07.08 02:43:21.020,1.54374,1.54377,1.00,1.00
2015.07.08 02:43:21.223,1.54378,1.54387,1.00,1.95
2015.07.08 02:43:21.427,1.54378,1.54387,1.00,1.57
2015.07.08 02:43:21.934,1.54378,1.54387,1.00,1.57
2015.07.08 02:43:23.665,1.54379,1.54387,1.00,1.10
2015.07.08 02:43:24.330,1.54382,1.54387,1.00,1.00
2015.07.08 02:43:24.837,1.54382,1.5439,1.00,1.95
2015.07.08 02:43:25.401,1.54382,1.5439,1.00,1.87
2015.07.08 02:43:26.054,1.5438,1.5439,1.00,1.46
2015.07.08 02:43:26.561,1.5438,1.54388,1.00,1.20
2015.07.08 02:43:26.866,1.54382,1.54388,1.00,1.20
2015.07.08 02:43:27.533,1.54382,1.54389,1.00,1.12
2015.07.08 02:43:28.521,1.54379,1.54388,1.00,1.00
2015.07.08 02:43:28.674,1.54379,1.54387,1.00,1.16
2015.07.08 02:43:29.165,1.54379,1.54387,1.00,1.54
2015.07.08 02:43:29.675,1.54381,1.54387,1.00,1.84
2015.07.08 02:43:29.777,1.54377,1.54388,1.00,1.12
2015.07.08 02:43:29.828,1.54386,1.54389,1.00,1.00
2015.07.08 02:43:29.879,1.54388,1.54396,1.39,3.00
2015.07.08 02:43:29.930,1.54393,1.54403,1.00,1.00
2015.07.08 02:43:29.981,1.54398,1.54406,1.84,1.30
2015.07.08 02:43:30.033,1.54396,1.54406,1.50,1.00
2015.07.08 02:43:30.084,1.54396,1.54413,1.50,1.00
2015.07.08 02:43:30.135,1.54404,1.54413,1.00,1.00
2015.07.08 02:43:30.677,1.54404,1.54413,1.37,1.00
2015.07.08 02:43:30.881,1.54405,1.54417,1.12,1.20
2015.07.08 02:43:31.389,1.54405,1.54418,1.00,2.62
2015.07.08 02:43:33.124,1.54405,1.54417,1.00,1.47
2015.07.08 02:43:33.424,1.54407,1.54417,1.00,1.47
2015.07.08 02:43:34.192,1.54407,1.54418,1.00,1.57
2015.07.08 02:43:35.201,1.54407,1.54418,1.00,1.57
2015.07.08 02:43:35.833,1.54406,1.54417,1.00,1.47
2015.07.08 02:43:35.987,1.54404,1.54415,1.00,1.57
2015.07.08 02:43:36.039,1.54404,1.54415,1.00,3.07
2015.07.08 02:43:36.864,1.54402,1.54413,1.12,1.20
2015.07.08 02:43:37.017,1.54402,1.54413,1.00,2.59
2015.07.08 02:43:37.169,1.54399,1.54412,1.37,2.62
2015.07.08 02:43:37.373,1.54402,1.54413,1.00,1.12
2015.07.08 02:43:37.627,1.544,1.54413,1.12,2.25
2015.07.08 02:43:38.429,1.544,1.54413,1.12,2.32
2015.07.08 02:43:38.977,1.54398,1.54411,1.37,1.00
2015.07.08 02:43:44.512,1.544,1.54409,1.00,1.00
2015.07.08 02:43:45.018,1.54399,1.54409,1.12,1.00
2015.07.08 02:43:50.565,1.54399,1.5441,1.87,1.87
2015.07.08 02:43:56.377,1.54401,1.54412,1.00,1.95
2015.07.08 02:43:56.530,1.54401,1.54412,1.12,1.57
2015.07.08 02:43:56.733,1.54403,1.54414,1.00,1.07
2015.07.08 02:43:56.936,1.54403,1.54416,1.87,1.20
2015.07.08 02:43:57.451,1.54403,1.54416,1.87,1.00
2015.07.08 02:43:58.232,1.54403,1.54416,1.50,1.37
2015.07.08 02:43:58.797,1.54403,1.54414,1.00,1.00
2015.07.08 02:43:59.305,1.54401,1.54414,1.37,1.37
2015.07.08 02:44:01.915,1.54401,1.54412,1.37,1.00
2015.07.08 02:44:02.319,1.54397,1.54407,1.07,1.50
2015.07.08 02:44:02.574,1.54395,1.54407,1.12,1.16
2015.07.08 02:44:02.676,1.54394,1.54407,2.62,2.21
2015.07.08 02:44:02.981,1.54395,1.54407,1.87,1.17
2015.07.08 02:44:03.639,1.54395,1.54407,1.87,1.00
2015.07.08 02:44:04.558,1.54395,1.54407,1.87,1.00
2015.07.08 02:44:09.939,1.54395,1.544,1.12,1.00
2015.07.08 02:44:09.990,1.54395,1.544,1.12,1.00
2015.07.08 02:44:10.042,1.54392,1.54403,2.77,1.50
2015.07.08 02:44:10.144,1.54393,1.54405,1.20,1.12
2015.07.08 02:44:10.246,1.54395,1.54406,1.00,1.95
2015.07.08 02:44:11.033,1.54397,1.54408,1.00,1.87
2015.07.08 02:44:11.337,1.54397,1.54408,1.20,1.12
2015.07.08 02:44:12.684,1.54396,1.54408,1.00,1.87
2015.07.08 02:44:13.343,1.54396,1.54408,1.00,1.95
2015.07.08 02:44:13.869,1.54396,1.54408,1.00,1.95
2015.07.08 02:44:14.519,1.54396,1.54407,1.00,1.57
2015.07.08 02:44:18.374,1.54396,1.54407,1.00,1.27
2015.07.08 02:44:22.182,1.54395,1.54407,1.50,2.02
2015.07.08 02:44:23.321,1.54394,1.54406,1.00,2.02
2015.07.08 02:44:23.625,1.54394,1.54406,1.00,2.32
2015.07.08 02:44:24.135,1.54394,1.54406,1.12,1.95
2015.07.08 02:44:32.290,1.54395,1.54406,1.00,1.57
2015.07.08 02:44:32.543,1.54395,1.54406,1.00,1.55
2015.07.08 02:44:35.011,1.54395,1.54407,1.50,1.57
2015.07.08 02:44:35.548,1.54395,1.54407,1.87,1.52
2015.07.08 02:44:36.115,1.54395,1.54407,1.87,1.52
2015.07.08 02:44:40.913,1.54396,1.54408,1.00,2.77
2015.07.08 02:44:41.421,1.54396,1.54408,1.00,2.62
2015.07.08 02:44:42.492,1.54396,1.54406,1.00,1.00
2015.07.08 02:44:42.745,1.54393,1.54405,1.95,1.00
2015.07.08 02:44:42.898,1.54396,1.54406,1.00,1.07
2015.07.08 02:44:43.152,1.54396,1.54407,1.00,1.12
2015.07.08 02:44:43.451,1.54394,1.54405,1.87,1.87
2015.07.08 02:44:43.758,1.54396,1.54405,1.00,1.12
2015.07.08 02:44:44.113,1.54394,1.54405,1.20,1.87
2015.07.08 02:44:44.316,1.54396,1.54404,1.00,1.00
2015.07.08 02:44:44.824,1.54395,1.54406,2.25,1.37
2015.07.08 02:44:45.409,1.54395,1.54406,2.62,1.12
2015.07.08 02:44:51.117,1.54395,1.54405,1.12,1.00
2015.07.08 02:44:51.717,1.54395,1.54405,1.00,1.27
2015.07.08 02:44:51.920,1.54395,1.54405,1.50,1.12
2015.07.08 02:44:57.211,1.54395,1.54404,1.00,1.00
2015.07.08 02:44:57.415,1.54392,1.54401,3.00,1.00
2015.07.08 02:44:57.719,1.54391,1.54399,1.87,1.50
2015.07.08 02:44:58.231,1.54391,1.54399,1.12,1.50
2015.07.08 02:44:58.562,1.54389,1.54399,1.87,1.50
2015.07.08 02:45:01.858,1.54391,1.54399,1.00,1.50
2015.07.08 02:45:02.363,1.5439,1.54399,1.00,1.50
2015.07.08 02:45:02.870,1.5439,1.54398,1.00,1.00
2015.07.08 02:45:03.174,1.54388,1.54394,1.10,1.00
2015.07.08 02:45:03.680,1.54387,1.54394,1.00,1.00
2015.07.08 02:45:05.969,1.54388,1.54394,1.00,1.00
2015.07.08 02:45:12.902,1.54388,1.54391,1.50,1.00
2015.07.08 02:45:13.055,1.54385,1.54387,1.10,1.00
2015.07.08 02:45:13.382,1.54379,1.54386,1.75,1.12
2015.07.08 02:45:13.484,1.54378,1.54384,3.00,1.00
2015.07.08 02:45:13.535,1.54378,1.54386,1.00,1.12
2015.07.08 02:45:13.638,1.54376,1.54385,1.50,1.00
2015.07.08 02:45:14.095,1.54374,1.54384,1.12,1.00
2015.07.08 02:45:14.399,1.54374,1.54382,1.12,1.50
2015.07.08 02:45:14.501,1.54371,1.54382,1.00,3.00
2015.07.08 02:45:14.854,1.54371,1.5438,1.00,1.00
2015.07.08 02:45:15.219,1.54369,1.54378,1.87,1.50
2015.07.08 02:45:15.727,1.54369,1.54378,1.87,1.50
2015.07.08 02:45:28.539,1.54369,1.54379,1.00,1.00
2015.07.08 02:45:35.469,1.54369,1.54378,1.00,1.00
2015.07.08 02:45:45.499,1.54369,1.5438,1.00,1.87
2015.07.08 02:45:45.703,1.54369,1.54378,1.00,1.00
2015.07.08 02:45:45.984,1.54369,1.5438,1.00,1.87
2015.07.08 02:45:47.764,1.5437,1.5438,1.00,2.25
2015.07.08 02:45:48.365,1.5437,1.5438,1.37,1.50
2015.07.08 02:45:51.890,1.5437,1.54381,2.62,1.00
2015.07.08 02:45:52.284,1.54373,1.54382,1.00,1.12
2015.07.08 02:45:52.795,1.5437,1.54382,3.37,2.62
2015.07.08 02:45:52.998,1.5437,1.5438,1.87,1.00
2015.07.08 02:45:53.621,1.5437,1.54381,2.62,1.00
2015.07.08 02:45:53.927,1.5437,1.54379,1.00,1.00
2015.07.08 02:45:55.404,1.54369,1.54379,1.50,1.00
2015.07.08 02:45:58.564,1.54369,1.5438,1.12,2.25
2015.07.08 02:45:59.289,1.54368,1.54378,2.62,1.00
2015.07.08 02:46:00.325,1.54368,1.54378,1.12,1.00
2015.07.08 02:46:00.835,1.54369,1.54379,1.00,1.65
2015.07.08 02:46:07.976,1.5437,1.54379,1.00,1.00
2015.07.08 02:46:08.382,1.5437,1.54381,1.87,1.20
2015.07.08 02:46:08.902,1.54371,1.54381,1.00,3.00
2015.07.08 02:46:10.768,1.5437,1.5438,1.12,1.00
2015.07.08 02:46:12.116,1.5437,1.5438,1.37,1.00
2015.07.08 02:46:12.783,1.5437,1.54381,1.37,2.25
2015.07.08 02:46:13.290,1.5437,1.54381,1.12,2.25
2015.07.08 02:46:15.423,1.5437,1.5438,1.87,1.00
2015.07.08 02:46:16.187,1.54371,1.54381,1.00,1.50
2015.07.08 02:46:19.902,1.54371,1.5438,1.00,1.00
2015.07.08 02:46:21.435,1.54371,1.54381,1.00,1.87
2015.07.08 02:46:21.486,1.54371,1.54379,1.00,1.00
2015.07.08 02:46:21.537,1.54369,1.54379,1.10,1.00
2015.07.08 02:46:27.406,1.5437,1.54379,1.00,2.25
2015.07.08 02:46:31.503,1.54369,1.54379,1.50,1.50
2015.07.08 02:46:34.062,1.54369,1.54379,1.87,1.50
2015.07.08 02:46:37.039,1.54369,1.54379,1.50,1.50
2015.07.08 02:46:44.008,1.54371,1.54379,1.00,1.00
2015.07.08 02:46:44.161,1.54371,1.54381,1.12,1.00
2015.07.08 02:46:44.481,1.54372,1.54383,1.00,1.50
2015.07.08 02:46:45.604,1.54372,1.54381,1.50,1.00
2015.07.08 02:46:46.367,1.54371,1.54381,1.12,1.00
2015.07.08 02:46:46.998,1.5437,1.54382,2.62,1.50
2015.07.08 02:46:48.720,1.54371,1.54381,1.12,1.00
2015.07.08 02:46:49.525,1.5437,1.54382,2.62,1.87
2015.07.08 02:47:02.197,1.54374,1.54383,1.00,1.00
2015.07.08 02:47:02.299,1.54371,1.54383,1.87,1.50
2015.07.08 02:47:02.921,1.54371,1.54383,1.87,1.50
2015.07.08 02:47:07.107,1.54371,1.54381,2.62,1.00
2015.07.08 02:47:13.065,1.54371,1.54381,1.87,1.00
2015.07.08 02:47:16.172,1.54372,1.54381,1.00,1.00
2015.07.08 02:47:16.924,1.54371,1.54381,1.12,1.00
2015.07.08 02:47:22.869,1.54371,1.5438,1.87,1.00
2015.07.08 02:47:23.326,1.54369,1.54378,1.87,1.50
2015.07.08 02:47:23.834,1.54369,1.54378,1.87,1.50
2015.07.08 02:47:27.697,1.54369,1.54378,1.50,1.50
2015.07.08 02:47:31.313,1.5437,1.54378,1.12,1.50
2015.07.08 02:47:31.365,1.5437,1.54381,1.87,1.00
2015.07.08 02:47:31.467,1.54371,1.54382,1.37,1.00
2015.07.08 02:47:32.731,1.54371,1.54382,1.87,1.00
2015.07.08 02:47:35.462,1.5437,1.5438,1.87,1.00
2015.07.08 02:47:38.510,1.5437,1.54379,1.00,1.00
2015.07.08 02:47:38.815,1.54369,1.54377,1.00,1.00
2015.07.08 02:47:51.537,1.54368,1.54374,1.12,1.00
2015.07.08 02:47:51.639,1.54363,1.54374,1.87,1.00
2015.07.08 02:47:51.893,1.54362,1.5437,2.62,1.00
2015.07.08 02:47:51.944,1.54362,1.5437,1.12,1.00
2015.07.08 02:47:52.198,1.54358,1.54369,1.00,1.00
2015.07.08 02:47:52.401,1.54358,1.54367,1.00,1.00
2015.07.08 02:47:52.706,1.54361,1.54369,1.00,1.00
2015.07.08 02:47:53.052,1.54358,1.54369,1.87,1.50
2015.07.08 02:47:58.527,1.54357,1.54369,2.62,2.25
2015.07.08 02:48:01.840,1.54357,1.54368,1.87,1.00
2015.07.08 02:48:02.145,1.54356,1.54368,2.62,1.50
2015.07.08 02:48:03.792,1.54356,1.54367,1.37,1.00
2015.07.08 02:48:04.302,1.54357,1.54368,1.87,1.00
2015.07.08 02:48:04.803,1.5436,1.54369,1.00,1.00
2015.07.08 02:48:05.111,1.5436,1.54372,1.50,1.87
2015.07.08 02:48:05.619,1.54361,1.54372,1.00,1.00
2015.07.08 02:48:06.145,1.5436,1.54371,1.12,1.00
2015.07.08 02:48:06.196,1.54359,1.54369,3.37,1.00
2015.07.08 02:48:06.705,1.5436,1.54371,3.00,1.00
2015.07.08 02:48:06.857,1.5436,1.54369,2.25,1.00
2015.07.08 02:48:07.409,1.54359,1.5437,1.00,1.00
2015.07.08 02:48:07.714,1.54361,1.54371,1.00,1.00
2015.07.08 02:48:08.120,1.54361,1.54373,2.62,2.25
2015.07.08 02:48:08.480,1.54362,1.54371,1.00,1.00
2015.07.08 02:48:08.582,1.54362,1.54373,1.00,1.50
2015.07.08 02:48:09.161,1.54362,1.54372,1.00,1.00
2015.07.08 02:48:10.246,1.54363,1.54373,1.00,1.12
2015.07.08 02:48:11.903,1.54365,1.54374,1.00,1.12
2015.07.08 02:48:12.055,1.54366,1.54378,2.25,4.12
2015.07.08 02:48:12.603,1.54367,1.54378,1.00,1.00
2015.07.08 02:48:15.161,1.54368,1.54378,1.00,1.00
2015.07.08 02:48:15.263,1.54369,1.5438,1.50,1.00
2015.07.08 02:48:15.416,1.54371,1.5438,1.00,1.00
2015.07.08 02:48:16.201,1.54371,1.54381,1.50,2.96
2015.07.08 02:48:17.862,1.54371,1.54381,1.00,2.96
2015.07.08 02:48:17.913,1.54369,1.5438,1.87,1.46
2015.07.08 02:48:20.405,1.54369,1.54379,1.50,1.00
2015.07.08 02:48:22.878,1.54369,1.54379,1.00,3.37
2015.07.08 02:48:24.273,1.54368,1.54377,1.00,1.00
2015.07.08 02:48:24.783,1.54366,1.54376,1.37,1.00
2015.07.08 02:48:25.139,1.54363,1.54373,3.37,1.00
2015.07.08 02:48:25.860,1.54362,1.54373,1.87,2.25
2015.07.08 02:48:26.114,1.54362,1.5437,1.87,1.00
2015.07.08 02:48:26.623,1.54361,1.54369,1.37,1.00
2015.07.08 02:48:26.987,1.5436,1.54369,1.00,1.00
2015.07.08 02:48:27.496,1.54358,1.54368,1.37,1.00
2015.07.08 02:48:28.005,1.54358,1.54368,1.12,1.00
2015.07.08 02:48:28.525,1.54358,1.54365,1.12,1.00
2015.07.08 02:48:29.033,1.54357,1.54364,1.12,1.50
2015.07.08 02:48:30.173,1.54357,1.54366,1.12,1.00
2015.07.08 02:48:30.683,1.54358,1.54367,1.12,1.00
2015.07.08 02:48:31.319,1.54357,1.54368,1.37,1.00
2015.07.08 02:48:31.866,1.54357,1.54367,1.37,1.00
2015.07.08 02:48:33.280,1.54357,1.54367,1.37,1.00
2015.07.08 02:48:35.441,1.54357,1.54366,1.37,1.00
2015.07.08 02:48:36.283,1.54357,1.54366,1.37,1.00
2015.07.08 02:48:38.333,1.54357,1.54366,1.37,1.00
2015.07.08 02:48:48.690,1.54357,1.54366,1.87,1.00
2015.07.08 02:48:51.681,1.54356,1.54365,1.37,1.00
2015.07.08 02:48:51.733,1.54355,1.54365,1.00,1.50
2015.07.08 02:48:51.784,1.54353,1.54363,1.57,1.00
2015.07.08 02:48:52.408,1.54353,1.54364,1.00,1.50
2015.07.08 02:48:54.293,1.54352,1.54361,1.37,1.00
2015.07.08 02:48:55.591,1.54352,1.54362,2.02,1.00
2015.07.08 02:48:57.666,1.54352,1.54361,1.17,1.00
2015.07.08 02:48:57.769,1.5435,1.54361,1.55,1.00
2015.07.08 02:48:58.338,1.54351,1.54361,1.20,1.00
2015.07.08 02:48:59.347,1.54351,1.54361,1.45,1.00
2015.07.08 02:49:00.224,1.54351,1.54362,1.52,1.50
2015.07.08 02:49:00.824,1.54352,1.54361,1.47,1.00
2015.07.08 02:49:01.365,1.54351,1.54362,1.57,1.50
2015.07.08 02:49:01.903,1.54351,1.54362,1.52,2.25
2015.07.08 02:49:02.401,1.5435,1.5436,3.45,1.00
2015.07.08 02:49:02.908,1.5435,1.54361,3.45,1.00
2015.07.08 02:49:03.668,1.54349,1.54359,1.27,1.00
2015.07.08 02:49:03.822,1.54348,1.54359,1.87,1.00
2015.07.08 02:49:04.373,1.5435,1.5436,1.10,1.00
2015.07.08 02:49:04.475,1.54351,1.54362,1.12,2.25
2015.07.08 02:49:06.353,1.54351,1.54363,2.62,3.00
2015.07.08 02:49:06.914,1.54351,1.54362,1.87,1.00
2015.07.08 02:49:07.731,1.54351,1.54362,1.87,1.00
2015.07.08 02:49:12.512,1.54351,1.54362,2.62,1.00
2015.07.08 02:49:15.113,1.54351,1.5436,1.37,1.00
2015.07.08 02:49:15.215,1.5435,1.54359,1.00,2.25
2015.07.08 02:49:15.730,1.54349,1.54359,1.00,1.00
2015.07.08 02:49:16.235,1.54349,1.54358,1.00,1.00
2015.07.08 02:49:19.767,1.54349,1.54356,1.00,1.84
2015.07.08 02:49:20.089,1.54345,1.54347,1.00,1.00
2015.07.08 02:49:20.141,1.5434,1.54344,1.12,1.00
2015.07.08 02:49:20.700,1.54338,1.54343,1.50,1.00
2015.07.08 02:49:21.326,1.54337,1.54339,1.50,1.00
2015.07.08 02:49:21.377,1.54333,1.54338,1.65,1.00
2015.07.08 02:49:21.428,1.54333,1.54338,2.02,1.00
2015.07.08 02:49:21.632,1.54331,1.54335,1.00,1.00
2015.07.08 02:49:21.835,1.54332,1.54338,1.00,1.00
2015.07.08 02:49:22.089,1.54329,1.54337,1.57,1.00
2015.07.08 02:49:22.191,1.54329,1.54334,1.50,1.00
2015.07.08 02:49:22.925,1.54328,1.54334,1.12,1.00
2015.07.08 02:49:23.077,1.54329,1.54337,1.00,1.00
2015.07.08 02:49:23.128,1.54328,1.54335,1.87,1.00
2015.07.08 02:49:25.069,1.54328,1.54336,1.12,1.00
2015.07.08 02:49:25.375,1.54324,1.54333,2.02,1.00
2015.07.08 02:49:25.881,1.54325,1.54334,1.37,1.00
2015.07.08 02:49:26.244,1.54325,1.54334,1.37,1.00
2015.07.08 02:49:30.153,1.54324,1.54335,2.70,1.00
2015.07.08 02:49:30.204,1.54326,1.54334,1.37,1.00
2015.07.08 02:49:30.306,1.54324,1.54333,1.47,1.00
2015.07.08 02:49:31.308,1.54323,1.54333,2.77,1.00
2015.07.08 02:49:32.822,1.54323,1.54331,2.77,1.00
2015.07.08 02:49:33.538,1.54323,1.54331,2.77,1.00
2015.07.08 02:49:34.306,1.54324,1.54331,1.37,1.00
2015.07.08 02:49:34.861,1.54324,1.54332,1.87,1.00
2015.07.08 02:49:35.357,1.54324,1.5433,1.87,1.00
2015.07.08 02:49:35.409,1.54324,1.54332,1.87,1.00
2015.07.08 02:49:38.343,1.54325,1.54332,1.12,1.00
2015.07.08 02:49:40.423,1.54325,1.54332,1.37,1.00
2015.07.08 02:49:42.393,1.54325,1.54332,1.12,1.00
2015.07.08 02:49:51.369,1.54325,1.54332,1.37,1.00
2015.07.08 02:49:53.630,1.54325,1.54332,1.00,1.00
2015.07.08 02:49:55.321,1.54325,1.54332,1.37,1.00
2015.07.08 02:49:56.321,1.54325,1.54332,1.12,1.00
2015.07.08 02:50:01.307,1.54324,1.54332,1.87,1.00
2015.07.08 02:50:02.177,1.54324,1.54333,1.87,1.00
2015.07.08 02:50:03.938,1.54324,1.54331,1.95,1.00
2015.07.08 02:50:04.616,1.54324,1.54332,1.00,1.00
2015.07.08 02:50:05.124,1.54325,1.54332,1.00,1.00
2015.07.08 02:50:05.175,1.54325,1.54334,1.00,1.00
2015.07.08 02:50:07.096,1.54325,1.54334,1.07,1.00
2015.07.08 02:50:08.648,1.54325,1.54335,1.07,1.00
2015.07.08 02:50:09.155,1.54326,1.54336,1.37,1.00
2015.07.08 02:50:14.606,1.54326,1.54338,1.87,1.87
2015.07.08 02:50:15.296,1.54328,1.54338,1.00,1.87
2015.07.08 02:50:15.816,1.54328,1.54337,1.12,1.00
2015.07.08 02:50:15.968,1.54324,1.54334,1.87,1.00
2015.07.08 02:50:16.070,1.54323,1.54334,1.12,1.50
2015.07.08 02:50:16.172,1.54321,1.54332,1.87,1.00
2015.07.08 02:50:16.578,1.54321,1.54332,1.00,1.00
2015.07.08 02:50:17.097,1.5432,1.54332,1.12,2.25
2015.07.08 02:50:20.771,1.54319,1.54331,2.70,1.00
2015.07.08 02:50:22.688,1.54319,1.54331,2.70,1.00
2015.07.08 02:50:23.621,1.5432,1.54331,1.00,1.50
2015.07.08 02:50:24.127,1.5432,1.54329,1.00,1.00
2015.07.08 02:50:25.271,1.54319,1.54327,1.20,1.00
2015.07.08 02:50:25.798,1.54318,1.54327,2.02,1.00
2015.07.08 02:50:26.390,1.54318,1.54328,2.02,1.00
2015.07.08 02:50:26.440,1.54318,1.54328,1.95,1.00
2015.07.08 02:50:26.947,1.5432,1.54328,1.00,1.00
2015.07.08 02:50:28.961,1.5432,1.54328,1.07,1.00
2015.07.08 02:50:31.380,1.54316,1.54325,1.37,1.00
2015.07.08 02:50:32.357,1.54315,1.54325,1.27,1.00
2015.07.08 02:50:33.028,1.54315,1.54325,1.20,1.00
2015.07.08 02:50:34.385,1.54315,1.54325,1.95,1.00
2015.07.08 02:50:37.398,1.54314,1.54323,2.02,1.00
2015.07.08 02:50:38.004,1.54314,1.54323,1.57,1.00
2015.07.08 02:50:38.368,1.54314,1.54323,1.55,1.00
2015.07.08 02:50:41.723,1.54315,1.54323,1.27,1.00
2015.07.08 02:50:42.267,1.54315,1.54323,1.20,1.00
2015.07.08 02:50:43.140,1.54315,1.54322,1.12,1.00
2015.07.08 02:50:49.444,1.54315,1.54323,1.12,1.00
2015.07.08 02:50:50.877,1.54315,1.54322,1.12,1.00
2015.07.08 02:50:51.412,1.54312,1.54322,1.87,1.50
2015.07.08 02:50:52.478,1.54314,1.54322,1.37,1.00
2015.07.08 02:50:55.929,1.54312,1.54322,1.87,1.00
2015.07.08 02:50:56.285,1.54312,1.54319,1.12,1.00
2015.07.08 02:50:56.387,1.5431,1.54319,1.10,1.00
2015.07.08 02:50:57.874,1.54311,1.54319,1.00,1.00
2015.07.08 02:50:57.925,1.54311,1.54321,1.00,1.00
2015.07.08 02:50:58.079,1.54313,1.54321,1.00,1.00
2015.07.08 02:50:58.395,1.54315,1.54322,1.00,1.00
2015.07.08 02:50:58.852,1.54313,1.54322,1.00,1.00
2015.07.08 02:50:59.106,1.54313,1.54322,1.37,1.00
2015.07.08 02:51:00.136,1.54313,1.54322,1.12,1.00
2015.07.08 02:51:00.643,1.54313,1.54321,1.12,1.00
2015.07.08 02:51:01.192,1.54314,1.54321,1.00,1.00
2015.07.08 02:51:02.116,1.54314,1.54321,1.37,1.00
2015.07.08 02:51:04.128,1.54314,1.54321,1.12,1.00
2015.07.08 02:51:08.054,1.54314,1.54325,1.12,1.12
2015.07.08 02:51:10.302,1.54314,1.54322,1.00,1.00
2015.07.08 02:51:10.587,1.54314,1.54324,1.00,1.00
2015.07.08 02:51:10.906,1.54314,1.54322,1.12,1.00
2015.07.08 02:51:12.763,1.54316,1.54322,1.00,1.00
2015.07.08 02:51:14.076,1.54316,1.54325,1.00,1.00
2015.07.08 02:51:14.601,1.54316,1.54323,1.00,1.00
2015.07.08 02:51:19.643,1.54315,1.54323,1.12,1.00
2015.07.08 02:51:19.947,1.54315,1.54321,1.00,1.00
2015.07.08 02:51:22.653,1.54315,1.54322,1.00,1.00
2015.07.08 02:51:22.856,1.54316,1.54325,1.12,1.00
2015.07.08 02:51:22.958,1.54319,1.54327,1.37,1.00
2015.07.08 02:51:23.316,1.5432,1.54331,2.62,1.00
2015.07.08 02:51:23.722,1.54322,1.54331,1.50,1.00
2015.07.08 02:51:24.027,1.54321,1.54328,1.00,1.00
2015.07.08 02:51:24.655,1.54321,1.54327,1.00,1.00
2015.07.08 02:51:24.706,1.54318,1.54327,2.62,1.00
2015.07.08 02:51:25.375,1.54318,1.54327,2.25,1.00
2015.07.08 02:51:26.683,1.5432,1.54327,1.00,1.00
2015.07.08 02:51:26.734,1.5432,1.54329,1.00,1.00
2015.07.08 02:51:27.336,1.54321,1.54329,1.00,1.00
2015.07.08 02:51:27.387,1.54319,1.54327,1.00,1.00
2015.07.08 02:51:27.895,1.54318,1.54327,1.50,1.00
2015.07.08 02:51:29.758,1.54319,1.54327,1.00,1.00
2015.07.08 02:51:33.727,1.54318,1.54328,2.62,1.00
2015.07.08 02:51:34.082,1.54318,1.54325,1.12,1.00
2015.07.08 02:51:44.956,1.54317,1.54325,1.50,1.00
2015.07.08 02:51:48.620,1.54318,1.54325,1.00,1.00
2015.07.08 02:51:49.434,1.54317,1.54325,1.50,1.00
2015.07.08 02:51:56.744,1.54317,1.54325,2.62,1.00
2015.07.08 02:51:56.798,1.5432,1.5433,1.00,1.00
2015.07.08 02:51:57.307,1.54321,1.54331,1.00,1.50
2015.07.08 02:51:57.814,1.5432,1.54331,1.50,1.50
2015.07.08 02:51:58.393,1.54321,1.54332,1.00,1.50
2015.07.08 02:52:02.183,1.5432,1.54332,3.00,1.50
2015.07.08 02:52:02.488,1.5432,1.5433,2.25,1.00
2015.07.08 02:52:03.470,1.54321,1.5433,1.00,1.00
2015.07.08 02:52:03.573,1.54322,1.54333,1.12,1.00
2015.07.08 02:52:04.106,1.54323,1.54334,1.00,1.00
2015.07.08 02:52:04.564,1.54323,1.54334,1.87,1.00
2015.07.08 02:52:04.774,1.54323,1.54333,1.87,1.00
2015.07.08 02:52:05.128,1.54321,1.54331,1.00,1.00
2015.07.08 02:52:06.197,1.54321,1.54333,1.50,1.50
2015.07.08 02:52:06.977,1.54322,1.54333,1.00,1.00
2015.07.08 02:52:07.485,1.54323,1.54334,1.12,2.25
2015.07.08 02:52:07.689,1.54321,1.54331,1.50,1.00
2015.07.08 02:52:08.225,1.54323,1.54333,1.00,1.00
2015.07.08 02:52:08.733,1.54322,1.54334,1.00,1.50
2015.07.08 02:52:09.595,1.54321,1.54333,3.37,1.00
2015.07.08 02:52:10.126,1.54321,1.54333,3.00,1.00
2015.07.08 02:52:13.057,1.54321,1.54333,1.87,1.00
2015.07.08 02:52:15.511,1.54322,1.54334,1.87,1.87
2015.07.08 02:52:16.286,1.54322,1.54333,1.00,1.12
2015.07.08 02:52:16.541,1.54319,1.54331,1.50,1.50
2015.07.08 02:52:16.846,1.54317,1.54329,1.87,1.50
2015.07.08 02:52:17.269,1.54318,1.54327,1.00,1.00
2015.07.08 02:52:17.777,1.54318,1.54326,1.00,1.00
2015.07.08 02:52:18.901,1.54317,1.54326,1.12,1.00
2015.07.08 02:52:19.531,1.54317,1.54327,1.87,1.00
2015.07.08 02:52:20.163,1.54317,1.54327,1.87,1.00
2015.07.08 02:52:20.698,1.54317,1.54328,1.87,1.00
2015.07.08 02:52:21.054,1.54317,1.54325,1.12,1.00
2015.07.08 02:52:21.808,1.54317,1.54329,1.12,1.50
2015.07.08 02:52:21.859,1.54319,1.54329,1.00,1.50
2015.07.08 02:52:25.264,1.54319,1.54326,1.00,1.00
2015.07.08 02:52:26.106,1.54319,1.54328,1.50,1.00
2015.07.08 02:52:32.021,1.5432,1.54328,1.00,1.00
2015.07.08 02:52:32.527,1.54319,1.54328,1.50,1.00
2015.07.08 02:52:33.174,1.54319,1.54328,1.87,1.00
2015.07.08 02:52:34.875,1.54318,1.54326,1.87,1.00
2015.07.08 02:52:35.932,1.54319,1.54326,1.00,1.00
2015.07.08 02:52:51.477,1.54319,1.54326,1.27,1.00
2015.07.08 02:52:51.659,1.54319,1.54328,1.27,1.00
2015.07.08 02:52:57.970,1.54319,1.54328,1.10,1.00
2015.07.08 02:53:09.014,1.54319,1.54328,1.27,1.00
2015.07.08 02:53:09.524,1.54319,1.54328,1.15,1.00
2015.07.08 02:53:10.683,1.54319,1.5433,1.65,1.50
2015.07.08 02:53:12.438,1.54321,1.54332,1.65,1.50
2015.07.08 02:53:12.540,1.54322,1.54334,2.25,1.00
2015.07.08 02:53:12.743,1.54324,1.54334,1.00,1.00
2015.07.08 02:53:13.567,1.54322,1.54334,2.40,1.00
2015.07.08 02:53:14.117,1.54323,1.54333,1.00,1.00
2015.07.08 02:53:14.574,1.54321,1.54332,1.95,1.00
2015.07.08 02:53:14.727,1.54323,1.54332,1.00,1.00
2015.07.08 02:53:15.377,1.54323,1.54335,1.50,2.25
2015.07.08 02:53:18.435,1.54323,1.54333,1.10,1.00
2015.07.08 02:53:18.751,1.54321,1.54331,1.10,1.00
2015.07.08 02:53:21.575,1.54322,1.54331,1.12,1.00
2015.07.08 02:53:21.677,1.54322,1.54333,2.62,1.12
2015.07.08 02:53:22.326,1.54322,1.54333,1.95,1.50
2015.07.08 02:53:22.378,1.5432,1.54331,1.95,1.00
2015.07.08 02:53:23.051,1.5432,1.54331,1.57,1.00
2015.07.08 02:53:23.747,1.5432,1.54331,1.57,1.00
2015.07.08 02:53:25.244,1.5432,1.54328,1.10,1.00
2015.07.08 02:53:48.169,1.54321,1.54329,1.00,1.00
2015.07.08 02:53:48.474,1.54321,1.54331,2.25,1.50
2015.07.08 02:53:48.525,1.54323,1.54331,1.00,1.00
2015.07.08 02:53:50.052,1.54324,1.54331,1.00,1.00
2015.07.08 02:53:50.578,1.54324,1.54331,1.20,1.00
2015.07.08 02:53:51.106,1.54324,1.54331,1.57,1.00
2015.07.08 02:53:53.624,1.54324,1.5433,1.10,1.00
2015.07.08 02:53:53.879,1.54322,1.54329,1.00,1.00
2015.07.08 02:53:54.387,1.54321,1.54329,1.20,1.00
2015.07.08 02:53:56.681,1.54322,1.54329,1.00,1.00
2015.07.08 02:53:56.783,1.54324,1.5433,1.00,1.00
2015.07.08 02:53:56.936,1.54324,1.54332,1.50,1.00
2015.07.08 02:53:57.444,1.54325,1.54332,1.00,1.00
2015.07.08 02:54:03.386,1.54325,1.54331,1.00,1.00
2015.07.08 02:54:04.941,1.54325,1.54333,1.00,1.00
2015.07.08 02:54:05.094,1.54329,1.54333,1.00,1.50
2015.07.08 02:54:05.196,1.54329,1.54337,1.00,1.00
2015.07.08 02:54:05.399,1.54331,1.54338,1.50,1.00
2015.07.08 02:54:05.450,1.54331,1.5434,1.50,1.00
2015.07.08 02:54:06.032,1.54333,1.5434,1.00,1.00
2015.07.08 02:54:06.542,1.54332,1.54341,1.12,1.00
2015.07.08 02:54:07.050,1.54333,1.54341,1.00,1.00
2015.07.08 02:54:07.525,1.54336,1.54344,1.00,1.00
2015.07.08 02:54:07.830,1.54338,1.54346,1.50,1.00
2015.07.08 02:54:08.577,1.54339,1.54346,1.00,1.00
2015.07.08 02:54:14.327,1.5434,1.54346,1.50,1.00
2015.07.08 02:54:15.061,1.5434,1.54345,1.50,1.00
2015.07.08 02:54:15.215,1.54337,1.54345,1.87,1.00
2015.07.08 02:54:17.726,1.54339,1.54345,1.50,1.00
2015.07.08 02:54:18.112,1.54339,1.5435,1.50,1.85
2015.07.08 02:54:18.163,1.54339,1.54346,1.50,1.00
2015.07.08 02:54:18.676,1.5434,1.54346,1.00,1.00
2015.07.08 02:54:19.032,1.5434,1.54351,1.00,1.87
2015.07.08 02:54:19.575,1.54339,1.54349,1.50,2.62
2015.07.08 02:54:19.981,1.54337,1.54346,1.00,1.00
2015.07.08 02:54:20.134,1.54332,1.54344,2.62,2.25
2015.07.08 02:54:20.671,1.54333,1.54343,1.00,1.00
2015.07.08 02:54:21.814,1.54334,1.54344,1.00,1.50
2015.07.08 02:54:23.569,1.54334,1.54342,1.00,1.00
2015.07.08 02:54:23.875,1.54339,1.54347,1.00,1.00
2015.07.08 02:54:24.453,1.54336,1.54345,1.00,1.00
2015.07.08 02:54:24.555,1.54336,1.54348,1.00,2.62
2015.07.08 02:54:25.013,1.54335,1.54345,2.62,1.00
2015.07.08 02:54:25.318,1.5433,1.5434,1.85,1.00
2015.07.08 02:54:25.821,1.54331,1.5434,1.00,1.00
2015.07.08 02:54:26.125,1.54331,1.54338,1.00,1.00
2015.07.08 02:54:26.176,1.54331,1.5434,1.00,1.00
2015.07.08 02:54:26.227,1.54334,1.5434,1.00,1.00
2015.07.08 02:54:26.757,1.54335,1.54342,1.00,1.00
2015.07.08 02:54:30.622,1.54334,1.54342,1.12,1.00
2015.07.08 02:54:31.128,1.54333,1.54341,1.00,1.00
2015.07.08 02:54:33.755,1.54338,1.54341,1.00,1.00
2015.07.08 02:54:33.807,1.54338,1.54344,1.00,1.12
2015.07.08 02:54:35.657,1.54337,1.54344,1.00,1.00
2015.07.08 02:54:44.142,1.54336,1.54344,1.00,1.00
2015.07.08 02:54:48.845,1.54337,1.54344,1.00,1.00
2015.07.08 02:54:51.007,1.54334,1.54344,1.00,1.00
2015.07.08 02:54:51.059,1.54333,1.54341,1.00,1.00
2015.07.08 02:54:52.595,1.54335,1.54341,1.00,1.00
2015.07.08 02:54:53.174,1.54336,1.54341,1.00,1.00
2015.07.08 02:54:58.659,1.54336,1.54344,1.00,1.00
2015.07.08 02:54:58.761,1.54339,1.54343,1.00,1.00
2015.07.08 02:54:58.812,1.54339,1.54345,1.00,1.00
2015.07.08 02:54:58.863,1.54338,1.54347,1.00,1.00
2015.07.08 02:54:58.965,1.5434,1.54347,1.00,1.00
2015.07.08 02:54:59.517,1.54341,1.54347,1.00,1.00
2015.07.08 02:55:00.740,1.54339,1.54347,1.50,1.00
2015.07.08 02:55:01.248,1.54341,1.54347,1.00,1.00
2015.07.08 02:55:02.467,1.54339,1.54347,1.50,1.00
2015.07.08 02:55:02.569,1.54341,1.5435,1.00,1.46
2015.07.08 02:55:02.773,1.54341,1.54347,1.00,1.00
2015.07.08 02:55:04.003,1.5434,1.54347,1.00,1.00
2015.07.08 02:55:04.580,1.5434,1.5435,1.00,1.37
2015.07.08 02:55:05.639,1.54338,1.54348,1.87,1.00
2015.07.08 02:55:13.107,1.54337,1.54348,1.50,1.12
2015.07.08 02:55:13.513,1.54339,1.54348,1.00,1.12
2015.07.08 02:55:14.015,1.54338,1.54348,1.00,1.87
2015.07.08 02:55:15.618,1.54337,1.54348,1.00,1.00
2015.07.08 02:55:15.924,1.5434,1.54349,1.50,1.87
2015.07.08 02:55:16.229,1.54336,1.54346,1.00,2.21
2015.07.08 02:55:16.381,1.54336,1.54346,1.00,1.87
2015.07.08 02:55:16.914,1.54337,1.54347,1.00,1.87
2015.07.08 02:55:17.427,1.54337,1.54347,1.00,1.50
2015.07.08 02:55:18.008,1.54337,1.54349,1.50,2.62
2015.07.08 02:55:18.553,1.54338,1.5435,1.50,5.21
2015.07.08 02:55:18.655,1.54336,1.54348,2.25,1.87
2015.07.08 02:55:19.387,1.54336,1.54348,1.50,2.62
2015.07.08 02:55:20.254,1.5434,1.5435,1.50,4.12
2015.07.08 02:55:20.356,1.54338,1.5435,1.00,4.87
2015.07.08 02:55:20.863,1.54337,1.54349,1.50,1.87
2015.07.08 02:55:23.515,1.54338,1.54349,1.00,1.12
2015.07.08 02:55:25.241,1.54338,1.54346,1.50,1.00
2015.07.08 02:55:32.093,1.5434,1.54346,1.00,1.00
2015.07.08 02:55:34.029,1.54338,1.54346,1.50,1.00
2015.07.08 02:55:35.273,1.54339,1.54346,1.00,1.00
2015.07.08 02:55:39.220,1.54339,1.54347,1.00,1.00
2015.07.08 02:55:44.239,1.54338,1.54347,1.50,1.00
2015.07.08 02:55:45.238,1.54338,1.54346,1.50,1.00
2015.07.08 02:55:46.210,1.54337,1.54346,1.50,1.00
2015.07.08 02:55:50.637,1.54337,1.54347,1.50,1.12
2015.07.08 02:55:50.688,1.5434,1.54347,1.00,1.00
2015.07.08 02:55:50.993,1.54342,1.54348,1.00,1.00
2015.07.08 02:55:55.443,1.54341,1.54348,1.00,1.00
2015.07.08 02:55:56.997,1.54341,1.54352,1.00,2.62
2015.07.08 02:55:59.773,1.54341,1.54352,1.00,2.62
2015.07.08 02:56:00.814,1.54341,1.54352,1.00,2.62
2015.07.08 02:56:05.024,1.54341,1.54352,1.00,2.96
2015.07.08 02:56:05.741,1.54341,1.5435,1.00,1.46
2015.07.08 02:56:05.844,1.54341,1.54347,1.00,1.00
2015.07.08 02:56:05.895,1.54337,1.54346,2.32,1.00
2015.07.08 02:56:06.047,1.54336,1.54343,1.50,1.00
2015.07.08 02:56:06.444,1.54336,1.54346,1.50,1.00
2015.07.08 02:56:06.496,1.54334,1.54344,1.87,1.00
2015.07.08 02:56:06.904,1.54336,1.54347,1.00,1.87
2015.07.08 02:56:13.777,1.54336,1.54343,1.00,1.00
2015.07.08 02:56:14.032,1.54336,1.54347,1.00,1.37
2015.07.08 02:56:14.302,1.54336,1.54343,1.00,1.00
2015.07.08 02:56:15.487,1.54338,1.54343,1.00,1.00
2015.07.08 02:56:16.488,1.54338,1.54345,1.00,1.00
2015.07.08 02:56:16.744,1.54339,1.54347,1.00,1.00
2015.07.08 02:56:18.482,1.5434,1.54347,1.00,1.00
2015.07.08 02:56:18.845,1.54341,1.54349,1.50,1.00
2015.07.08 02:56:18.896,1.54343,1.54352,1.00,1.00
2015.07.08 02:56:18.997,1.54345,1.54352,1.00,1.00
2015.07.08 02:56:19.048,1.54345,1.54356,1.50,1.87
2015.07.08 02:56:19.388,1.54347,1.54357,1.00,2.25
2015.07.08 02:56:19.694,1.54341,1.5435,1.87,1.00
2015.07.08 02:56:21.615,1.54341,1.54349,1.50,1.00
2015.07.08 02:56:21.920,1.5434,1.54346,1.00,1.00
2015.07.08 02:56:27.646,1.5434,1.54347,1.50,1.00
2015.07.08 02:56:28.156,1.54339,1.54347,1.00,1.00
2015.07.08 02:56:33.097,1.5434,1.54347,1.00,1.00
2015.07.08 02:56:36.561,1.5434,1.54348,1.00,1.00
2015.07.08 02:56:36.663,1.5434,1.5435,1.50,1.00
2015.07.08 02:56:36.917,1.54342,1.54351,1.00,1.00
2015.07.08 02:56:37.282,1.54343,1.54354,1.00,1.87
2015.07.08 02:56:37.434,1.54345,1.54354,1.00,1.00
2015.07.08 02:56:37.884,1.54346,1.54356,1.00,1.50
2015.07.08 02:56:38.392,1.54345,1.54356,1.00,1.00
2015.07.08 02:56:39.657,1.54344,1.54354,1.37,1.00
2015.07.08 02:56:40.165,1.54342,1.54354,1.00,1.00
2015.07.08 02:56:40.724,1.54341,1.54353,2.25,1.00
2015.07.08 02:56:45.872,1.54342,1.54353,1.00,1.50
2015.07.08 02:56:56.155,1.54342,1.54353,1.50,1.17
2015.07.08 02:56:56.474,1.54342,1.54354,1.00,2.62
2015.07.08 02:56:57.233,1.54342,1.54354,1.00,2.77
2015.07.08 02:57:02.729,1.54342,1.54354,1.00,2.77
2015.07.08 02:57:17.747,1.54345,1.54354,1.00,1.00
2015.07.08 02:57:23.417,1.54345,1.54355,1.00,1.50
2015.07.08 02:57:23.523,1.54342,1.54354,1.00,1.00
2015.07.08 02:57:32.416,1.54342,1.54353,1.50,1.00
2015.07.08 02:57:35.913,1.54342,1.54354,1.50,1.50
2015.07.08 02:57:41.921,1.54343,1.54354,1.00,2.25
2015.07.08 02:57:42.565,1.54342,1.54352,1.87,1.00
2015.07.08 02:57:46.855,1.54342,1.54352,1.87,1.00
2015.07.08 02:57:47.692,1.54342,1.54352,1.87,1.00
2015.07.08 02:57:47.996,1.54344,1.54351,1.00,1.00
2015.07.08 02:58:01.064,1.54344,1.54354,1.00,1.12
2015.07.08 02:58:01.166,1.54347,1.54354,1.00,1.12
2015.07.08 02:58:01.676,1.54348,1.54357,1.00,1.37
2015.07.08 02:58:02.477,1.54348,1.54358,1.00,1.95
2015.07.08 02:58:02.883,1.54346,1.54356,1.00,2.62
2015.07.08 02:58:03.492,1.54345,1.54355,1.00,1.00
2015.07.08 02:58:14.121,1.54343,1.54355,2.62,1.87
2015.07.08 02:58:14.662,1.54345,1.54357,1.00,2.62
2015.07.08 02:58:15.899,1.54348,1.54357,1.00,1.87
2015.07.08 02:58:28.533,1.54348,1.54357,1.00,1.87
2015.07.08 02:58:30.523,1.54348,1.54357,1.00,1.87
2015.07.08 02:58:31.016,1.54346,1.54356,1.00,1.87
2015.07.08 02:58:31.573,1.54346,1.54356,1.00,1.87
2015.07.08 02:58:35.450,1.54345,1.54356,1.50,1.37
2015.07.08 02:58:42.341,1.54343,1.54355,1.87,1.12
2015.07.08 02:58:47.093,1.54343,1.54354,2.62,1.00
2015.07.08 02:58:47.957,1.54343,1.54354,1.50,1.00
2015.07.08 02:58:48.682,1.54343,1.54354,1.50,1.37
2015.07.08 02:58:50.388,1.54343,1.54354,1.57,1.37
2015.07.08 02:58:51.729,1.54343,1.54354,1.50,1.00
2015.07.08 02:58:52.669,1.54343,1.54353,1.50,1.00
2015.07.08 02:58:53.220,1.54341,1.54352,1.50,1.50
2015.07.08 02:58:55.485,1.54342,1.54352,1.00,1.00
2015.07.08 02:59:01.804,1.54342,1.54354,1.12,1.50
2015.07.08 02:59:04.205,1.54343,1.54355,1.00,2.62
2015.07.08 02:59:07.767,1.54343,1.54355,1.00,1.12
2015.07.08 02:59:11.156,1.54345,1.54355,1.50,1.00
2015.07.08 02:59:11.664,1.54345,1.54356,2.25,1.50
2015.07.08 02:59:12.876,1.54344,1.54354,1.00,1.00
2015.07.08 02:59:13.607,1.54343,1.54354,1.12,1.50
2015.07.08 02:59:14.994,1.54343,1.54352,1.00,1.00
2015.07.08 02:59:15.505,1.54343,1.54353,1.12,1.50
2015.07.08 02:59:16.697,1.54342,1.54353,1.20,1.50
2015.07.08 02:59:22.778,1.54341,1.54353,3.37,1.50
2015.07.08 02:59:23.286,1.54342,1.54353,1.00,1.50
2015.07.08 02:59:24.571,1.54343,1.54354,1.00,1.87
2015.07.08 02:59:24.928,1.54341,1.54353,1.12,2.25
2015.07.08 02:59:25.435,1.54342,1.54352,1.00,1.00
2015.07.08 02:59:33.593,1.5434,1.54352,2.62,1.00
2015.07.08 02:59:45.654,1.54342,1.54352,1.00,1.00
2015.07.08 02:59:46.115,1.54343,1.54354,1.00,1.00
2015.07.08 02:59:46.227,1.54345,1.54355,1.00,1.12
2015.07.08 02:59:49.532,1.54344,1.54353,1.00,1.00
2015.07.08 02:59:50.125,1.54342,1.54353,2.70,1.00
2015.07.08 02:59:50.716,1.54342,1.54352,1.95,1.00
2015.07.08 02:59:51.361,1.54342,1.54351,1.95,1.00
2015.07.08 02:59:53.509,1.54341,1.54352,2.62,1.50
2015.07.08 02:59:54.345,1.54341,1.54352,1.50,1.50
2015.07.08 02:59:55.488,1.54341,1.5435,1.00,1.00
2015.07.08 02:59:56.791,1.54341,1.54351,1.50,1.00
2015.07.08 02:59:59.273,1.5434,1.5435,1.87,1.00
