2018.02.13 21:00:00.158,1.38859,1.38868,1.12,0.19
2018.02.13 21:00:00.209,1.38858,1.38866,0.75,0.75
2018.02.13 21:00:00.667,1.3886,1.38869,0.75,1.69
2018.02.13 21:00:01.192,1.38861,1.38869,0.19,0.19
2018.02.13 21:00:01.959,1.3886,1.38869,0.94,0.19
2018.02.13 21:00:02.340,1.38862,1.38868,0.17,0.94
2018.02.13 21:00:02.850,1.38861,1.38869,1.31,0.19
2018.02.13 21:00:03.456,1.38862,1.38869,0.19,0.19
2018.02.13 21:00:03.638,1.3886,1.38869,0.19,0.75
2018.02.13 21:00:03.951,1.38862,1.38869,0.19,0.19
2018.02.13 21:00:04.644,1.38861,1.38869,1.12,0.19
2018.02.13 21:00:04.950,1.38864,1.38871,0.75,0.75
2018.02.13 21:00:05.052,1.38862,1.38871,0.37,0.37
2018.02.13 21:00:05.256,1.3886,1.38868,0.94,0.56
2018.02.13 21:00:05.359,1.38858,1.38868,0.75,0.56
2018.02.13 21:00:05.461,1.3886,1.38868,0.75,0.56
2018.02.13 21:00:06.517,1.3886,1.38867,0.75,0.19
2018.02.13 21:00:07.026,1.38859,1.38868,0.75,1.87
2018.02.13 21:00:08.370,1.38859,1.38867,0.94,0.37
2018.02.13 21:00:08.422,1.3886,1.38869,0.75,1.69
2018.02.13 21:00:08.577,1.3886,1.38865,0.75,0.94
2018.02.13 21:00:09.912,1.3886,1.38867,0.75,0.94
2018.02.13 21:00:10.014,1.3886,1.38869,0.75,0.94
2018.02.13 21:00:13.362,1.3886,1.38868,0.75,0.19
2018.02.13 21:00:14.006,1.38859,1.38868,1.12,0.94
2018.02.13 21:00:15.090,1.38861,1.38868,0.37,0.94
2018.02.13 21:00:15.295,1.38861,1.3887,0.37,2.44
2018.02.13 21:00:15.603,1.3886,1.38868,0.37,0.94
2018.02.13 21:00:16.561,1.38864,1.38869,0.75,0.75
2018.02.13 21:00:16.665,1.38869,1.38876,1.12,1.50
2018.02.13 21:00:16.718,1.38871,1.38879,1.12,0.75
2018.02.13 21:00:16.822,1.38873,1.38879,0.37,0.75
2018.02.13 21:00:17.030,1.38876,1.38886,0.75,2.51
2018.02.13 21:00:17.910,1.38875,1.38884,0.37,0.37
2018.02.13 21:00:18.374,1.38877,1.38884,0.37,0.37
2018.02.13 21:00:18.573,1.38875,1.38884,0.19,0.37
2018.02.13 21:00:18.697,1.38877,1.38884,0.19,0.37
2018.02.13 21:00:19.262,1.38878,1.38887,0.37,0.37
2018.02.13 21:00:19.314,1.38879,1.38889,0.37,3.00
2018.02.13 21:00:19.840,1.38879,1.3889,0.56,3.10
2018.02.13 21:00:20.361,1.3888,1.3889,0.37,2.85
2018.02.13 21:00:21.098,1.3888,1.38889,0.75,0.19
2018.02.13 21:00:21.870,1.3888,1.3889,0.37,1.85
2018.02.13 21:00:22.025,1.38882,1.3889,0.19,0.85
2018.02.13 21:00:22.711,1.38881,1.38889,0.56,0.19
2018.02.13 21:00:23.374,1.38882,1.3889,0.37,0.10
2018.02.13 21:00:23.880,1.38881,1.3889,0.75,0.60
2018.02.13 21:00:24.546,1.38882,1.3889,0.37,0.60
2018.02.13 21:00:25.434,1.38883,1.3889,0.19,0.10
2018.02.13 21:00:26.003,1.38884,1.3889,0.19,0.10
2018.02.13 21:00:26.596,1.38883,1.3889,0.19,0.10
2018.02.13 21:00:27.524,1.38884,1.3889,0.37,0.10
2018.02.13 21:00:28.077,1.38883,1.3889,0.37,0.10
2018.02.13 21:00:30.273,1.38884,1.3889,0.37,0.10
2018.02.13 21:00:31.063,1.38883,1.3889,0.37,0.10
2018.02.13 21:00:31.729,1.38882,1.3889,0.37,0.10
2018.02.13 21:00:32.582,1.38881,1.3889,0.37,0.10
2018.02.13 21:00:33.628,1.3888,1.3889,0.56,0.85
2018.02.13 21:00:34.614,1.38881,1.3889,0.37,1.60
2018.02.13 21:00:38.843,1.38882,1.3889,0.19,0.60
2018.02.13 21:00:39.626,1.38881,1.3889,0.56,0.60
2018.02.13 21:00:39.933,1.38883,1.3889,0.19,0.10
2018.02.13 21:00:40.588,1.38885,1.3889,0.19,0.10
2018.02.13 21:00:41.093,1.38883,1.3889,0.75,0.10
2018.02.13 21:00:41.531,1.38886,1.3889,0.19,0.10
2018.02.13 21:00:42.200,1.38885,1.3889,0.19,0.10
2018.02.13 21:00:43.859,1.38883,1.3889,0.19,0.10
2018.02.13 21:00:44.392,1.38884,1.3889,0.19,0.10
2018.02.13 21:00:45.853,1.38886,1.3889,0.19,0.10
2018.02.13 21:00:45.956,1.38884,1.3889,0.37,0.10
2018.02.13 21:00:46.505,1.38885,1.3889,0.19,0.10
2018.02.13 21:00:47.072,1.38884,1.3889,0.56,0.10
2018.02.13 21:00:47.587,1.38883,1.3889,0.94,0.10
2018.02.13 21:00:50.187,1.38884,1.3889,0.37,0.10
2018.02.13 21:00:50.578,1.38886,1.3889,0.19,0.10
2018.02.13 21:00:51.132,1.38885,1.3889,0.19,0.10
2018.02.13 21:00:51.339,1.38883,1.3889,0.19,0.10
2018.02.13 21:00:52.868,1.38884,1.3889,0.19,0.10
2018.02.13 21:00:54.439,1.38889,1.3889,0.37,0.10
2018.02.13 21:00:54.496,1.38891,1.389,0.37,1.69
2018.02.13 21:00:56.721,1.3889,1.389,0.88,1.12
2018.02.13 21:00:57.569,1.38891,1.389,0.37,1.69
2018.02.13 21:00:58.882,1.38891,1.38898,0.37,0.19
2018.02.13 21:00:59.619,1.38891,1.38899,0.37,0.19
2018.02.13 21:01:00.220,1.38891,1.389,0.37,1.12
2018.02.13 21:01:01.137,1.38891,1.38898,0.37,0.19
2018.02.13 21:01:02.247,1.38892,1.389,0.37,1.12
2018.02.13 21:01:02.300,1.38892,1.38898,0.37,0.19
2018.02.13 21:01:03.697,1.38892,1.38899,0.37,0.37
2018.02.13 21:01:04.882,1.38892,1.389,0.37,1.50
2018.02.13 21:01:05.551,1.38892,1.38899,0.37,0.19
2018.02.13 21:01:06.213,1.38892,1.38898,0.37,0.19
2018.02.13 21:01:06.876,1.38892,1.38899,0.37,0.37
2018.02.13 21:01:07.493,1.38892,1.389,0.37,1.50
2018.02.13 21:01:07.544,1.3889,1.38899,0.37,0.19
2018.02.13 21:01:09.176,1.3889,1.38898,0.37,0.19
2018.02.13 21:01:09.815,1.3889,1.38899,0.37,0.19
2018.02.13 21:01:10.523,1.38891,1.38899,0.37,0.37
2018.02.13 21:01:11.029,1.3889,1.38898,0.37,0.19
2018.02.13 21:01:11.548,1.38891,1.38899,0.37,1.12
2018.02.13 21:01:12.261,1.38891,1.38898,0.37,0.19
2018.02.13 21:01:12.813,1.38891,1.38899,0.37,0.94
2018.02.13 21:01:16.024,1.38892,1.38899,0.37,1.31
2018.02.13 21:01:16.128,1.3889,1.38899,0.37,1.50
2018.02.13 21:01:16.637,1.3889,1.38898,0.37,0.19
2018.02.13 21:01:21.041,1.38891,1.38899,0.37,1.31
2018.02.13 21:01:21.464,1.38888,1.38895,0.37,0.94
2018.02.13 21:01:21.516,1.38886,1.38895,0.10,1.12
2018.02.13 21:01:21.671,1.38888,1.38896,0.37,0.19
2018.02.13 21:01:21.826,1.38886,1.38897,2.25,2.06
2018.02.13 21:01:22.186,1.38888,1.38897,0.19,0.56
2018.02.13 21:01:22.746,1.38887,1.38897,2.81,0.37
2018.02.13 21:01:23.555,1.38888,1.38897,0.19,1.31
2018.02.13 21:01:24.087,1.38887,1.38898,0.94,0.94
2018.02.13 21:01:32.562,1.38888,1.38898,1.50,0.19
2018.02.13 21:01:32.955,1.3889,1.38899,0.19,1.87
2018.02.13 21:01:33.108,1.38888,1.38899,2.44,1.31
2018.02.13 21:01:33.614,1.38889,1.38898,0.19,0.19
2018.02.13 21:01:33.795,1.38887,1.38899,4.12,1.12
2018.02.13 21:01:33.898,1.38889,1.38898,0.19,0.19
2018.02.13 21:01:34.573,1.38888,1.38899,0.19,0.94
2018.02.13 21:01:36.513,1.38889,1.38898,0.19,0.19
2018.02.13 21:01:37.538,1.38888,1.38899,0.75,0.75
2018.02.13 21:01:38.660,1.38889,1.38899,0.19,0.94
2018.02.13 21:01:39.269,1.38888,1.38899,1.31,1.69
2018.02.13 21:01:39.786,1.38889,1.38899,0.56,2.06
2018.02.13 21:01:40.363,1.38891,1.38899,0.19,0.75
2018.02.13 21:01:40.910,1.3889,1.38899,0.37,0.94
2018.02.13 21:01:40.962,1.38889,1.38901,0.75,2.44
2018.02.13 21:01:41.167,1.3889,1.38899,0.19,0.19
2018.02.13 21:01:41.907,1.38889,1.389,0.37,0.19
2018.02.13 21:01:42.470,1.38889,1.38901,0.37,4.39
2018.02.13 21:01:42.909,1.38887,1.38898,0.75,1.50
2018.02.13 21:01:44.036,1.38889,1.38898,0.56,1.50
2018.02.13 21:01:46.314,1.3889,1.38898,0.19,0.75
2018.02.13 21:01:46.838,1.38889,1.38898,0.19,0.75
2018.02.13 21:01:47.520,1.3889,1.38898,0.19,0.75
2018.02.13 21:01:48.632,1.38889,1.38898,0.37,0.75
2018.02.13 21:01:49.172,1.38889,1.38899,0.18,1.12
2018.02.13 21:01:50.053,1.3889,1.38899,0.18,1.12
2018.02.13 21:01:53.187,1.38889,1.38899,0.94,0.75
2018.02.13 21:01:53.795,1.3889,1.38899,0.19,0.75
2018.02.13 21:01:56.134,1.38889,1.38899,0.37,0.75
2018.02.13 21:01:56.765,1.3889,1.38899,0.37,0.75
2018.02.13 21:01:57.425,1.38889,1.38899,0.19,0.75
2018.02.13 21:02:00.481,1.3889,1.38899,0.19,0.94
2018.02.13 21:02:01.080,1.38889,1.38899,0.56,0.75
2018.02.13 21:02:01.389,1.38892,1.389,0.19,1.12
2018.02.13 21:02:01.703,1.3889,1.389,2.44,1.12
2018.02.13 21:02:01.904,1.38893,1.389,0.19,1.12
2018.02.13 21:02:01.956,1.38891,1.389,0.11,1.12
2018.02.13 21:02:02.162,1.38897,1.38901,0.11,0.75
2018.02.13 21:02:02.317,1.38901,1.3891,0.19,0.75
2018.02.13 21:02:02.368,1.38902,1.38908,0.37,0.19
2018.02.13 21:02:02.471,1.389,1.38908,0.37,0.19
2018.02.13 21:02:02.573,1.38899,1.38903,0.37,1.50
2018.02.13 21:02:02.624,1.38894,1.38903,0.19,2.81
2018.02.13 21:02:02.676,1.38892,1.38901,0.37,0.75
2018.02.13 21:02:02.778,1.3889,1.38901,1.01,0.75
2018.02.13 21:02:03.285,1.38891,1.389,0.37,0.75
2018.02.13 21:02:06.507,1.3889,1.389,0.94,0.75
2018.02.13 21:02:06.559,1.38892,1.389,0.19,0.75
2018.02.13 21:02:07.130,1.38893,1.389,0.19,0.75
2018.02.13 21:02:07.703,1.38892,1.389,0.19,0.75
2018.02.13 21:02:10.703,1.38892,1.38899,0.37,0.19
2018.02.13 21:02:10.754,1.3889,1.38899,0.19,0.19
2018.02.13 21:02:10.805,1.38888,1.38898,3.37,0.19
2018.02.13 21:02:11.339,1.38889,1.38899,0.19,0.19
2018.02.13 21:02:11.869,1.38888,1.38899,2.44,0.19
2018.02.13 21:02:12.459,1.38888,1.38898,3.19,0.19
2018.02.13 21:02:12.511,1.38889,1.389,0.19,0.56
2018.02.13 21:02:12.615,1.38897,1.38901,0.75,0.37
2018.02.13 21:02:12.745,1.38892,1.38902,0.19,1.50
2018.02.13 21:02:12.797,1.38892,1.389,0.19,0.19
2018.02.13 21:02:12.900,1.38893,1.38902,0.19,2.06
2018.02.13 21:02:12.951,1.38893,1.38899,0.19,0.19
2018.02.13 21:02:13.771,1.38891,1.38899,0.75,0.75
2018.02.13 21:02:20.511,1.38889,1.38901,0.94,0.19
2018.02.13 21:02:21.453,1.38889,1.389,1.12,1.12
2018.02.13 21:02:21.506,1.38887,1.38898,2.25,0.19
2018.02.13 21:02:21.866,1.38888,1.38896,1.50,0.19
2018.02.13 21:02:25.182,1.38888,1.38897,1.50,0.19
2018.02.13 21:02:25.730,1.38884,1.38896,1.39,2.25
2018.02.13 21:02:25.936,1.38884,1.38894,0.75,0.75
2018.02.13 21:02:26.092,1.38887,1.38898,3.37,1.12
2018.02.13 21:02:26.144,1.38889,1.38899,0.37,1.12
2018.02.13 21:02:26.476,1.38889,1.38897,0.37,0.19
2018.02.13 21:02:27.001,1.38889,1.38898,0.37,0.19
2018.02.13 21:02:27.718,1.38888,1.38898,0.37,0.19
2018.02.13 21:02:30.576,1.38888,1.38897,0.56,0.19
2018.02.13 21:02:31.356,1.38887,1.38898,2.32,0.19
2018.02.13 21:02:35.114,1.38888,1.38898,0.37,0.19
2018.02.13 21:02:35.867,1.38887,1.38898,2.06,0.37
2018.02.13 21:02:36.528,1.38887,1.38897,2.62,0.37
2018.02.13 21:02:37.189,1.38887,1.38898,1.87,0.37
2018.02.13 21:02:40.247,1.38887,1.38897,2.62,0.37
2018.02.13 21:02:40.821,1.38888,1.38897,0.19,0.19
2018.02.13 21:02:41.433,1.38887,1.38897,1.87,0.37
2018.02.13 21:02:42.144,1.38888,1.38897,0.19,0.56
2018.02.13 21:02:42.804,1.38887,1.38897,2.06,0.37
2018.02.13 21:02:46.689,1.38887,1.38898,2.25,1.12
2018.02.13 21:02:47.092,1.38889,1.38898,0.19,0.19
2018.02.13 21:02:48.353,1.38888,1.38899,0.56,2.06
2018.02.13 21:02:49.019,1.38888,1.38898,0.56,0.19
2018.02.13 21:02:49.734,1.38889,1.38898,0.19,0.19
2018.02.13 21:02:50.393,1.38888,1.38899,0.56,2.06
2018.02.13 21:02:51.217,1.38888,1.38898,0.19,0.19
2018.02.13 21:02:51.781,1.38888,1.38899,0.19,1.69
2018.02.13 21:02:52.329,1.38887,1.38899,2.62,1.69
2018.02.13 21:02:53.034,1.38888,1.38899,0.19,1.69
2018.02.13 21:02:53.851,1.38887,1.38898,1.69,1.69
2018.02.13 21:02:54.354,1.38887,1.38897,1.50,0.19
2018.02.13 21:02:55.262,1.38887,1.38899,2.06,2.25
2018.02.13 21:02:55.415,1.38888,1.38897,0.56,0.37
2018.02.13 21:02:56.003,1.38887,1.38898,2.06,0.37
2018.02.13 21:02:57.364,1.38887,1.38899,1.12,1.87
2018.02.13 21:02:57.673,1.38896,1.38899,1.12,1.12
2018.02.13 21:02:57.804,1.38897,1.38903,0.75,0.75
2018.02.13 21:02:57.856,1.38896,1.38906,2.25,0.75
2018.02.13 21:02:57.907,1.38898,1.38906,0.75,1.69
2018.02.13 21:02:58.646,1.38898,1.38905,0.75,0.37
2018.02.13 21:02:59.308,1.38898,1.38906,0.75,2.06
2018.02.13 21:03:00.181,1.38898,1.38905,0.75,0.37
2018.02.13 21:03:02.817,1.38898,1.38906,0.75,0.75
2018.02.13 21:03:03.345,1.38898,1.38905,0.75,0.75
2018.02.13 21:03:09.461,1.3889,1.38898,0.75,0.75
2018.02.13 21:03:09.514,1.38888,1.38899,0.37,0.75
2018.02.13 21:03:09.878,1.3889,1.38899,0.37,0.56
2018.02.13 21:03:10.413,1.3889,1.38898,0.37,0.19
2018.02.13 21:03:10.639,1.38889,1.389,1.68,0.19
2018.02.13 21:03:10.794,1.38889,1.38898,1.12,0.75
2018.02.13 21:03:11.460,1.38888,1.38898,0.56,0.19
2018.02.13 21:03:12.261,1.38888,1.38897,0.94,0.19
2018.02.13 21:03:12.835,1.38888,1.38898,0.37,0.19
2018.02.13 21:03:13.582,1.38887,1.38898,2.81,0.19
2018.02.13 21:03:16.588,1.38888,1.38899,0.19,1.50
2018.02.13 21:03:17.218,1.38887,1.38898,2.62,0.19
2018.02.13 21:03:18.964,1.38887,1.38899,3.00,1.12
2018.02.13 21:03:20.460,1.38888,1.38899,0.56,1.12
2018.02.13 21:03:23.287,1.38887,1.38897,1.50,1.69
2018.02.13 21:03:23.818,1.38886,1.38895,1.69,0.19
2018.02.13 21:03:24.051,1.38887,1.38897,1.50,1.50
2018.02.13 21:03:24.625,1.38886,1.38896,1.69,0.37
2018.02.13 21:03:25.128,1.38887,1.38896,0.19,0.56
2018.02.13 21:03:25.799,1.38886,1.38896,1.31,0.19
2018.02.13 21:03:26.685,1.38887,1.38897,1.87,0.75
2018.02.13 21:03:26.843,1.38889,1.38898,2.25,0.75
2018.02.13 21:03:27.152,1.38891,1.38898,0.37,0.75
2018.02.13 21:03:27.702,1.38891,1.38899,0.37,0.37
2018.02.13 21:03:28.505,1.3889,1.389,0.37,0.75
2018.02.13 21:03:30.377,1.38891,1.38898,0.56,0.75
2018.02.13 21:03:31.143,1.38892,1.389,0.19,0.75
2018.02.13 21:03:31.805,1.38891,1.38899,0.37,0.75
2018.02.13 21:03:33.344,1.3889,1.38899,0.94,0.75
2018.02.13 21:03:33.870,1.38891,1.38898,0.56,0.75
2018.02.13 21:03:35.997,1.38892,1.38898,0.19,0.75
2018.02.13 21:03:40.163,1.38893,1.38898,0.19,0.75
2018.02.13 21:03:40.349,1.38891,1.38898,0.56,0.75
2018.02.13 21:03:41.347,1.38892,1.38898,0.19,0.75
2018.02.13 21:03:46.225,1.38891,1.38898,0.75,0.75
2018.02.13 21:03:46.638,1.38892,1.38901,0.19,0.94
2018.02.13 21:03:47.252,1.38893,1.38901,0.19,0.94
2018.02.13 21:03:48.575,1.38891,1.38901,0.94,0.75
2018.02.13 21:03:49.094,1.38892,1.38901,0.37,0.75
2018.02.13 21:03:49.753,1.38891,1.38901,0.56,0.75
2018.02.13 21:03:50.870,1.38892,1.38901,0.19,0.75
2018.02.13 21:03:51.397,1.38891,1.38901,0.56,1.12
2018.02.13 21:03:58.972,1.38892,1.38901,0.19,0.94
2018.02.13 21:03:59.657,1.38891,1.38901,0.75,1.12
2018.02.13 21:04:02.240,1.38891,1.389,0.56,0.19
2018.02.13 21:04:02.798,1.38891,1.38901,0.37,0.94
2018.02.13 21:04:04.660,1.38889,1.38901,3.94,3.19
2018.02.13 21:04:06.312,1.3889,1.38901,1.31,3.37
2018.02.13 21:04:08.011,1.3889,1.38901,1.62,1.19
2018.02.13 21:04:08.163,1.3889,1.38901,1.25,1.25
2018.02.13 21:04:08.900,1.3889,1.38901,1.19,1.00
2018.02.13 21:04:09.855,1.38891,1.38901,1.44,1.25
2018.02.13 21:04:14.615,1.3889,1.38901,1.25,1.12
2018.02.13 21:04:14.996,1.3889,1.38901,1.50,1.87
2018.02.13 21:04:15.855,1.3889,1.38901,1.37,1.87
2018.02.13 21:04:17.534,1.3889,1.38901,1.44,1.12
2018.02.13 21:04:19.240,1.3889,1.38901,1.44,1.12
2018.02.13 21:04:19.778,1.3889,1.38901,1.50,2.06
2018.02.13 21:04:24.232,1.3889,1.38901,1.37,1.12
2018.02.13 21:04:24.748,1.3889,1.38901,1.50,1.31
2018.02.13 21:04:26.944,1.3889,1.38901,1.62,1.00
2018.02.13 21:04:29.686,1.38889,1.38901,2.81,1.00
2018.02.13 21:04:30.329,1.38889,1.38901,1.69,1.44
2018.02.13 21:04:30.922,1.38889,1.38901,1.69,1.44
2018.02.13 21:04:31.542,1.38889,1.38901,1.12,1.25
2018.02.13 21:04:38.575,1.38889,1.38901,1.69,1.50
2018.02.13 21:04:38.885,1.38888,1.38898,1.31,1.00
2018.02.13 21:04:39.144,1.38884,1.38896,1.82,3.37
2018.02.13 21:04:39.486,1.38881,1.38889,1.00,1.25
2018.02.13 21:04:39.904,1.38879,1.38889,1.87,1.00
2018.02.13 21:04:40.424,1.38879,1.3889,1.87,1.12
2018.02.13 21:04:40.938,1.38879,1.38891,2.06,4.31
2018.02.13 21:04:41.477,1.3888,1.38888,1.00,1.00
2018.02.13 21:04:42.023,1.38879,1.38889,1.00,2.25
2018.02.13 21:04:42.626,1.38878,1.38889,1.87,1.87
2018.02.13 21:04:45.011,1.38878,1.38889,1.31,1.00
2018.02.13 21:04:45.361,1.38878,1.38889,1.31,1.62
2018.02.13 21:04:45.617,1.38878,1.38889,1.12,1.31
2018.02.13 21:04:46.351,1.38878,1.38889,1.12,1.31
2018.02.13 21:04:47.011,1.38878,1.38889,1.12,2.44
2018.02.13 21:04:48.115,1.38878,1.38889,1.12,2.44
2018.02.13 21:04:48.664,1.38878,1.38888,1.12,1.31
2018.02.13 21:04:49.842,1.38878,1.38889,1.12,2.62
2018.02.13 21:04:49.945,1.38878,1.38889,1.12,2.62
2018.02.13 21:04:50.328,1.38878,1.38889,1.12,2.62
2018.02.13 21:04:50.431,1.38878,1.38889,1.12,2.25
2018.02.13 21:04:52.869,1.38879,1.38889,1.50,2.06
2018.02.13 21:04:53.100,1.38881,1.38889,1.84,1.00
2018.02.13 21:04:53.616,1.38881,1.38889,2.22,1.00
2018.02.13 21:04:54.138,1.38882,1.38889,1.21,1.00
2018.02.13 21:04:54.935,1.38882,1.38889,1.16,1.00
2018.02.13 21:04:56.694,1.3888,1.38889,3.16,1.00
2018.02.13 21:04:57.306,1.38882,1.38889,1.41,1.00
2018.02.13 21:04:57.962,1.38882,1.38889,1.34,1.00
2018.02.13 21:04:58.589,1.38882,1.38889,1.21,1.00
2018.02.13 21:05:00.142,1.38879,1.38889,2.19,1.00
2018.02.13 21:05:00.245,1.38879,1.38889,1.57,1.00
2018.02.13 21:05:00.606,1.38882,1.3889,1.00,1.56
2018.02.13 21:05:00.658,1.38881,1.3889,1.00,1.25
2018.02.13 21:05:00.812,1.38881,1.3889,1.00,1.37
2018.02.13 21:05:01.596,1.3888,1.3889,1.00,2.06
2018.02.13 21:05:02.106,1.3888,1.3889,1.00,2.81
2018.02.13 21:05:05.177,1.3888,1.3889,1.00,1.56
2018.02.13 21:05:07.084,1.3888,1.3889,1.00,2.62
2018.02.13 21:05:08.465,1.3888,1.3889,1.00,2.25
2018.02.13 21:05:09.138,1.3888,1.38889,1.00,1.25
2018.02.13 21:05:10.173,1.3888,1.38891,1.00,1.87
2018.02.13 21:05:13.862,1.3888,1.3889,1.00,2.81
2018.02.13 21:05:14.331,1.3888,1.3889,1.00,4.50
2018.02.13 21:05:14.867,1.3888,1.38888,1.00,1.00
2018.02.13 21:05:16.172,1.3888,1.38889,1.00,1.69
2018.02.13 21:05:16.576,1.38878,1.38889,1.12,1.87
2018.02.13 21:05:17.539,1.38876,1.38888,1.69,2.81
2018.02.13 21:05:18.057,1.38877,1.38888,3.00,1.50
2018.02.13 21:05:18.469,1.38877,1.38888,3.00,1.31
2018.02.13 21:05:19.266,1.38877,1.38889,3.00,1.69
2018.02.13 21:05:20.081,1.38877,1.38889,2.62,1.31
2018.02.13 21:05:20.676,1.38878,1.38889,1.31,1.31
2018.02.13 21:05:20.991,1.38878,1.38889,1.44,1.31
2018.02.13 21:05:21.781,1.38878,1.38889,1.44,1.31
2018.02.13 21:05:22.393,1.38878,1.38889,1.19,1.25
2018.02.13 21:05:23.103,1.38878,1.38889,1.44,1.31
2018.02.13 21:05:23.618,1.38878,1.38889,1.44,3.19
2018.02.13 21:05:24.636,1.38878,1.38889,1.50,3.19
2018.02.13 21:05:25.033,1.38878,1.38889,1.69,4.31
2018.02.13 21:05:25.743,1.38878,1.38889,1.50,3.19
2018.02.13 21:05:26.230,1.38879,1.38889,1.69,1.62
2018.02.13 21:05:26.333,1.38878,1.3889,2.81,6.94
2018.02.13 21:05:26.834,1.38878,1.3889,2.81,4.31
2018.02.13 21:05:27.342,1.38878,1.3889,3.00,4.50
2018.02.13 21:05:29.102,1.38878,1.3889,1.00,5.62
2018.02.13 21:05:29.411,1.38875,1.38883,1.00,1.12
2018.02.13 21:05:29.464,1.38874,1.38886,1.00,2.25
2018.02.13 21:05:29.618,1.38874,1.38886,1.25,3.00
2018.02.13 21:05:30.041,1.38874,1.38886,1.25,2.81
2018.02.13 21:05:30.619,1.38874,1.38886,2.62,1.25
2018.02.13 21:05:31.483,1.38874,1.38887,4.00,2.25
2018.02.13 21:05:33.690,1.38874,1.38887,4.19,5.25
2018.02.13 21:05:33.914,1.38874,1.38887,4.94,1.87
2018.02.13 21:05:34.427,1.38874,1.38887,4.19,1.50
2018.02.13 21:05:34.987,1.38874,1.38887,3.82,2.25
2018.02.13 21:05:35.508,1.38874,1.38887,2.99,1.87
2018.02.13 21:05:36.118,1.38874,1.38887,3.74,1.87
2018.02.13 21:05:37.088,1.38874,1.38887,3.74,1.12
2018.02.13 21:05:37.635,1.38874,1.38886,1.80,2.62
2018.02.13 21:05:37.737,1.38874,1.38886,1.37,1.56
2018.02.13 21:05:38.342,1.38874,1.38885,1.12,1.12
2018.02.13 21:05:39.452,1.38874,1.38885,1.24,2.25
2018.02.13 21:05:39.990,1.38874,1.38883,1.12,1.00
2018.02.13 21:05:41.870,1.38873,1.38881,1.31,1.00
2018.02.13 21:05:42.418,1.38872,1.3888,1.12,1.00
2018.02.13 21:05:50.005,1.38873,1.38882,1.25,1.00
2018.02.13 21:05:50.542,1.38873,1.38882,1.50,1.00
2018.02.13 21:05:51.242,1.38873,1.38882,1.12,1.00
2018.02.13 21:05:52.572,1.38872,1.3888,1.62,1.00
2018.02.13 21:05:53.224,1.38872,1.38881,1.81,1.25
2018.02.13 21:05:56.297,1.38872,1.38881,1.00,1.00
2018.02.13 21:05:56.830,1.38873,1.38883,1.31,2.06
2018.02.13 21:05:57.576,1.38873,1.38883,1.19,2.25
2018.02.13 21:05:58.126,1.38873,1.38883,1.25,1.62
2018.02.13 21:05:58.642,1.38873,1.38885,2.25,3.56
2018.02.13 21:05:59.166,1.38873,1.38884,2.44,1.44
2018.02.13 21:05:59.770,1.38873,1.38884,2.81,1.31
2018.02.13 21:06:00.316,1.38873,1.38884,2.81,1.50
2018.02.13 21:06:00.516,1.38873,1.38885,2.81,2.62
2018.02.13 21:06:01.069,1.38873,1.38885,2.62,2.81
2018.02.13 21:06:01.528,1.38872,1.38883,1.37,1.00
2018.02.13 21:06:03.051,1.38872,1.38884,1.12,2.44
2018.02.13 21:06:03.586,1.38872,1.38884,1.12,2.25
2018.02.13 21:06:04.541,1.38872,1.38884,1.37,2.81
2018.02.13 21:06:05.116,1.38872,1.38883,1.56,1.25
2018.02.13 21:06:05.776,1.38872,1.38884,1.37,2.62
2018.02.13 21:06:07.692,1.38871,1.38884,1.56,3.37
2018.02.13 21:06:08.004,1.38871,1.38884,2.25,3.94
2018.02.13 21:06:08.056,1.38872,1.38883,1.25,1.50
2018.02.13 21:06:08.559,1.38872,1.38883,1.31,1.00
2018.02.13 21:06:09.100,1.38872,1.38883,1.62,1.00
2018.02.13 21:06:11.833,1.38871,1.38884,2.44,3.75
2018.02.13 21:06:12.361,1.38871,1.38884,2.25,3.37
2018.02.13 21:06:13.052,1.38871,1.38883,2.81,1.19
2018.02.13 21:06:14.093,1.38871,1.38883,2.06,1.50
2018.02.13 21:06:17.609,1.38871,1.38884,1.95,3.19
2018.02.13 21:06:17.817,1.38871,1.38884,2.62,3.56
2018.02.13 21:06:18.330,1.38872,1.38884,1.19,3.00
2018.02.13 21:06:18.967,1.38871,1.38884,2.19,2.81
2018.02.13 21:06:22.016,1.38871,1.38884,1.95,3.75
2018.02.13 21:06:22.624,1.38871,1.38883,3.26,1.19
2018.02.13 21:06:23.286,1.38872,1.38883,1.37,1.31
2018.02.13 21:06:28.289,1.38872,1.38883,1.12,1.00
2018.02.13 21:06:28.551,1.38873,1.38885,1.31,2.81
2018.02.13 21:06:29.184,1.38872,1.38885,2.51,2.81
2018.02.13 21:06:29.709,1.38873,1.38885,1.00,1.69
2018.02.13 21:06:30.035,1.38872,1.38885,3.26,3.75
2018.02.13 21:06:30.221,1.38873,1.38885,1.12,2.81
2018.02.13 21:06:32.537,1.38872,1.38884,2.32,1.12
2018.02.13 21:06:33.078,1.38873,1.38886,1.31,3.00
2018.02.13 21:06:33.131,1.38873,1.38886,2.25,3.75
2018.02.13 21:06:33.632,1.38873,1.38886,2.81,3.75
2018.02.13 21:06:34.182,1.38875,1.38884,1.00,1.37
2018.02.13 21:06:35.695,1.38875,1.38884,1.00,1.12
2018.02.13 21:06:38.296,1.38873,1.38884,1.50,1.12
2018.02.13 21:06:38.350,1.38875,1.38884,1.00,1.12
2018.02.13 21:06:39.051,1.38875,1.38884,1.00,1.31
2018.02.13 21:06:40.417,1.38875,1.38884,1.00,1.12
2018.02.13 21:06:40.925,1.38875,1.38884,1.00,1.31
2018.02.13 21:06:41.470,1.38875,1.38884,1.00,1.62
2018.02.13 21:06:43.058,1.38875,1.38885,1.00,1.87
2018.02.13 21:06:44.184,1.38875,1.38884,1.00,1.69
2018.02.13 21:06:44.741,1.38875,1.38884,1.00,1.50
2018.02.13 21:06:45.081,1.38873,1.38884,1.31,1.50
2018.02.13 21:06:45.619,1.38874,1.38883,1.12,1.00
2018.02.13 21:06:46.392,1.38874,1.38884,1.12,1.50
2018.02.13 21:06:50.484,1.38874,1.38884,1.19,1.69
2018.02.13 21:06:51.089,1.38874,1.38883,1.25,1.12
2018.02.13 21:06:57.323,1.38874,1.38885,1.00,2.44
2018.02.13 21:06:57.947,1.38874,1.38885,1.00,2.44
2018.02.13 21:06:59.154,1.38874,1.38885,1.19,2.62
2018.02.13 21:07:01.194,1.38874,1.38885,1.00,3.94
2018.02.13 21:07:09.218,1.38874,1.38885,1.12,3.75
2018.02.13 21:07:09.750,1.38874,1.38885,1.44,3.56
2018.02.13 21:07:10.287,1.38875,1.38885,1.00,3.56
2018.02.13 21:07:10.822,1.38875,1.38884,1.00,1.31
2018.02.13 21:07:12.266,1.38875,1.38884,1.00,1.62
2018.02.13 21:07:14.297,1.38875,1.38885,1.00,2.62
2018.02.13 21:07:16.254,1.38875,1.38883,1.00,1.00
2018.02.13 21:07:17.290,1.38875,1.38884,1.25,1.12
2018.02.13 21:07:19.270,1.38875,1.38883,1.25,1.00
2018.02.13 21:07:21.297,1.38875,1.38884,1.00,1.00
2018.02.13 21:07:21.838,1.38875,1.38884,1.00,1.37
2018.02.13 21:07:22.366,1.38873,1.38883,1.50,1.00
2018.02.13 21:07:23.224,1.38875,1.38884,1.00,1.87
2018.02.13 21:07:33.955,1.38875,1.38884,1.00,5.06
2018.02.13 21:07:34.488,1.38875,1.38884,1.00,3.00
2018.02.13 21:07:35.187,1.38875,1.38884,1.00,3.75
2018.02.13 21:07:37.962,1.38875,1.38883,1.00,1.19
2018.02.13 21:07:38.066,1.38875,1.38884,1.00,1.69
2018.02.13 21:07:42.021,1.38875,1.38884,1.00,2.06
2018.02.13 21:07:44.724,1.38875,1.38885,1.25,1.25
2018.02.13 21:07:46.151,1.38875,1.38885,1.44,1.50
2018.02.13 21:07:46.691,1.38875,1.38885,1.00,1.12
2018.02.13 21:07:46.743,1.38874,1.38883,1.38,1.00
2018.02.13 21:07:46.949,1.38876,1.38886,1.44,4.13
2018.02.13 21:07:47.552,1.38874,1.38886,1.63,3.19
2018.02.13 21:07:48.018,1.38874,1.38885,1.63,1.69
2018.02.13 21:07:48.543,1.38875,1.38884,1.63,2.81
2018.02.13 21:07:48.679,1.38875,1.38884,1.00,2.81
2018.02.13 21:07:49.244,1.38875,1.38884,1.38,3.19
2018.02.13 21:07:49.862,1.38875,1.38884,1.13,3.00
2018.02.13 21:07:51.688,1.38875,1.38884,1.13,3.19
2018.02.13 21:07:53.897,1.38875,1.38884,1.44,3.19
2018.02.13 21:07:54.081,1.38873,1.38883,1.44,2.44
2018.02.13 21:07:54.775,1.38874,1.38883,1.38,2.44
2018.02.13 21:07:55.471,1.38874,1.38883,1.25,1.25
2018.02.13 21:07:55.981,1.38874,1.38884,1.44,4.13
2018.02.13 21:07:56.695,1.38874,1.38883,1.25,1.25
2018.02.13 21:07:57.175,1.38874,1.38884,1.38,3.94
2018.02.13 21:07:57.783,1.38874,1.38883,1.38,1.19
2018.02.13 21:07:58.315,1.38874,1.38884,1.50,3.56
2018.02.13 21:07:59.596,1.38874,1.38883,1.38,1.31
2018.02.13 21:08:00.185,1.38875,1.38883,1.13,1.69
2018.02.13 21:08:01.755,1.38875,1.38883,1.00,1.69
2018.02.13 21:08:02.268,1.38875,1.38883,1.13,1.31
2018.02.13 21:08:02.976,1.38875,1.38883,1.00,1.13
2018.02.13 21:08:04.159,1.38874,1.38883,1.44,2.06
2018.02.13 21:08:04.679,1.38874,1.38883,1.38,1.19
2018.02.13 21:08:04.831,1.38876,1.38885,2.06,1.50
2018.02.13 21:08:04.936,1.38876,1.38885,2.06,2.25
2018.02.13 21:08:05.297,1.38878,1.38884,1.44,1.25
2018.02.13 21:08:05.453,1.38878,1.38886,1.12,1.00
2018.02.13 21:08:05.982,1.38879,1.38886,1.00,1.19
2018.02.13 21:08:06.516,1.38879,1.38887,1.00,1.69
2018.02.13 21:08:06.682,1.38879,1.38887,1.00,1.88
2018.02.13 21:08:07.214,1.38879,1.38888,2.63,1.37
2018.02.13 21:08:07.318,1.3888,1.38889,1.25,2.44
2018.02.13 21:08:07.912,1.38879,1.38889,1.69,1.50
2018.02.13 21:08:08.014,1.38879,1.38889,2.44,1.00
2018.02.13 21:08:08.527,1.38882,1.3889,1.12,1.00
2018.02.13 21:08:10.717,1.38882,1.3889,1.31,1.69
2018.02.13 21:08:11.345,1.38882,1.3889,1.25,1.69
2018.02.13 21:08:12.600,1.38882,1.3889,1.81,1.00
2018.02.13 21:08:13.629,1.38882,1.3889,1.25,1.00
2018.02.13 21:08:14.079,1.38882,1.3889,2.06,1.00
2018.02.13 21:08:15.211,1.38882,1.3889,1.31,1.00
2018.02.13 21:08:20.485,1.38882,1.3889,2.81,1.00
2018.02.13 21:08:21.907,1.38882,1.3889,1.44,1.00
2018.02.13 21:08:22.442,1.38882,1.3889,1.50,1.00
2018.02.13 21:08:22.984,1.38881,1.38892,2.63,1.50
2018.02.13 21:08:32.831,1.38882,1.38892,1.44,1.69
2018.02.13 21:08:39.222,1.38882,1.38892,1.31,1.00
2018.02.13 21:08:39.771,1.38882,1.38892,1.69,1.00
2018.02.13 21:08:40.291,1.38882,1.38892,1.69,1.00
2018.02.13 21:08:41.978,1.38882,1.38892,1.56,1.50
2018.02.13 21:08:44.383,1.38882,1.38892,1.56,1.88
2018.02.13 21:08:44.971,1.38883,1.38892,1.00,1.00
2018.02.13 21:08:45.630,1.38882,1.38892,1.69,1.50
2018.02.13 21:08:47.480,1.38882,1.38892,1.37,2.44
2018.02.13 21:08:49.113,1.38882,1.38892,1.75,2.44
2018.02.13 21:08:49.644,1.38883,1.38892,1.00,1.25
2018.02.13 21:08:50.172,1.38883,1.38892,1.00,1.31
2018.02.13 21:08:51.344,1.38882,1.38892,1.50,1.50
2018.02.13 21:08:51.953,1.38882,1.38892,1.12,2.63
2018.02.13 21:08:52.495,1.38881,1.3889,1.62,1.25
2018.02.13 21:08:52.894,1.38879,1.3889,1.12,3.38
2018.02.13 21:08:53.098,1.38877,1.38888,1.12,1.50
2018.02.13 21:08:53.355,1.38877,1.3889,4.87,1.87
2018.02.13 21:08:53.615,1.38876,1.38888,2.63,1.69
2018.02.13 21:08:53.771,1.38876,1.38888,3.38,1.88
2018.02.13 21:08:54.790,1.38876,1.38886,1.25,1.25
2018.02.13 21:08:55.306,1.38875,1.38886,2.63,1.25
2018.02.13 21:08:55.916,1.38876,1.38886,1.38,1.63
2018.02.13 21:08:56.267,1.38878,1.38888,1.88,1.19
2018.02.13 21:08:56.322,1.38875,1.38888,2.44,3.75
2018.02.13 21:08:56.912,1.38876,1.38888,1.12,2.81
2018.02.13 21:08:57.489,1.38876,1.38888,1.25,3.75
2018.02.13 21:08:57.643,1.38876,1.38888,1.25,2.81
2018.02.13 21:08:59.011,1.38876,1.38887,1.20,1.50
2018.02.13 21:08:59.544,1.38875,1.38886,1.95,1.88
2018.02.13 21:09:00.074,1.38877,1.38886,1.58,1.00
2018.02.13 21:09:00.380,1.38883,1.38891,1.10,1.12
2018.02.13 21:09:08.413,1.38882,1.38891,1.95,2.81
2018.02.13 21:09:08.521,1.38881,1.38889,1.20,1.75
2018.02.13 21:09:08.573,1.38881,1.38889,1.10,2.25
2018.02.13 21:09:08.729,1.38878,1.38889,1.95,4.50
2018.02.13 21:09:08.987,1.38878,1.38888,1.45,1.12
2018.02.13 21:09:09.487,1.38877,1.38887,1.01,1.37
2018.02.13 21:09:10.033,1.38877,1.38887,1.70,2.00
2018.02.13 21:09:10.621,1.38875,1.38885,2.32,1.50
2018.02.13 21:09:10.769,1.38876,1.38887,1.64,1.69
2018.02.13 21:09:11.129,1.38875,1.38886,2.51,1.00
2018.02.13 21:09:11.634,1.38875,1.38886,2.33,2.63
2018.02.13 21:09:11.738,1.38876,1.38886,1.01,1.50
2018.02.13 21:09:12.364,1.38876,1.38885,1.95,1.25
2018.02.13 21:09:12.868,1.38878,1.38887,1.20,3.94
2018.02.13 21:09:14.003,1.38877,1.38886,1.57,1.44
2018.02.13 21:09:14.516,1.38878,1.38886,1.20,1.25
2018.02.13 21:09:14.856,1.38878,1.38886,1.45,1.63
2018.02.13 21:09:14.909,1.38877,1.38886,1.20,1.31
2018.02.13 21:09:15.219,1.38876,1.38886,1.76,1.31
2018.02.13 21:09:15.322,1.38876,1.38886,2.89,1.31
2018.02.13 21:09:15.528,1.38876,1.38886,1.57,2.81
2018.02.13 21:09:15.580,1.38876,1.38886,1.57,1.69
2018.02.13 21:09:17.001,1.38876,1.38886,2.14,2.44
2018.02.13 21:09:17.376,1.38876,1.38886,1.76,1.13
2018.02.13 21:09:17.847,1.38876,1.38887,1.57,3.38
2018.02.13 21:09:18.002,1.38876,1.38887,1.20,2.06
2018.02.13 21:09:18.259,1.38876,1.38887,1.45,2.06
2018.02.13 21:09:18.818,1.38876,1.38886,1.95,1.38
2018.02.13 21:09:19.358,1.38876,1.38888,2.33,4.31
2018.02.13 21:09:19.412,1.38877,1.38888,1.76,1.69
2018.02.13 21:09:19.532,1.38878,1.38884,1.45,1.88
2018.02.13 21:09:19.688,1.38876,1.38884,1.20,2.06
2018.02.13 21:09:19.791,1.38876,1.38885,1.20,3.75
2018.02.13 21:09:21.445,1.38875,1.38884,1.20,2.44
2018.02.13 21:09:21.549,1.38875,1.38884,1.39,3.38
2018.02.13 21:09:22.140,1.38875,1.38883,1.45,1.69
2018.02.13 21:09:22.641,1.38875,1.38884,1.45,1.13
2018.02.13 21:09:23.190,1.38875,1.38882,1.00,1.13
2018.02.13 21:09:23.713,1.38875,1.38883,1.00,1.94
2018.02.13 21:09:28.605,1.38875,1.38884,1.39,1.50
2018.02.13 21:09:28.657,1.38875,1.38885,1.20,1.13
2018.02.13 21:09:29.043,1.38875,1.38883,1.20,1.00
2018.02.13 21:09:29.146,1.38875,1.38885,1.20,1.25
2018.02.13 21:09:29.353,1.38875,1.38884,1.70,2.25
2018.02.13 21:09:29.996,1.38875,1.38883,1.70,2.25
2018.02.13 21:09:30.568,1.38875,1.38883,1.20,1.87
2018.02.13 21:09:33.939,1.38875,1.38883,1.76,1.69
2018.02.13 21:09:34.608,1.38877,1.38883,1.00,2.06
2018.02.13 21:09:35.360,1.38875,1.38883,1.20,1.69
2018.02.13 21:09:35.620,1.38876,1.38885,1.00,4.50
2018.02.13 21:09:36.353,1.38876,1.38885,1.20,4.50
2018.02.13 21:09:36.874,1.38876,1.38884,1.20,1.88
2018.02.13 21:09:37.451,1.38876,1.38885,1.00,4.69
2018.02.13 21:09:38.514,1.38876,1.38883,1.00,1.00
2018.02.13 21:09:40.039,1.38876,1.38885,1.10,1.31
2018.02.13 21:09:41.429,1.38876,1.38884,1.20,1.50
2018.02.13 21:09:44.329,1.38875,1.38884,1.20,2.06
2018.02.13 21:09:44.867,1.38875,1.38883,1.00,1.31
2018.02.13 21:09:46.582,1.38875,1.38884,1.20,1.69
2018.02.13 21:09:47.112,1.38875,1.38884,1.57,1.12
2018.02.13 21:09:47.620,1.38875,1.38884,1.70,1.50
2018.02.13 21:09:48.319,1.38875,1.38885,1.58,4.88
2018.02.13 21:09:50.915,1.38875,1.38885,1.70,3.94
2018.02.13 21:09:51.761,1.38875,1.38885,1.70,3.94
2018.02.13 21:09:52.725,1.38875,1.38884,2.32,1.31
2018.02.13 21:09:53.917,1.38875,1.38885,1.76,4.13
2018.02.13 21:09:54.618,1.38877,1.38885,1.00,4.88
2018.02.13 21:09:55.874,1.38877,1.38885,1.00,4.88
2018.02.13 21:09:56.602,1.38875,1.38885,1.70,4.13
2018.02.13 21:09:57.118,1.38875,1.38884,2.14,1.50
2018.02.13 21:09:58.717,1.38875,1.38884,1.39,1.50
2018.02.13 21:09:59.258,1.38875,1.38884,1.95,1.31
2018.02.13 21:09:59.791,1.38875,1.38885,1.01,1.31
2018.02.13 21:10:00.414,1.38875,1.38884,1.76,1.31
2018.02.13 21:10:00.962,1.38874,1.38885,1.95,1.69
2018.02.13 21:10:02.019,1.38875,1.38884,1.45,1.50
2018.02.13 21:10:02.532,1.38878,1.38885,1.00,3.19
2018.02.13 21:10:03.634,1.38878,1.38885,1.00,4.69
2018.02.13 21:10:04.378,1.38877,1.38885,1.00,4.69
2018.02.13 21:10:06.344,1.38877,1.38883,1.00,1.00
2018.02.13 21:10:10.484,1.38878,1.38882,1.00,1.00
2018.02.13 21:10:11.123,1.38877,1.38882,1.00,1.00
2018.02.13 21:10:11.664,1.38877,1.38884,1.00,1.88
2018.02.13 21:10:12.342,1.38874,1.38883,1.95,1.25
2018.02.13 21:10:14.871,1.38874,1.38884,1.95,2.25
2018.02.13 21:10:15.385,1.38874,1.38884,1.70,2.44
2018.02.13 21:10:18.109,1.38874,1.38883,1.76,1.88
2018.02.13 21:10:18.961,1.38874,1.38881,1.57,1.31
2018.02.13 21:10:19.117,1.38872,1.38882,1.95,1.69
2018.02.13 21:10:19.709,1.38872,1.38882,1.57,1.69
2018.02.13 21:10:20.754,1.38872,1.38882,2.51,2.44
2018.02.13 21:10:21.257,1.38872,1.38882,1.95,3.00
2018.02.13 21:10:21.759,1.38872,1.38882,1.76,3.94
2018.02.13 21:10:22.437,1.38872,1.38882,1.45,3.19
2018.02.13 21:10:23.909,1.38872,1.38882,1.95,1.31
2018.02.13 21:10:24.421,1.38873,1.38882,1.45,1.00
2018.02.13 21:10:25.001,1.38873,1.38882,1.45,2.06
2018.02.13 21:10:25.685,1.38873,1.38883,1.45,5.63
2018.02.13 21:10:26.270,1.38874,1.38883,1.08,1.00
2018.02.13 21:10:26.529,1.38873,1.38883,3.26,1.88
2018.02.13 21:10:27.034,1.38873,1.38883,1.20,2.81
2018.02.13 21:10:27.567,1.38873,1.38883,1.95,2.25
2018.02.13 21:10:28.419,1.38873,1.38883,2.32,2.06
2018.02.13 21:10:28.573,1.38873,1.38883,2.70,3.19
2018.02.13 21:10:29.142,1.38873,1.38882,1.57,2.63
2018.02.13 21:10:29.348,1.38873,1.38882,1.20,3.00
2018.02.13 21:10:29.859,1.38873,1.38883,1.20,3.56
2018.02.13 21:10:30.281,1.38872,1.38882,2.48,2.81
2018.02.13 21:10:30.679,1.38872,1.38882,1.95,2.06
2018.02.13 21:10:30.924,1.38872,1.38882,2.70,2.63
2018.02.13 21:10:31.448,1.38872,1.38882,2.32,1.88
2018.02.13 21:10:33.305,1.38872,1.38882,2.70,3.38
2018.02.13 21:10:34.231,1.38872,1.38881,1.95,1.00
2018.02.13 21:10:34.894,1.38872,1.38882,2.51,3.00
2018.02.13 21:10:35.557,1.38872,1.38882,1.95,2.25
2018.02.13 21:10:36.963,1.38872,1.38882,1.95,1.50
2018.02.13 21:10:37.482,1.38872,1.38882,1.95,1.50
2018.02.13 21:10:40.925,1.38872,1.38881,2.89,1.00
2018.02.13 21:10:41.618,1.38872,1.38882,3.07,3.38
2018.02.13 21:10:42.274,1.38872,1.38882,1.95,1.50
2018.02.13 21:10:44.394,1.38872,1.38882,2.70,1.69
2018.02.13 21:10:47.376,1.38872,1.38882,3.26,2.81
2018.02.13 21:10:48.181,1.38872,1.38882,2.70,1.50
2018.02.13 21:10:48.876,1.38872,1.38882,3.45,1.50
2018.02.13 21:10:49.404,1.38872,1.38882,3.45,1.31
2018.02.13 21:10:50.453,1.38877,1.38884,1.10,1.37
2018.02.13 21:10:50.861,1.38875,1.38884,1.10,2.62
2018.02.13 21:10:51.224,1.38876,1.38884,1.58,1.87
2018.02.13 21:10:51.741,1.38876,1.38883,1.29,1.31
2018.02.13 21:10:52.247,1.38876,1.38884,1.00,2.25
2018.02.13 21:10:53.041,1.38876,1.38884,1.13,3.00
2018.02.13 21:10:53.349,1.38876,1.38884,1.38,3.41
2018.02.13 21:10:53.401,1.38876,1.38884,1.13,3.00
2018.02.13 21:10:53.504,1.38876,1.38884,1.38,3.41
2018.02.13 21:10:53.985,1.38876,1.38884,1.00,3.00
2018.02.13 21:10:54.543,1.38876,1.38883,1.38,1.37
2018.02.13 21:10:55.202,1.38876,1.38884,1.13,2.81
2018.02.13 21:10:56.248,1.38876,1.38884,1.44,3.00
2018.02.13 21:10:56.854,1.38876,1.38884,1.44,3.00
2018.02.13 21:10:57.429,1.38876,1.38883,1.13,1.25
2018.02.13 21:10:58.048,1.38876,1.38886,2.06,3.56
2018.02.13 21:10:58.153,1.3888,1.3889,1.95,1.00
2018.02.13 21:10:58.204,1.38882,1.38892,1.38,3.75
2018.02.13 21:10:58.725,1.38882,1.38892,1.58,1.50
2018.02.13 21:10:59.283,1.38882,1.38892,1.76,2.25
2018.02.13 21:10:59.792,1.38882,1.38892,1.83,1.87
2018.02.13 21:11:00.210,1.38883,1.38892,1.76,1.31
2018.02.13 21:11:00.816,1.38883,1.38893,2.14,1.00
2018.02.13 21:11:01.361,1.38884,1.38893,1.01,1.00
2018.02.13 21:11:03.721,1.38884,1.38893,1.58,1.50
2018.02.13 21:11:05.341,1.38884,1.38893,1.39,1.25
2018.02.13 21:11:06.093,1.38884,1.38893,1.58,1.00
2018.02.13 21:11:06.754,1.38884,1.38892,1.76,1.00
2018.02.13 21:11:07.283,1.38888,1.38897,1.69,1.87
2018.02.13 21:11:07.335,1.3889,1.38897,1.00,1.00
2018.02.13 21:11:07.388,1.3889,1.389,1.13,2.25
2018.02.13 21:11:07.491,1.3889,1.38901,1.20,1.00
2018.02.13 21:11:07.543,1.38891,1.38901,1.57,3.56
2018.02.13 21:11:08.302,1.38891,1.389,1.20,1.25
2018.02.13 21:11:09.067,1.38891,1.38899,1.20,1.00
2018.02.13 21:11:09.783,1.38891,1.38901,1.20,1.87
2018.02.13 21:11:10.363,1.38891,1.38901,1.20,1.87
2018.02.13 21:11:11.365,1.38891,1.389,1.20,1.31
2018.02.13 21:11:11.673,1.38892,1.38902,1.58,2.06
2018.02.13 21:11:12.369,1.38894,1.38902,1.39,1.56
2018.02.13 21:11:12.725,1.38894,1.38903,1.39,1.50
2018.02.13 21:11:13.295,1.38894,1.38903,1.00,3.37
2018.02.13 21:11:13.728,1.38894,1.38903,1.00,3.37
2018.02.13 21:11:15.325,1.38893,1.38902,1.25,1.62
2018.02.13 21:11:17.097,1.38893,1.38901,1.00,1.50
2018.02.13 21:11:17.682,1.38893,1.38902,1.00,2.25
2018.02.13 21:11:17.734,1.3889,1.38901,1.69,1.50
2018.02.13 21:11:18.429,1.3889,1.38901,1.88,1.68
2018.02.13 21:11:19.003,1.3889,1.38901,1.69,1.50
2018.02.13 21:11:19.663,1.3889,1.38901,1.69,1.50
2018.02.13 21:11:20.315,1.3889,1.38901,1.31,1.87
2018.02.13 21:11:20.987,1.3889,1.38901,1.31,1.50
2018.02.13 21:11:21.422,1.3889,1.38901,1.50,1.87
2018.02.13 21:11:21.698,1.3889,1.38901,1.31,1.50
2018.02.13 21:11:22.224,1.3889,1.38902,1.12,2.06
2018.02.13 21:11:22.500,1.3889,1.38902,1.50,2.06
2018.02.13 21:11:22.764,1.3889,1.38901,1.31,1.31
2018.02.13 21:11:23.296,1.3889,1.38901,1.31,1.43
2018.02.13 21:11:23.818,1.3889,1.38901,1.31,1.43
2018.02.13 21:11:25.898,1.3889,1.38901,1.50,1.62
2018.02.13 21:11:27.588,1.3889,1.38901,1.44,1.43
2018.02.13 21:11:28.098,1.3889,1.38901,1.31,1.43
2018.02.13 21:11:28.910,1.3889,1.38901,1.31,1.37
2018.02.13 21:11:29.566,1.3889,1.38901,1.50,1.62
2018.02.13 21:11:30.338,1.3889,1.389,1.44,1.00
2018.02.13 21:11:30.933,1.3889,1.38902,1.81,3.75
2018.02.13 21:11:36.494,1.3889,1.38902,1.69,3.18
2018.02.13 21:11:36.869,1.3889,1.38902,2.25,4.12
2018.02.13 21:11:38.086,1.38892,1.38904,1.69,3.00
2018.02.13 21:11:40.702,1.38893,1.38902,1.00,1.19
2018.02.13 21:11:42.296,1.38892,1.38901,2.62,1.88
2018.02.13 21:11:42.820,1.38891,1.389,2.25,1.00
2018.02.13 21:11:44.931,1.38891,1.38901,2.62,1.12
2018.02.13 21:11:45.501,1.38892,1.38901,2.06,1.31
2018.02.13 21:11:46.542,1.38892,1.38901,1.12,1.00
2018.02.13 21:11:47.372,1.38892,1.38901,2.06,1.25
2018.02.13 21:11:47.529,1.38891,1.38901,1.69,1.00
2018.02.13 21:11:47.786,1.38891,1.38901,3.19,1.00
2018.02.13 21:11:48.672,1.38893,1.38901,1.19,1.25
2018.02.13 21:11:49.372,1.38893,1.38901,1.00,1.00
2018.02.13 21:11:50.122,1.38891,1.38901,3.38,1.00
2018.02.13 21:11:51.014,1.38892,1.38901,1.50,1.50
2018.02.13 21:11:51.478,1.38892,1.38901,1.31,3.00
2018.02.13 21:11:58.611,1.38891,1.38901,1.88,1.88
2018.02.13 21:11:59.122,1.38891,1.389,1.69,1.00
2018.02.13 21:12:06.377,1.38891,1.38901,2.25,1.69
2018.02.13 21:12:06.635,1.38895,1.38904,1.25,1.87
2018.02.13 21:12:06.789,1.38897,1.38904,1.25,1.12
2018.02.13 21:12:07.317,1.38897,1.38905,1.00,3.75
2018.02.13 21:12:07.830,1.38897,1.38904,1.25,1.12
2018.02.13 21:12:08.353,1.38897,1.38905,1.00,1.50
2018.02.13 21:12:08.869,1.38897,1.38904,1.00,1.50
2018.02.13 21:12:09.482,1.38897,1.38905,1.00,1.50
2018.02.13 21:12:10.000,1.38897,1.38904,1.00,2.44
2018.02.13 21:12:10.514,1.38896,1.38903,1.00,1.50
2018.02.13 21:12:11.122,1.38895,1.38903,1.25,1.31
2018.02.13 21:12:14.249,1.38895,1.38902,1.00,1.00
2018.02.13 21:12:14.773,1.38895,1.38905,1.00,5.25
2018.02.13 21:12:15.341,1.38895,1.38904,1.63,1.69
2018.02.13 21:12:15.651,1.38897,1.38903,1.00,1.56
2018.02.13 21:12:15.754,1.38895,1.38903,1.00,1.69
2018.02.13 21:12:17.313,1.38895,1.38903,1.00,1.88
2018.02.13 21:12:17.419,1.38893,1.38901,1.00,1.00
2018.02.13 21:12:17.985,1.38891,1.38901,2.25,1.12
2018.02.13 21:12:19.025,1.38891,1.38901,3.00,1.12
2018.02.13 21:12:19.531,1.38891,1.389,1.50,1.25
2018.02.13 21:12:19.853,1.38892,1.38902,1.31,2.06
2018.02.13 21:12:20.372,1.38892,1.38902,1.25,2.06
2018.02.13 21:12:20.904,1.38892,1.38902,2.06,2.06
2018.02.13 21:12:21.425,1.38892,1.38902,2.06,1.69
2018.02.13 21:12:23.886,1.38892,1.38902,2.44,1.87
2018.02.13 21:12:24.691,1.38892,1.38901,1.69,1.00
2018.02.13 21:12:25.425,1.38892,1.38901,1.25,1.12
2018.02.13 21:12:26.427,1.38892,1.38902,1.63,1.31
2018.02.13 21:12:28.026,1.38892,1.38902,1.50,1.00
2018.02.13 21:12:28.388,1.38892,1.38902,1.00,2.06
2018.02.13 21:12:29.069,1.38892,1.38901,1.00,1.00
2018.02.13 21:12:29.400,1.38892,1.38902,1.00,3.00
2018.02.13 21:12:29.646,1.38892,1.38902,1.00,2.81
2018.02.13 21:12:30.171,1.38892,1.38902,3.38,1.69
2018.02.13 21:12:30.822,1.38892,1.38902,3.38,1.12
2018.02.13 21:12:32.820,1.38892,1.38897,3.38,1.00
2018.02.13 21:12:33.336,1.38892,1.38897,1.00,1.00
2018.02.13 21:12:34.552,1.3889,1.38897,4.12,1.00
2018.02.13 21:12:35.483,1.3889,1.38897,2.62,1.25
2018.02.13 21:12:37.829,1.3889,1.38894,1.50,1.00
2018.02.13 21:12:38.644,1.3889,1.38893,1.00,1.00
2018.02.13 21:12:47.604,1.38886,1.38894,1.69,2.25
2018.02.13 21:12:47.772,1.38885,1.38893,1.25,1.50
2018.02.13 21:12:48.426,1.38885,1.38894,1.25,4.31
2018.02.13 21:12:48.949,1.38886,1.38894,1.25,1.00
2018.02.13 21:12:50.178,1.38885,1.38894,1.69,1.00
2018.02.13 21:12:52.389,1.38884,1.38894,3.38,1.00
2018.02.13 21:12:53.738,1.38885,1.38894,3.00,1.00
2018.02.13 21:12:53.844,1.38886,1.38894,1.50,1.00
2018.02.13 21:12:54.750,1.38887,1.38894,1.44,1.00
2018.02.13 21:12:56.394,1.38887,1.38894,1.25,1.00
2018.02.13 21:12:59.018,1.38887,1.38894,1.50,1.00
2018.02.13 21:12:59.825,1.38887,1.38894,1.25,1.00
2018.02.13 21:13:03.352,1.38887,1.38894,1.63,1.00
2018.02.13 21:13:03.892,1.38888,1.38896,1.00,1.50
2018.02.13 21:13:04.237,1.38888,1.38896,1.38,1.00
2018.02.13 21:13:04.779,1.38885,1.38898,4.88,1.69
2018.02.13 21:13:05.160,1.38885,1.38898,4.88,1.50
2018.02.13 21:13:05.664,1.38886,1.38898,1.81,2.06
2018.02.13 21:13:06.695,1.38886,1.38898,1.56,2.06
2018.02.13 21:13:07.321,1.38886,1.38897,1.56,1.12
2018.02.13 21:13:08.038,1.38886,1.38897,2.25,1.31
2018.02.13 21:13:08.426,1.38885,1.38895,1.31,2.25
2018.02.13 21:13:08.584,1.38884,1.38894,1.00,3.56
2018.02.13 21:13:09.108,1.38884,1.38893,1.69,1.50
2018.02.13 21:13:09.613,1.38884,1.38893,1.69,1.50
2018.02.13 21:13:10.627,1.38884,1.38893,1.88,1.50
2018.02.13 21:13:13.626,1.38884,1.38893,3.38,1.00
2018.02.13 21:13:15.786,1.38884,1.38893,3.00,1.00
2018.02.13 21:13:16.337,1.38884,1.38893,3.00,1.00
2018.02.13 21:13:16.661,1.38898,1.38903,2.81,1.50
2018.02.13 21:13:16.714,1.38898,1.38906,2.06,1.00
2018.02.13 21:13:16.922,1.38898,1.38909,2.06,1.50
2018.02.13 21:13:17.442,1.38897,1.38909,4.87,1.31
2018.02.13 21:13:18.216,1.38898,1.38909,1.87,1.56
2018.02.13 21:13:18.723,1.38898,1.38909,1.49,1.12
2018.02.13 21:13:20.089,1.38898,1.38909,2.43,1.63
2018.02.13 21:13:20.607,1.38898,1.38909,1.31,1.00
2018.02.13 21:13:21.743,1.38898,1.38909,1.81,1.44
2018.02.13 21:13:23.400,1.38899,1.38909,1.19,1.00
2018.02.13 21:13:23.901,1.38899,1.38909,2.62,1.44
2018.02.13 21:13:24.451,1.38899,1.38909,1.13,1.25
2018.02.13 21:13:25.471,1.38898,1.38909,2.63,1.44
2018.02.13 21:13:26.004,1.38898,1.38909,2.44,1.25
2018.02.13 21:13:27.829,1.38899,1.3891,1.25,1.50
2018.02.13 21:13:28.183,1.38902,1.3891,1.25,2.00
2018.02.13 21:13:28.287,1.38899,1.3891,1.31,2.06
2018.02.13 21:13:28.821,1.38898,1.3891,1.87,2.25
2018.02.13 21:13:29.630,1.38898,1.3891,2.63,4.12
2018.02.13 21:13:30.169,1.38899,1.3891,1.00,3.75
2018.02.13 21:13:30.730,1.38899,1.3891,1.19,4.31
2018.02.13 21:13:31.388,1.38899,1.3891,1.00,3.75
2018.02.13 21:13:34.941,1.38898,1.3891,1.84,3.56
2018.02.13 21:13:35.121,1.38898,1.3891,1.69,3.37
2018.02.13 21:13:35.913,1.389,1.38909,1.00,1.00
2018.02.13 21:13:36.427,1.38901,1.3891,1.25,3.38
2018.02.13 21:13:36.975,1.38902,1.3891,1.00,2.62
2018.02.13 21:13:37.591,1.38902,1.3891,1.00,3.00
2018.02.13 21:13:39.292,1.38902,1.3891,1.00,1.25
2018.02.13 21:13:42.654,1.38903,1.38911,1.00,1.69
2018.02.13 21:13:44.286,1.38903,1.38906,1.00,1.12
2018.02.13 21:13:44.338,1.389,1.38905,1.00,1.12
2018.02.13 21:13:45.466,1.389,1.38908,1.25,1.10
2018.02.13 21:13:45.519,1.38901,1.3891,1.00,1.00
2018.02.13 21:13:47.773,1.38902,1.3891,1.00,2.81
2018.02.13 21:13:48.137,1.38902,1.38908,1.00,3.19
2018.02.13 21:13:48.502,1.38898,1.38906,1.00,2.06
2018.02.13 21:13:49.230,1.389,1.3891,1.12,2.62
2018.02.13 21:13:49.282,1.38901,1.38911,1.00,2.51
2018.02.13 21:13:49.489,1.38901,1.38911,1.88,2.44
2018.02.13 21:13:49.801,1.38903,1.38911,1.00,1.12
2018.02.13 21:13:56.803,1.38903,1.38911,1.00,1.50
2018.02.13 21:13:59.720,1.38903,1.3891,1.00,1.00
2018.02.13 21:13:59.994,1.38901,1.38909,1.25,1.25
2018.02.13 21:14:01.833,1.38901,1.38909,1.00,1.37
2018.02.13 21:14:03.053,1.38901,1.38909,1.00,1.12
2018.02.13 21:14:05.413,1.38901,1.38909,1.00,1.37
2018.02.13 21:14:06.009,1.38901,1.38909,1.00,1.00
2018.02.13 21:14:06.651,1.38901,1.38909,1.12,1.44
2018.02.13 21:14:07.186,1.38901,1.38909,1.12,1.00
2018.02.13 21:14:08.018,1.38901,1.38909,1.50,1.00
2018.02.13 21:14:08.565,1.38901,1.38909,1.00,1.12
2018.02.13 21:14:09.312,1.38901,1.38909,1.00,1.31
2018.02.13 21:14:09.833,1.38901,1.38909,1.00,1.50
2018.02.13 21:14:10.881,1.38901,1.38909,1.00,1.37
2018.02.13 21:14:11.567,1.38901,1.38909,1.00,1.44
2018.02.13 21:14:13.278,1.38901,1.38909,1.00,1.25
2018.02.13 21:14:13.798,1.38901,1.38909,1.00,1.37
2018.02.13 21:14:14.893,1.389,1.3891,1.00,1.37
2018.02.13 21:14:15.417,1.38901,1.3891,1.00,1.37
2018.02.13 21:14:16.108,1.38901,1.3891,1.00,1.37
2018.02.13 21:14:16.669,1.38901,1.38909,1.00,1.87
2018.02.13 21:14:17.253,1.38901,1.3891,1.00,2.62
2018.02.13 21:14:17.759,1.38901,1.3891,1.00,2.62
2018.02.13 21:14:18.420,1.38901,1.3891,1.00,3.00
2018.02.13 21:14:18.965,1.38901,1.3891,1.00,3.00
2018.02.13 21:14:21.689,1.38901,1.3891,1.44,1.31
2018.02.13 21:14:22.214,1.38901,1.3891,1.13,1.00
2018.02.13 21:14:22.742,1.38902,1.38912,1.25,1.87
2018.02.13 21:14:23.000,1.38902,1.38912,1.38,1.00
2018.02.13 21:14:23.206,1.38902,1.38912,1.87,1.00
2018.02.13 21:14:23.668,1.38902,1.38912,2.05,1.25
2018.02.13 21:14:23.960,1.38902,1.38912,1.68,1.25
2018.02.13 21:14:24.646,1.38902,1.38912,1.30,1.12
2018.02.13 21:14:25.279,1.38902,1.38912,2.42,1.12
2018.02.13 21:14:25.331,1.38902,1.38912,1.87,1.00
2018.02.13 21:14:25.836,1.38902,1.38912,1.67,1.12
2018.02.13 21:14:26.400,1.38902,1.38912,2.24,1.00
2018.02.13 21:14:26.970,1.38902,1.38912,2.43,1.44
2018.02.13 21:14:27.725,1.38902,1.38912,1.49,1.00
2018.02.13 21:14:28.383,1.38902,1.38912,1.68,1.31
2018.02.13 21:14:29.019,1.38902,1.38912,1.49,1.00
2018.02.13 21:14:29.175,1.38907,1.38917,3.00,1.56
2018.02.13 21:14:29.281,1.38909,1.38919,2.42,1.62
2018.02.13 21:14:29.774,1.38909,1.38919,1.59,1.31
2018.02.13 21:14:30.292,1.38909,1.38919,1.40,1.50
2018.02.13 21:14:30.669,1.38909,1.38919,1.27,1.37
2018.02.13 21:14:31.695,1.38909,1.38919,1.12,1.69
2018.02.13 21:14:32.801,1.38909,1.38919,1.12,1.50
2018.02.13 21:14:33.836,1.38909,1.38919,1.12,1.87
2018.02.13 21:14:34.754,1.38909,1.38919,1.30,1.87
2018.02.13 21:14:35.257,1.38909,1.38919,1.49,1.69
2018.02.13 21:14:37.355,1.38909,1.38919,2.44,2.00
2018.02.13 21:14:38.346,1.38909,1.38919,1.50,1.69
2018.02.13 21:14:39.382,1.38909,1.38919,1.12,1.88
2018.02.13 21:14:39.948,1.38909,1.38919,1.00,1.69
2018.02.13 21:14:40.485,1.38909,1.38919,1.25,1.69
2018.02.13 21:14:41.225,1.38909,1.38919,2.06,1.69
2018.02.13 21:14:41.796,1.38909,1.38919,1.31,1.31
2018.02.13 21:14:42.229,1.38909,1.38919,1.31,1.50
2018.02.13 21:14:42.443,1.3891,1.38919,1.25,1.00
2018.02.13 21:14:43.385,1.38909,1.38919,1.50,1.44
2018.02.13 21:14:44.107,1.38909,1.38919,2.62,1.00
2018.02.13 21:14:44.921,1.38919,1.38925,1.25,1.37
2018.02.13 21:14:44.974,1.38919,1.3893,1.13,2.70
2018.02.13 21:14:45.078,1.38918,1.38928,2.44,1.13
2018.02.13 21:14:45.863,1.38918,1.38928,4.12,1.44
2018.02.13 21:14:46.397,1.38918,1.38928,3.00,1.25
2018.02.13 21:14:46.917,1.38918,1.38928,1.87,1.69
2018.02.13 21:14:47.072,1.38918,1.38926,1.00,2.44
2018.02.13 21:14:47.197,1.38908,1.3892,3.75,1.50
2018.02.13 21:14:47.795,1.38909,1.38919,1.38,2.62
2018.02.13 21:14:48.036,1.38909,1.3892,1.13,2.62
2018.02.13 21:14:48.653,1.38909,1.3892,2.25,3.37
2018.02.13 21:14:49.564,1.3891,1.38918,1.00,1.00
2018.02.13 21:14:50.510,1.38909,1.38917,1.00,1.00
2018.02.13 21:14:51.048,1.38906,1.38917,2.06,2.62
2018.02.13 21:14:51.153,1.38917,1.38922,2.25,1.37
2018.02.13 21:14:51.289,1.38918,1.38926,1.10,1.69
2018.02.13 21:14:51.342,1.38918,1.38927,1.57,3.00
2018.02.13 21:14:51.892,1.38917,1.38928,7.39,2.06
2018.02.13 21:14:52.400,1.38918,1.38928,3.82,2.44
2018.02.13 21:14:52.504,1.38917,1.38929,5.14,3.00
2018.02.13 21:14:53.244,1.38919,1.38929,1.10,3.00
2018.02.13 21:14:53.812,1.38919,1.38929,1.10,3.19
2018.02.13 21:14:54.340,1.38918,1.38928,2.14,2.06
2018.02.13 21:14:55.187,1.38918,1.38928,2.51,2.25
2018.02.13 21:14:55.714,1.38919,1.38929,1.45,2.62
2018.02.13 21:14:56.277,1.38918,1.38929,3.64,2.62
2018.02.13 21:14:56.757,1.38919,1.38927,1.20,2.06
2018.02.13 21:14:56.809,1.38919,1.38927,1.07,1.50
2018.02.13 21:14:57.379,1.38919,1.38928,1.45,2.06
2018.02.13 21:14:57.893,1.38919,1.38929,1.45,3.19
2018.02.13 21:14:59.279,1.38918,1.38928,2.32,1.25
2018.02.13 21:14:59.853,1.38918,1.38928,2.32,1.25
2018.02.13 21:15:00.779,1.38918,1.38928,1.95,1.19
2018.02.13 21:15:01.206,1.38921,1.3893,1.45,1.87
2018.02.13 21:15:01.308,1.3892,1.3893,1.10,2.25
2018.02.13 21:15:01.411,1.3892,1.3893,1.20,2.25
2018.02.13 21:15:01.462,1.3892,1.3893,1.20,2.06
2018.02.13 21:15:01.771,1.38919,1.3893,1.39,3.00
2018.02.13 21:15:02.321,1.38918,1.38929,1.00,1.50
2018.02.13 21:15:04.162,1.38918,1.38929,1.87,1.50
2018.02.13 21:15:04.744,1.38918,1.38929,1.12,1.50
2018.02.13 21:15:05.292,1.38918,1.38929,1.37,1.12
2018.02.13 21:15:05.807,1.38917,1.38928,2.62,1.31
2018.02.13 21:15:07.793,1.38919,1.38931,1.88,1.69
2018.02.13 21:15:07.897,1.38918,1.38929,2.06,1.31
2018.02.13 21:15:07.951,1.38918,1.38929,1.69,1.31
2018.02.13 21:15:08.317,1.38919,1.38929,1.00,1.50
2018.02.13 21:15:08.856,1.38919,1.38929,1.00,1.50
2018.02.13 21:15:09.409,1.38919,1.38929,1.00,1.69
2018.02.13 21:15:11.442,1.38918,1.3893,1.00,3.45
2018.02.13 21:15:12.889,1.38917,1.3893,1.69,3.45
2018.02.13 21:15:13.706,1.38917,1.3893,1.69,3.45
2018.02.13 21:15:14.296,1.38917,1.3893,3.52,3.37
2018.02.13 21:15:14.639,1.38917,1.3893,4.46,3.94
2018.02.13 21:15:15.160,1.38917,1.3893,3.71,3.56
2018.02.13 21:15:15.686,1.38917,1.3893,4.27,3.75
2018.02.13 21:15:16.208,1.38917,1.3893,3.52,3.38
2018.02.13 21:15:18.381,1.38927,1.38929,1.00,1.00
2018.02.13 21:15:18.437,1.38927,1.38932,1.00,1.10
2018.02.13 21:15:18.544,1.38921,1.38929,1.50,1.19
2018.02.13 21:15:18.597,1.3892,1.38928,1.00,1.00
2018.02.13 21:15:19.103,1.38919,1.38927,1.12,1.00
2018.02.13 21:15:23.110,1.38919,1.38927,1.50,1.00
2018.02.13 21:15:23.647,1.38919,1.38927,1.00,1.00
2018.02.13 21:15:25.117,1.38919,1.38927,1.44,1.25
2018.02.13 21:15:25.931,1.38919,1.38927,1.25,1.12
2018.02.13 21:15:29.443,1.38918,1.3893,1.31,2.06
2018.02.13 21:15:29.905,1.38918,1.38928,2.44,1.37
2018.02.13 21:15:30.422,1.38918,1.38928,2.06,1.44
2018.02.13 21:15:31.365,1.38918,1.38928,2.06,1.44
2018.02.13 21:15:33.262,1.38918,1.38928,1.69,1.44
2018.02.13 21:15:35.892,1.3892,1.38928,1.00,1.00
2018.02.13 21:15:36.842,1.38919,1.38928,1.50,1.25
2018.02.13 21:15:40.226,1.3892,1.38928,1.00,1.25
2018.02.13 21:15:40.557,1.38922,1.3893,1.38,1.00
2018.02.13 21:15:40.609,1.38923,1.38932,1.00,1.25
2018.02.13 21:15:40.869,1.38923,1.38932,1.25,1.56
2018.02.13 21:15:40.974,1.38921,1.38931,1.12,1.69
2018.02.13 21:15:41.480,1.38921,1.38931,1.69,1.56
2018.02.13 21:15:42.027,1.38921,1.38931,1.00,1.31
2018.02.13 21:15:42.588,1.38921,1.38931,1.25,1.63
2018.02.13 21:15:43.090,1.38921,1.38931,1.31,1.44
2018.02.13 21:15:43.660,1.38921,1.38931,1.69,1.63
2018.02.13 21:15:44.077,1.38921,1.38931,2.06,1.25
2018.02.13 21:15:47.523,1.38921,1.38931,2.44,1.63
2018.02.13 21:15:49.851,1.38921,1.3893,1.50,1.25
2018.02.13 21:15:51.029,1.38921,1.3893,2.06,1.63
2018.02.13 21:15:51.236,1.38921,1.3893,2.25,1.13
2018.02.13 21:15:52.246,1.38921,1.3893,1.50,1.44
2018.02.13 21:15:52.895,1.38921,1.3893,1.69,1.25
2018.02.13 21:15:53.386,1.3892,1.3893,2.25,1.31
2018.02.13 21:15:53.438,1.3892,1.3893,2.06,1.25
2018.02.13 21:15:54.391,1.3892,1.3893,1.44,1.63
2018.02.13 21:15:55.109,1.3892,1.3893,1.25,1.44
2018.02.13 21:15:55.828,1.3892,1.3893,1.63,1.31
2018.02.13 21:15:56.368,1.3892,1.3893,1.25,1.31
2018.02.13 21:15:57.355,1.38921,1.3893,1.00,1.31
2018.02.13 21:15:58.351,1.3892,1.3893,1.31,1.31
2018.02.13 21:16:00.351,1.3892,1.3893,1.50,1.56
2018.02.13 21:16:00.866,1.38919,1.38928,2.62,1.25
2018.02.13 21:16:01.884,1.38919,1.38928,2.06,1.44
2018.02.13 21:16:02.620,1.38919,1.38928,1.69,1.25
2018.02.13 21:16:03.746,1.38919,1.38928,2.06,1.00
2018.02.13 21:16:05.126,1.38919,1.38928,2.06,1.25
2018.02.13 21:16:05.816,1.38919,1.38928,2.44,1.19
2018.02.13 21:16:06.394,1.38919,1.38928,2.44,1.25
2018.02.13 21:16:07.105,1.38919,1.38928,1.69,1.25
2018.02.13 21:16:07.716,1.38919,1.38928,1.69,1.31
2018.02.13 21:16:08.246,1.3892,1.38928,1.25,1.25
2018.02.13 21:16:08.758,1.38919,1.38928,2.81,1.44
2018.02.13 21:16:10.929,1.38919,1.38928,2.25,1.00
2018.02.13 21:16:11.485,1.38919,1.38928,3.00,1.44
2018.02.13 21:16:12.085,1.38919,1.38928,2.63,1.00
2018.02.13 21:16:12.922,1.3892,1.38928,1.00,1.38
2018.02.13 21:16:14.501,1.38919,1.38928,1.88,1.13
2018.02.13 21:16:14.613,1.38919,1.38928,2.25,1.38
2018.02.13 21:16:15.618,1.38919,1.38928,1.88,1.44
2018.02.13 21:16:16.300,1.38919,1.38928,1.88,1.44
2018.02.13 21:16:16.845,1.38918,1.38928,2.81,1.44
2018.02.13 21:16:17.703,1.38918,1.38928,3.38,1.38
2018.02.13 21:16:18.086,1.38918,1.38928,3.37,1.25
2018.02.13 21:16:18.613,1.38918,1.38928,2.25,1.12
2018.02.13 21:16:18.767,1.38919,1.38928,1.00,1.63
2018.02.13 21:16:19.546,1.38919,1.38928,1.00,1.31
2018.02.13 21:16:20.068,1.38919,1.38928,1.00,1.76
2018.02.13 21:16:22.969,1.38919,1.38928,1.00,1.57
2018.02.13 21:16:23.568,1.38919,1.38929,6.56,1.95
2018.02.13 21:16:24.069,1.3892,1.38929,3.00,1.39
2018.02.13 21:16:24.640,1.3892,1.38929,1.25,1.76
2018.02.13 21:16:25.459,1.38919,1.38929,2.06,1.57
2018.02.13 21:16:26.203,1.38919,1.38927,1.31,1.00
2018.02.13 21:16:27.305,1.38919,1.38927,1.00,1.39
2018.02.13 21:16:28.776,1.38919,1.38927,1.00,1.39
2018.02.13 21:16:29.466,1.38919,1.38927,1.25,1.57
2018.02.13 21:16:30.180,1.38919,1.38927,1.00,1.39
2018.02.13 21:16:33.140,1.38919,1.38927,1.25,1.76
2018.02.13 21:16:34.565,1.38919,1.38927,1.00,1.58
2018.02.13 21:16:35.773,1.38919,1.38927,1.00,1.58
2018.02.13 21:16:36.033,1.3892,1.38929,1.00,1.01
2018.02.13 21:16:36.290,1.3892,1.38928,1.00,1.01
2018.02.13 21:16:36.585,1.3892,1.38929,1.00,1.01
2018.02.13 21:16:39.654,1.38918,1.38928,2.62,3.26
2018.02.13 21:16:39.707,1.38916,1.38928,1.69,4.39
2018.02.13 21:16:39.865,1.38916,1.38926,1.50,1.20
2018.02.13 21:16:40.468,1.38916,1.38926,1.49,1.01
2018.02.13 21:16:41.126,1.38916,1.38926,1.12,1.01
2018.02.13 21:16:42.425,1.38916,1.38927,2.80,1.39
2018.02.13 21:16:44.203,1.38916,1.38926,2.05,1.01
2018.02.13 21:16:44.255,1.38916,1.38927,1.86,1.64
2018.02.13 21:16:44.803,1.38916,1.38926,2.24,1.10
2018.02.13 21:16:45.396,1.38916,1.38927,2.06,1.39
2018.02.13 21:16:46.405,1.38916,1.38926,2.99,1.01
2018.02.13 21:16:48.079,1.38916,1.38926,2.99,1.01
2018.02.13 21:16:48.207,1.38916,1.38927,2.62,1.01
2018.02.13 21:16:48.768,1.38916,1.38927,2.62,1.01
2018.02.13 21:16:48.891,1.38916,1.38926,1.87,2.51
2018.02.13 21:16:48.998,1.38912,1.3892,1.00,1.38
2018.02.13 21:16:49.544,1.38912,1.3892,1.00,1.76
2018.02.13 21:16:49.745,1.38912,1.3892,1.00,1.58
2018.02.13 21:16:50.388,1.38912,1.38919,1.00,1.08
2018.02.13 21:16:52.771,1.38908,1.38916,1.12,1.00
2018.02.13 21:16:52.930,1.3891,1.38918,1.00,1.89
2018.02.13 21:16:53.567,1.3891,1.38918,1.00,1.58
2018.02.13 21:16:55.299,1.3891,1.38918,1.00,1.58
2018.02.13 21:16:55.703,1.3891,1.38918,1.00,1.76
2018.02.13 21:16:57.952,1.3891,1.38918,1.00,1.58
2018.02.13 21:17:01.030,1.3891,1.38918,1.50,1.76
2018.02.13 21:17:01.677,1.3891,1.38918,1.00,1.95
2018.02.13 21:17:03.329,1.3891,1.38918,1.00,1.95
2018.02.13 21:17:05.183,1.3891,1.38918,1.00,1.95
2018.02.13 21:17:06.006,1.3891,1.38918,1.00,1.95
2018.02.13 21:17:06.876,1.3891,1.38918,1.00,1.95
2018.02.13 21:17:07.654,1.3891,1.38918,1.00,1.20
2018.02.13 21:17:08.164,1.3891,1.38918,1.50,1.58
2018.02.13 21:17:08.680,1.3891,1.38918,1.00,1.76
2018.02.13 21:17:10.250,1.3891,1.38918,1.00,1.58
2018.02.13 21:17:11.832,1.38911,1.38919,1.00,1.58
2018.02.13 21:17:15.735,1.3891,1.38922,1.25,2.89
2018.02.13 21:17:16.243,1.38911,1.38921,2.06,1.82
2018.02.13 21:17:16.779,1.38911,1.3892,2.44,1.01
2018.02.13 21:17:17.776,1.38911,1.3892,2.44,1.10
2018.02.13 21:17:18.329,1.38912,1.3892,1.50,1.01
2018.02.13 21:17:18.989,1.38912,1.3892,1.12,1.10
2018.02.13 21:17:20.517,1.38913,1.3892,1.00,1.10
2018.02.13 21:17:21.230,1.38913,1.3892,1.00,1.01
2018.02.13 21:17:21.787,1.38913,1.3892,1.00,1.10
2018.02.13 21:17:22.288,1.38913,1.3892,1.00,1.01
2018.02.13 21:17:22.948,1.38913,1.3892,1.00,1.10
2018.02.13 21:17:26.321,1.38913,1.3892,1.00,1.29
2018.02.13 21:17:27.232,1.38913,1.3892,1.00,1.01
2018.02.13 21:17:27.940,1.38913,1.38921,1.00,2.08
2018.02.13 21:17:28.452,1.38913,1.3892,1.00,1.01
2018.02.13 21:17:29.080,1.38913,1.38921,1.00,2.08
2018.02.13 21:17:32.708,1.38913,1.38921,1.00,1.58
2018.02.13 21:17:32.987,1.38912,1.3892,1.00,1.76
2018.02.13 21:17:33.587,1.38912,1.3892,1.00,2.08
2018.02.13 21:17:36.130,1.38912,1.38919,1.00,1.01
2018.02.13 21:17:37.546,1.38912,1.38919,1.12,1.01
2018.02.13 21:17:41.833,1.38912,1.3892,1.12,1.95
2018.02.13 21:17:42.498,1.38912,1.3892,1.12,1.76
2018.02.13 21:17:43.106,1.38912,1.3892,1.87,1.58
2018.02.13 21:17:43.768,1.38912,1.3892,1.37,1.39
2018.02.13 21:17:44.774,1.38912,1.3892,1.50,1.76
2018.02.13 21:17:47.236,1.38912,1.3892,1.37,1.76
2018.02.13 21:17:55.838,1.3891,1.38918,1.50,1.94
2018.02.13 21:17:56.272,1.38909,1.38917,1.50,1.13
2018.02.13 21:17:56.684,1.38908,1.38917,2.25,1.58
2018.02.13 21:17:58.397,1.38909,1.38917,1.50,1.85
2018.02.13 21:17:59.734,1.38909,1.38917,1.00,1.58
2018.02.13 21:17:59.858,1.38908,1.38915,1.00,1.01
2018.02.13 21:17:59.911,1.38907,1.38914,1.00,1.50
2018.02.13 21:17:59.964,1.38904,1.38912,1.00,1.39
2018.02.13 21:18:00.515,1.38903,1.38912,1.87,1.95
2018.02.13 21:18:01.038,1.38903,1.38912,1.87,1.95
2018.02.13 21:18:02.235,1.38903,1.38912,1.50,1.95
2018.02.13 21:18:03.431,1.38903,1.38912,1.87,1.95
2018.02.13 21:18:06.510,1.38903,1.38911,1.31,1.45
2018.02.13 21:18:08.128,1.38903,1.38912,1.50,2.33
2018.02.13 21:18:10.536,1.38903,1.38912,1.50,2.89
2018.02.13 21:18:11.407,1.38903,1.38912,1.50,2.33
2018.02.13 21:18:14.733,1.38903,1.38911,1.25,1.48
2018.02.13 21:18:15.349,1.38902,1.38911,2.44,1.20
2018.02.13 21:18:15.866,1.38902,1.3891,1.50,1.20
2018.02.13 21:18:19.213,1.38902,1.3891,2.44,1.00
2018.02.13 21:18:19.531,1.38901,1.38911,1.37,2.04
2018.02.13 21:18:20.153,1.389,1.38909,1.37,1.48
2018.02.13 21:18:20.707,1.38899,1.38909,1.87,1.20
2018.02.13 21:18:21.331,1.389,1.3891,1.75,3.26
2018.02.13 21:18:24.377,1.38902,1.38909,1.69,1.10
2018.02.13 21:18:26.216,1.38901,1.38909,2.81,1.00
2018.02.13 21:18:29.293,1.38901,1.38909,1.00,1.48
2018.02.13 21:18:30.053,1.38901,1.38908,1.00,1.39
2018.02.13 21:18:31.153,1.38901,1.38908,1.00,1.01
2018.02.13 21:18:31.753,1.38901,1.38908,1.12,1.29
2018.02.13 21:18:32.366,1.38899,1.38908,1.50,1.01
2018.02.13 21:18:32.818,1.38899,1.38908,1.88,1.01
2018.02.13 21:18:33.358,1.38898,1.38908,3.56,1.20
2018.02.13 21:18:34.020,1.389,1.38908,1.00,1.66
2018.02.13 21:18:34.538,1.389,1.38908,1.00,1.39
2018.02.13 21:18:41.836,1.389,1.38908,1.00,1.76
2018.02.13 21:18:42.153,1.38895,1.38905,3.19,1.76
2018.02.13 21:18:42.205,1.38895,1.38905,2.25,1.58
2018.02.13 21:18:42.936,1.38895,1.38904,3.38,1.10
2018.02.13 21:18:44.817,1.38895,1.38905,1.87,1.89
2018.02.13 21:18:45.366,1.38895,1.38905,3.00,1.58
2018.02.13 21:18:45.903,1.38895,1.38905,2.25,1.45
2018.02.13 21:18:46.566,1.38896,1.38905,1.31,1.00
2018.02.13 21:18:49.301,1.38897,1.38905,1.63,1.20
2018.02.13 21:18:49.910,1.38897,1.38905,1.31,1.20
2018.02.13 21:18:50.903,1.38897,1.38905,2.44,1.58
2018.02.13 21:18:51.517,1.38897,1.38905,1.50,1.39
2018.02.13 21:18:52.068,1.38897,1.38905,2.63,1.58
2018.02.13 21:18:52.836,1.38897,1.38905,1.50,1.58
2018.02.13 21:18:53.459,1.38897,1.38905,2.63,1.58
2018.02.13 21:18:54.086,1.38897,1.38905,2.06,1.13
2018.02.13 21:18:55.796,1.38897,1.38905,1.69,1.13
2018.02.13 21:18:56.672,1.38897,1.38905,2.44,1.25
2018.02.13 21:18:57.542,1.38898,1.38905,1.00,1.44
2018.02.13 21:18:58.278,1.38897,1.38905,1.69,1.00
2018.02.13 21:18:58.786,1.38897,1.38905,1.69,1.00
2018.02.13 21:18:59.427,1.38897,1.38905,2.63,1.13
2018.02.13 21:19:00.099,1.38897,1.38905,1.50,1.00
2018.02.13 21:19:00.649,1.38897,1.38905,2.25,1.00
2018.02.13 21:19:01.061,1.38899,1.38907,1.50,1.01
2018.02.13 21:19:01.655,1.38899,1.38908,1.12,2.25
2018.02.13 21:19:02.255,1.38899,1.38908,1.50,2.44
2018.02.13 21:19:02.865,1.38899,1.38908,1.00,2.25
2018.02.13 21:19:04.444,1.38899,1.38908,1.00,2.70
2018.02.13 21:19:06.065,1.38899,1.38908,1.00,2.70
2018.02.13 21:19:06.276,1.38901,1.38909,1.12,2.89
2018.02.13 21:19:06.620,1.38899,1.38907,2.25,1.50
2018.02.13 21:19:07.137,1.38899,1.38909,1.50,4.20
2018.02.13 21:19:08.939,1.38898,1.38908,1.50,1.20
2018.02.13 21:19:09.043,1.38901,1.38911,2.63,2.32
2018.02.13 21:19:09.838,1.38901,1.38911,2.25,1.57
2018.02.13 21:19:09.944,1.38904,1.38912,1.00,1.45
2018.02.13 21:19:09.997,1.38902,1.38913,2.44,2.32
2018.02.13 21:19:10.410,1.38903,1.38913,3.56,2.44
2018.02.13 21:19:10.925,1.38903,1.38913,2.06,2.44
2018.02.13 21:19:11.567,1.38903,1.38913,2.25,2.25
2018.02.13 21:19:12.079,1.38903,1.38911,1.50,1.00
2018.02.13 21:19:17.830,1.38903,1.38911,1.50,1.00
2018.02.13 21:19:22.072,1.38902,1.38911,1.50,2.81
2018.02.13 21:19:22.595,1.38902,1.38911,1.50,2.81
2018.02.13 21:19:26.988,1.38902,1.38911,1.12,3.38
2018.02.13 21:19:27.553,1.38902,1.38909,1.50,1.63
2018.02.13 21:19:27.606,1.389,1.38909,1.75,1.00
2018.02.13 21:19:27.659,1.38902,1.38909,2.62,1.25
2018.02.13 21:19:27.714,1.38902,1.38908,1.12,1.00
2018.02.13 21:19:28.463,1.38901,1.38908,3.94,1.00
2018.02.13 21:19:32.229,1.38902,1.38908,1.75,1.00
2018.02.13 21:19:38.833,1.38902,1.38909,1.75,1.00
2018.02.13 21:19:41.559,1.38903,1.38909,1.00,1.00
2018.02.13 21:20:01.033,1.38901,1.38909,1.12,1.00
2018.02.13 21:20:01.580,1.38902,1.38909,1.00,1.00
2018.02.13 21:20:02.093,1.38902,1.38909,2.06,1.25
2018.02.13 21:20:02.876,1.38902,1.38909,1.25,1.00
2018.02.13 21:20:03.570,1.38902,1.38909,1.88,1.25
2018.02.13 21:20:11.857,1.38901,1.38909,3.00,1.00
2018.02.13 21:20:12.417,1.38902,1.38909,1.50,1.00
2018.02.13 21:20:13.184,1.38901,1.38909,2.06,1.00
2018.02.13 21:20:13.868,1.38902,1.38909,1.62,1.00
2018.02.13 21:20:14.433,1.38902,1.38909,1.13,1.00
2018.02.13 21:20:17.054,1.38902,1.38909,1.88,1.00
2018.02.13 21:20:17.707,1.38902,1.38909,1.50,1.00
2018.02.13 21:20:18.581,1.38902,1.38909,1.50,1.00
2018.02.13 21:20:19.151,1.38902,1.38909,1.00,1.00
2018.02.13 21:20:20.983,1.38902,1.38909,1.69,1.00
2018.02.13 21:20:21.615,1.38902,1.38909,1.50,1.00
2018.02.13 21:20:22.263,1.38901,1.38909,3.56,1.00
2018.02.13 21:20:23.412,1.38905,1.38913,1.50,4.13
2018.02.13 21:20:23.568,1.38907,1.38915,1.00,1.69
2018.02.13 21:20:25.039,1.38907,1.38914,1.00,1.31
2018.02.13 21:20:25.593,1.38907,1.38915,1.00,2.06
2018.02.13 21:20:26.103,1.38908,1.38915,1.00,2.06
2018.02.13 21:20:27.523,1.38908,1.38915,1.00,1.87
2018.02.13 21:20:28.074,1.38908,1.38915,1.00,2.06
2018.02.13 21:20:28.600,1.38908,1.38914,1.00,1.31
2018.02.13 21:20:30.130,1.38908,1.38915,1.00,1.69
2018.02.13 21:20:31.337,1.38908,1.38914,1.00,1.31
2018.02.13 21:20:32.606,1.38908,1.38915,1.00,1.88
2018.02.13 21:20:34.195,1.38908,1.38914,1.00,1.56
2018.02.13 21:20:37.201,1.38908,1.38915,1.00,2.25
2018.02.13 21:20:44.384,1.38908,1.38914,1.00,1.56
2018.02.13 21:20:44.904,1.38908,1.38915,1.00,2.25
2018.02.13 21:20:51.622,1.38908,1.38915,1.00,1.31
2018.02.13 21:20:52.150,1.38908,1.38915,1.00,1.38
2018.02.13 21:20:53.172,1.38908,1.38915,1.00,1.13
2018.02.13 21:20:55.046,1.38908,1.38914,1.00,1.38
2018.02.13 21:21:00.161,1.38908,1.38914,1.00,1.50
2018.02.13 21:21:00.778,1.38907,1.38914,1.00,2.19
2018.02.13 21:21:05.524,1.38907,1.38913,1.00,1.13
2018.02.13 21:21:06.134,1.38907,1.38913,1.00,1.13
2018.02.13 21:21:11.826,1.38907,1.38913,1.00,2.44
2018.02.13 21:21:13.838,1.38907,1.38913,1.00,1.69
2018.02.13 21:21:17.431,1.38907,1.38912,1.00,1.31
2018.02.13 21:21:18.340,1.38907,1.38913,1.50,1.19
2018.02.13 21:21:18.856,1.38907,1.38913,1.00,1.25
2018.02.13 21:21:19.367,1.38907,1.38913,1.00,1.19
2018.02.13 21:21:20.027,1.38907,1.38913,1.00,1.12
2018.02.13 21:21:29.081,1.38907,1.38913,1.00,1.50
2018.02.13 21:21:29.653,1.38907,1.38913,1.00,1.12
2018.02.13 21:21:30.366,1.38907,1.38913,1.00,1.50
2018.02.13 21:21:31.691,1.38907,1.38913,1.00,1.12
2018.02.13 21:21:32.367,1.38907,1.38913,1.00,1.31
2018.02.13 21:21:32.955,1.38907,1.38913,1.00,1.12
2018.02.13 21:21:33.483,1.38907,1.38913,1.00,1.50
2018.02.13 21:21:41.919,1.38907,1.38913,1.00,1.00
2018.02.13 21:21:50.175,1.38907,1.38913,1.00,1.13
2018.02.13 21:21:50.855,1.38907,1.38914,1.00,2.00
2018.02.13 21:21:53.725,1.38908,1.38914,1.00,2.44
2018.02.13 21:21:53.881,1.38911,1.38919,3.19,1.31
2018.02.13 21:21:53.934,1.38914,1.38922,1.00,3.26
2018.02.13 21:21:54.142,1.38917,1.38924,1.00,2.06
2018.02.13 21:21:54.240,1.38917,1.38925,1.00,4.01
2018.02.13 21:21:54.552,1.38919,1.38922,1.00,1.00
2018.02.13 21:21:55.072,1.38919,1.38924,1.00,1.00
2018.02.13 21:21:55.537,1.38919,1.38924,1.00,1.81
2018.02.13 21:21:56.373,1.38919,1.38925,1.00,2.06
2018.02.13 21:21:58.029,1.38919,1.38925,1.00,1.00
2018.02.13 21:21:58.613,1.38919,1.38924,1.00,1.00
2018.02.13 21:21:59.128,1.38919,1.38925,1.00,1.00
2018.02.13 21:22:01.384,1.38919,1.38924,1.00,1.00
2018.02.13 21:22:04.461,1.38919,1.38924,1.00,1.31
2018.02.13 21:22:05.778,1.38919,1.38925,1.00,1.69
2018.02.13 21:22:06.915,1.38919,1.38924,1.00,1.13
2018.02.13 21:22:07.665,1.38919,1.38924,1.00,1.13
2018.02.13 21:22:14.069,1.38919,1.38924,1.00,2.63
2018.02.13 21:22:16.428,1.38919,1.38925,1.00,2.81
2018.02.13 21:22:16.630,1.38917,1.38925,1.12,2.81
2018.02.13 21:22:17.499,1.38917,1.38923,1.12,1.38
2018.02.13 21:22:18.079,1.38917,1.38924,1.12,2.81
2018.02.13 21:22:21.546,1.38919,1.38925,1.00,1.50
2018.02.13 21:22:22.070,1.38919,1.38925,1.00,1.50
2018.02.13 21:22:22.605,1.38919,1.38925,1.00,1.69
2018.02.13 21:22:26.731,1.38921,1.38924,1.00,1.25
2018.02.13 21:22:27.255,1.38921,1.38925,1.00,1.31
2018.02.13 21:22:32.893,1.38922,1.38929,1.50,2.06
2018.02.13 21:22:33.200,1.38925,1.3893,1.00,2.19
2018.02.13 21:22:33.798,1.38925,1.3893,1.00,1.31
2018.02.13 21:22:34.300,1.38925,1.38929,1.00,1.31
2018.02.13 21:22:38.688,1.38925,1.38929,1.00,1.44
2018.02.13 21:22:40.896,1.38924,1.38929,1.50,1.13
2018.02.13 21:22:41.562,1.38925,1.38928,1.00,1.13
2018.02.13 21:22:42.509,1.38925,1.38929,1.00,1.19
2018.02.13 21:22:43.099,1.38924,1.38931,1.87,2.19
2018.02.13 21:22:44.477,1.38924,1.3893,1.87,1.13
2018.02.13 21:22:44.581,1.38926,1.3893,1.00,1.13
2018.02.13 21:22:45.522,1.38926,1.3893,1.00,1.25
2018.02.13 21:22:46.048,1.38926,1.38931,1.00,2.06
2018.02.13 21:22:46.381,1.38926,1.3893,1.00,1.13
2018.02.13 21:22:47.313,1.38926,1.3893,1.00,1.38
2018.02.13 21:22:48.308,1.38926,1.38931,1.00,1.88
2018.02.13 21:22:51.105,1.38927,1.38934,1.00,2.14
2018.02.13 21:22:52.124,1.38929,1.38935,1.00,1.87
2018.02.13 21:22:52.278,1.38931,1.38938,1.00,1.31
2018.02.13 21:22:52.330,1.38929,1.38939,1.12,1.50
2018.02.13 21:22:52.659,1.38932,1.38938,1.00,4.31
2018.02.13 21:22:52.968,1.3893,1.38938,1.00,4.31
2018.02.13 21:22:55.135,1.3893,1.38937,1.50,1.44
2018.02.13 21:22:56.110,1.3893,1.38937,1.00,1.56
2018.02.13 21:22:56.863,1.3893,1.38937,1.00,1.63
2018.02.13 21:22:58.944,1.38932,1.38937,1.00,1.50
2018.02.13 21:22:59.477,1.38932,1.38937,1.00,2.25
2018.02.13 21:23:00.057,1.38932,1.38937,1.00,1.50
2018.02.13 21:23:00.370,1.3893,1.38935,1.00,1.13
2018.02.13 21:23:00.774,1.3893,1.38937,1.00,1.69
2018.02.13 21:23:05.019,1.3893,1.38936,1.00,1.31
2018.02.13 21:23:05.242,1.38932,1.38938,1.00,2.06
2018.02.13 21:23:05.658,1.38932,1.38938,1.00,2.25
2018.02.13 21:23:06.578,1.38932,1.38938,1.00,2.06
2018.02.13 21:23:07.108,1.38932,1.38938,1.00,1.69
2018.02.13 21:23:12.736,1.38932,1.38938,1.00,1.75
2018.02.13 21:23:14.157,1.38932,1.38938,1.00,1.13
2018.02.13 21:23:18.828,1.38932,1.38938,1.00,2.06
2018.02.13 21:23:19.085,1.3893,1.38938,1.00,3.19
2018.02.13 21:23:19.617,1.3893,1.38937,1.00,1.31
2018.02.13 21:23:19.970,1.3893,1.38938,1.12,1.50
2018.02.13 21:23:20.022,1.38933,1.38938,1.00,1.50
2018.02.13 21:23:20.861,1.38933,1.38938,1.00,1.13
2018.02.13 21:23:21.745,1.38933,1.38938,1.00,1.75
2018.02.13 21:23:22.304,1.38932,1.38937,1.00,1.88
2018.02.13 21:23:22.356,1.38933,1.38937,1.00,1.56
2018.02.13 21:23:44.792,1.38929,1.38937,1.50,1.88
2018.02.13 21:23:46.558,1.38932,1.38936,1.00,1.00
2018.02.13 21:23:46.868,1.38931,1.38937,1.00,1.75
2018.02.13 21:23:49.162,1.38931,1.38935,1.00,1.13
2018.02.13 21:23:50.761,1.3893,1.38935,1.00,3.56
2018.02.13 21:23:50.813,1.38929,1.38935,1.00,4.31
2018.02.13 21:23:51.368,1.38929,1.38933,1.00,1.13
2018.02.13 21:23:51.548,1.38927,1.38933,1.00,1.19
2018.02.13 21:23:55.100,1.38927,1.38934,1.00,1.88
2018.02.13 21:23:55.153,1.38927,1.38933,1.00,1.88
2018.02.13 21:23:55.464,1.38926,1.3893,1.00,1.75
2018.02.13 21:23:55.990,1.38925,1.3893,1.00,1.56
2018.02.13 21:23:58.351,1.38925,1.3893,1.00,1.88
2018.02.13 21:24:00.434,1.38923,1.3893,1.00,1.75
2018.02.13 21:24:00.967,1.38923,1.3893,1.00,1.75
2018.02.13 21:24:01.019,1.38923,1.3893,1.12,3.37
2018.02.13 21:24:01.602,1.38923,1.3893,1.12,3.75
2018.02.13 21:24:02.445,1.38923,1.3893,1.00,2.81
2018.02.13 21:24:02.957,1.38922,1.3893,1.00,3.56
2018.02.13 21:24:05.444,1.38922,1.38929,1.00,1.39
2018.02.13 21:24:05.600,1.38922,1.38929,1.00,2.03
2018.02.13 21:24:06.936,1.38922,1.38929,1.00,2.25
2018.02.13 21:24:06.993,1.3892,1.38926,1.00,5.44
2018.02.13 21:24:07.304,1.38918,1.38925,1.00,3.56
2018.02.13 21:24:08.318,1.38918,1.38924,1.00,3.56
2018.02.13 21:24:10.701,1.38915,1.38921,1.00,1.38
2018.02.13 21:24:10.915,1.38911,1.3892,1.00,7.88
2018.02.13 21:24:11.071,1.38908,1.38919,1.25,1.81
2018.02.13 21:24:11.480,1.38908,1.38919,1.12,3.38
2018.02.13 21:24:12.085,1.38908,1.38919,1.25,2.06
2018.02.13 21:24:12.775,1.38908,1.38919,1.00,3.00
2018.02.13 21:24:13.438,1.38908,1.38919,1.19,4.31
2018.02.13 21:24:13.944,1.38908,1.38918,1.12,1.13
2018.02.13 21:24:17.808,1.38908,1.38918,1.12,1.31
2018.02.13 21:24:19.292,1.38908,1.38918,1.12,1.38
2018.02.13 21:24:20.145,1.38908,1.38918,1.12,1.63
2018.02.13 21:24:20.755,1.38908,1.38918,1.12,4.31
2018.02.13 21:24:22.801,1.38908,1.38917,1.12,1.69
2018.02.13 21:24:23.983,1.38907,1.38918,1.88,4.13
2018.02.13 21:24:24.716,1.38907,1.38918,1.50,4.88
2018.02.13 21:24:24.948,1.38904,1.38914,1.57,2.06
2018.02.13 21:24:25.001,1.38901,1.38911,1.76,4.31
2018.02.13 21:24:25.105,1.389,1.3891,1.47,1.31
2018.02.13 21:24:25.157,1.389,1.3891,1.58,1.00
2018.02.13 21:24:25.313,1.38902,1.38913,1.50,2.63
2018.02.13 21:24:25.365,1.38904,1.38914,1.00,3.26
2018.02.13 21:24:25.855,1.38904,1.38916,1.63,3.64
2018.02.13 21:24:26.683,1.38904,1.38915,1.00,1.38
2018.02.13 21:24:27.241,1.38904,1.38915,1.00,1.75
2018.02.13 21:24:28.398,1.38904,1.38916,1.50,3.19
2018.02.13 21:24:28.911,1.38904,1.38916,3.00,1.25
2018.02.13 21:24:29.771,1.38904,1.38916,2.44,1.00
2018.02.13 21:24:29.823,1.38904,1.38916,2.81,1.00
2018.02.13 21:24:30.480,1.38905,1.38917,1.81,2.63
2018.02.13 21:24:31.215,1.38905,1.38917,1.38,1.50
2018.02.13 21:24:33.997,1.38905,1.38914,1.31,1.13
2018.02.13 21:24:34.262,1.389,1.38909,1.13,1.50
2018.02.13 21:24:35.219,1.389,1.3891,1.00,1.69
2018.02.13 21:24:36.151,1.389,1.3891,1.00,3.56
2018.02.13 21:24:37.708,1.389,1.38909,1.00,3.56
2018.02.13 21:24:37.814,1.38898,1.38904,1.00,1.13
2018.02.13 21:24:38.121,1.38895,1.38903,1.00,1.75
2018.02.13 21:24:38.733,1.38894,1.38902,1.00,4.31
2018.02.13 21:24:39.396,1.38894,1.38902,1.00,4.31
2018.02.13 21:24:40.160,1.38894,1.38902,1.00,4.12
2018.02.13 21:24:40.444,1.38895,1.38905,2.25,1.00
2018.02.13 21:24:40.549,1.38894,1.38904,1.50,1.00
2018.02.13 21:24:40.702,1.38894,1.38905,2.44,2.44
2018.02.13 21:24:41.978,1.38895,1.38905,1.00,1.00
2018.02.13 21:24:42.505,1.38896,1.38905,1.00,1.00
2018.02.13 21:24:45.848,1.38896,1.38906,1.00,3.00
2018.02.13 21:24:46.628,1.38896,1.38906,1.13,3.38
2018.02.13 21:24:47.524,1.38896,1.38906,1.00,3.00
2018.02.13 21:24:49.011,1.38894,1.38904,1.00,3.38
2018.02.13 21:24:49.553,1.38894,1.38903,1.00,2.25
2018.02.13 21:24:52.563,1.38894,1.38904,1.00,4.13
2018.02.13 21:24:55.548,1.38895,1.38903,2.25,1.00
2018.02.13 21:24:55.860,1.38897,1.38904,1.00,1.00
2018.02.13 21:24:56.313,1.38897,1.38904,1.00,1.63
2018.02.13 21:24:56.831,1.38897,1.38905,1.00,1.31
2018.02.13 21:24:59.327,1.38897,1.38906,1.13,3.75
2018.02.13 21:25:00.390,1.38897,1.38906,1.00,1.69
2018.02.13 21:25:02.313,1.38898,1.38906,1.50,1.31
2018.02.13 21:25:02.900,1.38897,1.38907,2.25,1.31
2018.02.13 21:25:03.434,1.38897,1.38906,2.25,1.00
2018.02.13 21:25:04.237,1.38896,1.38906,1.31,1.00
2018.02.13 21:25:04.820,1.38896,1.38906,2.81,1.00
2018.02.13 21:25:05.386,1.38896,1.38907,1.13,1.56
2018.02.13 21:25:05.488,1.38899,1.38906,1.00,1.00
2018.02.13 21:25:05.983,1.389,1.38907,1.00,1.46
2018.02.13 21:25:06.036,1.38899,1.38908,1.00,3.00
2018.02.13 21:25:06.584,1.38899,1.38905,1.00,1.25
2018.02.13 21:25:12.273,1.38898,1.38906,1.00,1.31
2018.02.13 21:25:12.816,1.38898,1.38905,1.00,1.25
2018.02.13 21:25:14.361,1.389,1.38905,1.00,2.63
2018.02.13 21:25:14.865,1.389,1.38905,1.00,2.44
2018.02.13 21:25:15.500,1.389,1.38906,1.00,4.13
2018.02.13 21:25:16.090,1.38901,1.38906,1.00,4.13
2018.02.13 21:25:16.677,1.389,1.38905,1.00,1.13
2018.02.13 21:25:17.201,1.38899,1.38905,1.00,1.50
2018.02.13 21:25:18.327,1.38897,1.38905,1.00,1.00
2018.02.13 21:25:18.380,1.38897,1.38902,1.00,1.00
2018.02.13 21:25:18.434,1.38898,1.38904,1.00,1.00
2018.02.13 21:25:18.538,1.38896,1.38904,1.00,1.25
2018.02.13 21:25:19.155,1.38897,1.38905,1.00,1.63
2018.02.13 21:25:19.806,1.38898,1.38905,1.00,2.00
2018.02.13 21:25:20.938,1.38897,1.38905,1.00,1.63
2018.02.13 21:25:22.418,1.38898,1.38905,1.00,1.50
2018.02.13 21:25:22.840,1.38896,1.38905,2.44,1.50
2018.02.13 21:25:23.364,1.38896,1.38905,2.44,2.03
2018.02.13 21:25:23.636,1.38896,1.38902,1.50,1.46
2018.02.13 21:25:24.415,1.38896,1.38902,1.00,1.31
2018.02.13 21:25:26.469,1.38896,1.38902,1.00,1.50
2018.02.13 21:25:29.823,1.38895,1.38901,1.00,1.00
2018.02.13 21:25:30.336,1.38894,1.38902,1.00,4.69
2018.02.13 21:25:30.886,1.38894,1.389,1.00,1.25
2018.02.13 21:25:32.474,1.38894,1.38899,1.00,1.25
2018.02.13 21:25:34.217,1.38894,1.389,1.00,1.31
2018.02.13 21:25:34.527,1.38894,1.38898,1.00,1.25
2018.02.13 21:25:39.342,1.38892,1.38898,1.00,1.69
2018.02.13 21:25:39.394,1.3889,1.38898,1.00,3.56
2018.02.13 21:25:39.550,1.38891,1.38896,1.00,1.31
2018.02.13 21:25:40.957,1.38891,1.38896,1.00,1.63
2018.02.13 21:25:42.807,1.38891,1.38896,1.00,1.13
2018.02.13 21:25:45.477,1.38888,1.38896,1.13,1.50
2018.02.13 21:25:46.071,1.38888,1.38895,1.31,1.13
2018.02.13 21:25:46.614,1.38888,1.38896,1.00,1.50
2018.02.13 21:25:47.353,1.38888,1.38896,1.25,1.31
2018.02.13 21:25:48.862,1.38888,1.38896,1.00,1.25
2018.02.13 21:25:49.378,1.38889,1.38896,1.00,1.25
2018.02.13 21:25:49.661,1.38889,1.38896,1.00,1.63
2018.02.13 21:25:50.304,1.38889,1.38896,1.00,1.63
2018.02.13 21:25:51.069,1.38889,1.38896,1.00,1.69
2018.02.13 21:25:51.624,1.38889,1.38896,1.00,1.69
2018.02.13 21:25:53.123,1.38889,1.38895,1.00,1.63
2018.02.13 21:25:53.936,1.38889,1.38896,1.00,1.63
2018.02.13 21:25:54.522,1.38889,1.38895,1.00,1.31
2018.02.13 21:25:56.080,1.38889,1.38896,1.00,1.31
2018.02.13 21:25:57.745,1.38889,1.38896,1.00,1.63
2018.02.13 21:25:57.796,1.38889,1.38896,1.00,1.31
2018.02.13 21:25:58.332,1.38889,1.38896,1.00,1.31
2018.02.13 21:26:01.004,1.38889,1.38898,1.00,1.25
2018.02.13 21:26:01.663,1.38889,1.38898,1.25,1.63
2018.02.13 21:26:02.198,1.38889,1.38897,1.69,1.63
2018.02.13 21:26:03.296,1.38889,1.38894,1.50,1.25
2018.02.13 21:26:03.637,1.38886,1.38895,1.50,1.31
2018.02.13 21:26:03.690,1.38887,1.38892,1.00,1.25
2018.02.13 21:26:03.746,1.38887,1.38894,1.00,1.25
2018.02.13 21:26:04.007,1.3889,1.38896,1.00,1.25
2018.02.13 21:26:04.409,1.3889,1.38898,1.00,2.63
2018.02.13 21:26:04.562,1.3889,1.38898,1.00,2.81
2018.02.13 21:26:04.921,1.3889,1.38897,1.00,1.12
2018.02.13 21:26:05.023,1.3889,1.38897,1.00,1.63
2018.02.13 21:26:06.108,1.3889,1.38894,1.00,1.25
2018.02.13 21:26:06.787,1.3889,1.38895,1.00,1.12
2018.02.13 21:26:08.267,1.3889,1.38894,1.00,1.25
2018.02.13 21:26:08.807,1.3889,1.38895,1.00,1.25
2018.02.13 21:26:09.062,1.3889,1.38898,1.00,2.25
2018.02.13 21:26:09.341,1.3889,1.38898,1.00,2.63
2018.02.13 21:26:10.109,1.3889,1.38898,1.00,5.06
2018.02.13 21:26:10.642,1.3889,1.38898,1.00,5.06
2018.02.13 21:26:10.694,1.3889,1.38898,1.00,4.31
2018.02.13 21:26:10.848,1.3889,1.38898,1.00,5.06
2018.02.13 21:26:10.959,1.3889,1.38898,1.00,4.12
2018.02.13 21:26:11.467,1.3889,1.38899,1.00,2.06
2018.02.13 21:26:11.520,1.3889,1.38898,1.00,1.38
2018.02.13 21:26:12.591,1.3889,1.38898,1.00,2.25
2018.02.13 21:26:13.340,1.3889,1.38898,1.00,2.81
2018.02.13 21:26:13.651,1.3889,1.38898,1.00,2.44
2018.02.13 21:26:14.033,1.3889,1.38899,1.00,1.87
2018.02.13 21:26:14.476,1.38892,1.38899,1.00,2.62
2018.02.13 21:26:14.786,1.3889,1.38899,1.00,2.06
2018.02.13 21:26:16.278,1.3889,1.38899,1.00,3.00
2018.02.13 21:26:17.119,1.3889,1.38899,1.00,1.94
2018.02.13 21:26:17.377,1.3889,1.38898,1.00,1.69
2018.02.13 21:26:17.899,1.3889,1.38898,1.00,1.63
2018.02.13 21:26:18.059,1.38889,1.38898,1.00,1.44
2018.02.13 21:26:18.111,1.38888,1.38898,1.00,1.63
2018.02.13 21:26:22.438,1.38888,1.38897,2.25,1.56
2018.02.13 21:26:23.860,1.38888,1.38898,1.00,1.94
2018.02.13 21:26:24.371,1.38888,1.38898,3.00,1.75
2018.02.13 21:26:25.044,1.38888,1.38898,1.00,1.38
2018.02.13 21:26:25.477,1.38888,1.38898,1.50,1.13
2018.02.13 21:26:25.531,1.3889,1.38899,1.00,3.19
2018.02.13 21:26:26.050,1.38889,1.38899,1.00,4.12
2018.02.13 21:26:26.365,1.3889,1.38897,1.00,1.13
2018.02.13 21:26:26.418,1.3889,1.38898,1.00,4.13
2018.02.13 21:26:26.521,1.38888,1.38897,1.00,2.63
2018.02.13 21:26:26.573,1.38888,1.38897,2.25,2.63
2018.02.13 21:26:26.887,1.38887,1.38896,1.00,1.38
2018.02.13 21:26:27.395,1.38887,1.38896,1.00,1.44
2018.02.13 21:26:27.908,1.38886,1.38896,3.00,1.38
2018.02.13 21:26:28.271,1.38886,1.38895,1.37,2.44
2018.02.13 21:26:29.082,1.38886,1.38896,1.00,4.13
2018.02.13 21:26:30.836,1.38886,1.38896,2.81,1.12
2018.02.13 21:26:30.888,1.38888,1.38897,1.00,1.87
2018.02.13 21:26:31.430,1.38887,1.38895,1.00,1.00
2018.02.13 21:26:34.747,1.38887,1.38895,2.25,1.44
2018.02.13 21:26:35.312,1.38887,1.38895,1.00,1.25
2018.02.13 21:26:38.429,1.38888,1.38895,1.00,1.13
2018.02.13 21:26:38.978,1.38887,1.38895,2.44,1.13
2018.02.13 21:26:40.237,1.38887,1.38895,1.00,1.38
2018.02.13 21:26:40.745,1.38887,1.38895,1.00,1.13
2018.02.13 21:26:47.011,1.38887,1.38895,1.00,1.38
2018.02.13 21:26:48.013,1.38887,1.38895,1.00,1.25
2018.02.13 21:26:48.634,1.38888,1.38895,1.00,1.00
2018.02.13 21:26:49.028,1.38887,1.38897,2.62,3.19
2018.02.13 21:26:49.539,1.38887,1.38897,2.25,3.19
2018.02.13 21:26:50.415,1.38888,1.38897,1.00,2.63
2018.02.13 21:26:50.985,1.38887,1.38897,1.00,1.50
2018.02.13 21:26:57.116,1.38887,1.38897,1.00,3.00
2018.02.13 21:26:58.344,1.38887,1.38897,1.00,3.56
2018.02.13 21:27:00.132,1.38887,1.38895,1.00,1.69
2018.02.13 21:27:02.246,1.38887,1.38895,1.00,1.63
2018.02.13 21:27:02.868,1.38887,1.38895,1.00,1.38
2018.02.13 21:27:03.386,1.38887,1.38895,1.00,1.44
2018.02.13 21:27:03.977,1.38887,1.38895,1.00,1.63
2018.02.13 21:27:05.690,1.38887,1.38895,1.12,1.38
2018.02.13 21:27:06.984,1.38887,1.38895,1.12,1.56
2018.02.13 21:27:08.880,1.38887,1.38895,1.12,1.62
2018.02.13 21:27:10.863,1.38889,1.38895,2.25,1.62
2018.02.13 21:27:10.968,1.3889,1.38898,1.00,1.00
2018.02.13 21:27:11.665,1.38891,1.38898,1.00,1.13
2018.02.13 21:27:12.350,1.3889,1.38899,2.25,1.13
2018.02.13 21:27:16.318,1.38891,1.38899,1.50,1.31
2018.02.13 21:27:19.588,1.3889,1.38899,3.19,1.00
2018.02.13 21:27:20.371,1.38891,1.38899,1.69,1.31
2018.02.13 21:27:32.764,1.38891,1.38899,2.06,1.88
2018.02.13 21:27:35.242,1.38891,1.38899,1.87,1.50
2018.02.13 21:27:35.949,1.38892,1.38899,1.00,1.31
2018.02.13 21:27:44.343,1.38891,1.38899,1.12,1.00
2018.02.13 21:27:44.677,1.38891,1.38901,1.12,2.62
2018.02.13 21:27:45.265,1.3889,1.38901,3.00,2.44
2018.02.13 21:27:45.317,1.38893,1.38901,1.00,2.44
2018.02.13 21:27:50.816,1.38891,1.38901,2.06,1.00
2018.02.13 21:27:51.380,1.38892,1.38902,1.00,1.50
2018.02.13 21:27:59.555,1.38892,1.38902,1.00,2.06
2018.02.13 21:27:59.964,1.38892,1.38902,1.00,2.06
2018.02.13 21:28:02.819,1.38891,1.38901,1.37,1.25
2018.02.13 21:28:06.658,1.38891,1.38901,3.94,1.44
2018.02.13 21:28:08.008,1.38895,1.38904,1.25,1.69
2018.02.13 21:28:08.060,1.38896,1.38905,1.00,4.39
2018.02.13 21:28:08.113,1.38896,1.38906,2.25,1.50
2018.02.13 21:28:08.165,1.38898,1.38906,1.00,1.12
2018.02.13 21:28:08.218,1.38896,1.38906,1.87,1.31
2018.02.13 21:28:08.270,1.38898,1.38908,1.50,1.87
2018.02.13 21:28:10.722,1.389,1.3891,2.06,3.00
2018.02.13 21:28:11.488,1.38899,1.38909,1.50,4.50
2018.02.13 21:28:12.818,1.38899,1.38907,1.00,2.81
2018.02.13 21:28:13.514,1.38898,1.38906,1.00,1.00
2018.02.13 21:28:14.028,1.38899,1.38906,1.00,1.00
2018.02.13 21:28:18.025,1.38898,1.38906,1.50,1.00
2018.02.13 21:28:24.330,1.38899,1.38908,1.12,2.25
2018.02.13 21:28:25.117,1.38898,1.38908,3.94,1.12
2018.02.13 21:28:25.701,1.38899,1.38908,1.00,1.12
2018.02.13 21:28:25.961,1.389,1.38911,1.87,3.37
2018.02.13 21:28:26.094,1.38902,1.38912,1.00,1.50
2018.02.13 21:28:27.031,1.38903,1.38912,1.50,1.12
2018.02.13 21:28:28.028,1.38903,1.38912,1.50,1.00
2018.02.13 21:28:28.537,1.38903,1.38912,1.87,1.00
2018.02.13 21:28:30.018,1.38903,1.38913,1.87,1.12
2018.02.13 21:28:30.677,1.38903,1.38913,1.87,1.37
2018.02.13 21:28:31.937,1.38903,1.38913,1.87,1.00
2018.02.13 21:28:32.822,1.38904,1.38913,1.12,1.00
2018.02.13 21:28:33.929,1.38905,1.38913,1.25,1.00
2018.02.13 21:28:34.472,1.38904,1.38913,1.69,1.00
2018.02.13 21:28:36.395,1.38904,1.38914,1.25,2.62
2018.02.13 21:28:37.531,1.38904,1.38914,1.00,1.87
2018.02.13 21:28:40.134,1.38903,1.38914,1.25,6.00
2018.02.13 21:28:40.685,1.38903,1.38914,1.00,3.75
2018.02.13 21:28:41.863,1.38903,1.38914,1.00,5.62
2018.02.13 21:28:42.759,1.38903,1.38913,1.00,1.00
2018.02.13 21:28:50.236,1.38904,1.38914,1.12,3.56
2018.02.13 21:28:52.740,1.38905,1.38915,1.00,7.12
2018.02.13 21:28:53.491,1.38904,1.38915,1.87,4.50
2018.02.13 21:28:54.814,1.38904,1.38912,1.00,2.44
2018.02.13 21:28:55.323,1.38903,1.38911,1.00,3.00
2018.02.13 21:28:55.376,1.38901,1.38911,1.87,3.37
2018.02.13 21:28:56.254,1.38901,1.38911,1.87,1.69
2018.02.13 21:28:56.357,1.38901,1.38911,1.87,1.50
2018.02.13 21:28:57.977,1.38901,1.38911,1.12,1.87
2018.02.13 21:29:00.267,1.38901,1.3891,1.37,1.00
2018.02.13 21:29:00.371,1.38903,1.38912,1.50,1.50
2018.02.13 21:29:00.929,1.38903,1.38913,1.12,3.37
2018.02.13 21:29:01.394,1.38905,1.38912,1.00,1.00
2018.02.13 21:29:02.140,1.38904,1.38912,1.12,1.00
2018.02.13 21:29:03.491,1.38905,1.38912,1.00,1.00
2018.02.13 21:29:05.448,1.38903,1.38912,1.50,1.00
2018.02.13 21:29:07.180,1.38903,1.38912,1.00,1.00
2018.02.13 21:29:10.788,1.38903,1.38913,1.00,1.00
2018.02.13 21:29:11.420,1.38904,1.38913,1.00,1.44
2018.02.13 21:29:11.968,1.38903,1.38913,1.12,1.00
2018.02.13 21:29:12.641,1.38904,1.38913,1.00,1.19
2018.02.13 21:29:13.187,1.38903,1.38913,1.12,2.44
2018.02.13 21:29:13.495,1.38905,1.38912,1.00,1.00
2018.02.13 21:29:13.547,1.38903,1.38912,1.87,1.00
2018.02.13 21:29:14.061,1.38904,1.38912,1.00,1.00
2018.02.13 21:29:14.720,1.38903,1.38912,1.00,1.00
2018.02.13 21:29:15.606,1.38904,1.38912,1.00,1.00
2018.02.13 21:29:16.143,1.38903,1.38913,2.25,1.50
2018.02.13 21:29:16.701,1.38902,1.38911,3.19,1.25
2018.02.13 21:29:17.229,1.38903,1.38911,1.00,1.69
2018.02.13 21:29:17.975,1.38902,1.38912,1.00,1.56
2018.02.13 21:29:18.268,1.38898,1.3891,2.14,2.63
2018.02.13 21:29:18.374,1.38897,1.38909,1.00,2.25
2018.02.13 21:29:18.634,1.38898,1.38909,1.25,2.06
2018.02.13 21:29:19.049,1.38897,1.38905,1.00,3.56
2018.02.13 21:29:19.468,1.38897,1.38904,1.00,1.00
2018.02.13 21:29:19.879,1.38895,1.38904,1.50,2.81
2018.02.13 21:29:20.881,1.38895,1.38904,1.00,2.25
2018.02.13 21:29:21.930,1.38895,1.38905,3.00,1.69
2018.02.13 21:29:22.234,1.38902,1.38908,2.44,1.00
2018.02.13 21:29:22.285,1.389,1.3891,3.56,1.19
2018.02.13 21:29:22.337,1.38901,1.38909,1.00,1.13
2018.02.13 21:29:22.854,1.389,1.38907,1.50,1.25
2018.02.13 21:29:23.356,1.38899,1.38907,1.00,1.38
2018.02.13 21:29:24.606,1.38899,1.38907,1.00,1.13
2018.02.13 21:29:25.114,1.38899,1.38907,2.25,1.38
2018.02.13 21:29:25.640,1.38899,1.38907,1.00,1.13
2018.02.13 21:29:29.577,1.38899,1.38907,2.25,1.37
2018.02.13 21:29:30.718,1.38899,1.38907,3.00,1.00
2018.02.13 21:29:31.219,1.38899,1.38907,1.50,1.44
2018.02.13 21:29:32.381,1.38898,1.38906,1.50,2.81
2018.02.13 21:29:32.888,1.38897,1.38904,1.50,1.31
2018.02.13 21:29:33.198,1.38896,1.38902,1.00,1.00
2018.02.13 21:29:33.405,1.38897,1.38905,2.25,1.12
2018.02.13 21:29:33.926,1.38898,1.38905,1.00,1.00
2018.02.13 21:29:34.444,1.38897,1.38905,1.50,1.00
2018.02.13 21:29:34.497,1.38899,1.38906,1.50,1.00
2018.02.13 21:29:35.013,1.38898,1.38907,1.00,2.81
2018.02.13 21:29:35.599,1.38899,1.38907,1.00,4.13
2018.02.13 21:29:35.702,1.38896,1.38906,2.25,1.50
2018.02.13 21:29:42.921,1.38897,1.38906,1.00,1.38
2018.02.13 21:29:43.426,1.38896,1.38906,1.87,1.50
2018.02.13 21:29:44.123,1.38897,1.38906,1.00,2.06
2018.02.13 21:29:45.306,1.38896,1.38906,2.06,1.69
2018.02.13 21:29:45.914,1.38897,1.38906,1.00,1.63
2018.02.13 21:29:48.675,1.38897,1.38906,1.00,1.88
2018.02.13 21:29:48.728,1.38898,1.38908,4.87,1.76
2018.02.13 21:29:48.781,1.38899,1.38909,2.06,1.00
2018.02.13 21:29:49.093,1.38902,1.38911,1.00,3.38
2018.02.13 21:29:49.618,1.38901,1.38911,1.50,3.19
2018.02.13 21:29:50.205,1.38901,1.38911,1.50,3.38
2018.02.13 21:29:50.715,1.389,1.3891,1.12,2.44
2018.02.13 21:29:51.092,1.389,1.3891,1.31,2.06
2018.02.13 21:29:51.604,1.38899,1.3891,2.44,2.81
2018.02.13 21:29:51.973,1.38901,1.3891,1.50,2.63
2018.02.13 21:29:52.281,1.38897,1.38905,1.69,1.13
2018.02.13 21:29:52.383,1.38897,1.38905,1.50,1.13
2018.02.13 21:29:52.639,1.38896,1.38904,1.00,1.88
2018.02.13 21:29:52.742,1.38894,1.38902,1.00,2.44
2018.02.13 21:29:52.854,1.38891,1.38902,5.25,2.81
2018.02.13 21:29:52.956,1.38892,1.38902,1.00,2.81
2018.02.13 21:29:53.110,1.38893,1.38901,1.00,1.38
2018.02.13 21:29:53.161,1.38891,1.38902,2.44,3.75
2018.02.13 21:29:53.728,1.38891,1.38902,1.69,3.75
2018.02.13 21:29:54.751,1.38891,1.389,1.69,1.00
2018.02.13 21:29:54.922,1.38899,1.38905,2.44,1.50
2018.02.13 21:29:55.027,1.38901,1.38909,2.62,1.00
2018.02.13 21:29:55.120,1.38904,1.38909,1.00,1.00
2018.02.13 21:29:55.173,1.38905,1.38911,1.25,1.00
2018.02.13 21:29:55.688,1.38904,1.38911,3.37,1.00
2018.02.13 21:29:57.682,1.38903,1.38911,2.25,1.00
2018.02.13 21:29:58.188,1.38904,1.38911,1.00,1.00
2018.02.13 21:29:59.748,1.38903,1.38911,1.69,1.25
2018.02.13 21:30:00.099,1.38904,1.38913,1.25,1.31
2018.02.13 21:30:00.306,1.38904,1.38912,1.25,1.44
2018.02.13 21:30:00.616,1.38904,1.38913,1.31,1.00
2018.02.13 21:30:00.719,1.38906,1.38914,1.00,1.00
2018.02.13 21:30:01.234,1.38906,1.38915,1.00,1.25
2018.02.13 21:30:01.544,1.38904,1.38915,1.31,2.19
2018.02.13 21:30:01.919,1.38906,1.38913,1.00,1.25
2018.02.13 21:30:02.035,1.38904,1.38913,2.06,1.00
2018.02.13 21:30:02.580,1.38905,1.38913,1.00,1.00
2018.02.13 21:30:03.130,1.38903,1.38912,1.81,2.62
2018.02.13 21:30:03.786,1.38901,1.38912,2.44,2.81
2018.02.13 21:30:04.431,1.38901,1.38912,1.81,2.81
2018.02.13 21:30:04.878,1.38894,1.38902,2.66,1.50
2018.02.13 21:30:05.034,1.38889,1.38899,4.20,1.63
2018.02.13 21:30:05.492,1.38889,1.389,1.87,2.06
2018.02.13 21:30:06.000,1.38889,1.389,1.50,1.88
2018.02.13 21:30:07.697,1.38897,1.389,1.00,1.87
2018.02.13 21:30:07.749,1.38899,1.3891,1.69,2.89
2018.02.13 21:30:07.802,1.389,1.3891,1.12,2.25
2018.02.13 21:30:10.291,1.389,1.38911,1.69,5.44
2018.02.13 21:30:11.222,1.389,1.38911,1.81,5.44
2018.02.13 21:30:13.324,1.389,1.3891,2.06,1.63
2018.02.13 21:30:15.158,1.389,1.3891,1.56,1.38
2018.02.13 21:30:16.434,1.389,1.3891,1.56,1.25
2018.02.13 21:30:16.988,1.389,1.3891,1.56,1.44
2018.02.13 21:30:21.610,1.389,1.3891,2.06,1.56
2018.02.13 21:30:21.763,1.389,1.38911,1.19,2.62
2018.02.13 21:30:22.123,1.38904,1.38915,2.25,1.64
2018.02.13 21:30:22.226,1.38904,1.38916,3.00,1.87
2018.02.13 21:30:22.532,1.38905,1.38917,1.31,1.63
2018.02.13 21:30:23.078,1.38905,1.38916,1.00,1.88
2018.02.13 21:30:23.895,1.38904,1.38916,1.81,2.44
2018.02.13 21:30:24.211,1.38901,1.38911,3.00,2.06
2018.02.13 21:30:24.317,1.389,1.3891,1.50,1.56
2018.02.13 21:30:25.169,1.389,1.38912,1.00,3.94
2018.02.13 21:30:26.245,1.389,1.38912,1.50,4.13
2018.02.13 21:30:27.215,1.389,1.3891,1.00,1.63
2018.02.13 21:30:28.901,1.38899,1.3891,4.12,1.31
2018.02.13 21:30:29.216,1.38901,1.38912,2.25,1.87
2018.02.13 21:30:29.477,1.3891,1.38919,1.00,1.58
2018.02.13 21:30:29.530,1.3891,1.38919,1.00,2.06
2018.02.13 21:30:29.997,1.38908,1.38918,4.31,1.38
2018.02.13 21:30:30.657,1.38908,1.38919,5.06,2.81
2018.02.13 21:30:33.678,1.38909,1.38919,2.81,1.31
2018.02.13 21:30:33.784,1.38909,1.38919,3.37,1.81
2018.02.13 21:30:34.147,1.38909,1.38919,2.81,1.31
2018.02.13 21:30:34.668,1.38909,1.38919,2.81,1.13
2018.02.13 21:30:35.279,1.38909,1.38918,2.81,1.38
2018.02.13 21:30:37.233,1.38909,1.3892,3.56,1.94
2018.02.13 21:30:37.433,1.38909,1.3892,2.81,1.94
2018.02.13 21:30:37.560,1.38909,1.3892,3.56,1.94
2018.02.13 21:30:38.526,1.38909,1.3892,3.94,1.69
2018.02.13 21:30:39.082,1.38909,1.3892,4.69,1.69
2018.02.13 21:30:39.896,1.38909,1.3892,3.56,2.25
2018.02.13 21:30:42.142,1.38909,1.38919,1.31,1.69
2018.02.13 21:30:42.864,1.38909,1.38919,2.06,1.31
2018.02.13 21:30:44.557,1.38909,1.38919,1.31,1.31
2018.02.13 21:30:45.231,1.38908,1.38919,2.44,1.13
2018.02.13 21:30:46.020,1.38908,1.38919,2.44,1.31
2018.02.13 21:30:46.832,1.38909,1.38919,1.31,1.31
2018.02.13 21:30:47.703,1.38908,1.3892,3.56,2.62
2018.02.13 21:30:48.011,1.38909,1.3892,2.44,1.62
2018.02.13 21:30:48.353,1.3891,1.3892,1.31,1.13
2018.02.13 21:30:48.861,1.3891,1.3892,1.31,1.31
2018.02.13 21:30:50.791,1.3891,1.3892,1.31,1.31
2018.02.13 21:30:51.492,1.3891,1.38921,1.31,3.38
2018.02.13 21:30:54.620,1.38909,1.3892,3.19,1.31
2018.02.13 21:30:55.277,1.38909,1.38921,3.19,5.25
2018.02.13 21:30:56.718,1.3891,1.38921,1.19,3.94
2018.02.13 21:30:59.921,1.38911,1.38921,1.31,2.44
2018.02.13 21:31:00.219,1.3891,1.3892,3.19,1.00
2018.02.13 21:31:00.376,1.38913,1.38923,1.00,1.31
2018.02.13 21:31:00.988,1.38911,1.38923,3.00,1.39
2018.02.13 21:31:01.429,1.38912,1.38923,1.00,2.63
2018.02.13 21:31:01.977,1.38913,1.38922,1.69,1.88
2018.02.13 21:31:02.574,1.38913,1.38922,1.31,1.69
2018.02.13 21:31:03.859,1.38912,1.38924,4.13,3.38
2018.02.13 21:31:04.118,1.38913,1.38924,1.00,3.19
2018.02.13 21:31:04.222,1.38912,1.38924,3.38,3.00
2018.02.13 21:31:04.942,1.38917,1.38926,1.31,1.20
2018.02.13 21:31:05.256,1.38919,1.38929,1.31,1.13
2018.02.13 21:31:05.941,1.3892,1.38929,1.38,1.13
2018.02.13 21:31:06.469,1.38919,1.38928,2.44,1.00
2018.02.13 21:31:07.938,1.38919,1.38929,2.06,1.13
2018.02.13 21:31:09.440,1.38924,1.38931,1.00,1.13
2018.02.13 21:31:09.990,1.38923,1.38932,1.25,1.75
2018.02.13 21:31:10.586,1.3892,1.38932,5.06,1.81
2018.02.13 21:31:11.173,1.38921,1.38932,1.31,1.94
2018.02.13 21:31:11.973,1.3892,1.38932,4.12,1.87
2018.02.13 21:31:12.813,1.38921,1.38931,1.31,1.69
2018.02.13 21:31:13.555,1.3892,1.38931,3.75,1.50
2018.02.13 21:31:14.353,1.38921,1.38931,1.31,1.69
2018.02.13 21:31:15.998,1.38921,1.38931,1.31,1.69
2018.02.13 21:31:16.715,1.3892,1.38931,1.87,1.69
2018.02.13 21:31:18.009,1.3892,1.38931,2.81,1.69
2018.02.13 21:31:19.945,1.38928,1.38934,1.00,1.29
2018.02.13 21:31:19.998,1.38928,1.38937,1.00,1.50
2018.02.13 21:31:20.528,1.38927,1.38939,1.25,3.56
2018.02.13 21:31:21.977,1.38927,1.38938,1.37,1.12
2018.02.13 21:31:22.529,1.38928,1.38938,1.12,1.75
2018.02.13 21:31:23.066,1.38925,1.38931,1.50,1.00
2018.02.13 21:31:23.119,1.3892,1.38931,1.50,1.50
2018.02.13 21:31:23.274,1.3892,1.38931,1.50,2.25
2018.02.13 21:31:23.377,1.3892,1.38931,1.50,1.50
2018.02.13 21:31:23.585,1.38921,1.38931,1.12,2.06
2018.02.13 21:31:24.130,1.3892,1.38931,1.50,1.50
2018.02.13 21:31:24.233,1.38921,1.38931,1.00,1.00
2018.02.13 21:31:24.845,1.38921,1.38931,1.50,1.87
2018.02.13 21:31:24.980,1.38927,1.38935,1.00,1.07
2018.02.13 21:31:25.129,1.38925,1.38937,2.62,2.25
2018.02.13 21:31:28.234,1.38924,1.38937,1.87,1.87
2018.02.13 21:31:28.780,1.38924,1.38934,2.06,1.12
2018.02.13 21:31:29.520,1.38924,1.38935,1.12,2.62
2018.02.13 21:31:29.912,1.38924,1.38935,1.00,2.62
2018.02.13 21:31:30.456,1.38924,1.38935,1.00,2.62
2018.02.13 21:31:31.500,1.38924,1.38935,1.25,1.69
2018.02.13 21:31:33.481,1.38923,1.38934,1.62,2.62
2018.02.13 21:31:34.089,1.38923,1.38933,1.12,1.00
2018.02.13 21:31:37.138,1.38926,1.38934,1.00,2.25
2018.02.13 21:31:37.452,1.38931,1.3894,1.50,2.00
2018.02.13 21:31:37.504,1.38931,1.3894,1.00,1.12
2018.02.13 21:31:38.054,1.3893,1.3894,1.50,1.75
2018.02.13 21:31:39.024,1.38931,1.38939,1.37,1.75
2018.02.13 21:31:40.084,1.3893,1.38939,1.50,1.12
2018.02.13 21:31:42.913,1.38931,1.3894,1.37,1.94
2018.02.13 21:31:43.575,1.3893,1.3894,1.50,2.00
2018.02.13 21:31:44.184,1.38929,1.38936,1.50,1.50
2018.02.13 21:31:44.534,1.38928,1.38934,1.00,3.75
2018.02.13 21:31:44.586,1.38922,1.38933,6.19,1.87
2018.02.13 21:31:45.060,1.38922,1.38934,2.81,1.12
2018.02.13 21:31:46.076,1.38922,1.38934,2.81,1.50
2018.02.13 21:31:49.024,1.38922,1.38935,1.87,3.37
2018.02.13 21:31:49.969,1.38922,1.38935,1.44,3.37
2018.02.13 21:31:50.803,1.38922,1.38935,2.25,4.12
2018.02.13 21:31:52.144,1.38922,1.38935,1.31,5.25
2018.02.13 21:31:52.667,1.38924,1.38935,1.00,1.62
2018.02.13 21:31:53.518,1.38924,1.38935,1.50,1.87
2018.02.13 21:31:54.509,1.38924,1.38935,1.00,1.87
2018.02.13 21:31:58.224,1.38924,1.38935,1.37,1.69
2018.02.13 21:31:59.228,1.38923,1.38935,1.38,1.50
2018.02.13 21:31:59.557,1.38922,1.38935,1.31,3.56
2018.02.13 21:32:00.078,1.38921,1.38933,4.69,2.06
2018.02.13 21:32:00.386,1.3893,1.38937,1.88,2.51
2018.02.13 21:32:00.437,1.3893,1.38938,1.00,1.20
2018.02.13 21:32:00.965,1.38931,1.38938,1.12,1.00
2018.02.13 21:32:05.084,1.38931,1.3894,1.12,2.06
2018.02.13 21:32:05.892,1.38931,1.3894,1.12,2.00
2018.02.13 21:32:06.590,1.38931,1.38938,1.12,1.19
2018.02.13 21:32:06.642,1.3893,1.38939,1.50,1.13
2018.02.13 21:32:07.296,1.3893,1.38939,1.50,1.56
2018.02.13 21:32:07.816,1.38929,1.38939,3.94,1.31
2018.02.13 21:32:08.421,1.3893,1.38939,2.62,1.31
2018.02.13 21:32:09.202,1.3893,1.38939,3.37,1.56
2018.02.13 21:32:09.254,1.38932,1.3894,1.00,1.12
2018.02.13 21:32:09.461,1.38931,1.3894,1.00,1.38
2018.02.13 21:32:09.981,1.38931,1.3894,1.12,1.63
2018.02.13 21:32:10.513,1.3893,1.3894,1.00,1.38
2018.02.13 21:32:11.112,1.3893,1.3894,1.50,1.38
2018.02.13 21:32:11.928,1.3893,1.38938,1.87,1.13
2018.02.13 21:32:12.584,1.38931,1.38939,1.00,1.13
2018.02.13 21:32:13.116,1.38931,1.38939,1.00,1.63
2018.02.13 21:32:14.375,1.38931,1.38939,1.00,1.38
2018.02.13 21:32:14.529,1.38931,1.38939,1.00,1.56
2018.02.13 21:32:15.056,1.38931,1.3894,1.00,2.63
2018.02.13 21:32:15.488,1.3893,1.3894,3.00,1.88
2018.02.13 21:32:17.225,1.38931,1.38939,1.12,1.56
2018.02.13 21:32:17.804,1.3893,1.38939,1.50,1.31
2018.02.13 21:32:18.454,1.3893,1.3894,1.50,1.56
2018.02.13 21:32:24.293,1.38931,1.3894,1.50,2.44
2018.02.13 21:32:24.870,1.3893,1.38939,1.69,1.19
2018.02.13 21:32:25.532,1.38931,1.3894,1.12,1.50
2018.02.13 21:32:28.285,1.3893,1.3894,1.50,1.31
2018.02.13 21:32:31.577,1.3893,1.3894,1.50,1.56
2018.02.13 21:32:32.131,1.38931,1.3894,1.12,1.94
2018.02.13 21:32:34.326,1.3893,1.38939,1.50,1.00
2018.02.13 21:32:34.916,1.38929,1.3894,3.38,1.38
2018.02.13 21:32:35.428,1.38931,1.3894,1.12,1.81
2018.02.13 21:32:35.937,1.3893,1.38938,2.25,1.38
2018.02.13 21:32:41.768,1.3893,1.38938,1.37,1.31
2018.02.13 21:32:44.583,1.3893,1.38938,1.12,1.31
2018.02.13 21:32:45.305,1.38929,1.38939,1.25,2.25
2018.02.13 21:32:45.410,1.38926,1.38936,1.88,1.25
2018.02.13 21:32:45.462,1.38928,1.38937,3.00,1.81
2018.02.13 21:32:46.072,1.38928,1.38937,2.25,1.44
2018.02.13 21:32:50.057,1.38928,1.38938,4.87,1.88
2018.02.13 21:32:50.695,1.38929,1.38938,1.37,1.75
2018.02.13 21:32:55.243,1.38928,1.38938,4.12,1.50
2018.02.13 21:33:00.456,1.38929,1.38939,1.69,2.06
2018.02.13 21:33:00.992,1.38928,1.38939,5.06,2.06
2018.02.13 21:33:03.468,1.38929,1.38939,1.50,1.75
2018.02.13 21:33:03.988,1.38928,1.38939,2.62,1.56
2018.02.13 21:33:04.596,1.38928,1.38937,1.12,1.13
2018.02.13 21:33:05.097,1.38928,1.38938,1.37,3.38
2018.02.13 21:33:05.357,1.38928,1.38939,3.37,1.87
2018.02.13 21:33:05.567,1.38928,1.38939,5.06,2.25
2018.02.13 21:33:06.104,1.38928,1.38939,2.44,2.25
2018.02.13 21:33:06.156,1.38929,1.38939,1.31,1.69
2018.02.13 21:33:06.679,1.38928,1.38939,1.69,1.69
2018.02.13 21:33:07.613,1.38929,1.38938,1.31,1.13
2018.02.13 21:33:10.057,1.38928,1.38938,1.50,1.50
2018.02.13 21:33:11.462,1.38929,1.38938,1.50,1.88
2018.02.13 21:33:11.514,1.38928,1.38938,5.81,1.00
2018.02.13 21:33:12.184,1.38928,1.38939,3.37,2.00
2018.02.13 21:33:14.623,1.38928,1.38939,4.31,1.81
2018.02.13 21:33:15.205,1.38928,1.38939,3.37,1.63
2018.02.13 21:33:17.634,1.38928,1.38939,1.37,3.19
2018.02.13 21:33:18.358,1.38928,1.38939,2.06,1.13
2018.02.13 21:33:18.931,1.38928,1.3894,1.37,3.94
2018.02.13 21:33:21.315,1.38929,1.38939,1.00,1.75
2018.02.13 21:33:21.866,1.38928,1.38939,3.94,1.88
2018.02.13 21:33:22.175,1.38929,1.38938,2.62,1.13
2018.02.13 21:33:22.889,1.38928,1.38939,3.75,2.25
2018.02.13 21:33:26.601,1.38929,1.38939,1.37,1.69
2018.02.13 21:33:27.180,1.38927,1.38939,4.12,2.06
2018.02.13 21:33:28.821,1.38929,1.38939,1.12,1.44
2018.02.13 21:33:29.328,1.38928,1.38938,3.37,1.00
2018.02.13 21:33:29.565,1.38929,1.38939,1.37,1.50
2018.02.13 21:33:30.270,1.38928,1.38939,4.12,1.75
2018.02.13 21:33:31.389,1.38926,1.38936,1.13,1.00
2018.02.13 21:33:31.442,1.38925,1.38935,1.29,1.88
2018.02.13 21:33:31.652,1.38921,1.3893,1.00,1.00
2018.02.13 21:33:32.172,1.3892,1.38931,1.37,5.63
2018.02.13 21:33:32.334,1.38921,1.38931,2.06,2.62
2018.02.13 21:33:32.873,1.38921,1.38933,2.25,3.56
2018.02.13 21:33:33.632,1.38921,1.38933,2.25,3.38
2018.02.13 21:33:34.818,1.38921,1.38933,3.75,3.56
2018.02.13 21:33:35.334,1.38921,1.38933,4.31,1.31
2018.02.13 21:33:36.042,1.38921,1.38933,4.31,1.25
2018.02.13 21:33:36.352,1.38921,1.38934,2.44,5.81
2018.02.13 21:33:40.632,1.38921,1.38931,1.37,2.81
2018.02.13 21:33:40.993,1.38921,1.38931,1.63,2.81
2018.02.13 21:33:41.415,1.3892,1.3893,1.88,1.25
2018.02.13 21:33:41.623,1.38921,1.3893,2.00,1.00
2018.02.13 21:33:41.820,1.3892,1.3893,5.51,1.00
2018.02.13 21:33:42.406,1.38921,1.38932,1.31,1.88
2018.02.13 21:33:42.459,1.38921,1.38933,2.81,1.13
2018.02.13 21:33:42.511,1.38921,1.38933,3.00,1.13
2018.02.13 21:33:43.168,1.38921,1.38933,2.81,1.13
2018.02.13 21:33:46.016,1.38921,1.38932,3.75,1.00
2018.02.13 21:33:46.800,1.38921,1.38933,3.19,2.96
2018.02.13 21:33:47.925,1.38921,1.38932,3.94,1.09
2018.02.13 21:33:48.451,1.38921,1.38933,2.06,1.28
2018.02.13 21:33:48.733,1.38921,1.38932,2.44,3.53
2018.02.13 21:33:48.785,1.38922,1.38932,1.19,2.44
2018.02.13 21:33:49.443,1.38922,1.38933,1.13,1.31
2018.02.13 21:33:50.106,1.38922,1.38933,1.31,1.13
2018.02.13 21:33:52.745,1.38931,1.38937,1.00,1.31
2018.02.13 21:33:52.799,1.38929,1.3894,4.13,2.06
2018.02.13 21:33:52.903,1.38931,1.38943,1.00,2.63
2018.02.13 21:33:52.955,1.38933,1.38943,1.00,2.06
2018.02.13 21:33:53.060,1.38933,1.38945,2.06,2.62
2018.02.13 21:33:53.230,1.38939,1.38949,1.12,2.81
2018.02.13 21:33:53.283,1.38939,1.3895,1.06,2.44
2018.02.13 21:33:53.438,1.38938,1.38951,1.75,2.62
2018.02.13 21:33:53.645,1.3894,1.3895,1.37,2.44
2018.02.13 21:33:54.185,1.38939,1.3895,1.57,2.63
2018.02.13 21:33:54.767,1.3894,1.3895,1.00,2.44
2018.02.13 21:33:55.277,1.3894,1.3895,1.50,3.00
2018.02.13 21:33:55.779,1.3894,1.3895,1.00,3.00
2018.02.13 21:33:57.200,1.38939,1.3895,1.57,2.81
2018.02.13 21:33:58.060,1.38937,1.38948,1.39,1.25
2018.02.13 21:33:58.112,1.38937,1.38949,1.70,1.31
2018.02.13 21:33:58.410,1.38936,1.38948,1.10,2.44
2018.02.13 21:33:58.936,1.38937,1.38948,1.00,2.44
2018.02.13 21:33:59.448,1.38935,1.38948,2.32,2.44
2018.02.13 21:34:00.068,1.38935,1.38948,1.57,2.44
2018.02.13 21:34:00.294,1.38935,1.38947,1.20,2.21
2018.02.13 21:34:00.863,1.38935,1.38946,1.50,2.06
2018.02.13 21:34:01.369,1.38935,1.38946,1.00,2.06
2018.02.13 21:34:03.673,1.38935,1.38946,1.00,2.06
2018.02.13 21:34:04.743,1.38934,1.38946,4.01,2.81
2018.02.13 21:34:05.255,1.38934,1.38946,1.76,2.06
2018.02.13 21:34:06.383,1.38934,1.38946,4.39,3.19
2018.02.13 21:34:07.495,1.38935,1.38946,1.00,2.44
2018.02.13 21:34:08.690,1.38934,1.38946,2.14,2.63
2018.02.13 21:34:08.848,1.38932,1.38945,1.95,2.44
2018.02.13 21:34:10.761,1.38933,1.38944,1.01,3.38
2018.02.13 21:34:11.727,1.38932,1.38944,1.70,2.25
2018.02.13 21:34:12.481,1.38932,1.38945,4.01,3.19
2018.02.13 21:34:13.042,1.38932,1.38944,2.51,2.25
2018.02.13 21:34:13.679,1.38932,1.38945,4.20,3.19
2018.02.13 21:34:14.184,1.38932,1.38945,1.95,2.06
2018.02.13 21:34:14.828,1.38933,1.38945,1.47,2.44
2018.02.13 21:34:15.783,1.38934,1.38943,1.00,2.06
2018.02.13 21:34:17.180,1.38934,1.38944,1.00,2.44
2018.02.13 21:34:19.756,1.38934,1.38947,1.00,3.56
2018.02.13 21:34:20.313,1.38934,1.38946,1.07,1.13
2018.02.13 21:34:20.416,1.38934,1.38944,1.00,1.88
2018.02.13 21:34:20.968,1.38934,1.38944,1.00,2.06
2018.02.13 21:34:21.817,1.38934,1.38944,1.20,1.88
2018.02.13 21:34:22.496,1.38935,1.38944,1.50,2.06
2018.02.13 21:34:23.176,1.38935,1.38944,1.50,1.88
2018.02.13 21:34:25.965,1.38935,1.38945,1.50,2.06
2018.02.13 21:34:26.493,1.38935,1.38945,1.50,2.06
2018.02.13 21:34:27.344,1.38935,1.38945,1.50,2.06
2018.02.13 21:34:28.288,1.38935,1.38945,1.50,2.25
2018.02.13 21:34:28.497,1.38935,1.38946,1.00,3.56
2018.02.13 21:34:28.654,1.38935,1.38946,1.00,2.81
2018.02.13 21:34:29.746,1.38935,1.38944,1.00,2.06
2018.02.13 21:34:30.613,1.38935,1.38945,1.00,2.06
2018.02.13 21:34:32.231,1.38935,1.38945,1.00,2.06
2018.02.13 21:34:33.389,1.38935,1.38945,1.00,2.06
2018.02.13 21:34:33.955,1.38935,1.38945,1.00,2.06
2018.02.13 21:34:34.497,1.38935,1.38945,1.00,2.06
2018.02.13 21:34:36.428,1.38935,1.38945,1.00,2.06
2018.02.13 21:34:37.061,1.38934,1.38945,1.25,2.63
2018.02.13 21:34:37.584,1.38933,1.38944,1.50,2.06
2018.02.13 21:34:38.512,1.38933,1.38944,1.69,2.25
2018.02.13 21:34:38.617,1.38933,1.38943,1.00,2.06
2018.02.13 21:34:39.108,1.38933,1.38943,1.00,2.06
2018.02.13 21:34:40.007,1.38933,1.38943,1.00,2.06
2018.02.13 21:34:40.644,1.38933,1.38943,1.00,2.44
2018.02.13 21:34:40.696,1.38933,1.38943,1.00,2.25
2018.02.13 21:34:40.800,1.38933,1.38943,1.00,2.44
2018.02.13 21:34:42.838,1.38933,1.38943,1.00,2.06
2018.02.13 21:34:43.389,1.38933,1.38943,1.00,2.06
2018.02.13 21:34:44.471,1.38933,1.38943,1.12,2.44
2018.02.13 21:34:45.003,1.38932,1.38942,2.25,1.88
2018.02.13 21:34:45.560,1.38932,1.38942,2.44,2.25
2018.02.13 21:34:46.381,1.38932,1.38942,2.25,1.88
2018.02.13 21:34:47.338,1.38932,1.38942,3.38,2.06
2018.02.13 21:34:48.065,1.38932,1.38942,3.38,2.06
2018.02.13 21:34:48.639,1.38932,1.38942,3.38,2.06
2018.02.13 21:34:49.298,1.38933,1.38942,1.00,1.88
2018.02.13 21:34:49.940,1.38932,1.38942,4.31,2.06
2018.02.13 21:34:50.624,1.38932,1.38942,3.75,1.88
2018.02.13 21:34:51.278,1.38932,1.38942,3.56,1.88
2018.02.13 21:34:51.848,1.38934,1.38944,1.25,1.50
2018.02.13 21:34:52.207,1.38934,1.38944,1.00,2.06
2018.02.13 21:34:55.420,1.38934,1.38945,1.00,3.00
2018.02.13 21:34:56.085,1.38934,1.38945,1.00,2.44
2018.02.13 21:34:56.624,1.38934,1.38945,1.00,2.44
2018.02.13 21:34:58.312,1.38934,1.38945,1.00,2.44
2018.02.13 21:34:58.871,1.38934,1.38945,1.00,2.44
2018.02.13 21:35:00.465,1.38934,1.38944,1.00,2.06
2018.02.13 21:35:01.479,1.38934,1.38944,1.00,2.06
2018.02.13 21:35:02.006,1.38934,1.38944,1.00,2.06
2018.02.13 21:35:02.506,1.38934,1.38944,1.00,1.88
2018.02.13 21:35:02.558,1.38934,1.38944,1.00,2.06
2018.02.13 21:35:03.164,1.38934,1.38944,1.00,2.06
2018.02.13 21:35:03.686,1.38934,1.38944,1.00,2.06
2018.02.13 21:35:04.220,1.38934,1.38944,1.00,2.44
2018.02.13 21:35:04.645,1.38939,1.38949,1.69,1.50
2018.02.13 21:35:04.750,1.38938,1.38949,2.44,1.25
2018.02.13 21:35:04.802,1.3894,1.38949,1.00,2.00
2018.02.13 21:35:05.037,1.38936,1.38946,1.10,1.31
2018.02.13 21:35:05.617,1.38936,1.38944,1.00,2.06
2018.02.13 21:35:06.134,1.38936,1.38944,1.00,2.06
2018.02.13 21:35:06.186,1.38933,1.38945,2.06,2.44
2018.02.13 21:35:06.786,1.38933,1.38945,1.88,3.19
2018.02.13 21:35:08.322,1.38937,1.38946,1.00,1.88
2018.02.13 21:35:09.130,1.38937,1.38946,1.00,1.56
2018.02.13 21:35:09.677,1.38937,1.38947,1.00,2.63
2018.02.13 21:35:10.194,1.38936,1.38946,2.44,1.81
2018.02.13 21:35:12.337,1.38936,1.38947,1.00,1.88
2018.02.13 21:35:13.065,1.38935,1.38947,2.51,1.88
2018.02.13 21:35:13.375,1.38935,1.38946,2.81,2.19
2018.02.13 21:35:14.006,1.38935,1.38945,2.62,1.19
2018.02.13 21:35:14.366,1.38937,1.38945,1.00,1.19
2018.02.13 21:35:16.655,1.38935,1.38946,2.25,1.44
2018.02.13 21:35:16.937,1.38935,1.38946,2.25,1.87
2018.02.13 21:35:17.452,1.38934,1.38946,1.00,2.81
2018.02.13 21:35:18.026,1.38933,1.38945,2.25,2.06
2018.02.13 21:35:18.548,1.38933,1.38945,1.00,3.94
2018.02.13 21:35:19.064,1.38932,1.38943,1.12,2.06
2018.02.13 21:35:19.610,1.38931,1.38943,3.00,2.06
2018.02.13 21:35:20.175,1.38931,1.38943,3.00,2.06
2018.02.13 21:35:21.168,1.38932,1.38942,1.12,1.31
2018.02.13 21:35:21.428,1.38933,1.38943,1.00,2.63
2018.02.13 21:35:21.926,1.38933,1.38941,1.00,1.19
2018.02.13 21:35:22.728,1.38933,1.38943,1.00,1.94
2018.02.13 21:35:23.981,1.38933,1.38943,1.00,2.19
2018.02.13 21:35:25.884,1.38933,1.38942,1.00,1.31
2018.02.13 21:35:26.573,1.38933,1.38941,1.00,1.19
2018.02.13 21:35:28.105,1.38933,1.38942,1.00,1.31
2018.02.13 21:35:29.035,1.38932,1.38943,1.50,1.50
2018.02.13 21:35:29.087,1.38932,1.38944,1.50,2.70
2018.02.13 21:35:29.650,1.38932,1.38943,1.50,1.50
2018.02.13 21:35:30.293,1.38932,1.38943,1.50,2.19
2018.02.13 21:35:30.796,1.38932,1.38942,1.50,1.63
2018.02.13 21:35:31.545,1.38932,1.38943,1.50,1.31
2018.02.13 21:35:32.088,1.38932,1.38942,1.50,2.06
2018.02.13 21:35:32.190,1.38932,1.38942,1.50,2.06
2018.02.13 21:35:32.365,1.38932,1.38942,1.50,2.06
2018.02.13 21:35:33.293,1.38932,1.38943,1.50,3.19
2018.02.13 21:35:33.993,1.38932,1.38942,1.50,1.50
2018.02.13 21:35:34.342,1.38931,1.38938,1.00,1.88
2018.02.13 21:35:34.395,1.3893,1.38938,1.00,1.38
2018.02.13 21:35:34.448,1.3893,1.38938,1.50,1.56
2018.02.13 21:35:34.608,1.38928,1.38938,2.25,1.88
2018.02.13 21:35:34.777,1.38925,1.38937,3.00,1.50
2018.02.13 21:35:34.986,1.38928,1.38937,1.00,1.88
2018.02.13 21:35:35.038,1.38926,1.38937,2.25,2.19
2018.02.13 21:35:35.559,1.38926,1.38936,2.25,1.13
2018.02.13 21:35:36.224,1.38926,1.38937,2.25,2.81
2018.02.13 21:35:36.992,1.38924,1.38936,2.44,2.19
2018.02.13 21:35:37.043,1.38927,1.38936,1.50,1.94
2018.02.13 21:35:37.094,1.38925,1.38936,1.50,1.94
2018.02.13 21:35:37.860,1.38925,1.38937,2.25,2.44
2018.02.13 21:35:38.413,1.38925,1.38937,2.25,2.06
2018.02.13 21:35:38.666,1.38927,1.38937,1.50,2.06
2018.02.13 21:35:39.081,1.38925,1.38936,2.25,1.31
2018.02.13 21:35:39.684,1.38925,1.38936,2.81,1.31
2018.02.13 21:35:41.451,1.38925,1.38935,1.50,1.13
2018.02.13 21:35:41.764,1.38923,1.38935,2.81,1.63
2018.02.13 21:35:41.868,1.38923,1.38935,3.00,1.56
2018.02.13 21:35:42.374,1.38923,1.38935,2.44,1.63
2018.02.13 21:35:42.877,1.38923,1.38935,3.19,2.25
2018.02.13 21:35:43.378,1.38923,1.38935,2.81,2.06
2018.02.13 21:35:43.989,1.38925,1.38935,1.00,1.69
2018.02.13 21:35:44.247,1.38925,1.38935,1.00,1.44
2018.02.13 21:35:44.786,1.38925,1.38935,1.12,1.25
2018.02.13 21:35:44.889,1.38925,1.38935,2.25,1.69
2018.02.13 21:35:45.243,1.38925,1.38935,2.25,1.25
2018.02.13 21:35:45.744,1.38926,1.38935,1.50,1.31
2018.02.13 21:35:46.414,1.38925,1.38935,2.62,1.44
2018.02.13 21:35:48.978,1.38925,1.38936,3.56,1.63
2018.02.13 21:35:49.030,1.38925,1.38936,2.62,1.00
2018.02.13 21:35:49.370,1.38925,1.38936,3.75,1.63
2018.02.13 21:35:49.889,1.38927,1.38937,1.50,2.00
2018.02.13 21:35:52.556,1.38925,1.38936,3.37,1.56
2018.02.13 21:35:57.155,1.38925,1.38936,2.25,1.38
2018.02.13 21:35:57.852,1.38925,1.38936,2.62,1.38
2018.02.13 21:35:59.280,1.38925,1.38936,1.20,1.88
2018.02.13 21:35:59.552,1.38925,1.38936,2.62,1.69
2018.02.13 21:35:59.656,1.38927,1.38935,1.50,1.00
2018.02.13 21:36:00.174,1.38926,1.38935,1.50,1.44
2018.02.13 21:36:00.705,1.38927,1.38936,1.50,1.69
2018.02.13 21:36:01.221,1.38927,1.38936,1.50,1.69
2018.02.13 21:36:01.732,1.38927,1.38936,1.50,1.63
2018.02.13 21:36:03.317,1.38926,1.38936,2.25,1.44
2018.02.13 21:36:03.831,1.38927,1.38936,1.50,1.44
2018.02.13 21:36:04.334,1.38926,1.38936,2.81,1.69
2018.02.13 21:36:04.847,1.38926,1.38936,2.62,1.44
2018.02.13 21:36:05.557,1.38926,1.38936,1.12,1.25
2018.02.13 21:36:05.867,1.38929,1.3894,1.50,2.06
2018.02.13 21:36:06.190,1.38934,1.38944,1.50,1.38
2018.02.13 21:36:06.722,1.38934,1.38944,1.50,1.81
2018.02.13 21:36:07.231,1.38934,1.38944,1.87,1.63
2018.02.13 21:36:09.068,1.38934,1.38945,2.25,1.12
2018.02.13 21:36:09.174,1.38936,1.38946,1.50,1.00
2018.02.13 21:36:09.565,1.38936,1.38946,1.50,1.56
2018.02.13 21:36:10.096,1.38935,1.38947,2.25,2.81
2018.02.13 21:36:10.644,1.38935,1.38946,2.25,1.00
2018.02.13 21:36:11.145,1.38937,1.38946,1.50,1.19
2018.02.13 21:36:11.538,1.38935,1.38944,1.00,1.00
2018.02.13 21:36:12.054,1.38935,1.38947,2.25,2.00
2018.02.13 21:36:12.305,1.38935,1.38947,2.63,1.31
2018.02.13 21:36:12.429,1.38936,1.38946,1.50,1.19
2018.02.13 21:36:12.945,1.38936,1.38947,1.50,1.81
2018.02.13 21:36:13.419,1.38936,1.38946,1.88,1.63
2018.02.13 21:36:14.013,1.38936,1.38946,1.50,1.81
2018.02.13 21:36:14.193,1.38936,1.38946,1.50,1.44
2018.02.13 21:36:14.721,1.38937,1.38947,1.50,1.69
2018.02.13 21:36:14.825,1.38935,1.38947,2.44,1.81
2018.02.13 21:36:15.082,1.38937,1.38947,1.50,1.69
2018.02.13 21:36:15.532,1.38937,1.38947,1.50,1.31
2018.02.13 21:36:16.138,1.38936,1.38947,1.50,1.31
2018.02.13 21:36:16.679,1.38936,1.38947,1.50,2.19
2018.02.13 21:36:17.004,1.38934,1.38943,1.87,1.13
2018.02.13 21:36:17.520,1.38933,1.38945,2.06,1.31
2018.02.13 21:36:17.779,1.38934,1.38945,1.50,1.56
2018.02.13 21:36:18.086,1.38935,1.38945,1.00,1.56
2018.02.13 21:36:18.505,1.38933,1.38945,1.50,1.56
2018.02.13 21:36:19.472,1.38933,1.38944,2.44,1.13
2018.02.13 21:36:20.592,1.38933,1.38945,1.00,2.62
2018.02.13 21:36:21.106,1.38932,1.38943,1.00,2.25
2018.02.13 21:36:21.315,1.38932,1.38942,1.00,2.06
2018.02.13 21:36:21.419,1.38932,1.38942,2.25,2.25
2018.02.13 21:36:22.072,1.38932,1.38942,1.00,3.19
2018.02.13 21:36:22.640,1.38932,1.38942,1.00,2.81
2018.02.13 21:36:23.186,1.38931,1.38941,1.00,1.31
2018.02.13 21:36:24.632,1.38931,1.38941,1.00,1.31
2018.02.13 21:36:24.820,1.38931,1.38941,2.25,1.12
2018.02.13 21:36:24.871,1.38931,1.38941,2.25,1.12
2018.02.13 21:36:25.291,1.38931,1.38942,2.25,1.87
2018.02.13 21:36:25.486,1.38934,1.38944,1.50,1.62
2018.02.13 21:36:25.539,1.38934,1.38945,1.25,1.95
2018.02.13 21:36:25.593,1.38935,1.38946,1.50,1.31
2018.02.13 21:36:26.216,1.38935,1.38946,1.50,1.25
2018.02.13 21:36:27.033,1.38935,1.38946,1.50,1.44
2018.02.13 21:36:28.805,1.38934,1.38946,2.25,1.50
2018.02.13 21:36:29.796,1.38935,1.38946,1.50,1.50
2018.02.13 21:36:30.330,1.38935,1.38946,1.50,1.69
2018.02.13 21:36:32.031,1.38934,1.38946,2.25,1.50
2018.02.13 21:36:32.575,1.38935,1.38946,1.50,2.06
2018.02.13 21:36:33.303,1.38935,1.38946,1.50,1.69
2018.02.13 21:36:35.767,1.38935,1.38946,1.50,1.69
2018.02.13 21:36:38.305,1.38935,1.38946,1.50,1.69
2018.02.13 21:36:40.804,1.38937,1.38946,1.50,1.76
2018.02.13 21:36:41.560,1.38937,1.38946,1.50,1.69
2018.02.13 21:36:41.611,1.38935,1.38946,1.50,1.69
2018.02.13 21:36:41.664,1.38939,1.38948,1.50,1.39
2018.02.13 21:36:42.257,1.38939,1.38949,1.50,2.63
2018.02.13 21:36:43.299,1.38939,1.38949,1.50,1.88
2018.02.13 21:36:48.452,1.38939,1.38949,1.50,1.56
2018.02.13 21:36:49.202,1.38939,1.38949,1.50,3.00
2018.02.13 21:36:50.814,1.38938,1.38949,1.50,1.87
2018.02.13 21:36:51.020,1.38938,1.38949,1.69,1.56
2018.02.13 21:36:51.350,1.3894,1.38949,1.50,1.81
2018.02.13 21:36:52.067,1.38938,1.38949,1.50,1.44
2018.02.13 21:36:52.375,1.38939,1.38949,1.50,1.75
2018.02.13 21:36:53.165,1.38939,1.38949,1.50,1.81
2018.02.13 21:37:00.148,1.38939,1.38949,1.50,1.75
2018.02.13 21:37:03.113,1.38938,1.38946,1.50,2.06
2018.02.13 21:37:03.164,1.38933,1.38941,1.95,1.31
2018.02.13 21:37:03.216,1.38933,1.38939,1.57,1.13
2018.02.13 21:37:03.268,1.3893,1.38941,3.00,2.06
2018.02.13 21:37:03.321,1.3893,1.38941,1.87,1.94
2018.02.13 21:37:03.652,1.3893,1.38941,2.62,2.19
2018.02.13 21:37:04.059,1.3893,1.38941,1.87,2.06
2018.02.13 21:37:04.720,1.38931,1.3894,1.50,1.13
2018.02.13 21:37:05.153,1.38931,1.38941,1.87,1.25
2018.02.13 21:37:05.205,1.38932,1.38942,1.50,2.25
2018.02.13 21:37:05.709,1.38931,1.38942,1.50,1.94
2018.02.13 21:37:06.339,1.38931,1.38942,1.50,2.25
2018.02.13 21:37:06.391,1.38931,1.38942,2.25,1.37
2018.02.13 21:37:06.940,1.38933,1.38943,2.25,1.12
2018.02.13 21:37:07.465,1.38933,1.38945,2.25,1.13
2018.02.13 21:37:08.079,1.38934,1.38946,1.50,1.94
2018.02.13 21:37:08.684,1.38934,1.38945,2.06,1.50
2018.02.13 21:37:09.830,1.38933,1.38945,2.06,1.37
2018.02.13 21:37:10.291,1.38935,1.38945,1.50,1.63
2018.02.13 21:37:12.580,1.38935,1.38945,1.50,1.56
2018.02.13 21:37:14.346,1.38934,1.38945,1.88,1.31
2018.02.13 21:37:15.126,1.38934,1.38945,1.50,1.00
2018.02.13 21:37:15.804,1.38935,1.38945,1.50,1.25
2018.02.13 21:37:15.959,1.38937,1.38946,1.50,1.48
2018.02.13 21:37:17.923,1.38939,1.38948,1.50,1.01
2018.02.13 21:37:18.079,1.38939,1.38948,1.50,2.06
2018.02.13 21:37:18.590,1.38939,1.38949,1.50,1.56
2018.02.13 21:37:20.555,1.38938,1.3895,1.50,1.94
2018.02.13 21:37:21.227,1.38938,1.38949,1.50,1.56
2018.02.13 21:37:22.322,1.38938,1.38949,2.62,1.75
2018.02.13 21:37:22.428,1.38938,1.38949,2.62,1.63
2018.02.13 21:37:22.941,1.38938,1.38949,2.81,1.69
2018.02.13 21:37:24.499,1.38938,1.38949,2.25,1.56
2018.02.13 21:37:24.654,1.38938,1.38949,1.50,1.75
2018.02.13 21:37:25.184,1.38938,1.3895,1.50,2.06
2018.02.13 21:37:26.494,1.38941,1.3895,1.50,2.06
2018.02.13 21:37:26.596,1.38936,1.38949,1.69,1.39
2018.02.13 21:37:27.262,1.38937,1.38947,1.19,3.56
2018.02.13 21:37:27.635,1.38936,1.38947,1.87,2.44
2018.02.13 21:37:28.423,1.38936,1.38947,1.87,2.44
2018.02.13 21:37:29.895,1.38937,1.38947,1.19,3.56
2018.02.13 21:37:30.470,1.38936,1.38947,3.07,3.19
2018.02.13 21:37:30.996,1.38936,1.38949,1.31,1.69
2018.02.13 21:37:37.217,1.38936,1.38948,2.89,1.13
2018.02.13 21:37:37.779,1.38938,1.38948,1.50,1.13
2018.02.13 21:37:39.931,1.38938,1.38949,1.50,3.45
2018.02.13 21:37:40.617,1.38939,1.38949,1.50,4.76
2018.02.13 21:37:41.303,1.38939,1.38948,1.50,1.13
2018.02.13 21:37:41.837,1.38939,1.38949,1.50,2.19
2018.02.13 21:37:42.667,1.38939,1.38948,1.50,1.81
2018.02.13 21:37:43.172,1.38939,1.38948,1.50,1.88
2018.02.13 21:37:43.225,1.38937,1.38948,1.50,1.50
2018.02.13 21:37:43.727,1.38937,1.38949,1.50,2.06
2018.02.13 21:37:44.837,1.38939,1.38949,1.50,2.62
2018.02.13 21:37:45.407,1.3894,1.38949,1.50,1.94
2018.02.13 21:37:46.339,1.38938,1.38948,2.25,1.25
2018.02.13 21:37:46.895,1.38939,1.38948,1.50,1.25
2018.02.13 21:37:47.438,1.38939,1.38949,1.50,2.25
2018.02.13 21:37:48.081,1.38939,1.38948,1.50,1.25
2018.02.13 21:37:49.139,1.38939,1.38948,1.50,1.19
2018.02.13 21:37:49.984,1.38939,1.38947,1.50,1.69
2018.02.13 21:37:50.615,1.38939,1.38948,1.50,2.06
2018.02.13 21:37:53.072,1.38938,1.38948,1.00,1.87
2018.02.13 21:37:53.174,1.38939,1.38949,1.50,1.12
2018.02.13 21:37:53.277,1.38939,1.38949,1.50,1.63
2018.02.13 21:37:53.841,1.38939,1.38949,1.50,1.63
2018.02.13 21:37:54.932,1.38939,1.38949,1.50,1.56
2018.02.13 21:37:55.677,1.38939,1.38949,1.50,1.63
2018.02.13 21:37:56.335,1.38938,1.38949,1.50,1.63
2018.02.13 21:37:57.116,1.38938,1.38949,1.69,1.56
2018.02.13 21:37:58.647,1.38939,1.38949,1.50,1.56
2018.02.13 21:37:59.177,1.38938,1.38949,1.50,1.56
2018.02.13 21:37:59.726,1.38939,1.38949,1.50,1.50
2018.02.13 21:38:00.370,1.38939,1.38949,1.50,1.75
2018.02.13 21:38:02.233,1.38939,1.38949,1.50,1.31
2018.02.13 21:38:02.722,1.38938,1.38948,1.67,1.75
2018.02.13 21:38:03.258,1.38938,1.38947,1.67,1.00
2018.02.13 21:38:05.040,1.38938,1.38948,1.86,1.50
2018.02.13 21:38:06.902,1.38938,1.38949,1.50,2.25
2018.02.13 21:38:08.866,1.38938,1.38948,1.88,2.25
2018.02.13 21:38:09.288,1.38935,1.38945,1.87,1.13
2018.02.13 21:38:09.341,1.38934,1.38945,1.57,4.31
2018.02.13 21:38:09.445,1.38937,1.38946,1.50,1.88
2018.02.13 21:38:09.497,1.38935,1.38943,2.25,1.00
2018.02.13 21:38:09.549,1.38935,1.38944,1.25,1.69
2018.02.13 21:38:09.653,1.38935,1.38945,1.00,2.44
2018.02.13 21:38:10.519,1.38935,1.38944,1.25,1.69
2018.02.13 21:38:11.624,1.38935,1.38945,1.25,1.50
2018.02.13 21:38:12.040,1.38934,1.38945,1.50,2.25
2018.02.13 21:38:12.195,1.38933,1.38944,2.25,1.50
2018.02.13 21:38:12.516,1.38935,1.38944,1.50,1.63
2018.02.13 21:38:12.932,1.38933,1.38944,2.25,1.56
2018.02.13 21:38:13.483,1.38933,1.38944,2.25,1.87
2018.02.13 21:38:13.586,1.38933,1.38944,2.25,1.19
2018.02.13 21:38:13.855,1.38935,1.38944,1.50,1.19
2018.02.13 21:38:14.422,1.38933,1.38944,2.25,1.88
2018.02.13 21:38:14.950,1.38933,1.38944,1.88,1.69
2018.02.13 21:38:16.555,1.38933,1.38944,1.50,1.56
2018.02.13 21:38:17.188,1.38933,1.38945,2.25,5.06
2018.02.13 21:38:17.755,1.38934,1.38945,1.50,5.81
2018.02.13 21:38:19.015,1.38931,1.38943,2.32,1.94
2018.02.13 21:38:19.567,1.38932,1.38941,1.50,1.12
2018.02.13 21:38:24.712,1.38932,1.38941,1.50,1.63
2018.02.13 21:38:24.816,1.3893,1.38942,1.69,2.06
2018.02.13 21:38:25.515,1.38931,1.38939,1.50,1.19
2018.02.13 21:38:26.029,1.38931,1.38941,1.50,3.94
2018.02.13 21:38:30.113,1.38931,1.38941,1.50,4.13
2018.02.13 21:38:31.439,1.38931,1.3894,1.50,1.13
2018.02.13 21:38:32.331,1.38931,1.3894,1.50,2.00
2018.02.13 21:38:33.105,1.3893,1.3894,1.87,1.31
2018.02.13 21:38:33.766,1.38929,1.3894,3.00,1.63
2018.02.13 21:38:34.861,1.38929,1.3894,2.89,1.94
2018.02.13 21:38:35.421,1.38929,1.3894,1.95,2.06
2018.02.13 21:38:39.988,1.38929,1.38939,3.56,1.56
2018.02.13 21:38:40.526,1.38929,1.3894,3.19,1.75
2018.02.13 21:38:40.732,1.38931,1.38939,1.50,1.00
2018.02.13 21:38:41.129,1.38928,1.38936,1.00,1.00
2018.02.13 21:38:41.287,1.38925,1.38935,1.50,2.06
2018.02.13 21:38:41.542,1.38925,1.38935,1.50,2.06
2018.02.13 21:38:41.644,1.38925,1.38935,1.50,2.06
2018.02.13 21:38:42.154,1.38926,1.38935,1.50,2.06
2018.02.13 21:38:42.461,1.38926,1.38935,1.50,2.06
2018.02.13 21:38:42.616,1.38924,1.38935,1.50,2.06
2018.02.13 21:38:42.875,1.38923,1.38933,1.00,2.06
2018.02.13 21:38:42.927,1.38922,1.38933,2.44,2.06
2018.02.13 21:38:42.980,1.38922,1.38933,1.00,1.69
2018.02.13 21:38:43.723,1.38922,1.38933,1.00,1.50
2018.02.13 21:38:44.259,1.38923,1.38933,1.50,2.06
2018.02.13 21:38:44.577,1.38923,1.38933,1.50,2.06
2018.02.13 21:38:45.219,1.38922,1.38933,2.25,2.44
2018.02.13 21:38:46.645,1.38922,1.38933,2.25,3.19
2018.02.13 21:38:46.954,1.38922,1.38933,2.63,2.06
2018.02.13 21:38:47.476,1.38922,1.38932,2.25,1.31
2018.02.13 21:38:52.914,1.38922,1.38933,2.63,1.56
2018.02.13 21:38:53.463,1.38922,1.38933,2.62,1.94
2018.02.13 21:38:54.451,1.38924,1.38932,1.50,1.63
2018.02.13 21:38:54.555,1.38924,1.38932,1.50,1.12
2018.02.13 21:38:54.711,1.38922,1.38932,2.81,1.56
2018.02.13 21:38:55.278,1.38923,1.38933,1.50,2.06
2018.02.13 21:38:57.049,1.38923,1.38933,1.50,2.06
2018.02.13 21:38:57.564,1.38923,1.38933,1.50,2.06
2018.02.13 21:38:58.309,1.38923,1.38933,1.50,2.06
2018.02.13 21:38:59.493,1.38923,1.38933,1.50,2.06
2018.02.13 21:39:00.075,1.38923,1.38933,1.50,2.06
2018.02.13 21:39:00.898,1.38923,1.38933,1.88,2.81
2018.02.13 21:39:01.786,1.38924,1.38933,1.50,1.25
2018.02.13 21:39:02.330,1.38924,1.38933,1.69,1.19
2018.02.13 21:39:02.433,1.38924,1.38934,1.87,1.00
2018.02.13 21:39:03.104,1.38924,1.38934,2.25,1.69
2018.02.13 21:39:03.979,1.38926,1.38934,1.50,2.06
2018.02.13 21:39:05.320,1.38926,1.38934,1.50,1.13
2018.02.13 21:39:11.181,1.38925,1.38934,1.87,1.13
2018.02.13 21:39:12.483,1.38925,1.38935,1.88,1.88
2018.02.13 21:39:13.012,1.38926,1.38935,1.50,1.38
2018.02.13 21:39:13.382,1.38925,1.38933,1.69,2.81
2018.02.13 21:39:13.435,1.38921,1.38929,1.00,1.25
2018.02.13 21:39:13.487,1.38923,1.38931,1.50,2.25
2018.02.13 21:39:13.540,1.38923,1.38932,1.50,1.31
2018.02.13 21:39:16.989,1.38923,1.38932,2.25,1.69
2018.02.13 21:39:17.736,1.38923,1.38933,1.69,1.56
2018.02.13 21:39:18.399,1.38923,1.38932,2.44,1.19
2018.02.13 21:39:19.359,1.38923,1.38933,1.69,1.56
2018.02.13 21:39:20.515,1.38923,1.38932,2.25,1.19
2018.02.13 21:39:21.440,1.38923,1.38931,1.69,1.69
2018.02.13 21:39:21.858,1.38923,1.38932,1.69,1.69
2018.02.13 21:39:22.359,1.38924,1.38934,1.50,4.69
2018.02.13 21:39:23.071,1.38923,1.38934,1.69,2.62
2018.02.13 21:39:23.586,1.38923,1.38933,1.69,1.19
2018.02.13 21:39:24.450,1.38922,1.38933,2.63,2.06
2018.02.13 21:39:25.054,1.38922,1.38932,2.44,1.00
2018.02.13 21:39:25.599,1.38923,1.38933,1.69,2.06
2018.02.13 21:39:26.322,1.38923,1.38932,1.69,1.00
2018.02.13 21:39:27.415,1.38922,1.38932,2.25,2.06
2018.02.13 21:39:27.944,1.38922,1.38932,1.69,1.44
2018.02.13 21:39:28.634,1.38922,1.38932,1.69,1.50
2018.02.13 21:39:29.294,1.38922,1.38933,2.06,2.06
2018.02.13 21:39:30.093,1.38922,1.38932,1.69,1.25
2018.02.13 21:39:31.103,1.38922,1.38933,2.06,2.06
2018.02.13 21:39:31.936,1.38922,1.38933,2.06,2.06
2018.02.13 21:39:33.933,1.38922,1.38932,1.50,2.44
2018.02.13 21:39:37.287,1.38922,1.38932,1.50,1.31
2018.02.13 21:39:37.823,1.38923,1.38933,1.50,1.31
2018.02.13 21:39:37.936,1.38923,1.38932,1.50,1.25
2018.02.13 21:39:38.689,1.38924,1.38933,1.50,1.56
2018.02.13 21:39:39.038,1.38924,1.38933,1.50,1.00
2018.02.13 21:39:44.183,1.38924,1.38934,1.50,1.50
2018.02.13 21:39:44.759,1.38924,1.38933,1.50,1.25
2018.02.13 21:39:47.468,1.38924,1.38933,1.50,1.63
2018.02.13 21:39:47.674,1.38922,1.38933,2.25,1.56
2018.02.13 21:39:47.948,1.38922,1.38932,1.50,2.00
2018.02.13 21:39:50.646,1.38921,1.38931,3.37,1.31
2018.02.13 21:39:51.216,1.38921,1.38931,2.62,1.63
2018.02.13 21:39:52.241,1.38921,1.38931,2.62,1.25
2018.02.13 21:39:53.232,1.38921,1.38931,1.87,1.44
2018.02.13 21:39:53.829,1.38921,1.38931,1.87,1.00
2018.02.13 21:39:57.995,1.38923,1.38932,1.50,1.87
2018.02.13 21:39:58.296,1.38922,1.38931,1.69,1.87
2018.02.13 21:39:58.837,1.38922,1.38932,1.50,1.56
2018.02.13 21:39:59.362,1.38922,1.38933,1.69,2.44
2018.02.13 21:40:00.131,1.38921,1.38933,2.44,3.19
2018.02.13 21:40:00.476,1.38923,1.38931,1.50,1.69
2018.02.13 21:40:00.988,1.38922,1.38931,1.50,1.25
2018.02.13 21:40:04.653,1.38922,1.38932,1.50,1.25
2018.02.13 21:40:05.305,1.38922,1.38931,1.50,1.25
2018.02.13 21:40:07.183,1.38922,1.38933,1.50,2.06
2018.02.13 21:40:07.615,1.38924,1.38933,1.50,1.69
2018.02.13 21:40:07.914,1.38922,1.38931,1.50,1.25
2018.02.13 21:40:08.748,1.38922,1.38932,1.69,2.06
2018.02.13 21:40:09.677,1.38922,1.38931,1.50,1.25
2018.02.13 21:40:09.912,1.38918,1.38927,2.25,3.38
2018.02.13 21:40:10.024,1.38916,1.38926,2.25,1.69
2018.02.13 21:40:10.130,1.38915,1.38924,1.00,3.37
2018.02.13 21:40:10.539,1.38916,1.38925,1.88,1.19
2018.02.13 21:40:10.911,1.38916,1.38927,1.69,1.69
2018.02.13 21:40:12.323,1.38916,1.38927,1.50,2.25
2018.02.13 21:40:12.375,1.38916,1.38927,1.50,2.25
2018.02.13 21:40:12.643,1.38916,1.38927,1.50,2.25
2018.02.13 21:40:12.695,1.38916,1.38927,1.50,1.50
2018.02.13 21:40:13.216,1.38917,1.38927,1.69,2.44
2018.02.13 21:40:14.703,1.38917,1.38927,1.50,1.69
2018.02.13 21:40:15.566,1.38917,1.38927,1.50,1.69
2018.02.13 21:40:16.396,1.38917,1.38927,1.50,1.61
2018.02.13 21:40:16.911,1.38917,1.38927,1.50,1.49
2018.02.13 21:40:16.963,1.38915,1.38927,2.06,1.49
2018.02.13 21:40:18.176,1.38916,1.38927,1.50,1.80
2018.02.13 21:40:18.636,1.38916,1.38926,1.50,1.67
2018.02.13 21:40:18.688,1.38914,1.38926,2.44,1.86
2018.02.13 21:40:19.079,1.38915,1.38926,1.50,1.99
2018.02.13 21:40:19.597,1.38915,1.38926,1.88,2.06
2018.02.13 21:40:20.144,1.38914,1.38926,1.50,2.06
2018.02.13 21:40:20.301,1.38906,1.38918,2.70,1.87
2018.02.13 21:40:20.515,1.38911,1.38922,1.50,2.99
2018.02.13 21:40:20.954,1.38911,1.38922,2.25,1.49
2018.02.13 21:40:21.456,1.38911,1.38922,2.81,1.37
2018.02.13 21:40:21.977,1.38911,1.38922,2.62,1.00
2018.02.13 21:40:22.568,1.38911,1.38923,3.75,1.87
2018.02.13 21:40:23.171,1.38911,1.38922,2.62,1.00
2018.02.13 21:40:23.887,1.38911,1.38923,3.94,2.06
2018.02.13 21:40:25.315,1.38911,1.38923,3.00,1.81
2018.02.13 21:40:26.213,1.38912,1.38923,2.25,2.06
2018.02.13 21:40:26.805,1.38912,1.38922,1.87,1.00
2018.02.13 21:40:26.909,1.38912,1.38923,1.69,1.69
2018.02.13 21:40:27.412,1.38912,1.38923,1.50,1.56
2018.02.13 21:40:28.281,1.38912,1.38923,1.50,1.56
2018.02.13 21:40:29.790,1.38912,1.38924,1.50,2.06
2018.02.13 21:40:30.316,1.38912,1.38924,1.69,2.06
2018.02.13 21:40:30.873,1.38912,1.38923,1.88,1.56
2018.02.13 21:40:33.369,1.38911,1.38924,2.25,2.25
2018.02.13 21:40:33.895,1.38912,1.38924,1.50,2.25
2018.02.13 21:40:34.409,1.38912,1.38923,1.50,1.56
2018.02.13 21:40:38.134,1.38912,1.38923,1.50,2.81
2018.02.13 21:40:38.187,1.38912,1.38921,1.50,1.25
2018.02.13 21:40:38.793,1.38912,1.38922,1.69,1.50
2018.02.13 21:40:39.455,1.38912,1.38922,1.50,1.19
2018.02.13 21:40:39.963,1.38912,1.38922,1.69,1.13
2018.02.13 21:40:41.383,1.38912,1.38923,1.50,2.63
2018.02.13 21:40:43.055,1.38911,1.38923,1.69,2.25
2018.02.13 21:40:43.159,1.38909,1.38921,1.87,1.69
2018.02.13 21:40:43.469,1.38911,1.38922,1.87,1.19
2018.02.13 21:40:43.781,1.38908,1.38918,2.25,1.19
2018.02.13 21:40:44.105,1.3891,1.3892,1.50,2.19
2018.02.13 21:40:44.236,1.38908,1.38918,2.25,1.50
2018.02.13 21:40:44.788,1.38907,1.38918,1.88,2.06
2018.02.13 21:40:45.051,1.38909,1.38918,1.50,1.25
2018.02.13 21:40:45.258,1.38907,1.38918,1.50,1.69
2018.02.13 21:40:45.568,1.38906,1.38918,1.69,2.06
2018.02.13 21:40:46.434,1.38906,1.38918,1.50,2.25
2018.02.13 21:40:46.796,1.38907,1.38918,1.87,2.62
2018.02.13 21:40:47.307,1.38907,1.38918,2.06,1.31
2018.02.13 21:40:47.636,1.38911,1.38921,1.88,2.63
2018.02.13 21:40:48.183,1.38911,1.38921,1.50,2.25
2018.02.13 21:40:49.070,1.38911,1.38921,1.67,2.63
2018.02.13 21:40:49.671,1.38911,1.38921,1.67,2.25
2018.02.13 21:40:51.809,1.38911,1.38921,2.25,2.06
2018.02.13 21:40:52.327,1.38911,1.38921,1.87,1.50
2018.02.13 21:40:52.995,1.38911,1.38921,2.25,1.69
2018.02.13 21:40:53.048,1.38911,1.38922,1.87,1.56
2018.02.13 21:40:54.384,1.38912,1.38922,1.50,1.63
2018.02.13 21:40:56.346,1.38912,1.38922,2.25,1.63
2018.02.13 21:40:58.071,1.38911,1.38923,1.50,1.69
2018.02.13 21:40:58.225,1.38913,1.38925,1.50,2.81
2018.02.13 21:40:58.602,1.38915,1.38924,1.50,1.25
2018.02.13 21:40:59.127,1.38913,1.38925,1.50,1.87
2018.02.13 21:40:59.297,1.38913,1.38927,1.87,2.25
2018.02.13 21:40:59.886,1.38914,1.38926,1.50,1.13
2018.02.13 21:41:00.248,1.38914,1.38927,1.88,3.75
2018.02.13 21:41:00.912,1.38914,1.38927,1.88,3.00
2018.02.13 21:41:01.443,1.38914,1.38927,1.69,4.31
2018.02.13 21:41:01.746,1.38914,1.38926,1.88,1.38
2018.02.13 21:41:02.199,1.38914,1.38927,1.69,4.31
2018.02.13 21:41:02.344,1.38914,1.38926,1.88,1.38
2018.02.13 21:41:02.396,1.38914,1.38927,1.69,4.13
2018.02.13 21:41:02.482,1.38914,1.38926,1.88,1.38
2018.02.13 21:41:02.818,1.38914,1.38927,1.69,3.75
2018.02.13 21:41:03.076,1.38913,1.38927,1.50,1.87
2018.02.13 21:41:03.526,1.38913,1.38927,1.87,2.96
2018.02.13 21:41:03.679,1.38914,1.38927,1.69,2.40
2018.02.13 21:41:04.359,1.38914,1.38926,1.88,1.28
2018.02.13 21:41:05.369,1.38914,1.38926,1.50,1.28
2018.02.13 21:41:05.860,1.38915,1.38928,1.69,1.91
2018.02.13 21:41:06.173,1.38914,1.38928,1.69,1.54
2018.02.13 21:41:06.635,1.38916,1.38928,1.50,1.72
2018.02.13 21:41:07.236,1.38916,1.38928,1.50,1.91
2018.02.13 21:41:07.763,1.38916,1.38928,1.50,1.91
2018.02.13 21:41:08.230,1.38915,1.38928,1.50,2.66
2018.02.13 21:41:08.937,1.38918,1.38928,1.50,1.48
2018.02.13 21:41:09.461,1.38917,1.38928,1.69,1.41
2018.02.13 21:41:10.007,1.38917,1.38928,1.50,1.44
2018.02.13 21:41:10.927,1.38919,1.38929,1.50,2.44
2018.02.13 21:41:11.241,1.38922,1.38932,1.50,2.25
2018.02.13 21:41:11.783,1.38922,1.38931,1.50,1.44
2018.02.13 21:41:12.326,1.38922,1.38932,1.50,1.50
2018.02.13 21:41:12.949,1.38922,1.38932,1.50,1.81
2018.02.13 21:41:13.508,1.38922,1.38932,1.50,1.88
2018.02.13 21:41:14.335,1.38922,1.38931,1.50,1.19
2018.02.13 21:41:14.849,1.38922,1.38932,1.50,2.25
2018.02.13 21:41:15.352,1.38922,1.38932,1.50,1.13
2018.02.13 21:41:17.751,1.38922,1.38932,1.50,1.38
2018.02.13 21:41:22.586,1.38923,1.38933,1.50,2.25
2018.02.13 21:41:28.399,1.38923,1.38933,1.69,2.63
2018.02.13 21:41:28.934,1.38922,1.38931,1.88,1.19
2018.02.13 21:41:29.910,1.38922,1.38932,1.50,1.38
2018.02.13 21:41:30.566,1.38922,1.38932,1.69,1.13
2018.02.13 21:41:32.090,1.38922,1.38932,1.50,1.12
2018.02.13 21:41:32.194,1.38922,1.38931,1.50,1.25
2018.02.13 21:41:32.698,1.38922,1.38932,1.50,1.12
2018.02.13 21:41:33.389,1.38922,1.38931,1.50,1.00
2018.02.13 21:41:34.103,1.38922,1.38933,1.50,2.44
2018.02.13 21:41:35.538,1.38922,1.38932,1.50,1.62
2018.02.13 21:41:36.364,1.38922,1.38932,1.50,1.62
2018.02.13 21:41:36.514,1.38922,1.38932,1.50,1.00
2018.02.13 21:41:37.022,1.38922,1.38932,1.50,1.44
2018.02.13 21:41:37.574,1.38922,1.38932,1.50,1.37
2018.02.13 21:41:37.856,1.38922,1.38932,1.50,1.25
2018.02.13 21:41:37.960,1.38922,1.38932,1.50,1.37
2018.02.13 21:41:38.211,1.38922,1.38932,1.50,1.25
2018.02.13 21:41:38.366,1.38922,1.38932,1.50,1.62
2018.02.13 21:41:38.880,1.38922,1.38932,1.50,1.31
2018.02.13 21:41:39.005,1.38922,1.38932,1.50,1.62
2018.02.13 21:41:39.338,1.38922,1.38932,1.50,1.31
2018.02.13 21:41:39.873,1.38922,1.38932,1.50,1.31
2018.02.13 21:41:40.570,1.38922,1.38932,1.50,1.81
2018.02.13 21:41:41.346,1.38922,1.38932,1.50,1.31
2018.02.13 21:41:42.001,1.38921,1.38932,1.69,1.50
2018.02.13 21:41:42.326,1.38921,1.38932,1.69,1.31
2018.02.13 21:41:42.879,1.38922,1.38932,1.50,1.31
2018.02.13 21:41:43.654,1.38922,1.38932,1.50,1.12
2018.02.13 21:41:45.325,1.38922,1.38932,1.50,1.63
2018.02.13 21:41:45.965,1.38922,1.38932,1.50,1.12
2018.02.13 21:41:49.037,1.38922,1.38932,1.50,1.31
2018.02.13 21:41:51.570,1.38922,1.38932,1.50,1.63
2018.02.13 21:41:52.221,1.38922,1.38932,1.50,1.31
2018.02.13 21:41:52.895,1.38922,1.38932,1.50,1.25
2018.02.13 21:41:53.520,1.38922,1.38932,1.88,1.81
2018.02.13 21:41:59.885,1.38922,1.38931,1.50,1.19
2018.02.13 21:42:00.491,1.38921,1.38931,3.00,1.25
2018.02.13 21:42:00.661,1.38921,1.38931,2.44,1.56
2018.02.13 21:42:01.189,1.38921,1.38932,1.87,1.94
2018.02.13 21:42:01.766,1.38921,1.38931,2.06,1.13
2018.02.13 21:42:02.316,1.38921,1.38932,1.87,1.87
2018.02.13 21:42:03.641,1.38921,1.38932,2.06,2.25
2018.02.13 21:42:05.070,1.38921,1.38931,1.87,1.19
2018.02.13 21:42:05.771,1.38921,1.38932,2.25,1.94
2018.02.13 21:42:07.905,1.38921,1.38932,3.00,2.00
2018.02.13 21:42:09.286,1.38918,1.3893,1.87,1.94
2018.02.13 21:42:09.804,1.38918,1.3893,1.50,1.94
2018.02.13 21:42:10.311,1.38921,1.38931,2.25,1.00
2018.02.13 21:42:10.834,1.38921,1.38931,1.87,1.25
2018.02.13 21:42:12.563,1.38921,1.38932,2.25,2.06
2018.02.13 21:42:13.334,1.38921,1.38932,2.06,2.06
2018.02.13 21:42:13.911,1.38921,1.38932,1.87,1.81
2018.02.13 21:42:14.488,1.38921,1.38932,1.87,1.75
2018.02.13 21:42:15.650,1.38921,1.38932,1.87,1.50
2018.02.13 21:42:17.190,1.38921,1.38933,1.87,2.44
2018.02.13 21:42:25.555,1.38921,1.38932,2.44,1.50
2018.02.13 21:42:26.241,1.38921,1.38932,2.25,1.44
2018.02.13 21:42:29.108,1.38922,1.38932,1.50,1.12
2018.02.13 21:42:29.652,1.38922,1.38933,1.50,2.44
2018.02.13 21:42:30.691,1.38922,1.38932,1.50,1.00
2018.02.13 21:42:31.199,1.38922,1.38932,1.69,1.44
2018.02.13 21:42:32.483,1.38922,1.38932,1.50,1.00
2018.02.13 21:42:33.005,1.38923,1.38932,1.50,1.00
2018.02.13 21:42:33.818,1.38923,1.38933,1.50,1.31
2018.02.13 21:42:35.110,1.38923,1.38933,1.50,1.56
2018.02.13 21:42:38.767,1.38922,1.38933,1.50,2.06
2018.02.13 21:42:39.312,1.38922,1.38933,1.50,1.88
2018.02.13 21:42:39.860,1.38922,1.38933,1.50,2.06
2018.02.13 21:42:40.706,1.38922,1.38933,1.50,2.19
2018.02.13 21:42:57.633,1.38922,1.38933,1.50,3.19
2018.02.13 21:43:00.799,1.38922,1.38933,1.50,2.81
2018.02.13 21:43:01.886,1.38922,1.38933,1.50,2.44
2018.02.13 21:43:05.663,1.38922,1.3893,1.50,1.56
2018.02.13 21:43:06.341,1.38922,1.38931,1.50,1.31
2018.02.13 21:43:11.611,1.38921,1.3893,1.50,1.13
2018.02.13 21:43:13.127,1.38918,1.38929,4.31,1.31
2018.02.13 21:43:13.179,1.38921,1.3893,1.50,2.00
2018.02.13 21:43:13.937,1.38921,1.38931,1.50,1.13
2018.02.13 21:43:14.502,1.38921,1.38931,1.50,1.81
2018.02.13 21:43:22.038,1.38921,1.38931,1.69,1.56
2018.02.13 21:43:23.089,1.38922,1.38932,1.50,1.88
2018.02.13 21:43:23.709,1.38921,1.3893,1.50,1.38
2018.02.13 21:43:39.354,1.38921,1.38931,1.69,1.13
2018.02.13 21:43:40.285,1.38921,1.38932,1.50,2.06
2018.02.13 21:43:42.748,1.38921,1.38931,1.88,1.13
2018.02.13 21:43:43.760,1.38921,1.38932,1.50,2.06
2018.02.13 21:43:44.371,1.38921,1.38932,1.69,1.75
2018.02.13 21:43:45.414,1.38921,1.38932,2.81,1.44
2018.02.13 21:43:45.723,1.38921,1.38933,2.06,2.19
2018.02.13 21:43:46.351,1.38921,1.38933,1.88,1.88
2018.02.13 21:43:49.722,1.38921,1.38932,1.69,1.44
2018.02.13 21:43:50.271,1.38922,1.38932,1.69,1.25
2018.02.13 21:43:50.926,1.38922,1.38933,1.69,2.44
2018.02.13 21:43:53.277,1.38922,1.38932,1.50,1.00
2018.02.13 21:43:53.846,1.38922,1.38933,1.50,2.00
2018.02.13 21:43:54.934,1.3893,1.38935,2.06,1.56
2018.02.13 21:43:54.987,1.38931,1.38938,1.69,1.00
2018.02.13 21:43:55.038,1.38931,1.38941,2.81,1.00
2018.02.13 21:43:55.140,1.38931,1.38941,3.00,1.13
2018.02.13 21:43:55.346,1.38927,1.38939,3.75,1.13
2018.02.13 21:43:55.450,1.38926,1.38936,2.44,1.00
2018.02.13 21:43:57.512,1.38926,1.38937,2.44,1.37
2018.02.13 21:43:58.040,1.38926,1.38937,1.00,1.44
2018.02.13 21:43:59.080,1.38926,1.38937,1.25,1.12
2018.02.13 21:44:00.519,1.38926,1.38938,1.12,3.38
2018.02.13 21:44:00.965,1.38926,1.38938,1.00,1.69
2018.02.13 21:44:01.172,1.38926,1.38938,1.00,2.44
2018.02.13 21:44:01.952,1.38926,1.38938,1.00,1.87
2018.02.13 21:44:02.455,1.38926,1.38938,1.12,2.44
2018.02.13 21:44:03.099,1.38926,1.38938,1.00,1.87
2018.02.13 21:44:03.400,1.38926,1.38938,2.25,2.44
2018.02.13 21:44:04.112,1.38926,1.38937,2.25,1.31
2018.02.13 21:44:05.080,1.38926,1.38937,2.25,1.56
2018.02.13 21:44:05.763,1.38926,1.38937,2.25,1.69
2018.02.13 21:44:07.086,1.38926,1.38937,2.25,1.56
2018.02.13 21:44:07.606,1.38926,1.38937,2.25,1.56
2018.02.13 21:44:08.126,1.38926,1.38937,2.25,1.56
2018.02.13 21:44:09.410,1.38926,1.38937,1.00,1.44
2018.02.13 21:44:11.217,1.38924,1.38936,3.00,2.44
2018.02.13 21:44:11.321,1.38925,1.38936,1.87,1.19
2018.02.13 21:44:11.579,1.38925,1.38936,2.25,1.44
2018.02.13 21:44:11.888,1.38925,1.38936,2.06,1.44
2018.02.13 21:44:12.425,1.38925,1.38937,2.44,2.25
2018.02.13 21:44:13.181,1.38926,1.38937,1.50,1.56
2018.02.13 21:44:17.167,1.38926,1.38937,2.06,1.69
2018.02.13 21:44:17.850,1.38926,1.38936,2.25,1.00
2018.02.13 21:44:18.481,1.38927,1.38937,1.87,1.94
2018.02.13 21:44:19.170,1.38927,1.38937,2.06,1.56
2018.02.13 21:44:19.829,1.38927,1.38937,2.06,1.69
2018.02.13 21:44:20.444,1.38927,1.38937,1.87,1.56
2018.02.13 21:44:20.984,1.38927,1.38937,1.87,1.63
2018.02.13 21:44:21.634,1.38927,1.38937,1.87,1.19
2018.02.13 21:44:26.141,1.38927,1.38937,1.87,1.56
2018.02.13 21:44:26.760,1.38927,1.38938,1.87,2.25
2018.02.13 21:44:28.455,1.38928,1.38937,1.50,1.63
2018.02.13 21:44:29.626,1.38926,1.38937,1.87,1.56
2018.02.13 21:44:30.228,1.38926,1.38937,2.06,1.88
2018.02.13 21:44:30.859,1.38926,1.38937,2.06,1.88
2018.02.13 21:44:33.688,1.38929,1.38939,1.50,2.44
2018.02.13 21:44:34.226,1.38928,1.38938,1.50,1.31
2018.02.13 21:44:36.621,1.38928,1.38938,1.50,1.87
2018.02.13 21:44:37.680,1.38928,1.38938,1.50,2.63
2018.02.13 21:44:39.992,1.38928,1.38938,1.50,1.88
2018.02.13 21:44:40.460,1.38933,1.38941,1.50,1.48
2018.02.13 21:44:40.610,1.38936,1.38943,1.50,1.44
2018.02.13 21:44:40.663,1.38934,1.38945,1.50,2.06
2018.02.13 21:44:41.203,1.38935,1.38945,1.50,1.31
2018.02.13 21:44:45.773,1.38933,1.38944,2.62,1.31
2018.02.13 21:44:46.338,1.38933,1.38945,2.63,2.63
2018.02.13 21:44:46.909,1.38933,1.38945,2.25,2.06
2018.02.13 21:44:49.428,1.38933,1.38945,2.06,1.50
2018.02.13 21:44:49.733,1.38934,1.38945,1.69,1.44
2018.02.13 21:44:50.259,1.38936,1.38947,1.50,2.44
2018.02.13 21:44:50.775,1.38936,1.38947,1.88,2.06
2018.02.13 21:44:51.560,1.38935,1.38947,1.69,1.31
2018.02.13 21:44:52.084,1.38936,1.38948,1.50,1.31
2018.02.13 21:44:52.625,1.38937,1.38948,1.50,1.75
2018.02.13 21:44:52.832,1.38934,1.38944,1.87,1.31
2018.02.13 21:44:53.844,1.38934,1.38943,1.87,1.44
2018.02.13 21:44:55.096,1.38934,1.38943,1.87,1.56
2018.02.13 21:44:55.710,1.38934,1.38943,1.87,1.56
2018.02.13 21:44:56.755,1.38934,1.38942,1.87,1.00
2018.02.13 21:44:58.956,1.38934,1.38943,2.25,1.38
2018.02.13 21:45:00.063,1.38934,1.38943,1.87,1.25
2018.02.13 21:45:00.614,1.38933,1.38943,1.87,1.31
2018.02.13 21:45:01.159,1.38933,1.38943,1.87,1.00
2018.02.13 21:45:04.747,1.38931,1.38944,2.81,1.56
2018.02.13 21:45:05.402,1.38931,1.38943,3.00,1.19
2018.02.13 21:45:06.109,1.38931,1.38944,3.00,2.06
2018.02.13 21:45:07.334,1.38936,1.38948,1.50,2.14
2018.02.13 21:45:07.666,1.38942,1.38953,1.50,3.26
2018.02.13 21:45:08.500,1.38942,1.38951,1.50,1.12
2018.02.13 21:45:08.602,1.38939,1.38953,1.87,2.10
2018.02.13 21:45:09.410,1.38939,1.38952,1.87,1.75
2018.02.13 21:45:09.944,1.3894,1.38952,1.50,1.69
2018.02.13 21:45:10.476,1.38939,1.38952,1.87,2.00
2018.02.13 21:45:10.701,1.3894,1.38951,1.50,1.00
2018.02.13 21:45:11.323,1.3894,1.38951,1.50,1.19
2018.02.13 21:45:11.904,1.3894,1.38953,1.50,1.31
2018.02.13 21:45:12.817,1.3894,1.38953,1.69,1.75
2018.02.13 21:45:13.375,1.3894,1.38953,1.50,1.12
2018.02.13 21:45:15.035,1.3894,1.38953,1.50,1.12
2018.02.13 21:45:15.087,1.3894,1.38953,1.69,1.75
2018.02.13 21:45:15.683,1.3894,1.38953,1.69,1.12
2018.02.13 21:45:16.193,1.3894,1.38953,1.50,1.12
2018.02.13 21:45:16.814,1.3894,1.38953,1.69,1.12
2018.02.13 21:45:17.331,1.3894,1.38953,1.50,1.12
2018.02.13 21:45:17.436,1.3894,1.38953,1.50,1.12
2018.02.13 21:45:17.993,1.3894,1.38953,1.69,1.12
2018.02.13 21:45:18.500,1.3894,1.38953,1.87,1.12
2018.02.13 21:45:19.210,1.3894,1.38953,2.06,1.75
2018.02.13 21:45:21.262,1.3894,1.38953,1.87,1.75
2018.02.13 21:45:21.586,1.3894,1.38953,1.87,1.75
2018.02.13 21:45:22.215,1.3894,1.38953,1.50,1.12
2018.02.13 21:45:22.839,1.3894,1.38952,1.50,1.25
2018.02.13 21:45:23.095,1.3894,1.38952,1.50,1.62
2018.02.13 21:45:23.604,1.3894,1.38953,1.69,1.12
2018.02.13 21:45:24.705,1.3894,1.38954,1.50,3.64
2018.02.13 21:45:29.783,1.3894,1.38953,1.50,1.12
2018.02.13 21:45:30.298,1.3894,1.38953,1.69,1.12
2018.02.13 21:45:31.573,1.3894,1.38952,2.06,1.00
2018.02.13 21:45:31.882,1.3894,1.38952,2.06,1.37
2018.02.13 21:45:32.836,1.3894,1.38952,2.06,1.44
2018.02.13 21:45:34.198,1.3894,1.38952,2.06,1.25
2018.02.13 21:45:34.753,1.3894,1.38952,2.06,1.19
2018.02.13 21:45:35.275,1.3894,1.38954,1.69,2.44
2018.02.13 21:45:35.841,1.3894,1.38954,1.87,3.00
2018.02.13 21:45:36.601,1.3894,1.38953,1.87,1.25
2018.02.13 21:45:41.312,1.38942,1.38953,1.50,1.25
2018.02.13 21:45:42.175,1.38942,1.38953,1.50,1.31
2018.02.13 21:45:42.870,1.38942,1.38953,1.87,1.31
2018.02.13 21:45:45.713,1.38942,1.38951,1.87,1.00
2018.02.13 21:45:46.514,1.38942,1.38952,1.69,1.50
2018.02.13 21:45:51.075,1.38942,1.38952,1.87,1.62
2018.02.13 21:45:51.836,1.38942,1.38952,1.50,1.31
2018.02.13 21:45:56.606,1.38942,1.38952,1.50,1.81
2018.02.13 21:45:57.204,1.38942,1.38952,1.50,1.50
2018.02.13 21:45:58.663,1.38941,1.38952,1.50,1.75
2018.02.13 21:45:58.973,1.38941,1.38952,1.50,1.87
2018.02.13 21:46:00.606,1.38941,1.38951,1.50,1.37
2018.02.13 21:46:00.659,1.38941,1.38951,1.50,1.12
2018.02.13 21:46:04.775,1.38941,1.38951,1.50,1.37
2018.02.13 21:46:04.827,1.38939,1.38951,2.25,1.50
2018.02.13 21:46:04.878,1.38937,1.38945,1.00,2.06
2018.02.13 21:46:04.930,1.38933,1.38943,2.25,1.25
2018.02.13 21:46:05.239,1.38933,1.38944,1.50,1.31
2018.02.13 21:46:05.778,1.38932,1.38944,1.50,3.75
2018.02.13 21:46:09.839,1.38932,1.38943,1.50,1.00
2018.02.13 21:46:09.992,1.38932,1.38943,1.50,1.87
2018.02.13 21:46:10.697,1.38932,1.38943,1.50,1.19
2018.02.13 21:46:11.208,1.38931,1.38942,1.50,2.06
2018.02.13 21:46:12.744,1.3893,1.38942,2.06,1.62
2018.02.13 21:46:13.052,1.38922,1.38933,1.50,1.31
2018.02.13 21:46:13.154,1.38922,1.38934,1.69,2.62
2018.02.13 21:46:13.684,1.38922,1.38935,2.25,2.81
2018.02.13 21:46:13.737,1.38928,1.38935,2.25,1.25
2018.02.13 21:46:13.790,1.38931,1.38941,1.50,1.50
2018.02.13 21:46:13.845,1.38931,1.38941,2.06,1.25
2018.02.13 21:46:13.972,1.38931,1.38938,1.50,1.00
2018.02.13 21:46:14.025,1.38926,1.38937,1.69,1.37
2018.02.13 21:46:15.164,1.38926,1.38936,1.50,1.00
2018.02.13 21:46:18.366,1.38927,1.38936,1.87,1.00
2018.02.13 21:46:18.520,1.38927,1.38939,1.87,1.87
2018.02.13 21:46:19.060,1.38927,1.38939,1.69,2.81
2018.02.13 21:46:20.716,1.38927,1.38939,1.87,2.06
2018.02.13 21:46:21.609,1.38927,1.38939,1.69,1.87
2018.02.13 21:46:22.204,1.38927,1.38939,1.69,2.06
2018.02.13 21:46:22.502,1.38927,1.38938,1.50,1.62
2018.02.13 21:46:22.554,1.38927,1.38938,1.50,1.12
2018.02.13 21:46:23.318,1.38927,1.38938,1.69,1.62
2018.02.13 21:46:23.589,1.38931,1.38941,1.50,1.62
2018.02.13 21:46:24.041,1.38932,1.38943,1.87,2.51
2018.02.13 21:46:24.644,1.38932,1.38942,1.87,1.25
2018.02.13 21:46:25.187,1.38932,1.38943,1.87,2.25
2018.02.13 21:46:26.505,1.38932,1.38943,1.69,2.06
2018.02.13 21:46:27.286,1.38932,1.38943,1.50,2.44
2018.02.13 21:46:27.948,1.38932,1.38943,1.69,2.44
2018.02.13 21:46:28.108,1.38932,1.38942,1.50,1.31
2018.02.13 21:46:28.210,1.38932,1.38943,1.50,2.25
2018.02.13 21:46:28.712,1.3893,1.38943,1.50,2.06
2018.02.13 21:46:29.307,1.38931,1.38943,2.06,2.06
2018.02.13 21:46:29.742,1.38931,1.38943,3.37,1.00
2018.02.13 21:46:30.296,1.38931,1.38944,2.62,2.25
2018.02.13 21:46:30.979,1.38931,1.38944,2.62,1.62
2018.02.13 21:46:31.620,1.38931,1.38944,2.62,1.12
2018.02.13 21:46:32.989,1.38931,1.38944,1.25,2.81
2018.02.13 21:46:33.302,1.38928,1.38941,1.37,1.12
2018.02.13 21:46:33.699,1.38928,1.38942,1.37,3.19
2018.02.13 21:46:34.215,1.38928,1.3894,1.12,1.00
2018.02.13 21:46:34.736,1.38928,1.38942,1.25,3.00
2018.02.13 21:46:35.961,1.38926,1.3894,1.62,1.37
2018.02.13 21:46:36.951,1.38926,1.3894,1.81,1.37
2018.02.13 21:46:38.371,1.38926,1.3894,1.75,2.25
2018.02.13 21:46:38.424,1.38927,1.3894,1.00,1.50
2018.02.13 21:46:38.616,1.38926,1.3894,1.75,2.25
2018.02.13 21:46:40.431,1.38926,1.3894,2.00,1.31
2018.02.13 21:46:40.936,1.38926,1.3894,1.81,1.44
2018.02.13 21:46:41.521,1.38926,1.3894,1.87,1.87
2018.02.13 21:46:42.492,1.38926,1.3894,1.50,1.44
2018.02.13 21:46:42.698,1.38926,1.38939,1.12,2.62
2018.02.13 21:46:44.984,1.38928,1.38939,1.00,2.06
2018.02.13 21:46:45.036,1.38928,1.38939,1.00,2.25
2018.02.13 21:46:45.815,1.38928,1.38939,1.00,2.25
2018.02.13 21:46:47.005,1.38928,1.38939,1.00,2.25
2018.02.13 21:46:47.455,1.38925,1.38938,2.62,1.50
2018.02.13 21:46:47.559,1.38925,1.38938,1.50,3.19
2018.02.13 21:46:48.124,1.38925,1.38938,1.12,3.37
2018.02.13 21:46:51.360,1.38924,1.38935,3.00,1.00
2018.02.13 21:46:51.815,1.38924,1.38935,3.19,1.50
2018.02.13 21:46:52.518,1.38924,1.38935,1.50,1.31
2018.02.13 21:46:52.764,1.38924,1.38935,1.50,1.62
2018.02.13 21:46:56.233,1.38924,1.38935,1.50,1.37
2018.02.13 21:46:56.793,1.38924,1.38935,1.50,1.37
2018.02.13 21:46:56.845,1.38927,1.38937,1.50,1.25
2018.02.13 21:46:57.924,1.38927,1.38938,1.31,1.31
2018.02.13 21:46:59.226,1.38927,1.38938,2.06,1.44
2018.02.13 21:47:00.252,1.38927,1.38938,1.12,1.25
2018.02.13 21:47:01.224,1.38927,1.38938,1.00,1.19
2018.02.13 21:47:02.258,1.38925,1.38937,1.62,1.50
2018.02.13 21:47:02.650,1.38925,1.38937,1.62,1.87
2018.02.13 21:47:02.999,1.38925,1.38937,1.00,1.69
2018.02.13 21:47:03.641,1.38925,1.38936,1.09,1.50
2018.02.13 21:47:08.161,1.38924,1.38934,1.00,1.37
2018.02.13 21:47:08.697,1.38922,1.38934,2.06,2.62
2018.02.13 21:47:09.058,1.38923,1.38934,1.00,2.62
2018.02.13 21:47:09.561,1.38923,1.38934,1.00,3.00
2018.02.13 21:47:10.097,1.38923,1.38934,1.40,4.50
2018.02.13 21:47:10.903,1.38923,1.38934,1.20,2.81
2018.02.13 21:47:11.561,1.38922,1.38934,3.19,3.37
2018.02.13 21:47:12.223,1.38922,1.38934,3.19,3.00
2018.02.13 21:47:19.813,1.38924,1.38933,1.44,1.25
2018.02.13 21:47:20.476,1.38923,1.38933,1.81,1.25
2018.02.13 21:47:21.132,1.38924,1.38933,1.19,1.00
2018.02.13 21:47:21.845,1.38923,1.38934,1.69,2.25
2018.02.13 21:47:23.861,1.38921,1.3893,1.57,1.87
2018.02.13 21:47:24.173,1.3892,1.3893,3.75,1.87
2018.02.13 21:47:24.878,1.3892,1.3893,3.37,1.44
2018.02.13 21:47:26.185,1.3892,1.3893,1.50,1.31
2018.02.13 21:47:26.784,1.3892,1.3893,2.62,1.37
2018.02.13 21:47:29.024,1.3892,1.3893,4.50,1.37
2018.02.13 21:47:30.032,1.3892,1.38929,1.50,1.31
2018.02.13 21:47:30.522,1.38921,1.38929,1.12,1.31
2018.02.13 21:47:31.467,1.38921,1.3893,1.12,1.12
2018.02.13 21:47:38.838,1.3892,1.3893,2.25,1.62
2018.02.13 21:47:39.379,1.3892,1.3893,3.00,2.25
2018.02.13 21:47:39.914,1.38921,1.38931,1.37,2.06
2018.02.13 21:47:40.583,1.38921,1.38931,1.12,2.25
2018.02.13 21:47:41.355,1.3892,1.3893,4.50,1.00
2018.02.13 21:47:45.832,1.38921,1.38931,3.00,2.25
2018.02.13 21:47:46.846,1.3892,1.38931,3.37,2.06
2018.02.13 21:47:49.994,1.3892,1.38931,4.12,2.25
2018.02.13 21:47:50.495,1.3892,1.38931,4.12,2.25
2018.02.13 21:47:50.601,1.38921,1.38931,1.00,1.50
2018.02.13 21:47:50.703,1.38922,1.38931,1.31,1.00
2018.02.13 21:47:51.230,1.38923,1.38931,1.00,1.00
2018.02.13 21:47:51.746,1.38923,1.38932,1.00,1.00
2018.02.13 21:47:56.360,1.38923,1.38932,1.00,1.50
2018.02.13 21:47:57.326,1.38923,1.38932,1.00,1.69
2018.02.13 21:48:01.756,1.38921,1.38931,4.87,1.44
2018.02.13 21:48:02.791,1.38922,1.38931,1.12,1.56
2018.02.13 21:48:03.341,1.38921,1.3893,1.00,1.81
2018.02.13 21:48:06.365,1.3892,1.3893,1.37,1.25
2018.02.13 21:48:08.430,1.3892,1.3893,1.50,1.44
2018.02.13 21:48:10.019,1.3892,1.3893,2.44,1.25
2018.02.13 21:48:13.783,1.38918,1.38927,4.69,1.50
2018.02.13 21:48:14.389,1.38919,1.38927,2.62,1.25
2018.02.13 21:48:17.246,1.38918,1.38927,1.87,1.31
2018.02.13 21:48:17.805,1.38918,1.38927,1.12,1.69
2018.02.13 21:48:18.001,1.38919,1.3893,3.00,2.62
2018.02.13 21:48:21.034,1.38921,1.3893,1.25,1.50
2018.02.13 21:48:23.367,1.38921,1.38931,1.00,2.81
2018.02.13 21:48:26.460,1.38921,1.38931,1.25,3.19
2018.02.13 21:48:31.166,1.38921,1.38931,1.37,2.25
2018.02.13 21:48:31.952,1.38922,1.38931,1.00,1.69
2018.02.13 21:48:32.613,1.38921,1.38931,2.25,1.50
2018.02.13 21:48:43.875,1.38921,1.38931,2.32,1.31
2018.02.13 21:48:44.499,1.38921,1.3893,2.32,1.00
2018.02.13 21:48:45.615,1.38921,1.3893,4.20,1.12
2018.02.13 21:48:47.224,1.38921,1.3893,1.95,1.37
2018.02.13 21:48:48.234,1.38921,1.3893,1.07,1.12
2018.02.13 21:48:49.710,1.38921,1.3893,1.32,1.31
2018.02.13 21:48:50.442,1.38921,1.3893,1.07,1.12
2018.02.13 21:48:57.806,1.38921,1.3893,1.07,1.50
2018.02.13 21:48:58.361,1.3892,1.3893,2.32,1.12
2018.02.13 21:48:59.023,1.38921,1.3893,1.07,1.50
2018.02.13 21:49:06.045,1.38921,1.3893,1.20,1.12
2018.02.13 21:49:08.065,1.38921,1.38931,1.39,4.87
2018.02.13 21:49:08.924,1.3892,1.38929,1.95,1.12
2018.02.13 21:49:08.977,1.3892,1.3893,1.57,1.37
2018.02.13 21:49:09.521,1.3892,1.3893,2.51,1.50
2018.02.13 21:49:12.761,1.3892,1.3893,1.95,1.00
2018.02.13 21:49:13.579,1.3892,1.3893,2.70,1.00
2018.02.13 21:49:15.613,1.38921,1.38931,1.07,4.31
2018.02.13 21:49:16.218,1.3892,1.3893,3.07,1.12
2018.02.13 21:49:19.948,1.38919,1.38927,1.95,1.25
2018.02.13 21:49:20.158,1.38919,1.38926,1.12,1.00
2018.02.13 21:49:20.885,1.38919,1.38925,1.20,1.00
2018.02.13 21:49:29.355,1.38917,1.38925,1.39,1.87
2018.02.13 21:49:30.411,1.38917,1.38925,1.82,1.87
2018.02.13 21:49:32.048,1.38917,1.38925,1.20,1.12
2018.02.13 21:49:33.032,1.38917,1.38925,1.95,1.12
2018.02.13 21:49:34.926,1.38918,1.38927,2.70,1.12
2018.02.13 21:49:35.030,1.38919,1.38928,3.07,3.37
2018.02.13 21:49:35.739,1.3892,1.38927,1.07,2.25
2018.02.13 21:49:37.048,1.3892,1.38929,1.07,1.00
2018.02.13 21:49:37.152,1.38921,1.38931,3.45,1.87
2018.02.13 21:49:37.204,1.38921,1.3893,1.32,1.50
2018.02.13 21:49:37.711,1.3892,1.38929,2.14,2.25
2018.02.13 21:49:40.689,1.3892,1.38928,1.20,4.12
2018.02.13 21:49:41.917,1.3892,1.38925,1.10,2.62
2018.02.13 21:49:42.074,1.38911,1.38917,2.62,1.12
2018.02.13 21:49:42.127,1.38924,1.38933,1.95,2.25
2018.02.13 21:49:42.181,1.38961,1.38971,7.50,1.00
2018.02.13 21:49:42.319,1.38968,1.38978,1.12,1.00
2018.02.13 21:49:42.371,1.38972,1.3898,1.00,1.12
2018.02.13 21:49:42.424,1.38965,1.38981,1.70,1.87
2018.02.13 21:49:42.527,1.38963,1.38979,2.32,2.81
2018.02.13 21:49:42.836,1.38959,1.38963,1.20,1.00
2018.02.13 21:49:42.995,1.38953,1.38967,1.65,1.12
2018.02.13 21:49:43.047,1.38952,1.38968,1.84,2.06
2018.02.13 21:49:43.662,1.38953,1.38968,1.01,1.87
2018.02.13 21:49:44.115,1.38953,1.38968,1.70,1.25
2018.02.13 21:49:44.474,1.38953,1.38968,1.45,1.37
2018.02.13 21:49:44.602,1.38953,1.38968,1.45,1.12
2018.02.13 21:49:44.704,1.38953,1.38968,1.45,1.44
2018.02.13 21:49:45.127,1.38951,1.38965,1.92,2.81
2018.02.13 21:49:45.179,1.38952,1.38964,1.45,2.25
2018.02.13 21:49:45.754,1.38949,1.38964,2.70,1.50
2018.02.13 21:49:45.909,1.38949,1.38964,2.70,2.25
2018.02.13 21:49:46.583,1.38949,1.38964,2.89,2.25
2018.02.13 21:49:47.359,1.38952,1.38964,1.07,4.12
2018.02.13 21:49:47.566,1.38952,1.38964,1.07,3.37
2018.02.13 21:49:47.721,1.38952,1.38964,1.07,3.37
2018.02.13 21:49:48.261,1.38949,1.38963,2.51,1.87
2018.02.13 21:49:48.993,1.3895,1.38963,1.01,2.25
2018.02.13 21:49:49.452,1.38949,1.38963,2.32,2.44
2018.02.13 21:49:49.504,1.38949,1.38963,2.89,2.81
2018.02.13 21:49:49.556,1.38949,1.38963,2.32,2.81
2018.02.13 21:49:49.608,1.38949,1.38963,2.32,2.81
2018.02.13 21:49:50.162,1.38949,1.38963,3.45,2.25
2018.02.13 21:49:50.697,1.3895,1.38963,1.01,2.25
2018.02.13 21:49:51.448,1.3895,1.38963,1.01,2.25
2018.02.13 21:49:51.990,1.38949,1.38963,2.89,3.37
2018.02.13 21:49:52.572,1.38952,1.38963,1.20,3.19
2018.02.13 21:49:53.096,1.38952,1.38963,1.07,3.19
2018.02.13 21:49:53.636,1.38952,1.38963,1.45,3.19
2018.02.13 21:49:54.679,1.38951,1.38963,1.82,3.19
2018.02.13 21:49:55.182,1.38952,1.38963,1.45,3.19
2018.02.13 21:49:55.813,1.38952,1.38963,1.45,3.19
2018.02.13 21:49:55.992,1.38951,1.38963,2.07,3.19
2018.02.13 21:49:56.866,1.38951,1.38963,1.57,2.44
2018.02.13 21:49:57.194,1.38951,1.38962,1.82,1.87
2018.02.13 21:49:57.348,1.38951,1.38962,1.57,1.44
2018.02.13 21:49:58.109,1.38951,1.38962,1.57,1.62
2018.02.13 21:49:58.911,1.38951,1.38962,1.57,2.44
2018.02.13 21:50:00.129,1.38951,1.3896,1.45,2.06
2018.02.13 21:50:00.337,1.38949,1.38957,1.39,1.00
2018.02.13 21:50:00.389,1.38945,1.38959,3.90,2.25
2018.02.13 21:50:00.442,1.38945,1.38954,1.07,3.00
2018.02.13 21:50:00.494,1.38944,1.38952,1.00,1.69
2018.02.13 21:50:00.599,1.3894,1.38949,1.10,1.69
2018.02.13 21:50:00.652,1.38934,1.38942,1.07,1.69
2018.02.13 21:50:00.756,1.3893,1.38939,1.07,1.50
2018.02.13 21:50:01.261,1.38929,1.38939,1.07,1.69
2018.02.13 21:50:01.367,1.38928,1.38938,1.39,1.69
2018.02.13 21:50:01.830,1.38929,1.38938,1.01,1.50
2018.02.13 21:50:06.762,1.38929,1.38938,1.57,1.50
2018.02.13 21:50:07.255,1.38931,1.3894,1.20,1.50
2018.02.13 21:50:07.612,1.38929,1.38935,1.20,1.50
2018.02.13 21:50:07.664,1.38925,1.38934,2.32,2.44
2018.02.13 21:50:07.717,1.38925,1.38932,1.45,1.50
2018.02.13 21:50:07.874,1.38919,1.38928,1.07,1.50
2018.02.13 21:50:08.423,1.38916,1.38928,3.64,2.62
2018.02.13 21:50:11.497,1.38915,1.38924,1.95,1.50
2018.02.13 21:50:11.549,1.38916,1.38923,1.10,1.69
2018.02.13 21:50:12.094,1.38915,1.38924,1.10,1.85
2018.02.13 21:50:12.605,1.38915,1.38924,1.10,3.41
2018.02.13 21:50:14.223,1.38916,1.38924,1.00,4.54
2018.02.13 21:50:14.798,1.38915,1.38924,1.10,3.37
2018.02.13 21:50:16.626,1.38916,1.38923,1.00,1.50
2018.02.13 21:50:16.906,1.38915,1.38925,1.00,2.29
2018.02.13 21:50:16.959,1.38913,1.38924,1.10,1.12
2018.02.13 21:50:17.066,1.38911,1.38918,1.45,1.31
2018.02.13 21:50:17.118,1.38907,1.38919,1.45,3.56
2018.02.13 21:50:17.327,1.38906,1.38918,1.20,1.69
2018.02.13 21:50:17.928,1.38905,1.38918,2.32,1.25
2018.02.13 21:50:18.987,1.38907,1.38918,1.39,1.50
2018.02.13 21:50:19.964,1.38907,1.38919,1.39,1.00
2018.02.13 21:50:20.645,1.38907,1.3892,1.07,3.37
2018.02.13 21:50:21.689,1.38906,1.3892,1.45,3.37
2018.02.13 21:50:22.316,1.38906,1.3892,1.20,3.37
2018.02.13 21:50:22.862,1.38908,1.38919,1.57,2.62
2018.02.13 21:50:23.397,1.38908,1.38919,1.57,1.87
2018.02.13 21:50:24.662,1.38908,1.38919,1.95,1.87
2018.02.13 21:50:25.175,1.38908,1.38919,2.32,2.25
2018.02.13 21:50:25.710,1.38908,1.38919,2.32,1.87
2018.02.13 21:50:29.755,1.38907,1.38921,2.89,4.12
2018.02.13 21:50:31.038,1.38908,1.38919,1.07,1.12
2018.02.13 21:50:31.787,1.38908,1.38919,1.07,1.50
2018.02.13 21:50:32.769,1.38908,1.38919,1.07,1.62
2018.02.13 21:50:33.789,1.38907,1.38919,2.70,1.12
2018.02.13 21:50:37.173,1.38908,1.38921,1.76,3.37
2018.02.13 21:50:39.226,1.38907,1.38921,3.26,2.25
2018.02.13 21:50:42.693,1.38908,1.38921,1.76,2.06
2018.02.13 21:50:44.128,1.38909,1.38921,1.57,3.00
2018.02.13 21:50:44.661,1.38909,1.38921,1.95,3.00
2018.02.13 21:50:46.621,1.38909,1.38921,1.32,2.25
2018.02.13 21:50:48.134,1.38909,1.38921,1.01,2.25
2018.02.13 21:50:48.666,1.38908,1.38921,1.95,2.25
2018.02.13 21:50:48.821,1.38908,1.38919,1.57,1.31
2018.02.13 21:50:49.510,1.38908,1.38919,1.39,1.50
2018.02.13 21:50:51.851,1.38907,1.38919,3.26,1.31
2018.02.13 21:50:52.481,1.38909,1.38919,1.07,1.50
2018.02.13 21:50:53.245,1.38909,1.38919,1.20,1.50
2018.02.13 21:50:54.351,1.38909,1.38919,1.07,1.50
2018.02.13 21:50:58.961,1.38907,1.38919,3.45,1.81
2018.02.13 21:51:01.012,1.38908,1.38919,1.07,1.12
2018.02.13 21:51:02.668,1.38908,1.38918,1.07,1.87
2018.02.13 21:51:03.233,1.38905,1.38917,2.81,1.69
2018.02.13 21:51:03.470,1.38906,1.38917,1.19,1.50
2018.02.13 21:51:03.586,1.38905,1.38917,2.44,1.50
2018.02.13 21:51:04.284,1.38905,1.38918,1.69,2.25
2018.02.13 21:51:05.440,1.38906,1.38918,1.31,2.25
2018.02.13 21:51:05.843,1.38905,1.38918,1.37,1.87
2018.02.13 21:51:06.755,1.38906,1.38919,2.81,2.06
2018.02.13 21:51:07.280,1.38907,1.3892,1.87,2.25
2018.02.13 21:51:07.820,1.38907,1.3892,1.50,1.87
2018.02.13 21:51:08.055,1.38908,1.3892,1.87,1.50
2018.02.13 21:51:08.893,1.38908,1.3892,1.50,1.50
2018.02.13 21:51:09.487,1.38908,1.3892,1.50,1.87
2018.02.13 21:51:10.029,1.38908,1.3892,1.87,1.87
2018.02.13 21:51:10.566,1.38908,1.3892,1.87,1.69
2018.02.13 21:51:11.257,1.38908,1.3892,1.87,1.87
2018.02.13 21:51:11.766,1.38908,1.3892,1.69,1.69
2018.02.13 21:51:14.234,1.38908,1.3892,2.06,1.87
2018.02.13 21:51:14.791,1.38906,1.38918,4.50,1.50
2018.02.13 21:51:15.308,1.38906,1.38918,2.81,1.50
2018.02.13 21:51:17.481,1.38906,1.38918,2.81,1.50
2018.02.13 21:51:21.356,1.38906,1.38918,3.75,1.50
2018.02.13 21:51:22.332,1.38907,1.38918,1.31,1.50
2018.02.13 21:51:24.001,1.38907,1.38918,1.44,1.50
2018.02.13 21:51:24.470,1.38907,1.38918,2.81,1.50
2018.02.13 21:51:24.676,1.38907,1.38918,3.00,1.50
2018.02.13 21:51:24.780,1.38907,1.38918,3.19,1.50
2018.02.13 21:51:25.225,1.38907,1.38918,3.00,1.50
2018.02.13 21:51:25.433,1.38907,1.38918,3.19,1.50
2018.02.13 21:51:27.632,1.38907,1.38919,3.19,1.50
2018.02.13 21:51:33.037,1.38907,1.38919,3.00,1.50
2018.02.13 21:51:33.139,1.38907,1.38919,3.19,1.50
2018.02.13 21:51:33.371,1.38907,1.38919,3.00,1.50
2018.02.13 21:51:33.576,1.38907,1.38919,3.19,1.50
2018.02.13 21:51:35.341,1.38907,1.38923,1.69,3.00
2018.02.13 21:51:36.274,1.38903,1.38912,1.50,1.50
2018.02.13 21:51:36.379,1.38896,1.38912,1.00,2.25
2018.02.13 21:51:36.431,1.38896,1.38912,1.37,3.45
2018.02.13 21:51:36.645,1.38896,1.38912,2.81,2.25
2018.02.13 21:51:36.697,1.38896,1.38912,3.56,2.25
2018.02.13 21:51:37.340,1.38897,1.38912,1.56,1.87
2018.02.13 21:51:37.890,1.38897,1.38912,2.81,1.87
2018.02.13 21:51:38.406,1.38897,1.38912,2.81,1.69
2018.02.13 21:51:40.177,1.38897,1.38912,2.06,1.69
2018.02.13 21:51:40.864,1.38897,1.38912,2.06,1.87
2018.02.13 21:51:45.515,1.38896,1.38913,2.81,3.37
2018.02.13 21:51:46.490,1.38896,1.38913,2.62,3.37
2018.02.13 21:51:46.592,1.38896,1.38913,2.81,3.37
2018.02.13 21:51:47.168,1.38896,1.38913,2.81,3.37
2018.02.13 21:51:47.498,1.38896,1.38913,3.56,4.12
2018.02.13 21:51:50.446,1.38898,1.38913,1.37,4.12
2018.02.13 21:51:50.620,1.38898,1.38913,1.62,3.37
2018.02.13 21:51:50.671,1.38896,1.38913,3.56,4.12
2018.02.13 21:51:50.843,1.38896,1.38913,2.62,3.37
2018.02.13 21:51:50.997,1.38896,1.38913,2.81,3.37
2018.02.13 21:51:51.786,1.38896,1.38913,3.56,4.12
2018.02.13 21:51:53.656,1.38896,1.38909,3.56,1.50
2018.02.13 21:51:53.812,1.38912,1.38922,1.87,1.00
2018.02.13 21:51:53.865,1.38915,1.38927,1.12,2.25
2018.02.13 21:51:53.968,1.38916,1.3893,1.37,2.25
2018.02.13 21:51:54.329,1.38916,1.38931,1.50,3.37
2018.02.13 21:51:54.614,1.38915,1.38929,2.06,1.87
2018.02.13 21:51:54.820,1.38916,1.38929,1.31,1.87
2018.02.13 21:51:55.327,1.38913,1.38927,2.81,1.69
2018.02.13 21:51:55.884,1.38914,1.38927,1.87,1.87
2018.02.13 21:51:57.388,1.38914,1.38927,1.62,1.87
2018.02.13 21:51:58.037,1.38914,1.38927,1.50,1.87
2018.02.13 21:51:58.620,1.38913,1.38927,2.44,1.69
2018.02.13 21:51:59.827,1.38913,1.38927,1.37,1.87
2018.02.13 21:52:00.414,1.38912,1.38927,3.07,1.87
2018.02.13 21:52:00.534,1.38911,1.38922,1.31,1.50
2018.02.13 21:52:00.587,1.38909,1.38919,1.00,1.50
2018.02.13 21:52:00.641,1.38905,1.38919,1.95,1.50
2018.02.13 21:52:00.745,1.38906,1.38919,2.62,1.69
2018.02.13 21:52:01.262,1.38906,1.38919,2.89,1.50
2018.02.13 21:52:02.078,1.38907,1.38919,2.06,1.50
2018.02.13 21:52:03.681,1.38907,1.38913,1.00,3.56
2018.02.13 21:52:03.786,1.38894,1.389,1.00,1.50
2018.02.13 21:52:03.840,1.38888,1.38899,1.19,1.50
2018.02.13 21:52:03.946,1.38893,1.38904,1.50,2.06
2018.02.13 21:52:03.998,1.38894,1.38906,1.69,2.14
2018.02.13 21:52:04.051,1.38895,1.38908,1.56,1.87
2018.02.13 21:52:04.103,1.38895,1.38909,2.06,1.50
2018.02.13 21:52:04.311,1.38894,1.38908,1.19,1.87
2018.02.13 21:52:04.518,1.38896,1.38909,1.56,1.69
2018.02.13 21:52:04.847,1.38896,1.38909,1.56,1.50
2018.02.13 21:52:05.523,1.38895,1.38909,1.69,1.50
2018.02.13 21:52:06.314,1.38893,1.38906,1.39,1.50
2018.02.13 21:52:06.419,1.38892,1.38906,1.39,1.50
2018.02.13 21:52:06.471,1.38893,1.38907,1.44,1.50
2018.02.13 21:52:06.781,1.38893,1.38907,1.57,1.50
2018.02.13 21:52:06.891,1.38894,1.38907,1.25,1.50
2018.02.13 21:52:06.943,1.38894,1.38908,1.56,1.50
2018.02.13 21:52:07.284,1.38897,1.3891,1.44,1.50
2018.02.13 21:52:08.260,1.38897,1.3891,1.56,1.50
2018.02.13 21:52:08.582,1.38896,1.3891,2.06,1.50
2018.02.13 21:52:12.692,1.38897,1.3891,1.12,1.50
2018.02.13 21:52:15.662,1.38896,1.3891,2.81,1.50
2018.02.13 21:52:16.729,1.38896,1.3891,2.19,1.50
2018.02.13 21:52:28.392,1.38896,1.3891,2.06,1.50
2018.02.13 21:52:28.922,1.38896,1.3891,3.00,1.50
2018.02.13 21:52:29.933,1.38895,1.3891,1.87,1.50
2018.02.13 21:52:30.340,1.38898,1.3891,1.37,1.50
2018.02.13 21:52:30.936,1.38898,1.3891,1.44,1.50
2018.02.13 21:52:32.996,1.38898,1.3891,1.37,1.50
2018.02.13 21:52:33.593,1.38898,1.3891,1.44,1.50
2018.02.13 21:52:39.327,1.38898,1.3891,1.00,1.50
2018.02.13 21:52:39.782,1.38898,1.3891,1.34,1.50
2018.02.13 21:52:40.472,1.38898,1.3891,1.34,1.50
2018.02.13 21:52:40.576,1.38898,1.3891,1.00,1.50
2018.02.13 21:52:40.732,1.38898,1.3891,1.34,1.50
2018.02.13 21:52:43.332,1.38898,1.3891,1.37,1.50
2018.02.13 21:52:43.844,1.38898,1.3891,1.37,1.50
2018.02.13 21:52:45.680,1.38898,1.3891,1.37,1.50
2018.02.13 21:52:46.437,1.38898,1.3891,1.37,1.50
2018.02.13 21:52:53.784,1.38898,1.3891,1.87,1.50
2018.02.13 21:52:54.448,1.38898,1.3891,1.37,1.50
2018.02.13 21:53:04.852,1.38898,1.3891,1.37,1.50
2018.02.13 21:53:08.262,1.38896,1.38908,2.25,1.50
2018.02.13 21:53:08.795,1.38896,1.38907,1.31,1.50
2018.02.13 21:53:09.368,1.38896,1.38907,1.87,1.50
2018.02.13 21:53:09.917,1.38896,1.38907,1.87,1.50
2018.02.13 21:53:10.531,1.38896,1.38908,1.87,1.61
2018.02.13 21:53:10.970,1.38896,1.38908,1.25,1.50
2018.02.13 21:53:11.526,1.38896,1.38908,1.44,1.50
2018.02.13 21:53:12.693,1.38896,1.38909,1.37,1.50
2018.02.13 21:53:12.917,1.38896,1.38909,1.87,1.50
2018.02.13 21:53:12.969,1.38896,1.38909,1.87,1.50
2018.02.13 21:53:14.885,1.38896,1.38909,1.19,1.50
2018.02.13 21:53:15.277,1.38896,1.38908,1.87,1.69
2018.02.13 21:53:15.794,1.38896,1.38909,1.87,1.87
2018.02.13 21:53:16.758,1.38896,1.38909,1.25,1.69
2018.02.13 21:53:17.569,1.38896,1.38909,1.44,1.69
2018.02.13 21:53:23.950,1.38896,1.38909,1.87,1.87
2018.02.13 21:53:24.556,1.38896,1.38909,1.87,1.87
2018.02.13 21:53:27.842,1.38896,1.38909,1.25,1.87
2018.02.13 21:53:29.706,1.38896,1.38909,1.00,1.50
2018.02.13 21:53:29.859,1.38896,1.38909,1.00,1.87
2018.02.13 21:53:30.618,1.38896,1.38913,1.25,4.20
2018.02.13 21:53:30.774,1.38896,1.38913,1.37,2.14
2018.02.13 21:53:34.698,1.38896,1.38913,1.69,1.91
2018.02.13 21:53:35.122,1.38896,1.38912,2.44,1.44
2018.02.13 21:53:35.682,1.38896,1.38908,2.44,1.50
2018.02.13 21:53:35.991,1.38899,1.3891,1.37,1.50
2018.02.13 21:53:37.747,1.38899,1.3891,1.62,1.50
2018.02.13 21:53:38.695,1.38899,1.3891,1.62,1.50
2018.02.13 21:53:39.478,1.38899,1.3891,1.62,1.50
2018.02.13 21:53:41.048,1.38899,1.3891,1.37,1.50
2018.02.13 21:53:46.030,1.38899,1.3891,1.19,1.50
2018.02.13 21:53:47.752,1.38899,1.3891,1.19,1.50
2018.02.13 21:53:48.124,1.38899,1.3891,1.19,1.50
2018.02.13 21:53:48.791,1.38899,1.3891,1.37,1.50
2018.02.13 21:53:50.406,1.38899,1.3891,1.37,1.50
2018.02.13 21:53:51.153,1.38899,1.3891,1.62,1.50
2018.02.13 21:53:52.692,1.38899,1.3891,1.62,1.50
2018.02.13 21:54:00.116,1.38894,1.38902,1.01,1.50
2018.02.13 21:54:00.220,1.38891,1.38902,1.00,1.50
2018.02.13 21:54:00.273,1.38889,1.38899,2.44,1.50
2018.02.13 21:54:00.863,1.38889,1.38899,2.62,1.50
2018.02.13 21:54:01.850,1.3889,1.38899,1.50,1.50
2018.02.13 21:54:02.388,1.3889,1.38899,1.62,1.50
2018.02.13 21:54:03.303,1.38891,1.38899,1.31,1.50
2018.02.13 21:54:03.852,1.38891,1.38899,1.25,1.50
2018.02.13 21:54:05.103,1.3889,1.38899,1.87,1.50
2018.02.13 21:54:06.237,1.3889,1.38899,1.81,1.50
2018.02.13 21:54:06.796,1.38889,1.389,2.62,1.50
2018.02.13 21:54:07.468,1.38889,1.389,2.62,1.50
2018.02.13 21:54:10.149,1.38889,1.389,2.44,1.50
2018.02.13 21:54:10.657,1.38889,1.389,2.44,1.50
2018.02.13 21:54:11.218,1.3889,1.389,1.12,1.50
2018.02.13 21:54:11.878,1.3889,1.389,1.19,1.50
2018.02.13 21:54:12.033,1.3889,1.389,1.25,1.50
2018.02.13 21:54:12.560,1.3889,1.389,1.44,1.50
2018.02.13 21:54:22.288,1.38893,1.389,1.25,1.50
2018.02.13 21:54:22.340,1.38889,1.389,2.32,1.50
2018.02.13 21:54:22.859,1.38889,1.389,3.82,1.50
2018.02.13 21:54:24.229,1.38889,1.389,3.26,1.50
2018.02.13 21:54:24.332,1.38889,1.389,3.64,1.50
2018.02.13 21:54:27.963,1.38889,1.389,2.14,1.50
2018.02.13 21:54:30.169,1.3889,1.389,1.62,1.50
2018.02.13 21:54:30.715,1.3889,1.389,1.62,1.50
2018.02.13 21:54:31.237,1.3889,1.38901,1.44,1.50
2018.02.13 21:54:31.289,1.3889,1.38901,1.25,1.50
2018.02.13 21:54:31.393,1.38889,1.389,1.00,1.87
2018.02.13 21:54:32.038,1.38889,1.389,1.00,1.87
2018.02.13 21:54:32.643,1.38889,1.389,1.37,1.69
2018.02.13 21:54:33.716,1.38888,1.389,1.37,1.50
2018.02.13 21:54:35.079,1.38888,1.389,1.50,1.50
2018.02.13 21:54:37.703,1.38888,1.389,1.12,1.50
2018.02.13 21:54:38.254,1.38888,1.389,1.50,1.50
2018.02.13 21:54:42.968,1.38888,1.389,1.47,1.69
2018.02.13 21:54:44.942,1.38888,1.389,1.01,1.50
2018.02.13 21:54:45.575,1.38888,1.389,1.20,1.50
2018.02.13 21:54:47.114,1.38881,1.38892,1.20,1.50
2018.02.13 21:54:47.167,1.38881,1.38892,1.07,1.50
2018.02.13 21:54:47.271,1.38879,1.38893,1.20,2.06
2018.02.13 21:54:47.426,1.38879,1.38893,1.57,2.06
2018.02.13 21:54:47.583,1.38879,1.38893,1.20,2.06
2018.02.13 21:54:48.204,1.38879,1.38893,1.37,2.62
2018.02.13 21:54:48.256,1.38879,1.38892,1.00,1.12
2018.02.13 21:54:48.766,1.38879,1.38891,1.44,1.33
2018.02.13 21:54:49.025,1.38875,1.3889,1.20,1.12
2018.02.13 21:54:49.077,1.38875,1.38889,1.45,2.06
2018.02.13 21:54:49.130,1.38874,1.38891,1.82,3.45
2018.02.13 21:54:49.182,1.38875,1.3889,1.47,1.81
2018.02.13 21:54:49.286,1.38874,1.3889,1.57,1.81
2018.02.13 21:54:49.492,1.38875,1.38891,1.47,1.69
2018.02.13 21:54:49.546,1.38875,1.38891,1.47,1.56
2018.02.13 21:54:49.664,1.38876,1.38891,1.44,1.80
2018.02.13 21:54:50.169,1.38875,1.38891,3.07,1.56
2018.02.13 21:54:50.473,1.38876,1.38892,3.07,1.66
2018.02.13 21:54:50.978,1.38877,1.38893,1.20,3.64
2018.02.13 21:54:51.435,1.38878,1.38892,1.50,1.50
2018.02.13 21:54:51.599,1.38876,1.38892,3.64,1.00
2018.02.13 21:54:51.702,1.38876,1.38892,4.01,1.00
2018.02.13 21:54:52.407,1.38876,1.38893,4.20,1.12
2018.02.13 21:54:55.872,1.38877,1.38894,1.57,5.69
2018.02.13 21:54:56.484,1.38876,1.38894,4.20,3.26
2018.02.13 21:54:58.952,1.38876,1.38894,3.64,3.26
2018.02.13 21:55:00.211,1.38877,1.38894,1.00,1.92
2018.02.13 21:55:00.516,1.38877,1.38894,1.37,1.76
2018.02.13 21:55:00.568,1.38877,1.38894,1.00,1.76
2018.02.13 21:55:01.033,1.38877,1.38894,1.50,4.16
2018.02.13 21:55:01.343,1.38878,1.38894,1.50,1.57
2018.02.13 21:55:01.447,1.38878,1.38894,3.37,1.50
2018.02.13 21:55:01.589,1.38881,1.38894,1.00,1.50
2018.02.13 21:55:02.075,1.38881,1.38894,1.25,1.39
2018.02.13 21:55:02.587,1.38881,1.38894,1.44,1.47
2018.02.13 21:55:02.690,1.38881,1.38895,1.25,2.89
2018.02.13 21:55:03.889,1.38881,1.38895,1.25,2.89
2018.02.13 21:55:05.640,1.38881,1.38894,1.19,1.47
2018.02.13 21:55:06.213,1.38881,1.38895,1.25,3.07
2018.02.13 21:55:07.873,1.38881,1.38894,1.00,3.00
2018.02.13 21:55:08.028,1.38878,1.38894,1.00,2.44
2018.02.13 21:55:08.244,1.38878,1.38893,1.19,1.01
2018.02.13 21:55:11.981,1.38878,1.38894,1.19,2.06
2018.02.13 21:55:12.493,1.38878,1.38894,1.44,3.19
2018.02.13 21:55:18.711,1.38878,1.38894,1.37,3.75
2018.02.13 21:55:18.814,1.38878,1.38894,1.37,1.87
2018.02.13 21:55:19.324,1.38878,1.38894,1.37,1.87
2018.02.13 21:55:20.459,1.38878,1.38894,1.00,1.87
2018.02.13 21:55:20.991,1.38878,1.38894,1.00,3.75
2018.02.13 21:55:25.059,1.38877,1.38892,1.00,1.25
2018.02.13 21:55:25.266,1.38877,1.38892,1.00,1.62
2018.02.13 21:55:25.379,1.38877,1.38892,1.00,1.12
2018.02.13 21:55:25.430,1.38877,1.38892,1.00,1.62
2018.02.13 21:55:25.666,1.38877,1.38892,1.00,1.12
2018.02.13 21:55:25.771,1.38877,1.38892,1.00,1.62
2018.02.13 21:55:25.874,1.38877,1.38892,1.00,1.87
2018.02.13 21:55:26.029,1.38877,1.38892,1.00,1.62
2018.02.13 21:55:26.704,1.38877,1.38892,1.00,1.60
2018.02.13 21:55:28.410,1.38877,1.38892,1.12,1.16
2018.02.13 21:55:29.016,1.38877,1.38892,1.12,1.29
2018.02.13 21:55:39.123,1.38877,1.38892,1.12,1.44
2018.02.13 21:55:39.908,1.38877,1.38892,1.12,1.00
2018.02.13 21:55:45.162,1.38879,1.38894,1.00,3.19
2018.02.13 21:55:45.471,1.38879,1.38894,1.00,4.31
2018.02.13 21:55:48.307,1.38879,1.38894,1.00,4.31
2018.02.13 21:55:49.189,1.38878,1.38893,1.00,1.62
2018.02.13 21:55:49.498,1.38878,1.38891,1.00,1.56
2018.02.13 21:55:50.284,1.38878,1.38891,1.00,1.62
2018.02.13 21:55:50.814,1.38878,1.38891,1.00,2.81
2018.02.13 21:55:52.575,1.38878,1.38891,1.00,2.81
2018.02.13 21:55:53.837,1.38878,1.3889,1.00,1.25
2018.02.13 21:55:53.890,1.38876,1.3889,1.50,1.00
2018.02.13 21:55:54.421,1.38877,1.3889,1.50,1.25
2018.02.13 21:55:54.977,1.38877,1.3889,1.50,1.44
2018.02.13 21:55:55.030,1.38877,1.38891,2.25,2.44
2018.02.13 21:55:55.136,1.38879,1.38893,1.50,1.50
2018.02.13 21:55:58.166,1.38879,1.38894,1.00,2.06
2018.02.13 21:55:58.777,1.38879,1.38893,1.00,1.12
2018.02.13 21:55:59.435,1.38879,1.38894,1.00,2.06
2018.02.13 21:56:04.058,1.38879,1.38894,1.00,3.00
2018.02.13 21:56:04.761,1.38879,1.38894,1.00,1.69
2018.02.13 21:56:05.416,1.38879,1.38894,1.00,3.00
2018.02.13 21:56:05.726,1.38877,1.38892,2.25,3.56
2018.02.13 21:56:06.246,1.38877,1.38892,2.25,2.81
2018.02.13 21:56:06.740,1.38881,1.38892,1.00,2.06
2018.02.13 21:56:11.292,1.38881,1.38892,1.00,2.06
2018.02.13 21:56:18.561,1.38881,1.38884,1.00,1.00
2018.02.13 21:56:18.623,1.38881,1.38887,1.00,2.44
2018.02.13 21:56:18.728,1.38874,1.38885,2.25,1.25
2018.02.13 21:56:18.780,1.38874,1.38887,1.00,1.87
2018.02.13 21:56:18.990,1.38874,1.3889,3.56,1.95
2018.02.13 21:56:19.211,1.38877,1.38892,1.50,3.07
2018.02.13 21:56:19.264,1.38875,1.3889,1.25,1.00
2018.02.13 21:56:19.316,1.38874,1.38889,1.00,1.32
2018.02.13 21:56:19.369,1.38875,1.38892,2.25,2.51
2018.02.13 21:56:19.473,1.38875,1.38889,2.25,1.31
2018.02.13 21:56:19.629,1.38875,1.38892,1.00,4.39
2018.02.13 21:56:19.681,1.38874,1.38886,1.00,1.50
2018.02.13 21:56:20.228,1.38874,1.38885,1.00,1.50
2018.02.13 21:56:20.747,1.38873,1.38884,1.00,1.50
2018.02.13 21:56:22.338,1.38872,1.38883,1.25,1.50
2018.02.13 21:56:22.716,1.38869,1.38881,1.57,1.50
2018.02.13 21:56:23.119,1.38871,1.38884,1.37,1.50
2018.02.13 21:56:23.326,1.38871,1.38884,2.25,2.25
2018.02.13 21:56:23.378,1.38871,1.38882,1.00,1.50
2018.02.13 21:56:24.106,1.38871,1.38881,1.44,1.50
2018.02.13 21:56:25.043,1.38871,1.38884,2.62,1.50
2018.02.13 21:56:25.997,1.38871,1.38884,1.37,2.25
2018.02.13 21:56:26.421,1.38871,1.38884,1.00,1.50
2018.02.13 21:56:26.474,1.3887,1.38882,1.44,1.50
2018.02.13 21:56:26.790,1.3887,1.38879,2.51,1.50
2018.02.13 21:56:26.844,1.38869,1.38881,1.50,1.50
2018.02.13 21:56:27.052,1.38869,1.38881,1.12,1.50
2018.02.13 21:56:27.156,1.38869,1.38881,1.50,1.50
2018.02.13 21:56:27.518,1.38869,1.38881,1.31,1.50
2018.02.13 21:56:27.571,1.38869,1.38881,1.50,1.50
2018.02.13 21:56:27.779,1.38869,1.38881,1.12,1.50
2018.02.13 21:56:27.910,1.38869,1.38881,1.50,1.50
2018.02.13 21:56:28.063,1.38869,1.38881,1.12,1.50
2018.02.13 21:56:28.692,1.3887,1.38881,1.50,1.50
2018.02.13 21:56:29.850,1.3887,1.3888,1.50,1.50
2018.02.13 21:56:30.488,1.38869,1.3888,1.12,1.50
2018.02.13 21:56:30.590,1.38871,1.38884,1.25,1.50
2018.02.13 21:56:31.099,1.38871,1.38883,1.00,1.87
2018.02.13 21:56:31.968,1.38871,1.38884,1.00,1.69
2018.02.13 21:56:35.469,1.38872,1.38884,1.50,1.50
2018.02.13 21:56:35.523,1.38876,1.38887,1.69,1.50
2018.02.13 21:56:35.898,1.38872,1.38879,1.37,1.50
2018.02.13 21:56:36.058,1.38868,1.38877,1.00,1.50
2018.02.13 21:56:36.110,1.38868,1.38879,1.00,1.69
2018.02.13 21:56:36.737,1.38868,1.3888,1.00,1.69
2018.02.13 21:56:37.291,1.38868,1.3888,1.44,1.50
2018.02.13 21:56:37.812,1.38869,1.38881,1.44,2.44
2018.02.13 21:56:39.763,1.38868,1.3888,1.12,1.69
2018.02.13 21:56:40.021,1.38868,1.3888,1.50,1.50
2018.02.13 21:56:40.367,1.38868,1.3888,2.25,1.50
2018.02.13 21:56:41.476,1.38869,1.3888,1.37,1.50
2018.02.13 21:56:42.039,1.38868,1.3888,1.00,1.69
2018.02.13 21:56:42.377,1.38868,1.38879,1.37,1.50
2018.02.13 21:56:43.185,1.38868,1.38879,1.37,1.50
2018.02.13 21:56:43.596,1.38868,1.38879,1.00,1.50
2018.02.13 21:56:43.700,1.38868,1.38879,1.37,1.50
2018.02.13 21:56:44.395,1.38868,1.38879,1.87,1.50
2018.02.13 21:56:44.983,1.38868,1.38879,1.37,1.50
2018.02.13 21:56:45.716,1.38868,1.38879,1.87,1.50
2018.02.13 21:56:46.790,1.38868,1.38881,1.87,2.44
2018.02.13 21:56:47.469,1.38869,1.38881,1.44,2.44
2018.02.13 21:56:48.039,1.38869,1.38881,1.50,2.44
2018.02.13 21:56:49.516,1.38869,1.38881,1.00,1.50
2018.02.13 21:56:49.709,1.38869,1.3888,1.37,1.00
2018.02.13 21:56:51.412,1.38868,1.3888,1.37,1.50
2018.02.13 21:56:51.464,1.38868,1.38881,1.00,2.44
2018.02.13 21:56:51.516,1.38867,1.38877,2.25,1.37
2018.02.13 21:56:51.567,1.38867,1.38879,1.00,1.87
2018.02.13 21:56:51.772,1.38867,1.38879,1.37,1.50
2018.02.13 21:56:52.452,1.38868,1.38879,1.37,1.50
2018.02.13 21:56:52.983,1.38868,1.38879,1.44,1.50
2018.02.13 21:56:54.162,1.38868,1.38879,1.37,1.50
2018.02.13 21:56:54.587,1.38865,1.38875,1.75,1.50
2018.02.13 21:56:54.640,1.38865,1.38877,2.00,1.50
2018.02.13 21:56:55.376,1.38866,1.38877,1.87,1.50
2018.02.13 21:56:55.984,1.38864,1.38877,1.50,1.50
2018.02.13 21:56:56.335,1.38868,1.38878,1.44,1.50
2018.02.13 21:56:59.534,1.38865,1.38878,2.25,1.50
2018.02.13 21:57:02.032,1.38867,1.38878,1.12,1.50
2018.02.13 21:57:02.572,1.38867,1.38878,1.12,1.50
2018.02.13 21:57:04.772,1.38867,1.38878,1.37,1.50
2018.02.13 21:57:05.458,1.38866,1.38878,1.87,1.50
2018.02.13 21:57:06.039,1.38866,1.38878,2.25,1.50
2018.02.13 21:57:09.518,1.38865,1.38878,2.62,1.69
2018.02.13 21:57:11.418,1.38865,1.38878,1.87,1.50
2018.02.13 21:57:12.085,1.38865,1.38878,1.37,1.50
2018.02.13 21:57:13.662,1.38865,1.38877,1.37,1.50
2018.02.13 21:57:14.903,1.38865,1.38878,1.37,1.50
2018.02.13 21:57:15.614,1.38865,1.3888,1.37,1.50
2018.02.13 21:57:16.124,1.38865,1.38881,1.87,1.75
2018.02.13 21:57:16.180,1.38865,1.3888,1.25,1.00
2018.02.13 21:57:16.233,1.38865,1.3888,1.25,2.25
2018.02.13 21:57:16.569,1.38864,1.3888,1.37,2.81
2018.02.13 21:57:21.869,1.38863,1.38873,3.37,1.50
2018.02.13 21:57:21.975,1.38858,1.3887,1.37,1.00
2018.02.13 21:57:22.029,1.3886,1.38872,1.00,2.06
2018.02.13 21:57:22.299,1.3886,1.38875,1.87,2.81
2018.02.13 21:57:22.862,1.38863,1.38875,1.00,2.81
2018.02.13 21:57:23.270,1.38864,1.38876,1.31,3.19
2018.02.13 21:57:23.527,1.38864,1.38874,1.00,1.50
2018.02.13 21:57:24.096,1.38864,1.38875,1.44,1.50
2018.02.13 21:57:24.407,1.38863,1.38873,1.00,1.50
2018.02.13 21:57:24.717,1.38863,1.38873,1.50,1.50
2018.02.13 21:57:26.727,1.38863,1.38873,1.00,1.50
2018.02.13 21:57:26.938,1.38862,1.38875,1.37,3.19
2018.02.13 21:57:27.195,1.38862,1.38875,1.50,3.19
2018.02.13 21:57:27.840,1.38862,1.38875,1.50,1.87
2018.02.13 21:57:27.892,1.38862,1.38875,1.12,1.87
2018.02.13 21:57:28.501,1.38862,1.38875,1.37,2.97
2018.02.13 21:57:29.877,1.38862,1.38875,1.00,1.87
2018.02.13 21:57:30.534,1.38867,1.38877,1.31,2.62
2018.02.13 21:57:30.587,1.38864,1.38879,1.00,2.06
2018.02.13 21:57:30.641,1.38864,1.38879,1.00,1.87
2018.02.13 21:57:31.522,1.38864,1.38879,1.00,1.37
2018.02.13 21:57:31.802,1.38864,1.3888,1.00,3.91
2018.02.13 21:57:32.370,1.38864,1.38879,1.00,1.28
2018.02.13 21:57:32.474,1.38864,1.3888,1.00,3.00
2018.02.13 21:57:32.527,1.38864,1.3888,1.00,3.19
2018.02.13 21:57:33.172,1.38864,1.3888,1.00,3.19
2018.02.13 21:57:33.504,1.38864,1.38879,1.00,1.62
2018.02.13 21:57:35.274,1.38864,1.3888,1.00,3.19
2018.02.13 21:57:35.816,1.38864,1.38879,1.00,1.37
2018.02.13 21:57:37.910,1.38864,1.3888,1.00,3.00
2018.02.13 21:57:41.792,1.38864,1.38879,1.00,1.37
2018.02.13 21:57:42.448,1.38864,1.3888,1.00,2.25
2018.02.13 21:57:42.847,1.38864,1.38879,1.00,1.37
2018.02.13 21:57:44.846,1.38864,1.3888,1.00,3.19
2018.02.13 21:57:46.461,1.38864,1.38879,1.00,2.25
2018.02.13 21:57:47.067,1.38864,1.38879,1.00,2.06
2018.02.13 21:57:47.729,1.38864,1.3888,1.00,2.06
2018.02.13 21:57:48.347,1.38864,1.3888,1.00,1.56
2018.02.13 21:57:48.752,1.38864,1.38878,1.00,1.87
2018.02.13 21:57:49.256,1.38864,1.38879,1.00,3.56
2018.02.13 21:57:50.894,1.38864,1.38879,1.00,2.06
2018.02.13 21:57:51.437,1.38864,1.38879,1.00,3.56
2018.02.13 21:57:52.043,1.38864,1.38879,1.00,2.06
2018.02.13 21:57:53.390,1.38864,1.38879,1.00,3.56
2018.02.13 21:57:54.026,1.38864,1.38879,1.00,2.06
2018.02.13 21:57:54.451,1.38864,1.38879,1.00,2.06
2018.02.13 21:57:54.617,1.38864,1.38879,1.00,2.06
2018.02.13 21:57:56.414,1.38864,1.38879,1.00,1.69
2018.02.13 21:57:56.991,1.38864,1.38879,1.00,2.62
2018.02.13 21:58:00.079,1.38864,1.38881,1.00,2.44
2018.02.13 21:58:00.138,1.38866,1.38881,1.00,1.87
2018.02.13 21:58:00.191,1.38868,1.38883,1.00,1.50
2018.02.13 21:58:00.791,1.38868,1.38884,1.00,1.87
2018.02.13 21:58:00.844,1.38868,1.38881,1.00,1.87
2018.02.13 21:58:00.946,1.38868,1.38883,1.00,1.50
2018.02.13 21:58:01.103,1.38868,1.38883,1.00,1.87
2018.02.13 21:58:01.211,1.38868,1.38883,1.00,1.50
2018.02.13 21:58:01.574,1.38868,1.38883,1.00,1.87
2018.02.13 21:58:02.540,1.38868,1.38883,1.00,1.50
2018.02.13 21:58:02.757,1.38868,1.38884,1.00,2.06
2018.02.13 21:58:03.311,1.38868,1.38882,1.00,1.87
2018.02.13 21:58:04.352,1.38868,1.38881,1.00,1.69
2018.02.13 21:58:04.837,1.38868,1.38883,1.00,1.50
2018.02.13 21:58:04.890,1.38866,1.38883,1.00,2.44
2018.02.13 21:58:05.249,1.38866,1.38883,1.00,2.44
2018.02.13 21:58:06.334,1.38866,1.38881,1.00,1.87
2018.02.13 21:58:06.662,1.38868,1.38882,1.00,2.06
2018.02.13 21:58:06.787,1.38868,1.38885,1.00,3.94
2018.02.13 21:58:06.943,1.3887,1.38885,1.00,1.69
2018.02.13 21:58:07.603,1.38869,1.38886,1.00,2.62
2018.02.13 21:58:08.264,1.38869,1.38886,1.00,1.25
2018.02.13 21:58:08.749,1.38871,1.38887,1.00,1.69
2018.02.13 21:58:09.252,1.38871,1.38887,1.00,1.87
2018.02.13 21:58:09.763,1.38871,1.38887,1.00,1.69
2018.02.13 21:58:12.310,1.38871,1.38888,1.00,3.19
2018.02.13 21:58:14.195,1.38871,1.38888,1.44,3.19
2018.02.13 21:58:15.740,1.38874,1.3889,1.25,1.50
2018.02.13 21:58:16.050,1.38876,1.38892,1.31,2.06
2018.02.13 21:58:16.154,1.38876,1.38892,1.12,2.06
2018.02.13 21:58:16.205,1.38876,1.38892,1.12,2.06
2018.02.13 21:58:16.257,1.38876,1.38892,1.12,2.06
2018.02.13 21:58:16.309,1.38876,1.38891,1.12,1.37
2018.02.13 21:58:16.361,1.38876,1.38892,1.31,1.87
2018.02.13 21:58:16.466,1.38876,1.38892,2.25,1.25
2018.02.13 21:58:16.945,1.38876,1.38889,2.25,1.50
2018.02.13 21:58:18.423,1.38876,1.38889,1.37,1.50
2018.02.13 21:58:19.174,1.38876,1.38889,1.87,1.50
2018.02.13 21:58:19.379,1.38876,1.38891,1.00,1.12
2018.02.13 21:58:19.646,1.38876,1.38891,1.37,1.25
2018.02.13 21:58:20.153,1.38877,1.38891,1.37,1.25
2018.02.13 21:58:20.814,1.38876,1.38892,1.87,1.00
2018.02.13 21:58:20.867,1.3888,1.38895,1.44,1.00
2018.02.13 21:58:20.919,1.3888,1.38897,1.44,1.00
2018.02.13 21:58:20.971,1.38881,1.38902,1.25,3.00
2018.02.13 21:58:21.024,1.38883,1.38902,1.00,3.00
2018.02.13 21:58:21.610,1.38883,1.38902,1.44,3.00
2018.02.13 21:58:21.986,1.38881,1.38902,1.25,3.19
2018.02.13 21:58:22.193,1.38883,1.38901,1.25,1.37
2018.02.13 21:58:22.986,1.38883,1.38901,1.37,1.37
2018.02.13 21:58:23.193,1.38883,1.38902,1.00,3.75
2018.02.13 21:58:23.556,1.38883,1.38901,1.37,1.37
2018.02.13 21:58:23.904,1.38884,1.38901,1.37,1.37
2018.02.13 21:58:24.850,1.38883,1.38901,1.37,1.12
2018.02.13 21:58:25.945,1.38883,1.38902,1.37,2.62
2018.02.13 21:58:26.761,1.38883,1.38902,1.00,2.25
2018.02.13 21:58:27.018,1.38883,1.38902,1.37,2.62
2018.02.13 21:58:27.445,1.38883,1.38902,1.37,2.81
2018.02.13 21:58:29.268,1.38883,1.38902,1.00,1.87
2018.02.13 21:58:29.579,1.38884,1.38903,1.44,1.50
2018.02.13 21:58:29.909,1.38905,1.38919,1.00,3.00
2018.02.13 21:58:29.961,1.38905,1.38919,1.00,2.62
2018.02.13 21:58:30.013,1.38903,1.38919,1.00,2.62
2018.02.13 21:58:30.221,1.38903,1.38922,1.00,1.12
2018.02.13 21:58:30.747,1.38903,1.38926,1.00,3.19
2018.02.13 21:58:31.034,1.38904,1.38928,1.00,1.37
2018.02.13 21:58:31.251,1.38904,1.38929,1.37,1.37
2018.02.13 21:58:32.487,1.38905,1.38932,1.37,2.81
2018.02.13 21:58:35.185,1.38908,1.38933,1.37,1.37
2018.02.13 21:58:36.060,1.38909,1.38935,1.37,1.87
2018.02.13 21:58:38.440,1.38911,1.38935,1.50,1.37
2018.02.13 21:58:39.039,1.3891,1.38936,1.81,1.62
2018.02.13 21:58:39.754,1.38911,1.38935,1.50,1.37
2018.02.13 21:58:40.364,1.3891,1.38936,1.81,1.37
2018.02.13 21:58:54.964,1.38911,1.38937,1.37,1.37
2018.02.13 21:58:56.136,1.38911,1.38939,1.75,3.75
2018.02.13 21:58:56.647,1.38913,1.38939,1.12,1.62
2018.02.13 21:58:57.340,1.38914,1.38938,1.25,2.00
2018.02.13 21:58:57.858,1.38913,1.38939,1.31,3.94
2018.02.13 21:59:00.038,1.38914,1.38938,1.00,1.75
2018.02.13 21:59:00.577,1.38914,1.3894,1.37,2.06
2018.02.13 21:59:00.993,1.38914,1.38941,1.37,1.37
2018.02.13 21:59:02.459,1.38913,1.38942,1.50,2.25
2018.02.13 21:59:32.871,1.38918,1.3894,0.37,0.37
2018.02.13 21:59:39.743,1.38921,1.38941,0.37,0.37
2018.02.13 21:59:44.731,1.38921,1.38943,0.37,0.37
2018.02.13 21:59:45.242,1.38923,1.38945,0.37,0.37
2018.02.13 21:59:46.476,1.38924,1.38944,0.37,0.37
2018.02.13 21:59:49.757,1.38926,1.38946,0.37,0.37
2018.02.13 21:59:49.810,1.38914,1.3896,0.75,0.45
2018.02.13 21:59:50.682,1.38915,1.3896,0.37,0.45
2018.02.13 21:59:54.324,1.38915,1.38967,0.37,0.75
2018.02.13 21:59:55.253,1.38915,1.38968,0.37,0.75
2018.02.13 21:59:56.077,1.3891,1.38968,1.50,0.75
2018.02.13 21:59:56.184,1.38909,1.38964,0.37,0.75
2018.02.13 21:59:56.523,1.38909,1.38962,0.37,0.75
2018.02.13 21:59:56.855,1.38909,1.3896,0.37,0.75
2018.02.13 21:59:58.186,1.38909,1.38961,0.37,1.50
