2011.11.23 01:00:00.543,1.56513,1.56529,2.25,1.50
2011.11.23 01:00:01.125,1.56513,1.56529,1.50,2.25
2011.11.23 01:00:01.717,1.56513,1.56529,1.50,2.25
2011.11.23 01:00:01.836,1.56511,1.56527,1.50,2.25
2011.11.23 01:00:02.703,1.56513,1.56529,1.50,2.25
2011.11.23 01:00:05.265,1.56513,1.56529,1.50,2.25
2011.11.23 01:00:05.855,1.56513,1.56529,1.50,2.25
2011.11.23 01:00:06.095,1.56511,1.56527,2.25,1.50
2011.11.23 01:00:06.780,1.56511,1.56527,2.25,1.50
2011.11.23 01:00:07.374,1.56511,1.56527,2.25,1.50
2011.11.23 01:00:08.654,1.56513,1.56529,1.50,2.25
2011.11.23 01:00:13.397,1.56513,1.56529,1.50,2.25
2011.11.23 01:00:18.583,1.56513,1.56529,1.50,2.25
2011.11.23 01:00:19.143,1.56513,1.56529,1.50,2.25
2011.11.23 01:00:21.474,1.56513,1.56529,1.50,2.25
2011.11.23 01:00:22.383,1.56515,1.56531,1.50,2.25
2011.11.23 01:00:23.088,1.56515,1.56531,1.50,2.25
2011.11.23 01:00:23.555,1.56513,1.56529,1.50,2.25
2011.11.23 01:00:23.675,1.5651,1.56534,2.44,2.25
2011.11.23 01:00:24.254,1.5651,1.56534,2.44,2.25
2011.11.23 01:00:24.813,1.5651,1.56536,3.94,2.44
2011.11.23 01:00:25.393,1.5651,1.56536,4.69,2.44
2011.11.23 01:00:25.755,1.56512,1.56538,2.44,3.19
2011.11.23 01:00:26.191,1.56513,1.56538,1.50,3.19
2011.11.23 01:00:26.426,1.56513,1.56538,1.50,3.19
2011.11.23 01:00:27.014,1.56513,1.56538,1.50,3.19
2011.11.23 01:00:27.894,1.56511,1.56536,1.69,2.25
2011.11.23 01:00:28.463,1.56511,1.56536,1.69,2.25
2011.11.23 01:00:32.753,1.56512,1.56538,2.25,3.19
2011.11.23 01:00:33.119,1.56513,1.56538,1.50,3.19
2011.11.23 01:00:33.958,1.56516,1.56543,1.88,2.25
2011.11.23 01:00:34.314,1.56516,1.56543,1.88,2.25
2011.11.23 01:00:34.915,1.56516,1.56543,1.88,2.25
2011.11.23 01:00:36.818,1.56516,1.56543,1.50,2.25
2011.11.23 01:00:37.430,1.56516,1.56543,1.50,2.25
2011.11.23 01:00:38.066,1.56516,1.56543,1.50,2.25
2011.11.23 01:00:41.982,1.56516,1.56543,1.32,2.25
2011.11.23 01:00:48.507,1.56516,1.56543,1.32,2.25
2011.11.23 01:00:49.085,1.56516,1.56543,1.32,2.25
2011.11.23 01:00:51.013,1.56516,1.56543,1.32,2.25
2011.11.23 01:00:51.808,1.56516,1.56543,1.32,2.25
2011.11.23 01:00:52.574,1.56516,1.56543,1.32,2.25
2011.11.23 01:00:56.233,1.56516,1.56543,2.07,1.50
2011.11.23 01:00:56.802,1.56516,1.56543,2.07,1.50
2011.11.23 01:01:02.706,1.56516,1.56538,2.07,1.50
2011.11.23 01:01:02.827,1.56516,1.56537,1.32,1.50
2011.11.23 01:01:03.071,1.56513,1.56538,1.50,1.69
2011.11.23 01:01:04.236,1.56512,1.56538,1.50,1.69
2011.11.23 01:01:04.826,1.56513,1.56538,1.50,1.69
2011.11.23 01:01:05.426,1.56512,1.56538,1.50,1.69
2011.11.23 01:01:06.015,1.56513,1.56538,1.50,1.69
2011.11.23 01:01:06.593,1.56514,1.56538,1.50,1.69
2011.11.23 01:01:07.174,1.56513,1.56538,1.50,1.69
2011.11.23 01:01:13.550,1.56514,1.56538,1.50,1.69
2011.11.23 01:01:14.166,1.56513,1.56538,1.50,1.69
2011.11.23 01:01:23.294,1.56514,1.56538,1.50,1.69
2011.11.23 01:01:24.837,1.56513,1.56538,1.50,1.69
2011.11.23 01:01:27.626,1.56514,1.56538,1.50,1.69
2011.11.23 01:01:34.487,1.56515,1.56538,1.50,2.25
2011.11.23 01:01:34.846,1.56516,1.5654,1.13,2.44
2011.11.23 01:01:35.434,1.56516,1.56542,3.00,3.00
2011.11.23 01:01:36.916,1.56516,1.56542,2.63,3.00
2011.11.23 01:01:38.514,1.56521,1.56542,1.50,2.25
2011.11.23 01:01:40.526,1.56519,1.5654,1.50,2.25
2011.11.23 01:01:42.934,1.56517,1.56533,1.50,2.25
2011.11.23 01:01:43.297,1.56515,1.56531,2.25,1.50
2011.11.23 01:01:43.414,1.56515,1.56531,1.50,2.25
2011.11.23 01:01:45.153,1.56515,1.56531,1.50,2.25
2011.11.23 01:01:45.496,1.56517,1.56533,1.50,2.25
2011.11.23 01:01:47.773,1.56517,1.56533,1.50,2.25
2011.11.23 01:01:48.332,1.56517,1.56533,1.50,2.25
2011.11.23 01:01:50.512,1.56517,1.56533,1.50,2.25
2011.11.23 01:01:50.743,1.56517,1.56533,1.50,2.25
2011.11.23 01:01:51.312,1.56517,1.56533,1.50,2.25
2011.11.23 01:01:53.133,1.56515,1.56531,1.50,2.25
2011.11.23 01:02:00.483,1.56515,1.56531,1.50,2.25
2011.11.23 01:02:01.311,1.56515,1.56531,1.50,2.25
2011.11.23 01:02:07.319,1.56515,1.56531,1.50,2.25
2011.11.23 01:02:07.453,1.56513,1.56529,1.50,2.25
2011.11.23 01:02:07.584,1.56508,1.56523,1.13,1.50
2011.11.23 01:02:07.827,1.56505,1.56521,3.19,1.50
2011.11.23 01:02:08.068,1.56505,1.56521,2.25,2.25
2011.11.23 01:02:08.611,1.56503,1.56518,1.13,1.50
2011.11.23 01:02:14.158,1.56503,1.56518,1.13,2.25
2011.11.23 01:02:14.746,1.56503,1.56518,1.13,1.50
2011.11.23 01:02:15.325,1.56504,1.5652,2.25,2.25
2011.11.23 01:02:16.717,1.56504,1.5652,1.50,2.25
2011.11.23 01:02:17.065,1.56507,1.56523,1.50,2.25
2011.11.23 01:02:17.657,1.56507,1.56523,1.50,2.25
2011.11.23 01:02:18.208,1.56507,1.56523,1.50,2.25
2011.11.23 01:02:19.923,1.56507,1.56523,1.50,2.25
2011.11.23 01:02:20.431,1.56507,1.56523,1.50,2.25
2011.11.23 01:02:21.085,1.56507,1.56523,1.50,2.25
2011.11.23 01:02:21.752,1.56507,1.56523,1.50,2.25
2011.11.23 01:02:23.253,1.56507,1.56523,1.50,2.25
2011.11.23 01:02:23.374,1.56505,1.56521,1.50,2.25
2011.11.23 01:02:23.858,1.56507,1.56523,1.50,2.25
2011.11.23 01:02:24.445,1.56507,1.56523,1.50,2.25
2011.11.23 01:02:26.335,1.56507,1.56523,1.50,2.25
2011.11.23 01:02:26.972,1.56507,1.56523,1.50,2.25
2011.11.23 01:02:31.212,1.56507,1.56523,1.50,2.25
2011.11.23 01:02:31.773,1.56507,1.56523,1.50,2.25
2011.11.23 01:02:32.124,1.56509,1.56525,1.50,2.25
2011.11.23 01:02:32.247,1.56507,1.56523,1.50,2.25
2011.11.23 01:02:32.606,1.56507,1.56523,1.50,2.25
2011.11.23 01:02:32.726,1.56505,1.56521,1.50,2.25
2011.11.23 01:02:33.293,1.565,1.56516,2.25,1.50
2011.11.23 01:02:33.421,1.56498,1.56514,2.25,1.50
2011.11.23 01:02:33.549,1.56498,1.56514,1.50,2.25
2011.11.23 01:02:34.384,1.56498,1.56514,1.50,2.25
2011.11.23 01:02:34.727,1.565,1.56516,1.50,2.25
2011.11.23 01:02:34.964,1.56498,1.56514,1.50,2.25
2011.11.23 01:02:35.207,1.56498,1.56514,2.25,1.50
2011.11.23 01:02:35.327,1.56501,1.56517,2.25,1.50
2011.11.23 01:02:35.451,1.56503,1.56519,1.50,2.25
2011.11.23 01:02:35.699,1.56505,1.56521,1.50,2.25
2011.11.23 01:02:36.186,1.56505,1.56521,1.50,2.25
2011.11.23 01:02:37.014,1.56505,1.56521,1.50,2.25
2011.11.23 01:02:37.760,1.56505,1.56521,1.50,2.25
2011.11.23 01:02:40.073,1.56505,1.56521,1.50,2.25
2011.11.23 01:02:40.643,1.56505,1.56521,1.50,2.25
2011.11.23 01:02:41.334,1.56505,1.56521,1.50,2.25
2011.11.23 01:02:41.913,1.56505,1.56521,1.50,2.25
2011.11.23 01:02:42.716,1.56505,1.56521,1.50,2.25
2011.11.23 01:02:43.374,1.56505,1.56521,1.50,2.25
2011.11.23 01:02:44.304,1.56505,1.56521,1.50,2.25
2011.11.23 01:02:45.120,1.56505,1.56521,1.50,2.25
2011.11.23 01:02:45.923,1.56505,1.56521,1.50,2.25
2011.11.23 01:02:46.168,1.56507,1.56523,1.50,2.25
2011.11.23 01:02:46.525,1.56509,1.56525,1.50,2.25
2011.11.23 01:02:46.766,1.56511,1.56527,1.50,2.25
2011.11.23 01:02:48.846,1.56511,1.56527,2.25,1.50
2011.11.23 01:02:49.692,1.56514,1.5653,1.50,2.25
2011.11.23 01:02:50.062,1.56516,1.56532,1.50,2.44
2011.11.23 01:02:53.451,1.56517,1.56532,1.69,2.25
2011.11.23 01:02:54.005,1.5652,1.56534,2.25,1.50
2011.11.23 01:02:54.140,1.56529,1.56545,1.50,2.25
2011.11.23 01:02:54.270,1.56529,1.56545,1.50,2.25
2011.11.23 01:02:54.397,1.56527,1.56543,1.50,2.25
2011.11.23 01:02:54.516,1.56525,1.56541,1.50,2.25
2011.11.23 01:02:54.635,1.56525,1.56541,1.50,2.25
2011.11.23 01:02:54.877,1.56529,1.56545,1.50,2.25
2011.11.23 01:02:55.000,1.56532,1.56548,1.50,3.00
2011.11.23 01:02:55.366,1.56532,1.56548,1.50,3.00
2011.11.23 01:02:56.076,1.56532,1.56548,1.50,3.00
2011.11.23 01:02:56.948,1.56532,1.56548,1.50,3.00
2011.11.23 01:02:57.784,1.56532,1.56548,1.50,3.00
2011.11.23 01:02:58.320,1.56532,1.56548,1.50,3.00
2011.11.23 01:02:58.564,1.5653,1.5655,1.50,2.07
2011.11.23 01:03:00.536,1.56528,1.56547,2.25,1.50
2011.11.23 01:03:00.775,1.56525,1.56541,1.50,2.25
2011.11.23 01:03:08.942,1.56525,1.56541,1.50,2.25
2011.11.23 01:03:09.064,1.56523,1.56539,1.50,2.25
2011.11.23 01:03:09.435,1.56523,1.56539,1.50,2.25
2011.11.23 01:03:11.997,1.56523,1.56539,1.50,2.25
2011.11.23 01:03:12.594,1.56523,1.56539,1.50,2.25
2011.11.23 01:03:13.342,1.56523,1.56539,1.50,2.25
2011.11.23 01:03:13.475,1.56518,1.56534,2.25,1.50
2011.11.23 01:03:13.839,1.56516,1.56532,3.19,1.50
2011.11.23 01:03:13.970,1.56518,1.56534,1.50,2.25
2011.11.23 01:03:14.925,1.56518,1.56534,1.50,2.25
2011.11.23 01:03:15.506,1.56518,1.56534,1.50,2.25
2011.11.23 01:03:18.971,1.56518,1.56532,1.50,1.13
2011.11.23 01:03:19.100,1.56518,1.56531,1.50,1.13
2011.11.23 01:03:19.476,1.5651,1.56526,1.84,2.25
2011.11.23 01:03:19.604,1.56508,1.56524,1.84,2.25
2011.11.23 01:03:20.116,1.56508,1.56524,1.50,2.25
2011.11.23 01:03:20.485,1.56506,1.56522,1.50,2.25
2011.11.23 01:03:21.430,1.56506,1.56522,1.50,2.25
2011.11.23 01:03:21.558,1.56504,1.5652,1.50,2.25
2011.11.23 01:03:21.798,1.56502,1.56518,1.50,2.25
2011.11.23 01:03:22.645,1.56502,1.56518,1.50,2.25
2011.11.23 01:03:23.227,1.56502,1.56518,1.50,2.25
2011.11.23 01:03:23.795,1.56502,1.56518,1.50,2.25
2011.11.23 01:03:24.612,1.56496,1.56512,1.50,2.25
2011.11.23 01:03:25.207,1.56496,1.56512,2.25,1.50
2011.11.23 01:03:27.642,1.56494,1.5651,2.25,1.50
2011.11.23 01:03:28.317,1.56494,1.5651,1.50,2.25
2011.11.23 01:03:30.771,1.56496,1.56512,1.50,2.25
2011.11.23 01:03:31.379,1.56496,1.56512,1.50,2.25
2011.11.23 01:03:36.323,1.56494,1.5651,2.25,1.50
2011.11.23 01:03:36.924,1.56494,1.5651,2.25,1.50
2011.11.23 01:03:40.293,1.56496,1.56512,1.50,2.25
2011.11.23 01:03:42.784,1.56496,1.56512,1.50,2.25
2011.11.23 01:04:00.710,1.56496,1.56512,2.25,1.50
2011.11.23 01:04:01.077,1.56504,1.5652,1.50,3.00
2011.11.23 01:04:01.558,1.56506,1.56522,1.50,2.25
2011.11.23 01:04:01.685,1.56506,1.56522,1.50,2.25
2011.11.23 01:04:03.535,1.56506,1.56522,1.50,2.25
2011.11.23 01:04:04.254,1.56506,1.56522,1.50,2.25
2011.11.23 01:04:04.650,1.56522,1.56527,1.50,1.69
2011.11.23 01:04:04.905,1.56536,1.56551,1.13,1.69
2011.11.23 01:04:05.031,1.56539,1.56551,1.09,1.50
2011.11.23 01:04:05.283,1.5654,1.56555,1.88,1.50
2011.11.23 01:04:05.410,1.56541,1.56557,2.59,1.50
2011.11.23 01:04:05.541,1.56545,1.5656,1.39,1.50
2011.11.23 01:04:07.154,1.56546,1.5656,1.09,1.50
2011.11.23 01:04:07.278,1.56548,1.56564,1.50,2.25
2011.11.23 01:04:07.406,1.56545,1.56561,2.25,2.25
2011.11.23 01:04:07.531,1.56545,1.56561,1.50,3.00
2011.11.23 01:04:07.656,1.56543,1.56559,2.25,1.50
2011.11.23 01:04:09.087,1.56543,1.56559,1.50,2.25
2011.11.23 01:04:10.383,1.56543,1.56559,1.50,2.25
2011.11.23 01:04:10.986,1.56543,1.56559,1.50,2.25
2011.11.23 01:04:14.096,1.56543,1.56559,1.50,2.25
2011.11.23 01:04:14.704,1.56543,1.56559,1.50,2.25
2011.11.23 01:04:15.309,1.56543,1.56559,1.50,2.25
2011.11.23 01:04:15.438,1.56541,1.56557,1.50,2.25
2011.11.23 01:04:15.556,1.56536,1.56552,2.82,1.50
2011.11.23 01:04:16.126,1.56536,1.56552,1.88,2.25
2011.11.23 01:04:16.605,1.56536,1.5655,1.13,1.50
2011.11.23 01:04:18.654,1.56536,1.5655,1.13,1.50
2011.11.23 01:04:19.376,1.56536,1.5655,1.13,1.50
2011.11.23 01:04:20.646,1.56534,1.5655,3.94,2.25
2011.11.23 01:04:20.885,1.56534,1.56548,1.50,2.25
2011.11.23 01:04:23.634,1.56534,1.56548,1.73,1.50
2011.11.23 01:04:24.120,1.5653,1.56546,3.04,1.50
2011.11.23 01:04:24.252,1.56528,1.56543,1.13,1.50
2011.11.23 01:04:24.619,1.56521,1.56535,1.50,1.50
2011.11.23 01:04:24.747,1.56519,1.56535,2.25,1.50
2011.11.23 01:04:25.346,1.56519,1.56535,2.25,3.75
2011.11.23 01:04:25.857,1.56512,1.56528,2.63,1.50
2011.11.23 01:04:26.452,1.56514,1.5653,1.50,2.25
2011.11.23 01:04:26.928,1.56512,1.56528,2.25,1.50
2011.11.23 01:04:27.529,1.56512,1.56528,1.50,2.25
2011.11.23 01:04:28.211,1.56512,1.56528,1.50,2.25
2011.11.23 01:04:28.808,1.56512,1.56528,1.50,2.25
2011.11.23 01:04:29.405,1.56512,1.56528,2.25,1.50
2011.11.23 01:04:30.546,1.56512,1.56528,1.50,2.25
2011.11.23 01:04:31.135,1.56512,1.56528,1.50,2.25
2011.11.23 01:04:33.135,1.56512,1.56528,1.50,2.25
2011.11.23 01:04:33.715,1.56512,1.56528,2.25,1.50
2011.11.23 01:04:34.625,1.56512,1.56528,2.25,1.50
2011.11.23 01:04:34.865,1.56514,1.5653,1.50,2.25
2011.11.23 01:04:37.672,1.56514,1.5653,3.00,2.25
2011.11.23 01:04:37.813,1.56518,1.56534,1.50,2.25
2011.11.23 01:04:40.527,1.5652,1.56536,1.50,2.25
2011.11.23 01:04:40.772,1.56523,1.56539,2.25,1.50
2011.11.23 01:04:41.850,1.56523,1.56539,1.50,2.25
2011.11.23 01:04:47.075,1.56523,1.56539,1.50,2.25
2011.11.23 01:04:49.298,1.56523,1.56539,1.50,2.25
2011.11.23 01:04:50.856,1.56523,1.56539,1.50,2.25
2011.11.23 01:04:51.100,1.56521,1.56537,1.50,2.25
2011.11.23 01:04:51.353,1.56519,1.56535,2.44,1.50
2011.11.23 01:04:51.957,1.56519,1.56535,1.50,2.25
2011.11.23 01:04:52.730,1.5652,1.56535,1.09,2.25
2011.11.23 01:04:52.863,1.56522,1.56538,1.50,2.25
2011.11.23 01:04:53.415,1.56522,1.56538,1.50,2.25
2011.11.23 01:04:54.136,1.56522,1.56538,1.50,2.25
2011.11.23 01:04:54.847,1.56524,1.5654,1.50,2.25
2011.11.23 01:04:59.255,1.56524,1.5654,1.50,2.25
2011.11.23 01:05:00.387,1.56522,1.56538,1.50,2.25
2011.11.23 01:05:00.749,1.56522,1.56538,1.50,2.25
2011.11.23 01:05:00.997,1.56519,1.56535,1.50,2.25
2011.11.23 01:05:01.115,1.56517,1.56533,2.44,2.25
2011.11.23 01:05:01.947,1.56517,1.56533,2.44,2.25
2011.11.23 01:05:02.523,1.56517,1.56533,2.44,2.25
2011.11.23 01:05:03.131,1.56517,1.56533,2.25,2.25
2011.11.23 01:05:06.734,1.56517,1.56533,2.25,2.25
2011.11.23 01:05:08.336,1.56517,1.56533,3.75,1.50
2011.11.23 01:05:08.701,1.5652,1.56536,1.84,2.25
2011.11.23 01:05:08.826,1.5652,1.56536,1.84,2.25
2011.11.23 01:05:09.415,1.5652,1.56536,1.84,2.25
2011.11.23 01:05:09.918,1.5652,1.56536,1.84,2.25
2011.11.23 01:05:10.585,1.56517,1.56533,3.19,1.50
2011.11.23 01:05:11.784,1.56517,1.56533,3.19,1.50
2011.11.23 01:05:12.444,1.56517,1.56533,3.19,1.50
2011.11.23 01:05:13.323,1.56517,1.56533,3.19,1.50
2011.11.23 01:05:14.117,1.56517,1.56533,2.44,2.25
2011.11.23 01:05:14.602,1.56515,1.56528,1.69,1.50
2011.11.23 01:05:14.733,1.56514,1.56528,1.54,2.25
2011.11.23 01:05:15.339,1.56511,1.56524,1.95,1.50
2011.11.23 01:05:15.950,1.56509,1.56524,2.25,1.50
2011.11.23 01:05:19.267,1.56508,1.56527,2.40,2.44
2011.11.23 01:05:23.496,1.56509,1.56529,2.25,2.63
2011.11.23 01:05:24.085,1.56509,1.56529,1.50,1.13
2011.11.23 01:05:24.679,1.56507,1.56529,1.50,2.63
2011.11.23 01:05:26.138,1.56503,1.56524,1.09,2.63
2011.11.23 01:05:26.379,1.56503,1.56524,1.09,2.63
2011.11.23 01:05:26.507,1.56501,1.56524,1.24,2.63
2011.11.23 01:05:27.094,1.56502,1.56522,1.09,2.44
2011.11.23 01:05:34.353,1.56503,1.56521,1.09,1.13
2011.11.23 01:05:34.709,1.56506,1.56522,1.88,2.25
2011.11.23 01:05:34.837,1.56506,1.56522,2.63,1.50
2011.11.23 01:05:34.956,1.56509,1.56525,1.50,2.25
2011.11.23 01:05:35.075,1.56509,1.56525,1.50,2.25
2011.11.23 01:05:35.707,1.56509,1.56525,1.50,2.25
2011.11.23 01:05:36.667,1.56509,1.56525,1.50,2.44
2011.11.23 01:05:38.811,1.56509,1.56525,1.50,2.44
2011.11.23 01:05:46.453,1.56509,1.56525,1.50,2.25
2011.11.23 01:05:46.578,1.56511,1.56527,1.50,2.44
2011.11.23 01:05:47.502,1.56511,1.56527,1.50,2.44
2011.11.23 01:05:48.356,1.56511,1.56527,1.50,2.25
2011.11.23 01:05:49.597,1.56511,1.56525,1.50,1.13
2011.11.23 01:05:49.633,1.56509,1.56525,1.50,2.63
2011.11.23 01:05:49.761,1.56507,1.56523,1.50,2.44
2011.11.23 01:05:50.535,1.56507,1.56523,1.50,2.44
2011.11.23 01:05:51.115,1.56507,1.56523,1.50,2.44
2011.11.23 01:05:52.079,1.56505,1.56521,2.25,1.50
2011.11.23 01:05:52.810,1.56505,1.56521,1.50,2.63
2011.11.23 01:05:53.426,1.56503,1.56519,2.25,2.44
2011.11.23 01:05:54.152,1.56506,1.56522,1.50,2.44
2011.11.23 01:05:54.637,1.56508,1.56524,1.50,2.63
2011.11.23 01:05:54.877,1.56508,1.56524,1.50,2.25
2011.11.23 01:05:55.594,1.56508,1.56524,1.50,2.25
2011.11.23 01:05:55.829,1.5651,1.56526,1.50,2.44
2011.11.23 01:05:55.951,1.56508,1.56524,1.50,2.44
2011.11.23 01:05:56.079,1.56505,1.56521,2.25,1.50
2011.11.23 01:05:56.436,1.56505,1.5652,1.50,1.13
2011.11.23 01:05:56.559,1.56503,1.56519,1.50,2.44
2011.11.23 01:05:58.026,1.56503,1.56519,1.50,2.44
2011.11.23 01:05:58.628,1.56503,1.56517,1.50,1.13
2011.11.23 01:06:00.426,1.56503,1.56516,1.50,1.13
2011.11.23 01:06:00.547,1.56501,1.56516,1.50,1.13
2011.11.23 01:06:01.151,1.56501,1.56516,1.50,1.13
2011.11.23 01:06:01.754,1.56501,1.56516,1.50,1.13
2011.11.23 01:06:02.255,1.56501,1.56516,1.50,1.13
2011.11.23 01:06:02.955,1.56499,1.56515,1.50,2.44
2011.11.23 01:06:07.287,1.56499,1.56515,1.50,2.63
2011.11.23 01:06:07.811,1.56499,1.56515,1.50,2.63
2011.11.23 01:06:08.548,1.56497,1.56513,2.59,2.63
2011.11.23 01:06:09.147,1.56497,1.56513,2.59,2.63
2011.11.23 01:06:10.186,1.56497,1.56513,2.59,2.63
2011.11.23 01:06:10.429,1.56499,1.56513,2.25,1.13
2011.11.23 01:06:10.924,1.56509,1.56515,1.50,1.50
2011.11.23 01:06:11.056,1.56509,1.56523,1.50,1.13
2011.11.23 01:06:11.302,1.56509,1.56523,1.50,1.13
2011.11.23 01:06:11.433,1.56507,1.56523,1.50,2.63
2011.11.23 01:06:11.564,1.56509,1.56525,1.50,2.63
2011.11.23 01:06:11.811,1.56509,1.56525,1.50,2.63
2011.11.23 01:06:13.631,1.56509,1.56525,1.50,2.44
2011.11.23 01:06:14.558,1.56509,1.56525,1.50,2.44
2011.11.23 01:06:18.364,1.56509,1.56525,1.50,2.44
2011.11.23 01:06:18.924,1.56509,1.56525,1.50,2.44
2011.11.23 01:06:19.556,1.56507,1.56523,1.50,2.25
2011.11.23 01:06:20.095,1.56507,1.56523,1.50,2.25
2011.11.23 01:06:22.577,1.56503,1.56517,1.50,1.50
2011.11.23 01:06:22.817,1.56501,1.56517,1.50,2.25
2011.11.23 01:06:23.418,1.56498,1.56514,1.50,2.25
2011.11.23 01:06:24.526,1.56498,1.56514,1.50,2.25
2011.11.23 01:06:28.145,1.56498,1.56514,1.50,2.25
2011.11.23 01:06:31.446,1.56498,1.56514,1.50,2.25
2011.11.23 01:06:32.169,1.565,1.56516,1.50,2.44
2011.11.23 01:06:32.864,1.565,1.56516,1.50,2.44
2011.11.23 01:06:33.647,1.565,1.56516,1.50,2.44
2011.11.23 01:06:34.425,1.565,1.56516,1.50,2.44
2011.11.23 01:06:35.015,1.565,1.56516,3.00,2.25
2011.11.23 01:06:36.788,1.565,1.56516,3.00,2.25
2011.11.23 01:06:37.515,1.565,1.56516,3.00,2.25
2011.11.23 01:06:38.105,1.565,1.56516,2.25,2.25
2011.11.23 01:06:38.228,1.56504,1.56516,1.73,2.25
2011.11.23 01:06:38.348,1.56505,1.5652,1.13,2.44
2011.11.23 01:06:38.947,1.56507,1.56523,2.25,2.44
2011.11.23 01:06:39.066,1.56507,1.56523,2.25,2.44
2011.11.23 01:06:40.138,1.56507,1.56523,2.25,2.44
2011.11.23 01:06:41.056,1.56507,1.56519,1.50,1.13
2011.11.23 01:06:41.298,1.565,1.56516,3.00,1.50
2011.11.23 01:06:41.416,1.565,1.56516,1.50,2.25
2011.11.23 01:06:42.016,1.565,1.56515,1.50,1.13
2011.11.23 01:06:42.375,1.56498,1.56514,1.50,2.44
2011.11.23 01:06:42.957,1.56498,1.56514,1.50,2.44
2011.11.23 01:06:43.795,1.56498,1.56514,1.50,2.44
2011.11.23 01:06:44.461,1.56498,1.56514,1.50,2.44
2011.11.23 01:06:45.003,1.56498,1.56514,1.50,2.44
2011.11.23 01:06:45.134,1.56496,1.56512,2.25,2.25
2011.11.23 01:06:46.316,1.56498,1.56514,1.50,2.44
2011.11.23 01:06:46.786,1.56498,1.56514,1.50,2.44
2011.11.23 01:06:47.354,1.56498,1.56514,1.50,2.44
2011.11.23 01:06:49.916,1.56495,1.56511,3.75,2.25
2011.11.23 01:06:50.267,1.56495,1.56511,3.75,2.25
2011.11.23 01:06:51.124,1.56497,1.56513,2.25,2.44
2011.11.23 01:06:51.608,1.56497,1.56513,2.25,2.63
2011.11.23 01:06:52.185,1.56495,1.56511,3.75,2.44
2011.11.23 01:06:52.864,1.56495,1.56511,3.75,2.44
2011.11.23 01:06:53.774,1.56495,1.56511,3.75,2.44
2011.11.23 01:06:54.284,1.56495,1.56511,3.75,2.44
2011.11.23 01:06:54.820,1.56495,1.56511,3.75,2.44
2011.11.23 01:06:55.495,1.56495,1.56511,3.75,2.44
2011.11.23 01:06:56.069,1.56495,1.56511,3.75,2.44
2011.11.23 01:06:56.425,1.56495,1.5651,3.75,2.07
2011.11.23 01:06:57.182,1.56495,1.5651,3.75,2.07
2011.11.23 01:06:57.779,1.56495,1.5651,3.75,2.07
2011.11.23 01:07:07.083,1.56497,1.5651,2.25,2.07
2011.11.23 01:07:07.653,1.56497,1.5651,2.25,1.88
2011.11.23 01:07:08.423,1.56497,1.5651,2.25,2.25
2011.11.23 01:07:13.887,1.56497,1.56508,2.25,2.07
2011.11.23 01:07:14.476,1.56497,1.56506,2.25,1.13
2011.11.23 01:07:14.837,1.56495,1.56506,2.25,1.13
2011.11.23 01:07:15.199,1.56495,1.56505,3.00,1.50
2011.11.23 01:07:15.332,1.56495,1.56502,2.25,1.13
2011.11.23 01:07:15.462,1.56487,1.56496,1.05,1.88
2011.11.23 01:07:15.830,1.56471,1.5649,2.25,1.13
2011.11.23 01:07:15.958,1.56469,1.56483,1.50,1.13
2011.11.23 01:07:16.443,1.56462,1.56478,1.69,2.25
2011.11.23 01:07:16.811,1.56462,1.56474,1.50,1.13
2011.11.23 01:07:16.937,1.56457,1.56473,1.50,2.44
2011.11.23 01:07:17.288,1.56457,1.56473,1.50,2.44
2011.11.23 01:07:17.638,1.56455,1.56471,2.25,2.25
2011.11.23 01:07:19.457,1.56451,1.56458,2.25,1.13
2011.11.23 01:07:19.580,1.56442,1.56456,2.25,1.88
2011.11.23 01:07:19.715,1.56443,1.56457,1.50,1.88
2011.11.23 01:07:19.839,1.56447,1.56464,1.50,1.50
2011.11.23 01:07:20.209,1.56443,1.56463,2.93,1.13
2011.11.23 01:07:20.602,1.56446,1.56462,1.50,2.44
2011.11.23 01:07:20.957,1.56446,1.56459,1.50,1.13
2011.11.23 01:07:22.965,1.56444,1.56459,1.50,1.13
2011.11.23 01:07:23.565,1.56444,1.56458,1.50,1.13
2011.11.23 01:07:23.928,1.56442,1.56458,1.50,2.63
2011.11.23 01:07:24.696,1.5644,1.56456,1.80,1.69
2011.11.23 01:07:24.937,1.5644,1.56456,1.50,2.44
2011.11.23 01:07:25.301,1.56433,1.56452,2.25,2.25
2011.11.23 01:07:25.906,1.56434,1.5645,1.50,1.88
2011.11.23 01:07:26.146,1.56436,1.56452,1.50,2.25
2011.11.23 01:07:28.234,1.56436,1.56451,1.50,1.13
2011.11.23 01:07:30.938,1.56436,1.56452,1.50,3.00
2011.11.23 01:07:31.609,1.56433,1.56449,3.00,1.88
2011.11.23 01:07:32.557,1.56435,1.56451,1.50,1.88
2011.11.23 01:07:34.467,1.5643,1.56438,4.13,1.50
2011.11.23 01:07:34.595,1.56424,1.56432,1.28,1.13
2011.11.23 01:07:34.844,1.56424,1.56435,1.65,1.69
2011.11.23 01:07:34.974,1.56424,1.56437,1.65,1.13
2011.11.23 01:07:35.104,1.56424,1.56436,1.65,1.50
2011.11.23 01:07:35.232,1.56424,1.56438,1.50,1.88
2011.11.23 01:07:35.361,1.56427,1.5644,1.35,2.44
2011.11.23 01:07:35.494,1.56427,1.56443,2.55,2.25
2011.11.23 01:07:35.741,1.56427,1.56443,1.50,2.25
2011.11.23 01:07:35.986,1.56425,1.56441,1.50,1.88
2011.11.23 01:07:36.114,1.56427,1.56443,1.50,1.69
2011.11.23 01:07:37.284,1.56436,1.56451,1.88,1.50
2011.11.23 01:07:37.410,1.56438,1.56453,1.50,2.07
2011.11.23 01:07:37.539,1.5644,1.56454,1.50,1.13
2011.11.23 01:07:37.907,1.56443,1.56459,1.50,3.75
2011.11.23 01:07:38.267,1.56441,1.56457,1.50,2.25
2011.11.23 01:07:39.426,1.56443,1.56456,1.50,1.13
2011.11.23 01:07:40.050,1.56443,1.56456,1.50,1.13
2011.11.23 01:07:40.655,1.56441,1.56455,1.50,1.13
2011.11.23 01:07:43.076,1.56439,1.56455,1.50,2.63
2011.11.23 01:07:43.317,1.56437,1.56453,1.80,2.44
2011.11.23 01:07:43.797,1.56435,1.5645,1.50,1.13
2011.11.23 01:07:43.921,1.56432,1.56448,1.80,2.44
2011.11.23 01:07:44.292,1.56432,1.56446,1.80,1.50
2011.11.23 01:07:44.981,1.56432,1.56446,1.50,1.88
2011.11.23 01:07:45.117,1.56425,1.56441,1.50,1.88
2011.11.23 01:07:46.082,1.56427,1.56441,1.50,1.13
2011.11.23 01:07:46.436,1.56425,1.56439,1.50,1.13
2011.11.23 01:07:47.278,1.56425,1.56441,1.50,2.44
2011.11.23 01:07:47.398,1.56427,1.56442,1.50,1.13
2011.11.23 01:07:47.760,1.56429,1.56444,1.50,1.50
2011.11.23 01:07:48.105,1.56429,1.56445,2.25,1.88
2011.11.23 01:07:48.348,1.56431,1.56445,1.50,1.13
2011.11.23 01:07:48.947,1.56431,1.56447,1.50,2.44
2011.11.23 01:07:49.419,1.56429,1.56445,1.50,3.75
2011.11.23 01:07:49.778,1.56424,1.56439,1.13,2.25
2011.11.23 01:07:50.128,1.56424,1.56439,1.13,1.88
2011.11.23 01:07:50.836,1.56424,1.56439,1.88,1.88
2011.11.23 01:07:51.075,1.56423,1.56439,1.50,1.88
2011.11.23 01:07:57.387,1.56421,1.56437,1.50,3.00
2011.11.23 01:07:57.513,1.56419,1.56432,1.50,1.13
2011.11.23 01:07:57.950,1.56417,1.56432,1.50,1.13
2011.11.23 01:07:58.093,1.56413,1.56428,1.50,1.13
2011.11.23 01:07:58.223,1.56409,1.56425,2.25,1.50
2011.11.23 01:07:58.349,1.56411,1.56427,1.50,2.44
2011.11.23 01:07:59.526,1.56411,1.56427,2.25,1.88
2011.11.23 01:08:02.672,1.56409,1.56425,2.25,1.69
2011.11.23 01:08:03.376,1.56409,1.56425,2.25,1.69
2011.11.23 01:08:04.651,1.56409,1.56425,1.50,2.44
2011.11.23 01:08:07.124,1.56409,1.56425,1.50,2.44
2011.11.23 01:08:09.670,1.56407,1.56423,1.50,2.25
2011.11.23 01:08:10.258,1.56404,1.56418,2.25,1.50
2011.11.23 01:08:15.174,1.56402,1.56416,1.88,1.50
2011.11.23 01:08:17.271,1.56402,1.56418,4.13,1.50
2011.11.23 01:08:17.760,1.56402,1.56418,1.88,2.25
2011.11.23 01:08:17.886,1.56404,1.5642,1.50,2.25
2011.11.23 01:08:18.127,1.56402,1.56418,1.50,2.25
2011.11.23 01:08:18.841,1.564,1.56416,3.00,1.50
2011.11.23 01:08:19.327,1.56398,1.56414,2.78,1.50
2011.11.23 01:08:19.691,1.56395,1.5641,1.80,1.50
2011.11.23 01:08:20.434,1.56394,1.5641,2.25,1.50
2011.11.23 01:08:20.683,1.56391,1.56407,2.25,1.50
2011.11.23 01:08:21.048,1.56391,1.56407,2.25,1.50
2011.11.23 01:08:21.410,1.56396,1.56407,1.50,1.50
2011.11.23 01:08:21.544,1.56399,1.56411,1.50,1.50
2011.11.23 01:08:21.796,1.56399,1.56414,1.50,1.50
2011.11.23 01:08:23.060,1.56399,1.56414,1.50,1.50
2011.11.23 01:08:25.615,1.56399,1.56414,1.50,1.50
2011.11.23 01:08:26.194,1.56399,1.56414,1.50,1.50
2011.11.23 01:08:28.436,1.56399,1.56414,1.50,1.50
2011.11.23 01:08:29.378,1.56399,1.56414,1.50,1.50
2011.11.23 01:08:30.571,1.564,1.56416,2.25,1.50
2011.11.23 01:08:30.944,1.56403,1.56416,1.88,1.50
2011.11.23 01:08:31.435,1.56403,1.56416,1.50,1.50
2011.11.23 01:08:31.556,1.56403,1.56416,1.50,1.50
2011.11.23 01:08:31.808,1.56404,1.56418,1.43,1.50
2011.11.23 01:08:31.926,1.56404,1.56426,1.43,1.88
2011.11.23 01:08:32.525,1.56404,1.56426,1.43,2.63
2011.11.23 01:08:33.575,1.56406,1.56426,1.13,2.63
2011.11.23 01:08:35.933,1.56405,1.56423,1.50,1.13
2011.11.23 01:08:36.418,1.56397,1.56422,2.82,1.88
2011.11.23 01:08:36.544,1.56397,1.56419,1.50,1.50
2011.11.23 01:08:36.908,1.56395,1.56414,1.50,1.50
2011.11.23 01:08:37.531,1.56395,1.56413,1.50,1.13
2011.11.23 01:08:39.828,1.56395,1.56412,1.50,1.13
2011.11.23 01:08:42.558,1.56395,1.56413,1.50,1.13
2011.11.23 01:08:43.461,1.56392,1.5641,1.50,1.13
2011.11.23 01:08:43.715,1.5639,1.5641,1.50,1.13
2011.11.23 01:08:45.785,1.5639,1.5641,1.50,1.13
2011.11.23 01:08:46.549,1.56389,1.56411,1.50,1.13
2011.11.23 01:08:46.896,1.5639,1.56411,1.50,1.13
2011.11.23 01:08:47.606,1.56391,1.56411,1.13,1.13
2011.11.23 01:08:48.233,1.56391,1.56413,1.13,1.13
2011.11.23 01:08:48.600,1.56393,1.56413,1.13,1.13
2011.11.23 01:08:49.437,1.56395,1.56415,1.50,1.50
2011.11.23 01:08:49.557,1.56395,1.56417,1.50,1.13
2011.11.23 01:08:50.516,1.56396,1.56417,2.25,1.13
2011.11.23 01:08:50.875,1.56396,1.5642,2.44,1.13
2011.11.23 01:08:52.510,1.56396,1.5642,2.44,1.13
2011.11.23 01:08:53.586,1.56399,1.5642,1.13,1.13
2011.11.23 01:08:54.186,1.56402,1.56418,1.50,2.44
2011.11.23 01:08:57.596,1.56402,1.56418,1.50,2.44
2011.11.23 01:08:58.197,1.56402,1.56418,1.50,2.44
2011.11.23 01:09:01.315,1.56402,1.56418,1.50,2.25
2011.11.23 01:09:02.126,1.56402,1.56418,1.50,2.25
2011.11.23 01:09:02.798,1.56402,1.56418,1.50,2.44
2011.11.23 01:09:05.998,1.56402,1.56418,1.50,2.44
2011.11.23 01:09:06.584,1.56402,1.56418,1.50,2.44
2011.11.23 01:09:08.052,1.56402,1.56418,1.88,2.25
2011.11.23 01:09:08.182,1.56403,1.56418,2.63,2.25
2011.11.23 01:09:08.556,1.56411,1.56425,1.50,1.32
2011.11.23 01:09:09.492,1.56411,1.56426,1.50,1.13
2011.11.23 01:09:09.861,1.56415,1.56431,1.50,2.25
2011.11.23 01:09:09.994,1.56415,1.56431,2.25,2.25
2011.11.23 01:09:10.121,1.56417,1.56433,2.25,2.44
2011.11.23 01:09:10.608,1.5642,1.56436,1.50,2.44
2011.11.23 01:09:11.138,1.5642,1.56436,1.50,2.44
2011.11.23 01:09:12.648,1.56422,1.56438,1.50,2.44
2011.11.23 01:09:13.253,1.56424,1.56438,1.50,2.25
2011.11.23 01:09:13.874,1.56426,1.56442,2.25,2.25
2011.11.23 01:09:14.323,1.56428,1.56442,1.50,1.13
2011.11.23 01:09:14.455,1.56423,1.56439,2.25,1.69
2011.11.23 01:09:14.937,1.56423,1.56439,2.25,1.69
2011.11.23 01:09:15.656,1.5642,1.56436,3.00,1.50
2011.11.23 01:09:16.256,1.5642,1.56436,3.00,1.50
2011.11.23 01:09:16.379,1.56418,1.56439,1.13,1.13
2011.11.23 01:09:16.739,1.56413,1.56436,1.88,1.13
2011.11.23 01:09:16.859,1.56413,1.56433,1.13,2.25
2011.11.23 01:09:17.459,1.5641,1.56431,2.25,1.13
2011.11.23 01:09:18.091,1.5641,1.56431,2.25,1.13
2011.11.23 01:09:18.794,1.5641,1.56431,2.25,1.13
2011.11.23 01:09:19.299,1.5641,1.56431,2.25,1.13
2011.11.23 01:09:19.802,1.5641,1.56431,2.25,1.13
2011.11.23 01:09:20.788,1.5641,1.56431,2.25,1.13
2011.11.23 01:09:23.466,1.5641,1.56431,2.25,1.13
2011.11.23 01:09:24.055,1.5641,1.56432,3.00,1.13
2011.11.23 01:09:24.658,1.56414,1.56435,2.85,1.13
2011.11.23 01:09:25.451,1.56415,1.56439,1.50,1.50
2011.11.23 01:09:25.581,1.56415,1.56439,1.50,1.50
2011.11.23 01:09:26.428,1.56421,1.56437,1.50,2.25
2011.11.23 01:09:27.149,1.56421,1.56437,2.25,1.50
2011.11.23 01:09:27.735,1.56421,1.56437,2.25,1.50
2011.11.23 01:09:29.490,1.56421,1.56437,2.25,1.50
2011.11.23 01:09:29.627,1.56423,1.56439,1.50,2.44
2011.11.23 01:09:32.097,1.56424,1.56439,1.50,1.69
2011.11.23 01:09:32.458,1.56432,1.56447,1.50,1.13
2011.11.23 01:09:32.581,1.56432,1.56447,1.50,1.13
2011.11.23 01:09:32.947,1.5643,1.56446,2.25,2.44
2011.11.23 01:09:33.189,1.56433,1.56447,1.50,1.13
2011.11.23 01:09:33.319,1.56433,1.56449,1.50,2.44
2011.11.23 01:09:33.819,1.56431,1.56447,2.25,1.50
2011.11.23 01:09:34.896,1.56431,1.56447,1.50,2.25
2011.11.23 01:09:35.266,1.56427,1.56443,3.00,1.50
2011.11.23 01:09:35.398,1.56425,1.56441,3.00,1.69
2011.11.23 01:09:35.760,1.56423,1.56438,1.13,1.50
2011.11.23 01:09:36.198,1.5642,1.56435,1.50,1.50
2011.11.23 01:09:36.323,1.5642,1.56435,1.50,1.50
2011.11.23 01:09:36.446,1.56419,1.56435,3.00,1.50
2011.11.23 01:09:37.002,1.56421,1.56437,2.25,1.69
2011.11.23 01:09:37.375,1.5643,1.56442,1.50,1.13
2011.11.23 01:09:37.503,1.5643,1.56446,1.50,2.44
2011.11.23 01:09:37.627,1.56432,1.56447,1.50,1.13
2011.11.23 01:09:38.392,1.56434,1.5645,1.50,2.44
2011.11.23 01:09:38.639,1.56434,1.5645,1.50,2.44
2011.11.23 01:09:39.450,1.56434,1.5645,1.50,2.44
2011.11.23 01:09:39.595,1.5643,1.56446,1.50,2.44
2011.11.23 01:09:39.720,1.5643,1.56444,1.50,1.50
2011.11.23 01:09:39.849,1.56423,1.56439,2.25,1.69
2011.11.23 01:09:40.457,1.56423,1.56439,1.50,2.44
2011.11.23 01:09:41.225,1.56423,1.56439,1.50,2.44
2011.11.23 01:09:42.738,1.56423,1.56439,1.50,2.44
2011.11.23 01:09:43.502,1.5642,1.56432,1.50,1.13
2011.11.23 01:09:44.114,1.56419,1.56435,2.25,2.25
2011.11.23 01:09:44.244,1.56421,1.56437,1.50,2.44
2011.11.23 01:09:44.849,1.56421,1.56437,2.25,1.50
2011.11.23 01:09:52.817,1.56421,1.56437,2.25,1.50
2011.11.23 01:09:53.059,1.56423,1.56439,2.25,1.69
2011.11.23 01:09:53.418,1.56431,1.56447,1.50,2.63
2011.11.23 01:09:54.490,1.56431,1.56447,2.25,2.25
2011.11.23 01:09:54.860,1.56433,1.56449,1.50,3.19
2011.11.23 01:09:59.525,1.5643,1.56446,2.25,1.50
2011.11.23 01:09:59.647,1.56429,1.56444,1.13,1.50
2011.11.23 01:09:59.769,1.56428,1.56444,1.50,2.25
2011.11.23 01:09:59.887,1.56426,1.5644,1.50,1.50
2011.11.23 01:10:00.456,1.56426,1.5644,1.50,1.50
2011.11.23 01:10:01.507,1.56427,1.56443,2.25,1.50
2011.11.23 01:10:02.107,1.56427,1.56443,2.25,1.50
2011.11.23 01:10:02.638,1.56429,1.56445,2.25,1.50
2011.11.23 01:10:07.190,1.56426,1.56442,2.25,2.25
2011.11.23 01:10:07.558,1.56424,1.5644,2.63,1.50
2011.11.23 01:10:07.918,1.56422,1.56438,2.25,1.50
2011.11.23 01:10:08.156,1.56418,1.56434,2.25,1.50
2011.11.23 01:10:08.966,1.56416,1.56432,2.25,1.50
2011.11.23 01:10:12.238,1.56416,1.56432,2.25,1.50
2011.11.23 01:10:12.718,1.56416,1.56432,1.50,2.63
2011.11.23 01:10:13.321,1.56415,1.56431,2.25,2.25
2011.11.23 01:10:13.686,1.56419,1.56435,2.25,1.69
2011.11.23 01:10:14.757,1.56421,1.56437,2.25,1.88
2011.11.23 01:10:14.876,1.56421,1.56437,2.25,1.50
2011.11.23 01:10:16.663,1.56415,1.56431,3.00,1.50
2011.11.23 01:10:17.183,1.56415,1.56431,3.00,1.50
2011.11.23 01:10:17.986,1.56415,1.56429,1.50,1.50
2011.11.23 01:10:18.730,1.56415,1.56429,1.13,1.50
2011.11.23 01:10:19.103,1.56421,1.56437,1.50,2.44
2011.11.23 01:10:19.467,1.56421,1.56437,1.50,2.44
2011.11.23 01:10:21.116,1.56421,1.56437,1.50,2.25
2011.11.23 01:10:21.454,1.56423,1.56439,1.50,2.44
2011.11.23 01:10:22.039,1.56423,1.56439,1.50,2.44
2011.11.23 01:10:22.624,1.56423,1.56439,1.50,2.44
2011.11.23 01:10:23.220,1.56423,1.56439,1.88,2.44
2011.11.23 01:10:23.602,1.56429,1.56443,1.50,1.50
2011.11.23 01:10:23.852,1.56431,1.56446,1.50,1.13
2011.11.23 01:10:24.460,1.56432,1.56448,1.50,2.44
2011.11.23 01:10:25.218,1.56432,1.56448,1.50,2.44
2011.11.23 01:10:25.345,1.56432,1.56448,2.25,1.69
2011.11.23 01:10:27.265,1.56432,1.56448,2.25,1.50
2011.11.23 01:10:27.979,1.56432,1.56448,2.25,1.50
2011.11.23 01:10:29.236,1.56432,1.56448,2.25,1.50
2011.11.23 01:10:29.814,1.56432,1.56448,2.25,1.50
2011.11.23 01:10:45.466,1.56432,1.56448,1.50,2.25
2011.11.23 01:10:46.167,1.56429,1.56445,2.25,1.50
2011.11.23 01:10:46.750,1.56429,1.56445,2.25,1.50
2011.11.23 01:10:47.318,1.56429,1.56445,2.25,1.50
2011.11.23 01:10:48.729,1.56427,1.56443,2.25,1.50
2011.11.23 01:10:49.821,1.56424,1.5644,1.50,2.63
2011.11.23 01:10:49.953,1.5642,1.56436,2.25,2.25
2011.11.23 01:10:50.079,1.56418,1.56434,1.50,2.25
2011.11.23 01:10:50.437,1.56418,1.56434,1.50,2.44
2011.11.23 01:10:50.555,1.56418,1.56434,1.50,2.44
2011.11.23 01:10:50.796,1.56416,1.56431,2.25,1.50
2011.11.23 01:10:51.391,1.56414,1.56428,1.28,1.50
2011.11.23 01:10:51.758,1.56412,1.56428,3.00,1.50
2011.11.23 01:10:52.685,1.56412,1.56428,3.00,1.50
2011.11.23 01:10:53.365,1.56414,1.5643,1.50,2.44
2011.11.23 01:10:55.770,1.56414,1.5643,1.50,2.63
2011.11.23 01:10:56.138,1.56412,1.56428,1.50,2.44
2011.11.23 01:10:56.501,1.56408,1.56424,1.50,2.25
2011.11.23 01:10:56.873,1.56403,1.56419,1.50,2.63
2011.11.23 01:10:57.327,1.564,1.56416,2.25,1.50
2011.11.23 01:10:58.036,1.564,1.56416,2.25,1.50
2011.11.23 01:10:58.156,1.56402,1.56418,1.50,2.44
2011.11.23 01:10:58.766,1.56402,1.56418,1.50,2.25
2011.11.23 01:10:59.368,1.56402,1.56418,1.50,2.25
2011.11.23 01:11:01.195,1.56402,1.56418,1.50,2.25
2011.11.23 01:11:01.807,1.564,1.56416,2.25,2.25
2011.11.23 01:11:02.653,1.564,1.56416,1.50,2.25
2011.11.23 01:11:03.262,1.564,1.56416,1.50,2.25
2011.11.23 01:11:03.989,1.564,1.56416,1.50,2.25
2011.11.23 01:11:04.701,1.564,1.56416,1.50,2.25
2011.11.23 01:11:05.564,1.564,1.56416,1.50,2.25
2011.11.23 01:11:06.157,1.564,1.56416,1.50,2.25
2011.11.23 01:11:06.744,1.564,1.56416,1.50,2.44
2011.11.23 01:11:07.976,1.564,1.56416,1.50,2.44
2011.11.23 01:11:08.595,1.564,1.56416,1.50,2.44
2011.11.23 01:11:08.959,1.56402,1.56418,1.50,2.63
2011.11.23 01:11:09.556,1.56402,1.56418,1.50,2.63
2011.11.23 01:11:11.285,1.56402,1.56418,1.50,2.63
2011.11.23 01:11:11.954,1.56402,1.56418,1.50,2.63
2011.11.23 01:11:12.958,1.56402,1.56418,1.50,2.44
2011.11.23 01:11:13.675,1.56402,1.56418,1.50,2.44
2011.11.23 01:11:14.386,1.56402,1.56418,1.50,2.44
2011.11.23 01:11:15.275,1.56402,1.56418,1.50,2.44
2011.11.23 01:11:16.199,1.56402,1.56418,1.50,2.44
2011.11.23 01:11:16.557,1.56402,1.56418,1.50,2.44
2011.11.23 01:11:19.476,1.56404,1.56419,1.50,1.13
2011.11.23 01:11:22.560,1.56404,1.56419,1.50,1.13
2011.11.23 01:11:22.845,1.56404,1.5642,1.50,2.63
2011.11.23 01:11:25.421,1.56402,1.56418,1.50,2.44
2011.11.23 01:11:30.235,1.56404,1.5642,1.50,2.63
2011.11.23 01:11:30.858,1.56404,1.5642,1.50,2.63
2011.11.23 01:11:31.654,1.56404,1.5642,1.50,2.63
2011.11.23 01:11:32.297,1.56404,1.5642,1.50,2.63
2011.11.23 01:11:33.058,1.56404,1.5642,1.50,2.63
2011.11.23 01:11:33.888,1.56404,1.5642,1.50,2.63
2011.11.23 01:11:34.637,1.56404,1.5642,1.50,2.63
2011.11.23 01:11:34.997,1.56406,1.5642,1.50,1.13
2011.11.23 01:11:36.561,1.5641,1.56424,1.50,1.50
2011.11.23 01:11:36.693,1.56412,1.56427,1.50,1.13
2011.11.23 01:11:37.059,1.56414,1.5643,1.50,2.44
2011.11.23 01:11:37.647,1.56414,1.5643,1.50,2.44
2011.11.23 01:11:39.178,1.56414,1.5643,1.50,2.44
2011.11.23 01:11:39.302,1.56411,1.56427,3.00,1.50
2011.11.23 01:11:39.830,1.56411,1.56427,2.25,2.25
2011.11.23 01:11:40.087,1.56403,1.56419,1.50,2.25
2011.11.23 01:11:40.209,1.56403,1.56419,1.50,2.25
2011.11.23 01:11:40.328,1.56401,1.56417,2.25,2.25
2011.11.23 01:11:40.568,1.56403,1.56419,1.50,2.44
2011.11.23 01:11:42.667,1.56405,1.56421,1.50,2.63
2011.11.23 01:11:44.740,1.56405,1.5642,1.50,1.13
2011.11.23 01:11:45.229,1.56403,1.56419,1.50,2.44
2011.11.23 01:11:45.347,1.56405,1.5642,1.50,1.13
2011.11.23 01:11:46.597,1.56405,1.56421,1.50,2.63
2011.11.23 01:11:46.951,1.56407,1.56421,1.50,1.13
2011.11.23 01:11:54.498,1.56405,1.56421,1.50,2.63
2011.11.23 01:11:54.616,1.56405,1.56421,1.50,2.63
2011.11.23 01:11:54.978,1.56405,1.56421,1.50,2.63
2011.11.23 01:11:56.036,1.56407,1.56421,1.50,1.13
2011.11.23 01:11:58.050,1.56405,1.5642,1.50,1.13
2011.11.23 01:11:58.182,1.56405,1.56417,1.50,1.13
2011.11.23 01:12:00.427,1.56405,1.56418,1.50,1.13
2011.11.23 01:12:01.788,1.56403,1.56418,1.50,1.13
2011.11.23 01:12:01.910,1.56397,1.56413,2.25,1.50
2011.11.23 01:12:02.039,1.56397,1.5641,1.50,1.13
2011.11.23 01:12:02.709,1.5639,1.56405,1.50,1.50
2011.11.23 01:12:02.834,1.5639,1.56405,1.50,1.50
2011.11.23 01:12:02.963,1.5639,1.56406,1.50,4.50
2011.11.23 01:12:03.089,1.56396,1.56406,1.50,1.13
2011.11.23 01:12:03.571,1.56396,1.56408,1.50,1.13
2011.11.23 01:12:03.817,1.56396,1.56408,1.50,1.13
2011.11.23 01:12:04.181,1.56396,1.56412,1.50,3.19
2011.11.23 01:12:04.859,1.56401,1.56413,1.50,1.50
2011.11.23 01:12:05.012,1.56403,1.56417,1.50,1.50
2011.11.23 01:12:05.143,1.56406,1.56421,1.50,1.50
2011.11.23 01:12:05.514,1.56406,1.56422,1.50,2.25
2011.11.23 01:12:05.640,1.56403,1.56419,1.50,2.25
2011.11.23 01:12:05.891,1.56399,1.56415,1.50,2.25
2011.11.23 01:12:06.497,1.56399,1.56415,1.50,2.25
2011.11.23 01:12:07.384,1.56399,1.56415,1.50,2.25
2011.11.23 01:12:07.512,1.56399,1.56415,1.50,2.25
2011.11.23 01:12:07.639,1.56403,1.56419,1.50,2.25
2011.11.23 01:12:08.010,1.56408,1.56424,1.50,3.38
2011.11.23 01:12:08.736,1.56408,1.56424,1.50,2.25
2011.11.23 01:12:09.339,1.56408,1.56424,1.50,2.44
2011.11.23 01:12:09.460,1.56404,1.5642,1.50,2.25
2011.11.23 01:12:09.588,1.56402,1.56418,1.50,2.44
2011.11.23 01:12:09.972,1.56397,1.56413,1.50,2.25
2011.11.23 01:12:10.346,1.56399,1.56415,1.50,2.25
2011.11.23 01:12:10.954,1.56394,1.56409,1.50,1.13
2011.11.23 01:12:11.555,1.56394,1.5641,1.50,2.25
2011.11.23 01:12:11.678,1.56394,1.5641,1.50,2.25
2011.11.23 01:12:12.041,1.56392,1.56408,1.50,2.25
2011.11.23 01:12:12.169,1.56392,1.56403,1.50,1.13
2011.11.23 01:12:12.831,1.56386,1.56396,2.25,1.13
2011.11.23 01:12:12.969,1.5638,1.56395,5.55,1.58
2011.11.23 01:12:13.213,1.56384,1.56394,1.50,1.13
2011.11.23 01:12:13.583,1.56384,1.564,1.50,2.25
2011.11.23 01:12:13.831,1.56389,1.564,1.32,1.50
2011.11.23 01:12:13.967,1.56393,1.56412,1.50,1.13
2011.11.23 01:12:14.541,1.56393,1.5641,1.50,1.50
2011.11.23 01:12:14.697,1.56391,1.56411,1.50,1.88
2011.11.23 01:12:14.820,1.56393,1.56409,1.50,1.50
2011.11.23 01:12:15.067,1.56393,1.56412,1.50,1.50
2011.11.23 01:12:15.314,1.56385,1.564,2.25,1.05
2011.11.23 01:12:15.447,1.56381,1.56403,1.13,2.63
2011.11.23 01:12:15.695,1.56374,1.56393,1.13,1.50
2011.11.23 01:12:15.943,1.56369,1.56383,1.50,1.88
2011.11.23 01:12:16.068,1.56365,1.56379,1.50,1.13
2011.11.23 01:12:16.972,1.56365,1.56378,2.25,1.88
2011.11.23 01:12:17.110,1.56375,1.56391,1.50,2.55
2011.11.23 01:12:17.244,1.56376,1.56392,1.50,3.16
2011.11.23 01:12:17.374,1.56374,1.56388,1.50,1.50
2011.11.23 01:12:17.624,1.56372,1.56388,1.50,2.25
2011.11.23 01:12:17.754,1.5637,1.56386,1.50,2.25
2011.11.23 01:12:17.998,1.56368,1.56384,1.50,2.25
2011.11.23 01:12:18.240,1.56368,1.56384,2.25,1.50
2011.11.23 01:12:18.707,1.56375,1.56391,1.50,3.00
2011.11.23 01:12:18.851,1.56377,1.56393,1.50,2.25
2011.11.23 01:12:19.218,1.56379,1.56395,1.50,2.25
2011.11.23 01:12:19.462,1.56377,1.56393,2.25,2.25
2011.11.23 01:12:19.711,1.56375,1.56391,2.25,1.50
2011.11.23 01:12:19.840,1.56373,1.56389,1.50,2.25
2011.11.23 01:12:19.970,1.56369,1.56385,2.25,1.50
2011.11.23 01:12:20.212,1.56365,1.5638,1.50,1.50
2011.11.23 01:12:20.868,1.56366,1.56382,1.50,2.25
2011.11.23 01:12:21.470,1.56366,1.56382,1.50,2.25
2011.11.23 01:12:22.084,1.56364,1.5638,2.25,2.25
2011.11.23 01:12:22.214,1.56365,1.5638,1.88,2.25
2011.11.23 01:12:22.340,1.56373,1.56389,1.50,2.25
2011.11.23 01:12:22.707,1.56373,1.56389,1.50,2.25
2011.11.23 01:12:23.386,1.56382,1.56397,1.50,1.50
2011.11.23 01:12:23.509,1.56382,1.56398,1.50,3.00
2011.11.23 01:12:24.109,1.56384,1.56399,1.50,2.25
2011.11.23 01:12:24.950,1.56384,1.56399,1.50,2.25
2011.11.23 01:12:25.583,1.56384,1.564,2.85,2.25
2011.11.23 01:12:25.726,1.56403,1.56414,1.50,1.66
2011.11.23 01:12:25.851,1.56404,1.56416,1.32,1.66
2011.11.23 01:12:26.224,1.56414,1.56434,2.25,1.50
2011.11.23 01:12:26.467,1.56422,1.56439,1.50,1.50
2011.11.23 01:12:26.713,1.56418,1.56438,1.50,1.50
2011.11.23 01:12:26.838,1.56416,1.56442,1.50,1.13
2011.11.23 01:12:27.081,1.56414,1.56433,2.25,2.07
2011.11.23 01:12:27.209,1.56414,1.56431,1.50,1.13
2011.11.23 01:12:27.333,1.5641,1.5643,1.50,1.50
2011.11.23 01:12:27.714,1.56408,1.56431,2.25,1.50
2011.11.23 01:12:27.843,1.56409,1.56431,1.13,1.50
2011.11.23 01:12:28.215,1.56424,1.56436,1.50,1.50
2011.11.23 01:12:28.580,1.5642,1.56436,1.50,1.50
2011.11.23 01:12:29.076,1.56425,1.56442,1.88,1.50
2011.11.23 01:12:29.749,1.56437,1.56447,1.88,1.50
2011.11.23 01:12:29.886,1.56443,1.56462,1.50,2.44
2011.11.23 01:12:30.008,1.56443,1.56459,1.50,3.00
2011.11.23 01:12:30.368,1.5643,1.56454,2.25,1.50
2011.11.23 01:12:30.734,1.56441,1.56454,1.50,2.44
2011.11.23 01:12:30.978,1.56423,1.56446,2.25,2.25
2011.11.23 01:12:31.100,1.56422,1.56446,2.25,2.25
2011.11.23 01:12:31.478,1.56413,1.56436,2.63,1.69
2011.11.23 01:12:32.024,1.56409,1.56431,2.63,1.69
2011.11.23 01:12:32.156,1.56407,1.56429,3.00,2.25
2011.11.23 01:12:32.295,1.56406,1.56426,1.13,2.25
2011.11.23 01:12:32.418,1.56406,1.56426,1.13,1.50
2011.11.23 01:12:32.541,1.56406,1.56426,1.13,2.48
2011.11.23 01:12:32.916,1.56402,1.56414,1.50,2.25
2011.11.23 01:12:33.283,1.56402,1.56408,1.50,2.25
2011.11.23 01:12:33.415,1.56388,1.56406,2.44,1.50
2011.11.23 01:12:34.040,1.56386,1.56402,2.25,2.25
2011.11.23 01:12:34.171,1.56386,1.56402,1.50,2.25
2011.11.23 01:12:34.782,1.56386,1.56402,1.50,2.25
2011.11.23 01:12:34.897,1.56389,1.56405,1.50,2.25
2011.11.23 01:12:35.027,1.56389,1.56405,1.50,2.25
2011.11.23 01:12:35.157,1.56391,1.56407,1.50,2.25
2011.11.23 01:12:35.399,1.56389,1.56405,1.50,2.25
2011.11.23 01:12:35.520,1.56387,1.56403,2.25,2.25
2011.11.23 01:12:36.158,1.56387,1.56403,2.25,2.25
2011.11.23 01:12:37.242,1.56384,1.564,2.25,2.25
2011.11.23 01:12:37.847,1.56382,1.56405,1.69,2.25
2011.11.23 01:12:38.326,1.56382,1.56406,1.69,1.50
2011.11.23 01:12:38.692,1.56379,1.56403,1.69,2.25
2011.11.23 01:12:39.264,1.56377,1.56395,1.50,1.69
2011.11.23 01:12:39.525,1.56374,1.56391,2.18,2.25
2011.11.23 01:12:39.653,1.56372,1.56393,1.73,2.63
2011.11.23 01:12:40.020,1.5637,1.56389,1.50,2.25
2011.11.23 01:12:40.718,1.56368,1.56389,3.38,2.25
2011.11.23 01:12:41.201,1.56369,1.56385,3.00,1.50
2011.11.23 01:12:41.714,1.56369,1.56385,2.25,2.25
2011.11.23 01:12:42.090,1.56363,1.56379,1.50,2.25
2011.11.23 01:12:42.579,1.56363,1.56379,1.50,2.63
2011.11.23 01:12:42.937,1.56358,1.56374,3.00,1.50
2011.11.23 01:12:45.412,1.5636,1.56376,1.50,2.44
2011.11.23 01:12:46.022,1.5636,1.56376,1.50,2.44
2011.11.23 01:12:46.751,1.5636,1.56376,1.50,3.19
2011.11.23 01:12:46.882,1.56358,1.56374,1.50,2.44
2011.11.23 01:12:47.443,1.56358,1.56371,1.50,1.13
2011.11.23 01:12:47.578,1.56356,1.56371,1.50,1.13
2011.11.23 01:12:48.297,1.56356,1.56371,1.50,1.13
2011.11.23 01:12:48.888,1.56354,1.5637,2.25,2.44
2011.11.23 01:12:49.607,1.56354,1.5637,2.25,2.44
2011.11.23 01:12:50.131,1.56354,1.5637,1.50,2.44
2011.11.23 01:12:50.775,1.56354,1.5637,1.50,2.44
2011.11.23 01:12:51.615,1.56354,1.5637,1.50,2.44
2011.11.23 01:12:52.240,1.56354,1.5637,1.50,2.44
2011.11.23 01:12:53.548,1.56356,1.56371,1.50,1.13
2011.11.23 01:12:57.612,1.56356,1.56371,2.25,1.50
2011.11.23 01:12:57.980,1.56354,1.5637,1.50,3.00
2011.11.23 01:12:58.586,1.56352,1.56368,2.25,2.25
2011.11.23 01:13:00.027,1.56352,1.56364,1.50,1.50
2011.11.23 01:13:00.273,1.56346,1.56362,2.25,1.69
2011.11.23 01:13:00.758,1.56345,1.5636,1.50,1.69
2011.11.23 01:13:01.384,1.56344,1.56359,1.50,1.32
2011.11.23 01:13:01.756,1.56336,1.56352,1.50,3.00
2011.11.23 01:13:01.997,1.56334,1.5635,1.50,2.44
2011.11.23 01:13:03.801,1.56337,1.56352,1.50,1.50
2011.11.23 01:13:04.169,1.56339,1.56354,1.50,1.50
2011.11.23 01:13:04.889,1.56339,1.56355,1.50,1.69
2011.11.23 01:13:05.019,1.56346,1.56357,1.50,1.13
2011.11.23 01:13:05.383,1.56348,1.56364,1.50,3.00
2011.11.23 01:13:05.510,1.56348,1.56364,1.50,3.00
2011.11.23 01:13:06.218,1.56351,1.56367,1.50,3.00
2011.11.23 01:13:06.821,1.56352,1.56368,1.50,3.00
2011.11.23 01:13:07.312,1.5635,1.56366,2.25,1.69
2011.11.23 01:13:08.641,1.56352,1.56368,1.50,3.00
2011.11.23 01:13:09.009,1.56356,1.56369,1.50,1.50
2011.11.23 01:13:09.137,1.56356,1.56372,1.50,3.00
2011.11.23 01:13:09.502,1.56358,1.56372,1.50,1.50
2011.11.23 01:13:09.754,1.56355,1.56371,1.50,2.44
2011.11.23 01:13:09.886,1.56357,1.56372,1.50,1.50
2011.11.23 01:13:10.130,1.56357,1.56373,2.25,2.44
2011.11.23 01:13:10.502,1.56361,1.56375,1.50,1.50
2011.11.23 01:13:10.630,1.56359,1.56375,1.50,3.00
2011.11.23 01:13:11.427,1.56356,1.56372,1.50,2.44
2011.11.23 01:13:11.910,1.56359,1.56375,1.50,3.00
2011.11.23 01:13:12.399,1.56357,1.56372,1.50,1.13
2011.11.23 01:13:13.488,1.56354,1.5637,1.50,2.44
2011.11.23 01:13:13.736,1.56349,1.56365,2.25,1.50
2011.11.23 01:13:14.269,1.56349,1.56365,1.50,2.44
2011.11.23 01:13:14.762,1.56347,1.56363,2.25,2.44
2011.11.23 01:13:15.011,1.56345,1.56361,2.63,2.63
2011.11.23 01:13:15.262,1.56343,1.56359,1.50,2.44
2011.11.23 01:13:15.854,1.56343,1.56359,1.50,2.44
2011.11.23 01:13:17.057,1.56343,1.56359,1.50,2.63
2011.11.23 01:13:17.664,1.56343,1.56359,1.50,2.63
2011.11.23 01:13:18.237,1.56348,1.56363,1.50,1.50
2011.11.23 01:13:18.602,1.5635,1.56366,1.50,2.44
2011.11.23 01:13:18.729,1.56353,1.56367,1.50,1.50
2011.11.23 01:13:19.206,1.56353,1.56369,1.50,2.44
2011.11.23 01:13:19.812,1.56353,1.56369,1.50,2.44
2011.11.23 01:13:19.936,1.56355,1.56371,1.50,3.00
2011.11.23 01:13:20.761,1.56353,1.56369,1.50,2.44
2011.11.23 01:13:21.590,1.5635,1.56366,1.50,2.44
2011.11.23 01:13:21.720,1.56348,1.56364,1.50,2.44
2011.11.23 01:13:21.967,1.56347,1.56362,1.50,2.44
2011.11.23 01:13:22.560,1.56348,1.56364,1.50,2.44
2011.11.23 01:13:23.172,1.56347,1.56362,1.50,2.44
2011.11.23 01:13:23.741,1.56348,1.56364,3.00,1.50
2011.11.23 01:13:23.879,1.56354,1.5637,1.50,3.00
2011.11.23 01:13:24.480,1.56354,1.5637,1.50,2.44
2011.11.23 01:13:25.088,1.56356,1.56372,1.50,2.44
2011.11.23 01:13:26.930,1.56358,1.56373,1.50,1.13
2011.11.23 01:13:27.321,1.5636,1.56373,1.50,1.13
2011.11.23 01:13:27.811,1.56357,1.56373,2.25,1.88
2011.11.23 01:13:28.058,1.56353,1.56369,1.50,2.25
2011.11.23 01:13:28.422,1.56348,1.56356,1.13,1.50
2011.11.23 01:13:28.795,1.56345,1.56355,2.25,1.50
2011.11.23 01:13:28.917,1.56353,1.56365,1.50,1.13
2011.11.23 01:13:29.159,1.5635,1.56365,1.50,1.13
2011.11.23 01:13:29.520,1.5635,1.56362,1.50,1.50
2011.11.23 01:13:30.031,1.56347,1.56362,1.50,1.50
2011.11.23 01:13:30.175,1.56337,1.56358,1.50,1.50
2011.11.23 01:13:30.304,1.56337,1.56351,1.50,1.13
2011.11.23 01:13:30.679,1.56331,1.56349,1.84,1.13
2011.11.23 01:13:30.805,1.56331,1.56349,1.99,1.13
2011.11.23 01:13:31.049,1.56334,1.56354,1.65,1.50
2011.11.23 01:13:31.410,1.56334,1.56352,1.50,1.50
2011.11.23 01:13:32.473,1.56331,1.56352,2.25,1.50
2011.11.23 01:13:33.080,1.56331,1.56352,3.00,1.50
2011.11.23 01:13:33.439,1.56331,1.56352,2.25,1.50
2011.11.23 01:13:34.043,1.56331,1.56352,2.25,1.50
2011.11.23 01:13:34.412,1.56336,1.56352,2.25,1.13
2011.11.23 01:13:34.799,1.56338,1.56353,3.00,1.50
2011.11.23 01:13:34.938,1.56339,1.56356,1.88,1.50
2011.11.23 01:13:35.301,1.56339,1.56362,2.63,1.50
2011.11.23 01:13:35.909,1.56341,1.56362,1.50,1.50
2011.11.23 01:13:36.515,1.56343,1.56362,1.13,1.50
2011.11.23 01:13:36.890,1.56343,1.56365,1.88,1.50
2011.11.23 01:13:37.035,1.56352,1.56368,1.50,1.13
2011.11.23 01:13:37.279,1.56349,1.56368,2.25,1.13
2011.11.23 01:13:37.400,1.56349,1.56364,1.50,1.50
2011.11.23 01:13:38.132,1.56345,1.56364,1.50,1.50
2011.11.23 01:13:38.741,1.56348,1.56362,1.50,1.50
2011.11.23 01:13:38.870,1.56346,1.56359,1.50,2.07
2011.11.23 01:13:39.002,1.56337,1.56355,2.63,1.13
2011.11.23 01:13:39.131,1.56337,1.56355,2.63,1.13
2011.11.23 01:13:39.652,1.56332,1.56351,3.00,1.13
2011.11.23 01:13:39.903,1.56334,1.56356,1.50,1.13
2011.11.23 01:13:40.032,1.56336,1.56356,1.88,1.13
2011.11.23 01:13:40.400,1.5634,1.56359,2.25,1.50
2011.11.23 01:13:40.528,1.5634,1.5636,2.25,1.13
2011.11.23 01:13:41.480,1.56342,1.5636,1.50,1.13
2011.11.23 01:13:42.086,1.56343,1.56359,1.50,3.38
2011.11.23 01:13:42.227,1.56337,1.56353,2.25,3.00
2011.11.23 01:13:42.354,1.56337,1.56353,3.00,2.25
2011.11.23 01:13:42.485,1.56343,1.56357,1.50,1.13
2011.11.23 01:13:42.849,1.56345,1.56358,1.50,1.50
2011.11.23 01:13:43.570,1.56335,1.56351,3.00,1.69
2011.11.23 01:13:43.701,1.56335,1.56351,2.25,2.44
2011.11.23 01:13:43.956,1.56335,1.56351,1.50,2.44
2011.11.23 01:13:44.399,1.56337,1.56353,1.50,2.44
2011.11.23 01:13:44.784,1.56337,1.56348,1.50,1.13
2011.11.23 01:13:44.917,1.56328,1.56344,3.00,1.69
2011.11.23 01:13:45.286,1.56334,1.56348,1.50,1.13
2011.11.23 01:13:45.531,1.56337,1.56353,1.50,2.44
2011.11.23 01:13:46.020,1.56339,1.56354,1.50,1.50
2011.11.23 01:13:46.627,1.56337,1.56353,1.50,2.44
2011.11.23 01:13:47.229,1.56337,1.56352,1.50,1.50
2011.11.23 01:13:47.605,1.56337,1.56348,1.50,1.50
2011.11.23 01:13:47.730,1.56329,1.56344,1.50,1.69
2011.11.23 01:13:47.860,1.56328,1.56344,3.00,1.69
2011.11.23 01:13:48.350,1.56328,1.56344,2.25,3.00
2011.11.23 01:13:50.266,1.56328,1.56343,1.50,1.13
2011.11.23 01:13:50.513,1.56324,1.5634,3.53,1.69
2011.11.23 01:13:50.640,1.56324,1.5634,3.00,1.69
2011.11.23 01:13:50.760,1.56326,1.5634,1.50,1.69
2011.11.23 01:13:51.131,1.56326,1.56341,1.50,1.50
2011.11.23 01:13:51.259,1.5633,1.56346,1.50,2.44
2011.11.23 01:13:51.881,1.5633,1.56346,2.25,1.69
2011.11.23 01:13:52.248,1.5633,1.56346,2.25,1.69
2011.11.23 01:13:52.370,1.5633,1.56346,2.25,2.25
2011.11.23 01:13:52.621,1.56326,1.56342,3.00,1.69
2011.11.23 01:13:52.868,1.56328,1.56344,1.50,2.63
2011.11.23 01:13:53.339,1.56328,1.56343,1.50,1.13
2011.11.23 01:13:54.430,1.56326,1.56342,2.25,1.88
2011.11.23 01:13:55.040,1.56326,1.56342,2.25,1.88
2011.11.23 01:13:55.532,1.56328,1.56344,1.50,2.63
2011.11.23 01:13:55.898,1.56328,1.56344,2.25,1.88
2011.11.23 01:13:56.019,1.56332,1.56348,2.25,1.88
2011.11.23 01:13:56.138,1.56336,1.56348,1.50,1.13
2011.11.23 01:13:56.498,1.56334,1.56348,1.50,1.13
2011.11.23 01:13:57.212,1.56326,1.56342,3.00,1.88
2011.11.23 01:13:57.821,1.56328,1.56344,2.25,2.25
2011.11.23 01:13:58.430,1.56325,1.56332,1.50,1.32
2011.11.23 01:13:58.670,1.56313,1.56328,3.38,1.50
2011.11.23 01:13:58.791,1.56311,1.56327,3.00,1.69
2011.11.23 01:13:58.926,1.56318,1.56334,2.25,2.25
2011.11.23 01:13:59.736,1.5632,1.56336,2.25,2.25
2011.11.23 01:13:59.873,1.5632,1.56336,2.25,2.25
2011.11.23 01:14:00.005,1.5632,1.56336,2.25,1.69
2011.11.23 01:14:00.135,1.5632,1.56336,2.25,1.69
2011.11.23 01:14:00.500,1.56325,1.56341,2.25,2.25
2011.11.23 01:14:00.630,1.56327,1.56343,2.25,2.25
2011.11.23 01:14:01.479,1.56327,1.56343,2.25,2.25
2011.11.23 01:14:02.183,1.56327,1.56343,2.25,2.25
2011.11.23 01:14:02.794,1.56327,1.56343,2.25,2.25
2011.11.23 01:14:03.400,1.56327,1.56343,2.25,2.25
2011.11.23 01:14:04.009,1.56327,1.56343,2.25,2.25
2011.11.23 01:14:04.887,1.56325,1.5634,1.50,1.50
2011.11.23 01:14:05.370,1.56318,1.56334,2.25,1.88
2011.11.23 01:14:06.319,1.56318,1.56334,2.25,1.88
2011.11.23 01:14:12.952,1.56318,1.56334,2.25,2.25
2011.11.23 01:14:13.789,1.56316,1.56332,2.25,1.88
2011.11.23 01:14:13.923,1.56308,1.56322,2.25,1.13
2011.11.23 01:14:14.052,1.56312,1.56323,1.50,1.32
2011.11.23 01:14:14.181,1.56314,1.56325,1.50,1.13
2011.11.23 01:14:14.314,1.56317,1.5633,1.50,1.13
2011.11.23 01:14:14.683,1.56315,1.5633,1.50,1.13
2011.11.23 01:14:14.812,1.56315,1.56329,1.50,1.50
2011.11.23 01:14:14.938,1.5631,1.56326,2.25,1.88
2011.11.23 01:14:15.296,1.5631,1.56326,2.25,1.88
2011.11.23 01:14:15.539,1.56307,1.56323,2.25,1.88
2011.11.23 01:14:15.658,1.56307,1.56323,2.25,1.88
2011.11.23 01:14:16.376,1.56307,1.56323,2.25,1.88
2011.11.23 01:14:17.518,1.56307,1.56323,2.25,2.25
2011.11.23 01:14:19.047,1.56306,1.5632,1.50,1.69
2011.11.23 01:14:19.666,1.56306,1.5632,1.50,1.69
2011.11.23 01:14:21.217,1.56306,1.5632,1.50,1.69
2011.11.23 01:14:21.924,1.56306,1.5632,1.50,1.69
2011.11.23 01:14:22.521,1.56306,1.5632,1.50,1.69
2011.11.23 01:14:23.025,1.56306,1.5632,1.50,1.69
2011.11.23 01:14:23.270,1.56306,1.5632,1.50,1.69
2011.11.23 01:14:24.109,1.56306,1.5632,1.50,1.69
2011.11.23 01:14:24.696,1.56306,1.5632,1.50,1.69
2011.11.23 01:14:25.248,1.56306,1.5632,1.50,1.69
2011.11.23 01:14:25.811,1.56306,1.56318,1.50,1.50
2011.11.23 01:14:26.420,1.56306,1.56318,1.50,1.50
2011.11.23 01:14:27.134,1.56306,1.56318,1.50,1.50
2011.11.23 01:14:28.519,1.56306,1.56318,1.50,1.50
2011.11.23 01:14:28.762,1.56302,1.56316,1.50,1.69
2011.11.23 01:14:29.009,1.56295,1.56311,2.25,1.88
2011.11.23 01:14:29.255,1.56293,1.56309,2.25,2.82
2011.11.23 01:14:29.700,1.56291,1.56307,2.25,2.25
2011.11.23 01:14:29.834,1.56288,1.56303,1.50,1.50
2011.11.23 01:14:30.687,1.56286,1.56302,2.25,2.25
2011.11.23 01:14:31.288,1.56286,1.56302,2.25,2.25
2011.11.23 01:14:32.056,1.56286,1.56302,2.25,2.25
2011.11.23 01:14:32.610,1.56286,1.56302,1.50,3.00
2011.11.23 01:14:36.411,1.56288,1.56302,1.50,1.13
2011.11.23 01:14:36.796,1.56295,1.5631,2.25,1.88
2011.11.23 01:14:36.925,1.56296,1.56312,2.25,2.25
2011.11.23 01:14:37.052,1.563,1.56316,1.50,2.44
2011.11.23 01:14:37.421,1.56305,1.56318,1.50,1.13
2011.11.23 01:14:37.921,1.56307,1.56318,1.50,1.13
2011.11.23 01:14:38.050,1.56305,1.56318,1.50,1.13
2011.11.23 01:14:38.421,1.56307,1.56323,1.50,3.00
2011.11.23 01:14:38.965,1.56309,1.56325,2.25,2.25
2011.11.23 01:14:39.329,1.56309,1.56325,2.25,2.25
2011.11.23 01:14:39.576,1.56309,1.5632,1.50,1.50
2011.11.23 01:14:39.705,1.56309,1.56325,2.25,2.25
2011.11.23 01:14:39.838,1.56309,1.56325,2.25,1.50
2011.11.23 01:14:40.209,1.56311,1.56327,2.25,2.25
2011.11.23 01:14:40.330,1.56311,1.56327,2.25,1.50
2011.11.23 01:14:40.895,1.56311,1.56327,2.25,1.50
2011.11.23 01:14:41.032,1.56311,1.56327,1.50,2.25
2011.11.23 01:14:41.641,1.56309,1.56325,1.50,2.25
2011.11.23 01:14:41.773,1.56307,1.56323,2.25,2.25
2011.11.23 01:14:41.898,1.56305,1.56321,2.25,1.50
2011.11.23 01:14:42.260,1.56307,1.56323,2.25,1.50
2011.11.23 01:14:42.617,1.56307,1.56323,2.25,1.50
2011.11.23 01:14:43.208,1.56307,1.56323,2.25,1.50
2011.11.23 01:14:43.435,1.56309,1.56325,2.25,1.50
2011.11.23 01:14:44.723,1.56311,1.56327,2.25,2.40
2011.11.23 01:14:44.851,1.56313,1.56329,1.50,2.63
2011.11.23 01:14:45.218,1.56315,1.56331,1.50,3.19
2011.11.23 01:14:45.581,1.56311,1.56327,2.25,1.69
2011.11.23 01:14:45.948,1.56311,1.56327,2.25,1.69
2011.11.23 01:14:46.068,1.56313,1.56328,1.50,1.09
2011.11.23 01:14:46.840,1.56311,1.56327,2.25,1.69
2011.11.23 01:14:47.442,1.56311,1.56327,2.25,1.69
2011.11.23 01:14:58.350,1.56313,1.56329,1.50,3.38
2011.11.23 01:14:58.836,1.56317,1.56331,3.00,1.09
2011.11.23 01:14:59.782,1.56317,1.56331,1.50,1.50
2011.11.23 01:14:59.912,1.56317,1.56333,3.00,1.50
2011.11.23 01:15:00.280,1.56317,1.56333,3.00,1.50
2011.11.23 01:15:00.887,1.56319,1.56335,2.25,1.50
2011.11.23 01:15:01.130,1.56317,1.56333,2.25,1.50
2011.11.23 01:15:01.489,1.56319,1.56335,2.25,1.50
2011.11.23 01:15:01.610,1.56321,1.56337,2.25,1.50
2011.11.23 01:15:01.738,1.56321,1.56337,2.25,1.50
2011.11.23 01:15:01.856,1.56321,1.56337,2.25,1.50
2011.11.23 01:15:02.549,1.56319,1.56335,2.25,1.50
2011.11.23 01:15:02.910,1.56319,1.56335,2.25,1.50
2011.11.23 01:15:03.030,1.56317,1.56333,2.25,1.50
2011.11.23 01:15:03.271,1.56317,1.56333,2.25,1.50
2011.11.23 01:15:03.766,1.56319,1.56335,2.25,1.50
2011.11.23 01:15:04.016,1.56319,1.56335,2.25,2.41
2011.11.23 01:15:04.140,1.56319,1.56335,2.25,2.25
2011.11.23 01:15:04.862,1.56319,1.56335,2.25,2.07
2011.11.23 01:15:05.000,1.56317,1.56333,2.25,1.50
2011.11.23 01:15:05.368,1.56319,1.56335,2.25,1.50
2011.11.23 01:15:05.976,1.56319,1.56335,2.25,1.88
2011.11.23 01:15:06.343,1.56315,1.56331,2.25,1.50
2011.11.23 01:15:06.591,1.56317,1.56333,2.25,1.50
2011.11.23 01:15:07.476,1.56317,1.56333,2.25,1.50
2011.11.23 01:15:08.088,1.56317,1.56333,2.25,1.50
2011.11.23 01:15:08.693,1.56317,1.56331,1.50,1.50
2011.11.23 01:15:08.825,1.56318,1.56334,2.25,1.50
2011.11.23 01:15:08.951,1.5632,1.56336,2.25,1.50
2011.11.23 01:15:09.085,1.56318,1.56334,2.25,1.50
2011.11.23 01:15:09.213,1.56316,1.56332,2.25,1.50
2011.11.23 01:15:09.599,1.56318,1.56334,2.25,1.50
2011.11.23 01:15:09.851,1.56316,1.56332,2.25,1.50
2011.11.23 01:15:10.701,1.56316,1.56332,2.25,1.50
2011.11.23 01:15:11.073,1.56316,1.56332,2.25,2.25
2011.11.23 01:15:11.326,1.56312,1.56328,2.25,1.50
2011.11.23 01:15:11.922,1.56312,1.56328,2.25,1.50
2011.11.23 01:15:12.051,1.5631,1.56326,2.25,1.50
2011.11.23 01:15:12.614,1.56308,1.56324,2.25,1.50
2011.11.23 01:15:13.569,1.56308,1.56324,2.25,1.50
2011.11.23 01:15:14.507,1.56308,1.56324,2.25,1.50
2011.11.23 01:15:15.108,1.56308,1.56324,2.25,1.50
2011.11.23 01:15:15.232,1.5631,1.56326,2.25,1.50
2011.11.23 01:15:15.774,1.56308,1.56324,2.25,1.50
2011.11.23 01:15:16.291,1.56308,1.56324,2.25,1.50
2011.11.23 01:15:16.900,1.56308,1.56324,2.25,1.50
2011.11.23 01:15:17.596,1.56308,1.56324,2.25,1.50
2011.11.23 01:15:18.178,1.56308,1.56324,1.50,2.25
2011.11.23 01:15:18.869,1.56308,1.56324,2.25,1.50
2011.11.23 01:15:19.237,1.5631,1.56326,1.50,1.50
2011.11.23 01:15:19.708,1.56305,1.56319,1.50,1.50
2011.11.23 01:15:19.958,1.56299,1.56315,1.50,4.28
2011.11.23 01:15:20.083,1.56297,1.56311,1.50,2.25
2011.11.23 01:15:20.454,1.5629,1.56302,2.18,1.50
2011.11.23 01:15:20.584,1.5629,1.56304,2.18,1.50
2011.11.23 01:15:20.712,1.5629,1.56302,2.18,1.50
2011.11.23 01:15:21.320,1.56284,1.56298,1.13,2.44
2011.11.23 01:15:21.452,1.56276,1.56292,3.38,1.50
2011.11.23 01:15:21.824,1.56278,1.56294,2.25,2.25
2011.11.23 01:15:22.380,1.56279,1.56294,1.88,1.50
2011.11.23 01:15:22.756,1.56276,1.56292,2.25,1.50
2011.11.23 01:15:22.876,1.56276,1.56292,2.25,1.50
2011.11.23 01:15:23.458,1.56276,1.56292,2.25,1.50
2011.11.23 01:15:23.590,1.56278,1.56294,2.25,1.50
2011.11.23 01:15:24.181,1.56278,1.56294,1.50,2.25
2011.11.23 01:15:24.799,1.56275,1.56291,2.25,1.50
2011.11.23 01:15:25.166,1.56275,1.56291,2.25,1.50
2011.11.23 01:15:25.877,1.56275,1.56291,2.25,1.50
2011.11.23 01:15:26.456,1.56275,1.56291,2.25,1.50
2011.11.23 01:15:27.118,1.5627,1.56295,2.44,1.88
2011.11.23 01:15:28.105,1.5627,1.56295,2.44,1.88
2011.11.23 01:15:28.872,1.5627,1.56295,2.44,1.88
2011.11.23 01:15:29.672,1.5627,1.56295,2.44,1.88
2011.11.23 01:15:29.812,1.56267,1.56285,1.32,1.13
2011.11.23 01:15:29.939,1.56262,1.56285,1.09,1.13
2011.11.23 01:15:31.862,1.56259,1.56281,1.69,2.25
2011.11.23 01:15:31.993,1.56257,1.56281,1.50,5.07
2011.11.23 01:15:32.519,1.56254,1.56278,1.54,2.25
2011.11.23 01:15:33.119,1.56254,1.56278,1.54,2.25
2011.11.23 01:15:33.963,1.56256,1.5628,3.00,1.13
2011.11.23 01:15:34.332,1.5626,1.56282,1.50,1.13
2011.11.23 01:15:34.786,1.56259,1.56284,1.50,3.19
2011.11.23 01:15:34.924,1.56257,1.56278,2.25,1.50
2011.11.23 01:15:35.060,1.56257,1.56278,1.50,1.50
2011.11.23 01:15:35.317,1.56252,1.56276,2.63,3.00
2011.11.23 01:15:35.569,1.5625,1.56274,2.44,1.50
2011.11.23 01:15:35.693,1.56249,1.5627,1.13,1.50
2011.11.23 01:15:35.949,1.56248,1.5627,2.25,1.88
2011.11.23 01:15:36.915,1.56248,1.5627,2.25,3.00
2011.11.23 01:15:37.290,1.56238,1.56255,1.13,1.09
2011.11.23 01:15:37.431,1.56238,1.56256,1.13,2.03
2011.11.23 01:15:37.562,1.56232,1.56255,3.00,2.03
2011.11.23 01:15:37.702,1.56232,1.56254,2.25,1.32
2011.11.23 01:15:37.833,1.56231,1.56249,1.50,2.25
2011.11.23 01:15:37.964,1.56235,1.56255,2.25,1.92
2011.11.23 01:15:38.211,1.56235,1.56251,2.25,2.25
2011.11.23 01:15:38.764,1.56229,1.56246,1.32,2.25
2011.11.23 01:15:38.908,1.56228,1.56248,2.25,1.13
2011.11.23 01:15:39.031,1.56226,1.56248,1.50,1.32
2011.11.23 01:15:39.160,1.56226,1.56249,2.25,1.50
2011.11.23 01:15:39.776,1.56226,1.56249,1.50,1.50
2011.11.23 01:15:40.261,1.5622,1.56249,2.44,1.13
2011.11.23 01:15:40.388,1.5623,1.56251,2.25,2.63
2011.11.23 01:15:40.919,1.56236,1.56261,2.25,4.13
2011.11.23 01:15:41.040,1.56236,1.5626,2.25,1.88
2011.11.23 01:15:41.637,1.56236,1.5626,2.25,1.13
2011.11.23 01:15:41.999,1.56236,1.5626,2.25,1.88
2011.11.23 01:15:42.599,1.56234,1.56258,2.25,1.13
2011.11.23 01:15:42.960,1.56237,1.56259,1.50,1.50
2011.11.23 01:15:43.629,1.56237,1.5626,2.25,1.50
2011.11.23 01:15:43.907,1.56237,1.56261,2.25,3.57
2011.11.23 01:15:44.486,1.56237,1.5626,2.25,2.82
2011.11.23 01:15:44.730,1.56237,1.56258,2.25,2.44
2011.11.23 01:15:44.973,1.56233,1.56255,2.25,1.69
2011.11.23 01:15:47.060,1.56235,1.56259,2.25,1.32
2011.11.23 01:15:47.300,1.56235,1.5626,2.25,1.69
2011.11.23 01:15:47.896,1.56235,1.5626,2.25,1.69
2011.11.23 01:15:48.489,1.56239,1.56261,2.25,1.69
2011.11.23 01:15:48.610,1.56241,1.56261,2.25,1.69
2011.11.23 01:15:49.090,1.56241,1.56262,2.25,1.13
2011.11.23 01:15:49.337,1.56241,1.56262,2.25,1.13
2011.11.23 01:15:50.632,1.56241,1.5626,2.25,1.50
2011.11.23 01:15:50.767,1.56241,1.56263,2.25,1.09
2011.11.23 01:15:51.012,1.56243,1.56266,2.25,1.13
2011.11.23 01:15:51.138,1.56243,1.56266,2.25,1.88
2011.11.23 01:15:51.380,1.56243,1.56267,2.25,1.50
2011.11.23 01:15:52.220,1.56243,1.56267,2.25,1.50
2011.11.23 01:15:52.338,1.56243,1.56268,2.25,1.13
2011.11.23 01:15:52.937,1.56243,1.56268,2.25,1.13
2011.11.23 01:15:53.058,1.56243,1.56268,2.25,1.13
2011.11.23 01:15:54.187,1.56243,1.56268,2.25,1.13
2011.11.23 01:15:54.911,1.56243,1.56269,2.25,2.63
2011.11.23 01:15:55.038,1.56246,1.56269,1.13,3.38
2011.11.23 01:15:55.285,1.56248,1.56271,1.88,1.69
2011.11.23 01:15:55.891,1.56253,1.56274,1.50,1.32
2011.11.23 01:15:56.023,1.56253,1.56275,1.50,2.63
2011.11.23 01:15:56.156,1.56257,1.56276,1.50,2.44
2011.11.23 01:15:56.618,1.56258,1.56282,1.69,2.25
2011.11.23 01:15:56.997,1.56262,1.56286,2.25,2.63
2011.11.23 01:15:57.482,1.56262,1.56286,2.25,1.88
2011.11.23 01:15:59.036,1.56258,1.56284,3.00,3.19
2011.11.23 01:15:59.277,1.56258,1.56282,3.00,1.50
2011.11.23 01:15:59.400,1.56258,1.56282,1.50,3.75
2011.11.23 01:15:59.868,1.56258,1.56283,3.00,1.50
2011.11.23 01:16:00.108,1.56263,1.56286,2.25,2.44
2011.11.23 01:16:00.232,1.56263,1.56286,2.25,1.69
2011.11.23 01:16:00.840,1.56263,1.56287,2.25,1.13
2011.11.23 01:16:01.427,1.56265,1.56287,2.25,1.69
2011.11.23 01:16:02.073,1.56265,1.56287,2.25,1.69
2011.11.23 01:16:02.669,1.56265,1.56286,2.25,1.50
2011.11.23 01:16:02.792,1.56263,1.56285,2.25,1.50
2011.11.23 01:16:03.163,1.56263,1.56286,2.25,1.69
2011.11.23 01:16:03.527,1.56263,1.56285,2.25,1.69
2011.11.23 01:16:03.647,1.56263,1.56285,2.25,1.69
2011.11.23 01:16:04.248,1.56263,1.56285,2.25,2.44
2011.11.23 01:16:05.107,1.56263,1.56285,2.25,2.44
2011.11.23 01:16:05.371,1.56263,1.56285,2.25,1.69
2011.11.23 01:16:05.504,1.56263,1.56283,2.25,1.50
2011.11.23 01:16:05.751,1.56263,1.56282,1.50,1.50
2011.11.23 01:16:05.883,1.56258,1.56279,1.50,1.32
2011.11.23 01:16:06.253,1.56255,1.56279,2.25,1.32
2011.11.23 01:16:06.850,1.56253,1.56278,2.25,1.69
2011.11.23 01:16:07.090,1.56255,1.5628,2.25,2.82
2011.11.23 01:16:07.620,1.56257,1.5628,2.25,2.07
2011.11.23 01:16:09.377,1.56259,1.56281,2.25,2.25
2011.11.23 01:16:09.503,1.56259,1.56282,2.25,1.50
2011.11.23 01:16:09.629,1.56261,1.56283,2.25,1.32
2011.11.23 01:16:09.989,1.56263,1.56281,2.25,1.50
2011.11.23 01:16:10.646,1.56261,1.56281,2.25,1.50
2011.11.23 01:16:11.006,1.56261,1.56281,2.25,1.69
2011.11.23 01:16:12.531,1.56259,1.56277,2.25,1.05
2011.11.23 01:16:13.021,1.56254,1.56277,2.25,2.44
2011.11.23 01:16:13.873,1.56254,1.56277,2.25,1.69
2011.11.23 01:16:14.430,1.56254,1.56277,2.25,1.69
2011.11.23 01:16:14.803,1.5625,1.56272,2.63,2.25
2011.11.23 01:16:15.409,1.5625,1.56272,2.25,1.50
2011.11.23 01:16:15.772,1.56251,1.56271,1.50,1.69
2011.11.23 01:16:16.599,1.56251,1.56272,1.50,2.07
2011.11.23 01:16:17.295,1.56251,1.56271,1.50,1.69
2011.11.23 01:16:17.858,1.56251,1.56274,1.50,2.63
2011.11.23 01:16:17.979,1.56261,1.56274,1.50,2.63
2011.11.23 01:16:18.392,1.56261,1.56275,2.25,1.23
2011.11.23 01:16:18.526,1.56261,1.56277,2.25,1.13
2011.11.23 01:16:18.886,1.56257,1.56276,1.50,1.88
2011.11.23 01:16:19.476,1.56251,1.56276,2.25,3.38
2011.11.23 01:16:20.067,1.56252,1.56276,2.25,1.13
2011.11.23 01:16:20.999,1.56252,1.56277,2.25,2.25
2011.11.23 01:16:23.055,1.56252,1.56278,2.25,3.00
2011.11.23 01:16:23.193,1.56254,1.56279,2.25,1.50
2011.11.23 01:16:23.800,1.56256,1.56279,2.25,1.50
2011.11.23 01:16:25.317,1.56256,1.56279,2.25,1.50
2011.11.23 01:16:26.276,1.56256,1.56281,2.25,3.00
2011.11.23 01:16:27.007,1.56256,1.5628,2.25,1.69
2011.11.23 01:16:27.847,1.56254,1.56279,2.25,1.32
2011.11.23 01:16:28.419,1.56254,1.56279,2.25,1.32
2011.11.23 01:16:28.779,1.56254,1.56276,2.25,1.43
2011.11.23 01:16:29.263,1.56254,1.56276,2.25,1.13
2011.11.23 01:16:29.510,1.56254,1.56279,2.25,1.50
2011.11.23 01:16:29.642,1.56256,1.5628,2.25,1.88
2011.11.23 01:16:30.196,1.56256,1.5628,2.25,1.50
2011.11.23 01:16:30.915,1.56256,1.56281,2.25,1.88
2011.11.23 01:16:31.747,1.56256,1.5628,2.25,1.32
2011.11.23 01:16:32.498,1.56256,1.5628,2.25,1.88
2011.11.23 01:16:33.678,1.56256,1.5628,2.25,1.88
2011.11.23 01:16:34.236,1.56256,1.5628,2.25,1.32
2011.11.23 01:16:35.197,1.56257,1.56282,1.50,4.88
2011.11.23 01:16:35.328,1.56259,1.56282,2.25,1.32
2011.11.23 01:16:35.573,1.56267,1.56283,1.50,2.44
2011.11.23 01:16:36.059,1.56267,1.56279,1.50,1.50
2011.11.23 01:16:36.301,1.56265,1.56281,1.50,2.44
2011.11.23 01:16:36.549,1.56265,1.56281,2.25,1.69
2011.11.23 01:16:37.135,1.56265,1.56281,2.25,1.50
2011.11.23 01:16:38.075,1.56265,1.56281,2.25,2.63
2011.11.23 01:16:38.943,1.56269,1.56281,1.50,1.13
2011.11.23 01:16:39.528,1.56266,1.56282,2.25,1.50
2011.11.23 01:16:39.650,1.56268,1.56284,1.50,3.15
2011.11.23 01:16:41.508,1.5627,1.56284,1.50,1.32
2011.11.23 01:16:42.106,1.5627,1.56284,2.25,1.32
2011.11.23 01:16:43.117,1.5627,1.56284,2.25,1.13
2011.11.23 01:16:43.926,1.5627,1.56284,2.25,1.13
2011.11.23 01:16:44.521,1.5627,1.56286,2.63,4.84
2011.11.23 01:16:45.014,1.56274,1.56298,1.50,1.50
2011.11.23 01:16:45.859,1.56272,1.56298,1.50,1.13
2011.11.23 01:16:47.929,1.56272,1.56299,1.50,1.88
2011.11.23 01:16:51.386,1.56272,1.56299,1.50,1.13
2011.11.23 01:16:53.827,1.56272,1.56299,1.50,1.13
2011.11.23 01:16:54.385,1.56277,1.56302,1.69,1.13
2011.11.23 01:16:54.520,1.56277,1.56305,1.69,1.69
2011.11.23 01:16:55.096,1.56277,1.56305,2.82,1.69
2011.11.23 01:16:55.218,1.56277,1.56305,3.00,1.69
2011.11.23 01:16:57.130,1.56277,1.56307,3.00,2.07
2011.11.23 01:16:57.992,1.56282,1.56309,1.50,1.50
2011.11.23 01:16:58.496,1.56282,1.56309,1.88,1.32
2011.11.23 01:16:58.621,1.56282,1.56308,2.63,1.69
2011.11.23 01:16:58.990,1.56282,1.5631,3.38,2.63
2011.11.23 01:16:59.946,1.56284,1.5631,2.03,1.50
2011.11.23 01:17:00.077,1.56287,1.56312,1.88,1.32
2011.11.23 01:17:00.663,1.56286,1.56312,1.69,1.32
2011.11.23 01:17:00.911,1.56287,1.56313,1.69,1.50
2011.11.23 01:17:01.048,1.56288,1.56315,1.32,2.44
2011.11.23 01:17:01.411,1.56293,1.56318,1.50,1.50
2011.11.23 01:17:01.665,1.56294,1.5632,1.88,2.07
2011.11.23 01:17:01.909,1.56294,1.56319,1.88,1.32
2011.11.23 01:17:02.032,1.56295,1.5632,1.50,1.32
2011.11.23 01:17:02.636,1.56294,1.5632,1.50,2.07
2011.11.23 01:17:03.351,1.56294,1.5632,1.50,1.32
2011.11.23 01:17:03.480,1.56294,1.5632,2.25,1.88
2011.11.23 01:17:03.838,1.56294,1.5632,2.63,1.88
2011.11.23 01:17:04.668,1.563,1.56322,1.50,1.13
2011.11.23 01:17:04.790,1.563,1.56323,1.50,1.69
2011.11.23 01:17:05.394,1.56303,1.56325,1.50,1.50
2011.11.23 01:17:05.997,1.56304,1.56327,1.50,1.69
2011.11.23 01:17:06.596,1.56304,1.56328,1.50,1.69
2011.11.23 01:17:08.588,1.56304,1.56329,1.50,2.40
2011.11.23 01:17:10.700,1.56305,1.56329,1.50,2.97
2011.11.23 01:17:11.297,1.56306,1.56329,1.05,1.13
2011.11.23 01:17:12.193,1.56306,1.5633,1.05,3.00
2011.11.23 01:17:14.107,1.56306,1.5633,1.05,1.50
2011.11.23 01:17:14.733,1.56306,1.5633,1.05,3.00
2011.11.23 01:17:16.194,1.56306,1.5633,1.05,2.25
2011.11.23 01:17:16.766,1.56306,1.5633,1.05,3.00
2011.11.23 01:17:18.896,1.56306,1.56329,1.05,1.32
2011.11.23 01:17:19.467,1.56306,1.5633,1.05,3.00
2011.11.23 01:17:22.596,1.56309,1.56332,1.13,2.63
2011.11.23 01:17:22.955,1.56309,1.56332,1.13,1.13
2011.11.23 01:17:24.377,1.56317,1.56332,2.25,1.13
2011.11.23 01:17:24.621,1.56315,1.5633,1.50,1.13
2011.11.23 01:17:24.987,1.56312,1.56328,2.25,1.50
2011.11.23 01:17:25.592,1.5631,1.56326,2.25,1.50
2011.11.23 01:17:26.251,1.5631,1.56326,2.25,1.50
2011.11.23 01:17:26.978,1.5631,1.56326,2.25,1.50
2011.11.23 01:17:27.807,1.5631,1.56326,2.25,1.50
2011.11.23 01:17:28.376,1.5631,1.56326,2.25,1.50
2011.11.23 01:17:33.046,1.5631,1.56326,2.25,1.50
2011.11.23 01:17:33.856,1.5631,1.56326,2.25,1.50
2011.11.23 01:17:34.459,1.5631,1.56326,2.25,1.50
2011.11.23 01:17:41.725,1.5631,1.56326,2.25,1.50
2011.11.23 01:17:42.726,1.5631,1.56326,2.25,1.50
2011.11.23 01:17:44.436,1.5631,1.56326,2.25,1.50
2011.11.23 01:17:45.266,1.5631,1.56326,2.25,1.50
2011.11.23 01:17:45.806,1.56312,1.56328,2.25,1.69
2011.11.23 01:17:46.048,1.56312,1.56328,2.25,1.69
2011.11.23 01:17:46.407,1.56314,1.5633,2.25,2.25
2011.11.23 01:17:47.847,1.56314,1.5633,2.25,2.25
2011.11.23 01:17:48.088,1.56312,1.56328,2.25,1.50
2011.11.23 01:17:49.596,1.5631,1.56326,2.25,1.50
2011.11.23 01:17:52.308,1.56312,1.56328,2.25,1.69
2011.11.23 01:17:52.549,1.56312,1.56328,2.25,1.50
2011.11.23 01:17:53.258,1.56312,1.56328,2.25,1.50
2011.11.23 01:17:53.398,1.56318,1.56334,2.25,3.38
2011.11.23 01:17:53.520,1.56318,1.56333,2.25,1.69
2011.11.23 01:17:53.775,1.56318,1.56334,2.25,2.44
2011.11.23 01:17:54.382,1.56316,1.56332,2.25,1.50
2011.11.23 01:17:56.406,1.56316,1.56332,2.25,1.50
2011.11.23 01:17:56.975,1.56316,1.56332,2.25,1.50
2011.11.23 01:17:58.038,1.56316,1.56332,2.25,1.50
2011.11.23 01:17:58.520,1.56314,1.5633,2.25,1.50
2011.11.23 01:17:58.921,1.56316,1.56332,2.25,1.88
2011.11.23 01:17:59.064,1.56314,1.56329,2.25,1.13
2011.11.23 01:17:59.673,1.5631,1.56326,2.25,1.50
2011.11.23 01:18:00.281,1.5631,1.56326,2.25,1.50
2011.11.23 01:18:00.887,1.5631,1.56326,2.25,1.50
2011.11.23 01:18:01.247,1.56308,1.56324,2.25,1.50
2011.11.23 01:18:01.870,1.5631,1.56326,2.25,1.50
2011.11.23 01:18:04.886,1.5631,1.56326,2.25,1.50
2011.11.23 01:18:05.014,1.5631,1.56326,2.25,2.25
2011.11.23 01:18:05.143,1.56308,1.56323,1.50,1.50
2011.11.23 01:18:05.732,1.56308,1.56322,1.50,1.50
2011.11.23 01:18:05.874,1.56308,1.56324,2.25,1.50
2011.11.23 01:18:06.001,1.5631,1.56326,2.25,1.50
2011.11.23 01:18:06.247,1.5631,1.56326,2.25,1.50
2011.11.23 01:18:06.607,1.56315,1.56331,2.25,2.25
2011.11.23 01:18:07.581,1.56315,1.56331,2.25,2.25
2011.11.23 01:18:07.830,1.56308,1.56324,2.25,1.50
2011.11.23 01:18:10.619,1.56308,1.56324,2.25,1.50
2011.11.23 01:18:10.977,1.5631,1.56326,2.25,1.50
2011.11.23 01:18:11.493,1.5631,1.56326,2.25,1.50
2011.11.23 01:18:13.316,1.5631,1.56326,2.25,1.50
2011.11.23 01:18:13.438,1.56312,1.56328,2.25,1.50
2011.11.23 01:18:13.677,1.56314,1.5633,2.25,2.44
2011.11.23 01:18:14.255,1.56314,1.5633,2.25,2.25
2011.11.23 01:18:14.605,1.56314,1.5633,2.25,2.25
2011.11.23 01:18:21.323,1.56316,1.56332,2.25,2.82
2011.11.23 01:18:21.995,1.56316,1.56332,2.25,2.82
2011.11.23 01:18:22.555,1.56316,1.56332,2.25,2.82
2011.11.23 01:18:23.030,1.56316,1.56332,2.25,1.50
2011.11.23 01:18:23.148,1.56316,1.56332,2.25,2.25
2011.11.23 01:18:23.735,1.56316,1.56332,2.25,2.63
2011.11.23 01:18:27.679,1.56318,1.56332,2.25,2.07
2011.11.23 01:18:27.922,1.5632,1.56333,2.25,2.25
2011.11.23 01:18:28.599,1.5632,1.56335,2.25,2.44
2011.11.23 01:18:28.851,1.56331,1.56344,2.25,1.13
2011.11.23 01:18:29.100,1.56333,1.56349,2.25,3.75
2011.11.23 01:18:29.463,1.56333,1.56349,2.25,2.44
2011.11.23 01:18:29.593,1.56335,1.5635,1.50,2.44
2011.11.23 01:18:30.558,1.56331,1.56347,2.25,1.50
2011.11.23 01:18:30.920,1.56333,1.56349,2.25,1.50
2011.11.23 01:18:31.520,1.56338,1.56352,2.25,1.50
2011.11.23 01:18:33.418,1.5634,1.56351,1.50,1.50
2011.11.23 01:18:34.222,1.5634,1.56352,1.50,1.50
2011.11.23 01:18:35.161,1.56331,1.56352,1.73,1.50
2011.11.23 01:18:35.290,1.56333,1.56356,1.50,1.88
2011.11.23 01:18:36.448,1.56333,1.56357,3.53,2.44
2011.11.23 01:18:36.931,1.56337,1.56359,1.50,3.94
2011.11.23 01:18:37.419,1.56341,1.5636,1.05,1.69
2011.11.23 01:18:38.007,1.56341,1.56361,1.05,1.50
2011.11.23 01:18:38.597,1.56341,1.56363,1.05,1.69
2011.11.23 01:18:38.959,1.56341,1.56364,1.05,1.13
2011.11.23 01:18:39.675,1.56341,1.56365,1.80,2.25
2011.11.23 01:18:39.809,1.56345,1.56369,1.09,1.88
2011.11.23 01:18:40.408,1.56345,1.56369,1.09,1.88
2011.11.23 01:18:41.000,1.56345,1.56369,1.09,1.88
2011.11.23 01:18:41.246,1.56345,1.56366,1.09,1.92
2011.11.23 01:18:41.375,1.56345,1.56362,1.09,1.69
2011.11.23 01:18:41.623,1.56342,1.5636,1.50,1.13
2011.11.23 01:18:41.878,1.56347,1.56362,1.50,1.50
2011.11.23 01:18:42.122,1.56347,1.56364,1.50,1.13
2011.11.23 01:18:42.252,1.56352,1.56373,2.25,1.66
2011.11.23 01:18:42.768,1.56357,1.56381,1.80,1.50
2011.11.23 01:18:42.890,1.56357,1.56383,1.80,1.13
2011.11.23 01:18:43.846,1.56357,1.56383,1.50,1.88
2011.11.23 01:18:44.331,1.56357,1.56381,1.50,2.07
2011.11.23 01:18:44.581,1.56353,1.56375,1.84,1.13
2011.11.23 01:18:44.713,1.56352,1.56375,1.05,2.44
2011.11.23 01:18:44.840,1.56352,1.56374,1.05,1.13
2011.11.23 01:18:44.957,1.56347,1.56372,1.50,1.50
2011.11.23 01:18:45.558,1.56347,1.56371,1.50,1.50
2011.11.23 01:18:46.413,1.56347,1.56374,1.50,1.13
2011.11.23 01:18:46.539,1.56347,1.56375,1.50,1.50
2011.11.23 01:18:46.900,1.56348,1.56376,1.32,1.69
2011.11.23 01:18:47.759,1.56349,1.56377,2.44,3.00
2011.11.23 01:18:48.002,1.56349,1.56377,2.44,2.25
2011.11.23 01:18:48.493,1.56352,1.56379,1.69,1.32
2011.11.23 01:18:49.145,1.56357,1.56382,1.50,2.63
2011.11.23 01:18:49.528,1.56362,1.56388,1.50,1.88
2011.11.23 01:18:49.770,1.56361,1.56386,1.50,1.99
2011.11.23 01:18:50.140,1.56362,1.56386,1.50,1.80
2011.11.23 01:18:50.622,1.56362,1.56386,1.50,1.50
2011.11.23 01:18:51.230,1.56362,1.56385,1.50,1.50
2011.11.23 01:18:52.143,1.5636,1.56385,1.65,1.50
2011.11.23 01:18:52.757,1.5636,1.56385,1.65,2.63
2011.11.23 01:18:53.312,1.5636,1.56385,1.65,2.63
2011.11.23 01:18:53.919,1.5636,1.56385,1.65,2.63
2011.11.23 01:18:54.280,1.5636,1.56385,1.05,2.63
2011.11.23 01:18:54.640,1.5636,1.56385,1.05,2.63
2011.11.23 01:18:57.149,1.5636,1.56385,1.05,2.25
2011.11.23 01:18:58.987,1.5636,1.56385,1.05,1.50
2011.11.23 01:18:59.885,1.56363,1.56387,1.05,1.88
2011.11.23 01:19:00.616,1.56359,1.56385,1.35,1.50
2011.11.23 01:19:00.860,1.56359,1.56385,1.35,3.38
2011.11.23 01:19:02.586,1.56359,1.56385,1.35,3.38
2011.11.23 01:19:03.661,1.56362,1.56385,1.50,1.50
2011.11.23 01:19:03.788,1.56362,1.56385,2.25,1.50
2011.11.23 01:19:06.152,1.56364,1.56388,1.73,1.50
2011.11.23 01:19:06.284,1.56365,1.5639,1.50,3.00
2011.11.23 01:19:06.531,1.56366,1.5639,1.50,3.00
2011.11.23 01:19:07.105,1.56362,1.56388,2.59,1.88
2011.11.23 01:19:07.698,1.56362,1.56387,2.59,1.50
2011.11.23 01:19:08.538,1.56362,1.5639,2.25,4.13
2011.11.23 01:19:10.453,1.56371,1.5639,1.50,3.57
2011.11.23 01:19:10.927,1.56374,1.5639,1.05,1.32
2011.11.23 01:19:11.065,1.56374,1.56392,1.35,1.13
2011.11.23 01:19:11.310,1.56375,1.5639,1.05,1.50
2011.11.23 01:19:11.549,1.56367,1.5639,2.25,1.50
2011.11.23 01:19:12.275,1.56365,1.5639,1.05,1.50
2011.11.23 01:19:12.879,1.56364,1.5639,1.35,1.50
2011.11.23 01:19:14.319,1.56364,1.5639,1.35,1.50
2011.11.23 01:19:14.587,1.56364,1.56389,1.35,1.50
2011.11.23 01:19:15.187,1.56364,1.5639,1.35,2.25
2011.11.23 01:19:16.028,1.56364,1.56389,1.35,1.50
2011.11.23 01:19:16.898,1.56365,1.56389,1.28,1.13
2011.11.23 01:19:17.033,1.56364,1.56388,1.35,1.50
2011.11.23 01:19:17.645,1.56364,1.56387,1.35,1.50
2011.11.23 01:19:18.129,1.56364,1.56388,1.35,1.88
2011.11.23 01:19:18.885,1.56364,1.56388,1.35,1.88
2011.11.23 01:19:19.518,1.56364,1.56388,1.35,1.88
2011.11.23 01:19:20.105,1.56364,1.56388,1.35,1.88
2011.11.23 01:19:21.159,1.56364,1.56388,1.35,1.88
2011.11.23 01:19:21.761,1.56364,1.5639,1.35,3.38
2011.11.23 01:19:22.254,1.56364,1.5639,1.73,1.69
2011.11.23 01:19:22.879,1.56374,1.56397,1.05,1.32
2011.11.23 01:19:23.250,1.56374,1.56399,1.35,1.13
2011.11.23 01:19:23.369,1.56374,1.564,1.35,1.32
2011.11.23 01:19:29.040,1.56374,1.56399,1.35,2.07
2011.11.23 01:19:29.983,1.56374,1.56394,1.35,1.13
2011.11.23 01:19:30.562,1.56374,1.56389,1.05,1.13
2011.11.23 01:19:30.698,1.56365,1.56389,1.05,1.32
2011.11.23 01:19:30.819,1.56365,1.56389,1.05,1.32
2011.11.23 01:19:31.417,1.56365,1.56389,1.05,2.07
2011.11.23 01:19:32.022,1.56365,1.56389,1.05,1.32
2011.11.23 01:19:32.153,1.56365,1.56389,1.05,2.07
2011.11.23 01:19:32.757,1.56365,1.56388,1.05,2.07
2011.11.23 01:19:34.189,1.56365,1.56389,1.05,2.07
2011.11.23 01:19:34.776,1.56365,1.56389,1.05,2.07
2011.11.23 01:19:35.298,1.56365,1.56389,1.05,2.07
2011.11.23 01:19:36.651,1.56365,1.56389,1.05,2.07
2011.11.23 01:19:37.441,1.56365,1.56389,1.05,2.07
2011.11.23 01:19:37.872,1.56365,1.56388,1.05,1.69
2011.11.23 01:19:38.467,1.56365,1.56388,1.05,2.07
2011.11.23 01:19:39.934,1.56365,1.56384,1.05,1.50
2011.11.23 01:19:40.060,1.56365,1.56384,1.05,3.00
2011.11.23 01:19:40.306,1.56365,1.56383,1.05,1.50
2011.11.23 01:19:40.548,1.56365,1.56382,1.05,1.88
2011.11.23 01:19:41.148,1.56361,1.5638,1.05,1.13
2011.11.23 01:19:42.190,1.56361,1.56381,1.05,2.82
2011.11.23 01:19:42.838,1.56361,1.5638,1.05,1.13
2011.11.23 01:19:43.360,1.56361,1.56379,1.05,1.13
2011.11.23 01:19:43.949,1.56361,1.5638,1.05,1.13
2011.11.23 01:19:44.550,1.56361,1.56379,1.05,1.13
2011.11.23 01:19:45.223,1.56361,1.5638,1.05,1.50
2011.11.23 01:19:45.987,1.56361,1.56379,1.05,1.88
2011.11.23 01:19:46.617,1.56361,1.5638,1.05,1.50
2011.11.23 01:19:48.718,1.56361,1.56379,1.05,1.13
2011.11.23 01:19:51.627,1.56361,1.5638,1.05,1.13
2011.11.23 01:19:52.214,1.56361,1.56379,1.05,1.13
2011.11.23 01:19:53.266,1.56361,1.56379,1.05,1.13
2011.11.23 01:19:53.858,1.56361,1.5638,1.05,1.50
2011.11.23 01:19:54.641,1.56361,1.56379,1.05,1.13
2011.11.23 01:19:55.140,1.56361,1.56379,1.05,1.88
2011.11.23 01:19:55.848,1.56359,1.56379,1.35,1.88
2011.11.23 01:19:56.437,1.56359,1.56379,1.35,1.13
2011.11.23 01:19:59.790,1.56359,1.56376,1.35,1.13
2011.11.23 01:20:00.028,1.56353,1.5637,1.05,1.13
2011.11.23 01:20:00.271,1.56346,1.56369,2.14,1.32
2011.11.23 01:20:00.520,1.56346,1.56369,1.84,1.32
2011.11.23 01:20:01.598,1.56341,1.56369,1.69,2.82
2011.11.23 01:20:02.445,1.56341,1.56368,1.50,1.13
2011.11.23 01:20:03.049,1.56341,1.56368,1.50,1.13
2011.11.23 01:20:04.256,1.56341,1.56368,1.50,1.13
2011.11.23 01:20:04.626,1.56337,1.56362,1.13,2.25
2011.11.23 01:20:05.006,1.5633,1.56349,1.13,1.13
2011.11.23 01:20:05.585,1.56325,1.56345,1.13,1.50
2011.11.23 01:20:06.190,1.56319,1.56344,1.69,1.50
2011.11.23 01:20:06.791,1.56325,1.56349,1.50,1.69
2011.11.23 01:20:07.159,1.56327,1.56351,1.50,1.50
2011.11.23 01:20:07.280,1.56327,1.56353,2.63,1.69
2011.11.23 01:20:07.758,1.56331,1.56355,1.50,1.32
2011.11.23 01:20:08.369,1.56331,1.56355,1.50,1.32
2011.11.23 01:20:08.947,1.56331,1.56355,3.38,1.32
2011.11.23 01:20:09.537,1.56331,1.56355,2.25,1.32
2011.11.23 01:20:10.615,1.56331,1.56355,2.25,1.32
2011.11.23 01:20:11.675,1.56332,1.56355,1.50,1.32
2011.11.23 01:20:12.610,1.56324,1.56349,1.69,1.13
2011.11.23 01:20:12.733,1.56324,1.56349,1.32,1.88
2011.11.23 01:20:13.214,1.56316,1.56344,1.50,2.25
2011.11.23 01:20:13.580,1.56316,1.56342,1.50,2.82
2011.11.23 01:20:13.702,1.56316,1.56339,1.50,1.13
2011.11.23 01:20:14.429,1.56316,1.56339,1.50,1.32
2011.11.23 01:20:14.794,1.56316,1.56332,3.00,1.50
2011.11.23 01:20:15.159,1.56314,1.5633,2.25,1.50
2011.11.23 01:20:15.757,1.56314,1.5633,2.25,1.50
2011.11.23 01:20:16.789,1.56314,1.5633,2.25,1.50
2011.11.23 01:20:16.908,1.56314,1.5633,2.25,1.50
2011.11.23 01:20:17.268,1.56312,1.56328,2.25,1.50
2011.11.23 01:20:17.868,1.56312,1.56328,2.25,1.50
2011.11.23 01:20:18.477,1.56312,1.56328,2.25,1.50
2011.11.23 01:20:19.078,1.56312,1.56328,2.25,1.50
2011.11.23 01:20:19.203,1.5631,1.56326,2.25,1.50
2011.11.23 01:20:19.561,1.56312,1.56328,2.25,1.50
2011.11.23 01:20:19.702,1.56314,1.5633,1.65,1.50
2011.11.23 01:20:19.831,1.56319,1.56335,2.25,1.50
2011.11.23 01:20:20.343,1.56323,1.56339,2.25,2.25
2011.11.23 01:20:20.482,1.56324,1.5634,2.25,1.50
2011.11.23 01:20:20.970,1.5632,1.56336,2.25,1.50
2011.11.23 01:20:21.327,1.5632,1.56336,2.25,1.50
2011.11.23 01:20:21.929,1.56322,1.56338,2.25,1.50
2011.11.23 01:20:22.518,1.56322,1.56338,2.25,1.50
2011.11.23 01:20:23.678,1.56322,1.56338,2.25,1.50
2011.11.23 01:20:24.320,1.56324,1.5634,2.25,1.50
2011.11.23 01:20:24.443,1.56324,1.5634,2.25,1.50
2011.11.23 01:20:24.807,1.56326,1.56342,2.25,1.50
2011.11.23 01:20:25.388,1.56326,1.56342,2.25,1.50
2011.11.23 01:20:25.986,1.56328,1.56344,2.25,2.44
2011.11.23 01:20:26.565,1.56328,1.56344,2.25,2.25
2011.11.23 01:20:27.387,1.56328,1.56344,2.25,2.25
2011.11.23 01:20:27.966,1.56328,1.56344,2.25,2.25
2011.11.23 01:20:28.963,1.5633,1.56346,2.25,1.88
2011.11.23 01:20:29.103,1.56332,1.56348,2.25,1.50
2011.11.23 01:20:29.228,1.56334,1.5635,2.25,1.50
2011.11.23 01:20:29.351,1.56332,1.56348,2.25,1.50
2011.11.23 01:20:29.957,1.56332,1.56348,2.25,1.50
2011.11.23 01:20:30.561,1.56332,1.56348,2.25,1.50
2011.11.23 01:20:30.921,1.56332,1.56348,2.25,1.50
2011.11.23 01:20:31.836,1.56332,1.56348,2.25,1.50
2011.11.23 01:20:32.736,1.56332,1.56348,2.25,1.50
2011.11.23 01:20:33.386,1.56334,1.5635,2.25,1.50
2011.11.23 01:20:34.675,1.56331,1.56347,3.00,1.50
2011.11.23 01:20:35.273,1.56331,1.56347,3.00,1.50
2011.11.23 01:20:36.906,1.56331,1.56347,3.00,1.50
2011.11.23 01:20:37.511,1.56333,1.56349,2.25,1.50
2011.11.23 01:20:37.641,1.56335,1.56351,2.25,1.50
2011.11.23 01:20:37.876,1.56335,1.56351,2.25,1.50
2011.11.23 01:20:38.116,1.56333,1.56349,2.25,1.50
2011.11.23 01:20:41.036,1.56335,1.56351,2.25,1.50
2011.11.23 01:20:41.857,1.56335,1.56351,2.25,1.50
2011.11.23 01:20:42.808,1.56335,1.56359,3.00,2.44
2011.11.23 01:20:43.060,1.56339,1.56355,2.25,1.50
2011.11.23 01:20:43.658,1.56341,1.56357,2.25,1.50
2011.11.23 01:20:44.023,1.56343,1.56359,2.25,1.50
2011.11.23 01:20:44.455,1.56343,1.56359,2.25,1.50
2011.11.23 01:20:46.518,1.56343,1.56359,2.25,1.50
2011.11.23 01:20:47.590,1.56341,1.56357,2.25,1.50
2011.11.23 01:20:47.948,1.56336,1.56352,2.25,1.50
2011.11.23 01:20:48.068,1.56334,1.5635,2.25,1.50
2011.11.23 01:20:48.478,1.56334,1.56347,2.25,2.25
2011.11.23 01:20:48.616,1.56326,1.56342,2.25,1.50
2011.11.23 01:20:48.859,1.56326,1.56342,2.25,1.50
2011.11.23 01:20:49.584,1.56324,1.5634,2.25,1.50
2011.11.23 01:20:50.073,1.56326,1.56342,2.25,1.50
2011.11.23 01:20:50.680,1.56326,1.56342,2.25,1.50
2011.11.23 01:20:50.802,1.56326,1.56342,2.25,1.50
2011.11.23 01:20:50.933,1.56328,1.56344,2.25,1.50
2011.11.23 01:20:52.907,1.56328,1.56344,2.25,1.50
2011.11.23 01:20:54.300,1.56332,1.56348,2.25,1.50
2011.11.23 01:20:55.139,1.56332,1.56348,2.25,1.50
2011.11.23 01:20:55.502,1.56334,1.5635,2.25,1.50
2011.11.23 01:20:56.401,1.56334,1.5635,2.25,1.50
2011.11.23 01:20:58.237,1.56332,1.56348,2.25,1.50
2011.11.23 01:20:59.036,1.56332,1.56348,2.25,1.50
2011.11.23 01:20:59.595,1.56332,1.56348,2.25,1.50
2011.11.23 01:21:02.019,1.56332,1.56348,2.25,1.50
2011.11.23 01:21:02.478,1.56334,1.5635,2.25,1.50
2011.11.23 01:21:02.597,1.56334,1.5635,2.48,1.50
2011.11.23 01:21:02.939,1.56334,1.5635,2.48,1.50
2011.11.23 01:21:03.937,1.56337,1.56353,2.25,1.50
2011.11.23 01:21:04.058,1.56337,1.56353,2.25,1.50
2011.11.23 01:21:04.183,1.56339,1.56355,2.25,1.50
2011.11.23 01:21:04.548,1.56337,1.56353,2.25,1.50
2011.11.23 01:21:04.792,1.56339,1.56355,2.25,1.50
2011.11.23 01:21:05.586,1.56339,1.56355,2.25,1.50
2011.11.23 01:21:07.442,1.56339,1.56355,2.25,1.50
2011.11.23 01:21:15.468,1.56339,1.56355,2.25,1.50
2011.11.23 01:21:15.929,1.56341,1.56357,2.25,1.50
2011.11.23 01:21:16.529,1.56339,1.56355,2.25,1.69
2011.11.23 01:21:16.890,1.5633,1.56346,2.25,1.69
2011.11.23 01:21:17.255,1.56326,1.56341,1.50,1.50
2011.11.23 01:21:17.864,1.56325,1.56341,2.25,1.50
2011.11.23 01:21:18.113,1.56325,1.56341,2.25,1.50
2011.11.23 01:21:18.598,1.56323,1.56339,2.25,1.50
2011.11.23 01:21:18.968,1.56319,1.56335,2.25,1.50
2011.11.23 01:21:19.797,1.56319,1.56335,2.25,1.50
2011.11.23 01:21:20.398,1.56319,1.56335,2.25,1.50
2011.11.23 01:21:20.521,1.56319,1.56335,2.25,1.69
2011.11.23 01:21:20.655,1.56319,1.56335,1.50,2.44
2011.11.23 01:21:21.129,1.56313,1.56329,2.25,1.50
2011.11.23 01:21:21.488,1.56313,1.56329,2.25,1.50
2011.11.23 01:21:21.969,1.56313,1.56329,2.25,1.50
2011.11.23 01:21:22.089,1.56313,1.56329,2.25,1.50
2011.11.23 01:21:22.912,1.56313,1.56329,2.25,1.50
2011.11.23 01:21:23.042,1.56313,1.56329,2.25,1.50
2011.11.23 01:21:23.503,1.56309,1.56325,2.63,1.50
2011.11.23 01:21:23.884,1.56295,1.56309,1.13,1.50
2011.11.23 01:21:24.017,1.56295,1.56309,1.13,1.50
2011.11.23 01:21:24.266,1.56291,1.56307,2.25,1.50
2011.11.23 01:21:24.389,1.56293,1.56309,2.25,1.50
2011.11.23 01:21:24.510,1.56293,1.56309,2.25,1.50
2011.11.23 01:21:24.990,1.56293,1.56309,2.25,1.50
2011.11.23 01:21:25.349,1.56293,1.56309,2.25,1.50
2011.11.23 01:21:26.121,1.56293,1.56309,2.25,1.50
2011.11.23 01:21:26.264,1.56287,1.56303,2.25,1.69
2011.11.23 01:21:26.870,1.56287,1.56303,1.50,2.44
2011.11.23 01:21:28.408,1.56285,1.56301,2.25,1.50
2011.11.23 01:21:29.010,1.56285,1.56301,2.25,1.50
2011.11.23 01:21:29.926,1.56285,1.56301,2.25,1.50
2011.11.23 01:21:34.287,1.56285,1.56301,2.25,1.50
2011.11.23 01:21:35.305,1.56285,1.56301,2.25,1.50
2011.11.23 01:21:35.905,1.56285,1.56301,2.25,1.50
2011.11.23 01:21:36.706,1.56285,1.56301,2.25,1.50
2011.11.23 01:21:37.411,1.56285,1.56301,2.25,1.50
2011.11.23 01:21:37.640,1.56287,1.56303,2.25,1.50
2011.11.23 01:21:38.118,1.56287,1.56303,2.25,1.50
2011.11.23 01:21:38.241,1.5629,1.56306,2.25,1.50
2011.11.23 01:21:38.370,1.56292,1.56308,2.25,1.50
2011.11.23 01:21:38.955,1.56292,1.56308,2.25,1.50
2011.11.23 01:21:39.778,1.56292,1.56308,2.25,1.50
2011.11.23 01:21:40.397,1.56292,1.56308,2.25,1.50
2011.11.23 01:21:41.708,1.56292,1.56308,2.25,1.50
2011.11.23 01:21:42.307,1.56292,1.56308,2.25,1.50
2011.11.23 01:21:42.886,1.56292,1.56308,2.25,1.50
2011.11.23 01:21:44.578,1.56292,1.56308,2.25,1.50
2011.11.23 01:21:45.527,1.56292,1.56308,2.25,1.50
2011.11.23 01:21:46.030,1.56292,1.56308,2.25,1.50
2011.11.23 01:21:46.596,1.56292,1.56308,2.25,1.50
2011.11.23 01:21:47.541,1.56292,1.56308,2.25,1.50
2011.11.23 01:21:48.670,1.56294,1.5631,2.25,1.50
2011.11.23 01:21:49.386,1.56294,1.5631,2.25,1.50
2011.11.23 01:21:50.117,1.56294,1.5631,2.25,1.50
2011.11.23 01:21:50.695,1.56294,1.5631,2.25,1.50
2011.11.23 01:21:53.082,1.56292,1.56308,2.25,1.50
2011.11.23 01:21:55.195,1.56292,1.56308,2.25,1.50
2011.11.23 01:21:55.556,1.56294,1.5631,2.25,1.50
2011.11.23 01:21:55.896,1.56291,1.56307,3.75,1.88
2011.11.23 01:21:56.501,1.56291,1.56307,3.75,1.88
2011.11.23 01:21:57.959,1.56291,1.56307,3.75,1.88
2011.11.23 01:21:58.323,1.56296,1.56309,1.88,1.88
2011.11.23 01:21:58.693,1.56302,1.56314,1.50,1.50
2011.11.23 01:21:59.067,1.56302,1.56316,1.50,1.50
2011.11.23 01:21:59.670,1.56302,1.56316,1.50,1.50
2011.11.23 01:22:01.778,1.56302,1.56316,1.50,1.69
2011.11.23 01:22:02.370,1.563,1.56316,2.63,1.69
2011.11.23 01:22:02.611,1.563,1.56316,2.25,1.88
2011.11.23 01:22:02.980,1.56297,1.56311,1.50,1.50
2011.11.23 01:22:03.339,1.56297,1.56311,1.50,1.69
2011.11.23 01:22:04.169,1.56297,1.56311,1.50,1.69
2011.11.23 01:22:04.807,1.56297,1.56311,1.50,1.69
2011.11.23 01:22:05.368,1.56297,1.56313,3.00,1.69
2011.11.23 01:22:05.488,1.56297,1.56313,3.00,1.69
2011.11.23 01:22:06.417,1.56299,1.56315,2.25,1.69
2011.11.23 01:22:09.796,1.56299,1.56315,2.25,1.69
2011.11.23 01:22:10.260,1.56297,1.56312,1.50,1.69
2011.11.23 01:22:10.382,1.56297,1.56312,1.50,1.69
2011.11.23 01:22:10.962,1.56298,1.56314,3.38,1.88
2011.11.23 01:22:11.564,1.56298,1.56314,1.50,2.25
2011.11.23 01:22:11.809,1.56297,1.56311,1.50,1.69
2011.11.23 01:22:12.408,1.56295,1.56311,2.25,1.69
2011.11.23 01:22:14.598,1.56297,1.56313,2.25,1.88
2011.11.23 01:22:17.800,1.56297,1.56313,3.00,1.88
2011.11.23 01:22:18.164,1.56302,1.56318,2.25,2.25
2011.11.23 01:22:18.291,1.56304,1.5632,2.25,2.25
2011.11.23 01:22:18.831,1.56304,1.5632,2.25,2.25
2011.11.23 01:22:18.962,1.56304,1.5632,2.25,1.69
2011.11.23 01:22:19.209,1.56308,1.56324,2.25,1.50
2011.11.23 01:22:19.448,1.5631,1.56326,2.25,1.50
2011.11.23 01:22:20.048,1.5631,1.56326,2.25,1.50
2011.11.23 01:22:21.280,1.5631,1.56326,2.25,1.50
2011.11.23 01:22:22.135,1.5631,1.56326,2.25,1.50
2011.11.23 01:22:22.730,1.56308,1.56324,2.25,1.50
2011.11.23 01:22:23.087,1.56308,1.56324,2.25,1.50
2011.11.23 01:22:23.697,1.56308,1.56324,2.25,2.59
2011.11.23 01:22:23.819,1.56308,1.56323,2.25,1.05
2011.11.23 01:22:24.184,1.56302,1.56316,1.50,1.50
2011.11.23 01:22:24.550,1.56306,1.56322,2.25,1.50
2011.11.23 01:22:25.131,1.56306,1.56322,2.25,1.50
2011.11.23 01:22:25.253,1.56306,1.56322,2.25,1.50
2011.11.23 01:22:25.505,1.56308,1.56324,2.25,1.69
2011.11.23 01:22:25.636,1.56313,1.56329,2.25,2.25
2011.11.23 01:22:25.767,1.56315,1.56331,2.25,1.80
2011.11.23 01:22:25.892,1.56315,1.56339,1.13,1.32
2011.11.23 01:22:26.139,1.56315,1.56339,1.13,1.32
2011.11.23 01:22:29.792,1.56316,1.5634,1.13,4.09
2011.11.23 01:22:29.921,1.56316,1.5634,2.63,1.84
2011.11.23 01:22:30.530,1.56317,1.56342,3.00,1.24
2011.11.23 01:22:31.127,1.56317,1.56342,3.00,1.24
2011.11.23 01:22:31.896,1.56317,1.56342,3.00,1.24
2011.11.23 01:22:33.772,1.56317,1.56342,3.00,1.24
2011.11.23 01:22:36.501,1.5632,1.56343,1.13,1.39
2011.11.23 01:22:37.019,1.56321,1.56343,2.25,1.20
2011.11.23 01:22:37.266,1.56322,1.56343,1.69,1.20
2011.11.23 01:22:37.393,1.56322,1.56345,1.69,1.65
2011.11.23 01:22:37.521,1.56321,1.56344,1.69,1.43
2011.11.23 01:22:37.769,1.56317,1.56342,3.57,1.69
2011.11.23 01:22:38.128,1.56323,1.56345,1.50,1.13
2011.11.23 01:22:38.251,1.56327,1.56347,2.25,1.54
2011.11.23 01:22:38.613,1.56327,1.56349,2.25,1.73
2011.11.23 01:22:38.738,1.56327,1.56349,2.25,1.35
2011.11.23 01:22:39.461,1.56327,1.56349,2.25,1.35
2011.11.23 01:22:40.472,1.56332,1.56351,1.50,1.54
2011.11.23 01:22:40.598,1.56332,1.56353,1.50,1.13
2011.11.23 01:22:41.083,1.56332,1.56356,1.50,2.44
2011.11.23 01:22:41.689,1.56334,1.56357,2.25,1.28
2011.11.23 01:22:42.278,1.56333,1.56357,1.50,1.28
2011.11.23 01:22:43.074,1.56332,1.56358,2.25,2.74
2011.11.23 01:22:44.476,1.56334,1.56359,2.25,2.22
2011.11.23 01:22:45.177,1.56334,1.56359,2.25,2.97
2011.11.23 01:22:45.898,1.56334,1.56359,2.25,2.22
2011.11.23 01:22:46.667,1.56337,1.5636,1.50,2.44
2011.11.23 01:22:47.148,1.56345,1.56361,2.25,2.44
2011.11.23 01:22:47.628,1.56345,1.56361,2.25,2.25
2011.11.23 01:22:47.990,1.56347,1.56363,2.25,2.25
2011.11.23 01:22:48.349,1.56345,1.5636,2.25,1.88
2011.11.23 01:22:48.469,1.56338,1.56354,2.25,1.50
2011.11.23 01:22:48.589,1.56338,1.56354,2.25,1.50
2011.11.23 01:22:48.709,1.56336,1.56352,2.25,1.50
2011.11.23 01:22:49.188,1.56338,1.56354,2.25,1.50
2011.11.23 01:22:54.309,1.56338,1.56354,2.25,1.50
2011.11.23 01:22:56.388,1.56336,1.56352,2.25,1.50
2011.11.23 01:22:56.628,1.56336,1.56352,1.50,3.75
2011.11.23 01:22:56.748,1.56334,1.5635,1.50,2.44
2011.11.23 01:22:56.870,1.56327,1.56343,3.00,1.50
2011.11.23 01:22:57.467,1.56327,1.56343,2.25,1.50
2011.11.23 01:22:59.640,1.56327,1.56343,2.25,1.50
2011.11.23 01:23:00.327,1.56327,1.56343,2.25,1.50
2011.11.23 01:23:00.787,1.56325,1.56341,2.25,1.50
2011.11.23 01:23:04.068,1.56325,1.56341,2.25,1.50
2011.11.23 01:23:05.070,1.56327,1.56343,2.25,1.50
2011.11.23 01:23:05.636,1.56327,1.56343,2.25,1.50
2011.11.23 01:23:06.038,1.56327,1.56343,2.25,1.50
2011.11.23 01:23:06.587,1.56327,1.56343,2.25,1.50
2011.11.23 01:23:10.376,1.56327,1.56343,2.25,1.50
2011.11.23 01:23:11.046,1.56327,1.56343,2.25,1.50
2011.11.23 01:23:11.606,1.56327,1.56343,2.25,1.50
2011.11.23 01:23:12.197,1.56327,1.56343,2.25,1.50
2011.11.23 01:23:12.798,1.56327,1.56343,2.25,1.50
2011.11.23 01:23:13.627,1.56327,1.56343,2.25,1.50
2011.11.23 01:23:14.387,1.56327,1.56343,2.25,1.50
2011.11.23 01:23:15.157,1.56327,1.56343,2.25,1.50
2011.11.23 01:23:16.076,1.56327,1.56343,2.25,1.50
2011.11.23 01:23:16.844,1.56327,1.56343,2.25,1.50
2011.11.23 01:23:17.632,1.56327,1.56343,2.25,1.50
2011.11.23 01:23:19.347,1.56329,1.56345,2.25,1.50
2011.11.23 01:23:23.455,1.56326,1.56342,2.25,1.50
2011.11.23 01:23:23.810,1.56326,1.56342,2.25,1.50
2011.11.23 01:23:24.394,1.56326,1.56342,2.25,1.50
2011.11.23 01:23:26.329,1.56326,1.56342,2.25,1.50
2011.11.23 01:23:26.899,1.56326,1.56342,2.25,1.50
2011.11.23 01:23:34.366,1.56328,1.56344,2.25,1.50
2011.11.23 01:23:38.108,1.56328,1.56344,2.25,1.50
2011.11.23 01:23:38.685,1.56328,1.56344,2.25,1.50
2011.11.23 01:23:39.245,1.56328,1.56344,2.25,1.50
2011.11.23 01:23:39.916,1.56328,1.56344,2.25,1.50
2011.11.23 01:23:40.927,1.56328,1.56344,2.25,1.50
2011.11.23 01:23:41.485,1.56328,1.56344,2.25,1.50
2011.11.23 01:23:42.045,1.56328,1.56344,2.25,1.50
2011.11.23 01:23:42.837,1.56328,1.56344,2.25,1.50
2011.11.23 01:23:43.724,1.56328,1.56344,2.25,1.50
2011.11.23 01:23:44.315,1.56328,1.56344,2.25,1.50
2011.11.23 01:23:44.952,1.56328,1.56344,2.25,1.50
2011.11.23 01:23:45.646,1.56328,1.56344,2.25,1.50
2011.11.23 01:23:46.205,1.56328,1.56344,2.25,1.50
2011.11.23 01:23:46.776,1.56328,1.56344,2.25,1.50
2011.11.23 01:23:47.336,1.56328,1.56344,2.25,1.50
2011.11.23 01:23:47.811,1.56332,1.56344,1.50,1.50
2011.11.23 01:23:48.063,1.56337,1.5635,1.50,1.50
2011.11.23 01:23:48.192,1.56337,1.56353,3.00,1.50
2011.11.23 01:23:48.678,1.56337,1.56353,3.00,1.50
2011.11.23 01:23:49.268,1.56337,1.56353,3.00,1.50
2011.11.23 01:23:50.244,1.5634,1.56356,2.25,1.50
2011.11.23 01:23:50.493,1.5634,1.56356,2.25,1.50
2011.11.23 01:23:50.863,1.56343,1.56359,2.25,1.69
2011.11.23 01:23:51.460,1.56343,1.56359,2.25,1.50
2011.11.23 01:23:52.069,1.56344,1.56359,1.05,1.50
2011.11.23 01:23:52.192,1.56346,1.56362,2.44,1.50
2011.11.23 01:23:52.758,1.56351,1.56367,2.25,1.50
2011.11.23 01:23:53.360,1.56351,1.56367,2.25,1.50
2011.11.23 01:23:53.601,1.56351,1.56367,2.25,1.50
2011.11.23 01:23:54.187,1.56351,1.56367,2.25,1.50
2011.11.23 01:23:54.569,1.56353,1.56369,2.25,1.50
2011.11.23 01:23:55.407,1.56351,1.56367,2.25,1.50
2011.11.23 01:23:55.940,1.56351,1.56367,2.25,1.50
2011.11.23 01:23:56.665,1.56351,1.56367,2.25,1.50
2011.11.23 01:23:56.787,1.56351,1.56367,2.25,1.50
2011.11.23 01:23:57.383,1.56351,1.56367,2.25,1.50
2011.11.23 01:23:59.869,1.56356,1.56372,1.50,3.00
2011.11.23 01:24:01.023,1.56358,1.56374,1.50,3.00
2011.11.23 01:24:01.627,1.56358,1.56374,1.50,3.00
2011.11.23 01:24:02.220,1.56358,1.56374,2.25,2.25
2011.11.23 01:24:02.797,1.56358,1.56374,2.25,2.25
2011.11.23 01:24:05.631,1.56356,1.56372,2.25,1.50
2011.11.23 01:24:05.979,1.56354,1.5637,2.25,1.50
2011.11.23 01:24:06.221,1.56347,1.56363,3.00,1.50
2011.11.23 01:24:06.349,1.56347,1.56361,1.50,1.50
2011.11.23 01:24:06.831,1.5635,1.56366,2.25,1.50
2011.11.23 01:24:07.199,1.5635,1.56366,2.25,1.50
2011.11.23 01:24:07.711,1.5635,1.56366,2.25,1.50
2011.11.23 01:24:08.308,1.5635,1.56366,2.25,1.50
2011.11.23 01:24:08.657,1.56354,1.5637,2.25,1.50
2011.11.23 01:24:09.018,1.56354,1.5637,2.25,1.50
2011.11.23 01:24:09.998,1.56354,1.5637,2.25,1.50
2011.11.23 01:24:11.411,1.56354,1.5637,2.25,1.50
2011.11.23 01:24:11.997,1.56354,1.5637,2.25,1.50
2011.11.23 01:24:12.727,1.56356,1.56372,2.25,1.50
2011.11.23 01:24:15.486,1.56356,1.56372,2.25,1.50
2011.11.23 01:24:21.721,1.56356,1.56372,2.25,1.50
2011.11.23 01:24:22.448,1.56361,1.56375,1.50,1.50
2011.11.23 01:24:22.819,1.5637,1.56386,1.50,2.44
2011.11.23 01:24:23.300,1.56372,1.56388,2.25,1.50
2011.11.23 01:24:23.850,1.56372,1.56388,2.25,1.50
2011.11.23 01:24:24.468,1.56372,1.56388,2.25,1.50
2011.11.23 01:24:24.587,1.56374,1.5639,2.25,1.50
2011.11.23 01:24:25.147,1.56374,1.5639,2.25,1.50
2011.11.23 01:24:25.497,1.56372,1.56388,2.25,1.50
2011.11.23 01:24:26.086,1.56372,1.56388,2.25,1.50
2011.11.23 01:24:26.637,1.5637,1.56388,2.25,1.50
2011.11.23 01:24:27.206,1.56372,1.56388,2.25,1.50
2011.11.23 01:24:27.789,1.56367,1.56382,1.50,1.50
2011.11.23 01:24:28.030,1.56366,1.56382,2.44,1.50
2011.11.23 01:24:28.628,1.56366,1.56382,2.25,1.50
2011.11.23 01:24:29.146,1.56366,1.56382,2.25,1.50
2011.11.23 01:24:29.634,1.56368,1.56384,1.50,2.25
2011.11.23 01:24:29.771,1.56366,1.56382,2.25,2.25
2011.11.23 01:24:30.023,1.56362,1.56378,1.50,2.25
2011.11.23 01:24:30.153,1.56358,1.56374,2.25,1.50
2011.11.23 01:24:30.520,1.56358,1.56374,2.25,1.50
2011.11.23 01:24:30.880,1.56356,1.56372,2.25,1.50
2011.11.23 01:24:31.469,1.56358,1.56374,2.25,1.50
2011.11.23 01:24:32.514,1.56356,1.56372,2.25,1.50
2011.11.23 01:24:33.219,1.56356,1.56372,2.25,1.50
2011.11.23 01:24:33.937,1.56356,1.56372,2.25,1.50
2011.11.23 01:24:34.527,1.56356,1.56372,2.25,1.50
2011.11.23 01:24:35.137,1.56356,1.56372,2.25,1.50
2011.11.23 01:24:35.727,1.56356,1.56372,2.25,1.50
2011.11.23 01:24:37.177,1.56356,1.56372,2.25,1.50
2011.11.23 01:24:37.893,1.56356,1.56372,2.25,1.50
2011.11.23 01:24:38.696,1.56356,1.56372,2.25,1.50
2011.11.23 01:24:40.175,1.56356,1.56372,2.25,1.50
2011.11.23 01:24:40.884,1.56356,1.56372,2.25,1.50
2011.11.23 01:24:43.208,1.56356,1.56372,2.25,1.50
2011.11.23 01:24:43.787,1.56356,1.56372,2.25,1.50
2011.11.23 01:24:47.574,1.56354,1.5637,2.25,1.50
2011.11.23 01:24:47.943,1.56352,1.56368,3.00,1.50
2011.11.23 01:24:48.718,1.56352,1.56368,3.00,1.50
2011.11.23 01:24:49.487,1.56352,1.56368,3.00,1.50
2011.11.23 01:24:51.100,1.56352,1.56368,3.00,1.50
2011.11.23 01:24:51.704,1.56352,1.56368,3.00,1.50
2011.11.23 01:24:52.800,1.56355,1.56371,2.25,1.50
2011.11.23 01:24:53.517,1.56355,1.56371,2.25,1.50
2011.11.23 01:24:53.759,1.56355,1.56371,2.25,1.50
2011.11.23 01:24:53.988,1.56355,1.56371,2.25,1.88
2011.11.23 01:24:54.478,1.5635,1.56366,2.25,1.50
2011.11.23 01:24:54.603,1.5635,1.56366,2.25,1.50
2011.11.23 01:24:54.838,1.56347,1.56363,2.25,1.50
2011.11.23 01:24:54.958,1.56347,1.56363,2.25,1.50
2011.11.23 01:24:56.270,1.56345,1.56361,2.25,1.50
2011.11.23 01:24:56.394,1.56345,1.56359,1.50,1.13
2011.11.23 01:24:56.525,1.56343,1.56359,2.25,2.82
2011.11.23 01:24:56.650,1.56337,1.56353,2.25,1.50
2011.11.23 01:24:57.197,1.56337,1.56353,2.25,1.50
2011.11.23 01:24:57.342,1.56332,1.56348,2.25,1.50
2011.11.23 01:24:57.593,1.56332,1.56348,2.25,2.25
2011.11.23 01:24:57.961,1.56334,1.5635,2.25,1.50
2011.11.23 01:24:58.560,1.56336,1.56352,2.25,1.50
2011.11.23 01:25:02.799,1.56334,1.5635,2.25,1.50
2011.11.23 01:25:03.047,1.56329,1.56345,2.25,1.50
2011.11.23 01:25:03.291,1.56329,1.56345,2.25,1.50
2011.11.23 01:25:03.814,1.56325,1.56341,2.25,1.50
2011.11.23 01:25:03.939,1.56327,1.56343,2.25,1.50
2011.11.23 01:25:06.319,1.56325,1.56341,2.25,1.50
2011.11.23 01:25:07.209,1.56325,1.56341,2.25,1.50
2011.11.23 01:25:07.332,1.56327,1.56343,2.25,1.50
2011.11.23 01:25:07.917,1.56327,1.56343,2.25,1.50
2011.11.23 01:25:15.772,1.56329,1.56345,2.25,1.50
2011.11.23 01:25:16.208,1.56331,1.56347,2.25,1.69
2011.11.23 01:25:16.339,1.56335,1.56351,2.25,1.50
2011.11.23 01:25:16.929,1.56335,1.56351,2.25,1.50
2011.11.23 01:25:17.048,1.56338,1.56354,2.25,1.50
2011.11.23 01:25:19.700,1.56336,1.56352,2.25,1.50
2011.11.23 01:25:20.603,1.56336,1.56352,2.25,1.50
2011.11.23 01:25:20.970,1.56338,1.56354,2.25,1.50
2011.11.23 01:25:21.567,1.56338,1.56354,2.25,1.50
2011.11.23 01:25:22.049,1.56343,1.56359,2.25,1.84
2011.11.23 01:25:22.289,1.56343,1.56359,2.25,1.65
2011.11.23 01:25:22.648,1.56341,1.56357,2.25,1.50
2011.11.23 01:25:23.379,1.56341,1.56357,2.25,1.50
2011.11.23 01:25:24.667,1.56341,1.56357,2.25,1.50
2011.11.23 01:25:24.896,1.56341,1.56357,2.25,1.50
2011.11.23 01:25:25.604,1.56341,1.56357,2.25,1.50
2011.11.23 01:25:26.258,1.56341,1.56357,2.25,1.50
2011.11.23 01:25:26.607,1.56341,1.56357,2.25,1.50
2011.11.23 01:25:27.837,1.56341,1.56357,2.25,1.50
2011.11.23 01:25:28.699,1.56341,1.56357,2.25,1.50
2011.11.23 01:25:29.247,1.56341,1.56357,2.25,1.50
2011.11.23 01:25:29.914,1.56341,1.56357,2.25,1.50
2011.11.23 01:25:31.050,1.56341,1.56357,2.25,1.50
2011.11.23 01:25:31.798,1.56341,1.56357,2.25,1.50
2011.11.23 01:25:32.388,1.56341,1.56357,2.25,1.50
2011.11.23 01:25:33.126,1.56341,1.56357,2.25,1.50
2011.11.23 01:25:34.310,1.56341,1.56357,2.25,1.50
2011.11.23 01:25:34.669,1.56341,1.56357,2.25,1.69
2011.11.23 01:25:34.908,1.56339,1.56355,2.25,1.50
2011.11.23 01:25:35.556,1.56336,1.56352,2.25,1.50
2011.11.23 01:25:36.106,1.56336,1.56352,2.25,1.50
2011.11.23 01:25:36.360,1.56338,1.56354,2.25,1.50
2011.11.23 01:25:37.565,1.56336,1.56352,2.25,1.50
2011.11.23 01:25:38.796,1.56336,1.56352,2.25,1.50
2011.11.23 01:25:39.282,1.56334,1.5635,2.25,1.50
2011.11.23 01:25:39.649,1.56332,1.56348,2.25,1.50
2011.11.23 01:25:39.775,1.5633,1.56346,2.25,1.50
2011.11.23 01:25:40.261,1.56326,1.56342,2.25,1.50
2011.11.23 01:25:40.627,1.56324,1.5634,3.00,1.50
2011.11.23 01:25:47.458,1.56324,1.5634,3.00,1.50
2011.11.23 01:25:48.091,1.56324,1.5634,3.00,1.50
2011.11.23 01:25:48.625,1.56324,1.5634,3.00,1.50
2011.11.23 01:25:49.089,1.56326,1.56342,2.25,1.50
2011.11.23 01:25:50.608,1.56326,1.56342,2.25,1.50
2011.11.23 01:25:51.557,1.56326,1.56342,2.25,1.50
2011.11.23 01:25:52.087,1.56326,1.56342,2.25,1.50
2011.11.23 01:25:53.204,1.56326,1.56342,2.25,1.50
2011.11.23 01:25:54.787,1.56326,1.56342,2.25,1.50
2011.11.23 01:25:55.669,1.56326,1.56342,2.25,1.50
2011.11.23 01:25:56.577,1.56326,1.56342,2.25,1.50
2011.11.23 01:25:57.219,1.56326,1.56342,2.25,1.50
2011.11.23 01:25:57.876,1.56326,1.56342,2.25,1.50
2011.11.23 01:25:58.342,1.56331,1.56344,1.50,1.50
2011.11.23 01:25:58.709,1.56333,1.56349,2.25,1.50
2011.11.23 01:26:02.567,1.56333,1.56349,2.25,1.50
2011.11.23 01:26:03.147,1.56333,1.56349,2.25,1.50
2011.11.23 01:26:04.040,1.56333,1.56349,2.25,1.50
2011.11.23 01:26:04.867,1.56333,1.56349,2.25,1.50
2011.11.23 01:26:05.108,1.56333,1.56349,2.25,1.50
2011.11.23 01:26:05.228,1.56333,1.56349,2.25,1.50
2011.11.23 01:26:07.440,1.56333,1.56349,2.25,1.50
2011.11.23 01:26:08.176,1.56333,1.56349,2.25,1.50
2011.11.23 01:26:09.856,1.56333,1.56349,2.25,1.50
2011.11.23 01:26:10.486,1.56333,1.56349,2.25,1.50
2011.11.23 01:26:11.046,1.56333,1.56349,2.25,1.50
2011.11.23 01:26:17.609,1.56333,1.56349,2.25,1.50
2011.11.23 01:26:18.090,1.56334,1.56349,1.13,1.50
2011.11.23 01:26:18.450,1.56334,1.56349,1.88,1.50
2011.11.23 01:26:18.569,1.56336,1.56352,2.25,1.50
2011.11.23 01:26:18.799,1.56336,1.56352,2.25,1.50
2011.11.23 01:26:19.041,1.56338,1.56354,2.25,1.50
2011.11.23 01:26:20.008,1.56338,1.56354,2.25,1.50
2011.11.23 01:26:20.248,1.56336,1.56352,2.25,1.50
2011.11.23 01:26:20.718,1.56334,1.5635,2.25,1.50
2011.11.23 01:26:20.839,1.56334,1.5635,2.25,1.50
2011.11.23 01:26:21.447,1.56334,1.5635,2.25,1.50
2011.11.23 01:26:25.289,1.56334,1.5635,2.25,1.50
2011.11.23 01:26:26.057,1.56334,1.5635,2.25,1.50
2011.11.23 01:26:26.635,1.56334,1.5635,2.25,1.50
2011.11.23 01:26:27.682,1.56334,1.5635,2.25,1.50
2011.11.23 01:26:28.747,1.56336,1.56352,2.25,1.50
2011.11.23 01:26:29.546,1.56338,1.56354,2.25,1.50
2011.11.23 01:26:30.556,1.56338,1.56354,2.25,1.50
2011.11.23 01:26:31.065,1.5634,1.56356,2.25,1.50
2011.11.23 01:26:31.191,1.5634,1.56356,2.25,1.50
2011.11.23 01:26:31.606,1.56342,1.56358,2.25,1.69
2011.11.23 01:26:32.727,1.56342,1.56358,2.25,1.50
2011.11.23 01:26:33.306,1.56342,1.56358,2.25,1.50
2011.11.23 01:26:33.781,1.56344,1.5636,2.25,1.50
2011.11.23 01:26:34.277,1.5635,1.5636,2.25,1.50
2011.11.23 01:26:34.892,1.56355,1.56367,1.13,1.69
2011.11.23 01:26:35.030,1.56359,1.56375,2.25,1.69
2011.11.23 01:26:35.628,1.5636,1.56376,2.25,1.50
2011.11.23 01:26:35.988,1.56363,1.56379,2.25,1.50
2011.11.23 01:26:36.798,1.56363,1.56379,2.25,1.50
2011.11.23 01:26:37.307,1.56363,1.56379,2.25,1.50
2011.11.23 01:26:37.888,1.56363,1.56379,2.25,1.50
2011.11.23 01:26:38.764,1.56363,1.56379,2.25,1.50
2011.11.23 01:26:39.532,1.56363,1.56379,2.25,1.50
2011.11.23 01:26:40.245,1.56363,1.56379,2.25,1.50
2011.11.23 01:26:40.816,1.56363,1.56379,2.25,1.50
2011.11.23 01:26:41.528,1.56363,1.56379,2.25,1.50
2011.11.23 01:26:42.117,1.56363,1.56379,2.25,1.50
2011.11.23 01:26:43.323,1.56365,1.56381,2.25,1.50
2011.11.23 01:26:43.993,1.5636,1.56376,2.25,1.50
2011.11.23 01:26:44.246,1.5636,1.56376,2.25,1.50
2011.11.23 01:26:44.376,1.56355,1.56371,2.25,1.50
2011.11.23 01:26:44.629,1.56355,1.56371,2.25,1.50
2011.11.23 01:26:44.869,1.56355,1.56371,2.25,1.50
2011.11.23 01:26:45.115,1.56353,1.56369,2.25,1.50
2011.11.23 01:26:45.606,1.56353,1.56369,2.25,1.69
2011.11.23 01:26:45.729,1.56351,1.56367,2.25,1.50
2011.11.23 01:26:46.142,1.56346,1.56362,3.75,1.50
2011.11.23 01:26:46.516,1.56344,1.5636,2.25,1.50
2011.11.23 01:26:47.348,1.56344,1.5636,2.25,1.50
2011.11.23 01:26:47.937,1.56344,1.5636,2.25,1.50
2011.11.23 01:26:59.559,1.56344,1.5636,2.25,1.50
2011.11.23 01:27:00.817,1.56344,1.5636,2.25,1.50
2011.11.23 01:27:04.517,1.56344,1.5636,2.25,1.50
2011.11.23 01:27:05.434,1.56344,1.5636,2.25,1.50
2011.11.23 01:27:06.087,1.56344,1.5636,2.25,1.50
2011.11.23 01:27:06.670,1.56344,1.5636,2.25,1.50
2011.11.23 01:27:07.536,1.56344,1.5636,2.25,1.50
2011.11.23 01:27:08.467,1.56344,1.5636,2.25,1.50
2011.11.23 01:27:10.559,1.56346,1.56362,2.25,1.50
2011.11.23 01:27:10.680,1.56349,1.56365,2.25,1.50
2011.11.23 01:27:10.801,1.56349,1.56365,2.25,1.50
2011.11.23 01:27:12.300,1.56347,1.56363,2.25,1.50
2011.11.23 01:27:16.699,1.56347,1.56363,2.25,1.50
2011.11.23 01:27:18.733,1.56347,1.56363,2.25,1.50
2011.11.23 01:27:23.495,1.56347,1.56363,2.25,1.50
2011.11.23 01:27:26.619,1.56347,1.56363,2.25,1.50
2011.11.23 01:27:27.451,1.56347,1.56359,2.25,1.88
2011.11.23 01:27:27.585,1.56347,1.56359,1.50,1.43
2011.11.23 01:27:27.830,1.56345,1.56359,1.50,1.43
2011.11.23 01:27:27.952,1.56345,1.56359,1.50,2.37
2011.11.23 01:27:28.084,1.56337,1.56353,2.25,1.50
2011.11.23 01:27:28.788,1.56337,1.56353,2.25,1.50
2011.11.23 01:27:29.532,1.56339,1.56355,2.25,1.50
2011.11.23 01:27:29.661,1.56339,1.56355,2.25,1.50
2011.11.23 01:27:29.781,1.56341,1.56357,2.25,1.50
2011.11.23 01:27:29.901,1.56341,1.56357,2.25,1.50
2011.11.23 01:27:30.260,1.56344,1.5636,2.25,2.55
2011.11.23 01:27:31.454,1.56346,1.56362,2.25,2.83
2011.11.23 01:27:31.582,1.56346,1.56362,1.50,3.58
2011.11.23 01:27:31.828,1.56346,1.56362,1.50,2.25
2011.11.23 01:27:32.313,1.56342,1.56358,1.50,2.25
2011.11.23 01:27:32.683,1.56342,1.56358,1.50,2.44
2011.11.23 01:27:33.508,1.56342,1.56358,1.50,2.44
2011.11.23 01:27:33.644,1.56333,1.56349,2.25,1.50
2011.11.23 01:27:33.895,1.56335,1.56351,1.50,2.25
2011.11.23 01:27:34.506,1.56337,1.56353,1.50,2.25
2011.11.23 01:27:36.542,1.56341,1.56357,1.50,2.25
2011.11.23 01:27:36.674,1.56341,1.56357,1.50,2.25
2011.11.23 01:27:36.801,1.56343,1.56358,1.50,1.09
2011.11.23 01:27:37.236,1.56343,1.56359,1.50,2.44
2011.11.23 01:27:37.364,1.56346,1.56362,1.50,2.25
2011.11.23 01:27:38.197,1.56346,1.56362,1.50,2.25
2011.11.23 01:27:40.019,1.56346,1.56362,1.50,2.25
2011.11.23 01:27:40.628,1.56346,1.56362,1.50,2.25
2011.11.23 01:27:41.735,1.56346,1.56362,1.50,2.63
2011.11.23 01:27:41.859,1.56346,1.56361,1.50,1.13
2011.11.23 01:27:42.509,1.56346,1.56359,1.50,2.07
2011.11.23 01:27:42.640,1.56339,1.56355,1.50,2.25
2011.11.23 01:27:43.217,1.56339,1.56355,1.50,2.25
2011.11.23 01:27:43.338,1.56337,1.56353,2.25,1.50
2011.11.23 01:27:46.268,1.56335,1.56351,2.25,1.50
2011.11.23 01:27:46.978,1.56335,1.56351,2.25,1.50
2011.11.23 01:27:47.107,1.56337,1.56353,2.25,1.50
2011.11.23 01:27:48.176,1.56337,1.56353,2.25,1.50
2011.11.23 01:27:48.419,1.56335,1.56351,2.25,1.50
2011.11.23 01:27:49.828,1.56335,1.56351,2.25,1.50
2011.11.23 01:27:50.344,1.56335,1.56351,2.25,1.50
2011.11.23 01:27:51.195,1.56335,1.56351,2.25,1.50
2011.11.23 01:27:56.918,1.56335,1.56351,2.25,1.50
2011.11.23 01:27:57.527,1.56335,1.56351,2.25,1.50
2011.11.23 01:27:58.177,1.56335,1.56351,2.25,1.50
2011.11.23 01:27:58.778,1.56335,1.56351,2.25,1.50
2011.11.23 01:27:58.898,1.56333,1.56349,2.25,1.50
2011.11.23 01:28:01.379,1.56333,1.56349,2.25,1.50
2011.11.23 01:28:02.786,1.56333,1.56349,2.25,1.50
2011.11.23 01:28:03.517,1.56333,1.56349,1.50,2.25
2011.11.23 01:28:04.118,1.56331,1.56347,2.25,1.50
2011.11.23 01:28:05.058,1.56331,1.56347,2.25,1.50
2011.11.23 01:28:05.648,1.56331,1.56347,2.25,1.50
2011.11.23 01:28:09.529,1.56331,1.56347,2.25,1.50
2011.11.23 01:28:10.329,1.56331,1.56347,2.25,1.50
2011.11.23 01:28:17.589,1.56331,1.56347,2.25,1.88
2011.11.23 01:28:18.278,1.56329,1.56345,2.25,1.69
2011.11.23 01:28:18.884,1.56329,1.56345,2.25,1.69
2011.11.23 01:28:19.544,1.56329,1.56345,2.25,1.69
2011.11.23 01:28:19.914,1.56331,1.56347,2.25,1.88
2011.11.23 01:28:20.499,1.56332,1.56345,1.50,1.69
2011.11.23 01:28:20.741,1.56332,1.56347,1.50,1.50
2011.11.23 01:28:22.807,1.56333,1.56349,2.25,1.69
2011.11.23 01:28:23.397,1.56333,1.56349,2.25,1.69
2011.11.23 01:28:24.318,1.56333,1.56349,2.25,1.69
2011.11.23 01:28:24.919,1.56333,1.56349,2.25,1.69
2011.11.23 01:28:25.786,1.56333,1.56349,2.25,1.69
2011.11.23 01:28:26.570,1.56333,1.56349,2.25,1.69
2011.11.23 01:28:27.340,1.56333,1.56349,2.25,1.69
2011.11.23 01:28:28.165,1.56333,1.56349,2.25,1.69
2011.11.23 01:28:28.803,1.56333,1.56349,2.25,1.69
2011.11.23 01:28:29.408,1.56332,1.56347,2.25,1.69
2011.11.23 01:28:30.334,1.56331,1.56347,2.25,1.88
2011.11.23 01:28:30.580,1.56331,1.56347,2.25,1.88
2011.11.23 01:28:31.182,1.56329,1.56345,2.25,1.69
2011.11.23 01:28:31.315,1.56327,1.56343,3.75,1.69
2011.11.23 01:28:31.560,1.56327,1.56343,3.75,1.69
2011.11.23 01:28:31.681,1.56327,1.56343,3.00,1.69
2011.11.23 01:28:31.800,1.56325,1.56341,3.00,1.50
2011.11.23 01:28:32.389,1.56322,1.56338,3.75,1.50
2011.11.23 01:28:32.900,1.56322,1.56338,3.75,1.50
2011.11.23 01:28:33.381,1.56322,1.56336,2.25,1.50
2011.11.23 01:28:34.078,1.56322,1.56336,2.25,1.50
2011.11.23 01:28:38.205,1.56322,1.56336,1.50,1.50
2011.11.23 01:28:38.766,1.56322,1.56336,1.50,1.50
2011.11.23 01:28:39.001,1.56322,1.56338,3.00,1.69
2011.11.23 01:28:41.827,1.56322,1.56338,3.00,1.69
2011.11.23 01:28:42.408,1.56324,1.5634,2.25,1.88
2011.11.23 01:28:43.002,1.56326,1.56342,2.25,1.88
2011.11.23 01:28:43.361,1.56333,1.56349,2.25,2.25
2011.11.23 01:28:44.173,1.56331,1.56347,2.25,1.88
2011.11.23 01:28:44.785,1.56331,1.56347,3.00,1.88
2011.11.23 01:28:44.913,1.56333,1.56349,2.25,1.69
2011.11.23 01:28:45.560,1.56333,1.56349,2.25,1.69
2011.11.23 01:28:46.030,1.56333,1.56349,2.25,1.69
2011.11.23 01:28:46.808,1.56333,1.56349,2.25,1.69
2011.11.23 01:28:47.503,1.56333,1.56349,2.25,1.69
2011.11.23 01:28:48.006,1.56333,1.56349,2.25,1.69
2011.11.23 01:28:48.798,1.56333,1.56349,2.25,1.69
2011.11.23 01:28:49.427,1.56333,1.56349,2.25,1.69
2011.11.23 01:28:49.945,1.56333,1.56349,2.25,1.69
2011.11.23 01:28:51.173,1.56333,1.56349,2.25,1.69
2011.11.23 01:28:51.660,1.56331,1.56347,2.25,1.50
2011.11.23 01:28:51.780,1.56329,1.56345,2.63,1.69
2011.11.23 01:28:52.140,1.56326,1.56342,2.25,2.25
2011.11.23 01:28:52.739,1.56324,1.5634,3.00,1.69
2011.11.23 01:28:55.414,1.56324,1.5634,3.00,1.69
2011.11.23 01:28:56.068,1.56322,1.56338,3.00,1.50
2011.11.23 01:28:56.441,1.56318,1.56334,2.25,1.88
2011.11.23 01:28:56.924,1.56314,1.56329,1.50,1.50
2011.11.23 01:28:57.171,1.56314,1.56329,1.50,1.50
2011.11.23 01:28:57.748,1.56314,1.56329,1.50,1.69
2011.11.23 01:28:58.270,1.56313,1.56329,2.25,1.69
2011.11.23 01:28:59.241,1.56313,1.56329,2.25,1.69
2011.11.23 01:29:00.226,1.56313,1.56329,2.25,1.69
2011.11.23 01:29:00.797,1.56313,1.56329,2.25,1.69
2011.11.23 01:29:01.411,1.56313,1.56329,2.25,1.69
2011.11.23 01:29:02.698,1.56313,1.56329,2.25,1.69
2011.11.23 01:29:02.942,1.56311,1.56325,1.50,1.50
2011.11.23 01:29:03.064,1.56311,1.56325,1.50,1.88
2011.11.23 01:29:03.310,1.56309,1.56325,2.25,1.88
2011.11.23 01:29:03.763,1.56303,1.56319,3.00,1.50
2011.11.23 01:29:04.133,1.56303,1.56317,1.50,1.50
2011.11.23 01:29:04.499,1.56303,1.56315,1.50,1.50
2011.11.23 01:29:05.105,1.56301,1.56315,1.50,1.50
2011.11.23 01:29:05.830,1.56301,1.56315,1.50,1.50
2011.11.23 01:29:06.282,1.56299,1.56313,1.13,1.50
2011.11.23 01:29:06.419,1.56294,1.56309,1.50,1.50
2011.11.23 01:29:07.133,1.56293,1.56309,2.25,1.50
2011.11.23 01:29:07.269,1.56291,1.56307,2.25,1.50
2011.11.23 01:29:07.635,1.56282,1.56298,3.00,1.50
2011.11.23 01:29:08.011,1.56282,1.56298,2.25,2.25
2011.11.23 01:29:08.522,1.56278,1.56294,3.00,2.25
2011.11.23 01:29:08.892,1.56278,1.56289,1.50,1.50
2011.11.23 01:29:09.010,1.56278,1.56289,1.50,1.50
2011.11.23 01:29:09.854,1.56279,1.56291,1.50,1.50
2011.11.23 01:29:10.102,1.56278,1.56291,1.50,1.50
2011.11.23 01:29:10.736,1.56281,1.56297,2.25,1.69
2011.11.23 01:29:10.979,1.56281,1.56297,2.25,1.69
2011.11.23 01:29:11.809,1.56281,1.56297,2.25,1.69
2011.11.23 01:29:12.295,1.56279,1.56295,1.50,1.50
2011.11.23 01:29:12.421,1.56278,1.56293,1.50,1.50
2011.11.23 01:29:12.785,1.56276,1.5629,2.25,1.69
2011.11.23 01:29:13.487,1.56274,1.56286,1.50,1.69
2011.11.23 01:29:13.860,1.56266,1.56277,1.50,1.50
2011.11.23 01:29:13.991,1.56266,1.5628,1.50,1.50
2011.11.23 01:29:14.115,1.56264,1.56275,1.13,1.50
2011.11.23 01:29:14.362,1.56262,1.56277,1.13,1.50
2011.11.23 01:29:14.625,1.56259,1.56275,2.25,1.50
2011.11.23 01:29:16.341,1.56259,1.56275,2.25,1.50
2011.11.23 01:29:17.641,1.56257,1.56273,2.63,1.50
2011.11.23 01:29:18.837,1.56259,1.56275,2.25,1.50
2011.11.23 01:29:19.091,1.56257,1.56273,3.38,1.50
2011.11.23 01:29:19.689,1.56257,1.56273,2.25,1.50
2011.11.23 01:29:20.049,1.56257,1.56273,1.50,1.69
2011.11.23 01:29:20.417,1.56255,1.5627,1.50,1.50
2011.11.23 01:29:20.781,1.56255,1.56266,1.50,1.50
2011.11.23 01:29:21.716,1.56255,1.5627,1.50,1.69
2011.11.23 01:29:21.845,1.56257,1.56268,1.13,1.50
2011.11.23 01:29:21.978,1.56259,1.56272,1.50,1.50
2011.11.23 01:29:22.101,1.5626,1.56272,1.50,1.50
2011.11.23 01:29:22.460,1.56263,1.56275,1.50,1.50
2011.11.23 01:29:23.302,1.56262,1.56273,1.50,1.50
2011.11.23 01:29:23.539,1.5626,1.56273,1.50,1.50
2011.11.23 01:29:23.785,1.56257,1.56271,1.88,1.50
2011.11.23 01:29:24.340,1.56255,1.56271,2.25,1.88
2011.11.23 01:29:24.700,1.56251,1.56265,1.50,1.50
2011.11.23 01:29:25.060,1.56251,1.56267,3.00,1.50
2011.11.23 01:29:25.179,1.56251,1.56265,1.50,1.50
2011.11.23 01:29:25.879,1.5625,1.56265,2.25,1.50
2011.11.23 01:29:26.548,1.5625,1.56265,2.25,1.50
2011.11.23 01:29:27.303,1.5625,1.56265,2.25,1.50
2011.11.23 01:29:27.551,1.5625,1.56265,2.25,1.50
2011.11.23 01:29:27.790,1.5625,1.56265,1.50,1.50
2011.11.23 01:29:28.753,1.5625,1.56263,1.50,1.50
2011.11.23 01:29:29.120,1.56247,1.56261,1.13,1.50
2011.11.23 01:29:29.659,1.56245,1.56259,1.50,1.50
2011.11.23 01:29:30.025,1.56245,1.56259,1.50,1.50
2011.11.23 01:29:30.417,1.56246,1.56262,2.25,1.88
2011.11.23 01:29:30.668,1.56241,1.56257,2.25,1.50
2011.11.23 01:29:30.917,1.56242,1.56257,1.13,1.69
2011.11.23 01:29:31.286,1.56247,1.56261,1.50,1.50
2011.11.23 01:29:31.766,1.56251,1.56267,3.38,1.88
2011.11.23 01:29:32.374,1.56251,1.56267,3.38,1.88
2011.11.23 01:29:32.745,1.56251,1.56267,3.38,1.69
2011.11.23 01:29:32.876,1.56251,1.56265,1.13,1.50
2011.11.23 01:29:33.122,1.56251,1.56267,3.38,1.69
2011.11.23 01:29:34.753,1.56253,1.56267,1.13,1.69
2011.11.23 01:29:35.365,1.56253,1.56269,3.38,1.88
2011.11.23 01:29:35.733,1.56258,1.56274,2.25,2.40
2011.11.23 01:29:35.862,1.56258,1.56274,2.25,2.40
2011.11.23 01:29:36.362,1.5626,1.56276,2.25,2.85
2011.11.23 01:29:37.187,1.5626,1.56276,2.25,2.85
2011.11.23 01:29:37.769,1.5626,1.56276,2.25,2.85
2011.11.23 01:29:38.394,1.56258,1.56274,2.25,1.69
2011.11.23 01:29:38.758,1.56258,1.56274,2.25,1.69
2011.11.23 01:29:39.352,1.56258,1.56274,2.25,1.69
2011.11.23 01:29:39.588,1.56257,1.56271,1.13,1.50
2011.11.23 01:29:40.169,1.56255,1.56271,2.25,1.69
2011.11.23 01:29:44.171,1.56255,1.56271,2.25,1.88
2011.11.23 01:29:44.659,1.56257,1.56273,2.63,2.25
2011.11.23 01:29:44.782,1.56258,1.56273,1.13,1.69
2011.11.23 01:29:45.386,1.56256,1.56272,2.25,1.88
2011.11.23 01:29:45.510,1.56256,1.56272,2.25,1.88
2011.11.23 01:29:46.172,1.56256,1.56272,3.00,1.88
2011.11.23 01:29:46.775,1.56252,1.56268,2.25,1.50
2011.11.23 01:29:47.020,1.56252,1.56268,2.25,1.50
2011.11.23 01:29:49.639,1.56252,1.56268,2.25,1.50
2011.11.23 01:29:49.763,1.56251,1.56266,2.25,1.50
2011.11.23 01:29:50.354,1.56252,1.56268,2.63,1.50
2011.11.23 01:29:50.961,1.56254,1.5627,2.25,1.69
2011.11.23 01:29:51.310,1.56254,1.5627,2.25,1.69
2011.11.23 01:29:51.898,1.56254,1.5627,2.25,1.69
2011.11.23 01:29:52.565,1.56254,1.5627,2.25,1.69
2011.11.23 01:29:55.732,1.56254,1.5627,2.25,1.69
2011.11.23 01:29:56.090,1.56258,1.5627,1.50,1.69
2011.11.23 01:29:56.783,1.56261,1.56277,2.25,1.88
2011.11.23 01:29:57.829,1.56261,1.56277,2.25,1.88
2011.11.23 01:29:59.471,1.56263,1.56279,3.15,1.88
2011.11.23 01:29:59.713,1.56265,1.56281,2.63,2.55
2011.11.23 01:30:00.068,1.56265,1.56281,2.63,2.25
2011.11.23 01:30:00.884,1.56265,1.56281,2.25,2.25
2011.11.23 01:30:01.020,1.56265,1.56281,2.25,1.88
2011.11.23 01:30:01.515,1.56273,1.56286,1.50,3.98
2011.11.23 01:30:01.648,1.56276,1.56289,1.50,1.13
2011.11.23 01:30:01.777,1.56276,1.56292,2.25,1.88
2011.11.23 01:30:01.906,1.56277,1.56292,1.50,1.88
2011.11.23 01:30:02.037,1.56278,1.56292,1.13,1.50
2011.11.23 01:30:02.163,1.56279,1.56292,1.50,1.50
2011.11.23 01:30:02.290,1.56278,1.56292,1.88,1.50
2011.11.23 01:30:02.530,1.56282,1.56298,1.50,4.88
2011.11.23 01:30:03.198,1.56278,1.56294,1.50,2.25
2011.11.23 01:30:03.449,1.56278,1.56294,2.25,2.25
2011.11.23 01:30:04.403,1.56278,1.56294,2.25,2.25
2011.11.23 01:30:04.774,1.56276,1.56292,2.25,2.25
2011.11.23 01:30:04.907,1.5627,1.56286,2.25,1.50
2011.11.23 01:30:05.033,1.56268,1.56284,3.00,1.50
2011.11.23 01:30:05.161,1.56268,1.5628,1.50,1.50
2011.11.23 01:30:05.641,1.56266,1.56282,3.00,2.25
2011.11.23 01:30:06.458,1.56266,1.56282,3.00,2.25
2011.11.23 01:30:08.292,1.56264,1.5628,2.25,1.88
2011.11.23 01:30:08.889,1.56266,1.56282,2.25,1.88
2011.11.23 01:30:09.760,1.56266,1.56282,2.25,1.88
2011.11.23 01:30:10.363,1.56266,1.56282,2.25,1.88
2011.11.23 01:30:10.491,1.56266,1.56282,2.25,1.88
2011.11.23 01:30:12.139,1.56266,1.56282,2.25,1.88
2011.11.23 01:30:12.730,1.56266,1.56282,2.25,1.88
2011.11.23 01:30:13.518,1.56266,1.56282,2.25,1.88
2011.11.23 01:30:18.257,1.56263,1.56279,2.25,1.69
2011.11.23 01:30:18.999,1.56263,1.56279,2.25,1.69
2011.11.23 01:30:20.768,1.56263,1.56279,2.25,1.69
2011.11.23 01:30:21.306,1.56263,1.56279,2.25,1.69
2011.11.23 01:30:21.986,1.56263,1.56279,2.25,1.69
2011.11.23 01:30:22.977,1.56263,1.56279,2.25,1.69
2011.11.23 01:30:24.007,1.56263,1.56279,2.25,1.69
2011.11.23 01:30:28.991,1.56263,1.56279,2.25,1.69
2011.11.23 01:30:29.658,1.56263,1.56279,2.25,1.69
2011.11.23 01:30:30.214,1.56263,1.56279,2.25,1.69
2011.11.23 01:30:31.324,1.56263,1.56279,2.25,1.69
2011.11.23 01:30:31.667,1.56263,1.56279,2.25,1.50
2011.11.23 01:30:32.020,1.56267,1.56283,2.25,1.50
2011.11.23 01:30:32.140,1.56269,1.56285,2.25,1.50
2011.11.23 01:30:32.720,1.56269,1.56285,2.25,1.50
2011.11.23 01:30:32.842,1.56267,1.56289,1.13,1.69
2011.11.23 01:30:32.960,1.56267,1.56289,1.13,1.50
2011.11.23 01:30:34.960,1.56271,1.56294,2.25,2.44
2011.11.23 01:30:35.321,1.56272,1.56295,1.50,1.35
2011.11.23 01:30:37.919,1.56271,1.56297,2.25,3.00
2011.11.23 01:30:38.436,1.56271,1.56296,2.25,1.73
2011.11.23 01:30:38.684,1.56276,1.56298,2.25,1.24
2011.11.23 01:30:39.049,1.56277,1.56299,1.50,2.82
2011.11.23 01:30:39.409,1.56273,1.56299,1.50,2.82
2011.11.23 01:30:41.328,1.56272,1.56299,1.50,2.07
2011.11.23 01:30:42.128,1.56272,1.56299,1.50,2.07
2011.11.23 01:30:42.687,1.56272,1.56299,1.50,2.25
2011.11.23 01:30:44.878,1.56271,1.56299,3.19,2.25
2011.11.23 01:30:45.546,1.56272,1.56299,1.50,2.25
2011.11.23 01:30:49.055,1.56273,1.56299,1.50,2.07
2011.11.23 01:30:49.425,1.56277,1.56299,1.13,1.32
2011.11.23 01:30:50.151,1.56277,1.56298,1.13,1.13
2011.11.23 01:30:50.510,1.56277,1.56301,1.13,1.62
2011.11.23 01:30:52.830,1.56277,1.56301,1.13,1.43
2011.11.23 01:30:53.598,1.56277,1.56301,1.13,1.43
2011.11.23 01:30:54.184,1.56278,1.56302,1.50,1.02
2011.11.23 01:30:54.429,1.56278,1.56304,1.50,2.78
2011.11.23 01:30:54.789,1.56278,1.56304,1.50,2.03
2011.11.23 01:30:55.155,1.5628,1.56304,2.03,2.03
2011.11.23 01:30:55.883,1.56282,1.56304,1.13,1.50
2011.11.23 01:30:56.480,1.56282,1.56304,1.88,1.50
2011.11.23 01:30:57.080,1.5628,1.56304,1.88,1.69
2011.11.23 01:30:57.681,1.5628,1.56304,1.88,1.84
2011.11.23 01:30:58.160,1.5628,1.56303,1.88,1.05
2011.11.23 01:30:58.645,1.56287,1.56306,1.13,3.94
2011.11.23 01:30:58.775,1.56289,1.5631,1.13,1.09
2011.11.23 01:30:58.901,1.56296,1.56313,1.50,2.08
2011.11.23 01:30:59.416,1.56301,1.56325,1.69,1.84
2011.11.23 01:30:59.661,1.56303,1.56326,1.50,1.50
2011.11.23 01:31:01.969,1.563,1.56322,1.50,1.50
2011.11.23 01:31:02.331,1.56299,1.56312,1.13,1.50
2011.11.23 01:31:03.302,1.56298,1.56314,2.25,1.50
2011.11.23 01:31:03.550,1.56296,1.56312,2.25,1.50
2011.11.23 01:31:04.033,1.56298,1.56314,2.25,1.50
2011.11.23 01:31:04.625,1.563,1.56316,2.25,1.50
2011.11.23 01:31:05.688,1.563,1.56316,2.25,1.50
2011.11.23 01:31:05.920,1.56303,1.56319,1.50,1.50
2011.11.23 01:31:06.278,1.56305,1.56321,1.50,1.50
2011.11.23 01:31:06.878,1.56306,1.56322,2.25,1.50
2011.11.23 01:31:07.448,1.56306,1.56322,2.25,1.50
2011.11.23 01:31:08.008,1.56306,1.56322,2.25,1.50
2011.11.23 01:31:08.611,1.56306,1.56322,2.25,1.50
2011.11.23 01:31:08.973,1.5631,1.56326,1.50,2.59
2011.11.23 01:31:09.346,1.56314,1.5633,2.25,1.80
2011.11.23 01:31:10.191,1.56314,1.5633,2.25,1.50
2011.11.23 01:31:10.313,1.56316,1.56332,1.50,1.50
2011.11.23 01:31:11.232,1.56314,1.5633,1.50,1.50
2011.11.23 01:31:11.820,1.56314,1.5633,2.25,1.50
2011.11.23 01:31:12.422,1.56314,1.5633,2.25,1.50
2011.11.23 01:31:12.551,1.56317,1.56333,1.50,3.00
2011.11.23 01:31:12.672,1.56313,1.56329,1.50,1.50
2011.11.23 01:31:12.790,1.56307,1.56323,3.00,1.50
2011.11.23 01:31:13.276,1.56305,1.56321,2.25,1.50
2011.11.23 01:31:13.867,1.56305,1.56321,2.25,1.50
2011.11.23 01:31:15.452,1.56305,1.56321,2.25,1.50
2011.11.23 01:31:16.038,1.56305,1.56321,2.25,1.50
2011.11.23 01:31:16.499,1.56308,1.56324,1.50,1.50
2011.11.23 01:31:17.200,1.56306,1.56322,2.25,1.50
2011.11.23 01:31:17.701,1.56306,1.56322,2.25,1.50
2011.11.23 01:31:18.658,1.56306,1.56322,2.25,1.50
2011.11.23 01:31:18.900,1.56306,1.56322,2.25,1.50
2011.11.23 01:31:19.145,1.56306,1.56322,1.50,3.75
2011.11.23 01:31:19.601,1.563,1.56316,2.25,1.50
2011.11.23 01:31:19.977,1.56299,1.56315,1.50,1.50
2011.11.23 01:31:20.224,1.56297,1.56313,2.25,1.50
2011.11.23 01:31:20.594,1.56295,1.56311,2.25,1.50
2011.11.23 01:31:22.237,1.56295,1.56311,2.25,1.50
2011.11.23 01:31:22.589,1.56293,1.56309,2.25,1.50
2011.11.23 01:31:23.308,1.56299,1.56315,2.25,1.50
2011.11.23 01:31:26.700,1.56297,1.56313,2.25,1.50
2011.11.23 01:31:27.494,1.56299,1.56315,2.25,1.50
2011.11.23 01:31:28.710,1.56299,1.56315,1.50,1.50
2011.11.23 01:31:29.541,1.56297,1.56313,2.25,1.50
2011.11.23 01:31:31.905,1.56297,1.56312,1.50,2.25
2011.11.23 01:31:32.153,1.56292,1.56308,1.50,2.25
2011.11.23 01:31:32.406,1.56288,1.56304,1.50,1.50
2011.11.23 01:31:33.445,1.56286,1.56302,2.25,1.50
2011.11.23 01:31:33.812,1.56288,1.56304,2.25,1.50
2011.11.23 01:31:34.061,1.56288,1.56304,2.25,1.50
2011.11.23 01:31:35.276,1.56288,1.56304,2.25,1.50
2011.11.23 01:31:35.853,1.56288,1.56304,2.25,1.50
2011.11.23 01:31:35.979,1.5629,1.56306,2.25,1.50
2011.11.23 01:31:37.046,1.56292,1.56308,2.25,1.50
2011.11.23 01:31:37.640,1.56292,1.56308,2.25,1.50
2011.11.23 01:31:39.188,1.5629,1.56306,2.25,1.50
2011.11.23 01:31:39.691,1.56288,1.56304,2.25,1.50
2011.11.23 01:31:39.931,1.56288,1.56304,2.25,1.50
2011.11.23 01:31:40.738,1.56285,1.56301,2.25,1.50
2011.11.23 01:31:41.343,1.56285,1.56301,2.25,1.50
2011.11.23 01:31:41.976,1.56283,1.56296,1.50,1.50
2011.11.23 01:31:42.646,1.56283,1.56296,1.50,1.50
2011.11.23 01:31:43.179,1.56283,1.56296,1.50,1.50
2011.11.23 01:31:43.299,1.56283,1.56299,3.00,1.50
2011.11.23 01:31:43.889,1.56283,1.56299,3.00,1.50
2011.11.23 01:31:44.711,1.56283,1.56299,3.00,1.50
2011.11.23 01:31:45.301,1.56283,1.56299,2.25,1.50
2011.11.23 01:31:46.139,1.56281,1.56297,2.25,1.50
2011.11.23 01:31:46.743,1.56281,1.56297,2.25,1.50
2011.11.23 01:31:46.870,1.56281,1.56297,2.25,1.50
2011.11.23 01:31:47.583,1.56279,1.56295,2.25,1.50
2011.11.23 01:31:47.838,1.56279,1.56295,2.25,1.50
2011.11.23 01:31:48.205,1.56277,1.56293,2.25,1.50
2011.11.23 01:31:49.060,1.56277,1.56293,2.25,1.50
2011.11.23 01:31:49.429,1.56282,1.56298,2.25,2.25
2011.11.23 01:31:53.441,1.5628,1.56296,2.25,1.50
2011.11.23 01:31:53.854,1.56278,1.56294,2.25,1.50
2011.11.23 01:31:53.988,1.56275,1.56291,2.25,1.50
2011.11.23 01:31:54.465,1.56277,1.56293,2.25,3.00
2011.11.23 01:31:54.594,1.56273,1.56289,2.25,1.50
2011.11.23 01:31:54.961,1.56273,1.56289,2.25,1.50
2011.11.23 01:31:55.202,1.56277,1.56293,2.25,1.50
2011.11.23 01:31:55.321,1.56277,1.56293,2.25,1.50
2011.11.23 01:31:55.562,1.56275,1.56291,2.25,1.50
2011.11.23 01:31:56.161,1.56275,1.56291,2.25,1.50
2011.11.23 01:31:56.976,1.56275,1.56291,2.25,1.50
2011.11.23 01:31:57.351,1.56268,1.56284,2.25,1.50
2011.11.23 01:31:57.719,1.56266,1.56282,2.25,1.50
2011.11.23 01:31:58.090,1.56264,1.5628,2.25,1.50
2011.11.23 01:31:58.452,1.56262,1.56278,2.25,1.50
2011.11.23 01:31:59.050,1.56262,1.56278,2.25,1.50
2011.11.23 01:31:59.462,1.56255,1.5627,1.88,1.50
2011.11.23 01:32:00.183,1.56255,1.5627,1.50,1.50
2011.11.23 01:32:00.552,1.56257,1.56282,1.13,1.69
2011.11.23 01:32:00.912,1.56257,1.56272,1.32,1.50
2011.11.23 01:32:01.030,1.56261,1.56277,2.25,1.50
2011.11.23 01:32:01.274,1.56256,1.56272,3.00,1.50
2011.11.23 01:32:01.402,1.56256,1.56272,3.00,1.50
2011.11.23 01:32:01.526,1.56256,1.56268,1.50,1.50
2011.11.23 01:32:02.301,1.56256,1.56268,1.50,1.50
2011.11.23 01:32:02.661,1.56256,1.56268,1.50,1.50
2011.11.23 01:32:03.268,1.56254,1.5627,2.63,1.50
2011.11.23 01:32:03.400,1.56254,1.56268,1.13,1.50
2011.11.23 01:32:04.349,1.56252,1.56268,2.25,1.50
2011.11.23 01:32:04.763,1.56254,1.5627,2.25,1.50
2011.11.23 01:32:05.736,1.56252,1.56268,2.25,1.50
2011.11.23 01:32:06.471,1.56252,1.56268,2.25,1.50
2011.11.23 01:32:07.158,1.56252,1.56268,2.25,1.50
2011.11.23 01:32:07.278,1.56254,1.5627,2.25,1.50
2011.11.23 01:32:07.862,1.56254,1.5627,2.25,1.50
2011.11.23 01:32:08.113,1.56258,1.56274,2.25,1.50
2011.11.23 01:32:08.232,1.56258,1.56274,2.25,1.50
2011.11.23 01:32:08.472,1.5626,1.56276,2.25,1.50
2011.11.23 01:32:09.114,1.5626,1.56276,2.25,1.50
2011.11.23 01:32:09.843,1.56258,1.56274,2.25,1.50
2011.11.23 01:32:10.080,1.56258,1.56274,2.25,1.50
2011.11.23 01:32:10.201,1.56258,1.56274,2.25,1.50
2011.11.23 01:32:10.319,1.56256,1.56272,2.25,1.50
2011.11.23 01:32:10.561,1.56256,1.56272,2.25,1.50
2011.11.23 01:32:10.681,1.56254,1.5627,2.25,1.50
2011.11.23 01:32:11.239,1.56256,1.56272,2.25,1.50
2011.11.23 01:32:11.469,1.56254,1.5627,2.25,1.50
2011.11.23 01:32:16.212,1.56254,1.5627,2.25,1.50
2011.11.23 01:32:16.328,1.56257,1.56273,2.25,1.50
2011.11.23 01:32:16.908,1.56257,1.56273,2.25,1.50
2011.11.23 01:32:17.981,1.56257,1.56273,2.25,1.50
2011.11.23 01:32:18.537,1.56257,1.56273,2.25,1.50
2011.11.23 01:32:21.439,1.56257,1.56273,2.25,1.50
2011.11.23 01:32:23.411,1.56255,1.56271,2.25,1.50
2011.11.23 01:32:23.861,1.56257,1.56273,2.25,1.50
2011.11.23 01:32:25.339,1.56257,1.56273,2.25,1.50
2011.11.23 01:32:25.461,1.56257,1.56273,2.25,1.50
2011.11.23 01:32:26.227,1.56257,1.56273,2.25,1.50
2011.11.23 01:32:26.808,1.56257,1.56273,2.25,1.50
2011.11.23 01:32:27.384,1.56257,1.56273,2.25,1.50
2011.11.23 01:32:27.750,1.56261,1.56277,2.25,1.50
2011.11.23 01:32:28.314,1.56261,1.56277,2.25,1.50
2011.11.23 01:32:28.788,1.56259,1.56275,2.25,1.50
2011.11.23 01:32:28.909,1.56259,1.56275,2.25,1.50
2011.11.23 01:32:29.381,1.56257,1.56273,2.25,1.50
2011.11.23 01:32:29.861,1.56257,1.56273,2.25,1.50
2011.11.23 01:32:30.339,1.56259,1.56275,2.25,1.50
2011.11.23 01:32:30.584,1.56261,1.56277,2.25,1.50
2011.11.23 01:32:31.170,1.56261,1.56277,2.25,1.50
2011.11.23 01:32:31.761,1.56261,1.56277,2.25,1.50
2011.11.23 01:32:32.362,1.56263,1.56279,2.25,1.50
2011.11.23 01:32:32.726,1.56265,1.56281,2.25,1.50
2011.11.23 01:32:33.211,1.56265,1.56281,2.25,1.50
2011.11.23 01:32:33.330,1.56267,1.56283,2.25,1.50
2011.11.23 01:32:38.215,1.56267,1.56271,1.50,1.45
2011.11.23 01:32:38.344,1.56257,1.56268,1.80,1.50
2011.11.23 01:32:38.829,1.56252,1.56268,2.25,1.50
2011.11.23 01:32:40.371,1.56252,1.56268,2.25,1.50
2011.11.23 01:32:40.733,1.56252,1.56266,1.50,1.45
2011.11.23 01:32:41.101,1.5625,1.56266,2.25,2.95
2011.11.23 01:32:41.222,1.56252,1.56266,1.50,1.45
2011.11.23 01:32:42.294,1.5625,1.56266,2.25,2.95
2011.11.23 01:32:43.520,1.56248,1.56264,2.25,1.50
2011.11.23 01:32:43.879,1.56245,1.56259,1.50,1.50
2011.11.23 01:32:44.118,1.56243,1.56259,2.25,1.50
2011.11.23 01:32:49.579,1.56243,1.56259,2.25,1.50
2011.11.23 01:32:50.028,1.56243,1.56259,2.25,1.50
2011.11.23 01:32:50.591,1.56243,1.56259,2.25,1.50
2011.11.23 01:32:51.230,1.56241,1.56257,3.00,1.50
2011.11.23 01:32:51.579,1.56241,1.56257,2.25,1.50
2011.11.23 01:32:51.924,1.5624,1.56255,2.25,1.50
2011.11.23 01:32:52.049,1.5624,1.56255,2.25,1.50
2011.11.23 01:32:52.619,1.56241,1.56257,3.00,1.50
2011.11.23 01:32:53.639,1.56243,1.56257,1.13,1.50
2011.11.23 01:33:01.821,1.56244,1.56255,1.50,1.50
2011.11.23 01:33:02.281,1.56247,1.56257,1.13,1.28
2011.11.23 01:33:02.399,1.56247,1.56261,1.13,1.28
2011.11.23 01:33:02.882,1.56247,1.56261,1.13,1.28
2011.11.23 01:33:03.001,1.56247,1.56263,2.63,1.28
2011.11.23 01:33:04.131,1.56247,1.56263,3.00,1.35
2011.11.23 01:33:04.253,1.56245,1.56261,3.00,1.35
2011.11.23 01:33:04.620,1.56241,1.56257,4.13,1.35
2011.11.23 01:33:04.848,1.56243,1.56259,2.25,1.35
2011.11.23 01:33:07.366,1.56243,1.56259,2.25,1.50
2011.11.23 01:33:07.489,1.56243,1.56259,2.25,1.50
2011.11.23 01:33:08.070,1.56243,1.56259,2.25,1.50
2011.11.23 01:33:08.594,1.56243,1.56259,2.25,1.50
2011.11.23 01:33:11.488,1.56242,1.56256,1.50,1.50
2011.11.23 01:33:11.829,1.56242,1.56258,3.00,1.50
2011.11.23 01:33:12.588,1.56247,1.56258,1.50,1.50
2011.11.23 01:33:12.821,1.56251,1.56263,1.50,1.50
2011.11.23 01:33:13.062,1.5625,1.56266,2.25,2.95
2011.11.23 01:33:13.180,1.56252,1.56266,2.25,1.45
2011.11.23 01:33:13.419,1.56245,1.56261,2.25,1.50
2011.11.23 01:33:13.541,1.56243,1.56259,2.63,1.50
2011.11.23 01:33:14.389,1.56243,1.56259,2.63,1.50
2011.11.23 01:33:16.559,1.56247,1.56261,1.13,1.50
2011.11.23 01:33:16.800,1.56247,1.56263,2.63,1.50
2011.11.23 01:33:17.040,1.56247,1.56263,2.63,1.50
2011.11.23 01:33:17.165,1.56251,1.56266,1.50,2.20
2011.11.23 01:33:17.759,1.56249,1.56265,2.25,1.50
2011.11.23 01:33:18.341,1.56247,1.56263,2.63,1.50
2011.11.23 01:33:18.701,1.56255,1.56271,1.50,2.82
2011.11.23 01:33:19.300,1.56253,1.56269,2.25,1.50
2011.11.23 01:33:21.148,1.56253,1.56269,2.25,2.25
2011.11.23 01:33:21.272,1.56253,1.56269,2.25,2.25
2011.11.23 01:33:21.860,1.56253,1.56269,2.25,3.00
2011.11.23 01:33:22.442,1.56251,1.56267,2.25,1.50
2011.11.23 01:33:22.562,1.56251,1.56267,2.25,1.50
2011.11.23 01:33:25.216,1.56251,1.56267,2.25,1.50
2011.11.23 01:33:25.345,1.56249,1.56265,2.25,1.50
2011.11.23 01:33:25.833,1.56249,1.56265,2.25,1.50
2011.11.23 01:33:26.060,1.56249,1.56265,2.25,1.50
2011.11.23 01:33:26.538,1.56249,1.56265,2.25,1.50
2011.11.23 01:33:27.123,1.56251,1.56267,2.25,1.50
2011.11.23 01:33:27.240,1.56254,1.56269,1.50,1.50
2011.11.23 01:33:27.598,1.56254,1.5627,2.25,2.82
2011.11.23 01:33:29.503,1.56252,1.56268,2.25,2.44
2011.11.23 01:33:29.868,1.56246,1.56262,2.25,1.50
2011.11.23 01:33:29.997,1.56244,1.5626,2.25,1.50
2011.11.23 01:33:30.244,1.56246,1.56262,2.25,1.50
2011.11.23 01:33:30.375,1.56249,1.56265,1.50,2.25
2011.11.23 01:33:30.623,1.56249,1.56265,2.25,1.50
2011.11.23 01:33:31.462,1.56249,1.56265,2.25,1.50
2011.11.23 01:33:32.066,1.56249,1.56265,2.25,1.50
2011.11.23 01:33:32.670,1.56249,1.56265,2.25,1.50
2011.11.23 01:33:33.269,1.56249,1.56265,2.25,1.50
2011.11.23 01:33:33.631,1.56247,1.56263,2.25,1.50
2011.11.23 01:33:34.640,1.56247,1.56263,2.25,2.07
2011.11.23 01:33:35.012,1.56243,1.56259,2.25,1.88
2011.11.23 01:33:35.371,1.56241,1.56257,2.25,1.50
2011.11.23 01:33:36.091,1.56241,1.56257,2.25,1.50
2011.11.23 01:33:36.331,1.56241,1.56257,2.25,1.50
2011.11.23 01:33:37.074,1.56243,1.56259,2.25,1.50
2011.11.23 01:33:37.455,1.56241,1.56257,2.25,1.50
2011.11.23 01:33:37.823,1.56241,1.56257,2.25,1.50
2011.11.23 01:33:38.315,1.56241,1.56257,2.25,1.50
2011.11.23 01:33:38.803,1.56243,1.56259,2.25,2.25
2011.11.23 01:33:40.336,1.56241,1.56259,2.25,1.13
2011.11.23 01:33:40.465,1.56241,1.56259,2.25,1.88
2011.11.23 01:33:40.843,1.56239,1.56258,2.25,1.13
2011.11.23 01:33:41.439,1.56239,1.56258,2.25,1.13
2011.11.23 01:33:42.030,1.56239,1.56259,2.25,2.82
2011.11.23 01:33:42.909,1.56239,1.5626,2.25,2.63
2011.11.23 01:33:43.043,1.56241,1.5626,2.25,1.13
2011.11.23 01:33:44.238,1.56241,1.56257,2.25,1.50
2011.11.23 01:33:44.809,1.56241,1.56257,2.25,1.50
2011.11.23 01:33:45.054,1.56239,1.56255,2.25,1.50
2011.11.23 01:33:45.780,1.5624,1.56255,1.50,1.50
2011.11.23 01:33:46.321,1.56243,1.56259,2.25,2.25
2011.11.23 01:33:46.440,1.56241,1.56257,2.25,1.50
2011.11.23 01:33:46.807,1.56241,1.56257,2.25,1.50
2011.11.23 01:33:47.068,1.56236,1.56246,1.50,1.50
2011.11.23 01:33:47.194,1.56236,1.56244,1.50,1.50
2011.11.23 01:33:47.324,1.56228,1.56244,3.00,1.50
2011.11.23 01:33:47.452,1.56228,1.56244,3.00,1.50
2011.11.23 01:33:47.571,1.56228,1.56241,1.50,1.50
2011.11.23 01:33:47.929,1.56228,1.56239,1.50,1.50
2011.11.23 01:33:48.050,1.56228,1.56242,1.50,1.50
2011.11.23 01:33:48.169,1.56228,1.56244,3.00,1.50
2011.11.23 01:33:48.670,1.56228,1.56242,1.50,1.50
2011.11.23 01:33:49.267,1.56225,1.5624,1.50,1.50
2011.11.23 01:33:50.228,1.56226,1.56242,3.00,1.50
2011.11.23 01:33:50.869,1.56226,1.56242,3.00,1.50
2011.11.23 01:33:51.577,1.56224,1.5624,2.25,1.50
2011.11.23 01:33:52.160,1.56224,1.5624,2.25,1.50
2011.11.23 01:33:52.870,1.56224,1.5624,2.25,1.50
2011.11.23 01:33:53.513,1.56224,1.5624,2.25,1.50
2011.11.23 01:33:53.875,1.56225,1.5624,1.50,1.50
2011.11.23 01:33:54.582,1.56226,1.56242,2.25,1.50
2011.11.23 01:33:55.637,1.56225,1.56239,1.50,1.50
2011.11.23 01:33:56.000,1.56222,1.56235,1.50,1.50
2011.11.23 01:33:56.601,1.56222,1.56235,1.50,1.50
2011.11.23 01:33:57.327,1.56222,1.56235,1.50,1.50
2011.11.23 01:33:57.574,1.56222,1.56237,1.50,1.50
2011.11.23 01:33:58.181,1.56216,1.56237,2.25,1.50
2011.11.23 01:33:58.785,1.56221,1.56237,3.00,1.50
2011.11.23 01:33:59.039,1.56223,1.56239,2.25,1.50
2011.11.23 01:33:59.816,1.56223,1.56239,2.25,1.50
2011.11.23 01:34:00.068,1.56221,1.56237,3.00,1.50
2011.11.23 01:34:00.191,1.56221,1.56235,1.50,1.50
2011.11.23 01:34:01.037,1.56221,1.56237,3.00,1.50
2011.11.23 01:34:01.165,1.56221,1.56235,1.50,1.50
2011.11.23 01:34:01.771,1.56221,1.56235,1.50,1.50
2011.11.23 01:34:02.370,1.56221,1.56235,1.50,1.50
2011.11.23 01:34:03.079,1.56221,1.56235,1.50,1.50
2011.11.23 01:34:03.860,1.5622,1.56235,1.50,1.50
2011.11.23 01:34:04.388,1.5622,1.56235,1.50,1.50
2011.11.23 01:34:04.870,1.5622,1.56233,1.50,1.50
2011.11.23 01:34:05.593,1.56219,1.56233,1.50,1.50
2011.11.23 01:34:05.716,1.56219,1.56235,2.25,1.50
2011.11.23 01:34:06.274,1.56219,1.56235,2.25,1.50
2011.11.23 01:34:06.760,1.56218,1.56233,1.50,1.50
2011.11.23 01:34:07.380,1.56218,1.56233,1.50,1.50
2011.11.23 01:34:08.260,1.56218,1.56233,1.50,1.50
2011.11.23 01:34:09.137,1.56218,1.56233,1.50,1.50
2011.11.23 01:34:09.849,1.56218,1.56233,1.50,1.50
2011.11.23 01:34:10.361,1.56219,1.56235,2.25,1.50
2011.11.23 01:34:10.943,1.56221,1.56237,2.25,1.50
2011.11.23 01:34:15.388,1.56223,1.56239,2.25,1.50
2011.11.23 01:34:16.397,1.56223,1.56239,2.25,1.50
2011.11.23 01:34:16.969,1.56223,1.56239,2.25,1.50
2011.11.23 01:34:17.214,1.56223,1.56239,2.25,1.50
2011.11.23 01:34:17.345,1.56225,1.56241,2.25,1.50
2011.11.23 01:34:17.722,1.56223,1.56239,2.25,1.50
2011.11.23 01:34:17.843,1.56227,1.56243,2.25,1.50
2011.11.23 01:34:18.535,1.56227,1.56243,2.25,1.50
2011.11.23 01:34:20.128,1.56227,1.56243,2.25,1.50
2011.11.23 01:34:20.837,1.56227,1.56243,2.25,1.50
2011.11.23 01:34:21.630,1.56227,1.56243,2.25,1.50
2011.11.23 01:34:21.857,1.56229,1.56245,2.25,1.50
2011.11.23 01:34:24.237,1.56229,1.56245,2.25,1.50
2011.11.23 01:34:24.845,1.56229,1.56245,2.25,1.50
2011.11.23 01:34:25.740,1.56229,1.56245,2.25,1.50
2011.11.23 01:34:26.407,1.56229,1.56245,2.25,1.50
2011.11.23 01:34:26.938,1.56229,1.56245,2.25,1.50
2011.11.23 01:34:27.600,1.56227,1.56243,2.25,1.50
2011.11.23 01:34:28.478,1.56225,1.56241,2.25,1.50
2011.11.23 01:34:28.841,1.56225,1.56241,2.25,1.88
2011.11.23 01:34:29.339,1.56225,1.56241,2.25,1.88
2011.11.23 01:34:29.824,1.56225,1.56241,2.25,1.88
2011.11.23 01:34:30.430,1.56225,1.56241,2.25,1.69
2011.11.23 01:34:31.240,1.56225,1.56241,2.25,1.69
2011.11.23 01:34:32.648,1.56225,1.56241,2.25,1.69
2011.11.23 01:34:33.330,1.56225,1.56241,2.25,1.69
2011.11.23 01:34:33.901,1.56225,1.56241,2.25,1.69
2011.11.23 01:34:35.071,1.56225,1.56241,2.25,1.69
2011.11.23 01:34:35.958,1.5623,1.56246,2.25,2.25
2011.11.23 01:34:36.094,1.5623,1.56246,2.25,1.69
2011.11.23 01:34:36.920,1.5623,1.56246,2.25,1.69
2011.11.23 01:34:37.519,1.5623,1.56246,2.25,1.69
2011.11.23 01:34:38.793,1.56232,1.56248,2.25,1.69
2011.11.23 01:34:39.995,1.56232,1.56248,2.25,1.69
2011.11.23 01:34:40.498,1.56232,1.56248,2.25,1.69
2011.11.23 01:34:41.015,1.56232,1.56248,2.25,1.69
2011.11.23 01:34:41.619,1.56232,1.56248,2.25,1.69
2011.11.23 01:34:42.218,1.56232,1.56248,2.25,1.69
2011.11.23 01:34:42.799,1.56232,1.56248,2.25,1.69
2011.11.23 01:34:43.390,1.56234,1.5625,2.25,1.69
2011.11.23 01:34:43.969,1.56234,1.5625,2.25,1.69
2011.11.23 01:34:44.573,1.56236,1.56252,2.25,2.25
2011.11.23 01:34:45.291,1.56234,1.5625,2.25,1.69
2011.11.23 01:34:45.998,1.56234,1.5625,2.25,1.69
2011.11.23 01:34:46.362,1.56237,1.56252,1.13,1.88
2011.11.23 01:34:46.487,1.56238,1.56254,2.25,1.69
2011.11.23 01:34:47.212,1.56241,1.56257,2.25,1.50
2011.11.23 01:34:47.452,1.56238,1.56254,2.25,1.50
2011.11.23 01:34:47.796,1.56241,1.56257,2.25,1.50
2011.11.23 01:34:48.409,1.56239,1.56255,2.25,1.50
2011.11.23 01:34:48.541,1.56236,1.56252,2.25,1.50
2011.11.23 01:34:48.667,1.56234,1.56249,1.32,1.50
2011.11.23 01:34:48.910,1.56233,1.56249,2.25,1.69
2011.11.23 01:34:51.551,1.56233,1.56249,2.25,1.69
2011.11.23 01:34:52.331,1.56233,1.56249,2.25,1.69
2011.11.23 01:34:52.920,1.56233,1.56249,2.25,1.69
2011.11.23 01:34:53.284,1.5623,1.56242,1.50,1.13
2011.11.23 01:34:53.537,1.56229,1.56241,1.13,2.44
2011.11.23 01:34:53.665,1.56229,1.56241,1.13,1.50
2011.11.23 01:34:54.278,1.56227,1.56241,1.13,1.50
2011.11.23 01:34:54.523,1.56221,1.56245,1.50,1.50
2011.11.23 01:34:55.013,1.56219,1.5624,1.43,1.13
2011.11.23 01:34:55.569,1.56219,1.56233,1.05,1.50
2011.11.23 01:34:56.178,1.56223,1.56237,1.50,1.69
2011.11.23 01:34:56.307,1.56226,1.56235,1.13,1.50
2011.11.23 01:34:56.672,1.56227,1.56237,1.13,1.50
2011.11.23 01:34:56.796,1.56225,1.56241,1.13,1.13
2011.11.23 01:34:57.164,1.56217,1.56231,1.65,2.44
2011.11.23 01:34:57.535,1.56217,1.56231,1.50,1.69
2011.11.23 01:34:58.011,1.56217,1.56229,1.50,1.50
2011.11.23 01:34:59.170,1.56217,1.56229,1.50,1.50
2011.11.23 01:34:59.816,1.56217,1.56229,1.50,1.50
2011.11.23 01:35:00.782,1.56217,1.56229,1.50,1.50
2011.11.23 01:35:01.380,1.56213,1.56229,3.53,1.50
2011.11.23 01:35:02.371,1.56213,1.56229,3.53,1.50
2011.11.23 01:35:04.670,1.56215,1.56231,2.25,1.69
2011.11.23 01:35:04.908,1.56215,1.56231,2.25,1.69
2011.11.23 01:35:05.489,1.56215,1.56231,2.25,1.69
2011.11.23 01:35:06.171,1.56215,1.56231,2.25,1.69
2011.11.23 01:35:06.523,1.56213,1.56229,2.55,1.50
2011.11.23 01:35:07.360,1.56217,1.56229,1.50,1.50
2011.11.23 01:35:08.201,1.56217,1.56229,1.13,1.50
2011.11.23 01:35:09.920,1.56217,1.56231,1.13,1.50
2011.11.23 01:35:10.160,1.56218,1.56231,1.05,1.50
2011.11.23 01:35:10.752,1.56219,1.56231,1.05,1.50
2011.11.23 01:35:13.350,1.56219,1.56231,1.05,1.50
2011.11.23 01:35:13.886,1.56219,1.56231,1.05,1.50
2011.11.23 01:35:16.561,1.56219,1.56231,1.05,1.50
2011.11.23 01:35:17.480,1.56219,1.56231,1.05,1.50
2011.11.23 01:35:17.611,1.56219,1.56231,1.05,1.50
2011.11.23 01:35:18.211,1.56219,1.56231,1.05,1.50
2011.11.23 01:35:18.818,1.56219,1.56233,1.05,1.50
2011.11.23 01:35:20.849,1.56219,1.56233,1.05,1.50
2011.11.23 01:35:21.394,1.56219,1.56233,1.05,1.50
2011.11.23 01:35:22.671,1.56219,1.56235,2.55,1.50
2011.11.23 01:35:22.912,1.56219,1.56233,1.05,1.50
2011.11.23 01:35:24.529,1.56219,1.56233,1.05,1.50
2011.11.23 01:35:25.706,1.56219,1.56233,1.05,1.50
2011.11.23 01:35:26.287,1.56219,1.56233,1.05,1.50
2011.11.23 01:35:28.079,1.56219,1.56231,1.05,1.50
2011.11.23 01:35:28.671,1.56219,1.56231,1.05,1.50
2011.11.23 01:35:29.361,1.56219,1.56231,1.05,1.50
2011.11.23 01:35:29.726,1.56217,1.56227,1.50,1.50
2011.11.23 01:35:29.853,1.56217,1.5623,1.50,1.50
2011.11.23 01:35:30.336,1.56218,1.56232,1.05,1.50
2011.11.23 01:35:30.471,1.56215,1.5623,1.50,1.50
2011.11.23 01:35:30.717,1.56213,1.56225,1.05,1.50
2011.11.23 01:35:30.965,1.56213,1.56225,1.05,1.50
2011.11.23 01:35:31.212,1.56209,1.56225,2.25,1.50
2011.11.23 01:35:31.573,1.56209,1.56225,2.25,1.50
2011.11.23 01:35:31.708,1.56209,1.56225,2.25,1.50
2011.11.23 01:35:32.485,1.56208,1.56224,2.55,1.50
2011.11.23 01:35:32.616,1.56209,1.56224,1.05,1.50
2011.11.23 01:35:32.863,1.56209,1.56222,1.05,1.50
2011.11.23 01:35:33.692,1.56208,1.56224,2.25,1.50
2011.11.23 01:35:33.824,1.56207,1.56222,1.80,1.50
2011.11.23 01:35:34.074,1.56208,1.56224,2.40,1.50
2011.11.23 01:35:34.321,1.56207,1.56222,1.80,1.50
2011.11.23 01:35:38.408,1.56208,1.56222,1.05,1.50
2011.11.23 01:35:40.300,1.56208,1.56222,1.05,1.50
2011.11.23 01:35:40.863,1.56208,1.56222,1.05,1.50
2011.11.23 01:35:41.838,1.56208,1.56221,1.05,1.50
2011.11.23 01:35:42.444,1.56209,1.56221,1.35,1.50
2011.11.23 01:35:43.176,1.56209,1.56223,1.35,1.50
2011.11.23 01:35:43.316,1.56209,1.56221,1.35,1.50
2011.11.23 01:35:44.169,1.56209,1.56221,1.35,1.50
2011.11.23 01:35:44.414,1.56209,1.56221,1.35,1.50
2011.11.23 01:35:44.546,1.56209,1.56217,1.05,1.50
2011.11.23 01:35:44.674,1.56203,1.56217,1.95,1.50
2011.11.23 01:35:44.804,1.56203,1.56217,1.95,1.50
2011.11.23 01:35:45.524,1.56201,1.56216,1.50,1.50
2011.11.23 01:35:45.891,1.56202,1.56218,2.55,1.50
2011.11.23 01:35:46.131,1.56202,1.56216,1.05,1.50
2011.11.23 01:35:46.490,1.56202,1.56218,2.55,1.50
2011.11.23 01:35:46.854,1.56202,1.56216,1.05,1.50
2011.11.23 01:35:49.188,1.562,1.56216,2.25,1.50
2011.11.23 01:35:49.439,1.562,1.56216,2.25,1.50
2011.11.23 01:35:50.260,1.562,1.56216,2.25,1.50
2011.11.23 01:35:50.746,1.562,1.56216,2.25,1.50
2011.11.23 01:35:51.315,1.56198,1.56214,2.25,1.50
2011.11.23 01:35:51.910,1.56198,1.56214,2.25,1.50
2011.11.23 01:35:52.510,1.56198,1.56214,2.25,1.50
2011.11.23 01:35:52.859,1.56198,1.56214,2.25,1.50
2011.11.23 01:35:53.439,1.56198,1.56214,2.25,1.50
2011.11.23 01:35:53.560,1.562,1.56216,2.25,1.50
2011.11.23 01:35:54.128,1.562,1.56216,2.25,1.50
2011.11.23 01:35:54.492,1.56202,1.56218,2.25,1.50
2011.11.23 01:35:55.083,1.56202,1.56218,2.25,1.50
2011.11.23 01:35:55.561,1.56204,1.56219,2.25,2.07
2011.11.23 01:35:56.282,1.56201,1.56217,2.25,1.50
2011.11.23 01:35:56.641,1.56201,1.56217,2.25,1.50
2011.11.23 01:35:56.886,1.56203,1.56219,2.25,1.50
2011.11.23 01:35:58.254,1.56203,1.56219,2.25,1.50
2011.11.23 01:35:58.878,1.56203,1.56219,2.25,1.50
2011.11.23 01:35:59.411,1.56203,1.56219,2.25,1.50
2011.11.23 01:35:59.762,1.56201,1.56217,3.75,1.50
2011.11.23 01:36:00.359,1.56204,1.5622,2.25,1.50
2011.11.23 01:36:00.723,1.56204,1.5622,2.25,1.50
2011.11.23 01:36:01.079,1.56202,1.56218,2.25,1.50
2011.11.23 01:36:01.822,1.562,1.56216,2.25,1.50
2011.11.23 01:36:01.947,1.562,1.56216,2.25,1.50
2011.11.23 01:36:02.540,1.562,1.56216,2.25,1.50
2011.11.23 01:36:02.660,1.562,1.56216,2.25,1.50
2011.11.23 01:36:03.252,1.562,1.56216,2.25,1.50
2011.11.23 01:36:03.372,1.562,1.56216,2.25,2.25
2011.11.23 01:36:03.734,1.56196,1.56212,2.25,3.91
2011.11.23 01:36:03.866,1.5619,1.56211,2.25,1.50
2011.11.23 01:36:04.116,1.5619,1.56206,2.25,1.50
2011.11.23 01:36:04.724,1.5619,1.56206,2.25,1.50
2011.11.23 01:36:05.235,1.56188,1.56204,2.25,1.50
2011.11.23 01:36:05.962,1.56186,1.56207,3.00,1.50
2011.11.23 01:36:08.075,1.5618,1.56205,2.40,2.82
2011.11.23 01:36:08.323,1.56182,1.56203,2.25,1.50
2011.11.23 01:36:08.752,1.56182,1.56202,1.50,1.85
2011.11.23 01:36:08.878,1.56178,1.56199,1.50,2.25
2011.11.23 01:36:09.366,1.56176,1.56192,2.25,1.50
2011.11.23 01:36:09.971,1.56176,1.56192,2.25,1.50
2011.11.23 01:36:10.209,1.56178,1.56194,1.50,2.25
2011.11.23 01:36:10.812,1.56178,1.56194,2.25,1.50
2011.11.23 01:36:11.417,1.56178,1.56194,2.25,1.50
2011.11.23 01:36:13.107,1.56178,1.56194,2.25,1.50
2011.11.23 01:36:13.458,1.56181,1.56197,1.50,3.75
2011.11.23 01:36:13.579,1.56179,1.56195,2.25,1.69
2011.11.23 01:36:14.175,1.56177,1.56193,2.25,2.63
2011.11.23 01:36:14.780,1.56177,1.56193,2.25,2.63
2011.11.23 01:36:15.369,1.56177,1.56193,2.25,2.82
2011.11.23 01:36:15.968,1.56177,1.56193,2.25,2.82
2011.11.23 01:36:16.527,1.56177,1.56193,2.25,2.82
2011.11.23 01:36:17.123,1.56177,1.56193,2.25,1.50
2011.11.23 01:36:17.480,1.56185,1.562,2.25,1.13
2011.11.23 01:36:17.601,1.56185,1.56201,2.25,2.07
2011.11.23 01:36:18.134,1.56183,1.56202,2.25,1.32
2011.11.23 01:36:21.236,1.56183,1.56199,2.25,1.50
2011.11.23 01:36:21.593,1.56183,1.56199,2.25,1.50
2011.11.23 01:36:22.672,1.56184,1.56199,1.50,1.50
2011.11.23 01:36:22.913,1.56185,1.56201,2.25,1.50
2011.11.23 01:36:23.620,1.56185,1.56201,2.25,1.50
2011.11.23 01:36:23.989,1.56189,1.56205,1.50,3.38
2011.11.23 01:36:24.120,1.56191,1.56205,2.25,1.13
2011.11.23 01:36:24.722,1.5619,1.56206,2.25,1.50
2011.11.23 01:36:25.329,1.5619,1.56206,2.25,1.50
2011.11.23 01:36:25.959,1.56189,1.56209,1.50,1.50
2011.11.23 01:36:26.324,1.56189,1.56207,1.50,1.50
2011.11.23 01:36:27.132,1.56189,1.56205,1.50,1.50
2011.11.23 01:36:27.370,1.56187,1.56208,2.63,1.50
2011.11.23 01:36:27.492,1.56189,1.5621,2.25,5.63
2011.11.23 01:36:27.850,1.56187,1.56203,2.25,1.50
2011.11.23 01:36:28.833,1.56187,1.56203,2.25,1.50
2011.11.23 01:36:29.190,1.56189,1.56205,2.25,1.50
2011.11.23 01:36:29.767,1.56189,1.56205,2.25,1.50
2011.11.23 01:36:30.281,1.56189,1.56205,2.25,1.50
2011.11.23 01:36:30.745,1.56187,1.56208,2.25,1.50
2011.11.23 01:36:31.408,1.56187,1.56208,2.25,1.50
2011.11.23 01:36:32.419,1.56187,1.56203,2.25,1.50
2011.11.23 01:36:32.978,1.56187,1.56203,2.25,1.50
2011.11.23 01:36:33.332,1.56189,1.56205,2.25,1.50
2011.11.23 01:36:34.447,1.56189,1.56205,2.25,1.50
2011.11.23 01:36:35.382,1.56193,1.56209,2.25,2.25
2011.11.23 01:36:36.063,1.56195,1.56211,2.25,1.69
2011.11.23 01:36:36.674,1.56195,1.56211,2.25,1.50
2011.11.23 01:36:40.258,1.56195,1.56211,2.25,1.50
2011.11.23 01:36:40.379,1.56197,1.56213,2.25,1.50
2011.11.23 01:36:40.500,1.56197,1.56213,2.25,1.50
2011.11.23 01:36:42.245,1.56197,1.56213,2.25,1.50
2011.11.23 01:36:42.614,1.56199,1.56215,2.25,1.50
2011.11.23 01:36:43.099,1.56199,1.56215,2.25,1.50
2011.11.23 01:36:44.018,1.56197,1.56213,2.25,1.50
2011.11.23 01:36:44.384,1.56199,1.56215,2.25,1.50
2011.11.23 01:36:44.957,1.56199,1.56215,2.25,1.50
2011.11.23 01:36:47.424,1.56199,1.56215,2.25,1.50
2011.11.23 01:36:48.016,1.56199,1.56215,2.25,1.50
2011.11.23 01:36:48.582,1.56197,1.56213,2.25,1.50
2011.11.23 01:36:49.165,1.56197,1.56213,2.25,1.50
2011.11.23 01:36:50.938,1.56197,1.56213,2.25,1.50
2011.11.23 01:36:51.578,1.56199,1.56215,2.25,1.50
2011.11.23 01:36:52.051,1.56199,1.56215,2.25,1.50
2011.11.23 01:36:52.290,1.56199,1.56215,2.25,1.50
2011.11.23 01:36:52.979,1.56201,1.56217,2.25,1.69
2011.11.23 01:36:54.812,1.56201,1.56217,1.50,2.44
2011.11.23 01:36:55.269,1.56199,1.56215,2.25,1.50
2011.11.23 01:36:56.055,1.56201,1.56217,1.50,2.44
2011.11.23 01:36:56.180,1.56199,1.56215,2.25,1.50
2011.11.23 01:36:57.212,1.56199,1.56215,2.25,1.50
2011.11.23 01:36:57.455,1.56204,1.56219,1.50,1.32
2011.11.23 01:36:57.588,1.562,1.56216,2.25,1.69
2011.11.23 01:36:58.263,1.56199,1.56215,2.25,1.50
2011.11.23 01:36:58.860,1.562,1.56216,1.50,2.44
2011.11.23 01:36:59.940,1.56198,1.56214,2.25,1.50
2011.11.23 01:37:00.399,1.56198,1.56214,2.25,1.50
2011.11.23 01:37:00.907,1.56198,1.56214,2.25,1.50
2011.11.23 01:37:01.861,1.56198,1.56214,2.25,1.50
2011.11.23 01:37:02.335,1.562,1.56216,2.25,1.50
2011.11.23 01:37:02.464,1.56203,1.56218,2.25,1.32
2011.11.23 01:37:02.985,1.56208,1.56221,2.25,2.25
2011.11.23 01:37:03.116,1.56208,1.56221,2.25,1.50
2011.11.23 01:37:04.770,1.56208,1.56221,2.25,1.50
2011.11.23 01:37:07.461,1.56208,1.56221,2.25,1.50
2011.11.23 01:37:08.051,1.56208,1.56221,2.25,1.50
2011.11.23 01:37:09.097,1.56208,1.56221,2.25,1.50
2011.11.23 01:37:09.464,1.56208,1.56224,2.25,2.07
2011.11.23 01:37:09.591,1.56208,1.56224,2.25,1.69
2011.11.23 01:37:09.836,1.56217,1.56233,2.25,4.50
2011.11.23 01:37:10.088,1.56219,1.56237,2.25,1.69
2011.11.23 01:37:10.211,1.56219,1.5624,2.25,2.25
2011.11.23 01:37:10.331,1.56216,1.5624,1.69,1.50
2011.11.23 01:37:11.202,1.56217,1.56241,1.50,1.50
2011.11.23 01:37:11.805,1.56218,1.56243,1.50,1.88
2011.11.23 01:37:11.931,1.56218,1.56244,1.50,1.69
2011.11.23 01:37:12.290,1.56218,1.56245,1.50,1.13
2011.11.23 01:37:12.869,1.56218,1.56245,1.50,1.13
2011.11.23 01:37:13.471,1.5622,1.56246,1.50,1.32
2011.11.23 01:37:14.073,1.5622,1.56246,1.50,1.32
2011.11.23 01:37:14.706,1.56221,1.56246,1.88,1.32
2011.11.23 01:37:15.313,1.56221,1.56246,1.88,1.32
2011.11.23 01:37:18.820,1.56221,1.56246,1.50,1.32
2011.11.23 01:37:19.392,1.56221,1.56246,1.50,1.32
2011.11.23 01:37:20.214,1.56222,1.56249,2.25,1.88
2011.11.23 01:37:20.586,1.56226,1.56254,2.25,2.25
2011.11.23 01:37:21.182,1.56226,1.56253,2.25,1.50
2011.11.23 01:37:21.663,1.56226,1.56254,2.25,2.25
2011.11.23 01:37:22.562,1.56227,1.56254,1.50,1.50
2011.11.23 01:37:22.803,1.56227,1.56256,1.69,1.32
2011.11.23 01:37:24.754,1.56231,1.56256,2.25,2.07
2011.11.23 01:37:24.886,1.56235,1.56251,2.25,1.50
2011.11.23 01:37:25.253,1.56237,1.56253,2.25,1.50
2011.11.23 01:37:25.981,1.56239,1.56255,2.25,1.50
2011.11.23 01:37:26.105,1.56239,1.56255,2.25,1.50
2011.11.23 01:37:26.713,1.56236,1.56252,2.25,1.50
2011.11.23 01:37:26.954,1.56236,1.56252,2.25,1.50
2011.11.23 01:37:27.679,1.56236,1.56252,2.25,1.50
2011.11.23 01:37:28.436,1.56236,1.56252,2.25,1.50
2011.11.23 01:37:29.391,1.56236,1.56252,2.25,1.50
2011.11.23 01:37:30.199,1.56236,1.56252,2.25,1.50
2011.11.23 01:37:30.759,1.56236,1.56252,2.25,1.50
2011.11.23 01:37:31.349,1.56236,1.56252,2.25,1.50
2011.11.23 01:37:32.564,1.56236,1.56252,2.25,1.50
2011.11.23 01:37:33.057,1.56236,1.56252,2.25,2.25
2011.11.23 01:37:33.425,1.56229,1.56242,1.35,1.50
2011.11.23 01:37:33.554,1.56229,1.56244,1.35,1.50
2011.11.23 01:37:33.684,1.56229,1.56244,1.35,1.50
2011.11.23 01:37:34.288,1.56229,1.56244,1.35,1.50
2011.11.23 01:37:34.879,1.56229,1.56244,1.35,1.50
2011.11.23 01:37:35.372,1.56229,1.56242,1.35,1.50
2011.11.23 01:37:35.611,1.56228,1.56244,2.25,2.25
2011.11.23 01:37:36.081,1.56226,1.56242,2.25,1.50
2011.11.23 01:37:36.208,1.56228,1.56244,2.25,2.25
2011.11.23 01:37:36.810,1.56228,1.56244,2.25,2.25
2011.11.23 01:37:37.409,1.56228,1.56244,2.25,2.25
2011.11.23 01:37:38.011,1.56228,1.56244,2.25,2.25
2011.11.23 01:37:38.256,1.56228,1.56244,2.25,2.25
2011.11.23 01:37:38.506,1.56228,1.56244,2.25,2.25
2011.11.23 01:37:38.873,1.56228,1.56244,2.25,2.25
2011.11.23 01:37:39.119,1.56228,1.56244,2.25,2.25
2011.11.23 01:37:39.668,1.56228,1.56244,2.25,2.25
2011.11.23 01:37:40.622,1.56228,1.56244,2.25,2.25
2011.11.23 01:37:41.455,1.56228,1.56244,2.25,2.25
2011.11.23 01:37:41.827,1.5623,1.56246,2.25,1.69
2011.11.23 01:37:42.191,1.56232,1.56248,2.25,1.50
2011.11.23 01:37:42.625,1.56234,1.5625,2.25,1.69
2011.11.23 01:37:42.760,1.56238,1.56254,2.25,2.25
2011.11.23 01:37:42.879,1.56236,1.56252,2.25,1.50
2011.11.23 01:37:43.001,1.56236,1.56252,2.25,1.50
2011.11.23 01:37:44.331,1.56236,1.56252,2.25,1.50
2011.11.23 01:37:50.959,1.56236,1.56252,2.25,1.50
2011.11.23 01:37:51.190,1.56236,1.56252,2.25,1.50
2011.11.23 01:37:52.209,1.56236,1.56252,2.25,1.50
2011.11.23 01:37:56.873,1.56234,1.5625,2.25,1.50
2011.11.23 01:37:57.005,1.56234,1.5625,2.25,1.50
2011.11.23 01:37:57.132,1.5623,1.56246,2.25,1.50
2011.11.23 01:37:57.735,1.56235,1.56251,2.25,1.50
2011.11.23 01:37:57.862,1.56235,1.56251,2.25,1.50
2011.11.23 01:37:58.331,1.56233,1.56249,2.25,1.50
2011.11.23 01:37:59.434,1.56233,1.56249,2.25,1.50
2011.11.23 01:38:00.009,1.56235,1.56251,2.25,1.50
2011.11.23 01:38:00.613,1.56235,1.56251,2.25,1.50
2011.11.23 01:38:01.561,1.56235,1.56251,2.25,1.50
2011.11.23 01:38:02.159,1.56235,1.56251,2.25,1.50
2011.11.23 01:38:02.850,1.56235,1.56251,2.25,1.50
2011.11.23 01:38:03.974,1.56235,1.56251,2.25,1.50
2011.11.23 01:38:04.550,1.56235,1.56251,2.25,1.50
2011.11.23 01:38:05.870,1.56235,1.56251,2.25,1.50
2011.11.23 01:38:10.532,1.56235,1.56251,2.25,1.50
2011.11.23 01:38:10.658,1.56237,1.56253,2.25,1.50
2011.11.23 01:38:11.028,1.56246,1.56259,1.50,1.13
2011.11.23 01:38:11.389,1.56246,1.56262,2.25,2.25
2011.11.23 01:38:11.981,1.56246,1.56262,2.25,1.50
2011.11.23 01:38:12.481,1.56244,1.5626,2.25,1.50
2011.11.23 01:38:14.033,1.56244,1.5626,2.25,1.50
2011.11.23 01:38:14.610,1.56244,1.5626,2.25,1.50
2011.11.23 01:38:18.630,1.56244,1.5626,2.25,1.50
2011.11.23 01:38:19.232,1.56244,1.5626,2.25,1.50
2011.11.23 01:38:20.079,1.56242,1.56258,2.25,1.50
2011.11.23 01:38:20.696,1.56242,1.56258,2.25,1.50
2011.11.23 01:38:21.467,1.56242,1.56258,2.25,1.50
2011.11.23 01:38:21.830,1.56244,1.5626,2.25,1.50
2011.11.23 01:38:22.921,1.56244,1.5626,2.25,1.50
2011.11.23 01:38:24.199,1.56244,1.5626,2.25,1.50
2011.11.23 01:38:24.875,1.56244,1.5626,2.25,1.50
2011.11.23 01:38:26.647,1.56244,1.5626,2.25,1.50
2011.11.23 01:38:27.025,1.56246,1.56262,2.25,1.50
2011.11.23 01:38:27.632,1.56247,1.56263,2.25,1.50
2011.11.23 01:38:28.641,1.56247,1.56263,2.25,1.50
2011.11.23 01:38:28.762,1.56245,1.56261,2.25,1.50
2011.11.23 01:38:29.601,1.56245,1.56261,2.25,1.50
2011.11.23 01:38:30.190,1.56245,1.56261,2.25,1.50
2011.11.23 01:38:30.989,1.56245,1.56261,2.25,1.50
2011.11.23 01:38:31.739,1.56245,1.56261,2.25,1.50
2011.11.23 01:38:32.191,1.56245,1.56261,2.25,1.50
2011.11.23 01:38:34.181,1.56243,1.56259,2.25,1.50
2011.11.23 01:38:38.056,1.56243,1.56259,2.25,1.50
2011.11.23 01:38:38.302,1.56243,1.56259,2.25,1.50
2011.11.23 01:38:38.422,1.5624,1.56255,1.24,1.50
2011.11.23 01:38:38.542,1.5624,1.56255,1.05,1.50
2011.11.23 01:38:38.661,1.5624,1.56252,1.05,1.50
2011.11.23 01:38:39.398,1.5624,1.56252,1.05,1.50
2011.11.23 01:38:39.524,1.5624,1.56254,1.05,1.50
2011.11.23 01:38:40.121,1.5624,1.56254,1.05,1.50
2011.11.23 01:38:41.776,1.5624,1.56254,1.50,1.50
2011.11.23 01:38:42.369,1.56238,1.56254,2.40,1.50
2011.11.23 01:38:42.615,1.5624,1.56256,2.25,1.50
2011.11.23 01:38:42.740,1.56243,1.56259,2.25,2.25
2011.11.23 01:38:42.981,1.56243,1.56259,2.25,1.50
2011.11.23 01:38:43.550,1.56243,1.56259,2.25,1.50
2011.11.23 01:38:44.362,1.56243,1.56259,2.25,1.50
2011.11.23 01:38:45.363,1.56243,1.56259,2.25,1.50
2011.11.23 01:38:46.159,1.56243,1.56259,2.25,1.50
2011.11.23 01:38:46.841,1.56243,1.56259,2.25,1.50
2011.11.23 01:38:47.428,1.56243,1.56259,2.25,1.50
2011.11.23 01:38:49.484,1.56237,1.56253,2.93,1.50
2011.11.23 01:38:50.051,1.56243,1.56259,2.25,2.44
2011.11.23 01:38:50.534,1.56243,1.56259,2.25,1.69
2011.11.23 01:38:51.379,1.56243,1.56259,2.25,1.50
2011.11.23 01:38:51.922,1.56245,1.56261,2.25,1.50
2011.11.23 01:38:52.520,1.56245,1.56261,2.25,1.50
2011.11.23 01:38:53.116,1.56245,1.56261,2.25,1.50
2011.11.23 01:38:53.365,1.56245,1.56261,2.25,1.50
2011.11.23 01:38:54.490,1.56245,1.56261,2.25,1.50
2011.11.23 01:38:55.170,1.56243,1.56259,2.25,1.50
2011.11.23 01:38:55.419,1.56241,1.56257,2.25,1.50
2011.11.23 01:38:56.021,1.56241,1.56257,2.25,1.50
2011.11.23 01:38:58.509,1.56241,1.56257,2.25,1.50
2011.11.23 01:38:59.199,1.56241,1.56257,2.25,1.50
2011.11.23 01:38:59.430,1.56241,1.56257,2.25,1.50
2011.11.23 01:39:00.277,1.56241,1.56257,2.25,1.50
2011.11.23 01:39:00.640,1.56239,1.56255,2.85,1.50
2011.11.23 01:39:00.880,1.56241,1.56257,2.25,1.50
2011.11.23 01:39:01.000,1.56237,1.56253,3.00,1.50
2011.11.23 01:39:01.480,1.56239,1.56255,2.25,1.50
2011.11.23 01:39:03.762,1.56239,1.56255,2.25,1.50
2011.11.23 01:39:04.006,1.56236,1.56257,2.25,1.50
2011.11.23 01:39:04.629,1.56234,1.56255,2.40,3.00
2011.11.23 01:39:04.766,1.56237,1.56257,2.25,2.25
2011.11.23 01:39:04.896,1.56235,1.56256,2.25,2.63
2011.11.23 01:39:05.499,1.56235,1.56256,2.25,3.38
2011.11.23 01:39:05.622,1.56233,1.56254,2.25,1.50
2011.11.23 01:39:06.519,1.56233,1.56249,2.25,1.50
2011.11.23 01:39:07.779,1.56233,1.56249,2.25,1.50
2011.11.23 01:39:08.880,1.56233,1.56249,2.25,1.50
2011.11.23 01:39:09.471,1.56233,1.56249,2.25,1.50
2011.11.23 01:39:10.137,1.56233,1.56249,2.25,1.50
2011.11.23 01:39:10.718,1.56231,1.56247,2.25,1.50
2011.11.23 01:39:13.559,1.56233,1.56249,2.25,1.50
2011.11.23 01:39:14.361,1.56233,1.56249,2.25,1.50
2011.11.23 01:39:15.241,1.56233,1.56249,2.25,1.50
2011.11.23 01:39:17.090,1.56231,1.56247,2.25,1.50
2011.11.23 01:39:17.337,1.56231,1.56247,2.25,1.50
2011.11.23 01:39:17.468,1.56225,1.5624,1.50,1.50
2011.11.23 01:39:17.836,1.56221,1.56237,2.25,1.50
2011.11.23 01:39:18.200,1.5622,1.56234,1.50,1.50
2011.11.23 01:39:18.563,1.5622,1.56232,1.50,1.50
2011.11.23 01:39:18.799,1.5622,1.56232,1.50,1.50
2011.11.23 01:39:19.640,1.56218,1.56232,1.50,1.50
2011.11.23 01:39:20.180,1.56218,1.56232,1.50,1.50
2011.11.23 01:39:20.890,1.56218,1.56232,1.50,1.50
2011.11.23 01:39:21.470,1.56218,1.56232,1.50,1.50
2011.11.23 01:39:21.591,1.56218,1.56232,1.50,1.50
2011.11.23 01:39:23.547,1.5622,1.56243,1.50,1.13
2011.11.23 01:39:23.677,1.56221,1.56237,2.25,1.50
2011.11.23 01:39:23.802,1.56223,1.56239,2.25,1.50
2011.11.23 01:39:24.042,1.56226,1.56242,2.25,1.69
2011.11.23 01:39:24.164,1.56226,1.56242,2.25,1.69
2011.11.23 01:39:24.292,1.56226,1.56242,2.25,1.50
2011.11.23 01:39:24.878,1.56224,1.5624,2.25,1.50
2011.11.23 01:39:27.704,1.56224,1.5624,2.25,1.50
2011.11.23 01:39:27.832,1.56226,1.56242,2.25,1.50
2011.11.23 01:39:28.518,1.56226,1.56242,2.25,1.50
2011.11.23 01:39:29.265,1.56226,1.56242,2.25,1.50
2011.11.23 01:39:29.841,1.56226,1.56242,2.25,1.50
2011.11.23 01:39:29.962,1.56226,1.56242,2.25,2.44
2011.11.23 01:39:30.325,1.56218,1.56233,1.50,1.50
2011.11.23 01:39:32.365,1.56219,1.56235,2.25,1.50
2011.11.23 01:39:32.497,1.56217,1.56233,2.25,1.50
2011.11.23 01:39:32.861,1.56217,1.56233,2.25,1.50
2011.11.23 01:39:32.983,1.56215,1.56231,2.25,1.50
2011.11.23 01:39:33.572,1.56215,1.56231,2.25,1.50
2011.11.23 01:39:38.592,1.56215,1.56231,2.25,1.50
2011.11.23 01:39:38.715,1.56217,1.56233,2.25,1.50
2011.11.23 01:39:38.842,1.56217,1.56233,2.25,1.50
2011.11.23 01:39:39.082,1.56219,1.56235,2.25,1.69
2011.11.23 01:39:39.683,1.56219,1.56235,2.25,1.50
2011.11.23 01:39:40.133,1.56217,1.56233,2.25,1.50
2011.11.23 01:39:40.493,1.56221,1.56237,2.25,1.50
2011.11.23 01:39:40.613,1.56221,1.56237,2.25,1.50
2011.11.23 01:39:41.212,1.56221,1.56237,2.25,1.50
2011.11.23 01:39:41.772,1.56221,1.56237,2.25,1.50
2011.11.23 01:39:43.540,1.56221,1.56237,2.25,1.50
2011.11.23 01:39:43.878,1.56219,1.56235,2.25,1.50
2011.11.23 01:39:44.458,1.56219,1.56235,2.25,1.50
2011.11.23 01:39:44.997,1.56219,1.56235,2.25,1.50
2011.11.23 01:39:45.998,1.56219,1.56235,2.25,1.50
2011.11.23 01:39:47.378,1.56219,1.56235,2.25,1.50
2011.11.23 01:39:48.063,1.56219,1.56235,2.25,1.50
2011.11.23 01:39:48.849,1.56219,1.56235,2.25,1.50
2011.11.23 01:39:49.216,1.56215,1.56231,2.25,1.50
2011.11.23 01:39:49.342,1.56213,1.56229,3.00,1.50
2011.11.23 01:39:50.220,1.56215,1.56231,2.25,1.50
2011.11.23 01:39:50.607,1.56217,1.56233,2.25,1.50
2011.11.23 01:39:50.739,1.56217,1.56233,2.25,1.50
2011.11.23 01:39:50.866,1.5622,1.56236,2.25,1.50
2011.11.23 01:39:51.353,1.56222,1.56238,2.25,1.69
2011.11.23 01:39:51.954,1.5622,1.56236,2.25,1.50
2011.11.23 01:39:52.082,1.5622,1.56236,2.25,1.50
2011.11.23 01:39:52.443,1.56218,1.56234,2.25,1.50
2011.11.23 01:39:52.561,1.5622,1.56236,2.25,1.50
2011.11.23 01:39:52.681,1.5622,1.56236,2.25,1.50
2011.11.23 01:39:52.802,1.56218,1.56234,2.25,1.50
2011.11.23 01:39:53.797,1.56218,1.56234,2.25,1.50
2011.11.23 01:39:53.922,1.5622,1.56236,2.25,1.50
2011.11.23 01:39:54.600,1.5622,1.56236,2.25,1.50
2011.11.23 01:39:54.840,1.56218,1.56234,2.25,1.50
2011.11.23 01:39:55.569,1.56218,1.56234,2.25,1.50
2011.11.23 01:39:57.330,1.5622,1.56236,2.25,1.50
2011.11.23 01:39:57.456,1.56218,1.56234,2.25,1.50
2011.11.23 01:39:57.972,1.56218,1.56234,2.25,1.50
2011.11.23 01:39:58.335,1.56216,1.56232,2.25,1.50
2011.11.23 01:39:58.699,1.56213,1.56229,2.25,1.50
2011.11.23 01:39:59.282,1.56213,1.56229,2.25,1.50
2011.11.23 01:39:59.401,1.56215,1.56231,2.25,1.50
2011.11.23 01:39:59.874,1.56213,1.56229,2.25,1.50
2011.11.23 01:40:00.120,1.56213,1.56229,2.25,1.88
2011.11.23 01:40:00.721,1.56213,1.56229,2.25,1.88
2011.11.23 01:40:01.203,1.56213,1.56229,2.25,1.50
2011.11.23 01:40:01.443,1.56215,1.56231,2.25,1.69
2011.11.23 01:40:01.565,1.56219,1.56235,2.25,3.94
2011.11.23 01:40:02.150,1.56224,1.5624,2.25,1.50
2011.11.23 01:40:02.755,1.56229,1.56242,1.50,1.13
2011.11.23 01:40:03.120,1.56229,1.56245,2.25,3.19
2011.11.23 01:40:03.711,1.56229,1.56245,2.25,3.19
2011.11.23 01:40:05.094,1.56229,1.56245,2.25,3.19
2011.11.23 01:40:08.419,1.56229,1.56245,2.25,2.44
2011.11.23 01:40:09.019,1.56229,1.56245,2.25,2.44
2011.11.23 01:40:09.852,1.56229,1.56245,2.25,2.44
2011.11.23 01:40:10.839,1.56229,1.56245,2.25,2.44
2011.11.23 01:40:11.911,1.56229,1.56245,2.25,2.44
2011.11.23 01:40:12.816,1.56229,1.56245,2.25,2.44
2011.11.23 01:40:13.409,1.56229,1.56245,2.25,2.44
2011.11.23 01:40:14.019,1.56229,1.56245,2.25,2.44
2011.11.23 01:40:14.659,1.56229,1.56245,2.25,2.44
2011.11.23 01:40:15.517,1.56229,1.56245,2.25,2.44
2011.11.23 01:40:16.197,1.56229,1.56245,2.25,2.44
2011.11.23 01:40:16.967,1.56229,1.56245,2.25,2.44
2011.11.23 01:40:18.452,1.56227,1.56243,2.25,1.50
2011.11.23 01:40:18.811,1.56231,1.56247,2.25,3.75
2011.11.23 01:40:19.280,1.56233,1.56249,1.50,2.82
2011.11.23 01:40:19.888,1.56231,1.56247,2.25,1.50
2011.11.23 01:40:20.490,1.56231,1.56247,2.25,1.50
2011.11.23 01:40:21.147,1.56231,1.56247,2.25,1.50
2011.11.23 01:40:21.654,1.56232,1.56247,1.50,1.50
2011.11.23 01:40:21.787,1.56237,1.56253,2.25,3.38
2011.11.23 01:40:21.913,1.56237,1.56253,2.25,1.50
2011.11.23 01:40:22.033,1.56237,1.56253,2.25,1.50
2011.11.23 01:40:22.511,1.56239,1.56255,2.25,1.69
2011.11.23 01:40:23.263,1.56239,1.56255,2.25,1.69
2011.11.23 01:40:23.862,1.56237,1.56253,2.25,1.50
2011.11.23 01:40:25.843,1.56237,1.56253,2.25,1.50
2011.11.23 01:40:26.572,1.56237,1.56253,2.25,1.50
2011.11.23 01:40:26.931,1.56233,1.56249,2.44,1.50
2011.11.23 01:40:27.052,1.56233,1.56249,2.25,1.50
2011.11.23 01:40:27.174,1.5623,1.56246,2.85,1.50
2011.11.23 01:40:27.790,1.5623,1.56246,2.85,1.50
2011.11.23 01:40:28.392,1.5623,1.56246,2.85,1.50
2011.11.23 01:40:30.344,1.5623,1.56246,3.04,1.50
2011.11.23 01:40:30.474,1.56232,1.56248,2.25,1.50
2011.11.23 01:40:31.229,1.56235,1.56251,2.25,1.50
2011.11.23 01:40:31.809,1.56235,1.56251,2.25,1.50
2011.11.23 01:40:32.707,1.56235,1.56251,2.25,1.50
2011.11.23 01:40:33.387,1.56235,1.56251,2.25,1.50
2011.11.23 01:40:34.573,1.56237,1.56253,2.25,1.50
2011.11.23 01:40:34.811,1.56237,1.56253,2.25,1.50
2011.11.23 01:40:35.410,1.56237,1.56253,2.25,1.50
2011.11.23 01:40:36.077,1.56237,1.56253,2.25,1.50
2011.11.23 01:40:37.661,1.56237,1.56253,2.25,1.50
2011.11.23 01:40:38.301,1.56239,1.56255,2.25,1.50
2011.11.23 01:40:38.661,1.56239,1.56255,2.25,1.50
2011.11.23 01:40:38.782,1.56237,1.56253,2.25,1.50
2011.11.23 01:40:39.141,1.56235,1.56251,2.25,1.50
2011.11.23 01:40:39.501,1.56235,1.56251,2.25,1.50
2011.11.23 01:40:39.742,1.56233,1.56249,2.25,1.50
2011.11.23 01:40:40.331,1.56233,1.56249,2.25,1.50
2011.11.23 01:40:41.426,1.56233,1.56249,2.25,1.88
2011.11.23 01:40:41.674,1.56231,1.56247,2.25,1.50
2011.11.23 01:40:41.924,1.56229,1.56245,2.25,1.50
2011.11.23 01:40:42.543,1.56229,1.56245,2.25,1.50
2011.11.23 01:40:43.090,1.56229,1.56245,2.25,1.50
2011.11.23 01:40:43.885,1.56229,1.56245,2.25,1.50
2011.11.23 01:40:44.724,1.56229,1.56245,2.25,1.50
2011.11.23 01:40:45.911,1.56229,1.56245,2.25,1.50
2011.11.23 01:40:46.734,1.56229,1.56245,2.25,1.50
2011.11.23 01:40:46.981,1.56229,1.56245,2.25,1.50
2011.11.23 01:40:47.453,1.56229,1.56245,2.25,1.50
2011.11.23 01:40:48.274,1.56229,1.56245,2.25,1.50
2011.11.23 01:40:48.860,1.56229,1.56245,2.25,1.50
2011.11.23 01:40:49.227,1.56227,1.56247,2.25,1.13
2011.11.23 01:40:49.836,1.56227,1.56248,2.25,1.50
2011.11.23 01:40:50.877,1.56227,1.56248,2.25,1.50
2011.11.23 01:40:51.363,1.56227,1.56247,2.25,1.13
2011.11.23 01:40:55.197,1.56227,1.56243,2.25,2.25
2011.11.23 01:40:55.327,1.56227,1.56241,2.25,1.50
2011.11.23 01:40:55.458,1.56223,1.56239,2.40,1.88
2011.11.23 01:40:55.587,1.56222,1.56237,1.80,1.50
2011.11.23 01:40:56.123,1.56222,1.56237,1.80,1.50
2011.11.23 01:40:56.730,1.56222,1.56237,1.80,1.50
2011.11.23 01:41:01.210,1.56222,1.56237,1.80,1.50
2011.11.23 01:41:01.573,1.56222,1.56235,1.80,1.50
2011.11.23 01:41:01.824,1.56222,1.56237,3.30,1.13
2011.11.23 01:41:01.954,1.56222,1.56237,2.25,1.13
2011.11.23 01:41:02.082,1.56219,1.56235,2.25,1.50
2011.11.23 01:41:02.322,1.56221,1.56237,2.25,1.50
2011.11.23 01:41:02.817,1.56219,1.56235,2.25,1.50
2011.11.23 01:41:03.190,1.56216,1.56228,1.05,1.50
2011.11.23 01:41:03.321,1.56213,1.56224,1.05,1.50
2011.11.23 01:41:03.708,1.56211,1.56224,1.50,2.63
2011.11.23 01:41:03.847,1.56198,1.56214,2.25,1.88
2011.11.23 01:41:04.451,1.56198,1.56214,2.25,2.63
2011.11.23 01:41:04.571,1.56196,1.56207,1.05,1.50
2011.11.23 01:41:05.171,1.56196,1.56207,1.05,1.50
2011.11.23 01:41:06.132,1.56196,1.56207,1.05,1.50
2011.11.23 01:41:06.906,1.56196,1.56207,1.05,1.50
2011.11.23 01:41:07.511,1.56196,1.56207,1.05,1.50
2011.11.23 01:41:08.710,1.56196,1.56207,1.05,1.50
2011.11.23 01:41:09.229,1.56196,1.56207,1.05,1.50
2011.11.23 01:41:09.842,1.56196,1.56205,1.05,1.50
2011.11.23 01:41:10.562,1.56196,1.56208,1.05,1.50
2011.11.23 01:41:11.424,1.56189,1.5621,2.25,2.63
2011.11.23 01:41:11.673,1.56187,1.56208,3.00,1.50
2011.11.23 01:41:12.501,1.56187,1.56208,3.00,1.50
2011.11.23 01:41:13.160,1.56187,1.56208,3.00,1.50
2011.11.23 01:41:13.828,1.56187,1.56203,3.00,1.50
2011.11.23 01:41:17.728,1.56187,1.56203,3.00,1.50
2011.11.23 01:41:18.075,1.56189,1.56205,2.25,1.50
2011.11.23 01:41:19.330,1.5619,1.56205,1.50,1.50
2011.11.23 01:41:19.882,1.5619,1.56205,1.50,1.50
2011.11.23 01:41:20.480,1.5619,1.56205,1.50,1.50
2011.11.23 01:41:21.250,1.5619,1.56205,1.50,1.50
2011.11.23 01:41:22.019,1.5619,1.56205,1.50,1.50
2011.11.23 01:41:22.739,1.5619,1.56205,1.50,1.50
2011.11.23 01:41:23.309,1.56189,1.56205,2.25,1.50
2011.11.23 01:41:24.280,1.56189,1.56205,2.25,1.50
2011.11.23 01:41:24.845,1.5619,1.56205,1.50,1.50
2011.11.23 01:41:26.384,1.56193,1.56205,1.50,1.50
2011.11.23 01:41:26.637,1.56191,1.56207,2.25,1.50
2011.11.23 01:41:26.768,1.56191,1.56207,3.00,1.50
2011.11.23 01:41:27.376,1.56192,1.56207,1.50,1.50
2011.11.23 01:41:27.622,1.56193,1.56209,2.25,1.50
2011.11.23 01:41:29.949,1.56193,1.56209,2.25,1.50
2011.11.23 01:41:30.070,1.56195,1.56211,2.25,1.50
2011.11.23 01:41:30.610,1.56195,1.56211,2.25,1.50
2011.11.23 01:41:31.980,1.56195,1.56211,2.25,1.50
2011.11.23 01:41:32.528,1.56195,1.56211,2.25,1.50
2011.11.23 01:41:33.851,1.56195,1.56211,2.25,1.50
2011.11.23 01:41:34.541,1.56195,1.56211,2.25,1.50
2011.11.23 01:41:35.329,1.56195,1.56211,2.25,1.50
2011.11.23 01:41:35.831,1.56195,1.56211,2.25,1.50
2011.11.23 01:41:36.267,1.56191,1.56206,1.50,3.75
2011.11.23 01:41:36.394,1.56185,1.56197,1.13,5.25
2011.11.23 01:41:36.645,1.56192,1.56207,3.00,1.13
2011.11.23 01:41:36.773,1.56195,1.56211,2.25,1.69
2011.11.23 01:41:36.891,1.56193,1.56214,2.25,1.50
2011.11.23 01:41:37.254,1.56193,1.56214,2.25,1.50
2011.11.23 01:41:37.383,1.56195,1.56216,2.25,1.50
2011.11.23 01:41:37.622,1.56196,1.56216,1.05,1.50
2011.11.23 01:41:38.340,1.56196,1.56216,1.05,1.50
2011.11.23 01:41:38.579,1.56197,1.56218,2.25,1.50
2011.11.23 01:41:39.303,1.56197,1.56213,2.25,1.50
2011.11.23 01:41:39.546,1.56199,1.56215,2.25,1.50
2011.11.23 01:41:39.675,1.56199,1.56215,2.25,1.50
2011.11.23 01:41:40.203,1.56199,1.56215,2.25,1.50
2011.11.23 01:41:40.334,1.56201,1.56217,2.25,1.50
2011.11.23 01:41:40.930,1.56201,1.56217,2.25,1.50
2011.11.23 01:41:42.441,1.56201,1.56217,2.25,1.50
2011.11.23 01:41:42.564,1.56197,1.56213,2.25,1.50
2011.11.23 01:41:42.692,1.56197,1.56213,2.25,1.50
2011.11.23 01:41:43.281,1.56197,1.56213,2.25,1.50
2011.11.23 01:41:44.110,1.56197,1.56213,2.25,1.50
2011.11.23 01:41:44.691,1.56197,1.56213,2.25,1.50
2011.11.23 01:41:45.038,1.56197,1.56213,2.25,1.50
2011.11.23 01:41:46.000,1.56197,1.56213,2.25,1.50
2011.11.23 01:41:46.353,1.56196,1.56211,1.05,1.50
2011.11.23 01:41:46.819,1.56196,1.56211,1.05,1.50
2011.11.23 01:41:49.791,1.56196,1.56211,1.05,1.50
2011.11.23 01:41:50.380,1.56196,1.56211,1.05,1.50
2011.11.23 01:41:50.740,1.56196,1.56208,1.05,1.50
2011.11.23 01:41:50.987,1.56196,1.56206,1.05,1.50
2011.11.23 01:41:51.884,1.56196,1.56206,1.05,1.50
2011.11.23 01:41:52.153,1.56196,1.56206,1.05,1.50
2011.11.23 01:41:52.750,1.56191,1.56206,1.80,1.50
2011.11.23 01:41:53.475,1.56191,1.56206,1.80,1.88
2011.11.23 01:41:53.843,1.56191,1.56206,1.05,2.63
2011.11.23 01:41:55.024,1.56191,1.56205,1.05,1.14
2011.11.23 01:41:55.383,1.56191,1.56205,1.05,1.14
2011.11.23 01:41:55.982,1.56191,1.56205,1.05,1.14
2011.11.23 01:41:56.694,1.56191,1.56206,1.05,1.20
2011.11.23 01:41:57.301,1.56191,1.56206,1.05,1.20
2011.11.23 01:41:57.767,1.56191,1.56206,1.05,1.20
2011.11.23 01:41:59.402,1.56191,1.56206,1.05,1.50
2011.11.23 01:41:59.631,1.56191,1.56206,1.05,1.50
2011.11.23 01:42:00.200,1.56191,1.56206,1.05,1.50
2011.11.23 01:42:00.784,1.56191,1.56206,1.05,1.50
2011.11.23 01:42:01.411,1.56191,1.56206,1.39,1.50
2011.11.23 01:42:01.545,1.56192,1.56208,2.40,1.50
2011.11.23 01:42:01.797,1.56191,1.5621,1.39,1.32
2011.11.23 01:42:03.671,1.56191,1.56206,1.39,1.50
2011.11.23 01:42:04.253,1.56191,1.56206,1.39,1.50
2011.11.23 01:42:04.990,1.5619,1.56206,2.25,3.08
2011.11.23 01:42:05.361,1.5619,1.56206,2.25,1.50
2011.11.23 01:42:11.601,1.56191,1.56206,1.09,1.50
2011.11.23 01:42:12.269,1.56191,1.56206,1.09,1.50
2011.11.23 01:42:13.424,1.56191,1.56206,1.09,1.50
2011.11.23 01:42:13.662,1.56191,1.56206,1.09,1.50
2011.11.23 01:42:14.141,1.56188,1.56204,2.25,1.50
2011.11.23 01:42:14.505,1.56185,1.56206,2.25,1.50
2011.11.23 01:42:14.631,1.56181,1.56199,2.25,1.50
2011.11.23 01:42:14.990,1.56178,1.56199,2.25,3.34
2011.11.23 01:42:15.508,1.56175,1.56196,3.00,1.50
2011.11.23 01:42:16.112,1.56175,1.56196,2.25,1.50
2011.11.23 01:42:16.714,1.56175,1.56196,2.25,2.82
2011.11.23 01:42:17.070,1.56175,1.56196,2.25,3.57
2011.11.23 01:42:17.195,1.5617,1.56191,3.00,1.50
2011.11.23 01:42:17.563,1.56169,1.56187,2.25,2.25
2011.11.23 01:42:17.684,1.56169,1.56187,2.25,1.88
2011.11.23 01:42:18.372,1.56169,1.56184,2.25,1.13
2011.11.23 01:42:18.734,1.56163,1.56176,1.50,1.50
2011.11.23 01:42:19.331,1.56162,1.56176,1.50,1.50
2011.11.23 01:42:20.172,1.56162,1.56178,3.00,1.50
2011.11.23 01:42:20.533,1.56164,1.5618,2.25,1.50
2011.11.23 01:42:21.766,1.56166,1.56182,2.25,1.69
2011.11.23 01:42:22.433,1.56163,1.56179,3.00,1.50
2011.11.23 01:42:23.030,1.56163,1.56179,3.00,1.50
2011.11.23 01:42:23.273,1.56165,1.56181,2.25,1.50
2011.11.23 01:42:23.634,1.56165,1.56181,3.00,1.50
2011.11.23 01:42:24.009,1.56166,1.56181,1.50,1.50
2011.11.23 01:42:24.451,1.56167,1.56183,2.25,1.50
2011.11.23 01:42:24.588,1.56165,1.56181,3.00,1.50
2011.11.23 01:42:25.180,1.56165,1.56181,3.00,1.50
2011.11.23 01:42:25.303,1.56165,1.56181,3.00,1.50
2011.11.23 01:42:25.670,1.56165,1.56179,1.50,1.50
2011.11.23 01:42:25.916,1.56163,1.56179,3.00,1.50
2011.11.23 01:42:26.046,1.56163,1.56174,1.50,1.50
2011.11.23 01:42:27.423,1.56159,1.56174,1.32,1.50
2011.11.23 01:42:27.559,1.5616,1.56176,2.25,1.50
2011.11.23 01:42:27.806,1.56157,1.56173,2.25,1.50
2011.11.23 01:42:28.419,1.56159,1.56175,2.25,1.69
2011.11.23 01:42:28.904,1.56162,1.56175,1.50,1.50
2011.11.23 01:42:29.157,1.56162,1.56177,1.50,1.50
2011.11.23 01:42:29.552,1.5616,1.56174,1.13,1.50
2011.11.23 01:42:29.687,1.5616,1.56176,2.25,1.50
2011.11.23 01:42:29.935,1.5616,1.56176,2.25,1.50
2011.11.23 01:42:30.307,1.5616,1.56176,2.25,2.25
2011.11.23 01:42:30.675,1.5616,1.56172,1.50,1.50
2011.11.23 01:42:31.048,1.56157,1.56167,1.50,1.50
2011.11.23 01:42:31.543,1.56158,1.56174,1.50,2.25
2011.11.23 01:42:31.787,1.56156,1.56172,1.50,2.25
2011.11.23 01:42:32.396,1.5615,1.56169,1.50,1.13
2011.11.23 01:42:34.041,1.56154,1.56169,1.50,1.13
2011.11.23 01:42:35.039,1.56156,1.56171,1.88,2.07
2011.11.23 01:42:35.407,1.56159,1.56172,1.50,1.13
2011.11.23 01:42:35.774,1.56159,1.56175,2.25,1.50
2011.11.23 01:42:36.916,1.56161,1.56177,1.50,3.19
2011.11.23 01:42:37.766,1.56161,1.56177,2.25,1.50
2011.11.23 01:42:38.134,1.56163,1.56179,2.25,2.25
2011.11.23 01:42:38.684,1.56163,1.56179,1.50,2.82
2011.11.23 01:42:38.827,1.5616,1.56176,2.25,2.25
2011.11.23 01:42:39.552,1.5616,1.56176,2.25,2.44
2011.11.23 01:42:40.151,1.5616,1.56176,2.25,3.00
2011.11.23 01:42:40.397,1.56153,1.56169,2.25,2.82
2011.11.23 01:42:40.524,1.56153,1.56169,2.25,2.07
2011.11.23 01:42:41.081,1.56155,1.56171,2.25,2.44
2011.11.23 01:42:42.991,1.56154,1.56169,2.25,1.13
2011.11.23 01:42:43.113,1.56151,1.56167,2.25,1.50
2011.11.23 01:42:43.232,1.56151,1.56167,2.25,2.25
2011.11.23 01:42:43.832,1.56153,1.56168,2.25,1.13
2011.11.23 01:42:44.964,1.56153,1.56166,2.25,1.29
2011.11.23 01:42:46.209,1.56153,1.56166,2.25,1.29
2011.11.23 01:42:46.856,1.56153,1.56166,2.25,1.29
2011.11.23 01:42:47.229,1.56153,1.56166,2.25,1.29
2011.11.23 01:42:47.480,1.56155,1.5617,2.25,1.50
2011.11.23 01:42:48.067,1.56157,1.56171,2.25,1.50
2011.11.23 01:42:48.675,1.56157,1.56172,2.25,2.04
2011.11.23 01:42:50.492,1.56155,1.56171,2.25,2.25
2011.11.23 01:42:51.322,1.56155,1.56171,2.25,3.00
2011.11.23 01:42:51.910,1.56155,1.56171,2.25,3.00
2011.11.23 01:42:52.509,1.56155,1.56171,2.25,3.00
2011.11.23 01:42:53.701,1.56157,1.56171,2.25,1.13
2011.11.23 01:42:54.066,1.56159,1.56173,2.25,1.50
2011.11.23 01:42:54.197,1.56163,1.56179,2.25,3.94
2011.11.23 01:42:54.325,1.56163,1.56179,2.25,3.94
2011.11.23 01:42:55.169,1.56163,1.56179,2.25,1.50
2011.11.23 01:42:55.668,1.56163,1.56179,2.25,1.50
2011.11.23 01:42:56.271,1.56163,1.56179,2.25,1.50
2011.11.23 01:42:58.044,1.56163,1.56179,2.25,2.63
2011.11.23 01:42:58.535,1.56164,1.56179,2.25,1.13
2011.11.23 01:42:58.781,1.56164,1.5618,2.25,1.88
2011.11.23 01:42:59.373,1.56164,1.56178,1.50,1.13
2011.11.23 01:42:59.971,1.56164,1.5618,2.25,3.16
2011.11.23 01:43:00.443,1.5616,1.56176,2.25,1.50
2011.11.23 01:43:00.561,1.5616,1.56176,2.25,1.50
2011.11.23 01:43:00.924,1.5616,1.56176,2.25,1.50
2011.11.23 01:43:01.058,1.56162,1.56178,2.25,1.50
2011.11.23 01:43:01.571,1.56162,1.56178,2.25,1.50
2011.11.23 01:43:02.171,1.56162,1.56178,2.25,1.50
2011.11.23 01:43:02.295,1.56162,1.56178,2.25,1.50
2011.11.23 01:43:02.900,1.56162,1.56178,2.25,1.50
2011.11.23 01:43:03.950,1.56162,1.56178,2.25,1.80
2011.11.23 01:43:05.072,1.56162,1.56178,2.25,1.80
2011.11.23 01:43:05.714,1.56162,1.56178,2.25,1.80
2011.11.23 01:43:06.573,1.56162,1.56178,2.25,1.80
2011.11.23 01:43:07.612,1.56162,1.56178,2.25,1.88
2011.11.23 01:43:09.599,1.56162,1.56178,2.25,1.88
2011.11.23 01:43:10.067,1.56162,1.56172,2.25,1.13
2011.11.23 01:43:10.193,1.56162,1.56173,2.25,1.50
2011.11.23 01:43:10.436,1.5616,1.56176,2.25,3.38
2011.11.23 01:43:10.683,1.56165,1.56179,2.25,1.13
2011.11.23 01:43:11.043,1.56167,1.56182,2.25,1.50
2011.11.23 01:43:11.642,1.56163,1.56179,1.50,3.45
2011.11.23 01:43:12.219,1.56163,1.56179,2.25,3.75
2011.11.23 01:43:12.465,1.56163,1.56177,2.25,1.13
2011.11.23 01:43:12.956,1.56165,1.56179,2.25,1.50
2011.11.23 01:43:13.682,1.56165,1.56181,2.25,3.00
2011.11.23 01:43:14.971,1.56165,1.56181,2.25,2.25
2011.11.23 01:43:15.538,1.56165,1.5618,2.25,1.13
2011.11.23 01:43:15.669,1.56165,1.56179,2.25,1.13
2011.11.23 01:43:16.033,1.56165,1.56181,2.25,2.25
2011.11.23 01:43:16.619,1.56165,1.56181,2.25,2.25
2011.11.23 01:43:17.210,1.56165,1.56181,2.25,3.38
2011.11.23 01:43:17.790,1.56165,1.56181,2.25,3.38
2011.11.23 01:43:18.142,1.56165,1.56181,2.25,3.38
2011.11.23 01:43:20.259,1.56163,1.56181,2.25,2.25
2011.11.23 01:43:20.950,1.56163,1.56179,2.25,1.88
2011.11.23 01:43:21.532,1.56165,1.56181,2.25,3.00
2011.11.23 01:43:21.895,1.56165,1.56181,2.25,2.25
2011.11.23 01:43:22.324,1.56165,1.56181,2.25,1.50
2011.11.23 01:43:22.466,1.56173,1.56188,2.25,1.09
2011.11.23 01:43:22.834,1.56173,1.56189,2.25,3.16
2011.11.23 01:43:23.201,1.56173,1.56189,2.25,1.88
2011.11.23 01:43:23.562,1.56173,1.56189,2.25,2.25
2011.11.23 01:43:24.161,1.56173,1.56189,2.25,1.88
2011.11.23 01:43:24.761,1.56173,1.56189,2.25,3.16
2011.11.23 01:43:25.396,1.56171,1.56187,2.25,1.50
2011.11.23 01:43:25.526,1.56171,1.56187,2.25,1.50
2011.11.23 01:43:25.771,1.56171,1.56187,2.25,1.50
2011.11.23 01:43:26.131,1.56173,1.56189,2.25,1.88
2011.11.23 01:43:26.724,1.56175,1.5619,2.25,1.66
2011.11.23 01:43:26.963,1.56175,1.56191,2.25,3.38
2011.11.23 01:43:27.322,1.56175,1.56191,2.25,1.50
2011.11.23 01:43:27.680,1.56175,1.56191,2.25,1.50
2011.11.23 01:43:27.802,1.56184,1.562,2.25,4.29
2011.11.23 01:43:28.152,1.56184,1.562,2.25,4.66
2011.11.23 01:43:28.391,1.56178,1.562,2.44,1.88
2011.11.23 01:43:28.512,1.56178,1.562,2.44,1.50
2011.11.23 01:43:28.980,1.56178,1.56202,2.44,1.88
2011.11.23 01:43:29.586,1.56178,1.56202,2.44,1.88
2011.11.23 01:43:30.193,1.5618,1.56202,2.25,1.66
2011.11.23 01:43:30.317,1.5618,1.56202,2.25,2.04
2011.11.23 01:43:30.922,1.56178,1.562,2.44,1.13
2011.11.23 01:43:37.262,1.56178,1.562,2.44,1.50
2011.11.23 01:43:39.240,1.56178,1.56202,2.44,1.88
2011.11.23 01:43:40.068,1.56178,1.56201,2.44,1.50
2011.11.23 01:43:40.662,1.5618,1.56202,2.25,1.88
2011.11.23 01:43:41.222,1.5618,1.56201,2.25,1.50
2011.11.23 01:43:41.915,1.5618,1.56203,2.25,2.25
2011.11.23 01:43:42.630,1.5618,1.56203,2.25,2.25
2011.11.23 01:43:43.764,1.5618,1.56203,2.25,2.25
2011.11.23 01:43:44.253,1.56187,1.56209,2.44,1.13
2011.11.23 01:43:44.617,1.56192,1.56208,1.50,1.50
2011.11.23 01:43:44.983,1.56182,1.56202,1.50,1.50
2011.11.23 01:43:45.341,1.56182,1.56202,1.50,1.50
2011.11.23 01:43:46.169,1.56182,1.56202,1.50,1.50
2011.11.23 01:43:46.778,1.56182,1.56202,1.50,2.25
2011.11.23 01:43:53.180,1.56182,1.56201,1.50,1.50
2011.11.23 01:43:53.750,1.56182,1.56202,2.25,1.50
2011.11.23 01:43:53.876,1.56182,1.56202,2.25,1.13
2011.11.23 01:43:54.133,1.56177,1.56192,2.25,1.13
2011.11.23 01:43:54.707,1.56175,1.56192,1.50,1.13
2011.11.23 01:43:54.843,1.56172,1.56192,1.50,1.50
2011.11.23 01:43:55.920,1.56172,1.56192,1.50,1.50
2011.11.23 01:43:56.643,1.56175,1.56192,1.09,1.13
2011.11.23 01:43:56.881,1.56177,1.56198,1.50,1.13
2011.11.23 01:43:57.003,1.56177,1.56199,1.50,1.88
2011.11.23 01:43:57.590,1.5618,1.56199,1.13,1.13
2011.11.23 01:44:00.102,1.5618,1.562,1.13,1.13
2011.11.23 01:44:00.820,1.5618,1.56201,1.13,2.25
2011.11.23 01:44:01.180,1.56181,1.56197,2.25,1.50
2011.11.23 01:44:02.859,1.56181,1.56197,1.50,2.25
2011.11.23 01:44:03.324,1.56179,1.56195,1.50,2.63
2011.11.23 01:44:03.571,1.56177,1.56193,1.69,2.25
2011.11.23 01:44:04.175,1.56175,1.56191,2.63,1.50
2011.11.23 01:44:04.303,1.56175,1.56191,2.44,1.50
2011.11.23 01:44:04.539,1.56175,1.56191,2.44,1.50
2011.11.23 01:44:05.047,1.56175,1.56191,1.69,2.25
2011.11.23 01:44:05.531,1.56173,1.56189,1.69,2.25
2011.11.23 01:44:09.274,1.56173,1.56189,1.69,2.40
2011.11.23 01:44:09.634,1.56173,1.56182,1.50,1.13
2011.11.23 01:44:09.755,1.5617,1.56186,1.50,2.25
2011.11.23 01:44:10.121,1.5617,1.56186,1.88,2.25
2011.11.23 01:44:12.272,1.56172,1.56188,1.69,2.25
2011.11.23 01:44:12.985,1.56172,1.56188,1.69,2.25
2011.11.23 01:44:13.849,1.56172,1.56188,1.69,2.25
2011.11.23 01:44:14.549,1.56172,1.56188,1.69,2.25
2011.11.23 01:44:15.057,1.56172,1.56188,1.69,2.25
2011.11.23 01:44:15.716,1.56172,1.56188,1.69,2.25
2011.11.23 01:44:17.512,1.56172,1.56188,1.69,2.25
2011.11.23 01:44:18.310,1.56174,1.56189,1.50,1.28
2011.11.23 01:44:18.430,1.56172,1.56188,1.69,2.25
2011.11.23 01:44:18.560,1.56172,1.56182,1.69,1.13
2011.11.23 01:44:19.115,1.56168,1.5618,1.50,1.47
2011.11.23 01:44:19.363,1.56166,1.56179,1.50,1.13
2011.11.23 01:44:19.485,1.56161,1.56176,1.13,1.50
2011.11.23 01:44:21.481,1.5616,1.56176,2.44,1.50
2011.11.23 01:44:22.082,1.5616,1.56176,2.44,1.50
2011.11.23 01:44:22.660,1.5616,1.56176,2.44,1.50
2011.11.23 01:44:27.108,1.56161,1.56176,1.13,1.50
2011.11.23 01:44:28.668,1.5616,1.56176,2.44,1.50
2011.11.23 01:44:29.250,1.56159,1.56174,1.13,1.50
2011.11.23 01:44:29.695,1.56159,1.56172,1.13,1.13
2011.11.23 01:44:29.947,1.56158,1.56172,2.44,1.13
2011.11.23 01:44:33.155,1.56157,1.56172,2.44,3.16
2011.11.23 01:44:33.753,1.56156,1.56172,2.25,2.25
2011.11.23 01:44:33.875,1.56156,1.56172,2.25,2.25
2011.11.23 01:44:34.451,1.56156,1.56172,2.25,1.50
2011.11.23 01:44:34.589,1.56156,1.56172,3.00,1.50
2011.11.23 01:44:34.721,1.56158,1.56174,2.25,1.50
2011.11.23 01:44:34.848,1.5616,1.56176,2.25,1.50
2011.11.23 01:44:36.056,1.56158,1.56174,2.25,1.50
2011.11.23 01:44:36.520,1.56154,1.56178,1.13,1.99
2011.11.23 01:44:36.886,1.56158,1.56179,1.13,1.50
2011.11.23 01:44:37.352,1.56158,1.56178,1.13,1.13
2011.11.23 01:44:37.598,1.56157,1.56177,1.50,1.17
2011.11.23 01:44:37.960,1.56153,1.56172,1.88,1.13
2011.11.23 01:44:38.807,1.56153,1.56173,1.88,1.13
2011.11.23 01:44:39.055,1.56153,1.56179,1.88,3.00
2011.11.23 01:44:39.189,1.56156,1.56179,1.13,2.25
2011.11.23 01:44:39.663,1.5616,1.56179,1.13,1.88
2011.11.23 01:44:39.795,1.5616,1.56179,1.13,1.13
2011.11.23 01:44:40.345,1.56157,1.56181,3.19,1.88
2011.11.23 01:44:40.940,1.56157,1.5618,1.69,1.13
2011.11.23 01:44:44.339,1.56157,1.56181,3.19,1.50
2011.11.23 01:44:45.161,1.56158,1.56182,1.32,2.25
2011.11.23 01:44:45.624,1.56158,1.56179,1.32,1.13
2011.11.23 01:44:46.230,1.56157,1.56181,3.75,1.50
2011.11.23 01:44:49.189,1.56157,1.56182,5.07,2.25
2011.11.23 01:44:49.313,1.56161,1.56183,1.50,3.34
2011.11.23 01:44:49.436,1.56161,1.56183,2.25,2.59
2011.11.23 01:44:49.808,1.56166,1.56187,1.13,2.25
2011.11.23 01:44:49.935,1.56169,1.56185,2.25,1.50
2011.11.23 01:44:50.301,1.56169,1.56185,2.25,1.50
2011.11.23 01:44:50.896,1.5617,1.56186,2.25,1.50
2011.11.23 01:44:51.024,1.5617,1.56186,2.25,1.50
2011.11.23 01:44:51.393,1.56164,1.5618,2.25,1.50
2011.11.23 01:44:51.516,1.56164,1.5618,2.25,1.50
2011.11.23 01:44:52.122,1.56164,1.5618,2.25,1.50
2011.11.23 01:44:52.479,1.56164,1.5618,2.25,1.50
2011.11.23 01:44:53.292,1.56164,1.5618,2.25,1.50
2011.11.23 01:44:53.894,1.56164,1.5618,2.25,1.50
2011.11.23 01:44:54.550,1.56162,1.56178,2.25,1.50
2011.11.23 01:44:56.375,1.56161,1.56176,1.50,1.50
2011.11.23 01:44:56.985,1.5616,1.56176,2.44,1.50
2011.11.23 01:44:58.781,1.5616,1.56176,2.25,1.50
2011.11.23 01:44:58.913,1.56162,1.56178,2.25,1.50
2011.11.23 01:44:59.033,1.5616,1.56176,2.25,1.50
2011.11.23 01:44:59.620,1.5616,1.56176,2.44,1.50
2011.11.23 01:45:00.322,1.5616,1.56176,2.44,1.50
2011.11.23 01:45:00.909,1.5616,1.56176,2.44,1.50
2011.11.23 01:45:04.811,1.5616,1.56176,2.44,1.50
2011.11.23 01:45:05.338,1.5616,1.56176,2.44,1.50
2011.11.23 01:45:06.673,1.5616,1.56176,2.44,1.50
2011.11.23 01:45:07.252,1.5616,1.56176,2.25,1.80
2011.11.23 01:45:07.490,1.5616,1.56176,2.25,1.80
2011.11.23 01:45:08.080,1.5616,1.56176,2.25,1.80
2011.11.23 01:45:08.781,1.5616,1.56176,2.25,1.80
2011.11.23 01:45:09.541,1.5616,1.56176,2.25,1.80
2011.11.23 01:45:09.677,1.56158,1.56174,2.25,1.50
2011.11.23 01:45:09.806,1.5616,1.56176,2.25,1.50
2011.11.23 01:45:10.052,1.5616,1.56176,2.25,1.50
2011.11.23 01:45:10.774,1.5616,1.56176,2.25,1.50
2011.11.23 01:45:11.372,1.5616,1.56176,2.25,1.50
2011.11.23 01:45:12.301,1.5616,1.56176,2.25,1.50
2011.11.23 01:45:12.542,1.56162,1.56178,2.25,1.50
2011.11.23 01:45:13.393,1.56162,1.56178,2.25,1.50
2011.11.23 01:45:14.282,1.56162,1.56178,2.25,1.50
2011.11.23 01:45:14.403,1.5616,1.56176,2.44,1.50
2011.11.23 01:45:14.641,1.5616,1.56176,2.44,1.50
2011.11.23 01:45:19.280,1.5616,1.56176,2.25,1.50
2011.11.23 01:45:19.642,1.56162,1.56178,3.38,1.50
2011.11.23 01:45:19.770,1.56162,1.56178,4.13,1.50
2011.11.23 01:45:19.893,1.56164,1.5618,2.25,1.50
2011.11.23 01:45:20.013,1.56164,1.5618,2.25,1.50
2011.11.23 01:45:20.462,1.56163,1.56178,1.13,1.50
2011.11.23 01:45:20.594,1.56164,1.5618,2.25,1.50
2011.11.23 01:45:20.850,1.56162,1.56178,2.25,1.50
2011.11.23 01:45:21.334,1.56164,1.5618,2.25,1.50
2011.11.23 01:45:21.921,1.56164,1.5618,2.25,1.50
2011.11.23 01:45:22.282,1.56162,1.56178,2.25,1.50
2011.11.23 01:45:22.406,1.56164,1.5618,2.25,1.50
2011.11.23 01:45:22.536,1.5616,1.56176,3.00,1.50
2011.11.23 01:45:22.789,1.56157,1.56173,2.25,1.50
2011.11.23 01:45:23.270,1.56159,1.56175,2.25,1.88
2011.11.23 01:45:23.390,1.56159,1.56175,2.25,1.88
2011.11.23 01:45:24.256,1.56159,1.56175,2.25,1.88
2011.11.23 01:45:24.508,1.56159,1.56175,2.25,1.88
2011.11.23 01:45:25.115,1.56159,1.56175,2.25,1.50
2011.11.23 01:45:25.483,1.56159,1.56175,2.25,1.50
2011.11.23 01:45:25.610,1.56161,1.56177,2.25,1.50
2011.11.23 01:45:26.334,1.56161,1.56177,2.25,1.50
2011.11.23 01:45:27.095,1.56161,1.56177,2.25,1.50
2011.11.23 01:45:28.094,1.56161,1.56177,2.25,1.50
2011.11.23 01:45:28.220,1.56161,1.56177,2.25,1.69
2011.11.23 01:45:28.800,1.56161,1.56177,2.25,1.69
2011.11.23 01:45:29.271,1.56158,1.56174,2.25,1.50
2011.11.23 01:45:30.210,1.56158,1.56174,2.44,1.50
2011.11.23 01:45:30.570,1.56162,1.56177,2.25,1.50
2011.11.23 01:45:31.139,1.56162,1.56177,2.25,1.50
2011.11.23 01:45:31.723,1.5616,1.56176,2.25,1.50
2011.11.23 01:45:32.180,1.56154,1.5617,2.44,1.88
2011.11.23 01:45:32.784,1.56154,1.5617,2.25,1.88
2011.11.23 01:45:36.796,1.56154,1.5617,2.25,1.88
2011.11.23 01:45:37.390,1.56154,1.5617,2.25,1.88
2011.11.23 01:45:38.319,1.56154,1.5617,2.25,1.88
2011.11.23 01:45:39.025,1.56154,1.5617,2.25,1.88
2011.11.23 01:45:39.961,1.56154,1.5617,2.25,1.88
2011.11.23 01:45:40.680,1.56154,1.5617,2.25,1.88
2011.11.23 01:45:43.110,1.56154,1.5617,2.25,1.88
2011.11.23 01:45:43.704,1.56152,1.56168,2.25,1.50
2011.11.23 01:45:44.540,1.56152,1.56168,2.25,1.50
2011.11.23 01:45:45.122,1.56152,1.56168,3.00,1.50
2011.11.23 01:45:45.710,1.56152,1.56168,2.25,1.50
2011.11.23 01:45:46.278,1.56152,1.56168,2.25,1.50
2011.11.23 01:45:46.861,1.56152,1.56168,2.25,1.50
2011.11.23 01:45:47.984,1.56152,1.56168,2.25,1.50
2011.11.23 01:45:48.587,1.56152,1.56168,2.25,1.50
2011.11.23 01:45:52.292,1.56152,1.56168,2.25,1.50
2011.11.23 01:45:52.415,1.56156,1.5617,1.50,1.50
2011.11.23 01:45:52.534,1.56157,1.56172,1.50,1.50
2011.11.23 01:45:52.657,1.56157,1.56172,1.88,1.50
2011.11.23 01:45:53.026,1.56157,1.5617,1.50,1.50
2011.11.23 01:45:53.394,1.56161,1.5617,1.50,1.50
2011.11.23 01:45:53.515,1.56161,1.56172,1.50,1.50
2011.11.23 01:45:53.753,1.56161,1.5617,1.50,1.50
2011.11.23 01:45:54.403,1.56161,1.5617,1.50,1.50
2011.11.23 01:45:54.924,1.56161,1.5617,1.50,1.50
2011.11.23 01:45:56.085,1.56159,1.56168,1.88,1.50
2011.11.23 01:45:56.324,1.56157,1.56167,1.50,1.50
2011.11.23 01:45:56.565,1.56153,1.56179,1.69,2.97
2011.11.23 01:45:56.805,1.56151,1.56167,4.50,1.50
2011.11.23 01:45:56.926,1.56156,1.56172,2.25,1.50
2011.11.23 01:45:57.663,1.56156,1.56172,2.25,1.50
2011.11.23 01:45:57.797,1.56157,1.56172,1.50,1.50
2011.11.23 01:45:58.870,1.56158,1.56172,1.13,1.50
2011.11.23 01:45:59.249,1.56161,1.56172,2.25,1.50
2011.11.23 01:45:59.612,1.56161,1.56172,2.25,1.50
2011.11.23 01:45:59.852,1.56161,1.56177,2.25,1.50
2011.11.23 01:45:59.974,1.56161,1.56179,2.25,1.50
2011.11.23 01:46:00.922,1.56161,1.56179,2.25,1.88
2011.11.23 01:46:01.047,1.56161,1.56177,2.25,1.50
2011.11.23 01:46:01.172,1.56161,1.56177,2.25,1.50
2011.11.23 01:46:02.487,1.56159,1.56177,1.13,2.25
2011.11.23 01:46:02.734,1.56157,1.56177,1.50,2.25
2011.11.23 01:46:03.093,1.56157,1.5617,1.50,1.50
2011.11.23 01:46:03.212,1.56157,1.56172,1.50,1.50
2011.11.23 01:46:03.801,1.56157,1.56172,1.50,1.50
2011.11.23 01:46:04.392,1.56157,1.56172,1.50,1.50
2011.11.23 01:46:05.180,1.56154,1.5617,2.25,1.50
2011.11.23 01:46:06.004,1.56156,1.56172,2.25,1.50
2011.11.23 01:46:08.181,1.56157,1.56172,1.50,1.50
2011.11.23 01:46:08.784,1.56157,1.56172,1.88,1.50
2011.11.23 01:46:09.150,1.56158,1.56174,2.25,1.50
2011.11.23 01:46:09.843,1.56158,1.56174,2.25,1.50
2011.11.23 01:46:10.700,1.56158,1.56174,2.25,1.50
2011.11.23 01:46:11.260,1.56158,1.56174,2.25,1.50
2011.11.23 01:46:14.804,1.56159,1.56174,1.88,1.50
2011.11.23 01:46:15.049,1.56162,1.56176,1.50,1.50
2011.11.23 01:46:15.295,1.56162,1.56176,1.88,1.50
2011.11.23 01:46:15.772,1.56162,1.56176,2.63,1.50
2011.11.23 01:46:16.374,1.56165,1.56176,1.50,1.50
2011.11.23 01:46:16.735,1.56168,1.56178,1.50,1.50
2011.11.23 01:46:16.855,1.56168,1.5618,1.50,1.50
2011.11.23 01:46:17.761,1.56168,1.56184,3.00,1.65
2011.11.23 01:46:17.890,1.56168,1.56182,1.50,1.50
2011.11.23 01:46:18.135,1.56169,1.56185,2.63,1.65
2011.11.23 01:46:19.224,1.5617,1.56185,1.50,1.65
2011.11.23 01:46:19.972,1.56167,1.56182,2.63,1.50
2011.11.23 01:46:20.454,1.56169,1.56185,2.25,1.65
2011.11.23 01:46:21.044,1.56169,1.56183,1.50,1.50
2011.11.23 01:46:21.852,1.56169,1.56185,3.38,1.65
2011.11.23 01:46:23.044,1.56171,1.56187,2.25,2.10
2011.11.23 01:46:23.798,1.56169,1.56185,3.38,1.65
2011.11.23 01:46:25.811,1.56169,1.56185,4.13,1.65
2011.11.23 01:46:25.932,1.56169,1.56185,4.13,1.65
2011.11.23 01:46:27.178,1.56169,1.56185,4.13,1.65
2011.11.23 01:46:27.679,1.56177,1.56188,2.25,1.52
2011.11.23 01:46:27.808,1.56177,1.56188,2.25,1.33
2011.11.23 01:46:27.938,1.56177,1.56193,2.25,1.80
2011.11.23 01:46:28.067,1.56177,1.56191,2.25,3.15
2011.11.23 01:46:28.434,1.56177,1.56192,2.25,1.13
2011.11.23 01:46:28.674,1.56172,1.56188,2.25,1.69
2011.11.23 01:46:28.795,1.56167,1.56183,2.25,1.50
2011.11.23 01:46:29.036,1.56167,1.56183,1.50,2.44
2011.11.23 01:46:29.163,1.56165,1.56181,2.25,1.50
2011.11.23 01:46:29.512,1.56167,1.56183,1.50,2.44
2011.11.23 01:46:30.416,1.56164,1.5618,2.25,1.50
2011.11.23 01:46:31.025,1.56164,1.5618,2.25,1.50
2011.11.23 01:46:31.147,1.56166,1.56182,2.25,1.50
2011.11.23 01:46:31.742,1.56166,1.56182,2.25,1.50
2011.11.23 01:46:33.685,1.56166,1.56182,2.25,1.50
2011.11.23 01:46:33.927,1.56168,1.56184,2.25,1.50
2011.11.23 01:46:34.522,1.56168,1.56184,2.25,1.50
2011.11.23 01:46:35.363,1.56168,1.56184,2.25,1.50
2011.11.23 01:46:36.225,1.56166,1.56182,2.25,1.50
2011.11.23 01:46:36.344,1.56166,1.56182,2.25,1.50
2011.11.23 01:46:36.465,1.56164,1.5618,2.25,1.50
2011.11.23 01:46:36.892,1.56164,1.5618,2.25,1.50
2011.11.23 01:46:39.192,1.56164,1.5618,2.25,1.88
2011.11.23 01:46:39.782,1.56162,1.56178,3.00,1.50
2011.11.23 01:46:40.851,1.56162,1.56178,3.00,1.50
2011.11.23 01:46:42.004,1.56164,1.5618,2.25,1.50
2011.11.23 01:46:42.124,1.56166,1.56182,2.25,1.50
2011.11.23 01:46:42.241,1.56166,1.56182,2.25,1.50
2011.11.23 01:46:42.822,1.56166,1.56182,2.25,1.50
2011.11.23 01:46:43.253,1.56168,1.56184,2.25,1.50
2011.11.23 01:46:43.382,1.56168,1.56184,2.25,1.50
2011.11.23 01:46:43.974,1.5617,1.56186,2.25,1.50
2011.11.23 01:46:44.912,1.5617,1.56186,2.25,1.50
2011.11.23 01:46:45.502,1.5617,1.56186,2.25,1.50
2011.11.23 01:46:45.865,1.56168,1.56184,2.25,1.50
2011.11.23 01:46:45.989,1.56168,1.56184,2.25,1.50
2011.11.23 01:46:46.570,1.56166,1.56182,2.25,1.50
2011.11.23 01:46:47.111,1.56166,1.56182,2.25,1.50
2011.11.23 01:46:48.340,1.56168,1.56184,2.25,1.50
2011.11.23 01:46:50.570,1.56168,1.56184,2.25,1.50
2011.11.23 01:46:51.153,1.56168,1.56184,2.25,1.50
2011.11.23 01:46:51.621,1.56168,1.56184,2.25,1.50
2011.11.23 01:46:52.876,1.56168,1.56184,2.25,1.50
2011.11.23 01:46:53.469,1.56168,1.56184,2.25,1.50
2011.11.23 01:46:54.198,1.56168,1.56184,2.25,2.25
2011.11.23 01:46:54.326,1.56168,1.56184,2.25,1.50
2011.11.23 01:46:54.818,1.5617,1.56186,2.25,2.25
2011.11.23 01:46:55.067,1.5617,1.56186,2.63,2.25
2011.11.23 01:46:56.027,1.56172,1.56188,2.25,2.63
2011.11.23 01:46:56.393,1.56174,1.56188,2.25,1.13
2011.11.23 01:46:56.992,1.56174,1.56188,2.25,1.13
2011.11.23 01:46:57.945,1.56169,1.56184,1.50,1.50
2011.11.23 01:46:58.183,1.56166,1.56182,2.25,1.50
2011.11.23 01:46:58.892,1.56166,1.56182,2.25,1.50
2011.11.23 01:46:59.648,1.56166,1.56182,2.25,1.50
2011.11.23 01:47:00.460,1.56166,1.56182,2.25,1.50
2011.11.23 01:47:01.073,1.56166,1.56182,2.25,1.50
2011.11.23 01:47:01.890,1.56166,1.56182,2.25,1.50
2011.11.23 01:47:02.914,1.56166,1.56182,2.25,1.50
2011.11.23 01:47:03.501,1.56166,1.56182,2.25,1.50
2011.11.23 01:47:07.220,1.56166,1.56182,2.25,1.50
2011.11.23 01:47:07.780,1.56166,1.56182,2.25,1.50
2011.11.23 01:47:11.082,1.56166,1.56182,2.25,1.50
2011.11.23 01:47:11.671,1.56166,1.56182,2.25,1.50
2011.11.23 01:47:12.646,1.56166,1.56182,2.25,1.50
2011.11.23 01:47:15.390,1.56166,1.56182,2.25,1.50
2011.11.23 01:47:15.514,1.56164,1.5618,2.25,1.50
2011.11.23 01:47:15.632,1.56164,1.5618,2.25,1.50
2011.11.23 01:47:17.462,1.56162,1.56178,2.25,1.50
2011.11.23 01:47:18.979,1.56162,1.56178,2.25,1.50
2011.11.23 01:47:19.344,1.56161,1.56176,1.50,1.50
2011.11.23 01:47:22.178,1.56162,1.56178,2.25,1.50
2011.11.23 01:47:23.234,1.56162,1.56178,2.25,1.50
2011.11.23 01:47:24.072,1.56162,1.56178,2.25,1.50
2011.11.23 01:47:24.554,1.56162,1.56178,2.25,1.50
2011.11.23 01:47:25.142,1.56162,1.56178,2.25,1.50
2011.11.23 01:47:25.606,1.56162,1.56178,2.25,1.88
2011.11.23 01:47:25.753,1.56155,1.56171,3.00,1.88
2011.11.23 01:47:27.853,1.56155,1.56171,2.25,2.25
2011.11.23 01:47:28.453,1.56155,1.56171,2.25,2.25
2011.11.23 01:47:29.546,1.56155,1.56171,2.25,1.88
2011.11.23 01:47:30.142,1.56155,1.56171,2.25,1.50
2011.11.23 01:47:33.295,1.56155,1.56171,2.25,1.50
2011.11.23 01:47:33.425,1.56158,1.56174,2.25,1.69
2011.11.23 01:47:33.545,1.56158,1.56174,2.25,1.50
2011.11.23 01:47:34.018,1.56156,1.56172,2.25,1.50
2011.11.23 01:47:34.744,1.56158,1.56174,2.25,1.50
2011.11.23 01:47:34.862,1.56158,1.56174,2.25,2.25
2011.11.23 01:47:35.224,1.56153,1.56169,2.25,1.88
2011.11.23 01:47:35.824,1.56153,1.56169,2.25,1.88
2011.11.23 01:47:37.055,1.56155,1.56171,2.25,2.44
2011.11.23 01:47:37.644,1.56155,1.56171,2.25,1.69
2011.11.23 01:47:37.884,1.56155,1.56171,2.25,1.69
2011.11.23 01:47:38.246,1.56155,1.56171,2.25,1.50
2011.11.23 01:47:38.493,1.56159,1.56175,2.25,1.88
2011.11.23 01:47:38.852,1.56159,1.56175,2.25,1.50
2011.11.23 01:47:41.265,1.56159,1.56175,2.25,1.88
2011.11.23 01:47:41.505,1.56155,1.56171,2.25,2.25
2011.11.23 01:47:42.346,1.56155,1.56171,2.25,2.25
2011.11.23 01:47:42.932,1.56155,1.56171,2.25,2.25
2011.11.23 01:47:43.632,1.56155,1.56171,2.25,2.25
2011.11.23 01:47:44.410,1.56155,1.56171,2.25,2.25
2011.11.23 01:47:45.083,1.56155,1.56171,2.25,2.25
2011.11.23 01:47:45.923,1.56155,1.56171,2.25,2.25
2011.11.23 01:47:46.049,1.56155,1.56171,2.25,1.88
2011.11.23 01:47:46.298,1.56157,1.56173,2.25,1.69
2011.11.23 01:47:46.786,1.56155,1.56171,2.25,1.88
2011.11.23 01:47:48.025,1.56155,1.56171,2.25,2.25
2011.11.23 01:47:48.621,1.56155,1.56171,2.25,2.25
2011.11.23 01:47:51.231,1.56155,1.56171,2.25,2.25
2011.11.23 01:47:52.157,1.56153,1.56169,2.25,1.88
2011.11.23 01:47:52.751,1.56153,1.56169,2.25,1.88
2011.11.23 01:47:53.351,1.56153,1.56169,2.25,1.88
2011.11.23 01:47:55.542,1.56153,1.56169,2.25,1.88
2011.11.23 01:47:55.903,1.56155,1.56171,2.25,1.69
2011.11.23 01:47:56.022,1.56155,1.56171,2.25,1.69
2011.11.23 01:47:56.873,1.56157,1.56173,2.25,1.69
2011.11.23 01:47:57.114,1.56157,1.56173,2.25,2.07
2011.11.23 01:47:57.476,1.56157,1.56172,1.50,1.50
2011.11.23 01:47:58.082,1.56153,1.56169,2.25,1.88
2011.11.23 01:47:58.781,1.56156,1.56172,2.25,1.69
2011.11.23 01:47:58.902,1.56156,1.56172,2.25,1.69
2011.11.23 01:47:59.608,1.56156,1.56172,2.25,1.50
2011.11.23 01:47:59.963,1.56156,1.56172,2.25,3.00
2011.11.23 01:48:00.556,1.56154,1.5617,2.25,1.88
2011.11.23 01:48:01.162,1.56154,1.5617,2.25,1.88
2011.11.23 01:48:04.987,1.56154,1.5617,2.25,1.88
2011.11.23 01:48:05.243,1.56152,1.56168,2.25,2.89
2011.11.23 01:48:05.368,1.56152,1.56168,1.50,3.64
2011.11.23 01:48:07.059,1.56152,1.56166,1.50,2.06
2011.11.23 01:48:07.186,1.56152,1.56162,1.50,1.50
2011.11.23 01:48:07.795,1.56148,1.56162,2.25,1.50
2011.11.23 01:48:08.502,1.56148,1.56162,2.25,1.50
2011.11.23 01:48:09.431,1.56148,1.56162,2.25,1.50
2011.11.23 01:48:10.503,1.56148,1.56164,2.25,1.50
2011.11.23 01:48:10.731,1.56148,1.56164,2.25,1.50
2011.11.23 01:48:11.790,1.56148,1.56164,2.25,1.50
2011.11.23 01:48:12.698,1.56148,1.56164,2.25,1.50
2011.11.23 01:48:12.826,1.56154,1.56168,1.50,1.48
2011.11.23 01:48:13.072,1.56154,1.5617,1.50,2.82
2011.11.23 01:48:20.949,1.56154,1.5617,2.25,2.07
2011.11.23 01:48:21.541,1.56154,1.5617,2.25,2.07
2011.11.23 01:48:27.361,1.56154,1.5617,2.25,2.07
2011.11.23 01:48:28.100,1.56154,1.5617,2.25,2.07
2011.11.23 01:48:28.630,1.56154,1.5617,2.25,1.88
2011.11.23 01:48:29.710,1.56154,1.5617,2.25,1.88
2011.11.23 01:48:30.312,1.56154,1.5617,2.25,1.88
2011.11.23 01:48:31.141,1.56154,1.5617,2.25,1.88
2011.11.23 01:48:32.071,1.56154,1.5617,2.25,2.07
2011.11.23 01:48:33.921,1.56154,1.5617,2.25,2.07
2011.11.23 01:48:35.032,1.56154,1.5617,2.25,2.07
2011.11.23 01:48:35.565,1.56154,1.56168,2.25,2.04
2011.11.23 01:48:35.682,1.56154,1.56167,1.50,1.50
2011.11.23 01:48:35.804,1.56154,1.56162,1.50,1.13
2011.11.23 01:48:36.522,1.56154,1.56166,1.50,1.51
2011.11.23 01:48:37.332,1.56154,1.56169,2.25,1.13
2011.11.23 01:48:37.451,1.56154,1.5617,2.25,3.19
2011.11.23 01:48:39.164,1.56154,1.5617,2.25,1.88
2011.11.23 01:48:41.971,1.56153,1.56169,2.25,1.88
2011.11.23 01:48:42.574,1.56154,1.5617,2.25,1.88
2011.11.23 01:48:43.173,1.56154,1.5617,2.25,1.50
2011.11.23 01:48:44.016,1.56154,1.5617,2.25,1.50
2011.11.23 01:48:44.853,1.56154,1.5617,2.25,1.50
2011.11.23 01:48:45.092,1.56156,1.56172,2.25,1.50
2011.11.23 01:48:46.656,1.56156,1.56172,2.25,2.25
2011.11.23 01:48:47.423,1.56154,1.5617,2.25,1.88
2011.11.23 01:48:48.105,1.56154,1.5617,2.25,1.88
2011.11.23 01:48:48.632,1.56154,1.5617,2.25,1.88
2011.11.23 01:48:49.115,1.5615,1.56166,2.25,1.50
2011.11.23 01:48:49.354,1.56153,1.56169,2.25,1.88
2011.11.23 01:48:51.475,1.56151,1.56167,2.25,1.50
2011.11.23 01:48:52.085,1.56151,1.56167,2.25,1.50
2011.11.23 01:48:56.813,1.56151,1.56167,2.25,1.50
2011.11.23 01:48:57.171,1.56148,1.56164,2.25,1.50
2011.11.23 01:48:57.643,1.5615,1.56166,2.25,1.50
2011.11.23 01:48:57.763,1.56148,1.56164,2.25,1.50
2011.11.23 01:48:58.128,1.56146,1.56162,2.25,2.63
2011.11.23 01:48:58.740,1.56139,1.5616,2.25,1.88
2011.11.23 01:48:59.338,1.56146,1.56162,2.25,3.00
2011.11.23 01:48:59.943,1.56148,1.56162,2.25,1.50
2011.11.23 01:49:00.643,1.56148,1.56162,2.25,1.50
2011.11.23 01:49:01.173,1.56148,1.56162,2.25,1.50
2011.11.23 01:49:02.029,1.56148,1.56162,2.25,1.50
2011.11.23 01:49:02.503,1.56146,1.56161,2.25,1.50
2011.11.23 01:49:02.989,1.56143,1.56156,2.25,2.59
2011.11.23 01:49:03.361,1.56133,1.56152,2.25,2.44
2011.11.23 01:49:03.729,1.56117,1.56135,1.88,1.50
2011.11.23 01:49:04.097,1.5612,1.56136,2.25,1.50
2011.11.23 01:49:04.240,1.56125,1.56137,1.50,1.13
2011.11.23 01:49:05.197,1.56125,1.5614,2.25,1.48
2011.11.23 01:49:06.042,1.56123,1.56139,2.25,1.50
2011.11.23 01:49:07.551,1.56121,1.56137,2.25,1.50
2011.11.23 01:49:08.273,1.56121,1.56137,2.25,2.25
2011.11.23 01:49:09.234,1.56121,1.56136,2.25,1.29
2011.11.23 01:49:09.476,1.56121,1.56136,2.25,1.29
2011.11.23 01:49:09.845,1.56121,1.56136,2.25,1.29
2011.11.23 01:49:10.214,1.56121,1.56134,2.25,1.29
2011.11.23 01:49:10.621,1.56125,1.56139,1.50,1.62
2011.11.23 01:49:10.750,1.56125,1.56141,2.25,1.69
2011.11.23 01:49:11.232,1.56127,1.56143,2.25,2.44
2011.11.23 01:49:11.832,1.56127,1.56143,2.25,2.44
2011.11.23 01:49:12.076,1.56125,1.56141,2.25,1.50
2011.11.23 01:49:12.671,1.56125,1.56141,2.25,1.50
2011.11.23 01:49:14.438,1.56123,1.56139,3.00,1.50
2011.11.23 01:49:14.941,1.56123,1.56139,3.00,1.50
2011.11.23 01:49:15.302,1.56123,1.56139,3.00,1.50
2011.11.23 01:49:15.663,1.56123,1.56139,3.00,1.50
2011.11.23 01:49:16.383,1.56123,1.56139,3.00,1.50
2011.11.23 01:49:16.744,1.56123,1.56137,1.50,1.50
2011.11.23 01:49:17.345,1.56123,1.56137,1.50,1.50
2011.11.23 01:49:17.911,1.56123,1.56137,1.50,1.50
2011.11.23 01:49:18.037,1.56123,1.56139,3.00,1.50
2011.11.23 01:49:18.286,1.56123,1.56137,1.50,1.50
2011.11.23 01:49:18.896,1.56123,1.56137,1.50,1.50
2011.11.23 01:49:19.501,1.56122,1.56137,1.50,1.50
2011.11.23 01:49:22.763,1.56123,1.56137,1.50,1.50
2011.11.23 01:49:22.882,1.56123,1.56139,3.00,1.50
2011.11.23 01:49:23.581,1.56123,1.56139,3.00,1.50
2011.11.23 01:49:24.162,1.56123,1.56139,3.00,1.50
2011.11.23 01:49:28.932,1.56123,1.56139,3.00,1.50
2011.11.23 01:49:29.163,1.56125,1.56141,2.25,1.50
2011.11.23 01:49:29.862,1.56125,1.56141,2.25,1.50
2011.11.23 01:49:30.444,1.56128,1.56144,2.25,1.50
2011.11.23 01:49:30.917,1.56128,1.56144,2.25,1.50
2011.11.23 01:49:33.052,1.56128,1.56144,2.25,1.50
2011.11.23 01:49:33.176,1.5613,1.56146,2.25,1.99
2011.11.23 01:49:33.865,1.5613,1.56146,2.25,1.99
2011.11.23 01:49:34.206,1.5613,1.56146,2.25,1.99
2011.11.23 01:49:34.577,1.56134,1.56147,1.50,1.20
2011.11.23 01:49:34.945,1.56136,1.56149,1.50,1.20
2011.11.23 01:49:35.185,1.56136,1.56152,1.50,2.74
2011.11.23 01:49:35.304,1.56138,1.56152,1.50,1.24
2011.11.23 01:49:35.424,1.56136,1.56152,1.50,2.55
2011.11.23 01:49:35.813,1.56138,1.56153,2.25,1.26
2011.11.23 01:49:36.417,1.5614,1.56153,1.50,1.26
2011.11.23 01:49:37.362,1.5614,1.56156,2.25,1.50
2011.11.23 01:49:37.482,1.56138,1.56154,2.25,1.50
2011.11.23 01:49:38.061,1.56138,1.56154,2.25,1.50
2011.11.23 01:49:38.652,1.56138,1.56154,2.25,1.50
2011.11.23 01:49:39.015,1.5614,1.56156,2.25,1.69
2011.11.23 01:49:40.015,1.5614,1.56156,2.25,1.50
2011.11.23 01:49:40.715,1.56137,1.56153,2.25,1.50
2011.11.23 01:49:41.501,1.56138,1.56154,2.25,1.50
2011.11.23 01:49:41.865,1.56135,1.56151,2.25,1.50
2011.11.23 01:49:42.872,1.56135,1.56151,2.25,1.50
2011.11.23 01:49:43.523,1.56135,1.56151,2.25,1.50
2011.11.23 01:49:44.039,1.56137,1.56153,2.25,1.50
2011.11.23 01:49:44.514,1.56134,1.5615,2.25,1.50
2011.11.23 01:49:44.753,1.56134,1.5615,2.25,1.50
2011.11.23 01:49:45.330,1.56134,1.5615,2.25,1.50
2011.11.23 01:49:45.923,1.56134,1.5615,2.25,1.50
2011.11.23 01:49:46.485,1.56134,1.5615,2.25,1.50
2011.11.23 01:49:47.063,1.56134,1.5615,2.25,1.50
2011.11.23 01:49:47.291,1.56134,1.5615,1.50,2.25
2011.11.23 01:49:48.193,1.56134,1.5615,2.25,1.50
2011.11.23 01:49:48.785,1.56134,1.5615,2.25,1.50
2011.11.23 01:49:49.265,1.56134,1.5615,2.25,1.50
2011.11.23 01:49:49.823,1.56134,1.5615,2.25,1.50
2011.11.23 01:49:50.185,1.56132,1.56148,3.00,1.50
2011.11.23 01:49:50.422,1.56134,1.5615,2.25,1.50
2011.11.23 01:49:50.663,1.56132,1.56148,3.00,1.50
2011.11.23 01:49:51.374,1.56132,1.56148,3.00,1.50
2011.11.23 01:49:52.544,1.56132,1.56148,3.00,1.50
2011.11.23 01:49:52.784,1.56134,1.5615,2.25,1.50
2011.11.23 01:49:53.013,1.56136,1.56152,2.25,1.50
2011.11.23 01:49:53.603,1.56136,1.56152,2.25,1.50
2011.11.23 01:49:54.170,1.56136,1.56152,2.25,1.50
2011.11.23 01:49:55.025,1.56134,1.5615,2.25,1.50
2011.11.23 01:49:55.271,1.56132,1.56148,3.00,1.50
2011.11.23 01:49:56.302,1.56132,1.56148,3.00,1.50
2011.11.23 01:49:57.035,1.56132,1.56148,3.00,1.50
2011.11.23 01:49:57.272,1.56134,1.5615,2.25,1.50
2011.11.23 01:49:57.393,1.56136,1.56152,2.25,1.50
2011.11.23 01:49:57.993,1.56138,1.56154,2.25,1.50
2011.11.23 01:49:58.822,1.56138,1.56154,2.25,1.50
2011.11.23 01:50:00.932,1.56136,1.56152,2.25,1.50
2011.11.23 01:50:01.171,1.56138,1.56154,2.25,1.50
2011.11.23 01:50:02.204,1.56138,1.56154,2.25,1.50
2011.11.23 01:50:02.325,1.56138,1.56154,2.25,1.50
2011.11.23 01:50:02.807,1.56136,1.56152,2.25,1.50
2011.11.23 01:50:02.942,1.56132,1.56148,2.25,1.50
2011.11.23 01:50:03.534,1.56134,1.5615,2.25,1.50
2011.11.23 01:50:04.485,1.56134,1.5615,2.25,1.50
2011.11.23 01:50:04.725,1.56134,1.5615,2.25,1.50
2011.11.23 01:50:05.085,1.56136,1.56152,2.25,1.50
2011.11.23 01:50:05.683,1.56136,1.56152,2.25,1.50
2011.11.23 01:50:06.441,1.56136,1.56152,2.25,1.50
2011.11.23 01:50:07.395,1.56136,1.56152,2.25,1.50
2011.11.23 01:50:07.636,1.56134,1.5615,2.25,1.50
2011.11.23 01:50:08.494,1.56134,1.5615,2.25,1.50
2011.11.23 01:50:09.255,1.56134,1.5615,2.25,1.50
2011.11.23 01:50:09.494,1.56138,1.56154,2.25,2.44
2011.11.23 01:50:09.732,1.56138,1.56154,2.25,2.44
2011.11.23 01:50:10.703,1.56138,1.56154,2.25,2.25
2011.11.23 01:50:11.422,1.56136,1.56152,2.25,1.50
2011.11.23 01:50:14.406,1.56136,1.56152,2.25,1.50
2011.11.23 01:50:14.901,1.5614,1.56156,2.25,2.25
2011.11.23 01:50:15.614,1.5614,1.56156,2.25,1.50
2011.11.23 01:50:16.095,1.56137,1.56153,3.75,1.50
2011.11.23 01:50:16.213,1.56142,1.56158,2.25,1.50
2011.11.23 01:50:16.454,1.56146,1.56162,2.25,3.38
2011.11.23 01:50:16.576,1.56146,1.56162,2.25,3.38
2011.11.23 01:50:17.184,1.56138,1.56154,1.88,1.50
2011.11.23 01:50:17.303,1.56138,1.56154,2.63,1.50
2011.11.23 01:50:17.544,1.5614,1.56156,2.25,1.50
2011.11.23 01:50:17.785,1.56143,1.56159,2.25,2.44
2011.11.23 01:50:18.472,1.56144,1.5616,2.25,1.50
2011.11.23 01:50:19.073,1.56144,1.5616,2.25,1.50
2011.11.23 01:50:19.913,1.56144,1.5616,2.25,1.50
2011.11.23 01:50:20.516,1.56146,1.56162,2.25,1.69
2011.11.23 01:50:20.645,1.56148,1.56164,2.25,1.50
2011.11.23 01:50:20.889,1.5615,1.56166,2.25,1.50
2011.11.23 01:50:21.020,1.56152,1.56166,1.50,1.50
2011.11.23 01:50:21.146,1.56152,1.56168,3.00,1.50
2011.11.23 01:50:21.734,1.56152,1.56168,3.00,1.50
2011.11.23 01:50:25.481,1.56154,1.5617,2.25,1.50
2011.11.23 01:50:27.205,1.56152,1.56168,3.00,1.50
2011.11.23 01:50:27.563,1.56154,1.5617,2.25,1.50
2011.11.23 01:50:27.685,1.56154,1.5617,2.25,1.50
2011.11.23 01:50:27.806,1.56156,1.56172,2.25,1.50
2011.11.23 01:50:27.937,1.56156,1.56172,3.00,1.50
2011.11.23 01:50:28.064,1.56158,1.56174,3.38,2.25
2011.11.23 01:50:28.185,1.5616,1.56176,2.25,2.25
2011.11.23 01:50:28.807,1.5616,1.56176,2.25,2.25
2011.11.23 01:50:28.938,1.5616,1.56176,2.25,1.50
2011.11.23 01:50:29.306,1.56165,1.56181,2.25,2.44
2011.11.23 01:50:29.555,1.56165,1.56181,2.25,2.44
2011.11.23 01:50:29.674,1.56167,1.56181,1.50,1.69
2011.11.23 01:50:29.795,1.56167,1.56179,1.50,1.50
2011.11.23 01:50:29.918,1.56167,1.56182,1.50,1.50
2011.11.23 01:50:30.164,1.56167,1.56182,1.50,1.50
2011.11.23 01:50:30.283,1.56168,1.56184,2.25,1.50
2011.11.23 01:50:30.767,1.5617,1.56186,2.25,1.50
2011.11.23 01:50:31.254,1.5617,1.56186,2.25,1.50
2011.11.23 01:50:31.602,1.5617,1.56186,2.25,1.50
2011.11.23 01:50:32.512,1.56171,1.56186,1.50,1.50
2011.11.23 01:50:32.872,1.56175,1.56191,1.50,2.25
2011.11.23 01:50:33.472,1.56175,1.56191,1.50,2.25
2011.11.23 01:50:35.253,1.56177,1.56192,1.50,1.50
2011.11.23 01:50:35.986,1.56177,1.56192,1.50,1.50
2011.11.23 01:50:36.801,1.56177,1.56192,1.50,1.50
2011.11.23 01:50:37.999,1.56175,1.56191,1.50,2.25
2011.11.23 01:50:38.243,1.56173,1.56189,2.25,2.25
2011.11.23 01:50:38.991,1.56173,1.56189,2.25,2.25
2011.11.23 01:50:39.603,1.56173,1.56189,1.50,2.25
2011.11.23 01:50:39.843,1.56173,1.56189,1.50,2.25
2011.11.23 01:50:40.082,1.56173,1.56189,1.50,2.25
2011.11.23 01:50:40.683,1.5617,1.56186,1.50,2.25
2011.11.23 01:50:41.758,1.56172,1.56188,1.50,2.25
2011.11.23 01:50:41.886,1.5617,1.56186,1.50,2.25
2011.11.23 01:50:42.015,1.56168,1.56184,3.00,1.50
2011.11.23 01:50:43.525,1.56167,1.56182,1.50,2.25
2011.11.23 01:50:43.888,1.56168,1.56184,3.00,1.50
2011.11.23 01:50:44.602,1.56168,1.56184,3.00,1.50
2011.11.23 01:50:45.386,1.56168,1.56184,3.00,1.50
2011.11.23 01:50:45.721,1.56168,1.56184,3.00,1.50
2011.11.23 01:50:46.429,1.56168,1.56184,3.00,1.50
2011.11.23 01:50:47.919,1.5617,1.56186,3.75,2.44
2011.11.23 01:50:48.165,1.56172,1.56188,3.00,1.50
2011.11.23 01:50:48.735,1.56174,1.5619,1.50,2.25
2011.11.23 01:50:49.094,1.56174,1.5619,2.25,1.50
2011.11.23 01:50:49.453,1.56176,1.56192,2.25,1.50
2011.11.23 01:50:49.700,1.56178,1.56194,3.00,1.50
2011.11.23 01:50:49.826,1.56178,1.56192,1.50,1.50
2011.11.23 01:50:49.956,1.56178,1.56194,3.00,1.50
2011.11.23 01:50:50.448,1.56176,1.56192,2.63,1.50
2011.11.23 01:50:51.053,1.56176,1.56192,2.25,1.50
2011.11.23 01:50:51.962,1.56178,1.56194,2.25,2.25
2011.11.23 01:50:53.254,1.56176,1.56192,2.25,1.50
2011.11.23 01:50:53.821,1.56176,1.56192,2.25,1.50
2011.11.23 01:50:54.383,1.56176,1.56192,2.25,1.50
2011.11.23 01:50:55.221,1.56176,1.56192,2.25,1.50
2011.11.23 01:50:55.940,1.56176,1.56192,2.25,1.50
2011.11.23 01:50:56.492,1.56176,1.56192,2.25,1.50
2011.11.23 01:50:57.008,1.56176,1.56192,2.25,1.50
2011.11.23 01:50:58.458,1.56174,1.5619,2.25,1.50
2011.11.23 01:50:58.588,1.56174,1.5619,2.25,1.50
2011.11.23 01:50:59.504,1.56174,1.5619,2.25,1.50
2011.11.23 01:50:59.866,1.56176,1.56192,2.25,2.25
2011.11.23 01:51:00.462,1.56176,1.56192,2.25,2.25
2011.11.23 01:51:01.197,1.56176,1.56192,2.25,2.25
2011.11.23 01:51:01.570,1.56174,1.5619,2.25,1.50
2011.11.23 01:51:02.011,1.56174,1.5619,2.25,1.50
2011.11.23 01:51:02.732,1.56174,1.5619,2.25,1.50
2011.11.23 01:51:03.696,1.56174,1.5619,2.25,1.50
2011.11.23 01:51:04.294,1.56174,1.5619,2.25,1.50
2011.11.23 01:51:04.772,1.56174,1.5619,2.25,1.50
2011.11.23 01:51:06.922,1.56177,1.56192,1.50,1.50
2011.11.23 01:51:07.048,1.56178,1.56194,2.25,2.25
2011.11.23 01:51:07.177,1.56183,1.56199,1.50,3.00
2011.11.23 01:51:07.307,1.56185,1.56201,1.50,3.94
2011.11.23 01:51:07.559,1.56185,1.56201,2.25,2.25
2011.11.23 01:51:08.164,1.5619,1.56205,2.25,1.50
2011.11.23 01:51:08.285,1.5619,1.56206,2.25,1.50
2011.11.23 01:51:08.524,1.5619,1.56206,2.25,1.50
2011.11.23 01:51:09.415,1.56191,1.56207,2.25,2.25
2011.11.23 01:51:09.782,1.56197,1.56212,1.50,1.50
2011.11.23 01:51:10.151,1.56197,1.56213,2.25,2.25
2011.11.23 01:51:10.756,1.56199,1.56215,1.50,3.00
2011.11.23 01:51:10.885,1.56199,1.56215,2.25,2.25
2011.11.23 01:51:11.129,1.56199,1.56215,2.25,2.25
2011.11.23 01:51:11.257,1.56204,1.5622,2.25,2.25
2011.11.23 01:51:11.507,1.56204,1.5622,2.25,2.25
2011.11.23 01:51:11.948,1.56204,1.5622,2.25,1.50
2011.11.23 01:51:12.084,1.56206,1.5622,1.88,2.25
2011.11.23 01:51:12.207,1.56206,1.5622,1.13,2.25
2011.11.23 01:51:12.815,1.56202,1.56218,2.25,1.50
2011.11.23 01:51:12.939,1.562,1.56216,2.25,1.50
2011.11.23 01:51:13.190,1.56196,1.56212,2.25,1.50
2011.11.23 01:51:13.437,1.56196,1.56212,2.25,1.50
2011.11.23 01:51:13.556,1.56193,1.56209,3.00,1.50
2011.11.23 01:51:14.284,1.56195,1.56211,2.25,1.50
2011.11.23 01:51:15.595,1.56195,1.56211,2.25,1.50
2011.11.23 01:51:16.196,1.56197,1.56213,2.25,1.50
2011.11.23 01:51:16.326,1.56197,1.56213,2.25,1.50
2011.11.23 01:51:17.052,1.56197,1.56213,2.25,1.50
2011.11.23 01:51:17.287,1.56199,1.56215,1.50,3.00
2011.11.23 01:51:17.654,1.56199,1.56215,2.25,1.50
2011.11.23 01:51:18.190,1.56201,1.56217,2.25,1.50
2011.11.23 01:51:18.332,1.56209,1.56225,1.50,2.25
2011.11.23 01:51:18.700,1.56207,1.56223,2.25,1.50
2011.11.23 01:51:19.305,1.56207,1.56223,2.25,1.50
2011.11.23 01:51:20.736,1.56202,1.56218,3.00,1.50
2011.11.23 01:51:20.985,1.56207,1.56223,2.25,1.50
2011.11.23 01:51:21.225,1.56202,1.56218,2.25,1.50
2011.11.23 01:51:21.583,1.56204,1.5622,2.25,1.50
2011.11.23 01:51:22.172,1.56202,1.56218,2.25,1.50
2011.11.23 01:51:23.502,1.56202,1.56218,2.25,1.50
2011.11.23 01:51:24.043,1.562,1.56216,2.25,1.50
2011.11.23 01:51:26.051,1.562,1.56216,2.25,1.50
2011.11.23 01:51:30.132,1.56198,1.56213,1.50,1.50
2011.11.23 01:51:31.572,1.56198,1.56213,1.50,1.50
2011.11.23 01:51:32.435,1.56193,1.56209,3.00,1.88
2011.11.23 01:51:32.802,1.56193,1.56207,1.50,1.50
2011.11.23 01:51:33.381,1.56193,1.56207,1.50,1.50
2011.11.23 01:51:34.092,1.56193,1.56207,1.50,1.50
2011.11.23 01:51:34.639,1.56193,1.56207,1.50,1.50
2011.11.23 01:51:36.173,1.56193,1.56207,1.50,1.50
2011.11.23 01:51:36.751,1.56191,1.56207,2.25,1.50
2011.11.23 01:51:37.332,1.56191,1.56207,2.25,1.50
2011.11.23 01:51:37.969,1.56191,1.56207,2.25,1.50
2011.11.23 01:51:38.804,1.56191,1.56207,2.25,1.50
2011.11.23 01:51:39.368,1.56191,1.56207,2.25,1.50
2011.11.23 01:51:43.048,1.56191,1.56207,2.25,1.50
2011.11.23 01:51:43.421,1.56191,1.56202,2.25,1.50
2011.11.23 01:51:43.544,1.56191,1.56202,1.50,1.50
2011.11.23 01:51:43.792,1.56187,1.56202,1.50,1.50
2011.11.23 01:51:44.039,1.56187,1.56202,1.50,2.63
2011.11.23 01:51:44.406,1.56188,1.56202,1.50,2.63
2011.11.23 01:51:45.231,1.56187,1.56202,1.50,2.25
2011.11.23 01:51:45.359,1.56187,1.56202,1.50,1.50
2011.11.23 01:51:45.603,1.56188,1.56204,2.25,1.50
2011.11.23 01:51:45.724,1.56188,1.56204,2.25,1.50
2011.11.23 01:51:46.324,1.56188,1.56204,2.25,1.50
2011.11.23 01:51:47.112,1.56188,1.56204,2.25,1.50
2011.11.23 01:51:47.816,1.56188,1.56204,2.25,1.50
2011.11.23 01:51:50.681,1.56188,1.56204,2.25,1.50
2011.11.23 01:51:51.273,1.56189,1.56204,1.35,1.50
2011.11.23 01:51:51.625,1.5619,1.56206,2.40,1.50
2011.11.23 01:51:51.864,1.56191,1.56206,1.50,1.50
2011.11.23 01:51:52.225,1.56192,1.56208,3.00,1.50
2011.11.23 01:51:52.464,1.56192,1.56208,2.25,1.50
2011.11.23 01:51:52.588,1.56191,1.56206,2.59,1.50
2011.11.23 01:51:53.192,1.56191,1.56206,2.59,1.50
2011.11.23 01:51:54.436,1.56191,1.56206,2.89,1.50
2011.11.23 01:51:54.568,1.56192,1.56208,2.40,1.50
2011.11.23 01:51:55.177,1.56192,1.56208,2.40,1.50
2011.11.23 01:51:56.233,1.56191,1.56206,2.14,1.50
2011.11.23 01:51:58.667,1.56194,1.5621,2.25,1.50
2011.11.23 01:51:59.416,1.56194,1.5621,2.25,1.50
2011.11.23 01:52:00.011,1.56194,1.5621,2.25,1.50
2011.11.23 01:52:04.272,1.56194,1.5621,2.25,1.50
2011.11.23 01:52:04.825,1.56194,1.5621,2.25,1.50
2011.11.23 01:52:05.479,1.56194,1.5621,2.25,1.50
2011.11.23 01:52:06.199,1.56194,1.5621,2.25,1.50
2011.11.23 01:52:07.408,1.56194,1.5621,2.25,1.50
2011.11.23 01:52:08.010,1.56194,1.5621,2.25,1.50
2011.11.23 01:52:09.965,1.56194,1.5621,2.25,1.50
2011.11.23 01:52:10.422,1.56192,1.56208,2.40,1.50
2011.11.23 01:52:10.770,1.56191,1.56206,2.14,1.50
2011.11.23 01:52:13.256,1.56191,1.56206,2.14,1.50
2011.11.23 01:52:14.015,1.56191,1.56204,1.05,1.50
2011.11.23 01:52:14.377,1.56191,1.56206,1.05,1.50
2011.11.23 01:52:15.455,1.5619,1.56206,2.25,1.50
2011.11.23 01:52:16.412,1.5619,1.56206,2.25,1.50
2011.11.23 01:52:17.101,1.5619,1.56206,2.25,1.50
2011.11.23 01:52:17.883,1.5619,1.56206,2.25,1.50
2011.11.23 01:52:20.527,1.56189,1.56204,1.35,1.50
2011.11.23 01:52:20.653,1.56189,1.56204,1.35,1.50
2011.11.23 01:52:21.017,1.5619,1.56206,2.25,1.50
2011.11.23 01:52:21.385,1.5619,1.56206,2.25,1.50
2011.11.23 01:52:22.732,1.5619,1.56206,2.25,1.50
2011.11.23 01:52:23.336,1.5619,1.56206,2.25,2.25
2011.11.23 01:52:24.142,1.5619,1.56206,2.25,2.25
2011.11.23 01:52:25.236,1.5619,1.56206,2.25,2.25
2011.11.23 01:52:25.952,1.5619,1.56206,2.25,2.25
2011.11.23 01:52:26.314,1.56191,1.56206,2.44,2.25
2011.11.23 01:52:29.475,1.56194,1.56206,1.35,2.25
2011.11.23 01:52:29.594,1.56192,1.56204,2.10,2.25
2011.11.23 01:52:29.715,1.56187,1.56202,1.09,1.50
2011.11.23 01:52:29.839,1.56187,1.562,1.09,1.50
2011.11.23 01:52:30.207,1.56187,1.56197,1.09,1.50
2011.11.23 01:52:30.814,1.56183,1.56197,1.05,1.50
2011.11.23 01:52:30.933,1.56175,1.56191,2.55,1.50
2011.11.23 01:52:31.053,1.56175,1.56191,2.55,1.50
2011.11.23 01:52:31.632,1.56177,1.56193,2.25,1.50
2011.11.23 01:52:35.309,1.56175,1.56189,1.05,1.50
2011.11.23 01:52:35.437,1.56175,1.56189,1.05,1.50
2011.11.23 01:52:35.804,1.56174,1.56185,1.35,1.50
2011.11.23 01:52:36.753,1.56169,1.56185,2.55,1.50
2011.11.23 01:52:37.473,1.56169,1.56185,2.55,1.50
2011.11.23 01:52:38.080,1.56169,1.56185,2.55,1.50
2011.11.23 01:52:38.651,1.56169,1.56185,2.55,1.50
2011.11.23 01:52:39.247,1.56178,1.56194,1.50,2.25
2011.11.23 01:52:39.375,1.56178,1.56194,2.33,2.25
2011.11.23 01:52:39.733,1.56183,1.56199,2.25,1.50
2011.11.23 01:52:39.853,1.56186,1.56202,2.25,1.69
2011.11.23 01:52:40.750,1.56186,1.562,1.50,1.50
2011.11.23 01:52:41.236,1.56181,1.56197,2.25,1.50
2011.11.23 01:52:41.604,1.56186,1.56202,2.25,1.50
2011.11.23 01:52:42.193,1.56186,1.56202,2.25,1.50
2011.11.23 01:52:43.335,1.56186,1.56202,2.25,1.50
2011.11.23 01:52:43.861,1.56186,1.56202,2.25,1.50
2011.11.23 01:52:44.432,1.56186,1.56202,2.25,1.50
2011.11.23 01:52:44.672,1.56186,1.56202,2.25,1.50
2011.11.23 01:52:45.371,1.56186,1.56202,2.25,1.50
2011.11.23 01:52:45.932,1.56186,1.56202,2.25,1.50
2011.11.23 01:52:46.611,1.56186,1.56202,2.25,1.50
2011.11.23 01:52:47.322,1.56186,1.56202,2.25,1.50
2011.11.23 01:52:47.841,1.56186,1.56202,2.25,1.50
2011.11.23 01:52:48.390,1.56186,1.56202,2.25,1.50
2011.11.23 01:52:49.051,1.56186,1.56202,2.25,1.50
2011.11.23 01:52:49.830,1.56186,1.56202,2.25,1.50
2011.11.23 01:52:50.448,1.56197,1.56209,3.75,1.50
2011.11.23 01:52:50.701,1.56197,1.56213,5.48,1.50
2011.11.23 01:52:50.824,1.56199,1.56213,1.35,1.50
2011.11.23 01:52:51.189,1.56199,1.56211,1.35,1.50
2011.11.23 01:52:51.878,1.56193,1.56209,2.25,1.50
2011.11.23 01:52:52.010,1.56186,1.56202,2.25,1.50
2011.11.23 01:52:52.615,1.56186,1.56202,2.25,1.50
2011.11.23 01:52:53.213,1.56186,1.56202,3.38,1.50
2011.11.23 01:52:53.452,1.56188,1.56204,2.25,1.50
2011.11.23 01:52:54.054,1.56188,1.56204,2.25,1.50
2011.11.23 01:52:54.622,1.56188,1.56204,2.25,1.50
2011.11.23 01:52:55.016,1.56193,1.56209,2.25,1.50
2011.11.23 01:52:55.386,1.56197,1.56213,2.25,1.50
2011.11.23 01:52:55.747,1.56197,1.56213,2.25,1.50
2011.11.23 01:52:56.183,1.56199,1.56215,2.25,1.50
2011.11.23 01:52:56.545,1.56199,1.56215,2.25,1.50
2011.11.23 01:52:57.504,1.56199,1.56215,2.25,1.50
2011.11.23 01:52:58.092,1.56199,1.56215,2.25,1.50
2011.11.23 01:52:58.815,1.56199,1.56215,2.25,1.50
2011.11.23 01:53:01.990,1.56199,1.56215,2.25,1.50
2011.11.23 01:53:03.943,1.56199,1.56215,2.25,1.50
2011.11.23 01:53:04.548,1.56201,1.56217,2.25,1.69
2011.11.23 01:53:05.128,1.56201,1.56217,2.25,1.50
2011.11.23 01:53:05.499,1.5621,1.56226,1.50,2.44
2011.11.23 01:53:05.627,1.56212,1.56228,1.50,2.25
2011.11.23 01:53:05.998,1.56214,1.5623,1.50,2.25
2011.11.23 01:53:06.127,1.56212,1.56228,1.50,2.25
2011.11.23 01:53:14.304,1.56212,1.56228,2.25,1.50
2011.11.23 01:53:14.947,1.56212,1.56228,2.25,1.50
2011.11.23 01:53:15.770,1.56212,1.56228,2.25,1.50
2011.11.23 01:53:16.303,1.56212,1.56228,2.25,1.50
2011.11.23 01:53:19.059,1.56212,1.56228,2.25,1.50
2011.11.23 01:53:19.603,1.56214,1.5623,2.25,1.50
2011.11.23 01:53:23.207,1.56214,1.56229,1.50,1.13
2011.11.23 01:53:23.456,1.56209,1.56225,2.25,1.50
2011.11.23 01:53:23.579,1.56207,1.56223,1.50,3.00
2011.11.23 01:53:23.707,1.56202,1.56218,2.25,1.69
2011.11.23 01:53:23.837,1.56202,1.56218,2.25,1.69
2011.11.23 01:53:24.684,1.56202,1.56218,2.25,1.69
2011.11.23 01:53:25.305,1.56207,1.56223,2.25,1.69
2011.11.23 01:53:25.903,1.56209,1.56224,2.25,1.13
2011.11.23 01:53:26.417,1.56207,1.56222,2.25,1.88
2011.11.23 01:53:26.662,1.56203,1.56219,2.25,1.88
2011.11.23 01:53:27.295,1.56203,1.56219,2.25,2.07
2011.11.23 01:53:29.592,1.56203,1.56219,2.25,2.07
2011.11.23 01:53:30.648,1.56203,1.56219,2.25,2.07
2011.11.23 01:53:31.225,1.56203,1.56219,2.25,1.69
2011.11.23 01:53:31.813,1.56203,1.56219,2.25,2.07
2011.11.23 01:53:32.334,1.56201,1.56217,2.25,1.50
2011.11.23 01:53:32.567,1.56204,1.5622,2.25,1.69
2011.11.23 01:53:32.817,1.56204,1.5622,2.25,1.69
2011.11.23 01:53:33.063,1.56206,1.56222,2.25,2.25
2011.11.23 01:53:33.652,1.56206,1.56222,2.25,2.25
2011.11.23 01:53:35.142,1.56206,1.56222,2.25,2.25
2011.11.23 01:53:35.851,1.56206,1.56222,2.25,2.25
2011.11.23 01:53:36.573,1.56206,1.56222,2.25,2.25
2011.11.23 01:53:37.123,1.56206,1.56222,2.25,2.25
2011.11.23 01:53:37.710,1.56206,1.56222,2.25,2.25
2011.11.23 01:53:38.353,1.56206,1.56222,2.25,2.25
2011.11.23 01:53:38.931,1.56206,1.56222,2.25,1.50
2011.11.23 01:53:39.559,1.56206,1.56222,2.25,1.50
2011.11.23 01:53:40.112,1.56206,1.56222,2.25,1.50
2011.11.23 01:53:40.702,1.56206,1.56222,2.25,1.50
2011.11.23 01:53:40.820,1.56206,1.56222,1.50,2.25
2011.11.23 01:53:42.183,1.56206,1.56222,2.25,1.50
2011.11.23 01:53:42.775,1.56206,1.56222,2.25,1.50
2011.11.23 01:53:44.292,1.56206,1.56222,2.25,1.50
2011.11.23 01:53:46.123,1.56206,1.56222,2.25,1.50
2011.11.23 01:53:46.911,1.56206,1.56222,2.25,1.50
2011.11.23 01:53:49.004,1.56206,1.56222,2.25,1.50
2011.11.23 01:53:49.862,1.56206,1.56222,2.25,1.50
2011.11.23 01:53:50.643,1.56206,1.56222,2.25,1.50
2011.11.23 01:53:52.173,1.56206,1.56222,2.25,1.50
2011.11.23 01:53:53.383,1.56206,1.56222,2.25,1.50
2011.11.23 01:53:54.463,1.56208,1.56224,1.50,3.00
2011.11.23 01:53:54.706,1.56208,1.56223,1.50,1.13
2011.11.23 01:53:55.063,1.56206,1.56222,2.25,1.88
2011.11.23 01:53:55.186,1.56209,1.56225,1.50,2.88
2011.11.23 01:53:55.304,1.56211,1.56225,1.50,1.13
2011.11.23 01:53:55.666,1.56213,1.56229,2.25,1.50
2011.11.23 01:53:56.029,1.56213,1.56229,2.25,1.50
2011.11.23 01:53:56.154,1.56216,1.56232,2.25,2.25
2011.11.23 01:53:57.583,1.56216,1.56232,2.25,1.50
2011.11.23 01:53:58.042,1.56216,1.56232,2.25,1.50
2011.11.23 01:53:58.612,1.56216,1.56232,2.25,1.50
2011.11.23 01:53:59.003,1.56216,1.56232,2.25,1.50
2011.11.23 01:53:59.571,1.56216,1.56232,2.25,1.50
2011.11.23 01:54:00.992,1.56216,1.56232,2.25,1.50
2011.11.23 01:54:01.231,1.56216,1.56232,2.25,1.50
2011.11.23 01:54:01.801,1.56216,1.56232,2.25,1.50
2011.11.23 01:54:02.521,1.56216,1.56232,2.25,1.50
2011.11.23 01:54:03.207,1.56216,1.56232,2.25,1.50
2011.11.23 01:54:04.901,1.56216,1.56232,1.50,2.25
2011.11.23 01:54:05.261,1.56216,1.56232,2.25,1.50
2011.11.23 01:54:07.675,1.56219,1.56232,1.50,1.50
2011.11.23 01:54:07.800,1.5622,1.56236,1.50,2.25
2011.11.23 01:54:07.926,1.56222,1.56238,1.50,2.25
2011.11.23 01:54:08.283,1.56226,1.56241,1.50,1.50
2011.11.23 01:54:08.402,1.56224,1.5624,2.25,1.50
2011.11.23 01:54:08.974,1.56224,1.5624,1.50,2.25
2011.11.23 01:54:09.553,1.56224,1.5624,1.50,2.25
2011.11.23 01:54:10.085,1.56224,1.5624,1.50,2.25
2011.11.23 01:54:10.760,1.56224,1.5624,1.50,2.25
2011.11.23 01:54:13.264,1.56226,1.56242,2.25,1.50
2011.11.23 01:54:13.629,1.56222,1.56238,2.25,1.50
2011.11.23 01:54:13.993,1.5622,1.56236,2.25,1.50
2011.11.23 01:54:15.203,1.5622,1.56236,2.25,1.50
2011.11.23 01:54:16.116,1.5622,1.56236,2.25,1.50
2011.11.23 01:54:16.354,1.5622,1.56236,2.25,1.50
2011.11.23 01:54:16.712,1.56216,1.56232,2.25,1.50
2011.11.23 01:54:16.832,1.56216,1.56232,2.25,1.50
2011.11.23 01:54:17.307,1.56216,1.56232,1.50,2.25
2011.11.23 01:54:18.015,1.56216,1.56232,2.25,1.50
2011.11.23 01:54:18.731,1.56216,1.56232,2.25,1.50
2011.11.23 01:54:20.632,1.56216,1.56232,2.25,1.50
2011.11.23 01:54:20.994,1.56218,1.56234,2.25,1.50
2011.11.23 01:54:23.382,1.56218,1.56234,2.25,1.50
2011.11.23 01:54:25.381,1.56216,1.56232,2.25,1.50
2011.11.23 01:54:26.029,1.56216,1.56232,2.25,1.50
2011.11.23 01:54:28.671,1.56214,1.5623,2.25,1.50
2011.11.23 01:54:29.038,1.56211,1.56227,2.25,3.75
2011.11.23 01:54:29.406,1.56209,1.56225,2.25,1.50
2011.11.23 01:54:31.937,1.56209,1.56224,1.50,1.50
2011.11.23 01:54:32.072,1.56209,1.56224,1.50,1.88
2011.11.23 01:54:32.322,1.56205,1.56221,1.50,3.19
2011.11.23 01:54:32.932,1.56202,1.56218,2.25,1.50
2011.11.23 01:54:36.835,1.56202,1.56218,2.25,1.50
2011.11.23 01:54:37.074,1.56205,1.56221,1.50,2.82
2011.11.23 01:54:37.676,1.56207,1.56223,2.25,1.69
2011.11.23 01:54:37.793,1.56209,1.56225,1.50,3.19
2011.11.23 01:54:41.258,1.56209,1.56225,2.25,2.44
2011.11.23 01:54:41.708,1.56209,1.56225,2.25,1.69
2011.11.23 01:54:42.205,1.56208,1.56224,2.25,1.50
2011.11.23 01:54:43.152,1.56208,1.56224,2.25,1.50
2011.11.23 01:54:43.272,1.56208,1.56224,2.25,1.50
2011.11.23 01:54:43.875,1.56208,1.56224,2.25,1.50
2011.11.23 01:54:44.481,1.5621,1.56226,2.25,1.50
2011.11.23 01:54:44.609,1.56216,1.5623,1.50,1.13
2011.11.23 01:54:45.048,1.56218,1.56234,1.50,2.25
2011.11.23 01:54:45.178,1.56218,1.56234,2.25,1.50
2011.11.23 01:54:46.074,1.56218,1.56234,2.25,1.50
2011.11.23 01:54:46.664,1.5622,1.56236,2.25,1.50
2011.11.23 01:54:46.789,1.56218,1.56234,2.25,1.50
2011.11.23 01:54:47.152,1.56218,1.56234,2.25,1.50
2011.11.23 01:54:48.360,1.56222,1.56234,1.50,1.50
2011.11.23 01:54:48.489,1.56225,1.56241,2.25,1.69
2011.11.23 01:54:48.900,1.56227,1.56243,2.25,1.50
2011.11.23 01:54:49.503,1.56228,1.56244,2.25,1.50
2011.11.23 01:54:51.593,1.56228,1.56244,2.25,1.50
2011.11.23 01:54:52.180,1.56228,1.56244,2.25,1.50
2011.11.23 01:54:52.799,1.56228,1.56244,2.25,1.50
2011.11.23 01:54:53.520,1.56228,1.56244,2.25,1.50
2011.11.23 01:54:55.163,1.56228,1.56244,2.25,1.50
2011.11.23 01:54:56.112,1.56228,1.56244,2.25,1.50
2011.11.23 01:54:56.853,1.56228,1.56244,2.25,1.50
2011.11.23 01:54:57.085,1.56226,1.56242,2.25,1.50
2011.11.23 01:54:57.569,1.56226,1.56242,2.25,1.50
2011.11.23 01:54:57.702,1.5622,1.56236,2.25,1.50
2011.11.23 01:54:58.209,1.56217,1.56233,2.25,1.50
2011.11.23 01:54:58.339,1.56217,1.56233,2.25,1.50
2011.11.23 01:54:58.592,1.56214,1.5623,2.25,1.50
2011.11.23 01:54:58.842,1.56207,1.56223,2.25,1.50
2011.11.23 01:55:00.673,1.56207,1.56223,2.25,2.25
2011.11.23 01:55:02.156,1.56209,1.56224,2.25,1.13
2011.11.23 01:55:03.102,1.56207,1.56223,2.25,2.25
2011.11.23 01:55:03.854,1.56207,1.56223,2.25,2.25
2011.11.23 01:55:07.194,1.56207,1.56223,2.25,2.25
2011.11.23 01:55:07.840,1.56207,1.56223,2.25,2.25
2011.11.23 01:55:09.592,1.56207,1.56223,2.25,2.25
2011.11.23 01:55:10.291,1.56207,1.56223,2.25,2.25
2011.11.23 01:55:10.829,1.56207,1.56223,2.25,2.25
2011.11.23 01:55:11.454,1.56207,1.56223,2.25,2.25
2011.11.23 01:55:12.561,1.56207,1.56223,2.25,2.25
2011.11.23 01:55:13.130,1.56207,1.56223,2.25,2.25
2011.11.23 01:55:13.682,1.56207,1.56223,2.25,2.25
2011.11.23 01:55:14.818,1.56207,1.56223,2.25,2.25
2011.11.23 01:55:15.591,1.56207,1.56223,2.25,2.25
2011.11.23 01:55:16.105,1.56207,1.56223,2.25,2.25
2011.11.23 01:55:17.237,1.56207,1.56223,2.25,2.25
2011.11.23 01:55:18.103,1.56207,1.56223,2.25,2.25
2011.11.23 01:55:20.285,1.56207,1.56223,2.25,2.25
2011.11.23 01:55:21.033,1.56207,1.56223,2.25,2.25
2011.11.23 01:55:21.821,1.56207,1.56223,2.25,2.25
2011.11.23 01:55:22.381,1.56207,1.56223,2.25,2.25
2011.11.23 01:55:22.961,1.56207,1.56223,2.25,2.25
2011.11.23 01:55:23.515,1.56207,1.56223,2.25,2.25
2011.11.23 01:55:26.485,1.56207,1.56223,2.25,2.25
2011.11.23 01:55:27.628,1.56209,1.56225,2.25,2.07
2011.11.23 01:55:28.218,1.56207,1.56223,2.25,1.50
2011.11.23 01:55:29.423,1.56207,1.56223,2.25,1.50
2011.11.23 01:55:53.860,1.56207,1.56223,2.25,2.25
2011.11.23 01:55:54.533,1.56207,1.56223,1.50,3.00
2011.11.23 01:55:54.654,1.56202,1.56218,2.25,1.50
2011.11.23 01:55:55.002,1.56211,1.56225,1.50,1.13
2011.11.23 01:55:55.473,1.56211,1.56227,2.25,1.50
2011.11.23 01:55:56.155,1.56213,1.56229,2.25,1.50
2011.11.23 01:55:56.972,1.56213,1.56229,2.25,1.50
2011.11.23 01:55:57.331,1.56213,1.56229,2.25,1.50
2011.11.23 01:55:57.453,1.56216,1.56232,2.25,2.25
2011.11.23 01:55:58.037,1.56216,1.56232,2.25,2.25
2011.11.23 01:56:00.851,1.56214,1.5623,2.25,1.50
2011.11.23 01:56:01.411,1.56214,1.5623,2.25,1.50
2011.11.23 01:56:02.022,1.56212,1.56228,2.25,1.50
2011.11.23 01:56:02.158,1.56207,1.56223,2.25,1.50
2011.11.23 01:56:02.406,1.56204,1.5622,2.25,1.50
2011.11.23 01:56:02.533,1.56204,1.5622,2.25,1.50
2011.11.23 01:56:02.651,1.56202,1.56218,2.25,1.50
2011.11.23 01:56:04.092,1.56202,1.56218,2.25,1.50
2011.11.23 01:56:05.596,1.562,1.56216,2.25,1.50
2011.11.23 01:56:06.078,1.56199,1.56214,1.50,1.50
2011.11.23 01:56:07.013,1.56198,1.56214,2.25,1.50
2011.11.23 01:56:07.669,1.56198,1.56214,2.25,1.50
2011.11.23 01:56:08.342,1.56198,1.56214,2.25,1.50
2011.11.23 01:56:08.980,1.56198,1.56214,2.25,1.50
2011.11.23 01:56:09.341,1.562,1.56216,2.25,1.50
2011.11.23 01:56:09.903,1.56198,1.56214,2.25,1.50
2011.11.23 01:56:10.944,1.56198,1.56214,2.25,1.50
2011.11.23 01:56:11.400,1.56196,1.56209,1.50,1.13
2011.11.23 01:56:11.769,1.56192,1.56202,1.13,2.25
2011.11.23 01:56:12.132,1.56188,1.56198,1.13,1.50
2011.11.23 01:56:12.252,1.56187,1.56198,1.13,1.50
2011.11.23 01:56:12.490,1.56184,1.562,2.25,1.50
2011.11.23 01:56:13.523,1.56184,1.562,2.25,1.50
2011.11.23 01:56:13.644,1.56178,1.56194,2.25,1.50
2011.11.23 01:56:13.762,1.56178,1.56194,2.25,1.50
2011.11.23 01:56:14.440,1.56177,1.56193,2.25,1.50
2011.11.23 01:56:15.001,1.56177,1.56193,2.25,1.50
2011.11.23 01:56:16.372,1.56177,1.56193,2.25,1.50
2011.11.23 01:56:16.611,1.56175,1.56191,2.25,1.50
2011.11.23 01:56:18.071,1.56175,1.56191,2.25,1.50
2011.11.23 01:56:18.864,1.56175,1.56191,2.25,1.50
2011.11.23 01:56:20.512,1.56175,1.56191,2.25,1.50
2011.11.23 01:56:20.634,1.56177,1.56193,2.25,1.50
2011.11.23 01:56:22.044,1.56177,1.56193,2.25,1.50
2011.11.23 01:56:22.275,1.5618,1.56196,2.25,1.50
2011.11.23 01:56:22.395,1.56182,1.56198,2.25,1.50
2011.11.23 01:56:22.860,1.56184,1.562,2.25,1.50
2011.11.23 01:56:23.720,1.56184,1.562,2.25,1.50
2011.11.23 01:56:24.682,1.56182,1.56198,2.25,1.50
2011.11.23 01:56:24.805,1.56179,1.56195,3.00,1.50
2011.11.23 01:56:25.374,1.56179,1.56195,3.00,1.50
2011.11.23 01:56:26.677,1.56179,1.56195,3.00,1.50
2011.11.23 01:56:27.032,1.56177,1.56192,1.50,1.50
2011.11.23 01:56:27.606,1.56176,1.56192,2.25,1.50
2011.11.23 01:56:29.322,1.56176,1.56192,2.25,1.50
2011.11.23 01:56:29.661,1.56175,1.5619,1.50,1.50
2011.11.23 01:56:30.513,1.56175,1.5619,1.50,1.50
2011.11.23 01:56:30.753,1.56176,1.56192,2.25,1.50
2011.11.23 01:56:31.550,1.56176,1.56192,2.25,1.50
2011.11.23 01:56:32.371,1.56176,1.56192,2.25,1.50
2011.11.23 01:56:32.950,1.56176,1.56192,2.25,1.50
2011.11.23 01:56:33.510,1.56176,1.56192,2.25,1.50
2011.11.23 01:56:35.082,1.56176,1.56192,2.25,1.50
2011.11.23 01:56:35.730,1.56176,1.56192,2.25,1.50
2011.11.23 01:56:35.862,1.56172,1.56188,2.25,1.50
2011.11.23 01:56:35.986,1.56172,1.56188,2.25,1.50
2011.11.23 01:56:36.104,1.5617,1.56181,1.50,1.50
2011.11.23 01:56:36.349,1.56165,1.56181,3.00,1.50
2011.11.23 01:56:36.596,1.56167,1.56183,2.25,1.50
2011.11.23 01:56:37.412,1.56167,1.56183,2.25,1.50
2011.11.23 01:56:37.980,1.56167,1.56183,2.25,1.50
2011.11.23 01:56:38.551,1.56167,1.56183,2.25,1.50
2011.11.23 01:56:39.247,1.56167,1.56183,2.25,1.50
2011.11.23 01:56:39.386,1.56165,1.56181,2.25,1.50
2011.11.23 01:56:39.626,1.56161,1.56177,2.25,1.50
2011.11.23 01:56:39.746,1.56161,1.56177,2.25,1.50
2011.11.23 01:56:39.866,1.5616,1.56175,1.50,1.50
2011.11.23 01:56:39.984,1.56159,1.56175,2.25,1.50
2011.11.23 01:56:40.225,1.56159,1.56175,2.25,1.50
2011.11.23 01:56:40.345,1.56157,1.56173,2.25,1.50
2011.11.23 01:56:41.816,1.56161,1.56177,2.25,1.50
2011.11.23 01:56:41.937,1.56163,1.56179,2.25,1.50
2011.11.23 01:56:42.671,1.56163,1.56179,2.25,1.50
2011.11.23 01:56:43.575,1.56163,1.56179,2.25,1.50
2011.11.23 01:56:44.130,1.56163,1.56179,2.25,1.50
2011.11.23 01:56:44.718,1.56167,1.56183,2.25,1.50
2011.11.23 01:56:45.291,1.56167,1.56183,2.25,1.50
2011.11.23 01:56:45.861,1.56167,1.56183,2.25,1.50
2011.11.23 01:56:46.986,1.56166,1.56186,1.50,1.50
2011.11.23 01:56:47.326,1.56167,1.56188,2.25,1.50
2011.11.23 01:56:48.131,1.56167,1.56183,2.25,1.50
2011.11.23 01:56:49.170,1.56164,1.56178,1.13,1.50
2011.11.23 01:56:49.295,1.56164,1.56178,1.13,1.50
2011.11.23 01:56:50.052,1.56162,1.56178,2.25,1.50
2011.11.23 01:56:50.180,1.56159,1.56173,1.13,1.50
2011.11.23 01:56:50.429,1.56156,1.56171,1.50,1.50
2011.11.23 01:56:50.556,1.56156,1.56171,1.50,1.50
2011.11.23 01:56:50.904,1.56152,1.56173,2.25,1.50
2011.11.23 01:56:51.026,1.56149,1.5617,4.50,1.50
2011.11.23 01:56:51.264,1.56149,1.5617,2.25,1.50
2011.11.23 01:56:51.495,1.56146,1.56161,1.50,1.50
2011.11.23 01:56:53.557,1.56146,1.56161,1.50,1.50
2011.11.23 01:56:53.692,1.56147,1.56163,2.25,1.50
2011.11.23 01:56:54.271,1.56147,1.56163,2.25,1.50
2011.11.23 01:56:54.853,1.56146,1.56161,1.50,1.50
2011.11.23 01:56:55.312,1.56146,1.56161,1.50,1.50
2011.11.23 01:56:56.212,1.56146,1.56159,1.50,1.50
2011.11.23 01:56:57.112,1.56146,1.56159,1.50,1.50
2011.11.23 01:56:57.805,1.56146,1.56159,1.50,1.50
2011.11.23 01:56:58.162,1.56146,1.56161,1.50,1.50
2011.11.23 01:56:58.963,1.56146,1.56161,1.50,1.50
2011.11.23 01:57:01.090,1.56146,1.56159,1.50,1.50
2011.11.23 01:57:01.466,1.56144,1.56159,1.13,2.63
2011.11.23 01:57:01.714,1.56141,1.56157,2.25,3.75
2011.11.23 01:57:01.955,1.56132,1.56148,2.25,1.50
2011.11.23 01:57:02.557,1.56128,1.56149,2.25,1.50
2011.11.23 01:57:02.925,1.5613,1.56151,2.25,1.50
2011.11.23 01:57:03.554,1.56132,1.56148,2.25,1.50
2011.11.23 01:57:03.677,1.56132,1.56148,2.25,1.50
2011.11.23 01:57:04.513,1.56132,1.56148,2.25,1.50
2011.11.23 01:57:05.082,1.56132,1.56148,2.25,1.50
2011.11.23 01:57:05.643,1.56134,1.5615,2.25,1.80
2011.11.23 01:57:06.181,1.56134,1.5615,2.25,1.80
2011.11.23 01:57:06.777,1.56132,1.56148,2.25,1.50
2011.11.23 01:57:06.902,1.56134,1.5615,2.25,2.25
2011.11.23 01:57:07.135,1.56131,1.56147,2.25,1.95
2011.11.23 01:57:07.499,1.56127,1.56143,2.25,2.25
2011.11.23 01:57:07.623,1.56124,1.5614,2.25,2.25
2011.11.23 01:57:07.747,1.56122,1.56138,2.25,2.25
2011.11.23 01:57:07.879,1.56122,1.56138,2.25,1.50
2011.11.23 01:57:08.007,1.5612,1.56136,3.00,1.50
2011.11.23 01:57:08.135,1.56122,1.56138,2.25,1.50
2011.11.23 01:57:08.640,1.56124,1.5614,1.50,1.73
2011.11.23 01:57:08.777,1.56122,1.56136,2.25,1.91
2011.11.23 01:57:08.913,1.5611,1.56131,3.75,1.88
2011.11.23 01:57:09.050,1.56115,1.5613,1.50,3.38
2011.11.23 01:57:09.295,1.56115,1.5613,2.25,1.88
2011.11.23 01:57:09.417,1.56119,1.5613,1.50,1.50
2011.11.23 01:57:09.539,1.56119,1.56135,2.25,2.25
2011.11.23 01:57:09.667,1.56119,1.56138,1.13,2.25
2011.11.23 01:57:10.345,1.56119,1.56135,2.25,2.25
2011.11.23 01:57:10.549,1.56119,1.5614,1.50,2.25
2011.11.23 01:57:11.143,1.56118,1.56138,1.13,1.50
2011.11.23 01:57:11.267,1.5612,1.5614,1.50,2.25
2011.11.23 01:57:12.893,1.56124,1.5614,2.25,1.50
2011.11.23 01:57:13.017,1.56127,1.56143,1.50,1.50
2011.11.23 01:57:13.383,1.56129,1.56145,1.50,2.25
2011.11.23 01:57:14.062,1.56129,1.56145,1.50,2.25
2011.11.23 01:57:14.653,1.56129,1.56145,1.50,2.25
2011.11.23 01:57:15.324,1.56129,1.56145,1.50,3.00
2011.11.23 01:57:15.449,1.56124,1.5614,2.25,1.50
2011.11.23 01:57:16.033,1.56124,1.5614,1.50,1.50
2011.11.23 01:57:17.163,1.56124,1.5614,1.50,1.88
2011.11.23 01:57:17.514,1.56129,1.56145,2.25,2.25
2011.11.23 01:57:17.747,1.56131,1.56147,1.50,2.25
2011.11.23 01:57:18.867,1.56129,1.56145,1.50,2.25
2011.11.23 01:57:19.571,1.56129,1.56145,2.25,2.25
2011.11.23 01:57:20.494,1.56129,1.56145,1.50,2.25
2011.11.23 01:57:20.833,1.56129,1.56145,2.25,2.25
2011.11.23 01:57:21.806,1.56131,1.56147,2.25,2.25
2011.11.23 01:57:24.263,1.56131,1.56147,1.50,2.25
2011.11.23 01:57:24.611,1.56133,1.56149,1.50,3.00
2011.11.23 01:57:25.181,1.56133,1.56149,1.50,3.00
2011.11.23 01:57:26.191,1.56133,1.56149,1.50,3.00
2011.11.23 01:57:26.772,1.56133,1.56148,1.50,1.50
2011.11.23 01:57:26.895,1.56135,1.5615,1.50,1.50
2011.11.23 01:57:27.134,1.56135,1.5615,1.50,1.50
2011.11.23 01:57:27.365,1.56133,1.56149,1.50,2.25
2011.11.23 01:57:29.093,1.56133,1.56149,1.50,2.63
2011.11.23 01:57:29.212,1.56133,1.56149,1.50,2.63
2011.11.23 01:57:31.815,1.56136,1.56152,1.50,3.00
2011.11.23 01:57:31.933,1.56136,1.56152,1.50,3.00
2011.11.23 01:57:32.179,1.56138,1.56154,1.50,2.44
2011.11.23 01:57:32.894,1.5614,1.56156,1.50,3.19
2011.11.23 01:57:33.012,1.5614,1.56156,1.50,2.44
2011.11.23 01:57:33.662,1.5614,1.56156,1.50,2.74
2011.11.23 01:57:33.778,1.56138,1.56154,1.50,3.00
2011.11.23 01:57:33.907,1.56136,1.56152,1.50,1.50
2011.11.23 01:57:35.648,1.56138,1.56154,1.50,2.25
2011.11.23 01:57:36.244,1.56138,1.56154,2.25,1.50
2011.11.23 01:57:37.003,1.56138,1.56154,2.25,1.50
2011.11.23 01:57:37.594,1.56138,1.56154,2.25,1.50
2011.11.23 01:57:38.099,1.5614,1.56156,2.25,1.50
2011.11.23 01:57:39.985,1.5614,1.56156,2.25,1.69
2011.11.23 01:57:40.347,1.56147,1.56159,2.25,1.13
2011.11.23 01:57:40.479,1.56147,1.56162,2.25,1.32
2011.11.23 01:57:41.084,1.56147,1.56163,2.25,1.69
2011.11.23 01:57:41.564,1.56147,1.56163,2.25,1.69
2011.11.23 01:57:42.504,1.56145,1.56161,2.25,1.50
2011.11.23 01:57:43.881,1.56147,1.56163,1.50,1.69
2011.11.23 01:57:44.283,1.56144,1.5616,2.25,1.50
2011.11.23 01:57:45.973,1.56142,1.56158,3.00,1.50
2011.11.23 01:57:46.216,1.56142,1.56158,3.00,1.50
2011.11.23 01:57:46.810,1.56142,1.56158,2.25,1.50
2011.11.23 01:57:47.371,1.56142,1.56158,2.25,1.50
2011.11.23 01:57:48.313,1.56142,1.56158,2.25,1.50
2011.11.23 01:57:48.989,1.56142,1.56158,2.25,1.50
2011.11.23 01:57:49.524,1.56144,1.5616,1.50,1.50
2011.11.23 01:57:49.650,1.5614,1.56156,2.25,1.50
2011.11.23 01:57:49.892,1.5614,1.56156,2.25,1.50
2011.11.23 01:57:50.232,1.56138,1.56154,3.00,1.50
2011.11.23 01:57:50.903,1.56138,1.56154,3.00,1.50
2011.11.23 01:57:51.488,1.56141,1.56157,1.50,1.50
2011.11.23 01:57:54.465,1.56139,1.56155,2.25,1.50
2011.11.23 01:57:55.469,1.56139,1.56155,2.25,1.50
2011.11.23 01:57:57.104,1.56137,1.56153,2.25,1.50
2011.11.23 01:57:58.138,1.56137,1.56153,2.25,1.50
2011.11.23 01:57:58.268,1.56137,1.56153,2.25,1.50
2011.11.23 01:57:59.544,1.56137,1.56153,2.25,1.50
2011.11.23 01:58:00.078,1.56137,1.56153,2.25,1.50
2011.11.23 01:58:00.748,1.56137,1.56153,2.25,1.50
2011.11.23 01:58:01.543,1.56137,1.56153,2.25,1.50
2011.11.23 01:58:01.906,1.56137,1.56153,2.25,2.25
2011.11.23 01:58:02.149,1.56137,1.56151,1.50,2.25
2011.11.23 01:58:02.281,1.56128,1.56144,2.25,1.50
2011.11.23 01:58:02.411,1.56128,1.56142,1.50,1.13
2011.11.23 01:58:03.036,1.56121,1.56135,1.05,1.50
2011.11.23 01:58:03.400,1.56118,1.56133,1.54,2.25
2011.11.23 01:58:03.527,1.56118,1.56133,1.35,1.88
2011.11.23 01:58:03.659,1.56117,1.56133,3.30,1.50
2011.11.23 01:58:04.138,1.56119,1.56135,1.50,1.50
2011.11.23 01:58:04.733,1.56119,1.56135,2.25,1.50
2011.11.23 01:58:06.039,1.56119,1.56135,2.25,1.50
2011.11.23 01:58:07.092,1.56119,1.56135,2.25,1.50
2011.11.23 01:58:07.670,1.56119,1.56135,2.25,1.50
2011.11.23 01:58:08.040,1.56117,1.56132,2.25,1.88
2011.11.23 01:58:08.681,1.56117,1.56132,1.50,2.63
2011.11.23 01:58:08.819,1.5612,1.56136,2.25,1.50
2011.11.23 01:58:09.402,1.5612,1.56136,2.63,1.50
2011.11.23 01:58:10.055,1.56122,1.56136,1.09,1.50
2011.11.23 01:58:10.633,1.56122,1.56136,1.09,1.50
2011.11.23 01:58:11.492,1.56122,1.56136,1.09,1.50
2011.11.23 01:58:12.320,1.56122,1.56136,1.09,1.50
2011.11.23 01:58:13.107,1.56122,1.56136,1.09,1.50
2011.11.23 01:58:13.785,1.56122,1.56136,1.09,1.50
2011.11.23 01:58:14.034,1.56121,1.56134,1.24,1.13
2011.11.23 01:58:14.160,1.56121,1.56132,1.09,1.88
2011.11.23 01:58:14.526,1.56116,1.5613,2.40,1.88
2011.11.23 01:58:14.645,1.56117,1.5613,1.05,1.88
2011.11.23 01:58:14.763,1.56117,1.5613,2.18,1.88
2011.11.23 01:58:14.884,1.56119,1.56132,1.05,2.25
2011.11.23 01:58:15.245,1.56119,1.56134,1.13,1.50
2011.11.23 01:58:15.367,1.56118,1.56134,2.03,1.50
2011.11.23 01:58:15.493,1.5612,1.56136,1.50,2.25
2011.11.23 01:58:15.968,1.5612,1.56136,2.63,1.50
2011.11.23 01:58:16.338,1.5612,1.56134,1.13,1.50
2011.11.23 01:58:16.593,1.5612,1.56136,2.63,1.50
2011.11.23 01:58:17.317,1.56119,1.56133,1.28,1.50
2011.11.23 01:58:17.444,1.56117,1.56133,4.47,1.50
2011.11.23 01:58:17.571,1.56117,1.56131,2.22,1.88
2011.11.23 01:58:17.940,1.56117,1.56131,1.13,2.25
2011.11.23 01:58:19.444,1.56117,1.56132,3.19,1.13
2011.11.23 01:58:20.170,1.56116,1.56132,3.38,1.88
2011.11.23 01:58:20.298,1.56117,1.56132,1.69,1.50
2011.11.23 01:58:20.904,1.56117,1.56132,1.50,1.50
2011.11.23 01:58:21.148,1.56116,1.56132,3.19,1.50
2011.11.23 01:58:21.622,1.56118,1.56134,1.88,2.25
2011.11.23 01:58:23.184,1.56118,1.56134,2.25,1.50
2011.11.23 01:58:23.433,1.5612,1.56136,2.63,1.50
2011.11.23 01:58:24.221,1.56118,1.56134,3.00,1.50
2011.11.23 01:58:25.064,1.56117,1.56132,1.69,1.50
2011.11.23 01:58:25.667,1.56117,1.56131,1.50,1.13
2011.11.23 01:58:26.042,1.56115,1.56128,3.00,2.25
2011.11.23 01:58:26.171,1.5611,1.56128,2.25,1.88
2011.11.23 01:58:26.300,1.5611,1.56126,1.50,1.50
2011.11.23 01:58:26.790,1.56116,1.56129,1.50,1.88
2011.11.23 01:58:26.923,1.56114,1.56129,1.50,1.88
2011.11.23 01:58:27.291,1.56116,1.56132,1.50,2.25
2011.11.23 01:58:28.245,1.56114,1.56135,2.25,2.25
2011.11.23 01:58:28.609,1.56112,1.5613,2.25,1.32
2011.11.23 01:58:29.035,1.5611,1.56126,2.25,2.63
2011.11.23 01:58:29.163,1.5611,1.56124,1.50,3.75
2011.11.23 01:58:29.754,1.56108,1.56122,1.50,1.50
2011.11.23 01:58:29.997,1.56106,1.56121,1.50,1.50
2011.11.23 01:58:30.369,1.5611,1.56122,1.50,1.50
2011.11.23 01:58:30.740,1.56112,1.56128,1.50,3.00
2011.11.23 01:58:30.990,1.56112,1.56128,1.50,3.00
2011.11.23 01:58:32.011,1.56112,1.56128,1.50,2.25
2011.11.23 01:58:32.137,1.5611,1.56126,1.50,1.50
2011.11.23 01:58:33.689,1.56107,1.56123,3.00,1.50
2011.11.23 01:58:34.415,1.56107,1.56123,2.25,1.50
2011.11.23 01:58:34.926,1.56107,1.56123,1.50,2.25
2011.11.23 01:58:35.655,1.561,1.56121,1.50,1.50
2011.11.23 01:58:36.015,1.56103,1.56119,1.50,1.50
2011.11.23 01:58:36.738,1.56102,1.56116,1.50,1.50
2011.11.23 01:58:36.992,1.56107,1.56123,2.25,1.50
2011.11.23 01:58:37.431,1.56107,1.56123,2.25,1.50
2011.11.23 01:58:37.805,1.56109,1.56125,2.44,1.50
2011.11.23 01:58:38.050,1.56109,1.56125,2.44,1.50
2011.11.23 01:58:38.776,1.56109,1.56125,2.44,1.50
2011.11.23 01:58:39.631,1.56109,1.56125,2.25,1.50
2011.11.23 01:58:39.765,1.56108,1.56123,1.50,1.50
2011.11.23 01:58:40.484,1.56108,1.56123,1.69,1.50
2011.11.23 01:58:40.608,1.56109,1.56125,2.44,1.50
2011.11.23 01:58:41.120,1.56109,1.56125,2.44,1.50
2011.11.23 01:58:42.293,1.56111,1.56127,1.50,1.50
2011.11.23 01:58:42.773,1.56109,1.56125,1.50,1.50
2011.11.23 01:58:44.386,1.56111,1.56127,1.50,1.50
2011.11.23 01:58:45.429,1.56109,1.56125,2.44,1.50
2011.11.23 01:58:46.205,1.56109,1.56125,1.50,1.50
2011.11.23 01:58:48.466,1.56108,1.56123,1.69,1.50
2011.11.23 01:58:48.823,1.56112,1.56128,2.25,1.50
2011.11.23 01:58:48.950,1.56114,1.5613,1.50,1.50
2011.11.23 01:58:51.541,1.56112,1.56128,1.50,1.50
2011.11.23 01:58:51.903,1.5611,1.56126,1.50,1.50
2011.11.23 01:58:53.448,1.56113,1.56129,1.50,2.25
2011.11.23 01:58:53.574,1.56115,1.56131,1.50,1.50
2011.11.23 01:58:54.425,1.56117,1.56133,1.50,2.25
2011.11.23 01:58:54.943,1.56115,1.56131,1.50,1.50
2011.11.23 01:58:57.979,1.56113,1.56129,1.50,1.50
2011.11.23 01:58:58.586,1.56111,1.56127,1.50,1.50
2011.11.23 01:58:59.277,1.56109,1.56125,1.50,1.50
2011.11.23 01:59:00.486,1.56109,1.56125,2.25,1.50
2011.11.23 01:59:00.608,1.56111,1.56127,1.50,1.50
2011.11.23 01:59:00.738,1.56113,1.56129,1.50,1.88
2011.11.23 01:59:02.263,1.56111,1.56127,2.25,1.50
2011.11.23 01:59:03.303,1.56111,1.56127,2.25,1.50
2011.11.23 01:59:04.095,1.56111,1.56127,2.25,1.50
2011.11.23 01:59:04.735,1.56111,1.56127,2.25,1.50
2011.11.23 01:59:05.422,1.56109,1.56125,2.25,2.25
2011.11.23 01:59:05.666,1.56109,1.56125,2.25,2.25
2011.11.23 01:59:06.505,1.56108,1.56123,1.13,2.25
2011.11.23 01:59:07.093,1.56107,1.56123,2.25,2.25
2011.11.23 01:59:07.325,1.56107,1.5612,1.50,1.50
2011.11.23 01:59:07.685,1.56104,1.5612,1.69,3.00
2011.11.23 01:59:08.448,1.56104,1.5612,1.50,3.00
2011.11.23 01:59:08.586,1.56106,1.56119,1.50,1.50
2011.11.23 01:59:09.475,1.56106,1.56121,2.25,1.88
2011.11.23 01:59:09.830,1.56106,1.5612,1.50,1.50
2011.11.23 01:59:09.957,1.56108,1.5612,1.50,1.50
2011.11.23 01:59:12.179,1.56106,1.56121,2.25,1.88
2011.11.23 01:59:12.547,1.56106,1.56122,3.00,1.50
2011.11.23 01:59:12.794,1.56108,1.56124,1.50,1.50
2011.11.23 01:59:12.921,1.56108,1.56124,2.25,1.50
2011.11.23 01:59:13.524,1.56108,1.56124,2.25,1.50
2011.11.23 01:59:13.907,1.5611,1.56126,2.25,1.50
2011.11.23 01:59:14.156,1.5611,1.56126,2.25,1.50
2011.11.23 01:59:14.752,1.5611,1.56126,2.25,1.50
2011.11.23 01:59:15.239,1.56112,1.56128,1.50,1.50
2011.11.23 01:59:15.866,1.56112,1.56128,2.25,1.50
2011.11.23 01:59:16.104,1.56119,1.56135,1.50,2.48
2011.11.23 01:59:16.471,1.5612,1.56136,1.50,2.78
2011.11.23 01:59:16.597,1.5612,1.56136,2.44,1.50
2011.11.23 01:59:16.967,1.56122,1.56138,3.00,1.50
2011.11.23 01:59:17.337,1.56129,1.56145,1.50,2.25
2011.11.23 01:59:17.715,1.56123,1.56137,1.50,1.50
2011.11.23 01:59:17.841,1.56123,1.56137,1.50,1.50
2011.11.23 01:59:18.262,1.56126,1.56139,1.50,1.50
2011.11.23 01:59:18.393,1.56133,1.56149,1.50,2.63
2011.11.23 01:59:18.517,1.56133,1.56149,1.50,2.63
2011.11.23 01:59:19.126,1.56131,1.56147,2.25,1.50
2011.11.23 01:59:19.724,1.56131,1.56147,2.25,2.25
2011.11.23 01:59:19.972,1.56129,1.56145,2.25,1.50
2011.11.23 01:59:20.101,1.56127,1.56142,1.50,2.25
2011.11.23 01:59:20.229,1.56126,1.56142,2.25,2.63
2011.11.23 01:59:20.481,1.56123,1.56139,2.25,1.50
2011.11.23 01:59:20.938,1.56123,1.56139,2.25,1.50
2011.11.23 01:59:21.315,1.5613,1.56146,1.50,3.19
2011.11.23 01:59:21.762,1.56128,1.56144,1.50,2.44
2011.11.23 01:59:22.377,1.56126,1.56142,1.50,2.63
2011.11.23 01:59:22.497,1.56124,1.5614,1.50,2.63
2011.11.23 01:59:22.629,1.5612,1.56135,1.88,1.50
2011.11.23 01:59:22.761,1.5612,1.56135,1.13,1.50
2011.11.23 01:59:22.892,1.56121,1.56137,1.50,1.50
2011.11.23 01:59:23.020,1.56123,1.56137,1.50,1.50
2011.11.23 01:59:23.385,1.56126,1.56142,1.50,3.19
2011.11.23 01:59:23.507,1.56126,1.56142,1.50,3.19
2011.11.23 01:59:24.059,1.56128,1.56144,1.50,3.00
2011.11.23 01:59:24.987,1.56128,1.56143,1.50,1.50
2011.11.23 01:59:25.109,1.56128,1.56144,1.50,2.25
2011.11.23 01:59:25.607,1.5613,1.56146,2.25,1.50
2011.11.23 01:59:25.847,1.56132,1.56148,1.50,2.25
2011.11.23 01:59:26.891,1.56132,1.56148,3.00,1.50
2011.11.23 01:59:27.263,1.56147,1.56158,1.50,1.50
2011.11.23 01:59:27.397,1.56137,1.56153,2.44,3.00
2011.11.23 01:59:27.532,1.56134,1.5615,1.50,1.50
2011.11.23 01:59:28.021,1.56134,1.5615,1.88,1.50
2011.11.23 01:59:28.268,1.56136,1.56152,1.69,1.50
2011.11.23 01:59:28.403,1.56141,1.56157,1.50,1.50
2011.11.23 01:59:29.216,1.56143,1.56159,1.50,3.00
2011.11.23 01:59:29.574,1.56143,1.56159,1.50,1.50
2011.11.23 01:59:31.762,1.56141,1.56157,1.50,1.50
2011.11.23 01:59:34.124,1.56137,1.56153,3.00,1.50
2011.11.23 01:59:34.805,1.56137,1.56153,2.25,1.50
2011.11.23 01:59:34.928,1.56135,1.56151,1.88,1.50
2011.11.23 01:59:35.297,1.56132,1.56146,1.50,1.50
2011.11.23 01:59:35.544,1.5613,1.56146,2.44,1.50
2011.11.23 01:59:35.663,1.5613,1.56146,2.44,1.50
2011.11.23 01:59:38.727,1.56132,1.56148,2.25,1.50
2011.11.23 01:59:38.858,1.56134,1.5615,1.50,1.50
2011.11.23 01:59:39.229,1.56132,1.56148,2.25,1.50
2011.11.23 01:59:39.480,1.56132,1.56148,2.25,1.50
2011.11.23 01:59:40.183,1.56134,1.5615,2.25,1.50
2011.11.23 01:59:40.785,1.5613,1.56146,2.25,1.50
2011.11.23 01:59:40.904,1.5613,1.56146,2.25,1.50
2011.11.23 01:59:41.026,1.56128,1.56144,2.25,1.50
2011.11.23 01:59:41.382,1.56127,1.56142,1.50,1.50
2011.11.23 01:59:41.617,1.56127,1.56142,1.50,1.50
2011.11.23 01:59:41.748,1.56127,1.5614,1.50,1.50
2011.11.23 01:59:42.003,1.56122,1.56138,2.25,2.25
2011.11.23 01:59:42.127,1.5612,1.56136,2.82,1.50
2011.11.23 01:59:42.500,1.56122,1.56138,2.25,2.25
2011.11.23 01:59:45.968,1.5612,1.56136,1.50,1.50
2011.11.23 01:59:46.335,1.56116,1.56131,1.50,1.50
2011.11.23 01:59:46.574,1.56117,1.56133,1.50,1.50
2011.11.23 01:59:46.804,1.56116,1.56131,1.50,1.50
2011.11.23 01:59:49.232,1.56114,1.56129,1.13,2.25
2011.11.23 01:59:49.483,1.56111,1.56127,1.88,1.50
2011.11.23 01:59:49.731,1.5611,1.56126,1.50,1.50
2011.11.23 01:59:49.862,1.56108,1.56124,1.50,1.50
2011.11.23 01:59:50.618,1.56106,1.56122,2.25,1.50
2011.11.23 01:59:50.986,1.56108,1.56124,2.25,1.50
2011.11.23 01:59:51.590,1.56108,1.56124,2.25,1.50
2011.11.23 01:59:52.703,1.56108,1.56124,2.25,1.50
2011.11.23 01:59:53.262,1.56108,1.56124,2.25,1.50
2011.11.23 01:59:53.857,1.56108,1.56124,2.25,1.50
2011.11.23 01:59:54.230,1.56105,1.56121,1.50,2.25
2011.11.23 01:59:54.848,1.56106,1.56122,1.50,3.19
2011.11.23 01:59:55.453,1.56106,1.56122,1.50,1.50
2011.11.23 01:59:56.035,1.56106,1.56122,2.25,1.50
2011.11.23 01:59:56.277,1.56106,1.56122,2.25,1.50
2011.11.23 01:59:56.411,1.56108,1.56124,2.25,1.50
2011.11.23 01:59:57.655,1.56108,1.56124,2.25,1.50
2011.11.23 01:59:58.167,1.56108,1.56124,2.25,1.50
2011.11.23 01:59:58.761,1.56108,1.56124,2.25,1.50
2011.11.23 01:59:59.015,1.56105,1.56121,2.25,1.50
2011.11.23 01:59:59.141,1.56103,1.56119,2.25,1.50
2011.11.23 01:59:59.391,1.56105,1.56121,2.25,1.50
2011.11.23 01:59:59.520,1.56105,1.56121,2.25,1.50
