2016.11.17 18:00:00.105,1.24331,1.24336,1.00,1.00
2016.11.17 18:00:00.207,1.24326,1.24336,6.00,2.25
2016.11.17 18:00:00.309,1.24326,1.24334,1.00,2.25
2016.11.17 18:00:00.360,1.24324,1.24334,2.25,2.25
2016.11.17 18:00:00.514,1.24324,1.24334,1.00,3.37
2016.11.17 18:00:00.903,1.24323,1.24332,1.00,1.12
2016.11.17 18:00:01.411,1.24323,1.24333,1.00,4.50
2016.11.17 18:00:01.716,1.24308,1.2431,1.00,2.25
2016.11.17 18:00:01.819,1.24304,1.24308,1.00,1.00
2016.11.17 18:00:01.926,1.24302,1.24308,3.75,1.00
2016.11.17 18:00:01.977,1.24304,1.24308,1.00,1.00
2016.11.17 18:00:02.305,1.24311,1.24316,1.00,1.87
2016.11.17 18:00:02.459,1.24308,1.24317,1.50,1.50
2016.11.17 18:00:02.613,1.2431,1.24317,1.00,1.50
2016.11.17 18:00:03.123,1.24308,1.24318,1.50,1.12
2016.11.17 18:00:05.022,1.2431,1.24318,1.00,1.50
2016.11.17 18:00:06.012,1.24308,1.24314,2.25,1.00
2016.11.17 18:00:06.521,1.24308,1.24317,2.25,1.50
2016.11.17 18:00:07.048,1.2431,1.24317,1.50,1.37
2016.11.17 18:00:07.150,1.24309,1.24317,1.00,1.00
2016.11.17 18:00:07.404,1.24309,1.24319,2.25,1.50
2016.11.17 18:00:07.810,1.24311,1.24319,1.00,1.87
2016.11.17 18:00:08.318,1.2431,1.24318,2.25,1.00
2016.11.17 18:00:08.672,1.24309,1.24314,2.25,1.00
2016.11.17 18:00:08.876,1.24307,1.24314,1.87,1.12
2016.11.17 18:00:09.187,1.24304,1.24305,2.25,1.00
2016.11.17 18:00:09.289,1.24299,1.24308,3.00,1.00
2016.11.17 18:00:09.501,1.24303,1.24311,1.50,1.87
2016.11.17 18:00:09.850,1.24303,1.24311,1.50,2.25
2016.11.17 18:00:09.953,1.24302,1.24311,1.50,1.12
2016.11.17 18:00:10.411,1.24303,1.24306,1.50,1.00
2016.11.17 18:00:10.462,1.24298,1.24305,4.12,1.00
2016.11.17 18:00:10.565,1.24295,1.24305,1.87,1.12
2016.11.17 18:00:10.731,1.24297,1.24305,1.00,1.87
2016.11.17 18:00:10.782,1.24295,1.24305,2.62,1.00
2016.11.17 18:00:10.834,1.24301,1.24306,1.00,1.37
2016.11.17 18:00:10.885,1.24299,1.24308,2.25,4.50
2016.11.17 18:00:10.975,1.24302,1.24308,1.50,4.50
2016.11.17 18:00:11.026,1.24302,1.24309,1.50,1.37
2016.11.17 18:00:11.566,1.24302,1.24309,1.50,1.00
2016.11.17 18:00:12.174,1.24302,1.2431,2.25,1.00
2016.11.17 18:00:12.276,1.24306,1.24312,1.50,1.37
2016.11.17 18:00:12.472,1.24308,1.24314,1.50,1.12
2016.11.17 18:00:12.979,1.24307,1.24315,2.25,1.00
2016.11.17 18:00:14.243,1.24306,1.24314,2.62,1.00
2016.11.17 18:00:14.499,1.24304,1.24314,3.00,1.50
2016.11.17 18:00:15.007,1.24305,1.24313,1.87,1.00
2016.11.17 18:00:15.515,1.24306,1.24314,1.87,1.87
2016.11.17 18:00:15.617,1.24308,1.24314,1.00,1.37
2016.11.17 18:00:15.835,1.2431,1.24318,1.00,4.12
2016.11.17 18:00:15.887,1.2431,1.24319,1.00,1.50
2016.11.17 18:00:16.394,1.2431,1.2432,2.62,2.25
2016.11.17 18:00:17.102,1.24308,1.24315,2.62,1.00
2016.11.17 18:00:17.305,1.24304,1.24314,2.62,1.50
2016.11.17 18:00:17.546,1.24304,1.24312,2.62,1.00
2016.11.17 18:00:18.055,1.24303,1.24312,2.62,1.00
2016.11.17 18:00:18.360,1.24307,1.24316,1.87,1.87
2016.11.17 18:00:19.020,1.24306,1.24316,2.62,1.00
2016.11.17 18:00:21.738,1.24305,1.24315,1.87,2.25
2016.11.17 18:00:22.042,1.24304,1.24312,1.00,1.00
2016.11.17 18:00:23.006,1.24303,1.24312,2.62,1.00
2016.11.17 18:00:24.828,1.24303,1.24313,1.00,1.12
2016.11.17 18:00:29.272,1.24305,1.24313,1.87,1.00
2016.11.17 18:00:30.155,1.24303,1.24313,2.62,1.00
2016.11.17 18:00:31.545,1.24305,1.24313,1.87,1.00
2016.11.17 18:00:32.085,1.24304,1.24313,1.87,1.00
2016.11.17 18:00:32.646,1.24303,1.24313,2.62,1.00
2016.11.17 18:00:34.779,1.24304,1.24313,1.87,1.00
2016.11.17 18:00:35.185,1.24307,1.24314,1.00,1.00
2016.11.17 18:00:35.287,1.24308,1.24317,2.62,1.50
2016.11.17 18:00:35.343,1.24308,1.24318,2.62,1.00
2016.11.17 18:00:36.474,1.24308,1.24319,1.00,2.25
2016.11.17 18:00:37.666,1.2431,1.24319,1.00,1.00
2016.11.17 18:00:38.176,1.2431,1.2432,1.12,1.50
2016.11.17 18:00:39.654,1.24309,1.24317,1.00,2.55
2016.11.17 18:00:39.908,1.24304,1.24314,1.00,1.00
2016.11.17 18:00:40.723,1.24305,1.24314,1.00,2.25
2016.11.17 18:00:40.927,1.2431,1.24314,1.00,1.50
2016.11.17 18:00:41.131,1.2431,1.24317,1.00,1.87
2016.11.17 18:00:41.670,1.2431,1.24318,1.12,1.87
2016.11.17 18:00:41.773,1.24307,1.24317,1.12,2.62
2016.11.17 18:00:41.824,1.24306,1.24313,1.12,1.87
2016.11.17 18:00:42.130,1.24304,1.24313,1.00,2.25
2016.11.17 18:00:42.383,1.24304,1.24311,1.12,1.87
2016.11.17 18:00:42.890,1.24303,1.2431,1.00,1.87
2016.11.17 18:00:43.433,1.24302,1.2431,1.12,2.62
2016.11.17 18:00:43.641,1.243,1.2431,1.87,1.87
2016.11.17 18:00:44.432,1.24304,1.2431,1.00,1.87
2016.11.17 18:00:44.585,1.243,1.2431,2.62,1.87
2016.11.17 18:00:45.091,1.243,1.24309,2.25,1.87
2016.11.17 18:00:45.286,1.24297,1.24306,1.12,1.00
2016.11.17 18:00:45.337,1.24295,1.24305,1.87,2.62
2016.11.17 18:00:45.388,1.24295,1.24303,1.50,1.00
2016.11.17 18:00:45.490,1.24293,1.24303,1.87,1.87
2016.11.17 18:00:45.996,1.24294,1.24302,1.00,1.00
2016.11.17 18:00:46.148,1.24292,1.243,1.50,1.00
2016.11.17 18:00:46.656,1.24292,1.243,1.00,2.62
2016.11.17 18:00:48.028,1.24291,1.24301,1.00,1.00
2016.11.17 18:00:48.484,1.24293,1.24301,1.00,1.00
2016.11.17 18:00:49.021,1.24292,1.24302,1.00,3.00
2016.11.17 18:00:49.539,1.24291,1.243,1.00,1.87
2016.11.17 18:00:50.055,1.2429,1.243,1.87,1.87
2016.11.17 18:00:50.562,1.2429,1.24301,1.87,3.00
2016.11.17 18:00:51.069,1.24291,1.24301,1.00,3.37
2016.11.17 18:00:51.576,1.24292,1.24301,1.00,3.00
2016.11.17 18:00:52.119,1.24293,1.24301,1.00,1.50
2016.11.17 18:00:53.802,1.24292,1.24301,1.00,1.50
2016.11.17 18:00:54.309,1.24291,1.24301,1.50,1.50
2016.11.17 18:00:54.614,1.24291,1.24299,2.25,1.12
2016.11.17 18:00:55.651,1.24292,1.24299,1.00,1.00
2016.11.17 18:00:56.865,1.24292,1.24301,1.12,1.12
2016.11.17 18:00:58.029,1.24291,1.24301,1.46,1.12
2016.11.17 18:00:58.753,1.24291,1.24299,1.46,1.00
2016.11.17 18:01:05.525,1.24291,1.24301,1.12,1.00
2016.11.17 18:01:05.576,1.24297,1.24303,1.00,1.50
2016.11.17 18:01:05.780,1.243,1.24307,3.00,1.00
2016.11.17 18:01:05.831,1.24301,1.24311,1.00,5.25
2016.11.17 18:01:05.882,1.24302,1.24311,1.00,1.00
2016.11.17 18:01:06.411,1.24303,1.24312,1.50,1.50
2016.11.17 18:01:06.918,1.24303,1.24313,1.50,1.00
2016.11.17 18:01:07.627,1.24305,1.24313,1.00,1.00
2016.11.17 18:01:07.887,1.24308,1.24318,1.00,1.00
2016.11.17 18:01:08.395,1.24307,1.24316,1.50,1.00
2016.11.17 18:01:08.548,1.24305,1.24315,1.12,1.12
2016.11.17 18:01:09.653,1.24312,1.24317,1.00,2.25
2016.11.17 18:01:09.722,1.2431,1.24318,1.00,1.87
2016.11.17 18:01:10.228,1.2431,1.24318,1.00,1.00
2016.11.17 18:01:12.125,1.2431,1.24317,1.00,1.87
2016.11.17 18:01:12.177,1.24306,1.24315,5.62,1.00
2016.11.17 18:01:12.330,1.24306,1.24313,1.87,1.87
2016.11.17 18:01:12.838,1.24304,1.24312,1.50,1.87
2016.11.17 18:01:13.345,1.24304,1.24313,1.12,1.87
2016.11.17 18:01:13.886,1.24304,1.24314,1.12,1.37
2016.11.17 18:01:14.393,1.24304,1.24313,1.12,1.37
2016.11.17 18:01:15.102,1.24304,1.24313,1.12,1.37
2016.11.17 18:01:16.584,1.24306,1.24316,1.50,2.62
2016.11.17 18:01:16.737,1.24308,1.24318,1.00,1.87
2016.11.17 18:01:16.788,1.24308,1.24318,1.12,1.12
2016.11.17 18:01:20.111,1.24307,1.24317,1.37,1.00
2016.11.17 18:01:20.213,1.24306,1.24316,1.12,1.00
2016.11.17 18:01:21.100,1.24305,1.24315,1.00,1.00
2016.11.17 18:01:21.890,1.24305,1.24314,1.00,1.00
2016.11.17 18:01:22.194,1.24307,1.24317,1.00,1.87
2016.11.17 18:01:22.296,1.24308,1.24318,1.00,1.50
2016.11.17 18:01:22.622,1.2431,1.2432,1.00,1.12
2016.11.17 18:01:23.635,1.2431,1.24319,1.00,1.00
2016.11.17 18:01:26.924,1.2431,1.2432,1.00,1.00
2016.11.17 18:01:31.600,1.2431,1.24319,1.00,1.00
2016.11.17 18:01:34.297,1.24317,1.24322,1.00,1.87
2016.11.17 18:01:34.551,1.24321,1.24329,1.00,1.12
2016.11.17 18:01:36.896,1.24317,1.24324,1.87,1.37
2016.11.17 18:01:36.949,1.24313,1.24323,1.87,1.12
2016.11.17 18:01:37.458,1.24313,1.24323,1.00,1.00
2016.11.17 18:01:37.661,1.24313,1.24321,1.00,1.00
2016.11.17 18:01:38.240,1.24313,1.24323,1.00,1.12
2016.11.17 18:01:38.772,1.24314,1.24324,1.50,1.12
2016.11.17 18:01:38.824,1.24314,1.24322,1.50,1.00
2016.11.17 18:01:40.701,1.24314,1.24324,1.50,1.00
2016.11.17 18:01:41.211,1.24314,1.24324,1.50,1.00
2016.11.17 18:01:41.717,1.24314,1.24324,1.12,1.00
2016.11.17 18:01:41.870,1.24317,1.24325,1.00,1.12
2016.11.17 18:01:42.536,1.24315,1.24325,1.12,1.00
2016.11.17 18:01:42.640,1.24314,1.24322,1.12,1.12
2016.11.17 18:01:42.793,1.24312,1.24322,1.12,1.12
2016.11.17 18:01:43.868,1.24315,1.24322,1.00,1.00
2016.11.17 18:01:43.920,1.24314,1.24324,2.25,1.12
2016.11.17 18:01:43.972,1.24317,1.24324,1.00,1.00
2016.11.17 18:01:44.176,1.24317,1.24327,1.00,1.00
2016.11.17 18:01:44.430,1.24316,1.24323,1.00,1.00
2016.11.17 18:01:44.634,1.24314,1.24322,1.00,1.00
2016.11.17 18:01:45.177,1.24313,1.24321,1.00,1.00
2016.11.17 18:01:46.201,1.24313,1.24323,1.00,1.00
2016.11.17 18:01:46.944,1.24312,1.24322,1.12,1.00
2016.11.17 18:01:49.875,1.24311,1.24322,1.12,1.37
2016.11.17 18:01:51.839,1.2431,1.2432,1.87,1.12
2016.11.17 18:01:52.948,1.24308,1.24319,4.12,1.00
2016.11.17 18:02:00.272,1.24308,1.24313,1.12,1.00
2016.11.17 18:02:00.527,1.24302,1.24311,1.50,1.00
2016.11.17 18:02:01.043,1.24302,1.24311,1.00,1.00
2016.11.17 18:02:01.448,1.24305,1.24313,1.00,1.12
2016.11.17 18:02:01.499,1.24306,1.24315,1.00,2.25
2016.11.17 18:02:01.601,1.24306,1.24317,2.25,2.62
2016.11.17 18:02:02.103,1.24307,1.24317,1.00,2.25
2016.11.17 18:02:02.256,1.24307,1.24315,1.00,1.00
2016.11.17 18:02:02.511,1.24302,1.24312,1.00,1.00
2016.11.17 18:02:03.017,1.24302,1.24311,1.12,1.00
2016.11.17 18:02:04.065,1.24302,1.24311,1.75,1.00
2016.11.17 18:02:04.877,1.24301,1.24311,1.75,1.00
2016.11.17 18:02:08.378,1.24301,1.24311,2.25,1.00
2016.11.17 18:02:10.925,1.24302,1.2431,1.50,1.00
2016.11.17 18:02:11.189,1.24302,1.24312,1.00,1.00
2016.11.17 18:02:11.343,1.24306,1.24314,1.00,1.00
2016.11.17 18:02:11.445,1.24307,1.24317,1.00,2.25
2016.11.17 18:02:11.547,1.24308,1.24318,1.00,1.72
2016.11.17 18:02:12.340,1.24307,1.24318,1.50,1.00
2016.11.17 18:02:12.392,1.24308,1.24316,1.00,1.00
2016.11.17 18:02:13.070,1.24306,1.24317,1.87,1.00
2016.11.17 18:02:13.374,1.24309,1.24319,1.50,1.00
2016.11.17 18:02:13.881,1.24309,1.2432,2.25,1.00
2016.11.17 18:02:20.984,1.24309,1.24316,1.12,1.50
2016.11.17 18:02:21.239,1.24307,1.24315,1.00,1.00
2016.11.17 18:02:21.443,1.24306,1.24317,1.00,1.12
2016.11.17 18:02:21.741,1.24308,1.24318,1.00,1.87
2016.11.17 18:02:22.251,1.24308,1.24317,1.00,1.37
2016.11.17 18:02:22.762,1.24307,1.24317,1.00,1.12
2016.11.17 18:02:23.067,1.24305,1.24316,1.50,1.00
2016.11.17 18:02:23.572,1.24306,1.24316,1.00,1.50
2016.11.17 18:02:24.028,1.24304,1.24313,1.37,1.00
2016.11.17 18:02:24.130,1.24304,1.24315,1.00,1.12
2016.11.17 18:02:24.333,1.24306,1.24314,1.00,1.00
2016.11.17 18:02:24.457,1.24306,1.24316,1.00,2.62
2016.11.17 18:02:24.609,1.24309,1.24317,1.00,1.12
2016.11.17 18:02:28.573,1.2431,1.24319,1.00,1.00
2016.11.17 18:02:29.079,1.2431,1.2432,1.00,1.50
2016.11.17 18:02:33.582,1.24309,1.2432,1.12,1.50
2016.11.17 18:02:34.803,1.2431,1.24321,1.00,1.37
2016.11.17 18:02:36.412,1.24309,1.2432,4.12,1.12
2016.11.17 18:02:37.050,1.24311,1.24321,1.00,3.75
2016.11.17 18:02:38.632,1.24311,1.24321,1.00,1.00
2016.11.17 18:02:44.126,1.24311,1.24321,1.00,1.37
2016.11.17 18:02:44.652,1.24311,1.24321,1.00,1.87
2016.11.17 18:02:47.693,1.24308,1.24319,3.37,1.12
2016.11.17 18:02:55.895,1.24307,1.24318,2.25,1.00
2016.11.17 18:02:56.251,1.24308,1.24316,1.12,1.00
2016.11.17 18:02:57.623,1.24309,1.24319,1.00,2.62
2016.11.17 18:02:57.674,1.24311,1.24321,1.00,7.87
2016.11.17 18:02:58.049,1.24311,1.24321,1.10,1.00
2016.11.17 18:02:58.574,1.24311,1.24321,1.07,1.00
2016.11.17 18:02:59.406,1.24311,1.2432,1.57,1.00
2016.11.17 18:02:59.939,1.24311,1.2432,1.00,1.00
2016.11.17 18:03:00.512,1.2431,1.2432,1.12,1.00
2016.11.17 18:03:10.615,1.24309,1.24319,1.50,1.00
2016.11.17 18:03:11.122,1.24309,1.24319,1.50,1.00
2016.11.17 18:03:12.766,1.24309,1.24313,1.00,1.00
2016.11.17 18:03:12.869,1.24305,1.24313,1.12,1.00
2016.11.17 18:03:12.920,1.24305,1.2431,1.12,1.00
2016.11.17 18:03:13.022,1.24301,1.24312,3.75,1.00
2016.11.17 18:03:13.174,1.24301,1.24312,3.37,1.00
2016.11.17 18:03:14.262,1.24301,1.2431,2.25,1.00
2016.11.17 18:03:14.567,1.24287,1.24292,4.12,1.00
2016.11.17 18:03:14.720,1.24286,1.2429,1.38,1.00
2016.11.17 18:03:14.912,1.24281,1.2429,1.00,1.09
2016.11.17 18:03:15.418,1.2428,1.2429,1.87,1.00
2016.11.17 18:03:19.465,1.24279,1.24289,1.87,1.00
2016.11.17 18:03:20.079,1.2428,1.2429,1.50,1.00
2016.11.17 18:03:20.130,1.2428,1.24289,1.37,1.00
2016.11.17 18:03:20.231,1.24279,1.24289,2.25,1.00
2016.11.17 18:03:24.923,1.24286,1.24291,1.00,1.12
2016.11.17 18:03:25.075,1.24287,1.24295,1.00,4.12
2016.11.17 18:03:25.126,1.24284,1.24292,1.37,1.00
2016.11.17 18:03:25.460,1.24282,1.2429,1.12,1.00
2016.11.17 18:03:26.675,1.2428,1.2429,3.37,1.00
2016.11.17 18:03:26.776,1.2428,1.24283,2.62,1.00
2016.11.17 18:03:26.827,1.24278,1.24282,1.50,1.00
2016.11.17 18:03:27.081,1.2427,1.24281,1.50,2.25
2016.11.17 18:03:27.726,1.24271,1.24279,1.12,1.00
2016.11.17 18:03:28.031,1.24269,1.2427,1.50,1.00
2016.11.17 18:03:28.133,1.24262,1.24269,1.37,1.00
2016.11.17 18:03:28.235,1.24259,1.24269,1.12,1.00
2016.11.17 18:03:28.388,1.24261,1.24269,1.00,1.00
2016.11.17 18:03:28.959,1.24259,1.24269,1.37,1.00
2016.11.17 18:03:29.468,1.24259,1.24268,1.37,1.00
2016.11.17 18:03:29.788,1.24264,1.2427,1.87,3.00
2016.11.17 18:03:29.940,1.24261,1.24266,1.12,3.00
2016.11.17 18:03:30.295,1.24259,1.24266,1.12,2.25
2016.11.17 18:03:31.938,1.24258,1.24266,1.00,3.00
2016.11.17 18:03:32.041,1.24257,1.2426,1.00,1.00
2016.11.17 18:03:32.144,1.2425,1.24259,1.87,1.50
2016.11.17 18:03:32.195,1.24252,1.24259,1.12,1.50
2016.11.17 18:03:32.298,1.24254,1.2426,1.00,1.50
2016.11.17 18:03:32.349,1.24251,1.24261,1.37,2.25
2016.11.17 18:03:32.735,1.2425,1.24259,1.50,1.00
2016.11.17 18:03:32.989,1.24253,1.24261,1.00,1.50
2016.11.17 18:03:33.192,1.24255,1.24263,1.50,1.50
2016.11.17 18:03:33.497,1.24257,1.24265,1.00,3.00
2016.11.17 18:03:33.801,1.24258,1.24263,1.50,1.00
2016.11.17 18:03:34.317,1.24258,1.24264,1.50,1.00
2016.11.17 18:03:34.368,1.24258,1.24267,1.50,4.50
2016.11.17 18:03:34.775,1.24258,1.24265,1.00,1.00
2016.11.17 18:03:35.283,1.24258,1.24266,3.00,3.00
2016.11.17 18:03:35.589,1.24262,1.24266,1.00,3.00
2016.11.17 18:03:35.640,1.2426,1.24266,1.00,3.00
2016.11.17 18:03:37.260,1.24261,1.24265,1.00,1.00
2016.11.17 18:03:37.799,1.24261,1.24266,1.00,1.00
2016.11.17 18:03:39.125,1.24259,1.24267,1.37,3.00
2016.11.17 18:03:39.379,1.2426,1.24265,1.37,1.00
2016.11.17 18:03:39.912,1.24258,1.24265,1.87,1.00
2016.11.17 18:03:40.874,1.24259,1.24265,1.00,1.00
2016.11.17 18:03:42.467,1.2426,1.24265,1.00,1.00
2016.11.17 18:03:44.081,1.24258,1.24265,3.00,1.00
2016.11.17 18:03:45.170,1.24258,1.24266,3.00,1.00
2016.11.17 18:03:46.621,1.24267,1.24268,1.50,2.25
2016.11.17 18:03:46.773,1.24267,1.2427,1.00,1.00
2016.11.17 18:03:46.875,1.24267,1.24274,1.84,3.00
2016.11.17 18:03:46.976,1.24267,1.24274,3.71,3.00
2016.11.17 18:03:47.521,1.24267,1.24274,3.71,2.25
2016.11.17 18:03:48.078,1.24267,1.24274,1.46,2.25
2016.11.17 18:03:48.863,1.24267,1.24271,2.96,1.50
2016.11.17 18:03:48.965,1.24267,1.24274,3.71,3.00
2016.11.17 18:03:50.082,1.24267,1.24275,1.12,1.50
2016.11.17 18:03:50.666,1.24267,1.24274,2.21,2.25
2016.11.17 18:03:52.289,1.24268,1.24273,1.84,1.50
2016.11.17 18:03:53.075,1.24268,1.24274,1.84,1.50
2016.11.17 18:03:55.088,1.24268,1.24273,1.00,1.00
2016.11.17 18:03:55.839,1.24268,1.24273,1.34,1.50
2016.11.17 18:03:56.346,1.24268,1.24274,1.84,1.50
2016.11.17 18:03:57.075,1.24268,1.24273,1.84,1.00
2016.11.17 18:03:57.581,1.24268,1.24274,1.84,2.25
2016.11.17 18:03:58.089,1.24267,1.24275,3.37,1.00
2016.11.17 18:03:59.089,1.24267,1.24273,1.50,1.00
2016.11.17 18:03:59.343,1.24261,1.24269,2.32,1.00
2016.11.17 18:03:59.851,1.24261,1.24268,1.10,1.00
2016.11.17 18:04:00.399,1.2426,1.24269,1.20,1.50
2016.11.17 18:04:00.906,1.24259,1.24269,1.50,1.00
2016.11.17 18:04:01.912,1.24259,1.24269,1.12,1.00
2016.11.17 18:04:02.014,1.24259,1.24267,1.12,1.00
2016.11.17 18:04:02.234,1.2426,1.24269,1.00,1.00
2016.11.17 18:04:04.245,1.24259,1.24268,2.62,1.00
2016.11.17 18:04:04.753,1.24259,1.24267,1.37,1.00
2016.11.17 18:04:05.259,1.24258,1.24268,2.25,1.00
2016.11.17 18:04:05.310,1.24257,1.24264,2.25,1.00
2016.11.17 18:04:05.515,1.24253,1.24259,1.00,1.00
2016.11.17 18:04:05.897,1.24253,1.24261,1.00,1.00
2016.11.17 18:04:07.023,1.24255,1.24263,1.00,1.00
2016.11.17 18:04:07.215,1.24256,1.24265,1.00,1.00
2016.11.17 18:04:07.317,1.24259,1.24266,1.00,1.00
2016.11.17 18:04:07.420,1.24259,1.24268,1.00,1.50
2016.11.17 18:04:07.472,1.24259,1.24266,1.00,1.00
2016.11.17 18:04:09.423,1.24258,1.24267,1.50,1.00
2016.11.17 18:04:09.930,1.24258,1.24266,1.12,1.00
2016.11.17 18:04:10.718,1.24258,1.24266,1.87,1.00
2016.11.17 18:04:12.006,1.24258,1.24267,1.87,1.00
2016.11.17 18:04:15.214,1.24259,1.24266,1.00,1.00
2016.11.17 18:04:15.316,1.24257,1.24266,1.87,1.00
2016.11.17 18:04:16.705,1.24256,1.24264,1.50,1.00
2016.11.17 18:04:17.213,1.24259,1.24264,1.00,1.00
2016.11.17 18:04:17.761,1.24258,1.24264,1.00,1.00
2016.11.17 18:04:18.267,1.24258,1.24265,1.00,1.00
2016.11.17 18:04:20.024,1.2426,1.24266,1.00,1.00
2016.11.17 18:04:20.550,1.24259,1.24267,1.00,1.00
2016.11.17 18:04:24.941,1.24256,1.24264,3.75,1.00
2016.11.17 18:04:25.249,1.2425,1.24259,1.87,1.50
2016.11.17 18:04:25.706,1.2425,1.24257,1.37,1.50
2016.11.17 18:04:26.253,1.2425,1.24257,1.00,1.50
2016.11.17 18:04:26.760,1.2425,1.24258,1.00,1.50
2016.11.17 18:04:27.268,1.2425,1.24257,1.00,1.50
2016.11.17 18:04:28.427,1.24247,1.2425,3.00,1.00
2016.11.17 18:04:28.580,1.24247,1.24249,1.00,1.50
2016.11.17 18:04:28.682,1.24243,1.24249,1.12,1.50
2016.11.17 18:04:28.884,1.24241,1.24249,1.00,2.25
2016.11.17 18:04:31.239,1.24242,1.2425,1.00,3.75
2016.11.17 18:04:31.290,1.24248,1.2425,1.00,2.25
2016.11.17 18:04:31.392,1.24251,1.24255,1.00,1.50
2016.11.17 18:04:31.494,1.24249,1.24257,1.12,1.00
2016.11.17 18:04:32.000,1.24248,1.24256,1.12,1.00
2016.11.17 18:04:32.156,1.24246,1.24253,1.87,1.00
2016.11.17 18:04:32.359,1.24241,1.2425,1.87,2.25
2016.11.17 18:04:32.866,1.24241,1.24249,1.00,1.50
2016.11.17 18:04:33.474,1.24246,1.24249,1.00,1.50
2016.11.17 18:04:33.789,1.24251,1.24257,1.84,1.00
2016.11.17 18:04:34.311,1.2425,1.24257,2.59,1.00
2016.11.17 18:04:34.362,1.2425,1.24257,1.09,1.00
2016.11.17 18:04:35.754,1.2425,1.24257,1.50,1.00
2016.11.17 18:04:35.856,1.2425,1.24257,1.00,1.00
2016.11.17 18:04:36.161,1.2425,1.24259,1.00,4.50
2016.11.17 18:04:36.677,1.2425,1.24258,1.00,1.00
2016.11.17 18:04:37.218,1.2425,1.24259,1.00,3.00
2016.11.17 18:04:37.674,1.2425,1.24257,1.00,1.00
2016.11.17 18:04:37.979,1.24246,1.24253,1.87,1.00
2016.11.17 18:04:38.081,1.24243,1.24251,1.00,1.12
2016.11.17 18:04:38.285,1.2424,1.2425,1.00,2.62
2016.11.17 18:04:39.397,1.2424,1.24249,1.00,1.87
2016.11.17 18:04:39.600,1.24242,1.24249,1.00,2.62
2016.11.17 18:04:40.125,1.2424,1.24249,1.50,1.00
2016.11.17 18:04:40.744,1.2424,1.2425,1.00,3.00
2016.11.17 18:04:41.271,1.24241,1.24248,1.00,1.00
2016.11.17 18:04:42.250,1.24239,1.24242,1.00,1.00
2016.11.17 18:04:42.498,1.2423,1.2424,1.50,1.00
2016.11.17 18:04:43.005,1.2423,1.2424,1.50,1.00
2016.11.17 18:04:43.259,1.2423,1.24235,1.00,1.00
2016.11.17 18:04:43.412,1.24228,1.24237,1.37,2.25
2016.11.17 18:04:43.539,1.24225,1.24234,1.87,1.00
2016.11.17 18:04:43.742,1.24224,1.24232,1.12,1.00
2016.11.17 18:04:43.793,1.24225,1.24234,1.12,1.00
2016.11.17 18:04:45.331,1.24227,1.24236,1.00,1.50
2016.11.17 18:04:46.394,1.24226,1.24235,1.00,1.00
2016.11.17 18:04:46.699,1.24226,1.24233,1.00,1.00
2016.11.17 18:04:46.971,1.24226,1.24235,1.00,1.00
2016.11.17 18:04:47.357,1.24228,1.24236,1.00,1.00
2016.11.17 18:04:47.813,1.2423,1.24237,1.00,1.00
2016.11.17 18:04:47.915,1.24228,1.24237,1.12,1.00
2016.11.17 18:04:48.422,1.24229,1.24238,1.00,2.62
2016.11.17 18:04:48.870,1.24231,1.24237,1.00,1.50
2016.11.17 18:04:49.376,1.24231,1.24236,1.00,1.50
2016.11.17 18:04:49.681,1.24235,1.24241,1.50,1.50
2016.11.17 18:04:49.732,1.24232,1.24241,1.87,1.50
2016.11.17 18:04:49.886,1.24231,1.2424,1.31,2.25
2016.11.17 18:04:50.110,1.24231,1.24237,1.12,1.50
2016.11.17 18:04:51.792,1.2423,1.24237,1.00,1.50
2016.11.17 18:04:53.061,1.2423,1.24236,1.00,1.50
2016.11.17 18:04:53.389,1.24228,1.24234,1.00,1.00
2016.11.17 18:04:53.696,1.24223,1.2423,1.37,2.62
2016.11.17 18:04:53.748,1.24223,1.24229,1.00,1.50
2016.11.17 18:04:54.053,1.2422,1.24228,4.12,1.50
2016.11.17 18:04:54.560,1.2422,1.24229,2.62,2.62
2016.11.17 18:04:57.637,1.2422,1.24229,1.50,2.62
2016.11.17 18:04:58.223,1.24228,1.24231,1.00,2.25
2016.11.17 18:04:58.275,1.24224,1.24233,1.00,6.37
2016.11.17 18:04:58.326,1.24222,1.2423,3.19,1.00
2016.11.17 18:04:58.834,1.24221,1.2423,1.50,1.00
2016.11.17 18:05:00.674,1.24223,1.2423,1.00,1.00
2016.11.17 18:05:02.534,1.24221,1.24231,1.12,1.12
2016.11.17 18:05:02.586,1.24222,1.24229,1.00,1.12
2016.11.17 18:05:02.790,1.2422,1.24229,1.00,1.50
2016.11.17 18:05:03.450,1.24219,1.24229,1.00,1.87
2016.11.17 18:05:03.501,1.24219,1.24227,1.00,1.87
2016.11.17 18:05:03.806,1.24212,1.24217,1.37,1.00
2016.11.17 18:05:03.858,1.24212,1.24219,1.00,1.00
2016.11.17 18:05:03.909,1.2421,1.24219,1.00,1.00
2016.11.17 18:05:03.960,1.24207,1.24216,3.00,1.12
2016.11.17 18:05:04.266,1.24202,1.24209,1.00,1.00
2016.11.17 18:05:04.571,1.24205,1.24214,1.00,2.25
2016.11.17 18:05:05.101,1.24205,1.24214,1.00,1.50
2016.11.17 18:05:05.661,1.24205,1.24214,1.00,1.50
2016.11.17 18:05:06.176,1.24207,1.24214,1.00,1.50
2016.11.17 18:05:06.481,1.24218,1.24222,1.00,3.75
2016.11.17 18:05:06.532,1.24218,1.24224,1.00,1.37
2016.11.17 18:05:06.715,1.24219,1.24228,1.00,1.87
2016.11.17 18:05:06.918,1.24216,1.24223,1.00,1.00
2016.11.17 18:05:06.969,1.24215,1.24225,2.62,1.00
2016.11.17 18:05:07.501,1.24216,1.24225,1.00,1.37
2016.11.17 18:05:07.603,1.24213,1.24222,1.50,1.00
2016.11.17 18:05:07.654,1.24212,1.2422,1.37,1.00
2016.11.17 18:05:07.756,1.24211,1.2422,1.00,1.00
2016.11.17 18:05:08.061,1.2421,1.24218,1.50,1.00
2016.11.17 18:05:08.503,1.24208,1.24217,4.12,1.00
2016.11.17 18:05:09.010,1.24209,1.24216,1.00,1.00
2016.11.17 18:05:09.526,1.24208,1.24215,1.50,1.00
2016.11.17 18:05:10.287,1.24209,1.24216,3.00,1.00
2016.11.17 18:05:10.795,1.24208,1.24216,2.62,1.00
2016.11.17 18:05:12.222,1.24211,1.24216,1.00,1.00
2016.11.17 18:05:12.273,1.24209,1.24216,2.25,1.00
2016.11.17 18:05:12.374,1.24209,1.24218,1.50,1.00
2016.11.17 18:05:12.882,1.24209,1.24217,1.37,1.00
2016.11.17 18:05:13.971,1.24211,1.24219,1.50,1.00
2016.11.17 18:05:14.428,1.24214,1.24221,1.50,1.00
2016.11.17 18:05:14.935,1.24212,1.24221,1.87,1.00
2016.11.17 18:05:16.724,1.24214,1.24221,1.00,1.00
2016.11.17 18:05:16.826,1.24217,1.24225,1.50,1.00
2016.11.17 18:05:16.978,1.24217,1.24227,1.50,1.12
2016.11.17 18:05:17.182,1.24217,1.24229,1.87,1.50
2016.11.17 18:05:17.334,1.24214,1.24226,6.75,1.00
2016.11.17 18:05:17.569,1.24213,1.24226,3.00,1.12
2016.11.17 18:05:17.722,1.24213,1.24224,1.00,1.37
2016.11.17 18:05:18.027,1.24211,1.2422,1.12,1.00
2016.11.17 18:05:20.282,1.2421,1.24219,1.50,1.00
2016.11.17 18:05:20.608,1.24205,1.24215,1.37,1.00
2016.11.17 18:05:21.114,1.24204,1.24213,1.87,1.00
2016.11.17 18:05:21.620,1.24204,1.24212,1.37,1.00
2016.11.17 18:05:22.408,1.24204,1.24211,1.37,1.00
2016.11.17 18:05:22.815,1.24203,1.24211,1.50,1.00
2016.11.17 18:05:23.371,1.24202,1.24211,2.25,1.00
2016.11.17 18:05:23.524,1.24206,1.24214,3.00,5.62
2016.11.17 18:05:23.828,1.24205,1.2421,3.75,1.00
2016.11.17 18:05:23.879,1.24204,1.2421,1.00,1.37
2016.11.17 18:05:23.930,1.24201,1.2421,2.25,1.37
2016.11.17 18:05:24.229,1.24202,1.24212,2.25,1.87
2016.11.17 18:05:24.331,1.24202,1.24209,1.12,1.00
2016.11.17 18:05:26.284,1.24201,1.24211,1.12,1.37
2016.11.17 18:05:26.386,1.24201,1.24211,3.37,1.12
2016.11.17 18:05:26.892,1.24201,1.24211,3.37,1.37
2016.11.17 18:05:30.813,1.24203,1.2421,1.00,1.12
2016.11.17 18:05:31.321,1.24203,1.24211,1.50,1.37
2016.11.17 18:05:31.374,1.24203,1.24211,1.50,1.12
2016.11.17 18:05:31.425,1.24208,1.24214,1.00,4.12
2016.11.17 18:05:31.680,1.24212,1.24219,1.00,1.87
2016.11.17 18:05:32.188,1.24212,1.24218,1.00,1.87
2016.11.17 18:05:32.720,1.24212,1.24219,1.00,1.00
2016.11.17 18:05:33.473,1.24212,1.24218,1.50,1.50
2016.11.17 18:05:35.361,1.24211,1.24218,1.00,1.50
2016.11.17 18:05:35.412,1.24211,1.2422,1.00,1.50
2016.11.17 18:05:35.923,1.24211,1.24221,1.00,1.50
2016.11.17 18:05:36.948,1.24211,1.2422,1.00,1.50
2016.11.17 18:05:37.472,1.24212,1.24219,1.00,1.00
2016.11.17 18:05:42.171,1.24212,1.24222,1.00,2.62
2016.11.17 18:05:44.443,1.24211,1.24221,1.12,1.00
2016.11.17 18:05:45.133,1.24211,1.2422,1.12,1.87
2016.11.17 18:05:45.386,1.2421,1.24217,1.50,1.50
2016.11.17 18:05:45.640,1.24209,1.24218,1.00,1.00
2016.11.17 18:05:48.127,1.24209,1.24219,1.12,2.62
2016.11.17 18:05:49.589,1.2421,1.2422,1.00,2.25
2016.11.17 18:05:50.061,1.24213,1.24223,1.00,1.87
2016.11.17 18:05:50.370,1.24215,1.24223,1.00,1.00
2016.11.17 18:05:50.878,1.24215,1.24224,1.00,1.12
2016.11.17 18:05:51.457,1.24213,1.24222,3.75,1.00
2016.11.17 18:05:51.559,1.24212,1.24221,1.50,1.00
2016.11.17 18:05:52.068,1.24211,1.24221,1.12,1.37
2016.11.17 18:05:53.988,1.24211,1.2422,1.00,1.87
2016.11.17 18:05:54.445,1.24209,1.24219,1.12,1.12
2016.11.17 18:05:55.204,1.2421,1.24217,3.00,1.00
2016.11.17 18:05:59.578,1.2421,1.24217,1.37,1.00
2016.11.17 18:06:00.249,1.24208,1.24217,1.87,2.62
2016.11.17 18:06:00.789,1.24208,1.24216,1.50,2.62
2016.11.17 18:06:02.152,1.24209,1.24216,1.50,1.87
2016.11.17 18:06:02.660,1.24208,1.24216,3.37,1.50
2016.11.17 18:06:03.253,1.24208,1.24214,1.87,1.50
2016.11.17 18:06:03.560,1.24205,1.24212,1.50,2.62
2016.11.17 18:06:03.715,1.24208,1.24216,1.00,2.25
2016.11.17 18:06:03.767,1.2421,1.24216,1.00,2.25
2016.11.17 18:06:04.225,1.24209,1.24218,1.00,1.12
2016.11.17 18:06:06.247,1.24208,1.24216,2.25,1.00
2016.11.17 18:06:06.749,1.24208,1.24216,1.00,1.12
2016.11.17 18:06:07.053,1.24208,1.24216,1.00,1.37
2016.11.17 18:06:07.155,1.24208,1.24216,1.00,1.00
2016.11.17 18:06:07.663,1.24206,1.24215,4.50,1.00
2016.11.17 18:06:08.184,1.24206,1.24216,1.50,1.00
2016.11.17 18:06:08.488,1.24207,1.24214,1.12,1.00
2016.11.17 18:06:09.500,1.24207,1.24216,1.12,1.00
2016.11.17 18:06:12.920,1.24207,1.24215,1.12,1.00
2016.11.17 18:06:14.926,1.24207,1.24217,1.12,1.00
2016.11.17 18:06:15.254,1.24207,1.24217,1.12,1.37
2016.11.17 18:06:15.974,1.24207,1.24217,1.12,1.12
2016.11.17 18:06:16.025,1.24209,1.24216,1.00,1.00
2016.11.17 18:06:16.281,1.24209,1.24218,1.00,1.00
2016.11.17 18:06:16.790,1.2421,1.24218,1.00,1.00
2016.11.17 18:06:17.774,1.2421,1.24219,2.25,1.00
2016.11.17 18:06:17.977,1.24211,1.2422,1.50,1.00
2016.11.17 18:06:18.692,1.24211,1.24221,1.50,1.00
2016.11.17 18:06:19.301,1.24213,1.2422,1.00,1.00
2016.11.17 18:06:19.504,1.24219,1.24229,1.00,1.87
2016.11.17 18:06:19.606,1.2422,1.24229,1.00,1.00
2016.11.17 18:06:20.188,1.2422,1.24229,1.12,1.37
2016.11.17 18:06:20.697,1.24219,1.24228,1.12,1.12
2016.11.17 18:06:21.611,1.24219,1.24228,1.12,1.37
2016.11.17 18:06:22.121,1.24219,1.24227,1.12,1.37
2016.11.17 18:06:23.724,1.24219,1.24227,1.00,1.37
2016.11.17 18:06:24.236,1.24217,1.24227,1.87,1.37
2016.11.17 18:06:24.439,1.24217,1.24227,1.37,1.37
2016.11.17 18:06:24.800,1.24214,1.24223,1.50,1.12
2016.11.17 18:06:24.938,1.24215,1.24221,1.00,1.87
2016.11.17 18:06:25.480,1.24215,1.24222,1.00,2.62
2016.11.17 18:06:26.557,1.24218,1.24226,1.00,3.00
2016.11.17 18:06:26.709,1.2422,1.24228,1.00,1.87
2016.11.17 18:06:27.293,1.2422,1.24228,1.00,1.12
2016.11.17 18:06:27.800,1.24221,1.24228,1.00,1.00
2016.11.17 18:06:27.901,1.24219,1.24228,1.00,1.00
2016.11.17 18:06:28.426,1.24219,1.24227,1.00,1.12
2016.11.17 18:06:28.528,1.24217,1.24222,2.25,1.00
2016.11.17 18:06:28.630,1.24214,1.24222,1.87,1.00
2016.11.17 18:06:28.732,1.24213,1.24221,1.12,1.00
2016.11.17 18:06:29.060,1.24212,1.24219,1.37,1.00
2016.11.17 18:06:29.163,1.24212,1.24221,1.37,1.00
2016.11.17 18:06:29.722,1.24217,1.24221,1.00,2.62
2016.11.17 18:06:29.877,1.24215,1.24224,1.00,1.12
2016.11.17 18:06:30.416,1.24215,1.24223,1.12,1.00
2016.11.17 18:06:31.601,1.24213,1.24221,2.25,1.00
2016.11.17 18:06:32.109,1.24213,1.24221,1.50,1.00
2016.11.17 18:06:39.722,1.24216,1.24225,1.50,3.00
2016.11.17 18:06:39.773,1.24216,1.24223,1.00,1.00
2016.11.17 18:06:39.824,1.24216,1.24225,1.50,1.12
2016.11.17 18:06:39.912,1.24218,1.24225,1.12,1.00
2016.11.17 18:06:40.216,1.24218,1.24226,1.75,1.00
2016.11.17 18:06:42.272,1.24218,1.24226,1.00,1.00
2016.11.17 18:06:42.728,1.24215,1.24221,1.87,1.00
2016.11.17 18:06:42.780,1.24214,1.24223,7.50,1.00
2016.11.17 18:06:42.882,1.24215,1.24224,1.00,1.00
2016.11.17 18:06:43.401,1.24214,1.24223,1.37,1.00
2016.11.17 18:06:43.906,1.24214,1.24223,1.12,1.00
2016.11.17 18:06:44.969,1.24213,1.24222,3.75,1.00
2016.11.17 18:06:46.521,1.24215,1.24224,2.62,1.00
2016.11.17 18:06:46.573,1.24217,1.24226,1.00,1.50
2016.11.17 18:06:46.676,1.24217,1.24227,2.62,1.00
2016.11.17 18:06:47.220,1.24219,1.24226,1.12,1.00
2016.11.17 18:06:52.432,1.24217,1.24223,1.87,1.50
2016.11.17 18:06:52.584,1.24213,1.24221,1.95,1.00
2016.11.17 18:06:53.011,1.24215,1.24225,1.00,3.75
2016.11.17 18:06:53.214,1.2422,1.24225,1.00,1.87
2016.11.17 18:06:53.468,1.24221,1.24229,1.00,5.62
2016.11.17 18:06:53.519,1.24221,1.2423,1.00,1.00
2016.11.17 18:06:54.027,1.24222,1.24229,1.00,1.00
2016.11.17 18:06:55.329,1.24222,1.2423,1.00,1.50
2016.11.17 18:06:56.531,1.24219,1.24227,2.25,1.00
2016.11.17 18:06:56.836,1.2422,1.24227,1.00,4.12
2016.11.17 18:06:56.937,1.2422,1.24229,1.00,2.25
2016.11.17 18:06:57.464,1.2422,1.24229,1.00,1.00
2016.11.17 18:06:57.921,1.24227,1.24229,1.00,1.00
2016.11.17 18:06:58.023,1.24225,1.24231,1.50,1.75
2016.11.17 18:06:58.125,1.24225,1.24232,1.00,1.00
2016.11.17 18:06:58.632,1.24224,1.24233,1.00,1.00
2016.11.17 18:06:59.542,1.24224,1.24232,1.00,1.50
2016.11.17 18:06:59.593,1.24223,1.24231,1.00,1.87
2016.11.17 18:06:59.695,1.2422,1.24229,1.37,1.00
2016.11.17 18:06:59.797,1.2422,1.24227,1.00,1.00
2016.11.17 18:07:00.318,1.24221,1.2423,1.00,2.40
2016.11.17 18:07:00.724,1.24219,1.24229,1.00,3.00
2016.11.17 18:07:00.978,1.24219,1.24228,1.00,1.50
2016.11.17 18:07:01.618,1.2422,1.24228,1.00,1.50
2016.11.17 18:07:02.127,1.24219,1.24227,1.00,1.12
2016.11.17 18:07:02.433,1.24221,1.24228,1.00,1.00
2016.11.17 18:07:02.851,1.24221,1.2423,1.00,3.75
2016.11.17 18:07:03.358,1.24222,1.2423,1.00,1.00
2016.11.17 18:07:05.258,1.24223,1.24231,1.00,3.00
2016.11.17 18:07:05.563,1.24227,1.24233,1.00,4.50
2016.11.17 18:07:05.614,1.24227,1.24233,1.00,1.00
2016.11.17 18:07:05.716,1.24225,1.24233,1.00,1.12
2016.11.17 18:07:06.225,1.24226,1.24234,1.00,1.00
2016.11.17 18:07:06.378,1.24224,1.24234,1.00,1.00
2016.11.17 18:07:06.885,1.24224,1.24234,1.00,3.00
2016.11.17 18:07:07.968,1.24223,1.24232,1.00,1.50
2016.11.17 18:07:08.482,1.24222,1.24231,1.00,1.12
2016.11.17 18:07:09.513,1.24221,1.24231,1.12,1.12
2016.11.17 18:07:11.139,1.24222,1.24231,1.00,1.12
2016.11.17 18:07:11.647,1.24222,1.24231,1.00,1.37
2016.11.17 18:07:12.155,1.24222,1.24231,1.00,3.75
2016.11.17 18:07:14.440,1.24221,1.24231,1.00,2.25
2016.11.17 18:07:14.646,1.24223,1.24233,1.00,4.50
2016.11.17 18:07:14.991,1.24231,1.24239,1.00,3.79
2016.11.17 18:07:15.499,1.24232,1.24242,1.00,1.16
2016.11.17 18:07:16.004,1.24232,1.2424,1.00,1.16
2016.11.17 18:07:16.157,1.24226,1.24233,1.00,1.00
2016.11.17 18:07:16.360,1.24225,1.24235,1.00,1.00
2016.11.17 18:07:17.019,1.24224,1.24234,1.50,1.00
2016.11.17 18:07:17.312,1.24224,1.24232,1.00,1.00
2016.11.17 18:07:17.668,1.24224,1.24234,1.00,1.50
2016.11.17 18:07:18.782,1.24227,1.24236,1.00,1.12
2016.11.17 18:07:19.093,1.24223,1.24233,2.62,1.12
2016.11.17 18:07:19.610,1.24223,1.24233,1.50,1.12
2016.11.17 18:07:19.915,1.24223,1.24231,1.00,1.00
2016.11.17 18:07:19.991,1.24221,1.2423,1.87,1.00
2016.11.17 18:07:20.330,1.2422,1.24228,1.00,1.00
2016.11.17 18:07:24.026,1.24219,1.24226,1.00,1.65
2016.11.17 18:07:24.181,1.24214,1.24223,1.12,1.00
2016.11.17 18:07:24.385,1.24214,1.24223,1.00,3.00
2016.11.17 18:07:25.271,1.24211,1.24221,2.62,2.62
2016.11.17 18:07:25.779,1.24211,1.24221,2.62,2.62
2016.11.17 18:07:26.873,1.24211,1.24221,1.50,2.62
2016.11.17 18:07:30.090,1.24211,1.24221,1.50,1.50
2016.11.17 18:07:31.963,1.24212,1.2422,1.00,1.00
2016.11.17 18:07:32.116,1.24212,1.24222,1.00,1.50
2016.11.17 18:07:35.343,1.24215,1.24224,1.00,1.12
2016.11.17 18:07:35.496,1.24218,1.24228,1.00,1.87
2016.11.17 18:07:36.002,1.2422,1.24228,1.00,1.00
2016.11.17 18:07:36.104,1.24221,1.2423,1.00,2.62
2016.11.17 18:07:36.611,1.24221,1.24231,1.00,1.12
2016.11.17 18:07:39.472,1.24226,1.24231,3.75,1.12
2016.11.17 18:07:39.574,1.24223,1.24231,4.50,1.12
2016.11.17 18:07:40.860,1.24225,1.24231,3.75,2.25
2016.11.17 18:07:41.392,1.24224,1.2423,3.75,1.00
2016.11.17 18:07:41.899,1.24224,1.24229,3.75,1.00
2016.11.17 18:07:42.102,1.24224,1.24231,3.75,1.87
2016.11.17 18:07:43.357,1.24224,1.24232,3.00,3.15
2016.11.17 18:07:45.582,1.24223,1.24232,3.75,2.77
2016.11.17 18:07:46.796,1.24224,1.24232,3.00,2.77
2016.11.17 18:07:47.636,1.24224,1.24231,3.00,1.00
2016.11.17 18:07:49.335,1.24223,1.24231,3.00,2.25
2016.11.17 18:07:49.437,1.24221,1.24231,1.12,3.00
2016.11.17 18:07:50.847,1.24221,1.24231,1.12,3.37
2016.11.17 18:07:51.358,1.2422,1.24229,1.00,1.12
2016.11.17 18:07:52.070,1.24221,1.2423,1.00,1.37
2016.11.17 18:07:52.374,1.24221,1.24231,1.00,1.00
2016.11.17 18:07:52.805,1.24224,1.24231,1.12,1.37
2016.11.17 18:07:53.112,1.24235,1.24242,1.00,1.37
2016.11.17 18:07:53.623,1.24234,1.24242,1.00,1.00
2016.11.17 18:07:54.364,1.24232,1.24235,1.00,1.00
2016.11.17 18:07:54.415,1.24231,1.2424,1.12,1.12
2016.11.17 18:07:54.467,1.2423,1.24238,1.00,1.00
2016.11.17 18:07:54.927,1.24231,1.2424,1.00,1.12
2016.11.17 18:07:56.457,1.24231,1.24241,1.00,2.25
2016.11.17 18:07:57.525,1.24231,1.24241,1.00,3.75
2016.11.17 18:08:00.626,1.24231,1.24241,1.12,1.12
2016.11.17 18:08:01.101,1.2424,1.24243,1.00,3.00
2016.11.17 18:08:01.406,1.24249,1.2425,1.00,1.00
2016.11.17 18:08:01.561,1.24251,1.24258,1.00,4.69
2016.11.17 18:08:02.414,1.24253,1.24258,1.00,1.19
2016.11.17 18:08:02.466,1.24253,1.24263,1.12,1.87
2016.11.17 18:08:02.517,1.24254,1.24263,1.00,1.00
2016.11.17 18:08:03.025,1.24255,1.24263,1.00,2.25
2016.11.17 18:08:03.126,1.24251,1.24254,1.37,1.00
2016.11.17 18:08:03.177,1.2425,1.24254,1.37,1.00
2016.11.17 18:08:03.228,1.2425,1.24256,1.00,1.00
2016.11.17 18:08:03.330,1.2425,1.24259,1.00,1.31
2016.11.17 18:08:03.635,1.24251,1.24261,1.00,4.87
2016.11.17 18:08:03.737,1.24253,1.24261,1.00,2.62
2016.11.17 18:08:05.771,1.24253,1.24261,1.00,1.37
2016.11.17 18:08:06.176,1.24251,1.24261,1.00,1.37
2016.11.17 18:08:06.278,1.24249,1.24259,1.00,1.12
2016.11.17 18:08:06.532,1.24249,1.24258,1.00,1.87
2016.11.17 18:08:06.837,1.24245,1.24253,1.50,1.00
2016.11.17 18:08:06.888,1.24244,1.24253,2.62,1.00
2016.11.17 18:08:06.990,1.24244,1.24251,1.12,1.00
2016.11.17 18:08:07.041,1.24242,1.24251,1.00,1.00
2016.11.17 18:08:07.845,1.24241,1.24251,1.12,1.12
2016.11.17 18:08:09.161,1.24241,1.24251,1.12,2.21
2016.11.17 18:08:09.678,1.24241,1.24251,1.12,2.21
2016.11.17 18:08:09.995,1.24241,1.24251,1.12,3.71
2016.11.17 18:08:10.501,1.2424,1.2425,1.50,3.75
2016.11.17 18:08:11.173,1.2424,1.24249,1.50,1.87
2016.11.17 18:08:11.377,1.2424,1.2425,1.00,4.87
2016.11.17 18:08:12.258,1.2424,1.24249,1.00,1.00
2016.11.17 18:08:13.511,1.2424,1.2425,1.00,3.37
2016.11.17 18:08:14.579,1.24239,1.24249,1.00,1.37
2016.11.17 18:08:14.917,1.24234,1.24242,2.25,1.12
2016.11.17 18:08:15.424,1.24233,1.24241,1.00,1.00
2016.11.17 18:08:16.376,1.24232,1.24241,1.00,4.87
2016.11.17 18:08:16.884,1.24233,1.2424,1.00,1.37
2016.11.17 18:08:17.696,1.24233,1.2424,1.00,1.00
2016.11.17 18:08:18.051,1.24234,1.24242,1.00,1.50
2016.11.17 18:08:19.597,1.24234,1.24242,1.00,2.01
2016.11.17 18:08:20.389,1.24234,1.24242,1.00,1.87
2016.11.17 18:08:22.063,1.24234,1.24243,1.00,1.00
2016.11.17 18:08:22.621,1.24233,1.24243,1.12,1.63
2016.11.17 18:08:23.127,1.24234,1.24243,1.00,1.18
2016.11.17 18:08:25.334,1.24239,1.24243,1.00,1.00
2016.11.17 18:08:25.560,1.24241,1.2425,3.00,1.12
2016.11.17 18:08:26.016,1.24243,1.2425,1.00,1.00
2016.11.17 18:08:27.858,1.24243,1.24251,1.00,3.37
2016.11.17 18:08:29.008,1.24243,1.24251,1.00,5.25
2016.11.17 18:08:30.476,1.24243,1.24251,1.00,1.12
2016.11.17 18:08:40.232,1.24241,1.24251,1.87,2.25
2016.11.17 18:08:40.774,1.24242,1.24251,1.87,2.25
2016.11.17 18:08:41.877,1.24241,1.24251,1.87,2.62
2016.11.17 18:08:42.829,1.24243,1.24251,1.00,1.87
2016.11.17 18:08:43.133,1.24245,1.24252,1.00,1.12
2016.11.17 18:08:46.721,1.24244,1.24253,1.00,1.50
2016.11.17 18:08:47.049,1.24254,1.2426,1.00,2.25
2016.11.17 18:08:47.252,1.24256,1.24264,1.00,1.87
2016.11.17 18:08:47.354,1.24254,1.24264,2.62,2.62
2016.11.17 18:08:48.367,1.24256,1.24264,1.00,1.12
2016.11.17 18:08:48.741,1.24255,1.24262,1.00,1.00
2016.11.17 18:08:49.810,1.24253,1.24262,1.00,1.00
2016.11.17 18:08:50.317,1.24254,1.24262,1.00,1.00
2016.11.17 18:08:51.438,1.24253,1.24263,1.00,3.00
2016.11.17 18:08:51.945,1.24254,1.24261,1.00,1.00
2016.11.17 18:08:52.925,1.24253,1.24261,1.50,1.00
2016.11.17 18:08:59.586,1.24251,1.24257,2.62,1.00
2016.11.17 18:08:59.688,1.24252,1.2426,1.00,1.00
2016.11.17 18:08:59.744,1.24254,1.2426,1.00,1.00
2016.11.17 18:09:00.251,1.24253,1.2426,1.50,1.00
2016.11.17 18:09:00.759,1.24253,1.24263,1.00,1.75
2016.11.17 18:09:01.345,1.24252,1.24261,1.12,1.12
2016.11.17 18:09:02.661,1.24251,1.24261,1.12,1.12
2016.11.17 18:09:03.571,1.24253,1.24262,1.00,1.50
2016.11.17 18:09:03.673,1.24251,1.24261,1.87,1.00
2016.11.17 18:09:04.233,1.24254,1.24261,1.00,2.25
2016.11.17 18:09:04.334,1.24252,1.2426,1.00,1.00
2016.11.17 18:09:04.498,1.24254,1.24261,1.00,2.25
2016.11.17 18:09:04.809,1.24249,1.24257,1.12,2.32
2016.11.17 18:09:04.963,1.24252,1.24257,1.00,1.00
2016.11.17 18:09:05.166,1.24253,1.24261,1.00,3.75
2016.11.17 18:09:05.217,1.24253,1.24262,1.50,3.00
2016.11.17 18:09:05.420,1.24253,1.24263,1.12,1.12
2016.11.17 18:09:05.523,1.24256,1.24263,1.00,1.00
2016.11.17 18:09:06.087,1.24256,1.24263,1.00,1.37
2016.11.17 18:09:06.189,1.24253,1.24263,1.12,1.37
2016.11.17 18:09:06.698,1.24254,1.24262,1.00,1.50
2016.11.17 18:09:07.205,1.24254,1.24262,1.00,1.12
2016.11.17 18:09:08.516,1.24254,1.24262,1.00,1.37
2016.11.17 18:09:10.979,1.24252,1.24259,1.12,1.00
2016.11.17 18:09:11.132,1.2425,1.24259,1.12,1.00
2016.11.17 18:09:12.041,1.24249,1.24253,1.50,1.00
2016.11.17 18:09:12.092,1.24249,1.24255,1.00,1.00
2016.11.17 18:09:12.245,1.24247,1.24255,1.50,1.00
2016.11.17 18:09:12.499,1.24248,1.24257,3.37,1.00
2016.11.17 18:09:12.601,1.2425,1.24257,1.50,1.00
2016.11.17 18:09:13.058,1.24252,1.24259,1.00,1.12
2016.11.17 18:09:14.217,1.24251,1.24261,1.50,1.75
2016.11.17 18:09:14.521,1.24252,1.24261,1.00,1.00
2016.11.17 18:09:18.982,1.24253,1.24261,1.00,1.00
2016.11.17 18:09:19.489,1.24254,1.24262,2.25,1.12
2016.11.17 18:09:20.655,1.24254,1.24263,3.00,1.50
2016.11.17 18:09:22.253,1.24253,1.24261,2.62,1.00
2016.11.17 18:09:22.761,1.24251,1.24261,1.37,1.50
2016.11.17 18:09:23.066,1.24252,1.24259,1.12,1.00
2016.11.17 18:09:25.889,1.24252,1.24262,1.12,1.50
2016.11.17 18:09:27.178,1.24253,1.2426,1.00,1.12
2016.11.17 18:09:30.287,1.24252,1.24262,3.37,1.50
2016.11.17 18:09:30.389,1.24252,1.24262,3.00,1.50
2016.11.17 18:09:32.554,1.24254,1.24262,1.00,1.00
2016.11.17 18:09:33.077,1.24255,1.24263,1.00,1.50
2016.11.17 18:09:33.989,1.24255,1.24261,2.25,1.00
2016.11.17 18:09:35.151,1.24254,1.24261,1.00,1.00
2016.11.17 18:09:37.974,1.24254,1.24262,3.00,1.12
2016.11.17 18:09:41.406,1.24254,1.24262,3.75,1.37
2016.11.17 18:09:42.376,1.24253,1.24261,1.00,1.00
2016.11.17 18:09:44.873,1.24253,1.24262,1.00,1.87
2016.11.17 18:09:45.583,1.24253,1.24262,1.50,1.87
2016.11.17 18:09:46.713,1.24252,1.24262,4.87,1.50
2016.11.17 18:09:48.117,1.24253,1.24262,2.62,1.50
2016.11.17 18:09:50.181,1.24254,1.24262,1.00,1.12
2016.11.17 18:09:50.691,1.24254,1.24263,2.62,1.12
2016.11.17 18:09:51.762,1.24254,1.24262,2.25,1.00
2016.11.17 18:09:52.828,1.24253,1.24262,1.50,1.00
2016.11.17 18:09:53.827,1.24254,1.24262,1.00,1.00
2016.11.17 18:09:53.878,1.24256,1.24262,1.00,1.00
2016.11.17 18:09:53.980,1.24253,1.24262,1.50,1.00
2016.11.17 18:09:54.498,1.24255,1.24264,2.25,2.25
2016.11.17 18:09:54.820,1.24261,1.24268,2.25,1.00
2016.11.17 18:09:55.731,1.24261,1.24269,2.25,1.00
2016.11.17 18:09:56.581,1.24261,1.2427,2.25,1.00
2016.11.17 18:09:57.089,1.24262,1.2427,1.87,1.00
2016.11.17 18:09:58.973,1.24263,1.24271,1.00,1.37
2016.11.17 18:09:59.277,1.24271,1.24277,2.25,4.12
2016.11.17 18:09:59.379,1.24271,1.24279,2.62,2.62
2016.11.17 18:09:59.430,1.24271,1.2428,3.00,1.00
2016.11.17 18:10:00.079,1.24271,1.24278,1.50,1.00
2016.11.17 18:10:00.334,1.24263,1.24272,1.37,1.12
2016.11.17 18:10:00.385,1.24263,1.24272,1.00,1.12
2016.11.17 18:10:00.892,1.24263,1.24273,3.75,1.87
2016.11.17 18:10:01.396,1.24263,1.24272,3.75,1.00
2016.11.17 18:10:01.903,1.24267,1.24275,1.00,2.25
2016.11.17 18:10:02.060,1.24269,1.24276,1.00,1.00
2016.11.17 18:10:02.669,1.24268,1.24276,1.87,1.00
2016.11.17 18:10:03.659,1.24268,1.24277,1.12,1.00
2016.11.17 18:10:04.015,1.2427,1.24279,1.00,1.87
2016.11.17 18:10:04.320,1.2427,1.24277,1.00,1.00
2016.11.17 18:10:04.826,1.24269,1.24277,1.00,1.00
2016.11.17 18:10:06.475,1.24269,1.24278,1.12,1.00
2016.11.17 18:10:07.021,1.24269,1.24276,1.50,1.00
2016.11.17 18:10:07.225,1.24262,1.24271,1.87,1.12
2016.11.17 18:10:07.276,1.24262,1.24271,1.87,1.37
2016.11.17 18:10:07.783,1.24262,1.24271,1.00,1.50
2016.11.17 18:10:08.672,1.24264,1.24271,1.00,1.50
2016.11.17 18:10:09.381,1.24262,1.24272,1.00,1.87
2016.11.17 18:10:11.648,1.24264,1.24272,1.00,1.12
2016.11.17 18:10:11.750,1.24264,1.24272,1.00,1.00
2016.11.17 18:10:12.205,1.24271,1.24274,1.00,1.00
2016.11.17 18:10:12.256,1.24269,1.24274,1.00,1.00
2016.11.17 18:10:12.388,1.24268,1.24276,1.87,1.00
2016.11.17 18:10:12.591,1.24268,1.24278,1.87,1.50
2016.11.17 18:10:12.642,1.2427,1.24277,1.00,1.00
2016.11.17 18:10:15.608,1.24268,1.24275,2.62,1.00
2016.11.17 18:10:15.811,1.24266,1.24275,1.12,2.62
2016.11.17 18:10:16.167,1.24266,1.24275,1.00,2.62
2016.11.17 18:10:19.512,1.24265,1.24273,1.00,1.12
2016.11.17 18:10:20.120,1.24266,1.24274,1.00,1.50
2016.11.17 18:10:20.639,1.24266,1.24274,1.50,1.00
2016.11.17 18:10:22.138,1.24267,1.24274,1.12,1.00
2016.11.17 18:10:22.924,1.24266,1.24275,3.00,1.12
2016.11.17 18:10:23.464,1.24266,1.24274,3.00,1.00
2016.11.17 18:10:23.778,1.24268,1.24277,1.00,1.37
2016.11.17 18:10:24.184,1.24267,1.24273,1.50,1.00
2016.11.17 18:10:24.338,1.24265,1.24274,2.25,1.00
2016.11.17 18:10:25.265,1.24266,1.24273,1.50,1.00
2016.11.17 18:10:26.862,1.24265,1.24275,1.12,1.50
2016.11.17 18:10:27.175,1.24266,1.24273,1.00,1.00
2016.11.17 18:10:27.942,1.24264,1.24274,1.50,1.00
2016.11.17 18:10:28.762,1.24264,1.24266,3.75,1.00
2016.11.17 18:10:28.813,1.24263,1.24268,1.75,1.00
2016.11.17 18:10:28.866,1.24263,1.2427,1.00,2.62
2016.11.17 18:10:29.070,1.2426,1.24269,1.00,1.50
2016.11.17 18:10:29.223,1.2426,1.24269,1.00,1.87
2016.11.17 18:10:29.732,1.24258,1.24264,1.50,1.00
2016.11.17 18:10:29.885,1.24256,1.24263,1.50,1.00
2016.11.17 18:10:30.037,1.24254,1.24263,1.00,1.12
2016.11.17 18:10:30.567,1.24253,1.24263,1.87,1.50
2016.11.17 18:10:31.192,1.24254,1.24261,1.12,1.00
2016.11.17 18:10:34.087,1.24254,1.24263,1.00,1.12
2016.11.17 18:10:34.818,1.24254,1.24263,3.00,1.12
2016.11.17 18:10:36.013,1.24259,1.24265,1.00,1.12
2016.11.17 18:10:36.166,1.24261,1.24268,1.00,1.37
2016.11.17 18:10:36.720,1.2426,1.2427,1.12,1.87
2016.11.17 18:10:37.226,1.24261,1.2427,1.12,1.50
2016.11.17 18:10:38.138,1.24262,1.24271,1.00,1.87
2016.11.17 18:10:38.673,1.2426,1.24269,1.50,1.50
2016.11.17 18:10:39.179,1.24262,1.24269,1.00,1.50
2016.11.17 18:10:40.504,1.24262,1.24269,1.00,1.12
2016.11.17 18:10:42.725,1.24262,1.2427,3.00,1.00
2016.11.17 18:10:42.827,1.24264,1.24273,1.00,3.00
2016.11.17 18:10:43.336,1.24264,1.24271,1.00,1.00
2016.11.17 18:10:47.250,1.24264,1.24273,1.12,1.12
2016.11.17 18:10:47.756,1.24265,1.24273,1.00,1.00
2016.11.17 18:10:57.682,1.2427,1.24277,1.50,1.50
2016.11.17 18:10:57.836,1.24272,1.24281,1.00,1.12
2016.11.17 18:10:59.986,1.24271,1.24281,2.25,1.00
2016.11.17 18:11:00.291,1.24276,1.24281,1.00,1.37
2016.11.17 18:11:00.597,1.24279,1.24281,1.00,1.00
2016.11.17 18:11:00.648,1.24276,1.24281,1.50,1.00
2016.11.17 18:11:01.185,1.24276,1.24282,1.00,1.12
2016.11.17 18:11:01.995,1.24277,1.24282,1.00,1.12
2016.11.17 18:11:02.501,1.24276,1.24282,1.00,1.12
2016.11.17 18:11:03.078,1.24275,1.24282,1.00,1.00
2016.11.17 18:11:03.737,1.24279,1.24284,1.00,1.37
2016.11.17 18:11:03.789,1.2428,1.24288,1.00,3.75
2016.11.17 18:11:03.891,1.24281,1.24289,1.50,1.00
2016.11.17 18:11:04.720,1.24285,1.24292,1.00,1.12
2016.11.17 18:11:04.932,1.24286,1.24294,1.00,1.00
2016.11.17 18:11:05.438,1.24286,1.24295,1.50,1.50
2016.11.17 18:11:06.299,1.24286,1.24293,2.62,1.00
2016.11.17 18:11:06.834,1.24286,1.24294,1.50,1.00
2016.11.17 18:11:07.139,1.24293,1.24299,1.00,2.25
2016.11.17 18:11:07.190,1.24293,1.24299,1.00,1.12
2016.11.17 18:11:07.698,1.24293,1.243,1.00,1.00
2016.11.17 18:11:08.662,1.24294,1.24301,1.00,1.00
2016.11.17 18:11:09.168,1.24293,1.24303,1.00,2.25
2016.11.17 18:11:09.675,1.24294,1.24303,1.00,3.75
2016.11.17 18:11:10.004,1.24291,1.243,1.00,1.00
2016.11.17 18:11:10.106,1.24293,1.243,1.00,1.00
2016.11.17 18:11:10.309,1.24292,1.24302,1.00,1.12
2016.11.17 18:11:10.830,1.24293,1.24303,1.00,4.87
2016.11.17 18:11:13.877,1.24293,1.24302,1.50,1.00
2016.11.17 18:11:19.372,1.24294,1.24302,1.00,1.00
2016.11.17 18:11:20.589,1.24293,1.24302,2.62,1.00
2016.11.17 18:11:22.886,1.24294,1.24302,1.00,1.00
2016.11.17 18:11:23.712,1.24294,1.24301,1.00,1.50
2016.11.17 18:11:23.915,1.24292,1.243,1.00,1.00
2016.11.17 18:11:24.265,1.24294,1.24301,1.00,1.00
2016.11.17 18:11:24.774,1.24294,1.24302,1.00,1.00
2016.11.17 18:11:26.401,1.24294,1.24301,1.00,1.00
2016.11.17 18:11:32.984,1.24294,1.24303,1.50,1.00
2016.11.17 18:11:33.821,1.24295,1.24303,1.00,1.00
2016.11.17 18:11:33.974,1.24295,1.24301,1.50,1.00
2016.11.17 18:11:43.135,1.24296,1.24301,1.00,1.00
2016.11.17 18:11:45.080,1.24296,1.24298,1.00,1.00
2016.11.17 18:11:45.233,1.24287,1.24293,1.37,1.00
2016.11.17 18:11:45.742,1.24284,1.24292,1.37,1.12
2016.11.17 18:11:46.390,1.24285,1.24293,1.37,1.50
2016.11.17 18:11:46.644,1.24288,1.24296,1.12,1.00
2016.11.17 18:11:46.796,1.24289,1.24298,1.12,1.00
2016.11.17 18:11:46.898,1.24289,1.24296,1.50,1.00
2016.11.17 18:11:47.202,1.24284,1.24293,1.87,1.00
2016.11.17 18:11:47.720,1.24285,1.24292,1.37,1.00
2016.11.17 18:11:47.772,1.24284,1.24294,3.37,2.62
2016.11.17 18:11:48.383,1.24285,1.24294,1.87,1.12
2016.11.17 18:11:49.558,1.24287,1.24295,1.37,1.87
2016.11.17 18:11:50.065,1.24286,1.24293,1.37,1.12
2016.11.17 18:11:50.573,1.24285,1.24292,1.87,1.00
2016.11.17 18:11:51.462,1.24285,1.24291,1.87,1.00
2016.11.17 18:11:51.975,1.24286,1.24292,1.37,1.00
2016.11.17 18:11:54.224,1.24287,1.24293,1.37,1.12
2016.11.17 18:11:54.681,1.24287,1.24293,1.37,1.87
2016.11.17 18:11:55.222,1.24287,1.2429,1.37,1.00
2016.11.17 18:11:55.829,1.24287,1.2429,1.37,1.00
2016.11.17 18:11:55.881,1.24287,1.24292,1.87,1.00
2016.11.17 18:11:56.338,1.24284,1.24292,1.50,1.50
2016.11.17 18:11:58.173,1.24284,1.24291,1.00,1.00
2016.11.17 18:11:58.780,1.24284,1.24292,1.50,1.00
2016.11.17 18:11:59.319,1.24285,1.24291,1.50,1.00
2016.11.17 18:12:00.945,1.24284,1.24291,1.00,1.00
2016.11.17 18:12:02.128,1.24282,1.24291,3.00,1.00
2016.11.17 18:12:02.636,1.24283,1.24292,1.00,1.50
2016.11.17 18:12:03.143,1.24282,1.2429,1.50,1.00
2016.11.17 18:12:03.650,1.24282,1.24291,1.50,1.00
2016.11.17 18:12:04.933,1.24283,1.24291,1.00,1.50
2016.11.17 18:12:06.161,1.24282,1.24291,2.25,1.50
2016.11.17 18:12:06.497,1.24278,1.24284,2.25,1.00
2016.11.17 18:12:07.016,1.24278,1.24283,2.25,1.00
2016.11.17 18:12:08.969,1.24276,1.24284,2.25,1.00
2016.11.17 18:12:09.122,1.24279,1.24286,1.00,1.00
2016.11.17 18:12:09.223,1.24281,1.24288,1.87,1.87
2016.11.17 18:12:09.630,1.24279,1.24288,2.62,1.87
2016.11.17 18:12:10.044,1.2428,1.24289,1.87,1.50
2016.11.17 18:12:10.566,1.24279,1.24289,3.00,1.50
2016.11.17 18:12:16.979,1.24279,1.24288,1.12,1.00
2016.11.17 18:12:24.255,1.24278,1.24284,1.37,1.00
2016.11.17 18:12:25.738,1.24278,1.24286,1.37,1.12
2016.11.17 18:12:25.790,1.24281,1.24284,1.00,1.00
2016.11.17 18:12:25.892,1.24282,1.24289,1.00,1.37
2016.11.17 18:12:26.429,1.24282,1.24289,1.00,1.00
2016.11.17 18:12:27.222,1.24281,1.24291,1.50,1.12
2016.11.17 18:12:32.435,1.24283,1.2429,1.00,1.00
2016.11.17 18:12:42.694,1.24283,1.24292,2.62,1.00
2016.11.17 18:12:42.897,1.24284,1.24292,2.25,1.00
2016.11.17 18:12:43.409,1.24286,1.24292,1.87,1.00
2016.11.17 18:12:43.966,1.24286,1.24293,2.62,1.00
2016.11.17 18:12:44.270,1.24293,1.243,1.87,3.00
2016.11.17 18:12:44.646,1.24293,1.243,1.87,1.00
2016.11.17 18:12:45.182,1.24292,1.243,1.87,1.00
2016.11.17 18:12:45.702,1.24291,1.243,1.87,1.00
2016.11.17 18:12:46.564,1.2429,1.243,1.37,1.00
2016.11.17 18:12:48.530,1.2429,1.243,3.37,1.00
2016.11.17 18:12:50.128,1.24292,1.24299,1.00,1.00
2016.11.17 18:12:50.636,1.24293,1.243,1.00,1.00
2016.11.17 18:12:51.842,1.243,1.24303,1.00,4.87
2016.11.17 18:12:51.944,1.24301,1.24307,1.87,1.37
2016.11.17 18:12:51.995,1.24302,1.24307,1.00,1.00
2016.11.17 18:12:52.459,1.24302,1.24311,1.00,1.00
2016.11.17 18:12:54.978,1.24301,1.2431,2.62,1.00
2016.11.17 18:13:00.230,1.24299,1.24302,1.50,1.00
2016.11.17 18:13:00.332,1.24295,1.24302,4.50,1.00
2016.11.17 18:13:00.434,1.24293,1.24302,1.87,1.00
2016.11.17 18:13:00.950,1.24292,1.24301,1.37,1.00
2016.11.17 18:13:01.496,1.24291,1.243,1.87,1.00
2016.11.17 18:13:02.021,1.24291,1.243,1.12,1.00
2016.11.17 18:13:04.417,1.2429,1.24299,1.50,1.00
2016.11.17 18:13:04.620,1.24289,1.24298,1.00,1.00
2016.11.17 18:13:05.159,1.24288,1.24298,1.50,1.00
2016.11.17 18:13:05.210,1.24289,1.24296,1.00,1.00
2016.11.17 18:13:10.826,1.24288,1.24298,1.50,1.00
2016.11.17 18:13:11.130,1.2429,1.24298,1.00,1.00
2016.11.17 18:13:11.294,1.2429,1.243,1.12,1.00
2016.11.17 18:13:14.421,1.2429,1.24299,1.00,1.00
2016.11.17 18:13:14.523,1.24289,1.24297,1.00,1.00
2016.11.17 18:13:15.030,1.24288,1.24297,1.00,1.00
2016.11.17 18:13:17.991,1.24289,1.24298,1.00,1.50
2016.11.17 18:13:18.524,1.2429,1.24299,1.12,1.00
2016.11.17 18:13:26.875,1.2429,1.243,3.00,1.50
2016.11.17 18:13:27.179,1.24292,1.24299,1.00,1.00
2016.11.17 18:13:30.998,1.24291,1.24299,1.00,1.00
2016.11.17 18:13:36.047,1.24292,1.24299,1.87,1.00
2016.11.17 18:13:37.460,1.2429,1.24299,3.37,1.00
2016.11.17 18:13:42.490,1.2429,1.24299,5.62,1.00
2016.11.17 18:13:42.747,1.24292,1.243,1.87,1.00
2016.11.17 18:13:43.547,1.24291,1.243,1.12,1.00
2016.11.17 18:13:43.598,1.24291,1.24298,1.87,1.00
2016.11.17 18:13:45.629,1.24297,1.24299,1.00,1.00
2016.11.17 18:13:45.681,1.24299,1.24304,2.25,3.75
2016.11.17 18:13:45.788,1.24306,1.2431,1.00,4.50
2016.11.17 18:13:45.839,1.24306,1.24313,1.50,1.37
2016.11.17 18:13:45.891,1.24312,1.24315,1.00,1.37
2016.11.17 18:13:45.943,1.24309,1.24318,3.37,1.50
2016.11.17 18:13:45.995,1.24311,1.24319,1.87,1.87
2016.11.17 18:13:46.047,1.24311,1.24318,2.62,1.00
2016.11.17 18:13:46.707,1.24313,1.24319,2.25,1.00
2016.11.17 18:13:47.310,1.24311,1.2432,3.37,1.00
2016.11.17 18:13:49.838,1.24311,1.24314,2.62,1.00
2016.11.17 18:13:49.889,1.2431,1.24314,4.87,1.00
2016.11.17 18:13:49.941,1.24309,1.24317,1.50,1.00
2016.11.17 18:13:49.992,1.24309,1.24314,2.25,1.00
2016.11.17 18:13:50.093,1.24309,1.24318,2.62,1.00
2016.11.17 18:13:50.195,1.24312,1.24319,1.87,1.00
2016.11.17 18:13:51.269,1.24312,1.24318,1.87,1.00
2016.11.17 18:13:51.787,1.24311,1.24318,2.25,1.00
2016.11.17 18:13:52.092,1.24313,1.24318,1.87,1.00
2016.11.17 18:13:55.820,1.24313,1.24319,1.87,1.00
2016.11.17 18:13:56.428,1.24311,1.24319,2.25,1.00
2016.11.17 18:13:57.085,1.24312,1.24318,1.00,1.00
2016.11.17 18:13:57.187,1.24313,1.24321,2.25,1.50
2016.11.17 18:13:57.698,1.24315,1.24322,1.87,1.00
2016.11.17 18:13:58.205,1.24312,1.2432,2.62,1.00
2016.11.17 18:13:58.459,1.24312,1.2432,1.12,1.00
2016.11.17 18:14:00.257,1.24312,1.24319,1.00,1.00
2016.11.17 18:14:00.359,1.24312,1.24321,1.00,1.00
2016.11.17 18:14:02.577,1.24311,1.24321,1.87,1.00
2016.11.17 18:14:03.430,1.24316,1.24323,1.00,3.37
2016.11.17 18:14:03.633,1.24316,1.24325,1.50,1.50
2016.11.17 18:14:04.038,1.24314,1.24322,6.00,1.00
2016.11.17 18:14:04.173,1.24314,1.24321,1.00,1.00
2016.11.17 18:14:04.680,1.24314,1.2432,1.00,1.00
2016.11.17 18:14:05.112,1.24312,1.2432,2.62,1.00
2016.11.17 18:14:05.163,1.24314,1.2432,1.00,1.00
2016.11.17 18:14:05.680,1.24314,1.24319,1.00,1.00
2016.11.17 18:14:06.187,1.24314,1.2432,1.00,1.00
2016.11.17 18:14:06.998,1.24314,1.24319,1.00,1.00
2016.11.17 18:14:07.049,1.24314,1.24321,1.00,1.00
2016.11.17 18:14:08.102,1.24314,1.24322,1.00,1.50
2016.11.17 18:14:08.634,1.24312,1.2432,3.37,1.00
2016.11.17 18:14:10.718,1.24312,1.24317,3.37,1.00
2016.11.17 18:14:10.808,1.24312,1.24321,3.37,1.00
2016.11.17 18:14:12.017,1.24312,1.2432,3.37,1.00
2016.11.17 18:14:12.536,1.24312,1.24321,3.37,1.00
2016.11.17 18:14:14.292,1.24312,1.24321,3.37,1.37
2016.11.17 18:14:14.445,1.24312,1.24318,3.00,1.00
2016.11.17 18:14:15.065,1.24316,1.24318,1.50,1.00
2016.11.17 18:14:15.218,1.24321,1.24324,1.12,1.12
2016.11.17 18:14:15.320,1.24326,1.24332,1.00,1.50
2016.11.17 18:14:15.371,1.24328,1.24333,1.00,1.37
2016.11.17 18:14:15.454,1.24329,1.24337,1.00,1.12
2016.11.17 18:14:15.892,1.24329,1.24339,1.12,1.00
2016.11.17 18:14:16.400,1.2433,1.24339,1.00,1.00
2016.11.17 18:14:18.131,1.24331,1.2434,1.00,1.50
2016.11.17 18:14:18.722,1.24331,1.24336,1.00,1.00
2016.11.17 18:14:18.825,1.24326,1.24332,1.00,1.00
2016.11.17 18:14:18.928,1.24324,1.24332,1.00,1.00
2016.11.17 18:14:18.979,1.24326,1.24332,1.00,1.00
2016.11.17 18:14:19.324,1.24326,1.2433,1.00,1.00
2016.11.17 18:14:19.427,1.24326,1.24333,1.00,1.00
2016.11.17 18:14:19.836,1.24327,1.24335,1.00,1.00
2016.11.17 18:14:19.888,1.2433,1.24335,1.00,1.00
2016.11.17 18:14:20.041,1.2433,1.24338,1.00,1.37
2016.11.17 18:14:20.142,1.24331,1.24339,1.00,1.00
2016.11.17 18:14:20.660,1.24331,1.2434,1.00,1.12
2016.11.17 18:14:22.177,1.24333,1.2434,1.00,1.12
2016.11.17 18:14:22.685,1.24333,1.24341,1.00,1.00
2016.11.17 18:14:25.086,1.24333,1.24342,1.00,1.50
2016.11.17 18:14:26.040,1.24333,1.24342,1.00,2.25
2016.11.17 18:14:28.020,1.24332,1.24341,1.00,1.12
2016.11.17 18:14:30.802,1.24332,1.2434,1.00,1.00
2016.11.17 18:14:32.677,1.24333,1.24341,1.00,1.00
2016.11.17 18:14:33.202,1.24333,1.24342,1.00,1.50
2016.11.17 18:14:42.671,1.24332,1.24342,1.00,1.00
2016.11.17 18:14:43.178,1.24333,1.24342,1.00,1.00
2016.11.17 18:14:46.236,1.24333,1.24343,1.00,1.50
2016.11.17 18:14:47.011,1.24334,1.24343,6.75,1.50
2016.11.17 18:14:47.547,1.24334,1.24342,7.12,1.00
2016.11.17 18:14:48.057,1.24334,1.24343,7.12,1.00
2016.11.17 18:14:48.582,1.24334,1.24343,1.00,1.00
2016.11.17 18:14:49.473,1.24334,1.24341,1.00,1.00
2016.11.17 18:14:53.374,1.24336,1.24341,1.00,1.00
2016.11.17 18:14:53.707,1.24345,1.2435,1.50,1.00
2016.11.17 18:14:53.759,1.24342,1.2435,5.62,1.00
2016.11.17 18:14:54.266,1.24343,1.24351,1.50,1.00
2016.11.17 18:14:58.560,1.24343,1.24352,1.50,1.00
2016.11.17 18:14:58.664,1.24344,1.24352,4.87,1.00
2016.11.17 18:14:59.272,1.24344,1.24351,4.87,1.00
2016.11.17 18:14:59.823,1.24344,1.2435,4.87,1.00
2016.11.17 18:15:00.332,1.24343,1.2435,5.62,1.00
2016.11.17 18:15:01.697,1.24343,1.24351,5.62,1.00
2016.11.17 18:15:02.207,1.24342,1.24351,5.62,1.00
2016.11.17 18:15:02.564,1.24343,1.24351,1.00,1.50
2016.11.17 18:15:05.258,1.24342,1.24351,2.25,1.50
2016.11.17 18:15:05.764,1.24341,1.24345,1.75,1.00
2016.11.17 18:15:05.816,1.2434,1.24347,4.12,1.25
2016.11.17 18:15:05.868,1.24341,1.24347,1.12,1.00
2016.11.17 18:15:06.071,1.24341,1.24346,5.62,1.00
2016.11.17 18:15:06.122,1.24341,1.24349,5.62,1.00
2016.11.17 18:15:07.648,1.24341,1.2435,5.62,1.50
2016.11.17 18:15:07.801,1.24343,1.2435,4.87,1.00
2016.11.17 18:15:08.055,1.24343,1.24352,6.37,1.00
2016.11.17 18:15:08.361,1.2435,1.24353,1.00,1.00
2016.11.17 18:15:08.615,1.24357,1.24366,2.25,1.50
2016.11.17 18:15:08.802,1.24363,1.24368,5.62,1.37
2016.11.17 18:15:08.854,1.24363,1.24368,5.62,1.00
2016.11.17 18:15:08.905,1.24364,1.2437,1.50,1.12
2016.11.17 18:15:09.108,1.24364,1.24372,1.75,1.50
2016.11.17 18:15:09.717,1.24366,1.24373,1.12,1.00
2016.11.17 18:15:09.819,1.24367,1.24375,1.00,1.50
2016.11.17 18:15:10.326,1.24367,1.24374,1.50,1.00
2016.11.17 18:15:10.828,1.24367,1.2437,1.00,1.50
2016.11.17 18:15:10.982,1.24361,1.24368,1.00,3.00
2016.11.17 18:15:11.076,1.24364,1.24366,1.12,1.00
2016.11.17 18:15:11.127,1.24364,1.2437,1.12,1.82
2016.11.17 18:15:11.229,1.24364,1.2437,2.25,1.00
2016.11.17 18:15:11.686,1.24365,1.24372,1.50,1.50
2016.11.17 18:15:13.441,1.24372,1.24373,1.00,1.50
2016.11.17 18:15:13.670,1.24375,1.24379,1.50,1.00
2016.11.17 18:15:13.822,1.24375,1.24381,1.50,1.87
2016.11.17 18:15:16.926,1.24375,1.2438,1.50,1.00
2016.11.17 18:15:17.223,1.24371,1.24375,4.12,1.00
2016.11.17 18:15:17.347,1.24368,1.24375,5.25,1.00
2016.11.17 18:15:17.854,1.24368,1.24374,1.75,1.00
2016.11.17 18:15:18.108,1.2437,1.24375,4.87,1.00
2016.11.17 18:15:18.313,1.24373,1.24377,1.12,1.00
2016.11.17 18:15:18.415,1.24375,1.24381,1.00,1.00
2016.11.17 18:15:18.947,1.24375,1.24382,1.12,2.25
2016.11.17 18:15:20.080,1.24373,1.24381,1.75,1.00
2016.11.17 18:15:21.025,1.24373,1.24381,1.00,1.00
2016.11.17 18:15:22.928,1.24373,1.24378,1.00,1.00
2016.11.17 18:15:22.979,1.24373,1.24381,1.00,1.00
2016.11.17 18:15:24.538,1.24372,1.24381,1.50,1.00
2016.11.17 18:15:25.045,1.24372,1.24381,1.50,1.00
2016.11.17 18:15:26.225,1.24372,1.24381,1.50,1.00
2016.11.17 18:15:28.611,1.24372,1.2438,1.50,1.00
2016.11.17 18:15:29.118,1.24372,1.24381,1.87,1.00
2016.11.17 18:15:30.341,1.24373,1.24381,1.75,1.00
2016.11.17 18:15:32.063,1.24373,1.2438,1.50,1.00
2016.11.17 18:15:40.553,1.24372,1.24379,1.00,1.00
2016.11.17 18:15:42.655,1.24371,1.24379,1.75,1.00
2016.11.17 18:15:47.036,1.24372,1.2438,1.50,1.00
2016.11.17 18:15:50.729,1.24371,1.24378,2.25,1.00
2016.11.17 18:15:51.707,1.2437,1.24378,2.25,1.00
2016.11.17 18:15:52.621,1.24371,1.2438,3.00,1.00
2016.11.17 18:15:55.522,1.24371,1.2438,9.00,1.00
2016.11.17 18:16:02.374,1.24372,1.24374,1.00,1.00
2016.11.17 18:16:02.425,1.24369,1.24374,1.37,1.00
2016.11.17 18:16:02.527,1.24367,1.24374,6.37,1.00
2016.11.17 18:16:03.034,1.24367,1.24375,6.75,1.00
2016.11.17 18:16:04.546,1.24365,1.24373,4.87,1.00
2016.11.17 18:16:04.885,1.24364,1.24372,1.50,1.00
2016.11.17 18:16:05.717,1.24363,1.24371,4.12,1.00
2016.11.17 18:16:06.225,1.24366,1.24371,2.25,1.00
2016.11.17 18:16:07.924,1.24364,1.24371,2.25,1.00
2016.11.17 18:16:08.430,1.24364,1.2437,1.00,1.00
2016.11.17 18:16:10.487,1.24359,1.24364,3.37,1.00
2016.11.17 18:16:10.690,1.24358,1.24362,1.00,1.00
2016.11.17 18:16:10.792,1.2436,1.24368,1.00,1.50
2016.11.17 18:16:11.299,1.2436,1.24369,1.12,1.00
2016.11.17 18:16:11.975,1.24362,1.24369,1.00,1.00
2016.11.17 18:16:12.913,1.24363,1.24369,1.00,1.00
2016.11.17 18:16:15.332,1.24368,1.24369,1.00,1.00
2016.11.17 18:16:15.485,1.24371,1.24373,2.25,1.00
2016.11.17 18:16:15.537,1.24371,1.24377,2.25,2.36
2016.11.17 18:16:15.588,1.24371,1.24378,2.25,2.25
2016.11.17 18:16:15.741,1.24371,1.24374,2.25,1.00
2016.11.17 18:16:16.070,1.24365,1.24374,1.50,1.00
2016.11.17 18:16:20.519,1.24364,1.24373,4.12,1.00
2016.11.17 18:16:21.027,1.24364,1.24372,2.62,1.00
2016.11.17 18:16:21.527,1.24362,1.24371,1.87,1.00
2016.11.17 18:16:22.713,1.24362,1.2437,1.50,1.00
2016.11.17 18:16:23.639,1.2436,1.24362,2.25,1.00
2016.11.17 18:16:23.690,1.2436,1.24365,1.50,1.50
2016.11.17 18:16:23.741,1.24358,1.24361,3.75,1.50
2016.11.17 18:16:23.843,1.24355,1.24356,2.25,1.00
2016.11.17 18:16:24.147,1.24355,1.24356,2.25,1.00
2016.11.17 18:16:25.006,1.24351,1.24354,1.50,1.00
2016.11.17 18:16:25.260,1.2435,1.24352,2.50,1.50
2016.11.17 18:16:25.311,1.2435,1.24352,2.50,1.00
2016.11.17 18:16:25.464,1.24351,1.24352,1.00,1.00
2016.11.17 18:16:25.566,1.24351,1.24354,1.00,1.00
2016.11.17 18:16:25.823,1.24351,1.24357,1.00,1.00
2016.11.17 18:16:26.521,1.24351,1.24358,1.00,1.50
2016.11.17 18:16:27.317,1.2435,1.24358,1.00,1.50
2016.11.17 18:16:28.222,1.2435,1.24357,1.00,1.00
2016.11.17 18:16:28.324,1.24348,1.24356,5.25,1.00
2016.11.17 18:16:28.859,1.24348,1.24357,5.62,1.00
2016.11.17 18:16:30.231,1.24347,1.24352,2.25,1.00
2016.11.17 18:16:30.767,1.24347,1.24351,1.00,1.00
2016.11.17 18:16:31.273,1.24347,1.2435,1.00,1.00
2016.11.17 18:16:31.932,1.24343,1.2435,2.25,1.00
2016.11.17 18:16:32.442,1.24343,1.24349,2.25,1.00
2016.11.17 18:16:33.213,1.24343,1.24348,2.25,1.00
2016.11.17 18:16:33.265,1.24343,1.24345,2.25,1.00
2016.11.17 18:16:34.372,1.24343,1.24344,2.25,1.00
2016.11.17 18:16:34.883,1.24343,1.24345,2.25,1.00
2016.11.17 18:16:34.934,1.24341,1.24345,1.00,1.00
2016.11.17 18:16:36.771,1.24341,1.24348,1.00,1.50
2016.11.17 18:16:37.647,1.24341,1.24349,1.46,1.00
2016.11.17 18:16:38.172,1.24341,1.24349,2.96,1.00
2016.11.17 18:16:38.687,1.24341,1.2435,3.71,1.50
2016.11.17 18:16:38.990,1.24341,1.2435,2.21,1.50
2016.11.17 18:16:39.194,1.24342,1.24349,1.34,1.00
2016.11.17 18:16:39.719,1.24342,1.24349,1.09,1.00
2016.11.17 18:16:40.978,1.24349,1.24353,1.00,1.50
2016.11.17 18:16:41.181,1.24352,1.24359,1.00,1.37
2016.11.17 18:16:41.283,1.24353,1.24361,1.00,1.00
2016.11.17 18:16:41.797,1.24353,1.24362,3.75,1.00
2016.11.17 18:16:42.051,1.24361,1.24364,1.00,1.12
2016.11.17 18:16:42.153,1.24361,1.24367,1.00,1.50
2016.11.17 18:16:42.255,1.24361,1.24368,1.00,1.00
2016.11.17 18:16:42.356,1.24364,1.2437,1.00,1.00
2016.11.17 18:16:42.582,1.24368,1.24377,1.50,4.12
2016.11.17 18:16:42.684,1.24368,1.24378,1.00,1.00
2016.11.17 18:16:42.786,1.2437,1.24377,1.00,1.00
2016.11.17 18:16:43.221,1.24366,1.24371,4.50,1.00
2016.11.17 18:16:43.273,1.24367,1.24371,1.00,1.00
2016.11.17 18:16:43.375,1.24361,1.2437,1.50,1.00
2016.11.17 18:16:43.881,1.24361,1.24371,3.37,1.00
2016.11.17 18:16:44.389,1.24362,1.24371,1.00,1.00
2016.11.17 18:16:44.744,1.24361,1.24369,2.62,1.00
2016.11.17 18:16:45.259,1.24361,1.24369,1.00,1.00
2016.11.17 18:16:46.727,1.2436,1.24369,3.75,1.00
2016.11.17 18:16:46.779,1.24363,1.24372,1.00,1.37
2016.11.17 18:16:46.999,1.24364,1.24373,1.00,2.62
2016.11.17 18:16:47.724,1.24366,1.24373,1.00,2.62
2016.11.17 18:16:48.271,1.24367,1.24373,1.00,2.62
2016.11.17 18:16:49.023,1.24366,1.24373,1.00,3.37
2016.11.17 18:16:50.890,1.24365,1.24373,1.00,2.62
2016.11.17 18:16:51.411,1.24366,1.24373,1.00,2.62
2016.11.17 18:16:52.019,1.24365,1.24373,1.00,2.62
2016.11.17 18:16:52.323,1.24367,1.24373,1.00,2.62
2016.11.17 18:16:52.931,1.24365,1.24373,1.00,2.62
2016.11.17 18:16:53.124,1.24367,1.24373,1.00,2.62
2016.11.17 18:16:53.633,1.24367,1.24372,1.00,1.00
2016.11.17 18:16:53.938,1.24365,1.24372,1.00,1.12
2016.11.17 18:16:54.446,1.24366,1.24372,1.00,1.00
2016.11.17 18:16:54.953,1.24365,1.24372,1.00,1.00
2016.11.17 18:16:55.461,1.24365,1.24373,1.50,1.87
2016.11.17 18:16:56.273,1.24366,1.24373,1.00,1.00
2016.11.17 18:16:56.324,1.2437,1.24374,1.00,1.00
2016.11.17 18:16:56.426,1.24372,1.24377,1.00,1.87
2016.11.17 18:16:56.583,1.24373,1.24379,1.50,1.00
2016.11.17 18:16:56.635,1.24373,1.24381,1.50,1.00
2016.11.17 18:16:57.549,1.24373,1.24382,1.50,2.62
2016.11.17 18:16:59.422,1.24373,1.2438,1.00,1.00
2016.11.17 18:16:59.930,1.24371,1.2438,1.50,1.87
2016.11.17 18:17:00.132,1.24373,1.2438,1.00,1.87
2016.11.17 18:17:00.433,1.24368,1.24373,1.00,1.00
2016.11.17 18:17:01.041,1.24366,1.24373,1.50,1.00
2016.11.17 18:17:01.750,1.24366,1.24372,1.00,1.00
2016.11.17 18:17:02.054,1.24365,1.24374,2.25,3.37
2016.11.17 18:17:02.602,1.24366,1.24374,1.00,3.00
2016.11.17 18:17:03.109,1.24367,1.24375,1.00,1.00
2016.11.17 18:17:03.262,1.24368,1.24377,1.00,3.37
2016.11.17 18:17:03.515,1.24367,1.24374,1.00,1.00
2016.11.17 18:17:04.022,1.24368,1.24375,1.00,2.62
2016.11.17 18:17:04.326,1.24371,1.24377,1.00,6.37
2016.11.17 18:17:04.430,1.24371,1.24377,1.00,1.87
2016.11.17 18:17:04.481,1.24374,1.2438,1.00,2.25
2016.11.17 18:17:04.583,1.24374,1.24381,1.00,1.50
2016.11.17 18:17:05.090,1.24374,1.24382,1.00,1.50
2016.11.17 18:17:05.596,1.24373,1.24382,1.00,1.50
2016.11.17 18:17:06.131,1.24373,1.24382,1.00,2.25
2016.11.17 18:17:09.836,1.24376,1.24381,1.00,1.00
2016.11.17 18:17:10.136,1.24376,1.24385,1.50,1.12
2016.11.17 18:17:10.187,1.24376,1.24383,1.87,1.00
2016.11.17 18:17:10.695,1.24376,1.24383,1.00,1.00
2016.11.17 18:17:11.527,1.24376,1.24384,1.00,3.37
2016.11.17 18:17:12.042,1.24377,1.24384,1.00,1.00
2016.11.17 18:17:12.453,1.24375,1.24385,1.00,6.00
2016.11.17 18:17:12.504,1.24375,1.24382,1.00,1.00
2016.11.17 18:17:12.555,1.24375,1.24384,1.00,1.00
2016.11.17 18:17:13.011,1.24377,1.24384,1.00,1.00
2016.11.17 18:17:18.135,1.24379,1.24387,1.50,5.25
2016.11.17 18:17:18.186,1.2438,1.24387,1.00,1.87
2016.11.17 18:17:18.288,1.24381,1.2439,1.00,2.62
2016.11.17 18:17:18.853,1.2438,1.24388,1.12,1.00
2016.11.17 18:17:19.210,1.24381,1.2439,1.00,2.62
2016.11.17 18:17:20.287,1.24381,1.24389,1.00,1.00
2016.11.17 18:17:21.474,1.24378,1.24384,1.12,1.00
2016.11.17 18:17:21.779,1.24377,1.24382,2.25,2.62
2016.11.17 18:17:21.881,1.24373,1.24382,1.00,2.62
2016.11.17 18:17:22.390,1.24373,1.24381,1.00,1.00
2016.11.17 18:17:22.936,1.24373,1.24382,1.00,3.00
2016.11.17 18:17:24.079,1.24373,1.24382,1.00,3.75
2016.11.17 18:17:26.093,1.24372,1.24381,1.00,1.50
2016.11.17 18:17:27.079,1.24372,1.24381,1.00,1.87
2016.11.17 18:17:29.056,1.2437,1.24377,1.87,1.37
2016.11.17 18:17:29.260,1.24364,1.24373,1.50,1.00
2016.11.17 18:17:29.312,1.24366,1.24373,1.00,1.00
2016.11.17 18:17:29.920,1.24366,1.24374,1.00,1.87
2016.11.17 18:17:30.428,1.24365,1.24375,1.00,3.75
2016.11.17 18:17:30.910,1.24364,1.24373,1.12,1.00
2016.11.17 18:17:31.523,1.24363,1.24373,1.00,1.12
2016.11.17 18:17:33.409,1.24363,1.24373,1.00,1.87
2016.11.17 18:17:33.916,1.24363,1.24371,1.00,1.00
2016.11.17 18:17:36.893,1.24361,1.24369,1.37,1.00
2016.11.17 18:17:37.198,1.24357,1.24362,6.00,1.00
2016.11.17 18:17:37.604,1.24358,1.24364,1.12,1.00
2016.11.17 18:17:37.706,1.2436,1.24366,1.00,1.37
2016.11.17 18:17:37.757,1.24361,1.24368,1.00,1.12
2016.11.17 18:17:38.369,1.24361,1.24369,1.00,1.00
2016.11.17 18:17:42.183,1.2436,1.24369,1.87,1.00
2016.11.17 18:17:42.234,1.2436,1.24367,2.62,1.00
2016.11.17 18:17:45.518,1.2436,1.24363,1.12,1.00
2016.11.17 18:17:45.722,1.24357,1.24365,10.12,1.00
2016.11.17 18:17:45.774,1.24357,1.24366,6.75,1.87
2016.11.17 18:17:46.028,1.24358,1.24367,2.25,1.00
2016.11.17 18:17:46.130,1.24361,1.24369,1.00,1.12
2016.11.17 18:17:46.762,1.24361,1.24367,1.00,1.00
2016.11.17 18:17:50.114,1.2436,1.24367,1.12,1.00
2016.11.17 18:17:51.157,1.24359,1.24363,1.37,1.00
2016.11.17 18:17:51.305,1.24355,1.24362,3.00,1.00
2016.11.17 18:17:51.812,1.24356,1.24363,1.00,1.00
2016.11.17 18:17:55.256,1.24355,1.24362,1.12,1.00
2016.11.17 18:17:55.358,1.24355,1.24362,3.00,1.00
2016.11.17 18:17:58.942,1.24355,1.2436,3.00,1.00
2016.11.17 18:17:59.044,1.24354,1.24359,1.12,1.00
2016.11.17 18:17:59.095,1.24353,1.24361,1.12,1.00
2016.11.17 18:17:59.604,1.24352,1.24361,3.75,1.00
2016.11.17 18:18:01.828,1.24354,1.24362,2.62,1.00
2016.11.17 18:18:02.336,1.24354,1.24362,5.25,1.00
2016.11.17 18:18:02.842,1.24356,1.24363,1.00,1.00
2016.11.17 18:18:02.944,1.24357,1.24365,1.00,1.00
2016.11.17 18:18:03.460,1.24357,1.24366,1.00,1.00
2016.11.17 18:18:05.168,1.24357,1.24364,1.12,1.00
2016.11.17 18:18:06.910,1.24356,1.24362,1.87,1.00
2016.11.17 18:18:07.166,1.24354,1.24363,1.87,1.00
2016.11.17 18:18:10.919,1.24354,1.24362,1.50,1.00
2016.11.17 18:18:11.338,1.24356,1.24365,1.37,1.00
2016.11.17 18:18:11.854,1.24356,1.24365,1.12,1.00
2016.11.17 18:18:12.057,1.24355,1.24361,1.37,1.00
2016.11.17 18:18:12.311,1.24354,1.24361,2.25,1.00
2016.11.17 18:18:12.817,1.24355,1.24362,1.37,1.00
2016.11.17 18:18:13.323,1.24354,1.24363,4.50,1.00
2016.11.17 18:18:16.298,1.24355,1.24362,1.37,1.00
2016.11.17 18:18:16.402,1.24357,1.24366,1.00,1.87
2016.11.17 18:18:16.706,1.24357,1.24363,1.37,1.00
2016.11.17 18:18:16.911,1.24354,1.24362,1.12,1.00
2016.11.17 18:18:17.418,1.24356,1.24362,1.00,1.00
2016.11.17 18:18:17.469,1.24356,1.24365,1.50,1.12
2016.11.17 18:18:17.622,1.24357,1.24366,1.87,1.00
2016.11.17 18:18:18.722,1.24357,1.24366,1.00,1.00
2016.11.17 18:18:19.111,1.24357,1.24362,1.00,1.00
2016.11.17 18:18:19.416,1.24353,1.2436,1.50,1.00
2016.11.17 18:18:19.468,1.24353,1.2436,1.50,1.00
2016.11.17 18:18:19.993,1.24353,1.24359,1.00,1.00
2016.11.17 18:18:20.095,1.24353,1.24361,1.00,1.00
2016.11.17 18:18:20.607,1.24353,1.2436,1.00,1.00
2016.11.17 18:18:20.710,1.24352,1.24358,1.00,1.00
2016.11.17 18:18:22.907,1.24351,1.24357,1.12,1.00
2016.11.17 18:18:23.423,1.24351,1.24358,1.00,1.00
2016.11.17 18:18:27.718,1.24351,1.24359,1.00,1.00
2016.11.17 18:18:28.027,1.24356,1.2436,1.00,1.00
2016.11.17 18:18:28.079,1.24356,1.24362,1.50,2.62
2016.11.17 18:18:28.232,1.24358,1.24362,1.00,1.00
2016.11.17 18:18:28.385,1.24362,1.24369,1.12,1.50
2016.11.17 18:18:29.718,1.24362,1.2437,1.50,1.00
2016.11.17 18:18:32.124,1.24362,1.24368,1.12,1.00
2016.11.17 18:18:33.038,1.24362,1.24368,1.50,1.00
2016.11.17 18:18:33.216,1.24362,1.24371,3.75,1.00
2016.11.17 18:18:33.319,1.24362,1.24369,3.75,1.00
2016.11.17 18:18:33.371,1.24362,1.24369,2.25,1.00
2016.11.17 18:18:35.718,1.24362,1.24363,1.00,1.00
2016.11.17 18:18:35.820,1.24359,1.24365,4.50,1.00
2016.11.17 18:18:35.871,1.24357,1.24362,1.87,1.00
2016.11.17 18:18:35.923,1.24357,1.24364,1.37,1.00
2016.11.17 18:18:36.177,1.24358,1.24365,5.25,1.00
2016.11.17 18:18:36.279,1.2436,1.24368,1.12,1.50
2016.11.17 18:18:36.606,1.24363,1.24368,1.00,1.00
2016.11.17 18:18:37.472,1.24363,1.24367,1.00,1.00
2016.11.17 18:18:37.777,1.24356,1.24363,5.25,1.00
2016.11.17 18:18:37.878,1.24356,1.24363,4.50,1.00
2016.11.17 18:18:38.234,1.24356,1.2436,2.25,1.00
2016.11.17 18:18:38.951,1.24353,1.2436,1.12,1.00
2016.11.17 18:18:41.506,1.24352,1.2436,1.12,1.00
2016.11.17 18:18:42.013,1.24352,1.24359,2.25,1.00
2016.11.17 18:18:43.388,1.24352,1.24361,3.37,1.00
2016.11.17 18:18:44.199,1.24352,1.24361,4.50,1.00
2016.11.17 18:18:44.740,1.24352,1.24361,3.00,1.00
2016.11.17 18:18:45.098,1.24352,1.24359,1.50,1.00
2016.11.17 18:18:50.773,1.24352,1.24361,1.50,1.00
2016.11.17 18:18:50.824,1.24354,1.24361,1.50,1.00
2016.11.17 18:18:51.128,1.24354,1.24359,1.00,1.00
2016.11.17 18:18:51.951,1.24354,1.2436,1.00,1.00
2016.11.17 18:18:52.809,1.24352,1.2436,1.00,1.00
2016.11.17 18:18:53.315,1.24352,1.24359,1.50,1.00
2016.11.17 18:18:57.818,1.24352,1.24359,1.50,1.00
2016.11.17 18:19:00.309,1.24351,1.24358,3.37,1.00
2016.11.17 18:19:00.816,1.24351,1.24358,1.87,1.00
2016.11.17 18:19:02.447,1.24351,1.24359,3.00,1.00
2016.11.17 18:19:02.954,1.24352,1.2436,1.00,1.50
2016.11.17 18:19:03.006,1.24352,1.24358,1.00,1.00
2016.11.17 18:19:03.310,1.24364,1.24371,1.00,1.37
2016.11.17 18:19:03.413,1.24366,1.24373,1.12,1.00
2016.11.17 18:19:03.465,1.24369,1.24375,2.25,1.10
2016.11.17 18:19:03.567,1.24369,1.24377,3.37,1.00
2016.11.17 18:19:04.076,1.24369,1.24376,5.25,1.00
2016.11.17 18:19:04.621,1.24369,1.24372,2.25,1.00
2016.11.17 18:19:04.673,1.24369,1.24374,2.25,1.00
2016.11.17 18:19:04.763,1.24366,1.24374,2.25,1.00
2016.11.17 18:19:04.814,1.24368,1.24374,1.87,1.00
2016.11.17 18:19:04.916,1.24366,1.24374,4.50,1.00
2016.11.17 18:19:05.423,1.24366,1.24374,3.00,1.00
2016.11.17 18:19:05.524,1.24367,1.24376,2.62,1.00
2016.11.17 18:19:05.699,1.2437,1.24376,1.00,1.00
2016.11.17 18:19:05.851,1.2437,1.24378,1.12,1.12
2016.11.17 18:19:06.360,1.24369,1.24377,1.37,1.00
2016.11.17 18:19:06.717,1.24371,1.24379,1.87,1.00
2016.11.17 18:19:06.869,1.24373,1.24381,1.87,1.12
2016.11.17 18:19:09.629,1.24375,1.24382,1.37,1.12
2016.11.17 18:19:10.130,1.24375,1.24382,1.50,1.00
2016.11.17 18:19:11.755,1.2438,1.24384,2.25,1.12
2016.11.17 18:19:12.068,1.24383,1.24388,1.50,1.00
2016.11.17 18:19:12.120,1.24382,1.24391,2.62,1.00
2016.11.17 18:19:12.667,1.24383,1.2439,1.12,1.00
2016.11.17 18:19:16.422,1.24391,1.24394,1.00,3.00
2016.11.17 18:19:16.730,1.244,1.24402,2.50,1.12
2016.11.17 18:19:17.035,1.24398,1.244,1.50,1.00
2016.11.17 18:19:17.592,1.24397,1.244,1.87,1.00
2016.11.17 18:19:18.095,1.24396,1.24401,1.87,1.00
2016.11.17 18:19:18.623,1.24397,1.24401,1.87,1.00
2016.11.17 18:19:21.599,1.24394,1.24401,1.87,1.00
2016.11.17 18:19:22.107,1.24393,1.244,1.87,1.00
2016.11.17 18:19:26.013,1.24394,1.244,1.87,1.00
2016.11.17 18:19:27.302,1.24394,1.24395,1.87,1.00
2016.11.17 18:19:27.353,1.2439,1.24394,1.37,1.00
2016.11.17 18:19:27.404,1.2439,1.24392,1.37,1.00
2016.11.17 18:19:27.636,1.24387,1.24394,1.87,1.12
2016.11.17 18:19:27.687,1.2439,1.24394,1.87,1.12
2016.11.17 18:19:27.789,1.24388,1.24394,1.87,1.00
2016.11.17 18:19:30.719,1.24389,1.24394,1.87,1.00
2016.11.17 18:19:31.229,1.24389,1.24395,1.87,1.00
2016.11.17 18:19:34.302,1.24389,1.24397,1.87,1.87
2016.11.17 18:19:34.455,1.24391,1.24397,1.87,1.00
2016.11.17 18:19:35.064,1.24391,1.24398,1.87,1.00
2016.11.17 18:19:35.648,1.24392,1.24399,1.87,1.00
2016.11.17 18:19:36.054,1.24394,1.24399,1.87,1.00
2016.11.17 18:19:36.620,1.24393,1.24399,1.87,1.00
2016.11.17 18:19:37.130,1.24393,1.24398,1.87,1.00
2016.11.17 18:19:37.668,1.24394,1.24398,1.50,1.00
2016.11.17 18:19:37.972,1.24396,1.244,1.50,1.00
2016.11.17 18:19:39.465,1.24394,1.244,1.87,1.00
2016.11.17 18:19:40.007,1.24395,1.244,1.87,1.00
2016.11.17 18:19:40.514,1.24396,1.244,1.87,1.00
2016.11.17 18:19:41.172,1.24395,1.24399,2.25,1.00
2016.11.17 18:19:42.809,1.24393,1.24399,1.87,1.00
2016.11.17 18:19:43.758,1.24393,1.24402,2.62,1.50
2016.11.17 18:19:43.861,1.24395,1.24402,2.62,1.00
2016.11.17 18:19:44.852,1.24397,1.24402,1.87,1.00
2016.11.17 18:19:45.663,1.24396,1.24402,1.87,1.00
2016.11.17 18:19:46.545,1.24396,1.24401,1.87,1.00
2016.11.17 18:19:47.051,1.24395,1.24401,1.87,1.00
2016.11.17 18:19:47.571,1.24394,1.24401,2.62,1.00
2016.11.17 18:19:48.170,1.24395,1.24401,1.87,1.00
2016.11.17 18:19:49.711,1.244,1.24404,1.00,5.62
2016.11.17 18:19:49.944,1.24403,1.2441,1.50,1.00
2016.11.17 18:19:50.501,1.24404,1.2441,1.87,1.00
2016.11.17 18:19:52.588,1.24403,1.2441,1.87,1.00
2016.11.17 18:19:52.997,1.24405,1.2441,1.87,1.00
2016.11.17 18:19:54.512,1.24404,1.2441,1.87,1.00
2016.11.17 18:19:57.514,1.24403,1.2441,1.87,1.00
2016.11.17 18:19:59.411,1.24402,1.2441,1.87,1.00
2016.11.17 18:20:00.327,1.24402,1.24411,1.87,1.87
2016.11.17 18:20:00.632,1.24406,1.2441,1.50,1.00
2016.11.17 18:20:01.424,1.24405,1.2441,1.87,1.00
2016.11.17 18:20:02.030,1.24404,1.2441,1.87,1.00
2016.11.17 18:20:09.536,1.24403,1.2441,1.12,1.00
2016.11.17 18:20:09.688,1.24404,1.24412,1.00,1.00
2016.11.17 18:20:10.225,1.24403,1.24412,1.37,1.00
2016.11.17 18:20:11.331,1.24402,1.24411,3.75,1.00
2016.11.17 18:20:12.405,1.24402,1.24411,1.50,1.00
2016.11.17 18:20:14.913,1.24402,1.24411,1.50,1.00
2016.11.17 18:20:18.744,1.244,1.24403,1.12,1.00
2016.11.17 18:20:18.983,1.24397,1.24402,6.00,1.00
2016.11.17 18:20:19.186,1.24393,1.24401,1.00,1.00
2016.11.17 18:20:20.465,1.24393,1.24401,1.37,1.00
2016.11.17 18:20:20.846,1.24392,1.24401,2.25,1.00
2016.11.17 18:20:20.898,1.24392,1.24399,2.25,1.00
2016.11.17 18:20:21.405,1.24392,1.24399,1.87,1.00
2016.11.17 18:20:27.243,1.24392,1.24399,1.87,1.00
2016.11.17 18:20:28.268,1.24392,1.24399,1.50,1.00
2016.11.17 18:20:28.572,1.24389,1.24394,2.25,1.00
2016.11.17 18:20:28.674,1.24389,1.24394,1.12,1.00
2016.11.17 18:20:28.885,1.24389,1.24396,1.00,1.50
2016.11.17 18:20:28.936,1.24389,1.24393,1.00,1.00
2016.11.17 18:20:28.988,1.24389,1.24395,1.00,1.00
2016.11.17 18:20:29.090,1.24389,1.24395,1.37,1.00
2016.11.17 18:20:29.394,1.24389,1.24398,1.87,1.50
2016.11.17 18:20:29.496,1.24391,1.24399,1.37,1.00
2016.11.17 18:20:30.003,1.24391,1.244,1.37,1.00
2016.11.17 18:20:30.573,1.24391,1.244,1.37,1.00
2016.11.17 18:20:34.802,1.24392,1.244,1.00,1.00
2016.11.17 18:20:35.326,1.24392,1.244,1.37,1.00
2016.11.17 18:20:40.496,1.24391,1.244,1.50,1.00
2016.11.17 18:20:43.204,1.2439,1.24394,1.37,1.00
2016.11.17 18:20:43.462,1.24385,1.24394,2.25,1.00
2016.11.17 18:20:43.817,1.24386,1.24395,1.50,1.00
2016.11.17 18:20:44.324,1.24389,1.24396,1.00,1.00
2016.11.17 18:20:44.518,1.24391,1.24399,1.00,1.00
2016.11.17 18:20:44.755,1.24393,1.244,1.00,1.50
2016.11.17 18:20:47.367,1.24392,1.244,1.00,1.00
2016.11.17 18:20:48.656,1.24394,1.24401,1.00,1.00
2016.11.17 18:20:49.162,1.24395,1.24402,1.00,1.12
2016.11.17 18:20:49.665,1.24394,1.24401,1.00,1.00
2016.11.17 18:20:50.620,1.24395,1.24402,1.00,1.00
2016.11.17 18:20:51.997,1.24393,1.24402,1.00,1.00
2016.11.17 18:21:00.721,1.24391,1.244,1.50,1.00
2016.11.17 18:21:01.176,1.24393,1.24402,1.00,1.12
2016.11.17 18:21:14.373,1.24393,1.24394,1.00,1.00
2016.11.17 18:21:14.425,1.2439,1.24394,1.12,1.00
2016.11.17 18:21:14.599,1.24387,1.24396,1.12,1.50
2016.11.17 18:21:14.651,1.24389,1.24398,1.00,2.25
2016.11.17 18:21:15.109,1.2439,1.24399,1.00,2.62
2016.11.17 18:21:15.616,1.24389,1.24398,1.00,1.00
2016.11.17 18:21:18.288,1.24388,1.24395,1.12,1.69
2016.11.17 18:21:18.391,1.24385,1.24394,1.37,1.00
2016.11.17 18:21:18.904,1.24385,1.24394,1.00,1.00
2016.11.17 18:21:19.512,1.24386,1.24395,1.00,1.00
2016.11.17 18:21:19.817,1.24388,1.24397,1.12,1.50
2016.11.17 18:21:20.323,1.24388,1.24397,1.00,1.00
2016.11.17 18:21:21.436,1.24386,1.24395,1.87,1.00
2016.11.17 18:21:21.590,1.24385,1.24394,1.50,1.00
2016.11.17 18:21:23.334,1.24385,1.24394,1.37,1.00
2016.11.17 18:21:23.436,1.24389,1.24396,1.00,1.00
2016.11.17 18:21:23.641,1.24392,1.24401,1.00,1.00
2016.11.17 18:21:23.996,1.24389,1.24394,1.50,1.00
2016.11.17 18:21:24.098,1.24388,1.24395,2.62,1.00
2016.11.17 18:21:24.555,1.24384,1.24394,1.12,1.00
2016.11.17 18:21:25.345,1.24384,1.24393,1.12,1.00
2016.11.17 18:21:26.028,1.24383,1.24392,2.25,1.00
2016.11.17 18:21:28.629,1.24382,1.24391,2.25,1.00
2016.11.17 18:21:28.781,1.24381,1.24384,1.37,1.00
2016.11.17 18:21:28.933,1.24379,1.24383,1.00,1.00
2016.11.17 18:21:28.984,1.24381,1.24388,1.00,2.51
2016.11.17 18:21:29.035,1.24379,1.24389,1.00,3.00
2016.11.17 18:21:29.086,1.24381,1.24388,1.00,1.12
2016.11.17 18:21:29.137,1.24381,1.2439,1.00,2.62
2016.11.17 18:21:29.673,1.24381,1.24389,1.00,1.12
2016.11.17 18:21:30.174,1.2438,1.24389,1.12,1.50
2016.11.17 18:21:30.738,1.24381,1.24389,2.25,1.50
2016.11.17 18:21:31.804,1.24383,1.24389,1.00,1.00
2016.11.17 18:21:31.856,1.24383,1.24392,1.00,1.50
2016.11.17 18:21:31.959,1.24383,1.24393,1.12,1.12
2016.11.17 18:21:32.061,1.24386,1.24393,1.00,1.00
2016.11.17 18:21:33.660,1.24383,1.24391,1.37,1.00
2016.11.17 18:21:33.865,1.24382,1.24392,3.37,1.00
2016.11.17 18:21:34.019,1.24383,1.2439,1.00,1.00
2016.11.17 18:21:34.528,1.24382,1.2439,2.25,1.12
2016.11.17 18:21:34.861,1.24391,1.24393,1.00,2.25
2016.11.17 18:21:35.115,1.24402,1.24403,1.00,1.12
2016.11.17 18:21:35.218,1.24402,1.24409,1.37,4.50
2016.11.17 18:21:35.269,1.24403,1.2441,1.50,1.00
2016.11.17 18:21:36.889,1.244,1.24404,1.50,1.00
2016.11.17 18:21:36.992,1.24397,1.24404,4.87,1.00
2016.11.17 18:21:37.043,1.24397,1.24401,3.75,1.00
2016.11.17 18:21:37.094,1.24394,1.24401,7.12,1.00
2016.11.17 18:21:37.600,1.24395,1.24402,1.12,1.00
2016.11.17 18:21:40.831,1.24394,1.24401,1.00,1.00
2016.11.17 18:21:41.767,1.24391,1.24393,1.37,1.00
2016.11.17 18:21:41.869,1.24387,1.24392,1.12,1.00
2016.11.17 18:21:41.920,1.24385,1.24391,1.00,1.00
2016.11.17 18:21:42.072,1.24382,1.24391,1.50,1.00
2016.11.17 18:21:42.781,1.24383,1.24392,1.00,1.12
2016.11.17 18:21:44.671,1.24383,1.24391,1.00,1.00
2016.11.17 18:21:44.773,1.24382,1.24385,1.00,1.00
2016.11.17 18:21:44.976,1.24378,1.24386,1.50,1.00
2016.11.17 18:21:45.078,1.24381,1.24388,1.00,1.50
2016.11.17 18:21:45.332,1.24392,1.24401,1.37,1.12
2016.11.17 18:21:45.472,1.24395,1.24402,1.00,1.00
2016.11.17 18:21:45.929,1.24397,1.24405,1.00,1.87
2016.11.17 18:21:45.981,1.24397,1.24406,3.37,1.87
2016.11.17 18:21:46.082,1.244,1.24409,1.00,4.50
2016.11.17 18:21:46.133,1.244,1.24409,1.00,1.00
2016.11.17 18:21:46.387,1.244,1.24409,1.37,1.50
2016.11.17 18:21:46.920,1.244,1.24409,1.37,1.50
2016.11.17 18:21:48.732,1.24402,1.2441,1.00,1.75
2016.11.17 18:21:48.834,1.24402,1.2441,1.00,1.50
2016.11.17 18:21:51.121,1.24401,1.2441,1.12,1.00
2016.11.17 18:21:56.151,1.24399,1.24403,1.12,1.00
2016.11.17 18:21:56.325,1.24396,1.24403,6.37,1.00
2016.11.17 18:21:57.489,1.24396,1.24403,1.12,1.00
2016.11.17 18:21:59.924,1.24395,1.24402,1.37,1.00
2016.11.17 18:22:00.026,1.24393,1.24402,1.50,1.00
2016.11.17 18:22:00.532,1.24394,1.24403,1.12,2.25
2016.11.17 18:22:04.243,1.24393,1.24402,1.12,1.00
2016.11.17 18:22:06.223,1.24392,1.244,1.12,1.00
2016.11.17 18:22:06.730,1.24392,1.24401,1.50,1.00
2016.11.17 18:22:07.425,1.24392,1.24401,1.87,1.00
2016.11.17 18:22:07.962,1.24394,1.24401,1.00,1.00
2016.11.17 18:22:09.592,1.24399,1.24403,1.00,1.12
2016.11.17 18:22:09.795,1.24401,1.2441,1.12,1.00
2016.11.17 18:22:29.643,1.244,1.24403,1.12,1.00
2016.11.17 18:22:29.694,1.24397,1.24403,6.75,1.00
2016.11.17 18:22:30.237,1.24397,1.24403,6.00,1.00
2016.11.17 18:22:30.339,1.24394,1.24403,1.00,1.00
2016.11.17 18:22:34.294,1.24394,1.24403,1.37,1.00
2016.11.17 18:22:34.396,1.24399,1.24405,1.00,1.37
2016.11.17 18:22:34.447,1.24397,1.24407,1.00,3.37
2016.11.17 18:22:34.852,1.24398,1.24407,1.50,1.00
2016.11.17 18:22:38.694,1.244,1.24409,1.00,1.50
2016.11.17 18:22:38.745,1.244,1.24409,1.00,1.12
2016.11.17 18:22:39.251,1.244,1.24409,1.00,1.37
2016.11.17 18:22:41.266,1.244,1.24409,1.12,1.00
2016.11.17 18:22:44.770,1.24401,1.24409,1.00,1.00
2016.11.17 18:22:45.276,1.24401,1.2441,1.12,1.00
2016.11.17 18:22:50.386,1.244,1.24409,1.12,1.00
2016.11.17 18:22:53.571,1.24409,1.24411,1.00,3.37
2016.11.17 18:22:53.655,1.2441,1.24414,1.00,1.87
2016.11.17 18:22:53.706,1.2441,1.24414,1.00,1.00
2016.11.17 18:22:53.757,1.24411,1.2442,1.00,1.00
2016.11.17 18:22:54.920,1.24412,1.24421,1.00,1.00
2016.11.17 18:22:57.022,1.24411,1.2442,1.12,1.00
2016.11.17 18:23:02.075,1.24412,1.2442,1.00,2.62
2016.11.17 18:23:06.761,1.24412,1.24421,1.00,1.00
2016.11.17 18:23:10.384,1.24413,1.24422,1.00,1.87
2016.11.17 18:23:11.270,1.24413,1.24423,1.00,2.62
2016.11.17 18:23:11.809,1.24414,1.24423,1.00,3.37
2016.11.17 18:23:12.055,1.24416,1.24423,1.00,1.12
2016.11.17 18:23:12.663,1.24414,1.24421,1.00,1.00
2016.11.17 18:23:19.627,1.24413,1.24422,1.50,1.00
2016.11.17 18:23:20.136,1.24413,1.24422,2.25,1.00
2016.11.17 18:23:20.697,1.24413,1.24423,2.25,1.00
2016.11.17 18:23:21.003,1.24413,1.24421,1.37,1.00
2016.11.17 18:23:21.511,1.24412,1.24421,8.62,1.00
2016.11.17 18:23:22.566,1.24412,1.24421,1.87,1.00
2016.11.17 18:23:22.871,1.24411,1.24412,6.75,1.00
2016.11.17 18:23:23.024,1.24403,1.24409,1.37,1.00
2016.11.17 18:23:23.126,1.24402,1.24409,1.87,1.00
2016.11.17 18:23:23.177,1.24402,1.24411,1.12,1.00
2016.11.17 18:23:33.425,1.24401,1.24411,4.50,1.00
2016.11.17 18:23:35.935,1.24401,1.24411,3.75,1.00
2016.11.17 18:23:36.494,1.24401,1.24408,1.12,1.00
2016.11.17 18:23:37.022,1.24399,1.24409,8.62,1.00
2016.11.17 18:23:37.530,1.244,1.24409,1.00,1.00
2016.11.17 18:23:38.040,1.244,1.24408,1.00,1.00
2016.11.17 18:23:42.859,1.24398,1.24405,7.50,1.00
2016.11.17 18:23:42.912,1.24398,1.24407,6.75,1.00
2016.11.17 18:23:43.014,1.24398,1.24407,6.00,1.00
2016.11.17 18:23:46.565,1.24399,1.24408,1.00,1.12
2016.11.17 18:23:46.616,1.24405,1.24408,1.00,1.12
2016.11.17 18:23:46.920,1.24408,1.2441,1.00,1.00
2016.11.17 18:23:47.426,1.24407,1.2441,1.50,1.00
2016.11.17 18:23:50.032,1.24407,1.24412,1.50,1.00
2016.11.17 18:23:50.918,1.24408,1.24412,1.00,1.00
2016.11.17 18:23:51.468,1.24409,1.24413,1.00,1.00
2016.11.17 18:23:53.382,1.24409,1.24412,1.00,1.00
2016.11.17 18:24:04.071,1.24409,1.24411,1.00,1.00
2016.11.17 18:24:04.578,1.24408,1.2441,1.00,1.00
2016.11.17 18:24:05.206,1.24406,1.2441,1.00,1.00
2016.11.17 18:24:06.421,1.24405,1.2441,1.50,1.00
2016.11.17 18:24:08.124,1.24405,1.24411,1.00,1.00
2016.11.17 18:24:08.228,1.24408,1.24413,3.00,1.87
2016.11.17 18:24:08.487,1.24414,1.24419,1.50,1.00
2016.11.17 18:24:09.095,1.24413,1.24419,1.00,1.00
2016.11.17 18:24:09.607,1.24413,1.2442,1.00,1.00
2016.11.17 18:24:10.023,1.24411,1.2442,1.00,1.00
2016.11.17 18:24:10.530,1.24412,1.24419,1.00,1.00
2016.11.17 18:24:12.100,1.24413,1.24419,1.00,1.00
2016.11.17 18:24:13.019,1.24412,1.24419,1.00,1.00
2016.11.17 18:24:16.518,1.24412,1.2442,1.50,1.00
2016.11.17 18:24:17.215,1.24413,1.2442,1.50,1.00
2016.11.17 18:24:17.811,1.24413,1.24419,1.00,1.00
2016.11.17 18:24:18.329,1.24414,1.24419,1.00,1.00
2016.11.17 18:24:20.121,1.24413,1.24419,1.00,1.00
2016.11.17 18:24:26.131,1.24411,1.24419,2.25,1.00
2016.11.17 18:24:29.809,1.2441,1.24415,2.25,1.00
2016.11.17 18:24:30.112,1.24406,1.24412,6.00,1.00
2016.11.17 18:24:30.621,1.24406,1.24411,6.00,1.00
2016.11.17 18:24:30.827,1.24403,1.24411,3.00,1.00
2016.11.17 18:24:31.030,1.24403,1.2441,1.50,1.00
2016.11.17 18:24:31.537,1.24404,1.2441,1.00,1.00
2016.11.17 18:24:32.044,1.24403,1.2441,1.50,1.00
2016.11.17 18:24:33.171,1.24402,1.24412,2.25,1.00
2016.11.17 18:24:33.721,1.24402,1.24412,3.37,1.00
2016.11.17 18:24:34.227,1.24403,1.24412,1.87,1.00
2016.11.17 18:24:38.819,1.24402,1.24411,1.87,1.00
2016.11.17 18:24:39.136,1.24401,1.24411,1.87,1.00
2016.11.17 18:24:42.123,1.24402,1.2441,6.75,1.00
2016.11.17 18:24:42.226,1.24404,1.24412,1.05,1.00
2016.11.17 18:24:42.277,1.24404,1.24413,2.62,1.00
2016.11.17 18:24:42.379,1.24406,1.24415,1.87,1.00
2016.11.17 18:24:42.531,1.24408,1.24415,1.00,1.00
2016.11.17 18:24:42.836,1.24405,1.24412,1.00,1.00
2016.11.17 18:24:43.347,1.24403,1.24412,2.25,1.00
2016.11.17 18:24:43.856,1.24403,1.24411,1.37,1.00
2016.11.17 18:24:44.160,1.24402,1.24409,1.12,1.00
2016.11.17 18:25:00.404,1.24401,1.24409,1.12,1.00
2016.11.17 18:25:03.787,1.24402,1.24409,1.00,1.00
2016.11.17 18:25:23.436,1.24402,1.24411,1.00,1.00
2016.11.17 18:25:24.223,1.24403,1.24411,1.00,1.00
2016.11.17 18:25:24.637,1.24411,1.24414,1.00,1.12
2016.11.17 18:25:24.790,1.24412,1.24421,1.00,1.37
2016.11.17 18:25:24.993,1.24413,1.24422,1.00,1.87
2016.11.17 18:25:32.729,1.24411,1.2442,1.50,1.00
2016.11.17 18:25:33.262,1.24413,1.24421,1.00,1.00
2016.11.17 18:25:33.617,1.24413,1.24423,1.00,1.12
2016.11.17 18:25:36.300,1.24413,1.24423,1.37,1.00
2016.11.17 18:25:38.933,1.24414,1.24424,4.12,1.00
2016.11.17 18:25:38.984,1.24418,1.24425,1.50,1.12
2016.11.17 18:25:39.187,1.24419,1.24429,1.00,3.37
2016.11.17 18:25:39.391,1.2442,1.2443,1.12,1.50
2016.11.17 18:25:39.696,1.24421,1.2443,1.37,1.00
2016.11.17 18:25:41.685,1.24421,1.2443,1.12,1.00
2016.11.17 18:25:42.322,1.24421,1.24431,3.00,1.00
2016.11.17 18:25:43.084,1.24421,1.24429,1.00,1.00
2016.11.17 18:25:45.879,1.24421,1.2443,1.00,1.00
2016.11.17 18:25:46.184,1.24432,1.24436,1.00,1.00
2016.11.17 18:25:46.242,1.24432,1.24438,1.00,1.00
2016.11.17 18:25:47.392,1.24432,1.2444,1.00,1.12
2016.11.17 18:25:53.096,1.24433,1.2444,1.00,1.00
2016.11.17 18:25:53.249,1.24433,1.24442,1.00,1.12
2016.11.17 18:25:53.452,1.24433,1.2444,1.00,1.00
2016.11.17 18:25:53.958,1.24432,1.2444,1.00,1.12
2016.11.17 18:25:54.314,1.24433,1.24436,1.00,1.00
2016.11.17 18:25:54.365,1.24431,1.24438,1.00,1.50
2016.11.17 18:25:54.671,1.24431,1.2444,1.50,3.75
2016.11.17 18:25:55.218,1.24432,1.24441,1.12,2.25
2016.11.17 18:25:55.724,1.24432,1.24441,1.50,1.12
2016.11.17 18:25:56.230,1.24432,1.24441,1.00,1.12
2016.11.17 18:25:58.980,1.24433,1.24442,1.00,1.87
2016.11.17 18:25:59.498,1.24432,1.24441,1.00,1.12
2016.11.17 18:26:00.106,1.24433,1.24442,1.00,1.00
2016.11.17 18:26:00.613,1.24433,1.24442,1.00,1.37
2016.11.17 18:26:00.823,1.24431,1.24441,1.50,1.12
2016.11.17 18:26:00.925,1.24432,1.24439,1.00,1.00
2016.11.17 18:26:04.837,1.2443,1.2444,4.50,1.00
2016.11.17 18:26:09.413,1.2443,1.24436,1.75,1.00
2016.11.17 18:26:09.465,1.2443,1.24438,1.75,1.00
2016.11.17 18:26:09.517,1.24428,1.24435,1.50,1.00
2016.11.17 18:26:09.568,1.24428,1.24436,1.12,1.00
2016.11.17 18:26:14.637,1.24428,1.24437,1.00,1.12
2016.11.17 18:26:15.772,1.24428,1.24437,1.00,1.37
2016.11.17 18:26:16.462,1.24425,1.24434,3.75,1.00
2016.11.17 18:26:16.749,1.24423,1.24432,1.87,1.12
2016.11.17 18:26:17.263,1.24423,1.24432,1.12,1.12
2016.11.17 18:26:20.577,1.24423,1.2443,1.00,1.00
2016.11.17 18:26:20.771,1.24422,1.24432,2.25,1.00
2016.11.17 18:26:21.281,1.24422,1.24432,2.62,1.00
2016.11.17 18:26:24.023,1.24423,1.2443,1.00,1.00
2016.11.17 18:26:25.664,1.24421,1.24431,1.87,1.00
2016.11.17 18:26:26.626,1.24421,1.2443,1.50,1.00
2016.11.17 18:26:32.776,1.24422,1.24429,1.00,1.00
2016.11.17 18:26:32.877,1.24421,1.24431,1.12,1.00
2016.11.17 18:26:39.894,1.24421,1.24431,1.50,1.12
2016.11.17 18:26:40.658,1.2442,1.24424,2.25,1.00
2016.11.17 18:26:40.810,1.24417,1.24423,1.00,1.00
2016.11.17 18:26:40.912,1.24414,1.24423,1.87,1.00
2016.11.17 18:26:41.420,1.24413,1.24423,1.50,1.00
2016.11.17 18:26:43.037,1.24415,1.24422,1.00,1.00
2016.11.17 18:26:43.775,1.24415,1.24424,1.00,1.00
2016.11.17 18:26:44.632,1.24412,1.24422,2.62,1.00
2016.11.17 18:26:44.971,1.24412,1.24421,1.00,1.12
2016.11.17 18:26:57.575,1.24413,1.24422,1.00,1.12
2016.11.17 18:26:59.751,1.24413,1.24422,1.00,1.37
2016.11.17 18:27:02.066,1.24413,1.24422,1.00,1.37
2016.11.17 18:27:02.573,1.24412,1.24422,1.00,1.37
2016.11.17 18:27:04.322,1.24411,1.24415,1.12,1.50
2016.11.17 18:27:04.526,1.24405,1.24413,1.12,1.12
2016.11.17 18:27:04.730,1.24403,1.24413,1.50,1.37
2016.11.17 18:27:05.237,1.24403,1.24413,1.50,1.87
2016.11.17 18:27:05.800,1.24403,1.24412,1.50,1.00
2016.11.17 18:27:14.630,1.24403,1.24412,1.00,1.37
2016.11.17 18:27:16.438,1.24403,1.24412,1.00,1.12
2016.11.17 18:27:17.125,1.24403,1.2441,1.00,1.00
2016.11.17 18:27:17.227,1.24402,1.24412,1.50,2.25
2016.11.17 18:27:17.734,1.24402,1.24412,1.50,2.62
2016.11.17 18:27:18.240,1.24403,1.24412,1.00,2.25
2016.11.17 18:27:24.723,1.24403,1.2441,1.00,1.00
2016.11.17 18:27:25.088,1.24402,1.24412,1.50,1.12
2016.11.17 18:27:32.974,1.24409,1.24414,1.00,1.75
2016.11.17 18:27:33.126,1.24412,1.24418,1.00,5.62
2016.11.17 18:27:33.228,1.24412,1.2442,1.00,1.12
2016.11.17 18:27:33.735,1.24412,1.24422,1.50,1.50
2016.11.17 18:27:37.029,1.24412,1.2442,1.50,1.00
2016.11.17 18:27:40.595,1.24412,1.24419,1.12,1.00
2016.11.17 18:27:41.101,1.24411,1.24419,1.12,1.00
2016.11.17 18:27:45.970,1.2441,1.24418,1.12,1.00
2016.11.17 18:27:46.512,1.24409,1.24412,1.37,1.00
2016.11.17 18:27:46.664,1.24404,1.24411,4.87,1.00
2016.11.17 18:27:46.766,1.24404,1.24411,1.12,1.00
2016.11.17 18:27:47.310,1.24404,1.2441,1.12,1.00
2016.11.17 18:27:49.988,1.24401,1.2441,1.87,1.00
2016.11.17 18:27:50.837,1.24401,1.24406,1.12,1.50
2016.11.17 18:27:51.142,1.24396,1.24401,1.00,1.00
2016.11.17 18:27:51.194,1.24393,1.24401,1.00,1.00
2016.11.17 18:27:51.295,1.24392,1.24401,3.00,1.00
2016.11.17 18:27:51.821,1.24393,1.24401,1.12,1.00
2016.11.17 18:27:52.380,1.24393,1.24402,1.12,1.00
2016.11.17 18:27:54.029,1.24393,1.244,1.12,1.00
2016.11.17 18:27:54.580,1.24392,1.24399,1.00,1.00
2016.11.17 18:27:56.565,1.24392,1.244,1.12,1.00
2016.11.17 18:27:57.075,1.24393,1.24401,1.50,1.00
2016.11.17 18:28:00.669,1.24393,1.24402,1.50,1.00
2016.11.17 18:28:01.248,1.24392,1.24401,1.50,1.00
2016.11.17 18:28:06.676,1.24392,1.24401,1.50,1.00
2016.11.17 18:28:07.183,1.24392,1.24401,1.00,1.00
2016.11.17 18:28:25.437,1.24391,1.24401,1.00,1.12
2016.11.17 18:28:32.627,1.24391,1.24401,1.87,1.12
2016.11.17 18:28:33.173,1.24392,1.24401,2.25,1.00
2016.11.17 18:28:38.376,1.24394,1.24401,1.00,1.00
2016.11.17 18:28:38.901,1.24393,1.24401,2.62,1.00
2016.11.17 18:28:39.510,1.24393,1.244,2.25,1.00
2016.11.17 18:28:43.977,1.24392,1.244,1.00,1.00
2016.11.17 18:28:49.005,1.24398,1.24402,1.00,1.00
2016.11.17 18:28:49.108,1.24399,1.24405,3.00,1.50
2016.11.17 18:28:49.159,1.244,1.24406,1.50,3.75
2016.11.17 18:28:49.210,1.24401,1.2441,1.12,4.12
2016.11.17 18:28:49.717,1.24401,1.2441,1.12,1.00
2016.11.17 18:28:50.978,1.24401,1.2441,1.37,1.00
2016.11.17 18:28:51.286,1.244,1.2441,2.25,1.00
2016.11.17 18:28:51.787,1.244,1.2441,2.25,1.00
2016.11.17 18:28:52.408,1.244,1.2441,2.25,1.00
2016.11.17 18:28:52.916,1.244,1.2441,3.75,1.00
2016.11.17 18:28:53.372,1.24404,1.24411,1.24,1.00
2016.11.17 18:28:53.600,1.24407,1.24417,2.25,1.50
2016.11.17 18:28:54.312,1.24407,1.24417,1.50,1.12
2016.11.17 18:28:54.956,1.24406,1.24412,1.87,1.00
2016.11.17 18:28:55.007,1.24406,1.24413,1.12,1.00
2016.11.17 18:28:55.058,1.24406,1.24411,1.00,1.00
2016.11.17 18:28:55.109,1.24403,1.24411,2.32,1.00
2016.11.17 18:28:55.565,1.24401,1.24411,2.62,1.00
2016.11.17 18:28:56.634,1.24401,1.2441,1.87,1.00
2016.11.17 18:28:57.142,1.244,1.2441,1.37,1.00
2016.11.17 18:28:57.649,1.24402,1.2441,1.12,1.00
2016.11.17 18:28:58.157,1.24403,1.2441,1.00,1.00
2016.11.17 18:28:59.300,1.24402,1.2441,1.00,1.00
2016.11.17 18:28:59.842,1.24401,1.2441,1.00,1.00
2016.11.17 18:29:00.654,1.24401,1.24411,1.50,1.00
2016.11.17 18:29:10.773,1.24403,1.2441,1.00,1.00
2016.11.17 18:29:11.280,1.24402,1.24409,1.00,1.00
2016.11.17 18:29:12.236,1.24402,1.24408,1.00,1.50
2016.11.17 18:29:12.542,1.24391,1.24401,2.25,1.00
2016.11.17 18:29:23.377,1.24391,1.244,1.50,2.25
2016.11.17 18:29:23.682,1.24389,1.24399,1.12,2.62
2016.11.17 18:29:24.941,1.24391,1.24398,1.00,1.00
2016.11.17 18:29:25.195,1.2439,1.244,1.00,1.12
2016.11.17 18:29:28.034,1.2439,1.24399,1.00,2.59
2016.11.17 18:29:28.336,1.24392,1.24399,1.00,1.09
2016.11.17 18:29:31.929,1.2439,1.244,1.00,3.34
2016.11.17 18:29:31.980,1.24392,1.24399,1.00,1.00
2016.11.17 18:29:32.234,1.244,1.2441,1.00,3.37
2016.11.17 18:29:32.610,1.244,1.24406,1.37,1.00
2016.11.17 18:29:32.762,1.24398,1.24408,2.25,1.50
2016.11.17 18:29:32.813,1.24398,1.244,1.37,1.00
2016.11.17 18:29:32.966,1.24394,1.244,4.12,1.00
2016.11.17 18:29:33.068,1.24391,1.244,1.50,1.00
2016.11.17 18:29:34.515,1.24391,1.24398,2.25,1.00
2016.11.17 18:29:34.617,1.24391,1.24398,1.50,1.00
2016.11.17 18:29:36.187,1.24391,1.24393,1.00,1.00
2016.11.17 18:29:36.291,1.2439,1.24394,1.00,1.00
2016.11.17 18:29:36.393,1.24385,1.24392,1.00,1.00
2016.11.17 18:29:36.495,1.24386,1.24389,1.00,1.00
2016.11.17 18:29:36.547,1.24382,1.24388,2.25,1.00
2016.11.17 18:29:36.598,1.24382,1.24388,1.00,1.00
2016.11.17 18:29:36.699,1.2438,1.2439,3.00,1.00
2016.11.17 18:29:37.206,1.2438,1.24389,3.00,1.00
2016.11.17 18:29:37.257,1.24381,1.24389,1.12,1.00
2016.11.17 18:29:40.750,1.2438,1.24389,1.87,1.00
2016.11.17 18:29:40.852,1.2438,1.24389,1.12,1.00
2016.11.17 18:29:41.359,1.2438,1.24389,1.37,1.00
2016.11.17 18:29:43.380,1.2438,1.24389,1.12,1.00
2016.11.17 18:29:44.974,1.2438,1.24389,1.37,1.00
2016.11.17 18:30:01.477,1.24381,1.24387,1.00,1.00
2016.11.17 18:30:01.751,1.24381,1.24389,1.00,1.00
2016.11.17 18:30:13.375,1.2438,1.24388,1.37,1.00
2016.11.17 18:30:17.584,1.2438,1.24387,1.37,1.00
2016.11.17 18:30:22.223,1.24379,1.24382,2.25,1.00
2016.11.17 18:30:22.377,1.24374,1.2438,1.00,1.00
2016.11.17 18:30:22.480,1.24371,1.2438,3.75,1.00
2016.11.17 18:30:22.532,1.24374,1.2438,1.00,1.00
2016.11.17 18:30:22.583,1.24372,1.24379,1.87,1.00
2016.11.17 18:30:22.837,1.24374,1.24379,1.00,1.00
2016.11.17 18:30:23.377,1.24373,1.24378,1.00,1.00
2016.11.17 18:30:24.113,1.24373,1.24379,1.00,1.00
2016.11.17 18:30:24.670,1.24374,1.24379,1.00,1.00
2016.11.17 18:30:27.897,1.24374,1.2438,1.00,1.00
2016.11.17 18:30:29.179,1.24374,1.24379,1.00,1.00
2016.11.17 18:30:33.077,1.24374,1.2438,1.00,1.00
2016.11.17 18:30:34.175,1.24375,1.2438,1.00,1.00
2016.11.17 18:30:39.988,1.24374,1.2438,1.00,1.00
2016.11.17 18:30:40.509,1.24375,1.2438,1.00,1.00
2016.11.17 18:30:41.016,1.24374,1.2438,1.00,1.00
2016.11.17 18:30:43.676,1.24374,1.24382,1.00,1.50
2016.11.17 18:30:44.219,1.24374,1.24382,1.00,1.00
2016.11.17 18:30:48.109,1.24375,1.24382,1.00,1.00
2016.11.17 18:30:48.723,1.24374,1.24382,1.50,1.00
2016.11.17 18:30:49.231,1.24375,1.24382,1.50,1.00
2016.11.17 18:30:51.738,1.24374,1.24382,1.50,1.00
2016.11.17 18:30:52.869,1.24375,1.24382,1.00,1.00
2016.11.17 18:30:55.037,1.24373,1.24382,1.00,1.12
2016.11.17 18:30:55.139,1.24375,1.24382,1.50,1.12
2016.11.17 18:30:55.673,1.24376,1.24382,1.50,1.12
2016.11.17 18:30:56.324,1.24375,1.24382,1.50,1.12
2016.11.17 18:30:56.841,1.24375,1.24381,1.50,1.00
2016.11.17 18:30:57.864,1.24372,1.24381,1.87,1.00
2016.11.17 18:30:57.915,1.24374,1.24381,1.00,1.00
2016.11.17 18:30:57.966,1.24372,1.24381,1.12,1.00
2016.11.17 18:30:58.370,1.24375,1.24381,1.00,1.00
2016.11.17 18:30:58.674,1.24372,1.24381,1.12,1.00
2016.11.17 18:30:58.775,1.24374,1.24381,1.00,1.00
2016.11.17 18:30:58.978,1.24372,1.24381,1.12,1.00
2016.11.17 18:30:59.576,1.24373,1.24382,1.00,3.00
2016.11.17 18:31:04.558,1.24375,1.24382,1.00,1.50
2016.11.17 18:31:06.031,1.24375,1.24383,1.00,2.62
2016.11.17 18:31:09.325,1.24374,1.24383,1.00,3.37
2016.11.17 18:31:09.824,1.24374,1.24382,1.00,1.87
2016.11.17 18:31:12.112,1.24373,1.24382,1.12,1.87
2016.11.17 18:31:15.027,1.24374,1.24382,1.00,1.87
2016.11.17 18:31:19.519,1.24375,1.24383,1.00,1.12
2016.11.17 18:31:19.671,1.24373,1.24383,1.12,1.87
2016.11.17 18:31:19.925,1.24375,1.24382,1.00,1.50
2016.11.17 18:31:20.078,1.24381,1.24387,1.00,1.12
2016.11.17 18:31:20.129,1.24381,1.24391,1.50,1.50
2016.11.17 18:31:20.232,1.24383,1.2439,1.00,1.00
2016.11.17 18:31:20.283,1.24382,1.24392,2.25,1.12
2016.11.17 18:31:20.790,1.24382,1.24391,2.25,1.00
2016.11.17 18:31:22.575,1.24383,1.24391,1.00,1.00
2016.11.17 18:31:22.881,1.24382,1.24389,2.25,1.00
2016.11.17 18:31:23.389,1.24382,1.2439,1.00,1.00
2016.11.17 18:31:26.010,1.24382,1.24389,1.00,1.00
2016.11.17 18:31:31.027,1.24382,1.24391,1.00,1.00
2016.11.17 18:31:31.559,1.24382,1.2439,1.00,1.00
2016.11.17 18:31:40.040,1.24383,1.2439,1.00,1.00
2016.11.17 18:31:44.183,1.24384,1.24391,1.00,1.00
2016.11.17 18:31:44.705,1.24383,1.2439,1.00,1.00
2016.11.17 18:31:44.958,1.24383,1.24392,1.00,2.62
2016.11.17 18:31:45.517,1.24383,1.24391,1.00,1.00
2016.11.17 18:31:46.024,1.24383,1.2439,1.00,1.00
2016.11.17 18:31:46.612,1.24382,1.24391,1.00,1.00
2016.11.17 18:31:49.021,1.24381,1.2439,1.00,1.00
2016.11.17 18:31:49.123,1.2438,1.24383,1.12,1.00
2016.11.17 18:31:49.327,1.24375,1.24382,3.75,1.00
2016.11.17 18:31:49.430,1.24373,1.24382,5.62,1.00
2016.11.17 18:31:50.921,1.24373,1.24381,3.00,1.00
2016.11.17 18:31:52.483,1.24373,1.24382,3.00,1.00
2016.11.17 18:31:52.989,1.24374,1.24382,1.50,1.00
2016.11.17 18:31:53.928,1.24373,1.24382,3.00,1.00
2016.11.17 18:31:58.217,1.24379,1.24383,1.00,1.00
2016.11.17 18:31:58.370,1.24382,1.24386,1.00,1.00
2016.11.17 18:31:58.589,1.24382,1.24389,1.00,1.37
2016.11.17 18:31:59.096,1.24382,1.2439,1.00,2.25
2016.11.17 18:31:59.628,1.24382,1.2439,1.00,1.00
2016.11.17 18:31:59.983,1.24384,1.2439,1.00,1.00
2016.11.17 18:32:00.136,1.24384,1.24393,1.00,1.50
2016.11.17 18:32:01.923,1.24385,1.24393,1.00,1.00
2016.11.17 18:32:03.724,1.24384,1.24393,1.00,1.87
2016.11.17 18:32:04.231,1.24384,1.24391,1.00,1.00
2016.11.17 18:32:04.332,1.24382,1.24391,1.12,1.00
2016.11.17 18:32:04.859,1.24382,1.24391,1.12,1.37
2016.11.17 18:32:13.075,1.24382,1.24389,1.12,1.00
2016.11.17 18:32:13.127,1.24379,1.24385,5.62,1.50
2016.11.17 18:32:13.229,1.24379,1.24384,1.37,1.00
2016.11.17 18:32:13.765,1.24374,1.24383,1.12,1.00
2016.11.17 18:32:14.373,1.24375,1.24383,1.00,1.00
2016.11.17 18:32:14.880,1.24375,1.24382,1.00,1.00
2016.11.17 18:32:21.123,1.24373,1.24382,1.37,1.00
2016.11.17 18:32:21.275,1.24372,1.24381,1.12,1.50
2016.11.17 18:32:32.932,1.24373,1.24381,1.00,1.00
2016.11.17 18:32:33.136,1.2437,1.24379,5.25,1.00
2016.11.17 18:32:33.187,1.2437,1.24379,1.00,1.00
2016.11.17 18:32:33.693,1.24369,1.24378,1.00,1.00
2016.11.17 18:32:33.896,1.24367,1.24376,1.12,1.00
2016.11.17 18:32:34.212,1.24365,1.24372,1.00,1.00
2016.11.17 18:32:38.247,1.24364,1.24371,1.00,1.00
2016.11.17 18:32:38.400,1.24362,1.24371,1.00,1.00
2016.11.17 18:32:40.029,1.24363,1.2437,1.00,1.00
2016.11.17 18:32:48.619,1.24361,1.2437,1.00,1.00
2016.11.17 18:32:57.025,1.24359,1.24368,1.87,1.00
2016.11.17 18:32:57.546,1.2436,1.24369,1.00,1.00
2016.11.17 18:33:01.358,1.24368,1.24372,1.00,1.00
2016.11.17 18:33:01.665,1.24372,1.24378,1.00,1.50
2016.11.17 18:33:01.716,1.24372,1.24378,1.00,1.00
2016.11.17 18:33:01.818,1.24372,1.2438,1.00,1.00
2016.11.17 18:33:02.172,1.24369,1.24374,1.00,1.00
2016.11.17 18:33:02.223,1.24368,1.24376,1.87,1.50
2016.11.17 18:33:02.325,1.24367,1.24374,1.50,1.00
2016.11.17 18:33:02.427,1.24364,1.24374,1.12,2.62
2016.11.17 18:33:08.571,1.24364,1.24374,1.00,2.62
2016.11.17 18:33:09.108,1.24365,1.24372,1.00,1.00
2016.11.17 18:33:11.214,1.24364,1.24373,1.00,2.62
2016.11.17 18:33:13.609,1.24363,1.24373,1.00,3.37
2016.11.17 18:33:15.505,1.24361,1.24371,1.50,1.00
2016.11.17 18:33:19.867,1.24363,1.24371,1.25,1.87
2016.11.17 18:33:20.172,1.2437,1.24379,1.00,2.25
2016.11.17 18:33:20.698,1.2437,1.24379,1.00,1.00
2016.11.17 18:33:21.906,1.2437,1.24375,1.00,1.00
2016.11.17 18:33:22.059,1.24365,1.24374,1.87,1.00
2016.11.17 18:33:22.161,1.24365,1.24374,1.00,1.00
2016.11.17 18:33:22.416,1.24365,1.24374,1.00,1.75
2016.11.17 18:33:22.973,1.24367,1.24375,1.00,3.75
2016.11.17 18:33:23.176,1.24367,1.24375,1.00,1.12
2016.11.17 18:33:23.480,1.24365,1.24374,1.00,1.00
2016.11.17 18:33:24.014,1.24364,1.24374,1.00,1.50
2016.11.17 18:33:27.093,1.24363,1.24373,1.00,1.50
2016.11.17 18:33:27.599,1.24363,1.24372,1.00,1.12
2016.11.17 18:33:32.040,1.24366,1.24373,1.00,1.37
2016.11.17 18:33:32.304,1.24368,1.24376,1.00,1.12
2016.11.17 18:33:32.709,1.24366,1.24375,1.12,1.87
2016.11.17 18:33:32.760,1.24364,1.24374,1.00,1.00
2016.11.17 18:33:33.267,1.24364,1.24373,1.00,1.50
2016.11.17 18:33:33.786,1.24364,1.24373,1.00,1.87
2016.11.17 18:33:40.620,1.24362,1.24372,1.12,1.12
2016.11.17 18:33:41.411,1.24363,1.24372,1.00,1.12
2016.11.17 18:33:41.918,1.24362,1.24372,1.12,1.12
2016.11.17 18:33:42.324,1.24361,1.2437,2.25,1.00
2016.11.17 18:33:51.453,1.24361,1.24369,1.37,1.00
2016.11.17 18:33:51.757,1.2436,1.24367,1.00,1.00
2016.11.17 18:33:52.519,1.24358,1.24363,1.00,1.00
2016.11.17 18:33:52.723,1.2435,1.24359,2.25,1.00
2016.11.17 18:33:53.230,1.24351,1.2436,1.50,1.00
2016.11.17 18:34:00.304,1.2435,1.24354,1.50,1.00
2016.11.17 18:34:00.406,1.24348,1.24357,1.12,1.87
2016.11.17 18:34:01.173,1.24347,1.24355,1.37,1.00
2016.11.17 18:34:04.959,1.24346,1.24352,1.50,1.50
2016.11.17 18:34:05.163,1.2434,1.24349,3.75,1.00
2016.11.17 18:34:05.669,1.2434,1.2435,3.75,1.00
2016.11.17 18:34:06.521,1.2434,1.24347,1.75,1.00
2016.11.17 18:34:07.028,1.24341,1.24347,1.00,1.00
2016.11.17 18:34:08.773,1.2434,1.24347,1.75,1.00
2016.11.17 18:34:09.766,1.2434,1.2435,1.12,1.00
2016.11.17 18:34:10.273,1.2434,1.2435,2.25,1.00
2016.11.17 18:34:11.003,1.24341,1.24349,1.00,1.00
2016.11.17 18:34:13.764,1.24339,1.24349,1.87,1.37
2016.11.17 18:34:14.342,1.24339,1.24349,1.87,1.00
2016.11.17 18:34:14.861,1.24341,1.24348,1.12,1.00
2016.11.17 18:34:15.317,1.24341,1.2435,1.12,1.00
2016.11.17 18:34:16.479,1.2434,1.24348,2.25,1.00
2016.11.17 18:34:17.001,1.2434,1.24348,1.87,1.00
2016.11.17 18:34:21.389,1.2434,1.24349,1.87,1.00
2016.11.17 18:34:26.586,1.24341,1.24351,1.12,1.00
2016.11.17 18:34:27.093,1.24342,1.24351,1.12,1.00
2016.11.17 18:34:27.925,1.24341,1.2435,1.87,1.00
2016.11.17 18:34:28.026,1.24341,1.24348,1.87,1.00
2016.11.17 18:34:28.361,1.24331,1.24338,1.87,1.00
2016.11.17 18:34:28.414,1.2433,1.24338,1.37,1.00
2016.11.17 18:34:29.022,1.2433,1.24338,1.37,1.00
2016.11.17 18:34:30.979,1.2433,1.24339,1.87,1.00
2016.11.17 18:34:32.874,1.2433,1.24339,1.87,1.00
2016.11.17 18:34:33.379,1.2433,1.24339,1.87,1.00
2016.11.17 18:34:35.534,1.2433,1.24338,1.87,1.00
2016.11.17 18:34:35.737,1.2433,1.24337,1.12,1.37
2016.11.17 18:34:36.042,1.2433,1.24339,1.50,1.37
2016.11.17 18:34:36.525,1.24331,1.24339,1.87,1.37
2016.11.17 18:34:37.923,1.24331,1.24341,1.87,2.25
2016.11.17 18:34:38.632,1.24333,1.2434,1.30,1.37
2016.11.17 18:34:39.138,1.24334,1.24343,1.87,1.75
2016.11.17 18:34:39.560,1.24333,1.2434,1.50,1.50
2016.11.17 18:34:40.097,1.24332,1.2434,1.00,2.25
2016.11.17 18:34:40.620,1.24332,1.2434,1.00,1.00
2016.11.17 18:34:41.126,1.24331,1.2434,1.50,1.00
2016.11.17 18:34:41.768,1.24331,1.24341,1.50,1.00
2016.11.17 18:34:47.422,1.24332,1.24341,1.00,1.00
2016.11.17 18:34:48.056,1.24337,1.24343,1.00,2.25
2016.11.17 18:34:48.158,1.24338,1.24345,1.12,1.00
2016.11.17 18:34:48.260,1.24338,1.24348,2.25,3.00
2016.11.17 18:34:48.805,1.24338,1.24348,3.75,1.87
2016.11.17 18:34:49.311,1.24338,1.24348,3.75,1.12
2016.11.17 18:34:49.923,1.24338,1.24348,4.12,1.00
2016.11.17 18:34:52.318,1.24339,1.24349,1.50,1.00
2016.11.17 18:34:52.825,1.24343,1.2435,1.00,1.12
2016.11.17 18:34:53.050,1.24345,1.24353,1.00,1.00
2016.11.17 18:34:53.557,1.24345,1.24354,1.37,1.00
2016.11.17 18:34:54.318,1.24345,1.24353,1.37,1.00
2016.11.17 18:34:54.422,1.24343,1.24351,4.50,1.00
2016.11.17 18:34:54.646,1.24342,1.24349,3.37,1.00
2016.11.17 18:34:54.748,1.24342,1.24351,2.62,1.00
2016.11.17 18:34:54.850,1.24342,1.24349,3.37,1.00
2016.11.17 18:34:56.512,1.2434,1.24348,3.00,1.00
2016.11.17 18:34:56.665,1.2434,1.24349,1.50,1.00
2016.11.17 18:34:57.172,1.2434,1.24348,1.50,1.00
2016.11.17 18:34:57.691,1.2434,1.24347,1.00,1.00
2016.11.17 18:34:58.197,1.2434,1.24348,1.00,1.00
2016.11.17 18:34:58.723,1.2434,1.24347,1.00,1.00
2016.11.17 18:34:59.229,1.2434,1.24348,1.00,1.12
2016.11.17 18:34:59.749,1.2434,1.24347,1.00,1.87
2016.11.17 18:35:01.781,1.2434,1.24342,1.00,1.00
2016.11.17 18:35:01.882,1.24338,1.24343,1.00,1.00
2016.11.17 18:35:01.934,1.24338,1.2434,1.00,1.00
2016.11.17 18:35:01.985,1.24333,1.2434,4.87,1.00
2016.11.17 18:35:02.086,1.24332,1.2434,1.37,1.00
2016.11.17 18:35:02.544,1.24331,1.2434,1.00,1.00
2016.11.17 18:35:03.088,1.24331,1.24338,1.12,1.00
2016.11.17 18:35:08.508,1.24329,1.24338,1.50,1.00
2016.11.17 18:35:09.015,1.24327,1.24337,2.62,1.00
2016.11.17 18:35:15.114,1.24329,1.24339,1.00,1.00
2016.11.17 18:35:15.644,1.2433,1.2434,2.25,1.00
2016.11.17 18:35:21.787,1.2433,1.24337,2.25,1.00
2016.11.17 18:35:21.839,1.2433,1.24339,1.50,1.00
2016.11.17 18:35:22.346,1.2433,1.24338,1.12,1.00
2016.11.17 18:35:22.870,1.2433,1.24338,1.50,1.00
2016.11.17 18:35:28.041,1.24329,1.24337,2.25,1.00
2016.11.17 18:35:29.866,1.24329,1.24339,2.25,1.05
2016.11.17 18:35:30.373,1.24329,1.24338,1.75,1.00
2016.11.17 18:35:32.923,1.24329,1.24339,2.62,1.05
2016.11.17 18:35:33.431,1.2433,1.2434,1.50,1.00
2016.11.17 18:35:34.582,1.2433,1.24339,1.87,1.00
2016.11.17 18:35:37.401,1.2433,1.24338,2.62,1.00
2016.11.17 18:35:37.908,1.24329,1.24339,1.50,1.00
2016.11.17 18:35:39.230,1.2433,1.2434,1.12,1.00
2016.11.17 18:35:39.281,1.24332,1.2434,1.00,1.00
2016.11.17 18:35:42.557,1.24332,1.24341,1.50,1.00
2016.11.17 18:35:44.167,1.24332,1.24341,1.87,1.00
2016.11.17 18:35:44.381,1.24338,1.24348,1.37,1.12
2016.11.17 18:35:50.609,1.24338,1.24348,1.12,1.00
2016.11.17 18:35:50.712,1.24337,1.24341,1.37,1.00
2016.11.17 18:35:50.815,1.24334,1.24341,1.50,1.00
2016.11.17 18:35:50.917,1.24331,1.24341,3.37,1.00
2016.11.17 18:35:51.450,1.24331,1.24341,1.50,1.00
2016.11.17 18:35:51.653,1.24332,1.24339,1.12,1.00
2016.11.17 18:35:52.161,1.24331,1.2434,1.50,1.00
2016.11.17 18:35:57.879,1.2433,1.24339,2.25,1.00
2016.11.17 18:35:58.663,1.24329,1.24339,2.25,1.00
2016.11.17 18:35:59.170,1.24329,1.24337,2.25,1.00
2016.11.17 18:35:59.677,1.24329,1.24337,1.37,1.00
2016.11.17 18:36:02.187,1.24329,1.24334,1.37,1.00
2016.11.17 18:36:02.289,1.24329,1.24337,1.37,1.00
2016.11.17 18:36:04.323,1.24332,1.24339,1.00,1.87
2016.11.17 18:36:04.870,1.24332,1.24338,1.00,1.87
2016.11.17 18:36:08.680,1.24332,1.2434,1.00,1.87
2016.11.17 18:36:12.125,1.24334,1.2434,1.00,1.87
2016.11.17 18:36:15.535,1.24343,1.24345,1.12,7.50
2016.11.17 18:36:15.587,1.24344,1.24346,2.62,6.74
2016.11.17 18:36:15.638,1.24345,1.24347,1.00,5.62
2016.11.17 18:36:15.689,1.24347,1.24348,1.00,4.12
2016.11.17 18:36:15.741,1.24346,1.2435,1.00,2.25
2016.11.17 18:36:15.843,1.24347,1.24352,1.00,1.00
2016.11.17 18:36:15.995,1.24346,1.24354,1.00,2.62
2016.11.17 18:36:16.501,1.24346,1.24353,1.00,2.62
2016.11.17 18:36:17.781,1.24346,1.24352,1.00,1.12
2016.11.17 18:36:18.326,1.24346,1.24353,1.00,4.87
2016.11.17 18:36:18.832,1.24346,1.24353,1.00,2.62
2016.11.17 18:36:19.389,1.24346,1.24354,1.00,3.75
2016.11.17 18:36:19.795,1.24348,1.24354,1.00,1.00
2016.11.17 18:36:20.302,1.24346,1.24354,1.00,2.25
2016.11.17 18:36:21.172,1.24346,1.24353,1.00,1.12
2016.11.17 18:36:22.017,1.24346,1.24355,1.00,4.50
2016.11.17 18:36:22.625,1.24346,1.24355,1.00,4.50
2016.11.17 18:36:23.133,1.24347,1.24354,1.00,1.50
2016.11.17 18:36:23.640,1.24346,1.24354,1.00,1.50
2016.11.17 18:36:25.486,1.24346,1.24354,1.00,3.00
2016.11.17 18:36:29.822,1.24346,1.24354,1.00,2.62
2016.11.17 18:36:30.025,1.24344,1.24353,1.00,3.37
2016.11.17 18:36:30.532,1.24344,1.24352,1.00,1.00
2016.11.17 18:36:31.150,1.24345,1.24353,1.00,2.25
2016.11.17 18:36:38.791,1.24345,1.24353,1.00,1.50
2016.11.17 18:36:40.172,1.24344,1.24353,1.00,3.75
2016.11.17 18:36:40.830,1.24345,1.24353,1.00,1.87
2016.11.17 18:36:41.507,1.24345,1.24352,1.00,1.00
2016.11.17 18:36:42.370,1.24344,1.24353,1.00,1.00
2016.11.17 18:36:42.881,1.24345,1.24353,1.00,1.00
2016.11.17 18:36:46.438,1.24344,1.24354,1.00,3.75
2016.11.17 18:36:50.407,1.2435,1.24354,1.00,1.50
2016.11.17 18:36:50.510,1.24353,1.24358,1.00,2.62
2016.11.17 18:36:50.612,1.24353,1.24361,1.00,1.00
2016.11.17 18:36:52.812,1.24354,1.24361,1.00,1.12
2016.11.17 18:36:56.281,1.24353,1.24361,1.00,1.87
2016.11.17 18:36:58.576,1.24352,1.24356,1.00,1.37
2016.11.17 18:36:58.629,1.24349,1.24353,1.00,1.00
2016.11.17 18:36:58.781,1.24344,1.24353,1.00,1.50
2016.11.17 18:36:58.985,1.24343,1.24353,1.00,1.87
2016.11.17 18:37:00.503,1.24343,1.24352,1.00,4.12
2016.11.17 18:37:01.249,1.24343,1.24351,1.00,1.12
2016.11.17 18:37:02.237,1.24343,1.24352,1.00,1.12
2016.11.17 18:37:03.668,1.24343,1.24351,1.00,1.12
2016.11.17 18:37:04.173,1.24343,1.24352,1.00,1.87
2016.11.17 18:37:04.976,1.24344,1.24352,1.00,2.25
2016.11.17 18:37:06.436,1.2435,1.24356,1.00,3.00
2016.11.17 18:37:06.538,1.24351,1.24358,1.00,1.12
2016.11.17 18:37:06.944,1.24351,1.24361,1.00,3.00
2016.11.17 18:37:07.767,1.24349,1.24352,1.12,1.00
2016.11.17 18:37:08.156,1.24325,1.24334,1.00,4.46
2016.11.17 18:37:08.714,1.24325,1.24335,1.00,8.62
2016.11.17 18:37:08.815,1.24331,1.24335,1.00,1.87
2016.11.17 18:37:08.968,1.24333,1.2434,1.00,4.50
2016.11.17 18:37:09.071,1.24334,1.24341,1.00,1.37
2016.11.17 18:37:09.223,1.24334,1.24343,1.00,1.00
2016.11.17 18:37:10.847,1.24332,1.24342,1.00,1.00
2016.11.17 18:37:11.353,1.24333,1.24342,1.00,1.12
2016.11.17 18:37:14.620,1.24332,1.24342,1.00,3.00
2016.11.17 18:37:15.761,1.24331,1.24341,1.12,1.00
2016.11.17 18:37:15.812,1.2433,1.24336,1.37,2.25
2016.11.17 18:37:15.863,1.24329,1.24336,1.00,1.50
2016.11.17 18:37:15.965,1.24326,1.24335,1.00,1.12
2016.11.17 18:37:16.067,1.24328,1.24336,1.00,1.00
2016.11.17 18:37:16.168,1.24328,1.24338,1.00,3.00
2016.11.17 18:37:17.422,1.24329,1.24339,1.00,3.37
2016.11.17 18:37:17.473,1.24331,1.2434,1.00,4.12
2016.11.17 18:37:21.368,1.24332,1.24342,1.00,10.12
2016.11.17 18:37:21.875,1.24332,1.24342,1.00,4.50
2016.11.17 18:37:26.459,1.24333,1.24341,1.00,1.12
2016.11.17 18:37:39.103,1.24332,1.24341,1.00,1.00
2016.11.17 18:37:40.332,1.2433,1.24332,1.50,1.19
2016.11.17 18:37:40.485,1.2432,1.24323,1.00,1.00
2016.11.17 18:37:40.536,1.24319,1.24321,3.75,1.00
2016.11.17 18:37:40.638,1.24316,1.2432,3.75,1.00
2016.11.17 18:37:40.789,1.24312,1.24321,1.00,1.00
2016.11.17 18:37:41.295,1.24311,1.24321,1.00,1.12
2016.11.17 18:37:41.802,1.24312,1.24322,1.00,1.00
2016.11.17 18:37:42.308,1.24311,1.24321,1.12,1.00
2016.11.17 18:37:46.621,1.24316,1.24323,2.25,1.00
2016.11.17 18:37:46.823,1.24316,1.24326,1.00,1.12
2016.11.17 18:37:47.365,1.24317,1.24327,1.00,1.12
2016.11.17 18:37:47.921,1.24317,1.24326,1.00,1.00
2016.11.17 18:37:48.175,1.24315,1.24323,1.12,1.00
2016.11.17 18:37:48.327,1.24312,1.24322,1.37,1.00
2016.11.17 18:37:48.849,1.24312,1.24322,1.00,1.00
2016.11.17 18:37:50.521,1.24311,1.24321,1.87,1.00
2016.11.17 18:37:50.791,1.24309,1.24319,1.50,1.00
2016.11.17 18:37:50.842,1.24309,1.24319,1.50,1.00
2016.11.17 18:37:51.350,1.24308,1.24318,2.25,1.00
2016.11.17 18:37:52.528,1.24308,1.24312,1.12,1.00
2016.11.17 18:37:52.731,1.24303,1.24312,1.00,1.00
2016.11.17 18:37:53.086,1.24304,1.24314,2.62,1.00
2016.11.17 18:37:53.593,1.24304,1.24312,1.00,1.00
2016.11.17 18:37:53.956,1.24305,1.24315,1.00,1.87
2016.11.17 18:37:54.463,1.24306,1.24315,1.00,1.00
2016.11.17 18:37:56.049,1.24305,1.24311,1.87,1.00
2016.11.17 18:37:56.356,1.24297,1.24302,3.75,1.00
2016.11.17 18:37:56.408,1.24295,1.24302,1.00,1.00
2016.11.17 18:37:56.459,1.24296,1.24306,1.12,2.62
2016.11.17 18:37:56.510,1.24298,1.24306,1.50,1.50
2016.11.17 18:37:56.947,1.24298,1.24307,1.87,1.00
2016.11.17 18:37:56.999,1.243,1.24308,1.12,1.00
2016.11.17 18:37:57.304,1.24298,1.24301,1.00,1.00
2016.11.17 18:37:57.355,1.24294,1.24301,1.50,1.00
2016.11.17 18:37:57.406,1.24296,1.24303,1.00,1.00
2016.11.17 18:37:57.711,1.24299,1.24309,1.87,1.00
2016.11.17 18:37:57.763,1.243,1.24307,1.00,1.00
2016.11.17 18:37:58.310,1.24299,1.24308,1.12,1.00
2016.11.17 18:37:59.577,1.243,1.24308,1.00,1.00
2016.11.17 18:37:59.979,1.24299,1.24305,1.00,1.00
2016.11.17 18:38:00.284,1.24297,1.24299,1.00,1.00
2016.11.17 18:38:00.489,1.24297,1.24302,1.00,1.00
2016.11.17 18:38:00.540,1.24295,1.24304,1.00,1.12
2016.11.17 18:38:00.591,1.24295,1.24302,1.00,1.00
2016.11.17 18:38:01.121,1.24294,1.24303,1.87,1.00
2016.11.17 18:38:01.324,1.24295,1.24305,1.12,1.00
2016.11.17 18:38:01.680,1.24296,1.24306,1.37,1.00
2016.11.17 18:38:03.718,1.24297,1.24305,1.50,1.00
2016.11.17 18:38:04.124,1.24298,1.24306,1.37,1.00
2016.11.17 18:38:04.628,1.24298,1.24306,1.12,1.00
2016.11.17 18:38:06.874,1.24297,1.24304,1.12,1.00
2016.11.17 18:38:07.660,1.24297,1.24303,1.00,1.00
2016.11.17 18:38:07.838,1.24293,1.24303,1.50,1.00
2016.11.17 18:38:07.889,1.24292,1.24302,1.50,1.00
2016.11.17 18:38:08.041,1.24292,1.24302,3.00,1.00
2016.11.17 18:38:08.346,1.24293,1.243,1.12,1.00
2016.11.17 18:38:08.448,1.24292,1.24302,1.42,1.00
2016.11.17 18:38:09.106,1.24294,1.24302,1.05,1.00
2016.11.17 18:38:09.863,1.24296,1.24304,1.12,1.00
2016.11.17 18:38:10.168,1.24294,1.24302,1.87,1.00
2016.11.17 18:38:10.675,1.24293,1.24301,3.00,1.00
2016.11.17 18:38:11.167,1.24292,1.24301,1.50,1.00
2016.11.17 18:38:11.320,1.24292,1.24299,1.50,1.00
2016.11.17 18:38:11.827,1.24291,1.24301,3.00,1.00
2016.11.17 18:38:12.336,1.24293,1.24301,1.75,1.00
2016.11.17 18:38:13.004,1.24299,1.24305,1.00,4.12
2016.11.17 18:38:13.258,1.24305,1.24313,1.00,1.50
2016.11.17 18:38:13.765,1.24306,1.24313,1.50,1.00
2016.11.17 18:38:13.918,1.24306,1.24315,1.50,1.00
2016.11.17 18:38:16.112,1.24308,1.24318,1.00,1.87
2016.11.17 18:38:16.428,1.2431,1.24319,1.12,1.00
2016.11.17 18:38:16.733,1.24304,1.24312,1.75,1.00
2016.11.17 18:38:16.785,1.24304,1.24312,1.00,1.00
2016.11.17 18:38:17.038,1.24304,1.24314,1.50,1.50
2016.11.17 18:38:17.444,1.24304,1.24314,2.62,1.00
2016.11.17 18:38:17.969,1.24309,1.24317,1.12,1.00
2016.11.17 18:38:18.020,1.24309,1.24319,1.87,1.12
2016.11.17 18:38:18.173,1.24311,1.24319,1.12,1.00
2016.11.17 18:38:18.933,1.24311,1.2432,2.62,1.00
2016.11.17 18:38:19.238,1.24311,1.24318,1.12,1.00
2016.11.17 18:38:19.569,1.24303,1.24312,1.37,1.00
2016.11.17 18:38:19.924,1.24302,1.2431,1.87,1.00
2016.11.17 18:38:20.553,1.24302,1.2431,1.00,1.00
2016.11.17 18:38:20.984,1.24302,1.2431,1.87,1.00
2016.11.17 18:38:21.086,1.24306,1.24313,1.00,1.00
2016.11.17 18:38:21.382,1.24305,1.24315,2.62,1.00
2016.11.17 18:38:21.889,1.24308,1.24316,1.00,1.00
2016.11.17 18:38:21.991,1.24308,1.24318,1.50,1.00
2016.11.17 18:38:22.093,1.24308,1.24318,2.25,1.00
2016.11.17 18:38:23.879,1.2431,1.24319,1.00,1.12
2016.11.17 18:38:30.805,1.24315,1.2432,1.00,1.87
2016.11.17 18:38:30.856,1.24314,1.24322,1.00,1.87
2016.11.17 18:38:30.919,1.24316,1.24324,1.87,1.87
2016.11.17 18:38:31.224,1.24318,1.24326,1.50,1.00
2016.11.17 18:38:31.275,1.24318,1.24328,2.25,1.00
2016.11.17 18:38:31.581,1.24315,1.2432,1.87,1.00
2016.11.17 18:38:31.771,1.24311,1.24319,1.12,1.00
2016.11.17 18:38:39.950,1.2431,1.24319,2.62,1.00
2016.11.17 18:38:40.471,1.2431,1.2432,2.62,1.00
2016.11.17 18:38:41.473,1.2431,1.2432,2.25,1.00
2016.11.17 18:38:42.638,1.2431,1.2432,1.50,1.00
2016.11.17 18:38:43.765,1.24311,1.24321,1.00,1.00
2016.11.17 18:38:43.816,1.24317,1.24323,1.00,3.37
2016.11.17 18:38:44.037,1.24319,1.24326,1.00,1.00
2016.11.17 18:38:44.239,1.24318,1.24328,1.87,1.00
2016.11.17 18:38:44.341,1.24318,1.24328,2.25,1.00
2016.11.17 18:38:49.528,1.24319,1.24329,1.50,1.00
2016.11.17 18:38:49.869,1.24319,1.24327,1.87,1.00
2016.11.17 18:38:52.209,1.24318,1.24321,1.12,1.00
2016.11.17 18:38:52.262,1.24316,1.2432,1.00,1.00
2016.11.17 18:38:52.365,1.2431,1.24319,2.06,1.00
2016.11.17 18:38:52.872,1.24309,1.24319,3.56,1.00
2016.11.17 18:38:56.922,1.24309,1.24318,3.56,1.00
2016.11.17 18:38:57.958,1.24309,1.24318,2.25,1.00
2016.11.17 18:38:58.470,1.24309,1.24318,1.00,1.00
2016.11.17 18:38:59.856,1.24309,1.24319,2.25,1.00
2016.11.17 18:39:00.990,1.24309,1.24319,1.12,1.00
2016.11.17 18:39:01.705,1.24312,1.24321,1.00,1.12
2016.11.17 18:39:02.245,1.24311,1.2432,1.37,1.00
2016.11.17 18:39:02.880,1.24311,1.24318,2.62,1.00
2016.11.17 18:39:03.032,1.24309,1.24319,3.00,1.00
2016.11.17 18:39:04.270,1.24309,1.24319,3.00,1.00
2016.11.17 18:39:07.168,1.24309,1.24317,2.25,1.00
2016.11.17 18:39:07.573,1.24309,1.24319,1.00,1.00
2016.11.17 18:39:07.777,1.2431,1.24317,1.00,1.00
2016.11.17 18:39:09.274,1.2431,1.24317,1.37,1.00
2016.11.17 18:39:11.406,1.2431,1.24318,1.37,1.00
2016.11.17 18:39:11.813,1.24309,1.24318,4.12,1.00
2016.11.17 18:39:11.864,1.24309,1.24316,3.37,1.00
2016.11.17 18:39:12.118,1.24309,1.24318,1.12,1.00
2016.11.17 18:39:14.167,1.24308,1.24313,1.87,1.00
2016.11.17 18:39:20.757,1.24308,1.24311,1.87,2.25
2016.11.17 18:39:20.808,1.24306,1.24309,1.12,1.50
2016.11.17 18:39:20.910,1.243,1.24303,1.50,1.00
2016.11.17 18:39:20.961,1.243,1.24303,1.00,1.00
2016.11.17 18:39:21.367,1.24298,1.24302,1.37,1.00
2016.11.17 18:39:21.418,1.24298,1.24302,1.37,1.00
2016.11.17 18:39:22.088,1.24297,1.24301,1.75,1.00
2016.11.17 18:39:22.139,1.24297,1.24301,1.12,1.00
2016.11.17 18:39:22.508,1.24297,1.24303,1.50,1.00
2016.11.17 18:39:23.776,1.24298,1.24302,1.00,1.00
2016.11.17 18:39:23.828,1.24297,1.24301,1.87,1.00
2016.11.17 18:39:24.032,1.24293,1.24298,1.12,1.00
2016.11.17 18:39:24.135,1.24294,1.24297,1.00,1.00
2016.11.17 18:39:24.390,1.24292,1.24296,1.50,1.00
2016.11.17 18:39:24.927,1.24291,1.24295,1.37,1.00
2016.11.17 18:39:25.434,1.24291,1.24295,1.00,1.00
2016.11.17 18:39:25.946,1.2429,1.24295,1.00,1.00
2016.11.17 18:39:26.300,1.24288,1.24293,2.62,1.00
2016.11.17 18:39:26.848,1.24288,1.24293,1.37,1.00
2016.11.17 18:39:28.031,1.24288,1.24292,1.87,1.00
2016.11.17 18:39:28.565,1.24287,1.24292,2.25,1.00
2016.11.17 18:39:30.231,1.24287,1.24293,4.87,1.00
2016.11.17 18:39:31.316,1.24287,1.24292,3.37,1.00
2016.11.17 18:39:31.853,1.24287,1.24293,1.12,1.00
2016.11.17 18:39:35.178,1.24287,1.24296,5.25,1.00
2016.11.17 18:39:35.711,1.24288,1.24296,1.00,1.00
2016.11.17 18:39:36.217,1.24289,1.24297,2.25,1.00
2016.11.17 18:39:37.524,1.24296,1.24301,1.00,1.00
2016.11.17 18:39:37.727,1.24299,1.24308,1.09,1.50
2016.11.17 18:39:38.234,1.24299,1.24308,1.37,1.00
2016.11.17 18:39:38.908,1.243,1.24307,1.12,1.00
2016.11.17 18:39:39.414,1.24297,1.24307,2.25,1.00
2016.11.17 18:39:39.566,1.24297,1.243,1.75,1.00
2016.11.17 18:39:39.770,1.24286,1.24288,1.00,1.00
2016.11.17 18:39:39.872,1.24282,1.24289,2.62,1.00
2016.11.17 18:39:39.923,1.24284,1.24288,1.20,1.00
2016.11.17 18:39:39.974,1.24285,1.24293,1.00,3.37
2016.11.17 18:39:40.025,1.24285,1.2429,2.62,1.00
2016.11.17 18:39:40.128,1.24286,1.24295,1.00,1.50
2016.11.17 18:39:40.382,1.24287,1.24295,3.37,1.00
2016.11.17 18:39:42.587,1.24287,1.24295,3.37,1.00
2016.11.17 18:39:44.517,1.24296,1.24297,1.00,1.00
2016.11.17 18:39:44.569,1.24294,1.24298,1.00,1.00
2016.11.17 18:39:44.622,1.24292,1.24297,1.50,1.00
2016.11.17 18:39:44.673,1.24294,1.24299,1.50,1.00
2016.11.17 18:39:44.775,1.24292,1.24299,1.12,1.00
2016.11.17 18:39:44.936,1.24292,1.24296,1.12,1.00
2016.11.17 18:39:45.443,1.24289,1.24296,2.62,1.00
2016.11.17 18:39:49.961,1.24289,1.24297,2.62,1.00
2016.11.17 18:39:50.066,1.24288,1.24297,1.50,1.00
2016.11.17 18:39:53.272,1.24288,1.24297,1.00,1.00
2016.11.17 18:39:53.800,1.24287,1.24297,3.75,1.00
2016.11.17 18:39:54.059,1.24287,1.24289,1.50,1.00
2016.11.17 18:39:54.110,1.24287,1.24291,1.50,1.00
2016.11.17 18:39:54.212,1.24282,1.24289,1.50,1.00
2016.11.17 18:39:54.264,1.24282,1.24287,1.00,1.00
2016.11.17 18:39:54.417,1.24279,1.24286,1.00,1.00
2016.11.17 18:39:58.196,1.24278,1.24286,1.00,1.00
2016.11.17 18:40:00.921,1.24276,1.2428,1.50,1.00
2016.11.17 18:40:01.074,1.24275,1.24281,1.00,1.50
2016.11.17 18:40:01.228,1.24274,1.24283,2.25,1.12
2016.11.17 18:40:01.687,1.24273,1.2428,1.50,1.00
2016.11.17 18:40:01.890,1.2427,1.24278,1.00,1.00
2016.11.17 18:40:02.405,1.2427,1.24279,1.87,1.00
2016.11.17 18:40:02.560,1.24274,1.24282,1.31,1.00
2016.11.17 18:40:02.712,1.24275,1.24285,1.12,1.50
2016.11.17 18:40:03.219,1.24275,1.24285,1.00,1.00
2016.11.17 18:40:03.918,1.24273,1.2428,1.37,1.00
2016.11.17 18:40:04.180,1.24269,1.24277,2.62,1.00
2016.11.17 18:40:04.686,1.24269,1.24277,1.50,1.00
2016.11.17 18:40:10.227,1.24269,1.24277,1.50,1.00
2016.11.17 18:40:10.431,1.24268,1.24272,1.12,1.00
2016.11.17 18:40:10.547,1.24264,1.24273,1.87,1.50
2016.11.17 18:40:10.598,1.24264,1.24273,1.00,1.00
2016.11.17 18:40:10.649,1.24265,1.24272,1.37,1.00
2016.11.17 18:40:11.054,1.24263,1.2427,2.25,1.00
2016.11.17 18:40:12.502,1.24266,1.24273,1.00,1.00
2016.11.17 18:40:12.553,1.24265,1.24275,1.00,3.75
2016.11.17 18:40:13.060,1.24266,1.24275,1.12,1.00
2016.11.17 18:40:13.568,1.24265,1.24274,1.50,1.00
2016.11.17 18:40:14.705,1.24264,1.24268,1.87,1.00
2016.11.17 18:40:14.858,1.24263,1.24268,1.00,1.00
2016.11.17 18:40:14.960,1.24261,1.24268,1.12,1.00
2016.11.17 18:40:15.825,1.24266,1.24272,1.50,1.00
2016.11.17 18:40:15.927,1.24267,1.24275,1.50,1.12
2016.11.17 18:40:16.434,1.24267,1.24276,1.50,1.00
2016.11.17 18:40:17.145,1.24266,1.24275,1.75,1.00
2016.11.17 18:40:17.348,1.24265,1.24274,1.12,1.00
2016.11.17 18:40:17.869,1.24266,1.24274,1.00,1.00
2016.11.17 18:40:19.139,1.24265,1.24274,1.50,1.00
2016.11.17 18:40:22.309,1.24265,1.24268,1.00,1.00
2016.11.17 18:40:22.555,1.24252,1.24259,1.50,1.00
2016.11.17 18:40:22.659,1.2425,1.24258,2.25,1.00
2016.11.17 18:40:23.116,1.24251,1.24259,2.25,1.00
2016.11.17 18:40:23.625,1.24251,1.24259,1.12,1.00
2016.11.17 18:40:23.929,1.24254,1.24259,1.00,1.00
2016.11.17 18:40:26.864,1.24254,1.24261,1.00,1.12
2016.11.17 18:40:27.372,1.24255,1.24262,1.37,1.00
2016.11.17 18:40:27.877,1.24255,1.24262,1.00,1.00
2016.11.17 18:40:28.586,1.24253,1.24263,1.00,2.62
2016.11.17 18:40:28.689,1.24255,1.24264,1.00,1.37
2016.11.17 18:40:28.892,1.2426,1.24271,1.87,1.12
2016.11.17 18:40:29.399,1.24261,1.24271,1.50,1.12
2016.11.17 18:40:30.861,1.2426,1.24269,1.12,1.00
2016.11.17 18:40:31.166,1.24257,1.24264,2.25,1.00
2016.11.17 18:40:31.217,1.24256,1.24263,1.37,1.00
2016.11.17 18:40:31.444,1.24259,1.24265,1.00,1.00
2016.11.17 18:40:31.495,1.24261,1.2427,1.00,1.37
2016.11.17 18:40:33.987,1.2426,1.24269,1.00,1.50
2016.11.17 18:40:35.082,1.2426,1.24268,1.00,1.00
2016.11.17 18:40:37.744,1.2426,1.24267,1.00,1.00
2016.11.17 18:40:38.251,1.24261,1.24268,1.00,1.50
2016.11.17 18:40:39.420,1.24261,1.24267,1.00,1.00
2016.11.17 18:40:42.497,1.24257,1.24267,1.12,1.50
2016.11.17 18:40:42.599,1.24256,1.24264,1.12,1.00
2016.11.17 18:40:42.904,1.24253,1.24262,2.25,1.00
2016.11.17 18:40:43.719,1.24253,1.24261,1.00,1.00
2016.11.17 18:40:44.271,1.24255,1.24261,1.00,1.00
2016.11.17 18:40:44.373,1.24255,1.24264,1.50,1.50
2016.11.17 18:40:44.424,1.24257,1.24265,1.00,2.62
2016.11.17 18:40:44.475,1.24257,1.24265,1.00,1.50
2016.11.17 18:40:44.577,1.24259,1.24266,1.00,1.00
2016.11.17 18:40:44.883,1.24251,1.24258,1.87,1.00
2016.11.17 18:40:44.985,1.24248,1.24257,3.00,1.50
2016.11.17 18:40:45.036,1.24248,1.24253,1.50,1.00
2016.11.17 18:40:45.087,1.24246,1.24254,1.00,1.00
2016.11.17 18:40:45.139,1.24245,1.2425,1.12,2.62
2016.11.17 18:40:45.241,1.24243,1.24249,1.00,3.00
2016.11.17 18:40:45.393,1.24241,1.24249,1.87,3.00
2016.11.17 18:40:45.495,1.24241,1.2425,1.12,1.00
2016.11.17 18:40:45.864,1.2424,1.24248,1.37,1.12
2016.11.17 18:40:46.370,1.24239,1.24247,1.37,1.00
2016.11.17 18:40:46.826,1.24239,1.24247,1.00,1.00
2016.11.17 18:40:47.769,1.24238,1.24245,1.00,1.12
2016.11.17 18:40:48.023,1.24224,1.24232,2.02,1.87
2016.11.17 18:40:48.075,1.24227,1.24234,1.00,1.12
2016.11.17 18:40:48.127,1.24223,1.24232,1.10,1.87
2016.11.17 18:40:48.330,1.24221,1.24231,1.00,2.25
2016.11.17 18:40:48.432,1.24222,1.24233,1.00,1.87
2016.11.17 18:40:48.716,1.24225,1.24235,1.20,2.25
2016.11.17 18:40:48.920,1.24229,1.24239,1.00,1.12
2016.11.17 18:40:49.123,1.24229,1.24241,1.12,1.50
2016.11.17 18:40:49.376,1.24232,1.24242,1.00,1.37
2016.11.17 18:40:49.529,1.2423,1.24243,1.50,1.50
2016.11.17 18:40:50.036,1.2423,1.24242,1.00,1.12
2016.11.17 18:40:50.137,1.2423,1.24242,1.50,1.87
2016.11.17 18:40:50.474,1.2424,1.24249,1.00,1.37
2016.11.17 18:40:50.525,1.2424,1.2425,2.62,1.00
2016.11.17 18:40:50.627,1.24242,1.24252,1.00,1.87
2016.11.17 18:40:50.678,1.24242,1.24253,1.00,1.12
2016.11.17 18:40:50.729,1.24245,1.24253,1.50,1.00
2016.11.17 18:40:50.932,1.24248,1.24257,1.00,1.00
2016.11.17 18:40:50.983,1.24248,1.2426,1.00,1.87
2016.11.17 18:40:51.136,1.24249,1.2426,1.37,1.12
2016.11.17 18:40:51.647,1.2425,1.24259,1.00,1.87
2016.11.17 18:40:52.181,1.24249,1.24261,1.12,2.62
2016.11.17 18:40:53.374,1.24252,1.24261,1.00,1.87
2016.11.17 18:40:53.580,1.24251,1.24263,1.12,2.62
2016.11.17 18:40:54.088,1.24251,1.24263,1.12,2.25
2016.11.17 18:40:57.835,1.24254,1.24264,1.00,3.37
2016.11.17 18:40:58.343,1.24254,1.24264,1.00,3.75
2016.11.17 18:40:58.851,1.24253,1.24262,1.00,1.37
2016.11.17 18:40:58.953,1.24253,1.24263,1.00,3.00
2016.11.17 18:41:00.119,1.24253,1.24262,1.00,1.00
2016.11.17 18:41:00.315,1.24253,1.2426,1.00,1.87
2016.11.17 18:41:00.822,1.24253,1.24262,1.00,1.37
2016.11.17 18:41:01.372,1.24253,1.24262,1.00,1.12
2016.11.17 18:41:01.727,1.24252,1.24262,1.00,1.37
2016.11.17 18:41:02.033,1.24243,1.24252,1.50,1.12
2016.11.17 18:41:02.214,1.24243,1.24252,1.00,1.37
2016.11.17 18:41:02.417,1.24244,1.24253,1.00,1.50
2016.11.17 18:41:02.977,1.24244,1.24254,1.00,2.62
2016.11.17 18:41:03.028,1.24246,1.24254,1.00,1.37
2016.11.17 18:41:03.570,1.24245,1.24254,1.00,1.37
2016.11.17 18:41:06.695,1.24244,1.24254,1.00,6.00
2016.11.17 18:41:07.000,1.24244,1.24251,1.00,1.37
2016.11.17 18:41:07.659,1.24244,1.24251,1.00,1.50
2016.11.17 18:41:08.216,1.24242,1.24252,1.00,3.00
2016.11.17 18:41:08.546,1.24236,1.24245,2.06,1.37
2016.11.17 18:41:08.649,1.24235,1.24245,1.00,1.50
2016.11.17 18:41:09.155,1.24236,1.24245,1.00,1.37
2016.11.17 18:41:09.672,1.24236,1.24245,1.00,1.37
2016.11.17 18:41:09.926,1.24232,1.24242,2.25,1.37
2016.11.17 18:41:09.977,1.24232,1.24242,1.12,1.37
2016.11.17 18:41:10.621,1.24233,1.24242,1.00,1.75
2016.11.17 18:41:10.673,1.24234,1.24241,1.00,1.00
2016.11.17 18:41:10.876,1.24236,1.24245,1.00,1.87
2016.11.17 18:41:10.927,1.24239,1.24245,1.00,1.12
2016.11.17 18:41:11.182,1.24239,1.24249,1.00,2.62
2016.11.17 18:41:11.685,1.24239,1.24248,1.00,1.50
2016.11.17 18:41:11.890,1.24239,1.24246,1.00,1.87
2016.11.17 18:41:14.270,1.24239,1.24249,1.00,3.75
2016.11.17 18:41:14.829,1.24237,1.24245,1.00,1.00
2016.11.17 18:41:15.539,1.24238,1.24247,1.00,2.62
2016.11.17 18:41:15.590,1.24238,1.24248,1.00,1.12
2016.11.17 18:41:15.831,1.2424,1.24249,1.00,1.00
2016.11.17 18:41:16.136,1.24242,1.24251,1.00,1.00
2016.11.17 18:41:21.701,1.2424,1.2425,1.50,1.00
2016.11.17 18:41:21.752,1.24242,1.2425,1.00,1.00
2016.11.17 18:41:29.724,1.24248,1.24254,1.00,2.62
2016.11.17 18:41:29.875,1.24249,1.24258,1.00,1.50
2016.11.17 18:41:30.424,1.24249,1.24259,1.12,1.00
2016.11.17 18:41:30.931,1.2425,1.2426,1.00,1.12
2016.11.17 18:41:31.479,1.24251,1.24261,1.00,1.00
2016.11.17 18:41:38.219,1.24251,1.24259,1.00,1.00
2016.11.17 18:41:38.727,1.24251,1.24261,1.00,1.12
2016.11.17 18:41:43.159,1.2425,1.2426,1.12,1.00
2016.11.17 18:41:45.374,1.2425,1.24258,1.12,1.00
2016.11.17 18:41:46.438,1.2425,1.24259,1.12,1.00
2016.11.17 18:41:46.946,1.2425,1.24258,1.00,1.00
2016.11.17 18:41:53.177,1.2425,1.2426,1.12,1.87
2016.11.17 18:41:54.586,1.24248,1.24251,4.50,3.75
2016.11.17 18:41:54.739,1.24248,1.24249,1.12,4.50
2016.11.17 18:41:54.829,1.24245,1.24246,4.12,3.75
2016.11.17 18:41:54.880,1.24242,1.24246,3.37,3.75
2016.11.17 18:41:55.058,1.2424,1.24244,1.75,3.75
2016.11.17 18:41:55.210,1.24239,1.24245,1.37,4.50
2016.11.17 18:41:56.578,1.24247,1.24249,1.00,3.75
2016.11.17 18:41:57.091,1.24248,1.2425,1.00,3.75
2016.11.17 18:41:57.142,1.24245,1.24248,1.00,3.75
2016.11.17 18:41:57.295,1.24242,1.24246,1.87,3.75
2016.11.17 18:41:57.599,1.24241,1.24246,1.00,3.75
2016.11.17 18:41:58.126,1.2424,1.24245,1.00,3.75
2016.11.17 18:42:00.931,1.2424,1.24246,1.00,4.50
2016.11.17 18:42:01.387,1.24242,1.24246,1.00,3.75
2016.11.17 18:42:01.692,1.24244,1.24247,1.00,3.75
2016.11.17 18:42:02.608,1.24244,1.24249,1.00,4.50
2016.11.17 18:42:02.660,1.24242,1.24249,1.00,3.75
2016.11.17 18:42:03.422,1.24242,1.24248,1.00,3.75
2016.11.17 18:42:16.222,1.24242,1.24249,1.00,4.50
2016.11.17 18:42:23.718,1.24241,1.24249,1.00,3.75
2016.11.17 18:42:25.005,1.24241,1.24248,1.00,3.75
2016.11.17 18:42:26.126,1.24241,1.24247,1.00,3.75
2016.11.17 18:42:27.644,1.2424,1.24247,1.00,4.50
2016.11.17 18:42:28.166,1.2424,1.24248,1.00,4.50
2016.11.17 18:42:30.419,1.2424,1.24249,1.00,3.75
2016.11.17 18:42:32.846,1.24241,1.24249,1.00,3.75
2016.11.17 18:42:37.468,1.24241,1.24248,1.00,1.00
2016.11.17 18:42:38.640,1.24241,1.24249,1.00,3.75
2016.11.17 18:42:43.773,1.2424,1.24249,1.00,3.75
2016.11.17 18:42:44.720,1.24238,1.24248,1.87,1.00
2016.11.17 18:42:49.493,1.2424,1.24248,1.00,4.12
2016.11.17 18:42:50.001,1.24239,1.24249,1.87,1.00
2016.11.17 18:42:53.681,1.24239,1.24249,3.00,4.50
2016.11.17 18:42:57.075,1.24239,1.24248,3.75,3.75
2016.11.17 18:42:59.190,1.24239,1.24248,1.87,3.75
2016.11.17 18:43:00.056,1.24241,1.24248,1.00,3.75
2016.11.17 18:43:00.595,1.24242,1.24248,1.12,3.75
2016.11.17 18:43:01.103,1.24241,1.24248,1.00,3.75
2016.11.17 18:43:01.932,1.24242,1.24249,1.00,1.00
2016.11.17 18:43:02.252,1.2425,1.24258,1.00,4.50
2016.11.17 18:43:02.303,1.2425,1.24258,1.00,3.75
2016.11.17 18:43:02.809,1.2425,1.24259,1.00,2.25
2016.11.17 18:43:03.063,1.24249,1.24255,1.50,1.00
2016.11.17 18:43:03.317,1.24242,1.24252,3.00,1.00
2016.11.17 18:43:03.844,1.24242,1.24252,2.62,1.00
2016.11.17 18:43:10.022,1.24244,1.24252,1.00,1.00
2016.11.17 18:43:14.064,1.24241,1.24251,1.50,1.00
2016.11.17 18:43:14.570,1.24243,1.24252,1.00,1.00
2016.11.17 18:43:18.263,1.24242,1.24252,3.00,1.00
2016.11.17 18:43:22.562,1.24242,1.24252,1.37,4.50
2016.11.17 18:43:23.068,1.24242,1.24252,1.00,1.00
2016.11.17 18:43:23.989,1.24243,1.24252,2.25,1.00
2016.11.17 18:43:24.091,1.24246,1.24256,3.00,5.25
2016.11.17 18:43:25.749,1.24247,1.24256,1.00,3.75
2016.11.17 18:43:27.020,1.24249,1.24256,1.00,4.50
2016.11.17 18:43:27.465,1.24253,1.24256,1.00,3.75
2016.11.17 18:43:27.567,1.24249,1.24256,1.00,3.75
2016.11.17 18:43:28.073,1.24249,1.24257,1.50,4.50
2016.11.17 18:43:29.579,1.24247,1.24257,2.62,4.50
2016.11.17 18:43:30.187,1.24247,1.24256,1.12,3.75
2016.11.17 18:43:30.595,1.24247,1.24252,1.00,1.00
2016.11.17 18:43:30.784,1.24241,1.24251,1.87,1.00
2016.11.17 18:43:31.297,1.24241,1.2425,1.12,1.00
2016.11.17 18:43:32.359,1.2424,1.2425,1.12,5.25
2016.11.17 18:43:32.816,1.24241,1.24248,1.00,1.00
2016.11.17 18:43:33.496,1.24241,1.24249,1.00,1.00
2016.11.17 18:43:39.483,1.24241,1.24248,1.00,3.75
2016.11.17 18:43:41.419,1.24241,1.24249,1.00,1.00
2016.11.17 18:43:42.625,1.24241,1.24247,1.12,3.75
2016.11.17 18:43:42.979,1.24241,1.24249,1.12,4.50
2016.11.17 18:43:44.003,1.2424,1.24248,1.50,1.00
2016.11.17 18:43:44.511,1.2424,1.24247,1.00,3.75
2016.11.17 18:43:49.023,1.2424,1.24247,1.37,3.75
2016.11.17 18:43:54.454,1.2424,1.24248,1.37,5.25
2016.11.17 18:43:56.799,1.2424,1.24247,1.37,1.00
2016.11.17 18:43:58.325,1.2424,1.24247,1.12,3.75
2016.11.17 18:44:01.770,1.24243,1.24247,1.00,3.75
2016.11.17 18:44:01.821,1.24244,1.24252,1.00,5.62
2016.11.17 18:44:02.025,1.24242,1.24252,1.12,5.25
2016.11.17 18:44:02.128,1.24242,1.2425,1.00,4.50
2016.11.17 18:44:03.222,1.24242,1.24249,1.00,3.75
2016.11.17 18:44:08.052,1.24241,1.24249,1.12,3.75
2016.11.17 18:44:08.559,1.24241,1.24249,1.50,3.75
2016.11.17 18:44:12.849,1.24241,1.24247,1.50,3.75
2016.11.17 18:44:18.923,1.24239,1.24243,2.25,1.00
2016.11.17 18:44:19.177,1.24233,1.24239,1.00,3.75
2016.11.17 18:44:19.564,1.24233,1.24241,1.00,1.00
2016.11.17 18:44:24.366,1.24232,1.24241,1.12,1.00
2016.11.17 18:44:36.541,1.24233,1.24241,1.00,4.50
2016.11.17 18:44:42.467,1.24234,1.24241,1.00,3.75
2016.11.17 18:44:42.519,1.24232,1.24241,1.50,3.75
2016.11.17 18:44:43.025,1.24232,1.24242,1.50,3.00
2016.11.17 18:44:44.007,1.24237,1.24242,1.00,2.25
2016.11.17 18:44:44.059,1.24239,1.24245,1.00,3.37
2016.11.17 18:44:44.262,1.24241,1.24248,1.00,3.00
2016.11.17 18:44:44.363,1.24241,1.24251,1.50,4.50
2016.11.17 18:44:45.451,1.24246,1.2425,1.00,3.00
2016.11.17 18:44:45.547,1.24249,1.24255,1.00,2.25
2016.11.17 18:44:45.598,1.2425,1.24256,1.00,3.75
2016.11.17 18:44:46.106,1.24251,1.24257,1.12,3.75
2016.11.17 18:44:48.048,1.24251,1.2426,1.12,3.75
2016.11.17 18:44:52.739,1.24251,1.24258,1.50,3.75
2016.11.17 18:44:58.560,1.24251,1.24257,1.12,3.75
2016.11.17 18:45:00.584,1.24251,1.24261,1.12,6.00
2016.11.17 18:45:01.173,1.24251,1.2426,1.12,1.00
2016.11.17 18:45:02.115,1.24251,1.24261,1.12,6.00
2016.11.17 18:45:02.622,1.24251,1.2426,1.00,1.00
2016.11.17 18:45:03.143,1.24252,1.2426,1.87,4.50
2016.11.17 18:45:03.668,1.24251,1.2426,1.00,4.50
2016.11.17 18:45:05.170,1.24251,1.24261,1.00,2.62
2016.11.17 18:45:05.679,1.24252,1.24261,1.87,2.62
2016.11.17 18:45:08.825,1.24252,1.2426,1.87,3.75
2016.11.17 18:45:09.332,1.24251,1.24261,2.62,1.50
2016.11.17 18:45:12.598,1.24251,1.2426,2.62,3.75
2016.11.17 18:45:13.113,1.24251,1.2426,3.00,3.75
2016.11.17 18:45:15.148,1.24252,1.24261,3.00,4.50
2016.11.17 18:45:16.220,1.24252,1.2426,1.50,3.75
2016.11.17 18:45:17.722,1.24253,1.2426,1.00,3.75
2016.11.17 18:45:19.165,1.24253,1.24259,1.00,1.00
2016.11.17 18:45:19.317,1.24253,1.24261,1.00,5.25
2016.11.17 18:45:23.922,1.24252,1.24261,1.12,4.50
2016.11.17 18:45:27.641,1.24252,1.2426,1.12,3.75
2016.11.17 18:45:27.692,1.24253,1.2426,1.87,3.75
2016.11.17 18:45:28.226,1.24253,1.24261,3.00,4.50
2016.11.17 18:45:31.315,1.24252,1.24261,1.12,4.50
2016.11.17 18:45:33.761,1.24252,1.2426,1.12,1.00
2016.11.17 18:45:36.423,1.24252,1.2426,1.37,4.50
2016.11.17 18:45:36.525,1.24252,1.24262,1.37,4.50
2016.11.17 18:45:37.593,1.24252,1.24261,1.37,1.00
2016.11.17 18:45:38.112,1.24252,1.2426,1.00,1.00
2016.11.17 18:45:38.821,1.24252,1.24259,1.12,3.75
2016.11.17 18:45:46.545,1.24252,1.24258,1.00,3.75
2016.11.17 18:45:48.391,1.24252,1.24258,1.37,3.75
2016.11.17 18:45:48.898,1.24252,1.24258,1.12,3.75
2016.11.17 18:45:51.379,1.24252,1.24258,1.37,3.75
2016.11.17 18:45:51.896,1.24252,1.24259,1.37,3.75
2016.11.17 18:45:53.659,1.24252,1.2426,1.37,4.50
2016.11.17 18:45:54.176,1.24252,1.2426,1.12,5.25
2016.11.17 18:45:57.967,1.24252,1.24259,1.12,3.75
2016.11.17 18:45:58.324,1.2425,1.24255,3.37,2.25
2016.11.17 18:45:58.527,1.24248,1.24252,1.00,1.00
2016.11.17 18:45:58.629,1.24243,1.24252,1.50,1.50
2016.11.17 18:45:58.730,1.24242,1.24252,1.12,1.50
2016.11.17 18:45:58.832,1.24242,1.2425,1.00,1.00
2016.11.17 18:46:01.493,1.24248,1.2425,1.00,1.00
2016.11.17 18:46:01.544,1.24248,1.24254,1.00,8.62
2016.11.17 18:46:01.595,1.24249,1.24254,1.00,4.12
2016.11.17 18:46:01.850,1.24251,1.24257,1.00,3.75
2016.11.17 18:46:02.965,1.24251,1.24258,1.00,3.75
2016.11.17 18:46:04.932,1.24251,1.24257,1.00,2.25
2016.11.17 18:46:04.984,1.24248,1.24251,1.37,1.00
2016.11.17 18:46:05.036,1.24244,1.2425,4.05,1.00
2016.11.17 18:46:05.138,1.24243,1.24249,1.00,1.00
2016.11.17 18:46:08.441,1.2424,1.24242,1.00,1.00
2016.11.17 18:46:08.645,1.24235,1.24243,1.37,1.50
2016.11.17 18:46:08.749,1.24238,1.24245,1.00,1.50
2016.11.17 18:46:09.055,1.24235,1.24243,1.12,2.25
2016.11.17 18:46:10.104,1.24235,1.24242,1.00,1.00
2016.11.17 18:46:10.613,1.24234,1.24241,1.12,1.00
2016.11.17 18:46:15.050,1.24232,1.2424,1.12,1.00
2016.11.17 18:46:17.576,1.24232,1.24242,1.12,1.50
2016.11.17 18:46:23.291,1.24234,1.24242,1.00,1.50
2016.11.17 18:46:25.921,1.24234,1.24241,1.00,1.00
2016.11.17 18:46:28.026,1.24233,1.24241,1.00,1.00
2016.11.17 18:46:28.533,1.24233,1.24242,1.00,2.25
2016.11.17 18:46:34.042,1.24232,1.24242,1.00,1.50
2016.11.17 18:46:34.633,1.24232,1.24241,1.00,1.00
2016.11.17 18:46:36.098,1.24229,1.24233,2.62,1.00
2016.11.17 18:46:36.302,1.24229,1.24236,1.00,5.63
2016.11.17 18:46:36.442,1.24231,1.24237,1.00,1.12
2016.11.17 18:46:36.544,1.24231,1.24239,1.00,2.25
2016.11.17 18:46:37.760,1.24231,1.2424,1.50,1.00
2016.11.17 18:46:38.303,1.24231,1.24239,1.50,1.00
2016.11.17 18:46:40.726,1.24231,1.2424,1.50,1.50
2016.11.17 18:46:44.733,1.24231,1.24238,1.12,1.00
2016.11.17 18:46:45.963,1.2423,1.24237,1.37,1.00
2016.11.17 18:46:46.968,1.2423,1.2424,1.37,2.62
2016.11.17 18:46:47.462,1.24228,1.24235,3.75,1.50
2016.11.17 18:46:47.513,1.24227,1.24234,1.12,1.00
2016.11.17 18:46:47.615,1.24224,1.24234,1.00,1.12
2016.11.17 18:46:48.123,1.24224,1.24233,1.00,1.00
2016.11.17 18:46:48.275,1.24228,1.24236,1.00,1.50
2016.11.17 18:46:48.579,1.2423,1.24239,1.50,1.00
2016.11.17 18:46:49.671,1.24231,1.2424,1.12,1.00
2016.11.17 18:46:51.219,1.24233,1.24239,1.00,1.00
2016.11.17 18:46:52.464,1.24233,1.2424,1.00,1.00
2016.11.17 18:46:55.738,1.24233,1.24238,1.00,1.00
2016.11.17 18:46:56.269,1.24233,1.24239,1.00,1.00
2016.11.17 18:46:58.468,1.24231,1.24239,1.00,1.00
2016.11.17 18:46:59.771,1.24231,1.2424,1.00,1.50
2016.11.17 18:47:00.867,1.24232,1.2424,1.00,1.00
2016.11.17 18:47:05.277,1.2423,1.24239,2.62,1.00
2016.11.17 18:47:07.897,1.2423,1.24238,3.37,1.00
2016.11.17 18:47:08.403,1.2423,1.24239,3.37,2.25
2016.11.17 18:47:09.175,1.2423,1.24238,1.50,1.00
2016.11.17 18:47:12.924,1.24231,1.24239,1.12,2.25
2016.11.17 18:47:14.100,1.24231,1.24238,1.12,1.00
2016.11.17 18:47:15.297,1.24231,1.24239,1.12,1.00
2016.11.17 18:47:21.631,1.2423,1.24238,1.87,1.00
2016.11.17 18:47:25.217,1.24229,1.24234,1.12,1.50
2016.11.17 18:47:25.420,1.24227,1.24234,1.50,1.50
2016.11.17 18:47:25.950,1.24227,1.24234,1.12,1.50
2016.11.17 18:47:28.722,1.24227,1.24235,1.12,1.50
2016.11.17 18:47:29.872,1.24227,1.24235,1.50,1.00
2016.11.17 18:47:30.379,1.24228,1.24236,1.50,1.00
2016.11.17 18:47:30.480,1.24228,1.24236,3.00,1.00
2016.11.17 18:47:30.960,1.24228,1.24238,3.00,1.00
2016.11.17 18:47:33.468,1.24228,1.24238,2.25,1.00
2016.11.17 18:47:35.930,1.24228,1.24237,1.50,1.50
2016.11.17 18:47:35.981,1.24225,1.24232,1.87,1.00
2016.11.17 18:47:36.083,1.24222,1.2423,1.37,1.00
2016.11.17 18:47:36.185,1.24221,1.24231,1.87,1.00
2016.11.17 18:47:37.720,1.24221,1.2423,1.12,1.00
2016.11.17 18:47:41.262,1.24218,1.24222,7.87,1.00
2016.11.17 18:47:41.313,1.24218,1.24222,1.37,1.00
2016.11.17 18:47:41.365,1.24217,1.24227,3.00,1.95
2016.11.17 18:47:41.416,1.24217,1.24227,2.62,1.95
2016.11.17 18:47:41.618,1.24218,1.24228,3.75,1.50
2016.11.17 18:47:42.739,1.24219,1.24227,3.00,1.00
2016.11.17 18:47:43.271,1.24219,1.24227,3.00,1.00
2016.11.17 18:47:43.803,1.24219,1.24228,3.75,1.00
2016.11.17 18:47:44.684,1.24219,1.24227,4.50,1.00
2016.11.17 18:47:44.735,1.24219,1.24229,3.75,1.00
2016.11.17 18:47:57.630,1.24218,1.24228,3.75,2.62
2016.11.17 18:47:57.681,1.24218,1.24223,2.62,1.00
2016.11.17 18:47:57.821,1.24217,1.24226,1.50,1.00
2016.11.17 18:47:57.923,1.24219,1.24226,1.00,1.00
2016.11.17 18:47:58.040,1.24219,1.24228,1.00,1.00
2016.11.17 18:47:58.091,1.24219,1.24228,4.87,1.00
2016.11.17 18:47:58.649,1.24219,1.24229,4.87,1.00
2016.11.17 18:47:59.230,1.24219,1.24229,1.87,1.00
2016.11.17 18:48:01.912,1.24219,1.24229,2.62,1.00
2016.11.17 18:48:04.071,1.24228,1.24232,1.00,1.50
2016.11.17 18:48:04.173,1.24228,1.24233,1.00,1.12
2016.11.17 18:48:04.224,1.2423,1.24236,1.00,1.00
2016.11.17 18:48:04.326,1.24229,1.24239,2.62,1.50
2016.11.17 18:48:09.108,1.2423,1.24238,1.00,1.00
2016.11.17 18:48:12.170,1.2423,1.24239,1.50,1.50
2016.11.17 18:48:13.108,1.2423,1.24238,1.50,1.00
2016.11.17 18:48:15.122,1.24231,1.24238,1.00,1.50
2016.11.17 18:48:15.844,1.2423,1.24238,1.12,1.00
2016.11.17 18:48:16.249,1.2423,1.24236,1.00,1.00
2016.11.17 18:48:21.125,1.24229,1.24235,2.62,1.00
2016.11.17 18:48:24.171,1.24229,1.24235,3.75,1.00
2016.11.17 18:48:27.773,1.24229,1.24235,2.25,1.00
2016.11.17 18:48:36.274,1.24229,1.24237,3.00,1.00
2016.11.17 18:48:37.075,1.2423,1.24237,4.87,1.00
2016.11.17 18:48:38.705,1.2423,1.24237,3.00,1.00
2016.11.17 18:48:39.676,1.2423,1.24237,3.75,1.00
2016.11.17 18:48:47.196,1.24231,1.24237,1.00,1.00
2016.11.17 18:48:47.754,1.24231,1.24242,1.00,2.25
2016.11.17 18:48:48.275,1.24231,1.24237,1.00,1.00
2016.11.17 18:49:01.973,1.24231,1.24239,1.00,1.00
2016.11.17 18:49:02.477,1.2423,1.24239,3.75,1.00
2016.11.17 18:49:06.898,1.24232,1.24239,1.87,1.00
2016.11.17 18:49:07.579,1.24231,1.24239,3.37,1.00
2016.11.17 18:49:11.716,1.2423,1.24239,3.00,1.00
2016.11.17 18:49:14.239,1.2423,1.24239,1.87,1.00
2016.11.17 18:49:15.252,1.24231,1.24239,3.00,1.00
2016.11.17 18:49:15.796,1.24232,1.24239,1.87,1.00
2016.11.17 18:49:18.145,1.2423,1.24239,5.62,1.00
2016.11.17 18:49:21.160,1.24231,1.24239,3.00,1.00
2016.11.17 18:49:22.063,1.2423,1.24239,4.50,1.00
2016.11.17 18:49:22.569,1.2423,1.24239,3.00,1.00
2016.11.17 18:49:28.668,1.24231,1.24239,1.87,1.00
2016.11.17 18:49:29.379,1.24231,1.24239,1.87,1.00
2016.11.17 18:49:44.011,1.24233,1.24241,1.12,1.00
2016.11.17 18:49:54.121,1.24231,1.2424,4.50,1.00
2016.11.17 18:49:55.138,1.24234,1.2424,1.87,1.00
2016.11.17 18:49:59.931,1.24238,1.24244,1.00,1.50
2016.11.17 18:50:00.018,1.2424,1.24244,1.12,1.00
2016.11.17 18:50:00.071,1.2424,1.24249,3.37,1.00
2016.11.17 18:50:00.123,1.24244,1.2425,1.00,1.00
2016.11.17 18:50:00.174,1.24244,1.24252,1.12,1.87
2016.11.17 18:50:00.328,1.24246,1.24256,1.00,1.00
2016.11.17 18:50:00.430,1.24248,1.24256,1.00,1.00
2016.11.17 18:50:00.735,1.24251,1.24259,1.87,1.00
2016.11.17 18:50:07.375,1.24251,1.24258,1.50,3.00
2016.11.17 18:50:07.933,1.24251,1.24259,1.50,3.75
2016.11.17 18:50:09.112,1.24254,1.24259,1.00,3.75
2016.11.17 18:50:09.366,1.24252,1.24258,3.37,3.00
2016.11.17 18:50:10.449,1.24252,1.24257,1.12,3.00
2016.11.17 18:50:10.856,1.24252,1.2426,1.12,1.00
2016.11.17 18:50:11.363,1.24252,1.24261,1.87,1.00
2016.11.17 18:50:11.617,1.24257,1.24263,1.00,2.25
2016.11.17 18:50:11.769,1.2426,1.24269,1.00,3.37
2016.11.17 18:50:12.277,1.24259,1.24269,1.87,3.00
2016.11.17 18:50:12.733,1.2426,1.24267,1.00,1.00
2016.11.17 18:50:13.269,1.2426,1.24268,1.00,1.00
2016.11.17 18:50:14.135,1.2426,1.24267,1.00,1.00
2016.11.17 18:50:14.723,1.24261,1.24267,1.00,1.00
2016.11.17 18:50:14.774,1.24259,1.24269,2.25,1.00
2016.11.17 18:50:15.309,1.2426,1.24269,1.50,1.00
2016.11.17 18:50:16.494,1.24261,1.24269,1.00,1.00
2016.11.17 18:50:17.629,1.2426,1.24269,2.25,1.00
2016.11.17 18:50:20.013,1.2426,1.24262,1.00,1.00
2016.11.17 18:50:20.115,1.24258,1.24261,1.00,1.00
2016.11.17 18:50:20.216,1.24255,1.24265,1.25,1.00
2016.11.17 18:50:20.318,1.24257,1.24266,1.00,1.00
2016.11.17 18:50:20.623,1.24255,1.24262,1.69,1.00
2016.11.17 18:50:20.979,1.24258,1.24266,1.00,2.62
2016.11.17 18:50:21.030,1.24256,1.24264,2.25,1.00
2016.11.17 18:50:21.133,1.24257,1.24266,1.00,1.12
2016.11.17 18:50:21.235,1.24254,1.24262,2.44,1.00
2016.11.17 18:50:21.515,1.24255,1.24265,1.25,1.87
2016.11.17 18:50:21.566,1.24257,1.24264,1.00,1.00
2016.11.17 18:50:22.276,1.24255,1.24264,1.25,1.00
2016.11.17 18:50:22.378,1.24255,1.24266,1.31,1.12
2016.11.17 18:50:22.885,1.24256,1.24266,1.00,1.12
2016.11.17 18:50:23.924,1.24255,1.24262,1.69,1.00
2016.11.17 18:50:24.228,1.24252,1.2426,5.06,1.00
2016.11.17 18:50:24.280,1.24255,1.24262,1.25,1.00
2016.11.17 18:50:24.432,1.24252,1.24259,5.06,1.00
2016.11.17 18:50:25.635,1.24251,1.24253,4.12,1.00
2016.11.17 18:50:25.737,1.24249,1.24255,1.00,1.50
2016.11.17 18:50:25.840,1.24247,1.24257,2.62,1.00
2016.11.17 18:50:26.185,1.2425,1.24257,1.00,1.00
2016.11.17 18:50:26.439,1.24249,1.24259,1.00,1.50
2016.11.17 18:50:28.023,1.24252,1.2426,1.00,1.12
2016.11.17 18:50:28.175,1.24253,1.24262,1.00,1.00
2016.11.17 18:50:38.326,1.24251,1.2426,1.00,1.00
2016.11.17 18:50:39.037,1.24252,1.24262,1.00,1.00
2016.11.17 18:50:40.791,1.24251,1.2426,1.00,1.00
2016.11.17 18:50:41.361,1.2425,1.24254,1.12,1.00
2016.11.17 18:50:41.463,1.24248,1.24253,2.25,1.00
2016.11.17 18:50:41.514,1.24248,1.24256,1.87,1.00
2016.11.17 18:50:41.666,1.24249,1.24258,1.00,3.37
2016.11.17 18:50:42.174,1.24248,1.24257,1.12,1.00
2016.11.17 18:50:42.327,1.2425,1.24257,1.00,1.00
2016.11.17 18:50:51.100,1.2425,1.24259,1.00,1.00
2016.11.17 18:50:51.607,1.24252,1.2426,1.00,1.50
2016.11.17 18:50:52.305,1.24252,1.24261,1.00,1.00
2016.11.17 18:50:55.747,1.24252,1.24259,1.00,1.00
2016.11.17 18:50:57.672,1.24252,1.2426,1.00,1.50
2016.11.17 18:51:01.180,1.24252,1.24261,1.00,3.00
2016.11.17 18:51:02.063,1.24253,1.24261,1.00,1.50
2016.11.17 18:51:08.073,1.24253,1.24262,1.00,1.00
2016.11.17 18:51:24.269,1.24253,1.24261,1.00,1.00
2016.11.17 18:51:24.574,1.24246,1.24253,1.00,1.00
2016.11.17 18:51:25.033,1.24248,1.24256,1.00,1.50
2016.11.17 18:51:25.440,1.24245,1.24254,1.87,1.00
2016.11.17 18:51:25.899,1.24248,1.24255,1.00,1.12
2016.11.17 18:51:26.064,1.24249,1.24258,1.00,1.50
2016.11.17 18:51:27.907,1.24248,1.24257,1.00,1.00
2016.11.17 18:51:31.773,1.24249,1.24257,1.00,1.00
2016.11.17 18:51:32.717,1.24251,1.24258,1.00,1.00
2016.11.17 18:51:40.131,1.24248,1.24257,1.50,1.00
2016.11.17 18:51:44.042,1.24246,1.24254,1.00,1.00
2016.11.17 18:51:44.548,1.24246,1.24255,1.50,1.00
2016.11.17 18:51:44.853,1.24249,1.24257,1.00,1.00
2016.11.17 18:51:45.856,1.24249,1.24258,1.00,1.50
2016.11.17 18:51:47.545,1.2425,1.24259,1.00,2.25
2016.11.17 18:51:53.676,1.24251,1.2426,1.00,1.12
2016.11.17 18:51:53.980,1.24254,1.24262,1.00,1.00
2016.11.17 18:51:54.911,1.24254,1.24263,1.00,3.37
2016.11.17 18:51:56.618,1.24253,1.24262,1.00,1.00
2016.11.17 18:52:03.867,1.24254,1.24262,1.00,1.00
2016.11.17 18:52:04.374,1.24254,1.24263,1.00,2.25
2016.11.17 18:52:05.272,1.24254,1.24262,1.00,1.00
2016.11.17 18:52:06.082,1.24254,1.24263,1.00,3.00
2016.11.17 18:52:07.077,1.24254,1.24262,1.00,1.00
2016.11.17 18:52:08.125,1.24254,1.24263,1.00,2.62
2016.11.17 18:52:08.481,1.24254,1.24259,1.00,1.00
2016.11.17 18:52:08.788,1.24247,1.24253,1.37,1.00
2016.11.17 18:52:09.310,1.24247,1.24254,1.12,1.00
2016.11.17 18:52:09.413,1.24249,1.24258,1.00,3.75
2016.11.17 18:52:10.857,1.24247,1.24255,1.00,1.00
2016.11.17 18:52:11.317,1.24247,1.24257,1.12,3.00
2016.11.17 18:52:11.368,1.24249,1.24258,1.00,1.31
2016.11.17 18:52:16.308,1.2425,1.24259,1.00,2.25
2016.11.17 18:52:19.091,1.24247,1.24256,4.12,1.00
2016.11.17 18:52:19.440,1.24252,1.24259,1.00,1.00
2016.11.17 18:52:20.281,1.24248,1.24255,1.12,1.50
2016.11.17 18:52:20.333,1.24249,1.24257,1.00,1.00
2016.11.17 18:52:20.471,1.24247,1.24256,1.12,1.00
2016.11.17 18:52:20.977,1.24246,1.24255,1.87,1.50
2016.11.17 18:52:21.576,1.24247,1.24256,1.12,1.00
2016.11.17 18:52:22.570,1.24248,1.24257,1.87,1.25
2016.11.17 18:52:23.086,1.24248,1.24257,1.12,2.59
2016.11.17 18:52:23.441,1.24256,1.24259,1.00,2.06
2016.11.17 18:52:23.493,1.24255,1.24259,1.00,2.44
2016.11.17 18:52:23.646,1.24253,1.2426,1.00,1.00
2016.11.17 18:52:24.162,1.24252,1.24261,1.00,1.00
2016.11.17 18:52:31.414,1.24254,1.24261,1.00,1.00
2016.11.17 18:52:33.384,1.24255,1.24262,1.00,1.00
2016.11.17 18:52:52.019,1.24254,1.24261,1.00,1.00
2016.11.17 18:52:57.920,1.24258,1.24264,1.00,3.75
2016.11.17 18:52:58.125,1.24257,1.24264,1.12,1.50
2016.11.17 18:52:58.582,1.2426,1.24266,1.00,3.75
2016.11.17 18:52:58.735,1.24262,1.24271,1.00,1.75
2016.11.17 18:53:02.601,1.24262,1.24271,1.00,2.25
2016.11.17 18:53:08.045,1.24262,1.24266,1.00,2.62
2016.11.17 18:53:08.096,1.24256,1.24264,1.50,1.00
2016.11.17 18:53:08.653,1.24256,1.24265,1.00,1.87
2016.11.17 18:53:08.755,1.24262,1.24266,1.00,1.50
2016.11.17 18:53:08.806,1.24262,1.24267,1.00,1.20
2016.11.17 18:53:08.959,1.24263,1.2427,1.00,1.00
2016.11.17 18:53:15.533,1.24263,1.24272,1.00,1.50
2016.11.17 18:53:18.385,1.24263,1.24272,1.00,1.50
2016.11.17 18:53:19.781,1.24263,1.24272,1.00,1.12
2016.11.17 18:54:04.757,1.24262,1.24272,1.00,1.00
2016.11.17 18:54:04.856,1.24263,1.2427,1.00,1.00
2016.11.17 18:54:08.391,1.24263,1.24272,1.00,1.00
2016.11.17 18:54:08.899,1.24264,1.24271,1.00,1.00
2016.11.17 18:54:11.109,1.2426,1.24266,2.25,1.00
2016.11.17 18:54:11.160,1.24262,1.24268,1.00,1.00
2016.11.17 18:54:11.212,1.2426,1.24269,1.50,1.00
2016.11.17 18:54:11.516,1.24262,1.24271,1.00,1.12
2016.11.17 18:54:12.024,1.24263,1.24272,1.00,1.37
2016.11.17 18:54:13.160,1.24263,1.24272,1.00,1.50
2016.11.17 18:54:20.756,1.24262,1.24271,1.00,1.12
2016.11.17 18:54:21.061,1.24262,1.24269,1.00,1.00
2016.11.17 18:54:25.634,1.24262,1.24269,1.15,1.12
2016.11.17 18:54:25.744,1.24263,1.24272,1.00,1.50
2016.11.17 18:54:26.099,1.24262,1.24272,1.00,1.00
2016.11.17 18:54:27.459,1.24262,1.24272,1.00,1.37
2016.11.17 18:54:28.798,1.24262,1.24272,1.00,1.12
2016.11.17 18:54:37.517,1.24263,1.24272,1.00,1.12
2016.11.17 18:54:40.318,1.24263,1.24272,1.00,1.37
2016.11.17 18:54:44.703,1.24266,1.24272,1.50,1.37
2016.11.17 18:54:44.907,1.24263,1.24272,1.00,1.00
2016.11.17 18:54:55.427,1.2426,1.24264,1.87,1.00
2016.11.17 18:54:55.478,1.2426,1.24269,1.50,1.00
2016.11.17 18:54:55.984,1.24262,1.24269,1.00,1.00
2016.11.17 18:54:57.572,1.24263,1.2427,1.00,1.00
2016.11.17 18:54:57.623,1.24261,1.2427,1.00,1.12
2016.11.17 18:54:58.129,1.24263,1.24271,1.00,1.37
2016.11.17 18:54:58.534,1.24263,1.24272,1.00,1.12
2016.11.17 18:54:58.970,1.24263,1.24272,1.00,2.62
2016.11.17 18:54:59.476,1.24263,1.24272,1.00,2.62
2016.11.17 18:54:59.982,1.24263,1.24272,1.00,1.87
2016.11.17 18:55:02.336,1.24263,1.24272,1.00,1.87
2016.11.17 18:55:04.472,1.24263,1.24273,1.00,2.25
2016.11.17 18:55:04.524,1.24265,1.24272,1.00,1.12
2016.11.17 18:55:07.873,1.24264,1.24272,1.00,1.12
2016.11.17 18:55:08.691,1.24264,1.24272,1.00,1.37
2016.11.17 18:55:12.957,1.24264,1.24272,1.00,1.12
2016.11.17 18:55:18.455,1.24263,1.24272,1.00,1.00
2016.11.17 18:55:21.222,1.2426,1.24265,2.62,1.00
2016.11.17 18:55:21.414,1.24258,1.24267,1.12,5.17
2016.11.17 18:55:21.617,1.2426,1.24268,1.00,4.20
2016.11.17 18:55:21.681,1.2426,1.24268,1.00,1.12
2016.11.17 18:55:21.783,1.2426,1.24271,1.00,3.37
2016.11.17 18:55:22.189,1.24261,1.24271,1.00,3.37
2016.11.17 18:55:22.392,1.24261,1.24271,1.00,1.87
2016.11.17 18:55:23.607,1.24261,1.2427,1.00,1.00
2016.11.17 18:55:24.114,1.2426,1.24271,1.00,1.00
2016.11.17 18:55:26.033,1.24261,1.24271,1.00,1.12
2016.11.17 18:55:26.539,1.24261,1.24272,1.00,1.50
2016.11.17 18:55:28.047,1.24262,1.24272,1.00,1.00
2016.11.17 18:55:28.251,1.24264,1.24272,1.00,1.50
2016.11.17 18:55:29.593,1.24262,1.24267,1.00,2.25
2016.11.17 18:55:29.761,1.24258,1.24265,1.00,1.50
2016.11.17 18:55:29.864,1.24255,1.24265,1.00,1.87
2016.11.17 18:55:30.371,1.24254,1.24263,1.00,1.00
2016.11.17 18:55:30.913,1.24254,1.24264,1.00,1.75
2016.11.17 18:55:32.411,1.24254,1.24264,1.00,1.75
2016.11.17 18:55:32.969,1.24253,1.24256,1.00,3.25
2016.11.17 18:55:33.020,1.24251,1.24255,1.00,1.00
2016.11.17 18:55:33.123,1.24245,1.24255,4.12,2.25
2016.11.17 18:55:33.224,1.24244,1.24255,1.00,2.62
2016.11.17 18:55:33.324,1.24244,1.24255,1.00,2.62
2016.11.17 18:55:33.888,1.24245,1.24255,1.00,3.37
2016.11.17 18:55:33.990,1.24243,1.24254,1.00,1.87
2016.11.17 18:55:34.497,1.24243,1.24254,1.00,1.87
2016.11.17 18:55:35.417,1.24243,1.24254,1.00,4.87
2016.11.17 18:55:35.620,1.24241,1.24252,1.50,1.50
2016.11.17 18:55:36.331,1.24242,1.24252,1.00,1.87
2016.11.17 18:55:36.836,1.24243,1.24252,1.00,1.12
2016.11.17 18:55:41.327,1.24241,1.24251,1.00,1.87
2016.11.17 18:55:41.430,1.24239,1.2425,1.12,2.62
2016.11.17 18:55:41.786,1.24238,1.24248,1.50,2.44
2016.11.17 18:55:41.939,1.24235,1.24245,1.00,1.87
2016.11.17 18:55:42.500,1.24234,1.24244,1.00,1.00
2016.11.17 18:55:43.006,1.24235,1.24244,1.00,1.00
2016.11.17 18:55:46.152,1.24234,1.24244,1.00,1.87
2016.11.17 18:55:48.086,1.24234,1.24244,1.00,4.87
2016.11.17 18:55:48.594,1.24234,1.24242,1.00,1.00
2016.11.17 18:55:53.911,1.24234,1.24243,1.00,1.12
2016.11.17 18:55:55.176,1.2423,1.24234,2.25,1.00
2016.11.17 18:55:55.330,1.24224,1.24232,4.12,3.15
2016.11.17 18:55:55.388,1.24222,1.24232,1.00,1.65
2016.11.17 18:55:55.896,1.24223,1.24234,1.00,6.00
2016.11.17 18:55:58.341,1.24224,1.24234,1.00,5.25
2016.11.17 18:55:58.443,1.24226,1.24234,1.00,4.12
2016.11.17 18:55:58.495,1.24226,1.24234,1.00,1.00
2016.11.17 18:55:58.902,1.24223,1.24233,1.00,1.00
2016.11.17 18:55:59.409,1.24224,1.24234,1.12,1.00
2016.11.17 18:56:00.291,1.24225,1.24235,1.00,1.37
2016.11.17 18:56:00.798,1.24226,1.24236,1.00,1.42
2016.11.17 18:56:01.590,1.24226,1.24234,1.00,1.00
2016.11.17 18:56:02.097,1.24225,1.24235,1.12,2.25
2016.11.17 18:56:02.741,1.24227,1.24235,1.00,1.00
2016.11.17 18:56:03.047,1.2423,1.24238,1.00,1.50
2016.11.17 18:56:05.042,1.2423,1.24237,1.00,1.00
2016.11.17 18:56:05.548,1.2423,1.24238,1.00,1.00
2016.11.17 18:56:07.179,1.2423,1.24241,1.00,2.25
2016.11.17 18:56:07.505,1.24233,1.24243,1.00,2.25
2016.11.17 18:56:08.417,1.24233,1.24243,1.00,1.87
2016.11.17 18:56:09.025,1.24229,1.24234,1.87,1.00
2016.11.17 18:56:09.147,1.24229,1.24236,1.00,1.50
2016.11.17 18:56:09.199,1.24225,1.24236,1.50,1.50
2016.11.17 18:56:09.707,1.24225,1.24235,1.00,1.50
2016.11.17 18:56:09.863,1.24225,1.24235,1.00,2.77
2016.11.17 18:56:10.644,1.24224,1.24233,1.00,1.15
2016.11.17 18:56:11.174,1.24224,1.24233,1.00,2.40
2016.11.17 18:56:12.031,1.24222,1.24233,1.00,3.52
2016.11.17 18:56:12.538,1.24222,1.24232,1.00,3.52
2016.11.17 18:56:17.765,1.24223,1.24232,1.00,1.37
2016.11.17 18:56:17.968,1.24224,1.24233,1.00,1.65
2016.11.17 18:56:19.313,1.24224,1.24233,1.00,1.65
2016.11.17 18:56:20.971,1.24224,1.24232,1.00,1.00
2016.11.17 18:56:21.529,1.24223,1.24232,1.12,1.00
2016.11.17 18:56:27.620,1.24222,1.2423,1.00,2.32
2016.11.17 18:56:27.671,1.24221,1.2423,1.50,1.00
2016.11.17 18:56:28.077,1.24219,1.24224,1.00,1.00
2016.11.17 18:56:28.178,1.24218,1.24229,1.00,1.12
2016.11.17 18:56:28.966,1.24218,1.24228,1.00,1.12
2016.11.17 18:56:34.018,1.24218,1.24227,1.00,1.00
2016.11.17 18:56:34.356,1.24216,1.24225,1.00,1.00
2016.11.17 18:56:34.864,1.24216,1.24227,1.00,1.87
2016.11.17 18:56:35.169,1.24215,1.24224,1.00,1.37
2016.11.17 18:56:35.690,1.24214,1.24224,1.00,1.50
2016.11.17 18:56:36.223,1.24214,1.24224,1.00,1.50
2016.11.17 18:56:38.423,1.24214,1.24222,1.00,1.00
2016.11.17 18:56:38.938,1.24222,1.24224,1.00,3.37
2016.11.17 18:56:38.989,1.24222,1.24224,1.00,1.12
2016.11.17 18:56:39.040,1.24224,1.24226,1.00,2.25
2016.11.17 18:56:39.193,1.24225,1.24228,1.00,1.00
2016.11.17 18:56:39.244,1.24225,1.24236,1.00,1.65
2016.11.17 18:56:39.778,1.24225,1.24237,1.00,4.95
2016.11.17 18:56:41.083,1.24225,1.24236,1.00,1.27
2016.11.17 18:56:41.589,1.24225,1.24236,1.00,1.57
2016.11.17 18:56:42.364,1.24225,1.24235,1.00,2.77
2016.11.17 18:56:45.481,1.24223,1.24233,1.00,1.15
2016.11.17 18:56:46.473,1.24221,1.24234,1.12,4.27
2016.11.17 18:56:46.980,1.2422,1.24232,3.75,1.00
2016.11.17 18:56:48.197,1.2422,1.2423,3.75,1.00
2016.11.17 18:56:48.308,1.2422,1.2423,1.87,1.00
2016.11.17 18:56:48.921,1.2422,1.24229,1.12,1.00
2016.11.17 18:56:49.429,1.24218,1.24229,2.62,1.50
2016.11.17 18:56:49.734,1.24218,1.24221,1.12,1.00
2016.11.17 18:56:49.785,1.24218,1.24222,1.00,1.00
2016.11.17 18:56:49.869,1.24211,1.2422,4.87,1.00
2016.11.17 18:56:49.920,1.24211,1.2422,1.87,1.00
2016.11.17 18:56:51.787,1.24208,1.2422,2.62,1.50
2016.11.17 18:56:52.307,1.24208,1.24219,2.62,1.00
2016.11.17 18:56:53.361,1.24209,1.24219,1.00,1.00
2016.11.17 18:56:53.868,1.24208,1.24219,2.62,1.00
2016.11.17 18:56:54.677,1.24209,1.24219,1.00,1.00
2016.11.17 18:57:02.349,1.24208,1.24211,1.37,1.00
2016.11.17 18:57:02.400,1.24208,1.24214,1.12,1.50
2016.11.17 18:57:02.452,1.24208,1.24212,1.00,1.00
2016.11.17 18:57:02.961,1.24205,1.24213,2.25,1.00
2016.11.17 18:57:03.711,1.24205,1.24216,2.25,1.12
2016.11.17 18:57:04.246,1.24207,1.24216,2.62,1.00
2016.11.17 18:57:05.022,1.24207,1.24218,1.87,1.00
2016.11.17 18:57:05.881,1.24207,1.24218,1.87,1.00
2016.11.17 18:57:05.933,1.24209,1.24221,1.50,1.00
2016.11.17 18:57:06.437,1.2421,1.2422,1.12,1.00
2016.11.17 18:57:06.957,1.2421,1.2422,1.37,1.00
2016.11.17 18:57:07.464,1.2421,1.2422,1.12,1.00
2016.11.17 18:57:07.996,1.2421,1.2422,1.37,1.00
2016.11.17 18:57:08.530,1.24209,1.2422,2.25,1.00
2016.11.17 18:57:08.688,1.2421,1.2422,1.87,1.00
2016.11.17 18:57:09.600,1.2421,1.24221,1.87,1.87
2016.11.17 18:57:10.008,1.24209,1.2422,3.00,1.00
2016.11.17 18:57:10.110,1.2421,1.24221,4.87,1.87
2016.11.17 18:57:11.225,1.2421,1.24221,5.62,1.00
2016.11.17 18:57:12.071,1.2421,1.2422,2.62,1.00
2016.11.17 18:57:12.584,1.24209,1.24218,2.25,1.00
2016.11.17 18:57:12.686,1.24208,1.2422,5.25,1.00
2016.11.17 18:57:14.241,1.2421,1.2422,3.37,1.00
2016.11.17 18:57:14.754,1.2421,1.24221,4.12,1.00
2016.11.17 18:57:18.994,1.24213,1.24223,1.00,2.25
2016.11.17 18:57:19.298,1.24213,1.24224,1.87,1.87
2016.11.17 18:57:19.804,1.24212,1.24224,1.87,1.87
2016.11.17 18:57:20.249,1.24217,1.24225,1.50,1.50
2016.11.17 18:57:20.300,1.24217,1.24227,4.12,1.50
2016.11.17 18:57:20.403,1.24217,1.24229,4.50,1.87
2016.11.17 18:57:20.454,1.24218,1.24229,2.25,1.87
2016.11.17 18:57:21.415,1.2422,1.2423,1.12,1.00
2016.11.17 18:57:21.921,1.2422,1.24231,1.87,1.50
2016.11.17 18:57:22.436,1.2422,1.2423,1.50,1.00
2016.11.17 18:57:22.487,1.2422,1.24232,1.00,1.50
2016.11.17 18:57:23.023,1.24219,1.24232,6.00,1.50
2016.11.17 18:57:23.549,1.24219,1.24232,3.00,2.40
2016.11.17 18:57:26.821,1.24218,1.2423,4.50,1.50
2016.11.17 18:57:27.327,1.24218,1.24229,1.87,1.00
2016.11.17 18:57:27.540,1.24217,1.24229,1.37,1.00
2016.11.17 18:57:27.794,1.24217,1.24227,1.37,1.00
2016.11.17 18:57:28.350,1.24216,1.24225,1.37,1.00
2016.11.17 18:57:28.554,1.24215,1.24225,1.00,1.00
2016.11.17 18:57:29.060,1.24213,1.24225,5.56,1.00
2016.11.17 18:57:29.364,1.24213,1.24225,1.37,1.00
2016.11.17 18:57:29.465,1.24212,1.24225,2.93,1.00
2016.11.17 18:57:29.646,1.24213,1.24224,1.31,1.00
2016.11.17 18:57:30.153,1.24213,1.24224,1.06,1.00
2016.11.17 18:57:30.609,1.24211,1.24222,1.12,1.00
2016.11.17 18:57:31.171,1.24211,1.2422,1.00,1.00
2016.11.17 18:57:31.396,1.24209,1.24219,1.00,1.00
2016.11.17 18:57:32.679,1.24208,1.24219,3.37,1.00
2016.11.17 18:57:33.186,1.24207,1.24218,1.00,1.00
2016.11.17 18:57:33.338,1.24205,1.24218,4.50,1.00
2016.11.17 18:57:33.868,1.24205,1.24217,1.87,1.00
2016.11.17 18:57:39.286,1.24205,1.24217,4.87,1.00
2016.11.17 18:57:39.337,1.24208,1.24219,2.25,1.50
2016.11.17 18:57:39.641,1.24209,1.24221,1.12,1.00
2016.11.17 18:57:40.147,1.24209,1.24222,2.25,3.00
2016.11.17 18:57:41.283,1.24209,1.24222,1.87,3.37
2016.11.17 18:57:44.870,1.24217,1.24222,1.00,2.25
2016.11.17 18:57:45.073,1.24219,1.24229,1.00,2.17
2016.11.17 18:57:45.176,1.24219,1.2423,1.00,1.50
2016.11.17 18:57:45.934,1.24219,1.24231,1.00,1.50
2016.11.17 18:57:52.487,1.24219,1.24231,1.37,1.00
2016.11.17 18:57:57.471,1.24218,1.2423,2.25,1.00
2016.11.17 18:57:57.978,1.24218,1.24231,2.25,3.15
2016.11.17 18:57:59.452,1.24218,1.2423,3.00,1.50
2016.11.17 18:58:00.212,1.24218,1.24231,2.25,1.50
2016.11.17 18:58:05.023,1.24218,1.24232,4.12,1.27
2016.11.17 18:58:08.413,1.24219,1.24232,1.00,1.42
2016.11.17 18:58:09.223,1.24219,1.24229,1.00,1.00
2016.11.17 18:58:09.527,1.24212,1.24225,1.12,1.87
2016.11.17 18:58:09.832,1.24212,1.24224,1.00,1.00
2016.11.17 18:58:10.338,1.24212,1.24222,1.12,1.00
2016.11.17 18:58:10.682,1.2421,1.24222,2.25,3.75
2016.11.17 18:58:10.784,1.24209,1.2422,1.87,1.50
2016.11.17 18:58:11.492,1.24211,1.24222,1.00,4.12
2016.11.17 18:58:11.796,1.24204,1.24214,1.37,1.12
2016.11.17 18:58:11.847,1.24202,1.24214,1.00,1.12
2016.11.17 18:58:12.476,1.24201,1.24214,3.37,3.37
2016.11.17 18:58:12.527,1.24201,1.24212,4.12,1.00
2016.11.17 18:58:13.029,1.242,1.24212,1.37,1.00
2016.11.17 18:58:13.080,1.242,1.24212,1.12,1.00
2016.11.17 18:58:14.192,1.242,1.24212,3.00,1.50
2016.11.17 18:58:15.210,1.242,1.24212,3.00,1.00
2016.11.17 18:58:15.767,1.242,1.24213,1.87,3.37
2016.11.17 18:58:16.481,1.24207,1.24213,1.50,1.00
2016.11.17 18:58:16.532,1.24208,1.24215,1.50,1.12
2016.11.17 18:58:16.684,1.24209,1.24222,3.37,6.37
2016.11.17 18:58:16.735,1.24209,1.24222,3.37,2.62
2016.11.17 18:58:17.574,1.2421,1.24222,1.50,3.75
2016.11.17 18:58:20.968,1.2421,1.2422,1.12,1.50
2016.11.17 18:58:21.657,1.24208,1.2422,5.62,1.50
2016.11.17 18:58:22.001,1.24209,1.24216,1.12,1.12
2016.11.17 18:58:22.052,1.24209,1.24221,1.12,1.00
2016.11.17 18:58:22.154,1.24209,1.24218,1.50,1.50
2016.11.17 18:58:22.307,1.24207,1.24217,1.00,1.12
2016.11.17 18:58:22.813,1.24206,1.24216,2.62,1.12
2016.11.17 18:58:23.587,1.24203,1.24214,2.25,2.25
2016.11.17 18:58:23.638,1.24202,1.24213,1.87,1.50
2016.11.17 18:58:23.841,1.24201,1.24213,1.50,5.62
2016.11.17 18:58:23.892,1.24201,1.2421,1.50,1.12
2016.11.17 18:58:24.321,1.24199,1.24208,1.00,1.00
2016.11.17 18:58:24.626,1.24197,1.24204,1.00,1.00
2016.11.17 18:58:24.778,1.24194,1.24205,6.75,1.50
2016.11.17 18:58:25.223,1.24198,1.24206,1.00,1.12
2016.11.17 18:58:25.274,1.24198,1.2421,1.50,3.71
2016.11.17 18:58:25.780,1.24198,1.2421,2.96,1.37
2016.11.17 18:58:26.297,1.24198,1.2421,3.00,1.87
2016.11.17 18:58:26.805,1.24198,1.24211,2.62,3.00
2016.11.17 18:58:27.008,1.24198,1.2421,2.62,3.19
2016.11.17 18:58:27.060,1.24197,1.24209,2.62,2.21
2016.11.17 18:58:27.313,1.24198,1.24209,1.00,2.21
2016.11.17 18:58:28.077,1.24196,1.24207,2.25,1.05
2016.11.17 18:58:28.382,1.24196,1.24204,1.00,1.50
2016.11.17 18:58:28.889,1.24195,1.24205,2.25,1.50
2016.11.17 18:58:29.395,1.24197,1.24204,1.00,1.00
2016.11.17 18:58:30.920,1.24195,1.24205,1.12,2.25
2016.11.17 18:58:31.427,1.24196,1.24205,1.50,3.37
2016.11.17 18:58:32.462,1.24197,1.24204,1.50,1.50
2016.11.17 18:58:32.513,1.24195,1.24205,1.12,3.37
2016.11.17 18:58:35.360,1.24197,1.24204,1.00,1.00
2016.11.17 18:58:35.411,1.24195,1.24204,1.00,1.00
2016.11.17 18:58:36.719,1.24196,1.24204,1.00,1.00
2016.11.17 18:58:37.230,1.24197,1.24204,1.00,1.00
2016.11.17 18:58:37.433,1.24197,1.24206,1.50,2.25
2016.11.17 18:58:37.484,1.24199,1.24206,2.25,2.25
2016.11.17 18:58:37.594,1.242,1.24208,1.12,1.12
2016.11.17 18:58:37.645,1.242,1.24213,1.50,1.50
2016.11.17 18:58:39.970,1.242,1.24214,3.37,1.12
2016.11.17 18:58:40.579,1.24202,1.24214,1.37,1.00
2016.11.17 18:58:41.094,1.24202,1.24215,1.37,2.25
2016.11.17 18:58:42.260,1.24201,1.24215,1.50,1.87
2016.11.17 18:58:42.767,1.24202,1.24215,1.87,3.37
2016.11.17 18:58:42.972,1.24203,1.24215,1.87,1.12
2016.11.17 18:58:43.276,1.24203,1.24214,2.25,1.50
2016.11.17 18:58:43.782,1.24202,1.24213,1.00,3.00
2016.11.17 18:58:44.872,1.24201,1.24213,2.25,3.75
2016.11.17 18:58:44.974,1.24203,1.24213,1.00,3.75
2016.11.17 18:58:45.481,1.24201,1.24212,2.25,1.12
2016.11.17 18:58:45.991,1.24201,1.24213,1.00,2.25
2016.11.17 18:58:46.965,1.242,1.24212,4.87,1.00
2016.11.17 18:58:49.597,1.24201,1.2421,1.12,1.00
2016.11.17 18:58:49.906,1.24201,1.24208,1.12,1.00
2016.11.17 18:58:50.008,1.24201,1.2421,1.12,1.00
2016.11.17 18:58:50.667,1.24201,1.24207,1.12,1.00
2016.11.17 18:58:51.803,1.242,1.24208,1.50,1.00
2016.11.17 18:58:52.108,1.242,1.24206,1.12,1.00
2016.11.17 18:58:52.210,1.242,1.24208,1.12,1.00
2016.11.17 18:58:54.309,1.242,1.24207,1.00,1.00
2016.11.17 18:58:54.713,1.242,1.24209,1.00,1.00
2016.11.17 18:59:00.017,1.242,1.2421,1.00,1.25
2016.11.17 18:59:00.916,1.242,1.24209,1.00,1.00
2016.11.17 18:59:01.989,1.242,1.24208,1.00,1.00
2016.11.17 18:59:03.317,1.242,1.24209,1.00,1.00
2016.11.17 18:59:05.414,1.242,1.24207,1.00,1.00
2016.11.17 18:59:05.515,1.242,1.24209,1.00,1.00
2016.11.17 18:59:06.628,1.242,1.24208,1.00,1.00
2016.11.17 18:59:07.522,1.24198,1.24206,1.50,3.94
2016.11.17 18:59:07.860,1.24198,1.24208,1.00,1.00
2016.11.17 18:59:08.063,1.24198,1.2421,1.50,1.87
2016.11.17 18:59:08.215,1.242,1.2421,1.00,2.62
2016.11.17 18:59:08.671,1.24198,1.24205,1.12,1.00
2016.11.17 18:59:08.823,1.24195,1.24204,1.00,1.50
2016.11.17 18:59:08.925,1.24193,1.24204,1.12,2.32
2016.11.17 18:59:09.027,1.24192,1.242,1.87,1.00
2016.11.17 18:59:09.119,1.24192,1.24203,1.50,3.07
2016.11.17 18:59:10.145,1.24192,1.24204,1.87,3.37
2016.11.17 18:59:10.687,1.24192,1.24203,1.50,1.00
2016.11.17 18:59:11.200,1.24192,1.24204,1.87,1.00
2016.11.17 18:59:11.364,1.24198,1.24205,1.00,1.00
2016.11.17 18:59:11.532,1.24199,1.24207,2.25,1.12
2016.11.17 18:59:11.736,1.24199,1.2421,2.25,1.00
2016.11.17 18:59:12.275,1.24199,1.24211,2.25,1.87
2016.11.17 18:59:14.860,1.24199,1.2421,1.00,1.50
2016.11.17 18:59:15.583,1.24208,1.2421,1.00,1.00
2016.11.17 18:59:15.685,1.24205,1.2421,1.12,1.00
2016.11.17 18:59:15.736,1.24204,1.24215,1.75,1.37
2016.11.17 18:59:15.787,1.24202,1.24215,4.87,1.00
2016.11.17 18:59:15.889,1.24202,1.24214,3.37,1.00
2016.11.17 18:59:15.990,1.24202,1.24212,2.62,1.00
2016.11.17 18:59:16.041,1.24201,1.24211,1.87,1.00
2016.11.17 18:59:16.345,1.24199,1.24211,1.87,1.00
2016.11.17 18:59:17.220,1.24199,1.24212,1.00,1.87
2016.11.17 18:59:17.771,1.242,1.24211,1.00,1.00
2016.11.17 18:59:18.277,1.24199,1.24211,1.00,1.50
2016.11.17 18:59:19.746,1.24199,1.2421,1.00,2.25
2016.11.17 18:59:21.998,1.242,1.2421,1.00,1.00
2016.11.17 18:59:22.655,1.242,1.24212,1.00,2.62
2016.11.17 18:59:26.744,1.242,1.24211,1.00,1.00
2016.11.17 18:59:31.842,1.242,1.24213,1.00,2.25
2016.11.17 18:59:32.865,1.242,1.24212,1.50,1.00
2016.11.17 18:59:34.103,1.24201,1.24213,1.00,1.87
2016.11.17 18:59:34.914,1.24202,1.24213,1.00,1.87
2016.11.17 18:59:35.420,1.24201,1.24212,1.00,1.12
2016.11.17 18:59:40.226,1.24201,1.24211,1.00,1.00
2016.11.17 18:59:40.770,1.24201,1.24212,1.00,1.50
2016.11.17 18:59:44.270,1.24201,1.24213,3.52,1.00
2016.11.17 18:59:44.778,1.24201,1.24214,1.50,2.25
2016.11.17 18:59:45.316,1.24202,1.24214,1.00,2.25
2016.11.17 18:59:48.909,1.24201,1.24213,2.62,1.00
2016.11.17 18:59:48.960,1.24202,1.24211,2.62,1.00
2016.11.17 18:59:49.061,1.24202,1.24214,2.62,1.00
2016.11.17 18:59:51.448,1.24202,1.24215,2.62,2.25
2016.11.17 18:59:51.852,1.24204,1.24215,1.00,1.12
2016.11.17 18:59:52.215,1.24206,1.24215,1.00,1.00
2016.11.17 18:59:52.723,1.24206,1.24216,1.00,1.12
2016.11.17 18:59:53.861,1.24206,1.24216,1.00,1.49
2016.11.17 18:59:54.499,1.24204,1.24216,1.00,1.49
2016.11.17 18:59:55.259,1.24204,1.24217,1.00,2.62
2016.11.17 18:59:55.310,1.24206,1.24217,1.12,1.50
2016.11.17 18:59:55.615,1.2421,1.24222,1.00,1.12
2016.11.17 18:59:56.132,1.24211,1.24223,1.00,4.12
2016.11.17 18:59:56.682,1.24211,1.24223,1.00,1.12
2016.11.17 18:59:58.545,1.24212,1.24224,1.00,5.25
2016.11.17 18:59:59.863,1.24211,1.24224,1.50,3.75
