2009.03.24 14:00:00.265,1.46575,1.4661,6.00,1.20
2009.03.24 14:00:00.615,1.4659,1.4661,4.80,1.20
2009.03.24 14:00:01.235,1.46575,1.4661,4.80,1.20
2009.03.24 14:00:01.464,1.4658,1.4661,1.80,1.20
2009.03.24 14:00:01.985,1.466,1.4663,1.00,4.80
2009.03.24 14:00:02.285,1.4659,1.4663,1.20,4.80
2009.03.24 14:00:02.505,1.466,1.4662,1.00,4.80
2009.03.24 14:00:02.804,1.46595,1.4662,1.60,4.80
2009.03.24 14:00:03.264,1.46595,1.4662,1.80,4.80
2009.03.24 14:00:03.604,1.46595,1.4664,4.40,7.40
2009.03.24 14:00:04.004,1.46615,1.4664,1.00,4.80
2009.03.24 14:00:04.514,1.46615,1.46625,1.00,4.80
2009.03.24 14:00:04.864,1.46615,1.4663,1.00,4.80
2009.03.24 14:00:05.224,1.46615,1.4663,5.60,4.80
2009.03.24 14:00:06.054,1.4664,1.46655,7.20,4.50
2009.03.24 14:00:06.405,1.4664,1.46645,7.90,4.80
2009.03.24 14:00:07.313,1.4663,1.46645,1.00,4.80
2009.03.24 14:00:07.713,1.4662,1.4663,7.60,4.80
2009.03.24 14:00:07.953,1.46615,1.4663,1.00,4.80
2009.03.24 14:00:08.283,1.4663,1.4664,2.40,9.70
2009.03.24 14:00:08.683,1.46625,1.4663,4.00,5.00
2009.03.24 14:00:09.153,1.4665,1.4666,1.00,6.40
2009.03.24 14:00:09.503,1.46645,1.4665,4.80,4.80
2009.03.24 14:00:10.003,1.4665,1.46655,1.00,4.80
2009.03.24 14:00:10.343,1.4665,1.46665,1.20,4.80
2009.03.24 14:00:10.692,1.4665,1.46665,1.00,4.80
2009.03.24 14:00:10.932,1.4665,1.46665,1.20,4.80
2009.03.24 14:00:11.232,1.4665,1.46665,1.00,4.80
2009.03.24 14:00:11.533,1.46645,1.4668,9.40,6.40
2009.03.24 14:00:11.812,1.46655,1.4668,5.60,4.80
2009.03.24 14:00:12.362,1.4665,1.46685,1.20,11.00
2009.03.24 14:00:12.722,1.4666,1.46685,1.00,11.00
2009.03.24 14:00:13.122,1.4666,1.46685,1.00,11.60
2009.03.24 14:00:13.962,1.4666,1.46685,1.00,18.20
2009.03.24 14:00:14.301,1.4666,1.4667,1.00,4.80
2009.03.24 14:00:14.641,1.46635,1.4667,6.60,4.80
2009.03.24 14:00:14.982,1.46635,1.46665,6.00,4.80
2009.03.24 14:00:15.511,1.4664,1.46665,1.00,9.20
2009.03.24 14:00:15.803,1.4664,1.46665,1.00,4.80
2009.03.24 14:00:16.101,1.4664,1.46655,1.00,4.80
2009.03.24 14:00:16.501,1.46635,1.46655,10.00,4.80
2009.03.24 14:00:16.781,1.46645,1.46655,4.80,4.80
2009.03.24 14:00:17.171,1.46645,1.4665,4.80,4.80
2009.03.24 14:00:17.991,1.46645,1.4665,4.00,4.80
2009.03.24 14:00:18.170,1.46635,1.4664,2.80,3.20
2009.03.24 14:00:18.921,1.46635,1.4664,5.60,3.20
2009.03.24 14:00:19.380,1.46635,1.4666,5.60,2.40
2009.03.24 14:00:21.070,1.46635,1.4666,5.60,2.40
2009.03.24 14:00:21.410,1.46635,1.4666,8.40,2.40
2009.03.24 14:00:21.640,1.46635,1.4666,6.80,2.40
2009.03.24 14:00:21.870,1.46635,1.4666,5.20,2.40
2009.03.24 14:00:22.200,1.46625,1.46645,9.20,5.00
2009.03.24 14:00:22.550,1.46625,1.46635,4.80,4.80
2009.03.24 14:00:22.890,1.4662,1.46635,4.80,4.80
2009.03.24 14:00:23.239,1.4662,1.46635,4.80,5.00
2009.03.24 14:00:23.759,1.46605,1.46615,6.80,1.80
2009.03.24 14:00:24.099,1.46605,1.46615,6.80,5.00
2009.03.24 14:00:24.519,1.46625,1.46635,3.20,5.00
2009.03.24 14:00:24.919,1.46625,1.46635,3.20,4.80
2009.03.24 14:00:25.619,1.46625,1.46635,4.80,5.00
2009.03.24 14:00:25.859,1.46625,1.46635,4.80,4.80
2009.03.24 14:00:26.378,1.46625,1.46635,4.80,13.60
2009.03.24 14:00:26.549,1.46625,1.4663,4.80,5.00
2009.03.24 14:00:26.889,1.46615,1.4662,3.20,1.00
2009.03.24 14:00:27.188,1.4657,1.466,7.20,1.00
2009.03.24 14:00:27.628,1.4657,1.466,8.00,1.00
2009.03.24 14:00:28.178,1.4657,1.466,11.20,1.00
2009.03.24 14:00:28.568,1.466,1.4661,3.20,1.00
2009.03.24 14:00:28.858,1.4659,1.4661,2.40,1.00
2009.03.24 14:00:29.218,1.4659,1.4663,2.40,9.20
2009.03.24 14:00:29.518,1.46615,1.4663,4.80,5.20
2009.03.24 14:00:29.848,1.46615,1.46625,6.40,1.00
2009.03.24 14:00:30.198,1.4662,1.4663,4.80,5.20
2009.03.24 14:00:30.548,1.4662,1.4663,4.80,4.80
2009.03.24 14:00:30.898,1.4663,1.46645,5.80,2.60
2009.03.24 14:00:31.247,1.4664,1.46645,2.40,2.60
2009.03.24 14:00:31.587,1.4665,1.46665,1.00,9.60
2009.03.24 14:00:31.977,1.4663,1.46665,4.80,9.60
2009.03.24 14:00:32.307,1.4663,1.4666,1.20,1.40
2009.03.24 14:00:32.537,1.4663,1.4666,1.00,1.40
2009.03.24 14:00:32.877,1.46615,1.4666,4.80,6.40
2009.03.24 14:00:33.237,1.46615,1.4664,5.40,1.00
2009.03.24 14:00:33.637,1.46615,1.46635,5.40,4.00
2009.03.24 14:00:34.026,1.4662,1.46635,4.80,4.00
2009.03.24 14:00:35.026,1.46615,1.46635,5.40,4.00
2009.03.24 14:00:35.306,1.4662,1.46635,1.00,4.00
2009.03.24 14:00:35.596,1.46605,1.46635,5.40,4.00
2009.03.24 14:00:35.996,1.4661,1.46635,2.40,4.00
2009.03.24 14:00:36.447,1.4662,1.46635,1.00,4.80
2009.03.24 14:00:36.736,1.4661,1.4663,2.40,4.80
2009.03.24 14:00:37.086,1.4661,1.46635,2.40,4.80
2009.03.24 14:00:37.416,1.4661,1.4663,2.40,4.80
2009.03.24 14:00:37.766,1.4661,1.4662,2.40,4.80
2009.03.24 14:00:37.945,1.4661,1.46615,2.40,4.80
2009.03.24 14:00:38.276,1.4661,1.4662,2.40,4.80
2009.03.24 14:00:38.606,1.4661,1.46635,2.40,4.80
2009.03.24 14:00:39.345,1.4661,1.4664,2.40,4.80
2009.03.24 14:00:39.865,1.46615,1.46645,4.80,7.20
2009.03.24 14:00:42.345,1.4662,1.46645,1.00,7.20
2009.03.24 14:00:43.654,1.4662,1.4664,2.40,1.00
2009.03.24 14:00:45.794,1.4662,1.4664,2.80,1.00
2009.03.24 14:00:46.144,1.4664,1.46645,4.00,2.40
2009.03.24 14:00:46.506,1.46645,1.46655,5.60,3.20
2009.03.24 14:00:46.845,1.46645,1.4668,5.60,1.60
2009.03.24 14:00:47.274,1.46655,1.46675,1.00,4.80
2009.03.24 14:00:47.574,1.46655,1.4668,1.00,4.80
2009.03.24 14:00:47.904,1.46645,1.4668,6.20,6.40
2009.03.24 14:00:48.133,1.4665,1.46675,1.00,4.00
2009.03.24 14:00:48.663,1.4665,1.46675,1.00,4.80
2009.03.24 14:00:49.123,1.4666,1.4668,1.00,1.60
2009.03.24 14:00:49.623,1.4666,1.4668,1.00,1.60
2009.03.24 14:00:50.473,1.4666,1.4668,1.00,1.60
2009.03.24 14:00:51.103,1.4666,1.4668,2.40,1.00
2009.03.24 14:00:52.032,1.4666,1.4668,2.40,1.40
2009.03.24 14:00:52.192,1.4666,1.4668,2.40,1.60
2009.03.24 14:00:52.682,1.4666,1.4668,2.40,1.00
2009.03.24 14:00:55.762,1.4666,1.4668,2.40,4.80
2009.03.24 14:00:55.931,1.4666,1.4668,2.40,1.00
2009.03.24 14:00:56.271,1.4666,1.4668,2.40,1.60
2009.03.24 14:00:56.391,1.4666,1.4668,2.80,1.00
2009.03.24 14:00:57.181,1.4666,1.4668,2.40,1.00
2009.03.24 14:00:58.581,1.4666,1.4668,9.60,1.00
2009.03.24 14:00:58.861,1.4666,1.46675,1.00,8.80
2009.03.24 14:00:59.261,1.4666,1.4667,1.00,1.00
2009.03.24 14:00:59.771,1.4666,1.4668,1.00,6.20
2009.03.24 14:01:00.001,1.4665,1.4666,1.00,3.20
2009.03.24 14:01:00.350,1.4665,1.46665,4.80,6.40
2009.03.24 14:01:00.740,1.4665,1.46675,4.80,1.00
2009.03.24 14:01:01.210,1.4665,1.4668,4.80,2.20
2009.03.24 14:01:01.570,1.4665,1.4667,4.80,1.00
2009.03.24 14:01:01.910,1.46665,1.46675,1.00,1.00
2009.03.24 14:01:02.130,1.4667,1.46675,1.00,1.00
2009.03.24 14:01:02.420,1.4667,1.46685,1.00,9.30
2009.03.24 14:01:02.810,1.4667,1.4668,1.00,1.60
2009.03.24 14:01:03.280,1.4668,1.46685,1.00,4.80
2009.03.24 14:01:03.610,1.46675,1.46685,1.00,1.60
2009.03.24 14:01:04.009,1.4666,1.46665,16.30,1.00
2009.03.24 14:01:04.359,1.4667,1.4669,1.00,2.40
2009.03.24 14:01:04.770,1.4667,1.4669,1.00,1.60
2009.03.24 14:01:05.129,1.4667,1.46695,4.80,1.60
2009.03.24 14:01:05.879,1.46665,1.46695,6.00,1.60
2009.03.24 14:01:06.349,1.4667,1.467,1.20,6.40
2009.03.24 14:01:06.699,1.4667,1.4668,1.00,1.00
2009.03.24 14:01:06.929,1.4667,1.46685,2.80,3.20
2009.03.24 14:01:07.159,1.46675,1.46685,1.00,3.20
2009.03.24 14:01:07.500,1.46675,1.46685,9.20,1.60
2009.03.24 14:01:07.679,1.4667,1.46675,10.80,4.80
2009.03.24 14:01:07.899,1.46675,1.467,9.20,6.00
2009.03.24 14:01:08.069,1.46675,1.467,8.80,6.00
2009.03.24 14:01:08.238,1.46675,1.4669,4.80,1.20
2009.03.24 14:01:08.578,1.46675,1.4669,1.00,1.20
2009.03.24 14:01:08.968,1.4666,1.46685,5.20,1.20
2009.03.24 14:01:09.298,1.4666,1.46695,5.20,6.20
2009.03.24 14:01:09.618,1.4667,1.46705,1.00,6.00
2009.03.24 14:01:09.958,1.4666,1.46685,4.80,1.20
2009.03.24 14:01:10.288,1.46665,1.467,1.00,6.20
2009.03.24 14:01:10.628,1.46675,1.46685,5.20,4.80
2009.03.24 14:01:11.138,1.46665,1.46695,5.60,4.80
2009.03.24 14:01:11.358,1.4667,1.46695,1.00,4.80
2009.03.24 14:01:11.718,1.4667,1.46685,1.00,1.20
2009.03.24 14:01:12.138,1.4667,1.46695,1.00,1.20
2009.03.24 14:01:12.647,1.46675,1.46685,4.80,1.20
2009.03.24 14:01:12.927,1.46665,1.4667,6.40,6.40
2009.03.24 14:01:13.267,1.4664,1.4665,13.60,1.20
2009.03.24 14:01:13.658,1.46635,1.4664,4.00,1.00
2009.03.24 14:01:14.127,1.4663,1.4664,13.60,1.00
2009.03.24 14:01:14.357,1.46615,1.4663,7.20,1.20
2009.03.24 14:01:14.697,1.46595,1.46625,8.00,1.00
2009.03.24 14:01:15.197,1.4664,1.46645,3.20,3.50
2009.03.24 14:01:15.656,1.46605,1.46655,4.80,4.30
2009.03.24 14:01:16.236,1.46585,1.46615,7.70,1.00
2009.03.24 14:01:16.527,1.4661,1.4663,3.40,1.00
2009.03.24 14:01:17.206,1.4659,1.4663,10.80,1.60
2009.03.24 14:01:17.596,1.46605,1.4663,8.60,1.60
2009.03.24 14:01:17.946,1.46605,1.4663,5.40,1.60
2009.03.24 14:01:19.225,1.46605,1.46625,5.20,1.40
2009.03.24 14:01:19.566,1.46605,1.46625,5.20,1.40
2009.03.24 14:01:19.855,1.46605,1.46625,5.20,1.40
2009.03.24 14:01:20.256,1.466,1.46605,6.40,1.40
2009.03.24 14:01:20.656,1.46605,1.4663,5.20,1.40
2009.03.24 14:01:20.885,1.4661,1.4664,1.00,1.40
2009.03.24 14:01:21.285,1.46615,1.46645,1.00,4.40
2009.03.24 14:01:21.615,1.4664,1.4665,3.20,5.80
2009.03.24 14:01:21.975,1.46605,1.46655,8.00,6.20
2009.03.24 14:01:22.255,1.4661,1.46655,4.80,1.20
2009.03.24 14:01:22.665,1.46625,1.46645,4.80,1.20
2009.03.24 14:01:23.065,1.4663,1.4664,1.00,1.20
2009.03.24 14:01:23.405,1.4663,1.4664,4.80,1.20
2009.03.24 14:01:23.806,1.46625,1.4664,1.00,1.20
2009.03.24 14:01:24.484,1.4663,1.46645,1.00,8.80
2009.03.24 14:01:24.824,1.46625,1.4664,1.00,4.80
2009.03.24 14:01:25.214,1.46625,1.46635,1.00,4.80
2009.03.24 14:01:26.324,1.46625,1.4664,1.00,4.80
2009.03.24 14:01:26.614,1.46625,1.46645,1.00,5.60
2009.03.24 14:01:26.734,1.4662,1.46645,1.00,5.60
2009.03.24 14:01:26.904,1.46625,1.46645,1.00,5.60
2009.03.24 14:01:27.134,1.46625,1.4664,1.00,4.80
2009.03.24 14:01:27.794,1.46625,1.4664,1.00,6.20
2009.03.24 14:01:28.524,1.46625,1.46635,1.00,1.40
2009.03.24 14:01:28.753,1.4662,1.46635,2.20,1.40
2009.03.24 14:01:29.234,1.4662,1.4664,2.20,4.80
2009.03.24 14:01:29.863,1.46625,1.4664,1.60,4.80
2009.03.24 14:01:30.143,1.46635,1.46645,1.60,6.80
2009.03.24 14:01:30.383,1.46635,1.46645,1.60,6.20
2009.03.24 14:01:30.733,1.4664,1.46645,1.60,6.20
2009.03.24 14:01:31.143,1.46645,1.4665,1.60,4.80
2009.03.24 14:01:31.623,1.4663,1.46655,1.00,6.40
2009.03.24 14:01:32.493,1.4663,1.46655,1.00,8.80
2009.03.24 14:01:32.672,1.4663,1.4664,1.00,1.60
2009.03.24 14:01:33.062,1.46625,1.4663,1.60,1.00
2009.03.24 14:01:33.422,1.4664,1.46645,1.00,5.00
2009.03.24 14:01:33.892,1.4664,1.46645,1.00,4.80
2009.03.24 14:01:34.172,1.4664,1.46655,1.00,9.40
2009.03.24 14:01:34.412,1.4663,1.4665,3.40,4.80
2009.03.24 14:01:34.592,1.4663,1.4665,5.80,4.80
2009.03.24 14:01:35.102,1.4664,1.4666,1.00,20.60
2009.03.24 14:01:35.502,1.4663,1.46655,2.80,9.00
2009.03.24 14:01:36.022,1.46635,1.46655,1.20,4.80
2009.03.24 14:01:36.422,1.46635,1.46655,2.80,4.80
2009.03.24 14:01:36.711,1.46635,1.46655,1.20,4.80
2009.03.24 14:01:36.941,1.4664,1.46655,1.00,4.80
2009.03.24 14:01:37.282,1.4664,1.4666,1.00,7.20
2009.03.24 14:01:37.561,1.4664,1.4665,1.00,1.00
2009.03.24 14:01:37.621,1.46645,1.4665,1.00,1.00
2009.03.24 14:01:38.981,1.46655,1.46665,1.00,1.10
2009.03.24 14:01:39.431,1.4666,1.46665,2.40,1.60
2009.03.24 14:01:39.771,1.46665,1.46675,1.00,5.60
2009.03.24 14:01:40.570,1.46645,1.4667,8.40,8.00
2009.03.24 14:01:40.950,1.4665,1.46665,4.80,9.80
2009.03.24 14:01:41.171,1.4664,1.46665,5.20,9.80
2009.03.24 14:01:41.410,1.46645,1.46665,1.00,8.00
2009.03.24 14:01:42.160,1.4665,1.46665,1.00,5.60
2009.03.24 14:01:42.440,1.46655,1.46665,1.00,6.20
2009.03.24 14:01:42.770,1.46655,1.4666,1.00,1.00
2009.03.24 14:01:43.280,1.46655,1.46665,1.00,6.20
2009.03.24 14:01:43.570,1.4665,1.46665,2.80,6.20
2009.03.24 14:01:44.010,1.4667,1.46675,2.40,7.10
2009.03.24 14:01:44.470,1.4669,1.46695,2.40,6.40
2009.03.24 14:01:44.979,1.4669,1.46705,1.00,4.80
2009.03.24 14:01:45.380,1.46685,1.46705,7.40,4.00
2009.03.24 14:01:45.720,1.46685,1.46705,1.20,4.00
2009.03.24 14:01:45.959,1.46685,1.46705,1.00,1.60
2009.03.24 14:01:46.179,1.4668,1.46705,5.80,1.60
2009.03.24 14:01:46.579,1.46675,1.467,7.60,1.60
2009.03.24 14:01:46.939,1.4669,1.467,2.40,1.60
2009.03.24 14:01:47.293,1.4669,1.467,7.60,1.00
2009.03.24 14:01:48.689,1.46695,1.467,7.20,1.00
2009.03.24 14:01:49.029,1.467,1.4672,2.80,3.20
2009.03.24 14:01:49.498,1.467,1.4672,1.00,3.20
2009.03.24 14:01:49.888,1.46685,1.46695,4.80,1.60
2009.03.24 14:01:50.628,1.46685,1.46695,8.00,1.60
2009.03.24 14:01:50.918,1.467,1.4672,2.60,3.20
2009.03.24 14:01:51.688,1.467,1.46715,2.60,4.80
2009.03.24 14:01:51.988,1.467,1.46715,1.00,4.80
2009.03.24 14:01:52.378,1.4669,1.4671,2.80,1.60
2009.03.24 14:01:52.608,1.4669,1.4671,1.00,3.20
2009.03.24 14:01:53.538,1.46685,1.4671,9.20,1.60
2009.03.24 14:01:53.877,1.4669,1.467,4.80,1.00
2009.03.24 14:01:54.557,1.4669,1.46705,4.80,1.60
2009.03.24 14:01:55.247,1.46685,1.46705,4.80,1.60
2009.03.24 14:01:56.067,1.4669,1.46705,1.00,1.60
2009.03.24 14:01:56.417,1.467,1.4671,2.40,1.60
2009.03.24 14:01:56.637,1.46705,1.4672,1.20,4.80
2009.03.24 14:01:57.397,1.46695,1.467,2.90,1.00
2009.03.24 14:01:57.797,1.4668,1.4669,4.80,1.20
2009.03.24 14:01:58.206,1.4669,1.467,4.80,3.70
2009.03.24 14:01:59.126,1.4668,1.4669,4.80,1.00
2009.03.24 14:01:59.416,1.46685,1.4669,4.80,1.20
2009.03.24 14:01:59.756,1.46685,1.46695,4.80,1.00
2009.03.24 14:02:00.096,1.46685,1.4669,4.80,1.00
2009.03.24 14:02:00.486,1.4668,1.4669,4.80,1.00
2009.03.24 14:02:00.846,1.4668,1.46695,4.80,1.00
2009.03.24 14:02:01.135,1.46685,1.4669,4.80,7.80
2009.03.24 14:02:01.535,1.4669,1.46695,1.00,1.00
2009.03.24 14:02:01.935,1.4667,1.46675,5.60,1.00
2009.03.24 14:02:02.275,1.4667,1.46675,6.40,1.60
2009.03.24 14:02:02.615,1.46685,1.4669,1.20,1.00
2009.03.24 14:02:03.195,1.4668,1.4669,4.80,1.60
2009.03.24 14:02:03.425,1.46675,1.4669,4.80,1.60
2009.03.24 14:02:04.175,1.4668,1.4669,4.80,1.60
2009.03.24 14:02:04.565,1.4669,1.46695,1.00,5.60
2009.03.24 14:02:04.905,1.4669,1.467,6.60,11.60
2009.03.24 14:02:05.585,1.46685,1.4669,6.40,1.60
2009.03.24 14:02:06.325,1.46685,1.4669,4.80,1.60
2009.03.24 14:02:06.784,1.4667,1.4669,6.80,1.60
2009.03.24 14:02:07.534,1.4668,1.4669,2.80,3.20
2009.03.24 14:02:07.824,1.4667,1.4669,7.40,9.80
2009.03.24 14:02:08.044,1.46675,1.4669,1.60,8.00
2009.03.24 14:02:08.274,1.46675,1.4669,2.00,1.00
2009.03.24 14:02:08.714,1.46675,1.46705,2.00,1.60
2009.03.24 14:02:09.682,1.46675,1.46705,2.00,6.40
2009.03.24 14:02:10.263,1.46675,1.46695,2.00,4.80
2009.03.24 14:02:10.533,1.4668,1.4669,2.80,4.80
2009.03.24 14:02:10.753,1.4667,1.4669,6.80,6.40
2009.03.24 14:02:11.093,1.4667,1.4669,6.80,1.60
2009.03.24 14:02:17.962,1.4667,1.4669,6.80,6.40
2009.03.24 14:02:18.781,1.4667,1.4669,6.80,1.60
2009.03.24 14:02:19.501,1.4667,1.4669,6.80,3.20
2009.03.24 14:02:19.891,1.46665,1.46685,4.80,2.40
2009.03.24 14:02:20.231,1.46665,1.46685,1.60,2.40
2009.03.24 14:02:20.861,1.46665,1.46685,1.60,1.60
2009.03.24 14:02:22.001,1.46665,1.46685,1.60,2.40
2009.03.24 14:02:22.650,1.46665,1.46685,2.20,2.40
2009.03.24 14:02:23.560,1.46665,1.46685,2.80,2.40
2009.03.24 14:02:23.960,1.4667,1.4669,1.60,1.60
2009.03.24 14:02:24.610,1.4668,1.4669,4.00,1.60
2009.03.24 14:02:24.950,1.467,1.46705,2.40,5.60
2009.03.24 14:02:25.360,1.467,1.46705,2.40,4.80
2009.03.24 14:02:25.870,1.4669,1.46705,2.40,1.00
2009.03.24 14:02:26.140,1.46695,1.46715,1.00,8.60
2009.03.24 14:02:26.839,1.46695,1.46715,1.00,3.80
2009.03.24 14:02:27.639,1.46695,1.46715,1.00,3.00
2009.03.24 14:02:27.859,1.46695,1.46715,1.00,2.20
2009.03.24 14:02:28.779,1.467,1.46725,2.00,8.80
2009.03.24 14:02:29.079,1.4671,1.46735,7.20,12.20
2009.03.24 14:02:29.439,1.46715,1.4673,1.00,1.00
2009.03.24 14:02:29.948,1.46715,1.4674,6.40,11.20
2009.03.24 14:02:30.309,1.4672,1.4674,1.20,1.60
2009.03.24 14:02:30.988,1.46715,1.4674,6.40,1.60
2009.03.24 14:02:31.328,1.46715,1.4674,6.40,1.20
2009.03.24 14:02:31.860,1.46715,1.4674,6.40,1.40
2009.03.24 14:02:32.498,1.46715,1.4674,4.40,1.40
2009.03.24 14:02:33.577,1.4672,1.4674,2.40,1.20
2009.03.24 14:02:33.797,1.4672,1.46745,2.80,1.20
2009.03.24 14:02:34.208,1.4673,1.4674,1.60,1.60
2009.03.24 14:02:34.557,1.46735,1.4674,1.60,2.40
2009.03.24 14:02:34.967,1.4675,1.4676,2.80,2.40
2009.03.24 14:02:35.297,1.4676,1.46765,1.20,4.80
2009.03.24 14:02:35.597,1.46755,1.4676,6.40,1.60
2009.03.24 14:02:37.567,1.46755,1.4677,6.40,1.60
2009.03.24 14:02:38.506,1.46755,1.4677,4.40,1.60
2009.03.24 14:02:38.836,1.46755,1.46765,4.40,1.40
2009.03.24 14:02:40.116,1.46755,1.46765,4.40,1.40
2009.03.24 14:02:40.386,1.46755,1.4676,1.00,1.40
2009.03.24 14:02:40.566,1.4677,1.46775,2.40,4.30
2009.03.24 14:02:40.966,1.46775,1.4678,1.20,7.20
2009.03.24 14:02:41.316,1.4675,1.46775,2.90,1.00
2009.03.24 14:02:41.646,1.46775,1.4678,1.00,1.00
2009.03.24 14:02:41.996,1.4676,1.4677,2.40,1.40
2009.03.24 14:02:42.586,1.4676,1.4677,2.80,1.40
2009.03.24 14:02:43.416,1.46755,1.46765,4.40,1.60
2009.03.24 14:02:43.755,1.4675,1.4676,2.80,1.60
2009.03.24 14:02:44.845,1.4675,1.4676,2.80,1.40
2009.03.24 14:02:45.315,1.46755,1.4676,4.80,1.40
2009.03.24 14:02:45.645,1.4675,1.46755,7.80,1.40
2009.03.24 14:02:46.335,1.46765,1.4677,4.80,3.50
2009.03.24 14:02:46.805,1.46745,1.4675,8.60,1.40
2009.03.24 14:02:47.104,1.4674,1.46745,4.80,1.20
2009.03.24 14:02:47.524,1.4674,1.4675,4.80,1.20
2009.03.24 14:02:47.874,1.4674,1.46745,4.80,1.20
2009.03.24 14:02:48.164,1.46745,1.4675,4.80,1.00
2009.03.24 14:02:48.574,1.4675,1.4676,4.80,2.90
2009.03.24 14:02:49.354,1.4675,1.46755,4.80,1.60
2009.03.24 14:02:49.864,1.46745,1.4676,4.80,1.60
2009.03.24 14:02:50.264,1.46745,1.46755,4.80,1.60
2009.03.24 14:02:50.494,1.4674,1.46755,4.80,1.60
2009.03.24 14:02:52.283,1.46735,1.46755,15.60,1.60
2009.03.24 14:02:52.523,1.46735,1.46755,10.80,1.60
2009.03.24 14:02:52.813,1.46735,1.46755,9.20,1.60
2009.03.24 14:02:53.093,1.46735,1.46755,4.40,1.60
2009.03.24 14:02:53.603,1.46735,1.46755,1.00,1.60
2009.03.24 14:02:55.542,1.4673,1.46745,2.40,1.60
2009.03.24 14:02:56.212,1.46725,1.4674,4.40,1.60
2009.03.24 14:02:56.612,1.4673,1.4675,1.00,1.60
2009.03.24 14:02:57.832,1.46725,1.4675,3.00,1.60
2009.03.24 14:02:58.232,1.46725,1.4675,4.40,1.60
2009.03.24 14:02:58.622,1.4673,1.4675,1.60,1.60
2009.03.24 14:02:59.032,1.4674,1.4675,1.00,1.60
2009.03.24 14:02:59.891,1.46735,1.4675,1.00,1.60
2009.03.24 14:03:00.361,1.46725,1.4675,6.60,1.60
2009.03.24 14:03:00.831,1.46725,1.4675,4.40,1.60
2009.03.24 14:03:01.061,1.4674,1.4675,1.00,1.60
2009.03.24 14:03:01.351,1.4674,1.46755,2.00,3.20
2009.03.24 14:03:01.631,1.4674,1.46755,2.00,1.00
2009.03.24 14:03:02.741,1.4674,1.4676,6.80,4.80
2009.03.24 14:03:02.971,1.4675,1.4676,1.00,4.80
2009.03.24 14:03:03.361,1.4674,1.4676,2.00,4.80
2009.03.24 14:03:04.420,1.4674,1.46755,2.00,4.80
2009.03.24 14:03:05.960,1.4674,1.4675,1.60,4.80
2009.03.24 14:03:06.200,1.4674,1.4675,2.00,4.80
2009.03.24 14:03:06.430,1.4674,1.46755,2.00,4.80
2009.03.24 14:03:06.650,1.4674,1.46755,1.60,4.80
2009.03.24 14:03:07.060,1.4674,1.46755,2.00,4.80
2009.03.24 14:03:08.579,1.4675,1.4676,1.00,4.80
2009.03.24 14:03:09.039,1.4675,1.4676,1.00,4.80
2009.03.24 14:03:09.379,1.4675,1.4676,4.40,4.80
2009.03.24 14:03:09.619,1.4676,1.46765,1.00,6.40
2009.03.24 14:03:09.909,1.4676,1.46765,1.00,6.40
2009.03.24 14:03:10.539,1.4676,1.4677,1.00,6.40
2009.03.24 14:03:10.849,1.46765,1.4677,1.00,6.40
2009.03.24 14:03:11.250,1.4678,1.468,19.40,1.60
2009.03.24 14:03:11.539,1.46795,1.46805,1.00,5.00
2009.03.24 14:03:11.879,1.46795,1.4683,1.80,4.40
2009.03.24 14:03:11.998,1.46815,1.46835,2.80,9.60
2009.03.24 14:03:12.468,1.4683,1.46835,1.00,7.20
2009.03.24 14:03:12.928,1.4683,1.46835,1.00,8.00
2009.03.24 14:03:13.218,1.4683,1.4684,1.00,5.40
2009.03.24 14:03:13.558,1.4682,1.4684,2.80,1.40
2009.03.24 14:03:14.018,1.4683,1.4684,1.00,1.40
2009.03.24 14:03:14.358,1.4682,1.4684,2.80,1.40
2009.03.24 14:03:14.708,1.46815,1.4683,5.40,1.00
2009.03.24 14:03:15.058,1.46815,1.4683,1.00,1.00
2009.03.24 14:03:15.388,1.46815,1.4683,1.00,1.20
2009.03.24 14:03:15.738,1.46815,1.46835,3.60,6.40
2009.03.24 14:03:16.087,1.4682,1.4684,2.00,4.00
2009.03.24 14:03:16.497,1.4682,1.4684,5.00,1.60
2009.03.24 14:03:17.497,1.46825,1.46845,1.00,1.60
2009.03.24 14:03:18.117,1.46825,1.4685,1.00,3.20
2009.03.24 14:03:24.545,1.46825,1.4685,2.00,1.60
2009.03.24 14:03:24.875,1.4683,1.46855,1.20,1.60
2009.03.24 14:03:25.166,1.4683,1.46855,2.00,1.40
2009.03.24 14:03:25.465,1.4683,1.46835,2.00,6.40
2009.03.24 14:03:25.875,1.4683,1.46835,4.40,6.40
2009.03.24 14:03:26.335,1.46835,1.4684,3.60,4.80
2009.03.24 14:03:27.205,1.4685,1.4687,5.20,7.20
2009.03.24 14:03:27.545,1.46845,1.4685,5.60,4.80
2009.03.24 14:03:28.074,1.46845,1.4685,1.60,6.40
2009.03.24 14:03:28.244,1.4684,1.46855,3.20,6.40
2009.03.24 14:03:28.624,1.4684,1.46855,3.20,4.80
2009.03.24 14:03:29.014,1.4684,1.4685,3.60,4.80
2009.03.24 14:03:29.364,1.4684,1.4685,3.20,4.80
2009.03.24 14:03:30.154,1.4684,1.46845,3.20,4.80
2009.03.24 14:03:30.484,1.46835,1.4684,6.40,4.80
2009.03.24 14:03:30.754,1.46835,1.4684,6.80,4.80
2009.03.24 14:03:31.453,1.46835,1.46845,6.80,4.80
2009.03.24 14:03:32.583,1.46835,1.4685,6.80,4.80
2009.03.24 14:03:33.323,1.46835,1.46855,6.80,6.40
2009.03.24 14:03:34.643,1.46835,1.46855,6.80,1.60
2009.03.24 14:03:35.903,1.46835,1.4685,1.60,1.60
2009.03.24 14:03:36.402,1.46835,1.4685,1.60,1.40
2009.03.24 14:03:36.623,1.46835,1.4685,6.40,1.40
2009.03.24 14:03:37.092,1.46835,1.4685,10.40,1.40
2009.03.24 14:03:38.132,1.46835,1.4685,15.20,1.40
2009.03.24 14:03:38.362,1.4685,1.46855,3.60,1.40
2009.03.24 14:03:38.632,1.4685,1.46855,1.60,1.40
2009.03.24 14:03:38.862,1.46835,1.4685,11.20,1.40
2009.03.24 14:03:39.562,1.46835,1.46845,11.20,1.40
2009.03.24 14:03:39.902,1.46845,1.4685,4.80,1.20
2009.03.24 14:03:40.721,1.4684,1.4685,4.80,1.20
2009.03.24 14:03:41.501,1.46835,1.4685,9.60,1.20
2009.03.24 14:03:41.711,1.46835,1.4685,4.80,1.20
2009.03.24 14:03:42.061,1.46835,1.4685,4.80,1.20
2009.03.24 14:03:42.411,1.46835,1.46845,2.40,1.60
2009.03.24 14:03:42.721,1.46845,1.46865,8.80,3.20
2009.03.24 14:03:43.021,1.46835,1.4685,1.60,1.60
2009.03.24 14:03:43.361,1.46835,1.46845,4.00,1.60
2009.03.24 14:03:43.701,1.4683,1.46845,8.80,1.60
2009.03.24 14:03:44.041,1.46835,1.46845,4.80,1.60
2009.03.24 14:03:44.441,1.4685,1.4686,1.60,1.00
2009.03.24 14:03:44.901,1.4684,1.4687,1.60,1.60
2009.03.24 14:03:45.290,1.4686,1.46875,2.40,1.60
2009.03.24 14:03:45.582,1.4686,1.4688,2.40,8.00
2009.03.24 14:03:45.760,1.4686,1.46875,2.40,4.80
2009.03.24 14:03:46.870,1.46855,1.4686,3.60,4.80
2009.03.24 14:03:47.330,1.4686,1.46865,2.40,4.80
2009.03.24 14:03:48.759,1.46855,1.4686,4.80,4.80
2009.03.24 14:03:49.569,1.46865,1.4687,1.00,6.40
2009.03.24 14:03:49.899,1.46865,1.4687,1.20,6.40
2009.03.24 14:03:50.229,1.4687,1.4689,2.80,8.40
2009.03.24 14:03:51.649,1.4687,1.4689,2.80,7.60
2009.03.24 14:03:52.309,1.46865,1.46885,5.00,4.00
2009.03.24 14:03:53.568,1.4687,1.4689,2.80,7.60
2009.03.24 14:03:54.318,1.46875,1.46885,4.40,8.80
2009.03.24 14:03:54.728,1.46875,1.46895,4.40,1.60
2009.03.24 14:03:55.128,1.46875,1.469,10.40,1.60
2009.03.24 14:03:55.738,1.46875,1.469,4.80,3.20
2009.03.24 14:03:56.008,1.4687,1.46875,1.60,3.20
2009.03.24 14:03:56.368,1.46865,1.46875,10.80,3.20
2009.03.24 14:03:56.658,1.46865,1.46875,2.00,3.20
2009.03.24 14:03:57.567,1.4687,1.4688,2.40,4.80
2009.03.24 14:03:57.929,1.4687,1.4688,2.80,4.80
2009.03.24 14:03:58.097,1.46865,1.4687,8.40,3.20
2009.03.24 14:03:58.587,1.46875,1.46895,1.20,4.60
2009.03.24 14:03:58.877,1.4687,1.46875,2.80,4.80
2009.03.24 14:03:59.217,1.46875,1.46885,1.20,4.80
2009.03.24 14:03:59.507,1.46875,1.469,1.20,4.80
2009.03.24 14:04:00.977,1.46875,1.4689,4.40,4.80
2009.03.24 14:04:01.207,1.4688,1.4689,2.40,4.80
2009.03.24 14:04:01.367,1.4688,1.4689,2.80,4.80
2009.03.24 14:04:01.546,1.4688,1.4689,5.20,4.80
2009.03.24 14:04:01.876,1.46885,1.46895,1.20,4.80
2009.03.24 14:04:02.386,1.46885,1.469,1.20,4.80
2009.03.24 14:04:02.746,1.46885,1.469,4.80,6.20
2009.03.24 14:04:04.227,1.46885,1.46895,4.80,4.80
2009.03.24 14:04:04.935,1.46885,1.469,5.60,6.40
2009.03.24 14:04:05.775,1.46885,1.46895,5.60,1.20
2009.03.24 14:04:06.465,1.4691,1.4692,4.40,7.00
2009.03.24 14:04:06.576,1.4691,1.4693,6.80,17.60
2009.03.24 14:04:06.805,1.4692,1.46925,1.00,7.50
2009.03.24 14:04:07.255,1.46915,1.4692,2.80,8.00
2009.03.24 14:04:07.595,1.46915,1.4693,1.00,9.20
2009.03.24 14:04:07.935,1.46905,1.4691,10.50,6.40
2009.03.24 14:04:08.854,1.4692,1.46925,1.00,7.30
2009.03.24 14:04:09.655,1.469,1.46905,13.40,4.80
2009.03.24 14:04:10.005,1.46905,1.4691,11.20,4.80
2009.03.24 14:04:10.914,1.4691,1.46915,5.20,6.40
2009.03.24 14:04:11.134,1.4691,1.46915,2.80,6.40
2009.03.24 14:04:11.604,1.4692,1.46925,1.00,4.80
2009.03.24 14:04:12.064,1.4691,1.4692,2.80,4.80
2009.03.24 14:04:12.474,1.4691,1.4693,7.60,1.60
2009.03.24 14:04:12.814,1.46915,1.46935,5.20,4.40
2009.03.24 14:04:12.984,1.46915,1.4693,8.40,1.20
2009.03.24 14:04:13.214,1.46915,1.4693,7.20,2.00
2009.03.24 14:04:13.483,1.4691,1.46925,2.40,3.20
2009.03.24 14:04:13.824,1.46905,1.46915,4.80,1.80
2009.03.24 14:04:14.693,1.46905,1.46915,4.80,4.40
2009.03.24 14:04:15.153,1.46905,1.46915,4.80,1.20
2009.03.24 14:04:15.553,1.46905,1.4691,4.80,1.60
2009.03.24 14:04:15.733,1.469,1.46905,6.40,1.60
2009.03.24 14:04:16.723,1.469,1.4691,4.80,1.60
2009.03.24 14:04:17.692,1.46905,1.4691,4.80,1.60
2009.03.24 14:04:18.332,1.469,1.46905,6.40,1.60
2009.03.24 14:04:18.572,1.46895,1.46905,8.40,2.40
2009.03.24 14:04:18.922,1.4689,1.469,7.60,1.60
2009.03.24 14:04:19.312,1.46905,1.4691,4.80,3.30
2009.03.24 14:04:22.182,1.4689,1.46895,1.00,1.60
2009.03.24 14:04:22.532,1.46885,1.469,5.40,1.40
2009.03.24 14:04:23.051,1.469,1.4691,2.40,1.60
2009.03.24 14:04:23.441,1.469,1.4691,2.40,2.40
2009.03.24 14:04:23.851,1.469,1.4691,2.40,1.60
2009.03.24 14:04:24.141,1.469,1.46915,2.40,7.20
2009.03.24 14:04:24.471,1.469,1.46915,2.80,7.00
2009.03.24 14:04:24.801,1.46895,1.46915,5.00,1.40
2009.03.24 14:04:25.081,1.46895,1.46915,2.00,1.40
2009.03.24 14:04:25.371,1.4689,1.46905,9.20,1.60
2009.03.24 14:04:25.701,1.4689,1.469,2.80,2.20
2009.03.24 14:04:27.420,1.46885,1.4689,11.40,2.20
2009.03.24 14:04:27.651,1.4688,1.4689,2.80,2.20
2009.03.24 14:04:27.870,1.46885,1.4689,4.80,2.20
2009.03.24 14:04:28.460,1.4689,1.46895,4.80,3.40
2009.03.24 14:04:28.950,1.4688,1.46885,3.20,3.20
2009.03.24 14:04:29.400,1.46865,1.4687,4.90,2.40
2009.03.24 14:04:29.850,1.4686,1.46865,2.80,1.20
2009.03.24 14:04:30.149,1.4688,1.46885,4.80,22.40
2009.03.24 14:04:30.499,1.4687,1.46875,4.80,2.90
2009.03.24 14:04:30.719,1.4686,1.46865,2.80,1.20
2009.03.24 14:04:33.838,1.46865,1.4687,1.00,1.70
2009.03.24 14:04:34.308,1.46865,1.4687,2.80,1.70
2009.03.24 14:04:34.638,1.46865,1.46875,2.80,3.60
2009.03.24 14:04:35.118,1.46865,1.4687,1.00,2.00
2009.03.24 14:04:35.639,1.46875,1.4688,1.00,1.50
2009.03.24 14:04:35.988,1.46875,1.4689,1.00,4.00
2009.03.24 14:04:36.278,1.46875,1.46885,1.00,1.00
2009.03.24 14:04:36.448,1.4688,1.46885,1.00,1.00
2009.03.24 14:04:37.817,1.46885,1.46895,1.00,10.40
2009.03.24 14:04:38.137,1.46875,1.4688,1.00,1.60
2009.03.24 14:04:38.368,1.4686,1.4688,3.40,1.00
2009.03.24 14:04:39.807,1.46855,1.4688,1.40,3.20
2009.03.24 14:04:40.167,1.46855,1.4687,2.20,1.00
2009.03.24 14:04:40.637,1.46855,1.4687,2.20,2.00
2009.03.24 14:04:41.097,1.46855,1.4688,2.20,1.60
2009.03.24 14:04:41.537,1.4686,1.4687,1.00,1.60
2009.03.24 14:04:41.877,1.4685,1.4687,2.80,1.60
2009.03.24 14:04:44.476,1.4685,1.4687,3.00,3.20
2009.03.24 14:04:44.926,1.46845,1.4686,1.00,1.00
2009.03.24 14:04:45.286,1.46845,1.46865,1.00,2.20
2009.03.24 14:04:45.756,1.4684,1.4685,2.80,1.60
2009.03.24 14:04:46.096,1.46835,1.4684,4.40,4.80
2009.03.24 14:04:46.386,1.468,1.46835,2.00,7.20
2009.03.24 14:04:46.676,1.46795,1.46835,2.20,10.40
2009.03.24 14:04:47.085,1.46795,1.4684,7.60,8.80
2009.03.24 14:04:47.425,1.46815,1.4684,1.00,1.60
2009.03.24 14:04:47.885,1.4683,1.4685,1.20,4.00
2009.03.24 14:04:48.005,1.4683,1.46855,1.20,1.60
2009.03.24 14:04:48.245,1.4683,1.46855,1.20,1.60
2009.03.24 14:04:48.756,1.4683,1.46835,1.00,2.20
2009.03.24 14:04:49.275,1.4683,1.46845,1.00,4.80
2009.03.24 14:04:49.735,1.4683,1.46855,1.00,6.40
2009.03.24 14:04:50.195,1.4683,1.46855,1.00,10.00
2009.03.24 14:04:50.475,1.4683,1.46855,1.00,1.60
2009.03.24 14:04:50.994,1.4683,1.46855,1.00,3.00
2009.03.24 14:04:51.225,1.4683,1.46855,1.00,10.20
2009.03.24 14:04:51.454,1.4684,1.4685,1.00,3.00
2009.03.24 14:04:51.954,1.4684,1.46845,2.80,1.60
2009.03.24 14:04:52.304,1.4684,1.46845,1.00,2.10
2009.03.24 14:04:52.704,1.4684,1.46845,1.00,2.20
2009.03.24 14:04:53.044,1.4684,1.4685,1.00,5.40
2009.03.24 14:04:53.434,1.46825,1.4685,1.00,5.40
2009.03.24 14:04:53.664,1.46825,1.46845,1.00,2.20
2009.03.24 14:04:55.423,1.4683,1.46845,1.00,2.20
2009.03.24 14:04:57.683,1.46825,1.46845,1.00,2.20
2009.03.24 14:04:58.913,1.46825,1.4684,1.00,1.40
2009.03.24 14:04:59.192,1.4682,1.4683,1.00,1.60
2009.03.24 14:04:59.602,1.4681,1.4683,1.00,7.80
2009.03.24 14:04:59.962,1.4681,1.46825,1.00,1.60
2009.03.24 14:05:00.312,1.4681,1.46825,1.00,8.00
2009.03.24 14:05:00.772,1.4681,1.4682,1.00,1.60
2009.03.24 14:05:01.062,1.4681,1.46815,1.00,6.40
2009.03.24 14:05:01.452,1.4681,1.46815,1.00,1.60
2009.03.24 14:05:01.802,1.46805,1.46815,1.00,1.60
2009.03.24 14:05:02.091,1.4678,1.46815,1.60,6.40
2009.03.24 14:05:03.172,1.46775,1.468,5.20,4.80
2009.03.24 14:05:03.341,1.4678,1.46795,1.00,1.80
2009.03.24 14:05:03.631,1.4678,1.46795,1.00,5.00
2009.03.24 14:05:04.771,1.4678,1.46795,1.00,14.60
2009.03.24 14:05:05.111,1.4678,1.46795,1.00,14.60
2009.03.24 14:05:05.511,1.46765,1.46795,2.20,14.60
2009.03.24 14:05:07.200,1.46765,1.46795,2.80,14.60
2009.03.24 14:05:07.461,1.4679,1.46795,1.00,1.60
2009.03.24 14:05:07.860,1.4679,1.46795,1.00,1.60
2009.03.24 14:05:08.150,1.46775,1.468,2.20,1.60
2009.03.24 14:05:09.630,1.46775,1.468,2.00,1.60
2009.03.24 14:05:09.900,1.46775,1.468,3.60,1.60
2009.03.24 14:05:10.360,1.4678,1.46805,1.40,3.20
2009.03.24 14:05:10.660,1.4678,1.46805,1.20,3.20
2009.03.24 14:05:10.779,1.4679,1.46805,1.00,3.20
2009.03.24 14:05:11.249,1.4679,1.46805,1.00,1.60
2009.03.24 14:05:11.460,1.46795,1.4681,1.00,1.60
2009.03.24 14:05:11.699,1.4681,1.46815,1.00,9.60
2009.03.24 14:05:11.929,1.4681,1.46815,1.00,4.80
2009.03.24 14:05:12.159,1.4681,1.4682,1.00,1.60
2009.03.24 14:05:12.489,1.468,1.4682,5.80,1.60
2009.03.24 14:05:12.719,1.468,1.4682,1.20,1.60
2009.03.24 14:05:13.119,1.4681,1.4682,1.00,1.60
2009.03.24 14:05:13.409,1.468,1.4682,5.20,1.60
2009.03.24 14:05:13.749,1.468,1.4682,1.00,1.60
2009.03.24 14:05:14.089,1.46795,1.46815,5.40,1.40
2009.03.24 14:05:14.439,1.468,1.4681,1.00,1.40
2009.03.24 14:05:14.769,1.468,1.46805,1.00,1.40
2009.03.24 14:05:15.099,1.4679,1.468,4.80,1.40
2009.03.24 14:05:15.438,1.4679,1.468,4.80,1.60
2009.03.24 14:05:15.789,1.4678,1.4679,4.80,1.60
2009.03.24 14:05:16.528,1.4677,1.468,4.80,3.00
2009.03.24 14:05:16.748,1.46765,1.468,1.60,6.40
2009.03.24 14:05:17.358,1.46765,1.46795,1.60,4.80
2009.03.24 14:05:18.088,1.46765,1.4679,1.60,4.80
2009.03.24 14:05:18.248,1.46765,1.46775,1.60,4.80
2009.03.24 14:05:18.608,1.46765,1.4678,1.60,4.80
2009.03.24 14:05:19.577,1.46765,1.46785,1.60,4.80
2009.03.24 14:05:19.927,1.4678,1.46785,1.00,4.80
2009.03.24 14:05:20.317,1.4678,1.468,1.00,4.80
2009.03.24 14:05:20.607,1.46775,1.468,2.20,4.80
2009.03.24 14:05:20.907,1.46775,1.468,2.00,4.80
2009.03.24 14:05:21.257,1.46775,1.46795,2.20,4.80
2009.03.24 14:05:21.497,1.4678,1.46795,1.00,4.80
2009.03.24 14:05:21.837,1.4677,1.468,1.60,4.80
2009.03.24 14:05:22.077,1.46775,1.46795,2.00,4.80
2009.03.24 14:05:23.266,1.4679,1.46795,1.00,4.80
2009.03.24 14:05:23.547,1.4679,1.46805,1.00,6.40
2009.03.24 14:05:23.776,1.46775,1.4679,2.00,4.80
2009.03.24 14:05:24.006,1.46765,1.46785,2.00,4.80
2009.03.24 14:05:24.476,1.4676,1.4678,1.60,4.80
2009.03.24 14:05:25.166,1.4676,1.46785,1.60,4.80
2009.03.24 14:05:27.176,1.46765,1.46785,5.40,4.80
2009.03.24 14:05:27.506,1.4677,1.46795,1.00,6.40
2009.03.24 14:05:28.545,1.4677,1.46795,1.00,1.60
2009.03.24 14:05:28.895,1.46765,1.46795,2.20,1.60
2009.03.24 14:05:29.185,1.46765,1.4679,1.60,4.80
2009.03.24 14:05:29.455,1.4676,1.46795,1.60,6.40
2009.03.24 14:05:29.855,1.4676,1.46795,1.60,7.00
2009.03.24 14:05:30.205,1.4676,1.4679,1.60,2.60
2009.03.24 14:05:30.585,1.4676,1.4679,1.60,1.60
2009.03.24 14:05:31.025,1.4676,1.46795,1.60,6.40
2009.03.24 14:05:34.684,1.4676,1.46795,1.60,11.20
2009.03.24 14:05:34.954,1.4676,1.4679,1.60,8.00
2009.03.24 14:05:35.874,1.4676,1.46785,1.00,6.40
2009.03.24 14:05:36.103,1.4676,1.4678,1.00,6.20
2009.03.24 14:05:36.623,1.4676,1.4678,1.00,4.80
2009.03.24 14:05:36.903,1.4675,1.4678,1.60,1.80
2009.03.24 14:05:37.143,1.4675,1.4678,1.60,6.20
2009.03.24 14:05:38.323,1.46755,1.4678,1.60,6.20
2009.03.24 14:05:38.663,1.46755,1.4678,1.60,1.40
2009.03.24 14:05:39.003,1.4675,1.4678,1.60,3.00
2009.03.24 14:05:39.403,1.4675,1.4678,1.60,8.00
2009.03.24 14:05:40.092,1.4675,1.4678,1.60,6.40
2009.03.24 14:05:40.722,1.4675,1.46785,1.60,6.40
2009.03.24 14:05:41.172,1.4675,1.46785,2.00,1.60
2009.03.24 14:05:41.572,1.46755,1.46785,1.60,4.80
2009.03.24 14:05:41.812,1.4675,1.46785,2.00,6.40
2009.03.24 14:05:42.042,1.4675,1.46785,1.60,6.40
2009.03.24 14:05:42.382,1.4675,1.46785,4.20,1.60
2009.03.24 14:05:42.662,1.4676,1.4679,1.60,1.60
2009.03.24 14:05:43.392,1.4676,1.46795,1.60,6.40
2009.03.24 14:05:44.282,1.46755,1.4679,2.00,1.60
2009.03.24 14:05:44.562,1.4677,1.4679,1.00,1.60
2009.03.24 14:05:44.801,1.4677,1.46795,1.00,3.40
2009.03.24 14:05:45.041,1.4677,1.46795,1.00,3.20
2009.03.24 14:05:45.431,1.4677,1.468,1.20,3.20
2009.03.24 14:05:45.831,1.4677,1.468,1.20,1.60
2009.03.24 14:05:46.051,1.4677,1.468,1.20,1.60
2009.03.24 14:05:46.281,1.4678,1.46805,8.80,10.20
2009.03.24 14:05:46.511,1.46785,1.4681,1.00,2.40
2009.03.24 14:05:46.791,1.46785,1.4681,1.00,1.60
2009.03.24 14:05:47.260,1.46785,1.4681,2.00,1.60
2009.03.24 14:05:47.900,1.4679,1.46815,2.00,1.40
2009.03.24 14:05:48.621,1.468,1.46815,1.00,1.40
2009.03.24 14:05:48.971,1.468,1.46815,1.00,1.40
2009.03.24 14:05:50.790,1.46795,1.4682,2.60,9.00
2009.03.24 14:05:51.080,1.46795,1.4682,2.60,7.80
2009.03.24 14:05:51.920,1.46795,1.4682,2.60,8.60
2009.03.24 14:05:52.659,1.46795,1.4682,2.00,7.80
2009.03.24 14:05:53.189,1.46795,1.46815,1.60,1.00
2009.03.24 14:05:54.429,1.4679,1.468,2.00,1.00
2009.03.24 14:05:54.759,1.4679,1.468,1.60,1.00
2009.03.24 14:05:55.049,1.46785,1.46805,2.00,1.60
2009.03.24 14:05:56.239,1.46785,1.468,6.60,1.60
2009.03.24 14:05:56.468,1.46785,1.46795,2.00,1.60
2009.03.24 14:05:56.579,1.4677,1.46795,2.00,9.60
2009.03.24 14:05:56.858,1.46765,1.4679,2.00,1.60
2009.03.24 14:05:56.969,1.46765,1.4678,1.00,1.00
2009.03.24 14:05:57.188,1.46765,1.46785,1.00,4.00
2009.03.24 14:05:57.508,1.4675,1.46775,1.00,1.60
2009.03.24 14:05:57.798,1.46745,1.46775,2.80,1.60
2009.03.24 14:05:58.088,1.4675,1.4677,1.60,1.00
2009.03.24 14:05:58.628,1.46745,1.46775,2.00,7.20
2009.03.24 14:05:59.138,1.46745,1.4677,6.80,1.00
2009.03.24 14:05:59.488,1.46745,1.46775,2.00,4.00
2009.03.24 14:05:59.839,1.46755,1.4677,1.00,1.00
2009.03.24 14:06:00.307,1.46755,1.4678,1.00,3.20
2009.03.24 14:06:01.047,1.46755,1.4677,1.00,1.00
2009.03.24 14:06:01.997,1.4675,1.46775,7.60,5.60
2009.03.24 14:06:02.347,1.4675,1.46775,7.60,3.20
2009.03.24 14:06:02.987,1.4676,1.46785,1.00,1.60
2009.03.24 14:06:03.387,1.4676,1.4679,1.00,3.00
2009.03.24 14:06:03.717,1.4677,1.4679,1.00,3.00
2009.03.24 14:06:04.007,1.46765,1.4679,5.20,1.40
2009.03.24 14:06:04.297,1.4677,1.46795,1.00,3.00
2009.03.24 14:06:04.687,1.4678,1.46795,1.00,3.00
2009.03.24 14:06:05.946,1.4678,1.46795,1.00,1.40
2009.03.24 14:06:06.186,1.4678,1.46795,1.00,1.40
2009.03.24 14:06:06.346,1.4678,1.468,1.00,3.20
2009.03.24 14:06:06.517,1.46775,1.468,1.60,3.20
2009.03.24 14:06:06.806,1.46775,1.468,1.00,16.80
2009.03.24 14:06:07.216,1.4677,1.4679,2.80,1.60
2009.03.24 14:06:08.935,1.4678,1.46795,1.00,4.00
2009.03.24 14:06:09.386,1.4678,1.468,1.00,22.00
2009.03.24 14:06:09.785,1.4678,1.468,2.40,13.20
2009.03.24 14:06:10.085,1.4678,1.468,1.00,13.20
2009.03.24 14:06:10.545,1.46795,1.46805,2.80,4.80
2009.03.24 14:06:10.835,1.46795,1.468,2.40,4.00
2009.03.24 14:06:11.285,1.4678,1.468,2.80,3.80
2009.03.24 14:06:11.405,1.4678,1.468,2.80,3.60
2009.03.24 14:06:11.745,1.4678,1.468,2.80,3.00
2009.03.24 14:06:12.715,1.46785,1.4679,1.00,1.40
2009.03.24 14:06:13.155,1.468,1.46805,1.00,1.00
2009.03.24 14:06:13.324,1.468,1.4681,1.00,1.00
2009.03.24 14:06:13.624,1.468,1.4681,1.00,1.00
2009.03.24 14:06:13.974,1.46795,1.46815,7.00,1.60
2009.03.24 14:06:14.314,1.468,1.4682,6.80,1.40
2009.03.24 14:06:14.704,1.46805,1.4683,8.80,3.80
2009.03.24 14:06:15.044,1.468,1.4683,12.40,3.00
2009.03.24 14:06:15.504,1.4681,1.4682,1.00,1.40
2009.03.24 14:06:16.704,1.4681,1.4682,1.00,3.20
2009.03.24 14:06:16.883,1.4681,1.4682,1.00,1.20
2009.03.24 14:06:17.873,1.46805,1.4682,4.80,1.20
2009.03.24 14:06:18.563,1.46805,1.4682,4.80,1.40
2009.03.24 14:06:19.493,1.46805,1.4682,4.80,1.60
2009.03.24 14:06:19.893,1.468,1.4682,12.40,1.60
2009.03.24 14:06:20.583,1.46805,1.4683,4.80,1.60
2009.03.24 14:06:21.782,1.46805,1.4683,5.00,1.60
2009.03.24 14:06:22.842,1.46815,1.46835,1.00,5.20
2009.03.24 14:06:23.132,1.4682,1.46835,1.00,1.20
2009.03.24 14:06:23.372,1.46825,1.4684,1.00,4.80
2009.03.24 14:06:23.612,1.46825,1.46845,1.00,3.20
2009.03.24 14:06:24.692,1.46825,1.46845,1.00,1.60
2009.03.24 14:06:25.042,1.46825,1.4685,1.00,7.20
2009.03.24 14:06:30.150,1.46825,1.46845,1.00,1.40
2009.03.24 14:06:30.540,1.46815,1.46835,9.20,1.60
2009.03.24 14:06:30.760,1.46815,1.4683,4.80,1.60
2009.03.24 14:06:31.050,1.4681,1.4683,1.00,1.60
2009.03.24 14:06:31.400,1.4681,1.4683,1.00,6.40
2009.03.24 14:06:31.690,1.4681,1.4683,1.00,1.60
2009.03.24 14:06:32.040,1.4681,1.4683,1.00,6.40
2009.03.24 14:06:32.450,1.46795,1.4682,6.80,1.40
2009.03.24 14:06:32.780,1.46805,1.4683,1.00,1.60
2009.03.24 14:06:34.279,1.46805,1.4682,1.00,1.40
2009.03.24 14:06:34.459,1.468,1.46825,4.80,4.40
2009.03.24 14:06:34.819,1.468,1.4683,6.80,8.00
2009.03.24 14:06:35.179,1.4681,1.4683,1.00,3.20
2009.03.24 14:06:35.639,1.4681,1.4683,1.00,8.00
2009.03.24 14:06:36.389,1.4681,1.46825,1.00,1.60
2009.03.24 14:06:36.609,1.4681,1.4683,1.00,8.00
2009.03.24 14:06:37.139,1.4681,1.46825,1.00,1.60
2009.03.24 14:06:37.929,1.4681,1.4683,1.00,8.00
2009.03.24 14:06:39.248,1.4681,1.4683,1.00,6.40
2009.03.24 14:06:41.848,1.4681,1.4683,1.00,8.00
2009.03.24 14:06:42.137,1.468,1.4682,6.80,1.40
2009.03.24 14:06:42.597,1.46795,1.46825,5.00,19.60
2009.03.24 14:06:42.877,1.46795,1.46825,5.00,10.80
2009.03.24 14:06:43.197,1.46795,1.4682,6.60,1.60
2009.03.24 14:06:43.487,1.46795,1.4682,5.00,1.60
2009.03.24 14:06:43.767,1.468,1.4682,1.00,6.40
2009.03.24 14:06:44.057,1.468,1.46815,1.00,1.60
2009.03.24 14:06:44.587,1.4679,1.46815,4.80,8.00
2009.03.24 14:06:44.937,1.4679,1.46815,1.00,12.80
2009.03.24 14:06:45.407,1.4679,1.46815,1.00,14.60
2009.03.24 14:06:45.707,1.4679,1.46815,1.00,14.80
2009.03.24 14:06:46.096,1.4679,1.46815,1.00,12.00
2009.03.24 14:06:46.436,1.4679,1.46815,1.00,12.00
2009.03.24 14:06:47.066,1.4679,1.46815,1.00,10.40
2009.03.24 14:06:48.046,1.468,1.46815,1.00,10.40
2009.03.24 14:06:49.476,1.468,1.46815,1.00,8.80
2009.03.24 14:06:49.756,1.46795,1.4682,4.60,8.00
2009.03.24 14:06:50.036,1.468,1.4682,1.00,1.60
2009.03.24 14:06:50.335,1.468,1.4682,1.00,1.60
2009.03.24 14:06:51.565,1.468,1.46825,1.00,9.20
2009.03.24 14:06:52.375,1.468,1.4682,1.00,1.60
2009.03.24 14:06:52.545,1.468,1.4681,1.00,1.00
2009.03.24 14:06:52.865,1.46805,1.4681,1.20,5.80
2009.03.24 14:06:53.275,1.468,1.4682,5.20,2.20
2009.03.24 14:06:53.575,1.468,1.46825,5.00,13.80
2009.03.24 14:06:53.914,1.468,1.46825,1.00,13.20
2009.03.24 14:06:54.184,1.46805,1.46825,1.00,8.80
2009.03.24 14:06:54.484,1.468,1.4681,5.20,1.00
2009.03.24 14:06:54.774,1.46795,1.4681,4.60,1.60
2009.03.24 14:06:55.284,1.468,1.4681,1.00,1.60
2009.03.24 14:06:55.614,1.468,1.4682,5.20,1.00
2009.03.24 14:06:55.964,1.468,1.46825,5.00,7.60
2009.03.24 14:06:56.244,1.46795,1.46825,5.40,9.20
2009.03.24 14:06:56.404,1.46795,1.46825,5.00,9.20
2009.03.24 14:06:56.744,1.46795,1.46825,5.40,7.60
2009.03.24 14:06:57.024,1.46795,1.4681,5.20,1.00
2009.03.24 14:06:57.364,1.4679,1.46815,5.00,6.00
2009.03.24 14:06:57.544,1.4679,1.46815,3.60,6.00
2009.03.24 14:06:57.884,1.468,1.46815,1.00,6.00
2009.03.24 14:06:58.644,1.46785,1.46815,11.00,6.00
2009.03.24 14:06:58.875,1.4679,1.46815,1.00,6.00
2009.03.24 14:06:59.273,1.46785,1.46815,11.00,6.00
2009.03.24 14:06:59.613,1.468,1.46815,1.00,6.40
2009.03.24 14:07:00.574,1.468,1.46815,1.00,8.00
2009.03.24 14:07:01.033,1.468,1.46815,1.00,6.40
2009.03.24 14:07:01.383,1.46795,1.46815,1.00,7.00
2009.03.24 14:07:01.603,1.4679,1.46815,1.00,7.00
2009.03.24 14:07:01.773,1.4679,1.46815,1.00,6.40
2009.03.24 14:07:01.993,1.4679,1.46815,1.00,7.60
2009.03.24 14:07:02.343,1.4679,1.46815,1.00,7.00
2009.03.24 14:07:02.623,1.4679,1.46815,1.00,6.40
2009.03.24 14:07:03.032,1.4679,1.46815,1.00,14.20
2009.03.24 14:07:03.302,1.4679,1.46815,1.00,13.00
2009.03.24 14:07:03.632,1.4679,1.468,1.00,5.00
2009.03.24 14:07:03.872,1.4679,1.468,1.00,4.80
2009.03.24 14:07:05.743,1.4678,1.468,1.00,4.80
2009.03.24 14:07:06.472,1.4678,1.468,1.00,4.80
2009.03.24 14:07:06.812,1.46775,1.468,2.00,4.80
2009.03.24 14:07:07.512,1.46775,1.46795,1.00,7.60
2009.03.24 14:07:07.851,1.46775,1.4679,1.00,4.80
2009.03.24 14:07:08.191,1.46775,1.46785,1.00,4.80
2009.03.24 14:07:08.991,1.46775,1.4679,1.00,4.80
2009.03.24 14:07:09.700,1.46775,1.46795,1.00,6.40
2009.03.24 14:07:10.091,1.4678,1.46795,1.00,6.40
2009.03.24 14:07:10.561,1.46785,1.46795,1.00,6.40
2009.03.24 14:07:11.061,1.46785,1.46795,1.00,1.60
2009.03.24 14:07:11.340,1.46785,1.468,1.00,6.40
2009.03.24 14:07:11.740,1.4678,1.468,1.00,8.00
2009.03.24 14:07:12.540,1.46785,1.468,1.00,6.40
2009.03.24 14:07:13.690,1.4678,1.468,1.00,8.00
2009.03.24 14:07:14.040,1.46785,1.468,1.00,6.40
2009.03.24 14:07:14.369,1.46785,1.46805,1.00,8.80
2009.03.24 14:07:14.719,1.46785,1.46815,5.20,13.00
2009.03.24 14:07:15.109,1.4679,1.46815,1.00,6.40
2009.03.24 14:07:15.439,1.4679,1.46815,5.00,6.40
2009.03.24 14:07:15.781,1.4679,1.46815,5.20,1.60
2009.03.24 14:07:16.879,1.4679,1.46815,7.40,6.40
2009.03.24 14:07:17.209,1.4679,1.46815,12.00,1.60
2009.03.24 14:07:17.549,1.468,1.4682,1.00,1.60
2009.03.24 14:07:18.239,1.468,1.46825,5.20,3.20
2009.03.24 14:07:18.529,1.468,1.46825,5.20,1.60
2009.03.24 14:07:19.058,1.468,1.4682,4.80,1.60
2009.03.24 14:07:19.398,1.468,1.46825,4.80,3.20
2009.03.24 14:07:19.858,1.468,1.46825,5.20,3.20
2009.03.24 14:07:20.199,1.468,1.4682,5.20,1.00
2009.03.24 14:07:20.488,1.468,1.4682,5.00,1.00
2009.03.24 14:07:20.758,1.46805,1.4682,4.80,1.00
2009.03.24 14:07:21.048,1.4681,1.46825,1.00,4.80
2009.03.24 14:07:21.398,1.4681,1.4684,1.00,8.80
2009.03.24 14:07:21.748,1.4681,1.4684,1.20,6.40
2009.03.24 14:07:21.988,1.4681,1.4684,2.00,4.80
2009.03.24 14:07:22.378,1.4682,1.4684,1.20,4.80
2009.03.24 14:07:22.778,1.46815,1.4684,3.60,12.80
2009.03.24 14:07:23.057,1.4681,1.46835,5.20,5.40
2009.03.24 14:07:23.298,1.46815,1.46835,4.80,5.40
2009.03.24 14:07:23.578,1.46825,1.4684,1.00,7.00
2009.03.24 14:07:23.877,1.46825,1.4684,1.20,6.20
2009.03.24 14:07:24.207,1.46815,1.4684,1.00,12.60
2009.03.24 14:07:24.547,1.4681,1.46835,5.00,10.20
2009.03.24 14:07:24.947,1.4681,1.46835,1.20,10.20
2009.03.24 14:07:25.467,1.4683,1.46835,1.00,9.80
2009.03.24 14:07:25.698,1.4683,1.4684,1.00,7.80
2009.03.24 14:07:26.497,1.46825,1.4684,1.20,7.80
2009.03.24 14:07:27.447,1.46835,1.4684,3.30,8.00
2009.03.24 14:07:27.846,1.46835,1.4684,2.40,3.00
2009.03.24 14:07:28.166,1.46825,1.4683,1.20,2.80
2009.03.24 14:07:28.566,1.4682,1.46825,1.00,1.50
2009.03.24 14:07:28.796,1.46805,1.4682,4.80,2.80
2009.03.24 14:07:29.276,1.468,1.46815,7.20,2.40
2009.03.24 14:07:29.686,1.4681,1.4682,1.00,4.80
2009.03.24 14:07:30.146,1.46805,1.46825,2.40,5.40
2009.03.24 14:07:30.616,1.46805,1.4682,2.40,1.00
2009.03.24 14:07:31.006,1.46805,1.4683,2.40,6.80
2009.03.24 14:07:31.346,1.4681,1.4682,3.20,1.20
2009.03.24 14:07:31.696,1.4681,1.4683,3.60,2.80
2009.03.24 14:07:32.505,1.4681,1.4683,3.60,6.80
2009.03.24 14:07:32.845,1.4681,1.4683,2.80,6.80
2009.03.24 14:07:33.195,1.4681,1.4683,3.60,6.80
2009.03.24 14:07:33.535,1.4681,1.46825,4.40,2.80
2009.03.24 14:07:33.825,1.4681,1.4683,2.80,7.60
2009.03.24 14:07:34.105,1.4681,1.4683,2.80,2.80
2009.03.24 14:07:35.895,1.4682,1.4683,4.80,2.00
2009.03.24 14:07:36.184,1.4683,1.46835,2.80,5.60
2009.03.24 14:07:36.404,1.4683,1.4684,1.20,8.80
2009.03.24 14:07:36.574,1.46815,1.4684,1.20,6.00
2009.03.24 14:07:36.754,1.46815,1.4684,4.40,6.00
2009.03.24 14:07:36.924,1.46815,1.4684,9.20,6.20
2009.03.24 14:07:37.224,1.46815,1.4684,9.20,4.40
2009.03.24 14:07:37.394,1.46815,1.4684,9.20,1.20
2009.03.24 14:07:38.594,1.4682,1.46845,1.00,7.80
2009.03.24 14:07:39.004,1.4682,1.46845,1.00,7.80
2009.03.24 14:07:40.573,1.46825,1.46845,1.00,1.60
2009.03.24 14:07:40.843,1.46825,1.4685,1.00,1.60
2009.03.24 14:07:41.075,1.46835,1.4685,1.00,4.80
2009.03.24 14:07:41.363,1.46835,1.4685,1.00,5.00
2009.03.24 14:07:41.753,1.4684,1.4686,1.00,4.80
2009.03.24 14:07:42.113,1.4684,1.4686,5.20,5.00
2009.03.24 14:07:42.403,1.4684,1.4686,6.40,4.60
2009.03.24 14:07:42.863,1.46845,1.46875,1.00,11.80
2009.03.24 14:07:43.263,1.46845,1.46865,1.60,1.60
2009.03.24 14:07:43.542,1.46845,1.46865,6.40,1.60
2009.03.24 14:07:44.343,1.46845,1.46875,6.80,4.80
2009.03.24 14:07:44.743,1.46845,1.4688,6.80,8.00
2009.03.24 14:07:45.142,1.4687,1.46885,1.00,5.40
2009.03.24 14:07:45.592,1.46865,1.46885,5.20,1.60
2009.03.24 14:07:45.982,1.46885,1.46895,1.00,18.40
2009.03.24 14:07:46.344,1.46875,1.46895,1.00,12.00
2009.03.24 14:07:47.422,1.46875,1.4689,1.00,4.80
2009.03.24 14:07:47.661,1.46875,1.46885,1.00,4.80
2009.03.24 14:07:47.962,1.4687,1.46885,3.60,4.80
2009.03.24 14:07:48.182,1.4687,1.46885,1.00,4.80
2009.03.24 14:07:49.401,1.4686,1.4687,7.20,1.40
2009.03.24 14:07:49.731,1.4686,1.4687,4.80,1.40
2009.03.24 14:07:50.061,1.4686,1.4688,5.20,2.60
2009.03.24 14:07:50.561,1.4686,1.4688,1.00,2.60
2009.03.24 14:07:50.921,1.4686,1.4688,1.00,4.20
2009.03.24 14:07:51.711,1.4685,1.4687,4.80,1.40
2009.03.24 14:07:52.121,1.4685,1.4686,4.80,1.00
2009.03.24 14:07:52.351,1.4685,1.46865,4.80,1.40
2009.03.24 14:07:52.760,1.46845,1.46865,6.80,1.40
2009.03.24 14:07:58.769,1.46845,1.46865,1.80,1.40
2009.03.24 14:07:59.389,1.46845,1.46865,6.20,1.40
2009.03.24 14:07:59.798,1.46845,1.46865,6.00,1.40
2009.03.24 14:08:00.148,1.4684,1.4687,8.40,6.40
2009.03.24 14:08:00.498,1.4684,1.46855,2.40,1.60
2009.03.24 14:08:00.789,1.4684,1.4686,2.80,4.80
2009.03.24 14:08:01.079,1.4684,1.4686,2.40,6.40
2009.03.24 14:08:01.468,1.4684,1.46865,2.40,4.80
2009.03.24 14:08:01.758,1.4684,1.4687,7.20,8.00
2009.03.24 14:08:02.538,1.4684,1.46865,7.20,1.60
2009.03.24 14:08:03.068,1.4684,1.4687,7.20,8.00
2009.03.24 14:08:04.058,1.4684,1.46865,7.20,1.60
2009.03.24 14:08:04.528,1.4684,1.4686,7.20,1.60
2009.03.24 14:08:05.068,1.4684,1.4686,2.40,1.60
2009.03.24 14:08:05.517,1.4684,1.46855,2.40,1.60
2009.03.24 14:08:05.917,1.4684,1.4685,2.80,1.00
2009.03.24 14:08:09.576,1.46845,1.4686,1.00,7.40
2009.03.24 14:08:09.926,1.46845,1.46865,1.00,1.60
2009.03.24 14:08:10.396,1.46845,1.4686,4.80,1.60
2009.03.24 14:08:10.846,1.46845,1.46865,1.00,4.80
2009.03.24 14:08:11.376,1.46845,1.4687,1.00,8.00
2009.03.24 14:08:12.815,1.46845,1.4687,1.00,12.80
2009.03.24 14:08:13.036,1.4684,1.4686,7.60,1.60
2009.03.24 14:08:13.325,1.4684,1.4686,2.80,1.60
2009.03.24 14:08:15.295,1.4684,1.4685,2.80,1.40
2009.03.24 14:08:15.595,1.4684,1.4685,2.80,2.20
2009.03.24 14:08:15.815,1.4684,1.4685,2.80,3.80
2009.03.24 14:08:16.265,1.4684,1.4685,2.80,3.60
2009.03.24 14:08:16.495,1.4684,1.4685,2.80,3.20
2009.03.24 14:08:16.705,1.46835,1.46855,7.60,4.00
2009.03.24 14:08:17.057,1.46835,1.46855,5.20,4.00
2009.03.24 14:08:17.385,1.46835,1.4684,1.20,2.80
2009.03.24 14:08:17.734,1.46825,1.4683,4.40,1.40
2009.03.24 14:08:18.084,1.46825,1.4683,2.40,2.60
2009.03.24 14:08:18.494,1.4683,1.4684,1.00,2.80
2009.03.24 14:08:18.714,1.4684,1.46845,1.00,2.80
2009.03.24 14:08:19.194,1.4683,1.4684,1.60,1.00
2009.03.24 14:08:19.574,1.46835,1.4685,1.00,5.00
2009.03.24 14:08:20.094,1.46835,1.46855,1.00,2.40
2009.03.24 14:08:20.393,1.4684,1.4685,1.00,2.80
2009.03.24 14:08:22.013,1.4684,1.4685,2.80,2.80
2009.03.24 14:08:22.363,1.46845,1.4686,1.00,4.00
2009.03.24 14:08:22.593,1.46845,1.4686,1.00,2.80
2009.03.24 14:08:22.714,1.46845,1.4686,1.00,1.60
2009.03.24 14:08:23.123,1.46855,1.4687,1.00,8.00
2009.03.24 14:08:23.363,1.46855,1.4687,1.00,4.80
2009.03.24 14:08:23.754,1.4686,1.4687,5.20,1.00
2009.03.24 14:08:24.143,1.46855,1.46875,5.20,6.20
2009.03.24 14:08:24.653,1.46845,1.46865,3.60,9.60
2009.03.24 14:08:25.112,1.46845,1.46865,1.00,10.00
2009.03.24 14:08:25.552,1.4685,1.46855,4.80,1.00
2009.03.24 14:08:26.412,1.4685,1.46875,3.20,3.60
2009.03.24 14:08:26.812,1.4686,1.46875,6.60,4.80
2009.03.24 14:08:27.042,1.46855,1.46875,5.20,4.80
2009.03.24 14:08:27.272,1.4687,1.4688,1.00,3.20
2009.03.24 14:08:27.492,1.4687,1.46885,1.00,5.40
2009.03.24 14:08:27.912,1.46865,1.46885,1.00,6.80
2009.03.24 14:08:30.191,1.46835,1.4685,4.40,1.00
2009.03.24 14:08:30.471,1.4683,1.46855,14.80,2.00
2009.03.24 14:08:32.471,1.4683,1.46855,14.00,2.60
2009.03.24 14:08:32.881,1.4683,1.4684,14.00,1.00
2009.03.24 14:08:33.180,1.4683,1.4684,2.80,1.00
2009.03.24 14:08:34.150,1.46825,1.46845,7.60,2.20
2009.03.24 14:08:34.542,1.4682,1.46845,15.60,2.20
2009.03.24 14:08:34.890,1.4682,1.46845,15.60,1.40
2009.03.24 14:08:35.230,1.4682,1.46845,10.80,1.40
2009.03.24 14:08:35.570,1.4682,1.4683,4.40,1.60
2009.03.24 14:08:35.920,1.46815,1.4682,5.90,1.00
2009.03.24 14:08:36.260,1.46815,1.4682,5.90,1.00
2009.03.24 14:08:36.650,1.4682,1.46825,1.60,1.60
2009.03.24 14:08:36.890,1.4682,1.4683,1.60,6.20
2009.03.24 14:08:37.129,1.4682,1.4683,1.60,3.20
2009.03.24 14:08:37.490,1.4682,1.4684,1.60,6.40
2009.03.24 14:08:37.899,1.4682,1.4684,1.60,4.80
2009.03.24 14:08:38.289,1.4682,1.4683,1.60,4.80
2009.03.24 14:08:38.849,1.4682,1.46835,1.60,19.20
2009.03.24 14:08:39.059,1.4682,1.4683,1.60,3.20
2009.03.24 14:08:39.419,1.4682,1.46825,1.60,4.80
2009.03.24 14:08:39.799,1.4682,1.46825,1.60,8.00
2009.03.24 14:08:40.309,1.46815,1.4682,5.70,1.60
2009.03.24 14:08:40.659,1.46805,1.46815,7.30,4.80
2009.03.24 14:08:41.009,1.46805,1.46815,9.80,5.60
2009.03.24 14:08:41.478,1.4681,1.46815,5.80,1.60
2009.03.24 14:08:42.168,1.4681,1.46815,4.80,1.60
2009.03.24 14:08:42.469,1.4681,1.46835,5.00,4.80
2009.03.24 14:08:42.828,1.4681,1.46835,5.00,6.40
2009.03.24 14:08:43.268,1.4681,1.4683,1.00,4.80
2009.03.24 14:08:43.898,1.4681,1.46825,5.00,4.80
2009.03.24 14:08:44.928,1.4681,1.4682,5.00,4.80
2009.03.24 14:08:45.258,1.4681,1.46815,5.00,4.80
2009.03.24 14:08:45.619,1.4681,1.4682,5.00,4.80
2009.03.24 14:08:45.858,1.46805,1.4682,2.00,4.80
2009.03.24 14:08:46.199,1.46805,1.46815,2.00,4.80
2009.03.24 14:08:46.937,1.46805,1.46835,2.00,7.60
2009.03.24 14:08:47.277,1.46805,1.4683,2.00,4.80
2009.03.24 14:08:47.787,1.4681,1.4683,5.00,4.80
2009.03.24 14:08:47.967,1.4681,1.4684,5.20,10.00
2009.03.24 14:08:48.767,1.4681,1.4684,5.00,10.00
2009.03.24 14:08:48.997,1.4681,1.4684,5.20,5.20
2009.03.24 14:08:49.337,1.4681,1.4683,4.80,1.60
2009.03.24 14:08:49.976,1.46805,1.4683,6.40,1.60
2009.03.24 14:08:50.916,1.46805,1.4683,6.40,4.80
2009.03.24 14:08:51.277,1.46805,1.46825,4.80,4.80
2009.03.24 14:08:51.456,1.46805,1.4682,4.80,1.60
2009.03.24 14:08:51.676,1.46795,1.4682,4.80,2.20
2009.03.24 14:08:54.785,1.468,1.46825,4.80,1.00
2009.03.24 14:08:54.995,1.468,1.4683,1.00,7.40
2009.03.24 14:08:55.295,1.468,1.46825,6.80,1.60
2009.03.24 14:08:55.585,1.468,1.4683,6.80,6.40
2009.03.24 14:08:56.165,1.4681,1.4683,1.00,6.40
2009.03.24 14:08:56.495,1.468,1.4683,6.80,6.40
2009.03.24 14:08:57.085,1.4681,1.46835,1.00,8.80
2009.03.24 14:08:57.254,1.4681,1.4684,5.20,8.60
2009.03.24 14:08:57.375,1.4681,1.4684,5.20,7.80
2009.03.24 14:08:58.295,1.46805,1.46835,10.80,6.20
2009.03.24 14:08:58.594,1.46805,1.46835,6.80,6.20
2009.03.24 14:08:58.774,1.46805,1.46835,6.80,7.80
2009.03.24 14:08:59.744,1.46805,1.46835,8.40,7.80
2009.03.24 14:09:00.144,1.46805,1.46835,6.80,3.00
2009.03.24 14:09:00.494,1.46805,1.4682,4.80,1.40
2009.03.24 14:09:00.844,1.468,1.4682,1.60,1.40
2009.03.24 14:09:02.473,1.46795,1.4682,10.00,1.40
2009.03.24 14:09:02.713,1.46795,1.4682,5.00,6.20
2009.03.24 14:09:03.053,1.4679,1.4682,6.80,6.40
2009.03.24 14:09:03.293,1.4679,1.4682,6.80,8.00
2009.03.24 14:09:04.823,1.4679,1.4682,5.20,8.00
2009.03.24 14:09:06.302,1.46815,1.4682,1.00,4.80
2009.03.24 14:09:06.532,1.46815,1.46835,2.80,1.60
2009.03.24 14:09:06.832,1.46815,1.4684,10.60,8.00
2009.03.24 14:09:07.122,1.4682,1.4685,5.20,8.00
2009.03.24 14:09:07.522,1.4682,1.4685,9.00,8.00
2009.03.24 14:09:07.923,1.46835,1.4686,14.20,3.20
2009.03.24 14:09:08.332,1.46835,1.4686,10.20,3.20
2009.03.24 14:09:08.743,1.46835,1.4685,10.00,1.00
2009.03.24 14:09:12.242,1.4684,1.4685,4.80,1.00
2009.03.24 14:09:12.351,1.4684,1.46855,8.00,1.00
2009.03.24 14:09:12.571,1.4684,1.46865,13.20,4.00
2009.03.24 14:09:12.681,1.4685,1.46865,1.00,3.80
2009.03.24 14:09:12.961,1.46845,1.46865,11.40,1.60
2009.03.24 14:09:13.191,1.4685,1.4688,1.40,8.00
2009.03.24 14:09:13.421,1.4685,1.46875,5.20,1.60
2009.03.24 14:09:13.701,1.4686,1.4688,1.00,6.40
2009.03.24 14:09:13.941,1.46855,1.4687,10.80,1.60
2009.03.24 14:09:14.391,1.46855,1.4687,16.40,1.60
2009.03.24 14:09:14.730,1.4687,1.4689,1.00,4.80
2009.03.24 14:09:15.320,1.46855,1.4687,15.40,1.60
2009.03.24 14:09:15.890,1.46855,1.4687,12.00,1.60
2009.03.24 14:09:16.060,1.46855,1.4687,14.80,1.60
2009.03.24 14:09:16.340,1.46855,1.4687,10.40,1.60
2009.03.24 14:09:16.520,1.46855,1.4687,9.60,1.60
2009.03.24 14:09:18.490,1.46855,1.4687,4.80,1.60
2009.03.24 14:09:19.459,1.4687,1.46885,1.00,15.80
2009.03.24 14:09:19.849,1.4687,1.4688,1.00,1.00
2009.03.24 14:09:20.299,1.4687,1.46885,1.00,13.60
2009.03.24 14:09:20.760,1.4686,1.4688,1.60,1.60
2009.03.24 14:09:21.299,1.46865,1.4688,2.20,1.60
2009.03.24 14:09:21.649,1.4687,1.46885,1.40,1.60
2009.03.24 14:09:21.879,1.4687,1.46885,1.20,1.60
2009.03.24 14:09:22.059,1.4688,1.46885,2.40,1.60
2009.03.24 14:09:22.349,1.4687,1.46885,1.20,1.60
2009.03.24 14:09:22.928,1.4687,1.4689,1.00,1.60
2009.03.24 14:09:23.169,1.46865,1.4688,14.00,1.00
2009.03.24 14:09:23.788,1.4688,1.469,5.20,3.20
2009.03.24 14:09:25.348,1.46895,1.469,1.00,3.20
2009.03.24 14:09:26.957,1.4688,1.4689,8.60,1.00
2009.03.24 14:09:27.738,1.46885,1.4689,4.10,1.00
2009.03.24 14:09:27.857,1.46895,1.469,1.00,2.10
2009.03.24 14:09:28.197,1.46895,1.469,1.20,2.10
2009.03.24 14:09:28.417,1.469,1.46905,1.00,3.00
2009.03.24 14:09:28.597,1.469,1.46905,1.00,3.40
2009.03.24 14:09:29.457,1.46895,1.46905,1.00,2.80
2009.03.24 14:09:29.797,1.4689,1.46905,1.20,2.80
2009.03.24 14:09:30.279,1.46895,1.46905,1.00,1.20
2009.03.24 14:09:30.577,1.46895,1.4692,11.20,3.00
2009.03.24 14:09:30.977,1.4691,1.4692,1.20,1.20
2009.03.24 14:09:31.146,1.46915,1.46925,1.20,1.20
2009.03.24 14:09:31.366,1.4691,1.46925,2.00,1.20
2009.03.24 14:09:31.697,1.4691,1.46925,1.60,1.20
2009.03.24 14:09:31.986,1.4691,1.46925,1.20,1.20
2009.03.24 14:09:32.266,1.4691,1.46925,1.60,1.20
2009.03.24 14:09:32.486,1.4693,1.46935,1.00,6.50
2009.03.24 14:09:32.886,1.46925,1.4693,1.00,3.20
2009.03.24 14:09:33.186,1.46925,1.46935,1.00,4.80
2009.03.24 14:09:33.466,1.46915,1.4694,10.00,1.40
2009.03.24 14:09:33.766,1.46925,1.46945,1.20,7.80
2009.03.24 14:09:34.106,1.4693,1.46945,1.20,3.00
2009.03.24 14:09:34.446,1.4693,1.46945,1.00,3.00
2009.03.24 14:09:34.835,1.46925,1.46945,1.20,1.40
2009.03.24 14:09:35.626,1.46935,1.4695,1.20,12.60
2009.03.24 14:09:38.155,1.4692,1.46925,1.00,6.60
2009.03.24 14:09:38.485,1.4691,1.46925,4.80,6.40
2009.03.24 14:09:38.945,1.469,1.4692,4.80,1.60
2009.03.24 14:09:39.645,1.46895,1.4692,5.60,1.60
2009.03.24 14:09:39.874,1.469,1.4692,1.00,6.40
2009.03.24 14:09:40.214,1.4691,1.4692,1.00,6.40
2009.03.24 14:09:40.444,1.469,1.46915,1.00,1.60
2009.03.24 14:09:41.314,1.4692,1.46925,1.00,2.80
2009.03.24 14:09:41.644,1.4692,1.46935,1.00,7.60
2009.03.24 14:09:41.864,1.4692,1.46935,1.00,6.00
2009.03.24 14:09:43.943,1.4693,1.4695,2.80,7.60
2009.03.24 14:09:45.713,1.4693,1.4695,2.80,6.00
2009.03.24 14:09:46.053,1.46925,1.46945,2.00,2.80
2009.03.24 14:09:46.343,1.4693,1.46945,2.40,4.40
2009.03.24 14:09:46.783,1.4693,1.4695,8.40,6.20
2009.03.24 14:09:47.083,1.46925,1.4694,6.40,1.60
2009.03.24 14:09:47.423,1.4692,1.4694,10.00,1.00
2009.03.24 14:09:47.702,1.4693,1.46935,2.40,1.00
2009.03.24 14:09:47.882,1.4693,1.4694,2.40,2.00
2009.03.24 14:09:48.462,1.4693,1.4694,2.40,3.00
2009.03.24 14:09:48.752,1.4693,1.46945,2.40,1.80
2009.03.24 14:09:49.052,1.4693,1.4694,2.80,3.80
2009.03.24 14:09:49.572,1.4693,1.46935,2.40,1.60
2009.03.24 14:09:49.972,1.46915,1.4693,16.80,1.60
2009.03.24 14:09:50.372,1.4692,1.4693,8.40,1.40
2009.03.24 14:09:50.612,1.4692,1.4693,6.00,1.40
2009.03.24 14:09:50.892,1.46925,1.4693,1.00,1.40
2009.03.24 14:09:52.311,1.4692,1.4693,1.00,1.60
2009.03.24 14:09:52.581,1.4691,1.4693,2.80,1.60
2009.03.24 14:09:52.911,1.46905,1.4692,5.20,2.80
2009.03.24 14:09:53.201,1.46905,1.46915,4.80,6.40
2009.03.24 14:09:53.601,1.46895,1.46915,1.00,8.60
2009.03.24 14:09:53.991,1.46895,1.4691,1.00,1.40
2009.03.24 14:09:54.621,1.46895,1.4691,4.80,1.40
2009.03.24 14:09:55.093,1.46895,1.469,4.80,1.40
2009.03.24 14:09:55.491,1.4688,1.469,4.40,1.40
2009.03.24 14:10:03.539,1.469,1.4692,3.60,1.60
2009.03.24 14:10:08.357,1.4691,1.46915,1.00,1.40
2009.03.24 14:10:08.657,1.4691,1.4692,1.00,1.60
2009.03.24 14:10:09.207,1.4691,1.46915,1.00,1.40
2009.03.24 14:10:10.317,1.469,1.46915,3.60,1.40
2009.03.24 14:10:10.947,1.469,1.46905,3.60,0.10
2009.03.24 14:10:11.456,1.469,1.46905,2.40,0.10
2009.03.24 14:10:13.197,1.469,1.46905,2.80,0.10
2009.03.24 14:10:13.876,1.469,1.4691,2.80,1.00
2009.03.24 14:10:14.356,1.469,1.4691,1.00,1.00
2009.03.24 14:10:14.576,1.46895,1.46915,3.40,2.20
2009.03.24 14:10:14.796,1.469,1.46915,1.00,2.20
2009.03.24 14:10:16.466,1.46895,1.46915,14.60,2.20
2009.03.24 14:10:17.105,1.46895,1.46915,13.80,2.20
2009.03.24 14:10:17.395,1.46895,1.46915,14.60,2.20
2009.03.24 14:10:18.215,1.46895,1.46915,2.80,2.20
2009.03.24 14:10:18.316,1.469,1.46915,2.40,2.20
2009.03.24 14:10:18.655,1.46895,1.46915,9.80,2.20
2009.03.24 14:10:18.705,1.46895,1.46915,9.20,2.20
2009.03.24 14:10:18.885,1.46895,1.46915,9.20,7.00
2009.03.24 14:10:19.235,1.46895,1.46905,1.00,1.60
2009.03.24 14:10:19.575,1.46895,1.469,1.00,1.60
2009.03.24 14:10:19.975,1.46895,1.46905,1.00,1.60
2009.03.24 14:10:20.254,1.46895,1.4691,1.00,6.40
2009.03.24 14:10:20.685,1.4689,1.4691,2.80,6.40
2009.03.24 14:10:20.914,1.4689,1.4691,7.60,6.40
2009.03.24 14:10:21.534,1.46895,1.469,7.20,0.10
2009.03.24 14:10:22.004,1.46895,1.469,7.60,0.10
2009.03.24 14:10:23.994,1.469,1.4692,2.80,1.60
2009.03.24 14:10:34.851,1.469,1.46915,2.40,1.60
2009.03.24 14:10:35.371,1.46895,1.46915,2.80,1.60
2009.03.24 14:10:36.121,1.46895,1.469,2.80,0.10
2009.03.24 14:10:37.550,1.46895,1.469,2.60,0.10
2009.03.24 14:10:40.040,1.4688,1.469,7.60,1.60
2009.03.24 14:10:40.830,1.4688,1.469,2.80,1.60
2009.03.24 14:10:41.179,1.4688,1.469,2.80,6.40
2009.03.24 14:10:41.529,1.4688,1.469,2.80,1.60
2009.03.24 14:10:42.051,1.4688,1.46895,7.20,1.60
2009.03.24 14:10:42.849,1.4688,1.46905,7.60,6.40
2009.03.24 14:10:43.139,1.4688,1.46905,9.20,6.40
2009.03.24 14:10:43.479,1.4688,1.46905,9.20,4.80
2009.03.24 14:10:44.149,1.4689,1.469,1.00,1.60
2009.03.24 14:10:45.508,1.4689,1.469,1.00,1.00
2009.03.24 14:10:45.798,1.4688,1.469,7.60,1.60
2009.03.24 14:10:48.238,1.469,1.46915,4.80,6.40
2009.03.24 14:10:48.467,1.469,1.46915,2.40,6.40
2009.03.24 14:10:48.808,1.469,1.46915,2.40,1.60
2009.03.24 14:10:49.098,1.469,1.4692,2.80,1.60
2009.03.24 14:10:49.328,1.469,1.4692,7.60,1.60
2009.03.24 14:10:49.957,1.469,1.4692,2.80,1.60
2009.03.24 14:10:56.206,1.4691,1.4692,7.60,1.00
2009.03.24 14:10:56.376,1.4692,1.46925,1.20,1.00
2009.03.24 14:10:56.926,1.4693,1.4694,2.40,1.60
2009.03.24 14:10:57.325,1.4692,1.4693,4.80,1.20
2009.03.24 14:10:57.555,1.46915,1.4693,9.60,1.20
2009.03.24 14:10:58.025,1.46915,1.46935,9.60,1.40
2009.03.24 14:10:58.245,1.46915,1.4694,10.00,1.40
2009.03.24 14:10:59.825,1.4692,1.46945,7.60,7.60
2009.03.24 14:11:00.165,1.4692,1.46945,7.60,8.40
2009.03.24 14:11:00.675,1.4692,1.4694,4.80,1.80
2009.03.24 14:11:00.855,1.4692,1.46945,1.00,12.40
2009.03.24 14:11:01.575,1.4692,1.46945,5.20,12.40
2009.03.24 14:11:01.864,1.4692,1.4694,4.80,1.80
2009.03.24 14:11:02.135,1.46925,1.46945,1.00,11.00
2009.03.24 14:11:02.774,1.46925,1.46945,5.20,9.00
2009.03.24 14:11:02.944,1.46925,1.46945,5.20,8.80
2009.03.24 14:11:03.464,1.46925,1.46945,5.20,4.80
2009.03.24 14:11:03.694,1.46925,1.4695,5.20,7.80
2009.03.24 14:11:04.794,1.4693,1.46945,1.00,4.80
2009.03.24 14:11:05.134,1.4693,1.4694,1.00,1.00
2009.03.24 14:11:06.063,1.4693,1.46945,1.00,5.40
2009.03.24 14:11:06.394,1.4693,1.46945,1.00,9.40
2009.03.24 14:11:07.063,1.4693,1.46945,1.00,9.00
2009.03.24 14:11:07.123,1.4693,1.46945,1.00,8.80
2009.03.24 14:11:10.192,1.46895,1.4692,6.40,5.60
2009.03.24 14:11:10.502,1.469,1.4693,5.20,7.20
2009.03.24 14:11:10.782,1.46895,1.46925,9.20,9.00
2009.03.24 14:11:11.122,1.46895,1.4691,8.80,1.00
2009.03.24 14:11:11.522,1.46895,1.4691,4.80,1.00
2009.03.24 14:11:11.872,1.46895,1.4691,5.20,1.00
2009.03.24 14:11:12.202,1.46895,1.4691,4.80,1.00
2009.03.24 14:11:12.442,1.4689,1.4691,5.20,1.00
2009.03.24 14:11:12.622,1.4689,1.4691,5.20,1.20
2009.03.24 14:11:12.852,1.46895,1.4691,1.00,1.20
2009.03.24 14:11:13.412,1.4689,1.4691,5.20,1.20
2009.03.24 14:11:14.381,1.46895,1.4691,1.00,1.20
2009.03.24 14:11:15.231,1.46895,1.4691,1.00,1.00
2009.03.24 14:11:15.761,1.469,1.4691,1.00,1.00
2009.03.24 14:11:16.911,1.46895,1.4691,1.00,1.00
2009.03.24 14:11:17.531,1.4689,1.4691,5.20,1.60
2009.03.24 14:11:18.350,1.4689,1.46905,4.80,1.60
2009.03.24 14:11:19.240,1.4688,1.46905,22.40,1.60
2009.03.24 14:11:22.329,1.4688,1.4689,7.20,1.60
2009.03.24 14:11:22.550,1.46875,1.4688,10.80,1.40
2009.03.24 14:11:22.710,1.4687,1.46885,7.60,5.60
2009.03.24 14:11:22.949,1.4687,1.46885,1.20,5.60
2009.03.24 14:11:23.179,1.4686,1.46875,4.00,1.60
2009.03.24 14:11:23.399,1.46855,1.4687,10.40,1.60
2009.03.24 14:11:23.959,1.46855,1.46875,10.80,1.60
2009.03.24 14:11:24.199,1.46855,1.46875,9.20,2.20
2009.03.24 14:11:24.959,1.46855,1.4687,4.80,1.60
2009.03.24 14:11:25.309,1.46855,1.46865,4.80,1.60
2009.03.24 14:11:26.169,1.46855,1.4686,4.80,1.60
2009.03.24 14:11:26.459,1.4685,1.4686,7.20,1.60
2009.03.24 14:11:27.808,1.4685,1.46855,2.40,1.60
2009.03.24 14:11:28.038,1.46845,1.46855,1.00,1.60
2009.03.24 14:11:28.258,1.46835,1.46855,6.80,1.60
2009.03.24 14:11:28.638,1.46835,1.4685,2.40,1.40
2009.03.24 14:11:29.098,1.46825,1.46845,9.20,1.40
2009.03.24 14:11:29.328,1.46825,1.46845,5.20,8.00
2009.03.24 14:11:29.678,1.4683,1.46845,2.40,8.00
2009.03.24 14:11:30.028,1.4683,1.4684,2.40,2.20
2009.03.24 14:11:30.328,1.4683,1.46845,2.40,3.20
2009.03.24 14:11:30.558,1.4683,1.46845,2.40,1.40
2009.03.24 14:11:30.917,1.46835,1.46855,1.00,15.20
2009.03.24 14:11:31.298,1.4683,1.46845,5.20,1.60
2009.03.24 14:11:31.658,1.4683,1.4684,4.80,1.00
2009.03.24 14:11:31.947,1.4683,1.4684,1.20,1.00
2009.03.24 14:11:32.247,1.46825,1.4684,3.60,1.00
2009.03.24 14:11:32.687,1.4682,1.4684,6.80,1.60
2009.03.24 14:11:33.327,1.4682,1.4684,5.20,1.60
2009.03.24 14:11:33.557,1.4684,1.46845,2.40,4.80
2009.03.24 14:11:33.727,1.4684,1.46845,7.60,4.80
2009.03.24 14:11:34.197,1.4685,1.46865,1.00,6.40
2009.03.24 14:11:34.487,1.4686,1.4687,5.20,4.80
2009.03.24 14:11:34.847,1.46855,1.4687,11.00,1.60
2009.03.24 14:11:35.246,1.46855,1.46875,6.80,6.20
2009.03.24 14:11:35.756,1.46855,1.46875,1.00,6.20
2009.03.24 14:11:36.088,1.4685,1.4687,1.00,1.40
2009.03.24 14:11:36.366,1.46855,1.46875,1.00,5.80
2009.03.24 14:11:37.426,1.4684,1.46855,12.00,1.00
2009.03.24 14:11:37.706,1.4684,1.46855,9.60,2.60
2009.03.24 14:11:38.106,1.4684,1.46855,9.60,1.00
2009.03.24 14:11:38.726,1.46835,1.46855,13.20,1.00
2009.03.24 14:11:38.955,1.46835,1.46855,14.00,2.60
2009.03.24 14:11:39.186,1.46835,1.46855,5.20,2.60
2009.03.24 14:11:39.545,1.46835,1.46855,5.20,1.60
2009.03.24 14:11:42.864,1.46845,1.46855,4.80,1.60
2009.03.24 14:11:43.275,1.46845,1.4686,4.80,6.40
2009.03.24 14:11:43.454,1.46845,1.4686,10.40,1.60
2009.03.24 14:11:43.794,1.46845,1.4686,10.60,1.60
2009.03.24 14:11:44.774,1.46845,1.46855,9.00,1.60
2009.03.24 14:11:45.174,1.46845,1.46855,4.80,1.60
2009.03.24 14:11:45.464,1.4684,1.4686,4.40,1.60
2009.03.24 14:11:45.784,1.4685,1.4687,1.00,6.40
2009.03.24 14:11:46.144,1.4685,1.46865,1.00,4.80
2009.03.24 14:11:46.424,1.4684,1.4686,2.80,6.40
2009.03.24 14:11:46.764,1.4684,1.4686,2.80,11.20
2009.03.24 14:11:47.234,1.4684,1.46855,2.80,8.80
2009.03.24 14:11:47.703,1.4684,1.46855,2.80,13.60
2009.03.24 14:11:49.083,1.4684,1.46855,2.80,14.20
2009.03.24 14:11:50.063,1.4683,1.4685,2.80,1.40
2009.03.24 14:11:50.293,1.4683,1.4685,2.80,2.40
2009.03.24 14:11:50.913,1.4683,1.4685,2.80,1.40
2009.03.24 14:11:54.332,1.46825,1.4684,3.60,1.00
2009.03.24 14:11:55.122,1.4683,1.4684,1.00,1.00
2009.03.24 14:11:55.871,1.46825,1.4684,3.60,1.00
2009.03.24 14:11:58.801,1.4683,1.46855,1.00,2.20
2009.03.24 14:11:59.761,1.4683,1.46855,1.00,3.80
2009.03.24 14:12:00.000,1.4683,1.4684,1.00,1.00
2009.03.24 14:12:00.171,1.46825,1.4684,10.80,1.00
2009.03.24 14:12:00.800,1.46825,1.4684,5.20,1.00
2009.03.24 14:12:01.150,1.4682,1.46845,16.40,2.20
2009.03.24 14:12:01.810,1.4682,1.46845,16.40,1.60
2009.03.24 14:12:03.929,1.4682,1.46845,16.40,2.20
2009.03.24 14:12:04.709,1.46825,1.46845,9.60,2.20
2009.03.24 14:12:05.039,1.46825,1.4684,10.00,1.00
2009.03.24 14:12:05.399,1.46835,1.4684,7.40,1.00
2009.03.24 14:12:05.819,1.46845,1.46865,4.40,1.60
2009.03.24 14:12:06.119,1.46845,1.4686,14.40,1.60
2009.03.24 14:12:06.469,1.46845,1.46855,14.40,1.60
2009.03.24 14:12:06.828,1.46845,1.46855,15.20,1.60
2009.03.24 14:12:07.059,1.4685,1.46855,4.80,1.60
2009.03.24 14:12:07.399,1.46845,1.4686,9.00,1.60
2009.03.24 14:12:07.749,1.46845,1.4685,2.00,1.00
2009.03.24 14:12:07.988,1.4684,1.4685,4.80,1.60
2009.03.24 14:12:08.518,1.46835,1.4684,6.40,1.00
2009.03.24 14:12:08.938,1.46835,1.46845,4.80,2.20
2009.03.24 14:12:09.338,1.46835,1.4684,4.80,1.00
2009.03.24 14:12:09.688,1.46825,1.46845,13.60,2.20
2009.03.24 14:12:10.338,1.4682,1.46845,19.60,2.20
2009.03.24 14:12:10.578,1.46825,1.46845,4.80,2.80
2009.03.24 14:12:10.898,1.4682,1.46845,18.80,2.80
2009.03.24 14:12:11.128,1.4682,1.46845,17.20,2.80
2009.03.24 14:12:11.358,1.4682,1.46845,17.20,3.00
2009.03.24 14:12:11.758,1.4682,1.46845,18.80,2.20
2009.03.24 14:12:13.087,1.4682,1.46845,18.80,1.40
2009.03.24 14:12:13.497,1.46825,1.46845,15.20,1.40
2009.03.24 14:12:13.727,1.46825,1.46845,6.40,1.40
2009.03.24 14:12:14.067,1.46825,1.46845,15.20,1.40
2009.03.24 14:12:14.967,1.46825,1.4685,15.60,1.60
2009.03.24 14:12:15.197,1.46825,1.46855,15.60,7.00
2009.03.24 14:12:15.377,1.4683,1.4685,6.40,1.60
2009.03.24 14:12:16.706,1.4683,1.4685,1.60,1.60
2009.03.24 14:12:17.347,1.4683,1.46845,1.60,1.60
2009.03.24 14:12:17.856,1.4683,1.4685,1.60,1.60
2009.03.24 14:12:18.266,1.4683,1.4684,1.60,1.00
2009.03.24 14:12:18.436,1.46825,1.4684,6.80,4.80
2009.03.24 14:12:18.786,1.46825,1.4685,6.80,1.60
2009.03.24 14:12:19.016,1.4682,1.46845,14.00,1.60
2009.03.24 14:12:19.416,1.4682,1.4683,12.40,1.00
2009.03.24 14:12:21.215,1.4682,1.4683,2.80,1.00
2009.03.24 14:12:21.435,1.46825,1.4683,5.20,1.00
2009.03.24 14:12:22.065,1.4682,1.4683,2.80,1.00
2009.03.24 14:12:23.165,1.4682,1.4684,2.80,1.60
2009.03.24 14:12:24.934,1.46815,1.4682,9.60,1.80
2009.03.24 14:12:26.444,1.46815,1.4682,9.60,1.60
2009.03.24 14:12:26.614,1.46815,1.4682,9.60,1.20
2009.03.24 14:12:27.204,1.46825,1.4684,4.80,1.60
2009.03.24 14:12:27.495,1.46825,1.46845,15.60,1.00
2009.03.24 14:12:27.794,1.4683,1.4685,5.20,1.40
2009.03.24 14:12:27.914,1.4683,1.46855,1.80,7.80
2009.03.24 14:12:28.083,1.4683,1.46855,1.00,7.80
2009.03.24 14:12:28.413,1.4683,1.46855,3.60,7.80
2009.03.24 14:12:28.633,1.4683,1.4685,5.20,1.40
2009.03.24 14:12:28.973,1.4683,1.4685,4.80,1.40
2009.03.24 14:12:29.143,1.4683,1.4685,4.80,1.40
2009.03.24 14:12:29.323,1.4683,1.46855,4.80,7.20
2009.03.24 14:12:29.503,1.4683,1.4685,4.80,1.60
2009.03.24 14:12:29.673,1.46825,1.4685,11.20,1.60
2009.03.24 14:12:35.252,1.4683,1.4685,7.20,1.60
2009.03.24 14:12:35.422,1.4683,1.46855,14.00,1.60
2009.03.24 14:12:35.602,1.46835,1.46855,4.80,1.60
2009.03.24 14:12:35.782,1.46835,1.4686,15.40,1.60
2009.03.24 14:12:36.082,1.4684,1.46865,1.00,7.80
2009.03.24 14:12:36.302,1.46835,1.46865,10.40,7.40
2009.03.24 14:12:36.592,1.46835,1.46865,10.40,7.20
2009.03.24 14:12:36.891,1.4684,1.4686,4.80,1.20
2009.03.24 14:12:38.311,1.4684,1.46865,4.80,4.00
2009.03.24 14:12:38.481,1.46835,1.4686,1.60,6.40
2009.03.24 14:12:38.651,1.46835,1.4686,6.40,6.40
2009.03.24 14:12:38.761,1.46835,1.4686,6.60,6.40
2009.03.24 14:12:39.061,1.46835,1.4686,5.60,6.40
2009.03.24 14:12:39.221,1.46835,1.4686,1.60,6.40
2009.03.24 14:12:39.571,1.46835,1.4686,15.40,1.60
2009.03.24 14:12:39.981,1.46835,1.4686,8.80,1.60
2009.03.24 14:12:40.281,1.4683,1.4686,6.60,6.40
2009.03.24 14:12:41.030,1.4683,1.4685,6.60,1.00
2009.03.24 14:12:41.430,1.46835,1.46855,4.80,2.20
2009.03.24 14:12:41.730,1.4683,1.46855,14.00,2.20
2009.03.24 14:12:42.420,1.4684,1.4685,7.20,1.00
2009.03.24 14:12:42.810,1.4684,1.46865,12.40,1.60
2009.03.24 14:12:44.000,1.4685,1.46865,1.00,1.60
2009.03.24 14:12:44.560,1.4685,1.46875,1.00,3.20
2009.03.24 14:12:44.740,1.46845,1.46875,9.80,5.60
2009.03.24 14:12:44.910,1.46845,1.4687,4.40,4.80
2009.03.24 14:12:45.079,1.46845,1.4687,3.60,4.80
2009.03.24 14:12:45.249,1.46845,1.46875,1.00,12.80
2009.03.24 14:12:45.549,1.46845,1.4686,1.00,1.00
2009.03.24 14:12:47.469,1.46845,1.46865,1.00,12.60
2009.03.24 14:12:47.589,1.46845,1.4686,1.00,4.80
2009.03.24 14:12:47.989,1.46845,1.46855,1.00,16.60
2009.03.24 14:12:48.750,1.46845,1.4685,1.00,4.80
2009.03.24 14:12:49.099,1.46845,1.4685,1.00,5.40
2009.03.24 14:12:49.388,1.46845,1.4685,1.00,2.20
2009.03.24 14:12:49.508,1.4683,1.46845,5.80,1.20
2009.03.24 14:12:49.688,1.4683,1.4684,6.40,1.20
2009.03.24 14:12:52.458,1.4683,1.46855,6.80,7.20
2009.03.24 14:12:52.628,1.4683,1.46855,5.00,11.80
2009.03.24 14:12:52.748,1.46825,1.4685,15.60,1.60
2009.03.24 14:12:52.918,1.46825,1.4685,11.60,1.60
2009.03.24 14:12:55.067,1.46825,1.4685,11.80,1.60
2009.03.24 14:12:55.387,1.46825,1.4685,12.20,1.60
2009.03.24 14:12:55.567,1.46825,1.4685,11.60,1.60
2009.03.24 14:12:59.986,1.4682,1.46845,14.00,2.20
2009.03.24 14:13:02.675,1.4682,1.4683,14.00,1.00
2009.03.24 14:13:02.945,1.4682,1.4683,12.40,1.00
2009.03.24 14:13:03.175,1.4682,1.4683,2.80,1.00
2009.03.24 14:13:04.075,1.4682,1.4683,9.20,1.00
2009.03.24 14:13:04.525,1.4682,1.4683,14.00,1.00
2009.03.24 14:13:06.845,1.4682,1.46845,14.00,2.20
2009.03.24 14:13:07.744,1.4682,1.46845,12.40,2.20
2009.03.24 14:13:08.604,1.4682,1.4684,2.80,1.00
2009.03.24 14:13:09.074,1.46815,1.4682,3.40,2.40
2009.03.24 14:13:09.243,1.468,1.46805,2.80,6.40
2009.03.24 14:13:09.584,1.46795,1.468,1.00,6.40
2009.03.24 14:13:09.933,1.4678,1.468,2.80,5.80
2009.03.24 14:13:10.275,1.4678,1.46805,2.80,16.00
2009.03.24 14:13:10.723,1.4678,1.46805,7.60,7.60
2009.03.24 14:13:11.073,1.4678,1.46805,9.20,6.40
2009.03.24 14:13:11.703,1.4679,1.46805,1.00,6.40
2009.03.24 14:13:16.152,1.4678,1.468,7.60,6.40
2009.03.24 14:13:16.332,1.4678,1.468,2.80,6.40
2009.03.24 14:13:17.102,1.4678,1.468,2.80,10.40
2009.03.24 14:13:17.431,1.4677,1.4678,5.40,4.80
2009.03.24 14:13:17.541,1.46775,1.4678,1.60,11.00
2009.03.24 14:13:17.882,1.4677,1.4678,1.00,4.80
2009.03.24 14:13:18.112,1.4676,1.4677,2.80,4.80
2009.03.24 14:13:18.812,1.4676,1.46775,2.80,5.60
2009.03.24 14:13:19.041,1.4676,1.46775,2.80,11.20
2009.03.24 14:13:20.931,1.4676,1.46775,3.00,11.20
2009.03.24 14:13:21.561,1.4676,1.46775,3.00,9.60
2009.03.24 14:13:21.841,1.4676,1.46775,3.00,8.80
2009.03.24 14:13:22.970,1.4676,1.46775,2.80,8.80
2009.03.24 14:13:23.820,1.4676,1.46775,2.80,10.40
2009.03.24 14:13:24.240,1.4676,1.46775,2.80,15.20
2009.03.24 14:13:24.720,1.4676,1.46775,3.00,15.20
2009.03.24 14:13:24.950,1.4676,1.46775,2.80,15.20
2009.03.24 14:13:26.040,1.4676,1.4677,2.80,4.80
2009.03.24 14:13:26.310,1.46755,1.4677,2.80,4.80
2009.03.24 14:13:26.539,1.46755,1.4677,5.20,6.40
2009.03.24 14:13:27.079,1.46755,1.4677,2.80,6.40
2009.03.24 14:13:27.719,1.46755,1.4677,2.80,4.80
2009.03.24 14:13:29.859,1.46745,1.46775,10.60,12.00
2009.03.24 14:13:30.329,1.46745,1.4677,5.40,3.20
2009.03.24 14:13:30.668,1.4675,1.46775,1.00,13.60
2009.03.24 14:13:31.188,1.4676,1.46785,5.20,10.40
2009.03.24 14:13:31.558,1.46775,1.46785,1.00,4.80
2009.03.24 14:13:31.908,1.46775,1.4679,1.00,1.60
2009.03.24 14:13:31.968,1.46775,1.46795,1.00,12.00
2009.03.24 14:13:32.578,1.46775,1.46795,1.80,10.40
2009.03.24 14:13:32.918,1.46775,1.46795,5.00,5.60
2009.03.24 14:13:33.258,1.46775,1.46795,4.80,1.60
2009.03.24 14:13:33.598,1.46775,1.46795,4.80,8.00
2009.03.24 14:13:34.067,1.4677,1.46795,1.00,16.80
2009.03.24 14:13:34.417,1.46765,1.46795,5.80,12.00
2009.03.24 14:13:34.758,1.46765,1.4679,5.80,3.20
2009.03.24 14:13:35.287,1.46765,1.4679,5.80,1.60
2009.03.24 14:13:35.867,1.4677,1.4679,1.00,1.60
2009.03.24 14:13:36.147,1.4677,1.4679,1.00,3.20
2009.03.24 14:13:36.267,1.4677,1.46785,1.00,1.60
2009.03.24 14:13:36.807,1.46755,1.46785,7.40,1.60
2009.03.24 14:13:37.157,1.4676,1.4678,7.20,1.60
2009.03.24 14:13:37.396,1.4676,1.46785,7.60,8.00
2009.03.24 14:13:37.627,1.4676,1.46785,12.40,3.20
2009.03.24 14:13:40.066,1.4677,1.46785,1.00,1.60
2009.03.24 14:13:40.406,1.46765,1.4679,14.60,3.00
2009.03.24 14:13:40.746,1.46765,1.4679,14.60,1.40
2009.03.24 14:13:41.196,1.4677,1.46795,5.20,1.60
2009.03.24 14:13:41.536,1.4677,1.468,5.20,7.80
2009.03.24 14:13:42.505,1.4677,1.468,5.20,7.20
2009.03.24 14:13:42.726,1.4677,1.468,5.20,2.40
2009.03.24 14:13:43.016,1.4677,1.468,5.20,3.20
2009.03.24 14:13:43.255,1.4678,1.468,1.00,3.20
2009.03.24 14:13:45.145,1.4677,1.468,5.20,3.20
2009.03.24 14:13:45.525,1.4678,1.468,1.00,1.60
2009.03.24 14:13:47.474,1.4678,1.468,5.20,1.60
2009.03.24 14:13:48.114,1.4678,1.468,3.60,1.60
2009.03.24 14:13:48.274,1.4678,1.468,1.00,1.60
2009.03.24 14:13:50.353,1.4678,1.46805,1.00,12.00
2009.03.24 14:13:50.533,1.4678,1.46805,5.20,12.00
2009.03.24 14:13:51.173,1.4679,1.4681,1.00,1.60
2009.03.24 14:13:51.343,1.4679,1.46815,5.20,1.60
2009.03.24 14:13:51.624,1.4679,1.4682,5.20,7.80
2009.03.24 14:13:52.153,1.468,1.4682,1.00,7.80
2009.03.24 14:13:52.623,1.46795,1.4682,5.80,7.80
2009.03.24 14:13:52.863,1.46795,1.4682,14.60,3.00
2009.03.24 14:13:53.503,1.46795,1.4682,14.60,1.80
2009.03.24 14:13:53.963,1.46795,1.46815,14.20,1.40
2009.03.24 14:13:54.303,1.468,1.46815,1.00,1.40
2009.03.24 14:13:54.842,1.4679,1.46815,12.40,1.40
2009.03.24 14:13:55.073,1.4679,1.46815,14.80,1.60
2009.03.24 14:13:55.413,1.46795,1.46815,4.80,1.60
2009.03.24 14:13:55.822,1.46795,1.46815,13.60,1.60
2009.03.24 14:13:58.602,1.46795,1.46815,8.80,3.20
2009.03.24 14:13:58.782,1.46795,1.46805,9.20,1.40
2009.03.24 14:13:59.072,1.46795,1.4681,4.00,1.40
2009.03.24 14:13:59.191,1.4679,1.4681,4.80,1.40
2009.03.24 14:14:00.171,1.468,1.4681,1.00,1.40
2009.03.24 14:14:00.471,1.46785,1.4681,4.80,1.40
2009.03.24 14:14:01.561,1.46785,1.46805,4.80,1.40
2009.03.24 14:14:01.781,1.46775,1.468,11.60,2.20
2009.03.24 14:14:02.141,1.46785,1.468,3.20,6.20
2009.03.24 14:14:02.441,1.4677,1.46795,6.80,1.60
2009.03.24 14:14:02.670,1.4677,1.46795,5.20,1.60
2009.03.24 14:14:02.960,1.4677,1.468,5.20,8.00
2009.03.24 14:14:03.251,1.4677,1.468,6.80,8.00
2009.03.24 14:14:04.220,1.4678,1.468,1.00,8.00
2009.03.24 14:14:05.100,1.4678,1.468,1.00,1.60
2009.03.24 14:14:05.390,1.4678,1.468,1.00,6.40
2009.03.24 14:14:05.450,1.46775,1.468,5.40,1.60
2009.03.24 14:14:05.910,1.46775,1.468,7.00,1.60
2009.03.24 14:14:06.090,1.4678,1.4681,5.20,8.00
2009.03.24 14:14:06.480,1.4679,1.46815,1.00,12.00
2009.03.24 14:14:06.820,1.46785,1.46815,5.40,8.00
2009.03.24 14:14:07.179,1.4679,1.46815,4.80,1.60
2009.03.24 14:14:07.689,1.4679,1.4682,4.80,8.00
2009.03.24 14:14:10.299,1.468,1.4682,4.80,1.60
2009.03.24 14:14:10.639,1.46795,1.46825,12.20,6.40
2009.03.24 14:14:11.149,1.468,1.4682,4.80,1.60
2009.03.24 14:14:11.618,1.46795,1.4682,6.40,1.60
2009.03.24 14:14:11.908,1.468,1.4682,4.80,1.60
2009.03.24 14:14:12.188,1.46795,1.4682,6.60,1.60
2009.03.24 14:14:12.528,1.46795,1.4682,5.00,1.60
2009.03.24 14:14:12.819,1.4679,1.4682,4.80,8.00
2009.03.24 14:14:14.078,1.4679,1.4681,4.80,1.60
2009.03.24 14:14:14.537,1.46785,1.4681,10.00,1.60
2009.03.24 14:14:14.928,1.46785,1.4681,5.20,1.60
2009.03.24 14:14:15.048,1.4678,1.468,4.80,1.60
2009.03.24 14:14:15.387,1.46775,1.468,10.20,1.60
2009.03.24 14:14:15.628,1.46775,1.46795,5.40,1.60
2009.03.24 14:14:15.978,1.46775,1.468,5.40,1.60
2009.03.24 14:14:16.367,1.4679,1.468,1.00,1.60
2009.03.24 14:14:17.047,1.46785,1.468,5.40,1.60
2009.03.24 14:14:17.267,1.4679,1.468,1.00,1.60
2009.03.24 14:14:17.617,1.46785,1.468,5.40,1.60
2009.03.24 14:14:17.967,1.46785,1.468,5.40,1.20
2009.03.24 14:14:18.257,1.4679,1.468,1.00,1.20
2009.03.24 14:14:18.537,1.4679,1.468,1.00,1.20
2009.03.24 14:14:19.356,1.468,1.46805,1.00,6.00
2009.03.24 14:14:19.576,1.468,1.46805,1.00,1.20
2009.03.24 14:14:19.816,1.46795,1.468,1.00,1.20
2009.03.24 14:14:20.466,1.468,1.46805,1.00,1.20
2009.03.24 14:14:21.426,1.4678,1.46805,4.80,1.20
2009.03.24 14:14:25.285,1.46775,1.468,5.20,1.60
2009.03.24 14:14:28.734,1.46775,1.4679,4.80,1.60
2009.03.24 14:14:29.684,1.46775,1.468,5.20,1.60
2009.03.24 14:14:30.274,1.4677,1.46795,5.20,1.60
2009.03.24 14:14:30.934,1.4677,1.46795,5.20,3.20
2009.03.24 14:14:31.104,1.4677,1.46785,5.20,4.80
2009.03.24 14:14:31.274,1.4676,1.4678,4.40,1.60
2009.03.24 14:14:33.873,1.4677,1.4678,1.00,1.60
2009.03.24 14:14:36.173,1.4676,1.4678,2.80,1.60
2009.03.24 14:14:37.982,1.4677,1.4678,1.00,1.60
2009.03.24 14:14:39.002,1.4677,1.4678,1.00,3.20
2009.03.24 14:14:39.242,1.46765,1.4677,1.00,5.40
2009.03.24 14:14:39.512,1.4675,1.4676,1.00,2.80
2009.03.24 14:14:39.782,1.4676,1.46775,1.00,6.40
2009.03.24 14:14:40.481,1.4675,1.46775,2.80,6.40
2009.03.24 14:14:41.011,1.4675,1.46775,1.00,6.40
2009.03.24 14:14:42.401,1.4675,1.46775,1.00,6.40
2009.03.24 14:14:42.741,1.4675,1.46775,7.60,1.60
2009.03.24 14:14:43.091,1.4676,1.4678,1.00,8.00
2009.03.24 14:14:43.620,1.4676,1.4678,1.00,8.80
2009.03.24 14:14:44.750,1.4675,1.46775,7.60,1.60
2009.03.24 14:14:48.590,1.4675,1.46775,9.20,1.60
2009.03.24 14:14:48.819,1.4676,1.46775,1.00,1.60
2009.03.24 14:14:49.749,1.4676,1.4677,1.00,1.60
2009.03.24 14:14:51.129,1.4675,1.4677,2.80,1.60
2009.03.24 14:14:51.579,1.4675,1.46765,1.00,1.60
2009.03.24 14:14:52.958,1.4674,1.46765,9.20,1.60
2009.03.24 14:14:53.298,1.4674,1.4676,9.20,1.60
2009.03.24 14:14:53.828,1.4674,1.4676,7.60,1.60
2009.03.24 14:14:54.238,1.4674,1.4676,2.80,1.60
2009.03.24 14:14:55.518,1.4674,1.46755,2.40,1.60
2009.03.24 14:14:55.948,1.4674,1.4676,2.80,1.60
2009.03.24 14:15:00.736,1.4674,1.4676,2.80,2.40
2009.03.24 14:15:00.966,1.4674,1.46755,2.80,1.60
2009.03.24 14:15:03.116,1.4674,1.46755,2.40,1.60
2009.03.24 14:15:04.336,1.4674,1.46755,2.80,1.60
2009.03.24 14:15:06.905,1.4675,1.46755,1.00,1.60
2009.03.24 14:15:07.255,1.46755,1.46775,1.00,3.20
2009.03.24 14:15:07.665,1.46755,1.4678,1.00,12.80
2009.03.24 14:15:07.835,1.4676,1.4678,1.00,11.20
2009.03.24 14:15:08.165,1.4676,1.4678,1.00,9.60
2009.03.24 14:15:08.395,1.46765,1.4678,1.00,6.60
2009.03.24 14:15:08.805,1.46765,1.4679,1.00,14.40
2009.03.24 14:15:09.155,1.4677,1.4679,1.00,12.80
2009.03.24 14:15:09.394,1.4677,1.4679,1.00,17.60
2009.03.24 14:15:09.794,1.4677,1.46785,1.00,8.80
2009.03.24 14:15:10.024,1.4677,1.46785,1.00,9.60
2009.03.24 14:15:10.784,1.4677,1.4678,1.00,1.20
2009.03.24 14:15:11.014,1.46755,1.46775,7.00,1.20
2009.03.24 14:15:11.994,1.46755,1.46775,5.40,1.20
2009.03.24 14:15:12.344,1.4676,1.4678,1.00,5.60
2009.03.24 14:15:13.293,1.46755,1.4678,5.80,5.80
2009.03.24 14:15:13.634,1.4677,1.4678,1.00,1.20
2009.03.24 14:15:14.333,1.4677,1.4678,1.00,1.00
2009.03.24 14:15:15.293,1.4677,1.46785,1.00,6.40
2009.03.24 14:15:15.633,1.4677,1.4678,1.00,1.60
2009.03.24 14:15:15.913,1.4677,1.46775,1.00,2.20
2009.03.24 14:15:16.803,1.46765,1.4678,1.00,4.80
2009.03.24 14:15:17.223,1.46765,1.4679,1.00,6.40
2009.03.24 14:15:18.072,1.4676,1.46785,6.80,1.60
2009.03.24 14:15:18.782,1.4676,1.46785,5.20,2.20
2009.03.24 14:15:19.462,1.4676,1.46785,5.00,7.00
2009.03.24 14:15:19.802,1.46755,1.4678,8.00,1.60
2009.03.24 14:15:20.043,1.46755,1.46775,6.40,1.60
2009.03.24 14:15:20.272,1.4675,1.46775,9.20,4.00
2009.03.24 14:15:20.512,1.4675,1.4677,9.20,1.60
2009.03.24 14:15:20.751,1.46765,1.4677,4.80,1.60
2009.03.24 14:15:21.181,1.46765,1.4678,6.40,1.60
2009.03.24 14:15:21.462,1.4676,1.46785,5.20,2.40
2009.03.24 14:15:21.752,1.4676,1.46785,5.20,1.60
2009.03.24 14:15:22.051,1.4676,1.46785,2.40,10.40
2009.03.24 14:15:22.831,1.4676,1.46785,1.00,10.40
2009.03.24 14:15:23.471,1.46755,1.4678,7.40,1.60
2009.03.24 14:15:23.641,1.4676,1.46785,1.00,10.40
2009.03.24 14:15:24.561,1.4676,1.46785,1.20,12.80
2009.03.24 14:15:24.850,1.4676,1.4678,2.80,1.60
2009.03.24 14:15:25.071,1.4676,1.4678,7.60,1.60
2009.03.24 14:15:26.001,1.4676,1.46785,5.20,5.60
2009.03.24 14:15:26.350,1.4676,1.46785,6.60,8.80
2009.03.24 14:15:26.630,1.4676,1.46785,2.80,8.80
2009.03.24 14:15:26.910,1.4677,1.46785,1.00,10.40
2009.03.24 14:15:27.370,1.4677,1.4678,1.00,1.60
2009.03.24 14:15:27.770,1.4677,1.46785,1.00,10.20
2009.03.24 14:15:28.210,1.4677,1.46785,1.00,9.40
2009.03.24 14:15:29.279,1.4677,1.46785,1.00,8.80
2009.03.24 14:15:29.820,1.4677,1.4678,1.00,1.60
2009.03.24 14:15:30.449,1.4677,1.46785,1.00,4.80
2009.03.24 14:15:30.679,1.4677,1.46785,1.00,8.80
2009.03.24 14:15:30.979,1.4676,1.46785,3.00,8.80
2009.03.24 14:15:32.749,1.4676,1.46785,2.80,8.80
2009.03.24 14:15:33.089,1.4676,1.46785,3.40,8.80
2009.03.24 14:15:34.578,1.4676,1.46785,3.60,8.80
2009.03.24 14:15:34.810,1.4677,1.46785,1.00,8.80
2009.03.24 14:15:35.098,1.4677,1.46785,1.00,2.40
2009.03.24 14:15:35.328,1.4677,1.4678,1.00,1.60
2009.03.24 14:15:36.758,1.4676,1.4678,9.20,1.60
2009.03.24 14:15:40.247,1.4677,1.4678,1.00,1.60
2009.03.24 14:15:40.467,1.4677,1.46785,1.00,2.40
2009.03.24 14:15:40.867,1.4677,1.46785,1.00,1.60
2009.03.24 14:15:41.097,1.4677,1.46785,2.80,1.60
2009.03.24 14:15:41.437,1.4677,1.4679,2.80,1.60
2009.03.24 14:15:41.776,1.4677,1.4679,7.60,1.60
2009.03.24 14:15:42.066,1.4677,1.4679,5.20,1.60
2009.03.24 14:15:42.406,1.4677,1.4679,5.20,1.00
2009.03.24 14:15:42.806,1.4677,1.46795,1.00,9.60
2009.03.24 14:15:43.266,1.4677,1.46795,1.00,10.20
2009.03.24 14:15:44.756,1.4677,1.46795,1.00,11.80
2009.03.24 14:15:44.916,1.4677,1.4679,1.00,4.80
2009.03.24 14:15:45.366,1.4677,1.46795,2.80,7.20
2009.03.24 14:15:45.666,1.4677,1.46795,4.40,7.20
2009.03.24 14:15:45.845,1.4678,1.4679,1.00,1.60
2009.03.24 14:15:46.116,1.4678,1.46795,1.00,4.00
2009.03.24 14:15:46.346,1.4678,1.4679,1.00,1.60
2009.03.24 14:15:46.865,1.46785,1.4679,1.00,1.60
2009.03.24 14:15:47.445,1.46785,1.46795,1.00,2.40
2009.03.24 14:15:47.795,1.46785,1.46795,1.00,2.20
2009.03.24 14:15:48.245,1.46785,1.46795,1.00,3.00
2009.03.24 14:15:48.575,1.46785,1.4679,5.20,1.00
2009.03.24 14:15:48.685,1.46795,1.468,1.00,1.10
2009.03.24 14:15:51.214,1.46795,1.46805,3.20,4.40
2009.03.24 14:15:51.564,1.46795,1.468,1.00,2.00
2009.03.24 14:15:51.844,1.4679,1.46805,4.80,2.20
2009.03.24 14:15:52.075,1.46785,1.468,4.80,1.40
2009.03.24 14:15:52.464,1.46785,1.46805,4.80,6.60
2009.03.24 14:15:52.814,1.46775,1.46795,4.80,7.60
2009.03.24 14:15:53.225,1.46775,1.46795,4.80,14.00
2009.03.24 14:15:53.444,1.46775,1.46795,4.80,11.60
2009.03.24 14:15:53.674,1.46775,1.4678,4.80,1.00
2009.03.24 14:15:53.854,1.4678,1.46785,1.00,1.00
2009.03.24 14:15:54.434,1.4677,1.4678,6.40,1.00
2009.03.24 14:15:54.933,1.4677,1.4678,10.80,1.00
2009.03.24 14:15:55.283,1.4678,1.46785,4.80,1.00
2009.03.24 14:15:55.723,1.46775,1.46805,11.20,8.80
2009.03.24 14:15:56.004,1.46775,1.46805,15.20,4.80
2009.03.24 14:15:56.183,1.4679,1.46805,1.00,4.80
2009.03.24 14:15:59.622,1.46805,1.46815,1.00,5.80
2009.03.24 14:15:59.742,1.46805,1.46815,1.80,4.00
2009.03.24 14:15:59.903,1.46805,1.46825,2.20,3.20
2009.03.24 14:16:00.122,1.46815,1.46825,1.00,1.40
2009.03.24 14:16:00.402,1.46825,1.46835,4.40,7.10
2009.03.24 14:16:00.692,1.4682,1.4683,2.40,1.60
2009.03.24 14:16:00.982,1.4682,1.4683,1.60,1.60
2009.03.24 14:16:02.622,1.46815,1.4683,1.60,1.60
2009.03.24 14:16:05.521,1.46815,1.46835,1.60,1.60
2009.03.24 14:16:05.811,1.46815,1.4683,1.60,1.60
2009.03.24 14:16:06.401,1.46815,1.46825,1.60,1.40
2009.03.24 14:16:06.860,1.46805,1.4682,10.00,1.40
2009.03.24 14:16:07.261,1.468,1.46825,2.00,1.40
2009.03.24 14:16:07.950,1.468,1.4682,1.60,1.60
2009.03.24 14:16:08.120,1.468,1.46825,2.00,6.40
2009.03.24 14:16:08.800,1.468,1.4682,1.60,1.60
2009.03.24 14:16:08.860,1.468,1.46815,1.60,1.60
2009.03.24 14:16:09.100,1.4682,1.46825,2.40,4.80
2009.03.24 14:16:09.450,1.46815,1.4683,6.40,2.40
2009.03.24 14:16:09.970,1.46815,1.4683,8.80,2.40
2009.03.24 14:16:10.310,1.46815,1.4683,8.80,1.60
2009.03.24 14:16:10.930,1.4682,1.46835,2.80,2.40
2009.03.24 14:16:11.150,1.46815,1.4683,4.80,1.60
2009.03.24 14:16:11.380,1.46815,1.46825,4.00,1.60
2009.03.24 14:16:11.730,1.4681,1.46825,4.80,1.60
2009.03.24 14:16:11.909,1.46805,1.46825,9.20,6.00
2009.03.24 14:16:12.289,1.46805,1.46825,1.20,6.40
2009.03.24 14:16:12.639,1.46805,1.46825,1.00,6.40
2009.03.24 14:16:13.699,1.46805,1.46825,1.00,8.00
2009.03.24 14:16:16.068,1.46785,1.46805,2.80,1.20
2009.03.24 14:16:16.408,1.46785,1.46805,2.80,8.60
2009.03.24 14:16:16.818,1.46785,1.4679,2.80,1.20
2009.03.24 14:16:17.338,1.46785,1.46795,1.00,4.80
2009.03.24 14:16:17.618,1.46775,1.4679,1.00,4.80
2009.03.24 14:16:18.138,1.4677,1.46785,2.80,5.20
2009.03.24 14:16:18.548,1.46765,1.46785,4.40,6.80
2009.03.24 14:16:18.648,1.46765,1.4678,2.80,4.80
2009.03.24 14:16:21.777,1.4676,1.4678,2.80,6.40
2009.03.24 14:16:22.067,1.4678,1.46785,2.40,5.30
2009.03.24 14:16:22.397,1.4679,1.46795,1.00,2.40
2009.03.24 14:16:22.737,1.4679,1.46795,1.00,1.60
2009.03.24 14:16:22.907,1.46795,1.46805,1.00,2.10
2009.03.24 14:16:23.017,1.46795,1.468,1.00,1.00
2009.03.24 14:16:23.197,1.46795,1.46805,4.40,1.60
2009.03.24 14:16:23.367,1.468,1.46805,1.00,1.00
2009.03.24 14:16:23.596,1.468,1.4682,1.00,8.80
2009.03.24 14:16:23.877,1.46795,1.4682,4.40,8.00
2009.03.24 14:16:24.156,1.46795,1.4682,9.20,1.60
2009.03.24 14:16:24.546,1.468,1.4682,1.00,1.60
2009.03.24 14:16:25.916,1.468,1.4681,1.00,1.60
2009.03.24 14:16:26.206,1.468,1.46805,1.00,2.40
2009.03.24 14:16:26.547,1.46795,1.46805,2.80,2.40
2009.03.24 14:16:27.635,1.46795,1.4681,2.80,2.40
2009.03.24 14:16:28.205,1.468,1.4681,1.00,2.40
2009.03.24 14:16:28.935,1.468,1.46805,1.00,2.40
2009.03.24 14:16:29.515,1.46795,1.46805,2.80,2.40
2009.03.24 14:16:29.985,1.468,1.46805,1.00,2.40
2009.03.24 14:16:30.465,1.46795,1.46805,2.80,2.40
2009.03.24 14:16:32.524,1.46795,1.46805,1.00,1.60
2009.03.24 14:16:32.744,1.4679,1.46815,1.00,8.00
2009.03.24 14:16:33.104,1.4679,1.46815,1.00,12.00
2009.03.24 14:16:33.394,1.4679,1.46815,1.00,8.00
2009.03.24 14:16:33.754,1.46805,1.46815,1.00,7.20
2009.03.24 14:16:33.924,1.468,1.46815,1.00,2.40
2009.03.24 14:16:36.624,1.46805,1.46825,9.20,1.40
2009.03.24 14:16:37.443,1.46805,1.4682,8.80,1.40
2009.03.24 14:16:37.843,1.46805,1.4682,4.80,1.40
2009.03.24 14:16:37.963,1.468,1.4682,10.00,2.20
2009.03.24 14:16:38.243,1.468,1.4682,6.00,2.20
2009.03.24 14:16:38.543,1.468,1.4682,7.60,3.00
2009.03.24 14:16:38.723,1.468,1.46815,7.60,1.60
2009.03.24 14:16:39.003,1.468,1.46815,8.40,1.60
2009.03.24 14:16:39.233,1.46805,1.46815,4.80,1.60
2009.03.24 14:16:39.573,1.468,1.46815,7.60,1.60
2009.03.24 14:16:39.753,1.468,1.46815,7.20,2.20
2009.03.24 14:16:40.852,1.468,1.46815,13.60,2.20
2009.03.24 14:16:41.072,1.46805,1.46815,8.80,2.20
2009.03.24 14:16:41.302,1.468,1.46815,7.20,2.20
2009.03.24 14:16:43.082,1.46805,1.46815,1.00,1.60
2009.03.24 14:16:43.372,1.46795,1.4682,4.80,3.20
2009.03.24 14:16:43.602,1.46795,1.4682,9.60,1.60
2009.03.24 14:16:43.782,1.468,1.4682,4.80,1.60
2009.03.24 14:16:44.062,1.46805,1.46825,1.00,2.20
2009.03.24 14:16:44.502,1.46805,1.4682,1.00,1.60
2009.03.24 14:16:46.361,1.46815,1.4682,4.80,1.60
2009.03.24 14:16:46.771,1.4682,1.46825,1.20,1.60
2009.03.24 14:16:47.001,1.46825,1.4683,1.00,2.40
2009.03.24 14:16:47.251,1.46825,1.4683,1.00,1.60
2009.03.24 14:16:47.881,1.46825,1.4684,1.00,4.80
2009.03.24 14:16:48.680,1.46825,1.4684,1.00,4.80
2009.03.24 14:16:49.130,1.46825,1.4685,1.00,10.40
2009.03.24 14:16:49.411,1.46835,1.46845,1.00,4.80
2009.03.24 14:16:49.690,1.46835,1.46855,1.00,8.80
2009.03.24 14:16:50.510,1.46825,1.46845,10.40,4.80
2009.03.24 14:16:50.790,1.4683,1.46845,1.00,4.80
2009.03.24 14:16:51.730,1.4683,1.46835,1.00,4.80
2009.03.24 14:16:52.020,1.46825,1.4683,4.00,4.80
2009.03.24 14:16:52.359,1.46825,1.4683,1.00,4.80
2009.03.24 14:16:52.819,1.46825,1.46835,1.00,4.80
2009.03.24 14:16:53.040,1.4682,1.46835,1.00,4.80
2009.03.24 14:16:53.839,1.4682,1.4684,1.00,1.60
2009.03.24 14:16:59.168,1.4682,1.46835,1.00,1.00
2009.03.24 14:16:59.278,1.4682,1.4683,1.00,6.40
2009.03.24 14:16:59.508,1.4682,1.4683,1.00,6.40
2009.03.24 14:16:59.568,1.4682,1.4683,1.00,7.20
2009.03.24 14:17:00.138,1.4681,1.4683,4.80,4.00
2009.03.24 14:17:00.927,1.46815,1.4683,2.80,4.00
2009.03.24 14:17:02.397,1.46815,1.4683,2.80,1.60
2009.03.24 14:17:02.737,1.4682,1.4684,1.00,3.60
2009.03.24 14:17:02.917,1.4682,1.4684,1.00,8.40
2009.03.24 14:17:03.037,1.46825,1.4684,1.00,7.20
2009.03.24 14:17:03.197,1.46825,1.4684,1.00,5.60
2009.03.24 14:17:03.367,1.4682,1.4684,1.00,4.80
2009.03.24 14:17:03.657,1.4682,1.46845,1.00,8.20
2009.03.24 14:17:04.226,1.4681,1.46825,9.20,1.60
2009.03.24 14:17:04.577,1.46815,1.4683,1.00,2.40
2009.03.24 14:17:04.917,1.4682,1.46835,1.00,12.80
2009.03.24 14:17:05.146,1.4682,1.46835,1.00,1.60
2009.03.24 14:17:05.386,1.4682,1.46835,1.00,2.60
2009.03.24 14:17:05.606,1.4682,1.4684,1.00,2.60
2009.03.24 14:17:05.776,1.4683,1.4684,1.00,2.60
2009.03.24 14:17:06.296,1.4683,1.4685,1.00,19.00
2009.03.24 14:17:11.655,1.4684,1.4685,4.80,2.40
2009.03.24 14:17:11.895,1.46855,1.4686,1.00,3.30
2009.03.24 14:17:12.245,1.4684,1.4686,16.20,2.60
2009.03.24 14:17:12.475,1.4685,1.46865,4.80,2.60
2009.03.24 14:17:12.645,1.46855,1.4686,1.00,2.60
2009.03.24 14:17:12.975,1.46845,1.4687,10.80,2.40
2009.03.24 14:17:13.324,1.4685,1.46865,7.20,2.60
2009.03.24 14:17:13.504,1.4686,1.4687,1.00,1.00
2009.03.24 14:17:13.734,1.4686,1.46875,1.00,4.20
2009.03.24 14:17:14.024,1.4686,1.46875,1.00,2.80
2009.03.24 14:17:14.824,1.4685,1.46855,4.40,1.00
2009.03.24 14:17:14.944,1.46855,1.4686,1.00,7.20
2009.03.24 14:17:15.174,1.46855,1.46865,1.00,4.80
2009.03.24 14:17:15.804,1.46855,1.46865,1.00,5.00
2009.03.24 14:17:16.034,1.46855,1.4687,1.00,2.20
2009.03.24 14:17:17.024,1.4685,1.4686,2.80,1.00
2009.03.24 14:17:17.513,1.46855,1.4686,1.00,2.80
2009.03.24 14:17:17.683,1.46855,1.4687,1.00,2.20
2009.03.24 14:17:18.083,1.46855,1.4687,1.00,2.20
2009.03.24 14:17:18.253,1.46855,1.4687,1.00,2.60
2009.03.24 14:17:18.693,1.46855,1.46875,2.40,3.60
2009.03.24 14:17:19.083,1.4685,1.4686,2.40,1.00
2009.03.24 14:17:19.363,1.46855,1.4686,1.00,1.00
2009.03.24 14:17:20.883,1.46855,1.4687,1.00,2.40
2009.03.24 14:17:21.063,1.46855,1.4686,1.00,1.00
2009.03.24 14:17:21.292,1.46855,1.4686,1.00,1.00
2009.03.24 14:17:21.812,1.46855,1.4687,1.00,3.20
2009.03.24 14:17:22.272,1.46855,1.4687,1.00,2.40
2009.03.24 14:17:23.852,1.46855,1.46865,1.00,1.00
2009.03.24 14:17:23.912,1.46855,1.46865,1.00,2.20
2009.03.24 14:17:24.162,1.4685,1.46865,1.20,3.40
2009.03.24 14:17:24.222,1.46845,1.46865,1.00,3.40
2009.03.24 14:17:24.282,1.46845,1.4686,1.00,2.60
2009.03.24 14:17:24.811,1.46845,1.46865,1.00,12.20
2009.03.24 14:17:25.841,1.46845,1.46865,1.00,13.80
2009.03.24 14:17:26.021,1.46845,1.46865,1.00,14.00
2009.03.24 14:17:26.541,1.46845,1.46865,1.00,6.00
2009.03.24 14:17:26.711,1.46845,1.46865,1.00,4.80
2009.03.24 14:17:26.891,1.46845,1.46865,1.00,4.60
2009.03.24 14:17:27.361,1.46845,1.46865,1.00,2.20
2009.03.24 14:17:27.601,1.46845,1.46865,1.00,3.20
2009.03.24 14:17:28.181,1.46845,1.46855,1.00,1.00
2009.03.24 14:17:28.481,1.46845,1.4686,1.00,2.40
2009.03.24 14:17:28.941,1.46845,1.46855,1.00,1.00
2009.03.24 14:17:29.120,1.46845,1.46855,1.00,1.60
2009.03.24 14:17:29.401,1.4684,1.46855,2.80,13.40
2009.03.24 14:17:29.631,1.46835,1.46845,9.20,3.60
2009.03.24 14:17:29.921,1.46835,1.46845,1.00,3.40
2009.03.24 14:17:30.270,1.46835,1.4684,1.00,1.00
2009.03.24 14:17:32.880,1.46835,1.4684,1.00,1.00
2009.03.24 14:17:33.050,1.46835,1.46855,2.80,1.60
2009.03.24 14:17:33.450,1.4684,1.46855,1.00,1.60
2009.03.24 14:17:33.909,1.4684,1.4686,1.00,3.20
2009.03.24 14:17:35.349,1.4684,1.4686,1.00,3.20
2009.03.24 14:17:35.679,1.46845,1.4686,1.00,1.60
2009.03.24 14:17:36.100,1.4684,1.4686,1.00,3.20
2009.03.24 14:17:36.888,1.46835,1.4684,2.80,1.00
2009.03.24 14:17:37.279,1.4683,1.4684,1.00,2.80
2009.03.24 14:17:37.618,1.46825,1.4683,1.80,1.00
2009.03.24 14:17:38.028,1.46825,1.4683,1.00,2.40
2009.03.24 14:17:38.199,1.46815,1.4683,4.40,2.40
2009.03.24 14:17:38.478,1.46815,1.4683,2.80,3.20
2009.03.24 14:17:38.748,1.46815,1.4683,2.80,4.00
2009.03.24 14:17:38.858,1.46815,1.4683,2.80,4.40
2009.03.24 14:17:39.098,1.4682,1.46835,1.00,11.20
2009.03.24 14:17:39.218,1.4682,1.4683,1.00,2.80
2009.03.24 14:17:40.178,1.4683,1.46835,1.00,3.10
2009.03.24 14:17:40.468,1.4683,1.4684,2.80,5.90
2009.03.24 14:17:40.758,1.4683,1.46845,2.80,9.00
2009.03.24 14:17:41.058,1.4684,1.46845,1.00,4.80
2009.03.24 14:17:41.387,1.4684,1.46845,2.80,4.80
2009.03.24 14:17:41.627,1.46845,1.46855,1.00,1.60
2009.03.24 14:17:41.857,1.4684,1.46855,2.80,1.60
2009.03.24 14:17:44.047,1.4684,1.46855,2.40,3.20
2009.03.24 14:17:44.217,1.46835,1.46855,5.00,3.20
2009.03.24 14:17:44.327,1.46835,1.46855,2.80,3.20
2009.03.24 14:17:44.617,1.46835,1.46855,1.00,8.00
2009.03.24 14:17:45.237,1.46835,1.46855,1.00,6.40
2009.03.24 14:17:45.516,1.46835,1.46855,1.00,1.60
2009.03.24 14:17:48.426,1.46835,1.46855,1.20,1.60
2009.03.24 14:17:48.656,1.46835,1.46855,1.20,6.40
2009.03.24 14:17:50.835,1.4684,1.46855,1.00,6.40
2009.03.24 14:17:51.117,1.4684,1.46855,1.00,1.60
2009.03.24 14:17:51.935,1.46845,1.4686,1.00,11.20
2009.03.24 14:17:52.225,1.46845,1.46855,1.00,4.80
2009.03.24 14:17:52.585,1.46845,1.4686,1.00,11.20
2009.03.24 14:17:52.875,1.4684,1.4686,1.00,12.80
2009.03.24 14:17:53.115,1.4684,1.4686,1.00,8.00
2009.03.24 14:17:53.764,1.4684,1.4686,1.00,8.00
2009.03.24 14:17:54.354,1.4684,1.4686,1.00,12.80
2009.03.24 14:17:55.554,1.4684,1.4686,1.00,13.60
2009.03.24 14:17:56.844,1.4684,1.4686,1.00,13.60
2009.03.24 14:17:57.494,1.46845,1.4686,1.00,13.60
2009.03.24 14:17:59.454,1.4683,1.4684,3.60,12.00
2009.03.24 14:17:59.733,1.4683,1.4684,4.40,16.00
2009.03.24 14:17:59.843,1.4683,1.46845,1.00,8.00
2009.03.24 14:18:00.023,1.4683,1.4684,1.00,4.80
2009.03.24 14:18:00.143,1.46835,1.4684,1.00,4.80
2009.03.24 14:18:00.423,1.46835,1.4685,1.00,4.80
2009.03.24 14:18:01.323,1.46835,1.46855,1.00,10.40
2009.03.24 14:18:01.832,1.4683,1.4685,1.00,1.60
2009.03.24 14:18:02.172,1.4683,1.4685,1.00,6.40
2009.03.24 14:18:02.452,1.4683,1.4684,1.00,1.00
2009.03.24 14:18:02.692,1.4683,1.46845,1.00,5.60
2009.03.24 14:18:03.122,1.46835,1.46855,1.00,8.00
2009.03.24 14:18:03.402,1.4684,1.46855,2.80,4.80
2009.03.24 14:18:03.632,1.4684,1.4686,2.80,8.00
2009.03.24 14:18:05.102,1.4684,1.46855,2.40,1.60
2009.03.24 14:18:05.601,1.4684,1.4686,2.80,8.00
2009.03.24 14:18:06.171,1.4684,1.46855,2.40,1.60
2009.03.24 14:18:06.681,1.4684,1.4686,2.80,8.00
2009.03.24 14:18:09.431,1.46845,1.4686,1.00,3.20
2009.03.24 14:18:09.671,1.46845,1.4686,1.00,1.00
2009.03.24 14:18:12.150,1.4684,1.4685,2.40,1.60
2009.03.24 14:18:12.540,1.46835,1.4685,1.20,7.20
2009.03.24 14:18:12.780,1.4683,1.46835,1.00,4.80
2009.03.24 14:18:13.070,1.4682,1.4683,1.00,4.80
2009.03.24 14:18:13.410,1.46825,1.46835,1.00,1.60
2009.03.24 14:18:13.580,1.46825,1.46845,1.00,8.80
2009.03.24 14:18:14.559,1.46825,1.46845,1.00,9.80
2009.03.24 14:18:14.669,1.4683,1.4685,1.00,6.40
2009.03.24 14:18:14.940,1.4683,1.4685,1.00,11.20
2009.03.24 14:18:15.229,1.46835,1.46845,1.00,8.80
2009.03.24 14:18:15.579,1.4684,1.4685,1.00,1.60
2009.03.24 14:18:15.929,1.4684,1.46855,1.00,8.00
2009.03.24 14:18:16.709,1.4684,1.46855,1.00,1.60
2009.03.24 14:18:16.999,1.4684,1.46855,1.00,1.60
2009.03.24 14:18:17.339,1.4684,1.4685,1.00,1.00
2009.03.24 14:18:17.979,1.4684,1.46855,1.00,1.60
2009.03.24 14:18:19.168,1.46835,1.4686,2.80,9.60
2009.03.24 14:18:19.448,1.4684,1.4686,1.00,9.60
2009.03.24 14:18:19.628,1.4684,1.4686,1.00,9.60
2009.03.24 14:18:20.148,1.4684,1.4685,1.00,1.00
2009.03.24 14:18:21.128,1.4684,1.4686,1.00,9.60
2009.03.24 14:18:21.828,1.4684,1.4685,1.00,1.60
2009.03.24 14:18:22.238,1.4684,1.46855,1.00,1.60
2009.03.24 14:18:23.967,1.4684,1.4685,1.00,1.60
2009.03.24 14:18:24.667,1.4684,1.4685,1.00,1.00
2009.03.24 14:18:24.897,1.46835,1.4685,1.00,1.00
2009.03.24 14:18:25.187,1.4684,1.4685,1.00,1.00
2009.03.24 14:18:27.097,1.4684,1.4685,1.00,1.00
2009.03.24 14:18:31.466,1.46835,1.4685,2.80,4.80
2009.03.24 14:18:31.526,1.4683,1.4685,5.00,8.00
2009.03.24 14:18:31.696,1.4683,1.4685,3.40,13.60
2009.03.24 14:18:31.865,1.4683,1.46845,3.40,4.00
2009.03.24 14:18:32.045,1.4683,1.46845,3.00,4.80
2009.03.24 14:18:32.275,1.4683,1.46845,3.00,4.00
2009.03.24 14:18:32.835,1.4683,1.46845,1.00,4.00
2009.03.24 14:18:33.065,1.4683,1.4684,1.00,4.80
2009.03.24 14:18:33.455,1.46825,1.4684,1.00,4.80
2009.03.24 14:18:33.725,1.4683,1.4684,1.00,4.80
2009.03.24 14:18:34.425,1.46825,1.46845,2.80,12.00
2009.03.24 14:18:34.824,1.4683,1.4685,1.60,11.20
2009.03.24 14:18:35.145,1.46835,1.4686,9.20,10.40
2009.03.24 14:18:35.385,1.46835,1.4685,5.20,1.20
2009.03.24 14:18:35.794,1.46835,1.4685,1.00,1.60
2009.03.24 14:18:36.094,1.46835,1.4685,1.00,1.00
2009.03.24 14:18:36.314,1.4683,1.4685,3.00,11.20
2009.03.24 14:18:36.614,1.4683,1.4685,3.80,12.80
2009.03.24 14:18:37.004,1.4684,1.46855,1.00,1.60
2009.03.24 14:18:37.914,1.4684,1.46855,1.00,1.60
2009.03.24 14:18:41.063,1.4684,1.46855,1.00,1.60
2009.03.24 14:18:41.633,1.4684,1.46855,1.00,1.60
2009.03.24 14:18:42.023,1.4684,1.4686,2.80,1.60
2009.03.24 14:18:47.891,1.4685,1.4686,1.00,1.60
2009.03.24 14:18:48.631,1.4685,1.4686,1.00,1.60
2009.03.24 14:18:49.861,1.46845,1.4686,1.00,1.60
2009.03.24 14:18:49.971,1.4684,1.4686,2.80,1.60
2009.03.24 14:18:53.370,1.46845,1.4686,1.00,1.00
2009.03.24 14:18:56.229,1.4685,1.4686,1.80,1.00
2009.03.24 14:18:56.569,1.4685,1.46865,3.20,11.20
2009.03.24 14:18:56.969,1.4685,1.46865,4.00,1.60
2009.03.24 14:18:57.419,1.4685,1.46875,2.00,11.20
2009.03.24 14:18:57.759,1.4686,1.4687,2.80,4.80
2009.03.24 14:18:58.039,1.4686,1.4688,2.80,6.40
2009.03.24 14:18:58.329,1.46865,1.4688,1.00,4.80
2009.03.24 14:18:58.739,1.4686,1.4687,2.80,1.00
2009.03.24 14:18:59.139,1.4686,1.4688,2.80,2.00
2009.03.24 14:18:59.439,1.46865,1.46885,1.00,7.60
2009.03.24 14:18:59.659,1.46865,1.46885,1.00,3.60
2009.03.24 14:18:59.829,1.46865,1.46885,1.00,3.20
2009.03.24 14:19:00.239,1.46875,1.4689,1.00,12.80
2009.03.24 14:19:00.538,1.46865,1.46885,5.20,1.00
2009.03.24 14:19:01.108,1.46865,1.46885,2.80,1.00
2009.03.24 14:19:02.138,1.4686,1.46875,2.40,1.00
2009.03.24 14:19:02.668,1.4686,1.4688,3.40,5.60
2009.03.24 14:19:02.948,1.4685,1.4687,8.20,1.80
2009.03.24 14:19:03.298,1.4685,1.4687,2.80,6.40
2009.03.24 14:19:04.317,1.4685,1.4687,2.80,1.60
2009.03.24 14:19:05.757,1.46855,1.4687,1.00,5.40
2009.03.24 14:19:06.507,1.46855,1.4687,2.80,5.40
2009.03.24 14:19:06.867,1.46855,1.4687,2.80,4.80
2009.03.24 14:19:07.367,1.46855,1.4687,2.80,4.80
2009.03.24 14:19:08.226,1.46855,1.4687,2.80,4.80
2009.03.24 14:19:09.516,1.4686,1.4687,1.00,8.00
2009.03.24 14:19:09.866,1.4685,1.4687,5.20,8.80
2009.03.24 14:19:09.986,1.4685,1.4687,4.20,13.60
2009.03.24 14:19:10.166,1.4685,1.4687,2.80,13.60
2009.03.24 14:19:10.446,1.4685,1.4687,2.80,8.80
2009.03.24 14:19:10.616,1.46855,1.4687,1.00,4.80
2009.03.24 14:19:12.046,1.4685,1.46865,2.40,1.60
2009.03.24 14:19:16.165,1.46805,1.46825,1.00,5.80
2009.03.24 14:19:16.395,1.46805,1.46825,1.00,11.60
2009.03.24 14:19:16.864,1.46805,1.4682,1.00,1.80
2009.03.24 14:19:17.104,1.46805,1.4682,1.00,2.00
2009.03.24 14:19:18.304,1.46825,1.4684,1.00,9.60
2009.03.24 14:19:18.694,1.46835,1.4685,1.00,6.40
2009.03.24 14:19:18.804,1.46835,1.4685,1.00,3.20
2009.03.24 14:19:19.024,1.46835,1.46845,1.00,1.60
2009.03.24 14:19:19.264,1.46825,1.46845,2.00,1.60
2009.03.24 14:19:19.384,1.4683,1.46845,1.00,1.60
2009.03.24 14:19:19.904,1.46825,1.46845,1.00,1.60
2009.03.24 14:19:21.473,1.4683,1.46845,1.00,1.60
2009.03.24 14:19:22.163,1.4683,1.46845,2.80,1.60
2009.03.24 14:19:22.443,1.4683,1.4685,1.00,3.20
2009.03.24 14:19:22.783,1.4683,1.4684,1.00,6.40
2009.03.24 14:19:23.053,1.46825,1.4683,1.00,1.00
2009.03.24 14:19:26.242,1.4682,1.4683,2.80,1.00
2009.03.24 14:19:26.582,1.46825,1.4683,1.00,1.00
2009.03.24 14:19:29.261,1.4682,1.4683,2.80,1.00
2009.03.24 14:19:29.562,1.4682,1.46835,2.80,6.40
2009.03.24 14:19:30.601,1.4682,1.4683,2.80,1.00
2009.03.24 14:19:30.831,1.46825,1.4683,1.00,1.00
2009.03.24 14:19:32.710,1.46825,1.46835,1.00,7.20
2009.03.24 14:19:32.931,1.46825,1.46835,1.00,6.40
2009.03.24 14:19:34.130,1.46825,1.4683,1.00,1.00
2009.03.24 14:19:34.770,1.4682,1.46825,1.00,1.60
2009.03.24 14:19:35.280,1.4681,1.46825,2.80,1.60
2009.03.24 14:19:35.900,1.46805,1.4682,5.80,8.80
2009.03.24 14:19:36.260,1.4681,1.46815,1.00,2.40
2009.03.24 14:19:36.440,1.468,1.4681,2.40,2.00
2009.03.24 14:19:36.650,1.46805,1.4681,1.00,11.20
2009.03.24 14:19:37.169,1.468,1.46805,1.00,6.40
2009.03.24 14:19:37.460,1.46795,1.46805,2.80,1.60
2009.03.24 14:19:37.809,1.468,1.4681,1.00,4.80
2009.03.24 14:19:38.039,1.468,1.4681,1.00,1.00
2009.03.24 14:19:38.621,1.46805,1.4681,1.00,1.00
2009.03.24 14:19:38.899,1.468,1.4682,1.00,8.00
2009.03.24 14:19:39.189,1.468,1.4682,1.00,8.80
2009.03.24 14:19:41.129,1.46795,1.46815,2.80,1.60
2009.03.24 14:19:41.368,1.468,1.4682,1.00,8.80
2009.03.24 14:19:46.427,1.4679,1.46795,2.40,1.00
2009.03.24 14:19:46.877,1.4679,1.468,2.80,14.40
2009.03.24 14:19:47.107,1.4679,1.46795,2.80,4.80
2009.03.24 14:19:47.407,1.4679,1.46795,2.80,1.00
2009.03.24 14:19:47.737,1.4679,1.468,2.80,1.60
2009.03.24 14:19:48.427,1.46795,1.468,1.00,1.60
2009.03.24 14:19:48.727,1.4679,1.468,2.80,1.60
2009.03.24 14:19:50.996,1.4679,1.468,2.80,6.40
2009.03.24 14:19:51.396,1.46785,1.4679,1.00,1.00
2009.03.24 14:19:51.686,1.4678,1.46785,2.80,2.20
2009.03.24 14:19:52.036,1.4676,1.46765,6.10,1.00
2009.03.24 14:19:52.386,1.46755,1.46765,3.00,2.80
2009.03.24 14:19:52.856,1.4676,1.46765,1.00,6.40
2009.03.24 14:19:53.256,1.46755,1.4676,1.00,4.80
2009.03.24 14:19:53.716,1.46755,1.46765,1.00,15.20
2009.03.24 14:19:54.295,1.46755,1.4676,1.00,4.80
2009.03.24 14:19:54.816,1.46755,1.46765,1.00,6.40
2009.03.24 14:19:55.575,1.4676,1.46765,1.00,6.40
2009.03.24 14:19:55.905,1.4676,1.46765,1.00,4.80
2009.03.24 14:19:56.425,1.4676,1.4677,3.00,4.80
2009.03.24 14:19:56.775,1.4677,1.4678,1.00,12.10
2009.03.24 14:19:56.995,1.46775,1.4678,1.00,5.60
2009.03.24 14:19:57.334,1.4678,1.46785,1.00,9.60
2009.03.24 14:19:57.684,1.4678,1.46785,1.00,7.20
2009.03.24 14:19:58.134,1.46785,1.4679,1.00,8.00
2009.03.24 14:19:58.525,1.4679,1.46795,1.00,9.20
2009.03.24 14:19:58.934,1.46785,1.4679,1.00,4.82
2009.03.24 14:19:59.164,1.4679,1.46795,1.00,8.00
2009.03.24 14:19:59.554,1.4679,1.46795,1.00,6.40
2009.03.24 14:20:00.314,1.4679,1.46795,1.00,1.60
2009.03.24 14:20:00.715,1.46785,1.46795,1.00,1.60
2009.03.24 14:20:01.594,1.4678,1.46795,1.00,1.60
2009.03.24 14:20:01.884,1.46785,1.46795,1.00,1.60
2009.03.24 14:20:02.244,1.46775,1.46795,2.80,1.60
2009.03.24 14:20:02.574,1.4678,1.46795,1.00,1.60
2009.03.24 14:20:03.033,1.46775,1.46795,2.80,1.60
2009.03.24 14:20:04.343,1.4678,1.46795,4.00,1.60
2009.03.24 14:20:04.553,1.4678,1.468,4.00,7.00
2009.03.24 14:20:04.953,1.4679,1.46805,1.00,2.00
2009.03.24 14:20:05.353,1.4679,1.46805,1.00,3.00
2009.03.24 14:20:05.763,1.4679,1.46805,1.00,3.20
2009.03.24 14:20:07.322,1.46785,1.4679,2.60,1.00
2009.03.24 14:20:09.122,1.4679,1.46795,1.00,1.00
2009.03.24 14:20:09.342,1.4679,1.46805,1.00,2.60
2009.03.24 14:20:11.022,1.4679,1.468,1.00,8.00
2009.03.24 14:20:11.201,1.4679,1.46795,1.00,1.60
2009.03.24 14:20:11.481,1.4678,1.4679,2.80,1.10
2009.03.24 14:20:11.771,1.46775,1.4678,2.40,1.00
2009.03.24 14:20:12.051,1.4677,1.4678,2.80,1.00
2009.03.24 14:20:12.581,1.46775,1.4678,1.00,1.60
2009.03.24 14:20:13.041,1.46775,1.46785,1.00,16.60
2009.03.24 14:20:13.441,1.4678,1.46785,1.00,10.80
2009.03.24 14:20:13.711,1.46775,1.4678,1.00,4.40
2009.03.24 14:20:14.061,1.4677,1.46775,1.00,5.60
2009.03.24 14:20:14.470,1.4677,1.46775,1.00,10.40
2009.03.24 14:20:17.150,1.4677,1.46775,2.40,5.80
2009.03.24 14:20:17.380,1.4677,1.46785,1.00,3.80
2009.03.24 14:20:17.609,1.4677,1.4678,1.00,1.00
2009.03.24 14:20:17.840,1.46775,1.4678,1.00,1.60
2009.03.24 14:20:18.170,1.4677,1.4678,1.00,8.00
2009.03.24 14:20:18.450,1.4677,1.46775,1.00,6.40
2009.03.24 14:20:18.730,1.4677,1.46775,1.00,8.00
2009.03.24 14:20:19.009,1.4675,1.46775,2.00,8.00
2009.03.24 14:20:19.409,1.4675,1.4677,2.00,1.60
2009.03.24 14:20:19.869,1.4675,1.4677,1.20,1.60
2009.03.24 14:20:20.219,1.4675,1.4677,1.00,1.60
2009.03.24 14:20:22.618,1.4675,1.4677,2.00,1.60
2009.03.24 14:20:22.978,1.4675,1.4677,1.00,1.60
2009.03.24 14:20:24.308,1.46765,1.4677,1.00,1.60
2009.03.24 14:20:25.648,1.46755,1.46765,2.80,1.60
2009.03.24 14:20:26.158,1.46755,1.46765,1.00,1.60
2009.03.24 14:20:26.448,1.46755,1.46765,1.00,11.20
2009.03.24 14:20:26.678,1.4676,1.46765,1.00,5.60
2009.03.24 14:20:26.857,1.4676,1.46765,1.00,1.60
2009.03.24 14:20:27.037,1.46755,1.46765,2.80,1.60
2009.03.24 14:20:27.547,1.4676,1.46765,1.00,6.40
2009.03.24 14:20:27.899,1.46765,1.4677,1.00,7.20
2009.03.24 14:20:28.347,1.46745,1.4675,3.60,1.00
2009.03.24 14:20:28.577,1.46745,1.4675,2.80,1.00
2009.03.24 14:20:28.817,1.46745,1.4675,1.00,1.00
2009.03.24 14:20:29.157,1.46735,1.4675,2.80,1.00
2009.03.24 14:20:33.546,1.46735,1.4675,1.00,1.20
2009.03.24 14:20:35.315,1.46735,1.46745,2.80,2.20
2009.03.24 14:20:35.535,1.46735,1.4675,2.80,1.60
2009.03.24 14:20:35.815,1.4674,1.46755,1.00,6.80
2009.03.24 14:20:35.995,1.4674,1.46755,1.00,2.00
2009.03.24 14:20:36.235,1.46755,1.4676,1.00,5.40
2009.03.24 14:20:36.406,1.46755,1.4676,1.00,3.40
2009.03.24 14:20:36.755,1.46755,1.4676,1.00,2.40
2009.03.24 14:20:37.035,1.46755,1.4676,1.00,1.60
2009.03.24 14:20:38.985,1.46755,1.4677,1.00,1.60
2009.03.24 14:20:39.725,1.46765,1.4677,1.00,1.60
2009.03.24 14:20:42.084,1.4676,1.4677,2.80,1.60
2009.03.24 14:20:42.254,1.46765,1.4677,1.00,1.60
2009.03.24 14:20:42.594,1.46765,1.46775,1.00,6.40
2009.03.24 14:20:43.043,1.46765,1.4677,1.00,1.60
2009.03.24 14:20:43.943,1.46765,1.46775,1.00,6.40
2009.03.24 14:20:44.283,1.46765,1.46775,1.00,4.80
2009.03.24 14:20:45.173,1.46765,1.4678,1.00,1.60
2009.03.24 14:20:45.403,1.46765,1.4678,1.00,3.20
2009.03.24 14:20:46.563,1.46765,1.4678,1.00,1.60
2009.03.24 14:20:48.052,1.46765,1.4678,1.00,1.60
2009.03.24 14:20:49.822,1.46765,1.4678,1.00,1.60
2009.03.24 14:20:50.522,1.4676,1.46775,2.80,1.60
2009.03.24 14:20:58.790,1.4676,1.46775,1.00,1.60
2009.03.24 14:20:59.320,1.4676,1.46775,2.80,1.60
2009.03.24 14:20:59.620,1.4676,1.46775,1.00,1.60
2009.03.24 14:20:59.830,1.4676,1.46775,2.80,1.60
2009.03.24 14:21:00.809,1.4676,1.46775,1.00,8.00
2009.03.24 14:21:00.929,1.4676,1.4677,1.00,4.80
2009.03.24 14:21:01.099,1.4676,1.46765,1.00,4.80
2009.03.24 14:21:01.209,1.4674,1.46755,1.80,4.80
2009.03.24 14:21:01.429,1.4674,1.46755,1.00,4.80
2009.03.24 14:21:01.709,1.4674,1.4676,1.00,4.80
2009.03.24 14:21:02.349,1.4674,1.46755,1.00,4.80
2009.03.24 14:21:02.819,1.4674,1.4676,1.00,4.80
2009.03.24 14:21:03.159,1.4674,1.46755,1.00,4.80
2009.03.24 14:21:03.679,1.4674,1.4676,1.00,4.80
2009.03.24 14:21:04.028,1.4675,1.4676,1.00,4.80
2009.03.24 14:21:04.188,1.4675,1.46755,1.00,4.80
2009.03.24 14:21:04.528,1.4674,1.46755,1.00,4.80
2009.03.24 14:21:05.438,1.4674,1.46755,1.20,4.80
2009.03.24 14:21:05.778,1.4676,1.46765,1.00,14.10
2009.03.24 14:21:06.068,1.46755,1.4677,1.00,9.60
2009.03.24 14:21:06.348,1.46745,1.46765,1.00,6.40
2009.03.24 14:21:06.938,1.4674,1.4676,1.00,4.80
2009.03.24 14:21:07.158,1.4674,1.46755,1.00,2.40
2009.03.24 14:21:07.509,1.46735,1.4675,1.00,1.60
2009.03.24 14:21:11.707,1.46735,1.46755,1.00,6.40
2009.03.24 14:21:12.007,1.4674,1.46755,1.00,1.60
2009.03.24 14:21:12.756,1.4674,1.46755,7.60,1.60
2009.03.24 14:21:13.106,1.46745,1.46755,4.80,1.60
2009.03.24 14:21:13.346,1.4674,1.46765,1.00,8.00
2009.03.24 14:21:13.526,1.4674,1.46765,1.20,7.20
2009.03.24 14:21:13.806,1.4674,1.46765,1.00,5.60
2009.03.24 14:21:13.866,1.4674,1.46765,1.00,3.20
2009.03.24 14:21:14.166,1.4674,1.46765,1.00,12.00
2009.03.24 14:21:14.556,1.46745,1.46765,1.00,10.40
2009.03.24 14:21:14.906,1.4675,1.46765,1.00,1.60
2009.03.24 14:21:15.186,1.46745,1.46765,1.00,1.60
2009.03.24 14:21:15.426,1.46745,1.46765,1.00,6.40
2009.03.24 14:21:15.646,1.46745,1.46765,1.00,10.40
2009.03.24 14:21:17.445,1.46745,1.46765,1.00,5.60
2009.03.24 14:21:17.955,1.46745,1.46765,1.00,10.40
2009.03.24 14:21:18.355,1.46735,1.4676,9.00,8.60
2009.03.24 14:21:18.585,1.46735,1.4676,2.80,8.60
2009.03.24 14:21:19.095,1.46735,1.4676,5.20,6.20
2009.03.24 14:21:19.565,1.4674,1.46765,1.00,7.20
2009.03.24 14:21:19.685,1.46735,1.46755,7.40,3.80
2009.03.24 14:21:19.915,1.46735,1.46755,7.40,2.20
2009.03.24 14:21:20.085,1.46735,1.4676,2.80,7.00
2009.03.24 14:21:21.375,1.46735,1.4676,2.80,6.20
2009.03.24 14:21:21.934,1.46735,1.46755,1.00,2.20
2009.03.24 14:21:22.464,1.4673,1.4675,2.80,2.20
2009.03.24 14:21:23.234,1.4673,1.46745,2.00,1.40
2009.03.24 14:21:23.514,1.4673,1.4675,1.60,6.20
2009.03.24 14:21:23.794,1.4673,1.4675,1.00,6.20
2009.03.24 14:21:24.083,1.46725,1.4675,2.80,6.20
2009.03.24 14:21:24.304,1.4673,1.4675,1.00,6.20
2009.03.24 14:21:24.705,1.46725,1.4675,2.80,6.20
2009.03.24 14:21:25.053,1.46725,1.4675,2.80,6.40
2009.03.24 14:21:25.963,1.46725,1.46745,2.80,2.20
2009.03.24 14:21:26.193,1.46725,1.46745,2.00,2.20
2009.03.24 14:21:26.543,1.46725,1.46745,2.00,1.40
2009.03.24 14:21:26.773,1.4673,1.4675,2.00,1.60
2009.03.24 14:21:27.003,1.46735,1.46755,1.00,9.00
2009.03.24 14:21:27.363,1.46735,1.46755,1.00,4.80
2009.03.24 14:21:27.703,1.46735,1.4676,1.00,6.40
2009.03.24 14:21:28.162,1.46735,1.4676,1.00,7.20
2009.03.24 14:21:28.383,1.46735,1.46755,1.00,8.80
2009.03.24 14:21:28.442,1.46735,1.46755,1.00,8.00
2009.03.24 14:21:28.802,1.46735,1.4676,1.00,8.00
2009.03.24 14:21:29.212,1.4674,1.4676,1.20,1.60
2009.03.24 14:21:29.502,1.4674,1.4676,2.80,1.60
2009.03.24 14:21:29.962,1.46745,1.4676,1.00,1.60
2009.03.24 14:21:30.132,1.46755,1.4676,1.00,1.60
2009.03.24 14:21:31.972,1.4675,1.4676,2.80,1.60
2009.03.24 14:21:32.262,1.4676,1.46765,1.00,4.80
2009.03.24 14:21:32.592,1.46755,1.4676,1.20,1.60
2009.03.24 14:21:33.062,1.46745,1.4676,2.80,1.60
2009.03.24 14:21:36.901,1.46745,1.4676,1.00,1.60
2009.03.24 14:21:37.070,1.46745,1.4677,1.00,8.00
2009.03.24 14:21:37.391,1.46745,1.4677,1.20,8.00
2009.03.24 14:21:38.360,1.4676,1.4677,1.00,6.40
2009.03.24 14:21:38.590,1.4676,1.4677,1.00,5.00
2009.03.24 14:21:38.930,1.4676,1.4677,1.00,1.00
2009.03.24 14:21:39.390,1.46755,1.4677,1.00,1.00
2009.03.24 14:21:39.790,1.46755,1.4677,2.80,1.00
2009.03.24 14:21:40.550,1.4676,1.4677,1.00,1.00
2009.03.24 14:21:40.970,1.46755,1.4677,2.80,4.80
2009.03.24 14:21:42.629,1.46755,1.4677,1.00,4.80
2009.03.24 14:21:42.959,1.46745,1.46765,1.00,1.40
2009.03.24 14:21:43.239,1.4675,1.4677,1.00,6.40
2009.03.24 14:21:44.439,1.46745,1.46765,1.20,1.60
2009.03.24 14:21:44.969,1.4674,1.4676,5.20,1.60
2009.03.24 14:21:45.248,1.46745,1.46765,1.20,6.40
2009.03.24 14:21:45.728,1.46745,1.46765,1.00,6.40
2009.03.24 14:21:46.068,1.46745,1.46765,1.20,1.60
2009.03.24 14:21:46.868,1.46745,1.46765,1.00,1.60
2009.03.24 14:21:47.048,1.46745,1.4676,1.00,1.00
2009.03.24 14:21:47.268,1.46745,1.4676,1.00,1.00
2009.03.24 14:21:48.018,1.46745,1.4676,2.80,1.00
2009.03.24 14:21:48.068,1.4675,1.46765,1.00,8.80
2009.03.24 14:21:48.357,1.4675,1.4676,1.00,1.00
2009.03.24 14:21:48.698,1.4675,1.4676,1.00,1.20
2009.03.24 14:21:48.988,1.46735,1.46745,9.60,1.80
2009.03.24 14:21:49.347,1.46725,1.46745,2.80,2.20
2009.03.24 14:21:49.687,1.46725,1.46745,2.80,13.60
2009.03.24 14:21:50.097,1.46725,1.4674,2.80,3.00
2009.03.24 14:21:50.537,1.46725,1.4674,2.80,4.80
2009.03.24 14:21:51.067,1.46725,1.4674,2.80,11.20
2009.03.24 14:21:51.478,1.46725,1.46735,2.80,8.80
2009.03.24 14:21:51.877,1.4672,1.46735,2.80,8.80
2009.03.24 14:21:52.177,1.4672,1.46735,1.00,4.80
2009.03.24 14:21:52.657,1.4672,1.46735,1.00,8.80
2009.03.24 14:21:53.577,1.4672,1.46735,2.80,8.80
2009.03.24 14:21:53.926,1.4672,1.46735,2.80,9.80
2009.03.24 14:21:54.326,1.4672,1.4674,2.80,1.60
2009.03.24 14:21:55.056,1.4673,1.4674,2.40,1.60
2009.03.24 14:21:56.835,1.46735,1.46745,1.00,8.80
2009.03.24 14:21:57.066,1.4673,1.46745,2.80,8.80
2009.03.24 14:21:59.255,1.4673,1.46745,2.80,4.80
2009.03.24 14:21:59.605,1.4673,1.4675,2.80,1.60
2009.03.24 14:21:59.955,1.4673,1.4675,2.80,6.40
2009.03.24 14:22:00.295,1.4673,1.4675,2.80,1.60
2009.03.24 14:22:00.575,1.4673,1.46745,2.80,4.80
2009.03.24 14:22:00.695,1.4673,1.4675,2.80,1.60
2009.03.24 14:22:00.915,1.4674,1.4675,1.00,1.00
2009.03.24 14:22:01.545,1.46745,1.4675,1.00,1.00
2009.03.24 14:22:02.654,1.46745,1.46755,1.00,4.80
2009.03.24 14:22:03.054,1.46745,1.4676,1.00,1.60
2009.03.24 14:22:04.154,1.46745,1.4676,1.00,4.80
2009.03.24 14:22:04.314,1.46745,1.46755,1.00,4.80
2009.03.24 14:22:04.604,1.46745,1.46755,1.00,4.00
2009.03.24 14:22:04.774,1.46745,1.46765,1.00,11.20
2009.03.24 14:22:04.894,1.46745,1.46765,1.00,13.00
2009.03.24 14:22:05.064,1.46745,1.46765,1.00,17.80
2009.03.24 14:22:05.243,1.46745,1.46765,1.00,18.00
2009.03.24 14:22:05.363,1.46745,1.46765,1.00,8.80
2009.03.24 14:22:05.543,1.46745,1.46765,1.00,15.60
2009.03.24 14:22:05.704,1.46745,1.46765,1.00,14.80
2009.03.24 14:22:06.173,1.46745,1.4676,1.00,6.40
2009.03.24 14:22:06.283,1.46745,1.46755,1.00,4.80
2009.03.24 14:22:09.602,1.4675,1.46755,1.00,4.80
2009.03.24 14:22:10.122,1.4675,1.4676,1.00,4.80
2009.03.24 14:22:10.692,1.46755,1.46765,1.00,6.60
2009.03.24 14:22:11.032,1.46755,1.46775,1.00,3.20
2009.03.24 14:22:11.842,1.46765,1.4678,1.00,6.40
2009.03.24 14:22:12.302,1.46765,1.4678,1.00,6.40
2009.03.24 14:22:12.532,1.46765,1.4678,1.00,1.60
2009.03.24 14:22:12.932,1.4677,1.4678,2.00,1.60
2009.03.24 14:22:13.272,1.4677,1.4678,1.00,1.60
2009.03.24 14:22:13.682,1.4676,1.46775,4.40,8.80
2009.03.24 14:22:14.032,1.46755,1.46775,4.40,9.60
2009.03.24 14:22:14.441,1.46755,1.46775,5.20,9.80
2009.03.24 14:22:14.791,1.46755,1.46775,2.80,10.40
2009.03.24 14:22:15.181,1.4676,1.46775,1.00,4.80
2009.03.24 14:22:15.571,1.46755,1.4677,5.00,1.00
2009.03.24 14:22:16.091,1.46755,1.4677,1.00,1.00
2009.03.24 14:22:17.001,1.4676,1.4677,1.00,1.00
2009.03.24 14:22:17.291,1.46755,1.46775,5.20,2.20
2009.03.24 14:22:17.521,1.46755,1.46775,5.20,1.60
2009.03.24 14:22:17.801,1.4677,1.4678,1.00,6.40
2009.03.24 14:22:18.100,1.46765,1.4678,1.00,6.40
2009.03.24 14:22:18.500,1.46755,1.4678,1.00,1.60
2009.03.24 14:22:18.840,1.46755,1.4678,1.00,12.80
2009.03.24 14:22:19.360,1.46755,1.46775,1.00,4.80
2009.03.24 14:22:19.640,1.46755,1.4677,1.00,1.60
2009.03.24 14:22:19.940,1.46755,1.46775,1.00,10.40
2009.03.24 14:22:22.300,1.46745,1.4675,3.60,1.00
2009.03.24 14:22:22.590,1.46745,1.4675,4.00,1.00
2009.03.24 14:22:22.930,1.4676,1.46765,1.00,4.80
2009.03.24 14:22:23.400,1.46765,1.4677,1.00,4.80
2009.03.24 14:22:23.619,1.46765,1.46775,1.00,5.40
2009.03.24 14:22:23.919,1.46745,1.4675,2.40,1.00
2009.03.24 14:22:24.329,1.46755,1.46765,1.00,9.10
2009.03.24 14:22:24.559,1.46755,1.4677,1.00,4.80
2009.03.24 14:22:24.729,1.4676,1.4677,1.00,4.80
2009.03.24 14:22:25.249,1.4676,1.46775,1.00,12.00
2009.03.24 14:22:25.529,1.46755,1.4677,1.00,4.80
2009.03.24 14:22:25.829,1.46755,1.46765,1.00,5.40
2009.03.24 14:22:26.248,1.46755,1.4676,1.00,4.80
2009.03.24 14:22:26.528,1.4675,1.46765,2.80,5.40
2009.03.24 14:22:26.758,1.4675,1.4676,2.80,4.80
2009.03.24 14:22:27.498,1.4675,1.46755,2.80,1.00
2009.03.24 14:22:27.778,1.46745,1.4675,4.00,1.00
2009.03.24 14:22:28.448,1.46745,1.4675,1.00,1.00
2009.03.24 14:22:29.098,1.4674,1.4675,1.00,1.00
2009.03.24 14:22:30.137,1.4674,1.4675,1.00,1.00
2009.03.24 14:22:30.557,1.4674,1.46745,1.00,4.80
2009.03.24 14:22:33.187,1.4674,1.46745,1.00,5.60
2009.03.24 14:22:33.367,1.46725,1.4673,12.10,3.20
2009.03.24 14:22:33.537,1.4673,1.4674,2.40,8.50
2009.03.24 14:22:33.717,1.4673,1.4674,2.40,12.10
2009.03.24 14:22:33.957,1.4672,1.46725,2.80,8.00
2009.03.24 14:22:34.126,1.4672,1.46725,2.00,4.80
2009.03.24 14:22:34.236,1.4672,1.4673,2.00,8.90
2009.03.24 14:22:34.566,1.4672,1.46725,1.60,4.80
2009.03.24 14:22:34.777,1.46715,1.4672,3.30,4.80
2009.03.24 14:22:35.066,1.46715,1.4672,5.70,4.80
2009.03.24 14:22:35.406,1.4671,1.46715,7.10,4.80
2009.03.24 14:22:35.916,1.46715,1.4672,3.50,4.80
2009.03.24 14:22:36.666,1.46715,1.4672,3.70,4.80
2009.03.24 14:22:37.056,1.46715,1.4672,3.70,5.00
2009.03.24 14:22:37.336,1.46715,1.46735,1.00,11.20
2009.03.24 14:22:37.796,1.46715,1.46725,1.00,4.80
2009.03.24 14:22:38.196,1.46715,1.4673,1.00,4.80
2009.03.24 14:22:38.485,1.4672,1.4674,1.00,4.80
2009.03.24 14:22:38.767,1.4672,1.46745,1.00,5.40
2009.03.24 14:22:39.125,1.4672,1.46745,2.00,5.40
2009.03.24 14:22:39.406,1.4672,1.4674,1.00,4.80
2009.03.24 14:22:40.175,1.4673,1.4674,1.00,4.80
2009.03.24 14:22:40.405,1.4672,1.46745,1.20,4.80
2009.03.24 14:22:40.625,1.46725,1.46745,1.00,8.80
2009.03.24 14:22:40.845,1.46725,1.4674,1.00,4.80
2009.03.24 14:22:41.485,1.46725,1.46735,1.00,4.80
2009.03.24 14:22:42.565,1.4673,1.4674,1.00,4.80
2009.03.24 14:22:42.854,1.46735,1.4674,1.00,4.80
2009.03.24 14:22:43.184,1.46735,1.46745,1.00,5.40
2009.03.24 14:22:43.755,1.46735,1.46745,1.00,5.00
2009.03.24 14:22:43.924,1.4674,1.46745,1.00,4.80
2009.03.24 14:22:44.154,1.46735,1.4675,1.00,4.80
2009.03.24 14:22:44.384,1.46735,1.46755,1.00,11.00
2009.03.24 14:22:44.564,1.4674,1.46755,1.00,9.40
2009.03.24 14:22:44.784,1.4674,1.46755,1.00,5.40
2009.03.24 14:22:45.764,1.4673,1.4674,1.00,1.00
2009.03.24 14:22:48.233,1.4674,1.4675,1.00,4.80
2009.03.24 14:22:48.413,1.46735,1.4675,1.00,4.80
2009.03.24 14:22:48.523,1.46735,1.46755,1.00,9.40
2009.03.24 14:22:48.983,1.46735,1.4675,1.00,4.80
2009.03.24 14:22:50.332,1.46735,1.46755,1.00,9.40
2009.03.24 14:22:50.493,1.46735,1.4674,1.00,1.00
2009.03.24 14:22:50.962,1.4673,1.4674,2.80,1.00
2009.03.24 14:22:51.243,1.46735,1.46745,1.00,5.40
2009.03.24 14:22:51.812,1.46735,1.4674,1.00,1.00
2009.03.24 14:22:52.422,1.46735,1.46745,1.00,5.40
2009.03.24 14:22:53.292,1.4672,1.4673,1.60,1.00
2009.03.24 14:22:53.572,1.46725,1.4673,1.00,1.00
2009.03.24 14:22:54.322,1.4672,1.46735,2.80,10.20
2009.03.24 14:22:54.552,1.4672,1.46735,1.00,10.20
2009.03.24 14:22:55.162,1.46715,1.46735,1.00,5.40
2009.03.24 14:22:55.381,1.4671,1.4672,1.00,1.00
2009.03.24 14:22:55.840,1.4671,1.46725,1.00,7.00
2009.03.24 14:22:56.051,1.4671,1.46725,1.00,11.00
2009.03.24 14:22:57.161,1.4672,1.46725,1.00,8.80
2009.03.24 14:22:57.511,1.4672,1.4673,1.00,8.80
2009.03.24 14:22:58.041,1.4672,1.4673,1.00,1.60
2009.03.24 14:23:02.300,1.4671,1.46725,4.80,13.20
2009.03.24 14:23:02.520,1.4672,1.46725,2.80,13.00
2009.03.24 14:23:02.682,1.46725,1.4673,1.00,13.10
2009.03.24 14:23:03.071,1.4672,1.4673,1.00,1.60
2009.03.24 14:23:03.430,1.46715,1.4673,2.80,7.80
2009.03.24 14:23:03.770,1.46715,1.4673,2.80,8.60
2009.03.24 14:23:04.329,1.46715,1.4672,2.80,1.00
2009.03.24 14:23:04.619,1.4671,1.46725,2.80,11.00
2009.03.24 14:23:04.901,1.46705,1.46725,1.00,11.00
2009.03.24 14:23:05.359,1.467,1.46725,2.80,16.00
2009.03.24 14:23:05.861,1.46705,1.46725,1.00,16.60
2009.03.24 14:23:06.209,1.467,1.46725,1.00,16.80
2009.03.24 14:23:06.839,1.46715,1.46725,1.00,11.40
2009.03.24 14:23:07.129,1.46715,1.46725,1.00,2.20
2009.03.24 14:23:07.569,1.4672,1.46725,1.00,1.60
2009.03.24 14:23:07.899,1.4672,1.4673,1.00,13.40
2009.03.24 14:23:09.178,1.4672,1.46725,1.00,1.60
2009.03.24 14:23:09.458,1.46725,1.4673,1.00,7.20
2009.03.24 14:23:09.868,1.46715,1.4673,2.80,7.80
2009.03.24 14:23:10.258,1.46715,1.4673,1.00,8.80
2009.03.24 14:23:10.528,1.46715,1.4672,1.00,1.00
2009.03.24 14:23:11.827,1.4671,1.4672,2.80,1.00
2009.03.24 14:23:11.937,1.4671,1.46725,2.80,2.20
2009.03.24 14:23:12.218,1.46715,1.46725,1.00,2.20
2009.03.24 14:23:13.067,1.46715,1.4673,1.00,8.80
2009.03.24 14:23:13.757,1.4672,1.4673,1.00,8.80
2009.03.24 14:23:15.187,1.4671,1.4672,2.40,1.00
2009.03.24 14:23:16.566,1.46715,1.4672,6.60,1.00
2009.03.24 14:23:17.026,1.46715,1.4672,6.80,1.00
2009.03.24 14:23:17.256,1.4672,1.46735,1.00,16.20
2009.03.24 14:23:19.045,1.4672,1.46735,1.00,14.60
2009.03.24 14:23:19.436,1.4672,1.46735,1.20,14.60
2009.03.24 14:23:19.776,1.46725,1.46735,1.00,10.00
2009.03.24 14:23:20.056,1.4672,1.46725,7.60,5.20
2009.03.24 14:23:20.336,1.4672,1.46725,9.20,4.20
2009.03.24 14:23:20.845,1.4673,1.4674,2.80,1.00
2009.03.24 14:23:21.185,1.46725,1.4674,2.80,1.00
2009.03.24 14:23:21.585,1.46725,1.4674,1.00,1.00
2009.03.24 14:23:22.185,1.46725,1.4675,1.00,8.80
2009.03.24 14:23:22.515,1.46725,1.4675,1.00,8.00
2009.03.24 14:23:23.445,1.46725,1.4675,5.20,3.20
2009.03.24 14:23:24.154,1.46725,1.4675,5.20,1.60
2009.03.24 14:23:24.654,1.46725,1.4674,5.20,1.00
2009.03.24 14:23:24.884,1.46725,1.4675,5.20,1.60
2009.03.24 14:23:29.183,1.46725,1.4675,1.00,6.40
2009.03.24 14:23:36.092,1.467,1.4671,6.80,1.60
2009.03.24 14:23:36.372,1.467,1.4671,1.20,1.80
2009.03.24 14:23:36.771,1.46695,1.4671,1.00,2.80
2009.03.24 14:23:37.061,1.4669,1.467,1.00,1.00
2009.03.24 14:23:37.301,1.4669,1.467,1.00,2.00
2009.03.24 14:23:37.571,1.4669,1.467,1.00,1.20
2009.03.24 14:23:37.851,1.4669,1.467,1.00,1.00
2009.03.24 14:23:38.071,1.4669,1.467,1.00,1.00
2009.03.24 14:23:38.791,1.46695,1.467,1.00,1.00
2009.03.24 14:23:39.921,1.46695,1.46705,1.00,1.00
2009.03.24 14:23:40.261,1.46695,1.46715,1.00,1.80
2009.03.24 14:23:40.481,1.46695,1.4671,1.00,1.20
2009.03.24 14:23:40.661,1.46695,1.4671,1.00,1.00
2009.03.24 14:23:40.891,1.46705,1.4671,1.00,1.00
2009.03.24 14:23:41.131,1.467,1.46705,1.20,1.00
2009.03.24 14:23:41.490,1.46695,1.4671,1.00,1.20
2009.03.24 14:23:44.320,1.46695,1.467,4.80,1.00
2009.03.24 14:23:44.599,1.46705,1.4671,1.00,1.00
2009.03.24 14:23:45.639,1.46705,1.4671,5.20,1.00
2009.03.24 14:23:45.869,1.4671,1.4673,2.80,4.10
2009.03.24 14:23:48.149,1.46705,1.46725,5.20,5.60
2009.03.24 14:23:48.498,1.46705,1.46725,1.00,6.40
2009.03.24 14:23:48.679,1.46705,1.4671,1.00,2.40
2009.03.24 14:23:48.979,1.467,1.4671,4.40,4.00
2009.03.24 14:23:49.148,1.46695,1.4671,2.80,2.40
2009.03.24 14:23:49.498,1.46695,1.4671,2.80,4.00
2009.03.24 14:23:50.008,1.4669,1.4671,4.40,8.80
2009.03.24 14:23:50.348,1.46685,1.4671,1.00,8.80
2009.03.24 14:23:50.698,1.46685,1.4669,1.00,1.00
2009.03.24 14:23:51.038,1.4669,1.46695,1.00,1.00
2009.03.24 14:23:51.438,1.46685,1.4669,9.60,1.00
2009.03.24 14:23:51.778,1.46705,1.4673,1.00,4.00
2009.03.24 14:23:51.958,1.46705,1.4673,1.00,1.60
2009.03.24 14:23:52.837,1.46705,1.4671,1.00,1.20
2009.03.24 14:23:53.187,1.46705,1.4671,1.00,1.60
2009.03.24 14:23:53.367,1.46695,1.4671,4.20,2.40
2009.03.24 14:23:53.587,1.46695,1.4671,2.80,2.80
2009.03.24 14:23:54.107,1.46695,1.4671,2.80,2.00
2009.03.24 14:23:54.277,1.4669,1.467,7.40,1.00
2009.03.24 14:23:54.447,1.4669,1.467,2.80,1.00
2009.03.24 14:23:54.797,1.4669,1.467,5.20,1.00
2009.03.24 14:23:55.097,1.46695,1.4671,1.00,1.60
2009.03.24 14:23:55.387,1.46695,1.4671,1.00,2.80
2009.03.24 14:23:55.897,1.46695,1.4671,1.00,1.20
2009.03.24 14:23:56.127,1.467,1.46715,1.00,6.40
2009.03.24 14:23:56.427,1.4672,1.46725,1.00,7.40
2009.03.24 14:23:56.707,1.4672,1.4673,1.00,1.60
2009.03.24 14:23:57.047,1.4672,1.46735,1.20,4.00
2009.03.24 14:23:57.556,1.4674,1.4675,1.00,1.60
2009.03.24 14:23:57.896,1.4674,1.4675,1.00,1.00
2009.03.24 14:23:58.226,1.46735,1.4675,5.00,1.00
2009.03.24 14:23:58.566,1.46735,1.46745,5.20,4.00
2009.03.24 14:23:58.856,1.46735,1.46745,5.20,4.80
2009.03.24 14:23:59.206,1.46735,1.46745,1.00,4.80
2009.03.24 14:24:00.046,1.46735,1.46745,2.80,4.80
2009.03.24 14:24:00.846,1.46735,1.46745,1.00,4.80
2009.03.24 14:24:01.066,1.4673,1.46745,4.80,4.80
2009.03.24 14:24:01.465,1.4673,1.46745,4.80,12.00
2009.03.24 14:24:01.806,1.46725,1.46745,4.80,12.00
2009.03.24 14:24:02.195,1.46725,1.4674,4.80,1.60
2009.03.24 14:24:03.115,1.46725,1.4674,5.20,1.60
2009.03.24 14:24:03.696,1.46725,1.4674,1.00,1.60
2009.03.24 14:24:06.014,1.46725,1.46745,1.00,15.20
2009.03.24 14:24:06.294,1.46725,1.46745,1.00,5.60
2009.03.24 14:24:06.584,1.46725,1.46745,1.00,1.60
2009.03.24 14:24:06.704,1.46725,1.46745,1.00,6.40
2009.03.24 14:24:07.214,1.46725,1.46745,1.00,10.40
2009.03.24 14:24:07.484,1.46725,1.46745,1.00,5.60
2009.03.24 14:24:07.944,1.46725,1.46745,1.00,1.60
2009.03.24 14:24:09.163,1.46735,1.46745,1.00,1.60
2009.03.24 14:24:09.394,1.46735,1.4675,1.00,6.40
2009.03.24 14:24:09.685,1.46735,1.4675,1.00,1.00
2009.03.24 14:24:10.023,1.46735,1.4675,2.80,1.00
2009.03.24 14:24:10.813,1.46735,1.4675,2.80,1.00
2009.03.24 14:24:11.263,1.46735,1.4675,1.00,1.00
2009.03.24 14:24:11.493,1.46735,1.4675,2.80,1.00
2009.03.24 14:24:16.142,1.46735,1.46755,2.80,10.40
2009.03.24 14:24:16.192,1.46735,1.46755,4.20,10.40
2009.03.24 14:24:16.482,1.46745,1.4676,1.00,11.20
2009.03.24 14:24:16.771,1.46745,1.4676,1.00,4.80
2009.03.24 14:24:17.951,1.46745,1.4676,1.00,3.20
2009.03.24 14:24:18.181,1.46745,1.4676,1.00,1.00
2009.03.24 14:24:18.631,1.4675,1.4676,1.00,1.00
2009.03.24 14:24:19.291,1.4676,1.46765,1.20,4.04
2009.03.24 14:24:19.791,1.46775,1.4678,1.00,8.00
2009.03.24 14:24:20.131,1.4678,1.46785,1.00,6.40
2009.03.24 14:24:20.421,1.46785,1.4679,4.80,4.60
2009.03.24 14:24:20.721,1.468,1.46805,1.00,3.20
2009.03.24 14:24:21.231,1.46805,1.46815,1.00,4.00
2009.03.24 14:24:21.971,1.46815,1.4683,1.00,1.60
2009.03.24 14:24:22.490,1.4682,1.4683,1.00,1.60
2009.03.24 14:24:22.841,1.46815,1.46825,1.00,4.80
2009.03.24 14:24:23.370,1.4681,1.46825,1.00,2.80
2009.03.24 14:24:23.720,1.46795,1.468,13.60,1.00
2009.03.24 14:24:24.550,1.468,1.46805,4.80,1.00
2009.03.24 14:24:24.830,1.46795,1.468,10.80,1.00
2009.03.24 14:24:25.120,1.46805,1.4682,4.80,3.20
2009.03.24 14:24:25.349,1.46805,1.4682,4.80,1.00
2009.03.24 14:24:25.649,1.4681,1.4682,4.80,1.00
2009.03.24 14:24:25.990,1.4679,1.468,10.90,1.00
2009.03.24 14:24:26.380,1.46775,1.4679,22.10,1.00
2009.03.24 14:24:26.681,1.46755,1.46785,2.40,2.20
2009.03.24 14:24:26.949,1.46765,1.4677,3.20,1.60
2009.03.24 14:24:27.289,1.4672,1.4676,2.80,1.60
2009.03.24 14:24:27.579,1.46715,1.4674,1.00,1.00
2009.03.24 14:24:27.879,1.46725,1.4675,4.80,1.80
2009.03.24 14:24:28.169,1.46745,1.46765,1.00,1.60
2009.03.24 14:24:28.499,1.46765,1.4677,1.00,6.60
2009.03.24 14:24:28.789,1.46745,1.4677,1.20,5.00
2009.03.24 14:24:29.204,1.4677,1.4678,1.00,6.60
2009.03.24 14:24:29.539,1.46775,1.46785,1.00,1.60
2009.03.24 14:24:29.929,1.46765,1.46785,8.20,4.10
2009.03.24 14:24:30.278,1.46795,1.468,4.80,1.60
2009.03.24 14:24:30.608,1.46795,1.46815,8.80,11.40
2009.03.24 14:24:30.938,1.46795,1.46815,7.20,6.60
2009.03.24 14:24:31.338,1.46795,1.4681,7.20,1.60
2009.03.24 14:24:31.618,1.46795,1.4681,4.80,1.60
2009.03.24 14:24:31.968,1.46815,1.4682,1.00,1.60
2009.03.24 14:24:32.308,1.468,1.4682,4.80,6.60
2009.03.24 14:24:32.818,1.468,1.46805,4.80,4.80
2009.03.24 14:24:33.339,1.468,1.46805,4.80,6.40
2009.03.24 14:24:33.739,1.46785,1.46805,5.20,10.40
2009.03.24 14:24:33.978,1.46785,1.46805,4.80,8.00
2009.03.24 14:24:34.557,1.4679,1.46795,4.80,1.60
2009.03.24 14:24:35.318,1.4678,1.4679,6.40,1.60
2009.03.24 14:24:35.677,1.46765,1.46785,5.40,1.60
2009.03.24 14:24:36.127,1.46765,1.4679,5.40,1.60
2009.03.24 14:24:36.467,1.4677,1.4679,1.00,6.40
2009.03.24 14:24:36.867,1.4678,1.4679,2.40,4.80
2009.03.24 14:24:37.167,1.4678,1.46795,2.80,4.80
2009.03.24 14:24:37.497,1.4678,1.46795,2.80,9.60
2009.03.24 14:24:37.677,1.4678,1.46795,2.80,10.00
2009.03.24 14:24:38.007,1.4677,1.4678,4.00,4.80
2009.03.24 14:24:38.746,1.4678,1.46795,2.80,13.60
2009.03.24 14:24:39.036,1.4678,1.46785,1.00,2.44
2009.03.24 14:24:39.326,1.4678,1.46785,1.00,2.84
2009.03.24 14:24:39.787,1.4677,1.4678,1.00,1.00
2009.03.24 14:24:40.456,1.4676,1.46765,8.20,4.80
2009.03.24 14:24:40.806,1.46775,1.4678,1.00,6.42
2009.03.24 14:24:41.256,1.4678,1.4679,1.00,8.80
2009.03.24 14:24:41.606,1.46795,1.4681,1.00,3.40
2009.03.24 14:24:42.346,1.4679,1.4681,5.00,3.40
2009.03.24 14:24:42.855,1.4679,1.46805,1.00,5.90
2009.03.24 14:24:43.075,1.46785,1.468,5.00,5.60
2009.03.24 14:24:43.305,1.46775,1.4678,5.00,4.80
2009.03.24 14:24:43.705,1.4678,1.46785,1.60,4.80
2009.03.24 14:24:44.095,1.46785,1.4679,1.00,4.80
2009.03.24 14:24:44.715,1.46785,1.4679,2.80,1.00
2009.03.24 14:24:46.544,1.46785,1.4679,3.60,1.00
2009.03.24 14:24:46.885,1.46785,1.4679,5.20,1.00
2009.03.24 14:24:47.294,1.4678,1.46785,2.80,1.00
2009.03.24 14:24:47.474,1.4678,1.46785,5.20,1.00
2009.03.24 14:24:48.164,1.46775,1.4678,5.60,1.00
2009.03.24 14:24:48.824,1.46775,1.4678,2.80,1.00
2009.03.24 14:24:49.184,1.46775,1.4678,1.00,1.00
2009.03.24 14:24:49.414,1.46765,1.4677,7.20,1.00
2009.03.24 14:24:50.234,1.4677,1.46775,2.40,1.00
2009.03.24 14:24:51.613,1.46765,1.4677,7.20,1.00
2009.03.24 14:24:52.003,1.46765,1.4677,5.60,1.00
2009.03.24 14:24:52.284,1.46765,1.4677,5.20,1.00
2009.03.24 14:24:52.393,1.4678,1.46785,3.20,5.60
2009.03.24 14:24:52.623,1.4678,1.46785,3.20,6.00
2009.03.24 14:24:52.923,1.46765,1.4678,4.40,1.00
2009.03.24 14:24:53.273,1.46775,1.4678,5.20,1.00
2009.03.24 14:24:53.943,1.46775,1.4678,1.00,1.00
2009.03.24 14:24:54.283,1.46775,1.4678,5.20,1.00
2009.03.24 14:24:54.743,1.46765,1.4677,4.40,1.00
2009.03.24 14:24:55.102,1.46765,1.4677,13.00,1.00
2009.03.24 14:24:55.662,1.4677,1.46775,5.20,1.00
2009.03.24 14:24:56.792,1.4677,1.46775,4.80,1.00
2009.03.24 14:24:57.382,1.4677,1.46775,4.80,2.20
2009.03.24 14:24:57.562,1.4677,1.46775,4.80,1.60
2009.03.24 14:24:57.722,1.46765,1.46785,5.20,7.40
2009.03.24 14:24:57.942,1.46765,1.46785,5.20,8.00
2009.03.24 14:24:58.172,1.46765,1.46785,5.20,12.60
2009.03.24 14:24:59.471,1.46765,1.4678,5.20,6.40
2009.03.24 14:24:59.711,1.46765,1.46775,5.20,4.80
2009.03.24 14:24:59.951,1.46765,1.4677,5.20,1.00
2009.03.24 14:25:00.421,1.4677,1.46775,5.20,1.00
2009.03.24 14:25:00.751,1.4677,1.46775,4.80,1.00
2009.03.24 14:25:00.921,1.46765,1.4677,4.80,1.00
2009.03.24 14:25:01.601,1.4676,1.4677,1.80,1.00
2009.03.24 14:25:01.941,1.46765,1.4678,1.00,1.00
2009.03.24 14:25:02.740,1.46765,1.4678,1.00,1.40
2009.03.24 14:25:03.080,1.46765,1.4678,1.00,4.80
2009.03.24 14:25:03.291,1.4676,1.46775,2.80,4.80
2009.03.24 14:25:03.470,1.4676,1.46775,2.80,4.00
2009.03.24 14:25:03.640,1.46765,1.46775,1.00,4.00
2009.03.24 14:25:03.980,1.46765,1.46775,1.00,4.60
2009.03.24 14:25:04.720,1.46765,1.4677,1.00,1.00
2009.03.24 14:25:05.170,1.46765,1.46775,1.00,4.60
2009.03.24 14:25:05.350,1.46765,1.4677,1.00,1.00
2009.03.24 14:25:05.940,1.46765,1.46775,1.00,1.00
2009.03.24 14:25:07.659,1.46765,1.46775,1.00,4.80
2009.03.24 14:25:07.889,1.46765,1.4677,1.00,1.00
2009.03.24 14:25:08.179,1.46765,1.46775,1.00,1.00
2009.03.24 14:25:08.359,1.4676,1.4677,1.00,1.00
2009.03.24 14:25:09.599,1.46765,1.4677,1.00,1.00
2009.03.24 14:25:10.159,1.46765,1.46775,1.00,1.00
2009.03.24 14:25:11.838,1.4677,1.46775,1.00,1.00
2009.03.24 14:25:12.178,1.4677,1.4678,1.00,1.00
2009.03.24 14:25:12.398,1.46775,1.4678,1.00,1.00
2009.03.24 14:25:12.788,1.4677,1.4678,2.80,1.00
2009.03.24 14:25:13.068,1.46775,1.4678,1.00,1.00
2009.03.24 14:25:14.338,1.46775,1.4678,1.00,1.00
2009.03.24 14:25:14.618,1.4677,1.4678,2.80,1.00
2009.03.24 14:25:15.088,1.4677,1.46775,2.80,1.60
2009.03.24 14:25:18.867,1.4677,1.4679,2.80,6.20
2009.03.24 14:25:18.926,1.4679,1.46795,1.00,7.90
2009.03.24 14:25:19.457,1.4679,1.46795,1.00,1.00
2009.03.24 14:25:19.806,1.46785,1.4679,5.20,1.00
2009.03.24 14:25:20.156,1.46785,1.46795,1.00,1.00
2009.03.24 14:25:21.696,1.4679,1.46795,1.00,1.00
2009.03.24 14:25:22.056,1.46785,1.4679,1.00,1.00
2009.03.24 14:25:22.356,1.46795,1.468,1.00,2.40
2009.03.24 14:25:22.686,1.4679,1.468,1.00,1.00
2009.03.24 14:25:22.975,1.46785,1.468,2.80,1.00
2009.03.24 14:25:23.325,1.46795,1.468,1.00,1.00
2009.03.24 14:25:24.765,1.4679,1.468,1.00,1.00
2009.03.24 14:25:24.886,1.46795,1.468,1.00,1.00
2009.03.24 14:25:26.345,1.46795,1.468,1.00,1.00
2009.03.24 14:25:26.865,1.468,1.46805,1.00,1.00
2009.03.24 14:25:28.484,1.46795,1.468,4.80,1.00
2009.03.24 14:25:28.724,1.468,1.46805,4.80,1.00
2009.03.24 14:25:29.084,1.468,1.4681,4.80,2.40
2009.03.24 14:25:29.944,1.46795,1.468,5.60,1.00
2009.03.24 14:25:30.284,1.46795,1.468,6.00,1.00
2009.03.24 14:25:30.744,1.468,1.46805,5.00,1.00
2009.03.24 14:25:31.244,1.468,1.46805,1.00,1.00
2009.03.24 14:25:32.293,1.4679,1.468,7.60,1.00
2009.03.24 14:25:32.753,1.4679,1.468,5.20,1.00
2009.03.24 14:25:33.093,1.46795,1.468,1.00,1.00
2009.03.24 14:25:33.683,1.468,1.46805,1.00,1.24
2009.03.24 14:25:34.433,1.46795,1.468,1.00,1.00
2009.03.24 14:25:36.162,1.4679,1.46795,6.20,1.00
2009.03.24 14:25:36.282,1.4678,1.4679,10.20,1.00
2009.03.24 14:25:36.512,1.4679,1.46795,1.00,1.00
2009.03.24 14:25:36.692,1.46785,1.4679,5.20,1.00
2009.03.24 14:25:36.872,1.46785,1.4679,6.00,1.00
2009.03.24 14:25:37.172,1.46785,1.4679,2.80,1.00
2009.03.24 14:25:37.622,1.46785,1.4679,2.80,1.00
2009.03.24 14:25:38.272,1.4678,1.46785,4.80,1.00
2009.03.24 14:25:38.712,1.4678,1.46785,5.20,1.00
2009.03.24 14:25:39.062,1.46775,1.4678,6.20,1.00
2009.03.24 14:25:40.042,1.46775,1.4678,3.60,1.00
2009.03.24 14:25:40.282,1.46775,1.4679,7.20,1.00
2009.03.24 14:25:40.672,1.46775,1.46795,7.20,4.00
2009.03.24 14:25:40.901,1.46785,1.46795,1.00,4.00
2009.03.24 14:25:41.141,1.4679,1.46795,1.00,4.00
2009.03.24 14:25:41.532,1.4679,1.46795,1.00,1.00
2009.03.24 14:25:41.871,1.4679,1.46805,1.00,4.60
2009.03.24 14:25:42.221,1.4679,1.468,1.00,1.00
2009.03.24 14:25:42.511,1.4679,1.46805,1.00,1.00
2009.03.24 14:25:44.101,1.4679,1.46795,5.00,1.00
2009.03.24 14:25:44.451,1.4679,1.46795,5.20,1.00
2009.03.24 14:25:44.740,1.4679,1.468,1.00,1.00
2009.03.24 14:25:45.690,1.4679,1.46795,1.00,1.00
2009.03.24 14:25:45.980,1.4679,1.46805,1.00,4.60
2009.03.24 14:25:46.150,1.46795,1.46805,1.00,1.00
2009.03.24 14:25:46.450,1.46805,1.46815,1.00,2.40
2009.03.24 14:25:46.790,1.46805,1.46815,2.00,2.40
2009.03.24 14:25:46.970,1.46805,1.46815,2.80,2.40
2009.03.24 14:25:49.369,1.4681,1.46825,2.80,2.40
2009.03.24 14:25:50.349,1.4681,1.46825,2.80,1.60
2009.03.24 14:25:50.649,1.4681,1.4683,2.80,2.40
2009.03.24 14:25:51.679,1.46805,1.4682,11.20,1.60
2009.03.24 14:25:52.078,1.46805,1.46825,4.40,1.60
2009.03.24 14:25:52.510,1.468,1.46825,1.00,3.20
2009.03.24 14:25:52.788,1.4681,1.46815,2.80,1.00
2009.03.24 14:25:53.028,1.4681,1.4682,2.80,2.40
2009.03.24 14:25:57.157,1.4681,1.4682,2.80,2.00
2009.03.24 14:25:58.177,1.46835,1.4684,1.00,10.00
2009.03.24 14:25:58.417,1.46835,1.4684,2.80,4.20
2009.03.24 14:25:58.807,1.46835,1.4684,2.80,1.00
2009.03.24 14:25:59.147,1.46835,1.4684,1.00,1.00
2009.03.24 14:25:59.487,1.46835,1.4684,5.00,1.00
2009.03.24 14:25:59.888,1.4683,1.4684,5.20,1.00
2009.03.24 14:26:00.227,1.4683,1.46855,5.20,2.20
2009.03.24 14:26:00.657,1.46835,1.46855,4.80,2.20
2009.03.24 14:26:01.107,1.4683,1.46855,5.20,2.20
2009.03.24 14:26:01.506,1.4683,1.4685,4.80,1.60
2009.03.24 14:26:01.717,1.4683,1.46855,5.20,2.20
2009.03.24 14:26:02.806,1.4683,1.4685,4.80,1.60
2009.03.24 14:26:03.147,1.4683,1.4684,5.20,1.00
2009.03.24 14:26:04.416,1.46835,1.4684,1.00,1.00
2009.03.24 14:26:04.976,1.4683,1.46835,6.20,1.00
2009.03.24 14:26:05.316,1.46835,1.4684,1.00,2.00
2009.03.24 14:26:09.174,1.46845,1.4685,1.00,2.20
2009.03.24 14:26:09.404,1.4685,1.46855,1.00,2.70
2009.03.24 14:26:09.644,1.4685,1.46855,1.00,2.20
2009.03.24 14:26:10.114,1.4685,1.46855,1.00,2.00
2009.03.24 14:26:10.394,1.4685,1.46855,2.80,10.80
2009.03.24 14:26:10.914,1.4685,1.46855,1.00,10.80
2009.03.24 14:26:11.144,1.4685,1.4686,1.00,12.00
2009.03.24 14:26:11.494,1.4685,1.46855,2.80,4.20
2009.03.24 14:26:11.824,1.46845,1.4685,7.00,2.20
2009.03.24 14:26:12.684,1.46845,1.4685,5.20,2.20
2009.03.24 14:26:13.034,1.46845,1.4685,5.20,2.00
2009.03.24 14:26:13.433,1.46845,1.4685,1.00,2.00
2009.03.24 14:26:13.793,1.46845,1.46855,1.00,2.00
2009.03.24 14:26:14.533,1.4685,1.46855,1.00,2.00
2009.03.24 14:26:15.663,1.4685,1.46855,1.00,4.10
2009.03.24 14:26:16.113,1.4685,1.4686,2.80,5.00
2009.03.24 14:26:16.343,1.4685,1.4686,2.80,4.20
2009.03.24 14:26:17.822,1.4685,1.4686,2.80,3.40
2009.03.24 14:26:18.112,1.46845,1.4686,2.80,3.40
2009.03.24 14:26:18.572,1.46845,1.4686,2.80,9.40
2009.03.24 14:26:18.792,1.46845,1.4685,1.00,1.00
2009.03.24 14:26:22.091,1.46845,1.4685,1.00,1.00
2009.03.24 14:26:22.801,1.46845,1.4685,1.00,1.00
2009.03.24 14:26:34.338,1.46825,1.4683,9.80,1.00
2009.03.24 14:26:34.398,1.4683,1.4684,2.80,4.60
2009.03.24 14:26:36.718,1.4683,1.46835,2.80,1.00
2009.03.24 14:26:37.257,1.4683,1.46845,2.80,19.20
2009.03.24 14:26:40.407,1.4683,1.46835,1.00,1.00
2009.03.24 14:26:42.516,1.4683,1.46845,1.00,19.20
2009.03.24 14:26:42.746,1.4683,1.4684,1.00,4.00
2009.03.24 14:26:44.386,1.4684,1.46845,1.00,10.20
2009.03.24 14:26:45.846,1.4683,1.4684,1.00,4.00
2009.03.24 14:26:47.965,1.46825,1.4684,5.00,1.60
2009.03.24 14:26:48.375,1.4684,1.46845,1.00,11.70
2009.03.24 14:26:49.005,1.4682,1.46835,17.40,4.80
2009.03.24 14:26:49.365,1.4684,1.46845,1.00,1.00
2009.03.24 14:26:50.175,1.4684,1.4686,1.20,19.00
2009.03.24 14:26:50.534,1.4684,1.46855,1.20,1.60
2009.03.24 14:26:51.054,1.46835,1.4685,4.80,1.00
2009.03.24 14:26:51.404,1.4683,1.4685,5.20,1.00
2009.03.24 14:26:51.584,1.4683,1.4686,5.20,14.00
2009.03.24 14:26:51.874,1.4683,1.46855,5.20,10.60
2009.03.24 14:26:54.004,1.46835,1.4685,4.80,1.00
2009.03.24 14:26:54.243,1.46835,1.46865,4.80,19.80
2009.03.24 14:26:55.473,1.4683,1.4686,7.60,11.00
2009.03.24 14:26:55.803,1.4683,1.4685,7.60,1.00
2009.03.24 14:26:56.133,1.46835,1.4685,2.80,1.00
2009.03.24 14:26:56.543,1.4684,1.4685,1.00,1.00
2009.03.24 14:26:58.772,1.4684,1.4686,1.00,12.60
2009.03.24 14:26:59.342,1.4684,1.46855,1.00,10.40
2009.03.24 14:27:00.262,1.4684,1.46855,1.00,6.40
2009.03.24 14:27:00.542,1.4685,1.46855,1.60,4.80
2009.03.24 14:27:00.722,1.4685,1.46855,1.60,4.80
2009.03.24 14:27:01.343,1.4685,1.46855,1.20,4.80
2009.03.24 14:27:01.742,1.46845,1.46855,1.60,4.80
2009.03.24 14:27:02.032,1.46845,1.46865,1.60,15.00
2009.03.24 14:27:02.312,1.46845,1.4686,1.00,9.40
2009.03.24 14:27:03.331,1.46835,1.4685,5.20,1.00
2009.03.24 14:27:03.631,1.46835,1.4685,6.00,1.00
2009.03.24 14:27:04.081,1.4683,1.4685,4.80,1.60
2009.03.24 14:27:04.352,1.4683,1.46845,4.40,1.60
2009.03.24 14:27:04.631,1.46825,1.46845,1.00,7.00
2009.03.24 14:27:05.161,1.46825,1.46845,1.00,11.00
2009.03.24 14:27:05.381,1.46825,1.4683,1.00,1.00
2009.03.24 14:27:05.841,1.4683,1.46835,1.00,1.00
2009.03.24 14:27:07.620,1.4683,1.4684,1.00,1.00
2009.03.24 14:27:07.910,1.46815,1.4684,11.40,1.60
2009.03.24 14:27:08.390,1.46815,1.4684,5.20,3.20
2009.03.24 14:27:08.850,1.4681,1.46835,5.20,1.60
2009.03.24 14:27:09.190,1.4681,1.46835,5.20,3.20
2009.03.24 14:27:09.540,1.4681,1.46835,1.00,3.20
2009.03.24 14:27:09.940,1.4681,1.46835,1.00,3.40
2009.03.24 14:27:10.229,1.4681,1.4683,1.00,1.60
2009.03.24 14:27:10.569,1.4681,1.46825,5.20,4.80
2009.03.24 14:27:11.269,1.4681,1.46835,1.80,16.00
2009.03.24 14:27:11.729,1.4681,1.4683,1.00,6.40
2009.03.24 14:27:12.819,1.4681,1.4683,1.00,8.00
2009.03.24 14:27:13.049,1.4681,1.4682,1.00,1.00
2009.03.24 14:27:13.269,1.4681,1.46835,1.00,15.60
2009.03.24 14:27:13.499,1.4681,1.46825,1.00,4.80
2009.03.24 14:27:13.719,1.46805,1.46825,5.20,8.80
2009.03.24 14:27:14.059,1.4681,1.46825,1.00,4.80
2009.03.24 14:27:14.459,1.4681,1.46835,1.00,15.60
2009.03.24 14:27:15.049,1.4681,1.46825,1.00,4.80
2009.03.24 14:27:15.398,1.4681,1.46835,1.00,21.80
2009.03.24 14:27:15.648,1.46815,1.4683,1.00,6.40
2009.03.24 14:27:18.588,1.46805,1.46825,5.20,4.80
2009.03.24 14:27:18.808,1.46805,1.46825,2.80,8.80
2009.03.24 14:27:18.988,1.46805,1.46825,1.00,10.40
2009.03.24 14:27:20.307,1.46805,1.46825,5.20,10.40
2009.03.24 14:27:21.497,1.46805,1.46825,4.80,12.00
2009.03.24 14:27:21.827,1.468,1.46825,5.20,12.00
2009.03.24 14:27:22.117,1.468,1.46825,5.20,12.00
2009.03.24 14:27:22.397,1.4681,1.46825,1.00,11.00
2009.03.24 14:27:22.697,1.4681,1.46825,1.00,10.40
2009.03.24 14:27:23.106,1.46805,1.46825,1.00,6.40
2009.03.24 14:27:23.446,1.4681,1.46825,1.00,10.40
2009.03.24 14:27:26.206,1.46815,1.46825,1.00,8.80
2009.03.24 14:27:26.607,1.46815,1.46825,1.00,4.00
2009.03.24 14:27:26.955,1.46815,1.46835,1.00,13.20
2009.03.24 14:27:27.125,1.46815,1.4683,1.00,1.60
2009.03.24 14:27:27.476,1.46815,1.4683,1.00,1.20
2009.03.24 14:27:29.075,1.46815,1.4683,2.80,1.20
2009.03.24 14:27:29.255,1.46815,1.4683,5.20,1.20
2009.03.24 14:27:29.465,1.46825,1.4684,1.00,21.40
2009.03.24 14:27:29.765,1.46825,1.46835,4.80,1.60
2009.03.24 14:27:30.105,1.46825,1.46835,5.40,1.60
2009.03.24 14:27:30.405,1.4682,1.46845,1.00,24.80
2009.03.24 14:27:30.755,1.4682,1.4684,1.00,4.80
2009.03.24 14:27:32.154,1.4682,1.4684,1.00,3.20
2009.03.24 14:27:32.325,1.4682,1.4684,5.20,3.20
2009.03.24 14:27:33.594,1.4682,1.4684,4.40,1.60
2009.03.24 14:27:33.874,1.46825,1.4684,1.00,1.60
2009.03.24 14:27:34.434,1.46815,1.4684,3.40,3.20
2009.03.24 14:27:34.844,1.4682,1.4683,1.20,1.60
2009.03.24 14:27:35.533,1.4682,1.4684,1.20,9.60
2009.03.24 14:27:35.893,1.4682,1.46825,1.20,1.60
2009.03.24 14:27:36.243,1.4682,1.4684,1.20,9.60
2009.03.24 14:27:36.653,1.4682,1.4684,1.20,8.00
2009.03.24 14:27:36.943,1.4682,1.4684,1.20,3.20
2009.03.24 14:27:38.453,1.46815,1.4684,6.60,3.20
2009.03.24 14:27:38.563,1.46815,1.4684,7.00,3.20
2009.03.24 14:27:39.303,1.46815,1.46835,6.60,1.60
2009.03.24 14:27:39.483,1.46815,1.4683,6.60,1.60
2009.03.24 14:27:39.952,1.4682,1.4684,1.20,3.20
2009.03.24 14:27:40.292,1.46815,1.46835,6.60,1.60
2009.03.24 14:27:43.182,1.46815,1.4683,6.60,1.60
2009.03.24 14:27:43.582,1.4682,1.4683,1.20,1.60
2009.03.24 14:27:44.371,1.46815,1.4684,6.60,3.20
2009.03.24 14:27:46.091,1.4682,1.46835,4.80,1.60
2009.03.24 14:27:47.051,1.4682,1.46845,4.80,8.20
2009.03.24 14:27:47.101,1.4682,1.46835,4.80,1.60
2009.03.24 14:27:47.380,1.4682,1.46835,4.80,8.00
2009.03.24 14:27:47.671,1.46815,1.46835,4.80,12.00
2009.03.24 14:27:47.730,1.46815,1.4683,4.80,1.60
2009.03.24 14:27:48.940,1.4682,1.4683,4.80,1.60
2009.03.24 14:27:49.510,1.46815,1.4683,4.80,1.60
2009.03.24 14:27:51.560,1.4681,1.4683,5.20,1.60
2009.03.24 14:27:56.039,1.46795,1.46815,1.00,6.60
2009.03.24 14:27:56.429,1.46795,1.46825,1.00,16.00
2009.03.24 14:27:56.898,1.46795,1.4682,1.00,4.00
2009.03.24 14:27:57.928,1.46805,1.4682,1.00,2.40
2009.03.24 14:27:58.268,1.468,1.4683,5.20,17.60
2009.03.24 14:27:58.438,1.468,1.46825,5.20,12.00
2009.03.24 14:27:58.788,1.4681,1.46825,1.00,4.80
2009.03.24 14:27:59.128,1.4681,1.4684,1.20,9.60
2009.03.24 14:27:59.578,1.4682,1.46835,1.20,3.20
2009.03.24 14:28:00.039,1.4682,1.46835,1.20,1.60
2009.03.24 14:28:00.448,1.4682,1.46845,1.20,20.00
2009.03.24 14:28:00.567,1.4682,1.4684,1.20,1.60
2009.03.24 14:28:01.127,1.46825,1.4685,1.00,17.60
2009.03.24 14:28:01.407,1.4682,1.46845,5.20,3.20
2009.03.24 14:28:01.708,1.46815,1.4684,13.20,1.60
2009.03.24 14:28:02.497,1.46825,1.4685,1.60,11.20
2009.03.24 14:28:02.777,1.46825,1.46845,1.00,1.60
2009.03.24 14:28:03.007,1.46825,1.46845,1.60,1.60
2009.03.24 14:28:03.587,1.46825,1.46855,1.60,17.20
2009.03.24 14:28:04.157,1.4683,1.4685,1.00,8.00
2009.03.24 14:28:04.517,1.46825,1.46845,1.00,1.60
2009.03.24 14:28:04.757,1.4682,1.4684,2.80,1.60
2009.03.24 14:28:05.566,1.4682,1.4684,3.40,1.60
2009.03.24 14:28:05.906,1.4682,1.4684,1.00,1.60
2009.03.24 14:28:06.076,1.46815,1.46835,1.60,1.60
2009.03.24 14:28:06.246,1.4681,1.46835,1.20,5.60
2009.03.24 14:28:07.396,1.4681,1.46835,1.20,1.60
2009.03.24 14:28:08.376,1.46805,1.4683,12.00,1.60
2009.03.24 14:28:08.856,1.46805,1.4683,7.20,1.60
2009.03.24 14:28:09.035,1.46805,1.4683,7.80,1.60
2009.03.24 14:28:11.055,1.4681,1.4683,1.60,1.60
2009.03.24 14:28:11.685,1.46805,1.4683,12.00,1.60
2009.03.24 14:28:11.975,1.46805,1.4683,7.20,1.60
2009.03.24 14:28:12.195,1.46805,1.4683,1.60,1.60
2009.03.24 14:28:12.545,1.4681,1.46825,1.00,1.40
2009.03.24 14:28:12.895,1.468,1.4682,1.60,1.40
2009.03.24 14:28:13.394,1.468,1.4683,1.00,11.20
2009.03.24 14:28:14.114,1.4681,1.46825,4.80,8.00
2009.03.24 14:28:14.334,1.4682,1.46825,2.40,5.60
2009.03.24 14:28:14.564,1.4681,1.46825,2.80,2.40
2009.03.24 14:28:14.794,1.468,1.4682,13.20,1.40
2009.03.24 14:28:15.184,1.46805,1.4682,4.00,1.40
2009.03.24 14:28:15.304,1.4681,1.46815,1.00,1.00
2009.03.24 14:28:15.604,1.468,1.4681,1.60,1.00
2009.03.24 14:28:15.784,1.468,1.4681,1.00,1.00
2009.03.24 14:28:16.484,1.4679,1.4681,8.80,1.00
2009.03.24 14:28:16.764,1.4681,1.4683,1.00,10.20
2009.03.24 14:28:17.004,1.4681,1.4683,1.00,5.00
2009.03.24 14:28:17.404,1.4681,1.46845,1.00,17.00
2009.03.24 14:28:17.803,1.46825,1.46855,5.20,23.00
2009.03.24 14:28:18.263,1.46825,1.46845,1.60,4.80
2009.03.24 14:28:18.603,1.46825,1.46855,1.60,18.80
2009.03.24 14:28:19.233,1.46825,1.4685,1.60,3.20
2009.03.24 14:28:19.933,1.46825,1.4685,1.60,8.00
2009.03.24 14:28:20.383,1.46825,1.46845,1.00,1.60
2009.03.24 14:28:20.803,1.46825,1.46845,4.40,1.60
2009.03.24 14:28:22.282,1.46825,1.4684,4.80,1.60
2009.03.24 14:28:22.692,1.46815,1.4684,3.20,1.60
2009.03.24 14:28:22.812,1.46815,1.4684,1.60,1.60
2009.03.24 14:28:24.042,1.46815,1.46835,1.60,1.60
2009.03.24 14:28:25.032,1.4682,1.46845,1.20,15.20
2009.03.24 14:28:25.201,1.4682,1.4684,1.20,1.60
2009.03.24 14:28:25.381,1.46825,1.4685,1.00,17.60
2009.03.24 14:28:25.891,1.4683,1.46845,1.00,5.60
2009.03.24 14:28:26.011,1.4683,1.46845,1.00,4.80
2009.03.24 14:28:26.631,1.4683,1.46855,1.00,12.00
2009.03.24 14:28:27.031,1.4683,1.4685,1.20,1.60
2009.03.24 14:28:27.321,1.4683,1.4685,1.00,1.60
2009.03.24 14:28:27.781,1.46845,1.4686,1.00,9.40
2009.03.24 14:28:28.461,1.46845,1.4686,1.00,4.60
2009.03.24 14:28:28.801,1.46845,1.4686,1.00,2.20
2009.03.24 14:28:29.141,1.4685,1.4686,1.00,2.20
2009.03.24 14:28:29.481,1.46845,1.4686,1.00,2.20
2009.03.24 14:28:29.871,1.4684,1.4685,3.60,1.00
2009.03.24 14:28:30.210,1.4684,1.4685,1.00,1.00
2009.03.24 14:28:31.050,1.46835,1.4685,7.40,1.00
2009.03.24 14:28:31.280,1.4684,1.4685,1.00,1.00
2009.03.24 14:28:31.740,1.4684,1.46865,1.00,17.80
2009.03.24 14:28:32.500,1.46845,1.4686,1.00,2.20
2009.03.24 14:28:33.580,1.4684,1.4686,2.80,3.80
2009.03.24 14:28:34.949,1.46845,1.4686,1.00,2.20
2009.03.24 14:28:36.209,1.4684,1.4686,1.00,3.60
2009.03.24 14:28:36.539,1.4684,1.4686,1.00,3.40
2009.03.24 14:28:36.879,1.46845,1.4686,1.00,1.60
2009.03.24 14:28:37.209,1.4684,1.4686,5.20,3.00
2009.03.24 14:28:37.439,1.4684,1.4686,4.20,3.00
2009.03.24 14:28:37.659,1.4684,1.4686,2.80,3.00
2009.03.24 14:28:38.848,1.4684,1.4686,2.80,7.80
2009.03.24 14:28:39.138,1.4684,1.46855,2.80,4.00
2009.03.24 14:28:39.428,1.4684,1.46855,2.80,4.80
2009.03.24 14:28:41.757,1.46845,1.46855,1.00,4.80
2009.03.24 14:28:42.037,1.46845,1.46865,1.00,12.20
2009.03.24 14:28:43.707,1.46845,1.4686,1.00,1.00
2009.03.24 14:28:44.277,1.46845,1.4686,2.80,1.00
2009.03.24 14:28:44.947,1.46855,1.4686,1.00,1.00
2009.03.24 14:28:45.117,1.4685,1.4687,2.40,8.00
2009.03.24 14:28:45.517,1.4685,1.4687,2.80,6.40
2009.03.24 14:28:45.756,1.4685,1.46855,2.40,1.60
2009.03.24 14:28:46.256,1.4684,1.4685,1.60,1.00
2009.03.24 14:28:46.656,1.4685,1.46865,15.20,2.60
2009.03.24 14:28:46.966,1.4683,1.46855,9.00,1.60
2009.03.24 14:28:47.306,1.4683,1.46855,7.40,1.60
2009.03.24 14:28:47.586,1.4683,1.46855,2.80,3.00
2009.03.24 14:28:47.816,1.4682,1.4684,5.20,1.00
2009.03.24 14:28:47.986,1.4682,1.4683,6.40,1.00
2009.03.24 14:28:48.276,1.4681,1.4683,6.80,1.00
2009.03.24 14:28:48.686,1.468,1.46805,6.40,1.60
2009.03.24 14:28:48.966,1.46795,1.46815,6.00,7.80
2009.03.24 14:28:49.186,1.46795,1.4681,4.80,1.60
2009.03.24 14:28:49.756,1.4679,1.46805,1.60,4.80
2009.03.24 14:28:49.995,1.46795,1.468,1.00,4.80
2009.03.24 14:28:50.286,1.46795,1.468,3.40,1.00
2009.03.24 14:28:50.586,1.4679,1.468,6.40,1.60
2009.03.24 14:28:50.925,1.4679,1.4681,1.60,6.40
2009.03.24 14:28:51.345,1.4679,1.4681,1.00,6.40
2009.03.24 14:28:53.025,1.4679,1.4681,1.00,11.20
2009.03.24 14:28:53.385,1.4678,1.468,2.40,1.40
2009.03.24 14:28:53.854,1.4678,1.468,7.20,1.40
2009.03.24 14:28:57.274,1.4678,1.4681,7.60,15.60
2009.03.24 14:28:58.194,1.4679,1.4681,1.00,7.60
2009.03.24 14:28:58.554,1.4679,1.4681,2.80,4.00
2009.03.24 14:28:58.833,1.4679,1.4681,2.80,1.60
2009.03.24 14:28:59.353,1.46795,1.4681,1.00,1.00
2009.03.24 14:29:00.273,1.46795,1.4681,1.00,1.00
2009.03.24 14:29:00.623,1.46795,1.4682,2.80,8.20
2009.03.24 14:29:00.903,1.46805,1.46815,1.00,4.80
2009.03.24 14:29:01.233,1.46805,1.46825,1.00,17.80
2009.03.24 14:29:01.513,1.46805,1.4682,1.00,5.00
2009.03.24 14:29:01.864,1.46805,1.4682,1.00,4.80
2009.03.24 14:29:02.262,1.46815,1.4683,1.00,13.40
2009.03.24 14:29:02.553,1.46815,1.46825,1.00,4.80
2009.03.24 14:29:02.792,1.4682,1.46835,1.00,12.00
2009.03.24 14:29:03.152,1.4682,1.46835,1.00,4.80
2009.03.24 14:29:03.512,1.46825,1.46845,1.00,7.80
2009.03.24 14:29:03.902,1.46825,1.46845,1.00,4.80
2009.03.24 14:29:06.214,1.46815,1.4683,1.00,9.60
2009.03.24 14:29:06.731,1.46815,1.46825,1.00,8.80
2009.03.24 14:29:07.192,1.4681,1.46825,3.00,8.80
2009.03.24 14:29:07.361,1.46815,1.46825,1.00,8.80
2009.03.24 14:29:07.871,1.46815,1.46825,1.00,8.80
2009.03.24 14:29:08.171,1.4682,1.4684,1.00,17.40
2009.03.24 14:29:08.291,1.4682,1.4683,1.00,4.80
2009.03.24 14:29:08.701,1.4681,1.4683,3.00,4.80
2009.03.24 14:29:09.091,1.4681,1.4683,1.00,4.80
2009.03.24 14:29:09.451,1.4681,1.4683,1.00,4.80
2009.03.24 14:29:10.131,1.4681,1.46825,1.00,6.20
2009.03.24 14:29:10.710,1.46805,1.4682,2.80,1.20
2009.03.24 14:29:10.880,1.46805,1.4682,1.00,4.80
2009.03.24 14:29:11.050,1.468,1.4681,2.80,1.00
2009.03.24 14:29:11.390,1.468,1.4682,1.00,9.60
2009.03.24 14:29:11.570,1.468,1.46815,1.00,3.00
2009.03.24 14:29:11.870,1.46795,1.468,1.60,1.00
2009.03.24 14:29:12.210,1.4679,1.4681,3.00,14.20
2009.03.24 14:29:12.540,1.4679,1.468,3.80,4.80
2009.03.24 14:29:12.980,1.4679,1.46815,2.80,17.00
2009.03.24 14:29:13.430,1.46795,1.46825,4.40,14.00
2009.03.24 14:29:13.890,1.4679,1.46815,7.60,1.60
2009.03.24 14:29:15.019,1.4681,1.46825,1.00,14.40
2009.03.24 14:29:15.369,1.4681,1.46825,1.00,15.20
2009.03.24 14:29:15.839,1.4681,1.46825,1.00,12.60
2009.03.24 14:29:16.179,1.4681,1.46825,1.00,7.80
2009.03.24 14:29:17.779,1.468,1.4682,2.80,1.60
2009.03.24 14:29:17.959,1.468,1.46805,2.80,1.20
2009.03.24 14:29:18.259,1.46795,1.468,1.00,1.00
2009.03.24 14:29:18.559,1.468,1.46805,1.00,1.20
2009.03.24 14:29:18.958,1.4679,1.46805,1.00,4.40
2009.03.24 14:29:19.368,1.46785,1.4679,4.80,1.00
2009.03.24 14:29:19.878,1.4678,1.46805,7.20,6.40
2009.03.24 14:29:20.218,1.4679,1.46795,1.00,1.00
2009.03.24 14:29:20.568,1.46785,1.4681,1.00,8.00
2009.03.24 14:29:20.808,1.4679,1.46805,1.00,11.20
2009.03.24 14:29:21.308,1.4679,1.468,1.00,1.80
2009.03.24 14:29:21.698,1.4679,1.468,1.00,4.80
2009.03.24 14:29:22.209,1.46795,1.4681,1.00,4.80
2009.03.24 14:29:22.678,1.46795,1.4681,1.00,4.80
2009.03.24 14:29:23.127,1.4681,1.46815,1.00,8.10
2009.03.24 14:29:23.357,1.468,1.4681,1.00,6.40
2009.03.24 14:29:24.397,1.4681,1.46815,1.00,6.40
2009.03.24 14:29:24.737,1.46805,1.46815,2.80,6.40
2009.03.24 14:29:25.087,1.46805,1.46815,2.80,4.80
2009.03.24 14:29:25.607,1.468,1.46805,4.10,4.80
2009.03.24 14:29:25.837,1.46805,1.4682,2.80,4.80
2009.03.24 14:29:26.177,1.46805,1.4682,2.80,4.80
2009.03.24 14:29:26.417,1.46805,1.4683,2.80,22.60
2009.03.24 14:29:26.717,1.4681,1.46825,1.00,6.40
2009.03.24 14:29:27.806,1.4681,1.4682,1.00,1.60
2009.03.24 14:29:28.046,1.468,1.4682,1.00,1.60
2009.03.24 14:29:28.456,1.4679,1.46815,3.00,6.40
2009.03.24 14:29:28.816,1.468,1.46815,1.00,10.40
2009.03.24 14:29:29.147,1.46795,1.4681,1.00,1.00
2009.03.24 14:29:29.586,1.4679,1.4681,3.00,8.00
2009.03.24 14:29:29.996,1.468,1.46805,1.00,4.00
2009.03.24 14:29:30.456,1.468,1.46815,1.00,4.80
2009.03.24 14:29:30.626,1.468,1.4681,1.00,5.00
2009.03.24 14:29:30.915,1.468,1.4682,1.00,8.20
2009.03.24 14:29:31.195,1.468,1.4681,1.00,1.00
2009.03.24 14:29:31.496,1.468,1.4681,1.00,4.80
2009.03.24 14:29:32.295,1.4679,1.4681,1.00,6.40
2009.03.24 14:29:33.555,1.468,1.4681,1.00,4.80
2009.03.24 14:29:33.895,1.468,1.4681,1.00,4.14
2009.03.24 14:29:34.295,1.46795,1.468,1.00,1.00
2009.03.24 14:29:34.775,1.46795,1.4681,1.00,10.60
2009.03.24 14:29:35.055,1.46795,1.46805,1.00,4.80
2009.03.24 14:29:35.294,1.46795,1.46815,1.00,15.20
2009.03.24 14:29:35.864,1.46795,1.46805,1.00,1.00
2009.03.24 14:29:36.044,1.468,1.46805,1.00,1.00
2009.03.24 14:29:36.394,1.468,1.46805,1.00,4.80
2009.03.24 14:29:36.734,1.46805,1.46815,1.00,9.80
2009.03.24 14:29:37.205,1.46805,1.46825,1.00,17.40
2009.03.24 14:29:40.523,1.4681,1.4682,1.00,4.80
2009.03.24 14:29:40.694,1.46815,1.4682,1.00,4.80
2009.03.24 14:29:41.033,1.46815,1.46835,1.00,20.00
2009.03.24 14:29:41.483,1.4682,1.4683,1.00,6.40
2009.03.24 14:29:41.883,1.46815,1.4683,1.00,6.40
2009.03.24 14:29:43.492,1.4682,1.4683,1.00,6.40
2009.03.24 14:29:44.072,1.4682,1.46825,1.00,4.80
2009.03.24 14:29:44.502,1.4682,1.46835,1.00,15.80
2009.03.24 14:29:45.302,1.46815,1.4682,1.60,1.00
2009.03.24 14:29:45.702,1.4682,1.4683,1.00,4.80
2009.03.24 14:29:45.942,1.4682,1.4683,1.00,4.80
2009.03.24 14:29:46.172,1.4682,1.4683,1.00,9.60
2009.03.24 14:29:46.512,1.46815,1.4682,1.60,1.00
2009.03.24 14:29:46.862,1.468,1.4683,7.60,8.00
2009.03.24 14:29:47.321,1.46795,1.4681,9.80,1.00
2009.03.24 14:29:47.712,1.4679,1.468,4.40,1.60
2009.03.24 14:29:48.042,1.4678,1.4681,5.20,16.00
2009.03.24 14:29:48.441,1.4678,1.4679,1.00,1.60
2009.03.24 14:29:48.841,1.46765,1.46785,4.80,4.00
2009.03.24 14:29:49.061,1.46755,1.46765,4.80,1.60
2009.03.24 14:29:49.291,1.4675,1.4676,6.80,1.00
2009.03.24 14:29:49.651,1.4675,1.4676,4.80,1.00
2009.03.24 14:29:50.001,1.4674,1.4676,9.20,1.00
2009.03.24 14:29:50.221,1.4674,1.4677,11.60,2.20
2009.03.24 14:29:50.571,1.46745,1.4676,5.20,1.00
2009.03.24 14:29:51.081,1.4675,1.4678,1.00,20.00
2009.03.24 14:29:51.421,1.46755,1.46775,1.00,5.60
2009.03.24 14:29:51.720,1.4676,1.46785,1.00,14.40
2009.03.24 14:29:52.111,1.46755,1.4678,5.00,1.60
2009.03.24 14:29:52.990,1.46755,1.4678,9.80,1.60
2009.03.24 14:29:53.550,1.4676,1.4678,4.80,2.20
2009.03.24 14:29:53.891,1.4676,1.4679,5.20,15.80
2009.03.24 14:29:54.230,1.4677,1.46785,1.00,4.80
2009.03.24 14:29:54.410,1.4677,1.46785,1.00,4.80
2009.03.24 14:29:54.640,1.4677,1.46785,1.00,4.80
2009.03.24 14:29:54.920,1.4677,1.468,6.80,3.80
2009.03.24 14:29:55.260,1.4677,1.46795,9.20,5.00
2009.03.24 14:29:55.600,1.4677,1.46795,5.20,1.60
2009.03.24 14:29:56.000,1.46765,1.4679,14.40,15.20
2009.03.24 14:29:56.289,1.46775,1.4679,4.80,2.80
2009.03.24 14:29:56.619,1.46775,1.4678,4.80,1.00
2009.03.24 14:29:56.969,1.46775,1.4678,4.80,2.00
2009.03.24 14:29:57.599,1.4676,1.4679,5.20,11.20
2009.03.24 14:29:57.829,1.46755,1.4678,12.20,1.60
2009.03.24 14:29:58.059,1.4677,1.4678,1.00,1.60
2009.03.24 14:29:58.409,1.4677,1.4679,1.00,8.80
2009.03.24 14:29:58.649,1.4677,1.4679,1.00,8.00
2009.03.24 14:29:58.859,1.46765,1.4679,5.00,8.00
2009.03.24 14:30:00.228,1.46765,1.4679,4.40,8.00
2009.03.24 14:30:03.228,1.46765,1.4678,4.40,1.00
2009.03.24 14:30:03.568,1.46765,1.46795,5.00,10.40
2009.03.24 14:30:04.227,1.4677,1.4679,2.40,8.00
2009.03.24 14:30:04.438,1.4677,1.468,2.80,27.60
2009.03.24 14:30:04.617,1.4677,1.46795,2.80,8.00
2009.03.24 14:30:04.787,1.4677,1.4679,2.80,14.60
2009.03.24 14:30:05.017,1.4677,1.4679,2.80,1.60
2009.03.24 14:30:05.597,1.4677,1.468,2.80,33.00
2009.03.24 14:30:08.846,1.4677,1.46785,1.00,1.60
2009.03.24 14:30:09.246,1.4676,1.46785,5.20,8.80
2009.03.24 14:30:09.526,1.46755,1.4678,8.20,1.60
2009.03.24 14:30:09.866,1.46755,1.4678,5.80,1.60
2009.03.24 14:30:10.926,1.46755,1.4678,5.20,1.60
2009.03.24 14:30:11.326,1.46755,1.4678,1.20,6.40
2009.03.24 14:30:11.626,1.46755,1.4678,4.40,6.20
2009.03.24 14:30:11.906,1.46755,1.4678,4.40,2.60
2009.03.24 14:30:12.306,1.46755,1.4678,9.20,2.60
2009.03.24 14:30:13.555,1.46755,1.4678,9.20,2.20
2009.03.24 14:30:13.785,1.46755,1.4678,9.80,2.20
2009.03.24 14:30:14.225,1.46755,1.4678,9.80,1.40
2009.03.24 14:30:14.335,1.46755,1.4678,14.60,1.40
2009.03.24 14:30:14.685,1.46755,1.4678,14.60,2.20
2009.03.24 14:30:15.085,1.46755,1.4678,5.80,2.20
2009.03.24 14:30:15.375,1.4676,1.4678,1.00,6.20
2009.03.24 14:30:15.645,1.46755,1.4678,5.40,3.00
2009.03.24 14:30:15.815,1.46755,1.4678,5.20,3.00
2009.03.24 14:30:17.344,1.4676,1.4679,1.00,18.40
2009.03.24 14:30:17.624,1.4677,1.46785,1.00,12.00
2009.03.24 14:30:18.004,1.46765,1.4677,1.00,1.00
2009.03.24 14:30:18.244,1.4676,1.4677,1.00,1.00
2009.03.24 14:30:18.884,1.4676,1.4677,1.00,1.00
2009.03.24 14:30:19.304,1.4676,1.46765,1.00,4.80
2009.03.24 14:30:19.584,1.46745,1.46765,1.60,1.40
2009.03.24 14:30:19.974,1.4674,1.46765,6.80,5.40
2009.03.24 14:30:20.334,1.4674,1.46765,6.80,1.40
2009.03.24 14:30:21.014,1.4674,1.4675,4.40,1.00
2009.03.24 14:30:21.073,1.4674,1.4675,3.20,1.00
2009.03.24 14:30:21.373,1.46735,1.4675,1.00,1.00
2009.03.24 14:30:21.823,1.46735,1.4675,1.00,1.60
2009.03.24 14:30:22.063,1.46725,1.4674,7.00,1.00
2009.03.24 14:30:22.413,1.46725,1.4674,5.40,1.00
2009.03.24 14:30:23.053,1.4673,1.4674,1.00,1.00
2009.03.24 14:30:23.333,1.4672,1.4674,9.20,1.00
2009.03.24 14:30:23.572,1.4672,1.4675,9.20,19.00
2009.03.24 14:30:23.963,1.46715,1.4672,10.00,1.60
2009.03.24 14:30:24.343,1.4672,1.46745,7.60,4.80
2009.03.24 14:30:24.673,1.4672,1.4674,7.60,3.00
2009.03.24 14:30:25.083,1.4672,1.4673,4.80,2.20
2009.03.24 14:30:25.482,1.4671,1.4673,2.80,6.20
2009.03.24 14:30:25.772,1.46715,1.46725,4.80,6.80
2009.03.24 14:30:26.062,1.4672,1.46725,4.80,5.60
2009.03.24 14:30:26.332,1.4671,1.46725,1.00,5.60
2009.03.24 14:30:27.042,1.4671,1.46725,1.00,5.60
2009.03.24 14:30:27.442,1.4671,1.46725,1.00,6.40
2009.03.24 14:30:27.612,1.4671,1.46725,1.00,9.80
2009.03.24 14:30:27.962,1.4671,1.46725,1.00,10.60
2009.03.24 14:30:28.311,1.46705,1.46725,3.40,1.60
2009.03.24 14:30:30.101,1.467,1.4672,2.80,2.00
2009.03.24 14:30:30.841,1.467,1.4672,2.80,7.60
2009.03.24 14:30:31.071,1.467,1.4671,1.00,1.00
2009.03.24 14:30:32.231,1.467,1.4672,1.00,10.80
2009.03.24 14:30:32.461,1.467,1.46715,1.00,7.20
2009.03.24 14:30:33.370,1.46695,1.46715,1.00,7.20
2009.03.24 14:30:33.810,1.46695,1.4671,1.00,4.80
2009.03.24 14:30:34.220,1.46695,1.4671,1.00,4.80
2009.03.24 14:30:34.520,1.46685,1.4671,5.40,8.00
2009.03.24 14:30:35.020,1.46685,1.467,1.00,1.00
2009.03.24 14:30:35.370,1.46685,1.467,1.00,1.00
2009.03.24 14:30:35.880,1.46685,1.467,1.00,4.80
2009.03.24 14:30:36.240,1.46685,1.467,1.00,6.40
2009.03.24 14:30:36.460,1.4668,1.46695,1.00,7.20
2009.03.24 14:30:36.680,1.4668,1.46695,1.00,4.00
2009.03.24 14:30:36.960,1.46675,1.46695,3.60,5.20
2009.03.24 14:30:37.599,1.4668,1.46695,2.80,3.20
2009.03.24 14:30:37.900,1.46675,1.4669,9.80,1.00
2009.03.24 14:30:38.259,1.46675,1.4669,9.00,1.00
2009.03.24 14:30:38.669,1.46675,1.4669,1.00,1.00
2009.03.24 14:30:39.079,1.4667,1.4669,2.80,1.60
2009.03.24 14:30:39.470,1.46665,1.46685,5.00,1.60
2009.03.24 14:30:39.749,1.46675,1.46685,1.00,4.00
2009.03.24 14:30:40.169,1.4668,1.467,1.00,8.00
2009.03.24 14:30:40.508,1.46685,1.46695,1.00,1.00
2009.03.24 14:30:40.959,1.4669,1.4671,1.00,9.60
2009.03.24 14:30:41.179,1.46695,1.467,1.00,1.00
2009.03.24 14:30:41.538,1.46695,1.467,1.80,1.00
2009.03.24 14:30:41.938,1.467,1.46725,1.00,19.20
2009.03.24 14:30:42.229,1.4671,1.4672,1.00,4.80
2009.03.24 14:30:42.738,1.46705,1.46715,5.00,1.00
2009.03.24 14:30:43.038,1.4671,1.46725,1.00,7.20
2009.03.24 14:30:44.088,1.4671,1.4672,1.00,1.00
2009.03.24 14:30:44.308,1.4671,1.4672,1.00,1.00
2009.03.24 14:30:45.908,1.467,1.4672,5.20,1.00
2009.03.24 14:30:46.138,1.467,1.4672,4.80,3.20
2009.03.24 14:30:46.427,1.46705,1.46715,4.80,8.80
2009.03.24 14:30:46.778,1.46705,1.4671,4.80,1.00
2009.03.24 14:30:47.067,1.46705,1.4671,4.80,1.60
2009.03.24 14:30:48.347,1.467,1.4671,4.80,1.60
2009.03.24 14:30:49.126,1.467,1.4671,4.80,8.00
2009.03.24 14:30:49.416,1.467,1.4671,4.80,8.00
2009.03.24 14:30:49.647,1.46685,1.4669,7.00,1.60
2009.03.24 14:30:49.997,1.46675,1.4668,8.60,1.00
2009.03.24 14:30:50.286,1.46675,1.46685,1.00,8.00
2009.03.24 14:30:50.586,1.46685,1.4669,4.80,6.40
2009.03.24 14:30:51.396,1.4668,1.4669,6.40,6.70
2009.03.24 14:30:51.626,1.4667,1.46675,6.60,1.00
2009.03.24 14:30:52.136,1.4667,1.46675,2.80,1.00
2009.03.24 14:30:54.046,1.4667,1.46675,1.00,1.00
2009.03.24 14:30:55.295,1.46675,1.4669,1.00,4.80
2009.03.24 14:30:55.635,1.46675,1.46695,5.00,3.20
2009.03.24 14:30:55.965,1.46675,1.46695,5.00,1.60
2009.03.24 14:30:56.205,1.4668,1.46695,1.00,4.00
2009.03.24 14:30:56.255,1.4668,1.467,2.80,5.40
2009.03.24 14:30:56.655,1.46685,1.467,1.00,1.60
2009.03.24 14:30:56.945,1.4669,1.4671,1.00,4.00
2009.03.24 14:30:57.395,1.46685,1.4671,5.20,3.40
2009.03.24 14:30:57.794,1.46695,1.46705,1.00,1.00
2009.03.24 14:30:58.244,1.46695,1.46725,11.80,2.40
2009.03.24 14:30:58.524,1.467,1.46735,4.80,12.00
2009.03.24 14:30:59.164,1.467,1.4673,4.80,7.40
2009.03.24 14:30:59.574,1.467,1.4673,4.80,2.60
2009.03.24 14:30:59.794,1.467,1.4673,5.20,3.20
2009.03.24 14:31:00.254,1.46705,1.4673,1.00,3.20
2009.03.24 14:31:00.595,1.467,1.4673,5.20,3.20
2009.03.24 14:31:02.193,1.467,1.4673,4.80,3.20
2009.03.24 14:31:02.463,1.46695,1.4673,14.00,8.00
2009.03.24 14:31:02.814,1.46695,1.4672,5.20,1.60
2009.03.24 14:31:04.263,1.46695,1.46715,4.80,1.60
2009.03.24 14:31:04.493,1.4669,1.4671,9.20,1.60
2009.03.24 14:31:05.173,1.4669,1.4671,7.60,1.60
2009.03.24 14:31:05.514,1.4669,1.4671,2.80,1.60
2009.03.24 14:31:07.952,1.4669,1.46705,1.00,1.00
2009.03.24 14:31:08.393,1.46685,1.46705,6.60,1.60
2009.03.24 14:31:09.012,1.46685,1.467,6.60,1.00
2009.03.24 14:31:09.242,1.46685,1.46705,6.60,1.60
2009.03.24 14:31:09.792,1.46685,1.46705,6.60,1.60
2009.03.24 14:31:10.203,1.4668,1.467,1.60,1.60
2009.03.24 14:31:10.611,1.4667,1.46695,5.20,4.00
2009.03.24 14:31:11.011,1.4667,1.46695,5.20,4.80
2009.03.24 14:31:11.471,1.46675,1.46695,4.80,4.80
2009.03.24 14:31:12.101,1.4667,1.46695,5.20,4.80
2009.03.24 14:31:12.391,1.4668,1.46695,1.00,4.80
2009.03.24 14:31:14.431,1.4668,1.46695,1.00,8.80
2009.03.24 14:31:15.070,1.4668,1.46695,1.00,4.80
2009.03.24 14:31:16.440,1.4668,1.4669,1.00,4.80
2009.03.24 14:31:16.560,1.4668,1.46685,1.00,6.40
2009.03.24 14:31:16.720,1.46675,1.46685,1.20,7.20
2009.03.24 14:31:16.840,1.4667,1.46685,2.80,8.80
2009.03.24 14:31:17.010,1.4667,1.46685,2.80,5.60
2009.03.24 14:31:18.080,1.4667,1.46685,2.80,10.40
2009.03.24 14:31:18.140,1.4667,1.4669,2.80,11.20
2009.03.24 14:31:18.260,1.4667,1.4669,2.80,10.40
2009.03.24 14:31:19.009,1.4667,1.4669,2.80,15.20
2009.03.24 14:31:19.489,1.4667,1.4669,2.80,10.40
2009.03.24 14:31:19.719,1.4667,1.4669,2.80,8.00
2009.03.24 14:31:21.969,1.4667,1.4669,2.80,12.80
2009.03.24 14:31:22.139,1.4667,1.4669,1.00,12.80
2009.03.24 14:31:22.249,1.4666,1.46685,21.80,1.60
2009.03.24 14:31:22.538,1.4667,1.4669,1.00,12.60
2009.03.24 14:31:22.698,1.4667,1.4669,1.00,7.80
2009.03.24 14:31:22.988,1.4667,1.4669,1.00,5.40
2009.03.24 14:31:23.158,1.4667,1.4669,1.00,3.80
2009.03.24 14:31:23.508,1.4668,1.46695,1.00,1.60
2009.03.24 14:31:23.858,1.46685,1.46695,1.00,1.60
2009.03.24 14:31:24.208,1.4669,1.46695,1.20,1.60
2009.03.24 14:31:24.558,1.4669,1.46695,5.20,1.60
2009.03.24 14:31:24.958,1.46695,1.467,8.20,6.40
2009.03.24 14:31:25.238,1.467,1.4674,1.20,13.40
2009.03.24 14:31:25.537,1.46705,1.4674,4.80,12.80
2009.03.24 14:31:25.878,1.467,1.4674,5.20,3.00
2009.03.24 14:31:26.528,1.467,1.46705,4.80,2.00
2009.03.24 14:31:26.988,1.467,1.46705,4.40,4.00
2009.03.24 14:31:27.337,1.4668,1.46705,10.80,1.20
2009.03.24 14:31:27.627,1.46685,1.46705,1.60,2.00
2009.03.24 14:31:28.347,1.46675,1.46695,6.80,1.00
2009.03.24 14:31:28.517,1.4668,1.46695,5.00,1.00
2009.03.24 14:31:28.967,1.4667,1.467,14.00,1.60
2009.03.24 14:31:29.247,1.46675,1.467,10.80,1.60
2009.03.24 14:31:31.257,1.4668,1.467,1.60,1.60
2009.03.24 14:31:31.666,1.46685,1.4671,1.00,6.40
2009.03.24 14:31:32.006,1.46685,1.4671,1.00,1.60
2009.03.24 14:31:32.306,1.46695,1.4671,4.80,1.40
2009.03.24 14:31:32.586,1.46695,1.46715,3.60,11.20
2009.03.24 14:31:32.886,1.46695,1.46715,1.00,8.00
2009.03.24 14:31:33.166,1.46695,1.46715,1.00,1.60
2009.03.24 14:31:37.325,1.46695,1.46715,1.00,6.40
2009.03.24 14:31:37.505,1.46695,1.46715,1.00,8.80
2009.03.24 14:31:37.685,1.46695,1.46715,1.00,6.40
2009.03.24 14:31:38.035,1.46695,1.46715,1.00,4.00
2009.03.24 14:31:38.315,1.46695,1.4672,1.00,7.80
2009.03.24 14:31:40.044,1.46695,1.46715,1.00,4.80
2009.03.24 14:31:40.404,1.46695,1.4672,1.00,7.80
2009.03.24 14:31:41.144,1.46695,1.46715,1.00,4.80
2009.03.24 14:31:41.494,1.46695,1.46715,1.00,8.80
2009.03.24 14:31:43.933,1.467,1.46715,1.00,4.80
2009.03.24 14:31:44.553,1.467,1.4672,1.00,8.00
2009.03.24 14:31:45.083,1.467,1.46715,1.00,4.80
2009.03.24 14:31:45.383,1.467,1.46715,1.00,8.80
2009.03.24 14:31:45.603,1.467,1.46715,1.00,4.00
2009.03.24 14:31:45.783,1.467,1.4672,1.00,8.00
2009.03.24 14:31:48.562,1.46705,1.4672,1.00,6.40
2009.03.24 14:31:48.962,1.46705,1.4671,1.00,1.00
2009.03.24 14:31:49.202,1.46705,1.46715,1.00,2.40
2009.03.24 14:31:49.992,1.46705,1.4672,1.00,7.20
2009.03.24 14:31:50.222,1.46705,1.46715,1.00,4.80
2009.03.24 14:31:56.620,1.46705,1.46715,2.80,8.80
2009.03.24 14:31:56.740,1.4671,1.46715,1.00,10.40
2009.03.24 14:31:56.920,1.46705,1.4671,1.00,3.80
2009.03.24 14:31:57.371,1.46705,1.4671,1.00,1.50
2009.03.24 14:31:57.480,1.46705,1.46715,1.00,3.80
2009.03.24 14:31:59.789,1.4671,1.46715,1.00,3.80
2009.03.24 14:32:00.449,1.46705,1.46715,1.00,3.80
2009.03.24 14:32:04.009,1.46705,1.46715,1.00,3.80
2009.03.24 14:32:04.118,1.46705,1.46715,2.80,3.80
2009.03.24 14:32:05.578,1.46705,1.46715,2.80,2.20
2009.03.24 14:32:05.858,1.46705,1.46715,2.80,1.40
2009.03.24 14:32:06.038,1.46705,1.46715,2.80,5.40
2009.03.24 14:32:07.408,1.46705,1.46715,2.80,4.80
2009.03.24 14:32:09.597,1.4671,1.46715,1.00,1.00
2009.03.24 14:32:09.767,1.4671,1.4672,1.00,2.20
2009.03.24 14:32:10.007,1.4671,1.4672,1.00,1.40
2009.03.24 14:32:10.167,1.4671,1.46725,1.00,4.80
2009.03.24 14:32:11.617,1.4671,1.46725,5.20,4.80
2009.03.24 14:32:11.726,1.4671,1.46725,10.00,4.80
2009.03.24 14:32:12.007,1.4671,1.46715,10.00,1.00
2009.03.24 14:32:12.117,1.4671,1.4672,2.80,1.00
2009.03.24 14:32:12.406,1.4671,1.46725,2.80,2.40
2009.03.24 14:32:12.896,1.4671,1.46725,2.80,4.00
2009.03.24 14:32:13.136,1.4671,1.46725,2.80,2.20
2009.03.24 14:32:16.546,1.467,1.4672,5.20,1.60
2009.03.24 14:32:16.885,1.467,1.4671,5.00,1.00
2009.03.24 14:32:17.065,1.467,1.4671,1.00,2.20
2009.03.24 14:32:17.885,1.467,1.4671,1.00,1.40
2009.03.24 14:32:18.105,1.467,1.46715,1.00,4.80
2009.03.24 14:32:18.675,1.467,1.46715,1.00,8.80
2009.03.24 14:32:19.515,1.46705,1.46715,1.00,13.60
2009.03.24 14:32:23.164,1.46695,1.46715,5.20,13.60
2009.03.24 14:32:23.664,1.46705,1.46715,1.00,13.60
2009.03.24 14:32:26.023,1.46705,1.46715,1.00,10.40
2009.03.24 14:32:26.233,1.46705,1.4671,1.00,1.50
2009.03.24 14:32:26.353,1.467,1.46715,2.80,8.80
2009.03.24 14:32:26.703,1.467,1.46715,2.80,13.60
2009.03.24 14:32:27.103,1.46705,1.46715,1.00,8.80
2009.03.24 14:32:28.652,1.46705,1.46715,1.00,13.60
2009.03.24 14:32:29.122,1.46695,1.467,1.80,1.00
2009.03.24 14:32:29.462,1.467,1.46705,1.00,1.60
2009.03.24 14:32:29.642,1.467,1.46705,1.00,3.20
2009.03.24 14:32:29.822,1.467,1.46705,1.00,3.60
2009.03.24 14:32:30.182,1.467,1.46705,1.00,7.60
2009.03.24 14:32:30.412,1.46695,1.467,1.00,1.90
2009.03.24 14:32:30.752,1.467,1.46705,1.00,5.00
2009.03.24 14:32:30.972,1.4671,1.46715,1.00,9.40
2009.03.24 14:32:31.192,1.46705,1.4671,1.00,5.40
2009.03.24 14:32:31.772,1.46705,1.46715,1.00,8.80
2009.03.24 14:32:32.131,1.46705,1.46715,1.00,13.60
2009.03.24 14:32:36.800,1.467,1.4671,2.80,2.20
2009.03.24 14:32:37.090,1.46705,1.46715,1.00,3.80
2009.03.24 14:32:39.301,1.46705,1.46715,1.00,2.20
2009.03.24 14:32:39.760,1.467,1.46715,7.60,2.00
2009.03.24 14:32:40.280,1.467,1.46715,7.60,2.00
2009.03.24 14:32:45.609,1.467,1.46715,7.60,2.00
2009.03.24 14:32:47.238,1.4671,1.46715,1.00,2.00
2009.03.24 14:32:48.428,1.4671,1.46715,1.00,3.60
2009.03.24 14:32:48.768,1.467,1.4671,7.60,1.20
2009.03.24 14:32:48.888,1.467,1.46715,7.60,2.00
2009.03.24 14:32:54.156,1.4671,1.46715,1.00,2.00
2009.03.24 14:32:54.396,1.467,1.46715,7.60,2.00
2009.03.24 14:32:54.686,1.46705,1.4672,10.80,1.40
2009.03.24 14:32:54.966,1.4671,1.4672,2.40,1.40
2009.03.24 14:32:55.307,1.46705,1.4672,8.80,2.20
2009.03.24 14:32:55.586,1.46705,1.4672,4.80,2.20
2009.03.24 14:32:58.245,1.46705,1.4672,4.80,2.00
2009.03.24 14:33:01.694,1.46705,1.4672,4.80,13.40
2009.03.24 14:33:01.814,1.467,1.4672,7.60,15.20
2009.03.24 14:33:04.754,1.467,1.46725,7.40,3.60
2009.03.24 14:33:05.084,1.467,1.46725,7.40,4.40
2009.03.24 14:33:06.303,1.467,1.4672,7.40,1.60
2009.03.24 14:33:06.653,1.467,1.46715,7.20,2.80
2009.03.24 14:33:09.353,1.467,1.46715,7.60,1.60
2009.03.24 14:33:12.852,1.467,1.46715,2.80,4.60
2009.03.24 14:33:13.022,1.467,1.4671,2.80,1.60
2009.03.24 14:33:16.341,1.467,1.4671,2.80,2.20
2009.03.24 14:33:24.249,1.467,1.46715,2.80,2.20
2009.03.24 14:33:27.028,1.46695,1.46705,22.00,2.40
2009.03.24 14:33:27.368,1.467,1.46705,6.40,11.40
2009.03.24 14:33:27.758,1.46695,1.4671,24.80,2.40
2009.03.24 14:33:30.707,1.467,1.4671,2.40,1.60
2009.03.24 14:33:30.987,1.467,1.46715,2.80,2.40
2009.03.24 14:33:32.887,1.4671,1.46715,2.80,2.20
2009.03.24 14:33:33.237,1.467,1.46715,2.80,2.20
2009.03.24 14:33:36.506,1.467,1.46715,2.40,2.20
2009.03.24 14:33:37.176,1.467,1.46715,2.80,2.20
2009.03.24 14:33:38.305,1.4671,1.46715,1.00,2.20
2009.03.24 14:33:38.655,1.4671,1.46715,1.20,1.40
2009.03.24 14:33:38.995,1.46705,1.4672,3.20,7.00
2009.03.24 14:33:39.387,1.46705,1.4672,2.80,7.00
2009.03.24 14:33:39.785,1.46705,1.4672,2.80,8.60
2009.03.24 14:33:40.085,1.467,1.46715,2.80,2.20
2009.03.24 14:33:40.777,1.467,1.46715,2.40,2.20
2009.03.24 14:33:41.875,1.467,1.4672,2.80,6.40
2009.03.24 14:33:42.324,1.467,1.46715,2.40,1.60
2009.03.24 14:33:44.044,1.467,1.4672,2.80,22.20
2009.03.24 14:33:44.844,1.467,1.46715,2.40,1.40
2009.03.24 14:33:45.124,1.467,1.4671,2.40,1.40
2009.03.24 14:33:45.514,1.467,1.46715,2.40,1.40
2009.03.24 14:33:45.805,1.46695,1.46715,20.80,1.40
2009.03.24 14:33:46.085,1.46695,1.46715,12.00,2.20
2009.03.24 14:33:46.364,1.46695,1.46715,5.20,3.80
2009.03.24 14:33:46.704,1.46685,1.46705,2.00,6.20
2009.03.24 14:33:47.024,1.4668,1.467,2.80,8.40
2009.03.24 14:33:47.423,1.4668,1.467,2.80,6.20
2009.03.24 14:33:47.713,1.46675,1.46695,2.80,9.60
2009.03.24 14:33:47.993,1.46675,1.46695,2.80,17.60
2009.03.24 14:33:48.453,1.46675,1.4669,2.80,4.80
2009.03.24 14:33:48.683,1.46675,1.46695,2.80,17.60
2009.03.24 14:33:49.223,1.46675,1.46695,2.80,15.20
2009.03.24 14:33:49.453,1.46675,1.46695,2.80,16.00
2009.03.24 14:33:49.623,1.46675,1.46695,2.80,17.60
2009.03.24 14:33:49.793,1.46675,1.46695,2.80,18.40
2009.03.24 14:33:52.122,1.46675,1.46695,2.80,16.00
2009.03.24 14:33:55.761,1.46675,1.46695,1.00,16.00
2009.03.24 14:33:56.101,1.4667,1.4669,2.80,1.60
2009.03.24 14:33:58.570,1.46675,1.46695,1.00,15.00
2009.03.24 14:33:58.841,1.4667,1.4669,2.80,1.40
2009.03.24 14:33:59.880,1.46675,1.46695,1.00,15.00
2009.03.24 14:34:00.420,1.46675,1.46695,1.00,15.20
2009.03.24 14:34:00.920,1.4667,1.4669,2.80,1.60
2009.03.24 14:34:03.779,1.46675,1.46695,1.00,15.20
2009.03.24 14:34:04.359,1.4667,1.4669,2.80,1.60
2009.03.24 14:34:06.149,1.46675,1.467,1.00,19.60
2009.03.24 14:34:07.718,1.46675,1.46695,1.00,19.20
2009.03.24 14:34:09.458,1.46675,1.46695,1.00,18.40
2009.03.24 14:34:10.768,1.46675,1.46695,1.00,16.80
2009.03.24 14:34:13.277,1.46675,1.46695,1.00,17.20
2009.03.24 14:34:13.667,1.46675,1.46695,2.80,17.20
2009.03.24 14:34:14.007,1.4668,1.46695,1.00,15.60
2009.03.24 14:34:14.177,1.46675,1.46695,2.80,17.00
2009.03.24 14:34:14.477,1.46675,1.46695,2.80,15.00
2009.03.24 14:34:14.917,1.4668,1.46695,1.00,4.80
2009.03.24 14:34:15.577,1.4668,1.467,1.00,11.00
2009.03.24 14:34:15.797,1.46685,1.467,1.00,11.20
2009.03.24 14:34:16.426,1.46685,1.467,1.00,9.60
2009.03.24 14:34:16.826,1.46685,1.467,1.00,4.80
2009.03.24 14:34:17.496,1.46685,1.467,1.00,6.40
2009.03.24 14:34:19.455,1.4668,1.467,1.00,6.40
2009.03.24 14:34:20.025,1.4668,1.467,1.00,11.20
2009.03.24 14:34:20.555,1.46675,1.46695,2.80,1.60
2009.03.24 14:34:20.975,1.46675,1.46695,1.00,1.60
2009.03.24 14:34:24.084,1.46675,1.46695,1.00,15.20
2009.03.24 14:34:26.284,1.4668,1.46695,1.00,13.60
2009.03.24 14:34:26.734,1.4668,1.46695,6.00,8.80
2009.03.24 14:34:26.854,1.46685,1.467,2.60,2.60
2009.03.24 14:34:27.083,1.46685,1.467,5.20,2.60
2009.03.24 14:34:27.373,1.46685,1.46705,10.80,1.60
2009.03.24 14:34:27.783,1.4669,1.4671,1.20,4.00
2009.03.24 14:34:28.183,1.46685,1.46705,2.00,6.40
2009.03.24 14:34:28.773,1.46685,1.46695,1.60,1.60
2009.03.24 14:34:29.383,1.4668,1.46695,1.60,1.60
2009.03.24 14:34:29.923,1.46675,1.46695,2.00,1.60
2009.03.24 14:34:32.732,1.4668,1.467,1.00,11.20
2009.03.24 14:34:35.162,1.46675,1.46695,2.00,1.40
2009.03.24 14:34:35.372,1.4668,1.467,1.00,11.20
2009.03.24 14:34:35.732,1.46675,1.46695,2.00,1.00
2009.03.24 14:34:36.202,1.46675,1.4669,2.00,1.00
2009.03.24 14:34:36.372,1.46675,1.46695,2.80,9.60
2009.03.24 14:34:36.552,1.46675,1.46695,2.80,14.40
2009.03.24 14:34:36.781,1.46675,1.46695,2.80,16.00
2009.03.24 14:34:37.591,1.46675,1.46695,2.80,15.20
2009.03.24 14:34:37.881,1.46675,1.4669,2.80,4.80
2009.03.24 14:34:38.051,1.46675,1.4668,1.00,10.60
2009.03.24 14:34:38.451,1.46675,1.4669,2.80,14.40
2009.03.24 14:34:38.621,1.46675,1.4669,2.80,4.80
2009.03.24 14:34:38.801,1.46675,1.4669,4.20,10.60
2009.03.24 14:34:39.191,1.46675,1.46695,3.40,6.00
2009.03.24 14:34:39.671,1.46675,1.46695,2.00,11.20
2009.03.24 14:34:39.971,1.46675,1.46695,1.00,11.20
2009.03.24 14:34:41.470,1.4667,1.4669,9.20,12.00
2009.03.24 14:34:41.750,1.46675,1.46695,1.00,11.00
2009.03.24 14:34:43.409,1.46675,1.46695,5.20,5.40
2009.03.24 14:34:43.800,1.4668,1.467,1.00,6.20
2009.03.24 14:34:44.490,1.46685,1.46705,1.00,11.80
2009.03.24 14:34:44.770,1.46685,1.46705,1.00,7.80
2009.03.24 14:34:45.189,1.46685,1.46705,1.00,3.00
2009.03.24 14:34:45.879,1.46685,1.46705,2.00,3.00
2009.03.24 14:34:46.579,1.46685,1.46705,2.00,11.80
2009.03.24 14:34:46.739,1.4669,1.46705,1.00,10.40
2009.03.24 14:34:47.878,1.46685,1.46705,2.00,10.40
2009.03.24 14:34:48.149,1.4669,1.46705,1.00,8.80
2009.03.24 14:34:48.678,1.46685,1.46705,2.00,10.40
2009.03.24 14:34:49.098,1.4669,1.46705,1.00,8.80
2009.03.24 14:34:50.118,1.46685,1.46705,2.00,10.40
2009.03.24 14:34:51.018,1.4669,1.46705,1.00,8.80
2009.03.24 14:34:56.147,1.46685,1.467,5.20,4.80
2009.03.24 14:34:56.266,1.46685,1.467,5.20,6.40
2009.03.24 14:34:56.376,1.46685,1.467,3.60,6.40
2009.03.24 14:34:56.907,1.46685,1.46695,1.00,1.60
2009.03.24 14:34:57.076,1.4668,1.4669,1.20,8.80
2009.03.24 14:34:57.426,1.46685,1.46695,1.00,6.10
2009.03.24 14:34:57.486,1.46685,1.46695,1.00,6.40
2009.03.24 14:34:57.666,1.46685,1.46695,1.00,4.80
2009.03.24 14:34:57.836,1.46685,1.467,1.00,10.40
2009.03.24 14:34:58.006,1.46685,1.467,1.00,8.00
2009.03.24 14:34:58.406,1.46685,1.467,1.00,6.40
2009.03.24 14:34:58.576,1.46695,1.467,1.00,6.40
2009.03.24 14:34:58.866,1.46685,1.467,1.00,4.80
2009.03.24 14:34:59.216,1.46685,1.467,1.00,6.40
2009.03.24 14:34:59.446,1.46685,1.467,5.20,6.40
2009.03.24 14:34:59.726,1.4669,1.467,1.00,6.40
2009.03.24 14:35:00.136,1.4669,1.467,1.00,4.80
2009.03.24 14:35:01.415,1.46685,1.467,2.80,4.80
2009.03.24 14:35:01.655,1.46685,1.467,2.80,6.40
2009.03.24 14:35:02.055,1.46685,1.467,5.20,6.40
2009.03.24 14:35:04.325,1.46685,1.46695,4.80,5.60
2009.03.24 14:35:04.625,1.46685,1.4669,4.80,10.60
2009.03.24 14:35:04.804,1.46685,1.467,5.20,14.40
2009.03.24 14:35:05.215,1.46685,1.467,5.20,6.40
2009.03.24 14:35:05.554,1.4669,1.467,5.20,4.80
2009.03.24 14:35:05.734,1.46695,1.467,1.00,4.80
2009.03.24 14:35:06.154,1.467,1.46705,1.00,1.60
2009.03.24 14:35:08.503,1.46705,1.4671,1.00,4.80
2009.03.24 14:35:09.265,1.4671,1.4672,1.00,4.80
2009.03.24 14:35:09.653,1.4671,1.46725,1.00,12.00
2009.03.24 14:35:11.273,1.4671,1.4672,1.00,4.80
2009.03.24 14:35:15.292,1.4671,1.4672,2.80,4.80
2009.03.24 14:35:15.642,1.46705,1.4672,2.80,4.80
2009.03.24 14:35:15.942,1.4671,1.4672,2.80,4.80
2009.03.24 14:35:16.272,1.4671,1.4672,1.00,4.80
2009.03.24 14:35:16.802,1.4671,1.46715,1.00,4.80
2009.03.24 14:35:17.031,1.4671,1.46715,1.00,7.20
2009.03.24 14:35:18.481,1.467,1.46715,1.00,7.20
2009.03.24 14:35:18.931,1.4671,1.46715,1.00,6.40
2009.03.24 14:35:19.271,1.4671,1.4672,1.00,4.80
2009.03.24 14:35:19.551,1.467,1.4672,1.00,6.40
2009.03.24 14:35:20.231,1.467,1.4671,1.00,1.00
2009.03.24 14:35:20.401,1.467,1.46715,1.00,12.00
2009.03.24 14:35:20.801,1.46695,1.4671,1.00,4.80
2009.03.24 14:35:21.261,1.46695,1.467,1.00,1.00
2009.03.24 14:35:21.491,1.4669,1.46705,2.80,8.80
2009.03.24 14:35:26.269,1.4669,1.4671,2.80,2.20
2009.03.24 14:35:26.429,1.4669,1.4671,4.40,10.60
2009.03.24 14:35:26.939,1.467,1.46715,1.00,10.40
2009.03.24 14:35:32.198,1.4671,1.46725,1.00,21.60
2009.03.24 14:35:33.048,1.4671,1.46725,1.00,16.80
2009.03.24 14:35:33.208,1.46705,1.46725,2.80,18.40
2009.03.24 14:35:33.487,1.46705,1.46725,2.80,20.80
2009.03.24 14:35:36.517,1.46705,1.46715,2.80,1.60
2009.03.24 14:35:36.757,1.46705,1.4671,2.80,1.00
2009.03.24 14:35:38.176,1.46705,1.46715,2.40,4.00
2009.03.24 14:35:38.397,1.46695,1.46715,2.00,4.00
2009.03.24 14:35:38.806,1.4669,1.4671,2.00,1.60
2009.03.24 14:35:39.308,1.4669,1.46705,1.60,4.00
2009.03.24 14:35:39.636,1.4669,1.46705,1.60,15.20
2009.03.24 14:35:39.936,1.4669,1.46705,2.00,13.60
2009.03.24 14:35:40.166,1.46695,1.46705,1.00,13.60
2009.03.24 14:35:40.506,1.4669,1.46705,2.00,13.60
2009.03.24 14:35:40.857,1.4669,1.46705,2.00,8.80
2009.03.24 14:35:41.316,1.4669,1.46705,1.20,13.60
2009.03.24 14:35:44.785,1.46685,1.467,2.40,1.60
2009.03.24 14:35:45.255,1.46695,1.46705,1.00,13.60
2009.03.24 14:35:45.585,1.46695,1.46705,1.00,4.80
2009.03.24 14:35:45.915,1.46685,1.46705,2.80,10.40
2009.03.24 14:35:46.544,1.46685,1.46705,2.80,15.20
2009.03.24 14:35:46.834,1.46685,1.467,2.00,4.80
2009.03.24 14:35:47.174,1.46685,1.467,2.80,4.80
2009.03.24 14:35:47.595,1.4668,1.467,2.00,12.00
2009.03.24 14:35:48.054,1.46675,1.46685,2.80,8.80
2009.03.24 14:35:49.114,1.4668,1.46685,1.00,8.80
2009.03.24 14:35:49.624,1.4668,1.46685,1.00,4.80
2009.03.24 14:35:49.794,1.46685,1.46695,1.00,14.40
2009.03.24 14:35:50.024,1.46675,1.46695,1.00,16.00
2009.03.24 14:35:50.304,1.46685,1.46695,1.00,8.80
2009.03.24 14:35:50.654,1.46685,1.467,1.00,9.60
2009.03.24 14:35:51.405,1.46685,1.467,1.00,12.00
2009.03.24 14:35:51.643,1.46675,1.46695,4.40,10.40
2009.03.24 14:35:52.043,1.46675,1.46695,2.00,10.40
2009.03.24 14:35:52.283,1.46675,1.46695,2.00,1.60
2009.03.24 14:35:52.853,1.4668,1.46695,1.00,9.60
2009.03.24 14:35:53.982,1.4667,1.4669,1.60,1.60
2009.03.24 14:35:54.163,1.4667,1.46695,1.60,1.60
2009.03.24 14:35:55.382,1.4667,1.4668,1.60,1.60
2009.03.24 14:35:56.122,1.46665,1.46675,1.60,1.60
2009.03.24 14:35:56.402,1.4666,1.46675,1.60,1.40
2009.03.24 14:35:56.742,1.46655,1.46675,1.60,1.40
2009.03.24 14:36:02.091,1.46655,1.4667,1.60,1.60
2009.03.24 14:36:04.400,1.46655,1.46665,1.60,1.60
2009.03.24 14:36:05.440,1.46655,1.4666,1.60,1.60
2009.03.24 14:36:07.010,1.46655,1.46665,1.60,6.20
2009.03.24 14:36:08.159,1.46655,1.46665,1.60,3.80
2009.03.24 14:36:08.579,1.46655,1.4666,1.60,1.40
2009.03.24 14:36:09.549,1.4665,1.4666,4.00,1.40
2009.03.24 14:36:10.579,1.4665,1.46655,4.00,1.60
2009.03.24 14:36:10.879,1.4665,1.46655,2.40,1.60
2009.03.24 14:36:11.179,1.4664,1.4666,8.40,1.60
2009.03.24 14:36:12.048,1.4664,1.4666,3.60,1.60
2009.03.24 14:36:12.398,1.4664,1.4666,2.80,1.60
2009.03.24 14:36:12.788,1.4664,1.4666,2.80,6.40
2009.03.24 14:36:13.308,1.4664,1.4666,9.20,1.60
2009.03.24 14:36:13.588,1.4664,1.46665,9.20,10.40
2009.03.24 14:36:13.818,1.4665,1.4667,1.00,4.80
2009.03.24 14:36:14.508,1.46645,1.4667,17.20,1.60
2009.03.24 14:36:19.126,1.46645,1.4667,2.80,11.20
2009.03.24 14:36:19.297,1.4664,1.46665,14.00,1.60
2009.03.24 14:36:19.477,1.4665,1.46665,1.00,5.20
2009.03.24 14:36:19.806,1.46645,1.4667,11.60,1.60
2009.03.24 14:36:20.268,1.4665,1.46675,1.00,15.60
2009.03.24 14:36:20.716,1.4665,1.46665,5.00,5.20
2009.03.24 14:36:21.006,1.4665,1.46665,1.00,5.20
2009.03.24 14:36:21.276,1.4665,1.46675,1.00,6.80
2009.03.24 14:36:22.276,1.4665,1.46665,1.00,5.20
2009.03.24 14:36:22.496,1.46645,1.4667,15.60,1.60
2009.03.24 14:36:22.746,1.46645,1.4667,11.60,1.60
2009.03.24 14:36:23.275,1.46645,1.4667,14.00,1.60
2009.03.24 14:36:23.506,1.4665,1.46675,5.20,13.20
2009.03.24 14:36:23.796,1.46645,1.4667,18.00,1.60
2009.03.24 14:36:24.145,1.4665,1.46675,3.60,15.60
2009.03.24 14:36:24.435,1.4665,1.46675,1.00,6.80
2009.03.24 14:36:25.236,1.46645,1.4667,18.00,1.60
2009.03.24 14:36:25.585,1.46645,1.4667,15.60,1.60
2009.03.24 14:36:25.765,1.46645,1.4667,11.60,1.60
2009.03.24 14:36:26.065,1.46645,1.4666,4.80,1.60
2009.03.24 14:36:26.345,1.4664,1.4666,4.40,1.60
2009.03.24 14:36:31.213,1.4664,1.4666,2.40,1.60
2009.03.24 14:36:32.243,1.4664,1.4666,2.80,1.60
2009.03.24 14:36:33.283,1.4664,1.4666,2.80,1.40
2009.03.24 14:36:33.753,1.46645,1.46665,1.00,15.00
2009.03.24 14:36:34.153,1.4664,1.46665,2.40,16.20
2009.03.24 14:36:34.453,1.46645,1.4666,5.20,2.60
2009.03.24 14:36:34.913,1.46645,1.46665,1.00,11.40
2009.03.24 14:36:35.213,1.46645,1.46665,10.00,2.60
2009.03.24 14:36:35.503,1.4665,1.46675,1.00,6.60
2009.03.24 14:36:35.854,1.46645,1.46675,15.60,6.60
2009.03.24 14:36:38.242,1.4667,1.46685,1.00,9.00
2009.03.24 14:36:38.462,1.4667,1.46685,1.00,7.40
2009.03.24 14:36:38.972,1.4667,1.46685,1.40,2.60
2009.03.24 14:36:39.322,1.4667,1.4669,1.80,7.40
2009.03.24 14:36:39.492,1.4667,1.4669,2.80,2.60
2009.03.24 14:36:39.722,1.4667,1.4669,3.60,2.60
2009.03.24 14:36:40.281,1.4667,1.46695,3.60,11.20
2009.03.24 14:36:40.502,1.4667,1.46695,3.20,11.20
2009.03.24 14:36:40.862,1.4667,1.4669,1.60,6.40
2009.03.24 14:36:41.212,1.4667,1.4669,1.60,1.60
2009.03.24 14:36:41.891,1.46665,1.4669,15.60,1.60
2009.03.24 14:36:42.131,1.46665,1.4669,13.20,1.60
2009.03.24 14:36:42.471,1.4667,1.4669,2.40,1.60
2009.03.24 14:36:42.701,1.4667,1.4669,1.60,1.60
2009.03.24 14:36:43.291,1.4667,1.4669,4.00,1.60
2009.03.24 14:36:43.471,1.4667,1.4669,1.60,1.60
2009.03.24 14:36:43.981,1.46665,1.4669,14.60,1.60
2009.03.24 14:36:44.251,1.46665,1.4669,15.00,1.60
2009.03.24 14:36:45.000,1.4667,1.46685,1.00,1.60
2009.03.24 14:36:45.461,1.4666,1.46685,2.00,6.40
2009.03.24 14:36:45.870,1.46655,1.46675,1.60,6.40
2009.03.24 14:36:46.170,1.4665,1.4667,1.60,6.40
2009.03.24 14:36:47.350,1.46665,1.4667,1.00,4.80
2009.03.24 14:36:47.979,1.46665,1.46675,1.00,4.80
2009.03.24 14:36:48.270,1.46665,1.4667,1.00,4.80
2009.03.24 14:36:48.619,1.4666,1.4667,1.00,4.80
2009.03.24 14:36:48.789,1.4666,1.46675,1.00,16.20
2009.03.24 14:36:49.010,1.4666,1.46675,1.00,11.40
2009.03.24 14:36:49.189,1.46665,1.46675,1.00,4.80
2009.03.24 14:36:50.509,1.4667,1.46685,1.00,4.80
2009.03.24 14:36:50.749,1.4667,1.4669,1.00,4.80
2009.03.24 14:36:51.389,1.4669,1.467,1.00,9.70
2009.03.24 14:36:51.629,1.46695,1.467,1.00,9.80
2009.03.24 14:36:51.908,1.46695,1.46705,1.00,6.40
2009.03.24 14:36:52.198,1.46695,1.46705,1.00,4.80
2009.03.24 14:36:53.878,1.46695,1.4671,1.60,4.20
2009.03.24 14:36:54.109,1.46695,1.4671,2.80,4.20
2009.03.24 14:36:54.448,1.46705,1.4671,1.00,4.20
2009.03.24 14:36:54.618,1.4671,1.46715,1.00,7.40
2009.03.24 14:36:55.128,1.46695,1.4671,18.00,4.20
2009.03.24 14:36:55.428,1.4671,1.46715,1.00,7.40
2009.03.24 14:36:56.058,1.4671,1.46715,1.00,5.60
2009.03.24 14:36:57.938,1.46705,1.4671,1.00,1.60
2009.03.24 14:36:57.997,1.46695,1.4671,5.20,1.60
2009.03.24 14:36:58.627,1.46695,1.4671,3.60,1.60
2009.03.24 14:36:58.748,1.46695,1.4671,3.20,1.60
2009.03.24 14:36:58.807,1.46695,1.4671,2.80,1.60
2009.03.24 14:37:00.497,1.46705,1.4671,1.00,1.60
2009.03.24 14:37:02.636,1.46685,1.46715,14.80,15.20
2009.03.24 14:37:02.996,1.4669,1.46715,7.60,10.40
2009.03.24 14:37:03.116,1.4669,1.46715,2.40,11.20
2009.03.24 14:37:03.456,1.4669,1.46715,1.20,8.80
2009.03.24 14:37:03.916,1.4669,1.46715,12.40,5.60
2009.03.24 14:37:04.306,1.46685,1.4671,14.00,1.40
2009.03.24 14:37:05.665,1.46685,1.4671,12.40,1.40
2009.03.24 14:37:06.245,1.4669,1.46715,5.20,10.40
2009.03.24 14:37:06.625,1.4669,1.46715,5.00,11.80
2009.03.24 14:37:06.915,1.46685,1.4671,14.00,1.40
2009.03.24 14:37:07.207,1.46685,1.4671,7.60,6.20
2009.03.24 14:37:07.495,1.46685,1.46705,4.80,6.20
2009.03.24 14:37:07.785,1.46685,1.46705,4.80,10.20
2009.03.24 14:37:08.225,1.46685,1.4671,5.20,3.40
2009.03.24 14:37:08.615,1.46685,1.46715,14.00,12.60
2009.03.24 14:37:09.024,1.46685,1.4671,11.60,4.80
2009.03.24 14:37:09.534,1.46685,1.46715,16.40,12.60
2009.03.24 14:37:10.804,1.46685,1.4671,16.40,1.60
2009.03.24 14:37:11.104,1.46685,1.4671,10.00,1.60
2009.03.24 14:37:11.214,1.4668,1.4671,9.20,1.60
2009.03.24 14:37:11.774,1.4668,1.4671,6.80,6.40
2009.03.24 14:37:13.233,1.4668,1.4671,6.80,1.60
2009.03.24 14:37:13.923,1.46685,1.4671,4.80,1.60
2009.03.24 14:37:14.154,1.46685,1.4671,10.00,1.60
2009.03.24 14:37:14.273,1.46685,1.4671,12.40,1.60
2009.03.24 14:37:14.543,1.46685,1.4671,16.40,1.60
2009.03.24 14:37:15.003,1.46685,1.4671,9.20,1.60
2009.03.24 14:37:15.333,1.46685,1.4671,4.80,8.00
2009.03.24 14:37:15.613,1.4668,1.4671,6.80,3.20
2009.03.24 14:37:16.183,1.4668,1.4671,6.80,8.00
2009.03.24 14:37:18.002,1.46685,1.4671,1.00,6.40
2009.03.24 14:37:18.123,1.46685,1.4671,10.00,1.60
2009.03.24 14:37:18.292,1.46685,1.4671,14.00,1.60
2009.03.24 14:37:18.412,1.46685,1.4671,16.40,1.60
2009.03.24 14:37:18.752,1.4669,1.4671,12.00,1.60
2009.03.24 14:37:19.092,1.4669,1.46715,12.40,1.60
2009.03.24 14:37:19.542,1.46685,1.467,4.80,1.60
2009.03.24 14:37:19.892,1.46675,1.467,6.80,1.60
2009.03.24 14:37:20.222,1.4668,1.46705,4.80,2.60
2009.03.24 14:37:20.521,1.46675,1.46705,6.80,12.20
2009.03.24 14:37:20.962,1.46675,1.467,6.80,1.60
2009.03.24 14:37:21.311,1.46675,1.467,5.00,6.40
2009.03.24 14:37:21.651,1.46675,1.467,1.00,8.00
2009.03.24 14:37:21.991,1.46675,1.46695,1.00,4.80
2009.03.24 14:37:22.401,1.4667,1.46695,3.60,16.20
2009.03.24 14:37:22.641,1.4667,1.46695,1.00,16.20
2009.03.24 14:37:22.991,1.4667,1.4669,1.00,4.80
2009.03.24 14:37:23.161,1.4667,1.46685,1.00,2.60
2009.03.24 14:37:24.720,1.4667,1.4669,1.00,4.80
2009.03.24 14:37:25.251,1.46675,1.4669,1.00,4.80
2009.03.24 14:37:26.270,1.4667,1.4669,2.80,4.80
2009.03.24 14:37:27.580,1.4667,1.4669,6.00,4.80
2009.03.24 14:37:27.860,1.4667,1.46695,5.20,13.00
2009.03.24 14:37:29.109,1.46675,1.46695,1.00,13.00
2009.03.24 14:37:29.779,1.46675,1.46695,1.00,8.00
2009.03.24 14:37:30.179,1.4668,1.46695,1.00,2.60
2009.03.24 14:37:31.049,1.4668,1.46695,5.20,2.60
2009.03.24 14:37:31.769,1.4668,1.46695,5.20,9.00
2009.03.24 14:37:32.169,1.4668,1.4669,5.20,2.60
2009.03.24 14:37:32.409,1.46685,1.4669,4.80,2.60
2009.03.24 14:37:34.458,1.46685,1.4669,5.20,7.40
2009.03.24 14:37:34.728,1.46685,1.4669,1.00,2.60
2009.03.24 14:37:35.248,1.46685,1.4669,5.20,2.60
2009.03.24 14:37:37.337,1.46685,1.46695,5.20,4.80
2009.03.24 14:37:37.608,1.46685,1.46695,4.80,6.40
2009.03.24 14:37:37.898,1.4668,1.4669,4.80,7.40
2009.03.24 14:37:38.287,1.46685,1.46695,1.00,7.00
2009.03.24 14:37:38.467,1.46685,1.4669,5.20,2.60
2009.03.24 14:37:38.637,1.46685,1.4669,1.00,2.60
2009.03.24 14:37:38.867,1.46685,1.46695,1.00,7.40
2009.03.24 14:37:40.327,1.46685,1.46695,1.00,4.80
2009.03.24 14:37:40.607,1.4669,1.467,1.00,12.20
2009.03.24 14:37:43.976,1.4668,1.46695,9.60,2.60
2009.03.24 14:37:44.316,1.46695,1.467,1.00,4.80
2009.03.24 14:37:44.606,1.46695,1.4671,1.20,4.80
2009.03.24 14:37:45.056,1.4669,1.4671,5.20,6.40
2009.03.24 14:37:45.336,1.4669,1.4671,1.60,2.60
2009.03.24 14:37:45.746,1.4669,1.4671,1.60,6.40
2009.03.24 14:37:48.035,1.46705,1.46715,1.00,2.60
2009.03.24 14:37:48.735,1.4671,1.46715,1.00,11.40
2009.03.24 14:37:48.965,1.467,1.4671,1.80,4.80
2009.03.24 14:37:49.245,1.4671,1.46715,1.00,4.60
2009.03.24 14:37:49.525,1.4671,1.4672,1.00,6.40
2009.03.24 14:37:49.695,1.46715,1.46725,1.00,13.80
2009.03.24 14:37:50.174,1.46705,1.46725,1.00,12.80
2009.03.24 14:37:50.685,1.46705,1.4672,1.00,2.60
2009.03.24 14:37:51.994,1.4671,1.4672,1.00,2.60
2009.03.24 14:38:00.682,1.467,1.4672,2.80,1.60
2009.03.24 14:38:02.401,1.467,1.4672,2.80,2.60
2009.03.24 14:38:02.641,1.467,1.4672,2.80,1.60
2009.03.24 14:38:04.181,1.467,1.4672,2.80,2.60
2009.03.24 14:38:04.691,1.467,1.4672,2.80,1.40
2009.03.24 14:38:05.201,1.46705,1.46725,1.00,13.80
2009.03.24 14:38:07.250,1.46705,1.46725,1.00,12.60
2009.03.24 14:38:07.430,1.467,1.4672,2.80,1.40
2009.03.24 14:38:08.630,1.467,1.4672,2.80,1.60
2009.03.24 14:38:09.030,1.467,1.4672,2.80,1.40
2009.03.24 14:38:11.249,1.46705,1.46725,1.00,12.80
2009.03.24 14:38:11.539,1.46715,1.46725,1.00,12.20
2009.03.24 14:38:11.999,1.4671,1.46725,1.00,12.20
2009.03.24 14:38:13.419,1.46715,1.46725,1.00,12.20
2009.03.24 14:38:13.709,1.46715,1.46725,1.00,4.80
2009.03.24 14:38:14.039,1.46715,1.46725,1.00,9.60
2009.03.24 14:38:14.459,1.46715,1.46725,1.00,7.40
2009.03.24 14:38:14.688,1.46715,1.4673,1.00,13.80
2009.03.24 14:38:14.919,1.4671,1.4673,2.80,13.80
2009.03.24 14:38:17.528,1.46725,1.4673,1.00,4.80
2009.03.24 14:38:17.808,1.46725,1.46735,1.00,5.60
2009.03.24 14:38:17.978,1.46725,1.46735,5.20,1.60
2009.03.24 14:38:18.278,1.46745,1.46755,1.00,12.60
2009.03.24 14:38:18.748,1.4674,1.4676,1.60,7.20
2009.03.24 14:38:18.918,1.4674,1.4676,2.00,4.80
2009.03.24 14:38:19.097,1.4674,1.4677,6.80,6.40
2009.03.24 14:38:19.517,1.4674,1.4677,4.80,8.00
2009.03.24 14:38:19.757,1.46745,1.46765,7.60,1.60
2009.03.24 14:38:20.038,1.4675,1.46765,1.40,6.40
2009.03.24 14:38:20.457,1.4675,1.4676,1.40,1.40
2009.03.24 14:38:20.687,1.46735,1.4676,16.80,1.40
2009.03.24 14:38:20.977,1.4675,1.46765,1.40,1.40
2009.03.24 14:38:21.207,1.4674,1.46765,4.80,6.20
2009.03.24 14:38:21.447,1.4675,1.4676,1.40,1.40
2009.03.24 14:38:22.657,1.46735,1.4676,13.20,1.40
2009.03.24 14:38:22.876,1.4674,1.46765,1.60,10.20
2009.03.24 14:38:23.046,1.4674,1.46765,6.40,4.60
2009.03.24 14:38:23.218,1.4674,1.46765,6.40,1.40
2009.03.24 14:38:23.726,1.46745,1.4677,1.00,5.20
2009.03.24 14:38:26.336,1.4675,1.46775,1.00,6.40
2009.03.24 14:38:28.735,1.46745,1.46775,5.20,7.80
2009.03.24 14:38:29.065,1.46745,1.4677,4.80,3.20
2009.03.24 14:38:29.415,1.4674,1.46765,4.80,1.00
2009.03.24 14:38:29.815,1.46735,1.46765,6.40,5.60
2009.03.24 14:38:30.215,1.46735,1.46765,4.80,7.20
2009.03.24 14:38:30.615,1.46735,1.4676,4.80,1.60
2009.03.24 14:38:30.885,1.4673,1.4676,7.60,8.00
2009.03.24 14:38:31.185,1.4674,1.4676,1.00,4.80
2009.03.24 14:38:31.534,1.46745,1.46765,1.00,10.40
2009.03.24 14:38:31.994,1.46745,1.46765,1.00,4.80
2009.03.24 14:38:32.404,1.4675,1.46775,1.00,6.40
2009.03.24 14:38:32.884,1.4675,1.46775,1.20,6.40
2009.03.24 14:38:33.154,1.4675,1.46775,1.00,6.40
2009.03.24 14:38:34.094,1.4676,1.46775,1.00,6.40
2009.03.24 14:38:34.444,1.46755,1.46775,1.00,6.40
2009.03.24 14:38:35.774,1.4676,1.46775,1.00,6.40
2009.03.24 14:38:36.333,1.4676,1.4678,1.00,6.40
2009.03.24 14:38:37.543,1.4676,1.46785,1.00,6.40
2009.03.24 14:38:38.103,1.4676,1.4678,1.00,10.80
2009.03.24 14:38:38.723,1.46765,1.4678,1.00,9.60
2009.03.24 14:38:38.962,1.46765,1.46775,1.00,4.80
2009.03.24 14:38:39.602,1.46765,1.46775,1.00,8.80
2009.03.24 14:38:41.332,1.46765,1.46775,1.00,5.60
2009.03.24 14:38:41.542,1.46765,1.4678,1.00,11.20
2009.03.24 14:38:43.161,1.4677,1.4678,1.00,4.80
2009.03.24 14:38:43.391,1.4677,1.46785,1.00,16.20
2009.03.24 14:38:43.662,1.4677,1.4678,1.00,4.80
2009.03.24 14:38:44.131,1.4677,1.46785,1.00,16.20
2009.03.24 14:38:44.702,1.46765,1.46785,1.00,12.20
2009.03.24 14:38:45.151,1.4677,1.46785,1.00,2.60
2009.03.24 14:38:45.491,1.4677,1.4679,1.00,2.60
2009.03.24 14:38:45.841,1.4677,1.46795,2.00,6.40
2009.03.24 14:38:46.071,1.4677,1.46795,6.80,1.60
2009.03.24 14:38:46.481,1.4677,1.46795,5.20,1.60
2009.03.24 14:38:46.601,1.4677,1.46795,3.60,1.60
2009.03.24 14:38:47.121,1.4678,1.468,1.00,4.10
2009.03.24 14:38:47.880,1.46775,1.468,1.00,4.56
2009.03.24 14:38:48.220,1.4678,1.468,1.00,4.75
2009.03.24 14:38:49.090,1.4678,1.468,1.00,3.10
2009.03.24 14:38:49.370,1.4678,1.468,1.00,0.10
2009.03.24 14:38:49.840,1.4678,1.468,1.00,3.10
2009.03.24 14:38:55.978,1.46785,1.468,2.80,0.10
2009.03.24 14:38:56.279,1.4679,1.468,1.00,0.10
2009.03.24 14:38:56.448,1.46785,1.468,2.80,0.10
2009.03.24 14:38:56.748,1.4679,1.468,1.00,0.10
2009.03.24 14:38:58.898,1.4679,1.468,2.80,0.10
2009.03.24 14:39:00.117,1.46785,1.468,8.20,1.75
2009.03.24 14:39:00.408,1.46785,1.468,1.20,1.75
2009.03.24 14:39:00.707,1.46785,1.468,1.00,0.10
2009.03.24 14:39:00.997,1.4678,1.468,12.40,0.10
2009.03.24 14:39:01.297,1.46785,1.468,1.00,0.10
2009.03.24 14:39:01.637,1.46785,1.468,1.00,3.10
2009.03.24 14:39:02.047,1.46785,1.468,1.00,0.10
2009.03.24 14:39:02.267,1.4678,1.468,2.80,0.10
2009.03.24 14:39:02.547,1.46785,1.468,1.00,0.10
2009.03.24 14:39:02.897,1.46785,1.46795,1.00,2.60
2009.03.24 14:39:04.636,1.4678,1.46795,2.80,2.60
2009.03.24 14:39:05.686,1.4678,1.46795,2.80,7.40
2009.03.24 14:39:06.076,1.4678,1.46795,2.80,12.20
2009.03.24 14:39:06.236,1.4678,1.46785,2.80,2.60
2009.03.24 14:39:06.576,1.4678,1.4679,2.80,7.40
2009.03.24 14:39:06.796,1.4678,1.4679,2.80,2.60
2009.03.24 14:39:07.266,1.4678,1.4679,2.80,7.40
2009.03.24 14:39:08.186,1.4678,1.4679,1.00,7.40
2009.03.24 14:39:09.035,1.4678,1.4679,1.00,4.80
2009.03.24 14:39:12.554,1.46775,1.4678,1.00,4.80
2009.03.24 14:39:12.875,1.4676,1.4678,5.20,8.80
2009.03.24 14:39:13.094,1.4677,1.4678,1.00,4.80
2009.03.24 14:39:13.274,1.4677,1.4679,1.00,11.20
2009.03.24 14:39:13.904,1.4677,1.4679,1.00,6.40
2009.03.24 14:39:14.064,1.46775,1.4679,1.00,4.80
2009.03.24 14:39:14.354,1.4677,1.4679,1.00,11.20
2009.03.24 14:39:15.954,1.4677,1.4679,2.80,11.20
2009.03.24 14:39:16.644,1.46775,1.4679,1.00,11.00
2009.03.24 14:39:17.163,1.46775,1.46785,1.00,7.40
2009.03.24 14:39:17.615,1.46775,1.46785,1.00,11.40
2009.03.24 14:39:17.723,1.46775,1.46785,1.00,2.60
2009.03.24 14:39:20.383,1.46775,1.46785,1.00,8.80
2009.03.24 14:39:20.612,1.46775,1.46785,1.00,4.80
2009.03.24 14:39:20.832,1.46775,1.4679,1.00,12.60
2009.03.24 14:39:21.412,1.46775,1.46785,1.00,4.80
2009.03.24 14:39:21.632,1.46775,1.46785,1.00,13.60
2009.03.24 14:39:22.132,1.4677,1.46785,2.80,13.60
2009.03.24 14:39:23.172,1.4677,1.46785,2.80,8.80
2009.03.24 14:39:23.732,1.4677,1.46785,2.80,15.20
2009.03.24 14:39:23.912,1.4676,1.46775,4.80,5.60
2009.03.24 14:39:24.252,1.46765,1.4678,1.00,4.80
2009.03.24 14:39:25.002,1.46775,1.46785,1.00,13.60
2009.03.24 14:39:25.361,1.46775,1.46785,1.00,9.60
2009.03.24 14:39:25.583,1.46775,1.46785,1.00,12.20
2009.03.24 14:39:25.991,1.46775,1.46785,1.00,7.40
2009.03.24 14:39:26.411,1.46775,1.46785,1.00,12.20
2009.03.24 14:39:28.321,1.4677,1.46785,2.80,12.20
2009.03.24 14:39:28.661,1.4677,1.46785,2.80,7.40
2009.03.24 14:39:28.941,1.4677,1.46785,2.80,13.80
2009.03.24 14:39:30.140,1.4677,1.4678,2.80,1.60
2009.03.24 14:39:30.370,1.4676,1.4678,1.20,3.20
2009.03.24 14:39:30.710,1.4676,1.4678,2.80,8.00
2009.03.24 14:39:30.870,1.4676,1.4678,1.20,8.00
2009.03.24 14:39:31.330,1.4676,1.4678,1.20,12.80
2009.03.24 14:39:32.070,1.46745,1.46755,1.00,2.60
2009.03.24 14:39:32.420,1.4674,1.4676,5.20,4.20
2009.03.24 14:39:32.650,1.4674,1.4676,5.00,4.20
2009.03.24 14:39:32.820,1.4674,1.46755,3.60,1.60
2009.03.24 14:39:33.160,1.4674,1.46755,3.60,4.80
2009.03.24 14:39:33.500,1.4674,1.46755,5.20,9.60
2009.03.24 14:39:33.719,1.46745,1.4675,1.00,1.00
2009.03.24 14:39:33.949,1.46745,1.4676,1.00,1.60
2009.03.24 14:39:34.629,1.46745,1.46765,1.00,12.00
2009.03.24 14:39:35.109,1.46745,1.46765,5.60,1.60
2009.03.24 14:39:35.329,1.4676,1.46775,1.00,1.60
2009.03.24 14:39:38.008,1.46755,1.46775,8.80,1.60
2009.03.24 14:39:39.298,1.46755,1.4678,9.20,3.20
2009.03.24 14:39:39.638,1.46755,1.4678,10.00,3.20
2009.03.24 14:39:39.808,1.46755,1.4678,10.20,3.20
2009.03.24 14:39:40.148,1.46755,1.4678,12.40,1.60
2009.03.24 14:39:40.837,1.46755,1.4678,17.40,1.60
2009.03.24 14:39:41.417,1.4676,1.46785,2.60,8.00
2009.03.24 14:39:41.748,1.4676,1.46785,5.20,3.20
2009.03.24 14:39:42.107,1.4676,1.4678,5.20,1.60
2009.03.24 14:39:42.507,1.4676,1.46785,5.20,3.20
2009.03.24 14:39:45.276,1.4676,1.46785,1.20,8.00
2009.03.24 14:39:45.597,1.4677,1.46785,2.40,11.20
2009.03.24 14:39:45.937,1.4677,1.46785,2.60,4.80
2009.03.24 14:39:46.286,1.4677,1.4679,2.80,1.60
2009.03.24 14:39:50.365,1.46765,1.46785,6.80,2.20
2009.03.24 14:39:50.645,1.46765,1.46785,6.80,1.40
2009.03.24 14:39:50.945,1.4677,1.4679,1.20,3.00
2009.03.24 14:39:52.155,1.4677,1.4679,1.20,4.20
2009.03.24 14:39:54.204,1.4677,1.4679,1.00,4.20
2009.03.24 14:39:54.484,1.46765,1.4677,13.60,2.60
2009.03.24 14:39:54.764,1.4676,1.4677,1.00,9.80
2009.03.24 14:39:55.064,1.4676,1.4677,1.00,2.60
2009.03.24 14:39:55.804,1.46775,1.4678,1.00,4.20
2009.03.24 14:39:56.754,1.46775,1.4678,1.00,1.60
2009.03.24 14:39:58.033,1.46775,1.46785,1.00,13.80
2009.03.24 14:39:58.265,1.46775,1.46785,1.00,6.40
2009.03.24 14:39:58.603,1.4677,1.4679,2.80,8.00
2009.03.24 14:39:59.533,1.4677,1.4679,1.00,8.00
2009.03.24 14:40:00.763,1.4677,1.4679,1.00,8.00
2009.03.24 14:40:01.043,1.4677,1.4679,1.00,8.00
2009.03.24 14:40:01.283,1.4677,1.4679,1.00,8.00
2009.03.24 14:40:01.812,1.4677,1.4679,1.00,8.00
2009.03.24 14:40:02.092,1.46765,1.46785,4.80,1.60
2009.03.24 14:40:02.272,1.4676,1.46785,14.80,1.60
2009.03.24 14:40:02.613,1.4676,1.46785,12.40,1.60
2009.03.24 14:40:02.842,1.4676,1.4678,4.80,1.60
2009.03.24 14:40:03.113,1.46755,1.46775,4.80,1.60
2009.03.24 14:40:03.472,1.4675,1.46775,4.80,3.20
2009.03.24 14:40:04.172,1.4675,1.46775,5.20,1.60
2009.03.24 14:40:04.522,1.4675,1.46775,4.80,3.20
2009.03.24 14:40:05.801,1.4675,1.46775,4.80,1.60
2009.03.24 14:40:06.132,1.46755,1.46775,5.80,1.60
2009.03.24 14:40:06.491,1.46755,1.46775,17.20,1.60
2009.03.24 14:40:06.781,1.46755,1.46775,18.20,1.60
2009.03.24 14:40:06.841,1.46755,1.46775,20.40,1.60
2009.03.24 14:40:07.451,1.46755,1.46775,20.20,1.60
2009.03.24 14:40:07.741,1.46755,1.46775,20.00,1.60
2009.03.24 14:40:07.961,1.46755,1.46775,20.20,1.60
2009.03.24 14:40:08.372,1.46755,1.4676,16.00,1.60
2009.03.24 14:40:08.661,1.46755,1.46775,9.20,1.60
2009.03.24 14:40:09.001,1.4675,1.46775,1.00,1.60
2009.03.24 14:40:09.351,1.46745,1.46775,5.20,10.20
2009.03.24 14:40:09.621,1.46745,1.4677,1.00,4.80
2009.03.24 14:40:09.921,1.46745,1.46775,5.20,10.20
2009.03.24 14:40:10.311,1.46745,1.46775,7.60,10.20
2009.03.24 14:40:10.841,1.4675,1.4677,5.20,1.00
2009.03.24 14:40:11.130,1.46755,1.4678,17.20,3.00
2009.03.24 14:40:11.450,1.4678,1.46785,1.00,3.00
2009.03.24 14:40:11.900,1.4678,1.4679,2.40,7.80
2009.03.24 14:40:12.250,1.4678,1.4679,2.80,2.60
2009.03.24 14:40:12.600,1.4678,1.468,2.80,11.84
2009.03.24 14:40:13.070,1.4678,1.468,2.80,10.84
2009.03.24 14:40:14.050,1.4678,1.4679,1.20,8.80
2009.03.24 14:40:14.289,1.46775,1.46785,2.60,1.60
2009.03.24 14:40:14.399,1.46765,1.46785,2.80,1.60
2009.03.24 14:40:14.810,1.4677,1.46785,7.20,1.60
2009.03.24 14:40:15.039,1.4677,1.46785,2.80,3.20
2009.03.24 14:40:15.449,1.4677,1.4679,1.00,2.60
2009.03.24 14:40:15.789,1.4677,1.46785,1.00,1.60
2009.03.24 14:40:16.129,1.4677,1.4679,1.00,8.00
2009.03.24 14:40:16.359,1.4677,1.4678,1.00,1.00
2009.03.24 14:40:17.099,1.4677,1.46785,1.00,1.60
2009.03.24 14:40:17.389,1.4677,1.4679,1.00,8.00
2009.03.24 14:40:18.228,1.4677,1.4679,1.00,3.20
2009.03.24 14:40:18.998,1.4676,1.4677,1.40,4.80
2009.03.24 14:40:19.518,1.4677,1.46785,1.00,2.60
2009.03.24 14:40:19.868,1.46755,1.46785,5.20,1.60
2009.03.24 14:40:20.218,1.4676,1.46785,5.20,1.60
2009.03.24 14:40:20.728,1.46765,1.46785,1.00,1.60
2009.03.24 14:40:21.548,1.46765,1.4679,10.00,3.20
2009.03.24 14:40:21.828,1.46775,1.46795,1.00,6.40
2009.03.24 14:40:22.118,1.46775,1.4678,3.60,16.00
2009.03.24 14:40:22.348,1.4677,1.46775,4.80,6.40
2009.03.24 14:40:22.697,1.46785,1.4679,1.00,16.60
2009.03.24 14:40:23.087,1.46785,1.468,1.00,15.06
2009.03.24 14:40:23.438,1.4679,1.468,1.00,17.61
2009.03.24 14:40:23.777,1.46785,1.4679,3.20,6.40
2009.03.24 14:40:24.047,1.4678,1.4679,1.00,6.40
2009.03.24 14:40:24.287,1.4678,1.4679,2.00,3.80
2009.03.24 14:40:24.907,1.4678,1.468,4.40,0.10
2009.03.24 14:40:25.317,1.46785,1.468,11.40,0.10
2009.03.24 14:40:25.647,1.46785,1.468,5.00,0.10
2009.03.24 14:40:25.997,1.4678,1.468,2.00,3.10
2009.03.24 14:40:26.697,1.46785,1.468,4.80,0.10
2009.03.24 14:40:26.986,1.4678,1.468,2.00,3.10
2009.03.24 14:40:27.217,1.46785,1.468,4.80,0.10
2009.03.24 14:40:27.566,1.4679,1.468,1.60,0.10
2009.03.24 14:40:27.866,1.4679,1.468,2.00,0.10
2009.03.24 14:40:28.326,1.4679,1.468,6.80,0.10
2009.03.24 14:40:29.076,1.46795,1.468,13.20,0.10
2009.03.24 14:40:29.306,1.46795,1.468,7.00,0.10
2009.03.24 14:40:29.546,1.4679,1.468,4.40,0.10
2009.03.24 14:40:31.336,1.4679,1.468,1.00,0.10
2009.03.24 14:40:31.575,1.4679,1.468,2.80,0.10
2009.03.24 14:40:32.105,1.4679,1.468,4.40,0.10
2009.03.24 14:40:35.225,1.46795,1.468,4.80,0.10
2009.03.24 14:40:35.454,1.46795,1.468,4.40,0.10
2009.03.24 14:40:35.854,1.46795,1.468,4.80,0.10
2009.03.24 14:40:37.174,1.46795,1.468,6.40,0.10
2009.03.24 14:40:38.554,1.4679,1.468,8.80,0.10
2009.03.24 14:40:39.004,1.4679,1.468,7.20,0.10
2009.03.24 14:40:39.114,1.46785,1.468,8.80,0.10
2009.03.24 14:40:39.353,1.46785,1.468,6.80,0.10
2009.03.24 14:40:39.474,1.46785,1.468,6.40,0.10
2009.03.24 14:40:39.773,1.46785,1.468,1.60,0.10
2009.03.24 14:40:40.683,1.46785,1.468,14.00,0.10
2009.03.24 14:40:41.033,1.46785,1.468,18.00,0.10
2009.03.24 14:40:42.113,1.46785,1.468,15.60,0.10
2009.03.24 14:40:42.463,1.46785,1.468,10.40,0.10
2009.03.24 14:40:42.903,1.46785,1.468,14.00,0.10
2009.03.24 14:40:43.363,1.4679,1.468,6.80,0.10
2009.03.24 14:40:43.702,1.4679,1.468,14.00,0.10
2009.03.24 14:40:45.872,1.4679,1.468,14.80,0.10
2009.03.24 14:40:49.491,1.46795,1.468,5.40,0.10
2009.03.24 14:40:49.661,1.46795,1.468,7.50,0.10
2009.03.24 14:40:49.941,1.46795,1.468,12.30,0.10
2009.03.24 14:40:50.122,1.46805,1.46825,1.20,1.70
2009.03.24 14:40:50.301,1.46805,1.46825,2.80,1.00
2009.03.24 14:40:50.631,1.4681,1.46825,7.20,1.60
2009.03.24 14:40:51.021,1.46815,1.46825,10.40,1.60
2009.03.24 14:40:51.371,1.4681,1.46825,6.40,1.60
2009.03.24 14:40:51.711,1.46815,1.4683,5.60,1.60
2009.03.24 14:40:52.001,1.4682,1.4683,4.80,1.60
2009.03.24 14:40:54.660,1.4682,1.4684,4.80,1.60
2009.03.24 14:40:55.300,1.4682,1.46835,4.80,1.60
2009.03.24 14:40:55.650,1.4682,1.4684,4.80,1.60
2009.03.24 14:40:57.409,1.46815,1.4684,10.80,1.60
2009.03.24 14:40:57.699,1.46815,1.46835,9.20,1.40
2009.03.24 14:40:57.869,1.4681,1.46835,6.40,1.40
2009.03.24 14:40:58.399,1.4681,1.4684,6.80,6.20
2009.03.24 14:40:58.979,1.4681,1.4683,6.40,1.40
2009.03.24 14:41:00.578,1.46815,1.4684,9.60,1.40
2009.03.24 14:41:01.089,1.46815,1.4684,18.20,1.40
2009.03.24 14:41:01.488,1.46815,1.4684,18.00,1.40
2009.03.24 14:41:03.737,1.46815,1.46845,18.00,11.20
2009.03.24 14:41:03.798,1.4682,1.46845,1.00,11.20
2009.03.24 14:41:04.597,1.46815,1.46845,18.20,10.80
2009.03.24 14:41:04.877,1.46825,1.46845,1.00,9.60
2009.03.24 14:41:05.667,1.4683,1.4685,1.00,10.80
2009.03.24 14:41:06.209,1.46835,1.4685,1.00,9.60
2009.03.24 14:41:06.437,1.46835,1.4685,1.00,4.80
2009.03.24 14:41:06.777,1.46835,1.46855,1.00,12.40
2009.03.24 14:41:07.726,1.46835,1.46855,1.00,12.60
2009.03.24 14:41:11.106,1.46845,1.46855,1.00,4.80
2009.03.24 14:41:11.446,1.46845,1.4686,1.00,9.60
2009.03.24 14:41:11.736,1.4684,1.4686,1.00,10.20
2009.03.24 14:41:12.078,1.4684,1.4686,1.00,5.40
2009.03.24 14:41:12.245,1.4684,1.4686,1.00,10.20
2009.03.24 14:41:12.296,1.4684,1.4686,1.00,5.60
2009.03.24 14:41:12.786,1.4684,1.4686,2.80,1.00
2009.03.24 14:41:13.555,1.46855,1.46865,1.00,9.60
2009.03.24 14:41:13.905,1.4684,1.46865,7.60,6.40
2009.03.24 14:41:14.175,1.4684,1.46865,12.40,1.60
2009.03.24 14:41:18.864,1.46845,1.46865,1.00,1.00
2009.03.24 14:41:19.334,1.4684,1.46865,12.40,1.00
2009.03.24 14:41:20.334,1.4684,1.46865,12.40,1.60
2009.03.24 14:41:21.533,1.4684,1.4686,5.20,1.60
2009.03.24 14:41:21.823,1.4684,1.4686,1.00,4.80
2009.03.24 14:41:22.123,1.4684,1.46865,1.00,8.00
2009.03.24 14:41:22.523,1.4685,1.46865,1.00,4.80
2009.03.24 14:41:22.863,1.4685,1.46875,1.00,6.40
2009.03.24 14:41:23.193,1.4685,1.46875,1.00,6.40
2009.03.24 14:41:23.583,1.4685,1.46875,1.00,1.60
2009.03.24 14:41:23.932,1.46855,1.4688,1.00,6.40
2009.03.24 14:41:24.223,1.4686,1.46885,1.00,6.40
2009.03.24 14:41:24.452,1.46865,1.4689,4.80,8.00
2009.03.24 14:41:24.802,1.46865,1.46895,14.80,12.80
2009.03.24 14:41:25.242,1.46865,1.46895,17.40,12.80
2009.03.24 14:41:28.421,1.4689,1.46905,7.20,13.60
2009.03.24 14:41:28.711,1.46895,1.4691,1.00,4.80
2009.03.24 14:41:29.171,1.46885,1.4691,5.20,5.60
2009.03.24 14:41:29.461,1.4688,1.469,4.40,1.00
2009.03.24 14:41:29.801,1.4689,1.469,4.80,1.00
2009.03.24 14:41:30.081,1.469,1.4691,1.00,1.60
2009.03.24 14:41:30.421,1.46905,1.46915,1.00,12.00
2009.03.24 14:41:30.771,1.46895,1.46915,1.00,8.80
2009.03.24 14:41:31.131,1.469,1.46915,1.00,4.80
2009.03.24 14:41:31.521,1.469,1.46905,1.00,4.80
2009.03.24 14:41:32.621,1.469,1.4691,1.00,4.80
2009.03.24 14:41:33.041,1.46895,1.46915,1.00,4.80
2009.03.24 14:41:33.820,1.4689,1.46915,7.60,6.20
2009.03.24 14:41:34.400,1.4689,1.46915,7.60,6.20
2009.03.24 14:41:34.810,1.4689,1.46915,12.40,2.20
2009.03.24 14:41:35.290,1.4689,1.46915,12.40,1.40
2009.03.24 14:41:35.810,1.4689,1.46915,7.60,1.40
2009.03.24 14:41:38.009,1.46895,1.4692,4.80,4.80
2009.03.24 14:41:38.369,1.469,1.4692,2.80,1.60
2009.03.24 14:41:38.709,1.46895,1.4691,13.60,1.40
2009.03.24 14:41:39.009,1.46895,1.4691,4.80,1.40
2009.03.24 14:41:39.339,1.46885,1.4691,6.80,3.00
2009.03.24 14:41:39.619,1.46885,1.469,1.00,1.00
2009.03.24 14:41:40.089,1.4688,1.469,4.80,1.60
2009.03.24 14:41:40.429,1.46875,1.469,5.20,1.60
2009.03.24 14:41:41.109,1.46885,1.469,1.00,6.40
2009.03.24 14:41:41.448,1.4688,1.469,5.20,4.80
2009.03.24 14:41:41.789,1.46885,1.469,1.00,4.80
2009.03.24 14:41:42.178,1.46885,1.46895,5.20,4.80
2009.03.24 14:41:42.630,1.4689,1.46895,1.00,4.80
2009.03.24 14:41:43.098,1.4689,1.4691,1.00,6.40
2009.03.24 14:41:43.398,1.4689,1.4691,1.00,1.60
2009.03.24 14:41:43.908,1.46885,1.4691,9.20,3.20
2009.03.24 14:41:46.607,1.46905,1.4691,1.00,3.20
2009.03.24 14:41:46.847,1.46905,1.4691,1.00,1.60
2009.03.24 14:41:47.518,1.4691,1.46915,1.00,8.00
2009.03.24 14:41:48.297,1.4691,1.46915,1.00,3.20
2009.03.24 14:41:48.577,1.4691,1.46915,1.00,1.60
2009.03.24 14:41:49.156,1.46895,1.46905,1.00,10.80
2009.03.24 14:41:49.496,1.469,1.46905,1.00,8.80
2009.03.24 14:41:49.766,1.46895,1.469,1.00,4.80
2009.03.24 14:41:50.476,1.4689,1.46905,1.00,1.60
2009.03.24 14:41:51.316,1.4689,1.46905,1.00,10.40
2009.03.24 14:41:51.716,1.4689,1.469,1.00,4.80
2009.03.24 14:41:52.066,1.4689,1.46905,1.00,4.80
2009.03.24 14:41:52.406,1.469,1.46905,1.00,4.80
2009.03.24 14:41:53.096,1.469,1.46915,1.00,6.40
2009.03.24 14:41:55.165,1.469,1.46915,1.00,11.20
2009.03.24 14:41:55.495,1.469,1.46905,1.00,10.60
2009.03.24 14:41:55.945,1.469,1.46915,1.00,11.40
2009.03.24 14:41:56.465,1.469,1.46915,1.00,6.40
2009.03.24 14:41:57.775,1.469,1.46915,1.00,3.20
2009.03.24 14:41:58.294,1.469,1.46915,1.00,8.00
2009.03.24 14:41:58.594,1.469,1.46915,1.00,3.20
2009.03.24 14:41:58.894,1.469,1.46915,1.00,12.00
2009.03.24 14:41:59.574,1.46895,1.46915,1.00,8.80
2009.03.24 14:41:59.964,1.46895,1.46915,1.00,9.00
2009.03.24 14:42:00.884,1.4689,1.46905,2.80,5.60
2009.03.24 14:42:01.114,1.4689,1.46905,5.20,6.60
2009.03.24 14:42:01.524,1.46895,1.46905,5.20,2.60
2009.03.24 14:42:01.864,1.469,1.46905,1.00,1.60
2009.03.24 14:42:02.223,1.469,1.46905,1.00,5.60
2009.03.24 14:42:02.743,1.469,1.4691,1.00,4.20
2009.03.24 14:42:03.283,1.46895,1.46905,7.40,2.60
2009.03.24 14:42:03.623,1.46895,1.469,5.20,2.60
2009.03.24 14:42:03.943,1.46895,1.4691,5.20,2.60
2009.03.24 14:42:05.133,1.46895,1.46915,5.00,2.60
2009.03.24 14:42:05.523,1.469,1.46915,5.20,2.60
2009.03.24 14:42:05.872,1.469,1.46915,1.80,2.60
2009.03.24 14:42:06.152,1.469,1.4692,1.00,4.20
2009.03.24 14:42:06.552,1.4691,1.4692,1.00,4.20
2009.03.24 14:42:07.012,1.46895,1.4692,6.00,4.20
2009.03.24 14:42:07.473,1.469,1.4692,1.00,4.20
2009.03.24 14:42:07.832,1.46895,1.46915,5.40,1.60
2009.03.24 14:42:08.642,1.46895,1.46915,1.00,1.60
2009.03.24 14:42:08.692,1.4689,1.46915,12.40,1.60
2009.03.24 14:42:09.331,1.4689,1.46915,7.60,1.60
2009.03.24 14:42:09.552,1.4689,1.469,2.80,1.00
2009.03.24 14:42:09.852,1.4689,1.4691,2.80,1.60
2009.03.24 14:42:10.921,1.4689,1.4691,7.60,2.60
2009.03.24 14:42:11.311,1.4689,1.46915,7.60,8.00
2009.03.24 14:42:11.541,1.4689,1.46915,7.60,3.20
2009.03.24 14:42:12.061,1.4689,1.46905,7.20,4.80
2009.03.24 14:42:12.461,1.4689,1.469,1.00,4.80
2009.03.24 14:42:12.861,1.4689,1.46905,1.20,5.60
2009.03.24 14:42:13.041,1.46885,1.46895,1.00,2.60
2009.03.24 14:42:13.331,1.46885,1.46895,5.00,2.60
2009.03.24 14:42:13.741,1.4689,1.469,1.00,2.60
2009.03.24 14:42:14.660,1.46885,1.4691,5.20,3.20
2009.03.24 14:42:14.830,1.4689,1.4691,1.00,1.60
2009.03.24 14:42:17.180,1.46885,1.4691,14.00,3.20
2009.03.24 14:42:17.810,1.46885,1.4691,9.20,3.20
2009.03.24 14:42:18.189,1.46885,1.46905,8.00,1.60
2009.03.24 14:42:18.579,1.4689,1.46905,1.00,1.60
2009.03.24 14:42:19.449,1.4689,1.4691,1.00,4.20
2009.03.24 14:42:19.789,1.46885,1.4691,6.00,4.20
2009.03.24 14:42:20.009,1.46885,1.4691,5.20,9.00
2009.03.24 14:42:20.249,1.4689,1.46905,1.00,1.60
2009.03.24 14:42:20.589,1.4688,1.46905,12.40,1.60
2009.03.24 14:42:20.999,1.4688,1.46905,13.20,1.60
2009.03.24 14:42:21.569,1.4688,1.46905,8.40,1.60
2009.03.24 14:42:21.959,1.46885,1.469,1.20,2.60
2009.03.24 14:42:22.290,1.4688,1.4689,2.40,1.60
2009.03.24 14:42:22.748,1.4688,1.46885,4.80,4.40
2009.03.24 14:42:23.259,1.4686,1.4688,1.00,1.60
2009.03.24 14:42:23.478,1.46855,1.4688,6.00,3.20
2009.03.24 14:42:23.718,1.4687,1.4688,1.40,1.60
2009.03.24 14:42:24.008,1.4688,1.46885,1.00,2.60
2009.03.24 14:42:24.238,1.4689,1.46895,1.00,3.20
2009.03.24 14:42:25.038,1.4689,1.46895,1.00,8.00
2009.03.24 14:42:25.268,1.4688,1.46895,5.00,3.20
2009.03.24 14:42:25.898,1.4688,1.4689,5.00,4.00
2009.03.24 14:42:26.237,1.4689,1.46895,1.00,5.80
2009.03.24 14:42:26.527,1.46875,1.46895,4.80,4.20
2009.03.24 14:42:26.817,1.4687,1.4689,4.80,3.20
2009.03.24 14:42:27.167,1.4687,1.46885,4.80,1.60
2009.03.24 14:42:27.577,1.46865,1.4687,5.20,2.60
2009.03.24 14:42:27.927,1.4687,1.46875,4.80,1.60
2009.03.24 14:42:28.438,1.46865,1.46875,1.00,3.20
2009.03.24 14:42:28.717,1.46865,1.46875,1.00,1.60
2009.03.24 14:42:28.947,1.4686,1.4688,4.80,3.20
2009.03.24 14:42:29.227,1.4686,1.46885,5.20,1.60
2009.03.24 14:42:29.407,1.4686,1.46885,5.80,1.60
2009.03.24 14:42:30.047,1.46865,1.4688,4.40,1.60
2009.03.24 14:42:30.567,1.46855,1.4688,7.60,1.60
2009.03.24 14:42:30.806,1.46865,1.4688,4.80,1.60
2009.03.24 14:42:31.096,1.4686,1.4688,4.80,1.60
2009.03.24 14:42:31.436,1.4686,1.4688,4.80,3.20
2009.03.24 14:42:31.896,1.4686,1.46865,1.00,1.60
2009.03.24 14:42:32.756,1.4685,1.46865,4.80,1.60
2009.03.24 14:42:33.036,1.46855,1.4687,1.00,9.80
2009.03.24 14:42:33.446,1.46845,1.46865,5.60,1.60
2009.03.24 14:42:33.726,1.46845,1.46865,5.40,1.60
2009.03.24 14:42:34.616,1.4685,1.46865,1.00,5.60
2009.03.24 14:42:34.786,1.4686,1.46865,1.00,1.60
2009.03.24 14:42:36.965,1.4685,1.46865,1.00,1.60
2009.03.24 14:42:37.245,1.4685,1.4686,1.00,1.60
2009.03.24 14:42:38.824,1.46835,1.4686,14.40,1.60
2009.03.24 14:42:39.464,1.46835,1.4686,9.60,1.60
2009.03.24 14:42:39.634,1.46835,1.4686,7.20,1.60
2009.03.24 14:42:39.805,1.46835,1.46855,1.80,1.60
2009.03.24 14:42:39.985,1.46835,1.4686,1.80,6.40
2009.03.24 14:42:40.274,1.4684,1.46855,1.00,1.60
2009.03.24 14:42:40.384,1.4684,1.46855,1.00,5.60
2009.03.24 14:42:40.764,1.4684,1.4685,1.00,2.60
2009.03.24 14:42:41.114,1.4685,1.4686,1.00,8.60
2009.03.24 14:42:41.854,1.4685,1.46855,1.00,2.60
2009.03.24 14:42:42.024,1.4685,1.4686,1.00,1.60
2009.03.24 14:42:43.273,1.4686,1.46865,1.00,4.00
2009.03.24 14:42:45.553,1.4685,1.46865,1.00,7.40
2009.03.24 14:42:46.473,1.4685,1.46865,1.00,7.40
2009.03.24 14:42:46.822,1.4685,1.46865,1.00,2.60
2009.03.24 14:42:47.183,1.4685,1.46865,3.60,2.60
2009.03.24 14:42:47.582,1.4686,1.46865,1.00,2.60
2009.03.24 14:42:47.812,1.4686,1.4687,1.00,3.20
2009.03.24 14:42:50.542,1.46875,1.4688,4.80,7.40
2009.03.24 14:42:50.892,1.4688,1.4689,2.40,3.20
2009.03.24 14:42:51.341,1.46865,1.4689,18.60,2.60
2009.03.24 14:42:51.631,1.46865,1.4689,15.20,2.60
2009.03.24 14:42:51.911,1.46865,1.4689,14.00,2.60
2009.03.24 14:42:52.251,1.46865,1.4689,16.40,2.60
2009.03.24 14:42:52.491,1.46875,1.4689,1.00,7.40
2009.03.24 14:42:52.781,1.4688,1.4689,1.00,7.40
2009.03.24 14:42:53.761,1.46875,1.4688,1.60,10.20
2009.03.24 14:42:56.770,1.4689,1.46895,1.00,4.80
2009.03.24 14:42:57.230,1.46885,1.46895,2.00,4.80
2009.03.24 14:42:57.630,1.4689,1.46895,1.00,4.80
2009.03.24 14:42:57.850,1.4689,1.46895,1.00,7.70
2009.03.24 14:42:58.090,1.46885,1.4689,1.00,4.80
2009.03.24 14:42:58.430,1.4686,1.46875,6.40,1.00
2009.03.24 14:42:58.719,1.46875,1.4688,2.80,6.10
2009.03.24 14:42:58.950,1.46865,1.46875,8.30,4.80
2009.03.24 14:42:59.310,1.46875,1.46885,1.00,2.60
2009.03.24 14:42:59.480,1.46875,1.46885,1.00,7.40
2009.03.24 14:42:59.709,1.46875,1.46885,9.20,4.80
2009.03.24 14:42:59.989,1.4688,1.4689,1.20,7.40
2009.03.24 14:43:00.499,1.4688,1.4689,4.40,7.40
2009.03.24 14:43:01.569,1.46875,1.4689,4.40,7.40
2009.03.24 14:43:02.429,1.4688,1.4689,4.40,4.80
2009.03.24 14:43:03.578,1.4688,1.4689,1.20,4.80
2009.03.24 14:43:03.978,1.46875,1.4689,4.40,1.60
2009.03.24 14:43:04.268,1.46875,1.46895,4.40,9.00
2009.03.24 14:43:04.488,1.46875,1.46895,1.20,9.00
2009.03.24 14:43:06.328,1.4688,1.46895,1.00,4.20
2009.03.24 14:43:06.668,1.4688,1.4689,1.20,1.60
2009.03.24 14:43:07.188,1.4688,1.4689,1.00,1.60
2009.03.24 14:43:07.487,1.46875,1.4689,5.20,1.60
2009.03.24 14:43:07.657,1.46875,1.4689,4.80,3.20
2009.03.24 14:43:09.397,1.46875,1.4689,5.20,4.20
2009.03.24 14:43:09.857,1.46875,1.4689,4.80,3.20
2009.03.24 14:43:10.257,1.4688,1.4689,5.20,2.60
2009.03.24 14:43:10.837,1.46885,1.469,5.20,2.60
2009.03.24 14:43:11.127,1.4689,1.469,4.80,2.60
2009.03.24 14:43:12.157,1.46895,1.469,1.00,7.10
2009.03.24 14:43:12.786,1.46905,1.4691,1.00,13.70
2009.03.24 14:43:13.186,1.46905,1.4692,5.20,3.20
2009.03.24 14:43:13.526,1.46905,1.4692,5.20,1.60
2009.03.24 14:43:13.826,1.4691,1.4692,4.80,1.60
2009.03.24 14:43:14.106,1.4691,1.4692,1.00,2.60
2009.03.24 14:43:14.486,1.46915,1.4692,1.00,2.60
2009.03.24 14:43:14.786,1.46925,1.4693,1.60,4.00
2009.03.24 14:43:15.226,1.4693,1.4694,1.60,9.80
2009.03.24 14:43:15.576,1.46935,1.4694,1.00,2.60
2009.03.24 14:43:16.037,1.4693,1.4694,2.80,2.60
2009.03.24 14:43:16.395,1.4693,1.4694,1.20,2.60
2009.03.24 14:43:16.745,1.46925,1.4694,2.80,1.60
2009.03.24 14:43:17.085,1.46925,1.4693,2.80,1.00
2009.03.24 14:43:19.635,1.46925,1.4693,1.60,1.00
2009.03.24 14:43:22.264,1.4693,1.46935,1.00,1.00
2009.03.24 14:43:22.494,1.46915,1.46925,4.00,1.60
2009.03.24 14:43:22.984,1.4688,1.4691,6.40,1.60
2009.03.24 14:43:23.214,1.46885,1.46905,1.00,2.40
2009.03.24 14:43:23.713,1.4688,1.46895,1.00,1.60
2009.03.24 14:43:24.044,1.4689,1.469,1.00,1.60
2009.03.24 14:43:24.444,1.4689,1.46895,1.00,1.60
2009.03.24 14:43:24.774,1.4688,1.46895,4.80,2.60
2009.03.24 14:43:25.123,1.46875,1.46895,1.80,6.60
2009.03.24 14:43:25.503,1.46875,1.46895,2.80,6.60
2009.03.24 14:43:25.853,1.46875,1.46895,2.80,2.60
2009.03.24 14:43:26.183,1.4688,1.46895,1.00,2.60
2009.03.24 14:43:26.473,1.46875,1.46895,2.80,1.60
2009.03.24 14:43:26.983,1.4688,1.469,1.00,4.20
2009.03.24 14:43:28.513,1.46885,1.469,1.60,4.20
2009.03.24 14:43:28.813,1.4689,1.469,1.00,1.60
2009.03.24 14:43:29.054,1.46895,1.469,1.00,1.60
2009.03.24 14:43:29.732,1.4689,1.46895,1.60,1.60
2009.03.24 14:43:30.752,1.46875,1.46885,7.20,1.00
2009.03.24 14:43:31.092,1.4687,1.46885,5.20,2.60
2009.03.24 14:43:32.002,1.4687,1.46885,5.20,6.60
2009.03.24 14:43:32.181,1.4687,1.46885,4.80,6.60
2009.03.24 14:43:32.401,1.46875,1.46885,4.80,6.60
2009.03.24 14:43:32.901,1.4688,1.4689,1.00,10.60
2009.03.24 14:43:33.111,1.4688,1.4689,1.00,2.60
2009.03.24 14:43:33.351,1.4688,1.46895,1.00,12.20
2009.03.24 14:43:34.091,1.4688,1.46885,1.00,1.60
2009.03.24 14:43:36.500,1.46875,1.46885,1.00,1.40
2009.03.24 14:43:37.360,1.4687,1.46885,1.00,3.80
2009.03.24 14:43:37.590,1.4686,1.4688,7.60,1.00
2009.03.24 14:43:37.870,1.4686,1.46875,2.40,1.00
2009.03.24 14:43:38.210,1.46865,1.46875,1.00,1.00
2009.03.24 14:43:38.740,1.4686,1.46875,2.40,1.00
2009.03.24 14:43:40.330,1.4686,1.46875,2.40,1.60
2009.03.24 14:43:41.319,1.46855,1.46875,7.60,1.60
2009.03.24 14:43:41.669,1.46855,1.4686,4.80,8.20
2009.03.24 14:43:41.849,1.4685,1.4686,5.20,10.00
2009.03.24 14:43:42.359,1.4685,1.46865,4.80,2.20
2009.03.24 14:43:42.639,1.46845,1.46865,10.00,2.20
2009.03.24 14:43:42.929,1.4685,1.4686,1.00,7.00
2009.03.24 14:43:43.269,1.4685,1.46855,1.00,7.20
2009.03.24 14:43:43.790,1.4684,1.46855,1.00,7.40
2009.03.24 14:43:44.239,1.46845,1.4686,1.00,4.80
2009.03.24 14:43:46.948,1.46845,1.46855,1.00,4.80
2009.03.24 14:43:47.868,1.4685,1.4686,1.00,7.20
2009.03.24 14:43:47.977,1.4685,1.4686,1.00,4.80
2009.03.24 14:43:48.587,1.4685,1.4686,1.00,6.40
2009.03.24 14:43:48.908,1.4685,1.4686,1.00,8.00
2009.03.24 14:43:49.137,1.4685,1.4686,1.00,8.80
2009.03.24 14:43:49.657,1.4685,1.4686,1.00,13.60
2009.03.24 14:43:49.877,1.4684,1.46855,1.00,4.80
2009.03.24 14:43:51.937,1.4684,1.46855,1.00,4.80
2009.03.24 14:43:53.027,1.4684,1.46855,1.00,5.60
2009.03.24 14:43:54.166,1.4683,1.4685,4.80,1.60
2009.03.24 14:43:54.856,1.4683,1.4685,4.80,1.40
2009.03.24 14:43:55.778,1.46825,1.46845,6.40,1.40
2009.03.24 14:43:59.225,1.46825,1.46845,7.00,1.40
2009.03.24 14:44:00.624,1.4683,1.4685,1.00,1.60
2009.03.24 14:44:01.125,1.4683,1.4684,1.20,3.20
2009.03.24 14:44:01.534,1.4683,1.4684,1.00,3.20
2009.03.24 14:44:01.754,1.46825,1.4683,4.80,13.00
2009.03.24 14:44:01.925,1.46825,1.4683,4.80,8.40
2009.03.24 14:44:04.624,1.46825,1.4684,2.80,1.60
2009.03.24 14:44:06.064,1.46825,1.4684,5.20,1.60
2009.03.24 14:44:06.283,1.4683,1.46845,1.00,5.60
2009.03.24 14:44:06.633,1.4683,1.46845,1.00,1.60
2009.03.24 14:44:07.043,1.46825,1.46845,7.40,8.00
2009.03.24 14:44:07.223,1.46825,1.46845,2.80,12.00
2009.03.24 14:44:07.733,1.4682,1.46835,7.40,4.80
2009.03.24 14:44:08.013,1.4682,1.46835,2.80,4.80
2009.03.24 14:44:12.082,1.4682,1.46835,1.00,4.80
2009.03.24 14:44:13.492,1.46825,1.46835,1.00,4.80
2009.03.24 14:44:13.882,1.4682,1.46835,2.80,4.00
2009.03.24 14:44:14.211,1.46825,1.46835,1.00,4.00
2009.03.24 14:44:14.561,1.4683,1.46845,1.00,4.80
2009.03.24 14:44:14.901,1.4683,1.4684,1.00,4.80
2009.03.24 14:44:15.981,1.4683,1.4684,1.40,4.80
2009.03.24 14:44:16.271,1.4684,1.46845,2.40,6.40
2009.03.24 14:44:16.851,1.4684,1.4685,2.40,4.80
2009.03.24 14:44:17.131,1.46835,1.46855,9.20,6.40
2009.03.24 14:44:17.421,1.46835,1.4685,4.80,7.40
2009.03.24 14:44:17.711,1.4683,1.4685,1.00,9.60
2009.03.24 14:44:17.880,1.46825,1.46845,2.80,9.60
2009.03.24 14:44:18.360,1.46825,1.46845,2.80,10.40
2009.03.24 14:44:19.310,1.4682,1.4684,10.00,1.60
2009.03.24 14:44:19.540,1.4682,1.4684,7.60,1.60
2009.03.24 14:44:19.770,1.4682,1.4684,5.20,3.20
2009.03.24 14:44:20.110,1.46825,1.46835,1.00,4.80
2009.03.24 14:44:21.010,1.46825,1.46845,1.00,12.80
2009.03.24 14:44:25.498,1.46825,1.46845,5.20,12.80
2009.03.24 14:44:25.729,1.4683,1.46845,1.00,12.80
2009.03.24 14:44:30.107,1.46835,1.46845,1.00,12.80
2009.03.24 14:44:30.327,1.46835,1.46845,1.00,14.40
2009.03.24 14:44:30.567,1.46835,1.4684,1.00,2.20
2009.03.24 14:44:30.787,1.46825,1.46845,7.40,8.20
2009.03.24 14:44:31.027,1.46825,1.46845,7.40,12.60
2009.03.24 14:44:31.257,1.46825,1.46845,2.80,12.60
2009.03.24 14:44:31.477,1.4682,1.4684,4.40,4.80
2009.03.24 14:44:31.707,1.46845,1.4685,1.00,13.90
2009.03.24 14:44:31.997,1.4683,1.4685,2.80,3.20
2009.03.24 14:44:32.907,1.46825,1.4685,5.20,3.20
2009.03.24 14:44:33.257,1.4683,1.4685,1.00,3.20
2009.03.24 14:44:33.657,1.46825,1.4685,5.20,3.20
2009.03.24 14:44:34.007,1.46825,1.4685,2.80,3.20
2009.03.24 14:44:35.616,1.4683,1.4685,1.00,3.20
2009.03.24 14:44:36.236,1.46825,1.4685,5.20,3.20
2009.03.24 14:44:36.456,1.4683,1.4685,1.00,3.20
2009.03.24 14:44:36.686,1.4683,1.4685,2.00,3.20
2009.03.24 14:44:36.866,1.46825,1.4685,3.00,3.20
2009.03.24 14:44:37.256,1.46825,1.4685,3.40,1.60
2009.03.24 14:44:37.965,1.4683,1.4685,2.40,1.60
2009.03.24 14:44:38.185,1.4683,1.4685,1.00,1.60
2009.03.24 14:44:38.365,1.46825,1.46845,2.80,1.60
2009.03.24 14:44:38.756,1.46825,1.46845,2.80,5.60
2009.03.24 14:44:39.095,1.46825,1.46845,2.80,1.60
2009.03.24 14:44:41.695,1.4682,1.46845,5.20,3.20
2009.03.24 14:44:41.915,1.4682,1.46845,5.20,7.20
2009.03.24 14:44:42.434,1.4682,1.4684,5.20,1.60
2009.03.24 14:44:42.675,1.4682,1.46835,2.80,4.80
2009.03.24 14:44:43.494,1.46815,1.46835,7.40,4.80
2009.03.24 14:44:43.614,1.46815,1.46835,5.00,4.80
2009.03.24 14:44:43.794,1.46815,1.46835,1.00,4.80
2009.03.24 14:44:45.414,1.4683,1.46855,4.40,4.80
2009.03.24 14:44:45.764,1.4682,1.4685,1.00,8.00
2009.03.24 14:44:49.353,1.46815,1.46835,2.80,4.80
2009.03.24 14:44:49.982,1.4682,1.46835,5.20,4.80
2009.03.24 14:44:50.213,1.4682,1.4684,5.20,6.40
2009.03.24 14:44:53.042,1.46825,1.4684,1.00,4.80
2009.03.24 14:44:54.622,1.46825,1.46845,2.80,21.20
2009.03.24 14:44:54.911,1.46825,1.4684,2.80,6.40
2009.03.24 14:44:55.261,1.46825,1.46835,1.00,4.80
2009.03.24 14:44:55.591,1.46825,1.46835,2.80,4.80
2009.03.24 14:44:55.771,1.4683,1.46835,1.00,1.00
2009.03.24 14:44:56.311,1.4683,1.46845,1.00,11.40
2009.03.24 14:44:56.591,1.4683,1.46845,1.00,8.80
2009.03.24 14:44:57.231,1.46825,1.46845,1.00,8.80
2009.03.24 14:44:57.581,1.4682,1.46845,1.00,10.40
2009.03.24 14:44:58.571,1.46815,1.4684,5.20,6.40
2009.03.24 14:44:58.801,1.4682,1.4684,1.00,7.20
2009.03.24 14:44:59.121,1.4682,1.46835,1.00,4.80
2009.03.24 14:45:01.001,1.4681,1.46835,6.80,5.60
2009.03.24 14:45:02.650,1.4681,1.4683,6.40,1.60
2009.03.24 14:45:03.589,1.4681,1.4683,11.20,1.60
2009.03.24 14:45:04.059,1.4681,1.46835,11.60,1.60
2009.03.24 14:45:04.689,1.4681,1.46835,5.20,1.60
2009.03.24 14:45:04.989,1.4681,1.46835,5.20,5.60
2009.03.24 14:45:05.969,1.4681,1.4683,5.00,1.60
2009.03.24 14:45:06.199,1.4681,1.4683,1.00,1.60
2009.03.24 14:45:06.429,1.4681,1.4683,5.20,1.60
2009.03.24 14:45:08.968,1.46805,1.46825,10.80,1.60
2009.03.24 14:45:09.318,1.468,1.4682,10.80,1.60
2009.03.24 14:45:09.558,1.468,1.46815,5.20,4.80
2009.03.24 14:45:09.908,1.4679,1.468,1.90,1.00
2009.03.24 14:45:09.968,1.468,1.4681,1.00,4.80
2009.03.24 14:45:10.258,1.468,1.46815,1.00,6.40
2009.03.24 14:45:12.047,1.468,1.4681,1.00,4.80
2009.03.24 14:45:12.447,1.4679,1.46805,1.00,11.40
2009.03.24 14:45:12.787,1.46785,1.46805,1.00,11.60
2009.03.24 14:45:13.257,1.46785,1.46805,1.00,18.80
2009.03.24 14:45:13.727,1.4678,1.46795,5.20,11.00
2009.03.24 14:45:14.077,1.4678,1.46795,5.20,11.40
2009.03.24 14:45:14.307,1.46785,1.4679,1.00,1.00
2009.03.24 14:45:14.537,1.46785,1.468,1.00,1.60
2009.03.24 14:45:15.347,1.46785,1.468,1.00,6.40
2009.03.24 14:45:15.757,1.46795,1.468,1.00,13.70
2009.03.24 14:45:16.117,1.4678,1.468,2.80,2.40
2009.03.24 14:45:16.466,1.4678,1.468,2.80,1.60
2009.03.24 14:45:16.986,1.46775,1.46795,8.40,1.60
2009.03.24 14:45:17.166,1.46775,1.46795,6.00,1.60
2009.03.24 14:45:17.506,1.46775,1.46795,5.40,1.60
2009.03.24 14:45:17.846,1.4678,1.46795,1.00,1.60
2009.03.24 14:45:18.846,1.4677,1.468,10.00,3.20
2009.03.24 14:45:20.205,1.4677,1.46795,5.20,1.60
2009.03.24 14:45:20.645,1.4677,1.46795,5.20,7.20
2009.03.24 14:45:21.135,1.4678,1.46795,1.00,10.20
2009.03.24 14:45:21.495,1.46785,1.46795,1.20,5.60
2009.03.24 14:45:21.725,1.46785,1.46795,1.00,2.40
2009.03.24 14:45:22.066,1.46785,1.4679,1.00,4.80
2009.03.24 14:45:22.405,1.46785,1.46795,1.00,19.20
2009.03.24 14:45:22.905,1.46785,1.46795,1.00,20.00
2009.03.24 14:45:23.474,1.46785,1.46795,1.00,22.40
2009.03.24 14:45:23.805,1.46785,1.46795,1.00,15.20
2009.03.24 14:45:24.574,1.46785,1.4679,1.00,4.80
2009.03.24 14:45:24.924,1.4676,1.46785,11.60,1.60
2009.03.24 14:45:26.634,1.46765,1.46785,1.00,1.60
2009.03.24 14:45:26.914,1.4677,1.46785,4.80,1.60
2009.03.24 14:45:27.174,1.4677,1.4679,5.20,1.60
2009.03.24 14:45:30.903,1.4677,1.46795,11.60,1.40
2009.03.24 14:45:31.483,1.4678,1.46795,4.80,1.40
2009.03.24 14:45:31.782,1.4678,1.468,5.20,6.20
2009.03.24 14:45:32.123,1.4678,1.468,5.20,17.60
2009.03.24 14:45:32.802,1.4678,1.468,1.00,3.00
2009.03.24 14:45:33.192,1.4677,1.46795,9.80,1.60
2009.03.24 14:45:33.862,1.4677,1.46795,5.00,1.60
2009.03.24 14:45:34.953,1.4678,1.46795,4.80,1.60
2009.03.24 14:45:35.252,1.4678,1.468,5.20,8.00
2009.03.24 14:45:35.971,1.46775,1.468,8.80,4.00
2009.03.24 14:45:36.311,1.46775,1.468,4.80,4.00
2009.03.24 14:45:36.652,1.4677,1.46795,5.20,7.20
2009.03.24 14:45:36.991,1.46765,1.46785,5.20,1.60
2009.03.24 14:45:37.331,1.46765,1.4678,4.80,1.60
2009.03.24 14:45:37.671,1.46765,1.46785,5.20,1.60
2009.03.24 14:45:38.181,1.4677,1.46785,4.80,1.60
2009.03.24 14:45:38.691,1.4677,1.46795,6.80,12.80
2009.03.24 14:45:39.141,1.46775,1.4679,2.80,1.60
2009.03.24 14:45:39.251,1.4678,1.4679,1.00,1.60
2009.03.24 14:45:39.420,1.46775,1.4679,1.60,1.60
2009.03.24 14:45:39.770,1.46775,1.4679,2.00,1.60
2009.03.24 14:45:40.580,1.46785,1.46795,1.00,1.60
2009.03.24 14:45:40.980,1.4678,1.468,2.80,13.60
2009.03.24 14:45:41.190,1.4678,1.46795,2.80,16.60
2009.03.24 14:45:41.940,1.4678,1.46795,2.80,13.40
2009.03.24 14:45:42.300,1.46775,1.4679,2.80,1.20
2009.03.24 14:45:43.160,1.46775,1.46795,2.80,10.00
2009.03.24 14:45:43.439,1.4678,1.46795,2.00,16.20
2009.03.24 14:45:43.729,1.46785,1.468,1.60,2.80
2009.03.24 14:45:44.069,1.46785,1.468,2.00,1.20
2009.03.24 14:45:44.410,1.4679,1.46805,1.00,2.80
2009.03.24 14:45:45.440,1.46795,1.46805,1.00,6.00
2009.03.24 14:45:45.849,1.46795,1.4681,1.00,8.80
2009.03.24 14:45:46.079,1.4681,1.4682,1.00,1.60
2009.03.24 14:45:46.349,1.4681,1.4683,1.00,6.40
2009.03.24 14:45:46.709,1.4681,1.4682,1.00,1.60
2009.03.24 14:45:48.218,1.468,1.4682,6.40,1.60
2009.03.24 14:45:48.448,1.46805,1.4682,4.80,1.60
2009.03.24 14:45:48.678,1.46805,1.46825,4.80,3.00
2009.03.24 14:45:48.968,1.46805,1.46825,4.80,2.60
2009.03.24 14:45:49.018,1.46805,1.46825,4.80,2.40
2009.03.24 14:45:49.488,1.46805,1.46825,4.60,2.40
2009.03.24 14:45:49.838,1.46805,1.46815,1.20,4.00
2009.03.24 14:45:50.178,1.46795,1.46815,2.40,4.80
2009.03.24 14:45:50.348,1.46795,1.4682,1.00,1.60
2009.03.24 14:45:51.598,1.468,1.4682,5.20,9.80
2009.03.24 14:45:51.958,1.468,1.4683,10.00,3.20
2009.03.24 14:45:52.298,1.468,1.4683,11.60,3.20
2009.03.24 14:45:56.306,1.4679,1.4681,1.00,6.60
2009.03.24 14:45:56.717,1.46785,1.46805,4.80,1.40
2009.03.24 14:45:57.107,1.46785,1.46805,4.40,1.40
2009.03.24 14:45:57.526,1.4678,1.46795,1.20,1.40
2009.03.24 14:45:57.866,1.4677,1.4679,4.80,1.80
2009.03.24 14:45:58.036,1.46765,1.4679,14.80,1.40
2009.03.24 14:45:58.386,1.4677,1.46795,1.00,4.80
2009.03.24 14:45:58.736,1.4679,1.468,1.60,9.60
2009.03.24 14:45:58.906,1.46795,1.468,4.80,4.80
2009.03.24 14:45:59.246,1.46795,1.46815,11.20,3.20
2009.03.24 14:45:59.546,1.468,1.4682,4.80,1.60
2009.03.24 14:45:59.895,1.4681,1.4682,1.60,1.60
2009.03.24 14:46:00.176,1.46815,1.46835,5.20,2.20
2009.03.24 14:46:00.995,1.4681,1.46815,10.80,1.40
2009.03.24 14:46:01.386,1.46805,1.4683,10.00,1.40
2009.03.24 14:46:01.725,1.46805,1.4683,14.80,1.40
2009.03.24 14:46:02.245,1.46805,1.4683,10.80,1.40
2009.03.24 14:46:02.575,1.46805,1.4683,18.80,1.40
2009.03.24 14:46:03.935,1.4681,1.4683,4.80,1.40
2009.03.24 14:46:04.155,1.46805,1.4683,17.40,1.40
2009.03.24 14:46:04.435,1.46805,1.46815,16.80,1.40
2009.03.24 14:46:04.715,1.46805,1.46815,14.60,1.40
2009.03.24 14:46:05.005,1.46805,1.46815,4.80,1.40
2009.03.24 14:46:05.244,1.46805,1.46815,9.60,1.40
2009.03.24 14:46:05.694,1.46805,1.46825,9.60,1.60
2009.03.24 14:46:05.874,1.468,1.46825,17.20,1.60
2009.03.24 14:46:06.104,1.468,1.46825,16.40,1.60
2009.03.24 14:46:06.434,1.468,1.46825,14.80,1.60
2009.03.24 14:46:06.834,1.46795,1.46815,6.40,1.60
2009.03.24 14:46:07.174,1.4679,1.46795,5.60,1.60
2009.03.24 14:46:07.524,1.46795,1.46815,1.60,4.00
2009.03.24 14:46:07.694,1.468,1.4682,4.80,10.00
2009.03.24 14:46:10.103,1.4678,1.46785,4.80,6.20
2009.03.24 14:46:10.163,1.4678,1.46785,4.80,5.00
2009.03.24 14:46:10.443,1.4677,1.4679,4.80,1.20
2009.03.24 14:46:10.953,1.46775,1.4679,4.80,1.20
2009.03.24 14:46:11.407,1.46765,1.4679,11.60,1.20
2009.03.24 14:46:11.744,1.46765,1.46785,6.80,4.80
2009.03.24 14:46:12.093,1.46775,1.46785,4.80,4.80
2009.03.24 14:46:12.483,1.46775,1.4679,6.40,4.80
2009.03.24 14:46:12.933,1.4678,1.4679,2.80,4.80
2009.03.24 14:46:13.222,1.4678,1.4679,2.40,6.00
2009.03.24 14:46:13.632,1.4677,1.4679,13.20,1.20
2009.03.24 14:46:14.092,1.4677,1.4679,12.40,1.20
2009.03.24 14:46:14.372,1.4678,1.468,1.00,10.60
2009.03.24 14:46:14.692,1.4678,1.46795,5.20,4.80
2009.03.24 14:46:14.922,1.4678,1.468,5.20,5.80
2009.03.24 14:46:15.212,1.4678,1.468,5.20,11.60
2009.03.24 14:46:15.382,1.46785,1.46805,1.00,12.00
2009.03.24 14:46:15.792,1.46785,1.46805,1.00,7.20
2009.03.24 14:46:16.142,1.4679,1.46805,5.20,4.80
2009.03.24 14:46:16.502,1.4679,1.46805,6.00,4.80
2009.03.24 14:46:16.962,1.46795,1.4681,1.00,4.80
2009.03.24 14:46:17.432,1.4679,1.4681,5.20,6.40
2009.03.24 14:46:17.841,1.46795,1.46815,1.00,15.20
2009.03.24 14:46:18.941,1.468,1.46815,1.00,12.00
2009.03.24 14:46:19.221,1.468,1.46815,1.00,10.40
2009.03.24 14:46:19.461,1.4679,1.4681,5.20,1.60
2009.03.24 14:46:19.741,1.46795,1.46815,6.80,1.60
2009.03.24 14:46:19.961,1.46795,1.46815,10.80,1.60
2009.03.24 14:46:20.491,1.468,1.46815,11.20,1.60
2009.03.24 14:46:20.991,1.46805,1.46815,8.80,1.60
2009.03.24 14:46:21.161,1.46805,1.46825,6.00,4.80
2009.03.24 14:46:21.640,1.46805,1.46825,11.80,4.80
2009.03.24 14:46:21.971,1.4682,1.4683,2.80,4.80
2009.03.24 14:46:22.480,1.4681,1.46815,5.30,1.60
2009.03.24 14:46:22.770,1.46805,1.46815,4.80,11.40
2009.03.24 14:46:23.100,1.46805,1.4681,3.00,5.00
2009.03.24 14:46:23.390,1.468,1.46805,2.80,4.80
2009.03.24 14:46:23.630,1.46805,1.4681,1.00,6.40
2009.03.24 14:46:26.129,1.4681,1.4683,5.20,4.80
2009.03.24 14:46:26.869,1.4683,1.46835,1.00,9.00
2009.03.24 14:46:27.160,1.4683,1.4684,1.00,14.00
2009.03.24 14:46:28.129,1.4684,1.46845,1.60,6.20
2009.03.24 14:46:28.359,1.46845,1.4685,1.00,17.20
2009.03.24 14:46:28.589,1.4682,1.46835,13.20,1.20
2009.03.24 14:46:28.939,1.46825,1.46835,1.00,1.20
2009.03.24 14:46:29.159,1.4683,1.46835,1.00,1.60
2009.03.24 14:46:29.399,1.46815,1.46835,16.60,1.20
2009.03.24 14:46:29.679,1.4682,1.46835,2.00,2.20
2009.03.24 14:46:29.969,1.46825,1.4683,1.00,1.50
2009.03.24 14:46:30.588,1.4681,1.46815,5.40,1.20
2009.03.24 14:46:30.878,1.4681,1.4682,5.20,1.20
2009.03.24 14:46:31.168,1.46815,1.4682,4.80,1.20
2009.03.24 14:46:31.588,1.46815,1.46825,4.80,1.60
2009.03.24 14:46:31.988,1.46805,1.4683,14.60,6.40
2009.03.24 14:46:32.318,1.4682,1.4683,1.00,1.60
2009.03.24 14:46:32.608,1.46825,1.46835,1.60,4.30
2009.03.24 14:46:32.958,1.4683,1.46835,1.00,4.80
2009.03.24 14:46:33.368,1.4683,1.46835,1.00,2.20
2009.03.24 14:46:33.717,1.4682,1.4683,1.00,1.60
2009.03.24 14:46:34.297,1.4681,1.4683,5.20,1.60
2009.03.24 14:46:34.537,1.46825,1.4683,1.20,1.20
2009.03.24 14:46:34.767,1.46825,1.46835,1.00,3.00
2009.03.24 14:46:34.947,1.4682,1.46835,5.20,5.40
2009.03.24 14:46:35.127,1.4682,1.46835,12.40,6.20
2009.03.24 14:46:35.647,1.4682,1.46835,17.20,1.00
2009.03.24 14:46:35.827,1.4682,1.46845,17.20,2.20
2009.03.24 14:46:36.658,1.4682,1.4683,12.40,1.00
2009.03.24 14:46:37.007,1.4682,1.46835,17.20,1.00
2009.03.24 14:46:37.417,1.4682,1.46835,12.40,1.00
2009.03.24 14:46:38.007,1.4682,1.46835,7.60,1.00
2009.03.24 14:46:38.526,1.4682,1.46835,5.20,4.00
2009.03.24 14:46:38.986,1.46815,1.4683,1.20,4.60
2009.03.24 14:46:39.456,1.4681,1.4683,12.40,1.60
2009.03.24 14:46:39.816,1.46815,1.4683,2.80,1.60
2009.03.24 14:46:40.216,1.4682,1.4683,1.00,1.60
2009.03.24 14:46:40.446,1.46815,1.4683,1.20,1.60
2009.03.24 14:46:40.736,1.46815,1.46835,1.20,2.20
2009.03.24 14:46:40.966,1.46815,1.46835,1.20,2.40
2009.03.24 14:46:41.256,1.46815,1.46835,1.20,2.20
2009.03.24 14:46:41.436,1.46815,1.46835,1.20,2.80
2009.03.24 14:46:41.676,1.46815,1.46825,1.20,1.00
2009.03.24 14:46:42.006,1.46815,1.46825,1.20,1.60
2009.03.24 14:46:42.236,1.468,1.46815,13.60,1.60
2009.03.24 14:46:42.466,1.468,1.4681,11.20,1.60
2009.03.24 14:46:42.986,1.46805,1.46815,9.40,1.60
2009.03.24 14:46:43.445,1.4681,1.46815,1.00,1.60
2009.03.24 14:46:44.085,1.46805,1.46815,7.00,1.60
2009.03.24 14:46:44.526,1.46805,1.46815,15.80,1.60
2009.03.24 14:46:44.925,1.46805,1.46825,15.80,6.40
2009.03.24 14:46:45.805,1.46815,1.4682,8.80,4.80
2009.03.24 14:46:46.655,1.4682,1.4683,1.00,6.40
2009.03.24 14:46:47.044,1.4682,1.4683,1.20,6.40
2009.03.24 14:46:47.374,1.4682,1.4683,5.20,6.40
2009.03.24 14:46:47.664,1.4682,1.4683,10.00,6.40
2009.03.24 14:46:48.474,1.4682,1.46825,10.00,4.80
2009.03.24 14:46:48.804,1.46835,1.4685,2.60,4.00
2009.03.24 14:46:49.164,1.46845,1.4685,6.00,1.80
2009.03.24 14:46:49.404,1.4687,1.46875,1.00,4.90
2009.03.24 14:46:49.684,1.4686,1.46865,4.80,1.60
2009.03.24 14:46:49.954,1.46855,1.46865,5.20,1.60
2009.03.24 14:46:50.174,1.46855,1.46865,1.20,1.60
2009.03.24 14:46:50.473,1.46855,1.46865,1.20,4.00
2009.03.24 14:46:50.833,1.4685,1.46865,5.20,4.00
2009.03.24 14:46:51.063,1.46845,1.4686,1.60,4.00
2009.03.24 14:46:51.593,1.4684,1.46845,4.80,6.40
2009.03.24 14:46:52.383,1.46835,1.4684,12.20,6.40
2009.03.24 14:46:52.773,1.4684,1.46855,6.00,5.90
2009.03.24 14:46:52.993,1.46835,1.4684,8.40,4.80
2009.03.24 14:46:53.973,1.4684,1.46845,5.20,4.80
2009.03.24 14:46:54.482,1.46835,1.46845,7.40,5.40
2009.03.24 14:46:54.772,1.4683,1.4684,5.20,1.00
2009.03.24 14:46:55.122,1.4683,1.4684,10.00,1.00
2009.03.24 14:46:55.362,1.4683,1.4684,5.20,1.00
2009.03.24 14:46:55.992,1.4683,1.4684,5.20,1.00
2009.03.24 14:46:56.372,1.46825,1.4683,4.80,2.00
2009.03.24 14:46:56.662,1.4683,1.46835,4.80,9.20
2009.03.24 14:46:56.952,1.4679,1.46825,14.80,2.40
2009.03.24 14:46:57.172,1.4679,1.46825,11.60,2.60
2009.03.24 14:46:57.512,1.468,1.46825,9.60,2.60
2009.03.24 14:46:57.932,1.46805,1.4682,1.00,1.60
2009.03.24 14:46:58.212,1.46815,1.4682,4.00,1.60
2009.03.24 14:46:58.461,1.468,1.4682,11.60,1.60
2009.03.24 14:46:58.742,1.468,1.46825,11.60,1.60
2009.03.24 14:47:00.661,1.468,1.46825,10.00,2.60
2009.03.24 14:47:01.241,1.468,1.46825,10.00,2.00
2009.03.24 14:47:01.591,1.468,1.46825,10.00,1.60
2009.03.24 14:47:01.941,1.4681,1.4683,5.20,6.40
2009.03.24 14:47:04.070,1.46825,1.4683,3.20,6.40
2009.03.24 14:47:04.420,1.4681,1.46825,11.60,1.00
2009.03.24 14:47:04.700,1.4683,1.46845,4.80,2.80
2009.03.24 14:47:04.880,1.4683,1.4684,1.00,4.80
2009.03.24 14:47:05.330,1.4683,1.46835,1.00,4.80
2009.03.24 14:47:06.569,1.46825,1.4683,1.00,4.80
2009.03.24 14:47:06.909,1.4682,1.4684,10.00,4.80
2009.03.24 14:47:07.399,1.4682,1.46845,14.80,1.20
2009.03.24 14:47:07.630,1.4682,1.46845,14.80,2.00
2009.03.24 14:47:07.799,1.4682,1.46845,14.80,1.20
2009.03.24 14:47:10.419,1.4682,1.46845,14.80,2.00
2009.03.24 14:47:10.819,1.46815,1.4684,11.60,1.60
2009.03.24 14:47:11.269,1.4682,1.4684,1.60,1.60
2009.03.24 14:47:11.618,1.4683,1.4685,5.20,8.00
2009.03.24 14:47:11.788,1.4683,1.46845,4.80,1.60
2009.03.24 14:47:12.078,1.4683,1.46845,14.40,1.60
2009.03.24 14:47:12.488,1.4683,1.4684,9.60,1.60
2009.03.24 14:47:12.608,1.4683,1.46845,9.60,1.60
2009.03.24 14:47:13.318,1.4683,1.46845,14.40,1.60
2009.03.24 14:47:14.198,1.4683,1.46845,9.60,1.60
2009.03.24 14:47:14.538,1.46825,1.4684,11.80,1.60
2009.03.24 14:47:15.148,1.46825,1.4684,11.80,1.40
2009.03.24 14:47:15.437,1.46825,1.4684,5.40,1.40
2009.03.24 14:47:15.557,1.4683,1.46835,1.00,1.40
2009.03.24 14:47:15.847,1.4682,1.46835,4.80,1.40
2009.03.24 14:47:16.357,1.4682,1.46835,6.40,1.40
2009.03.24 14:47:16.887,1.4682,1.4684,6.40,1.40
2009.03.24 14:47:17.577,1.46825,1.4684,4.80,1.40
2009.03.24 14:47:17.757,1.4682,1.46825,10.00,1.40
2009.03.24 14:47:17.987,1.46825,1.4684,1.00,6.20
2009.03.24 14:47:18.157,1.46815,1.4684,10.80,6.20
2009.03.24 14:47:18.386,1.46815,1.4684,15.60,7.00
2009.03.24 14:47:18.547,1.46825,1.4684,4.80,1.40
2009.03.24 14:47:18.907,1.46825,1.4684,13.60,1.40
2009.03.24 14:47:19.257,1.46825,1.46845,15.20,3.80
2009.03.24 14:47:19.606,1.4683,1.46845,4.80,1.40
2009.03.24 14:47:19.886,1.4683,1.4685,14.80,3.80
2009.03.24 14:47:20.116,1.4683,1.46835,17.20,1.60
2009.03.24 14:47:20.406,1.4683,1.46835,12.40,1.60
2009.03.24 14:47:20.647,1.46825,1.4685,11.60,1.60
2009.03.24 14:47:20.866,1.46825,1.4685,16.40,1.60
2009.03.24 14:47:21.506,1.4683,1.4685,6.40,1.60
2009.03.24 14:47:22.366,1.4683,1.46845,6.40,1.60
2009.03.24 14:47:23.206,1.4683,1.46855,6.40,1.60
2009.03.24 14:47:24.455,1.4683,1.4686,6.80,10.40
2009.03.24 14:47:27.734,1.4683,1.4685,6.80,1.00
2009.03.24 14:47:29.334,1.46835,1.46855,9.60,1.20
2009.03.24 14:47:29.514,1.46835,1.4686,13.60,5.60
2009.03.24 14:47:29.854,1.46835,1.4686,14.00,5.60
2009.03.24 14:47:30.894,1.4684,1.4686,1.00,4.00
2009.03.24 14:47:31.753,1.4684,1.46855,5.20,1.00
2009.03.24 14:47:32.143,1.4684,1.46865,5.20,8.00
2009.03.24 14:47:32.323,1.4684,1.46865,5.40,8.00
2009.03.24 14:47:32.493,1.4684,1.46865,1.00,8.00
2009.03.24 14:47:33.583,1.4684,1.46865,1.00,9.00
2009.03.24 14:47:34.033,1.4684,1.46865,1.00,9.00
2009.03.24 14:47:34.903,1.4685,1.46865,1.00,7.40
2009.03.24 14:47:35.022,1.4685,1.46865,1.00,12.20
2009.03.24 14:47:35.252,1.4685,1.46865,1.00,10.00
2009.03.24 14:47:35.373,1.4684,1.46865,2.80,6.40
2009.03.24 14:47:35.493,1.4684,1.46865,2.00,1.60
2009.03.24 14:47:35.732,1.46845,1.4687,8.80,8.00
2009.03.24 14:47:36.162,1.46855,1.46865,1.00,1.60
2009.03.24 14:47:36.402,1.4686,1.4687,1.00,6.40
2009.03.24 14:47:36.642,1.4686,1.4687,1.00,1.60
2009.03.24 14:47:38.242,1.46845,1.4687,11.60,1.60
2009.03.24 14:47:38.702,1.46845,1.4687,11.00,1.60
2009.03.24 14:47:39.511,1.46845,1.4687,11.80,1.60
2009.03.24 14:47:39.691,1.46845,1.4687,17.20,1.60
2009.03.24 14:47:39.862,1.4685,1.4688,1.00,13.20
2009.03.24 14:47:40.032,1.4685,1.46875,1.00,10.40
2009.03.24 14:47:40.321,1.4685,1.46875,5.20,10.40
2009.03.24 14:47:40.501,1.4686,1.4687,1.00,1.60
2009.03.24 14:47:40.901,1.4686,1.46865,1.00,1.60
2009.03.24 14:47:41.231,1.4685,1.46865,1.20,3.20
2009.03.24 14:47:41.581,1.4685,1.46855,1.00,1.40
2009.03.24 14:47:42.021,1.46845,1.46855,1.20,1.40
2009.03.24 14:47:42.361,1.46845,1.4685,1.20,1.20
2009.03.24 14:47:43.121,1.46845,1.4686,1.20,4.40
2009.03.24 14:47:43.451,1.46845,1.4686,2.00,4.40
2009.03.24 14:47:43.750,1.4685,1.46865,1.20,6.00
2009.03.24 14:47:46.290,1.46845,1.4686,1.20,2.40
2009.03.24 14:47:46.790,1.46845,1.46855,2.80,1.60
2009.03.24 14:47:47.129,1.46845,1.46855,1.20,1.60
2009.03.24 14:47:56.287,1.4685,1.46855,1.00,1.60
2009.03.24 14:47:56.398,1.4685,1.46855,1.20,1.60
2009.03.24 14:47:57.447,1.46845,1.46855,1.20,1.60
2009.03.24 14:47:58.387,1.46845,1.46865,1.20,10.40
2009.03.24 14:47:58.617,1.4685,1.46865,1.20,6.40
2009.03.24 14:47:58.787,1.4685,1.46865,1.20,4.80
2009.03.24 14:47:58.967,1.4685,1.4687,4.40,6.40
2009.03.24 14:47:59.257,1.46845,1.4686,12.80,1.60
2009.03.24 14:47:59.596,1.46845,1.46865,13.20,6.40
2009.03.24 14:48:00.387,1.46845,1.46865,13.20,1.60
2009.03.24 14:48:00.797,1.46845,1.46855,4.40,1.60
2009.03.24 14:48:01.016,1.46845,1.46855,1.20,1.60
2009.03.24 14:48:01.246,1.46845,1.46855,1.20,2.40
2009.03.24 14:48:01.656,1.4684,1.4685,4.60,1.60
2009.03.24 14:48:01.946,1.4684,1.4685,3.60,6.40
2009.03.24 14:48:02.266,1.4683,1.4685,8.20,6.40
2009.03.24 14:48:02.606,1.4684,1.4685,3.60,1.60
2009.03.24 14:48:03.986,1.4684,1.46845,3.60,1.60
2009.03.24 14:48:04.216,1.4684,1.4685,3.60,1.60
2009.03.24 14:48:05.575,1.4683,1.4685,18.80,1.60
2009.03.24 14:48:05.745,1.46835,1.4685,2.40,1.60
2009.03.24 14:48:06.155,1.4684,1.4686,5.00,8.00
2009.03.24 14:48:06.445,1.4684,1.4686,5.00,3.20
2009.03.24 14:48:07.005,1.4684,1.4686,5.00,1.60
2009.03.24 14:48:07.465,1.46845,1.4687,4.40,11.20
2009.03.24 14:48:07.965,1.46845,1.4687,13.20,1.60
2009.03.24 14:48:08.305,1.46845,1.4686,4.80,1.60
2009.03.24 14:48:08.755,1.46845,1.4686,9.20,1.60
2009.03.24 14:48:08.984,1.4684,1.4686,5.40,1.60
2009.03.24 14:48:09.215,1.4684,1.4686,5.00,1.60
2009.03.24 14:48:13.353,1.46845,1.4686,1.60,1.60
2009.03.24 14:48:13.704,1.46845,1.46865,12.40,5.60
2009.03.24 14:48:13.933,1.46845,1.46865,12.40,1.60
2009.03.24 14:48:15.873,1.46845,1.4686,1.60,1.60
2009.03.24 14:48:17.013,1.4684,1.46845,6.40,1.60
2009.03.24 14:48:17.772,1.4683,1.4684,6.80,1.60
2009.03.24 14:48:18.062,1.4683,1.46835,3.80,1.60
2009.03.24 14:48:18.342,1.4683,1.4684,3.80,1.60
2009.03.24 14:48:22.903,1.4684,1.46845,3.30,4.80
2009.03.24 14:48:23.081,1.4684,1.46845,3.30,7.20
2009.03.24 14:48:23.432,1.4683,1.46835,3.80,1.60
2009.03.24 14:48:24.411,1.46825,1.46835,3.60,1.60
2009.03.24 14:48:25.420,1.46825,1.46835,3.20,1.60
2009.03.24 14:48:25.650,1.46825,1.46835,2.80,1.60
2009.03.24 14:48:26.760,1.46825,1.4683,1.60,1.60
2009.03.24 14:48:26.940,1.46815,1.4683,5.40,1.60
2009.03.24 14:48:28.250,1.46815,1.46835,6.00,1.60
2009.03.24 14:48:28.430,1.4683,1.46835,1.00,1.60
2009.03.24 14:48:28.650,1.46825,1.46835,5.40,1.60
2009.03.24 14:48:28.940,1.4683,1.4684,1.00,6.40
2009.03.24 14:48:29.340,1.4683,1.4684,1.00,1.60
2009.03.24 14:48:30.030,1.46825,1.46845,6.00,6.40
2009.03.24 14:48:30.429,1.4684,1.46845,1.00,1.60
2009.03.24 14:48:31.969,1.4684,1.4685,1.00,1.60
2009.03.24 14:48:32.489,1.4683,1.4685,1.00,1.60
2009.03.24 14:48:32.829,1.4684,1.46855,1.00,6.40
2009.03.24 14:48:33.229,1.46845,1.46855,1.00,6.40
2009.03.24 14:48:33.578,1.4684,1.46855,1.00,4.80
2009.03.24 14:48:34.438,1.4684,1.46855,1.00,4.80
2009.03.24 14:48:34.959,1.4684,1.46855,1.00,9.60
2009.03.24 14:48:35.138,1.4684,1.4685,1.00,1.60
2009.03.24 14:48:35.368,1.4684,1.4685,1.00,6.40
2009.03.24 14:48:35.598,1.46835,1.4685,2.80,4.80
2009.03.24 14:48:35.878,1.46835,1.46855,3.60,12.00
2009.03.24 14:48:36.048,1.46835,1.46855,2.00,12.80
2009.03.24 14:48:36.278,1.4684,1.46855,1.00,12.80
2009.03.24 14:48:36.628,1.46835,1.46855,2.80,3.20
2009.03.24 14:48:36.978,1.46835,1.46855,7.60,3.20
2009.03.24 14:48:38.737,1.46835,1.46855,8.40,3.20
2009.03.24 14:48:39.157,1.4684,1.46855,8.60,3.20
2009.03.24 14:48:39.387,1.46845,1.46855,1.60,1.60
2009.03.24 14:48:39.557,1.4685,1.46855,1.20,1.60
2009.03.24 14:48:39.907,1.46845,1.46855,2.80,1.60
2009.03.24 14:48:40.197,1.4685,1.4686,1.20,4.80
2009.03.24 14:48:40.367,1.4685,1.46855,1.00,1.60
2009.03.24 14:48:40.597,1.46845,1.46855,1.20,1.60
2009.03.24 14:48:41.067,1.4685,1.46865,1.20,5.60
2009.03.24 14:48:41.366,1.46845,1.4687,11.80,1.60
2009.03.24 14:48:41.707,1.4686,1.4687,1.60,1.60
2009.03.24 14:48:42.097,1.46865,1.4688,1.20,3.20
2009.03.24 14:48:42.436,1.4686,1.4688,7.60,3.20
2009.03.24 14:48:42.786,1.4686,1.4688,5.20,3.20
2009.03.24 14:48:43.076,1.4686,1.4688,2.80,3.20
2009.03.24 14:48:43.486,1.46845,1.4687,18.00,1.60
2009.03.24 14:48:43.836,1.46855,1.4687,2.40,1.60
2009.03.24 14:48:44.006,1.46855,1.46875,2.80,1.60
2009.03.24 14:48:45.046,1.46855,1.46875,2.80,2.20
2009.03.24 14:48:45.606,1.4687,1.46875,13.00,2.20
2009.03.24 14:48:45.956,1.4688,1.46885,1.00,1.80
2009.03.24 14:48:46.425,1.46855,1.46875,11.60,1.60
2009.03.24 14:48:46.866,1.46855,1.46875,18.40,1.60
2009.03.24 14:48:47.095,1.46855,1.46875,20.00,1.60
2009.03.24 14:48:47.396,1.46855,1.46875,15.20,1.60
2009.03.24 14:48:47.635,1.46855,1.46875,8.80,1.60
2009.03.24 14:48:49.105,1.46855,1.4687,8.80,1.60
2009.03.24 14:48:49.495,1.46855,1.4687,13.60,1.60
2009.03.24 14:48:49.835,1.46855,1.4687,18.40,1.60
2009.03.24 14:48:51.624,1.46855,1.4686,9.60,1.60
2009.03.24 14:48:51.984,1.46845,1.4686,13.60,1.60
2009.03.24 14:48:52.314,1.46845,1.46855,4.80,1.60
2009.03.24 14:48:52.654,1.4684,1.46855,9.60,1.60
2009.03.24 14:48:53.813,1.4684,1.46855,4.80,1.60
2009.03.24 14:48:54.144,1.4684,1.46855,4.80,2.20
2009.03.24 14:48:54.523,1.4684,1.46855,4.80,2.40
2009.03.24 14:48:54.693,1.4684,1.46855,4.80,2.80
2009.03.24 14:48:55.033,1.4684,1.4685,4.80,2.00
2009.03.24 14:48:55.153,1.4684,1.4685,4.80,2.20
2009.03.24 14:48:55.603,1.46835,1.4684,4.40,1.90
2009.03.24 14:48:55.893,1.46835,1.4684,3.20,1.90
2009.03.24 14:48:56.123,1.46825,1.46835,1.00,1.40
2009.03.24 14:48:57.143,1.46815,1.46835,14.40,1.40
2009.03.24 14:48:57.553,1.46815,1.4683,14.40,1.00
2009.03.24 14:48:57.733,1.46815,1.46835,14.40,1.00
2009.03.24 14:48:58.072,1.46815,1.4683,4.80,1.00
2009.03.24 14:48:58.293,1.4681,1.4683,16.40,1.00
2009.03.24 14:48:58.582,1.4681,1.4683,16.40,1.20
2009.03.24 14:48:59.562,1.4681,1.46835,17.20,1.60
2009.03.24 14:48:59.972,1.46815,1.46835,4.80,1.60
2009.03.24 14:49:00.372,1.46815,1.4684,14.00,1.60
2009.03.24 14:49:00.602,1.4681,1.46835,18.00,1.60
2009.03.24 14:49:00.842,1.4682,1.46835,1.00,1.60
2009.03.24 14:49:01.402,1.4682,1.4683,1.00,1.60
2009.03.24 14:49:02.671,1.4681,1.46825,4.80,1.60
2009.03.24 14:49:02.881,1.4681,1.4683,5.20,4.00
2009.03.24 14:49:03.041,1.46805,1.46825,8.40,1.60
2009.03.24 14:49:03.511,1.4681,1.4683,5.20,1.60
2009.03.24 14:49:04.221,1.46805,1.46825,7.60,1.60
2009.03.24 14:49:08.530,1.46805,1.46825,6.00,1.60
2009.03.24 14:49:13.419,1.46805,1.46825,7.60,1.60
2009.03.24 14:49:13.699,1.46815,1.46825,1.00,1.60
2009.03.24 14:49:14.049,1.46815,1.46835,5.60,4.80
2009.03.24 14:49:14.338,1.4684,1.4685,4.80,2.40
2009.03.24 14:49:14.519,1.46835,1.4685,7.20,1.60
2009.03.24 14:49:14.859,1.4685,1.4686,1.00,2.40
2009.03.24 14:49:15.209,1.46845,1.46865,9.60,1.60
2009.03.24 14:49:15.558,1.4685,1.4686,12.00,1.60
2009.03.24 14:49:16.018,1.46845,1.46865,7.20,1.60
2009.03.24 14:49:16.498,1.4685,1.4686,5.20,1.60
2009.03.24 14:49:16.848,1.4685,1.46865,4.80,1.60
2009.03.24 14:49:17.238,1.4685,1.4686,5.20,1.60
2009.03.24 14:49:18.498,1.4685,1.46855,5.20,1.60
2009.03.24 14:49:19.527,1.4685,1.4686,5.80,5.20
2009.03.24 14:49:19.867,1.4685,1.46855,5.80,1.60
2009.03.24 14:49:22.637,1.4685,1.46855,5.40,1.60
2009.03.24 14:49:27.785,1.4685,1.46855,5.20,1.60
2009.03.24 14:49:28.505,1.4685,1.46855,4.20,1.60
2009.03.24 14:49:28.745,1.4683,1.4685,12.60,1.60
2009.03.24 14:49:29.025,1.4685,1.46855,2.60,4.00
2009.03.24 14:49:29.255,1.4685,1.46855,4.20,4.00
2009.03.24 14:49:30.885,1.4685,1.4686,4.20,8.80
2009.03.24 14:49:31.394,1.46845,1.4686,6.80,4.80
2009.03.24 14:49:31.745,1.46845,1.4687,18.80,8.20
2009.03.24 14:49:32.094,1.4685,1.4687,5.60,1.60
2009.03.24 14:49:32.544,1.4685,1.46875,6.00,8.00
2009.03.24 14:49:32.894,1.46855,1.46875,1.00,6.40
2009.03.24 14:49:33.354,1.46855,1.4688,5.20,1.60
2009.03.24 14:49:33.754,1.46855,1.46875,8.00,1.60
2009.03.24 14:49:34.214,1.4687,1.46875,4.80,1.60
2009.03.24 14:49:34.394,1.46865,1.4687,4.80,1.60
2009.03.24 14:49:34.664,1.46855,1.4687,15.60,1.60
2009.03.24 14:49:34.834,1.46855,1.46875,4.80,1.60
2009.03.24 14:49:35.004,1.46855,1.4687,4.80,1.60
2009.03.24 14:49:36.193,1.46855,1.4687,4.80,1.40
2009.03.24 14:49:36.424,1.4686,1.46875,9.60,1.40
2009.03.24 14:49:37.303,1.4686,1.46875,4.80,1.40
2009.03.24 14:49:37.813,1.4686,1.4688,5.20,3.80
2009.03.24 14:49:38.883,1.4688,1.46895,12.00,11.20
2009.03.24 14:49:39.353,1.46885,1.4689,1.50,4.80
2009.03.24 14:49:39.472,1.46875,1.4688,4.80,1.40
2009.03.24 14:49:39.752,1.46875,1.46885,13.60,1.40
2009.03.24 14:49:40.032,1.4689,1.46895,1.00,3.60
2009.03.24 14:49:40.832,1.4689,1.46895,1.00,4.00
2009.03.24 14:49:41.182,1.4689,1.46895,1.00,8.80
2009.03.24 14:49:41.802,1.4689,1.46895,1.00,1.60
2009.03.24 14:49:50.270,1.4689,1.46895,1.00,1.60
2009.03.24 14:49:56.658,1.4689,1.469,1.00,1.60
2009.03.24 14:49:57.208,1.4689,1.46895,1.00,1.60
2009.03.24 14:50:09.295,1.4689,1.469,1.00,1.60
2009.03.24 14:50:12.135,1.4689,1.469,1.00,3.80
2009.03.24 14:50:12.525,1.4689,1.469,1.00,1.40
2009.03.24 14:50:13.664,1.4689,1.469,1.00,1.80
2009.03.24 14:50:14.314,1.46885,1.469,7.20,1.80
2009.03.24 14:50:14.594,1.4689,1.46905,2.80,8.80
2009.03.24 14:50:14.874,1.4689,1.469,1.00,1.80
2009.03.24 14:50:15.334,1.4689,1.469,1.00,1.40
2009.03.24 14:50:16.893,1.4689,1.469,1.00,1.40
2009.03.24 14:50:28.231,1.4687,1.4689,1.00,1.60
2009.03.24 14:50:29.590,1.46865,1.46885,14.80,1.60
2009.03.24 14:50:36.069,1.46865,1.4689,18.80,1.60
2009.03.24 14:50:36.519,1.46865,1.4689,20.40,1.60
2009.03.24 14:50:36.858,1.4687,1.4689,9.60,1.60
2009.03.24 14:50:37.039,1.46875,1.4689,4.80,1.60
2009.03.24 14:50:37.328,1.46875,1.4689,8.80,1.60
2009.03.24 14:50:37.668,1.4687,1.4689,6.80,1.60
2009.03.24 14:50:39.528,1.46885,1.4689,8.80,1.60
2009.03.24 14:50:39.878,1.4689,1.46905,4.80,6.40
2009.03.24 14:50:40.048,1.4689,1.46905,16.00,6.40
2009.03.24 14:50:40.228,1.4689,1.46905,16.40,1.60
2009.03.24 14:50:40.458,1.469,1.46905,1.20,1.60
2009.03.24 14:50:40.948,1.46895,1.46905,2.00,1.60
2009.03.24 14:50:41.178,1.46895,1.46905,1.60,2.00
2009.03.24 14:50:41.297,1.46895,1.46905,6.40,1.60
2009.03.24 14:50:41.477,1.46895,1.46905,10.40,1.60
2009.03.24 14:50:42.467,1.46895,1.4691,10.40,1.60
2009.03.24 14:50:43.457,1.46895,1.46905,5.60,1.60
2009.03.24 14:50:43.797,1.46895,1.46905,1.60,1.60
2009.03.24 14:50:46.636,1.4691,1.46925,9.60,10.40
2009.03.24 14:50:46.936,1.46915,1.4693,3.60,3.20
2009.03.24 14:50:47.216,1.46915,1.4693,4.80,1.60
2009.03.24 14:50:47.506,1.4692,1.4693,9.60,1.60
2009.03.24 14:50:47.736,1.4692,1.4693,10.00,1.60
2009.03.24 14:50:47.916,1.4692,1.4693,16.40,1.60
2009.03.24 14:50:49.296,1.4692,1.4693,17.20,1.60
2009.03.24 14:50:49.646,1.4693,1.46935,5.20,4.80
2009.03.24 14:50:50.315,1.46935,1.46955,9.20,8.80
2009.03.24 14:50:50.615,1.46935,1.46955,4.00,8.80
2009.03.24 14:50:50.855,1.4693,1.46935,2.00,6.40
2009.03.24 14:50:51.195,1.4693,1.46935,1.60,6.40
2009.03.24 14:50:51.435,1.4693,1.46935,6.40,6.40
2009.03.24 14:50:52.335,1.4693,1.46935,6.80,6.40
2009.03.24 14:50:52.675,1.4693,1.46935,2.00,6.40
2009.03.24 14:50:52.855,1.4693,1.4696,2.00,11.20
2009.03.24 14:50:55.384,1.46935,1.4696,4.80,6.40
2009.03.24 14:50:55.504,1.4694,1.4696,9.60,1.60
2009.03.24 14:50:56.364,1.4695,1.4696,5.20,1.00
2009.03.24 14:50:56.774,1.4695,1.4697,5.20,7.20
2009.03.24 14:50:57.653,1.4695,1.4696,5.20,1.00
2009.03.24 14:50:58.903,1.4695,1.4697,5.20,7.00
2009.03.24 14:50:59.183,1.4695,1.4697,5.20,6.20
2009.03.24 14:51:00.043,1.4695,1.4697,5.20,7.00
2009.03.24 14:51:02.082,1.4695,1.4697,5.20,6.00
2009.03.24 14:51:02.482,1.4694,1.4696,12.40,6.00
2009.03.24 14:51:02.712,1.4695,1.4696,4.80,6.00
2009.03.24 14:51:02.882,1.4695,1.46955,5.20,1.60
2009.03.24 14:51:03.052,1.4695,1.4697,5.20,6.00
2009.03.24 14:51:03.222,1.4695,1.4697,5.20,6.80
2009.03.24 14:51:04.312,1.4695,1.4697,5.20,6.60
2009.03.24 14:51:04.892,1.4695,1.4697,5.20,6.80
2009.03.24 14:51:05.581,1.4695,1.4696,5.20,1.00
2009.03.24 14:51:05.961,1.4695,1.4696,5.20,1.00
2009.03.24 14:51:06.251,1.46945,1.4696,2.00,1.00
2009.03.24 14:51:06.361,1.46945,1.4696,5.80,1.00
2009.03.24 14:51:06.771,1.46945,1.4696,5.80,1.00
2009.03.24 14:51:08.921,1.46945,1.4696,5.80,1.00
2009.03.24 14:51:09.152,1.46945,1.4696,5.80,2.00
2009.03.24 14:51:09.431,1.4694,1.4695,6.80,1.00
2009.03.24 14:51:09.721,1.46945,1.46965,3.40,5.60
2009.03.24 14:51:10.001,1.46945,1.46965,4.20,2.20
2009.03.24 14:51:10.290,1.4694,1.4696,7.60,6.40
2009.03.24 14:51:10.521,1.4694,1.4696,5.20,6.40
2009.03.24 14:51:10.980,1.4694,1.4696,5.20,1.60
2009.03.24 14:51:12.990,1.46935,1.4695,4.80,1.60
2009.03.24 14:51:13.170,1.4693,1.4695,1.60,1.60
2009.03.24 14:51:13.330,1.4693,1.46955,16.40,1.60
2009.03.24 14:51:13.720,1.4694,1.46955,1.00,1.60
2009.03.24 14:51:14.409,1.4694,1.4695,1.00,1.60
2009.03.24 14:51:14.899,1.4694,1.46955,1.00,5.60
2009.03.24 14:51:15.239,1.4694,1.46955,1.00,6.40
2009.03.24 14:51:15.589,1.4694,1.4695,1.00,1.60
2009.03.24 14:51:15.919,1.4693,1.46955,16.40,1.60
2009.03.24 14:51:16.309,1.4693,1.46955,10.00,10.40
2009.03.24 14:51:16.659,1.4693,1.4695,4.80,1.60
2009.03.24 14:51:16.989,1.46925,1.4695,17.20,1.60
2009.03.24 14:51:17.329,1.4693,1.4695,1.60,1.60
2009.03.24 14:51:17.979,1.4694,1.4695,1.00,1.60
2009.03.24 14:51:19.428,1.4694,1.4695,4.80,1.60
2009.03.24 14:51:20.118,1.46935,1.46955,9.20,1.60
2009.03.24 14:51:20.288,1.4694,1.46955,1.00,1.60
2009.03.24 14:51:24.187,1.4694,1.46955,4.80,1.60
2009.03.24 14:51:24.527,1.4695,1.4696,1.00,1.80
2009.03.24 14:51:24.877,1.4695,1.4697,5.20,8.00
2009.03.24 14:51:25.157,1.46965,1.4697,1.00,9.30
2009.03.24 14:51:25.377,1.4696,1.46975,7.20,1.60
2009.03.24 14:51:25.597,1.46965,1.4698,1.00,5.60
2009.03.24 14:51:25.946,1.46955,1.4698,18.80,1.40
2009.03.24 14:51:26.327,1.46955,1.4698,14.00,1.40
2009.03.24 14:51:26.786,1.46955,1.4698,14.80,1.60
2009.03.24 14:51:27.286,1.46955,1.4698,14.80,1.40
2009.03.24 14:51:27.646,1.46955,1.4698,14.80,1.20
2009.03.24 14:51:27.876,1.46955,1.4698,14.80,1.20
2009.03.24 14:51:30.046,1.46955,1.4698,14.80,1.20
2009.03.24 14:51:30.516,1.46955,1.4698,14.80,1.40
2009.03.24 14:51:30.626,1.46955,1.4698,14.40,1.60
2009.03.24 14:51:30.986,1.46955,1.4698,4.40,5.60
2009.03.24 14:51:31.285,1.46955,1.4698,10.00,7.60
2009.03.24 14:51:31.505,1.46955,1.4698,5.20,7.60
2009.03.24 14:51:31.806,1.4695,1.46975,17.20,1.20
2009.03.24 14:51:32.145,1.4695,1.46975,16.40,2.20
2009.03.24 14:51:32.525,1.4695,1.46975,17.20,2.80
2009.03.24 14:51:32.865,1.4696,1.46975,1.00,1.20
2009.03.24 14:51:40.493,1.4696,1.46975,1.00,2.20
2009.03.24 14:51:40.893,1.46945,1.4697,24.40,1.60
2009.03.24 14:51:41.113,1.4695,1.46975,6.80,7.20
2009.03.24 14:51:41.413,1.4695,1.46975,11.60,12.00
2009.03.24 14:51:41.763,1.4695,1.46975,18.00,2.20
2009.03.24 14:51:42.103,1.4695,1.46975,18.00,2.40
2009.03.24 14:51:42.433,1.4695,1.46975,18.00,1.80
2009.03.24 14:51:42.613,1.4695,1.46975,18.00,1.60
2009.03.24 14:51:42.852,1.4696,1.46975,1.00,1.60
2009.03.24 14:51:43.262,1.4696,1.4697,1.00,1.60
2009.03.24 14:51:44.002,1.4696,1.46965,1.00,1.60
2009.03.24 14:51:44.122,1.4696,1.4697,1.00,1.60
2009.03.24 14:51:46.002,1.4696,1.46965,1.00,1.40
2009.03.24 14:51:46.232,1.4697,1.46985,1.00,23.00
2009.03.24 14:51:46.462,1.46965,1.4697,1.00,1.40
2009.03.24 14:51:50.081,1.46955,1.46975,10.20,1.40
2009.03.24 14:51:50.312,1.46955,1.46975,14.20,1.40
2009.03.24 14:51:50.471,1.46955,1.4698,14.20,3.00
2009.03.24 14:51:50.751,1.46955,1.4698,14.60,3.00
2009.03.24 14:51:51.720,1.46955,1.4698,14.60,2.00
2009.03.24 14:51:52.160,1.46955,1.4698,14.60,1.80
2009.03.24 14:51:52.400,1.46955,1.4698,14.60,2.00
2009.03.24 14:51:53.020,1.46955,1.4698,14.60,2.80
2009.03.24 14:51:53.080,1.46955,1.4698,14.60,6.20
2009.03.24 14:51:53.310,1.46955,1.4697,9.80,1.00
2009.03.24 14:51:53.620,1.46955,1.4697,9.20,1.20
2009.03.24 14:51:53.840,1.46955,1.4696,4.80,1.60
2009.03.24 14:51:54.060,1.4695,1.4696,2.00,1.60
2009.03.24 14:51:54.440,1.46945,1.4695,4.80,1.60
2009.03.24 14:51:55.170,1.4694,1.46955,4.80,1.60
2009.03.24 14:51:55.729,1.46935,1.46955,4.80,6.40
2009.03.24 14:51:56.009,1.46935,1.46955,8.80,1.60
2009.03.24 14:51:56.239,1.4693,1.46955,17.20,1.80
2009.03.24 14:51:56.699,1.46935,1.46955,5.40,1.20
2009.03.24 14:51:57.159,1.46935,1.4696,21.00,1.60
2009.03.24 14:51:57.399,1.46935,1.46955,20.60,1.20
2009.03.24 14:51:57.959,1.46935,1.4696,21.00,1.60
2009.03.24 14:51:58.249,1.46935,1.46955,20.60,1.20
2009.03.24 14:51:58.529,1.46935,1.4696,21.00,1.60
2009.03.24 14:51:58.979,1.46935,1.4696,20.40,1.60
2009.03.24 14:52:02.068,1.46935,1.46955,2.20,1.60
2009.03.24 14:52:02.448,1.46935,1.4696,7.40,6.40
2009.03.24 14:52:02.848,1.46935,1.4696,21.00,1.60
2009.03.24 14:52:03.480,1.46935,1.4696,5.00,6.40
2009.03.24 14:52:03.758,1.46945,1.46955,1.20,1.60
2009.03.24 14:52:04.167,1.46935,1.46955,6.40,1.60
2009.03.24 14:52:04.577,1.46935,1.4696,10.40,1.60
2009.03.24 14:52:04.857,1.46945,1.46955,1.20,1.60
2009.03.24 14:52:05.927,1.46945,1.4695,1.00,1.60
2009.03.24 14:52:06.207,1.4694,1.4695,1.00,1.60
2009.03.24 14:52:14.065,1.4693,1.4695,5.20,1.60
2009.03.24 14:52:14.365,1.4693,1.4694,1.00,1.00
2009.03.24 14:52:14.705,1.4693,1.46945,1.00,2.40
2009.03.24 14:52:16.835,1.4693,1.46945,1.00,2.40
2009.03.24 14:52:17.184,1.4693,1.46945,1.00,2.40
2009.03.24 14:52:17.904,1.4693,1.46945,1.00,2.40
2009.03.24 14:52:18.144,1.4693,1.46945,1.00,2.20
2009.03.24 14:52:18.306,1.4693,1.46945,1.00,2.20
2009.03.24 14:52:18.524,1.4693,1.46945,1.00,1.80
2009.03.24 14:52:18.754,1.4693,1.4695,1.00,11.20
2009.03.24 14:52:19.744,1.4693,1.46945,1.00,1.60
2009.03.24 14:52:20.373,1.4693,1.4695,1.00,12.00
2009.03.24 14:52:20.664,1.4692,1.46935,11.20,1.60
2009.03.24 14:52:21.004,1.4692,1.46935,9.60,3.20
2009.03.24 14:52:21.293,1.469,1.4691,4.80,1.00
2009.03.24 14:52:21.594,1.469,1.46915,6.40,4.60
2009.03.24 14:52:22.053,1.4689,1.469,9.80,1.00
2009.03.24 14:52:22.383,1.469,1.46905,4.80,1.00
2009.03.24 14:52:22.703,1.469,1.46925,6.80,11.20
2009.03.24 14:52:23.053,1.469,1.46925,11.60,6.40
2009.03.24 14:52:23.563,1.4691,1.46925,2.00,4.80
2009.03.24 14:52:23.913,1.4691,1.46925,5.60,4.80
2009.03.24 14:52:24.323,1.4692,1.46925,2.00,4.80
2009.03.24 14:52:24.672,1.4692,1.46925,10.00,6.40
2009.03.24 14:52:25.732,1.4692,1.46925,10.00,4.80
2009.03.24 14:52:26.242,1.4692,1.4693,10.00,4.80
2009.03.24 14:52:27.222,1.46915,1.4693,10.80,4.80
2009.03.24 14:52:27.572,1.4692,1.4694,10.00,4.80
2009.03.24 14:52:29.181,1.4692,1.46945,14.80,3.80
2009.03.24 14:52:29.573,1.4692,1.46945,16.40,1.60
2009.03.24 14:52:29.911,1.4692,1.46945,11.60,6.40
2009.03.24 14:52:30.361,1.4692,1.46945,11.60,6.80
2009.03.24 14:52:30.711,1.4692,1.46945,14.80,5.40
2009.03.24 14:52:30.941,1.4692,1.46945,14.80,4.60
2009.03.24 14:52:31.171,1.4692,1.4693,10.00,1.00
2009.03.24 14:52:31.351,1.4692,1.46935,10.00,1.00
2009.03.24 14:52:31.711,1.4692,1.46945,5.20,18.60
2009.03.24 14:52:32.061,1.4692,1.4694,5.20,1.60
2009.03.24 14:52:32.461,1.4692,1.4694,10.00,1.60
2009.03.24 14:52:32.800,1.4692,1.46945,14.80,4.00
2009.03.24 14:52:33.480,1.4692,1.4693,5.20,1.00
2009.03.24 14:52:33.820,1.46915,1.46935,5.20,7.20
2009.03.24 14:52:34.060,1.46915,1.4692,4.80,1.60
2009.03.24 14:52:34.300,1.4692,1.46925,4.80,2.30
2009.03.24 14:52:34.650,1.4692,1.46925,4.80,1.60
2009.03.24 14:52:34.890,1.4692,1.4693,4.80,3.20
2009.03.24 14:52:35.300,1.46925,1.4693,4.80,3.20
2009.03.24 14:52:35.700,1.46925,1.4693,4.80,1.60
2009.03.24 14:52:36.100,1.4692,1.4693,4.80,1.60
2009.03.24 14:52:36.730,1.46915,1.4693,4.80,1.60
2009.03.24 14:52:36.970,1.46915,1.46935,9.60,1.60
2009.03.24 14:52:37.299,1.4692,1.4694,4.80,1.60
2009.03.24 14:52:38.299,1.46915,1.4694,14.00,1.60
2009.03.24 14:52:38.879,1.46915,1.4694,14.00,3.20
2009.03.24 14:52:39.109,1.46915,1.4692,10.00,1.00
2009.03.24 14:52:39.559,1.46915,1.4692,9.60,1.00
2009.03.24 14:52:40.239,1.4691,1.46925,9.60,3.60
2009.03.24 14:52:40.759,1.4691,1.4692,4.80,3.00
2009.03.24 14:52:41.109,1.4691,1.4692,4.80,2.60
2009.03.24 14:52:41.408,1.46895,1.4692,11.60,1.80
2009.03.24 14:52:41.748,1.46895,1.4692,15.60,2.20
2009.03.24 14:52:42.498,1.46895,1.46915,5.60,1.60
2009.03.24 14:52:42.788,1.46895,1.46915,10.40,1.60
2009.03.24 14:52:43.198,1.46895,1.46915,6.40,1.60
2009.03.24 14:52:43.548,1.46905,1.46915,4.80,1.60
2009.03.24 14:52:44.688,1.469,1.46915,4.80,1.60
2009.03.24 14:52:45.378,1.46905,1.46915,4.80,1.60
2009.03.24 14:52:45.827,1.4691,1.46915,4.80,1.60
2009.03.24 14:52:46.367,1.46915,1.4692,4.80,4.00
2009.03.24 14:52:46.597,1.4691,1.46915,4.80,1.60
2009.03.24 14:52:46.877,1.4691,1.46915,4.80,2.40
2009.03.24 14:52:47.207,1.46905,1.46915,4.80,8.20
2009.03.24 14:52:47.827,1.46905,1.4691,4.80,1.60
2009.03.24 14:52:48.237,1.46905,1.4691,4.80,1.20
2009.03.24 14:52:48.397,1.469,1.4691,4.80,1.20
2009.03.24 14:52:48.677,1.46895,1.4691,4.80,1.40
2009.03.24 14:52:48.916,1.4689,1.46915,6.80,4.40
2009.03.24 14:52:49.196,1.4689,1.4691,6.40,1.20
2009.03.24 14:52:49.477,1.46895,1.46915,1.60,1.20
2009.03.24 14:52:49.766,1.46895,1.4691,6.40,1.20
2009.03.24 14:52:50.276,1.46895,1.4691,1.60,1.40
2009.03.24 14:52:50.626,1.46895,1.4691,1.60,1.20
2009.03.24 14:52:50.926,1.46885,1.46905,11.60,1.20
2009.03.24 14:52:51.276,1.46885,1.46905,6.80,2.60
2009.03.24 14:52:51.566,1.46885,1.46905,6.80,4.20
2009.03.24 14:52:51.846,1.46885,1.469,4.80,1.60
2009.03.24 14:52:52.196,1.4688,1.469,11.60,1.60
2009.03.24 14:52:52.666,1.4688,1.469,6.80,1.60
2009.03.24 14:52:55.555,1.4688,1.469,6.80,14.00
2009.03.24 14:52:57.265,1.4688,1.469,6.80,15.20
2009.03.24 14:52:58.344,1.4688,1.469,5.20,15.20
2009.03.24 14:52:58.684,1.4688,1.46895,5.20,4.80
2009.03.24 14:52:58.844,1.4688,1.4689,4.80,1.60
2009.03.24 14:52:59.014,1.4687,1.4689,1.60,1.60
2009.03.24 14:52:59.354,1.46865,1.4689,18.00,1.60
2009.03.24 14:52:59.644,1.4687,1.4689,4.80,1.60
2009.03.24 14:53:03.743,1.46865,1.4688,14.40,1.00
2009.03.24 14:53:04.203,1.46865,1.46875,1.60,2.20
2009.03.24 14:53:04.533,1.4685,1.46875,16.40,2.20
2009.03.24 14:53:04.823,1.4685,1.46875,16.40,2.60
2009.03.24 14:53:05.283,1.4685,1.46875,14.80,3.20
2009.03.24 14:53:06.282,1.46845,1.4685,4.00,1.00
2009.03.24 14:53:06.462,1.4684,1.4685,1.00,1.00
2009.03.24 14:53:06.693,1.46835,1.46855,1.00,10.00
2009.03.24 14:53:06.982,1.4683,1.46855,2.00,15.80
2009.03.24 14:53:07.272,1.4683,1.46855,2.80,15.80
2009.03.24 14:53:08.882,1.4683,1.46855,2.80,13.60
2009.03.24 14:53:09.162,1.4683,1.46855,3.60,13.60
2009.03.24 14:53:09.222,1.4683,1.46855,5.20,9.80
2009.03.24 14:53:09.963,1.4684,1.4686,5.20,6.40
2009.03.24 14:53:10.311,1.4684,1.46865,14.80,2.20
2009.03.24 14:53:10.542,1.4684,1.46865,14.80,3.00
2009.03.24 14:53:11.041,1.4684,1.46865,14.80,2.20
2009.03.24 14:53:12.371,1.4685,1.46865,1.00,2.20
2009.03.24 14:53:12.541,1.4685,1.46865,5.20,1.60
2009.03.24 14:53:12.721,1.4685,1.4687,5.20,3.20
2009.03.24 14:53:13.021,1.4685,1.4687,5.20,1.60
2009.03.24 14:53:13.781,1.4685,1.4687,5.20,3.20
2009.03.24 14:53:14.181,1.4685,1.4686,5.20,1.00
2009.03.24 14:53:14.530,1.46845,1.46865,6.40,2.80
2009.03.24 14:53:15.510,1.46845,1.46865,6.40,2.20
2009.03.24 14:53:15.750,1.46845,1.46865,6.40,1.60
2009.03.24 14:53:16.390,1.4685,1.46865,5.20,11.40
2009.03.24 14:53:16.710,1.46855,1.46875,1.20,8.60
2009.03.24 14:53:17.170,1.4685,1.4687,7.60,1.60
2009.03.24 14:53:17.450,1.4685,1.4687,5.20,1.80
2009.03.24 14:53:17.729,1.4685,1.4687,5.20,2.20
2009.03.24 14:53:18.131,1.4685,1.4687,5.20,2.00
2009.03.24 14:53:18.420,1.4685,1.4686,5.20,1.00
2009.03.24 14:53:18.709,1.4685,1.4686,5.20,1.00
2009.03.24 14:53:19.859,1.4685,1.4686,5.20,1.00
2009.03.24 14:53:20.379,1.4685,1.4687,5.20,4.80
2009.03.24 14:53:20.729,1.4685,1.4687,5.20,1.60
2009.03.24 14:53:21.409,1.4685,1.4687,5.20,4.60
2009.03.24 14:53:21.699,1.4685,1.46865,4.80,1.40
2009.03.24 14:53:23.738,1.4685,1.4687,5.20,4.80
2009.03.24 14:53:23.798,1.4685,1.4686,5.20,1.00
2009.03.24 14:53:24.078,1.46845,1.46855,5.20,1.40
2009.03.24 14:53:24.518,1.46845,1.46865,4.40,8.40
2009.03.24 14:53:24.808,1.4684,1.4686,9.20,1.60
2009.03.24 14:53:25.548,1.4684,1.4686,6.80,1.60
2009.03.24 14:53:26.149,1.4684,1.4686,6.80,1.40
2009.03.24 14:53:27.727,1.4684,1.4686,6.80,3.80
2009.03.24 14:53:28.057,1.4684,1.4686,6.80,1.60
2009.03.24 14:53:28.677,1.4684,1.46855,6.40,1.60
2009.03.24 14:53:29.637,1.4684,1.4686,6.80,1.60
2009.03.24 14:53:30.467,1.46845,1.4686,4.80,1.60
2009.03.24 14:53:30.586,1.46845,1.4686,10.40,1.60
2009.03.24 14:53:30.936,1.46845,1.4686,15.20,1.40
2009.03.24 14:53:31.056,1.4685,1.4686,4.80,1.40
2009.03.24 14:53:31.236,1.4685,1.4686,9.60,1.40
2009.03.24 14:53:31.357,1.4685,1.46865,14.40,1.40
2009.03.24 14:53:31.816,1.46845,1.4686,11.20,1.40
2009.03.24 14:53:32.276,1.46855,1.4687,8.80,3.80
2009.03.24 14:53:32.616,1.4685,1.4687,17.20,3.80
2009.03.24 14:53:33.476,1.4685,1.46865,17.20,1.40
2009.03.24 14:53:33.826,1.4685,1.4686,6.40,1.40
2009.03.24 14:53:34.126,1.46845,1.4686,1.60,1.40
2009.03.24 14:53:35.155,1.4684,1.4686,17.20,1.40
2009.03.24 14:53:35.375,1.4684,1.46855,16.00,1.40
2009.03.24 14:53:35.595,1.4684,1.46855,9.60,1.60
2009.03.24 14:53:35.765,1.4684,1.46855,9.60,2.00
2009.03.24 14:53:35.935,1.4684,1.46855,4.80,2.00
2009.03.24 14:53:36.165,1.4684,1.4685,4.80,1.60
2009.03.24 14:53:36.445,1.4684,1.46855,1.00,11.80
2009.03.24 14:53:36.565,1.46825,1.46845,11.20,1.60
2009.03.24 14:53:37.075,1.46815,1.4684,6.80,1.60
2009.03.24 14:53:37.595,1.4682,1.46835,4.80,2.20
2009.03.24 14:53:39.234,1.4682,1.4683,4.80,1.60
2009.03.24 14:53:39.694,1.46815,1.4683,4.80,6.40
2009.03.24 14:53:39.966,1.46815,1.46825,4.80,1.60
2009.03.24 14:53:40.434,1.46805,1.46825,3.60,9.20
2009.03.24 14:53:40.894,1.46805,1.46825,1.00,13.20
2009.03.24 14:53:41.954,1.468,1.4682,5.20,1.60
2009.03.24 14:53:42.183,1.468,1.4682,5.20,3.20
2009.03.24 14:53:42.414,1.46795,1.46815,6.80,7.00
2009.03.24 14:53:42.584,1.46795,1.46815,5.20,10.00
2009.03.24 14:53:42.823,1.46795,1.4681,4.80,1.60
2009.03.24 14:53:43.164,1.46795,1.4681,1.00,1.60
2009.03.24 14:53:43.333,1.46795,1.46805,1.00,1.00
2009.03.24 14:53:43.563,1.46795,1.46815,1.00,14.60
2009.03.24 14:53:43.793,1.46795,1.468,1.00,1.00
2009.03.24 14:53:44.483,1.46795,1.46815,1.00,10.20
2009.03.24 14:53:44.823,1.46795,1.468,1.00,1.00
2009.03.24 14:53:46.103,1.46795,1.46805,1.00,1.00
2009.03.24 14:53:46.163,1.46795,1.46815,1.00,14.20
2009.03.24 14:53:46.403,1.46795,1.46815,1.00,14.40
2009.03.24 14:53:46.522,1.46795,1.46815,1.00,14.80
2009.03.24 14:53:47.002,1.46795,1.46815,1.00,14.00
2009.03.24 14:53:47.232,1.4679,1.4681,5.20,1.60
2009.03.24 14:53:47.633,1.4679,1.4681,4.80,1.60
2009.03.24 14:53:47.862,1.4679,1.4681,1.00,1.60
2009.03.24 14:53:48.262,1.4679,1.4681,1.00,6.40
2009.03.24 14:53:48.492,1.46785,1.46805,1.00,1.60
2009.03.24 14:53:48.722,1.4679,1.4681,1.00,2.40
2009.03.24 14:53:49.072,1.46785,1.46805,9.20,2.00
2009.03.24 14:53:49.682,1.46795,1.468,1.00,1.00
2009.03.24 14:53:49.972,1.4679,1.468,1.00,1.00
2009.03.24 14:53:50.142,1.4679,1.468,5.20,1.00
2009.03.24 14:53:50.731,1.4679,1.46805,4.80,2.00
2009.03.24 14:53:51.072,1.46785,1.46795,4.80,2.00
2009.03.24 14:53:51.352,1.4678,1.46795,14.80,2.00
2009.03.24 14:53:51.712,1.4678,1.46795,9.60,2.00
2009.03.24 14:53:52.121,1.4678,1.46795,4.80,2.00
2009.03.24 14:53:52.532,1.4678,1.4679,5.20,1.00
2009.03.24 14:53:53.231,1.4678,1.468,5.20,1.60
2009.03.24 14:53:53.461,1.4678,1.46795,4.80,1.60
2009.03.24 14:53:53.621,1.4678,1.46795,4.80,1.20
2009.03.24 14:53:54.341,1.46785,1.46795,8.80,1.20
2009.03.24 14:53:55.101,1.46785,1.4679,13.60,1.20
2009.03.24 14:53:55.281,1.46785,1.46795,13.60,1.00
2009.03.24 14:53:55.630,1.46785,1.46795,5.60,1.00
2009.03.24 14:53:55.971,1.46785,1.46795,4.80,1.00
2009.03.24 14:53:56.370,1.46785,1.46795,18.40,1.00
2009.03.24 14:53:56.710,1.4678,1.46795,7.20,1.00
2009.03.24 14:53:57.000,1.4678,1.468,6.80,3.40
2009.03.24 14:53:57.330,1.4678,1.46795,6.40,1.00
2009.03.24 14:53:57.851,1.4678,1.468,6.80,3.40
2009.03.24 14:53:58.270,1.46785,1.468,11.20,3.40
2009.03.24 14:53:58.550,1.46785,1.468,20.00,3.40
2009.03.24 14:53:58.940,1.46785,1.46805,20.40,3.40
2009.03.24 14:53:59.340,1.4678,1.468,8.40,1.40
2009.03.24 14:53:59.969,1.4678,1.468,6.80,1.40
2009.03.24 14:54:00.429,1.4678,1.46795,6.40,1.40
2009.03.24 14:54:00.769,1.4678,1.468,6.80,1.40
2009.03.24 14:54:01.399,1.46785,1.46805,1.00,10.20
2009.03.24 14:54:01.739,1.46785,1.468,4.80,1.40
2009.03.24 14:54:02.209,1.46785,1.46805,5.20,8.60
2009.03.24 14:54:03.648,1.468,1.46805,1.60,1.60
2009.03.24 14:54:03.758,1.468,1.46805,2.00,1.60
2009.03.24 14:54:04.229,1.46805,1.4681,9.20,1.60
2009.03.24 14:54:04.528,1.46795,1.46805,9.60,1.40
2009.03.24 14:54:04.858,1.46795,1.46805,4.80,1.40
2009.03.24 14:54:05.328,1.46795,1.46805,9.60,1.40
2009.03.24 14:54:06.288,1.46795,1.46805,4.80,1.40
2009.03.24 14:54:06.618,1.46795,1.468,4.80,1.40
2009.03.24 14:54:07.188,1.46795,1.468,4.80,1.00
2009.03.24 14:54:07.487,1.46785,1.468,21.20,1.00
2009.03.24 14:54:07.888,1.46795,1.4681,13.60,5.40
2009.03.24 14:54:08.167,1.46795,1.46805,8.80,2.80
2009.03.24 14:54:09.307,1.46795,1.46805,8.80,1.60
2009.03.24 14:54:09.597,1.46795,1.46805,13.60,1.60
2009.03.24 14:54:10.067,1.46795,1.46805,15.20,1.60
2009.03.24 14:54:10.298,1.46795,1.46805,5.20,2.00
2009.03.24 14:54:10.468,1.46785,1.46805,6.80,5.20
2009.03.24 14:54:12.126,1.46785,1.46805,2.00,5.20
2009.03.24 14:54:12.586,1.46785,1.46805,1.00,6.40
2009.03.24 14:54:12.936,1.46775,1.468,21.20,1.20
2009.03.24 14:54:12.986,1.46785,1.46805,5.20,10.00
2009.03.24 14:54:13.276,1.46775,1.468,22.80,1.20
2009.03.24 14:54:13.696,1.4678,1.468,6.80,1.80
2009.03.24 14:54:13.976,1.4678,1.468,6.80,2.00
2009.03.24 14:54:15.196,1.4678,1.468,5.20,2.00
2009.03.24 14:54:15.775,1.4678,1.46795,4.80,2.20
2009.03.24 14:54:15.825,1.46775,1.46795,10.80,2.20
2009.03.24 14:54:16.355,1.46775,1.4679,4.80,2.60
2009.03.24 14:54:16.655,1.4677,1.4679,10.00,5.80
2009.03.24 14:54:16.935,1.4677,1.4679,5.20,1.80
2009.03.24 14:54:17.235,1.4677,1.4679,10.80,1.80
2009.03.24 14:54:20.294,1.4677,1.4679,16.40,1.40
2009.03.24 14:54:22.334,1.4677,1.4679,17.20,1.40
2009.03.24 14:54:22.684,1.46775,1.46795,1.20,1.60
2009.03.24 14:54:22.964,1.4677,1.4679,17.20,1.60
2009.03.24 14:54:23.893,1.4677,1.4679,14.80,1.60
2009.03.24 14:54:24.573,1.4677,1.46785,9.60,1.40
2009.03.24 14:54:24.863,1.4677,1.46785,9.60,1.40
2009.03.24 14:54:25.153,1.4677,1.46785,14.40,1.40
2009.03.24 14:54:25.434,1.4677,1.4678,14.40,1.40
2009.03.24 14:54:25.663,1.4677,1.46785,14.40,1.40
2009.03.24 14:54:25.963,1.4677,1.46785,9.60,1.40
2009.03.24 14:54:26.183,1.4677,1.46785,9.60,1.60
2009.03.24 14:54:26.523,1.46765,1.46785,9.20,1.60
2009.03.24 14:54:26.863,1.46765,1.46785,5.20,1.60
2009.03.24 14:54:28.872,1.46765,1.4678,4.80,1.60
2009.03.24 14:54:31.222,1.46765,1.46785,5.20,1.60
2009.03.24 14:54:32.202,1.46765,1.46785,5.20,5.60
2009.03.24 14:54:33.831,1.46765,1.46775,4.80,4.80
2009.03.24 14:54:34.061,1.46765,1.4677,2.80,1.40
2009.03.24 14:54:34.231,1.4675,1.4677,17.40,1.40
2009.03.24 14:54:34.582,1.46755,1.4677,5.60,1.60
2009.03.24 14:54:34.861,1.46755,1.4677,4.80,1.60
2009.03.24 14:54:35.151,1.4675,1.4677,10.20,1.60
2009.03.24 14:54:35.971,1.4675,1.4677,7.60,1.60
2009.03.24 14:54:36.151,1.46745,1.46755,3.20,2.20
2009.03.24 14:54:36.331,1.4674,1.46755,4.80,3.80
2009.03.24 14:54:36.671,1.46745,1.46755,4.80,3.80
2009.03.24 14:54:36.850,1.46735,1.46755,4.40,3.80
2009.03.24 14:54:37.280,1.46745,1.46755,1.00,3.20
2009.03.24 14:54:37.690,1.46745,1.4676,1.00,2.40
2009.03.24 14:54:42.149,1.46735,1.4674,4.80,1.00
2009.03.24 14:54:42.559,1.46735,1.46745,4.80,1.00
2009.03.24 14:54:42.969,1.4674,1.4675,4.80,1.60
2009.03.24 14:54:44.588,1.4674,1.46755,4.80,1.60
2009.03.24 14:54:45.139,1.4674,1.4676,5.20,1.60
2009.03.24 14:54:45.779,1.4674,1.4676,10.00,1.60
2009.03.24 14:54:46.118,1.46745,1.46765,5.20,4.00
2009.03.24 14:54:46.638,1.46745,1.46765,4.80,2.40
2009.03.24 14:54:46.948,1.4674,1.4676,13.20,1.60
2009.03.24 14:54:47.248,1.4674,1.4676,8.40,1.60
2009.03.24 14:54:47.598,1.4674,1.46755,4.80,1.60
2009.03.24 14:54:48.068,1.4674,1.46755,4.80,2.20
2009.03.24 14:54:50.097,1.4674,1.46755,4.80,1.80
2009.03.24 14:54:50.327,1.46735,1.46755,4.40,1.40
2009.03.24 14:54:50.668,1.4674,1.46755,5.20,1.60
2009.03.24 14:54:50.887,1.4674,1.46755,5.20,4.80
2009.03.24 14:54:51.117,1.4674,1.46755,4.80,4.60
2009.03.24 14:54:51.457,1.4673,1.46755,17.20,2.20
2009.03.24 14:54:51.787,1.4673,1.46755,16.40,2.20
2009.03.24 14:54:52.177,1.46735,1.46755,4.80,2.20
2009.03.24 14:54:52.476,1.4674,1.4676,5.20,7.60
2009.03.24 14:54:52.867,1.4674,1.4676,5.20,5.80
2009.03.24 14:54:53.556,1.4676,1.46765,2.80,4.80
2009.03.24 14:54:53.846,1.46755,1.46765,10.80,1.00
2009.03.24 14:54:54.006,1.4676,1.4678,10.00,1.40
2009.03.24 14:54:54.336,1.46765,1.4678,4.00,1.40
2009.03.24 14:54:54.686,1.46765,1.46785,4.80,6.20
2009.03.24 14:54:55.556,1.46755,1.46775,8.00,6.40
2009.03.24 14:54:55.676,1.46755,1.4677,8.00,1.60
2009.03.24 14:54:55.916,1.46755,1.4677,1.60,1.60
2009.03.24 14:54:56.087,1.46755,1.4677,1.60,1.40
2009.03.24 14:54:56.686,1.46755,1.46765,1.60,1.60
2009.03.24 14:54:57.026,1.4675,1.46765,6.40,1.60
2009.03.24 14:54:57.365,1.4676,1.4677,1.40,1.60
2009.03.24 14:54:57.636,1.4675,1.4677,16.40,1.60
2009.03.24 14:54:58.035,1.46755,1.46765,4.80,1.60
2009.03.24 14:54:58.575,1.46755,1.4676,4.80,1.60
2009.03.24 14:54:59.335,1.46745,1.46755,8.80,1.60
2009.03.24 14:54:59.775,1.4675,1.46765,1.00,8.80
2009.03.24 14:55:00.585,1.4675,1.46765,4.80,2.20
2009.03.24 14:55:00.985,1.4675,1.46765,4.80,5.60
2009.03.24 14:55:01.165,1.4674,1.4676,16.40,1.60
2009.03.24 14:55:01.614,1.46745,1.4676,6.40,1.60
2009.03.24 14:55:01.994,1.46745,1.46765,10.80,1.80
2009.03.24 14:55:02.344,1.46745,1.46765,4.80,5.80
2009.03.24 14:55:02.804,1.4674,1.46755,16.00,1.20
2009.03.24 14:55:04.944,1.4674,1.46755,14.40,1.20
2009.03.24 14:55:05.345,1.4674,1.46755,4.80,1.20
2009.03.24 14:55:05.514,1.4674,1.4675,4.80,1.20
2009.03.24 14:55:05.574,1.4674,1.4675,4.80,1.20
2009.03.24 14:55:05.813,1.46735,1.4675,13.60,1.20
2009.03.24 14:55:06.553,1.46735,1.4675,8.80,1.20
2009.03.24 14:55:06.893,1.46735,1.46755,1.20,5.00
2009.03.24 14:55:07.573,1.46735,1.46755,2.00,5.00
2009.03.24 14:55:08.393,1.46735,1.46755,1.20,5.00
2009.03.24 14:55:08.503,1.46735,1.46755,2.40,9.80
2009.03.24 14:55:08.623,1.46735,1.46755,4.40,9.80
2009.03.24 14:55:08.732,1.46735,1.4675,4.40,2.80
2009.03.24 14:55:08.974,1.46735,1.46755,5.20,5.60
2009.03.24 14:55:09.083,1.46735,1.46755,9.20,1.60
2009.03.24 14:55:09.772,1.46735,1.46755,18.80,1.60
2009.03.24 14:55:10.062,1.4674,1.46755,4.80,1.60
2009.03.24 14:55:15.151,1.4674,1.46755,14.40,1.60
2009.03.24 14:55:15.441,1.46745,1.46765,4.40,3.00
2009.03.24 14:55:15.781,1.46745,1.46765,14.00,3.80
2009.03.24 14:55:15.961,1.46745,1.46765,9.20,3.80
2009.03.24 14:55:17.401,1.46745,1.4675,8.80,1.60
2009.03.24 14:55:17.680,1.46745,1.4675,4.80,1.60
2009.03.24 14:55:17.971,1.46735,1.4675,18.40,1.60
2009.03.24 14:55:18.680,1.46745,1.4675,13.60,1.60
2009.03.24 14:55:18.960,1.46745,1.46755,4.80,1.60
2009.03.24 14:55:19.530,1.4674,1.46755,9.60,1.60
2009.03.24 14:55:19.810,1.4674,1.46755,15.20,1.60
2009.03.24 14:55:20.030,1.46745,1.46755,4.80,1.60
2009.03.24 14:55:20.540,1.46745,1.46755,8.80,1.60
2009.03.24 14:55:21.220,1.46745,1.4676,8.80,1.60
2009.03.24 14:55:21.450,1.4675,1.4676,4.80,1.60
2009.03.24 14:55:21.620,1.46755,1.46765,4.80,3.80
2009.03.24 14:55:23.849,1.46755,1.46765,4.00,3.80
2009.03.24 14:55:24.010,1.46745,1.46765,15.60,3.80
2009.03.24 14:55:24.519,1.46745,1.4676,13.60,1.40
2009.03.24 14:55:24.869,1.4675,1.46755,4.80,1.40
2009.03.24 14:55:24.989,1.4675,1.46765,9.60,5.00
2009.03.24 14:55:25.149,1.4675,1.4677,11.20,17.20
2009.03.24 14:55:25.402,1.46745,1.4676,2.00,12.00
2009.03.24 14:55:25.688,1.46735,1.46755,8.40,5.20
2009.03.24 14:55:25.921,1.46735,1.46755,6.80,5.20
2009.03.24 14:55:26.249,1.46745,1.4676,4.80,6.00
2009.03.24 14:55:26.608,1.46745,1.4676,5.60,1.20
2009.03.24 14:55:26.958,1.46745,1.4675,5.60,4.80
2009.03.24 14:55:27.408,1.4674,1.46745,4.80,2.40
2009.03.24 14:55:27.728,1.4676,1.4677,1.00,15.00
2009.03.24 14:55:28.209,1.46755,1.4678,6.00,15.80
2009.03.24 14:55:28.448,1.4678,1.46785,1.00,4.40
2009.03.24 14:55:28.738,1.4678,1.46785,1.40,4.00
2009.03.24 14:55:29.208,1.46775,1.4678,8.80,1.40
2009.03.24 14:55:29.678,1.4677,1.46775,9.30,1.40
2009.03.24 14:55:30.018,1.46765,1.46775,4.80,5.40
2009.03.24 14:55:30.357,1.46765,1.4677,4.80,1.40
2009.03.24 14:55:31.087,1.4677,1.46775,4.80,2.60
2009.03.24 14:55:31.387,1.4676,1.46765,7.00,1.40
2009.03.24 14:55:31.777,1.4676,1.46765,5.20,1.40
2009.03.24 14:55:32.277,1.4676,1.4678,5.20,3.80
2009.03.24 14:55:32.457,1.46775,1.4678,4.80,3.80
2009.03.24 14:55:33.207,1.46765,1.46775,6.40,1.40
2009.03.24 14:55:33.427,1.46775,1.4678,4.80,3.80
2009.03.24 14:55:33.836,1.4677,1.4678,4.80,3.80
2009.03.24 14:55:38.326,1.46775,1.46785,4.80,3.40
2009.03.24 14:55:38.686,1.46775,1.46785,4.80,1.00
2009.03.24 14:55:38.806,1.46775,1.4679,4.80,7.20
2009.03.24 14:55:38.965,1.4677,1.4679,1.00,7.20
2009.03.24 14:55:40.335,1.46765,1.4678,8.80,1.00
2009.03.24 14:55:40.565,1.46765,1.4678,9.20,1.00
2009.03.24 14:55:40.915,1.4676,1.4678,6.00,1.00
2009.03.24 14:55:41.085,1.4676,1.4677,4.40,12.00
2009.03.24 14:55:41.365,1.4675,1.46765,6.40,6.40
2009.03.24 14:55:41.525,1.4676,1.46765,1.00,8.00
2009.03.24 14:55:41.695,1.4676,1.46765,1.00,2.40
2009.03.24 14:55:41.975,1.4676,1.4678,1.00,11.20
2009.03.24 14:55:42.365,1.46765,1.4678,4.80,1.60
2009.03.24 14:55:42.754,1.46765,1.4678,8.80,1.60
2009.03.24 14:55:43.205,1.46765,1.4678,4.80,1.60
2009.03.24 14:55:43.434,1.46765,1.4678,8.80,1.60
2009.03.24 14:55:44.354,1.46765,1.4678,8.80,6.40
2009.03.24 14:55:44.694,1.46765,1.46775,3.20,4.80
2009.03.24 14:55:45.094,1.46765,1.46775,1.00,4.80
2009.03.24 14:55:45.204,1.4676,1.46775,5.20,4.80
2009.03.24 14:55:45.434,1.4676,1.4677,5.20,1.00
2009.03.24 14:55:45.594,1.4676,1.4677,4.80,1.00
2009.03.24 14:55:45.944,1.4676,1.4677,3.60,2.00
2009.03.24 14:55:46.063,1.4676,1.4677,1.00,3.60
2009.03.24 14:55:46.234,1.4676,1.46775,1.00,9.60
2009.03.24 14:55:46.413,1.46755,1.4676,4.80,1.00
2009.03.24 14:55:46.703,1.4675,1.4676,10.00,1.00
2009.03.24 14:55:47.173,1.4675,1.4677,10.00,4.60
2009.03.24 14:55:47.463,1.46755,1.4676,4.40,4.80
2009.03.24 14:55:47.753,1.4675,1.46755,10.80,3.20
2009.03.24 14:55:47.993,1.46755,1.4677,4.80,6.20
2009.03.24 14:55:48.263,1.46755,1.4677,4.80,1.40
2009.03.24 14:55:48.483,1.4675,1.4677,5.20,1.40
2009.03.24 14:55:48.663,1.4675,1.4677,10.00,1.40
2009.03.24 14:55:48.834,1.46755,1.4677,4.00,1.40
2009.03.24 14:55:49.003,1.46755,1.4677,4.80,1.40
2009.03.24 14:55:49.303,1.46755,1.4677,4.80,7.80
2009.03.24 14:55:49.483,1.4675,1.46765,10.00,4.80
2009.03.24 14:55:49.713,1.46755,1.46765,4.80,1.40
2009.03.24 14:55:50.183,1.46755,1.4676,4.80,1.40
2009.03.24 14:55:50.463,1.4675,1.46765,5.60,1.40
2009.03.24 14:55:50.813,1.46745,1.46755,4.80,1.40
2009.03.24 14:55:51.202,1.4675,1.46765,1.00,4.80
2009.03.24 14:55:51.493,1.46745,1.46755,4.80,1.40
2009.03.24 14:55:51.882,1.4674,1.46755,13.60,1.40
2009.03.24 14:55:52.352,1.4674,1.4675,13.60,1.60
2009.03.24 14:55:52.822,1.4674,1.4675,4.00,1.60
2009.03.24 14:55:53.062,1.4674,1.4675,6.40,1.60
2009.03.24 14:55:53.302,1.4674,1.4675,1.60,1.60
2009.03.24 14:55:53.522,1.4674,1.4675,11.20,1.60
2009.03.24 14:55:53.852,1.46745,1.4675,4.80,1.60
2009.03.24 14:55:54.152,1.46745,1.46755,4.80,1.60
2009.03.24 14:55:54.892,1.46745,1.46755,4.80,1.40
2009.03.24 14:55:55.432,1.4673,1.4675,1.60,9.40
2009.03.24 14:55:55.612,1.4673,1.46745,10.80,3.20
2009.03.24 14:55:55.841,1.46735,1.46745,4.80,1.60
2009.03.24 14:55:56.021,1.46735,1.4675,4.80,1.40
2009.03.24 14:55:56.361,1.46735,1.46745,4.80,1.40
2009.03.24 14:55:57.102,1.4673,1.46745,4.80,1.40
2009.03.24 14:55:57.391,1.4673,1.46745,4.80,1.60
2009.03.24 14:55:57.621,1.4674,1.46755,6.80,5.60
2009.03.24 14:55:58.241,1.46735,1.46745,1.60,1.60
2009.03.24 14:55:58.691,1.46735,1.46745,6.40,1.60
2009.03.24 14:55:58.990,1.46735,1.46745,8.80,1.60
2009.03.24 14:55:59.390,1.46735,1.46745,8.80,1.20
2009.03.24 14:55:59.900,1.4672,1.46725,4.80,1.20
2009.03.24 14:56:00.320,1.4671,1.46725,6.40,5.20
2009.03.24 14:56:00.490,1.4671,1.46725,1.60,4.00
2009.03.24 14:56:00.720,1.4671,1.4673,1.60,1.20
2009.03.24 14:56:00.990,1.4671,1.46725,1.60,1.20
2009.03.24 14:56:01.170,1.4671,1.46725,2.40,1.20
2009.03.24 14:56:01.340,1.46715,1.4673,4.80,1.20
2009.03.24 14:56:02.610,1.46715,1.46725,5.60,1.20
2009.03.24 14:56:03.179,1.46715,1.46725,4.80,1.20
2009.03.24 14:56:04.210,1.4671,1.46725,1.60,1.20
2009.03.24 14:56:04.629,1.46705,1.4672,6.40,1.60
2009.03.24 14:56:04.989,1.46705,1.46725,10.40,3.20
2009.03.24 14:56:05.289,1.46705,1.46725,15.20,1.40
2009.03.24 14:56:05.519,1.46705,1.4673,15.20,1.40
2009.03.24 14:56:06.299,1.46705,1.4673,15.60,1.40
2009.03.24 14:56:08.238,1.46705,1.4673,10.80,1.40
2009.03.24 14:56:08.588,1.46705,1.4673,6.00,2.00
2009.03.24 14:56:08.708,1.46705,1.4672,1.00,6.40
2009.03.24 14:56:08.988,1.4669,1.4672,10.00,8.00
2009.03.24 14:56:09.168,1.4669,1.46715,1.00,11.40
2009.03.24 14:56:09.378,1.4669,1.46715,1.00,10.20
2009.03.24 14:56:09.718,1.4669,1.46715,1.00,14.20
2009.03.24 14:56:09.898,1.46685,1.4671,15.60,1.60
2009.03.24 14:56:11.487,1.46685,1.4671,14.00,1.60
2009.03.24 14:56:11.607,1.46685,1.4671,9.20,1.60
2009.03.24 14:56:12.047,1.46685,1.4671,14.00,1.60
2009.03.24 14:56:13.377,1.46685,1.4671,9.20,1.60
2009.03.24 14:56:13.717,1.46685,1.467,9.20,1.00
2009.03.24 14:56:13.887,1.46685,1.467,6.00,1.00
2009.03.24 14:56:14.177,1.4669,1.46715,5.20,17.40
2009.03.24 14:56:14.567,1.4669,1.46705,1.00,9.40
2009.03.24 14:56:15.377,1.4669,1.467,1.00,2.00
2009.03.24 14:56:15.557,1.4669,1.4671,1.00,13.40
2009.03.24 14:56:15.676,1.4669,1.46705,1.00,8.00
2009.03.24 14:56:16.926,1.46675,1.46705,9.80,16.80
2009.03.24 14:56:17.206,1.46685,1.467,4.80,5.80
2009.03.24 14:56:17.496,1.46685,1.4671,8.80,8.00
2009.03.24 14:56:18.926,1.46685,1.46705,9.40,3.20
2009.03.24 14:56:20.915,1.46685,1.46705,9.40,1.20
2009.03.24 14:56:21.125,1.467,1.46705,1.00,1.20
2009.03.24 14:56:22.525,1.46705,1.4671,4.80,4.80
2009.03.24 14:56:22.695,1.46705,1.4672,4.80,17.20
2009.03.24 14:56:23.035,1.4671,1.4672,4.80,3.60
2009.03.24 14:56:23.314,1.46715,1.4672,4.80,1.60
2009.03.24 14:56:23.724,1.4671,1.4672,4.80,1.60
2009.03.24 14:56:23.784,1.4671,1.46715,1.00,4.80
2009.03.24 14:56:24.404,1.4671,1.46715,4.80,6.20
2009.03.24 14:56:24.804,1.4671,1.4672,4.80,2.20
2009.03.24 14:56:25.154,1.4671,1.46715,4.80,1.40
2009.03.24 14:56:25.614,1.467,1.46715,9.60,1.00
2009.03.24 14:56:26.384,1.467,1.46715,10.40,1.00
2009.03.24 14:56:26.624,1.467,1.4672,10.80,3.40
2009.03.24 14:56:27.084,1.467,1.4672,12.40,1.00
2009.03.24 14:56:27.304,1.46705,1.46725,4.80,6.80
2009.03.24 14:56:27.524,1.4671,1.46725,4.80,5.80
2009.03.24 14:56:27.754,1.4671,1.46735,4.80,7.20
2009.03.24 14:56:27.984,1.46715,1.46735,8.80,1.00
2009.03.24 14:56:28.904,1.46715,1.46735,11.00,1.00
2009.03.24 14:56:29.193,1.4672,1.46725,9.60,1.60
2009.03.24 14:56:29.433,1.46725,1.46735,4.80,1.60
2009.03.24 14:56:29.613,1.4671,1.46735,7.60,11.20
2009.03.24 14:56:29.943,1.4671,1.4672,4.80,1.00
2009.03.24 14:56:30.113,1.46705,1.46725,4.00,2.40
2009.03.24 14:56:30.343,1.467,1.46725,11.60,6.40
2009.03.24 14:56:31.543,1.467,1.46725,11.60,7.40
2009.03.24 14:56:31.703,1.467,1.4671,5.20,1.00
2009.03.24 14:56:31.883,1.467,1.4671,5.20,1.00
2009.03.24 14:56:32.052,1.467,1.4672,5.20,1.60
2009.03.24 14:56:37.291,1.46705,1.46725,5.60,2.20
2009.03.24 14:56:37.931,1.46705,1.46725,4.40,2.20
2009.03.24 14:56:42.300,1.4671,1.4673,5.20,8.00
2009.03.24 14:56:42.520,1.4671,1.4673,10.00,4.60
2009.03.24 14:56:42.690,1.4672,1.46745,7.60,17.40
2009.03.24 14:56:42.910,1.4672,1.46745,12.40,4.40
2009.03.24 14:56:43.250,1.46725,1.4675,4.40,6.20
2009.03.24 14:56:43.590,1.46725,1.4675,14.00,1.40
2009.03.24 14:56:44.269,1.46725,1.4675,9.20,1.40
2009.03.24 14:56:44.550,1.46725,1.4675,4.40,1.60
2009.03.24 14:56:45.189,1.46725,1.4675,6.00,1.60
2009.03.24 14:56:45.409,1.46725,1.4675,15.60,1.60
2009.03.24 14:56:45.579,1.4673,1.4675,5.60,1.60
2009.03.24 14:56:45.799,1.46735,1.4675,4.80,1.60
2009.03.24 14:56:46.199,1.46735,1.4675,5.60,1.60
2009.03.24 14:56:48.489,1.46735,1.46745,5.60,1.60
2009.03.24 14:56:48.828,1.46735,1.46745,4.80,1.60
2009.03.24 14:56:50.108,1.4674,1.4675,4.80,1.60
2009.03.24 14:56:50.728,1.4674,1.46755,4.80,2.20
2009.03.24 14:56:50.788,1.4674,1.46755,4.80,1.80
2009.03.24 14:56:51.018,1.4674,1.46755,4.80,1.60
2009.03.24 14:56:51.138,1.4674,1.46755,4.80,1.40
2009.03.24 14:56:53.457,1.4674,1.46755,4.80,2.00
2009.03.24 14:56:56.217,1.4674,1.46755,4.80,2.20
2009.03.24 14:56:59.616,1.4674,1.46755,4.80,2.00
2009.03.24 14:57:00.576,1.4674,1.4675,4.80,1.80
2009.03.24 14:57:01.195,1.4674,1.46755,4.80,2.00
2009.03.24 14:57:01.675,1.4674,1.4675,5.20,1.00
2009.03.24 14:57:02.235,1.4674,1.46755,4.80,2.00
2009.03.24 14:57:02.815,1.4674,1.46755,4.80,1.40
2009.03.24 14:57:03.105,1.4674,1.46755,11.20,1.40
2009.03.24 14:57:03.325,1.4675,1.46765,4.80,9.40
2009.03.24 14:57:03.605,1.46755,1.46765,4.80,3.80
2009.03.24 14:57:04.505,1.46755,1.46765,5.60,1.60
2009.03.24 14:57:06.184,1.46755,1.4676,5.60,1.60
2009.03.24 14:57:06.534,1.46755,1.4676,4.80,1.40
2009.03.24 14:57:07.266,1.46755,1.4676,5.60,1.40
2009.03.24 14:57:07.494,1.46755,1.4676,2.40,1.40
2009.03.24 14:57:07.734,1.4675,1.4676,16.80,5.60
2009.03.24 14:57:08.084,1.46745,1.4675,4.40,1.00
2009.03.24 14:57:08.324,1.46745,1.4675,1.00,4.00
2009.03.24 14:57:08.594,1.46735,1.4675,1.80,9.00
2009.03.24 14:57:08.984,1.4673,1.4674,8.60,1.40
2009.03.24 14:57:09.454,1.4672,1.4674,6.00,1.40
2009.03.24 14:57:09.863,1.4672,1.4673,5.60,1.40
2009.03.24 14:57:10.154,1.4672,1.4673,4.80,1.40
2009.03.24 14:57:10.733,1.4672,1.4673,4.80,2.20
2009.03.24 14:57:11.083,1.4671,1.46725,8.80,1.40
2009.03.24 14:57:11.313,1.4671,1.46725,4.80,1.40
2009.03.24 14:57:12.273,1.4671,1.46725,6.40,1.40
2009.03.24 14:57:12.503,1.46715,1.46725,5.60,1.60
2009.03.24 14:57:13.483,1.4671,1.46725,7.60,1.60
2009.03.24 14:57:13.833,1.4671,1.4672,6.40,1.60
2009.03.24 14:57:14.292,1.4671,1.46725,4.80,1.60
2009.03.24 14:57:14.672,1.4671,1.46725,5.60,1.60
2009.03.24 14:57:14.902,1.46715,1.4672,4.80,1.60
2009.03.24 14:57:16.412,1.4671,1.4672,4.80,1.60
2009.03.24 14:57:17.002,1.4671,1.46725,4.80,1.60
2009.03.24 14:57:17.393,1.4671,1.4672,4.80,1.60
2009.03.24 14:57:17.681,1.46715,1.4672,4.80,1.60
2009.03.24 14:57:17.921,1.46715,1.4672,5.00,1.60
2009.03.24 14:57:18.161,1.46715,1.4672,2.50,1.60
2009.03.24 14:57:19.911,1.46715,1.4672,4.20,1.60
2009.03.24 14:57:20.091,1.467,1.46705,9.40,8.00
2009.03.24 14:57:20.321,1.46685,1.46705,6.40,6.40
2009.03.24 14:57:20.711,1.46685,1.4671,10.40,1.60
2009.03.24 14:57:20.881,1.46685,1.4671,5.60,1.60
2009.03.24 14:57:22.300,1.46685,1.4671,6.40,1.60
2009.03.24 14:57:22.480,1.46695,1.46715,4.80,4.80
2009.03.24 14:57:22.810,1.46695,1.46715,5.60,1.60
2009.03.24 14:57:23.560,1.467,1.4671,1.00,1.60
2009.03.24 14:57:24.280,1.467,1.46705,1.00,1.40
2009.03.24 14:57:25.029,1.467,1.4671,1.00,3.80
2009.03.24 14:57:25.210,1.467,1.46705,1.00,1.40
2009.03.24 14:57:28.919,1.467,1.46705,1.00,1.60
2009.03.24 14:57:29.948,1.46695,1.46705,5.80,1.60
2009.03.24 14:57:32.118,1.46695,1.46705,4.80,1.40
2009.03.24 14:57:33.218,1.46695,1.46705,4.80,6.20
2009.03.24 14:57:38.856,1.46695,1.467,4.80,1.40
2009.03.24 14:57:39.246,1.46695,1.46705,4.00,3.80
2009.03.24 14:57:39.466,1.46685,1.46705,9.40,8.60
2009.03.24 14:57:39.586,1.4668,1.467,9.60,1.40
2009.03.24 14:57:39.826,1.46675,1.46695,15.40,1.40
2009.03.24 14:57:40.116,1.4668,1.46695,1.00,6.20
2009.03.24 14:57:41.536,1.4667,1.46695,11.60,6.20
2009.03.24 14:57:42.615,1.4667,1.4669,12.40,1.40
2009.03.24 14:57:42.795,1.4667,1.4669,12.40,1.60
2009.03.24 14:57:43.016,1.4667,1.4669,11.60,1.60
2009.03.24 14:57:43.655,1.4668,1.46685,1.00,1.60
2009.03.24 14:57:44.545,1.4668,1.46695,1.00,14.00
2009.03.24 14:57:44.875,1.4668,1.46685,1.00,1.60
2009.03.24 14:57:45.325,1.46675,1.46685,4.80,1.60
2009.03.24 14:57:45.766,1.46675,1.4668,4.80,1.60
2009.03.24 14:57:46.004,1.4667,1.4668,4.80,1.60
2009.03.24 14:57:46.695,1.4667,1.46685,4.80,6.40
2009.03.24 14:57:46.934,1.4667,1.46685,9.60,1.60
2009.03.24 14:57:47.104,1.46675,1.46685,4.80,1.60
2009.03.24 14:57:47.384,1.46675,1.4668,4.80,1.60
2009.03.24 14:57:47.774,1.46675,1.46685,4.80,1.60
2009.03.24 14:57:48.714,1.4667,1.46675,5.60,1.60
2009.03.24 14:57:48.994,1.4667,1.46675,4.80,1.60
2009.03.24 14:57:49.864,1.46665,1.4667,9.90,1.60
2009.03.24 14:57:50.144,1.4666,1.4667,15.60,1.60
2009.03.24 14:57:50.424,1.4666,1.46665,14.00,1.60
2009.03.24 14:57:50.663,1.4666,1.46665,4.80,1.60
2009.03.24 14:57:50.843,1.4665,1.4666,9.60,1.60
2009.03.24 14:57:51.543,1.4665,1.46675,17.20,5.60
2009.03.24 14:57:52.283,1.46655,1.46675,4.80,5.60
2009.03.24 14:57:52.663,1.46655,1.4668,20.40,1.60
2009.03.24 14:57:52.903,1.46655,1.4668,15.60,1.60
2009.03.24 14:57:53.183,1.46655,1.4668,10.80,1.60
2009.03.24 14:57:53.462,1.46655,1.4668,20.40,1.60
2009.03.24 14:57:53.742,1.46655,1.4667,9.20,8.00
2009.03.24 14:57:54.032,1.46655,1.46665,4.00,5.40
2009.03.24 14:57:54.262,1.4666,1.46665,5.20,7.20
2009.03.24 14:57:54.552,1.4666,1.4668,10.80,3.00
2009.03.24 14:57:54.892,1.46665,1.46685,9.20,5.00
2009.03.24 14:57:55.273,1.4668,1.46695,1.00,7.00
2009.03.24 14:57:55.782,1.4668,1.4669,1.00,1.40
2009.03.24 14:57:56.352,1.4668,1.46695,1.00,1.60
2009.03.24 14:57:56.622,1.4668,1.4669,1.00,1.60
2009.03.24 14:57:57.132,1.4668,1.46685,1.00,1.60
2009.03.24 14:57:57.462,1.46675,1.46685,4.80,1.60
2009.03.24 14:57:57.742,1.46675,1.4669,4.00,1.60
2009.03.24 14:57:57.862,1.46675,1.46685,4.00,1.60
2009.03.24 14:57:58.202,1.4667,1.46685,1.60,1.60
2009.03.24 14:57:58.702,1.4667,1.4669,1.60,1.60
2009.03.24 14:57:58.991,1.46665,1.4669,20.60,1.60
2009.03.24 14:57:59.161,1.46665,1.46685,20.20,1.60
2009.03.24 14:57:59.331,1.46665,1.4669,20.60,1.60
2009.03.24 14:58:00.271,1.46665,1.4669,15.80,1.60
2009.03.24 14:58:00.961,1.46665,1.4669,11.00,1.60
2009.03.24 14:58:01.191,1.46665,1.4669,15.80,1.60
2009.03.24 14:58:03.950,1.4668,1.4669,1.00,1.60
2009.03.24 14:58:06.020,1.46675,1.467,15.60,1.40
2009.03.24 14:58:06.260,1.4668,1.46705,11.60,10.40
2009.03.24 14:58:06.379,1.46685,1.46705,10.40,1.60
2009.03.24 14:58:06.780,1.46685,1.4671,15.40,1.60
2009.03.24 14:58:06.839,1.46695,1.4671,4.80,1.60
2009.03.24 14:58:07.089,1.46695,1.4671,13.60,1.60
2009.03.24 14:58:07.259,1.46695,1.46715,13.60,1.60
2009.03.24 14:58:07.719,1.46695,1.4672,16.20,1.60
2009.03.24 14:58:10.140,1.46715,1.4672,1.00,1.60
2009.03.24 14:58:11.278,1.4672,1.46725,1.00,1.60
2009.03.24 14:58:12.138,1.4672,1.46725,1.00,1.60
2009.03.24 14:58:12.488,1.4671,1.46725,5.00,1.60
2009.03.24 14:58:12.778,1.46715,1.4673,8.80,1.60
2009.03.24 14:58:13.528,1.4672,1.4673,4.80,1.60
2009.03.24 14:58:13.818,1.46725,1.46735,4.80,1.60
2009.03.24 14:58:14.047,1.46725,1.4674,13.60,1.60
2009.03.24 14:58:14.268,1.4673,1.4674,4.80,1.60
2009.03.24 14:58:14.668,1.46725,1.4673,10.90,1.20
2009.03.24 14:58:15.008,1.4673,1.4674,1.00,2.60
2009.03.24 14:58:15.357,1.4673,1.46735,4.80,1.20
2009.03.24 14:58:15.647,1.4673,1.46735,9.60,1.20
2009.03.24 14:58:17.467,1.4673,1.4674,9.60,4.00
2009.03.24 14:58:17.807,1.4673,1.4674,9.60,4.00
2009.03.24 14:58:18.157,1.4673,1.4674,9.60,4.00
2009.03.24 14:58:20.716,1.46725,1.4673,13.60,1.00
2009.03.24 14:58:21.007,1.46725,1.4673,6.40,1.00
2009.03.24 14:58:21.176,1.46725,1.4674,4.80,1.60
2009.03.24 14:58:21.626,1.4672,1.46735,4.80,1.60
2009.03.24 14:58:21.846,1.46715,1.46735,5.20,8.00
2009.03.24 14:58:22.925,1.46715,1.46735,7.20,8.00
2009.03.24 14:58:23.275,1.46715,1.4673,6.80,1.60
2009.03.24 14:58:23.785,1.4672,1.46725,10.00,1.60
2009.03.24 14:58:23.896,1.4671,1.46725,4.80,4.00
2009.03.24 14:58:24.255,1.4671,1.46725,4.80,3.00
2009.03.24 14:58:24.495,1.4671,1.46725,4.80,3.80
2009.03.24 14:58:24.845,1.4671,1.46725,5.20,4.00
2009.03.24 14:58:25.195,1.4671,1.46725,4.80,4.00
2009.03.24 14:58:25.585,1.4671,1.4672,4.80,2.40
2009.03.24 14:58:26.025,1.467,1.46715,4.80,1.40
2009.03.24 14:58:26.365,1.46695,1.4671,18.40,1.40
2009.03.24 14:58:26.655,1.46705,1.46715,4.80,2.20
2009.03.24 14:58:28.514,1.467,1.46715,5.60,4.00
2009.03.24 14:58:28.744,1.467,1.46715,4.80,4.00
2009.03.24 14:58:30.314,1.4671,1.46715,1.00,4.00
2009.03.24 14:58:30.644,1.4671,1.46715,1.00,1.60
2009.03.24 14:58:31.413,1.46705,1.4671,2.20,1.60
2009.03.24 14:58:32.103,1.4671,1.46715,1.00,1.60
2009.03.24 14:58:32.663,1.46705,1.4671,4.80,1.60
2009.03.24 14:58:33.013,1.46705,1.4671,4.80,3.20
2009.03.24 14:58:33.343,1.467,1.46705,4.80,1.60
2009.03.24 14:58:33.923,1.467,1.4671,4.80,1.60
2009.03.24 14:58:36.172,1.467,1.4671,4.80,3.20
2009.03.24 14:58:36.572,1.46695,1.46705,10.60,1.60
2009.03.24 14:58:36.742,1.467,1.46705,4.80,1.60
2009.03.24 14:58:37.772,1.467,1.4671,4.80,2.40
2009.03.24 14:58:39.152,1.467,1.4671,4.80,1.60
2009.03.24 14:58:39.272,1.467,1.4671,4.80,1.40
2009.03.24 14:58:43.221,1.467,1.4671,4.80,1.60
2009.03.24 14:58:43.911,1.4669,1.46695,14.20,1.60
2009.03.24 14:58:44.081,1.4669,1.46705,9.60,1.60
2009.03.24 14:58:45.500,1.4669,1.46695,9.60,1.60
2009.03.24 14:58:46.910,1.4669,1.46705,9.60,1.60
2009.03.24 14:58:47.470,1.4669,1.467,9.60,1.60
2009.03.24 14:58:48.169,1.4669,1.46705,9.60,1.60
2009.03.24 14:58:48.749,1.4669,1.46705,9.60,1.40
2009.03.24 14:58:49.889,1.4669,1.46705,9.60,1.40
2009.03.24 14:58:50.109,1.4669,1.467,4.80,2.20
2009.03.24 14:58:50.399,1.4669,1.46705,4.80,2.40
2009.03.24 14:58:53.418,1.4669,1.46695,4.80,1.00
2009.03.24 14:58:53.708,1.4669,1.46695,4.80,2.20
2009.03.24 14:58:53.768,1.4669,1.467,4.80,2.20
2009.03.24 14:58:53.998,1.4669,1.467,6.40,2.20
2009.03.24 14:58:54.058,1.4669,1.467,16.00,1.60
2009.03.24 14:58:54.118,1.4669,1.467,11.20,1.60
2009.03.24 14:58:54.408,1.4669,1.4671,5.20,2.40
2009.03.24 14:58:55.318,1.4669,1.46695,4.80,1.60
2009.03.24 14:58:55.668,1.4669,1.4671,5.20,2.20
2009.03.24 14:58:56.261,1.4669,1.4671,5.20,3.80
2009.03.24 14:58:56.837,1.4669,1.4671,6.80,3.80
2009.03.24 14:59:01.506,1.4669,1.4671,6.80,4.20
2009.03.24 14:59:02.016,1.4669,1.4671,6.80,3.80
2009.03.24 14:59:02.296,1.4669,1.46715,16.40,1.60
2009.03.24 14:59:02.626,1.467,1.46715,4.80,1.60
2009.03.24 14:59:02.916,1.467,1.4672,5.20,6.40
2009.03.24 14:59:03.206,1.46705,1.4672,1.20,3.60
2009.03.24 14:59:03.736,1.46705,1.4672,3.20,4.80
2009.03.24 14:59:04.216,1.4671,1.46725,5.20,4.80
2009.03.24 14:59:04.566,1.4671,1.4672,9.60,4.80
2009.03.24 14:59:04.976,1.4671,1.4672,4.80,1.60
2009.03.24 14:59:06.155,1.46705,1.4672,4.80,1.60
2009.03.24 14:59:06.565,1.467,1.46715,4.80,1.60
2009.03.24 14:59:06.785,1.467,1.46715,6.40,1.60
2009.03.24 14:59:06.955,1.467,1.46715,12.00,1.60
2009.03.24 14:59:08.505,1.467,1.4671,12.00,1.60
2009.03.24 14:59:08.984,1.467,1.46715,12.00,1.60
2009.03.24 14:59:09.104,1.46705,1.4672,4.80,1.60
2009.03.24 14:59:09.564,1.467,1.46715,12.00,1.60
2009.03.24 14:59:09.844,1.467,1.4672,10.00,1.60
2009.03.24 14:59:10.244,1.467,1.4672,15.60,1.60
2009.03.24 14:59:10.524,1.467,1.4672,14.80,1.60
2009.03.24 14:59:10.974,1.46705,1.46725,5.20,8.60
2009.03.24 14:59:11.154,1.4671,1.46725,4.80,6.20
2009.03.24 14:59:11.374,1.4671,1.46725,4.80,2.20
2009.03.24 14:59:11.554,1.4671,1.46715,4.80,1.60
2009.03.24 14:59:11.894,1.4671,1.4672,5.20,1.00
2009.03.24 14:59:12.303,1.4671,1.4673,5.20,1.60
2009.03.24 14:59:12.524,1.46715,1.46735,1.00,18.00
2009.03.24 14:59:12.813,1.4672,1.46735,14.40,10.20
2009.03.24 14:59:13.424,1.4673,1.4674,9.60,1.40
2009.03.24 14:59:13.603,1.4673,1.46745,9.60,2.20
2009.03.24 14:59:13.823,1.4673,1.46745,4.80,2.80
2009.03.24 14:59:14.403,1.4673,1.46745,4.80,3.00
2009.03.24 14:59:14.613,1.4673,1.4674,5.20,1.00
2009.03.24 14:59:14.853,1.4673,1.4674,5.20,2.40
2009.03.24 14:59:15.203,1.46725,1.46745,9.60,8.20
2009.03.24 14:59:15.613,1.46725,1.46745,5.20,8.20
2009.03.24 14:59:16.232,1.4672,1.46735,7.20,2.00
2009.03.24 14:59:16.413,1.46725,1.46735,3.60,2.00
2009.03.24 14:59:16.583,1.467,1.4671,12.60,1.00
2009.03.24 14:59:16.992,1.467,1.4671,9.20,1.00
2009.03.24 14:59:17.322,1.467,1.4671,5.20,1.00
2009.03.24 14:59:17.742,1.467,1.4671,1.00,1.00
2009.03.24 14:59:18.092,1.467,1.4672,5.20,1.60
2009.03.24 14:59:19.072,1.467,1.4671,5.20,1.00
2009.03.24 14:59:22.761,1.467,1.4671,1.00,2.60
2009.03.24 14:59:23.031,1.4671,1.46715,1.00,1.60
2009.03.24 14:59:23.431,1.46705,1.46715,1.00,1.00
2009.03.24 14:59:23.891,1.4671,1.46725,1.00,8.80
2009.03.24 14:59:24.121,1.46715,1.46735,5.20,13.20
2009.03.24 14:59:24.401,1.46725,1.4673,4.80,1.60
2009.03.24 14:59:25.020,1.4671,1.4672,11.20,1.60
2009.03.24 14:59:25.320,1.4672,1.46735,1.00,4.40
2009.03.24 14:59:25.590,1.46715,1.4673,9.60,1.60
2009.03.24 14:59:25.870,1.4672,1.4673,9.60,1.60
2009.03.24 14:59:26.100,1.46725,1.4673,4.80,1.60
2009.03.24 14:59:26.340,1.4673,1.46735,1.00,2.40
2009.03.24 14:59:26.680,1.46715,1.46735,13.60,2.80
2009.03.24 14:59:27.020,1.4671,1.4673,4.80,1.20
2009.03.24 14:59:27.251,1.46705,1.4673,20.40,1.60
2009.03.24 14:59:27.420,1.46705,1.4673,20.40,1.20
2009.03.24 14:59:28.120,1.4671,1.46735,1.00,16.40
2009.03.24 14:59:28.909,1.4672,1.46735,12.00,11.60
2009.03.24 14:59:29.310,1.46725,1.46735,4.40,1.60
2009.03.24 14:59:29.720,1.4672,1.46735,12.40,1.60
2009.03.24 14:59:30.059,1.4672,1.46735,5.20,3.00
2009.03.24 14:59:30.479,1.46745,1.4676,6.40,5.80
2009.03.24 14:59:30.939,1.4675,1.4676,9.60,1.20
2009.03.24 14:59:31.119,1.46755,1.4676,5.60,1.20
2009.03.24 14:59:31.349,1.46755,1.4676,4.80,1.20
2009.03.24 14:59:31.799,1.46755,1.46765,4.80,1.60
2009.03.24 14:59:32.019,1.4675,1.46755,1.00,1.00
2009.03.24 14:59:32.369,1.46745,1.4676,6.80,2.00
2009.03.24 14:59:32.759,1.4676,1.46765,5.20,5.90
2009.03.24 14:59:32.988,1.4677,1.4678,4.80,1.60
2009.03.24 14:59:33.278,1.4677,1.46785,4.80,12.80
2009.03.24 14:59:33.629,1.4677,1.4678,4.80,2.60
2009.03.24 14:59:33.929,1.4677,1.4678,5.60,1.60
2009.03.24 14:59:34.149,1.46775,1.46785,4.80,9.60
2009.03.24 14:59:34.438,1.4677,1.4678,5.60,1.60
2009.03.24 14:59:34.728,1.46775,1.4678,1.00,4.80
2009.03.24 14:59:34.908,1.46755,1.46775,5.60,9.60
2009.03.24 14:59:35.148,1.46755,1.46775,1.60,13.60
2009.03.24 14:59:35.498,1.4675,1.46765,6.80,4.40
2009.03.24 14:59:35.848,1.46755,1.4676,6.00,1.20
2009.03.24 14:59:36.188,1.46755,1.4676,2.00,1.20
2009.03.24 14:59:36.778,1.46755,1.4676,1.00,2.60
2009.03.24 14:59:36.998,1.46755,1.4676,1.00,1.60
2009.03.24 14:59:37.798,1.46755,1.4677,4.00,2.00
2009.03.24 14:59:38.267,1.46755,1.46775,4.80,3.40
2009.03.24 14:59:38.687,1.46755,1.46775,4.80,8.20
2009.03.24 14:59:39.377,1.4675,1.46765,7.60,1.40
2009.03.24 14:59:39.677,1.4675,1.4677,4.80,3.80
2009.03.24 14:59:40.757,1.4675,1.4677,4.80,3.40
2009.03.24 14:59:40.937,1.4675,1.4677,4.80,4.20
2009.03.24 14:59:41.107,1.4675,1.46755,4.80,1.00
2009.03.24 14:59:41.166,1.4675,1.46755,4.80,1.60
2009.03.24 14:59:41.636,1.4675,1.46755,4.80,1.00
2009.03.24 14:59:42.906,1.4675,1.46765,4.80,2.40
2009.03.24 14:59:43.596,1.46745,1.4675,9.80,1.00
2009.03.24 14:59:43.886,1.4675,1.46755,4.80,1.60
2009.03.24 14:59:44.236,1.4675,1.4676,4.80,2.40
2009.03.24 14:59:44.916,1.4675,1.4676,4.80,2.60
2009.03.24 14:59:45.425,1.4673,1.46745,1.60,1.40
2009.03.24 14:59:45.756,1.46725,1.46735,15.80,1.40
2009.03.24 14:59:46.215,1.46725,1.46735,5.60,1.40
2009.03.24 14:59:46.395,1.4672,1.46735,17.20,2.40
2009.03.24 14:59:46.615,1.4672,1.46735,19.20,2.40
2009.03.24 14:59:46.955,1.4672,1.46735,6.40,2.20
2009.03.24 14:59:47.295,1.4672,1.46735,4.80,2.20
2009.03.24 14:59:47.925,1.4672,1.46735,4.80,2.40
2009.03.24 14:59:48.215,1.4672,1.46735,4.80,3.00
2009.03.24 14:59:48.665,1.4672,1.46735,4.80,1.40
2009.03.24 14:59:48.945,1.4672,1.4674,5.20,4.00
2009.03.24 14:59:49.065,1.4672,1.4674,5.20,3.80
2009.03.24 14:59:49.755,1.4672,1.4674,5.20,3.60
2009.03.24 14:59:50.044,1.4672,1.4674,5.20,3.80
2009.03.24 14:59:50.384,1.4674,1.46745,4.80,5.60
2009.03.24 14:59:50.734,1.46755,1.46765,1.00,6.40
2009.03.24 14:59:51.084,1.46745,1.46775,10.00,1.60
2009.03.24 14:59:51.314,1.4675,1.4678,4.80,9.60
2009.03.24 14:59:51.544,1.4676,1.4678,4.80,8.00
2009.03.24 14:59:52.304,1.4676,1.46775,5.20,10.80
2009.03.24 14:59:52.664,1.46755,1.4678,10.00,22.80
2009.03.24 14:59:53.004,1.4676,1.4678,4.80,18.00
2009.03.24 14:59:53.404,1.46755,1.4677,4.40,4.80
2009.03.24 14:59:53.814,1.46755,1.4677,1.00,16.80
2009.03.24 14:59:54.103,1.46755,1.4677,1.00,19.00
2009.03.24 14:59:54.393,1.46755,1.4677,1.00,17.60
2009.03.24 14:59:54.683,1.46755,1.4677,1.00,14.00
2009.03.24 14:59:54.913,1.4676,1.4677,4.80,14.00
2009.03.24 14:59:55.253,1.4676,1.4677,4.80,6.00
2009.03.24 14:59:55.613,1.4676,1.4677,4.80,6.40
2009.03.24 14:59:55.953,1.46755,1.46765,1.00,5.20
2009.03.24 14:59:56.233,1.46755,1.46765,4.40,4.80
2009.03.24 14:59:56.914,1.46755,1.4677,9.20,9.60
2009.03.24 14:59:57.213,1.46755,1.4677,4.40,9.60
2009.03.24 14:59:57.503,1.46755,1.4676,9.60,1.00
2009.03.24 14:59:57.852,1.46745,1.4675,4.80,1.00
2009.03.24 14:59:58.192,1.4675,1.46755,4.80,1.00
2009.03.24 14:59:58.552,1.4675,1.46775,4.80,22.40
2009.03.24 14:59:58.842,1.46755,1.4677,4.80,4.80
2009.03.24 14:59:59.872,1.46755,1.46775,4.80,8.80
