2016.06.08 16:00:00.129,1.45454,1.45461,1.31,1.50
2016.06.08 16:00:00.435,1.45452,1.4546,1.19,1.55
2016.06.08 16:00:01.197,1.45451,1.45459,1.19,1.20
2016.06.08 16:00:01.604,1.45451,1.45459,1.19,1.47
2016.06.08 16:00:01.906,1.45448,1.45456,1.69,1.37
2016.06.08 16:00:02.414,1.45447,1.45455,1.19,2.02
2016.06.08 16:00:03.292,1.45447,1.45455,1.69,1.65
2016.06.08 16:00:03.897,1.45448,1.45455,1.25,1.20
2016.06.08 16:00:04.100,1.4545,1.45457,1.00,1.50
2016.06.08 16:00:04.152,1.4545,1.45458,1.00,1.65
2016.06.08 16:00:04.203,1.4545,1.45458,1.69,1.65
2016.06.08 16:00:08.397,1.45453,1.45458,1.25,1.07
2016.06.08 16:00:08.449,1.45454,1.45462,1.00,1.27
2016.06.08 16:00:08.500,1.45456,1.45462,1.00,1.27
2016.06.08 16:00:09.007,1.45456,1.45462,1.00,1.00
2016.06.08 16:00:09.562,1.45457,1.45464,1.25,1.20
2016.06.08 16:00:10.430,1.45457,1.45466,1.69,2.70
2016.06.08 16:00:11.008,1.45459,1.45465,1.00,1.07
2016.06.08 16:00:12.389,1.45457,1.45466,1.69,1.45
2016.06.08 16:00:12.897,1.45457,1.45466,1.25,1.95
2016.06.08 16:00:13.469,1.45456,1.45461,1.19,1.50
2016.06.08 16:00:13.522,1.45452,1.45461,1.19,2.62
2016.06.08 16:00:13.677,1.45452,1.45461,1.19,1.12
2016.06.08 16:00:13.779,1.45455,1.45463,1.00,1.27
2016.06.08 16:00:13.933,1.45457,1.45466,1.25,2.02
2016.06.08 16:00:14.586,1.45458,1.45467,1.00,1.92
2016.06.08 16:00:15.549,1.45457,1.45467,1.69,2.02
2016.06.08 16:00:16.084,1.45458,1.45466,1.00,1.47
2016.06.08 16:00:17.737,1.45458,1.45466,1.00,1.20
2016.06.08 16:00:18.245,1.45459,1.45466,1.25,1.47
2016.06.08 16:00:20.250,1.45459,1.45466,1.25,1.85
2016.06.08 16:00:21.166,1.45459,1.45465,1.25,1.50
2016.06.08 16:00:21.877,1.45457,1.45465,1.69,1.50
2016.06.08 16:00:22.539,1.45455,1.45458,1.76,1.00
2016.06.08 16:00:22.590,1.45454,1.45459,1.07,1.10
2016.06.08 16:00:22.642,1.45453,1.45458,4.12,4.65
2016.06.08 16:00:22.745,1.4545,1.45457,1.69,1.95
2016.06.08 16:00:23.362,1.45451,1.45456,1.19,1.20
2016.06.08 16:00:23.429,1.45448,1.45458,1.69,1.95
2016.06.08 16:00:24.141,1.45454,1.45459,1.00,1.45
2016.06.08 16:00:24.192,1.45454,1.4546,1.00,1.12
2016.06.08 16:00:24.503,1.45453,1.4546,2.51,1.00
2016.06.08 16:00:25.011,1.45454,1.45461,2.06,1.00
2016.06.08 16:00:28.004,1.45454,1.4546,2.06,1.00
2016.06.08 16:00:28.547,1.45454,1.45461,2.06,1.00
2016.06.08 16:00:29.207,1.45454,1.45462,2.06,1.00
2016.06.08 16:00:29.360,1.45454,1.4546,1.69,1.00
2016.06.08 16:00:30.130,1.45454,1.45461,1.19,1.00
2016.06.08 16:00:32.538,1.45454,1.45459,1.19,1.00
2016.06.08 16:00:32.590,1.45452,1.45459,2.59,1.00
2016.06.08 16:00:33.096,1.45452,1.4546,1.39,1.12
2016.06.08 16:00:34.915,1.45452,1.45457,1.39,1.00
2016.06.08 16:00:35.425,1.4545,1.45459,1.69,1.50
2016.06.08 16:00:36.982,1.4545,1.45457,1.19,1.00
2016.06.08 16:00:37.186,1.4545,1.45459,2.81,1.00
2016.06.08 16:00:37.884,1.45453,1.45461,1.00,1.12
2016.06.08 16:00:38.599,1.45452,1.45462,2.51,1.00
2016.06.08 16:00:38.952,1.45454,1.45462,1.00,1.00
2016.06.08 16:00:39.207,1.45455,1.45465,1.19,1.65
2016.06.08 16:00:39.714,1.45455,1.45464,1.19,1.00
2016.06.08 16:00:40.234,1.45455,1.45465,2.44,1.27
2016.06.08 16:00:41.560,1.45457,1.45465,2.44,1.20
2016.06.08 16:00:44.991,1.45458,1.45467,1.25,1.27
2016.06.08 16:00:46.881,1.45459,1.45467,1.00,1.65
2016.06.08 16:00:48.036,1.45457,1.45467,2.44,5.02
2016.06.08 16:00:50.237,1.45458,1.45466,1.25,1.20
2016.06.08 16:00:54.487,1.45461,1.45466,1.00,2.32
2016.06.08 16:00:54.914,1.45463,1.45468,1.00,2.70
2016.06.08 16:00:54.966,1.45464,1.45469,1.00,1.15
2016.06.08 16:00:55.472,1.45464,1.45468,1.00,1.20
2016.06.08 16:00:56.542,1.45463,1.45464,1.25,2.25
2016.06.08 16:00:56.796,1.45463,1.45464,1.25,2.25
2016.06.08 16:00:57.305,1.45462,1.45465,1.19,3.00
2016.06.08 16:00:57.931,1.45462,1.45465,1.00,3.00
2016.06.08 16:00:58.949,1.45464,1.45466,1.00,2.25
2016.06.08 16:00:59.254,1.45463,1.45466,1.00,2.62
2016.06.08 16:00:59.764,1.45464,1.45466,1.00,1.87
2016.06.08 16:01:00.495,1.45464,1.45467,1.00,2.70
2016.06.08 16:01:04.782,1.45464,1.45467,1.00,1.20
2016.06.08 16:01:05.952,1.45465,1.45469,1.00,1.55
2016.06.08 16:01:06.165,1.45464,1.45469,1.00,1.55
2016.06.08 16:01:08.820,1.45464,1.45468,1.00,1.20
2016.06.08 16:01:10.144,1.45464,1.45469,1.00,1.27
2016.06.08 16:01:14.240,1.45464,1.45469,1.00,1.12
2016.06.08 16:01:16.348,1.45464,1.45469,1.00,1.37
2016.06.08 16:01:16.652,1.45464,1.4547,1.00,1.00
2016.06.08 16:01:16.906,1.45468,1.45471,1.00,1.69
2016.06.08 16:01:17.395,1.45471,1.45476,1.00,1.37
2016.06.08 16:01:17.903,1.45472,1.45478,1.00,7.05
2016.06.08 16:01:18.359,1.45471,1.45477,1.00,1.35
2016.06.08 16:01:19.766,1.45471,1.45476,1.00,1.00
2016.06.08 16:01:20.465,1.45471,1.45477,1.00,1.10
2016.06.08 16:01:21.175,1.45471,1.45476,1.00,1.00
2016.06.08 16:01:21.681,1.45471,1.45477,1.00,1.42
2016.06.08 16:01:22.036,1.45466,1.45476,2.89,1.00
2016.06.08 16:01:22.138,1.45465,1.45472,2.44,1.69
2016.06.08 16:01:22.240,1.45463,1.4547,1.20,2.06
2016.06.08 16:01:22.790,1.45463,1.45469,1.00,1.10
2016.06.08 16:01:23.297,1.45462,1.45469,1.25,1.10
2016.06.08 16:01:24.151,1.45462,1.45469,1.25,1.07
2016.06.08 16:01:25.977,1.45462,1.45471,1.25,4.69
2016.06.08 16:01:26.957,1.45464,1.45469,1.00,1.20
2016.06.08 16:01:27.347,1.45464,1.45467,1.00,1.00
2016.06.08 16:01:27.656,1.45469,1.45472,1.00,1.00
2016.06.08 16:01:27.962,1.45471,1.45474,1.00,1.00
2016.06.08 16:01:28.510,1.45472,1.45475,1.00,1.50
2016.06.08 16:01:28.663,1.45472,1.45478,1.00,1.95
2016.06.08 16:01:29.176,1.45472,1.45478,1.00,2.55
2016.06.08 16:01:29.329,1.4547,1.45478,1.00,1.20
2016.06.08 16:01:30.045,1.45472,1.45478,1.00,1.57
2016.06.08 16:01:30.400,1.4547,1.45477,1.00,1.00
2016.06.08 16:01:30.907,1.4547,1.45478,1.00,2.17
2016.06.08 16:01:32.198,1.45469,1.45478,1.31,1.20
2016.06.08 16:01:32.705,1.4547,1.45478,1.12,1.10
2016.06.08 16:01:33.212,1.4547,1.45477,1.12,1.00
2016.06.08 16:01:34.328,1.45471,1.45477,1.00,1.00
2016.06.08 16:01:34.380,1.45471,1.45479,1.00,3.15
2016.06.08 16:01:34.900,1.45469,1.45479,1.62,2.62
2016.06.08 16:01:35.209,1.45473,1.45478,1.00,1.10
2016.06.08 16:01:35.517,1.45482,1.45483,1.00,1.00
2016.06.08 16:01:35.568,1.45482,1.45485,1.10,1.00
2016.06.08 16:01:35.942,1.45482,1.45492,1.57,2.25
2016.06.08 16:01:36.015,1.45486,1.45492,1.00,1.00
2016.06.08 16:01:36.322,1.45489,1.45496,1.00,1.20
2016.06.08 16:01:36.579,1.45489,1.45498,1.00,1.65
2016.06.08 16:01:36.887,1.45491,1.45498,1.00,1.27
2016.06.08 16:01:37.946,1.4549,1.45499,1.00,2.62
2016.06.08 16:01:38.455,1.45491,1.45499,1.00,1.50
2016.06.08 16:01:39.154,1.45491,1.45499,1.00,1.17
2016.06.08 16:01:39.977,1.45488,1.45492,2.44,3.75
2016.06.08 16:01:40.243,1.45481,1.4549,2.59,1.12
2016.06.08 16:01:40.851,1.45484,1.45491,1.00,1.47
2016.06.08 16:01:40.954,1.45487,1.45492,1.00,1.50
2016.06.08 16:01:41.057,1.45485,1.45494,1.00,1.17
2016.06.08 16:01:41.108,1.45483,1.45493,1.69,1.07
2016.06.08 16:01:41.352,1.45483,1.4549,1.50,3.00
2016.06.08 16:01:41.657,1.45481,1.45488,1.00,2.02
2016.06.08 16:01:41.759,1.45478,1.45488,2.44,2.02
2016.06.08 16:01:43.740,1.45478,1.45486,1.69,1.37
2016.06.08 16:01:43.791,1.45475,1.45484,1.95,1.00
2016.06.08 16:01:44.206,1.45478,1.45486,1.00,4.20
2016.06.08 16:01:44.513,1.45479,1.45482,1.00,1.00
2016.06.08 16:01:44.820,1.45469,1.45472,1.37,3.07
2016.06.08 16:01:45.169,1.45469,1.4547,1.00,3.00
2016.06.08 16:01:45.221,1.45467,1.45469,1.25,3.00
2016.06.08 16:01:45.426,1.45464,1.45466,1.25,3.00
2016.06.08 16:01:45.997,1.45462,1.45466,1.00,3.00
2016.06.08 16:01:46.200,1.45464,1.45466,1.00,3.00
2016.06.08 16:01:46.251,1.45463,1.45466,1.25,3.00
2016.06.08 16:01:46.764,1.45464,1.45467,1.00,2.62
2016.06.08 16:01:47.374,1.45464,1.45468,1.00,3.37
2016.06.08 16:01:48.312,1.45462,1.45468,1.69,1.50
2016.06.08 16:01:48.363,1.45461,1.45466,1.19,1.00
2016.06.08 16:01:48.414,1.4546,1.45465,3.19,1.50
2016.06.08 16:01:49.373,1.4546,1.45463,1.69,1.50
2016.06.08 16:01:49.679,1.45459,1.45463,1.00,1.50
2016.06.08 16:01:50.611,1.45458,1.45463,1.25,1.50
2016.06.08 16:01:51.019,1.45458,1.45461,1.00,1.50
2016.06.08 16:01:51.906,1.45457,1.45461,1.00,1.50
2016.06.08 16:01:53.782,1.45458,1.45461,1.00,1.00
2016.06.08 16:01:54.416,1.45458,1.45462,1.50,1.00
2016.06.08 16:01:55.984,1.45458,1.45463,1.50,1.00
2016.06.08 16:01:56.290,1.45464,1.45469,1.00,1.36
2016.06.08 16:01:56.443,1.45467,1.45472,1.00,2.14
2016.06.08 16:01:56.777,1.45467,1.45473,1.00,1.37
2016.06.08 16:01:56.830,1.45467,1.45474,1.00,1.25
2016.06.08 16:01:57.541,1.45464,1.45473,1.10,1.00
2016.06.08 16:01:58.606,1.45464,1.45471,1.10,1.50
2016.06.08 16:01:59.348,1.45467,1.45471,1.00,1.50
2016.06.08 16:02:00.282,1.45465,1.45471,1.50,1.50
2016.06.08 16:02:01.488,1.45465,1.45472,1.50,2.25
2016.06.08 16:02:01.997,1.45465,1.45472,1.95,1.50
2016.06.08 16:02:02.689,1.45465,1.4547,1.95,1.50
2016.06.08 16:02:03.197,1.45465,1.4547,2.32,1.50
2016.06.08 16:02:04.016,1.45465,1.45471,2.32,1.00
2016.06.08 16:02:04.843,1.45465,1.45471,1.20,1.00
2016.06.08 16:02:05.277,1.45463,1.4547,1.95,1.50
2016.06.08 16:02:05.695,1.45463,1.45466,1.10,1.00
2016.06.08 16:02:05.747,1.4546,1.45466,1.95,1.00
2016.06.08 16:02:06.254,1.4546,1.45466,1.00,1.10
2016.06.08 16:02:07.078,1.45461,1.45466,1.00,1.10
2016.06.08 16:02:07.130,1.45461,1.45469,1.00,2.62
2016.06.08 16:02:08.429,1.45461,1.45469,1.00,2.25
2016.06.08 16:02:11.875,1.45459,1.45468,1.50,1.95
2016.06.08 16:02:12.281,1.45454,1.45464,1.69,2.32
2016.06.08 16:02:12.334,1.45454,1.45462,1.69,1.47
2016.06.08 16:02:13.633,1.45455,1.45463,1.00,1.20
2016.06.08 16:02:14.039,1.45457,1.45464,1.00,1.65
2016.06.08 16:02:14.776,1.45457,1.45466,1.00,1.15
2016.06.08 16:02:14.827,1.45459,1.45466,1.00,1.15
2016.06.08 16:02:15.132,1.45459,1.45466,1.00,1.52
2016.06.08 16:02:15.640,1.45458,1.45467,1.00,1.12
2016.06.08 16:02:16.009,1.4546,1.45467,1.00,1.12
2016.06.08 16:02:16.111,1.4546,1.45468,1.00,2.25
2016.06.08 16:02:16.633,1.45459,1.45467,1.00,1.87
2016.06.08 16:02:18.710,1.45459,1.45464,1.00,1.12
2016.06.08 16:02:19.459,1.45459,1.45465,1.00,1.27
2016.06.08 16:02:21.640,1.45459,1.45464,1.00,1.12
2016.06.08 16:02:22.340,1.4546,1.45464,1.00,2.25
2016.06.08 16:02:22.800,1.45462,1.45464,1.00,2.25
2016.06.08 16:02:23.310,1.45462,1.45465,1.00,1.12
2016.06.08 16:02:23.818,1.45463,1.45467,1.00,1.00
2016.06.08 16:02:24.381,1.45463,1.45468,1.00,1.20
2016.06.08 16:02:25.701,1.45464,1.45469,1.00,2.51
2016.06.08 16:02:26.606,1.45467,1.45469,1.00,1.25
2016.06.08 16:02:26.657,1.45466,1.4547,1.00,1.39
2016.06.08 16:02:26.760,1.45468,1.45471,1.00,1.12
2016.06.08 16:02:28.039,1.45465,1.45472,1.37,1.57
2016.06.08 16:02:28.191,1.45464,1.45472,1.50,1.87
2016.06.08 16:02:29.314,1.45464,1.45472,1.50,2.25
2016.06.08 16:02:29.468,1.45467,1.45473,1.00,1.87
2016.06.08 16:02:30.142,1.45468,1.45475,1.00,3.00
2016.06.08 16:02:30.550,1.45466,1.45475,1.12,1.75
2016.06.08 16:02:31.079,1.45467,1.45475,1.00,2.25
2016.06.08 16:02:31.612,1.45466,1.45475,1.12,1.75
2016.06.08 16:02:34.031,1.45466,1.45471,1.12,1.00
2016.06.08 16:02:34.580,1.45467,1.45471,1.00,1.00
2016.06.08 16:02:36.302,1.45466,1.45471,1.00,1.00
2016.06.08 16:02:36.553,1.45468,1.45473,1.00,1.12
2016.06.08 16:02:37.545,1.45468,1.45476,1.00,4.50
2016.06.08 16:02:43.071,1.45466,1.45475,1.87,2.25
2016.06.08 16:02:44.867,1.45467,1.45474,1.12,1.12
2016.06.08 16:02:46.180,1.45466,1.4547,1.87,1.00
2016.06.08 16:02:46.794,1.45468,1.4547,1.00,1.00
2016.06.08 16:02:47.052,1.4547,1.45474,1.25,1.10
2016.06.08 16:02:47.829,1.45468,1.45472,2.06,1.00
2016.06.08 16:02:48.383,1.45468,1.45473,2.06,1.00
2016.06.08 16:02:49.241,1.45468,1.45474,2.06,1.10
2016.06.08 16:02:49.749,1.45468,1.45473,2.06,1.00
2016.06.08 16:02:50.054,1.45471,1.45475,1.12,1.10
2016.06.08 16:02:50.403,1.45473,1.45475,1.00,1.00
2016.06.08 16:02:51.036,1.45472,1.45477,1.31,1.20
2016.06.08 16:02:52.449,1.45472,1.45478,1.31,2.70
2016.06.08 16:02:53.350,1.45471,1.45477,2.81,1.87
2016.06.08 16:02:53.505,1.45471,1.45477,2.81,2.02
2016.06.08 16:02:53.607,1.45473,1.45477,1.00,1.87
2016.06.08 16:02:54.250,1.45474,1.45481,1.37,1.00
2016.06.08 16:02:54.761,1.45476,1.45482,1.12,1.27
2016.06.08 16:02:55.269,1.45477,1.45482,1.00,1.27
2016.06.08 16:02:56.267,1.45477,1.45482,1.19,1.95
2016.06.08 16:02:57.748,1.4548,1.45482,1.00,2.62
2016.06.08 16:02:58.052,1.45479,1.45486,1.37,1.57
2016.06.08 16:02:58.103,1.45482,1.45486,1.00,1.57
2016.06.08 16:03:00.280,1.45483,1.45489,1.37,1.50
2016.06.08 16:03:00.331,1.45486,1.45489,1.00,1.00
2016.06.08 16:03:00.990,1.45486,1.45492,1.00,1.00
2016.06.08 16:03:01.450,1.45488,1.45492,1.00,1.00
2016.06.08 16:03:02.280,1.45486,1.45492,1.62,1.00
2016.06.08 16:03:03.823,1.45484,1.45491,2.44,1.00
2016.06.08 16:03:03.875,1.45481,1.45488,2.59,1.00
2016.06.08 16:03:05.434,1.45486,1.45489,1.00,1.00
2016.06.08 16:03:05.588,1.45488,1.45492,1.00,1.00
2016.06.08 16:03:06.240,1.45488,1.45491,1.00,1.00
2016.06.08 16:03:06.472,1.45488,1.45493,1.00,1.20
2016.06.08 16:03:06.819,1.45491,1.45494,1.00,1.12
2016.06.08 16:03:07.594,1.45491,1.45495,1.00,2.25
2016.06.08 16:03:08.098,1.45491,1.45497,1.00,2.40
2016.06.08 16:03:08.707,1.4549,1.45497,2.06,1.65
2016.06.08 16:03:09.376,1.4549,1.45497,1.25,1.95
2016.06.08 16:03:09.883,1.45489,1.45497,1.31,2.25
2016.06.08 16:03:11.079,1.45489,1.45495,1.19,2.25
2016.06.08 16:03:14.626,1.45488,1.45491,1.69,1.00
2016.06.08 16:03:14.677,1.45483,1.45489,2.06,1.50
2016.06.08 16:03:14.731,1.45483,1.45487,2.06,1.00
2016.06.08 16:03:15.281,1.45482,1.45486,1.56,2.25
2016.06.08 16:03:15.789,1.45481,1.45487,2.06,1.50
2016.06.08 16:03:16.759,1.45481,1.45488,2.06,2.25
2016.06.08 16:03:17.854,1.45485,1.45488,1.00,1.50
2016.06.08 16:03:18.158,1.45486,1.45488,1.00,1.50
2016.06.08 16:03:18.361,1.45488,1.45491,1.00,1.00
2016.06.08 16:03:18.885,1.45489,1.45492,1.00,2.25
2016.06.08 16:03:19.292,1.4549,1.45492,1.00,1.50
2016.06.08 16:03:19.840,1.45491,1.45493,1.00,1.50
2016.06.08 16:03:20.638,1.45492,1.45494,1.00,2.25
2016.06.08 16:03:21.180,1.45492,1.45494,1.00,2.25
2016.06.08 16:03:22.834,1.45493,1.45495,1.00,1.50
2016.06.08 16:03:23.871,1.45491,1.45495,1.00,1.87
2016.06.08 16:03:25.004,1.45489,1.45495,2.06,1.87
2016.06.08 16:03:27.219,1.45489,1.45494,1.19,1.87
2016.06.08 16:03:28.758,1.45488,1.45493,1.69,2.62
2016.06.08 16:03:30.184,1.45488,1.45493,1.69,2.62
2016.06.08 16:03:31.710,1.4549,1.45493,1.00,3.75
2016.06.08 16:03:31.913,1.45491,1.45495,1.00,1.00
2016.06.08 16:03:31.965,1.45491,1.45497,1.00,1.00
2016.06.08 16:03:32.517,1.4549,1.45497,1.12,1.00
2016.06.08 16:03:33.030,1.4549,1.45498,1.37,3.82
2016.06.08 16:03:34.239,1.45492,1.45498,1.00,4.50
2016.06.08 16:03:35.064,1.45491,1.45497,1.00,4.50
2016.06.08 16:03:35.475,1.45493,1.45497,1.00,3.75
2016.06.08 16:03:35.577,1.45493,1.45499,1.00,1.00
2016.06.08 16:03:36.169,1.45494,1.45498,1.00,1.00
2016.06.08 16:03:36.590,1.45493,1.455,1.00,5.32
2016.06.08 16:03:36.743,1.45493,1.45498,1.00,3.75
2016.06.08 16:03:37.549,1.45493,1.455,1.00,1.00
2016.06.08 16:03:38.210,1.45493,1.45501,1.00,4.57
2016.06.08 16:03:38.312,1.45495,1.45501,1.00,3.82
2016.06.08 16:03:39.322,1.45496,1.455,1.00,3.75
2016.06.08 16:03:39.677,1.45494,1.455,1.50,3.75
2016.06.08 16:03:40.183,1.45494,1.455,1.00,4.12
2016.06.08 16:03:40.694,1.45494,1.45498,1.00,3.75
2016.06.08 16:03:41.630,1.45494,1.45499,1.00,4.50
2016.06.08 16:03:42.521,1.45493,1.45499,1.00,3.82
2016.06.08 16:03:42.825,1.45492,1.45497,1.00,3.75
2016.06.08 16:03:45.786,1.45493,1.45497,1.00,4.50
2016.06.08 16:03:47.070,1.45492,1.45497,1.00,3.75
2016.06.08 16:03:47.121,1.4549,1.45497,1.00,3.75
2016.06.08 16:03:47.477,1.4549,1.45495,1.00,4.50
2016.06.08 16:03:49.354,1.4549,1.45494,1.00,3.75
2016.06.08 16:03:56.897,1.45489,1.45494,1.50,3.75
2016.06.08 16:03:57.404,1.4549,1.45493,1.00,3.75
2016.06.08 16:03:58.010,1.45491,1.45493,1.00,3.75
2016.06.08 16:03:58.570,1.45491,1.45494,1.00,4.50
2016.06.08 16:03:59.422,1.45489,1.45494,1.50,4.50
2016.06.08 16:03:59.932,1.4549,1.45494,1.00,3.75
2016.06.08 16:04:01.669,1.4549,1.45493,1.00,3.75
2016.06.08 16:04:02.983,1.45489,1.45493,1.00,3.75
2016.06.08 16:04:03.624,1.4549,1.45493,1.00,4.50
2016.06.08 16:04:04.619,1.45491,1.45493,1.00,3.75
2016.06.08 16:04:05.683,1.45491,1.45495,1.00,3.75
2016.06.08 16:04:18.393,1.4549,1.45495,1.00,4.65
2016.06.08 16:04:18.963,1.45486,1.45488,1.12,3.75
2016.06.08 16:04:19.016,1.45485,1.45488,1.00,3.75
2016.06.08 16:04:19.528,1.45484,1.45488,1.00,3.37
2016.06.08 16:04:19.977,1.45482,1.45488,1.50,4.12
2016.06.08 16:04:20.528,1.45483,1.45488,1.00,3.37
2016.06.08 16:04:21.138,1.45482,1.45488,1.50,3.37
2016.06.08 16:04:21.440,1.45485,1.45487,1.00,3.37
2016.06.08 16:04:21.643,1.45483,1.45488,1.00,3.37
2016.06.08 16:04:21.694,1.45485,1.45488,1.00,3.37
2016.06.08 16:04:21.999,1.45487,1.45488,1.00,3.37
2016.06.08 16:04:22.151,1.45485,1.45488,1.00,3.37
2016.06.08 16:04:22.202,1.45487,1.45488,1.00,3.37
2016.06.08 16:04:22.997,1.45486,1.45489,1.00,1.00
2016.06.08 16:04:23.048,1.45486,1.45491,1.00,4.12
2016.06.08 16:04:24.026,1.45487,1.45491,1.00,3.37
2016.06.08 16:04:24.078,1.45489,1.45491,1.00,3.37
2016.06.08 16:04:24.180,1.45488,1.45493,1.10,4.12
2016.06.08 16:04:27.259,1.45488,1.45492,1.00,1.00
2016.06.08 16:04:27.866,1.45488,1.45493,1.00,3.37
2016.06.08 16:04:27.968,1.45486,1.45493,1.57,4.12
2016.06.08 16:04:28.177,1.45487,1.4549,1.00,3.37
2016.06.08 16:04:28.683,1.45486,1.4549,1.50,3.37
2016.06.08 16:04:30.625,1.45487,1.4549,1.00,3.37
2016.06.08 16:04:31.773,1.45487,1.45491,1.00,4.12
2016.06.08 16:04:34.660,1.45489,1.45491,1.00,3.37
2016.06.08 16:04:35.581,1.45489,1.45493,1.00,2.62
2016.06.08 16:04:36.176,1.4549,1.45493,1.00,3.37
2016.06.08 16:04:36.726,1.45489,1.45493,1.00,2.62
2016.06.08 16:04:37.030,1.45491,1.45493,1.00,2.62
2016.06.08 16:04:40.998,1.4549,1.45492,1.00,2.62
2016.06.08 16:04:43.115,1.45491,1.45493,1.00,2.62
2016.06.08 16:04:44.357,1.45491,1.45493,1.00,2.62
2016.06.08 16:04:44.409,1.45491,1.45496,1.00,4.12
2016.06.08 16:04:44.948,1.45492,1.45496,1.00,2.62
2016.06.08 16:04:45.512,1.45491,1.45496,1.00,2.62
2016.06.08 16:04:45.737,1.45493,1.45496,1.00,2.62
2016.06.08 16:04:45.789,1.45491,1.45496,1.00,2.62
2016.06.08 16:04:49.119,1.45491,1.45495,1.00,3.00
2016.06.08 16:04:49.626,1.4549,1.45496,1.50,3.00
2016.06.08 16:04:51.729,1.4549,1.45495,1.50,3.00
2016.06.08 16:04:52.686,1.45489,1.45495,1.00,3.00
2016.06.08 16:04:53.375,1.45489,1.45494,1.00,3.75
2016.06.08 16:04:53.446,1.45487,1.45494,1.12,3.00
2016.06.08 16:04:53.497,1.45487,1.45491,1.00,3.00
2016.06.08 16:04:53.599,1.45484,1.45491,1.87,3.00
2016.06.08 16:04:53.650,1.45483,1.45488,1.57,1.00
2016.06.08 16:04:54.001,1.45486,1.4549,1.00,2.62
2016.06.08 16:04:54.507,1.45486,1.45491,1.00,3.37
2016.06.08 16:04:55.533,1.45487,1.45491,1.00,3.37
2016.06.08 16:04:57.115,1.45487,1.4549,1.00,2.62
2016.06.08 16:04:57.531,1.45488,1.45493,1.00,2.62
2016.06.08 16:04:59.497,1.45487,1.45493,1.00,2.62
2016.06.08 16:05:00.003,1.45488,1.45493,1.00,2.62
2016.06.08 16:05:01.119,1.45487,1.45491,1.00,2.62
2016.06.08 16:05:03.316,1.45486,1.4549,1.00,3.37
2016.06.08 16:05:03.468,1.45488,1.45493,1.00,3.00
2016.06.08 16:05:05.622,1.45488,1.45492,1.00,3.00
2016.06.08 16:05:09.712,1.45488,1.45493,1.00,3.00
2016.06.08 16:05:13.427,1.45493,1.455,1.00,3.26
2016.06.08 16:05:13.579,1.45495,1.45502,1.00,1.76
2016.06.08 16:05:13.934,1.45497,1.45503,1.00,1.56
2016.06.08 16:05:14.592,1.45494,1.45503,1.00,2.44
2016.06.08 16:05:15.083,1.45488,1.45497,1.00,1.76
2016.06.08 16:05:15.592,1.45489,1.45497,1.00,1.66
2016.06.08 16:05:15.897,1.45489,1.45497,1.00,1.66
2016.06.08 16:05:16.446,1.45489,1.45493,1.00,1.00
2016.06.08 16:05:16.971,1.45489,1.45494,1.00,3.00
2016.06.08 16:05:17.626,1.45488,1.45494,1.00,3.00
2016.06.08 16:05:18.133,1.45487,1.45491,1.57,2.25
2016.06.08 16:05:18.844,1.45487,1.45493,1.50,2.25
2016.06.08 16:05:19.967,1.45488,1.45494,1.00,1.00
2016.06.08 16:05:21.650,1.45487,1.45494,1.00,1.00
2016.06.08 16:05:22.169,1.45487,1.45493,1.00,1.00
2016.06.08 16:05:23.747,1.45487,1.45494,2.32,1.00
2016.06.08 16:05:24.255,1.45487,1.45493,2.32,1.12
2016.06.08 16:05:25.258,1.45487,1.45498,2.32,2.14
2016.06.08 16:05:26.709,1.45487,1.45498,2.32,2.14
2016.06.08 16:05:27.265,1.45488,1.45498,1.00,2.14
2016.06.08 16:05:27.772,1.45489,1.45497,1.10,1.12
2016.06.08 16:05:29.913,1.45489,1.45497,1.10,1.37
2016.06.08 16:05:31.326,1.45488,1.45498,1.50,1.37
2016.06.08 16:05:32.737,1.45488,1.45491,1.00,1.00
2016.06.08 16:05:32.891,1.45484,1.45487,1.00,1.00
2016.06.08 16:05:33.250,1.45481,1.45488,1.00,1.00
2016.06.08 16:05:33.912,1.45481,1.45487,1.00,1.00
2016.06.08 16:05:34.413,1.45481,1.45488,1.10,1.00
2016.06.08 16:05:35.455,1.45479,1.45487,1.20,1.00
2016.06.08 16:05:35.962,1.45479,1.45488,1.20,1.00
2016.06.08 16:05:36.469,1.45481,1.45489,1.10,1.12
2016.06.08 16:05:36.571,1.45484,1.45491,1.00,1.95
2016.06.08 16:05:36.622,1.45485,1.45491,1.00,1.12
2016.06.08 16:05:36.842,1.45484,1.45493,1.57,1.00
2016.06.08 16:05:36.894,1.45486,1.45494,1.00,1.37
2016.06.08 16:05:38.556,1.45487,1.45495,1.00,2.02
2016.06.08 16:05:39.063,1.45485,1.45495,1.57,1.37
2016.06.08 16:05:39.682,1.45485,1.45495,1.57,1.12
2016.06.08 16:05:40.192,1.45486,1.45495,1.00,1.12
2016.06.08 16:05:41.417,1.45486,1.4549,1.00,1.00
2016.06.08 16:05:41.621,1.45478,1.45483,1.12,1.00
2016.06.08 16:05:41.826,1.45475,1.45484,1.00,2.32
2016.06.08 16:05:42.132,1.45476,1.45486,1.00,1.45
2016.06.08 16:05:42.434,1.45478,1.45486,1.00,1.45
2016.06.08 16:05:44.528,1.45478,1.45486,1.50,1.00
2016.06.08 16:05:45.036,1.45478,1.45487,1.00,2.32
2016.06.08 16:05:47.815,1.45478,1.45486,1.00,1.20
2016.06.08 16:05:51.564,1.45478,1.45487,1.50,1.87
2016.06.08 16:05:52.167,1.4548,1.45487,2.81,1.00
2016.06.08 16:05:52.218,1.45481,1.45491,1.25,1.87
2016.06.08 16:05:52.269,1.45483,1.45492,1.00,3.90
2016.06.08 16:05:52.575,1.45484,1.45492,1.76,1.50
2016.06.08 16:05:53.122,1.45484,1.45492,2.21,1.00
2016.06.08 16:05:53.428,1.45486,1.45494,1.19,1.87
2016.06.08 16:05:53.632,1.45487,1.45495,1.25,1.00
2016.06.08 16:05:53.784,1.45488,1.45496,1.20,1.12
2016.06.08 16:05:54.436,1.45489,1.45496,1.20,1.00
2016.06.08 16:05:54.741,1.4549,1.45498,1.19,1.12
2016.06.08 16:05:55.250,1.4549,1.45497,1.19,1.00
2016.06.08 16:05:56.195,1.45491,1.455,1.25,1.45
2016.06.08 16:05:56.450,1.45496,1.45504,1.00,1.12
2016.06.08 16:05:57.058,1.45496,1.45505,1.76,1.00
2016.06.08 16:05:58.526,1.45496,1.45506,1.29,1.50
2016.06.08 16:06:00.319,1.45496,1.45504,1.69,1.00
2016.06.08 16:06:00.573,1.45496,1.45506,1.19,3.07
2016.06.08 16:06:01.396,1.45496,1.45504,1.69,1.00
2016.06.08 16:06:01.839,1.45496,1.45506,1.19,2.70
2016.06.08 16:06:01.890,1.45495,1.45504,1.00,1.12
2016.06.08 16:06:02.196,1.4549,1.45499,2.44,1.27
2016.06.08 16:06:03.073,1.4549,1.45499,1.69,2.32
2016.06.08 16:06:03.328,1.4549,1.45498,1.69,2.25
2016.06.08 16:06:03.836,1.4549,1.45497,1.69,1.00
2016.06.08 16:06:10.073,1.4549,1.45499,1.69,1.00
2016.06.08 16:06:10.712,1.4549,1.45498,1.69,1.00
2016.06.08 16:06:11.321,1.4549,1.45499,1.69,1.00
2016.06.08 16:06:11.871,1.4549,1.45498,1.69,1.00
2016.06.08 16:06:19.369,1.45491,1.45499,1.25,1.00
2016.06.08 16:06:22.155,1.45491,1.45499,1.00,1.50
2016.06.08 16:06:22.697,1.45491,1.45499,1.20,1.00
2016.06.08 16:06:23.432,1.45491,1.45498,1.20,1.00
2016.06.08 16:06:23.943,1.45491,1.45498,1.00,1.00
2016.06.08 16:06:25.258,1.45491,1.455,1.00,1.10
2016.06.08 16:06:25.615,1.45495,1.45501,1.00,1.07
2016.06.08 16:06:25.921,1.45497,1.45506,2.51,1.00
2016.06.08 16:06:26.441,1.45499,1.45508,1.19,1.12
2016.06.08 16:06:27.548,1.45499,1.45507,1.19,1.00
2016.06.08 16:06:29.517,1.45499,1.45508,1.19,1.12
2016.06.08 16:06:29.618,1.45499,1.45506,1.19,1.00
2016.06.08 16:06:30.380,1.45499,1.45508,1.29,1.12
2016.06.08 16:06:30.886,1.45499,1.45507,1.29,1.00
2016.06.08 16:06:32.038,1.45499,1.45506,1.29,1.00
2016.06.08 16:06:38.415,1.45499,1.45507,1.29,1.00
2016.06.08 16:06:40.889,1.45499,1.45509,1.29,2.17
2016.06.08 16:06:41.947,1.455,1.45507,1.01,1.00
2016.06.08 16:06:43.018,1.455,1.45506,1.01,1.00
2016.06.08 16:06:44.514,1.45499,1.45505,1.39,1.00
2016.06.08 16:06:45.026,1.45499,1.45505,1.19,1.20
2016.06.08 16:06:56.732,1.45499,1.45505,1.19,1.10
2016.06.08 16:06:57.294,1.45499,1.45506,1.76,1.00
2016.06.08 16:06:57.991,1.45499,1.45507,1.76,2.32
2016.06.08 16:06:59.542,1.45499,1.45505,1.76,1.00
2016.06.08 16:07:03.605,1.45499,1.45506,1.39,1.00
2016.06.08 16:07:05.937,1.45499,1.45506,1.69,1.20
2016.06.08 16:07:06.446,1.45499,1.45506,1.69,1.47
2016.06.08 16:07:10.505,1.45499,1.45506,1.69,1.20
2016.06.08 16:07:13.170,1.45501,1.45507,1.00,1.95
2016.06.08 16:07:13.875,1.45501,1.45507,1.00,1.65
2016.06.08 16:07:14.385,1.455,1.45507,1.25,1.87
2016.06.08 16:07:15.825,1.45501,1.45508,1.00,1.47
2016.06.08 16:07:17.000,1.455,1.45508,1.25,1.47
2016.06.08 16:07:17.924,1.45499,1.45507,1.69,1.50
2016.06.08 16:07:19.274,1.45504,1.45508,1.00,3.00
2016.06.08 16:07:19.577,1.45508,1.45515,1.31,1.75
2016.06.08 16:07:19.629,1.4551,1.45518,1.00,1.87
2016.06.08 16:07:21.833,1.4551,1.45517,1.25,1.00
2016.06.08 16:07:22.477,1.4551,1.45518,1.25,2.25
2016.06.08 16:07:25.855,1.45509,1.45517,2.14,1.00
2016.06.08 16:07:26.508,1.45509,1.45517,1.69,1.20
2016.06.08 16:07:26.661,1.45509,1.45518,1.76,1.10
2016.06.08 16:07:27.066,1.45509,1.45517,1.69,1.20
2016.06.08 16:07:32.472,1.45509,1.45517,1.00,1.12
2016.06.08 16:07:32.813,1.45518,1.45524,2.81,3.75
2016.06.08 16:07:33.068,1.45527,1.45537,1.20,3.37
2016.06.08 16:07:33.221,1.45527,1.45537,1.50,3.00
2016.06.08 16:07:33.577,1.45527,1.45531,1.50,1.00
2016.06.08 16:07:33.628,1.45527,1.45537,1.50,3.00
2016.06.08 16:07:34.138,1.45528,1.45538,1.20,3.00
2016.06.08 16:07:35.436,1.45528,1.45539,1.20,3.75
2016.06.08 16:07:36.534,1.45529,1.45537,1.00,1.00
2016.06.08 16:07:42.429,1.4553,1.45538,1.00,2.25
2016.06.08 16:07:42.937,1.45529,1.45539,1.00,1.87
2016.06.08 16:07:43.591,1.4553,1.45539,1.00,1.87
2016.06.08 16:07:44.454,1.4553,1.45538,1.00,1.12
2016.06.08 16:07:45.217,1.45529,1.45538,1.00,2.62
2016.06.08 16:07:46.215,1.4553,1.45538,1.00,2.62
2016.06.08 16:07:46.267,1.45528,1.45538,1.12,1.12
2016.06.08 16:07:46.760,1.4553,1.45537,1.00,1.50
2016.06.08 16:07:47.167,1.45528,1.45538,1.12,1.87
2016.06.08 16:07:47.881,1.45529,1.45537,1.00,1.50
2016.06.08 16:07:48.414,1.45528,1.45538,1.12,1.87
2016.06.08 16:07:50.282,1.45527,1.45538,1.50,1.75
2016.06.08 16:07:51.872,1.45529,1.45537,1.00,1.50
2016.06.08 16:07:52.381,1.45529,1.45538,1.00,1.07
2016.06.08 16:08:05.155,1.45529,1.45539,1.00,3.75
2016.06.08 16:08:07.522,1.4553,1.45539,1.00,6.00
2016.06.08 16:08:08.066,1.45529,1.45539,1.00,3.75
2016.06.08 16:08:08.878,1.45526,1.45535,2.70,1.00
2016.06.08 16:08:09.528,1.45527,1.45536,1.95,1.00
2016.06.08 16:08:10.737,1.45527,1.45534,1.95,1.00
2016.06.08 16:08:20.097,1.45529,1.45537,1.00,1.12
2016.06.08 16:08:23.709,1.45528,1.45537,1.00,1.87
2016.06.08 16:08:31.055,1.45527,1.45537,1.00,1.87
2016.06.08 16:08:33.400,1.45529,1.45536,1.00,1.95
2016.06.08 16:08:33.624,1.45529,1.45536,1.00,1.57
2016.06.08 16:08:37.034,1.45528,1.45537,1.00,1.95
2016.06.08 16:08:37.577,1.45529,1.45538,1.00,2.25
2016.06.08 16:08:39.342,1.45528,1.45538,1.00,4.12
2016.06.08 16:08:39.393,1.4553,1.45538,1.00,4.87
2016.06.08 16:08:41.222,1.45529,1.45538,1.00,1.87
2016.06.08 16:08:55.406,1.4553,1.45538,1.00,1.87
2016.06.08 16:08:55.966,1.45529,1.4554,1.12,5.81
2016.06.08 16:08:58.128,1.4553,1.45538,1.00,1.10
2016.06.08 16:08:58.635,1.45529,1.45538,1.12,1.10
2016.06.08 16:09:00.741,1.4553,1.45539,1.00,2.70
2016.06.08 16:09:01.247,1.45529,1.45539,1.00,1.20
2016.06.08 16:09:02.425,1.45531,1.45538,1.00,1.10
2016.06.08 16:09:02.527,1.45529,1.45538,1.00,1.10
2016.06.08 16:09:04.284,1.45531,1.45539,1.00,3.82
2016.06.08 16:09:04.591,1.45539,1.45541,1.00,1.25
2016.06.08 16:09:04.855,1.45538,1.45544,1.00,1.00
2016.06.08 16:09:05.382,1.45539,1.45545,1.00,1.00
2016.06.08 16:09:06.738,1.4554,1.45545,1.00,1.00
2016.06.08 16:09:07.244,1.45539,1.45548,1.00,1.94
2016.06.08 16:09:07.650,1.45542,1.45548,1.00,1.94
2016.06.08 16:09:07.752,1.45542,1.4555,1.00,1.50
2016.06.08 16:09:08.296,1.45542,1.45551,1.12,1.50
2016.06.08 16:09:08.797,1.45543,1.45552,1.00,6.71
2016.06.08 16:09:10.420,1.45542,1.45552,1.12,3.56
2016.06.08 16:09:12.869,1.45541,1.45549,1.00,1.10
2016.06.08 16:09:14.673,1.45541,1.45549,1.00,1.95
2016.06.08 16:09:16.212,1.4554,1.45547,1.10,1.10
2016.06.08 16:09:16.984,1.45539,1.45548,1.00,1.45
2016.06.08 16:09:17.933,1.45538,1.45548,1.20,1.45
2016.06.08 16:09:19.599,1.45538,1.45547,1.00,2.70
2016.06.08 16:09:27.274,1.45539,1.45547,1.00,1.95
2016.06.08 16:09:33.029,1.4554,1.45548,1.00,2.25
2016.06.08 16:09:42.354,1.45539,1.45548,1.00,2.25
2016.06.08 16:09:53.438,1.45538,1.45546,1.10,2.70
2016.06.08 16:09:53.985,1.45537,1.45545,1.20,2.77
2016.06.08 16:09:56.027,1.45537,1.45546,1.20,4.50
2016.06.08 16:09:57.618,1.45539,1.45546,1.00,4.50
2016.06.08 16:09:57.888,1.45537,1.45546,1.20,4.50
2016.06.08 16:09:59.492,1.45538,1.45546,1.00,4.12
2016.06.08 16:10:00.961,1.45537,1.45545,1.20,2.77
2016.06.08 16:10:01.662,1.45536,1.45546,1.50,4.12
2016.06.08 16:10:09.933,1.45537,1.45545,1.20,3.52
2016.06.08 16:10:10.441,1.45538,1.45545,1.00,2.77
2016.06.08 16:10:11.106,1.45536,1.45545,1.50,2.77
2016.06.08 16:10:11.886,1.45536,1.45546,1.50,4.87
2016.06.08 16:10:13.202,1.45536,1.45544,1.00,1.45
2016.06.08 16:10:21.483,1.45536,1.45544,1.00,1.20
2016.06.08 16:10:22.184,1.45536,1.45545,1.10,1.20
2016.06.08 16:10:22.710,1.45536,1.45545,1.47,1.20
2016.06.08 16:10:24.264,1.45536,1.45545,1.47,3.07
2016.06.08 16:10:24.969,1.45536,1.45546,1.87,4.27
2016.06.08 16:10:30.474,1.45537,1.45545,1.12,2.70
2016.06.08 16:10:30.986,1.45537,1.45545,1.12,1.85
2016.06.08 16:10:31.790,1.45535,1.45545,2.32,3.45
2016.06.08 16:10:32.336,1.45538,1.45546,1.00,3.52
2016.06.08 16:10:37.613,1.45537,1.45546,1.95,2.70
2016.06.08 16:10:38.154,1.45538,1.45546,1.12,2.70
2016.06.08 16:10:38.206,1.45538,1.45548,1.12,1.57
2016.06.08 16:10:47.181,1.45539,1.45549,1.00,2.62
2016.06.08 16:10:47.839,1.4554,1.45549,1.00,3.37
2016.06.08 16:10:48.664,1.45539,1.45549,1.00,3.37
2016.06.08 16:10:51.207,1.4554,1.45548,1.00,1.80
2016.06.08 16:10:51.950,1.45538,1.45548,1.12,1.05
2016.06.08 16:10:52.558,1.4554,1.45548,1.00,1.80
2016.06.08 16:10:52.711,1.4554,1.45548,1.00,1.35
2016.06.08 16:10:54.124,1.45542,1.45549,1.00,2.32
2016.06.08 16:10:54.633,1.45542,1.45549,1.00,2.40
2016.06.08 16:10:55.448,1.45541,1.45549,1.00,1.15
2016.06.08 16:10:56.964,1.45542,1.45549,1.00,1.65
2016.06.08 16:10:57.503,1.45541,1.45549,1.00,1.65
2016.06.08 16:11:03.901,1.45542,1.4555,1.00,2.62
2016.06.08 16:11:04.419,1.45543,1.4555,1.00,1.07
2016.06.08 16:11:04.962,1.45544,1.4555,1.00,1.00
2016.06.08 16:11:05.469,1.45544,1.45552,1.00,1.17
2016.06.08 16:11:07.165,1.45545,1.45552,1.00,1.17
2016.06.08 16:11:07.672,1.45546,1.45553,1.00,1.17
2016.06.08 16:11:08.258,1.45547,1.45553,1.00,1.17
2016.06.08 16:11:08.683,1.45552,1.45557,1.00,1.20
2016.06.08 16:11:08.735,1.45551,1.45559,1.00,1.00
2016.06.08 16:11:09.242,1.45552,1.4556,1.00,1.10
2016.06.08 16:11:11.074,1.45552,1.4556,1.00,2.02
2016.06.08 16:11:11.517,1.4555,1.45559,1.00,2.02
2016.06.08 16:11:11.873,1.45552,1.4556,1.00,2.70
2016.06.08 16:11:11.924,1.45552,1.45561,1.00,1.27
2016.06.08 16:11:13.304,1.45551,1.45561,1.00,1.27
2016.06.08 16:11:13.710,1.45553,1.45561,1.00,1.15
2016.06.08 16:11:13.762,1.45551,1.45561,1.00,1.15
2016.06.08 16:11:14.119,1.45553,1.45562,1.00,3.37
2016.06.08 16:11:15.978,1.45553,1.45563,1.37,3.60
2016.06.08 16:11:16.283,1.45562,1.45564,1.00,1.00
2016.06.08 16:11:16.346,1.45562,1.45567,1.00,1.01
2016.06.08 16:11:18.790,1.45562,1.4557,1.00,1.07
2016.06.08 16:11:19.297,1.45563,1.4557,1.00,1.07
2016.06.08 16:11:21.653,1.45564,1.45571,1.00,1.01
2016.06.08 16:11:24.107,1.45565,1.45572,1.00,2.44
2016.06.08 16:11:24.500,1.45567,1.45572,1.00,1.00
2016.06.08 16:11:24.552,1.45569,1.45571,1.00,1.00
2016.06.08 16:11:24.654,1.4557,1.45574,1.00,1.10
2016.06.08 16:11:24.960,1.45569,1.45577,1.00,1.27
2016.06.08 16:11:25.845,1.4557,1.45578,1.00,1.20
2016.06.08 16:11:27.313,1.45569,1.45577,1.00,1.17
2016.06.08 16:11:27.821,1.4557,1.45577,1.00,1.17
2016.06.08 16:11:28.579,1.45569,1.45579,1.00,1.50
2016.06.08 16:11:29.100,1.45571,1.45579,1.00,2.25
2016.06.08 16:11:29.405,1.45573,1.4558,1.00,1.17
2016.06.08 16:11:30.415,1.4557,1.4558,1.00,2.02
2016.06.08 16:11:30.517,1.45569,1.45579,1.10,1.72
2016.06.08 16:11:31.075,1.45569,1.45579,1.00,1.20
2016.06.08 16:11:31.464,1.45571,1.45579,1.00,1.95
2016.06.08 16:11:35.636,1.45572,1.45579,1.00,1.95
2016.06.08 16:11:35.966,1.45574,1.45581,1.00,1.50
2016.06.08 16:11:36.018,1.45574,1.45582,1.00,2.32
2016.06.08 16:11:36.069,1.45572,1.45582,1.00,2.32
2016.06.08 16:11:36.326,1.45575,1.45583,1.00,1.12
2016.06.08 16:11:36.633,1.45577,1.45585,1.00,1.57
2016.06.08 16:11:37.169,1.45577,1.45586,1.00,1.20
2016.06.08 16:11:37.912,1.45576,1.45586,1.10,1.95
2016.06.08 16:11:38.318,1.45578,1.45585,1.00,1.07
2016.06.08 16:11:38.779,1.45576,1.45585,1.10,1.07
2016.06.08 16:11:39.135,1.45579,1.45586,1.00,1.57
2016.06.08 16:11:39.288,1.45579,1.45587,1.00,1.65
2016.06.08 16:11:39.795,1.45579,1.45587,1.00,1.10
2016.06.08 16:11:40.344,1.45579,1.45587,1.00,1.27
2016.06.08 16:11:40.851,1.45576,1.45585,1.95,1.00
2016.06.08 16:11:42.428,1.45576,1.45586,1.47,1.10
2016.06.08 16:11:42.733,1.45576,1.45584,1.47,1.00
2016.06.08 16:11:43.537,1.45576,1.45584,1.20,1.00
2016.06.08 16:11:44.046,1.45574,1.45585,4.20,1.00
2016.06.08 16:11:44.520,1.45574,1.45577,3.07,1.00
2016.06.08 16:11:44.573,1.45571,1.45576,1.19,1.00
2016.06.08 16:11:44.996,1.45567,1.45576,2.89,1.00
2016.06.08 16:11:45.503,1.45567,1.45577,1.76,1.10
2016.06.08 16:11:45.819,1.45567,1.45577,2.14,1.10
2016.06.08 16:11:46.411,1.45566,1.45576,1.27,1.00
2016.06.08 16:11:47.318,1.45567,1.45576,1.10,1.00
2016.06.08 16:11:54.798,1.45567,1.45575,1.10,1.00
2016.06.08 16:11:56.695,1.45567,1.45576,1.10,1.00
2016.06.08 16:11:58.135,1.45566,1.45575,3.15,1.00
2016.06.08 16:11:58.587,1.45566,1.4557,2.40,1.00
2016.06.08 16:11:58.790,1.45561,1.45567,1.69,1.00
2016.06.08 16:12:00.163,1.4556,1.45567,1.19,1.10
2016.06.08 16:12:01.161,1.4556,1.45566,1.19,1.00
2016.06.08 16:12:01.670,1.4556,1.45567,1.19,1.10
2016.06.08 16:12:03.199,1.4556,1.45566,1.19,1.00
2016.06.08 16:12:05.978,1.45557,1.45566,1.00,1.10
2016.06.08 16:12:06.080,1.45556,1.45564,3.07,1.10
2016.06.08 16:12:06.637,1.45556,1.45564,1.87,1.17
2016.06.08 16:12:07.924,1.45556,1.45563,1.00,1.10
2016.06.08 16:12:08.230,1.45551,1.45558,1.85,1.00
2016.06.08 16:12:08.334,1.45549,1.45558,4.12,1.20
2016.06.08 16:12:08.385,1.45549,1.45558,3.37,1.17
2016.06.08 16:12:08.437,1.45551,1.45559,1.00,1.20
2016.06.08 16:12:08.917,1.45551,1.45559,1.87,1.00
2016.06.08 16:12:09.426,1.45551,1.45561,1.87,1.17
2016.06.08 16:12:09.673,1.45553,1.45563,2.62,1.10
2016.06.08 16:12:09.725,1.45554,1.45563,1.00,1.12
2016.06.08 16:12:10.030,1.45554,1.45563,1.87,1.20
2016.06.08 16:12:10.726,1.45555,1.45565,1.00,1.50
2016.06.08 16:12:11.233,1.45555,1.45565,1.50,1.17
2016.06.08 16:12:11.284,1.45557,1.45565,1.19,1.17
2016.06.08 16:12:12.777,1.45557,1.45563,1.56,1.00
2016.06.08 16:12:13.285,1.45557,1.45564,1.19,1.10
2016.06.08 16:12:14.090,1.45557,1.45563,1.19,1.00
2016.06.08 16:12:14.599,1.45557,1.45565,1.19,1.07
2016.06.08 16:12:17.545,1.45557,1.45567,3.56,1.27
2016.06.08 16:12:18.017,1.45562,1.45568,1.19,1.17
2016.06.08 16:12:18.524,1.45562,1.45566,1.19,1.00
2016.06.08 16:12:19.047,1.45562,1.45569,1.19,1.20
2016.06.08 16:12:19.098,1.45562,1.4557,1.19,1.17
2016.06.08 16:12:19.354,1.45564,1.45571,1.69,1.57
2016.06.08 16:12:19.405,1.45565,1.45572,1.25,1.00
2016.06.08 16:12:19.812,1.45565,1.45575,1.32,1.07
2016.06.08 16:12:21.715,1.45565,1.45573,1.32,1.00
2016.06.08 16:12:22.224,1.45564,1.45574,4.39,1.10
2016.06.08 16:12:22.732,1.45564,1.45573,1.69,1.10
2016.06.08 16:12:23.239,1.45564,1.45572,1.31,1.00
2016.06.08 16:12:24.625,1.45564,1.45571,1.19,1.00
2016.06.08 16:12:25.079,1.45562,1.45569,1.19,1.00
2016.06.08 16:12:25.590,1.45562,1.45569,1.19,1.07
2016.06.08 16:12:26.277,1.45562,1.45567,1.19,1.00
2016.06.08 16:12:26.396,1.45558,1.45565,1.19,1.00
2016.06.08 16:12:26.903,1.45558,1.45564,1.19,1.10
2016.06.08 16:12:26.954,1.45561,1.45567,1.00,1.87
2016.06.08 16:12:27.157,1.45564,1.4557,1.00,1.10
2016.06.08 16:12:27.679,1.45565,1.45573,1.25,2.25
2016.06.08 16:12:27.983,1.45567,1.45573,1.00,1.50
2016.06.08 16:12:28.034,1.45565,1.45573,1.25,1.50
2016.06.08 16:12:28.909,1.45566,1.45575,1.00,1.75
2016.06.08 16:12:29.475,1.45567,1.45575,1.00,2.25
2016.06.08 16:12:29.983,1.45566,1.45575,1.00,1.75
2016.06.08 16:12:30.576,1.45565,1.45575,1.25,2.25
2016.06.08 16:12:31.428,1.45566,1.45575,1.00,2.25
2016.06.08 16:12:32.149,1.45565,1.45574,1.25,4.87
2016.06.08 16:12:32.706,1.45566,1.45574,1.00,5.62
2016.06.08 16:12:33.230,1.45565,1.45574,1.25,5.62
2016.06.08 16:12:33.484,1.45567,1.45574,1.00,4.87
2016.06.08 16:12:34.093,1.45566,1.45574,1.00,1.50
2016.06.08 16:12:34.449,1.45564,1.45569,1.19,1.00
2016.06.08 16:12:34.501,1.45562,1.45569,1.56,1.10
2016.06.08 16:12:34.603,1.45558,1.45567,1.25,1.37
2016.06.08 16:12:34.705,1.45557,1.45567,1.69,3.67
2016.06.08 16:12:35.206,1.45557,1.45565,1.19,2.32
2016.06.08 16:12:38.621,1.45559,1.45565,1.00,1.07
2016.06.08 16:12:39.174,1.45557,1.45565,1.69,1.07
2016.06.08 16:12:45.437,1.45558,1.45568,1.50,2.32
2016.06.08 16:12:45.590,1.4556,1.45568,1.00,1.17
2016.06.08 16:12:46.099,1.45559,1.45568,1.00,1.17
2016.06.08 16:12:46.696,1.45559,1.45567,1.00,1.15
2016.06.08 16:12:50.228,1.45559,1.45567,1.00,1.50
2016.06.08 16:12:52.530,1.4556,1.45567,1.00,1.45
2016.06.08 16:12:52.633,1.45562,1.45569,1.00,1.12
2016.06.08 16:12:52.685,1.45563,1.4557,1.00,2.62
2016.06.08 16:12:52.889,1.45563,1.4557,1.00,1.27
2016.06.08 16:12:53.437,1.45562,1.45566,1.00,1.57
2016.06.08 16:12:53.508,1.45558,1.45566,1.00,1.57
2016.06.08 16:12:54.016,1.45558,1.45566,1.00,1.50
2016.06.08 16:12:54.530,1.4556,1.45566,1.00,1.50
2016.06.08 16:12:54.582,1.45558,1.45566,1.00,1.50
2016.06.08 16:12:55.090,1.45559,1.45566,1.00,1.50
2016.06.08 16:12:55.805,1.45558,1.45566,1.00,2.25
2016.06.08 16:12:59.268,1.45559,1.45568,1.00,3.37
2016.06.08 16:12:59.775,1.4556,1.45568,1.00,3.00
2016.06.08 16:13:00.443,1.45559,1.45568,1.00,2.25
2016.06.08 16:13:01.154,1.45558,1.45568,1.00,3.00
2016.06.08 16:13:03.057,1.45559,1.45568,1.00,2.25
2016.06.08 16:13:03.603,1.45558,1.45568,1.00,2.25
2016.06.08 16:13:07.409,1.4556,1.45568,1.00,3.00
2016.06.08 16:13:07.922,1.4556,1.45568,1.00,2.32
2016.06.08 16:13:09.658,1.4556,1.45568,1.00,2.32
2016.06.08 16:13:13.697,1.45558,1.45566,1.00,1.15
2016.06.08 16:13:15.853,1.45558,1.45567,1.00,1.45
2016.06.08 16:13:16.990,1.45555,1.45561,1.95,1.00
2016.06.08 16:13:17.092,1.45553,1.4556,1.50,1.00
2016.06.08 16:13:17.194,1.45551,1.45559,1.25,1.00
2016.06.08 16:13:17.398,1.45549,1.45559,1.50,1.00
2016.06.08 16:13:17.905,1.45548,1.45559,3.00,1.00
2016.06.08 16:13:18.672,1.45548,1.45559,1.87,2.44
2016.06.08 16:13:19.694,1.45549,1.45559,1.87,2.14
2016.06.08 16:13:20.050,1.45551,1.45559,1.00,1.01
2016.06.08 16:13:27.854,1.4555,1.4556,1.50,1.19
2016.06.08 16:13:29.786,1.4555,1.4556,1.50,1.31
2016.06.08 16:13:30.542,1.45551,1.4556,1.00,1.39
2016.06.08 16:13:31.050,1.4555,1.4556,1.50,1.39
2016.06.08 16:13:31.592,1.45551,1.4556,1.00,1.39
2016.06.08 16:13:33.927,1.45551,1.4556,1.00,1.00
2016.06.08 16:13:34.442,1.4555,1.4556,1.00,1.00
2016.06.08 16:13:34.702,1.4555,1.4556,1.00,1.00
2016.06.08 16:13:35.326,1.4555,1.4556,1.00,1.00
2016.06.08 16:13:36.123,1.45549,1.45556,1.00,1.00
2016.06.08 16:13:36.632,1.4555,1.45557,1.00,1.10
2016.06.08 16:13:37.845,1.45549,1.45557,1.00,1.10
2016.06.08 16:13:38.353,1.4555,1.45557,1.00,1.10
2016.06.08 16:13:39.248,1.45548,1.45556,2.25,1.00
2016.06.08 16:13:39.757,1.45548,1.45557,2.25,1.10
2016.06.08 16:13:40.061,1.4555,1.45557,1.00,1.10
2016.06.08 16:13:41.050,1.45549,1.45557,1.00,1.10
2016.06.08 16:13:41.609,1.45549,1.45556,1.00,1.00
2016.06.08 16:13:42.157,1.4555,1.45557,1.00,1.10
2016.06.08 16:13:42.259,1.45548,1.45556,2.62,1.00
2016.06.08 16:13:42.360,1.45552,1.45556,1.00,1.00
2016.06.08 16:13:42.868,1.45551,1.45557,1.00,1.10
2016.06.08 16:13:42.970,1.45549,1.45557,1.00,1.10
2016.06.08 16:13:43.021,1.45549,1.45555,1.00,1.00
2016.06.08 16:13:43.537,1.4555,1.45557,1.00,1.10
2016.06.08 16:13:44.060,1.45551,1.45557,1.00,1.10
2016.06.08 16:13:44.668,1.45549,1.45557,1.00,1.10
2016.06.08 16:13:45.186,1.4555,1.45557,1.00,1.10
2016.06.08 16:13:47.301,1.45553,1.4556,1.00,2.51
2016.06.08 16:13:47.454,1.45555,1.45563,1.00,1.20
2016.06.08 16:13:47.556,1.45559,1.45564,1.00,1.95
2016.06.08 16:13:47.658,1.45556,1.45565,2.32,1.00
2016.06.08 16:13:48.172,1.45556,1.45566,3.07,1.10
2016.06.08 16:13:48.679,1.45556,1.45565,3.07,1.00
2016.06.08 16:13:49.879,1.45558,1.45568,1.95,1.95
2016.06.08 16:13:49.931,1.45559,1.45567,1.57,1.10
2016.06.08 16:13:50.237,1.45567,1.45573,1.00,1.55
2016.06.08 16:13:50.541,1.45568,1.45577,1.00,2.89
2016.06.08 16:13:51.102,1.45567,1.45577,1.12,1.20
2016.06.08 16:13:54.868,1.45569,1.45577,1.00,1.20
2016.06.08 16:13:55.273,1.45569,1.45579,1.00,2.02
2016.06.08 16:13:56.262,1.45569,1.45577,1.00,1.00
2016.06.08 16:13:56.770,1.45568,1.45578,1.65,1.00
2016.06.08 16:13:57.417,1.45568,1.45578,1.57,1.12
2016.06.08 16:13:57.721,1.45569,1.45577,1.17,1.00
2016.06.08 16:13:58.943,1.45569,1.45577,1.00,1.07
2016.06.08 16:14:06.127,1.45568,1.45577,1.10,1.07
2016.06.08 16:14:06.433,1.45562,1.4557,1.87,1.07
2016.06.08 16:14:06.925,1.45562,1.4557,1.00,1.00
2016.06.08 16:14:07.079,1.45562,1.4557,1.00,1.12
2016.06.08 16:14:07.183,1.4556,1.45571,1.12,1.50
2016.06.08 16:14:07.336,1.45562,1.4557,1.00,1.20
2016.06.08 16:14:07.490,1.45562,1.45573,1.12,1.75
2016.06.08 16:14:08.123,1.45563,1.45573,1.10,1.95
2016.06.08 16:14:08.634,1.45564,1.45573,1.10,1.57
2016.06.08 16:14:09.719,1.45563,1.45571,1.95,1.00
2016.06.08 16:14:10.684,1.45563,1.45572,1.95,1.10
2016.06.08 16:14:12.162,1.45564,1.45575,1.12,1.15
2016.06.08 16:14:12.709,1.45567,1.45575,1.12,1.07
2016.06.08 16:14:13.166,1.45567,1.45577,1.12,1.15
2016.06.08 16:14:13.268,1.45567,1.45576,1.12,1.20
2016.06.08 16:14:13.809,1.45567,1.45577,1.12,1.87
2016.06.08 16:14:14.316,1.45567,1.45577,1.37,1.87
2016.06.08 16:14:14.701,1.45569,1.45579,1.10,6.45
2016.06.08 16:14:15.476,1.4557,1.45579,1.10,1.17
2016.06.08 16:14:19.128,1.45572,1.45578,1.19,1.10
2016.06.08 16:14:19.580,1.45572,1.4558,1.19,1.20
2016.06.08 16:14:20.087,1.45572,1.45579,1.39,1.00
2016.06.08 16:14:21.748,1.45577,1.45581,1.19,1.50
2016.06.08 16:14:22.052,1.45578,1.45586,1.19,1.00
2016.06.08 16:14:23.846,1.45577,1.45587,1.39,2.32
2016.06.08 16:14:24.291,1.45577,1.45585,2.06,1.00
2016.06.08 16:14:24.851,1.45577,1.45585,1.12,1.00
2016.06.08 16:14:25.663,1.45577,1.45584,1.12,1.00
2016.06.08 16:14:25.718,1.45573,1.45581,1.07,1.00
2016.06.08 16:14:25.820,1.45571,1.4558,2.51,1.00
2016.06.08 16:14:26.343,1.45571,1.45579,1.46,1.00
2016.06.08 16:14:27.404,1.45571,1.4558,1.76,1.57
2016.06.08 16:14:27.455,1.45571,1.45577,1.76,1.00
2016.06.08 16:14:27.609,1.45569,1.45576,1.20,1.00
2016.06.08 16:14:27.762,1.45568,1.45573,1.29,1.00
2016.06.08 16:14:27.813,1.45565,1.45573,2.89,1.00
2016.06.08 16:14:28.316,1.45565,1.45574,1.22,1.50
2016.06.08 16:14:28.824,1.45564,1.4557,1.66,1.00
2016.06.08 16:14:28.925,1.45562,1.4557,1.32,1.00
2016.06.08 16:14:29.433,1.45561,1.4557,1.66,1.12
2016.06.08 16:14:29.737,1.45561,1.45571,1.69,1.57
2016.06.08 16:14:30.246,1.45561,1.45571,2.06,2.25
2016.06.08 16:14:31.043,1.45562,1.45571,1.20,1.65
2016.06.08 16:14:32.011,1.45562,1.4557,1.20,1.87
2016.06.08 16:14:32.439,1.45559,1.45567,1.31,1.00
2016.06.08 16:14:32.491,1.45558,1.45567,2.06,1.00
2016.06.08 16:14:32.747,1.45563,1.4557,1.69,1.95
2016.06.08 16:14:32.953,1.4557,1.45574,1.00,1.00
2016.06.08 16:14:33.157,1.4557,1.45578,1.12,1.50
2016.06.08 16:14:33.310,1.4557,1.45578,2.44,1.00
2016.06.08 16:14:34.146,1.45571,1.45577,1.56,1.00
2016.06.08 16:14:34.198,1.45569,1.45577,1.01,1.00
2016.06.08 16:14:37.597,1.45569,1.45579,1.01,1.50
2016.06.08 16:14:37.699,1.45571,1.45579,1.29,1.12
2016.06.08 16:14:37.751,1.45571,1.45581,1.29,1.57
2016.06.08 16:14:38.258,1.45572,1.4558,1.20,1.00
2016.06.08 16:14:38.694,1.45572,1.45578,1.20,1.00
2016.06.08 16:14:39.202,1.45572,1.45579,1.20,1.00
2016.06.08 16:14:42.329,1.45573,1.45582,1.20,1.82
2016.06.08 16:14:42.433,1.45575,1.45582,1.19,1.00
2016.06.08 16:14:42.638,1.45575,1.45585,1.76,1.87
2016.06.08 16:14:43.172,1.45573,1.45578,1.07,1.00
2016.06.08 16:14:43.325,1.45568,1.45576,3.26,1.00
2016.06.08 16:14:43.836,1.45568,1.45576,2.14,1.00
2016.06.08 16:14:48.949,1.45568,1.45578,1.39,1.57
2016.06.08 16:14:51.823,1.4557,1.45579,1.50,1.20
2016.06.08 16:14:52.347,1.45571,1.4558,1.69,1.20
2016.06.08 16:14:54.433,1.45575,1.45582,1.19,2.25
2016.06.08 16:14:54.586,1.45575,1.45584,1.69,1.57
2016.06.08 16:14:56.717,1.45576,1.45586,1.31,1.45
2016.06.08 16:14:56.769,1.45578,1.45586,1.69,1.57
2016.06.08 16:15:02.391,1.45578,1.45586,1.19,1.85
2016.06.08 16:15:02.717,1.45572,1.45576,1.31,1.00
2016.06.08 16:15:03.224,1.4557,1.45575,1.19,1.00
2016.06.08 16:15:03.732,1.4557,1.45577,1.29,1.12
2016.06.08 16:15:05.976,1.4557,1.45574,1.19,1.00
2016.06.08 16:15:06.333,1.4557,1.45576,1.19,1.20
2016.06.08 16:15:06.436,1.4557,1.45574,1.19,1.00
2016.06.08 16:15:06.988,1.4557,1.45575,1.19,1.00
2016.06.08 16:15:08.417,1.4557,1.45572,1.19,1.00
2016.06.08 16:15:08.726,1.45564,1.45566,1.19,1.00
2016.06.08 16:15:08.829,1.45564,1.45566,1.00,1.00
2016.06.08 16:15:09.591,1.45561,1.45566,1.19,1.00
2016.06.08 16:15:09.743,1.45559,1.45566,1.20,1.00
2016.06.08 16:15:10.291,1.45557,1.45565,3.37,1.00
2016.06.08 16:15:10.393,1.45557,1.45567,1.87,1.00
2016.06.08 16:15:11.003,1.45557,1.45568,3.37,1.10
2016.06.08 16:15:11.054,1.45557,1.45565,2.62,1.00
2016.06.08 16:15:11.563,1.45556,1.45564,1.87,1.00
2016.06.08 16:15:11.638,1.45556,1.45565,1.07,1.10
2016.06.08 16:15:13.068,1.45557,1.45566,1.87,1.20
2016.06.08 16:15:13.428,1.45558,1.45568,1.50,1.10
2016.06.08 16:15:13.479,1.45558,1.45566,2.25,1.00
2016.06.08 16:15:13.785,1.45555,1.45561,1.12,1.00
2016.06.08 16:15:14.056,1.45553,1.45558,1.00,1.10
2016.06.08 16:15:14.311,1.4555,1.45558,1.20,1.10
2016.06.08 16:15:14.831,1.45553,1.45561,1.00,1.87
2016.06.08 16:15:15.138,1.45559,1.45567,1.12,1.00
2016.06.08 16:15:15.639,1.45559,1.45568,1.12,1.25
2016.06.08 16:15:15.943,1.45559,1.45566,1.12,1.00
2016.06.08 16:15:16.450,1.45559,1.45567,1.12,1.00
2016.06.08 16:15:17.755,1.45559,1.45569,1.12,1.00
2016.06.08 16:15:18.447,1.45559,1.45568,1.12,1.00
2016.06.08 16:15:18.955,1.45559,1.45567,1.12,1.00
2016.06.08 16:15:19.209,1.45559,1.45569,1.12,1.00
2016.06.08 16:15:19.513,1.45559,1.45567,1.12,1.00
2016.06.08 16:15:20.324,1.45564,1.45573,1.12,2.25
2016.06.08 16:15:20.477,1.45564,1.45574,1.87,1.20
2016.06.08 16:15:20.529,1.45564,1.45571,1.45,1.00
2016.06.08 16:15:20.580,1.45564,1.45573,1.45,1.00
2016.06.08 16:15:21.090,1.45564,1.45574,1.45,1.20
2016.06.08 16:15:27.367,1.45564,1.45574,1.50,1.20
2016.06.08 16:15:28.379,1.45565,1.45573,1.12,1.00
2016.06.08 16:15:28.889,1.45561,1.45572,3.75,1.00
2016.06.08 16:15:28.940,1.45562,1.4557,1.20,1.00
2016.06.08 16:15:29.447,1.45562,1.45571,1.20,1.00
2016.06.08 16:15:30.011,1.45562,1.45568,1.57,1.00
2016.06.08 16:15:30.113,1.45562,1.45571,1.20,1.00
2016.06.08 16:15:30.615,1.45562,1.4557,1.20,1.00
2016.06.08 16:15:31.394,1.45561,1.45572,2.62,1.00
2016.06.08 16:15:32.012,1.45564,1.45573,1.50,1.00
2016.06.08 16:15:32.639,1.45563,1.45572,2.25,1.00
2016.06.08 16:15:33.755,1.45563,1.45571,1.75,1.00
2016.06.08 16:15:35.924,1.45563,1.45572,1.12,1.10
2016.06.08 16:15:36.322,1.45561,1.45572,1.87,1.12
2016.06.08 16:15:36.651,1.45564,1.45572,1.87,1.00
2016.06.08 16:15:37.158,1.45564,1.45573,2.25,1.10
2016.06.08 16:15:39.875,1.45564,1.45572,1.50,1.00
2016.06.08 16:15:40.528,1.45564,1.45574,1.50,1.12
2016.06.08 16:15:41.583,1.45564,1.45572,1.50,1.00
2016.06.08 16:15:42.066,1.45561,1.45568,3.75,1.00
2016.06.08 16:15:42.118,1.45559,1.45567,1.12,1.00
2016.06.08 16:15:42.727,1.45557,1.45565,2.25,1.00
2016.06.08 16:15:42.829,1.45557,1.45567,1.50,1.00
2016.06.08 16:15:43.786,1.4556,1.45569,1.10,1.12
2016.06.08 16:15:43.837,1.4556,1.4557,2.05,1.00
2016.06.08 16:15:44.344,1.45561,1.45569,1.50,1.00
2016.06.08 16:15:44.978,1.4556,1.45571,2.85,1.00
2016.06.08 16:15:46.084,1.45562,1.4557,1.10,1.00
2016.06.08 16:15:46.135,1.45562,1.45572,1.10,1.10
2016.06.08 16:15:47.408,1.45562,1.45571,1.57,1.00
2016.06.08 16:15:47.933,1.45563,1.45571,1.00,1.00
2016.06.08 16:15:48.391,1.45562,1.45572,1.57,1.95
2016.06.08 16:15:49.864,1.45562,1.45569,2.25,1.00
2016.06.08 16:15:49.916,1.45562,1.45568,1.07,1.10
2016.06.08 16:15:50.502,1.45558,1.45566,1.75,1.00
2016.06.08 16:15:51.010,1.45558,1.45567,1.12,1.10
2016.06.08 16:15:53.555,1.45559,1.45568,1.20,1.10
2016.06.08 16:15:55.626,1.4556,1.45567,1.12,1.00
2016.06.08 16:15:56.134,1.4556,1.45569,1.12,1.20
2016.06.08 16:15:58.692,1.4556,1.45566,1.12,1.00
2016.06.08 16:15:58.794,1.4556,1.45568,1.12,1.10
2016.06.08 16:15:59.500,1.4556,1.45567,1.12,1.00
2016.06.08 16:16:00.107,1.4556,1.45568,1.12,1.10
2016.06.08 16:16:00.462,1.45559,1.45569,1.57,1.20
2016.06.08 16:16:03.376,1.45559,1.45567,1.57,1.00
2016.06.08 16:16:04.025,1.4556,1.45569,1.87,1.20
2016.06.08 16:16:05.790,1.4556,1.45568,1.65,1.10
2016.06.08 16:16:06.298,1.45557,1.45567,3.00,1.00
2016.06.08 16:16:06.816,1.45558,1.45568,1.75,1.20
2016.06.08 16:16:06.918,1.45559,1.45566,1.50,1.00
2016.06.08 16:16:07.231,1.45557,1.45568,3.75,1.20
2016.06.08 16:16:08.593,1.45558,1.45567,1.75,1.00
2016.06.08 16:16:09.101,1.45558,1.45566,1.75,1.00
2016.06.08 16:16:09.905,1.45556,1.45565,2.05,1.10
2016.06.08 16:16:10.516,1.45556,1.45564,1.75,1.00
2016.06.08 16:16:10.924,1.45556,1.45562,2.10,1.00
2016.06.08 16:16:11.273,1.45551,1.45561,2.70,1.50
2016.06.08 16:16:11.375,1.45551,1.45561,3.07,1.10
2016.06.08 16:16:12.086,1.45551,1.45562,3.00,1.10
2016.06.08 16:16:12.587,1.45553,1.45561,1.07,1.00
2016.06.08 16:16:14.133,1.45552,1.45559,1.12,1.87
2016.06.08 16:16:14.184,1.45549,1.45557,1.57,1.00
2016.06.08 16:16:16.085,1.4555,1.45559,1.10,1.20
2016.06.08 16:16:16.137,1.45551,1.45559,1.95,1.10
2016.06.08 16:16:16.290,1.45553,1.45562,1.95,1.57
2016.06.08 16:16:16.612,1.45551,1.4556,2.62,1.00
2016.06.08 16:16:17.414,1.45551,1.4556,1.45,1.10
2016.06.08 16:16:17.723,1.45549,1.45556,1.50,1.00
2016.06.08 16:16:17.774,1.45549,1.45556,1.45,1.00
2016.06.08 16:16:19.135,1.45549,1.45557,1.07,1.50
2016.06.08 16:16:19.644,1.45549,1.45556,1.07,1.00
2016.06.08 16:16:22.689,1.45548,1.45556,2.25,1.00
2016.06.08 16:16:23.197,1.45548,1.45557,1.87,1.00
2016.06.08 16:16:24.126,1.45551,1.45561,1.20,1.20
2016.06.08 16:16:24.634,1.45552,1.45561,2.25,1.10
2016.06.08 16:16:26.345,1.45553,1.45562,1.57,1.00
2016.06.08 16:16:27.004,1.45553,1.45563,2.25,1.00
2016.06.08 16:16:27.512,1.45553,1.45563,1.50,1.00
2016.06.08 16:16:28.353,1.45553,1.45563,1.50,1.00
2016.06.08 16:16:29.672,1.45553,1.45563,1.50,1.00
2016.06.08 16:16:30.504,1.45554,1.45562,1.57,1.00
2016.06.08 16:16:31.164,1.45554,1.45562,1.57,1.00
2016.06.08 16:16:34.948,1.45553,1.45563,2.25,1.00
2016.06.08 16:16:35.564,1.45553,1.45562,3.00,1.00
2016.06.08 16:16:35.769,1.45555,1.45565,1.45,1.10
2016.06.08 16:16:36.278,1.45555,1.45564,1.45,1.00
2016.06.08 16:16:36.816,1.45555,1.45565,1.45,1.10
2016.06.08 16:16:37.429,1.45555,1.45564,1.45,1.00
2016.06.08 16:16:40.568,1.45555,1.45565,1.20,1.00
2016.06.08 16:16:41.097,1.45555,1.45564,1.50,1.00
2016.06.08 16:16:41.983,1.45555,1.45565,1.50,1.50
2016.06.08 16:16:43.082,1.45555,1.45565,1.87,1.00
2016.06.08 16:16:44.058,1.45555,1.45563,2.62,1.00
2016.06.08 16:16:45.984,1.45556,1.45565,1.57,1.00
2016.06.08 16:16:46.905,1.45556,1.45565,1.57,1.00
2016.06.08 16:16:48.877,1.45555,1.45565,1.87,1.00
2016.06.08 16:16:49.081,1.45555,1.45563,2.62,1.00
2016.06.08 16:16:49.334,1.45555,1.45565,1.87,1.00
2016.06.08 16:16:50.285,1.45555,1.45564,1.50,1.00
2016.06.08 16:16:50.693,1.45558,1.45566,1.00,1.10
2016.06.08 16:16:50.745,1.4556,1.45568,1.35,1.55
2016.06.08 16:16:50.949,1.45562,1.45571,2.32,1.10
2016.06.08 16:16:51.775,1.45563,1.45573,1.12,1.65
2016.06.08 16:16:51.877,1.45563,1.45571,1.87,1.00
2016.06.08 16:16:52.131,1.45563,1.45573,1.12,1.20
2016.06.08 16:16:52.690,1.45563,1.45572,1.12,1.00
2016.06.08 16:16:53.218,1.45563,1.45572,1.12,1.00
2016.06.08 16:16:53.725,1.45563,1.45571,1.12,1.00
2016.06.08 16:16:54.709,1.45563,1.45572,1.12,1.00
2016.06.08 16:16:57.998,1.45563,1.45571,1.12,1.00
2016.06.08 16:16:59.955,1.45563,1.45568,1.12,1.00
2016.06.08 16:17:00.490,1.4556,1.45566,1.37,1.00
2016.06.08 16:17:00.545,1.45558,1.45566,1.20,1.00
2016.06.08 16:17:03.413,1.45558,1.45567,1.20,1.10
2016.06.08 16:17:08.622,1.45558,1.45566,1.20,1.00
2016.06.08 16:17:09.833,1.45558,1.45565,1.20,1.00
2016.06.08 16:17:11.656,1.45558,1.45566,1.20,1.00
2016.06.08 16:17:12.162,1.45558,1.45568,1.85,1.07
2016.06.08 16:17:12.467,1.45563,1.45569,1.00,1.20
2016.06.08 16:17:12.978,1.45561,1.45568,1.12,1.00
2016.06.08 16:17:13.029,1.45559,1.45568,1.50,1.00
2016.06.08 16:17:13.943,1.45558,1.45567,1.50,1.00
2016.06.08 16:17:14.493,1.45557,1.45567,2.70,1.07
2016.06.08 16:17:15.101,1.45557,1.45566,2.32,1.10
2016.06.08 16:17:16.135,1.45557,1.45565,1.20,1.00
2016.06.08 16:17:16.187,1.45556,1.45563,1.50,1.00
2016.06.08 16:17:16.696,1.45555,1.45563,1.82,1.00
2016.06.08 16:17:17.341,1.45555,1.45563,1.82,1.00
2016.06.08 16:17:17.850,1.45555,1.45564,1.82,1.00
2016.06.08 16:17:18.468,1.45555,1.45562,1.95,1.00
2016.06.08 16:17:19.004,1.45555,1.45563,2.62,1.00
2016.06.08 16:17:19.512,1.45555,1.45563,2.62,1.00
2016.06.08 16:17:20.215,1.45555,1.45564,1.82,1.00
2016.06.08 16:17:20.520,1.45554,1.45564,1.57,1.95
2016.06.08 16:17:21.547,1.45555,1.45561,1.47,1.00
2016.06.08 16:17:22.256,1.45554,1.45563,1.35,1.65
2016.06.08 16:17:23.730,1.45556,1.45564,2.10,1.07
2016.06.08 16:17:23.830,1.45557,1.45566,1.20,1.10
2016.06.08 16:17:24.441,1.45557,1.45566,1.45,1.07
2016.06.08 16:17:25.041,1.45557,1.45564,1.12,1.00
2016.06.08 16:17:25.143,1.45557,1.45563,1.00,1.00
2016.06.08 16:17:26.222,1.45554,1.45563,2.17,1.00
2016.06.08 16:17:26.941,1.45554,1.45562,2.32,1.00
2016.06.08 16:17:27.451,1.45554,1.45563,1.75,1.00
2016.06.08 16:17:30.918,1.45554,1.45561,1.45,1.00
2016.06.08 16:17:31.172,1.45554,1.45563,1.45,1.00
2016.06.08 16:17:35.427,1.45559,1.45563,1.07,1.00
2016.06.08 16:17:35.478,1.45559,1.45566,1.07,1.00
2016.06.08 16:17:36.027,1.45559,1.45567,1.07,1.50
2016.06.08 16:17:37.313,1.45558,1.45568,2.25,1.00
2016.06.08 16:17:38.620,1.45558,1.45567,2.62,1.00
2016.06.08 16:17:39.237,1.45558,1.45567,2.62,1.00
2016.06.08 16:17:40.099,1.45558,1.45568,3.37,1.50
2016.06.08 16:17:40.601,1.45558,1.45566,3.75,1.00
2016.06.08 16:17:41.347,1.45558,1.45567,1.50,1.00
2016.06.08 16:17:42.005,1.45558,1.45566,1.20,1.00
2016.06.08 16:17:42.767,1.45557,1.45567,1.87,1.10
2016.06.08 16:17:43.293,1.45557,1.45566,1.87,1.00
2016.06.08 16:17:45.373,1.45559,1.45567,1.12,1.10
2016.06.08 16:17:45.526,1.45561,1.4557,6.37,1.00
2016.06.08 16:17:45.678,1.45562,1.45571,2.55,1.00
2016.06.08 16:17:46.197,1.45564,1.45572,1.07,1.00
2016.06.08 16:17:46.704,1.45563,1.45572,1.35,1.00
2016.06.08 16:17:47.663,1.45563,1.45572,1.35,1.00
2016.06.08 16:17:47.969,1.45561,1.45567,2.25,1.00
2016.06.08 16:17:48.071,1.4556,1.45567,1.45,1.00
2016.06.08 16:17:48.765,1.45557,1.45566,2.25,1.00
2016.06.08 16:17:49.477,1.45558,1.45566,1.07,1.00
2016.06.08 16:17:50.122,1.45557,1.45566,1.82,1.00
2016.06.08 16:17:50.224,1.45557,1.45564,1.45,1.00
2016.06.08 16:17:50.326,1.45557,1.45566,1.45,1.50
2016.06.08 16:17:50.377,1.45557,1.45564,1.45,1.00
2016.06.08 16:17:50.479,1.45556,1.45566,1.95,1.57
2016.06.08 16:17:50.888,1.45556,1.45564,3.45,1.00
2016.06.08 16:17:51.391,1.45555,1.45563,2.25,1.00
2016.06.08 16:17:51.929,1.45555,1.45564,2.25,1.00
2016.06.08 16:17:52.436,1.45555,1.45563,2.25,1.00
2016.06.08 16:17:53.192,1.45555,1.45564,2.25,1.00
2016.06.08 16:17:53.497,1.45555,1.45563,1.82,1.00
2016.06.08 16:17:54.095,1.45555,1.45558,1.27,1.00
2016.06.08 16:17:54.248,1.45549,1.45557,4.50,1.00
2016.06.08 16:17:54.757,1.45548,1.45557,4.50,1.00
2016.06.08 16:17:55.287,1.4555,1.45558,1.50,1.10
2016.06.08 16:18:01.425,1.45548,1.45557,4.50,1.00
2016.06.08 16:18:02.274,1.45548,1.45556,1.12,1.00
2016.06.08 16:18:03.380,1.45546,1.45556,2.25,1.10
2016.06.08 16:18:05.421,1.45546,1.45554,2.62,1.00
2016.06.08 16:18:07.437,1.45546,1.45556,1.87,1.10
2016.06.08 16:18:07.500,1.45546,1.45554,2.25,1.00
2016.06.08 16:18:08.382,1.45546,1.45555,2.62,1.00
2016.06.08 16:18:08.889,1.45546,1.45554,2.10,1.00
2016.06.08 16:18:09.969,1.45546,1.45555,2.10,1.00
2016.06.08 16:18:11.535,1.45546,1.45556,3.37,1.10
2016.06.08 16:18:12.042,1.45546,1.45555,2.25,1.00
2016.06.08 16:18:12.678,1.45546,1.45556,2.25,1.10
2016.06.08 16:18:18.878,1.45548,1.45554,1.50,1.00
2016.06.08 16:18:21.099,1.45546,1.45555,1.87,1.00
2016.06.08 16:18:23.008,1.45547,1.45557,2.70,1.07
2016.06.08 16:18:23.464,1.45552,1.45561,2.62,1.00
2016.06.08 16:18:24.465,1.45552,1.45562,1.50,1.57
2016.06.08 16:18:25.183,1.45552,1.45561,1.50,1.00
2016.06.08 16:18:26.656,1.45551,1.4556,1.95,1.00
2016.06.08 16:18:26.708,1.4555,1.45558,1.45,1.10
2016.06.08 16:18:27.012,1.4555,1.45558,2.62,1.00
2016.06.08 16:18:28.312,1.4555,1.45557,1.87,1.00
2016.06.08 16:18:29.433,1.4555,1.45557,1.20,1.00
2016.06.08 16:18:29.935,1.45549,1.45558,3.37,1.00
2016.06.08 16:18:31.236,1.45551,1.4556,1.27,1.20
2016.06.08 16:18:34.097,1.45552,1.4556,1.00,1.65
2016.06.08 16:18:35.143,1.45551,1.45561,1.65,2.25
2016.06.08 16:18:41.778,1.4555,1.4556,1.20,1.95
2016.06.08 16:18:42.862,1.45553,1.45562,1.10,2.25
2016.06.08 16:18:43.015,1.45555,1.45563,1.50,1.12
2016.06.08 16:18:43.168,1.45557,1.45565,1.27,1.00
2016.06.08 16:18:43.320,1.45556,1.45567,3.07,1.57
2016.06.08 16:18:45.538,1.45557,1.45566,1.27,1.00
2016.06.08 16:18:46.115,1.45556,1.45566,1.55,1.10
2016.06.08 16:18:47.696,1.45558,1.45566,1.00,1.57
2016.06.08 16:18:48.206,1.45558,1.45567,1.10,1.10
2016.06.08 16:18:52.183,1.45559,1.45568,1.20,1.10
2016.06.08 16:18:52.695,1.45559,1.4557,1.27,1.20
2016.06.08 16:18:52.797,1.45562,1.45571,1.00,3.00
2016.06.08 16:18:53.000,1.45563,1.45572,1.00,1.50
2016.06.08 16:18:53.102,1.45565,1.45574,1.00,3.37
2016.06.08 16:18:53.491,1.45565,1.45574,1.12,1.50
2016.06.08 16:18:56.423,1.45564,1.45573,2.25,1.10
2016.06.08 16:18:59.526,1.45563,1.45571,1.50,1.00
2016.06.08 16:19:00.033,1.45562,1.45571,2.70,1.00
2016.06.08 16:19:02.458,1.45563,1.4557,1.07,1.00
2016.06.08 16:19:03.117,1.45562,1.4557,1.15,1.00
2016.06.08 16:19:04.013,1.4556,1.45568,1.57,1.00
2016.06.08 16:19:04.217,1.45558,1.45567,1.27,1.00
2016.06.08 16:19:05.252,1.45558,1.45567,2.32,1.00
2016.06.08 16:19:06.147,1.4556,1.45569,1.27,1.57
2016.06.08 16:19:07.199,1.45561,1.45568,1.15,1.00
2016.06.08 16:19:07.352,1.45558,1.45566,1.65,1.00
2016.06.08 16:19:07.504,1.45559,1.45568,1.10,1.10
2016.06.08 16:19:07.708,1.45559,1.45569,1.87,1.10
2016.06.08 16:19:10.299,1.45559,1.45568,1.95,1.00
2016.06.08 16:19:10.705,1.45559,1.45566,3.45,1.00
2016.06.08 16:19:10.756,1.45559,1.45568,1.95,1.00
2016.06.08 16:19:11.262,1.45558,1.45567,1.57,1.00
2016.06.08 16:19:12.263,1.45557,1.45568,1.87,1.00
2016.06.08 16:19:12.773,1.45557,1.45568,1.50,1.37
2016.06.08 16:19:14.019,1.45558,1.45566,1.57,1.00
2016.06.08 16:19:14.703,1.45557,1.45566,1.95,1.10
2016.06.08 16:19:17.719,1.45557,1.45565,1.07,1.00
2016.06.08 16:19:20.068,1.45556,1.45565,1.57,1.10
2016.06.08 16:19:24.135,1.45559,1.45568,1.47,1.12
2016.06.08 16:19:24.237,1.45558,1.45569,3.22,1.95
2016.06.08 16:19:24.288,1.45559,1.45569,1.65,1.20
2016.06.08 16:19:24.440,1.4556,1.4557,1.12,1.10
2016.06.08 16:19:24.943,1.45562,1.45573,1.20,2.25
2016.06.08 16:19:25.349,1.4556,1.45569,1.20,1.10
2016.06.08 16:19:25.401,1.4556,1.45569,1.10,1.10
2016.06.08 16:19:25.654,1.45558,1.45566,1.65,1.00
2016.06.08 16:19:26.183,1.45557,1.45567,1.17,1.10
2016.06.08 16:19:27.129,1.45558,1.45566,1.10,1.00
2016.06.08 16:19:27.874,1.45557,1.45567,1.17,1.10
2016.06.08 16:19:30.995,1.45559,1.45567,1.00,1.10
2016.06.08 16:19:31.374,1.45559,1.45567,1.00,1.37
2016.06.08 16:19:35.421,1.45555,1.45563,2.32,1.00
2016.06.08 16:19:35.473,1.45555,1.45563,1.15,3.11
2016.06.08 16:19:35.988,1.45553,1.45559,1.50,1.50
2016.06.08 16:19:36.039,1.4555,1.4556,1.00,1.12
2016.06.08 16:19:36.294,1.4555,1.4556,1.20,1.20
2016.06.08 16:19:36.476,1.45552,1.4556,1.00,1.20
2016.06.08 16:19:41.813,1.4555,1.45559,1.20,1.10
2016.06.08 16:19:42.944,1.4555,1.4556,1.00,2.32
2016.06.08 16:19:45.731,1.45551,1.45559,1.00,1.20
2016.06.08 16:19:45.935,1.45552,1.45562,1.00,2.25
2016.06.08 16:19:46.088,1.45555,1.45562,1.00,1.12
2016.06.08 16:19:46.363,1.45556,1.45564,1.00,1.87
2016.06.08 16:19:46.871,1.45557,1.45564,1.00,1.12
2016.06.08 16:19:47.379,1.45556,1.45564,1.00,1.87
2016.06.08 16:19:48.764,1.45557,1.45565,1.00,1.75
2016.06.08 16:19:49.060,1.45558,1.45567,1.00,3.07
2016.06.08 16:19:51.245,1.45556,1.45567,1.65,2.32
2016.06.08 16:19:51.297,1.45556,1.45565,1.12,1.12
2016.06.08 16:19:51.842,1.45555,1.45564,1.00,1.10
2016.06.08 16:19:52.147,1.4556,1.45568,1.00,2.62
2016.06.08 16:19:55.817,1.45559,1.45568,1.00,1.87
2016.06.08 16:19:56.137,1.45556,1.45563,1.00,1.45
2016.06.08 16:19:58.033,1.45554,1.45563,1.00,1.87
2016.06.08 16:19:58.540,1.45555,1.45563,1.00,1.87
2016.06.08 16:19:59.077,1.45556,1.45563,1.00,1.87
2016.06.08 16:19:59.995,1.45554,1.45563,1.00,1.87
2016.06.08 16:20:00.198,1.45558,1.45563,1.00,1.87
2016.06.08 16:20:00.707,1.45568,1.45571,1.00,1.00
2016.06.08 16:20:00.773,1.45569,1.45578,1.00,1.10
2016.06.08 16:20:01.281,1.45568,1.45579,1.00,1.12
2016.06.08 16:20:01.840,1.45569,1.45578,1.00,1.10
2016.06.08 16:20:01.994,1.45571,1.4558,1.00,1.50
2016.06.08 16:20:03.109,1.4557,1.4558,1.00,1.37
2016.06.08 16:20:08.225,1.45572,1.4558,1.00,1.50
2016.06.08 16:20:08.327,1.4557,1.45581,1.00,2.25
2016.06.08 16:20:09.236,1.45571,1.45581,1.00,1.87
2016.06.08 16:20:10.528,1.45572,1.45581,1.00,1.37
2016.06.08 16:20:10.630,1.45573,1.45582,1.00,1.95
2016.06.08 16:20:10.682,1.45575,1.45582,1.00,1.87
2016.06.08 16:20:10.784,1.45575,1.45581,1.00,1.00
2016.06.08 16:20:10.835,1.45575,1.45583,1.00,1.20
2016.06.08 16:20:10.937,1.45577,1.45583,1.00,1.20
2016.06.08 16:20:12.416,1.45579,1.45586,1.00,1.75
2016.06.08 16:20:12.518,1.4558,1.45587,1.00,1.20
2016.06.08 16:20:13.026,1.45579,1.4559,1.00,3.37
2016.06.08 16:20:16.980,1.4558,1.4559,1.00,3.00
2016.06.08 16:20:18.138,1.45579,1.4559,1.00,3.37
2016.06.08 16:20:18.646,1.4558,1.45589,1.00,1.50
2016.06.08 16:20:20.068,1.45582,1.4559,1.00,2.62
2016.06.08 16:20:20.474,1.4558,1.4559,1.00,1.87
2016.06.08 16:20:20.576,1.45582,1.4559,1.00,1.87
2016.06.08 16:20:22.277,1.4558,1.45589,1.00,1.50
2016.06.08 16:20:24.107,1.45581,1.45589,1.00,1.12
2016.06.08 16:20:24.614,1.45582,1.45589,1.00,1.12
2016.06.08 16:20:24.666,1.45584,1.45589,1.00,1.12
2016.06.08 16:20:24.818,1.45583,1.4559,1.00,1.20
2016.06.08 16:20:25.733,1.45583,1.45593,2.32,1.12
2016.06.08 16:20:25.785,1.45588,1.45594,1.00,1.76
2016.06.08 16:20:27.110,1.45586,1.45595,1.00,4.01
2016.06.08 16:20:28.833,1.45588,1.45595,1.00,1.39
2016.06.08 16:20:28.985,1.45586,1.45595,1.00,1.39
2016.06.08 16:20:32.469,1.45588,1.45595,1.00,1.39
2016.06.08 16:20:38.504,1.45586,1.45595,1.00,3.64
2016.06.08 16:20:38.948,1.45588,1.45595,1.00,3.26
2016.06.08 16:20:39.202,1.45586,1.45595,1.00,3.26
2016.06.08 16:20:40.937,1.45586,1.45592,1.00,1.00
2016.06.08 16:20:41.801,1.45587,1.45592,1.00,1.00
2016.06.08 16:20:42.368,1.45587,1.45594,1.00,2.14
2016.06.08 16:20:43.484,1.45586,1.45594,1.00,1.01
2016.06.08 16:20:43.992,1.45586,1.45593,1.00,1.00
2016.06.08 16:20:46.724,1.45587,1.45593,1.00,1.00
2016.06.08 16:20:47.252,1.45587,1.45594,1.00,1.76
2016.06.08 16:20:49.230,1.45586,1.45595,1.00,1.76
2016.06.08 16:20:49.333,1.45588,1.45594,1.00,1.01
2016.06.08 16:20:49.841,1.45587,1.45596,1.10,2.06
2016.06.08 16:20:51.040,1.45586,1.45596,1.27,1.29
2016.06.08 16:20:59.677,1.45587,1.45595,1.00,1.19
2016.06.08 16:21:00.440,1.45586,1.45596,2.02,1.46
2016.06.08 16:21:01.572,1.45586,1.45595,1.27,1.19
2016.06.08 16:21:05.929,1.45586,1.45597,1.27,2.02
2016.06.08 16:21:08.301,1.45586,1.45597,1.20,1.20
2016.06.08 16:21:21.623,1.45585,1.45593,1.65,1.00
2016.06.08 16:21:21.932,1.45582,1.45588,3.00,1.00
2016.06.08 16:21:22.440,1.45581,1.45589,2.25,1.00
2016.06.08 16:21:23.195,1.45581,1.45588,2.25,1.00
2016.06.08 16:21:23.651,1.45581,1.4559,2.25,1.00
2016.06.08 16:21:23.805,1.45581,1.45587,2.25,1.00
2016.06.08 16:21:23.856,1.45578,1.45587,3.00,1.00
2016.06.08 16:21:24.768,1.45578,1.45587,1.25,1.12
2016.06.08 16:21:31.119,1.45579,1.45588,1.00,1.31
2016.06.08 16:21:31.828,1.4558,1.45589,1.00,1.29
2016.06.08 16:21:32.505,1.45579,1.45589,1.87,1.29
2016.06.08 16:21:50.507,1.4558,1.45591,2.81,2.32
2016.06.08 16:21:52.591,1.45584,1.4559,1.00,1.15
2016.06.08 16:21:52.643,1.45585,1.45591,1.00,1.00
2016.06.08 16:21:52.694,1.45585,1.45593,1.00,1.00
2016.06.08 16:21:53.055,1.45585,1.45592,1.19,1.57
2016.06.08 16:21:56.617,1.45585,1.45595,1.19,2.02
2016.06.08 16:21:58.549,1.45586,1.45595,1.25,1.90
2016.06.08 16:22:00.632,1.45585,1.45593,1.19,2.32
2016.06.08 16:22:01.440,1.45585,1.45595,1.69,1.57
2016.06.08 16:22:03.065,1.45585,1.45596,2.14,1.65
2016.06.08 16:22:04.291,1.45585,1.45596,2.21,1.27
2016.06.08 16:22:04.809,1.45585,1.45596,1.84,3.52
2016.06.08 16:22:05.063,1.45588,1.45596,1.29,1.57
2016.06.08 16:22:05.365,1.45591,1.45597,1.19,1.27
2016.06.08 16:22:05.417,1.45591,1.45599,1.36,1.00
2016.06.08 16:22:05.722,1.45595,1.45599,1.00,1.00
2016.06.08 16:22:05.824,1.45594,1.45601,1.01,1.00
2016.06.08 16:22:06.334,1.45594,1.45603,1.01,1.20
2016.06.08 16:22:06.386,1.45595,1.45603,1.19,1.20
2016.06.08 16:22:09.329,1.45595,1.45603,1.19,1.57
2016.06.08 16:22:10.447,1.45595,1.45604,1.69,1.65
2016.06.08 16:22:10.899,1.45595,1.45604,1.31,1.50
2016.06.08 16:22:11.835,1.45597,1.45604,1.00,1.00
2016.06.08 16:22:11.888,1.45598,1.45607,1.19,1.27
2016.06.08 16:22:13.301,1.45598,1.45605,1.19,1.20
2016.06.08 16:22:14.285,1.45598,1.45606,1.19,1.57
2016.06.08 16:22:14.835,1.45598,1.45606,1.19,2.02
2016.06.08 16:22:15.344,1.45598,1.45606,1.19,1.10
2016.06.08 16:22:25.023,1.45598,1.45608,1.19,1.57
2016.06.08 16:22:26.928,1.45598,1.45606,1.19,1.47
2016.06.08 16:22:33.794,1.45598,1.45606,1.39,1.57
2016.06.08 16:22:34.944,1.45598,1.45606,1.19,2.25
2016.06.08 16:22:41.610,1.45599,1.45608,1.25,2.02
2016.06.08 16:22:44.428,1.45599,1.45608,1.25,2.40
2016.06.08 16:22:44.939,1.45601,1.45607,1.00,1.45
2016.06.08 16:22:45.262,1.45599,1.45607,1.25,1.45
2016.06.08 16:22:46.519,1.45599,1.45608,1.19,1.87
2016.06.08 16:22:50.174,1.45602,1.45609,1.19,1.50
2016.06.08 16:22:50.225,1.45602,1.45609,1.69,1.12
2016.06.08 16:22:50.378,1.45607,1.45611,1.19,1.87
2016.06.08 16:22:50.429,1.45607,1.45613,1.19,1.20
2016.06.08 16:22:51.191,1.45608,1.45614,1.19,1.45
2016.06.08 16:22:51.750,1.45608,1.45616,1.29,1.20
2016.06.08 16:22:51.809,1.45611,1.45616,1.19,1.20
2016.06.08 16:22:54.596,1.45612,1.4562,1.19,1.85
2016.06.08 16:22:55.098,1.45614,1.45621,1.19,1.95
2016.06.08 16:22:56.636,1.45618,1.45623,1.29,1.00
2016.06.08 16:22:56.737,1.45618,1.45626,1.69,1.00
2016.06.08 16:22:56.789,1.45618,1.45626,1.31,1.00
2016.06.08 16:22:56.941,1.45618,1.45628,2.06,1.72
2016.06.08 16:22:57.449,1.4562,1.45628,1.39,1.00
2016.06.08 16:22:58.233,1.4562,1.45626,1.39,1.00
2016.06.08 16:22:58.740,1.4562,1.45627,1.94,1.00
2016.06.08 16:22:58.842,1.4562,1.45629,1.94,1.34
2016.06.08 16:23:00.004,1.4562,1.45627,1.66,1.00
2016.06.08 16:23:00.513,1.4562,1.45628,2.14,1.30
2016.06.08 16:23:01.415,1.4562,1.45627,2.14,1.00
2016.06.08 16:23:01.517,1.4562,1.45629,2.14,2.47
2016.06.08 16:23:01.721,1.4562,1.45627,2.81,1.00
2016.06.08 16:23:02.026,1.45621,1.45629,1.69,1.29
2016.06.08 16:23:02.853,1.45621,1.45626,1.69,1.00
2016.06.08 16:23:03.057,1.45621,1.45628,1.87,1.35
2016.06.08 16:23:03.564,1.45621,1.45629,1.12,1.04
2016.06.08 16:23:04.335,1.45621,1.4563,1.12,2.12
2016.06.08 16:23:04.842,1.45623,1.45628,1.12,1.29
2016.06.08 16:23:05.045,1.45626,1.45632,1.00,2.62
2016.06.08 16:23:05.096,1.45629,1.45632,1.25,1.00
2016.06.08 16:23:05.198,1.4563,1.45634,1.25,1.00
2016.06.08 16:23:05.250,1.4563,1.45636,1.25,1.00
2016.06.08 16:23:05.544,1.4563,1.4564,1.69,1.87
2016.06.08 16:23:06.051,1.4563,1.4564,2.44,1.37
2016.06.08 16:23:09.912,1.4563,1.45641,2.14,7.69
2016.06.08 16:23:12.723,1.4563,1.45638,2.14,1.00
2016.06.08 16:23:13.232,1.4563,1.45639,1.69,1.50
2016.06.08 16:23:13.841,1.4563,1.45638,1.69,1.00
2016.06.08 16:23:14.351,1.4563,1.45637,1.69,1.00
2016.06.08 16:23:14.554,1.4563,1.45639,1.69,1.00
2016.06.08 16:23:15.786,1.45631,1.4564,1.39,2.51
2016.06.08 16:23:16.729,1.45634,1.45641,1.00,1.95
2016.06.08 16:23:16.882,1.45634,1.45645,1.19,1.50
2016.06.08 16:23:17.394,1.45635,1.45646,1.69,1.00
2016.06.08 16:23:17.496,1.45638,1.45648,1.00,1.75
2016.06.08 16:23:17.598,1.45639,1.45648,1.25,1.12
2016.06.08 16:23:18.106,1.45639,1.45647,1.31,1.12
2016.06.08 16:23:18.624,1.45639,1.45646,1.25,1.00
2016.06.08 16:23:19.385,1.45639,1.45645,1.25,1.00
2016.06.08 16:23:20.457,1.45639,1.45647,1.25,1.12
2016.06.08 16:23:20.971,1.45639,1.45648,1.25,1.50
2016.06.08 16:23:23.632,1.45639,1.45651,1.31,1.95
2016.06.08 16:23:23.684,1.45639,1.45651,2.06,1.87
2016.06.08 16:23:24.388,1.45639,1.45651,2.06,1.12
2016.06.08 16:23:24.693,1.45642,1.45649,1.56,1.00
2016.06.08 16:23:25.200,1.45642,1.45651,1.56,1.37
2016.06.08 16:23:26.308,1.45642,1.45651,1.19,1.00
2016.06.08 16:23:26.691,1.45645,1.45653,1.00,1.87
2016.06.08 16:23:27.074,1.45651,1.45655,1.87,1.87
2016.06.08 16:23:27.125,1.45652,1.45655,1.12,1.00
2016.06.08 16:23:27.227,1.45652,1.45656,2.44,1.00
2016.06.08 16:23:27.432,1.45651,1.45655,2.62,1.00
2016.06.08 16:23:27.636,1.45651,1.45655,1.50,1.10
2016.06.08 16:23:27.739,1.45649,1.4566,1.56,1.00
2016.06.08 16:23:28.190,1.45649,1.45657,1.56,1.00
2016.06.08 16:23:28.241,1.45647,1.45657,1.22,1.12
2016.06.08 16:23:28.749,1.45646,1.45656,1.29,1.20
2016.06.08 16:23:28.801,1.45646,1.45656,1.19,1.87
2016.06.08 16:23:30.549,1.45646,1.45651,1.19,2.06
2016.06.08 16:23:30.885,1.45639,1.45642,1.25,1.12
2016.06.08 16:23:31.191,1.45637,1.45641,1.00,1.12
2016.06.08 16:23:31.496,1.45631,1.45641,1.19,3.00
2016.06.08 16:23:39.912,1.45634,1.45641,1.00,1.87
2016.06.08 16:23:39.963,1.45637,1.45641,1.00,1.12
2016.06.08 16:23:40.116,1.45637,1.45644,1.25,1.10
2016.06.08 16:23:40.370,1.45637,1.45646,1.25,1.20
2016.06.08 16:23:42.107,1.45636,1.45647,1.19,4.20
2016.06.08 16:23:42.977,1.4564,1.45647,1.00,1.57
2016.06.08 16:23:43.233,1.45642,1.45651,1.10,1.87
2016.06.08 16:23:43.284,1.45643,1.45651,1.69,1.87
2016.06.08 16:23:43.488,1.45643,1.45652,1.19,1.50
2016.06.08 16:23:44.253,1.45643,1.45652,1.19,2.55
2016.06.08 16:23:44.355,1.45643,1.45651,1.19,1.87
2016.06.08 16:23:44.407,1.45641,1.45651,1.12,2.25
2016.06.08 16:23:44.961,1.45642,1.45651,1.29,1.12
2016.06.08 16:23:45.479,1.45642,1.45652,2.06,3.00
2016.06.08 16:23:53.040,1.45642,1.4565,1.69,1.50
2016.06.08 16:23:53.345,1.45648,1.45653,1.00,1.20
2016.06.08 16:23:53.406,1.45647,1.45654,1.69,1.50
2016.06.08 16:23:53.916,1.45647,1.45657,1.31,2.25
2016.06.08 16:23:57.957,1.45642,1.4565,1.94,1.10
2016.06.08 16:23:58.009,1.45642,1.4565,1.29,1.76
2016.06.08 16:23:59.399,1.45641,1.45647,1.19,1.10
2016.06.08 16:24:00.353,1.45641,1.45646,1.19,1.00
2016.06.08 16:24:00.456,1.45638,1.45647,1.01,1.20
2016.06.08 16:24:01.731,1.45638,1.45647,1.19,1.47
2016.06.08 16:24:02.240,1.45636,1.45646,1.76,1.20
2016.06.08 16:24:02.849,1.45636,1.45646,2.14,1.20
2016.06.08 16:24:03.894,1.45636,1.45642,2.14,1.00
2016.06.08 16:24:04.300,1.45633,1.45642,1.09,1.50
2016.06.08 16:24:05.191,1.45632,1.4564,2.06,1.00
2016.06.08 16:24:05.345,1.45632,1.45638,1.19,1.20
2016.06.08 16:24:05.397,1.4563,1.45638,1.69,1.20
2016.06.08 16:24:07.550,1.45629,1.45636,1.19,1.27
2016.06.08 16:24:07.653,1.45629,1.45636,1.19,1.57
2016.06.08 16:24:07.704,1.45627,1.45636,1.12,1.57
2016.06.08 16:24:15.130,1.45627,1.45637,2.25,1.10
2016.06.08 16:24:17.861,1.45629,1.45636,1.10,1.00
2016.06.08 16:24:22.400,1.45628,1.45635,1.12,1.10
2016.06.08 16:24:22.451,1.45629,1.45633,1.10,1.00
2016.06.08 16:24:22.952,1.45624,1.45629,1.00,1.75
2016.06.08 16:24:23.003,1.45621,1.45628,1.00,1.75
2016.06.08 16:24:23.156,1.45619,1.45628,1.50,1.75
2016.06.08 16:24:26.308,1.45619,1.45627,1.12,1.12
2016.06.08 16:24:26.849,1.45619,1.45627,1.20,1.00
2016.06.08 16:24:29.200,1.45619,1.45628,1.12,1.27
2016.06.08 16:24:29.739,1.45619,1.45628,1.00,1.27
2016.06.08 16:24:33.185,1.45618,1.45628,1.95,1.17
2016.06.08 16:24:38.832,1.4562,1.45627,1.19,1.10
2016.06.08 16:24:43.230,1.4562,1.45629,1.19,1.15
2016.06.08 16:24:43.836,1.4562,1.45629,1.29,1.10
2016.06.08 16:24:50.286,1.45622,1.4563,1.00,1.65
2016.06.08 16:24:50.592,1.4563,1.45638,1.19,1.10
2016.06.08 16:24:51.755,1.4563,1.45637,1.69,1.00
2016.06.08 16:24:52.061,1.45627,1.45635,1.39,1.00
2016.06.08 16:24:52.214,1.45626,1.45635,2.14,1.00
2016.06.08 16:24:52.367,1.45626,1.45633,2.14,1.00
2016.06.08 16:24:52.927,1.45621,1.45627,1.66,1.00
2016.06.08 16:24:53.856,1.4562,1.45628,1.39,1.87
2016.06.08 16:24:54.870,1.4562,1.45626,1.39,1.00
2016.06.08 16:24:54.972,1.45617,1.45626,2.06,1.50
2016.06.08 16:24:55.074,1.45617,1.45624,1.39,1.00
2016.06.08 16:24:55.608,1.45617,1.45625,1.39,1.00
2016.06.08 16:24:59.054,1.45617,1.45624,1.29,1.00
2016.06.08 16:25:02.539,1.45617,1.45621,1.29,1.00
2016.06.08 16:25:02.590,1.45615,1.4562,1.12,1.00
2016.06.08 16:25:02.642,1.45612,1.4562,4.69,1.00
2016.06.08 16:25:03.348,1.45612,1.45619,1.19,1.57
2016.06.08 16:25:03.602,1.45612,1.45617,1.19,1.50
2016.06.08 16:25:03.705,1.45612,1.45619,1.19,1.95
2016.06.08 16:25:04.211,1.45612,1.45617,1.19,1.00
2016.06.08 16:25:05.170,1.45612,1.45616,1.19,1.07
2016.06.08 16:25:05.221,1.45608,1.45615,1.19,1.20
2016.06.08 16:25:05.374,1.45608,1.45614,1.19,1.20
2016.06.08 16:25:05.881,1.45605,1.45615,1.19,1.95
2016.06.08 16:25:07.300,1.45606,1.45614,2.06,1.10
2016.06.08 16:25:09.430,1.45608,1.45615,1.69,1.17
2016.06.08 16:25:09.633,1.45608,1.45617,2.81,1.50
2016.06.08 16:25:10.236,1.45608,1.45613,1.12,1.00
2016.06.08 16:25:10.389,1.45607,1.45613,1.12,1.00
2016.06.08 16:25:10.491,1.45604,1.45612,2.44,1.00
2016.06.08 16:25:12.177,1.45604,1.45611,2.44,1.00
2016.06.08 16:25:12.690,1.45604,1.45612,2.44,1.00
2016.06.08 16:25:14.685,1.45605,1.45613,1.39,1.00
2016.06.08 16:25:15.221,1.45605,1.45612,1.39,1.00
2016.06.08 16:25:16.396,1.45604,1.45613,2.81,1.00
2016.06.08 16:25:17.149,1.45604,1.45614,2.81,3.00
2016.06.08 16:25:17.201,1.45604,1.45611,2.81,1.00
2016.06.08 16:25:18.707,1.45604,1.45607,1.12,2.62
2016.06.08 16:25:18.783,1.45599,1.45606,1.25,1.10
2016.06.08 16:25:20.031,1.45598,1.45607,1.84,1.20
2016.06.08 16:25:20.184,1.45598,1.45605,1.84,1.00
2016.06.08 16:25:21.405,1.45598,1.45603,1.39,1.00
2016.06.08 16:25:21.457,1.45593,1.45602,1.69,1.15
2016.06.08 16:25:21.609,1.45593,1.45599,1.19,1.00
2016.06.08 16:25:22.015,1.45593,1.45597,1.19,1.00
2016.06.08 16:25:22.849,1.45588,1.45597,2.81,1.12
2016.06.08 16:25:23.372,1.45588,1.45596,1.69,1.00
2016.06.08 16:25:25.117,1.45588,1.45594,1.69,1.00
2016.06.08 16:25:25.628,1.45588,1.45595,1.69,1.00
2016.06.08 16:25:26.823,1.45588,1.45594,1.69,1.00
2016.06.08 16:25:27.332,1.45588,1.45595,1.69,1.00
2016.06.08 16:25:29.243,1.45588,1.45596,1.69,1.00
2016.06.08 16:25:29.749,1.45588,1.45597,1.69,2.32
2016.06.08 16:25:34.252,1.45588,1.45595,1.69,1.00
2016.06.08 16:25:38.297,1.45588,1.45597,1.69,1.10
2016.06.08 16:25:45.227,1.45588,1.45598,2.06,2.32
2016.06.08 16:25:45.856,1.45588,1.45597,2.06,1.00
2016.06.08 16:25:46.367,1.45588,1.45597,1.66,1.95
2016.06.08 16:25:46.970,1.45588,1.45597,1.31,1.95
2016.06.08 16:25:50.546,1.45585,1.45595,2.62,1.20
2016.06.08 16:25:50.648,1.45585,1.45593,1.20,1.00
2016.06.08 16:25:50.953,1.45584,1.45595,1.50,1.57
2016.06.08 16:25:51.371,1.45584,1.45593,1.50,1.00
2016.06.08 16:25:51.473,1.45584,1.45595,1.50,1.57
2016.06.08 16:25:51.986,1.45585,1.45594,1.20,1.00
2016.06.08 16:25:52.546,1.45585,1.45593,1.20,1.00
2016.06.08 16:25:53.303,1.45584,1.45587,1.87,1.00
2016.06.08 16:25:53.372,1.4558,1.45586,2.02,1.00
2016.06.08 16:25:53.423,1.4558,1.45586,1.27,1.50
2016.06.08 16:25:53.764,1.45584,1.45588,1.00,1.07
2016.06.08 16:25:53.815,1.45585,1.45591,1.10,1.00
2016.06.08 16:25:54.373,1.45585,1.45594,1.10,1.57
2016.06.08 16:25:56.845,1.45582,1.45592,4.50,1.00
2016.06.08 16:25:57.352,1.45582,1.45593,2.25,2.32
2016.06.08 16:25:57.909,1.45583,1.45591,1.47,1.00
2016.06.08 16:25:58.010,1.45583,1.45591,1.10,1.00
2016.06.08 16:25:59.300,1.45583,1.45592,1.10,1.95
2016.06.08 16:25:59.807,1.45583,1.45591,1.10,1.00
2016.06.08 16:26:00.651,1.45584,1.45592,1.00,1.95
2016.06.08 16:26:02.599,1.45583,1.45592,1.10,2.32
2016.06.08 16:26:02.650,1.45583,1.4559,1.10,1.00
2016.06.08 16:26:03.512,1.45582,1.45591,1.20,1.00
2016.06.08 16:26:03.924,1.45578,1.45586,1.10,1.00
2016.06.08 16:26:04.430,1.45577,1.45585,1.20,1.00
2016.06.08 16:26:05.506,1.45578,1.45586,1.10,1.00
2016.06.08 16:26:06.013,1.45578,1.45588,1.10,2.40
2016.06.08 16:26:07.249,1.45579,1.45587,1.00,1.10
2016.06.08 16:26:07.554,1.45582,1.45591,1.12,1.57
2016.06.08 16:26:08.466,1.45581,1.45589,1.47,1.00
2016.06.08 16:26:08.669,1.45578,1.45589,3.00,1.87
2016.06.08 16:26:08.771,1.45578,1.45588,1.95,1.10
2016.06.08 16:26:09.127,1.4558,1.45589,1.07,1.00
2016.06.08 16:26:09.575,1.45579,1.45589,1.50,1.87
2016.06.08 16:26:11.294,1.45578,1.45586,1.47,1.00
2016.06.08 16:26:11.803,1.45578,1.45587,1.47,1.10
2016.06.08 16:26:12.456,1.45577,1.45586,3.37,1.00
2016.06.08 16:26:12.862,1.45577,1.45585,1.20,1.00
2016.06.08 16:26:13.383,1.45576,1.45584,1.12,1.00
2016.06.08 16:26:14.145,1.45575,1.45585,1.87,1.50
2016.06.08 16:26:19.893,1.45575,1.45585,1.87,1.00
2016.06.08 16:26:21.960,1.45571,1.45578,1.31,1.37
2016.06.08 16:26:22.468,1.45572,1.45579,1.00,1.10
2016.06.08 16:26:22.979,1.45573,1.4558,1.00,1.17
2016.06.08 16:26:23.487,1.4557,1.45581,2.32,3.07
2016.06.08 16:26:24.770,1.45569,1.45578,1.57,1.50
2016.06.08 16:26:25.291,1.45569,1.45577,1.20,1.00
2016.06.08 16:26:25.806,1.45569,1.45578,1.20,2.02
2016.06.08 16:26:26.874,1.45569,1.45577,1.20,1.00
2016.06.08 16:26:27.411,1.45569,1.45578,1.20,2.02
2016.06.08 16:26:29.068,1.45569,1.45577,1.20,1.00
2016.06.08 16:26:29.575,1.45569,1.45578,1.20,2.02
2016.06.08 16:26:30.521,1.45568,1.45577,1.87,1.00
2016.06.08 16:26:30.827,1.45571,1.45576,1.19,1.10
2016.06.08 16:26:32.210,1.45571,1.45578,1.19,1.50
2016.06.08 16:26:32.514,1.45574,1.4558,1.00,1.00
2016.06.08 16:26:32.565,1.45576,1.45581,1.19,1.20
2016.06.08 16:26:33.179,1.45577,1.45585,1.39,1.10
2016.06.08 16:26:36.228,1.45578,1.45587,1.29,1.57
2016.06.08 16:26:38.188,1.45578,1.45583,1.29,1.00
2016.06.08 16:26:38.289,1.45575,1.45584,1.19,2.25
2016.06.08 16:26:38.341,1.45575,1.45582,1.19,1.47
2016.06.08 16:26:38.867,1.45575,1.45581,1.19,1.57
2016.06.08 16:26:39.198,1.45568,1.45578,1.84,1.00
2016.06.08 16:26:39.250,1.45568,1.45578,1.76,1.87
2016.06.08 16:26:45.419,1.45568,1.45578,2.51,2.32
2016.06.08 16:26:46.243,1.45572,1.45579,1.00,3.00
2016.06.08 16:26:46.396,1.45574,1.45581,1.19,1.00
2016.06.08 16:26:46.548,1.45577,1.45584,1.19,1.47
2016.06.08 16:26:47.005,1.45575,1.45585,1.29,3.00
2016.06.08 16:26:49.537,1.45573,1.4558,1.25,1.50
2016.06.08 16:26:49.893,1.45571,1.45577,1.19,1.20
2016.06.08 16:26:54.671,1.4557,1.45576,1.19,1.10
2016.06.08 16:26:55.287,1.4557,1.45576,1.19,1.12
2016.06.08 16:26:58.159,1.4557,1.45578,1.19,1.95
2016.06.08 16:26:58.798,1.45572,1.4558,1.00,1.12
2016.06.08 16:26:59.310,1.45572,1.4558,1.10,1.00
2016.06.08 16:26:59.818,1.45571,1.45581,2.59,1.57
2016.06.08 16:27:00.129,1.45574,1.45581,1.19,1.10
2016.06.08 16:27:00.485,1.45574,1.4558,1.19,1.20
2016.06.08 16:27:01.952,1.45574,1.45577,1.19,1.00
2016.06.08 16:27:03.774,1.45574,1.45578,1.19,1.00
2016.06.08 16:27:04.282,1.45574,1.45579,1.19,1.10
2016.06.08 16:27:06.280,1.45574,1.45581,1.19,1.57
2016.06.08 16:27:06.752,1.45575,1.45583,2.06,1.57
2016.06.08 16:27:07.261,1.45576,1.45584,1.29,1.00
2016.06.08 16:27:07.924,1.45577,1.45581,1.19,1.00
2016.06.08 16:27:07.976,1.45574,1.45581,1.29,1.57
2016.06.08 16:27:08.337,1.45574,1.45578,1.19,1.00
2016.06.08 16:27:08.868,1.45574,1.45579,1.19,1.00
2016.06.08 16:27:09.441,1.45574,1.4558,1.19,1.00
2016.06.08 16:27:11.873,1.45574,1.45578,1.19,1.00
2016.06.08 16:27:12.283,1.45569,1.45575,1.39,1.00
2016.06.08 16:27:12.335,1.45568,1.45575,2.21,1.00
2016.06.08 16:27:12.850,1.45568,1.45576,1.69,1.20
2016.06.08 16:27:15.352,1.45568,1.45575,1.69,1.00
2016.06.08 16:27:15.813,1.45572,1.45577,1.19,1.50
2016.06.08 16:27:18.918,1.45572,1.45575,1.19,1.00
2016.06.08 16:27:18.970,1.45572,1.45577,1.19,1.00
2016.06.08 16:27:19.021,1.45568,1.45576,2.21,1.00
2016.06.08 16:27:19.123,1.45571,1.45576,1.19,1.00
2016.06.08 16:27:19.903,1.45571,1.45577,1.19,1.00
2016.06.08 16:27:20.056,1.45573,1.45581,1.00,1.87
2016.06.08 16:27:20.107,1.45575,1.45581,1.56,1.12
2016.06.08 16:27:20.159,1.45575,1.45583,1.69,1.50
2016.06.08 16:27:20.261,1.45575,1.45584,1.69,1.00
2016.06.08 16:27:20.784,1.45576,1.45585,1.32,1.12
2016.06.08 16:27:20.887,1.45578,1.45585,1.19,1.12
2016.06.08 16:27:22.063,1.45578,1.45584,1.19,1.00
2016.06.08 16:27:27.798,1.45578,1.45583,1.19,1.00
2016.06.08 16:27:28.306,1.45578,1.45584,1.19,1.00
2016.06.08 16:27:29.006,1.45578,1.45585,1.19,1.00
2016.06.08 16:27:29.547,1.45578,1.45584,1.19,1.00
2016.06.08 16:27:30.768,1.45578,1.45583,1.19,1.00
2016.06.08 16:27:38.084,1.45578,1.45584,1.19,1.00
2016.06.08 16:27:39.795,1.45578,1.45583,1.19,1.00
2016.06.08 16:27:40.302,1.45578,1.45584,1.19,1.00
2016.06.08 16:27:41.211,1.45578,1.45583,1.19,1.00
2016.06.08 16:27:41.719,1.45578,1.45584,1.19,1.00
2016.06.08 16:27:42.457,1.4558,1.45584,1.19,1.00
2016.06.08 16:27:42.523,1.4558,1.45586,1.19,1.00
2016.06.08 16:27:42.779,1.4558,1.45584,1.19,1.00
2016.06.08 16:27:43.288,1.4558,1.45585,1.19,1.00
2016.06.08 16:27:43.834,1.4558,1.45584,1.19,1.00
2016.06.08 16:27:44.345,1.4558,1.45585,1.19,1.00
2016.06.08 16:27:44.943,1.4558,1.45584,1.19,1.00
2016.06.08 16:27:45.451,1.4558,1.45583,1.19,1.00
2016.06.08 16:27:45.959,1.4558,1.45582,1.19,1.00
2016.06.08 16:27:48.853,1.4558,1.45584,1.19,1.00
2016.06.08 16:27:56.910,1.45576,1.45582,1.36,1.00
2016.06.08 16:28:00.479,1.45576,1.45581,1.19,1.00
2016.06.08 16:28:00.582,1.45576,1.45579,1.19,1.00
2016.06.08 16:28:00.786,1.4557,1.45576,1.69,1.00
2016.06.08 16:28:00.838,1.4557,1.45574,1.31,1.00
2016.06.08 16:28:02.128,1.45567,1.45574,1.69,1.00
2016.06.08 16:28:02.837,1.45566,1.45573,2.62,1.00
2016.06.08 16:28:03.630,1.45565,1.45573,1.84,1.00
2016.06.08 16:28:04.138,1.45565,1.45574,2.21,1.50
2016.06.08 16:28:04.645,1.45566,1.45573,1.10,1.00
2016.06.08 16:28:06.049,1.45564,1.45572,1.76,1.00
2016.06.08 16:28:06.820,1.45558,1.45565,1.75,1.12
2016.06.08 16:28:06.871,1.45555,1.45563,1.65,1.00
2016.06.08 16:28:08.805,1.45553,1.45558,1.95,1.00
2016.06.08 16:28:08.907,1.4555,1.45555,1.37,1.00
2016.06.08 16:28:08.958,1.45548,1.45554,1.87,1.00
2016.06.08 16:28:09.010,1.45548,1.45551,1.00,1.00
2016.06.08 16:28:09.112,1.45548,1.45553,1.00,1.00
2016.06.08 16:28:09.164,1.45545,1.45554,1.10,1.00
2016.06.08 16:28:09.317,1.45549,1.45554,1.00,1.00
2016.06.08 16:28:09.576,1.45551,1.45559,1.00,1.95
2016.06.08 16:28:10.139,1.45549,1.45557,1.07,1.10
2016.06.08 16:28:10.700,1.45549,1.45558,1.00,1.87
2016.06.08 16:28:11.289,1.45547,1.45554,1.10,1.00
2016.06.08 16:28:11.796,1.45546,1.45557,1.10,3.37
2016.06.08 16:28:13.487,1.45545,1.45552,1.17,1.00
2016.06.08 16:28:13.640,1.45541,1.45551,3.45,1.10
2016.06.08 16:28:13.741,1.45541,1.45549,1.10,1.10
2016.06.08 16:28:14.309,1.45542,1.45549,1.00,1.10
2016.06.08 16:28:14.614,1.45545,1.45554,1.00,2.62
2016.06.08 16:28:14.665,1.45545,1.45553,1.20,1.20
2016.06.08 16:28:14.919,1.45543,1.45551,2.25,1.00
2016.06.08 16:28:15.072,1.4554,1.45551,1.95,1.57
2016.06.08 16:28:15.225,1.4554,1.45549,3.07,1.00
2016.06.08 16:28:15.998,1.4555,1.45555,4.69,1.87
2016.06.08 16:28:16.355,1.45547,1.45556,3.00,1.50
2016.06.08 16:28:16.663,1.45547,1.45554,1.57,1.00
2016.06.08 16:28:16.964,1.45544,1.45547,1.50,2.32
2016.06.08 16:28:17.070,1.45537,1.45543,1.00,1.10
2016.06.08 16:28:17.173,1.45541,1.45544,1.00,2.70
2016.06.08 16:28:17.379,1.45535,1.45544,1.69,1.20
2016.06.08 16:28:17.432,1.45535,1.45544,1.00,1.20
2016.06.08 16:28:17.946,1.45534,1.45539,1.15,1.00
2016.06.08 16:28:18.277,1.4553,1.45539,1.57,1.10
2016.06.08 16:28:18.734,1.4553,1.45539,1.20,1.95
2016.06.08 16:28:19.043,1.45529,1.45537,1.15,1.10
2016.06.08 16:28:20.407,1.45527,1.45536,1.95,1.00
2016.06.08 16:28:20.712,1.45525,1.45533,1.20,1.10
2016.06.08 16:28:21.261,1.45524,1.45533,1.57,1.10
2016.06.08 16:28:21.768,1.45524,1.45532,1.57,1.00
2016.06.08 16:28:22.426,1.45524,1.45528,1.57,1.00
2016.06.08 16:28:22.477,1.45522,1.45526,1.12,1.00
2016.06.08 16:28:22.528,1.4552,1.45524,1.37,1.00
2016.06.08 16:28:22.775,1.45513,1.45523,2.59,1.20
2016.06.08 16:28:22.878,1.45512,1.45523,1.55,1.20
2016.06.08 16:28:24.403,1.45511,1.4552,1.95,1.00
2016.06.08 16:28:30.586,1.45514,1.45523,1.12,1.75
2016.06.08 16:28:30.903,1.45515,1.45526,2.62,1.65
2016.06.08 16:28:31.411,1.45515,1.45526,1.87,1.12
2016.06.08 16:28:36.518,1.45517,1.45527,1.12,3.00
2016.06.08 16:28:37.975,1.45516,1.45522,1.12,1.00
2016.06.08 16:28:38.178,1.45512,1.45522,1.39,1.37
2016.06.08 16:28:38.724,1.45511,1.45522,1.50,1.87
2016.06.08 16:28:39.635,1.45511,1.4552,1.50,1.10
2016.06.08 16:28:40.382,1.45511,1.45521,1.50,1.10
2016.06.08 16:28:40.587,1.4551,1.45517,1.95,1.00
2016.06.08 16:28:40.690,1.45508,1.45517,1.12,1.00
2016.06.08 16:28:41.198,1.45506,1.45517,2.25,1.10
2016.06.08 16:28:41.542,1.45506,1.45515,1.87,1.00
2016.06.08 16:28:41.668,1.45502,1.45515,1.87,1.87
2016.06.08 16:28:41.720,1.45502,1.45514,1.50,1.50
2016.06.08 16:28:42.316,1.45503,1.45512,1.12,1.10
2016.06.08 16:28:42.825,1.45503,1.45514,1.50,1.95
2016.06.08 16:28:43.736,1.45503,1.45512,1.45,1.10
2016.06.08 16:28:44.196,1.45503,1.45509,1.45,1.00
2016.06.08 16:28:44.595,1.45498,1.45508,1.12,1.12
2016.06.08 16:28:45.723,1.45499,1.45507,1.12,1.00
2016.06.08 16:28:45.775,1.45496,1.45507,1.75,1.12
2016.06.08 16:28:46.283,1.45495,1.45506,2.62,1.10
2016.06.08 16:28:46.334,1.45495,1.45506,2.62,1.37
2016.06.08 16:28:46.638,1.45499,1.45508,1.47,1.50
2016.06.08 16:28:47.072,1.45496,1.45509,1.87,2.32
2016.06.08 16:28:47.327,1.45501,1.45512,1.87,4.39
2016.06.08 16:28:47.635,1.45504,1.45513,2.32,1.00
2016.06.08 16:28:48.214,1.45507,1.45518,1.50,1.12
2016.06.08 16:28:48.570,1.45505,1.45516,1.50,1.00
2016.06.08 16:28:48.622,1.45505,1.45516,1.57,1.00
2016.06.08 16:28:49.129,1.45503,1.45516,2.62,1.87
2016.06.08 16:28:49.646,1.45503,1.45516,2.32,2.70
2016.06.08 16:28:50.106,1.45503,1.45514,2.32,1.00
2016.06.08 16:28:50.713,1.45503,1.45513,1.20,1.00
2016.06.08 16:28:51.326,1.45503,1.45514,1.20,1.50
2016.06.08 16:28:52.713,1.45503,1.45517,3.82,2.02
2016.06.08 16:28:53.047,1.4551,1.45518,1.35,1.00
2016.06.08 16:28:53.372,1.45506,1.45517,1.12,1.00
2016.06.08 16:28:53.577,1.45505,1.45517,1.65,1.00
2016.06.08 16:28:53.936,1.45503,1.45513,4.12,1.00
2016.06.08 16:28:54.334,1.45502,1.45508,1.00,1.50
2016.06.08 16:28:54.588,1.45497,1.45508,1.65,1.50
2016.06.08 16:28:54.792,1.45497,1.45508,1.20,1.50
2016.06.08 16:28:55.757,1.45497,1.45506,1.95,1.00
2016.06.08 16:28:56.269,1.45496,1.45506,1.35,1.00
2016.06.08 16:28:57.058,1.45495,1.45505,2.02,1.00
2016.06.08 16:28:57.630,1.45495,1.45506,2.02,1.00
2016.06.08 16:28:57.833,1.45495,1.45508,1.52,1.00
2016.06.08 16:28:58.383,1.45495,1.45507,2.02,1.00
2016.06.08 16:28:58.537,1.45493,1.45506,1.76,3.37
2016.06.08 16:28:58.862,1.45493,1.45506,1.50,5.62
2016.06.08 16:28:59.369,1.45492,1.45506,1.87,4.87
2016.06.08 16:28:59.873,1.45491,1.45505,1.57,1.00
2016.06.08 16:29:00.381,1.45493,1.45505,1.00,1.87
2016.06.08 16:29:00.840,1.45491,1.45499,1.65,1.00
2016.06.08 16:29:00.993,1.45489,1.45501,1.12,1.50
2016.06.08 16:29:01.045,1.45488,1.45501,1.25,2.25
2016.06.08 16:29:01.808,1.45488,1.45501,1.00,1.37
2016.06.08 16:29:06.017,1.45485,1.45496,1.20,1.30
2016.06.08 16:29:06.325,1.45481,1.45495,1.12,1.50
2016.06.08 16:29:06.992,1.45481,1.45494,1.50,1.94
2016.06.08 16:29:07.498,1.4548,1.45494,1.57,1.94
2016.06.08 16:29:08.095,1.45481,1.45494,1.00,1.94
2016.06.08 16:29:08.602,1.4548,1.45494,1.57,1.07
2016.06.08 16:29:08.957,1.45482,1.45494,1.00,1.07
2016.06.08 16:29:09.469,1.45483,1.45495,1.50,1.44
2016.06.08 16:29:09.622,1.4548,1.45493,1.57,1.57
2016.06.08 16:29:09.825,1.45488,1.45494,1.25,1.07
2016.06.08 16:29:09.926,1.45487,1.45496,1.19,4.87
2016.06.08 16:29:09.978,1.45493,1.45496,1.00,3.37
2016.06.08 16:29:10.029,1.45494,1.45499,1.25,1.57
2016.06.08 16:29:10.733,1.45492,1.45499,1.00,1.00
2016.06.08 16:29:10.785,1.45488,1.45503,3.26,2.25
2016.06.08 16:29:11.041,1.45494,1.45501,1.00,1.00
2016.06.08 16:29:11.245,1.45493,1.45503,6.11,1.00
2016.06.08 16:29:11.449,1.45497,1.45503,1.50,1.00
2016.06.08 16:29:11.551,1.45499,1.45508,1.55,1.25
2016.06.08 16:29:12.003,1.455,1.45513,1.00,2.62
2016.06.08 16:29:12.359,1.45499,1.45513,1.00,1.50
2016.06.08 16:29:12.563,1.45498,1.45512,1.57,3.37
2016.06.08 16:29:12.818,1.45496,1.4551,1.84,3.00
2016.06.08 16:29:13.324,1.45496,1.4551,1.10,1.50
2016.06.08 16:29:13.836,1.45495,1.45508,1.65,1.00
2016.06.08 16:29:14.808,1.45495,1.45509,1.17,1.75
2016.06.08 16:29:15.671,1.45495,1.45508,1.10,2.25
2016.06.08 16:29:16.236,1.45492,1.45507,3.07,7.12
2016.06.08 16:29:16.743,1.45492,1.45507,2.62,6.07
2016.06.08 16:29:17.253,1.45492,1.45507,1.37,6.45
2016.06.08 16:29:21.787,1.45494,1.45505,1.00,1.12
2016.06.08 16:29:22.341,1.45493,1.45505,1.12,1.12
2016.06.08 16:29:23.620,1.45495,1.45504,1.00,1.00
2016.06.08 16:29:24.129,1.45494,1.45505,1.12,1.00
2016.06.08 16:29:24.586,1.45499,1.45506,1.00,1.00
2016.06.08 16:29:24.891,1.45499,1.45508,1.00,1.00
2016.06.08 16:29:25.219,1.45497,1.45508,1.00,1.00
2016.06.08 16:29:25.726,1.45496,1.45508,1.12,1.00
2016.06.08 16:29:26.378,1.45496,1.45508,1.87,1.50
2016.06.08 16:29:27.307,1.45497,1.45506,1.00,1.00
2016.06.08 16:29:28.173,1.45496,1.45507,1.87,1.00
2016.06.08 16:29:29.089,1.45496,1.45508,1.87,2.32
2016.06.08 16:29:29.141,1.45498,1.45507,1.00,1.00
2016.06.08 16:29:29.733,1.45496,1.45508,1.87,2.32
2016.06.08 16:29:30.975,1.45496,1.45507,1.00,1.00
2016.06.08 16:29:33.516,1.45496,1.45508,1.00,1.57
2016.06.08 16:29:33.568,1.45498,1.45508,1.00,1.10
2016.06.08 16:29:33.873,1.45498,1.45509,1.75,1.00
2016.06.08 16:29:33.975,1.45498,1.45509,1.12,1.50
2016.06.08 16:29:34.493,1.45497,1.45509,1.12,1.00
2016.06.08 16:29:34.950,1.45499,1.45508,1.00,1.00
2016.06.08 16:29:35.001,1.45497,1.45509,1.12,1.00
2016.06.08 16:29:35.515,1.45498,1.45509,1.00,1.00
2016.06.08 16:29:36.093,1.45498,1.45509,1.00,1.95
2016.06.08 16:29:36.145,1.45496,1.45506,1.50,1.00
2016.06.08 16:29:36.655,1.45496,1.45506,1.00,1.50
2016.06.08 16:29:38.563,1.45494,1.45507,1.87,1.57
2016.06.08 16:29:39.144,1.45492,1.45504,3.00,2.25
2016.06.08 16:29:39.655,1.45492,1.45504,1.00,2.32
2016.06.08 16:29:40.158,1.45492,1.45504,1.00,2.32
2016.06.08 16:29:40.609,1.45494,1.45504,2.44,1.47
2016.06.08 16:29:40.761,1.45497,1.45508,2.25,1.32
2016.06.08 16:29:40.913,1.45498,1.45509,1.50,1.87
2016.06.08 16:29:41.422,1.45499,1.45508,1.12,1.00
2016.06.08 16:29:41.859,1.455,1.4551,1.12,1.12
2016.06.08 16:29:42.517,1.45502,1.45511,1.00,1.37
2016.06.08 16:29:43.024,1.45502,1.45511,1.00,1.12
2016.06.08 16:29:45.288,1.455,1.45512,1.50,1.37
2016.06.08 16:29:45.799,1.45501,1.4551,1.00,1.00
2016.06.08 16:29:46.417,1.455,1.45511,1.00,1.12
2016.06.08 16:29:47.632,1.45499,1.45511,1.50,1.12
2016.06.08 16:29:48.139,1.45499,1.45511,1.50,1.37
2016.06.08 16:29:49.858,1.455,1.45511,1.00,1.37
2016.06.08 16:29:50.692,1.45499,1.45511,1.50,1.37
2016.06.08 16:29:50.743,1.45499,1.45511,1.50,1.12
2016.06.08 16:29:51.471,1.45499,1.45511,3.07,1.12
2016.06.08 16:29:52.007,1.45502,1.45511,1.00,1.00
2016.06.08 16:29:52.542,1.45501,1.45513,1.12,3.37
2016.06.08 16:29:53.205,1.45501,1.45513,1.87,3.00
2016.06.08 16:29:54.134,1.45501,1.45513,3.75,1.50
2016.06.08 16:29:54.662,1.45504,1.45513,1.00,1.12
2016.06.08 16:29:58.096,1.45503,1.45514,1.87,1.37
2016.06.08 16:29:58.490,1.45506,1.45516,1.00,2.25
2016.06.08 16:29:58.541,1.45507,1.45516,1.12,1.12
2016.06.08 16:29:58.863,1.45508,1.45518,1.00,1.00
2016.06.08 16:29:59.167,1.45507,1.45516,1.37,1.00
2016.06.08 16:30:00.272,1.45505,1.45515,3.82,1.00
2016.06.08 16:30:00.324,1.45504,1.45514,1.12,1.00
2016.06.08 16:30:00.425,1.45502,1.45514,4.12,1.00
2016.06.08 16:30:02.309,1.45503,1.45514,1.50,1.12
2016.06.08 16:30:03.052,1.45503,1.45514,1.50,1.00
2016.06.08 16:30:03.563,1.45505,1.45514,1.00,1.00
2016.06.08 16:30:04.103,1.45504,1.45515,1.50,1.37
2016.06.08 16:30:04.668,1.45506,1.45515,1.00,1.12
2016.06.08 16:30:05.283,1.45505,1.45514,1.12,1.00
2016.06.08 16:30:05.790,1.45505,1.45515,1.12,1.12
2016.06.08 16:30:06.858,1.45505,1.45515,1.12,1.37
2016.06.08 16:30:08.600,1.45506,1.45514,1.00,1.12
2016.06.08 16:30:09.058,1.45506,1.45516,1.00,1.00
2016.06.08 16:30:09.110,1.45509,1.45518,1.00,1.07
2016.06.08 16:30:09.416,1.45513,1.4552,1.00,1.00
2016.06.08 16:30:09.469,1.45513,1.45523,1.00,1.37
2016.06.08 16:30:10.012,1.45511,1.45522,1.50,1.12
2016.06.08 16:30:10.165,1.4551,1.45521,1.00,2.25
2016.06.08 16:30:10.318,1.4551,1.45519,1.00,1.00
2016.06.08 16:30:10.420,1.45508,1.45518,1.27,1.00
2016.06.08 16:30:10.937,1.45507,1.45518,1.57,1.50
2016.06.08 16:30:11.629,1.45508,1.45519,1.00,1.00
2016.06.08 16:30:13.695,1.45509,1.45518,1.00,1.00
2016.06.08 16:30:14.242,1.45508,1.45519,1.50,1.50
2016.06.08 16:30:16.470,1.45508,1.45517,1.00,1.00
2016.06.08 16:30:17.037,1.45505,1.45515,1.12,1.00
2016.06.08 16:30:17.554,1.45504,1.45515,1.00,1.00
2016.06.08 16:30:18.147,1.45503,1.45514,1.00,1.12
2016.06.08 16:30:20.628,1.45502,1.45513,1.87,1.00
2016.06.08 16:30:23.371,1.45502,1.45513,2.62,1.50
2016.06.08 16:30:23.881,1.45504,1.45514,1.37,1.50
2016.06.08 16:30:24.246,1.45506,1.45516,1.00,1.00
2016.06.08 16:30:24.297,1.45506,1.45517,1.87,2.25
2016.06.08 16:30:25.661,1.45506,1.45516,1.87,1.00
2016.06.08 16:30:26.531,1.45506,1.45517,2.62,1.50
2016.06.08 16:30:27.843,1.45505,1.45515,4.50,1.50
2016.06.08 16:30:27.997,1.45502,1.45514,3.07,2.62
2016.06.08 16:30:28.099,1.45502,1.45514,1.50,3.37
2016.06.08 16:30:28.997,1.45504,1.45513,1.00,1.12
2016.06.08 16:30:30.115,1.45504,1.45514,1.00,1.00
2016.06.08 16:30:32.022,1.45503,1.45514,1.12,1.00
2016.06.08 16:30:32.529,1.45502,1.45514,2.62,1.50
2016.06.08 16:30:34.554,1.45502,1.45512,1.12,1.00
2016.06.08 16:30:37.212,1.45503,1.45512,1.00,1.50
2016.06.08 16:30:37.904,1.45503,1.45512,1.00,1.87
2016.06.08 16:30:40.789,1.45502,1.45512,2.62,1.37
2016.06.08 16:30:41.247,1.45501,1.45508,1.50,1.12
2016.06.08 16:30:41.450,1.45496,1.45504,1.00,1.87
2016.06.08 16:30:41.934,1.45492,1.45504,1.00,1.87
2016.06.08 16:30:46.122,1.45492,1.45504,1.87,1.87
2016.06.08 16:30:46.630,1.45492,1.45504,1.87,1.87
2016.06.08 16:30:47.331,1.45492,1.45504,1.00,1.87
2016.06.08 16:30:48.560,1.45492,1.45503,1.00,2.62
2016.06.08 16:30:49.533,1.45492,1.45504,1.00,1.87
2016.06.08 16:30:50.043,1.45493,1.45504,1.00,1.12
2016.06.08 16:30:50.552,1.45494,1.45504,1.00,1.00
2016.06.08 16:30:51.060,1.45493,1.45504,1.50,1.00
2016.06.08 16:30:51.420,1.45497,1.45505,1.00,1.00
2016.06.08 16:30:51.726,1.45501,1.45506,1.00,1.00
2016.06.08 16:30:51.777,1.45501,1.45509,1.00,1.00
2016.06.08 16:30:51.930,1.45501,1.45509,2.81,1.00
2016.06.08 16:30:52.388,1.45503,1.45515,1.50,2.62
2016.06.08 16:30:53.649,1.45505,1.45515,1.00,1.12
2016.06.08 16:30:54.244,1.45507,1.45515,1.00,1.00
2016.06.08 16:30:54.295,1.45506,1.45517,1.12,1.00
2016.06.08 16:30:54.802,1.45507,1.45517,1.00,1.00
2016.06.08 16:30:55.310,1.45505,1.45517,1.50,1.00
2016.06.08 16:30:55.859,1.45504,1.45516,4.87,1.00
2016.06.08 16:30:58.262,1.45504,1.45516,3.37,1.00
2016.06.08 16:30:59.108,1.45504,1.45515,3.00,1.00
2016.06.08 16:30:59.617,1.45504,1.45516,2.25,1.50
2016.06.08 16:31:01.243,1.45504,1.45516,3.00,1.87
2016.06.08 16:31:01.833,1.45507,1.45516,1.12,1.50
2016.06.08 16:31:02.342,1.45505,1.45517,1.87,1.50
2016.06.08 16:31:03.032,1.45507,1.45516,1.12,1.00
2016.06.08 16:31:03.570,1.45505,1.45517,1.87,1.00
2016.06.08 16:31:06.876,1.45506,1.45518,1.87,1.87
2016.06.08 16:31:07.383,1.45507,1.45517,1.12,1.00
2016.06.08 16:31:08.036,1.45507,1.45516,1.12,1.00
2016.06.08 16:31:10.542,1.45505,1.45517,1.87,1.12
2016.06.08 16:31:11.562,1.45506,1.45518,1.50,1.00
2016.06.08 16:31:12.069,1.45506,1.45517,2.25,1.00
2016.06.08 16:31:12.370,1.45507,1.45517,1.87,1.00
2016.06.08 16:31:12.421,1.45509,1.45519,1.12,1.50
2016.06.08 16:31:12.929,1.45509,1.45519,2.62,1.00
2016.06.08 16:31:14.233,1.45511,1.45521,1.00,1.37
2016.06.08 16:31:14.386,1.45512,1.45522,1.00,1.00
2016.06.08 16:31:14.986,1.45511,1.45523,2.62,1.87
2016.06.08 16:31:16.767,1.45511,1.45522,2.62,1.00
2016.06.08 16:31:17.276,1.45511,1.45523,1.87,1.50
2016.06.08 16:31:18.455,1.45514,1.45523,1.00,1.00
2016.06.08 16:31:18.659,1.45514,1.45526,2.25,1.87
2016.06.08 16:31:19.166,1.45517,1.45527,1.00,1.37
2016.06.08 16:31:19.764,1.45517,1.45528,1.00,1.87
2016.06.08 16:31:20.575,1.45517,1.45526,1.00,1.00
2016.06.08 16:31:22.617,1.45516,1.45526,1.12,1.12
2016.06.08 16:31:25.280,1.45517,1.45527,1.00,1.37
2016.06.08 16:31:25.823,1.45516,1.45528,1.50,1.42
2016.06.08 16:31:30.699,1.45517,1.45529,1.87,1.87
2016.06.08 16:31:35.010,1.45518,1.45529,3.75,1.37
2016.06.08 16:31:35.163,1.45517,1.45527,2.25,1.00
2016.06.08 16:31:35.670,1.45516,1.45526,1.50,1.12
2016.06.08 16:31:36.834,1.45515,1.45526,5.25,1.37
2016.06.08 16:31:39.315,1.45515,1.45527,5.62,1.87
2016.06.08 16:31:39.726,1.45517,1.45529,1.87,2.62
2016.06.08 16:31:40.487,1.45518,1.45527,1.12,1.00
2016.06.08 16:31:41.197,1.45517,1.45529,1.87,1.37
2016.06.08 16:31:42.930,1.45518,1.4553,1.12,1.87
2016.06.08 16:31:44.570,1.45517,1.45529,1.12,2.25
2016.06.08 16:31:44.623,1.45515,1.45526,3.37,1.50
2016.06.08 16:31:45.835,1.45516,1.45525,1.12,1.00
2016.06.08 16:31:46.356,1.45515,1.45526,3.00,1.12
2016.06.08 16:31:57.975,1.45517,1.45526,1.00,1.87
2016.06.08 16:31:58.078,1.45518,1.45528,1.87,1.12
2016.06.08 16:31:59.118,1.45518,1.45529,2.25,1.00
2016.06.08 16:31:59.271,1.4552,1.45528,1.00,1.00
2016.06.08 16:31:59.778,1.4552,1.45529,1.00,1.00
2016.06.08 16:32:00.534,1.45518,1.45529,2.62,1.12
2016.06.08 16:32:00.635,1.45517,1.45527,4.87,1.00
2016.06.08 16:32:01.143,1.45517,1.45526,1.00,1.00
2016.06.08 16:32:02.199,1.45515,1.45526,1.50,1.12
2016.06.08 16:32:03.693,1.45516,1.45524,1.00,1.00
2016.06.08 16:32:09.286,1.45516,1.45526,1.00,1.50
2016.06.08 16:32:09.828,1.45516,1.45526,1.00,1.87
2016.06.08 16:32:10.340,1.45516,1.45526,1.00,1.87
2016.06.08 16:32:15.763,1.45516,1.45525,1.00,1.00
2016.06.08 16:32:16.326,1.45514,1.45525,2.62,1.50
2016.06.08 16:32:16.890,1.45514,1.45525,1.12,1.50
2016.06.08 16:32:17.615,1.45514,1.45524,2.25,1.00
2016.06.08 16:32:18.312,1.45514,1.45525,1.87,1.50
2016.06.08 16:32:20.119,1.45514,1.45524,1.87,1.00
2016.06.08 16:32:20.757,1.45514,1.45524,3.00,1.50
2016.06.08 16:32:21.264,1.45514,1.45524,2.62,1.00
2016.06.08 16:32:21.626,1.45514,1.45519,1.50,1.00
2016.06.08 16:32:22.156,1.45514,1.45517,1.00,1.00
2016.06.08 16:32:22.207,1.4551,1.45517,1.00,1.00
2016.06.08 16:32:22.715,1.45507,1.45517,2.44,1.00
2016.06.08 16:32:23.420,1.45507,1.45518,2.06,1.00
2016.06.08 16:32:24.990,1.45508,1.45519,1.19,2.44
2016.06.08 16:32:25.041,1.45511,1.4552,1.00,3.56
2016.06.08 16:32:25.376,1.45512,1.45521,1.19,1.00
2016.06.08 16:32:25.428,1.45511,1.45523,3.94,1.31
2016.06.08 16:32:25.935,1.45514,1.45523,1.12,1.25
2016.06.08 16:32:27.749,1.45515,1.45524,1.00,1.19
2016.06.08 16:32:27.902,1.45515,1.45525,1.50,1.50
2016.06.08 16:32:28.191,1.45516,1.45527,1.00,1.50
2016.06.08 16:32:29.078,1.45517,1.45527,1.12,1.00
2016.06.08 16:32:29.231,1.45518,1.45529,1.50,1.50
2016.06.08 16:32:29.528,1.45521,1.45532,1.50,1.50
2016.06.08 16:32:30.036,1.45521,1.45533,3.00,1.00
2016.06.08 16:32:30.561,1.45521,1.45532,1.00,1.50
2016.06.08 16:32:31.073,1.45522,1.45532,1.00,1.50
2016.06.08 16:32:31.379,1.4552,1.45531,1.20,1.00
2016.06.08 16:32:31.533,1.45519,1.45528,1.20,1.00
2016.06.08 16:32:32.041,1.45518,1.45529,1.45,1.00
2016.06.08 16:32:33.388,1.45518,1.45529,1.00,1.00
2016.06.08 16:32:34.137,1.45518,1.45528,1.00,1.00
2016.06.08 16:32:40.490,1.45519,1.45528,1.00,1.00
2016.06.08 16:32:40.541,1.45518,1.4553,2.25,1.00
2016.06.08 16:32:40.643,1.45519,1.4553,1.75,1.50
2016.06.08 16:32:41.524,1.4552,1.45531,2.62,1.50
2016.06.08 16:32:42.043,1.4552,1.4553,4.12,1.00
2016.06.08 16:32:47.306,1.4552,1.45531,1.87,1.12
2016.06.08 16:32:47.611,1.45522,1.45531,1.37,1.00
2016.06.08 16:32:47.814,1.45523,1.45535,1.62,2.44
2016.06.08 16:32:48.442,1.45522,1.45534,3.75,1.00
2016.06.08 16:32:55.316,1.45523,1.45535,1.50,1.12
2016.06.08 16:32:56.252,1.45523,1.45534,2.25,1.50
2016.06.08 16:33:03.301,1.45522,1.45534,3.00,1.50
2016.06.08 16:33:08.320,1.45522,1.45532,2.62,1.00
2016.06.08 16:33:08.918,1.45522,1.45533,1.50,1.12
2016.06.08 16:33:09.528,1.45522,1.45531,1.00,1.00
2016.06.08 16:33:10.471,1.45522,1.45533,1.50,1.12
2016.06.08 16:33:10.986,1.45523,1.45533,1.00,1.50
2016.06.08 16:33:11.577,1.45522,1.45533,1.50,1.50
2016.06.08 16:33:12.083,1.45523,1.45533,1.00,1.50
2016.06.08 16:33:12.613,1.45522,1.45533,2.25,1.12
2016.06.08 16:33:13.505,1.45522,1.45532,1.50,1.00
2016.06.08 16:33:13.557,1.45522,1.45526,1.00,1.00
2016.06.08 16:33:13.948,1.45516,1.45525,1.12,1.50
2016.06.08 16:33:17.198,1.45516,1.45524,1.50,1.00
2016.06.08 16:33:17.351,1.45514,1.45524,2.62,1.00
2016.06.08 16:33:17.605,1.45513,1.45522,1.12,1.00
2016.06.08 16:33:18.291,1.45512,1.45522,2.62,1.00
2016.06.08 16:33:18.874,1.45512,1.45521,2.25,1.00
2016.06.08 16:33:19.382,1.45511,1.4552,1.47,1.00
2016.06.08 16:33:19.889,1.45511,1.4552,1.20,1.00
2016.06.08 16:33:21.888,1.45509,1.45517,1.12,1.00
2016.06.08 16:33:22.294,1.45511,1.45519,1.00,1.37
2016.06.08 16:33:22.396,1.45511,1.45521,2.62,1.95
2016.06.08 16:33:22.600,1.45513,1.45521,2.25,1.00
2016.06.08 16:33:22.753,1.45514,1.45523,1.00,1.00
2016.06.08 16:33:23.461,1.45514,1.45524,1.00,2.06
2016.06.08 16:33:23.867,1.45512,1.45523,1.12,1.42
2016.06.08 16:33:28.497,1.45512,1.45523,1.50,1.37
2016.06.08 16:33:30.676,1.45513,1.45523,1.00,2.62
2016.06.08 16:33:31.685,1.45513,1.45523,1.00,2.25
2016.06.08 16:33:37.396,1.45513,1.45524,1.00,1.50
2016.06.08 16:33:37.447,1.45515,1.45524,1.00,2.25
2016.06.08 16:33:37.751,1.45517,1.45527,1.50,1.37
2016.06.08 16:33:38.258,1.45518,1.45527,1.00,1.87
2016.06.08 16:33:38.934,1.45518,1.45527,1.00,1.00
2016.06.08 16:33:40.836,1.45517,1.45528,1.12,2.62
2016.06.08 16:33:42.570,1.45517,1.45527,1.00,1.00
2016.06.08 16:33:43.669,1.45517,1.45526,1.00,1.00
2016.06.08 16:33:44.176,1.45518,1.45527,1.00,1.00
2016.06.08 16:33:44.724,1.45517,1.45527,1.50,1.50
2016.06.08 16:33:45.232,1.45517,1.45526,1.00,1.00
2016.06.08 16:33:45.771,1.45516,1.45527,1.00,2.62
2016.06.08 16:33:46.306,1.45516,1.45525,1.00,1.00
2016.06.08 16:33:46.509,1.45513,1.45524,3.00,1.00
2016.06.08 16:33:47.016,1.45513,1.45523,1.50,1.00
2016.06.08 16:33:47.713,1.45513,1.45522,1.50,1.00
2016.06.08 16:33:48.260,1.45513,1.45523,1.50,1.00
2016.06.08 16:33:49.874,1.45515,1.45524,1.50,1.00
2016.06.08 16:33:49.925,1.45517,1.45525,1.25,1.12
2016.06.08 16:33:50.078,1.45518,1.45527,1.50,1.12
2016.06.08 16:33:50.282,1.45518,1.45529,1.00,1.87
2016.06.08 16:33:50.637,1.45518,1.45527,1.50,1.00
2016.06.08 16:33:51.732,1.45518,1.45528,2.25,1.00
2016.06.08 16:33:52.038,1.45513,1.45517,2.25,1.00
2016.06.08 16:33:52.090,1.45511,1.45517,1.37,1.00
2016.06.08 16:33:52.192,1.4551,1.45516,1.39,1.00
2016.06.08 16:33:52.640,1.45508,1.45519,2.44,2.70
2016.06.08 16:33:53.141,1.45509,1.45518,1.12,1.00
2016.06.08 16:33:54.086,1.45509,1.4552,1.00,1.00
2016.06.08 16:33:54.593,1.45508,1.45519,4.12,1.00
2016.06.08 16:33:55.100,1.45507,1.45518,1.50,1.50
2016.06.08 16:33:55.944,1.45507,1.45518,1.50,1.87
2016.06.08 16:33:59.464,1.45507,1.45517,1.50,1.37
2016.06.08 16:34:02.610,1.45507,1.45518,3.00,2.62
2016.06.08 16:34:05.635,1.45508,1.45519,1.87,1.39
2016.06.08 16:34:06.143,1.4551,1.45521,1.87,1.87
2016.06.08 16:34:06.692,1.45508,1.45518,1.50,1.37
2016.06.08 16:34:07.200,1.45508,1.45518,1.12,1.37
2016.06.08 16:34:07.767,1.45508,1.45519,1.87,1.12
2016.06.08 16:34:08.712,1.45508,1.4552,1.87,1.37
2016.06.08 16:34:09.707,1.45509,1.4552,1.87,1.37
2016.06.08 16:34:10.172,1.45512,1.45521,1.00,1.37
2016.06.08 16:34:10.274,1.45512,1.45522,1.00,2.70
2016.06.08 16:34:10.427,1.45514,1.45522,1.00,1.12
2016.06.08 16:34:10.874,1.45516,1.45524,1.12,1.00
2016.06.08 16:34:11.384,1.45516,1.45526,1.37,1.12
2016.06.08 16:34:12.284,1.45515,1.45524,1.50,1.00
2016.06.08 16:34:12.436,1.45513,1.45524,2.25,1.12
2016.06.08 16:34:13.637,1.45513,1.45523,1.50,1.00
2016.06.08 16:34:13.892,1.45515,1.45524,1.37,1.87
2016.06.08 16:34:14.796,1.45513,1.45524,2.25,1.12
2016.06.08 16:34:15.305,1.45513,1.45524,2.62,1.12
2016.06.08 16:34:16.035,1.45514,1.45526,1.87,1.87
2016.06.08 16:34:16.137,1.45514,1.45526,2.62,1.87
2016.06.08 16:34:17.800,1.45515,1.45525,1.12,1.37
2016.06.08 16:34:18.361,1.45514,1.45524,1.12,1.12
2016.06.08 16:34:18.917,1.45513,1.45523,1.87,1.00
2016.06.08 16:34:19.222,1.45512,1.4552,3.07,1.00
2016.06.08 16:34:19.374,1.45511,1.45521,1.37,1.50
2016.06.08 16:34:22.607,1.4551,1.45521,1.00,1.87
2016.06.08 16:34:24.935,1.45509,1.4552,2.70,1.00
2016.06.08 16:34:25.257,1.45508,1.45518,1.87,1.00
2016.06.08 16:34:25.563,1.45507,1.45517,1.00,1.37
2016.06.08 16:34:25.868,1.45509,1.45519,1.12,1.37
2016.06.08 16:34:25.969,1.45509,1.45519,1.87,1.37
2016.06.08 16:34:26.329,1.45508,1.45519,1.00,1.87
2016.06.08 16:34:26.431,1.45506,1.45516,2.44,1.37
2016.06.08 16:34:28.405,1.45507,1.45516,1.50,1.37
2016.06.08 16:34:29.764,1.45508,1.45517,1.00,1.87
2016.06.08 16:34:30.272,1.45508,1.45517,1.19,1.37
2016.06.08 16:34:31.521,1.45508,1.45517,1.19,1.37
2016.06.08 16:34:45.828,1.45508,1.45517,1.31,1.37
2016.06.08 16:34:48.835,1.45511,1.45521,2.25,1.69
2016.06.08 16:34:49.040,1.45512,1.45522,1.00,1.12
2016.06.08 16:34:50.117,1.45511,1.45522,4.12,1.87
2016.06.08 16:34:50.638,1.45512,1.45522,1.00,1.87
2016.06.08 16:34:51.165,1.45511,1.45522,3.75,1.50
2016.06.08 16:34:52.127,1.45512,1.45522,1.00,1.00
2016.06.08 16:34:52.634,1.45511,1.45522,3.00,1.00
2016.06.08 16:34:53.953,1.45512,1.45522,1.00,1.00
2016.06.08 16:34:54.460,1.45511,1.45522,3.75,1.50
2016.06.08 16:34:55.570,1.45512,1.45522,1.00,1.00
2016.06.08 16:34:56.329,1.45512,1.4552,1.00,1.00
2016.06.08 16:34:56.847,1.45511,1.45521,1.00,1.00
2016.06.08 16:34:58.578,1.4551,1.45521,3.04,1.50
2016.06.08 16:35:00.134,1.4551,1.45519,2.29,1.00
2016.06.08 16:35:00.641,1.45509,1.45518,1.00,1.12
2016.06.08 16:35:01.048,1.45509,1.4552,2.55,1.12
2016.06.08 16:35:01.555,1.45509,1.45519,2.25,1.00
2016.06.08 16:35:01.854,1.45511,1.45519,1.00,1.00
2016.06.08 16:35:02.158,1.4551,1.45521,1.00,1.00
2016.06.08 16:35:03.257,1.4551,1.45522,3.37,1.00
2016.06.08 16:35:03.765,1.45511,1.45522,1.50,1.00
2016.06.08 16:35:04.272,1.45512,1.45522,1.00,1.00
2016.06.08 16:35:05.748,1.45512,1.45521,1.00,1.00
2016.06.08 16:35:05.953,1.45509,1.4552,3.37,1.12
2016.06.08 16:35:06.457,1.4551,1.45519,1.00,1.00
2016.06.08 16:35:07.696,1.45509,1.45518,1.00,2.25
2016.06.08 16:35:08.718,1.45508,1.45518,3.75,2.25
2016.06.08 16:35:09.232,1.45509,1.45519,1.00,1.00
2016.06.08 16:35:09.751,1.45509,1.45518,1.50,1.00
2016.06.08 16:35:10.259,1.4551,1.45519,1.50,1.00
2016.06.08 16:35:11.024,1.45511,1.4552,1.50,1.00
2016.06.08 16:35:13.107,1.45511,1.45521,1.00,1.00
2016.06.08 16:35:13.919,1.45509,1.45518,2.25,1.00
2016.06.08 16:35:14.429,1.45508,1.45518,1.12,3.75
2016.06.08 16:35:15.533,1.45509,1.45518,1.00,1.00
2016.06.08 16:35:16.851,1.45508,1.45516,1.12,1.00
2016.06.08 16:35:17.391,1.45507,1.45516,1.31,1.00
2016.06.08 16:35:17.696,1.45508,1.45519,1.00,3.19
2016.06.08 16:35:18.203,1.45508,1.45517,1.00,1.00
2016.06.08 16:35:19.829,1.45509,1.45517,1.00,1.00
2016.06.08 16:35:20.337,1.45508,1.45517,1.00,1.00
2016.06.08 16:35:20.745,1.45505,1.45515,3.75,1.00
2016.06.08 16:35:21.073,1.45504,1.45513,1.50,1.00
2016.06.08 16:35:21.581,1.45503,1.45513,1.50,1.00
2016.06.08 16:35:22.501,1.45503,1.45512,2.25,2.81
2016.06.08 16:35:22.604,1.45499,1.45506,1.20,1.00
2016.06.08 16:35:23.133,1.45497,1.45505,1.00,1.00
2016.06.08 16:35:23.795,1.45496,1.45505,1.87,1.00
2016.06.08 16:35:24.337,1.45496,1.45505,1.37,1.00
2016.06.08 16:35:25.001,1.45496,1.45507,1.87,2.62
2016.06.08 16:35:26.067,1.45496,1.45506,1.37,1.00
2016.06.08 16:35:26.575,1.45497,1.45508,1.12,2.62
2016.06.08 16:35:26.969,1.45497,1.45506,1.12,1.00
2016.06.08 16:35:27.478,1.45496,1.45507,2.62,1.00
2016.06.08 16:35:28.374,1.45497,1.45508,1.12,1.50
2016.06.08 16:35:29.342,1.45496,1.45506,1.87,1.00
2016.06.08 16:35:29.866,1.45497,1.45507,1.12,1.00
2016.06.08 16:35:30.407,1.45496,1.45508,2.62,1.87
2016.06.08 16:35:31.895,1.45497,1.45506,1.12,1.00
2016.06.08 16:35:32.503,1.45496,1.45506,1.12,2.25
2016.06.08 16:35:33.425,1.45496,1.45507,1.87,1.00
2016.06.08 16:35:33.933,1.45497,1.45508,2.62,1.50
2016.06.08 16:35:34.633,1.45498,1.45507,1.00,1.00
2016.06.08 16:35:36.983,1.45498,1.45508,1.00,1.00
2016.06.08 16:35:37.543,1.45498,1.45509,1.00,1.12
2016.06.08 16:35:38.086,1.455,1.4551,1.30,1.00
2016.06.08 16:35:38.619,1.45504,1.45511,1.00,2.25
2016.06.08 16:35:39.451,1.45504,1.4551,1.00,1.00
2016.06.08 16:35:39.953,1.45504,1.45511,1.00,2.62
2016.06.08 16:35:40.460,1.45505,1.45511,1.00,1.87
2016.06.08 16:35:41.119,1.45505,1.45508,1.00,1.00
2016.06.08 16:35:41.452,1.45505,1.45514,1.00,2.81
2016.06.08 16:35:47.133,1.45504,1.45513,1.00,1.56
2016.06.08 16:35:47.387,1.45504,1.45512,1.00,2.44
2016.06.08 16:35:47.917,1.45503,1.45512,1.00,1.87
2016.06.08 16:35:48.221,1.45503,1.45512,1.00,1.50
2016.06.08 16:35:48.727,1.45504,1.45512,1.00,1.50
2016.06.08 16:35:49.048,1.45506,1.45513,1.00,1.87
2016.06.08 16:35:49.555,1.45506,1.45513,1.00,2.06
2016.06.08 16:35:51.304,1.45502,1.45512,1.00,1.31
2016.06.08 16:35:51.355,1.45502,1.45511,1.00,2.29
2016.06.08 16:35:51.427,1.455,1.45508,1.87,1.00
2016.06.08 16:35:52.325,1.45498,1.45509,1.00,3.75
2016.06.08 16:35:52.630,1.45498,1.45508,1.00,2.62
2016.06.08 16:35:52.732,1.45498,1.45508,1.00,2.62
2016.06.08 16:35:53.304,1.45498,1.45507,1.00,1.00
2016.06.08 16:35:54.167,1.45495,1.45504,2.25,1.00
2016.06.08 16:35:54.472,1.45495,1.45504,3.00,1.00
2016.06.08 16:35:54.734,1.45495,1.45506,4.50,1.00
2016.06.08 16:35:55.497,1.45497,1.45508,1.87,1.12
2016.06.08 16:35:56.005,1.45498,1.45508,1.12,1.00
2016.06.08 16:35:57.100,1.45498,1.45509,1.87,1.00
2016.06.08 16:35:59.974,1.45499,1.4551,1.35,1.00
2016.06.08 16:36:00.481,1.455,1.45509,1.00,1.00
2016.06.08 16:36:02.198,1.45499,1.45509,1.72,1.00
2016.06.08 16:36:02.707,1.45498,1.45509,3.00,1.00
2016.06.08 16:36:04.489,1.45499,1.45509,1.00,1.00
2016.06.08 16:36:05.212,1.455,1.4551,1.05,1.00
2016.06.08 16:36:05.314,1.45501,1.45512,2.36,2.25
2016.06.08 16:36:05.821,1.455,1.45511,2.25,1.00
2016.06.08 16:36:13.732,1.45502,1.45511,1.00,1.00
2016.06.08 16:36:14.262,1.45504,1.45511,1.00,1.00
2016.06.08 16:36:14.365,1.45504,1.45513,2.25,1.50
2016.06.08 16:36:14.723,1.45502,1.45511,3.19,1.00
2016.06.08 16:36:14.775,1.45502,1.45511,2.14,1.00
2016.06.08 16:36:15.305,1.45502,1.45512,1.25,1.69
2016.06.08 16:36:15.458,1.45502,1.4551,1.25,1.00
2016.06.08 16:36:17.941,1.45503,1.4551,1.00,1.00
2016.06.08 16:36:18.468,1.45501,1.4551,2.81,1.00
2016.06.08 16:36:20.646,1.45501,1.45509,1.69,1.00
2016.06.08 16:36:23.486,1.455,1.4551,1.99,1.00
2016.06.08 16:36:23.791,1.45499,1.45506,1.12,1.00
2016.06.08 16:36:24.384,1.45499,1.45507,1.12,1.00
2016.06.08 16:36:24.891,1.45498,1.45507,1.69,1.00
2016.06.08 16:36:25.398,1.45499,1.45508,1.50,1.25
2016.06.08 16:36:27.043,1.455,1.45508,1.00,1.25
2016.06.08 16:36:27.936,1.45499,1.45508,2.62,1.25
2016.06.08 16:36:30.087,1.45498,1.45508,3.56,1.25
2016.06.08 16:36:30.795,1.45499,1.45508,1.00,1.25
2016.06.08 16:36:31.302,1.45498,1.45508,2.06,1.25
2016.06.08 16:36:31.898,1.45499,1.45507,1.00,1.00
2016.06.08 16:36:32.443,1.45498,1.45507,4.69,1.00
2016.06.08 16:36:32.950,1.45499,1.45507,1.00,1.00
2016.06.08 16:36:33.205,1.45501,1.45512,3.56,1.50
2016.06.08 16:36:33.781,1.45503,1.45512,1.00,1.50
2016.06.08 16:36:33.833,1.45503,1.4551,1.00,1.00
2016.06.08 16:36:33.936,1.45501,1.4551,1.69,1.00
2016.06.08 16:36:34.446,1.455,1.45509,1.19,1.00
2016.06.08 16:36:35.077,1.455,1.45508,1.19,1.00
2016.06.08 16:36:40.531,1.45498,1.45508,2.32,1.00
2016.06.08 16:36:41.038,1.45499,1.45508,1.00,1.00
2016.06.08 16:36:42.747,1.45499,1.45509,1.72,1.25
2016.06.08 16:36:43.272,1.455,1.45509,1.12,1.25
2016.06.08 16:36:50.911,1.45501,1.4551,1.00,1.19
2016.06.08 16:36:51.677,1.45501,1.45507,1.50,1.00
2016.06.08 16:36:51.972,1.45498,1.45507,1.95,1.00
2016.06.08 16:36:52.874,1.45498,1.45508,1.95,1.00
2016.06.08 16:36:57.081,1.45498,1.45507,1.57,1.00
2016.06.08 16:36:57.610,1.45498,1.45508,1.12,1.50
2016.06.08 16:36:57.864,1.45498,1.45506,1.00,1.00
2016.06.08 16:36:58.169,1.45476,1.45484,4.87,1.00
2016.06.08 16:36:58.615,1.45483,1.45486,1.00,1.50
2016.06.08 16:36:58.686,1.45477,1.45487,1.50,1.00
2016.06.08 16:36:59.193,1.45478,1.45487,1.12,1.00
2016.06.08 16:36:59.549,1.45478,1.45489,1.12,1.50
2016.06.08 16:37:00.242,1.45478,1.45489,1.50,1.00
2016.06.08 16:37:01.580,1.4548,1.4549,1.00,2.25
2016.06.08 16:37:01.632,1.4548,1.45488,1.12,1.00
2016.06.08 16:37:02.249,1.45479,1.45489,1.50,1.00
2016.06.08 16:37:03.403,1.45479,1.45489,1.12,1.00
2016.06.08 16:37:05.356,1.45479,1.45488,1.12,1.00
2016.06.08 16:37:07.460,1.45479,1.45489,1.00,2.25
2016.06.08 16:37:07.968,1.45479,1.45488,1.00,1.00
2016.06.08 16:37:08.509,1.45478,1.45488,1.00,1.00
2016.06.08 16:37:09.034,1.45476,1.45487,3.00,1.00
2016.06.08 16:37:09.768,1.45476,1.45487,6.75,1.00
2016.06.08 16:37:10.317,1.45478,1.45487,1.00,1.00
2016.06.08 16:37:11.373,1.45478,1.45488,1.00,2.25
2016.06.08 16:37:11.532,1.45479,1.4549,1.50,3.00
2016.06.08 16:37:11.930,1.45481,1.45491,1.00,1.00
2016.06.08 16:37:12.438,1.45482,1.45491,1.00,1.50
2016.06.08 16:37:13.046,1.45481,1.45491,1.12,1.00
2016.06.08 16:37:13.572,1.45482,1.45492,1.00,1.50
2016.06.08 16:37:15.750,1.45482,1.45493,1.50,3.75
2016.06.08 16:37:16.682,1.45483,1.45493,1.00,3.00
2016.06.08 16:37:16.987,1.45487,1.45494,1.00,1.25
2016.06.08 16:37:17.464,1.45487,1.45498,1.50,2.44
2016.06.08 16:37:18.023,1.45487,1.45497,1.50,1.00
2016.06.08 16:37:18.278,1.45489,1.45497,1.00,1.00
2016.06.08 16:37:18.899,1.45487,1.45498,1.87,2.25
2016.06.08 16:37:20.066,1.45488,1.45496,1.00,1.00
2016.06.08 16:37:20.664,1.45487,1.45496,1.12,1.00
2016.06.08 16:37:22.490,1.45487,1.45496,1.50,1.00
2016.06.08 16:37:23.196,1.45487,1.45498,1.50,1.50
2016.06.08 16:37:23.703,1.45489,1.45498,1.00,1.00
2016.06.08 16:37:24.514,1.45497,1.455,1.12,1.50
2016.06.08 16:37:25.127,1.45497,1.45505,2.25,1.19
2016.06.08 16:37:25.229,1.45499,1.45509,1.87,1.50
2016.06.08 16:37:25.661,1.45498,1.45507,1.12,1.50
2016.06.08 16:37:26.170,1.45496,1.45507,2.81,1.50
2016.06.08 16:37:26.425,1.45498,1.45509,1.00,1.50
2016.06.08 16:37:27.146,1.45498,1.45508,2.25,1.00
2016.06.08 16:37:27.664,1.455,1.45509,1.00,1.50
2016.06.08 16:37:28.356,1.45499,1.4551,1.00,1.50
2016.06.08 16:37:30.158,1.45499,1.45509,2.62,1.00
2016.06.08 16:37:31.228,1.45499,1.45508,1.12,1.00
2016.06.08 16:37:31.873,1.45499,1.45508,2.17,1.00
2016.06.08 16:37:33.939,1.45499,1.45508,1.12,1.00
2016.06.08 16:37:35.030,1.45498,1.45506,3.37,1.00
2016.06.08 16:37:35.580,1.45498,1.45506,1.87,1.00
2016.06.08 16:37:36.089,1.45496,1.45505,3.56,1.00
2016.06.08 16:37:36.293,1.45496,1.45505,3.56,1.00
2016.06.08 16:37:36.874,1.45496,1.45507,5.06,1.50
2016.06.08 16:37:37.385,1.45497,1.45507,1.50,1.00
2016.06.08 16:37:37.987,1.45499,1.45508,1.00,1.00
2016.06.08 16:37:38.530,1.45499,1.45509,2.62,1.00
2016.06.08 16:37:39.037,1.455,1.45508,1.50,1.00
2016.06.08 16:37:39.708,1.455,1.45508,1.50,1.00
2016.06.08 16:37:40.696,1.455,1.45508,1.72,1.00
2016.06.08 16:37:41.784,1.455,1.4551,1.00,1.00
2016.06.08 16:37:42.450,1.455,1.4551,2.62,1.50
2016.06.08 16:37:42.551,1.455,1.45508,3.37,1.00
2016.06.08 16:37:44.913,1.455,1.4551,1.72,1.00
2016.06.08 16:37:46.021,1.455,1.45509,1.50,1.00
2016.06.08 16:37:47.958,1.455,1.4551,1.57,1.50
2016.06.08 16:37:48.503,1.455,1.45509,1.20,1.50
2016.06.08 16:37:48.959,1.45501,1.45511,1.00,1.50
2016.06.08 16:37:49.365,1.455,1.45509,1.72,1.00
2016.06.08 16:37:50.030,1.455,1.4551,2.47,1.00
2016.06.08 16:37:53.470,1.455,1.45508,3.22,1.00
2016.06.08 16:37:53.521,1.455,1.4551,2.25,1.00
2016.06.08 16:37:54.028,1.455,1.45509,2.25,1.00
2016.06.08 16:37:54.700,1.455,1.4551,1.50,1.50
2016.06.08 16:37:55.496,1.455,1.4551,1.80,1.50
2016.06.08 16:37:56.004,1.455,1.45509,1.05,1.00
2016.06.08 16:37:56.483,1.45502,1.4551,1.00,1.50
2016.06.08 16:37:56.986,1.455,1.4551,1.87,1.50
2016.06.08 16:37:57.536,1.455,1.45509,1.30,1.00
2016.06.08 16:37:58.252,1.45501,1.45508,1.00,1.00
2016.06.08 16:37:58.762,1.45499,1.45506,1.37,1.00
2016.06.08 16:37:59.321,1.45497,1.45506,1.37,1.00
2016.06.08 16:37:59.840,1.45499,1.45507,1.00,1.00
2016.06.08 16:38:00.607,1.45499,1.45509,1.65,1.50
2016.06.08 16:38:01.074,1.45497,1.45508,3.00,1.00
2016.06.08 16:38:02.134,1.45498,1.45507,1.37,1.00
2016.06.08 16:38:04.393,1.45496,1.45505,3.26,1.00
2016.06.08 16:38:04.444,1.45496,1.45505,3.26,1.00
2016.06.08 16:38:04.901,1.45495,1.45504,3.37,1.00
2016.06.08 16:38:05.206,1.45495,1.45506,5.25,1.00
2016.06.08 16:38:05.756,1.45497,1.45505,1.12,1.00
2016.06.08 16:38:05.807,1.45497,1.45507,1.12,1.00
2016.06.08 16:38:05.909,1.45497,1.45505,1.12,1.00
2016.06.08 16:38:05.960,1.45497,1.45507,1.12,1.00
2016.06.08 16:38:06.113,1.45497,1.45505,2.62,1.00
2016.06.08 16:38:06.420,1.45496,1.45507,2.25,1.00
2016.06.08 16:38:07.327,1.45496,1.45507,2.62,1.00
2016.06.08 16:38:08.790,1.45497,1.45508,1.87,1.50
2016.06.08 16:38:09.298,1.45498,1.45507,1.87,1.00
2016.06.08 16:38:09.914,1.45498,1.45508,1.37,1.50
2016.06.08 16:38:10.524,1.45498,1.45508,2.25,1.50
2016.06.08 16:38:11.031,1.45498,1.45508,1.50,1.50
2016.06.08 16:38:11.634,1.45498,1.45507,1.12,1.00
2016.06.08 16:38:13.970,1.45499,1.45507,1.37,1.00
2016.06.08 16:38:15.837,1.45498,1.45507,1.37,1.00
2016.06.08 16:38:16.497,1.45498,1.45508,1.37,2.25
2016.06.08 16:38:16.895,1.45498,1.45508,1.87,2.25
2016.06.08 16:38:17.341,1.45497,1.45505,1.50,1.00
2016.06.08 16:38:17.392,1.45497,1.45507,1.50,2.25
2016.06.08 16:38:18.620,1.45497,1.45507,1.00,1.50
2016.06.08 16:38:19.130,1.45497,1.45506,1.00,1.00
2016.06.08 16:38:19.823,1.45497,1.45507,1.50,1.00
2016.06.08 16:38:20.334,1.45497,1.45506,1.00,1.00
2016.06.08 16:38:23.276,1.45497,1.45506,1.87,1.00
2016.06.08 16:38:24.433,1.45497,1.45506,1.50,1.00
2016.06.08 16:38:24.981,1.45496,1.45505,3.00,1.00
2016.06.08 16:38:29.447,1.45496,1.45505,1.00,1.00
2016.06.08 16:38:29.955,1.45495,1.45505,2.25,1.50
2016.06.08 16:38:30.565,1.45496,1.45505,1.00,1.50
2016.06.08 16:38:31.067,1.45497,1.45505,1.00,1.00
2016.06.08 16:38:31.576,1.45497,1.45506,1.00,1.00
2016.06.08 16:38:32.854,1.45495,1.45505,3.37,1.00
2016.06.08 16:38:33.057,1.45495,1.45504,1.87,1.50
2016.06.08 16:38:33.160,1.45493,1.45502,2.62,1.00
2016.06.08 16:38:33.464,1.45495,1.45505,2.25,1.50
2016.06.08 16:38:33.681,1.45496,1.45505,1.50,1.00
2016.06.08 16:38:33.732,1.45497,1.45507,1.37,1.50
2016.06.08 16:38:34.921,1.45498,1.45506,1.12,1.00
2016.06.08 16:38:35.634,1.455,1.45507,1.00,1.00
2016.06.08 16:38:36.547,1.45499,1.45508,1.00,1.00
2016.06.08 16:38:38.362,1.45501,1.45508,1.00,1.00
2016.06.08 16:38:38.543,1.45501,1.4551,1.00,1.00
2016.06.08 16:38:38.646,1.45503,1.4551,1.00,2.25
2016.06.08 16:38:38.900,1.455,1.45509,1.12,1.00
2016.06.08 16:38:39.054,1.455,1.45507,1.50,1.00
2016.06.08 16:38:39.663,1.45499,1.45507,1.12,1.50
2016.06.08 16:38:41.376,1.45498,1.45507,3.00,1.00
2016.06.08 16:38:41.895,1.45499,1.45507,1.00,1.00
2016.06.08 16:38:44.269,1.455,1.45507,1.00,1.00
2016.06.08 16:38:44.874,1.45499,1.45507,1.87,1.00
2016.06.08 16:38:45.391,1.455,1.45508,1.00,1.00
2016.06.08 16:38:46.110,1.45499,1.45508,1.12,1.00
2016.06.08 16:38:47.075,1.45498,1.45508,1.87,1.00
2016.06.08 16:38:47.431,1.45498,1.45506,1.12,1.00
2016.06.08 16:38:48.456,1.45498,1.45504,1.00,1.00
2016.06.08 16:38:48.509,1.45496,1.45504,2.62,1.00
2016.06.08 16:38:49.590,1.45497,1.45504,1.00,1.00
2016.06.08 16:38:49.844,1.45496,1.45507,1.87,1.50
2016.06.08 16:38:49.895,1.45498,1.45506,1.00,1.00
2016.06.08 16:38:50.149,1.45496,1.45507,1.87,2.25
2016.06.08 16:38:50.250,1.45497,1.45505,1.00,1.50
2016.06.08 16:38:50.848,1.45496,1.45505,1.87,1.50
2016.06.08 16:38:51.508,1.45496,1.45504,1.00,1.00
2016.06.08 16:38:51.610,1.45496,1.45506,1.12,3.00
2016.06.08 16:38:51.662,1.45495,1.45503,3.00,1.00
2016.06.08 16:38:52.853,1.45494,1.45505,3.00,1.50
2016.06.08 16:38:53.368,1.45495,1.45504,2.25,1.00
2016.06.08 16:38:53.879,1.45495,1.45505,1.87,1.00
2016.06.08 16:38:54.386,1.45495,1.45504,1.87,1.00
2016.06.08 16:38:55.086,1.45496,1.45504,1.00,1.00
2016.06.08 16:38:55.594,1.45496,1.45504,1.37,1.00
2016.06.08 16:38:57.351,1.45496,1.45505,1.37,1.00
2016.06.08 16:39:00.750,1.45497,1.45506,1.12,1.50
2016.06.08 16:39:00.852,1.45496,1.45501,1.37,1.00
2016.06.08 16:39:01.106,1.4549,1.45498,1.69,1.00
2016.06.08 16:39:01.562,1.45491,1.45495,1.00,1.00
2016.06.08 16:39:01.644,1.45486,1.45495,2.44,1.00
2016.06.08 16:39:03.351,1.45486,1.45495,1.00,1.50
2016.06.08 16:39:07.131,1.45491,1.45495,1.00,1.00
2016.06.08 16:39:07.612,1.45492,1.45493,1.00,1.00
2016.06.08 16:39:08.371,1.45492,1.45499,1.00,4.57
2016.06.08 16:39:08.987,1.45493,1.45499,1.00,1.00
2016.06.08 16:39:10.050,1.45493,1.45499,1.00,1.37
2016.06.08 16:39:10.853,1.4549,1.45497,1.00,1.00
2016.06.08 16:39:13.044,1.4549,1.45498,1.00,1.57
2016.06.08 16:39:13.713,1.45493,1.45497,1.00,1.00
2016.06.08 16:39:14.249,1.45493,1.45499,1.00,1.37
2016.06.08 16:39:14.856,1.45494,1.45499,1.00,1.37
2016.06.08 16:39:15.059,1.45495,1.455,1.00,1.95
2016.06.08 16:39:15.213,1.45495,1.455,1.00,1.57
2016.06.08 16:39:15.988,1.45495,1.45501,1.00,1.52
2016.06.08 16:39:17.107,1.45494,1.45501,1.00,2.02
2016.06.08 16:39:17.158,1.45492,1.455,1.00,1.20
2016.06.08 16:39:17.312,1.45492,1.455,1.00,1.20
2016.06.08 16:39:17.617,1.45491,1.45498,1.00,1.55
2016.06.08 16:39:18.296,1.45487,1.4549,1.00,1.07
2016.06.08 16:39:18.347,1.45484,1.4549,1.00,1.17
2016.06.08 16:39:18.500,1.45485,1.4549,1.00,2.02
2016.06.08 16:39:18.755,1.45487,1.45493,1.00,1.65
2016.06.08 16:39:19.140,1.4549,1.45493,1.00,1.10
2016.06.08 16:39:19.498,1.45494,1.45495,1.00,1.00
2016.06.08 16:39:19.550,1.45494,1.45496,1.00,1.00
2016.06.08 16:39:19.755,1.45495,1.45499,1.00,1.17
2016.06.08 16:39:20.233,1.45491,1.45499,1.00,4.57
2016.06.08 16:39:20.744,1.45491,1.45498,1.00,2.70
2016.06.08 16:39:20.846,1.45493,1.45498,1.00,1.57
2016.06.08 16:39:21.050,1.45494,1.45498,1.00,1.10
2016.06.08 16:39:21.700,1.45496,1.45501,1.00,1.45
2016.06.08 16:39:22.267,1.45497,1.45502,1.00,4.57
2016.06.08 16:39:22.470,1.45499,1.45503,1.00,1.10
2016.06.08 16:39:22.972,1.455,1.45505,1.00,1.07
2016.06.08 16:39:24.304,1.45499,1.45505,1.00,1.57
2016.06.08 16:39:24.356,1.45497,1.45505,1.00,1.07
2016.06.08 16:39:24.407,1.45497,1.45505,1.00,1.82
2016.06.08 16:39:24.611,1.45492,1.455,1.17,1.75
2016.06.08 16:39:24.867,1.45491,1.45499,1.00,2.32
2016.06.08 16:39:25.569,1.45494,1.45499,1.00,1.95
2016.06.08 16:39:26.499,1.45492,1.45499,1.00,2.32
2016.06.08 16:39:27.001,1.45491,1.45499,1.00,2.32
2016.06.08 16:39:27.512,1.4549,1.45499,1.00,2.32
2016.06.08 16:39:28.245,1.45493,1.45498,1.00,1.55
2016.06.08 16:39:28.637,1.45493,1.45499,1.00,1.10
2016.06.08 16:39:30.347,1.45495,1.455,1.00,1.65
2016.06.08 16:39:30.854,1.45496,1.45501,1.00,1.17
2016.06.08 16:39:31.366,1.45498,1.45504,1.00,2.62
2016.06.08 16:39:31.494,1.45501,1.45506,1.00,2.32
2016.06.08 16:39:31.595,1.45503,1.45506,1.00,1.20
2016.06.08 16:39:31.748,1.45504,1.45506,1.00,1.00
2016.06.08 16:39:31.850,1.45504,1.45508,1.00,1.27
2016.06.08 16:39:32.293,1.45501,1.4551,1.00,1.87
2016.06.08 16:39:32.496,1.45501,1.45508,1.00,1.57
2016.06.08 16:39:32.852,1.45499,1.45506,1.00,1.00
2016.06.08 16:39:33.167,1.45501,1.45507,1.00,1.20
2016.06.08 16:39:33.715,1.45502,1.45509,1.00,2.40
2016.06.08 16:39:34.020,1.45504,1.45509,1.00,1.20
2016.06.08 16:39:34.528,1.45506,1.45511,1.00,3.00
2016.06.08 16:39:34.868,1.45502,1.4551,1.00,1.99
2016.06.08 16:39:35.124,1.45501,1.45508,1.00,1.57
2016.06.08 16:39:37.648,1.45499,1.45507,1.00,1.20
2016.06.08 16:39:38.106,1.45502,1.45507,1.00,2.02
2016.06.08 16:39:38.625,1.45503,1.45509,1.00,2.70
2016.06.08 16:39:39.133,1.45502,1.45509,1.00,1.57
2016.06.08 16:39:40.291,1.45504,1.45509,1.00,1.07
2016.06.08 16:39:40.798,1.45505,1.4551,1.00,1.95
2016.06.08 16:39:40.951,1.45505,1.4551,1.00,1.17
2016.06.08 16:39:41.469,1.45505,1.45512,1.00,1.65
2016.06.08 16:39:41.928,1.45503,1.45512,1.00,2.02
2016.06.08 16:39:42.081,1.45503,1.45509,1.00,1.00
2016.06.08 16:39:42.603,1.45504,1.45509,1.00,1.00
2016.06.08 16:39:43.061,1.45505,1.45512,1.00,2.02
2016.06.08 16:39:43.164,1.45506,1.45512,1.00,2.02
2016.06.08 16:39:43.577,1.4551,1.45512,1.00,1.00
2016.06.08 16:39:43.703,1.45508,1.45513,1.00,1.00
2016.06.08 16:39:44.212,1.45507,1.45513,1.00,1.00
2016.06.08 16:39:45.518,1.45509,1.45513,1.00,1.50
2016.06.08 16:39:45.924,1.45507,1.45513,1.00,1.00
2016.06.08 16:39:46.679,1.45508,1.45513,1.00,1.12
2016.06.08 16:39:47.288,1.45506,1.45514,1.00,1.12
2016.06.08 16:39:47.634,1.45507,1.45512,1.00,2.25
2016.06.08 16:39:47.736,1.45505,1.45512,1.00,1.00
2016.06.08 16:39:48.243,1.45506,1.45512,1.00,2.25
2016.06.08 16:39:49.045,1.45506,1.45513,1.00,1.12
2016.06.08 16:39:49.556,1.45507,1.45513,1.00,1.12
2016.06.08 16:39:50.125,1.45505,1.45513,1.00,1.12
2016.06.08 16:39:50.644,1.45506,1.45513,1.00,1.00
2016.06.08 16:39:51.152,1.45507,1.45513,1.00,1.00
2016.06.08 16:39:52.296,1.45505,1.45513,1.00,1.00
2016.06.08 16:39:52.804,1.45505,1.45512,1.00,1.00
2016.06.08 16:39:56.286,1.45504,1.45512,1.27,1.00
2016.06.08 16:39:56.865,1.45505,1.45512,1.00,1.00
2016.06.08 16:39:57.322,1.45507,1.45515,1.00,1.57
2016.06.08 16:39:57.628,1.45508,1.45515,2.25,1.50
2016.06.08 16:39:58.145,1.4551,1.45514,1.00,1.12
2016.06.08 16:39:58.200,1.45505,1.45514,1.20,1.12
2016.06.08 16:39:58.407,1.45505,1.45514,1.20,1.50
2016.06.08 16:39:58.919,1.45504,1.45513,1.45,1.20
2016.06.08 16:40:00.340,1.45505,1.45512,1.10,1.12
2016.06.08 16:40:00.910,1.45504,1.45511,1.07,1.00
2016.06.08 16:40:02.638,1.45504,1.45511,1.00,2.25
2016.06.08 16:40:02.944,1.45502,1.4551,1.00,1.00
2016.06.08 16:40:03.636,1.45502,1.45509,1.00,1.00
2016.06.08 16:40:04.448,1.45502,1.45508,1.00,1.00
2016.06.08 16:40:05.821,1.45498,1.45508,2.32,1.00
2016.06.08 16:40:05.922,1.45498,1.45506,1.20,1.00
2016.06.08 16:40:06.024,1.45498,1.45506,1.10,1.20
2016.06.08 16:40:07.011,1.45499,1.45507,1.00,2.40
2016.06.08 16:40:09.222,1.45498,1.45506,1.00,1.10
2016.06.08 16:40:09.741,1.45499,1.45506,1.00,1.10
2016.06.08 16:40:15.201,1.45498,1.45506,1.00,1.20
2016.06.08 16:40:16.085,1.45499,1.45507,1.00,2.40
2016.06.08 16:40:17.395,1.45498,1.45506,1.00,1.20
2016.06.08 16:40:17.937,1.45499,1.45508,1.00,1.65
2016.06.08 16:40:20.797,1.45498,1.45507,1.00,1.57
2016.06.08 16:40:20.848,1.45497,1.45505,1.10,1.00
2016.06.08 16:40:21.907,1.45498,1.45505,1.00,1.10
2016.06.08 16:40:26.934,1.45497,1.45505,1.00,2.32
2016.06.08 16:40:27.456,1.45496,1.45503,1.00,1.17
2016.06.08 16:40:27.766,1.45494,1.45502,1.00,1.07
2016.06.08 16:40:28.072,1.45492,1.45501,1.00,1.50
2016.06.08 16:40:28.123,1.4549,1.455,1.10,2.17
2016.06.08 16:40:28.709,1.45489,1.45499,1.10,1.10
2016.06.08 16:40:28.863,1.45489,1.45497,1.10,1.00
2016.06.08 16:40:29.774,1.4549,1.45497,1.00,1.10
2016.06.08 16:40:30.323,1.45489,1.45497,1.10,1.10
2016.06.08 16:40:31.134,1.45489,1.45496,1.10,1.00
2016.06.08 16:40:31.987,1.4549,1.45496,1.00,1.00
2016.06.08 16:40:32.393,1.4549,1.45498,1.10,1.87
2016.06.08 16:40:33.257,1.45491,1.45499,1.00,2.32
2016.06.08 16:40:33.536,1.45494,1.455,1.00,1.00
2016.06.08 16:40:33.791,1.45492,1.45501,1.00,1.00
2016.06.08 16:40:34.149,1.45489,1.45499,1.95,1.00
2016.06.08 16:40:34.508,1.45488,1.45498,1.17,1.95
2016.06.08 16:40:35.064,1.4549,1.45498,1.00,2.70
2016.06.08 16:40:35.166,1.45486,1.45495,2.25,1.00
2016.06.08 16:40:35.319,1.45485,1.45494,1.17,1.00
2016.06.08 16:40:36.836,1.45485,1.45495,1.20,2.62
2016.06.08 16:40:37.039,1.45485,1.45493,1.00,1.20
2016.06.08 16:40:37.344,1.45487,1.45493,1.00,1.20
2016.06.08 16:40:37.956,1.45487,1.45493,1.00,1.00
2016.06.08 16:40:38.415,1.45489,1.45495,1.00,2.62
2016.06.08 16:40:38.619,1.4549,1.45496,1.20,1.00
2016.06.08 16:40:39.132,1.4549,1.45497,1.10,1.00
2016.06.08 16:40:39.659,1.4549,1.45498,1.10,1.00
2016.06.08 16:40:41.217,1.4549,1.45499,1.10,1.10
2016.06.08 16:40:42.375,1.4549,1.455,1.10,1.57
2016.06.08 16:40:44.372,1.4549,1.455,1.10,1.87
2016.06.08 16:40:48.840,1.4549,1.45498,1.10,1.00
2016.06.08 16:40:49.791,1.4549,1.45499,1.10,1.00
2016.06.08 16:40:50.863,1.4549,1.455,1.10,3.37
2016.06.08 16:40:52.101,1.4549,1.45499,1.10,1.00
2016.06.08 16:40:52.707,1.45495,1.45499,1.00,1.00
2016.06.08 16:40:52.912,1.45494,1.45502,1.00,1.12
2016.06.08 16:40:53.014,1.45496,1.45501,1.00,1.00
2016.06.08 16:40:53.218,1.45495,1.45503,1.10,1.00
2016.06.08 16:40:53.879,1.45496,1.45503,1.00,1.10
2016.06.08 16:40:54.386,1.45497,1.45503,1.00,1.00
2016.06.08 16:40:54.912,1.45498,1.45503,1.00,1.00
2016.06.08 16:40:55.435,1.45498,1.45504,1.00,1.57
2016.06.08 16:40:56.064,1.45497,1.45504,1.00,1.10
2016.06.08 16:40:56.599,1.45497,1.45506,1.00,1.50
2016.06.08 16:40:59.174,1.45498,1.45505,1.00,1.00
2016.06.08 16:40:59.431,1.455,1.45506,1.00,1.10
2016.06.08 16:41:00.314,1.45498,1.45506,1.07,1.10
2016.06.08 16:41:00.830,1.455,1.45506,1.00,1.10
2016.06.08 16:41:01.601,1.45499,1.45506,1.10,1.10
2016.06.08 16:41:09.097,1.45497,1.45504,1.20,1.00
2016.06.08 16:41:09.301,1.45494,1.455,1.10,1.00
2016.06.08 16:41:09.352,1.45494,1.45502,1.10,1.00
2016.06.08 16:41:09.555,1.45496,1.45503,1.00,1.95
2016.06.08 16:41:10.058,1.45496,1.45503,1.00,1.50
2016.06.08 16:41:10.585,1.45496,1.45504,1.00,2.02
2016.06.08 16:41:11.728,1.45497,1.45504,1.00,1.87
2016.06.08 16:41:12.236,1.45497,1.45505,1.00,1.00
2016.06.08 16:41:13.111,1.45499,1.45505,1.00,1.50
2016.06.08 16:41:15.265,1.45497,1.45505,1.00,1.00
2016.06.08 16:41:15.368,1.45499,1.45505,1.00,1.00
2016.06.08 16:41:15.419,1.45497,1.45505,1.00,1.00
2016.06.08 16:41:16.122,1.45498,1.45506,1.00,1.95
2016.06.08 16:41:19.818,1.45498,1.45506,1.00,2.32
2016.06.08 16:41:25.352,1.45496,1.45504,1.10,1.00
2016.06.08 16:41:25.886,1.45497,1.45504,1.00,1.00
2016.06.08 16:41:27.397,1.45496,1.45504,1.00,4.57
2016.06.08 16:41:27.448,1.45494,1.45503,1.10,1.47
2016.06.08 16:41:28.111,1.45494,1.45503,1.10,1.20
2016.06.08 16:41:31.937,1.45494,1.45502,1.10,1.00
2016.06.08 16:41:32.445,1.45494,1.45502,1.17,1.00
2016.06.08 16:41:32.961,1.45496,1.45502,1.00,1.00
2016.06.08 16:41:33.944,1.45496,1.45503,1.00,1.50
2016.06.08 16:41:34.452,1.45492,1.45503,4.50,1.00
2016.06.08 16:41:34.554,1.45492,1.45501,3.75,1.00
2016.06.08 16:41:35.925,1.45494,1.455,1.17,1.00
2016.06.08 16:41:38.782,1.45492,1.45501,3.75,1.00
2016.06.08 16:41:39.217,1.45493,1.45501,1.20,1.50
2016.06.08 16:41:40.030,1.45491,1.45499,1.87,1.00
2016.06.08 16:41:41.440,1.45491,1.45498,1.87,1.00
2016.06.08 16:41:41.746,1.45489,1.45497,1.55,1.87
2016.06.08 16:41:42.284,1.45487,1.45497,2.70,1.12
2016.06.08 16:41:42.844,1.45487,1.45495,2.70,1.00
2016.06.08 16:41:43.098,1.45486,1.45495,2.32,1.87
2016.06.08 16:41:43.301,1.45484,1.45493,2.70,1.00
2016.06.08 16:41:43.352,1.45483,1.45491,2.40,1.00
2016.06.08 16:41:43.906,1.45483,1.45491,1.12,1.00
2016.06.08 16:41:44.935,1.45482,1.45491,3.00,1.00
2016.06.08 16:41:45.349,1.45484,1.45491,1.00,1.00
2016.06.08 16:41:45.876,1.45483,1.4549,1.00,1.00
2016.06.08 16:41:47.713,1.45482,1.4549,1.87,1.00
2016.06.08 16:41:48.019,1.4548,1.45488,1.50,1.00
2016.06.08 16:41:48.273,1.45479,1.45488,3.07,1.10
2016.06.08 16:41:48.620,1.45479,1.45488,2.32,1.87
2016.06.08 16:41:48.924,1.45478,1.45483,1.10,1.00
2016.06.08 16:41:49.128,1.45474,1.45483,2.14,1.57
2016.06.08 16:41:49.630,1.45474,1.45483,2.14,2.32
2016.06.08 16:41:51.211,1.45473,1.45483,1.64,2.62
2016.06.08 16:41:51.367,1.45473,1.4548,1.01,1.00
2016.06.08 16:41:53.621,1.4547,1.45477,2.06,1.00
2016.06.08 16:41:53.777,1.45467,1.45478,3.00,1.57
2016.06.08 16:41:54.283,1.45469,1.45478,2.32,1.00
2016.06.08 16:41:55.121,1.45473,1.45478,1.00,1.00
2016.06.08 16:41:55.629,1.45473,1.45478,1.17,1.50
2016.06.08 16:41:56.095,1.45471,1.45481,2.44,1.00
2016.06.08 16:41:56.928,1.45471,1.45478,1.97,1.00
2016.06.08 16:41:57.233,1.45461,1.45462,2.70,1.50
2016.06.08 16:41:57.335,1.45457,1.45463,1.19,1.50
2016.06.08 16:41:57.856,1.45454,1.45464,3.00,1.00
2016.06.08 16:41:59.123,1.45459,1.45464,1.91,1.00
2016.06.08 16:41:59.277,1.45462,1.45467,1.10,1.10
2016.06.08 16:41:59.480,1.45463,1.45468,1.07,1.00
2016.06.08 16:41:59.735,1.45463,1.4547,1.76,1.50
2016.06.08 16:42:00.478,1.45463,1.45471,3.26,1.00
2016.06.08 16:42:00.987,1.45464,1.45471,1.87,1.00
2016.06.08 16:42:01.294,1.45465,1.45474,1.50,1.00
2016.06.08 16:42:02.160,1.45464,1.45474,1.17,1.10
2016.06.08 16:42:02.667,1.45464,1.45473,1.17,1.00
2016.06.08 16:42:03.208,1.45464,1.45475,1.17,1.57
2016.06.08 16:42:06.078,1.45464,1.45473,1.27,1.00
2016.06.08 16:42:06.626,1.45464,1.45475,1.27,1.20
2016.06.08 16:42:09.288,1.45464,1.45475,2.62,1.87
2016.06.08 16:42:09.799,1.45465,1.45474,1.20,1.00
2016.06.08 16:42:10.451,1.45464,1.45475,2.25,1.87
2016.06.08 16:42:10.967,1.45465,1.45474,1.20,1.00
2016.06.08 16:42:13.298,1.45464,1.45475,1.50,1.87
2016.06.08 16:42:13.603,1.45464,1.45473,1.87,1.00
2016.06.08 16:42:14.111,1.45463,1.45475,2.32,2.70
2016.06.08 16:42:14.992,1.45463,1.45474,1.27,1.50
2016.06.08 16:42:16.327,1.45463,1.45472,1.27,1.00
2016.06.08 16:42:16.936,1.45464,1.45473,1.10,1.10
2016.06.08 16:42:18.505,1.45462,1.45467,1.20,1.00
2016.06.08 16:42:18.712,1.45457,1.45466,1.00,2.25
2016.06.08 16:42:19.027,1.45455,1.45466,1.50,2.62
2016.06.08 16:42:20.632,1.45454,1.45466,1.12,1.87
2016.06.08 16:42:23.762,1.45454,1.45465,1.95,1.50
2016.06.08 16:42:26.344,1.45454,1.45465,2.02,1.57
2016.06.08 16:42:36.982,1.45454,1.45463,1.20,1.07
2016.06.08 16:42:38.985,1.45453,1.45462,1.12,1.10
2016.06.08 16:42:41.692,1.45452,1.45461,2.32,1.00
2016.06.08 16:42:43.131,1.45452,1.45461,1.50,1.07
2016.06.08 16:42:45.376,1.45451,1.45457,1.87,1.12
2016.06.08 16:42:45.529,1.45448,1.45455,1.37,1.50
2016.06.08 16:42:45.580,1.45447,1.45455,1.27,1.00
2016.06.08 16:42:46.084,1.45446,1.45456,1.82,1.20
2016.06.08 16:42:46.597,1.45446,1.45455,1.50,1.00
2016.06.08 16:42:47.224,1.45445,1.45456,1.75,1.65
2016.06.08 16:42:47.275,1.45445,1.45454,1.75,1.00
2016.06.08 16:42:47.427,1.45442,1.45451,1.57,1.00
2016.06.08 16:42:47.631,1.45441,1.4545,1.09,1.65
2016.06.08 16:42:48.596,1.45439,1.45445,1.00,1.12
2016.06.08 16:42:48.649,1.45437,1.45445,1.12,1.87
2016.06.08 16:42:48.752,1.45439,1.45447,1.12,1.50
2016.06.08 16:42:49.059,1.45443,1.45449,1.10,1.00
2016.06.08 16:42:49.262,1.45443,1.45451,1.10,1.12
2016.06.08 16:42:49.886,1.45442,1.45452,2.51,1.10
2016.06.08 16:42:50.428,1.45445,1.45455,1.00,2.32
2016.06.08 16:42:50.734,1.45446,1.45456,2.25,1.37
2016.06.08 16:42:51.039,1.45447,1.45457,3.00,1.20
2016.06.08 16:42:51.699,1.45447,1.45456,1.12,1.00
2016.06.08 16:42:51.759,1.45445,1.45456,2.25,1.10
2016.06.08 16:42:51.963,1.45445,1.45454,1.50,1.00
2016.06.08 16:42:52.206,1.45443,1.45454,1.75,1.20
2016.06.08 16:42:52.815,1.45444,1.45454,1.12,1.10
2016.06.08 16:42:52.917,1.45445,1.45455,1.12,1.10
2016.06.08 16:42:53.467,1.45445,1.45454,1.87,1.00
2016.06.08 16:42:54.859,1.45445,1.45456,2.25,2.25
2016.06.08 16:42:57.166,1.45445,1.45455,1.12,1.00
2016.06.08 16:42:57.319,1.45444,1.45455,3.00,1.10
2016.06.08 16:42:58.824,1.45445,1.45455,1.20,1.10
2016.06.08 16:42:59.129,1.45454,1.45458,1.10,1.00
2016.06.08 16:42:59.465,1.45454,1.45459,1.47,1.00
2016.06.08 16:42:59.769,1.45455,1.45464,1.12,1.07
2016.06.08 16:43:00.418,1.45456,1.45466,1.87,1.07
2016.06.08 16:43:00.571,1.45458,1.45467,1.57,1.00
2016.06.08 16:43:01.079,1.45457,1.45465,1.12,1.00
2016.06.08 16:43:01.130,1.45457,1.45468,1.87,1.87
2016.06.08 16:43:03.397,1.45457,1.45469,1.87,2.77
2016.06.08 16:43:04.124,1.45458,1.45462,1.50,1.00
2016.06.08 16:43:04.226,1.45458,1.45461,1.10,1.00
2016.06.08 16:43:04.732,1.4545,1.45453,1.00,1.00
2016.06.08 16:43:04.784,1.45444,1.45453,1.31,1.00
2016.06.08 16:43:04.936,1.45444,1.45453,1.20,1.00
2016.06.08 16:43:05.427,1.45448,1.45456,1.00,1.45
2016.06.08 16:43:05.531,1.4545,1.45458,1.50,1.00
2016.06.08 16:43:05.686,1.4545,1.45458,2.62,1.00
2016.06.08 16:43:05.951,1.45451,1.4546,1.75,1.50
2016.06.08 16:43:06.459,1.4545,1.45461,2.25,1.00
2016.06.08 16:43:06.510,1.4545,1.45459,2.25,1.00
2016.06.08 16:43:06.663,1.4545,1.45461,2.25,1.00
2016.06.08 16:43:07.329,1.4545,1.4546,1.75,1.50
2016.06.08 16:43:07.430,1.4545,1.45457,1.75,1.00
2016.06.08 16:43:07.754,1.45449,1.45458,1.12,1.57
2016.06.08 16:43:08.212,1.45451,1.4546,2.25,2.70
2016.06.08 16:43:08.508,1.45453,1.45462,1.20,1.47
2016.06.08 16:43:09.117,1.45453,1.45464,1.27,2.25
2016.06.08 16:43:09.632,1.45453,1.45463,1.00,1.57
2016.06.08 16:43:09.987,1.45453,1.45464,1.20,1.12
2016.06.08 16:43:10.088,1.45453,1.45465,2.62,2.62
2016.06.08 16:43:10.818,1.45453,1.45462,1.12,1.50
2016.06.08 16:43:10.870,1.45451,1.45461,1.10,1.45
2016.06.08 16:43:11.327,1.45453,1.45462,1.00,3.00
2016.06.08 16:43:12.126,1.45454,1.45463,1.00,1.12
2016.06.08 16:43:12.178,1.45455,1.45464,1.87,1.20
2016.06.08 16:43:15.691,1.45453,1.45464,1.95,1.57
2016.06.08 16:43:16.046,1.45455,1.45464,1.20,1.20
2016.06.08 16:43:16.553,1.45455,1.45464,1.20,1.47
2016.06.08 16:43:17.667,1.45455,1.45464,1.20,1.20
2016.06.08 16:43:18.204,1.45456,1.45465,1.00,1.55
2016.06.08 16:43:18.520,1.45457,1.45465,1.50,1.37
2016.06.08 16:43:18.843,1.45463,1.45467,2.25,1.00
2016.06.08 16:43:19.097,1.45465,1.45472,1.10,1.00
2016.06.08 16:43:19.882,1.45465,1.45475,1.10,1.10
2016.06.08 16:43:20.566,1.45465,1.45476,1.50,1.65
2016.06.08 16:43:21.236,1.45465,1.45476,1.50,1.57
2016.06.08 16:43:21.872,1.45465,1.45475,1.50,1.37
2016.06.08 16:43:22.394,1.45465,1.45475,1.47,1.45
2016.06.08 16:43:23.950,1.45466,1.45476,1.10,1.10
2016.06.08 16:43:24.458,1.45467,1.45476,1.00,1.57
2016.06.08 16:43:27.579,1.45465,1.45476,1.57,1.12
2016.06.08 16:43:28.086,1.45465,1.45476,1.57,1.50
2016.06.08 16:43:29.348,1.45465,1.45475,1.57,1.12
2016.06.08 16:43:30.762,1.45467,1.45475,1.00,1.00
2016.06.08 16:43:31.334,1.45466,1.45475,1.10,1.00
2016.06.08 16:43:31.569,1.45467,1.45478,2.32,1.95
2016.06.08 16:43:31.948,1.45471,1.45478,1.75,1.50
2016.06.08 16:43:32.000,1.45469,1.45478,1.10,3.07
2016.06.08 16:43:32.102,1.45467,1.45477,1.00,1.20
2016.06.08 16:43:32.254,1.45469,1.45477,1.00,2.32
2016.06.08 16:43:32.305,1.45469,1.45477,1.10,1.00
2016.06.08 16:43:32.356,1.45469,1.45479,1.10,1.87
2016.06.08 16:43:32.509,1.45469,1.4548,1.57,3.07
2016.06.08 16:43:33.042,1.4547,1.45479,1.50,1.12
2016.06.08 16:43:33.701,1.45472,1.45479,1.00,1.00
2016.06.08 16:43:36.814,1.45471,1.45481,1.57,2.32
2016.06.08 16:43:37.855,1.45472,1.45481,1.47,1.57
2016.06.08 16:43:39.314,1.45472,1.45481,1.47,1.20
2016.06.08 16:43:39.620,1.45472,1.45482,2.25,1.10
2016.06.08 16:43:40.581,1.45474,1.45482,1.12,1.00
2016.06.08 16:43:44.242,1.45473,1.45481,1.75,1.12
2016.06.08 16:43:44.294,1.45471,1.4548,1.20,1.20
2016.06.08 16:43:44.345,1.45471,1.45478,1.20,1.00
2016.06.08 16:43:44.598,1.45467,1.45477,1.12,2.02
2016.06.08 16:43:45.132,1.45467,1.45476,1.07,1.37
2016.06.08 16:43:49.456,1.45469,1.45477,1.50,1.37
2016.06.08 16:43:49.763,1.45476,1.45478,1.00,1.00
2016.06.08 16:43:49.814,1.45476,1.4548,1.00,1.00
2016.06.08 16:43:50.322,1.45475,1.45484,1.07,1.37
2016.06.08 16:43:50.899,1.45473,1.45484,1.87,1.75
2016.06.08 16:43:51.609,1.45474,1.45483,1.07,1.00
2016.06.08 16:43:52.627,1.45473,1.45484,1.87,1.50
2016.06.08 16:43:54.903,1.45473,1.45478,1.12,2.47
2016.06.08 16:43:55.006,1.45468,1.45475,4.87,1.12
2016.06.08 16:43:55.057,1.45468,1.45475,1.57,1.12
2016.06.08 16:43:55.686,1.45467,1.45475,1.07,1.00
2016.06.08 16:43:57.510,1.45466,1.45475,2.25,1.00
2016.06.08 16:43:59.456,1.45467,1.45476,1.57,1.12
2016.06.08 16:44:08.927,1.45466,1.45477,2.62,1.50
2016.06.08 16:44:09.435,1.45466,1.45476,2.62,1.00
2016.06.08 16:44:11.063,1.45466,1.45477,2.62,1.87
2016.06.08 16:44:14.054,1.45466,1.45477,2.62,1.87
2016.06.08 16:44:14.156,1.45466,1.45477,2.62,1.87
2016.06.08 16:44:14.734,1.45466,1.45477,2.62,3.75
2016.06.08 16:44:15.549,1.45467,1.45477,1.07,3.75
2016.06.08 16:44:16.220,1.45467,1.45477,1.07,1.87
2016.06.08 16:44:17.955,1.45467,1.45477,1.07,1.87
2016.06.08 16:44:20.181,1.45468,1.45477,1.12,1.50
2016.06.08 16:44:21.464,1.45468,1.45477,1.12,3.37
2016.06.08 16:44:25.781,1.45468,1.45477,1.12,1.87
2016.06.08 16:44:27.227,1.45469,1.45478,1.75,2.25
2016.06.08 16:44:27.329,1.45471,1.4548,1.75,1.00
2016.06.08 16:44:27.533,1.45472,1.45482,1.12,2.62
2016.06.08 16:44:28.680,1.45473,1.45482,1.47,1.50
2016.06.08 16:44:28.984,1.45475,1.45484,1.50,2.25
2016.06.08 16:44:29.622,1.45475,1.45485,1.12,1.12
2016.06.08 16:44:34.962,1.45475,1.45485,1.50,1.37
2016.06.08 16:44:37.689,1.45474,1.45485,1.47,1.12
2016.06.08 16:44:38.891,1.45475,1.45486,1.87,3.00
2016.06.08 16:44:41.983,1.45477,1.45486,1.00,2.25
2016.06.08 16:44:43.938,1.45477,1.45486,1.00,3.37
2016.06.08 16:44:44.816,1.45477,1.45486,1.00,3.75
2016.06.08 16:44:46.343,1.45477,1.45486,1.10,1.00
2016.06.08 16:44:46.648,1.4548,1.45486,1.87,1.00
2016.06.08 16:44:46.751,1.4548,1.45489,1.87,1.95
2016.06.08 16:44:50.364,1.4548,1.45482,1.12,1.00
2016.06.08 16:44:50.415,1.45475,1.45482,1.47,1.00
2016.06.08 16:44:50.881,1.45473,1.45481,1.07,1.00
2016.06.08 16:44:51.086,1.45475,1.45483,1.75,1.12
2016.06.08 16:44:51.290,1.45477,1.45485,1.20,1.50
2016.06.08 16:44:55.024,1.45477,1.45486,1.20,3.90
2016.06.08 16:44:56.528,1.45476,1.45485,1.50,1.00
2016.06.08 16:44:57.703,1.45476,1.45485,1.50,1.00
2016.06.08 16:44:58.210,1.45476,1.45486,1.50,1.12
2016.06.08 16:44:59.900,1.45476,1.45486,1.20,1.75
2016.06.08 16:45:00.204,1.45475,1.45486,1.10,3.00
2016.06.08 16:45:00.731,1.45475,1.45484,1.00,1.12
2016.06.08 16:45:01.870,1.45472,1.45481,1.12,1.69
2016.06.08 16:45:01.922,1.45472,1.4548,1.12,1.87
2016.06.08 16:45:01.973,1.45469,1.45478,1.00,1.50
2016.06.08 16:45:02.075,1.45468,1.45477,1.10,1.12
2016.06.08 16:45:06.497,1.45468,1.45477,1.20,1.57
2016.06.08 16:45:07.572,1.45469,1.45477,1.00,1.12
2016.06.08 16:45:07.877,1.45471,1.45478,1.20,1.00
2016.06.08 16:45:08.134,1.45472,1.4548,1.10,1.12
2016.06.08 16:45:09.053,1.45471,1.45481,1.10,1.50
2016.06.08 16:45:09.459,1.45469,1.45479,1.87,1.12
2016.06.08 16:45:10.129,1.45469,1.45479,1.50,1.20
2016.06.08 16:45:11.529,1.4547,1.45479,1.20,3.45
2016.06.08 16:45:15.118,1.45469,1.45479,1.50,1.20
2016.06.08 16:45:18.055,1.4547,1.4548,1.50,1.27
2016.06.08 16:45:18.361,1.45471,1.4548,1.87,1.00
2016.06.08 16:45:18.868,1.45472,1.45481,1.47,1.95
2016.06.08 16:45:21.000,1.45472,1.45481,1.50,2.25
2016.06.08 16:45:21.306,1.45471,1.45481,1.50,3.45
2016.06.08 16:45:29.213,1.45472,1.45481,1.47,1.95
2016.06.08 16:45:34.585,1.45471,1.45481,1.87,1.57
2016.06.08 16:45:43.220,1.4547,1.45481,2.25,2.32
2016.06.08 16:45:46.333,1.45471,1.45481,1.87,3.45
2016.06.08 16:45:47.382,1.45471,1.45481,1.87,3.45
2016.06.08 16:45:47.970,1.45472,1.45481,1.20,1.12
2016.06.08 16:45:55.957,1.45474,1.45481,1.00,1.00
2016.06.08 16:45:56.161,1.45474,1.45483,1.10,1.12
2016.06.08 16:45:56.212,1.45474,1.45483,1.87,1.12
2016.06.08 16:45:56.721,1.45477,1.45486,1.10,1.57
2016.06.08 16:45:57.433,1.45475,1.45484,1.47,1.00
2016.06.08 16:46:02.936,1.45477,1.45484,1.12,1.00
2016.06.08 16:46:04.896,1.45477,1.45485,1.12,1.00
2016.06.08 16:46:06.194,1.45478,1.45486,1.12,1.50
2016.06.08 16:46:13.571,1.45477,1.45486,1.75,1.50
2016.06.08 16:46:13.954,1.45477,1.45484,1.12,1.00
2016.06.08 16:46:14.262,1.45475,1.45484,3.75,1.00
2016.06.08 16:46:19.034,1.45475,1.45483,1.87,1.00
2016.06.08 16:46:20.780,1.45475,1.45484,1.87,1.00
2016.06.08 16:46:23.162,1.45476,1.45484,1.12,1.00
2016.06.08 16:46:23.664,1.45477,1.45485,1.47,1.10
2016.06.08 16:46:24.181,1.45477,1.45484,1.47,1.00
2016.06.08 16:46:27.088,1.45477,1.45485,1.47,1.10
2016.06.08 16:46:28.405,1.45475,1.45485,1.87,1.10
2016.06.08 16:46:28.942,1.45474,1.45484,3.00,1.12
2016.06.08 16:46:29.631,1.45474,1.45483,1.87,1.00
2016.06.08 16:46:30.158,1.45474,1.45482,1.87,1.00
2016.06.08 16:46:30.666,1.45474,1.45483,1.75,1.10
2016.06.08 16:46:31.282,1.45474,1.45483,1.12,1.00
2016.06.08 16:46:33.059,1.45475,1.45484,1.57,1.87
2016.06.08 16:46:33.161,1.45476,1.45484,1.37,1.00
2016.06.08 16:46:45.378,1.45477,1.45486,1.07,1.50
2016.06.08 16:46:45.633,1.45478,1.45488,3.37,1.50
2016.06.08 16:46:46.385,1.45478,1.45487,1.12,1.00
2016.06.08 16:46:47.460,1.45477,1.45487,1.87,1.00
2016.06.08 16:46:47.790,1.45476,1.45484,1.87,1.00
2016.06.08 16:46:48.300,1.45475,1.45484,3.37,1.00
2016.06.08 16:46:54.888,1.45475,1.45483,2.25,1.00
2016.06.08 16:46:55.396,1.45475,1.45483,1.50,1.00
2016.06.08 16:46:57.851,1.45475,1.45483,1.27,1.00
2016.06.08 16:47:00.484,1.45474,1.45481,1.95,1.99
2016.06.08 16:47:00.790,1.45471,1.45473,1.00,1.00
2016.06.08 16:47:01.147,1.45465,1.45474,1.20,1.00
2016.06.08 16:47:04.318,1.45464,1.45475,1.65,1.65
2016.06.08 16:47:04.938,1.45465,1.45474,1.65,1.00
2016.06.08 16:47:08.639,1.4547,1.45477,1.00,1.45
2016.06.08 16:47:08.944,1.45473,1.45481,1.20,1.69
2016.06.08 16:47:09.532,1.45472,1.45482,3.37,1.00
2016.06.08 16:47:10.040,1.45472,1.45482,3.00,1.00
2016.06.08 16:47:10.447,1.45472,1.45484,2.62,1.27
2016.06.08 16:47:11.063,1.45473,1.45484,1.52,1.65
2016.06.08 16:47:14.428,1.45473,1.45484,1.65,2.02
2016.06.08 16:47:14.480,1.45473,1.45479,1.65,1.00
2016.06.08 16:47:14.582,1.45469,1.45477,3.75,1.00
2016.06.08 16:47:14.634,1.45468,1.45476,1.10,1.00
2016.06.08 16:47:14.838,1.45466,1.45476,1.12,1.15
2016.06.08 16:47:15.193,1.45466,1.45476,1.95,1.00
2016.06.08 16:47:16.400,1.45467,1.45477,1.50,1.00
2016.06.08 16:47:19.222,1.45466,1.45475,3.00,1.00
2016.06.08 16:47:19.730,1.45465,1.45475,3.75,1.00
2016.06.08 16:47:25.326,1.45466,1.45476,1.57,1.00
2016.06.08 16:47:25.879,1.45467,1.45477,1.20,1.00
2016.06.08 16:47:29.358,1.45467,1.45476,2.70,1.00
2016.06.08 16:47:29.867,1.45466,1.45475,1.20,1.00
2016.06.08 16:47:31.283,1.45466,1.45476,1.20,1.00
2016.06.08 16:47:31.592,1.45466,1.45476,1.87,1.00
2016.06.08 16:47:33.362,1.45466,1.45475,1.87,1.00
2016.06.08 16:47:33.463,1.45466,1.45475,1.20,1.00
2016.06.08 16:47:34.594,1.45465,1.45474,3.00,1.00
2016.06.08 16:47:34.646,1.45464,1.45472,1.50,1.00
2016.06.08 16:47:34.799,1.45463,1.45472,4.20,1.00
2016.06.08 16:47:37.078,1.45463,1.45473,2.32,1.00
2016.06.08 16:47:43.360,1.45463,1.45473,3.45,1.00
2016.06.08 16:47:47.867,1.45465,1.45473,1.47,1.00
2016.06.08 16:47:48.634,1.45465,1.45474,1.45,1.00
2016.06.08 16:47:52.099,1.45466,1.45476,1.20,1.10
2016.06.08 16:47:52.909,1.45467,1.45476,1.00,3.75
2016.06.08 16:47:53.422,1.45467,1.45475,1.00,1.00
2016.06.08 16:47:54.035,1.45467,1.4547,1.00,1.69
2016.06.08 16:47:54.189,1.45459,1.45467,1.57,1.37
2016.06.08 16:47:54.949,1.45459,1.45467,1.10,1.12
2016.06.08 16:47:57.712,1.4546,1.45467,1.00,1.00
2016.06.08 16:47:57.814,1.4546,1.4547,1.10,1.95
2016.06.08 16:47:58.453,1.45462,1.45471,1.00,3.00
2016.06.08 16:47:58.784,1.45464,1.4547,1.00,1.00
2016.06.08 16:47:58.886,1.45464,1.45474,1.20,1.57
2016.06.08 16:48:01.064,1.45463,1.45472,1.12,1.00
2016.06.08 16:48:01.116,1.45463,1.45469,1.12,1.12
2016.06.08 16:48:01.395,1.45458,1.45468,1.00,3.52
2016.06.08 16:48:01.578,1.45457,1.45462,1.07,1.00
2016.06.08 16:48:01.781,1.45451,1.4546,1.19,2.77
2016.06.08 16:48:02.403,1.45451,1.4546,1.20,1.12
2016.06.08 16:48:03.115,1.45451,1.4546,1.17,1.00
2016.06.08 16:48:03.623,1.4545,1.45459,1.20,1.12
2016.06.08 16:48:04.625,1.4545,1.4546,1.20,1.12
2016.06.08 16:48:05.133,1.4545,1.45459,1.20,1.12
2016.06.08 16:48:09.266,1.45453,1.45461,1.00,1.50
2016.06.08 16:48:09.368,1.45453,1.45463,1.00,1.00
2016.06.08 16:48:09.420,1.45453,1.45463,1.12,1.00
2016.06.08 16:48:09.929,1.45453,1.45465,1.20,6.22
2016.06.08 16:48:10.484,1.45453,1.45464,1.20,2.62
2016.06.08 16:48:10.992,1.45453,1.45464,1.20,2.25
2016.06.08 16:48:11.644,1.45455,1.45465,1.17,1.50
2016.06.08 16:48:12.514,1.45456,1.45465,1.17,1.37
2016.06.08 16:48:13.137,1.45456,1.45465,1.17,1.00
2016.06.08 16:48:14.711,1.45457,1.45467,1.10,1.95
2016.06.08 16:48:15.016,1.4546,1.45469,1.17,1.50
2016.06.08 16:48:15.970,1.45459,1.45468,1.20,1.00
2016.06.08 16:48:16.276,1.45458,1.45467,1.20,2.62
2016.06.08 16:48:17.576,1.45458,1.45468,1.10,1.10
2016.06.08 16:48:18.941,1.45458,1.45466,1.10,1.00
2016.06.08 16:48:20.166,1.45457,1.45466,1.00,1.10
2016.06.08 16:48:20.847,1.45457,1.45466,1.00,1.47
2016.06.08 16:48:21.355,1.45456,1.45466,1.10,1.47
2016.06.08 16:48:23.159,1.45456,1.45464,1.10,1.00
2016.06.08 16:48:23.531,1.45454,1.45464,1.00,2.02
2016.06.08 16:48:23.734,1.45456,1.45464,1.00,2.02
2016.06.08 16:48:24.039,1.45464,1.45467,1.12,1.00
2016.06.08 16:48:24.403,1.45463,1.45465,1.10,1.00
2016.06.08 16:48:24.557,1.45462,1.45471,1.07,3.82
2016.06.08 16:48:25.064,1.4546,1.4547,1.20,2.62
2016.06.08 16:48:28.850,1.4546,1.4547,1.20,1.87
2016.06.08 16:48:29.129,1.45459,1.4547,1.20,2.25
2016.06.08 16:48:29.638,1.45458,1.45468,1.20,3.00
2016.06.08 16:48:30.145,1.45458,1.45468,1.20,2.62
2016.06.08 16:48:30.636,1.45458,1.45466,1.10,1.87
2016.06.08 16:48:30.941,1.45467,1.4547,1.87,1.00
2016.06.08 16:48:31.246,1.45473,1.45476,1.12,1.00
2016.06.08 16:48:31.797,1.45472,1.4548,1.10,1.17
2016.06.08 16:48:32.307,1.4547,1.45481,2.25,1.57
2016.06.08 16:48:33.282,1.4547,1.45479,1.95,1.47
2016.06.08 16:48:33.790,1.45469,1.4548,1.20,4.65
2016.06.08 16:48:34.197,1.45468,1.45478,1.00,2.32
2016.06.08 16:48:35.341,1.45467,1.45478,1.10,2.70
2016.06.08 16:48:37.172,1.45467,1.45476,1.10,1.47
2016.06.08 16:48:37.274,1.45467,1.45476,1.10,1.95
2016.06.08 16:48:37.820,1.45465,1.45474,1.20,1.27
2016.06.08 16:48:38.362,1.45463,1.45474,1.87,1.55
2016.06.08 16:48:38.616,1.45459,1.45466,1.10,1.76
2016.06.08 16:48:38.717,1.45455,1.45466,1.39,1.46
2016.06.08 16:48:39.219,1.45456,1.45467,1.37,2.02
2016.06.08 16:48:39.372,1.45458,1.45468,1.07,1.10
2016.06.08 16:48:39.474,1.45458,1.45468,1.75,1.00
2016.06.08 16:48:40.083,1.45458,1.45466,1.75,1.00
2016.06.08 16:48:40.621,1.45458,1.45467,1.12,1.00
2016.06.08 16:48:41.132,1.45457,1.45467,1.12,1.10
2016.06.08 16:48:42.698,1.45457,1.45466,1.12,1.00
2016.06.08 16:48:42.801,1.45454,1.45464,1.87,1.00
2016.06.08 16:48:44.455,1.45456,1.45464,1.12,1.00
2016.06.08 16:48:45.050,1.45455,1.45464,1.12,1.00
2016.06.08 16:48:46.718,1.45456,1.45465,1.50,1.50
2016.06.08 16:48:47.329,1.45458,1.45467,1.20,1.12
2016.06.08 16:48:47.380,1.4546,1.45468,1.00,1.57
2016.06.08 16:48:47.846,1.4546,1.45469,1.87,1.00
2016.06.08 16:48:48.355,1.45459,1.45469,1.87,1.00
2016.06.08 16:48:48.905,1.45459,1.4547,1.87,1.00
2016.06.08 16:48:50.594,1.4546,1.4547,1.87,1.00
2016.06.08 16:48:52.920,1.4546,1.45469,1.75,1.00
2016.06.08 16:48:53.352,1.45458,1.45467,1.12,1.00
2016.06.08 16:48:53.899,1.45457,1.45467,1.12,1.00
2016.06.08 16:48:54.406,1.45457,1.45468,1.87,1.12
2016.06.08 16:48:56.567,1.45457,1.45466,1.87,1.00
2016.06.08 16:48:56.874,1.45456,1.45466,1.75,1.00
2016.06.08 16:49:01.101,1.45455,1.45465,2.25,1.00
2016.06.08 16:49:01.608,1.45455,1.45464,1.75,1.00
2016.06.08 16:49:02.297,1.45454,1.45464,3.37,1.12
2016.06.08 16:49:02.805,1.45454,1.45463,3.00,1.00
2016.06.08 16:49:03.312,1.45454,1.45465,2.25,1.87
2016.06.08 16:49:08.975,1.45454,1.45461,2.25,1.00
2016.06.08 16:49:09.179,1.4545,1.45458,2.62,1.00
2016.06.08 16:49:09.282,1.4545,1.45458,1.00,1.20
2016.06.08 16:49:09.549,1.45449,1.45458,1.10,1.10
2016.06.08 16:49:10.271,1.45449,1.45458,1.57,1.00
2016.06.08 16:49:14.369,1.45449,1.45459,1.07,1.57
2016.06.08 16:49:14.471,1.45448,1.45458,1.20,1.07
2016.06.08 16:49:17.864,1.45446,1.45457,3.75,1.10
2016.06.08 16:49:18.017,1.45446,1.45457,2.70,1.20
2016.06.08 16:49:18.988,1.45446,1.45457,2.32,1.20
2016.06.08 16:49:19.474,1.45454,1.45464,1.87,2.14
2016.06.08 16:49:19.981,1.45451,1.45461,1.12,1.95
2016.06.08 16:49:20.855,1.45448,1.45459,1.50,1.15
2016.06.08 16:49:21.161,1.45452,1.45461,1.12,1.50
2016.06.08 16:49:21.212,1.45452,1.45462,1.12,3.37
2016.06.08 16:49:21.619,1.45455,1.45464,1.87,1.31
2016.06.08 16:49:21.925,1.45457,1.45464,1.87,2.44
2016.06.08 16:49:22.354,1.45463,1.45465,1.00,2.75
2016.06.08 16:49:22.405,1.45463,1.45466,1.00,1.50
2016.06.08 16:49:22.559,1.45463,1.4547,1.10,1.00
2016.06.08 16:49:23.076,1.45464,1.45474,1.10,1.00
2016.06.08 16:49:23.626,1.45465,1.45474,1.12,1.00
2016.06.08 16:49:24.696,1.45464,1.45475,2.32,1.87
2016.06.08 16:49:25.255,1.45465,1.45475,1.87,1.50
2016.06.08 16:49:25.358,1.45465,1.45475,1.20,1.50
2016.06.08 16:49:27.153,1.45465,1.45474,1.10,1.00
2016.06.08 16:49:27.684,1.45463,1.45473,1.87,1.00
2016.06.08 16:49:27.888,1.45464,1.45475,2.62,1.12
2016.06.08 16:49:29.466,1.45464,1.45474,1.82,1.50
2016.06.08 16:49:30.202,1.45463,1.45474,3.75,1.65
2016.06.08 16:49:32.901,1.45463,1.45474,3.37,1.65
2016.06.08 16:49:33.258,1.45462,1.45468,1.12,1.00
2016.06.08 16:49:33.410,1.45457,1.45466,2.25,1.00
2016.06.08 16:49:33.515,1.45456,1.45467,1.20,4.27
2016.06.08 16:49:34.480,1.45457,1.45466,1.12,1.00
2016.06.08 16:49:35.007,1.45457,1.45467,1.50,1.50
2016.06.08 16:49:38.471,1.45459,1.45469,1.12,3.07
2016.06.08 16:49:38.979,1.45459,1.45468,1.12,1.50
2016.06.08 16:49:39.517,1.45459,1.45467,1.12,1.00
2016.06.08 16:49:40.127,1.45457,1.45467,1.12,1.00
2016.06.08 16:49:41.828,1.45457,1.45465,1.12,1.00
2016.06.08 16:49:41.880,1.45457,1.45467,1.12,1.00
2016.06.08 16:49:54.218,1.45457,1.45467,1.12,1.37
2016.06.08 16:49:57.429,1.45457,1.45467,1.12,1.00
2016.06.08 16:49:57.973,1.45457,1.45468,1.87,3.28
2016.06.08 16:49:58.200,1.45458,1.45468,2.25,1.12
2016.06.08 16:49:58.353,1.45459,1.4547,1.50,1.00
2016.06.08 16:49:58.455,1.45463,1.45472,1.00,2.02
2016.06.08 16:49:58.912,1.45462,1.45473,1.12,1.95
2016.06.08 16:49:59.268,1.45462,1.45473,2.25,1.20
2016.06.08 16:49:59.776,1.45464,1.45475,2.70,1.65
2016.06.08 16:49:59.929,1.45467,1.45475,1.00,1.10
2016.06.08 16:50:00.579,1.45464,1.45475,2.25,1.65
2016.06.08 16:50:01.134,1.45464,1.45475,2.25,1.55
2016.06.08 16:50:01.667,1.45464,1.45475,2.25,1.17
2016.06.08 16:50:03.329,1.45466,1.45477,1.57,1.65
2016.06.08 16:50:03.431,1.45468,1.45476,1.12,1.00
2016.06.08 16:50:03.976,1.45467,1.45477,1.87,1.00
2016.06.08 16:50:04.535,1.45467,1.45478,1.87,1.20
2016.06.08 16:50:05.091,1.45468,1.45477,1.50,1.00
2016.06.08 16:50:05.703,1.45467,1.45478,1.87,1.20
2016.06.08 16:50:08.679,1.45467,1.45477,1.12,1.00
2016.06.08 16:50:10.125,1.45467,1.45479,2.62,2.32
2016.06.08 16:50:10.957,1.45468,1.45477,1.50,1.00
2016.06.08 16:50:11.480,1.45468,1.45478,1.50,1.20
2016.06.08 16:50:12.480,1.4547,1.4548,1.50,1.87
2016.06.08 16:50:12.786,1.4547,1.4548,4.12,1.00
2016.06.08 16:50:13.293,1.45471,1.45483,1.75,4.27
2016.06.08 16:50:14.019,1.45472,1.45483,1.87,2.32
2016.06.08 16:50:17.307,1.45472,1.45481,1.12,1.12
2016.06.08 16:50:17.510,1.4547,1.45481,2.62,2.25
2016.06.08 16:50:18.596,1.45469,1.4548,2.62,1.57
2016.06.08 16:50:21.804,1.45469,1.45479,1.10,2.02
2016.06.08 16:50:22.212,1.45468,1.45477,1.20,1.20
2016.06.08 16:50:36.581,1.45468,1.45478,2.32,1.50
2016.06.08 16:50:36.785,1.45468,1.45479,2.32,3.00
2016.06.08 16:50:41.390,1.45467,1.45479,2.02,3.75
2016.06.08 16:50:42.103,1.45467,1.45476,2.02,1.00
2016.06.08 16:50:42.356,1.45465,1.45474,1.27,1.00
2016.06.08 16:50:44.162,1.45465,1.45475,1.15,1.20
2016.06.08 16:50:44.770,1.45465,1.45474,1.15,1.00
2016.06.08 16:50:45.309,1.45465,1.45475,1.15,1.20
2016.06.08 16:50:47.916,1.45467,1.45476,1.00,1.50
2016.06.08 16:50:50.099,1.45467,1.45476,1.95,1.10
2016.06.08 16:50:50.613,1.45467,1.45477,2.77,1.57
2016.06.08 16:50:54.911,1.45466,1.45477,1.20,1.47
2016.06.08 16:50:55.212,1.45464,1.45476,2.02,2.55
2016.06.08 16:50:56.704,1.45464,1.45475,1.17,1.20
2016.06.08 16:51:00.426,1.45462,1.45473,2.70,1.12
2016.06.08 16:51:00.932,1.45463,1.45471,1.45,1.00
2016.06.08 16:51:05.690,1.45462,1.45472,1.57,1.10
2016.06.08 16:51:08.253,1.45462,1.45471,1.57,1.00
2016.06.08 16:51:09.818,1.45462,1.45472,1.57,1.10
2016.06.08 16:51:20.933,1.45462,1.45471,3.07,1.00
2016.06.08 16:51:22.374,1.45462,1.45473,3.45,1.50
2016.06.08 16:51:22.881,1.45463,1.45473,2.70,1.00
2016.06.08 16:51:31.720,1.45464,1.45472,1.27,1.00
2016.06.08 16:51:59.389,1.45463,1.45467,1.87,1.00
2016.06.08 16:51:59.490,1.4546,1.45466,1.37,1.00
2016.06.08 16:51:59.542,1.45458,1.45464,2.25,1.00
2016.06.08 16:51:59.593,1.45456,1.45464,1.20,1.00
2016.06.08 16:52:00.099,1.45455,1.45463,1.50,1.00
2016.06.08 16:52:00.581,1.45457,1.45466,1.27,1.00
2016.06.08 16:52:01.089,1.45458,1.45467,1.10,1.10
2016.06.08 16:52:01.773,1.45458,1.45467,1.17,1.00
2016.06.08 16:52:02.534,1.45458,1.45466,1.17,1.00
2016.06.08 16:52:02.788,1.45456,1.45464,3.45,1.00
2016.06.08 16:52:03.326,1.45456,1.45465,1.20,1.10
2016.06.08 16:52:03.856,1.45456,1.45464,1.20,1.00
2016.06.08 16:52:04.469,1.45456,1.45465,1.57,1.10
2016.06.08 16:52:05.642,1.45459,1.45467,1.12,1.47
2016.06.08 16:52:05.744,1.45459,1.45468,1.57,1.12
2016.06.08 16:52:06.353,1.45459,1.45468,1.27,1.00
2016.06.08 16:52:12.487,1.45458,1.45467,3.07,1.00
2016.06.08 16:52:14.458,1.45459,1.45468,1.55,1.00
2016.06.08 16:52:15.214,1.45458,1.45468,1.15,1.20
2016.06.08 16:52:16.591,1.45458,1.45468,2.70,1.10
2016.06.08 16:52:19.501,1.4546,1.45467,1.07,1.00
2016.06.08 16:52:20.300,1.4546,1.45469,1.07,1.12
2016.06.08 16:52:20.505,1.45465,1.45474,2.02,2.14
2016.06.08 16:52:20.709,1.45466,1.45474,1.07,1.25
2016.06.08 16:52:21.632,1.45465,1.45473,2.32,1.00
2016.06.08 16:52:21.792,1.45462,1.4547,1.76,1.00
2016.06.08 16:52:21.945,1.4546,1.45469,1.95,1.00
2016.06.08 16:52:22.492,1.4546,1.4547,1.55,1.00
2016.06.08 16:52:23.046,1.4546,1.4547,1.10,1.20
2016.06.08 16:52:25.978,1.45461,1.4547,1.00,1.20
2016.06.08 16:52:27.682,1.45459,1.45469,3.13,1.10
2016.06.08 16:52:28.146,1.45463,1.45469,1.00,1.00
2016.06.08 16:52:28.234,1.45464,1.45474,1.65,2.25
2016.06.08 16:52:29.110,1.45463,1.45471,1.50,1.00
2016.06.08 16:52:29.617,1.45462,1.45471,1.07,1.10
2016.06.08 16:52:30.531,1.45461,1.4547,3.82,1.00
2016.06.08 16:52:31.171,1.45461,1.45471,3.45,1.10
2016.06.08 16:52:40.038,1.45463,1.45473,2.77,1.37
2016.06.08 16:52:40.089,1.45464,1.45473,1.20,1.00
2016.06.08 16:52:40.293,1.45465,1.45473,2.40,1.00
2016.06.08 16:52:40.584,1.45465,1.45475,2.40,1.00
2016.06.08 16:52:42.405,1.45466,1.45474,1.10,1.00
2016.06.08 16:52:43.115,1.45466,1.45475,1.10,1.00
2016.06.08 16:52:46.252,1.45466,1.45473,1.10,1.00
2016.06.08 16:52:46.559,1.45462,1.45471,3.07,1.00
2016.06.08 16:52:47.569,1.45462,1.45471,1.65,1.00
2016.06.08 16:52:51.256,1.45462,1.4547,1.65,1.00
2016.06.08 16:52:51.774,1.45462,1.45471,1.57,1.10
2016.06.08 16:52:52.313,1.45462,1.4547,1.57,1.00
2016.06.08 16:52:52.755,1.45462,1.45466,1.07,1.00
2016.06.08 16:52:52.960,1.45457,1.45464,1.95,1.00
2016.06.08 16:52:53.062,1.45457,1.45464,1.27,1.00
2016.06.08 16:52:53.587,1.45459,1.4547,3.37,1.95
2016.06.08 16:52:53.689,1.45461,1.45471,1.87,1.65
2016.06.08 16:52:53.945,1.45462,1.45472,1.10,1.57
2016.06.08 16:52:54.667,1.45462,1.45471,1.10,1.00
2016.06.08 16:52:55.697,1.45461,1.45471,3.15,1.00
2016.06.08 16:52:56.456,1.45461,1.4547,3.52,1.00
2016.06.08 16:52:56.951,1.45461,1.45468,2.02,1.00
2016.06.08 16:52:57.104,1.45459,1.45468,1.82,1.00
2016.06.08 16:53:02.926,1.45459,1.45465,1.45,1.00
2016.06.08 16:53:03.281,1.45457,1.45466,1.57,1.00
2016.06.08 16:53:05.386,1.45456,1.45465,3.26,1.00
2016.06.08 16:53:08.352,1.45456,1.45466,3.26,1.12
2016.06.08 16:53:15.040,1.45457,1.45467,1.57,1.10
2016.06.08 16:53:18.823,1.45456,1.45465,5.77,1.00
2016.06.08 16:53:19.299,1.45456,1.45459,4.50,1.87
2016.06.08 16:53:19.351,1.45445,1.45451,1.09,1.00
2016.06.08 16:53:19.860,1.45445,1.45452,1.20,1.00
2016.06.08 16:53:20.369,1.45444,1.45453,1.65,1.00
2016.06.08 16:53:20.905,1.45444,1.45452,1.65,1.00
2016.06.08 16:53:21.109,1.45445,1.45454,1.57,1.00
2016.06.08 16:53:21.668,1.45446,1.45453,1.20,1.00
2016.06.08 16:53:27.547,1.45444,1.45452,1.57,1.00
2016.06.08 16:53:28.054,1.45445,1.45452,1.10,1.00
2016.06.08 16:53:32.929,1.45443,1.45453,1.95,1.00
2016.06.08 16:53:33.335,1.45443,1.45451,1.95,1.00
2016.06.08 16:53:34.108,1.45442,1.4545,2.25,1.00
2016.06.08 16:53:34.412,1.45442,1.45446,1.50,1.00
2016.06.08 16:53:34.514,1.4544,1.45445,1.00,1.00
2016.06.08 16:53:34.667,1.45436,1.45445,2.02,1.00
2016.06.08 16:53:35.202,1.45436,1.45444,1.52,1.00
2016.06.08 16:53:36.735,1.45435,1.45444,1.12,1.76
2016.06.08 16:53:37.064,1.45432,1.4544,1.01,1.00
2016.06.08 16:53:39.230,1.45432,1.45441,2.51,1.00
2016.06.08 16:53:41.005,1.45432,1.45442,1.76,1.00
2016.06.08 16:53:42.329,1.45434,1.45442,1.37,1.00
2016.06.08 16:53:42.942,1.45434,1.45442,1.00,1.00
2016.06.08 16:53:43.449,1.45434,1.45443,1.00,1.10
2016.06.08 16:53:43.956,1.45434,1.45442,1.50,1.00
2016.06.08 16:53:44.466,1.45436,1.45445,2.25,1.50
2016.06.08 16:53:44.518,1.45438,1.45446,1.20,1.00
2016.06.08 16:53:44.874,1.45438,1.45445,1.95,1.00
2016.06.08 16:53:45.078,1.45438,1.45447,1.95,1.00
2016.06.08 16:53:49.024,1.45439,1.4545,1.17,1.57
2016.06.08 16:53:49.584,1.45439,1.45447,2.77,1.00
2016.06.08 16:53:50.091,1.4544,1.45449,1.10,1.17
2016.06.08 16:53:50.599,1.45444,1.45451,1.00,1.12
2016.06.08 16:53:50.702,1.45444,1.45452,1.00,1.50
2016.06.08 16:53:51.208,1.45443,1.45453,1.10,1.57
2016.06.08 16:53:52.531,1.4544,1.45451,3.07,1.27
2016.06.08 16:53:53.050,1.4544,1.45449,1.00,1.10
2016.06.08 16:54:00.569,1.45441,1.4545,1.00,1.20
2016.06.08 16:54:01.452,1.45442,1.45452,1.87,1.57
2016.06.08 16:54:01.605,1.45442,1.45453,1.87,1.65
2016.06.08 16:54:01.707,1.45444,1.45453,1.00,1.65
2016.06.08 16:54:05.967,1.45443,1.45454,1.87,2.25
2016.06.08 16:54:06.632,1.45443,1.45454,2.77,1.65
2016.06.08 16:54:13.021,1.45445,1.45454,1.00,1.17
2016.06.08 16:54:20.326,1.45446,1.45455,1.00,1.95
2016.06.08 16:54:22.733,1.45445,1.45455,1.00,1.20
2016.06.08 16:54:22.937,1.45446,1.45455,1.00,1.57
2016.06.08 16:54:28.891,1.45446,1.45455,1.00,1.17
2016.06.08 16:54:29.397,1.45446,1.45455,1.00,1.20
2016.06.08 16:54:32.822,1.45446,1.45455,1.20,1.57
2016.06.08 16:54:34.502,1.45444,1.45453,3.75,1.54
2016.06.08 16:54:34.807,1.45442,1.45451,1.10,1.12
2016.06.08 16:54:34.908,1.45442,1.45452,1.65,1.87
2016.06.08 16:54:37.729,1.45441,1.45449,1.50,1.00
2016.06.08 16:54:37.883,1.45441,1.45447,1.12,1.00
2016.06.08 16:54:37.985,1.45436,1.45443,2.25,1.37
2016.06.08 16:54:38.087,1.45436,1.45437,1.00,1.00
2016.06.08 16:54:38.291,1.45427,1.45432,1.12,1.57
2016.06.08 16:54:38.779,1.45424,1.45431,1.56,1.87
2016.06.08 16:54:38.881,1.45422,1.45431,1.29,1.75
2016.06.08 16:54:39.389,1.45421,1.45429,2.44,1.10
2016.06.08 16:54:39.441,1.4542,1.45427,1.75,1.00
2016.06.08 16:54:39.543,1.45416,1.45425,5.25,1.00
2016.06.08 16:54:39.645,1.45415,1.45424,1.87,1.20
2016.06.08 16:54:39.747,1.45415,1.45424,1.10,1.20
2016.06.08 16:54:40.885,1.45413,1.45422,1.47,1.00
2016.06.08 16:54:41.578,1.45413,1.45422,1.20,1.10
2016.06.08 16:54:42.052,1.45412,1.45419,1.50,1.00
2016.06.08 16:54:42.307,1.45408,1.45414,1.00,1.01
2016.06.08 16:54:42.358,1.45405,1.45415,1.57,1.76
2016.06.08 16:54:42.882,1.45403,1.45414,3.37,1.76
2016.06.08 16:54:43.637,1.45403,1.45413,2.62,1.95
2016.06.08 16:54:45.397,1.45402,1.45412,2.44,1.07
2016.06.08 16:54:47.917,1.45402,1.45412,2.00,1.07
2016.06.08 16:54:48.451,1.45401,1.45408,1.50,1.00
2016.06.08 16:54:48.993,1.45397,1.45399,1.37,1.00
2016.06.08 16:54:49.045,1.4537,1.45384,3.00,1.37
2016.06.08 16:54:49.148,1.45376,1.45383,1.00,1.12
2016.06.08 16:54:49.455,1.45375,1.45382,1.00,1.12
2016.06.08 16:54:49.558,1.45376,1.45383,1.00,1.47
2016.06.08 16:54:50.065,1.45375,1.45383,1.12,1.47
2016.06.08 16:54:50.724,1.45373,1.45384,4.15,1.12
2016.06.08 16:54:50.827,1.45376,1.45384,1.00,1.12
2016.06.08 16:54:51.043,1.45374,1.45384,1.12,1.12
2016.06.08 16:54:51.365,1.45369,1.45378,1.00,2.62
2016.06.08 16:54:51.468,1.45367,1.45375,1.10,1.10
2016.06.08 16:54:51.572,1.4537,1.45378,1.00,2.06
2016.06.08 16:54:51.726,1.4537,1.4538,1.69,1.87
2016.06.08 16:54:51.778,1.4537,1.4538,2.14,1.47
2016.06.08 16:54:52.315,1.45371,1.45382,1.50,2.06
2016.06.08 16:54:53.656,1.45376,1.45382,1.00,1.31
2016.06.08 16:54:53.859,1.45381,1.45385,1.12,1.00
2016.06.08 16:54:53.961,1.45381,1.45386,2.25,1.00
2016.06.08 16:54:54.063,1.45381,1.45391,2.44,1.50
2016.06.08 16:54:54.784,1.45378,1.45387,3.75,1.10
2016.06.08 16:54:54.835,1.45376,1.45387,1.07,1.45
2016.06.08 16:54:54.887,1.45374,1.45387,1.87,2.62
2016.06.08 16:54:55.200,1.45374,1.45385,1.07,1.12
2016.06.08 16:54:55.251,1.45373,1.45386,2.62,1.87
2016.06.08 16:54:55.609,1.45374,1.45386,4.65,1.87
2016.06.08 16:54:55.913,1.4538,1.45389,2.17,1.19
2016.06.08 16:54:55.964,1.45381,1.4539,1.01,1.00
2016.06.08 16:54:56.259,1.4538,1.45392,1.64,1.50
2016.06.08 16:54:56.868,1.45381,1.45391,1.57,1.00
2016.06.08 16:54:57.020,1.4538,1.45391,1.20,1.12
2016.06.08 16:54:59.015,1.45378,1.45389,1.57,1.12
2016.06.08 16:54:59.329,1.45377,1.45389,3.37,1.20
2016.06.08 16:54:59.641,1.45378,1.45389,2.62,1.20
2016.06.08 16:55:00.190,1.4538,1.45391,1.47,1.12
2016.06.08 16:55:00.970,1.45382,1.45391,1.00,1.12
2016.06.08 16:55:01.506,1.45383,1.45392,1.00,1.75
2016.06.08 16:55:01.812,1.45386,1.45392,1.00,1.12
2016.06.08 16:55:03.998,1.45385,1.45394,1.00,1.50
2016.06.08 16:55:04.049,1.45385,1.45394,1.12,1.12
2016.06.08 16:55:04.557,1.45383,1.45394,2.32,1.12
2016.06.08 16:55:05.058,1.4538,1.45393,1.07,1.87
2016.06.08 16:55:05.160,1.45379,1.4539,2.62,1.07
2016.06.08 16:55:05.938,1.4538,1.45392,3.83,2.25
2016.06.08 16:55:07.167,1.4538,1.45391,1.45,1.12
2016.06.08 16:55:08.015,1.45381,1.45392,2.33,1.10
2016.06.08 16:55:08.771,1.45381,1.45392,1.95,1.57
2016.06.08 16:55:09.310,1.4538,1.45392,1.95,1.10
2016.06.08 16:55:10.174,1.4538,1.45392,1.20,1.20
2016.06.08 16:55:10.276,1.45381,1.45393,1.20,1.87
2016.06.08 16:55:10.819,1.45381,1.45392,1.58,1.87
2016.06.08 16:55:10.870,1.4538,1.45391,1.76,1.50
2016.06.08 16:55:11.023,1.45378,1.45389,1.20,1.47
2016.06.08 16:55:11.125,1.45376,1.45389,2.70,3.07
2016.06.08 16:55:11.176,1.45376,1.45386,2.25,1.12
2016.06.08 16:55:11.330,1.45373,1.45384,1.50,1.57
2016.06.08 16:55:11.831,1.45371,1.45383,2.32,1.10
2016.06.08 16:55:15.170,1.45375,1.45383,1.00,1.10
2016.06.08 16:55:16.622,1.45374,1.45383,1.00,1.00
2016.06.08 16:55:16.971,1.45376,1.45384,1.00,1.10
2016.06.08 16:55:17.073,1.45373,1.45384,1.50,1.10
2016.06.08 16:55:17.175,1.45373,1.45382,1.00,1.00
2016.06.08 16:55:17.481,1.45368,1.4538,2.62,1.07
2016.06.08 16:55:17.583,1.45366,1.4538,3.19,1.57
2016.06.08 16:55:18.384,1.45371,1.45381,1.10,1.87
2016.06.08 16:55:18.792,1.45371,1.45381,1.85,1.87
2016.06.08 16:55:19.299,1.4537,1.45381,1.95,1.12
2016.06.08 16:55:19.934,1.45373,1.45382,1.50,1.12
2016.06.08 16:55:21.882,1.45373,1.45377,1.00,1.00
2016.06.08 16:55:22.087,1.45365,1.45375,1.10,1.10
2016.06.08 16:55:22.445,1.45366,1.45378,1.12,1.50
2016.06.08 16:55:22.964,1.45366,1.45379,1.12,1.75
2016.06.08 16:55:24.415,1.45369,1.45379,1.00,1.75
2016.06.08 16:55:24.928,1.45367,1.45379,2.62,1.12
2016.06.08 16:55:25.081,1.45368,1.4538,1.12,1.20
2016.06.08 16:55:26.657,1.45369,1.45381,1.75,1.87
2016.06.08 16:55:26.962,1.45372,1.45383,1.95,1.87
2016.06.08 16:55:27.469,1.45372,1.45382,1.50,1.12
2016.06.08 16:55:29.660,1.45372,1.45382,2.32,1.20
2016.06.08 16:55:32.464,1.45371,1.45382,1.95,1.50
2016.06.08 16:55:39.117,1.4537,1.45378,1.12,1.00
2016.06.08 16:55:39.269,1.45367,1.45376,1.20,1.00
2016.06.08 16:55:39.423,1.45364,1.45373,2.25,1.00
2016.06.08 16:55:39.474,1.45364,1.45373,1.87,1.00
2016.06.08 16:55:39.998,1.45364,1.45372,1.10,1.00
2016.06.08 16:55:40.051,1.45363,1.45374,1.12,1.95
2016.06.08 16:55:40.559,1.45362,1.45373,1.57,1.00
2016.06.08 16:55:40.661,1.45366,1.45375,1.00,2.62
2016.06.08 16:55:41.172,1.45367,1.45375,1.00,1.12
2016.06.08 16:55:43.121,1.45365,1.45376,1.00,1.95
2016.06.08 16:55:43.402,1.45365,1.45373,1.00,1.50
2016.06.08 16:55:43.930,1.45365,1.45373,1.00,1.00
2016.06.08 16:55:44.336,1.45363,1.4537,1.12,1.00
2016.06.08 16:55:44.489,1.45358,1.45368,1.75,2.62
2016.06.08 16:55:44.540,1.45356,1.45367,1.20,1.07
2016.06.08 16:55:44.693,1.45355,1.45367,1.20,1.27
2016.06.08 16:55:45.198,1.45356,1.45367,1.00,1.65
2016.06.08 16:55:45.708,1.45357,1.45367,1.00,1.65
2016.06.08 16:55:46.554,1.45357,1.45368,1.10,1.65
2016.06.08 16:55:48.817,1.45358,1.45369,1.00,2.70
2016.06.08 16:55:49.324,1.45357,1.45368,1.10,1.10
2016.06.08 16:55:50.567,1.45358,1.45369,1.00,1.57
2016.06.08 16:55:51.092,1.45358,1.45368,1.20,1.10
2016.06.08 16:55:54.291,1.45361,1.4537,1.00,3.75
2016.06.08 16:55:54.696,1.45359,1.4537,1.10,3.37
2016.06.08 16:55:54.747,1.45361,1.45368,1.00,1.10
2016.06.08 16:55:54.848,1.45359,1.45369,1.10,1.20
2016.06.08 16:55:55.677,1.45361,1.45369,1.00,1.20
2016.06.08 16:55:56.083,1.45359,1.4537,1.10,3.75
2016.06.08 16:55:58.286,1.45361,1.45369,1.00,2.70
2016.06.08 16:55:58.837,1.4536,1.45369,1.00,1.20
2016.06.08 16:55:59.383,1.45361,1.45369,1.00,1.20
2016.06.08 16:56:00.420,1.45366,1.4537,1.00,2.25
2016.06.08 16:56:00.472,1.45366,1.4537,1.00,1.00
2016.06.08 16:56:00.523,1.45364,1.45372,1.12,1.25
2016.06.08 16:56:02.075,1.45367,1.45375,1.00,3.00
2016.06.08 16:56:02.379,1.45374,1.45377,1.20,1.00
2016.06.08 16:56:02.431,1.45375,1.45382,1.10,1.12
2016.06.08 16:56:03.111,1.45374,1.45384,1.20,1.31
2016.06.08 16:56:04.124,1.45374,1.45385,1.20,2.92
2016.06.08 16:56:05.236,1.45372,1.45382,1.57,1.37
2016.06.08 16:56:05.287,1.45372,1.45382,1.10,1.50
2016.06.08 16:56:05.922,1.45368,1.45379,1.87,1.20
2016.06.08 16:56:06.229,1.45368,1.45378,1.20,1.75
2016.06.08 16:56:07.362,1.45367,1.45377,1.50,1.12
2016.06.08 16:56:12.764,1.45369,1.45377,1.00,1.50
2016.06.08 16:56:12.967,1.45369,1.45378,1.00,3.00
2016.06.08 16:56:13.474,1.4537,1.45378,1.00,2.25
2016.06.08 16:56:14.028,1.45368,1.45378,1.20,1.75
2016.06.08 16:56:17.819,1.45373,1.45379,1.07,1.50
2016.06.08 16:56:17.971,1.45369,1.45376,1.00,1.57
2016.06.08 16:56:18.073,1.45364,1.45375,2.25,2.32
2016.06.08 16:56:18.429,1.45365,1.45374,1.10,1.37
2016.06.08 16:56:25.002,1.45366,1.45373,1.00,1.07
2016.06.08 16:56:30.100,1.45365,1.45374,1.00,1.50
2016.06.08 16:56:31.559,1.45364,1.45374,1.10,1.20
2016.06.08 16:56:33.512,1.45365,1.45375,1.00,4.87
2016.06.08 16:56:35.571,1.45366,1.45375,1.00,5.25
2016.06.08 16:56:36.125,1.45365,1.45376,2.32,3.07
2016.06.08 16:56:36.768,1.45365,1.45373,1.57,1.00
2016.06.08 16:56:36.920,1.45363,1.45373,1.15,1.00
2016.06.08 16:56:37.431,1.45363,1.45373,1.20,2.32
2016.06.08 16:56:39.937,1.45363,1.4537,1.20,1.00
2016.06.08 16:56:39.989,1.4536,1.45369,1.12,1.12
2016.06.08 16:56:42.726,1.45359,1.4537,1.95,1.87
2016.06.08 16:56:42.778,1.45361,1.4537,1.00,1.87
2016.06.08 16:56:42.931,1.4536,1.4537,1.10,1.10
2016.06.08 16:56:43.786,1.4536,1.4537,1.33,1.10
2016.06.08 16:56:44.564,1.4536,1.45369,1.10,1.00
2016.06.08 16:56:45.468,1.4536,1.4537,1.10,1.20
2016.06.08 16:56:45.824,1.45362,1.45371,1.00,2.77
2016.06.08 16:56:46.636,1.45363,1.45371,1.00,2.02
2016.06.08 16:56:46.941,1.45367,1.45371,1.10,1.00
2016.06.08 16:56:47.094,1.45367,1.45373,1.10,1.00
2016.06.08 16:56:47.515,1.45367,1.45376,1.07,1.20
2016.06.08 16:56:50.453,1.45367,1.45376,1.10,1.07
2016.06.08 16:56:51.267,1.4537,1.45377,1.00,1.07
2016.06.08 16:56:51.318,1.4537,1.45378,1.00,1.17
2016.06.08 16:56:51.701,1.45371,1.4538,1.00,1.65
2016.06.08 16:56:54.431,1.4537,1.4538,1.27,1.20
2016.06.08 16:56:54.827,1.45368,1.45378,1.00,2.32
2016.06.08 16:56:55.359,1.45367,1.45377,1.27,1.65
2016.06.08 16:56:55.664,1.45369,1.45378,1.00,1.15
2016.06.08 16:56:57.174,1.45368,1.45378,1.00,2.77
2016.06.08 16:56:57.743,1.45367,1.45377,1.27,1.27
2016.06.08 16:56:58.223,1.45369,1.45378,1.00,2.02
2016.06.08 16:56:58.731,1.4537,1.45379,1.10,2.40
2016.06.08 16:56:59.344,1.4537,1.45379,1.10,3.15
2016.06.08 16:57:04.648,1.4537,1.4538,1.07,1.65
2016.06.08 16:57:05.328,1.45382,1.45385,1.45,1.00
2016.06.08 16:57:05.380,1.45386,1.45392,1.00,1.00
2016.06.08 16:57:05.542,1.45386,1.45395,1.00,1.20
2016.06.08 16:57:05.847,1.45386,1.45392,1.00,1.19
2016.06.08 16:57:06.153,1.45385,1.45387,1.10,1.00
2016.06.08 16:57:06.255,1.45385,1.45392,1.10,1.69
2016.06.08 16:57:06.306,1.45386,1.45392,1.00,1.00
2016.06.08 16:57:06.533,1.45386,1.45395,1.00,1.39
2016.06.08 16:57:08.308,1.45386,1.45396,1.00,2.40
2016.06.08 16:57:09.069,1.45386,1.45395,1.00,1.20
2016.06.08 16:57:13.367,1.45384,1.45391,1.00,1.00
2016.06.08 16:57:13.570,1.45378,1.45388,1.12,3.00
2016.06.08 16:57:13.976,1.45376,1.45387,1.20,2.40
2016.06.08 16:57:16.034,1.45377,1.45386,1.00,1.10
2016.06.08 16:57:16.441,1.45374,1.45383,1.27,1.00
2016.06.08 16:57:16.837,1.45374,1.45385,1.00,4.87
2016.06.08 16:57:19.193,1.45374,1.45384,1.00,1.45
2016.06.08 16:57:19.724,1.45375,1.45385,1.12,4.57
2016.06.08 16:57:20.754,1.45374,1.45385,1.37,3.07
2016.06.08 16:57:20.856,1.45373,1.45382,1.00,1.47
2016.06.08 16:57:21.414,1.45371,1.45381,1.37,1.20
2016.06.08 16:57:21.465,1.45372,1.45381,1.12,1.95
2016.06.08 16:57:22.258,1.45367,1.45375,3.07,1.87
2016.06.08 16:57:22.360,1.45365,1.45374,3.07,1.12
2016.06.08 16:57:22.834,1.45365,1.45374,1.00,1.20
2016.06.08 16:57:25.219,1.45366,1.45376,1.00,1.57
2016.06.08 16:57:25.271,1.45368,1.45376,1.00,1.12
2016.06.08 16:57:25.911,1.45369,1.45379,1.00,3.37
2016.06.08 16:57:26.370,1.45369,1.45378,1.00,1.20
2016.06.08 16:57:28.606,1.45367,1.45378,1.07,1.20
2016.06.08 16:57:31.908,1.45367,1.45378,1.07,1.57
2016.06.08 16:57:36.956,1.45367,1.45377,1.57,1.95
2016.06.08 16:57:37.901,1.45366,1.45377,1.20,1.57
2016.06.08 16:57:40.459,1.45366,1.45374,2.32,1.00
2016.06.08 16:57:40.967,1.45366,1.45377,1.57,3.07
2016.06.08 16:57:41.657,1.45366,1.45377,1.50,3.82
2016.06.08 16:57:42.921,1.45366,1.45377,1.00,3.45
2016.06.08 16:57:43.503,1.45365,1.45376,1.57,1.00
2016.06.08 16:57:47.350,1.45366,1.45377,1.00,2.32
2016.06.08 16:57:47.679,1.45368,1.45377,1.00,2.32
2016.06.08 16:57:48.895,1.45368,1.45377,1.00,1.12
2016.06.08 16:57:49.404,1.45367,1.45377,1.12,1.00
2016.06.08 16:57:52.225,1.45367,1.45376,1.00,1.00
2016.06.08 16:57:55.099,1.45368,1.45376,1.00,1.00
2016.06.08 16:57:55.200,1.45369,1.45379,1.00,2.70
2016.06.08 16:57:57.727,1.45368,1.45378,2.32,1.20
2016.06.08 16:57:58.032,1.45368,1.45375,1.57,1.00
2016.06.08 16:57:58.338,1.45363,1.45373,4.50,1.00
2016.06.08 16:57:58.846,1.45364,1.45374,1.50,3.19
2016.06.08 16:57:59.357,1.45363,1.45374,1.95,2.06
2016.06.08 16:57:59.916,1.45365,1.45374,1.00,1.25
2016.06.08 16:58:00.419,1.45364,1.45373,1.10,1.00
2016.06.08 16:58:01.323,1.45363,1.45375,1.57,3.94
2016.06.08 16:58:01.880,1.45366,1.45375,1.00,2.81
2016.06.08 16:58:02.231,1.45367,1.45376,1.87,1.00
2016.06.08 16:58:02.435,1.45365,1.45376,6.00,1.00
2016.06.08 16:58:02.486,1.45365,1.45375,2.25,1.37
2016.06.08 16:58:02.997,1.45364,1.45375,2.25,2.81
2016.06.08 16:58:03.647,1.45364,1.45375,1.20,5.06
2016.06.08 16:58:05.874,1.45366,1.45375,1.00,1.56
2016.06.08 16:58:06.026,1.45369,1.45376,1.00,1.50
2016.06.08 16:58:06.520,1.45376,1.45378,1.00,1.37
2016.06.08 16:58:06.581,1.45376,1.45384,1.00,1.10
2016.06.08 16:58:07.242,1.45375,1.45385,1.50,2.77
2016.06.08 16:58:08.072,1.45375,1.45384,2.25,1.20
2016.06.08 16:58:09.737,1.45375,1.45384,1.00,1.20
2016.06.08 16:58:10.142,1.45376,1.45386,1.00,1.00
2016.06.08 16:58:10.497,1.45379,1.45388,1.00,1.95
2016.06.08 16:58:10.548,1.45376,1.45385,3.07,1.00
2016.06.08 16:58:10.700,1.45374,1.45385,2.32,2.44
2016.06.08 16:58:10.904,1.45374,1.45384,1.10,1.31
2016.06.08 16:58:11.495,1.45376,1.45384,1.00,1.19
2016.06.08 16:58:11.598,1.45374,1.45384,1.10,1.19
2016.06.08 16:58:11.649,1.45374,1.45384,1.45,1.69
2016.06.08 16:58:11.903,1.45374,1.45384,1.10,1.56
2016.06.08 16:58:17.929,1.45375,1.45384,1.00,2.51
2016.06.08 16:58:17.980,1.45375,1.45385,1.00,1.87
2016.06.08 16:58:18.403,1.45377,1.45385,1.00,1.00
2016.06.08 16:58:18.917,1.45377,1.45387,1.00,3.07
2016.06.08 16:58:20.122,1.45375,1.45385,1.20,1.50
2016.06.08 16:58:20.224,1.45374,1.45384,1.46,1.37
2016.06.08 16:58:20.730,1.45373,1.45384,1.95,1.69
2016.06.08 16:58:25.324,1.45373,1.45384,2.62,3.26
2016.06.08 16:58:25.857,1.45373,1.45383,1.87,1.62
2016.06.08 16:58:29.439,1.45373,1.45382,1.87,1.12
2016.06.08 16:58:30.249,1.45374,1.45384,1.20,1.66
2016.06.08 16:58:30.785,1.45374,1.45383,1.20,3.00
2016.06.08 16:58:31.513,1.45375,1.45383,1.00,2.25
2016.06.08 16:58:32.349,1.45374,1.45383,1.20,3.00
2016.06.08 16:58:33.739,1.45374,1.45382,1.57,1.00
2016.06.08 16:58:35.628,1.45373,1.45383,2.14,1.95
2016.06.08 16:58:39.302,1.45373,1.45382,2.14,1.00
2016.06.08 16:58:40.015,1.45373,1.45383,2.14,1.20
2016.06.08 16:58:46.485,1.45373,1.45382,2.14,1.00
2016.06.08 16:58:50.807,1.45373,1.45383,2.14,2.70
2016.06.08 16:58:51.114,1.45373,1.45381,2.14,1.00
2016.06.08 16:58:51.615,1.45373,1.45381,2.14,1.50
2016.06.08 16:58:53.170,1.45373,1.4538,2.13,1.00
2016.06.08 16:58:53.678,1.45373,1.45381,2.13,1.00
2016.06.08 16:58:54.833,1.45373,1.45383,2.14,3.07
2016.06.08 16:58:55.390,1.45374,1.4538,1.01,1.00
2016.06.08 16:58:55.898,1.45373,1.4538,2.14,1.00
2016.06.08 16:58:59.196,1.45374,1.4538,1.01,1.00
2016.06.08 16:58:59.698,1.45373,1.4538,2.14,1.00
2016.06.08 16:59:00.172,1.45372,1.45377,2.25,1.12
2016.06.08 16:59:00.326,1.45369,1.45376,1.00,1.57
2016.06.08 16:59:00.377,1.45369,1.45376,1.00,2.25
2016.06.08 16:59:00.683,1.45361,1.45366,1.00,1.10
2016.06.08 16:59:00.734,1.45361,1.45366,7.68,1.40
2016.06.08 16:59:00.836,1.45361,1.45365,1.00,1.87
2016.06.08 16:59:01.136,1.45357,1.45366,1.01,1.95
2016.06.08 16:59:07.875,1.45355,1.45366,1.95,1.20
2016.06.08 16:59:08.870,1.45358,1.45367,1.10,1.12
2016.06.08 16:59:09.426,1.45358,1.45367,1.10,1.00
2016.06.08 16:59:10.379,1.45357,1.45366,1.20,1.00
2016.06.08 16:59:10.635,1.45358,1.45367,1.39,1.00
2016.06.08 16:59:11.143,1.45357,1.45367,1.87,1.00
2016.06.08 16:59:11.597,1.45357,1.45365,2.25,1.00
2016.06.08 16:59:11.751,1.45355,1.45365,3.37,1.00
2016.06.08 16:59:16.590,1.45355,1.45365,1.57,1.57
2016.06.08 16:59:18.833,1.45355,1.45363,1.95,1.00
2016.06.08 16:59:19.695,1.45355,1.45364,1.47,1.00
2016.06.08 16:59:19.999,1.45354,1.45364,1.87,1.87
2016.06.08 16:59:22.048,1.45351,1.45357,1.00,2.25
2016.06.08 16:59:22.150,1.45349,1.45356,1.12,1.87
2016.06.08 16:59:22.304,1.45346,1.45356,2.81,1.87
2016.06.08 16:59:22.813,1.45347,1.45355,1.31,1.60
2016.06.08 16:59:23.066,1.45347,1.45358,1.31,2.62
2016.06.08 16:59:23.628,1.45346,1.45357,5.81,1.75
2016.06.08 16:59:24.139,1.45349,1.45357,1.00,1.50
2016.06.08 16:59:24.978,1.45348,1.45357,1.00,1.50
2016.06.08 16:59:29.147,1.45351,1.45357,1.00,1.50
2016.06.08 16:59:29.249,1.45348,1.45356,1.00,1.20
2016.06.08 16:59:29.554,1.45346,1.45355,1.12,1.10
2016.06.08 16:59:30.076,1.45348,1.45357,1.00,2.25
2016.06.08 16:59:30.584,1.4535,1.45358,1.00,1.50
2016.06.08 16:59:31.136,1.4535,1.45359,1.00,1.75
2016.06.08 16:59:31.643,1.45348,1.45356,1.87,1.10
2016.06.08 16:59:32.175,1.45348,1.45357,1.10,1.47
2016.06.08 16:59:37.244,1.45348,1.45358,1.95,2.25
2016.06.08 16:59:40.452,1.45349,1.4536,2.17,2.62
2016.06.08 16:59:40.503,1.45351,1.45361,1.00,3.00
2016.06.08 16:59:40.554,1.45352,1.45361,1.00,1.20
2016.06.08 16:59:40.656,1.45354,1.4536,1.00,1.00
2016.06.08 16:59:40.860,1.45354,1.45364,1.00,2.62
2016.06.08 16:59:41.571,1.45354,1.45364,1.10,1.20
2016.06.08 16:59:42.411,1.45353,1.45361,1.20,1.00
2016.06.08 16:59:42.615,1.45351,1.45361,2.25,1.57
2016.06.08 16:59:43.143,1.45352,1.4536,1.10,1.00
2016.06.08 16:59:44.119,1.45351,1.45361,1.20,1.10
2016.06.08 16:59:45.014,1.45351,1.45358,1.20,1.31
2016.06.08 16:59:45.319,1.45342,1.45352,1.00,1.00
2016.06.08 16:59:45.370,1.45344,1.45347,1.00,1.37
2016.06.08 16:59:45.422,1.4534,1.45343,1.00,1.19
2016.06.08 16:59:45.980,1.45341,1.45343,1.00,1.00
2016.06.08 16:59:46.083,1.45337,1.45343,1.12,1.25
2016.06.08 16:59:46.389,1.45333,1.45343,2.62,1.31
2016.06.08 16:59:46.440,1.45337,1.45341,1.00,1.00
2016.06.08 16:59:46.560,1.45337,1.45344,1.25,1.50
2016.06.08 16:59:46.611,1.45339,1.45344,1.00,1.00
2016.06.08 16:59:47.174,1.45336,1.45344,3.00,1.00
2016.06.08 16:59:47.380,1.45334,1.45342,1.07,1.00
2016.06.08 16:59:47.889,1.45333,1.45344,1.39,3.75
2016.06.08 16:59:48.395,1.45333,1.45342,1.01,1.00
2016.06.08 16:59:48.911,1.45332,1.45343,1.12,1.76
2016.06.08 16:59:49.426,1.45332,1.45343,1.87,1.39
2016.06.08 16:59:49.630,1.45335,1.45343,1.00,1.39
2016.06.08 16:59:49.681,1.45332,1.45343,1.87,1.39
2016.06.08 16:59:50.455,1.45336,1.45343,1.00,1.46
2016.06.08 16:59:51.031,1.45332,1.45343,1.50,1.46
2016.06.08 16:59:51.237,1.45334,1.45345,1.00,2.62
2016.06.08 16:59:51.536,1.45335,1.45345,1.50,1.00
2016.06.08 16:59:52.091,1.45336,1.45347,1.12,2.62
2016.06.08 16:59:52.599,1.45335,1.45345,1.12,1.00
2016.06.08 16:59:53.340,1.45335,1.45346,1.12,2.40
2016.06.08 16:59:53.847,1.45335,1.45345,1.12,1.00
2016.06.08 16:59:54.603,1.45338,1.45346,1.00,1.20
2016.06.08 16:59:54.907,1.45329,1.45338,1.00,2.81
2016.06.08 16:59:55.212,1.45327,1.45336,1.00,1.20
2016.06.08 16:59:56.127,1.45324,1.45334,1.87,1.00
2016.06.08 16:59:56.742,1.45324,1.45335,1.50,1.00
2016.06.08 16:59:57.351,1.45324,1.45335,1.87,1.47
2016.06.08 16:59:57.657,1.45328,1.45336,1.00,1.87
2016.06.08 16:59:58.168,1.45327,1.45337,1.12,1.87
2016.06.08 16:59:58.832,1.45333,1.45337,1.00,1.12
2016.06.08 16:59:58.934,1.45337,1.45339,1.00,1.00
2016.06.08 16:59:59.036,1.45338,1.45344,1.00,1.19
2016.06.08 16:59:59.138,1.45337,1.45345,1.00,1.25
2016.06.08 16:59:59.189,1.45339,1.45345,1.00,1.25
2016.06.08 16:59:59.342,1.45339,1.45347,1.00,1.12
2016.06.08 16:59:59.891,1.45338,1.45348,1.00,3.15
