2017.09.28 11:00:00.372,1.34206,1.34209,1.12,1.00
2017.09.28 11:00:00.474,1.34207,1.34213,1.00,1.10
2017.09.28 11:00:00.577,1.34207,1.34215,1.21,2.25
2017.09.28 11:00:00.836,1.34208,1.34213,1.00,1.50
2017.09.28 11:00:01.360,1.34207,1.34212,1.00,1.50
2017.09.28 11:00:02.387,1.34206,1.34212,1.00,1.50
2017.09.28 11:00:02.899,1.34205,1.34212,1.50,1.87
2017.09.28 11:00:04.183,1.34209,1.34215,1.00,2.06
2017.09.28 11:00:04.340,1.3421,1.34216,1.00,1.50
2017.09.28 11:00:06.187,1.3421,1.34217,1.00,1.50
2017.09.28 11:00:14.761,1.3421,1.34217,1.00,3.00
2017.09.28 11:00:16.626,1.3421,1.34217,1.12,1.00
2017.09.28 11:00:16.882,1.3421,1.34211,1.00,1.50
2017.09.28 11:00:16.985,1.34202,1.34211,1.50,1.50
2017.09.28 11:00:17.394,1.34202,1.34209,1.00,1.50
2017.09.28 11:00:17.957,1.34202,1.3421,3.75,1.87
2017.09.28 11:00:18.263,1.34202,1.34207,1.00,1.50
2017.09.28 11:00:18.835,1.34199,1.34204,1.68,1.50
2017.09.28 11:00:18.887,1.34198,1.34202,1.94,1.50
2017.09.28 11:00:19.035,1.34198,1.34207,4.37,2.25
2017.09.28 11:00:20.720,1.34201,1.34207,1.00,1.50
2017.09.28 11:00:21.296,1.34207,1.34211,1.00,2.06
2017.09.28 11:00:21.349,1.3421,1.34213,1.00,1.69
2017.09.28 11:00:21.400,1.34208,1.34213,1.00,1.25
2017.09.28 11:00:21.503,1.34208,1.34214,1.75,1.00
2017.09.28 11:00:21.606,1.34208,1.34214,1.00,1.00
2017.09.28 11:00:22.347,1.34206,1.34214,1.12,1.87
2017.09.28 11:00:22.885,1.34206,1.34213,1.50,1.69
2017.09.28 11:00:24.345,1.34207,1.34213,1.00,1.69
2017.09.28 11:00:25.372,1.34206,1.34209,1.00,2.25
2017.09.28 11:00:25.475,1.34203,1.34208,1.00,1.31
2017.09.28 11:00:25.883,1.34201,1.34209,1.50,1.50
2017.09.28 11:00:28.684,1.34201,1.34208,1.00,1.50
2017.09.28 11:00:33.478,1.34199,1.34204,1.00,1.69
2017.09.28 11:00:33.988,1.342,1.34205,1.00,1.50
2017.09.28 11:00:34.498,1.342,1.34206,1.00,1.50
2017.09.28 11:00:35.046,1.34201,1.34206,1.00,1.50
2017.09.28 11:00:37.344,1.34201,1.34208,1.00,2.06
2017.09.28 11:00:37.396,1.34202,1.3421,1.00,3.64
2017.09.28 11:00:37.448,1.34205,1.34211,1.00,1.47
2017.09.28 11:00:37.500,1.34206,1.34212,1.00,2.81
2017.09.28 11:00:38.163,1.34206,1.34213,1.00,2.25
2017.09.28 11:00:39.007,1.34206,1.34212,1.00,1.50
2017.09.28 11:00:39.553,1.34206,1.34213,1.00,1.00
2017.09.28 11:00:40.106,1.34205,1.34213,1.50,1.00
2017.09.28 11:00:43.020,1.34206,1.34213,1.00,2.44
2017.09.28 11:00:43.326,1.34206,1.34212,1.00,1.88
2017.09.28 11:00:43.847,1.34206,1.34212,1.00,1.50
2017.09.28 11:00:44.354,1.34206,1.34211,1.00,1.50
2017.09.28 11:00:44.665,1.3421,1.34215,1.00,1.50
2017.09.28 11:00:45.178,1.34211,1.34215,1.00,1.50
2017.09.28 11:00:46.486,1.34211,1.34217,1.00,1.50
2017.09.28 11:00:46.990,1.34211,1.34218,1.00,2.62
2017.09.28 11:00:47.093,1.34211,1.34216,1.00,1.50
2017.09.28 11:00:48.278,1.34211,1.34218,1.00,1.87
2017.09.28 11:00:49.401,1.34211,1.34219,1.00,2.89
2017.09.28 11:00:52.303,1.34211,1.34218,1.00,1.00
2017.09.28 11:00:58.354,1.34216,1.34221,1.00,3.00
2017.09.28 11:00:58.558,1.34219,1.34227,1.00,4.31
2017.09.28 11:00:59.359,1.3422,1.34227,1.00,1.50
2017.09.28 11:00:59.892,1.34221,1.34228,1.00,1.69
2017.09.28 11:01:00.425,1.34222,1.34228,1.00,1.25
2017.09.28 11:01:04.289,1.34221,1.34228,1.00,2.63
2017.09.28 11:01:04.783,1.34223,1.3423,1.00,2.06
2017.09.28 11:01:05.090,1.34232,1.34239,1.00,2.06
2017.09.28 11:01:05.193,1.3423,1.34239,1.00,4.12
2017.09.28 11:01:05.397,1.34232,1.34239,1.00,1.88
2017.09.28 11:01:06.333,1.34232,1.34237,1.00,1.00
2017.09.28 11:01:06.838,1.34231,1.34237,1.00,1.00
2017.09.28 11:01:07.339,1.34231,1.34238,1.00,1.25
2017.09.28 11:01:07.976,1.3423,1.34238,1.50,1.50
2017.09.28 11:01:08.283,1.34228,1.34235,1.00,2.25
2017.09.28 11:01:08.604,1.34223,1.3423,1.10,1.50
2017.09.28 11:01:09.122,1.34224,1.3423,1.00,1.25
2017.09.28 11:01:09.996,1.34231,1.34233,1.00,1.00
2017.09.28 11:01:10.100,1.34232,1.34238,1.00,1.69
2017.09.28 11:01:10.152,1.34232,1.34238,1.00,1.25
2017.09.28 11:01:11.376,1.34231,1.34238,1.00,1.00
2017.09.28 11:01:11.977,1.34231,1.34239,1.00,1.00
2017.09.28 11:01:12.546,1.34231,1.3424,1.00,2.25
2017.09.28 11:01:12.750,1.3423,1.34238,1.00,1.00
2017.09.28 11:01:13.289,1.34231,1.34239,1.00,1.12
2017.09.28 11:01:16.211,1.34228,1.34237,4.57,1.00
2017.09.28 11:01:18.151,1.34228,1.34237,5.89,1.00
2017.09.28 11:01:18.355,1.34228,1.34237,4.01,1.00
2017.09.28 11:01:18.457,1.34229,1.34237,2.32,1.00
2017.09.28 11:01:19.936,1.34229,1.34237,1.00,1.00
2017.09.28 11:01:20.623,1.34232,1.3424,1.00,3.75
2017.09.28 11:01:20.987,1.3423,1.34238,1.00,1.50
2017.09.28 11:01:21.719,1.34229,1.34237,1.25,1.00
2017.09.28 11:01:22.661,1.34228,1.34233,1.47,1.12
2017.09.28 11:01:22.764,1.34227,1.34235,1.85,2.62
2017.09.28 11:01:22.868,1.34228,1.34237,1.10,2.81
2017.09.28 11:01:22.920,1.34228,1.34237,4.95,1.00
2017.09.28 11:01:23.429,1.34229,1.34237,1.50,1.00
2017.09.28 11:01:24.872,1.34229,1.34238,1.87,1.50
2017.09.28 11:01:27.956,1.34229,1.34238,2.06,1.50
2017.09.28 11:01:28.465,1.34229,1.34238,2.25,1.50
2017.09.28 11:01:29.591,1.34229,1.34238,2.25,1.50
2017.09.28 11:01:30.116,1.34229,1.34238,4.12,1.50
2017.09.28 11:01:30.837,1.34229,1.34238,4.12,1.50
2017.09.28 11:01:33.349,1.34229,1.34238,1.12,1.50
2017.09.28 11:01:33.883,1.34228,1.34236,3.52,1.00
2017.09.28 11:01:34.842,1.34228,1.34236,4.27,1.00
2017.09.28 11:01:35.566,1.34228,1.34236,1.57,1.87
2017.09.28 11:01:36.099,1.34228,1.34237,4.00,1.00
2017.09.28 11:01:43.714,1.34231,1.34238,1.31,1.50
2017.09.28 11:01:43.914,1.34232,1.3424,3.37,2.62
2017.09.28 11:01:44.734,1.34233,1.3424,1.00,2.25
2017.09.28 11:01:45.348,1.34232,1.34239,3.00,2.25
2017.09.28 11:01:45.965,1.34231,1.34239,1.12,3.37
2017.09.28 11:01:47.003,1.34231,1.34238,1.12,1.00
2017.09.28 11:01:47.514,1.34231,1.34239,1.25,1.87
2017.09.28 11:01:47.969,1.34231,1.34237,1.00,1.00
2017.09.28 11:01:48.275,1.34224,1.34228,2.25,1.50
2017.09.28 11:01:48.486,1.34219,1.34229,4.88,3.94
2017.09.28 11:01:49.048,1.34221,1.34229,1.50,1.76
2017.09.28 11:01:49.610,1.3422,1.34229,2.44,2.14
2017.09.28 11:01:50.433,1.3422,1.34229,1.87,2.51
2017.09.28 11:01:50.485,1.34221,1.34228,2.25,1.87
2017.09.28 11:01:51.713,1.34219,1.34228,5.62,1.87
2017.09.28 11:01:52.737,1.34219,1.34228,7.50,1.87
2017.09.28 11:01:53.093,1.34221,1.34228,2.25,1.87
2017.09.28 11:01:54.041,1.34221,1.34228,2.25,6.00
2017.09.28 11:01:54.296,1.3422,1.34228,1.00,6.94
2017.09.28 11:01:54.816,1.34219,1.34228,6.75,2.25
2017.09.28 11:01:55.606,1.34219,1.34228,7.13,2.25
2017.09.28 11:01:56.472,1.34221,1.34228,1.00,1.50
2017.09.28 11:01:57.865,1.34221,1.34229,1.00,2.25
2017.09.28 11:01:58.083,1.34224,1.3423,1.25,2.44
2017.09.28 11:01:58.289,1.34226,1.34236,3.00,3.07
2017.09.28 11:01:58.801,1.34226,1.34235,4.31,1.12
2017.09.28 11:01:59.098,1.34228,1.34237,3.00,3.00
2017.09.28 11:01:59.901,1.34228,1.34236,3.94,1.00
2017.09.28 11:02:00.416,1.34228,1.34235,3.37,1.00
2017.09.28 11:02:01.558,1.34228,1.34236,2.06,1.00
2017.09.28 11:02:02.550,1.34228,1.34236,3.94,1.00
2017.09.28 11:02:03.068,1.34228,1.34235,2.62,2.25
2017.09.28 11:02:04.013,1.34227,1.34235,1.12,2.25
2017.09.28 11:02:05.533,1.34227,1.34231,1.87,1.00
2017.09.28 11:02:05.790,1.34223,1.34229,1.00,1.50
2017.09.28 11:02:09.482,1.34221,1.34229,3.75,2.25
2017.09.28 11:02:09.533,1.34221,1.34227,2.25,1.50
2017.09.28 11:02:09.585,1.34221,1.34229,2.25,2.25
2017.09.28 11:02:11.683,1.34221,1.34228,3.00,1.00
2017.09.28 11:02:13.573,1.34221,1.34228,1.44,3.37
2017.09.28 11:02:14.077,1.34221,1.34228,1.13,3.00
2017.09.28 11:02:22.405,1.3422,1.34227,2.06,1.00
2017.09.28 11:02:22.910,1.3422,1.34228,2.25,1.50
2017.09.28 11:02:23.590,1.34222,1.34228,1.00,1.00
2017.09.28 11:02:27.189,1.3422,1.34228,1.00,4.20
2017.09.28 11:02:27.241,1.3422,1.34226,1.00,1.87
2017.09.28 11:02:27.395,1.34221,1.34228,1.00,1.69
2017.09.28 11:02:35.080,1.34227,1.34229,1.00,2.62
2017.09.28 11:02:35.133,1.34228,1.34235,1.37,3.64
2017.09.28 11:02:35.236,1.3423,1.34237,1.12,1.00
2017.09.28 11:02:37.393,1.34231,1.34237,1.00,1.00
2017.09.28 11:02:37.699,1.34232,1.34239,1.00,1.87
2017.09.28 11:02:38.209,1.34233,1.34239,1.00,3.00
2017.09.28 11:02:38.722,1.34232,1.34239,1.00,1.00
2017.09.28 11:02:39.718,1.34232,1.34237,1.00,1.00
2017.09.28 11:02:39.976,1.34223,1.34231,1.00,3.94
2017.09.28 11:02:40.129,1.34222,1.34229,1.12,1.84
2017.09.28 11:02:40.641,1.34222,1.3423,1.12,4.65
2017.09.28 11:02:41.160,1.34221,1.34229,1.50,1.84
2017.09.28 11:02:41.680,1.34221,1.3423,1.00,5.40
2017.09.28 11:02:42.198,1.3422,1.34229,1.12,1.12
2017.09.28 11:02:45.578,1.3422,1.34229,1.00,1.57
2017.09.28 11:02:46.214,1.34219,1.34229,4.20,3.64
2017.09.28 11:02:46.776,1.34219,1.34229,3.82,3.64
2017.09.28 11:02:47.348,1.3422,1.34229,1.00,4.39
2017.09.28 11:02:48.439,1.3422,1.34229,1.00,4.57
2017.09.28 11:02:49.113,1.34219,1.34229,1.12,2.70
2017.09.28 11:02:49.416,1.34213,1.34221,1.57,1.50
2017.09.28 11:02:49.725,1.34218,1.34226,2.62,1.00
2017.09.28 11:02:50.290,1.34219,1.34226,1.31,1.00
2017.09.28 11:02:50.901,1.34219,1.34226,2.06,1.00
2017.09.28 11:02:51.105,1.34219,1.34228,2.06,1.25
2017.09.28 11:02:51.992,1.34221,1.3423,2.81,4.39
2017.09.28 11:02:52.503,1.34221,1.3423,2.62,1.19
2017.09.28 11:02:55.789,1.34222,1.3423,1.00,1.72
2017.09.28 11:02:56.095,1.34227,1.34235,1.00,2.74
2017.09.28 11:02:56.198,1.34228,1.34236,1.31,1.31
2017.09.28 11:02:56.354,1.34229,1.34238,1.12,1.10
2017.09.28 11:02:56.736,1.34232,1.34238,1.00,1.57
2017.09.28 11:02:56.992,1.34233,1.34241,1.00,2.89
2017.09.28 11:02:58.492,1.34237,1.34243,1.50,5.32
2017.09.28 11:02:58.698,1.34242,1.34249,1.00,1.00
2017.09.28 11:02:59.127,1.34239,1.34248,6.56,1.10
2017.09.28 11:02:59.638,1.3424,1.34249,2.25,1.10
2017.09.28 11:02:59.690,1.34242,1.34249,1.00,1.00
2017.09.28 11:03:01.891,1.3424,1.34249,1.50,2.25
2017.09.28 11:03:03.274,1.3424,1.34249,2.25,1.50
2017.09.28 11:03:03.944,1.34243,1.34249,1.00,1.00
2017.09.28 11:03:04.810,1.34243,1.34248,1.00,1.00
2017.09.28 11:03:04.912,1.34243,1.3425,1.00,4.12
2017.09.28 11:03:05.116,1.34243,1.34248,1.00,1.00
2017.09.28 11:03:05.219,1.34241,1.3425,2.06,2.62
2017.09.28 11:03:05.270,1.34241,1.34248,1.25,2.25
2017.09.28 11:03:05.957,1.34241,1.34249,1.44,1.87
2017.09.28 11:03:06.468,1.34241,1.34249,2.06,2.62
2017.09.28 11:03:07.131,1.34242,1.34249,1.00,2.62
2017.09.28 11:03:07.837,1.34243,1.3425,1.00,2.62
2017.09.28 11:03:08.349,1.34242,1.34249,1.00,2.62
2017.09.28 11:03:08.858,1.3424,1.34249,2.06,1.12
2017.09.28 11:03:09.114,1.3424,1.34249,3.25,1.12
2017.09.28 11:03:09.624,1.34243,1.3425,1.00,1.50
2017.09.28 11:03:09.778,1.34241,1.34249,1.00,1.12
2017.09.28 11:03:10.297,1.34242,1.3425,1.00,1.50
2017.09.28 11:03:10.808,1.34243,1.34251,1.00,4.69
2017.09.28 11:03:10.911,1.34241,1.34248,1.67,1.50
2017.09.28 11:03:11.268,1.34241,1.3425,1.86,3.37
2017.09.28 11:03:11.319,1.34241,1.3425,1.86,3.37
2017.09.28 11:03:11.769,1.34244,1.3425,1.00,3.07
2017.09.28 11:03:12.482,1.34242,1.3425,1.38,1.50
2017.09.28 11:03:12.788,1.34241,1.3425,1.13,2.25
2017.09.28 11:03:13.338,1.34241,1.34249,1.37,2.06
2017.09.28 11:03:13.545,1.34241,1.34249,1.31,1.31
2017.09.28 11:03:13.647,1.34245,1.3425,1.00,3.26
2017.09.28 11:03:14.010,1.34245,1.34248,1.00,2.89
2017.09.28 11:03:14.165,1.34239,1.34247,2.63,1.76
2017.09.28 11:03:14.217,1.34239,1.34246,2.62,1.45
2017.09.28 11:03:14.320,1.34239,1.34247,3.38,2.32
2017.09.28 11:03:15.280,1.34239,1.34246,3.00,1.10
2017.09.28 11:03:15.792,1.34239,1.34246,1.69,1.45
2017.09.28 11:03:16.315,1.34239,1.34246,1.50,1.45
2017.09.28 11:03:17.235,1.3424,1.34242,1.00,1.87
2017.09.28 11:03:17.462,1.34231,1.34238,1.87,1.50
2017.09.28 11:03:17.513,1.34231,1.34237,1.63,1.45
2017.09.28 11:03:17.771,1.3423,1.34236,1.69,2.32
2017.09.28 11:03:18.282,1.34229,1.34237,1.88,3.26
2017.09.28 11:03:18.499,1.34229,1.34235,1.88,1.45
2017.09.28 11:03:19.027,1.34229,1.34235,1.00,1.45
2017.09.28 11:03:21.705,1.34228,1.34235,3.37,1.45
2017.09.28 11:03:23.058,1.34229,1.34235,1.50,1.57
2017.09.28 11:03:23.291,1.34228,1.34236,1.69,1.00
2017.09.28 11:03:23.774,1.34228,1.34233,2.06,2.25
2017.09.28 11:03:23.979,1.34228,1.34235,1.00,3.37
2017.09.28 11:03:24.031,1.34231,1.34236,1.00,3.75
2017.09.28 11:03:24.582,1.34231,1.34236,1.00,1.50
2017.09.28 11:03:25.092,1.34231,1.34237,1.00,1.00
2017.09.28 11:03:25.602,1.3423,1.34238,1.00,3.00
2017.09.28 11:03:26.036,1.34228,1.34236,1.25,1.10
2017.09.28 11:03:26.496,1.3423,1.34237,1.00,1.50
2017.09.28 11:03:27.021,1.3423,1.34238,1.25,3.37
2017.09.28 11:03:29.872,1.34229,1.34238,2.25,3.07
2017.09.28 11:03:32.130,1.34229,1.34238,2.62,3.07
2017.09.28 11:03:32.538,1.34231,1.34238,3.19,1.00
2017.09.28 11:03:32.589,1.34231,1.34238,3.19,1.00
2017.09.28 11:03:32.794,1.34232,1.3424,2.44,1.50
2017.09.28 11:03:33.019,1.34234,1.34241,1.00,2.62
2017.09.28 11:03:33.529,1.34233,1.34241,1.01,1.12
2017.09.28 11:03:34.242,1.34232,1.34241,3.56,2.62
2017.09.28 11:03:36.482,1.34232,1.3424,3.19,1.00
2017.09.28 11:03:37.180,1.34234,1.3424,1.69,2.25
2017.09.28 11:03:37.689,1.34233,1.3424,1.12,1.00
2017.09.28 11:03:40.172,1.34232,1.3424,1.39,2.25
2017.09.28 11:03:40.941,1.34233,1.3424,1.00,2.25
2017.09.28 11:03:41.247,1.34235,1.34241,1.12,1.00
2017.09.28 11:03:41.553,1.34233,1.34237,1.19,1.50
2017.09.28 11:03:41.809,1.34233,1.34239,1.25,1.12
2017.09.28 11:03:43.333,1.34231,1.34239,1.76,1.00
2017.09.28 11:03:44.428,1.34233,1.34239,1.00,1.00
2017.09.28 11:03:45.600,1.34232,1.34239,1.25,1.00
2017.09.28 11:03:46.015,1.34231,1.34237,1.31,2.25
2017.09.28 11:03:47.337,1.3423,1.34238,2.44,1.50
2017.09.28 11:03:47.849,1.3423,1.34237,2.06,1.00
2017.09.28 11:03:48.353,1.3423,1.34238,2.06,3.37
2017.09.28 11:03:51.654,1.34236,1.34239,1.00,1.47
2017.09.28 11:03:51.756,1.34238,1.34243,1.00,1.12
2017.09.28 11:03:51.861,1.34239,1.34246,1.00,1.95
2017.09.28 11:03:53.769,1.3424,1.34245,1.00,1.50
2017.09.28 11:03:53.821,1.34238,1.34245,1.00,2.70
2017.09.28 11:03:55.325,1.34238,1.34245,2.62,1.50
2017.09.28 11:03:55.736,1.34239,1.34247,1.13,3.00
2017.09.28 11:03:57.268,1.34239,1.34247,1.44,3.37
2017.09.28 11:03:57.320,1.34239,1.34247,1.00,3.37
2017.09.28 11:03:58.054,1.34239,1.34247,1.62,3.37
2017.09.28 11:03:59.027,1.34239,1.34247,1.00,3.37
2017.09.28 11:03:59.383,1.34239,1.34245,1.88,1.00
2017.09.28 11:03:59.894,1.34239,1.34245,1.69,1.00
2017.09.28 11:04:00.422,1.34239,1.34246,1.12,1.12
2017.09.28 11:04:00.966,1.34238,1.34245,2.06,1.00
2017.09.28 11:04:01.477,1.34238,1.34245,1.25,1.00
2017.09.28 11:04:03.884,1.34238,1.34245,1.69,1.00
2017.09.28 11:04:04.900,1.34238,1.34245,1.31,1.00
2017.09.28 11:04:05.416,1.34238,1.34246,1.87,1.50
2017.09.28 11:04:07.509,1.34238,1.34246,1.87,1.50
2017.09.28 11:04:07.811,1.34241,1.34246,1.00,1.50
2017.09.28 11:04:09.789,1.34241,1.34247,1.00,2.62
2017.09.28 11:04:10.095,1.34239,1.34247,1.50,2.62
2017.09.28 11:04:10.621,1.34239,1.34246,1.50,1.00
2017.09.28 11:04:11.780,1.34238,1.34246,4.01,1.00
2017.09.28 11:04:12.304,1.34239,1.34246,1.00,1.00
2017.09.28 11:04:13.087,1.34239,1.34243,1.00,1.50
2017.09.28 11:04:13.240,1.34236,1.34242,3.19,1.00
2017.09.28 11:04:13.758,1.34234,1.34241,1.31,1.50
2017.09.28 11:04:14.269,1.34234,1.34242,2.62,1.50
2017.09.28 11:04:14.953,1.34235,1.34243,3.37,1.87
2017.09.28 11:04:15.413,1.34235,1.34241,1.50,1.00
2017.09.28 11:04:16.858,1.34234,1.34241,1.00,1.50
2017.09.28 11:04:17.542,1.34234,1.34242,1.00,2.25
2017.09.28 11:04:18.062,1.34233,1.34242,4.00,2.25
2017.09.28 11:04:18.692,1.34233,1.34242,4.38,1.50
2017.09.28 11:04:19.726,1.34234,1.34243,2.24,2.32
2017.09.28 11:04:21.250,1.34234,1.34242,1.12,2.25
2017.09.28 11:04:22.043,1.34234,1.34242,1.12,4.50
2017.09.28 11:04:22.942,1.34233,1.34241,2.81,1.87
2017.09.28 11:04:23.249,1.34236,1.34242,1.00,4.12
2017.09.28 11:04:23.772,1.34234,1.34242,3.00,1.87
2017.09.28 11:04:24.291,1.34234,1.34241,1.00,2.25
2017.09.28 11:04:24.723,1.34233,1.34239,1.00,1.50
2017.09.28 11:04:25.233,1.34232,1.3424,1.00,2.32
2017.09.28 11:04:26.059,1.34232,1.3424,1.00,2.70
2017.09.28 11:04:26.584,1.34231,1.34239,1.12,1.57
2017.09.28 11:04:27.095,1.34231,1.3424,2.81,2.70
2017.09.28 11:04:27.520,1.34231,1.34238,1.69,1.50
2017.09.28 11:04:27.827,1.34231,1.34237,1.00,1.07
2017.09.28 11:04:28.214,1.34229,1.34237,2.25,1.10
2017.09.28 11:04:29.165,1.34229,1.34236,1.00,1.25
2017.09.28 11:04:29.523,1.34228,1.34234,1.87,1.00
2017.09.28 11:04:30.104,1.34228,1.34234,1.50,1.50
2017.09.28 11:04:30.429,1.34226,1.34229,1.50,1.50
2017.09.28 11:04:30.480,1.34222,1.34228,1.69,1.50
2017.09.28 11:04:30.532,1.34222,1.3423,2.81,2.81
2017.09.28 11:04:30.736,1.3422,1.34227,2.06,1.00
2017.09.28 11:04:30.787,1.3422,1.34225,1.31,1.50
2017.09.28 11:04:31.305,1.3422,1.34226,1.00,1.10
2017.09.28 11:04:31.833,1.34219,1.34226,1.50,1.20
2017.09.28 11:04:32.350,1.34218,1.34225,3.94,1.00
2017.09.28 11:04:34.565,1.34218,1.34224,1.50,1.00
2017.09.28 11:04:35.273,1.34215,1.3422,1.19,1.00
2017.09.28 11:04:35.376,1.34212,1.34219,1.50,1.69
2017.09.28 11:04:35.897,1.34212,1.34218,1.00,1.01
2017.09.28 11:04:36.207,1.34209,1.34219,1.56,4.76
2017.09.28 11:04:36.875,1.3421,1.34218,1.94,1.10
2017.09.28 11:04:37.233,1.3421,1.34216,1.12,1.50
2017.09.28 11:04:37.395,1.34208,1.34216,5.62,2.32
2017.09.28 11:04:37.908,1.34211,1.34217,1.00,1.10
2017.09.28 11:04:38.352,1.34218,1.3422,1.00,2.25
2017.09.28 11:04:38.455,1.34218,1.34224,2.25,1.00
2017.09.28 11:04:38.506,1.34218,1.34226,2.25,4.57
2017.09.28 11:04:38.558,1.34218,1.34226,3.19,1.57
2017.09.28 11:04:39.102,1.34219,1.34227,2.44,1.87
2017.09.28 11:04:39.612,1.34219,1.34227,2.25,1.87
2017.09.28 11:04:40.115,1.34219,1.34226,1.87,1.50
2017.09.28 11:04:40.320,1.34217,1.34225,1.00,2.25
2017.09.28 11:04:40.475,1.34216,1.34223,1.25,1.50
2017.09.28 11:04:41.056,1.34216,1.34226,2.06,4.95
2017.09.28 11:04:41.509,1.34215,1.34225,2.25,1.69
2017.09.28 11:04:41.968,1.34216,1.34221,1.31,1.00
2017.09.28 11:04:42.721,1.34213,1.3422,1.01,2.25
2017.09.28 11:04:42.976,1.34212,1.34219,1.50,1.00
2017.09.28 11:04:43.515,1.34212,1.3422,2.63,1.50
2017.09.28 11:04:44.291,1.34211,1.34219,1.69,1.50
2017.09.28 11:04:45.344,1.3421,1.34218,2.63,1.00
2017.09.28 11:04:45.752,1.3421,1.34216,1.76,1.00
2017.09.28 11:04:46.315,1.34209,1.34217,1.57,1.50
2017.09.28 11:04:47.104,1.34209,1.34217,2.70,1.00
2017.09.28 11:04:47.416,1.34211,1.34218,1.00,1.31
2017.09.28 11:04:48.608,1.3421,1.34217,1.00,1.50
2017.09.28 11:04:49.133,1.3421,1.34216,1.00,1.50
2017.09.28 11:04:49.237,1.34209,1.34218,2.25,3.94
2017.09.28 11:04:49.799,1.3421,1.34218,2.25,3.94
2017.09.28 11:04:50.348,1.34208,1.34216,2.25,1.00
2017.09.28 11:04:51.398,1.34207,1.34216,4.31,3.19
2017.09.28 11:04:52.549,1.34207,1.34216,3.26,3.19
2017.09.28 11:04:53.069,1.34207,1.34216,3.26,3.00
2017.09.28 11:04:54.442,1.34207,1.34216,3.26,3.00
2017.09.28 11:04:54.767,1.34205,1.3421,2.70,2.25
2017.09.28 11:04:54.818,1.34204,1.34209,1.37,1.00
2017.09.28 11:04:55.019,1.34201,1.34208,1.00,1.00
2017.09.28 11:04:55.538,1.342,1.34208,1.20,1.00
2017.09.28 11:04:56.059,1.34201,1.34208,1.00,1.00
2017.09.28 11:04:56.576,1.34199,1.34207,1.95,1.50
2017.09.28 11:04:58.836,1.34199,1.34207,1.50,1.50
2017.09.28 11:04:58.888,1.34199,1.34205,1.50,1.00
2017.09.28 11:04:59.445,1.34199,1.34206,1.50,1.50
2017.09.28 11:05:00.912,1.34198,1.34205,2.25,1.00
2017.09.28 11:05:01.940,1.34198,1.34204,1.10,1.00
2017.09.28 11:05:02.195,1.34194,1.34202,3.19,2.25
2017.09.28 11:05:02.669,1.34194,1.342,1.76,1.00
2017.09.28 11:05:03.138,1.34198,1.34204,1.25,1.19
2017.09.28 11:05:03.240,1.34199,1.34207,1.25,3.00
2017.09.28 11:05:03.343,1.34198,1.34207,2.70,2.25
2017.09.28 11:05:04.122,1.34199,1.34207,1.39,2.25
2017.09.28 11:05:04.568,1.34197,1.34205,5.70,1.00
2017.09.28 11:05:05.078,1.34198,1.34206,1.76,1.50
2017.09.28 11:05:05.588,1.342,1.34207,1.69,1.00
2017.09.28 11:05:06.128,1.342,1.34206,2.25,1.00
2017.09.28 11:05:08.207,1.34199,1.34206,1.76,1.00
2017.09.28 11:05:08.728,1.34199,1.34206,1.29,1.00
2017.09.28 11:05:09.656,1.34199,1.34206,1.58,1.00
2017.09.28 11:05:10.277,1.34199,1.34206,1.39,1.00
2017.09.28 11:05:10.571,1.34197,1.34205,1.95,1.00
2017.09.28 11:05:11.596,1.34198,1.34204,2.62,1.00
2017.09.28 11:05:12.761,1.34198,1.34206,1.50,1.69
2017.09.28 11:05:13.278,1.34198,1.34206,2.14,1.50
2017.09.28 11:05:13.793,1.34198,1.34206,3.64,1.50
2017.09.28 11:05:14.294,1.34199,1.34206,2.79,1.50
2017.09.28 11:05:14.911,1.342,1.34206,1.00,1.50
2017.09.28 11:05:16.054,1.34196,1.342,3.07,1.50
2017.09.28 11:05:16.156,1.34195,1.342,1.00,1.87
2017.09.28 11:05:16.412,1.34193,1.342,1.87,1.87
2017.09.28 11:05:17.463,1.34192,1.342,2.06,1.50
2017.09.28 11:05:18.250,1.34193,1.342,1.00,1.50
2017.09.28 11:05:18.718,1.34195,1.342,1.00,1.87
2017.09.28 11:05:19.540,1.34193,1.342,1.00,2.25
2017.09.28 11:05:20.051,1.34192,1.34199,1.00,1.50
2017.09.28 11:05:20.917,1.34191,1.34199,1.58,2.25
2017.09.28 11:05:21.443,1.34191,1.34199,1.58,2.25
2017.09.28 11:05:22.369,1.34193,1.34199,1.00,2.25
2017.09.28 11:05:22.897,1.34192,1.34199,1.10,1.00
2017.09.28 11:05:23.543,1.34194,1.34198,1.00,1.00
2017.09.28 11:05:23.699,1.34198,1.34205,2.44,1.00
2017.09.28 11:05:23.802,1.342,1.34207,1.00,1.87
2017.09.28 11:05:24.352,1.342,1.34206,1.12,1.00
2017.09.28 11:05:24.862,1.34199,1.34205,2.14,1.00
2017.09.28 11:05:25.411,1.34199,1.34205,1.57,1.00
2017.09.28 11:05:26.360,1.34199,1.34206,1.01,1.50
2017.09.28 11:05:26.879,1.34198,1.34205,1.76,1.00
2017.09.28 11:05:28.282,1.34198,1.34206,1.01,2.63
2017.09.28 11:05:30.363,1.34199,1.34203,1.20,1.00
2017.09.28 11:05:30.654,1.34199,1.34207,2.06,3.75
2017.09.28 11:05:30.866,1.34202,1.34207,1.50,1.50
2017.09.28 11:05:30.968,1.34199,1.34207,2.62,1.00
2017.09.28 11:05:31.852,1.34199,1.34205,2.14,1.00
2017.09.28 11:05:32.372,1.34199,1.34206,3.19,1.00
2017.09.28 11:05:33.275,1.34199,1.34207,2.44,2.25
2017.09.28 11:05:33.965,1.34199,1.34207,3.56,3.00
2017.09.28 11:05:35.140,1.34199,1.34205,1.12,1.00
2017.09.28 11:05:35.939,1.34199,1.34206,1.31,6.00
2017.09.28 11:05:38.181,1.34198,1.34204,1.12,1.12
2017.09.28 11:05:38.695,1.34198,1.34203,1.12,1.00
2017.09.28 11:05:39.235,1.34198,1.34205,1.95,2.62
2017.09.28 11:05:39.756,1.34198,1.34205,1.95,1.87
2017.09.28 11:05:40.989,1.34198,1.34204,1.95,1.00
2017.09.28 11:05:41.297,1.34194,1.34199,2.06,1.00
2017.09.28 11:05:41.348,1.34193,1.34199,1.50,1.50
2017.09.28 11:05:41.554,1.34192,1.34197,1.37,1.50
2017.09.28 11:05:43.206,1.34193,1.34198,1.31,3.75
2017.09.28 11:05:43.417,1.34192,1.34199,1.87,1.00
2017.09.28 11:05:43.571,1.34193,1.34197,1.76,1.00
2017.09.28 11:05:43.759,1.34192,1.34199,2.44,1.00
2017.09.28 11:05:44.100,1.34193,1.34196,1.50,5.25
2017.09.28 11:05:44.408,1.34191,1.34195,1.01,1.00
2017.09.28 11:05:44.920,1.3419,1.34194,1.69,1.00
2017.09.28 11:05:45.428,1.34191,1.34194,1.25,1.00
2017.09.28 11:05:45.948,1.34191,1.34195,3.56,1.00
2017.09.28 11:05:46.456,1.34191,1.34194,1.69,1.00
2017.09.28 11:05:47.343,1.3419,1.34197,4.20,1.00
2017.09.28 11:05:47.599,1.34192,1.34197,1.00,1.00
2017.09.28 11:05:47.968,1.34191,1.34199,2.14,1.00
2017.09.28 11:05:48.495,1.34195,1.34202,1.50,5.62
2017.09.28 11:05:48.548,1.34195,1.34203,1.50,1.00
2017.09.28 11:05:48.601,1.34195,1.34203,2.70,1.00
2017.09.28 11:05:48.703,1.34195,1.34202,1.76,1.87
2017.09.28 11:05:48.755,1.34195,1.34201,1.20,3.00
2017.09.28 11:05:49.064,1.34194,1.34198,1.00,2.25
2017.09.28 11:05:49.209,1.3419,1.34197,3.07,1.87
2017.09.28 11:05:49.530,1.34189,1.34197,2.70,1.12
2017.09.28 11:05:50.766,1.34189,1.34197,2.70,1.12
2017.09.28 11:05:51.276,1.34189,1.34196,1.20,1.00
2017.09.28 11:05:51.785,1.34189,1.34196,1.20,1.00
2017.09.28 11:05:53.346,1.34189,1.34195,1.10,1.00
2017.09.28 11:05:55.846,1.34187,1.3419,1.95,1.00
2017.09.28 11:05:56.000,1.34182,1.34187,2.06,1.00
2017.09.28 11:05:56.052,1.3418,1.34184,1.25,1.00
2017.09.28 11:05:56.154,1.34179,1.34186,1.12,1.87
2017.09.28 11:05:56.307,1.34179,1.34182,1.12,1.00
2017.09.28 11:05:56.360,1.34172,1.3418,3.00,5.25
2017.09.28 11:05:56.922,1.34177,1.34182,1.25,1.87
2017.09.28 11:05:57.128,1.34188,1.34194,1.50,2.25
2017.09.28 11:05:57.286,1.34186,1.34194,2.70,3.19
2017.09.28 11:05:57.337,1.34186,1.34194,1.07,3.19
2017.09.28 11:05:57.389,1.34185,1.34192,1.10,1.69
2017.09.28 11:05:57.646,1.34182,1.34189,2.51,1.87
2017.09.28 11:05:57.697,1.3418,1.34187,1.50,1.50
2017.09.28 11:05:57.749,1.34177,1.34184,1.87,3.00
2017.09.28 11:05:57.801,1.34177,1.34184,1.00,2.25
2017.09.28 11:05:57.852,1.34177,1.34182,1.00,1.87
2017.09.28 11:05:58.376,1.34178,1.34183,1.00,1.00
2017.09.28 11:05:58.427,1.34178,1.34186,1.00,2.25
2017.09.28 11:05:58.970,1.34179,1.34186,1.00,2.25
2017.09.28 11:05:59.124,1.34177,1.34186,1.10,5.25
2017.09.28 11:05:59.597,1.3418,1.34186,1.00,2.62
2017.09.28 11:06:00.329,1.34179,1.34185,1.00,1.87
2017.09.28 11:06:00.847,1.34178,1.34185,1.10,1.87
2017.09.28 11:06:02.928,1.34177,1.34185,1.00,2.25
2017.09.28 11:06:03.540,1.34177,1.34185,1.00,2.25
2017.09.28 11:06:04.558,1.34175,1.34179,1.25,1.50
2017.09.28 11:06:04.712,1.34171,1.34178,1.87,3.75
2017.09.28 11:06:05.787,1.3417,1.34177,1.00,2.25
2017.09.28 11:06:06.546,1.34171,1.34177,1.00,2.25
2017.09.28 11:06:06.702,1.3417,1.34174,1.00,1.50
2017.09.28 11:06:06.755,1.34166,1.34172,1.00,1.87
2017.09.28 11:06:06.857,1.34165,1.3417,1.50,1.50
2017.09.28 11:06:07.370,1.34164,1.34169,1.00,1.87
2017.09.28 11:06:07.881,1.34163,1.3417,1.00,2.25
2017.09.28 11:06:08.409,1.34163,1.3417,1.00,1.87
2017.09.28 11:06:08.919,1.34163,1.3417,1.00,3.82
2017.09.28 11:06:08.970,1.3416,1.34169,2.05,1.20
2017.09.28 11:06:09.073,1.3416,1.34169,1.69,4.95
2017.09.28 11:06:09.724,1.34161,1.34169,2.98,2.25
2017.09.28 11:06:09.928,1.34167,1.3417,1.00,1.00
2017.09.28 11:06:09.980,1.34165,1.34173,2.14,1.82
2017.09.28 11:06:10.031,1.34168,1.34173,1.86,1.37
2017.09.28 11:06:10.083,1.3417,1.34174,1.00,1.00
2017.09.28 11:06:10.186,1.34169,1.34178,1.50,1.00
2017.09.28 11:06:10.340,1.34171,1.34177,1.25,1.50
2017.09.28 11:06:10.850,1.34171,1.34176,1.31,1.50
2017.09.28 11:06:11.361,1.34168,1.34176,1.31,3.37
2017.09.28 11:06:12.087,1.34167,1.34176,1.19,2.25
2017.09.28 11:06:14.221,1.34167,1.34175,1.19,1.50
2017.09.28 11:06:14.668,1.34167,1.34175,1.25,1.87
2017.09.28 11:06:15.617,1.34167,1.34175,1.62,3.00
2017.09.28 11:06:15.873,1.34165,1.34173,2.06,1.12
2017.09.28 11:06:16.202,1.34164,1.34169,1.00,1.87
2017.09.28 11:06:16.633,1.34162,1.34169,1.25,1.87
2017.09.28 11:06:16.889,1.34164,1.34169,1.00,4.09
2017.09.28 11:06:17.196,1.34162,1.34169,1.69,4.09
2017.09.28 11:06:17.723,1.34162,1.34169,1.25,1.87
2017.09.28 11:06:19.442,1.34162,1.34167,1.25,1.50
2017.09.28 11:06:21.887,1.34162,1.34167,1.00,1.88
2017.09.28 11:06:22.391,1.34162,1.34167,1.00,1.69
2017.09.28 11:06:22.493,1.34159,1.34166,1.31,1.69
2017.09.28 11:06:22.853,1.34156,1.3416,1.87,1.50
2017.09.28 11:06:23.008,1.34152,1.34159,1.69,2.32
2017.09.28 11:06:23.060,1.34152,1.34157,1.25,1.50
2017.09.28 11:06:23.584,1.34152,1.34158,1.00,1.50
2017.09.28 11:06:24.043,1.34152,1.34156,1.00,1.50
2017.09.28 11:06:26.183,1.34148,1.34152,1.00,1.50
2017.09.28 11:06:26.337,1.34148,1.34154,1.00,2.25
2017.09.28 11:06:26.847,1.34148,1.34155,1.00,1.87
2017.09.28 11:06:27.356,1.34149,1.34155,1.00,1.50
2017.09.28 11:06:27.857,1.34148,1.34156,1.00,2.32
2017.09.28 11:06:27.909,1.3415,1.34156,1.00,2.32
2017.09.28 11:06:30.524,1.34152,1.34158,1.00,2.21
2017.09.28 11:06:33.735,1.34151,1.34158,1.00,1.47
2017.09.28 11:06:34.062,1.34148,1.34155,2.69,1.00
2017.09.28 11:06:34.166,1.3415,1.34157,1.00,1.00
2017.09.28 11:06:34.875,1.34148,1.34158,3.00,1.57
2017.09.28 11:06:35.386,1.34148,1.34158,3.06,1.76
2017.09.28 11:06:36.914,1.34148,1.34158,3.00,1.54
2017.09.28 11:06:37.618,1.34148,1.34158,2.62,2.21
2017.09.28 11:06:39.055,1.34157,1.34161,1.00,3.37
2017.09.28 11:06:39.158,1.34157,1.34164,2.62,2.62
2017.09.28 11:06:39.261,1.34158,1.34166,2.25,2.62
2017.09.28 11:06:39.363,1.34155,1.3416,1.31,1.00
2017.09.28 11:06:39.415,1.34152,1.3416,2.51,1.00
2017.09.28 11:06:39.925,1.34153,1.34161,1.19,1.12
2017.09.28 11:06:40.435,1.34153,1.34161,1.00,1.12
2017.09.28 11:06:40.487,1.34151,1.34159,1.31,1.87
2017.09.28 11:06:40.590,1.34149,1.34159,4.31,1.12
2017.09.28 11:06:40.642,1.34155,1.34161,1.00,2.32
2017.09.28 11:06:40.744,1.34154,1.34162,1.57,1.57
2017.09.28 11:06:40.847,1.34155,1.3416,1.10,1.00
2017.09.28 11:06:40.898,1.34153,1.3416,1.00,1.12
2017.09.28 11:06:41.205,1.34152,1.34162,1.50,4.84
2017.09.28 11:06:41.735,1.34152,1.34162,1.50,4.57
2017.09.28 11:06:41.940,1.34151,1.34159,2.06,1.00
2017.09.28 11:06:42.246,1.34149,1.34153,1.00,1.12
2017.09.28 11:06:42.781,1.34149,1.34155,1.00,1.12
2017.09.28 11:06:43.041,1.34149,1.34157,1.00,1.87
2017.09.28 11:06:43.552,1.3415,1.34158,1.00,5.47
2017.09.28 11:06:43.910,1.34147,1.34157,4.87,1.12
2017.09.28 11:06:44.420,1.34149,1.34156,1.00,1.57
2017.09.28 11:06:44.930,1.34148,1.34156,1.12,1.00
2017.09.28 11:06:45.872,1.34147,1.34156,1.12,1.00
2017.09.28 11:06:47.022,1.34145,1.34154,3.26,1.50
2017.09.28 11:06:47.329,1.34142,1.3415,1.56,1.10
2017.09.28 11:06:47.533,1.34141,1.34149,1.50,1.10
2017.09.28 11:06:48.038,1.34141,1.3415,2.25,3.34
2017.09.28 11:06:48.602,1.34141,1.3415,1.00,4.73
2017.09.28 11:06:49.185,1.34141,1.3415,1.00,5.29
2017.09.28 11:06:49.412,1.34141,1.34148,1.00,1.00
2017.09.28 11:06:49.982,1.3414,1.3415,2.25,4.73
2017.09.28 11:06:50.290,1.34142,1.34151,1.12,3.00
2017.09.28 11:06:50.543,1.3414,1.3415,3.00,2.02
2017.09.28 11:06:51.104,1.3414,1.3415,3.00,2.40
2017.09.28 11:06:51.311,1.34145,1.3415,1.12,1.10
2017.09.28 11:06:51.516,1.34148,1.34157,3.00,3.07
2017.09.28 11:06:51.567,1.34148,1.34157,3.75,2.32
2017.09.28 11:06:51.620,1.34149,1.34157,3.75,2.25
2017.09.28 11:06:52.111,1.34149,1.34155,3.75,1.00
2017.09.28 11:06:53.056,1.3415,1.34155,3.75,1.00
2017.09.28 11:06:53.504,1.34148,1.34156,5.81,1.00
2017.09.28 11:06:56.823,1.34149,1.34156,4.50,1.00
2017.09.28 11:07:02.229,1.3415,1.34158,1.50,1.50
2017.09.28 11:07:02.743,1.3415,1.34157,6.00,1.00
2017.09.28 11:07:04.636,1.34151,1.34159,1.69,3.75
2017.09.28 11:07:04.739,1.34155,1.34159,1.00,3.37
2017.09.28 11:07:04.894,1.34159,1.34168,3.75,8.51
2017.09.28 11:07:05.251,1.34159,1.34165,4.87,1.00
2017.09.28 11:07:05.843,1.34161,1.34164,1.00,1.00
2017.09.28 11:07:06.201,1.34161,1.34166,1.00,1.12
2017.09.28 11:07:07.269,1.34161,1.34166,1.00,1.37
2017.09.28 11:07:08.284,1.34158,1.34166,2.81,1.37
2017.09.28 11:07:09.968,1.34156,1.34158,1.00,1.00
2017.09.28 11:07:10.121,1.34151,1.34156,1.37,1.00
2017.09.28 11:07:10.379,1.34148,1.3415,1.00,1.00
2017.09.28 11:07:10.481,1.34142,1.34146,1.10,1.00
2017.09.28 11:07:11.044,1.34142,1.34147,1.00,1.00
2017.09.28 11:07:12.175,1.34142,1.3415,1.50,3.60
2017.09.28 11:07:12.278,1.34144,1.3415,1.00,2.02
2017.09.28 11:07:12.810,1.34144,1.3415,1.00,1.65
2017.09.28 11:07:13.327,1.34144,1.34151,1.00,2.40
2017.09.28 11:07:13.861,1.34144,1.34151,1.00,2.77
2017.09.28 11:07:16.019,1.34144,1.3415,1.00,1.19
2017.09.28 11:07:16.552,1.34144,1.34151,1.00,4.84
2017.09.28 11:07:18.260,1.34144,1.3415,1.00,1.31
2017.09.28 11:07:18.653,1.34152,1.34155,1.50,4.50
2017.09.28 11:07:18.705,1.34158,1.34162,1.00,1.95
2017.09.28 11:07:19.401,1.34154,1.3416,1.57,1.12
2017.09.28 11:07:19.453,1.34152,1.3416,1.87,2.77
2017.09.28 11:07:19.841,1.34153,1.34158,1.00,2.40
2017.09.28 11:07:19.944,1.34153,1.34159,1.00,1.20
2017.09.28 11:07:20.454,1.34153,1.3416,1.00,5.10
2017.09.28 11:07:20.986,1.34153,1.34159,1.00,1.00
2017.09.28 11:07:21.585,1.34153,1.3416,1.00,3.41
2017.09.28 11:07:22.989,1.34157,1.34161,1.00,1.50
2017.09.28 11:07:23.143,1.34157,1.34163,1.00,4.69
2017.09.28 11:07:23.685,1.34153,1.3416,3.75,1.39
2017.09.28 11:07:23.737,1.34155,1.34161,1.00,3.34
2017.09.28 11:07:24.282,1.34154,1.34161,1.00,1.44
2017.09.28 11:07:24.870,1.34152,1.34159,1.37,1.50
2017.09.28 11:07:25.178,1.34149,1.34155,6.19,1.00
2017.09.28 11:07:26.108,1.34149,1.34155,2.62,1.00
2017.09.28 11:07:28.993,1.34149,1.34155,3.75,1.00
2017.09.28 11:07:29.503,1.34149,1.34156,4.50,1.00
2017.09.28 11:07:30.013,1.3415,1.34155,1.00,1.00
2017.09.28 11:07:31.090,1.34149,1.34155,2.25,1.00
2017.09.28 11:07:35.758,1.34149,1.34155,5.62,1.00
2017.09.28 11:07:37.815,1.34149,1.34154,1.87,1.00
2017.09.28 11:07:37.866,1.34149,1.34152,1.00,1.50
2017.09.28 11:07:38.020,1.34141,1.34147,2.25,6.00
2017.09.28 11:07:40.090,1.34141,1.34149,1.25,1.09
2017.09.28 11:07:40.667,1.34142,1.34149,1.00,1.00
2017.09.28 11:07:41.176,1.34141,1.34148,1.12,1.00
2017.09.28 11:07:41.334,1.34142,1.34152,2.81,4.46
2017.09.28 11:07:41.437,1.34143,1.34151,4.76,1.12
2017.09.28 11:07:41.744,1.34152,1.34155,1.00,2.25
2017.09.28 11:07:41.795,1.34152,1.34157,1.00,1.25
2017.09.28 11:07:42.305,1.34152,1.34159,1.00,4.31
2017.09.28 11:07:42.820,1.34151,1.34159,1.00,5.06
2017.09.28 11:07:43.331,1.34151,1.34159,1.00,3.56
2017.09.28 11:07:45.484,1.34151,1.34159,1.00,1.69
2017.09.28 11:07:47.407,1.34153,1.34159,1.00,1.12
2017.09.28 11:07:47.719,1.34145,1.3415,1.00,1.69
2017.09.28 11:07:48.451,1.34141,1.34148,3.75,1.00
2017.09.28 11:07:54.346,1.34142,1.34149,1.37,1.00
2017.09.28 11:07:56.359,1.34142,1.34148,1.37,1.00
2017.09.28 11:07:57.801,1.3414,1.34148,3.19,1.00
2017.09.28 11:07:57.853,1.34139,1.34144,1.47,1.00
2017.09.28 11:07:57.905,1.34139,1.34147,1.00,1.87
2017.09.28 11:07:57.956,1.34138,1.34145,5.80,1.00
2017.09.28 11:07:58.280,1.34134,1.34139,1.00,1.00
2017.09.28 11:07:58.791,1.34134,1.34141,1.00,1.00
2017.09.28 11:07:59.328,1.34133,1.34141,1.00,1.50
2017.09.28 11:07:59.814,1.34138,1.34143,1.50,3.37
2017.09.28 11:07:59.916,1.34139,1.34147,1.69,1.12
2017.09.28 11:08:00.020,1.34141,1.34149,1.00,1.50
2017.09.28 11:08:01.005,1.34142,1.34149,1.00,1.00
2017.09.28 11:08:04.817,1.34142,1.34149,1.00,1.50
2017.09.28 11:08:05.133,1.34147,1.34153,2.77,1.00
2017.09.28 11:08:05.442,1.34148,1.34155,1.20,1.00
2017.09.28 11:08:05.966,1.34148,1.34155,1.27,1.00
2017.09.28 11:08:06.017,1.34146,1.3415,2.70,1.00
2017.09.28 11:08:06.174,1.34143,1.34148,1.31,1.00
2017.09.28 11:08:06.379,1.34141,1.34147,1.50,1.00
2017.09.28 11:08:06.932,1.34141,1.34148,1.12,1.00
2017.09.28 11:08:07.593,1.3414,1.34148,1.20,1.00
2017.09.28 11:08:09.594,1.34139,1.34147,4.31,1.00
2017.09.28 11:08:10.526,1.34139,1.34145,4.31,1.00
2017.09.28 11:08:11.540,1.3414,1.34146,1.12,1.00
2017.09.28 11:08:12.047,1.34139,1.34146,1.00,1.00
2017.09.28 11:08:12.386,1.34138,1.34144,1.25,1.00
2017.09.28 11:08:12.692,1.34143,1.34148,1.00,1.00
2017.09.28 11:08:12.744,1.34141,1.34148,1.95,1.00
2017.09.28 11:08:13.561,1.3414,1.34148,3.94,1.12
2017.09.28 11:08:14.278,1.34141,1.34148,1.00,1.12
2017.09.28 11:08:14.901,1.3414,1.34148,1.25,1.12
2017.09.28 11:08:17.347,1.34148,1.34149,1.00,1.00
2017.09.28 11:08:17.401,1.34148,1.34154,1.25,1.00
2017.09.28 11:08:17.504,1.34152,1.34157,1.50,3.00
2017.09.28 11:08:17.696,1.34151,1.34159,2.25,1.50
2017.09.28 11:08:18.171,1.34151,1.34159,1.12,1.00
2017.09.28 11:08:18.326,1.34149,1.34158,2.32,1.87
2017.09.28 11:08:18.650,1.34149,1.34157,1.50,3.37
2017.09.28 11:08:19.182,1.34149,1.34157,1.00,1.50
2017.09.28 11:08:19.927,1.34148,1.34157,3.82,1.37
2017.09.28 11:08:20.438,1.34149,1.34157,1.00,1.12
2017.09.28 11:08:21.892,1.34148,1.34156,1.50,1.00
2017.09.28 11:08:22.643,1.34149,1.34156,1.00,3.00
2017.09.28 11:08:23.001,1.34147,1.34156,4.01,3.37
2017.09.28 11:08:24.057,1.34147,1.34155,3.64,1.37
2017.09.28 11:08:24.604,1.34147,1.34155,2.81,1.12
2017.09.28 11:08:25.591,1.34147,1.34155,3.56,3.00
2017.09.28 11:08:25.956,1.34147,1.34156,6.56,1.00
2017.09.28 11:08:35.992,1.34156,1.34158,1.00,4.57
2017.09.28 11:08:36.044,1.3416,1.34163,2.21,2.25
2017.09.28 11:08:36.095,1.34167,1.34183,11.31,1.12
2017.09.28 11:08:36.147,1.34182,1.34188,2.00,1.07
2017.09.28 11:08:36.249,1.34188,1.34193,1.00,1.20
2017.09.28 11:08:36.300,1.34184,1.34193,3.75,2.14
2017.09.28 11:08:36.352,1.34189,1.34193,1.00,1.69
2017.09.28 11:08:36.404,1.34189,1.34193,1.00,1.12
2017.09.28 11:08:36.455,1.34192,1.34197,1.00,2.14
2017.09.28 11:08:36.971,1.3419,1.34197,1.00,1.69
2017.09.28 11:08:37.332,1.3419,1.34195,1.00,1.50
2017.09.28 11:08:37.842,1.3419,1.34194,1.00,1.50
2017.09.28 11:08:37.893,1.3419,1.34197,1.00,2.62
2017.09.28 11:08:38.438,1.34189,1.34197,1.00,2.44
2017.09.28 11:08:38.949,1.34189,1.34196,1.00,1.50
2017.09.28 11:08:39.411,1.34188,1.34193,1.00,2.25
2017.09.28 11:08:39.463,1.34186,1.34193,1.00,6.34
2017.09.28 11:08:39.644,1.34183,1.34191,1.25,2.81
2017.09.28 11:08:39.695,1.34183,1.34191,1.00,2.06
2017.09.28 11:08:39.798,1.34183,1.34191,1.00,2.06
2017.09.28 11:08:39.849,1.34185,1.34191,1.00,1.31
2017.09.28 11:08:40.409,1.34185,1.34191,1.00,1.31
2017.09.28 11:08:41.104,1.34185,1.34191,1.00,1.31
2017.09.28 11:08:42.196,1.34185,1.34192,1.00,1.12
2017.09.28 11:08:44.800,1.34185,1.34191,1.00,1.37
2017.09.28 11:08:45.376,1.34185,1.34191,1.00,1.20
2017.09.28 11:08:45.530,1.34187,1.34195,1.00,1.50
2017.09.28 11:08:45.633,1.34187,1.34193,1.00,1.50
2017.09.28 11:08:46.158,1.34187,1.34194,1.00,1.87
2017.09.28 11:08:46.209,1.34185,1.34193,1.12,1.87
2017.09.28 11:08:46.424,1.34186,1.34194,1.50,3.71
2017.09.28 11:08:46.526,1.34186,1.34194,1.50,3.00
2017.09.28 11:08:47.040,1.34188,1.34194,1.00,1.00
2017.09.28 11:08:47.714,1.34186,1.34192,2.25,1.00
2017.09.28 11:08:47.918,1.34181,1.34189,2.51,1.12
2017.09.28 11:08:47.970,1.34181,1.34189,1.76,1.12
2017.09.28 11:08:48.225,1.34179,1.34187,3.45,1.50
2017.09.28 11:08:48.540,1.3417,1.34178,3.26,1.00
2017.09.28 11:08:48.592,1.34169,1.34178,4.39,1.25
2017.09.28 11:08:48.643,1.34169,1.34176,4.39,1.00
2017.09.28 11:08:49.307,1.34169,1.34176,1.01,1.00
2017.09.28 11:08:50.344,1.34168,1.34176,1.10,1.50
2017.09.28 11:08:50.851,1.34169,1.34176,1.95,1.00
2017.09.28 11:08:53.215,1.34168,1.34175,3.07,1.00
2017.09.28 11:08:53.733,1.34168,1.34177,1.20,1.00
2017.09.28 11:08:54.943,1.3417,1.34177,1.57,1.00
2017.09.28 11:08:55.982,1.34169,1.34176,3.07,1.50
2017.09.28 11:08:56.492,1.34169,1.34175,1.07,1.00
2017.09.28 11:08:58.046,1.34167,1.34175,4.39,1.00
2017.09.28 11:08:58.319,1.34167,1.3417,1.10,1.09
2017.09.28 11:08:58.474,1.34161,1.34167,1.31,1.00
2017.09.28 11:08:58.986,1.3416,1.34166,1.00,1.00
2017.09.28 11:08:59.038,1.3416,1.34162,1.00,1.00
2017.09.28 11:08:59.140,1.34155,1.3416,1.57,3.14
2017.09.28 11:08:59.243,1.34151,1.34157,1.69,1.00
2017.09.28 11:08:59.500,1.34151,1.34158,3.82,1.09
2017.09.28 11:08:59.604,1.3415,1.34156,1.12,1.50
2017.09.28 11:09:00.116,1.34149,1.34157,2.32,1.09
2017.09.28 11:09:00.627,1.34149,1.34156,2.32,1.00
2017.09.28 11:09:01.802,1.34147,1.34155,4.39,1.00
2017.09.28 11:09:01.957,1.34146,1.34152,1.45,1.00
2017.09.28 11:09:02.009,1.34143,1.34149,1.76,1.00
2017.09.28 11:09:02.060,1.34143,1.34147,1.01,1.00
2017.09.28 11:09:02.112,1.34143,1.3415,1.76,2.25
2017.09.28 11:09:02.163,1.34146,1.3415,1.87,1.00
2017.09.28 11:09:02.424,1.34143,1.3415,3.08,1.00
2017.09.28 11:09:02.527,1.34147,1.34153,1.00,2.25
2017.09.28 11:09:02.833,1.34148,1.34154,1.07,1.00
2017.09.28 11:09:02.986,1.34147,1.34156,2.32,1.12
2017.09.28 11:09:03.525,1.34147,1.34155,2.70,1.00
2017.09.28 11:09:04.034,1.34147,1.34155,3.07,1.00
2017.09.28 11:09:04.834,1.34148,1.34157,1.95,1.50
2017.09.28 11:09:05.349,1.34149,1.34157,2.32,1.00
2017.09.28 11:09:05.506,1.34149,1.34155,1.95,1.00
2017.09.28 11:09:05.610,1.34148,1.34157,3.45,1.00
2017.09.28 11:09:07.603,1.3415,1.34156,1.95,1.50
2017.09.28 11:09:07.655,1.3415,1.34158,1.20,1.50
2017.09.28 11:09:08.164,1.34149,1.34157,3.82,1.00
2017.09.28 11:09:08.266,1.34149,1.34155,1.20,1.00
2017.09.28 11:09:09.339,1.34149,1.34154,1.07,1.00
2017.09.28 11:09:10.126,1.34148,1.34156,4.01,1.00
2017.09.28 11:09:10.333,1.34148,1.34154,1.01,1.50
2017.09.28 11:09:10.666,1.34142,1.34149,1.64,1.00
2017.09.28 11:09:10.717,1.34142,1.34149,1.39,1.00
2017.09.28 11:09:10.820,1.34144,1.34153,4.76,2.25
2017.09.28 11:09:10.872,1.34149,1.34155,1.87,4.87
2017.09.28 11:09:11.384,1.34148,1.34155,3.64,1.00
2017.09.28 11:09:12.102,1.34148,1.34156,4.39,1.00
2017.09.28 11:09:12.153,1.34151,1.34159,1.00,1.87
2017.09.28 11:09:12.800,1.34151,1.34155,1.00,1.87
2017.09.28 11:09:12.904,1.34141,1.34149,2.32,1.84
2017.09.28 11:09:13.058,1.34141,1.34149,1.20,1.88
2017.09.28 11:09:13.563,1.34141,1.34149,1.20,1.88
2017.09.28 11:09:14.209,1.34142,1.34149,1.00,1.50
2017.09.28 11:09:16.062,1.34141,1.34148,1.00,1.69
2017.09.28 11:09:16.704,1.34142,1.3415,1.00,6.34
2017.09.28 11:09:18.097,1.34141,1.34147,1.00,2.25
2017.09.28 11:09:18.659,1.34141,1.34149,1.00,6.52
2017.09.28 11:09:19.704,1.34141,1.34149,1.00,3.56
2017.09.28 11:09:20.296,1.34141,1.34149,1.00,3.19
2017.09.28 11:09:24.816,1.34142,1.34148,1.00,1.69
2017.09.28 11:09:26.232,1.34142,1.34147,1.50,1.50
2017.09.28 11:09:26.567,1.34142,1.34149,1.50,1.50
2017.09.28 11:09:28.438,1.34143,1.34149,1.00,1.00
2017.09.28 11:09:29.918,1.34142,1.34149,1.57,2.63
2017.09.28 11:09:31.916,1.34142,1.3415,1.50,3.75
2017.09.28 11:09:33.175,1.34142,1.34148,1.00,1.00
2017.09.28 11:09:34.136,1.34141,1.34147,1.00,1.00
2017.09.28 11:09:38.957,1.34143,1.34147,1.50,1.00
2017.09.28 11:09:39.162,1.34148,1.34154,1.87,1.50
2017.09.28 11:09:39.316,1.34145,1.34152,3.08,1.50
2017.09.28 11:09:39.654,1.3415,1.34154,1.00,1.00
2017.09.28 11:09:40.167,1.34146,1.34152,1.12,1.00
2017.09.28 11:09:40.677,1.34145,1.34152,1.00,3.34
2017.09.28 11:09:41.185,1.34145,1.34151,1.00,1.00
2017.09.28 11:09:41.491,1.34147,1.34151,1.00,1.00
2017.09.28 11:09:42.000,1.34147,1.3415,1.00,1.00
2017.09.28 11:09:45.677,1.34145,1.3415,1.00,1.00
2017.09.28 11:09:45.782,1.34143,1.34149,1.00,1.00
2017.09.28 11:09:45.935,1.34144,1.34151,1.00,2.25
2017.09.28 11:09:46.089,1.34147,1.34152,1.00,1.31
2017.09.28 11:09:46.449,1.34148,1.34154,1.00,1.00
2017.09.28 11:09:46.502,1.3415,1.34155,1.00,1.00
2017.09.28 11:09:47.013,1.3415,1.34154,1.00,1.00
2017.09.28 11:09:47.372,1.34154,1.34157,1.50,1.50
2017.09.28 11:09:47.592,1.34157,1.34162,1.00,1.37
2017.09.28 11:09:47.644,1.34153,1.3416,1.50,1.25
2017.09.28 11:09:47.848,1.34152,1.34159,1.00,1.50
2017.09.28 11:09:47.951,1.34151,1.34157,1.00,1.00
2017.09.28 11:09:48.053,1.34148,1.34155,1.00,1.00
2017.09.28 11:09:48.564,1.34149,1.34157,2.02,1.10
2017.09.28 11:09:48.884,1.3416,1.34162,1.00,1.50
2017.09.28 11:09:49.417,1.3416,1.34163,1.00,2.25
2017.09.28 11:09:49.880,1.34157,1.34162,1.00,3.75
2017.09.28 11:09:50.408,1.34155,1.3416,1.12,1.00
2017.09.28 11:09:51.084,1.34155,1.34162,1.00,3.19
2017.09.28 11:09:51.391,1.34157,1.34162,1.00,1.31
2017.09.28 11:09:51.912,1.34157,1.34161,1.00,1.50
2017.09.28 11:09:52.027,1.34155,1.34161,1.00,1.50
2017.09.28 11:09:52.836,1.34157,1.34161,1.00,1.12
2017.09.28 11:09:53.443,1.34157,1.34162,1.00,1.12
2017.09.28 11:09:54.989,1.34153,1.3416,1.00,1.00
2017.09.28 11:09:57.567,1.34156,1.3416,1.50,1.00
2017.09.28 11:09:57.620,1.34156,1.34162,2.44,1.00
2017.09.28 11:09:57.674,1.34158,1.34164,2.81,1.00
2017.09.28 11:09:57.931,1.34155,1.34163,5.14,1.00
2017.09.28 11:09:58.248,1.34155,1.34161,1.19,1.00
2017.09.28 11:09:58.761,1.34152,1.34161,2.25,1.50
2017.09.28 11:09:59.119,1.34152,1.3416,3.75,1.00
2017.09.28 11:09:59.854,1.34154,1.3416,1.00,3.45
2017.09.28 11:10:00.270,1.34154,1.34162,1.00,4.01
2017.09.28 11:10:00.832,1.34155,1.34162,1.00,4.01
2017.09.28 11:10:01.141,1.34153,1.34159,1.00,1.00
2017.09.28 11:10:01.677,1.34152,1.34159,1.00,2.25
2017.09.28 11:10:01.985,1.34158,1.34162,1.00,1.12
2017.09.28 11:10:02.245,1.34158,1.34164,1.00,1.00
2017.09.28 11:10:02.908,1.3416,1.34164,1.00,1.00
2017.09.28 11:10:03.254,1.34162,1.34166,1.00,1.00
2017.09.28 11:10:04.136,1.34161,1.34166,1.00,1.00
2017.09.28 11:10:04.646,1.34161,1.34167,1.00,1.12
2017.09.28 11:10:05.869,1.34162,1.34167,1.00,1.00
2017.09.28 11:10:06.170,1.34159,1.34165,1.00,1.50
2017.09.28 11:10:06.225,1.34158,1.34162,1.62,1.00
2017.09.28 11:10:06.328,1.34156,1.34163,1.00,3.38
2017.09.28 11:10:06.938,1.34156,1.34162,1.00,1.09
2017.09.28 11:10:07.451,1.34155,1.34162,1.00,2.02
2017.09.28 11:10:07.985,1.34155,1.34163,1.00,4.54
2017.09.28 11:10:08.864,1.34155,1.34163,1.00,6.04
2017.09.28 11:10:10.727,1.34161,1.34166,1.00,3.94
2017.09.28 11:10:10.781,1.34162,1.34167,1.00,1.69
2017.09.28 11:10:10.884,1.34163,1.34168,1.00,1.00
2017.09.28 11:10:11.476,1.34162,1.34168,1.00,2.25
2017.09.28 11:10:11.987,1.34163,1.34168,1.00,1.00
2017.09.28 11:10:12.536,1.34164,1.34171,1.00,3.22
2017.09.28 11:10:13.061,1.34165,1.34172,1.00,1.39
2017.09.28 11:10:13.567,1.34165,1.34173,1.00,3.64
2017.09.28 11:10:14.315,1.34166,1.34172,1.00,1.12
2017.09.28 11:10:14.831,1.34165,1.34173,1.00,1.69
2017.09.28 11:10:15.566,1.34166,1.34173,1.00,1.12
2017.09.28 11:10:15.824,1.34168,1.34175,1.00,1.69
2017.09.28 11:10:16.030,1.34168,1.34176,1.00,1.25
2017.09.28 11:10:16.774,1.3417,1.34176,1.00,1.25
2017.09.28 11:10:17.327,1.3417,1.34178,1.00,1.87
2017.09.28 11:10:17.629,1.34172,1.34178,1.50,1.00
2017.09.28 11:10:17.791,1.34177,1.34185,6.00,1.19
2017.09.28 11:10:17.843,1.34177,1.34184,4.12,1.25
2017.09.28 11:10:18.257,1.34173,1.34181,1.12,2.62
2017.09.28 11:10:18.411,1.34175,1.34182,1.00,1.87
2017.09.28 11:10:19.015,1.34175,1.34183,1.00,3.00
2017.09.28 11:10:19.322,1.34178,1.34186,1.37,2.44
2017.09.28 11:10:19.529,1.34176,1.34185,1.69,2.44
2017.09.28 11:10:19.849,1.34178,1.34187,1.00,4.31
2017.09.28 11:10:21.015,1.34178,1.34186,1.87,1.19
2017.09.28 11:10:21.546,1.34178,1.34185,1.00,1.19
2017.09.28 11:10:22.332,1.34177,1.34186,3.18,1.19
2017.09.28 11:10:22.486,1.3418,1.34188,1.00,1.25
2017.09.28 11:10:23.029,1.34181,1.34189,1.12,1.76
2017.09.28 11:10:23.544,1.34179,1.34188,1.00,4.13
2017.09.28 11:10:24.270,1.34176,1.34184,3.45,2.25
2017.09.28 11:10:24.614,1.3418,1.34188,1.00,2.89
2017.09.28 11:10:24.769,1.34181,1.3419,1.00,6.26
2017.09.28 11:10:25.283,1.3418,1.34187,1.00,3.19
2017.09.28 11:10:25.793,1.3418,1.34187,1.00,3.26
2017.09.28 11:10:25.998,1.34179,1.34188,2.25,1.00
2017.09.28 11:10:26.050,1.34181,1.34188,1.00,1.00
2017.09.28 11:10:26.656,1.34182,1.34188,1.00,1.00
2017.09.28 11:10:27.171,1.34182,1.34189,1.00,2.44
2017.09.28 11:10:27.809,1.34181,1.34189,1.11,3.19
2017.09.28 11:10:28.116,1.34183,1.34189,1.00,2.81
2017.09.28 11:10:28.473,1.3418,1.34187,1.00,1.00
2017.09.28 11:10:28.886,1.34182,1.34188,1.00,2.70
2017.09.28 11:10:29.498,1.34182,1.3419,1.00,4.65
2017.09.28 11:10:31.234,1.34181,1.34189,1.00,2.06
2017.09.28 11:10:31.750,1.34182,1.34188,1.00,2.25
2017.09.28 11:10:32.262,1.34181,1.34189,1.00,2.44
2017.09.28 11:10:33.199,1.34183,1.3419,1.00,1.39
2017.09.28 11:10:50.954,1.34183,1.3419,2.62,1.31
2017.09.28 11:10:51.006,1.34188,1.34196,1.13,1.19
2017.09.28 11:10:51.518,1.34188,1.34196,3.94,1.00
2017.09.28 11:10:54.168,1.34189,1.34197,4.69,1.00
2017.09.28 11:10:54.689,1.34189,1.34197,3.38,1.00
2017.09.28 11:10:56.704,1.34189,1.34197,2.25,1.00
2017.09.28 11:10:57.272,1.34189,1.34196,3.00,1.00
2017.09.28 11:10:57.576,1.34189,1.34198,3.45,2.62
2017.09.28 11:10:58.165,1.34189,1.34198,1.87,3.19
2017.09.28 11:11:00.622,1.3419,1.342,1.00,3.26
2017.09.28 11:11:06.018,1.34189,1.34199,2.25,2.62
2017.09.28 11:11:06.638,1.34188,1.34196,2.25,1.00
2017.09.28 11:11:06.800,1.34182,1.34192,4.95,3.75
2017.09.28 11:11:08.807,1.34184,1.34192,1.50,4.50
2017.09.28 11:11:09.917,1.34185,1.34193,1.50,1.50
2017.09.28 11:11:10.112,1.34187,1.34195,1.50,1.69
2017.09.28 11:11:10.622,1.34186,1.34195,2.25,3.19
2017.09.28 11:11:10.878,1.34185,1.34193,3.19,1.00
2017.09.28 11:11:11.155,1.34185,1.34195,2.25,4.12
2017.09.28 11:11:11.665,1.34186,1.34195,1.25,2.06
2017.09.28 11:11:12.185,1.34186,1.34195,1.50,2.06
2017.09.28 11:11:12.702,1.34185,1.34194,4.31,3.19
2017.09.28 11:11:13.770,1.34185,1.34194,1.87,2.44
2017.09.28 11:11:14.331,1.34187,1.34195,1.50,1.69
2017.09.28 11:11:14.637,1.34189,1.34197,1.12,1.00
2017.09.28 11:11:15.789,1.34189,1.34198,1.00,2.62
2017.09.28 11:11:16.553,1.34189,1.34198,2.25,2.32
2017.09.28 11:11:17.093,1.34189,1.34198,2.25,2.32
2017.09.28 11:11:18.653,1.34187,1.34197,3.56,1.31
2017.09.28 11:11:19.161,1.34188,1.34197,1.50,2.62
2017.09.28 11:11:19.737,1.34187,1.34196,1.25,1.95
2017.09.28 11:11:20.154,1.34184,1.34193,1.37,1.12
2017.09.28 11:11:20.669,1.34184,1.34193,2.62,2.62
2017.09.28 11:11:21.428,1.34187,1.34193,1.00,2.62
2017.09.28 11:11:22.888,1.34187,1.34193,1.00,1.84
2017.09.28 11:11:23.322,1.34189,1.34195,1.00,1.39
2017.09.28 11:11:23.582,1.34191,1.34197,1.00,1.25
2017.09.28 11:11:23.685,1.34189,1.34197,1.12,1.25
2017.09.28 11:11:24.209,1.34189,1.34197,3.00,1.00
2017.09.28 11:11:25.939,1.34189,1.34197,1.12,1.00
2017.09.28 11:11:27.092,1.3419,1.34197,1.50,1.00
2017.09.28 11:11:30.865,1.34191,1.34197,1.87,1.00
2017.09.28 11:11:30.917,1.34193,1.34202,2.81,1.31
2017.09.28 11:11:31.070,1.34192,1.342,1.37,1.12
2017.09.28 11:11:31.379,1.34191,1.34198,3.00,1.00
2017.09.28 11:11:31.431,1.34191,1.34198,2.62,1.00
2017.09.28 11:11:32.181,1.34194,1.342,2.06,1.12
2017.09.28 11:11:32.440,1.34198,1.34207,4.12,1.87
2017.09.28 11:11:33.271,1.34198,1.34205,4.87,1.00
2017.09.28 11:11:34.474,1.342,1.34206,1.87,1.00
2017.09.28 11:11:36.015,1.342,1.34206,4.12,1.00
2017.09.28 11:11:36.220,1.34202,1.34209,1.50,1.00
2017.09.28 11:11:36.741,1.342,1.34208,3.94,1.00
2017.09.28 11:11:39.458,1.34201,1.34206,3.75,1.00
2017.09.28 11:11:39.764,1.34202,1.34208,1.30,1.00
2017.09.28 11:11:39.868,1.34206,1.34211,1.87,1.50
2017.09.28 11:11:40.074,1.34208,1.34215,2.32,1.00
2017.09.28 11:11:40.590,1.34209,1.34216,1.47,1.00
2017.09.28 11:11:40.895,1.34209,1.34214,1.37,1.00
2017.09.28 11:11:40.947,1.34207,1.34213,1.12,1.00
2017.09.28 11:11:41.049,1.34205,1.3421,1.47,1.00
2017.09.28 11:11:41.202,1.34202,1.34207,1.00,1.00
2017.09.28 11:11:41.407,1.34201,1.34209,3.82,1.00
2017.09.28 11:11:41.909,1.34202,1.34209,1.87,1.00
2017.09.28 11:11:43.254,1.34201,1.34209,1.10,1.50
2017.09.28 11:11:46.007,1.342,1.34207,2.62,1.00
2017.09.28 11:11:50.512,1.34199,1.34207,2.25,1.00
2017.09.28 11:11:57.232,1.34205,1.3421,1.50,1.50
2017.09.28 11:11:57.386,1.34207,1.34214,1.87,1.31
2017.09.28 11:11:57.541,1.34206,1.34211,1.00,1.00
2017.09.28 11:11:57.593,1.34204,1.34211,2.25,1.00
2017.09.28 11:11:58.918,1.34203,1.34211,4.01,1.00
2017.09.28 11:12:03.797,1.34204,1.34213,1.87,2.25
2017.09.28 11:12:04.124,1.34206,1.34211,1.12,1.00
2017.09.28 11:12:04.470,1.34201,1.3421,1.87,1.12
2017.09.28 11:12:05.576,1.34201,1.3421,5.63,1.12
2017.09.28 11:12:05.774,1.34205,1.3421,1.00,1.12
2017.09.28 11:12:06.386,1.34206,1.34212,1.00,1.00
2017.09.28 11:12:06.756,1.3421,1.34215,1.50,1.00
2017.09.28 11:12:07.064,1.3421,1.34217,3.75,1.50
2017.09.28 11:12:07.568,1.34211,1.34217,4.12,1.00
2017.09.28 11:12:08.078,1.34212,1.34218,1.12,1.00
2017.09.28 11:12:08.612,1.34211,1.34218,3.37,1.19
2017.09.28 11:12:12.553,1.34211,1.34217,1.00,1.31
2017.09.28 11:12:12.823,1.34208,1.34215,1.37,1.69
2017.09.28 11:12:13.285,1.34207,1.34215,2.25,1.57
2017.09.28 11:12:13.842,1.34207,1.34214,1.00,1.00
2017.09.28 11:12:15.212,1.34207,1.34215,1.00,2.14
2017.09.28 11:12:15.367,1.34209,1.34215,1.00,1.31
2017.09.28 11:12:15.623,1.3421,1.34217,1.00,1.25
2017.09.28 11:12:16.134,1.34211,1.34217,1.12,1.00
2017.09.28 11:12:16.646,1.34211,1.34217,1.50,1.00
2017.09.28 11:12:17.124,1.3421,1.34217,1.12,1.00
2017.09.28 11:12:18.699,1.3421,1.34218,4.31,1.00
2017.09.28 11:12:19.179,1.34215,1.34221,1.12,1.25
2017.09.28 11:12:21.491,1.34217,1.34221,1.00,1.00
2017.09.28 11:12:21.645,1.34217,1.34224,3.00,1.50
2017.09.28 11:12:21.697,1.34219,1.34227,1.50,2.89
2017.09.28 11:12:22.207,1.3422,1.34227,1.00,1.00
2017.09.28 11:12:22.344,1.3422,1.34229,1.00,2.33
2017.09.28 11:12:22.873,1.34219,1.34228,1.87,1.69
2017.09.28 11:12:23.178,1.34218,1.34226,1.12,2.06
2017.09.28 11:12:23.698,1.34218,1.34226,1.00,2.51
2017.09.28 11:12:24.004,1.34215,1.34223,1.50,1.42
2017.09.28 11:12:24.157,1.34216,1.34224,1.00,2.32
2017.09.28 11:12:24.209,1.34217,1.34224,2.25,1.00
2017.09.28 11:12:24.719,1.34218,1.34224,2.62,1.00
2017.09.28 11:12:25.132,1.34218,1.34227,2.25,4.95
2017.09.28 11:12:25.184,1.34217,1.34223,1.00,2.62
2017.09.28 11:12:25.491,1.34215,1.3422,1.00,1.00
2017.09.28 11:12:25.798,1.34214,1.34218,2.25,1.00
2017.09.28 11:12:25.900,1.34212,1.34218,3.75,1.00
2017.09.28 11:12:26.424,1.34213,1.34217,1.50,1.00
2017.09.28 11:12:28.336,1.34211,1.34216,1.87,1.00
2017.09.28 11:12:29.469,1.34212,1.34216,1.50,1.00
2017.09.28 11:12:29.776,1.34212,1.34218,1.50,1.00
2017.09.28 11:12:32.103,1.34211,1.34218,1.50,1.00
2017.09.28 11:12:32.617,1.34212,1.3422,1.00,3.82
2017.09.28 11:12:34.483,1.34213,1.3422,1.00,1.76
2017.09.28 11:12:35.695,1.34209,1.34217,1.37,3.56
2017.09.28 11:12:35.746,1.34209,1.34215,1.37,1.25
2017.09.28 11:12:35.849,1.34207,1.34213,1.00,1.00
2017.09.28 11:12:36.155,1.34205,1.34213,2.25,1.25
2017.09.28 11:12:36.308,1.34205,1.34211,2.25,1.00
2017.09.28 11:12:36.834,1.34205,1.34211,4.87,1.00
2017.09.28 11:12:36.888,1.34209,1.34214,2.25,1.00
2017.09.28 11:12:36.939,1.34211,1.34216,1.00,1.47
2017.09.28 11:12:36.991,1.3421,1.34216,2.25,1.00
2017.09.28 11:12:37.300,1.34208,1.34215,2.25,1.87
2017.09.28 11:12:37.862,1.3421,1.34216,2.25,1.10
2017.09.28 11:12:38.005,1.34211,1.34218,2.25,1.31
2017.09.28 11:12:39.129,1.34213,1.34218,1.00,1.00
2017.09.28 11:12:39.643,1.34214,1.3422,1.00,2.06
2017.09.28 11:12:39.914,1.34211,1.34217,1.87,1.00
2017.09.28 11:12:47.925,1.34212,1.34217,1.50,1.00
2017.09.28 11:12:49.334,1.34209,1.34212,1.95,1.00
2017.09.28 11:12:49.488,1.34203,1.34208,1.50,1.00
2017.09.28 11:12:50.036,1.34202,1.34209,1.50,2.06
2017.09.28 11:12:51.175,1.34198,1.34205,2.62,1.10
2017.09.28 11:12:51.452,1.3419,1.34197,2.32,1.50
2017.09.28 11:12:51.962,1.3419,1.34197,2.25,1.50
2017.09.28 11:12:52.319,1.34192,1.34197,1.50,1.50
2017.09.28 11:12:53.278,1.34192,1.34198,1.50,1.50
2017.09.28 11:12:56.746,1.34193,1.34198,1.00,1.00
2017.09.28 11:12:57.410,1.34192,1.34198,1.50,1.50
2017.09.28 11:12:58.490,1.3419,1.34194,1.50,1.12
2017.09.28 11:12:58.777,1.34172,1.34179,1.87,1.25
2017.09.28 11:12:58.831,1.3417,1.34178,2.70,1.13
2017.09.28 11:12:58.883,1.34168,1.34174,2.32,1.12
2017.09.28 11:12:58.987,1.34162,1.3417,1.37,1.00
2017.09.28 11:12:59.931,1.34163,1.3417,1.87,1.37
2017.09.28 11:13:00.138,1.34166,1.34172,1.50,1.00
2017.09.28 11:13:00.446,1.34163,1.34169,1.50,1.00
2017.09.28 11:13:00.966,1.34162,1.34169,1.50,1.00
2017.09.28 11:13:01.798,1.34161,1.34169,1.50,1.00
2017.09.28 11:13:02.337,1.34162,1.34169,1.50,1.12
2017.09.28 11:13:03.341,1.34169,1.3417,1.50,1.00
2017.09.28 11:13:03.443,1.34171,1.34176,1.50,1.37
2017.09.28 11:13:03.546,1.34171,1.34178,1.50,1.00
2017.09.28 11:13:04.498,1.34171,1.34177,1.50,1.00
2017.09.28 11:13:05.527,1.3417,1.34177,1.50,1.00
2017.09.28 11:13:07.444,1.34171,1.34177,1.50,1.00
2017.09.28 11:13:08.513,1.34171,1.34178,1.50,1.00
2017.09.28 11:13:09.241,1.34171,1.34177,1.50,1.00
2017.09.28 11:13:09.344,1.34168,1.34177,4.31,1.12
2017.09.28 11:13:09.864,1.34168,1.34176,1.25,1.00
2017.09.28 11:13:12.070,1.34168,1.34175,1.25,1.00
2017.09.28 11:13:14.054,1.34167,1.34176,2.51,1.00
2017.09.28 11:13:14.564,1.34169,1.34178,1.00,3.07
2017.09.28 11:13:15.600,1.34169,1.34177,1.00,1.37
2017.09.28 11:13:17.111,1.3417,1.34178,1.00,2.32
2017.09.28 11:13:18.838,1.34171,1.34178,1.00,4.57
2017.09.28 11:13:19.407,1.34171,1.34178,1.00,3.45
2017.09.28 11:13:27.051,1.3417,1.34178,1.00,3.00
2017.09.28 11:13:31.853,1.34169,1.34176,2.62,1.00
2017.09.28 11:13:32.363,1.34169,1.34175,1.50,1.00
2017.09.28 11:13:33.324,1.34169,1.34176,2.25,1.00
2017.09.28 11:13:33.836,1.3417,1.34177,1.87,1.00
2017.09.28 11:13:43.432,1.3417,1.34176,1.87,1.00
2017.09.28 11:13:46.282,1.34169,1.34176,2.25,1.00
2017.09.28 11:13:46.791,1.34169,1.34176,2.81,1.12
2017.09.28 11:13:49.936,1.3417,1.34176,1.87,1.12
2017.09.28 11:13:52.030,1.3417,1.34176,1.87,1.12
2017.09.28 11:13:54.521,1.34174,1.34178,1.50,1.00
2017.09.28 11:13:54.727,1.34177,1.34184,2.25,1.00
2017.09.28 11:13:54.779,1.34174,1.3418,1.57,1.00
2017.09.28 11:13:54.932,1.34177,1.34182,1.69,1.00
2017.09.28 11:13:55.035,1.34177,1.34185,2.63,3.00
2017.09.28 11:13:55.575,1.34179,1.34185,1.87,2.25
2017.09.28 11:13:56.967,1.34178,1.34183,1.50,1.00
2017.09.28 11:13:57.479,1.34178,1.34184,2.06,1.00
2017.09.28 11:13:58.001,1.34178,1.34183,1.87,1.00
2017.09.28 11:13:59.175,1.34175,1.34182,3.82,1.00
2017.09.28 11:13:59.227,1.34174,1.3418,1.47,1.00
2017.09.28 11:13:59.431,1.3417,1.34178,2.81,1.00
2017.09.28 11:13:59.483,1.3417,1.34176,3.00,1.00
2017.09.28 11:14:00.339,1.3417,1.34176,3.19,1.00
2017.09.28 11:14:00.872,1.3417,1.34176,3.00,1.00
2017.09.28 11:14:03.153,1.3417,1.34176,3.19,1.00
2017.09.28 11:14:03.677,1.3417,1.34176,2.06,1.00
2017.09.28 11:14:04.188,1.3417,1.34176,5.44,1.00
2017.09.28 11:14:04.713,1.3417,1.34176,5.44,1.00
2017.09.28 11:14:05.613,1.3417,1.34176,2.44,1.00
2017.09.28 11:14:08.043,1.3417,1.34176,2.44,1.00
2017.09.28 11:14:08.570,1.3417,1.34176,2.06,1.00
2017.09.28 11:14:10.637,1.34171,1.34178,1.50,1.50
2017.09.28 11:14:11.578,1.34171,1.34178,2.25,1.50
2017.09.28 11:14:11.943,1.3417,1.34177,1.25,1.00
2017.09.28 11:14:12.484,1.3417,1.34176,2.44,1.00
2017.09.28 11:14:14.310,1.3417,1.34177,2.06,1.00
2017.09.28 11:14:21.423,1.34169,1.34177,2.06,2.25
2017.09.28 11:14:21.526,1.34169,1.34177,2.44,1.50
2017.09.28 11:14:21.835,1.34173,1.34177,2.25,1.00
2017.09.28 11:14:21.886,1.34173,1.3418,2.63,1.50
2017.09.28 11:14:22.039,1.34173,1.3418,2.44,1.50
2017.09.28 11:14:23.169,1.34173,1.34179,1.50,1.00
2017.09.28 11:14:23.220,1.34171,1.34178,2.44,1.00
2017.09.28 11:14:23.476,1.34171,1.34178,2.63,1.00
2017.09.28 11:14:23.783,1.34171,1.34178,2.44,1.00
2017.09.28 11:14:24.552,1.34171,1.34178,3.00,1.00
2017.09.28 11:14:25.204,1.34171,1.34178,2.44,1.00
2017.09.28 11:14:25.725,1.34172,1.34178,1.00,1.00
2017.09.28 11:14:26.943,1.34171,1.34178,3.19,1.00
2017.09.28 11:14:27.504,1.34171,1.34178,3.37,1.00
2017.09.28 11:14:27.556,1.34171,1.34176,1.00,1.00
2017.09.28 11:14:28.067,1.34175,1.3418,1.50,3.00
2017.09.28 11:14:28.118,1.34173,1.34179,1.00,2.25
2017.09.28 11:14:28.170,1.34177,1.3418,1.25,2.25
2017.09.28 11:14:28.357,1.34177,1.34182,1.00,2.62
2017.09.28 11:14:28.871,1.34175,1.34181,1.50,1.12
2017.09.28 11:14:28.923,1.34173,1.3418,1.10,2.25
2017.09.28 11:14:29.280,1.3417,1.34178,1.37,1.00
2017.09.28 11:14:30.602,1.3417,1.34178,1.69,2.25
2017.09.28 11:14:31.195,1.3417,1.34178,1.87,1.87
2017.09.28 11:14:31.920,1.3417,1.34177,1.87,1.00
2017.09.28 11:14:34.860,1.34171,1.34176,1.12,1.00
2017.09.28 11:14:35.372,1.34171,1.34175,1.00,1.00
2017.09.28 11:14:35.903,1.34171,1.34176,1.00,1.00
2017.09.28 11:14:36.868,1.34168,1.34176,4.69,1.00
2017.09.28 11:14:38.365,1.34168,1.34176,3.56,1.00
2017.09.28 11:14:38.893,1.34168,1.34176,3.75,1.00
2017.09.28 11:14:38.977,1.34168,1.34176,4.50,1.00
2017.09.28 11:14:39.881,1.34169,1.34176,1.88,1.00
2017.09.28 11:14:40.411,1.34168,1.34176,3.94,1.12
2017.09.28 11:14:47.438,1.34168,1.34176,3.56,1.50
2017.09.28 11:14:47.940,1.34168,1.34175,3.75,1.00
2017.09.28 11:14:48.816,1.34168,1.34175,3.19,1.00
2017.09.28 11:14:50.425,1.34168,1.34176,2.81,1.00
2017.09.28 11:14:52.041,1.34168,1.34173,1.00,2.25
2017.09.28 11:14:52.265,1.34157,1.34165,2.25,1.50
2017.09.28 11:14:52.318,1.34159,1.34166,1.00,2.70
2017.09.28 11:14:52.829,1.34159,1.34166,1.00,1.12
2017.09.28 11:14:53.444,1.34158,1.34166,2.62,1.12
2017.09.28 11:14:54.302,1.34158,1.34166,3.37,1.12
2017.09.28 11:14:55.262,1.34158,1.34166,2.62,1.00
2017.09.28 11:14:55.770,1.34158,1.34164,1.00,1.50
2017.09.28 11:14:55.822,1.34155,1.34162,1.00,4.12
2017.09.28 11:14:55.976,1.34157,1.34164,1.87,1.37
2017.09.28 11:14:56.027,1.34158,1.34165,1.50,2.25
2017.09.28 11:14:56.915,1.34155,1.34165,3.00,3.19
2017.09.28 11:14:57.069,1.34154,1.34164,4.69,2.62
2017.09.28 11:14:57.172,1.34154,1.34162,3.00,1.00
2017.09.28 11:14:57.734,1.34156,1.34162,1.00,1.12
2017.09.28 11:14:57.786,1.34154,1.34163,1.87,2.62
2017.09.28 11:14:57.888,1.34155,1.34163,3.00,2.25
2017.09.28 11:14:58.042,1.34154,1.34163,1.87,1.95
2017.09.28 11:14:58.551,1.34153,1.34162,1.00,1.50
2017.09.28 11:14:59.085,1.34154,1.34161,1.25,1.00
2017.09.28 11:14:59.596,1.34154,1.34162,2.62,2.25
2017.09.28 11:15:00.116,1.34154,1.34161,2.25,1.00
2017.09.28 11:15:01.324,1.34155,1.34162,1.00,1.87
2017.09.28 11:15:01.427,1.34157,1.34162,2.25,1.00
2017.09.28 11:15:01.785,1.34159,1.34165,1.00,1.12
2017.09.28 11:15:02.289,1.34159,1.34166,4.12,1.00
2017.09.28 11:15:02.342,1.34166,1.34171,1.68,1.75
2017.09.28 11:15:02.394,1.34166,1.34171,1.50,1.12
2017.09.28 11:15:02.446,1.34167,1.34173,1.00,1.00
2017.09.28 11:15:02.549,1.34167,1.34175,3.00,1.50
2017.09.28 11:15:02.601,1.34164,1.34169,3.07,1.50
2017.09.28 11:15:02.704,1.34157,1.34163,2.70,1.00
2017.09.28 11:15:02.755,1.34154,1.34161,1.12,1.12
2017.09.28 11:15:02.910,1.34158,1.34163,1.50,1.00
2017.09.28 11:15:03.102,1.34158,1.34165,1.50,1.50
2017.09.28 11:15:03.772,1.34157,1.34165,3.00,1.00
2017.09.28 11:15:04.181,1.34159,1.34165,1.68,1.12
2017.09.28 11:15:04.529,1.34167,1.34174,2.62,4.12
2017.09.28 11:15:04.786,1.34162,1.34168,1.50,1.00
2017.09.28 11:15:05.289,1.34162,1.34169,2.25,1.00
2017.09.28 11:15:05.340,1.3416,1.34167,5.50,1.00
2017.09.28 11:15:05.852,1.34159,1.34167,4.87,1.12
2017.09.28 11:15:06.357,1.34159,1.34166,2.62,1.00
2017.09.28 11:15:06.766,1.34161,1.34168,2.81,3.37
2017.09.28 11:15:06.920,1.34162,1.34169,1.69,1.12
2017.09.28 11:15:07.859,1.34163,1.3417,1.50,1.87
2017.09.28 11:15:08.067,1.34161,1.34169,4.12,1.12
2017.09.28 11:15:08.221,1.3416,1.34167,1.37,1.00
2017.09.28 11:15:08.476,1.34159,1.34166,1.69,1.00
2017.09.28 11:15:08.838,1.34161,1.34166,1.50,1.12
2017.09.28 11:15:08.889,1.34159,1.34166,3.56,1.12
2017.09.28 11:15:10.150,1.34162,1.34166,1.00,1.12
2017.09.28 11:15:10.662,1.34162,1.34167,2.44,1.00
2017.09.28 11:15:10.970,1.34169,1.34174,1.50,1.50
2017.09.28 11:15:11.692,1.34169,1.34175,2.62,1.00
2017.09.28 11:15:12.250,1.34169,1.34174,3.75,1.00
2017.09.28 11:15:13.093,1.34169,1.34175,3.00,1.00
2017.09.28 11:15:14.315,1.34169,1.34175,3.00,1.50
2017.09.28 11:15:14.929,1.34171,1.34175,1.00,1.00
2017.09.28 11:15:15.237,1.34176,1.34179,1.00,1.00
2017.09.28 11:15:15.390,1.34178,1.34183,1.50,3.37
2017.09.28 11:15:15.578,1.34181,1.34185,1.00,1.00
2017.09.28 11:15:16.090,1.34182,1.34186,1.00,1.12
2017.09.28 11:15:16.607,1.34182,1.34187,1.00,1.50
2017.09.28 11:15:17.132,1.34182,1.34186,1.00,1.12
2017.09.28 11:15:17.642,1.34181,1.34185,1.00,1.12
2017.09.28 11:15:18.218,1.34181,1.34183,1.00,1.00
2017.09.28 11:15:18.423,1.34181,1.34185,1.00,1.12
2017.09.28 11:15:19.932,1.34182,1.34185,1.00,1.12
2017.09.28 11:15:20.479,1.34181,1.34185,1.00,1.00
2017.09.28 11:15:21.090,1.34181,1.34182,1.00,1.00
2017.09.28 11:15:21.141,1.34178,1.34181,1.25,1.00
2017.09.28 11:15:21.193,1.34177,1.34183,1.12,2.62
2017.09.28 11:15:21.697,1.34176,1.34182,1.00,1.50
2017.09.28 11:15:22.070,1.34176,1.34177,1.00,1.00
2017.09.28 11:15:22.224,1.34172,1.34177,1.69,1.00
2017.09.28 11:15:23.586,1.34172,1.34175,1.00,1.00
2017.09.28 11:15:24.524,1.34173,1.34175,1.00,1.00
2017.09.28 11:15:25.935,1.34172,1.34175,1.00,1.00
2017.09.28 11:15:26.782,1.34173,1.34175,1.00,1.00
2017.09.28 11:15:27.444,1.34172,1.34175,1.00,1.00
2017.09.28 11:15:28.037,1.34173,1.34175,1.00,1.00
2017.09.28 11:15:30.281,1.34172,1.34175,1.00,1.00
2017.09.28 11:15:31.211,1.34173,1.34175,1.00,1.12
2017.09.28 11:15:31.730,1.34172,1.34175,1.00,1.12
2017.09.28 11:15:32.719,1.34173,1.34175,1.00,1.00
2017.09.28 11:15:33.253,1.34172,1.34175,1.00,1.00
2017.09.28 11:15:34.545,1.34173,1.34175,1.00,1.00
2017.09.28 11:15:35.208,1.34172,1.34175,1.00,1.00
2017.09.28 11:15:36.169,1.34173,1.34175,1.00,1.00
2017.09.28 11:15:36.707,1.34172,1.34175,1.00,1.00
2017.09.28 11:15:37.253,1.34173,1.34175,1.00,1.00
2017.09.28 11:15:37.763,1.34172,1.34175,1.00,1.00
2017.09.28 11:15:39.095,1.34173,1.34175,1.00,1.00
2017.09.28 11:15:39.605,1.34172,1.34175,1.00,1.00
2017.09.28 11:15:40.193,1.34173,1.34175,1.00,1.00
2017.09.28 11:15:40.830,1.34172,1.34175,1.00,1.00
2017.09.28 11:15:41.386,1.34173,1.34175,1.00,1.00
2017.09.28 11:15:41.889,1.34172,1.34175,1.00,1.00
2017.09.28 11:15:43.154,1.34173,1.34176,1.00,3.00
2017.09.28 11:15:43.552,1.34171,1.34173,1.00,1.00
2017.09.28 11:15:43.655,1.34168,1.34172,1.12,1.00
2017.09.28 11:15:43.706,1.34171,1.34173,1.00,1.50
2017.09.28 11:15:44.298,1.34171,1.34174,1.00,24.37
2017.09.28 11:15:44.822,1.34171,1.34173,1.00,1.12
2017.09.28 11:15:45.148,1.34167,1.34172,1.12,1.00
2017.09.28 11:15:45.694,1.34166,1.34172,1.12,1.00
2017.09.28 11:15:45.745,1.34164,1.3417,1.55,1.50
2017.09.28 11:15:45.974,1.3416,1.34167,2.06,1.00
2017.09.28 11:15:46.831,1.3416,1.34167,1.69,1.12
2017.09.28 11:15:47.174,1.34164,1.34169,1.87,3.37
2017.09.28 11:15:47.430,1.34166,1.34174,3.00,1.87
2017.09.28 11:15:47.634,1.34165,1.34171,5.06,1.00
2017.09.28 11:15:47.789,1.34162,1.3417,1.10,3.00
2017.09.28 11:15:47.841,1.3416,1.34166,2.14,1.00
2017.09.28 11:15:48.360,1.3416,1.34166,1.12,1.00
2017.09.28 11:15:49.879,1.34159,1.34166,1.50,1.00
2017.09.28 11:15:53.413,1.34157,1.34164,2.06,1.00
2017.09.28 11:15:53.464,1.34154,1.3416,1.31,1.50
2017.09.28 11:15:53.569,1.34151,1.34159,3.37,1.12
2017.09.28 11:15:54.640,1.34151,1.34157,4.12,1.00
2017.09.28 11:15:54.896,1.34151,1.34159,1.87,1.12
2017.09.28 11:15:54.947,1.34151,1.34156,1.50,1.00
2017.09.28 11:15:55.658,1.3415,1.34156,3.37,1.00
2017.09.28 11:15:56.177,1.34151,1.34158,1.87,1.87
2017.09.28 11:15:57.084,1.34154,1.34158,1.00,1.00
2017.09.28 11:15:57.290,1.34156,1.34162,1.87,1.50
2017.09.28 11:15:57.343,1.34158,1.34162,1.87,1.00
2017.09.28 11:15:57.497,1.34158,1.34164,2.06,1.87
2017.09.28 11:15:58.641,1.34161,1.34164,1.00,1.00
2017.09.28 11:15:58.897,1.34158,1.34164,1.50,1.00
2017.09.28 11:15:58.949,1.3416,1.34164,1.00,1.00
2017.09.28 11:16:00.071,1.34158,1.34164,1.12,1.00
2017.09.28 11:16:00.173,1.34158,1.34166,6.19,1.12
2017.09.28 11:16:00.685,1.34158,1.34166,4.31,1.00
2017.09.28 11:16:01.193,1.34158,1.34166,4.13,1.00
2017.09.28 11:16:02.607,1.34159,1.34166,1.88,1.00
2017.09.28 11:16:03.110,1.34159,1.34166,1.50,1.00
2017.09.28 11:16:06.635,1.34159,1.34166,1.19,1.00
2017.09.28 11:16:07.155,1.34159,1.34166,1.00,1.00
2017.09.28 11:16:10.840,1.34158,1.34163,1.87,1.00
2017.09.28 11:16:10.995,1.34155,1.3416,2.25,1.12
2017.09.28 11:16:11.047,1.34156,1.34162,2.62,1.00
2017.09.28 11:16:11.099,1.34154,1.34161,3.52,1.00
2017.09.28 11:16:11.150,1.34154,1.34159,1.10,1.00
2017.09.28 11:16:11.406,1.34151,1.34158,1.50,1.00
2017.09.28 11:16:11.866,1.34154,1.3416,1.00,3.56
2017.09.28 11:16:12.376,1.34154,1.3416,1.00,1.31
2017.09.28 11:16:13.415,1.34153,1.34158,1.00,1.00
2017.09.28 11:16:13.520,1.34151,1.34157,1.00,1.00
2017.09.28 11:16:13.777,1.3415,1.34159,1.00,3.37
2017.09.28 11:16:13.829,1.34157,1.34161,1.00,3.71
2017.09.28 11:16:13.880,1.34157,1.34161,2.25,1.00
2017.09.28 11:16:13.933,1.3416,1.34165,1.00,2.06
2017.09.28 11:16:13.984,1.3416,1.34165,1.00,1.00
2017.09.28 11:16:15.053,1.3416,1.34166,1.00,1.00
2017.09.28 11:16:19.129,1.34158,1.34163,1.12,1.00
2017.09.28 11:16:19.283,1.34154,1.34161,1.00,1.00
2017.09.28 11:16:19.998,1.34154,1.3416,1.00,1.00
2017.09.28 11:16:21.762,1.34156,1.34162,1.12,1.00
2017.09.28 11:16:21.864,1.34157,1.34164,1.00,1.00
2017.09.28 11:16:22.942,1.34158,1.34164,1.00,1.00
2017.09.28 11:16:23.484,1.34158,1.34162,1.00,1.00
2017.09.28 11:16:24.684,1.3416,1.34162,1.00,1.00
2017.09.28 11:16:25.072,1.34162,1.34164,1.00,1.00
2017.09.28 11:16:25.282,1.34165,1.34169,1.87,1.10
2017.09.28 11:16:25.337,1.34172,1.34176,1.00,1.50
2017.09.28 11:16:25.595,1.34173,1.34177,1.00,1.00
2017.09.28 11:16:26.207,1.34172,1.34178,1.50,2.62
2017.09.28 11:16:26.600,1.34175,1.34178,1.00,1.00
2017.09.28 11:16:27.125,1.34174,1.34179,1.00,1.00
2017.09.28 11:16:29.121,1.34172,1.34179,2.25,1.00
2017.09.28 11:16:31.060,1.34173,1.34179,1.00,1.00
2017.09.28 11:16:31.604,1.34172,1.34179,1.00,1.00
2017.09.28 11:16:32.679,1.34173,1.34179,1.00,1.00
2017.09.28 11:16:33.187,1.34172,1.34179,1.50,1.00
2017.09.28 11:16:33.848,1.34177,1.34179,1.00,1.50
2017.09.28 11:16:34.106,1.34174,1.3418,1.00,1.12
2017.09.28 11:16:34.617,1.34174,1.34179,1.00,1.00
2017.09.28 11:16:34.872,1.34172,1.34179,1.50,1.00
2017.09.28 11:16:35.469,1.34173,1.34179,1.00,1.50
2017.09.28 11:16:36.025,1.34173,1.34179,1.00,1.50
2017.09.28 11:16:36.539,1.34172,1.34179,1.00,1.37
2017.09.28 11:16:37.121,1.34173,1.34178,1.00,1.00
2017.09.28 11:16:38.615,1.34172,1.34178,1.50,2.62
2017.09.28 11:16:39.123,1.34172,1.34178,1.00,1.87
2017.09.28 11:16:42.107,1.34173,1.34178,1.00,1.50
2017.09.28 11:16:42.617,1.34172,1.34178,1.00,1.50
2017.09.28 11:16:43.413,1.34172,1.34179,1.00,1.50
2017.09.28 11:16:44.510,1.34173,1.34179,1.00,1.12
2017.09.28 11:16:45.040,1.34173,1.34178,1.00,1.00
2017.09.28 11:16:45.548,1.34172,1.34178,1.00,1.00
2017.09.28 11:16:46.051,1.34173,1.34178,1.00,1.00
2017.09.28 11:16:46.574,1.34172,1.34178,1.00,1.00
2017.09.28 11:16:47.459,1.34173,1.34178,1.00,1.00
2017.09.28 11:16:48.049,1.34172,1.34178,1.00,1.00
2017.09.28 11:16:48.567,1.34173,1.34178,1.00,1.00
2017.09.28 11:16:49.887,1.34172,1.34178,1.00,1.00
2017.09.28 11:16:49.939,1.34172,1.34176,1.00,1.12
2017.09.28 11:16:49.991,1.34169,1.34176,1.39,2.62
2017.09.28 11:17:03.063,1.34166,1.34168,1.87,1.50
2017.09.28 11:17:03.166,1.34159,1.34166,2.06,1.00
2017.09.28 11:17:03.319,1.34159,1.34166,1.00,1.12
2017.09.28 11:17:04.071,1.34158,1.34166,1.87,1.12
2017.09.28 11:17:04.602,1.34158,1.34165,1.69,1.12
2017.09.28 11:17:06.190,1.34159,1.34166,1.00,1.37
2017.09.28 11:17:06.470,1.34157,1.34162,1.69,1.50
2017.09.28 11:17:06.623,1.34153,1.34159,1.00,1.50
2017.09.28 11:17:07.132,1.34152,1.34158,1.00,1.87
2017.09.28 11:17:07.806,1.34154,1.34158,1.00,1.00
2017.09.28 11:17:08.353,1.34153,1.34159,1.00,1.50
2017.09.28 11:17:08.660,1.34151,1.34157,1.00,1.47
2017.09.28 11:17:11.086,1.34149,1.34151,1.12,1.87
2017.09.28 11:17:11.189,1.34144,1.3415,2.63,1.87
2017.09.28 11:17:11.483,1.34148,1.34155,2.25,1.50
2017.09.28 11:17:11.789,1.3415,1.34156,1.00,6.00
2017.09.28 11:17:11.841,1.34148,1.34155,3.82,1.50
2017.09.28 11:17:12.297,1.3415,1.34155,1.00,1.50
2017.09.28 11:17:12.401,1.34148,1.34153,1.20,1.12
2017.09.28 11:17:12.504,1.34149,1.34155,1.00,1.12
2017.09.28 11:17:13.562,1.34149,1.34156,1.87,1.87
2017.09.28 11:17:14.614,1.34149,1.34157,2.25,2.06
2017.09.28 11:17:18.144,1.34148,1.34153,1.00,1.87
2017.09.28 11:17:18.299,1.3415,1.34156,1.00,1.95
2017.09.28 11:17:18.810,1.34149,1.34155,1.00,1.50
2017.09.28 11:17:20.631,1.34148,1.34155,1.00,1.50
2017.09.28 11:17:22.238,1.34148,1.34157,4.13,2.44
2017.09.28 11:17:22.796,1.34149,1.34157,1.25,2.44
2017.09.28 11:17:23.129,1.34158,1.3416,1.00,1.57
2017.09.28 11:17:23.232,1.34159,1.34163,1.00,1.00
2017.09.28 11:17:23.640,1.34158,1.34165,1.87,1.87
2017.09.28 11:17:24.839,1.34159,1.34165,1.50,1.87
2017.09.28 11:17:24.891,1.34161,1.34166,1.00,2.25
2017.09.28 11:17:24.942,1.34161,1.34169,1.50,5.44
2017.09.28 11:17:25.454,1.34164,1.34169,1.00,6.75
2017.09.28 11:17:25.658,1.34162,1.34167,1.00,1.87
2017.09.28 11:17:29.301,1.3416,1.34166,1.00,1.50
2017.09.28 11:17:29.717,1.34158,1.34165,2.06,1.00
2017.09.28 11:17:30.244,1.34159,1.34165,1.50,2.62
2017.09.28 11:17:30.690,1.34158,1.34159,1.50,1.00
2017.09.28 11:17:30.742,1.34154,1.34157,1.00,1.00
2017.09.28 11:17:31.072,1.34152,1.34156,1.50,1.00
2017.09.28 11:17:31.615,1.34153,1.34156,1.50,1.00
2017.09.28 11:17:31.718,1.34153,1.34159,4.31,2.25
2017.09.28 11:17:31.872,1.34153,1.3416,1.37,2.25
2017.09.28 11:17:31.925,1.34152,1.3416,1.95,5.62
2017.09.28 11:17:32.070,1.34152,1.3416,4.50,1.50
2017.09.28 11:17:32.122,1.34152,1.34159,4.12,1.00
2017.09.28 11:17:32.174,1.34155,1.34161,1.50,3.00
2017.09.28 11:17:32.331,1.34156,1.34163,1.12,4.12
2017.09.28 11:17:32.848,1.34157,1.34163,1.00,2.25
2017.09.28 11:17:33.635,1.34157,1.34162,1.50,1.00
2017.09.28 11:17:34.136,1.34157,1.34163,1.00,1.12
2017.09.28 11:17:34.777,1.34156,1.34163,1.12,1.12
2017.09.28 11:17:35.294,1.34156,1.34162,1.37,1.00
2017.09.28 11:17:37.930,1.34158,1.34162,1.00,1.00
2017.09.28 11:17:38.439,1.34157,1.34163,1.87,1.50
2017.09.28 11:17:38.996,1.34157,1.34162,1.12,1.00
2017.09.28 11:17:39.353,1.34155,1.34158,1.87,1.00
2017.09.28 11:17:39.507,1.3415,1.34155,1.12,1.00
2017.09.28 11:17:39.660,1.34148,1.34155,3.00,1.00
2017.09.28 11:17:40.172,1.34148,1.34154,1.50,1.00
2017.09.28 11:17:40.223,1.3415,1.34155,1.87,1.37
2017.09.28 11:17:40.737,1.34147,1.34154,2.25,1.00
2017.09.28 11:17:42.102,1.34147,1.34153,1.50,1.00
2017.09.28 11:17:42.613,1.34147,1.34154,1.50,1.12
2017.09.28 11:17:43.123,1.34147,1.34153,2.25,1.00
2017.09.28 11:17:43.633,1.34148,1.34154,1.12,2.25
2017.09.28 11:17:45.546,1.34149,1.34154,1.00,1.87
2017.09.28 11:17:45.760,1.34145,1.3415,1.45,1.00
2017.09.28 11:17:45.812,1.34145,1.34153,3.26,2.25
2017.09.28 11:17:45.915,1.34144,1.34151,3.15,2.25
2017.09.28 11:17:46.427,1.34144,1.3415,1.00,1.87
2017.09.28 11:17:46.840,1.34143,1.34148,1.00,1.37
2017.09.28 11:17:46.892,1.34141,1.34148,2.25,1.37
2017.09.28 11:17:47.351,1.34144,1.34147,1.00,2.25
2017.09.28 11:17:47.454,1.34142,1.34148,1.00,5.25
2017.09.28 11:17:47.996,1.34142,1.34148,1.00,3.00
2017.09.28 11:17:48.524,1.34142,1.34149,2.25,2.25
2017.09.28 11:17:48.627,1.34144,1.34149,1.00,1.12
2017.09.28 11:17:48.937,1.34154,1.34157,1.00,1.00
2017.09.28 11:17:48.989,1.34152,1.34158,1.25,3.37
2017.09.28 11:17:49.195,1.34158,1.3416,1.00,1.50
2017.09.28 11:17:49.373,1.34159,1.34164,1.00,1.00
2017.09.28 11:17:51.215,1.34158,1.34164,1.00,3.00
2017.09.28 11:17:51.623,1.34156,1.34161,1.00,1.50
2017.09.28 11:17:51.830,1.34152,1.34158,1.00,1.50
2017.09.28 11:17:51.933,1.3415,1.34159,1.12,1.50
2017.09.28 11:17:51.985,1.34155,1.3416,1.00,4.12
2017.09.28 11:17:52.187,1.34156,1.34162,1.00,4.12
2017.09.28 11:17:52.290,1.34156,1.34162,1.00,1.87
2017.09.28 11:17:52.495,1.34154,1.34159,1.00,1.00
2017.09.28 11:17:52.701,1.34151,1.34157,1.00,1.50
2017.09.28 11:17:53.273,1.34151,1.34156,1.00,1.50
2017.09.28 11:17:56.159,1.34149,1.34156,1.00,1.50
2017.09.28 11:17:56.820,1.3415,1.34157,1.00,3.07
2017.09.28 11:17:57.400,1.3415,1.34156,1.00,1.50
2017.09.28 11:17:57.655,1.34153,1.34157,3.00,1.00
2017.09.28 11:17:57.964,1.34156,1.34157,1.00,1.00
2017.09.28 11:17:58.119,1.34156,1.34161,1.00,1.00
2017.09.28 11:17:58.632,1.34155,1.34161,1.00,1.12
2017.09.28 11:18:00.344,1.34156,1.34161,1.00,1.00
2017.09.28 11:18:00.396,1.34161,1.34164,1.00,1.00
2017.09.28 11:18:00.697,1.3416,1.34166,1.00,1.00
2017.09.28 11:18:01.210,1.34159,1.34166,2.25,1.00
2017.09.28 11:18:01.900,1.34159,1.34165,1.12,1.50
2017.09.28 11:18:02.411,1.34159,1.34166,1.12,2.25
2017.09.28 11:18:04.420,1.3416,1.34166,1.00,1.50
2017.09.28 11:18:04.473,1.34163,1.34169,1.00,1.50
2017.09.28 11:18:04.830,1.34161,1.34169,3.19,1.50
2017.09.28 11:18:04.933,1.34161,1.34167,1.50,1.50
2017.09.28 11:18:07.038,1.34162,1.34168,1.00,1.50
2017.09.28 11:18:07.346,1.34167,1.34171,1.00,2.25
2017.09.28 11:18:07.545,1.3417,1.34175,1.00,1.76
2017.09.28 11:18:07.596,1.3417,1.34176,1.00,2.25
2017.09.28 11:18:10.319,1.3417,1.34177,1.00,2.62
2017.09.28 11:18:11.213,1.34172,1.34179,2.25,3.56
2017.09.28 11:18:11.730,1.34173,1.34179,1.00,2.25
2017.09.28 11:18:12.037,1.3417,1.34178,1.37,1.12
2017.09.28 11:18:12.355,1.34177,1.34183,1.12,1.25
2017.09.28 11:18:12.663,1.34176,1.34183,1.12,3.56
2017.09.28 11:18:12.766,1.34172,1.34181,1.00,6.64
2017.09.28 11:18:13.308,1.34175,1.34181,1.00,1.00
2017.09.28 11:18:13.617,1.3418,1.34185,1.00,1.00
2017.09.28 11:18:14.138,1.34179,1.34185,1.00,1.00
2017.09.28 11:18:14.650,1.34179,1.34186,1.00,2.25
2017.09.28 11:18:14.957,1.34175,1.34181,1.84,1.00
2017.09.28 11:18:15.300,1.34171,1.34177,1.50,1.00
2017.09.28 11:18:15.913,1.3417,1.34176,1.00,2.25
2017.09.28 11:18:16.089,1.34169,1.34174,1.00,1.00
2017.09.28 11:18:16.605,1.34166,1.34174,4.01,1.00
2017.09.28 11:18:16.914,1.34162,1.34167,3.00,1.00
2017.09.28 11:18:17.052,1.34162,1.34167,2.62,1.00
2017.09.28 11:18:17.154,1.34164,1.34167,1.50,1.00
2017.09.28 11:18:17.308,1.34162,1.34167,1.12,1.00
2017.09.28 11:18:18.827,1.34163,1.3417,1.00,2.62
2017.09.28 11:18:19.119,1.34161,1.34168,2.25,1.50
2017.09.28 11:18:19.455,1.34161,1.34166,1.00,3.37
2017.09.28 11:18:19.558,1.34159,1.34166,1.31,1.50
2017.09.28 11:18:21.645,1.3416,1.34166,1.00,1.00
2017.09.28 11:18:21.698,1.34163,1.34169,1.00,3.45
2017.09.28 11:18:21.913,1.34161,1.34167,1.12,1.50
2017.09.28 11:18:22.427,1.3416,1.34167,1.00,1.50
2017.09.28 11:18:22.943,1.3416,1.34166,1.00,1.00
2017.09.28 11:18:23.113,1.34162,1.34168,1.00,2.25
2017.09.28 11:18:23.215,1.34163,1.34171,1.00,4.76
2017.09.28 11:18:23.318,1.34161,1.34168,1.13,1.50
2017.09.28 11:18:23.625,1.34155,1.34159,1.00,1.50
2017.09.28 11:18:23.677,1.34153,1.34159,1.12,3.00
2017.09.28 11:18:24.253,1.34152,1.34158,1.12,1.50
2017.09.28 11:18:24.305,1.34153,1.3416,2.25,1.87
2017.09.28 11:18:24.611,1.34152,1.34158,1.00,1.00
2017.09.28 11:18:25.130,1.3415,1.34157,2.62,1.00
2017.09.28 11:18:25.679,1.34151,1.34158,1.50,3.00
2017.09.28 11:18:26.220,1.3415,1.34158,1.00,2.25
2017.09.28 11:18:26.375,1.34149,1.34155,1.12,1.00
2017.09.28 11:18:26.886,1.34147,1.34156,3.94,1.64
2017.09.28 11:18:27.401,1.34149,1.34156,2.25,1.50
2017.09.28 11:18:28.255,1.3415,1.34156,1.50,1.50
2017.09.28 11:18:29.343,1.3415,1.34155,1.50,1.00
2017.09.28 11:18:29.701,1.3415,1.34157,1.50,1.50
2017.09.28 11:18:29.957,1.34148,1.34155,2.25,1.50
2017.09.28 11:18:30.163,1.34142,1.3415,2.25,2.25
2017.09.28 11:18:30.542,1.34146,1.34152,1.50,1.12
2017.09.28 11:18:30.752,1.34148,1.34156,2.25,1.69
2017.09.28 11:18:31.264,1.34149,1.34156,1.00,1.00
2017.09.28 11:18:31.673,1.34149,1.34158,1.00,5.25
2017.09.28 11:18:32.184,1.34149,1.34157,1.00,1.00
2017.09.28 11:18:32.400,1.34148,1.34156,1.00,3.37
2017.09.28 11:18:32.940,1.34149,1.34158,2.25,4.87
2017.09.28 11:18:33.824,1.34151,1.34158,1.00,1.87
2017.09.28 11:18:33.875,1.34151,1.34158,1.00,1.87
2017.09.28 11:18:34.335,1.34156,1.34159,1.00,1.50
2017.09.28 11:18:34.386,1.34156,1.34162,1.00,3.19
2017.09.28 11:18:34.489,1.34156,1.34162,1.00,1.00
2017.09.28 11:18:35.018,1.34152,1.34158,1.20,1.00
2017.09.28 11:18:35.532,1.34152,1.34159,1.00,1.12
2017.09.28 11:18:39.497,1.34151,1.34159,1.00,1.50
2017.09.28 11:18:40.063,1.34152,1.34159,1.00,1.50
2017.09.28 11:18:40.668,1.34151,1.34159,2.25,1.50
2017.09.28 11:18:42.088,1.34151,1.34158,1.00,1.12
2017.09.28 11:18:42.449,1.34153,1.3416,1.50,3.45
2017.09.28 11:18:42.755,1.34158,1.34161,1.00,1.00
2017.09.28 11:18:42.806,1.34158,1.34163,1.00,1.00
2017.09.28 11:18:43.088,1.34156,1.34162,2.25,1.00
2017.09.28 11:18:43.141,1.34155,1.34159,1.20,1.00
2017.09.28 11:18:43.243,1.34151,1.34158,3.07,1.00
2017.09.28 11:18:43.753,1.34151,1.34156,3.37,1.00
2017.09.28 11:18:44.334,1.34151,1.34157,1.87,1.00
2017.09.28 11:18:45.329,1.34151,1.34157,2.32,1.00
2017.09.28 11:18:45.907,1.34151,1.34155,1.07,1.00
2017.09.28 11:18:46.212,1.34149,1.34155,4.01,1.00
2017.09.28 11:18:46.570,1.34151,1.34156,1.20,1.00
2017.09.28 11:18:47.098,1.3415,1.34156,3.64,1.00
2017.09.28 11:18:48.926,1.34151,1.34157,1.20,1.00
2017.09.28 11:18:49.602,1.3415,1.34157,4.01,1.00
2017.09.28 11:18:50.571,1.3415,1.34156,3.07,1.00
2017.09.28 11:18:50.624,1.34151,1.34158,1.57,1.00
2017.09.28 11:18:51.412,1.34153,1.34161,4.13,1.00
2017.09.28 11:18:51.515,1.34154,1.3416,2.70,1.00
2017.09.28 11:18:51.618,1.34157,1.34163,1.95,1.00
2017.09.28 11:18:52.136,1.34158,1.34163,1.57,1.00
2017.09.28 11:18:52.340,1.34161,1.34163,1.00,1.00
2017.09.28 11:18:52.710,1.3416,1.34166,1.00,1.50
2017.09.28 11:18:53.067,1.3416,1.34164,1.20,1.00
2017.09.28 11:19:00.273,1.3416,1.34166,1.20,1.50
2017.09.28 11:19:00.834,1.34161,1.34166,1.20,1.00
2017.09.28 11:19:01.038,1.3416,1.34166,1.20,1.00
2017.09.28 11:19:01.578,1.3416,1.34165,1.20,1.00
2017.09.28 11:19:02.826,1.3416,1.34166,1.10,1.00
2017.09.28 11:19:02.878,1.34162,1.34166,1.00,1.00
2017.09.28 11:19:02.929,1.34163,1.3417,3.75,1.87
2017.09.28 11:19:03.032,1.34166,1.34171,1.50,1.00
2017.09.28 11:19:03.135,1.34166,1.34174,4.76,1.00
2017.09.28 11:19:03.498,1.34167,1.34175,3.07,1.00
2017.09.28 11:19:04.010,1.34168,1.34175,3.07,1.00
2017.09.28 11:19:04.858,1.34168,1.34175,1.45,1.00
2017.09.28 11:19:05.169,1.34163,1.34173,7.01,1.87
2017.09.28 11:19:05.221,1.34167,1.34172,2.89,1.00
2017.09.28 11:19:05.467,1.34169,1.34175,1.87,1.50
2017.09.28 11:19:05.978,1.34169,1.34175,2.51,1.50
2017.09.28 11:19:06.573,1.34169,1.34175,1.00,1.50
2017.09.28 11:19:06.625,1.34166,1.34174,1.20,3.38
2017.09.28 11:19:06.984,1.34169,1.34173,1.00,1.87
2017.09.28 11:19:07.140,1.34169,1.34176,1.00,1.00
2017.09.28 11:19:08.877,1.3417,1.34176,1.00,1.00
2017.09.28 11:19:09.387,1.34169,1.34176,1.12,1.00
2017.09.28 11:19:10.943,1.3417,1.34176,1.00,1.00
2017.09.28 11:19:12.675,1.34173,1.34177,1.00,1.00
2017.09.28 11:19:12.727,1.34173,1.3418,1.00,6.07
2017.09.28 11:19:13.303,1.34171,1.34179,1.00,1.25
2017.09.28 11:19:13.354,1.34171,1.34177,1.00,1.00
2017.09.28 11:19:16.313,1.34173,1.34179,1.00,1.00
2017.09.28 11:19:16.518,1.3417,1.34178,1.57,1.00
2017.09.28 11:19:17.038,1.34171,1.34177,1.00,1.00
2017.09.28 11:19:17.881,1.3417,1.34177,1.00,1.00
2017.09.28 11:19:18.526,1.34171,1.34177,1.00,1.00
2017.09.28 11:19:19.453,1.3417,1.34177,1.00,1.00
2017.09.28 11:19:20.568,1.34169,1.34175,1.87,1.00
2017.09.28 11:19:21.326,1.34169,1.34176,2.25,1.00
2017.09.28 11:19:21.632,1.34168,1.34174,4.01,1.00
2017.09.28 11:19:22.526,1.34168,1.34174,2.89,1.00
2017.09.28 11:19:22.999,1.34167,1.3417,1.87,1.00
2017.09.28 11:19:23.152,1.34161,1.34167,3.00,1.00
2017.09.28 11:19:23.661,1.34161,1.34167,1.12,1.00
2017.09.28 11:19:23.865,1.34163,1.34168,1.37,1.00
2017.09.28 11:19:24.018,1.34165,1.34171,1.87,1.00
2017.09.28 11:19:24.443,1.34168,1.34172,1.50,1.00
2017.09.28 11:19:24.545,1.34168,1.34174,1.87,1.00
2017.09.28 11:19:25.482,1.34166,1.34168,1.25,1.00
2017.09.28 11:19:25.585,1.3416,1.34164,1.00,1.00
2017.09.28 11:19:25.688,1.34155,1.34158,1.37,1.00
2017.09.28 11:19:25.843,1.34152,1.34156,3.00,1.00
2017.09.28 11:19:27.027,1.34151,1.34156,1.25,1.00
2017.09.28 11:19:28.003,1.3415,1.34156,2.25,1.00
2017.09.28 11:19:31.964,1.34157,1.34159,1.50,1.00
2017.09.28 11:19:32.118,1.34158,1.34164,1.50,1.00
2017.09.28 11:19:32.329,1.34157,1.34162,2.51,1.00
2017.09.28 11:19:32.859,1.34157,1.34162,1.00,1.00
2017.09.28 11:19:33.414,1.34156,1.34161,1.50,1.00
2017.09.28 11:19:33.468,1.34154,1.3416,1.01,1.00
2017.09.28 11:19:33.983,1.34155,1.34161,1.50,1.50
2017.09.28 11:19:34.342,1.34157,1.34162,1.50,1.00
2017.09.28 11:19:35.587,1.34159,1.34164,1.50,1.00
2017.09.28 11:19:36.096,1.3416,1.34164,1.69,1.00
2017.09.28 11:19:40.645,1.34158,1.34164,4.57,1.00
2017.09.28 11:19:44.596,1.34159,1.34164,1.19,1.00
2017.09.28 11:19:44.853,1.34161,1.34167,1.00,1.00
2017.09.28 11:19:47.465,1.34159,1.34166,2.63,1.00
2017.09.28 11:19:48.178,1.34159,1.34166,2.25,1.00
2017.09.28 11:19:50.484,1.34158,1.34166,3.37,1.37
2017.09.28 11:19:50.690,1.34157,1.34163,2.89,1.00
2017.09.28 11:19:50.845,1.34155,1.34162,2.62,1.00
2017.09.28 11:19:51.378,1.34155,1.34162,3.00,1.00
2017.09.28 11:19:53.291,1.34156,1.34163,1.87,3.00
2017.09.28 11:19:53.496,1.34157,1.34165,1.13,1.87
2017.09.28 11:19:54.028,1.34156,1.34162,1.57,1.00
2017.09.28 11:19:54.131,1.34153,1.3416,1.57,1.00
2017.09.28 11:19:54.182,1.34155,1.34162,1.00,1.87
2017.09.28 11:19:54.234,1.34153,1.3416,1.37,1.12
2017.09.28 11:19:54.338,1.34151,1.34158,1.00,1.00
2017.09.28 11:19:58.659,1.34151,1.34158,1.00,1.37
2017.09.28 11:19:59.204,1.34151,1.34158,1.00,1.12
2017.09.28 11:19:59.789,1.34151,1.34157,1.00,1.00
2017.09.28 11:20:00.431,1.34152,1.34157,1.00,1.00
2017.09.28 11:20:01.042,1.34151,1.34157,1.00,1.00
2017.09.28 11:20:03.460,1.34154,1.3416,1.50,3.37
2017.09.28 11:20:03.797,1.3416,1.34167,1.00,3.75
2017.09.28 11:20:07.312,1.3416,1.34168,1.13,2.06
2017.09.28 11:20:07.569,1.34162,1.34169,1.00,6.94
2017.09.28 11:20:07.872,1.34162,1.3417,1.00,3.37
2017.09.28 11:20:09.574,1.34165,1.34172,1.44,1.87
2017.09.28 11:20:09.892,1.3417,1.34177,1.00,1.69
2017.09.28 11:20:10.097,1.3417,1.34177,1.00,3.19
2017.09.28 11:20:12.290,1.34169,1.34177,1.87,3.19
2017.09.28 11:20:13.145,1.34171,1.34178,1.10,1.50
2017.09.28 11:20:13.646,1.34172,1.34178,1.00,1.50
2017.09.28 11:20:14.716,1.34179,1.34182,1.00,2.70
2017.09.28 11:20:14.768,1.34177,1.34182,1.00,1.50
2017.09.28 11:20:14.819,1.34178,1.34184,1.00,2.25
2017.09.28 11:20:14.871,1.3418,1.34184,1.00,1.00
2017.09.28 11:20:15.279,1.34181,1.34186,1.00,1.00
2017.09.28 11:20:15.832,1.34182,1.34186,1.00,1.00
2017.09.28 11:20:15.883,1.3418,1.34186,1.00,1.00
2017.09.28 11:20:16.545,1.3418,1.34187,1.00,2.25
2017.09.28 11:20:17.850,1.34181,1.34187,1.00,2.25
2017.09.28 11:20:19.128,1.34181,1.34186,1.00,1.00
2017.09.28 11:20:19.827,1.3418,1.34186,1.00,1.00
2017.09.28 11:20:20.236,1.34182,1.34186,1.00,1.00
2017.09.28 11:20:20.340,1.3418,1.34186,1.00,1.00
2017.09.28 11:20:20.648,1.34179,1.34184,1.00,1.00
2017.09.28 11:20:20.751,1.34179,1.34186,1.00,3.00
2017.09.28 11:20:20.804,1.34176,1.34183,1.57,1.50
2017.09.28 11:20:21.112,1.34171,1.34178,2.14,1.87
2017.09.28 11:20:21.713,1.34171,1.34178,1.00,1.87
2017.09.28 11:20:24.212,1.3417,1.34178,1.12,1.50
2017.09.28 11:20:25.502,1.34173,1.34178,1.00,2.25
2017.09.28 11:20:26.014,1.34173,1.3418,1.00,1.87
2017.09.28 11:20:26.532,1.34173,1.3418,1.00,1.50
2017.09.28 11:20:26.838,1.34173,1.34178,1.00,1.50
2017.09.28 11:20:27.097,1.34171,1.34178,1.12,1.50
2017.09.28 11:20:31.719,1.34171,1.34176,1.00,1.50
2017.09.28 11:20:32.224,1.3417,1.34176,1.00,1.50
2017.09.28 11:20:32.807,1.34168,1.34173,1.00,1.50
2017.09.28 11:20:32.910,1.34165,1.34172,1.00,2.25
2017.09.28 11:20:32.961,1.34164,1.34169,1.00,1.50
2017.09.28 11:20:33.320,1.34162,1.34168,1.12,1.50
2017.09.28 11:20:33.830,1.34161,1.34169,1.00,1.87
2017.09.28 11:20:35.031,1.34162,1.34169,1.00,1.50
2017.09.28 11:20:35.374,1.34164,1.3417,1.00,2.62
2017.09.28 11:20:36.431,1.34163,1.3417,1.00,2.62
2017.09.28 11:20:37.023,1.3416,1.34164,2.32,1.50
2017.09.28 11:20:37.074,1.34159,1.34166,1.45,2.62
2017.09.28 11:20:37.126,1.34154,1.34159,1.12,1.50
2017.09.28 11:20:37.177,1.34153,1.34159,1.37,1.50
2017.09.28 11:20:37.280,1.34152,1.34157,1.00,1.50
2017.09.28 11:20:37.637,1.34149,1.34157,1.32,3.00
2017.09.28 11:20:44.908,1.34153,1.3416,1.69,4.12
2017.09.28 11:20:45.115,1.34159,1.34164,1.00,1.00
2017.09.28 11:20:45.168,1.34161,1.34164,1.00,1.00
2017.09.28 11:20:45.290,1.34161,1.34166,1.00,1.50
2017.09.28 11:20:45.345,1.34161,1.34168,1.00,2.81
2017.09.28 11:20:45.858,1.34161,1.34167,1.00,1.50
2017.09.28 11:20:46.386,1.34161,1.34168,1.00,3.37
2017.09.28 11:20:47.375,1.34162,1.34168,1.00,2.25
2017.09.28 11:20:47.549,1.34168,1.34171,1.00,3.75
2017.09.28 11:20:47.602,1.34168,1.34174,1.00,1.00
2017.09.28 11:20:48.111,1.34169,1.34175,1.00,4.12
2017.09.28 11:20:51.796,1.34168,1.34175,1.12,1.50
2017.09.28 11:20:55.232,1.3417,1.34175,1.00,1.00
2017.09.28 11:20:55.766,1.3417,1.34177,1.00,2.62
2017.09.28 11:21:00.030,1.3417,1.34177,1.00,1.87
2017.09.28 11:21:01.668,1.3417,1.34177,1.43,2.25
2017.09.28 11:21:02.047,1.3418,1.34183,1.00,1.00
2017.09.28 11:21:02.151,1.34178,1.34183,1.12,1.00
2017.09.28 11:21:03.008,1.34179,1.34183,1.00,1.00
2017.09.28 11:21:03.519,1.34178,1.34183,1.12,1.00
2017.09.28 11:21:04.030,1.34179,1.34183,1.00,1.00
2017.09.28 11:21:04.560,1.3418,1.34183,1.00,1.00
2017.09.28 11:21:05.063,1.34178,1.34183,1.12,1.00
2017.09.28 11:21:05.572,1.34178,1.34185,1.12,1.00
2017.09.28 11:21:05.723,1.3418,1.34185,1.00,1.00
2017.09.28 11:21:06.906,1.34178,1.34185,1.12,1.00
2017.09.28 11:21:07.482,1.34179,1.34186,1.00,2.25
2017.09.28 11:21:08.002,1.34177,1.34183,1.76,1.00
2017.09.28 11:21:08.320,1.34176,1.3418,1.57,1.87
2017.09.28 11:21:08.525,1.34168,1.34174,1.25,1.50
2017.09.28 11:21:08.627,1.34165,1.3417,3.82,1.00
2017.09.28 11:21:08.679,1.34165,1.34169,1.95,1.00
2017.09.28 11:21:08.731,1.34161,1.34166,3.00,1.00
2017.09.28 11:21:08.833,1.34159,1.34165,1.12,1.00
2017.09.28 11:21:09.404,1.34158,1.34165,3.45,1.00
2017.09.28 11:21:13.815,1.34158,1.34165,1.57,1.00
2017.09.28 11:21:15.601,1.34159,1.34167,1.12,2.62
2017.09.28 11:21:18.796,1.34158,1.34167,1.20,2.62
2017.09.28 11:21:20.265,1.34158,1.34167,1.87,4.50
2017.09.28 11:21:20.774,1.34158,1.34167,1.87,3.00
2017.09.28 11:21:21.277,1.34158,1.34167,2.06,2.62
2017.09.28 11:21:25.756,1.34159,1.34167,1.19,2.62
2017.09.28 11:21:26.285,1.34159,1.34167,1.12,2.62
2017.09.28 11:21:28.095,1.3416,1.34167,1.00,2.62
2017.09.28 11:21:33.730,1.34168,1.3417,1.00,1.50
2017.09.28 11:21:33.782,1.34168,1.34173,1.00,1.12
2017.09.28 11:21:34.293,1.34169,1.34173,1.00,1.00
2017.09.28 11:21:34.855,1.34169,1.34175,1.00,2.25
2017.09.28 11:21:35.437,1.34169,1.34175,1.00,2.62
2017.09.28 11:21:35.591,1.34169,1.34176,1.00,1.87
2017.09.28 11:21:36.501,1.3417,1.34176,1.00,1.87
2017.09.28 11:21:36.654,1.34174,1.34176,1.88,1.12
2017.09.28 11:21:36.756,1.34177,1.34182,1.87,3.75
2017.09.28 11:21:36.859,1.34181,1.34183,1.00,2.62
2017.09.28 11:21:36.969,1.34179,1.34183,1.00,2.25
2017.09.28 11:21:37.021,1.34179,1.34186,2.44,3.37
2017.09.28 11:21:37.533,1.34179,1.34186,1.50,4.50
2017.09.28 11:21:39.669,1.34178,1.34185,1.69,1.00
2017.09.28 11:21:40.779,1.34175,1.34181,3.64,1.50
2017.09.28 11:21:40.932,1.34171,1.34178,1.00,3.00
2017.09.28 11:21:41.036,1.34167,1.34171,1.95,1.50
2017.09.28 11:21:41.139,1.34165,1.34171,1.00,4.87
2017.09.28 11:21:41.391,1.34166,1.34172,1.00,1.87
2017.09.28 11:21:41.569,1.34168,1.34173,1.00,1.12
2017.09.28 11:21:41.620,1.34166,1.34173,2.06,1.12
2017.09.28 11:21:41.672,1.34171,1.34173,1.00,1.12
2017.09.28 11:21:41.928,1.34178,1.34184,1.00,1.69
2017.09.28 11:21:42.444,1.34178,1.34184,1.00,1.00
2017.09.28 11:21:43.551,1.34172,1.34179,1.00,2.25
2017.09.28 11:21:43.602,1.34172,1.34177,1.00,1.50
2017.09.28 11:21:43.911,1.34169,1.34173,1.00,1.50
2017.09.28 11:21:44.421,1.34168,1.34174,1.00,1.00
2017.09.28 11:21:45.156,1.34168,1.34175,1.37,3.00
2017.09.28 11:21:47.725,1.34169,1.34174,1.12,1.00
2017.09.28 11:21:48.642,1.34169,1.34175,1.00,1.50
2017.09.28 11:21:49.850,1.34169,1.34174,1.00,1.00
2017.09.28 11:21:56.782,1.34169,1.34175,1.00,2.25
2017.09.28 11:21:57.322,1.3417,1.34175,1.25,1.00
2017.09.28 11:21:57.528,1.34173,1.34179,1.00,2.25
2017.09.28 11:21:57.630,1.34177,1.3418,1.00,1.12
2017.09.28 11:21:57.733,1.34178,1.34185,1.00,2.81
2017.09.28 11:21:57.785,1.3418,1.34186,1.00,3.00
2017.09.28 11:21:57.836,1.3418,1.34186,1.00,2.62
2017.09.28 11:21:58.387,1.34179,1.34185,1.00,3.00
2017.09.28 11:21:59.108,1.34179,1.34187,1.87,3.37
2017.09.28 11:21:59.631,1.34179,1.34187,1.00,2.25
2017.09.28 11:22:00.636,1.34181,1.34187,1.00,2.25
2017.09.28 11:22:00.688,1.34181,1.34189,1.00,3.75
2017.09.28 11:22:00.790,1.34183,1.34189,1.00,3.00
2017.09.28 11:22:01.751,1.34183,1.34188,1.00,1.50
2017.09.28 11:22:04.297,1.3418,1.34188,1.00,1.50
2017.09.28 11:22:04.811,1.34179,1.34188,1.57,1.50
2017.09.28 11:22:07.269,1.34178,1.34185,2.89,1.00
2017.09.28 11:22:08.196,1.34178,1.34184,3.82,1.00
2017.09.28 11:22:08.506,1.34172,1.34177,1.00,1.00
2017.09.28 11:22:08.814,1.34171,1.34175,1.00,1.00
2017.09.28 11:22:09.442,1.34169,1.34175,3.45,1.00
2017.09.28 11:22:09.979,1.34169,1.34175,1.12,1.00
2017.09.28 11:22:13.563,1.34172,1.34176,1.00,1.00
2017.09.28 11:22:13.616,1.34174,1.34181,2.21,2.25
2017.09.28 11:22:13.668,1.34175,1.34181,1.01,1.50
2017.09.28 11:22:13.770,1.34175,1.34183,1.45,1.87
2017.09.28 11:22:13.873,1.34174,1.34177,1.07,1.00
2017.09.28 11:22:14.063,1.34169,1.34177,2.32,1.00
2017.09.28 11:22:14.116,1.34168,1.34175,1.95,1.50
2017.09.28 11:22:14.626,1.34169,1.34176,3.82,1.50
2017.09.28 11:22:15.135,1.3417,1.34177,1.95,1.12
2017.09.28 11:22:15.584,1.3417,1.34179,1.07,3.37
2017.09.28 11:22:16.637,1.34169,1.34178,2.70,1.69
2017.09.28 11:22:17.418,1.34169,1.34177,2.70,1.00
2017.09.28 11:22:17.521,1.34168,1.34171,1.57,2.25
2017.09.28 11:22:17.572,1.34165,1.3417,1.01,1.50
2017.09.28 11:22:17.624,1.34164,1.34171,1.01,2.25
2017.09.28 11:22:17.727,1.34163,1.34171,1.57,3.37
2017.09.28 11:22:18.396,1.34162,1.34171,3.26,2.62
2017.09.28 11:22:18.908,1.34163,1.3417,1.76,1.50
2017.09.28 11:22:19.423,1.34164,1.34171,1.00,1.50
2017.09.28 11:22:19.589,1.34165,1.34174,4.27,6.75
2017.09.28 11:22:19.896,1.34164,1.34171,3.07,1.50
2017.09.28 11:22:20.049,1.34161,1.34169,4.01,1.00
2017.09.28 11:22:20.153,1.3416,1.34164,2.32,1.00
2017.09.28 11:22:20.255,1.34158,1.34166,1.95,3.75
2017.09.28 11:22:20.358,1.34157,1.34163,2.32,1.87
2017.09.28 11:22:20.460,1.34154,1.34162,1.76,1.50
2017.09.28 11:22:21.014,1.34154,1.34162,2.51,1.50
2017.09.28 11:22:23.681,1.34154,1.34161,3.19,1.50
2017.09.28 11:22:29.041,1.34154,1.34161,1.12,2.25
2017.09.28 11:22:29.196,1.3415,1.34158,5.70,3.00
2017.09.28 11:22:29.248,1.3415,1.34159,1.95,7.12
2017.09.28 11:22:29.783,1.34151,1.34159,2.44,1.50
2017.09.28 11:22:29.834,1.34154,1.34159,1.50,1.50
2017.09.28 11:22:30.192,1.34153,1.34161,1.50,3.00
2017.09.28 11:22:30.700,1.34154,1.34161,1.50,2.25
2017.09.28 11:22:31.347,1.34153,1.34161,1.50,2.62
2017.09.28 11:22:32.358,1.34154,1.34161,1.20,1.87
2017.09.28 11:22:32.410,1.34153,1.3416,3.90,2.25
2017.09.28 11:22:32.462,1.34154,1.34162,1.45,2.25
2017.09.28 11:22:32.514,1.34154,1.34162,1.00,3.56
2017.09.28 11:22:33.026,1.34154,1.34161,1.00,1.87
2017.09.28 11:22:33.713,1.34154,1.34161,1.00,4.12
2017.09.28 11:22:34.231,1.34154,1.34161,1.00,2.62
2017.09.28 11:22:34.782,1.34154,1.34161,1.00,4.50
2017.09.28 11:22:36.187,1.34152,1.3416,1.25,1.87
2017.09.28 11:22:36.443,1.34152,1.34158,1.69,1.50
2017.09.28 11:22:36.494,1.3415,1.34158,1.01,2.25
2017.09.28 11:22:36.597,1.3415,1.34158,1.01,4.87
2017.09.28 11:22:37.013,1.3415,1.34159,2.44,4.12
2017.09.28 11:22:38.503,1.3415,1.34157,1.25,1.50
2017.09.28 11:22:43.391,1.34149,1.34157,2.44,2.62
2017.09.28 11:22:43.714,1.34149,1.34154,1.00,1.00
2017.09.28 11:22:44.215,1.34149,1.34155,1.00,1.00
2017.09.28 11:22:44.522,1.34142,1.34149,2.62,1.00
2017.09.28 11:22:44.880,1.34139,1.34148,2.89,1.50
2017.09.28 11:22:45.340,1.34142,1.34149,1.25,5.62
2017.09.28 11:22:46.294,1.34149,1.34152,1.00,1.00
2017.09.28 11:22:46.397,1.34149,1.34156,1.58,1.12
2017.09.28 11:22:46.925,1.3415,1.34157,1.10,2.25
2017.09.28 11:22:47.028,1.3415,1.34157,1.76,1.87
2017.09.28 11:22:47.079,1.3415,1.34157,1.20,2.25
2017.09.28 11:22:47.622,1.34151,1.34157,1.10,2.25
2017.09.28 11:22:48.626,1.3415,1.34157,1.10,2.25
2017.09.28 11:22:49.351,1.34153,1.34158,1.50,1.50
2017.09.28 11:22:49.710,1.3415,1.34156,1.25,1.87
2017.09.28 11:22:50.068,1.3415,1.34155,1.25,3.37
2017.09.28 11:22:50.404,1.34144,1.34148,1.00,2.25
2017.09.28 11:22:50.915,1.34144,1.34149,1.25,5.25
2017.09.28 11:22:51.425,1.34144,1.34149,1.00,3.00
2017.09.28 11:22:53.713,1.34145,1.34149,1.00,3.75
2017.09.28 11:22:54.222,1.34144,1.34149,1.00,1.87
2017.09.28 11:22:54.900,1.34145,1.34149,1.00,1.50
2017.09.28 11:22:55.422,1.34144,1.34149,1.25,1.50
2017.09.28 11:22:57.203,1.34145,1.34149,1.25,1.69
2017.09.28 11:22:57.510,1.34142,1.34147,1.25,1.50
2017.09.28 11:22:57.562,1.34138,1.34145,1.37,1.50
2017.09.28 11:22:57.613,1.34135,1.34139,1.50,1.50
2017.09.28 11:22:57.664,1.34134,1.34139,1.00,1.50
2017.09.28 11:22:57.876,1.34132,1.34138,1.12,1.50
2017.09.28 11:22:58.389,1.34131,1.34138,2.62,1.50
2017.09.28 11:22:58.596,1.34138,1.34141,1.00,1.37
2017.09.28 11:22:58.647,1.3414,1.34143,1.00,1.37
2017.09.28 11:22:58.800,1.34139,1.34146,1.12,1.50
2017.09.28 11:22:58.852,1.34139,1.34148,1.12,2.25
2017.09.28 11:22:59.476,1.34142,1.34148,1.00,2.25
2017.09.28 11:23:00.689,1.34144,1.34149,1.00,1.87
2017.09.28 11:23:00.843,1.34142,1.34149,1.69,2.62
2017.09.28 11:23:01.657,1.34142,1.34148,1.69,1.50
2017.09.28 11:23:02.420,1.34145,1.3415,1.00,1.12
2017.09.28 11:23:02.726,1.34138,1.34143,2.32,1.50
2017.09.28 11:23:02.880,1.34133,1.34141,1.19,2.25
2017.09.28 11:23:02.932,1.34133,1.34139,1.19,1.50
2017.09.28 11:23:03.035,1.34137,1.34143,1.00,2.62
2017.09.28 11:23:03.186,1.34139,1.34143,1.00,1.12
2017.09.28 11:23:03.708,1.3414,1.34143,1.00,1.00
2017.09.28 11:23:04.233,1.34139,1.34143,1.00,1.00
2017.09.28 11:23:04.540,1.34142,1.34146,1.00,2.25
2017.09.28 11:23:04.753,1.34139,1.34146,1.69,1.00
2017.09.28 11:23:05.281,1.3414,1.34146,1.25,1.00
2017.09.28 11:23:05.792,1.34139,1.34146,2.44,1.00
2017.09.28 11:23:06.150,1.34141,1.34146,1.00,1.00
2017.09.28 11:23:06.463,1.34148,1.34154,1.00,1.50
2017.09.28 11:23:06.617,1.34146,1.34153,2.62,1.00
2017.09.28 11:23:07.026,1.34146,1.34153,3.56,1.00
2017.09.28 11:23:07.502,1.34147,1.34155,2.44,1.00
2017.09.28 11:23:08.754,1.34145,1.34147,1.37,1.00
2017.09.28 11:23:08.857,1.34142,1.34146,1.31,1.00
2017.09.28 11:23:08.908,1.34139,1.34146,4.39,1.00
2017.09.28 11:23:13.248,1.34142,1.34149,1.25,1.12
2017.09.28 11:23:13.300,1.34145,1.3415,2.25,1.00
2017.09.28 11:23:13.474,1.34145,1.34152,1.25,1.00
2017.09.28 11:23:13.916,1.34144,1.34149,1.44,1.00
2017.09.28 11:23:15.052,1.34145,1.34152,1.25,1.00
2017.09.28 11:23:17.871,1.34143,1.34146,3.37,1.50
2017.09.28 11:23:17.923,1.3414,1.34145,1.69,1.00
2017.09.28 11:23:17.974,1.34138,1.34143,1.50,1.00
2017.09.28 11:23:18.137,1.34134,1.34141,1.31,1.00
2017.09.28 11:23:18.188,1.34136,1.34142,1.69,2.62
2017.09.28 11:23:18.240,1.34134,1.34141,1.25,2.62
2017.09.28 11:23:18.548,1.34134,1.34141,1.00,1.50
2017.09.28 11:23:20.479,1.34137,1.34141,2.25,1.00
2017.09.28 11:23:20.683,1.3414,1.34147,2.25,1.00
2017.09.28 11:23:21.200,1.3414,1.34148,1.00,1.12
2017.09.28 11:23:21.452,1.3414,1.34146,1.00,1.12
2017.09.28 11:23:21.607,1.34131,1.34141,1.87,5.06
2017.09.28 11:23:21.658,1.34131,1.34141,2.14,5.62
2017.09.28 11:23:22.926,1.34131,1.34139,1.00,1.50
2017.09.28 11:23:23.438,1.34131,1.34139,1.00,1.12
2017.09.28 11:23:30.797,1.34131,1.34139,1.47,1.00
2017.09.28 11:23:37.733,1.34131,1.34139,1.37,1.50
2017.09.28 11:23:39.154,1.34131,1.34139,1.69,1.00
2017.09.28 11:23:39.462,1.34131,1.34137,1.00,1.12
2017.09.28 11:23:39.969,1.3413,1.34136,1.00,1.00
2017.09.28 11:23:40.866,1.34129,1.34137,3.07,1.00
2017.09.28 11:23:41.413,1.34129,1.34137,3.82,1.00
2017.09.28 11:23:41.934,1.3413,1.34137,2.89,1.00
2017.09.28 11:23:43.059,1.3413,1.34138,1.70,1.50
2017.09.28 11:23:47.571,1.34131,1.34139,1.87,1.00
2017.09.28 11:23:49.498,1.34131,1.34135,1.87,1.00
2017.09.28 11:23:49.549,1.34127,1.34134,3.75,1.00
2017.09.28 11:23:49.704,1.34126,1.34134,1.50,1.50
2017.09.28 11:23:50.227,1.34126,1.34134,1.50,2.62
2017.09.28 11:23:51.055,1.34127,1.34134,1.00,1.87
2017.09.28 11:23:51.559,1.34127,1.34134,1.00,1.12
2017.09.28 11:23:54.183,1.34126,1.34132,1.00,3.00
2017.09.28 11:23:54.337,1.34123,1.3413,2.25,1.50
2017.09.28 11:23:54.491,1.34128,1.34132,1.00,1.50
2017.09.28 11:23:54.593,1.34128,1.34133,1.50,1.00
2017.09.28 11:23:54.645,1.3413,1.34133,1.10,1.00
2017.09.28 11:23:54.696,1.3413,1.34136,1.10,1.50
2017.09.28 11:23:55.218,1.34131,1.34139,1.00,2.25
2017.09.28 11:23:56.336,1.34131,1.34139,1.00,1.87
2017.09.28 11:24:00.146,1.34131,1.34139,1.20,1.00
2017.09.28 11:24:03.734,1.34131,1.34139,1.00,1.12
2017.09.28 11:24:04.090,1.34138,1.34139,1.12,1.00
2017.09.28 11:24:04.195,1.34142,1.34148,1.00,1.19
2017.09.28 11:24:04.567,1.34142,1.34149,1.00,1.00
2017.09.28 11:24:05.621,1.34143,1.3415,1.50,2.25
2017.09.28 11:24:06.677,1.34143,1.34151,1.50,3.45
2017.09.28 11:24:08.592,1.34143,1.34151,1.50,2.32
2017.09.28 11:24:09.689,1.34143,1.34151,1.50,1.57
2017.09.28 11:24:10.298,1.34143,1.34151,1.50,1.20
2017.09.28 11:24:11.934,1.34143,1.34151,1.50,7.39
2017.09.28 11:24:12.468,1.34143,1.34151,1.50,6.26
2017.09.28 11:24:13.051,1.34143,1.3415,1.50,1.87
2017.09.28 11:24:14.119,1.34142,1.34148,1.00,1.00
2017.09.28 11:24:17.312,1.34142,1.34147,1.00,1.00
2017.09.28 11:24:17.826,1.34142,1.34148,1.00,1.00
2017.09.28 11:24:18.080,1.34143,1.3415,1.50,1.12
2017.09.28 11:24:18.233,1.34146,1.34151,1.00,1.25
2017.09.28 11:24:18.394,1.34146,1.34153,1.00,1.31
2017.09.28 11:24:18.651,1.34148,1.34153,1.00,1.25
2017.09.28 11:24:19.161,1.34148,1.34152,1.00,1.00
2017.09.28 11:24:19.635,1.34149,1.34155,1.00,1.12
2017.09.28 11:24:19.839,1.34149,1.34157,1.25,2.06
2017.09.28 11:24:20.580,1.34149,1.34158,1.31,1.31
2017.09.28 11:24:21.090,1.34149,1.34158,1.25,2.44
2017.09.28 11:24:21.600,1.3415,1.34158,1.00,1.31
2017.09.28 11:24:32.143,1.34146,1.34151,3.00,1.50
2017.09.28 11:24:32.294,1.34144,1.34151,1.00,2.70
2017.09.28 11:24:32.346,1.34143,1.34149,1.00,1.00
2017.09.28 11:24:32.397,1.34141,1.34148,1.00,1.00
2017.09.28 11:24:32.966,1.3414,1.34148,1.87,1.00
2017.09.28 11:24:33.515,1.3414,1.34149,1.87,3.75
2017.09.28 11:24:34.946,1.3414,1.34148,1.87,1.00
2017.09.28 11:24:36.167,1.3414,1.34148,1.00,1.57
2017.09.28 11:24:36.674,1.3414,1.34148,1.00,1.57
2017.09.28 11:24:37.225,1.3414,1.34147,1.00,1.10
2017.09.28 11:24:37.848,1.3414,1.34148,1.00,1.95
2017.09.28 11:24:38.555,1.3414,1.34147,1.00,1.00
2017.09.28 11:24:39.151,1.3414,1.34148,1.00,1.57
2017.09.28 11:24:40.733,1.3414,1.34147,1.00,1.00
2017.09.28 11:24:41.261,1.3414,1.34148,1.00,2.32
2017.09.28 11:24:41.818,1.3414,1.34147,1.00,1.00
2017.09.28 11:24:42.319,1.3414,1.34148,1.00,2.32
2017.09.28 11:24:42.978,1.3414,1.34147,1.00,1.00
2017.09.28 11:24:43.505,1.3414,1.34148,1.00,1.95
2017.09.28 11:24:46.742,1.3414,1.34147,1.00,1.00
2017.09.28 11:24:47.571,1.3414,1.34148,1.00,1.87
2017.09.28 11:24:48.592,1.3414,1.34147,1.00,1.00
2017.09.28 11:24:51.571,1.3414,1.34148,1.00,1.00
2017.09.28 11:24:52.399,1.3414,1.34147,1.00,1.00
2017.09.28 11:24:53.014,1.3414,1.34148,1.00,1.87
2017.09.28 11:24:54.591,1.3414,1.34147,1.00,1.00
2017.09.28 11:24:55.103,1.3414,1.34148,1.00,3.00
2017.09.28 11:24:55.673,1.3414,1.34147,1.00,1.00
2017.09.28 11:24:56.270,1.3414,1.34148,1.00,2.62
2017.09.28 11:24:57.139,1.3414,1.34147,1.00,1.00
2017.09.28 11:24:57.973,1.3414,1.34148,1.00,2.25
2017.09.28 11:24:58.514,1.3414,1.34147,1.00,1.00
2017.09.28 11:24:59.018,1.3414,1.34148,1.00,1.00
2017.09.28 11:24:59.544,1.3414,1.34147,1.00,1.00
2017.09.28 11:25:00.052,1.3414,1.34148,1.00,1.00
2017.09.28 11:25:00.608,1.3414,1.34147,1.00,1.00
2017.09.28 11:25:01.217,1.3414,1.34148,1.00,1.00
2017.09.28 11:25:03.123,1.3414,1.34147,1.00,1.00
2017.09.28 11:25:03.909,1.3414,1.34148,1.00,1.12
2017.09.28 11:25:04.257,1.34142,1.34147,1.00,1.00
2017.09.28 11:25:04.433,1.34146,1.34152,1.00,1.31
2017.09.28 11:25:04.944,1.34147,1.34153,1.00,1.25
2017.09.28 11:25:05.838,1.3415,1.34155,1.00,1.12
2017.09.28 11:25:05.992,1.3415,1.34158,1.50,3.94
2017.09.28 11:25:08.220,1.3415,1.34157,2.25,1.12
2017.09.28 11:25:17.764,1.34151,1.34157,1.00,1.12
2017.09.28 11:25:18.316,1.34151,1.34157,1.00,2.32
2017.09.28 11:25:18.853,1.34151,1.34157,1.00,1.20
2017.09.28 11:25:20.595,1.34149,1.34157,1.00,1.95
2017.09.28 11:25:21.163,1.34149,1.34158,1.00,4.39
2017.09.28 11:25:22.577,1.34149,1.34157,1.00,1.00
2017.09.28 11:25:23.086,1.34149,1.34158,1.00,4.39
2017.09.28 11:25:23.713,1.34149,1.34157,1.25,1.00
2017.09.28 11:25:24.273,1.34149,1.34158,1.00,4.01
2017.09.28 11:25:24.823,1.34149,1.34157,1.00,1.00
2017.09.28 11:25:25.426,1.34149,1.34158,1.00,2.51
2017.09.28 11:25:26.017,1.34149,1.34157,1.25,1.00
2017.09.28 11:25:26.532,1.34149,1.34158,1.00,2.06
2017.09.28 11:25:26.671,1.34151,1.34158,1.00,1.76
2017.09.28 11:25:27.245,1.34152,1.34159,1.00,1.19
2017.09.28 11:25:29.256,1.34151,1.3416,1.12,4.76
2017.09.28 11:25:29.564,1.34143,1.34151,1.12,3.82
2017.09.28 11:25:30.095,1.34143,1.3415,1.12,1.69
2017.09.28 11:25:32.683,1.34142,1.34149,1.00,1.13
2017.09.28 11:25:38.628,1.34142,1.34148,1.00,1.50
2017.09.28 11:25:39.036,1.3414,1.34148,1.00,2.25
2017.09.28 11:25:39.649,1.3414,1.34147,1.50,1.25
2017.09.28 11:25:45.853,1.3414,1.34144,1.00,1.25
2017.09.28 11:25:45.956,1.34134,1.3414,2.25,1.87
2017.09.28 11:25:46.161,1.34132,1.34141,1.00,4.76
2017.09.28 11:25:47.247,1.34134,1.34141,1.00,2.89
2017.09.28 11:25:47.349,1.34136,1.34143,1.00,3.26
2017.09.28 11:25:50.286,1.34135,1.34142,1.00,1.31
2017.09.28 11:25:50.790,1.34135,1.34141,1.00,1.50
2017.09.28 11:25:52.283,1.34135,1.34141,1.00,2.70
2017.09.28 11:25:52.831,1.34135,1.34141,1.00,1.87
2017.09.28 11:25:55.760,1.34135,1.34142,1.00,1.69
2017.09.28 11:26:00.548,1.34136,1.34142,1.00,1.31
2017.09.28 11:26:01.922,1.3414,1.34144,1.00,1.69
2017.09.28 11:26:02.025,1.34141,1.34147,1.00,1.66
2017.09.28 11:26:02.128,1.34143,1.34146,1.00,1.25
2017.09.28 11:26:02.307,1.34141,1.34146,1.00,1.25
2017.09.28 11:26:10.779,1.34142,1.34146,1.88,1.25
2017.09.28 11:26:10.933,1.34141,1.3415,1.87,1.56
2017.09.28 11:26:13.061,1.34141,1.34149,1.50,3.19
2017.09.28 11:26:29.164,1.34141,1.34149,1.50,1.69
2017.09.28 11:26:30.220,1.34148,1.3415,1.00,1.25
2017.09.28 11:26:30.426,1.34153,1.34158,1.00,1.76
2017.09.28 11:26:30.478,1.34153,1.34158,1.00,1.62
2017.09.28 11:26:30.993,1.34153,1.34158,1.00,1.25
2017.09.28 11:26:31.519,1.34154,1.34158,1.00,1.25
2017.09.28 11:26:32.057,1.34153,1.34158,1.00,1.25
2017.09.28 11:26:32.262,1.34155,1.34158,1.00,1.25
2017.09.28 11:26:32.313,1.34155,1.34162,1.00,2.44
2017.09.28 11:26:32.364,1.34153,1.34162,1.00,3.94
2017.09.28 11:26:32.621,1.34157,1.34162,1.00,1.31
2017.09.28 11:26:32.985,1.34155,1.34161,1.50,1.69
2017.09.28 11:26:34.009,1.34154,1.34163,1.00,4.50
2017.09.28 11:26:34.517,1.34154,1.34162,1.00,1.31
2017.09.28 11:26:35.027,1.34154,1.34162,1.00,1.69
2017.09.28 11:26:35.854,1.34155,1.34162,1.00,2.81
2017.09.28 11:26:36.429,1.34155,1.34162,1.00,2.44
2017.09.28 11:26:37.643,1.34158,1.34162,1.00,1.25
2017.09.28 11:26:37.695,1.34158,1.34164,1.87,1.00
2017.09.28 11:26:37.747,1.3416,1.34167,1.00,3.56
2017.09.28 11:26:39.122,1.34159,1.34167,1.00,1.19
2017.09.28 11:26:40.654,1.3416,1.34167,1.00,1.19
2017.09.28 11:26:42.665,1.34162,1.34169,1.00,1.76
2017.09.28 11:26:46.321,1.34161,1.34168,1.00,1.25
2017.09.28 11:26:46.582,1.34159,1.34168,1.00,2.44
2017.09.28 11:26:47.531,1.34161,1.34168,1.00,1.62
2017.09.28 11:26:48.829,1.34161,1.34168,1.00,1.25
2017.09.28 11:26:50.935,1.34162,1.34169,1.00,1.31
2017.09.28 11:26:57.683,1.34162,1.3417,1.00,4.01
2017.09.28 11:26:58.207,1.34163,1.34169,1.00,1.25
2017.09.28 11:26:59.565,1.34161,1.34169,1.50,1.25
2017.09.28 11:27:03.045,1.34163,1.34169,1.00,1.25
2017.09.28 11:27:15.479,1.34161,1.34169,1.50,1.54
2017.09.28 11:27:16.149,1.34161,1.34169,1.50,3.41
2017.09.28 11:27:16.689,1.34162,1.34169,1.00,1.72
2017.09.28 11:27:23.017,1.34161,1.34169,1.00,2.33
2017.09.28 11:27:25.107,1.3416,1.34169,1.00,1.31
2017.09.28 11:27:25.363,1.34162,1.34167,1.00,1.00
2017.09.28 11:27:25.874,1.34163,1.34169,1.00,3.19
2017.09.28 11:27:28.419,1.34161,1.3417,1.00,2.89
2017.09.28 11:27:31.242,1.3416,1.34169,1.50,1.19
2017.09.28 11:27:35.336,1.34162,1.34169,1.00,1.37
2017.09.28 11:27:39.988,1.34161,1.34169,1.00,1.19
2017.09.28 11:27:44.764,1.34162,1.3417,1.00,6.04
2017.09.28 11:27:45.990,1.3416,1.34167,1.00,1.00
2017.09.28 11:27:47.507,1.34159,1.34165,1.00,1.00
2017.09.28 11:27:47.609,1.34157,1.34164,1.00,1.00
2017.09.28 11:27:48.867,1.34154,1.34161,1.37,1.00
2017.09.28 11:27:49.074,1.34151,1.34159,2.25,1.00
2017.09.28 11:27:49.608,1.34151,1.3416,1.25,2.32
2017.09.28 11:27:50.140,1.34151,1.3416,1.44,2.32
2017.09.28 11:27:50.750,1.34151,1.3416,1.13,2.25
2017.09.28 11:27:51.607,1.34151,1.3416,2.63,1.00
2017.09.28 11:27:54.148,1.34153,1.34161,1.00,3.75
2017.09.28 11:27:54.519,1.34153,1.34161,1.00,6.00
2017.09.28 11:27:55.981,1.34153,1.3416,1.00,1.00
2017.09.28 11:27:56.829,1.34154,1.3416,1.00,1.00
2017.09.28 11:27:57.337,1.34154,1.34161,1.00,3.75
2017.09.28 11:27:57.541,1.34153,1.34161,1.00,2.62
2017.09.28 11:27:59.003,1.34156,1.34161,2.25,1.50
2017.09.28 11:27:59.157,1.34159,1.34166,1.88,1.10
2017.09.28 11:27:59.668,1.34159,1.34167,1.69,1.69
2017.09.28 11:28:00.668,1.34157,1.34166,1.87,1.69
2017.09.28 11:28:01.192,1.34159,1.34165,1.12,1.00
2017.09.28 11:28:02.301,1.34159,1.34166,1.00,2.70
2017.09.28 11:28:02.625,1.34161,1.34167,1.00,1.76
2017.09.28 11:28:03.136,1.34162,1.34168,1.00,1.00
2017.09.28 11:28:03.647,1.34161,1.34167,1.00,1.00
2017.09.28 11:28:11.106,1.34159,1.34166,1.00,1.00
2017.09.28 11:28:11.358,1.34158,1.34164,1.12,1.00
2017.09.28 11:28:11.877,1.34161,1.34167,1.50,1.47
2017.09.28 11:28:12.082,1.34168,1.34177,2.62,2.44
2017.09.28 11:28:12.134,1.34171,1.34177,1.00,1.69
2017.09.28 11:28:13.669,1.34171,1.34179,1.00,1.20
2017.09.28 11:28:17.678,1.34171,1.34178,1.00,1.50
2017.09.28 11:28:19.816,1.34171,1.34179,1.00,2.25
2017.09.28 11:28:21.778,1.34171,1.34179,1.00,4.12
2017.09.28 11:28:21.933,1.34169,1.34178,1.12,2.70
2017.09.28 11:28:22.449,1.34168,1.34178,4.31,2.32
2017.09.28 11:28:22.982,1.34168,1.34178,4.31,1.57
2017.09.28 11:28:23.603,1.34168,1.34179,3.90,6.45
2017.09.28 11:28:24.117,1.34168,1.34178,3.90,1.07
2017.09.28 11:28:26.133,1.34168,1.34179,4.50,6.45
2017.09.28 11:28:27.799,1.34168,1.34179,4.31,4.95
2017.09.28 11:28:28.707,1.34168,1.34177,2.25,1.00
2017.09.28 11:28:29.232,1.34168,1.34177,2.06,1.00
2017.09.28 11:28:29.798,1.34169,1.34178,1.12,1.20
2017.09.28 11:28:30.235,1.34173,1.34179,1.00,1.20
2017.09.28 11:28:30.287,1.34173,1.34179,1.00,1.00
2017.09.28 11:28:30.341,1.34173,1.34181,1.50,1.50
2017.09.28 11:28:30.548,1.34171,1.34181,3.37,3.94
2017.09.28 11:28:31.059,1.34172,1.3418,1.50,1.01
2017.09.28 11:28:31.263,1.34171,1.34179,1.50,3.75
2017.09.28 11:28:36.836,1.34167,1.34173,6.00,1.50
2017.09.28 11:28:36.890,1.34166,1.34172,1.69,1.00
2017.09.28 11:28:37.255,1.34165,1.34173,1.50,1.50
2017.09.28 11:28:37.410,1.34163,1.34172,1.87,1.69
2017.09.28 11:28:37.920,1.34162,1.3417,1.00,1.00
2017.09.28 11:28:39.684,1.34162,1.3417,1.00,1.29
2017.09.28 11:28:43.166,1.34161,1.34169,1.50,2.06
2017.09.28 11:28:44.441,1.34162,1.3417,1.00,1.66
2017.09.28 11:28:45.758,1.34161,1.34166,1.00,1.69
2017.09.28 11:28:47.030,1.34161,1.3417,1.88,1.69
2017.09.28 11:28:47.285,1.34161,1.3417,1.50,4.69
2017.09.28 11:28:47.884,1.34161,1.34169,1.50,1.01
2017.09.28 11:28:48.481,1.34161,1.34168,1.50,1.00
2017.09.28 11:28:49.759,1.34161,1.34169,1.50,3.45
2017.09.28 11:28:50.376,1.34161,1.34168,1.50,1.00
2017.09.28 11:28:50.933,1.34161,1.34169,1.50,3.26
2017.09.28 11:28:53.610,1.34161,1.34168,1.00,1.00
2017.09.28 11:28:54.157,1.34161,1.34169,1.00,3.19
2017.09.28 11:28:54.666,1.34161,1.34168,1.00,1.00
2017.09.28 11:28:59.856,1.34162,1.34169,1.00,1.31
2017.09.28 11:29:00.367,1.34161,1.34169,1.87,1.76
2017.09.28 11:29:02.910,1.34161,1.34169,3.53,2.06
2017.09.28 11:29:03.074,1.34161,1.34169,1.50,2.06
2017.09.28 11:29:04.193,1.34161,1.34168,1.88,1.25
2017.09.28 11:29:04.727,1.34161,1.34169,1.50,1.19
2017.09.28 11:29:05.263,1.34161,1.34169,1.50,2.06
2017.09.28 11:29:06.151,1.34163,1.3417,1.50,1.76
2017.09.28 11:29:06.663,1.34163,1.3417,2.25,1.00
2017.09.28 11:29:07.299,1.34169,1.34174,1.00,1.25
2017.09.28 11:29:07.406,1.34169,1.34176,1.00,1.25
2017.09.28 11:29:07.969,1.34168,1.34176,3.00,1.25
2017.09.28 11:29:08.072,1.34166,1.34172,1.50,1.31
2017.09.28 11:29:08.176,1.34162,1.3417,1.00,2.70
2017.09.28 11:29:08.796,1.34161,1.3417,1.87,1.39
2017.09.28 11:29:10.423,1.34161,1.34168,1.00,4.50
2017.09.28 11:29:10.948,1.3416,1.34168,1.00,4.76
2017.09.28 11:29:12.363,1.34159,1.34166,3.19,1.12
2017.09.28 11:29:14.066,1.34159,1.34166,1.88,1.12
2017.09.28 11:29:14.601,1.34159,1.34166,1.00,1.12
2017.09.28 11:29:19.233,1.3416,1.34166,1.00,1.12
2017.09.28 11:29:19.773,1.34159,1.34166,1.50,1.12
2017.09.28 11:29:32.920,1.34161,1.34166,1.00,1.12
2017.09.28 11:29:44.074,1.34161,1.34167,1.00,1.00
2017.09.28 11:29:45.174,1.34161,1.34169,1.00,3.07
2017.09.28 11:29:45.684,1.34161,1.34169,1.00,2.62
2017.09.28 11:29:46.228,1.34161,1.34168,1.00,1.00
2017.09.28 11:29:49.953,1.34159,1.34166,1.31,1.00
2017.09.28 11:29:50.473,1.34159,1.34166,1.31,1.50
2017.09.28 11:29:50.982,1.34159,1.34166,1.31,3.37
2017.09.28 11:29:51.599,1.34159,1.34167,1.25,3.94
2017.09.28 11:29:53.836,1.34159,1.34164,1.00,1.50
2017.09.28 11:29:53.939,1.34154,1.3416,1.25,1.87
2017.09.28 11:29:53.992,1.34153,1.3416,1.00,5.25
2017.09.28 11:29:54.299,1.3415,1.34157,2.44,3.75
2017.09.28 11:29:54.828,1.34149,1.34156,1.20,1.50
2017.09.28 11:29:55.340,1.34148,1.34156,1.12,1.50
2017.09.28 11:29:55.754,1.34145,1.34151,1.82,1.12
2017.09.28 11:29:55.858,1.34142,1.34151,1.57,3.94
2017.09.28 11:29:56.370,1.34142,1.34151,2.06,5.44
2017.09.28 11:29:57.388,1.34141,1.3415,1.95,3.00
2017.09.28 11:29:57.542,1.34141,1.34149,1.50,1.50
2017.09.28 11:29:58.052,1.34142,1.34149,1.00,1.00
2017.09.28 11:29:58.393,1.3414,1.34148,4.01,1.50
2017.09.28 11:29:58.547,1.34143,1.3415,1.87,1.12
2017.09.28 11:29:58.650,1.34141,1.3415,3.75,3.94
2017.09.28 11:29:59.109,1.34141,1.34148,1.50,3.75
2017.09.28 11:29:59.686,1.3414,1.34148,2.06,4.12
2017.09.28 11:29:59.992,1.34141,1.34148,2.44,3.94
2017.09.28 11:30:00.148,1.34143,1.34149,1.00,1.25
2017.09.28 11:30:00.558,1.34141,1.34149,2.06,2.81
2017.09.28 11:30:00.610,1.3414,1.34148,2.32,3.75
2017.09.28 11:30:01.115,1.3414,1.34148,2.62,3.94
2017.09.28 11:30:02.090,1.34138,1.34148,3.26,5.06
2017.09.28 11:30:02.244,1.34142,1.34148,1.50,5.06
2017.09.28 11:30:02.448,1.3414,1.34148,1.00,3.75
2017.09.28 11:30:02.714,1.34142,1.34148,3.00,3.75
2017.09.28 11:30:02.817,1.34143,1.34149,1.00,2.62
2017.09.28 11:30:03.337,1.34142,1.3415,2.62,4.69
2017.09.28 11:30:03.981,1.34143,1.3415,1.50,1.50
2017.09.28 11:30:04.134,1.34145,1.34151,1.50,1.25
2017.09.28 11:30:04.441,1.34146,1.34154,1.37,1.87
2017.09.28 11:30:06.330,1.34145,1.3415,1.57,1.00
2017.09.28 11:30:06.433,1.34143,1.34149,1.37,1.12
2017.09.28 11:30:07.031,1.34143,1.3415,3.56,1.50
2017.09.28 11:30:07.556,1.34143,1.34147,2.44,1.00
2017.09.28 11:30:07.607,1.34142,1.3415,1.50,2.06
2017.09.28 11:30:08.118,1.34141,1.34146,1.50,1.00
2017.09.28 11:30:08.220,1.3414,1.34146,1.57,1.00
2017.09.28 11:30:08.755,1.3414,1.34146,1.00,1.00
2017.09.28 11:30:12.717,1.34143,1.34148,1.00,1.50
2017.09.28 11:30:12.770,1.3414,1.34146,2.25,1.00
2017.09.28 11:30:12.821,1.34142,1.34147,1.12,1.12
2017.09.28 11:30:13.349,1.34143,1.34149,2.44,3.00
2017.09.28 11:30:13.758,1.34142,1.34148,2.62,3.75
2017.09.28 11:30:14.270,1.34143,1.34148,1.50,3.75
2017.09.28 11:30:14.466,1.34139,1.34144,2.32,1.00
2017.09.28 11:30:14.518,1.34142,1.34148,2.25,4.87
2017.09.28 11:30:15.042,1.34141,1.34147,1.50,1.37
2017.09.28 11:30:15.598,1.34141,1.34147,1.00,4.31
2017.09.28 11:30:17.289,1.34141,1.34147,1.00,1.37
2017.09.28 11:30:24.058,1.34139,1.34147,2.25,1.50
2017.09.28 11:30:27.590,1.34138,1.34146,3.45,1.12
2017.09.28 11:30:33.776,1.34138,1.34146,4.01,1.12
2017.09.28 11:30:36.516,1.34139,1.34146,1.50,1.00
2017.09.28 11:30:37.525,1.34146,1.3415,4.31,2.62
2017.09.28 11:30:37.681,1.34154,1.34162,4.20,1.00
2017.09.28 11:30:37.784,1.34157,1.34164,1.75,1.00
2017.09.28 11:30:38.092,1.34157,1.34164,1.00,1.00
2017.09.28 11:30:38.299,1.34155,1.34162,1.95,1.00
2017.09.28 11:30:38.611,1.34149,1.34157,2.32,1.00
2017.09.28 11:30:38.664,1.34151,1.34158,1.00,1.50
2017.09.28 11:30:39.190,1.3415,1.34157,1.69,1.00
2017.09.28 11:30:40.337,1.34148,1.34155,3.45,1.00
2017.09.28 11:30:40.844,1.34148,1.34155,1.50,1.00
2017.09.28 11:30:42.388,1.34148,1.34155,1.37,1.00
2017.09.28 11:30:43.371,1.34148,1.34155,1.57,1.00
2017.09.28 11:30:45.087,1.34148,1.34152,1.00,1.00
2017.09.28 11:30:45.497,1.34146,1.34155,3.07,1.00
2017.09.28 11:30:47.431,1.34147,1.34154,2.32,1.00
2017.09.28 11:30:47.483,1.34147,1.34152,1.00,1.00
2017.09.28 11:30:47.586,1.34143,1.34151,2.32,1.00
2017.09.28 11:30:47.739,1.34145,1.34153,1.00,1.62
2017.09.28 11:30:47.842,1.34147,1.34154,1.87,1.12
2017.09.28 11:30:49.052,1.34147,1.34155,1.87,1.25
2017.09.28 11:30:50.225,1.34148,1.34155,1.00,1.25
2017.09.28 11:30:50.748,1.34147,1.34155,1.12,1.00
2017.09.28 11:30:51.540,1.34147,1.34157,7.39,1.69
2017.09.28 11:30:52.054,1.34148,1.34157,1.00,1.25
2017.09.28 11:30:53.488,1.34148,1.34157,1.37,1.25
2017.09.28 11:30:54.077,1.3415,1.34158,2.25,1.31
2017.09.28 11:30:54.587,1.34149,1.34158,3.00,1.19
2017.09.28 11:30:56.083,1.34148,1.34158,2.25,2.06
2017.09.28 11:30:57.502,1.34148,1.34154,1.50,1.00
2017.09.28 11:31:01.512,1.34147,1.34154,2.25,1.00
2017.09.28 11:31:01.826,1.34145,1.3415,1.87,1.00
2017.09.28 11:31:02.653,1.34146,1.34151,1.37,1.00
2017.09.28 11:31:02.705,1.34146,1.34153,1.37,1.00
2017.09.28 11:31:03.095,1.34146,1.34151,1.12,1.00
2017.09.28 11:31:03.641,1.34146,1.34152,2.62,1.00
2017.09.28 11:31:03.796,1.34146,1.34154,3.56,1.50
2017.09.28 11:31:04.348,1.34148,1.34154,1.50,1.00
2017.09.28 11:31:05.162,1.34148,1.34154,2.06,1.00
2017.09.28 11:31:05.688,1.34149,1.34155,1.00,1.00
2017.09.28 11:31:07.004,1.34147,1.34155,1.12,1.50
2017.09.28 11:31:07.215,1.34142,1.3415,2.06,1.25
2017.09.28 11:31:07.267,1.34142,1.3415,1.00,1.31
2017.09.28 11:31:07.779,1.34141,1.34149,1.00,1.25
2017.09.28 11:31:08.730,1.3414,1.34146,1.00,1.00
2017.09.28 11:31:09.257,1.34139,1.34146,1.31,1.00
2017.09.28 11:31:09.775,1.34137,1.34145,4.39,1.00
2017.09.28 11:31:10.705,1.34138,1.34145,1.01,1.00
2017.09.28 11:31:12.153,1.34137,1.34144,3.07,1.00
2017.09.28 11:31:12.460,1.3413,1.34137,1.95,1.00
2017.09.28 11:31:12.695,1.3413,1.34135,1.69,1.00
2017.09.28 11:31:13.104,1.34132,1.34139,1.69,1.00
2017.09.28 11:31:13.723,1.34133,1.34139,1.50,1.00
2017.09.28 11:31:14.266,1.34133,1.3414,1.69,1.25
2017.09.28 11:31:14.776,1.34131,1.34138,1.45,1.00
2017.09.28 11:31:15.097,1.34131,1.34136,1.00,1.00
2017.09.28 11:31:15.632,1.34128,1.34136,3.18,1.00
2017.09.28 11:31:15.939,1.34125,1.34134,3.45,1.00
2017.09.28 11:31:15.991,1.34126,1.34134,1.12,1.00
2017.09.28 11:31:16.247,1.34127,1.34133,2.44,1.00
2017.09.28 11:31:16.401,1.34128,1.34136,3.19,1.19
2017.09.28 11:31:16.504,1.34136,1.3414,1.25,1.62
2017.09.28 11:31:16.658,1.3414,1.34146,2.44,1.31
2017.09.28 11:31:16.710,1.34141,1.34149,1.00,2.81
2017.09.28 11:31:16.762,1.3414,1.34149,1.12,1.25
2017.09.28 11:31:17.120,1.34143,1.34149,1.50,1.12
2017.09.28 11:31:17.171,1.34141,1.34149,1.00,1.12
2017.09.28 11:31:19.562,1.34141,1.34149,1.00,3.19
2017.09.28 11:31:20.007,1.34139,1.34149,3.75,3.19
2017.09.28 11:31:25.968,1.34139,1.34148,3.56,1.69
2017.09.28 11:31:26.708,1.34139,1.34149,3.37,3.94
2017.09.28 11:31:27.175,1.34139,1.34149,3.37,3.94
2017.09.28 11:31:27.705,1.3414,1.34149,1.25,3.94
2017.09.28 11:31:30.907,1.34139,1.34148,1.00,3.19
2017.09.28 11:31:32.044,1.3414,1.34148,1.00,1.12
2017.09.28 11:31:32.600,1.3414,1.34148,1.69,1.00
2017.09.28 11:31:33.602,1.3414,1.34148,1.00,1.00
2017.09.28 11:31:34.113,1.34141,1.34149,1.25,2.81
2017.09.28 11:31:35.729,1.34141,1.34145,1.00,1.00
2017.09.28 11:31:36.035,1.34138,1.34145,4.31,1.00
2017.09.28 11:31:38.762,1.34138,1.34145,3.56,1.00
2017.09.28 11:31:43.576,1.34139,1.34144,1.00,1.00
2017.09.28 11:31:43.679,1.34135,1.34143,4.20,1.00
2017.09.28 11:31:43.731,1.34134,1.3414,1.39,1.00
2017.09.28 11:31:43.921,1.34131,1.34137,1.50,1.00
2017.09.28 11:31:44.545,1.3413,1.34137,3.19,1.00
2017.09.28 11:31:45.435,1.34132,1.34139,3.37,1.12
2017.09.28 11:31:45.487,1.34131,1.34139,5.06,1.12
2017.09.28 11:31:45.742,1.34132,1.34139,1.50,1.00
2017.09.28 11:31:45.845,1.34131,1.34139,1.87,1.50
2017.09.28 11:31:45.948,1.3413,1.34137,2.62,1.00
2017.09.28 11:31:46.490,1.3413,1.34136,2.06,1.00
2017.09.28 11:31:47.693,1.34129,1.34136,1.25,1.00
2017.09.28 11:31:51.187,1.34129,1.34134,1.00,1.00
2017.09.28 11:31:52.333,1.34129,1.34135,1.00,1.00
2017.09.28 11:31:53.453,1.34128,1.34135,1.00,1.00
2017.09.28 11:31:54.554,1.34129,1.34135,1.00,1.00
2017.09.28 11:31:55.234,1.34128,1.34137,2.44,1.00
2017.09.28 11:31:55.845,1.34128,1.34138,1.87,2.81
2017.09.28 11:31:56.192,1.34127,1.34137,4.87,1.87
2017.09.28 11:31:57.548,1.34127,1.34137,4.76,3.75
2017.09.28 11:31:57.875,1.34129,1.34137,1.12,1.87
2017.09.28 11:31:59.516,1.34129,1.34137,2.44,1.00
2017.09.28 11:32:00.283,1.34129,1.34137,2.81,1.00
2017.09.28 11:32:00.799,1.34129,1.34137,4.12,1.00
2017.09.28 11:32:01.558,1.34129,1.34137,2.62,1.00
2017.09.28 11:32:02.775,1.34129,1.34137,2.62,1.00
2017.09.28 11:32:03.282,1.34129,1.34137,1.00,1.50
2017.09.28 11:32:03.940,1.34136,1.34137,1.00,1.00
2017.09.28 11:32:04.043,1.34136,1.34141,1.00,1.00
2017.09.28 11:32:04.298,1.34138,1.34142,1.00,1.00
2017.09.28 11:32:04.401,1.34136,1.34142,1.50,1.00
2017.09.28 11:32:06.608,1.34138,1.34142,1.12,1.00
2017.09.28 11:32:07.221,1.34138,1.34143,1.12,1.00
2017.09.28 11:32:07.588,1.34141,1.34147,1.00,3.94
2017.09.28 11:32:08.099,1.3414,1.34148,1.00,1.69
2017.09.28 11:32:11.181,1.34141,1.34147,1.00,1.25
2017.09.28 11:32:11.691,1.3414,1.34148,2.25,1.69
2017.09.28 11:32:12.201,1.34141,1.34147,1.00,1.25
2017.09.28 11:32:12.966,1.34144,1.34148,3.75,1.00
2017.09.28 11:32:13.121,1.34146,1.34152,1.00,1.50
2017.09.28 11:32:13.735,1.34145,1.34152,1.50,1.50
2017.09.28 11:32:14.771,1.34144,1.34152,1.00,1.50
2017.09.28 11:32:17.697,1.34142,1.3415,1.20,1.50
2017.09.28 11:32:18.003,1.34139,1.34147,5.70,1.00
2017.09.28 11:32:18.367,1.3414,1.34149,1.01,2.06
2017.09.28 11:32:18.877,1.3414,1.34149,1.20,1.25
2017.09.28 11:32:19.387,1.34141,1.34149,1.00,2.81
2017.09.28 11:32:19.592,1.34139,1.34149,5.14,2.81
2017.09.28 11:32:20.163,1.34139,1.34149,4.31,3.19
2017.09.28 11:32:20.919,1.3414,1.34148,2.06,1.00
2017.09.28 11:32:21.872,1.3414,1.34147,1.87,1.00
2017.09.28 11:32:26.590,1.34139,1.34147,2.62,1.00
2017.09.28 11:32:27.798,1.34138,1.34143,1.62,1.00
2017.09.28 11:32:27.900,1.34137,1.34143,1.00,1.00
2017.09.28 11:32:28.269,1.34138,1.34144,2.06,1.00
2017.09.28 11:32:28.795,1.34137,1.34144,4.39,1.00
2017.09.28 11:32:29.274,1.34138,1.34146,5.44,1.50
2017.09.28 11:32:30.165,1.34139,1.34146,2.06,1.00
2017.09.28 11:32:30.726,1.3414,1.34146,2.06,1.00
2017.09.28 11:32:30.828,1.34139,1.34146,2.89,1.00
2017.09.28 11:32:30.931,1.34142,1.34148,1.50,1.00
2017.09.28 11:32:31.084,1.34145,1.34152,6.56,1.50
2017.09.28 11:32:31.594,1.34146,1.34153,1.12,1.50
2017.09.28 11:32:32.337,1.34146,1.34152,3.00,1.00
2017.09.28 11:32:32.847,1.34146,1.34153,1.88,1.50
2017.09.28 11:32:33.052,1.34146,1.34155,4.69,1.00
2017.09.28 11:32:33.258,1.34148,1.34157,1.12,3.75
2017.09.28 11:32:34.479,1.34149,1.34157,1.00,2.44
2017.09.28 11:32:38.086,1.34148,1.34157,1.00,1.69
2017.09.28 11:32:40.812,1.34148,1.34157,1.50,2.51
2017.09.28 11:32:41.285,1.34145,1.34151,1.20,1.00
2017.09.28 11:32:41.387,1.3414,1.34148,1.57,1.00
2017.09.28 11:32:41.948,1.3414,1.34148,2.81,1.00
2017.09.28 11:32:42.063,1.3414,1.34148,2.44,1.00
2017.09.28 11:32:42.628,1.34141,1.34148,1.00,1.00
2017.09.28 11:32:43.965,1.34141,1.34148,1.38,1.00
2017.09.28 11:32:44.374,1.3414,1.34148,3.19,1.12
2017.09.28 11:32:45.117,1.34141,1.34148,1.00,1.87
2017.09.28 11:32:45.641,1.3414,1.34148,1.50,1.87
2017.09.28 11:32:46.544,1.34141,1.34148,1.00,1.50
2017.09.28 11:32:47.065,1.3414,1.34148,2.25,1.50
2017.09.28 11:32:47.609,1.34141,1.34148,1.00,1.50
2017.09.28 11:32:48.144,1.3414,1.34148,2.25,1.50
2017.09.28 11:32:48.660,1.34141,1.34148,1.00,1.50
2017.09.28 11:32:49.269,1.3414,1.34148,4.39,1.00
2017.09.28 11:32:49.778,1.3414,1.34147,1.50,1.00
2017.09.28 11:32:50.339,1.3414,1.34147,2.44,1.00
2017.09.28 11:32:50.905,1.3414,1.34148,2.25,1.50
2017.09.28 11:32:51.415,1.34143,1.34151,2.44,2.44
2017.09.28 11:32:51.887,1.34141,1.34148,3.64,1.00
2017.09.28 11:32:52.196,1.34141,1.34148,3.94,1.00
2017.09.28 11:32:52.452,1.34141,1.34148,3.38,1.00
2017.09.28 11:32:52.554,1.34141,1.34148,3.94,1.00
2017.09.28 11:32:53.129,1.34142,1.34151,1.00,2.44
2017.09.28 11:32:53.872,1.34142,1.34151,1.44,2.44
2017.09.28 11:32:54.392,1.34142,1.34151,1.13,2.06
2017.09.28 11:32:55.182,1.34142,1.34151,1.38,2.06
2017.09.28 11:32:55.765,1.34142,1.34151,1.00,2.06
2017.09.28 11:32:59.657,1.34142,1.34151,1.44,2.06
2017.09.28 11:33:00.198,1.34142,1.34151,1.31,2.44
2017.09.28 11:33:01.182,1.34141,1.34151,3.56,2.81
2017.09.28 11:33:01.695,1.34141,1.34149,4.31,1.00
2017.09.28 11:33:02.204,1.3414,1.34148,1.00,1.00
2017.09.28 11:33:03.106,1.3414,1.34146,1.00,1.00
2017.09.28 11:33:03.616,1.3414,1.34146,2.63,1.00
2017.09.28 11:33:03.718,1.34139,1.34146,3.19,1.00
2017.09.28 11:33:03.923,1.34139,1.34146,3.75,1.00
2017.09.28 11:33:04.076,1.34139,1.34146,3.00,1.00
2017.09.28 11:33:05.177,1.3414,1.34146,2.06,1.00
2017.09.28 11:33:05.484,1.34142,1.34146,3.75,1.00
2017.09.28 11:33:06.745,1.3414,1.34146,2.63,1.00
2017.09.28 11:33:07.250,1.3414,1.34146,2.51,1.00
2017.09.28 11:33:07.302,1.34141,1.34146,3.75,1.00
2017.09.28 11:33:07.610,1.34139,1.34146,3.94,1.00
2017.09.28 11:33:08.167,1.3414,1.34146,1.00,1.00
2017.09.28 11:33:10.249,1.3414,1.34146,1.50,1.00
2017.09.28 11:33:10.777,1.3414,1.34146,1.31,1.00
2017.09.28 11:33:13.623,1.3414,1.34146,1.50,1.00
2017.09.28 11:33:14.171,1.3414,1.34146,1.50,1.00
2017.09.28 11:33:14.325,1.34142,1.34148,1.88,1.00
2017.09.28 11:33:14.428,1.34143,1.3415,1.69,1.00
2017.09.28 11:33:14.935,1.34141,1.34149,1.00,1.50
2017.09.28 11:33:15.038,1.34141,1.34147,1.00,1.00
2017.09.28 11:33:15.548,1.34142,1.34147,1.00,1.00
2017.09.28 11:33:16.394,1.34142,1.34149,1.87,1.50
2017.09.28 11:33:17.009,1.34144,1.34149,1.50,1.50
2017.09.28 11:33:17.060,1.34143,1.34151,2.62,3.37
2017.09.28 11:33:17.584,1.34142,1.3415,1.37,1.00
2017.09.28 11:33:17.686,1.34141,1.3415,3.56,1.50
2017.09.28 11:33:18.196,1.34141,1.34149,4.76,1.00
2017.09.28 11:33:18.703,1.34141,1.34147,2.62,1.00
2017.09.28 11:33:19.060,1.34141,1.34149,1.87,1.00
2017.09.28 11:33:20.127,1.34142,1.34149,2.63,1.50
2017.09.28 11:33:21.618,1.3414,1.34149,1.25,3.00
2017.09.28 11:33:21.935,1.3414,1.34149,1.32,3.00
2017.09.28 11:33:22.573,1.34139,1.34148,5.32,2.25
2017.09.28 11:33:22.910,1.34139,1.34147,1.69,3.00
2017.09.28 11:33:23.419,1.34138,1.34147,2.62,4.87
2017.09.28 11:33:23.675,1.34138,1.34146,2.62,1.19
2017.09.28 11:33:25.649,1.34139,1.34146,1.31,1.19
2017.09.28 11:33:26.223,1.34139,1.34146,1.69,1.69
2017.09.28 11:33:26.747,1.3414,1.34146,1.00,1.19
2017.09.28 11:33:27.503,1.34138,1.34146,1.50,1.19
2017.09.28 11:33:28.016,1.34138,1.34146,1.50,1.19
2017.09.28 11:33:28.342,1.34133,1.3414,1.37,1.69
2017.09.28 11:33:28.444,1.34132,1.3414,2.25,2.06
2017.09.28 11:33:28.549,1.3413,1.34136,3.56,1.00
2017.09.28 11:33:28.702,1.34129,1.34135,1.00,1.00
2017.09.28 11:33:29.213,1.34129,1.34134,1.87,1.00
2017.09.28 11:33:29.724,1.3413,1.34134,1.00,1.00
2017.09.28 11:33:30.250,1.3413,1.34135,1.00,1.00
2017.09.28 11:33:30.506,1.3413,1.34137,1.00,2.44
2017.09.28 11:33:31.041,1.34129,1.34137,2.44,2.44
2017.09.28 11:33:31.620,1.3413,1.34137,1.25,2.44
2017.09.28 11:33:32.130,1.34129,1.34137,2.44,2.44
2017.09.28 11:33:33.579,1.3413,1.34137,1.00,3.19
2017.09.28 11:33:34.021,1.34129,1.34134,1.12,1.00
2017.09.28 11:33:34.532,1.34129,1.34134,1.12,1.69
2017.09.28 11:33:35.056,1.34127,1.34134,4.31,1.69
2017.09.28 11:33:35.362,1.34128,1.34134,1.87,1.19
2017.09.28 11:33:41.102,1.34129,1.34134,1.37,1.25
2017.09.28 11:33:43.727,1.34128,1.34135,3.75,1.19
2017.09.28 11:33:44.034,1.3413,1.34135,1.87,1.19
2017.09.28 11:33:44.137,1.34129,1.34135,3.75,1.19
2017.09.28 11:33:44.641,1.34129,1.34135,3.00,1.19
2017.09.28 11:33:45.447,1.3413,1.34136,1.31,1.00
2017.09.28 11:33:48.242,1.3413,1.34136,1.62,1.00
2017.09.28 11:33:48.771,1.34129,1.34136,5.06,1.00
2017.09.28 11:33:48.925,1.3413,1.34136,3.56,1.00
2017.09.28 11:33:49.256,1.34136,1.34141,2.06,2.62
2017.09.28 11:33:49.308,1.34136,1.34143,1.19,4.69
2017.09.28 11:33:49.359,1.34135,1.34143,2.44,2.44
2017.09.28 11:33:49.462,1.34136,1.34143,1.50,2.44
2017.09.28 11:33:50.867,1.34135,1.3414,1.00,1.00
2017.09.28 11:33:51.140,1.34131,1.34139,3.37,1.00
2017.09.28 11:33:51.396,1.34131,1.34138,1.00,1.69
2017.09.28 11:33:51.911,1.34132,1.34138,1.00,1.69
2017.09.28 11:33:52.460,1.34131,1.34136,1.00,1.00
2017.09.28 11:33:52.971,1.34131,1.34137,1.00,1.25
2017.09.28 11:33:53.504,1.34132,1.34137,1.00,1.25
2017.09.28 11:33:54.042,1.34131,1.34137,1.00,1.25
2017.09.28 11:33:54.590,1.34129,1.34137,3.75,2.06
2017.09.28 11:33:55.103,1.3413,1.34135,2.06,1.00
2017.09.28 11:33:55.205,1.34129,1.34137,3.00,2.06
2017.09.28 11:33:55.257,1.34129,1.34134,3.00,1.00
2017.09.28 11:33:55.620,1.34129,1.34136,3.19,1.00
2017.09.28 11:33:55.827,1.34127,1.34134,4.12,1.25
2017.09.28 11:33:55.930,1.34127,1.34133,4.12,1.00
2017.09.28 11:33:56.976,1.34128,1.34135,1.00,1.31
2017.09.28 11:33:57.340,1.34129,1.34135,1.50,1.25
2017.09.28 11:33:57.392,1.3413,1.34136,1.19,1.19
2017.09.28 11:33:57.994,1.3413,1.34136,1.25,1.19
2017.09.28 11:33:58.046,1.3413,1.34137,3.37,1.25
2017.09.28 11:33:58.603,1.3413,1.34137,3.19,1.25
2017.09.28 11:33:59.126,1.3413,1.34137,3.37,1.25
2017.09.28 11:33:59.514,1.3413,1.34137,3.37,1.25
2017.09.28 11:33:59.739,1.3413,1.34137,3.37,1.25
2017.09.28 11:34:00.605,1.3413,1.34137,3.37,1.25
2017.09.28 11:34:01.332,1.3413,1.34137,1.50,1.25
2017.09.28 11:34:01.862,1.34131,1.34137,1.25,1.25
2017.09.28 11:34:03.105,1.3413,1.34138,3.19,2.44
2017.09.28 11:34:04.688,1.34131,1.34138,1.00,2.44
2017.09.28 11:34:05.257,1.3413,1.34138,3.56,2.44
2017.09.28 11:34:05.968,1.34131,1.34138,1.00,2.44
2017.09.28 11:34:06.479,1.34132,1.34138,1.25,2.44
2017.09.28 11:34:07.188,1.34131,1.34138,1.69,2.44
2017.09.28 11:34:07.878,1.34132,1.34138,1.00,2.44
2017.09.28 11:34:08.439,1.34131,1.34138,1.69,2.44
2017.09.28 11:34:09.121,1.34131,1.34138,1.19,2.44
2017.09.28 11:34:12.105,1.34131,1.34138,1.00,2.44
2017.09.28 11:34:12.734,1.34132,1.34138,1.00,2.44
2017.09.28 11:34:13.810,1.34131,1.34138,1.25,2.44
2017.09.28 11:34:16.191,1.34132,1.34138,1.00,2.44
2017.09.28 11:34:16.719,1.34132,1.34138,1.19,2.44
2017.09.28 11:34:16.872,1.34131,1.34138,3.75,2.44
2017.09.28 11:34:17.621,1.34132,1.34138,1.00,1.69
2017.09.28 11:34:18.134,1.34132,1.34138,1.87,1.69
2017.09.28 11:34:18.679,1.34132,1.34138,1.25,1.69
2017.09.28 11:34:19.271,1.34133,1.34138,1.00,1.69
2017.09.28 11:34:19.780,1.34132,1.34138,1.69,1.19
2017.09.28 11:34:20.615,1.34133,1.34138,1.00,1.19
2017.09.28 11:34:21.135,1.34132,1.34138,1.25,1.19
2017.09.28 11:34:21.858,1.34132,1.34138,1.19,1.19
2017.09.28 11:34:22.408,1.34131,1.34138,3.75,1.19
2017.09.28 11:34:22.561,1.34133,1.34138,1.00,1.19
2017.09.28 11:34:23.178,1.34132,1.34138,1.25,1.19
2017.09.28 11:34:23.486,1.34134,1.34138,2.06,1.00
2017.09.28 11:34:23.795,1.34142,1.34145,1.00,1.25
2017.09.28 11:34:24.338,1.34141,1.34146,1.00,1.19
2017.09.28 11:34:30.847,1.34141,1.34148,1.87,1.25
2017.09.28 11:34:31.500,1.34142,1.34148,1.00,1.25
2017.09.28 11:34:33.465,1.34141,1.34148,1.00,1.25
2017.09.28 11:34:33.976,1.3414,1.34148,3.00,1.25
2017.09.28 11:34:35.002,1.34142,1.34148,1.00,1.25
2017.09.28 11:34:35.157,1.3414,1.34148,3.00,1.25
2017.09.28 11:34:35.667,1.3414,1.34148,3.19,1.25
2017.09.28 11:34:36.416,1.3414,1.34148,4.12,1.25
2017.09.28 11:34:36.938,1.3414,1.34148,3.19,1.25
2017.09.28 11:34:38.279,1.34142,1.34148,1.00,1.25
2017.09.28 11:34:38.803,1.34141,1.34148,1.00,1.25
2017.09.28 11:34:39.324,1.34139,1.34147,4.39,1.00
2017.09.28 11:34:39.827,1.34136,1.3414,1.95,1.00
2017.09.28 11:34:39.982,1.34131,1.34138,1.87,1.00
2017.09.28 11:34:40.085,1.34131,1.34135,2.25,1.00
2017.09.28 11:34:40.289,1.3413,1.34137,1.87,1.00
2017.09.28 11:34:40.493,1.34132,1.34138,1.00,1.00
2017.09.28 11:34:41.008,1.34131,1.34138,1.00,1.00
2017.09.28 11:34:41.318,1.34133,1.34138,1.00,1.00
2017.09.28 11:34:41.570,1.34131,1.34138,1.12,1.00
2017.09.28 11:34:41.978,1.34136,1.3414,1.00,1.31
2017.09.28 11:34:42.233,1.34139,1.34144,1.50,1.00
2017.09.28 11:34:42.387,1.34137,1.34144,1.10,1.50
2017.09.28 11:34:42.438,1.34137,1.34142,1.00,1.00
2017.09.28 11:34:43.008,1.34136,1.34141,1.12,1.00
2017.09.28 11:34:43.532,1.34135,1.34141,2.62,1.00
2017.09.28 11:34:44.136,1.34136,1.34141,1.00,1.00
2017.09.28 11:34:44.653,1.34135,1.34141,3.94,1.00
2017.09.28 11:34:45.163,1.34135,1.34142,3.19,1.00
2017.09.28 11:34:45.676,1.34136,1.34142,1.50,1.00
2017.09.28 11:34:46.186,1.34136,1.34143,1.19,1.25
2017.09.28 11:34:46.700,1.34136,1.34143,1.25,1.25
2017.09.28 11:34:47.580,1.34135,1.34143,1.31,1.25
2017.09.28 11:34:48.084,1.34136,1.34143,1.00,1.25
2017.09.28 11:34:48.599,1.34135,1.34143,2.06,1.25
2017.09.28 11:34:49.087,1.34136,1.3414,1.00,1.00
2017.09.28 11:34:49.189,1.34135,1.34142,1.12,1.00
2017.09.28 11:34:49.343,1.34133,1.34141,1.95,2.06
2017.09.28 11:34:49.394,1.34132,1.3414,2.32,1.25
2017.09.28 11:34:49.514,1.34132,1.34138,1.00,1.00
2017.09.28 11:34:49.822,1.34131,1.34137,1.00,1.19
2017.09.28 11:34:50.341,1.3413,1.34137,1.69,1.19
2017.09.28 11:34:51.926,1.3413,1.34135,1.50,1.00
2017.09.28 11:34:52.437,1.3413,1.34137,1.50,1.69
2017.09.28 11:34:58.386,1.34129,1.34134,1.00,1.00
2017.09.28 11:34:58.539,1.34129,1.34137,1.50,2.06
2017.09.28 11:34:59.216,1.3413,1.34137,1.50,1.69
2017.09.28 11:35:00.136,1.34131,1.34137,1.00,1.19
2017.09.28 11:35:00.666,1.3413,1.34137,1.50,1.19
2017.09.28 11:35:02.781,1.34131,1.34137,1.00,1.19
2017.09.28 11:35:03.087,1.34129,1.34137,3.19,2.44
2017.09.28 11:35:04.855,1.34129,1.34137,4.12,1.69
2017.09.28 11:35:07.177,1.3413,1.34137,1.50,1.25
2017.09.28 11:35:08.420,1.34131,1.34137,1.00,1.25
2017.09.28 11:35:09.023,1.3413,1.34137,1.12,1.25
2017.09.28 11:35:10.328,1.34131,1.34137,1.00,1.25
2017.09.28 11:35:10.913,1.3413,1.34136,1.31,1.00
2017.09.28 11:35:12.942,1.34131,1.34136,1.00,1.00
2017.09.28 11:35:14.313,1.34131,1.34138,1.00,1.69
2017.09.28 11:35:15.340,1.3413,1.34138,3.00,1.69
2017.09.28 11:35:15.392,1.34134,1.34138,2.62,1.19
2017.09.28 11:35:15.443,1.34136,1.34141,1.50,1.31
2017.09.28 11:35:15.656,1.34136,1.34143,4.69,1.00
2017.09.28 11:35:15.911,1.34139,1.34145,1.00,1.69
2017.09.28 11:35:16.536,1.34138,1.34145,1.87,1.19
2017.09.28 11:35:17.001,1.3414,1.34145,1.00,1.19
2017.09.28 11:35:17.512,1.34139,1.34145,1.00,1.19
2017.09.28 11:35:18.552,1.3414,1.34145,1.00,1.19
2017.09.28 11:35:18.603,1.3414,1.34146,1.12,1.00
2017.09.28 11:35:18.654,1.3414,1.34148,1.31,1.69
2017.09.28 11:35:19.190,1.34141,1.34148,1.00,1.31
2017.09.28 11:35:19.696,1.3414,1.34148,1.00,2.06
2017.09.28 11:35:21.190,1.34141,1.34148,1.00,1.69
2017.09.28 11:35:21.699,1.3414,1.34148,1.00,1.69
2017.09.28 11:35:22.861,1.34141,1.34148,1.00,1.25
2017.09.28 11:35:23.370,1.3414,1.34148,1.12,1.31
2017.09.28 11:35:23.421,1.34142,1.34148,1.00,1.31
2017.09.28 11:35:23.926,1.34141,1.34149,1.00,2.62
2017.09.28 11:35:24.850,1.34144,1.34149,1.00,1.19
2017.09.28 11:35:25.054,1.34142,1.34149,1.00,1.19
2017.09.28 11:35:25.207,1.34144,1.34149,1.00,1.19
2017.09.28 11:35:25.752,1.34143,1.3415,1.00,1.27
2017.09.28 11:35:26.289,1.34144,1.3415,1.00,3.15
2017.09.28 11:35:26.341,1.34142,1.3415,1.12,2.77
2017.09.28 11:35:26.443,1.34144,1.34151,1.00,4.84
2017.09.28 11:35:27.466,1.34144,1.34151,1.00,1.84
2017.09.28 11:35:27.772,1.34146,1.34151,1.00,1.00
2017.09.28 11:35:27.900,1.34144,1.34151,1.50,1.00
2017.09.28 11:35:29.661,1.34145,1.34151,1.00,1.09
2017.09.28 11:35:30.075,1.34142,1.34151,2.44,1.20
2017.09.28 11:35:30.126,1.34144,1.34151,1.00,1.91
2017.09.28 11:35:30.738,1.34143,1.34151,1.50,1.84
2017.09.28 11:35:31.303,1.34143,1.3415,1.00,1.00
2017.09.28 11:35:31.816,1.34142,1.34147,1.00,1.00
2017.09.28 11:35:31.868,1.34142,1.34149,1.00,1.09
2017.09.28 11:35:32.446,1.34142,1.3415,1.87,3.52
2017.09.28 11:35:32.964,1.34142,1.34149,1.12,1.00
2017.09.28 11:35:33.473,1.34143,1.3415,1.50,1.12
2017.09.28 11:35:34.268,1.34143,1.3415,1.87,1.12
2017.09.28 11:35:35.002,1.34144,1.34151,1.31,1.87
2017.09.28 11:35:35.716,1.34144,1.34152,1.00,6.22
2017.09.28 11:35:36.498,1.34142,1.3415,2.25,1.00
2017.09.28 11:35:37.081,1.34142,1.3415,3.75,1.00
2017.09.28 11:35:37.595,1.34142,1.34152,1.12,9.23
2017.09.28 11:35:37.903,1.34142,1.34149,1.12,1.00
2017.09.28 11:35:38.607,1.34144,1.34149,1.00,1.00
2017.09.28 11:35:38.711,1.34142,1.34149,1.00,1.00
2017.09.28 11:35:39.245,1.34147,1.34151,3.00,1.00
2017.09.28 11:35:39.500,1.34148,1.34155,1.50,1.31
2017.09.28 11:35:39.604,1.34148,1.34156,2.62,1.19
2017.09.28 11:35:40.152,1.3415,1.34157,2.62,1.19
2017.09.28 11:35:40.836,1.3415,1.34157,3.75,1.29
2017.09.28 11:35:41.869,1.3415,1.34157,3.75,1.29
2017.09.28 11:35:50.147,1.34151,1.34157,2.25,1.19
2017.09.28 11:35:50.403,1.34151,1.34158,3.56,1.00
2017.09.28 11:35:51.312,1.34151,1.34157,1.00,1.00
2017.09.28 11:35:51.858,1.34151,1.34158,1.00,1.00
2017.09.28 11:35:53.273,1.34151,1.34157,1.00,1.00
2017.09.28 11:35:53.734,1.34151,1.34159,3.19,1.00
2017.09.28 11:35:53.888,1.34151,1.34157,1.00,1.00
2017.09.28 11:35:54.446,1.34151,1.34158,1.50,1.00
2017.09.28 11:35:55.082,1.34151,1.34157,1.50,1.00
2017.09.28 11:35:55.603,1.34151,1.34156,1.50,1.00
2017.09.28 11:35:56.655,1.34151,1.34158,1.50,1.00
2017.09.28 11:35:56.706,1.34151,1.34156,1.50,1.00
2017.09.28 11:35:56.846,1.34151,1.34158,1.50,1.00
2017.09.28 11:35:57.304,1.34151,1.34155,1.50,1.00
2017.09.28 11:35:58.364,1.34151,1.34157,1.87,1.00
2017.09.28 11:35:58.873,1.3415,1.34158,3.37,1.00
2017.09.28 11:36:00.492,1.3415,1.34158,3.00,1.12
2017.09.28 11:36:01.001,1.34151,1.34158,1.00,1.00
2017.09.28 11:36:04.176,1.34151,1.34157,2.25,1.00
2017.09.28 11:36:04.690,1.34151,1.34156,1.00,1.00
2017.09.28 11:36:07.877,1.34151,1.34158,2.25,1.00
2017.09.28 11:36:08.394,1.34151,1.34157,1.50,1.00
2017.09.28 11:36:09.462,1.34149,1.34151,1.01,1.00
2017.09.28 11:36:09.566,1.34143,1.34151,1.12,1.69
2017.09.28 11:36:10.077,1.34142,1.34151,1.87,5.02
2017.09.28 11:36:10.281,1.34144,1.34149,1.00,1.09
2017.09.28 11:36:10.646,1.34142,1.34149,1.12,1.00
2017.09.28 11:36:11.156,1.34143,1.3415,1.00,1.27
2017.09.28 11:36:11.688,1.34143,1.3415,2.14,1.25
2017.09.28 11:36:11.923,1.34142,1.3415,2.25,1.31
2017.09.28 11:36:12.330,1.34144,1.3415,1.00,1.31
2017.09.28 11:36:12.943,1.34142,1.34149,2.81,1.00
2017.09.28 11:36:14.711,1.34143,1.34149,1.00,1.00
2017.09.28 11:36:14.813,1.34145,1.34149,1.00,1.00
2017.09.28 11:36:15.001,1.34143,1.3415,1.00,1.31
2017.09.28 11:36:15.157,1.34145,1.34152,1.00,1.56
2017.09.28 11:36:15.259,1.34145,1.34152,1.00,2.06
2017.09.28 11:36:16.531,1.34146,1.34153,1.00,1.69
2017.09.28 11:36:16.789,1.34148,1.34155,1.12,2.06
2017.09.28 11:36:16.996,1.34149,1.34157,2.62,1.87
2017.09.28 11:36:17.519,1.3415,1.34158,2.25,1.31
2017.09.28 11:36:18.185,1.34149,1.34155,1.87,2.25
2017.09.28 11:36:18.390,1.34144,1.34151,1.25,1.31
2017.09.28 11:36:18.544,1.34145,1.34152,2.25,2.06
2017.09.28 11:36:18.860,1.34147,1.34153,1.50,1.19
2017.09.28 11:36:19.371,1.34148,1.34155,1.12,1.69
2017.09.28 11:36:19.422,1.34148,1.34153,1.31,1.00
2017.09.28 11:36:19.830,1.34147,1.34155,2.81,1.69
2017.09.28 11:36:20.260,1.3415,1.34156,1.87,1.19
2017.09.28 11:36:21.464,1.3415,1.34157,2.25,1.00
2017.09.28 11:36:22.949,1.3415,1.34158,2.62,1.25
2017.09.28 11:36:25.233,1.3415,1.34156,1.00,1.50
2017.09.28 11:36:25.736,1.3415,1.34157,1.00,1.00
2017.09.28 11:36:26.305,1.34151,1.34158,1.00,1.25
2017.09.28 11:36:27.158,1.3415,1.34158,2.81,1.25
2017.09.28 11:36:27.708,1.34151,1.34158,1.31,1.25
2017.09.28 11:36:28.217,1.34152,1.34159,1.50,1.69
2017.09.28 11:36:30.508,1.34151,1.34158,1.00,1.25
2017.09.28 11:36:32.635,1.3415,1.34157,3.19,1.00
2017.09.28 11:36:33.184,1.34151,1.34158,1.00,1.25
2017.09.28 11:36:33.720,1.34152,1.34158,1.50,1.25
2017.09.28 11:36:34.724,1.3415,1.34155,2.62,1.00
2017.09.28 11:36:35.226,1.3415,1.34156,2.06,1.00
2017.09.28 11:36:36.010,1.34151,1.34156,1.00,1.00
2017.09.28 11:36:36.062,1.34151,1.34158,1.00,1.25
2017.09.28 11:36:36.570,1.3415,1.34158,1.50,1.25
2017.09.28 11:36:39.142,1.3415,1.34158,3.37,1.69
2017.09.28 11:36:39.635,1.34152,1.34157,1.50,1.25
2017.09.28 11:36:39.687,1.3415,1.34157,3.00,1.25
2017.09.28 11:36:39.891,1.34152,1.34157,1.00,1.25
2017.09.28 11:36:40.197,1.3415,1.34157,2.25,1.25
2017.09.28 11:36:40.821,1.3415,1.34156,3.00,1.00
2017.09.28 11:36:41.333,1.3415,1.34157,2.25,1.25
2017.09.28 11:36:41.952,1.3415,1.34156,1.87,1.00
2017.09.28 11:36:44.639,1.34149,1.34158,4.31,2.81
2017.09.28 11:36:44.741,1.34149,1.34155,3.94,1.00
2017.09.28 11:36:45.049,1.34149,1.34158,3.00,3.19
2017.09.28 11:36:45.367,1.34149,1.34155,3.38,1.00
2017.09.28 11:36:45.419,1.34149,1.34158,3.19,3.19
2017.09.28 11:36:52.195,1.3415,1.34157,1.00,2.06
2017.09.28 11:36:52.728,1.34149,1.34157,2.81,1.69
2017.09.28 11:36:53.236,1.34149,1.34157,3.19,1.62
2017.09.28 11:36:53.737,1.34149,1.34157,2.81,1.25
2017.09.28 11:36:54.496,1.34149,1.34157,3.56,1.87
2017.09.28 11:36:54.928,1.34149,1.34154,2.81,1.00
2017.09.28 11:36:55.184,1.34149,1.34157,2.81,1.37
2017.09.28 11:36:55.704,1.34149,1.34156,2.81,1.37
2017.09.28 11:36:55.894,1.34149,1.34157,3.56,1.50
2017.09.28 11:37:00.058,1.3415,1.34156,1.20,1.00
2017.09.28 11:37:00.580,1.3415,1.34158,1.09,3.37
2017.09.28 11:37:00.786,1.34152,1.34158,1.00,1.69
2017.09.28 11:37:01.330,1.3415,1.34155,2.25,1.00
2017.09.28 11:37:01.841,1.3415,1.34157,2.21,1.25
2017.09.28 11:37:02.146,1.3415,1.34155,2.21,1.00
2017.09.28 11:37:03.118,1.34149,1.34157,7.46,1.31
2017.09.28 11:37:03.490,1.34153,1.34158,1.13,1.31
2017.09.28 11:37:04.021,1.34152,1.34158,1.31,1.31
2017.09.28 11:37:04.328,1.34153,1.34155,1.25,1.00
2017.09.28 11:37:04.380,1.34153,1.34157,1.25,1.31
2017.09.28 11:37:04.432,1.3415,1.34157,1.09,1.31
2017.09.28 11:37:04.706,1.3415,1.34156,1.50,2.25
2017.09.28 11:37:04.862,1.34143,1.3415,2.81,5.25
2017.09.28 11:37:04.967,1.34145,1.34152,1.00,1.69
2017.09.28 11:37:05.224,1.34142,1.34149,3.37,1.12
2017.09.28 11:37:05.764,1.34142,1.3415,1.69,1.69
2017.09.28 11:37:06.276,1.34142,1.34149,1.31,1.50
2017.09.28 11:37:07.091,1.34141,1.34148,2.40,1.12
2017.09.28 11:37:07.653,1.3414,1.34147,1.50,1.25
2017.09.28 11:37:08.202,1.34139,1.34146,1.87,1.00
2017.09.28 11:37:08.459,1.34139,1.34144,1.87,1.00
2017.09.28 11:37:08.665,1.34139,1.34146,2.21,1.12
2017.09.28 11:37:11.553,1.34138,1.34145,3.55,1.00
2017.09.28 11:37:12.064,1.34138,1.34147,3.37,2.62
2017.09.28 11:37:13.629,1.34139,1.34144,1.23,1.00
2017.09.28 11:37:14.849,1.34139,1.34147,1.25,1.62
2017.09.28 11:37:16.018,1.34138,1.34146,2.59,1.12
2017.09.28 11:37:16.549,1.34138,1.34147,2.44,2.81
2017.09.28 11:37:19.428,1.34137,1.34141,1.50,1.00
2017.09.28 11:37:19.644,1.34134,1.3414,1.69,2.06
2017.09.28 11:37:19.798,1.34137,1.34142,1.50,2.06
2017.09.28 11:37:19.851,1.34135,1.34142,5.96,1.25
2017.09.28 11:37:20.363,1.34135,1.34143,2.21,3.75
2017.09.28 11:37:20.881,1.34135,1.34141,1.00,1.25
2017.09.28 11:37:21.391,1.34136,1.34141,1.50,1.00
2017.09.28 11:37:21.780,1.34136,1.34143,1.50,2.44
2017.09.28 11:37:22.319,1.34136,1.34143,1.87,2.44
2017.09.28 11:37:22.422,1.34135,1.34141,1.12,1.12
2017.09.28 11:37:22.728,1.34132,1.34139,1.12,1.12
2017.09.28 11:37:23.034,1.34132,1.3414,2.21,1.69
2017.09.28 11:37:23.576,1.34132,1.34138,1.50,1.00
2017.09.28 11:37:24.089,1.34132,1.34139,1.00,4.50
2017.09.28 11:37:24.607,1.34127,1.34135,3.00,1.50
2017.09.28 11:37:24.658,1.34127,1.34134,2.62,1.12
2017.09.28 11:37:25.169,1.34128,1.34134,1.87,1.12
2017.09.28 11:37:25.543,1.34128,1.34136,2.06,1.31
2017.09.28 11:37:26.074,1.34128,1.34135,2.78,1.12
2017.09.28 11:37:26.582,1.34127,1.34133,4.09,1.00
2017.09.28 11:37:26.736,1.34128,1.34135,1.00,2.06
2017.09.28 11:37:27.345,1.34128,1.34136,2.44,2.62
2017.09.28 11:37:28.216,1.34127,1.34133,4.28,1.00
2017.09.28 11:37:28.524,1.34125,1.34131,1.87,1.00
2017.09.28 11:37:29.027,1.34122,1.34131,5.10,1.12
2017.09.28 11:37:29.079,1.34122,1.34131,4.91,1.50
2017.09.28 11:37:29.284,1.34123,1.34131,1.57,1.50
2017.09.28 11:37:29.847,1.34124,1.34131,1.88,1.69
2017.09.28 11:37:30.153,1.34122,1.34129,1.00,4.50
2017.09.28 11:37:30.402,1.34119,1.34128,2.63,3.00
2017.09.28 11:37:30.861,1.3412,1.34128,2.81,2.25
2017.09.28 11:37:31.487,1.3412,1.34127,2.62,1.12
2017.09.28 11:37:32.305,1.3412,1.34127,3.19,1.12
2017.09.28 11:37:32.843,1.3412,1.34127,2.96,1.12
2017.09.28 11:37:33.420,1.3412,1.34127,2.78,1.12
2017.09.28 11:37:34.780,1.3412,1.34127,3.53,1.12
2017.09.28 11:37:35.327,1.3412,1.34127,2.59,1.12
2017.09.28 11:37:39.299,1.3412,1.34127,1.65,1.12
2017.09.28 11:37:39.988,1.3412,1.34127,1.09,1.12
2017.09.28 11:37:41.109,1.3412,1.34127,1.46,1.12
2017.09.28 11:37:41.656,1.3412,1.34127,1.27,1.12
2017.09.28 11:37:42.348,1.3412,1.34127,1.27,1.12
2017.09.28 11:37:42.852,1.3412,1.34127,1.76,1.12
2017.09.28 11:37:43.653,1.34119,1.34127,4.95,1.12
2017.09.28 11:37:43.858,1.34126,1.34129,1.69,1.12
2017.09.28 11:37:43.961,1.34127,1.34135,2.62,2.62
2017.09.28 11:37:44.015,1.34126,1.34133,4.72,1.50
2017.09.28 11:37:44.548,1.34128,1.34134,1.37,4.50
2017.09.28 11:37:45.654,1.34127,1.34134,3.97,1.00
2017.09.28 11:37:48.966,1.34127,1.34135,2.70,1.12
2017.09.28 11:37:49.382,1.34127,1.3413,1.00,1.00
2017.09.28 11:37:49.484,1.34121,1.34129,2.51,1.12
2017.09.28 11:37:49.994,1.34121,1.34129,1.31,1.12
2017.09.28 11:37:50.097,1.34121,1.34129,1.69,1.12
2017.09.28 11:37:50.199,1.34121,1.34129,1.88,1.12
2017.09.28 11:37:50.359,1.34124,1.34129,1.00,1.12
2017.09.28 11:37:50.411,1.34126,1.34133,2.25,3.37
2017.09.28 11:37:50.938,1.34127,1.34132,1.00,1.00
2017.09.28 11:37:50.990,1.34124,1.34132,4.31,1.00
2017.09.28 11:37:51.094,1.34124,1.34132,3.56,4.50
2017.09.28 11:37:51.417,1.34126,1.34131,1.50,1.50
2017.09.28 11:37:51.940,1.34125,1.34131,1.00,1.50
2017.09.28 11:37:52.760,1.34123,1.3413,3.52,1.12
2017.09.28 11:37:53.560,1.34122,1.34128,3.37,1.00
2017.09.28 11:37:55.541,1.3412,1.34128,3.94,1.12
2017.09.28 11:37:57.476,1.3412,1.34127,1.13,1.12
2017.09.28 11:37:59.197,1.34121,1.34129,1.00,5.44
2017.09.28 11:37:59.712,1.34119,1.34127,4.16,1.12
2017.09.28 11:38:00.271,1.3412,1.34127,1.88,1.12
2017.09.28 11:38:00.974,1.34119,1.34127,5.66,1.12
2017.09.28 11:38:01.769,1.34119,1.34127,3.90,1.12
2017.09.28 11:38:03.196,1.34119,1.34127,3.52,1.12
2017.09.28 11:38:09.304,1.34119,1.34127,2.25,1.12
2017.09.28 11:38:09.611,1.3412,1.34128,2.03,1.69
2017.09.28 11:38:15.782,1.3412,1.34127,1.87,1.12
2017.09.28 11:38:17.053,1.34121,1.34128,1.00,1.87
2017.09.28 11:38:17.634,1.3412,1.34127,1.25,1.12
2017.09.28 11:38:18.147,1.3412,1.34129,3.94,6.19
2017.09.28 11:38:19.667,1.34121,1.34129,1.19,5.44
2017.09.28 11:38:20.290,1.34121,1.34129,2.21,1.69
2017.09.28 11:38:20.824,1.34121,1.34128,1.00,1.12
2017.09.28 11:38:23.902,1.3412,1.34128,5.06,2.25
2017.09.28 11:38:25.589,1.3412,1.34127,1.50,1.12
2017.09.28 11:38:29.866,1.34121,1.34128,1.25,2.25
2017.09.28 11:38:30.901,1.34125,1.34131,3.94,1.50
2017.09.28 11:38:31.516,1.34121,1.3413,4.87,1.00
2017.09.28 11:38:33.260,1.34121,1.34129,3.86,1.00
2017.09.28 11:38:33.770,1.34122,1.3413,2.47,1.12
2017.09.28 11:38:36.040,1.34122,1.3413,3.97,1.00
2017.09.28 11:38:36.698,1.34122,1.34129,1.80,1.87
2017.09.28 11:38:37.210,1.34122,1.34129,1.42,1.50
2017.09.28 11:38:38.168,1.34122,1.34128,1.42,1.00
2017.09.28 11:38:38.729,1.34122,1.34129,1.42,1.12
2017.09.28 11:38:39.279,1.34122,1.3413,4.16,1.00
2017.09.28 11:38:40.389,1.34122,1.34128,3.22,1.00
2017.09.28 11:38:48.079,1.34121,1.34128,4.24,1.00
2017.09.28 11:38:48.130,1.34121,1.34128,4.43,1.00
2017.09.28 11:38:48.300,1.34121,1.34128,5.66,1.00
2017.09.28 11:38:49.158,1.34123,1.34128,1.00,1.00
2017.09.28 11:38:49.532,1.34124,1.34131,2.62,1.12
2017.09.28 11:38:49.640,1.34127,1.34131,1.50,1.12
2017.09.28 11:38:50.150,1.34125,1.34132,3.00,1.12
2017.09.28 11:38:50.814,1.34127,1.34134,1.50,5.25
2017.09.28 11:38:51.362,1.34126,1.34134,1.31,4.50
2017.09.28 11:38:51.984,1.34126,1.34134,1.63,4.50
2017.09.28 11:38:52.496,1.34126,1.34134,1.25,5.44
2017.09.28 11:38:53.085,1.34126,1.34132,1.31,1.12
2017.09.28 11:38:53.494,1.34126,1.34134,4.27,1.12
2017.09.28 11:38:54.015,1.34126,1.34134,5.96,1.12
2017.09.28 11:38:54.552,1.34126,1.34134,7.08,1.12
2017.09.28 11:38:55.066,1.34127,1.34134,2.58,1.12
2017.09.28 11:38:58.641,1.34127,1.34134,1.37,1.12
2017.09.28 11:38:59.208,1.34127,1.34134,1.12,1.12
2017.09.28 11:38:59.733,1.34127,1.34134,1.63,1.12
2017.09.28 11:39:00.723,1.34127,1.34133,1.50,1.00
2017.09.28 11:39:01.234,1.34127,1.34133,2.00,1.00
2017.09.28 11:39:01.817,1.34127,1.34133,1.88,1.00
2017.09.28 11:39:01.920,1.34132,1.34136,3.19,1.00
2017.09.28 11:39:02.075,1.34137,1.34142,1.50,1.25
2017.09.28 11:39:02.635,1.34136,1.34142,5.59,1.00
2017.09.28 11:39:03.146,1.34137,1.34142,1.84,1.69
2017.09.28 11:39:05.030,1.34137,1.34143,1.31,1.12
2017.09.28 11:39:05.183,1.34139,1.34143,2.03,1.12
2017.09.28 11:39:10.391,1.34138,1.34144,1.59,1.50
2017.09.28 11:39:12.408,1.34138,1.34144,3.53,1.50
2017.09.28 11:39:13.009,1.34138,1.34144,3.15,1.50
2017.09.28 11:39:15.631,1.34133,1.34137,1.57,1.50
2017.09.28 11:39:15.683,1.3413,1.34135,1.37,1.00
2017.09.28 11:39:15.836,1.3413,1.34133,1.12,1.00
2017.09.28 11:39:16.502,1.34129,1.34133,2.06,1.00
2017.09.28 11:39:19.163,1.34128,1.34133,3.00,1.00
2017.09.28 11:39:20.275,1.34126,1.34133,2.25,1.00
2017.09.28 11:39:21.657,1.34127,1.34133,1.50,1.00
2017.09.28 11:39:24.390,1.34126,1.34133,5.21,1.00
2017.09.28 11:39:24.919,1.34126,1.34133,4.09,1.00
2017.09.28 11:39:25.721,1.34126,1.34133,3.71,1.00
2017.09.28 11:39:26.235,1.34127,1.34133,1.00,1.00
2017.09.28 11:39:26.388,1.34127,1.34134,3.75,1.12
2017.09.28 11:39:27.107,1.34128,1.34134,2.62,1.12
2017.09.28 11:39:27.867,1.34127,1.34134,2.25,1.12
2017.09.28 11:39:33.485,1.34128,1.34133,1.12,1.00
2017.09.28 11:39:33.690,1.34127,1.34131,2.96,1.00
2017.09.28 11:39:34.126,1.34126,1.34131,4.27,1.00
2017.09.28 11:39:35.039,1.34126,1.34131,4.46,1.00
2017.09.28 11:39:35.381,1.34131,1.34135,1.50,1.87
2017.09.28 11:39:35.690,1.34146,1.34151,1.84,1.00
2017.09.28 11:39:35.844,1.34145,1.3415,1.69,1.00
2017.09.28 11:39:36.049,1.34148,1.34151,1.84,1.00
2017.09.28 11:39:36.202,1.34145,1.34151,1.00,1.00
2017.09.28 11:39:36.357,1.34145,1.34148,1.00,1.00
2017.09.28 11:39:36.410,1.34143,1.34148,1.00,1.00
2017.09.28 11:39:36.462,1.34147,1.34152,1.50,1.47
2017.09.28 11:39:36.615,1.34148,1.34155,3.37,1.00
2017.09.28 11:39:37.185,1.34148,1.34155,3.37,1.00
2017.09.28 11:39:39.951,1.34149,1.34155,1.37,1.00
2017.09.28 11:39:40.839,1.34149,1.34155,1.09,1.00
2017.09.28 11:39:44.927,1.3415,1.34156,1.87,1.00
2017.09.28 11:39:45.475,1.3415,1.34155,2.62,1.00
2017.09.28 11:39:45.981,1.34151,1.34154,1.00,1.00
2017.09.28 11:39:47.626,1.34151,1.34155,1.00,1.00
2017.09.28 11:39:49.635,1.34149,1.34154,4.50,1.00
2017.09.28 11:39:49.783,1.34144,1.34148,1.75,1.00
2017.09.28 11:39:49.834,1.34143,1.34148,2.25,1.00
2017.09.28 11:39:49.886,1.34141,1.34147,4.87,1.12
2017.09.28 11:39:50.245,1.34141,1.34146,1.12,1.00
2017.09.28 11:39:50.869,1.3414,1.34146,4.87,1.00
2017.09.28 11:39:51.389,1.34139,1.34146,2.25,1.00
2017.09.28 11:39:52.712,1.34139,1.34145,2.25,1.00
2017.09.28 11:39:52.763,1.34139,1.34145,1.87,1.00
2017.09.28 11:39:54.192,1.34139,1.34145,1.69,1.00
2017.09.28 11:39:54.861,1.34139,1.34145,1.12,1.00
2017.09.28 11:39:59.786,1.34139,1.34145,1.50,1.00
2017.09.28 11:40:00.321,1.34139,1.34146,1.87,1.12
2017.09.28 11:40:01.039,1.34139,1.34145,1.50,1.00
2017.09.28 11:40:01.553,1.34139,1.34146,1.12,1.12
2017.09.28 11:40:01.612,1.34139,1.34143,1.12,1.00
2017.09.28 11:40:05.312,1.34139,1.3414,1.00,4.50
2017.09.28 11:40:05.694,1.34131,1.34135,3.07,1.00
2017.09.28 11:40:07.011,1.3413,1.34135,1.57,1.00
2017.09.28 11:40:07.542,1.3413,1.34135,1.12,1.00
2017.09.28 11:40:07.746,1.34129,1.34133,1.50,1.00
2017.09.28 11:40:08.255,1.34129,1.34133,1.00,1.00
2017.09.28 11:40:08.797,1.34129,1.34133,1.37,1.00
2017.09.28 11:40:09.464,1.34129,1.34133,1.12,1.00
2017.09.28 11:40:09.981,1.34129,1.34133,1.37,1.00
2017.09.28 11:40:10.513,1.34129,1.34133,1.00,1.00
2017.09.28 11:40:20.345,1.34128,1.34133,3.37,1.00
2017.09.28 11:40:22.535,1.34129,1.34133,1.00,1.00
2017.09.28 11:40:24.654,1.34128,1.34133,3.75,1.00
2017.09.28 11:40:27.072,1.34128,1.34132,1.37,1.00
2017.09.28 11:40:30.479,1.34128,1.34132,1.75,1.00
2017.09.28 11:40:30.995,1.34129,1.34132,1.00,1.00
2017.09.28 11:40:39.065,1.34127,1.34131,4.35,1.00
2017.09.28 11:40:39.575,1.34128,1.34131,2.44,1.00
2017.09.28 11:40:40.722,1.34128,1.34131,1.62,1.00
2017.09.28 11:40:45.291,1.34127,1.34132,1.87,1.12
2017.09.28 11:40:45.394,1.34114,1.34119,1.00,1.00
2017.09.28 11:40:45.533,1.34114,1.34117,1.56,1.00
2017.09.28 11:40:45.585,1.34112,1.34118,2.62,1.12
2017.09.28 11:40:45.637,1.34111,1.34118,1.00,1.12
2017.09.28 11:40:47.108,1.3411,1.34116,1.31,1.00
2017.09.28 11:40:47.517,1.34112,1.34116,1.00,1.00
2017.09.28 11:40:47.620,1.34118,1.34123,1.50,1.31
2017.09.28 11:40:47.671,1.3412,1.34127,1.69,1.57
2017.09.28 11:40:47.723,1.34121,1.34128,1.88,1.00
2017.09.28 11:40:48.031,1.34125,1.34133,4.69,1.69
2017.09.28 11:40:48.144,1.34127,1.34135,6.00,4.01
2017.09.28 11:40:48.196,1.34129,1.34136,3.19,1.12
2017.09.28 11:40:48.351,1.34128,1.34134,1.57,1.00
2017.09.28 11:40:48.870,1.34127,1.34133,1.37,1.00
2017.09.28 11:40:50.930,1.34126,1.34133,2.59,1.00
2017.09.28 11:40:51.453,1.34127,1.34134,2.06,1.00
2017.09.28 11:40:52.515,1.34127,1.34134,2.21,1.00
2017.09.28 11:40:53.104,1.34127,1.34134,2.44,1.00
2017.09.28 11:40:53.462,1.34127,1.34135,6.34,1.00
2017.09.28 11:40:54.369,1.34128,1.34135,1.25,1.00
2017.09.28 11:40:54.878,1.34127,1.34135,8.21,1.00
2017.09.28 11:40:55.959,1.34128,1.34135,1.31,1.00
2017.09.28 11:40:57.637,1.34128,1.34135,3.37,1.00
2017.09.28 11:40:58.145,1.34129,1.34136,2.81,1.25
2017.09.28 11:40:58.655,1.34129,1.34137,3.00,1.19
2017.09.28 11:40:59.167,1.34129,1.34137,2.62,1.19
2017.09.28 11:41:00.355,1.3413,1.34137,1.00,1.00
2017.09.28 11:41:00.865,1.34131,1.34138,1.00,1.00
2017.09.28 11:41:04.683,1.34131,1.34138,1.44,1.00
2017.09.28 11:41:05.313,1.34131,1.34138,1.25,1.00
2017.09.28 11:41:07.062,1.34131,1.34138,1.44,1.00
2017.09.28 11:41:07.599,1.34131,1.34138,1.00,1.00
2017.09.28 11:41:08.132,1.34132,1.3414,1.00,2.44
2017.09.28 11:41:10.162,1.34132,1.3414,1.00,2.06
2017.09.28 11:41:10.671,1.34133,1.3414,1.00,2.44
2017.09.28 11:41:16.599,1.34131,1.3414,1.50,2.81
2017.09.28 11:41:18.150,1.34131,1.3414,1.50,2.81
2017.09.28 11:41:18.752,1.34131,1.3414,1.50,2.81
2017.09.28 11:41:19.261,1.34133,1.3414,1.00,2.06
2017.09.28 11:41:19.771,1.34131,1.3414,1.20,2.06
2017.09.28 11:41:20.359,1.34131,1.3414,1.00,2.06
2017.09.28 11:41:21.795,1.3413,1.3414,2.70,5.25
2017.09.28 11:41:22.344,1.3413,1.3414,2.25,5.25
2017.09.28 11:41:22.886,1.3413,1.3414,2.25,6.00
2017.09.28 11:41:23.573,1.3413,1.34139,1.01,2.06
2017.09.28 11:41:24.074,1.3413,1.34139,1.20,2.06
2017.09.28 11:41:24.610,1.3413,1.34139,1.39,1.87
2017.09.28 11:41:26.881,1.34131,1.34139,1.00,2.06
2017.09.28 11:41:27.409,1.3413,1.34138,1.20,1.69
2017.09.28 11:41:27.915,1.3413,1.34138,1.25,1.50
2017.09.28 11:41:28.794,1.3413,1.34138,1.00,1.69
2017.09.28 11:41:29.344,1.34129,1.34138,4.01,1.50
2017.09.28 11:41:30.523,1.34129,1.34139,3.82,1.69
2017.09.28 11:41:31.121,1.34129,1.34139,4.76,2.98
2017.09.28 11:41:34.203,1.34129,1.34139,4.58,2.61
2017.09.28 11:41:34.722,1.3413,1.34139,1.00,1.00
2017.09.28 11:41:36.111,1.34132,1.3414,2.44,2.81
2017.09.28 11:41:36.617,1.34134,1.3414,1.00,1.69
2017.09.28 11:41:37.160,1.34134,1.3414,1.12,1.31
2017.09.28 11:41:37.473,1.34144,1.34151,1.00,3.94
2017.09.28 11:41:38.003,1.34144,1.34151,1.00,3.19
2017.09.28 11:41:40.304,1.34144,1.34151,1.50,3.56
2017.09.28 11:41:41.603,1.34148,1.34152,1.00,1.56
2017.09.28 11:41:41.654,1.34149,1.34157,1.12,2.81
2017.09.28 11:41:41.706,1.34151,1.34157,4.50,1.94
2017.09.28 11:41:41.809,1.34152,1.34158,3.75,1.31
2017.09.28 11:41:43.241,1.34153,1.34159,1.00,2.44
2017.09.28 11:41:43.752,1.34153,1.34161,1.50,3.37
2017.09.28 11:41:44.334,1.34152,1.34158,5.81,1.00
2017.09.28 11:41:44.487,1.34152,1.3416,5.89,1.87
2017.09.28 11:41:45.477,1.34152,1.34159,6.64,1.25
2017.09.28 11:41:46.579,1.34152,1.3416,5.89,2.06
2017.09.28 11:41:47.669,1.34153,1.34159,1.50,1.25
2017.09.28 11:41:48.183,1.34153,1.34161,1.69,3.94
2017.09.28 11:41:48.771,1.34152,1.34159,6.64,1.00
2017.09.28 11:41:51.579,1.34154,1.34161,1.12,3.75
2017.09.28 11:41:52.637,1.34154,1.3416,1.12,1.19
2017.09.28 11:41:53.219,1.34154,1.3416,1.12,1.25
2017.09.28 11:41:53.798,1.34154,1.34159,1.12,1.25
2017.09.28 11:41:53.907,1.34154,1.34161,1.12,3.19
2017.09.28 11:41:54.418,1.34154,1.3416,1.12,1.00
2017.09.28 11:41:55.662,1.34154,1.34159,1.12,1.25
2017.09.28 11:41:56.171,1.34154,1.3416,1.12,1.25
2017.09.28 11:41:56.936,1.34153,1.34159,3.00,1.25
2017.09.28 11:41:57.587,1.34153,1.3416,2.25,1.25
2017.09.28 11:41:58.192,1.34153,1.34159,3.00,1.25
2017.09.28 11:41:58.701,1.34152,1.3416,6.94,1.25
2017.09.28 11:42:00.087,1.34153,1.34159,1.50,1.25
2017.09.28 11:42:00.771,1.34153,1.3416,1.62,1.12
2017.09.28 11:42:01.302,1.34153,1.34159,1.87,1.25
2017.09.28 11:42:02.296,1.34152,1.3416,6.19,1.69
2017.09.28 11:42:03.618,1.34153,1.34159,1.50,1.44
2017.09.28 11:42:04.158,1.34152,1.3416,6.37,2.06
2017.09.28 11:42:04.687,1.34153,1.3416,1.12,1.31
2017.09.28 11:42:05.016,1.34152,1.34161,2.25,4.12
2017.09.28 11:42:05.227,1.34152,1.34159,3.00,1.25
2017.09.28 11:42:05.734,1.34152,1.34158,3.56,1.25
2017.09.28 11:42:06.277,1.34152,1.34159,2.62,1.00
2017.09.28 11:42:07.093,1.34152,1.34158,3.56,1.00
2017.09.28 11:42:08.879,1.34152,1.34159,3.00,1.25
2017.09.28 11:42:11.328,1.34152,1.34158,2.44,1.00
2017.09.28 11:42:11.717,1.34152,1.3416,1.50,3.56
2017.09.28 11:42:12.589,1.34152,1.34159,2.25,1.31
2017.09.28 11:42:15.255,1.34152,1.34158,2.25,1.25
2017.09.28 11:42:15.359,1.34149,1.34152,1.00,1.00
2017.09.28 11:42:15.883,1.34146,1.34152,5.44,1.12
2017.09.28 11:42:18.326,1.34146,1.34151,3.75,1.00
2017.09.28 11:42:19.322,1.34146,1.34151,1.25,1.00
2017.09.28 11:42:26.884,1.34144,1.3415,4.69,1.00
2017.09.28 11:42:30.270,1.34144,1.34148,5.25,1.00
2017.09.28 11:42:30.424,1.34134,1.34141,1.85,1.00
2017.09.28 11:42:30.527,1.34133,1.34138,1.00,1.00
2017.09.28 11:42:30.630,1.34131,1.34138,3.00,1.00
2017.09.28 11:42:30.885,1.34131,1.34136,3.00,1.00
2017.09.28 11:42:31.838,1.3413,1.34136,4.31,1.00
2017.09.28 11:42:32.358,1.34131,1.34137,1.50,1.00
2017.09.28 11:42:32.928,1.34131,1.34135,1.50,1.00
2017.09.28 11:42:33.469,1.3413,1.34135,1.50,1.00
2017.09.28 11:42:33.775,1.34128,1.34135,1.12,1.00
2017.09.28 11:42:33.827,1.34127,1.34133,4.12,1.00
2017.09.28 11:42:34.031,1.34129,1.34135,1.50,1.00
2017.09.28 11:42:34.570,1.34128,1.34136,5.44,1.25
2017.09.28 11:42:37.082,1.34131,1.34136,1.50,1.00
2017.09.28 11:42:38.334,1.3413,1.34136,3.75,1.00
2017.09.28 11:42:39.181,1.34129,1.34135,6.07,1.00
2017.09.28 11:42:40.070,1.34129,1.34135,3.07,1.00
2017.09.28 11:42:42.444,1.34129,1.34139,4.76,3.37
2017.09.28 11:42:43.976,1.3413,1.34139,1.00,2.62
2017.09.28 11:42:48.077,1.34131,1.34139,1.50,3.00
2017.09.28 11:42:48.579,1.3413,1.34139,2.25,3.56
2017.09.28 11:42:49.116,1.34131,1.34139,1.50,3.75
2017.09.28 11:42:49.641,1.34131,1.34139,1.50,1.12
2017.09.28 11:42:50.179,1.34131,1.34139,3.00,1.00
2017.09.28 11:42:51.081,1.34131,1.34139,1.00,1.00
2017.09.28 11:42:51.596,1.34132,1.34139,1.50,1.12
2017.09.28 11:43:06.935,1.34133,1.34139,1.50,1.25
2017.09.28 11:43:09.264,1.34136,1.34142,1.50,1.50
2017.09.28 11:43:09.520,1.34136,1.34145,1.95,2.06
2017.09.28 11:43:10.055,1.34137,1.34146,1.20,6.37
2017.09.28 11:43:10.624,1.34137,1.34146,1.20,5.62
2017.09.28 11:43:11.135,1.34138,1.34146,1.10,1.87
2017.09.28 11:43:11.907,1.34138,1.34146,2.32,2.25
2017.09.28 11:43:12.417,1.34139,1.34147,1.07,1.00
2017.09.28 11:43:12.661,1.34141,1.34149,1.00,1.25
2017.09.28 11:43:12.712,1.34142,1.34149,1.45,1.25
2017.09.28 11:43:12.918,1.34141,1.34149,1.20,1.25
2017.09.28 11:43:13.474,1.34141,1.34149,1.95,1.25
2017.09.28 11:43:17.615,1.34141,1.34147,1.45,1.00
2017.09.28 11:43:17.827,1.3414,1.34147,1.10,1.19
2017.09.28 11:43:18.338,1.34138,1.34147,4.95,2.81
2017.09.28 11:43:18.887,1.34138,1.34147,3.07,2.44
2017.09.28 11:43:28.824,1.34141,1.34148,6.19,1.00
2017.09.28 11:43:29.332,1.34141,1.3415,6.64,1.31
2017.09.28 11:43:29.889,1.34142,1.34149,1.57,1.00
2017.09.28 11:43:30.420,1.34143,1.34151,1.69,3.19
2017.09.28 11:43:30.880,1.34144,1.3415,3.75,1.12
2017.09.28 11:43:31.429,1.34143,1.3415,2.32,1.00
2017.09.28 11:43:31.955,1.34143,1.3415,1.10,1.00
2017.09.28 11:43:32.466,1.34141,1.34149,3.82,1.00
2017.09.28 11:43:33.426,1.34141,1.34149,1.57,1.25
2017.09.28 11:43:35.200,1.34141,1.34149,3.07,1.25
2017.09.28 11:43:35.715,1.34141,1.34149,3.82,1.00
2017.09.28 11:43:36.262,1.34141,1.34149,3.45,1.00
2017.09.28 11:43:48.170,1.34141,1.34149,1.95,1.87
2017.09.28 11:43:48.789,1.34141,1.34149,1.20,2.06
2017.09.28 11:43:49.330,1.34141,1.34149,1.10,3.37
2017.09.28 11:43:50.836,1.34141,1.34148,1.20,1.00
2017.09.28 11:43:51.509,1.3414,1.34148,2.32,1.00
2017.09.28 11:43:54.159,1.3414,1.34148,3.45,1.00
2017.09.28 11:43:55.287,1.3414,1.34149,2.32,1.50
2017.09.28 11:43:55.806,1.3414,1.34149,2.32,1.00
2017.09.28 11:43:59.572,1.34141,1.34148,1.10,5.25
2017.09.28 11:44:00.634,1.34139,1.34141,1.10,6.94
2017.09.28 11:44:00.787,1.34132,1.34139,2.32,2.25
2017.09.28 11:44:01.296,1.34131,1.34139,1.01,2.25
2017.09.28 11:44:13.219,1.34136,1.34141,2.40,1.50
2017.09.28 11:44:13.512,1.34136,1.34142,1.12,1.25
2017.09.28 11:44:13.870,1.34136,1.34144,1.10,1.00
2017.09.28 11:44:14.228,1.3414,1.34145,1.12,1.00
2017.09.28 11:44:14.281,1.3414,1.34148,1.50,1.69
2017.09.28 11:44:14.797,1.3414,1.34148,1.95,1.19
2017.09.28 11:44:15.334,1.3414,1.34148,1.57,1.00
2017.09.28 11:44:15.930,1.3414,1.34148,1.95,1.50
2017.09.28 11:44:17.519,1.34141,1.34148,1.00,1.00
2017.09.28 11:44:20.029,1.34141,1.34148,1.20,1.00
2017.09.28 11:44:23.495,1.34141,1.34149,1.20,1.25
2017.09.28 11:44:23.998,1.34141,1.34149,1.10,1.25
2017.09.28 11:44:24.514,1.34141,1.34149,1.20,1.25
2017.09.28 11:44:25.171,1.34141,1.34149,1.10,1.25
2017.09.28 11:44:26.927,1.34142,1.34149,1.00,1.25
2017.09.28 11:44:32.491,1.34141,1.34149,1.57,1.25
2017.09.28 11:44:37.708,1.34141,1.34149,4.95,1.00
2017.09.28 11:44:42.325,1.3415,1.34152,1.00,1.50
2017.09.28 11:44:42.377,1.34148,1.34154,1.50,1.87
2017.09.28 11:44:42.429,1.34151,1.34156,1.00,1.12
2017.09.28 11:44:42.837,1.34148,1.34157,3.75,2.62
2017.09.28 11:44:42.889,1.34151,1.34157,1.00,1.37
2017.09.28 11:44:43.297,1.34151,1.34158,2.14,1.12
2017.09.28 11:44:44.230,1.34151,1.3416,7.39,1.50
2017.09.28 11:44:44.741,1.34151,1.3416,7.39,1.50
2017.09.28 11:44:48.462,1.34153,1.3416,4.69,1.00
2017.09.28 11:44:48.667,1.34153,1.3416,1.00,1.00
2017.09.28 11:44:49.176,1.34152,1.3416,1.20,3.19
2017.09.28 11:44:49.689,1.34152,1.3416,1.20,3.00
2017.09.28 11:44:54.423,1.34152,1.3416,1.00,3.75
2017.09.28 11:44:54.474,1.34152,1.34158,1.00,1.00
2017.09.28 11:44:55.439,1.34152,1.34157,1.00,1.00
2017.09.28 11:44:55.594,1.34145,1.34153,2.70,1.50
2017.09.28 11:44:55.749,1.34144,1.34151,1.50,1.00
2017.09.28 11:44:56.262,1.34143,1.34151,1.50,1.50
2017.09.28 11:44:56.782,1.34142,1.3415,4.12,1.00
2017.09.28 11:44:57.190,1.34141,1.34148,1.76,1.00
2017.09.28 11:44:59.272,1.34141,1.34148,1.50,1.00
2017.09.28 11:45:00.323,1.3414,1.34148,4.57,1.00
2017.09.28 11:45:00.924,1.34141,1.34148,1.50,1.00
2017.09.28 11:45:02.160,1.3414,1.34148,4.20,1.00
2017.09.28 11:45:02.793,1.34139,1.34143,2.89,1.00
2017.09.28 11:45:02.845,1.34137,1.34142,1.12,1.00
2017.09.28 11:45:02.948,1.34134,1.34141,1.50,1.50
2017.09.28 11:45:03.357,1.34132,1.3414,1.87,1.87
2017.09.28 11:45:04.492,1.34131,1.3414,1.01,2.25
2017.09.28 11:45:05.552,1.3413,1.34139,4.39,1.00
2017.09.28 11:45:07.109,1.34129,1.34139,6.26,1.87
2017.09.28 11:45:07.611,1.34129,1.34139,6.07,1.87
2017.09.28 11:45:08.122,1.34129,1.34138,5.89,1.00
2017.09.28 11:45:08.635,1.34129,1.34138,5.89,1.00
2017.09.28 11:45:09.583,1.34128,1.34131,1.07,1.00
2017.09.28 11:45:09.777,1.34123,1.3413,2.70,1.50
2017.09.28 11:45:10.188,1.34127,1.3413,2.06,1.00
2017.09.28 11:45:10.292,1.3413,1.34136,3.37,2.81
2017.09.28 11:45:10.343,1.3413,1.34137,4.20,1.37
2017.09.28 11:45:10.395,1.3413,1.34139,3.64,2.06
2017.09.28 11:45:11.125,1.34131,1.34139,1.50,2.44
2017.09.28 11:45:11.961,1.3413,1.34139,4.01,1.69
2017.09.28 11:45:12.587,1.3413,1.34139,4.20,1.69
2017.09.28 11:45:16.816,1.3413,1.34139,2.62,3.75
2017.09.28 11:45:18.569,1.3413,1.34137,1.10,1.00
2017.09.28 11:45:19.116,1.34131,1.34138,1.50,1.87
2017.09.28 11:45:19.654,1.3413,1.34138,2.25,1.87
2017.09.28 11:45:21.799,1.34131,1.34138,1.50,1.87
2017.09.28 11:45:22.319,1.3413,1.34139,2.25,2.44
2017.09.28 11:45:22.981,1.3413,1.34139,2.62,2.44
2017.09.28 11:45:23.602,1.3413,1.34139,3.07,2.06
2017.09.28 11:45:24.145,1.3413,1.34139,2.44,2.06
2017.09.28 11:45:24.723,1.3413,1.34139,2.70,1.69
2017.09.28 11:45:25.249,1.3413,1.34139,2.51,1.69
2017.09.28 11:45:26.912,1.34131,1.34139,1.50,2.06
2017.09.28 11:45:28.927,1.34131,1.34139,3.64,1.50
2017.09.28 11:45:29.468,1.34131,1.34139,3.64,1.50
2017.09.28 11:45:32.077,1.34132,1.34139,4.50,1.00
2017.09.28 11:45:41.852,1.3413,1.34134,1.87,1.00
2017.09.28 11:45:42.056,1.34129,1.34136,6.94,1.25
2017.09.28 11:45:42.159,1.3413,1.34138,2.25,2.81
2017.09.28 11:45:43.258,1.34131,1.34138,1.69,1.69
2017.09.28 11:45:43.762,1.34132,1.34139,1.12,1.12
2017.09.28 11:45:47.043,1.34132,1.34139,3.07,1.00
2017.09.28 11:45:48.901,1.34132,1.34139,5.44,1.00
2017.09.28 11:45:49.424,1.34132,1.3414,6.94,1.00
2017.09.28 11:45:50.154,1.34132,1.3414,2.25,1.00
2017.09.28 11:45:50.692,1.34133,1.34141,3.00,2.81
2017.09.28 11:45:55.047,1.34132,1.34139,6.26,1.00
2017.09.28 11:46:00.120,1.34134,1.34139,3.75,1.00
2017.09.28 11:46:05.323,1.34135,1.34139,3.94,1.00
2017.09.28 11:46:05.427,1.34139,1.34143,3.19,8.62
2017.09.28 11:46:05.530,1.34141,1.34147,1.50,1.50
2017.09.28 11:46:06.040,1.34141,1.34147,1.69,1.00
2017.09.28 11:46:06.653,1.34142,1.34147,1.12,3.00
2017.09.28 11:46:07.179,1.34141,1.34147,1.50,2.25
2017.09.28 11:46:08.036,1.34141,1.34146,1.50,1.00
2017.09.28 11:46:09.394,1.34141,1.34147,4.69,1.12
2017.09.28 11:46:12.908,1.34142,1.34148,2.25,1.00
2017.09.28 11:46:18.798,1.34142,1.3415,1.50,1.69
2017.09.28 11:46:19.345,1.34142,1.3415,2.44,2.62
2017.09.28 11:46:20.119,1.34142,1.3415,2.25,4.12
2017.09.28 11:46:21.506,1.34142,1.34149,2.25,1.00
2017.09.28 11:46:23.753,1.34142,1.34148,1.00,1.00
2017.09.28 11:46:24.263,1.34141,1.34148,2.25,1.00
2017.09.28 11:46:25.175,1.34148,1.3415,1.12,1.00
2017.09.28 11:46:25.277,1.34149,1.34157,2.25,1.12
2017.09.28 11:46:25.330,1.34147,1.34153,1.95,1.50
2017.09.28 11:46:25.434,1.34143,1.34151,1.00,2.25
2017.09.28 11:46:25.538,1.3414,1.34148,2.81,1.00
2017.09.28 11:46:25.845,1.34138,1.34143,1.00,2.62
2017.09.28 11:46:26.064,1.34133,1.34141,1.00,1.00
2017.09.28 11:46:27.686,1.34132,1.34141,2.81,1.12
2017.09.28 11:46:27.942,1.34131,1.34139,2.25,1.00
2017.09.28 11:46:28.486,1.34131,1.3414,2.25,1.31
2017.09.28 11:46:28.893,1.3413,1.34139,1.12,1.00
2017.09.28 11:46:31.744,1.3413,1.34138,1.12,1.00
2017.09.28 11:46:32.272,1.3413,1.34139,1.12,2.44
2017.09.28 11:46:33.404,1.34129,1.34137,1.50,2.44
2017.09.28 11:46:33.712,1.34124,1.34131,1.12,1.00
2017.09.28 11:46:35.084,1.34123,1.34131,1.00,1.50
2017.09.28 11:46:35.607,1.34124,1.34131,1.00,1.50
2017.09.28 11:46:37.552,1.34124,1.34131,1.00,1.37
2017.09.28 11:46:38.061,1.34123,1.34131,1.00,1.37
2017.09.28 11:46:40.343,1.34129,1.34132,1.00,1.37
2017.09.28 11:46:40.395,1.34133,1.34137,1.00,1.25
2017.09.28 11:46:40.549,1.34134,1.3414,1.50,2.06
2017.09.28 11:46:41.685,1.34134,1.34142,1.12,1.69
2017.09.28 11:46:42.693,1.34134,1.34142,1.12,1.69
2017.09.28 11:46:43.355,1.34134,1.34142,1.12,2.81
2017.09.28 11:46:45.275,1.34135,1.34142,1.12,1.69
2017.09.28 11:46:47.474,1.34135,1.34142,1.12,1.88
2017.09.28 11:46:48.566,1.34135,1.34142,1.12,1.69
2017.09.28 11:46:48.940,1.34135,1.3414,1.12,1.00
2017.09.28 11:46:49.145,1.34135,1.34142,1.00,4.31
2017.09.28 11:46:49.298,1.34134,1.3414,1.00,1.00
2017.09.28 11:46:50.386,1.34129,1.34135,2.51,1.44
2017.09.28 11:46:50.437,1.34128,1.34133,1.37,1.00
2017.09.28 11:46:50.541,1.34125,1.34131,4.87,1.00
2017.09.28 11:46:50.593,1.34125,1.34131,1.00,1.00
2017.09.28 11:46:51.156,1.34126,1.34132,1.00,1.00
2017.09.28 11:46:52.211,1.34125,1.34132,1.00,1.12
2017.09.28 11:46:52.504,1.34125,1.3413,1.00,1.00
2017.09.28 11:46:53.015,1.34124,1.3413,1.00,1.00
2017.09.28 11:46:59.725,1.34128,1.3413,1.00,1.00
2017.09.28 11:46:59.874,1.34129,1.34132,1.00,2.25
2017.09.28 11:46:59.926,1.34126,1.34134,1.57,3.56
2017.09.28 11:47:00.029,1.34126,1.34132,2.62,1.12
2017.09.28 11:47:00.080,1.34125,1.34132,1.00,1.12
2017.09.28 11:47:00.132,1.34127,1.34132,1.00,1.12
2017.09.28 11:47:02.818,1.34126,1.34132,2.25,1.12
2017.09.28 11:47:03.733,1.34125,1.34133,1.00,3.37
2017.09.28 11:47:06.750,1.34126,1.34132,1.00,1.31
2017.09.28 11:47:07.210,1.34131,1.34134,6.00,1.37
2017.09.28 11:47:07.511,1.34135,1.34139,1.00,1.00
2017.09.28 11:47:09.198,1.34136,1.34139,1.12,1.00
2017.09.28 11:47:11.237,1.34134,1.34139,1.00,1.00
2017.09.28 11:47:11.340,1.34134,1.34139,4.69,1.00
2017.09.28 11:47:13.064,1.34135,1.34141,1.50,1.12
2017.09.28 11:47:13.371,1.34137,1.34144,4.50,1.87
2017.09.28 11:47:13.525,1.34138,1.34144,1.50,1.12
2017.09.28 11:47:13.884,1.34136,1.34139,1.50,1.00
2017.09.28 11:47:14.048,1.34135,1.3414,4.50,1.00
2017.09.28 11:47:14.203,1.34138,1.34143,2.62,1.50
2017.09.28 11:47:14.359,1.34139,1.34145,6.00,1.31
2017.09.28 11:47:16.157,1.34141,1.34146,6.19,1.00
2017.09.28 11:47:17.253,1.34142,1.34145,1.12,1.00
2017.09.28 11:47:17.356,1.34141,1.34147,2.25,1.12
2017.09.28 11:47:19.878,1.34142,1.34147,4.50,1.00
2017.09.28 11:47:19.930,1.34142,1.34149,3.94,1.50
2017.09.28 11:47:24.770,1.34143,1.34149,1.12,1.00
2017.09.28 11:47:26.427,1.34143,1.34149,5.44,1.00
2017.09.28 11:47:28.897,1.34144,1.34147,1.50,1.00
2017.09.28 11:47:29.531,1.34141,1.34149,8.51,1.50
2017.09.28 11:47:30.033,1.34143,1.34148,1.12,1.00
2017.09.28 11:47:30.677,1.34142,1.34147,1.12,1.50
2017.09.28 11:47:31.254,1.34142,1.34147,1.12,3.00
2017.09.28 11:47:32.032,1.3414,1.34147,4.69,1.00
2017.09.28 11:47:32.953,1.34138,1.34145,1.00,5.44
2017.09.28 11:47:33.004,1.34137,1.34142,2.25,1.00
2017.09.28 11:47:33.515,1.34136,1.34141,2.95,1.00
2017.09.28 11:47:34.191,1.34138,1.34141,1.45,1.00
2017.09.28 11:47:34.705,1.34135,1.34141,1.76,1.00
2017.09.28 11:47:37.281,1.34134,1.34142,5.51,1.87
2017.09.28 11:47:37.656,1.34133,1.34142,2.46,2.62
2017.09.28 11:47:37.707,1.34133,1.34139,2.20,1.00
2017.09.28 11:47:37.809,1.34131,1.34138,1.50,1.00
2017.09.28 11:47:38.014,1.34129,1.34138,3.26,2.44
2017.09.28 11:47:41.689,1.34128,1.34133,1.07,1.69
2017.09.28 11:47:41.792,1.34124,1.3413,1.00,1.00
2017.09.28 11:47:42.852,1.34125,1.3413,1.00,1.00
2017.09.28 11:47:46.053,1.34123,1.3413,1.00,1.12
2017.09.28 11:47:49.181,1.34123,1.34129,2.25,1.00
2017.09.28 11:47:49.697,1.34123,1.34127,3.75,1.00
2017.09.28 11:47:49.749,1.34122,1.34128,1.50,1.50
2017.09.28 11:47:50.293,1.34121,1.34128,3.00,1.50
2017.09.28 11:47:51.083,1.34121,1.34128,1.50,1.87
2017.09.28 11:47:51.672,1.3412,1.34127,1.00,1.12
2017.09.28 11:47:52.189,1.34121,1.34127,1.50,1.12
2017.09.28 11:47:52.813,1.3412,1.34128,1.00,2.25
2017.09.28 11:47:55.286,1.34121,1.34128,1.00,2.44
2017.09.28 11:47:57.071,1.3412,1.34128,1.00,3.19
2017.09.28 11:47:57.573,1.34119,1.34128,6.83,3.19
2017.09.28 11:47:59.542,1.34119,1.34128,5.33,1.00
2017.09.28 11:48:00.076,1.34119,1.34128,4.57,1.00
2017.09.28 11:48:00.602,1.3412,1.34128,1.95,1.69
2017.09.28 11:48:01.794,1.34121,1.34127,1.50,1.00
2017.09.28 11:48:02.608,1.3412,1.34128,3.26,1.87
2017.09.28 11:48:03.235,1.34119,1.34126,1.95,1.00
2017.09.28 11:48:03.541,1.34121,1.34127,1.00,1.37
2017.09.28 11:48:04.053,1.34121,1.34127,1.00,1.00
2017.09.28 11:48:08.221,1.34122,1.34128,1.00,2.06
2017.09.28 11:48:13.634,1.34123,1.34128,2.25,1.00
2017.09.28 11:48:13.686,1.34123,1.3413,2.25,1.50
2017.09.28 11:48:13.865,1.34128,1.34132,1.00,2.25
2017.09.28 11:48:13.917,1.34131,1.34136,1.00,1.75
2017.09.28 11:48:14.091,1.34131,1.34136,1.00,1.69
2017.09.28 11:48:14.143,1.34129,1.34136,1.00,1.50
2017.09.28 11:48:14.806,1.34127,1.34133,2.32,1.00
2017.09.28 11:48:15.379,1.34126,1.34131,1.39,1.00
2017.09.28 11:48:15.481,1.34124,1.34131,1.69,1.00
2017.09.28 11:48:16.020,1.34125,1.34131,1.50,1.00
2017.09.28 11:48:16.383,1.34125,1.34129,1.50,1.00
2017.09.28 11:48:16.536,1.34123,1.34129,1.10,1.00
2017.09.28 11:48:17.355,1.34122,1.34129,2.32,1.00
2017.09.28 11:48:17.457,1.34123,1.3413,1.57,1.50
2017.09.28 11:48:17.971,1.34125,1.34131,2.51,1.00
2017.09.28 11:48:18.516,1.34125,1.34132,1.69,1.50
2017.09.28 11:48:18.935,1.34125,1.34129,1.69,1.00
2017.09.28 11:48:20.503,1.34123,1.34129,1.57,1.00
2017.09.28 11:48:21.025,1.34123,1.34129,1.12,1.00
2017.09.28 11:48:21.556,1.34123,1.34128,1.00,1.00
2017.09.28 11:48:22.076,1.34122,1.34128,1.57,1.00
2017.09.28 11:48:53.798,1.34122,1.34129,1.20,1.00
2017.09.28 11:48:55.691,1.34122,1.34129,1.12,1.69
2017.09.28 11:48:57.237,1.34121,1.34128,2.32,1.50
2017.09.28 11:49:02.431,1.34121,1.34129,1.87,1.12
2017.09.28 11:49:02.534,1.3412,1.34122,2.89,1.00
2017.09.28 11:49:02.587,1.34118,1.34122,3.94,1.00
2017.09.28 11:49:02.691,1.34114,1.34121,2.70,1.00
2017.09.28 11:49:02.925,1.34112,1.34121,1.57,1.00
2017.09.28 11:49:03.435,1.34112,1.34119,1.69,1.00
2017.09.28 11:49:04.067,1.34119,1.34122,1.50,1.37
2017.09.28 11:49:04.170,1.3412,1.34128,3.19,1.31
2017.09.28 11:49:04.426,1.34122,1.3413,1.12,1.50
2017.09.28 11:49:04.478,1.34122,1.34129,1.57,1.19
2017.09.28 11:49:04.581,1.34122,1.3413,2.32,1.87
2017.09.28 11:49:06.120,1.34122,1.34129,1.00,1.00
2017.09.28 11:49:06.592,1.3412,1.34127,2.89,1.00
2017.09.28 11:49:06.901,1.34116,1.3412,1.25,1.00
2017.09.28 11:49:06.952,1.34113,1.3412,1.01,1.00
2017.09.28 11:49:07.473,1.34112,1.3412,2.89,1.00
2017.09.28 11:49:07.575,1.34118,1.34123,1.50,2.44
2017.09.28 11:49:07.627,1.34116,1.34124,3.00,1.37
2017.09.28 11:49:07.678,1.34116,1.34124,4.20,1.00
2017.09.28 11:49:08.189,1.34117,1.34125,1.10,1.00
2017.09.28 11:49:08.664,1.34117,1.34123,1.10,1.00
2017.09.28 11:49:09.451,1.34119,1.34125,1.00,1.00
2017.09.28 11:49:10.643,1.34118,1.34124,1.00,1.50
2017.09.28 11:49:11.334,1.34117,1.34124,1.00,1.50
2017.09.28 11:49:11.705,1.34115,1.34122,1.00,1.00
2017.09.28 11:49:12.209,1.34115,1.34123,1.00,2.25
2017.09.28 11:49:12.724,1.34116,1.34123,1.00,2.62
2017.09.28 11:49:14.854,1.34115,1.34123,1.50,2.25
2017.09.28 11:49:15.505,1.34115,1.34122,1.50,2.25
2017.09.28 11:49:17.055,1.34115,1.34121,1.00,1.00
2017.09.28 11:49:17.566,1.34114,1.34121,1.00,1.00
2017.09.28 11:49:18.082,1.34114,1.34121,1.00,1.37
2017.09.28 11:49:18.887,1.34114,1.34121,1.00,1.31
2017.09.28 11:49:19.733,1.34115,1.34121,1.50,1.12
2017.09.28 11:49:20.246,1.34115,1.34122,1.50,1.00
2017.09.28 11:49:23.852,1.3412,1.34125,4.50,1.87
2017.09.28 11:49:23.955,1.34124,1.34129,1.50,1.19
2017.09.28 11:49:24.059,1.34124,1.34129,1.50,1.00
2017.09.28 11:49:25.298,1.34122,1.34129,2.25,1.50
2017.09.28 11:49:26.482,1.34123,1.34129,4.69,1.00
2017.09.28 11:49:29.536,1.34124,1.3413,2.44,1.12
2017.09.28 11:49:29.997,1.34121,1.34126,2.04,1.00
2017.09.28 11:49:30.048,1.34122,1.34128,1.50,1.00
2017.09.28 11:49:30.100,1.34122,1.34126,1.37,1.50
2017.09.28 11:49:30.152,1.34119,1.34126,4.31,1.50
2017.09.28 11:49:30.409,1.34122,1.34129,4.50,1.87
2017.09.28 11:49:30.461,1.34122,1.34129,4.50,2.25
2017.09.28 11:49:30.817,1.34121,1.34128,1.87,2.62
2017.09.28 11:49:31.933,1.34121,1.34128,2.12,1.00
2017.09.28 11:49:32.891,1.34121,1.34128,4.50,1.00
2017.09.28 11:49:33.405,1.34121,1.34128,1.50,3.00
2017.09.28 11:49:35.062,1.34122,1.34128,1.12,1.00
2017.09.28 11:49:36.037,1.34122,1.34128,1.69,1.00
2017.09.28 11:49:36.139,1.34125,1.34131,1.12,2.25
2017.09.28 11:49:36.344,1.34121,1.3413,4.76,1.00
2017.09.28 11:49:36.701,1.34121,1.34128,1.87,1.00
2017.09.28 11:49:43.571,1.34118,1.34128,3.82,1.00
2017.09.28 11:49:43.675,1.34117,1.34127,3.64,1.50
2017.09.28 11:49:43.726,1.34117,1.34125,3.45,1.00
2017.09.28 11:49:44.254,1.34117,1.34124,1.31,1.00
2017.09.28 11:49:45.266,1.34117,1.34124,1.12,1.00
2017.09.28 11:49:47.273,1.34119,1.34126,4.50,1.00
2017.09.28 11:49:47.426,1.34122,1.34129,2.25,1.50
2017.09.28 11:49:48.952,1.34122,1.34129,3.94,1.00
2017.09.28 11:49:52.004,1.34123,1.34129,4.69,1.00
2017.09.28 11:49:52.106,1.34123,1.34131,5.44,1.87
2017.09.28 11:49:52.456,1.34126,1.34131,4.69,1.50
2017.09.28 11:49:53.123,1.34126,1.3413,4.50,1.00
2017.09.28 11:49:53.176,1.34122,1.3413,7.01,1.00
2017.09.28 11:49:53.883,1.34122,1.3413,3.82,1.50
2017.09.28 11:49:54.138,1.34121,1.3413,5.70,1.50
2017.09.28 11:49:54.337,1.34121,1.34128,1.20,2.44
2017.09.28 11:49:54.389,1.34117,1.34125,3.26,1.00
2017.09.28 11:49:54.899,1.34115,1.34122,1.20,1.00
2017.09.28 11:49:55.001,1.34114,1.34121,1.00,1.00
2017.09.28 11:50:00.762,1.34112,1.3412,2.89,1.00
2017.09.28 11:50:03.663,1.34114,1.3412,3.94,1.00
2017.09.28 11:50:05.174,1.34117,1.34122,1.50,1.00
2017.09.28 11:50:05.226,1.3412,1.34125,5.25,3.00
2017.09.28 11:50:05.277,1.34123,1.3413,5.25,1.56
2017.09.28 11:50:05.380,1.34123,1.34131,3.75,4.69
2017.09.28 11:50:05.898,1.34123,1.3413,3.75,1.00
2017.09.28 11:50:06.351,1.34122,1.3413,1.00,1.25
2017.09.28 11:50:06.403,1.34121,1.34128,1.95,1.00
2017.09.28 11:50:06.658,1.34119,1.34128,2.14,1.00
2017.09.28 11:50:07.350,1.34118,1.34127,1.64,1.00
2017.09.28 11:50:07.403,1.34117,1.34127,1.39,1.50
2017.09.28 11:50:08.862,1.34116,1.34126,4.00,1.00
2017.09.28 11:50:09.777,1.34116,1.34126,4.00,1.12
2017.09.28 11:50:10.325,1.34116,1.34126,4.00,1.12
2017.09.28 11:50:12.231,1.34116,1.34124,1.26,1.50
2017.09.28 11:50:12.585,1.34114,1.34122,1.57,1.00
2017.09.28 11:50:13.337,1.34114,1.34122,3.07,1.50
2017.09.28 11:50:13.875,1.34115,1.34122,1.00,1.50
2017.09.28 11:50:15.117,1.34113,1.34122,1.87,3.00
2017.09.28 11:50:15.914,1.34112,1.34122,3.00,3.75
2017.09.28 11:50:17.134,1.34112,1.34122,2.62,4.12
2017.09.28 11:50:24.740,1.34114,1.34122,2.25,1.37
2017.09.28 11:50:24.895,1.34116,1.34125,2.32,1.25
2017.09.28 11:50:25.049,1.34116,1.34123,1.39,1.50
2017.09.28 11:50:25.100,1.34115,1.34123,1.10,2.62
2017.09.28 11:50:25.647,1.34113,1.34123,4.01,3.94
2017.09.28 11:50:25.800,1.34113,1.34123,3.26,3.94
2017.09.28 11:50:26.114,1.34113,1.34123,3.26,4.31
2017.09.28 11:50:26.166,1.34113,1.34123,2.89,4.31
2017.09.28 11:50:26.702,1.34113,1.34123,3.26,4.31
2017.09.28 11:50:27.303,1.34114,1.34121,1.00,1.00
2017.09.28 11:50:27.858,1.34113,1.34121,1.12,1.12
2017.09.28 11:50:28.497,1.34113,1.34121,1.12,1.37
2017.09.28 11:50:29.457,1.34113,1.34121,1.12,1.00
2017.09.28 11:50:34.691,1.34113,1.34121,3.94,1.00
2017.09.28 11:50:34.998,1.34114,1.34124,2.89,3.56
2017.09.28 11:50:35.049,1.34114,1.34124,2.33,3.56
2017.09.28 11:50:35.994,1.34114,1.34122,2.62,1.00
2017.09.28 11:50:36.510,1.34113,1.34122,1.76,1.50
2017.09.28 11:50:36.876,1.34113,1.34122,3.64,1.50
2017.09.28 11:50:36.927,1.34113,1.34122,3.64,1.50
2017.09.28 11:50:38.043,1.34113,1.34122,3.26,1.50
2017.09.28 11:50:38.604,1.34112,1.34122,3.64,1.87
2017.09.28 11:50:39.200,1.34112,1.34122,2.70,1.87
2017.09.28 11:50:39.744,1.34112,1.34122,2.89,1.87
2017.09.28 11:50:40.271,1.34112,1.3412,3.56,1.00
2017.09.28 11:50:41.619,1.34112,1.34121,4.39,1.00
2017.09.28 11:50:41.671,1.34113,1.34122,1.38,2.25
2017.09.28 11:50:42.188,1.34113,1.34122,1.31,1.50
2017.09.28 11:50:42.494,1.34113,1.34119,1.13,1.00
2017.09.28 11:50:43.084,1.34112,1.3412,5.33,1.00
2017.09.28 11:50:43.630,1.34112,1.3412,4.01,1.00
2017.09.28 11:50:45.202,1.34112,1.3412,3.45,1.00
2017.09.28 11:50:45.729,1.34112,1.3412,4.01,1.00
2017.09.28 11:50:46.759,1.34112,1.3412,4.58,1.00
2017.09.28 11:50:47.316,1.34112,1.3412,3.64,1.00
2017.09.28 11:50:49.453,1.34112,1.3412,4.58,1.00
2017.09.28 11:50:50.031,1.34112,1.3412,3.83,1.00
2017.09.28 11:50:50.582,1.34112,1.34119,2.62,1.00
2017.09.28 11:50:51.091,1.34112,1.34119,2.81,1.00
2017.09.28 11:50:51.598,1.34112,1.34119,2.44,1.00
2017.09.28 11:50:55.547,1.34112,1.34119,2.62,1.00
2017.09.28 11:50:56.069,1.34112,1.34119,2.44,1.00
2017.09.28 11:50:56.971,1.34112,1.34119,2.81,1.00
2017.09.28 11:50:58.416,1.34112,1.34119,2.44,1.00
2017.09.28 11:50:59.042,1.34112,1.3412,2.44,1.00
2017.09.28 11:50:59.349,1.34116,1.34121,1.57,1.00
2017.09.28 11:50:59.400,1.34115,1.34121,1.95,1.00
2017.09.28 11:50:59.655,1.34114,1.3412,1.95,1.00
2017.09.28 11:51:00.199,1.34113,1.3412,1.57,1.00
2017.09.28 11:51:01.757,1.34113,1.3412,1.50,1.75
2017.09.28 11:51:02.567,1.34113,1.3412,1.50,1.00
2017.09.28 11:51:04.312,1.34111,1.34119,1.76,5.25
2017.09.28 11:51:04.916,1.34112,1.34116,1.00,1.12
2017.09.28 11:51:05.583,1.34112,1.34119,1.00,1.69
2017.09.28 11:51:06.409,1.34112,1.34119,1.00,1.12
2017.09.28 11:51:09.680,1.34111,1.34119,1.00,1.25
2017.09.28 11:51:10.197,1.34111,1.34119,1.00,2.81
2017.09.28 11:51:10.767,1.34111,1.34119,1.00,2.62
2017.09.28 11:51:13.467,1.34112,1.34119,1.00,1.00
2017.09.28 11:51:13.977,1.34113,1.3412,1.00,1.69
2017.09.28 11:51:14.335,1.34111,1.34119,1.50,1.25
2017.09.28 11:51:14.920,1.34111,1.3412,1.50,4.87
2017.09.28 11:51:15.433,1.3411,1.34119,1.95,1.00
2017.09.28 11:51:16.138,1.3411,1.3412,1.95,2.62
2017.09.28 11:51:16.493,1.3411,1.3412,1.95,3.00
2017.09.28 11:51:22.450,1.3411,1.3412,1.95,3.00
2017.09.28 11:51:22.967,1.3411,1.3412,1.95,4.87
2017.09.28 11:51:23.482,1.3411,1.3412,4.01,5.25
2017.09.28 11:51:23.683,1.3411,1.3412,3.83,3.37
2017.09.28 11:51:23.838,1.34112,1.3412,1.00,3.75
2017.09.28 11:51:24.348,1.34112,1.3412,1.88,1.50
2017.09.28 11:51:25.262,1.34112,1.3412,1.50,1.50
2017.09.28 11:51:26.777,1.34112,1.3412,1.95,1.12
2017.09.28 11:51:27.284,1.34112,1.3412,1.95,1.00
2017.09.28 11:51:27.989,1.34112,1.3412,1.95,1.37
2017.09.28 11:51:28.692,1.34116,1.3412,1.00,1.37
2017.09.28 11:51:29.051,1.34112,1.3412,1.57,1.37
2017.09.28 11:51:31.486,1.34112,1.3412,1.57,1.12
2017.09.28 11:51:31.996,1.34116,1.3412,1.00,1.12
2017.09.28 11:51:32.530,1.34116,1.3412,1.00,1.37
2017.09.28 11:51:33.002,1.34113,1.3412,1.00,1.37
2017.09.28 11:51:33.594,1.34113,1.3412,1.00,1.12
2017.09.28 11:51:34.116,1.34112,1.3412,1.57,1.00
2017.09.28 11:51:35.979,1.34116,1.3412,1.00,1.12
2017.09.28 11:51:36.488,1.34116,1.34121,1.00,2.06
2017.09.28 11:51:37.506,1.34116,1.34121,1.00,2.44
2017.09.28 11:51:39.113,1.34116,1.34121,1.00,1.31
2017.09.28 11:51:40.731,1.34116,1.34121,1.00,2.81
2017.09.28 11:51:43.338,1.3411,1.34114,1.87,1.00
2017.09.28 11:51:43.391,1.34111,1.34116,1.12,1.00
2017.09.28 11:51:43.443,1.34109,1.34117,1.00,2.06
2017.09.28 11:51:44.995,1.3411,1.34118,1.00,1.69
2017.09.28 11:51:49.133,1.34109,1.34117,1.57,1.12
2017.09.28 11:51:49.184,1.34111,1.34117,1.00,2.25
2017.09.28 11:51:49.714,1.34112,1.34117,1.00,1.00
2017.09.28 11:51:50.226,1.34113,1.34117,1.00,1.00
2017.09.28 11:51:50.738,1.34112,1.34117,1.00,1.12
2017.09.28 11:51:52.220,1.34113,1.34119,1.00,5.06
2017.09.28 11:51:52.787,1.34113,1.34119,1.00,4.31
2017.09.28 11:51:54.389,1.34112,1.34118,1.00,1.69
2017.09.28 11:51:54.441,1.34109,1.34118,2.32,1.69
2017.09.28 11:51:54.594,1.34114,1.34119,1.00,3.00
2017.09.28 11:51:55.693,1.34115,1.34119,1.00,2.25
2017.09.28 11:51:55.848,1.34112,1.34119,1.00,2.44
2017.09.28 11:51:57.192,1.34112,1.34118,1.00,4.69
2017.09.28 11:51:57.244,1.3411,1.34118,1.95,4.69
2017.09.28 11:51:57.439,1.34108,1.34112,1.12,1.50
2017.09.28 11:51:57.853,1.34109,1.34114,1.00,1.12
2017.09.28 11:51:57.905,1.34111,1.34114,1.00,1.12
2017.09.28 11:51:58.519,1.34111,1.34118,1.00,2.44
2017.09.28 11:51:58.571,1.34114,1.34118,1.00,1.50
2017.09.28 11:51:58.675,1.34114,1.3412,1.00,2.06
2017.09.28 11:52:00.069,1.34115,1.3412,1.00,2.06
2017.09.28 11:52:00.275,1.34113,1.34119,1.00,1.00
2017.09.28 11:52:00.460,1.34115,1.3412,1.00,2.62
2017.09.28 11:52:00.563,1.34113,1.3412,1.50,1.87
2017.09.28 11:52:00.615,1.34116,1.3412,1.00,1.87
2017.09.28 11:52:01.129,1.34115,1.3412,1.00,1.00
2017.09.28 11:52:01.439,1.34114,1.34118,1.10,1.00
2017.09.28 11:52:02.152,1.34113,1.34121,1.95,2.62
2017.09.28 11:52:06.654,1.34113,1.34121,1.95,2.25
2017.09.28 11:52:07.265,1.34115,1.34121,1.00,2.25
2017.09.28 11:52:08.482,1.34116,1.34121,1.00,3.19
2017.09.28 11:52:08.635,1.34115,1.34119,1.00,1.00
2017.09.28 11:52:09.718,1.34114,1.34119,1.50,1.00
2017.09.28 11:52:10.228,1.34115,1.34121,1.00,1.37
2017.09.28 11:52:10.854,1.34115,1.34122,1.00,3.00
2017.09.28 11:52:12.592,1.34116,1.34121,1.00,1.00
2017.09.28 11:52:13.697,1.34116,1.34122,1.00,1.50
2017.09.28 11:52:14.233,1.34115,1.34122,1.57,1.50
2017.09.28 11:52:14.583,1.34134,1.3414,6.00,1.69
2017.09.28 11:52:14.889,1.34135,1.34141,1.00,2.25
2017.09.28 11:52:16.691,1.34135,1.34142,1.20,1.00
2017.09.28 11:52:16.845,1.34139,1.34143,1.00,1.50
2017.09.28 11:52:16.897,1.34135,1.34143,1.76,2.81
2017.09.28 11:52:16.949,1.34139,1.34143,1.00,2.62
2017.09.28 11:52:17.051,1.34137,1.34143,1.00,2.62
2017.09.28 11:52:17.338,1.34141,1.34147,1.00,2.06
2017.09.28 11:52:17.646,1.34143,1.34147,1.00,1.69
2017.09.28 11:52:18.157,1.34141,1.34148,2.14,2.25
2017.09.28 11:52:20.069,1.34144,1.34149,1.00,1.12
2017.09.28 11:52:20.120,1.34144,1.34151,1.00,3.37
2017.09.28 11:52:20.222,1.34146,1.34151,1.20,1.12
2017.09.28 11:52:20.567,1.34147,1.34153,1.95,1.12
2017.09.28 11:52:21.381,1.34147,1.34153,1.20,4.50
2017.09.28 11:52:22.419,1.34147,1.34153,1.00,3.56
2017.09.28 11:52:22.959,1.34147,1.34153,1.00,3.75
2017.09.28 11:52:23.479,1.34146,1.34153,1.00,3.94
2017.09.28 11:52:23.998,1.34147,1.34153,1.00,3.94
2017.09.28 11:52:24.528,1.34147,1.34153,1.00,4.31
2017.09.28 11:52:25.271,1.34146,1.34152,1.00,1.12
2017.09.28 11:52:25.780,1.34146,1.34151,1.00,1.25
2017.09.28 11:52:29.378,1.34146,1.3415,1.00,1.00
2017.09.28 11:52:29.887,1.34146,1.34152,1.00,4.87
2017.09.28 11:52:37.335,1.34147,1.34152,1.00,3.56
2017.09.28 11:52:37.488,1.34145,1.34152,1.69,3.19
2017.09.28 11:52:37.642,1.34147,1.34151,1.00,1.50
2017.09.28 11:52:38.158,1.34146,1.34152,1.00,2.80
2017.09.28 11:52:39.020,1.34145,1.34152,1.20,1.56
2017.09.28 11:52:39.603,1.34146,1.34152,1.00,1.56
2017.09.28 11:52:39.913,1.34155,1.3416,1.12,1.87
2017.09.28 11:52:40.421,1.34155,1.34161,1.57,4.12
2017.09.28 11:52:40.934,1.34155,1.34161,1.57,2.43
2017.09.28 11:52:41.521,1.34156,1.34162,1.10,2.62
2017.09.28 11:52:41.626,1.34158,1.34163,1.00,1.99
2017.09.28 11:52:41.833,1.34156,1.34162,1.00,3.18
2017.09.28 11:52:42.038,1.34156,1.34162,1.00,2.24
2017.09.28 11:52:42.556,1.34156,1.34162,1.00,3.93
2017.09.28 11:52:43.163,1.34155,1.34162,1.20,4.12
2017.09.28 11:52:43.418,1.34157,1.34162,1.00,3.56
2017.09.28 11:52:43.980,1.34155,1.34161,1.12,1.00
2017.09.28 11:52:44.482,1.34155,1.34162,1.57,3.38
2017.09.28 11:52:44.990,1.34155,1.34162,1.12,3.19
2017.09.28 11:52:45.514,1.34155,1.34162,1.57,1.31
2017.09.28 11:52:46.240,1.34155,1.34161,1.12,1.13
2017.09.28 11:52:46.648,1.34157,1.34164,1.50,3.37
2017.09.28 11:52:47.177,1.34156,1.34163,1.87,1.25
2017.09.28 11:52:47.941,1.34156,1.34163,1.12,3.00
2017.09.28 11:52:48.750,1.34156,1.34162,1.12,1.31
2017.09.28 11:52:49.041,1.34156,1.34163,1.12,1.31
2017.09.28 11:52:49.569,1.34155,1.34162,2.32,1.00
2017.09.28 11:52:50.197,1.34155,1.34163,2.25,3.19
2017.09.28 11:52:50.449,1.34155,1.34163,1.50,2.06
2017.09.28 11:52:50.654,1.34155,1.34162,1.50,1.44
2017.09.28 11:52:51.164,1.34155,1.34162,1.50,1.00
2017.09.28 11:52:51.740,1.34156,1.34162,4.69,1.50
2017.09.28 11:52:52.250,1.34156,1.34162,5.25,1.69
2017.09.28 11:52:52.823,1.34155,1.34162,1.00,3.56
2017.09.28 11:52:53.334,1.34155,1.34162,1.00,5.44
2017.09.28 11:52:54.425,1.34155,1.34161,1.00,2.44
2017.09.28 11:52:55.011,1.34155,1.34161,1.00,1.50
2017.09.28 11:52:56.311,1.34155,1.3416,1.00,1.12
2017.09.28 11:52:56.860,1.34155,1.34161,1.00,2.44
2017.09.28 11:52:57.417,1.34155,1.3416,1.00,1.12
2017.09.28 11:53:02.932,1.34155,1.34161,1.00,1.00
2017.09.28 11:53:03.720,1.34155,1.34161,1.00,1.87
2017.09.28 11:53:04.638,1.34155,1.34161,1.69,2.06
2017.09.28 11:53:05.371,1.34155,1.34161,1.69,3.00
2017.09.28 11:53:06.180,1.34155,1.34161,1.69,2.06
2017.09.28 11:53:06.692,1.34155,1.34161,1.69,3.94
2017.09.28 11:53:08.076,1.34155,1.34161,2.44,3.19
2017.09.28 11:53:10.480,1.34155,1.34161,1.69,1.31
2017.09.28 11:53:10.735,1.34152,1.34156,1.57,1.00
2017.09.28 11:53:10.913,1.34148,1.34154,1.69,3.94
2017.09.28 11:53:11.424,1.3415,1.34154,1.00,1.50
2017.09.28 11:53:11.578,1.34153,1.34158,1.00,1.12
2017.09.28 11:53:12.168,1.34153,1.34158,1.50,1.00
2017.09.28 11:53:12.671,1.34153,1.3416,1.50,2.62
2017.09.28 11:53:13.184,1.34153,1.34158,4.69,2.25
2017.09.28 11:53:13.979,1.34155,1.34159,1.00,1.00
2017.09.28 11:53:14.971,1.34156,1.34159,1.00,1.00
2017.09.28 11:53:15.074,1.34156,1.34162,1.00,2.44
2017.09.28 11:53:15.653,1.34155,1.34162,1.12,2.44
2017.09.28 11:53:19.847,1.34155,1.34162,1.95,3.37
2017.09.28 11:53:20.808,1.34155,1.34161,1.87,1.00
2017.09.28 11:53:21.591,1.34155,1.34162,1.95,1.87
2017.09.28 11:53:22.770,1.34155,1.34161,1.87,1.00
2017.09.28 11:53:23.237,1.34157,1.34162,1.00,1.12
2017.09.28 11:53:25.103,1.34157,1.34161,1.00,1.00
2017.09.28 11:53:25.614,1.34157,1.34162,1.00,1.87
2017.09.28 11:53:27.299,1.34157,1.34161,1.00,1.00
2017.09.28 11:53:27.820,1.34157,1.34162,1.00,2.44
2017.09.28 11:53:29.136,1.34157,1.34161,1.50,1.12
2017.09.28 11:53:30.160,1.34157,1.34162,1.50,2.06
2017.09.28 11:53:31.099,1.34157,1.34162,1.00,2.25
2017.09.28 11:53:31.609,1.34157,1.34162,1.00,1.50
2017.09.28 11:53:34.639,1.34157,1.34161,1.00,1.00
2017.09.28 11:53:35.124,1.34155,1.34162,1.20,3.37
2017.09.28 11:53:35.278,1.34157,1.34162,1.00,2.62
2017.09.28 11:53:36.436,1.34156,1.34162,1.00,1.00
2017.09.28 11:53:38.423,1.34158,1.34162,1.00,1.00
2017.09.28 11:53:38.730,1.34165,1.34168,1.00,1.00
2017.09.28 11:53:38.883,1.34165,1.34171,1.00,2.06
2017.09.28 11:53:39.547,1.34165,1.3417,1.00,1.00
2017.09.28 11:53:40.084,1.34165,1.34171,1.00,1.12
2017.09.28 11:53:40.628,1.34163,1.3417,1.66,1.00
2017.09.28 11:53:41.121,1.34165,1.34171,4.50,1.50
2017.09.28 11:53:41.625,1.34165,1.34172,4.20,3.37
2017.09.28 11:53:46.256,1.34166,1.34173,1.50,1.50
2017.09.28 11:53:46.589,1.34166,1.34171,1.57,1.00
2017.09.28 11:53:48.196,1.34166,1.34173,1.50,3.94
2017.09.28 11:53:48.741,1.34166,1.34173,1.50,3.94
2017.09.28 11:53:49.088,1.34166,1.34171,1.50,1.00
2017.09.28 11:53:49.706,1.34166,1.34172,1.50,1.25
2017.09.28 11:53:50.380,1.34166,1.34173,1.50,3.56
2017.09.28 11:53:50.889,1.34166,1.34172,1.57,1.69
2017.09.28 11:53:51.195,1.34162,1.34167,4.31,1.00
2017.09.28 11:53:51.734,1.34159,1.34164,1.20,1.00
2017.09.28 11:53:51.786,1.34158,1.34164,1.50,1.12
2017.09.28 11:53:52.296,1.34156,1.34162,6.26,1.00
2017.09.28 11:53:54.250,1.34155,1.34162,4.69,1.50
2017.09.28 11:53:55.112,1.34155,1.3416,3.94,1.00
2017.09.28 11:54:05.574,1.34154,1.34158,1.20,2.44
2017.09.28 11:54:05.677,1.3415,1.34155,1.87,1.00
2017.09.28 11:54:05.779,1.3415,1.34153,1.50,1.00
2017.09.28 11:54:05.933,1.34145,1.3415,1.50,1.00
2017.09.28 11:54:06.446,1.34147,1.34151,1.00,1.50
2017.09.28 11:54:08.773,1.34146,1.34151,1.00,1.00
2017.09.28 11:54:08.927,1.34148,1.34151,1.00,1.00
2017.09.28 11:54:11.412,1.34147,1.34151,1.00,1.00
2017.09.28 11:54:11.744,1.34147,1.34149,1.00,1.00
2017.09.28 11:54:17.340,1.34145,1.34149,1.12,1.00
2017.09.28 11:54:18.195,1.34147,1.34149,1.00,1.00
2017.09.28 11:54:20.262,1.34146,1.34151,1.00,1.87
2017.09.28 11:54:21.743,1.34146,1.3415,1.00,1.00
2017.09.28 11:54:22.251,1.34146,1.34151,1.00,1.00
2017.09.28 11:54:22.809,1.34145,1.34151,1.12,1.00
2017.09.28 11:54:23.337,1.34146,1.34151,1.00,1.50
2017.09.28 11:54:24.145,1.34145,1.34151,1.12,1.50
2017.09.28 11:54:25.170,1.34145,1.34152,1.12,1.87
2017.09.28 11:54:25.707,1.34146,1.34152,1.00,2.62
2017.09.28 11:54:26.120,1.34142,1.34146,1.00,1.50
2017.09.28 11:54:26.376,1.34141,1.34149,4.69,1.95
2017.09.28 11:54:26.887,1.34141,1.34148,4.69,1.00
2017.09.28 11:54:27.124,1.34143,1.3415,1.31,1.50
2017.09.28 11:54:27.637,1.34143,1.3415,1.69,1.50
2017.09.28 11:54:28.486,1.34148,1.34152,1.12,3.37
2017.09.28 11:54:28.538,1.34148,1.34152,1.12,3.37
2017.09.28 11:54:29.796,1.34148,1.3415,1.12,1.00
2017.09.28 11:54:30.306,1.34147,1.3415,1.00,1.00
2017.09.28 11:54:38.972,1.34146,1.3415,1.00,1.00
2017.09.28 11:54:39.229,1.34146,1.34152,1.00,1.50
2017.09.28 11:54:39.730,1.34146,1.34151,1.00,1.00
2017.09.28 11:54:40.358,1.34146,1.34149,1.00,1.00
2017.09.28 11:54:40.982,1.34143,1.3415,6.00,1.00
2017.09.28 11:54:48.292,1.34147,1.3415,1.00,1.00
2017.09.28 11:54:48.343,1.34147,1.34152,1.00,1.50
2017.09.28 11:54:48.857,1.34147,1.34151,1.00,1.00
2017.09.28 11:54:49.061,1.34147,1.34149,1.00,1.00
2017.09.28 11:54:49.265,1.34147,1.34151,1.00,1.00
2017.09.28 11:54:50.882,1.34146,1.34149,1.00,1.00
2017.09.28 11:54:53.548,1.34146,1.34151,1.50,1.00
2017.09.28 11:54:54.339,1.34145,1.34152,4.69,1.00
2017.09.28 11:54:55.214,1.34145,1.34151,4.50,1.00
2017.09.28 11:55:00.135,1.34147,1.34153,1.50,1.50
2017.09.28 11:55:00.237,1.3415,1.34157,2.25,2.62
2017.09.28 11:55:00.356,1.34152,1.34158,1.50,1.37
2017.09.28 11:55:00.815,1.34153,1.3416,1.31,1.00
2017.09.28 11:55:01.927,1.34153,1.3416,3.19,1.00
2017.09.28 11:55:03.399,1.34153,1.3416,5.62,1.00
2017.09.28 11:55:04.761,1.34153,1.34163,6.75,3.37
2017.09.28 11:55:05.271,1.34155,1.34163,1.69,2.25
2017.09.28 11:55:08.375,1.34154,1.34162,6.19,1.37
2017.09.28 11:55:09.361,1.34154,1.34162,5.44,1.00
2017.09.28 11:55:26.649,1.34156,1.34163,3.94,1.37
2017.09.28 11:55:31.436,1.34161,1.34166,1.87,1.95
2017.09.28 11:55:31.539,1.34161,1.34171,3.94,3.07
2017.09.28 11:55:32.050,1.3416,1.34169,4.39,1.00
2017.09.28 11:55:34.599,1.3416,1.34164,1.39,2.25
2017.09.28 11:55:34.804,1.34155,1.34162,1.00,1.50
2017.09.28 11:55:38.061,1.34155,1.34162,1.00,2.25
2017.09.28 11:55:38.327,1.34155,1.34159,1.00,1.69
2017.09.28 11:55:38.583,1.34147,1.34154,1.50,2.25
2017.09.28 11:55:39.537,1.34147,1.34153,1.00,2.62
2017.09.28 11:55:39.741,1.34145,1.34153,1.00,2.62
2017.09.28 11:55:41.364,1.34145,1.34153,1.00,3.37
2017.09.28 11:55:42.182,1.34147,1.34151,1.00,1.00
2017.09.28 11:55:43.293,1.34147,1.34153,1.00,1.87
2017.09.28 11:55:49.548,1.34148,1.34153,1.00,1.87
2017.09.28 11:55:53.474,1.34154,1.34156,1.00,1.37
2017.09.28 11:55:53.577,1.34157,1.34163,1.00,1.50
2017.09.28 11:55:53.629,1.34161,1.34163,1.00,1.12
2017.09.28 11:55:53.894,1.34162,1.3417,4.50,1.87
2017.09.28 11:55:54.406,1.34165,1.34171,1.00,3.19
2017.09.28 11:55:54.712,1.34165,1.34172,1.50,1.31
2017.09.28 11:55:56.765,1.34166,1.34173,1.12,2.25
2017.09.28 11:56:02.533,1.34172,1.34175,1.00,1.87
2017.09.28 11:56:02.688,1.34175,1.34183,1.12,4.01
2017.09.28 11:56:03.650,1.34175,1.34181,1.12,2.25
2017.09.28 11:56:03.855,1.34175,1.34183,1.12,3.00
2017.09.28 11:56:04.357,1.34176,1.34183,1.00,2.81
2017.09.28 11:56:05.518,1.34176,1.34184,1.00,3.75
2017.09.28 11:56:06.465,1.34176,1.34183,1.00,2.44
2017.09.28 11:56:06.770,1.34173,1.34175,2.25,1.50
2017.09.28 11:56:06.872,1.34168,1.34174,1.75,2.44
2017.09.28 11:56:06.974,1.34168,1.34174,1.00,2.81
2017.09.28 11:56:07.026,1.34168,1.34173,1.00,2.25
2017.09.28 11:56:08.037,1.34168,1.34173,1.00,2.25
2017.09.28 11:56:08.660,1.34166,1.34173,1.00,2.25
2017.09.28 11:56:10.161,1.34165,1.34173,1.69,3.75
2017.09.28 11:56:10.696,1.34165,1.34173,1.69,3.38
2017.09.28 11:56:12.152,1.34164,1.34171,1.00,1.88
2017.09.28 11:56:12.662,1.34163,1.34171,1.50,1.50
2017.09.28 11:56:13.184,1.34164,1.34171,1.00,1.88
2017.09.28 11:56:15.305,1.34163,1.34171,1.50,1.25
2017.09.28 11:56:15.811,1.34163,1.34171,1.50,1.39
2017.09.28 11:56:16.067,1.34168,1.34171,1.00,1.10
2017.09.28 11:56:16.170,1.34171,1.34175,1.00,1.50
2017.09.28 11:56:16.222,1.34171,1.34177,1.00,1.88
2017.09.28 11:56:16.376,1.34169,1.34175,1.00,1.37
2017.09.28 11:56:16.429,1.34167,1.34174,2.25,2.25
2017.09.28 11:56:16.633,1.34166,1.34173,1.50,3.19
2017.09.28 11:56:17.890,1.34166,1.34174,1.00,3.75
2017.09.28 11:56:18.391,1.34166,1.34174,1.00,3.37
2017.09.28 11:56:18.901,1.34166,1.34174,1.00,3.19
2017.09.28 11:56:20.040,1.34166,1.34174,1.00,3.37
2017.09.28 11:56:20.550,1.34165,1.34172,1.00,1.50
2017.09.28 11:56:21.060,1.34165,1.34172,1.00,1.00
2017.09.28 11:56:22.623,1.34164,1.34173,1.25,4.57
2017.09.28 11:56:26.141,1.34164,1.34172,1.00,1.37
2017.09.28 11:56:27.142,1.34164,1.34172,1.00,1.00
2017.09.28 11:56:27.459,1.3416,1.34163,1.64,1.50
2017.09.28 11:56:27.511,1.34157,1.34164,1.37,1.87
2017.09.28 11:56:27.563,1.34156,1.34164,2.62,2.63
2017.09.28 11:56:28.093,1.34156,1.34163,1.00,3.94
2017.09.28 11:56:28.762,1.34156,1.34163,1.00,4.87
2017.09.28 11:56:30.386,1.34155,1.34163,1.00,4.31
2017.09.28 11:56:30.933,1.34154,1.34163,2.25,3.94
2017.09.28 11:56:31.448,1.34153,1.34156,1.00,1.69
2017.09.28 11:56:31.550,1.3415,1.34154,1.00,1.50
2017.09.28 11:56:31.857,1.34147,1.34154,1.00,2.81
2017.09.28 11:56:32.388,1.34147,1.34153,1.00,2.81
2017.09.28 11:56:33.699,1.34148,1.34153,1.00,1.87
2017.09.28 11:56:34.811,1.34149,1.34154,1.00,2.81
2017.09.28 11:56:35.737,1.34149,1.34153,1.00,1.00
2017.09.28 11:56:38.050,1.34149,1.34153,1.00,1.50
2017.09.28 11:56:38.724,1.34149,1.34153,1.00,1.50
2017.09.28 11:56:40.840,1.3415,1.34156,2.44,1.07
2017.09.28 11:56:40.943,1.34153,1.3416,1.12,1.57
2017.09.28 11:56:42.659,1.34151,1.3416,4.69,2.44
2017.09.28 11:56:47.010,1.34152,1.34161,1.50,1.13
2017.09.28 11:56:48.018,1.34152,1.34161,6.94,1.13
2017.09.28 11:56:48.121,1.34154,1.34161,3.75,1.25
2017.09.28 11:56:50.703,1.34154,1.34163,5.44,2.62
2017.09.28 11:56:51.912,1.34155,1.34163,3.94,2.81
2017.09.28 11:56:53.352,1.34155,1.34163,4.50,3.56
2017.09.28 11:56:54.640,1.34155,1.34163,4.12,3.00
2017.09.28 11:56:58.055,1.34154,1.34163,1.37,3.37
2017.09.28 11:56:58.107,1.34154,1.34161,1.87,2.43
2017.09.28 11:56:58.209,1.34153,1.34161,1.00,2.62
2017.09.28 11:56:58.719,1.34152,1.34161,2.25,3.00
2017.09.28 11:57:00.590,1.34152,1.34161,1.00,4.31
2017.09.28 11:57:05.352,1.34151,1.34161,2.62,2.06
2017.09.28 11:57:05.865,1.34151,1.34161,1.50,3.19
2017.09.28 11:57:06.550,1.34153,1.34162,1.87,3.26
2017.09.28 11:57:09.671,1.34154,1.34162,1.69,1.19
2017.09.28 11:57:09.723,1.34157,1.34164,1.00,1.76
2017.09.28 11:57:09.827,1.34159,1.34168,2.25,1.95
2017.09.28 11:57:10.083,1.34159,1.34168,1.00,1.81
2017.09.28 11:57:10.916,1.34158,1.34166,1.87,1.00
2017.09.28 11:57:12.585,1.34158,1.34167,1.00,1.12
2017.09.28 11:57:13.131,1.34158,1.34166,3.94,1.00
2017.09.28 11:57:14.504,1.34156,1.34165,2.62,2.44
2017.09.28 11:57:14.606,1.34156,1.34162,1.12,1.00
2017.09.28 11:57:15.116,1.34155,1.34162,1.00,1.00
2017.09.28 11:57:15.648,1.34153,1.34162,1.87,1.00
2017.09.28 11:57:17.660,1.34153,1.34162,1.25,1.50
2017.09.28 11:57:21.550,1.34154,1.34162,2.25,1.00
2017.09.28 11:57:22.496,1.34156,1.34164,1.25,2.51
2017.09.28 11:57:22.805,1.34164,1.3417,4.12,1.00
2017.09.28 11:57:24.644,1.34162,1.3417,7.31,1.00
2017.09.28 11:57:28.169,1.34164,1.34171,1.00,3.56
2017.09.28 11:57:28.221,1.34164,1.34171,3.75,1.12
2017.09.28 11:57:29.348,1.34164,1.34172,3.94,1.50
2017.09.28 11:57:30.225,1.34164,1.34172,3.75,1.44
2017.09.28 11:57:32.591,1.34164,1.34172,3.75,1.87
2017.09.28 11:57:33.864,1.34164,1.34171,3.75,1.12
2017.09.28 11:57:34.575,1.34164,1.34172,4.31,1.12
2017.09.28 11:57:35.163,1.34163,1.34171,2.25,1.25
2017.09.28 11:57:35.461,1.34161,1.3417,1.37,1.00
2017.09.28 11:57:35.768,1.3416,1.34164,2.62,2.25
2017.09.28 11:57:35.871,1.34158,1.34163,1.00,2.25
2017.09.28 11:57:35.923,1.34155,1.34158,1.50,3.56
2017.09.28 11:57:36.078,1.34149,1.34158,2.44,1.95
2017.09.28 11:57:36.181,1.34149,1.34159,3.00,3.64
2017.09.28 11:57:36.284,1.34149,1.34157,2.25,1.00
2017.09.28 11:57:36.513,1.34151,1.34159,2.25,1.10
2017.09.28 11:57:37.033,1.3415,1.34159,3.82,1.00
2017.09.28 11:57:37.816,1.3415,1.34158,1.50,1.00
2017.09.28 11:57:38.124,1.34149,1.34156,1.76,1.00
2017.09.28 11:57:39.386,1.34149,1.34156,1.00,1.50
2017.09.28 11:57:39.767,1.34147,1.34152,1.50,4.50
2017.09.28 11:57:41.472,1.34148,1.34151,1.00,1.50
2017.09.28 11:57:42.838,1.34146,1.34151,1.00,1.50
2017.09.28 11:57:43.155,1.34147,1.34153,1.12,1.50
2017.09.28 11:57:43.308,1.34146,1.34151,1.00,3.75
2017.09.28 11:57:43.818,1.34147,1.3415,1.00,1.50
2017.09.28 11:57:44.351,1.34146,1.3415,1.00,1.50
2017.09.28 11:57:46.163,1.34148,1.34151,1.00,1.00
2017.09.28 11:57:46.215,1.34148,1.34154,1.00,3.19
2017.09.28 11:57:46.919,1.34148,1.34154,1.00,1.50
2017.09.28 11:57:46.973,1.34148,1.34157,1.87,1.00
2017.09.28 11:57:47.486,1.34149,1.34157,1.50,1.00
2017.09.28 11:57:48.543,1.34149,1.34154,1.00,1.12
2017.09.28 11:57:48.849,1.34149,1.34154,1.00,4.69
2017.09.28 11:57:49.622,1.34147,1.34151,1.00,4.69
2017.09.28 11:57:49.674,1.34145,1.34151,1.95,3.94
2017.09.28 11:57:50.628,1.34147,1.34151,1.00,4.50
2017.09.28 11:57:52.338,1.34147,1.34152,1.00,3.75
2017.09.28 11:57:53.008,1.34146,1.34152,1.12,3.94
2017.09.28 11:57:53.650,1.34147,1.34152,1.00,3.75
2017.09.28 11:57:53.888,1.34149,1.34155,1.00,1.00
2017.09.28 11:57:54.035,1.3415,1.34155,1.00,3.75
2017.09.28 11:57:54.586,1.34149,1.34153,1.50,1.12
2017.09.28 11:57:54.893,1.34146,1.34151,1.00,4.69
2017.09.28 11:57:55.418,1.34147,1.34151,1.00,3.75
2017.09.28 11:57:55.966,1.34147,1.34153,1.00,7.69
2017.09.28 11:57:58.269,1.34146,1.34153,1.50,7.69
2017.09.28 11:57:58.780,1.34147,1.34153,1.00,6.19
2017.09.28 11:58:00.154,1.34146,1.34152,1.00,2.25
2017.09.28 11:58:00.309,1.34148,1.34153,1.00,5.25
2017.09.28 11:58:00.787,1.34146,1.34153,1.00,1.00
2017.09.28 11:58:01.099,1.34148,1.34155,1.00,1.12
2017.09.28 11:58:01.409,1.34151,1.34155,1.00,1.12
2017.09.28 11:58:03.157,1.3415,1.34155,1.00,1.12
2017.09.28 11:58:03.910,1.34149,1.34155,1.00,1.00
2017.09.28 11:58:05.973,1.3415,1.34155,1.00,1.00
2017.09.28 11:58:07.667,1.34152,1.34155,1.00,1.00
2017.09.28 11:58:09.669,1.3415,1.34155,1.50,1.00
2017.09.28 11:58:10.198,1.3415,1.34156,1.50,1.00
2017.09.28 11:58:11.862,1.34149,1.34153,1.00,1.00
2017.09.28 11:58:11.914,1.34146,1.34151,1.12,1.00
2017.09.28 11:58:12.017,1.34148,1.34152,1.00,2.25
2017.09.28 11:58:15.175,1.34148,1.34154,2.25,1.00
2017.09.28 11:58:16.265,1.34149,1.34154,1.00,1.00
2017.09.28 11:58:16.575,1.34149,1.34156,1.00,1.00
2017.09.28 11:58:16.728,1.3415,1.34153,1.00,1.00
2017.09.28 11:58:16.779,1.34146,1.34151,2.81,1.00
2017.09.28 11:58:16.830,1.34146,1.34153,2.44,2.81
2017.09.28 11:58:17.245,1.3415,1.34154,1.50,1.00
2017.09.28 11:58:17.347,1.3415,1.34156,1.50,1.00
2017.09.28 11:58:20.821,1.34152,1.34157,1.50,4.50
2017.09.28 11:58:21.071,1.34152,1.34158,2.25,1.00
2017.09.28 11:58:21.123,1.3415,1.34157,1.00,1.00
2017.09.28 11:58:21.276,1.3415,1.34155,1.00,1.00
2017.09.28 11:58:21.786,1.34149,1.34156,2.32,1.00
2017.09.28 11:58:22.322,1.34148,1.34156,1.87,3.75
2017.09.28 11:58:23.766,1.34148,1.34152,1.12,1.50
2017.09.28 11:58:23.870,1.34145,1.34151,1.00,5.06
2017.09.28 11:58:25.371,1.34145,1.34149,1.00,3.75
2017.09.28 11:58:25.422,1.34143,1.34149,1.12,3.75
2017.09.28 11:58:29.316,1.34143,1.34149,1.00,1.50
2017.09.28 11:58:29.469,1.34147,1.3415,1.00,1.12
2017.09.28 11:58:29.876,1.34147,1.34152,1.00,3.00
2017.09.28 11:58:30.029,1.34147,1.3415,1.00,1.00
2017.09.28 11:58:30.081,1.34147,1.34153,1.00,4.69
2017.09.28 11:58:30.274,1.34149,1.34153,1.00,3.19
2017.09.28 11:58:30.736,1.34152,1.34157,1.50,3.19
2017.09.28 11:58:30.787,1.34152,1.34159,4.50,1.69
2017.09.28 11:58:30.941,1.34152,1.34161,5.25,2.00
2017.09.28 11:58:31.255,1.34153,1.34161,1.50,1.00
2017.09.28 11:58:31.806,1.34155,1.34161,1.00,1.00
2017.09.28 11:58:32.308,1.34153,1.34161,3.00,1.12
2017.09.28 11:58:33.995,1.34157,1.34161,1.00,1.00
2017.09.28 11:58:34.507,1.34157,1.34162,1.00,1.31
2017.09.28 11:58:35.044,1.34157,1.34161,1.00,1.00
2017.09.28 11:58:35.803,1.34157,1.34163,1.00,2.25
2017.09.28 11:58:35.958,1.34157,1.34165,1.69,1.31
2017.09.28 11:58:36.010,1.34159,1.34166,3.75,2.06
2017.09.28 11:58:36.062,1.3416,1.34168,1.00,1.69
2017.09.28 11:58:36.577,1.34159,1.34167,1.87,1.25
2017.09.28 11:58:38.717,1.34159,1.34166,3.00,1.00
2017.09.28 11:58:39.824,1.34159,1.34167,1.50,1.25
2017.09.28 11:58:39.979,1.34159,1.34163,1.10,1.00
2017.09.28 11:58:40.358,1.34159,1.34161,1.00,1.00
2017.09.28 11:58:41.323,1.34159,1.34162,1.00,1.12
2017.09.28 11:58:41.835,1.34159,1.34161,1.00,1.00
2017.09.28 11:58:42.336,1.34159,1.34162,1.00,1.00
2017.09.28 11:58:42.740,1.34156,1.34162,1.50,1.00
2017.09.28 11:58:43.124,1.34157,1.3416,1.00,1.00
2017.09.28 11:58:43.175,1.34157,1.34162,1.00,1.00
2017.09.28 11:58:43.227,1.34157,1.3416,1.00,1.00
2017.09.28 11:58:43.744,1.34158,1.3416,1.00,1.00
2017.09.28 11:58:43.897,1.34158,1.34162,1.00,1.00
2017.09.28 11:58:44.353,1.34158,1.3416,1.00,1.00
2017.09.28 11:58:44.633,1.34158,1.34162,1.00,1.12
2017.09.28 11:58:45.134,1.34157,1.34161,1.00,1.00
2017.09.28 11:58:46.219,1.34157,1.34162,1.00,1.12
2017.09.28 11:58:46.271,1.34157,1.3416,1.00,1.00
2017.09.28 11:58:46.820,1.34157,1.34161,1.00,1.00
2017.09.28 11:58:47.464,1.34157,1.34162,1.00,1.12
2017.09.28 11:58:48.160,1.34157,1.34161,1.00,1.00
2017.09.28 11:58:48.821,1.34157,1.34163,1.00,3.37
2017.09.28 11:58:51.255,1.34157,1.34163,1.00,2.81
2017.09.28 11:58:52.066,1.34157,1.34163,1.00,3.75
2017.09.28 11:58:52.604,1.34157,1.34163,1.00,3.75
2017.09.28 11:58:53.261,1.34156,1.34163,1.00,3.75
2017.09.28 11:58:53.788,1.34157,1.34163,1.00,4.12
2017.09.28 11:58:54.325,1.34156,1.34162,1.00,1.62
2017.09.28 11:58:55.838,1.34157,1.34163,1.00,2.06
2017.09.28 11:58:55.940,1.34157,1.34166,1.87,2.44
2017.09.28 11:58:56.042,1.34157,1.34166,3.37,2.06
2017.09.28 11:58:56.478,1.34159,1.34166,1.00,1.00
2017.09.28 11:58:58.118,1.34159,1.34167,1.00,1.88
2017.09.28 11:58:58.732,1.34161,1.34167,1.00,1.50
2017.09.28 11:58:59.917,1.34158,1.34163,1.00,2.25
2017.09.28 11:59:00.121,1.34156,1.34162,1.50,1.00
2017.09.28 11:59:00.436,1.34158,1.34162,1.00,2.25
2017.09.28 11:59:00.744,1.34156,1.34162,1.00,1.87
2017.09.28 11:59:01.305,1.34155,1.34162,2.25,3.00
2017.09.28 11:59:01.554,1.34157,1.34163,1.50,1.37
2017.09.28 11:59:01.964,1.34158,1.34166,1.00,1.01
2017.09.28 11:59:02.067,1.34159,1.34167,1.00,1.88
2017.09.28 11:59:02.365,1.3416,1.34163,1.37,1.12
2017.09.28 11:59:02.416,1.34157,1.34162,1.12,1.50
2017.09.28 11:59:03.675,1.34157,1.34163,1.00,6.08
2017.09.28 11:59:04.186,1.34156,1.34163,1.00,5.89
2017.09.28 11:59:05.474,1.34157,1.34163,1.00,4.57
2017.09.28 11:59:05.881,1.34157,1.3416,1.00,1.00
2017.09.28 11:59:10.074,1.34156,1.3416,1.00,1.00
2017.09.28 11:59:12.962,1.34156,1.34163,1.00,5.06
2017.09.28 11:59:15.304,1.34154,1.34161,1.00,4.12
2017.09.28 11:59:15.408,1.34151,1.34161,3.75,6.75
2017.09.28 11:59:15.665,1.34152,1.34161,1.00,1.12
2017.09.28 11:59:17.325,1.34151,1.34161,3.75,1.87
2017.09.28 11:59:17.914,1.34155,1.34161,1.00,1.12
2017.09.28 11:59:18.231,1.34155,1.34159,1.00,1.00
2017.09.28 11:59:18.440,1.34155,1.34161,1.00,1.12
2017.09.28 11:59:19.542,1.34155,1.34162,1.00,2.25
2017.09.28 11:59:20.355,1.34155,1.34162,1.00,3.00
2017.09.28 11:59:22.432,1.34154,1.34161,1.00,1.00
2017.09.28 11:59:25.195,1.34157,1.34161,1.00,1.00
2017.09.28 11:59:25.298,1.34154,1.34161,1.00,1.00
2017.09.28 11:59:25.602,1.34156,1.34161,1.00,1.00
2017.09.28 11:59:26.164,1.34155,1.34162,1.00,1.69
2017.09.28 11:59:26.988,1.34155,1.34162,1.00,1.87
2017.09.28 11:59:28.038,1.34155,1.34162,1.00,1.69
2017.09.28 11:59:28.380,1.34155,1.34159,1.00,1.00
2017.09.28 11:59:28.533,1.34155,1.34161,1.00,1.00
2017.09.28 11:59:29.042,1.34155,1.34162,1.00,2.06
2017.09.28 11:59:29.580,1.34156,1.34162,1.00,2.06
2017.09.28 11:59:30.104,1.34151,1.34157,3.45,1.00
2017.09.28 11:59:30.309,1.3415,1.34156,1.00,1.00
2017.09.28 11:59:30.820,1.34151,1.34156,1.00,1.00
2017.09.28 11:59:31.340,1.34151,1.34155,1.00,1.00
2017.09.28 11:59:31.548,1.34151,1.34159,2.44,1.00
2017.09.28 11:59:32.058,1.34152,1.34159,1.50,1.00
2017.09.28 11:59:34.093,1.34152,1.34161,1.00,1.37
2017.09.28 11:59:36.681,1.34153,1.34161,3.00,1.37
2017.09.28 11:59:37.195,1.34157,1.34161,1.00,1.50
2017.09.28 11:59:37.445,1.34152,1.34161,7.50,1.50
2017.09.28 11:59:37.496,1.34156,1.34161,1.00,1.50
2017.09.28 11:59:39.371,1.34155,1.3416,1.00,1.12
2017.09.28 11:59:39.678,1.34154,1.34159,1.00,4.50
2017.09.28 11:59:40.035,1.34151,1.34159,1.50,4.50
2017.09.28 11:59:40.699,1.34151,1.34158,1.12,1.50
2017.09.28 11:59:41.228,1.34151,1.34159,1.12,1.50
2017.09.28 11:59:41.867,1.34153,1.34159,1.00,1.00
2017.09.28 11:59:43.919,1.34151,1.3416,5.81,3.00
2017.09.28 11:59:44.466,1.34152,1.34159,1.50,1.00
2017.09.28 11:59:45.099,1.34151,1.34159,1.95,1.00
2017.09.28 11:59:45.608,1.34151,1.3416,2.25,1.00
2017.09.28 11:59:46.288,1.34151,1.34159,1.12,1.00
2017.09.28 11:59:47.001,1.3415,1.34159,1.12,1.00
2017.09.28 11:59:47.526,1.3415,1.3416,2.62,1.00
2017.09.28 11:59:49.746,1.34151,1.34161,1.00,2.62
2017.09.28 11:59:50.247,1.34151,1.34161,1.50,2.25
2017.09.28 11:59:51.719,1.34151,1.34161,1.69,2.25
2017.09.28 11:59:52.527,1.34151,1.34153,1.12,1.00
2017.09.28 11:59:52.680,1.34148,1.34151,1.00,1.00
2017.09.28 11:59:52.782,1.34148,1.34155,1.00,1.12
2017.09.28 11:59:52.885,1.3415,1.34156,3.75,1.00
2017.09.28 11:59:52.987,1.34151,1.34159,1.50,1.12
2017.09.28 11:59:53.493,1.34151,1.34158,1.50,1.00
2017.09.28 11:59:55.203,1.34156,1.34161,1.00,1.10
2017.09.28 11:59:55.713,1.34156,1.3416,1.00,1.00
2017.09.28 11:59:56.071,1.34158,1.3416,1.00,1.00
2017.09.28 11:59:56.282,1.34158,1.34163,1.00,1.12
2017.09.28 11:59:56.334,1.34158,1.34161,1.00,1.00
2017.09.28 11:59:56.675,1.34158,1.34163,1.00,1.12
2017.09.28 11:59:56.969,1.34157,1.3416,1.00,1.00
2017.09.28 11:59:57.205,1.34157,1.34162,1.00,1.00
2017.09.28 11:59:57.308,1.34157,1.3416,1.00,1.00
2017.09.28 11:59:57.528,1.34157,1.34162,1.00,1.00
2017.09.28 11:59:57.580,1.34159,1.34161,1.00,1.00
