2014.04.11 05:00:00.742,1.67682,1.67689,3.78,1.00
2014.04.11 05:00:10.643,1.67688,1.67694,1.00,1.77
2014.04.11 05:00:10.745,1.67688,1.67697,1.16,1.00
2014.04.11 05:00:10.846,1.6769,1.67699,1.19,1.10
2014.04.11 05:00:16.767,1.67692,1.67699,1.00,1.38
2014.04.11 05:00:16.868,1.67688,1.67694,1.00,1.00
2014.04.11 05:00:17.146,1.67688,1.67697,1.00,1.15
2014.04.11 05:00:17.247,1.67688,1.67695,1.18,1.00
2014.04.11 05:00:17.551,1.67685,1.67689,1.10,1.00
2014.04.11 05:00:17.602,1.67688,1.67694,1.00,1.69
2014.04.11 05:00:17.705,1.67688,1.67695,1.00,2.33
2014.04.11 05:00:17.856,1.6769,1.67695,1.00,1.00
2014.04.11 05:00:17.907,1.6769,1.67699,1.00,1.02
2014.04.11 05:00:17.958,1.6769,1.67699,1.00,1.09
2014.04.11 05:00:18.160,1.67691,1.67699,1.00,1.02
2014.04.11 05:00:18.261,1.67691,1.67696,1.00,1.00
2014.04.11 05:00:18.362,1.67693,1.67701,1.00,1.77
2014.04.11 05:00:18.673,1.67693,1.67703,1.00,1.77
2014.04.11 05:00:23.053,1.67693,1.67704,1.84,1.77
2014.04.11 05:00:30.952,1.67695,1.67704,1.00,1.02
2014.04.11 05:00:31.821,1.67695,1.67704,1.33,1.00
2014.04.11 05:00:39.522,1.67695,1.67704,2.44,1.00
2014.04.11 05:01:00.109,1.67695,1.67704,3.27,1.00
2014.04.11 05:01:02.934,1.67698,1.67704,1.00,1.00
2014.04.11 05:01:12.931,1.67698,1.67704,1.18,1.00
2014.04.11 05:01:18.433,1.67698,1.67709,1.09,2.89
2014.04.11 05:01:28.184,1.67698,1.67708,1.18,1.19
2014.04.11 05:01:29.731,1.67698,1.67708,1.18,1.19
2014.04.11 05:01:31.071,1.67698,1.67703,1.18,1.00
2014.04.11 05:01:31.375,1.67696,1.67708,1.09,2.22
2014.04.11 05:01:31.728,1.67696,1.67705,1.18,1.19
2014.04.11 05:01:45.878,1.67696,1.67705,1.18,1.00
2014.04.11 05:01:46.861,1.67696,1.67705,1.18,1.19
2014.04.11 05:01:50.862,1.67696,1.67706,1.18,1.19
2014.04.11 05:01:51.909,1.67696,1.67705,1.18,1.19
2014.04.11 05:01:57.656,1.67696,1.67705,1.00,1.29
2014.04.11 05:01:57.859,1.67693,1.67702,1.00,1.10
2014.04.11 05:01:58.726,1.67693,1.67702,1.00,1.29
2014.04.11 05:02:00.736,1.67693,1.67701,1.00,1.19
2014.04.11 05:02:06.826,1.67693,1.677,1.00,1.19
2014.04.11 05:02:08.954,1.67693,1.67703,1.00,1.37
2014.04.11 05:02:09.492,1.67692,1.67703,1.02,1.37
2014.04.11 05:02:10.096,1.67692,1.67702,1.10,1.29
2014.04.11 05:02:15.058,1.67692,1.67701,1.10,1.19
2014.04.11 05:02:16.601,1.67692,1.677,1.19,1.19
2014.04.11 05:02:23.898,1.67692,1.67704,1.29,2.89
2014.04.11 05:02:24.449,1.67692,1.67702,1.19,1.29
2014.04.11 05:02:27.653,1.67692,1.67702,1.00,1.69
2014.04.11 05:02:28.158,1.67691,1.67701,1.00,1.37
2014.04.11 05:02:36.953,1.67691,1.67702,1.19,1.30
2014.04.11 05:02:38.964,1.67691,1.67702,2.44,1.77
2014.04.11 05:02:40.025,1.67691,1.67702,2.59,1.29
2014.04.11 05:02:43.858,1.67691,1.67701,2.40,1.19
2014.04.11 05:02:44.855,1.67691,1.677,2.40,1.19
2014.04.11 05:02:45.858,1.67691,1.67699,2.33,1.19
2014.04.11 05:02:48.711,1.67691,1.67702,1.25,1.77
2014.04.11 05:02:50.087,1.67691,1.67701,1.18,1.19
2014.04.11 05:02:50.746,1.67691,1.67701,1.00,1.37
2014.04.11 05:02:51.727,1.67691,1.677,1.00,1.29
2014.04.11 05:02:52.233,1.67691,1.67701,1.00,1.37
2014.04.11 05:02:56.822,1.67691,1.677,1.00,1.29
2014.04.11 05:02:57.839,1.67691,1.67699,1.00,1.19
2014.04.11 05:03:00.848,1.67691,1.677,1.00,1.29
2014.04.11 05:03:04.957,1.67691,1.67702,1.25,1.77
2014.04.11 05:03:07.835,1.67691,1.67702,1.19,1.30
2014.04.11 05:03:08.851,1.67691,1.67702,1.25,1.02
2014.04.11 05:03:10.958,1.67691,1.67702,1.02,1.34
2014.04.11 05:03:14.867,1.67691,1.67701,1.10,1.29
2014.04.11 05:03:19.873,1.67691,1.67703,1.29,1.77
2014.04.11 05:03:22.929,1.67691,1.67703,1.02,1.77
2014.04.11 05:03:26.923,1.67691,1.67703,1.29,1.77
2014.04.11 05:03:31.718,1.67691,1.67702,1.19,1.33
2014.04.11 05:03:32.918,1.67691,1.67703,3.19,1.98
2014.04.11 05:03:35.013,1.67691,1.67702,2.44,1.30
2014.04.11 05:03:36.077,1.67691,1.67703,2.59,1.37
2014.04.11 05:03:39.020,1.67691,1.67704,1.84,1.77
2014.04.11 05:03:40.063,1.67691,1.67703,1.37,1.37
2014.04.11 05:03:41.971,1.67691,1.67702,1.18,1.29
2014.04.11 05:03:45.969,1.67691,1.677,1.18,1.19
2014.04.11 05:03:47.883,1.67691,1.67704,1.84,4.02
2014.04.11 05:03:48.853,1.67691,1.67703,1.09,1.37
2014.04.11 05:03:52.885,1.67691,1.67701,1.18,1.19
2014.04.11 05:03:56.998,1.67691,1.67702,1.09,1.29
2014.04.11 05:03:57.500,1.67691,1.67702,1.02,1.37
2014.04.11 05:04:00.892,1.67691,1.67703,1.77,1.30
2014.04.11 05:04:08.960,1.67693,1.67703,1.10,1.29
2014.04.11 05:04:09.924,1.67693,1.67703,1.00,1.69
2014.04.11 05:04:11.955,1.67693,1.67701,1.00,1.29
2014.04.11 05:04:12.972,1.67693,1.677,1.00,1.19
2014.04.11 05:04:16.109,1.67693,1.67703,1.25,1.30
2014.04.11 05:04:21.133,1.67693,1.67701,1.00,1.29
2014.04.11 05:04:23.144,1.67693,1.677,1.00,1.19
2014.04.11 05:04:27.186,1.67693,1.67701,1.00,1.29
2014.04.11 05:04:28.659,1.67693,1.67701,1.00,1.77
2014.04.11 05:04:28.998,1.67693,1.67703,1.00,1.02
2014.04.11 05:04:31.659,1.67693,1.67704,1.10,1.77
2014.04.11 05:04:32.163,1.67693,1.67705,1.02,2.14
2014.04.11 05:04:40.019,1.67692,1.67704,1.18,2.22
2014.04.11 05:04:42.722,1.67692,1.67703,1.18,1.29
2014.04.11 05:04:43.933,1.67692,1.67704,1.09,2.22
2014.04.11 05:04:49.910,1.67692,1.67704,1.09,2.22
2014.04.11 05:04:52.012,1.67692,1.67704,1.02,2.89
2014.04.11 05:04:53.241,1.67692,1.67703,1.10,1.37
2014.04.11 05:04:53.773,1.67691,1.67702,1.25,1.02
2014.04.11 05:04:54.557,1.67691,1.67702,1.19,1.30
2014.04.11 05:04:55.537,1.67691,1.67702,1.25,1.77
2014.04.11 05:05:02.548,1.67691,1.67701,1.00,1.37
2014.04.11 05:05:03.553,1.67691,1.67701,1.00,1.37
2014.04.11 05:05:04.558,1.67691,1.67701,1.00,1.37
2014.04.11 05:05:07.580,1.67691,1.67701,1.00,1.37
2014.04.11 05:05:08.898,1.67691,1.67702,1.19,1.30
2014.04.11 05:05:09.050,1.67691,1.67703,2.59,1.47
2014.04.11 05:05:11.902,1.67692,1.67704,1.29,2.52
2014.04.11 05:05:13.914,1.67691,1.67704,3.34,4.02
2014.04.11 05:05:16.957,1.67691,1.67703,2.59,1.37
2014.04.11 05:05:24.974,1.67693,1.67704,1.19,2.14
2014.04.11 05:05:26.842,1.67692,1.67704,1.29,2.14
2014.04.11 05:05:34.908,1.67693,1.67704,1.19,1.95
2014.04.11 05:05:35.060,1.67693,1.67704,1.37,1.20
2014.04.11 05:05:36.716,1.67693,1.67704,1.37,1.39
2014.04.11 05:05:51.595,1.67692,1.67704,1.77,2.52
2014.04.11 05:05:51.696,1.67692,1.67702,1.10,1.29
2014.04.11 05:05:52.672,1.67692,1.67702,1.10,1.29
2014.04.11 05:05:52.874,1.67692,1.67704,1.02,3.27
2014.04.11 05:05:54.865,1.67692,1.67703,1.10,1.37
2014.04.11 05:06:07.968,1.67692,1.67704,1.29,2.14
2014.04.11 05:06:09.503,1.67691,1.67704,1.84,3.27
2014.04.11 05:06:10.029,1.6769,1.67703,3.33,1.47
2014.04.11 05:06:11.977,1.6769,1.67703,2.66,2.14
2014.04.11 05:06:13.602,1.6769,1.67701,1.84,1.29
2014.04.11 05:06:14.610,1.6769,1.67701,1.65,1.29
2014.04.11 05:06:21.520,1.67689,1.67698,1.77,1.00
2014.04.11 05:06:21.722,1.67688,1.67698,1.77,1.10
2014.04.11 05:06:22.645,1.67688,1.67698,1.02,1.02
2014.04.11 05:06:23.602,1.67693,1.67698,1.00,1.02
2014.04.11 05:06:32.978,1.67693,1.67701,1.00,1.58
2014.04.11 05:06:33.494,1.67693,1.67701,1.00,1.18
2014.04.11 05:06:38.906,1.67693,1.67701,1.00,1.47
2014.04.11 05:06:39.907,1.67693,1.67702,1.00,1.68
2014.04.11 05:06:43.535,1.67693,1.67701,1.00,1.47
2014.04.11 05:06:49.571,1.67693,1.677,1.00,1.29
2014.04.11 05:07:20.345,1.67689,1.67698,1.19,1.10
2014.04.11 05:07:20.510,1.67688,1.67698,1.46,1.10
2014.04.11 05:07:22.104,1.67692,1.67699,1.00,2.59
2014.04.11 05:07:24.982,1.67692,1.67701,1.00,2.14
2014.04.11 05:07:46.091,1.67692,1.677,1.00,1.02
2014.04.11 05:08:07.058,1.67692,1.67701,1.00,3.57
2014.04.11 05:08:21.868,1.67692,1.67701,1.69,1.95
2014.04.11 05:08:22.020,1.67692,1.67701,1.00,1.10
2014.04.11 05:08:22.673,1.6769,1.67701,1.37,1.10
2014.04.11 05:08:23.372,1.6769,1.67701,1.37,1.10
2014.04.11 05:08:25.996,1.67689,1.67701,2.52,2.52
2014.04.11 05:08:27.008,1.67689,1.67701,2.52,2.52
2014.04.11 05:08:30.025,1.67689,1.67701,1.77,3.27
2014.04.11 05:08:33.192,1.67689,1.67701,1.02,4.02
2014.04.11 05:08:37.170,1.67689,1.67699,1.77,1.20
2014.04.11 05:08:37.373,1.67689,1.67699,1.29,2.33
2014.04.11 05:08:37.677,1.67688,1.67693,1.09,1.37
2014.04.11 05:08:37.829,1.67686,1.67693,1.00,2.14
2014.04.11 05:08:38.596,1.67683,1.67691,1.00,1.58
2014.04.11 05:08:48.771,1.67683,1.67691,1.00,1.29
2014.04.11 05:09:07.342,1.67683,1.67691,1.00,1.02
2014.04.11 05:09:12.920,1.67684,1.67694,1.00,2.97
2014.04.11 05:09:37.665,1.67684,1.67694,1.19,1.28
2014.04.11 05:09:41.428,1.67684,1.67692,1.19,1.00
2014.04.11 05:09:41.630,1.67682,1.67692,1.69,1.18
2014.04.11 05:09:43.454,1.67682,1.67692,1.25,1.09
2014.04.11 05:10:12.111,1.6768,1.67691,1.77,1.28
2014.04.11 05:10:12.726,1.67679,1.67691,1.38,2.14
2014.04.11 05:10:13.401,1.67679,1.67691,1.38,2.14
2014.04.11 05:10:17.145,1.67678,1.67691,1.91,2.89
2014.04.11 05:10:25.045,1.67677,1.67688,4.83,1.00
2014.04.11 05:10:26.951,1.67677,1.67687,3.33,1.50
2014.04.11 05:10:27.153,1.67677,1.67683,1.77,1.00
2014.04.11 05:10:27.203,1.67675,1.67683,2.07,1.00
2014.04.11 05:10:27.304,1.67674,1.67683,1.84,1.00
2014.04.11 05:10:49.348,1.67675,1.67683,1.29,1.00
2014.04.11 05:10:51.354,1.67675,1.67683,1.29,1.00
2014.04.11 05:10:57.374,1.67677,1.67683,1.19,1.00
2014.04.11 05:11:00.158,1.67675,1.67683,1.29,1.00
2014.04.11 05:11:06.190,1.67675,1.67683,1.19,1.00
2014.04.11 05:11:10.218,1.67677,1.67683,1.19,1.00
2014.04.11 05:11:11.113,1.67675,1.67683,1.37,1.00
2014.04.11 05:11:12.129,1.67675,1.67683,1.37,1.00
2014.04.11 05:11:17.254,1.67675,1.67683,1.37,1.00
2014.04.11 05:11:18.087,1.67676,1.67683,1.02,1.00
2014.04.11 05:11:27.088,1.67675,1.67683,1.37,1.00
2014.04.11 05:11:27.139,1.67675,1.67688,1.37,3.27
2014.04.11 05:11:31.289,1.67675,1.67688,1.29,2.52
2014.04.11 05:11:32.712,1.67675,1.67688,1.37,3.27
2014.04.11 05:11:34.715,1.67674,1.67686,1.08,2.14
2014.04.11 05:11:35.219,1.67673,1.67686,1.43,2.89
2014.04.11 05:11:48.028,1.67671,1.67682,1.69,1.39
2014.04.11 05:11:51.572,1.6767,1.67681,2.52,1.28
2014.04.11 05:11:52.041,1.6767,1.67681,1.77,1.47
2014.04.11 05:11:53.046,1.6767,1.67681,1.77,1.47
2014.04.11 05:11:55.067,1.6767,1.67681,1.58,2.22
2014.04.11 05:12:01.078,1.6767,1.6768,1.58,1.29
2014.04.11 05:12:05.118,1.67672,1.67681,1.19,1.65
2014.04.11 05:12:05.220,1.6767,1.67681,2.52,1.84
2014.04.11 05:12:05.321,1.6767,1.67681,2.52,2.22
2014.04.11 05:12:05.827,1.67669,1.67679,2.44,1.55
2014.04.11 05:12:07.429,1.67669,1.67679,1.69,1.47
2014.04.11 05:12:10.070,1.67673,1.6768,1.00,1.77
2014.04.11 05:12:41.075,1.6767,1.67679,1.50,1.47
2014.04.11 05:12:41.681,1.67669,1.67679,1.69,2.22
2014.04.11 05:12:42.257,1.67668,1.67679,1.83,3.64
2014.04.11 05:12:42.801,1.67668,1.67678,1.76,1.20
2014.04.11 05:12:49.823,1.67668,1.67679,1.83,2.22
2014.04.11 05:12:51.300,1.67668,1.67679,1.83,1.55
2014.04.11 05:13:28.075,1.67673,1.6768,1.00,1.39
2014.04.11 05:13:31.003,1.67673,1.67681,1.00,1.58
2014.04.11 05:13:38.195,1.67673,1.67681,1.00,1.19
2014.04.11 05:13:39.475,1.67673,1.67682,1.00,1.77
2014.04.11 05:13:42.352,1.67673,1.67682,1.00,2.52
2014.04.11 05:13:56.884,1.67673,1.67681,1.00,1.64
2014.04.11 05:13:57.137,1.67671,1.67679,1.50,1.38
2014.04.11 05:13:57.642,1.6767,1.67679,1.02,1.38
2014.04.11 05:14:09.207,1.6767,1.67679,3.94,1.38
2014.04.11 05:14:30.033,1.6767,1.67679,1.18,1.63
2014.04.11 05:14:51.079,1.6767,1.67679,1.02,1.38
2014.04.11 05:15:51.462,1.6767,1.67679,1.25,1.20
2014.04.11 05:15:53.945,1.67669,1.67679,1.69,1.68
2014.04.11 05:15:55.106,1.67669,1.6768,1.77,2.14
2014.04.11 05:15:55.889,1.67669,1.6768,1.69,2.14
2014.04.11 05:16:13.620,1.67669,1.67674,1.25,1.00
2014.04.11 05:16:13.772,1.67667,1.67674,1.00,1.00
2014.04.11 05:16:14.277,1.67665,1.67674,1.29,1.00
2014.04.11 05:16:14.783,1.67665,1.67674,1.02,1.00
2014.04.11 05:16:16.591,1.67667,1.67677,1.00,5.14
2014.04.11 05:16:16.743,1.67667,1.67677,1.83,1.10
2014.04.11 05:16:17.254,1.67668,1.67679,2.07,2.52
2014.04.11 05:16:18.272,1.67669,1.67679,1.19,2.33
2014.04.11 05:16:27.004,1.67669,1.67679,1.25,2.52
2014.04.11 05:16:33.020,1.67668,1.67679,1.32,2.33
2014.04.11 05:16:34.317,1.67668,1.67679,1.32,2.52
2014.04.11 05:16:36.111,1.67667,1.67679,2.21,2.52
2014.04.11 05:16:37.072,1.67667,1.67679,2.28,1.84
2014.04.11 05:16:37.593,1.67667,1.67679,2.28,1.84
2014.04.11 05:16:38.155,1.67667,1.67679,2.28,1.84
2014.04.11 05:16:44.983,1.67668,1.67679,1.39,1.65
2014.04.11 05:16:45.977,1.67668,1.67679,1.46,1.84
2014.04.11 05:16:51.992,1.67667,1.67679,2.28,1.84
2014.04.11 05:16:56.814,1.67668,1.67679,1.46,1.65
2014.04.11 05:16:58.041,1.67668,1.67679,1.38,2.33
2014.04.11 05:17:03.948,1.67669,1.67679,1.19,2.33
2014.04.11 05:17:06.974,1.67669,1.67679,1.19,2.33
2014.04.11 05:17:10.927,1.67669,1.67679,1.29,1.58
2014.04.11 05:17:25.864,1.67669,1.67679,1.35,1.10
2014.04.11 05:19:20.466,1.67669,1.67681,1.77,2.14
2014.04.11 05:19:20.972,1.67669,1.6768,1.02,2.74
2014.04.11 05:19:23.672,1.67669,1.67681,1.29,3.64
2014.04.11 05:19:29.309,1.67669,1.67674,1.77,1.00
2014.04.11 05:19:29.815,1.67668,1.67674,1.18,1.00
2014.04.11 05:19:32.061,1.67668,1.67674,1.00,1.00
2014.04.11 05:19:49.236,1.67668,1.67674,1.77,1.00
2014.04.11 05:19:50.448,1.67668,1.67674,1.08,1.00
2014.04.11 05:19:51.062,1.67669,1.67674,1.00,1.00
2014.04.11 05:20:00.168,1.67669,1.67674,1.77,1.00
2014.04.11 05:20:01.653,1.67669,1.67674,1.10,1.00
2014.04.11 05:20:11.166,1.67669,1.67674,1.29,1.00
2014.04.11 05:20:13.501,1.67668,1.67674,1.09,1.00
2014.04.11 05:20:14.325,1.67668,1.67674,1.02,1.00
2014.04.11 05:20:14.870,1.67668,1.67674,1.29,1.00
2014.04.11 05:20:15.530,1.67668,1.67674,1.02,1.00
2014.04.11 05:20:17.204,1.67668,1.67674,1.77,1.00
2014.04.11 05:20:17.405,1.67668,1.67674,1.10,1.00
2014.04.11 05:20:20.402,1.67668,1.67674,1.38,1.00
2014.04.11 05:20:24.461,1.67668,1.67674,1.83,1.00
2014.04.11 05:20:29.523,1.67668,1.67679,1.83,1.18
2014.04.11 05:20:41.197,1.67666,1.67679,5.21,2.59
2014.04.11 05:20:43.196,1.67666,1.67679,7.83,2.59
2014.04.11 05:20:44.232,1.67667,1.67679,1.43,1.84
2014.04.11 05:20:47.215,1.67668,1.6768,1.38,2.14
2014.04.11 05:20:57.351,1.67668,1.6768,1.83,1.39
2014.04.11 05:21:02.707,1.67667,1.67677,1.57,1.19
2014.04.11 05:21:03.229,1.67667,1.67679,2.04,1.69
2014.04.11 05:21:03.772,1.67668,1.67679,1.39,1.19
2014.04.11 05:21:04.798,1.67668,1.67679,1.08,1.25
2014.04.11 05:21:09.154,1.67671,1.67679,1.13,1.25
2014.04.11 05:21:09.458,1.67671,1.67679,1.13,1.69
2014.04.11 05:21:21.249,1.67671,1.67678,1.20,1.00
2014.04.11 05:21:25.174,1.67668,1.67678,1.57,1.19
2014.04.11 05:21:27.188,1.67669,1.67678,1.30,1.00
2014.04.11 05:21:31.061,1.67674,1.67678,1.10,1.00
2014.04.11 05:21:31.212,1.67676,1.67683,2.21,1.00
2014.04.11 05:21:31.415,1.67678,1.67686,1.77,1.00
2014.04.11 05:21:31.667,1.67679,1.67686,1.98,1.00
2014.04.11 05:21:31.870,1.67679,1.67689,2.06,1.25
2014.04.11 05:21:31.971,1.67684,1.6769,1.00,1.19
2014.04.11 05:21:32.022,1.67684,1.67691,1.25,1.00
2014.04.11 05:21:37.107,1.67688,1.67691,1.00,1.00
2014.04.11 05:21:37.259,1.67689,1.67694,1.00,1.13
2014.04.11 05:21:37.894,1.67689,1.67696,1.00,2.22
2014.04.11 05:21:38.171,1.67689,1.67699,1.18,1.19
2014.04.11 05:21:38.222,1.67692,1.67696,1.50,1.00
2014.04.11 05:21:38.576,1.67689,1.67696,1.50,1.00
2014.04.11 05:21:39.239,1.67687,1.67696,1.39,1.00
2014.04.11 05:21:39.341,1.67688,1.67696,2.06,1.00
2014.04.11 05:21:46.258,1.67689,1.67694,1.30,1.00
2014.04.11 05:21:50.983,1.67688,1.67695,1.98,1.00
2014.04.11 05:22:34.129,1.67689,1.67696,1.77,1.00
2014.04.11 05:22:39.332,1.67689,1.67696,1.19,1.00
2014.04.11 05:22:42.072,1.67689,1.67696,1.19,1.00
2014.04.11 05:22:43.079,1.67689,1.67696,1.19,1.00
2014.04.11 05:22:43.890,1.67687,1.67696,1.76,1.00
2014.04.11 05:22:48.918,1.67687,1.67696,1.26,1.00
2014.04.11 05:23:08.946,1.67686,1.67696,4.38,1.00
2014.04.11 05:23:09.487,1.67686,1.67696,4.38,1.00
2014.04.11 05:23:10.190,1.67687,1.67696,1.28,1.00
2014.04.11 05:23:11.166,1.67688,1.67696,1.28,1.00
2014.04.11 05:23:17.425,1.67686,1.67696,5.88,1.00
2014.04.11 05:23:20.196,1.67687,1.67696,1.26,1.00
2014.04.11 05:23:21.406,1.67688,1.67696,1.28,1.00
2014.04.11 05:23:22.957,1.67688,1.67696,1.01,1.00
2014.04.11 05:23:23.058,1.67688,1.67699,1.76,1.19
2014.04.11 05:23:23.160,1.67688,1.67699,4.01,1.00
2014.04.11 05:23:23.616,1.67693,1.67701,1.00,1.13
2014.04.11 05:23:24.121,1.67693,1.67703,1.00,2.07
2014.04.11 05:23:30.450,1.67693,1.67703,1.00,2.07
2014.04.11 05:23:40.462,1.67694,1.67702,1.00,1.32
2014.04.11 05:24:18.862,1.67694,1.67703,1.00,1.63
2014.04.11 05:24:22.216,1.67694,1.67703,1.00,2.07
2014.04.11 05:24:23.184,1.67694,1.67703,1.00,2.07
2014.04.11 05:24:28.205,1.67694,1.67703,1.00,2.07
2014.04.11 05:24:32.203,1.67694,1.67702,1.00,1.32
2014.04.11 05:24:33.215,1.67694,1.67703,1.00,2.07
2014.04.11 05:24:33.904,1.67694,1.67703,1.00,1.63
2014.04.11 05:24:40.033,1.67694,1.67703,1.00,2.07
2014.04.11 05:24:40.523,1.6769,1.67703,2.07,2.07
2014.04.11 05:24:47.116,1.67693,1.67702,1.50,1.32
2014.04.11 05:24:47.167,1.67693,1.67703,1.69,1.25
2014.04.11 05:24:58.752,1.67691,1.67704,5.88,1.69
2014.04.11 05:25:01.775,1.67691,1.67702,2.44,1.00
2014.04.11 05:25:06.095,1.67691,1.67702,1.32,1.58
2014.04.11 05:25:06.232,1.6769,1.67702,1.75,1.77
2014.04.11 05:25:26.833,1.67689,1.67702,5.21,2.22
2014.04.11 05:25:29.408,1.67689,1.67702,5.21,2.22
2014.04.11 05:25:32.629,1.67689,1.67702,5.21,2.22
2014.04.11 05:25:42.148,1.67689,1.677,5.96,1.00
2014.04.11 05:25:42.199,1.67689,1.677,4.46,1.50
2014.04.11 05:25:43.259,1.67689,1.67698,2.44,1.10
2014.04.11 05:25:45.278,1.67689,1.67698,2.44,1.10
2014.04.11 05:25:45.859,1.67688,1.67695,2.14,1.00
2014.04.11 05:25:46.445,1.67686,1.67695,5.14,1.50
2014.04.11 05:26:04.917,1.67687,1.67695,1.37,1.00
2014.04.11 05:26:05.459,1.67686,1.67695,6.64,1.00
2014.04.11 05:26:25.236,1.67687,1.67695,1.37,1.00
2014.04.11 05:26:26.528,1.67686,1.67695,5.89,1.00
2014.04.11 05:26:38.161,1.67688,1.67695,1.29,1.00
2014.04.11 05:26:38.977,1.67688,1.67696,1.29,1.00
2014.04.11 05:26:39.180,1.6769,1.67699,1.00,1.84
2014.04.11 05:26:39.490,1.6769,1.677,1.09,1.25
2014.04.11 05:26:40.097,1.67689,1.67697,1.77,1.00
2014.04.11 05:26:40.199,1.67688,1.67697,1.08,1.00
2014.04.11 05:27:05.264,1.67688,1.67695,1.10,1.00
2014.04.11 05:27:21.212,1.67688,1.67695,1.09,1.00
2014.04.11 05:27:42.095,1.67688,1.67695,1.10,1.00
2014.04.11 05:28:43.808,1.67688,1.67696,1.10,1.25
2014.04.11 05:28:44.322,1.67688,1.67695,1.10,1.00
2014.04.11 05:28:49.906,1.67688,1.67696,1.10,1.25
2014.04.11 05:28:50.208,1.67688,1.67698,1.58,1.19
2014.04.11 05:28:50.746,1.67688,1.67698,1.58,1.19
2014.04.11 05:28:52.230,1.67688,1.67699,1.77,1.69
2014.04.11 05:28:53.259,1.67688,1.67699,1.77,1.69
2014.04.11 05:28:54.236,1.67688,1.67699,1.77,1.69
2014.04.11 05:28:58.037,1.67688,1.67694,1.77,1.00
2014.04.11 05:28:58.393,1.67688,1.67699,1.77,1.69
2014.04.11 05:29:01.765,1.67688,1.67694,1.77,1.00
2014.04.11 05:29:02.301,1.67688,1.67693,1.77,1.00
2014.04.11 05:29:04.892,1.67688,1.67694,1.77,1.00
2014.04.11 05:29:10.988,1.67688,1.67694,2.44,1.00
2014.04.11 05:29:51.817,1.67688,1.67694,1.77,1.00
2014.04.11 05:29:52.377,1.67688,1.67694,1.37,1.00
2014.04.11 05:30:00.651,1.67688,1.67694,2.25,1.00
2014.04.11 05:30:04.922,1.67687,1.67699,2.03,3.64
2014.04.11 05:30:21.031,1.67687,1.67698,1.69,1.30
2014.04.11 05:30:41.955,1.67686,1.67698,4.38,2.14
2014.04.11 05:31:23.966,1.67687,1.67698,1.64,1.88
2014.04.11 05:31:24.828,1.67687,1.67699,3.63,2.14
2014.04.11 05:31:27.900,1.67687,1.67699,2.88,2.59
2014.04.11 05:31:31.278,1.67687,1.67699,2.03,2.14
2014.04.11 05:31:31.429,1.67687,1.67699,3.63,1.84
2014.04.11 05:31:43.164,1.67687,1.67697,2.69,1.19
2014.04.11 05:31:43.670,1.67687,1.67699,2.88,2.59
2014.04.11 05:31:45.108,1.67687,1.67699,2.88,1.65
2014.04.11 05:31:52.043,1.67688,1.67699,2.88,1.58
2014.04.11 05:31:58.138,1.67688,1.67699,2.69,1.29
2014.04.11 05:32:00.538,1.67688,1.67699,2.63,1.02
2014.04.11 05:32:11.227,1.67688,1.67698,3.38,1.00
2014.04.11 05:32:13.148,1.67688,1.67699,3.38,1.02
2014.04.11 05:32:16.276,1.67688,1.67698,3.63,1.00
2014.04.11 05:32:22.959,1.67688,1.67699,3.63,1.77
2014.04.11 05:32:26.234,1.67688,1.67697,3.44,1.19
2014.04.11 05:32:26.779,1.67688,1.67698,3.44,1.19
2014.04.11 05:32:28.207,1.67688,1.67699,3.63,1.77
2014.04.11 05:32:31.779,1.67688,1.67699,1.76,2.14
2014.04.11 05:32:52.103,1.67688,1.67699,2.03,1.09
2014.04.11 05:32:53.915,1.67688,1.67699,1.84,1.84
2014.04.11 05:32:55.955,1.67688,1.67699,1.76,1.84
2014.04.11 05:33:03.505,1.67689,1.67699,2.88,1.25
2014.04.11 05:33:07.181,1.67691,1.67699,1.88,1.69
2014.04.11 05:33:08.196,1.67691,1.67699,1.88,1.19
2014.04.11 05:33:14.089,1.67689,1.67699,2.88,1.50
2014.04.11 05:33:14.915,1.67689,1.67699,2.69,1.69
2014.04.11 05:33:20.281,1.67688,1.67699,2.88,1.77
2014.04.11 05:33:20.799,1.67688,1.67697,2.03,1.00
2014.04.11 05:33:22.049,1.67688,1.67699,2.03,1.09
2014.04.11 05:33:22.611,1.67687,1.67698,3.63,1.29
2014.04.11 05:33:23.159,1.67688,1.67699,1.01,1.84
2014.04.11 05:33:34.852,1.67687,1.67697,3.44,1.19
2014.04.11 05:33:34.953,1.67687,1.67698,3.63,1.29
2014.04.11 05:33:35.527,1.67687,1.67696,3.63,1.00
2014.04.11 05:34:04.328,1.67688,1.67699,2.03,1.09
2014.04.11 05:34:07.628,1.67693,1.67701,1.00,2.07
2014.04.11 05:34:20.298,1.67693,1.67702,2.40,2.14
2014.04.11 05:34:21.174,1.67696,1.67702,1.50,2.14
2014.04.11 05:34:22.692,1.67695,1.67702,1.50,2.14
2014.04.11 05:34:23.348,1.67696,1.67702,1.50,1.95
2014.04.11 05:34:23.652,1.67698,1.67703,1.37,1.00
2014.04.11 05:34:23.955,1.677,1.67704,1.95,1.38
2014.04.11 05:34:24.006,1.677,1.67708,1.95,1.10
2014.04.11 05:34:24.460,1.67698,1.67705,2.51,1.00
2014.04.11 05:34:56.048,1.67698,1.67709,3.26,1.37
2014.04.11 05:34:56.250,1.67699,1.6771,4.38,1.39
2014.04.11 05:35:00.324,1.67701,1.6771,2.14,1.18
2014.04.11 05:35:00.375,1.67701,1.6771,1.84,1.20
2014.04.11 05:35:01.081,1.67699,1.67705,3.19,1.00
2014.04.11 05:35:13.299,1.67698,1.67704,2.44,1.00
2014.04.11 05:35:13.819,1.67698,1.67705,2.44,1.50
2014.04.11 05:35:42.050,1.67698,1.67705,2.25,1.50
2014.04.11 05:35:55.729,1.67698,1.67705,1.95,1.58
2014.04.11 05:35:56.147,1.67698,1.67703,1.65,1.00
2014.04.11 05:36:00.752,1.67698,1.67701,1.65,1.00
2014.04.11 05:36:01.270,1.67698,1.67701,1.65,1.00
2014.04.11 05:36:03.769,1.67697,1.67701,1.77,1.00
2014.04.11 05:36:13.514,1.677,1.67703,1.00,1.10
2014.04.11 05:36:13.616,1.67699,1.67702,1.19,1.00
2014.04.11 05:36:13.667,1.67699,1.67703,1.27,1.00
2014.04.11 05:36:15.886,1.67698,1.67705,1.76,1.00
2014.04.11 05:36:21.957,1.67698,1.67705,2.51,1.00
2014.04.11 05:36:34.079,1.67698,1.67705,2.89,1.00
2014.04.11 05:36:39.393,1.67697,1.67705,2.96,1.08
2014.04.11 05:36:39.938,1.67697,1.67705,2.66,1.18
2014.04.11 05:36:42.221,1.67697,1.67701,2.66,1.00
2014.04.11 05:36:44.737,1.67697,1.67701,2.33,1.00
2014.04.11 05:36:44.839,1.67697,1.67705,1.50,3.38
2014.04.11 05:36:44.941,1.67696,1.67698,1.00,1.10
2014.04.11 05:36:45.244,1.67693,1.67696,1.50,1.00
2014.04.11 05:36:45.346,1.67692,1.67695,1.00,1.00
2014.04.11 05:36:45.599,1.67694,1.67695,1.00,1.00
2014.04.11 05:36:48.230,1.67691,1.67695,1.50,1.00
2014.04.11 05:36:59.117,1.67693,1.67695,1.00,1.00
2014.04.11 05:37:09.691,1.67694,1.67696,1.00,1.10
2014.04.11 05:37:59.095,1.67693,1.67696,1.58,1.00
2014.04.11 05:38:03.132,1.67694,1.67699,1.58,1.00
2014.04.11 05:38:03.636,1.67696,1.677,1.50,1.00
2014.04.11 05:38:04.211,1.67694,1.677,1.84,1.00
2014.04.11 05:38:05.818,1.67694,1.67701,2.21,1.00
2014.04.11 05:38:11.432,1.67696,1.67703,2.14,1.00
2014.04.11 05:38:17.748,1.67697,1.67704,1.65,1.10
2014.04.11 05:38:17.849,1.67697,1.67704,1.95,1.00
2014.04.11 05:38:38.058,1.67695,1.67704,2.03,1.00
2014.04.11 05:38:57.226,1.67695,1.67702,2.00,1.00
2014.04.11 05:38:58.996,1.67695,1.67702,2.00,1.00
2014.04.11 05:39:01.608,1.67695,1.67702,1.29,1.28
2014.04.11 05:39:01.761,1.67693,1.67699,2.22,1.00
2014.04.11 05:39:02.064,1.67693,1.67697,1.50,1.00
2014.04.11 05:39:06.640,1.67691,1.67697,1.37,1.00
2014.04.11 05:39:06.942,1.67691,1.67695,1.18,1.00
2014.04.11 05:39:07.448,1.67691,1.67696,1.65,1.00
2014.04.11 05:39:07.998,1.67693,1.67696,1.50,1.00
2014.04.11 05:39:12.473,1.67693,1.67697,1.50,1.00
2014.04.11 05:39:19.922,1.67692,1.67697,1.58,1.00
2014.04.11 05:39:24.542,1.67693,1.67697,1.50,1.00
2014.04.11 05:39:28.892,1.67693,1.67697,1.65,1.00
2014.04.11 05:39:53.509,1.67693,1.67697,1.50,1.00
2014.04.11 05:39:57.900,1.6769,1.67697,3.79,1.00
2014.04.11 05:39:58.203,1.6769,1.67695,3.26,1.00
2014.04.11 05:39:58.355,1.6769,1.67695,1.09,1.00
2014.04.11 05:39:59.391,1.67688,1.67695,3.18,1.00
2014.04.11 05:40:03.557,1.67688,1.67695,3.26,1.00
2014.04.11 05:40:04.117,1.67688,1.67695,3.33,1.00
2014.04.11 05:40:06.386,1.67688,1.67695,4.27,1.00
2014.04.11 05:40:06.896,1.67691,1.67696,1.95,1.00
2014.04.11 05:40:19.827,1.67692,1.67697,1.65,1.00
2014.04.11 05:40:26.991,1.67692,1.67697,1.95,1.00
2014.04.11 05:40:41.644,1.67691,1.67696,3.75,1.00
2014.04.11 05:40:45.444,1.67691,1.67696,1.95,1.50
2014.04.11 05:40:46.042,1.67691,1.67696,1.65,1.50
2014.04.11 05:41:16.160,1.67691,1.67695,1.65,1.00
2014.04.11 05:41:45.457,1.67691,1.67695,1.50,1.00
2014.04.11 05:41:52.491,1.67689,1.67695,1.25,1.00
2014.04.11 05:41:53.125,1.67688,1.67695,3.26,1.00
2014.04.11 05:41:53.226,1.67688,1.67695,2.51,1.00
2014.04.11 05:41:58.148,1.67688,1.67695,2.51,1.00
2014.04.11 05:42:01.759,1.67688,1.67695,3.71,1.00
2014.04.11 05:42:05.177,1.67688,1.67695,3.71,1.00
2014.04.11 05:42:16.157,1.67688,1.67698,3.26,1.10
2014.04.11 05:42:25.695,1.67689,1.67698,1.20,1.08
2014.04.11 05:43:20.064,1.67688,1.67696,3.26,1.00
2014.04.11 05:43:20.267,1.67688,1.67698,5.13,1.10
2014.04.11 05:43:49.465,1.67688,1.67698,1.94,1.08
2014.04.11 05:43:49.981,1.67687,1.67698,1.01,1.18
2014.04.11 05:43:59.410,1.67688,1.67698,2.82,1.00
2014.04.11 05:44:04.948,1.67688,1.67699,3.63,2.33
2014.04.11 05:44:18.965,1.67688,1.67696,3.63,1.00
2014.04.11 05:44:59.403,1.67687,1.67696,1.28,1.00
2014.04.11 05:45:01.480,1.67687,1.67696,1.28,1.00
2014.04.11 05:45:06.167,1.67686,1.67696,2.88,1.00
2014.04.11 05:45:06.841,1.67688,1.67696,1.50,1.00
2014.04.11 05:45:19.009,1.67687,1.67699,1.28,1.69
2014.04.11 05:45:20.241,1.67686,1.67699,3.63,2.44
2014.04.11 05:45:20.785,1.67686,1.67699,3.63,2.82
2014.04.11 05:45:21.523,1.67686,1.67699,3.63,2.44
2014.04.11 05:45:22.361,1.67686,1.67699,4.38,1.69
2014.04.11 05:45:24.356,1.67687,1.67697,1.26,1.00
2014.04.11 05:45:32.208,1.67686,1.67697,3.63,1.00
2014.04.11 05:45:34.414,1.67687,1.67697,1.28,1.00
2014.04.11 05:45:38.964,1.67687,1.67695,1.28,1.00
2014.04.11 05:45:46.425,1.67687,1.67695,1.28,1.00
2014.04.11 05:45:54.472,1.67687,1.67695,1.26,1.00
2014.04.11 05:46:05.313,1.67687,1.67695,2.51,1.00
2014.04.11 05:46:39.480,1.67689,1.67695,1.58,1.00
2014.04.11 05:46:40.011,1.67689,1.67695,2.14,1.00
2014.04.11 05:46:43.194,1.67689,1.67695,2.88,1.00
2014.04.11 05:46:52.059,1.67692,1.67699,1.20,1.25
2014.04.11 05:46:56.243,1.6769,1.67694,1.93,1.00
2014.04.11 05:47:18.611,1.6769,1.67694,1.20,1.00
2014.04.11 05:47:18.813,1.6769,1.67694,1.00,1.00
2014.04.11 05:47:19.357,1.67687,1.67694,2.89,1.00
2014.04.11 05:47:31.212,1.67686,1.67694,1.65,1.18
2014.04.11 05:47:31.666,1.67686,1.67694,2.25,1.00
2014.04.11 05:47:56.089,1.67686,1.67694,4.01,1.00
2014.04.11 05:47:56.292,1.67686,1.67697,4.76,1.77
2014.04.11 05:48:07.768,1.67687,1.67696,1.01,1.00
2014.04.11 05:48:09.815,1.67687,1.67698,2.51,1.37
2014.04.11 05:48:32.877,1.67687,1.67697,1.84,1.29
2014.04.11 05:48:37.079,1.67687,1.67697,3.00,1.37
2014.04.11 05:48:43.014,1.67687,1.67696,1.50,1.29
2014.04.11 05:48:44.013,1.67687,1.67696,1.50,1.02
2014.04.11 05:48:57.977,1.67687,1.67697,1.20,2.14
2014.04.11 05:49:09.585,1.67687,1.67697,1.75,1.77
2014.04.11 05:49:10.092,1.67687,1.67697,1.75,1.77
2014.04.11 05:49:10.910,1.67687,1.67697,1.75,1.77
2014.04.11 05:49:12.931,1.67687,1.67697,1.84,1.77
2014.04.11 05:49:15.802,1.67687,1.67695,1.84,1.00
2014.04.11 05:49:21.657,1.67687,1.67697,1.76,1.77
2014.04.11 05:49:25.872,1.67687,1.67696,1.84,1.19
2014.04.11 05:49:26.969,1.67687,1.67697,1.84,2.52
2014.04.11 05:49:29.987,1.67687,1.67697,1.84,1.77
2014.04.11 05:49:39.647,1.67687,1.67696,1.57,1.29
2014.04.11 05:49:40.848,1.67687,1.67697,1.50,2.59
2014.04.11 05:49:43.158,1.67687,1.67697,5.13,1.25
2014.04.11 05:49:52.324,1.67691,1.67699,2.03,1.37
2014.04.11 05:49:52.678,1.67692,1.67701,1.95,2.22
2014.04.11 05:49:53.132,1.67696,1.67701,1.00,1.09
2014.04.11 05:49:53.892,1.67696,1.67701,1.10,1.00
2014.04.11 05:50:34.925,1.67695,1.67702,1.65,1.02
2014.04.11 05:50:36.334,1.67695,1.67702,1.65,1.29
2014.04.11 05:50:39.329,1.67695,1.67702,1.65,1.02
2014.04.11 05:50:53.907,1.67695,1.67703,1.50,1.00
2014.04.11 05:50:54.454,1.67694,1.67703,2.44,1.00
2014.04.11 05:51:01.213,1.67696,1.67704,1.19,1.69
2014.04.11 05:51:01.517,1.67698,1.67706,1.01,1.00
2014.04.11 05:51:01.820,1.67699,1.67706,2.69,1.00
2014.04.11 05:51:02.142,1.67701,1.67709,2.63,1.69
2014.04.11 05:51:02.748,1.67701,1.67705,2.55,1.00
2014.04.11 05:51:02.849,1.67699,1.67706,2.69,1.00
2014.04.11 05:51:02.950,1.67698,1.67706,1.76,1.00
2014.04.11 05:51:19.921,1.67697,1.67709,2.88,2.22
2014.04.11 05:51:23.101,1.67698,1.67709,2.82,1.39
2014.04.11 05:51:28.375,1.67698,1.67704,3.56,1.00
2014.04.11 05:51:28.478,1.67698,1.67703,1.76,1.00
2014.04.11 05:51:28.579,1.67698,1.67705,1.76,1.00
2014.04.11 05:51:28.680,1.67698,1.67703,1.76,1.00
2014.04.11 05:51:38.599,1.67696,1.67704,7.01,1.00
2014.04.11 05:52:08.959,1.67698,1.67704,3.26,1.00
2014.04.11 05:52:38.606,1.67699,1.67709,1.01,1.09
2014.04.11 05:52:42.140,1.67698,1.67709,2.32,1.84
2014.04.11 05:52:43.517,1.67698,1.67709,2.51,1.37
2014.04.11 05:52:48.630,1.67698,1.67709,3.26,1.39
2014.04.11 05:52:56.507,1.67698,1.67708,4.19,1.29
2014.04.11 05:52:57.047,1.67698,1.67709,4.38,1.77
2014.04.11 05:52:58.564,1.67699,1.67709,1.01,1.02
2014.04.11 05:53:06.124,1.67701,1.67709,1.58,1.29
2014.04.11 05:53:09.926,1.67698,1.67708,4.19,1.19
2014.04.11 05:53:10.945,1.67698,1.67709,4.38,1.77
2014.04.11 05:53:12.930,1.67699,1.67709,1.01,1.02
2014.04.11 05:53:13.233,1.67699,1.67704,1.01,1.00
2014.04.11 05:53:13.863,1.67699,1.67706,1.01,1.00
2014.04.11 05:53:40.081,1.67703,1.67709,2.25,1.00
2014.04.11 05:53:40.134,1.67705,1.67711,1.13,1.00
2014.04.11 05:53:40.248,1.67709,1.67715,1.50,2.82
2014.04.11 05:53:40.349,1.6771,1.67716,1.00,3.12
2014.04.11 05:53:40.951,1.67711,1.67718,1.13,2.82
2014.04.11 05:53:41.002,1.67711,1.67718,1.20,1.19
2014.04.11 05:53:41.103,1.67716,1.6772,1.00,1.37
2014.04.11 05:53:41.613,1.67716,1.67721,1.00,1.30
2014.04.11 05:53:44.880,1.67719,1.67722,1.00,1.24
2014.04.11 05:53:44.982,1.67719,1.67724,1.00,3.04
2014.04.11 05:53:45.084,1.67716,1.67725,2.33,2.67
2014.04.11 05:53:45.438,1.67716,1.67722,1.00,1.23
2014.04.11 05:54:09.550,1.67716,1.67722,1.00,1.47
2014.04.11 05:54:16.955,1.67716,1.67724,1.18,1.69
2014.04.11 05:54:18.261,1.67716,1.67726,1.69,1.77
2014.04.11 05:54:18.413,1.67721,1.67727,1.00,3.00
2014.04.11 05:54:18.464,1.67721,1.67727,1.10,1.10
2014.04.11 05:54:19.511,1.67721,1.6773,1.13,1.02
2014.04.11 05:54:20.051,1.67721,1.6773,1.20,1.32
2014.04.11 05:54:22.381,1.67726,1.67732,1.00,2.07
2014.04.11 05:54:33.588,1.67723,1.67731,1.10,1.77
2014.04.11 05:54:37.657,1.67725,1.67731,1.00,1.58
2014.04.11 05:54:39.689,1.67725,1.67732,1.00,1.02
2014.04.11 05:54:46.916,1.67723,1.67731,1.18,1.47
2014.04.11 05:54:51.360,1.67723,1.6773,1.10,1.23
2014.04.11 05:54:52.862,1.67724,1.6773,1.00,1.30
2014.04.11 05:54:53.013,1.67724,1.67732,1.10,2.52
2014.04.11 05:55:01.848,1.67723,1.67727,1.18,1.00
2014.04.11 05:55:02.000,1.67718,1.67727,1.01,1.00
2014.04.11 05:55:02.758,1.67725,1.67731,1.00,1.69
2014.04.11 05:55:02.859,1.6772,1.67731,1.39,1.98
2014.04.11 05:55:05.151,1.67719,1.67727,1.01,1.00
2014.04.11 05:55:05.404,1.67717,1.67723,3.44,1.00
2014.04.11 05:55:05.607,1.67716,1.67722,2.00,1.00
2014.04.11 05:55:07.805,1.67716,1.67725,1.75,1.19
2014.04.11 05:55:07.957,1.67716,1.67727,1.76,1.37
2014.04.11 05:55:08.989,1.67717,1.67727,2.82,1.02
2014.04.11 05:55:11.204,1.67719,1.67727,2.63,1.00
2014.04.11 05:55:15.871,1.67719,1.67727,2.63,1.19
2014.04.11 05:55:16.998,1.67719,1.67727,2.63,1.25
2014.04.11 05:55:32.035,1.6772,1.67727,2.82,1.00
2014.04.11 05:55:40.365,1.6772,1.67731,3.57,1.39
2014.04.11 05:55:40.570,1.6772,1.67727,2.82,1.00
2014.04.11 05:55:42.468,1.67718,1.67727,2.82,1.00
2014.04.11 05:55:44.341,1.67718,1.67724,2.82,1.00
2014.04.11 05:55:44.393,1.67716,1.67724,1.57,1.25
2014.04.11 05:55:44.718,1.67715,1.67724,1.17,2.82
2014.04.11 05:55:45.091,1.67715,1.67723,1.10,1.02
2014.04.11 05:55:49.947,1.67715,1.67725,1.95,1.77
2014.04.11 05:55:51.033,1.67717,1.67726,1.50,1.29
2014.04.11 05:55:52.001,1.67717,1.67726,1.18,1.02
2014.04.11 05:56:00.852,1.67715,1.67726,1.54,2.14
2014.04.11 05:56:01.357,1.67714,1.67723,1.79,1.00
2014.04.11 05:56:01.559,1.67713,1.67722,1.35,1.02
2014.04.11 05:56:01.862,1.67716,1.67724,1.00,1.30
2014.04.11 05:56:02.361,1.6772,1.67726,1.00,2.63
2014.04.11 05:56:02.894,1.6772,1.67726,1.00,1.58
2014.04.11 05:56:03.329,1.67715,1.67726,3.79,1.20
2014.04.11 05:56:03.950,1.67715,1.67726,3.04,1.39
2014.04.11 05:56:08.396,1.67715,1.67722,2.10,1.13
2014.04.11 05:56:08.700,1.67719,1.67724,1.00,2.33
2014.04.11 05:56:08.853,1.6772,1.67727,1.00,1.18
2014.04.11 05:56:08.954,1.67721,1.67729,1.60,1.25
2014.04.11 05:56:09.258,1.67722,1.67731,3.23,1.63
2014.04.11 05:56:09.560,1.67722,1.67727,2.48,1.00
2014.04.11 05:56:10.773,1.67722,1.67729,2.63,1.25
2014.04.11 05:56:19.655,1.67718,1.67723,2.70,1.00
2014.04.11 05:56:19.959,1.6772,1.67729,1.10,2.14
2014.04.11 05:56:20.010,1.6772,1.6773,1.88,3.19
2014.04.11 05:56:20.315,1.67721,1.67732,1.50,2.52
2014.04.11 05:56:22.482,1.67721,1.67732,3.57,1.67
2014.04.11 05:56:23.102,1.67725,1.67733,1.18,1.74
2014.04.11 05:56:23.405,1.67723,1.67732,3.57,1.50
2014.04.11 05:56:27.407,1.67725,1.67733,1.50,1.63
2014.04.11 05:56:29.269,1.67725,1.67734,1.50,1.39
2014.04.11 05:56:29.774,1.67725,1.67735,1.50,2.22
2014.04.11 05:56:30.737,1.67725,1.67735,1.50,1.74
2014.04.11 05:56:31.455,1.67725,1.67735,1.50,1.47
2014.04.11 05:56:31.961,1.67726,1.67736,1.95,3.04
2014.04.11 05:56:32.671,1.67726,1.67736,1.95,2.52
2014.04.11 05:56:36.834,1.67725,1.67736,3.60,2.14
2014.04.11 05:56:36.884,1.67727,1.67736,2.18,1.32
2014.04.11 05:56:36.935,1.67731,1.67737,1.05,1.69
2014.04.11 05:56:37.087,1.67731,1.67737,1.35,1.00
2014.04.11 05:56:37.239,1.67733,1.67741,1.35,2.82
2014.04.11 05:56:37.767,1.67733,1.67741,1.35,2.07
2014.04.11 05:56:38.314,1.67735,1.67741,1.00,1.32
2014.04.11 05:56:39.841,1.67735,1.67744,1.00,3.57
2014.04.11 05:56:40.379,1.67735,1.67744,1.35,2.44
2014.04.11 05:56:45.792,1.67735,1.67744,1.35,1.69
2014.04.11 05:56:46.529,1.67735,1.67744,1.00,1.02
2014.04.11 05:56:47.052,1.67735,1.67744,1.18,1.02
2014.04.11 05:57:01.637,1.67739,1.67743,1.00,1.37
2014.04.11 05:57:01.789,1.6774,1.67746,1.00,3.64
2014.04.11 05:57:02.949,1.6774,1.67746,1.08,1.70
2014.04.11 05:57:03.612,1.6774,1.67749,1.18,2.52
2014.04.11 05:57:03.714,1.6774,1.67749,1.83,1.18
2014.04.11 05:57:04.238,1.6774,1.6775,1.60,1.09
2014.04.11 05:57:04.751,1.67744,1.67752,1.00,2.07
2014.04.11 05:57:21.523,1.67744,1.67752,1.08,1.77
2014.04.11 05:57:22.026,1.67744,1.67753,1.18,1.77
2014.04.11 05:57:24.387,1.67744,1.67753,1.34,1.39
2014.04.11 05:57:24.489,1.67747,1.67759,1.01,3.57
2014.04.11 05:57:24.590,1.6775,1.67759,1.46,1.65
2014.04.11 05:57:24.894,1.67752,1.67764,2.88,3.72
2014.04.11 05:57:25.197,1.67752,1.67763,2.63,1.67
2014.04.11 05:57:25.551,1.67751,1.67763,2.00,1.77
2014.04.11 05:57:25.702,1.67752,1.67763,2.63,1.67
2014.04.11 05:57:26.889,1.67751,1.67762,1.94,1.47
2014.04.11 05:57:37.439,1.6775,1.67762,3.94,1.74
2014.04.11 05:57:42.736,1.6775,1.67762,1.94,2.04
2014.04.11 05:57:43.300,1.6775,1.67761,1.69,1.02
2014.04.11 05:57:54.005,1.6775,1.67755,1.69,1.13
2014.04.11 05:57:54.106,1.67748,1.67753,1.00,1.02
2014.04.11 05:57:54.359,1.67743,1.6775,1.00,1.30
2014.04.11 05:57:54.511,1.67741,1.67749,1.18,1.39
2014.04.11 05:57:54.562,1.67741,1.67747,1.00,1.25
2014.04.11 05:57:54.613,1.67737,1.67747,1.20,1.39
2014.04.11 05:57:54.765,1.67737,1.67749,2.00,1.77
2014.04.11 05:57:55.269,1.67736,1.67746,5.51,1.00
2014.04.11 05:58:18.971,1.67736,1.67746,3.00,1.19
2014.04.11 05:58:19.174,1.67738,1.67749,2.25,1.77
2014.04.11 05:58:24.420,1.67737,1.67749,4.69,4.17
2014.04.11 05:58:24.572,1.67737,1.67744,1.50,1.02
2014.04.11 05:58:25.125,1.67734,1.67741,1.95,1.32
2014.04.11 05:58:26.795,1.6773,1.67741,3.63,1.39
2014.04.11 05:58:27.470,1.6773,1.67741,2.03,1.47
2014.04.11 05:58:47.030,1.67734,1.67742,1.00,1.69
2014.04.11 05:58:55.086,1.67731,1.67742,2.14,1.50
2014.04.11 05:58:58.079,1.67733,1.67742,2.25,2.07
2014.04.11 05:58:58.180,1.67739,1.67745,1.00,5.03
2014.04.11 05:58:58.434,1.67734,1.67743,1.13,1.77
2014.04.11 05:58:58.636,1.67731,1.67742,1.69,1.77
2014.04.11 05:59:30.148,1.67731,1.67742,2.63,1.84
2014.04.11 05:59:31.772,1.67731,1.67742,3.57,1.67
2014.04.11 05:59:35.443,1.67736,1.67743,1.10,1.47
2014.04.11 05:59:40.177,1.67736,1.67745,1.20,1.47
2014.04.11 05:59:40.480,1.67741,1.67751,1.75,1.39
2014.04.11 05:59:40.783,1.6774,1.67747,3.38,1.00
2014.04.11 05:59:41.395,1.6774,1.67747,1.50,1.00
2014.04.11 05:59:43.028,1.67738,1.67747,1.39,1.18
2014.04.11 05:59:43.129,1.67737,1.67742,2.44,1.00
2014.04.11 05:59:43.230,1.67737,1.67742,1.18,1.00
2014.04.11 05:59:43.483,1.67736,1.67747,1.95,1.88
2014.04.11 05:59:43.888,1.67736,1.67747,2.25,1.18
2014.04.11 05:59:44.393,1.67741,1.6775,1.00,2.48
2014.04.11 05:59:44.716,1.67741,1.67749,1.00,2.63
2014.04.11 05:59:45.721,1.67741,1.67747,1.00,2.63
2014.04.11 05:59:48.897,1.67739,1.67749,1.09,1.13
2014.04.11 05:59:49.099,1.67744,1.67751,1.00,2.63
2014.04.11 05:59:49.201,1.67744,1.67753,1.00,2.25
2014.04.11 05:59:53.163,1.67745,1.67753,2.25,1.38
2014.04.11 05:59:53.214,1.67746,1.67753,2.63,1.00
2014.04.11 05:59:53.419,1.67746,1.67756,6.94,1.38
2014.04.11 05:59:53.521,1.67753,1.67759,2.25,1.00
2014.04.11 05:59:53.674,1.67755,1.67763,2.63,1.50
2014.04.11 05:59:53.979,1.67757,1.67769,3.57,3.83
2014.04.11 05:59:54.383,1.6776,1.67767,1.00,1.20
2014.04.11 05:59:54.888,1.67757,1.67768,1.20,1.50
2014.04.11 05:59:55.545,1.67757,1.67768,1.08,1.13
2014.04.11 05:59:55.596,1.67757,1.67768,1.00,1.00
2014.04.11 05:59:55.849,1.67757,1.67768,1.00,1.88
2014.04.11 05:59:56.051,1.67755,1.67766,1.00,1.38
2014.04.11 05:59:57.198,1.67755,1.67765,1.00,2.63
2014.04.11 05:59:58.290,1.67755,1.67765,1.00,1.18
2014.04.11 05:59:58.939,1.67755,1.67765,1.00,1.47
