2013.01.14 01:00:00.486,1.61367,1.61388,1.58,1.95
2013.01.14 01:00:00.824,1.61366,1.61383,1.50,1.95
2013.01.14 01:00:01.436,1.61367,1.61383,1.50,1.95
2013.01.14 01:00:02.277,1.61366,1.61383,1.50,1.95
2013.01.14 01:00:02.807,1.61366,1.61383,1.50,1.95
2013.01.14 01:00:03.227,1.61366,1.61383,2.25,1.95
2013.01.14 01:00:05.047,1.61366,1.61383,3.00,1.20
2013.01.14 01:00:09.287,1.61366,1.61383,2.25,1.20
2013.01.14 01:00:09.647,1.61366,1.61383,2.25,1.20
2013.01.14 01:00:13.847,1.61366,1.61383,1.50,1.20
2013.01.14 01:00:15.607,1.61366,1.61383,1.50,1.20
2013.01.14 01:00:17.057,1.61366,1.61383,1.50,1.20
2013.01.14 01:00:17.636,1.61366,1.61383,1.50,1.20
2013.01.14 01:00:19.506,1.61366,1.61383,1.50,1.20
2013.01.14 01:00:20.046,1.61366,1.61386,1.50,1.50
2013.01.14 01:00:20.166,1.61366,1.61386,1.50,1.50
2013.01.14 01:00:21.307,1.61366,1.61386,1.50,1.50
2013.01.14 01:00:21.487,1.61366,1.61386,2.25,1.50
2013.01.14 01:00:24.209,1.61366,1.61386,1.50,1.50
2013.01.14 01:00:26.156,1.61366,1.61386,1.50,1.50
2013.01.14 01:00:27.936,1.61366,1.61383,1.50,1.43
2013.01.14 01:00:29.897,1.61366,1.61383,1.50,1.20
2013.01.14 01:00:30.438,1.61366,1.61383,1.50,1.20
2013.01.14 01:00:31.788,1.61366,1.61383,1.50,1.65
2013.01.14 01:00:31.918,1.61366,1.61383,2.25,1.65
2013.01.14 01:00:31.976,1.61366,1.61383,1.50,1.65
2013.01.14 01:00:32.607,1.61366,1.61383,2.25,1.65
2013.01.14 01:00:33.597,1.61366,1.61383,2.25,1.65
2013.01.14 01:00:34.148,1.61366,1.61383,1.50,2.70
2013.01.14 01:00:35.236,1.61366,1.61382,1.50,1.58
2013.01.14 01:00:35.791,1.61365,1.61382,2.48,1.58
2013.01.14 01:00:37.277,1.61366,1.61382,1.50,1.58
2013.01.14 01:00:39.416,1.61366,1.61383,1.73,1.20
2013.01.14 01:00:39.717,1.61367,1.61383,1.73,1.20
2013.01.14 01:00:40.087,1.61367,1.61383,1.50,1.20
2013.01.14 01:00:43.687,1.61367,1.61383,1.50,1.20
2013.01.14 01:00:49.645,1.61365,1.6138,2.48,1.13
2013.01.14 01:00:49.947,1.61363,1.61377,1.73,1.50
2013.01.14 01:00:50.526,1.61363,1.61377,1.50,1.73
2013.01.14 01:00:58.506,1.61363,1.61378,1.50,2.48
2013.01.14 01:01:00.617,1.61363,1.61377,1.50,1.73
2013.01.14 01:01:02.886,1.6136,1.61376,2.48,1.73
2013.01.14 01:01:05.513,1.6136,1.61376,2.48,1.73
2013.01.14 01:01:10.998,1.6136,1.61377,2.48,1.73
2013.01.14 01:01:17.038,1.61362,1.61376,1.50,1.73
2013.01.14 01:01:28.217,1.6136,1.61376,1.35,1.73
2013.01.14 01:01:28.759,1.61358,1.61376,2.25,1.73
2013.01.14 01:01:31.096,1.6136,1.61376,1.73,1.73
2013.01.14 01:01:38.496,1.6136,1.61376,1.73,1.73
2013.01.14 01:01:39.047,1.61358,1.61373,1.73,3.60
2013.01.14 01:01:39.527,1.61352,1.61371,1.41,3.00
2013.01.14 01:01:39.587,1.61351,1.61371,1.35,3.23
2013.01.14 01:01:39.706,1.61351,1.61369,1.13,2.48
2013.01.14 01:01:39.887,1.61348,1.61366,1.35,1.98
2013.01.14 01:01:40.426,1.61348,1.61366,1.35,1.98
2013.01.14 01:01:43.759,1.61348,1.61366,1.35,1.98
2013.01.14 01:01:44.129,1.61347,1.61366,1.35,2.73
2013.01.14 01:01:47.266,1.61348,1.61366,1.35,2.73
2013.01.14 01:01:47.939,1.61347,1.61365,1.35,1.50
2013.01.14 01:01:48.487,1.61346,1.61365,2.03,1.50
2013.01.14 01:01:50.788,1.61346,1.61365,1.28,1.50
2013.01.14 01:01:52.033,1.61346,1.61365,1.28,1.50
2013.01.14 01:01:52.567,1.61346,1.61365,1.28,1.50
2013.01.14 01:01:53.188,1.61346,1.61365,1.28,1.50
2013.01.14 01:01:55.016,1.61346,1.61365,1.28,1.50
2013.01.14 01:01:56.657,1.61346,1.61366,1.28,2.73
2013.01.14 01:02:01.360,1.61346,1.61366,1.28,2.73
2013.01.14 01:02:05.371,1.61347,1.61366,1.50,1.98
2013.01.14 01:02:06.485,1.61344,1.61366,1.73,4.23
2013.01.14 01:02:07.148,1.61344,1.61366,1.73,2.73
2013.01.14 01:02:15.707,1.61347,1.61366,1.73,2.73
2013.01.14 01:02:15.886,1.61347,1.61367,1.73,1.50
2013.01.14 01:02:16.006,1.61347,1.61368,1.73,3.00
2013.01.14 01:02:16.546,1.61347,1.61366,1.73,1.98
2013.01.14 01:02:20.477,1.61347,1.61366,1.73,1.98
2013.01.14 01:02:20.597,1.61347,1.61366,1.80,1.98
2013.01.14 01:02:21.137,1.61347,1.61366,2.55,1.98
2013.01.14 01:02:21.197,1.61347,1.61368,2.55,2.25
2013.01.14 01:02:21.376,1.61347,1.61368,2.55,2.25
2013.01.14 01:02:21.916,1.61347,1.61366,1.80,1.98
2013.01.14 01:02:22.706,1.61347,1.61366,1.80,1.98
2013.01.14 01:02:23.506,1.61347,1.61366,1.80,1.98
2013.01.14 01:02:26.237,1.61347,1.61366,1.80,1.98
2013.01.14 01:02:37.976,1.61345,1.61366,1.50,1.23
2013.01.14 01:02:38.519,1.61346,1.61366,1.05,1.23
2013.01.14 01:02:38.718,1.61349,1.61366,1.63,1.23
2013.01.14 01:02:42.587,1.61349,1.61368,1.63,1.50
2013.01.14 01:02:42.707,1.61352,1.61368,1.54,1.50
2013.01.14 01:02:43.567,1.61349,1.61371,2.27,1.73
2013.01.14 01:02:44.006,1.61348,1.61371,2.44,1.73
2013.01.14 01:02:44.756,1.61348,1.61371,2.07,1.73
2013.01.14 01:02:44.876,1.61348,1.61371,1.84,1.73
2013.01.14 01:02:45.430,1.61346,1.61366,1.58,1.98
2013.01.14 01:02:51.117,1.61346,1.61366,1.58,1.98
2013.01.14 01:02:54.144,1.61345,1.61366,2.25,1.98
2013.01.14 01:03:00.596,1.61346,1.61366,1.50,1.98
2013.01.14 01:03:11.817,1.61345,1.61366,2.25,2.73
2013.01.14 01:03:12.378,1.61345,1.61366,2.25,2.73
2013.01.14 01:03:16.617,1.61345,1.61366,2.25,2.73
2013.01.14 01:03:21.228,1.61345,1.61366,1.50,2.73
2013.01.14 01:03:23.048,1.61345,1.61366,1.50,2.73
2013.01.14 01:03:32.366,1.61345,1.61366,1.50,2.73
2013.01.14 01:03:39.378,1.61344,1.61366,2.25,1.98
2013.01.14 01:03:42.186,1.61345,1.61366,1.50,2.73
2013.01.14 01:03:42.726,1.61344,1.61366,3.23,1.98
2013.01.14 01:03:43.246,1.61344,1.61366,3.00,1.98
2013.01.14 01:03:44.516,1.61344,1.61366,2.25,2.73
2013.01.14 01:03:44.818,1.61347,1.61367,2.25,1.73
2013.01.14 01:03:45.176,1.61347,1.61367,2.48,1.73
2013.01.14 01:03:45.751,1.61347,1.61367,2.48,1.73
2013.01.14 01:03:49.156,1.61347,1.61367,2.48,1.73
2013.01.14 01:03:51.966,1.61347,1.61367,2.48,1.73
2013.01.14 01:03:52.477,1.61347,1.61369,2.48,3.23
2013.01.14 01:04:27.975,1.61348,1.61368,1.32,1.73
2013.01.14 01:04:28.577,1.61347,1.61368,2.48,1.73
2013.01.14 01:04:29.142,1.61347,1.61368,2.48,1.73
2013.01.14 01:04:32.407,1.61347,1.61368,2.48,1.73
2013.01.14 01:04:45.166,1.61348,1.61369,1.73,1.73
2013.01.14 01:04:52.609,1.61349,1.6137,1.73,2.48
2013.01.14 01:04:53.156,1.61349,1.61369,1.73,1.73
2013.01.14 01:04:58.252,1.61347,1.61366,1.73,1.50
2013.01.14 01:04:58.558,1.61344,1.61366,3.23,1.73
2013.01.14 01:04:59.548,1.61344,1.61366,3.23,1.73
2013.01.14 01:05:02.873,1.61344,1.61366,3.23,1.73
2013.01.14 01:05:05.736,1.61344,1.61366,2.85,1.73
2013.01.14 01:05:11.997,1.61345,1.61365,1.13,1.73
2013.01.14 01:05:23.426,1.61345,1.61365,1.80,1.73
2013.01.14 01:05:25.627,1.61345,1.61365,1.80,1.73
2013.01.14 01:05:27.439,1.61345,1.61366,1.73,2.48
2013.01.14 01:05:27.991,1.61345,1.61366,1.73,2.48
2013.01.14 01:05:28.538,1.61345,1.61364,1.73,1.73
2013.01.14 01:05:37.332,1.61345,1.61364,1.73,1.73
2013.01.14 01:05:37.977,1.61345,1.61363,1.73,1.50
2013.01.14 01:05:41.967,1.61345,1.61363,1.73,1.80
2013.01.14 01:05:42.087,1.61345,1.61366,1.73,4.58
2013.01.14 01:05:42.394,1.61345,1.61366,1.73,2.48
2013.01.14 01:05:43.056,1.61345,1.61366,1.73,2.48
2013.01.14 01:05:45.136,1.61346,1.61366,1.73,1.73
2013.01.14 01:06:13.846,1.61347,1.61366,1.73,1.73
2013.01.14 01:06:13.906,1.61347,1.61361,1.73,1.98
2013.01.14 01:06:14.088,1.61343,1.61357,3.75,1.73
2013.01.14 01:06:14.629,1.6134,1.61356,1.73,1.73
2013.01.14 01:06:14.877,1.61336,1.61356,1.50,1.98
2013.01.14 01:06:23.839,1.61336,1.61356,1.50,1.98
2013.01.14 01:06:24.161,1.61336,1.61356,1.50,1.98
2013.01.14 01:06:24.768,1.61336,1.61356,1.50,1.98
2013.01.14 01:06:26.078,1.61335,1.61356,1.05,1.98
2013.01.14 01:06:27.469,1.61335,1.61356,1.05,1.98
2013.01.14 01:06:29.357,1.61336,1.61356,1.50,1.98
2013.01.14 01:06:30.147,1.61334,1.61349,2.70,1.50
2013.01.14 01:06:30.657,1.61335,1.61349,1.05,1.50
2013.01.14 01:06:31.078,1.61334,1.61349,1.58,1.50
2013.01.14 01:06:31.618,1.61332,1.61349,1.73,1.50
2013.01.14 01:06:31.927,1.61331,1.61349,2.48,1.50
2013.01.14 01:06:35.987,1.61331,1.61352,3.23,2.25
2013.01.14 01:06:39.754,1.61332,1.61352,1.73,2.03
2013.01.14 01:06:42.387,1.61331,1.61352,3.98,2.03
2013.01.14 01:06:42.928,1.61333,1.61354,1.73,1.50
2013.01.14 01:06:45.556,1.61333,1.61352,1.73,1.28
2013.01.14 01:06:51.987,1.61332,1.61352,1.73,1.28
2013.01.14 01:06:53.716,1.61332,1.61354,1.73,1.88
2013.01.14 01:06:55.897,1.61333,1.61354,1.73,1.50
2013.01.14 01:06:56.539,1.61333,1.61352,1.73,1.13
2013.01.14 01:07:03.777,1.61333,1.61352,1.73,1.13
2013.01.14 01:07:05.377,1.61333,1.61352,1.73,1.20
2013.01.14 01:07:05.917,1.61333,1.61354,1.73,1.88
2013.01.14 01:07:06.507,1.61333,1.61354,1.73,1.95
2013.01.14 01:07:11.140,1.61333,1.61352,1.73,1.20
2013.01.14 01:07:11.359,1.61333,1.61352,1.73,1.20
2013.01.14 01:07:15.428,1.61333,1.61352,1.73,1.20
2013.01.14 01:07:18.797,1.61333,1.61352,1.73,1.20
2013.01.14 01:07:19.337,1.61334,1.61354,1.05,1.88
2013.01.14 01:07:19.916,1.61333,1.61354,1.73,1.88
2013.01.14 01:07:20.448,1.61334,1.61354,1.73,1.13
2013.01.14 01:07:21.886,1.61334,1.61356,2.48,1.13
2013.01.14 01:07:23.008,1.61335,1.61353,1.73,1.13
2013.01.14 01:07:23.546,1.61335,1.61356,1.73,1.50
2013.01.14 01:07:25.067,1.61334,1.61358,2.55,2.25
2013.01.14 01:07:25.557,1.61335,1.61358,1.80,2.25
2013.01.14 01:07:28.357,1.61335,1.61358,2.18,2.25
2013.01.14 01:07:33.277,1.6134,1.61361,2.25,1.50
2013.01.14 01:07:33.637,1.6134,1.61361,2.25,1.50
2013.01.14 01:07:35.887,1.6134,1.61361,2.25,1.50
2013.01.14 01:07:41.119,1.61342,1.61362,1.73,1.13
2013.01.14 01:07:41.537,1.61345,1.61364,1.73,1.50
2013.01.14 01:07:42.858,1.61348,1.61368,1.50,2.63
2013.01.14 01:07:49.647,1.61348,1.61368,1.50,2.25
2013.01.14 01:08:09.132,1.61349,1.61368,1.50,1.50
2013.01.14 01:08:09.688,1.61353,1.61373,1.73,1.95
2013.01.14 01:08:10.048,1.61349,1.61368,1.73,1.50
2013.01.14 01:08:10.107,1.61349,1.61368,1.50,1.50
2013.01.14 01:08:10.527,1.6135,1.6137,1.73,1.73
2013.01.14 01:08:11.138,1.61349,1.61366,1.50,1.98
2013.01.14 01:08:12.497,1.61349,1.61366,2.25,1.98
2013.01.14 01:08:13.778,1.61349,1.61366,2.25,1.98
2013.01.14 01:08:14.018,1.61349,1.61366,2.48,1.98
2013.01.14 01:08:35.010,1.61349,1.61366,1.73,1.98
2013.01.14 01:08:35.249,1.61349,1.61366,1.50,1.98
2013.01.14 01:08:39.058,1.6135,1.61366,1.50,1.98
2013.01.14 01:08:42.219,1.6135,1.61366,1.50,1.98
2013.01.14 01:08:42.938,1.61354,1.61371,1.50,1.73
2013.01.14 01:08:43.300,1.61354,1.61372,1.73,1.95
2013.01.14 01:08:43.847,1.61349,1.61366,1.50,1.98
2013.01.14 01:08:44.402,1.61349,1.61366,1.50,1.98
2013.01.14 01:08:45.827,1.61349,1.61366,2.25,1.98
2013.01.14 01:08:54.208,1.61352,1.61366,1.50,2.13
2013.01.14 01:08:54.561,1.61352,1.61366,1.50,2.21
2013.01.14 01:09:00.558,1.61352,1.61366,1.50,1.46
2013.01.14 01:09:00.738,1.61351,1.61369,1.73,1.05
2013.01.14 01:09:00.857,1.61353,1.61371,1.73,1.73
2013.01.14 01:09:00.917,1.61352,1.61368,1.73,1.50
2013.01.14 01:09:00.978,1.61352,1.61366,1.50,1.98
2013.01.14 01:09:01.527,1.6135,1.61366,2.25,1.98
2013.01.14 01:09:10.447,1.6135,1.61371,2.48,1.73
2013.01.14 01:09:24.017,1.61352,1.61372,1.73,1.43
2013.01.14 01:09:24.518,1.61353,1.61372,2.48,1.20
2013.01.14 01:09:24.877,1.61356,1.61376,1.50,3.93
2013.01.14 01:09:25.117,1.61356,1.61376,1.50,2.73
2013.01.14 01:09:25.478,1.61356,1.61376,1.73,2.73
2013.01.14 01:09:26.018,1.61361,1.6138,1.50,1.73
2013.01.14 01:09:26.568,1.61361,1.6138,1.50,1.50
2013.01.14 01:09:28.489,1.61359,1.61376,2.25,1.50
2013.01.14 01:09:34.600,1.61359,1.61376,1.50,1.50
2013.01.14 01:09:35.178,1.61356,1.61376,2.25,1.50
2013.01.14 01:09:36.001,1.61356,1.61376,2.25,1.50
2013.01.14 01:09:36.127,1.61357,1.61376,1.50,1.50
2013.01.14 01:09:36.728,1.61357,1.61374,1.50,1.35
2013.01.14 01:09:39.347,1.61356,1.61374,2.25,1.35
2013.01.14 01:09:47.827,1.61356,1.61374,2.25,1.13
2013.01.14 01:09:48.007,1.61358,1.61376,1.50,1.50
2013.01.14 01:09:52.795,1.61359,1.61376,1.50,1.50
2013.01.14 01:09:53.109,1.61359,1.6138,1.73,3.98
2013.01.14 01:09:53.468,1.61358,1.61376,2.48,2.73
2013.01.14 01:09:53.598,1.61358,1.61376,2.25,2.73
2013.01.14 01:10:00.387,1.61357,1.61376,1.50,2.73
2013.01.14 01:10:04.218,1.61357,1.61376,1.50,2.73
2013.01.14 01:10:06.190,1.61357,1.61373,1.50,1.20
2013.01.14 01:10:06.368,1.61356,1.61373,2.25,1.58
2013.01.14 01:10:06.888,1.61357,1.61373,1.50,1.58
2013.01.14 01:10:07.429,1.61356,1.61373,1.50,1.58
2013.01.14 01:10:10.088,1.61354,1.61372,2.48,2.18
2013.01.14 01:10:10.392,1.61354,1.61372,2.48,2.18
2013.01.14 01:10:10.879,1.61354,1.61372,2.48,2.18
2013.01.14 01:10:14.588,1.61356,1.61372,1.50,2.18
2013.01.14 01:10:19.628,1.61354,1.61372,2.18,1.43
2013.01.14 01:10:22.137,1.61355,1.61372,1.58,1.43
2013.01.14 01:10:22.740,1.61354,1.61372,2.18,1.43
2013.01.14 01:10:33.358,1.61354,1.61372,2.18,2.18
2013.01.14 01:10:34.377,1.61354,1.61372,2.18,2.18
2013.01.14 01:10:34.939,1.61356,1.61372,2.10,1.73
2013.01.14 01:10:42.981,1.61356,1.61372,1.50,1.73
2013.01.14 01:10:49.808,1.61356,1.61372,2.25,1.73
2013.01.14 01:10:50.048,1.61356,1.61375,2.48,1.73
2013.01.14 01:10:57.724,1.61358,1.61375,1.73,1.73
2013.01.14 01:11:01.910,1.61358,1.61375,2.48,1.73
2013.01.14 01:11:02.527,1.61358,1.61375,2.48,1.73
2013.01.14 01:11:02.928,1.61358,1.61375,2.48,1.73
2013.01.14 01:11:22.828,1.61358,1.61376,2.48,1.73
2013.01.14 01:11:23.129,1.61365,1.61382,1.13,1.13
2013.01.14 01:11:23.428,1.61367,1.61387,1.73,1.73
2013.01.14 01:11:28.049,1.61367,1.61389,3.98,3.98
2013.01.14 01:11:29.529,1.61367,1.61389,3.98,2.48
2013.01.14 01:11:32.998,1.6137,1.61391,1.73,3.23
2013.01.14 01:11:33.301,1.6137,1.61391,1.73,2.07
2013.01.14 01:11:33.367,1.6137,1.61391,1.73,1.73
2013.01.14 01:11:33.928,1.6137,1.61392,1.73,2.18
2013.01.14 01:11:34.911,1.6137,1.61392,1.73,2.18
2013.01.14 01:11:35.457,1.6137,1.61392,1.73,2.18
2013.01.14 01:11:36.827,1.6137,1.61392,1.73,2.18
2013.01.14 01:11:40.778,1.61372,1.61392,1.73,2.18
2013.01.14 01:11:42.310,1.61372,1.61392,1.73,2.18
2013.01.14 01:11:43.195,1.61372,1.61391,1.73,3.23
2013.01.14 01:11:43.771,1.61372,1.61392,1.73,2.18
2013.01.14 01:11:47.328,1.61372,1.61392,1.73,2.18
2013.01.14 01:11:50.002,1.61372,1.61392,1.73,2.18
2013.01.14 01:11:52.100,1.61372,1.61392,1.73,2.18
2013.01.14 01:11:54.537,1.61371,1.61392,1.73,3.68
2013.01.14 01:11:55.687,1.61371,1.61392,1.73,3.68
2013.01.14 01:11:56.998,1.61371,1.61392,1.73,3.68
2013.01.14 01:11:59.149,1.61372,1.61392,1.73,2.93
2013.01.14 01:12:05.208,1.61372,1.61392,1.73,2.93
2013.01.14 01:12:08.849,1.61372,1.61392,1.73,2.93
2013.01.14 01:12:10.577,1.61372,1.61392,1.73,2.18
2013.01.14 01:12:11.988,1.61372,1.61392,1.73,2.18
2013.01.14 01:12:12.458,1.61372,1.61392,1.73,2.18
2013.01.14 01:12:13.122,1.61372,1.61392,1.73,2.18
2013.01.14 01:12:13.678,1.61376,1.61394,1.73,1.73
2013.01.14 01:12:13.993,1.61377,1.61394,1.20,1.73
2013.01.14 01:12:14.070,1.61376,1.61396,1.95,2.73
2013.01.14 01:12:14.660,1.61376,1.61396,1.50,2.73
2013.01.14 01:12:15.289,1.61376,1.61396,1.50,2.73
2013.01.14 01:12:15.828,1.61376,1.61396,1.50,2.73
2013.01.14 01:12:19.669,1.61376,1.61396,1.50,2.73
2013.01.14 01:12:23.049,1.61376,1.61396,1.50,2.73
2013.01.14 01:12:23.710,1.61376,1.61396,1.73,1.50
2013.01.14 01:12:24.437,1.61375,1.61396,1.80,2.25
2013.01.14 01:12:25.458,1.61375,1.61396,1.50,2.25
2013.01.14 01:12:30.258,1.61375,1.61395,1.50,1.50
2013.01.14 01:12:38.857,1.61373,1.61394,1.73,1.50
2013.01.14 01:12:40.478,1.61373,1.61394,2.10,1.50
2013.01.14 01:12:42.168,1.61376,1.61395,1.50,1.50
2013.01.14 01:12:42.489,1.61376,1.61395,1.50,1.50
2013.01.14 01:12:43.678,1.61376,1.61393,1.50,1.58
2013.01.14 01:12:43.980,1.61375,1.6139,1.50,1.35
2013.01.14 01:12:44.398,1.61371,1.61386,1.50,1.73
2013.01.14 01:12:44.819,1.61369,1.61386,1.50,1.98
2013.01.14 01:12:46.607,1.61366,1.61386,6.45,1.98
2013.01.14 01:12:46.908,1.61369,1.61386,1.50,1.98
2013.01.14 01:12:51.538,1.61369,1.61386,2.25,1.98
2013.01.14 01:12:54.559,1.61369,1.61386,2.25,1.98
2013.01.14 01:12:55.961,1.61369,1.61386,2.25,1.98
2013.01.14 01:12:56.859,1.61369,1.61385,2.25,1.35
2013.01.14 01:12:57.409,1.61369,1.61386,1.50,2.21
2013.01.14 01:13:00.951,1.61368,1.61383,1.50,1.25
2013.01.14 01:13:01.558,1.61368,1.61386,1.50,2.96
2013.01.14 01:13:04.652,1.61368,1.61384,1.50,1.73
2013.01.14 01:13:06.242,1.61368,1.61386,1.28,5.21
2013.01.14 01:13:07.810,1.61367,1.61384,1.05,1.88
2013.01.14 01:13:08.059,1.61366,1.6138,1.49,1.73
2013.01.14 01:13:08.178,1.61361,1.61378,1.73,1.73
2013.01.14 01:13:08.361,1.61358,1.61377,3.98,1.35
2013.01.14 01:13:08.725,1.61355,1.61374,1.50,3.24
2013.01.14 01:13:09.557,1.61352,1.61372,2.48,2.18
2013.01.14 01:13:10.038,1.61352,1.61373,1.73,1.73
2013.01.14 01:13:10.637,1.61352,1.61373,1.73,1.50
2013.01.14 01:13:10.999,1.61354,1.61373,1.13,1.50
2013.01.14 01:13:11.749,1.61354,1.61373,2.25,1.50
2013.01.14 01:13:12.107,1.61355,1.61375,1.50,1.35
2013.01.14 01:13:12.648,1.61355,1.61375,1.50,1.35
2013.01.14 01:13:12.989,1.61355,1.61374,1.50,1.61
2013.01.14 01:13:14.737,1.61355,1.61374,1.50,1.61
2013.01.14 01:13:15.091,1.61355,1.61374,1.50,1.22
2013.01.14 01:13:16.100,1.61355,1.61376,1.50,2.43
2013.01.14 01:13:17.298,1.61355,1.61374,1.50,1.15
2013.01.14 01:13:17.887,1.61355,1.61376,1.50,2.21
2013.01.14 01:13:18.558,1.61355,1.61376,1.50,2.21
2013.01.14 01:13:19.184,1.61355,1.61376,1.50,2.21
2013.01.14 01:13:20.160,1.61355,1.61376,1.50,2.21
2013.01.14 01:13:20.718,1.61355,1.61376,1.50,2.21
2013.01.14 01:13:22.139,1.61355,1.61376,1.50,2.21
2013.01.14 01:13:22.499,1.61355,1.61376,1.50,2.21
2013.01.14 01:13:23.038,1.61354,1.61376,2.85,1.98
2013.01.14 01:13:23.589,1.61354,1.61376,3.30,1.98
2013.01.14 01:13:23.953,1.61354,1.61376,3.30,1.98
2013.01.14 01:13:24.419,1.61354,1.61376,3.30,1.98
2013.01.14 01:13:24.958,1.61359,1.61376,1.50,1.98
2013.01.14 01:13:25.259,1.61361,1.61381,2.48,1.73
2013.01.14 01:13:29.028,1.61361,1.61382,3.23,1.43
2013.01.14 01:13:29.509,1.61361,1.61381,3.23,1.50
2013.01.14 01:13:30.177,1.61361,1.61381,2.48,3.00
2013.01.14 01:13:30.898,1.61359,1.61377,3.23,1.50
2013.01.14 01:13:33.117,1.61359,1.61377,1.73,2.48
2013.01.14 01:13:41.639,1.61359,1.61375,1.73,1.50
2013.01.14 01:13:41.698,1.61359,1.61375,1.73,1.73
2013.01.14 01:13:41.818,1.61359,1.61375,1.73,1.50
2013.01.14 01:13:42.391,1.61359,1.61375,1.73,1.50
2013.01.14 01:13:43.947,1.61359,1.61375,1.73,1.50
2013.01.14 01:13:47.817,1.61359,1.61377,1.73,1.73
2013.01.14 01:13:52.558,1.61359,1.61377,2.48,1.73
2013.01.14 01:13:56.228,1.61359,1.61377,2.48,1.73
2013.01.14 01:14:06.169,1.61359,1.61378,2.48,1.73
2013.01.14 01:14:06.288,1.61359,1.61377,2.48,1.73
2013.01.14 01:14:08.838,1.61359,1.61375,1.35,1.73
2013.01.14 01:14:09.078,1.61359,1.61375,2.33,1.73
2013.01.14 01:14:11.219,1.61359,1.61379,2.10,3.23
2013.01.14 01:14:11.580,1.61359,1.61378,2.10,1.73
2013.01.14 01:14:12.008,1.61359,1.61375,2.10,1.73
2013.01.14 01:14:12.069,1.61359,1.61373,1.88,1.73
2013.01.14 01:14:12.311,1.61356,1.61373,1.39,2.48
2013.01.14 01:14:12.681,1.61354,1.61369,1.46,1.73
2013.01.14 01:14:13.227,1.61347,1.61366,1.61,1.98
2013.01.14 01:14:13.291,1.61346,1.61366,1.73,4.46
2013.01.14 01:14:13.419,1.61344,1.61366,2.70,4.46
2013.01.14 01:14:16.829,1.61344,1.61366,2.70,4.46
2013.01.14 01:14:17.068,1.61344,1.61366,2.70,4.46
2013.01.14 01:14:20.490,1.61344,1.61366,2.70,2.21
2013.01.14 01:14:20.908,1.61345,1.61366,1.13,1.98
2013.01.14 01:14:21.614,1.61345,1.61366,1.50,1.23
2013.01.14 01:14:22.119,1.61347,1.61367,1.50,1.50
2013.01.14 01:14:22.711,1.61347,1.6137,2.25,1.50
2013.01.14 01:14:23.019,1.61347,1.61368,2.25,1.35
2013.01.14 01:14:23.497,1.61344,1.61366,3.45,1.73
2013.01.14 01:14:24.048,1.61344,1.61366,3.45,1.73
2013.01.14 01:14:26.228,1.61345,1.61366,1.05,1.73
2013.01.14 01:14:26.828,1.61344,1.61366,2.70,1.73
2013.01.14 01:14:30.027,1.61344,1.61366,2.70,1.73
2013.01.14 01:14:30.710,1.61344,1.61365,2.70,1.50
2013.01.14 01:14:30.829,1.61344,1.61366,2.70,1.73
2013.01.14 01:14:31.011,1.61344,1.61366,2.70,1.73
2013.01.14 01:14:31.558,1.61344,1.61368,2.70,1.73
2013.01.14 01:14:32.087,1.61344,1.61368,2.70,1.73
2013.01.14 01:14:32.618,1.61344,1.61363,2.70,1.50
2013.01.14 01:14:32.978,1.6135,1.61368,1.35,1.73
2013.01.14 01:14:33.038,1.6135,1.61366,1.13,1.73
2013.01.14 01:14:33.217,1.61354,1.61366,1.98,1.73
2013.01.14 01:14:33.578,1.61359,1.61371,2.25,2.48
2013.01.14 01:14:33.758,1.61358,1.61375,1.50,1.47
2013.01.14 01:14:33.938,1.61359,1.61376,1.73,2.21
2013.01.14 01:14:34.059,1.61358,1.61376,1.50,2.70
2013.01.14 01:14:34.358,1.61357,1.61376,1.50,2.70
2013.01.14 01:14:34.539,1.61351,1.61373,3.23,1.73
2013.01.14 01:14:35.768,1.61351,1.61366,1.73,1.50
2013.01.14 01:14:36.008,1.61349,1.61363,3.00,1.28
2013.01.14 01:14:36.248,1.61344,1.61363,1.13,1.88
2013.01.14 01:14:36.787,1.61345,1.61365,1.43,1.35
2013.01.14 01:14:36.908,1.61345,1.61365,2.25,1.35
2013.01.14 01:14:37.448,1.61345,1.61369,2.63,1.73
2013.01.14 01:14:40.639,1.61345,1.61369,2.63,3.23
2013.01.14 01:14:45.591,1.61345,1.61369,2.48,3.23
2013.01.14 01:14:45.958,1.61349,1.61369,1.50,1.73
2013.01.14 01:14:46.317,1.61349,1.61369,1.73,1.73
2013.01.14 01:14:49.307,1.61349,1.6137,1.73,1.73
2013.01.14 01:14:49.728,1.61349,1.6137,1.73,1.73
2013.01.14 01:14:50.407,1.61349,1.6137,1.73,1.73
2013.01.14 01:14:50.467,1.61349,1.6137,1.73,1.73
2013.01.14 01:14:50.887,1.61351,1.61374,3.23,1.50
2013.01.14 01:14:51.627,1.61355,1.61375,1.13,1.13
2013.01.14 01:14:51.688,1.61355,1.61375,1.05,1.13
2013.01.14 01:14:52.388,1.61354,1.61376,2.03,2.73
2013.01.14 01:14:53.188,1.61354,1.61376,1.73,2.73
2013.01.14 01:14:53.847,1.61351,1.61372,2.48,1.58
2013.01.14 01:14:55.078,1.61351,1.61372,2.48,1.50
2013.01.14 01:14:55.198,1.61352,1.61374,1.73,1.50
2013.01.14 01:14:57.777,1.61354,1.61376,1.35,2.73
2013.01.14 01:15:00.271,1.61354,1.61376,1.80,2.73
2013.01.14 01:15:00.702,1.61365,1.61383,1.43,2.10
2013.01.14 01:15:00.776,1.61365,1.61386,1.20,2.63
2013.01.14 01:15:01.309,1.61365,1.61386,1.13,2.63
2013.01.14 01:15:01.859,1.61364,1.61386,1.43,2.25
2013.01.14 01:15:02.819,1.61364,1.61386,1.35,2.25
2013.01.14 01:15:03.057,1.61364,1.61386,1.35,2.25
2013.01.14 01:15:07.729,1.61364,1.61383,1.35,2.25
2013.01.14 01:15:08.278,1.61364,1.61383,1.35,2.25
2013.01.14 01:15:08.889,1.61364,1.61383,1.35,2.25
2013.01.14 01:15:11.058,1.61364,1.61383,1.35,1.50
2013.01.14 01:15:11.635,1.61361,1.61384,2.48,1.50
2013.01.14 01:15:12.221,1.61361,1.61385,2.93,2.25
2013.01.14 01:15:12.759,1.61361,1.61384,2.48,1.50
2013.01.14 01:15:13.308,1.61361,1.61384,2.48,1.50
2013.01.14 01:15:13.870,1.61361,1.61385,2.48,2.25
2013.01.14 01:15:15.211,1.61364,1.61385,1.73,3.00
2013.01.14 01:15:15.840,1.61364,1.61385,1.73,2.25
2013.01.14 01:15:20.448,1.61362,1.61387,1.35,2.25
2013.01.14 01:15:20.568,1.61362,1.61386,1.35,1.50
2013.01.14 01:15:21.618,1.61361,1.61386,2.48,1.50
2013.01.14 01:15:25.898,1.61366,1.61389,1.50,2.10
2013.01.14 01:15:25.958,1.61366,1.61389,1.50,2.85
2013.01.14 01:15:26.497,1.61363,1.61386,1.88,1.98
2013.01.14 01:15:27.348,1.61363,1.61386,1.88,2.73
2013.01.14 01:15:30.890,1.61364,1.61386,1.73,1.98
2013.01.14 01:15:37.767,1.61364,1.61386,1.73,1.23
2013.01.14 01:15:38.769,1.61363,1.61386,2.48,1.98
2013.01.14 01:15:46.218,1.61365,1.61386,1.05,1.23
2013.01.14 01:15:46.769,1.61365,1.61386,1.13,2.73
2013.01.14 01:15:48.999,1.61365,1.61386,1.13,1.98
2013.01.14 01:15:53.858,1.61365,1.61386,1.13,1.98
2013.01.14 01:15:54.963,1.61365,1.61386,1.13,1.98
2013.01.14 01:15:55.518,1.61365,1.61386,1.13,1.98
2013.01.14 01:15:57.899,1.61366,1.61386,1.50,1.98
2013.01.14 01:16:03.760,1.61366,1.61386,1.50,1.98
2013.01.14 01:16:04.088,1.61364,1.61385,1.50,1.73
2013.01.14 01:16:08.979,1.61366,1.61383,1.50,1.73
2013.01.14 01:16:09.039,1.61366,1.61386,1.73,1.35
2013.01.14 01:16:28.357,1.61368,1.61388,1.73,1.35
2013.01.14 01:16:35.877,1.61368,1.61388,1.73,1.35
2013.01.14 01:16:42.909,1.61368,1.61389,1.73,1.73
2013.01.14 01:16:50.709,1.61369,1.6139,3.23,1.73
2013.01.14 01:16:51.037,1.61369,1.6139,3.23,1.73
2013.01.14 01:16:52.978,1.61369,1.6139,3.23,1.73
2013.01.14 01:16:53.528,1.61369,1.61391,2.48,1.73
2013.01.14 01:16:54.068,1.61369,1.61391,2.48,1.73
2013.01.14 01:16:54.592,1.61369,1.6139,2.48,1.73
2013.01.14 01:16:55.118,1.61369,1.61391,2.48,2.48
2013.01.14 01:16:55.241,1.61369,1.61391,2.48,2.48
2013.01.14 01:16:55.493,1.61369,1.61391,2.48,2.48
2013.01.14 01:16:57.419,1.61369,1.61386,2.48,1.35
2013.01.14 01:17:00.818,1.61369,1.61386,2.48,1.35
2013.01.14 01:17:01.359,1.61369,1.61386,2.48,1.35
2013.01.14 01:17:02.093,1.61369,1.61386,2.48,1.35
2013.01.14 01:17:04.648,1.61369,1.61387,2.48,1.35
2013.01.14 01:17:04.708,1.61369,1.61387,2.48,1.35
2013.01.14 01:17:05.227,1.61369,1.61391,2.48,2.10
2013.01.14 01:17:08.858,1.61373,1.61391,1.73,1.35
2013.01.14 01:17:11.687,1.61371,1.61392,1.73,1.43
2013.01.14 01:17:12.227,1.61371,1.61392,1.73,1.43
2013.01.14 01:17:14.778,1.61371,1.61392,3.23,2.18
2013.01.14 01:17:16.081,1.61371,1.61392,3.23,2.18
2013.01.14 01:17:16.648,1.61373,1.61394,1.73,3.23
2013.01.14 01:17:20.388,1.61373,1.61394,3.23,2.48
2013.01.14 01:17:21.030,1.61371,1.61393,2.48,3.23
2013.01.14 01:17:21.739,1.61375,1.61394,1.73,1.73
2013.01.14 01:17:32.338,1.61371,1.61393,4.28,1.73
2013.01.14 01:17:32.638,1.61371,1.61392,2.48,1.73
2013.01.14 01:17:34.196,1.61371,1.61392,2.48,1.73
2013.01.14 01:17:36.668,1.61371,1.61392,2.48,2.10
2013.01.14 01:17:36.730,1.61371,1.61392,2.48,2.10
2013.01.14 01:17:46.151,1.6137,1.61391,1.73,1.73
2013.01.14 01:17:46.707,1.61371,1.61391,1.73,1.73
2013.01.14 01:17:47.148,1.61371,1.61392,1.73,1.73
2013.01.14 01:17:47.449,1.61374,1.61395,1.73,1.50
2013.01.14 01:17:48.008,1.61374,1.61395,1.73,1.50
2013.01.14 01:17:50.268,1.61374,1.61395,2.48,1.50
2013.01.14 01:17:51.042,1.61374,1.61395,2.48,1.50
2013.01.14 01:17:51.959,1.61374,1.61395,2.48,1.50
2013.01.14 01:18:01.417,1.61374,1.61393,1.50,1.50
2013.01.14 01:18:01.921,1.61374,1.61392,1.50,1.50
2013.01.14 01:18:04.667,1.61374,1.61395,2.25,1.73
2013.01.14 01:18:04.979,1.61374,1.6139,1.95,1.34
2013.01.14 01:18:05.100,1.61374,1.61394,1.95,1.13
2013.01.14 01:18:08.466,1.61374,1.61395,2.18,1.50
2013.01.14 01:18:10.489,1.61375,1.61395,4.80,1.50
2013.01.14 01:18:10.848,1.61379,1.61399,1.73,1.88
2013.01.14 01:18:16.308,1.61379,1.61399,1.73,1.05
2013.01.14 01:18:16.368,1.61379,1.614,1.73,3.23
2013.01.14 01:18:16.488,1.61379,1.614,1.73,3.23
2013.01.14 01:18:19.898,1.61379,1.614,1.73,2.48
2013.01.14 01:18:20.586,1.61379,1.61399,1.73,1.73
2013.01.14 01:18:21.241,1.61379,1.61399,1.73,1.73
2013.01.14 01:18:23.255,1.6138,1.61399,1.73,1.73
2013.01.14 01:18:24.193,1.6138,1.61398,1.73,1.05
2013.01.14 01:18:24.787,1.6138,1.61397,1.73,1.13
2013.01.14 01:18:25.303,1.6138,1.61398,1.73,1.13
2013.01.14 01:18:26.339,1.6138,1.61399,1.73,1.13
2013.01.14 01:18:31.448,1.6138,1.61399,1.73,1.13
2013.01.14 01:18:31.970,1.6138,1.614,2.48,1.13
2013.01.14 01:18:32.509,1.61385,1.614,1.05,1.13
2013.01.14 01:18:32.869,1.61385,1.614,1.88,1.13
2013.01.14 01:18:33.223,1.61385,1.61401,2.63,1.13
2013.01.14 01:18:33.309,1.61386,1.61405,2.48,1.73
2013.01.14 01:18:34.140,1.61386,1.61405,1.73,3.23
2013.01.14 01:18:34.258,1.61386,1.61405,1.73,2.48
2013.01.14 01:18:35.069,1.61387,1.61405,1.73,2.48
2013.01.14 01:18:36.688,1.61387,1.61405,1.73,2.48
2013.01.14 01:18:37.206,1.61387,1.61405,1.73,2.48
2013.01.14 01:18:38.600,1.61387,1.61405,1.73,3.23
2013.01.14 01:18:41.159,1.61387,1.61405,1.73,3.23
2013.01.14 01:18:41.698,1.6139,1.61405,1.73,3.23
2013.01.14 01:18:42.239,1.6139,1.61405,1.73,1.73
2013.01.14 01:18:42.748,1.6139,1.61405,1.73,2.48
2013.01.14 01:18:43.296,1.6139,1.61405,1.73,2.48
2013.01.14 01:18:44.158,1.6139,1.61405,1.73,1.73
2013.01.14 01:18:44.765,1.6139,1.61405,1.73,1.73
2013.01.14 01:18:45.278,1.6139,1.61405,1.73,2.48
2013.01.14 01:18:46.079,1.6139,1.61405,1.73,2.48
2013.01.14 01:18:54.535,1.61388,1.61405,2.25,2.48
2013.01.14 01:18:55.078,1.61388,1.61405,1.50,2.48
2013.01.14 01:18:55.138,1.61388,1.61405,1.73,2.48
2013.01.14 01:19:19.381,1.61389,1.61405,1.73,3.60
2013.01.14 01:19:19.928,1.61389,1.61405,1.73,2.85
2013.01.14 01:19:22.828,1.61389,1.61405,1.73,2.10
2013.01.14 01:19:23.508,1.61389,1.61405,1.73,2.10
2013.01.14 01:19:25.319,1.61389,1.61405,1.73,2.85
2013.01.14 01:19:25.858,1.61389,1.61404,1.73,1.73
2013.01.14 01:19:28.158,1.61389,1.61405,1.73,2.85
2013.01.14 01:19:29.471,1.61389,1.61404,1.73,1.73
2013.01.14 01:19:32.748,1.61389,1.61405,1.73,2.10
2013.01.14 01:19:33.228,1.61389,1.61405,1.73,2.10
2013.01.14 01:19:33.779,1.61389,1.61405,1.73,2.10
2013.01.14 01:19:34.408,1.61391,1.61405,1.35,1.73
2013.01.14 01:19:34.927,1.61391,1.61405,1.35,1.73
2013.01.14 01:19:35.468,1.61389,1.61405,1.43,1.73
2013.01.14 01:19:36.038,1.61389,1.61405,1.43,1.73
2013.01.14 01:19:43.089,1.61389,1.61405,1.43,2.85
2013.01.14 01:19:46.265,1.61389,1.61405,1.20,2.85
2013.01.14 01:19:47.269,1.61389,1.61405,1.20,2.85
2013.01.14 01:19:48.047,1.61389,1.61405,1.20,2.85
2013.01.14 01:19:48.800,1.61389,1.61405,1.20,2.85
2013.01.14 01:19:53.569,1.61387,1.61401,1.43,2.48
2013.01.14 01:19:53.629,1.61387,1.61401,1.35,2.85
2013.01.14 01:19:54.242,1.61384,1.61401,5.18,2.10
2013.01.14 01:19:54.788,1.61384,1.614,1.73,1.73
2013.01.14 01:19:56.298,1.61385,1.61401,1.80,1.35
2013.01.14 01:19:56.657,1.61389,1.61405,2.61,1.73
2013.01.14 01:19:57.048,1.61389,1.61405,2.84,1.50
2013.01.14 01:19:57.247,1.61389,1.61404,2.32,1.50
2013.01.14 01:19:57.937,1.61386,1.61404,1.35,1.58
2013.01.14 01:19:58.468,1.61386,1.61405,1.35,2.33
2013.01.14 01:19:58.528,1.61386,1.61405,1.35,2.33
2013.01.14 01:19:58.708,1.61386,1.61404,1.35,1.58
2013.01.14 01:19:59.530,1.61386,1.61404,1.35,1.73
2013.01.14 01:20:05.939,1.61386,1.61405,1.35,3.23
2013.01.14 01:20:06.523,1.61386,1.61404,1.35,1.73
2013.01.14 01:20:13.509,1.61388,1.61405,1.35,2.48
2013.01.14 01:20:14.051,1.61388,1.61404,1.35,1.73
2013.01.14 01:20:17.275,1.61385,1.61405,2.63,2.48
2013.01.14 01:20:23.819,1.61386,1.61404,1.73,1.73
2013.01.14 01:20:25.249,1.61386,1.61405,1.73,1.73
2013.01.14 01:20:25.308,1.61386,1.61404,1.73,1.73
2013.01.14 01:20:25.848,1.61386,1.61404,1.73,1.73
2013.01.14 01:20:29.498,1.61385,1.61404,3.00,1.73
2013.01.14 01:20:29.679,1.61385,1.61405,3.08,2.48
2013.01.14 01:20:29.988,1.61386,1.61404,1.95,1.73
2013.01.14 01:20:30.589,1.61385,1.61404,1.73,2.48
2013.01.14 01:20:30.768,1.61385,1.61404,1.73,1.73
2013.01.14 01:20:31.280,1.61385,1.61404,1.73,2.48
2013.01.14 01:20:31.890,1.61385,1.61404,1.73,2.48
2013.01.14 01:20:38.848,1.61386,1.61405,1.73,1.73
2013.01.14 01:20:39.158,1.61385,1.61404,1.73,1.73
2013.01.14 01:20:50.100,1.61385,1.61404,1.43,2.48
2013.01.14 01:20:50.400,1.61385,1.61404,1.43,1.50
2013.01.14 01:20:50.758,1.61385,1.61405,1.35,1.73
2013.01.14 01:20:50.886,1.61385,1.61403,1.35,1.73
2013.01.14 01:20:51.138,1.61385,1.61403,1.35,1.73
2013.01.14 01:21:00.145,1.61385,1.61405,1.35,2.48
2013.01.14 01:21:00.904,1.61385,1.61405,1.35,2.48
2013.01.14 01:21:08.319,1.61385,1.61404,1.35,1.73
2013.01.14 01:21:08.858,1.61385,1.61405,1.43,1.73
2013.01.14 01:21:09.087,1.61385,1.61405,1.43,1.73
2013.01.14 01:21:15.570,1.61385,1.61405,1.43,1.73
2013.01.14 01:21:19.098,1.61385,1.61405,1.35,1.73
2013.01.14 01:21:26.348,1.61385,1.61406,1.35,3.23
2013.01.14 01:21:26.874,1.61385,1.61406,1.35,3.23
2013.01.14 01:21:40.927,1.61385,1.61404,1.35,1.73
2013.01.14 01:21:51.669,1.61385,1.61406,1.43,3.23
2013.01.14 01:21:52.207,1.61385,1.61406,1.43,2.48
2013.01.14 01:21:53.123,1.61385,1.61406,1.43,2.48
2013.01.14 01:21:53.667,1.61385,1.61406,1.43,2.48
2013.01.14 01:22:00.478,1.61385,1.61406,1.43,1.73
2013.01.14 01:22:04.074,1.61385,1.61406,1.43,1.73
2013.01.14 01:22:07.378,1.61385,1.61407,1.43,1.73
2013.01.14 01:22:07.558,1.61385,1.61407,2.08,1.73
2013.01.14 01:22:12.698,1.61385,1.61406,2.18,1.73
2013.01.14 01:22:16.687,1.61385,1.61407,2.18,1.73
2013.01.14 01:22:17.047,1.61388,1.61408,1.73,2.48
2013.01.14 01:22:17.107,1.61388,1.61406,1.73,1.73
2013.01.14 01:22:17.288,1.61385,1.61408,2.93,1.73
2013.01.14 01:22:17.838,1.61385,1.61408,2.18,3.23
2013.01.14 01:22:18.579,1.61385,1.61407,2.18,1.73
2013.01.14 01:22:21.218,1.61385,1.61406,2.10,1.73
2013.01.14 01:22:23.509,1.61385,1.61406,2.55,1.73
2013.01.14 01:22:29.918,1.61385,1.61406,2.55,1.73
2013.01.14 01:22:30.038,1.61391,1.61406,1.50,1.50
2013.01.14 01:22:30.097,1.61391,1.61407,1.50,1.50
2013.01.14 01:22:30.398,1.61386,1.61406,1.73,1.73
2013.01.14 01:22:30.637,1.61385,1.61406,2.63,1.73
2013.01.14 01:22:33.578,1.61385,1.61402,2.63,1.65
2013.01.14 01:22:33.638,1.61385,1.61406,1.80,1.73
2013.01.14 01:22:34.117,1.61385,1.61406,1.80,1.73
2013.01.14 01:22:34.177,1.61385,1.61406,1.80,1.73
2013.01.14 01:22:34.808,1.61385,1.61406,1.80,1.73
2013.01.14 01:22:35.117,1.61385,1.61406,1.80,1.73
2013.01.14 01:22:35.765,1.61385,1.61406,1.80,1.73
2013.01.14 01:22:36.308,1.61385,1.61406,1.80,1.73
2013.01.14 01:22:36.489,1.61385,1.61406,2.10,1.50
2013.01.14 01:22:37.189,1.61385,1.61406,1.35,1.50
2013.01.14 01:22:37.413,1.61385,1.61406,1.43,1.73
2013.01.14 01:22:37.968,1.61385,1.61406,1.35,1.73
2013.01.14 01:22:44.047,1.61385,1.61406,1.35,1.73
2013.01.14 01:22:45.278,1.61385,1.61406,1.35,1.73
2013.01.14 01:22:45.819,1.61385,1.61406,1.43,1.73
2013.01.14 01:22:46.858,1.61385,1.61406,1.35,1.73
2013.01.14 01:22:47.426,1.61385,1.61406,1.35,1.73
2013.01.14 01:22:58.699,1.61385,1.61406,1.43,1.73
2013.01.14 01:23:00.338,1.61385,1.61406,1.43,1.73
2013.01.14 01:23:00.668,1.61385,1.61406,1.79,1.73
2013.01.14 01:23:01.260,1.61385,1.61406,1.79,1.73
2013.01.14 01:23:01.440,1.61385,1.61406,1.43,1.73
2013.01.14 01:23:07.608,1.61385,1.61406,2.18,1.73
2013.01.14 01:23:10.946,1.61385,1.61406,4.08,1.73
2013.01.14 01:23:11.550,1.61385,1.61406,4.08,1.73
2013.01.14 01:23:12.123,1.61385,1.61406,4.08,1.73
2013.01.14 01:23:12.308,1.61389,1.61406,1.50,1.50
2013.01.14 01:23:14.469,1.61389,1.61406,1.73,1.73
2013.01.14 01:23:15.388,1.61385,1.61406,1.80,1.73
2013.01.14 01:23:17.128,1.61385,1.61406,1.05,1.73
2013.01.14 01:23:17.489,1.61385,1.61406,1.05,2.48
2013.01.14 01:23:21.828,1.61385,1.61406,1.05,1.73
2013.01.14 01:23:23.868,1.61384,1.61405,1.80,1.35
2013.01.14 01:23:27.978,1.61384,1.61404,1.73,1.13
2013.01.14 01:23:29.679,1.61384,1.61401,1.73,1.50
2013.01.14 01:23:30.098,1.61384,1.61403,1.73,1.13
2013.01.14 01:23:31.469,1.61384,1.61404,1.73,1.13
2013.01.14 01:23:34.279,1.61387,1.61405,1.73,1.50
2013.01.14 01:23:34.458,1.61387,1.61405,1.73,1.28
2013.01.14 01:23:34.999,1.61387,1.61405,1.73,1.13
2013.01.14 01:23:36.458,1.61386,1.61405,1.50,1.13
2013.01.14 01:23:36.520,1.61384,1.61405,3.98,1.35
2013.01.14 01:23:41.528,1.61384,1.61405,2.48,1.35
2013.01.14 01:23:45.808,1.61385,1.61405,1.05,1.13
2013.01.14 01:23:45.989,1.61385,1.61405,1.55,1.13
2013.01.14 01:23:46.109,1.61384,1.61405,1.80,1.35
2013.01.14 01:23:46.648,1.61384,1.61404,1.73,2.48
2013.01.14 01:23:47.168,1.61384,1.61406,1.73,1.73
2013.01.14 01:23:58.128,1.61384,1.61404,1.73,1.73
2013.01.14 01:23:59.709,1.61384,1.61404,1.73,1.73
2013.01.14 01:24:04.129,1.61384,1.61404,1.73,1.73
2013.01.14 01:24:06.378,1.61384,1.61404,1.73,1.73
2013.01.14 01:24:07.240,1.61384,1.61404,1.73,1.73
2013.01.14 01:24:09.228,1.61384,1.61404,1.73,1.73
2013.01.14 01:24:14.041,1.61384,1.61402,1.73,1.50
2013.01.14 01:24:21.679,1.61385,1.61403,1.05,1.73
2013.01.14 01:24:22.324,1.61384,1.61404,1.73,2.48
2013.01.14 01:24:24.457,1.61385,1.61406,2.55,1.73
2013.01.14 01:24:25.208,1.61385,1.61406,2.55,1.73
2013.01.14 01:24:27.102,1.61385,1.61406,2.55,1.73
2013.01.14 01:24:31.219,1.61385,1.61403,3.30,1.73
2013.01.14 01:24:31.538,1.61385,1.614,2.55,1.50
2013.01.14 01:24:31.839,1.61384,1.61395,1.28,1.50
2013.01.14 01:24:34.769,1.61383,1.61396,1.05,1.50
2013.01.14 01:24:36.679,1.61383,1.61397,1.05,1.50
2013.01.14 01:24:43.479,1.61382,1.614,1.52,1.13
2013.01.14 01:24:43.599,1.6138,1.61399,1.35,1.73
2013.01.14 01:24:46.267,1.61378,1.61399,1.73,1.73
2013.01.14 01:24:51.550,1.61378,1.614,1.73,2.10
2013.01.14 01:24:51.669,1.61383,1.614,1.20,1.13
2013.01.14 01:24:52.218,1.61383,1.614,1.20,1.13
2013.01.14 01:24:53.988,1.61383,1.614,1.20,1.50
2013.01.14 01:24:54.109,1.6138,1.614,1.35,1.73
2013.01.14 01:24:57.549,1.61378,1.61397,1.73,1.50
2013.01.14 01:24:57.908,1.61378,1.61396,1.73,1.73
2013.01.14 01:24:59.228,1.61378,1.61398,1.73,2.48
2013.01.14 01:25:01.098,1.61378,1.61399,1.73,2.10
2013.01.14 01:25:02.918,1.61378,1.61398,1.73,1.13
2013.01.14 01:25:03.474,1.61376,1.61396,2.10,1.23
2013.01.14 01:25:15.319,1.61382,1.61396,1.41,1.23
2013.01.14 01:25:15.438,1.61382,1.614,1.41,1.88
2013.01.14 01:25:21.889,1.61382,1.61401,1.41,1.50
2013.01.14 01:25:21.949,1.6138,1.61402,1.34,1.80
2013.01.14 01:25:22.068,1.61379,1.61402,3.60,1.05
2013.01.14 01:25:22.612,1.61379,1.61402,2.48,1.80
2013.01.14 01:25:25.610,1.61381,1.61402,1.73,1.80
2013.01.14 01:25:25.801,1.61381,1.61402,1.73,1.05
2013.01.14 01:25:25.981,1.61383,1.61402,1.73,1.05
2013.01.14 01:25:26.409,1.61383,1.61402,1.73,1.05
2013.01.14 01:25:27.829,1.61383,1.61402,1.73,1.80
2013.01.14 01:25:28.370,1.61383,1.61402,1.73,1.80
2013.01.14 01:25:31.188,1.61383,1.61401,1.73,1.73
2013.01.14 01:25:32.349,1.61383,1.61402,2.10,1.05
2013.01.14 01:25:32.470,1.61383,1.61402,2.10,1.80
2013.01.14 01:25:32.591,1.61383,1.61402,2.10,1.80
2013.01.14 01:25:33.939,1.61383,1.61401,2.10,1.50
2013.01.14 01:25:34.379,1.61383,1.61401,2.10,1.65
2013.01.14 01:25:35.250,1.61391,1.61403,1.50,1.65
2013.01.14 01:25:35.789,1.61387,1.61406,1.73,2.88
2013.01.14 01:25:36.699,1.61386,1.61406,1.73,2.88
2013.01.14 01:25:36.760,1.61386,1.61406,1.73,2.88
2013.01.14 01:25:36.819,1.61386,1.61405,1.73,1.50
2013.01.14 01:25:36.879,1.61385,1.61405,1.80,1.73
2013.01.14 01:25:37.059,1.61385,1.61405,1.80,3.98
2013.01.14 01:25:39.340,1.61383,1.61403,1.73,1.13
2013.01.14 01:25:53.449,1.61383,1.61404,2.10,1.73
2013.01.14 01:25:54.340,1.61383,1.61404,2.10,2.55
2013.01.14 01:25:54.803,1.61383,1.61402,2.10,1.13
2013.01.14 01:26:03.309,1.61383,1.61404,1.73,2.48
2013.01.14 01:26:03.609,1.61383,1.61401,1.73,1.58
2013.01.14 01:26:04.231,1.61383,1.61401,1.73,1.65
2013.01.14 01:26:04.571,1.61383,1.61401,1.73,1.73
2013.01.14 01:26:05.880,1.61384,1.61401,2.69,2.48
2013.01.14 01:26:05.999,1.61384,1.61401,3.06,1.20
2013.01.14 01:26:06.119,1.61384,1.61405,3.06,1.73
2013.01.14 01:26:06.809,1.61384,1.61405,3.06,2.48
2013.01.14 01:26:06.990,1.61384,1.61404,1.73,2.48
2013.01.14 01:26:07.506,1.61384,1.61404,1.73,2.48
2013.01.14 01:26:08.519,1.61382,1.61404,1.35,2.48
2013.01.14 01:26:13.022,1.61382,1.61404,1.35,2.48
2013.01.14 01:26:13.979,1.61381,1.61404,2.76,2.48
2013.01.14 01:26:14.039,1.61381,1.61404,2.10,2.25
2013.01.14 01:26:14.159,1.61381,1.61405,2.85,4.13
2013.01.14 01:26:14.519,1.61384,1.61405,1.73,3.15
2013.01.14 01:26:17.428,1.61384,1.61404,1.73,1.65
2013.01.14 01:26:17.730,1.61383,1.61403,1.73,1.65
2013.01.14 01:26:18.100,1.61381,1.61402,1.80,1.13
2013.01.14 01:26:23.710,1.61384,1.61403,1.80,1.13
2013.01.14 01:26:23.950,1.61385,1.61403,1.65,1.13
2013.01.14 01:26:33.070,1.61385,1.61404,1.65,1.88
2013.01.14 01:26:35.309,1.61385,1.61404,2.70,1.13
2013.01.14 01:26:37.179,1.61385,1.61404,2.70,1.13
2013.01.14 01:26:37.710,1.61385,1.61404,2.70,1.13
2013.01.14 01:26:38.873,1.61385,1.61404,2.70,1.13
2013.01.14 01:26:49.519,1.61385,1.61402,2.70,1.13
2013.01.14 01:27:13.438,1.61385,1.61405,2.48,2.18
2013.01.14 01:27:14.389,1.61385,1.61405,1.73,2.26
2013.01.14 01:27:14.721,1.61385,1.61405,1.65,1.58
2013.01.14 01:27:33.389,1.61385,1.61404,1.65,1.13
2013.01.14 01:27:33.896,1.61385,1.61403,1.65,1.13
2013.01.14 01:27:43.259,1.61385,1.61403,1.50,1.05
2013.01.14 01:27:43.851,1.61385,1.61404,1.88,1.35
2013.01.14 01:27:44.180,1.61385,1.61405,1.88,2.56
2013.01.14 01:27:44.539,1.61385,1.61405,1.88,1.96
2013.01.14 01:27:46.399,1.61385,1.61405,1.88,2.71
2013.01.14 01:27:49.391,1.61385,1.61404,1.88,1.50
2013.01.14 01:27:51.881,1.61385,1.61403,1.88,1.13
2013.01.14 01:27:55.272,1.61385,1.61405,1.88,2.71
2013.01.14 01:27:55.819,1.61385,1.61404,1.50,1.13
2013.01.14 01:28:09.929,1.61385,1.61402,1.50,1.13
2013.01.14 01:28:12.828,1.61385,1.61403,1.50,1.13
2013.01.14 01:28:13.368,1.61385,1.61405,1.50,2.18
2013.01.14 01:28:14.438,1.61385,1.61403,1.50,1.13
2013.01.14 01:28:23.068,1.61385,1.61402,1.73,1.13
2013.01.14 01:28:28.988,1.61387,1.61404,1.35,1.88
2013.01.14 01:28:31.578,1.61387,1.61404,1.35,1.88
2013.01.14 01:28:32.126,1.61387,1.61404,1.35,1.13
2013.01.14 01:28:33.202,1.61388,1.61404,1.13,1.13
2013.01.14 01:28:33.329,1.61388,1.61405,1.13,1.43
2013.01.14 01:28:34.418,1.61388,1.61404,1.13,1.13
2013.01.14 01:28:39.030,1.6139,1.61404,1.13,1.13
2013.01.14 01:28:43.090,1.6139,1.61405,1.13,1.36
2013.01.14 01:28:47.449,1.6139,1.61404,1.13,2.63
2013.01.14 01:28:53.449,1.61388,1.61405,2.48,1.28
2013.01.14 01:28:53.988,1.61388,1.61405,2.48,1.06
2013.01.14 01:28:54.498,1.61388,1.61405,2.48,1.43
2013.01.14 01:29:01.398,1.61388,1.61405,2.48,1.43
2013.01.14 01:29:02.448,1.61388,1.61405,2.48,1.43
2013.01.14 01:29:03.174,1.61388,1.61405,2.48,1.43
2013.01.14 01:29:07.080,1.61385,1.61403,2.85,1.73
2013.01.14 01:29:08.241,1.61385,1.61403,2.85,1.73
2013.01.14 01:29:08.890,1.61385,1.61401,1.35,1.73
2013.01.14 01:29:14.319,1.61385,1.61403,2.85,1.73
2013.01.14 01:29:19.300,1.61385,1.61403,2.85,2.48
2013.01.14 01:29:27.881,1.61385,1.61403,2.85,2.48
2013.01.14 01:29:35.189,1.61386,1.61404,2.48,3.98
2013.01.14 01:29:36.117,1.61388,1.61404,2.48,2.48
2013.01.14 01:29:38.359,1.61388,1.61404,2.48,2.48
2013.01.14 01:29:41.480,1.61388,1.61404,2.48,2.48
2013.01.14 01:29:42.241,1.61388,1.61404,2.48,1.73
2013.01.14 01:30:00.808,1.61388,1.61404,2.48,1.73
2013.01.14 01:30:01.349,1.61386,1.61404,2.85,2.48
2013.01.14 01:30:02.389,1.61385,1.61402,1.35,2.48
2013.01.14 01:30:02.909,1.61385,1.61402,1.35,2.48
2013.01.14 01:30:06.009,1.61384,1.61402,2.85,2.48
2013.01.14 01:30:06.518,1.61385,1.61402,1.35,2.48
2013.01.14 01:30:06.829,1.61383,1.614,1.73,2.48
2013.01.14 01:30:07.338,1.61384,1.61402,2.85,2.48
2013.01.14 01:30:08.799,1.61385,1.61402,1.35,2.48
2013.01.14 01:30:12.848,1.61385,1.61402,1.35,2.48
2013.01.14 01:30:24.836,1.61385,1.61403,2.85,2.48
2013.01.14 01:30:33.624,1.61391,1.61404,1.50,2.48
2013.01.14 01:30:35.979,1.61385,1.614,1.35,2.48
2013.01.14 01:30:54.309,1.61385,1.614,1.35,2.48
2013.01.14 01:30:54.790,1.61382,1.61399,1.50,1.35
2013.01.14 01:30:55.314,1.6138,1.61396,1.35,2.48
2013.01.14 01:30:56.329,1.61379,1.61396,1.73,2.48
2013.01.14 01:30:58.473,1.6138,1.61398,2.48,2.48
2013.01.14 01:30:59.090,1.61379,1.61396,1.73,2.48
2013.01.14 01:30:59.449,1.61379,1.61396,1.73,2.48
2013.01.14 01:30:59.810,1.61377,1.61394,1.73,2.48
2013.01.14 01:30:59.990,1.61377,1.61394,1.73,1.73
2013.01.14 01:31:00.491,1.61378,1.61396,2.48,1.73
2013.01.14 01:31:01.001,1.61378,1.61396,2.48,2.48
2013.01.14 01:31:05.650,1.6138,1.61398,2.48,1.73
2013.01.14 01:31:06.253,1.6138,1.61398,2.48,1.73
2013.01.14 01:31:07.335,1.61384,1.61399,2.25,1.73
2013.01.14 01:31:09.211,1.61384,1.61399,2.25,1.73
2013.01.14 01:31:10.671,1.61384,1.61399,2.25,1.73
2013.01.14 01:31:14.459,1.61384,1.61399,2.25,1.73
2013.01.14 01:31:21.040,1.61382,1.614,2.25,4.35
2013.01.14 01:31:43.890,1.6138,1.61398,2.63,1.73
2013.01.14 01:31:47.401,1.6138,1.61398,2.63,2.48
2013.01.14 01:31:50.111,1.61379,1.61396,1.73,1.73
2013.01.14 01:32:12.571,1.61379,1.61397,3.23,2.48
2013.01.14 01:32:13.849,1.61379,1.61397,3.23,2.48
2013.01.14 01:32:21.829,1.61379,1.61395,1.73,2.48
2013.01.14 01:32:27.329,1.61379,1.61395,1.73,2.48
2013.01.14 01:32:28.079,1.61378,1.61395,1.73,2.48
2013.01.14 01:32:32.420,1.61379,1.61395,1.73,2.48
2013.01.14 01:32:51.190,1.61377,1.61395,3.23,2.48
2013.01.14 01:32:55.871,1.61377,1.61395,3.23,2.48
2013.01.14 01:32:57.059,1.61379,1.61397,2.48,2.48
2013.01.14 01:33:02.590,1.61379,1.61397,2.48,2.48
2013.01.14 01:33:03.510,1.61379,1.61397,2.48,2.48
2013.01.14 01:33:04.069,1.61379,1.61397,3.23,2.48
2013.01.14 01:33:04.639,1.61379,1.61397,2.48,2.48
2013.01.14 01:33:17.680,1.61379,1.61397,3.98,2.48
2013.01.14 01:33:25.360,1.6138,1.61398,1.73,2.85
2013.01.14 01:33:28.069,1.6138,1.61398,1.73,2.85
2013.01.14 01:33:30.430,1.6138,1.61398,1.73,2.85
2013.01.14 01:33:30.949,1.6138,1.61398,1.73,3.60
2013.01.14 01:33:38.060,1.6138,1.61398,1.73,2.48
2013.01.14 01:33:41.739,1.6138,1.61398,1.73,3.23
2013.01.14 01:33:44.100,1.6138,1.61398,1.50,3.23
2013.01.14 01:33:44.623,1.61379,1.61397,3.23,2.48
2013.01.14 01:33:56.940,1.61379,1.61397,1.73,2.48
2013.01.14 01:33:57.262,1.61379,1.61397,1.73,2.48
2013.01.14 01:34:11.341,1.61379,1.61396,2.48,1.05
2013.01.14 01:34:12.213,1.61379,1.61396,2.48,1.05
2013.01.14 01:34:12.521,1.61379,1.61396,2.25,1.05
2013.01.14 01:34:12.641,1.61379,1.61396,2.63,1.05
2013.01.14 01:34:14.698,1.61379,1.61396,2.63,1.05
2013.01.14 01:34:19.751,1.6138,1.61396,2.48,1.05
2013.01.14 01:34:20.280,1.6138,1.61396,2.48,1.05
2013.01.14 01:34:22.239,1.61378,1.61396,2.48,2.33
2013.01.14 01:34:23.113,1.61378,1.61396,2.48,2.55
2013.01.14 01:34:26.809,1.6138,1.61396,2.48,1.05
2013.01.14 01:34:29.964,1.6138,1.61396,1.73,2.55
2013.01.14 01:34:30.721,1.61379,1.61396,1.73,2.55
2013.01.14 01:34:31.421,1.61379,1.61396,1.73,2.55
2013.01.14 01:34:36.789,1.61378,1.61396,3.23,2.55
2013.01.14 01:34:37.032,1.61378,1.61396,3.23,2.55
2013.01.14 01:34:37.159,1.61378,1.61396,3.23,2.55
2013.01.14 01:34:41.009,1.6138,1.61396,1.73,2.55
2013.01.14 01:34:41.583,1.61384,1.61396,1.13,2.55
2013.01.14 01:34:41.770,1.61385,1.61398,1.58,1.73
2013.01.14 01:34:41.829,1.61385,1.61398,1.58,2.48
2013.01.14 01:34:41.950,1.61384,1.61401,2.63,3.23
2013.01.14 01:34:42.070,1.61384,1.61401,3.23,3.23
2013.01.14 01:34:42.260,1.61384,1.61396,1.73,1.50
2013.01.14 01:34:42.380,1.61383,1.61396,1.73,2.48
2013.01.14 01:34:46.968,1.6138,1.61396,1.73,2.48
2013.01.14 01:34:52.170,1.6138,1.61398,2.48,2.48
2013.01.14 01:34:55.193,1.6138,1.61398,2.48,2.48
2013.01.14 01:34:55.780,1.6138,1.61398,2.48,2.48
2013.01.14 01:35:00.510,1.61378,1.61396,3.98,2.48
2013.01.14 01:35:01.060,1.61378,1.61396,3.98,2.48
2013.01.14 01:35:02.269,1.61378,1.61396,3.98,2.48
2013.01.14 01:35:07.122,1.61378,1.61396,3.23,2.48
2013.01.14 01:35:16.870,1.61378,1.61389,1.73,1.50
2013.01.14 01:35:18.892,1.61378,1.61396,2.48,2.25
2013.01.14 01:35:26.950,1.61378,1.61396,2.48,2.25
2013.01.14 01:35:34.030,1.61379,1.61396,1.73,2.48
2013.01.14 01:35:45.360,1.61379,1.61396,1.73,2.48
2013.01.14 01:35:46.811,1.61379,1.61396,1.50,2.48
2013.01.14 01:35:47.336,1.61379,1.61396,1.50,2.48
2013.01.14 01:35:47.399,1.6138,1.61398,1.73,2.48
2013.01.14 01:35:47.920,1.6138,1.61398,2.48,2.48
2013.01.14 01:36:13.471,1.6138,1.61396,2.48,1.05
2013.01.14 01:36:14.027,1.6138,1.61396,2.48,1.05
2013.01.14 01:36:19.571,1.6138,1.61397,2.48,1.05
2013.01.14 01:36:20.231,1.6138,1.61398,2.48,2.55
2013.01.14 01:36:20.291,1.6138,1.61398,2.48,2.85
2013.01.14 01:36:21.010,1.61382,1.61397,2.48,1.35
2013.01.14 01:36:21.388,1.61383,1.61399,1.09,1.80
2013.01.14 01:36:26.054,1.61383,1.61398,1.05,2.48
2013.01.14 01:36:36.701,1.6138,1.61398,2.85,1.73
2013.01.14 01:36:37.395,1.6138,1.61396,1.35,1.50
2013.01.14 01:36:44.951,1.6139,1.614,1.50,1.73
2013.01.14 01:36:46.949,1.61381,1.61398,1.73,1.73
2013.01.14 01:36:47.460,1.6138,1.61398,2.85,2.48
2013.01.14 01:37:00.646,1.61382,1.61399,2.48,1.73
2013.01.14 01:37:14.119,1.61383,1.61399,2.48,1.73
2013.01.14 01:37:20.236,1.61383,1.61399,2.48,1.73
2013.01.14 01:37:24.031,1.61383,1.61399,2.48,1.73
2013.01.14 01:37:53.451,1.61382,1.614,2.48,2.48
2013.01.14 01:37:59.050,1.61381,1.61399,2.48,2.48
2013.01.14 01:38:09.855,1.61381,1.61399,2.48,2.48
2013.01.14 01:38:10.858,1.61383,1.61401,2.48,3.38
2013.01.14 01:38:11.400,1.61383,1.61401,2.48,3.38
2013.01.14 01:38:19.299,1.61384,1.61401,1.50,2.63
2013.01.14 01:38:19.600,1.61385,1.61401,2.48,1.13
2013.01.14 01:38:20.141,1.61385,1.61401,2.48,1.13
2013.01.14 01:38:20.730,1.61385,1.61402,2.55,1.13
2013.01.14 01:38:40.546,1.61385,1.61403,2.48,1.88
2013.01.14 01:38:41.050,1.61385,1.61403,2.48,2.63
2013.01.14 01:38:41.673,1.61385,1.61402,2.48,1.13
2013.01.14 01:38:45.943,1.61385,1.61403,2.48,2.63
2013.01.14 01:38:55.080,1.61389,1.61403,1.35,2.48
2013.01.14 01:38:55.140,1.61389,1.61401,1.35,2.25
2013.01.14 01:38:55.381,1.61385,1.61401,1.50,4.13
2013.01.14 01:38:55.932,1.61385,1.61401,1.50,1.88
2013.01.14 01:38:56.778,1.61385,1.61402,3.00,1.13
2013.01.14 01:39:05.240,1.61388,1.61403,1.13,2.48
2013.01.14 01:39:05.870,1.61388,1.61403,1.13,2.48
2013.01.14 01:39:06.553,1.61388,1.61403,1.13,3.23
2013.01.14 01:39:08.503,1.61388,1.61403,1.13,3.23
2013.01.14 01:39:22.472,1.61388,1.61402,1.54,2.48
2013.01.14 01:39:23.021,1.61386,1.61402,1.54,2.48
2013.01.14 01:39:28.273,1.61386,1.61403,2.25,1.73
2013.01.14 01:39:29.012,1.61389,1.61402,1.95,1.73
2013.01.14 01:39:33.151,1.61386,1.61403,1.54,3.23
2013.01.14 01:39:33.631,1.61389,1.61401,1.13,2.48
2013.01.14 01:39:34.170,1.61385,1.61402,2.25,2.48
2013.01.14 01:39:34.230,1.61385,1.61399,1.50,2.48
2013.01.14 01:39:34.771,1.61386,1.61398,1.13,1.50
2013.01.14 01:39:35.281,1.61386,1.61402,1.13,2.82
2013.01.14 01:39:35.790,1.61386,1.61402,1.13,2.82
2013.01.14 01:39:39.053,1.61386,1.614,1.13,1.73
2013.01.14 01:39:41.522,1.61386,1.614,1.13,1.73
2013.01.14 01:39:50.756,1.61386,1.61402,1.13,2.48
2013.01.14 01:40:05.000,1.61385,1.61401,1.05,2.48
2013.01.14 01:40:07.501,1.61387,1.61401,1.13,2.48
2013.01.14 01:40:08.040,1.61386,1.61401,1.50,2.48
2013.01.14 01:40:13.591,1.61387,1.61401,2.25,2.48
2013.01.14 01:40:14.151,1.61387,1.61401,1.50,2.48
2013.01.14 01:40:14.571,1.61387,1.61399,1.88,1.13
2013.01.14 01:40:17.641,1.61387,1.61399,1.50,1.13
2013.01.14 01:40:21.942,1.61385,1.61399,1.05,1.13
2013.01.14 01:40:22.561,1.61385,1.61399,1.80,1.13
2013.01.14 01:40:29.041,1.61382,1.61398,1.73,3.00
2013.01.14 01:40:34.582,1.61382,1.61398,1.73,2.93
2013.01.14 01:40:36.842,1.6138,1.61396,3.23,1.28
2013.01.14 01:40:37.081,1.6138,1.61394,1.73,1.05
2013.01.14 01:40:37.381,1.61378,1.61394,3.23,1.05
2013.01.14 01:40:39.030,1.61379,1.61394,1.73,1.05
2013.01.14 01:40:41.604,1.61378,1.61394,2.48,1.05
2013.01.14 01:40:42.170,1.61378,1.61394,3.23,1.05
2013.01.14 01:40:43.642,1.61378,1.61393,3.23,1.05
2013.01.14 01:40:43.824,1.61378,1.61396,3.23,2.63
2013.01.14 01:40:44.449,1.6138,1.61396,2.48,1.13
2013.01.14 01:40:46.300,1.61381,1.61396,4.73,1.13
2013.01.14 01:40:49.641,1.61382,1.61393,1.73,1.05
2013.01.14 01:40:52.281,1.61382,1.61393,1.73,1.05
2013.01.14 01:40:52.810,1.61382,1.61396,1.73,1.13
2013.01.14 01:40:52.871,1.61382,1.61396,1.73,1.13
2013.01.14 01:40:53.531,1.61382,1.61396,1.65,1.05
2013.01.14 01:40:54.583,1.61382,1.61396,1.73,1.05
2013.01.14 01:40:54.906,1.61382,1.61396,1.73,1.13
2013.01.14 01:41:02.931,1.61384,1.61399,1.43,3.38
2013.01.14 01:41:03.111,1.61384,1.61399,1.65,1.88
2013.01.14 01:41:03.172,1.61384,1.61399,1.65,1.88
2013.01.14 01:41:09.103,1.61384,1.61399,1.65,1.88
2013.01.14 01:41:09.233,1.61382,1.61399,4.50,1.65
2013.01.14 01:41:09.364,1.61382,1.61399,3.75,1.99
2013.01.14 01:41:09.434,1.61382,1.61399,3.00,2.37
2013.01.14 01:41:09.954,1.61382,1.61396,1.50,1.32
2013.01.14 01:41:10.548,1.61378,1.61396,3.23,2.48
2013.01.14 01:41:11.057,1.61379,1.61396,1.73,2.48
2013.01.14 01:41:12.751,1.61379,1.61396,1.73,2.25
2013.01.14 01:41:15.353,1.61378,1.61396,2.48,2.25
2013.01.14 01:41:15.861,1.61378,1.61396,2.48,2.59
2013.01.14 01:41:16.362,1.61378,1.61396,2.48,2.59
2013.01.14 01:41:16.422,1.61378,1.61396,2.48,2.82
2013.01.14 01:41:19.331,1.61378,1.61396,2.48,2.82
2013.01.14 01:41:20.142,1.61381,1.61396,2.48,3.57
2013.01.14 01:41:20.262,1.61382,1.61394,1.50,1.35
2013.01.14 01:41:20.452,1.61381,1.61394,3.98,1.13
2013.01.14 01:41:20.585,1.6138,1.61396,2.25,1.32
2013.01.14 01:41:20.952,1.61378,1.61394,2.25,1.32
2013.01.14 01:41:21.733,1.61378,1.61394,2.25,1.32
2013.01.14 01:41:28.272,1.61378,1.61395,1.73,1.35
2013.01.14 01:41:29.053,1.61378,1.61396,2.48,2.82
2013.01.14 01:41:29.657,1.6138,1.61396,1.50,1.32
2013.01.14 01:41:32.861,1.6138,1.61397,1.50,2.44
2013.01.14 01:41:33.161,1.6138,1.61396,1.50,1.32
2013.01.14 01:41:33.522,1.61377,1.61395,1.50,2.48
2013.01.14 01:41:34.063,1.61377,1.61395,3.23,2.48
2013.01.14 01:41:34.181,1.61377,1.61395,3.98,2.48
2013.01.14 01:41:36.261,1.61379,1.61396,2.48,2.44
2013.01.14 01:41:37.161,1.61379,1.61396,2.48,2.44
2013.01.14 01:41:37.752,1.61381,1.61396,1.73,1.73
2013.01.14 01:41:38.111,1.61381,1.61394,1.73,1.13
2013.01.14 01:41:38.703,1.61381,1.61394,1.73,1.13
2013.01.14 01:41:39.252,1.61381,1.61394,1.73,1.13
2013.01.14 01:41:42.072,1.61381,1.61394,1.73,1.13
2013.01.14 01:41:42.645,1.61381,1.61394,1.73,1.13
2013.01.14 01:41:43.021,1.61384,1.61397,1.73,1.13
2013.01.14 01:41:43.081,1.61384,1.61398,2.48,1.50
2013.01.14 01:41:57.563,1.61392,1.61399,1.50,1.50
2013.01.14 01:41:57.922,1.6139,1.61399,1.50,1.50
2013.01.14 01:41:58.461,1.6139,1.61399,1.50,1.35
2013.01.14 01:41:58.978,1.6139,1.61399,1.50,1.35
2013.01.14 01:41:59.711,1.61383,1.61399,3.23,3.19
2013.01.14 01:42:04.671,1.61383,1.61399,2.48,3.19
2013.01.14 01:42:04.794,1.61383,1.61401,4.73,3.98
2013.01.14 01:42:04.920,1.61384,1.61401,1.86,2.48
2013.01.14 01:42:09.651,1.61386,1.61401,1.73,1.32
2013.01.14 01:42:20.911,1.61387,1.61403,1.73,1.73
2013.01.14 01:42:21.901,1.61389,1.61404,2.48,1.73
2013.01.14 01:42:22.404,1.61389,1.61406,2.48,2.07
2013.01.14 01:42:22.960,1.61391,1.61406,1.50,2.07
2013.01.14 01:42:23.500,1.61387,1.61403,1.73,1.73
2013.01.14 01:42:29.430,1.61387,1.614,1.73,1.73
2013.01.14 01:42:36.920,1.61386,1.61398,1.73,1.50
2013.01.14 01:42:41.780,1.61385,1.614,2.48,2.82
2013.01.14 01:42:42.291,1.61386,1.61402,1.73,1.35
2013.01.14 01:42:43.873,1.61386,1.61398,1.73,1.50
2013.01.14 01:42:44.351,1.61386,1.61402,1.73,1.35
2013.01.14 01:42:46.201,1.61386,1.61399,1.73,1.50
2013.01.14 01:42:48.122,1.61389,1.61401,2.29,2.07
2013.01.14 01:42:48.481,1.61394,1.61403,1.32,1.73
2013.01.14 01:43:09.441,1.61394,1.61405,4.50,2.07
2013.01.14 01:43:10.249,1.61394,1.61405,4.50,2.07
2013.01.14 01:43:10.771,1.61394,1.61405,3.64,3.15
2013.01.14 01:43:43.752,1.61389,1.61402,2.19,2.48
2013.01.14 01:43:44.301,1.61388,1.61402,1.73,2.48
2013.01.14 01:43:44.832,1.61389,1.61402,1.73,2.48
2013.01.14 01:43:46.851,1.61387,1.614,1.73,1.73
2013.01.14 01:43:46.911,1.61387,1.61398,1.73,1.50
2013.01.14 01:43:47.093,1.61384,1.61398,2.25,2.48
2013.01.14 01:43:53.215,1.61384,1.61399,1.50,1.35
2013.01.14 01:44:02.613,1.61383,1.614,3.23,1.35
2013.01.14 01:44:06.532,1.61383,1.614,2.48,2.10
2013.01.14 01:44:06.781,1.61383,1.614,2.25,2.10
2013.01.14 01:44:12.583,1.61382,1.61398,2.25,1.73
2013.01.14 01:44:21.697,1.61382,1.61398,2.48,1.73
2013.01.14 01:44:22.231,1.61382,1.61399,2.48,1.32
2013.01.14 01:44:27.948,1.61382,1.61399,1.50,1.32
2013.01.14 01:44:28.073,1.61382,1.614,1.73,3.94
2013.01.14 01:44:28.196,1.61382,1.614,1.50,3.94
2013.01.14 01:44:28.811,1.61381,1.61399,3.23,2.82
2013.01.14 01:44:29.591,1.61381,1.61398,3.23,1.73
2013.01.14 01:44:42.671,1.61384,1.61398,1.50,1.73
2013.01.14 01:44:45.182,1.61382,1.61397,3.23,1.73
2013.01.14 01:44:45.242,1.61382,1.61397,1.73,1.73
2013.01.14 01:44:45.601,1.61379,1.61392,1.73,3.98
2013.01.14 01:44:45.721,1.61379,1.6139,1.50,2.48
2013.01.14 01:44:46.032,1.61376,1.6139,1.73,2.48
2013.01.14 01:44:46.372,1.61376,1.6139,3.23,2.48
2013.01.14 01:44:46.492,1.61376,1.6139,2.48,2.48
2013.01.14 01:44:46.611,1.61376,1.6139,2.48,3.23
2013.01.14 01:44:46.972,1.61372,1.61385,1.73,2.25
2013.01.14 01:44:47.211,1.61372,1.61385,2.48,1.73
2013.01.14 01:44:48.052,1.61374,1.61388,2.48,1.80
2013.01.14 01:44:48.554,1.61374,1.61388,2.48,1.80
2013.01.14 01:44:50.324,1.61374,1.61385,1.73,1.50
2013.01.14 01:44:50.573,1.6137,1.61384,3.98,1.73
2013.01.14 01:44:54.541,1.6137,1.61384,1.73,1.73
2013.01.14 01:44:55.061,1.6137,1.61384,1.73,1.73
2013.01.14 01:44:55.373,1.6137,1.61384,1.73,1.73
2013.01.14 01:44:56.135,1.6137,1.61384,1.73,1.73
2013.01.14 01:44:57.221,1.6137,1.61384,1.73,1.73
2013.01.14 01:45:09.031,1.6137,1.61384,1.73,2.48
2013.01.14 01:45:09.272,1.61368,1.61384,1.73,2.48
2013.01.14 01:45:09.574,1.61364,1.6138,1.73,2.10
2013.01.14 01:45:09.882,1.61359,1.61369,2.25,1.50
2013.01.14 01:45:09.942,1.61359,1.61369,1.73,1.50
2013.01.14 01:45:10.261,1.61356,1.61369,2.03,1.50
2013.01.14 01:45:10.334,1.61357,1.61371,1.73,1.73
2013.01.14 01:45:10.822,1.61357,1.61373,1.73,1.50
2013.01.14 01:45:27.563,1.61358,1.61374,2.48,1.73
2013.01.14 01:45:28.142,1.61358,1.61374,2.48,1.50
2013.01.14 01:45:34.392,1.61358,1.61374,2.48,1.50
2013.01.14 01:45:34.751,1.61357,1.61374,2.25,3.15
2013.01.14 01:45:34.932,1.61357,1.61372,2.48,1.13
2013.01.14 01:45:40.101,1.61354,1.6137,3.57,1.13
2013.01.14 01:45:40.161,1.61354,1.61369,3.49,1.13
2013.01.14 01:45:42.013,1.61354,1.61368,3.49,1.13
2013.01.14 01:45:45.952,1.61354,1.61368,3.53,1.13
2013.01.14 01:45:52.322,1.61355,1.6137,1.65,1.13
2013.01.14 01:45:53.671,1.61356,1.61371,2.25,1.73
2013.01.14 01:45:54.572,1.61356,1.6137,2.25,1.05
2013.01.14 01:46:00.194,1.61356,1.6137,2.25,1.88
2013.01.14 01:46:00.573,1.61355,1.61367,1.05,1.13
2013.01.14 01:46:01.156,1.61355,1.61368,1.05,1.13
2013.01.14 01:46:01.791,1.61355,1.61369,1.05,1.13
2013.01.14 01:46:02.942,1.61355,1.61368,1.05,1.13
2013.01.14 01:46:06.294,1.61355,1.61369,1.05,1.13
2013.01.14 01:46:11.972,1.61355,1.6137,1.05,1.88
2013.01.14 01:46:12.272,1.61356,1.6137,2.25,1.05
2013.01.14 01:46:12.393,1.61357,1.61372,1.50,1.73
2013.01.14 01:46:12.455,1.61357,1.61372,1.50,1.50
2013.01.14 01:46:13.746,1.61357,1.61371,1.50,1.50
2013.01.14 01:46:13.934,1.61356,1.61371,2.25,1.73
2013.01.14 01:46:17.802,1.61356,1.6137,2.25,1.73
2013.01.14 01:46:20.843,1.61356,1.6137,2.25,1.50
2013.01.14 01:46:22.032,1.61356,1.61371,2.25,1.50
2013.01.14 01:46:26.896,1.61361,1.61371,1.80,1.50
2013.01.14 01:46:27.239,1.61363,1.61371,1.50,1.50
2013.01.14 01:46:28.822,1.61359,1.61371,1.05,1.50
2013.01.14 01:46:34.872,1.61361,1.61373,1.05,2.48
2013.01.14 01:46:40.193,1.61361,1.61373,1.05,1.50
2013.01.14 01:46:40.591,1.61361,1.61373,1.05,1.50
2013.01.14 01:46:45.992,1.61361,1.61375,1.05,3.00
2013.01.14 01:46:47.122,1.61361,1.61375,1.05,2.25
2013.01.14 01:46:47.668,1.61361,1.61377,2.78,1.73
2013.01.14 01:47:01.104,1.61361,1.61376,2.78,1.73
2013.01.14 01:47:06.102,1.61361,1.61375,1.28,1.73
2013.01.14 01:47:16.553,1.61361,1.61374,1.28,1.73
2013.01.14 01:47:29.162,1.61361,1.61375,1.28,1.73
2013.01.14 01:47:37.891,1.61361,1.61377,1.28,1.73
2013.01.14 01:47:40.261,1.61361,1.61376,1.28,1.73
2013.01.14 01:47:42.772,1.61362,1.61376,1.73,1.73
2013.01.14 01:47:43.073,1.61363,1.61379,2.48,1.73
2013.01.14 01:47:43.392,1.61372,1.6138,1.50,1.73
2013.01.14 01:47:43.752,1.61377,1.61385,1.50,1.73
2013.01.14 01:47:45.189,1.61375,1.61385,1.50,1.73
2013.01.14 01:47:45.251,1.61368,1.61385,2.85,1.73
2013.01.14 01:47:55.901,1.61368,1.61384,2.25,1.73
2013.01.14 01:47:56.143,1.61368,1.61384,2.25,1.73
2013.01.14 01:47:56.262,1.61368,1.61383,1.50,1.73
2013.01.14 01:47:56.502,1.61367,1.61383,1.50,1.73
2013.01.14 01:48:02.632,1.61367,1.61383,1.50,1.73
2013.01.14 01:48:08.843,1.61367,1.61384,1.50,2.48
2013.01.14 01:48:10.223,1.61367,1.61384,1.50,2.48
2013.01.14 01:48:16.164,1.61366,1.61384,2.55,2.48
2013.01.14 01:48:17.739,1.61366,1.61381,2.55,2.48
2013.01.14 01:48:18.405,1.61366,1.61379,1.05,2.48
2013.01.14 01:48:21.033,1.61363,1.61379,2.03,2.48
2013.01.14 01:48:21.502,1.61363,1.61379,1.13,2.48
2013.01.14 01:48:22.032,1.61363,1.61379,1.73,2.48
2013.01.14 01:48:23.132,1.61362,1.61379,2.48,2.48
2013.01.14 01:48:26.581,1.61363,1.61381,2.48,2.63
2013.01.14 01:48:29.784,1.61362,1.61377,1.73,2.48
2013.01.14 01:48:29.984,1.6136,1.61375,1.73,2.48
2013.01.14 01:48:30.582,1.61359,1.61375,1.73,2.48
2013.01.14 01:48:30.701,1.61359,1.61375,1.73,2.48
2013.01.14 01:48:30.821,1.61367,1.61378,1.50,1.13
2013.01.14 01:48:31.122,1.6137,1.61379,3.00,2.25
2013.01.14 01:48:32.882,1.61362,1.61374,1.50,2.48
2013.01.14 01:48:34.163,1.6136,1.61374,1.73,2.48
2013.01.14 01:48:36.743,1.61363,1.61379,1.50,1.73
2013.01.14 01:48:39.591,1.61363,1.61379,2.25,1.73
2013.01.14 01:48:40.131,1.61365,1.61379,1.50,1.73
2013.01.14 01:48:46.223,1.61365,1.61379,1.50,1.73
2013.01.14 01:48:46.461,1.61365,1.61379,1.50,1.73
2013.01.14 01:48:46.581,1.61365,1.61379,1.50,1.73
2013.01.14 01:48:47.113,1.61365,1.61379,1.50,1.73
2013.01.14 01:49:02.743,1.61365,1.61379,1.50,1.73
2013.01.14 01:49:03.021,1.61367,1.61379,1.50,1.73
2013.01.14 01:49:03.322,1.61365,1.61379,1.50,1.73
2013.01.14 01:49:03.382,1.61365,1.61379,1.50,1.73
2013.01.14 01:49:03.502,1.61365,1.61379,1.50,1.73
2013.01.14 01:49:04.143,1.61365,1.61379,1.50,1.73
2013.01.14 01:49:04.742,1.61365,1.61379,1.50,1.73
2013.01.14 01:49:05.171,1.61365,1.61379,1.50,1.73
2013.01.14 01:49:09.954,1.61365,1.61379,2.63,1.73
2013.01.14 01:49:10.323,1.61367,1.61379,1.50,1.50
2013.01.14 01:49:10.441,1.61365,1.61379,1.50,1.50
2013.01.14 01:49:11.003,1.61365,1.61379,1.50,1.50
2013.01.14 01:49:11.286,1.61365,1.61379,1.50,1.58
2013.01.14 01:49:18.921,1.61366,1.61379,1.50,1.73
2013.01.14 01:49:19.299,1.61366,1.61379,1.50,1.50
2013.01.14 01:49:20.373,1.61366,1.61379,1.50,1.58
2013.01.14 01:49:23.121,1.61366,1.61379,2.25,1.73
2013.01.14 01:49:23.842,1.61366,1.6138,3.00,1.35
2013.01.14 01:49:24.082,1.61368,1.6138,1.50,1.13
2013.01.14 01:49:24.442,1.61368,1.61381,2.25,1.73
2013.01.14 01:49:24.983,1.6137,1.61384,2.25,1.73
2013.01.14 01:49:25.712,1.6137,1.61384,2.25,2.48
2013.01.14 01:49:25.964,1.6137,1.61384,2.25,2.25
2013.01.14 01:49:26.673,1.6137,1.61384,2.25,1.50
2013.01.14 01:49:27.910,1.61374,1.61389,1.50,2.48
2013.01.14 01:49:34.552,1.61374,1.61389,1.73,2.48
2013.01.14 01:49:34.620,1.61374,1.61389,2.48,2.48
2013.01.14 01:49:35.692,1.61374,1.6139,2.48,1.73
2013.01.14 01:49:35.882,1.61375,1.6139,1.73,1.73
2013.01.14 01:49:36.123,1.61377,1.61393,2.25,1.73
2013.01.14 01:49:37.882,1.61379,1.61393,2.25,2.48
2013.01.14 01:49:43.452,1.61379,1.61393,2.25,1.73
2013.01.14 01:49:44.602,1.61379,1.61393,2.25,1.73
2013.01.14 01:49:45.942,1.61379,1.61393,2.25,1.73
2013.01.14 01:49:46.594,1.61379,1.61393,2.25,1.50
2013.01.14 01:49:49.112,1.61379,1.61393,2.25,1.50
2013.01.14 01:49:49.903,1.61379,1.61394,2.25,1.50
2013.01.14 01:49:57.372,1.61378,1.61393,2.25,1.50
2013.01.14 01:49:57.912,1.61378,1.61393,2.25,1.50
2013.01.14 01:50:01.222,1.61378,1.61394,2.25,1.50
2013.01.14 01:50:01.846,1.61378,1.61395,2.25,1.50
2013.01.14 01:50:05.683,1.61378,1.61394,2.25,1.50
2013.01.14 01:50:13.774,1.61378,1.61395,2.25,1.50
2013.01.14 01:50:23.232,1.61379,1.61396,2.25,2.73
2013.01.14 01:50:26.842,1.61379,1.61395,2.25,1.50
2013.01.14 01:50:33.283,1.61379,1.61397,2.25,3.00
2013.01.14 01:50:33.642,1.61388,1.61397,1.50,1.73
2013.01.14 01:50:34.182,1.61389,1.61397,1.50,1.73
2013.01.14 01:50:34.756,1.6139,1.61397,1.50,1.50
2013.01.14 01:50:35.675,1.61381,1.61397,3.00,1.50
2013.01.14 01:50:40.383,1.61377,1.61393,1.50,1.88
2013.01.14 01:50:40.747,1.61375,1.61391,2.25,1.73
2013.01.14 01:50:40.812,1.61375,1.61393,2.48,3.98
2013.01.14 01:50:42.208,1.61386,1.61393,1.50,1.50
2013.01.14 01:50:44.213,1.6138,1.61393,2.25,2.48
2013.01.14 01:50:44.770,1.61379,1.61393,2.25,1.73
2013.01.14 01:50:45.511,1.6138,1.61393,1.50,1.73
2013.01.14 01:50:51.961,1.6138,1.61393,1.50,1.73
2013.01.14 01:50:52.464,1.61378,1.61393,2.25,1.73
2013.01.14 01:50:58.071,1.61378,1.61392,1.50,1.73
2013.01.14 01:50:58.253,1.61376,1.61388,1.50,1.35
2013.01.14 01:50:58.372,1.61376,1.61388,1.50,2.10
2013.01.14 01:50:58.552,1.61376,1.61389,1.50,1.73
2013.01.14 01:50:58.852,1.61378,1.61392,1.50,1.73
2013.01.14 01:50:59.347,1.61378,1.61392,1.50,1.73
2013.01.14 01:51:08.086,1.6138,1.61393,3.75,1.73
2013.01.14 01:51:08.401,1.61382,1.61394,1.50,1.73
2013.01.14 01:51:17.232,1.6138,1.61394,3.75,1.73
2013.01.14 01:51:45.903,1.6138,1.61388,1.50,1.13
2013.01.14 01:51:45.962,1.61378,1.61388,1.50,1.88
2013.01.14 01:51:46.023,1.61373,1.61389,3.98,1.35
2013.01.14 01:51:47.580,1.61373,1.61391,2.48,1.73
2013.01.14 01:51:48.081,1.61378,1.61393,1.50,2.48
2013.01.14 01:51:57.992,1.6138,1.61393,1.50,1.73
2013.01.14 01:52:11.551,1.61378,1.61395,2.25,3.98
2013.01.14 01:52:19.766,1.61379,1.61393,2.25,1.73
2013.01.14 01:52:39.116,1.61378,1.61395,2.25,2.48
2013.01.14 01:52:39.741,1.61379,1.61395,1.50,2.48
2013.01.14 01:52:44.623,1.61379,1.61395,2.25,2.48
2013.01.14 01:52:45.072,1.61383,1.61396,1.50,1.80
2013.01.14 01:52:45.622,1.61383,1.61397,2.25,3.23
2013.01.14 01:52:46.134,1.61383,1.61397,2.25,3.98
2013.01.14 01:52:47.142,1.61382,1.61396,2.48,1.73
2013.01.14 01:52:50.142,1.61382,1.61397,2.48,3.23
2013.01.14 01:52:50.321,1.61385,1.61398,1.73,1.13
2013.01.14 01:53:01.181,1.61385,1.61398,1.73,1.13
2013.01.14 01:53:15.703,1.61384,1.61399,2.48,1.35
2013.01.14 01:53:21.752,1.61384,1.61399,1.73,1.35
2013.01.14 01:53:23.573,1.61384,1.61399,2.48,1.35
2013.01.14 01:53:34.342,1.61384,1.61399,2.48,1.35
2013.01.14 01:53:34.707,1.61387,1.61401,1.73,3.23
2013.01.14 01:53:35.221,1.61387,1.61401,2.25,3.98
2013.01.14 01:53:42.292,1.61387,1.61399,1.50,1.35
2013.01.14 01:53:42.955,1.61386,1.61399,1.50,1.35
2013.01.14 01:53:54.814,1.61386,1.61399,1.50,1.35
2013.01.14 01:53:55.473,1.61383,1.61399,2.48,1.35
2013.01.14 01:54:04.222,1.61383,1.61399,2.48,1.35
2013.01.14 01:54:16.594,1.61384,1.61399,1.73,1.35
2013.01.14 01:54:17.207,1.61384,1.61399,1.73,1.35
2013.01.14 01:54:19.643,1.61384,1.61399,2.48,1.35
2013.01.14 01:54:20.152,1.61386,1.61399,1.50,1.35
2013.01.14 01:54:22.311,1.61386,1.61399,1.50,1.35
2013.01.14 01:54:28.464,1.61387,1.61399,1.50,1.35
2013.01.14 01:54:28.822,1.61389,1.61399,1.50,1.35
2013.01.14 01:54:28.942,1.61387,1.61399,1.50,1.35
2013.01.14 01:54:30.272,1.61385,1.61399,1.73,1.35
2013.01.14 01:54:30.511,1.61387,1.61399,1.50,1.35
2013.01.14 01:54:31.226,1.61386,1.61399,1.50,1.35
2013.01.14 01:54:35.366,1.61386,1.61399,1.50,1.35
2013.01.14 01:54:35.897,1.61384,1.61399,1.73,1.35
2013.01.14 01:54:42.094,1.61384,1.61399,1.73,1.35
2013.01.14 01:54:44.213,1.61384,1.61399,2.48,1.35
2013.01.14 01:54:44.515,1.61386,1.614,2.25,1.35
2013.01.14 01:54:45.092,1.61388,1.61401,2.63,1.73
2013.01.14 01:54:46.165,1.61388,1.61401,2.63,1.73
2013.01.14 01:54:47.614,1.61388,1.61401,2.63,2.48
2013.01.14 01:54:48.153,1.61386,1.614,2.40,1.73
2013.01.14 01:54:51.047,1.61386,1.61403,2.40,1.73
2013.01.14 01:54:51.111,1.61386,1.61403,2.25,2.48
2013.01.14 01:54:52.012,1.61385,1.61402,1.13,2.48
2013.01.14 01:54:52.605,1.61385,1.61402,1.13,2.48
2013.01.14 01:54:59.321,1.61385,1.61403,2.63,3.23
2013.01.14 01:55:01.671,1.61385,1.61403,2.63,3.23
2013.01.14 01:55:02.222,1.61385,1.61401,2.55,1.73
2013.01.14 01:55:02.773,1.61382,1.61399,1.73,2.48
2013.01.14 01:55:03.331,1.61385,1.61399,1.13,2.48
2013.01.14 01:55:09.093,1.61386,1.61402,2.33,1.73
2013.01.14 01:55:12.541,1.61384,1.614,2.63,2.48
2013.01.14 01:55:14.481,1.61384,1.61398,1.13,1.50
2013.01.14 01:55:15.053,1.61386,1.61403,2.33,2.48
2013.01.14 01:55:16.201,1.61386,1.61403,2.33,2.48
2013.01.14 01:55:16.502,1.61386,1.61397,1.58,1.73
2013.01.14 01:55:16.922,1.61381,1.61399,2.48,5.85
2013.01.14 01:55:18.381,1.61383,1.61399,1.50,2.85
2013.01.14 01:55:20.682,1.61381,1.61399,2.48,4.35
2013.01.14 01:55:31.582,1.61381,1.61399,2.48,5.85
2013.01.14 01:55:31.657,1.61381,1.61399,2.48,5.10
2013.01.14 01:55:32.275,1.61385,1.61399,1.73,2.10
2013.01.14 01:55:32.803,1.61383,1.61399,2.48,2.10
2013.01.14 01:55:33.342,1.61384,1.61399,1.73,3.60
2013.01.14 01:55:34.221,1.61384,1.61397,2.48,1.13
2013.01.14 01:55:34.744,1.61382,1.61397,2.48,1.73
2013.01.14 01:55:41.262,1.61382,1.61397,2.48,1.73
2013.01.14 01:55:53.281,1.61384,1.61399,1.73,2.85
2013.01.14 01:56:01.141,1.61387,1.614,1.50,1.35
2013.01.14 01:56:01.262,1.61385,1.614,1.73,1.35
2013.01.14 01:56:07.606,1.61385,1.614,2.48,1.35
2013.01.14 01:56:09.916,1.61385,1.61401,2.48,3.23
2013.01.14 01:56:12.083,1.61385,1.61401,1.73,3.23
2013.01.14 01:56:13.986,1.61385,1.614,1.73,1.35
2013.01.14 01:56:15.144,1.61385,1.614,1.73,1.35
2013.01.14 01:56:34.911,1.61382,1.61399,1.73,1.35
2013.01.14 01:56:40.682,1.61382,1.61399,2.48,1.35
2013.01.14 01:56:56.951,1.61385,1.61399,1.20,2.10
2013.01.14 01:57:02.153,1.61384,1.61401,2.48,1.73
2013.01.14 01:57:02.693,1.61384,1.61402,2.48,3.23
2013.01.14 01:57:02.812,1.61384,1.61402,2.48,3.23
2013.01.14 01:57:05.191,1.61384,1.61402,2.48,3.23
2013.01.14 01:57:19.222,1.61383,1.61401,2.48,3.98
2013.01.14 01:57:19.538,1.61383,1.61401,2.48,2.48
2013.01.14 01:57:20.442,1.61385,1.61402,2.48,2.48
2013.01.14 01:57:29.202,1.61383,1.61401,2.48,3.23
2013.01.14 01:57:33.633,1.61383,1.61401,2.48,2.48
2013.01.14 01:57:35.226,1.61383,1.61401,2.48,3.23
2013.01.14 01:57:45.626,1.61383,1.61401,2.48,2.55
2013.01.14 01:57:50.032,1.61385,1.61401,2.48,1.80
2013.01.14 01:57:57.434,1.61385,1.614,2.48,1.73
2013.01.14 01:58:01.053,1.61383,1.61401,2.85,2.55
2013.01.14 01:58:01.413,1.61385,1.614,1.05,1.73
2013.01.14 01:58:03.853,1.61385,1.61401,1.05,3.23
2013.01.14 01:58:04.623,1.61385,1.61399,1.05,1.05
2013.01.14 01:58:09.533,1.61385,1.61399,1.05,1.05
2013.01.14 01:58:12.523,1.61385,1.61399,2.55,1.05
2013.01.14 01:58:15.433,1.61385,1.61399,2.55,1.05
2013.01.14 01:58:23.722,1.61387,1.61403,2.48,2.85
2013.01.14 01:58:24.664,1.61387,1.614,2.48,1.05
2013.01.14 01:58:25.202,1.61387,1.61401,2.48,1.13
2013.01.14 01:58:28.542,1.61387,1.61402,2.48,1.13
2013.01.14 01:58:38.173,1.61385,1.614,4.05,1.13
2013.01.14 01:58:43.832,1.61385,1.61403,4.05,2.85
2013.01.14 01:58:45.972,1.61385,1.61403,4.05,2.85
2013.01.14 01:59:01.703,1.61385,1.61403,4.80,2.85
2013.01.14 01:59:04.684,1.61387,1.61403,2.48,2.10
2013.01.14 01:59:08.922,1.61387,1.61404,2.48,2.48
2013.01.14 01:59:09.507,1.61387,1.61404,2.48,2.48
2013.01.14 01:59:19.405,1.61387,1.61404,2.48,1.73
2013.01.14 01:59:19.472,1.61387,1.61404,2.48,2.48
2013.01.14 01:59:40.743,1.61386,1.61404,3.23,3.23
