2014.12.29 12:00:00.322,1.55453,1.55463,3.75,9.00
2014.12.29 12:00:01.000,1.55455,1.55463,3.75,3.82
2014.12.29 12:00:01.405,1.5546,1.55464,3.75,4.20
2014.12.29 12:00:01.456,1.55461,1.55466,3.82,1.87
2014.12.29 12:00:01.558,1.55461,1.55468,4.20,1.00
2014.12.29 12:00:02.066,1.55461,1.55469,3.97,1.25
2014.12.29 12:00:02.572,1.55461,1.55468,3.97,1.00
2014.12.29 12:00:02.884,1.55461,1.55466,4.57,1.00
2014.12.29 12:00:03.542,1.5546,1.55466,8.06,1.00
2014.12.29 12:00:04.884,1.5546,1.55468,5.14,3.82
2014.12.29 12:00:05.036,1.55461,1.55469,5.70,1.25
2014.12.29 12:00:06.414,1.55461,1.5547,5.89,1.20
2014.12.29 12:00:06.465,1.55465,1.55472,4.50,4.69
2014.12.29 12:00:06.617,1.55467,1.55476,3.82,2.51
2014.12.29 12:00:07.022,1.55467,1.55476,3.82,1.01
2014.12.29 12:00:10.039,1.55467,1.55475,3.82,1.20
2014.12.29 12:00:10.191,1.5547,1.55478,3.75,9.19
2014.12.29 12:00:10.497,1.5547,1.55477,3.82,1.09
2014.12.29 12:00:10.749,1.55468,1.55477,1.65,8.81
2014.12.29 12:00:11.002,1.55469,1.55477,3.75,5.06
2014.12.29 12:00:11.466,1.55469,1.55478,3.82,1.01
2014.12.29 12:00:12.898,1.55472,1.55477,1.00,1.20
2014.12.29 12:00:13.100,1.55469,1.55477,5.32,1.12
2014.12.29 12:00:13.977,1.55471,1.55479,1.00,4.76
2014.12.29 12:00:17.391,1.55472,1.5548,3.75,8.44
2014.12.29 12:00:17.897,1.55472,1.5548,3.75,4.69
2014.12.29 12:00:18.402,1.55472,1.5548,3.75,4.39
2014.12.29 12:00:18.705,1.55471,1.55479,1.10,3.82
2014.12.29 12:00:19.319,1.55472,1.55479,1.00,4.09
2014.12.29 12:00:25.224,1.55471,1.55477,4.95,1.00
2014.12.29 12:00:25.732,1.5547,1.5548,5.77,4.09
2014.12.29 12:00:25.783,1.5547,1.5548,6.15,4.01
2014.12.29 12:00:26.089,1.5547,1.55477,4.50,1.01
2014.12.29 12:00:26.243,1.55467,1.55476,1.10,4.46
2014.12.29 12:00:26.493,1.55467,1.55475,1.10,1.01
2014.12.29 12:00:26.645,1.55467,1.55476,1.10,4.76
2014.12.29 12:00:27.294,1.55466,1.55473,3.75,4.39
2014.12.29 12:00:27.345,1.55463,1.55471,3.82,3.75
2014.12.29 12:00:28.407,1.55463,1.5547,3.75,1.39
2014.12.29 12:00:29.063,1.55466,1.55471,1.00,4.50
2014.12.29 12:00:29.165,1.55468,1.55473,1.00,1.00
2014.12.29 12:00:29.520,1.55468,1.55475,1.47,4.57
2014.12.29 12:00:29.621,1.55468,1.55475,1.10,4.57
2014.12.29 12:00:30.331,1.55465,1.55472,6.26,1.00
2014.12.29 12:00:30.482,1.55463,1.55472,8.25,1.20
2014.12.29 12:00:30.988,1.55463,1.55472,8.25,1.20
2014.12.29 12:00:31.568,1.55463,1.55472,8.25,1.39
2014.12.29 12:00:32.371,1.55463,1.55472,8.25,1.39
2014.12.29 12:00:32.876,1.55463,1.55472,7.95,1.39
2014.12.29 12:00:33.129,1.55464,1.55472,1.65,1.39
2014.12.29 12:00:33.230,1.55464,1.55472,1.35,1.39
2014.12.29 12:00:33.735,1.55464,1.55472,1.35,1.09
2014.12.29 12:00:35.686,1.55464,1.55473,1.65,8.44
2014.12.29 12:00:35.991,1.55468,1.55474,3.90,1.19
2014.12.29 12:00:46.058,1.55468,1.55474,3.82,1.00
2014.12.29 12:00:48.687,1.5547,1.55474,1.00,1.00
2014.12.29 12:00:51.461,1.5547,1.55472,1.00,1.00
2014.12.29 12:00:51.663,1.5547,1.55474,1.00,1.00
2014.12.29 12:00:51.764,1.55468,1.55472,4.27,1.00
2014.12.29 12:00:56.627,1.5547,1.55475,3.82,1.00
2014.12.29 12:00:56.729,1.55472,1.55478,3.75,1.39
2014.12.29 12:00:57.234,1.55472,1.55478,3.75,2.06
2014.12.29 12:00:57.689,1.55473,1.55478,7.50,1.12
2014.12.29 12:00:57.791,1.55476,1.55479,1.10,1.00
2014.12.29 12:00:57.842,1.55476,1.55481,1.10,1.00
2014.12.29 12:00:59.305,1.55474,1.55481,1.24,1.00
2014.12.29 12:00:59.811,1.55474,1.5548,1.05,1.00
2014.12.29 12:01:01.861,1.55474,1.5548,1.67,1.00
2014.12.29 12:01:04.351,1.55474,1.55483,1.67,8.51
2014.12.29 12:01:04.755,1.55476,1.55485,1.10,4.84
2014.12.29 12:01:06.240,1.55476,1.55485,4.65,3.75
2014.12.29 12:01:06.291,1.55477,1.55487,3.82,5.59
2014.12.29 12:01:06.935,1.55479,1.55487,1.00,4.76
2014.12.29 12:01:13.423,1.5548,1.55487,1.00,3.82
2014.12.29 12:01:13.524,1.5548,1.55489,1.20,7.84
2014.12.29 12:01:13.575,1.55481,1.55489,3.75,3.82
2014.12.29 12:01:13.878,1.55482,1.5549,1.65,1.39
2014.12.29 12:01:14.273,1.55482,1.5549,1.05,1.39
2014.12.29 12:01:17.172,1.55481,1.55489,4.20,3.94
2014.12.29 12:01:17.677,1.5548,1.55488,3.82,4.01
2014.12.29 12:01:18.382,1.5548,1.55488,3.82,4.01
2014.12.29 12:01:19.665,1.5548,1.55488,3.82,4.01
2014.12.29 12:01:25.584,1.5548,1.55488,5.32,4.01
2014.12.29 12:01:26.140,1.5548,1.55488,4.57,3.94
2014.12.29 12:01:26.905,1.5548,1.55488,3.82,8.44
2014.12.29 12:01:27.057,1.55478,1.55486,3.75,3.94
2014.12.29 12:01:29.383,1.55478,1.55486,3.75,4.09
2014.12.29 12:01:30.483,1.55478,1.55486,3.75,4.09
2014.12.29 12:01:31.546,1.55478,1.55486,3.75,4.69
2014.12.29 12:01:33.899,1.55477,1.55483,1.10,3.94
2014.12.29 12:01:34.102,1.55474,1.55482,1.10,3.94
2014.12.29 12:01:34.811,1.55471,1.55479,7.87,3.94
2014.12.29 12:01:34.862,1.55471,1.55479,3.75,3.94
2014.12.29 12:01:35.370,1.55471,1.55479,3.75,4.69
2014.12.29 12:01:36.079,1.55472,1.55481,3.82,1.39
2014.12.29 12:01:36.181,1.55475,1.55482,3.82,1.39
2014.12.29 12:01:36.231,1.55475,1.55482,3.82,1.01
2014.12.29 12:01:36.738,1.55476,1.55484,3.82,1.69
2014.12.29 12:01:37.346,1.55476,1.55484,3.82,2.06
2014.12.29 12:01:37.852,1.55476,1.55484,3.82,1.94
2014.12.29 12:01:41.011,1.55476,1.55484,3.82,1.66
2014.12.29 12:01:41.112,1.55474,1.55484,4.57,4.84
2014.12.29 12:01:42.455,1.55474,1.55484,3.90,5.14
2014.12.29 12:01:45.222,1.55474,1.55484,3.82,5.51
2014.12.29 12:01:46.228,1.55474,1.55484,3.82,4.84
2014.12.29 12:01:47.340,1.55474,1.55484,4.57,4.09
2014.12.29 12:01:48.544,1.55474,1.55484,4.57,4.16
2014.12.29 12:01:49.000,1.55472,1.55482,8.25,7.69
2014.12.29 12:01:49.507,1.55472,1.55482,7.50,8.14
2014.12.29 12:01:58.058,1.55473,1.55482,1.20,9.41
2014.12.29 12:01:58.109,1.55473,1.55478,1.20,1.00
2014.12.29 12:01:58.364,1.55464,1.55472,3.82,3.94
2014.12.29 12:01:58.921,1.55465,1.55472,3.82,3.94
2014.12.29 12:01:59.886,1.55465,1.55475,9.00,7.84
2014.12.29 12:01:59.987,1.55467,1.55477,3.82,4.76
2014.12.29 12:02:01.077,1.55467,1.55477,3.82,4.16
2014.12.29 12:02:03.066,1.55468,1.55477,1.10,4.16
2014.12.29 12:02:04.054,1.55467,1.55476,5.25,4.16
2014.12.29 12:02:04.358,1.55462,1.55472,5.47,4.39
2014.12.29 12:02:05.503,1.55462,1.55471,4.65,1.29
2014.12.29 12:02:06.022,1.55462,1.5547,1.00,4.01
2014.12.29 12:02:06.592,1.5546,1.55466,3.90,1.00
2014.12.29 12:02:06.745,1.55455,1.55463,1.10,7.50
2014.12.29 12:02:07.200,1.55456,1.55463,3.82,1.29
2014.12.29 12:02:07.302,1.55453,1.55461,3.75,3.94
2014.12.29 12:02:07.505,1.55451,1.55459,1.10,1.01
2014.12.29 12:02:08.595,1.5545,1.5546,3.82,4.76
2014.12.29 12:02:10.535,1.55449,1.55458,1.10,4.76
2014.12.29 12:02:12.652,1.55449,1.55458,3.82,3.94
2014.12.29 12:02:13.158,1.5545,1.5546,3.82,4.84
2014.12.29 12:02:16.800,1.5545,1.5546,3.82,3.90
2014.12.29 12:02:16.901,1.55452,1.55461,3.82,1.46
2014.12.29 12:02:17.103,1.55452,1.55461,3.82,1.20
2014.12.29 12:02:17.659,1.55452,1.55461,3.82,1.17
2014.12.29 12:02:20.044,1.55452,1.55461,3.82,1.27
2014.12.29 12:02:20.588,1.55452,1.55461,3.82,1.57
2014.12.29 12:02:20.841,1.55452,1.55461,3.82,1.20
2014.12.29 12:02:24.759,1.55452,1.5546,3.75,3.75
2014.12.29 12:02:24.810,1.5545,1.5546,7.69,7.50
2014.12.29 12:02:35.607,1.5545,1.55458,7.69,1.00
2014.12.29 12:02:36.123,1.5545,1.5546,7.50,8.40
2014.12.29 12:02:36.275,1.55449,1.55457,4.69,3.75
2014.12.29 12:02:50.135,1.55451,1.55457,3.75,3.75
2014.12.29 12:02:50.186,1.55451,1.5546,7.50,1.30
2014.12.29 12:02:50.237,1.55453,1.55461,3.75,3.90
2014.12.29 12:02:50.541,1.55455,1.55463,3.75,3.75
2014.12.29 12:02:50.794,1.55452,1.55462,9.00,7.50
2014.12.29 12:02:54.197,1.55452,1.5546,7.50,1.00
2014.12.29 12:02:54.728,1.55452,1.55461,7.50,1.20
2014.12.29 12:02:55.559,1.5545,1.5546,3.90,3.82
2014.12.29 12:02:59.358,1.55451,1.55458,1.00,3.82
2014.12.29 12:03:06.658,1.55449,1.55458,1.10,3.82
2014.12.29 12:03:11.863,1.55451,1.55458,1.00,3.97
2014.12.29 12:03:19.492,1.55449,1.55458,1.10,3.90
2014.12.29 12:03:20.220,1.5545,1.55458,3.75,4.50
2014.12.29 12:03:26.466,1.55452,1.5546,3.75,4.57
2014.12.29 12:03:27.507,1.55452,1.5546,3.75,4.20
2014.12.29 12:03:37.381,1.55452,1.5546,3.75,4.57
2014.12.29 12:03:41.290,1.55452,1.5546,3.75,5.14
2014.12.29 12:03:41.805,1.55452,1.5546,3.75,5.44
2014.12.29 12:03:42.078,1.55452,1.5546,3.75,4.09
2014.12.29 12:03:43.151,1.55452,1.55458,3.75,1.00
2014.12.29 12:03:43.677,1.55452,1.5546,3.75,4.84
2014.12.29 12:03:44.613,1.55452,1.5546,3.75,5.14
2014.12.29 12:03:44.714,1.55449,1.55458,7.69,1.35
2014.12.29 12:03:50.823,1.55451,1.5546,3.82,1.85
2014.12.29 12:03:50.924,1.55451,1.5546,3.82,1.20
2014.12.29 12:03:52.921,1.55449,1.55459,3.82,3.90
2014.12.29 12:04:06.750,1.55449,1.55459,4.57,5.02
2014.12.29 12:04:20.679,1.55448,1.55457,1.65,7.57
2014.12.29 12:04:20.982,1.5545,1.55458,3.75,4.20
2014.12.29 12:04:28.702,1.55451,1.55461,7.50,8.44
2014.12.29 12:04:29.056,1.55454,1.55461,3.75,5.25
2014.12.29 12:04:29.157,1.55455,1.55462,3.82,1.10
2014.12.29 12:04:29.562,1.55455,1.55464,3.82,1.09
2014.12.29 12:04:30.119,1.55455,1.55463,3.82,1.00
2014.12.29 12:04:33.891,1.55451,1.5546,1.46,3.82
2014.12.29 12:04:33.942,1.5545,1.5546,4.91,3.82
2014.12.29 12:04:34.713,1.55451,1.55459,1.01,1.20
2014.12.29 12:04:35.017,1.5545,1.55457,1.10,3.75
2014.12.29 12:04:36.888,1.5545,1.55457,1.10,4.20
2014.12.29 12:04:37.546,1.5545,1.55457,1.10,4.12
2014.12.29 12:04:39.650,1.5545,1.55457,1.10,4.12
2014.12.29 12:04:40.156,1.55451,1.55456,1.00,1.10
2014.12.29 12:04:40.685,1.55449,1.55457,4.57,3.75
2014.12.29 12:04:41.728,1.55451,1.55457,1.00,3.82
2014.12.29 12:04:42.436,1.55449,1.55457,4.50,3.82
2014.12.29 12:04:43.941,1.5545,1.55457,1.10,4.12
2014.12.29 12:04:44.143,1.5545,1.55457,1.10,4.12
2014.12.29 12:04:45.703,1.5545,1.55457,1.10,4.20
2014.12.29 12:04:45.805,1.55451,1.55457,1.00,4.12
2014.12.29 12:04:47.897,1.55451,1.55457,1.07,3.75
2014.12.29 12:04:48.654,1.55449,1.55457,4.50,3.82
2014.12.29 12:04:49.679,1.55451,1.55457,1.00,4.12
2014.12.29 12:04:50.185,1.55451,1.55457,1.00,3.75
2014.12.29 12:04:50.640,1.55451,1.55459,1.20,1.30
2014.12.29 12:04:50.691,1.55451,1.55457,1.20,1.00
2014.12.29 12:04:51.045,1.55451,1.5546,1.20,8.70
2014.12.29 12:04:51.147,1.55451,1.55457,1.20,1.00
2014.12.29 12:04:51.652,1.55451,1.55458,1.20,1.00
2014.12.29 12:04:52.159,1.55451,1.55459,1.20,1.30
2014.12.29 12:04:52.632,1.5545,1.55459,8.25,1.57
2014.12.29 12:04:53.138,1.5545,1.55458,8.25,1.47
2014.12.29 12:04:53.290,1.55451,1.55458,1.20,1.10
2014.12.29 12:04:53.745,1.55451,1.55457,1.00,3.75
2014.12.29 12:04:54.646,1.55449,1.55457,3.75,3.75
2014.12.29 12:04:55.815,1.55449,1.55457,4.12,3.75
2014.12.29 12:04:55.917,1.55449,1.55457,4.12,3.75
2014.12.29 12:04:56.423,1.55449,1.55457,3.75,3.75
2014.12.29 12:04:56.929,1.55447,1.55456,1.39,3.90
2014.12.29 12:04:56.981,1.55446,1.55456,4.01,3.90
2014.12.29 12:04:57.487,1.55446,1.55456,4.09,4.20
2014.12.29 12:04:58.346,1.55446,1.55456,4.20,4.20
2014.12.29 12:04:58.849,1.55446,1.55456,3.82,4.27
2014.12.29 12:05:00.533,1.55446,1.55456,4.95,3.90
2014.12.29 12:05:00.735,1.55446,1.55456,4.57,4.20
2014.12.29 12:05:03.029,1.55448,1.55457,3.75,4.57
2014.12.29 12:05:14.629,1.55449,1.55458,1.65,4.20
2014.12.29 12:05:18.487,1.55449,1.55458,1.10,4.57
2014.12.29 12:05:18.992,1.55449,1.55458,1.10,5.02
2014.12.29 12:05:20.036,1.55451,1.55458,1.00,5.02
2014.12.29 12:05:21.124,1.55451,1.55458,1.00,5.02
2014.12.29 12:05:21.428,1.55451,1.55458,1.10,1.12
2014.12.29 12:05:21.530,1.55451,1.55458,1.10,1.37
2014.12.29 12:05:21.733,1.55451,1.5546,1.10,3.82
2014.12.29 12:05:22.238,1.55451,1.5546,1.10,4.57
2014.12.29 12:05:23.434,1.55452,1.5546,1.00,4.57
2014.12.29 12:05:23.941,1.55451,1.5546,1.10,4.57
2014.12.29 12:05:24.042,1.55451,1.5546,1.10,4.27
2014.12.29 12:05:24.093,1.55451,1.5546,1.10,4.27
2014.12.29 12:05:30.352,1.5545,1.55457,3.82,1.12
2014.12.29 12:05:31.123,1.55449,1.55457,3.82,1.57
2014.12.29 12:05:31.633,1.55448,1.55457,4.57,1.20
2014.12.29 12:05:32.311,1.55448,1.55457,4.57,1.20
2014.12.29 12:05:35.100,1.55448,1.55457,4.57,1.20
2014.12.29 12:05:35.605,1.55448,1.55457,4.57,1.27
2014.12.29 12:05:36.605,1.55448,1.55457,4.57,1.57
2014.12.29 12:05:38.282,1.55448,1.55457,4.57,1.27
2014.12.29 12:05:38.800,1.55448,1.55457,4.57,1.85
2014.12.29 12:05:38.901,1.55448,1.55457,4.57,1.20
2014.12.29 12:05:46.976,1.55449,1.55457,3.82,1.10
2014.12.29 12:05:47.605,1.5545,1.55457,3.82,1.00
2014.12.29 12:05:50.831,1.5545,1.55457,3.82,1.07
2014.12.29 12:05:53.356,1.5545,1.55457,3.82,1.00
2014.12.29 12:06:00.911,1.55451,1.55459,3.82,1.10
2014.12.29 12:06:01.012,1.55453,1.55459,3.82,1.00
2014.12.29 12:06:01.519,1.55454,1.55459,3.90,1.50
2014.12.29 12:06:02.631,1.55454,1.55458,4.12,1.00
2014.12.29 12:06:02.732,1.55452,1.55458,4.27,1.00
2014.12.29 12:06:03.237,1.55451,1.55459,3.82,4.50
2014.12.29 12:06:04.362,1.55451,1.55459,4.12,4.50
2014.12.29 12:06:04.665,1.55454,1.55459,4.12,3.75
2014.12.29 12:06:04.716,1.55455,1.55463,3.90,1.10
2014.12.29 12:06:04.918,1.55458,1.55462,3.75,1.00
2014.12.29 12:06:04.969,1.55458,1.55464,3.75,1.00
2014.12.29 12:06:05.479,1.55458,1.55463,3.75,1.50
2014.12.29 12:06:05.985,1.55458,1.55464,3.75,1.50
2014.12.29 12:06:06.545,1.55458,1.55465,3.75,1.91
2014.12.29 12:06:07.101,1.55458,1.55462,3.75,1.00
2014.12.29 12:06:07.253,1.55458,1.55465,3.75,1.57
2014.12.29 12:06:07.405,1.55458,1.55463,3.75,1.00
2014.12.29 12:06:07.923,1.55458,1.55462,3.75,1.00
2014.12.29 12:06:13.333,1.55456,1.55462,3.75,1.00
2014.12.29 12:06:13.384,1.55454,1.55462,4.57,1.00
2014.12.29 12:06:15.582,1.55454,1.55462,1.00,4.57
2014.12.29 12:06:16.601,1.55453,1.55462,1.10,3.82
2014.12.29 12:06:17.106,1.55453,1.55462,1.27,3.82
2014.12.29 12:06:17.642,1.55453,1.55462,1.20,3.82
2014.12.29 12:06:19.463,1.55455,1.55463,3.75,3.82
2014.12.29 12:06:19.514,1.55455,1.55464,3.82,1.57
2014.12.29 12:06:51.625,1.55457,1.55465,1.00,4.57
2014.12.29 12:06:52.081,1.55458,1.55465,3.75,1.20
2014.12.29 12:06:52.587,1.55458,1.55464,3.75,1.00
2014.12.29 12:06:53.901,1.55458,1.55465,3.75,1.10
2014.12.29 12:06:54.406,1.55458,1.55464,3.75,1.00
2014.12.29 12:07:12.207,1.55457,1.55464,3.75,1.10
2014.12.29 12:07:36.310,1.55458,1.55467,3.75,4.57
2014.12.29 12:07:36.564,1.55458,1.55464,7.57,1.00
2014.12.29 12:07:37.022,1.55456,1.55464,7.57,1.00
2014.12.29 12:07:38.530,1.55456,1.55464,7.50,1.07
2014.12.29 12:07:38.783,1.55456,1.5546,7.50,1.00
2014.12.29 12:07:40.003,1.55454,1.5546,3.82,1.00
2014.12.29 12:07:41.677,1.55454,1.55459,4.57,1.00
2014.12.29 12:07:41.980,1.55453,1.55457,3.82,1.00
2014.12.29 12:07:42.486,1.55452,1.55457,3.82,1.00
2014.12.29 12:07:42.789,1.55452,1.55459,3.82,1.50
2014.12.29 12:07:46.004,1.55453,1.55461,1.10,1.10
2014.12.29 12:08:00.829,1.55452,1.55461,3.82,1.17
2014.12.29 12:08:02.152,1.55452,1.55461,3.82,1.10
2014.12.29 12:08:03.931,1.55453,1.55461,3.82,1.10
2014.12.29 12:08:04.436,1.55454,1.55461,3.82,1.00
2014.12.29 12:08:13.471,1.55455,1.55464,1.10,4.27
2014.12.29 12:08:13.522,1.55456,1.55465,3.75,4.27
2014.12.29 12:08:13.572,1.55456,1.55465,8.44,1.05
2014.12.29 12:08:13.623,1.55458,1.55465,3.75,1.20
2014.12.29 12:08:13.724,1.55458,1.55467,7.50,1.20
2014.12.29 12:08:14.179,1.55458,1.55462,7.50,1.00
2014.12.29 12:08:14.331,1.55453,1.55459,4.69,1.00
2014.12.29 12:08:14.432,1.55451,1.55459,5.40,1.00
2014.12.29 12:08:14.686,1.5545,1.55459,1.01,4.57
2014.12.29 12:08:17.757,1.55449,1.55459,4.01,4.72
2014.12.29 12:08:20.045,1.55449,1.55459,4.01,4.65
2014.12.29 12:08:27.824,1.55448,1.55454,5.44,3.75
2014.12.29 12:08:28.077,1.55444,1.55451,4.01,1.00
2014.12.29 12:08:28.380,1.55444,1.55453,4.76,1.10
2014.12.29 12:08:28.431,1.55447,1.55453,3.75,1.00
2014.12.29 12:08:28.936,1.55447,1.55455,4.01,4.57
2014.12.29 12:08:31.641,1.55448,1.55455,4.50,1.10
2014.12.29 12:08:32.998,1.55448,1.55458,4.57,4.57
2014.12.29 12:08:33.578,1.5545,1.55458,3.75,1.10
2014.12.29 12:08:42.049,1.55449,1.55457,4.01,3.82
2014.12.29 12:08:44.870,1.55449,1.55456,3.82,1.47
2014.12.29 12:08:44.972,1.55445,1.55451,1.00,4.57
2014.12.29 12:08:45.478,1.55443,1.55449,4.57,1.00
2014.12.29 12:08:46.937,1.55443,1.55451,4.57,3.82
2014.12.29 12:08:47.468,1.55443,1.5545,1.00,3.82
2014.12.29 12:08:48.487,1.55444,1.55452,3.75,5.25
2014.12.29 12:08:49.298,1.55442,1.55448,1.10,1.10
2014.12.29 12:08:49.829,1.5544,1.55446,4.50,1.00
2014.12.29 12:08:50.335,1.5544,1.55446,1.00,1.10
2014.12.29 12:08:50.385,1.55438,1.55446,1.01,1.10
2014.12.29 12:08:50.891,1.55439,1.55446,1.00,1.10
2014.12.29 12:08:52.854,1.55439,1.55445,1.00,3.75
2014.12.29 12:08:53.146,1.55437,1.55445,1.00,7.50
2014.12.29 12:08:53.248,1.55439,1.55445,1.00,7.50
2014.12.29 12:08:53.601,1.55436,1.55445,1.20,7.50
2014.12.29 12:08:53.703,1.55437,1.55445,3.82,1.00
2014.12.29 12:08:54.007,1.55437,1.55445,3.82,1.12
2014.12.29 12:08:54.209,1.55437,1.55445,3.82,1.20
2014.12.29 12:08:54.677,1.55436,1.55444,4.50,3.75
2014.12.29 12:08:54.879,1.55431,1.55438,1.00,1.10
2014.12.29 12:08:54.981,1.55431,1.5544,3.82,1.20
2014.12.29 12:08:55.183,1.55433,1.5544,3.82,1.00
2014.12.29 12:08:56.652,1.55433,1.55443,3.82,4.72
2014.12.29 12:08:56.855,1.55433,1.55443,3.82,5.02
2014.12.29 12:08:58.609,1.55433,1.55443,4.57,5.02
2014.12.29 12:09:02.689,1.55436,1.55443,3.75,1.27
2014.12.29 12:09:02.993,1.55433,1.55443,4.57,4.27
2014.12.29 12:09:03.505,1.55433,1.55443,4.57,3.90
2014.12.29 12:09:06.094,1.55433,1.55443,3.82,4.20
2014.12.29 12:09:07.065,1.55433,1.55443,4.57,3.97
2014.12.29 12:09:08.260,1.55433,1.55443,4.57,4.27
2014.12.29 12:09:09.423,1.55433,1.55443,4.57,3.97
2014.12.29 12:09:15.372,1.55433,1.5544,3.82,1.00
2014.12.29 12:09:15.525,1.55431,1.5544,3.82,1.10
2014.12.29 12:09:15.829,1.55429,1.55439,4.84,3.82
2014.12.29 12:09:16.436,1.55432,1.5544,3.82,5.32
2014.12.29 12:09:16.638,1.55433,1.55442,7.50,2.66
2014.12.29 12:09:16.841,1.55431,1.55441,3.82,3.90
2014.12.29 12:09:17.599,1.55433,1.55442,3.82,1.27
2014.12.29 12:09:17.801,1.55435,1.55443,3.82,1.00
2014.12.29 12:09:18.004,1.55437,1.55446,7.50,2.10
2014.12.29 12:09:18.057,1.55437,1.55446,7.50,1.35
2014.12.29 12:09:18.867,1.55437,1.55447,7.50,8.32
2014.12.29 12:09:19.422,1.55437,1.55445,7.50,1.00
2014.12.29 12:09:19.937,1.55437,1.55447,7.50,8.25
2014.12.29 12:09:20.446,1.55437,1.55445,7.50,1.00
2014.12.29 12:09:28.797,1.55437,1.55447,7.50,8.32
2014.12.29 12:09:32.840,1.55437,1.55444,7.50,1.00
2014.12.29 12:09:33.294,1.55437,1.55447,7.50,8.40
2014.12.29 12:09:36.827,1.55435,1.55444,3.90,1.57
2014.12.29 12:09:37.131,1.55432,1.55442,3.82,4.65
2014.12.29 12:09:37.434,1.5543,1.5544,3.82,4.57
2014.12.29 12:09:38.337,1.5543,1.55438,3.82,1.00
2014.12.29 12:09:38.843,1.5543,1.5544,3.82,4.16
2014.12.29 12:09:40.596,1.5543,1.5544,3.82,4.46
2014.12.29 12:09:43.616,1.5543,1.55439,3.82,1.57
2014.12.29 12:09:50.731,1.5543,1.55439,3.82,1.76
2014.12.29 12:09:58.165,1.55431,1.5544,3.82,5.51
2014.12.29 12:09:58.774,1.55432,1.5544,3.82,5.32
2014.12.29 12:09:59.282,1.55435,1.5544,3.82,1.20
2014.12.29 12:09:59.384,1.55435,1.55442,3.82,1.65
2014.12.29 12:10:10.768,1.55435,1.55442,3.82,1.12
2014.12.29 12:10:11.273,1.55435,1.55442,3.82,1.10
2014.12.29 12:10:11.945,1.55435,1.55442,3.82,1.12
2014.12.29 12:10:19.643,1.55435,1.55442,3.82,1.10
2014.12.29 12:10:20.249,1.55434,1.55442,7.50,1.10
2014.12.29 12:10:23.755,1.55433,1.55441,3.82,3.82
2014.12.29 12:10:28.479,1.55431,1.55439,3.82,3.75
2014.12.29 12:10:28.782,1.5543,1.55437,1.10,3.75
2014.12.29 12:10:30.819,1.55429,1.55436,3.75,3.82
2014.12.29 12:10:30.870,1.55426,1.55436,9.19,7.50
2014.12.29 12:10:30.971,1.55429,1.55437,1.10,1.10
2014.12.29 12:10:31.325,1.55428,1.55438,3.82,4.57
2014.12.29 12:10:33.094,1.55428,1.55437,3.82,1.30
2014.12.29 12:10:33.499,1.5543,1.55438,3.75,1.20
2014.12.29 12:10:33.803,1.5543,1.5544,7.50,10.31
2014.12.29 12:10:34.057,1.5543,1.55439,7.50,1.15
2014.12.29 12:10:34.209,1.5543,1.55437,3.82,3.75
2014.12.29 12:10:34.714,1.55429,1.55437,3.75,3.82
2014.12.29 12:10:36.794,1.55433,1.55439,3.75,4.95
2014.12.29 12:10:36.846,1.55433,1.55439,3.82,1.10
2014.12.29 12:10:36.947,1.55433,1.55442,3.82,1.10
2014.12.29 12:10:38.588,1.55432,1.5544,3.75,3.75
2014.12.29 12:10:38.639,1.5543,1.5544,4.27,5.32
2014.12.29 12:10:39.146,1.5543,1.55439,3.90,1.27
2014.12.29 12:10:39.652,1.5543,1.55439,3.97,1.10
2014.12.29 12:10:40.467,1.5543,1.55439,3.82,1.47
2014.12.29 12:10:40.569,1.5543,1.55439,3.82,1.30
2014.12.29 12:10:41.631,1.55432,1.55439,3.75,1.20
2014.12.29 12:10:41.938,1.5543,1.55439,8.25,1.65
2014.12.29 12:10:44.100,1.5543,1.5544,8.25,9.00
2014.12.29 12:10:50.244,1.5543,1.55439,8.25,1.05
2014.12.29 12:10:50.757,1.5543,1.55439,8.25,1.35
2014.12.29 12:10:51.263,1.5543,1.5544,7.50,8.44
2014.12.29 12:10:51.768,1.55431,1.5544,1.20,8.25
2014.12.29 12:10:52.071,1.55436,1.55443,3.75,1.27
2014.12.29 12:10:56.731,1.55436,1.55443,3.75,1.57
2014.12.29 12:11:04.084,1.55436,1.55443,3.75,1.16
2014.12.29 12:11:12.201,1.55435,1.55443,3.82,4.50
2014.12.29 12:11:15.430,1.55434,1.55442,3.75,3.75
2014.12.29 12:11:15.481,1.55432,1.55442,4.57,3.82
2014.12.29 12:11:36.836,1.55432,1.55441,3.75,3.82
2014.12.29 12:11:36.887,1.55431,1.5544,1.20,3.82
2014.12.29 12:11:36.989,1.55429,1.55437,5.70,3.75
2014.12.29 12:11:37.394,1.55429,1.55434,3.75,1.00
2014.12.29 12:11:37.647,1.55427,1.55434,3.90,1.10
2014.12.29 12:11:41.636,1.55429,1.55435,1.00,3.82
2014.12.29 12:11:41.737,1.55431,1.55437,1.10,3.75
2014.12.29 12:11:41.788,1.55431,1.55441,8.40,7.50
2014.12.29 12:11:41.839,1.55436,1.55441,1.00,7.57
2014.12.29 12:11:41.941,1.55434,1.55444,4.95,4.46
2014.12.29 12:11:42.149,1.55432,1.55442,5.77,3.90
2014.12.29 12:11:51.090,1.55432,1.5544,1.00,3.82
2014.12.29 12:11:51.595,1.55431,1.5544,1.10,3.82
2014.12.29 12:11:53.606,1.55431,1.55438,1.00,3.82
2014.12.29 12:11:53.658,1.55429,1.55438,1.57,4.76
2014.12.29 12:11:53.709,1.55429,1.55436,1.50,3.82
2014.12.29 12:11:54.013,1.55422,1.55432,5.77,3.82
2014.12.29 12:11:54.681,1.55422,1.55432,5.77,4.01
2014.12.29 12:11:57.550,1.55422,1.55432,5.70,3.82
2014.12.29 12:11:58.350,1.55422,1.55432,5.47,4.01
2014.12.29 12:12:01.812,1.55421,1.5543,1.10,3.82
2014.12.29 12:12:02.115,1.5542,1.55428,1.00,7.50
2014.12.29 12:12:10.843,1.5542,1.5543,8.25,8.44
2014.12.29 12:12:11.393,1.55421,1.5543,1.20,8.44
2014.12.29 12:12:14.301,1.55421,1.5543,1.20,8.51
2014.12.29 12:12:14.830,1.55421,1.5543,1.20,8.51
2014.12.29 12:12:16.350,1.55422,1.5543,1.00,7.64
2014.12.29 12:12:16.857,1.5542,1.5543,9.07,7.69
2014.12.29 12:12:21.294,1.55422,1.5543,1.00,7.50
2014.12.29 12:12:21.597,1.55423,1.55431,3.75,3.75
2014.12.29 12:12:37.055,1.55424,1.55433,4.50,5.14
2014.12.29 12:12:37.560,1.55424,1.55433,8.25,1.15
2014.12.29 12:12:38.842,1.55424,1.55432,4.50,3.94
2014.12.29 12:12:38.943,1.55422,1.55432,4.57,4.46
2014.12.29 12:12:39.651,1.55427,1.55433,3.75,3.82
2014.12.29 12:12:39.703,1.55427,1.55434,3.82,1.09
2014.12.29 12:12:39.754,1.5543,1.55437,3.75,2.21
2014.12.29 12:12:40.099,1.5543,1.55437,3.75,1.10
2014.12.29 12:12:40.453,1.55432,1.55439,3.75,2.21
2014.12.29 12:12:40.657,1.55432,1.55439,3.82,1.20
2014.12.29 12:12:58.871,1.55434,1.5544,1.00,3.82
2014.12.29 12:13:00.412,1.55434,1.55441,1.10,4.01
2014.12.29 12:13:00.928,1.55434,1.55443,1.10,6.34
2014.12.29 12:13:01.442,1.55434,1.55441,1.00,4.01
2014.12.29 12:13:03.582,1.55434,1.55441,1.00,4.27
2014.12.29 12:13:03.785,1.55434,1.55443,1.10,5.59
2014.12.29 12:13:04.037,1.55436,1.55444,3.75,4.76
2014.12.29 12:13:05.074,1.55439,1.55444,1.00,1.01
2014.12.29 12:13:05.204,1.55441,1.55445,1.00,1.17
2014.12.29 12:13:05.256,1.55442,1.55449,4.50,5.06
2014.12.29 12:13:05.357,1.55442,1.55449,4.57,1.00
2014.12.29 12:13:05.408,1.55442,1.55451,4.57,1.01
2014.12.29 12:13:21.054,1.55444,1.55453,3.75,5.14
2014.12.29 12:13:21.207,1.55446,1.55455,4.57,1.84
2014.12.29 12:13:21.712,1.55448,1.55456,1.00,4.27
2014.12.29 12:13:22.217,1.55448,1.55458,4.57,6.04
2014.12.29 12:13:22.737,1.55448,1.55458,4.57,4.54
2014.12.29 12:13:23.697,1.55448,1.55458,4.57,4.84
2014.12.29 12:13:23.849,1.55451,1.55458,1.00,4.46
2014.12.29 12:13:24.564,1.55449,1.55458,1.10,4.20
2014.12.29 12:13:24.615,1.55448,1.55458,4.65,4.39
2014.12.29 12:13:24.717,1.55446,1.55454,1.20,4.57
2014.12.29 12:13:25.222,1.55445,1.55453,1.10,1.29
2014.12.29 12:13:26.215,1.55445,1.55453,1.10,1.01
2014.12.29 12:13:28.550,1.55445,1.55453,1.10,1.29
2014.12.29 12:13:30.943,1.55445,1.55453,1.10,1.01
2014.12.29 12:13:32.172,1.55445,1.55453,1.10,1.39
2014.12.29 12:13:33.581,1.55445,1.55453,1.10,1.39
2014.12.29 12:13:36.984,1.55445,1.55453,1.10,1.39
2014.12.29 12:13:37.953,1.55445,1.55453,1.10,1.39
2014.12.29 12:13:45.205,1.55444,1.55453,4.57,5.14
2014.12.29 12:13:45.781,1.55444,1.55453,1.20,8.81
2014.12.29 12:13:45.832,1.55444,1.55453,1.20,8.81
2014.12.29 12:13:57.693,1.55447,1.55453,1.00,9.26
2014.12.29 12:13:57.845,1.55447,1.55453,1.00,8.06
2014.12.29 12:14:08.643,1.55448,1.55451,1.00,3.75
2014.12.29 12:14:08.694,1.55448,1.55456,1.00,7.76
2014.12.29 12:14:09.250,1.55449,1.55456,1.00,7.69
2014.12.29 12:14:09.351,1.55447,1.55456,1.20,4.20
2014.12.29 12:14:09.856,1.55449,1.55456,4.12,3.94
2014.12.29 12:14:09.907,1.55451,1.55458,1.00,1.84
2014.12.29 12:14:10.008,1.55451,1.55458,1.00,1.84
2014.12.29 12:14:10.312,1.55451,1.55459,1.00,4.65
2014.12.29 12:14:10.816,1.55453,1.55459,1.00,3.90
2014.12.29 12:14:10.918,1.55453,1.55461,8.25,1.20
2014.12.29 12:14:11.322,1.55454,1.55462,2.10,1.39
2014.12.29 12:14:11.928,1.55454,1.55462,2.40,1.20
2014.12.29 12:14:15.023,1.55454,1.55462,1.20,1.27
2014.12.29 12:14:20.602,1.55449,1.55457,1.75,3.82
2014.12.29 12:14:20.703,1.55451,1.5546,3.90,1.64
2014.12.29 12:14:21.210,1.5545,1.55458,3.75,4.39
2014.12.29 12:14:21.412,1.55448,1.55457,1.10,4.46
2014.12.29 12:14:21.715,1.55447,1.55454,1.57,3.75
2014.12.29 12:14:29.560,1.55447,1.55454,1.57,4.31
2014.12.29 12:14:30.069,1.55447,1.55454,1.10,3.82
2014.12.29 12:14:30.828,1.55446,1.55454,4.12,3.82
2014.12.29 12:14:30.980,1.55452,1.55459,1.00,2.04
2014.12.29 12:14:31.234,1.55454,1.55461,3.75,1.01
2014.12.29 12:14:31.588,1.55455,1.55462,1.20,5.06
2014.12.29 12:14:32.090,1.55455,1.55462,1.57,4.69
2014.12.29 12:14:32.955,1.55454,1.55461,1.87,3.82
2014.12.29 12:14:33.006,1.55454,1.55461,1.20,3.82
2014.12.29 12:14:33.057,1.55451,1.55461,5.51,3.82
2014.12.29 12:14:33.210,1.55451,1.5546,4.65,1.47
2014.12.29 12:14:33.312,1.55451,1.55458,3.75,1.20
2014.12.29 12:14:33.363,1.55449,1.55457,1.00,1.75
2014.12.29 12:14:34.545,1.55449,1.55458,1.00,1.76
2014.12.29 12:14:44.414,1.55449,1.55458,1.00,1.01
2014.12.29 12:14:48.270,1.55449,1.55455,1.00,3.75
2014.12.29 12:14:49.860,1.55447,1.55455,4.50,3.75
2014.12.29 12:14:52.981,1.55448,1.55457,3.82,1.30
2014.12.29 12:15:04.534,1.55448,1.55454,3.75,3.75
2014.12.29 12:15:04.586,1.55445,1.55454,1.00,3.75
2014.12.29 12:15:04.687,1.55445,1.55454,1.00,4.65
2014.12.29 12:15:05.204,1.55445,1.55454,1.00,4.69
2014.12.29 12:15:10.852,1.55445,1.55452,1.00,1.37
2014.12.29 12:15:11.004,1.55445,1.55452,1.00,1.10
2014.12.29 12:15:14.909,1.55445,1.55454,1.00,4.69
2014.12.29 12:15:16.663,1.55445,1.55453,1.00,1.30
2014.12.29 12:15:17.117,1.55446,1.55454,3.75,8.14
2014.12.29 12:15:17.627,1.55446,1.55454,3.82,4.76
2014.12.29 12:15:17.957,1.55445,1.55453,1.00,7.95
2014.12.29 12:15:18.918,1.55444,1.55453,1.20,8.14
2014.12.29 12:15:19.221,1.55444,1.55453,1.20,8.81
2014.12.29 12:15:19.514,1.55444,1.55452,1.20,1.34
2014.12.29 12:15:20.333,1.55443,1.5545,4.57,3.75
2014.12.29 12:15:20.839,1.55443,1.5545,1.10,3.90
2014.12.29 12:15:43.465,1.55443,1.55448,1.00,4.12
2014.12.29 12:15:43.667,1.55439,1.55445,1.00,4.57
2014.12.29 12:15:43.920,1.55437,1.55444,1.00,1.10
2014.12.29 12:15:43.971,1.55437,1.55443,1.00,3.94
2014.12.29 12:15:44.022,1.55435,1.55443,1.00,7.69
2014.12.29 12:15:44.527,1.55433,1.55441,7.87,1.00
2014.12.29 12:15:44.731,1.55432,1.5544,0.40,1.10
2014.12.29 12:15:44.934,1.55432,1.55434,0.20,1.00
2014.12.29 12:15:45.137,1.55432,1.55436,0.10,3.75
2014.12.29 12:15:45.491,1.55432,1.55438,0.10,8.25
2014.12.29 12:15:48.324,1.55432,1.5544,5.17,4.57
2014.12.29 12:15:48.829,1.55432,1.55439,0.10,3.82
2014.12.29 12:15:53.515,1.55432,1.5544,5.17,3.82
2014.12.29 12:15:57.810,1.55432,1.55439,0.20,3.75
2014.12.29 12:16:08.981,1.55432,1.55437,0.10,1.00
2014.12.29 12:16:09.083,1.55432,1.55435,0.10,1.00
2014.12.29 12:16:09.488,1.55432,1.55433,0.10,1.00
2014.12.29 12:16:09.792,1.55432,1.55434,0.10,1.61
2014.12.29 12:16:10.096,1.55418,1.55428,7.95,7.50
2014.12.29 12:16:10.349,1.5542,1.5543,3.82,4.91
2014.12.29 12:16:14.432,1.55421,1.5543,1.07,4.09
2014.12.29 12:16:14.584,1.55423,1.55432,1.10,4.01
2014.12.29 12:16:14.786,1.55424,1.55434,4.57,4.01
2014.12.29 12:16:15.090,1.55427,1.55435,3.82,4.16
2014.12.29 12:16:16.522,1.55427,1.55435,4.20,3.82
2014.12.29 12:16:17.876,1.55429,1.55439,3.90,4.01
2014.12.29 12:16:18.381,1.55429,1.55439,5.14,4.09
2014.12.29 12:16:18.482,1.55431,1.55441,4.01,4.16
2014.12.29 12:16:20.252,1.55431,1.5544,3.82,2.32
2014.12.29 12:16:20.506,1.55429,1.55439,8.25,8.25
2014.12.29 12:16:20.709,1.55427,1.55437,4.76,3.82
2014.12.29 12:16:21.456,1.55427,1.55437,4.57,3.82
2014.12.29 12:16:22.141,1.55427,1.55437,4.27,3.82
2014.12.29 12:16:22.647,1.55427,1.55436,3.90,1.10
2014.12.29 12:16:24.993,1.55425,1.55435,5.32,3.82
2014.12.29 12:16:25.571,1.55425,1.55435,4.57,3.82
2014.12.29 12:16:32.347,1.55424,1.55432,4.69,4.50
2014.12.29 12:16:32.499,1.55422,1.55431,4.95,4.95
2014.12.29 12:16:32.600,1.55421,1.5543,1.30,3.82
2014.12.29 12:16:43.462,1.5542,1.5543,5.02,3.82
2014.12.29 12:16:43.968,1.5542,1.55428,4.57,1.00
2014.12.29 12:16:44.867,1.5542,1.55428,4.20,1.00
2014.12.29 12:16:44.969,1.55419,1.55427,4.20,3.75
2014.12.29 12:16:53.746,1.55419,1.55427,3.90,3.75
2014.12.29 12:16:55.269,1.55416,1.55426,4.76,3.82
2014.12.29 12:17:01.253,1.55416,1.55426,3.90,4.01
2014.12.29 12:17:02.249,1.55416,1.55426,3.90,4.01
2014.12.29 12:17:03.125,1.55416,1.55426,4.57,4.01
2014.12.29 12:17:04.908,1.55419,1.55427,3.75,7.69
2014.12.29 12:17:07.434,1.5542,1.55429,3.82,4.01
2014.12.29 12:17:07.946,1.5542,1.5543,3.90,4.76
2014.12.29 12:17:18.055,1.55419,1.55428,4.57,3.75
2014.12.29 12:17:18.575,1.55419,1.55428,1.30,7.50
2014.12.29 12:17:20.791,1.5542,1.55428,3.75,3.75
2014.12.29 12:17:20.841,1.5542,1.5543,3.82,5.14
2014.12.29 12:17:22.195,1.5542,1.5543,3.82,4.76
2014.12.29 12:17:23.312,1.5542,1.5543,3.90,4.76
2014.12.29 12:17:24.288,1.5542,1.5543,3.90,4.76
2014.12.29 12:17:26.511,1.55423,1.5543,3.82,1.39
2014.12.29 12:17:28.313,1.55423,1.55431,3.82,3.90
2014.12.29 12:17:32.414,1.55424,1.55432,3.82,1.19
2014.12.29 12:17:33.692,1.55424,1.55432,4.65,1.00
2014.12.29 12:17:34.197,1.55424,1.55434,4.65,4.76
2014.12.29 12:17:35.109,1.55424,1.55432,4.57,1.00
2014.12.29 12:17:35.615,1.55424,1.55433,3.82,1.46
2014.12.29 12:17:35.767,1.55424,1.55433,3.82,1.01
2014.12.29 12:17:37.635,1.55424,1.55432,3.82,1.00
2014.12.29 12:17:38.141,1.55424,1.55434,3.82,4.84
2014.12.29 12:17:39.626,1.55424,1.55432,3.82,1.00
2014.12.29 12:17:40.150,1.55424,1.55434,3.82,4.84
2014.12.29 12:17:40.663,1.55424,1.55432,3.82,1.10
2014.12.29 12:17:44.372,1.55426,1.55433,1.00,1.27
2014.12.29 12:17:45.382,1.55424,1.55433,4.57,1.57
2014.12.29 12:17:46.157,1.55426,1.55433,3.82,1.50
2014.12.29 12:17:46.207,1.55427,1.55434,1.10,1.00
2014.12.29 12:17:46.258,1.55431,1.55434,3.82,1.00
2014.12.29 12:17:46.360,1.55431,1.55436,3.82,1.00
2014.12.29 12:17:46.764,1.55431,1.55439,3.82,4.91
2014.12.29 12:17:46.866,1.55432,1.55441,4.57,1.39
2014.12.29 12:17:47.371,1.55432,1.55441,4.57,1.09
2014.12.29 12:17:47.523,1.55432,1.55441,4.57,1.46
2014.12.29 12:17:47.776,1.55432,1.55441,4.57,1.01
2014.12.29 12:17:48.282,1.55434,1.55442,1.00,3.82
2014.12.29 12:17:48.484,1.55434,1.55443,4.57,1.20
2014.12.29 12:17:48.535,1.55434,1.55443,4.57,1.85
2014.12.29 12:17:48.838,1.55434,1.55443,4.57,1.95
2014.12.29 12:17:48.888,1.55434,1.55443,4.57,1.57
2014.12.29 12:17:59.180,1.55434,1.55441,3.82,1.12
2014.12.29 12:17:59.382,1.55432,1.55441,4.57,1.27
2014.12.29 12:18:00.494,1.55432,1.55441,4.57,1.57
2014.12.29 12:18:00.797,1.5543,1.55439,3.82,1.27
2014.12.29 12:18:00.999,1.55429,1.55437,7.50,3.90
2014.12.29 12:18:01.202,1.55423,1.55433,4.57,5.14
2014.12.29 12:18:01.303,1.55423,1.55431,4.57,1.50
2014.12.29 12:18:01.809,1.55423,1.55431,3.82,1.20
2014.12.29 12:18:02.112,1.55423,1.55432,4.57,1.76
2014.12.29 12:18:02.163,1.55423,1.55432,4.57,1.09
2014.12.29 12:18:02.668,1.55423,1.55432,4.57,1.39
2014.12.29 12:18:02.890,1.55425,1.55433,3.75,1.46
2014.12.29 12:18:03.042,1.55425,1.55434,3.82,1.46
2014.12.29 12:18:03.695,1.55425,1.55434,3.82,1.76
2014.12.29 12:18:04.411,1.55424,1.55432,3.82,1.20
2014.12.29 12:18:04.462,1.55424,1.55432,3.82,1.57
2014.12.29 12:18:04.974,1.55423,1.55432,8.25,1.54
2014.12.29 12:18:06.366,1.55423,1.55433,8.25,7.50
2014.12.29 12:18:08.126,1.55423,1.55432,7.50,2.21
2014.12.29 12:18:08.328,1.55423,1.55432,7.50,2.21
2014.12.29 12:18:09.213,1.55426,1.55432,3.75,1.30
2014.12.29 12:18:09.314,1.55426,1.55433,3.75,1.10
2014.12.29 12:18:09.568,1.55426,1.55433,3.75,1.57
2014.12.29 12:18:09.770,1.55426,1.55433,3.75,1.20
2014.12.29 12:18:10.692,1.55426,1.55433,3.75,1.39
2014.12.29 12:18:14.672,1.55426,1.55433,3.75,1.09
2014.12.29 12:18:15.581,1.55426,1.55433,3.75,1.76
2014.12.29 12:18:16.649,1.55424,1.55432,8.25,4.09
2014.12.29 12:18:16.750,1.55424,1.55429,1.00,3.75
2014.12.29 12:18:23.783,1.55422,1.55429,1.10,3.75
2014.12.29 12:18:24.293,1.55423,1.55429,1.00,3.75
2014.12.29 12:18:26.891,1.55421,1.55429,3.75,3.75
2014.12.29 12:18:34.628,1.55421,1.5543,1.20,4.01
2014.12.29 12:18:40.920,1.55423,1.5543,1.00,3.75
2014.12.29 12:18:40.971,1.55423,1.55432,1.10,4.84
2014.12.29 12:18:41.929,1.55424,1.55432,3.94,3.75
2014.12.29 12:18:41.980,1.55424,1.55433,8.44,1.09
2014.12.29 12:18:48.029,1.55424,1.55433,8.25,1.46
2014.12.29 12:18:48.535,1.55424,1.55433,8.25,1.27
2014.12.29 12:18:54.133,1.55424,1.55431,3.82,3.75
2014.12.29 12:18:54.234,1.55422,1.5543,4.50,3.75
2014.12.29 12:18:54.336,1.55422,1.55428,1.00,3.82
2014.12.29 12:18:54.841,1.55421,1.55428,1.00,3.82
2014.12.29 12:18:58.732,1.55421,1.5543,1.10,4.95
2014.12.29 12:18:59.240,1.55421,1.5543,1.27,3.82
2014.12.29 12:19:07.030,1.55421,1.5543,1.30,3.82
2014.12.29 12:19:09.167,1.55421,1.5543,1.27,3.82
2014.12.29 12:19:10.509,1.55421,1.55426,1.27,3.75
2014.12.29 12:19:10.712,1.55421,1.55426,1.10,3.75
2014.12.29 12:19:10.763,1.55421,1.55428,1.10,7.50
2014.12.29 12:19:23.369,1.55421,1.55428,1.07,7.50
2014.12.29 12:19:24.172,1.55421,1.55425,1.07,3.82
2014.12.29 12:19:24.375,1.55419,1.55425,1.00,3.82
2014.12.29 12:19:24.577,1.55412,1.55416,1.35,7.50
2014.12.29 12:19:24.680,1.5541,1.55414,1.00,7.49
2014.12.29 12:19:24.781,1.55406,1.5541,1.00,3.82
2014.12.29 12:19:24.883,1.55404,1.55411,1.10,3.75
2014.12.29 12:19:24.985,1.55402,1.55406,1.00,7.50
2014.12.29 12:19:25.138,1.554,1.55406,1.00,7.50
2014.12.29 12:19:26.164,1.554,1.55408,1.00,3.82
2014.12.29 12:19:26.872,1.55401,1.55409,3.82,4.57
2014.12.29 12:19:32.677,1.55403,1.55409,1.00,3.82
2014.12.29 12:19:32.880,1.55403,1.55413,7.65,8.25
2014.12.29 12:19:32.981,1.55403,1.55411,3.82,3.75
2014.12.29 12:19:33.285,1.55401,1.55409,4.57,3.75
2014.12.29 12:19:33.690,1.55404,1.55409,1.00,3.75
2014.12.29 12:19:33.791,1.55404,1.55411,1.10,3.75
2014.12.29 12:19:36.975,1.55404,1.5541,1.00,3.82
2014.12.29 12:19:37.973,1.55404,1.55412,4.50,4.20
2014.12.29 12:19:38.074,1.55406,1.55414,3.75,3.75
2014.12.29 12:19:38.378,1.55409,1.55414,1.00,3.75
2014.12.29 12:19:42.841,1.5541,1.55414,1.00,3.75
2014.12.29 12:19:43.246,1.55408,1.55414,1.00,3.75
2014.12.29 12:19:44.816,1.55408,1.55416,4.50,3.75
2014.12.29 12:20:03.752,1.5541,1.55416,1.00,3.75
2014.12.29 12:20:03.905,1.5541,1.55418,4.50,7.50
2014.12.29 12:20:06.556,1.55412,1.55418,1.00,3.82
2014.12.29 12:20:06.658,1.55414,1.5542,1.00,1.10
2014.12.29 12:20:06.709,1.55415,1.55422,3.82,4.50
2014.12.29 12:20:07.215,1.55413,1.55421,1.00,3.82
2014.12.29 12:20:07.671,1.55412,1.55421,1.85,3.82
2014.12.29 12:20:07.772,1.55412,1.55421,1.27,3.82
2014.12.29 12:20:08.277,1.55414,1.55421,1.00,3.82
2014.12.29 12:20:09.136,1.55414,1.55421,1.07,3.82
2014.12.29 12:20:09.339,1.55412,1.55421,1.20,3.82
2014.12.29 12:20:09.770,1.55412,1.55421,1.27,3.82
2014.12.29 12:20:09.821,1.55413,1.55422,3.90,1.10
2014.12.29 12:20:10.327,1.55414,1.55423,1.27,3.82
2014.12.29 12:20:10.530,1.55415,1.55425,4.57,4.01
2014.12.29 12:20:10.631,1.55417,1.55427,4.57,4.65
2014.12.29 12:20:10.935,1.5542,1.55427,4.50,1.10
2014.12.29 12:20:11.441,1.55422,1.55429,4.57,1.10
2014.12.29 12:20:11.745,1.55423,1.55431,4.57,1.00
2014.12.29 12:20:11.846,1.55421,1.55429,4.57,4.50
2014.12.29 12:20:12.352,1.55423,1.55429,1.00,3.75
2014.12.29 12:20:12.656,1.55421,1.55429,4.50,4.50
2014.12.29 12:20:12.757,1.5542,1.55428,1.00,7.57
2014.12.29 12:20:13.263,1.55418,1.55428,7.50,7.57
2014.12.29 12:20:13.974,1.55418,1.55428,7.50,7.95
2014.12.29 12:20:15.661,1.55417,1.55425,5.25,3.75
2014.12.29 12:20:19.689,1.55417,1.55425,4.50,4.20
2014.12.29 12:20:20.195,1.55417,1.55425,4.50,3.82
2014.12.29 12:20:21.232,1.55418,1.55427,4.50,3.82
2014.12.29 12:20:21.434,1.5542,1.5543,3.82,5.51
2014.12.29 12:20:21.738,1.5542,1.5543,3.82,5.21
2014.12.29 12:20:23.074,1.5542,1.5543,5.32,3.82
2014.12.29 12:20:23.479,1.55422,1.55431,3.82,1.57
2014.12.29 12:20:24.086,1.55422,1.5543,3.82,1.50
2014.12.29 12:20:24.602,1.55422,1.55429,3.82,1.75
2014.12.29 12:20:24.855,1.55422,1.55429,3.82,1.17
2014.12.29 12:20:25.360,1.55422,1.55432,3.82,5.14
2014.12.29 12:20:25.411,1.55422,1.55432,3.82,4.84
2014.12.29 12:20:25.462,1.55424,1.55432,7.50,1.01
2014.12.29 12:20:25.765,1.55428,1.55433,3.75,1.50
2014.12.29 12:20:25.816,1.55428,1.55436,4.50,4.20
2014.12.29 12:20:25.867,1.5543,1.55437,3.82,1.50
2014.12.29 12:20:26.070,1.55433,1.55441,3.82,3.90
2014.12.29 12:20:27.031,1.55433,1.55441,3.82,4.27
2014.12.29 12:20:27.536,1.55433,1.55441,3.82,3.90
2014.12.29 12:20:28.449,1.55432,1.55439,4.50,4.12
2014.12.29 12:20:28.603,1.55424,1.55431,1.10,3.67
2014.12.29 12:20:29.215,1.55426,1.55436,3.82,5.32
2014.12.29 12:20:29.368,1.55426,1.55436,4.57,3.97
2014.12.29 12:20:29.469,1.55428,1.55437,7.50,1.35
2014.12.29 12:20:29.772,1.55428,1.55438,7.50,8.25
2014.12.29 12:20:30.428,1.55428,1.55438,7.50,9.00
2014.12.29 12:20:31.236,1.55428,1.55438,7.50,9.37
2014.12.29 12:20:31.590,1.55426,1.55436,7.50,7.65
2014.12.29 12:20:31.844,1.5543,1.55436,1.00,7.65
2014.12.29 12:20:32.150,1.5544,1.55446,4.50,1.87
2014.12.29 12:20:32.201,1.5544,1.55448,8.25,1.12
2014.12.29 12:20:32.252,1.55443,1.55449,1.10,1.85
2014.12.29 12:20:32.455,1.55447,1.55454,4.50,1.15
2014.12.29 12:20:32.759,1.55444,1.55451,3.75,3.75
2014.12.29 12:20:32.809,1.55443,1.55451,1.00,7.50
2014.12.29 12:20:34.580,1.55443,1.55452,4.76,1.10
2014.12.29 12:20:34.984,1.55444,1.5545,1.00,3.82
2014.12.29 12:20:35.086,1.5544,1.55447,1.10,3.82
2014.12.29 12:20:35.491,1.55436,1.55444,3.82,1.00
2014.12.29 12:20:35.592,1.55435,1.55442,1.00,3.82
2014.12.29 12:20:35.693,1.55431,1.5544,1.20,3.82
2014.12.29 12:20:35.795,1.55434,1.55442,7.50,1.10
2014.12.29 12:20:35.896,1.55432,1.55442,8.44,8.25
2014.12.29 12:20:36.503,1.55429,1.55438,1.39,3.82
2014.12.29 12:20:36.857,1.5543,1.5544,4.57,3.90
2014.12.29 12:20:38.186,1.55434,1.55442,3.82,4.65
2014.12.29 12:20:38.592,1.55435,1.55444,3.82,1.20
2014.12.29 12:20:39.099,1.55437,1.55443,1.10,1.00
2014.12.29 12:20:39.150,1.55437,1.55445,1.10,1.10
2014.12.29 12:20:39.808,1.5544,1.55445,1.00,3.75
2014.12.29 12:20:40.263,1.5544,1.55448,1.00,3.97
2014.12.29 12:20:41.174,1.55441,1.55449,3.94,7.95
2014.12.29 12:20:41.782,1.55441,1.55449,4.69,3.90
2014.12.29 12:20:42.540,1.55444,1.55449,1.00,3.90
2014.12.29 12:20:42.641,1.55444,1.55454,4.57,4.57
2014.12.29 12:20:42.692,1.55447,1.55455,3.82,1.00
2014.12.29 12:20:43.199,1.55449,1.55457,4.57,1.10
2014.12.29 12:20:43.704,1.55451,1.55459,1.00,4.57
2014.12.29 12:20:44.210,1.55449,1.55459,4.57,4.57
2014.12.29 12:20:44.513,1.55449,1.55456,1.10,3.75
2014.12.29 12:20:45.119,1.5545,1.55456,3.75,1.00
2014.12.29 12:20:45.694,1.55451,1.55459,3.75,1.27
2014.12.29 12:20:45.745,1.55451,1.55459,3.82,1.10
2014.12.29 12:20:46.958,1.55451,1.55459,4.57,1.20
2014.12.29 12:20:48.171,1.55451,1.55458,3.82,3.34
2014.12.29 12:20:48.222,1.55449,1.55457,1.00,4.31
2014.12.29 12:20:48.273,1.55449,1.55456,1.00,1.16
2014.12.29 12:20:48.778,1.55447,1.55456,4.57,1.57
2014.12.29 12:20:49.284,1.55447,1.55456,4.57,1.57
2014.12.29 12:20:49.789,1.55451,1.55455,3.75,1.15
2014.12.29 12:20:49.941,1.55451,1.55457,1.00,1.10
2014.12.29 12:20:50.143,1.55448,1.55457,4.76,1.57
2014.12.29 12:20:50.699,1.55448,1.55453,1.10,1.10
2014.12.29 12:20:50.851,1.55444,1.55451,1.00,1.10
2014.12.29 12:20:51.408,1.55444,1.55452,1.19,4.72
2014.12.29 12:20:51.560,1.55445,1.55453,4.57,1.20
2014.12.29 12:20:52.570,1.55445,1.55454,4.57,1.20
2014.12.29 12:20:53.075,1.55445,1.55453,4.57,1.00
2014.12.29 12:20:53.581,1.55445,1.55455,4.57,4.72
2014.12.29 12:20:55.091,1.55445,1.55454,3.82,1.12
2014.12.29 12:20:55.141,1.55443,1.55453,8.25,7.57
2014.12.29 12:20:55.243,1.55443,1.55451,1.00,4.57
2014.12.29 12:20:55.856,1.55442,1.55451,1.01,3.82
2014.12.29 12:20:57.438,1.55441,1.55451,4.76,1.10
2014.12.29 12:20:58.445,1.55441,1.55451,4.76,1.00
2014.12.29 12:20:58.748,1.55448,1.55455,4.50,1.20
2014.12.29 12:20:58.951,1.55448,1.55458,8.25,1.50
2014.12.29 12:20:59.460,1.55448,1.55457,1.10,4.20
2014.12.29 12:21:00.643,1.55445,1.55454,4.50,2.66
2014.12.29 12:21:00.694,1.55443,1.55452,4.57,1.52
2014.12.29 12:21:00.846,1.55441,1.55449,1.00,7.50
2014.12.29 12:21:00.897,1.55439,1.55449,1.00,7.65
2014.12.29 12:21:00.948,1.55439,1.55445,1.00,3.75
2014.12.29 12:21:01.100,1.5544,1.55449,1.01,3.90
2014.12.29 12:21:01.201,1.55442,1.5545,1.00,1.87
2014.12.29 12:21:01.405,1.55444,1.55451,1.10,1.00
2014.12.29 12:21:01.455,1.55445,1.55451,3.94,1.00
2014.12.29 12:21:01.506,1.55446,1.55454,1.20,1.00
2014.12.29 12:21:02.215,1.55443,1.55453,4.50,3.82
2014.12.29 12:21:02.520,1.55441,1.5545,1.25,7.65
2014.12.29 12:21:02.824,1.55438,1.55449,7.50,1.65
2014.12.29 12:21:02.926,1.55438,1.55449,7.50,1.37
2014.12.29 12:21:03.432,1.55438,1.5545,8.44,9.00
2014.12.29 12:21:03.988,1.55438,1.55448,8.44,1.50
2014.12.29 12:21:04.292,1.55441,1.55448,3.82,1.00
2014.12.29 12:21:04.875,1.55441,1.55449,4.01,1.00
2014.12.29 12:21:06.042,1.55441,1.55449,3.82,1.00
2014.12.29 12:21:06.345,1.55439,1.55448,1.25,1.65
2014.12.29 12:21:06.854,1.55439,1.55448,1.25,1.35
2014.12.29 12:21:07.177,1.55437,1.55448,9.19,1.95
2014.12.29 12:21:07.278,1.55437,1.55447,1.25,8.62
2014.12.29 12:21:07.482,1.55435,1.55444,1.50,3.82
2014.12.29 12:21:07.787,1.55434,1.55442,1.00,7.50
2014.12.29 12:21:07.990,1.55433,1.55444,1.84,8.32
2014.12.29 12:21:08.496,1.55433,1.55444,1.84,9.00
2014.12.29 12:21:09.258,1.55433,1.55444,1.84,8.40
2014.12.29 12:21:10.926,1.55433,1.55444,1.84,8.70
2014.12.29 12:21:11.432,1.55433,1.55444,1.84,8.70
2014.12.29 12:21:12.595,1.55433,1.55444,1.84,8.40
2014.12.29 12:21:13.123,1.55433,1.55444,1.84,8.40
2014.12.29 12:21:13.629,1.55434,1.55444,1.00,7.65
2014.12.29 12:21:13.680,1.55434,1.55444,1.00,7.95
2014.12.29 12:21:14.236,1.55433,1.55444,1.39,7.95
2014.12.29 12:21:16.628,1.55433,1.55444,1.39,7.65
2014.12.29 12:21:17.180,1.55433,1.55444,1.39,7.57
2014.12.29 12:21:17.787,1.55435,1.55445,3.94,3.75
2014.12.29 12:21:19.911,1.55436,1.55445,1.29,3.75
2014.12.29 12:21:20.619,1.55435,1.55445,3.94,3.82
2014.12.29 12:21:20.720,1.55437,1.55446,3.94,1.10
2014.12.29 12:21:22.286,1.55437,1.55447,4.69,3.75
2014.12.29 12:21:23.327,1.55437,1.55447,4.69,3.75
2014.12.29 12:21:26.426,1.55437,1.55447,4.50,3.82
2014.12.29 12:21:27.438,1.55437,1.55445,1.25,3.75
2014.12.29 12:21:27.943,1.55435,1.55445,5.25,3.75
2014.12.29 12:21:28.044,1.55433,1.55444,1.76,4.72
2014.12.29 12:21:28.146,1.55432,1.55441,1.29,3.75
2014.12.29 12:21:29.420,1.55431,1.55441,3.94,4.50
2014.12.29 12:21:31.601,1.55431,1.55441,3.94,4.57
2014.12.29 12:21:33.806,1.55431,1.55441,3.94,4.50
2014.12.29 12:21:34.816,1.55431,1.55441,3.94,4.50
2014.12.29 12:21:42.822,1.55436,1.55441,1.00,4.65
2014.12.29 12:21:42.924,1.55449,1.55453,1.00,2.81
2014.12.29 12:21:42.975,1.5545,1.55454,1.00,1.00
2014.12.29 12:21:43.077,1.5545,1.55459,1.00,1.76
2014.12.29 12:21:43.431,1.55452,1.5546,1.00,6.07
2014.12.29 12:21:43.734,1.55452,1.5546,1.50,4.57
2014.12.29 12:21:44.038,1.55453,1.5546,1.12,4.57
2014.12.29 12:21:45.051,1.55454,1.5546,1.12,4.57
2014.12.29 12:21:45.557,1.55453,1.5546,1.12,4.57
2014.12.29 12:21:48.816,1.55458,1.5546,1.00,3.82
2014.12.29 12:21:48.867,1.55458,1.55462,1.00,1.00
2014.12.29 12:21:49.019,1.55459,1.55465,1.00,1.27
2014.12.29 12:21:49.121,1.55457,1.55464,1.10,1.10
2014.12.29 12:21:49.171,1.55457,1.55463,1.00,3.82
2014.12.29 12:21:49.222,1.55453,1.55462,1.75,1.10
2014.12.29 12:21:49.273,1.55453,1.55461,1.75,4.01
2014.12.29 12:21:49.324,1.55453,1.55461,1.00,4.01
2014.12.29 12:21:49.526,1.55455,1.55461,1.00,3.94
2014.12.29 12:21:49.577,1.55455,1.55464,1.00,4.76
2014.12.29 12:21:49.729,1.55453,1.55462,1.65,7.76
2014.12.29 12:21:49.780,1.55453,1.55462,1.95,7.69
2014.12.29 12:21:49.881,1.55453,1.55462,1.00,7.69
2014.12.29 12:21:50.386,1.55453,1.55462,1.37,7.69
2014.12.29 12:21:50.643,1.55453,1.55463,1.65,3.82
2014.12.29 12:21:50.946,1.55458,1.55464,1.00,3.82
2014.12.29 12:21:51.452,1.55458,1.55464,1.20,3.82
2014.12.29 12:21:51.553,1.55458,1.55466,1.20,7.69
2014.12.29 12:21:54.340,1.5546,1.55466,1.00,7.50
2014.12.29 12:21:54.441,1.55461,1.55468,1.00,7.69
2014.12.29 12:21:54.958,1.55461,1.55468,1.00,8.44
2014.12.29 12:21:55.366,1.55461,1.5547,1.09,4.01
2014.12.29 12:21:58.048,1.55464,1.5547,1.00,3.82
2014.12.29 12:21:58.149,1.55465,1.55475,1.00,4.57
2014.12.29 12:21:58.251,1.55465,1.55475,1.00,4.39
2014.12.29 12:21:58.605,1.55465,1.55473,1.00,3.75
2014.12.29 12:21:59.771,1.55465,1.55473,1.20,3.82
2014.12.29 12:22:00.781,1.55465,1.55474,1.20,4.01
2014.12.29 12:22:01.287,1.55465,1.55475,1.20,4.01
2014.12.29 12:22:01.693,1.55465,1.55469,1.20,3.75
2014.12.29 12:22:01.795,1.55464,1.55469,1.00,3.75
2014.12.29 12:22:01.897,1.55462,1.55469,1.50,3.75
2014.12.29 12:22:03.268,1.55462,1.55471,1.50,4.39
2014.12.29 12:22:03.958,1.55462,1.55472,2.25,7.69
2014.12.29 12:22:05.389,1.55462,1.55472,2.44,7.69
2014.12.29 12:22:07.382,1.55463,1.55473,4.27,1.25
2014.12.29 12:22:07.888,1.55464,1.55475,1.65,4.84
2014.12.29 12:22:08.344,1.55464,1.55475,2.32,4.76
2014.12.29 12:22:08.647,1.55464,1.55472,1.87,3.82
2014.12.29 12:22:08.698,1.55464,1.55472,1.57,3.82
2014.12.29 12:22:09.002,1.55464,1.55474,1.57,4.39
2014.12.29 12:22:09.457,1.55464,1.55472,1.10,3.82
2014.12.29 12:22:10.329,1.55464,1.55473,1.85,7.50
2014.12.29 12:22:10.480,1.55466,1.55476,3.90,3.94
2014.12.29 12:22:10.531,1.55468,1.55478,3.75,9.19
2014.12.29 12:22:11.037,1.55466,1.55476,10.12,3.94
2014.12.29 12:22:11.546,1.55466,1.55476,6.07,4.01
2014.12.29 12:22:12.306,1.55466,1.55472,3.75,3.75
2014.12.29 12:22:12.357,1.55465,1.55472,1.10,7.50
2014.12.29 12:22:12.863,1.55465,1.55473,1.00,4.01
2014.12.29 12:22:13.773,1.55465,1.55475,1.50,4.09
2014.12.29 12:22:14.332,1.55465,1.55475,1.87,4.09
2014.12.29 12:22:14.870,1.55465,1.55475,2.25,4.01
2014.12.29 12:22:16.774,1.55469,1.55475,1.00,3.75
2014.12.29 12:22:16.876,1.55471,1.55478,1.00,1.01
2014.12.29 12:22:17.382,1.55471,1.55479,4.95,1.00
2014.12.29 12:22:18.304,1.55471,1.55481,5.25,3.75
2014.12.29 12:22:19.123,1.55472,1.55479,1.30,1.19
2014.12.29 12:22:19.275,1.5547,1.55479,1.20,3.94
2014.12.29 12:22:19.377,1.55471,1.55481,4.50,4.09
2014.12.29 12:22:19.680,1.55471,1.5548,1.00,4.50
2014.12.29 12:22:19.782,1.55472,1.55481,1.20,3.94
2014.12.29 12:22:20.034,1.55474,1.55481,1.00,3.75
2014.12.29 12:22:20.136,1.55472,1.55481,1.20,3.75
2014.12.29 12:22:33.731,1.5547,1.55479,1.57,4.20
2014.12.29 12:22:34.035,1.5547,1.55478,1.00,1.20
2014.12.29 12:22:34.187,1.5547,1.55479,1.00,4.46
2014.12.29 12:22:34.720,1.5547,1.5548,4.50,5.44
2014.12.29 12:22:36.695,1.55471,1.5548,1.57,4.50
2014.12.29 12:22:37.205,1.55471,1.5548,1.57,3.75
2014.12.29 12:22:38.692,1.5547,1.5548,4.65,4.50
2014.12.29 12:22:39.812,1.5547,1.5548,4.50,6.15
2014.12.29 12:22:41.360,1.5547,1.5548,3.75,5.44
2014.12.29 12:22:46.205,1.5547,1.5548,3.82,4.39
2014.12.29 12:22:47.515,1.5547,1.55479,3.75,2.32
2014.12.29 12:22:51.257,1.5547,1.5548,3.75,4.76
2014.12.29 12:22:51.764,1.55471,1.55481,4.57,2.81
2014.12.29 12:22:52.018,1.55472,1.55482,1.10,1.46
2014.12.29 12:22:52.220,1.55474,1.55482,3.75,1.39
2014.12.29 12:22:52.726,1.55474,1.55482,3.75,1.39
2014.12.29 12:22:57.106,1.55474,1.55482,3.75,1.12
2014.12.29 12:23:02.196,1.55473,1.55483,3.75,3.94
2014.12.29 12:23:02.247,1.55473,1.55485,7.50,9.26
2014.12.29 12:23:02.450,1.55475,1.55487,4.57,5.51
2014.12.29 12:23:02.955,1.55475,1.55485,1.00,7.76
2014.12.29 12:23:05.143,1.55473,1.55485,9.19,7.57
2014.12.29 12:23:05.447,1.55473,1.55483,1.19,4.20
2014.12.29 12:23:05.599,1.55472,1.55483,1.09,3.82
2014.12.29 12:23:05.650,1.55476,1.55485,7.50,1.10
2014.12.29 12:23:07.500,1.55476,1.55486,1.00,4.27
2014.12.29 12:23:10.317,1.55475,1.55486,1.76,4.27
2014.12.29 12:23:11.428,1.55476,1.55486,1.00,4.27
2014.12.29 12:23:24.949,1.55474,1.55485,5.51,1.39
2014.12.29 12:23:27.055,1.55474,1.55485,5.51,1.20
2014.12.29 12:23:27.500,1.55474,1.55483,1.76,3.75
2014.12.29 12:23:27.804,1.55473,1.55483,1.25,3.82
2014.12.29 12:23:29.572,1.55473,1.55482,1.39,1.01
2014.12.29 12:23:36.722,1.55473,1.55481,1.20,1.00
2014.12.29 12:23:42.568,1.5547,1.55481,5.89,5.44
2014.12.29 12:23:42.619,1.5547,1.55476,1.50,3.75
2014.12.29 12:23:42.670,1.55468,1.55476,5.25,3.75
2014.12.29 12:23:42.772,1.55471,1.55477,1.00,3.82
2014.12.29 12:23:43.126,1.55471,1.55479,1.00,8.14
2014.12.29 12:23:50.986,1.55472,1.55479,1.00,3.75
2014.12.29 12:23:51.697,1.55469,1.55479,3.75,3.82
2014.12.29 12:23:51.748,1.55468,1.55477,1.10,4.57
2014.12.29 12:23:51.799,1.55466,1.55477,1.10,5.14
2014.12.29 12:23:51.850,1.55466,1.55474,1.00,3.82
2014.12.29 12:23:51.901,1.55463,1.55474,1.95,3.90
2014.12.29 12:23:52.002,1.55463,1.55474,1.57,5.14
2014.12.29 12:23:52.305,1.55463,1.5547,1.00,3.97
2014.12.29 12:23:53.069,1.55463,1.55472,1.00,8.81
2014.12.29 12:23:53.574,1.55463,1.55472,1.00,8.44
2014.12.29 12:23:58.892,1.55461,1.55472,1.54,8.44
2014.12.29 12:24:02.300,1.55463,1.55472,1.00,8.81
2014.12.29 12:24:02.603,1.55464,1.55476,3.97,5.51
2014.12.29 12:24:02.906,1.55464,1.55476,4.57,4.84
2014.12.29 12:24:03.109,1.55464,1.55476,4.27,4.84
2014.12.29 12:24:03.160,1.55464,1.55476,4.57,4.84
2014.12.29 12:24:03.463,1.55465,1.55476,1.20,4.76
2014.12.29 12:24:06.418,1.55467,1.55476,1.10,4.01
2014.12.29 12:24:07.952,1.55468,1.55476,1.00,4.01
2014.12.29 12:24:08.458,1.55468,1.55476,1.50,3.94
2014.12.29 12:24:08.963,1.55468,1.55476,1.50,3.82
2014.12.29 12:24:09.267,1.55468,1.55476,1.10,3.82
2014.12.29 12:24:09.772,1.55468,1.55476,1.12,3.82
2014.12.29 12:24:16.666,1.55468,1.55476,1.50,3.82
2014.12.29 12:24:18.583,1.55467,1.55476,2.25,3.82
2014.12.29 12:24:19.089,1.55468,1.55476,1.50,3.82
2014.12.29 12:24:19.645,1.55467,1.55476,1.50,3.82
2014.12.29 12:24:21.217,1.55467,1.55477,5.32,3.82
2014.12.29 12:24:23.183,1.55467,1.55476,1.85,3.75
2014.12.29 12:24:23.689,1.55465,1.55472,1.75,3.75
2014.12.29 12:24:23.992,1.55462,1.55467,1.37,3.82
2014.12.29 12:24:24.043,1.55461,1.55467,1.20,3.82
2014.12.29 12:24:24.599,1.55461,1.55469,1.20,3.82
2014.12.29 12:24:24.976,1.5546,1.55469,2.06,3.82
2014.12.29 12:24:25.443,1.55462,1.55469,1.12,3.82
2014.12.29 12:24:25.999,1.55461,1.5547,1.20,3.94
2014.12.29 12:24:26.303,1.55463,1.5547,1.12,3.75
2014.12.29 12:24:27.909,1.55463,1.55472,1.20,4.50
2014.12.29 12:24:28.314,1.55463,1.55471,1.10,3.82
2014.12.29 12:24:28.819,1.55461,1.55471,1.75,3.82
2014.12.29 12:24:29.021,1.55462,1.55471,1.12,3.82
2014.12.29 12:24:29.343,1.55464,1.55471,1.12,3.82
2014.12.29 12:24:29.903,1.55461,1.55471,2.44,3.82
2014.12.29 12:24:36.707,1.55461,1.55469,1.87,3.75
2014.12.29 12:24:36.910,1.55461,1.55469,1.00,3.90
2014.12.29 12:24:37.416,1.55461,1.55469,1.20,3.82
2014.12.29 12:24:37.619,1.55461,1.55469,1.47,3.82
2014.12.29 12:24:38.125,1.55461,1.5547,2.14,3.75
2014.12.29 12:24:38.971,1.55462,1.5547,1.31,3.75
2014.12.29 12:24:39.517,1.55461,1.5547,2.51,3.75
2014.12.29 12:24:40.922,1.55462,1.55473,1.76,5.32
2014.12.29 12:24:41.024,1.55463,1.55473,1.12,5.32
2014.12.29 12:24:41.176,1.55463,1.55473,1.50,4.57
2014.12.29 12:24:41.277,1.55463,1.55473,1.00,4.27
2014.12.29 12:24:42.534,1.55463,1.55473,1.47,4.20
2014.12.29 12:24:43.083,1.55463,1.55473,1.75,3.82
2014.12.29 12:24:44.685,1.55463,1.55473,1.20,3.90
2014.12.29 12:24:45.392,1.55463,1.55473,1.00,3.90
2014.12.29 12:24:47.447,1.55463,1.55473,8.32,7.50
2014.12.29 12:24:48.177,1.55465,1.55473,1.00,7.95
2014.12.29 12:24:48.756,1.55466,1.55473,1.00,7.95
2014.12.29 12:24:51.976,1.55466,1.55475,1.10,3.82
2014.12.29 12:24:52.490,1.55467,1.55475,1.10,3.82
2014.12.29 12:24:57.661,1.55466,1.55475,1.10,3.82
2014.12.29 12:24:58.571,1.55466,1.55475,1.57,3.82
2014.12.29 12:24:59.077,1.55466,1.55475,1.85,3.82
2014.12.29 12:24:59.786,1.55467,1.55475,1.12,3.82
2014.12.29 12:25:00.295,1.55466,1.55475,1.95,3.82
2014.12.29 12:25:03.497,1.55466,1.55475,1.85,3.82
2014.12.29 12:25:05.717,1.55466,1.55475,1.10,3.82
2014.12.29 12:25:05.818,1.55466,1.55475,1.85,3.82
2014.12.29 12:25:06.122,1.55464,1.55473,2.96,7.50
2014.12.29 12:25:06.374,1.55463,1.55473,9.00,7.50
2014.12.29 12:25:06.678,1.55462,1.5547,1.87,7.50
2014.12.29 12:25:06.830,1.55462,1.5547,1.00,7.50
2014.12.29 12:25:07.335,1.55462,1.5547,3.75,7.50
2014.12.29 12:25:07.689,1.55463,1.55471,5.32,3.82
2014.12.29 12:25:07.790,1.55463,1.55471,5.70,3.82
2014.12.29 12:25:09.575,1.55465,1.55474,1.57,3.82
2014.12.29 12:25:09.980,1.55466,1.55476,9.00,7.69
2014.12.29 12:25:10.234,1.55466,1.55476,9.37,7.69
2014.12.29 12:25:10.791,1.55466,1.55476,8.70,7.50
2014.12.29 12:25:13.431,1.55466,1.55475,8.70,1.20
2014.12.29 12:25:15.998,1.55466,1.55473,1.57,3.75
2014.12.29 12:25:16.049,1.55466,1.55473,1.20,3.75
2014.12.29 12:25:19.687,1.55465,1.55473,4.50,3.75
2014.12.29 12:25:26.944,1.55465,1.55473,5.44,3.75
2014.12.29 12:25:31.897,1.55466,1.55473,1.57,3.75
2014.12.29 12:25:33.338,1.55466,1.55476,5.02,3.82
2014.12.29 12:25:34.501,1.55468,1.55476,1.20,3.82
2014.12.29 12:25:34.860,1.55467,1.55476,1.20,3.90
2014.12.29 12:25:35.318,1.55467,1.55476,1.27,3.82
2014.12.29 12:25:35.825,1.55468,1.55476,1.00,3.82
2014.12.29 12:25:36.588,1.55469,1.55476,1.00,3.82
2014.12.29 12:25:36.739,1.55469,1.55479,4.57,3.82
2014.12.29 12:25:43.449,1.5547,1.55479,1.35,3.82
2014.12.29 12:25:43.551,1.55471,1.55481,4.01,3.90
2014.12.29 12:25:43.652,1.55473,1.55483,4.09,3.82
2014.12.29 12:25:43.955,1.55476,1.55484,3.75,3.82
2014.12.29 12:25:44.360,1.55474,1.55483,1.20,7.50
2014.12.29 12:25:44.865,1.55475,1.55483,1.00,7.57
2014.12.29 12:25:46.482,1.55473,1.55483,9.19,7.57
2014.12.29 12:25:47.151,1.55476,1.55483,1.00,7.57
2014.12.29 12:25:49.895,1.55474,1.55483,1.20,7.57
2014.12.29 12:25:52.194,1.55475,1.55483,1.00,7.57
2014.12.29 12:25:53.627,1.55474,1.55483,1.20,7.50
2014.12.29 12:25:56.485,1.55475,1.55482,1.00,1.20
2014.12.29 12:25:56.845,1.55477,1.55482,4.50,1.10
2014.12.29 12:25:56.997,1.5548,1.55486,1.00,1.20
2014.12.29 12:25:57.502,1.55481,1.55488,1.00,1.39
2014.12.29 12:25:58.031,1.55481,1.55488,1.00,1.10
2014.12.29 12:26:09.838,1.5548,1.55485,1.57,1.00
2014.12.29 12:26:10.142,1.55472,1.55479,1.57,3.82
2014.12.29 12:26:10.244,1.55472,1.55477,1.00,3.75
2014.12.29 12:26:10.446,1.55469,1.55477,5.25,3.75
2014.12.29 12:26:20.746,1.5547,1.55478,3.75,1.10
2014.12.29 12:26:21.252,1.55472,1.55479,1.00,1.10
2014.12.29 12:26:21.757,1.5547,1.55479,7.57,1.10
2014.12.29 12:26:22.892,1.55472,1.55479,1.00,1.10
2014.12.29 12:26:24.323,1.55471,1.55479,1.39,1.10
2014.12.29 12:26:28.364,1.55472,1.55479,1.00,1.10
2014.12.29 12:26:30.178,1.55472,1.55478,1.00,1.00
2014.12.29 12:26:33.143,1.55471,1.55478,1.01,1.00
2014.12.29 12:26:33.871,1.55472,1.55478,1.00,1.00
2014.12.29 12:26:35.863,1.55472,1.55479,1.00,1.10
2014.12.29 12:26:36.946,1.55471,1.55479,1.01,1.10
2014.12.29 12:26:41.244,1.55469,1.55479,9.52,8.25
2014.12.29 12:26:43.696,1.5547,1.55479,1.46,8.32
2014.12.29 12:26:44.953,1.55471,1.55479,4.39,1.00
2014.12.29 12:26:46.851,1.5547,1.55479,5.14,4.50
2014.12.29 12:26:53.916,1.5547,1.55478,1.01,1.10
2014.12.29 12:26:58.805,1.5547,1.55478,1.29,1.10
2014.12.29 12:27:01.960,1.55471,1.55478,3.94,1.10
2014.12.29 12:27:14.188,1.5547,1.55477,1.39,1.00
2014.12.29 12:27:19.649,1.55469,1.55477,4.76,1.00
2014.12.29 12:27:27.715,1.55469,1.55479,4.76,4.27
2014.12.29 12:27:28.019,1.55471,1.55478,3.82,1.00
2014.12.29 12:27:28.514,1.55469,1.55477,1.00,3.82
2014.12.29 12:27:28.565,1.55467,1.55477,3.82,4.39
2014.12.29 12:27:28.768,1.55463,1.55471,1.00,4.39
2014.12.29 12:27:28.818,1.55463,1.55469,1.00,3.82
2014.12.29 12:27:28.971,1.55461,1.55469,1.00,4.01
2014.12.29 12:27:29.477,1.5546,1.55469,1.01,4.01
2014.12.29 12:27:31.987,1.5546,1.55469,1.29,3.90
2014.12.29 12:27:35.463,1.55459,1.55469,5.51,3.90
2014.12.29 12:27:35.514,1.55459,1.55467,1.76,3.75
2014.12.29 12:27:37.224,1.55459,1.55467,1.19,7.50
2014.12.29 12:27:41.614,1.5546,1.55467,1.27,7.50
2014.12.29 12:27:42.120,1.5546,1.55469,2.10,4.57
2014.12.29 12:27:42.808,1.5546,1.55469,2.10,4.57
2014.12.29 12:27:43.932,1.5546,1.55469,1.76,4.27
2014.12.29 12:27:45.035,1.5546,1.55469,1.76,4.27
2014.12.29 12:27:53.408,1.5546,1.55469,1.76,4.57
2014.12.29 12:27:54.610,1.5546,1.55469,1.76,4.57
2014.12.29 12:27:55.821,1.5546,1.55469,1.76,4.57
2014.12.29 12:27:56.842,1.5546,1.55469,1.01,4.27
2014.12.29 12:27:58.404,1.55459,1.55469,6.26,3.82
2014.12.29 12:27:58.910,1.55461,1.5547,3.82,5.32
2014.12.29 12:27:59.417,1.55461,1.5547,4.57,1.10
2014.12.29 12:28:10.282,1.55461,1.55471,4.57,4.76
2014.12.29 12:28:14.235,1.55462,1.55471,3.97,4.69
2014.12.29 12:28:14.780,1.55463,1.55473,3.82,5.66
2014.12.29 12:28:15.284,1.55463,1.55473,3.82,5.66
2014.12.29 12:28:22.254,1.55465,1.55473,1.00,4.01
2014.12.29 12:28:22.355,1.55468,1.55475,7.50,1.12
2014.12.29 12:28:22.457,1.55468,1.55477,7.50,1.84
2014.12.29 12:28:23.182,1.55469,1.55478,1.20,7.76
2014.12.29 12:28:23.334,1.55471,1.55478,1.00,7.69
2014.12.29 12:28:23.940,1.55474,1.55478,1.00,7.69
2014.12.29 12:28:24.043,1.55473,1.55478,3.75,3.75
2014.12.29 12:28:24.144,1.55476,1.55483,3.75,1.20
2014.12.29 12:28:24.245,1.55477,1.55487,3.94,7.50
2014.12.29 12:28:24.347,1.5548,1.55488,3.75,7.87
2014.12.29 12:28:24.650,1.5548,1.55488,3.82,4.57
2014.12.29 12:28:25.156,1.5548,1.55488,3.82,4.57
2014.12.29 12:28:25.467,1.5548,1.55488,3.82,4.95
2014.12.29 12:28:25.992,1.5548,1.55488,3.82,4.57
2014.12.29 12:28:27.260,1.5548,1.55488,3.75,8.25
2014.12.29 12:28:27.311,1.55477,1.55487,4.01,4.57
2014.12.29 12:28:27.832,1.55477,1.55487,4.01,4.57
2014.12.29 12:28:30.790,1.55477,1.55485,4.76,1.91
2014.12.29 12:28:38.204,1.55479,1.55489,3.82,5.89
2014.12.29 12:28:38.255,1.55479,1.55489,3.82,6.64
2014.12.29 12:28:38.357,1.55479,1.55489,3.82,5.21
2014.12.29 12:28:38.408,1.55482,1.55489,3.82,1.46
2014.12.29 12:28:38.714,1.55486,1.55489,1.00,1.10
2014.12.29 12:28:42.284,1.55486,1.55489,1.00,1.27
2014.12.29 12:28:43.513,1.55486,1.5549,1.00,4.39
2014.12.29 12:28:46.298,1.55486,1.55489,1.00,3.75
2014.12.29 12:28:53.649,1.55486,1.55491,1.00,5.77
2014.12.29 12:29:02.333,1.5548,1.55488,4.09,3.75
2014.12.29 12:29:02.434,1.55478,1.55486,1.39,7.50
2014.12.29 12:29:02.536,1.55479,1.55483,1.00,3.90
2014.12.29 12:29:02.840,1.55477,1.55481,1.00,4.20
2014.12.29 12:29:03.145,1.55471,1.55481,4.01,4.57
2014.12.29 12:29:03.651,1.55478,1.55481,1.00,3.75
2014.12.29 12:29:06.451,1.55478,1.55483,1.00,4.57
2014.12.29 12:29:06.654,1.55473,1.55483,4.76,3.82
2014.12.29 12:29:06.756,1.5548,1.55484,7.49,1.00
2014.12.29 12:29:06.858,1.55484,1.55489,1.00,5.02
2014.12.29 12:29:07.364,1.55485,1.55489,1.00,3.82
2014.12.29 12:29:08.072,1.55486,1.55491,1.00,2.62
2014.12.29 12:29:08.377,1.55487,1.55491,1.00,1.95
2014.12.29 12:29:09.827,1.55487,1.55491,1.00,1.50
2014.12.29 12:29:10.333,1.55487,1.55491,1.00,1.20
2014.12.29 12:29:13.089,1.55487,1.55491,1.00,1.50
2014.12.29 12:29:23.692,1.55488,1.55492,1.00,1.50
2014.12.29 12:29:23.997,1.55493,1.55496,3.90,1.00
2014.12.29 12:29:24.149,1.55497,1.55502,1.00,1.01
2014.12.29 12:29:24.402,1.55493,1.55503,4.01,5.32
2014.12.29 12:29:24.503,1.55495,1.55505,4.84,4.57
2014.12.29 12:29:24.555,1.55497,1.55505,3.75,3.75
2014.12.29 12:29:24.606,1.55503,1.55507,1.00,4.50
2014.12.29 12:29:24.911,1.55499,1.55507,3.75,4.50
2014.12.29 12:29:25.424,1.55499,1.55507,4.50,4.50
2014.12.29 12:29:25.901,1.55499,1.55506,4.50,1.01
2014.12.29 12:29:26.053,1.55499,1.55505,1.00,4.95
2014.12.29 12:29:26.307,1.55498,1.55503,1.00,4.65
2014.12.29 12:29:26.813,1.55498,1.55503,1.00,4.27
2014.12.29 12:29:28.677,1.55498,1.55503,1.00,4.84
2014.12.29 12:29:28.932,1.55493,1.55501,3.82,1.12
2014.12.29 12:29:29.438,1.55496,1.555,1.00,4.27
2014.12.29 12:29:31.413,1.55491,1.55498,1.10,3.75
2014.12.29 12:29:32.373,1.5549,1.55496,3.75,3.75
2014.12.29 12:29:32.424,1.55489,1.55496,1.00,7.87
2014.12.29 12:29:32.728,1.55488,1.55492,1.00,3.90
2014.12.29 12:29:33.334,1.55487,1.55492,1.00,4.76
2014.12.29 12:29:36.429,1.55487,1.55492,1.00,3.97
2014.12.29 12:29:42.253,1.55487,1.55492,1.00,3.82
2014.12.29 12:29:42.556,1.55478,1.55483,1.00,5.44
2014.12.29 12:29:43.266,1.55476,1.55479,1.00,3.75
2014.12.29 12:29:43.569,1.55471,1.55479,3.94,4.20
2014.12.29 12:29:44.788,1.55472,1.5548,3.82,1.01
2014.12.29 12:29:45.322,1.55472,1.55479,3.82,1.45
2014.12.29 12:29:45.827,1.5547,1.5548,4.76,4.95
2014.12.29 12:29:47.226,1.5547,1.5548,4.01,5.10
2014.12.29 12:29:47.732,1.5547,1.5548,3.82,5.21
2014.12.29 12:29:52.023,1.5547,1.5548,3.82,4.91
2014.12.29 12:29:52.531,1.5547,1.5548,3.82,5.21
2014.12.29 12:29:53.909,1.5547,1.5548,4.01,4.72
2014.12.29 12:30:01.850,1.55477,1.5548,1.00,1.20
2014.12.29 12:30:04.238,1.55472,1.5548,3.82,1.12
2014.12.29 12:30:05.630,1.55476,1.5548,1.00,1.50
2014.12.29 12:30:08.681,1.5547,1.5548,7.69,9.07
2014.12.29 12:30:08.835,1.55476,1.5548,1.00,8.40
2014.12.29 12:30:10.771,1.5547,1.5548,7.69,8.70
2014.12.29 12:30:11.954,1.55475,1.5548,1.00,8.70
2014.12.29 12:30:13.837,1.55475,1.5548,1.00,9.07
2014.12.29 12:30:13.939,1.55476,1.5548,1.00,9.00
2014.12.29 12:30:16.153,1.5547,1.5548,7.69,9.07
2014.12.29 12:30:18.828,1.5547,1.5548,7.69,9.37
2014.12.29 12:30:20.898,1.55477,1.5548,1.00,1.27
2014.12.29 12:30:22.454,1.55476,1.55481,1.00,1.94
2014.12.29 12:30:22.656,1.55474,1.55482,3.75,4.20
2014.12.29 12:30:22.809,1.55479,1.55484,3.75,3.75
2014.12.29 12:30:22.860,1.55479,1.55485,7.50,1.00
2014.12.29 12:30:22.961,1.55484,1.55489,1.00,8.44
2014.12.29 12:30:23.962,1.55479,1.55489,8.25,7.65
2014.12.29 12:30:25.110,1.55481,1.55489,1.00,7.57
2014.12.29 12:30:25.653,1.55479,1.55489,8.25,7.57
2014.12.29 12:30:28.904,1.5548,1.55489,4.57,3.75
2014.12.29 12:30:28.955,1.55481,1.5549,3.82,1.09
2014.12.29 12:30:29.158,1.55487,1.55491,1.00,3.97
2014.12.29 12:30:29.310,1.55489,1.55495,1.00,4.91
2014.12.29 12:30:29.664,1.55485,1.55495,3.82,3.97
2014.12.29 12:30:29.765,1.55487,1.55497,3.82,4.57
2014.12.29 12:30:29.867,1.55487,1.55497,3.82,3.90
2014.12.29 12:30:29.968,1.55489,1.55499,3.82,4.91
2014.12.29 12:30:30.271,1.55492,1.555,3.75,7.95
2014.12.29 12:30:30.575,1.55496,1.555,1.00,4.57
2014.12.29 12:30:31.081,1.5549,1.55499,1.10,3.90
2014.12.29 12:30:31.801,1.55496,1.555,1.00,1.27
2014.12.29 12:30:46.522,1.55497,1.55502,1.00,1.09
2014.12.29 12:30:46.675,1.55497,1.55503,1.00,4.16
2014.12.29 12:30:46.827,1.55498,1.55503,1.00,4.16
2014.12.29 12:30:47.888,1.55499,1.55503,1.00,4.01
2014.12.29 12:30:49.104,1.55498,1.55503,1.00,3.82
2014.12.29 12:30:49.609,1.55497,1.55502,1.00,1.17
2014.12.29 12:30:57.526,1.55497,1.55501,1.00,4.09
2014.12.29 12:31:01.809,1.55496,1.55501,1.00,5.02
2014.12.29 12:31:02.920,1.55496,1.55501,1.00,4.72
2014.12.29 12:31:03.894,1.55496,1.55501,1.00,4.95
2014.12.29 12:31:05.237,1.55495,1.55498,1.00,1.00
2014.12.29 12:31:05.745,1.55495,1.55498,1.00,4.57
2014.12.29 12:31:06.756,1.55493,1.55499,4.69,3.75
2014.12.29 12:31:06.807,1.55493,1.55502,4.76,1.10
2014.12.29 12:31:07.869,1.55494,1.55502,1.29,1.10
2014.12.29 12:31:08.868,1.55494,1.55502,1.29,1.10
2014.12.29 12:31:11.072,1.55494,1.55502,1.01,1.10
2014.12.29 12:31:12.052,1.55494,1.55503,1.29,3.82
2014.12.29 12:31:13.073,1.55494,1.55503,1.29,3.82
2014.12.29 12:31:17.723,1.55494,1.55498,1.29,3.75
2014.12.29 12:31:17.876,1.55494,1.55501,1.25,3.82
2014.12.29 12:31:20.504,1.55496,1.55501,1.00,3.82
2014.12.29 12:31:27.000,1.55494,1.555,1.69,1.10
2014.12.29 12:31:27.305,1.55491,1.55497,4.57,1.00
2014.12.29 12:31:27.611,1.55485,1.55489,1.00,7.50
2014.12.29 12:31:28.422,1.55482,1.55489,1.37,7.50
2014.12.29 12:31:28.473,1.55479,1.55484,1.00,3.82
2014.12.29 12:31:28.726,1.55476,1.55484,1.25,5.02
2014.12.29 12:31:28.828,1.55476,1.55483,1.00,1.10
2014.12.29 12:31:28.880,1.55476,1.55481,1.00,3.90
2014.12.29 12:31:29.032,1.55474,1.55481,1.50,4.27
2014.12.29 12:31:29.537,1.55474,1.55481,1.00,3.82
2014.12.29 12:31:30.043,1.55472,1.5548,1.10,3.82
2014.12.29 12:31:30.549,1.55472,1.55479,1.00,3.82
2014.12.29 12:31:31.488,1.55472,1.55481,1.10,3.82
2014.12.29 12:31:32.156,1.55478,1.55481,1.00,3.82
2014.12.29 12:31:32.257,1.55478,1.55482,1.10,1.10
2014.12.29 12:31:32.359,1.55479,1.55486,1.10,1.00
2014.12.29 12:31:32.864,1.5548,1.55486,1.00,1.00
2014.12.29 12:31:33.420,1.5548,1.55488,1.00,3.97
2014.12.29 12:31:33.471,1.5548,1.55486,1.00,3.82
2014.12.29 12:31:33.572,1.55478,1.55486,1.00,3.82
2014.12.29 12:31:38.452,1.5548,1.55486,1.00,3.90
2014.12.29 12:31:39.159,1.55479,1.55486,1.00,3.90
2014.12.29 12:31:39.781,1.55481,1.55486,1.00,3.82
2014.12.29 12:31:40.915,1.55481,1.55488,1.00,8.32
2014.12.29 12:31:42.982,1.55481,1.55486,1.00,3.75
2014.12.29 12:31:43.705,1.55478,1.55486,1.00,3.82
2014.12.29 12:31:43.908,1.55481,1.55486,1.00,3.82
2014.12.29 12:31:44.060,1.55478,1.55486,1.00,3.82
2014.12.29 12:31:45.695,1.5548,1.55486,1.00,3.97
2014.12.29 12:31:45.796,1.55478,1.55486,1.00,3.97
2014.12.29 12:31:46.021,1.55478,1.55483,1.50,3.75
2014.12.29 12:31:46.881,1.5548,1.55483,1.00,3.75
2014.12.29 12:31:46.983,1.5548,1.55485,1.00,3.75
2014.12.29 12:31:48.299,1.55481,1.55485,1.00,3.75
2014.12.29 12:31:48.401,1.55481,1.55487,1.00,3.75
2014.12.29 12:31:49.512,1.55481,1.55488,1.10,3.90
2014.12.29 12:31:50.120,1.55481,1.55488,1.20,3.82
2014.12.29 12:31:50.625,1.55481,1.55488,1.10,3.82
2014.12.29 12:31:55.021,1.55483,1.55488,1.00,3.82
2014.12.29 12:31:55.903,1.55483,1.55492,1.20,8.32
2014.12.29 12:31:57.419,1.55485,1.55492,1.00,7.50
2014.12.29 12:32:10.029,1.55483,1.55492,1.09,7.50
2014.12.29 12:32:21.357,1.55485,1.55492,1.00,7.50
2014.12.29 12:32:26.987,1.55482,1.55492,9.00,7.57
2014.12.29 12:32:29.150,1.55482,1.55489,1.76,3.75
2014.12.29 12:32:32.272,1.55482,1.55488,1.00,7.50
2014.12.29 12:32:32.777,1.55481,1.55486,1.00,3.82
2014.12.29 12:32:32.979,1.55479,1.55486,1.00,3.82
2014.12.29 12:32:33.182,1.55478,1.55484,1.10,3.82
2014.12.29 12:32:33.485,1.55476,1.55479,1.12,3.75
2014.12.29 12:32:33.688,1.55474,1.55478,1.10,3.82
2014.12.29 12:32:33.840,1.55472,1.55478,1.10,3.82
2014.12.29 12:32:33.890,1.55471,1.55476,1.10,7.50
2014.12.29 12:32:34.194,1.55468,1.55473,2.06,3.75
2014.12.29 12:32:34.499,1.55469,1.55476,1.10,3.82
2014.12.29 12:32:38.083,1.55469,1.55474,1.00,3.82
2014.12.29 12:32:38.184,1.55467,1.55474,1.76,3.82
2014.12.29 12:32:38.488,1.55467,1.55472,1.69,3.75
2014.12.29 12:32:39.196,1.55467,1.55473,1.69,3.75
2014.12.29 12:32:41.172,1.55467,1.55472,1.50,3.75
2014.12.29 12:32:42.576,1.55466,1.5547,1.00,3.75
2014.12.29 12:32:42.879,1.55464,1.55468,1.00,3.82
2014.12.29 12:32:46.404,1.55463,1.55466,1.00,3.75
2014.12.29 12:32:46.456,1.55462,1.55465,1.00,3.75
2014.12.29 12:32:46.961,1.55463,1.55466,1.00,3.75
2014.12.29 12:32:51.920,1.55463,1.55468,1.25,7.50
2014.12.29 12:32:55.247,1.55464,1.55468,1.00,7.50
2014.12.29 12:32:55.551,1.55464,1.5547,1.00,3.82
2014.12.29 12:32:55.855,1.55467,1.5547,1.00,3.75
2014.12.29 12:32:56.057,1.55467,1.55474,1.00,3.90
2014.12.29 12:32:56.361,1.55469,1.55474,1.00,3.82
2014.12.29 12:32:57.982,1.5547,1.55474,1.00,3.75
2014.12.29 12:32:58.034,1.5547,1.55476,1.00,3.82
2014.12.29 12:32:58.996,1.5547,1.55476,1.29,3.82
2014.12.29 12:33:00.178,1.55472,1.55476,1.00,3.82
2014.12.29 12:33:00.690,1.55472,1.55477,1.00,3.75
2014.12.29 12:33:01.215,1.55472,1.55477,1.69,3.75
2014.12.29 12:33:01.721,1.55474,1.55477,1.00,3.75
2014.12.29 12:33:08.512,1.55471,1.55477,1.20,3.75
2014.12.29 12:33:08.664,1.5547,1.55477,1.84,3.75
2014.12.29 12:33:09.573,1.5547,1.55476,1.76,3.82
2014.12.29 12:33:10.078,1.5547,1.55475,1.69,3.82
2014.12.29 12:33:15.516,1.55471,1.55475,1.00,3.82
2014.12.29 12:33:19.593,1.55471,1.55478,1.00,3.82
2014.12.29 12:33:20.576,1.5547,1.55478,1.69,3.82
2014.12.29 12:33:26.555,1.55469,1.55478,1.65,3.82
2014.12.29 12:33:26.605,1.55469,1.55476,1.57,3.82
2014.12.29 12:33:31.813,1.55469,1.55479,5.32,4.95
2014.12.29 12:33:32.388,1.55469,1.55479,5.32,4.95
2014.12.29 12:33:33.120,1.55471,1.5548,7.50,1.65
2014.12.29 12:33:33.672,1.55471,1.5548,7.50,2.40
2014.12.29 12:33:40.593,1.55473,1.5548,3.75,1.85
2014.12.29 12:33:40.694,1.55473,1.55483,4.57,4.57
2014.12.29 12:33:40.897,1.55473,1.55482,4.01,1.45
2014.12.29 12:33:41.201,1.55475,1.55482,3.75,1.12
2014.12.29 12:33:41.757,1.55475,1.55484,3.82,1.85
2014.12.29 12:33:42.269,1.55475,1.55483,3.82,1.75
2014.12.29 12:33:46.960,1.55475,1.55484,3.82,1.85
2014.12.29 12:33:47.349,1.55475,1.55482,3.82,1.12
2014.12.29 12:33:47.906,1.55475,1.55481,3.75,1.12
2014.12.29 12:33:48.109,1.55474,1.55482,4.57,5.32
2014.12.29 12:33:55.905,1.55475,1.55482,1.10,4.57
2014.12.29 12:33:56.917,1.55474,1.55482,4.57,4.95
2014.12.29 12:33:57.221,1.55477,1.55484,3.82,1.12
2014.12.29 12:33:57.727,1.55478,1.55485,1.57,1.12
2014.12.29 12:33:57.980,1.5548,1.5549,5.32,4.95
2014.12.29 12:33:58.031,1.55483,1.55491,3.75,9.00
2014.12.29 12:33:58.334,1.55483,1.55491,3.75,4.50
2014.12.29 12:33:58.689,1.55483,1.5549,3.75,1.45
2014.12.29 12:33:58.993,1.55482,1.55488,1.00,1.12
2014.12.29 12:33:59.498,1.55481,1.55487,1.10,1.75
2014.12.29 12:34:00.043,1.5548,1.55486,3.82,1.12
2014.12.29 12:34:02.457,1.55479,1.55486,3.82,1.75
2014.12.29 12:34:02.986,1.55478,1.55486,5.32,1.75
2014.12.29 12:34:03.593,1.55483,1.55486,1.00,1.75
2014.12.29 12:34:03.694,1.55487,1.5549,1.10,6.00
2014.12.29 12:34:04.099,1.55485,1.55492,7.50,1.12
2014.12.29 12:34:04.403,1.5548,1.55488,3.82,1.12
2014.12.29 12:34:05.313,1.55484,1.55488,1.00,1.05
2014.12.29 12:34:05.516,1.55488,1.55491,4.50,1.00
2014.12.29 12:34:05.567,1.5549,1.55494,3.82,3.00
2014.12.29 12:34:05.618,1.5549,1.55495,3.75,3.67
2014.12.29 12:34:05.669,1.55489,1.55494,1.10,1.05
2014.12.29 12:34:05.770,1.55484,1.55494,3.82,5.70
2014.12.29 12:34:05.871,1.55482,1.55492,4.57,5.32
2014.12.29 12:34:05.972,1.55482,1.55491,3.82,3.90
2014.12.29 12:34:06.074,1.55482,1.55491,4.57,1.45
2014.12.29 12:34:06.125,1.55482,1.5549,1.10,3.90
2014.12.29 12:34:06.276,1.55482,1.5549,1.00,4.65
2014.12.29 12:34:06.630,1.5548,1.55487,1.20,4.50
2014.12.29 12:34:07.035,1.55479,1.55486,4.50,1.45
2014.12.29 12:34:11.430,1.5548,1.55487,1.10,4.87
2014.12.29 12:34:11.805,1.55485,1.55491,1.57,1.20
2014.12.29 12:34:13.204,1.55484,1.55492,3.82,4.95
2014.12.29 12:34:13.457,1.55482,1.55491,1.76,4.95
2014.12.29 12:34:16.261,1.55479,1.55489,4.76,4.65
2014.12.29 12:34:16.313,1.55479,1.55488,4.69,4.20
2014.12.29 12:34:16.364,1.55478,1.55487,1.01,4.57
2014.12.29 12:34:16.618,1.55478,1.55486,1.01,1.20
2014.12.29 12:34:16.719,1.55478,1.55487,1.01,5.32
2014.12.29 12:34:17.225,1.55477,1.55486,4.01,1.85
2014.12.29 12:34:21.024,1.55477,1.55482,3.75,4.27
2014.12.29 12:34:21.076,1.55475,1.5548,1.00,3.75
2014.12.29 12:34:21.177,1.55472,1.5548,4.50,3.90
2014.12.29 12:34:22.263,1.5547,1.55479,1.01,3.90
2014.12.29 12:34:22.567,1.5547,1.55479,1.10,4.27
2014.12.29 12:34:22.972,1.5547,1.55479,1.10,4.57
2014.12.29 12:34:23.478,1.55471,1.55479,1.00,4.57
2014.12.29 12:34:24.087,1.55471,1.55481,5.32,4.57
2014.12.29 12:34:24.676,1.55471,1.55478,1.20,3.75
2014.12.29 12:34:28.159,1.55472,1.55478,1.00,3.75
2014.12.29 12:34:32.853,1.5547,1.55478,3.94,4.50
2014.12.29 12:34:33.156,1.55465,1.55471,1.00,3.82
2014.12.29 12:34:33.207,1.55463,1.55471,1.25,4.20
2014.12.29 12:34:33.410,1.55462,1.55469,1.00,3.82
2014.12.29 12:34:34.018,1.55462,1.55469,1.00,4.27
2014.12.29 12:34:34.321,1.55462,1.55469,1.00,4.27
2014.12.29 12:34:35.813,1.55462,1.55469,1.00,4.57
2014.12.29 12:34:46.416,1.55462,1.55469,1.50,4.27
2014.12.29 12:34:55.207,1.55462,1.55469,1.57,4.20
2014.12.29 12:34:58.509,1.55462,1.55471,5.32,1.39
2014.12.29 12:35:03.582,1.55463,1.55471,3.82,1.39
2014.12.29 12:35:04.164,1.55464,1.55471,3.82,1.31
2014.12.29 12:35:05.235,1.55464,1.5547,3.82,1.12
2014.12.29 12:35:06.605,1.55464,1.5547,3.75,6.34
2014.12.29 12:35:06.656,1.55459,1.55468,4.50,6.34
2014.12.29 12:35:06.758,1.55459,1.55467,3.75,2.47
2014.12.29 12:35:06.859,1.55456,1.55464,1.00,4.46
2014.12.29 12:35:07.315,1.55454,1.55463,5.70,1.09
2014.12.29 12:35:10.648,1.55454,1.55463,1.20,1.09
2014.12.29 12:35:13.648,1.55454,1.55463,1.12,1.46
2014.12.29 12:35:20.980,1.55453,1.55463,1.57,1.46
2014.12.29 12:35:22.352,1.55452,1.55463,8.62,1.46
2014.12.29 12:35:25.129,1.55452,1.55463,8.62,1.46
2014.12.29 12:35:28.995,1.55453,1.55463,1.27,1.46
2014.12.29 12:35:30.063,1.55453,1.55463,1.27,1.46
2014.12.29 12:35:31.155,1.55453,1.55463,4.95,1.39
2014.12.29 12:35:40.447,1.55453,1.55462,4.95,1.32
2014.12.29 12:35:42.765,1.55453,1.55463,4.95,1.01
2014.12.29 12:35:50.335,1.55453,1.55463,4.95,1.01
2014.12.29 12:35:52.203,1.55454,1.55463,7.50,1.01
2014.12.29 12:36:11.638,1.55454,1.55464,7.50,1.01
2014.12.29 12:36:11.965,1.55453,1.55463,1.95,1.09
2014.12.29 12:36:13.609,1.55453,1.55463,1.95,1.09
2014.12.29 12:36:16.196,1.55453,1.55463,1.95,1.09
2014.12.29 12:36:18.300,1.55453,1.55463,1.95,1.09
2014.12.29 12:36:22.807,1.55453,1.55463,1.95,1.09
2014.12.29 12:36:25.723,1.55453,1.55462,1.95,1.32
2014.12.29 12:36:28.943,1.55453,1.55462,1.57,1.64
2014.12.29 12:36:30.356,1.55453,1.55462,1.10,2.06
2014.12.29 12:36:34.853,1.55453,1.55462,1.10,4.54
2014.12.29 12:36:37.332,1.55453,1.55462,1.57,4.54
2014.12.29 12:36:38.574,1.55453,1.55462,1.57,4.39
2014.12.29 12:36:41.980,1.55453,1.55462,1.57,4.39
2014.12.29 12:36:42.494,1.55453,1.55461,1.20,1.70
2014.12.29 12:36:44.157,1.55452,1.5546,4.95,1.39
2014.12.29 12:36:44.360,1.55451,1.55461,8.25,1.01
2014.12.29 12:36:44.873,1.55451,1.55461,8.25,1.31
2014.12.29 12:36:45.076,1.55451,1.55462,9.00,1.46
2014.12.29 12:36:45.126,1.55452,1.55463,1.15,8.81
2014.12.29 12:36:45.228,1.55453,1.55463,4.95,1.56
2014.12.29 12:36:45.792,1.55454,1.55463,1.45,1.56
2014.12.29 12:36:48.105,1.55453,1.55461,3.97,1.25
2014.12.29 12:36:48.459,1.55453,1.55463,4.65,1.56
2014.12.29 12:36:48.969,1.55454,1.55463,1.45,1.56
2014.12.29 12:36:49.479,1.55454,1.55463,1.45,1.62
2014.12.29 12:36:50.394,1.55454,1.55463,1.45,1.25
2014.12.29 12:36:50.698,1.55455,1.55463,4.20,1.56
2014.12.29 12:36:51.487,1.55455,1.55463,4.20,1.56
2014.12.29 12:36:57.526,1.55455,1.55463,3.90,1.56
2014.12.29 12:36:58.088,1.55452,1.55463,2.51,5.14
2014.12.29 12:37:02.188,1.55453,1.55463,1.50,5.14
2014.12.29 12:37:03.201,1.55453,1.55463,1.50,5.14
2014.12.29 12:37:11.999,1.55453,1.55463,1.50,5.14
2014.12.29 12:37:13.214,1.55453,1.55463,1.50,5.14
2014.12.29 12:37:14.223,1.55455,1.55463,1.20,5.14
2014.12.29 12:37:15.233,1.55455,1.55463,1.20,5.14
2014.12.29 12:37:17.411,1.55455,1.55463,1.20,5.14
2014.12.29 12:37:22.043,1.55455,1.55463,1.10,5.06
2014.12.29 12:37:24.500,1.55453,1.55463,3.90,5.81
2014.12.29 12:37:27.367,1.55453,1.55461,4.20,1.25
2014.12.29 12:37:28.360,1.55453,1.55463,4.20,5.06
2014.12.29 12:37:33.888,1.55453,1.55463,5.25,5.06
2014.12.29 12:37:34.393,1.55453,1.55463,5.25,5.06
2014.12.29 12:37:38.556,1.55453,1.55463,5.25,5.06
2014.12.29 12:37:39.150,1.55453,1.55463,4.20,5.06
2014.12.29 12:37:40.959,1.55453,1.55463,4.27,1.56
2014.12.29 12:37:42.401,1.55453,1.55463,4.57,1.56
2014.12.29 12:37:44.165,1.55453,1.55463,5.32,1.56
2014.12.29 12:37:46.792,1.55453,1.55463,1.20,5.14
2014.12.29 12:37:47.232,1.55453,1.55463,1.87,5.14
2014.12.29 12:37:47.504,1.55454,1.55463,1.47,4.20
2014.12.29 12:37:47.555,1.55454,1.55466,5.70,4.51
2014.12.29 12:37:48.112,1.55454,1.55465,5.32,1.46
2014.12.29 12:37:48.618,1.55455,1.55466,1.10,4.63
2014.12.29 12:37:49.441,1.55455,1.55463,1.10,1.26
2014.12.29 12:37:58.641,1.55454,1.55465,4.57,1.39
2014.12.29 12:37:59.172,1.5546,1.55467,3.75,4.69
2014.12.29 12:37:59.223,1.5546,1.55468,3.82,2.14
2014.12.29 12:37:59.325,1.5546,1.55469,3.82,1.29
2014.12.29 12:37:59.678,1.55462,1.55471,4.12,5.51
2014.12.29 12:37:59.729,1.55462,1.55471,4.20,1.76
2014.12.29 12:38:04.705,1.55463,1.55471,3.75,1.76
2014.12.29 12:38:05.311,1.55463,1.55471,7.50,1.31
2014.12.29 12:38:07.501,1.55464,1.55471,3.82,1.31
2014.12.29 12:38:08.626,1.55464,1.55473,7.50,2.14
2014.12.29 12:38:08.728,1.55467,1.55473,3.75,2.14
2014.12.29 12:38:09.134,1.55468,1.55476,3.82,1.00
2014.12.29 12:38:09.236,1.55472,1.55479,3.75,1.46
2014.12.29 12:38:09.539,1.55474,1.5548,3.75,1.25
2014.12.29 12:38:09.742,1.55475,1.55483,3.82,1.76
2014.12.29 12:38:10.248,1.55475,1.55483,4.27,1.00
2014.12.29 12:38:10.833,1.55477,1.55485,3.82,1.19
2014.12.29 12:38:11.553,1.55477,1.55485,3.82,1.00
2014.12.29 12:38:13.011,1.55477,1.55487,3.82,6.04
2014.12.29 12:38:15.053,1.55477,1.55486,3.82,1.16
2014.12.29 12:38:15.154,1.55477,1.55486,3.82,1.46
2014.12.29 12:38:15.255,1.55475,1.55484,3.82,1.66
2014.12.29 12:38:15.407,1.55475,1.55482,3.82,1.20
2014.12.29 12:38:15.508,1.55475,1.55482,3.82,1.00
2014.12.29 12:38:16.014,1.55475,1.55484,3.82,1.36
2014.12.29 12:38:16.520,1.55475,1.55485,3.82,4.76
2014.12.29 12:38:19.641,1.55475,1.55484,3.82,1.57
2014.12.29 12:38:19.743,1.55475,1.55481,3.82,1.25
2014.12.29 12:38:20.565,1.55473,1.55481,3.82,1.84
2014.12.29 12:38:20.767,1.55473,1.55481,3.82,2.44
2014.12.29 12:38:21.284,1.55473,1.55481,3.82,2.14
2014.12.29 12:38:21.537,1.55473,1.55481,3.82,1.76
2014.12.29 12:38:21.789,1.55473,1.55481,3.82,2.14
2014.12.29 12:38:22.544,1.55473,1.5548,3.82,1.00
2014.12.29 12:38:23.049,1.55473,1.55481,3.82,1.69
2014.12.29 12:38:23.574,1.55473,1.55481,3.82,1.84
2014.12.29 12:38:26.383,1.55478,1.55484,3.82,1.50
2014.12.29 12:38:26.484,1.55478,1.55484,3.82,1.25
2014.12.29 12:38:26.586,1.5548,1.55486,3.82,1.00
2014.12.29 12:38:26.839,1.55482,1.55489,7.50,1.10
2014.12.29 12:38:27.193,1.55484,1.55491,3.82,1.36
2014.12.29 12:38:27.805,1.55486,1.55491,3.82,1.00
2014.12.29 12:38:28.008,1.55483,1.55488,1.00,1.00
2014.12.29 12:38:28.059,1.55478,1.55488,6.07,1.00
2014.12.29 12:38:28.465,1.55479,1.55488,7.50,2.40
2014.12.29 12:38:28.718,1.55479,1.55488,7.50,1.80
2014.12.29 12:38:30.166,1.55479,1.55484,3.75,1.00
2014.12.29 12:38:30.218,1.55477,1.55484,3.82,1.47
2014.12.29 12:38:30.319,1.55475,1.55482,3.82,1.00
2014.12.29 12:38:30.880,1.55475,1.55482,3.82,1.12
2014.12.29 12:38:31.391,1.55474,1.55481,3.82,1.10
2014.12.29 12:38:33.209,1.55479,1.55486,3.82,2.04
2014.12.29 12:38:33.311,1.55479,1.55487,3.82,5.51
2014.12.29 12:38:34.278,1.55479,1.55487,3.82,6.04
2014.12.29 12:38:38.571,1.55479,1.55487,3.82,5.96
2014.12.29 12:38:39.383,1.55479,1.55487,3.82,5.96
2014.12.29 12:38:40.722,1.55476,1.55486,3.82,4.09
2014.12.29 12:38:43.129,1.55476,1.55485,3.82,1.09
2014.12.29 12:38:43.662,1.55476,1.55485,3.82,1.01
2014.12.29 12:38:47.312,1.55476,1.55485,3.82,1.29
2014.12.29 12:38:47.920,1.55474,1.55484,3.90,4.01
2014.12.29 12:38:50.501,1.55473,1.55482,4.72,3.75
2014.12.29 12:38:51.115,1.55473,1.55482,1.05,7.50
2014.12.29 12:39:02.962,1.55472,1.55482,8.25,8.06
2014.12.29 12:39:05.153,1.55472,1.55482,8.25,7.69
2014.12.29 12:39:05.955,1.55472,1.55479,1.10,3.75
2014.12.29 12:39:16.228,1.55471,1.55476,4.50,1.00
2014.12.29 12:39:16.431,1.55471,1.55478,3.75,1.65
2014.12.29 12:39:16.482,1.55468,1.55477,1.10,3.82
2014.12.29 12:39:16.785,1.5547,1.55477,1.50,4.57
2014.12.29 12:39:17.817,1.55468,1.55477,2.02,3.82
2014.12.29 12:39:18.327,1.55468,1.55477,1.65,3.82
2014.12.29 12:39:19.389,1.55468,1.55475,1.00,7.50
2014.12.29 12:39:20.198,1.55467,1.55475,1.00,7.50
2014.12.29 12:39:20.703,1.55466,1.55475,1.72,7.50
2014.12.29 12:39:21.772,1.55466,1.55473,1.20,3.75
2014.12.29 12:39:22.277,1.55465,1.55473,1.00,4.01
2014.12.29 12:39:22.934,1.55463,1.55473,4.65,4.01
2014.12.29 12:39:23.702,1.55463,1.55473,4.57,4.01
2014.12.29 12:39:24.372,1.55462,1.55471,4.57,4.31
2014.12.29 12:39:24.524,1.55461,1.55469,1.00,7.69
2014.12.29 12:39:25.030,1.55462,1.55471,1.20,3.82
2014.12.29 12:39:25.334,1.55463,1.55471,1.12,3.82
2014.12.29 12:39:32.164,1.55463,1.55471,1.00,3.82
2014.12.29 12:39:41.763,1.55464,1.55471,1.00,3.82
2014.12.29 12:39:41.815,1.55465,1.55473,3.82,1.00
2014.12.29 12:39:41.917,1.55468,1.55473,3.75,1.00
2014.12.29 12:39:42.070,1.55468,1.55476,3.75,3.94
2014.12.29 12:39:45.183,1.5547,1.55476,1.00,3.75
2014.12.29 12:39:45.234,1.55471,1.55481,3.82,4.09
2014.12.29 12:39:45.994,1.5547,1.55478,9.34,3.75
2014.12.29 12:39:46.298,1.55472,1.5548,4.57,3.82
2014.12.29 12:39:49.631,1.55471,1.55477,3.75,3.75
2014.12.29 12:39:49.682,1.5547,1.55477,1.10,3.75
2014.12.29 12:39:54.951,1.55468,1.55476,1.65,4.12
2014.12.29 12:39:55.053,1.55467,1.55471,1.00,3.75
2014.12.29 12:39:55.154,1.55464,1.55471,1.00,7.50
2014.12.29 12:39:55.660,1.55464,1.55472,3.82,4.01
2014.12.29 12:39:57.655,1.55463,1.55471,4.50,3.75
2014.12.29 12:39:57.908,1.55461,1.55471,8.51,7.50
2014.12.29 12:40:05.513,1.55464,1.55471,1.00,7.69
2014.12.29 12:40:05.615,1.55466,1.55476,7.50,8.59
2014.12.29 12:40:05.817,1.55465,1.55474,1.10,4.39
2014.12.29 12:40:05.868,1.55465,1.55471,1.00,3.94
2014.12.29 12:40:05.970,1.55462,1.55471,1.20,7.76
2014.12.29 12:40:09.769,1.55463,1.55471,3.75,3.75
2014.12.29 12:40:09.820,1.55463,1.55473,3.82,4.76
2014.12.29 12:40:18.758,1.55467,1.55475,8.25,1.00
2014.12.29 12:40:19.265,1.55468,1.55477,1.20,7.50
2014.12.29 12:40:20.309,1.55467,1.55477,8.25,7.69
2014.12.29 12:40:20.360,1.55465,1.55475,4.65,4.01
2014.12.29 12:40:21.171,1.55465,1.55475,3.82,4.76
2014.12.29 12:40:21.273,1.55463,1.55473,8.32,7.69
2014.12.29 12:40:32.150,1.55463,1.55473,8.32,7.69
2014.12.29 12:40:34.326,1.55463,1.55473,8.51,7.69
2014.12.29 12:40:41.151,1.55463,1.55472,3.90,4.01
2014.12.29 12:40:41.656,1.55462,1.55472,8.32,7.69
2014.12.29 12:40:45.288,1.55462,1.55472,8.62,7.50
2014.12.29 12:40:46.417,1.55464,1.55473,3.90,1.29
2014.12.29 12:40:50.505,1.55462,1.55472,9.00,7.76
2014.12.29 12:40:52.401,1.55465,1.55475,3.82,4.76
2014.12.29 12:40:52.604,1.55469,1.55477,3.82,1.00
2014.12.29 12:40:53.008,1.55471,1.55481,3.82,5.21
2014.12.29 12:40:56.170,1.55471,1.55481,3.82,4.91
2014.12.29 12:40:57.210,1.55471,1.55481,3.82,4.91
2014.12.29 12:40:58.883,1.55471,1.55481,3.82,4.91
2014.12.29 12:41:02.198,1.55471,1.55481,3.82,4.91
2014.12.29 12:41:03.728,1.55473,1.55481,3.82,1.09
2014.12.29 12:41:07.727,1.55472,1.5548,3.75,3.82
2014.12.29 12:41:08.233,1.55473,1.55481,3.82,1.64
2014.12.29 12:41:18.679,1.55475,1.55482,3.82,1.31
2014.12.29 12:41:18.780,1.55475,1.55483,3.82,1.31
2014.12.29 12:41:19.285,1.55475,1.55483,3.82,1.31
2014.12.29 12:41:19.980,1.55475,1.55483,3.82,1.01
2014.12.29 12:41:21.399,1.55475,1.55482,3.82,1.57
2014.12.29 12:41:23.568,1.55474,1.55482,3.82,4.09
2014.12.29 12:41:27.431,1.55474,1.55482,3.82,5.59
2014.12.29 12:41:30.178,1.55474,1.55478,3.82,1.00
2014.12.29 12:41:30.280,1.55474,1.55481,3.82,1.16
2014.12.29 12:41:30.432,1.55474,1.55477,3.82,1.00
2014.12.29 12:41:30.685,1.55468,1.55476,1.00,4.39
2014.12.29 12:41:30.787,1.55465,1.55475,1.10,1.84
2014.12.29 12:41:30.838,1.55464,1.55473,5.32,1.56
2014.12.29 12:41:31.192,1.55462,1.55472,8.25,1.76
2014.12.29 12:41:31.698,1.55462,1.55473,8.25,1.84
2014.12.29 12:41:31.951,1.55462,1.55473,8.25,1.39
2014.12.29 12:41:33.841,1.55463,1.55473,1.35,1.39
2014.12.29 12:41:34.447,1.55463,1.55473,1.35,1.39
2014.12.29 12:41:34.988,1.55464,1.55472,3.82,1.20
2014.12.29 12:41:35.595,1.55467,1.55475,3.75,1.75
2014.12.29 12:41:35.697,1.55467,1.55477,3.75,5.06
2014.12.29 12:41:36.202,1.55467,1.55475,3.75,1.20
2014.12.29 12:41:36.708,1.55467,1.55477,3.75,3.94
2014.12.29 12:41:37.214,1.55467,1.55477,4.57,4.31
2014.12.29 12:41:37.265,1.55469,1.55479,3.75,8.44
2014.12.29 12:41:37.771,1.5547,1.55475,1.10,1.00
2014.12.29 12:41:38.277,1.55469,1.55479,3.75,4.69
2014.12.29 12:41:38.783,1.55469,1.55479,3.82,4.39
2014.12.29 12:41:39.290,1.55469,1.55479,4.50,4.09
2014.12.29 12:41:39.594,1.55469,1.55478,3.75,1.39
2014.12.29 12:41:39.695,1.55467,1.55477,1.10,1.01
2014.12.29 12:41:39.746,1.55467,1.55476,1.10,1.31
2014.12.29 12:41:39.847,1.55467,1.55477,1.10,1.39
2014.12.29 12:41:40.201,1.55467,1.55477,1.10,1.01
2014.12.29 12:41:40.505,1.55468,1.55477,3.82,1.20
2014.12.29 12:41:41.020,1.55468,1.55479,4.57,1.46
2014.12.29 12:41:41.729,1.55469,1.55479,1.10,1.01
2014.12.29 12:41:42.184,1.55471,1.55479,1.00,1.01
2014.12.29 12:41:42.286,1.55469,1.55479,1.10,1.01
2014.12.29 12:41:42.791,1.55469,1.5548,1.10,4.76
2014.12.29 12:41:43.298,1.5547,1.5548,1.00,4.76
2014.12.29 12:41:43.502,1.5547,1.5548,1.00,4.76
2014.12.29 12:41:43.958,1.5547,1.55481,3.82,1.76
2014.12.29 12:41:44.463,1.5547,1.5548,3.82,1.75
2014.12.29 12:41:51.642,1.5547,1.55481,4.57,1.01
2014.12.29 12:41:52.148,1.5547,1.55479,4.57,1.20
2014.12.29 12:41:52.199,1.55472,1.55482,4.50,1.76
2014.12.29 12:41:52.300,1.55472,1.55483,4.57,1.76
2014.12.29 12:41:52.806,1.55472,1.55482,1.57,4.39
2014.12.29 12:41:53.312,1.55472,1.55483,4.57,1.76
2014.12.29 12:42:01.880,1.55472,1.55482,1.00,4.46
2014.12.29 12:42:03.021,1.55472,1.55482,1.00,4.46
2014.12.29 12:42:03.527,1.5547,1.55481,5.51,1.01
2014.12.29 12:42:04.032,1.5547,1.55481,5.32,1.01
2014.12.29 12:42:06.868,1.55473,1.55481,3.75,1.20
2014.12.29 12:42:07.171,1.55473,1.55481,3.75,1.31
2014.12.29 12:42:13.706,1.55472,1.55481,1.00,1.46
2014.12.29 12:42:14.487,1.55472,1.55478,1.00,3.90
2014.12.29 12:42:14.841,1.55472,1.55478,1.00,4.50
2014.12.29 12:42:15.195,1.55472,1.5548,1.00,4.57
2014.12.29 12:42:15.701,1.55472,1.5548,1.00,5.32
2014.12.29 12:42:19.887,1.55475,1.55481,7.50,1.35
2014.12.29 12:42:19.988,1.55486,1.55494,3.75,1.69
2014.12.29 12:42:20.039,1.55486,1.55496,3.75,6.19
2014.12.29 12:42:20.090,1.55487,1.5549,3.82,1.00
2014.12.29 12:42:20.191,1.55488,1.55493,3.82,1.10
2014.12.29 12:42:20.242,1.55488,1.55493,3.75,2.10
2014.12.29 12:42:20.344,1.55488,1.55496,3.82,1.31
2014.12.29 12:42:20.395,1.55488,1.55496,3.82,1.31
2014.12.29 12:42:20.496,1.55497,1.555,7.50,1.00
2014.12.29 12:42:20.699,1.55501,1.55506,7.49,3.00
2014.12.29 12:42:20.801,1.55504,1.55509,3.82,2.36
2014.12.29 12:42:20.903,1.55506,1.5551,7.50,3.19
2014.12.29 12:42:21.106,1.55508,1.55513,3.75,2.06
2014.12.29 12:42:21.359,1.55507,1.55515,3.75,2.06
2014.12.29 12:42:21.873,1.55507,1.55514,3.75,1.31
2014.12.29 12:42:23.328,1.55504,1.55514,4.57,1.94
2014.12.29 12:42:30.668,1.55503,1.5551,3.75,1.65
2014.12.29 12:42:30.719,1.555,1.5551,4.20,2.02
2014.12.29 12:42:30.770,1.555,1.5551,4.20,1.65
2014.12.29 12:42:30.821,1.555,1.55508,3.82,1.12
2014.12.29 12:42:30.973,1.55501,1.5551,7.50,3.41
2014.12.29 12:42:31.023,1.55501,1.55509,3.75,1.31
2014.12.29 12:42:31.125,1.55499,1.55506,3.82,1.00
2014.12.29 12:42:31.176,1.55499,1.55504,3.82,1.00
2014.12.29 12:42:31.227,1.55497,1.55504,3.75,1.00
2014.12.29 12:42:31.328,1.55495,1.55504,7.69,1.37
2014.12.29 12:42:31.833,1.55495,1.55503,7.50,1.10
2014.12.29 12:42:33.537,1.55495,1.55503,7.50,1.50
2014.12.29 12:42:34.083,1.55495,1.55503,7.50,1.10
2014.12.29 12:42:37.294,1.55495,1.55503,7.50,1.47
2014.12.29 12:42:38.633,1.55495,1.55503,7.50,1.50
2014.12.29 12:42:39.245,1.55495,1.55504,7.50,1.75
2014.12.29 12:42:39.778,1.55495,1.55504,7.50,2.25
2014.12.29 12:42:46.528,1.55493,1.55503,3.82,1.75
2014.12.29 12:42:46.630,1.55491,1.55502,9.19,1.27
2014.12.29 12:42:52.857,1.55493,1.55502,1.00,1.46
2014.12.29 12:42:59.194,1.55491,1.55501,8.25,2.00
2014.12.29 12:42:59.296,1.55491,1.55501,7.50,2.14
2014.12.29 12:42:59.498,1.55494,1.55499,3.75,1.10
2014.12.29 12:42:59.853,1.55494,1.55503,8.25,1.01
2014.12.29 12:42:59.904,1.55497,1.55505,1.00,1.31
2014.12.29 12:43:00.056,1.55499,1.55508,4.57,1.20
2014.12.29 12:43:00.561,1.555,1.55511,1.20,5.21
2014.12.29 12:43:00.612,1.555,1.5551,1.10,1.39
2014.12.29 12:43:01.269,1.555,1.55509,1.10,1.31
2014.12.29 12:43:04.813,1.555,1.5551,1.10,1.01
2014.12.29 12:43:05.116,1.55501,1.55509,1.00,1.94
2014.12.29 12:43:05.637,1.55499,1.55509,3.82,1.94
2014.12.29 12:43:11.497,1.55502,1.55509,3.75,1.75
2014.12.29 12:43:26.245,1.55502,1.5551,3.75,2.00
2014.12.29 12:43:28.820,1.55505,1.5551,1.00,2.25
2014.12.29 12:43:28.922,1.55511,1.55514,3.82,6.00
2014.12.29 12:43:28.973,1.55511,1.55514,4.50,3.37
2014.12.29 12:43:29.126,1.55511,1.55519,3.82,3.75
2014.12.29 12:43:29.631,1.55509,1.55518,8.25,1.50
2014.12.29 12:43:29.884,1.55512,1.55518,3.75,1.75
2014.12.29 12:43:30.086,1.55513,1.5552,3.82,1.20
2014.12.29 12:43:30.440,1.55511,1.55522,7.50,2.40
2014.12.29 12:43:30.743,1.55511,1.55519,7.50,1.75
2014.12.29 12:43:31.248,1.55511,1.5552,7.50,1.87
2014.12.29 12:43:31.754,1.55511,1.55521,7.50,2.06
2014.12.29 12:43:35.809,1.55511,1.5552,8.25,1.25
2014.12.29 12:43:35.860,1.55513,1.55521,3.75,1.29
2014.12.29 12:43:36.316,1.55511,1.55521,8.25,3.45
2014.12.29 12:43:36.367,1.55511,1.5552,8.25,1.12
2014.12.29 12:43:40.627,1.55511,1.55519,7.50,1.12
2014.12.29 12:43:40.729,1.55509,1.55518,1.10,2.00
2014.12.29 12:43:40.880,1.55509,1.55516,1.00,1.57
2014.12.29 12:43:41.431,1.55507,1.55516,3.94,1.57
2014.12.29 12:43:41.876,1.55505,1.55513,3.94,3.82
2014.12.29 12:43:41.927,1.55504,1.55513,1.20,3.82
2014.12.29 12:43:42.079,1.55502,1.55511,1.10,4.87
2014.12.29 12:43:42.585,1.55502,1.5551,1.00,1.20
2014.12.29 12:43:43.292,1.55502,1.55511,1.00,4.57
2014.12.29 12:43:44.492,1.55502,1.55511,1.00,5.32
2014.12.29 12:43:50.448,1.55502,1.55508,1.00,1.12
2014.12.29 12:43:50.549,1.55498,1.55508,1.10,1.39
2014.12.29 12:43:50.650,1.55496,1.55505,1.00,3.90
2014.12.29 12:43:51.004,1.55496,1.55505,1.00,4.76
2014.12.29 12:43:51.515,1.55496,1.55505,1.00,5.14
2014.12.29 12:43:51.925,1.55494,1.55505,1.57,5.14
2014.12.29 12:43:52.281,1.55498,1.55505,1.00,5.14
2014.12.29 12:43:52.506,1.55498,1.55507,4.69,1.76
2014.12.29 12:43:53.013,1.555,1.55507,1.00,1.01
2014.12.29 12:43:53.317,1.55499,1.55507,1.10,1.39
2014.12.29 12:43:53.520,1.55499,1.55507,1.10,1.01
2014.12.29 12:43:56.159,1.55499,1.55506,1.01,1.12
2014.12.29 12:43:57.279,1.55499,1.55508,1.01,4.69
2014.12.29 12:43:57.431,1.55501,1.55508,1.25,4.50
2014.12.29 12:43:57.583,1.55501,1.55512,4.76,2.04
2014.12.29 12:43:58.088,1.55501,1.55511,4.09,1.12
2014.12.29 12:44:01.485,1.555,1.5551,6.94,3.82
2014.12.29 12:44:01.789,1.555,1.5551,5.25,5.44
2014.12.29 12:44:02.194,1.55499,1.55509,1.25,8.62
2014.12.29 12:44:07.517,1.55498,1.55509,1.09,8.62
2014.12.29 12:44:15.085,1.55498,1.55509,1.65,9.19
2014.12.29 12:44:15.187,1.55498,1.55507,1.65,1.12
2014.12.29 12:44:21.070,1.55499,1.55507,1.00,1.75
2014.12.29 12:44:21.373,1.55501,1.55509,1.69,1.12
2014.12.29 12:44:21.475,1.55501,1.55511,1.69,5.51
2014.12.29 12:44:21.879,1.55499,1.55511,4.76,5.89
2014.12.29 12:44:22.131,1.55502,1.55511,1.00,5.51
2014.12.29 12:44:22.687,1.55502,1.55511,1.00,5.89
2014.12.29 12:44:23.192,1.55502,1.5551,1.00,1.39
2014.12.29 12:44:23.546,1.55502,1.5551,1.00,1.01
2014.12.29 12:44:23.648,1.55502,1.55509,1.00,1.12
2014.12.29 12:44:24.204,1.55502,1.5551,1.00,1.76
2014.12.29 12:44:24.457,1.555,1.5551,1.10,1.01
2014.12.29 12:44:24.559,1.555,1.55508,1.10,1.12
2014.12.29 12:44:25.014,1.55498,1.55508,1.76,1.20
2014.12.29 12:44:25.065,1.55498,1.55506,1.76,1.12
2014.12.29 12:44:25.985,1.55499,1.55506,1.00,1.12
2014.12.29 12:44:30.238,1.55499,1.55508,1.25,1.76
2014.12.29 12:44:34.018,1.55498,1.55508,1.01,1.20
2014.12.29 12:44:34.574,1.55497,1.55506,5.51,1.12
2014.12.29 12:44:35.114,1.55499,1.55507,1.00,1.12
2014.12.29 12:44:36.752,1.55499,1.55508,1.25,1.01
2014.12.29 12:44:37.414,1.55499,1.55507,1.25,1.12
2014.12.29 12:44:37.929,1.55498,1.55506,1.69,4.87
2014.12.29 12:44:38.081,1.55499,1.55506,1.25,4.20
2014.12.29 12:44:38.603,1.55498,1.55506,1.50,4.20
2014.12.29 12:44:38.856,1.55498,1.55506,1.50,4.50
2014.12.29 12:44:48.882,1.55499,1.55506,1.00,4.50
2014.12.29 12:44:59.872,1.55498,1.55508,4.57,4.76
2014.12.29 12:45:00.531,1.55499,1.55508,1.01,4.76
2014.12.29 12:45:01.290,1.55499,1.55508,1.01,4.57
2014.12.29 12:45:01.798,1.55499,1.55508,1.01,4.57
2014.12.29 12:45:06.524,1.55498,1.55506,1.00,3.90
2014.12.29 12:45:07.136,1.55499,1.55506,1.00,3.90
2014.12.29 12:45:07.642,1.55499,1.55506,1.00,4.27
2014.12.29 12:45:09.345,1.55497,1.55506,1.76,4.27
2014.12.29 12:45:10.204,1.55497,1.55506,1.57,4.57
2014.12.29 12:45:10.305,1.55496,1.55502,1.00,3.82
2014.12.29 12:45:10.356,1.55494,1.55502,1.00,3.82
2014.12.29 12:45:10.407,1.55494,1.555,1.00,3.82
2014.12.29 12:45:10.813,1.55492,1.55502,1.00,4.76
2014.12.29 12:45:10.965,1.55492,1.55501,1.00,1.39
2014.12.29 12:45:11.530,1.55491,1.55501,1.76,1.39
2014.12.29 12:45:16.401,1.55495,1.55501,3.75,1.20
2014.12.29 12:45:16.504,1.55496,1.55501,1.00,1.12
2014.12.29 12:45:16.605,1.55496,1.55502,1.00,3.82
2014.12.29 12:45:17.060,1.55498,1.55504,1.00,4.50
2014.12.29 12:45:17.262,1.55496,1.55504,1.50,4.50
2014.12.29 12:45:17.769,1.55496,1.55507,1.57,5.51
2014.12.29 12:45:18.274,1.55496,1.55506,1.57,1.20
2014.12.29 12:45:18.941,1.55497,1.55506,1.00,1.20
2014.12.29 12:45:19.468,1.55496,1.55505,1.00,4.57
2014.12.29 12:45:19.973,1.55495,1.55505,1.00,4.76
2014.12.29 12:45:21.442,1.55494,1.55505,1.01,4.76
2014.12.29 12:45:23.329,1.55496,1.55505,1.00,4.76
2014.12.29 12:45:25.509,1.55498,1.55505,1.00,4.76
2014.12.29 12:45:25.813,1.55517,1.5552,4.09,3.00
2014.12.29 12:45:25.864,1.5552,1.55522,1.12,1.10
2014.12.29 12:45:25.915,1.55523,1.55526,1.91,1.00
2014.12.29 12:45:26.067,1.55527,1.55534,1.00,7.65
2014.12.29 12:45:26.220,1.55526,1.55532,1.10,4.01
2014.12.29 12:45:26.321,1.55524,1.55532,1.00,4.01
2014.12.29 12:45:26.422,1.55522,1.5553,1.76,3.82
2014.12.29 12:45:26.927,1.55522,1.5553,1.12,3.82
2014.12.29 12:45:30.349,1.55522,1.5553,1.37,3.90
2014.12.29 12:45:30.653,1.55522,1.55528,1.00,3.82
2014.12.29 12:45:33.313,1.55519,1.55525,1.62,1.00
2014.12.29 12:45:33.523,1.55519,1.55525,1.25,1.00
2014.12.29 12:45:33.625,1.55516,1.55524,4.72,1.00
2014.12.29 12:45:33.777,1.55515,1.55521,1.82,4.50
2014.12.29 12:45:34.030,1.55511,1.55516,4.16,1.00
2014.12.29 12:45:34.081,1.55512,1.55517,1.09,1.00
2014.12.29 12:45:34.184,1.55517,1.55526,4.20,1.39
2014.12.29 12:45:34.336,1.55517,1.55526,7.95,1.25
2014.12.29 12:45:34.438,1.55517,1.55523,7.95,1.00
2014.12.29 12:45:34.903,1.55517,1.55525,5.14,1.00
2014.12.29 12:45:37.196,1.55517,1.55523,5.51,1.00
2014.12.29 12:45:37.298,1.55517,1.55525,5.51,1.00
2014.12.29 12:45:43.143,1.55516,1.55522,3.82,1.00
2014.12.29 12:45:43.245,1.55514,1.55519,7.65,1.00
2014.12.29 12:45:43.346,1.55512,1.55519,3.97,1.00
2014.12.29 12:45:43.448,1.5551,1.55516,8.14,1.00
2014.12.29 12:45:43.651,1.55509,1.55515,1.39,1.00
2014.12.29 12:45:44.874,1.55509,1.55516,8.44,1.00
2014.12.29 12:45:44.975,1.55509,1.55514,8.44,1.00
2014.12.29 12:45:45.228,1.55509,1.55516,8.44,1.00
2014.12.29 12:45:48.491,1.55509,1.55516,8.51,1.00
2014.12.29 12:45:51.168,1.55509,1.55514,3.90,1.00
2014.12.29 12:45:51.573,1.55506,1.55512,1.30,1.00
2014.12.29 12:45:51.675,1.55504,1.5551,3.82,1.00
2014.12.29 12:45:51.978,1.55499,1.55507,1.84,1.00
2014.12.29 12:45:52.029,1.55499,1.55507,1.46,1.00
2014.12.29 12:45:52.130,1.55501,1.55507,3.37,1.00
2014.12.29 12:45:52.383,1.55501,1.55509,4.54,1.00
2014.12.29 12:45:52.686,1.55503,1.55511,5.10,1.00
2014.12.29 12:45:52.889,1.55503,1.5551,4.76,1.00
2014.12.29 12:45:53.192,1.55503,1.55509,4.91,1.00
2014.12.29 12:45:53.568,1.55503,1.55509,4.91,1.00
2014.12.29 12:45:53.669,1.55502,1.55508,4.46,1.00
2014.12.29 12:45:53.871,1.55499,1.55506,5.21,1.00
2014.12.29 12:45:53.922,1.55499,1.55506,4.91,1.00
2014.12.29 12:45:54.427,1.55499,1.55504,4.91,1.00
2014.12.29 12:45:54.783,1.555,1.55505,1.10,1.00
2014.12.29 12:45:54.884,1.555,1.55507,1.10,1.00
2014.12.29 12:45:55.238,1.555,1.55507,1.27,1.00
2014.12.29 12:45:55.744,1.55503,1.55506,1.00,1.00
2014.12.29 12:45:56.250,1.55503,1.55507,1.00,1.00
2014.12.29 12:45:56.562,1.55503,1.55506,1.00,1.00
2014.12.29 12:45:57.094,1.55503,1.55506,1.00,1.00
2014.12.29 12:45:57.601,1.55499,1.55505,5.21,1.00
2014.12.29 12:45:58.074,1.55499,1.55504,4.91,1.00
2014.12.29 12:45:58.577,1.55498,1.55505,1.20,1.00
2014.12.29 12:45:58.628,1.55498,1.55505,1.20,1.00
2014.12.29 12:45:59.083,1.55498,1.55503,1.10,1.00
2014.12.29 12:45:59.386,1.55498,1.55505,1.10,1.00
2014.12.29 12:46:00.157,1.55498,1.55503,1.10,1.00
2014.12.29 12:46:00.663,1.55498,1.55504,1.10,1.00
2014.12.29 12:46:01.177,1.55498,1.55503,1.10,1.00
2014.12.29 12:46:01.356,1.55498,1.55505,1.10,1.00
2014.12.29 12:46:01.832,1.55498,1.55503,1.10,1.00
2014.12.29 12:46:02.144,1.55498,1.55505,1.10,1.00
2014.12.29 12:46:02.830,1.55498,1.55503,1.20,1.00
2014.12.29 12:46:03.342,1.55498,1.55504,1.20,1.00
2014.12.29 12:46:03.854,1.55498,1.55503,1.20,1.00
2014.12.29 12:46:04.361,1.55497,1.55504,3.90,1.00
2014.12.29 12:46:04.917,1.55496,1.55503,1.09,1.00
2014.12.29 12:46:05.429,1.55496,1.55504,1.09,1.50
2014.12.29 12:46:05.940,1.55497,1.55503,4.27,1.00
2014.12.29 12:46:06.460,1.55497,1.55504,4.27,1.50
2014.12.29 12:46:06.864,1.55497,1.55502,3.90,1.00
2014.12.29 12:46:07.117,1.55497,1.55504,3.90,1.00
2014.12.29 12:46:08.065,1.55497,1.55503,3.90,1.00
2014.12.29 12:46:08.570,1.55497,1.55504,3.90,1.50
2014.12.29 12:46:09.623,1.55497,1.55503,3.90,1.00
2014.12.29 12:46:10.129,1.55497,1.55504,3.90,1.00
2014.12.29 12:46:11.395,1.55497,1.55503,4.27,1.00
2014.12.29 12:46:11.900,1.55497,1.55504,3.90,1.50
2014.12.29 12:46:12.356,1.55497,1.55502,4.27,1.00
2014.12.29 12:46:12.609,1.55497,1.55504,3.90,1.00
2014.12.29 12:46:13.507,1.55497,1.55503,4.27,1.00
2014.12.29 12:46:14.114,1.55497,1.55504,3.82,1.50
2014.12.29 12:46:14.783,1.55497,1.55504,4.27,1.50
2014.12.29 12:46:15.122,1.55497,1.55502,4.27,1.00
2014.12.29 12:46:15.328,1.55497,1.55504,4.65,1.00
2014.12.29 12:46:15.883,1.55497,1.55503,4.65,1.00
2014.12.29 12:46:16.400,1.55497,1.55504,4.27,1.00
2014.12.29 12:46:17.109,1.55497,1.55503,4.27,1.00
2014.12.29 12:46:17.625,1.55497,1.55504,4.27,1.50
2014.12.29 12:46:18.636,1.55498,1.55504,3.52,1.50
2014.12.29 12:46:20.072,1.555,1.55506,4.27,1.50
2014.12.29 12:46:20.225,1.55501,1.55509,3.45,1.10
2014.12.29 12:46:20.731,1.55502,1.55508,7.65,1.00
2014.12.29 12:46:28.097,1.55502,1.55509,7.57,1.00
2014.12.29 12:46:30.835,1.55502,1.55508,7.57,1.00
2014.12.29 12:46:31.195,1.55505,1.5551,3.82,1.00
2014.12.29 12:46:31.297,1.55505,1.55512,4.01,1.00
2014.12.29 12:46:31.802,1.55505,1.55513,4.01,1.00
2014.12.29 12:46:32.005,1.5551,1.55514,3.82,1.00
2014.12.29 12:46:32.157,1.5551,1.55518,3.90,1.00
2014.12.29 12:46:32.208,1.55513,1.55518,3.75,1.00
2014.12.29 12:46:32.512,1.5551,1.55515,8.44,1.00
2014.12.29 12:46:32.615,1.5551,1.55515,8.44,1.00
2014.12.29 12:46:32.716,1.5551,1.55517,7.76,1.00
2014.12.29 12:46:33.373,1.5551,1.55515,7.76,1.00
2014.12.29 12:46:33.879,1.5551,1.55516,7.50,1.00
2014.12.29 12:46:34.190,1.5551,1.55514,7.50,1.00
2014.12.29 12:46:34.393,1.5551,1.55516,7.50,1.00
2014.12.29 12:46:35.164,1.5551,1.55513,7.50,1.00
2014.12.29 12:46:35.367,1.5551,1.55516,7.50,1.00
2014.12.29 12:46:35.922,1.5551,1.55513,7.50,1.00
2014.12.29 12:46:36.133,1.5551,1.55516,7.50,1.00
2014.12.29 12:46:37.224,1.55507,1.55516,4.16,1.10
2014.12.29 12:46:37.327,1.55507,1.55514,4.16,1.00
2014.12.29 12:46:37.682,1.55508,1.55515,1.09,1.00
2014.12.29 12:46:38.137,1.55507,1.55513,4.76,1.00
2014.12.29 12:46:38.533,1.55507,1.55513,5.14,1.00
2014.12.29 12:46:38.583,1.55507,1.55515,5.51,1.00
2014.12.29 12:46:38.735,1.5551,1.55517,1.09,1.00
2014.12.29 12:46:38.786,1.5551,1.5552,1.67,1.10
2014.12.29 12:46:38.837,1.55512,1.5552,1.07,1.10
2014.12.29 12:46:38.938,1.55513,1.55522,3.97,1.57
2014.12.29 12:46:39.090,1.55513,1.55522,4.46,1.10
2014.12.29 12:46:39.848,1.55514,1.55522,1.01,1.10
2014.12.29 12:46:40.863,1.55515,1.5552,1.20,1.00
2014.12.29 12:46:40.964,1.55514,1.55522,1.01,1.10
2014.12.29 12:46:41.470,1.55514,1.55521,1.01,1.00
2014.12.29 12:46:41.723,1.55512,1.55522,1.34,1.10
2014.12.29 12:46:41.926,1.55513,1.55522,4.84,1.00
2014.12.29 12:46:42.229,1.55525,1.55528,7.50,1.00
2014.12.29 12:46:42.280,1.55525,1.5553,7.50,1.00
2014.12.29 12:46:42.331,1.55533,1.55536,3.82,1.30
2014.12.29 12:46:42.382,1.55533,1.55536,3.82,1.00
2014.12.29 12:46:42.433,1.55534,1.55541,7.50,1.87
2014.12.29 12:46:42.535,1.55534,1.55543,3.75,1.76
2014.12.29 12:46:42.789,1.55535,1.55538,3.75,1.00
2014.12.29 12:46:43.093,1.55537,1.5554,3.82,1.00
2014.12.29 12:46:43.144,1.55539,1.55543,3.75,1.10
2014.12.29 12:46:43.347,1.55542,1.55546,3.82,1.12
2014.12.29 12:46:43.399,1.55542,1.55546,3.82,1.00
2014.12.29 12:46:43.550,1.55543,1.55546,7.49,1.00
2014.12.29 12:46:44.108,1.55543,1.55546,3.82,1.00
2014.12.29 12:46:44.412,1.55541,1.55546,3.82,1.00
2014.12.29 12:46:44.766,1.55538,1.55546,4.01,1.00
2014.12.29 12:46:50.105,1.55538,1.5554,3.82,1.00
2014.12.29 12:46:50.206,1.55526,1.55533,1.00,3.00
2014.12.29 12:46:50.258,1.55522,1.55528,3.37,1.10
2014.12.29 12:46:50.562,1.55512,1.55519,3.82,1.00
2014.12.29 12:46:51.130,1.55512,1.55518,3.82,1.00
2014.12.29 12:46:52.267,1.55511,1.55518,1.01,1.00
2014.12.29 12:46:52.470,1.55514,1.55518,3.75,1.50
2014.12.29 12:46:52.774,1.55519,1.55526,3.82,1.50
2014.12.29 12:46:53.230,1.55516,1.55526,4.84,1.00
2014.12.29 12:46:53.736,1.55518,1.55526,1.00,1.00
2014.12.29 12:46:57.065,1.55519,1.55526,1.19,1.00
2014.12.29 12:46:57.835,1.55519,1.55528,4.69,1.10
2014.12.29 12:47:01.341,1.55519,1.55526,5.25,1.00
2014.12.29 12:47:01.846,1.55518,1.55526,3.82,1.10
2014.12.29 12:47:04.530,1.55518,1.55524,3.75,1.00
2014.12.29 12:47:04.580,1.55515,1.55524,4.76,1.00
2014.12.29 12:47:05.187,1.55518,1.55524,1.00,1.00
2014.12.29 12:47:05.389,1.55543,1.55555,3.82,4.01
2014.12.29 12:47:05.440,1.55546,1.55554,3.75,1.00
2014.12.29 12:47:05.643,1.55543,1.55552,3.82,1.57
2014.12.29 12:47:05.845,1.55541,1.55551,3.94,3.90
2014.12.29 12:47:06.351,1.55541,1.55549,3.94,1.00
2014.12.29 12:47:06.857,1.55541,1.55551,3.94,4.65
2014.12.29 12:47:07.362,1.55541,1.55549,3.94,1.10
2014.12.29 12:47:07.767,1.55542,1.55551,3.45,4.20
2014.12.29 12:47:07.818,1.55551,1.55555,3.75,1.37
2014.12.29 12:47:07.869,1.55551,1.55556,7.50,1.75
2014.12.29 12:47:07.920,1.55556,1.55563,1.00,5.25
2014.12.29 12:47:07.971,1.55555,1.55563,4.01,1.75
2014.12.29 12:47:08.022,1.55557,1.55563,3.75,1.20
2014.12.29 12:47:08.073,1.55558,1.55564,4.57,1.45
2014.12.29 12:47:08.124,1.55558,1.55564,4.50,1.00
2014.12.29 12:47:08.630,1.55557,1.55565,3.94,1.00
2014.12.29 12:47:08.833,1.55557,1.55563,3.75,3.75
2014.12.29 12:47:09.036,1.55548,1.55557,4.01,1.00
2014.12.29 12:47:09.491,1.55552,1.55559,1.19,1.65
2014.12.29 12:47:09.795,1.55564,1.55566,3.82,1.00
2014.12.29 12:47:09.997,1.55563,1.55566,1.20,1.10
2014.12.29 12:47:10.199,1.55563,1.55574,1.20,8.25
2014.12.29 12:47:10.250,1.55568,1.55574,3.75,1.12
2014.12.29 12:47:10.352,1.5557,1.55577,3.75,1.71
2014.12.29 12:47:10.554,1.55571,1.55579,1.10,2.51
2014.12.29 12:47:10.858,1.5557,1.55572,3.75,1.00
2014.12.29 12:47:10.959,1.55566,1.55572,1.10,1.00
2014.12.29 12:47:11.111,1.55565,1.55572,3.75,1.45
2014.12.29 12:47:11.162,1.55564,1.55574,1.10,2.04
2014.12.29 12:47:11.263,1.55557,1.55569,3.90,4.84
2014.12.29 12:47:11.314,1.55557,1.55569,3.82,5.51
2014.12.29 12:47:11.465,1.55556,1.55567,1.10,4.27
2014.12.29 12:47:11.567,1.55561,1.55569,1.00,4.50
2014.12.29 12:47:11.668,1.5556,1.5557,7.50,1.32
2014.12.29 12:47:12.376,1.5556,1.55566,7.50,1.00
2014.12.29 12:47:12.478,1.55558,1.55566,1.00,1.00
2014.12.29 12:47:12.983,1.55557,1.55566,1.10,1.20
2014.12.29 12:47:13.236,1.55559,1.55566,1.00,1.10
2014.12.29 12:47:13.337,1.55557,1.55566,1.10,1.10
2014.12.29 12:47:13.439,1.55557,1.55566,1.10,1.20
2014.12.29 12:47:14.326,1.55556,1.55566,1.00,5.02
2014.12.29 12:47:15.441,1.55557,1.55566,1.00,5.21
2014.12.29 12:47:15.745,1.5556,1.55568,1.00,1.09
2014.12.29 12:47:15.846,1.5556,1.55569,1.00,8.44
2014.12.29 12:47:16.049,1.5556,1.55568,1.00,1.09
2014.12.29 12:47:16.201,1.55557,1.55568,9.00,1.09
2014.12.29 12:47:16.302,1.55557,1.55568,9.00,1.34
2014.12.29 12:47:17.168,1.55557,1.55565,1.00,1.10
2014.12.29 12:47:17.269,1.55554,1.55562,1.27,1.10
2014.12.29 12:47:17.472,1.55552,1.55561,1.00,8.32
2014.12.29 12:47:17.523,1.55552,1.55561,1.00,8.70
2014.12.29 12:47:17.625,1.55549,1.55559,7.50,1.87
2014.12.29 12:47:17.676,1.55548,1.55555,1.00,1.20
2014.12.29 12:47:17.727,1.55544,1.55555,7.95,1.65
2014.12.29 12:47:17.879,1.55547,1.55559,4.57,4.84
2014.12.29 12:47:17.930,1.55551,1.55559,1.00,4.91
2014.12.29 12:47:18.233,1.55549,1.55559,4.57,1.45
2014.12.29 12:47:19.279,1.55549,1.55558,1.00,1.15
2014.12.29 12:47:19.785,1.55548,1.55559,1.20,9.00
2014.12.29 12:47:20.088,1.5555,1.55559,1.00,9.00
2014.12.29 12:47:20.393,1.55548,1.55557,1.20,1.17
2014.12.29 12:47:20.494,1.55548,1.55554,1.00,1.00
2014.12.29 12:47:20.798,1.55543,1.55551,1.34,3.82
2014.12.29 12:47:21.001,1.55552,1.55559,3.82,1.00
2014.12.29 12:47:21.103,1.55554,1.55559,3.82,1.00
2014.12.29 12:47:21.204,1.55551,1.55559,7.50,1.00
2014.12.29 12:47:21.407,1.55551,1.55559,7.50,1.12
2014.12.29 12:47:21.710,1.55549,1.55559,3.82,1.50
2014.12.29 12:47:21.912,1.55549,1.55556,3.82,1.20
2014.12.29 12:47:22.216,1.55547,1.55556,3.82,1.87
2014.12.29 12:47:22.318,1.55547,1.55556,3.82,1.20
2014.12.29 12:47:22.571,1.55547,1.55556,3.82,1.75
2014.12.29 12:47:23.026,1.55544,1.55553,4.01,1.17
2014.12.29 12:47:23.178,1.55551,1.55554,3.75,4.35
2014.12.29 12:47:23.330,1.55552,1.55557,3.82,1.37
2014.12.29 12:47:23.533,1.55549,1.55557,3.75,1.37
2014.12.29 12:47:23.685,1.55547,1.55557,4.69,4.87
2014.12.29 12:47:24.494,1.55547,1.55555,3.75,1.00
2014.12.29 12:47:24.595,1.55547,1.55555,3.75,1.50
2014.12.29 12:47:25.805,1.55546,1.55555,1.00,1.65
2014.12.29 12:47:26.343,1.55543,1.55551,1.25,1.05
2014.12.29 12:47:26.394,1.55543,1.55551,1.25,1.35
2014.12.29 12:47:26.647,1.55543,1.55552,1.10,1.32
2014.12.29 12:47:26.698,1.55543,1.55552,1.76,4.20
2014.12.29 12:47:26.952,1.55546,1.55555,1.00,1.84
2014.12.29 12:47:27.457,1.55546,1.55556,1.00,5.14
2014.12.29 12:47:27.962,1.55544,1.55554,4.01,1.20
2014.12.29 12:47:28.366,1.55544,1.55554,4.76,1.10
2014.12.29 12:47:29.726,1.55544,1.55551,3.82,1.00
2014.12.29 12:47:30.231,1.55543,1.55551,4.76,1.10
2014.12.29 12:47:30.535,1.55545,1.55553,3.82,1.12
2014.12.29 12:47:30.586,1.55546,1.55553,1.10,1.00
2014.12.29 12:47:30.940,1.55549,1.55553,1.00,1.00
2014.12.29 12:47:30.991,1.55549,1.55555,1.00,1.20
2014.12.29 12:47:31.497,1.55547,1.55555,4.57,1.00
2014.12.29 12:47:34.565,1.55548,1.55555,1.10,1.20
2014.12.29 12:47:35.071,1.55548,1.55555,1.10,1.00
2014.12.29 12:47:35.756,1.55548,1.55556,1.10,1.20
2014.12.29 12:47:36.273,1.55547,1.55556,1.10,4.57
2014.12.29 12:47:36.772,1.55547,1.55554,1.10,3.75
2014.12.29 12:47:36.924,1.55546,1.55556,1.20,1.20
2014.12.29 12:47:37.256,1.55545,1.55556,5.89,1.57
2014.12.29 12:47:37.763,1.55545,1.55556,5.51,1.57
2014.12.29 12:47:38.270,1.55546,1.55556,1.20,1.57
2014.12.29 12:47:38.372,1.55545,1.55556,5.32,1.57
2014.12.29 12:47:39.384,1.55545,1.55556,5.32,1.65
2014.12.29 12:47:39.895,1.55545,1.55555,4.65,1.10
2014.12.29 12:47:40.704,1.55544,1.55554,8.32,3.75
2014.12.29 12:47:41.210,1.55544,1.55553,3.75,1.27
2014.12.29 12:47:41.728,1.55544,1.55553,4.57,1.20
2014.12.29 12:47:42.133,1.55544,1.55548,3.82,1.00
2014.12.29 12:47:42.286,1.55547,1.55552,1.00,3.75
2014.12.29 12:47:42.338,1.5555,1.55555,3.75,1.30
2014.12.29 12:47:42.439,1.55552,1.55559,3.82,5.25
2014.12.29 12:47:42.490,1.55552,1.55559,3.90,2.62
2014.12.29 12:47:42.541,1.55552,1.55557,3.97,1.00
2014.12.29 12:47:42.693,1.55548,1.55557,9.19,1.00
2014.12.29 12:47:42.794,1.55549,1.55557,1.20,1.20
2014.12.29 12:47:43.329,1.5555,1.55557,1.00,1.20
2014.12.29 12:47:53.452,1.55551,1.55558,1.00,1.50
2014.12.29 12:47:53.958,1.55551,1.55558,1.00,1.00
2014.12.29 12:47:55.235,1.55551,1.55558,1.00,1.20
2014.12.29 12:47:55.591,1.55553,1.55558,1.00,1.12
2014.12.29 12:47:55.693,1.55551,1.55558,1.00,1.12
2014.12.29 12:47:55.997,1.55553,1.55558,1.00,1.00
2014.12.29 12:47:56.657,1.55551,1.55558,1.00,1.00
2014.12.29 12:47:56.910,1.55548,1.55558,4.76,1.00
2014.12.29 12:47:57.011,1.55548,1.55558,4.76,1.00
2014.12.29 12:47:57.315,1.55549,1.55558,1.10,1.75
2014.12.29 12:47:57.822,1.55549,1.55557,1.10,1.20
2014.12.29 12:47:58.632,1.55551,1.55557,1.00,1.27
2014.12.29 12:47:58.935,1.55553,1.55557,1.00,1.10
2014.12.29 12:48:00.841,1.55553,1.55557,1.00,1.27
2014.12.29 12:48:01.345,1.55553,1.55557,1.00,1.30
2014.12.29 12:48:02.517,1.55552,1.55557,1.00,1.30
2014.12.29 12:48:03.124,1.55552,1.55557,1.00,2.32
2014.12.29 12:48:03.276,1.55552,1.55557,1.00,2.02
2014.12.29 12:48:03.378,1.55552,1.55557,1.00,1.57
2014.12.29 12:48:03.479,1.55553,1.55557,1.00,1.20
2014.12.29 12:48:03.581,1.55552,1.55557,1.00,1.57
2014.12.29 12:48:05.138,1.55549,1.55552,1.00,1.00
2014.12.29 12:48:05.240,1.55552,1.55557,1.00,1.10
2014.12.29 12:48:05.443,1.55549,1.55557,1.20,1.20
2014.12.29 12:48:05.797,1.55552,1.55557,1.00,1.57
2014.12.29 12:48:05.899,1.55552,1.55557,1.00,1.30
2014.12.29 12:48:06.404,1.55551,1.55556,1.00,1.00
2014.12.29 12:48:06.455,1.55547,1.55556,1.76,1.00
2014.12.29 12:48:07.011,1.55548,1.55557,1.25,1.95
2014.12.29 12:48:07.062,1.55548,1.55557,1.25,1.95
2014.12.29 12:48:07.314,1.55546,1.55553,1.10,1.20
2014.12.29 12:48:07.820,1.55544,1.55552,1.69,1.00
2014.12.29 12:48:07.972,1.55544,1.55552,1.25,1.57
2014.12.29 12:48:08.326,1.55544,1.55552,1.25,1.50
2014.12.29 12:48:08.781,1.55544,1.55552,1.25,1.20
2014.12.29 12:48:08.883,1.55544,1.55552,1.25,1.87
2014.12.29 12:48:11.418,1.55544,1.55552,1.25,1.20
2014.12.29 12:48:11.945,1.55544,1.55552,1.25,1.50
2014.12.29 12:48:12.148,1.55544,1.55552,1.25,1.10
2014.12.29 12:48:12.553,1.55544,1.55552,1.25,1.47
2014.12.29 12:48:13.141,1.55544,1.55552,1.25,1.12
2014.12.29 12:48:14.332,1.55544,1.55552,1.19,1.12
2014.12.29 12:48:16.746,1.55544,1.55552,1.19,5.70
2014.12.29 12:48:16.999,1.55544,1.55552,1.19,5.32
2014.12.29 12:48:17.621,1.55544,1.55552,1.00,4.57
2014.12.29 12:48:19.676,1.55545,1.55552,1.00,1.20
2014.12.29 12:48:21.071,1.55547,1.55552,1.00,1.20
2014.12.29 12:48:21.375,1.55549,1.55557,1.37,5.25
2014.12.29 12:48:21.426,1.5555,1.55557,1.12,1.00
2014.12.29 12:48:21.729,1.55548,1.55557,1.84,1.00
2014.12.29 12:48:22.238,1.5555,1.55557,4.57,1.00
2014.12.29 12:48:23.968,1.5555,1.55559,4.72,1.10
2014.12.29 12:48:27.841,1.5555,1.5556,4.57,4.27
2014.12.29 12:48:28.001,1.5555,1.5556,4.57,4.95
2014.12.29 12:48:28.682,1.5555,1.5556,4.57,4.57
2014.12.29 12:48:33.125,1.55549,1.55556,1.00,3.82
2014.12.29 12:48:33.176,1.55544,1.55556,6.82,4.57
2014.12.29 12:48:33.429,1.5555,1.55557,1.00,3.97
2014.12.29 12:48:33.734,1.55552,1.55561,1.65,1.00
2014.12.29 12:48:34.037,1.55551,1.55561,1.50,8.25
2014.12.29 12:48:34.542,1.55552,1.55561,1.00,7.95
2014.12.29 12:48:36.125,1.55552,1.55561,1.00,8.62
2014.12.29 12:48:38.257,1.55552,1.55561,1.00,9.00
2014.12.29 12:48:39.000,1.55552,1.55561,1.00,9.00
2014.12.29 12:48:39.564,1.55552,1.55561,1.00,9.37
2014.12.29 12:48:40.124,1.55551,1.55561,1.00,10.12
2014.12.29 12:48:43.574,1.55551,1.55561,4.12,9.37
2014.12.29 12:48:43.727,1.55555,1.55565,3.82,1.20
2014.12.29 12:48:43.879,1.55555,1.55563,3.82,1.00
2014.12.29 12:48:44.183,1.55553,1.5556,1.00,1.87
2014.12.29 12:48:44.285,1.55555,1.55564,3.75,2.04
2014.12.29 12:48:44.740,1.55555,1.55565,4.50,4.69
2014.12.29 12:48:45.044,1.55555,1.55565,3.75,5.81
2014.12.29 12:48:45.549,1.55555,1.55565,3.75,4.50
2014.12.29 12:48:57.027,1.55556,1.55565,1.10,4.87
2014.12.29 12:48:57.682,1.55556,1.55565,1.10,4.50
2014.12.29 12:48:58.264,1.55555,1.55561,3.75,3.75
2014.12.29 12:48:58.315,1.55553,1.55561,1.00,8.25
2014.12.29 12:48:58.618,1.5555,1.55559,1.84,1.00
2014.12.29 12:48:59.138,1.5555,1.55561,1.84,7.95
2014.12.29 12:48:59.898,1.55551,1.55561,1.55,7.50
2014.12.29 12:49:00.252,1.5555,1.55561,2.25,7.57
2014.12.29 12:49:00.831,1.5555,1.55561,3.56,7.57
2014.12.29 12:49:06.723,1.5555,1.55561,2.92,7.50
2014.12.29 12:49:07.261,1.5555,1.55561,1.84,8.25
2014.12.29 12:49:10.801,1.5555,1.55561,2.21,7.87
2014.12.29 12:49:11.352,1.5555,1.55561,1.84,7.95
2014.12.29 12:49:12.366,1.55551,1.55561,1.00,7.95
2014.12.29 12:49:12.468,1.55557,1.55561,1.00,7.95
2014.12.29 12:49:12.671,1.5556,1.55569,1.10,6.26
2014.12.29 12:49:12.873,1.5556,1.55569,1.29,4.95
2014.12.29 12:49:13.379,1.5556,1.55569,3.60,4.57
2014.12.29 12:49:13.884,1.5556,1.55569,2.10,4.57
2014.12.29 12:49:14.615,1.5556,1.55569,1.76,4.57
2014.12.29 12:49:14.767,1.5556,1.55569,1.76,5.32
2014.12.29 12:49:16.076,1.55559,1.55568,4.76,3.41
2014.12.29 12:49:16.380,1.55563,1.5557,1.84,9.34
2014.12.29 12:49:16.482,1.55563,1.55569,1.20,1.37
2014.12.29 12:49:16.583,1.55562,1.55569,4.57,1.00
2014.12.29 12:49:16.685,1.55559,1.55567,8.81,1.00
2014.12.29 12:49:17.089,1.55556,1.55566,5.32,3.90
2014.12.29 12:49:19.831,1.55558,1.55565,1.00,1.20
2014.12.29 12:49:20.720,1.55556,1.55565,5.32,1.10
2014.12.29 12:49:24.581,1.55553,1.55563,6.71,3.82
2014.12.29 12:49:24.884,1.55561,1.55567,3.82,1.75
2014.12.29 12:49:24.985,1.55561,1.55571,4.57,4.76
2014.12.29 12:49:25.087,1.55559,1.55569,8.25,7.57
2014.12.29 12:49:25.390,1.55558,1.55566,3.75,3.75
2014.12.29 12:49:26.796,1.55559,1.55569,7.57,7.87
2014.12.29 12:49:27.335,1.55559,1.55568,7.50,1.15
2014.12.29 12:49:27.940,1.55559,1.55569,7.50,7.95
2014.12.29 12:49:31.016,1.55559,1.55569,7.50,8.25
2014.12.29 12:49:31.420,1.55558,1.55567,1.10,4.20
2014.12.29 12:49:34.610,1.55557,1.55565,1.19,4.20
2014.12.29 12:49:34.661,1.55555,1.55565,4.91,4.20
2014.12.29 12:49:35.686,1.55555,1.55563,3.82,1.00
2014.12.29 12:49:37.227,1.55554,1.55562,3.75,3.75
2014.12.29 12:49:37.431,1.55555,1.55564,3.82,1.16
2014.12.29 12:49:39.175,1.55555,1.55564,3.82,1.46
2014.12.29 12:49:39.226,1.55554,1.55562,1.00,7.57
2014.12.29 12:49:39.327,1.55555,1.55563,3.75,4.20
2014.12.29 12:49:39.632,1.5556,1.55566,3.82,1.75
2014.12.29 12:49:39.733,1.5556,1.55566,3.82,1.00
2014.12.29 12:49:39.834,1.55558,1.55566,4.57,1.00
2014.12.29 12:49:40.339,1.55556,1.55566,4.09,4.20
2014.12.29 12:49:40.592,1.55556,1.55565,4.01,1.65
2014.12.29 12:49:40.694,1.55556,1.55565,4.01,1.27
2014.12.29 12:49:41.238,1.55556,1.55565,4.01,1.27
2014.12.29 12:49:42.552,1.55556,1.55565,4.01,1.54
2014.12.29 12:49:42.805,1.55554,1.55561,1.10,3.75
2014.12.29 12:49:42.907,1.55551,1.55561,8.25,7.50
2014.12.29 12:49:43.110,1.55551,1.55555,7.69,1.00
2014.12.29 12:49:43.212,1.55551,1.55561,7.69,7.57
2014.12.29 12:49:43.414,1.55551,1.55556,7.57,1.00
2014.12.29 12:49:43.516,1.55547,1.55555,1.15,3.82
2014.12.29 12:49:43.567,1.55545,1.55555,4.57,3.82
2014.12.29 12:49:43.769,1.55547,1.55555,1.07,3.82
2014.12.29 12:49:44.275,1.55547,1.55555,1.00,3.82
2014.12.29 12:49:50.229,1.55547,1.55557,9.07,7.50
2014.12.29 12:49:52.402,1.55547,1.55554,7.50,1.62
2014.12.29 12:49:52.705,1.55551,1.55557,1.10,1.12
2014.12.29 12:49:53.212,1.5555,1.55558,1.00,5.14
2014.12.29 12:49:53.874,1.55548,1.55558,4.01,5.96
2014.12.29 12:49:54.384,1.55548,1.55558,4.57,4.57
2014.12.29 12:49:54.897,1.55548,1.55558,4.57,3.82
2014.12.29 12:50:00.276,1.55551,1.5556,4.57,1.10
2014.12.29 12:50:00.579,1.55554,1.55563,7.50,1.20
2014.12.29 12:50:06.089,1.55553,1.55562,2.40,7.50
2014.12.29 12:50:06.392,1.5555,1.5556,4.09,4.57
2014.12.29 12:50:06.897,1.5555,1.5556,4.46,4.57
2014.12.29 12:50:09.406,1.5555,1.55559,3.97,1.10
2014.12.29 12:50:13.772,1.55548,1.55558,4.57,3.82
2014.12.29 12:50:14.481,1.55548,1.55558,3.90,4.57
2014.12.29 12:50:16.374,1.55548,1.55558,4.27,3.82
2014.12.29 12:50:16.879,1.55548,1.55558,4.09,4.57
2014.12.29 12:50:17.688,1.55548,1.55556,3.97,1.00
2014.12.29 12:50:18.222,1.55548,1.55558,3.97,5.32
2014.12.29 12:50:20.628,1.55548,1.55558,4.20,4.57
2014.12.29 12:50:21.134,1.55548,1.55558,3.97,3.82
2014.12.29 12:50:22.305,1.55549,1.55558,1.27,3.82
2014.12.29 12:50:22.852,1.55549,1.55558,1.30,3.82
2014.12.29 12:50:25.067,1.55549,1.55556,1.10,1.00
2014.12.29 12:50:25.370,1.55545,1.55555,5.02,3.82
2014.12.29 12:50:25.523,1.55547,1.55557,3.90,4.57
2014.12.29 12:50:26.131,1.55547,1.55557,4.46,3.82
2014.12.29 12:50:26.233,1.55549,1.55558,7.50,1.20
2014.12.29 12:50:30.134,1.55549,1.55557,7.50,1.00
2014.12.29 12:50:32.746,1.55549,1.55559,7.57,7.50
2014.12.29 12:50:36.338,1.55549,1.55557,7.65,1.37
2014.12.29 12:50:36.591,1.55541,1.55549,4.57,3.82
2014.12.29 12:50:38.265,1.55541,1.55549,4.27,3.82
2014.12.29 12:50:39.582,1.55543,1.55551,3.82,4.50
2014.12.29 12:50:40.462,1.55541,1.55549,3.75,3.75
2014.12.29 12:50:40.766,1.5554,1.55546,1.00,3.75
2014.12.29 12:50:41.069,1.55537,1.55544,1.72,3.75
2014.12.29 12:50:41.475,1.55537,1.55547,5.47,3.82
2014.12.29 12:50:42.532,1.55538,1.55547,3.82,3.75
2014.12.29 12:50:42.583,1.55539,1.55549,3.82,4.65
2014.12.29 12:50:42.886,1.55541,1.55551,3.82,4.65
2014.12.29 12:50:45.109,1.55541,1.55549,3.75,3.75
2014.12.29 12:50:45.312,1.55539,1.55548,3.75,3.82
2014.12.29 12:50:45.363,1.55537,1.55547,4.65,3.82
2014.12.29 12:50:47.713,1.55537,1.55547,5.02,3.82
2014.12.29 12:50:48.719,1.55537,1.55547,4.65,3.82
2014.12.29 12:50:50.241,1.55539,1.55547,1.00,3.82
2014.12.29 12:50:50.343,1.55539,1.55549,4.57,3.82
2014.12.29 12:50:50.394,1.55542,1.5555,3.75,7.50
2014.12.29 12:50:51.472,1.5554,1.55548,7.50,3.75
2014.12.29 12:50:51.726,1.55536,1.55545,1.10,3.82
2014.12.29 12:50:52.182,1.55537,1.55546,3.82,3.82
2014.12.29 12:50:52.687,1.55537,1.55547,4.65,5.32
2014.12.29 12:50:53.193,1.55537,1.55547,5.02,3.82
2014.12.29 12:50:54.339,1.55537,1.55544,4.27,1.12
2014.12.29 12:50:54.643,1.55532,1.55541,1.47,3.82
2014.12.29 12:50:54.744,1.55534,1.55542,1.10,1.10
2014.12.29 12:50:54.795,1.55536,1.55544,3.75,3.75
2014.12.29 12:50:54.846,1.55536,1.55545,3.97,1.10
2014.12.29 12:50:59.546,1.55539,1.55546,3.75,3.75
2014.12.29 12:50:59.597,1.5554,1.55547,3.82,1.00
2014.12.29 12:50:59.952,1.5554,1.55549,3.82,1.10
2014.12.29 12:51:00.458,1.5554,1.55548,3.82,1.00
2014.12.29 12:51:02.927,1.5554,1.55546,3.82,1.00
2014.12.29 12:51:03.080,1.55538,1.55548,3.82,5.02
2014.12.29 12:51:05.905,1.55537,1.55546,3.82,3.82
2014.12.29 12:51:06.411,1.55536,1.55546,3.82,3.90
2014.12.29 12:51:07.499,1.55538,1.55545,1.00,1.10
2014.12.29 12:51:08.017,1.55538,1.55546,4.57,1.00
2014.12.29 12:51:10.082,1.55538,1.55547,4.57,1.10
2014.12.29 12:51:11.883,1.5554,1.55547,1.00,1.10
2014.12.29 12:51:11.984,1.55541,1.55547,3.75,1.00
2014.12.29 12:51:12.289,1.55543,1.55548,3.82,1.00
2014.12.29 12:51:12.491,1.55543,1.5555,3.82,1.10
2014.12.29 12:51:12.694,1.5554,1.55549,4.72,1.20
2014.12.29 12:51:12.846,1.5554,1.55549,3.82,1.57
2014.12.29 12:51:13.149,1.55538,1.55548,8.25,9.00
2014.12.29 12:51:19.604,1.55539,1.55547,1.20,1.95
2014.12.29 12:51:21.106,1.55539,1.55547,1.20,1.95
2014.12.29 12:51:22.477,1.5554,1.55548,3.75,5.62
2014.12.29 12:51:22.781,1.55541,1.5555,1.10,5.02
2014.12.29 12:51:22.983,1.55541,1.5555,1.10,5.32
2014.12.29 12:51:23.236,1.55541,1.5555,1.10,5.02
2014.12.29 12:51:24.536,1.5554,1.55549,3.82,1.10
2014.12.29 12:51:24.739,1.55541,1.5555,1.10,5.02
2014.12.29 12:51:25.303,1.55541,1.5555,1.10,4.72
2014.12.29 12:51:25.456,1.55546,1.5555,1.00,4.72
2014.12.29 12:51:25.659,1.55546,1.55551,1.10,1.00
2014.12.29 12:51:25.710,1.55545,1.55553,3.82,1.12
2014.12.29 12:51:25.862,1.55551,1.55556,1.10,1.15
2014.12.29 12:51:25.964,1.55551,1.55557,1.10,1.00
2014.12.29 12:51:26.015,1.55551,1.55559,1.10,1.10
2014.12.29 12:51:26.268,1.5555,1.55559,3.82,1.20
2014.12.29 12:51:26.571,1.5555,1.55558,3.82,1.45
2014.12.29 12:51:27.077,1.55549,1.55557,3.75,3.90
2014.12.29 12:51:29.492,1.55549,1.55557,3.75,4.50
2014.12.29 12:51:30.943,1.55546,1.55556,5.32,4.27
2014.12.29 12:51:32.883,1.55546,1.55556,3.82,5.36
2014.12.29 12:51:33.213,1.5554,1.55549,1.65,7.57
2014.12.29 12:51:33.315,1.55541,1.55549,3.75,4.20
2014.12.29 12:51:33.567,1.55544,1.55551,3.82,1.00
2014.12.29 12:51:33.720,1.55544,1.55553,3.82,1.10
2014.12.29 12:51:33.771,1.55544,1.55553,3.82,1.27
2014.12.29 12:51:34.074,1.55546,1.55554,7.50,1.50
2014.12.29 12:51:34.126,1.55546,1.55554,7.50,1.50
2014.12.29 12:51:34.581,1.55546,1.55556,7.50,8.40
2014.12.29 12:51:35.238,1.55546,1.55556,8.25,8.70
2014.12.29 12:51:35.743,1.55546,1.55556,8.44,8.70
2014.12.29 12:51:36.288,1.55548,1.55556,1.00,8.70
2014.12.29 12:51:37.556,1.55548,1.55556,4.57,1.20
2014.12.29 12:51:41.721,1.55551,1.55556,3.75,2.25
2014.12.29 12:51:42.227,1.55551,1.55556,3.75,1.95
2014.12.29 12:51:42.733,1.55551,1.55556,3.75,1.20
2014.12.29 12:51:43.238,1.55551,1.55556,3.75,1.75
2014.12.29 12:51:43.743,1.55548,1.55554,7.50,1.50
2014.12.29 12:51:44.046,1.55548,1.55554,7.50,1.50
2014.12.29 12:51:44.552,1.55548,1.55554,7.50,1.75
2014.12.29 12:51:45.060,1.55548,1.55554,7.50,1.50
2014.12.29 12:51:45.565,1.55548,1.55557,7.50,1.84
2014.12.29 12:51:48.277,1.55546,1.55556,3.82,4.76
2014.12.29 12:51:48.732,1.55546,1.55555,3.82,1.65
2014.12.29 12:51:48.833,1.55546,1.55555,4.57,1.95
2014.12.29 12:51:48.935,1.55544,1.55554,3.82,4.57
2014.12.29 12:51:49.087,1.55544,1.55553,3.82,1.57
2014.12.29 12:51:49.189,1.55544,1.55554,3.82,4.57
2014.12.29 12:51:49.290,1.55544,1.55554,3.82,4.57
2014.12.29 12:51:49.645,1.55546,1.55554,7.50,1.50
2014.12.29 12:51:49.747,1.55546,1.55554,7.50,1.17
2014.12.29 12:51:49.848,1.55546,1.55554,7.50,1.50
2014.12.29 12:51:50.405,1.55546,1.55554,7.50,1.75
2014.12.29 12:51:50.507,1.55546,1.55554,7.50,1.17
2014.12.29 12:51:50.608,1.55546,1.55554,7.50,1.75
2014.12.29 12:51:51.114,1.55545,1.55553,3.82,5.32
2014.12.29 12:51:51.165,1.55545,1.55553,3.82,4.72
2014.12.29 12:51:51.520,1.55546,1.55554,3.82,1.20
2014.12.29 12:51:51.621,1.55546,1.55554,3.82,1.45
2014.12.29 12:51:52.507,1.55546,1.55554,3.82,1.00
2014.12.29 12:51:52.710,1.55546,1.55554,3.82,1.20
2014.12.29 12:51:53.215,1.55546,1.55554,3.82,1.15
2014.12.29 12:51:53.721,1.55546,1.55555,3.82,1.27
2014.12.29 12:51:53.924,1.55548,1.55557,4.39,1.57
2014.12.29 12:51:54.480,1.55548,1.55558,4.46,4.57
2014.12.29 12:51:54.987,1.55548,1.55558,4.01,4.57
2014.12.29 12:51:57.658,1.5555,1.55558,3.82,1.07
2014.12.29 12:51:58.163,1.5555,1.55558,3.82,1.20
2014.12.29 12:52:01.392,1.55548,1.55558,7.50,9.26
2014.12.29 12:52:01.443,1.55548,1.55554,7.50,1.00
2014.12.29 12:52:01.495,1.55544,1.55553,1.10,3.82
2014.12.29 12:52:01.698,1.55542,1.5555,4.50,3.75
2014.12.29 12:52:03.975,1.55543,1.55551,7.50,1.01
2014.12.29 12:52:04.178,1.55546,1.55553,3.82,1.57
2014.12.29 12:52:04.582,1.55547,1.55556,3.82,1.10
2014.12.29 12:52:05.088,1.55547,1.55557,4.57,1.25
2014.12.29 12:52:05.392,1.55547,1.55555,3.82,1.00
2014.12.29 12:52:08.109,1.55546,1.55555,3.82,1.57
2014.12.29 12:52:08.413,1.5554,1.5555,3.82,1.20
2014.12.29 12:52:08.616,1.55539,1.55549,1.10,1.10
2014.12.29 12:52:08.818,1.55538,1.5555,3.82,5.66
2014.12.29 12:52:08.869,1.55537,1.55546,1.10,1.10
2014.12.29 12:52:08.920,1.55536,1.55546,3.82,1.29
2014.12.29 12:52:08.971,1.55534,1.55543,1.10,4.50
2014.12.29 12:52:09.275,1.55535,1.55543,1.10,1.37
2014.12.29 12:52:09.426,1.55535,1.55543,1.10,1.00
2014.12.29 12:52:09.932,1.55535,1.55545,1.57,1.01
2014.12.29 12:52:10.438,1.55536,1.55546,1.00,4.76
2014.12.29 12:52:10.539,1.55537,1.55546,1.00,4.76
2014.12.29 12:52:10.691,1.55535,1.55545,1.10,1.27
2014.12.29 12:52:10.894,1.55532,1.55544,7.50,9.15
2014.12.29 12:52:10.945,1.55532,1.55542,7.50,1.07
2014.12.29 12:52:11.097,1.5553,1.5554,3.15,1.01
2014.12.29 12:52:11.451,1.55529,1.55538,4.65,1.00
2014.12.29 12:52:11.552,1.55529,1.5554,5.32,1.01
2014.12.29 12:52:12.056,1.55529,1.5554,4.57,1.46
2014.12.29 12:52:12.360,1.55533,1.55541,3.82,1.12
2014.12.29 12:52:12.410,1.55533,1.55543,3.82,5.02
2014.12.29 12:52:12.916,1.55535,1.55545,1.10,1.01
2014.12.29 12:52:12.967,1.55534,1.55545,5.32,1.30
2014.12.29 12:52:13.270,1.55534,1.55546,5.32,4.16
2014.12.29 12:52:13.372,1.55535,1.55546,1.10,4.76
2014.12.29 12:52:13.676,1.55535,1.55545,1.57,1.01
2014.12.29 12:52:13.828,1.55535,1.55546,1.57,5.21
2014.12.29 12:52:14.080,1.55536,1.55546,3.82,1.39
2014.12.29 12:52:14.384,1.55536,1.55546,3.82,1.94
2014.12.29 12:52:14.486,1.55536,1.55546,3.82,1.69
2014.12.29 12:52:14.891,1.55539,1.55547,3.82,2.44
2014.12.29 12:52:15.043,1.55539,1.55547,3.82,1.17
2014.12.29 12:52:15.145,1.55539,1.55549,4.57,4.57
2014.12.29 12:52:15.652,1.55539,1.55549,3.82,4.57
2014.12.29 12:52:16.915,1.55539,1.55549,4.01,5.21
2014.12.29 12:52:18.548,1.55539,1.55549,3.82,4.09
2014.12.29 12:52:20.638,1.55539,1.55548,3.82,1.30
2014.12.29 12:52:21.658,1.55539,1.55549,3.82,4.46
2014.12.29 12:52:22.278,1.55539,1.55549,3.90,4.09
2014.12.29 12:52:24.229,1.55538,1.55547,1.57,3.75
2014.12.29 12:52:24.633,1.55538,1.55547,1.10,4.50
2014.12.29 12:52:24.836,1.55538,1.55547,1.10,3.90
2014.12.29 12:52:25.139,1.55537,1.55547,5.25,4.50
2014.12.29 12:52:25.291,1.55537,1.55547,5.25,3.90
2014.12.29 12:52:25.595,1.55537,1.55547,4.50,5.14
2014.12.29 12:52:25.898,1.55537,1.55546,4.50,1.01
2014.12.29 12:52:26.151,1.55537,1.55547,4.50,4.69
2014.12.29 12:52:26.709,1.55535,1.55542,2.25,3.82
2014.12.29 12:52:26.862,1.55533,1.55541,1.00,3.82
2014.12.29 12:52:26.913,1.55533,1.55539,1.00,3.82
2014.12.29 12:52:26.964,1.55528,1.55539,2.32,4.57
2014.12.29 12:52:27.015,1.55528,1.55539,3.45,4.57
2014.12.29 12:52:27.167,1.55528,1.55539,2.32,3.82
2014.12.29 12:52:27.421,1.55529,1.55541,4.57,4.09
2014.12.29 12:52:27.725,1.5553,1.55539,1.47,7.50
2014.12.29 12:52:27.826,1.55528,1.55539,1.72,7.50
2014.12.29 12:52:27.877,1.55528,1.55539,1.72,8.06
2014.12.29 12:52:28.029,1.55528,1.55539,2.40,8.59
2014.12.29 12:52:28.652,1.55528,1.55539,1.65,7.84
2014.12.29 12:52:29.160,1.55527,1.55535,7.50,1.00
2014.12.29 12:52:29.363,1.55521,1.55529,1.65,1.00
2014.12.29 12:52:29.615,1.5552,1.55527,1.10,1.00
2014.12.29 12:52:30.103,1.55519,1.55528,4.57,1.00
2014.12.29 12:52:30.356,1.55519,1.5553,5.70,1.76
2014.12.29 12:52:30.609,1.55525,1.55532,3.75,4.65
2014.12.29 12:52:30.761,1.55525,1.55533,7.95,1.00
2014.12.29 12:52:31.116,1.55522,1.55531,1.30,1.00
2014.12.29 12:52:31.622,1.55523,1.55533,1.10,5.59
2014.12.29 12:52:32.942,1.55523,1.55531,1.00,1.00
2014.12.29 12:52:33.044,1.55519,1.55531,6.07,4.76
2014.12.29 12:52:33.246,1.55519,1.55529,1.00,8.25
2014.12.29 12:52:33.601,1.55519,1.55529,1.50,9.19
2014.12.29 12:52:33.906,1.55517,1.55526,9.75,1.00
2014.12.29 12:52:34.209,1.55521,1.55528,1.12,1.09
2014.12.29 12:52:34.512,1.55518,1.55528,1.95,1.20
2014.12.29 12:52:35.017,1.5552,1.55527,1.12,1.00
2014.12.29 12:52:35.523,1.55519,1.55527,1.75,1.00
2014.12.29 12:52:36.940,1.55519,1.55526,1.75,1.00
2014.12.29 12:52:37.043,1.55518,1.55526,1.27,1.00
2014.12.29 12:52:37.094,1.55518,1.55523,1.27,1.00
2014.12.29 12:52:37.500,1.55517,1.55526,9.00,1.00
2014.12.29 12:52:37.805,1.55518,1.55526,1.27,1.00
2014.12.29 12:52:37.906,1.55517,1.55526,9.00,1.00
2014.12.29 12:52:37.957,1.55517,1.55528,9.00,1.84
2014.12.29 12:52:38.008,1.55517,1.55528,8.70,1.84
2014.12.29 12:52:39.125,1.55517,1.55526,8.70,1.00
2014.12.29 12:52:39.380,1.55507,1.55518,1.42,7.50
2014.12.29 12:52:39.430,1.55507,1.55516,1.47,3.82
2014.12.29 12:52:39.683,1.55505,1.55515,1.27,1.76
2014.12.29 12:52:39.785,1.55504,1.5551,4.57,1.00
2014.12.29 12:52:39.887,1.55502,1.5551,3.82,1.10
2014.12.29 12:52:40.241,1.55503,1.55513,4.57,4.76
2014.12.29 12:52:40.594,1.55504,1.55515,7.57,1.16
2014.12.29 12:52:41.100,1.55504,1.55515,4.57,1.46
2014.12.29 12:52:41.151,1.55506,1.55517,4.20,2.04
2014.12.29 12:52:41.354,1.55513,1.55523,3.82,2.89
2014.12.29 12:52:41.456,1.55512,1.55518,1.15,1.00
2014.12.29 12:52:41.557,1.55509,1.55518,4.57,1.00
2014.12.29 12:52:42.422,1.55508,1.55518,1.20,1.30
2014.12.29 12:52:42.473,1.55507,1.55512,7.57,1.00
2014.12.29 12:52:42.524,1.55505,1.55512,1.10,1.00
2014.12.29 12:52:42.625,1.55502,1.55511,1.47,3.82
2014.12.29 12:52:42.676,1.55501,1.5551,3.82,1.29
2014.12.29 12:52:42.727,1.55502,1.55509,3.37,3.94
2014.12.29 12:52:42.879,1.55499,1.55507,3.75,1.00
2014.12.29 12:52:48.096,1.55502,1.55509,1.37,3.75
2014.12.29 12:52:48.300,1.55512,1.55519,7.50,1.00
2014.12.29 12:52:48.401,1.55512,1.55522,7.50,1.00
2014.12.29 12:52:48.502,1.55513,1.55522,3.82,1.27
2014.12.29 12:52:48.705,1.55516,1.55524,7.50,1.25
2014.12.29 12:52:49.210,1.55516,1.55523,7.50,1.50
2014.12.29 12:52:49.261,1.55514,1.55523,3.82,1.50
2014.12.29 12:52:49.767,1.55514,1.55522,3.82,1.00
2014.12.29 12:52:50.272,1.55513,1.55521,3.75,1.20
2014.12.29 12:52:50.373,1.55513,1.55519,3.75,1.00
2014.12.29 12:52:50.777,1.5551,1.55519,8.25,1.00
2014.12.29 12:52:50.879,1.5551,1.55519,8.25,1.00
2014.12.29 12:52:51.410,1.5551,1.55517,8.25,1.00
2014.12.29 12:52:51.562,1.55509,1.55517,4.50,1.00
2014.12.29 12:52:51.916,1.55509,1.55517,4.87,1.50
2014.12.29 12:52:52.018,1.55509,1.55517,4.20,1.00
2014.12.29 12:52:52.677,1.55509,1.55517,4.50,1.00
2014.12.29 12:52:53.183,1.55509,1.55517,3.82,1.00
2014.12.29 12:52:53.725,1.55509,1.55517,4.50,1.00
2014.12.29 12:52:54.231,1.55509,1.55517,3.82,1.00
2014.12.29 12:52:54.745,1.5551,1.55517,7.50,1.00
2014.12.29 12:52:56.678,1.55509,1.55517,3.75,1.00
2014.12.29 12:52:57.190,1.55509,1.55518,6.75,1.20
2014.12.29 12:52:57.698,1.55509,1.55517,3.75,1.25
2014.12.29 12:52:59.028,1.55509,1.55517,3.75,1.32
2014.12.29 12:53:00.323,1.55509,1.55515,3.75,1.00
2014.12.29 12:53:00.933,1.55509,1.55516,3.75,1.01
2014.12.29 12:53:01.034,1.55509,1.55518,3.75,1.84
2014.12.29 12:53:01.540,1.55509,1.55517,3.75,1.00
2014.12.29 12:53:03.037,1.55509,1.55516,3.75,1.00
2014.12.29 12:53:03.190,1.55505,1.55514,1.20,4.20
2014.12.29 12:53:03.493,1.55494,1.55501,4.57,1.00
2014.12.29 12:53:03.595,1.55491,1.555,3.82,1.10
2014.12.29 12:53:03.848,1.5549,1.55499,3.75,1.29
2014.12.29 12:53:04.166,1.55492,1.55498,3.75,1.25
2014.12.29 12:53:04.419,1.55492,1.555,3.75,1.00
2014.12.29 12:53:04.470,1.55492,1.55498,3.75,1.00
2014.12.29 12:53:04.972,1.55492,1.55499,3.75,1.00
2014.12.29 12:53:05.478,1.55492,1.55497,3.75,1.00
2014.12.29 12:53:05.579,1.55492,1.55499,3.75,1.00
2014.12.29 12:53:06.885,1.55492,1.55497,3.75,1.00
2014.12.29 12:53:07.088,1.55492,1.555,3.75,1.00
2014.12.29 12:53:19.777,1.55498,1.555,1.00,1.00
2014.12.29 12:53:19.981,1.555,1.55505,1.00,1.00
2014.12.29 12:53:20.083,1.55504,1.55507,1.00,1.00
2014.12.29 12:53:20.262,1.55504,1.55509,1.10,1.00
2014.12.29 12:53:20.313,1.55504,1.55512,1.10,1.00
2014.12.29 12:53:20.819,1.55503,1.55513,4.57,1.25
2014.12.29 12:53:20.971,1.55503,1.55511,4.57,1.00
2014.12.29 12:53:21.492,1.55503,1.55512,4.57,1.00
2014.12.29 12:53:22.186,1.55506,1.55514,1.00,1.27
2014.12.29 12:53:22.492,1.55511,1.5552,1.10,4.84
2014.12.29 12:53:22.745,1.55508,1.55517,1.95,1.00
2014.12.29 12:53:22.796,1.55508,1.55517,1.20,1.00
2014.12.29 12:53:22.897,1.55511,1.55516,1.10,1.00
2014.12.29 12:53:23.150,1.55509,1.55516,1.00,1.25
2014.12.29 12:53:23.656,1.55508,1.55516,1.10,1.25
2014.12.29 12:53:23.909,1.55508,1.55514,1.10,1.00
2014.12.29 12:53:24.431,1.55507,1.55515,3.82,1.00
2014.12.29 12:53:24.962,1.55507,1.55516,3.82,1.25
2014.12.29 12:53:25.674,1.55507,1.55517,3.82,1.25
2014.12.29 12:53:26.238,1.55506,1.55516,3.90,3.75
2014.12.29 12:53:26.441,1.55504,1.55515,4.65,1.10
2014.12.29 12:53:26.644,1.55506,1.55517,3.82,4.84
2014.12.29 12:53:27.401,1.55505,1.55516,4.95,4.69
2014.12.29 12:53:27.907,1.55504,1.55516,3.90,4.91
2014.12.29 12:53:28.412,1.55504,1.55514,4.27,1.00
2014.12.29 12:53:29.991,1.55504,1.55513,3.82,1.00
2014.12.29 12:53:30.497,1.55504,1.55514,4.27,1.25
2014.12.29 12:53:30.952,1.55503,1.55513,1.00,4.57
2014.12.29 12:53:31.508,1.55503,1.55512,1.00,1.47
2014.12.29 12:53:31.610,1.555,1.55509,5.32,1.10
2014.12.29 12:53:31.913,1.55499,1.55509,1.10,4.01
2014.12.29 12:53:32.923,1.55499,1.55509,4.95,7.69
2014.12.29 12:53:33.025,1.55499,1.55509,1.57,7.69
2014.12.29 12:53:34.489,1.555,1.55509,1.00,7.50
2014.12.29 12:53:34.540,1.555,1.55511,1.20,9.34
2014.12.29 12:53:35.407,1.555,1.55511,1.20,9.34
2014.12.29 12:53:36.523,1.555,1.55511,1.20,9.19
2014.12.29 12:53:40.877,1.55499,1.55509,8.32,1.00
2014.12.29 12:53:43.084,1.55499,1.55511,8.32,9.26
2014.12.29 12:53:43.720,1.55499,1.55511,9.00,8.89
2014.12.29 12:53:45.355,1.55499,1.55511,9.00,8.51
2014.12.29 12:53:45.911,1.555,1.55511,4.05,7.69
2014.12.29 12:53:46.265,1.55499,1.55509,1.07,7.50
2014.12.29 12:53:46.771,1.55501,1.55509,1.10,7.50
2014.12.29 12:53:49.183,1.55501,1.5551,1.10,3.82
2014.12.29 12:53:55.355,1.555,1.5551,8.77,3.82
2014.12.29 12:53:57.999,1.555,1.5551,8.47,3.82
2014.12.29 12:54:00.248,1.55499,1.55509,1.09,3.82
2014.12.29 12:54:00.754,1.555,1.55509,1.17,3.82
2014.12.29 12:54:01.008,1.555,1.55511,1.20,4.76
2014.12.29 12:54:02.170,1.555,1.55511,1.27,4.76
2014.12.29 12:54:02.681,1.55502,1.55511,4.12,3.82
2014.12.29 12:54:02.884,1.55508,1.55516,1.00,3.82
2014.12.29 12:54:02.935,1.55508,1.55519,1.30,7.76
2014.12.29 12:54:03.037,1.55511,1.55519,1.00,7.57
2014.12.29 12:54:03.550,1.55512,1.55518,3.00,1.20
2014.12.29 12:54:03.651,1.55512,1.5552,3.00,1.01
2014.12.29 12:54:04.371,1.55513,1.55523,3.75,3.75
2014.12.29 12:54:04.473,1.55515,1.55524,1.10,1.00
2014.12.29 12:54:04.726,1.55514,1.55521,1.00,1.00
2014.12.29 12:54:05.029,1.55512,1.5552,1.00,3.82
2014.12.29 12:54:05.686,1.55511,1.5552,1.76,3.82
2014.12.29 12:54:06.039,1.55512,1.55521,4.50,1.10
2014.12.29 12:54:07.664,1.55513,1.55521,7.69,1.00
2014.12.29 12:54:07.715,1.55513,1.55523,7.69,1.00
2014.12.29 12:54:08.220,1.55514,1.55523,1.37,1.00
2014.12.29 12:54:09.336,1.55514,1.55523,1.30,1.00
2014.12.29 12:54:13.227,1.55513,1.55524,8.44,1.16
2014.12.29 12:54:13.429,1.55513,1.55521,7.69,1.00
2014.12.29 12:54:13.631,1.55511,1.5552,1.16,4.69
2014.12.29 12:54:13.986,1.55511,1.55515,1.20,3.75
2014.12.29 12:54:14.087,1.55511,1.55516,1.00,3.82
2014.12.29 12:54:14.188,1.55509,1.55517,1.00,4.01
2014.12.29 12:54:14.441,1.55506,1.55516,1.00,3.82
2014.12.29 12:54:14.492,1.55507,1.55517,4.84,7.50
2014.12.29 12:54:14.998,1.55507,1.55517,4.27,3.75
2014.12.29 12:54:15.703,1.55507,1.55517,4.57,3.75
2014.12.29 12:54:16.614,1.55507,1.55517,5.06,3.75
2014.12.29 12:54:21.484,1.55507,1.55517,3.75,4.39
2014.12.29 12:54:24.992,1.55508,1.55515,4.20,1.12
2014.12.29 12:54:25.144,1.55508,1.55518,4.54,1.00
2014.12.29 12:54:25.195,1.55511,1.55518,3.90,1.00
2014.12.29 12:54:29.948,1.55508,1.55518,4.35,1.50
2014.12.29 12:54:30.456,1.55508,1.55518,4.65,1.50
2014.12.29 12:54:31.347,1.55508,1.55518,6.15,1.00
2014.12.29 12:54:31.450,1.55512,1.5552,3.15,1.00
2014.12.29 12:54:31.653,1.55513,1.55521,4.20,1.00
2014.12.29 12:54:31.957,1.55526,1.55534,1.10,1.87
2014.12.29 12:54:32.109,1.55526,1.55536,1.57,1.57
2014.12.29 12:54:32.160,1.55529,1.55537,1.00,4.39
2014.12.29 12:54:32.211,1.55529,1.55537,1.00,4.01
2014.12.29 12:54:32.362,1.55526,1.55537,1.72,3.82
2014.12.29 12:54:32.414,1.55526,1.55537,1.57,4.27
2014.12.29 12:54:32.919,1.55526,1.55537,1.10,4.57
2014.12.29 12:54:33.429,1.55527,1.55534,1.00,3.82
2014.12.29 12:54:33.480,1.55525,1.55534,1.10,3.82
2014.12.29 12:54:35.199,1.55522,1.55532,5.40,1.00
2014.12.29 12:54:35.351,1.5552,1.5553,1.10,3.82
2014.12.29 12:54:35.856,1.55519,1.55528,1.10,1.00
2014.12.29 12:54:36.361,1.55518,1.5553,3.90,5.77
2014.12.29 12:54:36.664,1.55517,1.55528,1.20,3.82
2014.12.29 12:54:41.305,1.55517,1.55526,1.20,1.00
2014.12.29 12:54:47.114,1.55516,1.55526,3.90,1.37
2014.12.29 12:54:47.827,1.55517,1.55526,3.82,1.37
2014.12.29 12:54:47.878,1.55518,1.55526,3.82,1.00
2014.12.29 12:54:48.384,1.55518,1.55527,3.90,1.00
2014.12.29 12:54:48.435,1.55518,1.55529,3.90,1.27
2014.12.29 12:54:48.638,1.55516,1.55526,6.00,3.75
2014.12.29 12:54:48.689,1.55516,1.55526,5.25,3.75
2014.12.29 12:54:48.740,1.55515,1.55519,1.00,1.00
2014.12.29 12:54:48.842,1.55511,1.55519,3.15,1.00
2014.12.29 12:54:48.943,1.55509,1.55519,1.57,8.62
2014.12.29 12:54:49.096,1.55509,1.55517,1.00,1.37
2014.12.29 12:54:49.400,1.55507,1.55515,7.50,1.47
2014.12.29 12:54:49.552,1.55506,1.55516,1.10,1.95
2014.12.29 12:54:50.058,1.55508,1.55516,3.82,1.00
2014.12.29 12:54:50.261,1.55509,1.55518,3.82,1.00
2014.12.29 12:54:50.766,1.55509,1.55519,3.82,1.37
2014.12.29 12:54:51.272,1.5551,1.55519,1.10,1.37
2014.12.29 12:54:51.647,1.55511,1.55521,4.95,1.31
2014.12.29 12:54:51.850,1.55512,1.55522,1.10,1.95
2014.12.29 12:54:52.103,1.55513,1.55519,1.00,1.00
2014.12.29 12:54:52.154,1.55513,1.55521,1.00,1.00
2014.12.29 12:54:52.659,1.55514,1.55523,1.00,4.95
2014.12.29 12:54:52.919,1.55512,1.55523,1.10,4.95
2014.12.29 12:54:53.020,1.55515,1.55523,1.00,4.95
2014.12.29 12:54:53.126,1.55513,1.55523,1.00,4.95
2014.12.29 12:54:53.651,1.55514,1.55523,1.10,1.87
2014.12.29 12:54:54.156,1.55515,1.55524,1.00,1.47
2014.12.29 12:54:55.659,1.55513,1.55524,4.57,1.47
2014.12.29 12:54:55.811,1.55516,1.55524,1.00,1.95
2014.12.29 12:54:55.912,1.55513,1.55524,3.82,1.47
2014.12.29 12:54:56.418,1.55515,1.55524,1.00,1.47
2014.12.29 12:54:57.674,1.55513,1.55525,4.01,6.45
2014.12.29 12:54:58.181,1.55515,1.55525,1.00,6.52
2014.12.29 12:54:59.343,1.55515,1.55525,1.10,3.82
2014.12.29 12:54:59.394,1.55515,1.55526,4.57,1.10
2014.12.29 12:54:59.496,1.55517,1.55529,3.82,6.15
2014.12.29 12:54:59.799,1.5552,1.55529,7.50,1.47
2014.12.29 12:54:59.901,1.5552,1.55529,8.25,1.57
2014.12.29 12:55:00.306,1.5552,1.55529,8.32,1.37
2014.12.29 12:55:00.610,1.55518,1.55527,4.09,1.12
2014.12.29 12:55:00.863,1.55518,1.55527,1.00,1.57
2014.12.29 12:55:01.317,1.55517,1.55527,1.10,1.46
2014.12.29 12:55:01.470,1.55519,1.55527,3.82,1.12
2014.12.29 12:55:01.775,1.55525,1.55534,11.25,1.87
2014.12.29 12:55:01.876,1.55525,1.55533,11.25,1.37
2014.12.29 12:55:02.079,1.55526,1.55535,3.15,1.87
2014.12.29 12:55:02.180,1.55528,1.55536,1.00,1.67
2014.12.29 12:55:02.483,1.55533,1.55537,3.00,7.50
2014.12.29 12:55:02.938,1.55535,1.55537,1.00,7.50
2014.12.29 12:55:03.090,1.55535,1.5554,1.00,1.00
2014.12.29 12:55:03.141,1.55533,1.5554,1.00,1.00
2014.12.29 12:55:03.648,1.55534,1.5554,1.00,1.00
2014.12.29 12:55:05.927,1.55535,1.5554,1.00,1.00
2014.12.29 12:55:06.180,1.55532,1.5554,1.00,1.00
2014.12.29 12:55:06.281,1.5553,1.5554,1.25,4.57
2014.12.29 12:55:06.786,1.55531,1.5554,1.10,1.00
2014.12.29 12:55:06.888,1.55534,1.55542,1.00,4.95
2014.12.29 12:55:07.393,1.55534,1.55542,1.10,1.00
2014.12.29 12:55:07.869,1.55537,1.55541,1.10,1.00
2014.12.29 12:55:07.971,1.55537,1.55545,1.10,1.30
2014.12.29 12:55:08.072,1.55537,1.55542,1.00,1.00
2014.12.29 12:55:08.325,1.55534,1.55541,4.69,1.00
2014.12.29 12:55:08.376,1.55536,1.55544,3.75,1.00
2014.12.29 12:55:08.478,1.55536,1.55541,1.20,1.00
2014.12.29 12:55:08.580,1.55534,1.55545,8.44,1.35
2014.12.29 12:55:08.681,1.55537,1.55545,1.10,1.20
2014.12.29 12:55:09.186,1.55537,1.55545,1.10,1.01
2014.12.29 12:55:09.692,1.55535,1.5554,3.94,1.00
2014.12.29 12:55:09.793,1.55534,1.55542,4.57,1.10
2014.12.29 12:55:09.894,1.55533,1.5554,1.01,1.00
2014.12.29 12:55:10.299,1.55535,1.55541,1.00,1.20
2014.12.29 12:55:10.754,1.55537,1.5554,1.00,1.00
2014.12.29 12:55:11.007,1.55535,1.55541,1.00,1.20
2014.12.29 12:55:11.311,1.55537,1.55543,1.00,1.75
2014.12.29 12:55:12.934,1.55534,1.55542,8.44,1.50
2014.12.29 12:55:13.439,1.55534,1.55541,1.10,1.20
2014.12.29 12:55:13.641,1.55533,1.55539,4.50,1.00
2014.12.29 12:55:13.944,1.55534,1.55541,1.00,1.20
2014.12.29 12:55:14.495,1.55534,1.5554,1.00,1.00
2014.12.29 12:55:14.698,1.55536,1.55543,1.00,5.70
2014.12.29 12:55:15.153,1.55534,1.55537,1.00,1.00
2014.12.29 12:55:15.407,1.55529,1.55541,5.51,5.40
2014.12.29 12:55:15.458,1.55529,1.55541,5.14,5.32
2014.12.29 12:55:15.913,1.55535,1.55541,3.75,1.00
2014.12.29 12:55:16.419,1.55536,1.55542,1.00,1.20
2014.12.29 12:55:16.722,1.55535,1.5554,1.00,1.00
2014.12.29 12:55:17.025,1.55533,1.5554,2.25,1.10
2014.12.29 12:55:17.178,1.55532,1.55537,1.10,1.00
2014.12.29 12:55:17.482,1.55526,1.55536,3.90,4.50
2014.12.29 12:55:18.139,1.55526,1.55535,3.75,1.57
2014.12.29 12:55:18.443,1.55524,1.55531,3.82,3.75
2014.12.29 12:55:18.545,1.55519,1.55529,1.17,3.82
2014.12.29 12:55:18.813,1.55517,1.55528,4.95,1.47
2014.12.29 12:55:19.319,1.55517,1.55529,4.65,4.95
2014.12.29 12:55:21.116,1.55515,1.55527,5.77,4.57
2014.12.29 12:55:23.288,1.55518,1.55527,1.00,4.95
2014.12.29 12:55:26.500,1.55517,1.55527,1.00,5.02
2014.12.29 12:55:27.064,1.55518,1.55527,3.00,4.57
2014.12.29 12:55:32.097,1.55521,1.55527,3.00,4.57
2014.12.29 12:55:32.198,1.55521,1.55529,3.00,8.62
2014.12.29 12:55:32.249,1.55523,1.55529,3.75,1.00
2014.12.29 12:55:32.554,1.55533,1.5554,3.82,1.50
2014.12.29 12:55:32.605,1.55536,1.5554,1.00,1.00
2014.12.29 12:55:32.656,1.55538,1.55545,3.75,1.10
2014.12.29 12:55:32.758,1.55542,1.55549,1.10,1.10
2014.12.29 12:55:32.960,1.55544,1.55551,1.00,4.50
2014.12.29 12:55:33.315,1.55542,1.55551,1.10,4.50
2014.12.29 12:55:33.821,1.55542,1.55549,1.10,1.00
2014.12.29 12:55:36.460,1.55541,1.55546,5.25,1.00
2014.12.29 12:55:36.562,1.55538,1.55548,4.57,1.00
2014.12.29 12:55:36.663,1.55538,1.55548,1.00,5.32
2014.12.29 12:55:36.967,1.55542,1.55547,1.00,1.12
2014.12.29 12:55:37.220,1.55542,1.5555,1.00,5.62
2014.12.29 12:55:37.726,1.55542,1.5555,1.00,5.32
2014.12.29 12:55:38.232,1.55541,1.55547,1.10,1.45
2014.12.29 12:55:38.637,1.55541,1.55547,1.00,1.87
2014.12.29 12:55:39.091,1.55541,1.55549,1.00,4.95
2014.12.29 12:55:39.632,1.55541,1.55547,1.00,1.87
2014.12.29 12:55:39.734,1.55541,1.55547,1.00,1.87
2014.12.29 12:55:39.836,1.55541,1.55547,1.00,1.10
2014.12.29 12:55:40.341,1.55542,1.55549,1.00,1.12
2014.12.29 12:55:40.846,1.55542,1.5555,1.00,1.55
2014.12.29 12:55:40.948,1.55542,1.5555,1.10,1.75
2014.12.29 12:55:43.711,1.55542,1.55549,1.57,1.12
2014.12.29 12:55:44.368,1.55544,1.5555,1.00,1.12
2014.12.29 12:55:44.570,1.55542,1.5555,1.57,1.12
2014.12.29 12:55:45.062,1.55545,1.5555,1.00,1.12
2014.12.29 12:55:45.568,1.55545,1.5555,1.00,1.12
2014.12.29 12:55:45.972,1.55542,1.5555,1.10,1.12
2014.12.29 12:55:46.475,1.55544,1.5555,1.00,1.12
2014.12.29 12:55:46.980,1.55544,1.5555,1.00,1.12
2014.12.29 12:55:49.694,1.55542,1.5555,1.10,1.12
2014.12.29 12:55:50.306,1.55542,1.55551,1.35,1.12
2014.12.29 12:55:50.408,1.55547,1.55555,1.00,5.40
2014.12.29 12:55:50.459,1.55551,1.55556,1.00,1.31
2014.12.29 12:55:50.662,1.5555,1.55556,1.00,1.12
2014.12.29 12:55:50.763,1.5555,1.55556,1.00,1.07
2014.12.29 12:55:51.067,1.55552,1.55557,1.00,1.12
2014.12.29 12:55:51.573,1.55551,1.55556,1.00,1.45
2014.12.29 12:55:52.836,1.55551,1.55559,1.00,1.36
2014.12.29 12:55:52.887,1.55553,1.55559,1.00,1.36
2014.12.29 12:55:53.190,1.55551,1.55559,4.57,1.12
2014.12.29 12:55:53.494,1.55554,1.55561,1.00,2.81
2014.12.29 12:55:53.698,1.55552,1.55561,1.10,3.56
2014.12.29 12:55:54.306,1.55554,1.55559,1.00,1.12
2014.12.29 12:55:54.409,1.55552,1.55557,1.10,1.07
2014.12.29 12:55:54.562,1.55552,1.55558,1.10,2.62
2014.12.29 12:56:00.811,1.5555,1.55558,4.50,2.62
2014.12.29 12:56:02.388,1.55552,1.55558,1.10,2.81
2014.12.29 12:56:02.692,1.55555,1.55561,1.00,3.56
2014.12.29 12:56:02.793,1.55555,1.55561,1.00,1.62
2014.12.29 12:56:06.300,1.55555,1.55561,7.50,1.54
2014.12.29 12:56:06.402,1.55557,1.55561,3.75,1.00
2014.12.29 12:56:06.706,1.55567,1.55573,3.75,4.46
2014.12.29 12:56:06.807,1.55569,1.55573,1.00,4.76
2014.12.29 12:56:06.908,1.55566,1.55573,1.00,4.46
2014.12.29 12:56:07.312,1.55568,1.55573,3.00,4.39
2014.12.29 12:56:07.818,1.55568,1.55572,3.00,1.00
2014.12.29 12:56:07.971,1.55568,1.55576,1.10,1.09
2014.12.29 12:56:08.073,1.55573,1.55577,3.00,4.42
2014.12.29 12:56:08.377,1.55578,1.5558,1.50,1.00
2014.12.29 12:56:08.429,1.55578,1.55583,4.57,4.12
2014.12.29 12:56:08.480,1.55578,1.55587,4.57,2.44
2014.12.29 12:56:08.532,1.5558,1.55588,1.00,1.39
2014.12.29 12:56:09.038,1.55582,1.55589,1.00,1.85
2014.12.29 12:56:09.140,1.55586,1.55591,3.75,3.82
2014.12.29 12:56:09.343,1.55587,1.55593,1.00,3.75
2014.12.29 12:56:09.444,1.55587,1.55593,1.00,4.87
2014.12.29 12:56:09.547,1.55587,1.55593,1.00,4.20
2014.12.29 12:56:09.649,1.55587,1.55592,1.00,1.45
2014.12.29 12:56:09.954,1.55587,1.55592,2.59,4.20
2014.12.29 12:56:10.106,1.5559,1.55595,1.00,1.87
2014.12.29 12:56:10.511,1.55587,1.55593,1.00,1.12
2014.12.29 12:56:10.714,1.55583,1.55586,1.00,4.12
2014.12.29 12:56:10.764,1.55577,1.55586,1.00,8.25
2014.12.29 12:56:10.815,1.55578,1.55586,1.00,8.25
2014.12.29 12:56:10.917,1.55576,1.5558,1.00,3.75
2014.12.29 12:56:11.019,1.55573,1.5558,1.17,3.82
2014.12.29 12:56:11.423,1.5557,1.55577,2.44,3.75
2014.12.29 12:56:11.524,1.55569,1.55577,1.32,3.75
2014.12.29 12:56:11.777,1.55568,1.55577,1.20,3.75
2014.12.29 12:56:11.929,1.55569,1.55577,1.20,3.75
2014.12.29 12:56:12.435,1.5557,1.55577,1.10,3.75
2014.12.29 12:56:12.739,1.5557,1.5558,1.15,8.44
2014.12.29 12:56:14.726,1.55572,1.5558,1.00,7.50
2014.12.29 12:56:14.878,1.55579,1.55586,1.00,1.75
2014.12.29 12:56:14.929,1.55585,1.5559,1.18,1.10
2014.12.29 12:56:14.980,1.55595,1.55603,1.00,6.82
2014.12.29 12:56:15.082,1.55593,1.55601,1.25,7.50
2014.12.29 12:56:15.132,1.55593,1.55598,1.25,3.75
2014.12.29 12:56:15.234,1.55587,1.55597,1.46,3.75
2014.12.29 12:56:15.588,1.55587,1.55597,1.75,4.20
2014.12.29 12:56:15.740,1.55587,1.55597,1.15,4.20
2014.12.29 12:56:16.246,1.55587,1.55597,1.10,4.27
2014.12.29 12:56:17.663,1.55585,1.55597,6.26,4.20
2014.12.29 12:56:17.815,1.55585,1.55597,5.66,4.20
2014.12.29 12:56:17.866,1.55588,1.55597,1.00,4.09
2014.12.29 12:56:18.371,1.55588,1.55597,1.00,4.39
2014.12.29 12:56:18.877,1.55587,1.55597,1.07,3.82
2014.12.29 12:56:19.634,1.55586,1.55597,1.95,3.82
2014.12.29 12:56:20.142,1.55587,1.55597,3.15,3.82
2014.12.29 12:56:21.342,1.55585,1.55597,5.29,3.82
2014.12.29 12:56:21.544,1.55585,1.55597,4.76,4.39
2014.12.29 12:56:21.898,1.55585,1.55597,4.87,4.39
2014.12.29 12:56:22.000,1.55586,1.55597,1.35,4.39
2014.12.29 12:56:22.542,1.55586,1.55597,2.10,4.39
2014.12.29 12:56:23.406,1.55585,1.55597,5.14,4.39
2014.12.29 12:56:23.911,1.55585,1.55597,4.84,4.39
2014.12.29 12:56:24.418,1.55585,1.55597,4.76,4.39
2014.12.29 12:56:24.925,1.55585,1.55597,4.76,4.39
2014.12.29 12:56:25.532,1.55586,1.55597,1.01,5.14
2014.12.29 12:56:26.589,1.55585,1.55593,4.76,1.00
2014.12.29 12:56:26.897,1.55586,1.55592,1.01,1.00
2014.12.29 12:56:27.149,1.55586,1.55596,1.01,1.47
2014.12.29 12:56:27.250,1.55587,1.55596,3.90,1.47
2014.12.29 12:56:28.448,1.55587,1.55592,3.82,3.75
2014.12.29 12:56:28.752,1.55581,1.55584,4.12,3.75
2014.12.29 12:56:28.803,1.55574,1.55584,3.19,7.50
2014.12.29 12:56:28.854,1.55576,1.55582,1.00,3.75
2014.12.29 12:56:29.057,1.55569,1.55576,1.00,7.50
2014.12.29 12:56:29.209,1.55567,1.55576,3.19,7.57
2014.12.29 12:56:29.261,1.55567,1.55573,3.19,3.75
2014.12.29 12:56:30.192,1.55571,1.55573,1.00,3.75
2014.12.29 12:56:30.394,1.55585,1.55595,1.10,3.75
2014.12.29 12:56:30.447,1.55596,1.55607,1.10,3.75
2014.12.29 12:56:30.498,1.55598,1.55607,1.00,3.75
2014.12.29 12:56:30.802,1.556,1.55607,1.39,3.75
2014.12.29 12:56:31.308,1.556,1.55607,1.19,3.75
2014.12.29 12:56:31.410,1.55596,1.55604,4.35,3.75
2014.12.29 12:56:31.916,1.55593,1.55602,3.19,1.20
2014.12.29 12:56:32.523,1.55592,1.55601,3.34,1.00
2014.12.29 12:56:32.930,1.55591,1.55602,11.81,1.20
2014.12.29 12:56:33.081,1.55591,1.55602,11.81,1.20
2014.12.29 12:56:33.385,1.55589,1.55599,8.44,4.50
2014.12.29 12:56:33.891,1.55589,1.55597,4.01,1.00
2014.12.29 12:56:36.635,1.55588,1.55597,6.94,5.25
2014.12.29 12:56:37.312,1.55586,1.55594,3.64,1.00
2014.12.29 12:56:40.334,1.55592,1.55595,4.12,1.00
2014.12.29 12:56:40.589,1.55596,1.55602,4.01,1.00
2014.12.29 12:56:40.690,1.55598,1.55602,1.84,1.00
2014.12.29 12:56:40.993,1.55598,1.55602,2.21,1.00
2014.12.29 12:56:42.573,1.55598,1.55602,2.17,1.00
2014.12.29 12:56:43.404,1.55598,1.55604,2.17,1.10
2014.12.29 12:56:44.364,1.55598,1.55603,2.40,1.00
2014.12.29 12:56:44.870,1.55597,1.55603,5.02,1.00
2014.12.29 12:56:45.404,1.55598,1.55604,2.10,1.50
2014.12.29 12:56:45.657,1.55597,1.55604,2.47,1.00
2014.12.29 12:56:46.187,1.55597,1.55604,5.92,1.00
2014.12.29 12:56:47.094,1.55597,1.55602,4.09,1.00
2014.12.29 12:56:47.297,1.55587,1.55597,4.50,3.82
2014.12.29 12:56:47.348,1.55587,1.55594,1.00,1.00
2014.12.29 12:56:47.854,1.55585,1.55593,4.39,1.00
2014.12.29 12:56:55.329,1.55585,1.55592,3.82,1.37
2014.12.29 12:56:55.430,1.55581,1.55585,1.00,1.00
2014.12.29 12:56:55.634,1.55574,1.55584,1.10,1.10
2014.12.29 12:56:55.685,1.55573,1.55582,7.01,1.00
2014.12.29 12:56:55.989,1.55571,1.5558,1.66,1.00
2014.12.29 12:56:56.508,1.55571,1.55582,1.39,5.47
2014.12.29 12:56:56.812,1.55575,1.55581,3.00,1.10
2014.12.29 12:56:57.323,1.55573,1.55582,3.64,1.20
2014.12.29 12:56:57.833,1.55572,1.55582,8.14,1.20
2014.12.29 12:56:59.418,1.55572,1.5558,7.01,1.00
2014.12.29 12:56:59.926,1.5557,1.55577,8.21,1.00
2014.12.29 12:56:59.977,1.5557,1.55577,7.46,1.00
2014.12.29 12:57:00.079,1.55569,1.55575,3.00,3.75
2014.12.29 12:57:00.130,1.55566,1.55575,3.64,3.75
2014.12.29 12:57:00.181,1.55566,1.55575,3.64,3.75
2014.12.29 12:57:00.435,1.55569,1.55579,7.76,1.00
2014.12.29 12:57:00.536,1.55574,1.55579,3.75,1.00
2014.12.29 12:57:00.688,1.55576,1.55582,3.75,1.00
2014.12.29 12:57:00.739,1.55575,1.55584,1.29,1.00
2014.12.29 12:57:01.245,1.55575,1.55584,2.10,1.00
2014.12.29 12:57:03.894,1.55576,1.55584,2.40,1.00
2014.12.29 12:57:07.194,1.55575,1.55584,3.64,1.00
2014.12.29 12:57:07.850,1.55575,1.55584,6.22,1.00
2014.12.29 12:57:09.079,1.55575,1.55584,5.47,1.00
2014.12.29 12:57:13.102,1.55575,1.55583,2.00,1.00
2014.12.29 12:57:13.355,1.5558,1.55583,1.00,1.00
2014.12.29 12:57:13.658,1.5558,1.55586,1.00,4.57
2014.12.29 12:57:13.861,1.5558,1.55586,1.00,6.07
2014.12.29 12:57:13.962,1.55575,1.55581,1.00,3.82
2014.12.29 12:57:14.063,1.55572,1.55579,1.00,4.50
2014.12.29 12:57:14.417,1.55572,1.55576,1.00,1.00
2014.12.29 12:57:14.720,1.55572,1.55574,1.00,1.00
2014.12.29 12:57:15.073,1.55572,1.55576,1.00,1.00
2014.12.29 12:57:15.175,1.5557,1.55575,1.00,1.00
2014.12.29 12:57:15.377,1.5557,1.55578,1.00,8.62
2014.12.29 12:57:15.428,1.5557,1.55576,1.00,3.75
2014.12.29 12:57:15.886,1.55572,1.55575,1.00,3.82
2014.12.29 12:57:16.293,1.5557,1.55575,1.00,4.57
2014.12.29 12:57:17.580,1.55572,1.55576,1.00,4.50
2014.12.29 12:57:17.682,1.55573,1.55578,1.00,5.32
2014.12.29 12:57:17.834,1.55575,1.55578,3.00,4.57
2014.12.29 12:57:17.935,1.55572,1.55581,7.35,1.10
2014.12.29 12:57:17.987,1.55579,1.55584,1.00,3.90
2014.12.29 12:57:18.038,1.5558,1.55584,1.00,3.90
2014.12.29 12:57:18.291,1.55574,1.55584,6.22,1.12
2014.12.29 12:57:18.444,1.55581,1.55586,1.00,4.27
2014.12.29 12:57:23.384,1.55579,1.55586,1.00,5.02
2014.12.29 12:57:23.485,1.55576,1.55583,1.00,3.82
2014.12.29 12:57:23.789,1.55574,1.55581,1.00,8.32
2014.12.29 12:57:24.093,1.55574,1.55578,1.00,1.10
2014.12.29 12:57:25.861,1.55574,1.55577,1.00,1.00
2014.12.29 12:57:26.368,1.55574,1.55576,1.00,1.00
2014.12.29 12:57:26.419,1.55572,1.55576,1.00,1.00
2014.12.29 12:57:26.723,1.55572,1.55574,1.00,1.00
2014.12.29 12:57:26.824,1.55572,1.55576,1.00,1.20
2014.12.29 12:57:30.325,1.55572,1.55575,1.00,1.00
2014.12.29 12:57:30.830,1.55571,1.55574,1.00,1.00
2014.12.29 12:57:31.335,1.55571,1.55573,1.00,1.10
2014.12.29 12:57:31.437,1.55569,1.55575,3.00,1.00
2014.12.29 12:57:31.539,1.55572,1.55577,1.00,3.82
2014.12.29 12:57:31.792,1.55575,1.55578,1.10,1.00
2014.12.29 12:57:32.096,1.5558,1.55583,1.00,1.20
2014.12.29 12:57:32.351,1.55581,1.55585,1.00,1.10
2014.12.29 12:57:32.505,1.55581,1.55588,1.00,9.00
2014.12.29 12:57:34.563,1.55581,1.55588,1.00,8.62
2014.12.29 12:57:34.614,1.55578,1.55587,1.00,1.57
2014.12.29 12:57:36.055,1.55578,1.55584,1.00,3.75
2014.12.29 12:57:36.358,1.55572,1.55577,1.00,1.37
2014.12.29 12:57:36.561,1.5557,1.55574,1.25,1.37
2014.12.29 12:57:36.763,1.5557,1.55574,1.69,1.00
2014.12.29 12:57:36.915,1.5557,1.55574,1.25,1.00
2014.12.29 12:57:42.934,1.55572,1.55574,1.00,1.00
2014.12.29 12:57:44.883,1.55572,1.55575,1.00,1.00
2014.12.29 12:57:45.388,1.55572,1.55577,1.00,4.50
2014.12.29 12:57:46.429,1.55572,1.55574,1.00,1.00
2014.12.29 12:57:46.530,1.5557,1.55574,1.25,1.00
2014.12.29 12:57:47.036,1.5557,1.55575,1.00,1.00
2014.12.29 12:57:47.541,1.55571,1.55575,1.00,1.00
2014.12.29 12:57:48.679,1.55569,1.55575,1.10,1.00
2014.12.29 12:57:50.157,1.5557,1.55575,1.00,1.00
2014.12.29 12:57:50.259,1.55573,1.55575,1.00,1.00
2014.12.29 12:57:50.361,1.5557,1.55575,1.00,1.00
2014.12.29 12:57:52.748,1.5557,1.55575,1.20,1.00
2014.12.29 12:57:54.672,1.5557,1.55575,1.10,1.00
2014.12.29 12:57:55.291,1.5557,1.55575,1.27,1.00
2014.12.29 12:57:58.025,1.5557,1.55575,1.30,1.00
2014.12.29 12:57:58.379,1.55566,1.55573,1.50,1.20
2014.12.29 12:57:58.481,1.55565,1.55573,1.01,1.20
2014.12.29 12:57:58.885,1.55569,1.55574,1.00,1.00
2014.12.29 12:57:59.392,1.55569,1.55575,1.20,1.00
2014.12.29 12:57:59.696,1.55567,1.55573,2.00,1.00
2014.12.29 12:57:59.847,1.55567,1.55573,1.25,1.00
2014.12.29 12:58:01.365,1.55567,1.55572,1.00,1.37
2014.12.29 12:58:01.769,1.55564,1.5557,1.00,1.12
2014.12.29 12:58:02.426,1.55564,1.5557,1.47,1.87
2014.12.29 12:58:03.227,1.55564,1.55568,1.47,1.00
2014.12.29 12:58:04.510,1.55564,1.55568,1.10,1.00
2014.12.29 12:58:05.015,1.55564,1.55568,1.00,1.37
2014.12.29 12:58:05.521,1.55563,1.55568,1.00,1.37
2014.12.29 12:58:06.334,1.55563,1.55568,1.00,1.00
2014.12.29 12:58:08.900,1.55559,1.55568,4.57,1.25
2014.12.29 12:58:09.001,1.55559,1.55567,3.75,1.31
2014.12.29 12:58:09.153,1.55558,1.55567,1.00,5.89
2014.12.29 12:58:09.608,1.55558,1.55564,1.10,1.00
2014.12.29 12:58:09.912,1.55553,1.55561,3.94,1.37
2014.12.29 12:58:10.216,1.55551,1.55561,4.09,1.00
2014.12.29 12:58:10.721,1.55551,1.55559,4.91,1.00
2014.12.29 12:58:10.823,1.55551,1.55561,5.02,1.00
2014.12.29 12:58:11.345,1.55551,1.55562,4.57,1.57
2014.12.29 12:58:11.396,1.55551,1.5556,4.50,1.00
2014.12.29 12:58:11.700,1.5555,1.55559,1.00,8.25
2014.12.29 12:58:12.572,1.5555,1.55556,1.00,1.00
2014.12.29 12:58:12.825,1.55548,1.55558,1.27,1.20
2014.12.29 12:58:13.593,1.55547,1.55557,8.81,1.37
2014.12.29 12:58:13.800,1.55548,1.55559,3.60,7.50
2014.12.29 12:58:14.313,1.5555,1.55559,1.00,7.50
2014.12.29 12:58:14.668,1.55548,1.55557,1.24,1.00
2014.12.29 12:58:15.173,1.55548,1.55559,4.27,7.57
2014.12.29 12:58:15.691,1.55548,1.55558,1.30,1.35
2014.12.29 12:58:16.206,1.55551,1.55559,1.00,7.57
2014.12.29 12:58:17.575,1.55551,1.55559,1.00,8.77
2014.12.29 12:58:17.829,1.55549,1.55555,1.10,1.00
2014.12.29 12:58:17.881,1.55549,1.55559,1.10,7.57
2014.12.29 12:58:17.932,1.55551,1.55559,1.00,7.57
2014.12.29 12:58:18.489,1.55551,1.5556,1.10,4.50
2014.12.29 12:58:18.793,1.5555,1.55557,3.75,1.37
2014.12.29 12:58:18.894,1.5555,1.55559,3.75,1.20
2014.12.29 12:58:19.551,1.5555,1.55559,3.75,4.57
2014.12.29 12:58:19.602,1.55547,1.55559,8.44,8.25
2014.12.29 12:58:20.124,1.55547,1.55559,8.44,8.25
2014.12.29 12:58:20.654,1.55547,1.55557,8.81,1.00
2014.12.29 12:58:21.160,1.55548,1.55559,1.30,8.25
2014.12.29 12:58:22.587,1.55547,1.55557,8.89,1.00
2014.12.29 12:58:23.092,1.55547,1.55559,9.75,7.50
2014.12.29 12:58:23.598,1.55547,1.55559,8.70,8.25
2014.12.29 12:58:24.654,1.55549,1.55558,1.00,1.20
2014.12.29 12:58:24.706,1.55549,1.55556,1.00,1.00
2014.12.29 12:58:24.908,1.55549,1.55559,1.00,7.50
2014.12.29 12:58:25.465,1.55547,1.55558,7.50,1.20
2014.12.29 12:58:26.223,1.55547,1.55557,7.50,1.00
2014.12.29 12:58:26.778,1.55547,1.55556,10.95,1.00
2014.12.29 12:58:27.292,1.55546,1.55556,5.59,3.82
2014.12.29 12:58:34.688,1.55548,1.55555,3.75,1.00
2014.12.29 12:58:35.193,1.5555,1.55556,1.00,1.20
2014.12.29 12:58:35.496,1.55552,1.55561,1.00,4.65
2014.12.29 12:58:35.547,1.55554,1.55561,1.00,4.57
2014.12.29 12:58:35.598,1.55554,1.55563,1.00,8.32
2014.12.29 12:58:35.751,1.55556,1.55564,1.00,3.82
2014.12.29 12:58:36.055,1.55559,1.55564,1.00,1.00
2014.12.29 12:58:38.579,1.55555,1.55564,4.87,1.10
2014.12.29 12:58:38.681,1.55555,1.55562,1.00,1.00
2014.12.29 12:58:40.619,1.55555,1.55561,1.00,1.00
2014.12.29 12:58:40.922,1.55551,1.55562,1.95,4.65
2014.12.29 12:58:41.024,1.5555,1.55559,1.37,3.82
2014.12.29 12:58:41.075,1.5555,1.55558,1.00,1.10
2014.12.29 12:58:41.277,1.5555,1.55555,1.00,1.00
2014.12.29 12:58:41.733,1.5555,1.55558,1.00,1.20
2014.12.29 12:58:42.392,1.5555,1.55555,1.00,1.00
2014.12.29 12:58:42.595,1.5555,1.55558,1.00,4.65
2014.12.29 12:58:42.646,1.5555,1.55556,1.00,3.75
2014.12.29 12:58:42.697,1.55546,1.55554,1.10,3.82
2014.12.29 12:58:42.748,1.55545,1.55554,1.12,4.95
2014.12.29 12:58:42.900,1.55543,1.5555,1.00,3.82
2014.12.29 12:58:43.153,1.55541,1.55549,1.10,1.10
2014.12.29 12:58:43.913,1.55541,1.55548,1.00,1.00
2014.12.29 12:58:44.374,1.55541,1.55545,1.00,1.00
2014.12.29 12:58:44.701,1.55541,1.55549,1.00,1.10
2014.12.29 12:58:45.155,1.55541,1.55547,1.00,1.00
2014.12.29 12:58:45.459,1.55541,1.5555,1.00,4.76
2014.12.29 12:58:45.813,1.55548,1.55553,1.00,1.57
2014.12.29 12:58:45.914,1.55551,1.55555,1.00,1.10
2014.12.29 12:58:46.016,1.55553,1.55556,1.00,1.00
2014.12.29 12:58:46.117,1.55553,1.55561,1.87,3.07
2014.12.29 12:58:46.219,1.55559,1.55564,1.00,1.16
2014.12.29 12:58:46.320,1.55556,1.55563,1.20,7.50
2014.12.29 12:58:47.182,1.55554,1.55563,1.00,7.69
2014.12.29 12:58:47.233,1.55554,1.55559,1.00,3.82
2014.12.29 12:58:47.284,1.55552,1.55559,1.10,3.82
2014.12.29 12:58:48.094,1.55552,1.55561,1.10,5.66
2014.12.29 12:58:48.145,1.55552,1.55559,1.00,3.75
2014.12.29 12:58:48.398,1.5555,1.55559,1.10,4.65
2014.12.29 12:58:48.600,1.55552,1.55559,1.00,4.57
2014.12.29 12:58:48.904,1.55552,1.55562,1.00,4.57
2014.12.29 12:58:49.005,1.55554,1.55562,1.00,3.82
2014.12.29 12:58:49.511,1.55553,1.55561,1.00,1.20
2014.12.29 12:58:50.016,1.55553,1.55561,1.00,1.27
2014.12.29 12:58:50.523,1.55553,1.55559,1.00,1.20
2014.12.29 12:58:51.333,1.55553,1.55561,1.00,1.99
2014.12.29 12:58:51.384,1.55553,1.55561,1.00,2.29
2014.12.29 12:58:51.637,1.5555,1.55559,1.00,3.90
2014.12.29 12:58:51.739,1.55553,1.55561,1.00,6.07
2014.12.29 12:58:51.842,1.55553,1.5556,1.00,1.10
2014.12.29 12:58:52.044,1.55553,1.5556,1.00,1.65
2014.12.29 12:58:53.006,1.5555,1.55558,1.00,1.20
2014.12.29 12:58:54.169,1.5555,1.55557,1.25,1.00
2014.12.29 12:58:54.676,1.5555,1.55559,1.25,7.69
2014.12.29 12:58:55.181,1.5555,1.55556,1.25,1.00
2014.12.29 12:58:55.484,1.5555,1.55558,1.25,1.20
2014.12.29 12:58:55.665,1.55558,1.55562,1.00,1.65
2014.12.29 12:58:55.919,1.55558,1.55565,1.00,1.20
2014.12.29 12:58:55.970,1.55558,1.55566,1.00,4.57
2014.12.29 12:58:56.374,1.55558,1.5556,1.00,1.00
2014.12.29 12:58:56.425,1.55554,1.5556,1.20,4.50
2014.12.29 12:58:56.577,1.55553,1.5556,1.00,4.50
2014.12.29 12:58:57.092,1.55552,1.5556,1.00,3.82
2014.12.29 12:58:58.859,1.5555,1.55559,4.20,1.10
2014.12.29 12:58:59.770,1.55548,1.55559,1.01,4.57
2014.12.29 12:59:00.073,1.5555,1.55561,1.10,3.97
2014.12.29 12:59:00.427,1.55549,1.55559,4.46,1.12
2014.12.29 12:59:00.528,1.55549,1.55559,4.76,1.12
2014.12.29 12:59:00.731,1.55547,1.55558,4.01,1.17
2014.12.29 12:59:01.035,1.55553,1.5556,1.00,1.30
2014.12.29 12:59:01.238,1.55558,1.55566,1.00,1.00
2014.12.29 12:59:02.500,1.55558,1.55568,1.25,4.46
2014.12.29 12:59:02.956,1.55557,1.55568,1.29,4.16
2014.12.29 12:59:04.826,1.55556,1.55568,4.91,4.54
2014.12.29 12:59:06.485,1.55556,1.55568,5.21,4.16
2014.12.29 12:59:07.141,1.55564,1.55569,3.04,5.70
2014.12.29 12:59:07.295,1.55567,1.55575,1.42,1.00
2014.12.29 12:59:07.346,1.55569,1.55578,3.82,6.15
2014.12.29 12:59:07.701,1.5557,1.55578,2.17,1.10
2014.12.29 12:59:07.803,1.55569,1.55578,5.85,1.10
2014.12.29 12:59:08.309,1.55569,1.55578,4.39,1.10
2014.12.29 12:59:08.814,1.55569,1.55578,5.14,1.10
2014.12.29 12:59:09.118,1.55569,1.55578,4.69,1.57
2014.12.29 12:59:09.624,1.5557,1.55578,4.01,1.37
2014.12.29 12:59:10.888,1.55575,1.55583,4.12,5.70
2014.12.29 12:59:11.040,1.55578,1.55585,3.75,1.10
2014.12.29 12:59:11.445,1.55576,1.55584,7.87,3.75
2014.12.29 12:59:11.597,1.55573,1.5558,3.82,1.10
2014.12.29 12:59:11.850,1.55572,1.5558,1.10,4.50
2014.12.29 12:59:12.360,1.55573,1.5558,1.00,4.65
2014.12.29 12:59:14.063,1.55574,1.5558,1.00,3.90
2014.12.29 12:59:14.164,1.55577,1.55581,3.75,3.75
2014.12.29 12:59:14.215,1.55577,1.55583,3.82,1.00
2014.12.29 12:59:14.266,1.55577,1.55585,3.82,1.00
2014.12.29 12:59:14.771,1.55578,1.55585,1.44,1.00
2014.12.29 12:59:15.276,1.55578,1.55585,1.10,1.00
2014.12.29 12:59:15.529,1.55575,1.55585,7.84,8.25
2014.12.29 12:59:16.034,1.55575,1.55583,7.84,1.00
2014.12.29 12:59:17.477,1.55574,1.55582,5.14,3.75
2014.12.29 12:59:17.983,1.55575,1.55582,1.46,3.75
2014.12.29 12:59:19.750,1.55575,1.55582,1.01,3.75
2014.12.29 12:59:20.109,1.55576,1.55583,3.82,1.00
2014.12.29 12:59:21.462,1.55575,1.55583,4.01,1.20
2014.12.29 12:59:23.163,1.55574,1.55583,4.01,1.95
2014.12.29 12:59:23.467,1.55573,1.55582,1.46,3.82
2014.12.29 12:59:23.973,1.55576,1.55582,3.00,3.82
2014.12.29 12:59:24.277,1.55591,1.55592,1.50,1.00
2014.12.29 12:59:24.329,1.55588,1.55596,6.97,1.65
2014.12.29 12:59:24.683,1.55591,1.55598,1.01,1.10
2014.12.29 12:59:26.729,1.55591,1.556,1.01,3.82
2014.12.29 12:59:26.781,1.55593,1.55601,3.75,8.25
2014.12.29 12:59:30.409,1.55595,1.55601,1.00,3.82
2014.12.29 12:59:30.914,1.55595,1.55601,1.20,3.82
2014.12.29 12:59:31.320,1.55595,1.55601,1.47,3.82
2014.12.29 12:59:31.978,1.55595,1.55601,1.50,3.82
2014.12.29 12:59:32.508,1.55595,1.55601,1.20,3.82
2014.12.29 12:59:34.386,1.55595,1.55601,1.20,3.82
2014.12.29 12:59:34.840,1.55596,1.55602,4.12,3.75
2014.12.29 12:59:34.891,1.55601,1.55606,1.00,3.94
2014.12.29 12:59:35.194,1.55601,1.55608,1.20,4.50
2014.12.29 12:59:35.750,1.55601,1.55607,1.47,1.10
2014.12.29 12:59:36.919,1.55601,1.55607,1.24,1.10
2014.12.29 12:59:37.273,1.55605,1.55608,1.00,4.50
2014.12.29 12:59:37.526,1.55608,1.55612,1.00,1.57
2014.12.29 12:59:37.577,1.55605,1.55612,4.01,1.95
2014.12.29 12:59:37.678,1.55605,1.55612,4.57,1.20
2014.12.29 12:59:37.729,1.55603,1.5561,1.19,1.15
2014.12.29 12:59:37.931,1.55605,1.55613,3.00,4.76
2014.12.29 12:59:38.033,1.55605,1.55609,3.00,3.75
2014.12.29 12:59:38.235,1.55604,1.55611,1.10,3.82
2014.12.29 12:59:38.286,1.55606,1.55611,1.00,3.82
2014.12.29 12:59:38.892,1.55606,1.55611,1.37,3.82
2014.12.29 12:59:39.094,1.55604,1.55611,3.00,3.90
2014.12.29 12:59:39.499,1.55603,1.55609,1.50,3.75
2014.12.29 12:59:40.358,1.55603,1.55609,1.00,4.20
2014.12.29 12:59:40.611,1.55604,1.5561,1.00,3.90
2014.12.29 12:59:41.011,1.55607,1.55611,1.00,3.90
2014.12.29 12:59:41.316,1.55609,1.55616,1.25,4.65
2014.12.29 12:59:41.418,1.55609,1.55616,1.25,3.97
2014.12.29 12:59:41.680,1.55609,1.55616,1.62,3.82
2014.12.29 12:59:41.933,1.55612,1.55618,1.10,3.82
2014.12.29 12:59:42.339,1.55612,1.55618,1.05,4.20
2014.12.29 12:59:42.440,1.5561,1.55618,1.20,4.20
2014.12.29 12:59:42.997,1.5561,1.55617,8.89,1.37
2014.12.29 12:59:43.531,1.5561,1.55617,9.00,1.87
2014.12.29 12:59:44.138,1.55607,1.55613,2.25,3.75
2014.12.29 12:59:44.239,1.55606,1.55613,1.10,4.12
2014.12.29 12:59:44.290,1.55606,1.55613,1.47,3.75
2014.12.29 12:59:44.341,1.55607,1.55613,1.50,4.12
2014.12.29 12:59:44.443,1.5561,1.55616,1.00,4.39
2014.12.29 12:59:44.746,1.5561,1.55618,1.37,5.14
2014.12.29 12:59:45.252,1.5561,1.55618,1.20,4.39
2014.12.29 12:59:47.095,1.5561,1.55615,1.20,3.00
2014.12.29 12:59:47.146,1.55606,1.55613,1.76,3.82
2014.12.29 12:59:47.247,1.55606,1.55613,1.10,3.82
2014.12.29 12:59:47.449,1.55612,1.55615,1.00,3.82
2014.12.29 12:59:47.601,1.5561,1.55618,1.20,1.39
2014.12.29 12:59:47.855,1.55611,1.55615,1.00,1.00
2014.12.29 12:59:48.259,1.55611,1.55618,1.75,1.95
2014.12.29 12:59:48.764,1.55612,1.55618,1.12,1.57
2014.12.29 12:59:50.078,1.55612,1.55618,1.12,1.27
2014.12.29 12:59:50.534,1.55616,1.55618,1.00,1.00
2014.12.29 12:59:50.636,1.55617,1.55622,1.00,4.20
2014.12.29 12:59:50.940,1.55619,1.55625,1.00,1.01
2014.12.29 12:59:51.294,1.55619,1.55626,1.00,4.27
2014.12.29 12:59:53.337,1.55618,1.55627,5.44,3.82
2014.12.29 12:59:53.742,1.55618,1.55627,4.01,1.20
2014.12.29 12:59:53.996,1.55618,1.55628,4.01,6.82
2014.12.29 12:59:54.097,1.55618,1.55628,4.39,5.70
2014.12.29 12:59:54.148,1.55617,1.55625,5.44,3.75
2014.12.29 12:59:54.658,1.55617,1.55625,5.44,3.75
2014.12.29 12:59:55.184,1.55617,1.55625,5.14,3.75
2014.12.29 12:59:55.496,1.55618,1.55625,1.01,3.75
2014.12.29 12:59:55.598,1.55617,1.55625,5.44,3.75
2014.12.29 12:59:56.257,1.55618,1.55627,8.44,1.46
2014.12.29 12:59:56.409,1.55618,1.55627,8.06,1.09
2014.12.29 12:59:56.561,1.55616,1.55625,1.39,3.90
2014.12.29 12:59:57.346,1.55615,1.55625,5.14,3.90
2014.12.29 12:59:58.277,1.55616,1.55625,4.09,4.57
2014.12.29 12:59:58.581,1.55614,1.55619,1.00,3.82
2014.12.29 12:59:59.088,1.55612,1.55619,1.19,7.95
2014.12.29 12:59:59.240,1.55612,1.55621,1.76,4.20
2014.12.29 12:59:59.750,1.55613,1.55621,1.31,3.82
