2014.08.27 20:00:00.193,1.65738,1.65745,1.25,1.00
2014.08.27 20:00:00.396,1.65734,1.65743,1.00,1.00
2014.08.27 20:00:01.157,1.65734,1.65745,1.25,1.29
2014.08.27 20:00:01.918,1.65734,1.65745,1.69,1.25
2014.08.27 20:00:02.073,1.65739,1.65747,1.00,1.77
2014.08.27 20:00:02.326,1.65739,1.65748,1.25,1.00
2014.08.27 20:00:02.427,1.65741,1.65749,1.25,1.00
2014.08.27 20:00:02.582,1.65741,1.65751,1.25,1.25
2014.08.27 20:00:02.735,1.65744,1.65751,1.00,1.00
2014.08.27 20:00:02.887,1.65742,1.65753,1.19,1.50
2014.08.27 20:00:03.039,1.65739,1.65753,1.58,1.50
2014.08.27 20:00:03.242,1.65742,1.65753,1.19,1.50
2014.08.27 20:00:04.305,1.65741,1.65753,1.25,1.00
2014.08.27 20:00:05.543,1.65742,1.65753,1.00,1.50
2014.08.27 20:00:06.058,1.65741,1.65753,1.25,1.00
2014.08.27 20:00:06.109,1.65744,1.65755,1.00,1.33
2014.08.27 20:00:06.621,1.65744,1.65755,1.69,1.25
2014.08.27 20:00:07.815,1.65745,1.65755,1.25,1.25
2014.08.27 20:00:08.834,1.65745,1.65757,1.19,1.47
2014.08.27 20:00:10.660,1.65746,1.65755,1.25,1.00
2014.08.27 20:00:12.095,1.65745,1.65754,1.25,1.00
2014.08.27 20:00:12.602,1.65744,1.65753,2.44,1.00
2014.08.27 20:00:13.109,1.65746,1.65755,1.00,1.00
2014.08.27 20:00:14.389,1.65748,1.65757,1.00,2.44
2014.08.27 20:00:14.895,1.65749,1.65758,1.00,1.69
2014.08.27 20:00:17.408,1.6575,1.65758,1.00,1.25
2014.08.27 20:00:18.318,1.65748,1.65758,1.69,1.25
2014.08.27 20:00:18.844,1.65749,1.65758,1.50,1.25
2014.08.27 20:00:19.382,1.6575,1.65758,1.00,1.25
2014.08.27 20:00:20.569,1.6575,1.65758,1.00,1.69
2014.08.27 20:00:20.620,1.65746,1.65755,1.19,1.00
2014.08.27 20:00:20.671,1.65745,1.65753,1.25,1.00
2014.08.27 20:00:20.975,1.65746,1.65757,1.69,2.25
2014.08.27 20:00:21.026,1.65748,1.65757,1.00,1.50
2014.08.27 20:00:21.380,1.65749,1.65759,1.00,1.25
2014.08.27 20:00:21.899,1.6575,1.65759,1.00,1.25
2014.08.27 20:00:22.203,1.65752,1.6576,1.00,1.00
2014.08.27 20:00:22.254,1.65752,1.65762,1.25,1.00
2014.08.27 20:00:22.760,1.65753,1.65763,1.25,1.25
2014.08.27 20:00:23.267,1.65754,1.65764,1.20,1.19
2014.08.27 20:00:23.773,1.65754,1.65765,1.84,1.19
2014.08.27 20:00:24.486,1.65754,1.65765,1.20,1.25
2014.08.27 20:00:28.498,1.65754,1.65765,1.84,1.19
2014.08.27 20:00:30.021,1.65756,1.65765,1.00,1.19
2014.08.27 20:00:30.567,1.65756,1.65765,1.00,1.25
2014.08.27 20:00:32.858,1.65755,1.65764,1.00,1.00
2014.08.27 20:00:53.780,1.65754,1.65763,1.10,1.00
2014.08.27 20:01:06.202,1.65754,1.65765,1.50,1.69
2014.08.27 20:01:07.380,1.65754,1.65765,2.44,1.69
2014.08.27 20:01:07.886,1.65754,1.65763,2.44,1.00
2014.08.27 20:01:08.922,1.65754,1.65765,1.69,2.44
2014.08.27 20:01:10.821,1.65755,1.65764,1.00,1.25
2014.08.27 20:01:12.400,1.65754,1.65764,1.25,1.25
2014.08.27 20:01:13.784,1.65754,1.65763,1.00,1.00
2014.08.27 20:01:19.900,1.65755,1.65764,1.00,1.69
2014.08.27 20:01:21.224,1.65753,1.65764,3.27,1.69
2014.08.27 20:01:27.787,1.65753,1.65764,1.77,1.50
2014.08.27 20:01:28.978,1.65753,1.65764,2.52,1.69
2014.08.27 20:01:30.149,1.65755,1.65764,1.00,1.25
2014.08.27 20:01:30.656,1.65754,1.65763,1.00,1.00
2014.08.27 20:01:39.522,1.65754,1.65764,1.00,1.00
2014.08.27 20:01:40.072,1.65754,1.65765,1.50,1.69
2014.08.27 20:01:40.599,1.65754,1.65765,1.69,2.44
2014.08.27 20:01:42.209,1.65754,1.65765,2.52,1.50
2014.08.27 20:01:42.260,1.65758,1.65766,1.00,1.00
2014.08.27 20:01:42.766,1.65758,1.65767,1.00,1.25
2014.08.27 20:01:46.709,1.65758,1.65767,3.19,1.00
2014.08.27 20:01:47.628,1.65758,1.65767,1.25,1.00
2014.08.27 20:01:51.876,1.65759,1.65768,1.00,1.25
2014.08.27 20:01:54.071,1.65758,1.65769,1.08,1.69
2014.08.27 20:01:56.656,1.65758,1.65769,1.77,1.69
2014.08.27 20:01:57.672,1.65758,1.65769,1.33,1.50
2014.08.27 20:02:00.474,1.6576,1.65769,1.00,1.50
2014.08.27 20:02:01.658,1.65759,1.65768,2.52,1.00
2014.08.27 20:02:13.200,1.65757,1.65768,1.84,1.50
2014.08.27 20:02:13.504,1.65757,1.65766,1.00,1.00
2014.08.27 20:02:17.152,1.65757,1.65764,1.00,1.00
2014.08.27 20:02:20.989,1.65756,1.65764,1.10,1.00
2014.08.27 20:02:21.529,1.65755,1.65764,1.25,1.00
2014.08.27 20:02:26.920,1.65755,1.65766,1.00,1.69
2014.08.27 20:02:27.831,1.65755,1.65766,1.77,1.69
2014.08.27 20:02:28.641,1.65755,1.65766,1.00,2.44
2014.08.27 20:02:28.793,1.65755,1.65762,1.00,1.00
2014.08.27 20:02:29.328,1.65754,1.65762,1.69,1.00
2014.08.27 20:02:29.854,1.65754,1.65763,1.50,1.00
2014.08.27 20:02:36.954,1.65754,1.65763,2.44,1.00
2014.08.27 20:02:38.460,1.65754,1.65763,1.69,1.00
2014.08.27 20:02:39.724,1.65754,1.65763,2.44,1.00
2014.08.27 20:02:44.951,1.65754,1.65763,1.50,1.00
2014.08.27 20:02:47.051,1.65754,1.65762,1.50,1.00
2014.08.27 20:02:48.271,1.65756,1.65762,1.00,1.00
2014.08.27 20:02:50.357,1.65755,1.65762,1.00,1.00
2014.08.27 20:02:55.160,1.65753,1.65762,1.77,1.00
2014.08.27 20:02:55.667,1.65753,1.65762,2.52,1.00
2014.08.27 20:02:56.236,1.65755,1.65762,1.00,1.00
2014.08.27 20:02:59.065,1.65753,1.65758,1.58,1.00
2014.08.27 20:02:59.573,1.65752,1.65757,1.00,1.00
2014.08.27 20:03:29.222,1.65751,1.65757,1.02,1.00
2014.08.27 20:03:42.470,1.65751,1.65757,1.77,1.00
2014.08.27 20:03:44.773,1.6575,1.65757,1.18,1.00
2014.08.27 20:03:45.179,1.65749,1.65757,1.58,1.00
2014.08.27 20:03:45.432,1.65751,1.65757,1.00,1.50
2014.08.27 20:03:52.365,1.6575,1.65757,1.00,1.00
2014.08.27 20:03:52.670,1.65748,1.65757,1.00,2.44
2014.08.27 20:03:53.218,1.65747,1.65756,1.50,1.00
2014.08.27 20:03:54.649,1.65746,1.65756,1.50,1.00
2014.08.27 20:03:58.338,1.65747,1.65756,1.00,1.69
2014.08.27 20:03:58.541,1.65746,1.65753,1.25,1.00
2014.08.27 20:03:58.693,1.65743,1.65753,4.32,1.00
2014.08.27 20:03:59.506,1.65743,1.65753,2.07,1.25
2014.08.27 20:04:00.012,1.65743,1.65752,1.25,1.00
2014.08.27 20:04:00.570,1.65741,1.65752,2.52,1.69
2014.08.27 20:04:01.583,1.6574,1.65753,1.27,2.44
2014.08.27 20:04:02.919,1.6574,1.65752,1.77,1.19
2014.08.27 20:04:03.761,1.65742,1.65751,1.00,1.25
2014.08.27 20:04:04.583,1.65741,1.6575,1.02,1.00
2014.08.27 20:04:25.780,1.65742,1.65751,1.00,1.50
2014.08.27 20:04:32.288,1.65741,1.6575,1.69,1.00
2014.08.27 20:04:43.632,1.6574,1.6575,2.52,1.25
2014.08.27 20:04:47.095,1.65739,1.65751,1.17,1.32
2014.08.27 20:04:47.399,1.65738,1.65749,1.39,1.25
2014.08.27 20:04:48.714,1.65738,1.6575,1.39,1.25
2014.08.27 20:04:49.255,1.65739,1.6575,1.00,1.25
2014.08.27 20:04:51.213,1.65739,1.6575,1.25,1.19
2014.08.27 20:04:52.186,1.65739,1.6575,2.59,1.69
2014.08.27 20:04:53.514,1.65739,1.6575,2.78,2.44
2014.08.27 20:04:54.131,1.6574,1.65749,1.25,1.00
2014.08.27 20:05:03.159,1.65741,1.6575,1.00,2.44
2014.08.27 20:05:07.537,1.65741,1.6575,1.00,1.25
2014.08.27 20:05:19.169,1.6574,1.65749,2.10,1.00
2014.08.27 20:05:23.569,1.65742,1.65749,1.00,1.00
2014.08.27 20:05:23.671,1.65742,1.65751,1.00,3.19
2014.08.27 20:05:24.177,1.65739,1.6575,1.69,1.00
2014.08.27 20:05:24.986,1.65739,1.6575,2.03,1.25
2014.08.27 20:05:31.884,1.65739,1.6575,2.03,1.00
2014.08.27 20:05:32.036,1.65743,1.6575,1.00,1.00
2014.08.27 20:05:32.544,1.65743,1.65751,1.00,1.00
2014.08.27 20:05:34.336,1.65743,1.65748,1.25,1.00
2014.08.27 20:05:35.525,1.65743,1.65749,1.00,1.00
2014.08.27 20:05:42.069,1.65742,1.65749,1.69,1.00
2014.08.27 20:05:42.575,1.65742,1.65748,1.69,1.00
2014.08.27 20:05:43.402,1.65742,1.65748,1.25,1.00
2014.08.27 20:05:43.807,1.65744,1.65748,1.00,1.00
2014.08.27 20:05:44.530,1.65744,1.65749,1.00,1.00
2014.08.27 20:05:48.123,1.65743,1.65749,1.00,1.00
2014.08.27 20:05:54.952,1.65743,1.6575,1.00,1.50
2014.08.27 20:05:57.938,1.65743,1.65751,1.00,1.00
2014.08.27 20:06:11.123,1.65742,1.65751,1.25,1.00
2014.08.27 20:06:13.833,1.65743,1.65751,1.00,1.00
2014.08.27 20:06:19.784,1.65743,1.65752,1.69,1.00
2014.08.27 20:06:35.095,1.65743,1.65751,1.25,1.00
2014.08.27 20:06:35.710,1.65743,1.65749,1.00,1.00
2014.08.27 20:06:38.610,1.65743,1.6575,1.00,1.00
2014.08.27 20:06:39.528,1.65743,1.65751,1.69,1.00
2014.08.27 20:06:40.034,1.65743,1.65753,1.69,1.58
2014.08.27 20:06:40.539,1.65744,1.65753,1.19,1.50
2014.08.27 20:06:44.101,1.65744,1.65752,1.69,1.00
2014.08.27 20:06:44.152,1.65743,1.65752,1.25,1.50
2014.08.27 20:06:44.660,1.65742,1.65751,1.25,1.00
2014.08.27 20:06:45.446,1.65743,1.65752,1.00,2.44
2014.08.27 20:06:47.957,1.65742,1.65751,1.25,1.00
2014.08.27 20:06:50.335,1.65743,1.65751,1.19,1.00
2014.08.27 20:06:50.986,1.65743,1.65752,1.69,1.00
2014.08.27 20:06:53.354,1.65743,1.65752,1.25,1.00
2014.08.27 20:06:54.476,1.65742,1.65752,1.25,1.50
2014.08.27 20:06:56.797,1.65743,1.65752,1.00,1.00
2014.08.27 20:07:04.805,1.65742,1.65751,1.69,1.00
2014.08.27 20:07:06.259,1.65742,1.65751,1.69,1.00
2014.08.27 20:07:08.693,1.65742,1.65751,2.44,1.00
2014.08.27 20:07:15.614,1.6574,1.65746,1.10,1.00
2014.08.27 20:07:15.818,1.65733,1.65742,1.00,1.00
2014.08.27 20:07:15.972,1.65733,1.65744,1.69,1.69
2014.08.27 20:07:16.175,1.65733,1.65744,2.52,1.69
2014.08.27 20:07:16.884,1.65735,1.65746,1.58,1.69
2014.08.27 20:07:19.014,1.65734,1.65745,1.08,1.00
2014.08.27 20:07:19.318,1.65734,1.65743,1.08,1.00
2014.08.27 20:07:19.860,1.65735,1.65744,1.10,1.00
2014.08.27 20:07:21.416,1.65736,1.65745,1.00,2.44
2014.08.27 20:07:21.721,1.65738,1.65745,1.50,1.00
2014.08.27 20:07:21.772,1.65738,1.65747,1.50,1.00
2014.08.27 20:07:25.437,1.65741,1.65749,1.00,1.50
2014.08.27 20:07:25.741,1.65732,1.65742,2.52,1.00
2014.08.27 20:07:25.842,1.65733,1.65742,1.19,1.00
2014.08.27 20:07:25.994,1.65737,1.65746,1.00,1.50
2014.08.27 20:07:28.239,1.65737,1.65747,1.10,1.00
2014.08.27 20:07:28.749,1.65738,1.65747,1.00,1.00
2014.08.27 20:07:29.530,1.65737,1.65746,2.33,1.00
2014.08.27 20:07:29.631,1.65734,1.65742,2.52,1.00
2014.08.27 20:07:30.946,1.65732,1.65742,1.77,1.00
2014.08.27 20:07:39.023,1.65734,1.65742,1.00,1.00
2014.08.27 20:07:39.277,1.65738,1.65747,1.00,1.69
2014.08.27 20:07:39.936,1.65738,1.65748,1.00,2.25
2014.08.27 20:07:42.763,1.65738,1.65747,1.58,1.00
2014.08.27 20:07:43.270,1.65739,1.65748,1.00,1.50
2014.08.27 20:07:47.076,1.6574,1.65749,1.00,1.00
2014.08.27 20:07:47.127,1.65743,1.65749,1.00,1.00
2014.08.27 20:07:47.633,1.65743,1.6575,1.00,1.25
2014.08.27 20:07:52.494,1.65743,1.65752,1.00,2.70
2014.08.27 20:07:53.823,1.65741,1.65752,3.19,1.77
2014.08.27 20:07:54.793,1.65741,1.65752,1.69,2.52
2014.08.27 20:07:55.657,1.65741,1.6575,1.69,1.00
2014.08.27 20:07:55.910,1.65742,1.65752,1.00,1.58
2014.08.27 20:07:56.416,1.65742,1.65751,1.00,1.69
2014.08.27 20:07:58.933,1.6574,1.6575,1.00,1.00
2014.08.27 20:07:59.457,1.65739,1.65749,1.69,1.00
2014.08.27 20:08:01.044,1.65739,1.6575,1.50,1.69
2014.08.27 20:08:01.568,1.65741,1.6575,1.00,2.44
2014.08.27 20:08:10.122,1.65741,1.6575,1.00,1.25
2014.08.27 20:08:10.924,1.65739,1.65748,1.00,1.00
2014.08.27 20:08:11.383,1.65739,1.65746,1.00,1.00
2014.08.27 20:08:11.892,1.65739,1.65747,1.00,1.00
2014.08.27 20:08:15.035,1.6574,1.65747,1.00,1.00
2014.08.27 20:08:16.504,1.65741,1.65747,1.00,1.00
2014.08.27 20:08:16.757,1.65741,1.6575,1.00,2.82
2014.08.27 20:08:18.555,1.65741,1.6575,1.00,2.07
2014.08.27 20:08:22.420,1.6574,1.65749,1.50,1.00
2014.08.27 20:08:23.006,1.65741,1.6575,1.00,2.44
2014.08.27 20:08:33.253,1.6574,1.65749,1.00,1.69
2014.08.27 20:08:47.893,1.6574,1.65749,1.00,2.44
2014.08.27 20:08:49.122,1.6574,1.65749,1.00,1.50
2014.08.27 20:08:58.049,1.65739,1.65748,1.00,1.00
2014.08.27 20:08:59.363,1.6574,1.65749,1.00,1.00
2014.08.27 20:09:02.906,1.65738,1.65749,3.57,1.69
2014.08.27 20:09:09.563,1.65738,1.65749,2.82,1.50
2014.08.27 20:09:15.770,1.65738,1.65749,3.57,1.69
2014.08.27 20:09:18.161,1.65738,1.65749,2.44,1.50
2014.08.27 20:09:18.490,1.6574,1.65749,1.00,1.50
2014.08.27 20:09:32.226,1.6574,1.65751,1.00,2.82
2014.08.27 20:09:32.855,1.6574,1.65751,1.50,2.07
2014.08.27 20:09:33.894,1.6574,1.6575,1.00,1.00
2014.08.27 20:09:34.425,1.6574,1.65749,1.00,1.00
2014.08.27 20:09:36.476,1.65739,1.65749,1.02,1.25
2014.08.27 20:09:42.014,1.65738,1.65749,2.22,2.44
2014.08.27 20:09:42.844,1.6574,1.65749,1.00,1.69
2014.08.27 20:09:43.802,1.6574,1.65749,1.00,1.00
2014.08.27 20:09:47.250,1.65738,1.65749,2.22,1.00
2014.08.27 20:09:49.292,1.65739,1.6575,1.58,1.69
2014.08.27 20:09:49.798,1.65738,1.65749,1.47,1.00
2014.08.27 20:10:01.215,1.6574,1.65749,1.00,1.00
2014.08.27 20:10:09.452,1.6574,1.65749,1.69,1.00
2014.08.27 20:10:10.754,1.6574,1.65749,1.00,1.00
2014.08.27 20:10:45.876,1.65739,1.65748,1.25,1.00
2014.08.27 20:10:52.002,1.6574,1.65749,1.00,1.25
2014.08.27 20:10:54.096,1.65739,1.65748,1.25,1.00
2014.08.27 20:10:54.705,1.6574,1.65749,1.00,1.25
2014.08.27 20:11:08.030,1.65739,1.65748,1.50,1.00
2014.08.27 20:11:09.722,1.65738,1.65748,1.10,1.50
2014.08.27 20:11:11.572,1.65737,1.65748,2.07,1.50
2014.08.27 20:11:26.591,1.65737,1.65748,2.07,2.44
2014.08.27 20:11:27.794,1.65737,1.65748,2.82,1.69
2014.08.27 20:11:38.136,1.65738,1.65747,1.32,1.00
2014.08.27 20:11:40.952,1.65739,1.65748,1.00,1.25
2014.08.27 20:11:50.558,1.65739,1.6575,1.00,2.14
2014.08.27 20:11:51.064,1.6574,1.65749,1.00,1.25
2014.08.27 20:12:19.310,1.65739,1.6575,1.25,1.69
2014.08.27 20:12:30.598,1.6574,1.6575,1.00,1.19
2014.08.27 20:12:30.806,1.6574,1.65751,1.00,1.25
2014.08.27 20:12:34.312,1.6574,1.65751,1.25,1.69
2014.08.27 20:12:36.529,1.6574,1.65751,1.00,1.25
2014.08.27 20:12:40.652,1.65742,1.65751,1.50,1.00
2014.08.27 20:12:41.159,1.65743,1.65753,1.00,1.19
2014.08.27 20:12:41.777,1.65743,1.65754,1.00,1.69
2014.08.27 20:12:42.284,1.65743,1.65754,1.69,1.25
2014.08.27 20:12:43.766,1.65743,1.65754,1.25,1.69
2014.08.27 20:12:48.313,1.65745,1.65754,1.00,1.69
2014.08.27 20:12:50.319,1.65744,1.65753,1.50,1.25
2014.08.27 20:13:00.550,1.65749,1.65754,1.00,1.00
2014.08.27 20:13:00.601,1.65749,1.65758,1.50,2.33
2014.08.27 20:13:00.702,1.65751,1.65758,1.00,1.50
2014.08.27 20:13:00.905,1.65753,1.65762,1.00,1.50
2014.08.27 20:13:01.260,1.65755,1.65764,1.00,2.44
2014.08.27 20:13:01.975,1.65755,1.65764,1.00,1.25
2014.08.27 20:13:05.090,1.65754,1.65765,1.69,2.44
2014.08.27 20:13:09.357,1.65755,1.65765,1.00,1.69
2014.08.27 20:13:09.870,1.65754,1.65765,1.69,1.69
2014.08.27 20:13:10.379,1.65754,1.65765,1.69,1.00
2014.08.27 20:13:10.914,1.65755,1.65766,1.50,2.44
2014.08.27 20:13:11.987,1.65755,1.65765,1.50,1.19
2014.08.27 20:13:15.555,1.65755,1.65764,1.00,1.63
2014.08.27 20:13:15.808,1.65746,1.65757,1.50,1.95
2014.08.27 20:13:15.910,1.65748,1.65757,1.00,1.77
2014.08.27 20:13:16.113,1.65746,1.65757,1.69,2.44
2014.08.27 20:13:17.040,1.65746,1.65757,1.69,2.25
2014.08.27 20:13:19.815,1.65746,1.65757,1.69,2.44
2014.08.27 20:13:21.740,1.65746,1.65757,2.44,2.44
2014.08.27 20:13:24.321,1.65746,1.65757,1.69,3.19
2014.08.27 20:13:26.600,1.65748,1.65757,1.00,3.19
2014.08.27 20:13:27.916,1.65748,1.65757,1.50,1.25
2014.08.27 20:13:34.398,1.65749,1.65757,1.00,1.25
2014.08.27 20:13:34.905,1.65748,1.65757,1.50,1.25
2014.08.27 20:13:38.387,1.65749,1.65757,1.00,1.00
2014.08.27 20:13:42.261,1.65748,1.65757,2.25,1.00
2014.08.27 20:13:44.887,1.6575,1.65757,1.00,1.00
2014.08.27 20:13:45.448,1.65749,1.65757,1.00,1.00
2014.08.27 20:13:48.084,1.65748,1.65757,1.50,1.00
2014.08.27 20:13:53.145,1.65749,1.65757,1.00,1.00
2014.08.27 20:13:55.100,1.65749,1.65758,1.00,1.00
2014.08.27 20:13:55.252,1.6575,1.65761,1.50,1.69
2014.08.27 20:13:56.396,1.6575,1.65761,1.50,1.69
2014.08.27 20:13:59.981,1.65753,1.65762,1.00,1.58
2014.08.27 20:14:00.488,1.65754,1.65762,1.00,1.00
2014.08.27 20:14:01.468,1.65753,1.65762,1.50,1.50
2014.08.27 20:14:02.162,1.65755,1.65762,1.00,1.00
2014.08.27 20:14:02.490,1.65753,1.65762,1.50,1.00
2014.08.27 20:14:03.005,1.65752,1.65761,2.25,1.00
2014.08.27 20:14:03.157,1.65754,1.65762,1.00,1.00
2014.08.27 20:14:04.580,1.65752,1.65761,1.00,1.00
2014.08.27 20:14:10.578,1.65753,1.65762,1.00,1.69
2014.08.27 20:14:11.085,1.65754,1.65762,1.00,1.00
2014.08.27 20:14:12.089,1.65753,1.65761,1.00,1.00
2014.08.27 20:14:12.595,1.65751,1.6576,1.69,1.00
2014.08.27 20:14:13.102,1.65751,1.6576,1.69,1.00
2014.08.27 20:14:13.153,1.65753,1.6576,1.00,1.00
2014.08.27 20:14:13.672,1.65753,1.65761,1.00,1.00
2014.08.27 20:14:14.178,1.65753,1.65762,1.50,1.50
2014.08.27 20:14:14.728,1.65753,1.65764,2.25,1.69
2014.08.27 20:14:15.257,1.65753,1.65764,3.19,1.69
2014.08.27 20:14:23.304,1.65753,1.65762,3.19,1.00
2014.08.27 20:14:23.817,1.65753,1.65763,1.69,1.00
2014.08.27 20:14:24.583,1.65753,1.65763,1.25,1.00
2014.08.27 20:14:25.569,1.65753,1.65763,1.69,1.00
2014.08.27 20:14:28.909,1.65753,1.65763,1.69,1.00
2014.08.27 20:14:38.548,1.65754,1.65763,1.00,1.00
2014.08.27 20:14:40.701,1.65755,1.65763,1.25,1.00
2014.08.27 20:14:41.229,1.65755,1.65764,1.69,1.00
2014.08.27 20:14:42.426,1.65755,1.65763,1.25,1.00
2014.08.27 20:14:45.836,1.65754,1.65763,1.25,1.00
2014.08.27 20:14:47.922,1.65755,1.65763,1.25,1.00
2014.08.27 20:14:48.916,1.65754,1.65763,1.25,1.00
2014.08.27 20:14:49.873,1.65755,1.65764,1.00,1.00
2014.08.27 20:14:55.373,1.65755,1.65764,1.69,1.00
2014.08.27 20:14:57.287,1.65755,1.65765,1.19,1.50
2014.08.27 20:15:01.098,1.65756,1.65764,1.25,1.00
2014.08.27 20:15:01.608,1.65755,1.65765,1.19,1.50
2014.08.27 20:15:02.135,1.65754,1.65765,1.69,1.69
2014.08.27 20:15:03.147,1.65754,1.65765,1.25,1.00
2014.08.27 20:15:04.192,1.65756,1.65765,1.00,1.25
2014.08.27 20:15:07.715,1.65755,1.65766,1.00,1.19
2014.08.27 20:15:11.014,1.65756,1.65765,1.00,1.25
2014.08.27 20:15:13.619,1.65755,1.65764,1.25,1.00
2014.08.27 20:15:22.028,1.65756,1.65765,1.00,1.50
2014.08.27 20:15:22.692,1.65755,1.65764,1.00,1.00
2014.08.27 20:15:24.835,1.65756,1.65765,1.25,1.50
2014.08.27 20:15:34.849,1.65756,1.65767,1.69,3.19
2014.08.27 20:15:35.366,1.65756,1.65767,1.50,2.44
2014.08.27 20:15:35.822,1.65756,1.65765,1.00,1.00
2014.08.27 20:16:04.259,1.65755,1.65766,1.69,1.19
2014.08.27 20:16:04.788,1.65755,1.65766,2.44,1.69
2014.08.27 20:16:08.297,1.65755,1.65766,1.69,1.50
2014.08.27 20:16:10.713,1.65756,1.65766,1.25,1.69
2014.08.27 20:16:12.106,1.65755,1.65766,2.44,1.50
2014.08.27 20:16:13.479,1.65755,1.65766,2.44,1.69
2014.08.27 20:16:32.773,1.65756,1.65765,1.25,1.00
2014.08.27 20:16:33.379,1.65755,1.65766,1.19,1.25
2014.08.27 20:16:36.377,1.65756,1.65765,1.25,1.00
2014.08.27 20:16:38.430,1.65756,1.65766,1.69,1.25
2014.08.27 20:16:38.936,1.65757,1.65766,1.00,1.25
2014.08.27 20:16:40.429,1.65756,1.65765,1.69,1.00
2014.08.27 20:16:51.161,1.65756,1.65765,2.52,1.00
2014.08.27 20:16:51.263,1.65758,1.65767,1.00,1.00
2014.08.27 20:16:51.314,1.65758,1.65769,1.00,2.25
2014.08.27 20:16:51.517,1.6576,1.65769,1.00,1.25
2014.08.27 20:16:52.023,1.65759,1.65768,1.69,1.00
2014.08.27 20:16:52.529,1.6576,1.65769,1.00,1.25
2014.08.27 20:16:59.626,1.65759,1.65768,1.69,1.00
2014.08.27 20:17:01.624,1.65759,1.65769,1.00,1.00
2014.08.27 20:17:01.928,1.65758,1.65767,1.02,1.00
2014.08.27 20:17:02.471,1.65758,1.65767,1.77,1.00
2014.08.27 20:17:03.657,1.65758,1.65767,1.00,1.00
2014.08.27 20:17:22.689,1.65758,1.65767,1.69,1.00
2014.08.27 20:17:23.699,1.65758,1.65767,1.25,1.00
2014.08.27 20:17:24.275,1.65758,1.65768,1.25,1.00
2014.08.27 20:17:24.783,1.65758,1.65769,1.69,1.58
2014.08.27 20:17:26.348,1.65759,1.65768,1.00,1.00
2014.08.27 20:17:27.948,1.65758,1.65768,1.25,1.00
2014.08.27 20:17:28.839,1.65758,1.65768,1.69,1.00
2014.08.27 20:17:32.388,1.65758,1.65769,1.69,1.77
2014.08.27 20:17:32.998,1.65758,1.65767,2.44,1.00
2014.08.27 20:17:33.505,1.65758,1.65767,1.69,1.00
2014.08.27 20:18:00.993,1.65757,1.65768,1.69,1.50
2014.08.27 20:18:01.676,1.65757,1.65767,1.25,1.00
2014.08.27 20:18:02.290,1.65756,1.65766,1.19,1.50
2014.08.27 20:18:03.008,1.65755,1.65766,2.44,1.50
2014.08.27 20:18:15.233,1.65756,1.65766,1.19,1.00
2014.08.27 20:18:17.617,1.65756,1.65766,1.25,1.25
2014.08.27 20:18:20.016,1.65756,1.65766,1.19,1.00
2014.08.27 20:18:22.658,1.65756,1.65765,1.69,1.00
2014.08.27 20:18:26.547,1.65758,1.65767,1.00,1.69
2014.08.27 20:18:29.180,1.65757,1.65766,1.50,1.00
2014.08.27 20:18:40.321,1.65758,1.65766,1.00,1.00
2014.08.27 20:18:40.828,1.65758,1.65767,1.50,1.00
2014.08.27 20:18:41.349,1.65757,1.65766,1.69,1.00
2014.08.27 20:18:41.451,1.65758,1.65768,1.00,1.50
2014.08.27 20:18:42.479,1.65758,1.65768,1.69,1.50
2014.08.27 20:18:43.431,1.65758,1.65768,1.25,1.50
2014.08.27 20:18:45.834,1.65758,1.65768,1.69,1.50
2014.08.27 20:18:48.046,1.65759,1.65768,1.19,1.50
2014.08.27 20:18:50.163,1.65759,1.65769,1.19,1.50
2014.08.27 20:18:50.315,1.65759,1.65767,1.19,1.00
2014.08.27 20:18:50.366,1.65758,1.65767,1.00,1.50
2014.08.27 20:18:56.282,1.65757,1.65767,1.69,1.50
2014.08.27 20:19:00.056,1.65757,1.65767,1.69,1.50
2014.08.27 20:19:10.179,1.65758,1.65767,1.00,2.44
2014.08.27 20:19:13.785,1.65758,1.65766,1.00,1.19
2014.08.27 20:19:15.328,1.65758,1.65767,1.00,1.69
2014.08.27 20:19:17.403,1.65757,1.65767,1.50,1.69
2014.08.27 20:19:17.910,1.65758,1.65767,1.00,1.69
2014.08.27 20:19:19.932,1.65758,1.65767,1.00,2.44
2014.08.27 20:19:20.440,1.65758,1.65767,1.00,1.50
2014.08.27 20:19:26.557,1.65758,1.65767,1.50,1.69
2014.08.27 20:19:30.665,1.65758,1.65767,1.50,1.25
2014.08.27 20:19:32.737,1.65758,1.65767,1.50,1.69
2014.08.27 20:19:35.135,1.65758,1.65767,1.50,1.25
2014.08.27 20:19:36.329,1.65758,1.65767,1.50,1.69
2014.08.27 20:19:37.140,1.65758,1.65767,1.69,1.00
2014.08.27 20:19:45.447,1.65759,1.65767,1.00,1.00
2014.08.27 20:19:45.498,1.65761,1.6577,1.00,2.44
2014.08.27 20:19:46.926,1.65761,1.65769,1.00,1.00
2014.08.27 20:19:46.977,1.65759,1.65769,1.25,1.50
2014.08.27 20:19:47.078,1.65761,1.6577,1.00,1.10
2014.08.27 20:19:48.612,1.6576,1.6577,1.50,1.50
2014.08.27 20:19:49.144,1.65759,1.6577,2.44,1.19
2014.08.27 20:19:49.704,1.6576,1.65769,1.00,1.00
2014.08.27 20:19:50.217,1.65758,1.65767,1.69,1.00
2014.08.27 20:19:50.521,1.65763,1.65768,1.00,1.00
2014.08.27 20:20:08.943,1.65763,1.65767,1.00,1.00
2014.08.27 20:20:14.212,1.65763,1.65768,1.00,1.00
2014.08.27 20:20:20.313,1.6576,1.65768,1.19,1.00
2014.08.27 20:20:20.466,1.65758,1.65767,1.69,1.00
2014.08.27 20:20:25.669,1.65758,1.65767,1.69,1.00
2014.08.27 20:20:59.041,1.65758,1.65766,1.69,1.00
2014.08.27 20:20:59.092,1.65758,1.65764,1.25,1.00
2014.08.27 20:20:59.194,1.65754,1.65762,1.69,1.00
2014.08.27 20:20:59.700,1.65753,1.65763,3.19,1.00
2014.08.27 20:21:06.095,1.65753,1.65763,2.44,1.00
2014.08.27 20:21:07.536,1.65753,1.65763,3.19,1.00
2014.08.27 20:21:08.499,1.65753,1.65763,3.19,1.00
2014.08.27 20:21:10.795,1.65753,1.65764,2.44,2.44
2014.08.27 20:21:12.386,1.65753,1.65763,1.19,1.50
2014.08.27 20:21:12.919,1.65753,1.65762,1.69,1.00
2014.08.27 20:21:13.525,1.65754,1.65763,1.25,1.50
2014.08.27 20:21:20.319,1.65754,1.65763,1.69,1.00
2014.08.27 20:21:24.091,1.65753,1.65762,1.69,1.00
2014.08.27 20:21:24.611,1.65753,1.65761,1.69,1.00
2014.08.27 20:21:25.157,1.65753,1.65761,1.69,1.00
2014.08.27 20:21:31.159,1.65754,1.65761,1.19,1.00
2014.08.27 20:21:39.166,1.65753,1.65761,2.44,1.00
2014.08.27 20:21:41.573,1.65754,1.65761,1.19,1.00
2014.08.27 20:21:47.650,1.65754,1.65765,1.69,1.50
2014.08.27 20:21:48.156,1.65755,1.65766,1.69,1.50
2014.08.27 20:21:49.069,1.65756,1.65766,1.19,1.50
2014.08.27 20:21:55.883,1.65756,1.65766,2.44,1.50
2014.08.27 20:21:57.013,1.65756,1.65766,2.44,1.50
2014.08.27 20:21:57.528,1.65756,1.65767,3.19,1.00
2014.08.27 20:21:58.389,1.65757,1.65766,1.25,1.00
2014.08.27 20:22:01.493,1.65757,1.65766,1.69,1.00
2014.08.27 20:22:04.616,1.65757,1.65766,1.25,1.00
2014.08.27 20:22:05.708,1.65757,1.65766,1.19,1.00
2014.08.27 20:22:09.756,1.65757,1.65766,1.25,1.00
2014.08.27 20:22:13.048,1.65757,1.65766,1.69,1.00
2014.08.27 20:22:14.316,1.65757,1.65766,1.25,1.00
2014.08.27 20:22:17.683,1.65756,1.65765,2.44,1.00
2014.08.27 20:22:18.750,1.65756,1.65765,2.44,1.00
2014.08.27 20:22:22.253,1.65756,1.65765,2.44,1.00
2014.08.27 20:22:23.534,1.65756,1.65765,2.44,1.00
2014.08.27 20:22:24.545,1.65756,1.65765,1.69,1.00
2014.08.27 20:22:25.061,1.65757,1.65765,1.19,1.00
2014.08.27 20:22:25.759,1.65756,1.65765,2.44,1.00
2014.08.27 20:22:32.160,1.65756,1.65765,1.69,1.00
2014.08.27 20:22:33.949,1.65756,1.65765,2.44,1.00
2014.08.27 20:23:05.119,1.65756,1.65765,1.25,1.00
2014.08.27 20:23:14.647,1.65756,1.65765,1.69,1.00
2014.08.27 20:23:15.295,1.65756,1.65766,1.19,1.50
2014.08.27 20:23:33.865,1.65757,1.65767,1.19,1.00
2014.08.27 20:23:42.861,1.65757,1.65767,1.25,1.25
2014.08.27 20:23:43.417,1.65757,1.65765,1.25,1.00
2014.08.27 20:23:44.009,1.65757,1.65767,1.25,1.25
2014.08.27 20:23:48.999,1.65757,1.65766,1.25,1.00
2014.08.27 20:24:15.343,1.65758,1.65766,1.25,1.00
2014.08.27 20:24:16.417,1.65757,1.65766,1.69,1.00
2014.08.27 20:24:19.968,1.65757,1.65766,1.69,1.00
2014.08.27 20:24:23.029,1.65757,1.65766,1.25,1.00
2014.08.27 20:24:47.368,1.65757,1.65766,1.69,1.00
2014.08.27 20:24:49.283,1.65757,1.65766,1.00,1.00
2014.08.27 20:24:51.906,1.65757,1.65768,1.50,1.69
2014.08.27 20:24:53.871,1.65759,1.65768,1.00,1.50
2014.08.27 20:24:54.830,1.65759,1.65768,2.44,1.00
2014.08.27 20:24:55.336,1.65759,1.65769,1.69,1.00
2014.08.27 20:24:59.098,1.65759,1.65768,1.69,1.00
2014.08.27 20:25:00.090,1.65759,1.65768,1.69,1.00
2014.08.27 20:25:00.764,1.65761,1.65768,1.00,1.00
2014.08.27 20:25:00.815,1.65762,1.65771,1.00,1.58
2014.08.27 20:25:01.873,1.65762,1.65769,1.00,1.00
2014.08.27 20:25:02.380,1.65761,1.65769,1.69,1.00
2014.08.27 20:25:02.532,1.65763,1.65772,1.00,1.50
2014.08.27 20:25:03.053,1.65763,1.65773,1.10,1.50
2014.08.27 20:25:03.563,1.65764,1.65773,1.00,1.50
2014.08.27 20:25:04.496,1.65763,1.65772,1.10,1.00
2014.08.27 20:25:05.016,1.65764,1.65773,1.00,1.50
2014.08.27 20:25:10.709,1.65763,1.65773,2.44,1.00
2014.08.27 20:25:20.393,1.65764,1.65772,1.58,1.00
2014.08.27 20:25:31.282,1.65764,1.65772,1.02,1.00
2014.08.27 20:25:32.563,1.65765,1.65772,1.00,1.00
2014.08.27 20:25:35.871,1.65764,1.65772,1.58,1.00
2014.08.27 20:25:48.681,1.65763,1.65772,1.25,1.50
2014.08.27 20:25:49.187,1.65764,1.65772,1.00,1.00
2014.08.27 20:25:52.698,1.65763,1.65772,1.00,1.50
2014.08.27 20:25:53.204,1.65764,1.65772,1.00,1.00
2014.08.27 20:25:56.766,1.65765,1.65772,1.00,1.00
2014.08.27 20:25:57.681,1.65764,1.65772,1.02,1.00
2014.08.27 20:26:01.090,1.65764,1.65773,1.02,1.50
2014.08.27 20:26:10.668,1.65764,1.65771,1.10,1.00
2014.08.27 20:26:11.859,1.65764,1.65771,2.52,1.00
2014.08.27 20:26:12.112,1.65764,1.65773,1.02,1.00
2014.08.27 20:26:17.187,1.65763,1.65773,1.58,1.00
2014.08.27 20:26:18.859,1.65763,1.65773,2.52,1.00
2014.08.27 20:26:19.980,1.65763,1.65773,1.77,1.00
2014.08.27 20:26:28.953,1.65764,1.65773,1.25,1.00
2014.08.27 20:26:31.157,1.65763,1.65773,2.52,1.00
2014.08.27 20:26:33.761,1.65764,1.65773,1.19,1.00
2014.08.27 20:26:34.863,1.65764,1.65773,1.25,1.00
2014.08.27 20:26:38.978,1.65764,1.65773,1.19,1.00
2014.08.27 20:26:44.080,1.65764,1.65773,1.25,1.00
2014.08.27 20:26:45.509,1.65764,1.65774,1.25,1.69
2014.08.27 20:26:48.636,1.65765,1.65774,1.00,1.69
2014.08.27 20:26:52.762,1.65764,1.65773,1.25,1.00
2014.08.27 20:26:53.770,1.65764,1.65774,1.25,1.50
2014.08.27 20:26:54.074,1.65762,1.65771,1.25,1.00
2014.08.27 20:27:07.374,1.65763,1.65772,1.00,1.50
2014.08.27 20:27:18.202,1.65763,1.65774,1.50,1.50
2014.08.27 20:27:19.110,1.65763,1.65772,1.00,1.00
2014.08.27 20:27:20.913,1.65764,1.65773,1.00,1.00
2014.08.27 20:27:30.370,1.65764,1.65773,1.19,1.00
2014.08.27 20:27:33.275,1.65764,1.65773,1.25,1.00
2014.08.27 20:27:35.791,1.65765,1.65773,1.25,1.00
2014.08.27 20:27:36.303,1.65765,1.65774,1.25,1.50
2014.08.27 20:27:39.486,1.65763,1.65774,2.52,1.50
2014.08.27 20:27:40.625,1.65764,1.65774,1.19,1.50
2014.08.27 20:27:42.118,1.65764,1.65772,1.19,1.00
2014.08.27 20:27:42.523,1.65763,1.65772,1.77,1.00
2014.08.27 20:27:43.030,1.65762,1.65771,1.69,1.00
2014.08.27 20:27:48.862,1.65762,1.65772,1.25,1.50
2014.08.27 20:27:52.722,1.65761,1.65772,1.25,1.50
2014.08.27 20:27:53.734,1.6576,1.65772,2.52,1.50
2014.08.27 20:27:55.619,1.6576,1.65772,2.52,1.50
2014.08.27 20:27:55.670,1.65761,1.6577,1.25,1.00
2014.08.27 20:27:56.921,1.65763,1.6577,1.25,1.00
2014.08.27 20:27:56.972,1.65764,1.65774,1.00,1.10
2014.08.27 20:27:57.478,1.65765,1.65775,1.25,1.69
2014.08.27 20:27:59.325,1.65765,1.65774,1.25,1.00
2014.08.27 20:27:59.916,1.65765,1.65775,1.25,1.69
2014.08.27 20:28:03.759,1.65766,1.65775,1.00,1.00
2014.08.27 20:28:06.445,1.65768,1.65775,1.19,1.00
2014.08.27 20:28:06.498,1.65771,1.65778,1.50,1.58
2014.08.27 20:28:06.803,1.65769,1.65778,1.25,1.00
2014.08.27 20:28:07.310,1.65768,1.65779,1.19,1.50
2014.08.27 20:28:08.178,1.65768,1.65779,1.25,1.00
2014.08.27 20:28:10.275,1.65769,1.65779,1.19,1.00
2014.08.27 20:28:11.600,1.65769,1.65779,1.02,1.25
2014.08.27 20:28:12.129,1.6577,1.65779,1.00,1.69
2014.08.27 20:28:12.636,1.65769,1.65778,1.77,1.00
2014.08.27 20:28:14.411,1.65769,1.65779,1.02,3.94
2014.08.27 20:28:16.396,1.65768,1.65778,1.69,1.00
2014.08.27 20:28:19.919,1.65768,1.65778,1.25,1.00
2014.08.27 20:28:20.902,1.65768,1.65778,1.69,1.00
2014.08.27 20:28:24.012,1.65769,1.65777,1.25,1.00
2014.08.27 20:28:30.122,1.65768,1.65777,1.69,1.00
2014.08.27 20:28:34.367,1.65769,1.65777,1.00,1.00
2014.08.27 20:28:34.875,1.65768,1.65777,1.25,1.50
2014.08.27 20:28:35.510,1.65768,1.65777,1.69,1.50
2014.08.27 20:28:42.710,1.65768,1.65777,1.00,1.50
2014.08.27 20:28:45.385,1.65767,1.65776,1.69,1.00
2014.08.27 20:28:48.372,1.65767,1.65776,1.69,1.00
2014.08.27 20:28:49.151,1.65767,1.65777,1.69,2.25
2014.08.27 20:28:49.684,1.65767,1.65777,1.69,1.50
2014.08.27 20:28:53.914,1.65767,1.65776,1.69,1.00
2014.08.27 20:28:58.296,1.65767,1.65775,1.25,1.00
2014.08.27 20:28:58.858,1.65767,1.65776,1.25,1.50
2014.08.27 20:29:00.585,1.65768,1.65776,1.00,1.00
2014.08.27 20:29:01.565,1.65767,1.65776,1.25,1.50
2014.08.27 20:29:03.176,1.65765,1.65776,1.02,1.50
2014.08.27 20:29:07.983,1.65766,1.65776,1.00,1.00
2014.08.27 20:29:12.824,1.65766,1.65775,1.00,1.00
2014.08.27 20:29:13.431,1.65764,1.65775,1.50,1.50
2014.08.27 20:29:15.318,1.65764,1.65775,1.50,3.27
2014.08.27 20:29:20.635,1.65766,1.65775,1.00,1.29
2014.08.27 20:29:20.737,1.65764,1.65775,1.69,2.44
2014.08.27 20:29:21.507,1.65763,1.65772,2.44,1.00
2014.08.27 20:29:22.172,1.65761,1.65772,1.69,1.50
2014.08.27 20:29:30.908,1.65761,1.65772,2.44,1.69
2014.08.27 20:29:33.155,1.65762,1.65771,1.25,1.00
2014.08.27 20:29:37.686,1.65763,1.65772,1.00,1.25
2014.08.27 20:29:39.147,1.65763,1.65773,1.00,1.00
2014.08.27 20:29:39.249,1.65764,1.65774,1.69,1.50
2014.08.27 20:29:39.757,1.65766,1.65775,1.00,1.25
2014.08.27 20:29:43.359,1.65765,1.65774,1.00,1.00
2014.08.27 20:29:45.567,1.65764,1.65773,1.25,1.00
2014.08.27 20:29:47.156,1.65764,1.65773,1.69,1.00
2014.08.27 20:29:48.871,1.65764,1.65775,1.50,2.44
2014.08.27 20:29:50.897,1.65764,1.65775,2.44,2.44
2014.08.27 20:29:51.876,1.65765,1.65774,1.25,1.00
2014.08.27 20:29:52.458,1.65765,1.65775,1.25,1.25
2014.08.27 20:29:56.403,1.65765,1.65774,1.25,1.00
2014.08.27 20:29:57.484,1.65765,1.65775,1.00,1.69
2014.08.27 20:29:59.708,1.65765,1.65774,1.00,1.00
2014.08.27 20:30:00.212,1.65765,1.65775,1.00,1.00
2014.08.27 20:30:00.735,1.65766,1.65775,1.58,1.00
2014.08.27 20:30:01.090,1.65768,1.65777,1.00,3.27
2014.08.27 20:30:02.904,1.65767,1.65777,1.08,1.69
2014.08.27 20:30:03.411,1.65767,1.65776,1.08,1.00
2014.08.27 20:30:08.361,1.65767,1.65776,1.00,1.10
2014.08.27 20:30:42.315,1.65767,1.65776,1.58,1.00
2014.08.27 20:30:47.390,1.65768,1.65777,1.08,2.25
2014.08.27 20:30:51.043,1.65768,1.65776,1.08,1.00
2014.08.27 20:31:03.167,1.65767,1.65776,1.18,1.50
2014.08.27 20:31:03.918,1.65766,1.65775,2.33,1.00
2014.08.27 20:31:04.949,1.65767,1.65776,1.18,1.50
2014.08.27 20:32:01.718,1.65768,1.65777,1.10,1.00
2014.08.27 20:32:19.854,1.65769,1.65778,1.00,1.50
2014.08.27 20:32:25.149,1.65772,1.65778,1.00,1.00
2014.08.27 20:32:25.250,1.65773,1.6578,1.10,1.00
2014.08.27 20:32:25.402,1.65775,1.6578,1.00,1.00
2014.08.27 20:32:25.453,1.65775,1.65785,1.00,1.18
2014.08.27 20:32:25.554,1.65777,1.65786,1.00,1.58
2014.08.27 20:32:25.756,1.65777,1.65788,1.50,2.70
2014.08.27 20:32:26.957,1.65779,1.65788,1.00,2.33
2014.08.27 20:32:27.988,1.65778,1.65787,1.00,1.08
2014.08.27 20:32:31.374,1.65777,1.65788,1.50,1.58
2014.08.27 20:32:36.093,1.65778,1.65787,1.00,1.08
2014.08.27 20:32:39.597,1.6578,1.6579,1.00,2.25
2014.08.27 20:32:39.648,1.6578,1.65791,1.00,1.00
2014.08.27 20:32:39.903,1.6578,1.65791,1.00,1.58
2014.08.27 20:32:45.119,1.65775,1.65784,3.00,1.50
2014.08.27 20:32:45.170,1.65775,1.65784,1.00,1.50
2014.08.27 20:32:45.221,1.65774,1.65782,1.00,1.00
2014.08.27 20:32:45.737,1.65774,1.65783,1.00,1.20
2014.08.27 20:32:50.912,1.65775,1.65784,1.00,1.15
2014.08.27 20:32:51.420,1.65778,1.65787,1.50,1.15
2014.08.27 20:32:51.523,1.65779,1.65789,1.00,2.03
2014.08.27 20:32:51.624,1.65777,1.65788,1.50,1.58
2014.08.27 20:32:51.928,1.65777,1.65786,1.00,1.00
2014.08.27 20:32:53.618,1.65777,1.65788,1.50,1.58
2014.08.27 20:32:55.142,1.65777,1.65786,1.00,1.00
2014.08.27 20:32:57.426,1.65777,1.65788,1.50,1.58
2014.08.27 20:33:00.630,1.65777,1.65787,1.00,1.00
2014.08.27 20:33:00.681,1.65777,1.65787,1.00,1.50
2014.08.27 20:33:07.404,1.65777,1.65785,1.50,1.08
2014.08.27 20:33:07.506,1.65777,1.65787,1.00,1.58
2014.08.27 20:33:13.163,1.65776,1.65787,1.00,1.08
2014.08.27 20:33:19.185,1.65775,1.65786,1.58,1.58
2014.08.27 20:33:26.170,1.65776,1.65785,1.00,1.10
2014.08.27 20:33:27.941,1.65775,1.65785,1.10,1.10
2014.08.27 20:33:28.499,1.65776,1.65786,1.00,1.18
2014.08.27 20:33:28.702,1.65778,1.65788,1.00,2.33
2014.08.27 20:33:28.955,1.65779,1.65788,1.00,1.10
2014.08.27 20:33:33.136,1.65779,1.65788,1.00,2.25
2014.08.27 20:33:33.297,1.65777,1.65788,1.50,2.33
2014.08.27 20:33:38.479,1.65778,1.65787,1.00,1.65
2014.08.27 20:33:39.009,1.65778,1.65787,1.10,1.00
2014.08.27 20:33:39.971,1.65777,1.65784,1.18,1.00
2014.08.27 20:33:46.328,1.65776,1.65785,1.58,1.00
2014.08.27 20:33:58.922,1.65775,1.65784,2.25,1.00
2014.08.27 20:33:59.431,1.65775,1.65784,1.58,1.00
2014.08.27 20:34:01.821,1.65776,1.65785,1.08,1.50
2014.08.27 20:34:05.013,1.65777,1.65786,1.10,1.00
2014.08.27 20:34:07.544,1.65775,1.65786,1.50,1.20
2014.08.27 20:34:10.067,1.65775,1.65786,1.08,1.10
2014.08.27 20:34:10.647,1.65775,1.65786,2.33,1.00
2014.08.27 20:34:18.446,1.65775,1.65784,2.33,1.00
2014.08.27 20:34:18.548,1.65775,1.65784,1.10,1.00
2014.08.27 20:34:45.865,1.65773,1.65784,1.58,1.00
2014.08.27 20:34:46.395,1.65774,1.65785,1.50,1.58
2014.08.27 20:34:47.914,1.65773,1.65784,1.58,1.50
2014.08.27 20:34:49.497,1.65775,1.65784,1.00,1.50
2014.08.27 20:34:50.022,1.65774,1.65783,1.00,1.00
2014.08.27 20:34:51.489,1.65774,1.65785,1.50,1.58
2014.08.27 20:34:52.006,1.65773,1.65784,1.58,1.50
2014.08.27 20:34:54.877,1.65774,1.65784,1.00,1.50
2014.08.27 20:34:56.225,1.65775,1.65786,1.00,1.65
2014.08.27 20:34:56.747,1.65774,1.65785,1.00,1.10
2014.08.27 20:34:59.280,1.65774,1.65785,1.08,1.10
2014.08.27 20:35:15.610,1.65776,1.65786,1.00,1.08
2014.08.27 20:35:19.321,1.65776,1.65782,1.50,1.00
2014.08.27 20:35:19.941,1.65776,1.65781,1.00,1.00
2014.08.27 20:35:20.447,1.65773,1.65781,1.67,1.50
2014.08.27 20:35:23.948,1.65776,1.65781,1.00,1.50
2014.08.27 20:35:26.502,1.65773,1.65781,1.08,1.50
2014.08.27 20:35:52.555,1.65773,1.65782,1.08,1.50
2014.08.27 20:35:53.085,1.65773,1.65781,1.08,1.00
2014.08.27 20:35:59.415,1.65772,1.65781,1.00,1.50
2014.08.27 20:36:00.755,1.65774,1.65781,1.08,1.00
2014.08.27 20:36:05.153,1.65774,1.6578,1.08,1.00
2014.08.27 20:36:06.824,1.65772,1.6578,2.25,1.00
2014.08.27 20:36:08.410,1.65772,1.65781,2.33,1.50
2014.08.27 20:36:10.277,1.65772,1.6578,1.58,1.00
2014.08.27 20:36:14.026,1.65772,1.65781,1.58,1.00
2014.08.27 20:36:15.626,1.65772,1.6578,1.58,1.00
2014.08.27 20:36:17.001,1.65771,1.65779,2.25,1.00
2014.08.27 20:36:17.904,1.65771,1.65781,2.25,1.00
2014.08.27 20:36:18.448,1.65771,1.6578,2.25,1.00
2014.08.27 20:36:23.102,1.65771,1.65778,1.50,1.00
2014.08.27 20:36:23.204,1.6577,1.65779,1.88,1.10
2014.08.27 20:36:23.729,1.65769,1.65779,1.39,1.10
2014.08.27 20:36:28.792,1.65769,1.65779,1.39,1.10
2014.08.27 20:36:30.107,1.65769,1.65779,1.39,1.10
2014.08.27 20:36:36.349,1.6577,1.65779,1.00,1.10
2014.08.27 20:36:38.112,1.65768,1.65778,1.63,1.00
2014.08.27 20:36:38.213,1.65768,1.65777,1.32,1.18
2014.08.27 20:36:38.517,1.65768,1.65777,1.38,1.65
2014.08.27 20:36:38.841,1.65768,1.65774,1.00,1.00
2014.08.27 20:36:38.892,1.65766,1.65774,1.13,1.00
2014.08.27 20:36:39.399,1.65764,1.65773,1.58,1.00
2014.08.27 20:36:39.652,1.65763,1.6577,1.50,1.00
2014.08.27 20:36:39.854,1.65761,1.6577,1.15,1.00
2014.08.27 20:36:40.376,1.6576,1.65769,3.38,1.00
2014.08.27 20:36:40.936,1.6576,1.65768,2.63,1.00
2014.08.27 20:36:56.259,1.6576,1.65768,1.20,1.00
2014.08.27 20:36:56.766,1.65758,1.65767,2.25,1.00
2014.08.27 20:36:59.869,1.65759,1.65768,1.15,1.50
2014.08.27 20:36:59.971,1.65759,1.6577,1.15,1.50
2014.08.27 20:37:00.477,1.65761,1.6577,1.00,1.00
2014.08.27 20:37:01.304,1.6576,1.6577,1.20,1.00
2014.08.27 20:37:09.717,1.6576,1.65769,1.09,1.00
2014.08.27 20:37:16.107,1.6576,1.65769,1.58,1.50
2014.08.27 20:37:17.413,1.65761,1.6577,1.08,1.00
2014.08.27 20:37:19.197,1.6576,1.65771,1.58,1.00
2014.08.27 20:37:23.293,1.65759,1.6577,2.70,1.00
2014.08.27 20:37:23.800,1.65759,1.6577,1.58,1.50
2014.08.27 20:37:25.512,1.65759,1.65769,1.20,1.00
2014.08.27 20:37:31.246,1.65759,1.6577,1.20,1.50
2014.08.27 20:37:31.398,1.6576,1.65769,1.08,1.00
2014.08.27 20:37:31.652,1.65758,1.65769,1.65,1.00
2014.08.27 20:37:31.703,1.65758,1.65765,1.15,1.00
2014.08.27 20:37:31.906,1.65757,1.65768,2.25,1.50
2014.08.27 20:37:32.311,1.65757,1.65765,1.50,1.00
2014.08.27 20:37:32.413,1.65756,1.65765,1.20,1.00
2014.08.27 20:37:35.432,1.65755,1.65764,1.15,1.00
2014.08.27 20:37:37.765,1.65757,1.65764,1.00,1.00
2014.08.27 20:37:37.816,1.65758,1.65769,1.00,1.15
2014.08.27 20:37:37.968,1.65758,1.65766,1.00,1.00
2014.08.27 20:37:38.018,1.65755,1.65766,1.65,1.50
2014.08.27 20:37:38.560,1.65754,1.65764,1.69,1.00
2014.08.27 20:37:38.662,1.65753,1.65764,3.34,1.50
2014.08.27 20:37:42.464,1.65755,1.65764,1.00,1.50
2014.08.27 20:37:47.449,1.65756,1.65764,1.00,1.00
2014.08.27 20:37:47.500,1.65756,1.65767,1.50,1.65
2014.08.27 20:37:52.576,1.65756,1.65764,1.00,1.00
2014.08.27 20:37:53.083,1.65754,1.65764,1.39,1.00
2014.08.27 20:37:53.387,1.65754,1.65762,1.20,1.00
2014.08.27 20:37:56.947,1.65753,1.65763,1.84,1.00
2014.08.27 20:37:58.318,1.65756,1.65763,1.00,1.00
2014.08.27 20:37:58.369,1.65756,1.65767,1.50,1.65
2014.08.27 20:37:59.253,1.65756,1.65762,1.00,1.00
2014.08.27 20:37:59.355,1.65755,1.65764,1.00,1.50
2014.08.27 20:38:00.005,1.65755,1.65764,1.65,1.00
2014.08.27 20:38:00.271,1.65758,1.65764,1.00,1.00
2014.08.27 20:38:00.728,1.65756,1.65763,1.00,1.00
2014.08.27 20:38:08.306,1.65756,1.65762,1.00,1.00
2014.08.27 20:38:08.952,1.65756,1.65763,1.00,1.00
2014.08.27 20:38:09.463,1.65756,1.65762,1.00,1.00
2014.08.27 20:38:10.380,1.65756,1.65763,1.00,1.00
2014.08.27 20:38:12.568,1.65756,1.65764,1.00,1.50
2014.08.27 20:38:13.166,1.65756,1.65763,1.00,1.00
2014.08.27 20:38:14.779,1.65756,1.65764,1.00,1.50
2014.08.27 20:38:23.835,1.65758,1.65764,1.00,1.50
2014.08.27 20:38:25.899,1.65758,1.65763,1.00,1.00
2014.08.27 20:38:26.037,1.65755,1.65763,1.00,1.00
2014.08.27 20:38:27.230,1.65757,1.65763,1.00,1.00
2014.08.27 20:38:28.100,1.65755,1.65763,1.00,1.00
2014.08.27 20:38:28.615,1.65756,1.65763,1.00,1.00
2014.08.27 20:38:29.318,1.65755,1.65763,1.00,1.00
2014.08.27 20:38:30.438,1.65755,1.65765,1.00,1.00
2014.08.27 20:38:30.960,1.65755,1.65764,1.00,1.50
2014.08.27 20:38:31.466,1.65755,1.65765,1.00,1.50
2014.08.27 20:38:32.432,1.65755,1.65764,1.00,1.00
2014.08.27 20:38:40.494,1.65755,1.65764,2.33,1.00
2014.08.27 20:38:41.015,1.65757,1.65764,1.10,1.00
2014.08.27 20:38:42.413,1.65757,1.65765,1.10,1.00
2014.08.27 20:38:43.246,1.65757,1.65766,1.10,1.50
2014.08.27 20:38:50.550,1.65758,1.65766,1.00,1.50
2014.08.27 20:38:52.075,1.65756,1.65766,1.18,1.00
2014.08.27 20:38:52.126,1.65759,1.65767,1.10,1.00
2014.08.27 20:38:52.227,1.6576,1.65769,1.00,1.58
2014.08.27 20:38:52.733,1.65759,1.65768,1.10,1.00
2014.08.27 20:38:56.034,1.6576,1.65769,1.00,1.10
2014.08.27 20:38:57.850,1.65759,1.65769,1.10,1.10
2014.08.27 20:38:58.356,1.6576,1.6577,1.00,1.18
2014.08.27 20:38:59.901,1.65759,1.6577,1.10,1.18
2014.08.27 20:39:00.412,1.6576,1.6577,1.00,1.18
2014.08.27 20:39:00.921,1.65759,1.6577,1.58,1.18
2014.08.27 20:39:01.426,1.65759,1.6577,1.65,1.08
2014.08.27 20:39:01.528,1.65762,1.6577,1.00,1.00
2014.08.27 20:39:02.504,1.6576,1.6577,1.20,1.00
2014.08.27 20:39:02.761,1.6576,1.65768,1.20,1.00
2014.08.27 20:39:03.268,1.65759,1.65768,1.00,1.10
2014.08.27 20:39:03.985,1.65758,1.65767,1.77,1.00
2014.08.27 20:39:04.492,1.65758,1.65769,2.52,1.65
2014.08.27 20:39:06.925,1.65759,1.65769,1.00,1.65
2014.08.27 20:39:07.433,1.65759,1.65767,1.00,1.00
2014.08.27 20:39:07.977,1.6576,1.65767,1.00,1.00
2014.08.27 20:39:08.495,1.6576,1.65768,1.00,1.10
2014.08.27 20:39:08.596,1.65758,1.65768,1.58,1.10
2014.08.27 20:39:09.107,1.65758,1.65767,1.58,1.00
2014.08.27 20:39:14.968,1.65759,1.65767,1.00,1.00
2014.08.27 20:39:15.171,1.65761,1.65768,1.00,1.10
2014.08.27 20:39:15.273,1.65759,1.65768,1.50,1.10
2014.08.27 20:39:15.780,1.65758,1.65768,1.10,1.58
2014.08.27 20:39:17.561,1.65759,1.65768,1.00,1.10
2014.08.27 20:39:21.083,1.6576,1.65771,1.50,3.75
2014.08.27 20:39:21.236,1.65763,1.6577,1.00,1.58
2014.08.27 20:39:21.337,1.65761,1.6577,1.00,1.58
2014.08.27 20:39:23.225,1.65761,1.6577,1.00,1.08
2014.08.27 20:39:23.731,1.6576,1.65771,1.50,2.33
2014.08.27 20:39:26.099,1.65761,1.6577,1.00,1.08
2014.08.27 20:39:29.030,1.6576,1.65769,1.00,1.10
2014.08.27 20:39:29.559,1.65758,1.65769,1.77,1.58
2014.08.27 20:39:29.610,1.65758,1.65767,1.33,1.00
2014.08.27 20:39:30.151,1.65758,1.65768,1.08,1.00
2014.08.27 20:39:31.015,1.6576,1.65769,1.00,1.10
2014.08.27 20:39:31.709,1.65758,1.65767,1.08,1.00
2014.08.27 20:39:37.177,1.65758,1.65767,1.00,1.00
2014.08.27 20:39:38.627,1.65757,1.65766,1.00,1.00
2014.08.27 20:39:38.931,1.65757,1.65768,1.00,1.65
2014.08.27 20:39:40.083,1.65757,1.65767,1.00,1.00
2014.08.27 20:39:40.590,1.65758,1.65769,1.00,1.65
2014.08.27 20:39:40.944,1.65761,1.65769,1.00,1.15
2014.08.27 20:39:41.046,1.65759,1.6577,1.50,1.65
2014.08.27 20:39:41.789,1.6576,1.6577,1.00,1.65
2014.08.27 20:39:42.771,1.65759,1.6577,1.50,1.65
2014.08.27 20:39:44.321,1.65761,1.6577,1.00,1.65
2014.08.27 20:39:44.422,1.65759,1.6577,1.50,1.65
2014.08.27 20:39:51.828,1.6576,1.65771,1.50,1.65
2014.08.27 20:39:52.334,1.65761,1.65771,1.00,1.65
2014.08.27 20:39:52.873,1.6576,1.65771,1.50,1.65
2014.08.27 20:39:55.760,1.65762,1.65771,1.00,1.65
2014.08.27 20:40:00.711,1.65761,1.65771,1.00,1.65
2014.08.27 20:40:01.586,1.6576,1.65771,1.50,1.65
2014.08.27 20:40:02.224,1.65761,1.65771,1.00,1.65
2014.08.27 20:40:04.253,1.6576,1.65771,1.50,1.65
2014.08.27 20:40:06.137,1.65761,1.65771,1.00,1.15
2014.08.27 20:40:24.617,1.65763,1.65772,1.00,1.58
2014.08.27 20:40:25.261,1.65762,1.65771,1.00,1.08
2014.08.27 20:40:25.801,1.65763,1.65772,1.00,1.58
2014.08.27 20:40:29.204,1.65767,1.65772,1.50,1.08
2014.08.27 20:40:29.306,1.65764,1.65773,1.00,2.25
2014.08.27 20:40:29.357,1.65764,1.65773,1.00,1.10
2014.08.27 20:40:45.740,1.65762,1.65773,1.50,2.33
2014.08.27 20:40:46.146,1.65761,1.6577,1.10,1.00
2014.08.27 20:40:55.045,1.65762,1.65771,1.00,1.20
2014.08.27 20:41:17.802,1.65762,1.65773,1.10,1.00
2014.08.27 20:41:17.853,1.65764,1.65773,1.00,1.00
2014.08.27 20:41:17.954,1.65762,1.65773,1.10,1.00
2014.08.27 20:41:23.510,1.65762,1.65772,1.10,1.00
2014.08.27 20:41:24.022,1.65762,1.65771,1.10,1.00
2014.08.27 20:41:36.328,1.65763,1.65771,1.00,1.00
2014.08.27 20:41:36.734,1.65765,1.65774,1.00,1.58
2014.08.27 20:41:37.095,1.65765,1.65774,1.00,1.00
2014.08.27 20:41:38.314,1.65765,1.65774,1.00,1.08
2014.08.27 20:41:38.824,1.65764,1.65773,1.00,1.18
2014.08.27 20:41:39.375,1.65764,1.65773,1.10,1.00
2014.08.27 20:41:40.435,1.65765,1.65774,1.00,1.50
2014.08.27 20:41:40.793,1.65763,1.65772,1.00,1.10
2014.08.27 20:41:43.103,1.65762,1.65773,2.33,1.65
2014.08.27 20:41:46.998,1.65764,1.65773,1.00,1.65
2014.08.27 20:41:47.857,1.65764,1.65773,1.10,1.50
2014.08.27 20:41:48.364,1.65763,1.65772,1.00,1.00
2014.08.27 20:41:49.515,1.65762,1.65772,1.00,1.00
2014.08.27 20:41:52.622,1.65763,1.65772,1.00,1.50
2014.08.27 20:41:54.129,1.65762,1.65771,1.65,1.00
2014.08.27 20:41:55.365,1.65763,1.65772,1.65,1.00
2014.08.27 20:41:57.250,1.65764,1.65775,1.50,3.00
2014.08.27 20:41:57.757,1.65763,1.65774,1.00,1.58
2014.08.27 20:41:58.112,1.65763,1.65774,1.08,1.10
2014.08.27 20:42:00.157,1.65765,1.65774,1.00,1.10
2014.08.27 20:42:00.704,1.65766,1.65774,1.00,1.10
2014.08.27 20:42:01.566,1.65765,1.65774,1.00,1.58
2014.08.27 20:42:14.691,1.65766,1.65774,1.00,1.10
2014.08.27 20:42:17.185,1.65765,1.65774,1.00,1.10
2014.08.27 20:42:17.743,1.65764,1.65774,1.58,1.10
2014.08.27 20:42:18.295,1.65765,1.65774,1.00,1.10
2014.08.27 20:42:20.316,1.65764,1.65774,1.50,1.10
2014.08.27 20:42:21.477,1.65766,1.65774,1.00,1.10
2014.08.27 20:42:22.223,1.65764,1.65774,1.50,1.10
2014.08.27 20:42:23.191,1.65766,1.65774,1.00,1.10
2014.08.27 20:42:23.990,1.65765,1.65774,1.00,1.10
2014.08.27 20:42:24.514,1.65764,1.65774,1.50,1.10
2014.08.27 20:42:32.419,1.65763,1.65773,1.50,1.00
2014.08.27 20:43:00.967,1.65764,1.65773,1.00,1.58
2014.08.27 20:43:12.698,1.65764,1.65773,1.18,1.50
2014.08.27 20:43:33.143,1.65764,1.65773,1.20,1.00
2014.08.27 20:43:57.921,1.65763,1.65774,1.18,1.10
2014.08.27 20:44:13.923,1.65763,1.65772,1.65,1.00
2014.08.27 20:44:14.176,1.65763,1.65774,1.65,1.58
2014.08.27 20:44:28.196,1.65764,1.65773,1.10,1.00
2014.08.27 20:44:55.228,1.65764,1.65773,1.00,1.08
2014.08.27 20:45:00.212,1.65763,1.65772,1.00,1.10
2014.08.27 20:45:00.754,1.65763,1.65771,1.00,1.00
2014.08.27 20:45:03.693,1.65763,1.65772,1.00,1.58
2014.08.27 20:45:35.908,1.65763,1.65772,1.08,1.50
2014.08.27 20:45:40.056,1.65763,1.65772,1.00,1.00
2014.08.27 20:45:58.113,1.65762,1.65772,1.00,1.00
2014.08.27 20:45:58.659,1.65761,1.65772,1.10,1.00
2014.08.27 20:45:59.166,1.65761,1.65772,1.00,1.18
2014.08.27 20:46:01.314,1.6576,1.65771,1.50,1.58
2014.08.27 20:46:01.719,1.6576,1.65769,1.00,1.00
2014.08.27 20:46:01.821,1.65761,1.65771,1.50,1.58
2014.08.27 20:46:01.923,1.65761,1.6577,1.00,1.50
2014.08.27 20:46:02.125,1.65759,1.65769,1.00,1.58
2014.08.27 20:46:02.379,1.65761,1.65769,1.00,1.00
2014.08.27 20:46:02.896,1.65762,1.65771,1.00,1.58
2014.08.27 20:46:03.421,1.65761,1.65771,1.00,1.58
2014.08.27 20:46:11.550,1.65762,1.65771,1.00,1.08
2014.08.27 20:46:22.230,1.65762,1.65771,1.00,1.58
2014.08.27 20:46:25.185,1.65761,1.65771,1.00,1.58
2014.08.27 20:46:25.708,1.65762,1.65771,1.00,1.58
2014.08.27 20:46:45.163,1.65762,1.65771,1.00,1.00
2014.08.27 20:46:53.715,1.6576,1.65771,1.65,1.50
2014.08.27 20:46:54.348,1.65761,1.65772,1.00,1.58
2014.08.27 20:47:03.217,1.6576,1.65772,1.58,1.58
2014.08.27 20:47:03.764,1.65761,1.6577,1.00,1.10
2014.08.27 20:47:07.009,1.6576,1.65771,1.58,1.58
2014.08.27 20:47:27.399,1.65761,1.65772,1.00,2.33
2014.08.27 20:47:27.910,1.65762,1.65771,1.00,1.33
2014.08.27 20:47:31.446,1.65763,1.65772,1.00,3.27
2014.08.27 20:47:34.065,1.65762,1.65772,1.00,2.52
2014.08.27 20:47:34.594,1.65761,1.65771,1.00,1.27
2014.08.27 20:47:36.332,1.65761,1.65771,1.08,1.25
2014.08.27 20:47:39.811,1.65761,1.65772,1.08,1.77
2014.08.27 20:47:40.613,1.65761,1.65772,1.08,1.77
2014.08.27 20:47:45.966,1.65763,1.65771,1.00,1.25
2014.08.27 20:47:46.794,1.65761,1.65771,1.58,1.00
2014.08.27 20:47:47.932,1.65762,1.65772,1.10,1.10
2014.08.27 20:47:49.727,1.65762,1.65772,1.10,1.29
2014.08.27 20:47:51.556,1.65762,1.65772,1.10,1.10
2014.08.27 20:47:52.114,1.65762,1.65772,1.10,1.29
2014.08.27 20:47:57.382,1.65762,1.65772,1.10,1.02
2014.08.27 20:47:59.579,1.65761,1.65772,1.50,1.84
2014.08.27 20:48:01.061,1.65761,1.65772,1.50,2.59
2014.08.27 20:48:03.869,1.65761,1.65772,1.00,2.59
2014.08.27 20:48:04.197,1.65761,1.65772,1.50,2.59
2014.08.27 20:48:06.377,1.65761,1.65772,1.50,2.59
2014.08.27 20:48:06.580,1.65761,1.65773,1.10,1.19
2014.08.27 20:48:06.682,1.65761,1.65773,2.28,1.19
2014.08.27 20:48:07.297,1.65763,1.65773,2.61,1.19
2014.08.27 20:48:08.007,1.65764,1.65773,1.18,1.00
2014.08.27 20:48:10.318,1.65763,1.65772,2.33,1.00
2014.08.27 20:48:11.521,1.65762,1.65771,1.10,1.00
2014.08.27 20:48:14.265,1.65762,1.65771,1.00,1.39
2014.08.27 20:48:16.589,1.65762,1.65771,1.00,1.09
2014.08.27 20:48:28.599,1.65762,1.65771,1.00,1.39
2014.08.27 20:48:31.832,1.65762,1.65771,1.00,1.09
2014.08.27 20:48:36.353,1.65762,1.65771,1.00,1.39
2014.08.27 20:48:38.181,1.65761,1.6577,1.00,1.25
2014.08.27 20:48:43.169,1.65762,1.65771,1.00,1.39
2014.08.27 20:48:45.058,1.65761,1.65772,1.00,2.59
2014.08.27 20:48:51.986,1.65762,1.65771,1.00,1.84
2014.08.27 20:48:52.677,1.6576,1.65771,1.50,1.39
2014.08.27 20:48:53.212,1.6576,1.65771,1.50,1.77
2014.08.27 20:48:59.369,1.65759,1.65768,1.10,1.00
2014.08.27 20:48:59.562,1.65757,1.65766,1.10,1.00
2014.08.27 20:49:00.384,1.65756,1.65765,1.08,1.00
2014.08.27 20:49:00.903,1.65757,1.65766,1.10,1.00
2014.08.27 20:49:04.860,1.65756,1.65767,1.00,1.15
2014.08.27 20:49:10.803,1.65756,1.65765,1.00,1.00
2014.08.27 20:49:14.970,1.65756,1.65767,1.50,1.65
2014.08.27 20:49:15.639,1.65756,1.65765,1.50,1.00
2014.08.27 20:49:16.805,1.65755,1.65767,1.50,2.78
2014.08.27 20:49:19.000,1.65756,1.65767,1.50,1.65
2014.08.27 20:49:19.511,1.65756,1.65766,1.65,1.00
2014.08.27 20:49:24.049,1.65756,1.65765,1.18,1.00
2014.08.27 20:49:24.560,1.65757,1.65766,1.10,1.50
2014.08.27 20:49:28.807,1.65757,1.65765,1.10,1.00
2014.08.27 20:49:39.059,1.65756,1.65766,1.65,1.00
2014.08.27 20:49:39.824,1.65756,1.65767,1.65,1.58
2014.08.27 20:49:40.336,1.65756,1.65767,1.00,1.10
2014.08.27 20:49:40.851,1.65755,1.65767,1.58,1.58
2014.08.27 20:49:43.026,1.65755,1.65766,1.58,1.00
2014.08.27 20:49:57.502,1.65757,1.65766,1.00,1.50
2014.08.27 20:50:00.239,1.65757,1.65766,1.00,1.58
2014.08.27 20:50:20.299,1.65757,1.65768,1.50,3.00
2014.08.27 20:50:21.625,1.65754,1.65768,1.27,1.08
2014.08.27 20:50:26.618,1.65757,1.65768,1.50,2.33
2014.08.27 20:50:29.811,1.65758,1.65767,1.00,1.18
2014.08.27 20:50:31.552,1.65758,1.65767,1.00,1.20
2014.08.27 20:50:34.017,1.65758,1.65765,1.00,1.00
2014.08.27 20:50:34.270,1.65758,1.65767,1.00,1.00
2014.08.27 20:50:34.777,1.65757,1.65768,1.50,1.50
2014.08.27 20:50:38.968,1.65757,1.65766,1.50,1.00
2014.08.27 20:50:39.221,1.65757,1.65768,1.50,1.65
2014.08.27 20:51:02.296,1.65759,1.65768,1.00,1.20
2014.08.27 20:51:04.697,1.65757,1.65768,1.50,1.65
2014.08.27 20:51:04.899,1.65759,1.65768,1.00,1.20
2014.08.27 20:51:08.083,1.65758,1.65767,1.50,1.00
2014.08.27 20:51:08.752,1.65758,1.65769,1.00,1.15
2014.08.27 20:51:13.685,1.65758,1.65767,1.00,1.00
2014.08.27 20:51:42.166,1.65757,1.65768,1.50,1.50
2014.08.27 20:51:57.168,1.65757,1.65767,1.50,1.00
2014.08.27 20:51:57.707,1.65757,1.65768,1.50,1.50
2014.08.27 20:51:58.887,1.65759,1.65768,1.00,1.00
2014.08.27 20:52:17.418,1.6576,1.65769,1.00,1.00
2014.08.27 20:52:17.936,1.65761,1.6577,1.00,1.10
2014.08.27 20:52:22.614,1.65759,1.65772,1.00,1.65
2014.08.27 20:52:51.364,1.65759,1.65772,1.10,1.50
2014.08.27 20:53:01.250,1.65759,1.65771,1.00,1.10
2014.08.27 20:53:27.082,1.65759,1.65772,1.10,1.00
2014.08.27 20:53:30.910,1.6576,1.65773,1.00,1.10
2014.08.27 20:53:32.326,1.65759,1.65772,1.10,1.00
2014.08.27 20:53:33.905,1.65759,1.65774,1.10,2.97
2014.08.27 20:53:34.527,1.65759,1.65772,1.10,1.00
2014.08.27 20:53:35.731,1.65759,1.65774,1.58,2.78
2014.08.27 20:53:36.291,1.65759,1.65772,1.10,1.00
2014.08.27 20:53:37.212,1.65759,1.65773,1.18,1.00
2014.08.27 20:54:00.949,1.65759,1.65774,1.18,1.95
2014.08.27 20:54:12.354,1.65759,1.65774,1.18,1.77
2014.08.27 20:54:17.291,1.65759,1.65768,1.18,1.00
2014.08.27 20:54:17.595,1.65754,1.65762,1.10,1.25
2014.08.27 20:54:19.793,1.65754,1.65764,1.10,1.50
2014.08.27 20:54:20.882,1.65754,1.65768,1.10,1.10
2014.08.27 20:54:20.984,1.65756,1.65768,1.10,1.10
2014.08.27 20:54:21.597,1.65756,1.65768,1.18,1.00
2014.08.27 20:54:26.822,1.65756,1.65767,1.18,1.00
2014.08.27 20:54:28.346,1.65756,1.65768,1.18,1.00
2014.08.27 20:54:32.772,1.65756,1.65764,1.18,1.00
2014.08.27 20:54:32.924,1.65754,1.65764,1.00,1.00
2014.08.27 20:54:33.435,1.65754,1.65763,1.00,1.00
2014.08.27 20:54:33.964,1.65754,1.65764,1.00,1.00
2014.08.27 20:54:34.512,1.65754,1.65763,1.00,1.00
2014.08.27 20:54:35.912,1.65753,1.65763,1.20,1.00
2014.08.27 20:54:36.944,1.65752,1.65765,1.65,1.50
2014.08.27 20:54:37.622,1.65754,1.65767,1.00,1.50
2014.08.27 20:54:37.672,1.65756,1.65767,1.00,1.00
2014.08.27 20:54:37.824,1.65756,1.65769,1.00,1.25
2014.08.27 20:54:43.779,1.65756,1.65769,1.58,1.00
2014.08.27 20:54:44.285,1.65756,1.65768,1.58,1.00
2014.08.27 20:54:50.924,1.65756,1.65769,1.58,1.00
2014.08.27 20:54:53.568,1.65756,1.65768,1.58,1.00
2014.08.27 20:54:55.869,1.65756,1.65769,1.58,1.00
2014.08.27 20:54:59.913,1.65759,1.6577,1.00,2.25
2014.08.27 20:55:00.414,1.65759,1.65771,1.18,1.00
2014.08.27 20:55:03.546,1.6576,1.65769,1.10,1.00
2014.08.27 20:55:03.850,1.65756,1.65769,2.52,1.00
2014.08.27 20:55:09.472,1.65756,1.65769,1.08,2.25
2014.08.27 20:55:10.015,1.65756,1.65769,1.00,2.25
2014.08.27 20:55:12.375,1.65755,1.65768,1.20,1.00
2014.08.27 20:55:30.212,1.65755,1.65768,1.18,1.00
2014.08.27 20:55:30.722,1.65755,1.65768,1.58,1.00
2014.08.27 20:55:38.709,1.65754,1.65769,3.00,2.44
2014.08.27 20:55:53.614,1.65755,1.65768,2.33,1.00
2014.08.27 20:55:59.096,1.65755,1.65769,1.58,1.50
2014.08.27 20:55:59.695,1.65755,1.65768,1.58,1.00
2014.08.27 20:56:02.629,1.65756,1.65769,1.18,1.69
2014.08.27 20:56:04.754,1.65755,1.65768,1.58,1.00
2014.08.27 20:56:08.721,1.65755,1.65769,1.58,1.00
2014.08.27 20:56:09.347,1.65755,1.6577,2.33,1.69
2014.08.27 20:56:16.137,1.65755,1.65769,1.58,1.00
2014.08.27 20:56:25.677,1.65756,1.65768,1.18,1.00
2014.08.27 20:56:29.639,1.65754,1.65769,2.25,1.50
2014.08.27 20:56:30.412,1.65754,1.65769,1.00,2.25
2014.08.27 20:56:39.051,1.65754,1.65767,1.00,1.10
2014.08.27 20:56:39.616,1.65754,1.65767,1.00,1.18
2014.08.27 20:56:44.844,1.65754,1.65767,1.69,1.18
2014.08.27 20:56:49.193,1.65754,1.65767,1.00,1.08
2014.08.27 20:56:49.970,1.65754,1.65767,1.10,1.00
2014.08.27 20:56:50.402,1.65756,1.65769,1.00,1.65
2014.08.27 20:57:01.605,1.65757,1.65769,1.50,1.18
2014.08.27 20:57:01.910,1.65755,1.65769,1.58,1.10
2014.08.27 20:57:03.056,1.65756,1.65769,1.00,1.10
2014.08.27 20:57:08.555,1.65758,1.65769,1.00,1.10
2014.08.27 20:57:27.445,1.65758,1.65771,1.00,1.00
2014.08.27 20:57:29.591,1.6576,1.65773,1.00,1.00
2014.08.27 20:57:30.110,1.65761,1.65773,1.00,1.00
2014.08.27 20:57:33.318,1.65761,1.65774,1.00,1.50
2014.08.27 20:57:50.576,1.65761,1.65773,1.00,1.00
2014.08.27 20:58:00.122,1.65762,1.65773,1.00,1.00
2014.08.27 20:58:00.376,1.65762,1.65775,1.00,1.00
2014.08.27 20:58:00.890,1.65761,1.65776,1.50,1.50
2014.08.27 20:58:01.661,1.65761,1.65775,1.00,1.00
2014.08.27 20:58:01.818,1.65756,1.65775,1.88,1.00
2014.08.27 20:58:01.869,1.65756,1.65778,1.88,1.84
2014.08.27 20:58:02.173,1.65756,1.65776,1.88,1.00
2014.08.27 20:58:03.958,1.65756,1.65778,1.88,1.84
2014.08.27 20:58:04.101,1.65756,1.65778,1.88,1.84
2014.08.27 20:58:07.902,1.65756,1.65778,1.88,2.22
2014.08.27 20:58:08.410,1.65756,1.65775,1.88,1.00
2014.08.27 20:58:13.168,1.65756,1.65775,1.72,1.00
2014.08.27 20:58:13.270,1.65756,1.65775,1.72,1.00
2014.08.27 20:58:13.421,1.65755,1.65778,2.82,1.84
2014.08.27 20:58:13.939,1.65755,1.65776,3.57,1.00
2014.08.27 20:58:14.270,1.65755,1.65777,3.57,1.09
2014.08.27 20:58:14.583,1.65757,1.65775,1.88,1.00
2014.08.27 20:58:14.977,1.65757,1.65778,1.88,1.19
2014.08.27 20:58:15.180,1.65757,1.65775,1.88,1.00
2014.08.27 20:58:15.635,1.65757,1.65777,1.88,1.25
2014.08.27 20:58:16.149,1.65757,1.65776,1.88,1.00
2014.08.27 20:58:19.671,1.65757,1.65777,1.88,1.25
2014.08.27 20:58:20.458,1.65757,1.65777,1.88,1.69
2014.08.27 20:58:21.836,1.65757,1.65777,1.88,1.25
2014.08.27 20:58:23.971,1.65757,1.65779,2.07,1.47
2014.08.27 20:58:26.263,1.65757,1.65779,2.07,2.22
2014.08.27 20:58:34.358,1.65757,1.65779,1.69,2.22
2014.08.27 20:58:36.383,1.65757,1.65776,1.88,1.19
2014.08.27 20:58:38.172,1.65757,1.65778,1.88,2.07
2014.08.27 20:58:40.073,1.65757,1.65778,1.88,1.32
2014.08.27 20:58:44.591,1.65757,1.65776,1.88,1.19
2014.08.27 20:58:47.702,1.65757,1.65778,2.82,1.69
2014.08.27 20:58:50.916,1.65757,1.65775,1.88,1.00
2014.08.27 20:59:01.455,1.65758,1.65775,0.10,0.75
2014.08.27 20:59:01.910,1.65758,1.65773,0.10,0.19
2014.08.27 20:59:03.247,1.65758,1.65775,0.10,1.50
2014.08.27 20:59:03.588,1.65758,1.65772,0.10,0.75
2014.08.27 20:59:18.545,1.65755,1.65772,0.15,0.75
2014.08.27 20:59:21.627,1.65755,1.65773,0.15,1.50
2014.08.27 20:59:22.513,1.65755,1.65775,0.15,0.90
2014.08.27 20:59:25.557,1.6576,1.65775,0.10,0.83
2014.08.27 20:59:25.658,1.65762,1.65779,1.13,0.75
2014.08.27 20:59:25.810,1.65762,1.65777,1.13,0.75
2014.08.27 20:59:29.348,1.65762,1.6578,1.13,1.50
2014.08.27 20:59:29.877,1.65762,1.65777,1.13,0.75
2014.08.27 20:59:37.964,1.65756,1.65777,0.10,1.50
2014.08.27 20:59:38.015,1.65753,1.65777,0.15,1.50
2014.08.27 20:59:38.116,1.65753,1.65772,1.28,0.75
2014.08.27 20:59:55.221,1.65752,1.65772,0.83,0.75
2014.08.27 20:59:56.352,1.65754,1.65772,0.10,0.75
2014.08.27 20:59:58.122,1.6575,1.65772,0.15,0.75
