2014.08.14 04:00:29.873,1.66789,1.66799,1.00,1.19
2014.08.14 04:00:30.401,1.66788,1.66799,1.00,1.29
2014.08.14 04:00:30.905,1.66786,1.66799,2.07,1.39
2014.08.14 04:00:31.515,1.66787,1.66799,1.29,1.32
2014.08.14 04:00:38.350,1.66788,1.66799,1.50,1.19
2014.08.14 04:00:45.477,1.66788,1.66799,1.69,1.25
2014.08.14 04:01:20.843,1.66786,1.66799,1.29,2.14
2014.08.14 04:01:20.894,1.66785,1.66799,2.07,2.22
2014.08.14 04:01:21.096,1.66784,1.66798,1.77,2.89
2014.08.14 04:01:21.400,1.66783,1.66795,1.25,1.02
2014.08.14 04:01:21.869,1.66781,1.66794,1.25,3.64
2014.08.14 04:01:24.903,1.6678,1.66794,1.77,1.02
2014.08.14 04:01:27.802,1.6678,1.66792,1.02,1.19
2014.08.14 04:01:29.800,1.6678,1.66792,1.29,1.25
2014.08.14 04:01:36.842,1.66784,1.66792,1.00,1.00
2014.08.14 04:01:37.145,1.66786,1.66794,1.00,1.39
2014.08.14 04:01:37.650,1.66786,1.66795,1.00,1.69
2014.08.14 04:01:38.874,1.66787,1.66796,1.00,2.04
2014.08.14 04:02:15.118,1.66783,1.66796,1.29,2.44
2014.08.14 04:02:15.623,1.66786,1.66796,1.00,2.00
2014.08.14 04:02:16.142,1.66787,1.66796,1.00,2.00
2014.08.14 04:02:34.221,1.66789,1.66796,1.00,1.32
2014.08.14 04:02:34.726,1.66789,1.66796,1.00,1.00
2014.08.14 04:02:35.183,1.66791,1.66798,1.00,1.19
2014.08.14 04:02:35.334,1.66792,1.66799,1.00,1.02
2014.08.14 04:02:43.034,1.66792,1.668,1.00,1.25
2014.08.14 04:02:44.676,1.66792,1.668,1.00,1.19
2014.08.14 04:02:46.564,1.66792,1.668,1.00,1.00
2014.08.14 04:02:49.473,1.66791,1.668,1.50,1.00
2014.08.14 04:03:01.155,1.66791,1.66801,1.25,1.20
2014.08.14 04:03:01.997,1.66791,1.66801,1.00,1.39
2014.08.14 04:03:02.537,1.66792,1.66801,1.00,1.39
2014.08.14 04:03:03.063,1.66792,1.66801,1.00,1.39
2014.08.14 04:03:05.106,1.66792,1.66801,1.00,1.39
2014.08.14 04:03:08.718,1.66792,1.66801,1.00,1.13
2014.08.14 04:03:12.697,1.66792,1.66801,1.00,1.19
2014.08.14 04:03:14.431,1.66792,1.66801,1.00,1.00
2014.08.14 04:03:20.178,1.66792,1.66802,1.25,1.13
2014.08.14 04:03:29.392,1.66794,1.66804,1.00,3.19
2014.08.14 04:03:29.945,1.66794,1.66806,1.25,3.19
2014.08.14 04:04:19.558,1.66793,1.66803,1.00,1.32
2014.08.14 04:04:29.194,1.66793,1.66803,1.19,1.13
2014.08.14 04:04:36.560,1.66793,1.66803,1.25,1.13
2014.08.14 04:04:42.694,1.66794,1.66803,1.00,1.13
2014.08.14 04:04:43.203,1.66794,1.66804,1.19,1.50
2014.08.14 04:04:45.176,1.66794,1.66806,1.25,3.27
2014.08.14 04:05:05.355,1.66793,1.66805,1.25,2.52
2014.08.14 04:05:07.335,1.66793,1.66805,1.19,2.52
2014.08.14 04:05:09.342,1.66793,1.66805,1.25,2.52
2014.08.14 04:05:17.270,1.66793,1.66805,1.19,2.52
2014.08.14 04:05:25.080,1.66793,1.66805,1.25,2.52
2014.08.14 04:05:47.127,1.66792,1.66805,1.69,2.52
2014.08.14 04:05:51.902,1.66793,1.66804,1.19,2.25
2014.08.14 04:05:52.407,1.66793,1.66804,1.00,2.44
2014.08.14 04:05:52.911,1.66791,1.66804,1.29,2.44
2014.08.14 04:05:53.416,1.66791,1.66803,1.19,1.47
2014.08.14 04:05:53.926,1.66791,1.66803,2.44,1.28
2014.08.14 04:06:03.571,1.66792,1.66804,1.25,1.77
2014.08.14 04:06:13.558,1.66792,1.66804,1.25,1.09
2014.08.14 04:06:13.964,1.66792,1.66805,2.44,4.02
2014.08.14 04:06:15.995,1.66793,1.66804,1.69,1.09
2014.08.14 04:06:18.995,1.66793,1.66805,1.69,2.52
2014.08.14 04:06:23.977,1.66793,1.66805,1.69,2.52
2014.08.14 04:06:27.301,1.66793,1.66805,1.69,1.02
2014.08.14 04:06:27.806,1.66795,1.66805,1.00,1.02
2014.08.14 04:06:29.288,1.66794,1.66805,1.25,1.02
2014.08.14 04:06:38.875,1.66793,1.66805,2.44,1.02
2014.08.14 04:06:53.837,1.66793,1.66805,2.44,1.02
2014.08.14 04:07:00.202,1.66793,1.66806,2.44,3.27
2014.08.14 04:07:08.573,1.66793,1.66806,2.44,2.52
2014.08.14 04:07:12.616,1.66793,1.66806,2.44,3.27
2014.08.14 04:07:21.643,1.66793,1.66806,1.69,2.52
2014.08.14 04:07:23.023,1.66793,1.66806,1.69,3.27
2014.08.14 04:07:23.931,1.66793,1.66806,1.69,3.27
2014.08.14 04:07:24.584,1.66793,1.66806,1.69,2.52
2014.08.14 04:07:30.007,1.66793,1.66806,1.69,3.27
2014.08.14 04:07:38.054,1.66793,1.66806,1.69,4.02
2014.08.14 04:07:59.772,1.66793,1.66806,1.69,3.19
2014.08.14 04:08:00.294,1.66793,1.66805,1.50,1.94
2014.08.14 04:08:01.612,1.66793,1.66803,1.00,1.32
2014.08.14 04:08:04.213,1.66793,1.66802,1.00,1.19
2014.08.14 04:08:07.217,1.66793,1.66803,1.00,1.32
2014.08.14 04:08:16.118,1.66793,1.66801,1.00,1.19
2014.08.14 04:08:16.169,1.66791,1.66801,1.58,1.19
2014.08.14 04:08:18.115,1.66791,1.66802,1.10,1.32
2014.08.14 04:08:32.334,1.66791,1.66801,1.00,1.19
2014.08.14 04:08:36.094,1.6679,1.668,1.58,1.25
2014.08.14 04:08:36.640,1.6679,1.668,1.58,1.19
2014.08.14 04:08:47.282,1.66791,1.668,1.00,1.19
2014.08.14 04:08:56.208,1.6679,1.668,1.50,1.19
2014.08.14 04:09:06.172,1.6679,1.66799,1.50,1.19
2014.08.14 04:09:07.173,1.6679,1.66799,1.50,1.25
2014.08.14 04:09:11.398,1.66791,1.66799,1.00,1.25
2014.08.14 04:09:13.524,1.66789,1.66798,1.58,2.44
2014.08.14 04:09:18.102,1.66789,1.66799,1.00,2.82
2014.08.14 04:09:18.615,1.66788,1.66799,2.25,2.44
2014.08.14 04:09:19.132,1.66789,1.66799,1.00,2.44
2014.08.14 04:09:21.737,1.66788,1.66798,1.00,1.19
2014.08.14 04:09:21.990,1.66784,1.66795,1.18,1.32
2014.08.14 04:09:22.091,1.66782,1.66793,1.20,2.44
2014.08.14 04:09:24.458,1.66782,1.66794,1.02,2.07
2014.08.14 04:09:28.968,1.66782,1.66793,1.10,1.19
2014.08.14 04:09:30.249,1.66782,1.66793,1.25,1.32
2014.08.14 04:09:39.073,1.66782,1.66794,1.00,3.27
2014.08.14 04:09:47.108,1.66782,1.66794,1.25,2.52
2014.08.14 04:09:47.310,1.66784,1.66794,1.00,1.29
2014.08.14 04:09:47.614,1.66787,1.66795,1.00,1.00
2014.08.14 04:09:48.119,1.66787,1.66796,1.00,1.25
2014.08.14 04:09:48.657,1.66787,1.66798,1.00,2.89
2014.08.14 04:09:56.220,1.66787,1.66798,1.19,1.20
2014.08.14 04:09:56.524,1.66791,1.668,1.00,1.69
2014.08.14 04:09:57.319,1.66791,1.66801,1.00,1.25
2014.08.14 04:09:58.296,1.66791,1.66801,1.00,1.19
2014.08.14 04:10:00.333,1.66791,1.66801,1.00,1.25
2014.08.14 04:10:11.316,1.66791,1.668,1.00,1.00
2014.08.14 04:10:24.412,1.66791,1.66801,1.00,1.25
2014.08.14 04:10:25.382,1.66791,1.66803,1.25,1.67
2014.08.14 04:10:32.088,1.66791,1.66803,1.19,1.39
2014.08.14 04:10:55.522,1.6679,1.66803,1.29,1.57
2014.08.14 04:10:56.542,1.6679,1.66803,1.77,1.63
2014.08.14 04:12:07.788,1.66791,1.66803,1.02,1.57
2014.08.14 04:12:08.961,1.66792,1.66803,1.00,1.57
2014.08.14 04:12:28.003,1.66791,1.66803,1.02,1.57
2014.08.14 04:12:45.432,1.66791,1.66803,1.09,1.57
2014.08.14 04:12:45.937,1.66791,1.66803,1.77,1.57
2014.08.14 04:12:47.635,1.66791,1.66803,1.02,1.57
2014.08.14 04:13:37.904,1.66791,1.66801,1.77,1.00
2014.08.14 04:13:55.306,1.6679,1.66801,1.25,1.25
2014.08.14 04:13:59.388,1.6679,1.66801,1.19,1.00
2014.08.14 04:14:02.420,1.6679,1.66801,1.25,1.25
2014.08.14 04:14:05.416,1.6679,1.66801,1.19,1.00
2014.08.14 04:14:06.851,1.66789,1.66801,2.14,1.19
2014.08.14 04:14:08.808,1.66789,1.66801,2.14,1.25
2014.08.14 04:14:28.443,1.66789,1.66802,2.14,1.32
2014.08.14 04:14:33.453,1.66789,1.66802,1.39,1.32
2014.08.14 04:14:34.455,1.66789,1.66802,2.14,1.32
2014.08.14 04:14:36.458,1.66789,1.66802,1.39,1.32
2014.08.14 04:14:40.467,1.66789,1.66802,2.14,1.32
2014.08.14 04:14:43.111,1.66789,1.66801,2.14,1.00
2014.08.14 04:14:49.323,1.66789,1.66801,1.39,1.25
2014.08.14 04:14:51.297,1.6679,1.66801,1.19,1.00
2014.08.14 04:14:53.342,1.6679,1.66801,1.25,1.25
2014.08.14 04:14:58.410,1.6679,1.66801,1.19,1.00
2014.08.14 04:15:08.525,1.6679,1.66802,1.19,1.39
2014.08.14 04:15:52.514,1.66791,1.66801,1.25,1.00
2014.08.14 04:16:16.619,1.66791,1.668,1.25,1.00
2014.08.14 04:16:29.830,1.66789,1.668,1.32,1.00
2014.08.14 04:16:32.791,1.66789,1.668,2.07,1.00
2014.08.14 04:17:08.887,1.6679,1.66801,1.29,1.00
2014.08.14 04:17:10.006,1.6679,1.66801,1.25,1.25
2014.08.14 04:17:11.964,1.6679,1.66801,1.19,1.00
2014.08.14 04:17:18.999,1.6679,1.66801,1.69,1.00
2014.08.14 04:17:19.978,1.6679,1.66801,1.19,1.00
2014.08.14 04:17:25.816,1.6679,1.66801,1.69,1.00
2014.08.14 04:17:26.790,1.6679,1.66801,1.19,1.00
2014.08.14 04:17:30.818,1.6679,1.66801,1.32,1.00
2014.08.14 04:17:32.802,1.66789,1.66801,2.07,1.00
2014.08.14 04:17:33.836,1.66789,1.66801,1.32,1.25
2014.08.14 04:17:37.711,1.66789,1.66801,2.07,1.00
2014.08.14 04:17:41.845,1.66789,1.66801,1.32,1.19
2014.08.14 04:17:42.857,1.66789,1.66801,1.32,1.25
2014.08.14 04:17:51.543,1.66789,1.66801,2.07,1.00
2014.08.14 04:17:51.846,1.66789,1.66801,1.32,1.19
2014.08.14 04:17:52.684,1.6679,1.66801,1.00,1.19
2014.08.14 04:17:53.260,1.6679,1.66801,1.25,1.25
2014.08.14 04:17:59.854,1.6679,1.66801,1.19,1.00
2014.08.14 04:18:02.963,1.6679,1.66801,1.69,1.00
2014.08.14 04:18:03.987,1.6679,1.66801,1.19,1.00
2014.08.14 04:18:06.004,1.6679,1.66801,1.69,1.00
2014.08.14 04:18:06.999,1.6679,1.66801,1.19,1.00
2014.08.14 04:18:13.592,1.6679,1.66801,1.69,1.00
2014.08.14 04:18:14.909,1.6679,1.66801,1.19,1.00
2014.08.14 04:18:24.602,1.66789,1.66801,1.32,1.25
2014.08.14 04:18:27.652,1.66789,1.66801,2.07,1.00
2014.08.14 04:18:39.143,1.66788,1.66801,2.44,1.77
2014.08.14 04:18:40.585,1.66788,1.668,2.44,1.00
2014.08.14 04:18:44.281,1.66789,1.668,1.32,1.00
2014.08.14 04:18:45.307,1.66788,1.668,2.44,1.00
2014.08.14 04:18:54.559,1.66789,1.668,1.32,1.00
2014.08.14 04:18:58.068,1.66788,1.668,2.52,1.00
2014.08.14 04:19:02.109,1.66788,1.668,1.77,1.25
2014.08.14 04:19:03.115,1.66788,1.668,2.52,1.00
2014.08.14 04:19:18.883,1.66788,1.66799,2.52,1.00
2014.08.14 04:19:19.411,1.66788,1.668,2.52,1.00
2014.08.14 04:19:19.916,1.66788,1.668,4.02,1.00
2014.08.14 04:19:23.159,1.66788,1.66799,3.27,1.25
2014.08.14 04:19:23.429,1.66788,1.66797,2.52,1.00
2014.08.14 04:19:23.934,1.66788,1.66798,2.52,1.00
2014.08.14 04:19:24.619,1.66788,1.66799,2.52,1.69
2014.08.14 04:19:25.132,1.66788,1.668,2.52,1.69
2014.08.14 04:19:34.704,1.66788,1.66799,2.52,1.00
2014.08.14 04:19:35.209,1.66788,1.668,2.52,1.25
2014.08.14 04:19:45.274,1.66788,1.66801,3.27,1.25
2014.08.14 04:19:58.812,1.66788,1.66801,2.44,1.19
2014.08.14 04:19:59.842,1.66788,1.66801,3.19,1.25
2014.08.14 04:20:00.304,1.66787,1.668,3.57,1.29
2014.08.14 04:20:01.532,1.66786,1.668,2.89,2.52
2014.08.14 04:20:02.454,1.66785,1.66798,2.14,1.19
2014.08.14 04:20:02.758,1.66783,1.66797,1.94,2.59
2014.08.14 04:20:03.351,1.66783,1.66797,1.32,2.22
2014.08.14 04:20:03.857,1.66783,1.66797,2.07,1.47
2014.08.14 04:20:14.750,1.66783,1.66797,2.07,1.47
2014.08.14 04:20:28.768,1.66783,1.66798,2.82,3.27
2014.08.14 04:20:30.575,1.66785,1.66798,1.32,1.77
2014.08.14 04:20:30.626,1.66785,1.66798,1.39,1.25
2014.08.14 04:20:30.676,1.66787,1.66798,1.19,1.00
2014.08.14 04:20:30.979,1.6679,1.66802,2.07,1.55
2014.08.14 04:20:31.134,1.66791,1.66804,1.32,1.09
2014.08.14 04:20:31.800,1.66792,1.66805,1.69,3.27
2014.08.14 04:20:32.776,1.66791,1.66805,2.07,3.27
2014.08.14 04:20:37.923,1.66791,1.66805,1.19,4.77
2014.08.14 04:20:45.119,1.66792,1.66805,1.19,2.05
2014.08.14 04:20:45.627,1.66794,1.66806,2.07,2.25
2014.08.14 04:20:45.677,1.66794,1.66806,2.07,1.10
2014.08.14 04:20:46.132,1.66794,1.66806,1.69,1.29
2014.08.14 04:20:46.233,1.66794,1.66805,1.00,1.69
2014.08.14 04:20:46.537,1.66795,1.66808,1.32,3.64
2014.08.14 04:20:48.943,1.66798,1.66809,1.29,1.50
2014.08.14 04:20:49.195,1.66801,1.66812,1.00,1.67
2014.08.14 04:20:49.448,1.66802,1.66814,1.19,3.08
2014.08.14 04:20:50.449,1.66801,1.66814,1.19,3.27
2014.08.14 04:20:50.961,1.66801,1.66814,1.69,1.77
2014.08.14 04:20:51.466,1.668,1.66814,3.27,1.77
2014.08.14 04:20:51.956,1.668,1.66812,1.10,1.19
2014.08.14 04:20:52.461,1.66798,1.66811,1.77,1.19
2014.08.14 04:20:53.155,1.66797,1.66811,1.77,1.69
2014.08.14 04:20:53.964,1.66796,1.66809,2.97,1.25
2014.08.14 04:20:54.854,1.66799,1.66811,1.00,1.39
2014.08.14 04:20:55.776,1.66799,1.66812,1.25,1.37
2014.08.14 04:21:02.463,1.66799,1.66813,2.44,2.14
2014.08.14 04:21:12.091,1.66799,1.66808,1.88,1.19
2014.08.14 04:21:12.251,1.66799,1.66811,1.88,1.29
2014.08.14 04:21:12.403,1.66797,1.66811,1.95,2.14
2014.08.14 04:21:14.081,1.66797,1.66809,1.10,1.19
2014.08.14 04:21:16.075,1.66797,1.6681,1.02,1.19
2014.08.14 04:21:18.221,1.66796,1.66809,1.09,1.19
2014.08.14 04:21:19.027,1.66796,1.66809,1.02,1.29
2014.08.14 04:21:21.185,1.66796,1.66808,1.00,1.19
2014.08.14 04:21:23.209,1.66796,1.66809,1.25,1.77
2014.08.14 04:21:25.220,1.66794,1.66807,1.25,1.29
2014.08.14 04:21:27.236,1.66794,1.66808,1.69,1.37
2014.08.14 04:21:28.344,1.66794,1.66808,1.19,2.59
2014.08.14 04:21:32.256,1.66794,1.66808,1.69,1.37
2014.08.14 04:21:32.576,1.66794,1.66802,1.69,1.88
2014.08.14 04:21:32.627,1.66794,1.66802,1.00,1.88
2014.08.14 04:21:32.728,1.66792,1.66802,1.00,2.14
2014.08.14 04:21:32.830,1.66794,1.66802,1.00,2.14
2014.08.14 04:21:32.931,1.66791,1.66804,1.69,2.89
2014.08.14 04:21:33.234,1.66791,1.66804,3.19,2.14
2014.08.14 04:21:35.838,1.66791,1.66804,2.07,2.89
2014.08.14 04:21:36.118,1.66789,1.66801,1.69,1.65
2014.08.14 04:21:36.371,1.66788,1.668,1.32,2.14
2014.08.14 04:21:36.626,1.66787,1.66799,1.88,2.07
2014.08.14 04:21:36.880,1.66786,1.66798,1.00,3.64
2014.08.14 04:21:37.412,1.66784,1.66798,1.69,3.64
2014.08.14 04:21:42.278,1.66784,1.66798,2.82,1.77
2014.08.14 04:21:43.432,1.66784,1.66798,2.89,1.84
2014.08.14 04:21:49.661,1.66784,1.66798,2.14,1.77
2014.08.14 04:21:50.699,1.66784,1.66798,2.89,1.29
2014.08.14 04:21:55.705,1.66784,1.66794,2.14,1.00
2014.08.14 04:21:55.806,1.66784,1.66794,1.00,1.13
2014.08.14 04:21:56.260,1.66782,1.66794,1.25,3.34
2014.08.14 04:21:56.916,1.66782,1.66793,1.00,1.29
2014.08.14 04:21:57.421,1.66781,1.66793,1.25,1.39
2014.08.14 04:21:57.919,1.66781,1.66794,1.69,1.09
2014.08.14 04:21:58.424,1.66783,1.66796,1.25,2.22
2014.08.14 04:21:59.690,1.66783,1.66797,1.19,2.52
2014.08.14 04:22:00.204,1.66785,1.66797,1.00,1.29
2014.08.14 04:22:04.724,1.66785,1.66796,1.00,1.19
2014.08.14 04:22:06.718,1.66783,1.66797,1.19,1.69
2014.08.14 04:22:08.708,1.66783,1.66796,1.25,1.47
2014.08.14 04:22:10.731,1.66783,1.66797,1.19,2.89
2014.08.14 04:22:12.724,1.66783,1.66796,1.25,1.47
2014.08.14 04:22:33.457,1.66783,1.66797,1.19,2.89
2014.08.14 04:22:35.582,1.66783,1.66796,1.25,1.47
2014.08.14 04:22:59.751,1.66783,1.66797,1.69,2.22
2014.08.14 04:23:01.745,1.66783,1.66796,1.69,1.39
2014.08.14 04:23:02.415,1.66783,1.66798,2.44,2.89
2014.08.14 04:23:08.441,1.66785,1.66797,1.00,1.37
2014.08.14 04:23:08.947,1.66784,1.66797,1.25,1.37
2014.08.14 04:23:16.544,1.66784,1.66796,1.00,1.39
2014.08.14 04:23:17.528,1.66783,1.66796,1.69,1.39
2014.08.14 04:23:23.556,1.66783,1.66797,1.69,2.22
2014.08.14 04:23:24.061,1.66785,1.66797,1.00,1.47
2014.08.14 04:23:28.268,1.66785,1.66798,1.25,1.77
2014.08.14 04:23:37.120,1.66785,1.668,1.69,5.14
2014.08.14 04:23:37.626,1.66787,1.66801,1.57,1.47
2014.08.14 04:23:38.189,1.66787,1.66802,2.44,4.02
2014.08.14 04:23:42.601,1.66788,1.668,1.13,1.29
2014.08.14 04:23:43.106,1.66787,1.668,1.32,2.14
2014.08.14 04:23:43.612,1.66786,1.66799,1.25,2.22
2014.08.14 04:23:44.445,1.66786,1.66798,1.00,1.77
2014.08.14 04:23:45.379,1.66785,1.66798,1.25,2.14
2014.08.14 04:23:45.883,1.66785,1.66797,1.00,1.19
2014.08.14 04:23:46.672,1.66784,1.66796,1.25,1.37
2014.08.14 04:23:49.422,1.66783,1.66796,1.69,2.22
2014.08.14 04:23:50.431,1.66783,1.66796,1.69,1.47
2014.08.14 04:23:50.940,1.66785,1.66797,1.00,3.64
2014.08.14 04:23:54.467,1.66785,1.66796,1.00,1.37
2014.08.14 04:23:59.549,1.66785,1.66797,1.00,3.64
2014.08.14 04:24:05.552,1.66785,1.66797,1.25,1.77
2014.08.14 04:24:09.577,1.66784,1.66797,1.25,2.52
2014.08.14 04:24:12.587,1.66783,1.66796,2.52,1.25
2014.08.14 04:24:17.703,1.66783,1.66796,1.77,1.19
2014.08.14 04:24:19.993,1.66785,1.66797,1.00,3.64
2014.08.14 04:24:20.145,1.66785,1.66798,1.29,1.69
2014.08.14 04:24:20.297,1.66786,1.66798,2.07,1.00
2014.08.14 04:24:20.398,1.66786,1.66799,1.25,2.89
2014.08.14 04:24:22.398,1.66785,1.66798,1.77,1.19
2014.08.14 04:24:27.104,1.66785,1.66799,3.19,2.52
2014.08.14 04:24:27.609,1.66785,1.66799,3.34,1.19
2014.08.14 04:24:28.113,1.66786,1.66799,1.02,1.69
2014.08.14 04:24:33.114,1.66787,1.66799,1.32,1.69
2014.08.14 04:24:37.159,1.66787,1.66799,1.32,1.69
2014.08.14 04:24:42.134,1.66787,1.66799,1.47,1.69
2014.08.14 04:24:43.870,1.66787,1.66799,1.28,2.44
2014.08.14 04:24:46.889,1.66787,1.66799,1.47,1.19
2014.08.14 04:24:51.397,1.66787,1.66799,1.39,1.19
2014.08.14 04:24:52.267,1.66787,1.66799,1.00,1.69
2014.08.14 04:24:54.424,1.66786,1.66799,1.02,1.69
2014.08.14 04:25:03.293,1.66785,1.66797,1.69,1.19
2014.08.14 04:25:08.317,1.66785,1.66797,1.69,1.25
2014.08.14 04:25:13.323,1.66785,1.66797,1.69,1.19
2014.08.14 04:25:24.036,1.66786,1.66798,1.00,1.77
2014.08.14 04:25:24.542,1.66785,1.66798,1.69,1.29
2014.08.14 04:25:25.331,1.66785,1.66798,1.69,1.77
2014.08.14 04:25:34.073,1.66786,1.66798,1.19,1.10
2014.08.14 04:25:34.593,1.66786,1.668,1.77,1.39
2014.08.14 04:25:35.311,1.66786,1.668,1.69,2.14
2014.08.14 04:25:36.098,1.66786,1.66799,1.25,1.37
2014.08.14 04:25:38.874,1.66786,1.66799,1.69,1.47
2014.08.14 04:25:40.099,1.66785,1.66799,2.44,1.47
2014.08.14 04:25:40.507,1.66785,1.66798,1.69,1.29
2014.08.14 04:25:41.027,1.66786,1.66797,1.00,1.47
2014.08.14 04:25:41.180,1.66785,1.66799,5.52,1.39
2014.08.14 04:25:41.384,1.66791,1.66799,1.00,1.20
2014.08.14 04:25:41.486,1.66787,1.66799,3.19,1.20
2014.08.14 04:25:41.790,1.66789,1.66801,1.19,1.20
2014.08.14 04:25:43.791,1.66788,1.66801,1.69,1.02
2014.08.14 04:25:50.430,1.66787,1.66801,4.02,1.10
2014.08.14 04:25:51.390,1.66787,1.66801,4.77,1.29
2014.08.14 04:25:59.555,1.66788,1.66801,1.69,1.02
2014.08.14 04:26:00.509,1.66787,1.66801,4.77,1.29
2014.08.14 04:26:11.199,1.66787,1.66801,4.02,1.77
2014.08.14 04:26:26.356,1.66791,1.66802,1.19,1.28
2014.08.14 04:26:26.457,1.66789,1.66802,2.14,1.32
2014.08.14 04:26:26.962,1.66789,1.66802,2.82,1.39
2014.08.14 04:26:27.842,1.6679,1.66803,1.69,1.77
2014.08.14 04:26:28.555,1.66793,1.66803,1.19,1.58
2014.08.14 04:26:28.707,1.66794,1.66805,1.84,1.00
2014.08.14 04:26:28.859,1.66796,1.66806,2.44,1.00
2014.08.14 04:26:28.960,1.66796,1.6681,3.19,1.37
2014.08.14 04:26:29.969,1.66797,1.66811,4.02,1.29
2014.08.14 04:26:33.983,1.66798,1.66813,1.69,4.39
2014.08.14 04:26:42.579,1.66798,1.66808,1.50,1.19
2014.08.14 04:26:42.681,1.66798,1.66811,1.13,1.77
2014.08.14 04:26:43.186,1.66798,1.66811,1.32,2.14
2014.08.14 04:26:45.871,1.66798,1.66811,1.69,1.39
2014.08.14 04:26:46.373,1.66798,1.6681,1.00,1.37
2014.08.14 04:26:46.878,1.66797,1.6681,1.25,1.84
2014.08.14 04:26:47.398,1.66797,1.66809,1.00,2.04
2014.08.14 04:26:50.330,1.66797,1.66809,1.19,2.52
2014.08.14 04:26:50.886,1.66797,1.6681,1.19,1.84
2014.08.14 04:26:53.078,1.66799,1.66811,1.00,2.52
2014.08.14 04:26:54.133,1.66798,1.6681,1.00,2.59
2014.08.14 04:26:54.666,1.66797,1.66809,1.25,2.52
2014.08.14 04:26:55.238,1.66797,1.66808,1.00,1.69
2014.08.14 04:27:04.848,1.66797,1.66809,1.00,1.29
2014.08.14 04:27:10.063,1.66797,1.66805,1.00,1.19
2014.08.14 04:27:10.164,1.66795,1.66805,1.00,1.32
2014.08.14 04:27:10.669,1.66795,1.66806,1.50,1.77
2014.08.14 04:27:10.720,1.66797,1.66806,1.00,1.69
2014.08.14 04:27:10.771,1.66797,1.66809,1.00,3.34
2014.08.14 04:27:11.109,1.66798,1.66811,1.69,1.47
2014.08.14 04:27:11.868,1.66798,1.66812,1.69,3.64
2014.08.14 04:27:12.576,1.66798,1.6681,1.50,1.29
2014.08.14 04:27:13.123,1.66797,1.6681,1.25,1.29
2014.08.14 04:27:13.704,1.66797,1.66809,1.00,1.19
2014.08.14 04:27:15.555,1.66797,1.6681,1.25,1.39
2014.08.14 04:27:21.896,1.66797,1.66808,1.00,1.19
2014.08.14 04:27:22.955,1.66797,1.66809,1.00,1.32
2014.08.14 04:27:28.785,1.66797,1.66809,1.25,1.37
2014.08.14 04:27:30.006,1.66797,1.66809,1.00,1.37
2014.08.14 04:27:32.016,1.66797,1.6681,1.25,1.77
2014.08.14 04:27:33.650,1.66797,1.66808,1.00,1.29
2014.08.14 04:27:34.581,1.66797,1.66806,1.00,1.19
2014.08.14 04:27:34.734,1.66795,1.66805,1.00,1.32
2014.08.14 04:27:34.785,1.66795,1.66806,1.00,1.84
2014.08.14 04:27:35.290,1.66793,1.66806,1.19,2.52
2014.08.14 04:27:36.867,1.66793,1.66807,2.44,1.47
2014.08.14 04:27:36.969,1.66796,1.66807,1.00,1.47
2014.08.14 04:27:37.795,1.66796,1.66808,1.00,3.27
2014.08.14 04:27:46.905,1.66796,1.66807,1.00,1.47
2014.08.14 04:27:47.410,1.66796,1.66808,1.00,4.02
2014.08.14 04:27:57.172,1.66796,1.66806,1.00,1.29
2014.08.14 04:27:58.130,1.66796,1.66808,1.00,3.27
2014.08.14 04:28:00.644,1.66797,1.66808,1.25,4.02
2014.08.14 04:28:05.079,1.66797,1.66808,1.19,2.33
2014.08.14 04:28:05.180,1.66795,1.66808,2.44,2.52
2014.08.14 04:28:05.383,1.66795,1.66807,1.69,1.47
2014.08.14 04:28:05.693,1.66795,1.66806,1.25,2.52
2014.08.14 04:28:06.200,1.66794,1.66806,1.25,2.52
2014.08.14 04:28:06.957,1.66793,1.66806,1.69,2.52
2014.08.14 04:28:07.878,1.66797,1.66806,1.00,1.20
2014.08.14 04:28:07.999,1.66796,1.66807,1.25,1.84
2014.08.14 04:28:09.213,1.66797,1.66807,1.00,1.84
2014.08.14 04:28:09.978,1.66796,1.66807,1.25,1.47
2014.08.14 04:28:16.119,1.66797,1.66807,1.00,1.47
2014.08.14 04:28:16.270,1.66794,1.66807,1.69,1.47
2014.08.14 04:28:21.221,1.66796,1.66807,1.00,1.47
2014.08.14 04:28:22.550,1.66795,1.66807,1.25,1.47
2014.08.14 04:28:22.806,1.66795,1.66807,1.69,1.28
2014.08.14 04:28:24.840,1.66795,1.66808,1.19,1.77
2014.08.14 04:28:25.816,1.66795,1.66808,1.25,2.52
2014.08.14 04:28:32.936,1.66795,1.66807,1.00,1.47
2014.08.14 04:28:33.910,1.66795,1.66808,1.25,2.89
2014.08.14 04:28:36.911,1.66795,1.66807,1.00,1.47
2014.08.14 04:28:40.945,1.66795,1.66808,1.25,2.89
2014.08.14 04:28:41.249,1.66795,1.66808,1.69,1.77
2014.08.14 04:28:41.354,1.66795,1.66808,1.25,2.52
2014.08.14 04:28:41.960,1.66793,1.66807,1.19,4.84
2014.08.14 04:28:42.728,1.66793,1.66806,1.19,2.52
2014.08.14 04:28:47.973,1.66793,1.66806,1.69,3.27
2014.08.14 04:28:52.966,1.66793,1.66805,1.50,1.77
2014.08.14 04:29:00.364,1.66793,1.66805,1.69,1.02
2014.08.14 04:29:02.386,1.66793,1.66805,2.44,1.02
2014.08.14 04:29:02.900,1.66794,1.66805,1.00,1.02
2014.08.14 04:29:05.413,1.66794,1.66805,1.00,1.77
2014.08.14 04:29:07.310,1.66794,1.66805,1.25,1.02
2014.08.14 04:29:08.981,1.66793,1.66805,1.25,1.77
2014.08.14 04:29:09.502,1.66793,1.66805,1.25,1.67
2014.08.14 04:29:10.309,1.66793,1.66805,1.19,1.39
2014.08.14 04:29:11.329,1.66793,1.66805,1.25,2.22
2014.08.14 04:29:11.824,1.6679,1.66802,1.39,1.25
2014.08.14 04:29:12.342,1.6679,1.66802,1.32,1.29
2014.08.14 04:29:13.001,1.6679,1.66802,1.77,1.19
2014.08.14 04:29:13.911,1.6679,1.66803,1.77,1.69
2014.08.14 04:29:17.784,1.66789,1.668,1.94,1.00
2014.08.14 04:29:18.289,1.66788,1.668,2.52,1.25
2014.08.14 04:29:18.724,1.66791,1.668,1.69,1.00
2014.08.14 04:29:18.776,1.66791,1.66803,1.69,1.13
2014.08.14 04:29:19.232,1.66793,1.66805,1.69,3.00
2014.08.14 04:29:19.383,1.66794,1.66807,1.69,1.47
2014.08.14 04:29:19.888,1.66796,1.66808,1.25,1.77
2014.08.14 04:29:20.396,1.66796,1.66808,1.19,1.77
2014.08.14 04:29:22.364,1.66796,1.66808,1.25,1.77
2014.08.14 04:29:27.611,1.66796,1.66808,1.19,1.77
2014.08.14 04:29:30.572,1.66796,1.66808,1.25,2.52
2014.08.14 04:29:33.590,1.66796,1.66808,1.00,3.27
2014.08.14 04:29:34.579,1.66796,1.66807,1.00,1.32
2014.08.14 04:29:35.184,1.66796,1.66808,1.25,3.27
2014.08.14 04:29:36.215,1.66796,1.66808,1.19,1.77
2014.08.14 04:29:37.230,1.66796,1.66808,1.25,1.77
2014.08.14 04:29:38.796,1.66796,1.6681,2.44,2.14
2014.08.14 04:29:39.506,1.66796,1.6681,2.44,1.74
2014.08.14 04:29:41.405,1.66798,1.66811,2.44,1.77
2014.08.14 04:29:41.456,1.66798,1.66811,2.44,1.02
2014.08.14 04:29:42.416,1.66799,1.66812,1.25,1.39
2014.08.14 04:29:56.364,1.66799,1.66812,1.19,1.29
2014.08.14 04:30:01.472,1.66799,1.66812,1.25,1.77
2014.08.14 04:30:04.267,1.66799,1.66811,1.25,1.02
2014.08.14 04:30:21.579,1.66799,1.66812,1.25,2.89
2014.08.14 04:30:22.488,1.66799,1.66813,1.19,2.14
2014.08.14 04:30:22.842,1.66802,1.66813,1.00,1.19
2014.08.14 04:30:23.305,1.66802,1.66814,1.25,1.39
2014.08.14 04:30:23.614,1.66804,1.66814,1.00,1.39
2014.08.14 04:30:24.330,1.66804,1.66814,1.00,1.39
2014.08.14 04:30:25.464,1.66801,1.66814,3.57,1.39
2014.08.14 04:30:25.988,1.66804,1.66814,1.00,1.39
2014.08.14 04:30:29.299,1.66804,1.66814,1.00,1.39
2014.08.14 04:30:41.558,1.66804,1.66814,1.00,1.39
2014.08.14 04:30:43.464,1.66804,1.66814,1.00,1.47
2014.08.14 04:30:46.574,1.66803,1.66814,1.00,2.59
2014.08.14 04:30:46.725,1.66801,1.66814,1.69,2.59
2014.08.14 04:30:55.702,1.66801,1.66813,1.00,1.77
2014.08.14 04:30:58.672,1.66801,1.66814,1.25,2.59
2014.08.14 04:31:07.679,1.66801,1.66813,1.00,1.67
2014.08.14 04:31:13.691,1.66801,1.66814,1.25,2.59
2014.08.14 04:31:23.931,1.66801,1.66814,1.19,1.09
2014.08.14 04:31:26.939,1.66801,1.66814,1.25,1.84
2014.08.14 04:31:27.545,1.66801,1.66811,1.00,1.19
2014.08.14 04:31:28.073,1.668,1.66811,1.00,1.19
2014.08.14 04:31:31.629,1.668,1.66812,1.00,1.32
2014.08.14 04:31:34.657,1.668,1.66813,1.25,2.14
2014.08.14 04:31:37.655,1.668,1.66812,1.00,1.32
2014.08.14 04:31:39.693,1.668,1.66813,1.25,2.14
2014.08.14 04:31:50.685,1.668,1.66812,1.00,1.39
2014.08.14 04:31:51.192,1.66799,1.66811,1.00,2.22
2014.08.14 04:31:52.069,1.66799,1.6681,1.00,1.29
2014.08.14 04:31:52.790,1.66799,1.66811,1.25,1.47
2014.08.14 04:31:53.295,1.66799,1.66812,1.69,1.39
2014.08.14 04:31:53.799,1.66799,1.66812,1.25,2.14
2014.08.14 04:31:54.326,1.66799,1.66811,1.00,1.32
2014.08.14 04:31:58.106,1.66799,1.66812,1.19,1.67
2014.08.14 04:31:59.119,1.66799,1.66812,1.25,2.14
2014.08.14 04:32:04.124,1.66799,1.66812,1.69,1.67
2014.08.14 04:32:04.588,1.66799,1.66809,1.25,1.00
2014.08.14 04:32:21.349,1.66798,1.66809,1.00,1.19
2014.08.14 04:32:21.602,1.66795,1.66808,1.19,1.02
2014.08.14 04:32:22.470,1.66795,1.66808,1.25,3.27
2014.08.14 04:32:24.521,1.66795,1.66807,1.00,1.84
2014.08.14 04:32:27.488,1.66795,1.66807,1.25,1.09
2014.08.14 04:32:28.445,1.66795,1.66807,1.00,1.84
2014.08.14 04:32:31.908,1.66794,1.66807,1.69,1.84
2014.08.14 04:32:31.959,1.66795,1.66807,1.50,1.27
2014.08.14 04:32:32.467,1.66794,1.66808,4.02,1.29
2014.08.14 04:32:32.517,1.66794,1.66808,1.77,2.04
2014.08.14 04:32:36.463,1.66794,1.66807,1.77,1.69
2014.08.14 04:32:41.072,1.66794,1.66808,1.77,2.04
2014.08.14 04:32:42.084,1.66794,1.66808,2.52,2.52
2014.08.14 04:32:43.074,1.66794,1.66808,1.77,3.27
2014.08.14 04:32:47.101,1.66794,1.66808,2.52,2.52
2014.08.14 04:32:51.103,1.66794,1.66808,1.77,3.27
2014.08.14 04:32:52.083,1.66794,1.66807,1.29,3.19
2014.08.14 04:32:52.487,1.66792,1.66805,1.02,2.07
2014.08.14 04:32:53.003,1.66792,1.66805,1.02,5.07
2014.08.14 04:32:55.629,1.66792,1.66805,1.77,3.57
2014.08.14 04:32:56.910,1.66792,1.66805,2.52,1.69
2014.08.14 04:33:05.528,1.66792,1.66805,1.19,1.84
2014.08.14 04:33:25.653,1.66792,1.66805,1.69,2.59
2014.08.14 04:33:29.661,1.66792,1.66805,1.69,1.84
2014.08.14 04:33:31.185,1.66792,1.66805,2.44,1.84
2014.08.14 04:33:35.262,1.66795,1.66807,1.00,3.19
2014.08.14 04:33:36.437,1.66795,1.66808,1.25,3.27
2014.08.14 04:33:37.606,1.66794,1.66806,1.19,1.02
2014.08.14 04:33:38.118,1.66794,1.66806,1.25,1.02
2014.08.14 04:33:48.103,1.66794,1.66805,1.00,1.32
2014.08.14 04:33:50.137,1.66794,1.66805,1.25,1.32
2014.08.14 04:33:58.085,1.66794,1.66807,2.44,2.52
2014.08.14 04:33:59.060,1.66794,1.66807,3.19,2.52
2014.08.14 04:34:00.133,1.66794,1.66808,1.84,2.44
2014.08.14 04:34:20.518,1.66794,1.66808,1.25,3.34
2014.08.14 04:34:21.481,1.66794,1.66807,1.19,1.02
2014.08.14 04:34:23.485,1.66794,1.66807,1.25,1.77
2014.08.14 04:34:40.648,1.66794,1.66805,1.00,1.39
2014.08.14 04:34:41.523,1.66792,1.66805,1.19,1.39
2014.08.14 04:34:44.536,1.66793,1.66805,1.19,1.20
2014.08.14 04:34:47.145,1.66794,1.66806,1.19,1.65
2014.08.14 04:34:47.664,1.66794,1.66806,1.19,1.58
2014.08.14 04:34:48.204,1.66793,1.66806,1.19,1.77
2014.08.14 04:34:49.480,1.66792,1.66806,2.14,2.52
2014.08.14 04:34:55.044,1.66794,1.66806,1.00,2.52
2014.08.14 04:34:55.347,1.66797,1.66808,1.00,4.02
2014.08.14 04:34:56.054,1.66797,1.66808,1.00,1.77
2014.08.14 04:34:56.631,1.66797,1.66808,1.00,1.02
2014.08.14 04:35:01.672,1.66797,1.66808,1.00,2.52
2014.08.14 04:35:01.975,1.66798,1.66808,1.20,1.19
2014.08.14 04:35:02.492,1.66798,1.66809,1.95,1.19
2014.08.14 04:35:03.103,1.66798,1.6681,2.52,1.19
2014.08.14 04:35:06.799,1.66798,1.66809,1.95,1.19
2014.08.14 04:35:06.900,1.66798,1.6681,2.14,1.19
2014.08.14 04:35:10.571,1.66798,1.66808,2.14,1.00
2014.08.14 04:35:10.724,1.66797,1.66808,1.32,1.25
2014.08.14 04:35:11.228,1.66795,1.66808,3.34,1.69
2014.08.14 04:35:11.778,1.66795,1.66808,2.59,1.69
2014.08.14 04:35:15.751,1.66795,1.66808,3.34,1.25
2014.08.14 04:35:16.711,1.66795,1.66809,2.59,1.69
2014.08.14 04:35:18.716,1.66795,1.66809,3.34,1.19
2014.08.14 04:35:33.455,1.66795,1.66809,1.84,2.44
2014.08.14 04:35:35.488,1.66795,1.66808,1.25,2.52
2014.08.14 04:35:44.507,1.66794,1.66807,3.19,1.47
2014.08.14 04:35:47.506,1.66794,1.66808,3.19,2.52
2014.08.14 04:35:54.740,1.66794,1.66807,3.19,1.47
2014.08.14 04:35:55.806,1.66794,1.66808,3.19,2.52
2014.08.14 04:35:56.437,1.66794,1.66807,3.19,1.39
2014.08.14 04:35:59.510,1.66794,1.66807,2.44,2.14
2014.08.14 04:36:00.718,1.66794,1.66807,2.44,1.39
2014.08.14 04:36:01.638,1.66794,1.66806,1.50,1.84
2014.08.14 04:36:02.142,1.66793,1.66806,1.25,2.59
2014.08.14 04:36:03.776,1.66793,1.66805,1.25,1.77
2014.08.14 04:36:23.432,1.66793,1.66805,1.25,1.09
2014.08.14 04:36:36.901,1.66795,1.66806,1.00,1.47
2014.08.14 04:36:37.406,1.66796,1.66806,1.00,1.32
2014.08.14 04:36:37.507,1.66796,1.66807,1.00,2.52
2014.08.14 04:36:39.532,1.66796,1.66809,1.25,3.27
2014.08.14 04:36:41.529,1.66796,1.66808,1.00,1.47
2014.08.14 04:36:47.536,1.66796,1.66809,1.25,2.89
2014.08.14 04:36:52.551,1.66796,1.66808,1.00,1.47
2014.08.14 04:36:53.536,1.66796,1.66808,1.25,1.09
2014.08.14 04:36:59.563,1.66796,1.66808,1.00,1.47
2014.08.14 04:37:00.079,1.66794,1.66808,1.19,1.47
2014.08.14 04:37:05.553,1.66794,1.66807,1.25,1.39
2014.08.14 04:37:06.576,1.66794,1.66808,1.00,4.09
2014.08.14 04:37:07.578,1.66794,1.66808,1.19,4.84
2014.08.14 04:37:12.294,1.66794,1.66808,1.69,2.59
2014.08.14 04:37:15.530,1.66794,1.66808,1.69,3.27
2014.08.14 04:37:19.392,1.66794,1.66808,1.19,4.02
2014.08.14 04:37:22.400,1.66793,1.66807,1.32,2.22
2014.08.14 04:37:23.417,1.66793,1.66806,1.25,1.39
2014.08.14 04:37:24.394,1.66793,1.66807,1.19,1.74
2014.08.14 04:37:28.420,1.66793,1.66806,1.25,1.39
2014.08.14 04:37:32.628,1.66793,1.66807,1.69,1.84
2014.08.14 04:37:34.629,1.66793,1.66807,1.19,2.22
2014.08.14 04:37:35.603,1.66793,1.66806,1.25,1.29
2014.08.14 04:37:36.503,1.66793,1.66807,1.19,1.47
2014.08.14 04:37:37.546,1.66793,1.66807,1.69,1.39
2014.08.14 04:37:38.828,1.66793,1.66806,1.25,1.37
2014.08.14 04:37:39.850,1.66793,1.66807,1.19,2.14
2014.08.14 04:37:41.832,1.66793,1.66807,2.07,1.39
2014.08.14 04:37:42.849,1.66795,1.66807,1.19,1.30
2014.08.14 04:37:43.890,1.66795,1.66808,1.19,1.47
2014.08.14 04:37:45.545,1.66795,1.66808,1.77,1.39
2014.08.14 04:37:46.655,1.66796,1.66809,1.25,2.97
2014.08.14 04:37:47.675,1.66795,1.66808,1.25,1.29
2014.08.14 04:37:55.642,1.66797,1.66808,1.00,1.29
2014.08.14 04:38:00.578,1.66796,1.66808,1.00,1.29
2014.08.14 04:38:06.480,1.66796,1.66809,1.25,1.47
2014.08.14 04:38:07.484,1.66796,1.66808,1.00,1.29
2014.08.14 04:38:13.811,1.66796,1.66809,1.25,1.47
2014.08.14 04:38:17.042,1.66796,1.66808,1.00,1.29
2014.08.14 04:38:21.005,1.66796,1.66809,1.25,3.72
2014.08.14 04:38:22.004,1.66796,1.66808,1.00,1.39
2014.08.14 04:38:22.517,1.66795,1.66808,1.25,4.77
2014.08.14 04:38:23.034,1.66795,1.66807,1.00,1.47
2014.08.14 04:38:28.052,1.66795,1.66806,1.00,1.29
2014.08.14 04:38:28.924,1.66795,1.66807,1.00,1.84
2014.08.14 04:38:31.963,1.66795,1.66808,1.25,2.52
2014.08.14 04:38:42.972,1.66795,1.66808,1.19,1.39
2014.08.14 04:38:47.768,1.66795,1.66808,1.25,2.14
2014.08.14 04:38:54.517,1.66795,1.66807,1.00,1.39
2014.08.14 04:39:05.237,1.66795,1.66808,1.25,4.09
2014.08.14 04:39:12.510,1.66795,1.66808,1.19,1.02
2014.08.14 04:39:13.912,1.66795,1.66808,1.25,1.77
2014.08.14 04:39:14.915,1.66795,1.66807,1.00,1.32
2014.08.14 04:39:19.259,1.66795,1.66808,1.25,4.02
2014.08.14 04:39:21.259,1.66795,1.66807,1.00,1.32
2014.08.14 04:39:31.665,1.66795,1.66808,1.19,1.77
2014.08.14 04:39:33.252,1.66795,1.66808,1.25,2.59
2014.08.14 04:39:34.267,1.66795,1.66807,1.00,1.39
2014.08.14 04:39:38.296,1.66795,1.66808,1.25,2.59
2014.08.14 04:39:40.304,1.66795,1.66808,1.19,1.84
2014.08.14 04:39:41.289,1.66795,1.66808,1.25,2.59
2014.08.14 04:39:45.415,1.66795,1.66809,1.77,2.14
2014.08.14 04:39:46.385,1.66795,1.66808,1.25,1.37
2014.08.14 04:39:47.425,1.66795,1.66807,1.00,1.39
2014.08.14 04:39:55.435,1.66795,1.66808,1.25,3.34
2014.08.14 04:40:10.294,1.66797,1.66808,1.00,2.44
2014.08.14 04:40:12.459,1.66797,1.66808,1.00,1.69
2014.08.14 04:40:16.476,1.66797,1.66808,1.00,2.44
2014.08.14 04:40:20.485,1.66797,1.66808,1.00,1.69
2014.08.14 04:40:22.450,1.66797,1.66808,1.00,2.52
2014.08.14 04:40:23.478,1.66797,1.66808,1.00,1.77
2014.08.14 04:40:23.994,1.66797,1.66809,1.18,1.19
2014.08.14 04:40:27.581,1.66797,1.6681,2.97,1.69
2014.08.14 04:40:27.632,1.66798,1.6681,2.14,1.19
2014.08.14 04:40:28.874,1.668,1.66813,1.02,2.07
2014.08.14 04:40:36.891,1.668,1.66812,1.00,1.39
2014.08.14 04:40:37.893,1.668,1.66813,1.25,2.22
2014.08.14 04:41:11.575,1.668,1.6681,1.00,1.19
2014.08.14 04:41:12.096,1.66797,1.6681,4.09,1.19
2014.08.14 04:41:13.435,1.66798,1.6681,1.10,1.19
2014.08.14 04:41:20.023,1.66798,1.66812,1.29,2.14
2014.08.14 04:41:20.984,1.66798,1.66811,1.02,1.32
2014.08.14 04:41:22.002,1.66798,1.66812,1.29,2.14
2014.08.14 04:41:23.019,1.66798,1.66811,1.02,1.32
2014.08.14 04:41:35.114,1.66798,1.66812,1.29,2.14
2014.08.14 04:41:39.116,1.66798,1.66811,1.25,1.32
2014.08.14 04:41:42.154,1.66798,1.66812,1.19,1.57
2014.08.14 04:41:48.136,1.66799,1.66813,1.32,3.94
2014.08.14 04:41:55.201,1.66798,1.66812,3.57,1.32
2014.08.14 04:41:56.166,1.66798,1.66813,3.57,2.82
2014.08.14 04:42:21.622,1.66799,1.66813,1.32,3.27
2014.08.14 04:42:23.322,1.66798,1.66813,3.19,4.77
2014.08.14 04:42:27.322,1.66799,1.66813,1.32,4.02
2014.08.14 04:42:30.330,1.66798,1.66813,3.19,4.02
2014.08.14 04:42:31.331,1.66799,1.66813,1.32,3.27
2014.08.14 04:42:32.333,1.66798,1.66813,3.19,4.02
2014.08.14 04:42:48.490,1.66798,1.66813,1.58,1.74
2014.08.14 04:42:48.591,1.66798,1.6681,1.10,1.19
2014.08.14 04:42:49.581,1.66798,1.66809,1.10,1.19
2014.08.14 04:42:51.611,1.66797,1.6681,1.84,1.69
2014.08.14 04:42:57.602,1.66797,1.6681,1.84,1.19
2014.08.14 04:42:58.623,1.66797,1.6681,1.84,1.69
2014.08.14 04:43:29.571,1.66797,1.6681,1.84,1.19
2014.08.14 04:43:45.407,1.66797,1.66809,1.65,1.19
2014.08.14 04:43:45.609,1.66798,1.6681,1.02,1.19
2014.08.14 04:43:45.711,1.66799,1.6681,1.19,1.00
2014.08.14 04:43:46.218,1.66799,1.66813,1.69,2.22
2014.08.14 04:43:46.793,1.66799,1.66813,2.44,1.57
2014.08.14 04:43:47.303,1.66799,1.66813,2.82,1.57
2014.08.14 04:44:06.107,1.66799,1.66812,1.39,1.32
2014.08.14 04:44:23.847,1.66798,1.66812,1.84,2.07
2014.08.14 04:44:24.890,1.66798,1.66812,2.59,1.32
2014.08.14 04:44:58.804,1.66798,1.6681,2.44,1.00
2014.08.14 04:44:59.473,1.66798,1.66813,2.44,2.82
2014.08.14 04:45:00.324,1.66799,1.66813,2.07,2.07
2014.08.14 04:45:04.326,1.66799,1.66813,1.32,2.82
2014.08.14 04:45:05.360,1.66799,1.66813,2.07,2.07
2014.08.14 04:45:13.854,1.66801,1.66813,1.00,2.22
2014.08.14 04:45:15.240,1.668,1.66813,1.25,2.22
2014.08.14 04:45:15.783,1.668,1.66813,1.19,1.74
2014.08.14 04:45:20.892,1.66799,1.66813,1.32,2.97
2014.08.14 04:45:21.864,1.66799,1.66813,2.07,2.22
2014.08.14 04:45:39.827,1.66801,1.66813,1.19,1.18
2014.08.14 04:45:40.130,1.66804,1.66814,2.82,1.08
2014.08.14 04:45:40.282,1.66804,1.66817,3.57,1.47
2014.08.14 04:45:40.819,1.66806,1.66818,1.13,3.27
2014.08.14 04:45:41.173,1.66803,1.66816,1.69,1.67
2014.08.14 04:45:41.728,1.66803,1.66815,1.19,1.39
2014.08.14 04:45:58.400,1.66803,1.66816,1.19,1.09
2014.08.14 04:46:10.842,1.66802,1.66815,2.44,1.02
2014.08.14 04:46:18.903,1.66802,1.66816,2.44,3.27
2014.08.14 04:46:20.233,1.66802,1.66816,1.69,4.77
2014.08.14 04:46:26.340,1.66802,1.66815,2.44,1.09
2014.08.14 04:46:28.333,1.66802,1.66814,1.69,1.02
2014.08.14 04:47:47.429,1.66804,1.66816,1.00,3.94
2014.08.14 04:47:47.681,1.66804,1.66817,1.19,1.02
2014.08.14 04:47:48.186,1.66803,1.66817,2.07,2.52
2014.08.14 04:47:48.497,1.66803,1.66816,1.69,1.09
2014.08.14 04:47:49.002,1.66803,1.66816,1.19,1.84
2014.08.14 04:47:49.712,1.66803,1.66815,1.25,3.27
2014.08.14 04:47:56.616,1.66803,1.66813,1.00,1.32
2014.08.14 04:47:57.607,1.66803,1.66814,1.00,1.69
2014.08.14 04:47:58.139,1.66802,1.66814,1.25,3.19
2014.08.14 04:47:58.652,1.66802,1.66813,1.00,1.32
2014.08.14 04:47:59.595,1.66802,1.66814,1.25,3.94
2014.08.14 04:48:08.614,1.66802,1.66812,1.00,1.19
2014.08.14 04:48:09.764,1.66802,1.66814,1.25,2.52
2014.08.14 04:48:11.660,1.66802,1.66814,1.19,1.77
2014.08.14 04:48:14.827,1.66802,1.66814,1.69,1.58
2014.08.14 04:48:24.645,1.66804,1.66816,1.19,4.02
2014.08.14 04:48:25.693,1.66804,1.66816,1.25,4.02
2014.08.14 04:48:32.868,1.66804,1.66816,1.77,2.33
2014.08.14 04:48:32.918,1.66805,1.66817,1.27,1.13
2014.08.14 04:48:32.969,1.66806,1.66817,1.77,1.13
2014.08.14 04:48:33.241,1.66808,1.66821,1.29,2.07
2014.08.14 04:48:35.331,1.66809,1.66821,1.25,1.94
2014.08.14 04:48:37.588,1.66809,1.66821,1.69,1.93
2014.08.14 04:48:38.099,1.66809,1.66821,1.69,1.28
2014.08.14 04:48:38.633,1.66809,1.66821,1.69,1.93
2014.08.14 04:48:42.462,1.66813,1.66822,1.00,4.02
2014.08.14 04:48:42.866,1.66815,1.66822,1.00,2.25
2014.08.14 04:48:43.479,1.66815,1.6682,1.00,1.69
2014.08.14 04:48:43.530,1.66811,1.6682,1.00,1.69
2014.08.14 04:48:43.631,1.66809,1.66818,1.00,1.32
2014.08.14 04:48:43.783,1.66808,1.66819,1.00,4.02
2014.08.14 04:48:44.299,1.66807,1.66818,1.00,1.94
2014.08.14 04:48:46.795,1.66807,1.66818,1.00,1.69
2014.08.14 04:48:52.916,1.66807,1.66818,1.00,1.69
2014.08.14 04:49:00.937,1.66807,1.66818,1.00,1.69
2014.08.14 04:49:01.961,1.66807,1.66818,1.00,1.69
2014.08.14 04:49:15.023,1.66806,1.66817,1.00,1.09
2014.08.14 04:49:15.487,1.66806,1.66814,1.00,1.69
2014.08.14 04:49:15.639,1.66802,1.66814,1.19,1.84
2014.08.14 04:49:15.841,1.66802,1.66813,1.19,1.20
2014.08.14 04:49:15.892,1.66801,1.66813,1.25,1.39
2014.08.14 04:49:16.195,1.66801,1.66813,1.19,1.20
2014.08.14 04:49:16.397,1.66801,1.66813,1.25,1.02
2014.08.14 04:49:18.911,1.66801,1.66813,1.19,1.39
2014.08.14 04:49:19.886,1.66801,1.66813,1.19,1.20
2014.08.14 04:49:20.878,1.668,1.66813,2.07,1.39
2014.08.14 04:49:21.424,1.668,1.66814,2.07,3.27
2014.08.14 04:49:21.971,1.668,1.66814,2.07,2.59
2014.08.14 04:49:26.604,1.668,1.66813,1.13,2.14
2014.08.14 04:49:27.109,1.668,1.6681,1.13,1.25
2014.08.14 04:49:28.616,1.668,1.66812,1.25,2.52
2014.08.14 04:49:30.194,1.668,1.66811,1.25,1.69
2014.08.14 04:49:30.498,1.66796,1.66805,3.00,2.44
2014.08.14 04:49:31.003,1.66796,1.66805,1.00,2.44
2014.08.14 04:49:31.508,1.66796,1.66803,1.00,1.25
2014.08.14 04:49:32.048,1.66795,1.66803,1.00,1.25
2014.08.14 04:49:33.429,1.66795,1.66803,1.00,1.19
2014.08.14 04:49:33.946,1.66794,1.66803,1.00,1.19
2014.08.14 04:49:37.335,1.66794,1.66805,1.00,1.67
2014.08.14 04:49:38.885,1.66793,1.66805,1.25,2.14
2014.08.14 04:49:39.390,1.66793,1.66805,1.25,2.52
2014.08.14 04:49:47.076,1.66793,1.66803,1.00,1.19
2014.08.14 04:49:47.580,1.66792,1.66803,1.00,2.14
2014.08.14 04:49:49.867,1.66791,1.66803,1.00,2.14
2014.08.14 04:49:55.183,1.6679,1.66802,1.25,1.57
2014.08.14 04:49:55.587,1.6679,1.66804,1.69,4.09
2014.08.14 04:49:55.638,1.6679,1.66804,1.69,2.59
2014.08.14 04:49:57.822,1.6679,1.66804,2.44,3.34
2014.08.14 04:49:57.873,1.6679,1.66802,1.69,1.57
2014.08.14 04:50:07.881,1.66788,1.66801,2.44,1.39
2014.08.14 04:50:10.103,1.66789,1.66802,1.19,1.47
2014.08.14 04:50:11.121,1.6679,1.66802,1.19,1.18
2014.08.14 04:50:17.428,1.66788,1.66802,1.69,1.37
2014.08.14 04:50:19.431,1.66789,1.66803,1.32,2.14
2014.08.14 04:50:20.452,1.6679,1.66803,1.32,2.14
2014.08.14 04:50:20.555,1.6679,1.66799,1.32,1.00
2014.08.14 04:50:20.656,1.66787,1.668,1.69,1.47
2014.08.14 04:50:20.858,1.66786,1.66799,1.69,1.39
2014.08.14 04:50:20.960,1.66787,1.66798,1.00,1.19
2014.08.14 04:50:21.011,1.66785,1.66798,1.02,1.39
2014.08.14 04:50:22.223,1.66782,1.66797,2.22,1.77
2014.08.14 04:50:33.321,1.66785,1.66797,1.00,1.77
2014.08.14 04:50:44.489,1.66785,1.66797,1.25,1.47
2014.08.14 04:50:46.280,1.66783,1.66797,1.69,1.84
2014.08.14 04:50:58.611,1.66783,1.66792,1.00,1.69
2014.08.14 04:50:58.712,1.66781,1.66791,1.00,1.28
2014.08.14 04:50:58.965,1.66777,1.66791,1.57,2.03
2014.08.14 04:50:59.824,1.66777,1.66791,1.57,1.47
2014.08.14 04:51:00.830,1.66777,1.66791,1.19,1.37
2014.08.14 04:51:01.937,1.66777,1.6679,1.19,1.02
2014.08.14 04:51:02.846,1.66777,1.66792,1.69,2.52
2014.08.14 04:51:10.065,1.6678,1.66793,1.19,2.82
2014.08.14 04:51:10.217,1.6678,1.66794,1.19,6.27
2014.08.14 04:51:11.971,1.6678,1.66794,1.57,3.64
2014.08.14 04:51:13.813,1.6678,1.6679,1.57,1.50
2014.08.14 04:51:14.016,1.66777,1.66787,1.00,2.00
2014.08.14 04:51:14.168,1.66777,1.66791,1.50,2.14
2014.08.14 04:51:14.370,1.6678,1.66792,1.19,1.95
2014.08.14 04:51:14.875,1.6678,1.66794,1.69,1.39
2014.08.14 04:51:15.662,1.66779,1.66794,4.69,2.14
2014.08.14 04:51:17.673,1.6678,1.66794,1.69,2.14
2014.08.14 04:51:24.704,1.66781,1.66794,1.32,2.14
2014.08.14 04:51:25.671,1.6678,1.66794,1.69,2.14
2014.08.14 04:51:27.720,1.66779,1.66794,1.69,2.89
2014.08.14 04:51:34.816,1.66778,1.66793,2.59,1.77
2014.08.14 04:51:35.785,1.66779,1.66793,1.29,1.29
2014.08.14 04:51:37.999,1.6678,1.66793,1.19,1.02
2014.08.14 04:51:41.456,1.66782,1.66793,1.63,1.02
2014.08.14 04:51:41.759,1.6679,1.66799,1.48,1.00
2014.08.14 04:51:42.264,1.66789,1.668,1.65,1.25
2014.08.14 04:51:42.770,1.66789,1.66803,1.37,2.82
2014.08.14 04:51:43.327,1.6679,1.66803,1.29,1.57
2014.08.14 04:51:43.892,1.6679,1.66803,1.39,1.32
2014.08.14 04:51:49.640,1.6679,1.66803,1.77,1.69
2014.08.14 04:51:49.945,1.66791,1.66804,1.69,2.52
2014.08.14 04:51:50.300,1.66793,1.66805,1.32,1.19
2014.08.14 04:51:50.402,1.66795,1.66805,1.00,1.19
2014.08.14 04:51:50.453,1.66795,1.66807,1.25,4.69
2014.08.14 04:51:50.504,1.66798,1.66807,1.00,4.69
2014.08.14 04:51:50.655,1.66799,1.66811,2.52,1.00
2014.08.14 04:51:50.756,1.668,1.66813,2.07,1.39
2014.08.14 04:51:50.858,1.66802,1.66813,1.19,1.20
2014.08.14 04:51:51.363,1.66802,1.66814,1.19,1.02
2014.08.14 04:51:51.868,1.66802,1.66815,1.69,2.14
2014.08.14 04:51:53.628,1.66802,1.66813,1.50,1.19
2014.08.14 04:51:55.532,1.66802,1.66813,1.69,1.25
2014.08.14 04:51:56.361,1.66802,1.66813,1.63,1.25
2014.08.14 04:51:57.234,1.66802,1.66813,1.69,1.25
2014.08.14 04:51:59.085,1.66802,1.66811,1.88,1.19
2014.08.14 04:52:02.208,1.668,1.66811,1.00,1.27
2014.08.14 04:52:05.725,1.66803,1.6681,1.00,1.02
2014.08.14 04:52:06.695,1.66798,1.66811,1.69,1.37
2014.08.14 04:52:06.796,1.66798,1.66809,1.50,1.19
2014.08.14 04:52:08.188,1.66798,1.66808,1.00,1.19
2014.08.14 04:52:08.239,1.66796,1.66808,1.77,1.19
2014.08.14 04:52:08.895,1.66795,1.66806,1.65,1.19
2014.08.14 04:52:09.350,1.66794,1.66804,1.00,1.25
2014.08.14 04:52:12.206,1.66794,1.66805,1.32,1.25
2014.08.14 04:52:15.227,1.66794,1.66806,1.32,1.02
2014.08.14 04:52:17.217,1.66794,1.66806,1.25,1.29
2014.08.14 04:52:18.333,1.66794,1.66804,1.13,1.25
2014.08.14 04:52:22.650,1.66795,1.66805,1.00,1.27
2014.08.14 04:52:23.155,1.66795,1.66806,1.50,1.19
2014.08.14 04:52:24.627,1.66795,1.66807,2.07,1.02
2014.08.14 04:52:26.720,1.66797,1.66808,1.00,1.19
2014.08.14 04:52:40.270,1.66796,1.66808,1.32,1.19
2014.08.14 04:52:51.675,1.66796,1.66807,1.88,1.19
2014.08.14 04:52:58.593,1.66796,1.66809,2.07,1.39
2014.08.14 04:52:59.696,1.66796,1.66807,1.13,1.19
2014.08.14 04:53:01.610,1.66795,1.66805,1.48,1.19
2014.08.14 04:53:01.711,1.66794,1.66803,1.00,1.25
2014.08.14 04:53:01.812,1.66792,1.66803,1.32,1.25
2014.08.14 04:53:02.721,1.66791,1.66803,1.39,1.19
2014.08.14 04:53:07.040,1.66791,1.66801,1.13,1.29
2014.08.14 04:53:07.192,1.66785,1.66798,2.44,1.84
2014.08.14 04:53:07.697,1.66788,1.66798,1.13,1.25
2014.08.14 04:53:08.220,1.66788,1.66799,1.50,1.19
2014.08.14 04:53:09.857,1.66788,1.66799,3.75,1.19
2014.08.14 04:53:10.316,1.66788,1.668,4.32,1.25
2014.08.14 04:53:11.307,1.66791,1.66802,1.13,1.19
2014.08.14 04:53:11.811,1.66791,1.66802,1.38,1.19
2014.08.14 04:53:12.356,1.66791,1.66802,1.63,1.25
2014.08.14 04:53:13.148,1.6679,1.66801,1.50,1.19
2014.08.14 04:53:13.351,1.66786,1.66797,1.33,1.25
2014.08.14 04:53:13.452,1.66784,1.66796,4.02,1.19
2014.08.14 04:53:13.553,1.66784,1.66797,4.77,1.02
2014.08.14 04:53:13.806,1.66784,1.66794,2.52,1.00
2014.08.14 04:53:14.109,1.66785,1.66795,2.00,1.00
2014.08.14 04:53:15.113,1.66786,1.66795,1.69,1.00
2014.08.14 04:53:15.466,1.66787,1.668,1.69,1.37
2014.08.14 04:53:16.152,1.66787,1.668,3.94,1.02
2014.08.14 04:53:17.161,1.66789,1.668,1.19,1.10
2014.08.14 04:53:17.263,1.6679,1.66803,2.82,1.09
2014.08.14 04:53:17.465,1.66792,1.66803,2.44,1.00
2014.08.14 04:53:17.515,1.66792,1.66807,2.52,4.77
2014.08.14 04:53:30.347,1.66794,1.66806,1.19,1.02
2014.08.14 04:53:38.701,1.66794,1.66806,1.69,1.00
2014.08.14 04:53:39.206,1.66794,1.66808,1.69,1.47
2014.08.14 04:53:40.713,1.66794,1.66808,1.19,1.47
2014.08.14 04:53:41.379,1.66795,1.66809,1.19,2.89
2014.08.14 04:53:41.884,1.66796,1.6681,2.52,1.29
2014.08.14 04:53:42.397,1.66798,1.6681,1.00,1.29
2014.08.14 04:53:43.424,1.66798,1.66811,1.25,2.97
2014.08.14 04:53:44.244,1.66799,1.66811,1.00,1.47
2014.08.14 04:53:51.901,1.66799,1.66811,1.69,1.47
2014.08.14 04:53:52.456,1.66799,1.66813,1.69,2.22
2014.08.14 04:53:52.984,1.66799,1.66813,2.44,1.74
2014.08.14 04:53:55.127,1.66801,1.66814,1.19,4.77
2014.08.14 04:53:55.379,1.66802,1.66814,1.19,1.02
2014.08.14 04:53:55.480,1.66805,1.66816,1.00,1.77
2014.08.14 04:53:55.985,1.66804,1.66816,1.00,1.77
2014.08.14 04:53:56.506,1.66804,1.66816,1.19,1.30
2014.08.14 04:54:01.728,1.66804,1.66818,1.69,2.22
2014.08.14 04:54:03.193,1.66806,1.66818,1.00,2.22
2014.08.14 04:54:03.556,1.66806,1.66816,1.00,1.94
2014.08.14 04:54:03.860,1.66803,1.66815,1.69,1.02
2014.08.14 04:54:04.163,1.66805,1.66815,1.00,1.02
2014.08.14 04:54:04.673,1.66805,1.66816,1.00,1.47
2014.08.14 04:54:05.179,1.66805,1.66817,1.25,3.27
2014.08.14 04:54:06.647,1.66808,1.66818,1.69,2.25
2014.08.14 04:54:06.750,1.6681,1.6682,1.08,1.00
2014.08.14 04:54:06.801,1.6681,1.66823,1.08,1.69
2014.08.14 04:54:07.104,1.66814,1.66826,1.00,4.47
2014.08.14 04:54:07.912,1.66813,1.66825,1.25,2.04
2014.08.14 04:54:08.438,1.66816,1.66825,1.00,2.04
2014.08.14 04:54:08.777,1.66813,1.66825,1.69,2.04
2014.08.14 04:54:20.789,1.66813,1.66824,1.50,1.69
2014.08.14 04:54:21.445,1.66817,1.66824,1.00,1.69
2014.08.14 04:54:21.963,1.66814,1.66825,1.00,1.02
2014.08.14 04:54:22.631,1.66813,1.66825,1.69,1.02
2014.08.14 04:54:23.137,1.66813,1.66825,1.69,1.02
2014.08.14 04:54:26.372,1.66815,1.66825,1.00,1.02
2014.08.14 04:54:26.423,1.66815,1.66827,1.00,2.52
2014.08.14 04:54:27.084,1.66815,1.66829,1.29,4.39
2014.08.14 04:54:27.388,1.66817,1.66829,1.19,3.27
2014.08.14 04:54:27.648,1.66817,1.66829,1.19,1.77
2014.08.14 04:54:28.158,1.66819,1.66829,1.25,1.10
2014.08.14 04:54:28.209,1.66819,1.66829,1.27,1.10
2014.08.14 04:54:28.513,1.66826,1.66834,1.69,1.00
2014.08.14 04:54:28.564,1.66826,1.66836,1.69,1.00
2014.08.14 04:54:28.665,1.66824,1.66836,2.59,1.00
2014.08.14 04:54:28.716,1.66824,1.66836,3.34,1.00
2014.08.14 04:54:28.818,1.66824,1.66837,2.59,1.32
2014.08.14 04:54:28.869,1.66824,1.66837,1.84,3.19
2014.08.14 04:54:29.021,1.66823,1.66834,1.10,1.32
2014.08.14 04:54:29.527,1.66824,1.66834,1.00,1.32
2014.08.14 04:54:29.881,1.66826,1.66836,1.00,1.19
2014.08.14 04:54:30.425,1.66824,1.66836,2.44,1.32
2014.08.14 04:54:30.892,1.66828,1.66836,1.00,1.25
2014.08.14 04:54:30.993,1.66826,1.66836,1.50,1.25
2014.08.14 04:54:31.533,1.66826,1.66838,1.69,1.32
2014.08.14 04:54:31.635,1.66826,1.66836,1.00,1.19
2014.08.14 04:54:32.141,1.66826,1.66836,1.00,1.69
2014.08.14 04:54:33.135,1.66824,1.66834,1.58,1.19
2014.08.14 04:54:33.337,1.66824,1.66836,1.25,1.19
2014.08.14 04:54:33.438,1.66826,1.66836,1.00,1.19
2014.08.14 04:54:33.943,1.66826,1.66837,1.13,1.77
2014.08.14 04:54:35.803,1.66825,1.66837,1.77,1.19
2014.08.14 04:54:36.107,1.66824,1.66834,1.50,1.19
2014.08.14 04:54:36.614,1.66823,1.66834,1.00,1.19
2014.08.14 04:54:38.024,1.66823,1.66833,1.00,1.19
2014.08.14 04:54:38.936,1.66822,1.66833,1.00,1.19
2014.08.14 04:54:39.482,1.6682,1.66833,2.59,1.69
2014.08.14 04:54:42.071,1.6682,1.66831,1.65,1.19
2014.08.14 04:54:42.375,1.66825,1.66833,1.00,1.25
2014.08.14 04:54:42.729,1.66825,1.66836,1.00,1.69
2014.08.14 04:54:43.252,1.66824,1.66836,3.19,1.69
2014.08.14 04:54:43.786,1.66825,1.66836,1.69,1.25
2014.08.14 04:54:44.059,1.66823,1.66835,1.10,2.44
2014.08.14 04:54:44.313,1.66821,1.66834,1.00,2.14
2014.08.14 04:54:54.280,1.66821,1.66832,1.00,1.19
2014.08.14 04:55:02.290,1.66821,1.66835,1.25,2.52
2014.08.14 04:55:02.795,1.6682,1.66833,1.19,1.29
2014.08.14 04:55:04.416,1.66821,1.66834,1.29,1.32
2014.08.14 04:55:05.418,1.66821,1.66833,1.02,1.19
2014.08.14 04:55:09.430,1.66821,1.66834,1.19,1.09
2014.08.14 04:55:14.715,1.66822,1.66833,1.19,1.50
2014.08.14 04:55:15.019,1.66816,1.66828,1.00,1.94
2014.08.14 04:55:15.559,1.66814,1.66827,1.37,1.94
2014.08.14 04:55:16.930,1.66814,1.66825,1.25,1.32
2014.08.14 04:55:17.436,1.66814,1.66825,1.25,1.69
2014.08.14 04:55:18.564,1.66814,1.66825,1.25,1.32
2014.08.14 04:55:20.876,1.66814,1.66824,1.00,1.19
2014.08.14 04:55:21.496,1.66812,1.66824,1.39,1.19
2014.08.14 04:55:22.859,1.66812,1.66825,1.77,1.63
2014.08.14 04:55:26.303,1.66812,1.66818,1.29,1.00
2014.08.14 04:55:26.505,1.66807,1.66814,1.10,3.75
2014.08.14 04:55:26.556,1.66805,1.66814,1.00,5.44
2014.08.14 04:55:26.607,1.66802,1.66814,1.58,5.44
2014.08.14 04:55:26.658,1.66802,1.66812,1.58,1.32
2014.08.14 04:55:26.810,1.668,1.66812,1.10,1.32
2014.08.14 04:55:26.860,1.668,1.6681,1.10,1.19
2014.08.14 04:55:27.382,1.668,1.66811,1.10,1.32
2014.08.14 04:55:27.484,1.66797,1.66809,2.00,2.82
2014.08.14 04:55:27.535,1.66797,1.66809,1.02,2.82
2014.08.14 04:55:28.564,1.66794,1.66807,1.19,1.02
2014.08.14 04:55:28.615,1.66794,1.66807,1.19,2.52
2014.08.14 04:55:29.590,1.66793,1.66807,1.77,3.27
2014.08.14 04:55:32.677,1.66795,1.66807,1.19,2.52
2014.08.14 04:55:33.371,1.66795,1.66807,1.69,2.33
2014.08.14 04:55:33.422,1.668,1.66808,1.00,1.02
2014.08.14 04:55:33.625,1.66798,1.66813,1.69,4.77
2014.08.14 04:55:33.676,1.668,1.66813,1.19,4.77
2014.08.14 04:55:34.190,1.66801,1.66813,1.69,3.27
2014.08.14 04:55:34.708,1.66801,1.66813,1.69,1.39
2014.08.14 04:55:35.686,1.66801,1.66813,1.69,1.67
2014.08.14 04:55:42.206,1.66801,1.66813,1.69,1.39
2014.08.14 04:55:43.685,1.668,1.66813,2.44,1.39
2014.08.14 04:55:49.604,1.668,1.66813,1.69,1.39
2014.08.14 04:55:50.215,1.668,1.66813,1.19,2.14
2014.08.14 04:55:54.263,1.668,1.66812,1.19,1.00
2014.08.14 04:56:18.716,1.668,1.66811,1.69,1.00
2014.08.14 04:56:21.591,1.668,1.66813,1.69,4.84
2014.08.14 04:56:22.096,1.668,1.66811,1.19,1.88
2014.08.14 04:56:22.297,1.66799,1.66809,1.00,1.25
2014.08.14 04:56:22.449,1.66799,1.66806,1.00,1.00
2014.08.14 04:56:22.551,1.66799,1.66808,1.00,1.00
2014.08.14 04:56:25.123,1.66799,1.66808,1.19,1.00
2014.08.14 04:56:25.629,1.66799,1.66808,1.00,1.00
2014.08.14 04:56:27.222,1.66797,1.66808,1.25,1.32
2014.08.14 04:56:27.273,1.66797,1.66806,1.25,1.08
2014.08.14 04:56:27.475,1.66793,1.66804,1.25,1.09
2014.08.14 04:56:28.624,1.66791,1.66804,2.44,3.34
2014.08.14 04:56:29.331,1.66791,1.66804,1.69,3.34
2014.08.14 04:56:31.321,1.66791,1.66804,2.44,3.34
2014.08.14 04:56:31.871,1.66791,1.66804,2.44,1.84
2014.08.14 04:56:32.380,1.66791,1.66803,1.69,1.02
2014.08.14 04:56:33.633,1.66792,1.66804,1.19,1.93
2014.08.14 04:56:34.139,1.66792,1.66806,2.44,3.34
2014.08.14 04:56:34.321,1.66792,1.66806,2.82,1.37
2014.08.14 04:56:35.650,1.66794,1.66807,1.19,2.89
2014.08.14 04:56:36.632,1.66794,1.66807,1.19,1.39
2014.08.14 04:56:39.423,1.66795,1.66807,1.19,1.20
2014.08.14 04:56:40.821,1.66794,1.66808,3.19,1.37
2014.08.14 04:56:42.834,1.66794,1.66808,2.44,1.84
2014.08.14 04:56:47.534,1.66794,1.66805,1.88,1.19
2014.08.14 04:56:47.787,1.66792,1.66805,1.69,1.77
2014.08.14 04:56:49.855,1.66792,1.66805,1.69,2.52
2014.08.14 04:56:50.359,1.66793,1.66806,1.19,3.34
2014.08.14 04:56:51.178,1.66794,1.66806,2.07,1.18
2014.08.14 04:56:51.279,1.66794,1.66808,2.07,4.09
2014.08.14 04:56:53.177,1.66795,1.66809,1.02,3.19
2014.08.14 04:56:53.228,1.66799,1.66809,1.00,2.44
2014.08.14 04:56:53.381,1.66799,1.66809,1.00,1.25
2014.08.14 04:56:53.634,1.66799,1.66811,1.19,1.32
2014.08.14 04:56:55.392,1.66799,1.66811,1.25,1.32
2014.08.14 04:56:56.368,1.66799,1.66811,1.00,2.82
2014.08.14 04:56:59.410,1.66799,1.66809,1.00,1.19
2014.08.14 04:56:59.945,1.66799,1.6681,1.00,1.69
2014.08.14 04:57:00.506,1.66799,1.6681,1.00,1.19
2014.08.14 04:57:03.298,1.66799,1.66807,1.00,1.19
2014.08.14 04:57:03.400,1.66797,1.66807,1.00,2.59
2014.08.14 04:57:03.502,1.66797,1.66805,1.00,3.34
2014.08.14 04:57:03.553,1.66795,1.66805,1.00,3.34
2014.08.14 04:57:04.091,1.66792,1.66805,3.27,2.44
2014.08.14 04:57:04.595,1.66794,1.66807,1.19,1.84
2014.08.14 04:57:05.104,1.66794,1.66808,2.22,1.69
2014.08.14 04:57:05.618,1.66794,1.66808,2.97,1.19
2014.08.14 04:57:11.603,1.66794,1.66804,2.03,1.19
2014.08.14 04:57:11.704,1.66794,1.66805,1.00,1.09
2014.08.14 04:57:12.210,1.66793,1.66808,2.44,5.52
2014.08.14 04:57:13.238,1.66794,1.66808,2.07,4.02
2014.08.14 04:57:15.022,1.66794,1.66808,2.14,1.29
2014.08.14 04:57:23.550,1.66795,1.66808,1.19,1.02
2014.08.14 04:57:24.453,1.66796,1.66808,1.19,1.10
2014.08.14 04:57:26.425,1.66795,1.66808,2.59,1.25
2014.08.14 04:57:29.546,1.66795,1.66809,1.84,2.07
2014.08.14 04:57:32.676,1.66794,1.66808,1.39,1.29
2014.08.14 04:57:33.288,1.66798,1.66808,1.13,1.29
2014.08.14 04:57:33.339,1.66798,1.66809,1.13,1.84
2014.08.14 04:57:33.960,1.66798,1.66809,1.32,1.00
2014.08.14 04:57:34.483,1.66798,1.6681,1.47,1.69
2014.08.14 04:57:35.165,1.66798,1.6681,2.59,1.00
2014.08.14 04:57:35.670,1.66798,1.66811,3.34,1.32
2014.08.14 04:57:38.152,1.66799,1.66812,1.19,2.22
2014.08.14 04:57:44.804,1.66798,1.66812,3.19,2.22
2014.08.14 04:57:45.773,1.66799,1.66812,1.19,2.22
2014.08.14 04:58:04.220,1.668,1.66813,1.77,1.69
2014.08.14 04:58:05.344,1.66801,1.66813,1.32,1.25
2014.08.14 04:58:06.618,1.66801,1.66812,1.13,1.19
2014.08.14 04:58:07.644,1.66801,1.66812,1.32,1.25
2014.08.14 04:58:08.919,1.66801,1.66811,1.32,1.00
2014.08.14 04:58:12.329,1.668,1.6681,1.77,1.00
2014.08.14 04:58:12.834,1.668,1.66809,1.77,1.00
2014.08.14 04:58:13.087,1.668,1.66811,1.77,1.25
2014.08.14 04:58:13.623,1.668,1.66811,1.58,1.19
2014.08.14 04:58:14.671,1.66801,1.66811,1.13,1.25
2014.08.14 04:58:33.692,1.66799,1.66812,1.19,1.67
2014.08.14 04:58:48.025,1.66801,1.66813,1.00,1.74
2014.08.14 04:58:48.126,1.66801,1.66814,2.44,1.77
2014.08.14 04:58:48.430,1.66803,1.66817,3.19,2.14
2014.08.14 04:58:48.935,1.66805,1.66818,1.25,1.74
2014.08.14 04:58:49.188,1.66809,1.66818,1.00,1.37
2014.08.14 04:58:49.290,1.66809,1.6682,1.00,1.77
2014.08.14 04:58:49.341,1.66809,1.6682,1.69,1.58
2014.08.14 04:58:49.846,1.66811,1.66823,1.19,2.07
2014.08.14 04:58:49.999,1.66811,1.66824,1.19,1.77
2014.08.14 04:58:50.504,1.66811,1.66824,1.69,1.77
2014.08.14 04:58:51.414,1.66813,1.66824,1.19,1.58
2014.08.14 04:58:52.457,1.66816,1.66824,1.00,1.20
2014.08.14 04:58:52.962,1.66815,1.66826,1.00,1.02
2014.08.14 04:58:55.346,1.66815,1.66826,1.25,1.02
2014.08.14 04:58:55.836,1.66815,1.66824,1.00,1.32
2014.08.14 04:58:56.408,1.66814,1.66824,1.00,2.04
2014.08.14 04:58:59.821,1.66813,1.66824,1.25,1.02
2014.08.14 04:59:01.095,1.66813,1.66824,1.69,1.02
2014.08.14 04:59:02.873,1.66813,1.66826,1.19,2.52
2014.08.14 04:59:14.048,1.66815,1.66826,1.00,3.27
2014.08.14 04:59:14.199,1.66817,1.66828,1.00,1.74
2014.08.14 04:59:14.727,1.66818,1.66829,1.00,1.39
2014.08.14 04:59:14.878,1.66818,1.66829,1.69,1.20
2014.08.14 04:59:15.181,1.6682,1.66832,2.44,2.70
2014.08.14 04:59:15.998,1.66821,1.66832,1.25,3.45
2014.08.14 04:59:16.877,1.66819,1.66831,1.19,1.09
2014.08.14 04:59:17.181,1.66818,1.6683,2.44,2.33
2014.08.14 04:59:17.910,1.66818,1.6683,1.69,2.52
2014.08.14 04:59:27.505,1.66817,1.66828,1.25,1.02
2014.08.14 04:59:28.015,1.66816,1.66828,1.25,1.77
2014.08.14 04:59:28.599,1.66816,1.66828,1.25,3.27
2014.08.14 04:59:33.667,1.66814,1.66826,1.69,1.77
2014.08.14 04:59:34.182,1.66814,1.66825,1.19,2.03
2014.08.14 04:59:34.738,1.66814,1.66824,1.00,1.77
2014.08.14 04:59:35.243,1.66814,1.66824,1.00,2.14
2014.08.14 04:59:36.076,1.66812,1.66824,1.19,2.14
2014.08.14 04:59:36.191,1.6681,1.66823,1.77,2.52
2014.08.14 04:59:36.343,1.6681,1.66821,1.00,1.37
2014.08.14 04:59:36.545,1.66808,1.66821,1.25,2.97
2014.08.14 04:59:37.317,1.66808,1.66819,1.00,1.19
2014.08.14 04:59:39.881,1.66806,1.66819,1.77,1.19
2014.08.14 04:59:40.402,1.66806,1.66817,1.25,1.25
2014.08.14 04:59:40.907,1.66806,1.66817,1.25,1.09
2014.08.14 04:59:42.084,1.66806,1.66815,1.00,1.00
2014.08.14 04:59:42.438,1.66804,1.66813,1.32,1.00
2014.08.14 04:59:42.943,1.66804,1.66814,1.19,1.10
2014.08.14 04:59:43.448,1.66804,1.66814,1.25,1.10
2014.08.14 04:59:44.591,1.66802,1.66814,1.19,1.39
2014.08.14 04:59:45.095,1.66802,1.66813,1.19,1.00
2014.08.14 04:59:45.616,1.66802,1.66815,1.19,4.47
2014.08.14 04:59:46.121,1.66802,1.66814,1.25,2.14
2014.08.14 04:59:46.625,1.66802,1.66814,1.00,2.89
2014.08.14 04:59:49.028,1.66801,1.66812,1.32,1.69
2014.08.14 04:59:54.041,1.668,1.66812,1.02,1.19
2014.08.14 04:59:54.351,1.66802,1.66812,1.02,1.50
2014.08.14 04:59:54.655,1.66806,1.66816,1.00,3.94
